draw,learning_rate,margin,optimizer,relative_margin,relative_shortlist_ndcg,removed_fraction,run_id,shortlist_ndcg,step,task
0,0.0001,0.24090648947748355,muon,0.9982796313297593,1.0,0.1,verified-v3-muon-1e-4,1.0,3907,ArguAna
0,0.0001,0.010536501517739796,muon,1.1664125179731402,0.9519728960765582,0.1,verified-v3-muon-1e-4,0.7336427357978553,3907,ClimateFEVER
0,0.0001,0.3017834008420945,muon,0.9995938077243841,1.0,0.1,verified-v3-muon-1e-4,1.0,3907,DBPedia
0,0.0001,0.41455254737148944,muon,0.9958463845401552,1.0,0.1,verified-v3-muon-1e-4,1.0,3907,FEVER
0,0.0001,0.22731117969546044,muon,1.011788431418474,1.0236115350940154,0.1,verified-v3-muon-1e-4,1.0,3907,FiQA2018
0,0.0001,0.2973676546338719,muon,0.9778875134437442,1.0,0.1,verified-v3-muon-1e-4,1.0,3907,HotpotQA
0,0.0001,0.43436793190762624,muon,0.9946874163760752,1.0,0.1,verified-v3-muon-1e-4,1.0,3907,MSMARCO
0,0.0001,0.005060455072056486,muon,2.685129789410556,0.9694737725165664,0.1,verified-v3-muon-1e-4,0.6971073569752838,3907,NFCorpus
0,0.0001,0.4286731150025042,muon,1.0046883465964556,1.0,0.1,verified-v3-muon-1e-4,1.0,3907,NQ
0,0.0001,0.479475047663811,muon,0.9841800930643576,1.0,0.1,verified-v3-muon-1e-4,1.0,3907,QuoraRetrieval
0,0.0001,0.09985316590716234,muon,0.9963503141291614,0.9977734823197099,0.1,verified-v3-muon-1e-4,0.8583298984711626,3907,SCIDOCS
0,0.0001,0.26787867856292547,muon,1.0031366822692558,1.0,0.1,verified-v3-muon-1e-4,1.0,3907,SciFact
0,0.0001,0.07660982726653742,muon,0.9780407478673477,0.9746818938298829,0.1,verified-v3-muon-1e-4,0.8880158835937564,3907,TRECCOVID
0,0.0001,0.30222767923995153,muon,0.9926727901705802,1.0,0.1,verified-v3-muon-1e-4,1.0,3907,Touche2020
1,0.0001,0.24175743979155884,muon,1.0018058392275104,1.0,0.1,verified-v3-muon-1e-4,1.0,3907,ArguAna
1,0.0001,0.01324015200724889,muon,1.4657122209986748,1.0024853547851342,0.1,verified-v3-muon-1e-4,0.7725704180370938,3907,ClimateFEVER
1,0.0001,0.2995133302858002,muon,0.9920746782267463,1.0,0.1,verified-v3-muon-1e-4,1.0,3907,DBPedia
1,0.0001,0.41514435334221944,muon,0.9972680326280455,1.0,0.1,verified-v3-muon-1e-4,1.0,3907,FEVER
1,0.0001,0.22695457730892665,muon,1.0102011528262176,1.0,0.1,verified-v3-muon-1e-4,0.9769331095982161,3907,FiQA2018
1,0.0001,0.3003776154606992,muon,0.9877857087001626,1.0,0.1,verified-v3-muon-1e-4,1.0,3907,HotpotQA
1,0.0001,0.4335892704793689,muon,0.9929043088595891,1.0,0.1,verified-v3-muon-1e-4,1.0,3907,MSMARCO
1,0.0001,0.003560849252543014,muon,1.889423434742201,0.9657042417841035,0.1,verified-v3-muon-1e-4,0.6943968477480738,3907,NFCorpus
1,0.0001,0.4262947584153098,muon,0.9991141524994193,1.0,0.1,verified-v3-muon-1e-4,1.0,3907,NQ
1,0.0001,0.48481089895088064,muon,0.995132568363902,1.0,0.1,verified-v3-muon-1e-4,1.0,3907,QuoraRetrieval
1,0.0001,0.10041309150688989,muon,1.0019373382571313,0.9977734823197099,0.1,verified-v3-muon-1e-4,0.8583298984711626,3907,SCIDOCS
1,0.0001,0.27188531115948267,muon,1.0181404897822084,1.0,0.1,verified-v3-muon-1e-4,1.0,3907,SciFact
1,0.0001,0.07417171302205963,muon,0.9469145181898054,1.0,0.1,verified-v3-muon-1e-4,0.9110827739955403,3907,TRECCOVID
1,0.0001,0.3061946430675291,muon,1.0057023613241234,1.0,0.1,verified-v3-muon-1e-4,1.0,3907,Touche2020
2,0.0001,0.24117254952133282,muon,0.9993821434416642,1.0,0.1,verified-v3-muon-1e-4,1.0,3907,ArguAna
2,0.0001,0.00904670382383571,muon,1.0014888308753374,1.0006302889813201,0.1,verified-v3-muon-1e-4,0.7711408021761758,3907,ClimateFEVER
2,0.0001,0.30079613609481315,muon,0.9963237016641658,1.0,0.1,verified-v3-muon-1e-4,1.0,3907,DBPedia
2,0.0001,0.4140661316630688,muon,0.9946779070390868,1.0,0.1,verified-v3-muon-1e-4,1.0,3907,FEVER
2,0.0001,0.22385341976581302,muon,0.996397540833476,0.9763884649059846,0.1,verified-v3-muon-1e-4,0.9538662191964322,3907,FiQA2018
2,0.0001,0.3058010635719949,muon,1.0056206080417738,1.0,0.1,verified-v3-muon-1e-4,1.0,3907,HotpotQA
2,0.0001,0.43860608565845205,muon,1.0043926406685306,1.0,0.1,verified-v3-muon-1e-4,1.0,3907,MSMARCO
2,0.0001,-0.002004917608523383,muon,-1.0638300151476603,0.9619025763233763,0.1,verified-v3-muon-1e-4,0.691663231804496,3907,NFCorpus
2,0.0001,0.4292257945045223,muon,1.0059836707855574,1.0,0.1,verified-v3-muon-1e-4,1.0,3907,NQ
2,0.0001,0.47998421888753173,muon,0.9852252281236037,1.0,0.1,verified-v3-muon-1e-4,1.0,3907,QuoraRetrieval
2,0.0001,0.10240617697605144,muon,1.0218246529481014,1.0,0.1,verified-v3-muon-1e-4,0.86024524972907,3907,SCIDOCS
2,0.0001,0.26569571997810104,muon,0.9949620644009749,1.0,0.1,verified-v3-muon-1e-4,1.0,3907,SciFact
2,0.0001,0.07847012699752072,muon,1.0017902980891253,1.025318106170117,0.1,verified-v3-muon-1e-4,0.9341496643973242,3907,TRECCOVID
2,0.0001,0.3041552319681766,muon,0.9990038752311545,1.0,0.1,verified-v3-muon-1e-4,1.0,3907,Touche2020
3,0.0001,0.2389715671548607,muon,0.9902616092869774,1.0,0.1,verified-v3-muon-1e-4,1.0,3907,ArguAna
3,0.0001,0.003972662719547677,muon,0.4397819824696068,0.9663583317086676,0.1,verified-v3-muon-1e-4,0.7447289446555663,3907,ClimateFEVER
3,0.0001,0.30270547184637997,muon,1.002647973273563,1.0,0.1,verified-v3-muon-1e-4,1.0,3907,DBPedia
3,0.0001,0.4110779368904173,muon,0.9874996060504302,1.0,0.1,verified-v3-muon-1e-4,1.0,3907,FEVER
3,0.0001,0.22172411092718808,muon,0.9869197401695395,1.0236115350940154,0.1,verified-v3-muon-1e-4,1.0,3907,FiQA2018
3,0.0001,0.303767335223745,muon,0.9989327335318889,1.0,0.1,verified-v3-muon-1e-4,1.0,3907,HotpotQA
3,0.0001,0.4366012708256821,muon,0.9998016846153005,1.0,0.1,verified-v3-muon-1e-4,1.0,3907,MSMARCO
3,0.0001,0.00360745812888668,muon,1.9141545864942255,1.0050944091231868,0.1,verified-v3-muon-1e-4,0.722720641772211,3907,NFCorpus
3,0.0001,0.4225912651337816,muon,0.9904342133769765,1.0,0.1,verified-v3-muon-1e-4,1.0,3907,NQ
3,0.0001,0.4837867867198963,muon,0.9930304550720644,1.0,0.1,verified-v3-muon-1e-4,1.0,3907,QuoraRetrieval
3,0.0001,0.09507323971641773,muon,0.9486554722240939,1.0,0.1,verified-v3-muon-1e-4,0.86024524972907,3907,SCIDOCS
3,0.0001,0.2676473348994461,muon,1.0022703598120462,1.0,0.1,verified-v3-muon-1e-4,1.0,3907,SciFact
3,0.0001,0.07488889049057965,muon,0.9560703773359767,1.0,0.1,verified-v3-muon-1e-4,0.9110827739955403,3907,TRECCOVID
3,0.0001,0.30470107691960246,muon,1.000796713770282,1.0,0.1,verified-v3-muon-1e-4,1.0,3907,Touche2020
4,0.0001,0.2417413870488355,muon,1.0017393191178927,1.0,0.1,verified-v3-muon-1e-4,1.0,3907,ArguAna
4,0.0001,0.006679752745831132,muon,0.7394624493324444,0.9981449341961861,0.1,verified-v3-muon-1e-4,0.7692254509182683,3907,ClimateFEVER
4,0.0001,0.30643021815899985,muon,1.0149854091267272,1.0,0.1,verified-v3-muon-1e-4,1.0,3907,DBPedia
4,0.0001,0.4101857140311894,muon,0.9853562905306008,1.0,0.1,verified-v3-muon-1e-4,1.0,3907,FEVER
4,0.0001,0.2238136900088844,muon,0.9962206990762985,1.0,0.1,verified-v3-muon-1e-4,0.9769331095982161,3907,FiQA2018
4,0.0001,0.30194124452404736,muon,0.9929276712266133,1.0,0.1,verified-v3-muon-1e-4,1.0,3907,HotpotQA
4,0.0001,0.4362273826733084,muon,0.9989454937849486,1.0,0.1,verified-v3-muon-1e-4,1.0,3907,MSMARCO
4,0.0001,0.0024598201674411752,muon,1.305206016878048,0.9710268869512478,0.1,verified-v3-muon-1e-4,0.6982241355095091,3907,NFCorpus
4,0.0001,0.42469930587934357,muon,0.9953748637165813,1.0,0.1,verified-v3-muon-1e-4,1.0,3907,NQ
4,0.0001,0.48904204240320226,muon,1.0038174982199273,1.0,0.1,verified-v3-muon-1e-4,1.0,3907,QuoraRetrieval
4,0.0001,0.0994911749664031,muon,0.992738312604115,0.9945895246886843,0.1,verified-v3-muon-1e-4,0.8555909140437343,3907,SCIDOCS
4,0.0001,0.26272962155184015,muon,0.9838547894563417,1.0,0.1,verified-v3-muon-1e-4,1.0,3907,SciFact
4,0.0001,0.07382061405603166,muon,0.9424322068785588,1.0,0.1,verified-v3-muon-1e-4,0.9110827739955403,3907,TRECCOVID
4,0.0001,0.30569986515943853,muon,1.0040772534988767,1.0,0.1,verified-v3-muon-1e-4,1.0,3907,Touche2020
5,0.0001,0.24841846596134526,muon,1.0294081124725147,1.0,0.1,verified-v3-muon-1e-4,1.0,3907,ArguAna
5,0.0001,0.0038155179731855487,muon,0.4223857339157681,0.9238964251966678,0.1,verified-v3-muon-1e-4,0.7120054612569895,3907,ClimateFEVER
5,0.0001,0.30396334258467705,muon,1.0068144045531195,1.0,0.1,verified-v3-muon-1e-4,1.0,3907,DBPedia
5,0.0001,0.41617065475835746,muon,0.9997334343272748,1.0,0.1,verified-v3-muon-1e-4,1.0,3907,FEVER
5,0.0001,0.21878077762887638,muon,0.9738186221997575,1.0236115350940154,0.1,verified-v3-muon-1e-4,1.0,3907,FiQA2018
5,0.0001,0.30362396179739326,muon,0.9984612529212568,1.0,0.1,verified-v3-muon-1e-4,1.0,3907,HotpotQA
5,0.0001,0.43577738060024795,muon,0.9979150047305412,1.0,0.1,verified-v3-muon-1e-4,1.0,3907,MSMARCO
5,0.0001,0.00044634933758596305,muon,0.23683757404621814,1.0260537941585106,0.1,verified-v3-muon-1e-4,0.7377916441242134,3907,NFCorpus
5,0.0001,0.4268188156422346,muon,1.0003423941838505,1.0,0.1,verified-v3-muon-1e-4,1.0,3907,NQ
5,0.0001,0.4894892261565512,muon,1.004735396555059,1.0,0.1,verified-v3-muon-1e-4,1.0,3907,QuoraRetrieval
5,0.0001,0.09255210050675061,muon,0.923499155739841,0.9977734823197099,0.1,verified-v3-muon-1e-4,0.8583298984711626,3907,SCIDOCS
5,0.0001,0.2670584153890463,muon,1.000065007870804,1.0,0.1,verified-v3-muon-1e-4,1.0,3907,SciFact
5,0.0001,0.07757680690389185,muon,0.9903857109280296,1.025318106170117,0.1,verified-v3-muon-1e-4,0.9341496643973242,3907,TRECCOVID
5,0.0001,0.30924400020948617,muon,1.0157180351695685,1.0,0.1,verified-v3-muon-1e-4,1.0,3907,Touche2020
6,0.0001,0.24374793723609706,muon,1.0100541560719687,1.0,0.1,verified-v3-muon-1e-4,1.0,3907,ArguAna
6,0.0001,0.013108481957106644,muon,1.451136074023373,0.9769767133309619,0.1,verified-v3-muon-1e-4,0.7529120542537824,3907,ClimateFEVER
6,0.0001,0.3027721492180615,muon,1.0028688279914242,1.0,0.1,verified-v3-muon-1e-4,1.0,3907,DBPedia
6,0.0001,0.4215133725213055,muon,1.0125678173303116,1.0,0.1,verified-v3-muon-1e-4,1.0,3907,FEVER
6,0.0001,0.2209200891642308,muon,0.9833409460272596,1.0,0.1,verified-v3-muon-1e-4,0.9769331095982161,3907,FiQA2018
6,0.0001,0.30423769422882496,muon,1.0004794995998725,1.0,0.1,verified-v3-muon-1e-4,1.0,3907,HotpotQA
6,0.0001,0.4337327786938042,muon,0.9932329376660908,1.0,0.1,verified-v3-muon-1e-4,1.0,3907,MSMARCO
6,0.0001,-0.0042647294973926515,muon,-2.2629095712084397,0.990172786779668,0.1,verified-v3-muon-1e-4,0.7119911377788516,3907,NFCorpus
6,0.0001,0.4253043063374282,muon,0.9967928134051678,1.0,0.1,verified-v3-muon-1e-4,1.0,3907,NQ
6,0.0001,0.4893435031957594,muon,1.0044362826849786,1.0,0.1,verified-v3-muon-1e-4,1.0,3907,QuoraRetrieval
6,0.0001,0.09892188236993327,muon,0.9870578231356941,0.9907011369063874,0.1,verified-v3-muon-1e-4,0.8522459469249088,3907,SCIDOCS
6,0.0001,0.2686078028751612,muon,1.0058670650957717,1.0,0.1,verified-v3-muon-1e-4,1.0,3907,SciFact
6,0.0001,0.08423673519805952,muon,1.075409806164644,1.0,0.1,verified-v3-muon-1e-4,0.9110827739955403,3907,TRECCOVID
6,0.0001,0.29905783483175585,muon,0.9822613735160786,1.0,0.1,verified-v3-muon-1e-4,1.0,3907,Touche2020
7,0.0001,0.23655427291636655,muon,0.9802447118324775,1.0,0.1,verified-v3-muon-1e-4,1.0,3907,ArguAna
7,0.0001,0.006081975225506976,muon,0.6732872410344051,1.0087633158184806,0.1,verified-v3-muon-1e-4,0.7774085605164844,3907,ClimateFEVER
7,0.0001,0.3021725547980218,muon,1.0008827980515886,1.0,0.1,verified-v3-muon-1e-4,1.0,3907,DBPedia
7,0.0001,0.41535650808274094,muon,0.9977776749704964,1.0,0.1,verified-v3-muon-1e-4,1.0,3907,FEVER
7,0.0001,0.22687542973717384,muon,1.0098488578023581,1.0,0.1,verified-v3-muon-1e-4,0.9769331095982161,3907,FiQA2018
7,0.0001,0.303244615985355,muon,0.9972137818964538,1.0,0.1,verified-v3-muon-1e-4,1.0,3907,HotpotQA
7,0.0001,0.4373335497197059,muon,1.0014785777458877,1.0,0.1,verified-v3-muon-1e-4,1.0,3907,MSMARCO
7,0.0001,-0.00020522489476624238,muon,-0.10889445131296147,0.996901237131733,0.1,verified-v3-muon-1e-4,0.7168292802582421,3907,NFCorpus
7,0.0001,0.42459622823244325,muon,0.9951332789121909,1.0,0.1,verified-v3-muon-1e-4,1.0,3907,NQ
7,0.0001,0.49216552617214737,muon,1.0102288236087738,1.0,0.1,verified-v3-muon-1e-4,1.0,3907,QuoraRetrieval
7,0.0001,0.09725312771960812,muon,0.9704067314557187,0.9977734823197099,0.1,verified-v3-muon-1e-4,0.8583298984711626,3907,SCIDOCS
7,0.0001,0.2701105337751223,muon,1.0114944054179555,1.0,0.1,verified-v3-muon-1e-4,1.0,3907,SciFact
7,0.0001,0.08032324511526354,muon,1.0254481641153468,1.0,0.1,verified-v3-muon-1e-4,0.9110827739955403,3907,TRECCOVID
7,0.0001,0.30124640783620654,muon,0.9894497848365891,1.0,0.1,verified-v3-muon-1e-4,1.0,3907,Touche2020
8,0.0001,0.24429948542526891,muon,1.0123396873755932,1.0,0.1,verified-v3-muon-1e-4,1.0,3907,ArguAna
8,0.0001,0.01231236749403276,muon,1.3630045558049768,0.978831779134776,0.1,verified-v3-muon-1e-4,0.7543416701147005,3907,ClimateFEVER
8,0.0001,0.3025825896024028,muon,1.0022409517812738,1.0,0.1,verified-v3-muon-1e-4,1.0,3907,DBPedia
8,0.0001,0.4162806115541712,muon,0.9999975747318169,1.0,0.1,verified-v3-muon-1e-4,1.0,3907,FEVER
8,0.0001,0.22337024565062208,muon,0.9942468767932559,0.9763884649059846,0.1,verified-v3-muon-1e-4,0.9538662191964322,3907,FiQA2018
8,0.0001,0.30224454130992434,muon,0.9939250565681425,1.0,0.1,verified-v3-muon-1e-4,1.0,3907,HotpotQA
8,0.0001,0.4357292789627618,muon,0.9978048536581441,1.0,0.1,verified-v3-muon-1e-4,1.0,3907,MSMARCO
8,0.0001,0.0013638094684767597,muon,0.7236514065915706,0.9518884531239233,0.1,verified-v3-muon-1e-4,0.6844625017240169,3907,NFCorpus
8,0.0001,0.4287763373479195,muon,1.0049302705331749,1.0,0.1,verified-v3-muon-1e-4,1.0,3907,NQ
8,0.0001,0.4835535069722878,muon,0.9925516203864433,1.0,0.1,verified-v3-muon-1e-4,1.0,3907,QuoraRetrieval
8,0.0001,0.09519769093256683,muon,0.9498972656832936,1.0,0.1,verified-v3-muon-1e-4,0.86024524972907,3907,SCIDOCS
8,0.0001,0.2649536108889489,muon,0.9921830569280116,1.0,0.1,verified-v3-muon-1e-4,1.0,3907,SciFact
8,0.0001,0.07409766624724956,muon,0.9459691986975627,1.0,0.1,verified-v3-muon-1e-4,0.9110827739955403,3907,TRECCOVID
8,0.0001,0.30190566369619715,muon,0.9916151237480314,1.0,0.1,verified-v3-muon-1e-4,1.0,3907,Touche2020
9,0.0001,0.2390392826320078,muon,0.9905422118631402,1.0,0.1,verified-v3-muon-1e-4,1.0,3907,ArguAna
9,0.0001,0.009721783717900561,muon,1.076221571884626,1.0012861302010372,0.1,verified-v3-muon-1e-4,0.7716462295351534,3907,ClimateFEVER
9,0.0001,0.29946472300357,muon,0.9919136768655316,1.0,0.1,verified-v3-muon-1e-4,1.0,3907,DBPedia
9,0.0001,0.42138152751062397,muon,1.0122510966201401,1.0,0.1,verified-v3-muon-1e-4,1.0,3907,FEVER
9,0.0001,0.21915155525723534,muon,0.9754689964378612,1.0,0.1,verified-v3-muon-1e-4,0.9769331095982161,3907,FiQA2018
9,0.0001,0.3027658399794701,muon,0.995639336691686,1.0,0.1,verified-v3-muon-1e-4,1.0,3907,HotpotQA
9,0.0001,0.4378045073824669,muon,1.002557054369926,1.0,0.1,verified-v3-muon-1e-4,1.0,3907,MSMARCO
9,0.0001,-0.0029593279450623265,muon,-1.5702500088974767,0.9665544536263246,0.1,verified-v3-muon-1e-4,0.6950081989233214,3907,NFCorpus
9,0.0001,0.423752894763092,muon,0.993156744160421,1.0,0.1,verified-v3-muon-1e-4,1.0,3907,NQ
9,0.0001,0.4828007387243189,muon,0.9910064731927536,1.0,0.1,verified-v3-muon-1e-4,1.0,3907,QuoraRetrieval
9,0.0001,0.10049122128627211,muon,1.0027169292648186,0.9968160423689747,0.1,verified-v3-muon-1e-4,0.8575062653016419,3907,SCIDOCS
9,0.0001,0.2660943520948668,muon,0.9964548390450922,1.0,0.1,verified-v3-muon-1e-4,1.0,3907,SciFact
9,0.0001,0.07567624006445198,muon,0.9661220899365544,1.0,0.1,verified-v3-muon-1e-4,0.9110827739955403,3907,TRECCOVID
9,0.0001,0.2979726909413416,muon,0.9786971969451469,1.0,0.1,verified-v3-muon-1e-4,1.0,3907,Touche2020
10,0.0001,0.2449110710789424,muon,1.0148740047457894,1.0,0.1,verified-v3-muon-1e-4,1.0,3907,ArguAna
10,0.0001,0.0039126286301552175,muon,0.4331360845636856,0.9557399500863732,0.1,verified-v3-muon-1e-4,0.7365458350573502,3907,ClimateFEVER
10,0.0001,0.2977292560363402,muon,0.9861653088999229,1.0,0.1,verified-v3-muon-1e-4,1.0,3907,DBPedia
10,0.0001,0.4154575952921845,muon,0.9980205086780346,1.0,0.1,verified-v3-muon-1e-4,1.0,3907,FEVER
10,0.0001,0.22460087333217255,muon,0.9997245433701671,1.0,0.1,verified-v3-muon-1e-4,0.9769331095982161,3907,FiQA2018
10,0.0001,0.2985048524821841,muon,0.9816271655506582,1.0,0.1,verified-v3-muon-1e-4,1.0,3907,HotpotQA
10,0.0001,0.43584602264919736,muon,0.9980721926288844,1.0,0.1,verified-v3-muon-1e-4,1.0,3907,MSMARCO
10,0.0001,-0.005283006523629322,muon,-2.803217890932211,1.006728450352065,0.1,verified-v3-muon-1e-4,0.723895611322233,3907,NFCorpus
10,0.0001,0.41887817467168037,muon,0.9817317811819699,1.0,0.1,verified-v3-muon-1e-4,1.0,3907,NQ
10,0.0001,0.4890247050709816,muon,1.003781911264315,1.0,0.1,verified-v3-muon-1e-4,1.0,3907,QuoraRetrieval
10,0.0001,0.10521559764728983,muon,1.0498574863878727,1.0,0.1,verified-v3-muon-1e-4,0.86024524972907,3907,SCIDOCS
10,0.0001,0.26258406288362135,muon,0.9833097097198884,0.9769331095982161,0.1,verified-v3-muon-1e-4,0.9769331095982161,3907,SciFact
10,0.0001,0.0828956050715543,muon,1.058288244105105,1.025318106170117,0.1,verified-v3-muon-1e-4,0.9341496643973242,3907,TRECCOVID
10,0.0001,0.3078395106978673,muon,1.0111049615895105,1.0,0.1,verified-v3-muon-1e-4,1.0,3907,Touche2020
11,0.0001,0.24216858139097797,muon,1.0035095471067903,1.0,0.1,verified-v3-muon-1e-4,1.0,3907,ArguAna
11,0.0001,0.006473806637859882,muon,0.7166637890787473,0.9981449341961861,0.1,verified-v3-muon-1e-4,0.7692254509182683,3907,ClimateFEVER
11,0.0001,0.2980556653173403,muon,0.9872464707370585,1.0,0.1,verified-v3-muon-1e-4,1.0,3907,DBPedia
11,0.0001,0.4163561970774998,muon,1.0001791477811388,1.0,0.1,verified-v3-muon-1e-4,1.0,3907,FEVER
11,0.0001,0.21984512596882058,muon,0.978556160136949,1.0,0.1,verified-v3-muon-1e-4,0.9769331095982161,3907,FiQA2018
11,0.0001,0.310063440879377,muon,1.0196373495451725,1.0,0.1,verified-v3-muon-1e-4,1.0,3907,HotpotQA
11,0.0001,0.44031897500437,muon,1.0083150975371733,1.0,0.1,verified-v3-muon-1e-4,1.0,3907,MSMARCO
11,0.0001,0.00022785257390549145,muon,0.1209009318481854,1.006728450352065,0.1,verified-v3-muon-1e-4,0.723895611322233,3907,NFCorpus
11,0.0001,0.43115310976738197,muon,1.0105007517898121,1.0,0.1,verified-v3-muon-1e-4,1.0,3907,NQ
11,0.0001,0.4904347751107278,muon,1.006676249290259,1.0,0.1,verified-v3-muon-1e-4,1.0,3907,QuoraRetrieval
11,0.0001,0.1085984435689395,muon,1.0836120455554799,1.0,0.1,verified-v3-muon-1e-4,0.86024524972907,3907,SCIDOCS
11,0.0001,0.2646106003019848,muon,0.9908985705924945,1.0,0.1,verified-v3-muon-1e-4,1.0,3907,SciFact
11,0.0001,0.0782945561695365,muon,0.9995488699325528,1.0,0.1,verified-v3-muon-1e-4,0.9110827739955403,3907,TRECCOVID
11,0.0001,0.3028403428188211,muon,0.9946850958131401,1.0,0.1,verified-v3-muon-1e-4,1.0,3907,Touche2020
12,0.0001,0.241397375135472,muon,1.0003137863861242,1.0,0.1,verified-v3-muon-1e-4,1.0,3907,ArguAna
12,0.0001,0.006471047094885015,muon,0.7163583019619515,0.9682133975124817,0.1,verified-v3-muon-1e-4,0.7461585605164844,3907,ClimateFEVER
12,0.0001,0.30430578162313365,muon,1.00794866157789,1.0,0.1,verified-v3-muon-1e-4,1.0,3907,DBPedia
12,0.0001,0.4194988970237068,muon,1.0077286041744684,1.0,0.1,verified-v3-muon-1e-4,1.0,3907,FEVER
12,0.0001,0.22502431150374497,muon,1.0016093157953156,1.0,0.1,verified-v3-muon-1e-4,0.9769331095982161,3907,FiQA2018
12,0.0001,0.3031525824808898,muon,0.9969111315798085,1.0,0.1,verified-v3-muon-1e-4,1.0,3907,HotpotQA
12,0.0001,0.4405517594959114,muon,1.0088481659049207,1.0,0.1,verified-v3-muon-1e-4,1.0,3907,MSMARCO
12,0.0001,0.00684406807075265,muon,3.631533290159886,1.0129334420896947,0.1,verified-v3-muon-1e-4,0.7283573569752838,3907,NFCorpus
12,0.0001,0.42747469974298236,muon,1.0018796007164674,1.0,0.1,verified-v3-muon-1e-4,1.0,3907,NQ
12,0.0001,0.48773997340733916,muon,1.0011448453013476,1.0,0.1,verified-v3-muon-1e-4,1.0,3907,QuoraRetrieval
12,0.0001,0.09594789225647354,muon,0.9573828903797555,0.9961116122177031,0.1,verified-v3-muon-1e-4,0.8569002826102445,3907,SCIDOCS
12,0.0001,0.2631143909947012,muon,0.9852956519558167,0.9769331095982161,0.1,verified-v3-muon-1e-4,0.9769331095982161,3907,SciFact
12,0.0001,0.07051547665087593,muon,0.9002371103109046,1.0163363650684505,0.1,verified-v3-muon-1e-4,0.925966554799108,3907,TRECCOVID
12,0.0001,0.3046516171715823,muon,1.0006342622496542,1.0,0.1,verified-v3-muon-1e-4,1.0,3907,Touche2020
13,0.0001,0.2405582228181509,muon,0.9968364675817127,1.0,0.1,verified-v3-muon-1e-4,1.0,3907,ArguAna
13,0.0001,0.011390339824308041,muon,1.2609341850966531,0.992522814382557,0.1,verified-v3-muon-1e-4,0.7648927357978553,3907,ClimateFEVER
13,0.0001,0.30440168320470523,muon,1.008266315321676,1.0,0.1,verified-v3-muon-1e-4,1.0,3907,DBPedia
13,0.0001,0.41373618142066654,muon,0.9938852939962822,1.0,0.1,verified-v3-muon-1e-4,1.0,3907,FEVER
13,0.0001,0.22371905511647922,muon,0.9957994681915159,1.0,0.1,verified-v3-muon-1e-4,0.9769331095982161,3907,FiQA2018
13,0.0001,0.30583707932906,muon,1.0057390451299117,1.0,0.1,verified-v3-muon-1e-4,1.0,3907,HotpotQA
13,0.0001,0.4297605085559478,muon,0.9841365775751886,1.0,0.1,verified-v3-muon-1e-4,1.0,3907,MSMARCO
13,0.0001,-0.004125586632016452,muon,-2.1890789280181338,0.967920658081885,0.1,verified-v3-muon-1e-4,0.6959905784410585,3907,NFCorpus
13,0.0001,0.4199397578531895,muon,0.9842198314330307,1.0,0.1,verified-v3-muon-1e-4,1.0,3907,NQ
13,0.0001,0.48725804996587,muon,1.0001556395860847,1.0,0.1,verified-v3-muon-1e-4,1.0,3907,QuoraRetrieval
13,0.0001,0.10210586450668678,muon,1.0188280887383439,1.0,0.1,verified-v3-muon-1e-4,0.86024524972907,3907,SCIDOCS
13,0.0001,0.2642901932017932,muon,0.9896987284953707,0.9769331095982161,0.1,verified-v3-muon-1e-4,0.9769331095982161,3907,SciFact
13,0.0001,0.07672239153806171,muon,0.9794778016792788,1.0,0.1,verified-v3-muon-1e-4,0.9110827739955403,3907,TRECCOVID
13,0.0001,0.3020951030918533,muon,0.9922373411899517,1.0,0.1,verified-v3-muon-1e-4,1.0,3907,Touche2020
14,0.0001,0.24037572466634993,muon,0.9960802231646637,1.0,0.1,verified-v3-muon-1e-4,1.0,3907,ArguAna
14,0.0001,0.004211481209614039,muon,0.4662196834339971,1.0330727326885556,0.1,verified-v3-muon-1e-4,0.7961427357978553,3907,ClimateFEVER
14,0.0001,0.3035388204200269,muon,1.0054082645008768,1.0,0.1,verified-v3-muon-1e-4,1.0,3907,DBPedia
14,0.0001,0.4160724962374649,muon,0.9994976359736946,1.0,0.1,verified-v3-muon-1e-4,1.0,3907,FEVER
14,0.0001,0.21910576803330062,muon,0.9752651921923069,1.0,0.1,verified-v3-muon-1e-4,0.9769331095982161,3907,FiQA2018
14,0.0001,0.30487500959423824,muon,1.0025752982795602,1.0,0.1,verified-v3-muon-1e-4,1.0,3907,HotpotQA
14,0.0001,0.4353036773927085,muon,0.9968302409047054,1.0,0.1,verified-v3-muon-1e-4,1.0,3907,MSMARCO
14,0.0001,0.008773662368969,muon,4.655395977969881,1.0336324563527965,0.1,verified-v3-muon-1e-4,0.7432411377788516,3907,NFCorpus
14,0.0001,0.4288218404494257,muon,1.005036916912939,1.0,0.1,verified-v3-muon-1e-4,1.0,3907,NQ
14,0.0001,0.4911735847472992,muon,1.0081927447584182,1.0,0.1,verified-v3-muon-1e-4,1.0,3907,QuoraRetrieval
14,0.0001,0.09475249732778487,muon,0.945455055123989,0.9923630070083942,0.1,verified-v3-muon-1e-4,0.8536755627858269,3907,SCIDOCS
14,0.0001,0.26705720715358394,muon,1.000060483340074,0.9769331095982161,0.1,verified-v3-muon-1e-4,0.9769331095982161,3907,SciFact
14,0.0001,0.07700822538618482,muon,0.9831269046802751,1.0,0.1,verified-v3-muon-1e-4,0.9110827739955403,3907,TRECCOVID
14,0.0001,0.3051409398364589,muon,1.0022414522206666,1.0,0.1,verified-v3-muon-1e-4,1.0,3907,Touche2020
15,0.0001,0.24103364227321172,muon,0.9988065330596271,1.0,0.1,verified-v3-muon-1e-4,1.0,3907,ArguAna
15,0.0001,0.007759256182791503,muon,0.8589657132901862,1.0212367632445887,0.1,verified-v3-muon-1e-4,0.7870212859756185,3907,ClimateFEVER
15,0.0001,0.302340817629693,muon,1.0014401331606086,0.9769331095982161,0.1,verified-v3-muon-1e-4,0.9769331095982161,3907,DBPedia
15,0.0001,0.4143587575336012,muon,0.9953808587325217,1.0,0.1,verified-v3-muon-1e-4,1.0,3907,FEVER
15,0.0001,0.22609291224135053,muon,1.0063657816478226,1.0236115350940154,0.1,verified-v3-muon-1e-4,1.0,3907,FiQA2018
15,0.0001,0.30177579810685107,muon,0.9923836040323536,1.0,0.1,verified-v3-muon-1e-4,1.0,3907,HotpotQA
15,0.0001,0.43174285007281826,muon,0.9886760705187199,1.0,0.1,verified-v3-muon-1e-4,1.0,3907,MSMARCO
15,0.0001,-0.0022972481032309117,muon,-1.2189435985142492,1.0129334420896947,0.1,verified-v3-muon-1e-4,0.7283573569752838,3907,NFCorpus
15,0.0001,0.4183490405694785,muon,0.980491640740072,1.0,0.1,verified-v3-muon-1e-4,1.0,3907,NQ
15,0.0001,0.48016790098665796,muon,0.9856022576818532,1.0,0.1,verified-v3-muon-1e-4,1.0,3907,QuoraRetrieval
15,0.0001,0.09770601624173143,muon,0.9749257230889192,0.9977734823197099,0.1,verified-v3-muon-1e-4,0.8583298984711626,3907,SCIDOCS
15,0.0001,0.2646425589538442,muon,0.9910182475155256,1.0,0.1,verified-v3-muon-1e-4,1.0,3907,SciFact
15,0.0001,0.077752587170288,muon,0.9926298128838829,1.0,0.1,verified-v3-muon-1e-4,0.9110827739955403,3907,TRECCOVID
15,0.0001,0.3031389151677342,muon,0.9956657625985541,1.0,0.1,verified-v3-muon-1e-4,1.0,3907,Touche2020
16,0.0001,0.2442870894084397,muon,1.0122883201785657,1.0,0.1,verified-v3-muon-1e-4,1.0,3907,ArguAna
16,0.0001,0.009367714154000999,muon,1.03702533859311,0.9674131436950696,0.1,verified-v3-muon-1e-4,0.7455418408573864,3907,ClimateFEVER
16,0.0001,0.30842590236047884,muon,1.021595691747989,1.0,0.1,verified-v3-muon-1e-4,1.0,3907,DBPedia
16,0.0001,0.4140505307837635,muon,0.9946404302961495,1.0,0.1,verified-v3-muon-1e-4,1.0,3907,FEVER
16,0.0001,0.21999954520418194,muon,0.97924349806787,1.0,0.1,verified-v3-muon-1e-4,0.9769331095982161,3907,FiQA2018
16,0.0001,0.3109268897908991,muon,1.0224767838142212,1.0,0.1,verified-v3-muon-1e-4,1.0,3907,HotpotQA
16,0.0001,0.43800637046022317,muon,1.0030193137784262,1.0,0.1,verified-v3-muon-1e-4,1.0,3907,MSMARCO
16,0.0001,-0.0027613472233797027,muon,-1.4651993907318304,0.9988894173855571,0.1,verified-v3-muon-1e-4,0.7182588961191603,3907,NFCorpus
16,0.0001,0.42759157022147243,muon,1.0021535120108565,1.0,0.1,verified-v3-muon-1e-4,1.0,3907,NQ
16,0.0001,0.488796912097741,muon,1.0033143388417338,1.0,0.1,verified-v3-muon-1e-4,1.0,3907,QuoraRetrieval
16,0.0001,0.0960949955741371,muon,0.958850710007025,1.0,0.1,verified-v3-muon-1e-4,0.86024524972907,3907,SCIDOCS
16,0.0001,0.2697031487828267,muon,1.0099688535085238,1.0,0.1,verified-v3-muon-1e-4,1.0,3907,SciFact
16,0.0001,0.07819871330267891,muon,0.9983252902362689,1.0,0.1,verified-v3-muon-1e-4,0.9110827739955403,3907,TRECCOVID
16,0.0001,0.308248295280622,muon,1.012447622636845,1.0,0.1,verified-v3-muon-1e-4,1.0,3907,Touche2020
17,0.0001,0.24078544781354563,muon,0.9977780531949669,1.0,0.1,verified-v3-muon-1e-4,1.0,3907,ArguAna
17,0.0001,-0.0022753807284977574,muon,-0.2518893543939762,0.945121568464079,0.1,verified-v3-muon-1e-4,0.728362725459134,3907,ClimateFEVER
17,0.0001,0.3003886300013612,muon,0.9949739237556132,1.0,0.1,verified-v3-muon-1e-4,1.0,3907,DBPedia
17,0.0001,0.4190025545275395,muon,1.0065362803461966,1.0,0.1,verified-v3-muon-1e-4,1.0,3907,FEVER
17,0.0001,0.2273429641921998,muon,1.0119299079008115,1.0236115350940154,0.1,verified-v3-muon-1e-4,1.0,3907,FiQA2018
17,0.0001,0.3011251478595425,muon,0.9902439538634555,1.0,0.1,verified-v3-muon-1e-4,1.0,3907,HotpotQA
17,0.0001,0.43338865753161243,muon,0.9924449122051927,1.0,0.1,verified-v3-muon-1e-4,1.0,3907,MSMARCO
17,0.0001,-0.004660931448010365,muon,-2.4731384231748814,0.967920658081885,0.1,verified-v3-muon-1e-4,0.6959905784410585,3907,NFCorpus
17,0.0001,0.4182495014519622,muon,0.9802583492461593,1.0,0.1,verified-v3-muon-1e-4,1.0,3907,NQ
17,0.0001,0.4860528861643278,muon,0.9976818962116615,1.0,0.1,verified-v3-muon-1e-4,1.0,3907,QuoraRetrieval
17,0.0001,0.10241335880358585,muon,1.0218963143326445,1.0,0.1,verified-v3-muon-1e-4,0.86024524972907,3907,SCIDOCS
17,0.0001,0.2723992208907713,muon,1.02006494941295,0.9769331095982161,0.1,verified-v3-muon-1e-4,0.9769331095982161,3907,SciFact
17,0.0001,0.08270904292870841,muon,1.0559064951282027,1.025318106170117,0.1,verified-v3-muon-1e-4,0.9341496643973242,3907,TRECCOVID
17,0.0001,0.30117099858931445,muon,0.9892021016736661,1.0,0.1,verified-v3-muon-1e-4,1.0,3907,Touche2020
18,0.0001,0.23870702963717286,muon,0.9891654062905239,1.0,0.1,verified-v3-muon-1e-4,1.0,3907,ArguAna
18,0.0001,0.00985363715313672,muon,1.0908180199692468,0.9686307315167424,0.1,verified-v3-muon-1e-4,0.7464801810814071,3907,ClimateFEVER
18,0.0001,0.29972442261346577,muon,0.9927738769997864,1.0,0.1,verified-v3-muon-1e-4,1.0,3907,DBPedia
18,0.0001,0.4168958713491431,muon,1.001475564063352,1.0,0.1,verified-v3-muon-1e-4,1.0,3907,FEVER
18,0.0001,0.22694198745826633,muon,1.0101451139403677,1.0236115350940154,0.1,verified-v3-muon-1e-4,1.0,3907,FiQA2018
18,0.0001,0.30369428966921197,muon,0.9986925247042733,1.0,0.1,verified-v3-muon-1e-4,1.0,3907,HotpotQA
18,0.0001,0.4348678333986154,muon,0.9958321733573993,1.0,0.1,verified-v3-muon-1e-4,1.0,3907,MSMARCO
18,0.0001,0.0011687014776148343,muon,0.6201250891051675,1.0,0.1,verified-v3-muon-1e-4,0.7190574688428424,3907,NFCorpus
18,0.0001,0.42993226554572,muon,1.0076394387762675,1.0,0.1,verified-v3-muon-1e-4,1.0,3907,NQ
18,0.0001,0.48739491423537207,muon,1.0004365699288669,1.0,0.1,verified-v3-muon-1e-4,1.0,3907,QuoraRetrieval
18,0.0001,0.10024230688631897,muon,1.0002332229313091,1.0082205621595335,0.1,verified-v3-muon-1e-4,0.8673169492769113,3907,SCIDOCS
18,0.0001,0.2673951832482827,muon,1.0013261167982546,1.0,0.1,verified-v3-muon-1e-4,1.0,3907,SciFact
18,0.0001,0.07615625944862878,muon,0.972250266101966,0.9746818938298829,0.1,verified-v3-muon-1e-4,0.8880158835937564,3907,TRECCOVID
18,0.0001,0.3030365223729091,muon,0.9953294514387424,1.0,0.1,verified-v3-muon-1e-4,1.0,3907,Touche2020
19,0.0001,0.24264636892592523,muon,1.0054894255454145,1.0,0.1,verified-v3-muon-1e-4,1.0,3907,ArguAna
19,0.0001,0.011725686443004469,muon,1.298057749616519,1.007314186911961,0.1,verified-v3-muon-1e-4,0.7762917819822591,3907,ClimateFEVER
19,0.0001,0.3013299134462404,muon,0.9980917264584432,0.9769331095982161,0.1,verified-v3-muon-1e-4,0.9769331095982161,3907,DBPedia
19,0.0001,0.42185458669860953,muon,1.0133874888218428,1.0,0.1,verified-v3-muon-1e-4,1.0,3907,FEVER
19,0.0001,0.22839156339041533,muon,1.0165973445810952,1.0,0.1,verified-v3-muon-1e-4,0.9769331095982161,3907,FiQA2018
19,0.0001,0.30578528633442426,muon,1.0055687249153593,1.0,0.1,verified-v3-muon-1e-4,1.0,3907,HotpotQA
19,0.0001,0.4343896906350475,muon,0.9947372431030789,1.0,0.1,verified-v3-muon-1e-4,1.0,3907,MSMARCO
19,0.0001,0.003004891879725729,muon,1.5944267037886217,1.0053622458965046,0.1,verified-v3-muon-1e-4,0.722913231804496,3907,NFCorpus
19,0.0001,0.42057783651129194,muon,0.9857153070520317,1.0,0.1,verified-v3-muon-1e-4,1.0,3907,NQ
19,0.0001,0.4929542186647621,muon,1.0118477096270613,1.0,0.1,verified-v3-muon-1e-4,1.0,3907,QuoraRetrieval
19,0.0001,0.0972617080300755,muon,0.9704923471189961,1.0,0.1,verified-v3-muon-1e-4,0.86024524972907,3907,SCIDOCS
19,0.0001,0.2639074386914323,muon,0.9882654113993374,1.0,0.1,verified-v3-muon-1e-4,1.0,3907,SciFact
19,0.0001,0.07697573113914408,muon,0.9827120662866765,0.9746818938298829,0.1,verified-v3-muon-1e-4,0.8880158835937564,3907,TRECCOVID
19,0.0001,0.3017078416812155,muon,0.9909653734271381,1.0,0.1,verified-v3-muon-1e-4,1.0,3907,Touche2020
0,0.0001,0.24210338724235453,muon,1.0032393925302414,1.0,0.25,verified-v3-muon-1e-4,1.0,3907,ArguAna
0,0.0001,0.012248588727892468,muon,1.3559441144353563,1.0106183816222942,0.25,verified-v3-muon-1e-4,0.7788381763774024,3907,ClimateFEVER
0,0.0001,0.30526082075031336,muon,1.0111120270744665,0.9769331095982161,0.25,verified-v3-muon-1e-4,0.9769331095982161,3907,DBPedia
0,0.0001,0.40736763409804017,muon,0.9785866427969999,1.0,0.25,verified-v3-muon-1e-4,1.0,3907,FEVER
0,0.0001,0.22006362366464016,muon,0.9795287187291749,1.0236115350940154,0.25,verified-v3-muon-1e-4,1.0,3907,FiQA2018
0,0.0001,0.30795403989390235,muon,1.0127006270994132,1.0,0.25,verified-v3-muon-1e-4,1.0,3907,HotpotQA
0,0.0001,0.4287256313800375,muon,0.981766744931577,1.0,0.25,verified-v3-muon-1e-4,1.0,3907,MSMARCO
0,0.0001,-0.007281217811224389,muon,-3.863489462847878,0.9229078740740753,0.25,verified-v3-muon-1e-4,0.6636237999068333,3907,NFCorpus
0,0.0001,0.41260810078326077,muon,0.9670365041806187,1.0,0.25,verified-v3-muon-1e-4,1.0,3907,NQ
0,0.0001,0.48619695359351534,muon,0.9979776119043887,1.0,0.25,verified-v3-muon-1e-4,1.0,3907,QuoraRetrieval
0,0.0001,0.09742542984336579,muon,0.9721259886627529,1.0031839576310255,0.25,verified-v3-muon-1e-4,0.8629842341564983,3907,SCIDOCS
0,0.0001,0.2737801574131808,muon,1.0252362011487948,1.0,0.25,verified-v3-muon-1e-4,1.0,3907,SciFact
0,0.0001,0.07925711762033535,muon,1.011837428134521,0.9657001527282164,0.25,verified-v3-muon-1e-4,0.8798327739955403,3907,TRECCOVID
0,0.0001,0.28998524452781055,muon,0.9524622712176368,1.0,0.25,verified-v3-muon-1e-4,1.0,3907,Touche2020
1,0.0001,0.2411182999659084,muon,0.9991573415847015,1.0,0.25,verified-v3-muon-1e-4,1.0,3907,ArguAna
1,0.0001,0.007051037378495854,muon,0.780564426354139,1.043035273091133,0.25,verified-v3-muon-1e-4,0.8038204180370938,3907,ClimateFEVER
1,0.0001,0.3081438614755607,muon,1.0206614908565463,1.0,0.25,verified-v3-muon-1e-4,1.0,3907,DBPedia
1,0.0001,0.408422435075681,muon,0.9811205067104009,1.0,0.25,verified-v3-muon-1e-4,1.0,3907,FEVER
1,0.0001,0.21952156307805556,muon,0.977115944173304,1.0,0.25,verified-v3-muon-1e-4,0.9769331095982161,3907,FiQA2018
1,0.0001,0.3054889980467845,muon,1.0045943868784288,1.0,0.25,verified-v3-muon-1e-4,1.0,3907,HotpotQA
1,0.0001,0.4344647111607168,muon,0.9949090374906742,1.0,0.25,verified-v3-muon-1e-4,1.0,3907,MSMARCO
1,0.0001,-0.0075170289247043515,muon,-3.988613278090408,0.971729789543708,0.25,verified-v3-muon-1e-4,0.6987295628684866,3907,NFCorpus
1,0.0001,0.4225629102365064,muon,0.9903677575301684,1.0,0.25,verified-v3-muon-1e-4,1.0,3907,NQ
1,0.0001,0.48628011544820193,muon,0.9981483115941508,1.0,0.25,verified-v3-muon-1e-4,1.0,3907,QuoraRetrieval
1,0.0001,0.1016484549961652,muon,1.0142639859845308,1.0216277215766,0.25,verified-v3-muon-1e-4,0.8788503944778032,3907,SCIDOCS
1,0.0001,0.25953064971024425,muon,0.9718754635276547,1.0,0.25,verified-v3-muon-1e-4,1.0,3907,SciFact
1,0.0001,0.0733446282119148,muon,0.9363555249754048,1.0,0.25,verified-v3-muon-1e-4,0.9110827739955403,3907,TRECCOVID
1,0.0001,0.29904486810391095,muon,0.9822187840420055,1.0,0.25,verified-v3-muon-1e-4,1.0,3907,Touche2020
2,0.0001,0.24430991325810147,muon,1.0123828987192902,1.0,0.25,verified-v3-muon-1e-4,1.0,3907,ArguAna
2,0.0001,0.014197890050679306,muon,1.5717358039607712,1.0069082500146664,0.25,verified-v3-muon-1e-4,0.7759789446555663,3907,ClimateFEVER
2,0.0001,0.28833229240472114,muon,0.955039850603121,1.0,0.25,verified-v3-muon-1e-4,1.0,3907,DBPedia
2,0.0001,0.40995323291035213,muon,0.9847978197525833,1.0,0.25,verified-v3-muon-1e-4,1.0,3907,FEVER
2,0.0001,0.2214918313241434,muon,0.985885836709402,1.0,0.25,verified-v3-muon-1e-4,0.9769331095982161,3907,FiQA2018
2,0.0001,0.30342149304171817,muon,0.9977954385162539,1.0,0.25,verified-v3-muon-1e-4,1.0,3907,HotpotQA
2,0.0001,0.44136574329392725,muon,1.0107121604163583,1.0,0.25,verified-v3-muon-1e-4,1.0,3907,MSMARCO
2,0.0001,0.005235221559777069,muon,2.777862694986672,0.9648218952136179,0.25,verified-v3-muon-1e-4,0.6937623898564582,3907,NFCorpus
2,0.0001,0.42164584377710124,muon,0.9882184135368708,1.0,0.25,verified-v3-muon-1e-4,1.0,3907,NQ
2,0.0001,0.4837040045864891,muon,0.9928605348058114,1.0,0.25,verified-v3-muon-1e-4,1.0,3907,QuoraRetrieval
2,0.0001,0.09185068206575851,muon,0.916500294184783,1.0258860106290795,0.25,verified-v3-muon-1e-4,0.8825135674071718,3907,SCIDOCS
2,0.0001,0.2609201300807944,muon,0.9770787097750581,0.9769331095982161,0.25,verified-v3-muon-1e-4,0.9769331095982161,3907,SciFact
2,0.0001,0.07576733761765982,muon,0.9672850885001498,1.025318106170117,0.25,verified-v3-muon-1e-4,0.9341496643973242,3907,TRECCOVID
2,0.0001,0.3086454844079872,muon,1.0137521981816087,1.0,0.25,verified-v3-muon-1e-4,1.0,3907,Touche2020
3,0.0001,0.2340953980496741,muon,0.9700555106169696,1.0,0.25,verified-v3-muon-1e-4,1.0,3907,ArguAna
3,0.0001,0.009463936335374195,muon,1.0476773331542473,0.978180368891415,0.25,verified-v3-muon-1e-4,0.7538396575101025,3907,ClimateFEVER
3,0.0001,0.29787522044523823,muon,0.9866487851907841,1.0,0.25,verified-v3-muon-1e-4,1.0,3907,DBPedia
3,0.0001,0.4193027218305377,muon,1.0072573482188782,1.0,0.25,verified-v3-muon-1e-4,1.0,3907,FEVER
3,0.0001,0.22236353782724794,muon,0.9897659034822508,0.9763884649059846,0.25,verified-v3-muon-1e-4,0.9538662191964322,3907,FiQA2018
3,0.0001,0.30716450028683673,muon,1.010104242082121,1.0,0.25,verified-v3-muon-1e-4,1.0,3907,HotpotQA
3,0.0001,0.4292459592509881,muon,0.9829582776106845,1.0,0.25,verified-v3-muon-1e-4,1.0,3907,MSMARCO
3,0.0001,0.005670726424050511,muon,3.0089460793548293,1.0015531144346814,0.25,verified-v3-muon-1e-4,0.7201742473770677,3907,NFCorpus
3,0.0001,0.42572590233410157,muon,0.9977809149912142,1.0,0.25,verified-v3-muon-1e-4,1.0,3907,NQ
3,0.0001,0.4881597808659303,muon,1.00200655050515,1.0,0.25,verified-v3-muon-1e-4,1.0,3907,QuoraRetrieval
3,0.0001,0.1010577351615611,muon,1.008369692224057,0.9929276545866778,0.25,verified-v3-muon-1e-4,0.8541612981828164,3907,SCIDOCS
3,0.0001,0.25934913962438205,muon,0.9711957549883002,1.0,0.25,verified-v3-muon-1e-4,1.0,3907,SciFact
3,0.0001,0.07410615626934162,muon,0.946077586718429,0.9746818938298829,0.25,verified-v3-muon-1e-4,0.8880158835937564,3907,TRECCOVID
3,0.0001,0.29112269098797583,muon,0.9561982366133989,1.0,0.25,verified-v3-muon-1e-4,1.0,3907,Touche2020
4,0.0001,0.23780704359153473,muon,0.985436001824126,1.0,0.25,verified-v3-muon-1e-4,1.0,3907,ArguAna
4,0.0001,0.00450304595539007,muon,0.4984965040371389,0.9519728960765582,0.25,verified-v3-muon-1e-4,0.7336427357978553,3907,ClimateFEVER
4,0.0001,0.29656622095830154,muon,0.9823130007248222,1.0,0.25,verified-v3-muon-1e-4,1.0,3907,DBPedia
4,0.0001,0.41199047163450164,muon,0.9896917151845452,1.0,0.25,verified-v3-muon-1e-4,1.0,3907,FEVER
4,0.0001,0.22227594240913473,muon,0.9893760061141982,1.0236115350940154,0.25,verified-v3-muon-1e-4,1.0,3907,FiQA2018
4,0.0001,0.31115561099375555,muon,1.023228928860422,1.0,0.25,verified-v3-muon-1e-4,1.0,3907,HotpotQA
4,0.0001,0.43238591457089737,muon,0.9901486657937631,1.0,0.25,verified-v3-muon-1e-4,1.0,3907,MSMARCO
4,0.0001,-0.019853402660110035,muon,-10.53442074768986,0.8991100969427066,0.25,verified-v3-muon-1e-4,0.6465118305186652,3907,NFCorpus
4,0.0001,0.4257444414538981,muon,0.997824365436236,1.0,0.25,verified-v3-muon-1e-4,1.0,3907,NQ
4,0.0001,0.4907087713309898,muon,1.0072386594237384,1.0,0.25,verified-v3-muon-1e-4,1.0,3907,QuoraRetrieval
4,0.0001,0.09942927082237701,muon,0.9921206234924485,0.9945895246886843,0.25,verified-v3-muon-1e-4,0.8555909140437343,3907,SCIDOCS
4,0.0001,0.2698797043361383,muon,1.0106300085990871,1.0,0.25,verified-v3-muon-1e-4,1.0,3907,SciFact
4,0.0001,0.08327570304648452,muon,1.0631407717889259,1.0163363650684505,0.25,verified-v3-muon-1e-4,0.925966554799108,3907,TRECCOVID
4,0.0001,0.3128702215256718,muon,1.02762843080496,1.0,0.25,verified-v3-muon-1e-4,1.0,3907,Touche2020
5,0.0001,0.2451148375818356,muon,1.0157183819554976,1.0,0.25,verified-v3-muon-1e-4,1.0,3907,ArguAna
5,0.0001,0.002779550807258571,muon,0.3077020252377104,0.9489002424510715,0.25,verified-v3-muon-1e-4,0.7312747797129165,3907,ClimateFEVER
5,0.0001,0.29337305303332206,muon,0.9717363060626008,0.9769331095982161,0.25,verified-v3-muon-1e-4,0.9769331095982161,3907,DBPedia
5,0.0001,0.4125300288857301,muon,0.9909878503579875,1.0,0.25,verified-v3-muon-1e-4,1.0,3907,FEVER
5,0.0001,0.22077321818301118,muon,0.9826872062512038,1.0,0.25,verified-v3-muon-1e-4,0.9769331095982161,3907,FiQA2018
5,0.0001,0.30018739168257924,muon,0.9871601616560074,1.0,0.25,verified-v3-muon-1e-4,1.0,3907,HotpotQA
5,0.0001,0.4318681075696906,muon,0.9889629058184587,1.0,0.25,verified-v3-muon-1e-4,1.0,3907,MSMARCO
5,0.0001,0.0014668811323295169,muon,0.7783422972554173,0.967920658081885,0.25,verified-v3-muon-1e-4,0.6959905784410585,3907,NFCorpus
5,0.0001,0.4245221133376049,muon,0.994959574594035,1.0,0.25,verified-v3-muon-1e-4,1.0,3907,NQ
5,0.0001,0.48705226974530613,muon,0.9997332509808546,1.0,0.25,verified-v3-muon-1e-4,1.0,3907,QuoraRetrieval
5,0.0001,0.110505189771538,muon,1.102637853707521,1.0031839576310255,0.25,verified-v3-muon-1e-4,0.8629842341564983,3907,SCIDOCS
5,0.0001,0.27455394211525086,muon,1.0281338256368255,1.0,0.25,verified-v3-muon-1e-4,1.0,3907,SciFact
5,0.0001,0.07414361067797656,muon,0.9465557491048915,1.0,0.25,verified-v3-muon-1e-4,0.9110827739955403,3907,TRECCOVID
5,0.0001,0.29691780829793063,muon,0.9752324140385293,1.0,0.25,verified-v3-muon-1e-4,1.0,3907,Touche2020
6,0.0001,0.2469497552921654,muon,1.0233220001866272,1.0,0.25,verified-v3-muon-1e-4,1.0,3907,ArguAna
6,0.0001,0.009096260098060048,muon,1.00697481296361,1.0087633158184806,0.25,verified-v3-muon-1e-4,0.7774085605164844,3907,ClimateFEVER
6,0.0001,0.30224652458892254,muon,1.0011278073686576,1.0,0.25,verified-v3-muon-1e-4,1.0,3907,DBPedia
6,0.0001,0.40559411808664375,muon,0.974326267317289,1.0,0.25,verified-v3-muon-1e-4,1.0,3907,FEVER
6,0.0001,0.2304966422655557,muon,1.0259672948666199,1.0,0.25,verified-v3-muon-1e-4,0.9769331095982161,3907,FiQA2018
6,0.0001,0.29818560455187215,muon,0.9805773251935112,1.0,0.25,verified-v3-muon-1e-4,1.0,3907,HotpotQA
6,0.0001,0.42958731052726185,muon,0.9837399601294246,1.0,0.25,verified-v3-muon-1e-4,1.0,3907,MSMARCO
6,0.0001,-0.013832425858742229,muon,-7.339628196328953,0.9392153818064504,0.25,verified-v3-muon-1e-4,0.67534983514001,3907,NFCorpus
6,0.0001,0.4190283760790231,muon,0.9820838107315691,1.0,0.25,verified-v3-muon-1e-4,1.0,3907,NQ
6,0.0001,0.48814317470232355,muon,1.0019724643608896,1.0,0.25,verified-v3-muon-1e-4,1.0,3907,QuoraRetrieval
6,0.0001,0.10206394926422435,muon,1.018409851974243,0.9977734823197099,0.25,verified-v3-muon-1e-4,0.8583298984711626,3907,SCIDOCS
6,0.0001,0.2597135484196501,muon,0.9725603721046605,1.0,0.25,verified-v3-muon-1e-4,1.0,3907,SciFact
6,0.0001,0.07802988513446499,muon,0.996169942367822,1.025318106170117,0.25,verified-v3-muon-1e-4,0.9341496643973242,3907,TRECCOVID
6,0.0001,0.30195589870733686,muon,0.9917801216357089,1.0,0.25,verified-v3-muon-1e-4,1.0,3907,Touche2020
7,0.0001,0.2396028246430964,muon,0.9928774437296148,1.0,0.25,verified-v3-muon-1e-4,1.0,3907,ArguAna
7,0.0001,0.01678321321821264,muon,1.8579364276250596,0.9894501607570703,0.25,verified-v3-muon-1e-4,0.7625247797129165,3907,ClimateFEVER
7,0.0001,0.29473143773305754,muon,0.976235668620562,0.9769331095982161,0.25,verified-v3-muon-1e-4,0.9769331095982161,3907,DBPedia
7,0.0001,0.41255958864457565,muon,0.9910588593993283,1.0,0.25,verified-v3-muon-1e-4,1.0,3907,FEVER
7,0.0001,0.23075573275629668,muon,1.0271205366982512,1.0236115350940154,0.25,verified-v3-muon-1e-4,1.0,3907,FiQA2018
7,0.0001,0.29335321514180474,muon,0.9646861104276654,1.0,0.25,verified-v3-muon-1e-4,1.0,3907,HotpotQA
7,0.0001,0.4271385292735535,muon,0.9781323364546655,1.0,0.25,verified-v3-muon-1e-4,1.0,3907,MSMARCO
7,0.0001,-0.006397809101982389,muon,-3.394743666741747,0.9793009857368983,0.25,verified-v3-muon-1e-4,0.7041736880392746,3907,NFCorpus
7,0.0001,0.4116194911615012,muon,0.9647194832815843,1.0,0.25,verified-v3-muon-1e-4,1.0,3907,NQ
7,0.0001,0.4868824445289658,muon,0.9993846643379481,1.0,0.25,verified-v3-muon-1e-4,1.0,3907,QuoraRetrieval
7,0.0001,0.10887492795042877,muon,1.086370849423599,1.0,0.25,verified-v3-muon-1e-4,0.86024524972907,3907,SCIDOCS
7,0.0001,0.25700815871114313,muon,0.9624293841850692,1.0,0.25,verified-v3-muon-1e-4,1.0,3907,SciFact
7,0.0001,0.0904778383741531,muon,1.1550869629428064,1.0,0.25,verified-v3-muon-1e-4,0.9110827739955403,3907,TRECCOVID
7,0.0001,0.3011317731841608,muon,0.9890732650546066,1.0,0.25,verified-v3-muon-1e-4,1.0,3907,Touche2020
8,0.0001,0.2444739557951198,muon,1.0130626658925708,1.0,0.25,verified-v3-muon-1e-4,1.0,3907,ArguAna
8,0.0001,0.004211122111090778,muon,0.4661799304844994,0.9910736854760376,0.25,verified-v3-muon-1e-4,0.76377595726363,3907,ClimateFEVER
8,0.0001,0.3048224441038756,muon,1.0096599969760336,1.0,0.25,verified-v3-muon-1e-4,1.0,3907,DBPedia
8,0.0001,0.42318385466148345,muon,1.0165806827928037,1.0,0.25,verified-v3-muon-1e-4,1.0,3907,FEVER
8,0.0001,0.21090223366182925,muon,0.9387503090047805,1.0236115350940154,0.25,verified-v3-muon-1e-4,1.0,3907,FiQA2018
8,0.0001,0.3079814875329543,muon,1.0127908881048862,1.0,0.25,verified-v3-muon-1e-4,1.0,3907,HotpotQA
8,0.0001,0.4261734162965342,muon,0.9759222613936306,1.0,0.25,verified-v3-muon-1e-4,1.0,3907,MSMARCO
8,0.0001,-0.001289144653537166,muon,-0.6840334837051106,0.9866514118872269,0.25,verified-v3-muon-1e-4,0.7094590668618461,3907,NFCorpus
8,0.0001,0.4287704331500667,muon,1.0049164327659552,1.0,0.25,verified-v3-muon-1e-4,1.0,3907,NQ
8,0.0001,0.48805656970565203,muon,1.0017946972088776,1.0,0.25,verified-v3-muon-1e-4,1.0,3907,QuoraRetrieval
8,0.0001,0.09400766636205923,muon,0.9380230166910379,0.9977734823197099,0.25,verified-v3-muon-1e-4,0.8583298984711626,3907,SCIDOCS
8,0.0001,0.270009503728061,muon,1.0111160739032479,1.0,0.25,verified-v3-muon-1e-4,1.0,3907,SciFact
8,0.0001,0.08196752329829933,muon,1.0464398713312268,0.9746818938298829,0.25,verified-v3-muon-1e-4,0.8880158835937564,3907,TRECCOVID
8,0.0001,0.2941474247800848,muon,0.966133034579247,1.0,0.25,verified-v3-muon-1e-4,1.0,3907,Touche2020
9,0.0001,0.23672597922173827,muon,0.9809562364891826,1.0,0.25,verified-v3-muon-1e-4,1.0,3907,ArguAna
9,0.0001,0.010895908323177135,muon,1.2061995949456092,0.9625912776988526,0.25,verified-v3-muon-1e-4,0.7418258453960714,3907,ClimateFEVER
9,0.0001,0.30198831677619165,muon,1.0002725484975876,1.0,0.25,verified-v3-muon-1e-4,1.0,3907,DBPedia
9,0.0001,0.4113992111472031,muon,0.9882713774678166,1.0,0.25,verified-v3-muon-1e-4,1.0,3907,FEVER
9,0.0001,0.21479675288635738,muon,0.9560852658801686,0.9763884649059846,0.25,verified-v3-muon-1e-4,0.9538662191964322,3907,FiQA2018
9,0.0001,0.30130644459650024,muon,0.9908401445134353,1.0,0.25,verified-v3-muon-1e-4,1.0,3907,HotpotQA
9,0.0001,0.42852222269524376,muon,0.9813009461368608,1.0,0.25,verified-v3-muon-1e-4,1.0,3907,MSMARCO
9,0.0001,-0.008472679159395825,muon,-4.495691174621256,0.93584131616377,0.25,verified-v3-muon-1e-4,0.6729236880392746,3907,NFCorpus
9,0.0001,0.419894963273251,muon,0.9841148456271105,1.0,0.25,verified-v3-muon-1e-4,1.0,3907,NQ
9,0.0001,0.49507036380723735,muon,1.016191351560894,1.0,0.25,verified-v3-muon-1e-4,1.0,3907,QuoraRetrieval
9,0.0001,0.09225714662137566,muon,0.920556060308894,1.0,0.25,verified-v3-muon-1e-4,0.86024524972907,3907,SCIDOCS
9,0.0001,0.26281538793099635,muon,0.9841759624645802,1.0,0.25,verified-v3-muon-1e-4,1.0,3907,SciFact
9,0.0001,0.07762462561962802,muon,0.9909961894288876,1.025318106170117,0.25,verified-v3-muon-1e-4,0.9341496643973242,3907,TRECCOVID
9,0.0001,0.3001662453275151,muon,0.9859019697124519,1.0,0.25,verified-v3-muon-1e-4,1.0,3907,Touche2020
10,0.0001,0.2430891529123772,muon,1.007324254634962,1.0,0.25,verified-v3-muon-1e-4,1.0,3907,ArguAna
10,0.0001,0.01753175102802025,muon,1.940801111891065,0.9875950949532563,0.25,verified-v3-muon-1e-4,0.7610951638519985,3907,ClimateFEVER
10,0.0001,0.3057150366704944,muon,1.0126165214234462,1.0,0.25,verified-v3-muon-1e-4,1.0,3907,DBPedia
10,0.0001,0.4017927692207796,muon,0.9651945913730707,1.0,0.25,verified-v3-muon-1e-4,1.0,3907,FEVER
10,0.0001,0.21937889327290744,muon,0.976480904319325,1.0,0.25,verified-v3-muon-1e-4,0.9769331095982161,3907,FiQA2018
10,0.0001,0.30789098171131046,muon,1.0124932615422784,1.0,0.25,verified-v3-muon-1e-4,1.0,3907,HotpotQA
10,0.0001,0.4324270190167986,muon,0.9902427935414435,1.0,0.25,verified-v3-muon-1e-4,1.0,3907,MSMARCO
10,0.0001,-0.012255156378262709,muon,-6.502712700062613,0.93584131616377,0.25,verified-v3-muon-1e-4,0.6729236880392746,3907,NFCorpus
10,0.0001,0.4298844476622887,muon,1.0075273672034049,1.0,0.25,verified-v3-muon-1e-4,1.0,3907,NQ
10,0.0001,0.48332122562134927,muon,0.9920748350298377,1.0,0.25,verified-v3-muon-1e-4,1.0,3907,QuoraRetrieval
10,0.0001,0.10314501397720277,muon,1.029196882676619,0.9968160423689747,0.25,verified-v3-muon-1e-4,0.8575062653016419,3907,SCIDOCS
10,0.0001,0.25489713134416525,muon,0.9545241302079694,1.0,0.25,verified-v3-muon-1e-4,1.0,3907,SciFact
10,0.0001,0.07784633898198445,muon,0.9938266970865649,1.025318106170117,0.25,verified-v3-muon-1e-4,0.9341496643973242,3907,TRECCOVID
10,0.0001,0.30168540514493614,muon,0.9908916801799603,1.0,0.25,verified-v3-muon-1e-4,1.0,3907,Touche2020
11,0.0001,0.23448857500767528,muon,0.9716847757709806,1.0,0.25,verified-v3-muon-1e-4,1.0,3907,ArguAna
11,0.0001,0.005322691907847031,muon,0.5892330068167541,0.9382818608287772,0.25,verified-v3-muon-1e-4,0.7230916701147004,3907,ClimateFEVER
11,0.0001,0.30232339441860095,muon,1.001382422451969,1.0,0.25,verified-v3-muon-1e-4,1.0,3907,DBPedia
11,0.0001,0.409081074423273,muon,0.982702703267084,1.0,0.25,verified-v3-muon-1e-4,1.0,3907,FEVER
11,0.0001,0.22302466432200302,muon,0.9927086542083419,1.0,0.25,verified-v3-muon-1e-4,0.9769331095982161,3907,FiQA2018
11,0.0001,0.3002149318113159,muon,0.9872507268119366,1.0,0.25,verified-v3-muon-1e-4,1.0,3907,HotpotQA
11,0.0001,0.4165524302401403,muon,0.9538905388366813,1.0,0.25,verified-v3-muon-1e-4,1.0,3907,MSMARCO
11,0.0001,0.01218142577658643,muon,6.463590480394,1.0403609067048614,0.25,verified-v3-muon-1e-4,0.7480792802582421,3907,NFCorpus
11,0.0001,0.4314898245664111,muon,1.0112899158938153,1.0,0.25,verified-v3-muon-1e-4,1.0,3907,NQ
11,0.0001,0.49447165353135536,muon,1.0149624268485298,1.0,0.25,verified-v3-muon-1e-4,1.0,3907,QuoraRetrieval
11,0.0001,0.09977661856834177,muon,0.9955865129578442,0.9945895246886843,0.25,verified-v3-muon-1e-4,0.8555909140437343,3907,SCIDOCS
11,0.0001,0.2693036375507725,muon,1.0084727868039915,1.0,0.25,verified-v3-muon-1e-4,1.0,3907,SciFact
11,0.0001,0.07264061701097538,muon,0.9273677532228566,1.025318106170117,0.25,verified-v3-muon-1e-4,0.9341496643973242,3907,TRECCOVID
11,0.0001,0.3003950613385755,muon,0.9866535204264906,1.0,0.25,verified-v3-muon-1e-4,1.0,3907,Touche2020
12,0.0001,0.24098810224363182,muon,0.9986178221451208,1.0,0.25,verified-v3-muon-1e-4,1.0,3907,ArguAna
12,0.0001,0.010449738792939995,muon,1.1568077048262375,0.9725538181014297,0.25,verified-v3-muon-1e-4,0.7495035276353099,3907,ClimateFEVER
12,0.0001,0.2913069328621628,muon,0.9648927191610605,1.0,0.25,verified-v3-muon-1e-4,1.0,3907,DBPedia
12,0.0001,0.42152355593922824,muon,1.0125922801396343,1.0,0.25,verified-v3-muon-1e-4,1.0,3907,FEVER
12,0.0001,0.22515587009740798,muon,1.0021948983579518,1.0,0.25,verified-v3-muon-1e-4,0.9769331095982161,3907,FiQA2018
12,0.0001,0.30193216194065065,muon,0.9928978033349477,1.0,0.25,verified-v3-muon-1e-4,1.0,3907,HotpotQA
12,0.0001,0.43119777547034316,muon,0.9874278686874127,1.0,0.25,verified-v3-muon-1e-4,1.0,3907,MSMARCO
12,0.0001,-0.009145854880008247,muon,-4.852885173023808,0.9607845277078376,0.25,verified-v3-muon-1e-4,0.6908592905969635,3907,NFCorpus
12,0.0001,0.42109803861509765,muon,0.986934513419955,1.0,0.25,verified-v3-muon-1e-4,1.0,3907,NQ
12,0.0001,0.4848839995351668,muon,0.9952826160883798,1.0,0.25,verified-v3-muon-1e-4,1.0,3907,QuoraRetrieval
12,0.0001,0.10824899075842148,muon,1.0801251514307941,1.0175092150971088,0.25,verified-v3-muon-1e-4,0.8753074688428424,3907,SCIDOCS
12,0.0001,0.27224001645180596,muon,1.0194687697783371,1.0,0.25,verified-v3-muon-1e-4,1.0,3907,SciFact
12,0.0001,0.07479388368351955,muon,0.9548574712122458,1.0163363650684505,0.25,verified-v3-muon-1e-4,0.925966554799108,3907,TRECCOVID
12,0.0001,0.30402396286749356,muon,0.9985727192736131,1.0,0.25,verified-v3-muon-1e-4,1.0,3907,Touche2020
13,0.0001,0.2389512090360113,muon,0.9901772483574581,1.0,0.25,verified-v3-muon-1e-4,1.0,3907,ArguAna
13,0.0001,0.020048713435902633,muon,2.2194340580239853,1.0391121865064454,0.25,verified-v3-muon-1e-4,0.800797071483191,3907,ClimateFEVER
13,0.0001,0.30831071447763925,muon,1.0212141562026607,1.0,0.25,verified-v3-muon-1e-4,1.0,3907,DBPedia
13,0.0001,0.4123916607324087,muon,0.9906554596246672,1.0,0.25,verified-v3-muon-1e-4,1.0,3907,FEVER
13,0.0001,0.23405424376446393,muon,1.0418025918591165,0.9763884649059846,0.25,verified-v3-muon-1e-4,0.9538662191964322,3907,FiQA2018
13,0.0001,0.28997370104425607,muon,0.9535726467203604,1.0,0.25,verified-v3-muon-1e-4,1.0,3907,HotpotQA
13,0.0001,0.44463066995393696,muon,1.0181887286101472,1.0,0.25,verified-v3-muon-1e-4,1.0,3907,MSMARCO
13,0.0001,-0.007320816022034448,muon,-3.884500682973233,0.976824198666895,0.25,verified-v3-muon-1e-4,0.7023927357978553,3907,NFCorpus
13,0.0001,0.4187988986467417,muon,0.9815459806369091,1.0,0.25,verified-v3-muon-1e-4,1.0,3907,NQ
13,0.0001,0.4850813005282375,muon,0.9956876000613063,1.0,0.25,verified-v3-muon-1e-4,1.0,3907,QuoraRetrieval
13,0.0001,0.09854080212229877,muon,0.9832553455578468,0.9948134027424669,0.25,verified-v3-muon-1e-4,0.8557835040760193,3907,SCIDOCS
13,0.0001,0.2725268594909924,muon,1.0205429231085132,1.0,0.25,verified-v3-muon-1e-4,1.0,3907,SciFact
13,0.0001,0.07664765259623982,muon,0.9785236456243386,1.0,0.25,verified-v3-muon-1e-4,0.9110827739955403,3907,TRECCOVID
13,0.0001,0.30918059209386206,muon,1.0155097699596634,1.0,0.25,verified-v3-muon-1e-4,1.0,3907,Touche2020
14,0.0001,0.23829912497490943,muon,0.987475111783534,1.0,0.25,verified-v3-muon-1e-4,1.0,3907,ArguAna
14,0.0001,0.005746871917140902,muon,0.6361906114715169,0.9488361310480632,0.25,verified-v3-muon-1e-4,0.7312253719353499,3907,ClimateFEVER
14,0.0001,0.29772853041693403,muon,0.9861629054388208,1.0,0.25,verified-v3-muon-1e-4,1.0,3907,DBPedia
14,0.0001,0.4054480649865778,muon,0.9739754156518639,1.0,0.25,verified-v3-muon-1e-4,1.0,3907,FEVER
14,0.0001,0.22034847327021423,muon,0.9807966173692686,1.0,0.25,verified-v3-muon-1e-4,0.9769331095982161,3907,FiQA2018
14,0.0001,0.30899749260602727,muon,1.0161320002234078,1.0,0.25,verified-v3-muon-1e-4,1.0,3907,HotpotQA
14,0.0001,0.42790220974355964,muon,0.9798811380991865,1.0,0.25,verified-v3-muon-1e-4,1.0,3907,MSMARCO
14,0.0001,0.0014438675466445453,muon,0.766131050716525,0.9924288038068099,0.25,verified-v3-muon-1e-4,0.7136133436720545,3907,NFCorpus
14,0.0001,0.4239677962395709,muon,0.993660412343772,1.0,0.25,verified-v3-muon-1e-4,1.0,3907,NQ
14,0.0001,0.4827992108990617,muon,0.9910033371480081,1.0,0.25,verified-v3-muon-1e-4,1.0,3907,QuoraRetrieval
14,0.0001,0.09026018153419704,muon,0.90063003419005,0.9894029274311512,0.25,verified-v3-muon-1e-4,0.8511291683906836,3907,SCIDOCS
14,0.0001,0.2543237097758265,muon,0.9523768140695936,1.0,0.25,verified-v3-muon-1e-4,1.0,3907,SciFact
14,0.0001,0.07845633439954977,muon,1.0016142146372256,1.0265438768312476,0.25,verified-v3-muon-1e-4,0.9352664429315494,3907,TRECCOVID
14,0.0001,0.2953253629586973,muon,0.9700019958251274,1.0,0.25,verified-v3-muon-1e-4,1.0,3907,Touche2020
15,0.0001,0.2388896312705287,muon,0.9899220795193027,1.0,0.25,verified-v3-muon-1e-4,1.0,3907,ArguAna
15,0.0001,0.00598459756657347,muon,0.6625073327166654,0.978831779134776,0.25,verified-v3-muon-1e-4,0.7543416701147005,3907,ClimateFEVER
15,0.0001,0.2978085570662966,muon,0.9864279768209199,1.0,0.25,verified-v3-muon-1e-4,1.0,3907,DBPedia
15,0.0001,0.41140990191439203,muon,0.9882970590416497,1.0,0.25,verified-v3-muon-1e-4,1.0,3907,FEVER
15,0.0001,0.2236491875732139,muon,0.9954884796510394,1.0,0.25,verified-v3-muon-1e-4,0.9769331095982161,3907,FiQA2018
15,0.0001,0.29889992921795666,muon,0.9829263673997624,1.0,0.25,verified-v3-muon-1e-4,1.0,3907,HotpotQA
15,0.0001,0.4336644124311832,muon,0.9930763813088221,1.0,0.25,verified-v3-muon-1e-4,1.0,3907,MSMARCO
15,0.0001,-0.015057014707323688,muon,-7.989407702378354,0.997515746928901,0.25,verified-v3-muon-1e-4,0.7172711481175729,3907,NFCorpus
15,0.0001,0.41277254263701435,muon,0.9674219093025563,1.0,0.25,verified-v3-muon-1e-4,1.0,3907,NQ
15,0.0001,0.4824471636936647,muon,0.9902807179980464,1.0,0.25,verified-v3-muon-1e-4,1.0,3907,QuoraRetrieval
15,0.0001,0.09447563819754562,muon,0.9426925119549534,0.9974098216929392,0.25,verified-v3-muon-1e-4,0.8580170611444697,3907,SCIDOCS
15,0.0001,0.25758122313119874,muon,0.9645753628950773,1.0,0.25,verified-v3-muon-1e-4,1.0,3907,SciFact
15,0.0001,0.08045783678875773,muon,1.0271664311536342,1.0,0.25,verified-v3-muon-1e-4,0.9110827739955403,3907,TRECCOVID
15,0.0001,0.2985981060084586,muon,0.9807513851030649,1.0,0.25,verified-v3-muon-1e-4,1.0,3907,Touche2020
16,0.0001,0.24360964792781625,muon,1.0094811063380789,1.0,0.25,verified-v3-muon-1e-4,1.0,3907,ArguAna
16,0.0001,0.005478811320057866,muon,0.6065157487586343,1.0106183816222942,0.25,verified-v3-muon-1e-4,0.7788381763774024,3907,ClimateFEVER
16,0.0001,0.29845595656875934,muon,0.9885723510044563,1.0,0.25,verified-v3-muon-1e-4,1.0,3907,DBPedia
16,0.0001,0.4182705798890397,muon,1.0047779162933232,1.0,0.25,verified-v3-muon-1e-4,1.0,3907,FEVER
16,0.0001,0.2236711846353524,muon,0.9955863911265187,1.0,0.25,verified-v3-muon-1e-4,0.9769331095982161,3907,FiQA2018
16,0.0001,0.303463725930187,muon,0.997934320515176,1.0,0.25,verified-v3-muon-1e-4,1.0,3907,HotpotQA
16,0.0001,0.4285072133687221,muon,0.9812665753025457,1.0,0.25,verified-v3-muon-1e-4,1.0,3907,MSMARCO
16,0.0001,-0.006198085320383276,muon,-3.2887681629601144,0.9558770285637718,0.25,verified-v3-muon-1e-4,0.6873305166840831,3907,NFCorpus
16,0.0001,0.4253332964127612,muon,0.9968607579294093,1.0,0.25,verified-v3-muon-1e-4,1.0,3907,NQ
16,0.0001,0.48249740644292255,muon,0.9903838472722002,1.0,0.25,verified-v3-muon-1e-4,1.0,3907,QuoraRetrieval
16,0.0001,0.09320611824612055,muon,0.9300250457719419,0.9945895246886843,0.25,verified-v3-muon-1e-4,0.8555909140437343,3907,SCIDOCS
16,0.0001,0.2628296060983732,muon,0.9842292058407491,0.9769331095982161,0.25,verified-v3-muon-1e-4,0.9769331095982161,3907,SciFact
16,0.0001,0.07446298597412714,muon,0.9506330596098572,1.0,0.25,verified-v3-muon-1e-4,0.9110827739955403,3907,TRECCOVID
16,0.0001,0.2983667805615243,muon,0.9799915920972648,1.0,0.25,verified-v3-muon-1e-4,1.0,3907,Touche2020
17,0.0001,0.23587190591537172,muon,0.977417087389225,1.0,0.25,verified-v3-muon-1e-4,1.0,3907,ArguAna
17,0.0001,0.00034332889443319976,muon,0.03800721895920792,0.9611421487923332,0.25,verified-v3-muon-1e-4,0.7407090668618461,3907,ClimateFEVER
17,0.0001,0.2972178759903644,muon,0.9844714704518014,0.9769331095982161,0.25,verified-v3-muon-1e-4,0.9769331095982161,3907,DBPedia
17,0.0001,0.4242100062909019,muon,1.0190457246713922,1.0,0.25,verified-v3-muon-1e-4,1.0,3907,FEVER
17,0.0001,0.21881365167338784,muon,0.9739649483856283,1.0,0.25,verified-v3-muon-1e-4,0.9769331095982161,3907,FiQA2018
17,0.0001,0.3072709557731719,muon,1.0104543187942399,1.0,0.25,verified-v3-muon-1e-4,1.0,3907,HotpotQA
17,0.0001,0.4264085680304328,muon,0.9764607506638231,1.0,0.25,verified-v3-muon-1e-4,1.0,3907,MSMARCO
17,0.0001,0.002703525165976179,muon,1.4345184091583465,1.0042168114838057,0.25,verified-v3-muon-1e-4,0.7220895986349751,3907,NFCorpus
17,0.0001,0.43144252688462525,muon,1.011179063526246,1.0,0.25,verified-v3-muon-1e-4,1.0,3907,NQ
17,0.0001,0.49400989014052676,muon,1.0140146020572842,1.0,0.25,verified-v3-muon-1e-4,1.0,3907,QuoraRetrieval
17,0.0001,0.10153088290438482,muon,1.013090833490927,0.9977734823197099,0.25,verified-v3-muon-1e-4,0.8583298984711626,3907,SCIDOCS
17,0.0001,0.2777208568104482,muon,1.0399931058057912,0.9769331095982161,0.25,verified-v3-muon-1e-4,0.9769331095982161,3907,SciFact
17,0.0001,0.06826502998636849,muon,0.8715067421933429,1.0,0.25,verified-v3-muon-1e-4,0.9110827739955403,3907,TRECCOVID
17,0.0001,0.29725983174591775,muon,0.9763557968182633,1.0,0.25,verified-v3-muon-1e-4,1.0,3907,Touche2020
18,0.0001,0.24320231449036,muon,1.0077931788992869,1.0,0.25,verified-v3-muon-1e-4,1.0,3907,ArguAna
18,0.0001,0.01632931996835385,muon,1.8076895057632412,1.0012861302010372,0.25,verified-v3-muon-1e-4,0.7716462295351534,3907,ClimateFEVER
18,0.0001,0.29879379893245694,muon,0.9896913825144623,0.9769331095982161,0.25,verified-v3-muon-1e-4,0.9769331095982161,3907,DBPedia
18,0.0001,0.41153215627622164,muon,0.9885907409041644,1.0,0.25,verified-v3-muon-1e-4,1.0,3907,FEVER
18,0.0001,0.20700636311864468,muon,0.9214093372532847,1.0236115350940154,0.25,verified-v3-muon-1e-4,1.0,3907,FiQA2018
18,0.0001,0.3030107482997214,muon,0.996444712745807,1.0,0.25,verified-v3-muon-1e-4,1.0,3907,HotpotQA
18,0.0001,0.4411641353938499,muon,1.010250485355844,1.0,0.25,verified-v3-muon-1e-4,1.0,3907,MSMARCO
18,0.0001,0.001592931542821703,muon,0.8452259485003344,0.9540560773557726,0.25,verified-v3-muon-1e-4,0.6860211481175729,3907,NFCorpus
18,0.0001,0.4235861431290975,muon,0.9927659255679154,1.0,0.25,verified-v3-muon-1e-4,1.0,3907,NQ
18,0.0001,0.48516770182783264,muon,0.9958649491006165,1.0,0.25,verified-v3-muon-1e-4,1.0,3907,QuoraRetrieval
18,0.0001,0.08774445770907507,muon,0.8755277532493243,0.9945895246886843,0.25,verified-v3-muon-1e-4,0.8555909140437343,3907,SCIDOCS
18,0.0001,0.26959810296847697,muon,1.0095754839792341,0.9769331095982161,0.25,verified-v3-muon-1e-4,0.9769331095982161,3907,SciFact
18,0.0001,0.06972314591201335,muon,0.8901218055772269,0.9746818938298829,0.25,verified-v3-muon-1e-4,0.8880158835937564,3907,TRECCOVID
18,0.0001,0.30881778470657484,muon,1.0143181219202162,1.0,0.25,verified-v3-muon-1e-4,1.0,3907,Touche2020
19,0.0001,0.24264201340146999,muon,1.0054713769185102,1.0,0.25,verified-v3-muon-1e-4,1.0,3907,ArguAna
19,0.0001,0.0020059744092939934,muon,0.2220655174580379,0.967181602610223,0.25,verified-v3-muon-1e-4,0.7453634025471818,3907,ClimateFEVER
19,0.0001,0.3089280047780658,muon,1.0232588000106133,1.0,0.25,verified-v3-muon-1e-4,1.0,3907,DBPedia
19,0.0001,0.41137417459450704,muon,0.9882112341623615,1.0,0.25,verified-v3-muon-1e-4,1.0,3907,FEVER
19,0.0001,0.22138594841996398,muon,0.9854145396193194,1.0236115350940154,0.25,verified-v3-muon-1e-4,1.0,3907,FiQA2018
19,0.0001,0.30518948431931714,muon,1.0036094420479096,1.0,0.25,verified-v3-muon-1e-4,1.0,3907,HotpotQA
19,0.0001,0.4351425458662212,muon,0.9964612553281816,1.0,0.25,verified-v3-muon-1e-4,1.0,3907,MSMARCO
19,0.0001,-0.003029263766079166,muon,-1.6073586787078555,1.0102697450405707,0.25,verified-v3-muon-1e-4,0.7264420057173764,3907,NFCorpus
19,0.0001,0.4126003406445984,muon,0.9670183166138943,1.0,0.25,verified-v3-muon-1e-4,1.0,3907,NQ
19,0.0001,0.48426984408694246,muon,0.9940219883056943,1.0,0.25,verified-v3-muon-1e-4,1.0,3907,QuoraRetrieval
19,0.0001,0.09719591332794203,muon,0.9698358374175444,0.9961116122177031,0.25,verified-v3-muon-1e-4,0.8569002826102445,3907,SCIDOCS
19,0.0001,0.24797903863506435,muon,0.9286176541678899,0.9769331095982161,0.25,verified-v3-muon-1e-4,0.9769331095982161,3907,SciFact
19,0.0001,0.07372455247881098,muon,0.9412058350124618,1.0,0.25,verified-v3-muon-1e-4,0.9110827739955403,3907,TRECCOVID
19,0.0001,0.3002359367019761,muon,0.9861308724102822,1.0,0.25,verified-v3-muon-1e-4,1.0,3907,Touche2020
0,0.0001,0.2338024265653234,muon,0.968841481613342,1.0,0.5,verified-v3-muon-1e-4,1.0,3907,ArguAna
0,0.0001,-0.0017112991254143554,muon,-0.18944435385114183,0.9813171339199099,0.5,verified-v3-muon-1e-4,0.7562570213726079,3907,ClimateFEVER
0,0.0001,0.2800586355268895,muon,0.9276351087941301,0.9769331095982161,0.5,verified-v3-muon-1e-4,0.9769331095982161,3907,DBPedia
0,0.0001,0.4153926787911326,muon,0.9978645649664849,1.0,0.5,verified-v3-muon-1e-4,1.0,3907,FEVER
0,0.0001,0.21156463590806482,muon,0.9416987382487124,1.0236115350940154,0.5,verified-v3-muon-1e-4,1.0,3907,FiQA2018
0,0.0001,0.30495258340581727,muon,1.002830398188818,0.9769331095982161,0.5,verified-v3-muon-1e-4,0.9769331095982161,3907,HotpotQA
0,0.0001,0.4355252975032985,muon,0.9973377432294088,1.0,0.5,verified-v3-muon-1e-4,1.0,3907,MSMARCO
0,0.0001,-0.013824681732526559,muon,-7.335519082879952,0.9340325798879711,0.5,verified-v3-muon-1e-4,0.6716231027109945,3907,NFCorpus
0,0.0001,0.4224289472585617,muon,0.990053786259039,1.0,0.5,verified-v3-muon-1e-4,1.0,3907,NQ
0,0.0001,0.4860150998911507,muon,0.9976043353499792,1.0,0.5,verified-v3-muon-1e-4,1.0,3907,QuoraRetrieval
0,0.0001,0.0717803396944564,muon,0.7162353176599644,0.9998500072709748,0.5,verified-v3-muon-1e-4,0.8601162191964322,3907,SCIDOCS
0,0.0001,0.27740724417397866,muon,1.0388187072259807,1.0,0.5,verified-v3-muon-1e-4,1.0,3907,SciFact
0,0.0001,0.05796920377440614,muon,0.7400648903115246,0.9150639403879821,0.5,verified-v3-muon-1e-4,0.8336989931919725,3907,TRECCOVID
0,0.0001,0.3150086597111058,muon,1.0346521733208025,1.0,0.5,verified-v3-muon-1e-4,1.0,3907,Touche2020
1,0.0001,0.24802881547740255,muon,1.0277934604874168,1.0,0.5,verified-v3-muon-1e-4,1.0,3907,ArguAna
1,0.0001,0.0032902740255863518,muon,0.36424014218991485,0.9917109405879675,0.5,verified-v3-muon-1e-4,0.7642670611444697,3907,ClimateFEVER
1,0.0001,0.2881707295106911,muon,0.9545047076231565,1.0,0.5,verified-v3-muon-1e-4,1.0,3907,DBPedia
1,0.0001,0.3955114783543642,muon,0.9501055493704909,1.0,0.5,verified-v3-muon-1e-4,1.0,3907,FEVER
1,0.0001,0.2260048076117767,muon,1.0059736177204845,0.9763884649059846,0.5,verified-v3-muon-1e-4,0.9538662191964322,3907,FiQA2018
1,0.0001,0.29586760839197934,muon,0.972954641738713,0.9769331095982161,0.5,verified-v3-muon-1e-4,0.9769331095982161,3907,HotpotQA
1,0.0001,0.41037407892047073,muon,0.9397423297719919,1.0,0.5,verified-v3-muon-1e-4,1.0,3907,MSMARCO
1,0.0001,-0.02790899109549535,muon,-14.808799271179858,0.8023147525101856,0.5,verified-v3-muon-1e-4,0.5769104151552455,3907,NFCorpus
1,0.0001,0.426739844033032,muon,1.0001573071030396,1.0,0.5,verified-v3-muon-1e-4,1.0,3907,NQ
1,0.0001,0.4952861250880118,muon,1.016634227490365,1.0,0.5,verified-v3-muon-1e-4,1.0,3907,QuoraRetrieval
1,0.0001,0.0804709822343172,muon,0.8029518914001013,1.0659512555078423,0.5,verified-v3-muon-1e-4,0.9169795039933595,3907,SCIDOCS
1,0.0001,0.2567747863336094,muon,0.9615554647160455,0.9769331095982161,0.5,verified-v3-muon-1e-4,0.9769331095982161,3907,SciFact
1,0.0001,0.07179887640893441,muon,0.9166216565756703,0.9959154491212194,0.5,verified-v3-muon-1e-4,0.907361410050375,3907,TRECCOVID
1,0.0001,0.27147507728126,muon,0.8916652607870699,1.0,0.5,verified-v3-muon-1e-4,1.0,3907,Touche2020
2,0.0001,0.23212878176684654,muon,0.9619061536525874,1.0,0.5,verified-v3-muon-1e-4,1.0,3907,ArguAna
2,0.0001,-0.00828022040758493,muon,-0.9166375308467196,0.9854515656624085,0.5,verified-v3-muon-1e-4,0.7594432421432171,3907,ClimateFEVER
2,0.0001,0.2846905706878545,muon,0.9429774161965978,1.0,0.5,verified-v3-muon-1e-4,1.0,3907,DBPedia
2,0.0001,0.39746537328415177,muon,0.9547992346799594,1.0,0.5,verified-v3-muon-1e-4,1.0,3907,FEVER
2,0.0001,0.20871369807866763,muon,0.9290088832299582,1.0,0.5,verified-v3-muon-1e-4,0.9769331095982161,3907,FiQA2018
2,0.0001,0.3169974457457323,muon,1.0424396842016286,1.0,0.5,verified-v3-muon-1e-4,1.0,3907,HotpotQA
2,0.0001,0.425877170692543,muon,0.9752438692914497,1.0,0.5,verified-v3-muon-1e-4,1.0,3907,MSMARCO
2,0.0001,-0.00937313371314958,muon,-4.9734816720897035,1.0276878353873888,0.5,verified-v3-muon-1e-4,0.7389666136742354,3907,NFCorpus
2,0.0001,0.42607506909009757,muon,0.9985992629549442,1.0,0.5,verified-v3-muon-1e-4,1.0,3907,NQ
2,0.0001,0.4778455410431187,muon,0.9808353351141453,1.0,0.5,verified-v3-muon-1e-4,1.0,3907,QuoraRetrieval
2,0.0001,0.09935407081301156,muon,0.9913702661825616,0.9929276545866778,0.5,verified-v3-muon-1e-4,0.8541612981828164,3907,SCIDOCS
2,0.0001,0.26314867219519317,muon,0.9854240262255055,1.0,0.5,verified-v3-muon-1e-4,1.0,3907,SciFact
2,0.0001,0.07585338954603672,muon,0.9683836720029211,1.0,0.5,verified-v3-muon-1e-4,0.9110827739955403,3907,TRECCOVID
2,0.0001,0.29460442991322305,muon,0.9676340769780619,1.0,0.5,verified-v3-muon-1e-4,1.0,3907,Touche2020
3,0.0001,0.23910896713217242,muon,0.9908309737694078,1.0,0.5,verified-v3-muon-1e-4,1.0,3907,ArguAna
3,0.0001,-0.005171471261648396,muon,-0.5724925684079423,0.978831779134776,0.5,verified-v3-muon-1e-4,0.7543416701147005,3907,ClimateFEVER
3,0.0001,0.30033477980282985,muon,0.9947955563409494,1.0,0.5,verified-v3-muon-1e-4,1.0,3907,DBPedia
3,0.0001,0.40822380513682666,muon,0.9806433539158427,1.0,0.5,verified-v3-muon-1e-4,1.0,3907,FEVER
3,0.0001,0.22581063731501322,muon,1.0051093432037028,1.0236115350940154,0.5,verified-v3-muon-1e-4,1.0,3907,FiQA2018
3,0.0001,0.31024149186301586,muon,1.0202228666010582,1.0,0.5,verified-v3-muon-1e-4,1.0,3907,HotpotQA
3,0.0001,0.4349033790722256,muon,0.995913571710384,1.0,0.5,verified-v3-muon-1e-4,1.0,3907,MSMARCO
3,0.0001,0.010328336362779241,muon,5.480322075358453,1.0859882005098391,0.5,verified-v3-muon-1e-4,0.7808879266517981,3907,NFCorpus
3,0.0001,0.4206242569513259,muon,0.9858241034134403,1.0,0.5,verified-v3-muon-1e-4,1.0,3907,NQ
3,0.0001,0.48426503488389805,muon,0.9940121168391334,1.0,0.5,verified-v3-muon-1e-4,1.0,3907,QuoraRetrieval
3,0.0001,0.0914437281305212,muon,0.9124396449552256,1.004108296323454,0.5,verified-v3-muon-1e-4,0.8637793921258008,3907,SCIDOCS
3,0.0001,0.2731156599094981,muon,1.0227478290812735,0.9769331095982161,0.5,verified-v3-muon-1e-4,0.9769331095982161,3907,SciFact
3,0.0001,0.07783990854281975,muon,0.9937446027684576,1.025318106170117,0.5,verified-v3-muon-1e-4,0.9341496643973242,3907,TRECCOVID
3,0.0001,0.3003715510890721,muon,0.9865763005469915,1.0,0.5,verified-v3-muon-1e-4,1.0,3907,Touche2020
4,0.0001,0.23280306644167814,muon,0.964700286172895,1.0,0.5,verified-v3-muon-1e-4,1.0,3907,ArguAna
4,0.0001,-0.002172921877445796,muon,-0.240546947595767,0.9856714867700777,0.5,verified-v3-muon-1e-4,0.759612725459134,3907,ClimateFEVER
4,0.0001,0.30452402621405944,muon,1.008671550713111,0.9769331095982161,0.5,verified-v3-muon-1e-4,0.9769331095982161,3907,DBPedia
4,0.0001,0.40841763507328155,muon,0.9811089760490515,1.0,0.5,verified-v3-muon-1e-4,1.0,3907,FEVER
4,0.0001,0.2179981876867702,muon,0.9703352235784124,1.0,0.5,verified-v3-muon-1e-4,0.9769331095982161,3907,FiQA2018
4,0.0001,0.29616728777934165,muon,0.973940131338444,1.0,0.5,verified-v3-muon-1e-4,1.0,3907,HotpotQA
4,0.0001,0.417441827810878,muon,0.9559272282577511,1.0,0.5,verified-v3-muon-1e-4,1.0,3907,MSMARCO
4,0.0001,-0.01770264301681853,muon,-9.393205440799061,0.8943895077777616,0.5,verified-v3-muon-1e-4,0.643117455622273,3907,NFCorpus
4,0.0001,0.40449742500055746,muon,0.9480273777467007,1.0,0.5,verified-v3-muon-1e-4,1.0,3907,NQ
4,0.0001,0.47217976245762766,muon,0.9692056444290518,1.0,0.5,verified-v3-muon-1e-4,1.0,3907,QuoraRetrieval
4,0.0001,0.10938725774756962,muon,1.0914829552810499,1.0299982764651587,0.5,verified-v3-muon-1e-4,0.8860511245582822,3907,SCIDOCS
4,0.0001,0.2524012585660778,muon,0.9451777292498631,1.0,0.5,verified-v3-muon-1e-4,1.0,3907,SciFact
4,0.0001,0.08064694024414604,muon,1.0295806238431544,0.9774768038729915,0.5,verified-v3-muon-1e-4,0.8905622779888998,3907,TRECCOVID
4,0.0001,0.2871591944077808,muon,0.9431800537024617,1.0,0.5,verified-v3-muon-1e-4,1.0,3907,Touche2020
5,0.0001,0.22832513470456064,muon,0.9461444222219271,1.0,0.5,verified-v3-muon-1e-4,1.0,3907,ArguAna
5,0.0001,0.0008018416664387004,muon,0.08876553148043123,0.948661735235615,0.5,verified-v3-muon-1e-4,0.7310909729188616,3907,ClimateFEVER
5,0.0001,0.2921976724939437,muon,0.9678431061529837,1.0,0.5,verified-v3-muon-1e-4,1.0,3907,DBPedia
5,0.0001,0.3936583284017986,muon,0.9456538756515028,1.0,0.5,verified-v3-muon-1e-4,1.0,3907,FEVER
5,0.0001,0.219772073945671,muon,0.978230997107073,1.0236115350940154,0.5,verified-v3-muon-1e-4,1.0,3907,FiQA2018
5,0.0001,0.28480931100356077,muon,0.9365896546004975,1.0,0.5,verified-v3-muon-1e-4,1.0,3907,HotpotQA
5,0.0001,0.42642032636804467,muon,0.9764876768469063,1.0,0.5,verified-v3-muon-1e-4,1.0,3907,MSMARCO
5,0.0001,-0.01792635065002096,muon,-9.511907024249,0.882111901550071,0.5,verified-v3-muon-1e-4,0.6342891511647406,3907,NFCorpus
5,0.0001,0.4048271259229949,muon,0.9488001033108711,1.0,0.5,verified-v3-muon-1e-4,1.0,3907,NQ
5,0.0001,0.48499620416806377,muon,0.9955129295668076,1.0,0.5,verified-v3-muon-1e-4,1.0,3907,QuoraRetrieval
5,0.0001,0.09430881607737313,muon,0.9410279350702095,0.9945895246886843,0.5,verified-v3-muon-1e-4,0.8555909140437343,3907,SCIDOCS
5,0.0001,0.26137471615995217,muon,0.9787810176022375,1.0,0.5,verified-v3-muon-1e-4,1.0,3907,SciFact
5,0.0001,0.07772144709569706,muon,0.9922322625574005,0.9657001527282164,0.5,verified-v3-muon-1e-4,0.8798327739955403,3907,TRECCOVID
5,0.0001,0.27539682315944686,muon,0.9045463126914816,1.0,0.5,verified-v3-muon-1e-4,1.0,3907,Touche2020
6,0.0001,0.22366499232933074,muon,0.926833505266643,1.0,0.5,verified-v3-muon-1e-4,1.0,3907,ArguAna
6,0.0001,0.02729809268075463,muon,3.0219553393518983,1.021005222159742,0.5,verified-v3-muon-1e-4,0.7868428476654139,3907,ClimateFEVER
6,0.0001,0.27343670304744644,muon,0.9057013553698201,1.0,0.5,verified-v3-muon-1e-4,1.0,3907,DBPedia
6,0.0001,0.4041556283242391,muon,0.9708706985644936,1.0,0.5,verified-v3-muon-1e-4,1.0,3907,FEVER
6,0.0001,0.22092747471298557,muon,0.9833738199615718,0.9763884649059846,0.5,verified-v3-muon-1e-4,0.9538662191964322,3907,FiQA2018
6,0.0001,0.2760863848967279,muon,0.9079044886530887,0.9769331095982161,0.5,verified-v3-muon-1e-4,0.9769331095982161,3907,HotpotQA
6,0.0001,0.4128334522153871,muon,0.9453742088517415,1.0,0.5,verified-v3-muon-1e-4,1.0,3907,MSMARCO
6,0.0001,-0.00787338064778979,muon,-4.177697187252681,0.9412035620602746,0.5,verified-v3-muon-1e-4,0.6767794510009282,3907,NFCorpus
6,0.0001,0.39888862892024973,muon,0.9348819486000929,1.0,0.5,verified-v3-muon-1e-4,1.0,3907,NQ
6,0.0001,0.4639882013123631,muon,0.9523914818369212,1.0,0.5,verified-v3-muon-1e-4,1.0,3907,QuoraRetrieval
6,0.0001,0.09738908862042094,muon,0.9717633703264389,1.0191773258425274,0.5,verified-v3-muon-1e-4,0.8767424531876108,3907,SCIDOCS
6,0.0001,0.2674023445784133,muon,1.0013529341358134,1.0,0.5,verified-v3-muon-1e-4,1.0,3907,SciFact
6,0.0001,0.0867357908828584,muon,1.1073140458442243,1.025318106170117,0.5,verified-v3-muon-1e-4,0.9341496643973242,3907,TRECCOVID
6,0.0001,0.2883288602721162,muon,0.9470218443684821,0.9769331095982161,0.5,verified-v3-muon-1e-4,0.9769331095982161,3907,Touche2020
7,0.0001,0.23206900858225948,muon,0.9616584627215443,1.0,0.5,verified-v3-muon-1e-4,1.0,3907,ArguAna
7,0.0001,-0.005470017362714769,muon,-0.6055422394861077,0.9389121498100974,0.5,verified-v3-muon-1e-4,0.7235774055116899,3907,ClimateFEVER
7,0.0001,0.2982901046441707,muon,0.9880230015161963,1.0,0.5,verified-v3-muon-1e-4,1.0,3907,DBPedia
7,0.0001,0.39517345850024527,muon,0.9492935513457255,1.0,0.5,verified-v3-muon-1e-4,1.0,3907,FEVER
7,0.0001,0.20919076960777389,muon,0.9311323839515484,0.968012139528312,0.5,verified-v3-muon-1e-4,0.9456831095982161,3907,FiQA2018
7,0.0001,0.28947780017733343,muon,0.9519418867566829,1.0,0.5,verified-v3-muon-1e-4,1.0,3907,HotpotQA
7,0.0001,0.41858072883253594,muon,0.9585352718805061,1.0,0.5,verified-v3-muon-1e-4,1.0,3907,MSMARCO
7,0.0001,-0.013567478093324396,muon,-7.19904417227752,0.9278275881503414,0.5,verified-v3-muon-1e-4,0.6671613570579437,3907,NFCorpus
7,0.0001,0.41375284871107776,muon,0.9697194690380286,1.0,0.5,verified-v3-muon-1e-4,1.0,3907,NQ
7,0.0001,0.4973939355678128,muon,1.0209607615285392,1.0,0.5,verified-v3-muon-1e-4,1.0,3907,QuoraRetrieval
7,0.0001,0.09622510883870183,muon,0.9601490002599548,1.027547880731086,0.5,verified-v3-muon-1e-4,0.8839431832680897,3907,SCIDOCS
7,0.0001,0.2407920074736027,muon,0.901704072865521,1.0,0.5,verified-v3-muon-1e-4,1.0,3907,SciFact
7,0.0001,0.06799417007830408,muon,0.868048804269414,1.025318106170117,0.5,verified-v3-muon-1e-4,0.9341496643973242,3907,TRECCOVID
7,0.0001,0.28732156173234613,muon,0.9437133523914306,1.0,0.5,verified-v3-muon-1e-4,1.0,3907,Touche2020
8,0.0001,0.2271570679296589,muon,0.9413041322324519,1.0,0.5,verified-v3-muon-1e-4,1.0,3907,ArguAna
8,0.0001,0.0023346735095524157,muon,0.2584531879331403,0.9892186196722238,0.5,verified-v3-muon-1e-4,0.7623463414027121,3907,ClimateFEVER
8,0.0001,0.28533966807608446,muon,0.9451274142683082,1.0,0.5,verified-v3-muon-1e-4,1.0,3907,DBPedia
8,0.0001,0.40115617565431233,muon,0.963665353630817,1.0,0.5,verified-v3-muon-1e-4,1.0,3907,FEVER
8,0.0001,0.19475457261258433,muon,0.866875196368519,0.9763884649059846,0.5,verified-v3-muon-1e-4,0.9538662191964322,3907,FiQA2018
8,0.0001,0.2780137292241239,muon,0.9142425214636434,0.9769331095982161,0.5,verified-v3-muon-1e-4,0.9769331095982161,3907,HotpotQA
8,0.0001,0.4287924158570596,muon,0.9819196790549856,1.0,0.5,verified-v3-muon-1e-4,1.0,3907,MSMARCO
8,0.0001,-0.013601153264783635,muon,-7.216912566475508,0.8727197541488818,0.5,verified-v3-muon-1e-4,0.6275356574274427,3907,NFCorpus
8,0.0001,0.41621987410457406,muon,0.9755014776988442,1.0,0.5,verified-v3-muon-1e-4,1.0,3907,NQ
8,0.0001,0.49271442192031684,muon,1.0113554980231112,1.0,0.5,verified-v3-muon-1e-4,1.0,3907,QuoraRetrieval
8,0.0001,0.1007670517886102,muon,1.0054692086257602,1.0268143188341332,0.5,verified-v3-muon-1e-4,0.8833121401308539,3907,SCIDOCS
8,0.0001,0.2771143104321982,muon,1.037721745782723,0.9769331095982161,0.5,verified-v3-muon-1e-4,0.9769331095982161,3907,SciFact
8,0.0001,0.07426423155531167,muon,0.9480956577208814,1.0027949100431086,0.5,verified-v3-muon-1e-4,0.9136291683906836,3907,TRECCOVID
8,0.0001,0.2868638924296822,muon,0.942210128514672,1.0,0.5,verified-v3-muon-1e-4,1.0,3907,Touche2020
9,0.0001,0.23672654440616892,muon,0.9809585785269844,1.0,0.5,verified-v3-muon-1e-4,1.0,3907,ArguAna
9,0.0001,0.0008868523263378218,muon,0.0981763874178167,0.9245267141779878,0.5,verified-v3-muon-1e-4,0.7124911966539789,3907,ClimateFEVER
9,0.0001,0.2870157092326331,muon,0.9506789467810385,0.9769331095982161,0.5,verified-v3-muon-1e-4,0.9769331095982161,3907,DBPedia
9,0.0001,0.39397712703724336,muon,0.946419700082005,1.0,0.5,verified-v3-muon-1e-4,1.0,3907,FEVER
9,0.0001,0.21470408730742851,muon,0.9556728006381311,1.0,0.5,verified-v3-muon-1e-4,0.9769331095982161,3907,FiQA2018
9,0.0001,0.294913608020109,muon,0.9698174308251007,0.9769331095982161,0.5,verified-v3-muon-1e-4,0.9769331095982161,3907,HotpotQA
9,0.0001,0.41810283953872207,muon,0.9574409220630832,1.0,0.5,verified-v3-muon-1e-4,1.0,3907,MSMARCO
9,0.0001,-0.015799678133456597,muon,-8.383472595875133,0.9010248164034297,0.5,verified-v3-muon-1e-4,0.6478886238476369,3907,NFCorpus
9,0.0001,0.4039465109607878,muon,0.9467361913009873,1.0,0.5,verified-v3-muon-1e-4,1.0,3907,NQ
9,0.0001,0.49294918086653106,muon,1.0118373689414386,1.0,0.5,verified-v3-muon-1e-4,1.0,3907,QuoraRetrieval
9,0.0001,0.06484786559889179,muon,0.6470620202481431,1.0162172462652845,0.5,verified-v3-muon-1e-4,0.8741960587924675,3907,SCIDOCS
9,0.0001,0.26148093680921936,muon,0.979178786585816,1.0,0.5,verified-v3-muon-1e-4,1.0,3907,SciFact
9,0.0001,0.06925462370688903,muon,0.8841404083565023,0.9746818938298829,0.5,verified-v3-muon-1e-4,0.8880158835937564,3907,TRECCOVID
9,0.0001,0.2903445442265512,muon,0.9536423981846748,1.0,0.5,verified-v3-muon-1e-4,1.0,3907,Touche2020
10,0.0001,0.2294343239139976,muon,0.9507407325889633,1.0,0.5,verified-v3-muon-1e-4,1.0,3907,ArguAna
10,0.0001,0.006968069843927062,muon,0.7713797486180353,0.9530091219551731,0.5,verified-v3-muon-1e-4,0.7344413085215376,3907,ClimateFEVER
10,0.0001,0.30381031498163436,muon,1.0063075329227198,0.9769331095982161,0.5,verified-v3-muon-1e-4,0.9769331095982161,3907,DBPedia
10,0.0001,0.4066370488944223,muon,0.9768316164722687,1.0,0.5,verified-v3-muon-1e-4,1.0,3907,FEVER
10,0.0001,0.21968164696485307,muon,0.9778284961249292,1.0,0.5,verified-v3-muon-1e-4,0.9769331095982161,3907,FiQA2018
10,0.0001,0.300302759917823,muon,0.9875395477625153,1.0,0.5,verified-v3-muon-1e-4,1.0,3907,HotpotQA
10,0.0001,0.42141574081717853,muon,0.9650273504600986,1.0,0.5,verified-v3-muon-1e-4,1.0,3907,MSMARCO
10,0.0001,-0.016804656350080223,muon,-8.91672442970046,0.8444495436925898,0.5,verified-v3-muon-1e-4,0.6072077514530869,3907,NFCorpus
10,0.0001,0.4287237350193739,muon,1.0048069855763067,1.0,0.5,verified-v3-muon-1e-4,1.0,3907,NQ
10,0.0001,0.4743286119503655,muon,0.9736164159677344,1.0,0.5,verified-v3-muon-1e-4,1.0,3907,QuoraRetrieval
10,0.0001,0.09131354216192453,muon,0.9111406292502342,1.0229259310518364,0.5,verified-v3-muon-1e-4,0.8799671730120284,3907,SCIDOCS
10,0.0001,0.26531610867805655,muon,0.9935405178183151,1.0,0.5,verified-v3-muon-1e-4,1.0,3907,SciFact
10,0.0001,0.04754333984984327,muon,0.6069629096156797,0.8909716048789956,0.5,verified-v3-muon-1e-4,0.8117488813244138,3907,TRECCOVID
10,0.0001,0.2823077017762169,muon,0.927245230197289,1.0,0.5,verified-v3-muon-1e-4,1.0,3907,Touche2020
11,0.0001,0.2341315307767493,muon,0.9702052391093062,1.0,0.5,verified-v3-muon-1e-4,1.0,3907,ArguAna
11,0.0001,-0.0050203498419216525,muon,-0.5557631145748678,0.9871136495459873,0.5,verified-v3-muon-1e-4,0.7607241355095091,3907,ClimateFEVER
11,0.0001,0.2806485096784333,muon,0.9295889423965569,0.9769331095982161,0.5,verified-v3-muon-1e-4,0.9769331095982161,3907,DBPedia
11,0.0001,0.41701946776107984,muon,1.0017724698253592,1.0,0.5,verified-v3-muon-1e-4,1.0,3907,FEVER
11,0.0001,0.218914443922949,muon,0.9744135863814333,1.0236115350940154,0.5,verified-v3-muon-1e-4,1.0,3907,FiQA2018
11,0.0001,0.2878499068925018,muon,0.9465885926386128,1.0,0.5,verified-v3-muon-1e-4,1.0,3907,HotpotQA
11,0.0001,0.42310058864431377,muon,0.9688855932286194,1.0,0.5,verified-v3-muon-1e-4,1.0,3907,MSMARCO
11,0.0001,-0.020208063614606864,muon,-10.722607517555442,0.9421347006966924,0.5,verified-v3-muon-1e-4,0.6774489931919725,3907,NFCorpus
11,0.0001,0.41958239806594877,muon,0.9833822813249936,1.0,0.5,verified-v3-muon-1e-4,1.0,3907,NQ
11,0.0001,0.4849619339005418,muon,0.9954425857288051,1.0,0.5,verified-v3-muon-1e-4,1.0,3907,QuoraRetrieval
11,0.0001,0.0897262050653536,muon,0.895301934498505,1.0158473449951022,0.5,verified-v3-muon-1e-4,0.8738778529819244,3907,SCIDOCS
11,0.0001,0.2752548315828476,muon,1.030758476239607,1.0,0.5,verified-v3-muon-1e-4,1.0,3907,SciFact
11,0.0001,0.0711008029814479,muon,0.9077096895154932,0.9493637876597658,0.5,verified-v3-muon-1e-4,0.8649489931919725,3907,TRECCOVID
11,0.0001,0.30593685130935516,muon,1.0048556391955843,1.0,0.5,verified-v3-muon-1e-4,1.0,3907,Touche2020
12,0.0001,0.22174566284376523,muon,0.9188800975547692,1.0,0.5,verified-v3-muon-1e-4,1.0,3907,ArguAna
12,0.0001,-0.004923695251342101,muon,-0.5450632514199351,0.9588242236890374,0.5,verified-v3-muon-1e-4,0.7389227461365766,3907,ClimateFEVER
12,0.0001,0.2712613498671596,muon,0.8984959571850272,0.96875,0.5,verified-v3-muon-1e-4,0.96875,3907,DBPedia
12,0.0001,0.40025104656143917,muon,0.9614910344995148,1.0,0.5,verified-v3-muon-1e-4,1.0,3907,FEVER
12,0.0001,0.2196224615510036,muon,0.977565054981727,1.0236115350940154,0.5,verified-v3-muon-1e-4,1.0,3907,FiQA2018
12,0.0001,0.3028799992517327,muon,0.9960147471479002,1.0,0.5,verified-v3-muon-1e-4,1.0,3907,HotpotQA
12,0.0001,0.41415512669272087,muon,0.9484007973141442,1.0,0.5,verified-v3-muon-1e-4,1.0,3907,MSMARCO
12,0.0001,-0.01905074125511935,muon,-10.108520306195619,0.9331898340468459,0.5,verified-v3-muon-1e-4,0.6710171200195971,3907,NFCorpus
12,0.0001,0.3961388676843679,muon,0.9284372872184314,1.0,0.5,verified-v3-muon-1e-4,1.0,3907,NQ
12,0.0001,0.4869148504979485,muon,0.9994511814794025,1.0,0.5,verified-v3-muon-1e-4,1.0,3907,QuoraRetrieval
12,0.0001,0.09252006009899626,muon,0.9231794516018614,1.0061440372082684,0.5,verified-v3-muon-1e-4,0.8655306285516415,3907,SCIDOCS
12,0.0001,0.24950397604390062,muon,0.9343281521484484,0.9769331095982161,0.5,verified-v3-muon-1e-4,0.9769331095982161,3907,SciFact
12,0.0001,0.07643075099805459,muon,0.9757545674411358,0.9657001527282164,0.5,verified-v3-muon-1e-4,0.8798327739955403,3907,TRECCOVID
12,0.0001,0.2875031038113589,muon,0.9443096309406362,1.0,0.5,verified-v3-muon-1e-4,1.0,3907,Touche2020
13,0.0001,0.22601676757573436,muon,0.9365789020429706,1.0,0.5,verified-v3-muon-1e-4,1.0,3907,ArguAna
13,0.0001,0.008572965789059618,muon,0.949045050264431,0.9889687153498011,0.5,verified-v3-muon-1e-4,0.7621537513704271,3907,ClimateFEVER
13,0.0001,0.2983943742533606,muon,0.9883683725849468,1.0,0.5,verified-v3-muon-1e-4,1.0,3907,DBPedia
13,0.0001,0.407639846971513,muon,0.9792405579824017,1.0,0.5,verified-v3-muon-1e-4,1.0,3907,FEVER
13,0.0001,0.21026769148392585,muon,0.935925888157069,1.0,0.5,verified-v3-muon-1e-4,0.9769331095982161,3907,FiQA2018
13,0.0001,0.30013090542768217,muon,0.9869744077500788,1.0,0.5,verified-v3-muon-1e-4,1.0,3907,HotpotQA
13,0.0001,0.4258478764424436,muon,0.975176786480299,1.0,0.5,verified-v3-muon-1e-4,1.0,3907,MSMARCO
13,0.0001,-0.008374447836223601,muon,-4.443568618774561,0.9748285524119751,0.5,verified-v3-muon-1e-4,0.7009577514530869,3907,NFCorpus
13,0.0001,0.4272928061808944,muon,1.0014532937339322,1.0,0.5,verified-v3-muon-1e-4,1.0,3907,NQ
13,0.0001,0.4906251443817604,muon,1.007067005071596,1.0,0.5,verified-v3-muon-1e-4,1.0,3907,QuoraRetrieval
13,0.0001,0.09195056679800241,muon,0.9174969594726963,1.0050366045285082,0.5,verified-v3-muon-1e-4,0.864577964849483,3907,SCIDOCS
13,0.0001,0.25666454766853786,muon,0.9611426492977714,0.9769331095982161,0.5,verified-v3-muon-1e-4,0.9769331095982161,3907,SciFact
13,0.0001,0.05518540388843255,muon,0.7045254586284578,0.9657001527282164,0.5,verified-v3-muon-1e-4,0.8798327739955403,3907,TRECCOVID
13,0.0001,0.2991993241878889,muon,0.9827260981047902,1.0,0.5,verified-v3-muon-1e-4,1.0,3907,Touche2020
14,0.0001,0.22959203108522314,muon,0.9513942469757719,1.0,0.5,verified-v3-muon-1e-4,1.0,3907,ArguAna
14,0.0001,0.004317639859043187,muon,0.4779716655674218,0.9848712329526659,0.5,verified-v3-muon-1e-4,0.7589960058000362,3907,ClimateFEVER
14,0.0001,0.30769101859850273,muon,1.0191615444230575,1.0,0.5,verified-v3-muon-1e-4,1.0,3907,DBPedia
14,0.0001,0.4083892462581733,muon,0.9810407798720742,1.0,0.5,verified-v3-muon-1e-4,1.0,3907,FEVER
14,0.0001,0.21850318231764207,muon,0.9725830132653479,1.0,0.5,verified-v3-muon-1e-4,0.9769331095982161,3907,FiQA2018
14,0.0001,0.30880514584725793,muon,1.015499471800357,0.9769331095982161,0.5,verified-v3-muon-1e-4,0.9769331095982161,3907,HotpotQA
14,0.0001,0.4292277507527136,muon,0.98291658078462,1.0,0.5,verified-v3-muon-1e-4,1.0,3907,MSMARCO
14,0.0001,-0.018358463217359164,muon,-9.741190420784909,0.9540682922879727,0.5,verified-v3-muon-1e-4,0.6860299313558028,3907,NFCorpus
14,0.0001,0.4012089134029536,muon,0.94032003813493,1.0,0.5,verified-v3-muon-1e-4,1.0,3907,NQ
14,0.0001,0.4841386450601592,muon,0.9937526865536664,1.0,0.5,verified-v3-muon-1e-4,1.0,3907,QuoraRetrieval
14,0.0001,0.10019755330289502,muon,0.9997866647626447,0.9977734823197099,0.5,verified-v3-muon-1e-4,0.8583298984711626,3907,SCIDOCS
14,0.0001,0.2514847616009342,muon,0.9417456840798029,1.0,0.5,verified-v3-muon-1e-4,1.0,3907,SciFact
14,0.0001,0.07505099991382458,muon,0.9581399502250422,1.0012257706611305,0.5,verified-v3-muon-1e-4,0.9121995525297655,3907,TRECCOVID
14,0.0001,0.28667602654007424,muon,0.941593079284489,1.0,0.5,verified-v3-muon-1e-4,1.0,3907,Touche2020
15,0.0001,0.23073264222306777,muon,0.9561207650062652,1.0,0.5,verified-v3-muon-1e-4,1.0,3907,ArguAna
15,0.0001,0.011892422092608972,muon,1.3165157310028108,0.9867262987564797,0.5,verified-v3-muon-1e-4,0.7604256216609542,3907,ClimateFEVER
15,0.0001,0.2967492665229394,muon,0.9829193005161059,1.0,0.5,verified-v3-muon-1e-4,1.0,3907,DBPedia
15,0.0001,0.40379904860706106,muon,0.9700141156670933,1.0,0.5,verified-v3-muon-1e-4,1.0,3907,FEVER
15,0.0001,0.20990517200292944,muon,0.9343122718909117,1.0236115350940154,0.5,verified-v3-muon-1e-4,1.0,3907,FiQA2018
15,0.0001,0.2795690658302421,muon,0.9193572144123355,1.0,0.5,verified-v3-muon-1e-4,1.0,3907,HotpotQA
15,0.0001,0.43340817808143994,muon,0.9924896135835585,1.0,0.5,verified-v3-muon-1e-4,1.0,3907,MSMARCO
15,0.0001,-0.04225599468015022,muon,-22.421467729924117,0.8326662849466985,0.5,verified-v3-muon-1e-4,0.5987349112445459,3907,NFCorpus
15,0.0001,0.41585008460361284,muon,0.9746347958629485,1.0,0.5,verified-v3-muon-1e-4,1.0,3907,NQ
15,0.0001,0.48627496184333296,muon,0.9981377332015019,1.0,0.5,verified-v3-muon-1e-4,1.0,3907,QuoraRetrieval
15,0.0001,0.0906525898147972,muon,0.904545544630714,0.9977734823197099,0.5,verified-v3-muon-1e-4,0.8583298984711626,3907,SCIDOCS
15,0.0001,0.2566499701109576,muon,0.9610880600978204,1.0,0.5,verified-v3-muon-1e-4,1.0,3907,SciFact
15,0.0001,0.05311079903370368,muon,0.6780399781614561,0.8971004581846491,0.5,verified-v3-muon-1e-4,0.8173327739955403,3907,TRECCOVID
15,0.0001,0.30862310736647636,muon,1.0136787003461747,1.0,0.5,verified-v3-muon-1e-4,1.0,3907,Touche2020
16,0.0001,0.2437219496434879,muon,1.009946467464554,1.0,0.5,verified-v3-muon-1e-4,1.0,3907,ArguAna
16,0.0001,-0.0011219428113335792,muon,-0.12420139050767055,0.9331226003146299,0.5,verified-v3-muon-1e-4,0.719115659858639,3907,ClimateFEVER
16,0.0001,0.2809268038963023,muon,0.9305107332443342,1.0,0.5,verified-v3-muon-1e-4,1.0,3907,DBPedia
16,0.0001,0.403846065515274,muon,0.9701270606202796,1.0,0.5,verified-v3-muon-1e-4,1.0,3907,FEVER
16,0.0001,0.23400647036445804,muon,1.041589946913451,1.0,0.5,verified-v3-muon-1e-4,0.9769331095982161,3907,FiQA2018
16,0.0001,0.29777473403200716,muon,0.9792261858050904,1.0,0.5,verified-v3-muon-1e-4,1.0,3907,HotpotQA
16,0.0001,0.4286088520159275,muon,0.9814993242602064,1.0,0.5,verified-v3-muon-1e-4,1.0,3907,MSMARCO
16,0.0001,0.004242240627990708,muon,2.250976744555207,0.9556091917904539,0.5,verified-v3-muon-1e-4,0.6871379266517981,3907,NFCorpus
16,0.0001,0.42834220569819337,muon,1.0039127889274857,1.0,0.5,verified-v3-muon-1e-4,1.0,3907,NQ
16,0.0001,0.4895621506771899,muon,1.0048850828877651,1.0,0.5,verified-v3-muon-1e-4,1.0,3907,QuoraRetrieval
16,0.0001,0.08676330706024153,muon,0.8657376805131006,1.002810086848218,0.5,verified-v3-muon-1e-4,0.8626626135915756,3907,SCIDOCS
16,0.0001,0.26971182552622647,muon,1.0100013456786123,1.0,0.5,verified-v3-muon-1e-4,1.0,3907,SciFact
16,0.0001,0.08301562376422816,muon,1.0598204649197063,1.0012257706611305,0.5,verified-v3-muon-1e-4,0.9121995525297655,3907,TRECCOVID
16,0.0001,0.2980557629956728,muon,0.9789700487506651,1.0,0.5,verified-v3-muon-1e-4,1.0,3907,Touche2020
17,0.0001,0.23634686054186196,muon,0.9793852266886661,1.0,0.5,verified-v3-muon-1e-4,1.0,3907,ArguAna
17,0.0001,0.012258727918273886,muon,1.3570665437885043,0.9843897875453966,0.5,verified-v3-muon-1e-4,0.7586249774575466,3907,ClimateFEVER
17,0.0001,0.29789532141714326,muon,0.9867153654168318,1.0,0.5,verified-v3-muon-1e-4,1.0,3907,DBPedia
17,0.0001,0.4120760401460357,muon,0.9898972695669317,1.0,0.5,verified-v3-muon-1e-4,1.0,3907,FEVER
17,0.0001,0.22523215644553007,muon,1.0025344577434976,1.0,0.5,verified-v3-muon-1e-4,0.9769331095982161,3907,FiQA2018
17,0.0001,0.2894116208970775,muon,0.9517242575330518,1.0,0.5,verified-v3-muon-1e-4,1.0,3907,HotpotQA
17,0.0001,0.42004343655578097,muon,0.9618848215577999,1.0,0.5,verified-v3-muon-1e-4,1.0,3907,MSMARCO
17,0.0001,-0.004542985937297696,muon,-2.41055531556256,1.0093921474011893,0.5,verified-v3-muon-1e-4,0.7258109625801404,3907,NFCorpus
17,0.0001,0.4158340333660857,muon,0.9745971763091964,1.0,0.5,verified-v3-muon-1e-4,1.0,3907,NQ
17,0.0001,0.477539042078154,muon,0.9802062091954289,1.0,0.5,verified-v3-muon-1e-4,1.0,3907,QuoraRetrieval
17,0.0001,0.07591674806824525,muon,0.7575090393807435,0.9945895246886843,0.5,verified-v3-muon-1e-4,0.8555909140437343,3907,SCIDOCS
17,0.0001,0.23815930701426538,muon,0.8918452874692507,0.9769331095982161,0.5,verified-v3-muon-1e-4,0.9769331095982161,3907,SciFact
17,0.0001,0.06521053991400501,muon,0.8325115393411803,0.9493637876597658,0.5,verified-v3-muon-1e-4,0.8649489931919725,3907,TRECCOVID
17,0.0001,0.2829978759148911,muon,0.9295121208065947,1.0,0.5,verified-v3-muon-1e-4,1.0,3907,Touche2020
18,0.0001,0.2325598880506495,muon,0.9636925921291606,1.0,0.5,verified-v3-muon-1e-4,1.0,3907,ArguAna
18,0.0001,0.011718556564283516,muon,1.2972684572904325,0.9418104076231361,0.5,verified-v3-muon-1e-4,0.7258109625801406,3907,ClimateFEVER
18,0.0001,0.3006856664174892,muon,0.9959577941785778,1.0,0.5,verified-v3-muon-1e-4,1.0,3907,DBPedia
18,0.0001,0.39833253656749934,muon,0.9568823515875822,1.0,0.5,verified-v3-muon-1e-4,1.0,3907,FEVER
18,0.0001,0.22303115188912545,muon,0.9927375311222328,1.0,0.5,verified-v3-muon-1e-4,0.9769331095982161,3907,FiQA2018
18,0.0001,0.3172658392188597,muon,1.0433222907056354,1.0,0.5,verified-v3-muon-1e-4,1.0,3907,HotpotQA
18,0.0001,0.4474564106046874,muon,1.0246595761584454,1.0,0.5,verified-v3-muon-1e-4,1.0,3907,MSMARCO
18,0.0001,-0.022230498247061112,muon,-11.795732246737481,0.8774186981822863,0.5,verified-v3-muon-1e-4,0.6309144682303367,3907,NFCorpus
18,0.0001,0.4240814278474922,muon,0.9939267326430584,1.0,0.5,verified-v3-muon-1e-4,1.0,3907,NQ
18,0.0001,0.48284797781906175,muon,0.9911034371054469,1.0,0.5,verified-v3-muon-1e-4,1.0,3907,QuoraRetrieval
18,0.0001,0.08154676103089714,muon,0.8136861784121171,0.9761520013865217,0.5,verified-v3-muon-1e-4,0.8397301222062798,3907,SCIDOCS
18,0.0001,0.2776956608330525,muon,1.0398987533574857,0.96875,0.5,verified-v3-muon-1e-4,0.96875,3907,SciFact
18,0.0001,0.06822472786388865,muon,0.8709922244164827,0.9746818938298829,0.5,verified-v3-muon-1e-4,0.8880158835937564,3907,TRECCOVID
18,0.0001,0.28304767252471735,muon,0.9296756787564873,1.0,0.5,verified-v3-muon-1e-4,1.0,3907,Touche2020
19,0.0001,0.23716727724865005,muon,0.9827849079897617,1.0,0.5,verified-v3-muon-1e-4,1.0,3907,ArguAna
19,0.0001,0.012571454384524191,muon,1.391686010631623,1.0272762170624785,0.5,verified-v3-muon-1e-4,0.7916756216609542,3907,ClimateFEVER
19,0.0001,0.3027710096880775,muon,1.0028650535389112,1.0,0.5,verified-v3-muon-1e-4,1.0,3907,DBPedia
19,0.0001,0.4048291590754297,muon,0.972488667547443,1.0,0.5,verified-v3-muon-1e-4,1.0,3907,FEVER
19,0.0001,0.22210046129786873,muon,0.9885949193302165,1.0,0.5,verified-v3-muon-1e-4,0.9769331095982161,3907,FiQA2018
19,0.0001,0.30817199187521765,muon,1.0134173577785484,1.0,0.5,verified-v3-muon-1e-4,1.0,3907,HotpotQA
19,0.0001,0.44383651950270325,muon,1.0163701517711932,1.0,0.5,verified-v3-muon-1e-4,1.0,3907,MSMARCO
19,0.0001,-0.014720077834620305,muon,-7.810625513590138,0.9331898340468459,0.5,verified-v3-muon-1e-4,0.6710171200195971,3907,NFCorpus
19,0.0001,0.43532269849173766,muon,1.0202730865942369,1.0,0.5,verified-v3-muon-1e-4,1.0,3907,NQ
19,0.0001,0.4868678644105612,muon,0.9993547368946782,1.0,0.5,verified-v3-muon-1e-4,1.0,3907,QuoraRetrieval
19,0.0001,0.08631726547086264,muon,0.8612870086324963,0.9961116122177031,0.5,verified-v3-muon-1e-4,0.8569002826102445,3907,SCIDOCS
19,0.0001,0.259811834629098,muon,0.9729284286539436,1.0,0.5,verified-v3-muon-1e-4,1.0,3907,SciFact
19,0.0001,0.06200516894929154,muon,0.7915901128430686,0.9493637876597658,0.5,verified-v3-muon-1e-4,0.8649489931919725,3907,TRECCOVID
19,0.0001,0.28915731621936486,muon,0.9497429243131018,1.0,0.5,verified-v3-muon-1e-4,1.0,3907,Touche2020
0,0.0001,0.21340381183739657,muon,0.8843127433697179,1.0,0.75,verified-v3-muon-1e-4,1.0,3907,ArguAna
0,0.0001,-0.008295039998517465,muon,-0.9182780902245973,0.992522814382557,0.75,verified-v3-muon-1e-4,0.7648927357978553,3907,ClimateFEVER
0,0.0001,0.2737087557383676,muon,0.9066024724771916,1.0,0.75,verified-v3-muon-1e-4,1.0,3907,DBPedia
0,0.0001,0.34986076313407366,muon,0.8404424921970419,1.0,0.75,verified-v3-muon-1e-4,1.0,3907,FEVER
0,0.0001,0.20009413409821644,muon,0.8906422039888577,1.0,0.75,verified-v3-muon-1e-4,0.9769331095982161,3907,FiQA2018
0,0.0001,0.2385319885276716,muon,0.7844076163068583,1.0,0.75,verified-v3-muon-1e-4,1.0,3907,HotpotQA
0,0.0001,0.4059189945091242,muon,0.9295403418319568,1.0,0.75,verified-v3-muon-1e-4,1.0,3907,MSMARCO
0,0.0001,-0.009553681016291938,muon,-5.069281938105754,0.955601725789358,0.75,verified-v3-muon-1e-4,0.6871325581679477,3907,NFCorpus
0,0.0001,0.373787612816382,muon,0.8760522774947833,1.0,0.75,verified-v3-muon-1e-4,1.0,3907,NQ
0,0.0001,0.4338131434180282,muon,0.8904535531973233,1.0,0.75,verified-v3-muon-1e-4,1.0,3907,QuoraRetrieval
0,0.0001,0.05152967914604148,muon,0.5141710985094631,0.9729618031120845,0.75,verified-v3-muon-1e-4,0.8369857692950013,3907,SCIDOCS
0,0.0001,0.2394023460545157,muon,0.8965001486379606,1.0,0.75,verified-v3-muon-1e-4,1.0,3907,SciFact
0,0.0001,0.04233254683823299,muon,0.5404392262202555,0.8640204891523594,0.75,verified-v3-muon-1e-4,0.7871941840459152,3907,TRECCOVID
0,0.0001,0.2889842939071787,muon,0.9491746291065492,1.0,0.75,verified-v3-muon-1e-4,1.0,3907,Touche2020
1,0.0001,0.21450821964933955,muon,0.8888892403571401,1.0,0.75,verified-v3-muon-1e-4,1.0,3907,ArguAna
1,0.0001,-0.006040594658839616,muon,-0.6687063266881806,0.9742528513303715,0.75,verified-v3-muon-1e-4,0.7508128962018201,3907,ClimateFEVER
1,0.0001,0.2625673366311317,muon,0.8696988736782555,0.9769331095982161,0.75,verified-v3-muon-1e-4,0.9769331095982161,3907,DBPedia
1,0.0001,0.39538021757214115,muon,0.9497902321055566,1.0,0.75,verified-v3-muon-1e-4,1.0,3907,FEVER
1,0.0001,0.19033821059234052,muon,0.8472174566699033,1.0236115350940154,0.75,verified-v3-muon-1e-4,1.0,3907,FiQA2018
1,0.0001,0.26040951760032627,muon,0.8563514278538543,0.9769331095982161,0.75,verified-v3-muon-1e-4,0.9769331095982161,3907,HotpotQA
1,0.0001,0.4110975671792188,muon,0.9413990926543531,1.0,0.75,verified-v3-muon-1e-4,1.0,3907,MSMARCO
1,0.0001,-0.04775243248050748,muon,-25.337934463297138,0.8318749895589457,0.75,verified-v3-muon-1e-4,0.5981659243859214,3907,NFCorpus
1,0.0001,0.3925962777279539,muon,0.9201344599091937,1.0,0.75,verified-v3-muon-1e-4,1.0,3907,NQ
1,0.0001,0.4815274544293551,muon,0.9883929043281783,1.0,0.75,verified-v3-muon-1e-4,1.0,3907,QuoraRetrieval
1,0.0001,0.05990452399332985,muon,0.5977365940906125,0.9917856784838786,0.75,verified-v3-muon-1e-4,0.8531789186650792,3907,SCIDOCS
1,0.0001,0.24139518386250985,muon,0.9039628131461491,1.0,0.75,verified-v3-muon-1e-4,1.0,3907,SciFact
1,0.0001,0.06513667304531687,muon,0.8315685166237028,0.9248642132553909,0.75,verified-v3-muon-1e-4,0.8426278529819244,3907,TRECCOVID
1,0.0001,0.29805080364980036,muon,0.9789537596810569,1.0,0.75,verified-v3-muon-1e-4,1.0,3907,Touche2020
2,0.0001,0.2160039533494229,muon,0.8950873319483019,1.0,0.75,verified-v3-muon-1e-4,1.0,3907,ArguAna
2,0.0001,-0.0067315440043752475,muon,-0.7451958488090857,0.9798749711440006,0.75,verified-v3-muon-1e-4,0.755145611322233,3907,ClimateFEVER
2,0.0001,0.2686343084238798,muon,0.8897944369820925,0.9769331095982161,0.75,verified-v3-muon-1e-4,0.9769331095982161,3907,DBPedia
2,0.0001,0.3853511821547775,muon,0.9256982835115057,1.0,0.75,verified-v3-muon-1e-4,1.0,3907,FEVER
2,0.0001,0.1970440597622514,muon,0.8770659692773477,1.0236115350940154,0.75,verified-v3-muon-1e-4,1.0,3907,FiQA2018
2,0.0001,0.2843096397675325,muon,0.9349464958543297,1.0,0.75,verified-v3-muon-1e-4,1.0,3907,HotpotQA
2,0.0001,0.4043201108301898,muon,0.9258789539649921,1.0,0.75,verified-v3-muon-1e-4,1.0,3907,MSMARCO
2,0.0001,-0.014278655190374731,muon,-7.5764020939753305,0.9137073855831113,0.75,verified-v3-muon-1e-4,0.657008119940403,3907,NFCorpus
2,0.0001,0.4040843549595182,muon,0.9470592585854188,1.0,0.75,verified-v3-muon-1e-4,1.0,3907,NQ
2,0.0001,0.490017135111539,muon,1.0058189930570685,1.0,0.75,verified-v3-muon-1e-4,1.0,3907,QuoraRetrieval
2,0.0001,0.07147862091776033,muon,0.7132247210984163,0.9700017235348414,0.75,verified-v3-muon-1e-4,0.834439374899858,3907,SCIDOCS
2,0.0001,0.2617910827871537,muon,0.9803402034219496,0.96875,0.75,verified-v3-muon-1e-4,0.96875,3907,SciFact
2,0.0001,0.07334645806640788,muon,0.9363788858459453,0.9278705091766895,0.75,verified-v3-muon-1e-4,0.8453668374093526,3907,TRECCOVID
2,0.0001,0.27350782375183963,muon,0.8983418567750158,1.0,0.75,verified-v3-muon-1e-4,1.0,3907,Touche2020
3,0.0001,0.22449581998774865,muon,0.9302763279583145,1.0,0.75,verified-v3-muon-1e-4,1.0,3907,ArguAna
3,0.0001,-0.0018210329663924793,muon,-0.20159211708608835,0.9860888207743385,0.75,verified-v3-muon-1e-4,0.7599343460240569,3907,ClimateFEVER
3,0.0001,0.2742013264925557,muon,0.9082340091169757,0.9769331095982161,0.75,verified-v3-muon-1e-4,0.9769331095982161,3907,DBPedia
3,0.0001,0.38265204846331224,muon,0.9192143708083291,1.0,0.75,verified-v3-muon-1e-4,1.0,3907,FEVER
3,0.0001,0.21176171510467212,muon,0.9425759606161633,1.0,0.75,verified-v3-muon-1e-4,0.9769331095982161,3907,FiQA2018
3,0.0001,0.2849998452191057,muon,0.9372162225118413,1.0,0.75,verified-v3-muon-1e-4,1.0,3907,HotpotQA
3,0.0001,0.42118560900248225,muon,0.9645003566298199,1.0,0.75,verified-v3-muon-1e-4,1.0,3907,MSMARCO
3,0.0001,-0.01693564375136323,muon,-8.986227699310467,0.9168823263144706,0.75,verified-v3-muon-1e-4,0.6592910847864203,3907,NFCorpus
3,0.0001,0.3958330336929219,muon,0.9277204989794557,1.0,0.75,verified-v3-muon-1e-4,1.0,3907,NQ
3,0.0001,0.4733246087343039,muon,0.9715555788429769,1.0,0.75,verified-v3-muon-1e-4,1.0,3907,QuoraRetrieval
3,0.0001,0.05827230417874174,muon,0.5814500526452996,0.9495553199627589,0.75,verified-v3-muon-1e-4,0.8168504533529305,3907,SCIDOCS
3,0.0001,0.22780974380652635,muon,0.8530888378897501,0.96875,0.75,verified-v3-muon-1e-4,0.96875,3907,SciFact
3,0.0001,0.055258565679949356,muon,0.7054594799654524,0.9178588504310906,0.75,verified-v3-muon-1e-4,0.8362453875871158,3907,TRECCOVID
3,0.0001,0.29205013011520353,muon,0.9592444287704301,1.0,0.75,verified-v3-muon-1e-4,1.0,3907,Touche2020
4,0.0001,0.21189971891774514,muon,0.8780800124517089,1.0,0.75,verified-v3-muon-1e-4,1.0,3907,ArguAna
4,0.0001,0.007794139649519331,muon,0.8628273852306432,0.9347391589029875,0.75,verified-v3-muon-1e-4,0.7203614689255022,3907,ClimateFEVER
4,0.0001,0.2715642463203686,muon,0.8994992377437474,1.0,0.75,verified-v3-muon-1e-4,1.0,3907,DBPedia
4,0.0001,0.3613419662332309,muon,0.8680228669142214,1.0,0.75,verified-v3-muon-1e-4,1.0,3907,FEVER
4,0.0001,0.20286508621410654,muon,0.9029760333175704,1.0,0.75,verified-v3-muon-1e-4,0.9769331095982161,3907,FiQA2018
4,0.0001,0.26359702046521355,muon,0.8668334665089232,1.0,0.75,verified-v3-muon-1e-4,1.0,3907,HotpotQA
4,0.0001,0.39783909100358217,muon,0.9110376445743591,1.0,0.75,verified-v3-muon-1e-4,1.0,3907,MSMARCO
4,0.0001,-0.013875929495510878,muon,-7.3627116758524105,0.9378369624186899,0.75,verified-v3-muon-1e-4,0.674358672384043,3907,NFCorpus
4,0.0001,0.4113034517412834,muon,0.9639787764085721,1.0,0.75,verified-v3-muon-1e-4,1.0,3907,NQ
4,0.0001,0.4556133352983951,muon,0.935201063997268,1.0,0.75,verified-v3-muon-1e-4,1.0,3907,QuoraRetrieval
4,0.0001,0.08851991054173738,muon,0.8832653414008484,1.0426616638292354,0.75,verified-v3-muon-1e-4,0.8969447433837083,3907,SCIDOCS
4,0.0001,0.22364924344993758,muon,0.8375088352307921,0.9769331095982161,0.75,verified-v3-muon-1e-4,0.9769331095982161,3907,SciFact
4,0.0001,0.03046418593719746,muon,0.3889215817381285,0.9266447385155587,0.75,verified-v3-muon-1e-4,0.8442500588751273,3907,TRECCOVID
4,0.0001,0.24830149105378105,muon,0.8155511584767173,1.0,0.75,verified-v3-muon-1e-4,1.0,3907,Touche2020
5,0.0001,0.23362560915836972,muon,0.9681087773337302,1.0,0.75,verified-v3-muon-1e-4,1.0,3907,ArguAna
5,0.0001,-0.017411849679691248,muon,-1.9275277845558636,0.9788317791347759,0.75,verified-v3-muon-1e-4,0.7543416701147004,3907,ClimateFEVER
5,0.0001,0.26840535622950434,muon,0.8890360811708583,0.96875,0.75,verified-v3-muon-1e-4,0.96875,3907,DBPedia
5,0.0001,0.36954947573553265,muon,0.8877391096819248,1.0,0.75,verified-v3-muon-1e-4,1.0,3907,FEVER
5,0.0001,0.2273779252525781,muon,1.0120855236364223,0.9763884649059846,0.75,verified-v3-muon-1e-4,0.9538662191964322,3907,FiQA2018
5,0.0001,0.25918393182801436,muon,0.8523211138478682,1.0,0.75,verified-v3-muon-1e-4,1.0,3907,HotpotQA
5,0.0001,0.41820187473710146,muon,0.9576677092137222,1.0,0.75,verified-v3-muon-1e-4,1.0,3907,MSMARCO
5,0.0001,-0.025116832889688835,muon,-13.327251254568099,0.891022908136177,0.75,verified-v3-muon-1e-4,0.6406966770053879,3907,NFCorpus
5,0.0001,0.40248731192721376,muon,0.9433162421297216,1.0,0.75,verified-v3-muon-1e-4,1.0,3907,NQ
5,0.0001,0.4393966812844131,muon,0.9019144349340099,1.0,0.75,verified-v3-muon-1e-4,1.0,3907,QuoraRetrieval
5,0.0001,0.0726121694677377,muon,0.7245354436337506,0.9998500072709748,0.75,verified-v3-muon-1e-4,0.8601162191964322,3907,SCIDOCS
5,0.0001,0.22609599022387017,muon,0.8466712719514854,1.0,0.75,verified-v3-muon-1e-4,1.0,3907,SciFact
5,0.0001,0.025770286460500093,muon,0.32899682902159966,0.8965710654045677,0.75,verified-v3-muon-1e-4,0.8168504533529305,3907,TRECCOVID
5,0.0001,0.2545560737110779,muon,0.8360944589228754,1.0,0.75,verified-v3-muon-1e-4,1.0,3907,Touche2020
6,0.0001,0.2125870918039382,muon,0.8809283805172733,0.96875,0.75,verified-v3-muon-1e-4,0.96875,3907,ArguAna
6,0.0001,-0.013323260675934766,muon,-1.4749125225735455,0.9948407394858528,0.75,verified-v3-muon-1e-4,0.766679056523125,3907,ClimateFEVER
6,0.0001,0.27937857957483736,muon,0.9253825670152234,1.0,0.75,verified-v3-muon-1e-4,1.0,3907,DBPedia
6,0.0001,0.3606095416452442,muon,0.8662634219837305,1.0,0.75,verified-v3-muon-1e-4,1.0,3907,FEVER
6,0.0001,0.1746343756438105,muon,0.7773178654966272,0.9763884649059846,0.75,verified-v3-muon-1e-4,0.9538662191964322,3907,FiQA2018
6,0.0001,0.28474749253728165,muon,0.9363863658253648,1.0,0.75,verified-v3-muon-1e-4,1.0,3907,HotpotQA
6,0.0001,0.4226930123812437,muon,0.9679522577995767,1.0,0.75,verified-v3-muon-1e-4,1.0,3907,MSMARCO
6,0.0001,-0.0430727035191797,muon,-22.85482188517834,0.9523235189430659,0.75,verified-v3-muon-1e-4,0.6847753390507096,3907,NFCorpus
6,0.0001,0.38623216375976277,muon,0.9052187796006304,1.0,0.75,verified-v3-muon-1e-4,1.0,3907,NQ
6,0.0001,0.45163069586414867,muon,0.9270262184695677,1.0,0.75,verified-v3-muon-1e-4,1.0,3907,QuoraRetrieval
6,0.0001,0.06850620904403036,muon,0.6835655362622981,0.9919993463816237,0.75,verified-v3-muon-1e-4,0.853362725459134,3907,SCIDOCS
6,0.0001,0.22705724474449324,muon,0.8502709226433849,0.9538662191964322,0.75,verified-v3-muon-1e-4,0.9538662191964322,3907,SciFact
6,0.0001,0.028338400172131694,muon,0.3617826992519802,0.8971004581846491,0.75,verified-v3-muon-1e-4,0.8173327739955403,3907,TRECCOVID
6,0.0001,0.27986833988900395,muon,0.9192330978310377,0.9769331095982161,0.75,verified-v3-muon-1e-4,0.9769331095982161,3907,Touche2020
7,0.0001,0.21967668929877077,muon,0.9103065877576363,1.0,0.75,verified-v3-muon-1e-4,1.0,3907,ArguAna
7,0.0001,-0.01065273502820835,muon,-1.1792798080684552,1.015603023453782,0.75,verified-v3-muon-1e-4,0.7826796158609179,3907,ClimateFEVER
7,0.0001,0.27457619605975114,muon,0.9094756854219921,1.0,0.75,verified-v3-muon-1e-4,1.0,3907,DBPedia
7,0.0001,0.40308284102510483,muon,0.9682936275514282,1.0,0.75,verified-v3-muon-1e-4,1.0,3907,FEVER
7,0.0001,0.18546805099991293,muon,0.8255398113319941,1.0,0.75,verified-v3-muon-1e-4,0.9769331095982161,3907,FiQA2018
7,0.0001,0.31886393069380037,muon,1.0485775821750776,1.0,0.75,verified-v3-muon-1e-4,1.0,3907,HotpotQA
7,0.0001,0.3885381181828769,muon,0.8897387411673303,1.0,0.75,verified-v3-muon-1e-4,1.0,3907,MSMARCO
7,0.0001,-0.041905729348221156,muon,-22.235613322846397,0.8431445850979303,0.75,verified-v3-muon-1e-4,0.6062694112290663,3907,NFCorpus
7,0.0001,0.4128491296030217,muon,0.9676014074552416,1.0,0.75,verified-v3-muon-1e-4,1.0,3907,NQ
7,0.0001,0.4555213227514907,muon,0.9350121971992632,1.0,0.75,verified-v3-muon-1e-4,1.0,3907,QuoraRetrieval
7,0.0001,0.0905440126298905,muon,0.9034621447073743,1.0123226178395757,0.75,verified-v3-muon-1e-4,0.8708457231897917,3907,SCIDOCS
7,0.0001,0.24806585219475114,muon,0.9289427485976047,0.9769331095982161,0.75,verified-v3-muon-1e-4,0.9769331095982161,3907,SciFact
7,0.0001,0.04506069687563672,muon,0.5752682031032532,0.9567184116265498,0.75,verified-v3-muon-1e-4,0.8716496643973242,3907,TRECCOVID
7,0.0001,0.2625805792088348,muon,0.8624511059455102,0.9769331095982161,0.75,verified-v3-muon-1e-4,0.9769331095982161,3907,Touche2020
8,0.0001,0.22893486629528015,muon,0.9486710566389317,1.0,0.75,verified-v3-muon-1e-4,1.0,3907,ArguAna
8,0.0001,0.011185427848501977,muon,1.2382500054132553,1.0291882052684798,0.75,verified-v3-muon-1e-4,0.7931491050595311,3907,ClimateFEVER
8,0.0001,0.30398225340848406,muon,1.006877042664837,1.0,0.75,verified-v3-muon-1e-4,1.0,3907,DBPedia
8,0.0001,0.38428918710640014,muon,0.9231471378581215,1.0,0.75,verified-v3-muon-1e-4,1.0,3907,FEVER
8,0.0001,0.17781245561560116,muon,0.791463868143257,1.0,0.75,verified-v3-muon-1e-4,0.9769331095982161,3907,FiQA2018
8,0.0001,0.2776149744917308,muon,0.9129312245970965,1.0,0.75,verified-v3-muon-1e-4,1.0,3907,HotpotQA
8,0.0001,0.41394019865562537,muon,0.9479086196043708,1.0,0.75,verified-v3-muon-1e-4,1.0,3907,MSMARCO
8,0.0001,-0.025995219187448588,muon,-13.793332107206966,0.886046935992883,0.75,verified-v3-muon-1e-4,0.6371186670709984,3907,NFCorpus
8,0.0001,0.4224739115946741,muon,0.9901591699253421,1.0,0.75,verified-v3-muon-1e-4,1.0,3907,NQ
8,0.0001,0.46903581601550737,muon,0.9627523169471077,1.0,0.75,verified-v3-muon-1e-4,1.0,3907,QuoraRetrieval
8,0.0001,0.05750289506451405,muon,0.5737727696499128,1.0011482167462111,0.75,verified-v3-muon-1e-4,0.8612329977306574,3907,SCIDOCS
8,0.0001,0.23922851355510943,muon,0.8958491906831862,1.0,0.75,verified-v3-muon-1e-4,1.0,3907,SciFact
8,0.0001,0.06961426641445286,muon,0.8887317934988677,0.9759076644910135,0.75,verified-v3-muon-1e-4,0.8891326621279816,3907,TRECCOVID
8,0.0001,0.2838565592611244,muon,0.9323324832410417,0.96875,0.75,verified-v3-muon-1e-4,0.96875,3907,Touche2020
9,0.0001,0.2326562573990578,muon,0.9640919319635053,1.0,0.75,verified-v3-muon-1e-4,1.0,3907,ArguAna
9,0.0001,0.007450343903083799,muon,0.824768484788863,1.016657835440184,0.75,verified-v3-muon-1e-4,0.7834925120627381,3907,ClimateFEVER
9,0.0001,0.29042769050629785,muon,0.9619804144684924,0.96875,0.75,verified-v3-muon-1e-4,0.96875,3907,DBPedia
9,0.0001,0.3852011696072627,muon,0.9253379203825719,1.0,0.75,verified-v3-muon-1e-4,1.0,3907,FEVER
9,0.0001,0.19794463791366262,muon,0.8810745471062379,1.0236115350940154,0.75,verified-v3-muon-1e-4,1.0,3907,FiQA2018
9,0.0001,0.25481053326177944,muon,0.8379392811818391,1.0,0.75,verified-v3-muon-1e-4,1.0,3907,HotpotQA
9,0.0001,0.4214590460914821,muon,0.9651265180280709,1.0,0.75,verified-v3-muon-1e-4,1.0,3907,MSMARCO
9,0.0001,-0.032741013262304344,muon,-17.372720198931184,0.8682398548228627,0.75,verified-v3-muon-1e-4,0.6243143523574046,3907,NFCorpus
9,0.0001,0.4007658643649432,muon,0.9392816566972296,1.0,0.75,verified-v3-muon-1e-4,1.0,3907,NQ
9,0.0001,0.45378670459828296,muon,0.9314516852106349,1.0,0.75,verified-v3-muon-1e-4,1.0,3907,QuoraRetrieval
9,0.0001,0.043728925962113724,muon,0.4363339782275013,0.939305257561823,0.75,verified-v3-muon-1e-4,0.8080328858630988,3907,SCIDOCS
9,0.0001,0.23955302148427232,muon,0.8970643893289942,0.9769331095982161,0.75,verified-v3-muon-1e-4,0.9769331095982161,3907,SciFact
9,0.0001,0.04168042640725336,muon,0.5321139189225914,0.8849902672769911,0.75,verified-v3-muon-1e-4,0.8062993876697757,3907,TRECCOVID
9,0.0001,0.2799698843250195,muon,0.91956662253956,1.0,0.75,verified-v3-muon-1e-4,1.0,3907,Touche2020
10,0.0001,0.22134255350969012,muon,0.9172096741540592,1.0,0.75,verified-v3-muon-1e-4,1.0,3907,ArguAna
10,0.0001,0.0060223651397261265,muon,0.66668828120555,0.9428721857401478,0.75,verified-v3-muon-1e-4,0.7266292272658109,3907,ClimateFEVER
10,0.0001,0.2523675940378629,muon,0.8359143795405249,0.9644172848795871,0.75,verified-v3-muon-1e-4,0.9644172848795871,3907,DBPedia
10,0.0001,0.3734208066384348,muon,0.8970388978691118,1.0,0.75,verified-v3-muon-1e-4,1.0,3907,FEVER
10,0.0001,0.16449568476312706,muon,0.732189376187184,0.9763884649059846,0.75,verified-v3-muon-1e-4,0.9538662191964322,3907,FiQA2018
10,0.0001,0.2900259592951498,muon,0.9537444969207001,1.0,0.75,verified-v3-muon-1e-4,1.0,3907,HotpotQA
10,0.0001,0.39569304244270725,muon,0.9061232682090057,1.0,0.75,verified-v3-muon-1e-4,1.0,3907,MSMARCO
10,0.0001,-0.030644832967023583,muon,-16.26046525847848,0.8609364954029903,0.75,verified-v3-muon-1e-4,0.6190628172189017,3907,NFCorpus
10,0.0001,0.38890900405553464,muon,0.9114925349557944,1.0,0.75,verified-v3-muon-1e-4,1.0,3907,NQ
10,0.0001,0.45540776168671177,muon,0.9347790994815672,1.0,0.75,verified-v3-muon-1e-4,1.0,3907,QuoraRetrieval
10,0.0001,0.06606548891070485,muon,0.6592116537444298,0.9855082990054425,0.75,verified-v3-muon-1e-4,0.8477788327880078,3907,SCIDOCS
10,0.0001,0.24011979294737207,muon,0.8991868025354086,0.96875,0.75,verified-v3-muon-1e-4,0.96875,3907,SciFact
10,0.0001,0.04425259855327878,muon,0.5649516012291941,0.862271218132784,0.75,verified-v3-muon-1e-4,0.7856004533529304,3907,TRECCOVID
10,0.0001,0.2601095982352098,muon,0.8543351200645501,0.9769331095982161,0.75,verified-v3-muon-1e-4,0.9769331095982161,3907,Touche2020
11,0.0001,0.20755798018913232,muon,0.860088511489113,1.0,0.75,verified-v3-muon-1e-4,1.0,3907,ArguAna
11,0.0001,-0.019328410582293912,muon,-2.1396950418271548,0.9509411011742996,0.75,verified-v3-muon-1e-4,0.7328475778285528,3907,ClimateFEVER
11,0.0001,0.2754945758958477,muon,0.912517624755764,0.9769331095982161,0.75,verified-v3-muon-1e-4,0.9769331095982161,3907,DBPedia
11,0.0001,0.3733198800806833,muon,0.8967964500822675,1.0,0.75,verified-v3-muon-1e-4,1.0,3907,FEVER
11,0.0001,0.23079693694275144,muon,1.0273039413122997,0.968012139528312,0.75,verified-v3-muon-1e-4,0.9456831095982161,3907,FiQA2018
11,0.0001,0.24472604600588624,muon,0.8047766489541938,0.96875,0.75,verified-v3-muon-1e-4,0.96875,3907,HotpotQA
11,0.0001,0.42287898884851527,muon,0.9683781374240802,1.0,0.75,verified-v3-muon-1e-4,1.0,3907,MSMARCO
11,0.0001,0.012794345780640735,muon,6.788812172510128,0.9841397730189677,0.75,verified-v3-muon-1e-4,0.7076530541745883,3907,NFCorpus
11,0.0001,0.3924586238706075,muon,0.9198118382623027,1.0,0.75,verified-v3-muon-1e-4,1.0,3907,NQ
11,0.0001,0.45818503454317494,muon,0.9404797854122677,1.0,0.75,verified-v3-muon-1e-4,1.0,3907,QuoraRetrieval
11,0.0001,0.07522824071910768,muon,0.7506390066946368,1.0123226178395757,0.75,verified-v3-muon-1e-4,0.8708457231897917,3907,SCIDOCS
11,0.0001,0.22865625954294577,muon,0.8562588213758415,0.9769331095982161,0.75,verified-v3-muon-1e-4,0.9769331095982161,3907,SciFact
11,0.0001,0.06850206972312811,muon,0.8745329142875322,0.9469958918666118,0.75,verified-v3-muon-1e-4,0.8627916441242134,3907,TRECCOVID
11,0.0001,0.27536366738860607,muon,0.904437411906373,1.0,0.75,verified-v3-muon-1e-4,1.0,3907,Touche2020
12,0.0001,0.2256947067472853,muon,0.9352443312483556,1.0,0.75,verified-v3-muon-1e-4,1.0,3907,ArguAna
12,0.0001,-0.009647904566223867,muon,-1.068042996938488,0.9602547664877696,0.75,verified-v3-muon-1e-4,0.740025201192664,3907,ClimateFEVER
12,0.0001,0.2756119465801753,muon,0.9129063903702241,1.0,0.75,verified-v3-muon-1e-4,1.0,3907,DBPedia
12,0.0001,0.41361483907844565,muon,0.9935938030054332,1.0,0.75,verified-v3-muon-1e-4,1.0,3907,FEVER
12,0.0001,0.1941905304665626,muon,0.8643645793414909,0.9763884649059846,0.75,verified-v3-muon-1e-4,0.9538662191964322,3907,FiQA2018
12,0.0001,0.26222613560349695,muon,0.8623253393883316,0.9769331095982161,0.75,verified-v3-muon-1e-4,0.9769331095982161,3907,HotpotQA
12,0.0001,0.38825080474889917,muon,0.889080803422989,1.0,0.75,verified-v3-muon-1e-4,1.0,3907,MSMARCO
12,0.0001,-0.03953229864813295,muon,-20.976246450665368,0.8158231036676878,0.75,verified-v3-muon-1e-4,0.5866236959467994,3907,NFCorpus
12,0.0001,0.42882732272755647,muon,1.005049765819852,1.0,0.75,verified-v3-muon-1e-4,1.0,3907,NQ
12,0.0001,0.46084383768813875,muon,0.9459372980386287,1.0,0.75,verified-v3-muon-1e-4,1.0,3907,QuoraRetrieval
12,0.0001,0.07315016062227744,muon,0.7299036024793374,0.9987080311681757,0.75,verified-v3-muon-1e-4,0.8591338396786952,3907,SCIDOCS
12,0.0001,0.2633885739488674,muon,0.9863223965271001,1.0,0.75,verified-v3-muon-1e-4,1.0,3907,SciFact
12,0.0001,0.07578702701031223,muon,0.9675364534881927,0.9637394958304509,0.75,verified-v3-muon-1e-4,0.8780464532702706,3907,TRECCOVID
12,0.0001,0.2524170915998094,muon,0.8290689298718711,0.9769331095982161,0.75,verified-v3-muon-1e-4,0.9769331095982161,3907,Touche2020
13,0.0001,0.1987150724136509,muon,0.8234448547194778,1.0,0.75,verified-v3-muon-1e-4,1.0,3907,ArguAna
13,0.0001,-0.013482792043238939,muon,-1.4925729750035732,1.0277390763619603,0.75,verified-v3-muon-1e-4,0.7920323265253058,3907,ClimateFEVER
13,0.0001,0.24938683117066657,muon,0.8260412317927359,0.9538662191964322,0.75,verified-v3-muon-1e-4,0.9538662191964322,3907,DBPedia
13,0.0001,0.35420893717903845,muon,0.8508877624757678,1.0,0.75,verified-v3-muon-1e-4,1.0,3907,FEVER
13,0.0001,0.20450009893214027,muon,0.9102536646049754,1.0,0.75,verified-v3-muon-1e-4,0.9769331095982161,3907,FiQA2018
13,0.0001,0.27070375842948075,muon,0.8902038304616876,0.9769331095982161,0.75,verified-v3-muon-1e-4,0.9769331095982161,3907,HotpotQA
13,0.0001,0.4347328664341972,muon,0.9955231037155781,1.0,0.75,verified-v3-muon-1e-4,1.0,3907,MSMARCO
13,0.0001,-0.05115306705931748,muon,-27.142346335439616,0.895045343639766,0.75,verified-v3-muon-1e-4,0.6435890392971821,3907,NFCorpus
13,0.0001,0.40572364730784893,muon,0.9509012954694511,1.0,0.75,verified-v3-muon-1e-4,1.0,3907,NQ
13,0.0001,0.511010367914172,muon,1.0489101234799885,1.0,0.75,verified-v3-muon-1e-4,1.0,3907,QuoraRetrieval
13,0.0001,0.06432763941645048,muon,0.6418711230383789,0.9961116122177031,0.75,verified-v3-muon-1e-4,0.8569002826102445,3907,SCIDOCS
13,0.0001,0.23828041982628267,muon,0.8922988237681421,0.9769331095982161,0.75,verified-v3-muon-1e-4,0.9769331095982161,3907,SciFact
13,0.0001,0.05874767116887678,muon,0.7500032084078372,0.9759076644910135,0.75,verified-v3-muon-1e-4,0.8891326621279816,3907,TRECCOVID
13,0.0001,0.2934911267193781,muon,0.9639774106180544,1.0,0.75,verified-v3-muon-1e-4,1.0,3907,Touche2020
14,0.0001,0.2389619311244201,muon,0.990221679051239,1.0,0.75,verified-v3-muon-1e-4,1.0,3907,ArguAna
14,0.0001,0.008177281300382835,muon,0.9052419586990434,1.0191501563559282,0.75,verified-v3-muon-1e-4,0.785413231804496,3907,ClimateFEVER
14,0.0001,0.26709047593540036,muon,0.8846808177726143,1.0,0.75,verified-v3-muon-1e-4,1.0,3907,DBPedia
14,0.0001,0.3719699198136046,muon,0.8935535486460873,1.0,0.75,verified-v3-muon-1e-4,1.0,3907,FEVER
14,0.0001,0.1933703415657917,muon,0.860713823393237,0.9635771223527811,0.75,verified-v3-muon-1e-4,0.9413503944778032,3907,FiQA2018
14,0.0001,0.24476552059505455,muon,0.8049064603416951,0.9769331095982161,0.75,verified-v3-muon-1e-4,0.9769331095982161,3907,HotpotQA
14,0.0001,0.4051879608493402,muon,0.9278663002443538,1.0,0.75,verified-v3-muon-1e-4,1.0,3907,MSMARCO
14,0.0001,-0.04310142859147223,muon,-22.87006370557144,0.775702647938984,0.75,verified-v3-muon-1e-4,0.5577747826016963,3907,NFCorpus
14,0.0001,0.3876125646956934,muon,0.9084540483530275,1.0,0.75,verified-v3-muon-1e-4,1.0,3907,NQ
14,0.0001,0.4508153956537291,muon,0.9253527169164091,1.0,0.75,verified-v3-muon-1e-4,1.0,3907,QuoraRetrieval
14,0.0001,0.06627332777560788,muon,0.6612855020441113,0.9772939774893208,0.75,verified-v3-muon-1e-4,0.8407125017240169,3907,SCIDOCS
14,0.0001,0.22191450484637654,muon,0.8310126857921131,1.0,0.75,verified-v3-muon-1e-4,1.0,3907,SciFact
14,0.0001,0.05528744414903648,muon,0.705828157464293,0.9266447385155588,0.75,verified-v3-muon-1e-4,0.8442500588751274,3907,TRECCOVID
14,0.0001,0.2792837753464834,muon,0.9173130840291319,0.9769331095982161,0.75,verified-v3-muon-1e-4,0.9769331095982161,3907,Touche2020
15,0.0001,0.20840622856502472,muon,0.8636035229684574,1.0,0.75,verified-v3-muon-1e-4,1.0,3907,ArguAna
15,0.0001,-0.024946478218993963,muon,-2.7616267529585747,0.8504911601555291,0.75,verified-v3-muon-1e-4,0.6554353218247668,3907,ClimateFEVER
15,0.0001,0.28140916668705374,muon,0.9321084581601723,0.9769331095982161,0.75,verified-v3-muon-1e-4,0.9769331095982161,3907,DBPedia
15,0.0001,0.3662933053390883,muon,0.879917072313427,1.0,0.75,verified-v3-muon-1e-4,1.0,3907,FEVER
15,0.0001,0.23051658970265546,muon,1.0260560832232728,1.0236115350940154,0.75,verified-v3-muon-1e-4,1.0,3907,FiQA2018
15,0.0001,0.27423956664107596,muon,0.90183126419959,1.0,0.75,verified-v3-muon-1e-4,1.0,3907,HotpotQA
15,0.0001,0.43346786832400064,muon,0.9926263021574474,1.0,0.75,verified-v3-muon-1e-4,1.0,3907,MSMARCO
15,0.0001,-9.007091118741484e-05,muon,-0.04779255686394136,1.0256187283393678,0.75,verified-v3-muon-1e-4,0.7374788067975206,3907,NFCorpus
15,0.0001,0.41934615139080456,muon,0.9828285860426614,1.0,0.75,verified-v3-muon-1e-4,1.0,3907,NQ
15,0.0001,0.467225428919257,muon,0.9590362801073357,1.0,0.75,verified-v3-muon-1e-4,1.0,3907,QuoraRetrieval
15,0.0001,0.06338595175309404,muon,0.6324748180672468,1.0,0.75,verified-v3-muon-1e-4,0.86024524972907,3907,SCIDOCS
15,0.0001,0.22540199838557098,muon,0.8440724511945364,0.9616783004521589,0.75,verified-v3-muon-1e-4,0.9616783004521589,3907,SciFact
15,0.0001,0.05929034950379074,muon,0.7569313212031323,0.9493637876597658,0.75,verified-v3-muon-1e-4,0.8649489931919725,3907,TRECCOVID
15,0.0001,0.3026219708149851,muon,0.9939678486474002,0.96875,0.75,verified-v3-muon-1e-4,0.96875,3907,Touche2020
16,0.0001,0.22958474831002534,muon,0.9513640682696886,1.0,0.75,verified-v3-muon-1e-4,1.0,3907,ArguAna
16,0.0001,-0.009461753325689987,muon,-1.0474356694655713,1.032003988440934,0.75,verified-v3-muon-1e-4,0.7953191026283346,3907,ClimateFEVER
16,0.0001,0.27431769893022706,muon,0.9086194682501205,1.0,0.75,verified-v3-muon-1e-4,1.0,3907,DBPedia
16,0.0001,0.3873002845576314,muon,0.9303804561173374,1.0,0.75,verified-v3-muon-1e-4,1.0,3907,FEVER
16,0.0001,0.21574418244728688,muon,0.9603023847681029,1.0236115350940154,0.75,verified-v3-muon-1e-4,1.0,3907,FiQA2018
16,0.0001,0.27794827297655145,muon,0.9140272699183576,0.9769331095982161,0.75,verified-v3-muon-1e-4,0.9769331095982161,3907,HotpotQA
16,0.0001,0.4432411415830154,muon,1.0150067570976942,1.0,0.75,verified-v3-muon-1e-4,1.0,3907,MSMARCO
16,0.0001,-0.024559425371200677,muon,-13.031485061326169,0.872048986284686,0.75,verified-v3-muon-1e-4,0.6270533367848329,3907,NFCorpus
16,0.0001,0.38961683594191154,muon,0.913151492382103,1.0,0.75,verified-v3-muon-1e-4,1.0,3907,NQ
16,0.0001,0.43556641869340457,muon,0.894052361168864,1.0,0.75,verified-v3-muon-1e-4,1.0,3907,QuoraRetrieval
16,0.0001,0.059907391431724855,muon,0.5977652058338623,1.0119589572128052,0.75,verified-v3-muon-1e-4,0.8705328858630988,3907,SCIDOCS
16,0.0001,0.22977218121472034,muon,0.8604376607276766,0.9769331095982161,0.75,verified-v3-muon-1e-4,0.9769331095982161,3907,SciFact
16,0.0001,0.041854095318306195,muon,0.5343310662221992,0.9567184116265498,0.75,verified-v3-muon-1e-4,0.8716496643973242,3907,TRECCOVID
16,0.0001,0.27929781786045865,muon,0.917359206944028,0.9769331095982161,0.75,verified-v3-muon-1e-4,0.9769331095982161,3907,Touche2020
17,0.0001,0.24293065455467888,muon,1.0066674616924693,1.0,0.75,verified-v3-muon-1e-4,1.0,3907,ArguAna
17,0.0001,-0.014326737394551887,muon,-1.5859994715118586,0.97901757205419,0.75,verified-v3-muon-1e-4,0.7544848523694186,3907,ClimateFEVER
17,0.0001,0.25385283549266446,muon,0.8408339283197238,0.9769331095982161,0.75,verified-v3-muon-1e-4,0.9769331095982161,3907,DBPedia
17,0.0001,0.3780073978269036,muon,0.908056898557713,1.0,0.75,verified-v3-muon-1e-4,1.0,3907,FEVER
17,0.0001,0.20927408669616654,muon,0.9315032379776816,1.0,0.75,verified-v3-muon-1e-4,0.9769331095982161,3907,FiQA2018
17,0.0001,0.28361516261960684,muon,0.9326627218098235,1.0,0.75,verified-v3-muon-1e-4,1.0,3907,HotpotQA
17,0.0001,0.39748668259916864,muon,0.9102306416177738,1.0,0.75,verified-v3-muon-1e-4,1.0,3907,MSMARCO
17,0.0001,-0.02677240204809354,muon,-14.205713369607745,0.9210991377982765,0.75,verified-v3-muon-1e-4,0.6623232145785531,3907,NFCorpus
17,0.0001,0.40375219509754573,muon,0.9462807699635493,1.0,0.75,verified-v3-muon-1e-4,1.0,3907,NQ
17,0.0001,0.48521890257776995,muon,0.9959700447861664,1.0,0.75,verified-v3-muon-1e-4,1.0,3907,QuoraRetrieval
17,0.0001,0.08525558372748823,muon,0.850693384194992,0.9534499483884677,0.75,verified-v3-muon-1e-4,0.8202007889556063,3907,SCIDOCS
17,0.0001,0.25270605408241636,muon,0.9463191099848683,0.9769331095982161,0.75,verified-v3-muon-1e-4,0.9769331095982161,3907,SciFact
17,0.0001,0.04043433839831209,muon,0.5162057137789704,0.8760085261753247,0.75,verified-v3-muon-1e-4,0.7981162780715596,3907,TRECCOVID
17,0.0001,0.3029965215788776,muon,0.9951980680395772,0.9769331095982161,0.75,verified-v3-muon-1e-4,0.9769331095982161,3907,Touche2020
18,0.0001,0.2150563939955841,muon,0.891160790971905,1.0,0.75,verified-v3-muon-1e-4,1.0,3907,ArguAna
18,0.0001,-0.019975864600695253,muon,-2.2113695412427194,0.9301418678610072,0.75,verified-v3-muon-1e-4,0.7168185432905415,3907,ClimateFEVER
18,0.0001,0.256638865478863,muon,0.8500620645080216,0.9769331095982161,0.75,verified-v3-muon-1e-4,0.9769331095982161,3907,DBPedia
18,0.0001,0.3974915308222674,muon,0.9548620708389122,1.0,0.75,verified-v3-muon-1e-4,1.0,3907,FEVER
18,0.0001,0.1917919032959404,muon,0.8536880115379496,1.0,0.75,verified-v3-muon-1e-4,0.9769331095982161,3907,FiQA2018
18,0.0001,0.2974316155579686,muon,0.9780978476480461,0.96875,0.75,verified-v3-muon-1e-4,0.96875,3907,HotpotQA
18,0.0001,0.40198598237134403,muon,0.9205338811921868,1.0,0.75,verified-v3-muon-1e-4,1.0,3907,MSMARCO
18,0.0001,-0.036469012608886124,muon,-19.350835202003797,0.927599352106384,0.75,verified-v3-muon-1e-4,0.666997242225877,3907,NFCorpus
18,0.0001,0.39225880392932777,muon,0.9193435169251455,1.0,0.75,verified-v3-muon-1e-4,1.0,3907,NQ
18,0.0001,0.4648452025937059,muon,0.9541505798440809,1.0,0.75,verified-v3-muon-1e-4,1.0,3907,QuoraRetrieval
18,0.0001,0.08236516274975741,muon,0.8218523171846064,1.007996684105751,0.75,verified-v3-muon-1e-4,0.8671243592446263,3907,SCIDOCS
18,0.0001,0.2634424237386863,muon,0.9865240501256233,0.9769331095982161,0.75,verified-v3-muon-1e-4,0.9769331095982161,3907,SciFact
18,0.0001,0.027441184337511127,muon,0.35032837704292835,0.9519628446856759,0.75,verified-v3-muon-1e-4,0.8673169492769113,3907,TRECCOVID
18,0.0001,0.27461117138754887,muon,0.9019658239074173,1.0,0.75,verified-v3-muon-1e-4,1.0,3907,Touche2020
19,0.0001,0.22899686471893607,muon,0.9489279686201926,1.0,0.75,verified-v3-muon-1e-4,1.0,3907,ArguAna
19,0.0001,-0.045177558059373964,muon,-5.001249149273217,0.9706987522976157,0.75,verified-v3-muon-1e-4,0.7480739117743919,3907,ClimateFEVER
19,0.0001,0.2815037013177365,muon,0.9324215841677073,1.0,0.75,verified-v3-muon-1e-4,1.0,3907,DBPedia
19,0.0001,0.3864253686849503,muon,0.9282787157852356,1.0,0.75,verified-v3-muon-1e-4,1.0,3907,FEVER
19,0.0001,0.18992644357320954,muon,0.8453846338982536,1.0,0.75,verified-v3-muon-1e-4,0.9769331095982161,3907,FiQA2018
19,0.0001,0.2489225565898122,muon,0.8185767890706712,0.9769331095982161,0.75,verified-v3-muon-1e-4,0.9769331095982161,3907,HotpotQA
19,0.0001,0.4232170792183555,muon,0.9691523525808048,1.0,0.75,verified-v3-muon-1e-4,1.0,3907,MSMARCO
19,0.0001,-0.024828016899994365,muon,-13.174002503903555,0.9112993103751046,0.75,verified-v3-muon-1e-4,0.6552765754765505,3907,NFCorpus
19,0.0001,0.37823612702129605,muon,0.8864783346113343,1.0,0.75,verified-v3-muon-1e-4,1.0,3907,NQ
19,0.0001,0.46252639950419105,muon,0.9493909581462345,1.0,0.75,verified-v3-muon-1e-4,1.0,3907,QuoraRetrieval
19,0.0001,0.052080751060527605,muon,0.5196697791984308,1.0031839576310255,0.75,verified-v3-muon-1e-4,0.8629842341564983,3907,SCIDOCS
19,0.0001,0.26494866908307385,muon,0.9921645511373434,1.0,0.75,verified-v3-muon-1e-4,1.0,3907,SciFact
19,0.0001,0.052701229661509016,muon,0.6728112033504757,0.9174516115357021,0.75,verified-v3-muon-1e-4,0.8358743592446263,3907,TRECCOVID
19,0.0001,0.25988499902404427,muon,0.8535974195131695,1.0,0.75,verified-v3-muon-1e-4,1.0,3907,Touche2020
