draw,learning_rate,margin,optimizer,relative_margin,relative_shortlist_ndcg,removed_fraction,run_id,shortlist_ndcg,step,task
0,0.003,0.1894435129810226,normuon,0.9980370264146596,0.9769331095982161,0.1,verified-v3-normuon-3e-3,0.9769331095982161,2345,ArguAna
0,0.003,0.028435433315992555,normuon,1.0472241606063981,0.9903363912701647,0.1,verified-v3-normuon-3e-3,0.8386133436720545,2345,ClimateFEVER
0,0.003,0.21123806482030943,normuon,1.0072436186351963,0.9769331095982161,0.1,verified-v3-normuon-3e-3,0.9769331095982161,2345,DBPedia
0,0.003,0.3412983163202489,normuon,0.9895381886055572,1.0,0.1,verified-v3-normuon-3e-3,1.0,2345,FEVER
0,0.003,0.13083413292849702,normuon,0.9910692788580485,1.0,0.1,verified-v3-normuon-3e-3,0.9538662191964322,2345,FiQA2018
0,0.003,0.20911157525104362,normuon,0.9745299727416165,0.9763884649059846,0.1,verified-v3-normuon-3e-3,0.9538662191964322,2345,HotpotQA
0,0.003,0.3688612193480732,normuon,1.00489063998584,1.0,0.1,verified-v3-normuon-3e-3,1.0,2345,MSMARCO
0,0.003,-0.055820704789639505,normuon,1.010345166937019,0.9579464292892976,0.1,verified-v3-normuon-3e-3,0.5702007889556063,2345,NFCorpus
0,0.003,0.29531514538583914,normuon,0.999684494482556,1.0,0.1,verified-v3-normuon-3e-3,1.0,2345,NQ
0,0.003,0.37249497296110123,normuon,0.9831028392134381,1.0,0.1,verified-v3-normuon-3e-3,1.0,2345,QuoraRetrieval
0,0.003,0.04264111882047751,normuon,1.0196924906223868,0.9976195708768928,0.1,verified-v3-normuon-3e-3,0.8027090079867188,2345,SCIDOCS
0,0.003,0.17362924397153773,normuon,0.9866430546138742,1.0,0.1,verified-v3-normuon-3e-3,0.9769331095982161,2345,SciFact
0,0.003,0.028395504696891963,normuon,1.0807371624156998,1.0,0.1,verified-v3-normuon-3e-3,0.8024489931919725,2345,TRECCOVID
0,0.003,0.27434747804256376,normuon,0.990098157285912,1.0,0.1,verified-v3-normuon-3e-3,1.0,2345,Touche2020
1,0.003,0.1990309673314779,normuon,1.0485461955081046,0.9769331095982161,0.1,verified-v3-normuon-3e-3,0.9769331095982161,2345,ArguAna
1,0.003,0.02710888867398508,normuon,0.9983699868790052,0.9630962082099959,0.1,verified-v3-normuon-3e-3,0.8155464532702706,2345,ClimateFEVER
1,0.003,0.22669804181777972,normuon,1.0809612186718904,1.0,0.1,verified-v3-normuon-3e-3,1.0,2345,DBPedia
1,0.003,0.35946241631717124,normuon,1.0422020013146103,1.0,0.1,verified-v3-normuon-3e-3,1.0,2345,FEVER
1,0.003,0.1422723073432008,normuon,1.077713513163697,1.0,0.1,verified-v3-normuon-3e-3,0.9538662191964322,2345,FiQA2018
1,0.003,0.2251164746941694,normuon,1.0491181642337268,1.0,0.1,verified-v3-normuon-3e-3,0.9769331095982161,2345,HotpotQA
1,0.003,0.3760064535654938,normuon,1.0243564406961525,1.0,0.1,verified-v3-normuon-3e-3,1.0,2345,MSMARCO
1,0.003,-0.05641734164526442,normuon,1.0211441915242008,0.9722197557697028,0.1,verified-v3-normuon-3e-3,0.5786967358805153,2345,NFCorpus
1,0.003,0.3237111424010282,normuon,1.095809052822999,1.0,0.1,verified-v3-normuon-3e-3,1.0,2345,NQ
1,0.003,0.39538546808396946,normuon,1.0435163008164303,1.0,0.1,verified-v3-normuon-3e-3,1.0,2345,QuoraRetrieval
1,0.003,0.04867091489450182,normuon,1.163885184124468,1.010170099257122,0.1,verified-v3-normuon-3e-3,0.8128074688428424,2345,SCIDOCS
1,0.003,0.18670965717788784,normuon,1.0609721166216575,1.0,0.1,verified-v3-normuon-3e-3,0.9769331095982161,2345,SciFact
1,0.003,0.02708738504739644,normuon,1.0309499325993285,1.0,0.1,verified-v3-normuon-3e-3,0.8024489931919725,2345,TRECCOVID
1,0.003,0.2886644528502248,normuon,1.0417669769744051,1.0,0.1,verified-v3-normuon-3e-3,1.0,2345,Touche2020
2,0.003,0.18915377471123151,normuon,0.9965106108796511,1.0,0.1,verified-v3-normuon-3e-3,1.0,2345,ArguAna
2,0.003,0.02670972906570216,normuon,0.9836696803604841,0.9967654748471719,0.1,verified-v3-normuon-3e-3,0.8440574688428424,2345,ClimateFEVER
2,0.003,0.20714697236315321,normuon,0.9877361175878708,1.0,0.1,verified-v3-normuon-3e-3,1.0,2345,DBPedia
2,0.003,0.3412044162687952,normuon,0.9892659408903407,1.0,0.1,verified-v3-normuon-3e-3,1.0,2345,FEVER
2,0.003,0.12831035125528156,normuon,0.9719516187575625,1.0,0.1,verified-v3-normuon-3e-3,0.9538662191964322,2345,FiQA2018
2,0.003,0.21313939529823606,normuon,0.9933009630901242,1.0,0.1,verified-v3-normuon-3e-3,0.9769331095982161,2345,HotpotQA
2,0.003,0.3655286113336502,normuon,0.9958115977206912,1.0,0.1,verified-v3-normuon-3e-3,1.0,2345,MSMARCO
2,0.003,-0.05585718901493175,normuon,1.0110055251469765,0.9908447636534193,0.1,verified-v3-normuon-3e-3,0.5897829447382262,2345,NFCorpus
2,0.003,0.29211201370413303,normuon,0.9888414302983478,1.0,0.1,verified-v3-normuon-3e-3,1.0,2345,NQ
2,0.003,0.37766813383523196,normuon,0.9967560413026831,1.0,0.1,verified-v3-normuon-3e-3,1.0,2345,QuoraRetrieval
2,0.003,0.04385028240711956,normuon,1.048607656625039,1.007172432891516,0.1,verified-v3-normuon-3e-3,0.8103954734641873,2345,SCIDOCS
2,0.003,0.1721135460893024,normuon,0.9780301461302919,1.0,0.1,verified-v3-normuon-3e-3,0.9769331095982161,2345,SciFact
2,0.003,0.026763415844901623,normuon,1.0186196162217278,0.9844029653911787,0.1,verified-v3-normuon-3e-3,0.7899331684733435,2345,TRECCOVID
2,0.003,0.2777865440985845,normuon,1.0025094722691772,1.0,0.1,verified-v3-normuon-3e-3,1.0,2345,Touche2020
3,0.003,0.1861934628944376,normuon,0.98091492878739,0.9769331095982161,0.1,verified-v3-normuon-3e-3,0.9769331095982161,2345,ArguAna
3,0.003,0.02187422316732241,normuon,0.8055869851096253,0.9682128039440479,0.1,verified-v3-normuon-3e-3,0.8198791683906836,2345,ClimateFEVER
3,0.003,0.21297018606098314,normuon,1.0155028690115675,1.0,0.1,verified-v3-normuon-3e-3,1.0,2345,DBPedia
3,0.003,0.34277419387919417,normuon,0.99381725221779,1.0,0.1,verified-v3-normuon-3e-3,1.0,2345,FEVER
3,0.003,0.13187867476280538,normuon,0.9989816890165719,1.0241825215502611,0.1,verified-v3-normuon-3e-3,0.9769331095982161,2345,FiQA2018
3,0.003,0.2182964498857475,normuon,1.0173345645804341,1.0,0.1,verified-v3-normuon-3e-3,0.9769331095982161,2345,HotpotQA
3,0.003,0.36212055904699114,normuon,0.9865270222115093,1.0,0.1,verified-v3-normuon-3e-3,1.0,2345,MSMARCO
3,0.003,-0.055342409335936364,normuon,1.0016881013940806,0.9969989526610936,0.1,verified-v3-normuon-3e-3,0.5934461176675948,2345,NFCorpus
3,0.003,0.29609319839911197,normuon,1.0023183165042409,1.0,0.1,verified-v3-normuon-3e-3,1.0,2345,NQ
3,0.003,0.3784242274011451,normuon,0.9987515520754899,1.0,0.1,verified-v3-normuon-3e-3,1.0,2345,QuoraRetrieval
3,0.003,0.03980858638368727,normuon,0.9519571184010489,1.0159545819562354,0.1,verified-v3-normuon-3e-3,0.8174618045281781,2345,SCIDOCS
3,0.003,0.17542414044364163,normuon,0.9968425008445021,1.0,0.1,verified-v3-normuon-3e-3,0.9769331095982161,2345,SciFact
3,0.003,0.022091938837265946,normuon,0.8408225015229718,0.9946006348600697,0.1,verified-v3-normuon-3e-3,0.7981162780715596,2345,TRECCOVID
3,0.003,0.275894210263318,normuon,0.9956801904524277,1.0,0.1,verified-v3-normuon-3e-3,1.0,2345,Touche2020
4,0.003,0.1900790137009271,normuon,1.0013850072391146,1.0,0.1,verified-v3-normuon-3e-3,1.0,2345,ArguAna
4,0.003,0.026977362687304704,normuon,0.9935261292360195,0.9967654748471719,0.1,verified-v3-normuon-3e-3,0.8440574688428424,2345,ClimateFEVER
4,0.003,0.20976462447702937,normuon,1.000217832896859,1.0,0.1,verified-v3-normuon-3e-3,1.0,2345,DBPedia
4,0.003,0.34153346518081207,normuon,0.9902199639510764,1.0,0.1,verified-v3-normuon-3e-3,1.0,2345,FEVER
4,0.003,0.13005792900721977,normuon,0.9851895298713873,1.0,0.1,verified-v3-normuon-3e-3,0.9538662191964322,2345,FiQA2018
4,0.003,0.21156170420987225,normuon,0.9859483942450372,1.0,0.1,verified-v3-normuon-3e-3,0.9769331095982161,2345,HotpotQA
4,0.003,0.36104820452671277,normuon,0.9836056009190276,1.0,0.1,verified-v3-normuon-3e-3,1.0,2345,MSMARCO
4,0.003,-0.053388015330671085,normuon,0.9663139056552094,0.9404282246993034,0.1,verified-v3-normuon-3e-3,0.559773385321239,2345,NFCorpus
4,0.003,0.29129337651685433,normuon,0.9860702249757759,1.0,0.1,verified-v3-normuon-3e-3,1.0,2345,NQ
4,0.003,0.37399106298160384,normuon,0.9870513766532403,1.0,0.1,verified-v3-normuon-3e-3,1.0,2345,QuoraRetrieval
4,0.003,0.0389393383834342,normuon,0.9311704767071888,0.9976195708768928,0.1,verified-v3-normuon-3e-3,0.8027090079867188,2345,SCIDOCS
4,0.003,0.17237462129884043,normuon,0.9795136983034776,1.0236115350940154,0.1,verified-v3-normuon-3e-3,1.0,2345,SciFact
4,0.003,0.02483997467774168,normuon,0.9454131572677685,0.989802330531109,0.1,verified-v3-normuon-3e-3,0.7942658835937564,2345,TRECCOVID
4,0.003,0.2752227115584543,normuon,0.9932568052073762,1.0,0.1,verified-v3-normuon-3e-3,1.0,2345,Touche2020
5,0.003,0.2030156462302083,normuon,1.0695385061801754,1.0,0.1,verified-v3-normuon-3e-3,1.0,2345,ArguAna
5,0.003,0.023070344300552978,normuon,0.8496379034062165,0.9871018661173367,0.1,verified-v3-normuon-3e-3,0.8358743592446263,2345,ClimateFEVER
5,0.003,0.22766331295125541,normuon,1.0855639080132893,1.0,0.1,verified-v3-normuon-3e-3,1.0,2345,DBPedia
5,0.003,0.3576321764588636,normuon,1.0368955226491718,1.0,0.1,verified-v3-normuon-3e-3,1.0,2345,FEVER
5,0.003,0.1463891692925698,normuon,1.108898765146443,0.9914211139533698,0.1,verified-v3-normuon-3e-3,0.9456831095982161,2345,FiQA2018
5,0.003,0.2201707274109589,normuon,1.0260693255488869,1.0,0.1,verified-v3-normuon-3e-3,0.9769331095982161,2345,HotpotQA
5,0.003,0.38321106853186543,normuon,1.0439840127060387,1.0,0.1,verified-v3-normuon-3e-3,1.0,2345,MSMARCO
5,0.003,-0.057922389061937286,normuon,1.0483852912053482,1.0045925184302096,0.1,verified-v3-normuon-3e-3,0.5979660543364422,2345,NFCorpus
5,0.003,0.3233473750137275,normuon,1.094577647585696,1.0,0.1,verified-v3-normuon-3e-3,1.0,2345,NQ
5,0.003,0.40027914536779674,normuon,1.0564318792299605,1.0,0.1,verified-v3-normuon-3e-3,1.0,2345,QuoraRetrieval
5,0.003,0.045564788191038666,normuon,1.0896072532902044,1.003404053576006,0.1,verified-v3-normuon-3e-3,0.8073633436720545,2345,SCIDOCS
5,0.003,0.1874727894466876,normuon,1.0653085932170774,1.0,0.1,verified-v3-normuon-3e-3,0.9769331095982161,2345,SciFact
5,0.003,0.0271202758434967,normuon,1.032201761225952,1.0047983043289606,0.1,verified-v3-normuon-3e-3,0.8062993876697756,2345,TRECCOVID
5,0.003,0.2911507101125584,normuon,1.0507396810485912,1.0,0.1,verified-v3-normuon-3e-3,1.0,2345,Touche2020
6,0.003,0.19985825077933042,normuon,1.052904536943525,0.9769331095982161,0.1,verified-v3-normuon-3e-3,0.9769331095982161,2345,ArguAna
6,0.003,0.031045096816426514,normuon,1.1433332171604995,0.9990273540160213,0.1,verified-v3-normuon-3e-3,0.8459728201007499,2345,ClimateFEVER
6,0.003,0.2217593063838624,normuon,1.057411913038115,1.0,0.1,verified-v3-normuon-3e-3,1.0,2345,DBPedia
6,0.003,0.3666475787753477,normuon,1.0630341950399058,1.0,0.1,verified-v3-normuon-3e-3,1.0,2345,FEVER
6,0.003,0.1370953605398925,normuon,1.0384981125629589,1.0,0.1,verified-v3-normuon-3e-3,0.9538662191964322,2345,FiQA2018
6,0.003,0.22498600201115965,normuon,1.048510117835222,1.0,0.1,verified-v3-normuon-3e-3,0.9769331095982161,2345,HotpotQA
6,0.003,0.37517455323328613,normuon,1.02209009006511,1.0,0.1,verified-v3-normuon-3e-3,1.0,2345,MSMARCO
6,0.003,-0.06169437823934791,normuon,1.1166576473050673,0.9875439371044176,0.1,verified-v3-normuon-3e-3,0.587818185702752,2345,NFCorpus
6,0.003,0.3186950499386878,normuon,1.0788288540900794,1.0,0.1,verified-v3-normuon-3e-3,1.0,2345,NQ
6,0.003,0.395619681494392,normuon,1.0441344457189987,1.0,0.1,verified-v3-normuon-3e-3,1.0,2345,QuoraRetrieval
6,0.003,0.04592482365115163,normuon,1.098216911413402,0.9815021995884632,0.1,verified-v3-normuon-3e-3,0.7897405784410585,2345,SCIDOCS
6,0.003,0.19250812369083842,normuon,1.0939217314535439,1.0236115350940154,0.1,verified-v3-normuon-3e-3,1.0,2345,SciFact
6,0.003,0.0297298332637604,normuon,1.131521907553385,0.9946006348600697,0.1,verified-v3-normuon-3e-3,0.7981162780715596,2345,TRECCOVID
6,0.003,0.2863770398981137,normuon,1.0335118861494559,1.0,0.1,verified-v3-normuon-3e-3,1.0,2345,Touche2020
7,0.003,0.1885006213591599,normuon,0.9930696314603156,1.0,0.1,verified-v3-normuon-3e-3,1.0,2345,ArguAna
7,0.003,0.023861927569940475,normuon,0.8787904440277151,0.9695252917870031,0.1,verified-v3-normuon-3e-3,0.8209905784410585,2345,ClimateFEVER
7,0.003,0.2051297597718174,normuon,0.9781174699649533,1.0,0.1,verified-v3-normuon-3e-3,1.0,2345,DBPedia
7,0.003,0.3384889290014476,normuon,0.9813928333383208,1.0,0.1,verified-v3-normuon-3e-3,1.0,2345,FEVER
7,0.003,0.1321392042858316,normuon,1.0009552015910614,1.0,0.1,verified-v3-normuon-3e-3,0.9538662191964322,2345,FiQA2018
7,0.003,0.2092450297688497,normuon,0.975151915488897,0.9763884649059846,0.1,verified-v3-normuon-3e-3,0.9538662191964322,2345,HotpotQA
7,0.003,0.3665224201341344,normuon,0.9985190364785718,1.0,0.1,verified-v3-normuon-3e-3,1.0,2345,MSMARCO
7,0.003,-0.055109570933773916,normuon,0.9974737663155699,0.9694854048303491,0.1,verified-v3-normuon-3e-3,0.577069161503462,2345,NFCorpus
7,0.003,0.28850189620707756,normuon,0.9766206602448807,1.0,0.1,verified-v3-normuon-3e-3,1.0,2345,NQ
7,0.003,0.3776333110969495,normuon,0.9966641358130531,1.0,0.1,verified-v3-normuon-3e-3,1.0,2345,QuoraRetrieval
7,0.003,0.0402638223184649,normuon,0.9628433398932319,1.007172432891516,0.1,verified-v3-normuon-3e-3,0.8103954734641873,2345,SCIDOCS
7,0.003,0.17494449913661836,normuon,0.9941169532728154,1.0,0.1,verified-v3-normuon-3e-3,0.9769331095982161,2345,SciFact
7,0.003,0.027182557998308834,normuon,1.0345722293679804,1.0,0.1,verified-v3-normuon-3e-3,0.8024489931919725,2345,TRECCOVID
7,0.003,0.2726497246116433,normuon,0.9839711006223205,1.0,0.1,verified-v3-normuon-3e-3,1.0,2345,Touche2020
8,0.003,0.18866427084876514,normuon,0.9939317789543617,1.0,0.1,verified-v3-normuon-3e-3,1.0,2345,ArguAna
8,0.003,0.0316083566602238,normuon,1.164077030365982,0.9967654748471719,0.1,verified-v3-normuon-3e-3,0.8440574688428424,2345,ClimateFEVER
8,0.003,0.20990834916931034,normuon,1.0009031534107704,1.0,0.1,verified-v3-normuon-3e-3,1.0,2345,DBPedia
8,0.003,0.34632756726827646,normuon,1.0041196724136527,1.0,0.1,verified-v3-normuon-3e-3,1.0,2345,FEVER
8,0.003,0.13260718662100174,normuon,1.0045001703622372,0.9914211139533698,0.1,verified-v3-normuon-3e-3,0.9456831095982161,2345,FiQA2018
8,0.003,0.21039919710992028,normuon,0.9805307218322687,1.0,0.1,verified-v3-normuon-3e-3,0.9769331095982161,2345,HotpotQA
8,0.003,0.367439600821198,normuon,1.001017716847397,1.0,0.1,verified-v3-normuon-3e-3,1.0,2345,MSMARCO
8,0.003,-0.05610727851249203,normuon,1.0155321020885246,0.9945881560508771,0.1,verified-v3-normuon-3e-3,0.5920111333228264,2345,NFCorpus
8,0.003,0.2928554549569069,normuon,0.9913580865029786,1.0,0.1,verified-v3-normuon-3e-3,1.0,2345,NQ
8,0.003,0.3722588456899235,normuon,0.9824796431770857,1.0,0.1,verified-v3-normuon-3e-3,1.0,2345,QuoraRetrieval
8,0.003,0.040358354875817244,normuon,0.965103931114052,1.0031646996090622,0.1,verified-v3-normuon-3e-3,0.8071707536397696,2345,SCIDOCS
8,0.003,0.17317203644841822,normuon,0.9840449863571409,1.0236115350940154,0.1,verified-v3-normuon-3e-3,1.0,2345,SciFact
8,0.003,0.02221367844226511,normuon,0.8454559291258559,0.9946006348600697,0.1,verified-v3-normuon-3e-3,0.7981162780715596,2345,TRECCOVID
8,0.003,0.27367225388805844,normuon,0.9876613271903683,1.0,0.1,verified-v3-normuon-3e-3,1.0,2345,Touche2020
9,0.003,0.19020107509159645,normuon,1.0020280579589136,1.0,0.1,verified-v3-normuon-3e-3,1.0,2345,ArguAna
9,0.003,0.026619975249203825,normuon,0.9803642141100075,0.9598616830571679,0.1,verified-v3-normuon-3e-3,0.8128074688428424,2345,ClimateFEVER
9,0.003,0.21053363344936254,normuon,1.0038846880193706,1.0,0.1,verified-v3-normuon-3e-3,1.0,2345,DBPedia
9,0.003,0.34945540241257445,normuon,1.0131883146393625,1.0,0.1,verified-v3-normuon-3e-3,1.0,2345,FEVER
9,0.003,0.12853057070917484,normuon,0.9736197823359447,1.0,0.1,verified-v3-normuon-3e-3,0.9538662191964322,2345,FiQA2018
9,0.003,0.2112528460518277,normuon,0.9845090117910587,0.9763884649059846,0.1,verified-v3-normuon-3e-3,0.9538662191964322,2345,HotpotQA
9,0.003,0.3632698740714807,normuon,0.9896581074270978,1.0,0.1,verified-v3-normuon-3e-3,1.0,2345,MSMARCO
9,0.003,-0.052530053025295266,normuon,0.9507849353221173,1.0064687241982295,0.1,verified-v3-normuon-3e-3,0.5990828328706675,2345,NFCorpus
9,0.003,0.2901276335044839,normuon,0.9821240162146387,1.0,0.1,verified-v3-normuon-3e-3,1.0,2345,NQ
9,0.003,0.37726335491221263,normuon,0.9956877334398664,1.0,0.1,verified-v3-normuon-3e-3,1.0,2345,QuoraRetrieval
9,0.003,0.03733429321100326,normuon,0.8927884512184117,0.9727200505237437,0.1,verified-v3-normuon-3e-3,0.7826742473770677,2345,SCIDOCS
9,0.003,0.16910352026894337,normuon,0.9609257632398586,1.0,0.1,verified-v3-normuon-3e-3,0.9769331095982161,2345,SciFact
9,0.003,0.024935548317312296,normuon,0.9490507043067756,1.010197669468891,0.1,verified-v3-normuon-3e-3,0.8106321027901886,2345,TRECCOVID
9,0.003,0.2691762334740904,normuon,0.9714355482666818,1.0,0.1,verified-v3-normuon-3e-3,1.0,2345,Touche2020
10,0.003,0.18841689647296125,normuon,0.992628547280954,1.0,0.1,verified-v3-normuon-3e-3,1.0,2345,ArguAna
10,0.003,0.024677945249318673,normuon,0.908842858556816,1.0,0.1,verified-v3-normuon-3e-3,0.8467964532702706,2345,ClimateFEVER
10,0.003,0.20755531403699884,normuon,0.9896832076899965,1.0,0.1,verified-v3-normuon-3e-3,1.0,2345,DBPedia
10,0.003,0.3465225535893709,normuon,1.004685003098723,1.0,0.1,verified-v3-normuon-3e-3,1.0,2345,FEVER
10,0.003,0.1269479650089031,normuon,0.9616315354237864,1.0,0.1,verified-v3-normuon-3e-3,0.9538662191964322,2345,FiQA2018
10,0.003,0.2103344763861924,normuon,0.9802291015845391,1.0,0.1,verified-v3-normuon-3e-3,0.9769331095982161,2345,HotpotQA
10,0.003,0.37061819477205993,normuon,1.0096771777557088,1.0,0.1,verified-v3-normuon-3e-3,1.0,2345,MSMARCO
10,0.003,-0.05895079756093537,normuon,1.066999308361085,0.9862432260846276,0.1,verified-v3-normuon-3e-3,0.587043960310798,2345,NFCorpus
10,0.003,0.2865671346757379,normuon,0.9700712125324225,1.0,0.1,verified-v3-normuon-3e-3,1.0,2345,NQ
10,0.003,0.37652107267320134,normuon,0.9937286740440611,1.0,0.1,verified-v3-normuon-3e-3,1.0,2345,QuoraRetrieval
10,0.003,0.04240402004246904,normuon,1.0140226618243002,0.9849062531644692,0.1,verified-v3-normuon-3e-3,0.7924795628684868,2345,SCIDOCS
10,0.003,0.17520536138563048,normuon,0.9955992953040975,1.0,0.1,verified-v3-normuon-3e-3,0.9769331095982161,2345,SciFact
10,0.003,0.026581781493034556,normuon,1.011706585580807,0.9946006348600697,0.1,verified-v3-normuon-3e-3,0.7981162780715596,2345,TRECCOVID
10,0.003,0.2737030191119758,normuon,0.9877723564286408,1.0,0.1,verified-v3-normuon-3e-3,1.0,2345,Touche2020
11,0.003,0.18981043802861275,normuon,0.9999700816966878,1.0,0.1,verified-v3-normuon-3e-3,1.0,2345,ArguAna
11,0.003,0.02124984581377373,normuon,0.7825923276094029,0.972759816939831,0.1,verified-v3-normuon-3e-3,0.8237295628684866,2345,ClimateFEVER
11,0.003,0.21024800887078937,normuon,1.0025227481893597,1.0,0.1,verified-v3-normuon-3e-3,1.0,2345,DBPedia
11,0.003,0.351771437104895,normuon,1.0199032753192037,1.0,0.1,verified-v3-normuon-3e-3,1.0,2345,FEVER
11,0.003,0.12819744128991384,normuon,0.9710963251468805,1.0,0.1,verified-v3-normuon-3e-3,0.9538662191964322,2345,FiQA2018
11,0.003,0.2173319520399608,normuon,1.0128396816059482,1.0,0.1,verified-v3-normuon-3e-3,0.9769331095982161,2345,HotpotQA
11,0.003,0.36439121447546297,normuon,0.9927129812308315,1.0,0.1,verified-v3-normuon-3e-3,1.0,2345,MSMARCO
11,0.003,-0.05338033249314513,normuon,0.9661748476158678,1.0207420506786344,0.1,verified-v3-normuon-3e-3,0.6075787797955764,2345,NFCorpus
11,0.003,0.2984892500287492,normuon,1.010429297940694,1.0,0.1,verified-v3-normuon-3e-3,1.0,2345,NQ
11,0.003,0.3814137250458904,normuon,1.0066415474733013,1.0,0.1,verified-v3-normuon-3e-3,1.0,2345,QuoraRetrieval
11,0.003,0.04231086360936505,normuon,1.0117949783601483,1.0135741528331281,0.1,verified-v3-normuon-3e-3,0.8155464532702706,2345,SCIDOCS
11,0.003,0.17305237432664727,normuon,0.9833650098817205,1.0236115350940154,0.1,verified-v3-normuon-3e-3,1.0,2345,SciFact
11,0.003,0.027092688416607065,normuon,1.0311517796259306,1.0,0.1,verified-v3-normuon-3e-3,0.8024489931919725,2345,TRECCOVID
11,0.003,0.2748658909419794,normuon,0.9919690680742556,1.0,0.1,verified-v3-normuon-3e-3,1.0,2345,Touche2020
12,0.003,0.18802175252236042,normuon,0.9905468275785596,1.0,0.1,verified-v3-normuon-3e-3,1.0,2345,ArguAna
12,0.003,0.026382809666660144,normuon,0.9716298464869072,0.9727598169398312,0.1,verified-v3-normuon-3e-3,0.8237295628684868,2345,ClimateFEVER
12,0.003,0.2132444421611464,normuon,1.016810600679135,1.0,0.1,verified-v3-normuon-3e-3,1.0,2345,DBPedia
12,0.003,0.3442719015312974,normuon,0.9981596085853857,1.0,0.1,verified-v3-normuon-3e-3,1.0,2345,FEVER
12,0.003,0.128401351331003,normuon,0.9726409448332783,1.0,0.1,verified-v3-normuon-3e-3,0.9538662191964322,2345,FiQA2018
12,0.003,0.20965550738696162,normuon,0.9770648786594408,1.0236115350940154,0.1,verified-v3-normuon-3e-3,1.0,2345,HotpotQA
12,0.003,0.367256806484464,normuon,1.000519729234736,1.0,0.1,verified-v3-normuon-3e-3,1.0,2345,MSMARCO
12,0.003,-0.05460607121898106,normuon,0.9883605079768908,0.9412385310796345,0.1,verified-v3-normuon-3e-3,0.5602557059638488,2345,NFCorpus
12,0.003,0.29882084035902906,normuon,1.0115517791844786,1.0,0.1,verified-v3-normuon-3e-3,1.0,2345,NQ
12,0.003,0.3824379543325484,normuon,1.0093447321947342,1.0,0.1,verified-v3-normuon-3e-3,1.0,2345,QuoraRetrieval
12,0.003,0.03818339511092837,normuon,0.9130933319316036,0.9727200505237437,0.1,verified-v3-normuon-3e-3,0.7826742473770677,2345,SCIDOCS
12,0.003,0.1770028088381818,normuon,1.0058132374058317,1.0236115350940154,0.1,verified-v3-normuon-3e-3,1.0,2345,SciFact
12,0.003,0.025656079376893456,normuon,0.976474224370124,0.9946006348600697,0.1,verified-v3-normuon-3e-3,0.7981162780715596,2345,TRECCOVID
12,0.003,0.2759840311109203,normuon,0.9960043467243621,1.0,0.1,verified-v3-normuon-3e-3,1.0,2345,Touche2020
13,0.003,0.18643336747998474,normuon,0.9821788076894176,1.0,0.1,verified-v3-normuon-3e-3,1.0,2345,ArguAna
13,0.003,0.025903247127376468,normuon,0.9539684494517803,0.9682128039440479,0.1,verified-v3-normuon-3e-3,0.8198791683906836,2345,ClimateFEVER
13,0.003,0.20336739508663315,normuon,0.969714010179569,1.0,0.1,verified-v3-normuon-3e-3,1.0,2345,DBPedia
13,0.003,0.33837856329350513,normuon,0.9810728461672763,1.0,0.1,verified-v3-normuon-3e-3,1.0,2345,FEVER
13,0.003,0.13185922542314055,normuon,0.9988343601612921,1.0,0.1,verified-v3-normuon-3e-3,0.9538662191964322,2345,FiQA2018
13,0.003,0.21438523046355723,normuon,0.9991069721943233,1.0,0.1,verified-v3-normuon-3e-3,0.9769331095982161,2345,HotpotQA
13,0.003,0.35961359011865446,normuon,0.9796972730303042,1.0,0.1,verified-v3-normuon-3e-3,1.0,2345,MSMARCO
13,0.003,-0.057207173667195195,normuon,1.0354400154314252,0.9722197557697025,0.1,verified-v3-normuon-3e-3,0.5786967358805152,2345,NFCorpus
13,0.003,0.28563491490722825,normuon,0.9669155137388112,1.0,0.1,verified-v3-normuon-3e-3,1.0,2345,NQ
13,0.003,0.3752354930110756,normuon,0.9903357235142217,1.0,0.1,verified-v3-normuon-3e-3,1.0,2345,QuoraRetrieval
13,0.003,0.04533846891960322,normuon,1.08419519872997,1.0057844826991134,0.1,verified-v3-normuon-3e-3,0.809278694929962,2345,SCIDOCS
13,0.003,0.17106825436802856,normuon,0.9720903067734536,1.0,0.1,verified-v3-normuon-3e-3,0.9769331095982161,2345,SciFact
13,0.003,0.025273781135370665,normuon,0.9619238960294174,1.0,0.1,verified-v3-normuon-3e-3,0.8024489931919725,2345,TRECCOVID
13,0.003,0.2740487644783617,normuon,0.9890201238679162,1.0,0.1,verified-v3-normuon-3e-3,1.0,2345,Touche2020
14,0.003,0.1981672156167524,normuon,1.0439957298871911,0.9769331095982161,0.1,verified-v3-normuon-3e-3,0.9769331095982161,2345,ArguAna
14,0.003,0.02445405323965894,normuon,0.9005973319535506,0.9967654748471719,0.1,verified-v3-normuon-3e-3,0.8440574688428424,2345,ClimateFEVER
14,0.003,0.22404244036402063,normuon,1.0682985500368007,1.0,0.1,verified-v3-normuon-3e-3,1.0,2345,DBPedia
14,0.003,0.35898796817161904,normuon,1.0408264171523478,1.0,0.1,verified-v3-normuon-3e-3,1.0,2345,FEVER
14,0.003,0.1388110407195233,normuon,1.0514943993905486,1.0241825215502611,0.1,verified-v3-normuon-3e-3,0.9769331095982161,2345,FiQA2018
14,0.003,0.22073626896170065,normuon,1.0287049385768456,1.0,0.1,verified-v3-normuon-3e-3,0.9769331095982161,2345,HotpotQA
14,0.003,0.3835178916818336,normuon,1.0448198926938534,1.0,0.1,verified-v3-normuon-3e-3,1.0,2345,MSMARCO
14,0.003,-0.05396232809858363,normuon,0.9767088680899789,0.99624758846396,0.1,verified-v3-normuon-3e-3,0.5929988813244138,2345,NFCorpus
14,0.003,0.3205722256759725,normuon,1.0851833655579235,1.0,0.1,verified-v3-normuon-3e-3,1.0,2345,NQ
14,0.003,0.39712253837123695,normuon,1.048100842502324,1.0,0.1,verified-v3-normuon-3e-3,1.0,2345,QuoraRetrieval
14,0.003,0.044961540707352726,normuon,1.075181578117582,0.9862942033568718,0.1,verified-v3-normuon-3e-3,0.7935963414027121,2345,SCIDOCS
14,0.003,0.18799659545251027,normuon,1.0682851053862754,1.0,0.1,verified-v3-normuon-3e-3,0.9769331095982161,2345,SciFact
14,0.003,0.02373117979573758,normuon,0.9032122579610089,0.9844029653911787,0.1,verified-v3-normuon-3e-3,0.7899331684733435,2345,TRECCOVID
14,0.003,0.2853825622853348,normuon,1.029922895797149,1.0,0.1,verified-v3-normuon-3e-3,1.0,2345,Touche2020
15,0.003,0.18907243412762642,normuon,0.9960820878180238,0.9769331095982161,0.1,verified-v3-normuon-3e-3,0.9769331095982161,2345,ArguAna
15,0.003,0.025566062671660547,normuon,0.9415505726189333,0.9653580873788451,0.1,verified-v3-normuon-3e-3,0.8174618045281781,2345,ClimateFEVER
15,0.003,0.20830331912532635,normuon,0.9932499102753731,1.0,0.1,verified-v3-normuon-3e-3,1.0,2345,DBPedia
15,0.003,0.3415493458063917,normuon,0.9902660072062538,1.0,0.1,verified-v3-normuon-3e-3,1.0,2345,FEVER
15,0.003,0.13275117614645246,normuon,1.0055908918120409,1.0,0.1,verified-v3-normuon-3e-3,0.9538662191964322,2345,FiQA2018
15,0.003,0.20929561771479227,normuon,0.9753876722590389,1.0,0.1,verified-v3-normuon-3e-3,0.9769331095982161,2345,HotpotQA
15,0.003,0.3657856366952605,normuon,0.9965118133209584,1.0,0.1,verified-v3-normuon-3e-3,1.0,2345,MSMARCO
15,0.003,-0.05980284265900425,normuon,1.082421178258472,0.969817978298068,0.1,verified-v3-normuon-3e-3,0.5772671200195971,2345,NFCorpus
15,0.003,0.28674255439841734,normuon,0.9706650336741046,1.0,0.1,verified-v3-normuon-3e-3,1.0,2345,NQ
15,0.003,0.37468966188004027,normuon,0.9888951453222901,1.0,0.1,verified-v3-normuon-3e-3,1.0,2345,QuoraRetrieval
15,0.003,0.03702604659099789,normuon,0.885417238352199,0.9828901497808658,0.1,verified-v3-normuon-3e-3,0.7908573569752838,2345,SCIDOCS
15,0.003,0.17353311505397412,normuon,0.9860968048768356,1.0236115350940154,0.1,verified-v3-normuon-3e-3,1.0,2345,SciFact
15,0.003,0.026022270282130118,normuon,0.9904115050788984,0.9892012697201391,0.1,verified-v3-normuon-3e-3,0.7937835629511465,2345,TRECCOVID
15,0.003,0.27094578988282647,normuon,0.9778217361478447,1.0,0.1,verified-v3-normuon-3e-3,1.0,2345,Touche2020
16,0.003,0.19363826862060532,normuon,1.0201360752508404,1.0,0.1,verified-v3-normuon-3e-3,1.0,2345,ArguAna
16,0.003,0.029458875706313045,normuon,1.0849156417321524,0.9967654748471719,0.1,verified-v3-normuon-3e-3,0.8440574688428424,2345,ClimateFEVER
16,0.003,0.20804789463405338,normuon,0.9920319731147733,0.9769331095982161,0.1,verified-v3-normuon-3e-3,0.9769331095982161,2345,DBPedia
16,0.003,0.34562045727861856,normuon,1.0020695235999844,1.0,0.1,verified-v3-normuon-3e-3,1.0,2345,FEVER
16,0.003,0.13252927075253917,normuon,1.0039099572287042,1.0,0.1,verified-v3-normuon-3e-3,0.9538662191964322,2345,FiQA2018
16,0.003,0.21791684908380854,normuon,1.0155654977139914,1.0,0.1,verified-v3-normuon-3e-3,0.9769331095982161,2345,HotpotQA
16,0.003,0.3685501955112106,normuon,1.004043316043713,1.0,0.1,verified-v3-normuon-3e-3,1.0,2345,MSMARCO
16,0.003,-0.061130709538077053,normuon,1.1064553406479078,0.9902454937861473,0.1,verified-v3-normuon-3e-3,0.5894262398738745,2345,NFCorpus
16,0.003,0.28517730586073053,normuon,0.9653664409077479,1.0,0.1,verified-v3-normuon-3e-3,1.0,2345,NQ
16,0.003,0.37743080980793353,normuon,0.9961296867422552,1.0,0.1,verified-v3-normuon-3e-3,1.0,2345,QuoraRetrieval
16,0.003,0.037120118628174006,normuon,0.8876668169875506,0.9872866822875765,0.1,verified-v3-normuon-3e-3,0.7943949141263942,2345,SCIDOCS
16,0.003,0.17105029599928256,normuon,0.9719882588730531,1.0236115350940154,0.1,verified-v3-normuon-3e-3,1.0,2345,SciFact
16,0.003,0.025547968968215994,normuon,0.9723595260209,0.9946006348600697,0.1,verified-v3-normuon-3e-3,0.7981162780715596,2345,TRECCOVID
16,0.003,0.27566712675553917,normuon,0.9948606641924963,1.0,0.1,verified-v3-normuon-3e-3,1.0,2345,Touche2020
17,0.003,0.1903666674055079,normuon,1.002900440749819,1.0,0.1,verified-v3-normuon-3e-3,1.0,2345,ArguAna
17,0.003,0.021041125053709284,normuon,0.7749055299323411,0.9967654748471719,0.1,verified-v3-normuon-3e-3,0.8440574688428424,2345,ClimateFEVER
17,0.003,0.20646179142227308,normuon,0.9844689785383863,1.0,0.1,verified-v3-normuon-3e-3,1.0,2345,DBPedia
17,0.003,0.34305868410859364,normuon,0.9946420847259345,1.0,0.1,verified-v3-normuon-3e-3,1.0,2345,FEVER
17,0.003,0.1298705632973544,normuon,0.983770233585299,1.0,0.1,verified-v3-normuon-3e-3,0.9538662191964322,2345,FiQA2018
17,0.003,0.21417082941540772,normuon,0.998107791506415,1.0236115350940154,0.1,verified-v3-normuon-3e-3,1.0,2345,HotpotQA
17,0.003,0.36212517385361664,normuon,0.9865395943544728,1.0,0.1,verified-v3-normuon-3e-3,1.0,2345,MSMARCO
17,0.003,-0.056763969507495175,normuon,1.027418096281411,0.9628387269296026,0.1,verified-v3-normuon-3e-3,0.5731128432093887,2345,NFCorpus
17,0.003,0.2907504968766905,normuon,0.9842324988478696,1.0,0.1,verified-v3-normuon-3e-3,1.0,2345,NQ
17,0.003,0.3805928802050413,normuon,1.0044751426835197,1.0,0.1,verified-v3-normuon-3e-3,1.0,2345,QuoraRetrieval
17,0.003,0.04331213180967014,normuon,1.0357386668278108,0.997391132858651,0.1,verified-v3-normuon-3e-3,0.802525201192664,2345,SCIDOCS
17,0.003,0.17763869054473871,normuon,1.0094266164368044,1.0,0.1,verified-v3-normuon-3e-3,0.9769331095982161,2345,SciFact
17,0.003,0.023690153714335086,normuon,0.9016507991571151,0.9892012697201391,0.1,verified-v3-normuon-3e-3,0.7937835629511465,2345,TRECCOVID
17,0.003,0.27874854079331696,normuon,1.0059812415799998,1.0,0.1,verified-v3-normuon-3e-3,1.0,2345,Touche2020
18,0.003,0.18495759000548745,normuon,0.9744040333563183,1.0,0.1,verified-v3-normuon-3e-3,1.0,2345,ArguAna
18,0.003,0.027207589818590075,normuon,1.002004966594673,1.005116595734052,0.1,verified-v3-normuon-3e-3,0.8511291683906836,2345,ClimateFEVER
18,0.003,0.20617959321250878,normuon,0.983123376616606,0.9769331095982161,0.1,verified-v3-normuon-3e-3,0.9769331095982161,2345,DBPedia
18,0.003,0.34499788933770115,normuon,1.0002644905157858,1.0,0.1,verified-v3-normuon-3e-3,1.0,2345,FEVER
18,0.003,0.13225451827978746,normuon,1.0018287057315638,1.0,0.1,verified-v3-normuon-3e-3,0.9538662191964322,2345,FiQA2018
18,0.003,0.21294489782557668,normuon,0.992394539729765,1.0,0.1,verified-v3-normuon-3e-3,0.9769331095982161,2345,HotpotQA
18,0.003,0.36293253784446755,normuon,0.9887391004963806,1.0,0.1,verified-v3-normuon-3e-3,1.0,2345,MSMARCO
18,0.003,-0.06010888034373418,normuon,1.0879604077761342,0.9013699644856296,0.1,verified-v3-normuon-3e-3,0.5365246418548709,2345,NFCorpus
18,0.003,0.29026178762202004,normuon,0.9825781473124415,1.0,0.1,verified-v3-normuon-3e-3,1.0,2345,NQ
18,0.003,0.38053004353666375,normuon,1.004309301768681,1.0,0.1,verified-v3-normuon-3e-3,1.0,2345,QuoraRetrieval
18,0.003,0.04098413332653545,normuon,0.9800683974470562,0.9396598622596357,0.1,verified-v3-normuon-3e-3,0.7560732145785531,2345,SCIDOCS
18,0.003,0.178390993518015,normuon,1.0137015558800129,1.0,0.1,verified-v3-normuon-3e-3,0.9769331095982161,2345,SciFact
18,0.003,0.028098264043431503,normuon,1.0694241386182886,0.9946006348600697,0.1,verified-v3-normuon-3e-3,0.7981162780715596,2345,TRECCOVID
18,0.003,0.27145242967490374,normuon,0.979650158731214,1.0,0.1,verified-v3-normuon-3e-3,1.0,2345,Touche2020
19,0.003,0.18720941504711464,normuon,0.9862672253610865,1.0,0.1,verified-v3-normuon-3e-3,1.0,2345,ArguAna
19,0.003,0.028544253655947434,normuon,1.0512318114798616,0.9967654748471719,0.1,verified-v3-normuon-3e-3,0.8440574688428424,2345,ClimateFEVER
19,0.003,0.2092099664186357,normuon,0.9975730643495005,0.9769331095982161,0.1,verified-v3-normuon-3e-3,0.9769331095982161,2345,DBPedia
19,0.003,0.3411414751023581,normuon,0.9890834533571573,1.0,0.1,verified-v3-normuon-3e-3,1.0,2345,FEVER
19,0.003,0.12782022988458294,normuon,0.9682389466700985,1.0241825215502611,0.1,verified-v3-normuon-3e-3,0.9769331095982161,2345,FiQA2018
19,0.003,0.2096122985933181,normuon,0.976863511210312,1.0,0.1,verified-v3-normuon-3e-3,0.9769331095982161,2345,HotpotQA
19,0.003,0.36318279966390304,normuon,0.9894208901416598,1.0,0.1,verified-v3-normuon-3e-3,1.0,2345,MSMARCO
19,0.003,-0.05668139977688531,normuon,1.0259235983424948,0.9318665213781165,0.1,verified-v3-normuon-3e-3,0.5546771817765727,2345,NFCorpus
19,0.003,0.28437905960754234,normuon,0.9626642618473126,1.0,0.1,verified-v3-normuon-3e-3,1.0,2345,NQ
19,0.003,0.37269904547918087,normuon,0.9836414351314842,1.0,0.1,verified-v3-normuon-3e-3,1.0,2345,QuoraRetrieval
19,0.003,0.040832669005355954,normuon,0.976446376374997,1.010170099257122,0.1,verified-v3-normuon-3e-3,0.8128074688428424,2345,SCIDOCS
19,0.003,0.1693364115314814,normuon,0.9622491609659989,1.0236115350940154,0.1,verified-v3-normuon-3e-3,1.0,2345,SciFact
19,0.003,0.02615857322693249,normuon,0.9955992155762837,1.0,0.1,verified-v3-normuon-3e-3,0.8024489931919725,2345,TRECCOVID
19,0.003,0.2734634123645995,normuon,0.9869076347962672,1.0,0.1,verified-v3-normuon-3e-3,1.0,2345,Touche2020
0,0.003,0.18914448268621242,normuon,0.996461658108065,1.0,0.25,verified-v3-normuon-3e-3,1.0,2345,ArguAna
0,0.003,0.028452257902930555,normuon,1.0478437788741382,0.9967654748471719,0.25,verified-v3-normuon-3e-3,0.8440574688428424,2345,ClimateFEVER
0,0.003,0.21477744688134834,normuon,1.0241204064334841,1.0,0.25,verified-v3-normuon-3e-3,1.0,2345,DBPedia
0,0.003,0.344440169117865,normuon,0.9986474727055734,1.0,0.25,verified-v3-normuon-3e-3,1.0,2345,FEVER
0,0.003,0.12230666504798333,normuon,0.9264736626097668,1.0,0.25,verified-v3-normuon-3e-3,0.9538662191964322,2345,FiQA2018
0,0.003,0.20628766528738857,normuon,0.9613696065753642,1.0,0.25,verified-v3-normuon-3e-3,0.9769331095982161,2345,HotpotQA
0,0.003,0.3571143236838714,normuon,0.9728885077944708,1.0,0.25,verified-v3-normuon-3e-3,1.0,2345,MSMARCO
0,0.003,-0.05937939959234581,normuon,1.0747569314976402,0.9290822473941475,0.25,verified-v3-normuon-3e-3,0.5530198915839409,2345,NFCorpus
0,0.003,0.2777971266980807,normuon,0.9403834666489611,1.0,0.25,verified-v3-normuon-3e-3,1.0,2345,NQ
0,0.003,0.36853723312419,normuon,0.9726574223542369,1.0,0.25,verified-v3-normuon-3e-3,1.0,2345,QuoraRetrieval
0,0.003,0.0366495777237931,normuon,0.8764146022239581,0.9635669036820798,0.25,verified-v3-normuon-3e-3,0.775309402464522,2345,SCIDOCS
0,0.003,0.1696994887055227,normuon,0.9643123362921289,1.0236115350940154,0.25,verified-v3-normuon-3e-3,1.0,2345,SciFact
0,0.003,0.023581181189598146,normuon,0.8975032885415223,0.9742052959222877,0.25,verified-v3-normuon-3e-3,0.7817500588751274,2345,TRECCOVID
0,0.003,0.2714993560862708,normuon,0.9798195124054451,1.0,0.25,verified-v3-normuon-3e-3,1.0,2345,Touche2020
1,0.003,0.1992808786527836,normuon,1.0498627924612465,0.9769331095982161,0.25,verified-v3-normuon-3e-3,0.9769331095982161,2345,ArguAna
1,0.003,0.031259570823489825,normuon,1.1512318962318835,0.9598616830571679,0.25,verified-v3-normuon-3e-3,0.8128074688428424,2345,ClimateFEVER
1,0.003,0.22146514705392414,normuon,1.0560092770681522,1.0,0.25,verified-v3-normuon-3e-3,1.0,2345,DBPedia
1,0.003,0.3579446803823225,normuon,1.037801576243827,1.0,0.25,verified-v3-normuon-3e-3,1.0,2345,FEVER
1,0.003,0.14479472765354107,normuon,1.0968208609328916,1.0241825215502611,0.25,verified-v3-normuon-3e-3,0.9769331095982161,2345,FiQA2018
1,0.003,0.21707068976454574,normuon,1.0116221119050217,1.0,0.25,verified-v3-normuon-3e-3,0.9769331095982161,2345,HotpotQA
1,0.003,0.3704351140029376,normuon,1.0091784098137233,1.0,0.25,verified-v3-normuon-3e-3,1.0,2345,MSMARCO
1,0.003,-0.06281900728291892,normuon,1.137013239787301,0.9767087755224163,0.25,verified-v3-normuon-3e-3,0.5813687460539168,2345,NFCorpus
1,0.003,0.3099522354045866,normuon,1.049233161947509,1.0,0.25,verified-v3-normuon-3e-3,1.0,2345,NQ
1,0.003,0.3901121646767831,normuon,1.029598798761496,1.0,0.25,verified-v3-normuon-3e-3,1.0,2345,QuoraRetrieval
1,0.003,0.044710935605477044,normuon,1.069188767713846,0.9747361539073471,0.25,verified-v3-normuon-3e-3,0.7842964532702706,2345,SCIDOCS
1,0.003,0.18663429296921946,normuon,1.0605438617300949,1.0,0.25,verified-v3-normuon-3e-3,0.9769331095982161,2345,SciFact
1,0.003,0.0348247632517626,normuon,1.3254357061182278,1.0,0.25,verified-v3-normuon-3e-3,0.8024489931919725,2345,TRECCOVID
1,0.003,0.2837442069879958,normuon,1.0240102022581061,1.0,0.25,verified-v3-normuon-3e-3,1.0,2345,Touche2020
2,0.003,0.19251961851810717,normuon,1.01424273953125,1.0,0.25,verified-v3-normuon-3e-3,1.0,2345,ArguAna
2,0.003,0.028763198865975607,normuon,1.059295156646527,1.0096636087298352,0.25,verified-v3-normuon-3e-3,0.8549795628684868,2345,ClimateFEVER
2,0.003,0.19591735202322025,normuon,0.93419007020898,0.9769331095982161,0.25,verified-v3-normuon-3e-3,0.9769331095982161,2345,DBPedia
2,0.003,0.33137209406600276,normuon,0.9607587439980828,1.0,0.25,verified-v3-normuon-3e-3,1.0,2345,FEVER
2,0.003,0.12954946105062598,normuon,0.9813378822945333,0.9914211139533698,0.25,verified-v3-normuon-3e-3,0.9456831095982161,2345,FiQA2018
2,0.003,0.2147309677998266,normuon,1.000718223969773,1.0236115350940154,0.25,verified-v3-normuon-3e-3,1.0,2345,HotpotQA
2,0.003,0.356646749333124,normuon,0.9716146924299986,1.0,0.25,verified-v3-normuon-3e-3,1.0,2345,MSMARCO
2,0.003,-0.0566222583584752,normuon,1.0248531488295116,0.9347108646982074,0.25,verified-v3-normuon-3e-3,0.5563702271866168,2345,NFCorpus
2,0.003,0.2877967711396051,normuon,0.9742337098712309,1.0,0.25,verified-v3-normuon-3e-3,1.0,2345,NQ
2,0.003,0.36988623604325793,normuon,0.9762177619456692,1.0,0.25,verified-v3-normuon-3e-3,1.0,2345,QuoraRetrieval
2,0.003,0.03115537970602777,normuon,0.7450298586787847,0.9727200505237437,0.25,verified-v3-normuon-3e-3,0.7826742473770677,2345,SCIDOCS
2,0.003,0.1621607705362525,normuon,0.9214737927825969,1.0,0.25,verified-v3-normuon-3e-3,0.9769331095982161,2345,SciFact
2,0.003,0.023301373966751665,normuon,0.8868537837248102,0.989802330531109,0.25,verified-v3-normuon-3e-3,0.7942658835937564,2345,TRECCOVID
2,0.003,0.27213663281999434,normuon,0.9821193932873207,1.0,0.25,verified-v3-normuon-3e-3,1.0,2345,Touche2020
3,0.003,0.1846176079222761,normuon,0.9726129205226131,1.0,0.25,verified-v3-normuon-3e-3,1.0,2345,ArguAna
3,0.003,0.023777687795384365,normuon,0.8756880496938971,0.9585491952142127,0.25,verified-v3-normuon-3e-3,0.8116960587924675,2345,ClimateFEVER
3,0.003,0.202387538939599,normuon,0.965041775314512,1.0,0.25,verified-v3-normuon-3e-3,1.0,2345,DBPedia
3,0.003,0.32563113342152916,normuon,0.9441137752849712,1.0,0.25,verified-v3-normuon-3e-3,1.0,2345,FEVER
3,0.003,0.12576431484247355,normuon,0.9526653788818644,0.9914211139533698,0.25,verified-v3-normuon-3e-3,0.9456831095982161,2345,FiQA2018
3,0.003,0.21322328692004833,normuon,0.9936919261433163,1.0,0.25,verified-v3-normuon-3e-3,0.9769331095982161,2345,HotpotQA
3,0.003,0.352386746442228,normuon,0.9600091432238772,1.0,0.25,verified-v3-normuon-3e-3,1.0,2345,MSMARCO
3,0.003,-0.04760435929095881,normuon,0.8616307249434896,1.0107467074378842,0.25,verified-v3-normuon-3e-3,0.6016292272658109,2345,NFCorpus
3,0.003,0.29615003773021786,normuon,1.0025107258637713,1.0,0.25,verified-v3-normuon-3e-3,1.0,2345,NQ
3,0.003,0.37186350337448204,normuon,0.9814362407663576,1.0,0.25,verified-v3-normuon-3e-3,1.0,2345,QuoraRetrieval
3,0.003,0.03819923778787797,normuon,0.9134721835931857,1.0203468705516845,0.25,verified-v3-normuon-3e-3,0.8209959469249088,2345,SCIDOCS
3,0.003,0.1764845812932389,normuon,1.0028684246759478,1.0236115350940154,0.25,verified-v3-normuon-3e-3,1.0,2345,SciFact
3,0.003,0.02486101549657091,normuon,0.9462139739843277,1.0287456157307004,0.25,verified-v3-normuon-3e-3,0.8255158835937564,2345,TRECCOVID
3,0.003,0.2663035549244151,normuon,0.9610682806001387,1.0,0.25,verified-v3-normuon-3e-3,1.0,2345,Touche2020
4,0.003,0.19288405293083485,normuon,1.0161626735098728,0.9769331095982161,0.25,verified-v3-normuon-3e-3,0.9769331095982161,2345,ArguAna
4,0.003,0.027791470587615538,normuon,1.023508210151472,0.9967654748471719,0.25,verified-v3-normuon-3e-3,0.8440574688428424,2345,ClimateFEVER
4,0.003,0.20064318306155438,normuon,0.9567241866815929,1.0,0.25,verified-v3-normuon-3e-3,1.0,2345,DBPedia
4,0.003,0.33445488293503195,normuon,0.9696967819767118,1.0,0.25,verified-v3-normuon-3e-3,1.0,2345,FEVER
4,0.003,0.1267448692260996,normuon,0.9600930837483954,1.0,0.25,verified-v3-normuon-3e-3,0.9538662191964322,2345,FiQA2018
4,0.003,0.22437008033093087,normuon,1.0456397165314026,1.0236115350940154,0.25,verified-v3-normuon-3e-3,1.0,2345,HotpotQA
4,0.003,0.37078454192965554,normuon,1.010130358228168,1.0,0.25,verified-v3-normuon-3e-3,1.0,2345,MSMARCO
4,0.003,-0.06123057062197563,normuon,1.10826280911077,0.9185523133112005,0.25,verified-v3-normuon-3e-3,0.5467521332436323,2345,NFCorpus
4,0.003,0.28703843562636655,normuon,0.9716666344399673,1.0,0.25,verified-v3-normuon-3e-3,1.0,2345,NQ
4,0.003,0.3746995471105798,normuon,0.9889212347970887,1.0,0.25,verified-v3-normuon-3e-3,1.0,2345,QuoraRetrieval
4,0.003,0.04367471768599236,normuon,1.044409313975886,1.0047920037684086,0.25,verified-v3-normuon-3e-3,0.8084801222062798,2345,SCIDOCS
4,0.003,0.1698695755027243,normuon,0.9652788494975194,1.0,0.25,verified-v3-normuon-3e-3,0.9769331095982161,2345,SciFact
4,0.003,0.028373576360296738,normuon,1.0799025666400166,0.9844029653911787,0.25,verified-v3-normuon-3e-3,0.7899331684733435,2345,TRECCOVID
4,0.003,0.27688640255223135,normuon,0.9992609332532563,1.0,0.25,verified-v3-normuon-3e-3,1.0,2345,Touche2020
5,0.003,0.18907310716314202,normuon,0.9960856335417811,1.0,0.25,verified-v3-normuon-3e-3,1.0,2345,ArguAna
5,0.003,0.017501145735933598,normuon,0.6445346708557295,0.9598616830571679,0.25,verified-v3-normuon-3e-3,0.8128074688428424,2345,ClimateFEVER
5,0.003,0.20171477116990888,normuon,0.9618338258219798,0.9769331095982161,0.25,verified-v3-normuon-3e-3,0.9769331095982161,2345,DBPedia
5,0.003,0.33543948068680657,normuon,0.9725514607993344,1.0,0.25,verified-v3-normuon-3e-3,1.0,2345,FEVER
5,0.003,0.129569103339141,normuon,0.9814866727384182,0.9914211139533698,0.25,verified-v3-normuon-3e-3,0.9456831095982161,2345,FiQA2018
5,0.003,0.20949232392761752,normuon,0.9763043890882845,1.0,0.25,verified-v3-normuon-3e-3,0.9769331095982161,2345,HotpotQA
5,0.003,0.35427708560920484,normuon,0.9651590045691576,1.0,0.25,verified-v3-normuon-3e-3,1.0,2345,MSMARCO
5,0.003,-0.05024928001580739,normuon,0.9095033356773172,0.9339685196396557,0.25,verified-v3-normuon-3e-3,0.5559283593272861,2345,NFCorpus
5,0.003,0.2855552674921747,normuon,0.966645895715155,1.0,0.25,verified-v3-normuon-3e-3,1.0,2345,NQ
5,0.003,0.3689009667886136,normuon,0.973617402016163,1.0,0.25,verified-v3-normuon-3e-3,1.0,2345,QuoraRetrieval
5,0.003,0.04656969046618227,normuon,1.1136378447033264,0.9798924834152595,0.25,verified-v3-normuon-3e-3,0.7884453615966287,2345,SCIDOCS
5,0.003,0.16791427806366863,normuon,0.9541679295060415,0.9635771223527811,0.25,verified-v3-normuon-3e-3,0.9413503944778032,2345,SciFact
5,0.003,0.03022629505096424,normuon,1.1504173175444332,0.989802330531109,0.25,verified-v3-normuon-3e-3,0.7942658835937564,2345,TRECCOVID
5,0.003,0.2675059197053824,normuon,0.9654075191545259,1.0,0.25,verified-v3-normuon-3e-3,1.0,2345,Touche2020
6,0.003,0.19462410483365916,normuon,1.0253297133286283,1.0,0.25,verified-v3-normuon-3e-3,1.0,2345,ArguAna
6,0.003,0.02885926801975618,normuon,1.0628332050317943,0.972759816939831,0.25,verified-v3-normuon-3e-3,0.8237295628684866,2345,ClimateFEVER
6,0.003,0.2097979049691458,normuon,1.0003765238190554,1.0,0.25,verified-v3-normuon-3e-3,1.0,2345,DBPedia
6,0.003,0.3365147950021253,normuon,0.9756691573389319,1.0,0.25,verified-v3-normuon-3e-3,1.0,2345,FEVER
6,0.003,0.12801084190722262,normuon,0.9696828337933648,1.0,0.25,verified-v3-normuon-3e-3,0.9538662191964322,2345,FiQA2018
6,0.003,0.21380135861717034,normuon,0.9963859338497892,1.0,0.25,verified-v3-normuon-3e-3,0.9769331095982161,2345,HotpotQA
6,0.003,0.35386261875621566,normuon,0.9640298702516782,1.0,0.25,verified-v3-normuon-3e-3,1.0,2345,MSMARCO
6,0.003,-0.06722599268860699,normuon,1.2167789185292386,0.9132415134944,0.25,verified-v3-normuon-3e-3,0.5435909729188617,2345,NFCorpus
6,0.003,0.2890486370350136,normuon,0.978471457052048,1.0,0.25,verified-v3-normuon-3e-3,1.0,2345,NQ
6,0.003,0.3741591568100286,normuon,0.9874950162510178,1.0,0.25,verified-v3-normuon-3e-3,1.0,2345,QuoraRetrieval
6,0.003,0.044721839820641665,normuon,1.0694495241533362,1.0203468705516845,0.25,verified-v3-normuon-3e-3,0.8209959469249088,2345,SCIDOCS
6,0.003,0.17810093129466312,normuon,1.012053285856313,1.0236115350940154,0.25,verified-v3-normuon-3e-3,1.0,2345,SciFact
6,0.003,0.02730520794276647,normuon,1.039240304627023,1.010197669468891,0.25,verified-v3-normuon-3e-3,0.8106321027901886,2345,TRECCOVID
6,0.003,0.27406795658458316,normuon,0.9890893866478764,1.0,0.25,verified-v3-normuon-3e-3,1.0,2345,Touche2020
7,0.003,0.1860248290821326,normuon,0.9800265226026783,1.0,0.25,verified-v3-normuon-3e-3,1.0,2345,ArguAna
7,0.003,0.025706647483147032,normuon,0.9467280499433298,0.9653580873788451,0.25,verified-v3-normuon-3e-3,0.8174618045281781,2345,ClimateFEVER
7,0.003,0.20055016091311512,normuon,0.9562806304244056,0.9769331095982161,0.25,verified-v3-normuon-3e-3,0.9769331095982161,2345,DBPedia
7,0.003,0.33216866582485366,normuon,0.9630682724594187,1.0,0.25,verified-v3-normuon-3e-3,1.0,2345,FEVER
7,0.003,0.12853124236790475,normuon,0.9736248701545299,0.9914211139533698,0.25,verified-v3-normuon-3e-3,0.9456831095982161,2345,FiQA2018
7,0.003,0.20827570804388762,normuon,0.9706345516219227,1.0,0.25,verified-v3-normuon-3e-3,0.9769331095982161,2345,HotpotQA
7,0.003,0.3604260675682631,normuon,0.9819107097959102,1.0,0.25,verified-v3-normuon-3e-3,1.0,2345,MSMARCO
7,0.003,-0.060240352850812744,normuon,1.0903400375678487,0.9288654740392103,0.25,verified-v3-normuon-3e-3,0.552890861051303,2345,NFCorpus
7,0.003,0.28367355041115005,normuon,0.9602760111416918,1.0,0.25,verified-v3-normuon-3e-3,1.0,2345,NQ
7,0.003,0.3670900296277131,normuon,0.9688379080800009,1.0,0.25,verified-v3-normuon-3e-3,1.0,2345,QuoraRetrieval
7,0.003,0.0446414571210456,normuon,1.0675273035967145,0.9739040361826578,0.25,verified-v3-normuon-3e-3,0.7836269110792263,2345,SCIDOCS
7,0.003,0.16969277613754588,normuon,0.9642741923227061,1.0,0.25,verified-v3-normuon-3e-3,0.9769331095982161,2345,SciFact
7,0.003,0.03666122793009837,normuon,1.3953318268784445,0.9946006348600696,0.25,verified-v3-normuon-3e-3,0.7981162780715595,2345,TRECCOVID
7,0.003,0.27268791322452895,normuon,0.9841089202790464,1.0,0.25,verified-v3-normuon-3e-3,1.0,2345,Touche2020
8,0.003,0.2072640459126835,normuon,1.0919201655962107,0.9769331095982161,0.25,verified-v3-normuon-3e-3,0.9769331095982161,2345,ArguAna
8,0.003,0.02062450831816048,normuon,0.7595623098614059,0.9326214999969991,0.25,verified-v3-normuon-3e-3,0.7897405784410585,2345,ClimateFEVER
8,0.003,0.22813088383269067,normuon,1.0877934199480153,1.0,0.25,verified-v3-normuon-3e-3,1.0,2345,DBPedia
8,0.003,0.36931910866067225,normuon,1.0707798554112542,1.0,0.25,verified-v3-normuon-3e-3,1.0,2345,FEVER
8,0.003,0.14369008023034757,normuon,1.0884531506069088,1.0,0.25,verified-v3-normuon-3e-3,0.9538662191964322,2345,FiQA2018
8,0.003,0.2282296091283399,normuon,1.063626413294693,1.0236115350940154,0.25,verified-v3-normuon-3e-3,1.0,2345,HotpotQA
8,0.003,0.3822473729744248,normuon,1.0413586116211007,1.0,0.25,verified-v3-normuon-3e-3,1.0,2345,MSMARCO
8,0.003,-0.0562325234482126,normuon,1.017799013908529,0.9781629082643176,0.25,verified-v3-normuon-3e-3,0.5822342930316255,2345,NFCorpus
8,0.003,0.3285461001324776,normuon,1.11217608428457,1.0,0.25,verified-v3-normuon-3e-3,1.0,2345,NQ
8,0.003,0.39720385930292545,normuon,1.0483154677849014,1.0,0.25,verified-v3-normuon-3e-3,1.0,2345,QuoraRetrieval
8,0.003,0.04791586668522087,normuon,1.145829443319376,1.0135741528331281,0.25,verified-v3-normuon-3e-3,0.8155464532702706,2345,SCIDOCS
8,0.003,0.18416153074221037,normuon,1.0464924633528145,1.0,0.25,verified-v3-normuon-3e-3,0.9769331095982161,2345,SciFact
8,0.003,0.0344938344775879,normuon,1.3128405073999456,1.0287456157307004,0.25,verified-v3-normuon-3e-3,0.8255158835937564,2345,TRECCOVID
8,0.003,0.2820759496496448,normuon,1.0179895946390203,1.0,0.25,verified-v3-normuon-3e-3,1.0,2345,Touche2020
9,0.003,0.20170605852717954,normuon,1.0626392621976646,0.9769331095982161,0.25,verified-v3-normuon-3e-3,0.9769331095982161,2345,ArguAna
9,0.003,0.031257355982383966,normuon,1.1511503277503279,0.9630962082099959,0.25,verified-v3-normuon-3e-3,0.8155464532702706,2345,ClimateFEVER
9,0.003,0.22711308513624826,normuon,1.0829402641357857,1.0,0.25,verified-v3-normuon-3e-3,1.0,2345,DBPedia
9,0.003,0.36457540203263716,normuon,1.0570262602731595,1.0,0.25,verified-v3-normuon-3e-3,1.0,2345,FEVER
9,0.003,0.1342028992554457,normuon,1.0165877023730723,1.0,0.25,verified-v3-normuon-3e-3,0.9538662191964322,2345,FiQA2018
9,0.003,0.22278213682261855,normuon,1.0382393679757906,1.0,0.25,verified-v3-normuon-3e-3,0.9769331095982161,2345,HotpotQA
9,0.003,0.3745049280734366,normuon,1.0202658265748437,1.0,0.25,verified-v3-normuon-3e-3,1.0,2345,MSMARCO
9,0.003,-0.05194417310056893,normuon,0.9401806093362056,1.0901193823907234,0.25,verified-v3-normuon-3e-3,0.6488744181197537,2345,NFCorpus
9,0.003,0.3180549458550414,normuon,1.0766620091541714,1.0,0.25,verified-v3-normuon-3e-3,1.0,2345,NQ
9,0.003,0.3857278106332754,normuon,1.018027445532148,1.0,0.25,verified-v3-normuon-3e-3,1.0,2345,QuoraRetrieval
9,0.003,0.04226849862796292,normuon,1.0107818892434444,0.9983836117893559,0.25,verified-v3-normuon-3e-3,0.8033237739163461,2345,SCIDOCS
9,0.003,0.18199215418929943,normuon,1.03416504511489,0.9763884649059846,0.25,verified-v3-normuon-3e-3,0.9538662191964322,2345,SciFact
9,0.003,0.029845651874173554,normuon,1.1359299812153596,1.0233462505907702,0.25,verified-v3-normuon-3e-3,0.8211831684733435,2345,TRECCOVID
9,0.003,0.2879862518549985,normuon,1.0393194036982298,1.0,0.25,verified-v3-normuon-3e-3,1.0,2345,Touche2020
10,0.003,0.2004136372401215,normuon,1.0558304552983775,0.9769331095982161,0.25,verified-v3-normuon-3e-3,0.9769331095982161,2345,ArguAna
10,0.003,0.02859302294142909,normuon,1.0530278936244293,0.9704746831128971,0.25,verified-v3-normuon-3e-3,0.8217945196485911,2345,ClimateFEVER
10,0.003,0.23193651602418713,normuon,1.1059397646563813,1.0,0.25,verified-v3-normuon-3e-3,1.0,2345,DBPedia
10,0.003,0.3600283917228587,normuon,1.0438429536749312,1.0,0.25,verified-v3-normuon-3e-3,1.0,2345,FEVER
10,0.003,0.13544659623283378,normuon,1.0260087138393352,1.0,0.25,verified-v3-normuon-3e-3,0.9538662191964322,2345,FiQA2018
10,0.003,0.2230809850041166,normuon,1.0396321005866924,1.0,0.25,verified-v3-normuon-3e-3,0.9769331095982161,2345,HotpotQA
10,0.003,0.379654499716337,normuon,1.0342948328038883,1.0,0.25,verified-v3-normuon-3e-3,1.0,2345,MSMARCO
10,0.003,-0.062033724831298126,normuon,1.1227997623210906,0.9633402349612565,0.25,verified-v3-normuon-3e-3,0.5734113570579437,2345,NFCorpus
10,0.003,0.32628695704440003,normuon,1.1045285580697601,1.0,0.25,verified-v3-normuon-3e-3,1.0,2345,NQ
10,0.003,0.39414014819622284,normuon,1.0402296054077904,1.0,0.25,verified-v3-normuon-3e-3,1.0,2345,QuoraRetrieval
10,0.003,0.0495112045797543,normuon,1.183979335162267,0.9542222501122068,0.25,verified-v3-normuon-3e-3,0.7677904665734999,2345,SCIDOCS
10,0.003,0.1769093343794216,normuon,1.0052820715526034,0.9763884649059846,0.25,verified-v3-normuon-3e-3,0.9538662191964322,2345,SciFact
10,0.003,0.023888397474941682,normuon,0.9091959863827551,0.9946006348600697,0.25,verified-v3-normuon-3e-3,0.7981162780715596,2345,TRECCOVID
10,0.003,0.2846994587385453,normuon,1.0274576296035707,1.0,0.25,verified-v3-normuon-3e-3,1.0,2345,Touche2020
11,0.003,0.1855785953504351,normuon,0.9776756488268425,1.0,0.25,verified-v3-normuon-3e-3,1.0,2345,ArguAna
11,0.003,0.026877479047379003,normuon,0.9898476004154062,0.957979612475944,0.25,verified-v3-normuon-3e-3,0.8112137381498576,2345,ClimateFEVER
11,0.003,0.2112122560548346,normuon,1.0071205550464841,1.0,0.25,verified-v3-normuon-3e-3,1.0,2345,DBPedia
11,0.003,0.3329587719663963,normuon,0.9653590549295397,1.0,0.25,verified-v3-normuon-3e-3,1.0,2345,FEVER
11,0.003,0.13307263201487374,normuon,1.008025921789081,1.0241825215502611,0.25,verified-v3-normuon-3e-3,0.9769331095982161,2345,FiQA2018
11,0.003,0.20893644714071843,normuon,0.9737138170965901,1.0236115350940154,0.25,verified-v3-normuon-3e-3,1.0,2345,HotpotQA
11,0.003,0.36080246655623494,normuon,0.9829361356202393,1.0,0.25,verified-v3-normuon-3e-3,1.0,2345,MSMARCO
11,0.003,-0.05135424377338128,normuon,0.9295029898614141,0.9547105703182903,0.25,verified-v3-normuon-3e-3,0.5682747007299982,2345,NFCorpus
11,0.003,0.3009239917899115,normuon,1.0186712510701992,1.0,0.25,verified-v3-normuon-3e-3,1.0,2345,NQ
11,0.003,0.38109042821970607,normuon,1.00578829024622,1.0,0.25,verified-v3-normuon-3e-3,1.0,2345,QuoraRetrieval
11,0.003,0.040823364473546606,normuon,0.9762238737419237,1.0011839856589142,0.25,verified-v3-normuon-3e-3,0.8055770229467849,2345,SCIDOCS
11,0.003,0.17515204690650216,normuon,0.995296337349901,1.0236115350940154,0.25,verified-v3-normuon-3e-3,1.0,2345,SciFact
11,0.003,0.023466754003482946,normuon,0.8931481726967636,1.0047983043289606,0.25,verified-v3-normuon-3e-3,0.8062993876697756,2345,TRECCOVID
11,0.003,0.2736244324164222,normuon,0.987488743315045,1.0,0.25,verified-v3-normuon-3e-3,1.0,2345,Touche2020
12,0.003,0.20133961518466426,normuon,1.060708744661548,1.0,0.25,verified-v3-normuon-3e-3,1.0,2345,ArguAna
12,0.003,0.028264578777344687,normuon,1.0409319054881798,0.9682128039440479,0.25,verified-v3-normuon-3e-3,0.8198791683906836,2345,ClimateFEVER
12,0.003,0.22139614452922815,normuon,1.055680253259262,1.0,0.25,verified-v3-normuon-3e-3,1.0,2345,DBPedia
12,0.003,0.36051484491903574,normuon,1.0452533445018661,1.0,0.25,verified-v3-normuon-3e-3,1.0,2345,FEVER
12,0.003,0.1417831010859556,normuon,1.074007773065692,1.0241825215502611,0.25,verified-v3-normuon-3e-3,0.9769331095982161,2345,FiQA2018
12,0.003,0.21819893502893073,normuon,1.0168801126896603,1.0,0.25,verified-v3-normuon-3e-3,0.9769331095982161,2345,HotpotQA
12,0.003,0.3730197263859658,normuon,1.0162196834837691,1.0,0.25,verified-v3-normuon-3e-3,1.0,2345,MSMARCO
12,0.003,-0.056424259096515536,normuon,1.0212693962034578,0.9997152653232831,0.25,verified-v3-normuon-3e-3,0.5950629550769473,2345,NFCorpus
12,0.003,0.3224159347534465,normuon,1.091424587540221,1.0,0.25,verified-v3-normuon-3e-3,1.0,2345,NQ
12,0.003,0.3949854367149128,normuon,1.042460522877824,1.0,0.25,verified-v3-normuon-3e-3,1.0,2345,QuoraRetrieval
12,0.003,0.04546210591686797,normuon,1.087151774944697,0.988674632479979,0.25,verified-v3-normuon-3e-3,0.7955116926606195,2345,SCIDOCS
12,0.003,0.19793129601655707,normuon,1.1247387481424007,1.0,0.25,verified-v3-normuon-3e-3,0.9769331095982161,2345,SciFact
12,0.003,0.0311691224743336,normuon,1.186301470513598,1.0233462505907702,0.25,verified-v3-normuon-3e-3,0.8211831684733435,2345,TRECCOVID
12,0.003,0.28976695908430294,normuon,1.0457458340010684,1.0,0.25,verified-v3-normuon-3e-3,1.0,2345,Touche2020
13,0.003,0.18333220479092077,normuon,0.9658410870680124,1.0,0.25,verified-v3-normuon-3e-3,1.0,2345,ArguAna
13,0.003,0.03892468034769278,normuon,1.4335236340871664,1.007378474902901,0.25,verified-v3-normuon-3e-3,0.8530445196485911,2345,ClimateFEVER
13,0.003,0.21331111869327168,normuon,1.0171285334889866,1.0,0.25,verified-v3-normuon-3e-3,1.0,2345,DBPedia
13,0.003,0.33789120466183875,normuon,0.979659830179445,1.0,0.25,verified-v3-normuon-3e-3,1.0,2345,FEVER
13,0.003,0.13636795653726402,normuon,1.0329880232293334,1.0,0.25,verified-v3-normuon-3e-3,0.9538662191964322,2345,FiQA2018
13,0.003,0.2127089886874745,normuon,0.9912951241395557,1.0,0.25,verified-v3-normuon-3e-3,0.9769331095982161,2345,HotpotQA
13,0.003,0.3668032402049617,normuon,0.9992840761354739,1.0,0.25,verified-v3-normuon-3e-3,1.0,2345,MSMARCO
13,0.003,-0.0616345647007997,normuon,1.1155750325330516,0.8989092448307975,0.25,verified-v3-normuon-3e-3,0.535059941694524,2345,NFCorpus
13,0.003,0.2895960673165,normuon,0.9803245877592359,1.0,0.25,verified-v3-normuon-3e-3,1.0,2345,NQ
13,0.003,0.374254133822438,normuon,0.9877456831789966,1.0,0.25,verified-v3-normuon-3e-3,1.0,2345,QuoraRetrieval
13,0.003,0.03227829841109827,normuon,0.7718826196478501,0.9731197656967029,0.25,verified-v3-normuon-3e-3,0.7829958679419904,2345,SCIDOCS
13,0.003,0.1705571785423963,normuon,0.9691861334774864,1.0,0.25,verified-v3-normuon-3e-3,0.9769331095982161,2345,SciFact
13,0.003,0.022526368419008524,normuon,0.857356956481728,0.989802330531109,0.25,verified-v3-normuon-3e-3,0.7942658835937564,2345,TRECCOVID
13,0.003,0.2779431802977627,normuon,1.0030747598135612,1.0,0.25,verified-v3-normuon-3e-3,1.0,2345,Touche2020
14,0.003,0.18325828310038111,normuon,0.9654516486383041,1.0,0.25,verified-v3-normuon-3e-3,1.0,2345,ArguAna
14,0.003,0.023234834209276436,normuon,0.855695761033245,0.9598616830571679,0.25,verified-v3-normuon-3e-3,0.8128074688428424,2345,ClimateFEVER
14,0.003,0.2077683661262871,normuon,0.9906991010970634,0.9769331095982161,0.25,verified-v3-normuon-3e-3,0.9769331095982161,2345,DBPedia
14,0.003,0.32576345416520963,normuon,0.9444974174617866,1.0,0.25,verified-v3-normuon-3e-3,1.0,2345,FEVER
14,0.003,0.12121506999968276,normuon,0.9182048240956192,1.0241825215502611,0.25,verified-v3-normuon-3e-3,0.9769331095982161,2345,FiQA2018
14,0.003,0.21264497843412666,normuon,0.9909968149217356,1.0236115350940154,0.25,verified-v3-normuon-3e-3,1.0,2345,HotpotQA
14,0.003,0.3503552714314555,normuon,0.9544747847263956,1.0,0.25,verified-v3-normuon-3e-3,1.0,2345,MSMARCO
14,0.003,-0.05317925957725387,normuon,0.9625354623816925,0.9514686859524861,0.25,verified-v3-normuon-3e-3,0.5663450259939529,2345,NFCorpus
14,0.003,0.28530932383294794,normuon,0.9658133408445809,1.0,0.25,verified-v3-normuon-3e-3,1.0,2345,NQ
14,0.003,0.3712254115810603,normuon,0.9797521647402975,1.0,0.25,verified-v3-normuon-3e-3,1.0,2345,QuoraRetrieval
14,0.003,0.03591040681522851,normuon,0.8587385410511007,0.9831295037478096,0.25,verified-v3-normuon-3e-3,0.7910499470075687,2345,SCIDOCS
14,0.003,0.1700490756721203,normuon,0.9662988539125914,1.0236115350940154,0.25,verified-v3-normuon-3e-3,1.0,2345,SciFact
14,0.003,0.017785304879064646,normuon,0.6769113679392461,0.989802330531109,0.25,verified-v3-normuon-3e-3,0.7942658835937564,2345,TRECCOVID
14,0.003,0.27184852265384385,normuon,0.9810796266868175,1.0,0.25,verified-v3-normuon-3e-3,1.0,2345,Touche2020
15,0.003,0.1895041540775317,normuon,0.9983564992679979,1.0,0.25,verified-v3-normuon-3e-3,1.0,2345,ArguAna
15,0.003,0.020596845878567083,normuon,0.7585435536229621,0.9086158420896581,0.25,verified-v3-normuon-3e-3,0.7694126724667028,2345,ClimateFEVER
15,0.003,0.20234761166854087,normuon,0.9648513906458349,1.0,0.25,verified-v3-normuon-3e-3,1.0,2345,DBPedia
15,0.003,0.3336835961025134,normuon,0.9674605629898312,1.0,0.25,verified-v3-normuon-3e-3,1.0,2345,FEVER
15,0.003,0.13051706426025012,normuon,0.9886674819465371,1.0,0.25,verified-v3-normuon-3e-3,0.9538662191964322,2345,FiQA2018
15,0.003,0.21140832553186778,normuon,0.9852335982385733,1.0236115350940154,0.25,verified-v3-normuon-3e-3,1.0,2345,HotpotQA
15,0.003,0.356649041580591,normuon,0.9716209372123268,1.0,0.25,verified-v3-normuon-3e-3,1.0,2345,MSMARCO
15,0.003,-0.05921244106344836,normuon,1.071735010807349,0.9193957025020744,0.25,verified-v3-normuon-3e-3,0.5472541458482303,2345,NFCorpus
15,0.003,0.28084120162412674,normuon,0.9506881007023058,1.0,0.25,verified-v3-normuon-3e-3,1.0,2345,NQ
15,0.003,0.3728129137228616,normuon,0.9839419605124549,1.0,0.25,verified-v3-normuon-3e-3,1.0,2345,QuoraRetrieval
15,0.003,0.03852124340138676,normuon,0.9211724202454071,0.9792888037088117,0.25,verified-v3-normuon-3e-3,0.7879596261996392,2345,SCIDOCS
15,0.003,0.1698011001471883,normuon,0.9648897403105735,1.0,0.25,verified-v3-normuon-3e-3,0.9769331095982161,2345,SciFact
15,0.003,0.030801546751587118,normuon,1.1723114834429538,1.0185479462618094,0.25,verified-v3-normuon-3e-3,0.8173327739955403,2345,TRECCOVID
15,0.003,0.26578884010584986,normuon,0.9592107158905038,1.0,0.25,verified-v3-normuon-3e-3,1.0,2345,Touche2020
16,0.003,0.18972631424462053,normuon,0.999526896021416,1.0,0.25,verified-v3-normuon-3e-3,1.0,2345,ArguAna
16,0.003,0.027672148489629768,normuon,1.01911379904768,0.9727598169398312,0.25,verified-v3-normuon-3e-3,0.8237295628684868,2345,ClimateFEVER
16,0.003,0.20420412545684186,normuon,0.9737037803312124,1.0,0.25,verified-v3-normuon-3e-3,1.0,2345,DBPedia
16,0.003,0.3413385766236623,normuon,0.9896549167164426,1.0,0.25,verified-v3-normuon-3e-3,1.0,2345,FEVER
16,0.003,0.1346225123626294,normuon,1.019766273975356,1.0241825215502611,0.25,verified-v3-normuon-3e-3,0.9769331095982161,2345,FiQA2018
16,0.003,0.22179454945069954,normuon,1.033636880076779,0.9763884649059846,0.25,verified-v3-normuon-3e-3,0.9538662191964322,2345,HotpotQA
16,0.003,0.36603012826184866,normuon,0.9971778830348041,1.0,0.25,verified-v3-normuon-3e-3,1.0,2345,MSMARCO
16,0.003,-0.061185070020110754,normuon,1.1074392560338222,0.921886222670745,0.25,verified-v3-normuon-3e-3,0.5487365842410947,2345,NFCorpus
16,0.003,0.29277641109113495,normuon,0.9910905115809646,1.0,0.25,verified-v3-normuon-3e-3,1.0,2345,NQ
16,0.003,0.375621809614362,normuon,0.9913553049236218,1.0,0.25,verified-v3-normuon-3e-3,1.0,2345,QuoraRetrieval
16,0.003,0.029364045145008538,normuon,0.7021930276905116,0.943448471148637,0.25,verified-v3-normuon-3e-3,0.7591216215782943,2345,SCIDOCS
16,0.003,0.16836376103875514,normuon,0.956722103246549,1.0,0.25,verified-v3-normuon-3e-3,0.9769331095982161,2345,SciFact
16,0.003,0.02131544637548774,normuon,0.8112690821089752,0.9844029653911787,0.25,verified-v3-normuon-3e-3,0.7899331684733435,2345,TRECCOVID
16,0.003,0.271205344076318,normuon,0.9787584465215845,1.0,0.25,verified-v3-normuon-3e-3,1.0,2345,Touche2020
17,0.003,0.1891463422898171,normuon,0.9964714549769191,1.0,0.25,verified-v3-normuon-3e-3,1.0,2345,ArguAna
17,0.003,0.028199776985362864,normuon,1.0385453759262833,0.9630962082099959,0.25,verified-v3-normuon-3e-3,0.8155464532702706,2345,ClimateFEVER
17,0.003,0.2018630367218343,normuon,0.9625407984557585,0.9769331095982161,0.25,verified-v3-normuon-3e-3,0.9769331095982161,2345,DBPedia
17,0.003,0.34509128819434,normuon,1.000535285099283,1.0,0.25,verified-v3-normuon-3e-3,1.0,2345,FEVER
17,0.003,0.1176262651241532,normuon,0.8910196073609529,0.9914211139533698,0.25,verified-v3-normuon-3e-3,0.9456831095982161,2345,FiQA2018
17,0.003,0.21067579187584867,normuon,0.9818197460738827,1.0,0.25,verified-v3-normuon-3e-3,0.9769331095982161,2345,HotpotQA
17,0.003,0.366131369145362,normuon,0.9974536941282182,1.0,0.25,verified-v3-normuon-3e-3,1.0,2345,MSMARCO
17,0.003,-0.05515471694094336,normuon,0.9982909012894482,0.9835567139362765,0.25,verified-v3-normuon-3e-3,0.5854448611339629,2345,NFCorpus
17,0.003,0.29188217023468266,normuon,0.9880633768996052,1.0,0.25,verified-v3-normuon-3e-3,1.0,2345,NQ
17,0.003,0.37933864122645694,normuon,1.0011649076725706,1.0,0.25,verified-v3-normuon-3e-3,1.0,2345,QuoraRetrieval
17,0.003,0.04254924048817293,normuon,1.0174953708447299,0.9731197656967029,0.25,verified-v3-normuon-3e-3,0.7829958679419904,2345,SCIDOCS
17,0.003,0.17278178610255673,normuon,0.9818274002840942,1.0,0.25,verified-v3-normuon-3e-3,0.9769331095982161,2345,SciFact
17,0.003,0.02684349472996196,normuon,1.0216674305829565,0.989802330531109,0.25,verified-v3-normuon-3e-3,0.7942658835937564,2345,TRECCOVID
17,0.003,0.27460122566728695,normuon,0.9910139122162895,1.0,0.25,verified-v3-normuon-3e-3,1.0,2345,Touche2020
18,0.003,0.18917525655009484,normuon,0.9966237827177558,1.0,0.25,verified-v3-normuon-3e-3,1.0,2345,ArguAna
18,0.003,0.022366862189044195,normuon,0.8237299646897677,0.9682128039440479,0.25,verified-v3-normuon-3e-3,0.8198791683906836,2345,ClimateFEVER
18,0.003,0.20289744768184714,normuon,0.9674731663005668,0.9769331095982161,0.25,verified-v3-normuon-3e-3,0.9769331095982161,2345,DBPedia
18,0.003,0.3362472778263791,normuon,0.9748935354010247,1.0,0.25,verified-v3-normuon-3e-3,1.0,2345,FEVER
18,0.003,0.1214902365572844,normuon,0.9202892122877827,1.0,0.25,verified-v3-normuon-3e-3,0.9538662191964322,2345,FiQA2018
18,0.003,0.20945404912502383,normuon,0.9761260156898558,1.0,0.25,verified-v3-normuon-3e-3,0.9769331095982161,2345,HotpotQA
18,0.003,0.3523066846929698,normuon,0.9597910305619045,1.0,0.25,verified-v3-normuon-3e-3,1.0,2345,MSMARCO
18,0.003,-0.06105366356780921,normuon,1.105060821822224,0.9175194967340545,0.25,verified-v3-normuon-3e-3,0.5461373673140051,2345,NFCorpus
18,0.003,0.2798212136816895,normuon,0.9472352939413067,1.0,0.25,verified-v3-normuon-3e-3,1.0,2345,NQ
18,0.003,0.37275786353669094,normuon,0.9837966699763345,1.0,0.25,verified-v3-normuon-3e-3,1.0,2345,QuoraRetrieval
18,0.003,0.03869452086572012,normuon,0.9253160668959252,0.9442125120611002,0.25,verified-v3-normuon-3e-3,0.7597363875079217,2345,SCIDOCS
18,0.003,0.1713006022891589,normuon,0.9734106169780802,1.0,0.25,verified-v3-normuon-3e-3,0.9769331095982161,2345,SciFact
18,0.003,0.02484384592240529,normuon,0.9455604974195788,1.02334625059077,0.25,verified-v3-normuon-3e-3,0.8211831684733434,2345,TRECCOVID
18,0.003,0.2788776295440293,normuon,1.00644711258096,1.0,0.25,verified-v3-normuon-3e-3,1.0,2345,Touche2020
19,0.003,0.18631350644473146,normuon,0.9815473490064319,1.0,0.25,verified-v3-normuon-3e-3,1.0,2345,ArguAna
19,0.003,0.023991175585969172,normuon,0.8835504082453017,0.9893637452861861,0.25,verified-v3-normuon-3e-3,0.8377897105025338,2345,ClimateFEVER
19,0.003,0.20912099574725854,normuon,0.9971488266958061,1.0,0.25,verified-v3-normuon-3e-3,1.0,2345,DBPedia
19,0.003,0.33650181037899557,normuon,0.9756315105653116,1.0,0.25,verified-v3-normuon-3e-3,1.0,2345,FEVER
19,0.003,0.13287827478257727,normuon,1.006553664681999,1.0241825215502611,0.25,verified-v3-normuon-3e-3,0.9769331095982161,2345,FiQA2018
19,0.003,0.211844903676203,normuon,0.9872681986024594,0.9763884649059846,0.25,verified-v3-normuon-3e-3,0.9538662191964322,2345,HotpotQA
19,0.003,0.356718253893974,normuon,0.9718094926967261,1.0,0.25,verified-v3-normuon-3e-3,1.0,2345,MSMARCO
19,0.003,-0.05000058582124425,normuon,0.9050020134803105,1.059987283733407,0.25,verified-v3-normuon-3e-3,0.6309388155620649,2345,NFCorpus
19,0.003,0.28106352782514454,normuon,0.9514407070597763,1.0,0.25,verified-v3-normuon-3e-3,1.0,2345,NQ
19,0.003,0.37088600548455486,normuon,0.9788563913169184,1.0,0.25,verified-v3-normuon-3e-3,1.0,2345,QuoraRetrieval
19,0.003,0.03607960536391313,normuon,0.8627846471170387,0.9761241040997497,0.25,verified-v3-normuon-3e-3,0.785413231804496,2345,SCIDOCS
19,0.003,0.16417513698486422,normuon,0.9329203706775957,0.9371619312044073,0.25,verified-v3-normuon-3e-3,0.9155445196485911,2345,SciFact
19,0.003,0.020060681240612794,normuon,0.7635125331115794,0.9742052959222877,0.25,verified-v3-normuon-3e-3,0.7817500588751274,2345,TRECCOVID
19,0.003,0.27267165406410454,normuon,0.9840502422664396,1.0,0.25,verified-v3-normuon-3e-3,1.0,2345,Touche2020
0,0.003,0.2002640923407759,normuon,1.0550426144042249,0.9769331095982161,0.5,verified-v3-normuon-3e-3,0.9769331095982161,2345,ArguAna
0,0.003,0.024473363358195666,normuon,0.9013084877306093,0.9737092082657252,0.5,verified-v3-normuon-3e-3,0.8245335040760193,2345,ClimateFEVER
0,0.003,0.20576647348133634,normuon,0.9811535033680998,0.9538662191964322,0.5,verified-v3-normuon-3e-3,0.9538662191964322,2345,DBPedia
0,0.003,0.3576084092312218,normuon,1.0368266134918036,1.0,0.5,verified-v3-normuon-3e-3,1.0,2345,FEVER
0,0.003,0.1450671418118465,normuon,1.098884399685199,1.0,0.5,verified-v3-normuon-3e-3,0.9538662191964322,2345,FiQA2018
0,0.003,0.2181912661908436,normuon,1.016844373335858,1.0,0.5,verified-v3-normuon-3e-3,0.9769331095982161,2345,HotpotQA
0,0.003,0.3705784672118846,normuon,1.00956894774595,1.0,0.5,verified-v3-normuon-3e-3,1.0,2345,MSMARCO
0,0.003,-0.06751448846394706,normuon,1.2220006425005683,0.9724954713078372,0.5,verified-v3-normuon-3e-3,0.5788608507125819,2345,NFCorpus
0,0.003,0.32695117418247654,normuon,1.1067770291836854,1.0,0.5,verified-v3-normuon-3e-3,1.0,2345,NQ
0,0.003,0.3953833268886683,normuon,1.0435106496927034,1.0,0.5,verified-v3-normuon-3e-3,1.0,2345,QuoraRetrieval
0,0.003,0.053144139037408736,normuon,1.270855010282089,0.9828901497808658,0.5,verified-v3-normuon-3e-3,0.7908573569752838,2345,SCIDOCS
0,0.003,0.1875916265920275,normuon,1.0659838817882754,0.968012139528312,0.5,verified-v3-normuon-3e-3,0.9456831095982161,2345,SciFact
0,0.003,0.023235876208129724,normuon,0.8843609292200824,1.0199329689359036,0.5,verified-v3-normuon-3e-3,0.8184441840459152,2345,TRECCOVID
0,0.003,0.29532423954552334,normuon,1.065801615754315,1.0,0.5,verified-v3-normuon-3e-3,1.0,2345,Touche2020
1,0.003,0.20729060618773795,normuon,1.0920600919389976,0.9769331095982161,0.5,verified-v3-normuon-3e-3,0.9769331095982161,2345,ArguAna
1,0.003,0.030532834660595125,normuon,1.1244675540215017,0.9727598169398312,0.5,verified-v3-normuon-3e-3,0.8237295628684868,2345,ClimateFEVER
1,0.003,0.20822979208858483,normuon,0.9928993122966516,1.0,0.5,verified-v3-normuon-3e-3,1.0,2345,DBPedia
1,0.003,0.3600909235273081,normuon,1.0440242543305343,1.0,0.5,verified-v3-normuon-3e-3,1.0,2345,FEVER
1,0.003,0.14774011144766316,normuon,1.1191321594255876,1.0,0.5,verified-v3-normuon-3e-3,0.9538662191964322,2345,FiQA2018
1,0.003,0.23189410749287193,normuon,1.0807042029245204,1.0,0.5,verified-v3-normuon-3e-3,0.9769331095982161,2345,HotpotQA
1,0.003,0.38089894779047884,normuon,1.0376850895076528,1.0,0.5,verified-v3-normuon-3e-3,1.0,2345,MSMARCO
1,0.003,-0.0609117710626042,normuon,1.1024925918545316,0.8932327887357351,0.5,verified-v3-normuon-3e-3,0.5316811308916299,2345,NFCorpus
1,0.003,0.3220719986462487,normuon,1.090260314055334,1.0,0.5,verified-v3-normuon-3e-3,1.0,2345,NQ
1,0.003,0.38963567214659955,normuon,1.0283412216308205,1.0,0.5,verified-v3-normuon-3e-3,1.0,2345,QuoraRetrieval
1,0.003,0.043858889928426736,normuon,1.0488134913939802,0.9695486788772412,0.5,verified-v3-normuon-3e-3,0.7801224844980741,2345,SCIDOCS
1,0.003,0.187008467970234,normuon,1.0626701001304741,1.0,0.5,verified-v3-normuon-3e-3,0.9769331095982161,2345,SciFact
1,0.003,0.025201880664994337,normuon,0.9591873533561902,0.9556573496604782,0.5,verified-v3-normuon-3e-3,0.7668662780715596,2345,TRECCOVID
1,0.003,0.2759309650932068,normuon,0.9958128357007234,1.0,0.5,verified-v3-normuon-3e-3,1.0,2345,Touche2020
2,0.003,0.1654945508379807,normuon,0.8718677499541183,1.0,0.5,verified-v3-normuon-3e-3,1.0,2345,ArguAna
2,0.003,0.02076584928365336,normuon,0.7647676349325148,0.9791889005168384,0.5,verified-v3-normuon-3e-3,0.8291736880392746,2345,ClimateFEVER
2,0.003,0.1916185742657764,normuon,0.9136922661422768,0.9769331095982161,0.5,verified-v3-normuon-3e-3,0.9769331095982161,2345,DBPedia
2,0.003,0.3104752543806464,normuon,0.9001718031869673,1.0,0.5,verified-v3-normuon-3e-3,1.0,2345,FEVER
2,0.003,0.11973726354025138,normuon,0.9070104320110944,1.0241825215502611,0.5,verified-v3-normuon-3e-3,0.9769331095982161,2345,FiQA2018
2,0.003,0.193041129210203,normuon,0.8996363121524097,0.9763884649059846,0.5,verified-v3-normuon-3e-3,0.9538662191964322,2345,HotpotQA
2,0.003,0.33257043911584155,normuon,0.9060234686480482,1.0,0.5,verified-v3-normuon-3e-3,1.0,2345,MSMARCO
2,0.003,-0.07216851622184345,normuon,1.3062377453766698,0.8612813422399834,0.5,verified-v3-normuon-3e-3,0.5126625934837845,2345,NFCorpus
2,0.003,0.26128621704813537,normuon,0.8844916486208424,1.0,0.5,verified-v3-normuon-3e-3,1.0,2345,NQ
2,0.003,0.3691230188538427,normuon,0.9742034502359405,1.0,0.5,verified-v3-normuon-3e-3,1.0,2345,QuoraRetrieval
2,0.003,0.03621469186971159,normuon,0.8660150195687333,1.0067291143910837,0.5,verified-v3-normuon-3e-3,0.8100387685998358,2345,SCIDOCS
2,0.003,0.15226117662448843,normuon,0.8652196425419788,0.9843850013924381,0.5,verified-v3-normuon-3e-3,0.9616783004521589,2345,SciFact
2,0.003,0.011561989206222423,normuon,0.44005104117700244,0.9678040712070406,0.5,verified-v3-normuon-3e-3,0.7766134025471818,2345,TRECCOVID
2,0.003,0.25569094877931176,normuon,0.9227682318326491,1.0,0.5,verified-v3-normuon-3e-3,1.0,2345,Touche2020
3,0.003,0.2063183000323583,normuon,1.086937733676052,0.9769331095982161,0.5,verified-v3-normuon-3e-3,0.9769331095982161,2345,ArguAna
3,0.003,0.02664293371339544,normuon,0.9812097316769354,0.9598616830571679,0.5,verified-v3-normuon-3e-3,0.8128074688428424,2345,ClimateFEVER
3,0.003,0.2405619232015566,normuon,1.1470681774967753,1.0,0.5,verified-v3-normuon-3e-3,1.0,2345,DBPedia
3,0.003,0.34694072562334766,normuon,1.0058974239553164,1.0,0.5,verified-v3-normuon-3e-3,1.0,2345,FEVER
3,0.003,0.16231130113879066,normuon,1.2295090017376915,1.0241825215502611,0.5,verified-v3-normuon-3e-3,0.9769331095982161,2345,FiQA2018
3,0.003,0.2186204990870373,normuon,1.01884474238346,1.0,0.5,verified-v3-normuon-3e-3,0.9769331095982161,2345,HotpotQA
3,0.003,0.39049409842782334,normuon,1.0638252109380464,1.0,0.5,verified-v3-normuon-3e-3,1.0,2345,MSMARCO
3,0.003,-0.05868561209361732,normuon,1.0621994969603437,1.0203297536524614,0.5,verified-v3-normuon-3e-3,0.6073333672313452,2345,NFCorpus
3,0.003,0.322857526409522,normuon,1.0929194391872463,1.0,0.5,verified-v3-normuon-3e-3,1.0,2345,NQ
3,0.003,0.3989656262451392,normuon,1.052965189817804,1.0,0.5,verified-v3-normuon-3e-3,1.0,2345,QuoraRetrieval
3,0.003,0.05163253033258379,normuon,1.2347073648237523,0.9862942033568718,0.5,verified-v3-normuon-3e-3,0.7935963414027121,2345,SCIDOCS
3,0.003,0.1943475994662585,normuon,1.1043744982596138,0.9871886574467965,0.5,verified-v3-normuon-3e-3,0.9644172848795871,2345,SciFact
3,0.003,0.02096310961549458,normuon,0.7978590922435219,0.9742052959222877,0.5,verified-v3-normuon-3e-3,0.7817500588751274,2345,TRECCOVID
3,0.003,0.2999731771761187,normuon,1.0825792607111078,1.0,0.5,verified-v3-normuon-3e-3,1.0,2345,Touche2020
4,0.003,0.19618089569114278,normuon,1.0335312869465547,1.0,0.5,verified-v3-normuon-3e-3,1.0,2345,ArguAna
4,0.003,0.020418838848617425,normuon,0.7519878855432981,0.9653580873788451,0.5,verified-v3-normuon-3e-3,0.8174618045281781,2345,ClimateFEVER
4,0.003,0.2087720464257131,normuon,0.995484936347006,0.96875,0.5,verified-v3-normuon-3e-3,0.96875,2345,DBPedia
4,0.003,0.3456175248368576,normuon,1.0020610214686536,1.0,0.5,verified-v3-normuon-3e-3,1.0,2345,FEVER
4,0.003,0.13546289660594002,normuon,1.0261321892555582,1.0241825215502611,0.5,verified-v3-normuon-3e-3,0.9769331095982161,2345,FiQA2018
4,0.003,0.20317672237007361,normuon,0.94687157071689,1.0,0.5,verified-v3-normuon-3e-3,0.9769331095982161,2345,HotpotQA
4,0.003,0.36951464697938197,normuon,1.0066707764603948,1.0,0.5,verified-v3-normuon-3e-3,1.0,2345,MSMARCO
4,0.003,-0.056056495748158026,normuon,1.0146129427783381,0.9180119856271263,0.5,verified-v3-normuon-3e-3,0.5464305126787096,2345,NFCorpus
4,0.003,0.30391547484213977,normuon,1.0287978540214724,1.0,0.5,verified-v3-normuon-3e-3,1.0,2345,NQ
4,0.003,0.39164740447818414,normuon,1.0336506617856676,1.0,0.5,verified-v3-normuon-3e-3,1.0,2345,QuoraRetrieval
4,0.003,0.03797265970269035,normuon,0.9080539399261255,0.9762844653057651,0.5,verified-v3-normuon-3e-3,0.7855422623371338,2345,SCIDOCS
4,0.003,0.17666915824013593,normuon,1.0039172777293404,0.9635771223527811,0.5,verified-v3-normuon-3e-3,0.9413503944778032,2345,SciFact
4,0.003,0.03137726127941909,normuon,1.1942232646143842,0.9658550191293691,0.5,verified-v3-normuon-3e-3,0.7750493876697756,2345,TRECCOVID
4,0.003,0.2780622358014422,normuon,1.0035044216265612,1.0,0.5,verified-v3-normuon-3e-3,1.0,2345,Touche2020
5,0.003,0.19320949473912075,normuon,1.017877184445094,0.9769331095982161,0.5,verified-v3-normuon-3e-3,0.9769331095982161,2345,ArguAna
5,0.003,0.01788162236866455,normuon,0.6585469181077497,0.9422267620280782,0.5,verified-v3-normuon-3e-3,0.7978742802617079,2345,ClimateFEVER
5,0.003,0.20493995015598962,normuon,0.9772124033309602,1.0,0.5,verified-v3-normuon-3e-3,1.0,2345,DBPedia
5,0.003,0.3530683785002198,normuon,1.023663543031316,1.0,0.5,verified-v3-normuon-3e-3,1.0,2345,FEVER
5,0.003,0.13730134413543407,normuon,1.0400584394357753,1.0241825215502611,0.5,verified-v3-normuon-3e-3,0.9769331095982161,2345,FiQA2018
5,0.003,0.20877976862332748,normuon,0.9729836427334593,1.0,0.5,verified-v3-normuon-3e-3,0.9769331095982161,2345,HotpotQA
5,0.003,0.364292408731247,normuon,0.9924438042007416,1.0,0.5,verified-v3-normuon-3e-3,1.0,2345,MSMARCO
5,0.003,-0.06637698342695945,normuon,1.2014119967495343,0.9056446654285799,0.5,verified-v3-normuon-3e-3,0.5390690825205435,2345,NFCorpus
5,0.003,0.31593396721867395,normuon,1.069482189598574,1.0,0.5,verified-v3-normuon-3e-3,1.0,2345,NQ
5,0.003,0.3845332852543434,normuon,1.0148748089147857,1.0,0.5,verified-v3-normuon-3e-3,1.0,2345,QuoraRetrieval
5,0.003,0.035214062058395265,normuon,0.8420865971277594,0.99485458644079,0.5,verified-v3-normuon-3e-3,0.8004842341564983,2345,SCIDOCS
5,0.003,0.16209872461968128,normuon,0.9211212186928186,0.968012139528312,0.5,verified-v3-normuon-3e-3,0.9456831095982161,2345,SciFact
5,0.003,0.025385118002017516,normuon,0.9661613938522803,1.0179468854508396,0.5,verified-v3-normuon-3e-3,0.8168504533529304,2345,TRECCOVID
5,0.003,0.2692332518492958,normuon,0.9716413230331388,1.0,0.5,verified-v3-normuon-3e-3,1.0,2345,Touche2020
6,0.003,0.18082289435011917,normuon,0.9526213959248283,1.0,0.5,verified-v3-normuon-3e-3,1.0,2345,ArguAna
6,0.003,0.02927715859953394,normuon,1.07822333841819,1.0420203875240561,0.5,verified-v3-normuon-3e-3,0.8823791683906836,2345,ClimateFEVER
6,0.003,0.17980395505811325,normuon,0.8573567765436269,0.9769331095982161,0.5,verified-v3-normuon-3e-3,0.9769331095982161,2345,DBPedia
6,0.003,0.3049384661808745,normuon,0.8841187988095478,1.0,0.5,verified-v3-normuon-3e-3,1.0,2345,FEVER
6,0.003,0.12021539347367294,normuon,0.9106322688950177,1.0241825215502611,0.5,verified-v3-normuon-3e-3,0.9769331095982161,2345,FiQA2018
6,0.003,0.19184187153679727,normuon,0.8940473697594733,0.9763884649059846,0.5,verified-v3-normuon-3e-3,0.9538662191964322,2345,HotpotQA
6,0.003,0.34107057037106,normuon,0.9291804227787012,1.0,0.5,verified-v3-normuon-3e-3,1.0,2345,MSMARCO
6,0.003,-0.05910550512267157,normuon,1.0697994886504207,0.9156490278079122,0.5,verified-v3-normuon-3e-3,0.5450240035341594,2345,NFCorpus
6,0.003,0.2562947662241437,normuon,0.8675948653989822,1.0,0.5,verified-v3-normuon-3e-3,1.0,2345,NQ
6,0.003,0.3511275531769459,normuon,0.9267091357240164,1.0,0.5,verified-v3-normuon-3e-3,1.0,2345,QuoraRetrieval
6,0.003,0.036309044531183714,normuon,0.8682713088743309,1.01255720041767,0.5,verified-v3-normuon-3e-3,0.8147281885846003,2345,SCIDOCS
6,0.003,0.1593316277713021,normuon,0.9053972725161896,1.0236115350940154,0.5,verified-v3-normuon-3e-3,1.0,2345,SciFact
6,0.003,0.025942182985266692,normuon,0.9873633705631841,1.0043359343270821,0.5,verified-v3-normuon-3e-3,0.8059283593272861,2345,TRECCOVID
6,0.003,0.24686287745959937,normuon,0.8909084268568593,1.0,0.5,verified-v3-normuon-3e-3,1.0,2345,Touche2020
7,0.003,0.1757686166060167,normuon,0.9259941641393665,1.0,0.5,verified-v3-normuon-3e-3,1.0,2345,ArguAna
7,0.003,0.011156766496744557,normuon,0.410882974765988,0.9630962082099959,0.5,verified-v3-normuon-3e-3,0.8155464532702706,2345,ClimateFEVER
7,0.003,0.18043782984002998,normuon,0.8603792731265344,1.0,0.5,verified-v3-normuon-3e-3,1.0,2345,DBPedia
7,0.003,0.3172267628861539,normuon,0.919746688785366,1.0,0.5,verified-v3-normuon-3e-3,1.0,2345,FEVER
7,0.003,0.11673416111019216,normuon,0.8842619145326913,1.0,0.5,verified-v3-normuon-3e-3,0.9538662191964322,2345,FiQA2018
7,0.003,0.19267497162071745,normuon,0.8979298951581706,1.0236115350940154,0.5,verified-v3-normuon-3e-3,1.0,2345,HotpotQA
7,0.003,0.3453781286967889,normuon,0.9409155275163814,1.0,0.5,verified-v3-normuon-3e-3,1.0,2345,MSMARCO
7,0.003,-0.06195598499823217,normuon,1.1213926846979636,0.9035459494637449,0.5,verified-v3-normuon-3e-3,0.5378198586993007,2345,NFCorpus
7,0.003,0.25335409490138494,normuon,0.8576402675036031,1.0,0.5,verified-v3-normuon-3e-3,1.0,2345,NQ
7,0.003,0.3709524225327877,normuon,0.979031681705862,1.0,0.5,verified-v3-normuon-3e-3,1.0,2345,QuoraRetrieval
7,0.003,0.030591375646685192,normuon,0.731542625700367,0.9709433011070839,0.5,verified-v3-normuon-3e-3,0.7812446315161496,2345,SCIDOCS
7,0.003,0.15180485353487963,normuon,0.862626600052568,0.9916236746223275,0.5,verified-v3-normuon-3e-3,0.96875,2345,SciFact
7,0.003,0.013439734475513113,normuon,0.5115183074128038,0.9502579845205479,0.5,verified-v3-normuon-3e-3,0.7625335629511466,2345,TRECCOVID
7,0.003,0.25767464442761934,normuon,0.9299272311426435,1.0,0.5,verified-v3-normuon-3e-3,1.0,2345,Touche2020
8,0.003,0.1875328958247985,normuon,0.9879714050840114,0.9769331095982161,0.5,verified-v3-normuon-3e-3,0.9769331095982161,2345,ArguAna
8,0.003,0.032654540100285866,normuon,1.2026060220885428,1.0210049061901132,0.5,verified-v3-normuon-3e-3,0.8645833333333333,2345,ClimateFEVER
8,0.003,0.2095483482651012,normuon,0.9991865659492444,0.9769331095982161,0.5,verified-v3-normuon-3e-3,0.9769331095982161,2345,DBPedia
8,0.003,0.3383952698694854,normuon,0.9811212841294427,1.0,0.5,verified-v3-normuon-3e-3,1.0,2345,FEVER
8,0.003,0.1337830240426638,normuon,1.0134071453194358,1.0241825215502611,0.5,verified-v3-normuon-3e-3,0.9769331095982161,2345,FiQA2018
8,0.003,0.22004450823403682,normuon,1.0254811019132624,0.9527769298119692,0.5,verified-v3-normuon-3e-3,0.9307993287946483,2345,HotpotQA
8,0.003,0.3804154733248641,normuon,1.0363679573731686,1.0,0.5,verified-v3-normuon-3e-3,1.0,2345,MSMARCO
8,0.003,-0.06102771177062677,normuon,1.1045910987516283,0.9465914328455598,0.5,verified-v3-normuon-3e-3,0.5634419267344579,2345,NFCorpus
8,0.003,0.3210663371613336,normuon,1.0868560044258553,1.0,0.5,verified-v3-normuon-3e-3,1.0,2345,NQ
8,0.003,0.39123220210254006,normuon,1.032554843951942,1.0,0.5,verified-v3-normuon-3e-3,1.0,2345,QuoraRetrieval
8,0.003,0.039094509173158966,normuon,0.9348811319015902,1.003404053576006,0.5,verified-v3-normuon-3e-3,0.8073633436720545,2345,SCIDOCS
8,0.003,0.1967672739107242,normuon,1.118124226879351,1.0,0.5,verified-v3-normuon-3e-3,0.9769331095982161,2345,SciFact
8,0.003,0.02511167421070062,normuon,0.9557540821928274,1.0131485811218792,0.5,verified-v3-normuon-3e-3,0.8130000588751274,2345,TRECCOVID
8,0.003,0.2815064833033458,normuon,1.0159344360345754,0.9769331095982161,0.5,verified-v3-normuon-3e-3,0.9769331095982161,2345,Touche2020
9,0.003,0.20409525168008047,normuon,1.0752261446531772,1.0,0.5,verified-v3-normuon-3e-3,1.0,2345,ArguAna
9,0.003,0.024776233400382323,normuon,0.9124626284879215,1.0022618791688491,0.5,verified-v3-normuon-3e-3,0.8487118045281781,2345,ClimateFEVER
9,0.003,0.20635967971316174,normuon,0.9839820806515029,0.9769331095982161,0.5,verified-v3-normuon-3e-3,0.9769331095982161,2345,DBPedia
9,0.003,0.34268833091766304,normuon,0.9935683067195002,1.0,0.5,verified-v3-normuon-3e-3,1.0,2345,FEVER
9,0.003,0.13586051931333468,normuon,1.0291441834580999,1.0241825215502611,0.5,verified-v3-normuon-3e-3,0.9769331095982161,2345,FiQA2018
9,0.003,0.22074830731344922,normuon,1.0287610413276727,0.9916236746223275,0.5,verified-v3-normuon-3e-3,0.96875,2345,HotpotQA
9,0.003,0.3681897999405769,normuon,1.003061488416883,1.0,0.5,verified-v3-normuon-3e-3,1.0,2345,MSMARCO
9,0.003,-0.05363259877117917,normuon,0.9707408239100294,1.0642742861116432,0.5,verified-v3-normuon-3e-3,0.6334905784410585,2345,NFCorpus
9,0.003,0.30238951502914696,normuon,1.0236322592726514,1.0,0.5,verified-v3-normuon-3e-3,1.0,2345,NQ
9,0.003,0.39807319107010786,normuon,1.0506098411068863,1.0,0.5,verified-v3-normuon-3e-3,1.0,2345,QuoraRetrieval
9,0.003,0.02981745012200767,normuon,0.7130354648273817,0.968167400722279,0.5,verified-v3-normuon-3e-3,0.7790110744476991,2345,SCIDOCS
9,0.003,0.1872488441658685,normuon,1.0640360307680354,1.0236115350940154,0.5,verified-v3-normuon-3e-3,1.0,2345,SciFact
9,0.003,0.0238615284676303,normuon,0.9081733479395014,0.9844029653911787,0.5,verified-v3-normuon-3e-3,0.7899331684733435,2345,TRECCOVID
9,0.003,0.27885459427272485,normuon,1.0063639801248725,1.0,0.5,verified-v3-normuon-3e-3,1.0,2345,Touche2020
10,0.003,0.17326470990809512,normuon,0.9128029412999562,0.9769331095982161,0.5,verified-v3-normuon-3e-3,0.9769331095982161,2345,ArguAna
10,0.003,0.030881189698896885,normuon,1.1372968226499982,0.9761881487996108,0.5,verified-v3-normuon-3e-3,0.8266326621279816,2345,ClimateFEVER
10,0.003,0.1901970266958407,normuon,0.9069139200159664,1.0,0.5,verified-v3-normuon-3e-3,1.0,2345,DBPedia
10,0.003,0.32097846481904146,normuon,0.9306241298899216,1.0,0.5,verified-v3-normuon-3e-3,1.0,2345,FEVER
10,0.003,0.12223031972297865,normuon,0.9258953463515934,0.986878846879416,0.5,verified-v3-normuon-3e-3,0.9413503944778032,2345,FiQA2018
10,0.003,0.18866448967254068,normuon,0.8792397061576555,1.0,0.5,verified-v3-normuon-3e-3,0.9769331095982161,2345,HotpotQA
10,0.003,0.3394370231493861,normuon,0.9247301411363638,1.0,0.5,verified-v3-normuon-3e-3,1.0,2345,MSMARCO
10,0.003,-0.06599647046268699,normuon,1.1945247774666827,0.8873227190516628,0.5,verified-v3-normuon-3e-3,0.5281632657025078,2345,NFCorpus
10,0.003,0.2834011562670967,normuon,0.95935391755302,1.0,0.5,verified-v3-normuon-3e-3,1.0,2345,NQ
10,0.003,0.35902006084837745,normuon,0.9475393408637471,1.0,0.5,verified-v3-normuon-3e-3,1.0,2345,QuoraRetrieval
10,0.003,0.026365017491803734,normuon,0.6304761951651597,0.962710312472637,0.5,verified-v3-normuon-3e-3,0.7746201683114895,2345,SCIDOCS
10,0.003,0.16328774640904725,normuon,0.9278777999197392,0.9763884649059846,0.5,verified-v3-normuon-3e-3,0.9538662191964322,2345,SciFact
10,0.003,0.010696540320526676,normuon,0.407111926943015,0.9532088961735359,0.5,verified-v3-normuon-3e-3,0.7649015190360853,2345,TRECCOVID
10,0.003,0.262528288030719,normuon,0.9474436436201292,1.0,0.5,verified-v3-normuon-3e-3,1.0,2345,Touche2020
11,0.003,0.17750111575460537,normuon,0.9351214141112174,1.0,0.5,verified-v3-normuon-3e-3,1.0,2345,ArguAna
11,0.003,0.008739120367407338,normuon,0.3218455611172028,0.9032548977761764,0.5,verified-v3-normuon-3e-3,0.7648730438358671,2345,ClimateFEVER
11,0.003,0.19536394545919616,normuon,0.9315512691453637,1.0,0.5,verified-v3-normuon-3e-3,1.0,2345,DBPedia
11,0.003,0.33928778848068075,normuon,0.9837089946676636,1.0,0.5,verified-v3-normuon-3e-3,1.0,2345,FEVER
11,0.003,0.11860737628262283,normuon,0.8984515297999963,1.0,0.5,verified-v3-normuon-3e-3,0.9538662191964322,2345,FiQA2018
11,0.003,0.20825037742361957,normuon,0.9705165024481756,0.9763884649059846,0.5,verified-v3-normuon-3e-3,0.9538662191964322,2345,HotpotQA
11,0.003,0.3484951510859172,normuon,0.9494072486818574,1.0,0.5,verified-v3-normuon-3e-3,1.0,2345,MSMARCO
11,0.003,-0.06342111462568309,normuon,1.1479112792518973,0.9325111046010504,0.5,verified-v3-normuon-3e-3,0.5550608586201067,2345,NFCorpus
11,0.003,0.2764254469377529,normuon,0.9357401322002532,1.0,0.5,verified-v3-normuon-3e-3,1.0,2345,NQ
11,0.003,0.36189313237064424,normuon,0.9551220600299967,1.0,0.5,verified-v3-normuon-3e-3,1.0,2345,QuoraRetrieval
11,0.003,0.030649703609272924,normuon,0.732937443357343,0.9321340195773181,0.5,verified-v3-normuon-3e-3,0.7500177382325175,2345,SCIDOCS
11,0.003,0.15735670736075347,normuon,0.8941748455683282,0.968012139528312,0.5,verified-v3-normuon-3e-3,0.9456831095982161,2345,SciFact
11,0.003,0.019114477030491177,normuon,0.7274998591327805,1.0418941968525797,0.5,verified-v3-normuon-3e-3,0.8360669492769113,2345,TRECCOVID
11,0.003,0.26410211904033104,normuon,0.953123474153343,1.0,0.5,verified-v3-normuon-3e-3,1.0,2345,Touche2020
12,0.003,0.17205480111698362,normuon,0.9064288313971546,1.0,0.5,verified-v3-normuon-3e-3,1.0,2345,ArguAna
12,0.003,0.019552163686287736,normuon,0.720069850066108,0.9819852703832849,0.5,verified-v3-normuon-3e-3,0.8315416441242134,2345,ClimateFEVER
12,0.003,0.1861689076894732,normuon,0.887706694425644,0.9769331095982161,0.5,verified-v3-normuon-3e-3,0.9769331095982161,2345,DBPedia
12,0.003,0.3362876293753075,normuon,0.9750105280632345,1.0,0.5,verified-v3-normuon-3e-3,1.0,2345,FEVER
12,0.003,0.12442881833609135,normuon,0.9425489854769339,1.0241825215502611,0.5,verified-v3-normuon-3e-3,0.9769331095982161,2345,FiQA2018
12,0.003,0.20453316734828733,normuon,0.9531930585927149,1.0,0.5,verified-v3-normuon-3e-3,0.9769331095982161,2345,HotpotQA
12,0.003,0.34468860509595267,normuon,0.9390370545943586,1.0,0.5,verified-v3-normuon-3e-3,1.0,2345,MSMARCO
12,0.003,-0.06868823914652475,normuon,1.243245328209938,0.8831637473313275,0.5,verified-v3-normuon-3e-3,0.5256877108242057,2345,NFCorpus
12,0.003,0.25770520558502247,normuon,0.8723694067034459,1.0,0.5,verified-v3-normuon-3e-3,1.0,2345,NQ
12,0.003,0.349621814694425,normuon,0.9227351336978633,1.0,0.5,verified-v3-normuon-3e-3,1.0,2345,QuoraRetrieval
12,0.003,0.035575261703850274,normuon,0.8507240948359355,1.039077352892725,0.5,verified-v3-normuon-3e-3,0.8360669492769113,2345,SCIDOCS
12,0.003,0.15068131174967167,normuon,0.8562421070167887,0.9763884649059846,0.5,verified-v3-normuon-3e-3,0.9538662191964322,2345,SciFact
12,0.003,0.030535012901871775,normuon,1.1621671651959666,1.0,0.5,verified-v3-normuon-3e-3,0.8024489931919725,2345,TRECCOVID
12,0.003,0.25330315402944487,normuon,0.9141508711093499,1.0,0.5,verified-v3-normuon-3e-3,1.0,2345,Touche2020
13,0.003,0.17973786895464922,normuon,0.946905203787979,1.0,0.5,verified-v3-normuon-3e-3,1.0,2345,ArguAna
13,0.003,0.037322317140267354,normuon,1.3745115752155712,0.9575998038883187,0.5,verified-v3-normuon-3e-3,0.810892117584935,2345,ClimateFEVER
13,0.003,0.2009557959710977,normuon,0.9582148146065758,1.0,0.5,verified-v3-normuon-3e-3,1.0,2345,DBPedia
13,0.003,0.31591462775848295,normuon,0.9159423693517391,1.0,0.5,verified-v3-normuon-3e-3,1.0,2345,FEVER
13,0.003,0.12857965692292217,normuon,0.9739916106759317,1.0241825215502611,0.5,verified-v3-normuon-3e-3,0.9769331095982161,2345,FiQA2018
13,0.003,0.207462643221819,normuon,0.9668453972533209,0.9527769298119692,0.5,verified-v3-normuon-3e-3,0.9307993287946483,2345,HotpotQA
13,0.003,0.35005840078004347,normuon,0.9536660183849035,1.0,0.5,verified-v3-normuon-3e-3,1.0,2345,MSMARCO
13,0.003,-0.0538882337437882,normuon,0.975367772997271,0.9196034567184298,0.5,verified-v3-normuon-3e-3,0.547377807897018,2345,NFCorpus
13,0.003,0.2780085121346293,normuon,0.9410990369357507,1.0,0.5,verified-v3-normuon-3e-3,1.0,2345,NQ
13,0.003,0.365131983143531,normuon,0.9636701576467291,1.0,0.5,verified-v3-normuon-3e-3,1.0,2345,QuoraRetrieval
13,0.003,0.02944422363269446,normuon,0.7041103648538961,0.9653915003374742,0.5,verified-v3-normuon-3e-3,0.7767775173792486,2345,SCIDOCS
13,0.003,0.15971020818777773,normuon,0.9075485445599113,0.9916236746223275,0.5,verified-v3-normuon-3e-3,0.96875,2345,SciFact
13,0.003,0.0187527650482711,normuon,0.7137330469049608,0.9653926491274908,0.5,verified-v3-normuon-3e-3,0.7746783593272861,2345,TRECCOVID
13,0.003,0.2665250374358097,normuon,0.9618675933110389,1.0,0.5,verified-v3-normuon-3e-3,1.0,2345,Touche2020
14,0.003,0.17264072258534524,normuon,0.9095156160053702,0.9769331095982161,0.5,verified-v3-normuon-3e-3,0.9769331095982161,2345,ArguAna
14,0.003,0.02162230086570592,normuon,0.7963091549490423,0.972759816939831,0.5,verified-v3-normuon-3e-3,0.8237295628684866,2345,ClimateFEVER
14,0.003,0.20765602667792493,normuon,0.9901634344189008,1.0,0.5,verified-v3-normuon-3e-3,1.0,2345,DBPedia
14,0.003,0.31875187860360177,normuon,0.9241685103188807,1.0,0.5,verified-v3-normuon-3e-3,1.0,2345,FEVER
14,0.003,0.1086675816704699,normuon,0.8231575307665234,1.0241825215502611,0.5,verified-v3-normuon-3e-3,0.9769331095982161,2345,FiQA2018
14,0.003,0.20176491876264613,normuon,0.9402920930891637,0.9763884649059846,0.5,verified-v3-normuon-3e-3,0.9538662191964322,2345,HotpotQA
14,0.003,0.3361566674131496,normuon,0.9157934500388447,1.0,0.5,verified-v3-normuon-3e-3,1.0,2345,MSMARCO
14,0.003,-0.06259814058936519,normuon,1.1330155905779205,0.9022043345379213,0.5,verified-v3-normuon-3e-3,0.5370212859756185,2345,NFCorpus
14,0.003,0.2525925711718718,normuon,0.8550623994989662,1.0,0.5,verified-v3-normuon-3e-3,1.0,2345,NQ
14,0.003,0.3558187107961569,normuon,0.9390902165691684,1.0,0.5,verified-v3-normuon-3e-3,1.0,2345,QuoraRetrieval
14,0.003,0.03514878998493318,normuon,0.840525722436904,1.0045526498014645,0.5,verified-v3-normuon-3e-3,0.8082875321739948,2345,SCIDOCS
14,0.003,0.167909256755347,normuon,0.9541393960696957,1.0236115350940154,0.5,verified-v3-normuon-3e-3,1.0,2345,SciFact
14,0.003,0.026932498100645057,normuon,1.025054912203877,0.9946006348600696,0.5,verified-v3-normuon-3e-3,0.7981162780715595,2345,TRECCOVID
14,0.003,0.2491589409482852,normuon,0.8991947367780557,1.0,0.5,verified-v3-normuon-3e-3,1.0,2345,Touche2020
15,0.003,0.19454765755899595,normuon,1.0249269694738412,0.9769331095982161,0.5,verified-v3-normuon-3e-3,0.9769331095982161,2345,ArguAna
15,0.003,0.029328144034304768,normuon,1.0801010372222735,0.9930364257253956,0.5,verified-v3-normuon-3e-3,0.8408997232724515,2345,ClimateFEVER
15,0.003,0.21603334092573778,normuon,1.0301088690856546,1.0,0.5,verified-v3-normuon-3e-3,1.0,2345,DBPedia
15,0.003,0.35857672740711327,normuon,1.03963409236863,1.0,0.5,verified-v3-normuon-3e-3,1.0,2345,FEVER
15,0.003,0.1434402862772799,normuon,1.0865609600340926,1.0241825215502611,0.5,verified-v3-normuon-3e-3,0.9769331095982161,2345,FiQA2018
15,0.003,0.2122777298811032,normuon,0.989285313672043,0.9763884649059846,0.5,verified-v3-normuon-3e-3,0.9538662191964322,2345,HotpotQA
15,0.003,0.36803470415731654,normuon,1.0026389601251449,1.0,0.5,verified-v3-normuon-3e-3,1.0,2345,MSMARCO
15,0.003,-0.07803211856033823,normuon,1.412367940361925,0.9153254734787752,0.5,verified-v3-normuon-3e-3,0.5448314135018746,2345,NFCorpus
15,0.003,0.32826559166683544,normuon,1.1112265225433082,1.0,0.5,verified-v3-normuon-3e-3,1.0,2345,NQ
15,0.003,0.3808607252511944,normuon,1.0051820494727555,1.0,0.5,verified-v3-normuon-3e-3,1.0,2345,QuoraRetrieval
15,0.003,0.041693473275428786,normuon,0.9970311000963509,0.9703396214006363,0.5,verified-v3-normuon-3e-3,0.7807588961191603,2345,SCIDOCS
15,0.003,0.17121454936880623,normuon,0.9729216237978235,1.0,0.5,verified-v3-normuon-3e-3,0.9769331095982161,2345,SciFact
15,0.003,0.02872201198420775,normuon,1.0931640786817922,0.9755903185963818,0.5,verified-v3-normuon-3e-3,0.7828614689255022,2345,TRECCOVID
15,0.003,0.28474115835767855,normuon,1.027608120201691,1.0,0.5,verified-v3-normuon-3e-3,1.0,2345,Touche2020
16,0.003,0.18269705562542807,normuon,0.9624949583223867,0.9769331095982161,0.5,verified-v3-normuon-3e-3,0.9769331095982161,2345,ArguAna
16,0.003,0.0072425330596620555,normuon,0.2667290320419701,0.9055400316031105,0.5,verified-v3-normuon-3e-3,0.7668080870557628,2345,ClimateFEVER
16,0.003,0.18679782171482368,normuon,0.8907055366998492,1.0,0.5,verified-v3-normuon-3e-3,1.0,2345,DBPedia
16,0.003,0.3234230813801159,normuon,0.9377118924952633,1.0,0.5,verified-v3-normuon-3e-3,1.0,2345,FEVER
16,0.003,0.13620633131269438,normuon,1.0317637112613927,0.986878846879416,0.5,verified-v3-normuon-3e-3,0.9413503944778032,2345,FiQA2018
16,0.003,0.200991261533641,normuon,0.9366865913019548,1.0,0.5,verified-v3-normuon-3e-3,0.9769331095982161,2345,HotpotQA
16,0.003,0.33688659278046384,normuon,0.917781989714549,1.0,0.5,verified-v3-normuon-3e-3,1.0,2345,MSMARCO
16,0.003,-0.06536373019184866,normuon,1.1830722872665487,0.9280073288678766,0.5,verified-v3-normuon-3e-3,0.552380065208475,2345,NFCorpus
16,0.003,0.2746390838062739,normuon,0.9296930345421847,1.0,0.5,verified-v3-normuon-3e-3,1.0,2345,NQ
16,0.003,0.36281032948336256,normuon,0.957542761384605,1.0,0.5,verified-v3-normuon-3e-3,1.0,2345,QuoraRetrieval
16,0.003,0.03900401637127268,normuon,0.9327171448137441,1.0016273041593464,0.5,verified-v3-normuon-3e-3,0.8059337278111365,2345,SCIDOCS
16,0.003,0.1618331957408458,normuon,0.9196123586752896,0.9871886574467965,0.5,verified-v3-normuon-3e-3,0.9644172848795871,2345,SciFact
16,0.003,0.018799879508907123,normuon,0.7155262303345229,1.0185479462618094,0.5,verified-v3-normuon-3e-3,0.8173327739955403,2345,TRECCOVID
16,0.003,0.2611045844564506,normuon,0.9423056110219735,1.0,0.5,verified-v3-normuon-3e-3,1.0,2345,Touche2020
17,0.003,0.17597647873322075,normuon,0.9270892351506381,1.0,0.5,verified-v3-normuon-3e-3,1.0,2345,ArguAna
17,0.003,0.024527387903711954,normuon,0.9032981113351357,0.9672634126181539,0.5,verified-v3-normuon-3e-3,0.8190752271831511,2345,ClimateFEVER
17,0.003,0.1973922712931725,normuon,0.9412229078934439,1.0,0.5,verified-v3-normuon-3e-3,1.0,2345,DBPedia
17,0.003,0.32530349406204595,normuon,0.9431638389893737,1.0,0.5,verified-v3-normuon-3e-3,1.0,2345,FEVER
17,0.003,0.1302353090894912,normuon,0.9865331849733523,1.0,0.5,verified-v3-normuon-3e-3,0.9538662191964322,2345,FiQA2018
17,0.003,0.20183003181801984,normuon,0.9405955417337559,0.9763884649059846,0.5,verified-v3-normuon-3e-3,0.9538662191964322,2345,HotpotQA
17,0.003,0.33514320727194324,normuon,0.9130324750258115,1.0,0.5,verified-v3-normuon-3e-3,1.0,2345,MSMARCO
17,0.003,-0.06264734521603423,normuon,1.133906185867488,0.9403304628636855,0.5,verified-v3-normuon-3e-3,0.5597151943054424,2345,NFCorpus
17,0.003,0.2741603996206089,normuon,0.9280726193158065,1.0,0.5,verified-v3-normuon-3e-3,1.0,2345,NQ
17,0.003,0.35130250744017294,normuon,0.9271708816411323,1.0,0.5,verified-v3-normuon-3e-3,1.0,2345,QuoraRetrieval
17,0.003,0.02684378088073827,normuon,0.6419250371746013,0.9284972840718085,0.5,verified-v3-normuon-3e-3,0.7470915322566547,2345,SCIDOCS
17,0.003,0.14841430696742308,normuon,0.8433599192469182,0.9916236746223275,0.5,verified-v3-normuon-3e-3,0.96875,2345,SciFact
17,0.003,0.014827811806096856,normuon,0.5643487385490685,1.0013850226740941,0.5,verified-v3-normuon-3e-3,0.8035604032423475,2345,TRECCOVID
17,0.003,0.25443764005213476,normuon,0.9182451406413542,1.0,0.5,verified-v3-normuon-3e-3,1.0,2345,Touche2020
18,0.003,0.16670783802292602,normuon,0.8782596581023331,1.0,0.5,verified-v3-normuon-3e-3,1.0,2345,ArguAna
18,0.003,0.02129733187296882,normuon,0.7843411509147653,0.893835637625771,0.5,verified-v3-normuon-3e-3,0.7568968477480738,2345,ClimateFEVER
18,0.003,0.21081947030239434,normuon,1.0052476400348227,1.0,0.5,verified-v3-normuon-3e-3,1.0,2345,DBPedia
18,0.003,0.3188764857235228,normuon,0.9245297881155702,1.0,0.5,verified-v3-normuon-3e-3,1.0,2345,FEVER
18,0.003,0.12512721560232085,normuon,0.947839348622282,1.0241825215502611,0.5,verified-v3-normuon-3e-3,0.9769331095982161,2345,FiQA2018
18,0.003,0.20939603206191187,normuon,0.9758556367456717,1.0,0.5,verified-v3-normuon-3e-3,0.9769331095982161,2345,HotpotQA
18,0.003,0.36839387172106147,normuon,1.0036174422860824,1.0,0.5,verified-v3-normuon-3e-3,1.0,2345,MSMARCO
18,0.003,-0.06242685456702868,normuon,1.1299153429998268,0.8940819147684868,0.5,verified-v3-normuon-3e-3,0.5321865582506076,2345,NFCorpus
18,0.003,0.2649074503744655,normuon,0.8967500473646859,1.0,0.5,verified-v3-normuon-3e-3,1.0,2345,NQ
18,0.003,0.3554500179388844,normuon,0.9381171484176684,1.0,0.5,verified-v3-normuon-3e-3,1.0,2345,QuoraRetrieval
18,0.003,0.04317301742234963,normuon,1.0324119741890583,0.9727200505237437,0.5,verified-v3-normuon-3e-3,0.7826742473770677,2345,SCIDOCS
18,0.003,0.17309143399217927,normuon,0.9835869652783529,0.9824244257510872,0.5,verified-v3-normuon-3e-3,0.9597629491942514,2345,SciFact
18,0.003,0.021529343187197108,normuon,0.8194100268044167,0.9712543842692996,0.5,verified-v3-normuon-3e-3,0.7793821027901886,2345,TRECCOVID
18,0.003,0.245199945651953,normuon,0.8849070386531472,1.0,0.5,verified-v3-normuon-3e-3,1.0,2345,Touche2020
19,0.003,0.21537584494549183,normuon,1.1346552039101823,0.9769331095982161,0.5,verified-v3-normuon-3e-3,0.9769331095982161,2345,ArguAna
19,0.003,0.033501223346023234,normuon,1.2337877924334364,1.0069635742746044,0.5,verified-v3-normuon-3e-3,0.8526931832680897,2345,ClimateFEVER
19,0.003,0.23960086513751924,normuon,1.14248557727762,0.9769331095982161,0.5,verified-v3-normuon-3e-3,0.9769331095982161,2345,DBPedia
19,0.003,0.3509736955480903,normuon,1.0175903552215986,1.0,0.5,verified-v3-normuon-3e-3,1.0,2345,FEVER
19,0.003,0.12411445865560815,normuon,0.9401677091626803,0.986878846879416,0.5,verified-v3-normuon-3e-3,0.9413503944778032,2345,FiQA2018
19,0.003,0.2307149929842413,normuon,1.0752091344254402,1.0,0.5,verified-v3-normuon-3e-3,0.9769331095982161,2345,HotpotQA
19,0.003,0.3804758786073601,normuon,1.0365325198150896,1.0,0.5,verified-v3-normuon-3e-3,1.0,2345,MSMARCO
19,0.003,-0.07312228476657015,normuon,1.3235007921829156,0.9819005638198978,0.5,verified-v3-normuon-3e-3,0.5844590668618461,2345,NFCorpus
19,0.003,0.32899953144414396,normuon,1.113711014878778,1.0,0.5,verified-v3-normuon-3e-3,1.0,2345,NQ
19,0.003,0.39773035429243,normuon,1.0497050132998353,1.0,0.5,verified-v3-normuon-3e-3,1.0,2345,QuoraRetrieval
19,0.003,0.03911226811970386,normuon,0.9353058080108037,0.9713321003313411,0.5,verified-v3-normuon-3e-3,0.7815574688428424,2345,SCIDOCS
19,0.003,0.18109422304428469,normuon,1.029062577883647,1.0236115350940154,0.5,verified-v3-normuon-3e-3,1.0,2345,SciFact
19,0.003,0.025686592797685582,normuon,0.9776355697363885,1.0,0.5,verified-v3-normuon-3e-3,0.8024489931919725,2345,TRECCOVID
19,0.003,0.2849021065245868,normuon,1.0281889692935484,1.0,0.5,verified-v3-normuon-3e-3,1.0,2345,Touche2020
0,0.003,0.22802052387818916,normuon,1.201270616406368,1.0,0.75,verified-v3-normuon-3e-3,1.0,2345,ArguAna
0,0.003,0.021177952242341837,normuon,0.7799446209907239,1.0043026644163535,0.75,verified-v3-normuon-3e-3,0.850439934237651,2345,ClimateFEVER
0,0.003,0.20001458027497443,normuon,0.9537268284830241,1.0,0.75,verified-v3-normuon-3e-3,1.0,2345,DBPedia
0,0.003,0.307323450787005,normuon,0.8910336683947468,1.0,0.75,verified-v3-normuon-3e-3,1.0,2345,FEVER
0,0.003,0.12259647322631335,normuon,0.9286689611597382,1.0,0.75,verified-v3-normuon-3e-3,0.9538662191964322,2345,FiQA2018
0,0.003,0.16663747504601928,normuon,0.7765864410871176,0.9204092804490621,0.75,verified-v3-normuon-3e-3,0.8991783004521589,2345,HotpotQA
0,0.003,0.36436118281901786,normuon,0.9926311658247059,1.0,0.75,verified-v3-normuon-3e-3,1.0,2345,MSMARCO
0,0.003,-0.04684582741244303,normuon,0.8479014282548473,1.0239688905110598,0.75,verified-v3-normuon-3e-3,0.6094994995373342,2345,NFCorpus
0,0.003,0.2934588959570962,normuon,0.9934008215968259,0.9769331095982161,0.75,verified-v3-normuon-3e-3,0.9769331095982161,2345,NQ
0,0.003,0.36914655305180094,normuon,0.974265562582444,1.0,0.75,verified-v3-normuon-3e-3,1.0,2345,QuoraRetrieval
0,0.003,0.0077358757621834775,normuon,0.18499079389300813,0.9583794286519739,0.75,verified-v3-normuon-3e-3,0.7711354336923255,2345,SCIDOCS
0,0.003,0.17293991539378223,normuon,0.9827259653146729,0.9588128906570718,0.75,verified-v3-normuon-3e-3,0.9366960587924675,2345,SciFact
0,0.003,0.0125499817542567,normuon,0.47765418555665823,0.9591959418749848,0.75,verified-v3-normuon-3e-3,0.7697058178314073,2345,TRECCOVID
0,0.003,0.2855241574116074,normuon,1.030433901309587,1.0,0.75,verified-v3-normuon-3e-3,1.0,2345,Touche2020
1,0.003,0.19037934590618574,normuon,1.0029672343439453,1.0,0.75,verified-v3-normuon-3e-3,1.0,2345,ArguAna
1,0.003,0.015918048928556888,normuon,0.5862321576905323,0.9441088326093021,0.75,verified-v3-normuon-3e-3,0.7994680109546927,2345,ClimateFEVER
1,0.003,0.21169230969722486,normuon,1.0094095883621013,0.9769331095982161,0.75,verified-v3-normuon-3e-3,0.9769331095982161,2345,DBPedia
1,0.003,0.32538731153831024,normuon,0.9434068539404298,1.0,0.75,verified-v3-normuon-3e-3,1.0,2345,FEVER
1,0.003,0.14375298838189615,normuon,1.0889296802020079,1.0241825215502611,0.75,verified-v3-normuon-3e-3,0.9769331095982161,2345,FiQA2018
1,0.003,0.2080968620099572,normuon,0.9698010692077526,1.0,0.75,verified-v3-normuon-3e-3,0.9769331095982161,2345,HotpotQA
1,0.003,0.37285843445097466,normuon,1.0157802749819367,1.0,0.75,verified-v3-normuon-3e-3,1.0,2345,MSMARCO
1,0.003,-0.10860998965834127,normuon,1.9658221540898853,0.8831637473313275,0.75,verified-v3-normuon-3e-3,0.5256877108242057,2345,NFCorpus
1,0.003,0.3052763902427539,normuon,1.03340474955512,1.0,0.75,verified-v3-normuon-3e-3,1.0,2345,NQ
1,0.003,0.37257410240858446,normuon,0.9833116806479083,1.0,0.75,verified-v3-normuon-3e-3,1.0,2345,QuoraRetrieval
1,0.003,0.0168824244344394,normuon,0.40371551909258685,0.9328895726672577,0.75,verified-v3-normuon-3e-3,0.7506256746533855,2345,SCIDOCS
1,0.003,0.14538443377378993,normuon,0.8261427542436025,0.9527769298119692,0.75,verified-v3-normuon-3e-3,0.9307993287946483,2345,SciFact
1,0.003,0.03329538602915755,normuon,1.2672273799248814,1.0213246817347235,0.75,verified-v3-normuon-3e-3,0.8195609625801406,2345,TRECCOVID
1,0.003,0.27896149390472313,normuon,1.006749772366927,1.0,0.75,verified-v3-normuon-3e-3,1.0,2345,Touche2020
2,0.003,0.20068857921446231,normuon,1.0572789201530972,1.0,0.75,verified-v3-normuon-3e-3,1.0,2345,ArguAna
2,0.003,0.03755901742705244,normuon,1.383228806860654,1.006429083577007,0.75,verified-v3-normuon-3e-3,0.8522405784410585,2345,ClimateFEVER
2,0.003,0.21365929030501973,normuon,1.0187887154946373,0.9769331095982161,0.75,verified-v3-normuon-3e-3,0.9769331095982161,2345,DBPedia
2,0.003,0.3361297550451373,normuon,0.9745527974761392,1.0,0.75,verified-v3-normuon-3e-3,1.0,2345,FEVER
2,0.003,0.11668159070452146,normuon,0.8838636934196594,0.9914211139533698,0.75,verified-v3-normuon-3e-3,0.9456831095982161,2345,FiQA2018
2,0.003,0.22203853667922066,normuon,1.0347739422737163,1.0,0.75,verified-v3-normuon-3e-3,0.9769331095982161,2345,HotpotQA
2,0.003,0.36951336680943103,normuon,1.0066672888863863,1.0,0.75,verified-v3-normuon-3e-3,1.0,2345,MSMARCO
2,0.003,-0.06968357508608305,normuon,1.2612607377215375,0.927740632468324,0.75,verified-v3-normuon-3e-3,0.5522213188602587,2345,NFCorpus
2,0.003,0.3098525182573775,normuon,1.0488956049767388,1.0,0.75,verified-v3-normuon-3e-3,1.0,2345,NQ
2,0.003,0.3830319235211071,normuon,1.0109123581710944,1.0,0.75,verified-v3-normuon-3e-3,1.0,2345,QuoraRetrieval
2,0.003,0.03067069929525466,normuon,0.7334395207869052,1.0004611199477453,0.75,verified-v3-normuon-3e-3,0.8049953875871159,2345,SCIDOCS
2,0.003,0.16903443939697388,normuon,0.9605332132236496,0.9763884649059846,0.75,verified-v3-normuon-3e-3,0.9538662191964322,2345,SciFact
2,0.003,0.02687837649849538,normuon,1.022995035918634,1.038480915197713,0.75,verified-v3-normuon-3e-3,0.833327964849483,2345,TRECCOVID
2,0.003,0.26516625184655845,normuon,0.9569638445408185,1.0,0.75,verified-v3-normuon-3e-3,1.0,2345,Touche2020
3,0.003,0.1795421356488306,normuon,0.9458740305193061,1.0,0.75,verified-v3-normuon-3e-3,1.0,2345,ArguAna
3,0.003,0.01833665822197859,normuon,0.6753050428824688,0.9831517230742153,0.75,verified-v3-normuon-3e-3,0.8325293921258008,2345,ClimateFEVER
3,0.003,0.19775744771522827,normuon,0.9429641737069923,0.9769331095982161,0.75,verified-v3-normuon-3e-3,0.9769331095982161,2345,DBPedia
3,0.003,0.3414967033058949,normuon,0.9901133789567304,1.0,0.75,verified-v3-normuon-3e-3,1.0,2345,FEVER
3,0.003,0.12174182273625594,normuon,0.92219497898171,0.986878846879416,0.75,verified-v3-normuon-3e-3,0.9413503944778032,2345,FiQA2018
3,0.003,0.18767707992350413,normuon,0.8746380460407625,0.9763884649059846,0.75,verified-v3-normuon-3e-3,0.9538662191964322,2345,HotpotQA
3,0.003,0.3758912878563305,normuon,1.024042694123959,1.0,0.75,verified-v3-normuon-3e-3,1.0,2345,MSMARCO
3,0.003,-0.07841710154665038,normuon,1.4193360662757641,0.9476185125808281,0.75,verified-v3-normuon-3e-3,0.5640532779097056,2345,NFCorpus
3,0.003,0.3044028218181671,normuon,1.0304475940465936,1.0,0.75,verified-v3-normuon-3e-3,1.0,2345,NQ
3,0.003,0.3622356055976351,normuon,0.9560259283403068,1.0,0.75,verified-v3-normuon-3e-3,1.0,2345,QuoraRetrieval
3,0.003,0.027517724106536436,normuon,0.6580412851873574,0.9938554354726447,0.75,verified-v3-normuon-3e-3,0.7996802929489657,2345,SCIDOCS
3,0.003,0.1493985982119993,normuon,0.8489531251952063,0.9371619312044073,0.75,verified-v3-normuon-3e-3,0.9155445196485911,2345,SciFact
3,0.003,0.014590574755713022,normuon,0.5553194608733046,0.9892012697201393,0.75,verified-v3-normuon-3e-3,0.7937835629511466,2345,TRECCOVID
3,0.003,0.278025014917896,normuon,1.003370094427804,1.0,0.75,verified-v3-normuon-3e-3,1.0,2345,Touche2020
4,0.003,0.14837789922740918,normuon,0.7816928381464927,1.0,0.75,verified-v3-normuon-3e-3,1.0,2345,ArguAna
4,0.003,0.01420651258403962,normuon,0.5231994550826072,0.9322457239656822,0.75,verified-v3-normuon-3e-3,0.7894223726305154,2345,ClimateFEVER
4,0.003,0.16389186901343922,normuon,0.7814833910280673,0.9644172848795871,0.75,verified-v3-normuon-3e-3,0.9644172848795871,2345,DBPedia
4,0.003,0.2649446291004709,normuon,0.7681632631168557,1.0,0.75,verified-v3-normuon-3e-3,1.0,2345,FEVER
4,0.003,0.10554603224253416,normuon,0.7995117766256313,0.9914211139533698,0.75,verified-v3-normuon-3e-3,0.9456831095982161,2345,FiQA2018
4,0.003,0.17011026993439096,normuon,0.7927708283159887,0.9527769298119692,0.75,verified-v3-normuon-3e-3,0.9307993287946483,2345,HotpotQA
4,0.003,0.28982946253932107,normuon,0.789583992084181,1.0,0.75,verified-v3-normuon-3e-3,1.0,2345,MSMARCO
4,0.003,-0.05247197471542203,normuon,0.949733727891014,0.9156011890169098,0.75,verified-v3-normuon-3e-3,0.5449955283339412,2345,NFCorpus
4,0.003,0.21949349735315749,normuon,0.7430172457190245,1.0,0.75,verified-v3-normuon-3e-3,1.0,2345,NQ
4,0.003,0.31813611884405646,normuon,0.8396368928302195,1.0,0.75,verified-v3-normuon-3e-3,1.0,2345,QuoraRetrieval
4,0.003,0.00936802186352723,normuon,0.22402089369281897,0.8922748243248171,0.75,verified-v3-normuon-3e-3,0.7179460587924674,2345,SCIDOCS
4,0.003,0.12281538353989178,normuon,0.6978947923613434,1.0236115350940154,0.75,verified-v3-normuon-3e-3,1.0,2345,SciFact
4,0.003,0.004335622504360995,normuon,0.16501444199305332,0.9736042351113179,0.75,verified-v3-normuon-3e-3,0.7812677382325175,2345,TRECCOVID
4,0.003,0.2096626616411717,normuon,0.7566558162797387,1.0,0.75,verified-v3-normuon-3e-3,1.0,2345,Touche2020
5,0.003,0.17578733647426256,normuon,0.9260927852076998,0.96875,0.75,verified-v3-normuon-3e-3,0.96875,2345,ArguAna
5,0.003,0.013677147536518514,normuon,0.5037039242291045,0.897944495335173,0.75,verified-v3-normuon-3e-3,0.7603762138833875,2345,ClimateFEVER
5,0.003,0.20567267742421275,normuon,0.9807062568925593,1.0,0.75,verified-v3-normuon-3e-3,1.0,2345,DBPedia
5,0.003,0.331141095195864,normuon,0.9600890008654722,1.0,0.75,verified-v3-normuon-3e-3,1.0,2345,FEVER
5,0.003,0.1504565801713284,normuon,1.1397094249964512,0.9840073913521035,0.75,verified-v3-normuon-3e-3,0.938611410050375,2345,FiQA2018
5,0.003,0.16956266052744967,normuon,0.7902187850836669,0.9871886574467965,0.75,verified-v3-normuon-3e-3,0.9644172848795871,2345,HotpotQA
5,0.003,0.3546494071839376,normuon,0.9661733222742691,1.0,0.75,verified-v3-normuon-3e-3,1.0,2345,MSMARCO
5,0.003,-0.055537364802457856,normuon,1.0052167618456145,1.0252368072732263,0.75,verified-v3-normuon-3e-3,0.6102542047233577,2345,NFCorpus
5,0.003,0.3019681465886486,normuon,1.022205866136329,1.0,0.75,verified-v3-normuon-3e-3,1.0,2345,NQ
5,0.003,0.366713541716925,normuon,0.9678442669280599,1.0,0.75,verified-v3-normuon-3e-3,1.0,2345,QuoraRetrieval
5,0.003,0.008284908873545493,normuon,0.19812002117984093,0.8974489552800424,0.75,verified-v3-normuon-3e-3,0.7221092905969634,2345,SCIDOCS
5,0.003,0.15756963812500022,normuon,0.895384818352015,0.9527769298119692,0.75,verified-v3-normuon-3e-3,0.9307993287946483,2345,SciFact
5,0.003,0.013946039273650783,normuon,0.5307883438744784,0.956580002332694,0.75,verified-v3-normuon-3e-3,0.767606659779445,2345,TRECCOVID
5,0.003,0.2523803472964474,normuon,0.9108205352433499,1.0,0.75,verified-v3-normuon-3e-3,1.0,2345,Touche2020
6,0.003,0.18221781923325484,normuon,0.9599702180646289,0.9456831095982161,0.75,verified-v3-normuon-3e-3,0.9456831095982161,2345,ArguAna
6,0.003,0.0002295345037612844,normuon,0.00845332917421824,0.9127246997990601,0.75,verified-v3-normuon-3e-3,0.7728920386020166,2345,ClimateFEVER
6,0.003,0.18839844406438738,normuon,0.8983377626853237,1.0,0.75,verified-v3-normuon-3e-3,1.0,2345,DBPedia
6,0.003,0.32784381226045906,normuon,0.9505290727111269,1.0,0.75,verified-v3-normuon-3e-3,1.0,2345,FEVER
6,0.003,0.11881983115098278,normuon,0.9000608766001196,0.9758174784497388,0.75,verified-v3-normuon-3e-3,0.9307993287946483,2345,FiQA2018
6,0.003,0.21763323627267153,normuon,1.0142437670313416,1.0236115350940154,0.75,verified-v3-normuon-3e-3,1.0,2345,HotpotQA
6,0.003,0.3391888100854617,normuon,0.9240539329269437,1.0,0.75,verified-v3-normuon-3e-3,1.0,2345,MSMARCO
6,0.003,-0.09346100195131118,normuon,1.6916280791231546,1.061273238772737,0.75,verified-v3-normuon-3e-3,0.631704257715789,2345,NFCorpus
6,0.003,0.30422107202264526,normuon,1.0298323446924802,1.0,0.75,verified-v3-normuon-3e-3,1.0,2345,NQ
6,0.003,0.3389022748170124,normuon,0.8944437180989567,1.0,0.75,verified-v3-normuon-3e-3,1.0,2345,QuoraRetrieval
6,0.003,0.02703685502961713,normuon,0.6465420890998556,0.9902910206906234,0.75,verified-v3-normuon-3e-3,0.7968122779888998,2345,SCIDOCS
6,0.003,0.16055698292509946,normuon,0.9123603170141985,0.9588128906570718,0.75,verified-v3-normuon-3e-3,0.9366960587924675,2345,SciFact
6,0.003,-0.01321649430605059,normuon,-0.5030217531216404,0.9010378229489646,0.75,verified-v3-normuon-3e-3,0.7230368938532834,2345,TRECCOVID
6,0.003,0.2622196047643499,normuon,0.9463296303425237,1.0,0.75,verified-v3-normuon-3e-3,1.0,2345,Touche2020
7,0.003,0.1984396765696358,normuon,1.0454311240843897,0.9769331095982161,0.75,verified-v3-normuon-3e-3,0.9769331095982161,2345,ArguAna
7,0.003,0.00608379080134426,normuon,0.22405470823824097,0.9401586895661805,0.75,verified-v3-normuon-3e-3,0.7961230438358671,2345,ClimateFEVER
7,0.003,0.21591665510818944,normuon,1.029552477673857,1.0,0.75,verified-v3-normuon-3e-3,1.0,2345,DBPedia
7,0.003,0.32755457677724664,normuon,0.9496904821220367,1.0,0.75,verified-v3-normuon-3e-3,1.0,2345,FEVER
7,0.003,0.1297036537724631,normuon,0.9825058930132636,1.0241825215502611,0.75,verified-v3-normuon-3e-3,0.9769331095982161,2345,FiQA2018
7,0.003,0.21304947449083955,normuon,0.9928819020129178,1.0,0.75,verified-v3-normuon-3e-3,0.9769331095982161,2345,HotpotQA
7,0.003,0.3650488772316518,normuon,0.9945046554792913,1.0,0.75,verified-v3-normuon-3e-3,1.0,2345,MSMARCO
7,0.003,-0.06677560810714525,normuon,1.2086270349789026,1.095531226339846,0.75,verified-v3-normuon-3e-3,0.6520957231897916,2345,NFCorpus
7,0.003,0.30905585534326885,normuon,1.0461987857481716,1.0,0.75,verified-v3-normuon-3e-3,1.0,2345,NQ
7,0.003,0.35160865988973156,normuon,0.9279788907801567,1.0,0.75,verified-v3-normuon-3e-3,1.0,2345,QuoraRetrieval
7,0.003,0.031857794104045316,normuon,0.7618269481261556,1.0074008709097575,0.75,verified-v3-normuon-3e-3,0.8105792802582421,2345,SCIDOCS
7,0.003,0.18457913938855297,normuon,1.04886551216093,0.9635771223527811,0.75,verified-v3-normuon-3e-3,0.9413503944778032,2345,SciFact
7,0.003,-0.010551063757435558,normuon,-0.4015750671593503,0.941044538961404,0.75,verified-v3-normuon-3e-3,0.7551402428383827,2345,TRECCOVID
7,0.003,0.2929179493642245,normuon,1.0571175064947813,1.0,0.75,verified-v3-normuon-3e-3,1.0,2345,Touche2020
8,0.003,0.2306286999017072,normuon,1.215011156802379,1.0,0.75,verified-v3-normuon-3e-3,1.0,2345,ArguAna
8,0.003,0.03880723557687242,normuon,1.4291983614537864,1.005116595734052,0.75,verified-v3-normuon-3e-3,0.8511291683906836,2345,ClimateFEVER
8,0.003,0.2125062197962388,normuon,1.0132905449220466,1.0,0.75,verified-v3-normuon-3e-3,1.0,2345,DBPedia
8,0.003,0.34239565675280614,normuon,0.9927197462400152,1.0,0.75,verified-v3-normuon-3e-3,1.0,2345,FEVER
8,0.003,0.15387223047102797,normuon,1.1655829948637622,1.0241825215502611,0.75,verified-v3-normuon-3e-3,0.9769331095982161,2345,FiQA2018
8,0.003,0.1945501707739193,normuon,0.9066689512217148,0.9763884649059846,0.75,verified-v3-normuon-3e-3,0.9538662191964322,2345,HotpotQA
8,0.003,0.35832312668028976,normuon,0.9761816564177783,1.0,0.75,verified-v3-normuon-3e-3,1.0,2345,MSMARCO
8,0.003,-0.06421287249565244,normuon,1.1622419606777676,0.9874371561302177,0.75,verified-v3-normuon-3e-3,0.587754626203105,2345,NFCorpus
8,0.003,0.3162579376403405,normuon,1.0705788763492243,1.0,0.75,verified-v3-normuon-3e-3,1.0,2345,NQ
8,0.003,0.36676897102104133,normuon,0.9679905580466198,1.0,0.75,verified-v3-normuon-3e-3,1.0,2345,QuoraRetrieval
8,0.003,0.023828024868878715,normuon,0.5698081733608467,0.9484486833617956,0.75,verified-v3-normuon-3e-3,0.7631449141263942,2345,SCIDOCS
8,0.003,0.17515399847710733,normuon,0.9953074270922689,0.9552007969751085,0.75,verified-v3-normuon-3e-3,0.9331672848795871,2345,SciFact
8,0.003,0.008645514610063687,normuon,0.32904958115875305,1.0233462505907702,0.75,verified-v3-normuon-3e-3,0.8211831684733435,2345,TRECCOVID
8,0.003,0.2789888539483507,normuon,1.0068485125812427,1.0,0.75,verified-v3-normuon-3e-3,1.0,2345,Touche2020
9,0.003,0.20838921984106917,normuon,1.0978478705042054,1.0,0.75,verified-v3-normuon-3e-3,1.0,2345,ArguAna
9,0.003,0.0429083690639612,normuon,1.5802354856581102,1.052633387579785,0.75,verified-v3-normuon-3e-3,0.8913662191964322,2345,ClimateFEVER
9,0.003,0.20949224113990147,normuon,0.9989190311000427,1.0,0.75,verified-v3-normuon-3e-3,1.0,2345,DBPedia
9,0.003,0.3169154821230943,normuon,0.9188441815425914,1.0,0.75,verified-v3-normuon-3e-3,1.0,2345,FEVER
9,0.003,0.11835286349361307,normuon,0.8965235940188809,1.0241825215502611,0.75,verified-v3-normuon-3e-3,0.9769331095982161,2345,FiQA2018
9,0.003,0.20059785829262708,normuon,0.934853200446946,1.0,0.75,verified-v3-normuon-3e-3,0.9769331095982161,2345,HotpotQA
9,0.003,0.3565750415413243,normuon,0.9714193385000817,1.0,0.75,verified-v3-normuon-3e-3,1.0,2345,MSMARCO
9,0.003,-0.08664002592895201,normuon,1.5681695849326087,0.9245137926358985,0.75,verified-v3-normuon-3e-3,0.5503005991185009,2345,NFCorpus
9,0.003,0.3363068225236179,normuon,1.1384472524302813,1.0,0.75,verified-v3-normuon-3e-3,1.0,2345,NQ
9,0.003,0.3894264101874474,normuon,1.027788929543369,1.0,0.75,verified-v3-normuon-3e-3,1.0,2345,QuoraRetrieval
9,0.003,0.022710941109845964,normuon,0.5430949455659205,0.9185665387816305,0.75,verified-v3-normuon-3e-3,0.7391010126907236,2345,SCIDOCS
9,0.003,0.17374797157420174,normuon,0.9873177207120496,0.9763884649059846,0.75,verified-v3-normuon-3e-3,0.9538662191964322,2345,SciFact
9,0.003,0.021536020516298295,normuon,0.819664166950273,0.9556573496604782,0.75,verified-v3-normuon-3e-3,0.7668662780715596,2345,TRECCOVID
9,0.003,0.23669087625304908,normuon,0.8541984861554799,1.0,0.75,verified-v3-normuon-3e-3,1.0,2345,Touche2020
10,0.003,0.18568042435675652,normuon,0.9782121101554601,1.0,0.75,verified-v3-normuon-3e-3,1.0,2345,ArguAna
10,0.003,0.024364482386532434,normuon,0.8972986039040137,0.954745087323116,0.75,verified-v3-normuon-3e-3,0.8084747537224295,2345,ClimateFEVER
10,0.003,0.1945670496871056,normuon,0.9277514417712662,1.0,0.75,verified-v3-normuon-3e-3,1.0,2345,DBPedia
10,0.003,0.34663008703712894,normuon,1.004996778598398,1.0,0.75,verified-v3-normuon-3e-3,1.0,2345,FEVER
10,0.003,0.11504469943455957,normuon,0.871464233017558,1.0,0.75,verified-v3-normuon-3e-3,0.9538662191964322,2345,FiQA2018
10,0.003,0.17258492370967815,normuon,0.8043035436775383,0.968012139528312,0.75,verified-v3-normuon-3e-3,0.9456831095982161,2345,HotpotQA
10,0.003,0.3509671953405631,normuon,0.9561418523832573,1.0,0.75,verified-v3-normuon-3e-3,1.0,2345,MSMARCO
10,0.003,-0.09508821234942791,normuon,1.7210803077813643,0.8941739397622269,0.75,verified-v3-normuon-3e-3,0.5322413345120246,2345,NFCorpus
10,0.003,0.2540971810649566,normuon,0.8601557216799087,0.9769331095982161,0.75,verified-v3-normuon-3e-3,0.9769331095982161,2345,NQ
10,0.003,0.3701559575310855,normuon,0.9769296211108339,1.0,0.75,verified-v3-normuon-3e-3,1.0,2345,QuoraRetrieval
10,0.003,0.02208494766670531,normuon,0.5281253380413911,0.9828901497808658,0.75,verified-v3-normuon-3e-3,0.7908573569752838,2345,SCIDOCS
10,0.003,0.16385267852163377,normuon,0.9310880099768837,0.9352013555630564,0.75,verified-v3-normuon-3e-3,0.9136291683906836,2345,SciFact
10,0.003,0.0007070294678845068,normuon,0.02690964746083278,0.9422138845920693,0.75,verified-v3-normuon-3e-3,0.7560785830624034,2345,TRECCOVID
10,0.003,0.2598045658877656,normuon,0.9376139477397882,1.0,0.75,verified-v3-normuon-3e-3,1.0,2345,Touche2020
11,0.003,0.18410618152774016,normuon,0.9699185950743526,1.0,0.75,verified-v3-normuon-3e-3,1.0,2345,ArguAna
11,0.003,0.002671180839148052,normuon,0.09837462580643885,0.9178412955331119,0.75,verified-v3-normuon-3e-3,0.7772247537224295,2345,ClimateFEVER
11,0.003,0.1834877607080767,normuon,0.874922217395276,1.0,0.75,verified-v3-normuon-3e-3,1.0,2345,DBPedia
11,0.003,0.3480699739649483,normuon,1.0091714933104807,1.0,0.75,verified-v3-normuon-3e-3,1.0,2345,FEVER
11,0.003,0.13321983444124166,normuon,1.0091409809810608,0.9914211139533698,0.75,verified-v3-normuon-3e-3,0.9456831095982161,2345,FiQA2018
11,0.003,0.19851164734795598,normuon,0.9251307587666955,0.9916236746223275,0.75,verified-v3-normuon-3e-3,0.96875,2345,HotpotQA
11,0.003,0.36849319582846757,normuon,1.00388803149585,1.0,0.75,verified-v3-normuon-3e-3,1.0,2345,MSMARCO
11,0.003,-0.04902261960109664,normuon,0.8873009929060022,1.131808494866255,0.75,verified-v3-normuon-3e-3,0.6736891301929987,2345,NFCorpus
11,0.003,0.31741006844081865,normuon,1.0744790058036382,1.0,0.75,verified-v3-normuon-3e-3,1.0,2345,NQ
11,0.003,0.37982399191313376,normuon,1.002445863585326,1.0,0.75,verified-v3-normuon-3e-3,1.0,2345,QuoraRetrieval
11,0.003,0.020140395804227017,normuon,0.48162456632986944,0.9550174365468637,0.75,verified-v3-normuon-3e-3,0.7684302929489657,2345,SCIDOCS
11,0.003,0.16490545230508818,normuon,0.9370703659312478,0.9871886574467965,0.75,verified-v3-normuon-3e-3,0.9644172848795871,2345,SciFact
11,0.003,0.01619555293428561,normuon,0.616405170775813,0.9385960854744619,0.75,verified-v3-normuon-3e-3,0.7531754838029086,2345,TRECCOVID
11,0.003,0.27954836885977163,normuon,1.0088677572512663,1.0,0.75,verified-v3-normuon-3e-3,1.0,2345,Touche2020
12,0.003,0.19173480744177607,normuon,1.01010815344491,0.9769331095982161,0.75,verified-v3-normuon-3e-3,0.9769331095982161,2345,ArguAna
12,0.003,0.03195554744125914,normuon,1.1768634215631764,1.0,0.75,verified-v3-normuon-3e-3,0.8467964532702706,2345,ClimateFEVER
12,0.003,0.22049601519646067,normuon,1.051388178688575,0.9769331095982161,0.75,verified-v3-normuon-3e-3,0.9769331095982161,2345,DBPedia
12,0.003,0.32727259864475655,normuon,0.94887293302464,1.0,0.75,verified-v3-normuon-3e-3,1.0,2345,FEVER
12,0.003,0.1249148972655391,normuon,0.946231036049617,1.0,0.75,verified-v3-normuon-3e-3,0.9538662191964322,2345,FiQA2018
12,0.003,0.18942542532546597,normuon,0.8827859211398397,0.9763884649059846,0.75,verified-v3-normuon-3e-3,0.9538662191964322,2345,HotpotQA
12,0.003,0.3549107757973893,normuon,0.9668853702193142,1.0,0.75,verified-v3-normuon-3e-3,1.0,2345,MSMARCO
12,0.003,-0.07375041857389669,normuon,1.3348699061848568,0.883796100009142,0.75,verified-v3-normuon-3e-3,0.5260641076505455,2345,NFCorpus
12,0.003,0.30913470286418343,normuon,1.0464656960144356,1.0,0.75,verified-v3-normuon-3e-3,1.0,2345,NQ
12,0.003,0.3815034427666494,normuon,1.0068783338795841,1.0,0.75,verified-v3-normuon-3e-3,1.0,2345,QuoraRetrieval
12,0.003,0.02818854028360152,normuon,0.6740827549532208,0.941842998886695,0.75,verified-v3-normuon-3e-3,0.7578298194882442,2345,SCIDOCS
12,0.003,0.16062647086788134,normuon,0.9127551801982852,1.0236115350940154,0.75,verified-v3-normuon-3e-3,1.0,2345,SciFact
12,0.003,0.01904332280877395,normuon,0.7247917187953068,1.011756868323059,0.75,verified-v3-normuon-3e-3,0.811883280340902,2345,TRECCOVID
12,0.003,0.26139001461120615,normuon,0.9433357056751982,1.0,0.75,verified-v3-normuon-3e-3,1.0,2345,Touche2020
13,0.003,0.15011284559249405,normuon,0.7908329806826568,1.0,0.75,verified-v3-normuon-3e-3,1.0,2345,ArguAna
13,0.003,0.018112184842700906,normuon,0.6670381055166738,0.9604585530098299,0.75,verified-v3-normuon-3e-3,0.8133128962018201,2345,ClimateFEVER
13,0.003,0.17958291630724477,normuon,0.8563028004457451,0.9538662191964322,0.75,verified-v3-normuon-3e-3,0.9538662191964322,2345,DBPedia
13,0.003,0.3486666878011747,normuon,1.0109015666814296,1.0,0.75,verified-v3-normuon-3e-3,1.0,2345,FEVER
13,0.003,0.12786525630680573,normuon,0.9685800220668856,1.0241825215502611,0.75,verified-v3-normuon-3e-3,0.9769331095982161,2345,FiQA2018
13,0.003,0.15802602649394853,normuon,0.7364542068354251,0.9124127439626086,0.75,verified-v3-normuon-3e-3,0.8913662191964322,2345,HotpotQA
13,0.003,0.3677646405377363,normuon,1.001903224327284,1.0,0.75,verified-v3-normuon-3e-3,1.0,2345,MSMARCO
13,0.003,-0.08175764026107053,normuon,1.4797992431166778,0.9260992383324052,0.75,verified-v3-normuon-3e-3,0.551244307826372,2345,NFCorpus
13,0.003,0.3014411739294668,normuon,1.0204219874405307,0.9769331095982161,0.75,verified-v3-normuon-3e-3,0.9769331095982161,2345,NQ
13,0.003,0.4065420997588671,normuon,1.0729613056401486,1.0,0.75,verified-v3-normuon-3e-3,1.0,2345,QuoraRetrieval
13,0.003,0.017726157872607635,normuon,0.4238920218388983,0.9504538707966971,0.75,verified-v3-normuon-3e-3,0.7647583367813672,2345,SCIDOCS
13,0.003,0.1526242729752515,normuon,0.8672829268392642,0.968012139528312,0.75,verified-v3-normuon-3e-3,0.9456831095982161,2345,SciFact
13,0.003,-0.016430530205321463,normuon,-0.6253484409110774,0.9288607860074491,0.75,verified-v3-normuon-3e-3,0.7453634025471818,2345,TRECCOVID
13,0.003,0.2830584976882714,normuon,1.0215355321101065,1.0,0.75,verified-v3-normuon-3e-3,1.0,2345,Touche2020
14,0.003,0.1708482620408605,normuon,0.9000724740173818,1.0,0.75,verified-v3-normuon-3e-3,1.0,2345,ArguAna
14,0.003,0.015028210313738275,normuon,0.5534610553084036,0.8864339080647851,0.75,verified-v3-normuon-3e-3,0.7506290894077652,2345,ClimateFEVER
14,0.003,0.16472123250352705,normuon,0.7854380337844786,0.96875,0.75,verified-v3-normuon-3e-3,0.96875,2345,DBPedia
14,0.003,0.29018540508897406,normuon,0.8413447309305608,1.0,0.75,verified-v3-normuon-3e-3,1.0,2345,FEVER
14,0.003,0.098788839235302,normuon,0.7483260023105895,0.9430560708528475,0.75,verified-v3-normuon-3e-3,0.8995493287946483,2345,FiQA2018
14,0.003,0.1488259871428669,normuon,0.6935789423395796,1.0,0.75,verified-v3-normuon-3e-3,0.9769331095982161,2345,HotpotQA
14,0.003,0.30440485716798704,normuon,0.8292918194950779,1.0,0.75,verified-v3-normuon-3e-3,1.0,2345,MSMARCO
14,0.003,-0.06544565700017482,normuon,1.1845551484225811,0.8207566478491221,0.75,verified-v3-normuon-3e-3,0.4885409808263865,2345,NFCorpus
14,0.003,0.2302366704445095,normuon,0.779384440997597,1.0,0.75,verified-v3-normuon-3e-3,1.0,2345,NQ
14,0.003,0.3178953674107948,normuon,0.8390014925301759,1.0,0.75,verified-v3-normuon-3e-3,1.0,2345,QuoraRetrieval
14,0.003,0.005562165081896005,normuon,0.13301006452222108,0.9579494542264223,0.75,verified-v3-normuon-3e-3,0.7707894657956745,2345,SCIDOCS
14,0.003,0.1168121020682953,normuon,0.6637813225715782,0.9763884649059846,0.75,verified-v3-normuon-3e-3,0.9538662191964322,2345,SciFact
14,0.003,0.019190003593181636,normuon,0.7303744114226728,0.9468447028656813,0.75,verified-v3-normuon-3e-3,0.7597945785237183,2345,TRECCOVID
14,0.003,0.22305259068718988,normuon,0.8049790017860946,1.0,0.75,verified-v3-normuon-3e-3,1.0,2345,Touche2020
15,0.003,0.20536807976439003,normuon,1.0819317295339255,1.0,0.75,verified-v3-normuon-3e-3,1.0,2345,ArguAna
15,0.003,0.0037064606102098045,normuon,0.13650205566463527,0.8877463959077403,0.75,verified-v3-normuon-3e-3,0.75174049945814,2345,ClimateFEVER
15,0.003,0.19133936681548858,normuon,0.9123609250186161,0.96875,0.75,verified-v3-normuon-3e-3,0.96875,2345,DBPedia
15,0.003,0.3530004715206547,normuon,1.023466657941823,1.0,0.75,verified-v3-normuon-3e-3,1.0,2345,FEVER
15,0.003,0.14748918979170852,normuon,1.11723142649718,1.0241825215502611,0.75,verified-v3-normuon-3e-3,0.9769331095982161,2345,FiQA2018
15,0.003,0.20136310652516023,normuon,0.9384195134943982,1.0,0.75,verified-v3-normuon-3e-3,0.9769331095982161,2345,HotpotQA
15,0.003,0.3822243156128011,normuon,1.0412957963245526,1.0,0.75,verified-v3-normuon-3e-3,1.0,2345,MSMARCO
15,0.003,-0.0605002688495489,normuon,1.0950444724925295,0.9754465956021279,0.75,verified-v3-normuon-3e-3,0.580617455622273,2345,NFCorpus
15,0.003,0.301796197024889,normuon,1.0216237919846665,1.0,0.75,verified-v3-normuon-3e-3,1.0,2345,NQ
15,0.003,0.3757413318492761,normuon,0.991670752532375,1.0,0.75,verified-v3-normuon-3e-3,1.0,2345,QuoraRetrieval
15,0.003,0.03908159235698894,normuon,0.9345722474066317,0.9762844653057651,0.75,verified-v3-normuon-3e-3,0.7855422623371338,2345,SCIDOCS
15,0.003,0.1594978436718262,normuon,0.9063417894654506,0.9596358141506395,0.75,verified-v3-normuon-3e-3,0.9375,2345,SciFact
15,0.003,0.019593954281435073,normuon,0.7457488351294883,1.0462917024171932,0.75,verified-v3-normuon-3e-3,0.8395957231897916,2345,TRECCOVID
15,0.003,0.2833341955155098,normuon,1.022530503569892,0.9769331095982161,0.75,verified-v3-normuon-3e-3,0.9769331095982161,2345,Touche2020
16,0.003,0.18640494775379374,normuon,0.982029085281018,1.0,0.75,verified-v3-normuon-3e-3,1.0,2345,ArguAna
16,0.003,0.0031043635615103198,normuon,0.11432794038314643,0.9360147398161075,0.75,verified-v3-normuon-3e-3,0.792613961884975,2345,ClimateFEVER
16,0.003,0.21161043845463984,normuon,1.0090192028190712,0.9538662191964322,0.75,verified-v3-normuon-3e-3,0.9538662191964322,2345,DBPedia
16,0.003,0.3261606633187533,normuon,0.9456490599033108,1.0,0.75,verified-v3-normuon-3e-3,1.0,2345,FEVER
16,0.003,0.14897296726046058,normuon,1.1284710490102563,0.9914211139533698,0.75,verified-v3-normuon-3e-3,0.9456831095982161,2345,FiQA2018
16,0.003,0.19018709418311242,normuon,0.886335553101577,0.9763884649059846,0.75,verified-v3-normuon-3e-3,0.9538662191964322,2345,HotpotQA
16,0.003,0.3844549926431343,normuon,1.047372841974879,1.0,0.75,verified-v3-normuon-3e-3,1.0,2345,MSMARCO
16,0.003,-0.07770467304376696,normuon,1.4064412327657072,0.9457332876742262,0.75,verified-v3-normuon-3e-3,0.5629311308916299,2345,NFCorpus
16,0.003,0.3194974152082659,normuon,1.08154497661695,1.0,0.75,verified-v3-normuon-3e-3,1.0,2345,NQ
16,0.003,0.3596607895352434,normuon,0.9492303762788457,1.0,0.75,verified-v3-normuon-3e-3,1.0,2345,QuoraRetrieval
16,0.003,0.024981631434277507,normuon,0.5973947842286864,1.0101767712945624,0.75,verified-v3-normuon-3e-3,0.8128128373266927,2345,SCIDOCS
16,0.003,0.1544939660923214,normuon,0.8779074027974663,0.9843850013924381,0.75,verified-v3-normuon-3e-3,0.9616783004521589,2345,SciFact
16,0.003,0.012409057659320325,normuon,0.4722905933929236,0.9975515465130577,0.75,verified-v3-normuon-3e-3,0.8004842341564983,2345,TRECCOVID
16,0.003,0.24412629255844132,normuon,0.8810323103085138,1.0,0.75,verified-v3-normuon-3e-3,1.0,2345,Touche2020
17,0.003,0.14746575259708322,normuon,0.7768874156949154,1.0,0.75,verified-v3-normuon-3e-3,1.0,2345,ArguAna
17,0.003,0.016468532893532978,normuon,0.606505459023526,0.8849627055555492,0.75,verified-v3-normuon-3e-3,0.749383280340902,2345,ClimateFEVER
17,0.003,0.1464082536802469,normuon,0.6981165035780679,0.9456831095982161,0.75,verified-v3-normuon-3e-3,0.9456831095982161,2345,DBPedia
17,0.003,0.26119559954017535,normuon,0.7572935701159603,1.0,0.75,verified-v3-normuon-3e-3,1.0,2345,FEVER
17,0.003,0.11098030640688228,normuon,0.840676433406143,1.0241825215502611,0.75,verified-v3-normuon-3e-3,0.9769331095982161,2345,FiQA2018
17,0.003,0.1749510882660678,normuon,0.8153306629456721,1.0236115350940154,0.75,verified-v3-normuon-3e-3,1.0,2345,HotpotQA
17,0.003,0.30090836536196286,normuon,0.8197663077189394,1.0,0.75,verified-v3-normuon-3e-3,1.0,2345,MSMARCO
17,0.003,-0.056796110502727905,normuon,1.0279998427734396,0.921862158998784,0.75,verified-v3-normuon-3e-3,0.5487222607629567,2345,NFCorpus
17,0.003,0.2276248524587492,normuon,0.770543059227746,0.9769331095982161,0.75,verified-v3-normuon-3e-3,0.9769331095982161,2345,NQ
17,0.003,0.3268502153217221,normuon,0.8626354662613501,1.0,0.75,verified-v3-normuon-3e-3,1.0,2345,QuoraRetrieval
17,0.003,0.015895233221732728,normuon,0.3801084587186928,1.0117974034164685,0.75,verified-v3-normuon-3e-3,0.8141168374093526,2345,SCIDOCS
17,0.003,0.11715301346635451,normuon,0.6657185415298602,0.9527769298119692,0.75,verified-v3-normuon-3e-3,0.9307993287946483,2345,SciFact
17,0.003,-0.01716528911625032,normuon,-0.6533134751280539,0.9080689037214384,0.75,verified-v3-normuon-3e-3,0.7286789775402065,2345,TRECCOVID
17,0.003,0.22008864649412102,normuon,0.7942823636948909,1.0,0.75,verified-v3-normuon-3e-3,1.0,2345,Touche2020
18,0.003,0.14535026937854642,normuon,0.7657425073914567,0.9538662191964322,0.75,verified-v3-normuon-3e-3,0.9538662191964322,2345,ArguAna
18,0.003,0.0066560767838049276,normuon,0.2451309373552461,0.9802970065090126,0.75,verified-v3-normuon-3e-3,0.8301120282632953,2345,ClimateFEVER
18,0.003,0.1573193487707956,normuon,0.7501437313015645,0.9456831095982161,0.75,verified-v3-normuon-3e-3,0.9456831095982161,2345,DBPedia
18,0.003,0.29113938482254065,normuon,0.8441106378582531,1.0,0.75,verified-v3-normuon-3e-3,1.0,2345,FEVER
18,0.003,0.07286474079971965,normuon,0.551950813615457,1.0,0.75,verified-v3-normuon-3e-3,0.9538662191964322,2345,FiQA2018
18,0.003,0.18060886036500323,normuon,0.8416977757309616,1.0,0.75,verified-v3-normuon-3e-3,0.9769331095982161,2345,HotpotQA
18,0.003,0.31683225761024525,normuon,0.8631478545801781,1.0,0.75,verified-v3-normuon-3e-3,1.0,2345,MSMARCO
18,0.003,-0.07258248844401141,normuon,1.313730571479274,0.9863953204144895,0.75,verified-v3-normuon-3e-3,0.5871344917896274,2345,NFCorpus
18,0.003,0.2373427991080027,normuon,0.8034397146660394,1.0,0.75,verified-v3-normuon-3e-3,1.0,2345,NQ
18,0.003,0.31506327779864746,normuon,0.8315269343731193,1.0,0.75,verified-v3-normuon-3e-3,1.0,2345,QuoraRetrieval
18,0.003,0.005460472298705221,normuon,0.13057824823225228,0.8865123869842786,0.75,verified-v3-normuon-3e-3,0.7133094613396493,2345,SCIDOCS
18,0.003,0.13539637690313458,normuon,0.7693859158498587,0.9371619312044073,0.75,verified-v3-normuon-3e-3,0.9155445196485911,2345,SciFact
18,0.003,-0.0052776818475559,normuon,-0.20086936171571979,0.9653926491274908,0.75,verified-v3-normuon-3e-3,0.7746783593272861,2345,TRECCOVID
18,0.003,0.21967178705480184,normuon,0.7927779512407945,0.9644172848795871,0.75,verified-v3-normuon-3e-3,0.9644172848795871,2345,Touche2020
19,0.003,0.18053477234374593,normuon,0.9511034952801429,1.0,0.75,verified-v3-normuon-3e-3,1.0,2345,ArguAna
19,0.003,0.010008536657907527,normuon,0.36859580383397167,0.916891904207218,0.75,verified-v3-normuon-3e-3,0.7764208125148969,2345,ClimateFEVER
19,0.003,0.16612736260151612,normuon,0.7921428649870139,0.9644172848795871,0.75,verified-v3-normuon-3e-3,0.9644172848795871,2345,DBPedia
19,0.003,0.26185352613037927,normuon,0.7592011197731785,1.0,0.75,verified-v3-normuon-3e-3,1.0,2345,FEVER
19,0.003,0.09029968475877077,normuon,0.6840206103088831,0.9672385924031087,0.75,verified-v3-normuon-3e-3,0.9226162191964322,2345,FiQA2018
19,0.003,0.17046987281766057,normuon,0.7944466981840713,0.9527769298119692,0.75,verified-v3-normuon-3e-3,0.9307993287946483,2345,HotpotQA
19,0.003,0.32258638654610533,normuon,0.8788238595533684,1.0,0.75,verified-v3-normuon-3e-3,1.0,2345,MSMARCO
19,0.003,-0.07337138928591014,normuon,1.3280095411878912,0.8954235296943103,0.75,verified-v3-normuon-3e-3,0.5329851309742898,2345,NFCorpus
19,0.003,0.20580642243090605,normuon,0.6966845168076142,1.0,0.75,verified-v3-normuon-3e-3,1.0,2345,NQ
19,0.003,0.3236823725208122,normuon,0.8542747755733672,1.0,0.75,verified-v3-normuon-3e-3,1.0,2345,QuoraRetrieval
19,0.003,0.01586974634012112,normuon,0.37949898170430785,0.9145630494104385,0.75,verified-v3-normuon-3e-3,0.7358797076206856,2345,SCIDOCS
19,0.003,0.14046819311434328,normuon,0.7982063617874533,1.0236115350940154,0.75,verified-v3-normuon-3e-3,1.0,2345,SciFact
19,0.003,0.010154787643602031,normuon,0.3864927389046092,1.040892337277263,0.75,verified-v3-normuon-3e-3,0.8352630080693787,2345,TRECCOVID
19,0.003,0.23575038433371565,normuon,0.8508043258631449,1.0,0.75,verified-v3-normuon-3e-3,1.0,2345,Touche2020
