draw,learning_rate,margin,optimizer,relative_margin,relative_shortlist_ndcg,removed_fraction,run_id,shortlist_ndcg,step,task
0,0.0001,0.23554307116963058,normuon,0.9983028332869365,1.0,0.1,verified-v3-normuon-1e-4,1.0,1563,ArguAna
0,0.0001,0.013625175288315437,normuon,1.2581819076862364,1.0418282738825886,0.1,verified-v3-normuon-1e-4,0.7983762928663058,1563,ClimateFEVER
0,0.0001,0.2914944711332802,normuon,0.9969506734505023,1.0,0.1,verified-v3-normuon-1e-4,1.0,1563,DBPedia
0,0.0001,0.3933604724466261,normuon,0.9951956758903241,1.0,0.1,verified-v3-normuon-1e-4,1.0,1563,FEVER
0,0.0001,0.21763692024724357,normuon,1.0082303112127493,1.0236115350940154,0.1,verified-v3-normuon-1e-4,1.0,1563,FiQA2018
0,0.0001,0.2919890688890081,normuon,0.9806069617753518,1.0,0.1,verified-v3-normuon-1e-4,1.0,1563,HotpotQA
0,0.0001,0.414073843093814,normuon,0.996164563618031,1.0,0.1,verified-v3-normuon-1e-4,1.0,1563,MSMARCO
0,0.0001,0.007871491270723426,normuon,1.5741634330781473,1.0320793419181151,0.1,verified-v3-normuon-1e-4,0.7421243592446263,1563,NFCorpus
0,0.0001,0.40747339099428287,normuon,1.0006033556243594,1.0,0.1,verified-v3-normuon-1e-4,1.0,1563,NQ
0,0.0001,0.47659443497545106,normuon,0.9819253180075173,1.0,0.1,verified-v3-normuon-1e-4,1.0,1563,QuoraRetrieval
0,0.0001,0.09521436126639646,normuon,0.9982845100637046,1.0,0.1,verified-v3-normuon-1e-4,0.8583298984711626,1563,SCIDOCS
0,0.0001,0.26496071314586656,normuon,1.0018950534400972,1.0,0.1,verified-v3-normuon-1e-4,1.0,1563,SciFact
0,0.0001,0.0743669661213055,normuon,0.9897727213201839,1.0,0.1,verified-v3-normuon-1e-4,0.9110827739955403,1563,TRECCOVID
0,0.0001,0.2928973752909888,normuon,0.9964311828301476,1.0,0.1,verified-v3-normuon-1e-4,1.0,1563,Touche2020
1,0.0001,0.23580909453071097,normuon,0.9994303208150914,1.0,0.1,verified-v3-normuon-1e-4,1.0,1563,ArguAna
1,0.0001,0.014658344826497185,normuon,1.3535873019660143,0.9866512504873575,0.1,verified-v3-normuon-1e-4,0.7560929065405413,1563,ClimateFEVER
1,0.0001,0.2899004209130617,normuon,0.9914988052405074,1.0,0.1,verified-v3-normuon-1e-4,1.0,1563,DBPedia
1,0.0001,0.3940998152955917,normuon,0.9970662014205446,1.0,0.1,verified-v3-normuon-1e-4,1.0,1563,FEVER
1,0.0001,0.21821698760270727,normuon,1.0109175459413933,1.0236115350940154,0.1,verified-v3-normuon-1e-4,1.0,1563,FiQA2018
1,0.0001,0.29404486140779573,normuon,0.9875110711091677,1.0,0.1,verified-v3-normuon-1e-4,1.0,1563,HotpotQA
1,0.0001,0.4115194451514377,normuon,0.9900192811907186,1.0,0.1,verified-v3-normuon-1e-4,1.0,1563,MSMARCO
1,0.0001,0.007180989423541551,normuon,1.4360748903963583,1.0298629256203335,0.1,verified-v3-normuon-1e-4,0.7405306285516415,1563,NFCorpus
1,0.0001,0.40894060743122396,normuon,1.0042062944239902,1.0,0.1,verified-v3-normuon-1e-4,1.0,1563,NQ
1,0.0001,0.4832714611595541,normuon,0.9956819642837323,1.0,0.1,verified-v3-normuon-1e-4,1.0,1563,QuoraRetrieval
1,0.0001,0.09753166284232272,normuon,1.0225804906030376,1.0,0.1,verified-v3-normuon-1e-4,0.8583298984711626,1563,SCIDOCS
1,0.0001,0.2680105524694314,normuon,1.013427400616354,1.0,0.1,verified-v3-normuon-1e-4,1.0,1563,SciFact
1,0.0001,0.07124947300908901,normuon,0.9482810509951867,1.0,0.1,verified-v3-normuon-1e-4,0.9110827739955403,1563,TRECCOVID
1,0.0001,0.2952774736971791,normuon,1.0045282313877737,1.0,0.1,verified-v3-normuon-1e-4,1.0,1563,Touche2020
2,0.0001,0.23701935967487386,normuon,1.0045597908370565,1.0,0.1,verified-v3-normuon-1e-4,1.0,1563,ArguAna
2,0.0001,0.01266869648862623,normuon,1.1698583231899378,1.0060736003266262,0.1,verified-v3-normuon-1e-4,0.7709766873441091,1563,ClimateFEVER
2,0.0001,0.29169502998892904,normuon,0.9976366119708049,1.0,0.1,verified-v3-normuon-1e-4,1.0,1563,DBPedia
2,0.0001,0.39388803769637964,normuon,0.9965304074967796,1.0,0.1,verified-v3-normuon-1e-4,1.0,1563,FEVER
2,0.0001,0.21611626098320688,normuon,1.0011856665757708,1.0,0.1,verified-v3-normuon-1e-4,0.9769331095982161,1563,FiQA2018
2,0.0001,0.29802811536733953,normuon,1.0008883066957939,1.0,0.1,verified-v3-normuon-1e-4,1.0,1563,HotpotQA
2,0.0001,0.4175401700936442,normuon,1.0045037335045985,1.0,0.1,verified-v3-normuon-1e-4,1.0,1563,MSMARCO
2,0.0001,0.0007462715046127645,normuon,0.1492415189582823,0.958093444861553,0.1,verified-v3-normuon-1e-4,0.6889242473770677,1563,NFCorpus
2,0.0001,0.41078762577811134,normuon,1.0087418856960624,1.0,0.1,verified-v3-normuon-1e-4,1.0,1563,NQ
2,0.0001,0.47782279025290414,normuon,0.9844560927248122,1.0,0.1,verified-v3-normuon-1e-4,1.0,1563,QuoraRetrieval
2,0.0001,0.09832870088949933,normuon,1.0309371158625575,1.0,0.1,verified-v3-normuon-1e-4,0.8583298984711626,1563,SCIDOCS
2,0.0001,0.2634380460047554,normuon,0.9961373973008069,1.0,0.1,verified-v3-normuon-1e-4,1.0,1563,SciFact
2,0.0001,0.07525211570933925,normuon,1.0015534481968797,1.025318106170117,0.1,verified-v3-normuon-1e-4,0.9341496643973242,1563,TRECCOVID
2,0.0001,0.2933175322637276,normuon,0.9978605486921821,1.0,0.1,verified-v3-normuon-1e-4,1.0,1563,Touche2020
3,0.0001,0.233551806472949,normuon,0.9898632507568697,1.0,0.1,verified-v3-normuon-1e-4,1.0,1563,ArguAna
3,0.0001,0.005997676669208009,normuon,0.5538400874608009,0.9950444197045321,0.1,verified-v3-normuon-1e-4,0.7625247797129165,1563,ClimateFEVER
3,0.0001,0.2946716950371267,normuon,1.007817210638422,1.0,0.1,verified-v3-normuon-1e-4,1.0,1563,DBPedia
3,0.0001,0.3898080107231814,normuon,0.9862080048008814,1.0,0.1,verified-v3-normuon-1e-4,1.0,1563,FEVER
3,0.0001,0.2135933341063681,normuon,0.9894978916003095,1.0236115350940154,0.1,verified-v3-normuon-1e-4,1.0,1563,FiQA2018
3,0.0001,0.2975394107625401,normuon,0.9992470564272773,1.0,0.1,verified-v3-normuon-1e-4,1.0,1563,HotpotQA
3,0.0001,0.41547630260755053,normuon,0.9995385523226901,1.0,0.1,verified-v3-normuon-1e-4,1.0,1563,MSMARCO
3,0.0001,0.0062906266920756265,normuon,1.2580175940283695,1.0008775976393811,0.1,verified-v3-normuon-1e-4,0.7196885119800782,1563,NFCorpus
3,0.0001,0.40276142252369374,normuon,0.9890325105889007,1.0,0.1,verified-v3-normuon-1e-4,1.0,1563,NQ
3,0.0001,0.48130694206485397,normuon,0.9916344746463541,1.0,0.1,verified-v3-normuon-1e-4,1.0,1563,QuoraRetrieval
3,0.0001,0.09196126897862816,normuon,0.9641771380507715,1.0022314861235977,0.1,verified-v3-normuon-1e-4,0.86024524972907,1563,SCIDOCS
3,0.0001,0.26410831836713766,normuon,0.9986718959302648,1.0,0.1,verified-v3-normuon-1e-4,1.0,1563,SciFact
3,0.0001,0.07235012484881909,normuon,0.9629299633208382,1.0,0.1,verified-v3-normuon-1e-4,0.9110827739955403,1563,TRECCOVID
3,0.0001,0.29377000057572916,normuon,0.9993998371029198,1.0,0.1,verified-v3-normuon-1e-4,1.0,1563,Touche2020
4,0.0001,0.23552602616324397,normuon,0.9982305913904347,1.0,0.1,verified-v3-normuon-1e-4,1.0,1563,ArguAna
4,0.0001,0.007772829453682394,normuon,0.7177620238427771,1.0037883525819271,0.1,verified-v3-normuon-1e-4,0.7692254509182683,1563,ClimateFEVER
4,0.0001,0.2969068240440336,normuon,1.0154616553512885,1.0,0.1,verified-v3-normuon-1e-4,1.0,1563,DBPedia
4,0.0001,0.3896630343098163,normuon,0.9858412168041374,1.0,0.1,verified-v3-normuon-1e-4,1.0,1563,FEVER
4,0.0001,0.2170777200558889,normuon,1.0056397462372881,1.0,0.1,verified-v3-normuon-1e-4,0.9769331095982161,1563,FiQA2018
4,0.0001,0.2955963763187001,normuon,0.9927216302877013,1.0,0.1,verified-v3-normuon-1e-4,1.0,1563,HotpotQA
4,0.0001,0.41485297731706716,normuon,0.9980389778474055,1.0,0.1,verified-v3-normuon-1e-4,1.0,1563,MSMARCO
4,0.0001,0.005281806429432179,normuon,1.0562708203378413,0.9694737725165664,0.1,verified-v3-normuon-1e-4,0.6971073569752838,1563,NFCorpus
4,0.0001,0.4048174995548198,normuon,0.9940814723671088,1.0,0.1,verified-v3-normuon-1e-4,1.0,1563,NQ
4,0.0001,0.4872039105356754,normuon,1.0037839716107697,1.0,0.1,verified-v3-normuon-1e-4,1.0,1563,QuoraRetrieval
4,0.0001,0.09599246095152414,normuon,1.00644257416892,0.994577451288105,0.1,verified-v3-normuon-1e-4,0.8536755627858269,1563,SCIDOCS
4,0.0001,0.25973535482758725,normuon,0.9821364236063452,1.0,0.1,verified-v3-normuon-1e-4,1.0,1563,SciFact
4,0.0001,0.06981817888810093,normuon,0.9292315193142904,1.0,0.1,verified-v3-normuon-1e-4,0.9110827739955403,1563,TRECCOVID
4,0.0001,0.2950786066263762,normuon,1.003851689474794,1.0,0.1,verified-v3-normuon-1e-4,1.0,1563,Touche2020
5,0.0001,0.24295387656234108,normuon,1.029712069753727,1.0,0.1,verified-v3-normuon-1e-4,1.0,1563,ArguAna
5,0.0001,0.0051485890629913746,normuon,0.47543326761617594,0.9397984663977149,0.1,verified-v3-normuon-1e-4,0.7201885708552056,1563,ClimateFEVER
5,0.0001,0.29443172195592693,normuon,1.0069964701146585,1.0,0.1,verified-v3-normuon-1e-4,1.0,1563,DBPedia
5,0.0001,0.39266191978141096,normuon,0.9934283488696914,1.0,0.1,verified-v3-normuon-1e-4,1.0,1563,FEVER
5,0.0001,0.20914673325958588,normuon,0.9688984558497161,1.0236115350940154,0.1,verified-v3-normuon-1e-4,1.0,1563,FiQA2018
5,0.0001,0.29699127441969786,normuon,0.9974062124674731,1.0,0.1,verified-v3-normuon-1e-4,1.0,1563,HotpotQA
5,0.0001,0.4136492329985383,normuon,0.9951430513024793,1.0,0.1,verified-v3-normuon-1e-4,1.0,1563,MSMARCO
5,0.0001,0.0023772824818610403,normuon,0.47541577883233627,1.0260537941585106,0.1,verified-v3-normuon-1e-4,0.7377916441242134,1563,NFCorpus
5,0.0001,0.40989060275659805,normuon,1.0065391302150029,1.0,0.1,verified-v3-normuon-1e-4,1.0,1563,NQ
5,0.0001,0.48769789466603863,normuon,1.0048017248380448,1.0,0.1,verified-v3-normuon-1e-4,1.0,1563,QuoraRetrieval
5,0.0001,0.08877102275581619,normuon,0.9307286819023142,1.0,0.1,verified-v3-normuon-1e-4,0.8583298984711626,1563,SCIDOCS
5,0.0001,0.2653351142238548,normuon,1.00331077497702,1.0,0.1,verified-v3-normuon-1e-4,1.0,1563,SciFact
5,0.0001,0.07412735208618478,normuon,0.9865836247632382,1.0,0.1,verified-v3-normuon-1e-4,0.9110827739955403,1563,TRECCOVID
5,0.0001,0.29890081232749355,normuon,1.0168547590448123,1.0,0.1,verified-v3-normuon-1e-4,1.0,1563,Touche2020
6,0.0001,0.23846627751041935,normuon,1.0106922665986475,1.0,0.1,verified-v3-normuon-1e-4,1.0,1563,ArguAna
6,0.0001,0.014533868515652797,normuon,1.3420928559184655,1.0106784169618739,0.1,verified-v3-normuon-1e-4,0.7745054612569895,1563,ClimateFEVER
6,0.0001,0.29330312064246916,normuon,1.0031365003693167,1.0,0.1,verified-v3-normuon-1e-4,1.0,1563,DBPedia
6,0.0001,0.39999631863729235,normuon,1.011984260146767,1.0,0.1,verified-v3-normuon-1e-4,1.0,1563,FEVER
6,0.0001,0.21240754510569784,normuon,0.9840045754303314,1.0236115350940154,0.1,verified-v3-normuon-1e-4,1.0,1563,FiQA2018
6,0.0001,0.29786810236998446,normuon,1.0003509240472654,1.0,0.1,verified-v3-normuon-1e-4,1.0,1563,HotpotQA
6,0.0001,0.41190621463190746,normuon,0.9909497578609043,1.0,0.1,verified-v3-normuon-1e-4,1.0,1563,MSMARCO
6,0.0001,-0.0021503804610626173,normuon,-0.43003926099754125,0.9694737725165664,0.1,verified-v3-normuon-1e-4,0.6971073569752838,1563,NFCorpus
6,0.0001,0.4055068640492938,normuon,0.9957742956082432,1.0,0.1,verified-v3-normuon-1e-4,1.0,1563,NQ
6,0.0001,0.487915868094043,normuon,1.0052508144872376,1.0,0.1,verified-v3-normuon-1e-4,1.0,1563,QuoraRetrieval
6,0.0001,0.09345123312000038,normuon,0.9797988163679814,0.9929118727460265,0.1,verified-v3-normuon-1e-4,0.8522459469249088,1563,SCIDOCS
6,0.0001,0.26609977660616546,normuon,1.0062021902713585,1.0,0.1,verified-v3-normuon-1e-4,1.0,1563,SciFact
6,0.0001,0.08119275987023139,normuon,1.0806193002034006,1.025318106170117,0.1,verified-v3-normuon-1e-4,0.9341496643973242,1563,TRECCOVID
6,0.0001,0.2899877566255143,normuon,0.9865327166334359,1.0,0.1,verified-v3-normuon-1e-4,1.0,1563,Touche2020
7,0.0001,0.2301286964517032,normuon,0.9753550743291218,1.0,0.1,verified-v3-normuon-1e-4,1.0,1563,ArguAna
7,0.0001,0.007535880977692689,normuon,0.6958816238306219,1.0163323237166937,0.1,verified-v3-normuon-1e-4,0.7788381763774024,1563,ClimateFEVER
7,0.0001,0.2921642355220356,normuon,0.9992413586076747,1.0,0.1,verified-v3-normuon-1e-4,1.0,1563,DBPedia
7,0.0001,0.3936711767448494,normuon,0.9959817527733144,1.0,0.1,verified-v3-normuon-1e-4,1.0,1563,FEVER
7,0.0001,0.2171359859813928,normuon,1.0059096704401171,1.0,0.1,verified-v3-normuon-1e-4,0.9769331095982161,1563,FiQA2018
7,0.0001,0.29686119408024636,normuon,0.9969693547215939,1.0,0.1,verified-v3-normuon-1e-4,1.0,1563,HotpotQA
7,0.0001,0.41758022002258544,normuon,1.0046000842416762,1.0,0.1,verified-v3-normuon-1e-4,1.0,1563,MSMARCO
7,0.0001,0.0027656217412196857,normuon,0.5530769793198073,0.9953481226970516,0.1,verified-v3-normuon-1e-4,0.7157125017240169,1563,NFCorpus
7,0.0001,0.4071481425781039,normuon,0.9998046662771947,1.0,0.1,verified-v3-normuon-1e-4,1.0,1563,NQ
7,0.0001,0.4901520528502043,normuon,1.0098580156349606,1.0,0.1,verified-v3-normuon-1e-4,1.0,1563,QuoraRetrieval
7,0.0001,0.09254042698018458,normuon,0.9702493781429525,1.0,0.1,verified-v3-normuon-1e-4,0.8583298984711626,1563,SCIDOCS
7,0.0001,0.2670065467004846,normuon,1.0096309569791446,1.0,0.1,verified-v3-normuon-1e-4,1.0,1563,SciFact
7,0.0001,0.07708439934581164,normuon,1.0259398721118143,1.025318106170117,0.1,verified-v3-normuon-1e-4,0.9341496643973242,1563,TRECCOVID
7,0.0001,0.2922925903617807,normuon,0.9943737162455802,1.0,0.1,verified-v3-normuon-1e-4,1.0,1563,Touche2020
8,0.0001,0.23912130327057335,normuon,1.0134684640430918,1.0,0.1,verified-v3-normuon-1e-4,1.0,1563,ArguAna
8,0.0001,0.01539241965985717,normuon,1.4213735619353356,1.008812862788981,0.1,verified-v3-normuon-1e-4,0.7730758453960714,1563,ClimateFEVER
8,0.0001,0.29259770422866255,normuon,1.0007238804452634,1.0,0.1,verified-v3-normuon-1e-4,1.0,1563,DBPedia
8,0.0001,0.39578021653500134,normuon,1.0013175895603332,1.0,0.1,verified-v3-normuon-1e-4,1.0,1563,FEVER
8,0.0001,0.2140560596758294,normuon,0.9916415257979175,0.9763884649059846,0.1,verified-v3-normuon-1e-4,0.9538662191964322,1563,FiQA2018
8,0.0001,0.2957601024756622,normuon,0.9932714830953856,1.0,0.1,verified-v3-normuon-1e-4,1.0,1563,HotpotQA
8,0.0001,0.4142801314273492,normuon,0.9966608449726323,1.0,0.1,verified-v3-normuon-1e-4,1.0,1563,MSMARCO
8,0.0001,0.0035542985102069036,normuon,0.7107988248455027,0.9859559752958624,0.1,verified-v3-normuon-1e-4,0.7089590079867188,1563,NFCorpus
8,0.0001,0.4099785570747575,normuon,1.0067551133634418,1.0,0.1,verified-v3-normuon-1e-4,1.0,1563,NQ
8,0.0001,0.4807326451412327,normuon,0.9904512533412488,1.0,0.1,verified-v3-normuon-1e-4,1.0,1563,QuoraRetrieval
8,0.0001,0.09161716427557665,normuon,0.9605693378163583,1.0022314861235977,0.1,verified-v3-normuon-1e-4,0.86024524972907,1563,SCIDOCS
8,0.0001,0.2624189140832715,normuon,0.9922837571938847,1.0,0.1,verified-v3-normuon-1e-4,1.0,1563,SciFact
8,0.0001,0.07115566740116516,normuon,0.9470325634385148,1.0,0.1,verified-v3-normuon-1e-4,0.9110827739955403,1563,TRECCOVID
8,0.0001,0.2910271597189182,normuon,0.9900687457725458,1.0,0.1,verified-v3-normuon-1e-4,1.0,1563,Touche2020
9,0.0001,0.23333908396936667,normuon,0.9889616683966856,1.0,0.1,verified-v3-normuon-1e-4,1.0,1563,ArguAna
9,0.0001,0.01342055586750772,normuon,1.2392868514558564,1.008812862788981,0.1,verified-v3-normuon-1e-4,0.7730758453960714,1563,ClimateFEVER
9,0.0001,0.28844904813737227,normuon,0.9865349132650411,1.0,0.1,verified-v3-normuon-1e-4,1.0,1563,DBPedia
9,0.0001,0.3987491957698384,normuon,1.0088290593273392,1.0,0.1,verified-v3-normuon-1e-4,1.0,1563,FEVER
9,0.0001,0.21113336656634427,normuon,0.9781017836438384,1.0,0.1,verified-v3-normuon-1e-4,0.9769331095982161,1563,FiQA2018
9,0.0001,0.29653163984506054,normuon,0.9958625900795633,1.0,0.1,verified-v3-normuon-1e-4,1.0,1563,HotpotQA
9,0.0001,0.4171789124195119,normuon,1.0036346322577852,1.0,0.1,verified-v3-normuon-1e-4,1.0,1563,MSMARCO
9,0.0001,0.0004512477627059003,normuon,0.09024182367474948,0.9921609670334921,0.1,verified-v3-normuon-1e-4,0.7134207536397696,1563,NFCorpus
9,0.0001,0.40435235994246416,normuon,0.9929392621829758,1.0,0.1,verified-v3-normuon-1e-4,1.0,1563,NQ
9,0.0001,0.4809129989930667,normuon,0.9908228355510267,1.0,0.1,verified-v3-normuon-1e-4,1.0,1563,QuoraRetrieval
9,0.0001,0.09717474243525878,normuon,1.0188383228359226,0.9990404235353006,0.1,verified-v3-normuon-1e-4,0.8575062653016419,1563,SCIDOCS
9,0.0001,0.26402719920608186,normuon,0.9983651603194036,1.0,0.1,verified-v3-normuon-1e-4,1.0,1563,SciFact
9,0.0001,0.07271360188943729,normuon,0.9677675905415488,1.0,0.1,verified-v3-normuon-1e-4,0.9110827739955403,1563,TRECCOVID
9,0.0001,0.28841221153525676,normuon,0.9811727428326197,1.0,0.1,verified-v3-normuon-1e-4,1.0,1563,Touche2020
10,0.0001,0.23871206804947243,normuon,1.01173400130268,1.0,0.1,verified-v3-normuon-1e-4,1.0,1563,ArguAna
10,0.0001,0.006363757135753236,normuon,0.5876448503367351,0.9504651976841438,0.1,verified-v3-normuon-1e-4,0.728362725459134,1563,ClimateFEVER
10,0.0001,0.28789493187695886,normuon,0.9846397604107133,1.0,0.1,verified-v3-normuon-1e-4,1.0,1563,DBPedia
10,0.0001,0.39463723684992735,normuon,0.9984258693192496,1.0,0.1,verified-v3-normuon-1e-4,1.0,1563,FEVER
10,0.0001,0.21480626035979083,normuon,0.9951169244949915,1.0236115350940154,0.1,verified-v3-normuon-1e-4,1.0,1563,FiQA2018
10,0.0001,0.29315378001561254,normuon,0.984518491215653,1.0,0.1,verified-v3-normuon-1e-4,1.0,1563,HotpotQA
10,0.0001,0.4145512124515248,normuon,0.9973130023466296,1.0,0.1,verified-v3-normuon-1e-4,1.0,1563,MSMARCO
10,0.0001,-0.0028049363234455994,normuon,-0.5609392223939954,1.0051753359173838,0.1,verified-v3-normuon-1e-4,0.7227788327880078,1563,NFCorpus
10,0.0001,0.3998269310864484,normuon,0.9818264891797633,1.0,0.1,verified-v3-normuon-1e-4,1.0,1563,NQ
10,0.0001,0.48550231854046966,normuon,1.0002781894647874,1.0,0.1,verified-v3-normuon-1e-4,1.0,1563,QuoraRetrieval
10,0.0001,0.10268664855925962,normuon,1.0766284548215819,1.0,0.1,verified-v3-normuon-1e-4,0.8583298984711626,1563,SCIDOCS
10,0.0001,0.260395002037207,normuon,0.9846307453813994,0.9769331095982161,0.1,verified-v3-normuon-1e-4,0.9769331095982161,1563,SciFact
10,0.0001,0.07958465797343071,normuon,1.0592165797003172,1.0,0.1,verified-v3-normuon-1e-4,0.9110827739955403,1563,TRECCOVID
10,0.0001,0.2982577641768,normuon,1.0146671217238028,1.0,0.1,verified-v3-normuon-1e-4,1.0,1563,Touche2020
11,0.0001,0.23642202680514032,normuon,1.002028113325554,1.0,0.1,verified-v3-normuon-1e-4,1.0,1563,ArguAna
11,0.0001,0.009600316680376435,normuon,0.8865166502236914,1.0106784169618739,0.1,verified-v3-normuon-1e-4,0.7745054612569895,1563,ClimateFEVER
11,0.0001,0.28844779540449567,normuon,0.986530628748494,1.0,0.1,verified-v3-normuon-1e-4,1.0,1563,DBPedia
11,0.0001,0.3943126137756855,normuon,0.9976045781565399,1.0,0.1,verified-v3-normuon-1e-4,1.0,1563,FEVER
11,0.0001,0.21220972331334034,normuon,0.9830881411826555,1.0,0.1,verified-v3-normuon-1e-4,0.9769331095982161,1563,FiQA2018
11,0.0001,0.30250238094084625,normuon,1.0159145403383973,1.0,0.1,verified-v3-normuon-1e-4,1.0,1563,HotpotQA
11,0.0001,0.4196280331700395,normuon,1.0095266424496592,1.0,0.1,verified-v3-normuon-1e-4,1.0,1563,MSMARCO
11,0.0001,0.002395127069328769,normuon,0.47898439068794985,1.0082815647867462,0.1,verified-v3-normuon-1e-4,0.7250123898564582,1563,NFCorpus
11,0.0001,0.41158446795987863,normuon,1.0106986342313073,1.0,0.1,verified-v3-normuon-1e-4,1.0,1563,NQ
11,0.0001,0.4885346596522396,normuon,1.0065257078829062,1.0,0.1,verified-v3-normuon-1e-4,1.0,1563,QuoraRetrieval
11,0.0001,0.10378013646199097,normuon,1.0880932382924764,1.0022314861235977,0.1,verified-v3-normuon-1e-4,0.86024524972907,1563,SCIDOCS
11,0.0001,0.26122507765673486,normuon,0.9877695075296139,1.0,0.1,verified-v3-normuon-1e-4,1.0,1563,SciFact
11,0.0001,0.07420083543352127,normuon,0.9875616371316105,1.0,0.1,verified-v3-normuon-1e-4,0.9110827739955403,1563,TRECCOVID
11,0.0001,0.29250986671028506,normuon,0.9951128861638021,1.0,0.1,verified-v3-normuon-1e-4,1.0,1563,Touche2020
12,0.0001,0.23539992758793143,normuon,0.9976961474588733,1.0,0.1,verified-v3-normuon-1e-4,1.0,1563,ArguAna
12,0.0001,0.008785339761970793,normuon,0.8112596944618669,0.9761869925301263,0.1,verified-v3-normuon-1e-4,0.7480739117743919,1563,ClimateFEVER
12,0.0001,0.2944316428791724,normuon,1.00699619966142,1.0,0.1,verified-v3-normuon-1e-4,1.0,1563,DBPedia
12,0.0001,0.3986941905511093,normuon,1.0086898970076221,1.0,0.1,verified-v3-normuon-1e-4,1.0,1563,FEVER
12,0.0001,0.21819244010156913,normuon,1.0108038265656372,1.0,0.1,verified-v3-normuon-1e-4,0.9769331095982161,1563,FiQA2018
12,0.0001,0.29638828288438973,normuon,0.9953811445439903,1.0,0.1,verified-v3-normuon-1e-4,1.0,1563,HotpotQA
12,0.0001,0.4184476289441665,normuon,1.0066868666942674,1.0,0.1,verified-v3-normuon-1e-4,1.0,1563,MSMARCO
12,0.0001,0.010452310232705705,normuon,2.0902830218093724,1.0102697450405707,0.1,verified-v3-normuon-1e-4,0.7264420057173764,1563,NFCorpus
12,0.0001,0.40795380630564937,normuon,1.0017830772534788,1.0,0.1,verified-v3-normuon-1e-4,1.0,1563,NQ
12,0.0001,0.4857701562459629,normuon,1.0008300142550925,1.0,0.1,verified-v3-normuon-1e-4,1.0,1563,QuoraRetrieval
12,0.0001,0.09173730528036449,normuon,0.961828968217781,0.9983344214579214,0.1,verified-v3-normuon-1e-4,0.8569002826102445,1563,SCIDOCS
12,0.0001,0.259348307324729,normuon,0.9806728821855969,0.9769331095982161,0.1,verified-v3-normuon-1e-4,0.9769331095982161,1563,SciFact
12,0.0001,0.06728413591518123,normuon,0.895505165530302,1.0,0.1,verified-v3-normuon-1e-4,0.9110827739955403,1563,TRECCOVID
12,0.0001,0.2946540367773385,normuon,1.002407311093286,1.0,0.1,verified-v3-normuon-1e-4,1.0,1563,Touche2020
13,0.0001,0.23521541425694906,normuon,0.9969141241109384,1.0,0.1,verified-v3-normuon-1e-4,1.0,1563,ArguAna
13,0.0001,0.013057063789800904,normuon,1.2057211067163962,0.9981344458271072,0.1,verified-v3-normuon-1e-4,0.7648927357978553,1563,ClimateFEVER
13,0.0001,0.2951761076354532,normuon,1.0095423702191284,1.0,0.1,verified-v3-normuon-1e-4,1.0,1563,DBPedia
13,0.0001,0.3928065814661539,normuon,0.9937943406080777,1.0,0.1,verified-v3-normuon-1e-4,1.0,1563,FEVER
13,0.0001,0.21608853746474543,normuon,1.0010572339016888,1.0,0.1,verified-v3-normuon-1e-4,0.9769331095982161,1563,FiQA2018
13,0.0001,0.2992543903261651,normuon,1.005006590185825,1.0,0.1,verified-v3-normuon-1e-4,1.0,1563,HotpotQA
13,0.0001,0.40889728232539074,normuon,0.9837109723445772,1.0,0.1,verified-v3-normuon-1e-4,1.0,1563,MSMARCO
13,0.0001,-0.0016805393981500476,normuon,-0.33607909574316713,0.967920658081885,0.1,verified-v3-normuon-1e-4,0.6959905784410585,1563,NFCorpus
13,0.0001,0.4013293810825643,normuon,0.9855159485186983,1.0,0.1,verified-v3-normuon-1e-4,1.0,1563,NQ
13,0.0001,0.48465142571047515,normuon,0.9985250988884661,1.0,0.1,verified-v3-normuon-1e-4,1.0,1563,QuoraRetrieval
13,0.0001,0.09821923416519045,normuon,1.0297894010242548,1.0,0.1,verified-v3-normuon-1e-4,0.8583298984711626,1563,SCIDOCS
13,0.0001,0.26181951682221016,normuon,0.9900172583466677,0.9769331095982161,0.1,verified-v3-normuon-1e-4,0.9769331095982161,1563,SciFact
13,0.0001,0.07406021368303255,normuon,0.9856900591996696,1.0,0.1,verified-v3-normuon-1e-4,0.9110827739955403,1563,TRECCOVID
13,0.0001,0.2921288543778935,normuon,0.9938166896080609,1.0,0.1,verified-v3-normuon-1e-4,1.0,1563,Touche2020
14,0.0001,0.23472394823067216,normuon,0.9948311423273514,1.0,0.1,verified-v3-normuon-1e-4,1.0,1563,ArguAna
14,0.0001,0.006619806746710257,normuon,0.6112890957250858,1.0389136295901236,0.1,verified-v3-normuon-1e-4,0.7961427357978553,1563,ClimateFEVER
14,0.0001,0.29382047914927234,normuon,1.0049059367149447,1.0,0.1,verified-v3-normuon-1e-4,1.0,1563,DBPedia
14,0.0001,0.3942820144481025,normuon,0.9975271623493381,1.0,0.1,verified-v3-normuon-1e-4,1.0,1563,FEVER
14,0.0001,0.21072812192830911,normuon,0.9762244370656047,1.0,0.1,verified-v3-normuon-1e-4,0.9769331095982161,1563,FiQA2018
14,0.0001,0.2977786295324849,normuon,1.0000504412666062,1.0,0.1,verified-v3-normuon-1e-4,1.0,1563,HotpotQA
14,0.0001,0.41460775245211823,normuon,0.9974490243290791,1.0,0.1,verified-v3-normuon-1e-4,1.0,1563,MSMARCO
14,0.0001,0.01111217870355,normuon,2.2222454139049708,1.0309687593036723,0.1,verified-v3-normuon-1e-4,0.7413257865209442,1563,NFCorpus
14,0.0001,0.4097354190289894,normuon,1.0061580565988715,1.0,0.1,verified-v3-normuon-1e-4,1.0,1563,NQ
14,0.0001,0.48929279940076575,normuon,1.0080876997129282,1.0,0.1,verified-v3-normuon-1e-4,1.0,1563,QuoraRetrieval
14,0.0001,0.0913978587877605,normuon,0.9582700074575032,0.9968089374117028,0.1,verified-v3-normuon-1e-4,0.8555909140437343,1563,SCIDOCS
14,0.0001,0.2642186390324047,normuon,0.9990890510907826,0.9769331095982161,0.1,verified-v3-normuon-1e-4,0.9769331095982161,1563,SciFact
14,0.0001,0.07450696997226375,normuon,0.9916360754380891,1.0,0.1,verified-v3-normuon-1e-4,0.9110827739955403,1563,TRECCOVID
14,0.0001,0.2951901014071641,normuon,1.0042309925538657,1.0,0.1,verified-v3-normuon-1e-4,1.0,1563,Touche2020
15,0.0001,0.2346967143698483,normuon,0.9947157169816309,1.0,0.1,verified-v3-normuon-1e-4,1.0,1563,ArguAna
15,0.0001,0.009972334992373783,normuon,0.9208697282266172,1.0213311372153775,0.1,verified-v3-normuon-1e-4,0.7826688788932175,1563,ClimateFEVER
15,0.0001,0.2913184111989774,normuon,0.9963485245679233,0.9769331095982161,0.1,verified-v3-normuon-1e-4,0.9769331095982161,1563,DBPedia
15,0.0001,0.39449089976050744,normuon,0.9980556388339462,1.0,0.1,verified-v3-normuon-1e-4,1.0,1563,FEVER
15,0.0001,0.2159396591621569,normuon,1.000367536504845,1.0236115350940154,0.1,verified-v3-normuon-1e-4,1.0,1563,FiQA2018
15,0.0001,0.29513639781706424,normuon,0.9911768528661103,1.0,0.1,verified-v3-normuon-1e-4,1.0,1563,HotpotQA
15,0.0001,0.4127692941406215,normuon,0.9930261247614116,1.0,0.1,verified-v3-normuon-1e-4,1.0,1563,MSMARCO
15,0.0001,0.0013349673695608865,normuon,0.26697060890243934,0.9487747582534646,0.1,verified-v3-normuon-1e-4,0.6822235761717159,1563,NFCorpus
15,0.0001,0.39805000708108473,normuon,0.9774630235848252,1.0,0.1,verified-v3-normuon-1e-4,1.0,1563,NQ
15,0.0001,0.4777354546578548,normuon,0.9842761556008156,1.0,0.1,verified-v3-normuon-1e-4,1.0,1563,QuoraRetrieval
15,0.0001,0.09324802513143868,normuon,0.9776682618528407,1.0,0.1,verified-v3-normuon-1e-4,0.8583298984711626,1563,SCIDOCS
15,0.0001,0.2627904423050107,normuon,0.9936886156091357,1.0,0.1,verified-v3-normuon-1e-4,1.0,1563,SciFact
15,0.0001,0.073954343059794,normuon,0.9842809946601836,1.0,0.1,verified-v3-normuon-1e-4,0.9110827739955403,1563,TRECCOVID
15,0.0001,0.29292377305773387,normuon,0.9965209875199839,1.0,0.1,verified-v3-normuon-1e-4,1.0,1563,Touche2020
16,0.0001,0.23725742969270663,normuon,1.0055688036351955,1.0,0.1,verified-v3-normuon-1e-4,1.0,1563,ArguAna
16,0.0001,0.010792445828420679,normuon,0.9966007624612021,0.9923051572421773,0.1,verified-v3-normuon-1e-4,0.7604256216609542,1563,ClimateFEVER
16,0.0001,0.2981295012409602,normuon,1.0196433773927032,1.0,0.1,verified-v3-normuon-1e-4,1.0,1563,DBPedia
16,0.0001,0.3927971000472334,normuon,0.9937703527705294,1.0,0.1,verified-v3-normuon-1e-4,1.0,1563,FEVER
16,0.0001,0.2098024937802952,normuon,0.9719363486535874,1.0,0.1,verified-v3-normuon-1e-4,0.9769331095982161,1563,FiQA2018
16,0.0001,0.3046035942855486,normuon,1.0229711895541722,1.0,0.1,verified-v3-normuon-1e-4,1.0,1563,HotpotQA
16,0.0001,0.4165079838515004,normuon,1.0020205354600296,1.0,0.1,verified-v3-normuon-1e-4,1.0,1563,MSMARCO
16,0.0001,0.0005049353909791152,normuon,0.1009784297802175,1.0309687593036723,0.1,verified-v3-normuon-1e-4,0.7413257865209442,1563,NFCorpus
16,0.0001,0.40990457756985743,normuon,1.0065734471675958,1.0,0.1,verified-v3-normuon-1e-4,1.0,1563,NQ
16,0.0001,0.48622862889694485,normuon,1.0017746033450519,1.0,0.1,verified-v3-normuon-1e-4,1.0,1563,QuoraRetrieval
16,0.0001,0.09351578645288544,normuon,0.9804756322541043,1.0072793297652212,0.1,verified-v3-normuon-1e-4,0.864577964849483,1563,SCIDOCS
16,0.0001,0.26825903591586625,normuon,1.0143669902366,1.0,0.1,verified-v3-normuon-1e-4,1.0,1563,SciFact
16,0.0001,0.07577450954981191,normuon,1.0085061477630033,1.0,0.1,verified-v3-normuon-1e-4,0.9110827739955403,1563,TRECCOVID
16,0.0001,0.29872281693320935,normuon,1.0162492221700323,1.0,0.1,verified-v3-normuon-1e-4,1.0,1563,Touche2020
17,0.0001,0.23399201504370984,normuon,0.991728987928613,1.0,0.1,verified-v3-normuon-1e-4,1.0,1563,ArguAna
17,0.0001,-0.0007028592640391951,normuon,-0.0649037381869245,0.9573552620640908,0.1,verified-v3-normuon-1e-4,0.7336427357978553,1563,ClimateFEVER
17,0.0001,0.2909910675901,normuon,0.9952289649754164,1.0,0.1,verified-v3-normuon-1e-4,1.0,1563,DBPedia
17,0.0001,0.39714946916623506,normuon,1.0047817767200895,1.0,0.1,verified-v3-normuon-1e-4,1.0,1563,FEVER
17,0.0001,0.21801303474168676,normuon,1.0099727087496804,1.0236115350940154,0.1,verified-v3-normuon-1e-4,1.0,1563,FiQA2018
17,0.0001,0.2927142748283108,normuon,0.9830424707329538,1.0,0.1,verified-v3-normuon-1e-4,1.0,1563,HotpotQA
17,0.0001,0.41280587845353744,normuon,0.9931141380390406,1.0,0.1,verified-v3-normuon-1e-4,1.0,1563,MSMARCO
17,0.0001,-0.0016065040820745832,normuon,-0.3212733005877,0.9793009857368983,0.1,verified-v3-normuon-1e-4,0.7041736880392746,1563,NFCorpus
17,0.0001,0.40012760836047656,normuon,0.9825648409249372,1.0,0.1,verified-v3-normuon-1e-4,1.0,1563,NQ
17,0.0001,0.48227449967868585,normuon,0.9936279291391692,1.0,0.1,verified-v3-normuon-1e-4,1.0,1563,QuoraRetrieval
17,0.0001,0.09878508800954414,normuon,1.0357221523473228,1.0,0.1,verified-v3-normuon-1e-4,0.8583298984711626,1563,SCIDOCS
17,0.0001,0.26935061619543055,normuon,1.018494579076256,0.9769331095982161,0.1,verified-v3-normuon-1e-4,0.9769331095982161,1563,SciFact
17,0.0001,0.07979606060376182,normuon,1.0620302020333268,1.025318106170117,0.1,verified-v3-normuon-1e-4,0.9341496643973242,1563,TRECCOVID
17,0.0001,0.29059089222052814,normuon,0.9885845722151035,1.0,0.1,verified-v3-normuon-1e-4,1.0,1563,Touche2020
18,0.0001,0.23282640433559487,normuon,0.9867887769232858,1.0,0.1,verified-v3-normuon-1e-4,1.0,1563,ArguAna
18,0.0001,0.012511518827930853,normuon,1.1553441547631316,1.0060736003266262,0.1,verified-v3-normuon-1e-4,0.7709766873441091,1563,ClimateFEVER
18,0.0001,0.2903642573547489,normuon,0.9930851888556517,1.0,0.1,verified-v3-normuon-1e-4,1.0,1563,DBPedia
18,0.0001,0.39707788694318913,normuon,1.0046006748457632,1.0,0.1,verified-v3-normuon-1e-4,1.0,1563,FEVER
18,0.0001,0.21798943232075824,normuon,1.0098633675764497,1.0236115350940154,0.1,verified-v3-normuon-1e-4,1.0,1563,FiQA2018
18,0.0001,0.2982936984686179,normuon,1.0017802326813605,1.0,0.1,verified-v3-normuon-1e-4,1.0,1563,HotpotQA
18,0.0001,0.414790420359757,normuon,0.9978884804781089,1.0,0.1,verified-v3-normuon-1e-4,1.0,1563,MSMARCO
18,0.0001,0.003974819223835906,normuon,0.7948957649906023,0.9973363029508757,0.1,verified-v3-normuon-1e-4,0.717142117584935,1563,NFCorpus
18,0.0001,0.40989428565981034,normuon,1.0065481740578504,1.0,0.1,verified-v3-normuon-1e-4,1.0,1563,NQ
18,0.0001,0.4853252451828806,normuon,0.9999133660421845,1.0,0.1,verified-v3-normuon-1e-4,1.0,1563,QuoraRetrieval
18,0.0001,0.09525154599513014,normuon,0.998674377077588,1.0054225487118948,0.1,verified-v3-normuon-1e-4,0.8629842341564983,1563,SCIDOCS
18,0.0001,0.26413961990453866,normuon,0.9987902563283585,1.0,0.1,verified-v3-normuon-1e-4,1.0,1563,SciFact
18,0.0001,0.0738273040308432,normuon,0.9825901933278636,0.9746818938298829,0.1,verified-v3-normuon-1e-4,0.8880158835937564,1563,TRECCOVID
18,0.0001,0.2928946691557857,normuon,0.9964219766107384,1.0,0.1,verified-v3-normuon-1e-4,1.0,1563,Touche2020
19,0.0001,0.23701354623259852,normuon,1.0045351517089947,1.0,0.1,verified-v3-normuon-1e-4,1.0,1563,ArguAna
19,0.0001,0.014270116897846326,normuon,1.3177373884382297,1.0326001735504846,0.1,verified-v3-normuon-1e-4,0.7913045933184648,1563,ClimateFEVER
19,0.0001,0.2925430321543807,normuon,1.0005368945272723,0.9769331095982161,0.1,verified-v3-normuon-1e-4,0.9769331095982161,1563,DBPedia
19,0.0001,0.400619927555807,normuon,1.013561980692231,1.0,0.1,verified-v3-normuon-1e-4,1.0,1563,FEVER
19,0.0001,0.21752630922635846,normuon,1.0077178917947394,1.0236115350940154,0.1,verified-v3-normuon-1e-4,1.0,1563,FiQA2018
19,0.0001,0.29883800244881387,normuon,1.0036082061542477,1.0,0.1,verified-v3-normuon-1e-4,1.0,1563,HotpotQA
19,0.0001,0.41247576976970396,normuon,0.9923199739582561,1.0,0.1,verified-v3-normuon-1e-4,1.0,1563,MSMARCO
19,0.0001,0.005634724125955429,normuon,1.1268483149504998,1.0073504261503285,0.1,verified-v3-normuon-1e-4,0.7243428476654139,1563,NFCorpus
19,0.0001,0.40099563190727144,normuon,0.9846963844634358,1.0,0.1,verified-v3-normuon-1e-4,1.0,1563,NQ
19,0.0001,0.4899246635710748,normuon,1.0093895265510873,1.0,0.1,verified-v3-normuon-1e-4,1.0,1563,QuoraRetrieval
19,0.0001,0.09329965082576723,normuon,0.9782095366173197,1.0,0.1,verified-v3-normuon-1e-4,0.8583298984711626,1563,SCIDOCS
19,0.0001,0.26137158669774196,normuon,0.9883235016736003,1.0,0.1,verified-v3-normuon-1e-4,1.0,1563,SciFact
19,0.0001,0.07372149700062652,normuon,0.9811819751673763,1.0,0.1,verified-v3-normuon-1e-4,0.9110827739955403,1563,TRECCOVID
19,0.0001,0.29246787680147845,normuon,0.9949700373094635,1.0,0.1,verified-v3-normuon-1e-4,1.0,1563,Touche2020
0,0.0001,0.23701630156657105,normuon,1.0045468296483957,1.0,0.25,verified-v3-normuon-1e-4,1.0,1563,ArguAna
0,0.0001,0.01397278963107191,normuon,1.2902814636665185,1.0188317304660355,0.25,verified-v3-normuon-1e-4,0.7807535276353099,1563,ClimateFEVER
0,0.0001,0.2966316328364033,normuon,1.0145204640528462,0.9769331095982161,0.25,verified-v3-normuon-1e-4,0.9769331095982161,1563,DBPedia
0,0.0001,0.3865409399826504,normuon,0.9779423683133581,1.0,0.25,verified-v3-normuon-1e-4,1.0,1563,FEVER
0,0.0001,0.21288477267368122,normuon,0.9862153919537437,1.0236115350940154,0.25,verified-v3-normuon-1e-4,1.0,1563,FiQA2018
0,0.0001,0.2989181874644688,normuon,1.0038774970043487,1.0,0.25,verified-v3-normuon-1e-4,1.0,1563,HotpotQA
0,0.0001,0.4077186657995797,normuon,0.980875497376308,1.0,0.25,verified-v3-normuon-1e-4,1.0,1563,MSMARCO
0,0.0001,-0.005477640432808805,normuon,-1.095434266814033,0.9287051857897224,0.25,verified-v3-normuon-1e-4,0.6677924001951795,1563,NFCorpus
0,0.0001,0.39153028756604663,normuon,0.9614530131923471,1.0,0.25,verified-v3-normuon-1e-4,1.0,1563,NQ
0,0.0001,0.4854819808830234,normuon,1.0002362878828766,1.0,0.25,verified-v3-normuon-1e-4,1.0,1563,QuoraRetrieval
0,0.0001,0.09336658026528005,normuon,0.9789112650314394,1.0067236551235608,0.25,verified-v3-normuon-1e-4,0.8641010126907236,1563,SCIDOCS
0,0.0001,0.2695245764542355,normuon,1.019152374417771,1.0,0.25,verified-v3-normuon-1e-4,1.0,1563,SciFact
0,0.0001,0.07588619661285606,normuon,1.0099926250807032,0.9746818938298829,0.25,verified-v3-normuon-1e-4,0.8880158835937564,1563,TRECCOVID
0,0.0001,0.2802507761391833,normuon,0.953407698105872,1.0,0.25,verified-v3-normuon-1e-4,1.0,1563,Touche2020
1,0.0001,0.23516731520372186,normuon,0.9967102657640268,1.0,0.25,verified-v3-normuon-1e-4,1.0,1563,ArguAna
1,0.0001,0.010981459069704297,normuon,1.0140547060225833,1.0355837477545355,0.25,verified-v3-normuon-1e-4,0.7935909729188617,1563,ClimateFEVER
1,0.0001,0.2977246599078255,normuon,1.0182587650597825,1.0,0.25,verified-v3-normuon-1e-4,1.0,1563,DBPedia
1,0.0001,0.3878494556125862,normuon,0.9812528918355804,1.0,0.25,verified-v3-normuon-1e-4,1.0,1563,FEVER
1,0.0001,0.2129426882921146,normuon,0.9864836933151618,1.0236115350940154,0.25,verified-v3-normuon-1e-4,1.0,1563,FiQA2018
1,0.0001,0.3004134461606164,normuon,1.0088991270697358,1.0,0.25,verified-v3-normuon-1e-4,1.0,1563,HotpotQA
1,0.0001,0.41296697687760126,normuon,0.9935017030687658,1.0,0.25,verified-v3-normuon-1e-4,1.0,1563,MSMARCO
1,0.0001,-0.005586690771695496,normuon,-1.1172424668026015,0.9657042417841035,0.25,verified-v3-normuon-1e-4,0.6943968477480738,1563,NFCorpus
1,0.0001,0.403918409574085,normuon,0.991873641201652,1.0,0.25,verified-v3-normuon-1e-4,1.0,1563,NQ
1,0.0001,0.4837851977523535,normuon,0.996740413418336,1.0,0.25,verified-v3-normuon-1e-4,1.0,1563,QuoraRetrieval
1,0.0001,0.09684892123881035,normuon,1.0154222178582832,1.023907469660781,0.25,verified-v3-normuon-1e-4,0.8788503944778032,1563,SCIDOCS
1,0.0001,0.2567676086085664,normuon,0.9709144948101859,1.0,0.25,verified-v3-normuon-1e-4,1.0,1563,SciFact
1,0.0001,0.07061840585098363,normuon,0.9398819849717737,1.025318106170117,0.25,verified-v3-normuon-1e-4,0.9341496643973242,1563,TRECCOVID
1,0.0001,0.28875832588488465,normuon,0.9823502171286989,1.0,0.25,verified-v3-normuon-1e-4,1.0,1563,Touche2020
2,0.0001,0.23846382687441323,normuon,1.0106818800614588,1.0,0.25,verified-v3-normuon-1e-4,1.0,1563,ArguAna
2,0.0001,0.0160133061388196,normuon,1.4787077332782514,1.0251451865056747,0.25,verified-v3-normuon-1e-4,0.7855916701147004,1563,ClimateFEVER
2,0.0001,0.2801269983570326,normuon,0.95807237296113,1.0,0.25,verified-v3-normuon-1e-4,1.0,1563,DBPedia
2,0.0001,0.38827273979911064,normuon,0.9823237940273583,1.0,0.25,verified-v3-normuon-1e-4,1.0,1563,FEVER
2,0.0001,0.21296158341293064,normuon,0.986571227330618,1.0,0.25,verified-v3-normuon-1e-4,0.9769331095982161,1563,FiQA2018
2,0.0001,0.2960710283718422,normuon,0.9943156869059955,1.0,0.25,verified-v3-normuon-1e-4,1.0,1563,HotpotQA
2,0.0001,0.41903163321900194,normuon,1.0080918440269233,1.0,0.25,verified-v3-normuon-1e-4,1.0,1563,MSMARCO
2,0.0001,0.007196871597326617,normuon,1.4392510531272031,0.9762022228686313,0.25,verified-v3-normuon-1e-4,0.7019454994546743,1563,NFCorpus
2,0.0001,0.40167002317711353,normuon,0.9863524390243512,1.0,0.25,verified-v3-normuon-1e-4,1.0,1563,NQ
2,0.0001,0.4802729921742864,normuon,0.9895042324517475,1.0,0.25,verified-v3-normuon-1e-4,1.0,1563,QuoraRetrieval
2,0.0001,0.08826324726981014,normuon,0.9254048589461147,1.0281752610261912,0.25,verified-v3-normuon-1e-4,0.8825135674071718,1563,SCIDOCS
2,0.0001,0.2569381325600322,normuon,0.971559296454317,0.9769331095982161,0.25,verified-v3-normuon-1e-4,0.9769331095982161,1563,SciFact
2,0.0001,0.07195920278012997,normuon,0.9577270618185852,1.025318106170117,0.25,verified-v3-normuon-1e-4,0.9341496643973242,1563,TRECCOVID
2,0.0001,0.29913592649990595,normuon,1.0176546128935682,1.0,0.25,verified-v3-normuon-1e-4,1.0,1563,Touche2020
3,0.0001,0.2289139030764284,normuon,0.9702064122930322,1.0,0.25,verified-v3-normuon-1e-4,1.0,1563,ArguAna
3,0.0001,0.011835744684047706,normuon,1.09294152261167,0.9536101426853797,0.25,verified-v3-normuon-1e-4,0.7307727671083186,1563,ClimateFEVER
3,0.0001,0.2867461222133396,normuon,0.9807106753637177,1.0,0.25,verified-v3-normuon-1e-4,1.0,1563,DBPedia
3,0.0001,0.39868149758769394,normuon,1.008657784014096,1.0,0.25,verified-v3-normuon-1e-4,1.0,1563,FEVER
3,0.0001,0.21416574796335894,normuon,0.9921496705380042,1.0,0.25,verified-v3-normuon-1e-4,0.9769331095982161,1563,FiQA2018
3,0.0001,0.3003062005630336,normuon,1.0085389568071654,1.0,0.25,verified-v3-normuon-1e-4,1.0,1563,HotpotQA
3,0.0001,0.4068038883229773,normuon,0.9786747572885532,1.0,0.25,verified-v3-normuon-1e-4,1.0,1563,MSMARCO
3,0.0001,0.007819074749739724,normuon,1.5636810266593526,1.0015531144346814,0.25,verified-v3-normuon-1e-4,0.7201742473770677,1563,NFCorpus
3,0.0001,0.4054725432782443,normuon,0.9956900165376614,1.0,0.25,verified-v3-normuon-1e-4,1.0,1563,NQ
3,0.0001,0.4866471806960001,normuon,1.002636943687761,1.0,0.25,verified-v3-normuon-1e-4,1.0,1563,QuoraRetrieval
3,0.0001,0.09719730320629513,normuon,1.0190748635001787,0.9951433588696244,0.25,verified-v3-normuon-1e-4,0.8541612981828164,1563,SCIDOCS
3,0.0001,0.2559003423966517,normuon,0.9676351040000671,1.0,0.25,verified-v3-normuon-1e-4,1.0,1563,SciFact
3,0.0001,0.07181187404253354,normuon,0.9557662185417246,0.9746818938298829,0.25,verified-v3-normuon-1e-4,0.8880158835937564,1563,TRECCOVID
3,0.0001,0.2801379128226882,normuon,0.9530237392949006,1.0,0.25,verified-v3-normuon-1e-4,1.0,1563,Touche2020
4,0.0001,0.22988743174232065,normuon,0.9743325214611782,1.0,0.25,verified-v3-normuon-1e-4,1.0,1563,ArguAna
4,0.0001,0.005734912241237244,normuon,0.5295757794970085,0.9573552620640908,0.25,verified-v3-normuon-1e-4,0.7336427357978553,1563,ClimateFEVER
4,0.0001,0.28796359318461995,normuon,0.9848745914064663,1.0,0.25,verified-v3-normuon-1e-4,1.0,1563,DBPedia
4,0.0001,0.3942334034361361,normuon,0.9974041772700069,1.0,0.25,verified-v3-normuon-1e-4,1.0,1563,FEVER
4,0.0001,0.21464767681187774,normuon,0.9943822663327457,1.0236115350940154,0.25,verified-v3-normuon-1e-4,1.0,1563,FiQA2018
4,0.0001,0.30400392058879333,normuon,1.020957264155974,1.0,0.25,verified-v3-normuon-1e-4,1.0,1563,HotpotQA
4,0.0001,0.4099731752204303,normuon,0.9862993183465342,1.0,0.25,verified-v3-normuon-1e-4,1.0,1563,MSMARCO
4,0.0001,-0.01697862001900858,normuon,-3.3954331979581247,0.9311894388608216,0.25,verified-v3-normuon-1e-4,0.6695787209204491,1563,NFCorpus
4,0.0001,0.4096042149828414,normuon,1.005835868176882,1.0,0.25,verified-v3-normuon-1e-4,1.0,1563,NQ
4,0.0001,0.4887619492876082,normuon,1.006993991671198,1.0,0.25,verified-v3-normuon-1e-4,1.0,1563,QuoraRetrieval
4,0.0001,0.09721525224853557,normuon,1.0192630520318329,0.9951433588696244,0.25,verified-v3-normuon-1e-4,0.8541612981828164,1563,SCIDOCS
4,0.0001,0.26621398686116154,normuon,1.0066340531244364,1.0,0.25,verified-v3-normuon-1e-4,1.0,1563,SciFact
4,0.0001,0.07881218825615827,normuon,1.0489355437232004,1.0163363650684505,0.25,verified-v3-normuon-1e-4,0.925966554799108,1563,TRECCOVID
4,0.0001,0.3035229255938249,normuon,1.032579098617913,1.0,0.25,verified-v3-normuon-1e-4,1.0,1563,Touche2020
5,0.0001,0.23875277299091027,normuon,1.011906521165669,1.0,0.25,verified-v3-normuon-1e-4,1.0,1563,ArguAna
5,0.0001,0.003509504054630465,normuon,0.32407616144756896,0.948611329186696,0.25,verified-v3-normuon-1e-4,0.7269420645925037,1563,ClimateFEVER
5,0.0001,0.2821458548776204,normuon,0.96497713640304,0.9769331095982161,0.25,verified-v3-normuon-1e-4,0.9769331095982161,1563,DBPedia
5,0.0001,0.393141336835619,normuon,0.9946412663149253,1.0,0.25,verified-v3-normuon-1e-4,1.0,1563,FEVER
5,0.0001,0.21199143730885672,normuon,0.9820769039073629,1.0,0.25,verified-v3-normuon-1e-4,0.9769331095982161,1563,FiQA2018
5,0.0001,0.293156741672357,normuon,0.9845284375510863,1.0,0.25,verified-v3-normuon-1e-4,1.0,1563,HotpotQA
5,0.0001,0.41252644546545536,normuon,0.9924418877984713,1.0,0.25,verified-v3-normuon-1e-4,1.0,1563,MSMARCO
5,0.0001,0.002386343901169515,normuon,0.4772279074921547,0.9565403304268716,0.25,verified-v3-normuon-1e-4,0.6878074688428424,1563,NFCorpus
5,0.0001,0.4068430192812126,normuon,0.999055396750653,1.0,0.25,verified-v3-normuon-1e-4,1.0,1563,NQ
5,0.0001,0.4847058437584216,normuon,0.9986372161418661,1.0,0.25,verified-v3-normuon-1e-4,1.0,1563,QuoraRetrieval
5,0.0001,0.10648951698199463,normuon,1.1165000098027167,1.0054225487118948,0.25,verified-v3-normuon-1e-4,0.8629842341564983,1563,SCIDOCS
5,0.0001,0.2706659733762048,normuon,1.0234683347597981,1.0,0.25,verified-v3-normuon-1e-4,1.0,1563,SciFact
5,0.0001,0.07077726205750501,normuon,0.9419962508619647,1.0,0.25,verified-v3-normuon-1e-4,0.9110827739955403,1563,TRECCOVID
5,0.0001,0.2881225191407125,normuon,0.980187214932051,1.0,0.25,verified-v3-normuon-1e-4,1.0,1563,Touche2020
6,0.0001,0.24089095138168842,normuon,1.0209687684013329,1.0,0.25,verified-v3-normuon-1e-4,1.0,1563,ArguAna
6,0.0001,0.010812598443187507,normuon,0.9984617040458538,0.9862315569155511,0.25,verified-v3-normuon-1e-4,0.7557712859756185,1563,ClimateFEVER
6,0.0001,0.29312293251087407,normuon,1.0025202324914284,1.0,0.25,verified-v3-normuon-1e-4,1.0,1563,DBPedia
6,0.0001,0.38528034428822244,normuon,0.9747530814581292,1.0,0.25,verified-v3-normuon-1e-4,1.0,1563,FEVER
6,0.0001,0.2207474726533117,normuon,1.02264033510415,1.0,0.25,verified-v3-normuon-1e-4,0.9769331095982161,1563,FiQA2018
6,0.0001,0.2908559818397799,normuon,0.9768016376479851,1.0,0.25,verified-v3-normuon-1e-4,1.0,1563,HotpotQA
6,0.0001,0.4078321793377889,normuon,0.9811485843296157,1.0,0.25,verified-v3-normuon-1e-4,1.0,1563,MSMARCO
6,0.0001,-0.011133325784985479,normuon,-2.226474467989788,0.9788659199177557,0.25,verified-v3-normuon-1e-4,0.7038608507125819,1563,NFCorpus
6,0.0001,0.3995742072395113,normuon,0.9812058932466781,1.0,0.25,verified-v3-normuon-1e-4,1.0,1563,NQ
6,0.0001,0.48726168536197745,normuon,1.0039030048191462,1.0,0.25,verified-v3-normuon-1e-4,1.0,1563,QuoraRetrieval
6,0.0001,0.09870030210667677,normuon,1.0348332060541534,1.0,0.25,verified-v3-normuon-1e-4,0.8583298984711626,1563,SCIDOCS
6,0.0001,0.2586470239382732,normuon,0.9780211216751132,1.0,0.25,verified-v3-normuon-1e-4,1.0,1563,SciFact
6,0.0001,0.07495902256215041,normuon,0.9976525817635202,1.025318106170117,0.25,verified-v3-normuon-1e-4,0.9341496643973242,1563,TRECCOVID
6,0.0001,0.29265363873168204,normuon,0.9956019957886192,1.0,0.25,verified-v3-normuon-1e-4,1.0,1563,Touche2020
7,0.0001,0.23363409827728268,normuon,0.9902120283329396,1.0,0.25,verified-v3-normuon-1e-4,1.0,1563,ArguAna
7,0.0001,0.020221334846312174,normuon,1.8672873643477934,0.9950444197045321,0.25,verified-v3-normuon-1e-4,0.7625247797129165,1563,ClimateFEVER
7,0.0001,0.2864621578978962,normuon,0.97973947884525,1.0,0.25,verified-v3-normuon-1e-4,1.0,1563,DBPedia
7,0.0001,0.3963156829520845,normuon,1.002672310993199,1.0,0.25,verified-v3-normuon-1e-4,1.0,1563,FEVER
7,0.0001,0.2220207415880378,normuon,1.028538913033198,1.0236115350940154,0.25,verified-v3-normuon-1e-4,1.0,1563,FiQA2018
7,0.0001,0.28805000605516373,normuon,0.96737813628392,1.0,0.25,verified-v3-normuon-1e-4,1.0,1563,HotpotQA
7,0.0001,0.40431357051585703,normuon,0.9726836366394807,1.0,0.25,verified-v3-normuon-1e-4,1.0,1563,MSMARCO
7,0.0001,-0.003888825260624054,normuon,-0.7776984452327766,0.9793009857368983,0.25,verified-v3-normuon-1e-4,0.7041736880392746,1563,NFCorpus
7,0.0001,0.39205983373004294,normuon,0.9627533819535066,1.0,0.25,verified-v3-normuon-1e-4,1.0,1563,NQ
7,0.0001,0.4836153281087967,normuon,0.9963904317745554,1.0,0.25,verified-v3-normuon-1e-4,1.0,1563,QuoraRetrieval
7,0.0001,0.10354888052659088,normuon,1.0856686122686323,1.0022314861235977,0.25,verified-v3-normuon-1e-4,0.86024524972907,1563,SCIDOCS
7,0.0001,0.2530042784108464,normuon,0.956684226991267,0.9769331095982161,0.25,verified-v3-normuon-1e-4,0.9769331095982161,1563,SciFact
7,0.0001,0.08810070396587741,normuon,1.1725592432033938,1.025318106170117,0.25,verified-v3-normuon-1e-4,0.9341496643973242,1563,TRECCOVID
7,0.0001,0.2899902348392776,normuon,0.9865411474685332,1.0,0.25,verified-v3-normuon-1e-4,1.0,1563,Touche2020
8,0.0001,0.23900854194511156,normuon,1.0129905474135144,1.0,0.25,verified-v3-normuon-1e-4,1.0,1563,ArguAna
8,0.0001,0.004874968958795845,normuon,0.45016652004095253,1.002499406749342,0.25,verified-v3-normuon-1e-4,0.7682377029166809,1563,ClimateFEVER
8,0.0001,0.2949165785421136,normuon,1.0086547454783263,0.96875,0.25,verified-v3-normuon-1e-4,0.96875,1563,DBPedia
8,0.0001,0.4018893519997433,normuon,1.0167736041418807,1.0,0.25,verified-v3-normuon-1e-4,1.0,1563,FEVER
8,0.0001,0.20077070778435854,normuon,0.9300954680017877,1.0236115350940154,0.25,verified-v3-normuon-1e-4,1.0,1563,FiQA2018
8,0.0001,0.3012038522560563,normuon,1.0115536021936409,1.0,0.25,verified-v3-normuon-1e-4,1.0,1563,HotpotQA
8,0.0001,0.40386615461661296,normuon,0.9716072589076825,1.0,0.25,verified-v3-normuon-1e-4,1.0,1563,MSMARCO
8,0.0001,0.00033191299827682076,normuon,0.06637691472694507,1.0053622458965046,0.25,verified-v3-normuon-1e-4,0.722913231804496,1563,NFCorpus
8,0.0001,0.41107663697227137,normuon,1.0094515898806322,1.0,0.25,verified-v3-normuon-1e-4,1.0,1563,NQ
8,0.0001,0.4885637520358006,normuon,1.0065856467866854,1.0,0.25,verified-v3-normuon-1e-4,1.0,1563,QuoraRetrieval
8,0.0001,0.09232971056386372,normuon,0.9680401007647143,1.0,0.25,verified-v3-normuon-1e-4,0.8583298984711626,1563,SCIDOCS
8,0.0001,0.2659553864975531,normuon,1.0056562084393095,1.0,0.25,verified-v3-normuon-1e-4,1.0,1563,SciFact
8,0.0001,0.07775320695591587,normuon,1.034841237366015,1.0,0.25,verified-v3-normuon-1e-4,0.9110827739955403,1563,TRECCOVID
8,0.0001,0.28428370200364234,normuon,0.9671276335795063,1.0,0.25,verified-v3-normuon-1e-4,1.0,1563,Touche2020
9,0.0001,0.2328678277271884,normuon,0.9869643417955056,1.0,0.25,verified-v3-normuon-1e-4,1.0,1563,ArguAna
9,0.0001,0.013227414451381089,normuon,1.2214517021639553,0.9981344458271072,0.25,verified-v3-normuon-1e-4,0.7648927357978553,1563,ClimateFEVER
9,0.0001,0.29187645843046717,normuon,0.9982571218771208,1.0,0.25,verified-v3-normuon-1e-4,1.0,1563,DBPedia
9,0.0001,0.3921317193017815,normuon,0.9920869501739854,1.0,0.25,verified-v3-normuon-1e-4,1.0,1563,FEVER
9,0.0001,0.20917821143316717,normuon,0.9690442824342416,1.0,0.25,verified-v3-normuon-1e-4,0.9769331095982161,1563,FiQA2018
9,0.0001,0.2944763404219741,normuon,0.9889601367429368,1.0,0.25,verified-v3-normuon-1e-4,1.0,1563,HotpotQA
9,0.0001,0.40769353278673737,normuon,0.9808150332412555,1.0,0.25,verified-v3-normuon-1e-4,1.0,1563,MSMARCO
9,0.0001,-0.004897007161449498,normuon,-0.9793175574934165,0.9331776191146457,0.25,verified-v3-normuon-1e-4,0.6710083367813672,1563,NFCorpus
9,0.0001,0.3978928710962256,normuon,0.9770771559497491,1.0,0.25,verified-v3-normuon-1e-4,1.0,1563,NQ
9,0.0001,0.4931404301230886,normuon,1.0160149555584292,1.0,0.25,verified-v3-normuon-1e-4,1.0,1563,QuoraRetrieval
9,0.0001,0.08946820277595141,normuon,0.9380383356727116,1.0022314861235977,0.25,verified-v3-normuon-1e-4,0.86024524972907,1563,SCIDOCS
9,0.0001,0.26016078495711337,normuon,0.9837451011242154,1.0,0.25,verified-v3-normuon-1e-4,1.0,1563,SciFact
9,0.0001,0.07436864768455922,normuon,0.9897951017603782,1.025318106170117,0.25,verified-v3-normuon-1e-4,0.9341496643973242,1563,TRECCOVID
9,0.0001,0.29219139552550205,normuon,0.9940294533777098,1.0,0.25,verified-v3-normuon-1e-4,1.0,1563,Touche2020
10,0.0001,0.238642092289639,normuon,1.0114374228512053,1.0,0.25,verified-v3-normuon-1e-4,1.0,1563,ArguAna
10,0.0001,0.020363442236596904,normuon,1.8804099072598166,1.014466769543801,0.25,verified-v3-normuon-1e-4,0.7774085605164844,1563,ClimateFEVER
10,0.0001,0.2967551773933497,normuon,1.0149430032137778,1.0,0.25,verified-v3-normuon-1e-4,1.0,1563,DBPedia
10,0.0001,0.38204904934143713,normuon,0.9665779571540386,1.0,0.25,verified-v3-normuon-1e-4,1.0,1563,FEVER
10,0.0001,0.21030412700208143,normuon,0.9742602274271962,1.0,0.25,verified-v3-normuon-1e-4,0.9769331095982161,1563,FiQA2018
10,0.0001,0.30056086614356303,normuon,1.0093942177323156,1.0,0.25,verified-v3-normuon-1e-4,1.0,1563,HotpotQA
10,0.0001,0.41077502918265585,normuon,0.9882283909399576,1.0,0.25,verified-v3-normuon-1e-4,1.0,1563,MSMARCO
10,0.0001,-0.010644093116372634,normuon,-2.1286363137302584,0.9217972914596323,0.25,verified-v3-normuon-1e-4,0.6628252271831511,1563,NFCorpus
10,0.0001,0.41083465487888343,normuon,1.0088573717059088,1.0,0.25,verified-v3-normuon-1e-4,1.0,1563,NQ
10,0.0001,0.4808228385790684,normuon,0.9906370784655677,1.0,0.25,verified-v3-normuon-1e-4,1.0,1563,QuoraRetrieval
10,0.0001,0.09930567952662991,normuon,1.0411803462653941,1.0022314861235977,0.25,verified-v3-normuon-1e-4,0.86024524972907,1563,SCIDOCS
10,0.0001,0.252135744764602,normuon,0.9534000436359802,1.0,0.25,verified-v3-normuon-1e-4,1.0,1563,SciFact
10,0.0001,0.07414591016771219,normuon,0.9868306199522836,1.025318106170117,0.25,verified-v3-normuon-1e-4,0.9341496643973242,1563,TRECCOVID
10,0.0001,0.2915490467465641,normuon,0.9918441953058313,1.0,0.25,verified-v3-normuon-1e-4,1.0,1563,Touche2020
11,0.0001,0.22875765600445444,normuon,0.9695441899068256,1.0,0.25,verified-v3-normuon-1e-4,1.0,1563,ArguAna
11,0.0001,0.0069697295550768985,normuon,0.6436018210484237,0.9354078087671099,0.25,verified-v3-normuon-1e-4,0.7168239117743919,1563,ClimateFEVER
11,0.0001,0.2944826978741342,normuon,1.007170814676972,1.0,0.25,verified-v3-normuon-1e-4,1.0,1563,DBPedia
11,0.0001,0.3882556158800475,normuon,0.982280470787227,1.0,0.25,verified-v3-normuon-1e-4,1.0,1563,FEVER
11,0.0001,0.21795788616522174,normuon,1.0097172260569962,1.0,0.25,verified-v3-normuon-1e-4,0.9769331095982161,1563,FiQA2018
11,0.0001,0.2924323345694939,normuon,0.9820956113808125,1.0,0.25,verified-v3-normuon-1e-4,1.0,1563,HotpotQA
11,0.0001,0.39671558526922474,normuon,0.954404665910405,1.0,0.25,verified-v3-normuon-1e-4,1.0,1563,MSMARCO
11,0.0001,0.015042866024140353,normuon,3.008315554127408,1.0724402486229765,0.25,verified-v3-normuon-1e-4,0.771146170660026,1563,NFCorpus
11,0.0001,0.4113707384151072,normuon,1.010173793825968,1.0,0.25,verified-v3-normuon-1e-4,1.0,1563,NQ
11,0.0001,0.4904969179539612,normuon,1.0105685396189295,1.0,0.25,verified-v3-normuon-1e-4,1.0,1563,QuoraRetrieval
11,0.0001,0.09497347884853977,normuon,0.9957589542200831,0.9968089374117028,0.25,verified-v3-normuon-1e-4,0.8555909140437343,1563,SCIDOCS
11,0.0001,0.2659888501877096,normuon,1.0057827445783454,1.0,0.25,verified-v3-normuon-1e-4,1.0,1563,SciFact
11,0.0001,0.06995417784396991,normuon,0.9310415710572588,1.025318106170117,0.25,verified-v3-normuon-1e-4,0.9341496643973242,1563,TRECCOVID
11,0.0001,0.2898033429116038,normuon,0.9859053447599277,1.0,0.25,verified-v3-normuon-1e-4,1.0,1563,Touche2020
12,0.0001,0.23472842825001755,normuon,0.9948501300054158,1.0,0.25,verified-v3-normuon-1e-4,1.0,1563,ArguAna
12,0.0001,0.014126594301862527,normuon,1.3044841619813317,0.9923051572421773,0.25,verified-v3-normuon-1e-4,0.7604256216609542,1563,ClimateFEVER
12,0.0001,0.2818091252022814,normuon,0.9638254751886958,1.0,0.25,verified-v3-normuon-1e-4,1.0,1563,DBPedia
12,0.0001,0.3997306988117127,normuon,1.011312246255276,1.0,0.25,verified-v3-normuon-1e-4,1.0,1563,FEVER
12,0.0001,0.2163877563686859,normuon,1.0024434029776799,1.0,0.25,verified-v3-normuon-1e-4,0.9769331095982161,1563,FiQA2018
12,0.0001,0.2960254853449102,normuon,0.9941627366279602,1.0,0.25,verified-v3-normuon-1e-4,1.0,1563,HotpotQA
12,0.0001,0.4082697893346896,normuon,0.9822013713599201,1.0,0.25,verified-v3-normuon-1e-4,1.0,1563,MSMARCO
12,0.0001,-0.00713918500902513,normuon,-1.4277147235093353,0.9668100754674421,0.25,verified-v3-normuon-1e-4,0.6951920057173764,1563,NFCorpus
12,0.0001,0.40478763916910726,normuon,0.9940081463467978,1.0,0.25,verified-v3-normuon-1e-4,1.0,1563,NQ
12,0.0001,0.4828294797505511,normuon,0.9947713520236228,1.0,0.25,verified-v3-normuon-1e-4,1.0,1563,QuoraRetrieval
12,0.0001,0.10420139686296369,normuon,1.0925099851718436,1.005198171077342,0.25,verified-v3-normuon-1e-4,0.8627916441242134,1563,SCIDOCS
12,0.0001,0.271080408373113,normuon,1.0250354364196816,1.0,0.25,verified-v3-normuon-1e-4,1.0,1563,SciFact
12,0.0001,0.0720901457157072,normuon,0.95946982143947,1.0163363650684505,0.25,verified-v3-normuon-1e-4,0.925966554799108,1563,TRECCOVID
12,0.0001,0.29488449027209945,normuon,1.0031913094071798,1.0,0.25,verified-v3-normuon-1e-4,1.0,1563,Touche2020
13,0.0001,0.23088203079102138,normuon,0.9785479332895625,1.0,0.25,verified-v3-normuon-1e-4,1.0,1563,ArguAna
13,0.0001,0.02270619297737622,normuon,2.096745222871855,1.0506411366715698,0.25,verified-v3-normuon-1e-4,0.805129786603604,1563,ClimateFEVER
13,0.0001,0.29762241747369333,normuon,1.0179090820515013,1.0,0.25,verified-v3-normuon-1e-4,1.0,1563,DBPedia
13,0.0001,0.3910196294042199,normuon,0.9892733805990588,1.0,0.25,verified-v3-normuon-1e-4,1.0,1563,FEVER
13,0.0001,0.22480693307644786,normuon,1.0414462943188123,1.0,0.25,verified-v3-normuon-1e-4,0.9769331095982161,1563,FiQA2018
13,0.0001,0.28229115978786884,normuon,0.9480378069935451,1.0,0.25,verified-v3-normuon-1e-4,1.0,1563,HotpotQA
13,0.0001,0.4228662865691807,normuon,1.0173171207376326,1.0,0.25,verified-v3-normuon-1e-4,1.0,1563,MSMARCO
13,0.0001,-0.005094314042263435,normuon,-1.0187755542299692,0.976824198666895,0.25,verified-v3-normuon-1e-4,0.7023927357978553,1563,NFCorpus
13,0.0001,0.40039183061995465,normuon,0.9832136726899252,1.0,0.25,verified-v3-normuon-1e-4,1.0,1563,NQ
13,0.0001,0.4835247468080205,normuon,0.9962038075380076,1.0,0.25,verified-v3-normuon-1e-4,1.0,1563,QuoraRetrieval
13,0.0001,0.0963721722645278,normuon,1.0104236954727426,0.9970333150462557,0.25,verified-v3-normuon-1e-4,0.8557835040760193,1563,SCIDOCS
13,0.0001,0.27075663825415214,normuon,1.023811165557835,1.0,0.25,verified-v3-normuon-1e-4,1.0,1563,SciFact
13,0.0001,0.07392175792068464,normuon,0.9838473090670635,0.9746818938298829,0.25,verified-v3-normuon-1e-4,0.8880158835937564,1563,TRECCOVID
13,0.0001,0.29688203497228044,normuon,1.0099869176859497,1.0,0.25,verified-v3-normuon-1e-4,1.0,1563,Touche2020
14,0.0001,0.23103833653155986,normuon,0.9792104043309042,1.0,0.25,verified-v3-normuon-1e-4,1.0,1563,ArguAna
14,0.0001,0.004932886276927959,normuon,0.4555147464140859,0.9404323189741639,0.25,verified-v3-normuon-1e-4,0.720674306252195,1563,ClimateFEVER
14,0.0001,0.2871217563779177,normuon,0.9819953952141189,0.9769331095982161,0.25,verified-v3-normuon-1e-4,0.9769331095982161,1563,DBPedia
14,0.0001,0.3834937470326695,normuon,0.9702330191035542,1.0,0.25,verified-v3-normuon-1e-4,1.0,1563,FEVER
14,0.0001,0.21393744933776426,normuon,0.9910920485404531,1.0,0.25,verified-v3-normuon-1e-4,0.9769331095982161,1563,FiQA2018
14,0.0001,0.3031372595739107,normuon,1.0180466968942377,1.0,0.25,verified-v3-normuon-1e-4,1.0,1563,HotpotQA
14,0.0001,0.40562079240569815,normuon,0.9758285059548566,1.0,0.25,verified-v3-normuon-1e-4,1.0,1563,MSMARCO
14,0.0001,0.003832549060096375,normuon,0.7664441690128776,0.9890547381641293,0.25,verified-v3-normuon-1e-4,0.711187196571319,1563,NFCorpus
14,0.0001,0.4034412284462435,normuon,0.9907018615264352,1.0,0.25,verified-v3-normuon-1e-4,1.0,1563,NQ
14,0.0001,0.480743417241032,normuon,0.9904734470488223,1.0,0.25,verified-v3-normuon-1e-4,1.0,1563,QuoraRetrieval
14,0.0001,0.08779796324276093,normuon,0.9205265419484958,0.9916107663343608,0.25,verified-v3-normuon-1e-4,0.8511291683906836,1563,SCIDOCS
14,0.0001,0.2509960583966315,normuon,0.9490905514060355,1.0,0.25,verified-v3-normuon-1e-4,1.0,1563,SciFact
14,0.0001,0.07547997670680592,normuon,1.0045861199772164,1.0265438768312476,0.25,verified-v3-normuon-1e-4,0.9352664429315494,1563,TRECCOVID
14,0.0001,0.2843965140507425,normuon,0.9675114179729917,1.0,0.25,verified-v3-normuon-1e-4,1.0,1563,Touche2020
15,0.0001,0.23336989043847317,normuon,0.9890922355377179,1.0,0.25,verified-v3-normuon-1e-4,1.0,1563,ArguAna
15,0.0001,0.008966041931031949,normuon,0.8279461733497663,1.0389136295901236,0.25,verified-v3-normuon-1e-4,0.7961427357978553,1563,ClimateFEVER
15,0.0001,0.2898047689703076,normuon,0.9911716626076651,1.0,0.25,verified-v3-normuon-1e-4,1.0,1563,DBPedia
15,0.0001,0.39175090061928736,normuon,0.991123485025189,1.0,0.25,verified-v3-normuon-1e-4,1.0,1563,FEVER
15,0.0001,0.21480230566192596,normuon,0.9950986038614587,1.0,0.25,verified-v3-normuon-1e-4,0.9769331095982161,1563,FiQA2018
15,0.0001,0.29211574992493416,normuon,0.9810324034065289,1.0,0.25,verified-v3-normuon-1e-4,1.0,1563,HotpotQA
15,0.0001,0.4126203442101217,normuon,0.9926677861583049,1.0,0.25,verified-v3-normuon-1e-4,1.0,1563,MSMARCO
15,0.0001,-0.011430406198808618,normuon,-2.285885462430379,0.9937066154670777,0.25,verified-v3-normuon-1e-4,0.7145321636901446,1563,NFCorpus
15,0.0001,0.3975425748952317,normuon,0.9762169585431855,1.0,0.25,verified-v3-normuon-1e-4,1.0,1563,NQ
15,0.0001,0.47894087549700126,normuon,0.9867596786005601,1.0,0.25,verified-v3-normuon-1e-4,1.0,1563,QuoraRetrieval
15,0.0001,0.0891762379026246,normuon,0.9349772007068488,0.9951433588696244,0.25,verified-v3-normuon-1e-4,0.8541612981828164,1563,SCIDOCS
15,0.0001,0.2532465203432148,normuon,0.9576002155953665,1.0,0.25,verified-v3-normuon-1e-4,1.0,1563,SciFact
15,0.0001,0.07646265878265054,normuon,1.0176649365960733,1.0,0.25,verified-v3-normuon-1e-4,0.9110827739955403,1563,TRECCOVID
15,0.0001,0.28953152801913706,normuon,0.9849806357742552,1.0,0.25,verified-v3-normuon-1e-4,1.0,1563,Touche2020
16,0.0001,0.23793153814454143,normuon,1.008425879303215,1.0,0.25,verified-v3-normuon-1e-4,1.0,1563,ArguAna
16,0.0001,0.0069874339626977925,normuon,0.6452366892158823,0.9862315569155511,0.25,verified-v3-normuon-1e-4,0.7557712859756185,1563,ClimateFEVER
16,0.0001,0.29136174770596623,normuon,0.9964967413065103,1.0,0.25,verified-v3-normuon-1e-4,1.0,1563,DBPedia
16,0.0001,0.3958865366542752,normuon,1.0015865777540462,1.0,0.25,verified-v3-normuon-1e-4,1.0,1563,FEVER
16,0.0001,0.21349510522095624,normuon,0.9890428339768311,1.0,0.25,verified-v3-normuon-1e-4,0.9769331095982161,1563,FiQA2018
16,0.0001,0.29770848553091617,normuon,0.999814871844344,1.0,0.25,verified-v3-normuon-1e-4,1.0,1563,HotpotQA
16,0.0001,0.40756598669505906,normuon,0.9805081872550213,1.0,0.25,verified-v3-normuon-1e-4,1.0,1563,MSMARCO
16,0.0001,-0.0035045812510190195,normuon,-0.7008562245535451,0.9993366981369002,0.25,verified-v3-normuon-1e-4,0.7185805166840831,1563,NFCorpus
16,0.0001,0.40820798886219056,normuon,1.002407255235741,1.0,0.25,verified-v3-normuon-1e-4,1.0,1563,NQ
16,0.0001,0.479418669403987,normuon,0.9877440751852227,1.0,0.25,verified-v3-normuon-1e-4,1.0,1563,QuoraRetrieval
16,0.0001,0.08926940276456992,normuon,0.9359539970359446,0.9951433588696244,0.25,verified-v3-normuon-1e-4,0.8541612981828164,1563,SCIDOCS
16,0.0001,0.2599420239133331,normuon,0.9829179007251578,0.9769331095982161,0.25,verified-v3-normuon-1e-4,0.9769331095982161,1563,SciFact
16,0.0001,0.07084568324036823,normuon,0.9429068893334605,1.0,0.25,verified-v3-normuon-1e-4,0.9110827739955403,1563,TRECCOVID
16,0.0001,0.28810601993767576,normuon,0.9801310849637256,1.0,0.25,verified-v3-normuon-1e-4,1.0,1563,Touche2020
17,0.0001,0.23055534772279956,normuon,0.9771633515611624,1.0,0.25,verified-v3-normuon-1e-4,1.0,1563,ArguAna
17,0.0001,0.002404627797006483,normuon,0.22204919385569422,0.9705330857753065,0.25,verified-v3-normuon-1e-4,0.7437411966539789,1563,ClimateFEVER
17,0.0001,0.28781510647043573,normuon,0.9843667466808738,0.9769331095982161,0.25,verified-v3-normuon-1e-4,0.9769331095982161,1563,DBPedia
17,0.0001,0.4034184069271517,normuon,1.020642088543709,1.0,0.25,verified-v3-normuon-1e-4,1.0,1563,FEVER
17,0.0001,0.21001636359723766,normuon,0.9729271273865796,1.0,0.25,verified-v3-normuon-1e-4,0.9769331095982161,1563,FiQA2018
17,0.0001,0.3017946737426017,normuon,1.0135377986057783,1.0,0.25,verified-v3-normuon-1e-4,1.0,1563,HotpotQA
17,0.0001,0.4029788610975093,normuon,0.9694726387765125,1.0,0.25,verified-v3-normuon-1e-4,1.0,1563,MSMARCO
17,0.0001,0.002603595240858382,normuon,0.5206744543996537,1.0057699259184871,0.25,verified-v3-normuon-1e-4,0.7232063771692004,1563,NFCorpus
17,0.0001,0.41525983161554564,normuon,1.0197239627270565,1.0,0.25,verified-v3-normuon-1e-4,1.0,1563,NQ
17,0.0001,0.49074386582169033,normuon,1.0110773251727594,1.0,0.25,verified-v3-normuon-1e-4,1.0,1563,QuoraRetrieval
17,0.0001,0.09794640053493678,normuon,1.0269288494931192,1.0,0.25,verified-v3-normuon-1e-4,0.8583298984711626,1563,SCIDOCS
17,0.0001,0.27536526442202464,normuon,1.0412377481855928,0.9769331095982161,0.25,verified-v3-normuon-1e-4,0.9769331095982161,1563,SciFact
17,0.0001,0.06514624406688335,normuon,0.8670513083549748,1.0,0.25,verified-v3-normuon-1e-4,0.9110827739955403,1563,TRECCOVID
17,0.0001,0.286727306407162,normuon,0.9754407283067943,1.0,0.25,verified-v3-normuon-1e-4,1.0,1563,Touche2020
18,0.0001,0.23725374881617745,normuon,1.0055532029662826,1.0,0.25,verified-v3-normuon-1e-4,1.0,1563,ArguAna
18,0.0001,0.019290392049406635,normuon,1.7813218366116592,1.0106784169618739,0.25,verified-v3-normuon-1e-4,0.7745054612569895,1563,ClimateFEVER
18,0.0001,0.2896038951501997,normuon,0.9904846468661432,0.9769331095982161,0.25,verified-v3-normuon-1e-4,0.9769331095982161,1563,DBPedia
18,0.0001,0.3926205377049954,normuon,0.9933236528811699,1.0,0.25,verified-v3-normuon-1e-4,1.0,1563,FEVER
18,0.0001,0.2003290226754345,normuon,0.928049306374787,1.0236115350940154,0.25,verified-v3-normuon-1e-4,1.0,1563,FiQA2018
18,0.0001,0.2957406391372305,normuon,0.9932061180279941,1.0,0.25,verified-v3-normuon-1e-4,1.0,1563,HotpotQA
18,0.0001,0.41987033551092545,normuon,1.01010956506044,1.0,0.25,verified-v3-normuon-1e-4,1.0,1563,MSMARCO
18,0.0001,0.005531159235996761,normuon,1.1061371107940459,0.969245536472609,0.25,verified-v3-normuon-1e-4,0.6969432421432171,1563,NFCorpus
18,0.0001,0.40161159164436205,normuon,0.9862089528752244,1.0,0.25,verified-v3-normuon-1e-4,1.0,1563,NQ
18,0.0001,0.48310697987813184,normuon,0.9953430842576255,1.0,0.25,verified-v3-normuon-1e-4,1.0,1563,QuoraRetrieval
18,0.0001,0.08357683962371418,normuon,0.8762697484573484,0.9968089374117028,0.25,verified-v3-normuon-1e-4,0.8555909140437343,1563,SCIDOCS
18,0.0001,0.2665941567885326,normuon,1.0080715883921274,0.9769331095982161,0.25,verified-v3-normuon-1e-4,0.9769331095982161,1563,SciFact
18,0.0001,0.06665901772176162,normuon,0.8871852760993089,0.9746818938298829,0.25,verified-v3-normuon-1e-4,0.8880158835937564,1563,TRECCOVID
18,0.0001,0.2966736326959005,normuon,1.0092779371887657,1.0,0.25,verified-v3-normuon-1e-4,1.0,1563,Touche2020
19,0.0001,0.2366320456166814,normuon,1.0029182366204736,1.0,0.25,verified-v3-normuon-1e-4,1.0,1563,ArguAna
19,0.0001,0.004682741322124118,normuon,0.4324157513719388,0.963428862390717,0.25,verified-v3-normuon-1e-4,0.738297071483191,1563,ClimateFEVER
19,0.0001,0.2983432614520144,normuon,1.0203744663411105,1.0,0.25,verified-v3-normuon-1e-4,1.0,1563,DBPedia
19,0.0001,0.39001607978272484,normuon,0.9867344161788633,1.0,0.25,verified-v3-normuon-1e-4,1.0,1563,FEVER
19,0.0001,0.21415108770429855,normuon,0.99208175505042,1.0236115350940154,0.25,verified-v3-normuon-1e-4,1.0,1563,FiQA2018
19,0.0001,0.29855937828880186,normuon,1.002672483484676,1.0,0.25,verified-v3-normuon-1e-4,1.0,1563,HotpotQA
19,0.0001,0.413353648937614,normuon,0.9944319453681777,1.0,0.25,verified-v3-normuon-1e-4,1.0,1563,MSMARCO
19,0.0001,-0.0016699435653292818,normuon,-0.3339601106619671,1.0102697450405707,0.25,verified-v3-normuon-1e-4,0.7264420057173764,1563,NFCorpus
19,0.0001,0.3934462845433446,normuon,0.9661579903693166,1.0,0.25,verified-v3-normuon-1e-4,1.0,1563,NQ
19,0.0001,0.48232906546771176,normuon,0.9937403507828343,1.0,0.25,verified-v3-normuon-1e-4,1.0,1563,QuoraRetrieval
19,0.0001,0.09480605806915546,normuon,0.994003614285023,0.9968089374117028,0.25,verified-v3-normuon-1e-4,0.8555909140437343,1563,SCIDOCS
19,0.0001,0.24366899630512714,normuon,0.9213847561635335,0.9769331095982161,0.25,verified-v3-normuon-1e-4,0.9769331095982161,1563,SciFact
19,0.0001,0.0707341216308538,normuon,0.9414220817151983,0.9746818938298829,0.25,verified-v3-normuon-1e-4,0.8880158835937564,1563,TRECCOVID
19,0.0001,0.28944648782545773,normuon,0.984691330686793,1.0,0.25,verified-v3-normuon-1e-4,1.0,1563,Touche2020
0,0.0001,0.22978961520429858,normuon,0.9739179453644803,1.0,0.5,verified-v3-normuon-1e-4,1.0,1563,ArguAna
0,0.0001,-0.0009454573137209297,normuon,-0.08730583360886626,1.020540369870427,0.5,verified-v3-normuon-1e-4,0.78206289620182,1563,ClimateFEVER
0,0.0001,0.27144636295277513,normuon,0.9283834211309054,0.9769331095982161,0.5,verified-v3-normuon-1e-4,0.9769331095982161,1563,DBPedia
0,0.0001,0.39481856281491545,normuon,0.9988846210976385,1.0,0.5,verified-v3-normuon-1e-4,1.0,1563,FEVER
0,0.0001,0.20248713925800357,normuon,0.938047051937466,1.0236115350940154,0.5,verified-v3-normuon-1e-4,1.0,1563,FiQA2018
0,0.0001,0.29979796355998956,normuon,1.0068321095429404,0.9769331095982161,0.5,verified-v3-normuon-1e-4,0.9769331095982161,1563,HotpotQA
0,0.0001,0.41470671750760235,normuon,0.997687111044659,1.0,0.5,verified-v3-normuon-1e-4,1.0,1563,MSMARCO
0,0.0001,-0.011631788522633295,normuon,-2.3261584779658424,0.9699210532679092,0.5,verified-v3-normuon-1e-4,0.6974289775402065,1563,NFCorpus
0,0.0001,0.4025109451754692,normuon,0.9884174312225407,1.0,0.5,verified-v3-normuon-1e-4,1.0,1563,NQ
0,0.0001,0.4828016331275011,normuon,0.9947139797544831,1.0,0.5,verified-v3-normuon-1e-4,1.0,1563,QuoraRetrieval
0,0.0001,0.07097797769666503,normuon,0.744175718324487,1.0129160231718102,0.5,verified-v3-normuon-1e-4,0.8694161073288735,1563,SCIDOCS
0,0.0001,0.27677308576645476,normuon,1.0465611383001696,1.0,0.5,verified-v3-normuon-1e-4,1.0,1563,SciFact
0,0.0001,0.05328331265760673,normuon,0.7091639221109024,0.9240456814896487,0.5,verified-v3-normuon-1e-4,0.8418821027901886,1563,TRECCOVID
0,0.0001,0.304777697886616,normuon,1.036847809590984,1.0,0.5,verified-v3-normuon-1e-4,1.0,1563,Touche2020
1,0.0001,0.24044288111808243,normuon,1.019069710995618,1.0,0.5,verified-v3-normuon-1e-4,1.0,1563,ArguAna
1,0.0001,0.007284510462347496,normuon,0.6726694575398652,0.9778956319345178,0.5,verified-v3-normuon-1e-4,0.749383280340902,1563,ClimateFEVER
1,0.0001,0.2789041726621425,normuon,0.9538901430365156,1.0,0.5,verified-v3-normuon-1e-4,1.0,1563,DBPedia
1,0.0001,0.3738325010889867,normuon,0.9457902220755162,1.0,0.5,verified-v3-normuon-1e-4,1.0,1563,FEVER
1,0.0001,0.21804986067725823,normuon,1.0101433095119028,0.9763884649059846,0.5,verified-v3-normuon-1e-4,0.9538662191964322,1563,FiQA2018
1,0.0001,0.28932302484887923,normuon,0.9716534028078966,0.9769331095982161,0.5,verified-v3-normuon-1e-4,0.9769331095982161,1563,HotpotQA
1,0.0001,0.38852108022526544,normuon,0.9346906084365258,1.0,0.5,verified-v3-normuon-1e-4,1.0,1563,MSMARCO
1,0.0001,-0.027972192073533842,normuon,-5.593959313525168,0.8399771103676668,0.5,verified-v3-normuon-1e-4,0.6039918148668993,1563,NFCorpus
1,0.0001,0.40540045443726924,normuon,0.995512993110422,1.0,0.5,verified-v3-normuon-1e-4,1.0,1563,NQ
1,0.0001,0.49264413359559944,normuon,1.0149924381100122,1.0,0.5,verified-v3-normuon-1e-4,1.0,1563,QuoraRetrieval
1,0.0001,0.07607969554810244,normuon,0.7976651902703844,1.066664332400861,0.5,verified-v3-normuon-1e-4,0.9155498881324413,1563,SCIDOCS
1,0.0001,0.2581683181642672,normuon,0.9762109931419606,0.9769331095982161,0.5,verified-v3-normuon-1e-4,0.9769331095982161,1563,SciFact
1,0.0001,0.06886458925662267,normuon,0.9165399029448477,0.9705973429511023,0.5,verified-v3-normuon-1e-4,0.8842945196485911,1563,TRECCOVID
1,0.0001,0.2650286321969689,normuon,0.9016222600203225,1.0,0.5,verified-v3-normuon-1e-4,1.0,1563,Touche2020
2,0.0001,0.22816077526849515,normuon,0.9670144286751168,1.0,0.5,verified-v3-normuon-1e-4,1.0,1563,ArguAna
2,0.0001,-0.007076072469338432,normuon,-0.6534217850417847,0.9466698395857542,0.5,verified-v3-normuon-1e-4,0.725454257715789,1563,ClimateFEVER
2,0.0001,0.274102829919173,normuon,0.9374688988789155,1.0,0.5,verified-v3-normuon-1e-4,1.0,1563,DBPedia
2,0.0001,0.37664255463273044,normuon,0.952899612397223,1.0,0.5,verified-v3-normuon-1e-4,1.0,1563,FEVER
2,0.0001,0.20482035523774678,normuon,0.9488559674041552,1.0,0.5,verified-v3-normuon-1e-4,0.9769331095982161,1563,FiQA2018
2,0.0001,0.31248390233883705,normuon,1.0494361697926153,1.0,0.5,verified-v3-normuon-1e-4,1.0,1563,HotpotQA
2,0.0001,0.402985817718967,normuon,0.9694893747763692,1.0,0.5,verified-v3-normuon-1e-4,1.0,1563,MSMARCO
2,0.0001,-0.005464016094648822,normuon,-1.0927096325365226,1.0423613018908857,0.5,verified-v3-normuon-1e-4,0.7495176793573902,1563,NFCorpus
2,0.0001,0.40434646998713697,normuon,0.9929247986396006,1.0,0.5,verified-v3-normuon-1e-4,1.0,1563,NQ
2,0.0001,0.4737465828620684,normuon,0.9760579014225633,1.0,0.5,verified-v3-normuon-1e-4,1.0,1563,QuoraRetrieval
2,0.0001,0.09292076864644344,normuon,0.9742371084486332,0.9938422524579585,0.5,verified-v3-normuon-1e-4,0.8530445196485911,1563,SCIDOCS
2,0.0001,0.259520009348419,normuon,0.9813221384702672,1.0,0.5,verified-v3-normuon-1e-4,1.0,1563,SciFact
2,0.0001,0.07382782332222382,normuon,0.9825971047358416,0.9746818938298829,0.5,verified-v3-normuon-1e-4,0.8880158835937564,1563,TRECCOVID
2,0.0001,0.28399630991571867,normuon,0.96614993127739,1.0,0.5,verified-v3-normuon-1e-4,1.0,1563,Touche2020
3,0.0001,0.2331646004229026,normuon,0.9882221543115033,1.0,0.5,verified-v3-normuon-1e-4,1.0,1563,ArguAna
3,0.0001,-0.003354078390380144,normuon,-0.3097237766443018,0.9736875857807845,0.5,verified-v3-normuon-1e-4,0.7461585605164844,1563,ClimateFEVER
3,0.0001,0.29254973426249814,normuon,1.0005598166471164,1.0,0.5,verified-v3-normuon-1e-4,1.0,1563,DBPedia
3,0.0001,0.3859643802223375,normuon,0.9764836813822924,1.0,0.5,verified-v3-normuon-1e-4,1.0,1563,FEVER
3,0.0001,0.2148730392218139,normuon,0.9954262859432395,1.0236115350940154,0.5,verified-v3-normuon-1e-4,1.0,1563,FiQA2018
3,0.0001,0.3029851240376612,normuon,1.0175357696648475,1.0,0.5,verified-v3-normuon-1e-4,1.0,1563,HotpotQA
3,0.0001,0.4138267996807029,normuon,0.9955702350992871,1.0,0.5,verified-v3-normuon-1e-4,1.0,1563,MSMARCO
3,0.0001,0.010320193115464437,normuon,2.063861861232288,1.0859882005098391,0.5,verified-v3-normuon-1e-4,0.7808879266517981,1563,NFCorpus
3,0.0001,0.4009802306410215,normuon,0.9846585646719324,1.0,0.5,verified-v3-normuon-1e-4,1.0,1563,NQ
3,0.0001,0.479663458126265,normuon,0.98824841226163,1.0,0.5,verified-v3-normuon-1e-4,1.0,1563,QuoraRetrieval
3,0.0001,0.08725253345902709,normuon,0.9148079287352487,1.0332231046678146,0.5,verified-v3-normuon-1e-4,0.8868462825275847,1563,SCIDOCS
3,0.0001,0.2746037060346162,normuon,1.038358070016738,0.9769331095982161,0.5,verified-v3-normuon-1e-4,0.9769331095982161,1563,SciFact
3,0.0001,0.073955175704177,normuon,0.9842920765792109,1.025318106170117,0.5,verified-v3-normuon-1e-4,0.9341496643973242,1563,TRECCOVID
3,0.0001,0.2920685209844357,normuon,0.9936114365751597,1.0,0.5,verified-v3-normuon-1e-4,1.0,1563,Touche2020
4,0.0001,0.22847174673667117,normuon,0.9683324198867026,1.0,0.5,verified-v3-normuon-1e-4,1.0,1563,ArguAna
4,0.0001,0.003927460653896481,normuon,0.3626712929058435,1.0052571362733056,0.5,verified-v3-normuon-1e-4,0.7703510126907236,1563,ClimateFEVER
4,0.0001,0.2945724836900341,normuon,1.0074778943594087,0.9769331095982161,0.5,verified-v3-normuon-1e-4,0.9769331095982161,1563,DBPedia
4,0.0001,0.3919551100923229,normuon,0.9916401317113107,1.0,0.5,verified-v3-normuon-1e-4,1.0,1563,FEVER
4,0.0001,0.2122677764460942,normuon,0.9833570795963991,1.0,0.5,verified-v3-normuon-1e-4,0.9769331095982161,1563,FiQA2018
4,0.0001,0.2883367476805317,normuon,0.9683411203954022,1.0,0.5,verified-v3-normuon-1e-4,1.0,1563,HotpotQA
4,0.0001,0.3957101144360411,normuon,0.9519857388748663,1.0,0.5,verified-v3-normuon-1e-4,1.0,1563,MSMARCO
4,0.0001,-0.016532837691843646,normuon,-3.3062843677808633,0.9004150555373661,0.5,verified-v3-normuon-1e-4,0.6474501707426858,1563,NFCorpus
4,0.0001,0.38537939306980507,normuon,0.9463487001033064,1.0,0.5,verified-v3-normuon-1e-4,1.0,1563,NQ
4,0.0001,0.47161735823184303,normuon,0.9716710697293834,1.0,0.5,verified-v3-normuon-1e-4,1.0,1563,QuoraRetrieval
4,0.0001,0.10663201494095337,normuon,1.1179940439300495,1.033597809738086,0.5,verified-v3-normuon-1e-4,0.8871679030925075,1563,SCIDOCS
4,0.0001,0.24733681048646053,normuon,0.9352538495909516,1.0,0.5,verified-v3-normuon-1e-4,1.0,1563,SciFact
4,0.0001,0.07823006920791217,normuon,1.0411879430805302,0.9521586977028744,0.5,verified-v3-normuon-1e-4,0.8674953875871159,1563,TRECCOVID
4,0.0001,0.27718479916750216,normuon,0.9429773039878396,1.0,0.5,verified-v3-normuon-1e-4,1.0,1563,Touche2020
5,0.0001,0.2253213556374423,normuon,0.9549801088010703,1.0,0.5,verified-v3-normuon-1e-4,1.0,1563,ArguAna
5,0.0001,0.007325126225330429,normuon,0.6764200161250323,0.9540253802285028,0.5,verified-v3-normuon-1e-4,0.7310909729188617,1563,ClimateFEVER
5,0.0001,0.28029395100019916,normuon,0.9586433736713396,1.0,0.5,verified-v3-normuon-1e-4,1.0,1563,DBPedia
5,0.0001,0.3703060599390193,normuon,0.9368683826189464,1.0,0.5,verified-v3-normuon-1e-4,1.0,1563,FEVER
5,0.0001,0.20940840890196927,normuon,0.9701107010609481,1.0236115350940154,0.5,verified-v3-normuon-1e-4,1.0,1563,FiQA2018
5,0.0001,0.2784587760999989,normuon,0.9351672494113088,1.0,0.5,verified-v3-normuon-1e-4,1.0,1563,HotpotQA
5,0.0001,0.3995190782256187,normuon,0.9611492125271294,1.0,0.5,verified-v3-normuon-1e-4,1.0,1563,MSMARCO
5,0.0001,-0.017313469333199674,normuon,-3.4623973255753904,0.8973013606669076,0.5,verified-v3-normuon-1e-4,0.645211245190385,1563,NFCorpus
5,0.0001,0.38409399195838023,normuon,0.9431922322361004,1.0,0.5,verified-v3-normuon-1e-4,1.0,1563,NQ
5,0.0001,0.4863709564663911,normuon,1.0020678401804695,1.0,0.5,verified-v3-normuon-1e-4,1.0,1563,QuoraRetrieval
5,0.0001,0.09148258201352255,normuon,0.9591582966062825,0.9968089374117028,0.5,verified-v3-normuon-1e-4,0.8555909140437343,1563,SCIDOCS
5,0.0001,0.2575558765131603,normuon,0.9738951695865382,1.0,0.5,verified-v3-normuon-1e-4,1.0,1563,SciFact
5,0.0001,0.07418686098253807,normuon,0.9873756468848652,0.9657001527282164,0.5,verified-v3-normuon-1e-4,0.8798327739955403,1563,TRECCOVID
5,0.0001,0.2702164191710869,normuon,0.9192710105622337,1.0,0.5,verified-v3-normuon-1e-4,1.0,1563,Touche2020
6,0.0001,0.21900797392827526,normuon,0.9282220860896131,1.0,0.5,verified-v3-normuon-1e-4,1.0,1563,ArguAna
6,0.0001,0.02698129798295463,normuon,2.491518842855326,1.0349312039861789,0.5,verified-v3-normuon-1e-4,0.7930909140437343,1563,ClimateFEVER
6,0.0001,0.2668975944959172,normuon,0.9128260153289909,1.0,0.5,verified-v3-normuon-1e-4,1.0,1563,DBPedia
6,0.0001,0.38301303205237613,normuon,0.969016817926176,1.0,0.5,verified-v3-normuon-1e-4,1.0,1563,FEVER
6,0.0001,0.21002105758170844,normuon,0.972948872857975,1.0,0.5,verified-v3-normuon-1e-4,0.9769331095982161,1563,FiQA2018
6,0.0001,0.26847528415357624,normuon,0.9016390021288341,0.9769331095982161,0.5,verified-v3-normuon-1e-4,0.9769331095982161,1563,HotpotQA
6,0.0001,0.3903372572335936,normuon,0.9390599044138725,1.0,0.5,verified-v3-normuon-1e-4,1.0,1563,MSMARCO
6,0.0001,-0.003247836307859804,normuon,-0.6495116333892053,0.9710268869512478,0.5,verified-v3-normuon-1e-4,0.6982241355095091,1563,NFCorpus
6,0.0001,0.37630906333011915,normuon,0.9240753380268206,1.0,0.5,verified-v3-normuon-1e-4,1.0,1563,NQ
6,0.0001,0.4611190386103882,normuon,0.9500414301945187,1.0,0.5,verified-v3-normuon-1e-4,1.0,1563,QuoraRetrieval
6,0.0001,0.09563445917153524,normuon,1.0026890686390322,1.0227527123142963,0.5,verified-v3-normuon-1e-4,0.8778592317218361,1563,SCIDOCS
6,0.0001,0.2650945177581237,normuon,1.0024010083703818,1.0,0.5,verified-v3-normuon-1e-4,1.0,1563,SciFact
6,0.0001,0.08228842808622042,normuon,1.0952018839548276,1.025318106170117,0.5,verified-v3-normuon-1e-4,0.9341496643973242,1563,TRECCOVID
6,0.0001,0.2800061622667036,normuon,0.9525755264619661,0.9769331095982161,0.5,verified-v3-normuon-1e-4,0.9769331095982161,1563,Touche2020
7,0.0001,0.22796609872930607,normuon,0.9661893305744513,1.0,0.5,verified-v3-normuon-1e-4,1.0,1563,ArguAna
7,0.0001,-0.003718599471747828,normuon,-0.34338454209077307,0.9247983217168223,0.5,verified-v3-normuon-1e-4,0.7086936247081221,1563,ClimateFEVER
7,0.0001,0.2889241293523547,normuon,0.988159755531788,1.0,0.5,verified-v3-normuon-1e-4,1.0,1563,DBPedia
7,0.0001,0.3738150640243316,normuon,0.9457461065820681,1.0,0.5,verified-v3-normuon-1e-4,1.0,1563,FEVER
7,0.0001,0.20249145904193935,normuon,0.9380670638779814,1.0,0.5,verified-v3-normuon-1e-4,0.9769331095982161,1563,FiQA2018
7,0.0001,0.28154886486385633,normuon,0.945544906923872,1.0,0.5,verified-v3-normuon-1e-4,1.0,1563,HotpotQA
7,0.0001,0.3945969247724381,normuon,0.9493076655940675,1.0,0.5,verified-v3-normuon-1e-4,1.0,1563,MSMARCO
7,0.0001,-0.010357643055685588,normuon,-2.071351207842677,0.9392079158053546,0.5,verified-v3-normuon-1e-4,0.6753444666561597,1563,NFCorpus
7,0.0001,0.39375488361140465,normuon,0.9669157950993137,1.0,0.5,verified-v3-normuon-1e-4,1.0,1563,NQ
7,0.0001,0.49364162186687527,normuon,1.0170475585984244,1.0,0.5,verified-v3-normuon-1e-4,1.0,1563,QuoraRetrieval
7,0.0001,0.09099223419212463,normuon,0.9540171957457153,1.0304067471497889,0.5,verified-v3-normuon-1e-4,0.8844289186650792,1563,SCIDOCS
7,0.0001,0.23854407972667252,normuon,0.9020059263427513,1.0,0.5,verified-v3-normuon-1e-4,1.0,1563,SciFact
7,0.0001,0.06495242042555947,normuon,0.8644716501688872,1.025318106170117,0.5,verified-v3-normuon-1e-4,0.9341496643973242,1563,TRECCOVID
7,0.0001,0.2781293717371187,normuon,0.9461907215265829,1.0,0.5,verified-v3-normuon-1e-4,1.0,1563,Touche2020
8,0.0001,0.21813015256364887,normuon,0.9245016134343371,0.9769331095982161,0.5,verified-v3-normuon-1e-4,0.9769331095982161,1563,ArguAna
8,0.0001,0.0033069946440619988,normuon,0.3053759487074105,0.9647108027068393,0.5,verified-v3-normuon-1e-4,0.7392794510009281,1563,ClimateFEVER
8,0.0001,0.27763562966746586,normuon,0.949551553738657,1.0,0.5,verified-v3-normuon-1e-4,1.0,1563,DBPedia
8,0.0001,0.37923559684587543,normuon,0.9594599675388371,1.0,0.5,verified-v3-normuon-1e-4,1.0,1563,FEVER
8,0.0001,0.18912905730776203,normuon,0.8761640630282438,0.9763884649059846,0.5,verified-v3-normuon-1e-4,0.9538662191964322,1563,FiQA2018
8,0.0001,0.2732809507850036,normuon,0.9177782027252114,0.9769331095982161,0.5,verified-v3-normuon-1e-4,0.9769331095982161,1563,HotpotQA
8,0.0001,0.404057460691324,normuon,0.9720674964609849,1.0,0.5,verified-v3-normuon-1e-4,1.0,1563,MSMARCO
8,0.0001,-0.008480300545991798,normuon,-1.6959148605885537,0.8727197541488818,0.5,verified-v3-normuon-1e-4,0.6275356574274427,1563,NFCorpus
8,0.0001,0.3971159556719151,normuon,0.9751693401321211,1.0,0.5,verified-v3-normuon-1e-4,1.0,1563,NQ
8,0.0001,0.4919508334883134,normuon,1.0135640350940254,1.0,0.5,verified-v3-normuon-1e-4,1.0,1563,QuoraRetrieval
8,0.0001,0.09765633413490775,normuon,1.0238876192607518,1.0268741546145255,0.5,verified-v3-normuon-1e-4,0.8813967888729465,1563,SCIDOCS
8,0.0001,0.2755710606332709,normuon,1.042015924706996,0.9769331095982161,0.5,verified-v3-normuon-1e-4,0.9769331095982161,1563,SciFact
8,0.0001,0.06973243995091333,normuon,0.92809039354825,0.9795790840527688,0.5,verified-v3-normuon-1e-4,0.8924776292468072,1563,TRECCOVID
8,0.0001,0.2749644542719569,normuon,0.9354237337711007,1.0,0.5,verified-v3-normuon-1e-4,1.0,1563,Touche2020
9,0.0001,0.23146255007459154,normuon,0.9810083497335191,1.0,0.5,verified-v3-normuon-1e-4,1.0,1563,ArguAna
9,0.0001,0.005183006053621247,normuon,0.47861141644811406,0.9748980466975412,0.5,verified-v3-normuon-1e-4,0.7470861637728045,1563,ClimateFEVER
9,0.0001,0.2748033479400557,normuon,0.9398647656340138,0.9769331095982161,0.5,verified-v3-normuon-1e-4,0.9769331095982161,1563,DBPedia
9,0.0001,0.37017312812131464,normuon,0.9365320672557247,1.0,0.5,verified-v3-normuon-1e-4,1.0,1563,FEVER
9,0.0001,0.210565357769603,normuon,0.9754704116998711,1.0,0.5,verified-v3-normuon-1e-4,0.9769331095982161,1563,FiQA2018
9,0.0001,0.29101255587381203,normuon,0.977327470989587,0.9769331095982161,0.5,verified-v3-normuon-1e-4,0.9769331095982161,1563,HotpotQA
9,0.0001,0.39532628584056995,normuon,0.9510623372843315,1.0,0.5,verified-v3-normuon-1e-4,1.0,1563,MSMARCO
9,0.0001,-0.01443864741068681,normuon,-2.8874821803521824,0.9364707579631295,0.5,verified-v3-normuon-1e-4,0.673376292866306,1563,NFCorpus
9,0.0001,0.38486617922261457,normuon,0.9450884374481214,1.0,0.5,verified-v3-normuon-1e-4,1.0,1563,NQ
9,0.0001,0.4909897767673945,normuon,1.0115839743609198,1.0,0.5,verified-v3-normuon-1e-4,1.0,1563,QuoraRetrieval
9,0.0001,0.06079173883724233,normuon,0.6373770764607888,1.0252085760724468,0.5,verified-v3-normuon-1e-4,0.8799671730120284,1563,SCIDOCS
9,0.0001,0.2558324367761781,normuon,0.9673783327057666,1.0,0.5,verified-v3-normuon-1e-4,1.0,1563,SciFact
9,0.0001,0.06559988173011204,normuon,0.8730889109068227,0.9910182588983335,0.5,verified-v3-normuon-1e-4,0.9028996643973242,1563,TRECCOVID
9,0.0001,0.28020182452222764,normuon,0.9532411656556029,1.0,0.5,verified-v3-normuon-1e-4,1.0,1563,Touche2020
10,0.0001,0.2237492813790435,normuon,0.9483171822352249,1.0,0.5,verified-v3-normuon-1e-4,1.0,1563,ArguAna
10,0.0001,0.008633417692100746,normuon,0.7972308401063078,0.9619715402444845,0.5,verified-v3-normuon-1e-4,0.7371802929489657,1563,ClimateFEVER
10,0.0001,0.29072443910290957,normuon,0.9943170593436143,0.9769331095982161,0.5,verified-v3-normuon-1e-4,0.9769331095982161,1563,DBPedia
10,0.0001,0.3860194101350952,normuon,0.9766229061775049,1.0,0.5,verified-v3-normuon-1e-4,1.0,1563,FEVER
10,0.0001,0.2104902159004792,normuon,0.9751223075730266,1.0,0.5,verified-v3-normuon-1e-4,0.9769331095982161,1563,FiQA2018
10,0.0001,0.2939995487781183,normuon,0.9873588945900702,1.0,0.5,verified-v3-normuon-1e-4,1.0,1563,HotpotQA
10,0.0001,0.39910374001131416,normuon,0.960150006182881,1.0,0.5,verified-v3-normuon-1e-4,1.0,1563,MSMARCO
10,0.0001,-0.013756368409201589,normuon,-2.751038065970741,0.8758581177465092,0.5,verified-v3-normuon-1e-4,0.6297923212122611,1563,NFCorpus
10,0.0001,0.4119787939475442,normuon,1.0116669524459159,1.0,0.5,verified-v3-normuon-1e-4,1.0,1563,NQ
10,0.0001,0.47359975198534293,normuon,0.975755386443912,1.0,0.5,verified-v3-normuon-1e-4,1.0,1563,QuoraRetrieval
10,0.0001,0.0879877612811137,normuon,0.9225164984971506,1.0252085760724468,0.5,verified-v3-normuon-1e-4,0.8799671730120284,1563,SCIDOCS
10,0.0001,0.2612643153097617,normuon,0.987917876735031,1.0,0.5,verified-v3-normuon-1e-4,1.0,1563,SciFact
10,0.0001,0.04631300279929723,normuon,0.6163939340808624,0.9162897110491127,0.5,verified-v3-normuon-1e-4,0.8348157717261977,1563,TRECCOVID
10,0.0001,0.2726926475109401,normuon,0.9276950912873891,1.0,0.5,verified-v3-normuon-1e-4,1.0,1563,Touche2020
11,0.0001,0.22774460791381498,normuon,0.9652505854542752,1.0,0.5,verified-v3-normuon-1e-4,1.0,1563,ArguAna
11,0.0001,-0.004873696664932524,normuon,-0.45004903332344487,0.9908291439040372,0.5,verified-v3-normuon-1e-4,0.759294519648591,1563,ClimateFEVER
11,0.0001,0.2720785046746681,normuon,0.9305454316586084,0.96875,0.5,verified-v3-normuon-1e-4,0.96875,1563,DBPedia
11,0.0001,0.3989870893232884,normuon,1.0094309261957692,1.0,0.5,verified-v3-normuon-1e-4,1.0,1563,FEVER
11,0.0001,0.20939728954525558,normuon,0.9700591892472945,1.0236115350940154,0.5,verified-v3-normuon-1e-4,1.0,1563,FiQA2018
11,0.0001,0.28289609634455404,normuon,0.950069407016022,1.0,0.5,verified-v3-normuon-1e-4,1.0,1563,HotpotQA
11,0.0001,0.4012215599423561,normuon,0.9652449842951546,1.0,0.5,verified-v3-normuon-1e-4,1.0,1563,MSMARCO
11,0.0001,-0.017720572608534515,normuon,-3.5438110078724114,0.9421347006966924,0.5,verified-v3-normuon-1e-4,0.6774489931919725,1563,NFCorpus
11,0.0001,0.39842621827151725,normuon,0.9783868585833552,1.0,0.5,verified-v3-normuon-1e-4,1.0,1563,NQ
11,0.0001,0.4841643919039254,normuon,0.9975216653813137,1.0,0.5,verified-v3-normuon-1e-4,1.0,1563,QuoraRetrieval
11,0.0001,0.08573095471913261,normuon,0.898854783992419,1.0197797727912308,0.5,verified-v3-normuon-1e-4,0.8753074688428424,1563,SCIDOCS
11,0.0001,0.2748810948865139,normuon,1.0394069595494393,1.0,0.5,verified-v3-normuon-1e-4,1.0,1563,SciFact
11,0.0001,0.06629249250198807,normuon,0.8823070797289473,0.9493637876597658,0.5,verified-v3-normuon-1e-4,0.8649489931919725,1563,TRECCOVID
11,0.0001,0.2968762006202904,normuon,1.0099670693337797,1.0,0.5,verified-v3-normuon-1e-4,1.0,1563,Touche2020
12,0.0001,0.21835680302497595,normuon,0.9254622266953643,1.0,0.5,verified-v3-normuon-1e-4,1.0,1563,ArguAna
12,0.0001,-0.001860161572434316,normuon,-0.17177185513474577,0.9560663162315056,0.5,verified-v3-normuon-1e-4,0.7326549877962679,1563,ClimateFEVER
12,0.0001,0.2603250538229813,normuon,0.8903470337390853,0.9769331095982161,0.5,verified-v3-normuon-1e-4,0.9769331095982161,1563,DBPedia
12,0.0001,0.3818833947176197,normuon,0.9661588536170488,1.0,0.5,verified-v3-normuon-1e-4,1.0,1563,FEVER
12,0.0001,0.2129553675141339,normuon,0.986542431400354,1.0236115350940154,0.5,verified-v3-normuon-1e-4,1.0,1563,FiQA2018
12,0.0001,0.2973971738429132,normuon,0.9987693724025352,1.0,0.5,verified-v3-normuon-1e-4,1.0,1563,HotpotQA
12,0.0001,0.39057803366347144,normuon,0.9396391560406034,1.0,0.5,verified-v3-normuon-1e-4,1.0,1563,MSMARCO
12,0.0001,-0.01596768070544751,normuon,-3.193262650378682,0.9331898340468459,0.5,verified-v3-normuon-1e-4,0.6710171200195971,1563,NFCorpus
12,0.0001,0.3749336108685425,normuon,0.9206977374792189,1.0,0.5,verified-v3-normuon-1e-4,1.0,1563,NQ
12,0.0001,0.48373729021053424,normuon,0.9966417097307063,1.0,0.5,verified-v3-normuon-1e-4,1.0,1563,QuoraRetrieval
12,0.0001,0.08775849505293626,normuon,0.9201127337580277,1.0083892336656393,0.5,verified-v3-normuon-1e-4,0.8655306285516415,1563,SCIDOCS
12,0.0001,0.24757655018623725,normuon,0.9361603765113683,0.9769331095982161,0.5,verified-v3-normuon-1e-4,0.9769331095982161,1563,SciFact
12,0.0001,0.07453829043237192,normuon,0.992052929031171,0.9746818938298829,0.5,verified-v3-normuon-1e-4,0.8880158835937564,1563,TRECCOVID
12,0.0001,0.27998689352131556,normuon,0.9525099745643447,1.0,0.5,verified-v3-normuon-1e-4,1.0,1563,Touche2020
13,0.0001,0.21859187716453748,normuon,0.9264585420545529,1.0,0.5,verified-v3-normuon-1e-4,1.0,1563,ArguAna
13,0.0001,0.010009422984358626,normuon,0.9242945238362383,0.9523352078857202,0.5,verified-v3-normuon-1e-4,0.7297957560744319,1563,ClimateFEVER
13,0.0001,0.29133848808122653,normuon,0.9964171902314649,1.0,0.5,verified-v3-normuon-1e-4,1.0,1563,DBPedia
13,0.0001,0.3857270141802953,normuon,0.9758831491092496,1.0,0.5,verified-v3-normuon-1e-4,1.0,1563,FEVER
13,0.0001,0.1992155445939418,normuon,0.9228909796012019,1.0,0.5,verified-v3-normuon-1e-4,0.9769331095982161,1563,FiQA2018
13,0.0001,0.29243576503275975,normuon,0.9821071321414129,1.0,0.5,verified-v3-normuon-1e-4,1.0,1563,HotpotQA
13,0.0001,0.403399116632051,normuon,0.9704836750401095,1.0,0.5,verified-v3-normuon-1e-4,1.0,1563,MSMARCO
13,0.0001,-0.005598586330204675,normuon,-1.1196213747600858,0.9748285524119751,0.5,verified-v3-normuon-1e-4,0.7009577514530869,1563,NFCorpus
13,0.0001,0.4074520351798341,normuon,1.000550913673371,1.0,0.5,verified-v3-normuon-1e-4,1.0,1563,NQ
13,0.0001,0.484683894399933,normuon,0.998591993979725,1.0,0.5,verified-v3-normuon-1e-4,1.0,1563,QuoraRetrieval
13,0.0001,0.08721493879340854,normuon,0.914413763697025,1.0104703923535183,0.5,verified-v3-normuon-1e-4,0.8673169492769113,1563,SCIDOCS
13,0.0001,0.2553963190744397,normuon,0.965729242307037,0.9769331095982161,0.5,verified-v3-normuon-1e-4,0.9769331095982161,1563,SciFact
13,0.0001,0.051743597136009845,normuon,0.6886713768135184,0.9657001527282164,0.5,verified-v3-normuon-1e-4,0.8798327739955403,1563,TRECCOVID
13,0.0001,0.29208894536334695,normuon,0.9936809199155853,1.0,0.5,verified-v3-normuon-1e-4,1.0,1563,Touche2020
14,0.0001,0.22262627162841864,normuon,0.9435575269828304,1.0,0.5,verified-v3-normuon-1e-4,1.0,1563,ArguAna
14,0.0001,0.0053990899278628865,normuon,0.498565128261769,1.0224059240433199,0.5,verified-v3-normuon-1e-4,0.7834925120627381,1563,ClimateFEVER
14,0.0001,0.2984682982773009,normuon,1.0208021092624011,1.0,0.5,verified-v3-normuon-1e-4,1.0,1563,DBPedia
14,0.0001,0.3869643290160269,normuon,0.9790135357659874,1.0,0.5,verified-v3-normuon-1e-4,1.0,1563,FEVER
14,0.0001,0.21249035791485327,normuon,0.9843882161483324,1.0,0.5,verified-v3-normuon-1e-4,0.9769331095982161,1563,FiQA2018
14,0.0001,0.3010740923432504,normuon,1.011117820558592,0.9769331095982161,0.5,verified-v3-normuon-1e-4,0.9769331095982161,1563,HotpotQA
14,0.0001,0.4094455534295568,normuon,0.985029984048251,1.0,0.5,verified-v3-normuon-1e-4,1.0,1563,MSMARCO
14,0.0001,-0.014893125079482148,normuon,-2.9783699299237414,0.9540682922879727,0.5,verified-v3-normuon-1e-4,0.6860299313558028,1563,NFCorpus
14,0.0001,0.3754184530758065,normuon,0.9218883299209804,1.0,0.5,verified-v3-normuon-1e-4,1.0,1563,NQ
14,0.0001,0.47963636777976437,normuon,0.9881925981455799,1.0,0.5,verified-v3-normuon-1e-4,1.0,1563,QuoraRetrieval
14,0.0001,0.09480541055981286,normuon,0.9939968254084476,1.0268741546145255,0.5,verified-v3-normuon-1e-4,0.8813967888729465,1563,SCIDOCS
14,0.0001,0.24659551692345327,normuon,0.9324507987344457,1.0,0.5,verified-v3-normuon-1e-4,1.0,1563,SciFact
14,0.0001,0.07197855278987075,normuon,0.95798459702269,1.0012257706611305,0.5,verified-v3-normuon-1e-4,0.9121995525297655,1563,TRECCOVID
14,0.0001,0.280037592192372,normuon,0.9526824504587378,1.0,0.5,verified-v3-normuon-1e-4,1.0,1563,Touche2020
15,0.0001,0.2254767843355374,normuon,0.9556388626710608,1.0,0.5,verified-v3-normuon-1e-4,1.0,1563,ArguAna
15,0.0001,0.015301421440265299,normuon,1.41297056446195,1.0224059240433199,0.5,verified-v3-normuon-1e-4,0.7834925120627381,1563,ClimateFEVER
15,0.0001,0.28723608930193284,normuon,0.9823864293395735,1.0,0.5,verified-v3-normuon-1e-4,1.0,1563,DBPedia
15,0.0001,0.38205423197332417,normuon,0.9665910691294529,1.0,0.5,verified-v3-normuon-1e-4,1.0,1563,FEVER
15,0.0001,0.20191048766035785,normuon,0.9353756411350379,1.0236115350940154,0.5,verified-v3-normuon-1e-4,1.0,1563,FiQA2018
15,0.0001,0.27242309697918016,normuon,0.9148972133190781,1.0,0.5,verified-v3-normuon-1e-4,1.0,1563,HotpotQA
15,0.0001,0.40886247506029627,normuon,0.9836272342272779,1.0,0.5,verified-v3-normuon-1e-4,1.0,1563,MSMARCO
15,0.0001,-0.039241030482553105,normuon,-7.847533985293095,0.83221153819426,0.5,verified-v3-normuon-1e-4,0.598407922195773,1563,NFCorpus
15,0.0001,0.39229515003260806,normuon,0.9633312314209411,1.0,0.5,verified-v3-normuon-1e-4,1.0,1563,NQ
15,0.0001,0.48474462698855153,normuon,0.9987171210521714,1.0,0.5,verified-v3-normuon-1e-4,1.0,1563,QuoraRetrieval
15,0.0001,0.08656408504597576,normuon,0.9075898223741276,1.0022314861235977,0.5,verified-v3-normuon-1e-4,0.86024524972907,1563,SCIDOCS
15,0.0001,0.2538764183534173,normuon,0.9599820468227235,1.0,0.5,verified-v3-normuon-1e-4,1.0,1563,SciFact
15,0.0001,0.0484194375145687,normuon,0.6444291186413934,0.8971004581846491,0.5,verified-v3-normuon-1e-4,0.8173327739955403,1563,TRECCOVID
15,0.0001,0.2967754463577304,normuon,1.0096243052891443,1.0,0.5,verified-v3-normuon-1e-4,1.0,1563,Touche2020
16,0.0001,0.23511349043715105,normuon,0.996482140110821,1.0,0.5,verified-v3-normuon-1e-4,1.0,1563,ArguAna
16,0.0001,0.000738867593018281,normuon,0.06822883508210736,0.9684991552887664,0.5,verified-v3-normuon-1e-4,0.742182550260423,1563,ClimateFEVER
16,0.0001,0.27038392893550084,normuon,0.9247497525234002,1.0,0.5,verified-v3-normuon-1e-4,1.0,1563,DBPedia
16,0.0001,0.38244799932224777,normuon,0.9675872941962935,1.0,0.5,verified-v3-normuon-1e-4,1.0,1563,FEVER
16,0.0001,0.22923519677522092,normuon,1.0619607809329126,1.0,0.5,verified-v3-normuon-1e-4,0.9769331095982161,1563,FiQA2018
16,0.0001,0.29249506236767425,normuon,0.9823062744574357,1.0,0.5,verified-v3-normuon-1e-4,1.0,1563,HotpotQA
16,0.0001,0.40990232570918966,normuon,0.9861288710371358,1.0,0.5,verified-v3-normuon-1e-4,1.0,1563,MSMARCO
16,0.0001,0.005634806807866755,normuon,1.1268648499166085,0.9522473410799736,0.5,verified-v3-normuon-1e-4,0.6847205627892926,1563,NFCorpus
16,0.0001,0.41023201011767985,normuon,1.0073774999311205,1.0,0.5,verified-v3-normuon-1e-4,1.0,1563,NQ
16,0.0001,0.4881055568127515,normuon,1.0056416292802175,1.0,0.5,verified-v3-normuon-1e-4,1.0,1563,QuoraRetrieval
16,0.0001,0.08260140622338931,normuon,0.8660427192446161,1.0050478436416235,0.5,verified-v3-normuon-1e-4,0.8626626135915756,1563,SCIDOCS
16,0.0001,0.26728729464563866,normuon,1.0106925482398779,1.0,0.5,verified-v3-normuon-1e-4,1.0,1563,SciFact
16,0.0001,0.08051257714302595,normuon,1.0715665400329377,1.0012257706611305,0.5,verified-v3-normuon-1e-4,0.9121995525297655,1563,TRECCOVID
16,0.0001,0.28804633863970597,normuon,0.979928050347011,1.0,0.5,verified-v3-normuon-1e-4,1.0,1563,Touche2020
17,0.0001,0.23085496810983863,normuon,0.9784332334549763,1.0,0.5,verified-v3-normuon-1e-4,1.0,1563,ArguAna
17,0.0001,0.014573106800031951,normuon,1.3457162147707245,0.9807273352824711,0.5,verified-v3-normuon-1e-4,0.7515532779097056,1563,ClimateFEVER
17,0.0001,0.29086303626248167,normuon,0.9947910804495259,1.0,0.5,verified-v3-normuon-1e-4,1.0,1563,DBPedia
17,0.0001,0.39155764029451773,normuon,0.9906345395082802,1.0,0.5,verified-v3-normuon-1e-4,1.0,1563,FEVER
17,0.0001,0.2131356675217477,normuon,0.9873776937840599,1.0,0.5,verified-v3-normuon-1e-4,0.9769331095982161,1563,FiQA2018
17,0.0001,0.2888541656547531,normuon,0.9700788007462446,1.0,0.5,verified-v3-normuon-1e-4,1.0,1563,HotpotQA
17,0.0001,0.39977391428863435,normuon,0.9617622883341191,1.0,0.5,verified-v3-normuon-1e-4,1.0,1563,MSMARCO
17,0.0001,-0.004073954827905136,normuon,-0.8147211878329443,1.0093921474011893,0.5,verified-v3-normuon-1e-4,0.7258109625801404,1563,NFCorpus
17,0.0001,0.39564572033438516,normuon,0.9715589880335453,1.0,0.5,verified-v3-normuon-1e-4,1.0,1563,NQ
17,0.0001,0.4735279631839838,normuon,0.9756074803073086,1.0,0.5,verified-v3-normuon-1e-4,1.0,1563,QuoraRetrieval
17,0.0001,0.0724088261338467,normuon,0.7591775921184084,0.9872751793394375,0.5,verified-v3-normuon-1e-4,0.8474078044455182,1563,SCIDOCS
17,0.0001,0.23750327564244844,normuon,0.8980703373597526,0.9769331095982161,0.5,verified-v3-normuon-1e-4,0.9769331095982161,1563,SciFact
17,0.0001,0.06253629269223558,normuon,0.8323146664112288,0.9493637876597658,0.5,verified-v3-normuon-1e-4,0.8649489931919725,1563,TRECCOVID
17,0.0001,0.274005267741249,normuon,0.9321605998205199,1.0,0.5,verified-v3-normuon-1e-4,1.0,1563,Touche2020
18,0.0001,0.2254363531309216,normuon,0.9554675029875825,1.0,0.5,verified-v3-normuon-1e-4,1.0,1563,ArguAna
18,0.0001,0.012750435615301018,normuon,1.1774063134473907,0.9414814090937361,0.5,verified-v3-normuon-1e-4,0.7214782474597276,1563,ClimateFEVER
18,0.0001,0.2915576816230679,normuon,0.997166861908959,1.0,0.5,verified-v3-normuon-1e-4,1.0,1563,DBPedia
18,0.0001,0.3767593201935239,normuon,0.9531950273901727,1.0,0.5,verified-v3-normuon-1e-4,1.0,1563,FEVER
18,0.0001,0.21430365127134976,normuon,0.9927885248967908,1.0,0.5,verified-v3-normuon-1e-4,0.9769331095982161,1563,FiQA2018
18,0.0001,0.308765600056473,normuon,1.0369487396366002,1.0,0.5,verified-v3-normuon-1e-4,1.0,1563,HotpotQA
18,0.0001,0.42510097311655104,normuon,1.0226932525228511,1.0,0.5,verified-v3-normuon-1e-4,1.0,1563,MSMARCO
18,0.0001,-0.020162282680821146,normuon,-4.032111201289124,0.8887990258372997,0.5,verified-v3-normuon-1e-4,0.6390975778285528,1563,NFCorpus
18,0.0001,0.4089537060536569,normuon,1.004238459777238,1.0,0.5,verified-v3-normuon-1e-4,1.0,1563,NQ
18,0.0001,0.48077060764251156,normuon,0.9905294673076845,1.0,0.5,verified-v3-normuon-1e-4,1.0,1563,QuoraRetrieval
18,0.0001,0.08025487441783401,normuon,0.84144027143421,0.9783302710321379,0.5,verified-v3-normuon-1e-4,0.8397301222062798,1563,SCIDOCS
18,0.0001,0.27637860708901774,normuon,1.0450694974039807,0.96875,0.5,verified-v3-normuon-1e-4,0.96875,1563,SciFact
18,0.0001,0.06600663133184037,normuon,0.8785024658922697,1.0,0.5,verified-v3-normuon-1e-4,0.9110827739955403,1563,TRECCOVID
18,0.0001,0.2751838198319567,normuon,0.9361700111462586,1.0,0.5,verified-v3-normuon-1e-4,1.0,1563,Touche2020
19,0.0001,0.22867619249683324,normuon,0.9691989229029443,1.0,0.5,verified-v3-normuon-1e-4,1.0,1563,ArguAna
19,0.0001,0.012220092512729186,normuon,1.128433138247634,1.0330843410051938,0.5,verified-v3-normuon-1e-4,0.7916756216609542,1563,ClimateFEVER
19,0.0001,0.29340752248784385,normuon,1.003493568857275,1.0,0.5,verified-v3-normuon-1e-4,1.0,1563,DBPedia
19,0.0001,0.38456506678360153,normuon,0.9729434408624872,1.0,0.5,verified-v3-normuon-1e-4,1.0,1563,FEVER
19,0.0001,0.21186867563928166,normuon,0.9815081950863593,1.0,0.5,verified-v3-normuon-1e-4,0.9769331095982161,1563,FiQA2018
19,0.0001,0.3027356318675146,normuon,1.0166978829594135,1.0,0.5,verified-v3-normuon-1e-4,1.0,1563,HotpotQA
19,0.0001,0.4187284778238539,normuon,1.007362523238004,1.0,0.5,verified-v3-normuon-1e-4,1.0,1563,MSMARCO
19,0.0001,-0.011670274732204387,normuon,-2.33385506069724,0.9652691759649609,0.5,verified-v3-normuon-1e-4,0.694084010421381,1563,NFCorpus
19,0.0001,0.4156493167966298,normuon,1.0206803937180662,1.0,0.5,verified-v3-normuon-1e-4,1.0,1563,NQ
19,0.0001,0.48505305422385436,normuon,0.9993525722636873,1.0,0.5,verified-v3-normuon-1e-4,1.0,1563,QuoraRetrieval
19,0.0001,0.08281420694589793,normuon,0.868273849739903,0.9951433588696244,0.5,verified-v3-normuon-1e-4,0.8541612981828164,1563,SCIDOCS
19,0.0001,0.25833659472362075,normuon,0.9768472967298567,1.0,0.5,verified-v3-normuon-1e-4,1.0,1563,SciFact
19,0.0001,0.05844840054686378,normuon,0.7779076582432718,0.9746818938298829,0.5,verified-v3-normuon-1e-4,0.8880158835937564,1563,TRECCOVID
19,0.0001,0.2780357830032265,normuon,0.9458723344713246,1.0,0.5,verified-v3-normuon-1e-4,1.0,1563,Touche2020
0,0.0001,0.21062577075765834,normuon,0.8926957718029692,1.0,0.75,verified-v3-normuon-1e-4,1.0,1563,ArguAna
0,0.0001,-0.013024204823306258,normuon,-1.2026868296319548,0.9343587186475377,0.75,verified-v3-normuon-1e-4,0.7160199705668593,1563,ClimateFEVER
0,0.0001,0.26866007814186177,normuon,0.9188539487266247,1.0,0.75,verified-v3-normuon-1e-4,1.0,1563,DBPedia
0,0.0001,0.3383350375133271,normuon,0.8559822095015936,1.0,0.75,verified-v3-normuon-1e-4,1.0,1563,FEVER
0,0.0001,0.18881835076737186,normuon,0.8747246760365628,1.0,0.75,verified-v3-normuon-1e-4,0.9769331095982161,1563,FiQA2018
0,0.0001,0.23341842936043655,normuon,0.7839051568211938,0.9769331095982161,0.75,verified-v3-normuon-1e-4,0.9769331095982161,1563,HotpotQA
0,0.0001,0.3851856189968152,normuon,0.9266662709070692,1.0,0.75,verified-v3-normuon-1e-4,1.0,1563,MSMARCO
0,0.0001,-0.010076038930125016,normuon,-2.015035205980344,0.8990142381463182,0.75,verified-v3-normuon-1e-4,0.6464429025351679,1563,NFCorpus
0,0.0001,0.3525883171024963,normuon,0.8658259926760555,1.0,0.75,verified-v3-normuon-1e-4,1.0,1563,NQ
0,0.0001,0.42805119706216077,normuon,0.8819119086449481,1.0,0.75,verified-v3-normuon-1e-4,1.0,1563,QuoraRetrieval
0,0.0001,0.046866088613837634,normuon,0.4913722015061074,0.9751329538745197,0.75,verified-v3-normuon-1e-4,0.8369857692950013,1563,SCIDOCS
0,0.0001,0.23131632950347986,normuon,0.8746756587338673,1.0,0.75,verified-v3-normuon-1e-4,1.0,1563,SciFact
0,0.0001,0.040512348512171434,normuon,0.5391912501655205,0.8721257207353792,0.75,verified-v3-normuon-1e-4,0.7945787209204491,1563,TRECCOVID
0,0.0001,0.27920918395011596,normuon,0.949864221705826,1.0,0.75,verified-v3-normuon-1e-4,1.0,1563,Touche2020
1,0.0001,0.20848463845004975,normuon,0.8836210049736427,1.0,0.75,verified-v3-normuon-1e-4,1.0,1563,ArguAna
1,0.0001,-0.0007412315693348607,normuon,-0.06844713041914204,0.9854150928622305,0.75,verified-v3-normuon-1e-4,0.755145611322233,1563,ClimateFEVER
1,0.0001,0.25595323712644147,normuon,0.8753948269858234,0.9769331095982161,0.75,verified-v3-normuon-1e-4,0.9769331095982161,1563,DBPedia
1,0.0001,0.372225580215229,normuon,0.9417247380803531,1.0,0.75,verified-v3-normuon-1e-4,1.0,1563,FEVER
1,0.0001,0.17830890850990072,normuon,0.8260383675467846,1.0236115350940154,0.75,verified-v3-normuon-1e-4,1.0,1563,FiQA2018
1,0.0001,0.25426483931871136,normuon,0.8539150883946179,0.9769331095982161,0.75,verified-v3-normuon-1e-4,0.9769331095982161,1563,HotpotQA
1,0.0001,0.38982433363700647,normuon,0.9378259305242255,1.0,0.75,verified-v3-normuon-1e-4,1.0,1563,MSMARCO
1,0.0001,-0.044594362713904497,normuon,-8.918108740937527,0.8938859689593909,0.75,verified-v3-normuon-1e-4,0.6427553822740711,1563,NFCorpus
1,0.0001,0.3806556117153419,normuon,0.9347488470111129,1.0,0.75,verified-v3-normuon-1e-4,1.0,1563,NQ
1,0.0001,0.4761488768265305,normuon,0.9810073366066387,1.0,0.75,verified-v3-normuon-1e-4,1.0,1563,QuoraRetrieval
1,0.0001,0.052212995194838144,normuon,0.547432379252154,0.9917673483394005,0.75,verified-v3-normuon-1e-4,0.8512635674071718,1563,SCIDOCS
1,0.0001,0.23856286106026914,normuon,0.9020769441363103,1.0,0.75,verified-v3-normuon-1e-4,1.0,1563,SciFact
1,0.0001,0.05883629037589958,normuon,0.7830702027395867,0.9248642132553909,0.75,verified-v3-normuon-1e-4,0.8426278529819244,1563,TRECCOVID
1,0.0001,0.28827669215189666,normuon,0.9807117085221423,1.0,0.75,verified-v3-normuon-1e-4,1.0,1563,Touche2020
2,0.0001,0.20723744474386285,normuon,0.8783350205277349,1.0,0.75,verified-v3-normuon-1e-4,1.0,1563,ArguAna
2,0.0001,0.00010743561317730181,normuon,0.009920866475514567,0.9797611861074107,0.75,verified-v3-normuon-1e-4,0.7508128962018201,1563,ClimateFEVER
2,0.0001,0.2569908811483731,normuon,0.8789437104430112,0.9769331095982161,0.75,verified-v3-normuon-1e-4,0.9769331095982161,1563,DBPedia
2,0.0001,0.366401203659912,normuon,0.9269891589649529,1.0,0.75,verified-v3-normuon-1e-4,1.0,1563,FEVER
2,0.0001,0.19243635067522358,normuon,0.8914855140824101,1.0236115350940154,0.75,verified-v3-normuon-1e-4,1.0,1563,FiQA2018
2,0.0001,0.27702857628652483,normuon,0.93036411106384,1.0,0.75,verified-v3-normuon-1e-4,1.0,1563,HotpotQA
2,0.0001,0.386551525043927,normuon,0.9299523205430422,1.0,0.75,verified-v3-normuon-1e-4,1.0,1563,MSMARCO
2,0.0001,-0.013024366950124038,normuon,-2.6046503117054898,0.9278201221492454,0.75,verified-v3-normuon-1e-4,0.6671559885740932,1563,NFCorpus
2,0.0001,0.38815800029441117,normuon,0.9531719277651637,1.0,0.75,verified-v3-normuon-1e-4,1.0,1563,NQ
2,0.0001,0.489431825436807,normuon,1.0083741344142865,1.0,0.75,verified-v3-normuon-1e-4,1.0,1563,QuoraRetrieval
2,0.0001,0.07232509828161468,normuon,0.7582997390631296,0.9753573315090723,0.75,verified-v3-normuon-1e-4,0.8371783593272861,1563,SCIDOCS
2,0.0001,0.2621108540654233,normuon,0.9911188908845353,0.96875,0.75,verified-v3-normuon-1e-4,0.96875,1563,SciFact
2,0.0001,0.06866916853605678,normuon,0.9139389887421445,0.9356264796172253,0.75,verified-v3-normuon-1e-4,0.8524331684733435,1563,TRECCOVID
2,0.0001,0.26378722997285364,normuon,0.8973990337612471,1.0,0.75,verified-v3-normuon-1e-4,1.0,1563,Touche2020
3,0.0001,0.22237144150695043,normuon,0.9424774797922876,1.0,0.75,verified-v3-normuon-1e-4,1.0,1563,ArguAna
3,0.0001,0.00040831892924041765,normuon,0.03770516550907631,0.9741072793525909,0.75,verified-v3-normuon-1e-4,0.7464801810814071,1563,ClimateFEVER
3,0.0001,0.26524198597754794,normuon,0.9071636093802895,0.9769331095982161,0.75,verified-v3-normuon-1e-4,0.9769331095982161,1563,DBPedia
3,0.0001,0.3573153942775684,normuon,0.9040022071926215,1.0,0.75,verified-v3-normuon-1e-4,1.0,1563,FEVER
3,0.0001,0.20561601410147565,normuon,0.9525419568166373,1.0236115350940154,0.75,verified-v3-normuon-1e-4,1.0,1563,FiQA2018
3,0.0001,0.2811414341446774,normuon,0.9441766043323122,0.9769331095982161,0.75,verified-v3-normuon-1e-4,0.9769331095982161,1563,HotpotQA
3,0.0001,0.4037036694466844,normuon,0.9712163576926072,1.0,0.75,verified-v3-normuon-1e-4,1.0,1563,MSMARCO
3,0.0001,-0.012895926965570886,normuon,-2.5789645146849574,0.9168823263144706,0.75,verified-v3-normuon-1e-4,0.6592910847864203,1563,NFCorpus
3,0.0001,0.3689744928573157,normuon,0.906064356231807,1.0,0.75,verified-v3-normuon-1e-4,1.0,1563,NQ
3,0.0001,0.4711655553359555,normuon,0.9707402223051077,1.0,0.75,verified-v3-normuon-1e-4,1.0,1563,QuoraRetrieval
3,0.0001,0.057101787137507715,normuon,0.5986894081748876,0.9753573315090723,0.75,verified-v3-normuon-1e-4,0.8371783593272861,1563,SCIDOCS
3,0.0001,0.22455039367500848,normuon,0.8490916483424598,0.96875,0.75,verified-v3-normuon-1e-4,0.96875,1563,SciFact
3,0.0001,0.056374787972672105,normuon,0.7503093136076493,0.9431769566012077,0.75,verified-v3-normuon-1e-4,0.8593122779888996,1563,TRECCOVID
3,0.0001,0.28499498221616565,normuon,0.9695473950498307,1.0,0.75,verified-v3-normuon-1e-4,1.0,1563,Touche2020
4,0.0001,0.2098190288976472,normuon,0.8892765556036513,0.9769331095982161,0.75,verified-v3-normuon-1e-4,0.9769331095982161,1563,ArguAna
4,0.0001,0.003819215300564848,normuon,0.35267565305013027,0.9659282691400588,0.75,verified-v3-normuon-1e-4,0.7402124227410984,1563,ClimateFEVER
4,0.0001,0.2600475789581299,normuon,0.889398032022848,1.0,0.75,verified-v3-normuon-1e-4,1.0,1563,DBPedia
4,0.0001,0.34125977226269555,normuon,0.8633817414311588,1.0,0.75,verified-v3-normuon-1e-4,1.0,1563,FEVER
4,0.0001,0.19324893454597175,normuon,0.8952499107112548,1.0,0.75,verified-v3-normuon-1e-4,0.9769331095982161,1563,FiQA2018
4,0.0001,0.2567770583488475,normuon,0.8623520462568743,1.0,0.75,verified-v3-normuon-1e-4,1.0,1563,HotpotQA
4,0.0001,0.37811779038490456,normuon,0.9096627327161388,1.0,0.75,verified-v3-normuon-1e-4,1.0,1563,MSMARCO
4,0.0001,-0.013573802428211188,normuon,-2.714527996720202,0.9338606019110417,0.75,verified-v3-normuon-1e-4,0.6714994406622069,1563,NFCorpus
4,0.0001,0.388020979574717,normuon,0.952835455752644,1.0,0.75,verified-v3-normuon-1e-4,1.0,1563,NQ
4,0.0001,0.4555588793323504,normuon,0.9385858596578192,1.0,0.75,verified-v3-normuon-1e-4,1.0,1563,QuoraRetrieval
4,0.0001,0.08276961579120999,normuon,0.8678063293110647,1.0449883488636778,0.75,verified-v3-normuon-1e-4,0.8969447433837083,1563,SCIDOCS
4,0.0001,0.2204081581650464,normuon,0.8334286271407836,0.9769331095982161,0.75,verified-v3-normuon-1e-4,0.9769331095982161,1563,SciFact
4,0.0001,0.029623273209929857,normuon,0.3942652130191385,0.9218891715746848,0.75,verified-v3-normuon-1e-4,0.8399173437547144,1563,TRECCOVID
4,0.0001,0.24163113024373475,normuon,0.8220244127423476,0.9769331095982161,0.75,verified-v3-normuon-1e-4,0.9769331095982161,1563,Touche2020
5,0.0001,0.23032192685061034,normuon,0.9761740432495332,1.0,0.75,verified-v3-normuon-1e-4,1.0,1563,ArguAna
5,0.0001,-0.012526159921921982,normuon,-1.1566961490808978,0.9542652359415157,0.75,verified-v3-normuon-1e-4,0.7312747797129165,1563,ClimateFEVER
5,0.0001,0.2568432694221905,normuon,0.8784388582951993,0.96875,0.75,verified-v3-normuon-1e-4,0.96875,1563,DBPedia
5,0.0001,0.3466511550819817,normuon,0.8770218533505153,1.0,0.75,verified-v3-normuon-1e-4,1.0,1563,FEVER
5,0.0001,0.2228984190864303,normuon,1.0326048640508076,1.0,0.75,verified-v3-normuon-1e-4,0.9769331095982161,1563,FiQA2018
5,0.0001,0.24763693057882194,normuon,0.8316561268619935,1.0,0.75,verified-v3-normuon-1e-4,1.0,1563,HotpotQA
5,0.0001,0.40098546142958497,normuon,0.9646769866399821,1.0,0.75,verified-v3-normuon-1e-4,1.0,1563,MSMARCO
5,0.0001,-0.020895300233281594,normuon,-4.178702156827544,0.9050669328403146,0.75,verified-v3-normuon-1e-4,0.6507951378615114,1563,NFCorpus
5,0.0001,0.3844535323240505,normuon,0.9440751298788009,1.0,0.75,verified-v3-normuon-1e-4,1.0,1563,NQ
5,0.0001,0.4401594866295222,normuon,0.9068585618398618,1.0,0.75,verified-v3-normuon-1e-4,1.0,1563,QuoraRetrieval
5,0.0001,0.07209333951715555,normuon,0.7558698410776383,1.002081158687879,0.75,verified-v3-normuon-1e-4,0.8601162191964322,1563,SCIDOCS
5,0.0001,0.21938422536824914,normuon,0.8295568335001865,1.0,0.75,verified-v3-normuon-1e-4,1.0,1563,SciFact
5,0.0001,0.023648505559714785,normuon,0.31474520104550285,0.8923448912437751,0.75,verified-v3-normuon-1e-4,0.8130000588751274,1563,TRECCOVID
5,0.0001,0.25224918806598556,normuon,0.8581468392566619,1.0,0.75,verified-v3-normuon-1e-4,1.0,1563,Touche2020
6,0.0001,0.20331270298637144,normuon,0.8617007769604447,0.96875,0.75,verified-v3-normuon-1e-4,0.96875,1563,ArguAna
6,0.0001,-0.01164912830569554,normuon,-1.0757089112175269,0.9879215051280351,0.75,verified-v3-normuon-1e-4,0.7570663310639908,1563,ClimateFEVER
6,0.0001,0.2703750509579098,normuon,0.9247193886344941,1.0,0.75,verified-v3-normuon-1e-4,1.0,1563,DBPedia
6,0.0001,0.33223022128705215,normuon,0.8405371225239785,1.0,0.75,verified-v3-normuon-1e-4,1.0,1563,FEVER
6,0.0001,0.1738299754503777,normuon,0.8052891487682159,1.0,0.75,verified-v3-normuon-1e-4,0.9769331095982161,1563,FiQA2018
6,0.0001,0.2795283033052135,normuon,0.9387591161453345,1.0,0.75,verified-v3-normuon-1e-4,1.0,1563,HotpotQA
6,0.0001,0.39395321794791277,normuon,0.9477590579274733,1.0,0.75,verified-v3-normuon-1e-4,1.0,1563,MSMARCO
6,0.0001,-0.03859410951752344,normuon,-7.718160872598564,0.9213547596393938,0.75,verified-v3-normuon-1e-4,0.662507021372608,1563,NFCorpus
6,0.0001,0.3626809501371544,normuon,0.8906097520693306,1.0,0.75,verified-v3-normuon-1e-4,1.0,1563,NQ
6,0.0001,0.44866763260847264,normuon,0.9243878557907357,1.0,0.75,verified-v3-normuon-1e-4,1.0,1563,QuoraRetrieval
6,0.0001,0.0627663306694676,normuon,0.658079882356778,0.9846792210854269,0.75,verified-v3-normuon-1e-4,0.8451796158609179,1563,SCIDOCS
6,0.0001,0.22261992139406728,normuon,0.8417919599995565,0.9538662191964322,0.75,verified-v3-normuon-1e-4,0.9538662191964322,1563,SciFact
6,0.0001,0.027376178287775457,normuon,0.3643579386987419,0.8971004581846491,0.75,verified-v3-normuon-1e-4,0.8173327739955403,1563,TRECCOVID
6,0.0001,0.27334941992470896,normuon,0.9299294182848632,0.9769331095982161,0.75,verified-v3-normuon-1e-4,0.9769331095982161,1563,Touche2020
7,0.0001,0.20942964736677677,normuon,0.8876262388120459,1.0,0.75,verified-v3-normuon-1e-4,1.0,1563,ArguAna
7,0.0001,-0.0050681517947658294,normuon,-0.4680054941421806,1.0232107024211958,0.75,verified-v3-normuon-1e-4,0.7841092317218361,1563,ClimateFEVER
7,0.0001,0.26476364764194665,normuon,0.90552762731874,1.0,0.75,verified-v3-normuon-1e-4,1.0,1563,DBPedia
7,0.0001,0.38036869245013827,normuon,0.9623266812142578,1.0,0.75,verified-v3-normuon-1e-4,1.0,1563,FEVER
7,0.0001,0.17882195557294292,normuon,0.8284151223705993,1.0,0.75,verified-v3-normuon-1e-4,0.9769331095982161,1563,FiQA2018
7,0.0001,0.31155786489796217,normuon,1.046326194597853,1.0,0.75,verified-v3-normuon-1e-4,1.0,1563,HotpotQA
7,0.0001,0.36781796394683464,normuon,0.8848837656788591,1.0,0.75,verified-v3-normuon-1e-4,1.0,1563,MSMARCO
7,0.0001,-0.03793031803598503,normuon,-7.585413945556556,0.8562724031678417,0.75,verified-v3-normuon-1e-4,0.6157090668618461,1563,NFCorpus
7,0.0001,0.399354554917552,normuon,0.9806665086996604,1.0,0.75,verified-v3-normuon-1e-4,1.0,1563,NQ
7,0.0001,0.4501492294691667,normuon,0.927440382974925,1.0,0.75,verified-v3-normuon-1e-4,1.0,1563,QuoraRetrieval
7,0.0001,0.08588989779393712,normuon,0.9005212385844453,1.0168130878374866,0.75,verified-v3-normuon-1e-4,0.8727610744476991,1563,SCIDOCS
7,0.0001,0.24625459245695247,normuon,0.9311616621959438,0.9769331095982161,0.75,verified-v3-normuon-1e-4,0.9769331095982161,1563,SciFact
7,0.0001,0.04254950156787121,normuon,0.5663043439065873,0.9567184116265498,0.75,verified-v3-normuon-1e-4,0.8716496643973242,1563,TRECCOVID
7,0.0001,0.25081447191814776,normuon,0.8532659627831352,0.9769331095982161,0.75,verified-v3-normuon-1e-4,0.9769331095982161,1563,Touche2020
8,0.0001,0.2243045298430817,normuon,0.9506704932966584,1.0,0.75,verified-v3-normuon-1e-4,1.0,1563,ArguAna
8,0.0001,0.013454913657540635,normuon,1.2424595335603257,0.9885740488963917,0.75,verified-v3-normuon-1e-4,0.7575663899391181,1563,ClimateFEVER
8,0.0001,0.29395616952479964,normuon,1.0053700162247095,1.0,0.75,verified-v3-normuon-1e-4,1.0,1563,DBPedia
8,0.0001,0.3597640239717249,normuon,0.9101972009812052,1.0,0.75,verified-v3-normuon-1e-4,1.0,1563,FEVER
8,0.0001,0.17445323092168358,normuon,0.8081764578566091,1.0,0.75,verified-v3-normuon-1e-4,0.9769331095982161,1563,FiQA2018
8,0.0001,0.2732561498149858,normuon,0.9176949119227483,1.0,0.75,verified-v3-normuon-1e-4,1.0,1563,HotpotQA
8,0.0001,0.39316603430824953,normuon,0.9458652786898538,1.0,0.75,verified-v3-normuon-1e-4,1.0,1563,MSMARCO
8,0.0001,-0.02275131217057602,normuon,-4.549872754946864,0.8698278210558003,0.75,verified-v3-normuon-1e-4,0.6254561913374685,1563,NFCorpus
8,0.0001,0.4013498780367652,normuon,0.985566281427808,1.0,0.75,verified-v3-normuon-1e-4,1.0,1563,NQ
8,0.0001,0.4704522286291273,normuon,0.9692705585783761,1.0,0.75,verified-v3-normuon-1e-4,1.0,1563,QuoraRetrieval
8,0.0001,0.054407356668160656,normuon,0.5704393819685768,1.0033822650995448,0.75,verified-v3-normuon-1e-4,0.8612329977306574,1563,SCIDOCS
8,0.0001,0.23914338239346128,normuon,0.9042720675009636,1.0,0.75,verified-v3-normuon-1e-4,1.0,1563,SciFact
8,0.0001,0.06737480596285728,normuon,0.8967119209556096,0.9759076644910135,0.75,verified-v3-normuon-1e-4,0.8891326621279816,1563,TRECCOVID
8,0.0001,0.27014664976884434,normuon,0.9190336564106889,0.9456831095982161,0.75,verified-v3-normuon-1e-4,0.9456831095982161,1563,Touche2020
9,0.0001,0.226310028844559,normuon,0.9591704051191,1.0,0.75,verified-v3-normuon-1e-4,1.0,1563,ArguAna
9,0.0001,0.009921446504985918,normuon,0.9161705612224438,1.0224059240433199,0.75,verified-v3-normuon-1e-4,0.7834925120627381,1563,ClimateFEVER
9,0.0001,0.28129899026320604,normuon,0.9620807444255888,0.9644172848795871,0.75,verified-v3-normuon-1e-4,0.9644172848795871,1563,DBPedia
9,0.0001,0.36395894092334574,normuon,0.9208102734767862,1.0,0.75,verified-v3-normuon-1e-4,1.0,1563,FEVER
9,0.0001,0.18683586769363889,normuon,0.8655405747171124,1.0236115350940154,0.75,verified-v3-normuon-1e-4,1.0,1563,FiQA2018
9,0.0001,0.24692337001375447,normuon,0.8292597273652045,1.0,0.75,verified-v3-normuon-1e-4,1.0,1563,HotpotQA
9,0.0001,0.4002149275269229,normuon,0.9628232627651216,1.0,0.75,verified-v3-normuon-1e-4,1.0,1563,MSMARCO
9,0.0001,-0.027159196467288482,normuon,-5.431374117075217,0.8508339794082449,0.75,verified-v3-normuon-1e-4,0.6117985276387756,1563,NFCorpus
9,0.0001,0.37655319058302184,normuon,0.9246748239168261,1.0,0.75,verified-v3-normuon-1e-4,1.0,1563,NQ
9,0.0001,0.45585835957525117,normuon,0.939202877422121,1.0,0.75,verified-v3-normuon-1e-4,1.0,1563,QuoraRetrieval
9,0.0001,0.040651477976466746,normuon,0.42621449364724034,0.921458694844303,0.75,verified-v3-normuon-1e-4,0.7909155479910805,1563,SCIDOCS
9,0.0001,0.23896900042792665,normuon,0.90361267756121,0.9769331095982161,0.75,verified-v3-normuon-1e-4,0.9769331095982161,1563,SciFact
9,0.0001,0.038328996856962325,normuon,0.5101323545014128,0.9013266323454417,0.75,verified-v3-normuon-1e-4,0.8211831684733435,1563,TRECCOVID
9,0.0001,0.2693914145633885,normuon,0.9164643609079903,1.0,0.75,verified-v3-normuon-1e-4,1.0,1563,Touche2020
10,0.0001,0.217156001385523,normuon,0.9203728658709137,1.0,0.75,verified-v3-normuon-1e-4,1.0,1563,ArguAna
10,0.0001,0.008339846305697073,normuon,0.7701217424858007,0.9440065125514483,0.75,verified-v3-normuon-1e-4,0.7234132906796232,1563,ClimateFEVER
10,0.0001,0.24012095093250083,normuon,0.8212462583287757,0.9644172848795871,0.75,verified-v3-normuon-1e-4,0.9644172848795871,1563,DBPedia
10,0.0001,0.351436568312937,normuon,0.8891288719463945,1.0,0.75,verified-v3-normuon-1e-4,1.0,1563,FEVER
10,0.0001,0.15570486803653577,normuon,0.7213223169096227,1.0,0.75,verified-v3-normuon-1e-4,0.9769331095982161,1563,FiQA2018
10,0.0001,0.27751313438779784,normuon,0.9319914358445276,1.0,0.75,verified-v3-normuon-1e-4,1.0,1563,HotpotQA
10,0.0001,0.3740472410119197,normuon,0.899869945493628,1.0,0.75,verified-v3-normuon-1e-4,1.0,1563,MSMARCO
10,0.0001,-0.027868869096115648,normuon,-5.573296487733388,0.835912357064726,0.75,verified-v3-normuon-1e-4,0.6010690236454161,1563,NFCorpus
10,0.0001,0.3640921060059006,normuon,0.8940750269284593,1.0,0.75,verified-v3-normuon-1e-4,1.0,1563,NQ
10,0.0001,0.45639428314419495,normuon,0.9403070382814269,1.0,0.75,verified-v3-normuon-1e-4,1.0,1563,QuoraRetrieval
10,0.0001,0.06617436583692118,normuon,0.6938117685152371,0.9781736890270981,0.75,verified-v3-normuon-1e-4,0.8395957231897917,1563,SCIDOCS
10,0.0001,0.24063419988445933,normuon,0.9099092906654055,0.9616783004521589,0.75,verified-v3-normuon-1e-4,0.9616783004521589,1563,SciFact
10,0.0001,0.04269715679106979,normuon,0.5682695324802883,0.867026785073658,0.75,verified-v3-normuon-1e-4,0.7899331684733435,1563,TRECCOVID
10,0.0001,0.2504368587166791,normuon,0.8519813300047844,0.9769331095982161,0.75,verified-v3-normuon-1e-4,0.9769331095982161,1563,Touche2020
11,0.0001,0.20684331955624669,normuon,0.8766645986829608,1.0,0.75,verified-v3-normuon-1e-4,1.0,1563,ArguAna
11,0.0001,-0.014829670777750404,normuon,-1.3694079580399798,0.9557340196328943,0.75,verified-v3-normuon-1e-4,0.7324003414853718,1563,ClimateFEVER
11,0.0001,0.2612555068378709,normuon,0.893529309396671,0.9769331095982161,0.75,verified-v3-normuon-1e-4,0.9769331095982161,1563,DBPedia
11,0.0001,0.35419837552517414,normuon,0.8961161998244745,1.0,0.75,verified-v3-normuon-1e-4,1.0,1563,FEVER
11,0.0001,0.22550196744702056,normuon,1.0446661281546799,0.968012139528312,0.75,verified-v3-normuon-1e-4,0.9456831095982161,1563,FiQA2018
11,0.0001,0.23536180178183175,normuon,0.7904317180140265,0.96875,0.75,verified-v3-normuon-1e-4,0.96875,1563,HotpotQA
11,0.0001,0.39758855589884684,normuon,0.9565048285282882,1.0,0.75,verified-v3-normuon-1e-4,1.0,1563,MSMARCO
11,0.0001,0.01108132429635295,normuon,2.2160750609326505,1.027599442592096,0.75,verified-v3-normuon-1e-4,0.7389030541745883,1563,NFCorpus
11,0.0001,0.3658274824647835,normuon,0.8983364671756193,1.0,0.75,verified-v3-normuon-1e-4,1.0,1563,NQ
11,0.0001,0.4558300706817459,normuon,0.9391445939452008,1.0,0.75,verified-v3-normuon-1e-4,1.0,1563,QuoraRetrieval
11,0.0001,0.06968248135877209,normuon,0.7305929571762566,0.9899389332229611,0.75,verified-v3-normuon-1e-4,0.8496941840459152,1563,SCIDOCS
11,0.0001,0.2235411518136769,normuon,0.845275405486727,0.96875,0.75,verified-v3-normuon-1e-4,0.96875,1563,SciFact
11,0.0001,0.06294458414986041,normuon,0.837748742428878,0.9469958918666118,0.75,verified-v3-normuon-1e-4,0.8627916441242134,1563,TRECCOVID
11,0.0001,0.26344239363691413,normuon,0.8962259072429174,1.0,0.75,verified-v3-normuon-1e-4,1.0,1563,Touche2020
12,0.0001,0.21693357902432958,normuon,0.9194301725780771,1.0,0.75,verified-v3-normuon-1e-4,1.0,1563,ArguAna
12,0.0001,-0.004929631208488595,normuon,-0.45521416545772925,0.9656839573983627,0.75,verified-v3-normuon-1e-4,0.740025201192664,1563,ClimateFEVER
12,0.0001,0.2656937979822086,normuon,0.9087088677879988,1.0,0.75,verified-v3-normuon-1e-4,1.0,1563,DBPedia
12,0.0001,0.39620936253140127,normuon,1.002403322036925,1.0,0.75,verified-v3-normuon-1e-4,1.0,1563,FEVER
12,0.0001,0.1871303568785062,normuon,0.8669048327766837,0.9763884649059846,0.75,verified-v3-normuon-1e-4,0.9538662191964322,1563,FiQA2018
12,0.0001,0.2591567603137547,normuon,0.8703439629495691,0.9769331095982161,0.75,verified-v3-normuon-1e-4,0.9769331095982161,1563,HotpotQA
12,0.0001,0.36511374620796044,normuon,0.8783780519548375,1.0,0.75,verified-v3-normuon-1e-4,1.0,1563,MSMARCO
12,0.0001,-0.035966563057161775,normuon,-7.1926965845291555,0.8401169536163317,0.75,verified-v3-normuon-1e-4,0.604092370199319,1563,NFCorpus
12,0.0001,0.4096462375078466,normuon,1.0059390598955595,1.0,0.75,verified-v3-normuon-1e-4,1.0,1563,NQ
12,0.0001,0.4572805801710811,normuon,0.9421330719614448,1.0,0.75,verified-v3-normuon-1e-4,1.0,1563,QuoraRetrieval
12,0.0001,0.06841700217161839,normuon,0.7173249138523196,1.0009366342812531,0.75,verified-v3-normuon-1e-4,0.8591338396786952,1563,SCIDOCS
12,0.0001,0.26332686128031685,normuon,0.9957169748762501,1.0,0.75,verified-v3-normuon-1e-4,1.0,1563,SciFact
12,0.0001,0.07432667790528537,normuon,0.9892365131179783,0.9684950627713249,0.75,verified-v3-normuon-1e-4,0.8823791683906836,1563,TRECCOVID
12,0.0001,0.24743250098607836,normuon,0.8417605633482951,0.9769331095982161,0.75,verified-v3-normuon-1e-4,0.9769331095982161,1563,Touche2020
13,0.0001,0.19718013097428166,normuon,0.8357090804753615,1.0,0.75,verified-v3-normuon-1e-4,1.0,1563,ArguAna
13,0.0001,-0.013536663155156671,normuon,-1.2500084814957804,0.992770633504979,0.75,verified-v3-normuon-1e-4,0.7607823265253058,1563,ClimateFEVER
13,0.0001,0.23882392016736864,normuon,0.8168102369875911,0.9538662191964322,0.75,verified-v3-normuon-1e-4,0.9538662191964322,1563,DBPedia
13,0.0001,0.33065621896908537,normuon,0.8365549219461245,1.0,0.75,verified-v3-normuon-1e-4,1.0,1563,FEVER
13,0.0001,0.19658875617478416,normuon,0.9107220530131549,1.0,0.75,verified-v3-normuon-1e-4,0.9769331095982161,1563,FiQA2018
13,0.0001,0.266736443530577,normuon,0.8957993341343483,0.9769331095982161,0.75,verified-v3-normuon-1e-4,0.9769331095982161,1563,HotpotQA
13,0.0001,0.4098881431509689,normuon,0.9860947511279539,1.0,0.75,verified-v3-normuon-1e-4,1.0,1563,MSMARCO
13,0.0001,-0.04860079195401241,normuon,-9.719325967773544,0.898854475101589,0.75,verified-v3-normuon-1e-4,0.6463280237246103,1563,NFCorpus
13,0.0001,0.38570536939529554,normuon,0.9471491769254714,1.0,0.75,verified-v3-normuon-1e-4,1.0,1563,NQ
13,0.0001,0.5105459804510957,normuon,1.05187553068622,1.0,0.75,verified-v3-normuon-1e-4,1.0,1563,QuoraRetrieval
13,0.0001,0.057589243605717,normuon,0.6038001943532688,0.9970333150462557,0.75,verified-v3-normuon-1e-4,0.8557835040760193,1563,SCIDOCS
13,0.0001,0.23270073837137495,normuon,0.8799105193296686,0.9769331095982161,0.75,verified-v3-normuon-1e-4,0.9769331095982161,1563,SciFact
13,0.0001,0.05429253439321608,normuon,0.7225959631873148,0.9759076644910135,0.75,verified-v3-normuon-1e-4,0.8891326621279816,1563,TRECCOVID
13,0.0001,0.28664010248763816,normuon,0.9751440622660276,1.0,0.75,verified-v3-normuon-1e-4,1.0,1563,Touche2020
14,0.0001,0.2312973837253508,normuon,0.9803083247504367,1.0,0.75,verified-v3-normuon-1e-4,1.0,1563,ArguAna
14,0.0001,0.0084784815176222,normuon,0.7829236559820641,0.9891576627531621,0.75,verified-v3-normuon-1e-4,0.7580136262822991,1563,ClimateFEVER
14,0.0001,0.2553779637106348,normuon,0.8734273137871104,1.0,0.75,verified-v3-normuon-1e-4,1.0,1563,DBPedia
14,0.0001,0.3504680143786924,normuon,0.8866784460527313,1.0,0.75,verified-v3-normuon-1e-4,1.0,1563,FEVER
14,0.0001,0.18637922143798152,normuon,0.8634251037026701,0.9635771223527811,0.75,verified-v3-normuon-1e-4,0.9413503944778032,1563,FiQA2018
14,0.0001,0.236283311877856,normuon,0.793526488715361,0.9769331095982161,0.75,verified-v3-normuon-1e-4,0.9769331095982161,1563,HotpotQA
14,0.0001,0.3844921434237407,normuon,0.9249979313025437,1.0,0.75,verified-v3-normuon-1e-4,1.0,1563,MSMARCO
14,0.0001,-0.03532312658955791,normuon,-7.064020311638124,0.780657213813506,0.75,verified-v3-normuon-1e-4,0.5613374001986452,1563,NFCorpus
14,0.0001,0.3753780008560007,normuon,0.9217889942888269,1.0,0.75,verified-v3-normuon-1e-4,1.0,1563,NQ
14,0.0001,0.44916968531340495,normuon,0.9254222326650116,1.0,0.75,verified-v3-normuon-1e-4,1.0,1563,QuoraRetrieval
14,0.0001,0.06253529827747789,normuon,0.6556576000962164,0.9161927281374478,0.75,verified-v3-normuon-1e-4,0.786395611322233,1563,SCIDOCS
14,0.0001,0.21862809227939015,normuon,0.8266976699944891,1.0,0.75,verified-v3-normuon-1e-4,1.0,1563,SciFact
14,0.0001,0.052546704618922316,normuon,0.6993601801940176,0.9266447385155588,0.75,verified-v3-normuon-1e-4,0.8442500588751274,1563,TRECCOVID
14,0.0001,0.27280993934171327,normuon,0.9280941158179351,0.9769331095982161,0.75,verified-v3-normuon-1e-4,0.9769331095982161,1563,Touche2020
15,0.0001,0.21134803578907974,normuon,0.8957569496320245,1.0,0.75,verified-v3-normuon-1e-4,1.0,1563,ArguAna
15,0.0001,-0.022460341470892507,normuon,-2.074042695316082,0.8552997578708469,0.75,verified-v3-normuon-1e-4,0.6554353218247668,1563,ClimateFEVER
15,0.0001,0.268428587377392,normuon,0.9180622188778957,0.9769331095982161,0.75,verified-v3-normuon-1e-4,0.9769331095982161,1563,DBPedia
15,0.0001,0.33882033995403527,normuon,0.857210016880123,1.0,0.75,verified-v3-normuon-1e-4,1.0,1563,FEVER
15,0.0001,0.22491945557777643,normuon,1.0419675689095576,1.0236115350940154,0.75,verified-v3-normuon-1e-4,1.0,1563,FiQA2018
15,0.0001,0.26501342298907477,normuon,0.8900127958070477,0.9769331095982161,0.75,verified-v3-normuon-1e-4,0.9769331095982161,1563,HotpotQA
15,0.0001,0.4102744103703967,normuon,0.9870240194758559,1.0,0.75,verified-v3-normuon-1e-4,1.0,1563,MSMARCO
15,0.0001,0.0023720992720718675,normuon,0.47437922565131,1.0369990559943811,0.75,verified-v3-normuon-1e-4,0.7456619163957368,1563,NFCorpus
15,0.0001,0.39572939358362985,normuon,0.9717644584662672,1.0,0.75,verified-v3-normuon-1e-4,1.0,1563,NQ
15,0.0001,0.46301785517575333,normuon,0.9539535532134963,1.0,0.75,verified-v3-normuon-1e-4,1.0,1563,QuoraRetrieval
15,0.0001,0.058460070445092736,normuon,0.6129304655973751,0.9785483940973695,0.75,verified-v3-normuon-1e-4,0.8399173437547144,1563,SCIDOCS
15,0.0001,0.2272199836934269,normuon,0.8591861601001105,0.9644172848795871,0.75,verified-v3-normuon-1e-4,0.9644172848795871,1563,SciFact
15,0.0001,0.05593266153083263,normuon,0.7444249174257039,0.9493637876597658,0.75,verified-v3-normuon-1e-4,0.8649489931919725,1563,TRECCOVID
15,0.0001,0.297437827133445,normuon,1.0118777118250464,0.9769331095982161,0.75,verified-v3-normuon-1e-4,0.9769331095982161,1563,Touche2020
16,0.0001,0.22540093903877206,normuon,0.9553174073453901,1.0,0.75,verified-v3-normuon-1e-4,1.0,1563,ArguAna
16,0.0001,-0.009213099792296777,normuon,-0.8507600986474199,1.0414130363394654,0.75,verified-v3-normuon-1e-4,0.7980580870557628,1563,ClimateFEVER
16,0.0001,0.2630368036179097,normuon,0.8996215862675516,0.9769331095982161,0.75,verified-v3-normuon-1e-4,0.9769331095982161,1563,DBPedia
16,0.0001,0.363933727311077,normuon,0.9207464834428071,1.0,0.75,verified-v3-normuon-1e-4,1.0,1563,FEVER
16,0.0001,0.20952017473606638,normuon,0.9706284702959045,1.0236115350940154,0.75,verified-v3-normuon-1e-4,1.0,1563,FiQA2018
16,0.0001,0.27013984045123296,normuon,0.9072291959671165,0.9769331095982161,0.75,verified-v3-normuon-1e-4,0.9769331095982161,1563,HotpotQA
16,0.0001,0.41986040647327866,normuon,1.0100856781242822,1.0,0.75,verified-v3-normuon-1e-4,1.0,1563,MSMARCO
16,0.0001,-0.022480520140636485,normuon,-4.495718987021686,0.8987735483073923,0.75,verified-v3-normuon-1e-4,0.6462698327088137,1563,NFCorpus
16,0.0001,0.3687405766756384,normuon,0.9054899449414158,1.0,0.75,verified-v3-normuon-1e-4,1.0,1563,NQ
16,0.0001,0.43490590529059897,normuon,0.8960346324182641,1.0,0.75,verified-v3-normuon-1e-4,1.0,1563,QuoraRetrieval
16,0.0001,0.05691146632202877,normuon,0.5966939705170773,1.014581601713889,0.75,verified-v3-normuon-1e-4,0.8708457231897917,1563,SCIDOCS
16,0.0001,0.2295007482027111,normuon,0.8678104072678617,1.0,0.75,verified-v3-normuon-1e-4,1.0,1563,SciFact
16,0.0001,0.03926677220563923,normuon,0.5226134937391342,0.9657001527282164,0.75,verified-v3-normuon-1e-4,0.8798327739955403,1563,TRECCOVID
16,0.0001,0.26886040565237834,normuon,0.9146578789046418,1.0,0.75,verified-v3-normuon-1e-4,1.0,1563,Touche2020
17,0.0001,0.23846304657657114,normuon,1.0106785729230119,1.0,0.75,verified-v3-normuon-1e-4,1.0,1563,ArguAna
17,0.0001,-0.01612555706316714,normuon,-1.489073257328151,0.920777118938345,0.75,verified-v3-normuon-1e-4,0.7056120871384226,1563,ClimateFEVER
17,0.0001,0.24446126292026044,normuon,0.8360907146999697,0.9769331095982161,0.75,verified-v3-normuon-1e-4,0.9769331095982161,1563,DBPedia
17,0.0001,0.3542294210591637,normuon,0.8961947445267168,1.0,0.75,verified-v3-normuon-1e-4,1.0,1563,FEVER
17,0.0001,0.1998108520438357,normuon,0.9256488159774561,1.0,0.75,verified-v3-normuon-1e-4,0.9769331095982161,1563,FiQA2018
17,0.0001,0.2758800140326896,normuon,0.9265068154930549,1.0,0.75,verified-v3-normuon-1e-4,1.0,1563,HotpotQA
17,0.0001,0.37980985372389514,normuon,0.9137334403104791,1.0,0.75,verified-v3-normuon-1e-4,1.0,1563,MSMARCO
17,0.0001,-0.023773899917626146,normuon,-4.754372789712466,0.9411960960591788,0.75,verified-v3-normuon-1e-4,0.6767740825170778,1563,NFCorpus
17,0.0001,0.38547001257959224,normuon,0.9465712279728118,1.0,0.75,verified-v3-normuon-1e-4,1.0,1563,NQ
17,0.0001,0.4819344116239258,normuon,0.9929272472872336,1.0,0.75,verified-v3-normuon-1e-4,1.0,1563,QuoraRetrieval
17,0.0001,0.08057838055929237,normuon,0.8448321039858645,0.9824517133323669,0.75,verified-v3-normuon-1e-4,0.8432676793573902,1563,SCIDOCS
17,0.0001,0.25426306314056446,normuon,0.9614440654559082,0.9769331095982161,0.75,verified-v3-normuon-1e-4,0.9769331095982161,1563,SciFact
17,0.0001,0.03553034617955459,normuon,0.4728842557624643,0.8253723138350902,0.75,verified-v3-normuon-1e-4,0.7519824972679917,1563,TRECCOVID
17,0.0001,0.2950854718668618,normuon,1.0038750448896065,0.9769331095982161,0.75,verified-v3-normuon-1e-4,0.9769331095982161,1563,Touche2020
18,0.0001,0.20841152287213383,normuon,0.8833111190227276,1.0,0.75,verified-v3-normuon-1e-4,1.0,1563,ArguAna
18,0.0001,-0.019061656294664706,normuon,-1.760199819304179,0.9389749968279315,0.75,verified-v3-normuon-1e-4,0.7195575277179698,1563,ClimateFEVER
18,0.0001,0.24746631470833513,normuon,0.8463683998726154,0.9769331095982161,0.75,verified-v3-normuon-1e-4,0.9769331095982161,1563,DBPedia
18,0.0001,0.3750124199657121,normuon,0.9487753978780438,1.0,0.75,verified-v3-normuon-1e-4,1.0,1563,FEVER
18,0.0001,0.17924406229060488,normuon,0.8303705846461629,1.0,0.75,verified-v3-normuon-1e-4,0.9769331095982161,1563,FiQA2018
18,0.0001,0.29245700270036845,normuon,0.9821784560604493,0.96875,0.75,verified-v3-normuon-1e-4,0.96875,1563,HotpotQA
18,0.0001,0.3814642248342363,normuon,0.9177134692417485,1.0,0.75,verified-v3-normuon-1e-4,1.0,1563,MSMARCO
18,0.0001,-0.03490289473630375,normuon,-6.9799811386204595,0.927599352106384,0.75,verified-v3-normuon-1e-4,0.666997242225877,1563,NFCorpus
18,0.0001,0.3623743458925902,normuon,0.8898568458851721,1.0,0.75,verified-v3-normuon-1e-4,1.0,1563,NQ
18,0.0001,0.46389264737321123,normuon,0.9557558835464629,1.0,0.75,verified-v3-normuon-1e-4,1.0,1563,QuoraRetrieval
18,0.0001,0.07808969117728515,normuon,0.8187391908226205,1.0156685634308604,0.75,verified-v3-normuon-1e-4,0.871778694929962,1563,SCIDOCS
18,0.0001,0.25686797375920994,normuon,0.9712940052167425,0.9769331095982161,0.75,verified-v3-normuon-1e-4,0.9769331095982161,1563,SciFact
18,0.0001,0.023997219507970936,normuon,0.3193863417498957,0.9224185643547662,0.75,verified-v3-normuon-1e-4,0.8403996643973242,1563,TRECCOVID
18,0.0001,0.2687193293847217,normuon,0.9141779401816993,1.0,0.75,verified-v3-normuon-1e-4,1.0,1563,Touche2020
19,0.0001,0.2147548930092719,normuon,0.9101962417692682,1.0,0.75,verified-v3-normuon-1e-4,1.0,1563,ArguAna
19,0.0001,-0.04295952169779495,normuon,-3.966986979563663,0.9780525467030191,0.75,verified-v3-normuon-1e-4,0.7495035276353099,1563,ClimateFEVER
19,0.0001,0.2684564871284795,normuon,0.9181576398151357,1.0,0.75,verified-v3-normuon-1e-4,1.0,1563,DBPedia
19,0.0001,0.3678764225884844,normuon,0.9307214391546103,1.0,0.75,verified-v3-normuon-1e-4,1.0,1563,FEVER
19,0.0001,0.17662533064271418,normuon,0.8182389820608292,1.0,0.75,verified-v3-normuon-1e-4,0.9769331095982161,1563,FiQA2018
19,0.0001,0.24488769622873768,normuon,0.8224231841580002,0.9769331095982161,0.75,verified-v3-normuon-1e-4,0.9769331095982161,1563,HotpotQA
19,0.0001,0.3992556823721335,normuon,0.9605155438715932,1.0,0.75,verified-v3-normuon-1e-4,1.0,1563,MSMARCO
19,0.0001,-0.02315937444177068,normuon,-4.631478219990391,0.9319983246382062,0.75,verified-v3-normuon-1e-4,0.6701603562801183,1563,NFCorpus
19,0.0001,0.3548398823628511,normuon,0.8713550009615312,1.0,0.75,verified-v3-normuon-1e-4,1.0,1563,NQ
19,0.0001,0.4576021702862376,normuon,0.9427956425936626,1.0,0.75,verified-v3-normuon-1e-4,1.0,1563,QuoraRetrieval
19,0.0001,0.04534912509200904,normuon,0.4754674454794803,0.9848973441506588,0.75,verified-v3-normuon-1e-4,0.8453668374093526,1563,SCIDOCS
19,0.0001,0.26607293796434445,normuon,1.0061007054053108,1.0,0.75,verified-v3-normuon-1e-4,1.0,1563,SciFact
19,0.0001,0.049659353327135544,normuon,0.6609315378205001,0.9092301184896262,0.75,verified-v3-normuon-1e-4,0.8283838985538224,1563,TRECCOVID
19,0.0001,0.25563956140943134,normuon,0.8696808235318342,1.0,0.75,verified-v3-normuon-1e-4,1.0,1563,Touche2020
