draw,learning_rate,margin,optimizer,relative_margin,relative_shortlist_ndcg,removed_fraction,run_id,shortlist_ndcg,step,task
0,0.003,0.18321188242844205,normuon,0.9891357175771578,1.0,0.1,verified-v3-normuon-3e-3,1.0,782,ArguAna
0,0.003,-0.013879749687487215,normuon,0.9550468944438405,0.9569587404844969,0.1,verified-v3-normuon-3e-3,0.6876467687651554,782,ClimateFEVER
0,0.003,0.19303802661653557,normuon,0.9949234312056777,0.9769331095982161,0.1,verified-v3-normuon-3e-3,0.9769331095982161,782,DBPedia
0,0.003,0.29899287117733025,normuon,0.9824897916519372,1.0,0.1,verified-v3-normuon-3e-3,1.0,782,FEVER
0,0.003,0.1518602561338448,normuon,0.9930544826938967,1.0241825215502611,0.1,verified-v3-normuon-3e-3,0.9769331095982161,782,FiQA2018
0,0.003,0.216852399582168,normuon,0.9854276735936539,1.0,0.1,verified-v3-normuon-3e-3,1.0,782,HotpotQA
0,0.003,0.36967858019485533,normuon,1.005324347484964,1.0,0.1,verified-v3-normuon-3e-3,1.0,782,MSMARCO
0,0.003,-0.051586035176387615,normuon,1.0476679889193248,0.9905800946360541,0.1,verified-v3-normuon-3e-3,0.5422321965747847,782,NFCorpus
0,0.003,0.3133245093074555,normuon,1.0043275381037804,1.0,0.1,verified-v3-normuon-3e-3,1.0,782,NQ
0,0.003,0.3729210065536725,normuon,0.9824991424880614,1.0,0.1,verified-v3-normuon-3e-3,1.0,782,QuoraRetrieval
0,0.003,0.03458747356301262,normuon,0.9940879925436138,1.00468551467232,0.1,verified-v3-normuon-3e-3,0.8267670611444697,782,SCIDOCS
0,0.003,0.18306640994451426,normuon,1.001643923798582,1.0,0.1,verified-v3-normuon-3e-3,1.0,782,SciFact
0,0.003,0.04499083172674857,normuon,1.0373813317247527,1.0271472852643857,0.1,verified-v3-normuon-3e-3,0.8727610744476991,782,TRECCOVID
0,0.003,0.24888012846915855,normuon,0.9859397691575424,1.0,0.1,verified-v3-normuon-3e-3,1.0,782,Touche2020
1,0.003,0.1908361639508486,normuon,1.0302981633460415,1.0,0.1,verified-v3-normuon-3e-3,1.0,782,ArguAna
1,0.003,-0.01481974271188383,normuon,1.0197265492619805,0.9717108140668799,0.1,verified-v3-normuon-3e-3,0.698247242225877,782,ClimateFEVER
1,0.003,0.20157518976519337,normuon,1.0389242107489645,1.0,0.1,verified-v3-normuon-3e-3,1.0,782,DBPedia
1,0.003,0.3102679331168706,normuon,1.0195396156568435,1.0,0.1,verified-v3-normuon-3e-3,1.0,782,FEVER
1,0.003,0.15830505322009766,normuon,1.0351987197674546,1.0,0.1,verified-v3-normuon-3e-3,0.9538662191964322,782,FiQA2018
1,0.003,0.22566298413518365,normuon,1.0254650163014463,1.0,0.1,verified-v3-normuon-3e-3,1.0,782,HotpotQA
1,0.003,0.37401632299452525,normuon,1.0171206448180072,1.0,0.1,verified-v3-normuon-3e-3,1.0,782,MSMARCO
1,0.003,-0.05226107225959051,normuon,1.0613774112656433,1.0,0.1,verified-v3-normuon-3e-3,0.5473885448647184,782,NFCorpus
1,0.003,0.3177483784248102,normuon,1.0185077680173185,1.0,0.1,verified-v3-normuon-3e-3,1.0,782,NQ
1,0.003,0.38783073292403514,normuon,1.021780365900464,1.0,0.1,verified-v3-normuon-3e-3,1.0,782,QuoraRetrieval
1,0.003,0.03894899218728758,normuon,1.1194435865492902,1.0013571068190354,0.1,verified-v3-normuon-3e-3,0.8240280767170416,782,SCIDOCS
1,0.003,0.19262274994432832,normuon,1.0539312325269734,1.0,0.1,verified-v3-normuon-3e-3,1.0,782,SciFact
1,0.003,0.043059877794377685,normuon,0.9928581369985896,0.9457054294712286,0.1,verified-v3-normuon-3e-3,0.8035604032423475,782,TRECCOVID
1,0.003,0.2582237059001602,normuon,1.0229543939574046,1.0,0.1,verified-v3-normuon-3e-3,1.0,782,Touche2020
2,0.003,0.18709679996382503,normuon,1.0101098522411034,1.0,0.1,verified-v3-normuon-3e-3,1.0,782,ArguAna
2,0.003,-0.01281577687775812,normuon,0.8818363574684852,0.9977820960034919,0.1,verified-v3-normuon-3e-3,0.716981417507248,782,ClimateFEVER
2,0.003,0.19412412409252658,normuon,1.0005212082156103,1.0,0.1,verified-v3-normuon-3e-3,1.0,782,DBPedia
2,0.003,0.30782562097843535,normuon,1.011514184366152,1.0,0.1,verified-v3-normuon-3e-3,1.0,782,FEVER
2,0.003,0.15350782446226086,normuon,1.0038283688688023,1.0,0.1,verified-v3-normuon-3e-3,0.9538662191964322,782,FiQA2018
2,0.003,0.22347713798387697,normuon,1.015532023667442,1.0,0.1,verified-v3-normuon-3e-3,1.0,782,HotpotQA
2,0.003,0.37239952686771116,normuon,1.0127238401387941,1.0,0.1,verified-v3-normuon-3e-3,1.0,782,MSMARCO
2,0.003,-0.051260631768668255,normuon,1.0410593256912408,0.9973882978108879,0.1,verified-v3-normuon-3e-3,0.5459589290038004,782,NFCorpus
2,0.003,0.3194631176003991,normuon,1.0240041774061526,1.0,0.1,verified-v3-normuon-3e-3,1.0,782,NQ
2,0.003,0.37701207664693837,normuon,0.9932774917573556,1.0,0.1,verified-v3-normuon-3e-3,1.0,782,QuoraRetrieval
2,0.003,0.036447115452597136,normuon,1.047536466295221,1.0,0.1,verified-v3-normuon-3e-3,0.8229112981828164,782,SCIDOCS
2,0.003,0.18150336222711294,normuon,0.9930917418378563,1.0,0.1,verified-v3-normuon-3e-3,1.0,782,SciFact
2,0.003,0.04720216911107336,normuon,1.0883695004826934,0.9728527147356143,0.1,verified-v3-normuon-3e-3,0.8266272936441313,782,TRECCOVID
2,0.003,0.2555793915366441,normuon,1.0124789304915935,1.0,0.1,verified-v3-normuon-3e-3,1.0,782,Touche2020
3,0.003,0.18733312952446013,normuon,1.011385762986875,1.0,0.1,verified-v3-normuon-3e-3,1.0,782,ArguAna
3,0.003,-0.015076264099610786,normuon,1.0373774406846057,0.9451231931733493,0.1,verified-v3-normuon-3e-3,0.6791420386020166,782,ClimateFEVER
3,0.003,0.18901718403927706,normuon,0.9741998952090595,1.0,0.1,verified-v3-normuon-3e-3,1.0,782,DBPedia
3,0.003,0.3008919358724378,normuon,0.9887301132665725,1.0,0.1,verified-v3-normuon-3e-3,1.0,782,FEVER
3,0.003,0.15128104357957406,normuon,0.9892668582153485,1.0241825215502611,0.1,verified-v3-normuon-3e-3,0.9769331095982161,782,FiQA2018
3,0.003,0.21885500052262694,normuon,0.994527957425861,1.0,0.1,verified-v3-normuon-3e-3,1.0,782,HotpotQA
3,0.003,0.3638385685817692,normuon,0.9894426973738437,1.0,0.1,verified-v3-normuon-3e-3,1.0,782,MSMARCO
3,0.003,-0.05029924888698964,normuon,1.021534466554737,1.0720026350678722,0.1,verified-v3-normuon-3e-3,0.5868019625009464,782,NFCorpus
3,0.003,0.3125455174499249,normuon,1.0018305646745207,1.0,0.1,verified-v3-normuon-3e-3,1.0,782,NQ
3,0.003,0.37740785411554256,normuon,0.9943202086241615,1.0,0.1,verified-v3-normuon-3e-3,1.0,782,QuoraRetrieval
3,0.003,0.031974967026983846,normuon,0.9190012310553396,1.0,0.1,verified-v3-normuon-3e-3,0.8229112981828164,782,SCIDOCS
3,0.003,0.17810243648284774,normuon,0.9744836497904626,1.0,0.1,verified-v3-normuon-3e-3,1.0,782,SciFact
3,0.003,0.04379218915595205,normuon,1.0097434913330268,1.0271472852643857,0.1,verified-v3-normuon-3e-3,0.8727610744476991,782,TRECCOVID
3,0.003,0.2543113460527796,normuon,1.0074555624978023,1.0,0.1,verified-v3-normuon-3e-3,1.0,782,Touche2020
4,0.003,0.18366707528042386,normuon,0.9915932410866216,1.0,0.1,verified-v3-normuon-3e-3,1.0,782,ArguAna
4,0.003,-0.012014414593458624,normuon,0.8266956972853539,1.009772522453445,0.1,verified-v3-normuon-3e-3,0.7255974399705072,782,ClimateFEVER
4,0.003,0.19588877243501568,normuon,1.0096162555208146,1.0,0.1,verified-v3-normuon-3e-3,1.0,782,DBPedia
4,0.003,0.29968849939819836,normuon,0.984775624163919,1.0,0.1,verified-v3-normuon-3e-3,1.0,782,FEVER
4,0.003,0.1530456268968418,normuon,1.0008059364304884,1.0,0.1,verified-v3-normuon-3e-3,0.9538662191964322,782,FiQA2018
4,0.003,0.21582086093511213,normuon,0.9807401223784087,1.0,0.1,verified-v3-normuon-3e-3,1.0,782,HotpotQA
4,0.003,0.36667944165307687,normuon,0.9971683244988846,1.0,0.1,verified-v3-normuon-3e-3,1.0,782,MSMARCO
4,0.003,-0.04931866069738433,normuon,1.0016195641388197,1.0202430987601308,0.1,verified-v3-normuon-3e-3,0.5584693852385791,782,NFCorpus
4,0.003,0.3079319027603476,normuon,0.9870421260260911,1.0,0.1,verified-v3-normuon-3e-3,1.0,782,NQ
4,0.003,0.37729069703702595,normuon,0.9940115461268602,1.0,0.1,verified-v3-normuon-3e-3,1.0,782,QuoraRetrieval
4,0.003,0.030083994825561344,normuon,0.8646522842829423,0.969641634870176,0.1,verified-v3-normuon-3e-3,0.797929056523125,782,SCIDOCS
4,0.003,0.18236972564363846,normuon,0.9978320306337484,1.0,0.1,verified-v3-normuon-3e-3,1.0,782,SciFact
4,0.003,0.04291817635956937,normuon,0.9895908396958513,1.0,0.1,verified-v3-normuon-3e-3,0.8496941840459152,782,TRECCOVID
4,0.003,0.25127208188187783,normuon,0.9954155035605977,1.0,0.1,verified-v3-normuon-3e-3,1.0,782,Touche2020
5,0.003,0.19023503449599447,normuon,1.027052748219017,0.9769331095982161,0.1,verified-v3-normuon-3e-3,0.9769331095982161,782,ArguAna
5,0.003,-0.017805342923848694,normuon,1.2251616813565083,1.0038116882197892,0.1,verified-v3-normuon-3e-3,0.7213141326276609,782,ClimateFEVER
5,0.003,0.2051745305270266,normuon,1.0574753145061286,0.9769331095982161,0.1,verified-v3-normuon-3e-3,0.9769331095982161,782,DBPedia
5,0.003,0.3141079620504399,normuon,1.0321579406758445,1.0,0.1,verified-v3-normuon-3e-3,1.0,782,FEVER
5,0.003,0.16078918323535818,normuon,1.0514431046384685,1.0241825215502611,0.1,verified-v3-normuon-3e-3,0.9769331095982161,782,FiQA2018
5,0.003,0.2266851704359691,normuon,1.0301100682829007,1.0,0.1,verified-v3-normuon-3e-3,1.0,782,HotpotQA
5,0.003,0.3796183469940352,normuon,1.0323550982692564,1.0,0.1,verified-v3-normuon-3e-3,1.0,782,MSMARCO
5,0.003,-0.04907288835504277,normuon,0.9966281393326187,1.0020303860225093,0.1,verified-v3-normuon-3e-3,0.5484999549150934,782,NFCorpus
5,0.003,0.3245490497968726,normuon,1.0403065783039858,1.0,0.1,verified-v3-normuon-3e-3,1.0,782,NQ
5,0.003,0.39138368910797827,normuon,1.031140998159509,1.0,0.1,verified-v3-normuon-3e-3,1.0,782,QuoraRetrieval
5,0.003,0.03260997176676711,normuon,0.9372520751326554,1.0,0.1,verified-v3-normuon-3e-3,0.8229112981828164,782,SCIDOCS
5,0.003,0.1813677854702648,normuon,0.9923499365293542,1.0,0.1,verified-v3-normuon-3e-3,1.0,782,SciFact
5,0.003,0.04301682604255836,normuon,0.9918654662272053,0.9728527147356143,0.1,verified-v3-normuon-3e-3,0.8266272936441313,782,TRECCOVID
5,0.003,0.26042383363231414,normuon,1.0316702100480644,1.0,0.1,verified-v3-normuon-3e-3,1.0,782,Touche2020
6,0.003,0.18709997701822076,normuon,1.0101270047201776,1.0,0.1,verified-v3-normuon-3e-3,1.0,782,ArguAna
6,0.003,-0.010246381083369954,normuon,0.7050396911539838,0.9837012405168332,0.1,verified-v3-normuon-3e-3,0.7068632646891362,782,ClimateFEVER
6,0.003,0.2047713631428342,normuon,1.0553973784421233,1.0,0.1,verified-v3-normuon-3e-3,1.0,782,DBPedia
6,0.003,0.3157342469867978,normuon,1.0375019087176154,1.0,0.1,verified-v3-normuon-3e-3,1.0,782,FEVER
6,0.003,0.1511925065217746,normuon,0.9886878909175798,1.0241825215502611,0.1,verified-v3-normuon-3e-3,0.9769331095982161,782,FiQA2018
6,0.003,0.22500178624167078,normuon,1.0224603794920548,1.0,0.1,verified-v3-normuon-3e-3,1.0,782,HotpotQA
6,0.003,0.3712076099700832,normuon,1.0094824755005385,1.0,0.1,verified-v3-normuon-3e-3,1.0,782,MSMARCO
6,0.003,-0.054262214323011336,normuon,1.1020188847566241,1.0073859501592006,0.1,verified-v3-normuon-3e-3,0.5514315293748066,782,NFCorpus
6,0.003,0.31402829527101905,normuon,1.0065834472431585,1.0,0.1,verified-v3-normuon-3e-3,1.0,782,NQ
6,0.003,0.39176810329338846,normuon,1.0321537772759661,1.0,0.1,verified-v3-normuon-3e-3,1.0,782,QuoraRetrieval
6,0.003,0.03823532821317317,normuon,1.0989319760066585,1.0,0.1,verified-v3-normuon-3e-3,0.8229112981828164,782,SCIDOCS
6,0.003,0.19313537077989174,normuon,1.0567360264010122,1.0,0.1,verified-v3-normuon-3e-3,1.0,782,SciFact
6,0.003,0.04629562157697467,normuon,1.0674666753491904,1.0248931198318445,0.1,verified-v3-normuon-3e-3,0.8708457231897916,782,TRECCOVID
6,0.003,0.26104706636481534,normuon,1.034139149373165,1.0,0.1,verified-v3-normuon-3e-3,1.0,782,Touche2020
7,0.003,0.18210646613982087,normuon,0.9831677272952292,1.0,0.1,verified-v3-normuon-3e-3,1.0,782,ArguAna
7,0.003,-0.01673474807264854,normuon,1.1514954906205153,0.9542932555137118,0.1,verified-v3-normuon-3e-3,0.685731417507248,782,ClimateFEVER
7,0.003,0.1927321629473201,normuon,0.9933470012317974,1.0,0.1,verified-v3-normuon-3e-3,1.0,782,DBPedia
7,0.003,0.30278752922598295,normuon,0.9949590280619249,1.0,0.1,verified-v3-normuon-3e-3,1.0,782,FEVER
7,0.003,0.14862706155854996,normuon,0.9719117660400522,1.0,0.1,verified-v3-normuon-3e-3,0.9538662191964322,782,FiQA2018
7,0.003,0.22001541068292582,normuon,0.9998011307312109,1.0,0.1,verified-v3-normuon-3e-3,1.0,782,HotpotQA
7,0.003,0.371199465507783,normuon,1.0094603269999591,1.0,0.1,verified-v3-normuon-3e-3,1.0,782,MSMARCO
7,0.003,-0.04538556388237224,normuon,0.9217417519301616,0.9894730515729827,0.1,verified-v3-normuon-3e-3,0.5416262138833875,782,NFCorpus
7,0.003,0.30419947198503766,normuon,0.9750782262979935,1.0,0.1,verified-v3-normuon-3e-3,1.0,782,NQ
7,0.003,0.38140010056828844,normuon,1.0048381967436086,1.0,0.1,verified-v3-normuon-3e-3,1.0,782,QuoraRetrieval
7,0.003,0.035542057378622,normuon,1.0215239458301393,1.0033284078532845,0.1,verified-v3-normuon-3e-3,0.8256502826102445,782,SCIDOCS
7,0.003,0.1822158049911874,normuon,0.9969898570950776,1.0,0.1,verified-v3-normuon-3e-3,1.0,782,SciFact
7,0.003,0.04451941178872933,normuon,1.0265115117117731,1.0271472852643857,0.1,verified-v3-normuon-3e-3,0.8727610744476991,782,TRECCOVID
7,0.003,0.24849962731092556,normuon,0.9844324120759629,1.0,0.1,verified-v3-normuon-3e-3,1.0,782,Touche2020
8,0.003,0.18542202046619652,normuon,1.0010679484179859,1.0,0.1,verified-v3-normuon-3e-3,1.0,782,ArguAna
8,0.003,-0.0144796617825799,normuon,0.9963260382510292,0.9848003454433399,0.1,verified-v3-normuon-3e-3,0.7076530541745883,782,ClimateFEVER
8,0.003,0.1994618033249731,normuon,1.0280317574566171,1.0,0.1,verified-v3-normuon-3e-3,1.0,782,DBPedia
8,0.003,0.30578858024851463,normuon,1.004820473862468,1.0,0.1,verified-v3-normuon-3e-3,1.0,782,FEVER
8,0.003,0.14950684734643954,normuon,0.9776649185943591,1.0,0.1,verified-v3-normuon-3e-3,0.9538662191964322,782,FiQA2018
8,0.003,0.2154287907085486,normuon,0.978958464199886,0.9769331095982161,0.1,verified-v3-normuon-3e-3,0.9769331095982161,782,HotpotQA
8,0.003,0.36616467229380273,normuon,0.9957684322737392,1.0,0.1,verified-v3-normuon-3e-3,1.0,782,MSMARCO
8,0.003,-0.04665909794094904,normuon,0.9476061328892189,1.0252566361039872,0.1,verified-v3-normuon-3e-3,0.5612137381498578,782,NFCorpus
8,0.003,0.31325952923776346,normuon,1.0041192515782105,1.0,0.1,verified-v3-normuon-3e-3,1.0,782,NQ
8,0.003,0.3762237750905191,normuon,0.9912006293934961,1.0,0.1,verified-v3-normuon-3e-3,1.0,782,QuoraRetrieval
8,0.003,0.03633697698062661,normuon,1.0443709464921183,1.0085935137401285,0.1,verified-v3-normuon-3e-3,0.8299829977306574,782,SCIDOCS
8,0.003,0.18457052974900134,normuon,1.009873682951483,1.0,0.1,verified-v3-normuon-3e-3,1.0,782,SciFact
8,0.003,0.03998255733285804,normuon,0.9219024627869231,1.0,0.1,verified-v3-normuon-3e-3,0.8496941840459152,782,TRECCOVID
8,0.003,0.24868216679930447,normuon,0.9851555430954678,1.0,0.1,verified-v3-normuon-3e-3,1.0,782,Touche2020
9,0.003,0.18327159655778769,normuon,0.9894581059364546,1.0,0.1,verified-v3-normuon-3e-3,1.0,782,ArguAna
9,0.003,-0.013281121425627034,normuon,0.9138560894733956,0.9961883117802106,0.1,verified-v3-normuon-3e-3,0.7158361637728045,782,ClimateFEVER
9,0.003,0.19310734243305655,normuon,0.995280686878141,1.0,0.1,verified-v3-normuon-3e-3,1.0,782,DBPedia
9,0.003,0.3066334979544686,normuon,1.0075968712314654,1.0,0.1,verified-v3-normuon-3e-3,1.0,782,FEVER
9,0.003,0.1436225416791773,normuon,0.9391858835315863,1.0,0.1,verified-v3-normuon-3e-3,0.9538662191964322,782,FiQA2018
9,0.003,0.2160346591735259,normuon,0.9817116712342409,1.0,0.1,verified-v3-normuon-3e-3,1.0,782,HotpotQA
9,0.003,0.36659477020711173,normuon,0.9969380642925165,1.0,0.1,verified-v3-normuon-3e-3,1.0,782,MSMARCO
9,0.003,-0.05067504448983308,normuon,1.0291665519074784,1.014032257462597,0.1,verified-v3-normuon-3e-3,0.5550696418583365,782,NFCorpus
9,0.003,0.3019288128555885,normuon,0.9677998761351123,1.0,0.1,verified-v3-normuon-3e-3,1.0,782,NQ
9,0.003,0.3723100366921492,normuon,0.9808894789011796,1.0,0.1,verified-v3-normuon-3e-3,1.0,782,QuoraRetrieval
9,0.003,0.03013610460911343,normuon,0.8661499857565351,1.0013571068190354,0.1,verified-v3-normuon-3e-3,0.8240280767170416,782,SCIDOCS
9,0.003,0.1754035792767853,normuon,0.9597169106466088,1.0,0.1,verified-v3-normuon-3e-3,1.0,782,SciFact
9,0.003,0.041129449193050484,normuon,0.9483470551540244,1.0175166325520753,0.1,verified-v3-normuon-3e-3,0.864577964849483,782,TRECCOVID
9,0.003,0.2539226827534564,normuon,1.0059158710568996,1.0,0.1,verified-v3-normuon-3e-3,1.0,782,Touche2020
10,0.003,0.18630034184607128,normuon,1.0058098845677064,1.0,0.1,verified-v3-normuon-3e-3,1.0,782,ArguAna
10,0.003,-0.01632286847203797,normuon,1.1231546096749085,0.9598065087730904,0.1,verified-v3-normuon-3e-3,0.6896931042851714,782,ClimateFEVER
10,0.003,0.18607190381712385,normuon,0.9590198379123286,0.9769331095982161,0.1,verified-v3-normuon-3e-3,0.9769331095982161,782,DBPedia
10,0.003,0.30487825697827103,normuon,1.0018291539805062,1.0,0.1,verified-v3-normuon-3e-3,1.0,782,FEVER
10,0.003,0.14934929645415637,normuon,0.9766346515329344,1.0241825215502611,0.1,verified-v3-normuon-3e-3,0.9769331095982161,782,FiQA2018
10,0.003,0.2127238044045184,normuon,0.9666663781274276,0.9769331095982161,0.1,verified-v3-normuon-3e-3,0.9769331095982161,782,HotpotQA
10,0.003,0.36725276578890104,normuon,0.9987274538172265,1.0,0.1,verified-v3-normuon-3e-3,1.0,782,MSMARCO
10,0.003,-0.04878285617497724,normuon,0.9907378353041707,0.980624654929173,0.1,verified-v3-normuon-3e-3,0.5367827029201466,782,NFCorpus
10,0.003,0.30455603750908483,normuon,0.9762211581922474,1.0,0.1,verified-v3-normuon-3e-3,1.0,782,NQ
10,0.003,0.3788897173324328,normuon,0.998224331251455,1.0,0.1,verified-v3-normuon-3e-3,1.0,782,QuoraRetrieval
10,0.003,0.036569723913816,normuon,1.051060389453698,1.0033284078532845,0.1,verified-v3-normuon-3e-3,0.8256502826102445,782,SCIDOCS
10,0.003,0.18073915616512404,normuon,0.9889104048096531,1.0,0.1,verified-v3-normuon-3e-3,1.0,782,SciFact
10,0.003,0.046407695238556215,normuon,1.0700508268271816,1.0303707796449004,0.1,verified-v3-normuon-3e-3,0.8755000588751273,782,TRECCOVID
10,0.003,0.25161058058919533,normuon,0.9967564677404444,1.0,0.1,verified-v3-normuon-3e-3,1.0,782,Touche2020
11,0.003,0.1853546289510713,normuon,1.0007041109103503,1.0,0.1,verified-v3-normuon-3e-3,1.0,782,ArguAna
11,0.003,-0.01734402834561414,normuon,1.1934192461379705,0.9428581908543436,0.1,verified-v3-normuon-3e-3,0.6775144642249633,782,ClimateFEVER
11,0.003,0.1902878471021583,normuon,0.9807489284569979,1.0,0.1,verified-v3-normuon-3e-3,1.0,782,DBPedia
11,0.003,0.30305083629848706,normuon,0.9958242544125947,1.0,0.1,verified-v3-normuon-3e-3,1.0,782,FEVER
11,0.003,0.15363599928661864,normuon,1.0046665380325948,1.0,0.1,verified-v3-normuon-3e-3,0.9538662191964322,782,FiQA2018
11,0.003,0.21850369058892155,normuon,0.9929315234857768,1.0,0.1,verified-v3-normuon-3e-3,1.0,782,HotpotQA
11,0.003,0.3658124491003234,normuon,0.9948105770689096,1.0,0.1,verified-v3-normuon-3e-3,1.0,782,MSMARCO
11,0.003,-0.04919801365044372,normuon,0.9991693264222529,0.9867812097133016,0.1,verified-v3-normuon-3e-3,0.5401527304848107,782,NFCorpus
11,0.003,0.3128762528945578,normuon,1.0028907010666785,1.0,0.1,verified-v3-normuon-3e-3,1.0,782,NQ
11,0.003,0.37923351267301614,normuon,0.9991300958004571,1.0,0.1,verified-v3-normuon-3e-3,1.0,782,QuoraRetrieval
11,0.003,0.035688031659688965,normuon,1.0257194323771543,1.0033284078532845,0.1,verified-v3-normuon-3e-3,0.8256502826102445,782,SCIDOCS
11,0.003,0.17547363529917634,normuon,0.9601002206660425,1.0,0.1,verified-v3-normuon-3e-3,1.0,782,SciFact
11,0.003,0.04171932740821585,normuon,0.9619482406604452,1.0,0.1,verified-v3-normuon-3e-3,0.8496941840459152,782,TRECCOVID
11,0.003,0.2500747129123653,normuon,0.9906721209022115,1.0,0.1,verified-v3-normuon-3e-3,1.0,782,Touche2020
12,0.003,0.1863531433609285,normuon,1.0060949526735257,1.0,0.1,verified-v3-normuon-3e-3,1.0,782,ArguAna
12,0.003,-0.011600794794476205,normuon,0.7982350756320133,1.0038116882197892,0.1,verified-v3-normuon-3e-3,0.7213141326276609,782,ClimateFEVER
12,0.003,0.19840261553469712,normuon,1.0225726737254832,1.0,0.1,verified-v3-normuon-3e-3,1.0,782,DBPedia
12,0.003,0.30643153029469844,normuon,1.0069332060303966,1.0,0.1,verified-v3-normuon-3e-3,1.0,782,FEVER
12,0.003,0.15150005782224657,normuon,0.9906990504228216,1.0,0.1,verified-v3-normuon-3e-3,0.9538662191964322,782,FiQA2018
12,0.003,0.22185635624925307,normuon,1.008166814994488,1.0,0.1,verified-v3-normuon-3e-3,1.0,782,HotpotQA
12,0.003,0.3714659321036707,normuon,1.0101849709771573,1.0,0.1,verified-v3-normuon-3e-3,1.0,782,MSMARCO
12,0.003,-0.04562237455071702,normuon,0.9265511728482666,1.0805414101138116,0.1,verified-v3-normuon-3e-3,0.5914759901482702,782,NFCorpus
12,0.003,0.3122359757148157,normuon,1.000838362406496,1.0,0.1,verified-v3-normuon-3e-3,1.0,782,NQ
12,0.003,0.3817970962770522,normuon,1.0058841231907039,1.0,0.1,verified-v3-normuon-3e-3,1.0,782,QuoraRetrieval
12,0.003,0.029247039287044425,normuon,0.8405971173272881,1.0,0.1,verified-v3-normuon-3e-3,0.8229112981828164,782,SCIDOCS
12,0.003,0.18112220964280917,normuon,0.9910062736723763,1.0,0.1,verified-v3-normuon-3e-3,1.0,782,SciFact
12,0.003,0.04635612902169046,normuon,1.0688618327883717,1.0,0.1,verified-v3-normuon-3e-3,0.8496941840459152,782,TRECCOVID
12,0.003,0.25438775410281966,normuon,1.007758253338094,1.0,0.1,verified-v3-normuon-3e-3,1.0,782,Touche2020
13,0.003,0.18059745476329894,normuon,0.9750207827250205,1.0,0.1,verified-v3-normuon-3e-3,1.0,782,ArguAna
13,0.003,-0.018253908267853496,normuon,1.2560268589276231,1.0082061424091666,0.1,verified-v3-normuon-3e-3,0.7244718781980518,782,ClimateFEVER
13,0.003,0.19573612726097567,normuon,1.0088295179905218,1.0,0.1,verified-v3-normuon-3e-3,1.0,782,DBPedia
13,0.003,0.3041481542101,normuon,0.999430038196373,1.0,0.1,verified-v3-normuon-3e-3,1.0,782,FEVER
13,0.003,0.15085683489145638,normuon,0.9864928451189814,1.0,0.1,verified-v3-normuon-3e-3,0.9538662191964322,782,FiQA2018
13,0.003,0.22185087073465068,normuon,1.008141887541974,1.0,0.1,verified-v3-normuon-3e-3,1.0,782,HotpotQA
13,0.003,0.3671153722420726,normuon,0.9983538182180496,1.0,0.1,verified-v3-normuon-3e-3,1.0,782,MSMARCO
13,0.003,-0.05398768687567032,normuon,1.0964434685092719,0.9677514606175455,0.1,verified-v3-normuon-3e-3,0.5297360638181441,782,NFCorpus
13,0.003,0.3070703397179534,normuon,0.9842804796703638,1.0,0.1,verified-v3-normuon-3e-3,1.0,782,NQ
13,0.003,0.3761858771979253,normuon,0.9911007834574368,1.0,0.1,verified-v3-normuon-3e-3,1.0,782,QuoraRetrieval
13,0.003,0.03953789153244758,normuon,1.1363693029296387,1.00468551467232,0.1,verified-v3-normuon-3e-3,0.8267670611444697,782,SCIDOCS
13,0.003,0.18489158695428676,normuon,1.0116303405434648,1.0,0.1,verified-v3-normuon-3e-3,1.0,782,SciFact
13,0.003,0.042736698587823405,normuon,0.9854063948810571,1.0,0.1,verified-v3-normuon-3e-3,0.8496941840459152,782,TRECCOVID
13,0.003,0.2562674903436765,normuon,1.0152048370681293,1.0,0.1,verified-v3-normuon-3e-3,1.0,782,Touche2020
14,0.003,0.1843385370746478,normuon,0.9952183708263085,1.0,0.1,verified-v3-normuon-3e-3,1.0,782,ArguAna
14,0.003,-0.020197831772977966,normuon,1.3897856188769617,0.9685289901391759,0.1,verified-v3-normuon-3e-3,0.6959608626254801,782,ClimateFEVER
14,0.003,0.19826042243665148,normuon,1.0218398064895247,1.0,0.1,verified-v3-normuon-3e-3,1.0,782,DBPedia
14,0.003,0.3100907918599429,normuon,1.018957529950497,1.0,0.1,verified-v3-normuon-3e-3,1.0,782,FEVER
14,0.003,0.15575500833537878,normuon,1.0185233000868186,1.0,0.1,verified-v3-normuon-3e-3,0.9538662191964322,782,FiQA2018
14,0.003,0.2227347890567599,normuon,1.0121586177118094,1.0,0.1,verified-v3-normuon-3e-3,1.0,782,HotpotQA
14,0.003,0.3779660302442057,normuon,1.0278616968460925,1.0,0.1,verified-v3-normuon-3e-3,1.0,782,MSMARCO
14,0.003,-0.04806907700341272,normuon,0.9762415944775876,1.0688553985358247,0.1,verified-v3-normuon-3e-3,0.5850792012753238,782,NFCorpus
14,0.003,0.317349890494217,normuon,1.0172304584216494,1.0,0.1,verified-v3-normuon-3e-3,1.0,782,NQ
14,0.003,0.3913756989208491,normuon,1.0311199471812462,1.0,0.1,verified-v3-normuon-3e-3,1.0,782,QuoraRetrieval
14,0.003,0.03881610348887797,normuon,1.115624196295386,1.0013571068190354,0.1,verified-v3-normuon-3e-3,0.8240280767170416,782,SCIDOCS
14,0.003,0.18659658774506496,normuon,1.0209592156914091,1.0,0.1,verified-v3-normuon-3e-3,1.0,782,SciFact
14,0.003,0.03790064677902471,normuon,0.8738985682160343,0.9903693472876897,0.1,verified-v3-normuon-3e-3,0.8415110744476991,782,TRECCOVID
14,0.003,0.2561017697740926,normuon,1.0145483342724853,1.0,0.1,verified-v3-normuon-3e-3,1.0,782,Touche2020
15,0.003,0.18503764065499392,normuon,0.9989927347618818,1.0,0.1,verified-v3-normuon-3e-3,1.0,782,ArguAna
15,0.003,-0.014939851862353106,normuon,1.0279910982439686,0.9837012405168332,0.1,verified-v3-normuon-3e-3,0.7068632646891362,782,ClimateFEVER
15,0.003,0.193325798638184,normuon,0.9964066163179676,0.9769331095982161,0.1,verified-v3-normuon-3e-3,0.9769331095982161,782,DBPedia
15,0.003,0.30801051818613584,normuon,1.0121217561064257,1.0,0.1,verified-v3-normuon-3e-3,1.0,782,FEVER
15,0.003,0.1497473139537086,normuon,0.9792373935023184,1.0241825215502611,0.1,verified-v3-normuon-3e-3,0.9769331095982161,782,FiQA2018
15,0.003,0.216582727884541,normuon,0.98420222276102,1.0,0.1,verified-v3-normuon-3e-3,1.0,782,HotpotQA
15,0.003,0.3663082646516438,normuon,0.99615892526193,1.0,0.1,verified-v3-normuon-3e-3,1.0,782,MSMARCO
15,0.003,-0.05752829640799565,normuon,1.1683502017093794,0.9894730515729827,0.1,verified-v3-normuon-3e-3,0.5416262138833875,782,NFCorpus
15,0.003,0.31007952459575483,normuon,0.9939260935634533,1.0,0.1,verified-v3-normuon-3e-3,1.0,782,NQ
15,0.003,0.3729124763299939,normuon,0.9824766687273931,1.0,0.1,verified-v3-normuon-3e-3,1.0,782,QuoraRetrieval
15,0.003,0.03531287573164422,normuon,1.0149369737300546,1.0007668422327283,0.1,verified-v3-normuon-3e-3,0.8235423413200522,782,SCIDOCS
15,0.003,0.17759972430057475,normuon,0.9717330708997427,1.0,0.1,verified-v3-normuon-3e-3,1.0,782,SciFact
15,0.003,0.042816474903548264,normuon,0.9872458465531084,0.9903693472876897,0.1,verified-v3-normuon-3e-3,0.8415110744476991,782,TRECCOVID
15,0.003,0.25122676389953824,normuon,0.9952359761659383,1.0,0.1,verified-v3-normuon-3e-3,1.0,782,Touche2020
16,0.003,0.18410846101757844,normuon,0.993976221884929,1.0,0.1,verified-v3-normuon-3e-3,1.0,782,ArguAna
16,0.003,-0.014536849628445613,normuon,1.0002610569526431,0.9950892068537038,0.1,verified-v3-normuon-3e-3,0.7150463742873523,782,ClimateFEVER
16,0.003,0.19532184527737712,normuon,1.0066942969678405,1.0,0.1,verified-v3-normuon-3e-3,1.0,782,DBPedia
16,0.003,0.3023718026771963,normuon,0.9935929517113643,1.0,0.1,verified-v3-normuon-3e-3,1.0,782,FEVER
16,0.003,0.1537187919155425,normuon,1.0052079409867316,1.0,0.1,verified-v3-normuon-3e-3,0.9538662191964322,782,FiQA2018
16,0.003,0.2237603367761462,normuon,1.0168189447601677,0.9769331095982161,0.1,verified-v3-normuon-3e-3,0.9769331095982161,782,HotpotQA
16,0.003,0.3715818903413064,normuon,1.0105003142126923,1.0,0.1,verified-v3-normuon-3e-3,1.0,782,MSMARCO
16,0.003,-0.0531599188089035,normuon,1.0796322112991388,1.0158727051172418,0.1,verified-v3-normuon-3e-3,0.5560770818219122,782,NFCorpus
16,0.003,0.30962176063091673,normuon,0.9924587811056611,1.0,0.1,verified-v3-normuon-3e-3,1.0,782,NQ
16,0.003,0.3774066783825044,normuon,0.9943171110333004,1.0,0.1,verified-v3-normuon-3e-3,1.0,782,QuoraRetrieval
16,0.003,0.03288271564707166,normuon,0.9450910812386246,1.0099440967893945,0.1,verified-v3-normuon-3e-3,0.8310944077810325,782,SCIDOCS
16,0.003,0.17611558710688002,normuon,0.9636126461719166,1.0,0.1,verified-v3-normuon-3e-3,1.0,782,SciFact
16,0.003,0.04268919285812905,normuon,0.9843110259971432,1.0,0.1,verified-v3-normuon-3e-3,0.8496941840459152,782,TRECCOVID
16,0.003,0.25510708944281213,normuon,1.010607903583059,1.0,0.1,verified-v3-normuon-3e-3,1.0,782,Touche2020
17,0.003,0.18689402858649712,normuon,1.0090151175046942,1.0,0.1,verified-v3-normuon-3e-3,1.0,782,ArguAna
17,0.003,-0.02208999025323318,normuon,1.5199824971385665,1.0043944541893772,0.1,verified-v3-normuon-3e-3,0.7217328937706237,782,ClimateFEVER
17,0.003,0.18684225115001202,normuon,0.9629902297832512,0.9769331095982161,0.1,verified-v3-normuon-3e-3,0.9769331095982161,782,DBPedia
17,0.003,0.3073781892400447,normuon,1.0100439248455855,1.0,0.1,verified-v3-normuon-3e-3,1.0,782,FEVER
17,0.003,0.1510503947620716,normuon,0.9877585844379951,1.0241825215502611,0.1,verified-v3-normuon-3e-3,0.9769331095982161,782,FiQA2018
17,0.003,0.22177717636878827,normuon,1.0078070032259663,1.0,0.1,verified-v3-normuon-3e-3,1.0,782,HotpotQA
17,0.003,0.3629527063538297,normuon,0.9870336347070388,1.0,0.1,verified-v3-normuon-3e-3,1.0,782,MSMARCO
17,0.003,-0.051448385101189556,normuon,1.0448724343285476,1.0143680459912012,0.1,verified-v3-normuon-3e-3,0.5552534486523915,782,NFCorpus
17,0.003,0.3110522454829003,normuon,0.9970440442657722,1.0,0.1,verified-v3-normuon-3e-3,1.0,782,NQ
17,0.003,0.37985289207377226,normuon,1.0007619151922942,1.0,0.1,verified-v3-normuon-3e-3,1.0,782,QuoraRetrieval
17,0.003,0.040332177010205944,normuon,1.159198078054045,1.0202748765800378,0.1,verified-v3-normuon-3e-3,0.8395957231897917,782,SCIDOCS
17,0.003,0.1835746339556224,normuon,1.0044246605422003,1.0,0.1,verified-v3-normuon-3e-3,1.0,782,SciFact
17,0.003,0.0442779850083522,normuon,1.0209447856627247,0.9728527147356143,0.1,verified-v3-normuon-3e-3,0.8266272936441313,782,TRECCOVID
17,0.003,0.2508244854376872,normuon,0.9936423481963047,1.0,0.1,verified-v3-normuon-3e-3,1.0,782,Touche2020
18,0.003,0.1800533875753058,normuon,0.9720834389170064,1.0,0.1,verified-v3-normuon-3e-3,1.0,782,ArguAna
18,0.003,-0.01325946197768908,normuon,0.9123657320134797,1.028736766907397,0.1,verified-v3-normuon-3e-3,0.739224674739511,782,ClimateFEVER
18,0.003,0.19061116141921872,normuon,0.9824152995618304,0.9769331095982161,0.1,verified-v3-normuon-3e-3,0.9769331095982161,782,DBPedia
18,0.003,0.29846660589809226,normuon,0.980760485322605,1.0,0.1,verified-v3-normuon-3e-3,1.0,782,FEVER
18,0.003,0.15379178160980053,normuon,1.0056852399517058,1.0241825215502611,0.1,verified-v3-normuon-3e-3,0.9769331095982161,782,FiQA2018
18,0.003,0.21700795056000577,normuon,0.9861345333679116,0.9769331095982161,0.1,verified-v3-normuon-3e-3,0.9769331095982161,782,HotpotQA
18,0.003,0.36432802944681464,normuon,0.9907737642820531,1.0,0.1,verified-v3-normuon-3e-3,1.0,782,MSMARCO
18,0.003,-0.05073261778355515,normuon,1.0303358159659202,1.0276388563657979,0.1,verified-v3-normuon-3e-3,0.5625177382325175,782,NFCorpus
18,0.003,0.30899551851474316,normuon,0.9904514303108456,1.0,0.1,verified-v3-normuon-3e-3,1.0,782,NQ
18,0.003,0.3775398120024692,normuon,0.9946678653891909,1.0,0.1,verified-v3-normuon-3e-3,1.0,782,QuoraRetrieval
18,0.003,0.034720745593508386,normuon,0.997918400249351,1.0033284078532845,0.1,verified-v3-normuon-3e-3,0.8256502826102445,782,SCIDOCS
18,0.003,0.18312401530659184,normuon,1.001959110297955,1.0,0.1,verified-v3-normuon-3e-3,1.0,782,SciFact
18,0.003,0.04294789358599363,normuon,0.9902760480980964,0.9457054294712286,0.1,verified-v3-normuon-3e-3,0.8035604032423475,782,TRECCOVID
18,0.003,0.24783686339035987,normuon,0.9818068697682352,1.0,0.1,verified-v3-normuon-3e-3,1.0,782,Touche2020
19,0.003,0.18232567410392136,normuon,0.9843512008996438,1.0,0.1,verified-v3-normuon-3e-3,1.0,782,ArguAna
19,0.003,-0.01131181201667325,normuon,0.7783505596499076,0.9635710986703824,0.1,verified-v3-normuon-3e-3,0.6923982450285311,782,ClimateFEVER
19,0.003,0.19271672981635535,normuon,0.9932674584397225,0.9769331095982161,0.1,verified-v3-normuon-3e-3,0.9769331095982161,782,DBPedia
19,0.003,0.30833651488128266,normuon,1.0131929803929207,1.0,0.1,verified-v3-normuon-3e-3,1.0,782,FEVER
19,0.003,0.15338300742364797,normuon,1.0030121571563588,1.0241825215502611,0.1,verified-v3-normuon-3e-3,0.9769331095982161,782,FiQA2018
19,0.003,0.21956210834396686,normuon,0.9977412196111329,1.0,0.1,verified-v3-normuon-3e-3,1.0,782,HotpotQA
19,0.003,0.36052160574348546,normuon,0.9804223654431383,1.0,0.1,verified-v3-normuon-3e-3,1.0,782,MSMARCO
19,0.003,-0.052466580295289854,normuon,1.0655511026480438,0.9894730515729827,0.1,verified-v3-normuon-3e-3,0.5416262138833875,782,NFCorpus
19,0.003,0.3076620731157351,normuon,0.98617721653248,1.0,0.1,verified-v3-normuon-3e-3,1.0,782,NQ
19,0.003,0.37621471697052444,normuon,0.9911767648351287,1.0,0.1,verified-v3-normuon-3e-3,1.0,782,QuoraRetrieval
19,0.003,0.03508974938912216,normuon,1.0085240387836134,1.0,0.1,verified-v3-normuon-3e-3,0.8229112981828164,782,SCIDOCS
19,0.003,0.17472970756134099,normuon,0.9560298360522084,1.0,0.1,verified-v3-normuon-3e-3,1.0,782,SciFact
19,0.003,0.04299281402848045,normuon,0.9913118064217403,0.963222062023304,0.1,verified-v3-normuon-3e-3,0.8184441840459152,782,TRECCOVID
19,0.003,0.24904367577160344,normuon,0.9865876625454584,1.0,0.1,verified-v3-normuon-3e-3,1.0,782,Touche2020
0,0.003,0.18025378877820059,normuon,0.9731653774081197,1.0,0.25,verified-v3-normuon-3e-3,1.0,782,ArguAna
0,0.003,-0.013298087293375817,normuon,0.9150234879978536,0.9787707532270423,0.25,verified-v3-normuon-3e-3,0.7033203390541753,782,ClimateFEVER
0,0.003,0.1959402497381379,normuon,1.0098815709923268,1.0,0.25,verified-v3-normuon-3e-3,1.0,782,DBPedia
0,0.003,0.29786374609520627,normuon,0.9787794895891598,1.0,0.25,verified-v3-normuon-3e-3,1.0,782,FEVER
0,0.003,0.14313120658538492,normuon,0.935972913069023,1.0,0.25,verified-v3-normuon-3e-3,0.9538662191964322,782,FiQA2018
0,0.003,0.22069734216884024,normuon,1.002899985800418,1.0,0.25,verified-v3-normuon-3e-3,1.0,782,HotpotQA
0,0.003,0.35555145692304235,normuon,0.9669062682508653,1.0,0.25,verified-v3-normuon-3e-3,1.0,782,MSMARCO
0,0.003,-0.04945321007182819,normuon,1.0043521461651754,1.014719880230503,0.25,verified-v3-normuon-3e-3,0.5554460386846765,782,NFCorpus
0,0.003,0.2985745250557619,normuon,0.9570480724682446,1.0,0.25,verified-v3-normuon-3e-3,1.0,782,NQ
0,0.003,0.36993696980162816,normuon,0.9746373875895358,1.0,0.25,verified-v3-normuon-3e-3,1.0,782,QuoraRetrieval
0,0.003,0.03071994882100841,normuon,0.8829304111756832,0.9719691655069981,0.25,verified-v3-normuon-3e-3,0.7998444077810325,782,SCIDOCS
0,0.003,0.18418275704793163,normuon,1.007751992959533,1.0,0.25,verified-v3-normuon-3e-3,1.0,782,SciFact
0,0.003,0.04501080779986165,normuon,1.0378419323523322,1.0,0.25,verified-v3-normuon-3e-3,0.8496941840459152,782,TRECCOVID
0,0.003,0.2423098034016069,normuon,0.95991139630095,1.0,0.25,verified-v3-normuon-3e-3,1.0,782,Touche2020
1,0.003,0.19103905950064098,normuon,1.031393568472483,1.0,0.25,verified-v3-normuon-3e-3,1.0,782,ArguAna
1,0.003,-0.013372387967407346,normuon,0.9201360173724192,0.9614416468000104,0.25,verified-v3-normuon-3e-3,0.6908680738351933,782,ClimateFEVER
1,0.003,0.20278187735555447,normuon,1.045143512607972,1.0,0.25,verified-v3-normuon-3e-3,1.0,782,DBPedia
1,0.003,0.30960359196881626,normuon,1.0173565923841894,1.0,0.25,verified-v3-normuon-3e-3,1.0,782,FEVER
1,0.003,0.15123280663548008,normuon,0.9889514240472291,1.0,0.25,verified-v3-normuon-3e-3,0.9538662191964322,782,FiQA2018
1,0.003,0.2103716409788568,normuon,0.9559776011670255,0.9769331095982161,0.25,verified-v3-normuon-3e-3,0.9769331095982161,782,HotpotQA
1,0.003,0.37479612187987343,normuon,1.0192412729733331,1.0,0.25,verified-v3-normuon-3e-3,1.0,782,MSMARCO
1,0.003,-0.0522981358496775,normuon,1.0621301408901587,1.008738520860271,0.25,verified-v3-normuon-3e-3,0.5521719110826921,782,NFCorpus
1,0.003,0.30958383919837495,normuon,0.9923372280900026,1.0,0.25,verified-v3-normuon-3e-3,1.0,782,NQ
1,0.003,0.3847047492785255,normuon,1.013544637161212,1.0,0.25,verified-v3-normuon-3e-3,1.0,782,QuoraRetrieval
1,0.003,0.03720178542813739,normuon,1.0692266414868545,0.969798432489704,0.25,verified-v3-normuon-3e-3,0.7980580870557628,782,SCIDOCS
1,0.003,0.18199078210816935,normuon,0.9957586492314451,1.0,0.25,verified-v3-normuon-3e-3,1.0,782,SciFact
1,0.003,0.04072325622918047,normuon,0.9389812136786784,0.9581229155282882,0.25,verified-v3-normuon-3e-3,0.8141114689255022,782,TRECCOVID
1,0.003,0.25513618015384676,normuon,1.0107231465680997,1.0,0.25,verified-v3-normuon-3e-3,1.0,782,Touche2020
2,0.003,0.1770902840141352,normuon,0.9560860509289285,1.0,0.25,verified-v3-normuon-3e-3,1.0,782,ArguAna
2,0.003,-0.007071465740534463,normuon,0.48657803971435437,1.0,0.25,verified-v3-normuon-3e-3,0.7185751482002327,782,ClimateFEVER
2,0.003,0.18461289451485952,normuon,0.951500062836854,0.9769331095982161,0.25,verified-v3-normuon-3e-3,0.9769331095982161,782,DBPedia
2,0.003,0.3010563716470288,normuon,0.9892704487912353,1.0,0.25,verified-v3-normuon-3e-3,1.0,782,FEVER
2,0.003,0.1472368300343168,normuon,0.9628206734640902,1.0241825215502611,0.25,verified-v3-normuon-3e-3,0.9769331095982161,782,FiQA2018
2,0.003,0.224343059113706,normuon,1.019466970415217,1.0,0.25,verified-v3-normuon-3e-3,1.0,782,HotpotQA
2,0.003,0.36332425398887497,normuon,0.9880440418655075,1.0,0.25,verified-v3-normuon-3e-3,1.0,782,MSMARCO
2,0.003,-0.04494455610455439,normuon,0.9127852634133684,0.9811899253850783,0.25,verified-v3-normuon-3e-3,0.5370921254924597,782,NFCorpus
2,0.003,0.3028281077065465,normuon,0.9706824676875203,1.0,0.25,verified-v3-normuon-3e-3,1.0,782,NQ
2,0.003,0.36746814183618803,normuon,0.9681330037753556,1.0,0.25,verified-v3-normuon-3e-3,1.0,782,QuoraRetrieval
2,0.003,0.027654016984678453,normuon,0.7948116297070047,0.9633821755366391,0.25,verified-v3-normuon-3e-3,0.7927780767170416,782,SCIDOCS
2,0.003,0.17669470556340572,normuon,0.9667812803485216,1.0,0.25,verified-v3-normuon-3e-3,1.0,782,SciFact
2,0.003,0.041783376938690435,normuon,0.9634250701536987,0.9977458345674589,0.25,verified-v3-normuon-3e-3,0.8477788327880077,782,TRECCOVID
2,0.003,0.2544984970880457,normuon,1.0081969621814284,1.0,0.25,verified-v3-normuon-3e-3,1.0,782,Touche2020
3,0.003,0.1860125319769934,normuon,1.0042560387275639,1.0,0.25,verified-v3-normuon-3e-3,1.0,782,ArguAna
3,0.003,-0.014830818366856763,normuon,1.020488650173308,0.9803174391278262,0.25,verified-v3-normuon-3e-3,0.7044317491045503,782,ClimateFEVER
3,0.003,0.18534645316505383,normuon,0.9552808448000457,1.0,0.25,verified-v3-normuon-3e-3,1.0,782,DBPedia
3,0.003,0.30649048058761524,normuon,1.0071269165385355,1.0,0.25,verified-v3-normuon-3e-3,1.0,782,FEVER
3,0.003,0.15053286922683462,normuon,0.9843743477340698,1.0,0.25,verified-v3-normuon-3e-3,0.9538662191964322,782,FiQA2018
3,0.003,0.2180489479853342,normuon,0.9908650674686867,1.0,0.25,verified-v3-normuon-3e-3,1.0,782,HotpotQA
3,0.003,0.36075233958915054,normuon,0.9810498358059428,1.0,0.25,verified-v3-normuon-3e-3,1.0,782,MSMARCO
3,0.003,-0.04420945077079219,normuon,0.8978559065819477,1.079046558434238,0.25,verified-v3-normuon-3e-3,0.5906577254625999,782,NFCorpus
3,0.003,0.3112485633081094,normuon,0.9976733196407308,1.0,0.25,verified-v3-normuon-3e-3,1.0,782,NQ
3,0.003,0.37654824690780764,normuon,0.9920554841124449,1.0,0.25,verified-v3-normuon-3e-3,1.0,782,QuoraRetrieval
3,0.003,0.03385562992408456,normuon,0.9730538753059844,1.005065673903799,0.25,verified-v3-normuon-3e-3,0.8270798984711626,782,SCIDOCS
3,0.003,0.18590698186177307,normuon,1.0171860519361116,1.0,0.25,verified-v3-normuon-3e-3,1.0,782,SciFact
3,0.003,0.04116633545551597,normuon,0.9491975644380314,1.003223494380515,0.25,verified-v3-normuon-3e-3,0.8524331684733434,782,TRECCOVID
3,0.003,0.2424846300947039,normuon,0.96060397304661,1.0,0.25,verified-v3-normuon-3e-3,1.0,782,Touche2020
4,0.003,0.1810012314953532,normuon,0.9772007176850656,1.0,0.25,verified-v3-normuon-3e-3,1.0,782,ArguAna
4,0.003,-0.024410367040516325,normuon,1.679644500743153,0.9696280950656828,0.25,verified-v3-normuon-3e-3,0.6967506521109323,782,ClimateFEVER
4,0.003,0.1864889896777065,normuon,0.9611695101960314,1.0,0.25,verified-v3-normuon-3e-3,1.0,782,DBPedia
4,0.003,0.30348953081267194,normuon,0.9972658034373028,1.0,0.25,verified-v3-normuon-3e-3,1.0,782,FEVER
4,0.003,0.15242146862817646,normuon,0.9967244000075398,1.0241825215502611,0.25,verified-v3-normuon-3e-3,0.9769331095982161,782,FiQA2018
4,0.003,0.22267866332010708,normuon,1.0119035693277239,0.9769331095982161,0.25,verified-v3-normuon-3e-3,0.9769331095982161,782,HotpotQA
4,0.003,0.3702657159660326,normuon,1.00692103692727,1.0,0.25,verified-v3-normuon-3e-3,1.0,782,MSMARCO
4,0.003,-0.05789137234106714,normuon,1.1757239615132755,1.0817485215139553,0.25,verified-v3-normuon-3e-3,0.5921367491010846,782,NFCorpus
4,0.003,0.3107735323144487,normuon,0.9961506596054825,1.0,0.25,verified-v3-normuon-3e-3,1.0,782,NQ
4,0.003,0.38229312698469603,normuon,1.0071909676332083,1.0,0.25,verified-v3-normuon-3e-3,1.0,782,QuoraRetrieval
4,0.003,0.04673677761753288,normuon,1.3432744474709122,1.00468551467232,0.25,verified-v3-normuon-3e-3,0.8267670611444697,782,SCIDOCS
4,0.003,0.17377125273895938,normuon,0.9507856711102893,1.0,0.25,verified-v3-normuon-3e-3,1.0,782,SciFact
4,0.003,0.04563339161257689,normuon,1.0521972309755587,1.0,0.25,verified-v3-normuon-3e-3,0.8496941840459152,782,TRECCOVID
4,0.003,0.2512061173002472,normuon,0.995154184568256,1.0,0.25,verified-v3-normuon-3e-3,1.0,782,Touche2020
5,0.003,0.19258974102876483,normuon,1.0397654844515327,1.0,0.25,verified-v3-normuon-3e-3,1.0,782,ArguAna
5,0.003,-0.024141122995261277,normuon,1.6611181803801751,0.9332923979808744,0.25,verified-v3-normuon-3e-3,0.6706407231932574,782,ClimateFEVER
5,0.003,0.18668308470787992,normuon,0.9621698814533678,1.0,0.25,verified-v3-normuon-3e-3,1.0,782,DBPedia
5,0.003,0.29508457812033817,normuon,0.9696471509021466,1.0,0.25,verified-v3-normuon-3e-3,1.0,782,FEVER
5,0.003,0.14554098559439327,normuon,0.9517310969949624,1.0,0.25,verified-v3-normuon-3e-3,0.9538662191964322,782,FiQA2018
5,0.003,0.2132765365419322,normuon,0.9691781213469706,0.9769331095982161,0.25,verified-v3-normuon-3e-3,0.9769331095982161,782,HotpotQA
5,0.003,0.3675010292214774,normuon,0.9994025951067966,1.0,0.25,verified-v3-normuon-3e-3,1.0,782,MSMARCO
5,0.003,-0.04865609186550418,normuon,0.9881633612489679,1.030144251953607,0.25,verified-v3-normuon-3e-3,0.5638891630776388,782,NFCorpus
5,0.003,0.302930210645486,normuon,0.9710097475212138,1.0,0.25,verified-v3-normuon-3e-3,1.0,782,NQ
5,0.003,0.37097318378242616,normuon,0.9773674009963339,1.0,0.25,verified-v3-normuon-3e-3,1.0,782,QuoraRetrieval
5,0.003,0.04094571731999759,normuon,1.1768320071062552,1.0030943728695503,0.25,verified-v3-normuon-3e-3,0.8254576925779596,782,SCIDOCS
5,0.003,0.18905155350103392,normuon,1.0343915080127868,1.0,0.25,verified-v3-normuon-3e-3,1.0,782,SciFact
5,0.003,0.04081002865411122,normuon,0.940981978951887,0.9990601645407531,0.25,verified-v3-normuon-3e-3,0.848895611322233,782,TRECCOVID
5,0.003,0.2518375515658905,normuon,0.9976556143044739,1.0,0.25,verified-v3-normuon-3e-3,1.0,782,Touche2020
6,0.003,0.1821314719926093,normuon,0.983302730450121,1.0,0.25,verified-v3-normuon-3e-3,1.0,782,ArguAna
6,0.003,-0.013529938855166252,normuon,0.9309768819023223,0.9096582117749274,0.25,verified-v3-normuon-3e-3,0.6536577843377271,782,ClimateFEVER
6,0.003,0.1962730827950279,normuon,1.0115970019505882,0.9769331095982161,0.25,verified-v3-normuon-3e-3,0.9769331095982161,782,DBPedia
6,0.003,0.29744117577050583,normuon,0.9773909246088698,1.0,0.25,verified-v3-normuon-3e-3,1.0,782,FEVER
6,0.003,0.14312790594744373,normuon,0.9359513293223161,1.0,0.25,verified-v3-normuon-3e-3,0.9538662191964322,782,FiQA2018
6,0.003,0.20671371139242276,normuon,0.9393551194722206,0.9769331095982161,0.25,verified-v3-normuon-3e-3,0.9769331095982161,782,HotpotQA
6,0.003,0.3550244184626722,normuon,0.9654730107546051,1.0,0.25,verified-v3-normuon-3e-3,1.0,782,MSMARCO
6,0.003,-0.058560671812970574,normuon,1.1893168579108417,1.117142031002951,0.25,verified-v3-normuon-3e-3,0.6115107507579215,782,NFCorpus
6,0.003,0.2994554176828137,normuon,0.9598716776991798,1.0,0.25,verified-v3-normuon-3e-3,1.0,782,NQ
6,0.003,0.37461680257254515,normuon,0.9869668933122221,1.0,0.25,verified-v3-normuon-3e-3,1.0,782,QuoraRetrieval
6,0.003,0.030562352836551235,normuon,0.8784009020880491,0.99338431106389,0.25,verified-v3-normuon-3e-3,0.8174671730120284,782,SCIDOCS
6,0.003,0.1742578559697643,normuon,0.9534481102195954,1.0,0.25,verified-v3-normuon-3e-3,1.0,782,SciFact
6,0.003,0.048337649440062275,normuon,1.1145509701427323,1.0303707796449004,0.25,verified-v3-normuon-3e-3,0.8755000588751273,782,TRECCOVID
6,0.003,0.24603832656947267,normuon,0.9746819579124193,1.0,0.25,verified-v3-normuon-3e-3,1.0,782,Touche2020
7,0.003,0.1846887432500949,normuon,0.9971090857300544,1.0,0.25,verified-v3-normuon-3e-3,1.0,782,ArguAna
7,0.003,-0.01792195976236915,normuon,1.2331859290538012,0.9662639878201703,0.25,verified-v3-normuon-3e-3,0.6943332882484268,782,ClimateFEVER
7,0.003,0.19010136842149608,normuon,0.9797878120797584,1.0,0.25,verified-v3-normuon-3e-3,1.0,782,DBPedia
7,0.003,0.3031841607197541,normuon,0.996262358111713,1.0,0.25,verified-v3-normuon-3e-3,1.0,782,FEVER
7,0.003,0.15705289064942024,normuon,1.0270104966896745,1.0483650431005225,0.25,verified-v3-normuon-3e-3,1.0,782,FiQA2018
7,0.003,0.20680640361609737,normuon,0.9397763344668985,0.9769331095982161,0.25,verified-v3-normuon-3e-3,0.9769331095982161,782,HotpotQA
7,0.003,0.36818655823231405,normuon,1.0012668605590662,1.0,0.25,verified-v3-normuon-3e-3,1.0,782,MSMARCO
7,0.003,-0.06370392724127204,normuon,1.2937719503140939,0.9596547807015129,0.25,verified-v3-normuon-3e-3,0.5253040339806716,782,NFCorpus
7,0.003,0.30841003748902684,normuon,0.9885747347453954,1.0,0.25,verified-v3-normuon-3e-3,1.0,782,NQ
7,0.003,0.37223160773556063,normuon,0.980682849665389,1.0,0.25,verified-v3-normuon-3e-3,1.0,782,QuoraRetrieval
7,0.003,0.04561504485272468,normuon,1.3110344207367521,1.0099506205591642,0.25,verified-v3-normuon-3e-3,0.8310997762648827,782,SCIDOCS
7,0.003,0.17460499495360327,normuon,0.9553474737018491,1.0,0.25,verified-v3-normuon-3e-3,1.0,782,SciFact
7,0.003,0.051518181989646,normuon,1.18788646907105,1.0303707796449006,0.25,verified-v3-normuon-3e-3,0.8755000588751274,782,TRECCOVID
7,0.003,0.2497416137635354,normuon,0.9893525470980512,1.0,0.25,verified-v3-normuon-3e-3,1.0,782,Touche2020
8,0.003,0.19320314186236745,normuon,1.0430771510621573,1.0,0.25,verified-v3-normuon-3e-3,1.0,782,ArguAna
8,0.003,-0.023131253807783875,normuon,1.5916304408307869,0.9408686760979555,0.25,verified-v3-normuon-3e-3,0.6760848483640451,782,ClimateFEVER
8,0.003,0.20752734622625635,normuon,1.0696017929492714,0.9769331095982161,0.25,verified-v3-normuon-3e-3,0.9769331095982161,782,DBPedia
8,0.003,0.31164786691990365,normuon,1.0240740745196812,1.0,0.25,verified-v3-normuon-3e-3,1.0,782,FEVER
8,0.003,0.1575220760547497,normuon,1.0300786244660844,1.0483650431005225,0.25,verified-v3-normuon-3e-3,1.0,782,FiQA2018
8,0.003,0.23066086561654725,normuon,1.0481765506472343,1.0,0.25,verified-v3-normuon-3e-3,1.0,782,HotpotQA
8,0.003,0.37203853054242425,normuon,1.0117421267948068,1.0,0.25,verified-v3-normuon-3e-3,1.0,782,MSMARCO
8,0.003,-0.05339774236191422,normuon,1.0844622030333055,0.9846889961564276,0.25,verified-v3-normuon-3e-3,0.5390074767503672,782,NFCorpus
8,0.003,0.3227962553332271,normuon,1.0346881868402409,1.0,0.25,verified-v3-normuon-3e-3,1.0,782,NQ
8,0.003,0.39115965710008244,normuon,1.0305507625552408,1.0,0.25,verified-v3-normuon-3e-3,1.0,782,QuoraRetrieval
8,0.003,0.040722538489668045,normuon,1.1704175635934517,0.9976724693631779,0.25,verified-v3-normuon-3e-3,0.8209959469249088,782,SCIDOCS
8,0.003,0.19466563671854198,normuon,1.0651088435645186,1.0,0.25,verified-v3-normuon-3e-3,1.0,782,SciFact
8,0.003,0.04501035049451982,normuon,1.0378313879812615,0.9990601645407531,0.25,verified-v3-normuon-3e-3,0.848895611322233,782,TRECCOVID
8,0.003,0.25833695862421446,normuon,1.023403045142605,1.0,0.25,verified-v3-normuon-3e-3,1.0,782,Touche2020
9,0.003,0.18465369369061457,normuon,0.9969198579861559,1.0,0.25,verified-v3-normuon-3e-3,1.0,782,ArguAna
9,0.003,-0.016315823303111647,normuon,1.1226698410835858,0.9635710986703824,0.25,verified-v3-normuon-3e-3,0.6923982450285311,782,ClimateFEVER
9,0.003,0.20022427584472516,normuon,1.0319615623186338,1.0,0.25,verified-v3-normuon-3e-3,1.0,782,DBPedia
9,0.003,0.30844909268334564,normuon,1.013562910755668,1.0,0.25,verified-v3-normuon-3e-3,1.0,782,FEVER
9,0.003,0.1502124955391496,normuon,0.9822793392388096,1.0,0.25,verified-v3-normuon-3e-3,0.9538662191964322,782,FiQA2018
9,0.003,0.2307727334522417,normuon,1.0486849040769899,1.0,0.25,verified-v3-normuon-3e-3,1.0,782,HotpotQA
9,0.003,0.36924159489185937,normuon,1.0041359855182972,1.0,0.25,verified-v3-normuon-3e-3,1.0,782,MSMARCO
9,0.003,-0.057213733203717296,normuon,1.1619616936860846,0.9724216684118376,0.25,verified-v3-normuon-3e-3,0.5322924820668775,782,NFCorpus
9,0.003,0.32093390384509524,normuon,1.028718622284651,1.0,0.25,verified-v3-normuon-3e-3,1.0,782,NQ
9,0.003,0.3781447614954663,normuon,0.9962616676896056,1.0,0.25,verified-v3-normuon-3e-3,1.0,782,QuoraRetrieval
9,0.003,0.03126512791477479,normuon,0.8985995519098744,1.0013571068190354,0.25,verified-v3-normuon-3e-3,0.8240280767170416,782,SCIDOCS
9,0.003,0.19232225236243694,normuon,1.0522870664721036,1.0,0.25,verified-v3-normuon-3e-3,1.0,782,SciFact
9,0.003,0.048281311868976676,normuon,1.1132519600494344,1.0083226408755306,0.25,verified-v3-normuon-3e-3,0.8567658835937564,782,TRECCOVID
9,0.003,0.2600023468508265,normuon,1.0300004882321887,1.0,0.25,verified-v3-normuon-3e-3,1.0,782,Touche2020
10,0.003,0.19327767358897452,normuon,1.0434795375880888,1.0,0.25,verified-v3-normuon-3e-3,1.0,782,ArguAna
10,0.003,-0.010200856578969523,normuon,0.7019072112802348,0.9868417106408981,0.25,verified-v3-normuon-3e-3,0.7091199284739546,782,ClimateFEVER
10,0.003,0.20381019667386185,normuon,1.0504434993643526,1.0,0.25,verified-v3-normuon-3e-3,1.0,782,DBPedia
10,0.003,0.3062344686611922,normuon,1.0062856620187828,1.0,0.25,verified-v3-normuon-3e-3,1.0,782,FEVER
10,0.003,0.15381628448948542,normuon,1.0058454707792406,1.0,0.25,verified-v3-normuon-3e-3,0.9538662191964322,782,FiQA2018
10,0.003,0.21986397555528153,normuon,0.999112974336251,1.0,0.25,verified-v3-normuon-3e-3,1.0,782,HotpotQA
10,0.003,0.3782549041869673,normuon,1.028647276599886,1.0,0.25,verified-v3-normuon-3e-3,1.0,782,MSMARCO
10,0.003,-0.06307879286471166,normuon,1.2810760090025366,0.9691583178320204,0.25,verified-v3-normuon-3e-3,0.530506161341608,782,NFCorpus
10,0.003,0.32059403366038364,normuon,1.0276292054795604,1.0,0.25,verified-v3-normuon-3e-3,1.0,782,NQ
10,0.003,0.3929298378408755,normuon,1.035214487658717,1.0,0.25,verified-v3-normuon-3e-3,1.0,782,QuoraRetrieval
10,0.003,0.03439160221063996,normuon,0.9884584006879898,0.958117069649795,0.25,verified-v3-normuon-3e-3,0.7884453615966287,782,SCIDOCS
10,0.003,0.1741272852394277,normuon,0.952733695277459,1.0,0.25,verified-v3-normuon-3e-3,1.0,782,SciFact
10,0.003,0.03649601521344803,normuon,0.8415111126355178,0.9977458345674589,0.25,verified-v3-normuon-3e-3,0.8477788327880077,782,TRECCOVID
10,0.003,0.2506321514327807,normuon,0.9928804161547028,1.0,0.25,verified-v3-normuon-3e-3,1.0,782,Touche2020
11,0.003,0.1806031846227319,normuon,0.9750517174468666,1.0,0.25,verified-v3-normuon-3e-3,1.0,782,ArguAna
11,0.003,-0.019510335118830248,normuon,1.3424798994462839,0.9961883117802106,0.25,verified-v3-normuon-3e-3,0.7158361637728045,782,ClimateFEVER
11,0.003,0.1971102493396394,normuon,1.0159117819224641,1.0,0.25,verified-v3-normuon-3e-3,1.0,782,DBPedia
11,0.003,0.29276375074392463,normuon,0.9620209182213002,1.0,0.25,verified-v3-normuon-3e-3,1.0,782,FEVER
11,0.003,0.15272831442433976,normuon,0.998730946033033,1.0483650431005225,0.25,verified-v3-normuon-3e-3,1.0,782,FiQA2018
11,0.003,0.22097911621884606,normuon,1.004180432533363,1.0,0.25,verified-v3-normuon-3e-3,1.0,782,HotpotQA
11,0.003,0.3644452154596155,normuon,0.9910924463971794,1.0,0.25,verified-v3-normuon-3e-3,1.0,782,MSMARCO
11,0.003,-0.04467721438782235,normuon,0.9073557831719581,1.1326269275036904,0.25,verified-v3-normuon-3e-3,0.6199870057208421,782,NFCorpus
11,0.003,0.3150318948628581,normuon,1.009800376265218,1.0,0.25,verified-v3-normuon-3e-3,1.0,782,NQ
11,0.003,0.3771274888504723,normuon,0.9935815572002028,1.0,0.25,verified-v3-normuon-3e-3,1.0,782,QuoraRetrieval
11,0.003,0.040880764442661435,normuon,1.1749651787782653,0.9878851701933116,0.25,verified-v3-normuon-3e-3,0.8129418678593305,782,SCIDOCS
11,0.003,0.18110452110392813,normuon,0.990909491212413,1.0,0.25,verified-v3-normuon-3e-3,1.0,782,SciFact
11,0.003,0.03797319811566716,normuon,0.8755714290931497,0.9977458345674589,0.25,verified-v3-normuon-3e-3,0.8477788327880077,782,TRECCOVID
11,0.003,0.24272941478442892,normuon,0.9615736887164197,1.0,0.25,verified-v3-normuon-3e-3,1.0,782,Touche2020
12,0.003,0.18553977887231915,normuon,1.0017037098325674,1.0,0.25,verified-v3-normuon-3e-3,1.0,782,ArguAna
12,0.003,-0.011682503837857915,normuon,0.8038573649302152,0.988169204807525,0.25,verified-v3-normuon-3e-3,0.7100738327914734,782,ClimateFEVER
12,0.003,0.20528847291819302,normuon,1.0580625768024028,1.0,0.25,verified-v3-normuon-3e-3,1.0,782,DBPedia
12,0.003,0.31959530191476876,normuon,1.0501893250991552,1.0,0.25,verified-v3-normuon-3e-3,1.0,782,FEVER
12,0.003,0.16596518317992975,normuon,1.0852903407635668,1.0483650431005225,0.25,verified-v3-normuon-3e-3,1.0,782,FiQA2018
12,0.003,0.22570855641899845,normuon,1.0256721073445083,1.0,0.25,verified-v3-normuon-3e-3,1.0,782,HotpotQA
12,0.003,0.3718449020160364,normuon,1.011215562686487,1.0,0.25,verified-v3-normuon-3e-3,1.0,782,MSMARCO
12,0.003,-0.06253601789556687,normuon,1.2700527163921373,0.9770735640699257,0.25,verified-v3-normuon-3e-3,0.5348388764620209,782,NFCorpus
12,0.003,0.32258304498737655,normuon,1.0340047643329509,1.0,0.25,verified-v3-normuon-3e-3,1.0,782,NQ
12,0.003,0.387929038329703,normuon,1.0220393617067427,1.0,0.25,verified-v3-normuon-3e-3,1.0,782,QuoraRetrieval
12,0.003,0.04362557298992011,normuon,1.2538544683845128,1.0327163491653217,0.25,verified-v3-normuon-3e-3,0.8498339515462536,782,SCIDOCS
12,0.003,0.1914315424469117,normuon,1.047413566330688,1.0,0.25,verified-v3-normuon-3e-3,1.0,782,SciFact
12,0.003,0.04238896088310043,normuon,0.9773883923376199,0.9977458345674589,0.25,verified-v3-normuon-3e-3,0.8477788327880077,782,TRECCOVID
12,0.003,0.2575818711222597,normuon,1.0204117625442304,1.0,0.25,verified-v3-normuon-3e-3,1.0,782,Touche2020
13,0.003,0.177525578590348,normuon,0.9584361463883093,0.9769331095982161,0.25,verified-v3-normuon-3e-3,0.9769331095982161,782,ArguAna
13,0.003,-0.001491368561146962,normuon,0.10261906337393356,1.028736766907397,0.25,verified-v3-normuon-3e-3,0.739224674739511,782,ClimateFEVER
13,0.003,0.19232616601990096,normuon,0.9912544816222325,0.9769331095982161,0.25,verified-v3-normuon-3e-3,0.9769331095982161,782,DBPedia
13,0.003,0.30378361449929214,normuon,0.9982321616613568,1.0,0.25,verified-v3-normuon-3e-3,1.0,782,FEVER
13,0.003,0.1547596216814618,normuon,1.0120142028163996,1.0,0.25,verified-v3-normuon-3e-3,0.9538662191964322,782,FiQA2018
13,0.003,0.21561812048834253,normuon,0.9798188226962818,1.0,0.25,verified-v3-normuon-3e-3,1.0,782,HotpotQA
13,0.003,0.370578727882716,normuon,1.0077722588204319,1.0,0.25,verified-v3-normuon-3e-3,1.0,782,MSMARCO
13,0.003,-0.05254316294353012,normuon,1.067106430340774,1.0049579480737223,0.25,verified-v3-normuon-3e-3,0.5501024688463081,782,NFCorpus
13,0.003,0.3097578195447943,normuon,0.9928949031132046,1.0,0.25,verified-v3-normuon-3e-3,1.0,782,NQ
13,0.003,0.37797267229348885,normuon,0.9958082808049761,1.0,0.25,verified-v3-normuon-3e-3,1.0,782,QuoraRetrieval
13,0.003,0.039621412200747795,normuon,1.1387697931919645,0.9653534765708881,0.25,verified-v3-normuon-3e-3,0.7944002826102445,782,SCIDOCS
13,0.003,0.19279838587423626,normuon,1.0548922207390998,1.0,0.25,verified-v3-normuon-3e-3,1.0,782,SciFact
13,0.003,0.03690529661733866,normuon,0.850948166175602,0.963222062023304,0.25,verified-v3-normuon-3e-3,0.8184441840459152,782,TRECCOVID
13,0.003,0.26180144119930016,normuon,1.0371276087360926,1.0,0.25,verified-v3-normuon-3e-3,1.0,782,Touche2020
14,0.003,0.18224668682697226,normuon,0.9839247594711243,1.0,0.25,verified-v3-normuon-3e-3,1.0,782,ArguAna
14,0.003,-0.018442400092845514,normuon,1.2689967277033525,0.9727411610107449,0.25,verified-v3-normuon-3e-3,0.6989876239337625,782,ClimateFEVER
14,0.003,0.18881549324914984,normuon,0.9731603751907858,0.9769331095982161,0.25,verified-v3-normuon-3e-3,0.9769331095982161,782,DBPedia
14,0.003,0.29970062830765687,normuon,0.984815479728635,1.0,0.25,verified-v3-normuon-3e-3,1.0,782,FEVER
14,0.003,0.14568216585643534,normuon,0.9526543121643429,1.0,0.25,verified-v3-normuon-3e-3,0.9538662191964322,782,FiQA2018
14,0.003,0.21868042433062582,normuon,0.9937346426593194,1.0,0.25,verified-v3-normuon-3e-3,1.0,782,HotpotQA
14,0.003,0.3557736847660843,normuon,0.9675106069203694,1.0,0.25,verified-v3-normuon-3e-3,1.0,782,MSMARCO
14,0.003,-0.05364781646668397,normuon,1.0895409929331124,0.9949962701026105,0.25,verified-v3-normuon-3e-3,0.5446495604372903,782,NFCorpus
14,0.003,0.3095874310817514,normuon,0.9923487414803741,1.0,0.25,verified-v3-normuon-3e-3,1.0,782,NQ
14,0.003,0.37019921559423424,normuon,0.9753283013804689,1.0,0.25,verified-v3-normuon-3e-3,1.0,782,QuoraRetrieval
14,0.003,0.03247275829730975,normuon,0.9333083854568452,0.9824632666869394,0.25,verified-v3-normuon-3e-3,0.8084801222062798,782,SCIDOCS
14,0.003,0.17914954860367854,normuon,0.9802129012336079,1.0,0.25,verified-v3-normuon-3e-3,1.0,782,SciFact
14,0.003,0.03548156173220639,normuon,0.8181202335840956,0.962282226564057,0.25,verified-v3-normuon-3e-3,0.817645611322233,782,TRECCOVID
14,0.003,0.24489027663477791,normuon,0.9701339528364153,1.0,0.25,verified-v3-normuon-3e-3,1.0,782,Touche2020
15,0.003,0.18809492654421162,normuon,1.0154986001663868,0.9769331095982161,0.25,verified-v3-normuon-3e-3,0.9769331095982161,782,ArguAna
15,0.003,-0.02391229712702027,normuon,1.645372980376388,0.9779274417196586,0.25,verified-v3-normuon-3e-3,0.7027143563627781,782,ClimateFEVER
15,0.003,0.1937242893384368,normuon,0.9984604486211056,0.9769331095982161,0.25,verified-v3-normuon-3e-3,0.9769331095982161,782,DBPedia
15,0.003,0.29759844193308616,normuon,0.9779077008072421,1.0,0.25,verified-v3-normuon-3e-3,1.0,782,FEVER
15,0.003,0.150593678251416,normuon,0.9847719940701565,1.0483650431005225,0.25,verified-v3-normuon-3e-3,1.0,782,FiQA2018
15,0.003,0.21334161312841757,normuon,0.9694738444717745,1.0,0.25,verified-v3-normuon-3e-3,1.0,782,HotpotQA
15,0.003,0.35913984583599756,normuon,0.976664731239274,1.0,0.25,verified-v3-normuon-3e-3,1.0,782,MSMARCO
15,0.003,-0.0569189377132419,normuon,1.1559746509216464,1.0143778534376682,0.25,verified-v3-normuon-3e-3,0.5552588171362418,782,NFCorpus
15,0.003,0.30637431506766144,normuon,0.9820494485740977,1.0,0.25,verified-v3-normuon-3e-3,1.0,782,NQ
15,0.003,0.37233638886076514,normuon,0.9809589064276877,1.0,0.25,verified-v3-normuon-3e-3,1.0,782,QuoraRetrieval
15,0.003,0.03105480855798965,normuon,0.8925547060266185,0.9620250687176036,0.25,verified-v3-normuon-3e-3,0.7916612981828164,782,SCIDOCS
15,0.003,0.17835421626213616,normuon,0.9758612574364314,1.0,0.25,verified-v3-normuon-3e-3,1.0,782,SciFact
15,0.003,0.043615829040369584,normuon,1.0056770474700363,0.9986919881632202,0.25,verified-v3-normuon-3e-3,0.8485827739955403,782,TRECCOVID
15,0.003,0.25232454925695,normuon,0.9995848578887523,1.0,0.25,verified-v3-normuon-3e-3,1.0,782,Touche2020
16,0.003,0.1886721280300913,normuon,1.0186148314847632,1.0,0.25,verified-v3-normuon-3e-3,1.0,782,ArguAna
16,0.003,-0.01779742547443179,normuon,1.224616892318681,0.9499652283370036,0.25,verified-v3-normuon-3e-3,0.6826214047373302,782,ClimateFEVER
16,0.003,0.18701310812464655,normuon,0.9638708314472254,1.0,0.25,verified-v3-normuon-3e-3,1.0,782,DBPedia
16,0.003,0.29832065333990215,normuon,0.9802808855986295,1.0,0.25,verified-v3-normuon-3e-3,1.0,782,FEVER
16,0.003,0.1542500890972967,normuon,1.0086822341389743,1.0241825215502611,0.25,verified-v3-normuon-3e-3,0.9769331095982161,782,FiQA2018
16,0.003,0.21954791789283862,normuon,0.9976767349050863,1.0,0.25,verified-v3-normuon-3e-3,1.0,782,HotpotQA
16,0.003,0.36582377407509786,normuon,0.9948413748307637,1.0,0.25,verified-v3-normuon-3e-3,1.0,782,MSMARCO
16,0.003,-0.055552835209183665,normuon,1.128230284482346,0.977461372686428,0.25,verified-v3-normuon-3e-3,0.535051158456294,782,NFCorpus
16,0.003,0.3101466899091845,normuon,0.9941413846494647,1.0,0.25,verified-v3-normuon-3e-3,1.0,782,NQ
16,0.003,0.37686069751336204,normuon,0.9928786676999398,1.0,0.25,verified-v3-normuon-3e-3,1.0,782,QuoraRetrieval
16,0.003,0.02739903129541449,normuon,0.7874830166035941,0.9633821755366391,0.25,verified-v3-normuon-3e-3,0.7927780767170416,782,SCIDOCS
16,0.003,0.17617356358646655,normuon,0.9639298632327562,1.0,0.25,verified-v3-normuon-3e-3,1.0,782,SciFact
16,0.003,0.04928564186140588,normuon,1.136409415580933,0.9760762091161291,0.25,verified-v3-normuon-3e-3,0.8293662780715595,782,TRECCOVID
16,0.003,0.2526207010656451,normuon,1.0007580646356966,1.0,0.25,verified-v3-normuon-3e-3,1.0,782,Touche2020
17,0.003,0.18767577269178487,normuon,1.0132356462514993,1.0,0.25,verified-v3-normuon-3e-3,1.0,782,ArguAna
17,0.003,-0.016854023977693262,normuon,1.1597027051063524,0.9602757494075118,0.25,verified-v3-normuon-3e-3,0.6900302889435923,782,ClimateFEVER
17,0.003,0.1898621504389043,normuon,0.9785548758535759,0.9769331095982161,0.25,verified-v3-normuon-3e-3,0.9769331095982161,782,DBPedia
17,0.003,0.30265453512748797,normuon,0.9945220098025706,1.0,0.25,verified-v3-normuon-3e-3,1.0,782,FEVER
17,0.003,0.14526760141986778,normuon,0.9499433653861679,1.0,0.25,verified-v3-normuon-3e-3,0.9538662191964322,782,FiQA2018
17,0.003,0.21711792189169055,normuon,0.9866342686429324,1.0,0.25,verified-v3-normuon-3e-3,1.0,782,HotpotQA
17,0.003,0.3678738592069716,normuon,1.0004164895598975,1.0,0.25,verified-v3-normuon-3e-3,1.0,782,MSMARCO
17,0.003,-0.05007953058350907,normuon,1.0170721768604591,0.9952679646713428,0.25,verified-v3-normuon-3e-3,0.5447982829319163,782,NFCorpus
17,0.003,0.3130636057412173,normuon,1.0034912401807687,1.0,0.25,verified-v3-normuon-3e-3,1.0,782,NQ
17,0.003,0.3806861122694228,normuon,1.0029571203787644,1.0,0.25,verified-v3-normuon-3e-3,1.0,782,QuoraRetrieval
17,0.003,0.03521593427584298,normuon,1.012150752960962,0.9653534765708881,0.25,verified-v3-normuon-3e-3,0.7944002826102445,782,SCIDOCS
17,0.003,0.17426787780109462,normuon,0.9535029444541246,1.0,0.25,verified-v3-normuon-3e-3,1.0,782,SciFact
17,0.003,0.03755854175764313,normuon,0.8660104419234156,0.9760762091161291,0.25,verified-v3-normuon-3e-3,0.8293662780715595,782,TRECCOVID
17,0.003,0.24709722406766227,normuon,0.9788767852027626,1.0,0.25,verified-v3-normuon-3e-3,1.0,782,Touche2020
18,0.003,0.18346832727025494,normuon,0.990520227955324,1.0,0.25,verified-v3-normuon-3e-3,1.0,782,ArguAna
18,0.003,-0.0132988177753657,normuon,0.9150737514803798,0.9493353640449183,0.25,verified-v3-normuon-3e-3,0.682168799910299,782,ClimateFEVER
18,0.003,0.18557665993330408,normuon,0.9564673369734726,0.9769331095982161,0.25,verified-v3-normuon-3e-3,0.9769331095982161,782,DBPedia
18,0.003,0.3010693569103281,normuon,0.9893131183324295,1.0,0.25,verified-v3-normuon-3e-3,1.0,782,FEVER
18,0.003,0.147957179282301,normuon,0.9675312282071653,1.0241825215502611,0.25,verified-v3-normuon-3e-3,0.9769331095982161,782,FiQA2018
18,0.003,0.21543439132979803,normuon,0.9789839147237407,0.9769331095982161,0.25,verified-v3-normuon-3e-3,0.9769331095982161,782,HotpotQA
18,0.003,0.3629560002027584,normuon,0.9870425921817273,1.0,0.25,verified-v3-normuon-3e-3,1.0,782,MSMARCO
18,0.003,-0.055704071057248915,normuon,1.1313017544306228,1.0524373516291805,0.25,verified-v3-normuon-3e-3,0.5760921504695751,782,NFCorpus
18,0.003,0.31258563176955295,normuon,1.0019591467505409,1.0,0.25,verified-v3-normuon-3e-3,1.0,782,NQ
18,0.003,0.3787673951921364,normuon,0.9979020608621864,1.0,0.25,verified-v3-normuon-3e-3,1.0,782,QuoraRetrieval
18,0.003,0.025273406942781646,normuon,0.7263898684798676,0.9534380787472447,0.25,verified-v3-normuon-3e-3,0.7845949671188255,782,SCIDOCS
18,0.003,0.18110756753767931,normuon,0.9909261597091463,1.0,0.25,verified-v3-normuon-3e-3,1.0,782,SciFact
18,0.003,0.03958521626059763,normuon,0.9127407248312014,0.9705985493030732,0.25,verified-v3-normuon-3e-3,0.8247119423862238,782,TRECCOVID
18,0.003,0.26146128839815497,normuon,1.0357800918559694,1.0,0.25,verified-v3-normuon-3e-3,1.0,782,Touche2020
19,0.003,0.18367266375995733,normuon,0.9916234125178641,0.9769331095982161,0.25,verified-v3-normuon-3e-3,0.9769331095982161,782,ArguAna
19,0.003,-0.019930432028231748,normuon,1.3713862023496466,0.9602540897473675,0.25,verified-v3-normuon-3e-3,0.6900147248500942,782,ClimateFEVER
19,0.003,0.18879777947804316,normuon,0.9730690779151249,0.9769331095982161,0.25,verified-v3-normuon-3e-3,0.9769331095982161,782,DBPedia
19,0.003,0.2919217117621762,normuon,0.959253980332503,1.0,0.25,verified-v3-normuon-3e-3,1.0,782,FEVER
19,0.003,0.14863542768305021,normuon,0.9719664743465524,1.0,0.25,verified-v3-normuon-3e-3,0.9538662191964322,782,FiQA2018
19,0.003,0.20637888521318704,normuon,0.9378335915412489,0.9769331095982161,0.25,verified-v3-normuon-3e-3,0.9769331095982161,782,HotpotQA
19,0.003,0.36346675202894085,normuon,0.9884315589055038,1.0,0.25,verified-v3-normuon-3e-3,1.0,782,MSMARCO
19,0.003,-0.05300798986000689,normuon,1.0765466650693327,1.0751858459771204,0.25,verified-v3-normuon-3e-3,0.5885444156885572,782,NFCorpus
19,0.003,0.2976919510027549,normuon,0.9542190776098151,1.0,0.25,verified-v3-normuon-3e-3,1.0,782,NQ
19,0.003,0.36897077547813434,normuon,0.9720918482457421,1.0,0.25,verified-v3-normuon-3e-3,1.0,782,QuoraRetrieval
19,0.003,0.028974350308339458,normuon,0.8327596891631369,0.9986428931809644,0.25,verified-v3-normuon-3e-3,0.8217945196485911,782,SCIDOCS
19,0.003,0.16951302550398945,normuon,0.9274868723991876,1.0,0.25,verified-v3-normuon-3e-3,1.0,782,SciFact
19,0.003,0.042484963701057796,normuon,0.9796019884708678,0.9728527147356143,0.25,verified-v3-normuon-3e-3,0.8266272936441313,782,TRECCOVID
19,0.003,0.2508166387528197,normuon,0.9936112635182529,1.0,0.25,verified-v3-normuon-3e-3,1.0,782,Touche2020
0,0.003,0.171153838478882,normuon,0.9240359991717023,1.0,0.5,verified-v3-normuon-3e-3,1.0,782,ArguAna
0,0.003,-0.023046958882021597,normuon,1.5858302204464656,0.9781879872574544,0.5,verified-v3-normuon-3e-3,0.7029015779112127,782,ClimateFEVER
0,0.003,0.18675463398293254,normuon,0.9625386484340676,1.0,0.5,verified-v3-normuon-3e-3,1.0,782,DBPedia
0,0.003,0.3016686857129971,normuon,0.9912825112084089,1.0,0.5,verified-v3-normuon-3e-3,1.0,782,FEVER
0,0.003,0.15369108392895134,normuon,1.0050267511152584,1.0483650431005225,0.5,verified-v3-normuon-3e-3,1.0,782,FiQA2018
0,0.003,0.20953610340299483,normuon,0.9521807243458872,0.9769331095982161,0.5,verified-v3-normuon-3e-3,0.9769331095982161,782,HotpotQA
0,0.003,0.37282796624044445,normuon,1.0138889618307323,1.0,0.5,verified-v3-normuon-3e-3,1.0,782,MSMARCO
0,0.003,-0.07570650278054407,normuon,1.5375339322940003,0.9274160487655252,0.5,verified-v3-normuon-3e-3,0.5076569214179476,782,NFCorpus
0,0.003,0.32226324676357526,normuon,1.03297968600917,1.0,0.5,verified-v3-normuon-3e-3,1.0,782,NQ
0,0.003,0.387884404680233,normuon,1.0219217697192715,1.0,0.5,verified-v3-normuon-3e-3,1.0,782,QuoraRetrieval
0,0.003,0.028434831950268788,normuon,0.8172532451744543,0.9036358690947778,0.5,verified-v3-normuon-3e-3,0.7436121661213411,782,SCIDOCS
0,0.003,0.19275647004937996,normuon,1.054662879205112,1.0,0.5,verified-v3-normuon-3e-3,1.0,782,SciFact
0,0.003,0.029606660912346934,normuon,0.6826590251034076,0.9664455564038188,0.5,verified-v3-normuon-3e-3,0.8211831684733434,782,TRECCOVID
0,0.003,0.27557791550187904,normuon,1.091703174801716,1.0,0.5,verified-v3-normuon-3e-3,1.0,782,Touche2020
1,0.003,0.18535216303736438,normuon,1.0006907977819022,0.9769331095982161,0.5,verified-v3-normuon-3e-3,0.9769331095982161,782,ArguAna
1,0.003,-0.01342702066000773,normuon,0.9238952194169734,0.9690179249170919,0.5,verified-v3-normuon-3e-3,0.6963121990059813,782,ClimateFEVER
1,0.003,0.19459026493564324,normuon,1.0029237112622251,1.0,0.5,verified-v3-normuon-3e-3,1.0,782,DBPedia
1,0.003,0.2991163729296461,normuon,0.9828956180866065,1.0,0.5,verified-v3-normuon-3e-3,1.0,782,FEVER
1,0.003,0.16436559162423536,normuon,1.074830187427189,1.0483650431005225,0.5,verified-v3-normuon-3e-3,1.0,782,FiQA2018
1,0.003,0.2294845458246215,normuon,1.0428310802803253,0.9769331095982161,0.5,verified-v3-normuon-3e-3,0.9769331095982161,782,HotpotQA
1,0.003,0.370540715129169,normuon,1.0076688848390785,1.0,0.5,verified-v3-normuon-3e-3,1.0,782,MSMARCO
1,0.003,-0.05142920874729355,normuon,1.0444829790805847,1.0196715900399946,0.5,verified-v3-normuon-3e-3,0.5581565479118864,782,NFCorpus
1,0.003,0.3023044775366433,normuon,0.9690040282938766,1.0,0.5,verified-v3-normuon-3e-3,1.0,782,NQ
1,0.003,0.3817423802707367,normuon,1.005739968186452,1.0,0.5,verified-v3-normuon-3e-3,1.0,782,QuoraRetrieval
1,0.003,0.034485714579643056,normuon,0.9911633099033267,1.0301589331467789,0.5,verified-v3-normuon-3e-3,0.847729425010441,782,SCIDOCS
1,0.003,0.17488813537197584,normuon,0.9568966704099215,1.0,0.5,verified-v3-normuon-3e-3,1.0,782,SciFact
1,0.003,0.04015926229929897,normuon,0.9259768580886637,0.9824896855844389,0.5,verified-v3-normuon-3e-3,0.8348157717261977,782,TRECCOVID
1,0.003,0.2455932581600207,normuon,0.9729188173693255,1.0,0.5,verified-v3-normuon-3e-3,1.0,782,Touche2020
2,0.003,0.17785947415170558,normuon,0.9602388025332144,0.9769331095982161,0.5,verified-v3-normuon-3e-3,0.9769331095982161,782,ArguAna
2,0.003,-0.015744113156310607,normuon,1.0833312353797235,0.9362458326684581,0.5,verified-v3-normuon-3e-3,0.6727629879615875,782,ClimateFEVER
2,0.003,0.16726552733898672,normuon,0.8620912433647755,0.9538662191964322,0.5,verified-v3-normuon-3e-3,0.9538662191964322,782,DBPedia
2,0.003,0.2729463551088406,normuon,0.896901008064479,1.0,0.5,verified-v3-normuon-3e-3,1.0,782,FEVER
2,0.003,0.13153284489280676,normuon,0.8601281504961975,1.0,0.5,verified-v3-normuon-3e-3,0.9538662191964322,782,FiQA2018
2,0.003,0.21209455478280986,normuon,0.9638069216859738,1.0,0.5,verified-v3-normuon-3e-3,1.0,782,HotpotQA
2,0.003,0.35591896677610635,normuon,0.9679056948420168,1.0,0.5,verified-v3-normuon-3e-3,1.0,782,MSMARCO
2,0.003,-0.06547345106307476,normuon,1.3297094566061352,1.018432387218456,0.5,verified-v3-normuon-3e-3,0.557478222482612,782,NFCorpus
2,0.003,0.29616460086077956,normuon,0.9493233233284054,1.0,0.5,verified-v3-normuon-3e-3,1.0,782,NQ
2,0.003,0.36322400369577773,normuon,0.956951380830353,1.0,0.5,verified-v3-normuon-3e-3,1.0,782,QuoraRetrieval
2,0.003,0.026985764150762002,normuon,0.7756051931059232,0.9804919656526905,0.5,verified-v3-normuon-3e-3,0.8068579163130769,782,SCIDOCS
2,0.003,0.1653638590473001,normuon,0.9047847973902802,1.0,0.5,verified-v3-normuon-3e-3,1.0,782,SciFact
2,0.003,0.03618499562604286,normuon,0.8343397423498018,0.962282226564057,0.5,verified-v3-normuon-3e-3,0.817645611322233,782,TRECCOVID
2,0.003,0.22623759504587454,normuon,0.8962412692660133,1.0,0.5,verified-v3-normuon-3e-3,1.0,782,Touche2020
3,0.003,0.18765178954616973,normuon,1.013106164551768,0.9769331095982161,0.5,verified-v3-normuon-3e-3,0.9769331095982161,782,ArguAna
3,0.003,-0.021153078388317252,normuon,1.455514852757183,0.959880018874405,0.5,verified-v3-normuon-3e-3,0.6897459268171178,782,ClimateFEVER
3,0.003,0.20192840052259606,normuon,1.0407446689501452,0.9769331095982161,0.5,verified-v3-normuon-3e-3,0.9769331095982161,782,DBPedia
3,0.003,0.3070805977867175,normuon,1.009066040109319,1.0,0.5,verified-v3-normuon-3e-3,1.0,782,FEVER
3,0.003,0.15952497089370166,normuon,1.0431760849130935,1.0241825215502611,0.5,verified-v3-normuon-3e-3,0.9769331095982161,782,FiQA2018
3,0.003,0.22058016446728795,normuon,1.0023675031068429,1.0,0.5,verified-v3-normuon-3e-3,1.0,782,HotpotQA
3,0.003,0.3757195290689898,normuon,1.021752437481085,1.0,0.5,verified-v3-normuon-3e-3,1.0,782,MSMARCO
3,0.003,-0.04869736769128624,normuon,0.9890016377561702,1.0634357404392618,0.5,verified-v3-normuon-3e-3,0.5821125425161819,782,NFCorpus
3,0.003,0.34024505694380425,normuon,1.0906184171409168,1.0,0.5,verified-v3-normuon-3e-3,1.0,782,NQ
3,0.003,0.3979747140064924,normuon,1.0485057381368896,1.0,0.5,verified-v3-normuon-3e-3,1.0,782,QuoraRetrieval
3,0.003,0.019521666923014602,normuon,0.5610775429217079,0.981919786066162,0.5,verified-v3-normuon-3e-3,0.8080328858630987,782,SCIDOCS
3,0.003,0.2047844166130903,normuon,1.1204735300774706,1.0,0.5,verified-v3-normuon-3e-3,1.0,782,SciFact
3,0.003,0.04534823732814338,normuon,1.045622252919379,0.9916836772609838,0.5,verified-v3-normuon-3e-3,0.8426278529819244,782,TRECCOVID
3,0.003,0.2573189225417226,normuon,1.019370090537752,1.0,0.5,verified-v3-normuon-3e-3,1.0,782,Touche2020
4,0.003,0.1825093893856654,normuon,0.9853430544007875,1.0,0.5,verified-v3-normuon-3e-3,1.0,782,ArguAna
4,0.003,-0.016621947435548318,normuon,1.1437338306065041,0.9705646108178756,0.5,verified-v3-normuon-3e-3,0.6974236090563561,782,ClimateFEVER
4,0.003,0.1941270900917586,normuon,1.0005364950592681,0.96875,0.5,verified-v3-normuon-3e-3,0.96875,782,DBPedia
4,0.003,0.3129641318726679,normuon,1.0283993177072792,1.0,0.5,verified-v3-normuon-3e-3,1.0,782,FEVER
4,0.003,0.1470876521708035,normuon,0.9618451598580152,1.0241825215502611,0.5,verified-v3-normuon-3e-3,0.9769331095982161,782,FiQA2018
4,0.003,0.20794511198482296,normuon,0.9449508897905056,1.0,0.5,verified-v3-normuon-3e-3,1.0,782,HotpotQA
4,0.003,0.3645805407130511,normuon,0.9914604573650767,1.0,0.5,verified-v3-normuon-3e-3,1.0,782,MSMARCO
4,0.003,-0.06000101975501466,normuon,1.218569085313581,0.9628020172335605,0.5,verified-v3-normuon-3e-3,0.5270267952062943,782,NFCorpus
4,0.003,0.2921020919719142,normuon,0.9363013942112192,1.0,0.5,verified-v3-normuon-3e-3,1.0,782,NQ
4,0.003,0.3782059321563276,normuon,0.9964228281519701,1.0,0.5,verified-v3-normuon-3e-3,1.0,782,QuoraRetrieval
4,0.003,0.030392161185268933,normuon,0.8735093775115957,0.9353513410436372,0.5,verified-v3-normuon-3e-3,0.7697111863152577,782,SCIDOCS
4,0.003,0.1719517114100877,normuon,0.9408300898722178,1.0,0.5,verified-v3-normuon-3e-3,1.0,782,SciFact
4,0.003,0.041865459135812605,normuon,0.9653176899540761,0.9334524349488443,0.5,verified-v3-normuon-3e-3,0.7931491050595311,782,TRECCOVID
4,0.003,0.25055466153731587,normuon,0.9925734395788043,1.0,0.5,verified-v3-normuon-3e-3,1.0,782,Touche2020
5,0.003,0.18189959075102607,normuon,0.9820508355661978,0.9456831095982161,0.5,verified-v3-normuon-3e-3,0.9456831095982161,782,ArguAna
5,0.003,-0.018413518075594573,normuon,1.2670093949702808,0.989012516314909,0.5,verified-v3-normuon-3e-3,0.7106798154828708,782,ClimateFEVER
5,0.003,0.1838402660711168,normuon,0.9475179140562792,0.9769331095982161,0.5,verified-v3-normuon-3e-3,0.9769331095982161,782,DBPedia
5,0.003,0.3110059072269995,normuon,1.021964596650036,1.0,0.5,verified-v3-normuon-3e-3,1.0,782,FEVER
5,0.003,0.15628028643750808,normuon,1.0219582328813523,1.0483650431005225,0.5,verified-v3-normuon-3e-3,1.0,782,FiQA2018
5,0.003,0.22525120209537966,normuon,1.023593783064952,0.9538662191964322,0.5,verified-v3-normuon-3e-3,0.9538662191964322,782,HotpotQA
5,0.003,0.369824864112336,normuon,1.0057221600490873,1.0,0.5,verified-v3-normuon-3e-3,1.0,782,MSMARCO
5,0.003,-0.058491747915087246,normuon,1.18791707284814,1.0414291553726325,0.5,verified-v3-normuon-3e-3,0.5700663899391181,782,NFCorpus
5,0.003,0.30155211174659,normuon,0.966592401819625,1.0,0.5,verified-v3-normuon-3e-3,1.0,782,NQ
5,0.003,0.37992507994395575,normuon,1.000952101637431,1.0,0.5,verified-v3-normuon-3e-3,1.0,782,QuoraRetrieval
5,0.003,0.03770961644074432,normuon,1.0838223508541232,0.9627919109503319,0.5,verified-v3-normuon-3e-3,0.7922923413200522,782,SCIDOCS
5,0.003,0.17751832267802176,normuon,0.9712876836730949,1.0,0.5,verified-v3-normuon-3e-3,1.0,782,SciFact
5,0.003,0.044751570546528785,normuon,1.031864539253035,0.9207836554103856,0.5,verified-v3-normuon-3e-3,0.7823845167667428,782,TRECCOVID
5,0.003,0.2526781905627619,normuon,1.000985809541909,1.0,0.5,verified-v3-normuon-3e-3,1.0,782,Touche2020
6,0.003,0.18583072295866332,normuon,1.0032744768800228,1.0,0.5,verified-v3-normuon-3e-3,1.0,782,ArguAna
6,0.003,-0.014660177456915342,normuon,1.0087470788356387,0.9772240673262587,0.5,verified-v3-normuon-3e-3,0.7022089290038005,782,ClimateFEVER
6,0.003,0.16320332605133542,normuon,0.8411545434088303,0.9538662191964322,0.5,verified-v3-normuon-3e-3,0.9538662191964322,782,DBPedia
6,0.003,0.2832993748007177,normuon,0.9309210036583138,1.0,0.5,verified-v3-normuon-3e-3,1.0,782,FEVER
6,0.003,0.15297245649966937,normuon,1.0003274558012412,1.0483650431005225,0.5,verified-v3-normuon-3e-3,1.0,782,FiQA2018
6,0.003,0.20038455242976533,normuon,0.9105939510258798,0.9769331095982161,0.5,verified-v3-normuon-3e-3,0.9769331095982161,782,HotpotQA
6,0.003,0.35035008341033924,normuon,0.9527613658604492,1.0,0.5,verified-v3-normuon-3e-3,1.0,782,MSMARCO
6,0.003,-0.05477554880600943,normuon,1.1124442664244854,1.0751858459771204,0.5,verified-v3-normuon-3e-3,0.5885444156885572,782,NFCorpus
6,0.003,0.2895523827157655,normuon,0.9281285793051388,1.0,0.5,verified-v3-normuon-3e-3,1.0,782,NQ
6,0.003,0.34891262716903054,normuon,0.9192465722562907,1.0,0.5,verified-v3-normuon-3e-3,1.0,782,QuoraRetrieval
6,0.003,0.027362265927143574,normuon,0.7864263331464177,0.9814623894704768,0.5,verified-v3-normuon-3e-3,0.807656489036759,782,SCIDOCS
6,0.003,0.1716225726933091,normuon,0.9390292144639545,1.0,0.5,verified-v3-normuon-3e-3,1.0,782,SciFact
6,0.003,0.048864009399401054,normuon,1.1266875760828445,0.997745834567459,0.5,verified-v3-normuon-3e-3,0.8477788327880078,782,TRECCOVID
6,0.003,0.2395976493294585,normuon,0.9491671855185891,1.0,0.5,verified-v3-normuon-3e-3,1.0,782,Touche2020
7,0.003,0.17199480264284756,normuon,0.928576248858322,0.9769331095982161,0.5,verified-v3-normuon-3e-3,0.9769331095982161,782,ArguAna
7,0.003,-0.013527676239784764,normuon,0.9308211943833061,0.9848887975694763,0.5,verified-v3-normuon-3e-3,0.7077166136742354,782,ClimateFEVER
7,0.003,0.17073935471870838,normuon,0.8799954476121309,1.0,0.5,verified-v3-normuon-3e-3,1.0,782,DBPedia
7,0.003,0.28179095122882314,normuon,0.9259643277515006,1.0,0.5,verified-v3-normuon-3e-3,1.0,782,FEVER
7,0.003,0.1477910324053523,normuon,0.966444749722669,1.0241825215502611,0.5,verified-v3-normuon-3e-3,0.9769331095982161,782,FiQA2018
7,0.003,0.2103341765127556,normuon,0.9558073539309161,1.0,0.5,verified-v3-normuon-3e-3,1.0,782,HotpotQA
7,0.003,0.3463860427069143,normuon,0.9419813346466474,1.0,0.5,verified-v3-normuon-3e-3,1.0,782,MSMARCO
7,0.003,-0.06071829786158366,normuon,1.2331363864995615,0.9639806952774637,0.5,verified-v3-normuon-3e-3,0.5276719900656104,782,NFCorpus
7,0.003,0.287120497400121,normuon,0.9203334361884691,1.0,0.5,verified-v3-normuon-3e-3,1.0,782,NQ
7,0.003,0.3822586829738175,normuon,1.0071002213074254,1.0,0.5,verified-v3-normuon-3e-3,1.0,782,QuoraRetrieval
7,0.003,0.018029614816735075,normuon,0.5181940671916958,0.9684413256706685,0.5,verified-v3-normuon-3e-3,0.7969413085215376,782,SCIDOCS
7,0.003,0.17418446140350657,normuon,0.9530465334292154,1.0,0.5,verified-v3-normuon-3e-3,1.0,782,SciFact
7,0.003,0.03256330480916651,normuon,0.750832185398531,0.9852765189291884,0.5,verified-v3-normuon-3e-3,0.8371837278111365,782,TRECCOVID
7,0.003,0.2388497455094979,normuon,0.9462043611093459,1.0,0.5,verified-v3-normuon-3e-3,1.0,782,Touche2020
8,0.003,0.19027016933515958,normuon,1.0272424363761874,1.0,0.5,verified-v3-normuon-3e-3,1.0,782,ArguAna
8,0.003,-0.010698441451619543,normuon,0.7361453566392286,1.0169012195962492,0.5,verified-v3-normuon-3e-3,0.7307199445763722,782,ClimateFEVER
8,0.003,0.19219660644118525,normuon,0.9905867279010578,0.9769331095982161,0.5,verified-v3-normuon-3e-3,0.9769331095982161,782,DBPedia
8,0.003,0.2965914966712373,normuon,0.9745988813139103,1.0,0.5,verified-v3-normuon-3e-3,1.0,782,FEVER
8,0.003,0.15438712025206439,normuon,1.009578317195695,1.0241825215502611,0.5,verified-v3-normuon-3e-3,0.9769331095982161,782,FiQA2018
8,0.003,0.20770867166334905,normuon,0.9438764500500061,0.9538662191964322,0.5,verified-v3-normuon-3e-3,0.9538662191964322,782,HotpotQA
8,0.003,0.38803721115794587,normuon,1.0552498224312215,1.0,0.5,verified-v3-normuon-3e-3,1.0,782,MSMARCO
8,0.003,-0.07709078892579124,normuon,1.5656475928403302,0.9985313152511601,0.5,verified-v3-normuon-3e-3,0.546584603657186,782,NFCorpus
8,0.003,0.33271954785522434,normuon,1.0664962186170388,1.0,0.5,verified-v3-normuon-3e-3,1.0,782,NQ
8,0.003,0.39255056410865014,normuon,1.0342152516003267,1.0,0.5,verified-v3-normuon-3e-3,1.0,782,QuoraRetrieval
8,0.003,0.03551501340079595,normuon,1.0207466675019459,0.9865280633742761,0.5,verified-v3-normuon-3e-3,0.8118250893251053,782,SCIDOCS
8,0.003,0.19646290358488702,normuon,1.0749425505600547,0.9644172848795871,0.5,verified-v3-normuon-3e-3,0.9644172848795871,782,SciFact
8,0.003,0.04282191908372674,normuon,0.9873713763703388,1.0083226408755306,0.5,verified-v3-normuon-3e-3,0.8567658835937564,782,TRECCOVID
8,0.003,0.24695570306725856,normuon,0.9783161491112947,1.0,0.5,verified-v3-normuon-3e-3,1.0,782,Touche2020
9,0.003,0.17956983116041558,normuon,0.9694727844382048,0.9769331095982161,0.5,verified-v3-normuon-3e-3,0.9769331095982161,782,ArguAna
9,0.003,-0.013948361929442064,normuon,0.9597680104635972,0.9961883117802104,0.5,verified-v3-normuon-3e-3,0.7158361637728043,782,ClimateFEVER
9,0.003,0.1895641727683503,normuon,0.9770190905391146,0.9644172848795871,0.5,verified-v3-normuon-3e-3,0.9644172848795871,782,DBPedia
9,0.003,0.2991642755275151,normuon,0.9830530258977513,1.0,0.5,verified-v3-normuon-3e-3,1.0,782,FEVER
9,0.003,0.15174326220808937,normuon,0.9922894283908341,1.0,0.5,verified-v3-normuon-3e-3,0.9538662191964322,782,FiQA2018
9,0.003,0.21581460901178498,normuon,0.9807117121866302,1.0,0.5,verified-v3-normuon-3e-3,1.0,782,HotpotQA
9,0.003,0.366891922235014,normuon,0.9977461559282212,1.0,0.5,verified-v3-normuon-3e-3,1.0,782,MSMARCO
9,0.003,-0.06510329784006257,normuon,1.3221919631329657,1.0284398470132354,0.5,verified-v3-normuon-3e-3,0.5629561913374685,782,NFCorpus
9,0.003,0.31185842861485846,normuon,0.9996281763592685,1.0,0.5,verified-v3-normuon-3e-3,1.0,782,NQ
9,0.003,0.3997216285623212,normuon,1.0531081660584571,1.0,0.5,verified-v3-normuon-3e-3,1.0,782,QuoraRetrieval
9,0.003,0.02434330730071692,normuon,0.6996576214898935,0.9412306411456949,0.5,verified-v3-normuon-3e-3,0.7745493287946483,782,SCIDOCS
9,0.003,0.18391799786298602,normuon,1.0063033687747305,1.0,0.5,verified-v3-normuon-3e-3,1.0,782,SciFact
9,0.003,0.035256170392581415,normuon,0.812923246573954,0.9781037164922766,0.5,verified-v3-normuon-3e-3,0.8310890392971821,782,TRECCOVID
9,0.003,0.2527585820811365,normuon,1.0013042809102581,1.0,0.5,verified-v3-normuon-3e-3,1.0,782,Touche2020
10,0.003,0.16888231826348502,normuon,0.9117723744085799,0.9538662191964322,0.5,verified-v3-normuon-3e-3,0.9538662191964322,782,ArguAna
10,0.003,-0.010001699862362788,normuon,0.688203505666987,1.0098412804360868,0.5,verified-v3-normuon-3e-3,0.7256468477480738,782,ClimateFEVER
10,0.003,0.18703856940633318,normuon,0.964002059610829,0.9769331095982161,0.5,verified-v3-normuon-3e-3,0.9769331095982161,782,DBPedia
10,0.003,0.28894077008765495,normuon,0.9494586137968576,1.0,0.5,verified-v3-normuon-3e-3,1.0,782,FEVER
10,0.003,0.14561075919507147,normuon,0.9521873650712266,1.0483650431005225,0.5,verified-v3-normuon-3e-3,1.0,782,FiQA2018
10,0.003,0.21063468655530632,normuon,0.9571729413659312,1.0,0.5,verified-v3-normuon-3e-3,1.0,782,HotpotQA
10,0.003,0.3435822826656738,normuon,0.934356634745239,1.0,0.5,verified-v3-normuon-3e-3,1.0,782,MSMARCO
10,0.003,-0.06007204786829155,normuon,1.220011605180423,0.9894471984158184,0.5,verified-v3-normuon-3e-3,0.5416120621613072,782,NFCorpus
10,0.003,0.3080753831963128,normuon,0.9875020369131694,1.0,0.5,verified-v3-normuon-3e-3,1.0,782,NQ
10,0.003,0.365175405902439,normuon,0.9620925527166252,1.0,0.5,verified-v3-normuon-3e-3,1.0,782,QuoraRetrieval
10,0.003,0.03056812975889525,normuon,0.8785669381856432,0.9809428384786057,0.5,verified-v3-normuon-3e-3,0.8072289446555663,782,SCIDOCS
10,0.003,0.1698476834722236,normuon,0.9293179462730573,1.0,0.5,verified-v3-normuon-3e-3,1.0,782,SciFact
10,0.003,0.02969555023704015,normuon,0.6847086010389317,0.9462380973834369,0.5,verified-v3-normuon-3e-3,0.8040130080693787,782,TRECCOVID
10,0.003,0.22536723036359627,normuon,0.8927933155896527,1.0,0.5,verified-v3-normuon-3e-3,1.0,782,Touche2020
11,0.003,0.1643266663955718,normuon,0.887177037470431,0.9769331095982161,0.5,verified-v3-normuon-3e-3,0.9769331095982161,782,ArguAna
11,0.003,-0.021724335360858816,normuon,1.494822276150204,1.0326836401224972,0.5,verified-v3-normuon-3e-3,0.7420607997449793,782,ClimateFEVER
11,0.003,0.17646405476646504,normuon,0.9095007130459285,0.9644172848795871,0.5,verified-v3-normuon-3e-3,0.9644172848795871,782,DBPedia
11,0.003,0.28705630773533697,normuon,0.9432662754423865,1.0,0.5,verified-v3-normuon-3e-3,1.0,782,FEVER
11,0.003,0.14674360986517035,normuon,0.9595953759939329,1.0241825215502611,0.5,verified-v3-normuon-3e-3,0.9769331095982161,782,FiQA2018
11,0.003,0.2096643789136646,normuon,0.9527636380618614,0.9769331095982161,0.5,verified-v3-normuon-3e-3,0.9769331095982161,782,HotpotQA
11,0.003,0.3560280843675281,normuon,0.9682024352464442,1.0,0.5,verified-v3-normuon-3e-3,1.0,782,MSMARCO
11,0.003,-0.059518021109160026,normuon,1.208759798396627,0.9828071293766524,0.5,verified-v3-normuon-3e-3,0.5379773644321568,782,NFCorpus
11,0.003,0.2902769699077482,normuon,0.9304511645132798,1.0,0.5,verified-v3-normuon-3e-3,1.0,782,NQ
11,0.003,0.36509609894677775,normuon,0.9618836103010433,1.0,0.5,verified-v3-normuon-3e-3,1.0,782,QuoraRetrieval
11,0.003,0.030274012072606694,normuon,0.8701136217038395,0.9386797488969216,0.5,verified-v3-normuon-3e-3,0.7724501707426858,782,SCIDOCS
11,0.003,0.15002186828009742,normuon,0.8208414249518291,0.9769331095982161,0.5,verified-v3-normuon-3e-3,0.9769331095982161,782,SciFact
11,0.003,0.04328888880846362,normuon,0.9981385850733216,1.0207401269325904,0.5,verified-v3-normuon-3e-3,0.8673169492769113,782,TRECCOVID
11,0.003,0.2442195114849678,normuon,0.9674767136223786,1.0,0.5,verified-v3-normuon-3e-3,1.0,782,Touche2020
12,0.003,0.1641014292388478,normuon,0.8859610130855047,1.0,0.5,verified-v3-normuon-3e-3,1.0,782,ArguAna
12,0.003,-0.022233147465468034,normuon,1.529832952228934,1.0048420351636542,0.5,verified-v3-normuon-3e-3,0.7220545143355463,782,ClimateFEVER
12,0.003,0.16501933020662465,normuon,0.8505142800210018,0.9456831095982161,0.5,verified-v3-normuon-3e-3,0.9456831095982161,782,DBPedia
12,0.003,0.28877165145461803,normuon,0.9489028904116055,1.0,0.5,verified-v3-normuon-3e-3,1.0,782,FEVER
12,0.003,0.14575228744378083,normuon,0.953112855817698,1.0241825215502611,0.5,verified-v3-normuon-3e-3,0.9769331095982161,782,FiQA2018
12,0.003,0.2039144155674486,normuon,0.9266344690306308,1.0,0.5,verified-v3-normuon-3e-3,1.0,782,HotpotQA
12,0.003,0.3460928341932847,normuon,0.9411839672214469,1.0,0.5,verified-v3-normuon-3e-3,1.0,782,MSMARCO
12,0.003,-0.05973504765143606,normuon,1.2131674207368786,1.0014948516795739,0.5,verified-v3-normuon-3e-3,0.5482068095503889,782,NFCorpus
12,0.003,0.284765155391791,normuon,0.9127836442942853,1.0,0.5,verified-v3-normuon-3e-3,1.0,782,NQ
12,0.003,0.3589124473296293,normuon,0.9455921375641251,1.0,0.5,verified-v3-normuon-3e-3,1.0,782,QuoraRetrieval
12,0.003,0.03197519022308858,normuon,0.9190076459953409,0.9770348394107973,0.5,verified-v3-normuon-3e-3,0.8040130080693787,782,SCIDOCS
12,0.003,0.1742326122038378,normuon,0.9533099894973844,0.9769331095982161,0.5,verified-v3-normuon-3e-3,0.9769331095982161,782,SciFact
12,0.003,0.051285921644319915,normuon,1.1825310991635856,1.0091939916765447,0.5,verified-v3-normuon-3e-3,0.8575062653016419,782,TRECCOVID
12,0.003,0.24173733713112217,normuon,0.9576435685477104,1.0,0.5,verified-v3-normuon-3e-3,1.0,782,Touche2020
13,0.003,0.16887447300193975,normuon,0.9117300189221055,0.9769331095982161,0.5,verified-v3-normuon-3e-3,0.9769331095982161,782,ArguAna
13,0.003,-0.019087727201513974,normuon,1.3134008174680154,0.9747869715955935,0.5,verified-v3-normuon-3e-3,0.7004576925779596,782,ClimateFEVER
13,0.003,0.19685435863071285,normuon,1.0145929139947236,0.9769331095982161,0.5,verified-v3-normuon-3e-3,0.9769331095982161,782,DBPedia
13,0.003,0.2929452189131553,normuon,0.9626172221501426,1.0,0.5,verified-v3-normuon-3e-3,1.0,782,FEVER
13,0.003,0.15007369693248718,normuon,0.9813716983454854,1.0241825215502611,0.5,verified-v3-normuon-3e-3,0.9769331095982161,782,FiQA2018
13,0.003,0.22914528230345454,normuon,1.0412893880369243,0.9769331095982161,0.5,verified-v3-normuon-3e-3,0.9769331095982161,782,HotpotQA
13,0.003,0.3473434719896461,normuon,0.9445850207147393,1.0,0.5,verified-v3-normuon-3e-3,1.0,782,MSMARCO
13,0.003,-0.05294779825268856,normuon,1.0753242253145932,1.0150556687591072,0.5,verified-v3-normuon-3e-3,0.5556298454787314,782,NFCorpus
13,0.003,0.30483276694513467,normuon,0.9771081842147028,1.0,0.5,verified-v3-normuon-3e-3,1.0,782,NQ
13,0.003,0.37261105498616065,normuon,0.9816825428759679,1.0,0.5,verified-v3-normuon-3e-3,1.0,782,QuoraRetrieval
13,0.003,0.01843140208377349,normuon,0.5297419444019853,0.930086235156793,0.5,verified-v3-normuon-3e-3,0.7653784711948448,782,SCIDOCS
13,0.003,0.17603450930841325,normuon,0.9631690307417903,1.0,0.5,verified-v3-normuon-3e-3,1.0,782,SciFact
13,0.003,0.04072849808629346,normuon,0.9391020784083106,0.9689160429522462,0.5,verified-v3-normuon-3e-3,0.8232823265253058,782,TRECCOVID
13,0.003,0.2529491410683622,normuon,1.0020591812111854,1.0,0.5,verified-v3-normuon-3e-3,1.0,782,Touche2020
14,0.003,0.1801588721282535,normuon,0.9726529354889002,1.0,0.5,verified-v3-normuon-3e-3,1.0,782,ArguAna
14,0.003,-0.013743953305095816,normuon,0.9457029281476376,0.9303711195909661,0.5,verified-v3-normuon-3e-3,0.6685415651412949,782,ClimateFEVER
14,0.003,0.20707874628007683,normuon,1.0672896961799743,1.0,0.5,verified-v3-normuon-3e-3,1.0,782,DBPedia
14,0.003,0.2813529667679604,normuon,0.9245251119601495,1.0,0.5,verified-v3-normuon-3e-3,1.0,782,FEVER
14,0.003,0.14207820793167886,normuon,0.9290870756553694,1.0483650431005225,0.5,verified-v3-normuon-3e-3,1.0,782,FiQA2018
14,0.003,0.2148355454078033,normuon,0.9762626197558761,1.0,0.5,verified-v3-normuon-3e-3,1.0,782,HotpotQA
14,0.003,0.3471764666630229,normuon,0.9441308572061976,1.0,0.5,verified-v3-normuon-3e-3,1.0,782,MSMARCO
14,0.003,-0.06415007400959455,normuon,1.3028328073063609,0.9033825697723793,0.5,verified-v3-normuon-3e-3,0.49450127032385266,782,NFCorpus
14,0.003,0.29152792031923347,normuon,0.9344609496074426,1.0,0.5,verified-v3-normuon-3e-3,1.0,782,NQ
14,0.003,0.36317975739145836,normuon,0.9568348093439308,1.0,0.5,verified-v3-normuon-3e-3,1.0,782,QuoraRetrieval
14,0.003,0.037000806704740444,normuon,1.0634502572903721,0.9472667388672805,0.5,verified-v3-normuon-3e-3,0.7795165018066768,782,SCIDOCS
14,0.003,0.16610308573763766,normuon,0.9088294603238612,1.0,0.5,verified-v3-normuon-3e-3,1.0,782,SciFact
14,0.003,0.04622738374681035,normuon,1.0658932736490438,0.9540280703467592,0.5,verified-v3-normuon-3e-3,0.8106321027901886,782,TRECCOVID
14,0.003,0.242902734875874,normuon,0.9622602970527333,1.0,0.5,verified-v3-normuon-3e-3,1.0,782,Touche2020
15,0.003,0.187528887493995,normuon,1.0124426333006384,0.9769331095982161,0.5,verified-v3-normuon-3e-3,0.9769331095982161,782,ArguAna
15,0.003,-0.014390937789873992,normuon,0.9902210597316524,0.9248578663315875,0.5,verified-v3-normuon-3e-3,0.6645798783633715,782,ClimateFEVER
15,0.003,0.1798781102075798,normuon,0.9270968510366457,0.9769331095982161,0.5,verified-v3-normuon-3e-3,0.9769331095982161,782,DBPedia
15,0.003,0.3137096785626308,normuon,1.0308491821779744,1.0,0.5,verified-v3-normuon-3e-3,1.0,782,FEVER
15,0.003,0.1529361303172978,normuon,1.0000899092623268,1.0,0.5,verified-v3-normuon-3e-3,0.9538662191964322,782,FiQA2018
15,0.003,0.20353494260081917,normuon,0.9249100557273063,0.9769331095982161,0.5,verified-v3-normuon-3e-3,0.9769331095982161,782,HotpotQA
15,0.003,0.3649791105110288,normuon,0.9925443500857963,1.0,0.5,verified-v3-normuon-3e-3,1.0,782,MSMARCO
15,0.003,-0.07267893476475737,normuon,1.4760466308650355,0.9220667228930643,0.5,verified-v3-normuon-3e-3,0.504728761712614,782,NFCorpus
15,0.003,0.3211726300162686,normuon,1.029483832986825,1.0,0.5,verified-v3-normuon-3e-3,1.0,782,NQ
15,0.003,0.3943040304660963,normuon,1.0388349409240618,1.0,0.5,verified-v3-normuon-3e-3,1.0,782,QuoraRetrieval
15,0.003,0.02864675410480915,normuon,0.8233441575042821,0.9010849768460046,0.5,verified-v3-normuon-3e-3,0.7415130080693787,782,SCIDOCS
15,0.003,0.19009311127874404,normuon,1.0400903689870349,1.0,0.5,verified-v3-normuon-3e-3,1.0,782,SciFact
15,0.003,0.0378815282749192,normuon,0.87345774108552,1.0013143299732943,0.5,verified-v3-normuon-3e-3,0.8508109625801406,782,TRECCOVID
15,0.003,0.2597190555276268,normuon,1.0288782283574536,1.0,0.5,verified-v3-normuon-3e-3,1.0,782,Touche2020
16,0.003,0.17581956451004704,normuon,0.949225611355603,0.9769331095982161,0.5,verified-v3-normuon-3e-3,0.9769331095982161,782,ArguAna
16,0.003,-0.02356923958273972,normuon,1.6217676524952924,1.0001870354364812,0.5,verified-v3-normuon-3e-3,0.7187095472167209,782,ClimateFEVER
16,0.003,0.18592736824697856,normuon,0.9582748975091308,1.0,0.5,verified-v3-normuon-3e-3,1.0,782,DBPedia
16,0.003,0.29879596442970613,normuon,0.9818427565949263,1.0,0.5,verified-v3-normuon-3e-3,1.0,782,FEVER
16,0.003,0.15644920599474796,normuon,1.0230628426574868,1.0,0.5,verified-v3-normuon-3e-3,0.9538662191964322,782,FiQA2018
16,0.003,0.2106411498860923,normuon,0.9572023122423079,0.9769331095982161,0.5,verified-v3-normuon-3e-3,0.9769331095982161,782,HotpotQA
16,0.003,0.3570628555831572,normuon,0.9710164492382753,1.0,0.5,verified-v3-normuon-3e-3,1.0,782,MSMARCO
16,0.003,-0.0567271410471365,normuon,1.1520794256582005,1.034566665684394,0.5,verified-v3-normuon-3e-3,0.5663099416945241,782,NFCorpus
16,0.003,0.30235006026874056,normuon,0.969150138769589,1.0,0.5,verified-v3-normuon-3e-3,1.0,782,NQ
16,0.003,0.3709856885067121,normuon,0.9774003459918479,1.0,0.5,verified-v3-normuon-3e-3,1.0,782,QuoraRetrieval
16,0.003,0.030959674867983237,normuon,0.889820442746317,0.9936011489060713,0.5,verified-v3-normuon-3e-3,0.817645611322233,782,SCIDOCS
16,0.003,0.16165978040928147,normuon,0.8845180108062858,1.0,0.5,verified-v3-normuon-3e-3,1.0,782,SciFact
16,0.003,0.042021570008997866,normuon,0.9689172345569681,0.9852765189291884,0.5,verified-v3-normuon-3e-3,0.8371837278111365,782,TRECCOVID
16,0.003,0.24154502250253543,normuon,0.9568817132654879,1.0,0.5,verified-v3-normuon-3e-3,1.0,782,Touche2020
17,0.003,0.177412957114581,normuon,0.9578281185531555,1.0,0.5,verified-v3-normuon-3e-3,1.0,782,ArguAna
17,0.003,-0.014278881231913287,normuon,0.9825105988017326,1.0093984515804826,0.5,verified-v3-normuon-3e-3,0.7253286419375307,782,ClimateFEVER
17,0.003,0.17543201223503882,normuon,0.9041815367441707,0.9769331095982161,0.5,verified-v3-normuon-3e-3,0.9769331095982161,782,DBPedia
17,0.003,0.28430025319405666,normuon,0.9342098874376107,1.0,0.5,verified-v3-normuon-3e-3,1.0,782,FEVER
17,0.003,0.1414973862829279,normuon,0.9252889288813416,1.0,0.5,verified-v3-normuon-3e-3,0.9538662191964322,782,FiQA2018
17,0.003,0.19935703666712118,normuon,0.9059246807318263,1.0,0.5,verified-v3-normuon-3e-3,1.0,782,HotpotQA
17,0.003,0.3471558996969296,normuon,0.944074926262737,1.0,0.5,verified-v3-normuon-3e-3,1.0,782,MSMARCO
17,0.003,-0.0590425493965129,normuon,1.1991033770168142,1.048005130451927,0.5,verified-v3-normuon-3e-3,0.5736660033688397,782,NFCorpus
17,0.003,0.29942553098323765,normuon,0.9597758791436388,1.0,0.5,verified-v3-normuon-3e-3,1.0,782,NQ
17,0.003,0.36626558837535583,normuon,0.9649647517238488,1.0,0.5,verified-v3-normuon-3e-3,1.0,782,QuoraRetrieval
17,0.003,0.019621283996598057,normuon,0.5639406643497947,0.946815866041365,0.5,verified-v3-normuon-3e-3,0.7791454734641873,782,SCIDOCS
17,0.003,0.16921733264003375,normuon,0.9258689952551414,1.0,0.5,verified-v3-normuon-3e-3,1.0,782,SciFact
17,0.003,0.042792099969066896,normuon,0.9866838186682594,1.0152624671195343,0.5,verified-v3-normuon-3e-3,0.8626626135915755,782,TRECCOVID
17,0.003,0.238797583773449,normuon,0.9459977221530129,1.0,0.5,verified-v3-normuon-3e-3,1.0,782,Touche2020
18,0.003,0.16967230684073606,normuon,0.916037413923919,0.9769331095982161,0.5,verified-v3-normuon-3e-3,0.9769331095982161,782,ArguAna
18,0.003,-0.007552233918952756,normuon,0.5196590509778175,0.9673827868901717,0.5,verified-v3-normuon-3e-3,0.6951372294559592,782,ClimateFEVER
18,0.003,0.1715117301148615,normuon,0.8839762921782952,1.0,0.5,verified-v3-normuon-3e-3,1.0,782,DBPedia
18,0.003,0.2785571859302153,normuon,0.9153381834492301,1.0,0.5,verified-v3-normuon-3e-3,1.0,782,FEVER
18,0.003,0.14780767684676743,normuon,0.966553592138585,1.0241825215502611,0.5,verified-v3-normuon-3e-3,0.9769331095982161,782,FiQA2018
18,0.003,0.20465043967046193,normuon,0.9299791335164229,0.9769331095982161,0.5,verified-v3-normuon-3e-3,0.9769331095982161,782,HotpotQA
18,0.003,0.3694459376280328,normuon,1.0046916864404294,1.0,0.5,verified-v3-normuon-3e-3,1.0,782,MSMARCO
18,0.003,-0.06004250086014121,normuon,1.219411530867644,0.934633864789058,0.5,verified-v3-normuon-3e-3,0.5116078712281704,782,NFCorpus
18,0.003,0.29589841823022023,normuon,0.9484701039405364,1.0,0.5,verified-v3-normuon-3e-3,1.0,782,NQ
18,0.003,0.36340251575186905,normuon,0.957421689391553,1.0,0.5,verified-v3-normuon-3e-3,1.0,782,QuoraRetrieval
18,0.003,0.02579789071972363,normuon,0.7414641994798488,0.9428971936017734,0.5,verified-v3-normuon-3e-3,0.7759207536397696,782,SCIDOCS
18,0.003,0.17874907644821011,normuon,0.9780217264501124,0.9769331095982161,0.5,verified-v3-normuon-3e-3,0.9769331095982161,782,SciFact
18,0.003,0.03805437986085951,normuon,0.8774432866184976,0.9852765189291884,0.5,verified-v3-normuon-3e-3,0.8371837278111365,782,TRECCOVID
18,0.003,0.2403851243973128,normuon,0.9522867716076561,1.0,0.5,verified-v3-normuon-3e-3,1.0,782,Touche2020
19,0.003,0.18932407834260814,normuon,1.02213462142223,0.9538662191964322,0.5,verified-v3-normuon-3e-3,0.9538662191964322,782,ArguAna
19,0.003,-0.016086228609999063,normuon,1.106871739275191,0.9538456745394346,0.5,verified-v3-normuon-3e-3,0.6854097969423252,782,ClimateFEVER
19,0.003,0.21136448633282845,normuon,1.0893785212331308,0.9769331095982161,0.5,verified-v3-normuon-3e-3,0.9769331095982161,782,DBPedia
19,0.003,0.31239725446176636,normuon,1.0265365600196603,1.0,0.5,verified-v3-normuon-3e-3,1.0,782,FEVER
19,0.003,0.15453731997260006,normuon,1.0105605129957984,1.0,0.5,verified-v3-normuon-3e-3,0.9538662191964322,782,FiQA2018
19,0.003,0.22330590772955383,normuon,1.0147539136188948,1.0,0.5,verified-v3-normuon-3e-3,1.0,782,HotpotQA
19,0.003,0.3752601948968872,normuon,1.0205032987654925,1.0,0.5,verified-v3-normuon-3e-3,1.0,782,MSMARCO
19,0.003,-0.05743384421241331,normuon,1.166431958885398,0.9590734645349099,0.5,verified-v3-normuon-3e-3,0.5249858281701285,782,NFCorpus
19,0.003,0.3277905712900663,normuon,1.050696921875146,1.0,0.5,verified-v3-normuon-3e-3,1.0,782,NQ
19,0.003,0.38887669868690744,normuon,1.0245360713904577,1.0,0.5,verified-v3-normuon-3e-3,1.0,782,QuoraRetrieval
19,0.003,0.031088638485414915,normuon,0.8935270211794095,0.9287291283377574,0.5,verified-v3-normuon-3e-3,0.7642616926606195,782,SCIDOCS
19,0.003,0.19502706115826,normuon,1.067086369611299,1.0,0.5,verified-v3-normuon-3e-3,1.0,782,SciFact
19,0.003,0.03858786870662031,normuon,0.8897442676858603,0.9401759400769618,0.5,verified-v3-normuon-3e-3,0.7988620282632953,782,TRECCOVID
19,0.003,0.2536554038251184,normuon,1.004857044357769,1.0,0.5,verified-v3-normuon-3e-3,1.0,782,Touche2020
0,0.003,0.18704094171318664,normuon,1.0098082812398372,0.9769331095982161,0.75,verified-v3-normuon-3e-3,0.9769331095982161,782,ArguAna
0,0.003,-0.01395779988313204,normuon,0.9604174233539206,0.9881692048075251,0.75,verified-v3-normuon-3e-3,0.7100738327914735,782,ClimateFEVER
0,0.003,0.17635831521837342,normuon,0.9089557284341119,0.9769331095982161,0.75,verified-v3-normuon-3e-3,0.9769331095982161,782,DBPedia
0,0.003,0.24996762135178674,normuon,0.8213929491181395,1.0,0.75,verified-v3-normuon-3e-3,1.0,782,FEVER
0,0.003,0.13389846259775748,normuon,0.8755975519449273,0.9758174784497388,0.75,verified-v3-normuon-3e-3,0.9307993287946483,782,FiQA2018
0,0.003,0.1823485244029694,normuon,0.828634050312026,0.9456831095982161,0.75,verified-v3-normuon-3e-3,0.9456831095982161,782,HotpotQA
0,0.003,0.34526317743636903,normuon,0.938927752816644,1.0,0.75,verified-v3-normuon-3e-3,1.0,782,MSMARCO
0,0.003,-0.05022516539993476,normuon,1.0200298946753605,1.1159731604055145,0.75,verified-v3-normuon-3e-3,0.6108709243824556,782,NFCorpus
0,0.003,0.2984920817533618,normuon,0.9567838094550649,1.0,0.75,verified-v3-normuon-3e-3,1.0,782,NQ
0,0.003,0.33652135118117366,normuon,0.8866004680721594,1.0,0.75,verified-v3-normuon-3e-3,1.0,782,QuoraRetrieval
0,0.003,0.011275121594674444,normuon,0.3240613388923916,0.957953748260497,0.75,verified-v3-normuon-3e-3,0.7883109625801404,782,SCIDOCS
0,0.003,0.17641123788785135,normuon,0.9652302930598191,0.9583333333333333,0.75,verified-v3-normuon-3e-3,0.9583333333333333,782,SciFact
0,0.003,0.01635627760800579,normuon,0.37713677200070356,0.9187226357415184,0.75,verified-v3-normuon-3e-3,0.7806332803409021,782,TRECCOVID
0,0.003,0.23585232929647176,normuon,0.9343300830489893,1.0,0.75,verified-v3-normuon-3e-3,1.0,782,Touche2020
1,0.003,0.17067282275284856,normuon,0.9214390615220834,1.0,0.75,verified-v3-normuon-3e-3,1.0,782,ArguAna
1,0.003,-0.0320738625212765,normuon,2.206959310035614,0.9265868355501797,0.75,verified-v3-normuon-3e-3,0.665822272675855,782,ClimateFEVER
1,0.003,0.17084806965496252,normuon,0.8805557674584177,0.9644172848795871,0.75,verified-v3-normuon-3e-3,0.9644172848795871,782,DBPedia
1,0.003,0.32144169973342696,normuon,1.056256583495708,1.0,0.75,verified-v3-normuon-3e-3,1.0,782,FEVER
1,0.003,0.1506350124084361,normuon,0.9850422890832309,1.0241825215502611,0.75,verified-v3-normuon-3e-3,0.9769331095982161,782,FiQA2018
1,0.003,0.2234063629082898,normuon,1.0152104052845299,0.9769331095982161,0.75,verified-v3-normuon-3e-3,0.9769331095982161,782,HotpotQA
1,0.003,0.34445133690451735,normuon,0.9367199888382294,1.0,0.75,verified-v3-normuon-3e-3,1.0,782,MSMARCO
1,0.003,-0.09073875018064798,normuon,1.8428259429855542,0.9680414673224822,0.75,verified-v3-normuon-3e-3,0.5298948101663604,782,NFCorpus
1,0.003,0.2986258787955227,normuon,0.9572126812795388,1.0,0.75,verified-v3-normuon-3e-3,1.0,782,NQ
1,0.003,0.3512395375756288,normuon,0.9253770595148579,1.0,0.75,verified-v3-normuon-3e-3,1.0,782,QuoraRetrieval
1,0.003,0.009782855681004711,normuon,0.28117171806597824,0.8897837732375746,0.75,verified-v3-normuon-3e-3,0.7322131199369373,782,SCIDOCS
1,0.003,0.15197234773829552,normuon,0.831513431347706,0.9307993287946483,0.75,verified-v3-normuon-3e-3,0.9307993287946483,782,SciFact
1,0.003,0.0351936707374833,normuon,0.811482153512332,0.9911120181792697,0.75,verified-v3-normuon-3e-3,0.842142117584935,782,TRECCOVID
1,0.003,0.24076483654258674,normuon,0.9537910030107836,1.0,0.75,verified-v3-normuon-3e-3,1.0,782,Touche2020
2,0.003,0.1910333992919513,normuon,1.031363009785406,1.0,0.75,verified-v3-normuon-3e-3,1.0,782,ArguAna
2,0.003,-0.028298583992760654,normuon,1.9471874758526069,0.9386460199827746,0.75,verified-v3-normuon-3e-3,0.6744877029166809,782,ClimateFEVER
2,0.003,0.17767159704165444,normuon,0.915724419974636,0.9597629491942514,0.75,verified-v3-normuon-3e-3,0.9597629491942514,782,DBPedia
2,0.003,0.2731004301278803,normuon,0.8974072981735344,1.0,0.75,verified-v3-normuon-3e-3,1.0,782,FEVER
2,0.003,0.14130260876444395,normuon,0.9240152270400382,1.015603635503631,0.75,verified-v3-normuon-3e-3,0.96875,782,FiQA2018
2,0.003,0.20772411137542818,normuon,0.9439466116879884,0.96875,0.75,verified-v3-normuon-3e-3,0.96875,782,HotpotQA
2,0.003,0.35436440791447665,normuon,0.963678141618968,1.0,0.75,verified-v3-normuon-3e-3,1.0,782,MSMARCO
2,0.003,-0.05308246872138261,normuon,1.0780592666609785,0.9970266561251196,0.75,verified-v3-normuon-3e-3,0.5457609704876653,782,NFCorpus
2,0.003,0.3199379329602656,normuon,1.0255261462507943,1.0,0.75,verified-v3-normuon-3e-3,1.0,782,NQ
2,0.003,0.37979134795199243,normuon,1.000599770808333,1.0,0.75,verified-v3-normuon-3e-3,1.0,782,QuoraRetrieval
2,0.003,0.024773882884760318,normuon,0.7120329115555352,0.923073189847651,0.75,verified-v3-normuon-3e-3,0.7596073569752838,782,SCIDOCS
2,0.003,0.15265530397494015,normuon,0.8352502117044235,0.9644172848795871,0.75,verified-v3-normuon-3e-3,0.9644172848795871,782,SciFact
2,0.003,0.04407202383091078,normuon,1.0161958118754553,0.9130286548125761,0.75,verified-v3-normuon-3e-3,0.7757951378615114,782,TRECCOVID
2,0.003,0.22730602174950246,normuon,0.9004738465473577,1.0,0.75,verified-v3-normuon-3e-3,1.0,782,Touche2020
3,0.003,0.1687899175752579,normuon,0.9112735158201374,0.9769331095982161,0.75,verified-v3-normuon-3e-3,0.9769331095982161,782,ArguAna
3,0.003,-0.020931562596325188,normuon,1.4402726492610343,0.9811092656473626,0.75,verified-v3-normuon-3e-3,0.705000735963175,782,ClimateFEVER
3,0.003,0.1590884377942057,normuon,0.8199462933268707,0.9769331095982161,0.75,verified-v3-normuon-3e-3,0.9769331095982161,782,DBPedia
3,0.003,0.28480446639217044,normuon,0.9358667306861213,1.0,0.75,verified-v3-normuon-3e-3,1.0,782,FEVER
3,0.003,0.1293839510054,normuon,0.8460759635576877,1.0241825215502611,0.75,verified-v3-normuon-3e-3,0.9769331095982161,782,FiQA2018
3,0.003,0.19805590596914907,normuon,0.9000120406171012,0.9769331095982161,0.75,verified-v3-normuon-3e-3,0.9769331095982161,782,HotpotQA
3,0.003,0.3691437508426675,normuon,1.0038699030072216,1.0,0.75,verified-v3-normuon-3e-3,1.0,782,MSMARCO
3,0.003,-0.06724814469493995,normuon,1.3657519572923518,1.0380559290092761,0.75,verified-v3-normuon-3e-3,0.5682199244685812,782,NFCorpus
3,0.003,0.30698201209052445,normuon,0.9839973550951484,1.0,0.75,verified-v3-normuon-3e-3,1.0,782,NQ
3,0.003,0.3623295256940543,normuon,0.9545947855884027,1.0,0.75,verified-v3-normuon-3e-3,1.0,782,QuoraRetrieval
3,0.003,-0.001958130186424073,normuon,-0.056279152700039276,0.9137367635037001,0.75,verified-v3-normuon-3e-3,0.751924306252195,782,SCIDOCS
3,0.003,0.18658598257573056,normuon,1.0209011897355393,0.96875,0.75,verified-v3-normuon-3e-3,0.96875,782,SciFact
3,0.003,0.018415652256487454,normuon,0.4246210423146477,0.9663770717455862,0.75,verified-v3-normuon-3e-3,0.8211249774575468,782,TRECCOVID
3,0.003,0.24009366816043623,normuon,0.9511321663899831,0.9769331095982161,0.75,verified-v3-normuon-3e-3,0.9769331095982161,782,Touche2020
4,0.003,0.16288738929459148,normuon,0.8794065786486536,0.9538662191964322,0.75,verified-v3-normuon-3e-3,0.9538662191964322,782,ArguAna
4,0.003,-0.023400715042592207,normuon,1.6101717057145981,1.0084345316492866,0.75,verified-v3-normuon-3e-3,0.7246359930301185,782,ClimateFEVER
4,0.003,0.16096539522622078,normuon,0.8296201848456493,0.9413503944778032,0.75,verified-v3-normuon-3e-3,0.9413503944778032,782,DBPedia
4,0.003,0.24415254890110102,normuon,0.8022846362743639,1.0,0.75,verified-v3-normuon-3e-3,1.0,782,FEVER
4,0.003,0.12998391448067337,normuon,0.8499992838110639,1.0,0.75,verified-v3-normuon-3e-3,0.9538662191964322,782,FiQA2018
4,0.003,0.18865276035771913,normuon,0.8572819628213849,0.9538662191964322,0.75,verified-v3-normuon-3e-3,0.9538662191964322,782,HotpotQA
4,0.003,0.2967714845051267,normuon,0.807056764974052,1.0,0.75,verified-v3-normuon-3e-3,1.0,782,MSMARCO
4,0.003,-0.06494659452776641,normuon,1.3190094536904595,1.0906836098661343,0.75,verified-v3-normuon-3e-3,0.5970277141124215,782,NFCorpus
4,0.003,0.2701032979166833,normuon,0.8657866594284959,1.0,0.75,verified-v3-normuon-3e-3,1.0,782,NQ
4,0.003,0.33212252722335456,normuon,0.8750113092675824,1.0,0.75,verified-v3-normuon-3e-3,1.0,782,QuoraRetrieval
4,0.003,0.013681511714945718,normuon,0.39322405236954483,0.8673982038628962,0.75,verified-v3-normuon-3e-3,0.7137917819822591,782,SCIDOCS
4,0.003,0.14283740458549316,normuon,0.781531786402447,1.0,0.75,verified-v3-normuon-3e-3,1.0,782,SciFact
4,0.003,0.01689562167432111,normuon,0.3895727604965416,0.9020836721269715,0.75,verified-v3-normuon-3e-3,0.76649524972907,782,TRECCOVID
4,0.003,0.20571935047359227,normuon,0.8149581493900089,1.0,0.75,verified-v3-normuon-3e-3,1.0,782,Touche2020
5,0.003,0.1721237922560429,normuon,0.9292726460128997,0.9769331095982161,0.75,verified-v3-normuon-3e-3,0.9769331095982161,782,ArguAna
5,0.003,-0.028503688131491706,normuon,1.961300415577252,0.9659096110907025,0.75,verified-v3-normuon-3e-3,0.6940786419375307,782,ClimateFEVER
5,0.003,0.17589367189703087,normuon,0.9065609436569382,0.96875,0.75,verified-v3-normuon-3e-3,0.96875,782,DBPedia
5,0.003,0.2893430114325324,normuon,0.9507803778026891,1.0,0.75,verified-v3-normuon-3e-3,1.0,782,FEVER
5,0.003,0.14936660828536313,normuon,0.9767478581876654,0.9672385924031087,0.75,verified-v3-normuon-3e-3,0.9226162191964322,782,FiQA2018
5,0.003,0.18445907603827677,normuon,0.8382248871761214,0.9538662191964322,0.75,verified-v3-normuon-3e-3,0.9538662191964322,782,HotpotQA
5,0.003,0.3468300659919609,normuon,0.9431888360903944,1.0,0.75,verified-v3-normuon-3e-3,1.0,782,MSMARCO
5,0.003,-0.061759512318808725,normuon,1.254282556246951,1.014949362157804,0.75,verified-v3-normuon-3e-3,0.5555716544629345,782,NFCorpus
5,0.003,0.2840702201640394,normuon,0.9105561052231413,1.0,0.75,verified-v3-normuon-3e-3,1.0,782,NQ
5,0.003,0.35444950100643313,normuon,0.9338340417249211,1.0,0.75,verified-v3-normuon-3e-3,1.0,782,QuoraRetrieval
5,0.003,-0.007055881004094992,normuon,-0.20279499658189154,0.9325664138111299,0.75,verified-v3-normuon-3e-3,0.7674194382310104,782,SCIDOCS
5,0.003,0.1505702946534513,normuon,0.8238421280556224,0.9538662191964322,0.75,verified-v3-normuon-3e-3,0.9538662191964322,782,SciFact
5,0.003,0.005242032296422731,normuon,0.12086876894463164,0.9062366650262259,0.75,verified-v3-normuon-3e-3,0.7700240236419504,782,TRECCOVID
5,0.003,0.2098898925994985,normuon,0.8314797711288346,1.0,0.75,verified-v3-normuon-3e-3,1.0,782,Touche2020
6,0.003,0.19112269048023123,normuon,1.031845080611937,1.0,0.75,verified-v3-normuon-3e-3,1.0,782,ArguAna
6,0.003,-0.04938292625706689,normuon,3.397972688432488,0.9265868355501797,0.75,verified-v3-normuon-3e-3,0.665822272675855,782,ClimateFEVER
6,0.003,0.17376002135406188,normuon,0.8955640486077494,1.0,0.75,verified-v3-normuon-3e-3,1.0,782,DBPedia
6,0.003,0.285311722633923,normuon,0.9375335733680595,1.0,0.75,verified-v3-normuon-3e-3,1.0,782,FEVER
6,0.003,0.12133683910972481,normuon,0.7934537650695169,1.0110613684296772,0.75,verified-v3-normuon-3e-3,0.9644172848795871,782,FiQA2018
6,0.003,0.20702232819931002,normuon,0.9407575459273984,0.96875,0.75,verified-v3-normuon-3e-3,0.96875,782,HotpotQA
6,0.003,0.3321150729134924,normuon,0.9031720712373709,1.0,0.75,verified-v3-normuon-3e-3,1.0,782,MSMARCO
6,0.003,-0.09405809737612245,normuon,1.9102390285021462,1.028104058484631,0.75,verified-v3-normuon-3e-3,0.5627723845434136,782,NFCorpus
6,0.003,0.31437153514844285,normuon,1.007683665230682,1.0,0.75,verified-v3-normuon-3e-3,1.0,782,NQ
6,0.003,0.3477095553907487,normuon,0.9160769546436037,1.0,0.75,verified-v3-normuon-3e-3,1.0,782,QuoraRetrieval
6,0.003,0.030642226766512536,normuon,0.8806965804511172,0.9653534765708881,0.75,verified-v3-normuon-3e-3,0.7944002826102445,782,SCIDOCS
6,0.003,0.16355725182652497,normuon,0.8948999848464141,0.9769331095982161,0.75,verified-v3-normuon-3e-3,0.9769331095982161,782,SciFact
6,0.003,0.0007507999791309949,normuon,0.01731165778264032,0.8762443986993658,0.75,verified-v3-normuon-3e-3,0.7445397693776612,782,TRECCOVID
6,0.003,0.2547333837711817,normuon,1.0091274668527885,1.0,0.75,verified-v3-normuon-3e-3,1.0,782,Touche2020
7,0.003,0.17831325423708552,normuon,0.9626886987103895,0.9307993287946483,0.75,verified-v3-normuon-3e-3,0.9307993287946483,782,ArguAna
7,0.003,-0.04750010741262467,normuon,3.268418457940424,0.9528865067269119,0.75,verified-v3-normuon-3e-3,0.6847205627892927,782,ClimateFEVER
7,0.003,0.17512034410142358,normuon,0.9025751903971376,0.9769331095982161,0.75,verified-v3-normuon-3e-3,0.9769331095982161,782,DBPedia
7,0.003,0.3101055676984974,normuon,1.0190060833172903,1.0,0.75,verified-v3-normuon-3e-3,1.0,782,FEVER
7,0.003,0.13003119132237229,normuon,0.8503084396150377,0.9758174784497388,0.75,verified-v3-normuon-3e-3,0.9307993287946483,782,FiQA2018
7,0.003,0.21857721210992578,normuon,0.9932656223546014,0.9769331095982161,0.75,verified-v3-normuon-3e-3,0.9769331095982161,782,HotpotQA
7,0.003,0.360501948855909,normuon,0.9803689094174579,1.0,0.75,verified-v3-normuon-3e-3,1.0,782,MSMARCO
7,0.003,-0.07775488518071902,normuon,1.579134816378058,1.1065532550415689,0.75,verified-v3-normuon-3e-3,0.605714576092522,782,NFCorpus
7,0.003,0.2958626317454906,normuon,0.9483553942672162,1.0,0.75,verified-v3-normuon-3e-3,1.0,782,NQ
7,0.003,0.3567570876073394,normuon,0.9399136184094301,1.0,0.75,verified-v3-normuon-3e-3,1.0,782,QuoraRetrieval
7,0.003,0.007460119577125869,normuon,0.2144133274449671,0.9458389184538086,0.75,verified-v3-normuon-3e-3,0.7783415322566547,782,SCIDOCS
7,0.003,0.18149981713555297,normuon,0.9930723449456496,0.9769331095982161,0.75,verified-v3-normuon-3e-3,0.9769331095982161,782,SciFact
7,0.003,0.020709051585611888,normuon,0.47750136390268555,0.9445555910326099,0.75,verified-v3-normuon-3e-3,0.8025833922084606,782,TRECCOVID
7,0.003,0.26239457591410564,normuon,1.0394773146261997,1.0,0.75,verified-v3-normuon-3e-3,1.0,782,Touche2020
8,0.003,0.18878603924733772,normuon,1.0192298224565148,0.9538662191964322,0.75,verified-v3-normuon-3e-3,0.9538662191964322,782,ArguAna
8,0.003,-0.007938996096168504,normuon,0.5462716358266088,0.9783231722527653,0.75,verified-v3-normuon-3e-3,0.7029987184892527,782,ClimateFEVER
8,0.003,0.18097133929714102,normuon,0.9327313845839699,0.9769331095982161,0.75,verified-v3-normuon-3e-3,0.9769331095982161,782,DBPedia
8,0.003,0.28268537200538246,normuon,0.928903392080863,1.0,0.75,verified-v3-normuon-3e-3,1.0,782,FEVER
8,0.003,0.11892242487587529,normuon,0.7776652701792474,1.0,0.75,verified-v3-normuon-3e-3,0.9538662191964322,782,FiQA2018
8,0.003,0.20067795033974542,normuon,0.911927219278507,0.9538662191964322,0.75,verified-v3-normuon-3e-3,0.9538662191964322,782,HotpotQA
8,0.003,0.3523225435945412,normuon,0.9581253830198359,1.0,0.75,verified-v3-normuon-3e-3,1.0,782,MSMARCO
8,0.003,-0.0861745587643664,normuon,1.750131142429777,0.9499448686326304,0.75,verified-v3-normuon-3e-3,0.5199889393425217,782,NFCorpus
8,0.003,0.30604239775221176,normuon,0.9809855238239515,1.0,0.75,verified-v3-normuon-3e-3,1.0,782,NQ
8,0.003,0.3421313095874072,normuon,0.9013804864316906,1.0,0.75,verified-v3-normuon-3e-3,1.0,782,QuoraRetrieval
8,0.003,-0.010181806300906138,normuon,-0.2926380664287552,0.8927148247178271,0.75,verified-v3-normuon-3e-3,0.7346251153155925,782,SCIDOCS
8,0.003,0.1852206849143076,normuon,1.013430992952005,0.9644172848795871,0.75,verified-v3-normuon-3e-3,0.9644172848795871,782,SciFact
8,0.003,0.020657382563519844,normuon,0.4763099994204216,0.968286236152807,0.75,verified-v3-normuon-3e-3,0.8227471833507497,782,TRECCOVID
8,0.003,0.22864510437216526,normuon,0.9057786284919502,0.9769331095982161,0.75,verified-v3-normuon-3e-3,0.9769331095982161,782,Touche2020
9,0.003,0.1830061764335961,normuon,0.9880251392449836,0.96875,0.75,verified-v3-normuon-3e-3,0.96875,782,ArguAna
9,0.003,0.005268755623049367,normuon,-0.3625359829012734,1.0194145443219669,0.75,verified-v3-normuon-3e-3,0.73252595726363,782,ClimateFEVER
9,0.003,0.19129173869586868,normuon,0.9859230140321523,1.0,0.75,verified-v3-normuon-3e-3,1.0,782,DBPedia
9,0.003,0.2843734841683931,normuon,0.9344505242274945,1.0,0.75,verified-v3-normuon-3e-3,1.0,782,FEVER
9,0.003,0.14962606612467744,normuon,0.9784445217977548,1.0483650431005225,0.75,verified-v3-normuon-3e-3,1.0,782,FiQA2018
9,0.003,0.20814705075579265,normuon,0.9458685464715866,1.0,0.75,verified-v3-normuon-3e-3,1.0,782,HotpotQA
9,0.003,0.3817739777521752,normuon,1.0382172396035023,1.0,0.75,verified-v3-normuon-3e-3,1.0,782,MSMARCO
9,0.003,-0.06713674884669364,normuon,1.3634896034613755,1.0783851025970659,0.75,verified-v3-normuon-3e-3,0.5902956521143979,782,NFCorpus
9,0.003,0.31387434905217293,normuon,1.006089989430631,1.0,0.75,verified-v3-normuon-3e-3,1.0,782,NQ
9,0.003,0.37246787766659073,normuon,0.9813053273498135,1.0,0.75,verified-v3-normuon-3e-3,1.0,782,QuoraRetrieval
9,0.003,0.010787063312753498,normuon,0.31003392295999704,0.8606233431395015,0.75,verified-v3-normuon-3e-3,0.7082166725493626,782,SCIDOCS
9,0.003,0.1751323304602607,normuon,0.9582327785822297,0.96875,0.75,verified-v3-normuon-3e-3,0.96875,782,SciFact
9,0.003,0.026617446692122567,normuon,0.6137348707908014,0.9309756302639025,0.75,verified-v3-normuon-3e-3,0.7910445785237183,782,TRECCOVID
9,0.003,0.2219561266381886,normuon,0.8792802125537161,1.0,0.75,verified-v3-normuon-3e-3,1.0,782,Touche2020
10,0.003,0.17012282174615118,normuon,0.9184696818442109,0.9307993287946483,0.75,verified-v3-normuon-3e-3,0.9307993287946483,782,ArguAna
10,0.003,-0.014744785937092369,normuon,1.0145688744772077,1.039062230002727,0.75,verified-v3-normuon-3e-3,0.7466442959134738,782,ClimateFEVER
10,0.003,0.15593486231347073,normuon,0.8036926763952617,0.925966554799108,0.75,verified-v3-normuon-3e-3,0.925966554799108,782,DBPedia
10,0.003,0.2955743482418164,normuon,0.971256534238658,1.0,0.75,verified-v3-normuon-3e-3,1.0,782,FEVER
10,0.003,0.11157182388897573,normuon,0.7295977412130036,1.0,0.75,verified-v3-normuon-3e-3,0.9538662191964322,782,FiQA2018
10,0.003,0.2062536703945112,normuon,0.9372645863206245,0.9307993287946483,0.75,verified-v3-normuon-3e-3,0.9307993287946483,782,HotpotQA
10,0.003,0.3484114601927929,normuon,0.9474893668169242,1.0,0.75,verified-v3-normuon-3e-3,1.0,782,MSMARCO
10,0.003,-0.07528904972636462,normuon,1.529055819947413,0.9303275651060408,0.75,verified-v3-normuon-3e-3,0.5092506521109322,782,NFCorpus
10,0.003,0.275974299425491,normuon,0.8846055143740515,1.0,0.75,verified-v3-normuon-3e-3,1.0,782,NQ
10,0.003,0.35049416538333034,normuon,0.9234132990216225,1.0,0.75,verified-v3-normuon-3e-3,1.0,782,QuoraRetrieval
10,0.003,0.04037645067855608,normuon,1.160470559607592,0.9643765289833318,0.75,verified-v3-normuon-3e-3,0.7935963414027121,782,SCIDOCS
10,0.003,0.17257730925138315,normuon,0.9442530350027036,0.9769331095982161,0.75,verified-v3-normuon-3e-3,0.9769331095982161,782,SciFact
10,0.003,0.012202441621957657,normuon,0.28135921596119384,0.8813498633308958,0.75,verified-v3-normuon-3e-3,0.7488778529819244,782,TRECCOVID
10,0.003,0.2523640677918234,normuon,0.9997414107457046,1.0,0.75,verified-v3-normuon-3e-3,1.0,782,Touche2020
11,0.003,0.1703659747187506,normuon,0.9197824312513192,0.9769331095982161,0.75,verified-v3-normuon-3e-3,0.9769331095982161,782,ArguAna
11,0.003,-0.023900936788528886,normuon,1.6445912907753277,1.0038116882197892,0.75,verified-v3-normuon-3e-3,0.7213141326276609,782,ClimateFEVER
11,0.003,0.17129802503852876,normuon,0.8828748501902178,0.9769331095982161,0.75,verified-v3-normuon-3e-3,0.9769331095982161,782,DBPedia
11,0.003,0.27723233904894873,normuon,0.9109847400670489,1.0,0.75,verified-v3-normuon-3e-3,1.0,782,FEVER
11,0.003,0.14768498820751028,normuon,0.9657512985939031,1.0,0.75,verified-v3-normuon-3e-3,0.9538662191964322,782,FiQA2018
11,0.003,0.1984031012102331,normuon,0.9015897764381641,0.96875,0.75,verified-v3-normuon-3e-3,0.96875,782,HotpotQA
11,0.003,0.34864482153059445,normuon,0.9481239825269551,1.0,0.75,verified-v3-normuon-3e-3,1.0,782,MSMARCO
11,0.003,-0.039730159467514195,normuon,0.8068853542717537,1.1835893561198003,0.75,verified-v3-normuon-3e-3,0.6478832553637865,782,NFCorpus
11,0.003,0.3254987998735813,normuon,1.0433508985790356,1.0,0.75,verified-v3-normuon-3e-3,1.0,782,NQ
11,0.003,0.3614902154596054,normuon,0.952383535561894,1.0,0.75,verified-v3-normuon-3e-3,1.0,782,QuoraRetrieval
11,0.003,0.012058540055389698,normuon,0.34657778212190976,0.9310057254070362,0.75,verified-v3-normuon-3e-3,0.7661351301103388,782,SCIDOCS
11,0.003,0.17620425998343603,normuon,0.9640978179084191,0.9616783004521589,0.75,verified-v3-normuon-3e-3,0.9616783004521589,782,SciFact
11,0.003,0.03444318257122962,normuon,0.7941776853913517,0.943014603002922,0.75,verified-v3-normuon-3e-3,0.8012740236419504,782,TRECCOVID
11,0.003,0.2319374476009543,normuon,0.9188212612764391,1.0,0.75,verified-v3-normuon-3e-3,1.0,782,Touche2020
12,0.003,0.18278676607084832,normuon,0.9868405729181507,1.0,0.75,verified-v3-normuon-3e-3,1.0,782,ArguAna
12,0.003,-0.02695441913015495,normuon,1.8546973008453862,0.9669399580345674,0.75,verified-v3-normuon-3e-3,0.6948190236454161,782,ClimateFEVER
12,0.003,0.19678823640143717,normuon,1.0142521181609545,0.9769331095982161,0.75,verified-v3-normuon-3e-3,0.9769331095982161,782,DBPedia
12,0.003,0.29204833307964667,normuon,0.9596700576501005,1.0,0.75,verified-v3-normuon-3e-3,1.0,782,FEVER
12,0.003,0.13901266090413628,normuon,0.909040650770329,1.0241825215502611,0.75,verified-v3-normuon-3e-3,0.9769331095982161,782,FiQA2018
12,0.003,0.19407327415398457,normuon,0.8819140365739845,0.9077324383928644,0.75,verified-v3-normuon-3e-3,0.9077324383928644,782,HotpotQA
12,0.003,0.36917809808279745,normuon,1.0039633087889506,1.0,0.75,verified-v3-normuon-3e-3,1.0,782,MSMARCO
12,0.003,-0.08706733978795224,normuon,1.7682627568546367,0.9639610803845301,0.75,verified-v3-normuon-3e-3,0.5276612530979098,782,NFCorpus
12,0.003,0.3243899107817944,normuon,1.0397964755495506,1.0,0.75,verified-v3-normuon-3e-3,1.0,782,NQ
12,0.003,0.3946498969592793,normuon,1.039746162139804,1.0,0.75,verified-v3-normuon-3e-3,1.0,782,QuoraRetrieval
12,0.003,0.0242556409587498,normuon,0.6971379792922358,0.9588880614845365,0.75,verified-v3-normuon-3e-3,0.7890798194882442,782,SCIDOCS
12,0.003,0.1814306127790894,normuon,0.9926936947980166,1.0,0.75,verified-v3-normuon-3e-3,1.0,782,SciFact
12,0.003,0.023924223112528467,normuon,0.5516355550768675,0.969600566126101,0.75,verified-v3-normuon-3e-3,0.8238639618849749,782,TRECCOVID
12,0.003,0.24138975542803154,normuon,0.9562666220384954,1.0,0.75,verified-v3-normuon-3e-3,1.0,782,Touche2020
13,0.003,0.15559064524739297,normuon,0.8400124625933179,0.96875,0.75,verified-v3-normuon-3e-3,0.96875,782,ArguAna
13,0.003,-0.034035830463564634,normuon,2.34195968341914,0.9850561388624627,0.75,verified-v3-normuon-3e-3,0.7078368609686432,782,ClimateFEVER
13,0.003,0.16520580388575595,normuon,0.8514753706202101,0.9538662191964322,0.75,verified-v3-normuon-3e-3,0.9538662191964322,782,DBPedia
13,0.003,0.2780379107131075,normuon,0.9136318464457513,1.0,0.75,verified-v3-normuon-3e-3,1.0,782,FEVER
13,0.003,0.13098278627533758,normuon,0.856531171340962,1.0,0.75,verified-v3-normuon-3e-3,0.9538662191964322,782,FiQA2018
13,0.003,0.21138647861394577,normuon,0.9605892591046268,0.9769331095982161,0.75,verified-v3-normuon-3e-3,0.9769331095982161,782,HotpotQA
13,0.003,0.37342145684319,normuon,1.0155029329529681,1.0,0.75,verified-v3-normuon-3e-3,1.0,782,MSMARCO
13,0.003,-0.08150981381117568,normuon,1.6553941860573698,1.0697689340487953,0.75,verified-v3-normuon-3e-3,0.585579260150451,782,NFCorpus
13,0.003,0.286357495455539,normuon,0.917887716681035,1.0,0.75,verified-v3-normuon-3e-3,1.0,782,NQ
13,0.003,0.38794229988202134,normuon,1.0220743006443511,1.0,0.75,verified-v3-normuon-3e-3,1.0,782,QuoraRetrieval
13,0.003,0.015280698453744317,normuon,0.4391867137353263,0.990670097425819,0.75,verified-v3-normuon-3e-3,0.8152336159435779,782,SCIDOCS
13,0.003,0.1703582600795447,normuon,0.9321115551962447,0.9538662191964322,0.75,verified-v3-normuon-3e-3,0.9538662191964322,782,SciFact
13,0.003,0.007624202248327373,normuon,0.175795929485038,0.9768020227920111,0.75,verified-v3-normuon-3e-3,0.8299829977306574,782,TRECCOVID
13,0.003,0.2470868846817229,normuon,0.9788358256779947,1.0,0.75,verified-v3-normuon-3e-3,1.0,782,Touche2020
14,0.003,0.1550259723105658,normuon,0.8369638711855903,0.9538662191964322,0.75,verified-v3-normuon-3e-3,0.9538662191964322,782,ArguAna
14,0.003,0.00729535465987978,normuon,-0.5019835349095522,1.0718664785490364,0.75,verified-v3-normuon-3e-3,0.7702166136742354,782,ClimateFEVER
14,0.003,0.16120658964955537,normuon,0.830863307703139,1.0,0.75,verified-v3-normuon-3e-3,1.0,782,DBPedia
14,0.003,0.27046018360872137,normuon,0.888731455026158,1.0,0.75,verified-v3-normuon-3e-3,1.0,782,FEVER
14,0.003,0.11951680792533662,normuon,0.7815520985485122,1.0,0.75,verified-v3-normuon-3e-3,0.9538662191964322,782,FiQA2018
14,0.003,0.18649963659998542,normuon,0.847497668344446,0.9769331095982161,0.75,verified-v3-normuon-3e-3,0.9769331095982161,782,HotpotQA
14,0.003,0.30894243413421907,normuon,0.8401551175691367,1.0,0.75,verified-v3-normuon-3e-3,1.0,782,MSMARCO
14,0.003,-0.05188140602528109,normuon,1.0536667167181857,0.9895633124635881,0.75,verified-v3-normuon-3e-3,0.5416756216609542,782,NFCorpus
14,0.003,0.24551405799823317,normuon,0.7869685329891525,1.0,0.75,verified-v3-normuon-3e-3,1.0,782,NQ
14,0.003,0.3212641700214681,normuon,0.8464038389127392,1.0,0.75,verified-v3-normuon-3e-3,1.0,782,QuoraRetrieval
14,0.003,-0.006093440090974397,normuon,-0.17513322031705814,0.9238507054521623,0.75,verified-v3-normuon-3e-3,0.7602471833507496,782,SCIDOCS
14,0.003,0.14650551589921346,normuon,0.8016017785452895,1.0,0.75,verified-v3-normuon-3e-3,1.0,782,SciFact
14,0.003,0.03638808809666875,normuon,0.8390225705962485,0.9619140501865242,0.75,verified-v3-normuon-3e-3,0.8173327739955403,782,TRECCOVID
14,0.003,0.22740780292470308,normuon,0.9008770531392184,1.0,0.75,verified-v3-normuon-3e-3,1.0,782,Touche2020
15,0.003,0.17051006881706884,normuon,0.9205603754405796,0.9538662191964322,0.75,verified-v3-normuon-3e-3,0.9538662191964322,782,ArguAna
15,0.003,-0.044626663271869864,normuon,3.070700634148563,0.8407082594971262,0.75,verified-v3-normuon-3e-3,0.6041120621613072,782,ClimateFEVER
15,0.003,0.16315099421177454,normuon,0.8408848236324225,0.9456831095982161,0.75,verified-v3-normuon-3e-3,0.9456831095982161,782,DBPedia
15,0.003,0.30408399369646966,normuon,0.9992192069166146,1.0,0.75,verified-v3-normuon-3e-3,1.0,782,FEVER
15,0.003,0.16397442959316505,normuon,1.07227227518403,1.0241825215502611,0.75,verified-v3-normuon-3e-3,0.9769331095982161,782,FiQA2018
15,0.003,0.20835684949223326,normuon,0.9468219206614591,0.9226162191964322,0.75,verified-v3-normuon-3e-3,0.9226162191964322,782,HotpotQA
15,0.003,0.4007080088207905,normuon,1.0897074893747565,1.0,0.75,verified-v3-normuon-3e-3,1.0,782,MSMARCO
15,0.003,-0.07283359707694315,normuon,1.4791876893514115,1.0290816879574738,0.75,verified-v3-normuon-3e-3,0.5633075277179698,782,NFCorpus
15,0.003,0.3100136407305416,normuon,0.9937149100199233,1.0,0.75,verified-v3-normuon-3e-3,1.0,782,NQ
15,0.003,0.3785622336203385,normuon,0.9973615413826703,1.0,0.75,verified-v3-normuon-3e-3,1.0,782,QuoraRetrieval
15,0.003,0.02206791694811113,normuon,0.6342600079939519,0.9489439646951422,0.75,verified-v3-normuon-3e-3,0.7808967098900281,782,SCIDOCS
15,0.003,0.15952695935952324,normuon,0.8728483263148078,1.0,0.75,verified-v3-normuon-3e-3,1.0,782,SciFact
15,0.003,0.022703766632791306,normuon,0.5234947379443601,0.962282226564057,0.75,verified-v3-normuon-3e-3,0.817645611322233,782,TRECCOVID
15,0.003,0.24261123944741758,normuon,0.9611055365774372,1.0,0.75,verified-v3-normuon-3e-3,1.0,782,Touche2020
16,0.003,0.18567496591079308,normuon,1.0024335660325892,1.0,0.75,verified-v3-normuon-3e-3,1.0,782,ArguAna
16,0.003,-0.007132478369950842,normuon,0.4907762366240938,1.0423426372407758,0.75,verified-v3-normuon-3e-3,0.7490015150307119,782,ClimateFEVER
16,0.003,0.17533390113339006,normuon,0.9036758693603777,1.0,0.75,verified-v3-normuon-3e-3,1.0,782,DBPedia
16,0.003,0.28706998139386253,normuon,0.9433112070484914,1.0,0.75,verified-v3-normuon-3e-3,1.0,782,FEVER
16,0.003,0.15479597149919072,normuon,1.012251903913183,1.0241825215502611,0.75,verified-v3-normuon-3e-3,0.9769331095982161,782,FiQA2018
16,0.003,0.18414774338373668,normuon,0.8368101192783794,0.9538662191964322,0.75,verified-v3-normuon-3e-3,0.9538662191964322,782,HotpotQA
16,0.003,0.38186212258505425,normuon,1.0384569455300714,1.0,0.75,verified-v3-normuon-3e-3,1.0,782,MSMARCO
16,0.003,-0.09718688062125987,normuon,1.9737819241518975,0.9971427701728893,0.75,verified-v3-normuon-3e-3,0.5458245299873122,782,NFCorpus
16,0.003,0.29444506329759024,normuon,0.9438115332315117,1.0,0.75,verified-v3-normuon-3e-3,1.0,782,NQ
16,0.003,0.3607969530804933,normuon,0.9505570637862987,1.0,0.75,verified-v3-normuon-3e-3,1.0,782,QuoraRetrieval
16,0.003,0.018637500895789402,normuon,0.5356654864591773,0.9100521260478426,0.75,verified-v3-normuon-3e-3,0.7488921764600622,782,SCIDOCS
16,0.003,0.17113651302617788,normuon,0.9363697494515958,1.0,0.75,verified-v3-normuon-3e-3,1.0,782,SciFact
16,0.003,0.022955284006350503,normuon,0.5292941290185115,0.9881151818551487,0.75,verified-v3-normuon-3e-3,0.8395957231897917,782,TRECCOVID
16,0.003,0.2301269036606968,normuon,0.9116487831622281,1.0,0.75,verified-v3-normuon-3e-3,1.0,782,Touche2020
17,0.003,0.1654498975030056,normuon,0.893241207505311,0.9769331095982161,0.75,verified-v3-normuon-3e-3,0.9769331095982161,782,ArguAna
17,0.003,-0.040063751124407534,normuon,2.756732790767167,0.8750788880877141,0.75,verified-v3-normuon-3e-3,0.628809941694524,782,ClimateFEVER
17,0.003,0.1543534508581605,normuon,0.7955420371722929,0.9538662191964322,0.75,verified-v3-normuon-3e-3,0.9538662191964322,782,DBPedia
17,0.003,0.25340733077417116,normuon,0.8326958252717898,1.0,0.75,verified-v3-normuon-3e-3,1.0,782,FEVER
17,0.003,0.1402369247174049,normuon,0.9170464364756739,1.0483650431005225,0.75,verified-v3-normuon-3e-3,1.0,782,FiQA2018
17,0.003,0.18312084074402657,normuon,0.8321436351573528,1.0,0.75,verified-v3-normuon-3e-3,1.0,782,HotpotQA
17,0.003,0.33718584410203795,normuon,0.9169618064546049,1.0,0.75,verified-v3-normuon-3e-3,1.0,782,MSMARCO
17,0.003,-0.05584101886588062,normuon,1.1340830465916798,1.0221769856278038,0.75,verified-v3-normuon-3e-3,0.5595279727570077,782,NFCorpus
17,0.003,0.2846264507415935,normuon,0.9123390416675572,1.0,0.75,verified-v3-normuon-3e-3,1.0,782,NQ
17,0.003,0.3397725041363838,normuon,0.8951659683643286,1.0,0.75,verified-v3-normuon-3e-3,1.0,782,QuoraRetrieval
17,0.003,0.00889721933855377,normuon,0.25571740287331807,0.9320510124212722,0.75,verified-v3-normuon-3e-3,0.7669953086041974,782,SCIDOCS
17,0.003,0.1518567035878189,normuon,0.8308806868661658,0.9769331095982161,0.75,verified-v3-normuon-3e-3,0.9769331095982161,782,SciFact
17,0.003,0.013355436686339477,normuon,0.3079445336682537,0.8962378359363827,0.75,verified-v3-normuon-3e-3,0.7615280767170416,782,TRECCOVID
17,0.003,0.2141390461420895,normuon,0.8483128123550099,1.0,0.75,verified-v3-normuon-3e-3,1.0,782,Touche2020
18,0.003,0.1574216717963085,normuon,0.8498979227248232,0.9307993287946483,0.75,verified-v3-normuon-3e-3,0.9307993287946483,782,ArguAna
18,0.003,-0.01730852629788519,normuon,1.1909763980179864,0.9980792432262536,0.75,verified-v3-normuon-3e-3,0.7171949401168813,782,ClimateFEVER
18,0.003,0.1367117816380255,normuon,0.7046163766672823,0.96875,0.75,verified-v3-normuon-3e-3,0.96875,782,DBPedia
18,0.003,0.2720755080692473,normuon,0.8940394069730495,1.0,0.75,verified-v3-normuon-3e-3,1.0,782,FEVER
18,0.003,0.10054768662259835,normuon,0.6575079844266061,1.0,0.75,verified-v3-normuon-3e-3,0.9538662191964322,782,FiQA2018
18,0.003,0.19097364673209294,normuon,0.8678286095957859,0.9456831095982161,0.75,verified-v3-normuon-3e-3,0.9456831095982161,782,HotpotQA
18,0.003,0.3308722391453138,normuon,0.8997922404493174,1.0,0.75,verified-v3-normuon-3e-3,1.0,782,MSMARCO
18,0.003,-0.04611307331013833,normuon,0.9365168424464497,1.0649946860787072,0.75,verified-v3-normuon-3e-3,0.5829658915012811,782,NFCorpus
18,0.003,0.25558006029146985,normuon,0.8192340053713121,1.0,0.75,verified-v3-normuon-3e-3,1.0,782,NQ
18,0.003,0.33067314001610404,normuon,0.8711927480623105,1.0,0.75,verified-v3-normuon-3e-3,1.0,782,QuoraRetrieval
18,0.003,0.01038373267460567,normuon,0.2984416873005392,0.9363456944903299,0.75,verified-v3-normuon-3e-3,0.7705294510009282,782,SCIDOCS
18,0.003,0.14550861850065627,normuon,0.796147275874821,0.9226162191964322,0.75,verified-v3-normuon-3e-3,0.9226162191964322,782,SciFact
18,0.003,0.009923095479834821,normuon,0.22880292736581634,0.9509690675009197,0.75,verified-v3-normuon-3e-3,0.8080328858630988,782,TRECCOVID
18,0.003,0.1976361926870621,normuon,0.7829366827862453,1.0,0.75,verified-v3-normuon-3e-3,1.0,782,Touche2020
19,0.003,0.18287288453113315,normuon,0.9873055146232487,0.9769331095982161,0.75,verified-v3-normuon-3e-3,0.9769331095982161,782,ArguAna
19,0.003,-0.03626335338203583,normuon,2.4952325372881305,0.9810160614025533,0.75,verified-v3-normuon-3e-3,0.7049337617091483,782,ClimateFEVER
19,0.003,0.17038124778220648,normuon,0.8781497543658423,1.0,0.75,verified-v3-normuon-3e-3,1.0,782,DBPedia
19,0.003,0.25247870027786534,normuon,0.8296443478929327,1.0,0.75,verified-v3-normuon-3e-3,1.0,782,FEVER
19,0.003,0.1094670693175666,normuon,0.7158341929659485,0.9914211139533698,0.75,verified-v3-normuon-3e-3,0.9456831095982161,782,FiQA2018
19,0.003,0.1793432001132012,normuon,0.8149771586706742,0.9456831095982161,0.75,verified-v3-normuon-3e-3,0.9456831095982161,782,HotpotQA
19,0.003,0.321220182888479,normuon,0.8735439056034737,1.0,0.75,verified-v3-normuon-3e-3,1.0,782,MSMARCO
19,0.003,-0.06057328778052618,normuon,1.2301913565224551,0.9742781617771799,0.75,verified-v3-normuon-3e-3,0.5333087052686832,782,NFCorpus
19,0.003,0.25887007813061785,normuon,0.8297797986895956,1.0,0.75,verified-v3-normuon-3e-3,1.0,782,NQ
19,0.003,0.32850790728102064,normuon,0.8654882174294931,1.0,0.75,verified-v3-normuon-3e-3,1.0,782,QuoraRetrieval
19,0.003,0.005857505632202272,normuon,0.16835216381504584,0.9589481017071897,0.75,verified-v3-normuon-3e-3,0.7891292272658109,782,SCIDOCS
19,0.003,0.17203609083802268,normuon,0.9412917700969532,0.9769331095982161,0.75,verified-v3-normuon-3e-3,0.9769331095982161,782,SciFact
19,0.003,0.020082823758352304,normuon,0.463062042990567,0.9317014439397847,0.75,verified-v3-normuon-3e-3,0.7916612981828164,782,TRECCOVID
19,0.003,0.2254776147113882,normuon,0.8932306036891486,1.0,0.75,verified-v3-normuon-3e-3,1.0,782,Touche2020
