basis_status,boundary_gap_to_leading,displacement_kind,frobenius_norm,full_entropy_effective_rank,learning_rate,numerical_rank,numerical_threshold,optimizer,parameters,relative_boundary_gap,relative_reconstruction_residual,retained_rank,run_id,shape,spectral_norm,stable_rank,stage,step,tensor,top_rank_energy
zero,,saved_segment,0.0,,3e-05,0,0.0,adamw,589824,,,16,diagnostic-natural-adamw,"[768, 768]",0.0,,1,1,0.layers.0.attn.Wo.weight,
zero,,cumulative,0.0,,3e-05,0,0.0,adamw,589824,,,16,diagnostic-natural-adamw,"[768, 768]",0.0,,1,1,0.layers.0.attn.Wo.weight,
zero,,saved_segment,0.0,,3e-05,0,0.0,adamw,1769472,,,16,diagnostic-natural-adamw,"[2304, 768]",0.0,,1,1,0.layers.0.attn.Wqkv.weight,
zero,,cumulative,0.0,,3e-05,0,0.0,adamw,1769472,,,16,diagnostic-natural-adamw,"[2304, 768]",0.0,,1,1,0.layers.0.attn.Wqkv.weight,
zero,,saved_segment,0.0,,3e-05,0,0.0,adamw,1769472,,,16,diagnostic-natural-adamw,"[2304, 768]",0.0,,1,1,0.layers.0.mlp.Wi.weight,
zero,,cumulative,0.0,,3e-05,0,0.0,adamw,1769472,,,16,diagnostic-natural-adamw,"[2304, 768]",0.0,,1,1,0.layers.0.mlp.Wi.weight,
zero,,saved_segment,0.0,,3e-05,0,0.0,adamw,884736,,,16,diagnostic-natural-adamw,"[768, 1152]",0.0,,1,1,0.layers.0.mlp.Wo.weight,
zero,,cumulative,0.0,,3e-05,0,0.0,adamw,884736,,,16,diagnostic-natural-adamw,"[768, 1152]",0.0,,1,1,0.layers.0.mlp.Wo.weight,
zero,,saved_segment,0.0,,3e-05,0,0.0,adamw,589824,,,16,diagnostic-natural-adamw,"[768, 768]",0.0,,1,1,0.layers.1.attn.Wo.weight,
zero,,cumulative,0.0,,3e-05,0,0.0,adamw,589824,,,16,diagnostic-natural-adamw,"[768, 768]",0.0,,1,1,0.layers.1.attn.Wo.weight,
zero,,saved_segment,0.0,,3e-05,0,0.0,adamw,1769472,,,16,diagnostic-natural-adamw,"[2304, 768]",0.0,,1,1,0.layers.1.attn.Wqkv.weight,
zero,,cumulative,0.0,,3e-05,0,0.0,adamw,1769472,,,16,diagnostic-natural-adamw,"[2304, 768]",0.0,,1,1,0.layers.1.attn.Wqkv.weight,
zero,,saved_segment,0.0,,3e-05,0,0.0,adamw,1769472,,,16,diagnostic-natural-adamw,"[2304, 768]",0.0,,1,1,0.layers.1.mlp.Wi.weight,
zero,,cumulative,0.0,,3e-05,0,0.0,adamw,1769472,,,16,diagnostic-natural-adamw,"[2304, 768]",0.0,,1,1,0.layers.1.mlp.Wi.weight,
zero,,saved_segment,0.0,,3e-05,0,0.0,adamw,884736,,,16,diagnostic-natural-adamw,"[768, 1152]",0.0,,1,1,0.layers.1.mlp.Wo.weight,
zero,,cumulative,0.0,,3e-05,0,0.0,adamw,884736,,,16,diagnostic-natural-adamw,"[768, 1152]",0.0,,1,1,0.layers.1.mlp.Wo.weight,
zero,,saved_segment,0.0,,3e-05,0,0.0,adamw,589824,,,16,diagnostic-natural-adamw,"[768, 768]",0.0,,1,1,0.layers.10.attn.Wo.weight,
zero,,cumulative,0.0,,3e-05,0,0.0,adamw,589824,,,16,diagnostic-natural-adamw,"[768, 768]",0.0,,1,1,0.layers.10.attn.Wo.weight,
zero,,saved_segment,0.0,,3e-05,0,0.0,adamw,1769472,,,16,diagnostic-natural-adamw,"[2304, 768]",0.0,,1,1,0.layers.10.attn.Wqkv.weight,
zero,,cumulative,0.0,,3e-05,0,0.0,adamw,1769472,,,16,diagnostic-natural-adamw,"[2304, 768]",0.0,,1,1,0.layers.10.attn.Wqkv.weight,
zero,,saved_segment,0.0,,3e-05,0,0.0,adamw,1769472,,,16,diagnostic-natural-adamw,"[2304, 768]",0.0,,1,1,0.layers.10.mlp.Wi.weight,
zero,,cumulative,0.0,,3e-05,0,0.0,adamw,1769472,,,16,diagnostic-natural-adamw,"[2304, 768]",0.0,,1,1,0.layers.10.mlp.Wi.weight,
zero,,saved_segment,0.0,,3e-05,0,0.0,adamw,884736,,,16,diagnostic-natural-adamw,"[768, 1152]",0.0,,1,1,0.layers.10.mlp.Wo.weight,
zero,,cumulative,0.0,,3e-05,0,0.0,adamw,884736,,,16,diagnostic-natural-adamw,"[768, 1152]",0.0,,1,1,0.layers.10.mlp.Wo.weight,
zero,,saved_segment,0.0,,3e-05,0,0.0,adamw,589824,,,16,diagnostic-natural-adamw,"[768, 768]",0.0,,1,1,0.layers.11.attn.Wo.weight,
zero,,cumulative,0.0,,3e-05,0,0.0,adamw,589824,,,16,diagnostic-natural-adamw,"[768, 768]",0.0,,1,1,0.layers.11.attn.Wo.weight,
zero,,saved_segment,0.0,,3e-05,0,0.0,adamw,1769472,,,16,diagnostic-natural-adamw,"[2304, 768]",0.0,,1,1,0.layers.11.attn.Wqkv.weight,
zero,,cumulative,0.0,,3e-05,0,0.0,adamw,1769472,,,16,diagnostic-natural-adamw,"[2304, 768]",0.0,,1,1,0.layers.11.attn.Wqkv.weight,
zero,,saved_segment,0.0,,3e-05,0,0.0,adamw,1769472,,,16,diagnostic-natural-adamw,"[2304, 768]",0.0,,1,1,0.layers.11.mlp.Wi.weight,
zero,,cumulative,0.0,,3e-05,0,0.0,adamw,1769472,,,16,diagnostic-natural-adamw,"[2304, 768]",0.0,,1,1,0.layers.11.mlp.Wi.weight,
zero,,saved_segment,0.0,,3e-05,0,0.0,adamw,884736,,,16,diagnostic-natural-adamw,"[768, 1152]",0.0,,1,1,0.layers.11.mlp.Wo.weight,
zero,,cumulative,0.0,,3e-05,0,0.0,adamw,884736,,,16,diagnostic-natural-adamw,"[768, 1152]",0.0,,1,1,0.layers.11.mlp.Wo.weight,
zero,,saved_segment,0.0,,3e-05,0,0.0,adamw,589824,,,16,diagnostic-natural-adamw,"[768, 768]",0.0,,1,1,0.layers.12.attn.Wo.weight,
zero,,cumulative,0.0,,3e-05,0,0.0,adamw,589824,,,16,diagnostic-natural-adamw,"[768, 768]",0.0,,1,1,0.layers.12.attn.Wo.weight,
zero,,saved_segment,0.0,,3e-05,0,0.0,adamw,1769472,,,16,diagnostic-natural-adamw,"[2304, 768]",0.0,,1,1,0.layers.12.attn.Wqkv.weight,
zero,,cumulative,0.0,,3e-05,0,0.0,adamw,1769472,,,16,diagnostic-natural-adamw,"[2304, 768]",0.0,,1,1,0.layers.12.attn.Wqkv.weight,
zero,,saved_segment,0.0,,3e-05,0,0.0,adamw,1769472,,,16,diagnostic-natural-adamw,"[2304, 768]",0.0,,1,1,0.layers.12.mlp.Wi.weight,
zero,,cumulative,0.0,,3e-05,0,0.0,adamw,1769472,,,16,diagnostic-natural-adamw,"[2304, 768]",0.0,,1,1,0.layers.12.mlp.Wi.weight,
zero,,saved_segment,0.0,,3e-05,0,0.0,adamw,884736,,,16,diagnostic-natural-adamw,"[768, 1152]",0.0,,1,1,0.layers.12.mlp.Wo.weight,
zero,,cumulative,0.0,,3e-05,0,0.0,adamw,884736,,,16,diagnostic-natural-adamw,"[768, 1152]",0.0,,1,1,0.layers.12.mlp.Wo.weight,
zero,,saved_segment,0.0,,3e-05,0,0.0,adamw,589824,,,16,diagnostic-natural-adamw,"[768, 768]",0.0,,1,1,0.layers.13.attn.Wo.weight,
zero,,cumulative,0.0,,3e-05,0,0.0,adamw,589824,,,16,diagnostic-natural-adamw,"[768, 768]",0.0,,1,1,0.layers.13.attn.Wo.weight,
zero,,saved_segment,0.0,,3e-05,0,0.0,adamw,1769472,,,16,diagnostic-natural-adamw,"[2304, 768]",0.0,,1,1,0.layers.13.attn.Wqkv.weight,
zero,,cumulative,0.0,,3e-05,0,0.0,adamw,1769472,,,16,diagnostic-natural-adamw,"[2304, 768]",0.0,,1,1,0.layers.13.attn.Wqkv.weight,
zero,,saved_segment,0.0,,3e-05,0,0.0,adamw,1769472,,,16,diagnostic-natural-adamw,"[2304, 768]",0.0,,1,1,0.layers.13.mlp.Wi.weight,
zero,,cumulative,0.0,,3e-05,0,0.0,adamw,1769472,,,16,diagnostic-natural-adamw,"[2304, 768]",0.0,,1,1,0.layers.13.mlp.Wi.weight,
zero,,saved_segment,0.0,,3e-05,0,0.0,adamw,884736,,,16,diagnostic-natural-adamw,"[768, 1152]",0.0,,1,1,0.layers.13.mlp.Wo.weight,
zero,,cumulative,0.0,,3e-05,0,0.0,adamw,884736,,,16,diagnostic-natural-adamw,"[768, 1152]",0.0,,1,1,0.layers.13.mlp.Wo.weight,
zero,,saved_segment,0.0,,3e-05,0,0.0,adamw,589824,,,16,diagnostic-natural-adamw,"[768, 768]",0.0,,1,1,0.layers.14.attn.Wo.weight,
zero,,cumulative,0.0,,3e-05,0,0.0,adamw,589824,,,16,diagnostic-natural-adamw,"[768, 768]",0.0,,1,1,0.layers.14.attn.Wo.weight,
zero,,saved_segment,0.0,,3e-05,0,0.0,adamw,1769472,,,16,diagnostic-natural-adamw,"[2304, 768]",0.0,,1,1,0.layers.14.attn.Wqkv.weight,
zero,,cumulative,0.0,,3e-05,0,0.0,adamw,1769472,,,16,diagnostic-natural-adamw,"[2304, 768]",0.0,,1,1,0.layers.14.attn.Wqkv.weight,
zero,,saved_segment,0.0,,3e-05,0,0.0,adamw,1769472,,,16,diagnostic-natural-adamw,"[2304, 768]",0.0,,1,1,0.layers.14.mlp.Wi.weight,
zero,,cumulative,0.0,,3e-05,0,0.0,adamw,1769472,,,16,diagnostic-natural-adamw,"[2304, 768]",0.0,,1,1,0.layers.14.mlp.Wi.weight,
zero,,saved_segment,0.0,,3e-05,0,0.0,adamw,884736,,,16,diagnostic-natural-adamw,"[768, 1152]",0.0,,1,1,0.layers.14.mlp.Wo.weight,
zero,,cumulative,0.0,,3e-05,0,0.0,adamw,884736,,,16,diagnostic-natural-adamw,"[768, 1152]",0.0,,1,1,0.layers.14.mlp.Wo.weight,
zero,,saved_segment,0.0,,3e-05,0,0.0,adamw,589824,,,16,diagnostic-natural-adamw,"[768, 768]",0.0,,1,1,0.layers.15.attn.Wo.weight,
zero,,cumulative,0.0,,3e-05,0,0.0,adamw,589824,,,16,diagnostic-natural-adamw,"[768, 768]",0.0,,1,1,0.layers.15.attn.Wo.weight,
zero,,saved_segment,0.0,,3e-05,0,0.0,adamw,1769472,,,16,diagnostic-natural-adamw,"[2304, 768]",0.0,,1,1,0.layers.15.attn.Wqkv.weight,
zero,,cumulative,0.0,,3e-05,0,0.0,adamw,1769472,,,16,diagnostic-natural-adamw,"[2304, 768]",0.0,,1,1,0.layers.15.attn.Wqkv.weight,
zero,,saved_segment,0.0,,3e-05,0,0.0,adamw,1769472,,,16,diagnostic-natural-adamw,"[2304, 768]",0.0,,1,1,0.layers.15.mlp.Wi.weight,
zero,,cumulative,0.0,,3e-05,0,0.0,adamw,1769472,,,16,diagnostic-natural-adamw,"[2304, 768]",0.0,,1,1,0.layers.15.mlp.Wi.weight,
zero,,saved_segment,0.0,,3e-05,0,0.0,adamw,884736,,,16,diagnostic-natural-adamw,"[768, 1152]",0.0,,1,1,0.layers.15.mlp.Wo.weight,
zero,,cumulative,0.0,,3e-05,0,0.0,adamw,884736,,,16,diagnostic-natural-adamw,"[768, 1152]",0.0,,1,1,0.layers.15.mlp.Wo.weight,
zero,,saved_segment,0.0,,3e-05,0,0.0,adamw,589824,,,16,diagnostic-natural-adamw,"[768, 768]",0.0,,1,1,0.layers.16.attn.Wo.weight,
zero,,cumulative,0.0,,3e-05,0,0.0,adamw,589824,,,16,diagnostic-natural-adamw,"[768, 768]",0.0,,1,1,0.layers.16.attn.Wo.weight,
zero,,saved_segment,0.0,,3e-05,0,0.0,adamw,1769472,,,16,diagnostic-natural-adamw,"[2304, 768]",0.0,,1,1,0.layers.16.attn.Wqkv.weight,
zero,,cumulative,0.0,,3e-05,0,0.0,adamw,1769472,,,16,diagnostic-natural-adamw,"[2304, 768]",0.0,,1,1,0.layers.16.attn.Wqkv.weight,
zero,,saved_segment,0.0,,3e-05,0,0.0,adamw,1769472,,,16,diagnostic-natural-adamw,"[2304, 768]",0.0,,1,1,0.layers.16.mlp.Wi.weight,
zero,,cumulative,0.0,,3e-05,0,0.0,adamw,1769472,,,16,diagnostic-natural-adamw,"[2304, 768]",0.0,,1,1,0.layers.16.mlp.Wi.weight,
zero,,saved_segment,0.0,,3e-05,0,0.0,adamw,884736,,,16,diagnostic-natural-adamw,"[768, 1152]",0.0,,1,1,0.layers.16.mlp.Wo.weight,
zero,,cumulative,0.0,,3e-05,0,0.0,adamw,884736,,,16,diagnostic-natural-adamw,"[768, 1152]",0.0,,1,1,0.layers.16.mlp.Wo.weight,
zero,,saved_segment,0.0,,3e-05,0,0.0,adamw,589824,,,16,diagnostic-natural-adamw,"[768, 768]",0.0,,1,1,0.layers.17.attn.Wo.weight,
zero,,cumulative,0.0,,3e-05,0,0.0,adamw,589824,,,16,diagnostic-natural-adamw,"[768, 768]",0.0,,1,1,0.layers.17.attn.Wo.weight,
zero,,saved_segment,0.0,,3e-05,0,0.0,adamw,1769472,,,16,diagnostic-natural-adamw,"[2304, 768]",0.0,,1,1,0.layers.17.attn.Wqkv.weight,
zero,,cumulative,0.0,,3e-05,0,0.0,adamw,1769472,,,16,diagnostic-natural-adamw,"[2304, 768]",0.0,,1,1,0.layers.17.attn.Wqkv.weight,
zero,,saved_segment,0.0,,3e-05,0,0.0,adamw,1769472,,,16,diagnostic-natural-adamw,"[2304, 768]",0.0,,1,1,0.layers.17.mlp.Wi.weight,
zero,,cumulative,0.0,,3e-05,0,0.0,adamw,1769472,,,16,diagnostic-natural-adamw,"[2304, 768]",0.0,,1,1,0.layers.17.mlp.Wi.weight,
zero,,saved_segment,0.0,,3e-05,0,0.0,adamw,884736,,,16,diagnostic-natural-adamw,"[768, 1152]",0.0,,1,1,0.layers.17.mlp.Wo.weight,
zero,,cumulative,0.0,,3e-05,0,0.0,adamw,884736,,,16,diagnostic-natural-adamw,"[768, 1152]",0.0,,1,1,0.layers.17.mlp.Wo.weight,
zero,,saved_segment,0.0,,3e-05,0,0.0,adamw,589824,,,16,diagnostic-natural-adamw,"[768, 768]",0.0,,1,1,0.layers.18.attn.Wo.weight,
zero,,cumulative,0.0,,3e-05,0,0.0,adamw,589824,,,16,diagnostic-natural-adamw,"[768, 768]",0.0,,1,1,0.layers.18.attn.Wo.weight,
zero,,saved_segment,0.0,,3e-05,0,0.0,adamw,1769472,,,16,diagnostic-natural-adamw,"[2304, 768]",0.0,,1,1,0.layers.18.attn.Wqkv.weight,
zero,,cumulative,0.0,,3e-05,0,0.0,adamw,1769472,,,16,diagnostic-natural-adamw,"[2304, 768]",0.0,,1,1,0.layers.18.attn.Wqkv.weight,
zero,,saved_segment,0.0,,3e-05,0,0.0,adamw,1769472,,,16,diagnostic-natural-adamw,"[2304, 768]",0.0,,1,1,0.layers.18.mlp.Wi.weight,
zero,,cumulative,0.0,,3e-05,0,0.0,adamw,1769472,,,16,diagnostic-natural-adamw,"[2304, 768]",0.0,,1,1,0.layers.18.mlp.Wi.weight,
zero,,saved_segment,0.0,,3e-05,0,0.0,adamw,884736,,,16,diagnostic-natural-adamw,"[768, 1152]",0.0,,1,1,0.layers.18.mlp.Wo.weight,
zero,,cumulative,0.0,,3e-05,0,0.0,adamw,884736,,,16,diagnostic-natural-adamw,"[768, 1152]",0.0,,1,1,0.layers.18.mlp.Wo.weight,
zero,,saved_segment,0.0,,3e-05,0,0.0,adamw,589824,,,16,diagnostic-natural-adamw,"[768, 768]",0.0,,1,1,0.layers.19.attn.Wo.weight,
zero,,cumulative,0.0,,3e-05,0,0.0,adamw,589824,,,16,diagnostic-natural-adamw,"[768, 768]",0.0,,1,1,0.layers.19.attn.Wo.weight,
zero,,saved_segment,0.0,,3e-05,0,0.0,adamw,1769472,,,16,diagnostic-natural-adamw,"[2304, 768]",0.0,,1,1,0.layers.19.attn.Wqkv.weight,
zero,,cumulative,0.0,,3e-05,0,0.0,adamw,1769472,,,16,diagnostic-natural-adamw,"[2304, 768]",0.0,,1,1,0.layers.19.attn.Wqkv.weight,
zero,,saved_segment,0.0,,3e-05,0,0.0,adamw,1769472,,,16,diagnostic-natural-adamw,"[2304, 768]",0.0,,1,1,0.layers.19.mlp.Wi.weight,
zero,,cumulative,0.0,,3e-05,0,0.0,adamw,1769472,,,16,diagnostic-natural-adamw,"[2304, 768]",0.0,,1,1,0.layers.19.mlp.Wi.weight,
zero,,saved_segment,0.0,,3e-05,0,0.0,adamw,884736,,,16,diagnostic-natural-adamw,"[768, 1152]",0.0,,1,1,0.layers.19.mlp.Wo.weight,
zero,,cumulative,0.0,,3e-05,0,0.0,adamw,884736,,,16,diagnostic-natural-adamw,"[768, 1152]",0.0,,1,1,0.layers.19.mlp.Wo.weight,
zero,,saved_segment,0.0,,3e-05,0,0.0,adamw,589824,,,16,diagnostic-natural-adamw,"[768, 768]",0.0,,1,1,0.layers.2.attn.Wo.weight,
zero,,cumulative,0.0,,3e-05,0,0.0,adamw,589824,,,16,diagnostic-natural-adamw,"[768, 768]",0.0,,1,1,0.layers.2.attn.Wo.weight,
zero,,saved_segment,0.0,,3e-05,0,0.0,adamw,1769472,,,16,diagnostic-natural-adamw,"[2304, 768]",0.0,,1,1,0.layers.2.attn.Wqkv.weight,
zero,,cumulative,0.0,,3e-05,0,0.0,adamw,1769472,,,16,diagnostic-natural-adamw,"[2304, 768]",0.0,,1,1,0.layers.2.attn.Wqkv.weight,
zero,,saved_segment,0.0,,3e-05,0,0.0,adamw,1769472,,,16,diagnostic-natural-adamw,"[2304, 768]",0.0,,1,1,0.layers.2.mlp.Wi.weight,
zero,,cumulative,0.0,,3e-05,0,0.0,adamw,1769472,,,16,diagnostic-natural-adamw,"[2304, 768]",0.0,,1,1,0.layers.2.mlp.Wi.weight,
zero,,saved_segment,0.0,,3e-05,0,0.0,adamw,884736,,,16,diagnostic-natural-adamw,"[768, 1152]",0.0,,1,1,0.layers.2.mlp.Wo.weight,
zero,,cumulative,0.0,,3e-05,0,0.0,adamw,884736,,,16,diagnostic-natural-adamw,"[768, 1152]",0.0,,1,1,0.layers.2.mlp.Wo.weight,
zero,,saved_segment,0.0,,3e-05,0,0.0,adamw,589824,,,16,diagnostic-natural-adamw,"[768, 768]",0.0,,1,1,0.layers.20.attn.Wo.weight,
zero,,cumulative,0.0,,3e-05,0,0.0,adamw,589824,,,16,diagnostic-natural-adamw,"[768, 768]",0.0,,1,1,0.layers.20.attn.Wo.weight,
zero,,saved_segment,0.0,,3e-05,0,0.0,adamw,1769472,,,16,diagnostic-natural-adamw,"[2304, 768]",0.0,,1,1,0.layers.20.attn.Wqkv.weight,
zero,,cumulative,0.0,,3e-05,0,0.0,adamw,1769472,,,16,diagnostic-natural-adamw,"[2304, 768]",0.0,,1,1,0.layers.20.attn.Wqkv.weight,
zero,,saved_segment,0.0,,3e-05,0,0.0,adamw,1769472,,,16,diagnostic-natural-adamw,"[2304, 768]",0.0,,1,1,0.layers.20.mlp.Wi.weight,
zero,,cumulative,0.0,,3e-05,0,0.0,adamw,1769472,,,16,diagnostic-natural-adamw,"[2304, 768]",0.0,,1,1,0.layers.20.mlp.Wi.weight,
zero,,saved_segment,0.0,,3e-05,0,0.0,adamw,884736,,,16,diagnostic-natural-adamw,"[768, 1152]",0.0,,1,1,0.layers.20.mlp.Wo.weight,
zero,,cumulative,0.0,,3e-05,0,0.0,adamw,884736,,,16,diagnostic-natural-adamw,"[768, 1152]",0.0,,1,1,0.layers.20.mlp.Wo.weight,
zero,,saved_segment,0.0,,3e-05,0,0.0,adamw,589824,,,16,diagnostic-natural-adamw,"[768, 768]",0.0,,1,1,0.layers.21.attn.Wo.weight,
zero,,cumulative,0.0,,3e-05,0,0.0,adamw,589824,,,16,diagnostic-natural-adamw,"[768, 768]",0.0,,1,1,0.layers.21.attn.Wo.weight,
zero,,saved_segment,0.0,,3e-05,0,0.0,adamw,1769472,,,16,diagnostic-natural-adamw,"[2304, 768]",0.0,,1,1,0.layers.21.attn.Wqkv.weight,
zero,,cumulative,0.0,,3e-05,0,0.0,adamw,1769472,,,16,diagnostic-natural-adamw,"[2304, 768]",0.0,,1,1,0.layers.21.attn.Wqkv.weight,
zero,,saved_segment,0.0,,3e-05,0,0.0,adamw,1769472,,,16,diagnostic-natural-adamw,"[2304, 768]",0.0,,1,1,0.layers.21.mlp.Wi.weight,
zero,,cumulative,0.0,,3e-05,0,0.0,adamw,1769472,,,16,diagnostic-natural-adamw,"[2304, 768]",0.0,,1,1,0.layers.21.mlp.Wi.weight,
zero,,saved_segment,0.0,,3e-05,0,0.0,adamw,884736,,,16,diagnostic-natural-adamw,"[768, 1152]",0.0,,1,1,0.layers.21.mlp.Wo.weight,
zero,,cumulative,0.0,,3e-05,0,0.0,adamw,884736,,,16,diagnostic-natural-adamw,"[768, 1152]",0.0,,1,1,0.layers.21.mlp.Wo.weight,
zero,,saved_segment,0.0,,3e-05,0,0.0,adamw,589824,,,16,diagnostic-natural-adamw,"[768, 768]",0.0,,1,1,0.layers.3.attn.Wo.weight,
zero,,cumulative,0.0,,3e-05,0,0.0,adamw,589824,,,16,diagnostic-natural-adamw,"[768, 768]",0.0,,1,1,0.layers.3.attn.Wo.weight,
zero,,saved_segment,0.0,,3e-05,0,0.0,adamw,1769472,,,16,diagnostic-natural-adamw,"[2304, 768]",0.0,,1,1,0.layers.3.attn.Wqkv.weight,
zero,,cumulative,0.0,,3e-05,0,0.0,adamw,1769472,,,16,diagnostic-natural-adamw,"[2304, 768]",0.0,,1,1,0.layers.3.attn.Wqkv.weight,
zero,,saved_segment,0.0,,3e-05,0,0.0,adamw,1769472,,,16,diagnostic-natural-adamw,"[2304, 768]",0.0,,1,1,0.layers.3.mlp.Wi.weight,
zero,,cumulative,0.0,,3e-05,0,0.0,adamw,1769472,,,16,diagnostic-natural-adamw,"[2304, 768]",0.0,,1,1,0.layers.3.mlp.Wi.weight,
zero,,saved_segment,0.0,,3e-05,0,0.0,adamw,884736,,,16,diagnostic-natural-adamw,"[768, 1152]",0.0,,1,1,0.layers.3.mlp.Wo.weight,
zero,,cumulative,0.0,,3e-05,0,0.0,adamw,884736,,,16,diagnostic-natural-adamw,"[768, 1152]",0.0,,1,1,0.layers.3.mlp.Wo.weight,
zero,,saved_segment,0.0,,3e-05,0,0.0,adamw,589824,,,16,diagnostic-natural-adamw,"[768, 768]",0.0,,1,1,0.layers.4.attn.Wo.weight,
zero,,cumulative,0.0,,3e-05,0,0.0,adamw,589824,,,16,diagnostic-natural-adamw,"[768, 768]",0.0,,1,1,0.layers.4.attn.Wo.weight,
zero,,saved_segment,0.0,,3e-05,0,0.0,adamw,1769472,,,16,diagnostic-natural-adamw,"[2304, 768]",0.0,,1,1,0.layers.4.attn.Wqkv.weight,
zero,,cumulative,0.0,,3e-05,0,0.0,adamw,1769472,,,16,diagnostic-natural-adamw,"[2304, 768]",0.0,,1,1,0.layers.4.attn.Wqkv.weight,
zero,,saved_segment,0.0,,3e-05,0,0.0,adamw,1769472,,,16,diagnostic-natural-adamw,"[2304, 768]",0.0,,1,1,0.layers.4.mlp.Wi.weight,
zero,,cumulative,0.0,,3e-05,0,0.0,adamw,1769472,,,16,diagnostic-natural-adamw,"[2304, 768]",0.0,,1,1,0.layers.4.mlp.Wi.weight,
zero,,saved_segment,0.0,,3e-05,0,0.0,adamw,884736,,,16,diagnostic-natural-adamw,"[768, 1152]",0.0,,1,1,0.layers.4.mlp.Wo.weight,
zero,,cumulative,0.0,,3e-05,0,0.0,adamw,884736,,,16,diagnostic-natural-adamw,"[768, 1152]",0.0,,1,1,0.layers.4.mlp.Wo.weight,
zero,,saved_segment,0.0,,3e-05,0,0.0,adamw,589824,,,16,diagnostic-natural-adamw,"[768, 768]",0.0,,1,1,0.layers.5.attn.Wo.weight,
zero,,cumulative,0.0,,3e-05,0,0.0,adamw,589824,,,16,diagnostic-natural-adamw,"[768, 768]",0.0,,1,1,0.layers.5.attn.Wo.weight,
zero,,saved_segment,0.0,,3e-05,0,0.0,adamw,1769472,,,16,diagnostic-natural-adamw,"[2304, 768]",0.0,,1,1,0.layers.5.attn.Wqkv.weight,
zero,,cumulative,0.0,,3e-05,0,0.0,adamw,1769472,,,16,diagnostic-natural-adamw,"[2304, 768]",0.0,,1,1,0.layers.5.attn.Wqkv.weight,
zero,,saved_segment,0.0,,3e-05,0,0.0,adamw,1769472,,,16,diagnostic-natural-adamw,"[2304, 768]",0.0,,1,1,0.layers.5.mlp.Wi.weight,
zero,,cumulative,0.0,,3e-05,0,0.0,adamw,1769472,,,16,diagnostic-natural-adamw,"[2304, 768]",0.0,,1,1,0.layers.5.mlp.Wi.weight,
zero,,saved_segment,0.0,,3e-05,0,0.0,adamw,884736,,,16,diagnostic-natural-adamw,"[768, 1152]",0.0,,1,1,0.layers.5.mlp.Wo.weight,
zero,,cumulative,0.0,,3e-05,0,0.0,adamw,884736,,,16,diagnostic-natural-adamw,"[768, 1152]",0.0,,1,1,0.layers.5.mlp.Wo.weight,
zero,,saved_segment,0.0,,3e-05,0,0.0,adamw,589824,,,16,diagnostic-natural-adamw,"[768, 768]",0.0,,1,1,0.layers.6.attn.Wo.weight,
zero,,cumulative,0.0,,3e-05,0,0.0,adamw,589824,,,16,diagnostic-natural-adamw,"[768, 768]",0.0,,1,1,0.layers.6.attn.Wo.weight,
zero,,saved_segment,0.0,,3e-05,0,0.0,adamw,1769472,,,16,diagnostic-natural-adamw,"[2304, 768]",0.0,,1,1,0.layers.6.attn.Wqkv.weight,
zero,,cumulative,0.0,,3e-05,0,0.0,adamw,1769472,,,16,diagnostic-natural-adamw,"[2304, 768]",0.0,,1,1,0.layers.6.attn.Wqkv.weight,
zero,,saved_segment,0.0,,3e-05,0,0.0,adamw,1769472,,,16,diagnostic-natural-adamw,"[2304, 768]",0.0,,1,1,0.layers.6.mlp.Wi.weight,
zero,,cumulative,0.0,,3e-05,0,0.0,adamw,1769472,,,16,diagnostic-natural-adamw,"[2304, 768]",0.0,,1,1,0.layers.6.mlp.Wi.weight,
zero,,saved_segment,0.0,,3e-05,0,0.0,adamw,884736,,,16,diagnostic-natural-adamw,"[768, 1152]",0.0,,1,1,0.layers.6.mlp.Wo.weight,
zero,,cumulative,0.0,,3e-05,0,0.0,adamw,884736,,,16,diagnostic-natural-adamw,"[768, 1152]",0.0,,1,1,0.layers.6.mlp.Wo.weight,
zero,,saved_segment,0.0,,3e-05,0,0.0,adamw,589824,,,16,diagnostic-natural-adamw,"[768, 768]",0.0,,1,1,0.layers.7.attn.Wo.weight,
zero,,cumulative,0.0,,3e-05,0,0.0,adamw,589824,,,16,diagnostic-natural-adamw,"[768, 768]",0.0,,1,1,0.layers.7.attn.Wo.weight,
zero,,saved_segment,0.0,,3e-05,0,0.0,adamw,1769472,,,16,diagnostic-natural-adamw,"[2304, 768]",0.0,,1,1,0.layers.7.attn.Wqkv.weight,
zero,,cumulative,0.0,,3e-05,0,0.0,adamw,1769472,,,16,diagnostic-natural-adamw,"[2304, 768]",0.0,,1,1,0.layers.7.attn.Wqkv.weight,
zero,,saved_segment,0.0,,3e-05,0,0.0,adamw,1769472,,,16,diagnostic-natural-adamw,"[2304, 768]",0.0,,1,1,0.layers.7.mlp.Wi.weight,
zero,,cumulative,0.0,,3e-05,0,0.0,adamw,1769472,,,16,diagnostic-natural-adamw,"[2304, 768]",0.0,,1,1,0.layers.7.mlp.Wi.weight,
zero,,saved_segment,0.0,,3e-05,0,0.0,adamw,884736,,,16,diagnostic-natural-adamw,"[768, 1152]",0.0,,1,1,0.layers.7.mlp.Wo.weight,
zero,,cumulative,0.0,,3e-05,0,0.0,adamw,884736,,,16,diagnostic-natural-adamw,"[768, 1152]",0.0,,1,1,0.layers.7.mlp.Wo.weight,
zero,,saved_segment,0.0,,3e-05,0,0.0,adamw,589824,,,16,diagnostic-natural-adamw,"[768, 768]",0.0,,1,1,0.layers.8.attn.Wo.weight,
zero,,cumulative,0.0,,3e-05,0,0.0,adamw,589824,,,16,diagnostic-natural-adamw,"[768, 768]",0.0,,1,1,0.layers.8.attn.Wo.weight,
zero,,saved_segment,0.0,,3e-05,0,0.0,adamw,1769472,,,16,diagnostic-natural-adamw,"[2304, 768]",0.0,,1,1,0.layers.8.attn.Wqkv.weight,
zero,,cumulative,0.0,,3e-05,0,0.0,adamw,1769472,,,16,diagnostic-natural-adamw,"[2304, 768]",0.0,,1,1,0.layers.8.attn.Wqkv.weight,
zero,,saved_segment,0.0,,3e-05,0,0.0,adamw,1769472,,,16,diagnostic-natural-adamw,"[2304, 768]",0.0,,1,1,0.layers.8.mlp.Wi.weight,
zero,,cumulative,0.0,,3e-05,0,0.0,adamw,1769472,,,16,diagnostic-natural-adamw,"[2304, 768]",0.0,,1,1,0.layers.8.mlp.Wi.weight,
zero,,saved_segment,0.0,,3e-05,0,0.0,adamw,884736,,,16,diagnostic-natural-adamw,"[768, 1152]",0.0,,1,1,0.layers.8.mlp.Wo.weight,
zero,,cumulative,0.0,,3e-05,0,0.0,adamw,884736,,,16,diagnostic-natural-adamw,"[768, 1152]",0.0,,1,1,0.layers.8.mlp.Wo.weight,
zero,,saved_segment,0.0,,3e-05,0,0.0,adamw,589824,,,16,diagnostic-natural-adamw,"[768, 768]",0.0,,1,1,0.layers.9.attn.Wo.weight,
zero,,cumulative,0.0,,3e-05,0,0.0,adamw,589824,,,16,diagnostic-natural-adamw,"[768, 768]",0.0,,1,1,0.layers.9.attn.Wo.weight,
zero,,saved_segment,0.0,,3e-05,0,0.0,adamw,1769472,,,16,diagnostic-natural-adamw,"[2304, 768]",0.0,,1,1,0.layers.9.attn.Wqkv.weight,
zero,,cumulative,0.0,,3e-05,0,0.0,adamw,1769472,,,16,diagnostic-natural-adamw,"[2304, 768]",0.0,,1,1,0.layers.9.attn.Wqkv.weight,
zero,,saved_segment,0.0,,3e-05,0,0.0,adamw,1769472,,,16,diagnostic-natural-adamw,"[2304, 768]",0.0,,1,1,0.layers.9.mlp.Wi.weight,
zero,,cumulative,0.0,,3e-05,0,0.0,adamw,1769472,,,16,diagnostic-natural-adamw,"[2304, 768]",0.0,,1,1,0.layers.9.mlp.Wi.weight,
zero,,saved_segment,0.0,,3e-05,0,0.0,adamw,884736,,,16,diagnostic-natural-adamw,"[768, 1152]",0.0,,1,1,0.layers.9.mlp.Wo.weight,
zero,,cumulative,0.0,,3e-05,0,0.0,adamw,884736,,,16,diagnostic-natural-adamw,"[768, 1152]",0.0,,1,1,0.layers.9.mlp.Wo.weight,
resolved,0.00694801987883687,saved_segment,0.01640439302337367,523.4391042206227,3e-05,768,1.0362417240026468e-15,adamw,589824,0.029410758256480086,3.906066835607159e-15,16,diagnostic-natural-adamw,"[768, 768]",0.006076585731880313,7.287877639456608,2,2,0.layers.0.attn.Wo.weight,0.3648339769372722
resolved,0.00694801987883687,cumulative,0.01640439302337367,523.4391042206227,3e-05,768,1.0362417240026468e-15,adamw,589824,0.029410758256480086,3.906066835607159e-15,16,diagnostic-natural-adamw,"[768, 768]",0.006076585731880313,7.287877639456608,2,2,0.layers.0.attn.Wo.weight,0.3648339769372722
resolved,0.01040045943081526,saved_segment,0.02864590174344448,622.9820046053069,3e-05,768,4.498518373080426e-15,adamw,1769472,0.03564029007548689,3.5378366677386215e-15,16,diagnostic-natural-adamw,"[2304, 768]",0.008793196904828271,10.612834681040708,2,2,0.layers.0.attn.Wqkv.weight,0.3813727854693147
resolved,0.01040045943081526,cumulative,0.02864590174344448,622.9820046053069,3e-05,768,4.498518373080426e-15,adamw,1769472,0.03564029007548689,3.5378366677386215e-15,16,diagnostic-natural-adamw,"[2304, 768]",0.008793196904828271,10.612834681040708,2,2,0.layers.0.attn.Wqkv.weight,0.3813727854693147
resolved,0.010053647267626522,saved_segment,0.028384151700178356,650.2805795242745,3e-05,768,4.051939471269785e-15,adamw,1769472,0.03392314361110246,3.775597678490902e-15,16,diagnostic-natural-adamw,"[2304, 768]",0.007920274779921183,12.843143665299527,2,2,0.layers.0.mlp.Wi.weight,0.287015740012771
resolved,0.010053647267626522,cumulative,0.028384151700178356,650.2805795242745,3e-05,768,4.051939471269785e-15,adamw,1769472,0.03392314361110246,3.775597678490902e-15,16,diagnostic-natural-adamw,"[2304, 768]",0.007920274779921183,12.843143665299527,2,2,0.layers.0.mlp.Wi.weight,0.287015740012771
resolved,0.012214440184183956,saved_segment,0.02006717316745088,607.2157412554958,3e-05,768,1.3009822585686871e-15,adamw,884736,0.034375224806980194,3.5250675342941347e-15,16,diagnostic-natural-adamw,"[768, 1152]",0.005086027096272192,15.56736318542915,2,2,0.layers.0.mlp.Wo.weight,0.28209324519677886
resolved,0.012214440184183956,cumulative,0.02006717316745088,607.2157412554958,3e-05,768,1.3009822585686871e-15,adamw,884736,0.034375224806980194,3.5250675342941347e-15,16,diagnostic-natural-adamw,"[768, 1152]",0.005086027096272192,15.56736318542915,2,2,0.layers.0.mlp.Wo.weight,0.28209324519677886
resolved,0.0019018136282969833,saved_segment,0.016378073850943017,534.5711929659606,3e-05,768,9.375817809748887e-16,adamw,589824,0.007061228155401542,3.5828267175416724e-15,16,diagnostic-natural-adamw,"[768, 768]",0.005498037707588378,8.873811968604565,2,2,0.layers.1.attn.Wo.weight,0.3279799886202638
resolved,0.0019018136282969833,cumulative,0.016378073850943017,534.5711929659606,3e-05,768,9.375817809748887e-16,adamw,589824,0.007061228155401542,3.5828267175416724e-15,16,diagnostic-natural-adamw,"[768, 768]",0.005498037707588378,8.873811968604565,2,2,0.layers.1.attn.Wo.weight,0.3279799886202638
resolved,0.012009952657945555,saved_segment,0.02823061513977966,639.483677853677,3e-05,768,3.757178098178425e-15,adamw,1769472,0.034821181778324516,4.102131172274659e-15,16,diagnostic-natural-adamw,"[2304, 768]",0.007344108456128881,14.776191783830098,2,2,0.layers.1.attn.Wqkv.weight,0.27023896505960515
resolved,0.012009952657945555,cumulative,0.02823061513977966,639.483677853677,3e-05,768,3.757178098178425e-15,adamw,1769472,0.034821181778324516,4.102131172274659e-15,16,diagnostic-natural-adamw,"[2304, 768]",0.007344108456128881,14.776191783830098,2,2,0.layers.1.attn.Wqkv.weight,0.27023896505960515
resolved,0.006978176954746424,saved_segment,0.028391373692336113,654.0364460571465,3e-05,768,4.028104115606503e-15,adamw,1769472,0.02296368356454755,4.491789029390582e-15,16,diagnostic-natural-adamw,"[2304, 768]",0.007873684112003043,13.002199869532271,2,2,0.layers.1.mlp.Wi.weight,0.2590407613414574
resolved,0.006978176954746424,cumulative,0.028391373692336113,654.0364460571465,3e-05,768,4.028104115606503e-15,adamw,1769472,0.02296368356454755,4.491789029390582e-15,16,diagnostic-natural-adamw,"[2304, 768]",0.007873684112003043,13.002199869532271,2,2,0.layers.1.mlp.Wi.weight,0.2590407613414574
resolved,0.004629952818129682,saved_segment,0.020080064265078707,613.8863686176181,3e-05,768,1.2063254770674305e-15,adamw,884736,0.012279068964905986,3.670279073442566e-15,16,diagnostic-natural-adamw,"[768, 1152]",0.004715978271708695,18.129532526831643,2,2,0.layers.1.mlp.Wo.weight,0.241954558289619
resolved,0.004629952818129682,cumulative,0.020080064265078707,613.8863686176181,3e-05,768,1.2063254770674305e-15,adamw,884736,0.012279068964905986,3.670279073442566e-15,16,diagnostic-natural-adamw,"[768, 1152]",0.004715978271708695,18.129532526831643,2,2,0.layers.1.mlp.Wo.weight,0.241954558289619
resolved,0.0060048927803623845,saved_segment,0.016508234648889335,518.43126072977,3e-05,768,7.712360915864934e-16,adamw,589824,0.016618029785695432,2.834212952580407e-15,16,diagnostic-natural-adamw,"[768, 768]",0.004522576269119283,13.323841801362251,2,2,0.layers.10.attn.Wo.weight,0.37008071974604684
resolved,0.0060048927803623845,cumulative,0.016508234648889335,518.43126072977,3e-05,768,7.712360915864934e-16,adamw,589824,0.016618029785695432,2.834212952580407e-15,16,diagnostic-natural-adamw,"[768, 768]",0.004522576269119283,13.323841801362251,2,2,0.layers.10.attn.Wo.weight,0.37008071974604684
resolved,0.010012259421304496,saved_segment,0.028352236524552987,636.7483904639943,3e-05,768,3.1501513471848854e-15,adamw,1769472,0.023706261575600428,3.6454154834162655e-15,16,diagnostic-natural-adamw,"[2304, 768]",0.006157560951971578,21.201042056344516,2,2,0.layers.10.attn.Wqkv.weight,0.2637341519065579
resolved,0.010012259421304496,cumulative,0.028352236524552987,636.7483904639943,3e-05,768,3.1501513471848854e-15,adamw,1769472,0.023706261575600428,3.6454154834162655e-15,16,diagnostic-natural-adamw,"[2304, 768]",0.006157560951971578,21.201042056344516,2,2,0.layers.10.attn.Wqkv.weight,0.2637341519065579
resolved,0.01855794973634078,saved_segment,0.028514580256944543,644.7355658278959,3e-05,768,3.4829934664961457e-15,adamw,1769472,0.04986923968855632,4.156654270376808e-15,16,diagnostic-natural-adamw,"[2304, 768]",0.006808163228231734,17.541795627350567,2,2,0.layers.10.mlp.Wi.weight,0.28310510383469145
resolved,0.01855794973634078,cumulative,0.028514580256944543,644.7355658278959,3e-05,768,3.4829934664961457e-15,adamw,1769472,0.04986923968855632,4.156654270376808e-15,16,diagnostic-natural-adamw,"[2304, 768]",0.006808163228231734,17.541795627350567,2,2,0.layers.10.mlp.Wi.weight,0.28310510383469145
resolved,0.01635724549796437,saved_segment,0.02018863197333468,607.4808860103554,3e-05,768,1.1105246633104793e-15,adamw,884736,0.03879292662270557,3.422530198696215e-15,16,diagnostic-natural-adamw,"[768, 1152]",0.004341456996415642,21.624335722701392,2,2,0.layers.10.mlp.Wo.weight,0.27405259411901334
resolved,0.01635724549796437,cumulative,0.02018863197333468,607.4808860103554,3e-05,768,1.1105246633104793e-15,adamw,884736,0.03879292662270557,3.422530198696215e-15,16,diagnostic-natural-adamw,"[768, 1152]",0.004341456996415642,21.624335722701392,2,2,0.layers.10.mlp.Wo.weight,0.27405259411901334
resolved,0.020782959592129988,saved_segment,0.016603472350803606,511.82604977831403,3e-05,768,8.177098604113322e-16,adamw,589824,0.0593128521234626,3.888944932422818e-15,16,diagnostic-natural-adamw,"[768, 768]",0.004795101331569865,11.989533019176239,2,2,0.layers.11.attn.Wo.weight,0.39935159421659944
resolved,0.020782959592129988,cumulative,0.016603472350803606,511.82604977831403,3e-05,768,8.177098604113322e-16,adamw,589824,0.0593128521234626,3.888944932422818e-15,16,diagnostic-natural-adamw,"[768, 768]",0.004795101331569865,11.989533019176239,2,2,0.layers.11.attn.Wo.weight,0.39935159421659944
resolved,0.009166840446767122,saved_segment,0.028440664645957736,632.4279252980115,3e-05,768,3.4022053625291864e-15,adamw,1769472,0.022959724188788562,3.4027223679685177e-15,16,diagnostic-natural-adamw,"[2304, 768]",0.006650247744324804,18.289584266151625,2,2,0.layers.11.attn.Wqkv.weight,0.2891599332606589
resolved,0.009166840446767122,cumulative,0.028440664645957736,632.4279252980115,3e-05,768,3.4022053625291864e-15,adamw,1769472,0.022959724188788562,3.4027223679685177e-15,16,diagnostic-natural-adamw,"[2304, 768]",0.006650247744324804,18.289584266151625,2,2,0.layers.11.attn.Wqkv.weight,0.2891599332606589
resolved,0.004570992243943397,saved_segment,0.028586281490525903,638.4197649610786,3e-05,768,3.7531610230818045e-15,adamw,1769472,0.013289621548987102,3.5926448102577775e-15,16,diagnostic-natural-adamw,"[2304, 768]",0.007336256330300645,15.183305739053454,2,2,0.layers.11.mlp.Wi.weight,0.3112478029731356
resolved,0.004570992243943397,cumulative,0.028586281490525903,638.4197649610786,3e-05,768,3.7531610230818045e-15,adamw,1769472,0.013289621548987102,3.5926448102577775e-15,16,diagnostic-natural-adamw,"[2304, 768]",0.007336256330300645,15.183305739053454,2,2,0.layers.11.mlp.Wi.weight,0.3112478029731356
resolved,0.009208907369007698,saved_segment,0.020245310670738478,599.5160567623146,3e-05,768,1.1720365008878419e-15,adamw,884736,0.02259438844878019,3.3067442930867064e-15,16,diagnostic-natural-adamw,"[768, 1152]",0.004581929816547834,19.523245966557557,2,2,0.layers.11.mlp.Wo.weight,0.30307726112759914
resolved,0.009208907369007698,cumulative,0.020245310670738478,599.5160567623146,3e-05,768,1.1720365008878419e-15,adamw,884736,0.02259438844878019,3.3067442930867064e-15,16,diagnostic-natural-adamw,"[768, 1152]",0.004581929816547834,19.523245966557557,2,2,0.layers.11.mlp.Wo.weight,0.30307726112759914
resolved,0.010590672884673715,saved_segment,0.016652924949322332,501.4887348483855,3e-05,768,8.206576070550438e-16,adamw,589824,0.030483813150146966,2.6690764831890028e-15,16,diagnostic-natural-adamw,"[768, 768]",0.004812387100692524,11.974570398328797,2,2,0.layers.12.attn.Wo.weight,0.4374449512984581
resolved,0.010590672884673715,cumulative,0.016652924949322332,501.4887348483855,3e-05,768,8.206576070550438e-16,adamw,589824,0.030483813150146966,2.6690764831890028e-15,16,diagnostic-natural-adamw,"[768, 768]",0.004812387100692524,11.974570398328797,2,2,0.layers.12.attn.Wo.weight,0.4374449512984581
resolved,0.011961415248395104,saved_segment,0.02865607049743316,616.3855333028165,3e-05,768,3.698687563592009e-15,adamw,1769472,0.030797906657810136,3.5406864076666506e-15,16,diagnostic-natural-adamw,"[2304, 768]",0.007229777748764262,15.710260277732395,2,2,0.layers.12.attn.Wqkv.weight,0.36528762745660714
resolved,0.011961415248395104,cumulative,0.02865607049743316,616.3855333028165,3e-05,768,3.698687563592009e-15,adamw,1769472,0.030797906657810136,3.5406864076666506e-15,16,diagnostic-natural-adamw,"[2304, 768]",0.007229777748764262,15.710260277732395,2,2,0.layers.12.attn.Wqkv.weight,0.36528762745660714
resolved,0.0014433051470900818,saved_segment,0.028544511125680246,642.4995631883409,3e-05,768,3.411323529537105e-15,adamw,1769472,0.0038050654005310513,3.3293356715024946e-15,16,diagnostic-natural-adamw,"[2304, 768]",0.006668070909923399,18.32503444173843,2,2,0.layers.12.mlp.Wi.weight,0.28801942088407967
resolved,0.0014433051470900818,cumulative,0.028544511125680246,642.4995631883409,3e-05,768,3.411323529537105e-15,adamw,1769472,0.0038050654005310513,3.3293356715024946e-15,16,diagnostic-natural-adamw,"[2304, 768]",0.006668070909923399,18.32503444173843,2,2,0.layers.12.mlp.Wi.weight,0.28801942088407967
resolved,0.004393865427053458,saved_segment,0.020258081437310373,603.0286135169131,3e-05,768,1.0827571138183514e-15,adamw,884736,0.009724851254812908,3.2667417869287416e-15,16,diagnostic-natural-adamw,"[768, 1152]",0.004232903241601633,22.904453971074815,2,2,0.layers.12.mlp.Wo.weight,0.27474257201440255
resolved,0.004393865427053458,cumulative,0.020258081437310373,603.0286135169131,3e-05,768,1.0827571138183514e-15,adamw,884736,0.009724851254812908,3.2667417869287416e-15,16,diagnostic-natural-adamw,"[768, 1152]",0.004232903241601633,22.904453971074815,2,2,0.layers.12.mlp.Wo.weight,0.27474257201440255
resolved,0.01690194688841826,saved_segment,0.01667473547587692,510.7700212980231,3e-05,768,7.738957749751248e-16,adamw,589824,0.04556907570390697,3.152881203682432e-15,16,diagnostic-natural-adamw,"[768, 768]",0.004538172817449965,13.500686290255475,2,2,0.layers.13.attn.Wo.weight,0.3923178023287186
resolved,0.01690194688841826,cumulative,0.01667473547587692,510.7700212980231,3e-05,768,7.738957749751248e-16,adamw,589824,0.04556907570390697,3.152881203682432e-15,16,diagnostic-natural-adamw,"[768, 768]",0.004538172817449965,13.500686290255475,2,2,0.layers.13.attn.Wo.weight,0.3923178023287186
resolved,0.015748179959848372,saved_segment,0.02859486808470494,632.1416423278629,3e-05,768,3.3128024917354428e-15,adamw,1769472,0.0381553314063309,3.983017461522651e-15,16,diagnostic-natural-adamw,"[2304, 768]",0.006475493084779423,19.499815708972577,2,2,0.layers.13.attn.Wqkv.weight,0.286256980179906
resolved,0.015748179959848372,cumulative,0.02859486808470494,632.1416423278629,3e-05,768,3.3128024917354428e-15,adamw,1769472,0.0381553314063309,3.983017461522651e-15,16,diagnostic-natural-adamw,"[2304, 768]",0.006475493084779423,19.499815708972577,2,2,0.layers.13.attn.Wqkv.weight,0.286256980179906
resolved,0.0044310804820155624,saved_segment,0.02866268735807255,646.8796023473246,3e-05,768,3.2376610345529467e-15,adamw,1769472,0.011250259985880293,3.4628582036659944e-15,16,diagnostic-natural-adamw,"[2304, 768]",0.006328615029845757,20.512399041311017,2,2,0.layers.13.mlp.Wi.weight,0.26440150977385546
resolved,0.0044310804820155624,cumulative,0.02866268735807255,646.8796023473246,3e-05,768,3.2376610345529467e-15,adamw,1769472,0.011250259985880293,3.4628582036659944e-15,16,diagnostic-natural-adamw,"[2304, 768]",0.006328615029845757,20.512399041311017,2,2,0.layers.13.mlp.Wi.weight,0.26440150977385546
resolved,0.006353613001192157,saved_segment,0.02034012632671006,603.8466242802224,3e-05,768,1.0325640133369185e-15,adamw,884736,0.013580428968463775,3.0981271794486007e-15,16,diagnostic-natural-adamw,"[768, 1152]",0.004036679605642648,25.389767897983447,2,2,0.layers.13.mlp.Wo.weight,0.27011333444264785
resolved,0.006353613001192157,cumulative,0.02034012632671006,603.8466242802224,3e-05,768,1.0325640133369185e-15,adamw,884736,0.013580428968463775,3.0981271794486007e-15,16,diagnostic-natural-adamw,"[768, 1152]",0.004036679605642648,25.389767897983447,2,2,0.layers.13.mlp.Wo.weight,0.27011333444264785
resolved,0.007930102773586325,saved_segment,0.016706075648783583,502.42969109511444,3e-05,768,8.083047883226167e-16,adamw,589824,0.022993482682095792,3.4974426799176786e-15,16,diagnostic-natural-adamw,"[768, 768]",0.004739949405587922,12.422284610456376,2,2,0.layers.14.attn.Wo.weight,0.4328566859795163
resolved,0.007930102773586325,cumulative,0.016706075648783583,502.42969109511444,3e-05,768,8.083047883226167e-16,adamw,589824,0.022993482682095792,3.4974426799176786e-15,16,diagnostic-natural-adamw,"[768, 768]",0.004739949405587922,12.422284610456376,2,2,0.layers.14.attn.Wo.weight,0.4328566859795163
resolved,0.008193911863958167,saved_segment,0.02881914818930701,628.2477329414738,3e-05,768,3.33512596508538e-15,adamw,1769472,0.019712037467952147,3.58389295857396e-15,16,diagnostic-natural-adamw,"[2304, 768]",0.006519128495482719,19.54263846598134,2,2,0.layers.14.attn.Wqkv.weight,0.3084608334649467
resolved,0.008193911863958167,cumulative,0.02881914818930701,628.2477329414738,3e-05,768,3.33512596508538e-15,adamw,1769472,0.019712037467952147,3.58389295857396e-15,16,diagnostic-natural-adamw,"[2304, 768]",0.006519128495482719,19.54263846598134,2,2,0.layers.14.attn.Wqkv.weight,0.3084608334649467
resolved,0.006671346418420725,saved_segment,0.028743677527242505,647.0104503753437,3e-05,768,3.188615872850097e-15,adamw,1769472,0.016682675477672243,3.694267781892821e-15,16,diagnostic-natural-adamw,"[2304, 768]",0.006232747073261869,21.26795128743924,2,2,0.layers.14.mlp.Wi.weight,0.269451684728757
resolved,0.006671346418420725,cumulative,0.028743677527242505,647.0104503753437,3e-05,768,3.188615872850097e-15,adamw,1769472,0.016682675477672243,3.694267781892821e-15,16,diagnostic-natural-adamw,"[2304, 768]",0.006232747073261869,21.26795128743924,2,2,0.layers.14.mlp.Wi.weight,0.269451684728757
resolved,0.017877027996234213,saved_segment,0.020407365618158473,599.1565341095892,3e-05,768,1.1173788753007996e-15,adamw,884736,0.040388046706045934,3.4227884714926866e-15,16,diagnostic-natural-adamw,"[768, 1152]",0.004368252679198216,21.825207773388854,2,2,0.layers.14.mlp.Wo.weight,0.28938078391848915
resolved,0.017877027996234213,cumulative,0.020407365618158473,599.1565341095892,3e-05,768,1.1173788753007996e-15,adamw,884736,0.040388046706045934,3.4227884714926866e-15,16,diagnostic-natural-adamw,"[768, 1152]",0.004368252679198216,21.825207773388854,2,2,0.layers.14.mlp.Wo.weight,0.28938078391848915
resolved,0.007458280216945661,saved_segment,0.016716261650916622,511.5992299661699,3e-05,768,8.018154624299174e-16,adamw,589824,0.021097918278068957,3.171616252554199e-15,16,diagnostic-natural-adamw,"[768, 768]",0.0047018955961188515,12.63957169070814,2,2,0.layers.15.attn.Wo.weight,0.38385325253702746
resolved,0.007458280216945661,cumulative,0.016716261650916622,511.5992299661699,3e-05,768,8.018154624299174e-16,adamw,589824,0.021097918278068957,3.171616252554199e-15,16,diagnostic-natural-adamw,"[768, 768]",0.0047018955961188515,12.63957169070814,2,2,0.layers.15.attn.Wo.weight,0.38385325253702746
resolved,0.002777290434628018,saved_segment,0.028814862376258646,631.6924694975318,3e-05,768,3.0101739953941463e-15,adamw,1769472,0.005965150341925203,3.482768364405167e-15,16,diagnostic-natural-adamw,"[2304, 768]",0.005883948994781872,23.982546797863606,2,2,0.layers.15.attn.Wqkv.weight,0.2935926518871218
resolved,0.002777290434628018,cumulative,0.028814862376258646,631.6924694975318,3e-05,768,3.0101739953941463e-15,adamw,1769472,0.005965150341925203,3.482768364405167e-15,16,diagnostic-natural-adamw,"[2304, 768]",0.005883948994781872,23.982546797863606,2,2,0.layers.15.attn.Wqkv.weight,0.2935926518871218
resolved,0.012865335602185522,saved_segment,0.028739988583853276,646.7189019297551,3e-05,768,3.4032397044028407e-15,adamw,1769472,0.03464475669101082,3.2153071267157207e-15,16,diagnostic-natural-adamw,"[2304, 768]",0.006652269559288677,18.665236811537863,2,2,0.layers.15.mlp.Wi.weight,0.2745324146189729
resolved,0.012865335602185522,cumulative,0.028739988583853276,646.7189019297551,3e-05,768,3.4032397044028407e-15,adamw,1769472,0.03464475669101082,3.2153071267157207e-15,16,diagnostic-natural-adamw,"[2304, 768]",0.006652269559288677,18.665236811537863,2,2,0.layers.15.mlp.Wi.weight,0.2745324146189729
resolved,0.0040953169961655605,saved_segment,0.02034807428744543,604.0189562862918,3e-05,768,1.179409477734067e-15,adamw,884736,0.010541613364276036,3.8439170135218704e-15,16,diagnostic-natural-adamw,"[768, 1152]",0.004610753545521159,19.47613656978396,2,2,0.layers.15.mlp.Wo.weight,0.27889053186222684
resolved,0.0040953169961655605,cumulative,0.02034807428744543,604.0189562862918,3e-05,768,1.179409477734067e-15,adamw,884736,0.010541613364276036,3.8439170135218704e-15,16,diagnostic-natural-adamw,"[768, 1152]",0.004610753545521159,19.47613656978396,2,2,0.layers.15.mlp.Wo.weight,0.27889053186222684
resolved,0.005125072717839109,saved_segment,0.016676812068976647,509.55392756695176,3e-05,768,8.017916761070534e-16,adamw,589824,0.014453415273616817,3.4428324877999505e-15,16,diagnostic-natural-adamw,"[768, 768]",0.004701756111646473,12.580730928280442,2,2,0.layers.16.attn.Wo.weight,0.3822071778029989
resolved,0.005125072717839109,cumulative,0.016676812068976647,509.55392756695176,3e-05,768,8.017916761070534e-16,adamw,589824,0.014453415273616817,3.4428324877999505e-15,16,diagnostic-natural-adamw,"[768, 768]",0.004701756111646473,12.580730928280442,2,2,0.layers.16.attn.Wo.weight,0.3822071778029989
resolved,0.00825984450682891,saved_segment,0.02869438670482684,633.3348132043845,3e-05,768,3.1892814235094144e-15,adamw,1769472,0.01958762410361415,3.421533084716877e-15,16,diagnostic-natural-adamw,"[2304, 768]",0.006234048016708613,21.186226337369376,2,2,0.layers.16.attn.Wqkv.weight,0.28188005944502154
resolved,0.00825984450682891,cumulative,0.02869438670482684,633.3348132043845,3e-05,768,3.1892814235094144e-15,adamw,1769472,0.01958762410361415,3.421533084716877e-15,16,diagnostic-natural-adamw,"[2304, 768]",0.006234048016708613,21.186226337369376,2,2,0.layers.16.attn.Wqkv.weight,0.28188005944502154
resolved,0.009244393746306517,saved_segment,0.028627459042661015,650.407330106208,3e-05,768,3.0426879538847882e-15,adamw,1769472,0.022680364115726166,3.4424316583041103e-15,16,diagnostic-natural-adamw,"[2304, 768]",0.005947503617760516,23.168407020213937,2,2,0.layers.16.mlp.Wi.weight,0.25431800605929467
resolved,0.009244393746306517,cumulative,0.028627459042661015,650.407330106208,3e-05,768,3.0426879538847882e-15,adamw,1769472,0.022680364115726166,3.4424316583041103e-15,16,diagnostic-natural-adamw,"[2304, 768]",0.005947503617760516,23.168407020213937,2,2,0.layers.16.mlp.Wi.weight,0.25431800605929467
resolved,0.0020687489343069587,saved_segment,0.020305018486729293,603.1562500138779,3e-05,768,1.0785840267650835e-15,adamw,884736,0.004888850728719794,3.204753734969952e-15,16,diagnostic-natural-adamw,"[768, 1152]",0.004216589080752603,23.189117379497045,2,2,0.layers.16.mlp.Wo.weight,0.27349830550562426
resolved,0.0020687489343069587,cumulative,0.020305018486729293,603.1562500138779,3e-05,768,1.0785840267650835e-15,adamw,884736,0.004888850728719794,3.204753734969952e-15,16,diagnostic-natural-adamw,"[768, 1152]",0.004216589080752603,23.189117379497045,2,2,0.layers.16.mlp.Wo.weight,0.27349830550562426
resolved,0.003144466926937438,saved_segment,0.016644746926670496,516.6665938546923,3e-05,768,6.854927034735387e-16,adamw,589824,0.007939326010569294,3.0137609248828842e-15,16,diagnostic-natural-adamw,"[768, 768]",0.004019771723865394,17.145557491710264,2,2,0.layers.17.attn.Wo.weight,0.3493893281879123
resolved,0.003144466926937438,cumulative,0.016644746926670496,516.6665938546923,3e-05,768,6.854927034735387e-16,adamw,589824,0.007939326010569294,3.0137609248828842e-15,16,diagnostic-natural-adamw,"[768, 768]",0.004019771723865394,17.145557491710264,2,2,0.layers.17.attn.Wo.weight,0.3493893281879123
resolved,0.015014924530993682,saved_segment,0.028567025352549975,637.814253326924,3e-05,768,2.7263237303860155e-15,adamw,1769472,0.03020774043927768,3.66263352154458e-15,16,diagnostic-natural-adamw,"[2304, 768]",0.005329110475806337,28.735621419376137,2,2,0.layers.17.attn.Wqkv.weight,0.2518624078640143
resolved,0.015014924530993682,cumulative,0.028567025352549975,637.814253326924,3e-05,768,2.7263237303860155e-15,adamw,1769472,0.03020774043927768,3.66263352154458e-15,16,diagnostic-natural-adamw,"[2304, 768]",0.005329110475806337,28.735621419376137,2,2,0.layers.17.attn.Wqkv.weight,0.2518624078640143
resolved,0.010268082671346171,saved_segment,0.028677913567157265,645.4229088426525,3e-05,768,3.135688967196317e-15,adamw,1769472,0.02534824215452061,3.843065228962505e-15,16,diagnostic-natural-adamw,"[2304, 768]",0.006129291520926696,21.891450963247724,2,2,0.layers.17.mlp.Wi.weight,0.26308945555864954
resolved,0.010268082671346171,cumulative,0.028677913567157265,645.4229088426525,3e-05,768,3.135688967196317e-15,adamw,1769472,0.02534824215452061,3.843065228962505e-15,16,diagnostic-natural-adamw,"[2304, 768]",0.006129291520926696,21.891450963247724,2,2,0.layers.17.mlp.Wi.weight,0.26308945555864954
resolved,0.01022111411382779,saved_segment,0.02031892863828011,589.7309744402806,3e-05,768,1.1593815836543863e-15,adamw,884736,0.025023323293079297,3.3780420646521025e-15,16,diagnostic-natural-adamw,"[768, 1152]",0.004532457003581692,20.097138443687474,2,2,0.layers.17.mlp.Wo.weight,0.31941648862925837
resolved,0.01022111411382779,cumulative,0.02031892863828011,589.7309744402806,3e-05,768,1.1593815836543863e-15,adamw,884736,0.025023323293079297,3.3780420646521025e-15,16,diagnostic-natural-adamw,"[768, 1152]",0.004532457003581692,20.097138443687474,2,2,0.layers.17.mlp.Wo.weight,0.31941648862925837
resolved,0.0031447250586645334,saved_segment,0.016478485205675276,506.8605138907147,3e-05,768,7.707197383275668e-16,adamw,589824,0.008679807722094814,3.2407064412029166e-15,16,diagnostic-natural-adamw,"[768, 768]",0.004519548341587391,13.29365797349224,2,2,0.layers.18.attn.Wo.weight,0.3363745090493689
resolved,0.0031447250586645334,cumulative,0.016478485205675276,506.8605138907147,3e-05,768,7.707197383275668e-16,adamw,589824,0.008679807722094814,3.2407064412029166e-15,16,diagnostic-natural-adamw,"[768, 768]",0.004519548341587391,13.29365797349224,2,2,0.layers.18.attn.Wo.weight,0.3363745090493689
resolved,0.005847070044600966,saved_segment,0.028435216837511077,639.4836815283026,3e-05,768,2.5302982607676035e-15,adamw,1769472,0.011530009565431036,3.4784672629221593e-15,16,diagnostic-natural-adamw,"[2304, 768]",0.004945941972365101,33.05331749488667,2,2,0.layers.18.attn.Wqkv.weight,0.231295519061344
resolved,0.005847070044600966,cumulative,0.028435216837511077,639.4836815283026,3e-05,768,2.5302982607676035e-15,adamw,1769472,0.011530009565431036,3.4784672629221593e-15,16,diagnostic-natural-adamw,"[2304, 768]",0.004945941972365101,33.05331749488667,2,2,0.layers.18.attn.Wqkv.weight,0.231295519061344
resolved,0.007295858473487523,saved_segment,0.02858557031322676,641.9577262765058,3e-05,768,3.0502031097225505e-15,adamw,1769472,0.017739682118940656,3.735145563540391e-15,16,diagnostic-natural-adamw,"[2304, 768]",0.005962193397721704,22.986963381976487,2,2,0.layers.18.mlp.Wi.weight,0.24143291904062533
resolved,0.007295858473487523,cumulative,0.02858557031322676,641.9577262765058,3e-05,768,3.0502031097225505e-15,adamw,1769472,0.017739682118940656,3.735145563540391e-15,16,diagnostic-natural-adamw,"[2304, 768]",0.005962193397721704,22.986963381976487,2,2,0.layers.18.mlp.Wi.weight,0.24143291904062533
resolved,0.00875264749693946,saved_segment,0.020233725927035862,595.9318822007966,3e-05,768,1.2082874753101172e-15,adamw,884736,0.022925490676743043,2.976879861560261e-15,16,diagnostic-natural-adamw,"[768, 1152]",0.004723648457954064,18.34833190992389,2,2,0.layers.18.mlp.Wo.weight,0.29990821646418414
resolved,0.00875264749693946,cumulative,0.020233725927035862,595.9318822007966,3e-05,768,1.2082874753101172e-15,adamw,884736,0.022925490676743043,2.976879861560261e-15,16,diagnostic-natural-adamw,"[768, 1152]",0.004723648457954064,18.34833190992389,2,2,0.layers.18.mlp.Wo.weight,0.29990821646418414
resolved,0.005861178978730102,saved_segment,0.016507626042106524,499.47523130012985,3e-05,768,8.1818409899115445e-16,adamw,589824,0.016915427249666257,3.0177708455031804e-15,16,diagnostic-natural-adamw,"[768, 768]",0.004797882296011756,11.837774562525508,2,2,0.layers.19.attn.Wo.weight,0.36023522683771037
resolved,0.005861178978730102,cumulative,0.016507626042106524,499.47523130012985,3e-05,768,8.1818409899115445e-16,adamw,589824,0.016915427249666257,3.0177708455031804e-15,16,diagnostic-natural-adamw,"[768, 768]",0.004797882296011756,11.837774562525508,2,2,0.layers.19.attn.Wo.weight,0.36023522683771037
resolved,0.008571837252187017,saved_segment,0.028557042955212865,630.2257205691229,3e-05,768,2.8243209078639693e-15,adamw,1769472,0.01805321000661218,3.657226702383857e-15,16,diagnostic-natural-adamw,"[2304, 768]",0.005520664317808539,26.757392419712865,2,2,0.layers.19.attn.Wqkv.weight,0.253260316735935
resolved,0.008571837252187017,cumulative,0.028557042955212865,630.2257205691229,3e-05,768,2.8243209078639693e-15,adamw,1769472,0.01805321000661218,3.657226702383857e-15,16,diagnostic-natural-adamw,"[2304, 768]",0.005520664317808539,26.757392419712865,2,2,0.layers.19.attn.Wqkv.weight,0.253260316735935
resolved,0.003904016844240993,saved_segment,0.028433835085936977,641.0685772073876,3e-05,768,2.9607629669547455e-15,adamw,1769472,0.009144547492264359,3.615656123349066e-15,16,diagnostic-natural-adamw,"[2304, 768]",0.005787365883120554,24.13842896543315,2,2,0.layers.19.mlp.Wi.weight,0.2218913044949722
resolved,0.003904016844240993,cumulative,0.028433835085936977,641.0685772073876,3e-05,768,2.9607629669547455e-15,adamw,1769472,0.009144547492264359,3.615656123349066e-15,16,diagnostic-natural-adamw,"[2304, 768]",0.005787365883120554,24.13842896543315,2,2,0.layers.19.mlp.Wi.weight,0.2218913044949722
resolved,0.004928751764352916,saved_segment,0.020137240437524816,593.3551931079562,3e-05,768,1.1906837287577208e-15,adamw,884736,0.012676681678613919,3.632861936547335e-15,16,diagnostic-natural-adamw,"[768, 1152]",0.0046548288169699515,18.715114243950918,2,2,0.layers.19.mlp.Wo.weight,0.29739067244749473
resolved,0.004928751764352916,cumulative,0.020137240437524816,593.3551931079562,3e-05,768,1.1906837287577208e-15,adamw,884736,0.012676681678613919,3.632861936547335e-15,16,diagnostic-natural-adamw,"[768, 1152]",0.0046548288169699515,18.715114243950918,2,2,0.layers.19.mlp.Wo.weight,0.29739067244749473
resolved,0.002551735342213383,saved_segment,0.01640318971176959,539.2147581367662,3e-05,768,8.646594375394697e-16,adamw,589824,0.008942384190935536,3.768348258430841e-15,16,diagnostic-natural-adamw,"[768, 768]",0.005070416563418149,10.465725374209509,2,2,0.layers.2.attn.Wo.weight,0.3067708004295263
resolved,0.002551735342213383,cumulative,0.01640318971176959,539.2147581367662,3e-05,768,8.646594375394697e-16,adamw,589824,0.008942384190935536,3.768348258430841e-15,16,diagnostic-natural-adamw,"[768, 768]",0.005070416563418149,10.465725374209509,2,2,0.layers.2.attn.Wo.weight,0.3067708004295263
resolved,0.006041113819234711,saved_segment,0.02822350045423932,642.1809184125467,3e-05,768,3.3645068070772606e-15,adamw,1769472,0.015520720634067443,3.691058384817804e-15,16,diagnostic-natural-adamw,"[2304, 768]",0.006576558855311913,18.417230824005,2,2,0.layers.2.attn.Wqkv.weight,0.25336697824479043
resolved,0.006041113819234711,cumulative,0.02822350045423932,642.1809184125467,3e-05,768,3.3645068070772606e-15,adamw,1769472,0.015520720634067443,3.691058384817804e-15,16,diagnostic-natural-adamw,"[2304, 768]",0.006576558855311913,18.417230824005,2,2,0.layers.2.attn.Wqkv.weight,0.25336697824479043
resolved,0.006453855527953714,saved_segment,0.028473072561684725,652.6491756868172,3e-05,768,4.245979405197742e-15,adamw,1769472,0.022844434101115543,4.516220472096344e-15,16,diagnostic-natural-adamw,"[2304, 768]",0.008299562181888607,11.769507868318541,2,2,0.layers.2.mlp.Wi.weight,0.2722085636907821
resolved,0.006453855527953714,cumulative,0.028473072561684725,652.6491756868172,3e-05,768,4.245979405197742e-15,adamw,1769472,0.022844434101115543,4.516220472096344e-15,16,diagnostic-natural-adamw,"[2304, 768]",0.008299562181888607,11.769507868318541,2,2,0.layers.2.mlp.Wi.weight,0.2722085636907821
resolved,0.0031039119303973386,saved_segment,0.020111090835760737,615.7850957457599,3e-05,768,1.1987646100945092e-15,adamw,884736,0.008347086212892908,3.561364079051129e-15,16,diagnostic-natural-adamw,"[768, 1152]",0.004686420009832092,18.41572571135318,2,2,0.layers.2.mlp.Wo.weight,0.24272138653508013
resolved,0.0031039119303973386,cumulative,0.020111090835760737,615.7850957457599,3e-05,768,1.1987646100945092e-15,adamw,884736,0.008347086212892908,3.561364079051129e-15,16,diagnostic-natural-adamw,"[768, 1152]",0.004686420009832092,18.41572571135318,2,2,0.layers.2.mlp.Wo.weight,0.24272138653508013
resolved,0.004024922949158398,saved_segment,0.016551273726361688,490.92116710415166,3e-05,768,9.106827302699497e-16,adamw,589824,0.012963727767844095,4.343015711101776e-15,16,diagnostic-natural-adamw,"[768, 768]",0.005340300006115224,9.605755573517033,2,2,0.layers.20.attn.Wo.weight,0.3930286925552392
resolved,0.004024922949158398,cumulative,0.016551273726361688,490.92116710415166,3e-05,768,9.106827302699497e-16,adamw,589824,0.012963727767844095,4.343015711101776e-15,16,diagnostic-natural-adamw,"[768, 768]",0.005340300006115224,9.605755573517033,2,2,0.layers.20.attn.Wo.weight,0.3930286925552392
resolved,0.005103451824981414,saved_segment,0.02856882146326784,626.6349811220585,3e-05,768,3.1730601204777274e-15,adamw,1769472,0.012184029934736385,3.386790356323486e-15,16,diagnostic-natural-adamw,"[2304, 768]",0.006202340441062358,21.216485691930608,2,2,0.layers.20.attn.Wqkv.weight,0.2615278735250406
resolved,0.005103451824981414,cumulative,0.02856882146326784,626.6349811220585,3e-05,768,3.1730601204777274e-15,adamw,1769472,0.012184029934736385,3.386790356323486e-15,16,diagnostic-natural-adamw,"[2304, 768]",0.006202340441062358,21.216485691930608,2,2,0.layers.20.attn.Wqkv.weight,0.2615278735250406
resolved,0.004326056656115406,saved_segment,0.028384176587214833,633.7227394045817,3e-05,768,3.2317279510249596e-15,adamw,1769472,0.01089445548927875,3.755905480048514e-15,16,diagnostic-natural-adamw,"[2304, 768]",0.006317017706596712,20.189632399584532,2,2,0.layers.20.mlp.Wi.weight,0.24007789449474748
resolved,0.004326056656115406,cumulative,0.028384176587214833,633.7227394045817,3e-05,768,3.2317279510249596e-15,adamw,1769472,0.01089445548927875,3.755905480048514e-15,16,diagnostic-natural-adamw,"[2304, 768]",0.006317017706596712,20.189632399584532,2,2,0.layers.20.mlp.Wi.weight,0.24007789449474748
resolved,0.00947188404629766,saved_segment,0.020099536766770985,578.9442093428929,3e-05,768,1.384857603820855e-15,adamw,884736,0.028529470839305238,3.5922404853697155e-15,16,diagnostic-natural-adamw,"[768, 1152]",0.005413927246986806,13.783111390612099,2,2,0.layers.20.mlp.Wo.weight,0.3303376830123763
resolved,0.00947188404629766,cumulative,0.020099536766770985,578.9442093428929,3e-05,768,1.384857603820855e-15,adamw,884736,0.028529470839305238,3.5922404853697155e-15,16,diagnostic-natural-adamw,"[768, 1152]",0.005413927246986806,13.783111390612099,2,2,0.layers.20.mlp.Wo.weight,0.3303376830123763
resolved,0.006203353346872656,saved_segment,0.01640315808901835,481.8350773170357,3e-05,768,7.856017114358835e-16,adamw,589824,0.016277238242791682,3.902802939801899e-15,16,diagnostic-natural-adamw,"[768, 768]",0.004606817154797225,12.678065473405676,2,2,0.layers.21.attn.Wo.weight,0.3563066372623204
resolved,0.006203353346872656,cumulative,0.01640315808901835,481.8350773170357,3e-05,768,7.856017114358835e-16,adamw,589824,0.016277238242791682,3.902802939801899e-15,16,diagnostic-natural-adamw,"[768, 768]",0.004606817154797225,12.678065473405676,2,2,0.layers.21.attn.Wo.weight,0.3563066372623204
resolved,0.002839484614765483,saved_segment,0.028422313159831365,629.3197981327237,3e-05,768,3.233977536129191e-15,adamw,1769472,0.006887093841271041,3.415997026370138e-15,16,diagnostic-natural-adamw,"[2304, 768]",0.00632141494211631,20.21576791916578,2,2,0.layers.21.attn.Wqkv.weight,0.24430965801060545
resolved,0.002839484614765483,cumulative,0.028422313159831365,629.3197981327237,3e-05,768,3.233977536129191e-15,adamw,1769472,0.006887093841271041,3.415997026370138e-15,16,diagnostic-natural-adamw,"[2304, 768]",0.00632141494211631,20.21576791916578,2,2,0.layers.21.attn.Wqkv.weight,0.24430965801060545
resolved,0.006053118012523939,saved_segment,0.028349826833986805,589.2786960825911,3e-05,768,4.360151331648292e-15,adamw,1769472,0.018996582505199068,4.074594784192812e-15,16,diagnostic-natural-adamw,"[2304, 768]",0.008522732600907213,11.064787953033944,2,2,0.layers.21.mlp.Wi.weight,0.320374149385562
resolved,0.006053118012523939,cumulative,0.028349826833986805,589.2786960825911,3e-05,768,4.360151331648292e-15,adamw,1769472,0.018996582505199068,4.074594784192812e-15,16,diagnostic-natural-adamw,"[2304, 768]",0.008522732600907213,11.064787953033944,2,2,0.layers.21.mlp.Wi.weight,0.320374149385562
resolved,0.007298548957363023,saved_segment,0.02007924017040701,535.4059699457033,3e-05,768,1.529219560677836e-15,adamw,884736,0.02160424684055784,4.6266419911226684e-15,16,diagnostic-natural-adamw,"[768, 1152]",0.005978292225378799,11.280809590529243,2,2,0.layers.21.mlp.Wo.weight,0.3499912895943414
resolved,0.007298548957363023,cumulative,0.02007924017040701,535.4059699457033,3e-05,768,1.529219560677836e-15,adamw,884736,0.02160424684055784,4.6266419911226684e-15,16,diagnostic-natural-adamw,"[768, 1152]",0.005978292225378799,11.280809590529243,2,2,0.layers.21.mlp.Wo.weight,0.3499912895943414
resolved,0.003372808348338445,saved_segment,0.016479965344088056,505.01234132592504,3e-05,768,1.1717584553698817e-15,adamw,589824,0.015588235899966392,4.259876296960902e-15,16,diagnostic-natural-adamw,"[768, 768]",0.006871264248661494,5.75227032168629,2,2,0.layers.3.attn.Wo.weight,0.45667149636639
resolved,0.003372808348338445,cumulative,0.016479965344088056,505.01234132592504,3e-05,768,1.1717584553698817e-15,adamw,589824,0.015588235899966392,4.259876296960902e-15,16,diagnostic-natural-adamw,"[768, 768]",0.006871264248661494,5.75227032168629,2,2,0.layers.3.attn.Wo.weight,0.45667149636639
resolved,0.005657982363017656,saved_segment,0.028413541969852688,620.0809245959183,3e-05,768,5.063439078742777e-15,adamw,1769472,0.021962517363429013,5.048182694911166e-15,16,diagnostic-natural-adamw,"[2304, 768]",0.009897440255312143,8.24147551801786,2,2,0.layers.3.attn.Wqkv.weight,0.3700411431608632
resolved,0.005657982363017656,cumulative,0.028413541969852688,620.0809245959183,3e-05,768,5.063439078742777e-15,adamw,1769472,0.021962517363429013,5.048182694911166e-15,16,diagnostic-natural-adamw,"[2304, 768]",0.009897440255312143,8.24147551801786,2,2,0.layers.3.attn.Wqkv.weight,0.3700411431608632
resolved,0.012852348525157592,saved_segment,0.028389418250969946,653.3319517090579,3e-05,768,3.65423394635117e-15,adamw,1769472,0.038303586052580406,4.3665195257856e-15,16,diagnostic-natural-adamw,"[2304, 768]",0.0071428848260033624,15.796675300413241,2,2,0.layers.3.mlp.Wi.weight,0.2667672956077452
resolved,0.012852348525157592,cumulative,0.028389418250969946,653.3319517090579,3e-05,768,3.65423394635117e-15,adamw,1769472,0.038303586052580406,4.3665195257856e-15,16,diagnostic-natural-adamw,"[2304, 768]",0.0071428848260033624,15.796675300413241,2,2,0.layers.3.mlp.Wi.weight,0.2667672956077452
resolved,0.004711142707490545,saved_segment,0.02011177535375173,610.0201518018667,3e-05,768,1.3013552156749364e-15,adamw,884736,0.013909591947324993,3.951752392334832e-15,16,diagnostic-natural-adamw,"[768, 1152]",0.005087485125338798,15.627680142785623,2,2,0.layers.3.mlp.Wo.weight,0.27916826278017426
resolved,0.004711142707490545,cumulative,0.02011177535375173,610.0201518018667,3e-05,768,1.3013552156749364e-15,adamw,884736,0.013909591947324993,3.951752392334832e-15,16,diagnostic-natural-adamw,"[768, 1152]",0.005087485125338798,15.627680142785623,2,2,0.layers.3.mlp.Wo.weight,0.27916826278017426
resolved,0.005219519244509377,saved_segment,0.016404577334149257,538.8283796372377,3e-05,768,7.322440804061874e-16,adamw,589824,0.015223567201786348,3.43391689512812e-15,16,diagnostic-natural-adamw,"[768, 768]",0.004293924697475986,14.595576130227348,2,2,0.layers.4.attn.Wo.weight,0.3080329128558168
resolved,0.005219519244509377,cumulative,0.016404577334149257,538.8283796372377,3e-05,768,7.322440804061874e-16,adamw,589824,0.015223567201786348,3.43391689512812e-15,16,diagnostic-natural-adamw,"[768, 768]",0.004293924697475986,14.595576130227348,2,2,0.layers.4.attn.Wo.weight,0.3080329128558168
resolved,0.004259552768326403,saved_segment,0.028360328455555438,640.9483237496854,3e-05,768,3.217932210322888e-15,adamw,1769472,0.010329654973070049,3.793730765209244e-15,16,diagnostic-natural-adamw,"[2304, 768]",0.006290051346924338,20.328911783878112,2,2,0.layers.4.attn.Wqkv.weight,0.25279438273952043
resolved,0.004259552768326403,cumulative,0.028360328455555438,640.9483237496854,3e-05,768,3.217932210322888e-15,adamw,1769472,0.010329654973070049,3.793730765209244e-15,16,diagnostic-natural-adamw,"[2304, 768]",0.006290051346924338,20.328911783878112,2,2,0.layers.4.attn.Wqkv.weight,0.25279438273952043
resolved,0.00797754761483108,saved_segment,0.02841459125872803,652.6263100575169,3e-05,768,3.815458863048269e-15,adamw,1769472,0.02580392677474291,4.06165879574846e-15,16,diagnostic-natural-adamw,"[2304, 768]",0.007458029129284566,14.515589427815595,2,2,0.layers.4.mlp.Wi.weight,0.27210810295165916
resolved,0.00797754761483108,cumulative,0.02841459125872803,652.6263100575169,3e-05,768,3.815458863048269e-15,adamw,1769472,0.02580392677474291,4.06165879574846e-15,16,diagnostic-natural-adamw,"[2304, 768]",0.007458029129284566,14.515589427815595,2,2,0.layers.4.mlp.Wi.weight,0.27210810295165916
resolved,0.00894177745866355,saved_segment,0.02010416239027114,611.7293090355566,3e-05,768,1.1745253333029808e-15,adamw,884736,0.023823416055006298,3.662667470166901e-15,16,diagnostic-natural-adamw,"[768, 1152]",0.004591659594965722,19.170462881995565,2,2,0.layers.4.mlp.Wo.weight,0.2659207634117218
resolved,0.00894177745866355,cumulative,0.02010416239027114,611.7293090355566,3e-05,768,1.1745253333029808e-15,adamw,884736,0.023823416055006298,3.662667470166901e-15,16,diagnostic-natural-adamw,"[768, 1152]",0.004591659594965722,19.170462881995565,2,2,0.layers.4.mlp.Wo.weight,0.2659207634117218
resolved,0.00670695748551106,saved_segment,0.016411411291332494,530.9645470336302,3e-05,768,7.493728438635783e-16,adamw,589824,0.019053365736440394,3.6113484741766376e-15,16,diagnostic-natural-adamw,"[768, 768]",0.004394368828627058,13.947579594549698,2,2,0.layers.5.attn.Wo.weight,0.33121469465823555
resolved,0.00670695748551106,cumulative,0.016411411291332494,530.9645470336302,3e-05,768,7.493728438635783e-16,adamw,589824,0.019053365736440394,3.6113484741766376e-15,16,diagnostic-natural-adamw,"[768, 768]",0.004394368828627058,13.947579594549698,2,2,0.layers.5.attn.Wo.weight,0.33121469465823555
resolved,0.015495228025225809,saved_segment,0.028413233228504437,636.8534754849671,3e-05,768,3.705488674362184e-15,adamw,1769472,0.04214863700841849,4.6167773067535445e-15,16,diagnostic-natural-adamw,"[2304, 768]",0.007243071793872884,15.388480285737089,2,2,0.layers.5.attn.Wqkv.weight,0.27577118321914507
resolved,0.015495228025225809,cumulative,0.028413233228504437,636.8534754849671,3e-05,768,3.705488674362184e-15,adamw,1769472,0.04214863700841849,4.6167773067535445e-15,16,diagnostic-natural-adamw,"[2304, 768]",0.007243071793872884,15.388480285737089,2,2,0.layers.5.attn.Wqkv.weight,0.27577118321914507
resolved,0.001962905903292337,saved_segment,0.028394392391945064,649.9035039657041,3e-05,768,3.669475514529131e-15,adamw,1769472,0.005917662394936659,3.553526241992427e-15,16,diagnostic-natural-adamw,"[2304, 768]",0.007172677326336178,15.671211489681168,2,2,0.layers.5.mlp.Wi.weight,0.2796510064323198
resolved,0.001962905903292337,cumulative,0.028394392391945064,649.9035039657041,3e-05,768,3.669475514529131e-15,adamw,1769472,0.005917662394936659,3.553526241992427e-15,16,diagnostic-natural-adamw,"[2304, 768]",0.007172677326336178,15.671211489681168,2,2,0.layers.5.mlp.Wi.weight,0.2796510064323198
resolved,0.014461693150642264,saved_segment,0.020093940632522497,610.5476323522062,3e-05,768,1.1298463659380375e-15,adamw,884736,0.035364720220768454,3.156345520774505e-15,16,diagnostic-natural-adamw,"[768, 1152]",0.004416992771375395,20.695544280722935,2,2,0.layers.5.mlp.Wo.weight,0.26508936314258197
resolved,0.014461693150642264,cumulative,0.020093940632522497,610.5476323522062,3e-05,768,1.1298463659380375e-15,adamw,884736,0.035364720220768454,3.156345520774505e-15,16,diagnostic-natural-adamw,"[768, 1152]",0.004416992771375395,20.695544280722935,2,2,0.layers.5.mlp.Wo.weight,0.26508936314258197
resolved,0.008490204845670571,saved_segment,0.0165246483529755,508.9997929850218,3e-05,768,7.858314260489972e-16,adamw,589824,0.023016750306400262,3.5049314416871807e-15,16,diagnostic-natural-adamw,"[768, 768]",0.004608164215534231,12.859040335093468,2,2,0.layers.6.attn.Wo.weight,0.4005620212066063
resolved,0.008490204845670571,cumulative,0.0165246483529755,508.9997929850218,3e-05,768,7.858314260489972e-16,adamw,589824,0.023016750306400262,3.5049314416871807e-15,16,diagnostic-natural-adamw,"[768, 768]",0.004608164215534231,12.859040335093468,2,2,0.layers.6.attn.Wo.weight,0.4005620212066063
resolved,0.009425074559943099,saved_segment,0.02847850488699863,624.4155299114059,3e-05,768,3.705944044955315e-15,adamw,1769472,0.024824061882210584,3.965538055578682e-15,16,diagnostic-natural-adamw,"[2304, 768]",0.007243961901005496,15.455464269220967,2,2,0.layers.6.attn.Wqkv.weight,0.3212629785781219
resolved,0.009425074559943099,cumulative,0.02847850488699863,624.4155299114059,3e-05,768,3.705944044955315e-15,adamw,1769472,0.024824061882210584,3.965538055578682e-15,16,diagnostic-natural-adamw,"[2304, 768]",0.007243961901005496,15.455464269220967,2,2,0.layers.6.attn.Wqkv.weight,0.3212629785781219
resolved,0.016221336925617145,saved_segment,0.02849538490768722,647.3729332801481,3e-05,768,3.4371439660384973e-15,adamw,1769472,0.04323429626195077,3.4938812477529266e-15,16,diagnostic-natural-adamw,"[2304, 768]",0.0067185417902212346,17.988668128418944,2,2,0.layers.6.mlp.Wi.weight,0.2793840483736792
resolved,0.016221336925617145,cumulative,0.02849538490768722,647.3729332801481,3e-05,768,3.4371439660384973e-15,adamw,1769472,0.04323429626195077,3.4938812477529266e-15,16,diagnostic-natural-adamw,"[2304, 768]",0.0067185417902212346,17.988668128418944,2,2,0.layers.6.mlp.Wi.weight,0.2793840483736792
resolved,0.015330842911108125,saved_segment,0.020153125277114152,609.8340477684546,3e-05,768,1.0857729770754062e-15,adamw,884736,0.034413250906921225,3.249198720139656e-15,16,diagnostic-natural-adamw,"[768, 1152]",0.004244693381046661,22.541985235707614,2,2,0.layers.6.mlp.Wo.weight,0.25892340326587443
resolved,0.015330842911108125,cumulative,0.020153125277114152,609.8340477684546,3e-05,768,1.0857729770754062e-15,adamw,884736,0.034413250906921225,3.249198720139656e-15,16,diagnostic-natural-adamw,"[768, 1152]",0.004244693381046661,22.541985235707614,2,2,0.layers.6.mlp.Wo.weight,0.25892340326587443
resolved,0.006839638396479278,saved_segment,0.01649402519984407,527.5775530365801,3e-05,768,6.798219227378946e-16,adamw,589824,0.017291796683061862,3.843406089481578e-15,16,diagnostic-natural-adamw,"[768, 768]",0.003986517913959214,17.1185063200261,2,2,0.layers.7.attn.Wo.weight,0.3434672737613867
resolved,0.006839638396479278,cumulative,0.01649402519984407,527.5775530365801,3e-05,768,6.798219227378946e-16,adamw,589824,0.017291796683061862,3.843406089481578e-15,16,diagnostic-natural-adamw,"[768, 768]",0.003986517913959214,17.1185063200261,2,2,0.layers.7.attn.Wo.weight,0.3434672737613867
resolved,0.01086681847509491,saved_segment,0.028425121997616272,636.5427616759738,3e-05,768,2.969432819700955e-15,adamw,1769472,0.02357966603884599,3.4426142495289512e-15,16,diagnostic-natural-adamw,"[2304, 768]",0.0058043127345082214,23.982975651188852,2,2,0.layers.7.attn.Wqkv.weight,0.26518564245475595
resolved,0.01086681847509491,cumulative,0.028425121997616272,636.5427616759738,3e-05,768,2.969432819700955e-15,adamw,1769472,0.02357966603884599,3.4426142495289512e-15,16,diagnostic-natural-adamw,"[2304, 768]",0.0058043127345082214,23.982975651188852,2,2,0.layers.7.attn.Wqkv.weight,0.26518564245475595
resolved,0.013855223377434524,saved_segment,0.028391236186322343,650.5009406528542,3e-05,768,3.302403219614828e-15,adamw,1769472,0.0358774356595886,4.013383276920136e-15,16,diagnostic-natural-adamw,"[2304, 768]",0.00645516575923805,19.34433513580462,2,2,0.layers.7.mlp.Wi.weight,0.26127756451871104
resolved,0.013855223377434524,cumulative,0.028391236186322343,650.5009406528542,3e-05,768,3.302403219614828e-15,adamw,1769472,0.0358774356595886,4.013383276920136e-15,16,diagnostic-natural-adamw,"[2304, 768]",0.00645516575923805,19.34433513580462,2,2,0.layers.7.mlp.Wi.weight,0.26127756451871104
resolved,0.013673611953194642,saved_segment,0.020135255876378856,612.9804172768469,3e-05,768,1.0676203627224478e-15,adamw,884736,0.031008499932254838,3.939904979404828e-15,16,diagnostic-natural-adamw,"[768, 1152]",0.0041737280101822654,23.27373140828763,2,2,0.layers.7.mlp.Wo.weight,0.25156100914563984
resolved,0.013673611953194642,cumulative,0.020135255876378856,612.9804172768469,3e-05,768,1.0676203627224478e-15,adamw,884736,0.031008499932254838,3.939904979404828e-15,16,diagnostic-natural-adamw,"[768, 1152]",0.0041737280101822654,23.27373140828763,2,2,0.layers.7.mlp.Wo.weight,0.25156100914563984
resolved,0.002715986035263424,saved_segment,0.01648496233492173,526.3309867468231,3e-05,768,7.112983961069196e-16,adamw,589824,0.0072605523422416525,2.7652959858286764e-15,16,diagnostic-natural-adamw,"[768, 768]",0.004171097905802545,15.619788556182966,2,2,0.layers.8.attn.Wo.weight,0.3441783437757748
resolved,0.002715986035263424,cumulative,0.01648496233492173,526.3309867468231,3e-05,768,7.112983961069196e-16,adamw,589824,0.0072605523422416525,2.7652959858286764e-15,16,diagnostic-natural-adamw,"[768, 768]",0.004171097905802545,15.619788556182966,2,2,0.layers.8.attn.Wo.weight,0.3441783437757748
resolved,0.013664396907494035,saved_segment,0.028428098036277195,637.8496072817527,3e-05,768,2.9207904000666325e-15,adamw,1769472,0.02934791332452897,3.6883940865268655e-15,16,diagnostic-natural-adamw,"[2304, 768]",0.005709232012746271,24.79363619304378,2,2,0.layers.8.attn.Wqkv.weight,0.2508950069040695
resolved,0.013664396907494035,cumulative,0.028428098036277195,637.8496072817527,3e-05,768,2.9207904000666325e-15,adamw,1769472,0.02934791332452897,3.6883940865268655e-15,16,diagnostic-natural-adamw,"[2304, 768]",0.005709232012746271,24.79363619304378,2,2,0.layers.8.attn.Wqkv.weight,0.2508950069040695
resolved,0.008290421092075935,saved_segment,0.028419502978310415,645.9495004688288,3e-05,768,3.2336608951360888e-15,adamw,1769472,0.021047824164990108,3.3808453460051908e-15,16,diagnostic-natural-adamw,"[2304, 768]",0.006320796007976317,20.215729033359047,2,2,0.layers.8.mlp.Wi.weight,0.26744890552292655
resolved,0.008290421092075935,cumulative,0.028419502978310415,645.9495004688288,3e-05,768,3.2336608951360888e-15,adamw,1769472,0.021047824164990108,3.3808453460051908e-15,16,diagnostic-natural-adamw,"[2304, 768]",0.006320796007976317,20.215729033359047,2,2,0.layers.8.mlp.Wi.weight,0.26744890552292655
resolved,0.0007891778085997538,saved_segment,0.020127664972686872,609.2383123102877,3e-05,768,1.0456371454773483e-15,adamw,884736,0.0017862335944394446,3.4932947087909767e-15,16,diagnostic-natural-adamw,"[768, 1152]",0.004087787377375464,24.2443303680991,2,2,0.layers.8.mlp.Wo.weight,0.2555499439384729
resolved,0.0007891778085997538,cumulative,0.020127664972686872,609.2383123102877,3e-05,768,1.0456371454773483e-15,adamw,884736,0.0017862335944394446,3.4932947087909767e-15,16,diagnostic-natural-adamw,"[768, 1152]",0.004087787377375464,24.2443303680991,2,2,0.layers.8.mlp.Wo.weight,0.2555499439384729
resolved,0.0057522777570393315,saved_segment,0.01648049291963338,511.64095603900495,3e-05,768,8.232939878593375e-16,adamw,589824,0.0169422198243731,3.928954927758978e-15,16,diagnostic-natural-adamw,"[768, 768]",0.004827847001223544,11.652883297296322,2,2,0.layers.9.attn.Wo.weight,0.3953959653538574
resolved,0.0057522777570393315,cumulative,0.01648049291963338,511.64095603900495,3e-05,768,8.232939878593375e-16,adamw,589824,0.0169422198243731,3.928954927758978e-15,16,diagnostic-natural-adamw,"[768, 768]",0.004827847001223544,11.652883297296322,2,2,0.layers.9.attn.Wo.weight,0.3953959653538574
resolved,0.007486245388223905,saved_segment,0.028378989382603945,630.378559362535,3e-05,768,3.2808001806591595e-15,adamw,1769472,0.0177567916831043,3.578504644101177e-15,16,diagnostic-natural-adamw,"[2304, 768]",0.006412938572523284,19.583021067370908,2,2,0.layers.9.attn.Wqkv.weight,0.2843405700520478
resolved,0.007486245388223905,cumulative,0.028378989382603945,630.378559362535,3e-05,768,3.2808001806591595e-15,adamw,1769472,0.0177567916831043,3.578504644101177e-15,16,diagnostic-natural-adamw,"[2304, 768]",0.006412938572523284,19.583021067370908,2,2,0.layers.9.attn.Wqkv.weight,0.2843405700520478
resolved,0.006699091756271023,saved_segment,0.028468529657504793,647.0816501934552,3e-05,768,3.3912446173927633e-15,adamw,1769472,0.017916743413888856,3.79800317908112e-15,16,diagnostic-natural-adamw,"[2304, 768]",0.00662882291458865,18.44409031302761,2,2,0.layers.9.mlp.Wi.weight,0.26587618969667043
resolved,0.006699091756271023,cumulative,0.028468529657504793,647.0816501934552,3e-05,768,3.3912446173927633e-15,adamw,1769472,0.017916743413888856,3.79800317908112e-15,16,diagnostic-natural-adamw,"[2304, 768]",0.00662882291458865,18.44409031302761,2,2,0.layers.9.mlp.Wi.weight,0.26587618969667043
resolved,0.008894212189632461,saved_segment,0.02015020097186472,611.9937649211748,3e-05,768,1.032175193169014e-15,adamw,884736,0.019888287545210204,3.3585906758440637e-15,16,diagnostic-natural-adamw,"[768, 1152]",0.004035159561924515,24.93660572739151,2,2,0.layers.9.mlp.Wo.weight,0.25020945656679733
resolved,0.008894212189632461,cumulative,0.02015020097186472,611.9937649211748,3e-05,768,1.032175193169014e-15,adamw,884736,0.019888287545210204,3.3585906758440637e-15,16,diagnostic-natural-adamw,"[768, 1152]",0.004035159561924515,24.93660572739151,2,2,0.layers.9.mlp.Wo.weight,0.25020945656679733
resolved,0.007506271776543581,saved_segment,0.006670416794230393,507.31502692568847,3e-05,768,3.548183346597836e-16,adamw,589824,0.02469404094262985,4.9416661350075806e-15,16,diagnostic-natural-adamw,"[768, 768]",0.0020806767184349236,10.27771870279142,3,3,0.layers.0.attn.Wo.weight,0.3696226798162904
resolved,0.005731456767457456,cumulative,0.02190252168739963,519.0305116151233,3e-05,768,1.3621463725371866e-15,adamw,589824,0.02383450969368477,4.6272575674656556e-15,16,diagnostic-natural-adamw,"[768, 768]",0.00798771080180019,7.518714128874648,3,3,0.layers.0.attn.Wo.weight,0.3689220363567551
resolved,0.010437122855142726,saved_segment,0.011862979066161754,599.4665950846121,3e-05,768,1.6915515033187362e-15,adamw,1769472,0.030999432801448,3.828270252729103e-15,16,diagnostic-natural-adamw,"[2304, 768]",0.0033064543055660862,12.872487465184522,3,3,0.layers.0.attn.Wqkv.weight,0.4015089396225569
resolved,0.0049636430930636,cumulative,0.03847570886276878,615.5118075076998,3e-05,768,6.002546733274322e-15,adamw,1769472,0.016686173383120187,3.787389518052174e-15,16,diagnostic-natural-adamw,"[2304, 768]",0.011733102096895931,10.753443564888393,3,3,0.layers.0.attn.Wqkv.weight,0.39493822607400314
resolved,0.010203340787848868,saved_segment,0.011743659098868417,627.0495960616455,3e-05,768,1.4471691890958898e-15,adamw,1769472,0.026901517033532423,3.4336111800963345e-15,16,diagnostic-natural-adamw,"[2304, 768]",0.002828763290257948,17.23509401881936,3,3,0.layers.0.mlp.Wi.weight,0.329609102965529
resolved,0.0024043066312953534,cumulative,0.03763928488079049,645.188620552469,3e-05,768,5.305057451665062e-15,adamw,1769472,0.007949069252114834,4.105337526294054e-15,16,diagnostic-natural-adamw,"[2304, 768]",0.010369728629556357,13.174918718576114,3,3,0.layers.0.mlp.Wi.weight,0.2951446724650942
resolved,0.012817197299326028,saved_segment,0.008291827809960746,588.4048357495,3e-05,768,4.773046435459496e-16,adamw,884736,0.029730028317854654,3.5293867523203702e-15,16,diagnostic-natural-adamw,"[768, 1152]",0.001865962686472002,19.746705073792228,3,3,0.layers.0.mlp.Wo.weight,0.31063514131568165
resolved,0.0014894600843868143,cumulative,0.026603506780841026,602.7488812727506,3e-05,768,1.6966070773619713e-15,adamw,884736,0.004114469479287363,3.7009362003424655e-15,16,diagnostic-natural-adamw,"[768, 1152]",0.0066326727442721535,16.08794732529392,3,3,0.layers.0.mlp.Wo.weight,0.28817425769974203
resolved,0.006472752099159839,saved_segment,0.006730382875352725,518.055991968643,3e-05,768,3.558174086067501e-16,adamw,589824,0.021774949425343654,5.024108790709835e-15,16,diagnostic-natural-adamw,"[768, 768]",0.0020865353500173116,10.404663711537511,3,3,0.layers.1.attn.Wo.weight,0.3550616363969633
resolved,0.0050670352859604716,cumulative,0.021899549003241627,529.4609333438934,3e-05,768,1.2620149717898665e-15,adamw,589824,0.018729653456933074,4.776617223772234e-15,16,diagnostic-natural-adamw,"[768, 768]",0.00740053405818858,8.756775565337582,3,3,0.layers.1.attn.Wo.weight,0.3359033386241011
resolved,0.004871155874488332,saved_segment,0.011648114370351615,614.0409214423787,3e-05,768,1.5568132757309267e-15,adamw,1769472,0.013505333240628201,3.860668874871981e-15,16,diagnostic-natural-adamw,"[2304, 768]",0.003043083198119463,14.651550966116329,3,3,0.layers.1.attn.Wqkv.weight,0.324893316437149
resolved,0.011379540281018176,cumulative,0.0375049594587349,633.0987836487662,3e-05,768,5.007070915741394e-15,adamw,1769472,0.032600257441592506,3.5155981672709248e-15,16,diagnostic-natural-adamw,"[2304, 768]",0.009787258120811888,14.684369915396603,3,3,0.layers.1.attn.Wqkv.weight,0.27857929710339124
resolved,0.007276739443672943,saved_segment,0.011647420362587858,634.2838553975147,3e-05,768,1.454616435679021e-15,adamw,1769472,0.020108628608857915,3.339217925872623e-15,16,diagnostic-natural-adamw,"[2304, 768]",0.0028433203288589573,16.780616767497275,3,3,0.layers.1.mlp.Wi.weight,0.30276439406233796
resolved,0.0075425070188236045,cumulative,0.037699063121504665,649.9136315441863,3e-05,768,5.279310342081049e-15,adamw,1769472,0.024245387522837433,4.13141018109595e-15,16,diagnostic-natural-adamw,"[2304, 768]",0.010319401080455476,13.34603102911917,3,3,0.layers.1.mlp.Wi.weight,0.2635656859340597
resolved,0.007862828980824084,saved_segment,0.008256903293032547,595.6023648020105,3e-05,768,4.329777367891674e-16,adamw,884736,0.01721018992288339,3.0272518683314043e-15,16,diagnostic-natural-adamw,"[768, 1152]",0.0016926721997078255,23.795162402433103,3,3,0.layers.1.mlp.Wo.weight,0.27770981228799024
resolved,0.004497825091065713,cumulative,0.026721028507679677,609.6419360614267,3e-05,768,1.5876695613774995e-15,adamw,884736,0.01173155371456877,3.2739365692008925e-15,16,diagnostic-natural-adamw,"[768, 1152]",0.006206795177957626,18.534100457112714,3,3,0.layers.1.mlp.Wo.weight,0.24684576541761197
resolved,0.00952383034546187,saved_segment,0.0068318281002863555,498.77378646725504,3e-05,768,3.4215227720106504e-16,adamw,589824,0.027375223143024072,3.3237149636786174e-15,16,diagnostic-natural-adamw,"[768, 768]",0.0020064021720139105,11.594122427423237,3,3,0.layers.10.attn.Wo.weight,0.39137682531035395
resolved,0.009169353423446037,cumulative,0.0222204173306503,511.54059694440934,3e-05,768,1.0846360765308906e-15,adamw,589824,0.026419082750246316,3.5277551321959813e-15,16,diagnostic-natural-adamw,"[768, 768]",0.006360373216272286,12.20504043366844,3,3,0.layers.10.attn.Wo.weight,0.38407753775429215
resolved,0.005935941668444668,saved_segment,0.01169523780541087,616.240080792817,3e-05,768,1.3634613811038026e-15,adamw,1769472,0.014344432752934875,3.406304382408308e-15,16,diagnostic-natural-adamw,"[2304, 768]",0.002665140697861609,19.25652117487254,3,3,0.layers.10.attn.Wqkv.weight,0.2911535648082285
resolved,0.01348118271839741,cumulative,0.03802836530949683,629.9665724974423,3e-05,768,4.381182982375291e-15,adamw,1769472,0.03258767513288679,3.413801360369791e-15,16,diagnostic-natural-adamw,"[2304, 768]",0.008563842902286163,19.718684151903695,3,3,0.layers.10.attn.Wqkv.weight,0.2746143131702416
resolved,0.006412855017486621,saved_segment,0.011711031042352637,630.4869451010967,3e-05,768,1.5192838191107727e-15,adamw,1769472,0.017921337635808707,4.251900940901852e-15,16,diagnostic-natural-adamw,"[2304, 768]",0.0029697248444519532,15.550982756444398,3,3,0.layers.10.mlp.Wi.weight,0.29299981730831615
resolved,0.01810128323035843,cumulative,0.038284625268103105,639.3439830054245,3e-05,768,4.851643610716462e-15,adamw,1769472,0.0500588986214273,3.887281510741627e-15,16,diagnostic-natural-adamw,"[2304, 768]",0.009483446335658466,16.297328483827833,3,3,0.layers.10.mlp.Wi.weight,0.29395046643808853
resolved,0.016537064581547658,saved_segment,0.008320143735577745,595.1303647062638,3e-05,768,4.72304459407893e-16,adamw,884736,0.03949530603488019,3.036722052204923e-15,16,diagnostic-natural-adamw,"[768, 1152]",0.0018464150932246618,20.304999119597255,3,3,0.layers.10.mlp.Wo.weight,0.2778299286580097
resolved,0.024504858732317877,cumulative,0.027179103806251007,602.4801340233394,3e-05,768,1.5407346171173173e-15,adamw,884736,0.058668144578325226,3.2467869876814623e-15,16,diagnostic-natural-adamw,"[768, 1152]",0.0060233088954222,20.361041687959435,3,3,0.layers.10.mlp.Wo.weight,0.2855949410506479
resolved,0.005657510465664408,saved_segment,0.006883050349613412,492.4347248483895,3e-05,768,3.587918375218214e-16,adamw,589824,0.017277476296199946,3.2648628662093887e-15,16,diagnostic-natural-adamw,"[768, 768]",0.0021039775856339198,10.70236295185763,3,3,0.layers.11.attn.Wo.weight,0.4171481254019114
resolved,0.02096200652813977,cumulative,0.02238820692472537,504.1138302249824,3e-05,768,1.1458795112821722e-15,adamw,589824,0.06194422739325172,2.8643183881334153e-15,16,diagnostic-natural-adamw,"[768, 768]",0.006719508515653485,11.10103845758757,3,3,0.layers.11.attn.Wo.weight,0.41546819597417467
resolved,0.012784072714848226,saved_segment,0.0117036822276018,615.7065288863947,3e-05,768,1.4680738051095017e-15,adamw,1769472,0.03285068318405285,4.188769036797412e-15,16,diagnostic-natural-adamw,"[2304, 768]",0.002869625278491119,16.633922140179322,3,3,0.layers.11.attn.Wqkv.weight,0.3015819239073022
resolved,0.009128134334680783,cumulative,0.03832343852327238,625.7150844910097,3e-05,768,4.7505055114545096e-15,adamw,1769472,0.023516761266223873,3.894566871951171e-15,16,diagnostic-natural-adamw,"[2304, 768]",0.009285752973614591,17.033138793456533,3,3,0.layers.11.attn.Wqkv.weight,0.30077781877745635
resolved,0.010677337304847408,saved_segment,0.011783197929461049,624.0963393336133,3e-05,768,1.6224161101657359e-15,adamw,1769472,0.032105920732925695,4.153486748623134e-15,16,diagnostic-natural-adamw,"[2304, 768]",0.0031713162279437056,13.805344417190435,3,3,0.layers.11.mlp.Wi.weight,0.31710571087102013
resolved,0.002143454314952994,cumulative,0.03849392519343799,632.5491419516037,3e-05,768,5.250467082829605e-15,adamw,1769472,0.006479734977859699,3.872219616420304e-15,16,diagnostic-natural-adamw,"[2304, 768]",0.010263021526802285,14.068050424804614,3,3,0.layers.11.mlp.Wi.weight,0.3239424467562927
resolved,0.006292653350374605,saved_segment,0.0083499160577132,586.9254232731896,3e-05,768,5.063778574227774e-16,adamw,884736,0.01612981305327908,3.4156545738547114e-15,16,diagnostic-natural-adamw,"[768, 1152]",0.0019796207725676133,17.790994049312463,3,3,0.layers.11.mlp.Wo.weight,0.3041774393540152
resolved,0.011412023629024144,cumulative,0.02727989741651128,594.0620724892802,3e-05,768,1.6509262666440465e-15,adamw,884736,0.02914973006795226,2.89787653703297e-15,16,diagnostic-natural-adamw,"[768, 1152]",0.006454089339647823,17.865514190006373,3,3,0.layers.11.mlp.Wo.weight,0.31551991456276907
resolved,0.007142181741140655,saved_segment,0.0068662350559479685,480.2810151428294,3e-05,768,3.4194345672183157e-16,adamw,589824,0.020061315835137022,3.529563999637177e-15,16,diagnostic-natural-adamw,"[768, 768]",0.002005177635773724,11.725506972426345,3,3,0.layers.12.attn.Wo.weight,0.4440866376217365
resolved,0.010673964586805498,cumulative,0.022375801374617175,493.2130587125169,3e-05,768,1.1203262638061725e-15,adamw,589824,0.031085983459663045,2.7476721266838224e-15,16,diagnostic-natural-adamw,"[768, 768]",0.006569662687774556,11.600348937717433,3,3,0.layers.12.attn.Wo.weight,0.45129735823571054
resolved,0.023338939858274305,saved_segment,0.01188228661918608,594.9635803528669,3e-05,768,1.667272445261309e-15,adamw,1769472,0.06172991507668814,4.641445799822373e-15,16,diagnostic-natural-adamw,"[2304, 768]",0.0032589963381961487,13.293284608187111,3,3,0.layers.12.attn.Wqkv.weight,0.38463560877525715
resolved,0.00627845882157669,cumulative,0.038662596358879565,607.8558008580704,3e-05,768,5.2022878004884745e-15,adamw,1769472,0.016670301773451694,3.1440930534131972e-15,16,diagnostic-natural-adamw,"[2304, 768]",0.010168846093643217,14.455685204766649,3,3,0.layers.12.attn.Wqkv.weight,0.38032992081400313
resolved,0.016777838074246144,saved_segment,0.011736241139902532,627.5776278180153,3e-05,768,1.4583050050519693e-15,adamw,1769472,0.04341232928114611,3.876237054493855e-15,16,diagnostic-natural-adamw,"[2304, 768]",0.002850530328708584,16.95144466003903,3,3,0.layers.12.mlp.Wi.weight,0.29040560740118393
resolved,0.004686406442048045,cumulative,0.03828334802947502,636.9934056777872,3e-05,768,4.6919849672671256e-15,adamw,1769472,0.012575673290989757,3.847850855516124e-15,16,diagnostic-natural-adamw,"[2304, 768]",0.009171363606862932,17.424165981754676,3,3,0.layers.12.mlp.Wi.weight,0.29725864010249087
resolved,0.003574506481250582,saved_segment,0.008324499996848698,590.6164435312794,3e-05,768,4.520169498758155e-16,adamw,884736,0.008052980533935727,3.5192878603178534e-15,16,diagnostic-natural-adamw,"[768, 1152]",0.0017671036172099573,22.191787403120816,3,3,0.layers.12.mlp.Wo.weight,0.2705255192585247
resolved,0.00607993219298357,cumulative,0.02717630267219571,598.0312559631948,3e-05,768,1.4956169782097385e-15,adamw,884736,0.013756687492773922,3.513029519906274e-15,16,diagnostic-natural-adamw,"[768, 1152]",0.005846927140411776,21.603562688360615,3,3,0.layers.12.mlp.Wo.weight,0.2833438510090348
resolved,0.017030172923618612,saved_segment,0.006892362324089786,490.0279879277442,3e-05,768,3.330440751083409e-16,adamw,589824,0.04634369409463912,3.8546399339922e-15,16,diagnostic-natural-adamw,"[768, 768]",0.0019529911100987962,12.454768704170348,3,3,0.layers.13.attn.Wo.weight,0.40884940195736635
resolved,0.014882025533979982,cumulative,0.0223838952252218,502.8540269298721,3e-05,768,1.0671051651521391e-15,adamw,589824,0.04101678837341672,3.1561457319567204e-15,16,diagnostic-natural-adamw,"[768, 768]",0.006257570864771231,12.795574080618085,3,3,0.layers.13.attn.Wo.weight,0.40577103738334297
resolved,0.014200528628935772,saved_segment,0.011729232285554907,615.5258433276705,3e-05,768,1.314080559525244e-15,adamw,1769472,0.032139163367916876,3.640549103512462e-15,16,diagnostic-natural-adamw,"[2304, 768]",0.0025686166311687073,20.851658033921538,3,3,0.layers.13.attn.Wqkv.weight,0.28766541078052177
resolved,0.012127987921515405,cumulative,0.03837114671731241,625.6918651493152,3e-05,768,4.478907839765195e-15,adamw,1769472,0.02940705674299417,3.6254990984192454e-15,16,diagnostic-natural-adamw,"[2304, 768]",0.008754864443660297,19.209263075807872,3,3,0.layers.13.attn.Wqkv.weight,0.294437078543385
resolved,0.005428623422744455,saved_segment,0.011782921170428479,631.6715132873144,3e-05,768,1.3625834281454228e-15,adamw,1769472,0.013504443846447261,3.558477517106167e-15,16,diagnostic-natural-adamw,"[2304, 768]",0.002663424574330269,19.571546293615853,3,3,0.layers.13.mlp.Wi.weight,0.27016056334793653
resolved,0.003475849663403456,cumulative,0.0383663148143535,641.4622821012564,3e-05,768,4.439290730444712e-15,adamw,1769472,0.008946491980485555,3.70446100292544e-15,16,diagnostic-natural-adamw,"[2304, 768]",0.008677425381692753,19.54872316705848,3,3,0.layers.13.mlp.Wi.weight,0.27319074557807455
resolved,0.013679420125937697,saved_segment,0.00837748184459202,589.2732748486644,3e-05,768,4.465032859242251e-16,adamw,884736,0.0295090131681647,3.30221954041985e-15,16,diagnostic-natural-adamw,"[768, 1152]",0.0017455486389826753,23.03366685281031,3,3,0.layers.13.mlp.Wo.weight,0.27855923141827044
resolved,0.009274802394293584,cumulative,0.027257620787714307,598.306218596386,3e-05,768,1.4432244978415884e-15,adamw,884736,0.02036679775613149,3.1207279696523665e-15,16,diagnostic-natural-adamw,"[768, 1152]",0.0056421053044195734,23.339605731585465,3,3,0.layers.13.mlp.Wo.weight,0.28146996097623705
resolved,0.009968977770866064,saved_segment,0.0069012537294442095,478.5672020729084,3e-05,768,3.3876276458555753e-16,adamw,589824,0.027494510233484842,2.747679296986833e-15,16,diagnostic-natural-adamw,"[768, 768]",0.0019865258598366093,12.06889597105572,3,3,0.layers.14.attn.Wo.weight,0.4495302533597874
resolved,0.007199874987758285,cumulative,0.022398106082408272,493.8061332959192,3e-05,768,1.1071078974991559e-15,adamw,589824,0.021426734853001544,3.5461603817466607e-15,16,diagnostic-natural-adamw,"[768, 768]",0.006492149368015797,11.902702747739113,3,3,0.layers.14.attn.Wo.weight,0.4481546180943824
resolved,0.01072663905134315,saved_segment,0.011879518309318294,609.2837925053863,3e-05,768,1.3858143661371552e-15,adamw,1769472,0.02462524085363454,3.856823117165763e-15,16,diagnostic-natural-adamw,"[2304, 768]",0.0027088337946788075,19.23237615767106,3,3,0.layers.14.attn.Wqkv.weight,0.31490643868696
resolved,0.00605118833832603,cumulative,0.03869897836441276,620.8036432771531,3e-05,768,4.5787912932216694e-15,adamw,1769472,0.014629997900549068,3.7320560158797575e-15,16,diagnostic-natural-adamw,"[2304, 768]",0.008950105365434193,18.695741896955766,3,3,0.layers.14.attn.Wqkv.weight,0.3204271421746645
resolved,0.006504947701549258,saved_segment,0.011817053213473797,630.4476658129445,3e-05,768,1.331719835108486e-15,adamw,1769472,0.015858562530505892,3.608645166078229e-15,16,diagnostic-natural-adamw,"[2304, 768]",0.002603095899807498,20.608104418921034,3,3,0.layers.14.mlp.Wi.weight,0.27811314633872364
resolved,0.0011638854149885614,cumulative,0.03837816261995814,641.4224449933672,3e-05,768,4.362265454354528e-15,adamw,1769472,0.002977526083398136,3.739887821149986e-15,16,diagnostic-natural-adamw,"[2304, 768]",0.008526865049792639,20.257674011592698,3,3,0.layers.14.mlp.Wi.weight,0.2788420439509559
resolved,0.007136175196000686,saved_segment,0.008438932929799421,580.728458781038,3e-05,768,4.796844801385849e-16,adamw,884736,0.01667910011783129,3.1910907398952407e-15,16,diagnostic-natural-adamw,"[768, 1152]",0.001875266359381546,20.251124556257693,3,3,0.layers.14.mlp.Wo.weight,0.30757764091503825
resolved,0.013953795365302852,cumulative,0.027334331044734757,592.7758508516729,3e-05,768,1.5575115644156957e-15,adamw,884736,0.0328961496177374,3.3181046343640874e-15,16,diagnostic-natural-adamw,"[768, 1152]",0.006088896268340074,20.153002041630337,3,3,0.layers.14.mlp.Wo.weight,0.302960588302131
resolved,0.01146639347479685,saved_segment,0.006933750650262993,488.50383560589665,3e-05,768,3.5414113612598294e-16,adamw,589824,0.03310074659057542,3.712671095032398e-15,16,diagnostic-natural-adamw,"[768, 768]",0.0020767055842363814,11.147733499127439,3,3,0.layers.15.attn.Wo.weight,0.4136658310870193
resolved,0.009921714536936148,cumulative,0.02239301104006015,503.98051288063766,3e-05,768,1.1291144668286248e-15,adamw,589824,0.029820818752626432,3.320411538527554e-15,16,diagnostic-natural-adamw,"[768, 768]",0.006621197255296915,11.438048552553068,3,3,0.layers.15.attn.Wo.weight,0.401194527687447
resolved,0.013997733556836698,saved_segment,0.011948282587528423,610.2473073744272,3e-05,768,1.3090106342433461e-15,adamw,1769472,0.03017200933655814,3.5192308945579713e-15,16,diagnostic-natural-adamw,"[2304, 768]",0.0025587065124142144,21.805699457400735,3,3,0.layers.15.attn.Wqkv.weight,0.31663021705803096
resolved,0.0003053262581370462,cumulative,0.03858762292926499,623.8545889822859,3e-05,768,4.15913992153269e-15,adamw,1769472,0.0006731772514802449,3.4399044268909983e-15,16,diagnostic-natural-adamw,"[2304, 768]",0.00812981814270676,22.52860965757165,3,3,0.layers.15.attn.Wqkv.weight,0.30840709751872886
resolved,0.0007794657887135135,saved_segment,0.011832473767353828,630.0587373689026,3e-05,768,1.4188322103786641e-15,adamw,1769472,0.0020592616976960352,3.69373424596016e-15,16,diagnostic-natural-adamw,"[2304, 768]",0.0027733733567546046,18.202641782373455,3,3,0.layers.15.mlp.Wi.weight,0.28323703789679633
resolved,0.015217064911602452,cumulative,0.03842829346091978,641.0012377886336,3e-05,768,4.667135790973842e-15,adamw,1769472,0.041539903619566616,3.4668939249356545e-15,16,diagnostic-natural-adamw,"[2304, 768]",0.00912279123659605,17.74380367978904,3,3,0.layers.15.mlp.Wi.weight,0.28537552303813074
resolved,0.011305461252835368,saved_segment,0.008386304607914202,587.5633572881601,3e-05,768,5.008368772360861e-16,adamw,884736,0.028485596239007625,3.1782259976638877e-15,16,diagnostic-natural-adamw,"[768, 1152]",0.00195795900494257,18.345691101901192,3,3,0.layers.15.mlp.Wo.weight,0.29241092653544676
resolved,0.003791635675165442,cumulative,0.02723846329662703,598.3715624900723,3e-05,768,1.6461689567763699e-15,adamw,884736,0.010078913686729215,3.3446404469803787e-15,16,diagnostic-natural-adamw,"[768, 1152]",0.006435491232922689,17.914380689799227,3,3,0.layers.15.mlp.Wo.weight,0.29066449962362834
resolved,0.014513239128727443,saved_segment,0.0068832337686577875,486.19978949521453,3e-05,768,3.333714998955043e-16,adamw,589824,0.03842083491082505,3.60818067782502e-15,16,diagnostic-natural-adamw,"[768, 768]",0.0019549111493559067,12.397410783874847,3,3,0.layers.16.attn.Wo.weight,0.41084894056523796
resolved,0.004723315616194628,cumulative,0.0223626469724511,501.4937027108229,3e-05,768,1.1129751275562583e-15,adamw,589824,0.013730975792258078,3.2256983486309515e-15,16,diagnostic-natural-adamw,"[768, 768]",0.006526555168925775,11.740278218064622,3,3,0.layers.16.attn.Wo.weight,0.3946823706856244
resolved,0.0005152824626394699,saved_segment,0.011852470139337623,612.9212940340768,3e-05,768,1.3757126784870852e-15,adamw,1769472,0.001231572491916273,3.5476489800887478e-15,16,diagnostic-natural-adamw,"[2304, 768]",0.002689088153734073,19.427085908939517,3,3,0.layers.16.attn.Wqkv.weight,0.30190864383797406
resolved,0.008059384622289719,cumulative,0.0384818383992299,626.0078064055004,3e-05,768,4.428058660293485e-15,adamw,1769472,0.019665121069866603,3.3246210808731745e-15,16,diagnostic-natural-adamw,"[2304, 768]",0.008655470196385608,19.766523466490124,3,3,0.layers.16.attn.Wqkv.weight,0.2953958640626186
resolved,0.004695485981151192,saved_segment,0.011802950273346892,633.5206502041813,3e-05,768,1.331931822536098e-15,adamw,1769472,0.011947637644183773,3.390063682172685e-15,16,diagnostic-natural-adamw,"[2304, 768]",0.0026035102689481236,20.55240099741125,3,3,0.layers.16.mlp.Wi.weight,0.2695700959333935
resolved,0.005089001474971966,cumulative,0.03826218208268623,644.8070374306807,3e-05,768,4.212810511686623e-15,adamw,1769472,0.012957348066379024,3.460374284072259e-15,16,diagnostic-natural-adamw,"[2304, 768]",0.008234727365718049,21.589422121909553,3,3,0.layers.16.mlp.Wi.weight,0.26560943252681285
resolved,0.002501677923467751,saved_segment,0.008373820876767624,585.7728976738377,3e-05,768,4.776474618582294e-16,adamw,884736,0.00598014683007411,3.339917050796928e-15,16,diagnostic-natural-adamw,"[768, 1152]",0.0018673028917006815,20.110265020638344,3,3,0.layers.16.mlp.Wo.weight,0.2906063989903207
resolved,0.004032643832742171,cumulative,0.027159944613708933,597.2378364232667,3e-05,768,1.5184651916316808e-15,adamw,884736,0.00999346659252877,3.4381973159482008e-15,16,diagnostic-natural-adamw,"[768, 1152]",0.005936249367367627,20.93309706916142,3,3,0.layers.16.mlp.Wo.weight,0.28538720950207197
resolved,0.007519673857347006,saved_segment,0.006869015334227367,494.5827406310927,3e-05,768,2.920944264743416e-16,adamw,589824,0.01813690848221899,2.7269483578127417e-15,16,diagnostic-natural-adamw,"[768, 768]",0.001712859831024536,16.082194952307557,3,3,0.layers.17.attn.Wo.weight,0.37293316960846074
resolved,0.007863836651733047,cumulative,0.02223926712386559,509.38907076324966,3e-05,768,9.509934729052657e-16,adamw,589824,0.020224719171707248,3.2362911760065042e-15,16,diagnostic-natural-adamw,"[768, 768]",0.005576684700791573,15.903355285248566,3,3,0.layers.17.attn.Wo.weight,0.3612486647014516
resolved,0.005111963245416067,saved_segment,0.01179144951614484,616.9886473303155,3e-05,768,1.2498659631375693e-15,adamw,1769472,0.011022137162983964,3.697023076457197e-15,16,diagnostic-natural-adamw,"[2304, 768]",0.002443097172677701,23.29447407247575,3,3,0.layers.17.attn.Wqkv.weight,0.27755521865259725
resolved,0.013877003711727114,cumulative,0.03813133851899979,630.8148049314261,3e-05,768,3.825802528069163e-15,adamw,1769472,0.02928565955281819,3.5223270752288035e-15,16,diagnostic-natural-adamw,"[2304, 768]",0.007478247760332199,25.9994644278723,3,3,0.layers.17.attn.Wqkv.weight,0.2637473871462835
resolved,0.0031214246834522703,saved_segment,0.01182285473767557,627.4061019611153,3e-05,768,1.3495557061672228e-15,adamw,1769472,0.00782201366532945,3.559986460816322e-15,16,diagnostic-natural-adamw,"[2304, 768]",0.0026379594511329995,20.086694577397775,3,3,0.layers.17.mlp.Wi.weight,0.2754518150824508
resolved,0.010699473907270229,cumulative,0.038321831740643214,639.3453582176712,3e-05,768,4.363353926141455e-15,adamw,1769472,0.027171861687999684,4.304091544005219e-15,16,diagnostic-natural-adamw,"[2304, 768]",0.008528992671812608,20.188173890405736,3,3,0.layers.17.mlp.Wi.weight,0.27383765687402994
resolved,0.011877208094511722,saved_segment,0.008394133115908845,569.4566114064946,3e-05,768,5.063135828565448e-16,adamw,884736,0.028693516270079943,2.8247176227248044e-15,16,diagnostic-natural-adamw,"[768, 1152]",0.001979369499206038,17.98448295380516,3,3,0.layers.17.mlp.Wo.weight,0.34302305636447805
resolved,0.00759249643998303,cumulative,0.027212146232222043,582.753999298966,3e-05,768,1.6116108639335975e-15,adamw,884736,0.01920517445467355,3.787411765976801e-15,16,diagnostic-natural-adamw,"[768, 1152]",0.006300390699893744,18.6548013482502,3,3,0.layers.17.mlp.Wo.weight,0.3345369965653921
resolved,0.007622336135631951,saved_segment,0.006798299202560968,479.3087073499424,3e-05,768,3.3502689498607804e-16,adamw,589824,0.020724634844371856,3.1748761083102713e-15,16,diagnostic-natural-adamw,"[768, 768]",0.0019646184888260356,11.974133491054628,3,3,0.layers.18.attn.Wo.weight,0.39238573887330663
resolved,0.004571554098695818,cumulative,0.0219486009019103,499.01169141682556,3e-05,768,1.0619602646538338e-15,adamw,589824,0.012953431574045424,4.04841743917787e-15,16,diagnostic-natural-adamw,"[768, 768]",0.006227400849189165,12.422243563243436,3,3,0.layers.18.attn.Wo.weight,0.3457865814893829
resolved,0.0044788795016281755,saved_segment,0.01172362998745467,617.2987522213951,3e-05,768,1.098144678511802e-15,adamw,1769472,0.008705891467420459,3.471928480428873e-15,16,diagnostic-natural-adamw,"[2304, 768]",0.0021465294986738907,29.82980977762661,3,3,0.layers.18.attn.Wqkv.weight,0.2536420072071568
resolved,0.01238937888609015,cumulative,0.037865530021930535,632.7084541239429,3e-05,768,3.488031092429911e-15,adamw,1769472,0.024808838978996623,3.4612539934060273e-15,16,diagnostic-natural-adamw,"[2304, 768]",0.006818010211859397,30.84414852425258,3,3,0.layers.18.attn.Wqkv.weight,0.2393711244237876
resolved,0.003017234573138932,saved_segment,0.01181334777115645,620.7393937961862,3e-05,768,1.3356077626174228e-15,adamw,1769472,0.007441061267755888,3.6274806764757965e-15,16,diagnostic-natural-adamw,"[2304, 768]",0.0026106955824813224,20.475452577685516,3,3,0.layers.18.mlp.Wi.weight,0.2705639723394822
resolved,0.00603926904112355,cumulative,0.038201871263432774,635.3355876400526,3e-05,768,4.244457913681212e-15,adamw,1769472,0.015189991025263127,3.605051418774075e-15,16,diagnostic-natural-adamw,"[2304, 768]",0.008296588141685964,21.201676838040243,3,3,0.layers.18.mlp.Wi.weight,0.2530767175795236
resolved,0.008849124257495006,saved_segment,0.008332241305489773,576.2134123773441,3e-05,768,5.266326289183026e-16,adamw,884736,0.0225900328093718,3.0216064609142374e-15,16,diagnostic-natural-adamw,"[768, 1152]",0.002058804263331261,16.379232958304204,3,3,0.layers.18.mlp.Wo.weight,0.32159997785665523
resolved,0.009102331835557715,cumulative,0.027017697218249644,589.9135361213363,3e-05,768,1.6764619304679244e-15,adamw,884736,0.024693940728549975,3.649858650086056e-15,16,diagnostic-natural-adamw,"[768, 1152]",0.00655391781714945,16.99396338377103,3,3,0.layers.18.mlp.Wo.weight,0.3113874088667681
resolved,0.015973566273147173,saved_segment,0.006803282064894042,471.2652496577381,3e-05,768,3.3756148218755033e-16,adamw,589824,0.04202347155550908,3.947326169907334e-15,16,diagnostic-natural-adamw,"[768, 768]",0.001979481465357401,11.812289307226402,3,3,0.layers.19.attn.Wo.weight,0.41145764577942
resolved,0.006060528975758552,cumulative,0.02201382090335741,491.3567507445121,3e-05,768,1.1153897060343767e-15,adamw,589824,0.017730680704576503,3.4013026748120805e-15,16,diagnostic-natural-adamw,"[768, 768]",0.006540714406861076,11.3276672898989,3,3,0.layers.19.attn.Wo.weight,0.3701290179821678
resolved,0.019713700500965135,saved_segment,0.011791531727534684,607.5138872143301,3e-05,768,1.2722784804313591e-15,adamw,1769472,0.04276340492191348,3.4496913333215955e-15,16,diagnostic-natural-adamw,"[2304, 768]",0.0024869066364505946,22.48130332163419,3,3,0.layers.19.attn.Wqkv.weight,0.2774109255089619
resolved,0.007275882858501889,cumulative,0.03814804858058038,623.0049711728692,3e-05,768,3.9502120771157206e-15,adamw,1769472,0.01603884706595464,3.5322472931480447e-15,16,diagnostic-natural-adamw,"[2304, 768]",0.007721429530613191,24.40895740947067,3,3,0.layers.19.attn.Wqkv.weight,0.2639323277282455
resolved,0.006756715541973448,saved_segment,0.011697517916057564,619.8382573775664,3e-05,768,1.2204194760213486e-15,adamw,1769472,0.01489323718297482,3.8650534805796914e-15,16,diagnostic-natural-adamw,"[2304, 768]",0.0023855384971551395,24.044435150202073,3,3,0.layers.19.mlp.Wi.weight,0.2490059884417073
resolved,0.0006759849518592972,cumulative,0.03786787222650858,635.0421756317307,3e-05,768,4.04871566490109e-15,adamw,1769472,0.0016239600807933187,3.763849182350747e-15,16,diagnostic-natural-adamw,"[2304, 768]",0.007913973246431267,22.895632762649722,3,3,0.layers.19.mlp.Wi.weight,0.22854736463159522
resolved,0.013438040724352444,saved_segment,0.008283772162867773,572.3117996824983,3e-05,768,5.015028409425091e-16,adamw,884736,0.03199155184763574,3.362133492739878e-15,16,diagnostic-natural-adamw,"[768, 1152]",0.0019605625065919523,17.85232995333259,3,3,0.layers.19.mlp.Wo.weight,0.3215715398982842
resolved,0.009713971760712512,cumulative,0.02685059125916841,587.3306170147425,3e-05,768,1.6146392858286073e-15,adamw,884736,0.025157484769403347,3.746295352069375e-15,16,diagnostic-natural-adamw,"[768, 1152]",0.006312229935759965,18.094312468123942,3,3,0.layers.19.mlp.Wo.weight,0.30714981404904984
resolved,0.014199697663418422,saved_segment,0.0067578578529377065,522.0614504494924,3e-05,768,3.3034435173589815e-16,adamw,589824,0.041467120120985614,4.155951012689598e-15,16,diagnostic-natural-adamw,"[768, 768]",0.0019371597648199727,12.169906026189055,3,3,0.layers.2.attn.Wo.weight,0.33435207620207386
resolved,0.0026880325119945166,cumulative,0.021905662769812775,534.3322993800741,3e-05,768,1.1628816409457207e-15,adamw,589824,0.009467812095364821,4.509522890778098e-15,16,diagnostic-natural-adamw,"[768, 768]",0.006819210058384296,10.319167403703224,3,3,0.layers.2.attn.Wo.weight,0.31455659854647505
resolved,0.01356890983450908,saved_segment,0.011640479837826246,619.800377182051,3e-05,768,1.3818290842511452e-15,adamw,1769472,0.03467438312745091,3.8361667529245235e-15,16,diagnostic-natural-adamw,"[2304, 768]",0.002701043814636793,18.57284813729151,3,3,0.layers.2.attn.Wqkv.weight,0.3066580715517598
resolved,0.01173300492986102,cumulative,0.0375200818016128,636.2622305644027,3e-05,768,4.49223824591663e-15,adamw,1769472,0.029814220599361955,3.660631915788272e-15,16,diagnostic-natural-adamw,"[2304, 768]",0.008780921219778482,18.257755695305736,3,3,0.layers.2.attn.Wqkv.weight,0.2601899824382731
resolved,0.006228376314759106,saved_segment,0.011709321941354276,632.6664380095004,3e-05,768,1.5174624348868347e-15,adamw,1769472,0.01820650315471737,3.4856989716655216e-15,16,diagnostic-natural-adamw,"[2304, 768]",0.0029661646077712997,15.58378674472108,3,3,0.layers.2.mlp.Wi.weight,0.31560119500466005
resolved,0.007540943872223919,cumulative,0.037896080541764916,647.8383654734688,3e-05,768,5.5685049191809095e-15,adamw,1769472,0.025908111991175622,3.8624588047070915e-15,16,diagnostic-natural-adamw,"[2304, 768]",0.010884686058608472,12.121511410181487,3,3,0.layers.2.mlp.Wi.weight,0.27930531719142143
resolved,0.017974416940796885,saved_segment,0.008287041219095058,599.2705902446759,3e-05,768,4.297966589708003e-16,adamw,884736,0.0401472923843662,3.3467698715307177e-15,16,diagnostic-natural-adamw,"[768, 1152]",0.001680236174640608,24.325307376880737,3,3,0.layers.2.mlp.Wo.weight,0.27985752246672957
resolved,0.002246848930424179,cumulative,0.02683368070186229,611.5936673389491,3e-05,768,1.5724853865510864e-15,adamw,884736,0.00591690843274226,3.5365028743954955e-15,16,diagnostic-natural-adamw,"[768, 1152]",0.006147434549407138,19.053408042974368,3,3,0.layers.2.mlp.Wo.weight,0.2504623042609955
resolved,0.006818746579945824,saved_segment,0.006838610411400769,459.8601486031747,3e-05,768,3.6963411054935273e-16,adamw,589824,0.019944779079332974,3.768066779126587e-15,16,diagnostic-natural-adamw,"[768, 768]",0.0021675573470488147,9.953928879602717,3,3,0.layers.20.attn.Wo.weight,0.45118581153888354
resolved,0.0036679441947122314,cumulative,0.022077932245450408,481.6930475034181,3e-05,768,1.2444805192921945e-15,adamw,589824,0.012187351138236883,2.828395707249644e-15,16,diagnostic-natural-adamw,"[768, 768]",0.007297710941346574,9.152578829194148,3,3,0.layers.20.attn.Wo.weight,0.40461993210671376
resolved,0.0066349835835082804,saved_segment,0.01179589186435418,602.7749256681599,3e-05,768,1.347403096655272e-15,adamw,1769472,0.0152282238232596,3.851510261435719e-15,16,diagnostic-natural-adamw,"[2304, 768]",0.002633751772575753,20.059120321659314,3,3,0.layers.20.attn.Wqkv.weight,0.28953915429663357
resolved,0.0035614047170438663,cumulative,0.03816499595237955,619.1809768530735,3e-05,768,4.400847065600061e-15,adamw,1769472,0.008833205824150597,3.4612045755323907e-15,16,diagnostic-natural-adamw,"[2304, 768]",0.008602280036784277,19.683543691399912,3,3,0.layers.20.attn.Wqkv.weight,0.2721854726190711
resolved,0.004958556144862971,saved_segment,0.011661584700920592,610.7856102662063,3e-05,768,1.3748548325487068e-15,adamw,1769472,0.012164073162512487,4.221039894859938e-15,16,diagnostic-natural-adamw,"[2304, 768]",0.0026874113331401394,18.829849697027527,3,3,0.layers.20.mlp.Wi.weight,0.2749909762616048
resolved,0.007618251622388297,cumulative,0.037798561346523096,627.599397948736,3e-05,768,4.4133083905618514e-15,adamw,1769472,0.019566851226100822,3.459537793152348e-15,16,diagnostic-natural-adamw,"[2304, 768]",0.008626638030905139,19.19850404252602,3,3,0.layers.20.mlp.Wi.weight,0.24620826248672434
resolved,0.006809670975994693,saved_segment,0.008254481777289721,555.4222414914385,3e-05,768,5.874592047587031e-16,adamw,884736,0.019265879800893816,3.4291257990911144e-15,16,diagnostic-natural-adamw,"[768, 1152]",0.0022965981385821726,12.918426221446431,3,3,0.layers.20.mlp.Wo.weight,0.3681767257675973
resolved,0.007848611375509101,cumulative,0.02679324356941943,572.6146979159143,3e-05,768,1.8819840107592478e-15,adamw,884736,0.024256888754547547,4.155738432187315e-15,16,diagnostic-natural-adamw,"[768, 1152]",0.007357380633309532,13.261850709394642,3,3,0.layers.20.mlp.Wo.weight,0.3401080623024891
resolved,0.016764530688464528,saved_segment,0.006762459246557067,448.16779399122623,3e-05,768,3.247508695101003e-16,adamw,589824,0.0411630939692534,4.448676071930777e-15,16,diagnostic-natural-adamw,"[768, 768]",0.0019043592381691827,12.609897826569654,3,3,0.layers.21.attn.Wo.weight,0.44234374008533456
resolved,0.004175249354646598,cumulative,0.021793752113999518,472.52029377113485,3e-05,768,1.0629359446965765e-15,adamw,589824,0.011153345512032568,3.088615418439844e-15,16,diagnostic-natural-adamw,"[768, 768]",0.006233122297466417,12.225108366883829,3,3,0.layers.21.attn.Wo.weight,0.3642571725649
resolved,0.006077997456154805,saved_segment,0.011685732886063996,605.1529825988601,3e-05,768,1.3523805944318795e-15,adamw,1769472,0.01431209581654123,3.5572968784917605e-15,16,diagnostic-natural-adamw,"[2304, 768]",0.0026434812244559474,19.5415698607746,3,3,0.layers.21.attn.Wqkv.weight,0.27496996259075746
resolved,0.0042631445226864895,cumulative,0.03787555236426578,622.6305872802766,3e-05,768,4.406026293030967e-15,adamw,1769472,0.010514979015344419,3.4424745909086854e-15,16,diagnostic-natural-adamw,"[2304, 768]",0.008612403807065482,19.340566101656602,3,3,0.layers.21.attn.Wqkv.weight,0.2519414144002289
resolved,0.005886325769908101,saved_segment,0.011654792510450332,554.9841002543807,3e-05,768,1.8468437541436986e-15,adamw,1769472,0.01733597129961365,4.344652176464192e-15,16,diagnostic-natural-adamw,"[2304, 768]",0.003610002101984848,10.423034681914876,3,3,0.layers.21.mlp.Wi.weight,0.3805388579920976
resolved,0.009158600049908244,cumulative,0.037746813045036035,580.5274629323684,3e-05,768,5.925246336822454e-15,adamw,1769472,0.029181552402676645,4.0682405470831465e-15,16,diagnostic-natural-adamw,"[2304, 768]",0.011582003990708334,10.62167869187299,3,3,0.layers.21.mlp.Wi.weight,0.32715637379168816
resolved,0.005400139737430097,saved_segment,0.008244408382099737,500.91434416314013,3e-05,768,6.408478727035467e-16,adamw,884736,0.015339642940869504,2.9265851749517026e-15,16,diagnostic-natural-adamw,"[768, 1152]",0.002505314445059781,10.829153442313071,3,3,0.layers.21.mlp.Wo.weight,0.42386258481102046
resolved,0.006602402261095982,cumulative,0.026724950683968452,526.16271361371,3e-05,768,2.0832588347528196e-15,adamw,884736,0.02011204263920765,4.189941937563956e-15,16,diagnostic-natural-adamw,"[768, 1152]",0.00814423933325442,10.767943534666664,3,3,0.layers.21.mlp.Wo.weight,0.35599471216746564
resolved,0.00584044975096906,saved_segment,0.006775445176408935,485.47597983259055,3e-05,768,4.1674633328502575e-16,adamw,589824,0.02123888498340138,5.208682254386797e-15,16,diagnostic-natural-adamw,"[768, 768]",0.002443826342826123,7.686612490015779,3,3,0.layers.3.attn.Wo.weight,0.4620967771407513
resolved,0.004060511475271589,cumulative,0.022108494151451025,498.16489253045984,3e-05,768,1.5518933229754587e-15,adamw,589824,0.01821509762718269,4.845534810365901e-15,16,diagnostic-natural-adamw,"[768, 768]",0.009100398686290413,5.901976662600089,3,3,0.layers.3.attn.Wo.weight,0.4673228901863395
resolved,0.01567936019558062,saved_segment,0.011738689879904552,598.4179584466484,3e-05,768,1.8271559140340132e-15,adamw,1769472,0.04895817648157492,3.168913912030063e-15,16,diagnostic-natural-adamw,"[2304, 768]",0.0035715185302045917,10.802728048609444,3,3,0.layers.3.attn.Wqkv.weight,0.3894093130315041
resolved,0.007487250245160075,cumulative,0.03813024769431783,612.562550850867,3e-05,768,6.728341806926038e-15,adamw,1769472,0.028736734513439464,5.273536695045043e-15,16,diagnostic-natural-adamw,"[2304, 768]",0.013151804537540553,8.405596945438772,3,3,0.layers.3.attn.Wqkv.weight,0.383342403834991
resolved,0.01205342407523417,saved_segment,0.011731952008424614,634.0384054696395,3e-05,768,1.4042983650259295e-15,adamw,1769472,0.03312796916507057,3.4140297916532624e-15,16,diagnostic-natural-adamw,"[2304, 768]",0.0027449642332672626,18.26699776054483,3,3,0.layers.3.mlp.Wi.weight,0.3119766994079812
resolved,0.006807803570666357,cumulative,0.03786695018557176,648.3584676977811,3e-05,768,4.89431125967934e-15,adamw,1769472,0.020351429087967103,3.623047852001637e-15,16,diagnostic-natural-adamw,"[2304, 768]",0.009566848248839887,15.666893325262965,3,3,0.layers.3.mlp.Wi.weight,0.27680628486397557
resolved,0.011320572319814669,saved_segment,0.008300893509619831,592.2684980412106,3e-05,768,4.687215515583803e-16,adamw,884736,0.027949903071428292,3.298140036688364e-15,16,diagnostic-natural-adamw,"[768, 1152]",0.0018324081640094117,20.52131792840064,3,3,0.layers.3.mlp.Wo.weight,0.31074319709437936
resolved,0.0036249352156187,cumulative,0.026836344412229384,605.134514534122,3e-05,768,1.7248373496514733e-15,adamw,884736,0.01057586857777718,3.3277753151472494e-15,16,diagnostic-natural-adamw,"[768, 1152]",0.006743035455872473,15.839294263720468,3,3,0.layers.3.mlp.Wo.weight,0.288568636963812
resolved,0.009610116929797147,saved_segment,0.006765365711711319,524.0245220892394,3e-05,768,2.83263338741388e-16,adamw,589824,0.024440850682210857,3.4342875536776156e-15,16,diagnostic-natural-adamw,"[768, 768]",0.0016610737849003094,16.588407961361813,3,3,0.layers.4.attn.Wo.weight,0.32861238701899553
resolved,0.006886114324551738,cumulative,0.021975652168660747,533.8694486542247,3e-05,768,9.875758882890874e-16,adamw,589824,0.02009466157997606,3.6633369576171816e-15,16,diagnostic-natural-adamw,"[768, 768]",0.005791206253253673,14.399435928861053,3,3,0.layers.4.attn.Wo.weight,0.3182512666810605
resolved,0.0073872386444131435,saved_segment,0.01177910652986949,612.4148897920988,3e-05,768,1.6694568552064724e-15,adamw,1769472,0.022106307687685522,3.5712040947633585e-15,16,diagnostic-natural-adamw,"[2304, 768]",0.0032632661766575474,13.029258481726005,3,3,0.layers.4.attn.Wqkv.weight,0.33724884791441145
resolved,0.006060117125016378,cumulative,0.037593219520357324,633.7919741456111,3e-05,768,4.269774253489024e-15,adamw,1769472,0.014240235746214266,3.552894913173681e-15,16,diagnostic-natural-adamw,"[2304, 768]",0.008346073670559595,20.288718367010645,3,3,0.layers.4.attn.Wqkv.weight,0.2610139872144358
resolved,0.014773253618051832,saved_segment,0.011723250030224614,635.6940320122309,3e-05,768,1.4874495029057962e-15,adamw,1769472,0.04178440355623923,3.93780095544582e-15,16,diagnostic-natural-adamw,"[2304, 768]",0.0029074987096436517,16.25762095791671,3,3,0.layers.4.mlp.Wi.weight,0.30159345653192876
resolved,0.007357816527892083,cumulative,0.038037533186599186,647.5757741658005,3e-05,768,5.132162722391151e-15,adamw,1769472,0.023866537021885185,3.906664478585049e-15,16,diagnostic-natural-adamw,"[2304, 768]",0.010031773491391291,14.377032461770197,3,3,0.layers.4.mlp.Wi.weight,0.2837105545808187
resolved,0.014114982560640284,saved_segment,0.008300888737768438,596.9009882648027,3e-05,768,4.7874381373486e-16,adamw,884736,0.03465458752549357,3.4998817193472725e-15,16,diagnostic-natural-adamw,"[768, 1152]",0.0018715889419637546,19.6710818030327,3,3,0.layers.4.mlp.Wo.weight,0.2872121397473122
resolved,0.010631210692075168,cumulative,0.02695306047801357,606.9079680620475,3e-05,768,1.589496145857449e-15,adamw,884736,0.028460902569300627,3.070915561366262e-15,16,diagnostic-natural-adamw,"[768, 1152]",0.006213935981068096,18.814064228163527,3,3,0.layers.4.mlp.Wo.weight,0.2776010380744899
resolved,0.008838600237781819,saved_segment,0.006769034938132378,515.7729291426452,3e-05,768,2.9509283509808574e-16,adamw,589824,0.023055316594966162,3.200144335717325e-15,16,diagnostic-natural-adamw,"[768, 768]",0.0017304426851398986,15.301678491803532,3,3,0.layers.5.attn.Wo.weight,0.34300915499846574
resolved,0.003472690067643341,cumulative,0.022062419758033507,525.5337440829665,3e-05,768,1.0163151727983125e-15,adamw,589824,0.00994168333176493,3.135828553920018e-15,16,diagnostic-natural-adamw,"[768, 768]",0.005959735199876903,13.704158052075197,3,3,0.layers.5.attn.Wo.weight,0.34179157814711925
resolved,0.007503367492049843,saved_segment,0.01171587053601977,618.2298849747499,3e-05,768,1.522758959668662e-15,adamw,1769472,0.019824428014059994,3.814034700403782e-15,16,diagnostic-natural-adamw,"[2304, 768]",0.002976517657699162,15.49288157963279,3,3,0.layers.5.attn.Wqkv.weight,0.288977545525191
resolved,0.01751064628753579,cumulative,0.0380782997970896,630.5730635869575,3e-05,768,5.104103319738055e-15,adamw,1769472,0.04837948146882503,3.421493912732199e-15,16,diagnostic-natural-adamw,"[2304, 768]",0.00997692613230591,14.566713685559384,3,3,0.layers.5.attn.Wqkv.weight,0.28531448074823995
resolved,0.008119969846218681,saved_segment,0.01168018838246229,633.95927698594,3e-05,768,1.4394116326687361e-15,adamw,1769472,0.021765236684275623,3.956434948843008e-15,16,diagnostic-natural-adamw,"[2304, 768]",0.0028135996929338877,17.23356310486823,3,3,0.layers.5.mlp.Wi.weight,0.3019311638696997
resolved,0.006259632661228521,cumulative,0.038006817941870844,644.7831674516403,3e-05,768,4.911743765761197e-15,adamw,1769472,0.01849018385051766,3.710302565275078e-15,16,diagnostic-natural-adamw,"[2304, 768]",0.00960092334775238,15.671011031725723,3,3,0.layers.5.mlp.Wi.weight,0.2903263368583167
resolved,0.007953055271337746,saved_segment,0.008275980020287574,595.1010483156028,3e-05,768,4.715002863090631e-16,adamw,884736,0.01923672155869541,3.596224797563571e-15,16,diagnostic-natural-adamw,"[768, 1152]",0.0018432712792765442,20.158599406429275,3,3,0.layers.5.mlp.Wo.weight,0.2875869435906564
resolved,0.009072368519266929,cumulative,0.02693547547347302,605.4336179224617,3e-05,768,1.5295697288844873e-15,adamw,884736,0.022181266634554712,2.9589954936776887e-15,16,diagnostic-natural-adamw,"[768, 1152]",0.005979661164098409,20.290658496189735,3,3,0.layers.5.mlp.Wo.weight,0.276536230812243
resolved,0.009862389253575046,saved_segment,0.006870384743677858,485.33654648130965,3e-05,768,3.4752696667526565e-16,adamw,589824,0.02773588103579556,3.2831861633843134e-15,16,diagnostic-natural-adamw,"[768, 768]",0.0020379196844009444,11.365485397342226,3,3,0.layers.6.attn.Wo.weight,0.4410449238325448
resolved,0.0071595255515267105,cumulative,0.022212978541498715,500.41710285959766,3e-05,768,1.0744795896430143e-15,adamw,589824,0.019703534791759847,3.8574423814940175e-15,16,diagnostic-natural-adamw,"[768, 768]",0.0063008149473092225,12.42854086661624,3,3,0.layers.6.attn.Wo.weight,0.41940008287284825
resolved,0.007184704415624061,saved_segment,0.011734298942503827,604.5166912292211,3e-05,768,1.4433936257049223e-15,adamw,1769472,0.017817169890435948,3.391765917456688e-15,16,diagnostic-natural-adamw,"[2304, 768]",0.002821383244302794,17.297770491360584,3,3,0.layers.6.attn.Wqkv.weight,0.3448189942719936
resolved,0.013049150008985858,cumulative,0.038201463871568114,616.8530942075837,3e-05,768,4.9761713123635065e-15,adamw,1769472,0.034219169378000826,3.576307789732413e-15,16,diagnostic-natural-adamw,"[2304, 768]",0.009726859057331614,15.424630337669766,3,3,0.layers.6.attn.Wqkv.weight,0.33380419533960715
resolved,0.005088078718195048,saved_segment,0.011729423280365818,631.1301121562416,3e-05,768,1.4426276442681226e-15,adamw,1769472,0.013200092895854264,3.4434642984929185e-15,16,diagnostic-natural-adamw,"[2304, 768]",0.002819885990086933,17.301757402843247,3,3,0.layers.6.mlp.Wi.weight,0.3061280052895226
resolved,0.02113196982476392,cumulative,0.038190669484672514,641.9472926631024,3e-05,768,4.668909029187585e-15,adamw,1769472,0.05622930258353885,4.001076480165387e-15,16,diagnostic-natural-adamw,"[2304, 768]",0.009126257362880188,17.51173270486325,3,3,0.layers.6.mlp.Wi.weight,0.29155054018257487
resolved,0.007417665018849194,saved_segment,0.008319523454879234,594.4432269873585,3e-05,768,4.743961864213356e-16,adamw,884736,0.018150098678815046,3.3420047221683177e-15,16,diagnostic-natural-adamw,"[768, 1152]",0.0018545924378412426,20.12333382449757,3,3,0.layers.6.mlp.Wo.weight,0.2867004950809542
resolved,0.009394709750556828,cumulative,0.027062565275929082,604.4641262635132,3e-05,768,1.5097631713747541e-15,adamw,884736,0.021781880705948272,3.0008402525966875e-15,16,diagnostic-natural-adamw,"[768, 1152]",0.005902229909740487,21.023531857183116,3,3,0.layers.6.mlp.Wo.weight,0.27247526304084924
resolved,0.011278138588953842,saved_segment,0.006806722737621007,508.98579881344193,3e-05,768,3.303401912912322e-16,adamw,589824,0.032985443624770135,3.0287413352500367e-15,16,diagnostic-natural-adamw,"[768, 768]",0.0019371353677144422,12.346850235965967,3,3,0.layers.7.attn.Wo.weight,0.37471769327700877
resolved,0.009016967666427721,cumulative,0.022114104686888524,521.204630350828,3e-05,768,9.700451293580153e-16,adamw,589824,0.02412523984069112,2.8039365201085885e-15,16,diagnostic-natural-adamw,"[768, 768]",0.005688404795715264,15.113245412752795,3,3,0.layers.7.attn.Wo.weight,0.35734005728593576
resolved,0.0073448716594066215,saved_segment,0.011725361879734837,615.3896383725996,3e-05,768,1.352977735575677e-15,adamw,1769472,0.017267834908080135,3.4362494428521068e-15,16,diagnostic-natural-adamw,"[2304, 768]",0.002644648448688887,19.656971634324226,3,3,0.layers.7.attn.Wqkv.weight,0.3029920029214725
resolved,0.012720328523398298,cumulative,0.03805745270441466,629.5959494275219,3e-05,768,4.060167675852651e-15,adamw,1769472,0.02801536115640931,3.4455594522318895e-15,16,diagnostic-natural-adamw,"[2304, 768]",0.007936358347235994,22.9951842877084,3,3,0.layers.7.attn.Wqkv.weight,0.2770263170963175
resolved,0.007855643160693284,saved_segment,0.011642936341932203,635.3520085121618,3e-05,768,1.4198995294547052e-15,adamw,1769472,0.021318125277178097,3.924386261581337e-15,16,diagnostic-natural-adamw,"[2304, 768]",0.0027754596318384345,17.59767188319431,3,3,0.layers.7.mlp.Wi.weight,0.280963460484511
resolved,0.01397039261104515,cumulative,0.037954927292903645,645.64708997524,3e-05,768,4.487316355315119e-15,adamw,1769472,0.03662135486340503,3.4050202805772705e-15,16,diagnostic-natural-adamw,"[2304, 768]",0.008771300462539367,18.72441902502839,3,3,0.layers.7.mlp.Wi.weight,0.26954757191714135
resolved,0.00841587785955173,saved_segment,0.008271888465412243,599.5257761004863,3e-05,768,4.406685705515364e-16,adamw,884736,0.018926583406459096,2.9227881470300573e-15,16,diagnostic-natural-adamw,"[768, 1152]",0.001722738550459886,23.05529032458233,3,3,0.layers.7.mlp.Wo.weight,0.2630035454895734
resolved,0.008853394135943288,cumulative,0.026991182976751054,608.3833516995358,3e-05,768,1.4523581974992515e-15,adamw,884736,0.020360130924164395,2.9283459057726146e-15,16,diagnostic-natural-adamw,"[768, 1152]",0.005677812358564335,22.598612073249328,3,3,0.layers.7.mlp.Wo.weight,0.26014973379279677
resolved,0.00620305623803669,saved_segment,0.006769541087791663,509.73703321994435,3e-05,768,3.064194265853011e-16,adamw,589824,0.01671324615897018,3.635522351560286e-15,16,diagnostic-natural-adamw,"[768, 768]",0.0017968625200372958,14.193475649836246,3,3,0.layers.8.attn.Wo.weight,0.35557361525442677
resolved,0.004552073988107067,cumulative,0.022107556652497768,520.4680116943377,3e-05,768,9.87926020647253e-16,adamw,589824,0.012389969626926971,3.4884224529182848e-15,16,diagnostic-natural-adamw,"[768, 768]",0.005793259451115347,14.56248649408867,3,3,0.layers.8.attn.Wo.weight,0.3534717889492964
resolved,0.009887704496712162,saved_segment,0.011651403439833145,619.6124252640559,3e-05,768,1.2194637058939473e-15,adamw,1769472,0.02073263660970281,3.4280258421037467e-15,16,diagnostic-natural-adamw,"[2304, 768]",0.002383670265388813,23.89263907751547,3,3,0.layers.8.attn.Wqkv.weight,0.2757582400656795
resolved,0.017467800694731837,cumulative,0.03805235605472741,631.5650958505705,3e-05,768,3.932387737678765e-15,adamw,1769472,0.03713178139014674,3.567362539869171e-15,16,diagnostic-natural-adamw,"[2304, 768]",0.0076865885200027755,24.507320908718388,3,3,0.layers.8.attn.Wqkv.weight,0.2590310297751887
resolved,0.006391412677652727,saved_segment,0.011678918686324145,630.5876045479716,3e-05,768,1.3396850733575318e-15,adamw,1769472,0.01600679093648185,3.4922709435926004e-15,16,diagnostic-natural-adamw,"[2304, 768]",0.0026186654501591995,19.89047858398565,3,3,0.layers.8.mlp.Wi.weight,0.28004730763234853
resolved,0.012131193207047475,cumulative,0.038136729338985535,640.4700175958609,3e-05,768,4.412939859606158e-15,adamw,1769472,0.030812234149127416,3.652908984843727e-15,16,diagnostic-natural-adamw,"[2304, 768]",0.008625917668112285,19.54682712156678,3,3,0.layers.8.mlp.Wi.weight,0.2770274064189269
resolved,0.004499277167758548,saved_segment,0.0082800140892861,597.6258444407839,3e-05,768,4.245905719065815e-16,adamw,884736,0.009694569101229164,3.3490306815428622e-15,16,diagnostic-natural-adamw,"[768, 1152]",0.0016598836297079048,24.883236538162443,3,3,0.layers.8.mlp.Wo.weight,0.2606880522435697
resolved,0.0075527246806928895,cumulative,0.02704170741979765,604.7276658196902,3e-05,768,1.4281052396373817e-15,adamw,884736,0.017047892822273786,3.02908192285935e-15,16,diagnostic-natural-adamw,"[768, 1152]",0.005582998459268025,23.460280650475536,3,3,0.layers.8.mlp.Wo.weight,0.26491671090521274
resolved,0.0015932504301507334,saved_segment,0.0067686810609067964,492.8539080475395,3e-05,768,3.3987238351821423e-16,adamw,589824,0.004571802418544513,3.577014516031014e-15,16,diagnostic-natural-adamw,"[768, 768]",0.00199303273407051,11.53398116716749,3,3,0.layers.9.attn.Wo.weight,0.401665219225768
resolved,0.002955798947611594,cumulative,0.02209911603312763,504.8210849339706,3e-05,768,1.1254276204872077e-15,adamw,589824,0.00888396016984564,4.0206477731622104e-15,16,diagnostic-natural-adamw,"[768, 768]",0.006599577359711787,11.212889864407508,3,3,0.layers.9.attn.Wo.weight,0.40565304657900136
resolved,0.002683597684337877,saved_segment,0.011633214522464864,612.3634917517469,3e-05,768,1.2786228447688122e-15,adamw,1769472,0.00595093524501128,3.665124570682628e-15,16,diagnostic-natural-adamw,"[2304, 768]",0.002499307885090376,21.665062930077152,3,3,0.layers.9.attn.Wqkv.weight,0.29490623314992787
resolved,0.008642372382415005,cumulative,0.03806991407391386,623.6495120828625,3e-05,768,4.395682589020478e-15,adamw,1769472,0.020039944074666416,3.3640304552133043e-15,16,diagnostic-natural-adamw,"[2304, 768]",0.008592185099805381,19.631638324747783,3,3,0.layers.9.attn.Wqkv.weight,0.2932106908239552
resolved,0.009112004509025943,saved_segment,0.011691646943434622,632.0506561966944,3e-05,768,1.4082420990953552e-15,adamw,1769472,0.023883945491651296,3.824789888784385e-15,16,diagnostic-natural-adamw,"[2304, 768]",0.002752673000318267,18.04023283822291,3,3,0.layers.9.mlp.Wi.weight,0.27883124243719143
resolved,0.011039213755317046,cumulative,0.038186607954032906,641.7313066654665,3e-05,768,4.651374258263445e-15,adamw,1769472,0.029842292221616298,3.536807025977365e-15,16,diagnostic-natural-adamw,"[2304, 768]",0.009091982368175332,17.640260545313645,3,3,0.layers.9.mlp.Wi.weight,0.27554520959883305
resolved,0.00923104158421917,saved_segment,0.008292618924887417,599.4512517726359,3e-05,768,4.426503741982017e-16,adamw,884736,0.02117538108271166,3.009522978395292e-15,16,diagnostic-natural-adamw,"[768, 1152]",0.0017304861634500276,22.96397972168419,3,3,0.layers.9.mlp.Wo.weight,0.2578750792464595
resolved,0.010389429532662966,cumulative,0.027060881815105093,607.4940234247863,3e-05,768,1.430576101370739e-15,adamw,884736,0.023833656791079464,3.472241961480964e-15,16,diagnostic-natural-adamw,"[768, 1152]",0.005592657983557636,23.412477175744847,3,3,0.layers.9.mlp.Wo.weight,0.26005434185111587
zero,,saved_segment,0.0,,0.0003,0,0.0,muon,589824,,,16,diagnostic-natural-muon,"[768, 768]",0.0,,1,1,0.layers.0.attn.Wo.weight,
zero,,cumulative,0.0,,0.0003,0,0.0,muon,589824,,,16,diagnostic-natural-muon,"[768, 768]",0.0,,1,1,0.layers.0.attn.Wo.weight,
zero,,saved_segment,0.0,,0.0003,0,0.0,muon,1769472,,,16,diagnostic-natural-muon,"[2304, 768]",0.0,,1,1,0.layers.0.attn.Wqkv.weight,
zero,,cumulative,0.0,,0.0003,0,0.0,muon,1769472,,,16,diagnostic-natural-muon,"[2304, 768]",0.0,,1,1,0.layers.0.attn.Wqkv.weight,
zero,,saved_segment,0.0,,0.0003,0,0.0,muon,1769472,,,16,diagnostic-natural-muon,"[2304, 768]",0.0,,1,1,0.layers.0.mlp.Wi.weight,
zero,,cumulative,0.0,,0.0003,0,0.0,muon,1769472,,,16,diagnostic-natural-muon,"[2304, 768]",0.0,,1,1,0.layers.0.mlp.Wi.weight,
zero,,saved_segment,0.0,,0.0003,0,0.0,muon,884736,,,16,diagnostic-natural-muon,"[768, 1152]",0.0,,1,1,0.layers.0.mlp.Wo.weight,
zero,,cumulative,0.0,,0.0003,0,0.0,muon,884736,,,16,diagnostic-natural-muon,"[768, 1152]",0.0,,1,1,0.layers.0.mlp.Wo.weight,
zero,,saved_segment,0.0,,0.0003,0,0.0,muon,589824,,,16,diagnostic-natural-muon,"[768, 768]",0.0,,1,1,0.layers.1.attn.Wo.weight,
zero,,cumulative,0.0,,0.0003,0,0.0,muon,589824,,,16,diagnostic-natural-muon,"[768, 768]",0.0,,1,1,0.layers.1.attn.Wo.weight,
zero,,saved_segment,0.0,,0.0003,0,0.0,muon,1769472,,,16,diagnostic-natural-muon,"[2304, 768]",0.0,,1,1,0.layers.1.attn.Wqkv.weight,
zero,,cumulative,0.0,,0.0003,0,0.0,muon,1769472,,,16,diagnostic-natural-muon,"[2304, 768]",0.0,,1,1,0.layers.1.attn.Wqkv.weight,
zero,,saved_segment,0.0,,0.0003,0,0.0,muon,1769472,,,16,diagnostic-natural-muon,"[2304, 768]",0.0,,1,1,0.layers.1.mlp.Wi.weight,
zero,,cumulative,0.0,,0.0003,0,0.0,muon,1769472,,,16,diagnostic-natural-muon,"[2304, 768]",0.0,,1,1,0.layers.1.mlp.Wi.weight,
zero,,saved_segment,0.0,,0.0003,0,0.0,muon,884736,,,16,diagnostic-natural-muon,"[768, 1152]",0.0,,1,1,0.layers.1.mlp.Wo.weight,
zero,,cumulative,0.0,,0.0003,0,0.0,muon,884736,,,16,diagnostic-natural-muon,"[768, 1152]",0.0,,1,1,0.layers.1.mlp.Wo.weight,
zero,,saved_segment,0.0,,0.0003,0,0.0,muon,589824,,,16,diagnostic-natural-muon,"[768, 768]",0.0,,1,1,0.layers.10.attn.Wo.weight,
zero,,cumulative,0.0,,0.0003,0,0.0,muon,589824,,,16,diagnostic-natural-muon,"[768, 768]",0.0,,1,1,0.layers.10.attn.Wo.weight,
zero,,saved_segment,0.0,,0.0003,0,0.0,muon,1769472,,,16,diagnostic-natural-muon,"[2304, 768]",0.0,,1,1,0.layers.10.attn.Wqkv.weight,
zero,,cumulative,0.0,,0.0003,0,0.0,muon,1769472,,,16,diagnostic-natural-muon,"[2304, 768]",0.0,,1,1,0.layers.10.attn.Wqkv.weight,
zero,,saved_segment,0.0,,0.0003,0,0.0,muon,1769472,,,16,diagnostic-natural-muon,"[2304, 768]",0.0,,1,1,0.layers.10.mlp.Wi.weight,
zero,,cumulative,0.0,,0.0003,0,0.0,muon,1769472,,,16,diagnostic-natural-muon,"[2304, 768]",0.0,,1,1,0.layers.10.mlp.Wi.weight,
zero,,saved_segment,0.0,,0.0003,0,0.0,muon,884736,,,16,diagnostic-natural-muon,"[768, 1152]",0.0,,1,1,0.layers.10.mlp.Wo.weight,
zero,,cumulative,0.0,,0.0003,0,0.0,muon,884736,,,16,diagnostic-natural-muon,"[768, 1152]",0.0,,1,1,0.layers.10.mlp.Wo.weight,
zero,,saved_segment,0.0,,0.0003,0,0.0,muon,589824,,,16,diagnostic-natural-muon,"[768, 768]",0.0,,1,1,0.layers.11.attn.Wo.weight,
zero,,cumulative,0.0,,0.0003,0,0.0,muon,589824,,,16,diagnostic-natural-muon,"[768, 768]",0.0,,1,1,0.layers.11.attn.Wo.weight,
zero,,saved_segment,0.0,,0.0003,0,0.0,muon,1769472,,,16,diagnostic-natural-muon,"[2304, 768]",0.0,,1,1,0.layers.11.attn.Wqkv.weight,
zero,,cumulative,0.0,,0.0003,0,0.0,muon,1769472,,,16,diagnostic-natural-muon,"[2304, 768]",0.0,,1,1,0.layers.11.attn.Wqkv.weight,
zero,,saved_segment,0.0,,0.0003,0,0.0,muon,1769472,,,16,diagnostic-natural-muon,"[2304, 768]",0.0,,1,1,0.layers.11.mlp.Wi.weight,
zero,,cumulative,0.0,,0.0003,0,0.0,muon,1769472,,,16,diagnostic-natural-muon,"[2304, 768]",0.0,,1,1,0.layers.11.mlp.Wi.weight,
zero,,saved_segment,0.0,,0.0003,0,0.0,muon,884736,,,16,diagnostic-natural-muon,"[768, 1152]",0.0,,1,1,0.layers.11.mlp.Wo.weight,
zero,,cumulative,0.0,,0.0003,0,0.0,muon,884736,,,16,diagnostic-natural-muon,"[768, 1152]",0.0,,1,1,0.layers.11.mlp.Wo.weight,
zero,,saved_segment,0.0,,0.0003,0,0.0,muon,589824,,,16,diagnostic-natural-muon,"[768, 768]",0.0,,1,1,0.layers.12.attn.Wo.weight,
zero,,cumulative,0.0,,0.0003,0,0.0,muon,589824,,,16,diagnostic-natural-muon,"[768, 768]",0.0,,1,1,0.layers.12.attn.Wo.weight,
zero,,saved_segment,0.0,,0.0003,0,0.0,muon,1769472,,,16,diagnostic-natural-muon,"[2304, 768]",0.0,,1,1,0.layers.12.attn.Wqkv.weight,
zero,,cumulative,0.0,,0.0003,0,0.0,muon,1769472,,,16,diagnostic-natural-muon,"[2304, 768]",0.0,,1,1,0.layers.12.attn.Wqkv.weight,
zero,,saved_segment,0.0,,0.0003,0,0.0,muon,1769472,,,16,diagnostic-natural-muon,"[2304, 768]",0.0,,1,1,0.layers.12.mlp.Wi.weight,
zero,,cumulative,0.0,,0.0003,0,0.0,muon,1769472,,,16,diagnostic-natural-muon,"[2304, 768]",0.0,,1,1,0.layers.12.mlp.Wi.weight,
zero,,saved_segment,0.0,,0.0003,0,0.0,muon,884736,,,16,diagnostic-natural-muon,"[768, 1152]",0.0,,1,1,0.layers.12.mlp.Wo.weight,
zero,,cumulative,0.0,,0.0003,0,0.0,muon,884736,,,16,diagnostic-natural-muon,"[768, 1152]",0.0,,1,1,0.layers.12.mlp.Wo.weight,
zero,,saved_segment,0.0,,0.0003,0,0.0,muon,589824,,,16,diagnostic-natural-muon,"[768, 768]",0.0,,1,1,0.layers.13.attn.Wo.weight,
zero,,cumulative,0.0,,0.0003,0,0.0,muon,589824,,,16,diagnostic-natural-muon,"[768, 768]",0.0,,1,1,0.layers.13.attn.Wo.weight,
zero,,saved_segment,0.0,,0.0003,0,0.0,muon,1769472,,,16,diagnostic-natural-muon,"[2304, 768]",0.0,,1,1,0.layers.13.attn.Wqkv.weight,
zero,,cumulative,0.0,,0.0003,0,0.0,muon,1769472,,,16,diagnostic-natural-muon,"[2304, 768]",0.0,,1,1,0.layers.13.attn.Wqkv.weight,
zero,,saved_segment,0.0,,0.0003,0,0.0,muon,1769472,,,16,diagnostic-natural-muon,"[2304, 768]",0.0,,1,1,0.layers.13.mlp.Wi.weight,
zero,,cumulative,0.0,,0.0003,0,0.0,muon,1769472,,,16,diagnostic-natural-muon,"[2304, 768]",0.0,,1,1,0.layers.13.mlp.Wi.weight,
zero,,saved_segment,0.0,,0.0003,0,0.0,muon,884736,,,16,diagnostic-natural-muon,"[768, 1152]",0.0,,1,1,0.layers.13.mlp.Wo.weight,
zero,,cumulative,0.0,,0.0003,0,0.0,muon,884736,,,16,diagnostic-natural-muon,"[768, 1152]",0.0,,1,1,0.layers.13.mlp.Wo.weight,
zero,,saved_segment,0.0,,0.0003,0,0.0,muon,589824,,,16,diagnostic-natural-muon,"[768, 768]",0.0,,1,1,0.layers.14.attn.Wo.weight,
zero,,cumulative,0.0,,0.0003,0,0.0,muon,589824,,,16,diagnostic-natural-muon,"[768, 768]",0.0,,1,1,0.layers.14.attn.Wo.weight,
zero,,saved_segment,0.0,,0.0003,0,0.0,muon,1769472,,,16,diagnostic-natural-muon,"[2304, 768]",0.0,,1,1,0.layers.14.attn.Wqkv.weight,
zero,,cumulative,0.0,,0.0003,0,0.0,muon,1769472,,,16,diagnostic-natural-muon,"[2304, 768]",0.0,,1,1,0.layers.14.attn.Wqkv.weight,
zero,,saved_segment,0.0,,0.0003,0,0.0,muon,1769472,,,16,diagnostic-natural-muon,"[2304, 768]",0.0,,1,1,0.layers.14.mlp.Wi.weight,
zero,,cumulative,0.0,,0.0003,0,0.0,muon,1769472,,,16,diagnostic-natural-muon,"[2304, 768]",0.0,,1,1,0.layers.14.mlp.Wi.weight,
zero,,saved_segment,0.0,,0.0003,0,0.0,muon,884736,,,16,diagnostic-natural-muon,"[768, 1152]",0.0,,1,1,0.layers.14.mlp.Wo.weight,
zero,,cumulative,0.0,,0.0003,0,0.0,muon,884736,,,16,diagnostic-natural-muon,"[768, 1152]",0.0,,1,1,0.layers.14.mlp.Wo.weight,
zero,,saved_segment,0.0,,0.0003,0,0.0,muon,589824,,,16,diagnostic-natural-muon,"[768, 768]",0.0,,1,1,0.layers.15.attn.Wo.weight,
zero,,cumulative,0.0,,0.0003,0,0.0,muon,589824,,,16,diagnostic-natural-muon,"[768, 768]",0.0,,1,1,0.layers.15.attn.Wo.weight,
zero,,saved_segment,0.0,,0.0003,0,0.0,muon,1769472,,,16,diagnostic-natural-muon,"[2304, 768]",0.0,,1,1,0.layers.15.attn.Wqkv.weight,
zero,,cumulative,0.0,,0.0003,0,0.0,muon,1769472,,,16,diagnostic-natural-muon,"[2304, 768]",0.0,,1,1,0.layers.15.attn.Wqkv.weight,
zero,,saved_segment,0.0,,0.0003,0,0.0,muon,1769472,,,16,diagnostic-natural-muon,"[2304, 768]",0.0,,1,1,0.layers.15.mlp.Wi.weight,
zero,,cumulative,0.0,,0.0003,0,0.0,muon,1769472,,,16,diagnostic-natural-muon,"[2304, 768]",0.0,,1,1,0.layers.15.mlp.Wi.weight,
zero,,saved_segment,0.0,,0.0003,0,0.0,muon,884736,,,16,diagnostic-natural-muon,"[768, 1152]",0.0,,1,1,0.layers.15.mlp.Wo.weight,
zero,,cumulative,0.0,,0.0003,0,0.0,muon,884736,,,16,diagnostic-natural-muon,"[768, 1152]",0.0,,1,1,0.layers.15.mlp.Wo.weight,
zero,,saved_segment,0.0,,0.0003,0,0.0,muon,589824,,,16,diagnostic-natural-muon,"[768, 768]",0.0,,1,1,0.layers.16.attn.Wo.weight,
zero,,cumulative,0.0,,0.0003,0,0.0,muon,589824,,,16,diagnostic-natural-muon,"[768, 768]",0.0,,1,1,0.layers.16.attn.Wo.weight,
zero,,saved_segment,0.0,,0.0003,0,0.0,muon,1769472,,,16,diagnostic-natural-muon,"[2304, 768]",0.0,,1,1,0.layers.16.attn.Wqkv.weight,
zero,,cumulative,0.0,,0.0003,0,0.0,muon,1769472,,,16,diagnostic-natural-muon,"[2304, 768]",0.0,,1,1,0.layers.16.attn.Wqkv.weight,
zero,,saved_segment,0.0,,0.0003,0,0.0,muon,1769472,,,16,diagnostic-natural-muon,"[2304, 768]",0.0,,1,1,0.layers.16.mlp.Wi.weight,
zero,,cumulative,0.0,,0.0003,0,0.0,muon,1769472,,,16,diagnostic-natural-muon,"[2304, 768]",0.0,,1,1,0.layers.16.mlp.Wi.weight,
zero,,saved_segment,0.0,,0.0003,0,0.0,muon,884736,,,16,diagnostic-natural-muon,"[768, 1152]",0.0,,1,1,0.layers.16.mlp.Wo.weight,
zero,,cumulative,0.0,,0.0003,0,0.0,muon,884736,,,16,diagnostic-natural-muon,"[768, 1152]",0.0,,1,1,0.layers.16.mlp.Wo.weight,
zero,,saved_segment,0.0,,0.0003,0,0.0,muon,589824,,,16,diagnostic-natural-muon,"[768, 768]",0.0,,1,1,0.layers.17.attn.Wo.weight,
zero,,cumulative,0.0,,0.0003,0,0.0,muon,589824,,,16,diagnostic-natural-muon,"[768, 768]",0.0,,1,1,0.layers.17.attn.Wo.weight,
zero,,saved_segment,0.0,,0.0003,0,0.0,muon,1769472,,,16,diagnostic-natural-muon,"[2304, 768]",0.0,,1,1,0.layers.17.attn.Wqkv.weight,
zero,,cumulative,0.0,,0.0003,0,0.0,muon,1769472,,,16,diagnostic-natural-muon,"[2304, 768]",0.0,,1,1,0.layers.17.attn.Wqkv.weight,
zero,,saved_segment,0.0,,0.0003,0,0.0,muon,1769472,,,16,diagnostic-natural-muon,"[2304, 768]",0.0,,1,1,0.layers.17.mlp.Wi.weight,
zero,,cumulative,0.0,,0.0003,0,0.0,muon,1769472,,,16,diagnostic-natural-muon,"[2304, 768]",0.0,,1,1,0.layers.17.mlp.Wi.weight,
zero,,saved_segment,0.0,,0.0003,0,0.0,muon,884736,,,16,diagnostic-natural-muon,"[768, 1152]",0.0,,1,1,0.layers.17.mlp.Wo.weight,
zero,,cumulative,0.0,,0.0003,0,0.0,muon,884736,,,16,diagnostic-natural-muon,"[768, 1152]",0.0,,1,1,0.layers.17.mlp.Wo.weight,
zero,,saved_segment,0.0,,0.0003,0,0.0,muon,589824,,,16,diagnostic-natural-muon,"[768, 768]",0.0,,1,1,0.layers.18.attn.Wo.weight,
zero,,cumulative,0.0,,0.0003,0,0.0,muon,589824,,,16,diagnostic-natural-muon,"[768, 768]",0.0,,1,1,0.layers.18.attn.Wo.weight,
zero,,saved_segment,0.0,,0.0003,0,0.0,muon,1769472,,,16,diagnostic-natural-muon,"[2304, 768]",0.0,,1,1,0.layers.18.attn.Wqkv.weight,
zero,,cumulative,0.0,,0.0003,0,0.0,muon,1769472,,,16,diagnostic-natural-muon,"[2304, 768]",0.0,,1,1,0.layers.18.attn.Wqkv.weight,
zero,,saved_segment,0.0,,0.0003,0,0.0,muon,1769472,,,16,diagnostic-natural-muon,"[2304, 768]",0.0,,1,1,0.layers.18.mlp.Wi.weight,
zero,,cumulative,0.0,,0.0003,0,0.0,muon,1769472,,,16,diagnostic-natural-muon,"[2304, 768]",0.0,,1,1,0.layers.18.mlp.Wi.weight,
zero,,saved_segment,0.0,,0.0003,0,0.0,muon,884736,,,16,diagnostic-natural-muon,"[768, 1152]",0.0,,1,1,0.layers.18.mlp.Wo.weight,
zero,,cumulative,0.0,,0.0003,0,0.0,muon,884736,,,16,diagnostic-natural-muon,"[768, 1152]",0.0,,1,1,0.layers.18.mlp.Wo.weight,
zero,,saved_segment,0.0,,0.0003,0,0.0,muon,589824,,,16,diagnostic-natural-muon,"[768, 768]",0.0,,1,1,0.layers.19.attn.Wo.weight,
zero,,cumulative,0.0,,0.0003,0,0.0,muon,589824,,,16,diagnostic-natural-muon,"[768, 768]",0.0,,1,1,0.layers.19.attn.Wo.weight,
zero,,saved_segment,0.0,,0.0003,0,0.0,muon,1769472,,,16,diagnostic-natural-muon,"[2304, 768]",0.0,,1,1,0.layers.19.attn.Wqkv.weight,
zero,,cumulative,0.0,,0.0003,0,0.0,muon,1769472,,,16,diagnostic-natural-muon,"[2304, 768]",0.0,,1,1,0.layers.19.attn.Wqkv.weight,
zero,,saved_segment,0.0,,0.0003,0,0.0,muon,1769472,,,16,diagnostic-natural-muon,"[2304, 768]",0.0,,1,1,0.layers.19.mlp.Wi.weight,
zero,,cumulative,0.0,,0.0003,0,0.0,muon,1769472,,,16,diagnostic-natural-muon,"[2304, 768]",0.0,,1,1,0.layers.19.mlp.Wi.weight,
zero,,saved_segment,0.0,,0.0003,0,0.0,muon,884736,,,16,diagnostic-natural-muon,"[768, 1152]",0.0,,1,1,0.layers.19.mlp.Wo.weight,
zero,,cumulative,0.0,,0.0003,0,0.0,muon,884736,,,16,diagnostic-natural-muon,"[768, 1152]",0.0,,1,1,0.layers.19.mlp.Wo.weight,
zero,,saved_segment,0.0,,0.0003,0,0.0,muon,589824,,,16,diagnostic-natural-muon,"[768, 768]",0.0,,1,1,0.layers.2.attn.Wo.weight,
zero,,cumulative,0.0,,0.0003,0,0.0,muon,589824,,,16,diagnostic-natural-muon,"[768, 768]",0.0,,1,1,0.layers.2.attn.Wo.weight,
zero,,saved_segment,0.0,,0.0003,0,0.0,muon,1769472,,,16,diagnostic-natural-muon,"[2304, 768]",0.0,,1,1,0.layers.2.attn.Wqkv.weight,
zero,,cumulative,0.0,,0.0003,0,0.0,muon,1769472,,,16,diagnostic-natural-muon,"[2304, 768]",0.0,,1,1,0.layers.2.attn.Wqkv.weight,
zero,,saved_segment,0.0,,0.0003,0,0.0,muon,1769472,,,16,diagnostic-natural-muon,"[2304, 768]",0.0,,1,1,0.layers.2.mlp.Wi.weight,
zero,,cumulative,0.0,,0.0003,0,0.0,muon,1769472,,,16,diagnostic-natural-muon,"[2304, 768]",0.0,,1,1,0.layers.2.mlp.Wi.weight,
zero,,saved_segment,0.0,,0.0003,0,0.0,muon,884736,,,16,diagnostic-natural-muon,"[768, 1152]",0.0,,1,1,0.layers.2.mlp.Wo.weight,
zero,,cumulative,0.0,,0.0003,0,0.0,muon,884736,,,16,diagnostic-natural-muon,"[768, 1152]",0.0,,1,1,0.layers.2.mlp.Wo.weight,
zero,,saved_segment,0.0,,0.0003,0,0.0,muon,589824,,,16,diagnostic-natural-muon,"[768, 768]",0.0,,1,1,0.layers.20.attn.Wo.weight,
zero,,cumulative,0.0,,0.0003,0,0.0,muon,589824,,,16,diagnostic-natural-muon,"[768, 768]",0.0,,1,1,0.layers.20.attn.Wo.weight,
zero,,saved_segment,0.0,,0.0003,0,0.0,muon,1769472,,,16,diagnostic-natural-muon,"[2304, 768]",0.0,,1,1,0.layers.20.attn.Wqkv.weight,
zero,,cumulative,0.0,,0.0003,0,0.0,muon,1769472,,,16,diagnostic-natural-muon,"[2304, 768]",0.0,,1,1,0.layers.20.attn.Wqkv.weight,
zero,,saved_segment,0.0,,0.0003,0,0.0,muon,1769472,,,16,diagnostic-natural-muon,"[2304, 768]",0.0,,1,1,0.layers.20.mlp.Wi.weight,
zero,,cumulative,0.0,,0.0003,0,0.0,muon,1769472,,,16,diagnostic-natural-muon,"[2304, 768]",0.0,,1,1,0.layers.20.mlp.Wi.weight,
zero,,saved_segment,0.0,,0.0003,0,0.0,muon,884736,,,16,diagnostic-natural-muon,"[768, 1152]",0.0,,1,1,0.layers.20.mlp.Wo.weight,
zero,,cumulative,0.0,,0.0003,0,0.0,muon,884736,,,16,diagnostic-natural-muon,"[768, 1152]",0.0,,1,1,0.layers.20.mlp.Wo.weight,
zero,,saved_segment,0.0,,0.0003,0,0.0,muon,589824,,,16,diagnostic-natural-muon,"[768, 768]",0.0,,1,1,0.layers.21.attn.Wo.weight,
zero,,cumulative,0.0,,0.0003,0,0.0,muon,589824,,,16,diagnostic-natural-muon,"[768, 768]",0.0,,1,1,0.layers.21.attn.Wo.weight,
zero,,saved_segment,0.0,,0.0003,0,0.0,muon,1769472,,,16,diagnostic-natural-muon,"[2304, 768]",0.0,,1,1,0.layers.21.attn.Wqkv.weight,
zero,,cumulative,0.0,,0.0003,0,0.0,muon,1769472,,,16,diagnostic-natural-muon,"[2304, 768]",0.0,,1,1,0.layers.21.attn.Wqkv.weight,
zero,,saved_segment,0.0,,0.0003,0,0.0,muon,1769472,,,16,diagnostic-natural-muon,"[2304, 768]",0.0,,1,1,0.layers.21.mlp.Wi.weight,
zero,,cumulative,0.0,,0.0003,0,0.0,muon,1769472,,,16,diagnostic-natural-muon,"[2304, 768]",0.0,,1,1,0.layers.21.mlp.Wi.weight,
zero,,saved_segment,0.0,,0.0003,0,0.0,muon,884736,,,16,diagnostic-natural-muon,"[768, 1152]",0.0,,1,1,0.layers.21.mlp.Wo.weight,
zero,,cumulative,0.0,,0.0003,0,0.0,muon,884736,,,16,diagnostic-natural-muon,"[768, 1152]",0.0,,1,1,0.layers.21.mlp.Wo.weight,
zero,,saved_segment,0.0,,0.0003,0,0.0,muon,589824,,,16,diagnostic-natural-muon,"[768, 768]",0.0,,1,1,0.layers.3.attn.Wo.weight,
zero,,cumulative,0.0,,0.0003,0,0.0,muon,589824,,,16,diagnostic-natural-muon,"[768, 768]",0.0,,1,1,0.layers.3.attn.Wo.weight,
zero,,saved_segment,0.0,,0.0003,0,0.0,muon,1769472,,,16,diagnostic-natural-muon,"[2304, 768]",0.0,,1,1,0.layers.3.attn.Wqkv.weight,
zero,,cumulative,0.0,,0.0003,0,0.0,muon,1769472,,,16,diagnostic-natural-muon,"[2304, 768]",0.0,,1,1,0.layers.3.attn.Wqkv.weight,
zero,,saved_segment,0.0,,0.0003,0,0.0,muon,1769472,,,16,diagnostic-natural-muon,"[2304, 768]",0.0,,1,1,0.layers.3.mlp.Wi.weight,
zero,,cumulative,0.0,,0.0003,0,0.0,muon,1769472,,,16,diagnostic-natural-muon,"[2304, 768]",0.0,,1,1,0.layers.3.mlp.Wi.weight,
zero,,saved_segment,0.0,,0.0003,0,0.0,muon,884736,,,16,diagnostic-natural-muon,"[768, 1152]",0.0,,1,1,0.layers.3.mlp.Wo.weight,
zero,,cumulative,0.0,,0.0003,0,0.0,muon,884736,,,16,diagnostic-natural-muon,"[768, 1152]",0.0,,1,1,0.layers.3.mlp.Wo.weight,
zero,,saved_segment,0.0,,0.0003,0,0.0,muon,589824,,,16,diagnostic-natural-muon,"[768, 768]",0.0,,1,1,0.layers.4.attn.Wo.weight,
zero,,cumulative,0.0,,0.0003,0,0.0,muon,589824,,,16,diagnostic-natural-muon,"[768, 768]",0.0,,1,1,0.layers.4.attn.Wo.weight,
zero,,saved_segment,0.0,,0.0003,0,0.0,muon,1769472,,,16,diagnostic-natural-muon,"[2304, 768]",0.0,,1,1,0.layers.4.attn.Wqkv.weight,
zero,,cumulative,0.0,,0.0003,0,0.0,muon,1769472,,,16,diagnostic-natural-muon,"[2304, 768]",0.0,,1,1,0.layers.4.attn.Wqkv.weight,
zero,,saved_segment,0.0,,0.0003,0,0.0,muon,1769472,,,16,diagnostic-natural-muon,"[2304, 768]",0.0,,1,1,0.layers.4.mlp.Wi.weight,
zero,,cumulative,0.0,,0.0003,0,0.0,muon,1769472,,,16,diagnostic-natural-muon,"[2304, 768]",0.0,,1,1,0.layers.4.mlp.Wi.weight,
zero,,saved_segment,0.0,,0.0003,0,0.0,muon,884736,,,16,diagnostic-natural-muon,"[768, 1152]",0.0,,1,1,0.layers.4.mlp.Wo.weight,
zero,,cumulative,0.0,,0.0003,0,0.0,muon,884736,,,16,diagnostic-natural-muon,"[768, 1152]",0.0,,1,1,0.layers.4.mlp.Wo.weight,
zero,,saved_segment,0.0,,0.0003,0,0.0,muon,589824,,,16,diagnostic-natural-muon,"[768, 768]",0.0,,1,1,0.layers.5.attn.Wo.weight,
zero,,cumulative,0.0,,0.0003,0,0.0,muon,589824,,,16,diagnostic-natural-muon,"[768, 768]",0.0,,1,1,0.layers.5.attn.Wo.weight,
zero,,saved_segment,0.0,,0.0003,0,0.0,muon,1769472,,,16,diagnostic-natural-muon,"[2304, 768]",0.0,,1,1,0.layers.5.attn.Wqkv.weight,
zero,,cumulative,0.0,,0.0003,0,0.0,muon,1769472,,,16,diagnostic-natural-muon,"[2304, 768]",0.0,,1,1,0.layers.5.attn.Wqkv.weight,
zero,,saved_segment,0.0,,0.0003,0,0.0,muon,1769472,,,16,diagnostic-natural-muon,"[2304, 768]",0.0,,1,1,0.layers.5.mlp.Wi.weight,
zero,,cumulative,0.0,,0.0003,0,0.0,muon,1769472,,,16,diagnostic-natural-muon,"[2304, 768]",0.0,,1,1,0.layers.5.mlp.Wi.weight,
zero,,saved_segment,0.0,,0.0003,0,0.0,muon,884736,,,16,diagnostic-natural-muon,"[768, 1152]",0.0,,1,1,0.layers.5.mlp.Wo.weight,
zero,,cumulative,0.0,,0.0003,0,0.0,muon,884736,,,16,diagnostic-natural-muon,"[768, 1152]",0.0,,1,1,0.layers.5.mlp.Wo.weight,
zero,,saved_segment,0.0,,0.0003,0,0.0,muon,589824,,,16,diagnostic-natural-muon,"[768, 768]",0.0,,1,1,0.layers.6.attn.Wo.weight,
zero,,cumulative,0.0,,0.0003,0,0.0,muon,589824,,,16,diagnostic-natural-muon,"[768, 768]",0.0,,1,1,0.layers.6.attn.Wo.weight,
zero,,saved_segment,0.0,,0.0003,0,0.0,muon,1769472,,,16,diagnostic-natural-muon,"[2304, 768]",0.0,,1,1,0.layers.6.attn.Wqkv.weight,
zero,,cumulative,0.0,,0.0003,0,0.0,muon,1769472,,,16,diagnostic-natural-muon,"[2304, 768]",0.0,,1,1,0.layers.6.attn.Wqkv.weight,
zero,,saved_segment,0.0,,0.0003,0,0.0,muon,1769472,,,16,diagnostic-natural-muon,"[2304, 768]",0.0,,1,1,0.layers.6.mlp.Wi.weight,
zero,,cumulative,0.0,,0.0003,0,0.0,muon,1769472,,,16,diagnostic-natural-muon,"[2304, 768]",0.0,,1,1,0.layers.6.mlp.Wi.weight,
zero,,saved_segment,0.0,,0.0003,0,0.0,muon,884736,,,16,diagnostic-natural-muon,"[768, 1152]",0.0,,1,1,0.layers.6.mlp.Wo.weight,
zero,,cumulative,0.0,,0.0003,0,0.0,muon,884736,,,16,diagnostic-natural-muon,"[768, 1152]",0.0,,1,1,0.layers.6.mlp.Wo.weight,
zero,,saved_segment,0.0,,0.0003,0,0.0,muon,589824,,,16,diagnostic-natural-muon,"[768, 768]",0.0,,1,1,0.layers.7.attn.Wo.weight,
zero,,cumulative,0.0,,0.0003,0,0.0,muon,589824,,,16,diagnostic-natural-muon,"[768, 768]",0.0,,1,1,0.layers.7.attn.Wo.weight,
zero,,saved_segment,0.0,,0.0003,0,0.0,muon,1769472,,,16,diagnostic-natural-muon,"[2304, 768]",0.0,,1,1,0.layers.7.attn.Wqkv.weight,
zero,,cumulative,0.0,,0.0003,0,0.0,muon,1769472,,,16,diagnostic-natural-muon,"[2304, 768]",0.0,,1,1,0.layers.7.attn.Wqkv.weight,
zero,,saved_segment,0.0,,0.0003,0,0.0,muon,1769472,,,16,diagnostic-natural-muon,"[2304, 768]",0.0,,1,1,0.layers.7.mlp.Wi.weight,
zero,,cumulative,0.0,,0.0003,0,0.0,muon,1769472,,,16,diagnostic-natural-muon,"[2304, 768]",0.0,,1,1,0.layers.7.mlp.Wi.weight,
zero,,saved_segment,0.0,,0.0003,0,0.0,muon,884736,,,16,diagnostic-natural-muon,"[768, 1152]",0.0,,1,1,0.layers.7.mlp.Wo.weight,
zero,,cumulative,0.0,,0.0003,0,0.0,muon,884736,,,16,diagnostic-natural-muon,"[768, 1152]",0.0,,1,1,0.layers.7.mlp.Wo.weight,
zero,,saved_segment,0.0,,0.0003,0,0.0,muon,589824,,,16,diagnostic-natural-muon,"[768, 768]",0.0,,1,1,0.layers.8.attn.Wo.weight,
zero,,cumulative,0.0,,0.0003,0,0.0,muon,589824,,,16,diagnostic-natural-muon,"[768, 768]",0.0,,1,1,0.layers.8.attn.Wo.weight,
zero,,saved_segment,0.0,,0.0003,0,0.0,muon,1769472,,,16,diagnostic-natural-muon,"[2304, 768]",0.0,,1,1,0.layers.8.attn.Wqkv.weight,
zero,,cumulative,0.0,,0.0003,0,0.0,muon,1769472,,,16,diagnostic-natural-muon,"[2304, 768]",0.0,,1,1,0.layers.8.attn.Wqkv.weight,
zero,,saved_segment,0.0,,0.0003,0,0.0,muon,1769472,,,16,diagnostic-natural-muon,"[2304, 768]",0.0,,1,1,0.layers.8.mlp.Wi.weight,
zero,,cumulative,0.0,,0.0003,0,0.0,muon,1769472,,,16,diagnostic-natural-muon,"[2304, 768]",0.0,,1,1,0.layers.8.mlp.Wi.weight,
zero,,saved_segment,0.0,,0.0003,0,0.0,muon,884736,,,16,diagnostic-natural-muon,"[768, 1152]",0.0,,1,1,0.layers.8.mlp.Wo.weight,
zero,,cumulative,0.0,,0.0003,0,0.0,muon,884736,,,16,diagnostic-natural-muon,"[768, 1152]",0.0,,1,1,0.layers.8.mlp.Wo.weight,
zero,,saved_segment,0.0,,0.0003,0,0.0,muon,589824,,,16,diagnostic-natural-muon,"[768, 768]",0.0,,1,1,0.layers.9.attn.Wo.weight,
zero,,cumulative,0.0,,0.0003,0,0.0,muon,589824,,,16,diagnostic-natural-muon,"[768, 768]",0.0,,1,1,0.layers.9.attn.Wo.weight,
zero,,saved_segment,0.0,,0.0003,0,0.0,muon,1769472,,,16,diagnostic-natural-muon,"[2304, 768]",0.0,,1,1,0.layers.9.attn.Wqkv.weight,
zero,,cumulative,0.0,,0.0003,0,0.0,muon,1769472,,,16,diagnostic-natural-muon,"[2304, 768]",0.0,,1,1,0.layers.9.attn.Wqkv.weight,
zero,,saved_segment,0.0,,0.0003,0,0.0,muon,1769472,,,16,diagnostic-natural-muon,"[2304, 768]",0.0,,1,1,0.layers.9.mlp.Wi.weight,
zero,,cumulative,0.0,,0.0003,0,0.0,muon,1769472,,,16,diagnostic-natural-muon,"[2304, 768]",0.0,,1,1,0.layers.9.mlp.Wi.weight,
zero,,saved_segment,0.0,,0.0003,0,0.0,muon,884736,,,16,diagnostic-natural-muon,"[768, 1152]",0.0,,1,1,0.layers.9.mlp.Wo.weight,
zero,,cumulative,0.0,,0.0003,0,0.0,muon,884736,,,16,diagnostic-natural-muon,"[768, 1152]",0.0,,1,1,0.layers.9.mlp.Wo.weight,
resolved,0.00039169379862551113,saved_segment,0.007419315959369526,729.4766097773131,0.0003,768,6.165700501067912e-17,muon,589824,0.0003930997247986322,3.733522658576673e-15,16,diagnostic-natural-muon,"[768, 768]",0.0003615605010297855,421.0811241017139,2,2,0.layers.0.attn.Wo.weight,0.03786838584299188
resolved,0.00039169379862551113,cumulative,0.007419315959369526,729.4766097773131,0.0003,768,6.165700501067912e-17,muon,589824,0.0003930997247986322,3.733522658576673e-15,16,diagnostic-natural-muon,"[768, 768]",0.0003615605010297855,421.0811241017139,2,2,0.layers.0.attn.Wo.weight,0.03786838584299188
resolved,0.00011147899841030603,saved_segment,0.013587688417556134,753.1275152571372,0.0003,768,3.207497221396067e-16,muon,1769472,0.000111791993075285,3.9814999538413816e-15,16,diagnostic-natural-muon,"[2304, 768]",0.000626965420619411,469.6820702112077,2,2,0.layers.0.attn.Wqkv.weight,0.03395752981320566
resolved,0.00011147899841030603,cumulative,0.013587688417556134,753.1275152571372,0.0003,768,3.207497221396067e-16,muon,1769472,0.000111791993075285,3.9814999538413816e-15,16,diagnostic-natural-muon,"[2304, 768]",0.000626965420619411,469.6820702112077,2,2,0.layers.0.attn.Wqkv.weight,0.03395752981320566
resolved,0.0004078710680339487,saved_segment,0.013069566325644658,755.1956026362483,0.0003,768,3.212423259409175e-16,muon,1769472,0.00041011459944873023,4.0390082925741325e-15,16,diagnostic-natural-muon,"[2304, 768]",0.0006279283070326161,433.2137486256301,2,2,0.layers.0.mlp.Wi.weight,0.03672914289927461
resolved,0.0004078710680339487,cumulative,0.013069566325644658,755.1956026362483,0.0003,768,3.212423259409175e-16,muon,1769472,0.00041011459944873023,4.0390082925741325e-15,16,diagnostic-natural-muon,"[2304, 768]",0.0006279283070326161,433.2137486256301,2,2,0.layers.0.mlp.Wi.weight,0.03672914289927461
resolved,0.0002965175831568314,saved_segment,0.007781029508124659,754.1700574420781,0.0003,768,9.408102175051255e-17,muon,884736,0.0003015904646932623,3.868669099649788e-15,16,diagnostic-natural-muon,"[768, 1152]",0.00036779796397417,447.56434672662533,2,2,0.layers.0.mlp.Wo.weight,0.034812302948208446
resolved,0.0002965175831568314,cumulative,0.007781029508124659,754.1700574420781,0.0003,768,9.408102175051255e-17,muon,884736,0.0003015904646932623,3.868669099649788e-15,16,diagnostic-natural-muon,"[768, 1152]",0.00036779796397417,447.56434672662533,2,2,0.layers.0.mlp.Wo.weight,0.034812302948208446
resolved,0.0003802975287729947,saved_segment,0.0074691563719212805,736.4343159813258,0.0003,768,6.17711078285554e-17,muon,589824,0.000382253527878778,3.9881056931217585e-15,16,diagnostic-natural-muon,"[768, 768]",0.0003622296070298761,425.1823364593277,2,2,0.layers.1.attn.Wo.weight,0.03741655007898609
resolved,0.0003802975287729947,cumulative,0.0074691563719212805,736.4343159813258,0.0003,768,6.17711078285554e-17,muon,589824,0.000382253527878778,3.9881056931217585e-15,16,diagnostic-natural-muon,"[768, 768]",0.0003622296070298761,425.1823364593277,2,2,0.layers.1.attn.Wo.weight,0.03741655007898609
resolved,0.00010626234596602126,saved_segment,0.013820801928686796,753.4309106754108,0.0003,768,3.216743727360123e-16,muon,1769472,0.00010671318446469831,4.01128237960389e-15,16,diagnostic-natural-muon,"[2304, 768]",0.0006287728234325273,483.14663694397166,2,2,0.layers.1.attn.Wqkv.weight,0.032958639653443776
resolved,0.00010626234596602126,cumulative,0.013820801928686796,753.4309106754108,0.0003,768,3.216743727360123e-16,muon,1769472,0.00010671318446469831,4.01128237960389e-15,16,diagnostic-natural-muon,"[2304, 768]",0.0006287728234325273,483.14663694397166,2,2,0.layers.1.attn.Wqkv.weight,0.032958639653443776
resolved,0.0006763329379536157,saved_segment,0.012714655463940246,756.4820126952457,0.0003,768,3.1138474356956284e-16,muon,1769472,0.000695763529098627,3.9692518160949035e-15,16,diagnostic-natural-muon,"[2304, 768]",0.0006086598155853909,436.3750710570048,2,2,0.layers.1.mlp.Wi.weight,0.03504397681469722
resolved,0.0006763329379536157,cumulative,0.012714655463940246,756.4820126952457,0.0003,768,3.1138474356956284e-16,muon,1769472,0.000695763529098627,3.9692518160949035e-15,16,diagnostic-natural-muon,"[2304, 768]",0.0006086598155853909,436.3750710570048,2,2,0.layers.1.mlp.Wi.weight,0.03504397681469722
resolved,0.00033734484862225493,saved_segment,0.007673821738220612,754.852015814855,0.0003,768,9.329504721202676e-17,muon,884736,0.0003411725832556947,3.806880275745695e-15,16,diagnostic-natural-muon,"[768, 1152]",0.00036472529501701086,442.6817766456177,2,2,0.layers.1.mlp.Wo.weight,0.035647215970195475
resolved,0.00033734484862225493,cumulative,0.007673821738220612,754.852015814855,0.0003,768,9.329504721202676e-17,muon,884736,0.0003411725832556947,3.806880275745695e-15,16,diagnostic-natural-muon,"[768, 1152]",0.00036472529501701086,442.6817766456177,2,2,0.layers.1.mlp.Wo.weight,0.035647215970195475
resolved,0.0001140406275386196,saved_segment,0.007471895315899258,734.911337357376,0.0003,768,6.196967332276428e-17,muon,589824,0.00011489797186738124,3.725208681785267e-15,16,diagnostic-natural-muon,"[768, 768]",0.00036339400740191747,422.77182314972174,2,2,0.layers.10.attn.Wo.weight,0.03750520328838809
resolved,0.0001140406275386196,cumulative,0.007471895315899258,734.911337357376,0.0003,768,6.196967332276428e-17,muon,589824,0.00011489797186738124,3.725208681785267e-15,16,diagnostic-natural-muon,"[768, 768]",0.00036339400740191747,422.77182314972174,2,2,0.layers.10.attn.Wo.weight,0.03750520328838809
resolved,0.00011431309522562941,saved_segment,0.013627264730160517,753.7267573023606,0.0003,768,3.2144893961012904e-16,muon,1769472,0.00011482590109351943,3.994806341984724e-15,16,diagnostic-natural-muon,"[2304, 768]",0.000628332172155737,470.36910793614146,2,2,0.layers.10.attn.Wqkv.weight,0.03385756575692781
resolved,0.00011431309522562941,cumulative,0.013627264730160517,753.7267573023606,0.0003,768,3.2144893961012904e-16,muon,1769472,0.00011482590109351943,3.994806341984724e-15,16,diagnostic-natural-muon,"[2304, 768]",0.000628332172155737,470.36910793614146,2,2,0.layers.10.attn.Wqkv.weight,0.03385756575692781
resolved,0.00028185387945931845,saved_segment,0.013186001433489053,755.2068665969515,0.0003,768,3.2141534463255693e-16,muon,1769472,0.0002831812837935292,3.854160069841811e-15,16,diagnostic-natural-muon,"[2304, 768]",0.0006282665044784475,440.4924050180685,2,2,0.layers.10.mlp.Wi.weight,0.03615048829881385
resolved,0.00028185387945931845,cumulative,0.013186001433489053,755.2068665969515,0.0003,768,3.2141534463255693e-16,muon,1769472,0.0002831812837935292,3.854160069841811e-15,16,diagnostic-natural-muon,"[2304, 768]",0.0006282665044784475,440.4924050180685,2,2,0.layers.10.mlp.Wi.weight,0.03615048829881385
resolved,0.0005165796629784794,saved_segment,0.007717960161644451,754.2962230392097,0.0003,768,9.343856937392758e-17,muon,884736,0.0005223153208597636,3.714729579231534e-15,16,diagnostic-natural-muon,"[768, 1152]",0.00036528637692226774,446.4143158738591,2,2,0.layers.10.mlp.Wo.weight,0.03530803756893082
resolved,0.0005165796629784794,cumulative,0.007717960161644451,754.2962230392097,0.0003,768,9.343856937392758e-17,muon,884736,0.0005223153208597636,3.714729579231534e-15,16,diagnostic-natural-muon,"[768, 1152]",0.00036528637692226774,446.4143158738591,2,2,0.layers.10.mlp.Wo.weight,0.03530803756893082
resolved,0.0001425951921562329,saved_segment,0.0074483649222664376,731.1684770913481,0.0003,768,6.19724931904856e-17,muon,589824,0.00014348617901758351,3.835197871484758e-15,16,diagnostic-natural-muon,"[768, 768]",0.00036341054328110884,420.0750100480711,2,2,0.layers.11.attn.Wo.weight,0.037828835150052406
resolved,0.0001425951921562329,cumulative,0.0074483649222664376,731.1684770913481,0.0003,768,6.19724931904856e-17,muon,589824,0.00014348617901758351,3.835197871484758e-15,16,diagnostic-natural-muon,"[768, 768]",0.00036341054328110884,420.0750100480711,2,2,0.layers.11.attn.Wo.weight,0.037828835150052406
resolved,0.000291050240628452,saved_segment,0.01359236623658543,753.7938819052999,0.0003,768,3.2129250237042243e-16,muon,1769472,0.00029219932899350067,3.979469879559044e-15,16,diagnostic-natural-muon,"[2304, 768]",0.0006280263862640489,468.41883962182595,2,2,0.layers.11.attn.Wqkv.weight,0.0340124503534334
resolved,0.000291050240628452,cumulative,0.01359236623658543,753.7938819052999,0.0003,768,3.2129250237042243e-16,muon,1769472,0.00029219932899350067,3.979469879559044e-15,16,diagnostic-natural-muon,"[2304, 768]",0.0006280263862640489,468.41883962182595,2,2,0.layers.11.attn.Wqkv.weight,0.0340124503534334
resolved,0.00023712930601318204,saved_segment,0.013238025087898255,754.744767897913,0.0003,768,3.2153585141343635e-16,muon,1769472,0.0002382605458378511,3.904754366727908e-15,16,diagnostic-natural-muon,"[2304, 768]",0.000628502057557208,443.64234479267043,2,2,0.layers.11.mlp.Wi.weight,0.035884893840329904
resolved,0.00023712930601318204,cumulative,0.013238025087898255,754.744767897913,0.0003,768,3.2153585141343635e-16,muon,1769472,0.0002382605458378511,3.904754366727908e-15,16,diagnostic-natural-muon,"[2304, 768]",0.000628502057557208,443.64234479267043,2,2,0.layers.11.mlp.Wi.weight,0.035884893840329904
resolved,0.0003374898891254586,saved_segment,0.007390254103673438,726.5267299086182,0.0003,768,9.346349427660005e-17,muon,884736,0.00034025193814722057,3.85106121951059e-15,16,diagnostic-natural-muon,"[768, 1152]",0.0003653838177055907,409.0911874594101,2,2,0.layers.11.mlp.Wo.weight,0.038736902809971725
resolved,0.0003374898891254586,cumulative,0.007390254103673438,726.5267299086182,0.0003,768,9.346349427660005e-17,muon,884736,0.00034025193814722057,3.85106121951059e-15,16,diagnostic-natural-muon,"[768, 1152]",0.0003653838177055907,409.0911874594101,2,2,0.layers.11.mlp.Wo.weight,0.038736902809971725
resolved,0.00032705663350341964,saved_segment,0.007410408627610275,725.5549525793393,0.0003,768,6.19995896749682e-17,muon,589824,0.0003294752176282808,3.774425629295781e-15,16,diagnostic-natural-muon,"[768, 768]",0.000363569438746498,415.4412093556451,2,2,0.layers.12.attn.Wo.weight,0.038183255744688206
resolved,0.00032705663350341964,cumulative,0.007410408627610275,725.5549525793393,0.0003,768,6.19995896749682e-17,muon,589824,0.0003294752176282808,3.774425629295781e-15,16,diagnostic-natural-muon,"[768, 768]",0.000363569438746498,415.4412093556451,2,2,0.layers.12.attn.Wo.weight,0.038183255744688206
resolved,8.883270436121629e-05,saved_segment,0.013967263812808207,754.6117812698737,0.0003,768,3.2154704676955213e-16,muon,1769472,8.915240529475766e-05,4.0989908750580245e-15,16,diagnostic-natural-muon,"[2304, 768]",0.0006285239409780549,493.8317656085212,2,2,0.layers.12.attn.Wqkv.weight,0.03226998081119212
resolved,8.883270436121629e-05,cumulative,0.013967263812808207,754.6117812698737,0.0003,768,3.2154704676955213e-16,muon,1769472,8.915240529475766e-05,4.0989908750580245e-15,16,diagnostic-natural-muon,"[2304, 768]",0.0006285239409780549,493.8317656085212,2,2,0.layers.12.attn.Wqkv.weight,0.03226998081119212
resolved,0.0004507772592957675,saved_segment,0.01317797435557213,755.1004623921724,0.0003,768,3.2162513132740175e-16,muon,1769472,0.0004532455309175593,3.8515341389495115e-15,16,diagnostic-natural-muon,"[2304, 768]",0.0006286765718745978,439.38250800495723,2,2,0.layers.12.mlp.Wi.weight,0.03619314978463716
resolved,0.0004507772592957675,cumulative,0.01317797435557213,755.1004623921724,0.0003,768,3.2162513132740175e-16,muon,1769472,0.0004532455309175593,3.8515341389495115e-15,16,diagnostic-natural-muon,"[2304, 768]",0.0006286765718745978,439.38250800495723,2,2,0.layers.12.mlp.Wi.weight,0.03619314978463716
resolved,0.00024479988805051287,saved_segment,0.007730175104891395,754.3077111600027,0.0003,768,9.335911377382904e-17,muon,884736,0.00024714015861392296,3.819988810281933e-15,16,diagnostic-natural-muon,"[768, 1152]",0.0003649757552113335,448.5910779928055,2,2,0.layers.12.mlp.Wo.weight,0.03523235302098107
resolved,0.00024479988805051287,cumulative,0.007730175104891395,754.3077111600027,0.0003,768,9.335911377382904e-17,muon,884736,0.00024714015861392296,3.819988810281933e-15,16,diagnostic-natural-muon,"[768, 1152]",0.0003649757552113335,448.5910779928055,2,2,0.layers.12.mlp.Wo.weight,0.03523235302098107
resolved,0.0005579556489656251,saved_segment,0.007436385858521444,730.0155428574419,0.0003,768,6.192356615860083e-17,muon,589824,0.0005614705221945839,3.793809873553387e-15,16,diagnostic-natural-muon,"[768, 768]",0.0003631236321319361,419.3868463117378,2,2,0.layers.13.attn.Wo.weight,0.037895357702616296
resolved,0.0005579556489656251,cumulative,0.007436385858521444,730.0155428574419,0.0003,768,6.192356615860083e-17,muon,589824,0.0005614705221945839,3.793809873553387e-15,16,diagnostic-natural-muon,"[768, 768]",0.0003631236321319361,419.3868463117378,2,2,0.layers.13.attn.Wo.weight,0.037895357702616296
resolved,0.00015792028052503607,saved_segment,0.0136432287347852,753.897523669187,0.0003,768,3.214536072523351e-16,muon,1769472,0.0001586179260566631,4.061041038069614e-15,16,diagnostic-natural-muon,"[2304, 768]",0.0006283412959368569,471.45811323320913,2,2,0.layers.13.attn.Wqkv.weight,0.03376112418119705
resolved,0.00015792028052503607,cumulative,0.0136432287347852,753.897523669187,0.0003,768,3.214536072523351e-16,muon,1769472,0.0001586179260566631,4.061041038069614e-15,16,diagnostic-natural-muon,"[2304, 768]",0.0006283412959368569,471.45811323320913,2,2,0.layers.13.attn.Wqkv.weight,0.03376112418119705
resolved,0.00012509420878717705,saved_segment,0.013090667644964138,755.5055949629472,0.0003,768,3.2132109524402043e-16,muon,1769472,0.0001258832596667992,3.95422690634481e-15,16,diagnostic-natural-muon,"[2304, 768]",0.0006280822763920356,434.4007004640854,2,2,0.layers.13.mlp.Wi.weight,0.03660885879915279
resolved,0.00012509420878717705,cumulative,0.013090667644964138,755.5055949629472,0.0003,768,3.2132109524402043e-16,muon,1769472,0.0001258832596667992,3.95422690634481e-15,16,diagnostic-natural-muon,"[2304, 768]",0.0006280822763920356,434.4007004640854,2,2,0.layers.13.mlp.Wi.weight,0.03660885879915279
resolved,0.00029553183190053855,saved_segment,0.0077056794389502884,754.4922861752035,0.0003,768,9.323552992988243e-17,muon,884736,0.0002983137653966359,3.759983131178456e-15,16,diagnostic-natural-muon,"[768, 1152]",0.00036449261966137956,446.9350330235052,2,2,0.layers.13.mlp.Wo.weight,0.03537152045261857
resolved,0.00029553183190053855,cumulative,0.0077056794389502884,754.4922861752035,0.0003,768,9.323552992988243e-17,muon,884736,0.0002983137653966359,3.759983131178456e-15,16,diagnostic-natural-muon,"[768, 1152]",0.00036449261966137956,446.9350330235052,2,2,0.layers.13.mlp.Wo.weight,0.03537152045261857
resolved,9.548547624379017e-05,saved_segment,0.007424696006687468,727.2120769630186,0.0003,768,6.199173215563372e-17,muon,589824,9.617674423529841e-05,3.704432454611841e-15,16,diagnostic-natural-muon,"[768, 768]",0.0003635233617658381,417.1504358661776,2,2,0.layers.14.attn.Wo.weight,0.03805494756051855
resolved,9.548547624379017e-05,cumulative,0.007424696006687468,727.2120769630186,0.0003,768,6.199173215563372e-17,muon,589824,9.617674423529841e-05,3.704432454611841e-15,16,diagnostic-natural-muon,"[768, 768]",0.0003635233617658381,417.1504358661776,2,2,0.layers.14.attn.Wo.weight,0.03805494756051855
resolved,0.00019261207070548866,saved_segment,0.013653538169733748,753.7254312842442,0.0003,768,3.214079637253169e-16,muon,1769472,0.0001933988271066648,4.018696970181919e-15,16,diagnostic-natural-muon,"[2304, 768]",0.0006282520771125204,472.30500880741056,2,2,0.layers.14.attn.Wqkv.weight,0.03372426303876365
resolved,0.00019261207070548866,cumulative,0.013653538169733748,753.7254312842442,0.0003,768,3.214079637253169e-16,muon,1769472,0.0001933988271066648,4.018696970181919e-15,16,diagnostic-natural-muon,"[2304, 768]",0.0006282520771125204,472.30500880741056,2,2,0.layers.14.attn.Wqkv.weight,0.03372426303876365
resolved,0.0006814100143485585,saved_segment,0.013101173946856315,755.5855097092249,0.0003,768,3.2124079394330743e-16,muon,1769472,0.0006856970030055622,3.927707552976576e-15,16,diagnostic-natural-muon,"[2304, 768]",0.0006279253124562854,435.31581471278037,2,2,0.layers.14.mlp.Wi.weight,0.036527504745262306
resolved,0.0006814100143485585,cumulative,0.013101173946856315,755.5855097092249,0.0003,768,3.2124079394330743e-16,muon,1769472,0.0006856970030055622,3.927707552976576e-15,16,diagnostic-natural-muon,"[2304, 768]",0.0006279253124562854,435.31581471278037,2,2,0.layers.14.mlp.Wi.weight,0.036527504745262306
resolved,0.00019406872177382591,saved_segment,0.007736294162102518,754.1638095982341,0.0003,768,9.326366419651045e-17,muon,884736,0.00019567569542916193,3.7361969060270346e-15,16,diagnostic-natural-muon,"[768, 1152]",0.00036460260705087805,450.2216863001456,2,2,0.layers.14.mlp.Wo.weight,0.035212434681335725
resolved,0.00019406872177382591,cumulative,0.007736294162102518,754.1638095982341,0.0003,768,9.326366419651045e-17,muon,884736,0.00019567569542916193,3.7361969060270346e-15,16,diagnostic-natural-muon,"[768, 1152]",0.00036460260705087805,450.2216863001456,2,2,0.layers.14.mlp.Wo.weight,0.035212434681335725
resolved,0.0006603558980325219,saved_segment,0.007409503489293128,725.9650836154628,0.0003,768,6.20034153995681e-17,muon,589824,0.0006651594133643488,4.111844172804794e-15,16,diagnostic-natural-muon,"[768, 768]",0.0003635918730328034,415.28847523166405,2,2,0.layers.15.attn.Wo.weight,0.038195411524290894
resolved,0.0006603558980325219,cumulative,0.007409503489293128,725.9650836154628,0.0003,768,6.20034153995681e-17,muon,589824,0.0006651594133643488,4.111844172804794e-15,16,diagnostic-natural-muon,"[768, 768]",0.0003635918730328034,415.28847523166405,2,2,0.layers.15.attn.Wo.weight,0.038195411524290894
resolved,0.00028649834537979084,saved_segment,0.013759897330554575,754.0352067314379,0.0003,768,3.214026461907458e-16,muon,1769472,0.0002876926599593813,3.995977353373183e-15,16,diagnostic-natural-muon,"[2304, 768]",0.0006282416829950236,479.70792259452827,2,2,0.layers.15.attn.Wqkv.weight,0.03318658260703178
resolved,0.00028649834537979084,cumulative,0.013759897330554575,754.0352067314379,0.0003,768,3.214026461907458e-16,muon,1769472,0.0002876926599593813,3.995977353373183e-15,16,diagnostic-natural-muon,"[2304, 768]",0.0006282416829950236,479.70792259452827,2,2,0.layers.15.attn.Wqkv.weight,0.03318658260703178
resolved,0.000624946415990617,saved_segment,0.013185085677258354,755.3043983377952,0.0003,768,3.217386571885317e-16,muon,1769472,0.000628215442405224,3.863824742350485e-15,16,diagnostic-natural-muon,"[2304, 768]",0.0006288984794379145,439.54649677313216,2,2,0.layers.15.mlp.Wi.weight,0.036177556521501036
resolved,0.000624946415990617,cumulative,0.013185085677258354,755.3043983377952,0.0003,768,3.217386571885317e-16,muon,1769472,0.000628215442405224,3.863824742350485e-15,16,diagnostic-natural-muon,"[2304, 768]",0.0006288984794379145,439.54649677313216,2,2,0.layers.15.mlp.Wi.weight,0.036177556521501036
resolved,0.0004601087288753257,saved_segment,0.007794609257802801,749.8583420100239,0.0003,768,9.337880571000899e-17,muon,884736,0.0004632019998409818,3.777809167019148e-15,16,diagnostic-natural-muon,"[768, 1152]",0.0003650527383679674,455.9082769533395,2,2,0.layers.15.mlp.Wo.weight,0.034834790226405454
resolved,0.0004601087288753257,cumulative,0.007794609257802801,749.8583420100239,0.0003,768,9.337880571000899e-17,muon,884736,0.0004632019998409818,3.777809167019148e-15,16,diagnostic-natural-muon,"[768, 1152]",0.0003650527383679674,455.9082769533395,2,2,0.layers.15.mlp.Wo.weight,0.034834790226405454
resolved,0.0006370593692579412,saved_segment,0.007433864422941568,728.1656910592324,0.0003,768,6.202053628284062e-17,muon,589824,0.0006411781169421021,3.807117980647897e-15,16,diagnostic-natural-muon,"[768, 768]",0.00036369227095406164,417.79297106662267,2,2,0.layers.16.attn.Wo.weight,0.03803783192779912
resolved,0.0006370593692579412,cumulative,0.007433864422941568,728.1656910592324,0.0003,768,6.202053628284062e-17,muon,589824,0.0006411781169421021,3.807117980647897e-15,16,diagnostic-natural-muon,"[768, 768]",0.00036369227095406164,417.79297106662267,2,2,0.layers.16.attn.Wo.weight,0.03803783192779912
resolved,0.00022264802580846966,saved_segment,0.013923494642460057,754.5675683335043,0.0003,768,3.2155567083426245e-16,muon,1769472,0.0002235208647751063,4.007384600061787e-15,16,diagnostic-natural-muon,"[2304, 768]",0.0006285407983281485,490.7152541391451,2,2,0.layers.16.attn.Wqkv.weight,0.03246961726307464
resolved,0.00022264802580846966,cumulative,0.013923494642460057,754.5675683335043,0.0003,768,3.2155567083426245e-16,muon,1769472,0.0002235208647751063,4.007384600061787e-15,16,diagnostic-natural-muon,"[2304, 768]",0.0006285407983281485,490.7152541391451,2,2,0.layers.16.attn.Wqkv.weight,0.03246961726307464
resolved,0.0010341627422855357,saved_segment,0.013157820023975478,755.4390773945867,0.0003,768,3.212070532060691e-16,muon,1769472,0.001039564727762133,3.888310758982076e-15,16,diagnostic-natural-muon,"[2304, 768]",0.0006278593598644218,439.18058977319095,2,2,0.layers.16.mlp.Wi.weight,0.03623065149516731
resolved,0.0010341627422855357,cumulative,0.013157820023975478,755.4390773945867,0.0003,768,3.212070532060691e-16,muon,1769472,0.001039564727762133,3.888310758982076e-15,16,diagnostic-natural-muon,"[2304, 768]",0.0006278593598644218,439.18058977319095,2,2,0.layers.16.mlp.Wi.weight,0.03623065149516731
resolved,0.000665543068724201,saved_segment,0.007787988289532049,754.539462247351,0.0003,768,9.33022622382272e-17,muon,884736,0.0006710257307954014,3.785417518940689e-15,16,diagnostic-natural-muon,"[768, 1152]",0.00036475350125772944,455.8811560432845,2,2,0.layers.16.mlp.Wo.weight,0.03476378276144278
resolved,0.000665543068724201,cumulative,0.007787988289532049,754.539462247351,0.0003,768,9.33022622382272e-17,muon,884736,0.0006710257307954014,3.785417518940689e-15,16,diagnostic-natural-muon,"[768, 1152]",0.00036475350125772944,455.8811560432845,2,2,0.layers.16.mlp.Wo.weight,0.03476378276144278
resolved,0.0008778784585551577,saved_segment,0.0074043202429748415,723.8296180915939,0.0003,768,6.211091677132526e-17,muon,589824,0.0008851844238954204,3.74302697222227e-15,16,diagnostic-natural-muon,"[768, 768]",0.00036422226774346394,413.2733494132981,2,2,0.layers.17.attn.Wo.weight,0.038345309014669184
resolved,0.0008778784585551577,cumulative,0.0074043202429748415,723.8296180915939,0.0003,768,6.211091677132526e-17,muon,589824,0.0008851844238954204,3.74302697222227e-15,16,diagnostic-natural-muon,"[768, 768]",0.00036422226774346394,413.2733494132981,2,2,0.layers.17.attn.Wo.weight,0.038345309014669184
resolved,0.00012804353419001763,saved_segment,0.01390809502056072,754.8576554743705,0.0003,768,3.215570779949373e-16,muon,1769472,0.0001285468242401237,4.036718610759854e-15,16,diagnostic-natural-muon,"[2304, 768]",0.0006285435488873027,489.6260902652656,2,2,0.layers.17.attn.Wqkv.weight,0.032538568050776755
resolved,0.00012804353419001763,cumulative,0.01390809502056072,754.8576554743705,0.0003,768,3.215570779949373e-16,muon,1769472,0.0001285468242401237,4.036718610759854e-15,16,diagnostic-natural-muon,"[2304, 768]",0.0006285435488873027,489.6260902652656,2,2,0.layers.17.attn.Wqkv.weight,0.032538568050776755
resolved,0.0001440344135439947,saved_segment,0.013490336731219561,753.7949639475028,0.0003,768,3.21385214386623e-16,muon,1769472,0.00014467577828320333,4.082816438912255e-15,16,diagnostic-natural-muon,"[2304, 768]",0.0006282076092682215,461.14679571034884,2,2,0.layers.17.mlp.Wi.weight,0.034531297437586025
resolved,0.0001440344135439947,cumulative,0.013490336731219561,753.7949639475028,0.0003,768,3.21385214386623e-16,muon,1769472,0.00014467577828320333,4.082816438912255e-15,16,diagnostic-natural-muon,"[2304, 768]",0.0006282076092682215,461.14679571034884,2,2,0.layers.17.mlp.Wi.weight,0.034531297437586025
resolved,0.00029778723462285883,saved_segment,0.007838036888354214,753.07657116642,0.0003,768,9.349883082641694e-17,muon,884736,0.0003000897140416182,3.831942777595289e-15,16,diagnostic-natural-muon,"[768, 1152]",0.000365521961518601,459.81978590739493,2,2,0.layers.17.mlp.Wo.weight,0.034503077075997
resolved,0.00029778723462285883,cumulative,0.007838036888354214,753.07657116642,0.0003,768,9.349883082641694e-17,muon,884736,0.0003000897140416182,3.831942777595289e-15,16,diagnostic-natural-muon,"[768, 1152]",0.000365521961518601,459.81978590739493,2,2,0.layers.17.mlp.Wo.weight,0.034503077075997
resolved,0.00010919955774092901,saved_segment,0.007325809556753299,718.7724101807701,0.0003,768,6.214199535778601e-17,muon,589824,0.00011012048340011517,3.739707596632475e-15,16,diagnostic-natural-muon,"[768, 768]",0.0003644045145018023,404.15108733419476,2,2,0.layers.18.attn.Wo.weight,0.03922526613021303
resolved,0.00010919955774092901,cumulative,0.007325809556753299,718.7724101807701,0.0003,768,6.214199535778601e-17,muon,589824,0.00011012048340011517,3.739707596632475e-15,16,diagnostic-natural-muon,"[768, 768]",0.0003644045145018023,404.15108733419476,2,2,0.layers.18.attn.Wo.weight,0.03922526613021303
resolved,0.0003943972030475935,saved_segment,0.013551766836673133,753.8211363545984,0.0003,768,3.214911763669013e-16,muon,1769472,0.0003962680839742008,3.894423342620619e-15,16,diagnostic-natural-muon,"[2304, 768]",0.0006284147318094094,465.04944086481635,2,2,0.layers.18.attn.Wqkv.weight,0.034199884629921434
resolved,0.0003943972030475935,cumulative,0.013551766836673133,753.8211363545984,0.0003,768,3.214911763669013e-16,muon,1769472,0.0003962680839742008,3.894423342620619e-15,16,diagnostic-natural-muon,"[2304, 768]",0.0006284147318094094,465.04944086481635,2,2,0.layers.18.attn.Wqkv.weight,0.034199884629921434
resolved,0.0003468731629478833,saved_segment,0.013547190282963655,753.8301986591221,0.0003,768,3.2158311439825e-16,muon,1769472,0.00034859705002876143,4.2165520350782896e-15,16,diagnostic-natural-muon,"[2304, 768]",0.0006285944419151921,464.46970088170696,2,2,0.layers.18.mlp.Wi.weight,0.03423829661084716
resolved,0.0003468731629478833,cumulative,0.013547190282963655,753.8301986591221,0.0003,768,3.2158311439825e-16,muon,1769472,0.00034859705002876143,4.2165520350782896e-15,16,diagnostic-natural-muon,"[2304, 768]",0.0006285944419151921,464.46970088170696,2,2,0.layers.18.mlp.Wi.weight,0.03423829661084716
resolved,0.0001936913181191427,saved_segment,0.00784422860808576,753.8242225452117,0.0003,768,9.340793444935972e-17,muon,884736,0.00019503172594688927,3.7987205369598115e-15,16,diagnostic-natural-muon,"[768, 1152]",0.0003651666135239446,461.4433122752647,2,2,0.layers.18.mlp.Wo.weight,0.03442460692149393
resolved,0.0001936913181191427,cumulative,0.00784422860808576,753.8242225452117,0.0003,768,9.340793444935972e-17,muon,884736,0.00019503172594688927,3.7987205369598115e-15,16,diagnostic-natural-muon,"[768, 1152]",0.0003651666135239446,461.4433122752647,2,2,0.layers.18.mlp.Wo.weight,0.03442460692149393
resolved,0.0001455894003987602,saved_segment,0.007122453075858659,702.3609265253327,0.0003,768,6.20117768826198e-17,muon,589824,0.00014666235397197696,3.74718781633812e-15,16,diagnostic-natural-muon,"[768, 768]",0.0003636409052879543,383.63103443559663,2,2,0.layers.19.attn.Wo.weight,0.0414056654619257
resolved,0.0001455894003987602,cumulative,0.007122453075858659,702.3609265253327,0.0003,768,6.20117768826198e-17,muon,589824,0.00014666235397197696,3.74718781633812e-15,16,diagnostic-natural-muon,"[768, 768]",0.0003636409052879543,383.63103443559663,2,2,0.layers.19.attn.Wo.weight,0.0414056654619257
resolved,0.00012134124946320953,saved_segment,0.013853968141774493,754.958817636922,0.0003,768,3.2135024117800243e-16,muon,1769472,0.00012177421692440646,4.077431547865466e-15,16,diagnostic-natural-muon,"[2304, 768]",0.0006281392475801522,486.4480975907528,2,2,0.layers.19.attn.Wqkv.weight,0.03276308654599373
resolved,0.00012134124946320953,cumulative,0.013853968141774493,754.958817636922,0.0003,768,3.2135024117800243e-16,muon,1769472,0.00012177421692440646,4.077431547865466e-15,16,diagnostic-natural-muon,"[2304, 768]",0.0006281392475801522,486.4480975907528,2,2,0.layers.19.attn.Wqkv.weight,0.03276308654599373
resolved,0.0003716714653176565,saved_segment,0.01331651889506984,754.7006473738404,0.0003,768,3.212610888615688e-16,muon,1769472,0.0003734268721652333,4.002766912905467e-15,16,diagnostic-natural-muon,"[2304, 768]",0.0006279649826760422,449.6872412855552,2,2,0.layers.19.mlp.Wi.weight,0.03539257005276049
resolved,0.0003716714653176565,cumulative,0.01331651889506984,754.7006473738404,0.0003,768,3.212610888615688e-16,muon,1769472,0.0003734268721652333,4.002766912905467e-15,16,diagnostic-natural-muon,"[2304, 768]",0.0006279649826760422,449.6872412855552,2,2,0.layers.19.mlp.Wi.weight,0.03539257005276049
resolved,0.00022685803490884678,saved_segment,0.00781280243001513,754.5461375864257,0.0003,768,9.33081328232887e-17,muon,884736,0.00022866802397628907,3.82932558749545e-15,16,diagnostic-natural-muon,"[768, 1152]",0.0003647764515743053,458.7331184407599,2,2,0.layers.19.mlp.Wo.weight,0.034578119203356586
resolved,0.00022685803490884678,cumulative,0.00781280243001513,754.5461375864257,0.0003,768,9.33081328232887e-17,muon,884736,0.00022866802397628907,3.82932558749545e-15,16,diagnostic-natural-muon,"[768, 1152]",0.0003647764515743053,458.7331184407599,2,2,0.layers.19.mlp.Wo.weight,0.034578119203356586
resolved,0.0007761338974106274,saved_segment,0.007470624491154543,737.9370774719306,0.0003,768,6.176068497631855e-17,muon,589824,0.0007810952058929455,3.645527691616249e-15,16,diagnostic-natural-muon,"[768, 768]",0.00036216848677798804,425.49307621731054,2,2,0.layers.2.attn.Wo.weight,0.03735870256119669
resolved,0.0007761338974106274,cumulative,0.007470624491154543,737.9370774719306,0.0003,768,6.176068497631855e-17,muon,589824,0.0007810952058929455,3.645527691616249e-15,16,diagnostic-natural-muon,"[768, 768]",0.00036216848677798804,425.49307621731054,2,2,0.layers.2.attn.Wo.weight,0.03735870256119669
resolved,0.00017289718999263367,saved_segment,0.013927117617637387,754.4934611407296,0.0003,768,3.2158878923503585e-16,muon,1769472,0.00017349898966189894,4.107016580868534e-15,16,diagnostic-natural-muon,"[2304, 768]",0.000628605534446804,490.8695426176676,2,2,0.layers.2.attn.Wqkv.weight,0.03246985887068035
resolved,0.00017289718999263367,cumulative,0.013927117617637387,754.4934611407296,0.0003,768,3.2158878923503585e-16,muon,1769472,0.00017349898966189894,4.107016580868534e-15,16,diagnostic-natural-muon,"[2304, 768]",0.000628605534446804,490.8695426176676,2,2,0.layers.2.attn.Wqkv.weight,0.03246985887068035
resolved,0.00047163723549941235,saved_segment,0.012659842686287347,756.6865127573059,0.0003,768,3.0809355880520113e-16,muon,1769472,0.0004805582237075372,3.835014070023615e-15,16,diagnostic-natural-muon,"[2304, 768]",0.000602226578398591,441.91300348279094,2,2,0.layers.2.mlp.Wi.weight,0.03519788515772811
resolved,0.00047163723549941235,cumulative,0.012659842686287347,756.6865127573059,0.0003,768,3.0809355880520113e-16,muon,1769472,0.0004805582237075372,3.835014070023615e-15,16,diagnostic-natural-muon,"[2304, 768]",0.000602226578398591,441.91300348279094,2,2,0.layers.2.mlp.Wi.weight,0.03519788515772811
resolved,0.0012694544942095608,saved_segment,0.007669620057220409,754.9224027046071,0.0003,768,9.330077449691147e-17,muon,884736,0.001282920456361634,3.782527930117419e-15,16,diagnostic-natural-muon,"[768, 1152]",0.0003647476851195045,442.1428553643574,2,2,0.layers.2.mlp.Wo.weight,0.03574101233142899
resolved,0.0012694544942095608,cumulative,0.007669620057220409,754.9224027046071,0.0003,768,9.330077449691147e-17,muon,884736,0.001282920456361634,3.782527930117419e-15,16,diagnostic-natural-muon,"[768, 1152]",0.0003647476851195045,442.1428553643574,2,2,0.layers.2.mlp.Wo.weight,0.03574101233142899
resolved,0.0004521652521945463,saved_segment,0.006913739713441413,684.6183244182089,0.0003,768,6.20615460781173e-17,muon,589824,0.00045578370028798897,3.768593528366924e-15,16,diagnostic-natural-muon,"[768, 768]",0.00036393275493677853,360.89740604565054,2,2,0.layers.20.attn.Wo.weight,0.0439507628062647
resolved,0.0004521652521945463,cumulative,0.006913739713441413,684.6183244182089,0.0003,768,6.20615460781173e-17,muon,589824,0.00045578370028798897,3.768593528366924e-15,16,diagnostic-natural-muon,"[768, 768]",0.00036393275493677853,360.89740604565054,2,2,0.layers.20.attn.Wo.weight,0.0439507628062647
resolved,0.00010197048638610667,saved_segment,0.013812947226260544,754.6754595502575,0.0003,768,3.2135031050497553e-16,muon,1769472,0.00010242294139833014,4.050477735293548e-15,16,diagnostic-natural-muon,"[2304, 768]",0.0006281393830927088,483.5714561551993,2,2,0.layers.20.attn.Wqkv.weight,0.0329207073554769
resolved,0.00010197048638610667,cumulative,0.013812947226260544,754.6754595502575,0.0003,768,3.2135031050497553e-16,muon,1769472,0.00010242294139833014,4.050477735293548e-15,16,diagnostic-natural-muon,"[2304, 768]",0.0006281393830927088,483.5714561551993,2,2,0.layers.20.attn.Wqkv.weight,0.0329207073554769
resolved,0.0003982841158905037,saved_segment,0.013723332844321331,753.9500148120843,0.0003,768,3.2129808783651304e-16,muon,1769472,0.00039987026335809117,3.978075461749033e-15,16,diagnostic-natural-muon,"[2304, 768]",0.0006280373041038945,477.47244365753596,2,2,0.layers.20.mlp.Wi.weight,0.033357190533566124
resolved,0.0003982841158905037,cumulative,0.013723332844321331,753.9500148120843,0.0003,768,3.2129808783651304e-16,muon,1769472,0.00039987026335809117,3.978075461749033e-15,16,diagnostic-natural-muon,"[2304, 768]",0.0006280373041038945,477.47244365753596,2,2,0.layers.20.mlp.Wi.weight,0.033357190533566124
resolved,0.0006368389106665502,saved_segment,0.007734138202952727,751.5085650268336,0.0003,768,9.352284741575315e-17,muon,884736,0.0006427748213315713,3.902481323734525e-15,16,diagnostic-natural-muon,"[768, 1152]",0.0003656158513647688,447.4802002781968,2,2,0.layers.20.mlp.Wo.weight,0.03534448189498986
resolved,0.0006368389106665502,cumulative,0.007734138202952727,751.5085650268336,0.0003,768,9.352284741575315e-17,muon,884736,0.0006427748213315713,3.902481323734525e-15,16,diagnostic-natural-muon,"[768, 1152]",0.0003656158513647688,447.4802002781968,2,2,0.layers.20.mlp.Wo.weight,0.03534448189498986
resolved,0.0001463885647841144,saved_segment,0.0058211997819364245,562.6614365393335,0.0003,768,6.193643272220962e-17,muon,589824,0.00014909595285122733,3.514375358633523e-15,16,diagnostic-natural-muon,"[768, 768]",0.00036319908245885553,256.8830940015831,2,2,0.layers.21.attn.Wo.weight,0.06114187202686371
resolved,0.0001463885647841144,cumulative,0.0058211997819364245,562.6614365393335,0.0003,768,6.193643272220962e-17,muon,589824,0.00014909595285122733,3.514375358633523e-15,16,diagnostic-natural-muon,"[768, 768]",0.00036319908245885553,256.8830940015831,2,2,0.layers.21.attn.Wo.weight,0.06114187202686371
resolved,0.00010054360721838888,saved_segment,0.013755127858412578,754.6533164026005,0.0003,768,3.2125629253382305e-16,muon,1769472,0.00010097678822299014,3.949308755457593e-15,16,diagnostic-natural-muon,"[2304, 768]",0.0006279556073549273,479.8123007728345,2,2,0.layers.21.attn.Wqkv.weight,0.0331918839636982
resolved,0.00010054360721838888,cumulative,0.013755127858412578,754.6533164026005,0.0003,768,3.2125629253382305e-16,muon,1769472,0.00010097678822299014,3.949308755457593e-15,16,diagnostic-natural-muon,"[2304, 768]",0.0006279556073549273,479.8123007728345,2,2,0.layers.21.attn.Wqkv.weight,0.0331918839636982
resolved,0.0003035808905619628,saved_segment,0.010598333878077638,616.885037699574,0.0003,768,3.20566472821578e-16,muon,1769472,0.00030544432021639787,3.760291336631655e-15,16,diagnostic-natural-muon,"[2304, 768]",0.000626607225497714,286.07795780346396,2,2,0.layers.21.mlp.Wi.weight,0.055585161963488325
resolved,0.0003035808905619628,cumulative,0.010598333878077638,616.885037699574,0.0003,768,3.20566472821578e-16,muon,1769472,0.00030544432021639787,3.760291336631655e-15,16,diagnostic-natural-muon,"[2304, 768]",0.000626607225497714,286.07795780346396,2,2,0.layers.21.mlp.Wi.weight,0.055585161963488325
resolved,0.0017669834124015924,saved_segment,0.004595356216494492,433.24258902542755,0.0003,768,9.292918146880687e-17,muon,884736,0.0017882171606004977,3.190923548445086e-15,16,diagnostic-natural-muon,"[768, 1152]",0.0003632949887454547,159.99984044084965,2,2,0.layers.21.mlp.Wo.weight,0.09869469891921201
resolved,0.0017669834124015924,cumulative,0.004595356216494492,433.24258902542755,0.0003,768,9.292918146880687e-17,muon,884736,0.0017882171606004977,3.190923548445086e-15,16,diagnostic-natural-muon,"[768, 1152]",0.0003632949887454547,159.99984044084965,2,2,0.layers.21.mlp.Wo.weight,0.09869469891921201
resolved,0.00018984393524784377,saved_segment,0.007415009205951048,727.9628115679444,0.0003,768,6.179609769601786e-17,muon,589824,0.0001908020275465246,3.692278615037315e-15,16,diagnostic-natural-muon,"[768, 768]",0.00036237614916241774,418.7011733296838,2,2,0.layers.3.attn.Wo.weight,0.038005154157245855
resolved,0.00018984393524784377,cumulative,0.007415009205951048,727.9628115679444,0.0003,768,6.179609769601786e-17,muon,589824,0.0001908020275465246,3.692278615037315e-15,16,diagnostic-natural-muon,"[768, 768]",0.00036237614916241774,418.7011733296838,2,2,0.layers.3.attn.Wo.weight,0.038005154157245855
resolved,0.0001699822221976317,saved_segment,0.013941114913059775,754.5522814845979,0.0003,768,3.214529679236965e-16,muon,1769472,0.00017061332510714765,3.957233917417632e-15,16,diagnostic-natural-muon,"[2304, 768]",0.0006283400462492619,492.2724539346942,2,2,0.layers.3.attn.Wqkv.weight,0.03237743809187817
resolved,0.0001699822221976317,cumulative,0.013941114913059775,754.5522814845979,0.0003,768,3.214529679236965e-16,muon,1769472,0.00017061332510714765,3.957233917417632e-15,16,diagnostic-natural-muon,"[2304, 768]",0.0006283400462492619,492.2724539346942,2,2,0.layers.3.attn.Wqkv.weight,0.03237743809187817
resolved,0.00013084698787094,saved_segment,0.012706671656427316,756.6786471103495,0.0003,768,3.130217338960528e-16,muon,1769472,0.00013524218245588898,4.040875266030554e-15,16,diagnostic-natural-muon,"[2304, 768]",0.0006118596198494488,431.2807067363126,2,2,0.layers.3.mlp.Wi.weight,0.035222702929076644
resolved,0.00013084698787094,cumulative,0.012706671656427316,756.6786471103495,0.0003,768,3.130217338960528e-16,muon,1769472,0.00013524218245588898,4.040875266030554e-15,16,diagnostic-natural-muon,"[2304, 768]",0.0006118596198494488,431.2807067363126,2,2,0.layers.3.mlp.Wi.weight,0.035222702929076644
resolved,0.0005833191216025936,saved_segment,0.007674652832967379,754.5487203681419,0.0003,768,9.306956840616868e-17,muon,884736,0.0005879955595889747,3.7464666637463566e-15,16,diagnostic-natural-muon,"[768, 1152]",0.00036384381388329353,444.9256948030034,2,2,0.layers.3.mlp.Wo.weight,0.03564727539088155
resolved,0.0005833191216025936,cumulative,0.007674652832967379,754.5487203681419,0.0003,768,9.306956840616868e-17,muon,884736,0.0005879955595889747,3.7464666637463566e-15,16,diagnostic-natural-muon,"[768, 1152]",0.00036384381388329353,444.9256948030034,2,2,0.layers.3.mlp.Wo.weight,0.03564727539088155
resolved,0.0006107655046344157,saved_segment,0.007478143591665172,738.5376557547008,0.0003,768,6.174919409390321e-17,muon,589824,0.0006149580234738077,3.6839004621428315e-15,16,diagnostic-natural-muon,"[768, 768]",0.00036210110353089965,426.5087087196798,2,2,0.layers.4.attn.Wo.weight,0.03725761237144493
resolved,0.0006107655046344157,cumulative,0.007478143591665172,738.5376557547008,0.0003,768,6.174919409390321e-17,muon,589824,0.0006149580234738077,3.6839004621428315e-15,16,diagnostic-natural-muon,"[768, 768]",0.00036210110353089965,426.5087087196798,2,2,0.layers.4.attn.Wo.weight,0.03725761237144493
resolved,0.00018080175121543547,saved_segment,0.013957357564572219,754.4646213512484,0.0003,768,3.216021027451691e-16,muon,1769472,0.00018147210815564355,4.0283502360681074e-15,16,diagnostic-natural-muon,"[2304, 768]",0.0006286315581964894,492.9626893278206,2,2,0.layers.4.attn.Wqkv.weight,0.032327200746117744
resolved,0.00018080175121543547,cumulative,0.013957357564572219,754.4646213512484,0.0003,768,3.216021027451691e-16,muon,1769472,0.00018147210815564355,4.0283502360681074e-15,16,diagnostic-natural-muon,"[2304, 768]",0.0006286315581964894,492.9626893278206,2,2,0.layers.4.attn.Wqkv.weight,0.032327200746117744
resolved,0.0006236660458644704,saved_segment,0.012713269777956896,756.6526836470618,0.0003,768,3.1193497199214216e-16,muon,1769472,0.0006420461192947574,4.0032206456586676e-15,16,diagnostic-natural-muon,"[2304, 768]",0.0006097353401161622,434.74219229711446,2,2,0.layers.4.mlp.Wi.weight,0.03525322199483157
resolved,0.0006236660458644704,cumulative,0.012713269777956896,756.6526836470618,0.0003,768,3.1193497199214216e-16,muon,1769472,0.0006420461192947574,4.0032206456586676e-15,16,diagnostic-natural-muon,"[2304, 768]",0.0006097353401161622,434.74219229711446,2,2,0.layers.4.mlp.Wi.weight,0.03525322199483157
resolved,0.00026844025562781275,saved_segment,0.007843171638002027,750.7706984312047,0.0003,768,9.336594689765498e-17,muon,884736,0.00027011627683966197,3.912700501065356e-15,16,diagnostic-natural-muon,"[768, 1152]",0.0003650024684525803,461.73397867811036,2,2,0.layers.4.mlp.Wo.weight,0.034422718988563195
resolved,0.00026844025562781275,cumulative,0.007843171638002027,750.7706984312047,0.0003,768,9.336594689765498e-17,muon,884736,0.00027011627683966197,3.912700501065356e-15,16,diagnostic-natural-muon,"[768, 1152]",0.0003650024684525803,461.73397867811036,2,2,0.layers.4.mlp.Wo.weight,0.034422718988563195
resolved,0.0002555075684282093,saved_segment,0.00745852852975894,735.420477066396,0.0003,768,6.181748706079775e-17,muon,589824,0.0002571125078963448,3.7895528552785504e-15,16,diagnostic-natural-muon,"[768, 768]",0.0003625015777239443,423.33727348503925,2,2,0.layers.5.attn.Wo.weight,0.03755932114401968
resolved,0.0002555075684282093,cumulative,0.00745852852975894,735.420477066396,0.0003,768,6.181748706079775e-17,muon,589824,0.0002571125078963448,3.7895528552785504e-15,16,diagnostic-natural-muon,"[768, 768]",0.0003625015777239443,423.33727348503925,2,2,0.layers.5.attn.Wo.weight,0.03755932114401968
resolved,0.00025168786599647674,saved_segment,0.013877437569932457,754.6218720163231,0.0003,768,3.215531544526274e-16,muon,1769472,0.0002526804015267248,3.996978999123221e-15,16,diagnostic-natural-muon,"[2304, 768]",0.0006285358795888283,487.4818113529294,2,2,0.layers.5.attn.Wqkv.weight,0.03267474868672234
resolved,0.00025168786599647674,cumulative,0.013877437569932457,754.6218720163231,0.0003,768,3.215531544526274e-16,muon,1769472,0.0002526804015267248,3.996978999123221e-15,16,diagnostic-natural-muon,"[2304, 768]",0.0006285358795888283,487.4818113529294,2,2,0.layers.5.attn.Wqkv.weight,0.03267474868672234
resolved,0.002694664700298556,saved_segment,0.012771963602194928,756.8355314840798,0.0003,768,3.1707103007942977e-16,muon,1769472,0.0027997900669838823,3.853498246865093e-15,16,diagnostic-natural-muon,"[2304, 768]",0.0006197747278279945,424.6661235053328,2,2,0.layers.5.mlp.Wi.weight,0.036324947221813175
resolved,0.002694664700298556,cumulative,0.012771963602194928,756.8355314840798,0.0003,768,3.1707103007942977e-16,muon,1769472,0.0027997900669838823,3.853498246865093e-15,16,diagnostic-natural-muon,"[2304, 768]",0.0006197747278279945,424.6661235053328,2,2,0.layers.5.mlp.Wi.weight,0.036324947221813175
resolved,0.0003385559233880317,saved_segment,0.00767341731738726,754.6693156238941,0.0003,768,9.353003854100749e-17,muon,884736,0.00034296526719430724,3.767455357774261e-15,16,diagnostic-natural-muon,"[768, 1152]",0.0003656439641677339,440.4136980604363,2,2,0.layers.5.mlp.Wo.weight,0.035700109297456165
resolved,0.0003385559233880317,cumulative,0.00767341731738726,754.6693156238941,0.0003,768,9.353003854100749e-17,muon,884736,0.00034296526719430724,3.767455357774261e-15,16,diagnostic-natural-muon,"[768, 1152]",0.0003656439641677339,440.4136980604363,2,2,0.layers.5.mlp.Wo.weight,0.035700109297456165
resolved,0.0005995355726724486,saved_segment,0.007420720204570268,728.1081800962274,0.0003,768,6.18772531957194e-17,muon,589824,0.0006029359049665354,3.744353076993447e-15,16,diagnostic-natural-muon,"[768, 768]",0.0003628520500455101,418.2471128947201,2,2,0.layers.6.attn.Wo.weight,0.038013185773983334
resolved,0.0005995355726724486,cumulative,0.007420720204570268,728.1081800962274,0.0003,768,6.18772531957194e-17,muon,589824,0.0006029359049665354,3.744353076993447e-15,16,diagnostic-natural-muon,"[768, 768]",0.0003628520500455101,418.2471128947201,2,2,0.layers.6.attn.Wo.weight,0.038013185773983334
resolved,0.00024121150890498314,saved_segment,0.013942907239637573,754.6754573852913,0.0003,768,3.215300899668363e-16,muon,1769472,0.00024211650226594356,4.076706822621162e-15,16,diagnostic-natural-muon,"[2304, 768]",0.0006284907957304887,492.1628543440943,2,2,0.layers.6.attn.Wqkv.weight,0.032375129411482094
resolved,0.00024121150890498314,cumulative,0.013942907239637573,754.6754573852913,0.0003,768,3.215300899668363e-16,muon,1769472,0.00024211650226594356,4.076706822621162e-15,16,diagnostic-natural-muon,"[2304, 768]",0.0006284907957304887,492.1628543440943,2,2,0.layers.6.attn.Wqkv.weight,0.032375129411482094
resolved,0.001551944635718357,saved_segment,0.012872286495550979,756.4263561226323,0.0003,768,3.2037590337781497e-16,muon,1769472,0.001588479868963105,4.0052100125174905e-15,16,diagnostic-natural-muon,"[2304, 768]",0.0006262347218189295,422.5101118044971,2,2,0.layers.6.mlp.Wi.weight,0.03702467147682173
resolved,0.001551944635718357,cumulative,0.012872286495550979,756.4263561226323,0.0003,768,3.2037590337781497e-16,muon,1769472,0.001588479868963105,4.0052100125174905e-15,16,diagnostic-natural-muon,"[2304, 768]",0.0006262347218189295,422.5101118044971,2,2,0.layers.6.mlp.Wi.weight,0.03702467147682173
resolved,0.0004547421054578309,saved_segment,0.007704901169300598,754.4337495250904,0.0003,768,9.340914663957162e-17,muon,884736,0.0004600256267875153,3.7352684783718155e-15,16,diagnostic-natural-muon,"[768, 1152]",0.00036517135242966213,445.1852276293465,2,2,0.layers.6.mlp.Wo.weight,0.035396640374079164
resolved,0.0004547421054578309,cumulative,0.007704901169300598,754.4337495250904,0.0003,768,9.340914663957162e-17,muon,884736,0.0004600256267875153,3.7352684783718155e-15,16,diagnostic-natural-muon,"[768, 1152]",0.00036517135242966213,445.1852276293465,2,2,0.layers.6.mlp.Wo.weight,0.035396640374079164
resolved,0.0004241153090353648,saved_segment,0.00746621148768933,734.4496818658987,0.0003,768,6.183586032305506e-17,muon,589824,0.0004267816434745719,3.7337154389658415e-15,16,diagnostic-natural-muon,"[768, 768]",0.00036260931967323543,423.9578207863644,2,2,0.layers.7.attn.Wo.weight,0.03748157560421229
resolved,0.0004241153090353648,cumulative,0.00746621148768933,734.4496818658987,0.0003,768,6.183586032305506e-17,muon,589824,0.0004267816434745719,3.7337154389658415e-15,16,diagnostic-natural-muon,"[768, 768]",0.00036260931967323543,423.9578207863644,2,2,0.layers.7.attn.Wo.weight,0.03748157560421229
resolved,0.00017637876413720673,saved_segment,0.013854750122964384,754.556059412433,0.0003,768,3.216118159439275e-16,muon,1769472,0.00017710536952977003,4.068846390773425e-15,16,diagnostic-natural-muon,"[2304, 768]",0.0006286505444631165,485.7119660317072,2,2,0.layers.7.attn.Wqkv.weight,0.03279960300840251
resolved,0.00017637876413720673,cumulative,0.013854750122964384,754.556059412433,0.0003,768,3.216118159439275e-16,muon,1769472,0.00017710536952977003,4.068846390773425e-15,16,diagnostic-natural-muon,"[2304, 768]",0.0006286505444631165,485.7119660317072,2,2,0.layers.7.attn.Wqkv.weight,0.03279960300840251
resolved,0.0003121144821392703,saved_segment,0.013039189438012138,755.6983136343772,0.0003,768,3.214056219552046e-16,muon,1769472,0.0003142573512618182,3.8839457535081626e-15,16,diagnostic-natural-muon,"[2304, 768]",0.0006282474996841328,430.7642490817562,2,2,0.layers.7.mlp.Wi.weight,0.03686754278286527
resolved,0.0003121144821392703,cumulative,0.013039189438012138,755.6983136343772,0.0003,768,3.214056219552046e-16,muon,1769472,0.0003142573512618182,3.8839457535081626e-15,16,diagnostic-natural-muon,"[2304, 768]",0.0006282474996841328,430.7642490817562,2,2,0.layers.7.mlp.Wi.weight,0.03686754278286527
resolved,0.00044736617248347177,saved_segment,0.0077196852158073846,754.4808627621796,0.0003,768,9.32195326127811e-17,muon,884736,0.00045125509735144924,3.8820188647914584e-15,16,diagnostic-natural-muon,"[768, 1152]",0.0003644300801550111,448.7151676495688,2,2,0.layers.7.mlp.Wo.weight,0.03531166110002244
resolved,0.00044736617248347177,cumulative,0.0077196852158073846,754.4808627621796,0.0003,768,9.32195326127811e-17,muon,884736,0.00045125509735144924,3.8820188647914584e-15,16,diagnostic-natural-muon,"[768, 1152]",0.0003644300801550111,448.7151676495688,2,2,0.layers.7.mlp.Wo.weight,0.03531166110002244
resolved,0.0004601491019466372,saved_segment,0.007480692117968594,736.5336737322211,0.0003,768,6.184003794580522e-17,muon,589824,0.00046328010621200793,3.729806761993614e-15,16,diagnostic-natural-muon,"[768, 768]",0.0003626338175121168,425.546436403151,2,2,0.layers.8.attn.Wo.weight,0.0373329189305992
resolved,0.0004601491019466372,cumulative,0.007480692117968594,736.5336737322211,0.0003,768,6.184003794580522e-17,muon,589824,0.00046328010621200793,3.729806761993614e-15,16,diagnostic-natural-muon,"[768, 768]",0.0003626338175121168,425.546436403151,2,2,0.layers.8.attn.Wo.weight,0.0373329189305992
resolved,0.0001087430684785245,saved_segment,0.013680401663146958,753.9570658704016,0.0003,768,3.2137942571057574e-16,muon,1769472,0.00010919884640164813,3.9463558236916526e-15,16,diagnostic-natural-muon,"[2304, 768]",0.0006281962942164466,474.24958232109117,2,2,0.layers.8.attn.Wqkv.weight,0.033578064503326
resolved,0.0001087430684785245,cumulative,0.013680401663146958,753.9570658704016,0.0003,768,3.2137942571057574e-16,muon,1769472,0.00010919884640164813,3.9463558236916526e-15,16,diagnostic-natural-muon,"[2304, 768]",0.0006281962942164466,474.24958232109117,2,2,0.layers.8.attn.Wqkv.weight,0.033578064503326
resolved,0.0008258880240912156,saved_segment,0.013092455108359241,755.4704938887901,0.0003,768,3.213091548226408e-16,muon,1769472,0.0008303350128840593,3.859666798675225e-15,16,diagnostic-natural-muon,"[2304, 768]",0.0006280589366015512,434.55163455749596,2,2,0.layers.8.mlp.Wi.weight,0.03660144876643992
resolved,0.0008258880240912156,cumulative,0.013092455108359241,755.4704938887901,0.0003,768,3.213091548226408e-16,muon,1769472,0.0008303350128840593,3.859666798675225e-15,16,diagnostic-natural-muon,"[2304, 768]",0.0006280589366015512,434.55163455749596,2,2,0.layers.8.mlp.Wi.weight,0.03660144876643992
resolved,0.0003760669569281699,saved_segment,0.007707138766999334,754.3733214463991,0.0003,768,9.328881224235682e-17,muon,884736,0.00037973869824996264,3.7731325471251504e-15,16,diagnostic-natural-muon,"[768, 1152]",0.0003647009201844743,446.5937479063768,2,2,0.layers.8.mlp.Wo.weight,0.035426766673119475
resolved,0.0003760669569281699,cumulative,0.007707138766999334,754.3733214463991,0.0003,768,9.328881224235682e-17,muon,884736,0.00037973869824996264,3.7731325471251504e-15,16,diagnostic-natural-muon,"[768, 1152]",0.0003647009201844743,446.5937479063768,2,2,0.layers.8.mlp.Wo.weight,0.035426766673119475
resolved,0.0001777896390564293,saved_segment,0.007443345857801152,730.2132804982896,0.0003,768,6.192377518526455e-17,muon,589824,0.00017886154019251135,3.708938604508814e-15,16,diagnostic-natural-muon,"[768, 768]",0.00036312485787725495,420.16941759837215,2,2,0.layers.9.attn.Wo.weight,0.03783530419122621
resolved,0.0001777896390564293,cumulative,0.007443345857801152,730.2132804982896,0.0003,768,6.192377518526455e-17,muon,589824,0.00017886154019251135,3.708938604508814e-15,16,diagnostic-natural-muon,"[768, 768]",0.00036312485787725495,420.16941759837215,2,2,0.layers.9.attn.Wo.weight,0.03783530419122621
resolved,9.512871926455093e-05,saved_segment,0.013914195389194887,754.773177350265,0.0003,768,3.2158338432193976e-16,muon,1769472,9.548871064873611e-05,4.118061602404298e-15,16,diagnostic-natural-muon,"[2304, 768]",0.0006285949695316106,489.97553176346185,2,2,0.layers.9.attn.Wqkv.weight,0.032519347123984695
resolved,9.512871926455093e-05,cumulative,0.013914195389194887,754.773177350265,0.0003,768,3.2158338432193976e-16,muon,1769472,9.548871064873611e-05,4.118061602404298e-15,16,diagnostic-natural-muon,"[2304, 768]",0.0006285949695316106,489.97553176346185,2,2,0.layers.9.attn.Wqkv.weight,0.032519347123984695
resolved,0.0004569466785653375,saved_segment,0.013083851039852004,755.5990109518797,0.0003,768,3.222370597192354e-16,muon,1769472,0.00046105211593732635,3.9394458653322245e-15,16,diagnostic-natural-muon,"[2304, 768]",0.000629872700554042,431.48490817799075,2,2,0.layers.9.mlp.Wi.weight,0.03666480883073607
resolved,0.0004569466785653375,cumulative,0.013083851039852004,755.5990109518797,0.0003,768,3.222370597192354e-16,muon,1769472,0.00046105211593732635,3.9394458653322245e-15,16,diagnostic-natural-muon,"[2304, 768]",0.000629872700554042,431.48490817799075,2,2,0.layers.9.mlp.Wi.weight,0.03666480883073607
resolved,0.000287927403886584,saved_segment,0.007704024713873278,754.356966422737,0.0003,768,9.351432051289651e-17,muon,884736,0.0002916129868731496,3.825963678758727e-15,16,diagnostic-natural-muon,"[768, 1152]",0.0003655825165066717,444.08335827361606,2,2,0.layers.9.mlp.Wo.weight,0.03541276429883231
resolved,0.000287927403886584,cumulative,0.007704024713873278,754.356966422737,0.0003,768,9.351432051289651e-17,muon,884736,0.0002916129868731496,3.825963678758727e-15,16,diagnostic-natural-muon,"[768, 1152]",0.0003655825165066717,444.08335827361606,2,2,0.layers.9.mlp.Wo.weight,0.03541276429883231
resolved,0.00018320384784586237,saved_segment,0.0037141735634478113,730.0837226029498,0.0003,768,3.084276103432305e-17,muon,589824,0.00018389386560065994,3.8849967956976706e-15,16,diagnostic-natural-muon,"[768, 768]",0.00018086386341309186,421.71668297542,3,3,0.layers.0.attn.Wo.weight,0.03779204497333171
resolved,0.00016994547051872876,cumulative,0.009823214610015086,718.041843826265,0.0003,768,8.399216077819434e-17,muon,589824,0.00017379959147459736,3.76936887069968e-15,16,diagnostic-natural-muon,"[768, 768]",0.0004925352395608318,397.77056983343823,3,3,0.layers.0.attn.Wo.weight,0.03925704205682622
resolved,0.0001764850769033153,saved_segment,0.006849743302629163,752.9015912433052,0.0003,768,1.6035973471089989e-16,muon,1769472,0.00017696154402637384,4.064232630998434e-15,16,diagnostic-natural-muon,"[2304, 768]",0.0003134531430074828,477.5329407228782,3,3,0.layers.0.attn.Wqkv.weight,0.03340825916287936
resolved,0.0007265520430570098,cumulative,0.018231654833219563,754.1276912546205,0.0003,768,4.385163405682807e-16,muon,1769472,0.0007402928686283043,3.961498127838292e-15,16,diagnostic-natural-muon,"[2304, 768]",0.0008571623385326313,452.40356449159253,3,3,0.layers.0.attn.Wqkv.weight,0.034600937159915066
resolved,0.00013490856072700974,saved_segment,0.006649209992292408,754.1783326279879,0.0003,768,1.6080421684807029e-16,muon,1769472,0.00013560527530018392,3.870272332902218e-15,16,diagnostic-natural-muon,"[2304, 768]",0.00031432196661309626,447.49751873616043,3,3,0.layers.0.mlp.Wi.weight,0.03554393911727212
resolved,0.000287726920379286,cumulative,0.017569519868949883,755.730332263912,0.0003,768,4.262595309959819e-16,muon,1769472,0.0002943573794766884,3.929758374063184e-15,16,diagnostic-natural-muon,"[2304, 768]",0.0008332041080540913,444.64865387173705,3,3,0.layers.0.mlp.Wi.weight,0.03510841964197306
resolved,0.00023724827250257253,saved_segment,0.003909183471699985,754.163532578772,0.0003,768,4.718022065424543e-17,muon,884736,0.00024173133973495032,3.792123026159279e-15,16,diagnostic-natural-muon,"[768, 1152]",0.00018444515985912977,449.1977595852385,3,3,0.layers.0.mlp.Wo.weight,0.034554410515545995
resolved,0.0008810959865896679,cumulative,0.010216050710104417,750.727378941282,0.0003,768,1.26193988585625e-16,muon,884736,0.0009085619680223742,3.790166350749741e-15,16,diagnostic-natural-muon,"[768, 1152]",0.0004933395833078276,428.8191332575316,3,3,0.layers.0.mlp.Wo.weight,0.035812562306036515
resolved,0.0005185795267268989,saved_segment,0.003724321781365954,734.0502242623338,0.0003,768,3.0879809811668395e-17,muon,589824,0.0005211836682543536,3.828251788205067e-15,16,diagnostic-natural-muon,"[768, 768]",0.00018108111974101768,423.0074840925841,3,3,0.layers.1.attn.Wo.weight,0.03762667778120863
resolved,0.0007037577646214886,cumulative,0.009789573355345972,722.3374656188516,0.0003,768,8.355738882490177e-17,muon,589824,0.0007217965673163617,3.7157935827775806e-15,16,diagnostic-natural-muon,"[768, 768]",0.0004899857098644261,399.17258035764456,3,3,0.layers.1.attn.Wo.weight,0.038797791739084514
resolved,3.1841164358092676e-05,saved_segment,0.006966612888195181,753.2853413609257,0.0003,768,1.609471808958472e-16,muon,1769472,3.1990363450635165e-05,4.073431192832638e-15,16,diagnostic-natural-muon,"[2304, 768]",0.0003146014166271134,490.367873952995,3,3,0.layers.1.attn.Wqkv.weight,0.032463682568205095
resolved,0.0001994110958449613,cumulative,0.018491101573970634,754.8307906486672,0.0003,768,4.389992001841361e-16,muon,1769472,0.00020290900318309716,3.8183745001778705e-15,16,diagnostic-natural-muon,"[2304, 768]",0.0008581061781099049,464.3479268637325,3,3,0.layers.1.attn.Wqkv.weight,0.03380445989227362
resolved,0.0010861821142824541,saved_segment,0.006429292814877045,755.5527328161912,0.0003,768,1.599973050277353e-16,muon,1769472,0.0011119412848924334,3.929795005887245e-15,16,diagnostic-natural-muon,"[2304, 768]",0.0003127447062947883,422.6165270004029,3,3,0.layers.1.mlp.Wi.weight,0.03707931296008616
resolved,0.0007868090615941918,cumulative,0.017212571307769927,755.1670096664017,0.0003,768,4.268248298118074e-16,muon,1769472,0.0008124749670256545,3.856144887000868e-15,16,diagnostic-natural-muon,"[2304, 768]",0.0008343090904917236,425.6352164563815,3,3,0.layers.1.mlp.Wi.weight,0.036133760285966224
resolved,0.00027579539768592256,saved_segment,0.0038507009279503757,754.4111978275154,0.0003,768,4.6717240890295416e-17,muon,884736,0.00027891316945597713,3.665945822677776e-15,16,diagnostic-natural-muon,"[768, 1152]",0.00018263519849419455,444.5397667661723,3,3,0.layers.1.mlp.Wo.weight,0.03546682782424853
resolved,0.0009789793646272807,cumulative,0.01016970074034337,751.2791691233446,0.0003,768,1.240275686314484e-16,muon,884736,0.001000057342487259,3.699780161133139e-15,16,diagnostic-natural-muon,"[768, 1152]",0.0004848702360002253,439.9114799600204,3,3,0.layers.1.mlp.Wo.weight,0.0355356355602329
resolved,0.00040397531901049385,saved_segment,0.003729570275214432,732.764134927327,0.0003,768,3.098338434445931e-17,muon,589824,0.0004069739409356124,3.729115748977584e-15,16,diagnostic-natural-muon,"[768, 768]",0.0001816884872244581,421.36918469620514,3,3,0.layers.10.attn.Wo.weight,0.037661041065620016
resolved,0.0009153824260733175,cumulative,0.009852986900063183,721.5347020856505,0.0003,768,8.33066845589452e-17,muon,589824,0.0009321038439637128,3.862319214316976e-15,16,diagnostic-natural-muon,"[768, 768]",0.0004885155645014805,406.79817908290903,3,3,0.layers.10.attn.Wo.weight,0.03858677021472831
resolved,0.00022024800839444357,saved_segment,0.0068484457522182685,753.91174226487,0.0003,768,1.6080504844931723e-16,muon,1769472,0.00022127610900473806,3.979620518965381e-15,16,diagnostic-natural-muon,"[2304, 768]",0.00031432359213352416,474.71185985564676,3,3,0.layers.10.attn.Wqkv.weight,0.03352260754040587
resolved,0.0008322702253535818,cumulative,0.018258359008230984,754.8881367912945,0.0003,768,4.3875021047957876e-16,muon,1769472,0.0008482985660177689,3.879990851850941e-15,16,diagnostic-natural-muon,"[2304, 768]",0.0008576194810870476,453.24623921938974,3,3,0.layers.10.attn.Wqkv.weight,0.034507313119830546
resolved,0.00011110895787225543,saved_segment,0.006623089321986526,754.8128030166295,0.0003,768,1.6081246837770513e-16,muon,1769472,0.00011167131723328728,3.925486223425586e-15,16,diagnostic-natural-muon,"[2304, 768]",0.00031433809577359484,443.9429754492114,3,3,0.layers.10.mlp.Wi.weight,0.03585190566849974
resolved,0.0006787809875839424,cumulative,0.01771870082775638,755.6361052128387,0.0003,768,4.28763734095087e-16,muon,1769472,0.0006911768471524828,3.8843938253474405e-15,16,diagnostic-natural-muon,"[2304, 768]",0.0008380990421443647,446.96453216431485,3,3,0.layers.10.mlp.Wi.weight,0.03507788792243914
resolved,0.0009395168683683174,saved_segment,0.0038689196178455882,754.3749103506799,0.0003,768,4.6734831072165197e-17,muon,884736,0.0009503339490180372,3.735719468374861e-15,16,diagnostic-natural-muon,"[768, 1152]",0.00018270396510575195,448.4184448320272,3,3,0.layers.10.mlp.Wo.weight,0.03512736942507999
resolved,0.00046067959533008723,cumulative,0.010204654958021815,751.1066518071503,0.0003,768,1.2448608187229368e-16,muon,884736,0.00046917183986367145,3.810930654579491e-15,16,diagnostic-natural-muon,"[768, 1152]",0.00048666273605284276,439.683798329793,3,3,0.layers.10.mlp.Wo.weight,0.03565254442867124
resolved,0.00013597013136495525,saved_segment,0.003723432914649607,729.8524438484397,0.0003,768,3.097861213740864e-17,muon,589824,0.00013693437492995307,3.842542912865386e-15,16,diagnostic-natural-muon,"[768, 768]",0.0001816605027063655,420.1129256615819,3,3,0.layers.11.attn.Wo.weight,0.03779944353594264
resolved,0.00038955667678903047,cumulative,0.009834741646040509,718.4420622226327,0.0003,768,8.384570993059812e-17,muon,589824,0.0003973658904732481,3.901662688913407e-15,16,diagnostic-natural-muon,"[768, 768]",0.0004916764427084067,400.0986719358695,3,3,0.layers.11.attn.Wo.weight,0.03920318458800818
resolved,0.00019926969468874633,saved_segment,0.0068381240729615935,753.9597937773476,0.0003,768,1.607811202628878e-16,muon,1769472,0.0002001973697630828,3.9910251419539286e-15,16,diagnostic-natural-muon,"[2304, 768]",0.0003142768200104828,473.42289057768176,3,3,0.layers.11.attn.Wqkv.weight,0.033615150285016944
resolved,0.0011376528141469906,cumulative,0.018216691133961484,754.8537735791991,0.0003,768,4.372131546029523e-16,muon,1769472,0.0011592798238159478,3.966586565473247e-15,16,diagnostic-natural-muon,"[2304, 768]",0.0008546150174267947,454.3577598857914,3,3,0.layers.11.attn.Wqkv.weight,0.03444296595706519
resolved,0.00023831564064521717,saved_segment,0.006664677498073029,754.5117322780959,0.0003,768,1.6083230503835486e-16,muon,1769472,0.00023938453323359222,3.979577320792401e-15,16,diagnostic-natural-muon,"[2304, 768]",0.0003143768702430004,449.42487431432454,3,3,0.layers.11.mlp.Wi.weight,0.035416753627090056
resolved,0.000858059449074501,cumulative,0.01779105548417242,755.4485556039235,0.0003,768,4.3157666583990283e-16,muon,1769472,0.0008759473956095011,3.933727639941236e-15,16,diagnostic-natural-muon,"[2304, 768]",0.0008435974442093696,444.76736946859046,3,3,0.layers.11.mlp.Wi.weight,0.03507514197734859
resolved,0.0002407192927796166,saved_segment,0.003674544749048558,725.983716563611,0.0003,768,4.666761906427276e-17,muon,884736,0.00024234959827545592,3.82526828537011e-15,16,diagnostic-natural-muon,"[768, 1152]",0.00018244120818413807,405.6590806232498,3,3,0.layers.11.mlp.Wo.weight,0.03915438264516197
resolved,0.0001345005856622483,cumulative,0.009889457220050607,722.0085379509699,0.0003,768,1.30475676102523e-16,muon,884736,0.00013704408468845111,3.7212796160442574e-15,16,diagnostic-natural-muon,"[768, 1152]",0.0005100783040592327,375.89903380916337,3,3,0.layers.11.mlp.Wo.weight,0.04164864038043822
resolved,0.000375314287597052,saved_segment,0.0036952810513850407,723.6214200068237,0.0003,768,3.099194245605871e-17,muon,589824,0.0003777541559751228,3.705407559292157e-15,16,diagnostic-natural-muon,"[768, 768]",0.0001817386725216066,413.42834327743753,3,3,0.layers.12.attn.Wo.weight,0.038427182133304254
resolved,0.0015705182317897605,cumulative,0.009789028572130473,713.1231777892215,0.0003,768,8.435020153872718e-17,muon,589824,0.0016022131467475535,3.842774111780762e-15,16,diagnostic-natural-muon,"[768, 768]",0.0004946348127844244,391.66055417376083,3,3,0.layers.12.attn.Wo.weight,0.03991562460020675
resolved,0.00030145431160664776,saved_segment,0.0069795938814271735,754.5937938624452,0.0003,768,1.6085028783734743e-16,muon,1769472,0.000302729945068659,4.019741744846121e-15,16,diagnostic-natural-muon,"[2304, 768]",0.0003144120209924978,492.7901541951865,3,3,0.layers.12.attn.Wqkv.weight,0.032306720167357514
resolved,0.0009164997424515855,cumulative,0.018733215434452197,755.027243919012,0.0003,768,4.453535170655082e-16,muon,1769472,0.0009306384197151186,3.931871304443954e-15,16,diagnostic-natural-muon,"[2304, 768]",0.0008705268808612684,463.0845404886627,3,3,0.layers.12.attn.Wqkv.weight,0.033969154305213696
resolved,0.00011401249834017404,saved_segment,0.006641489835571062,754.7539272138347,0.0003,768,1.6074467252482873e-16,muon,1769472,0.00011456756284172391,4.04990206802892e-15,16,diagnostic-natural-muon,"[2304, 768]",0.0003142055760783902,446.78979874346174,3,3,0.layers.12.mlp.Wi.weight,0.03562929741895001
resolved,0.0010716291547190231,cumulative,0.017716969647484374,755.5291300356417,0.0003,768,4.2806896769581954e-16,muon,1769472,0.0010884070575421275,3.924746764677625e-15,16,diagnostic-natural-muon,"[2304, 768]",0.0008367409910606622,448.3289587689238,3,3,0.layers.12.mlp.Wi.weight,0.035105612619613466
resolved,0.0002174738510220457,saved_segment,0.0038781183663368205,754.4063916713245,0.0003,768,4.657199275588557e-17,muon,884736,0.00021919622319859023,3.831987178587329e-15,16,diagnostic-natural-muon,"[768, 1152]",0.0001820673691157185,453.7095150616622,3,3,0.layers.12.mlp.Wo.weight,0.03494899362483062
resolved,0.0006279444220840995,cumulative,0.010197738529989958,750.792014934804,0.0003,768,1.2440473209091837e-16,muon,884736,0.0006394721541353425,3.81222661636958e-15,16,diagnostic-natural-muon,"[768, 1152]",0.0004863447092775924,439.6624274996584,3,3,0.layers.12.mlp.Wo.weight,0.03567402293511928
resolved,0.0007347055561757637,saved_segment,0.003710363562848051,726.755707745262,0.0003,768,3.100323099294158e-17,muon,589824,0.0007400525124935591,3.767416956587694e-15,16,diagnostic-natural-muon,"[768, 768]",0.00018180486920194415,416.50662298567204,3,3,0.layers.13.attn.Wo.weight,0.03809682731255593
resolved,0.0009804910839327288,cumulative,0.0098030235309264,716.8649310102742,0.0003,768,8.412930964735968e-17,muon,589824,0.0010046589214206577,3.8211841280294905e-15,16,diagnostic-natural-muon,"[768, 768]",0.0004933394890348778,394.8465347180846,3,3,0.layers.13.attn.Wo.weight,0.03945306909602278
resolved,0.00017933996430930289,saved_segment,0.006849420119761002,753.9761255092768,0.0003,768,1.607580748684327e-16,muon,1769472,0.00018018374553736065,4.109558001310779e-15,16,diagnostic-natural-muon,"[2304, 768]",0.000314231773469736,475.1244909292437,3,3,0.layers.13.attn.Wqkv.weight,0.03349554419946429
resolved,0.0004549862264749643,cumulative,0.018253575321665803,754.8235628160029,0.0003,768,4.3864397722679576e-16,muon,1769472,0.0004636792725777883,3.911052633573753e-15,16,diagnostic-natural-muon,"[2304, 768]",0.0008574118282929296,453.2282204439539,3,3,0.layers.13.attn.Wqkv.weight,0.034458963891673945
resolved,0.0004026442770394111,saved_segment,0.006621490131664221,754.9459708213813,0.0003,768,1.609814527296522e-16,muon,1769472,0.00040515732349708503,3.897840357625858e-15,16,diagnostic-natural-muon,"[2304, 768]",0.00031466840734671126,442.79752857797047,3,3,0.layers.13.mlp.Wi.weight,0.035863023681280234
resolved,0.0006614807944651679,cumulative,0.017606644395160572,755.510148799117,0.0003,768,4.2775751036611447e-16,muon,1769472,0.0006742047124556445,3.95004128353452e-15,16,diagnostic-natural-muon,"[2304, 768]",0.0008361321893618768,443.40777004354004,3,3,0.layers.13.mlp.Wi.weight,0.03528244352971681
resolved,0.0008134518405029471,saved_segment,0.0038760553877596787,754.372549657344,0.0003,768,4.668687428567627e-17,muon,884736,0.0008212571283652748,3.7945045053336215e-15,16,diagnostic-natural-muon,"[768, 1152]",0.00018251648405908407,450.99918867866467,3,3,0.layers.13.mlp.Wo.weight,0.03504929408532824
resolved,0.0011622353035864903,cumulative,0.010173141830086462,750.6942703660083,0.0003,768,1.2416444394341279e-16,muon,884736,0.0011860606357143296,3.690027533695702e-15,16,diagnostic-natural-muon,"[768, 1152]",0.00048540533287866203,439.2392202178115,3,3,0.layers.13.mlp.Wo.weight,0.035561514258525856
resolved,0.00023388707037660876,saved_segment,0.003692275658378558,722.773980493799,0.0003,768,3.1015322138725883e-17,muon,589824,0.00023551371201931305,3.809306593923064e-15,16,diagnostic-natural-muon,"[768, 768]",0.00018187577243065336,412.1340840612532,3,3,0.layers.14.attn.Wo.weight,0.03854029792097316
resolved,0.0006412732712644951,cumulative,0.009815708628450253,715.1316834049939,0.0003,768,8.457363204186651e-17,muon,589824,0.0006567422830605102,3.88576713844659e-15,16,diagnostic-natural-muon,"[768, 768]",0.0004959450231108326,391.7204490025435,3,3,0.layers.14.attn.Wo.weight,0.039771626335391816
resolved,0.00015966935048231361,saved_segment,0.006861102842764684,753.9419381734277,0.0003,768,1.6084030294790951e-16,muon,1769472,0.0001604357397949565,4.0093244579076666e-15,16,diagnostic-natural-muon,"[2304, 768]",0.0003143925036555395,476.25932687007963,3,3,0.layers.14.attn.Wqkv.weight,0.03341297041731318
resolved,0.0007604194793959199,cumulative,0.018249672444627506,754.8418004747925,0.0003,768,4.386896962452812e-16,muon,1769472,0.0007745822783281225,3.998833764550714e-15,16,diagnostic-natural-muon,"[2304, 768]",0.0008575011946794812,452.9400046823448,3,3,0.layers.14.attn.Wqkv.weight,0.03452421928435615
resolved,0.00024112396616526567,saved_segment,0.006636901896005724,754.7501982788068,0.0003,768,1.60802960103544e-16,muon,1769472,0.00024245046825981245,3.9652784334533466e-15,16,diagnostic-natural-muon,"[2304, 768]",0.00031431951007048327,445.84933017114304,3,3,0.layers.14.mlp.Wi.weight,0.03567857296744474
resolved,0.0001824791482955555,cumulative,0.01759673814928029,755.326747388326,0.0003,768,4.259596308197284e-16,muon,1769472,0.0001855437560577436,3.919764287487576e-15,16,diagnostic-natural-muon,"[2304, 768]",0.0008326178969768241,446.65567832522726,3,3,0.layers.14.mlp.Wi.weight,0.035192000970052366
resolved,0.0007443299200161394,saved_segment,0.0038827447883428338,754.298683952611,0.0003,768,4.6675948970979714e-17,muon,884736,0.0007511652333857454,3.8933667256502685e-15,16,diagnostic-natural-muon,"[768, 1152]",0.00018247377291047615,452.76910753300785,3,3,0.layers.14.mlp.Wo.weight,0.03494001156443549
resolved,0.0008388268846952218,cumulative,0.010202682172011285,750.6053411004066,0.0003,768,1.2472819469775782e-16,muon,884736,0.0008558696820675669,3.6859237497373194e-15,16,diagnostic-natural-muon,"[768, 1152]",0.0004876092458015771,437.8091684303504,3,3,0.layers.14.mlp.Wo.weight,0.03574286669717133
resolved,0.00045292356165361054,saved_segment,0.0036758387698193145,721.7486960665019,0.0003,768,3.097779536686636e-17,muon,589824,0.00045595075897742425,3.8589166083172664e-15,16,diagnostic-natural-muon,"[768, 768]",0.00018165571311325366,409.4631149299229,3,3,0.layers.15.attn.Wo.weight,0.03878084853124799
resolved,0.0008304985254503497,cumulative,0.00980825695597421,713.8092536398441,0.0003,768,8.41338606983657e-17,muon,589824,0.0008481484133344338,3.871490965656479e-15,16,diagnostic-natural-muon,"[768, 768]",0.0004933661766802096,395.2254701019074,3,3,0.layers.15.attn.Wo.weight,0.03961424813446851
resolved,0.0002663077125035635,saved_segment,0.006926275369464848,754.5093211517119,0.0003,768,1.607148428353998e-16,muon,1769472,0.00026734000516555947,4.153288219959313e-15,16,diagnostic-natural-muon,"[2304, 768]",0.000314147268362159,486.10818353051354,3,3,0.layers.15.attn.Wqkv.weight,0.03277621668563023
resolved,0.0005808060998783374,cumulative,0.018369960850695723,754.8170698160916,0.0003,768,4.3869224993720255e-16,muon,1769472,0.0005902863562129501,3.99809952457259e-15,16,diagnostic-natural-muon,"[2304, 768]",0.0008575061863487456,458.92523371157546,3,3,0.layers.15.attn.Wqkv.weight,0.03428730046584411
resolved,0.00039117062897159034,saved_segment,0.006661336905416107,754.4238492856002,0.0003,768,1.6069642026440932e-16,muon,1769472,0.00039313275869190555,3.925481203996622e-15,16,diagnostic-natural-muon,"[2304, 768]",0.00031411125799590557,449.73407512505986,3,3,0.layers.15.mlp.Wi.weight,0.035370753891785414
resolved,0.0002617705338905905,cumulative,0.01770333775857495,755.3143606568883,0.0003,768,4.2889397280403486e-16,muon,1769472,0.00026658394036367184,4.16975609610394e-15,16,diagnostic-natural-muon,"[2304, 768]",0.0008383536180996975,445.9188430483869,3,3,0.layers.15.mlp.Wi.weight,0.035196520248052435
resolved,0.00016740840368010412,saved_segment,0.0038789748226123765,748.6499942974802,0.0003,768,4.665288339865499e-17,muon,884736,0.0001684575590644778,3.699486770018717e-15,16,diagnostic-natural-muon,"[768, 1152]",0.00018238360094613004,452.3372457083362,3,3,0.layers.15.mlp.Wo.weight,0.0351402391628538
resolved,0.000944018613561668,cumulative,0.010333826055846896,745.5235468197685,0.0003,768,1.2878704651514286e-16,muon,884736,0.0009621392681063584,3.810442361843193e-15,16,diagnostic-natural-muon,"[768, 1152]",0.0005034768183122778,421.2727191661236,3,3,0.layers.15.mlp.Wo.weight,0.03715306719187979
resolved,0.00015010456148355523,saved_segment,0.003700181335467474,725.3153219942858,0.0003,768,3.10437148035383e-17,muon,589824,0.00015128839287161512,3.8626095647948614e-15,16,diagnostic-natural-muon,"[768, 768]",0.00018204226877787896,413.1440831554878,3,3,0.layers.16.attn.Wo.weight,0.03838931033577588
resolved,0.0005278461038040761,cumulative,0.009890186100340072,716.6278972786329,0.0003,768,8.478975408189596e-17,muon,589824,0.0005419703722446129,3.774964989116995e-15,16,diagnostic-natural-muon,"[768, 768]",0.0004972123761563316,395.6626605280796,3,3,0.layers.16.attn.Wo.weight,0.039158068164942134
resolved,0.00014239476500997882,saved_segment,0.006980796222891601,754.9403075991241,0.0003,768,1.6081549161249883e-16,muon,1769472,0.00014294167906481886,4.243076427966427e-15,16,diagnostic-natural-muon,"[2304, 768]",0.0003143440052523667,493.17330015917963,3,3,0.layers.16.attn.Wqkv.weight,0.032309867834076536
resolved,0.00028306919817563904,cumulative,0.018688139254015267,755.3875225267942,0.0003,768,4.4391084742454303e-16,muon,1769472,0.00028760610852533074,3.975375912316523e-15,16,diagnostic-natural-muon,"[2304, 768]",0.0008677069127807696,463.8590224495975,3,3,0.layers.16.attn.Wqkv.weight,0.03387385213129751
resolved,0.000729350629558015,saved_segment,0.006658474053978438,754.6744658580011,0.0003,768,1.6068269034272551e-16,muon,1769472,0.0007325776520607851,3.891084470989235e-15,16,diagnostic-natural-muon,"[2304, 768]",0.0003140844202918348,449.4243870617787,3,3,0.layers.16.mlp.Wi.weight,0.03542400976701584
resolved,0.0008693476506131138,cumulative,0.017676293776080425,755.2685177038737,0.0003,768,4.278496497726947e-16,muon,1769472,0.0008850383892258251,3.926247287252666e-15,16,diagnostic-natural-muon,"[2304, 768]",0.0008363122930932748,446.7303519073787,3,3,0.layers.16.mlp.Wi.weight,0.03509641678924663
resolved,0.0011568682089115392,saved_segment,0.003897739788372707,754.3553460748574,0.0003,768,4.660905329494809e-17,muon,884736,0.001165520968572083,3.7204724797759965e-15,16,diagnostic-natural-muon,"[768, 1152]",0.0001822122526486283,457.5836838602694,3,3,0.layers.16.mlp.Wo.weight,0.03467083674901054
resolved,0.000954755132767748,cumulative,0.010296223599630335,750.9263334219155,0.0003,768,1.251541968406527e-16,muon,884736,0.0009709868410768429,3.7311033286330725e-15,16,diagnostic-natural-muon,"[768, 1152]",0.0004892746477911608,442.8437348824334,3,3,0.layers.16.mlp.Wo.weight,0.035434384292880636
resolved,0.0005985162721379505,saved_segment,0.0036711977659337207,719.5310522549157,0.0003,768,3.104505191544351e-17,muon,589824,0.0006029600403550113,3.743570249247588e-15,16,diagnostic-natural-muon,"[768, 768]",0.00018205010968501184,406.6620737112467,3,3,0.layers.17.attn.Wo.weight,0.03905339981279348
resolved,0.0015123563426547512,cumulative,0.009769968384762828,711.5570563086183,0.0003,768,8.456630073773021e-17,muon,589824,0.001547810248989302,3.881231824043606e-15,16,diagnostic-natural-muon,"[768, 768]",0.000495902031888728,388.1454872332786,3,3,0.layers.17.attn.Wo.weight,0.04009606205931609
resolved,0.00013886161537197308,saved_segment,0.006943155050180458,754.900155617251,0.0003,768,1.6077622769924414e-16,muon,1769472,0.00013939479231323538,4.0246313963132844e-15,16,diagnostic-natural-muon,"[2304, 768]",0.00031426725657827687,488.1074752414121,3,3,0.layers.17.attn.Wqkv.weight,0.0326442728015064
resolved,0.0009748353435837826,cumulative,0.018528669587001802,754.6963075743583,0.0003,768,4.426288794613919e-16,muon,1769472,0.0009920786029404504,3.892671180769498e-15,16,diagnostic-natural-muon,"[2304, 768]",0.0008652010662351323,458.62146964844555,3,3,0.layers.17.attn.Wqkv.weight,0.03420300672252125
resolved,0.00019916064120822477,saved_segment,0.006804315446637526,753.7402877150823,0.0003,768,1.6081661494871819e-16,muon,1769472,0.00020013134713574434,3.872127830228475e-15,16,diagnostic-natural-muon,"[2304, 768]",0.00031434620102345126,468.5462282068628,3,3,0.layers.17.mlp.Wi.weight,0.033951998230641385
resolved,0.001321693950693535,cumulative,0.01807579616522946,754.7505223326907,0.0003,768,4.34862226827871e-16,muon,1769472,0.0013426130048097163,3.907110683992115e-15,16,diagnostic-natural-muon,"[2304, 768]",0.0008500196886716597,452.20660365556836,3,3,0.layers.17.mlp.Wi.weight,0.03483091327753632
resolved,0.00028633968823895767,saved_segment,0.00391262222652312,752.7829153581547,0.0003,768,4.672144773980314e-17,muon,884736,0.00028844587254474107,3.7246864563377575e-15,16,diagnostic-natural-muon,"[768, 1152]",0.00018265164464512806,458.8689391307568,3,3,0.layers.17.mlp.Wo.weight,0.03457114815788024
resolved,0.0018464457859475615,cumulative,0.010407163491309221,749.0550585635991,0.0003,768,1.2824555375725986e-16,muon,884736,0.0018872889049100648,3.743653987010563e-15,16,diagnostic-natural-muon,"[768, 1152]",0.000501359920237082,430.88912088150875,3,3,0.layers.17.mlp.Wo.weight,0.03618630425180071
resolved,0.0006162838479017507,saved_segment,0.003638117443729941,712.4019697209721,0.0003,768,3.110617570415009e-17,muon,589824,0.0006219028321755159,4.004140314633776e-15,16,diagnostic-natural-muon,"[768, 768]",0.00018240854337256705,397.79844272500395,3,3,0.layers.18.attn.Wo.weight,0.039798700687515474
resolved,0.0013976310216012636,cumulative,0.009896029763598801,709.1911883467221,0.0003,768,8.546830374888336e-17,muon,589824,0.0014273113766712483,3.765696322988819e-15,16,diagnostic-natural-muon,"[768, 768]",0.0005011914334836712,389.86541182778114,3,3,0.layers.18.attn.Wo.weight,0.040074296341947126
resolved,0.00012376062616509668,saved_segment,0.006860598247980574,754.0411695189288,0.0003,768,1.607600735264644e-16,muon,1769472,0.00012434576334166472,4.038409916666901e-15,16,diagnostic-natural-muon,"[2304, 768]",0.0003142356802212841,476.6646927592004,3,3,0.layers.18.attn.Wqkv.weight,0.03338785305156143
resolved,0.0004971133785678133,cumulative,0.018174024920885795,754.4791652383842,0.0003,768,4.371319176200808e-16,muon,1769472,0.0005063021293465615,3.973041945861261e-15,16,diagnostic-natural-muon,"[2304, 768]",0.0008544562245249767,452.4000067615849,3,3,0.layers.18.attn.Wqkv.weight,0.0346372409449646
resolved,0.00012565837339643764,saved_segment,0.006893851411317758,754.0930118291358,0.0003,768,1.6074091550161528e-16,muon,1769472,0.0001262241180398261,4.045308607779937e-15,16,diagnostic-natural-muon,"[2304, 768]",0.0003141982322726853,481.41139116791857,3,3,0.layers.18.mlp.Wi.weight,0.033058356546367955
resolved,0.00041468171746197413,cumulative,0.01832267484137132,755.2466343948478,0.0003,768,4.3718105912425227e-16,muon,1769472,0.0004217646755586329,4.0546724663574486e-15,16,diagnostic-natural-muon,"[2304, 768]",0.0008545522808009641,459.72749013722137,3,3,0.layers.18.mlp.Wi.weight,0.03418135258029355
resolved,0.0003353250699452215,saved_segment,0.003922690311640788,753.0882269270543,0.0003,768,4.673354893776049e-17,muon,884736,0.0003378111121746172,3.830042794278501e-15,16,diagnostic-natural-muon,"[768, 1152]",0.00018269895276197827,460.9946971646837,3,3,0.layers.18.mlp.Wo.weight,0.0344299913804368
resolved,0.00042914182179553756,cumulative,0.010465749057060434,750.4798445686971,0.0003,768,1.2784259947293129e-16,muon,884736,0.00043844791638006163,3.788955224807809e-15,16,diagnostic-natural-muon,"[768, 1152]",0.0004997846209621258,438.50531134391997,3,3,0.layers.18.mlp.Wo.weight,0.035615899430109337
resolved,0.0006135852311889398,saved_segment,0.0035268744752100178,696.1330982432648,0.0003,768,3.1059420237327693e-17,muon,589824,0.0006187610152123807,3.80635968152304e-15,16,diagnostic-natural-muon,"[768, 768]",0.00018213436641558939,374.9697276576733,3,3,0.layers.19.attn.Wo.weight,0.042247817208191395
resolved,0.0019448290254614985,cumulative,0.009697665254195872,694.1232113517091,0.0003,768,8.60129147097097e-17,muon,589824,0.0019921817597456297,3.753175684698372e-15,16,diagnostic-natural-muon,"[768, 768]",0.0005043850659318996,369.666366994129,3,3,0.layers.19.attn.Wo.weight,0.04208690406495036
resolved,0.00017362553222784668,saved_segment,0.006917289713158079,754.9930086603187,0.0003,768,1.6060983940704594e-16,muon,1769472,0.00017424329031496608,4.120688283855831e-15,16,diagnostic-natural-muon,"[2304, 768]",0.0003139420194902809,485.4818916981832,3,3,0.layers.19.attn.Wqkv.weight,0.032827474654326505
resolved,0.0003368317822736808,cumulative,0.018637458784691238,755.0472951684285,0.0003,768,4.4305664743957006e-16,muon,1769472,0.00034226088686341977,3.977611548848306e-15,16,diagnostic-natural-muon,"[2304, 768]",0.0008660372188857938,463.12718971573656,3,3,0.layers.19.attn.Wqkv.weight,0.03399342784045269
resolved,5.487726723022982e-05,saved_segment,0.00675897228604598,753.9182770602956,0.0003,768,1.6065667915147302e-16,muon,1769472,5.513366083722688e-05,4.037543313539575e-15,16,diagnostic-natural-muon,"[2304, 768]",0.0003140335765456403,463.2433147390968,3,3,0.layers.19.mlp.Wi.weight,0.03436638345491294
resolved,0.0007999164785297625,cumulative,0.018074133685682916,755.4442173097359,0.0003,768,4.3562259833159828e-16,muon,1769472,0.0008156444952098802,3.907280711969626e-15,16,diagnostic-natural-muon,"[2304, 768]",0.0008515059772223755,450.5464568449721,3,3,0.layers.19.mlp.Wi.weight,0.034655013522286914
resolved,0.00037324717284603734,saved_segment,0.003914570358936276,754.1931891194502,0.0003,768,4.6709175956844884e-17,muon,884736,0.00037584868764977726,3.756678828698234e-15,16,diagnostic-natural-muon,"[768, 1152]",0.0001826036696475951,459.5673902580123,3,3,0.layers.19.mlp.Wo.weight,0.03455901390006967
resolved,0.0010511682417686608,cumulative,0.010499329667763659,752.1977885118321,0.0003,768,1.274843781459821e-16,muon,884736,0.00107631493867388,3.7858180634426845e-15,16,diagnostic-natural-muon,"[768, 1152]",0.0004983841995779552,443.80747632999976,3,3,0.layers.19.mlp.Wo.weight,0.034975032285255926
resolved,0.0002715635261062463,saved_segment,0.0037268045702617296,736.3705131422718,0.0003,768,3.088809572166401e-17,muon,589824,0.00027317380892109144,3.736984804442886e-15,16,diagnostic-natural-muon,"[768, 768]",0.00018112970883108108,423.344440489703,3,3,0.layers.2.attn.Wo.weight,0.037553198655965875
resolved,0.0015189878596506606,cumulative,0.009777699848594881,722.6796352605577,0.0003,768,8.273771120753111e-17,muon,589824,0.001547019382590507,3.778468156585442e-15,16,diagnostic-natural-muon,"[768, 768]",0.0004851790694840167,406.1339436552661,3,3,0.layers.2.attn.Wo.weight,0.03857024051015843
resolved,0.00037404357306368706,saved_segment,0.006983162904602109,754.4820669118317,0.0003,768,1.6081484617213335e-16,muon,1769472,0.00037550376658245394,4.062877045159298e-15,16,diagnostic-natural-muon,"[2304, 768]",0.00031434274361825666,493.51171689676596,3,3,0.layers.2.attn.Wqkv.weight,0.03228164319894249
resolved,0.0004994433089019056,cumulative,0.018537639083213788,755.153237701791,0.0003,768,4.4104191239759837e-16,muon,1769472,0.0005080568686572125,3.8520440198759534e-15,16,diagnostic-natural-muon,"[2304, 768]",0.000862099041809286,462.3751871609836,3,3,0.layers.2.attn.Wqkv.weight,0.033936979912911815
resolved,0.0032521886370980566,saved_segment,0.00641058624034933,755.8390028528087,0.0003,768,1.5975062311995454e-16,muon,1769472,0.0033441285167288832,3.894929142993375e-15,16,diagnostic-natural-muon,"[2304, 768]",0.00031226252029306937,421.45942747543245,3,3,0.layers.2.mlp.Wi.weight,0.03697863752983326
resolved,0.001436910961461589,cumulative,0.017128677771880138,755.3393257325665,0.0003,768,4.2445726099014345e-16,muon,1769472,0.0014789129369633734,3.886551326989761e-15,16,diagnostic-natural-muon,"[2304, 768]",0.0008296812336935379,426.2114814804152,3,3,0.layers.2.mlp.Wi.weight,0.03627219777651666
resolved,0.0003167421433788149,saved_segment,0.003845884079140761,754.5624848036598,0.0003,768,4.665716662071352e-17,muon,884736,0.0003198400882224563,3.774156135033023e-15,16,diagnostic-natural-muon,"[768, 1152]",0.00018240034566597963,444.5709343922983,3,3,0.layers.2.mlp.Wo.weight,0.03553672847585243
resolved,0.00017855391959103236,cumulative,0.010154275386667978,750.8422087379063,0.0003,768,1.242241072075696e-16,muon,884736,0.00018254264394508926,3.832594967218412e-15,16,diagnostic-natural-muon,"[768, 1152]",0.0004856385789326762,437.19130461095745,3,3,0.layers.2.mlp.Wo.weight,0.03571084582106981
resolved,0.0007343298161684082,saved_segment,0.0034108105317882825,675.6859917632361,0.0003,768,3.1043120512773425e-17,muon,589824,0.0007405694809858267,3.703412451491132e-15,16,diagnostic-natural-muon,"[768, 768]",0.0001820387838199789,351.0648431440925,3,3,0.layers.20.attn.Wo.weight,0.045159161110740774
resolved,0.0013584928715548617,cumulative,0.009479136755243013,677.1084783816707,0.0003,768,8.651603777868116e-17,muon,589824,0.0013931032481003013,3.723380851861114e-15,16,diagnostic-natural-muon,"[768, 768]",0.0005073354108094274,349.09789132715986,3,3,0.layers.20.attn.Wo.weight,0.044528339948103
resolved,0.00014788969430402023,saved_segment,0.006834982026623338,753.1658908255471,0.0003,768,1.6062612859254557e-16,muon,1769472,0.00014845305370534383,3.965759275148716e-15,16,diagnostic-natural-muon,"[2304, 768]",0.0003139738597549278,473.901158027461,3,3,0.layers.20.attn.Wqkv.weight,0.03360628389818741
resolved,0.0006703284984262027,cumulative,0.018650601407359666,754.1062298482169,0.0003,768,4.454107502000564e-16,muon,1769472,0.0006811547590062654,3.924120779667865e-15,16,diagnostic-natural-muon,"[2304, 768]",0.0008706387537446994,458.89116069150015,3,3,0.layers.20.attn.Wqkv.weight,0.03423211758598957
resolved,0.0001584612099518665,saved_segment,0.006917949848887352,754.3026941775788,0.0003,768,1.607816285475788e-16,muon,1769472,0.00015918183747446336,4.157303864356499e-15,16,diagnostic-natural-muon,"[2304, 768]",0.0003142778135481326,484.53747575585953,3,3,0.layers.20.mlp.Wi.weight,0.032857829620256705
resolved,0.0011750669944858923,cumulative,0.018659475153613984,755.6577933861091,0.0003,768,4.4197877593476813e-16,muon,1769472,0.001194100117741593,3.859058253745068e-15,16,diagnostic-natural-muon,"[2304, 768]",0.0008639303171030771,466.48901218431575,3,3,0.layers.20.mlp.Wi.weight,0.03369951009782586
resolved,0.0003097219331138575,saved_segment,0.00382839319773284,748.1365423989201,0.0003,768,4.66940140464275e-17,muon,884736,0.0003120614471849828,3.864943006919483e-15,16,diagnostic-natural-muon,"[768, 1152]",0.00018254439605896146,439.84135629792496,3,3,0.layers.20.mlp.Wo.weight,0.03610106263701564
resolved,0.0016983538670618384,cumulative,0.010480440218600619,747.998467449788,0.0003,768,1.283364059497545e-16,muon,884736,0.0017305070739549108,3.772244313607614e-15,16,diagnostic-natural-muon,"[768, 1152]",0.0005017150954977283,436.3597796280083,3,3,0.layers.20.mlp.Wo.weight,0.03587620461058656
resolved,0.0009240697759548767,saved_segment,0.0028961433812360504,557.282747378132,0.0003,768,3.106991054761358e-17,muon,589824,0.0009411918096739196,3.5565116597312465e-15,16,diagnostic-natural-muon,"[768, 768]",0.00018219588224566036,252.67542399556677,3,3,0.layers.21.attn.Wo.weight,0.062124859588282434
resolved,0.00046483893664380854,cumulative,0.008244527002559395,563.6613241956089,0.0003,768,8.777467731126316e-17,muon,589824,0.00048439697538722666,3.461906246838354e-15,16,diagnostic-natural-muon,"[768, 768]",0.0005147161510827738,256.5641060666414,3,3,0.layers.21.attn.Wo.weight,0.05908381338173685
resolved,8.930698881985525e-05,saved_segment,0.006897581418920739,754.7748858257064,0.0003,768,1.6056111175072856e-16,muon,1769472,8.963004172521281e-05,3.9969075173544975e-15,16,diagnostic-natural-muon,"[2304, 768]",0.00031384677215745387,483.0124647212614,3,3,0.layers.21.attn.Wqkv.weight,0.03299844135275923
resolved,0.0017379837985748994,cumulative,0.018701772226183962,755.3363331585264,0.0003,768,4.441557948961282e-16,muon,1769472,0.001766991822764714,3.950466421925032e-15,16,diagnostic-natural-muon,"[2304, 768]",0.000868185708502018,464.02380569380614,3,3,0.layers.21.attn.Wqkv.weight,0.033875489871440276
resolved,0.0006621625247543416,saved_segment,0.005299143769670942,614.7635499762249,0.0003,768,1.6026966225281724e-16,muon,1769472,0.000665325131031141,3.850526082291077e-15,16,diagnostic-natural-muon,"[2304, 768]",0.0003132770795141419,286.1239169892392,3,3,0.layers.21.mlp.Wi.weight,0.0556513436675061
resolved,0.0010705961061400072,cumulative,0.015118869817901387,621.709365190968,0.0003,768,4.608359039621012e-16,muon,1769472,0.001097916054375126,3.792125729008196e-15,16,diagnostic-natural-muon,"[2304, 768]",0.0009007901064942122,281.70297910691505,3,3,0.layers.21.mlp.Wi.weight,0.05525869959866543
resolved,0.001019319433854269,saved_segment,0.002358766779024422,435.9283108029842,0.0003,768,4.643051931392755e-17,muon,884736,0.0010292180292275953,3.3361041802047752e-15,16,diagnostic-natural-muon,"[768, 1152]",0.0001815142964243253,168.8683779534664,3,3,0.layers.21.mlp.Wo.weight,0.09381065886817201
resolved,0.003167726333934274,cumulative,0.006637962670399796,444.86502138830485,0.0003,768,1.3465751523051978e-16,muon,884736,0.0032805556469140723,3.1534398707052498e-15,16,diagnostic-natural-muon,"[768, 1152]",0.0005264266800475744,158.99879313883986,3,3,0.layers.21.mlp.Wo.weight,0.0967036948236756
resolved,0.000284808328424205,saved_segment,0.0037013078773276103,726.2387769819239,0.0003,768,3.090597918212445e-17,muon,589824,0.00028622505258917025,3.8474668799639695e-15,16,diagnostic-natural-muon,"[768, 768]",0.0001812345785522604,417.0885796787797,3,3,0.layers.3.attn.Wo.weight,0.038148036776945234
resolved,0.0006148955063729151,cumulative,0.009789263387942004,716.1038885098508,0.0003,768,8.382806145974611e-17,muon,589824,0.0006281801732306843,3.7323755008313586e-15,16,diagnostic-natural-muon,"[768, 768]",0.0004915729509808641,396.5738487529784,3,3,0.layers.3.attn.Wo.weight,0.03939315472023301
resolved,0.00014678097227312882,saved_segment,0.006954282725187629,753.7756595690055,0.0003,768,1.6064621009777191e-16,muon,1769472,0.0001472644764048244,3.974039677130058e-15,16,diagnostic-natural-muon,"[2304, 768]",0.0003140131128189271,490.46623819898724,3,3,0.layers.3.attn.Wqkv.weight,0.03251171930280882
resolved,0.0003804435389608985,cumulative,0.01860534113966467,754.6554310231714,0.0003,768,4.4166532587164997e-16,muon,1769472,0.00038575851588485495,3.8101839715479226e-15,16,diagnostic-natural-muon,"[2304, 768]",0.0008633176202335206,464.44475755105344,3,3,0.layers.3.attn.Wqkv.weight,0.033963236931696124
resolved,0.0010707615691865062,saved_segment,0.0064179169183692306,755.9002740015171,0.0003,768,1.601522448534242e-16,muon,1769472,0.0011006903660181336,3.917584546732115e-15,16,diagnostic-natural-muon,"[2304, 768]",0.00031304756521025593,420.3078688976607,3,3,0.layers.3.mlp.Wi.weight,0.03710341199463055
resolved,0.001267092155380956,cumulative,0.017160899768708056,755.3856942765816,0.0003,768,4.2909728713430534e-16,muon,1769472,0.0013152125297051995,3.93008894670814e-15,16,diagnostic-natural-muon,"[2304, 768]",0.0008387510340467657,418.6142155687794,3,3,0.layers.3.mlp.Wi.weight,0.03646563709328597
resolved,0.0008844674354866524,saved_segment,0.003851030468380128,754.4288081248242,0.0003,768,4.6621482933101386e-17,muon,884736,0.0008920619761615253,3.790325007183041e-15,16,diagnostic-natural-muon,"[768, 1152]",0.0001822608447612633,446.44416549971316,3,3,0.layers.3.mlp.Wo.weight,0.03547454268433595
resolved,0.0015091496097580312,cumulative,0.010140299778871242,750.8624047122303,0.0003,768,1.239170674606583e-16,muon,884736,0.0015381351658245797,3.681852537127936e-15,16,diagnostic-natural-muon,"[768, 1152]",0.0004844382455214109,438.15194448381294,3,3,0.layers.3.mlp.Wo.weight,0.03568622779150326
resolved,0.0004680625097670729,saved_segment,0.003731681943841963,737.5892714777386,0.0003,768,3.0896190070684984e-17,muon,589824,0.0004711961583731806,3.741028430902601e-15,16,diagnostic-natural-muon,"[768, 768]",0.0001811771745957095,424.23087911682813,3,3,0.layers.4.attn.Wo.weight,0.037446253978546735
resolved,0.0012125969537131155,cumulative,0.009776325683583411,723.2211916905926,0.0003,768,8.275657953017218e-17,muon,589824,0.0012350134971371811,3.7582049831240305e-15,16,diagnostic-natural-muon,"[768, 768]",0.0004852897144980993,405.8346727817453,3,3,0.layers.4.attn.Wo.weight,0.038590659024695065
resolved,0.00020371198261643231,saved_segment,0.006947088181203956,753.7678823699642,0.0003,768,1.608192930017589e-16,muon,1769472,0.00020448540008319755,3.964263669241665e-15,16,diagnostic-natural-muon,"[2304, 768]",0.0003143514357798212,488.3989554517425,3,3,0.layers.4.attn.Wqkv.weight,0.03261375523560546
resolved,0.001245016917225901,cumulative,0.01854781859122467,754.7759574942888,0.0003,768,4.423814948997121e-16,muon,1769472,0.0012661463094515303,3.881783842544401e-15,16,diagnostic-natural-muon,"[2304, 768]",0.0008647175067647337,460.08404820643057,3,3,0.layers.4.attn.Wqkv.weight,0.034067233383939084
resolved,0.0015469397582804462,saved_segment,0.006412400475410176,756.0395047065405,0.0003,768,1.5991614348932604e-16,muon,1769472,0.0015962930576404778,4.034957861590663e-15,16,diagnostic-natural-muon,"[2304, 768]",0.00031258606086330534,420.8255115360602,3,3,0.layers.4.mlp.Wi.weight,0.03690871722959279
resolved,0.0009806915533144263,cumulative,0.017158906958247042,755.5191895378147,0.0003,768,4.2491336907211347e-16,muon,1769472,0.0010102897911460455,3.864852703151752e-15,16,diagnostic-natural-muon,"[2304, 768]",0.0008305727823862466,426.7994470257969,3,3,0.layers.4.mlp.Wi.weight,0.03616996491638912
resolved,0.0006431220366355376,saved_segment,0.0039076505500522975,748.7695586743463,0.0003,768,4.677329449342992e-17,muon,884736,0.0006478628976005576,3.709670141310313e-15,16,diagnostic-natural-muon,"[768, 1152]",0.00018285433303081723,456.6893941239328,3,3,0.layers.4.mlp.Wo.weight,0.034712567728156646
resolved,0.0005486422086805329,cumulative,0.010390285396725285,746.9587899882273,0.0003,768,1.2862189945612656e-16,muon,884736,0.0005589515376275318,3.751186762627989e-15,16,diagnostic-natural-muon,"[768, 1152]",0.000502831196581855,426.9829416970365,3,3,0.layers.4.mlp.Wo.weight,0.036696837598942426
resolved,0.0006878242479715159,saved_segment,0.0037274811181964127,734.3476781056386,0.0003,768,3.090010775691772e-17,muon,589824,0.0006917273182261658,3.758800925572554e-15,16,diagnostic-natural-muon,"[768, 768]",0.00018120014815073285,423.16896330794634,3,3,0.layers.5.attn.Wo.weight,0.037592434539708085
resolved,0.0009996299077544616,cumulative,0.00979810267252941,721.365831814771,0.0003,768,8.310310596271068e-17,muon,589824,0.0010189884988443486,3.793829434289816e-15,16,diagnostic-natural-muon,"[768, 768]",0.0004873217669882743,404.2521622844673,3,3,0.layers.5.attn.Wo.weight,0.03868916680580735
resolved,0.00019060888385263476,saved_segment,0.006954721462583706,754.78427571272,0.0003,768,1.6077891272627173e-16,muon,1769472,0.00019138902457938346,4.066790228626532e-15,16,diagnostic-natural-muon,"[2304, 768]",0.0003142725049666106,489.71872250082464,3,3,0.layers.5.attn.Wqkv.weight,0.032519486150679636
resolved,0.0013845531863894334,cumulative,0.018424915879153632,754.7910741387614,0.0003,768,4.3948269504151987e-16,muon,1769472,0.0014075563822003004,4.014752611206229e-15,16,diagnostic-natural-muon,"[2304, 768]",0.0008590512593857509,460.01592841542094,3,3,0.layers.5.attn.Wqkv.weight,0.03417897594929373
resolved,0.0005885316044445444,saved_segment,0.0064603148559129984,756.1414151691707,0.0003,768,1.6029151237284892e-16,muon,1769472,0.0005974136178433334,3.936251534914502e-15,16,diagnostic-natural-muon,"[2304, 768]",0.0003133197896671075,425.139753824282,3,3,0.layers.5.mlp.Wi.weight,0.03717380167424144
resolved,0.0007399832211950752,cumulative,0.01721727372879007,755.9382804333222,0.0003,768,4.244141677582641e-16,muon,1769472,0.0007613515135492917,3.879485070853545e-15,16,diagnostic-natural-muon,"[2304, 768]",0.0008295969998988183,430.7193895033803,3,3,0.layers.5.mlp.Wi.weight,0.035881817232520485
resolved,0.0005845014287293791,saved_segment,0.0038462005351167726,754.4098287979214,0.0003,768,4.671903687839957e-17,muon,884736,0.0005912108262295022,3.746726284521024e-15,16,diagnostic-natural-muon,"[768, 1152]",0.0001826422196846083,443.4671907737565,3,3,0.layers.5.mlp.Wo.weight,0.03553648631345444
resolved,0.0008919368289869721,cumulative,0.010134342109037997,750.8020905896111,0.0003,768,1.2422796986489216e-16,muon,884736,0.0009125400348518859,3.853391699516871e-15,16,diagnostic-natural-muon,"[768, 1152]",0.00048565367950739713,435.4494584374731,3,3,0.layers.5.mlp.Wo.weight,0.03575992473538155
resolved,8.561818897592392e-05,saved_segment,0.0037039526259798183,724.6605854732971,0.0003,768,3.096121731169766e-17,muon,589824,8.618540679912611e-05,3.7481339547697864e-15,16,diagnostic-natural-muon,"[768, 768]",0.00018155849836965954,416.1957896584225,3,3,0.layers.6.attn.Wo.weight,0.03814611954071609
resolved,0.0012464735841085095,cumulative,0.009799632563656596,715.7477619787765,0.0003,768,8.414756892716096e-17,muon,589824,0.001274887498401386,3.923427616558661e-15,16,diagnostic-natural-muon,"[768, 768]",0.0004934465625839781,394.402199638934,3,3,0.layers.6.attn.Wo.weight,0.03957349994773351
resolved,0.000167352268680909,saved_segment,0.006982179884420787,754.8405968153435,0.0003,768,1.6069992419721217e-16,muon,1769472,0.00016793066759032108,4.058351877252956e-15,16,diagnostic-natural-muon,"[2304, 768]",0.0003141181070889894,494.0786909340096,3,3,0.layers.6.attn.Wqkv.weight,0.032259814370825424
resolved,0.0002124435727498874,cumulative,0.018615266559533227,755.395177923286,0.0003,768,4.428514334503614e-16,muon,1769472,0.00021608310652282187,3.865156259604001e-15,16,diagnostic-natural-muon,"[2304, 768]",0.0008656360896994521,462.45322219172135,3,3,0.layers.6.attn.Wqkv.weight,0.03391457039459389
resolved,0.0010196532647644189,saved_segment,0.006498265606580128,755.6989181659163,0.0003,768,1.6058880549772072e-16,muon,1769472,0.0010272674357272604,3.946499265553884e-15,16,diagnostic-natural-muon,"[2304, 768]",0.00031390090477404864,428.55817307606503,3,3,0.layers.6.mlp.Wi.weight,0.03708562029792125
resolved,0.0010649599679421282,cumulative,0.01735619868302154,756.0706756359745,0.0003,768,4.251429251979934e-16,muon,1769472,0.001093428770975333,3.923490139130268e-15,16,diagnostic-natural-muon,"[2304, 768]",0.0008310214928389261,436.19904833018114,3,3,0.layers.6.mlp.Wi.weight,0.03556329615738119
resolved,0.00024674423716698486,saved_segment,0.003865185096505381,754.3456396621326,0.0003,768,4.670550729444217e-17,muon,884736,0.0002492014445847003,3.776680084906181e-15,16,diagnostic-natural-muon,"[768, 1152]",0.00018258932747170116,448.1153436864871,3,3,0.layers.6.mlp.Wo.weight,0.0352910245551133
resolved,0.0014704162115667739,cumulative,0.01019463611684684,751.1811535768629,0.0003,768,1.242541894849002e-16,muon,884736,0.0014992045813418484,3.818315926233891e-15,16,diagnostic-natural-muon,"[768, 1152]",0.00048575618182588497,440.46031523877195,3,3,0.layers.6.mlp.Wo.weight,0.03550952698954221
resolved,0.0005820018510980206,saved_segment,0.003726116507192021,731.8641475735714,0.0003,768,3.092551634297567e-17,muon,589824,0.0005853590598072662,3.775869049519053e-15,16,diagnostic-natural-muon,"[768, 768]",0.00018134914567508517,422.1646184793442,3,3,0.layers.7.attn.Wo.weight,0.037663079862125776
resolved,0.0007632080523525721,cumulative,0.009811461693345243,720.3727858098348,0.0003,768,8.341174956628027e-17,muon,589824,0.0007786346138832807,3.735126273085174e-15,16,diagnostic-natural-muon,"[768, 768]",0.0004891316722200794,402.360977812852,3,3,0.layers.7.attn.Wo.weight,0.03886954737536944
resolved,0.0001961993754308818,saved_segment,0.0069386565299834405,754.8582374002854,0.0003,768,1.6079350840549326e-16,muon,1769472,0.0001969520750501186,3.990910774728446e-15,16,diagnostic-natural-muon,"[2304, 768]",0.00031430103495597834,487.3704097715174,3,3,0.layers.7.attn.Wqkv.weight,0.03269908392585828
resolved,0.00204881197562701,cumulative,0.0184137319685939,754.603446793778,0.0003,768,4.4005514900854426e-16,muon,1769472,0.0020839622797518146,3.810402184990458e-15,16,diagnostic-natural-muon,"[2304, 768]",0.0008601702279068351,458.26302864157816,3,3,0.layers.7.attn.Wqkv.weight,0.0342515544761655
resolved,0.00037089280415060813,saved_segment,0.00660192688378219,755.1597683304466,0.0003,768,1.6081336274114497e-16,muon,1769472,0.00037276108585014453,4.021412555591139e-15,16,diagnostic-natural-muon,"[2304, 768]",0.0003143398439744865,441.1055822869031,3,3,0.layers.7.mlp.Wi.weight,0.0360926281059886
resolved,0.0016540160601056216,cumulative,0.01753340155686636,755.5465367482909,0.0003,768,4.246932955033863e-16,muon,1769472,0.00168298239992076,4.01095270238348e-15,16,diagnostic-natural-muon,"[2304, 768]",0.0008301426073679681,446.0945825241072,3,3,0.layers.7.mlp.Wi.weight,0.0352252385885311
resolved,0.00010769127498643095,saved_segment,0.0038706210665150572,754.2987284295315,0.0003,768,4.6696211334203596e-17,muon,884736,0.00010873488664749477,3.703025777355258e-15,16,diagnostic-natural-muon,"[768, 1152]",0.0001825529860801504,449.55561821144283,3,3,0.layers.7.mlp.Wo.weight,0.03516827817859489
resolved,0.00198140257658253,cumulative,0.01019279083963468,750.7960835796598,0.0003,768,1.24088247141467e-16,muon,884736,0.00201455226695805,3.675576266123626e-15,16,diagnostic-natural-muon,"[768, 1152]",0.000485107451030702,441.479288854757,3,3,0.layers.7.mlp.Wo.weight,0.035602521817478444
resolved,0.00012001047093039032,saved_segment,0.003729748764355163,735.5625569161372,0.0003,768,3.094768870342007e-17,muon,589824,0.00012082785354210969,3.803707086034399e-15,16,diagnostic-natural-muon,"[768, 768]",0.00018147916577174574,422.3822011088166,3,3,0.layers.8.attn.Wo.weight,0.03761435065677709
resolved,0.0006291768511972548,cumulative,0.009827103862794768,722.425721023473,0.0003,768,8.335929506919946e-17,muon,589824,0.0006436778168739111,3.877737395354048e-15,16,diagnostic-natural-muon,"[768, 768]",0.0004888240757962421,404.15310210184157,3,3,0.layers.8.attn.Wo.weight,0.0384911284182716
resolved,0.00026496395745621165,saved_segment,0.0068381473706484435,753.9492304267959,0.0003,768,1.6072752708469617e-16,muon,1769472,0.0002661697123334861,4.096750860715396e-15,16,diagnostic-natural-muon,"[2304, 768]",0.0003141720621036541,473.74188868820903,3,3,0.layers.8.attn.Wqkv.weight,0.03360107874792898
resolved,0.000758631995019181,cumulative,0.01822830274060264,754.7428562964099,0.0003,768,4.3846323388227456e-16,muon,1769472,0.0007744970567582151,3.90340895932181e-15,16,diagnostic-natural-muon,"[2304, 768]",0.0008570585315659176,452.34677754418215,3,3,0.layers.8.attn.Wqkv.weight,0.034549127070750925
resolved,0.00027651216987374693,saved_segment,0.006596891566906951,755.3924518225829,0.0003,768,1.6082776372910147e-16,muon,1769472,0.0002782017309462585,3.8332310860141824e-15,16,diagnostic-natural-muon,"[2304, 768]",0.00031436799340330365,440.35410101077457,3,3,0.layers.8.mlp.Wi.weight,0.036109736500021104
resolved,0.0017539070155832674,cumulative,0.017617537449680795,755.5737297506096,0.0003,768,4.27781064868665e-16,muon,1769472,0.0017881791342216906,3.918897676076465e-15,16,diagnostic-natural-muon,"[2304, 768]",0.0008361782310497716,443.90771468555704,3,3,0.layers.8.mlp.Wi.weight,0.0351799346384775
resolved,0.0003718776848474449,saved_segment,0.0038585687023002706,754.3465323402884,0.0003,768,4.6580298833660886e-17,muon,884736,0.00037479062205669105,3.8251794206809405e-15,16,diagnostic-natural-muon,"[768, 1152]",0.00018209984068583466,448.9865620345598,3,3,0.layers.8.mlp.Wo.weight,0.03533161129250136
resolved,0.0002974386648491674,cumulative,0.01017849689031223,750.9496624874537,0.0003,768,1.2417968334110222e-16,muon,884736,0.00030308597649559156,3.79095800076279e-15,16,diagnostic-natural-muon,"[768, 1152]",0.0004854649093940748,439.59385167422266,3,3,0.layers.8.mlp.Wo.weight,0.03563162258088768
resolved,0.00021325303857580222,saved_segment,0.003709844534307592,727.736275646433,0.0003,768,3.1008094369391835e-17,muon,589824,0.0002148481268023211,3.758330033102761e-15,16,diagnostic-natural-muon,"[768, 768]",0.00018183338834304978,416.2594993027168,3,3,0.layers.9.attn.Wo.weight,0.03810855366964421
resolved,0.001148297809931569,cumulative,0.009834401912290696,717.5987898676323,0.0003,768,8.408972486916284e-17,muon,589824,0.0011720088441459938,3.7536530634015525e-15,16,diagnostic-natural-muon,"[768, 768]",0.0004931073614406891,397.7525147222365,3,3,0.layers.9.attn.Wo.weight,0.03932581264734959
resolved,0.00015698491733408574,saved_segment,0.006959831695502299,754.7381903866168,0.0003,768,1.607999466539507e-16,muon,1769472,0.00015756544442366952,3.973981229117621e-15,16,diagnostic-natural-muon,"[2304, 768]",0.00031431361971871876,490.3103657018929,3,3,0.layers.9.attn.Wqkv.weight,0.03249403935053
resolved,0.00029008742198204145,cumulative,0.018632912498787783,755.37165709515,0.0003,768,4.4324753313326426e-16,muon,1769472,0.0002946462509422846,3.944864542876379e-15,16,diagnostic-natural-muon,"[2304, 768]",0.0008664103407343144,462.50266012367047,3,3,0.layers.9.attn.Wqkv.weight,0.03400460809458891
resolved,0.00029196116020511657,saved_segment,0.0065869467272893145,755.3115702667395,0.0003,768,1.609691974611755e-16,muon,1769472,0.0002939695240639832,3.990548516777459e-15,16,diagnostic-natural-muon,"[2304, 768]",0.0003146444521285928,438.2562768526308,3,3,0.layers.9.mlp.Wi.weight,0.03622867030243802
resolved,0.0012538776760093815,cumulative,0.017614001730807103,755.6281071265138,0.0003,768,4.2735968982072546e-16,muon,1769472,0.0012780685744196718,3.996905924227925e-15,16,diagnostic-natural-muon,"[2304, 768]",0.0008353545745789019,444.6050168347117,3,3,0.layers.9.mlp.Wi.weight,0.03521106054665113
resolved,0.0005167582224386538,saved_segment,0.0038730830280897894,754.3554771667249,0.0003,768,4.6745588907079094e-17,muon,884736,0.0005223417660971556,3.782984135887739e-15,16,diagnostic-natural-muon,"[768, 1152]",0.00018274602151313872,449.17725060335306,3,3,0.layers.9.mlp.Wo.weight,0.03510483229219283
resolved,0.00011735347128553776,cumulative,0.010187787719374102,751.1969447904175,0.0003,768,1.24792997482491e-16,muon,884736,0.00012018967535726387,3.7652506722406025e-15,16,diagnostic-natural-muon,"[768, 1152]",0.000487862584167182,436.078575579194,3,3,0.layers.9.mlp.Wo.weight,0.03562313363564375
zero,,saved_segment,0.0,,0.0003,0,0.0,normuon,589824,,,16,diagnostic-natural-normuon,"[768, 768]",0.0,,1,1,0.layers.0.attn.Wo.weight,
zero,,cumulative,0.0,,0.0003,0,0.0,normuon,589824,,,16,diagnostic-natural-normuon,"[768, 768]",0.0,,1,1,0.layers.0.attn.Wo.weight,
zero,,saved_segment,0.0,,0.0003,0,0.0,normuon,1769472,,,16,diagnostic-natural-normuon,"[2304, 768]",0.0,,1,1,0.layers.0.attn.Wqkv.weight,
zero,,cumulative,0.0,,0.0003,0,0.0,normuon,1769472,,,16,diagnostic-natural-normuon,"[2304, 768]",0.0,,1,1,0.layers.0.attn.Wqkv.weight,
zero,,saved_segment,0.0,,0.0003,0,0.0,normuon,1769472,,,16,diagnostic-natural-normuon,"[2304, 768]",0.0,,1,1,0.layers.0.mlp.Wi.weight,
zero,,cumulative,0.0,,0.0003,0,0.0,normuon,1769472,,,16,diagnostic-natural-normuon,"[2304, 768]",0.0,,1,1,0.layers.0.mlp.Wi.weight,
zero,,saved_segment,0.0,,0.0003,0,0.0,normuon,884736,,,16,diagnostic-natural-normuon,"[768, 1152]",0.0,,1,1,0.layers.0.mlp.Wo.weight,
zero,,cumulative,0.0,,0.0003,0,0.0,normuon,884736,,,16,diagnostic-natural-normuon,"[768, 1152]",0.0,,1,1,0.layers.0.mlp.Wo.weight,
zero,,saved_segment,0.0,,0.0003,0,0.0,normuon,589824,,,16,diagnostic-natural-normuon,"[768, 768]",0.0,,1,1,0.layers.1.attn.Wo.weight,
zero,,cumulative,0.0,,0.0003,0,0.0,normuon,589824,,,16,diagnostic-natural-normuon,"[768, 768]",0.0,,1,1,0.layers.1.attn.Wo.weight,
zero,,saved_segment,0.0,,0.0003,0,0.0,normuon,1769472,,,16,diagnostic-natural-normuon,"[2304, 768]",0.0,,1,1,0.layers.1.attn.Wqkv.weight,
zero,,cumulative,0.0,,0.0003,0,0.0,normuon,1769472,,,16,diagnostic-natural-normuon,"[2304, 768]",0.0,,1,1,0.layers.1.attn.Wqkv.weight,
zero,,saved_segment,0.0,,0.0003,0,0.0,normuon,1769472,,,16,diagnostic-natural-normuon,"[2304, 768]",0.0,,1,1,0.layers.1.mlp.Wi.weight,
zero,,cumulative,0.0,,0.0003,0,0.0,normuon,1769472,,,16,diagnostic-natural-normuon,"[2304, 768]",0.0,,1,1,0.layers.1.mlp.Wi.weight,
zero,,saved_segment,0.0,,0.0003,0,0.0,normuon,884736,,,16,diagnostic-natural-normuon,"[768, 1152]",0.0,,1,1,0.layers.1.mlp.Wo.weight,
zero,,cumulative,0.0,,0.0003,0,0.0,normuon,884736,,,16,diagnostic-natural-normuon,"[768, 1152]",0.0,,1,1,0.layers.1.mlp.Wo.weight,
zero,,saved_segment,0.0,,0.0003,0,0.0,normuon,589824,,,16,diagnostic-natural-normuon,"[768, 768]",0.0,,1,1,0.layers.10.attn.Wo.weight,
zero,,cumulative,0.0,,0.0003,0,0.0,normuon,589824,,,16,diagnostic-natural-normuon,"[768, 768]",0.0,,1,1,0.layers.10.attn.Wo.weight,
zero,,saved_segment,0.0,,0.0003,0,0.0,normuon,1769472,,,16,diagnostic-natural-normuon,"[2304, 768]",0.0,,1,1,0.layers.10.attn.Wqkv.weight,
zero,,cumulative,0.0,,0.0003,0,0.0,normuon,1769472,,,16,diagnostic-natural-normuon,"[2304, 768]",0.0,,1,1,0.layers.10.attn.Wqkv.weight,
zero,,saved_segment,0.0,,0.0003,0,0.0,normuon,1769472,,,16,diagnostic-natural-normuon,"[2304, 768]",0.0,,1,1,0.layers.10.mlp.Wi.weight,
zero,,cumulative,0.0,,0.0003,0,0.0,normuon,1769472,,,16,diagnostic-natural-normuon,"[2304, 768]",0.0,,1,1,0.layers.10.mlp.Wi.weight,
zero,,saved_segment,0.0,,0.0003,0,0.0,normuon,884736,,,16,diagnostic-natural-normuon,"[768, 1152]",0.0,,1,1,0.layers.10.mlp.Wo.weight,
zero,,cumulative,0.0,,0.0003,0,0.0,normuon,884736,,,16,diagnostic-natural-normuon,"[768, 1152]",0.0,,1,1,0.layers.10.mlp.Wo.weight,
zero,,saved_segment,0.0,,0.0003,0,0.0,normuon,589824,,,16,diagnostic-natural-normuon,"[768, 768]",0.0,,1,1,0.layers.11.attn.Wo.weight,
zero,,cumulative,0.0,,0.0003,0,0.0,normuon,589824,,,16,diagnostic-natural-normuon,"[768, 768]",0.0,,1,1,0.layers.11.attn.Wo.weight,
zero,,saved_segment,0.0,,0.0003,0,0.0,normuon,1769472,,,16,diagnostic-natural-normuon,"[2304, 768]",0.0,,1,1,0.layers.11.attn.Wqkv.weight,
zero,,cumulative,0.0,,0.0003,0,0.0,normuon,1769472,,,16,diagnostic-natural-normuon,"[2304, 768]",0.0,,1,1,0.layers.11.attn.Wqkv.weight,
zero,,saved_segment,0.0,,0.0003,0,0.0,normuon,1769472,,,16,diagnostic-natural-normuon,"[2304, 768]",0.0,,1,1,0.layers.11.mlp.Wi.weight,
zero,,cumulative,0.0,,0.0003,0,0.0,normuon,1769472,,,16,diagnostic-natural-normuon,"[2304, 768]",0.0,,1,1,0.layers.11.mlp.Wi.weight,
zero,,saved_segment,0.0,,0.0003,0,0.0,normuon,884736,,,16,diagnostic-natural-normuon,"[768, 1152]",0.0,,1,1,0.layers.11.mlp.Wo.weight,
zero,,cumulative,0.0,,0.0003,0,0.0,normuon,884736,,,16,diagnostic-natural-normuon,"[768, 1152]",0.0,,1,1,0.layers.11.mlp.Wo.weight,
zero,,saved_segment,0.0,,0.0003,0,0.0,normuon,589824,,,16,diagnostic-natural-normuon,"[768, 768]",0.0,,1,1,0.layers.12.attn.Wo.weight,
zero,,cumulative,0.0,,0.0003,0,0.0,normuon,589824,,,16,diagnostic-natural-normuon,"[768, 768]",0.0,,1,1,0.layers.12.attn.Wo.weight,
zero,,saved_segment,0.0,,0.0003,0,0.0,normuon,1769472,,,16,diagnostic-natural-normuon,"[2304, 768]",0.0,,1,1,0.layers.12.attn.Wqkv.weight,
zero,,cumulative,0.0,,0.0003,0,0.0,normuon,1769472,,,16,diagnostic-natural-normuon,"[2304, 768]",0.0,,1,1,0.layers.12.attn.Wqkv.weight,
zero,,saved_segment,0.0,,0.0003,0,0.0,normuon,1769472,,,16,diagnostic-natural-normuon,"[2304, 768]",0.0,,1,1,0.layers.12.mlp.Wi.weight,
zero,,cumulative,0.0,,0.0003,0,0.0,normuon,1769472,,,16,diagnostic-natural-normuon,"[2304, 768]",0.0,,1,1,0.layers.12.mlp.Wi.weight,
zero,,saved_segment,0.0,,0.0003,0,0.0,normuon,884736,,,16,diagnostic-natural-normuon,"[768, 1152]",0.0,,1,1,0.layers.12.mlp.Wo.weight,
zero,,cumulative,0.0,,0.0003,0,0.0,normuon,884736,,,16,diagnostic-natural-normuon,"[768, 1152]",0.0,,1,1,0.layers.12.mlp.Wo.weight,
zero,,saved_segment,0.0,,0.0003,0,0.0,normuon,589824,,,16,diagnostic-natural-normuon,"[768, 768]",0.0,,1,1,0.layers.13.attn.Wo.weight,
zero,,cumulative,0.0,,0.0003,0,0.0,normuon,589824,,,16,diagnostic-natural-normuon,"[768, 768]",0.0,,1,1,0.layers.13.attn.Wo.weight,
zero,,saved_segment,0.0,,0.0003,0,0.0,normuon,1769472,,,16,diagnostic-natural-normuon,"[2304, 768]",0.0,,1,1,0.layers.13.attn.Wqkv.weight,
zero,,cumulative,0.0,,0.0003,0,0.0,normuon,1769472,,,16,diagnostic-natural-normuon,"[2304, 768]",0.0,,1,1,0.layers.13.attn.Wqkv.weight,
zero,,saved_segment,0.0,,0.0003,0,0.0,normuon,1769472,,,16,diagnostic-natural-normuon,"[2304, 768]",0.0,,1,1,0.layers.13.mlp.Wi.weight,
zero,,cumulative,0.0,,0.0003,0,0.0,normuon,1769472,,,16,diagnostic-natural-normuon,"[2304, 768]",0.0,,1,1,0.layers.13.mlp.Wi.weight,
zero,,saved_segment,0.0,,0.0003,0,0.0,normuon,884736,,,16,diagnostic-natural-normuon,"[768, 1152]",0.0,,1,1,0.layers.13.mlp.Wo.weight,
zero,,cumulative,0.0,,0.0003,0,0.0,normuon,884736,,,16,diagnostic-natural-normuon,"[768, 1152]",0.0,,1,1,0.layers.13.mlp.Wo.weight,
zero,,saved_segment,0.0,,0.0003,0,0.0,normuon,589824,,,16,diagnostic-natural-normuon,"[768, 768]",0.0,,1,1,0.layers.14.attn.Wo.weight,
zero,,cumulative,0.0,,0.0003,0,0.0,normuon,589824,,,16,diagnostic-natural-normuon,"[768, 768]",0.0,,1,1,0.layers.14.attn.Wo.weight,
zero,,saved_segment,0.0,,0.0003,0,0.0,normuon,1769472,,,16,diagnostic-natural-normuon,"[2304, 768]",0.0,,1,1,0.layers.14.attn.Wqkv.weight,
zero,,cumulative,0.0,,0.0003,0,0.0,normuon,1769472,,,16,diagnostic-natural-normuon,"[2304, 768]",0.0,,1,1,0.layers.14.attn.Wqkv.weight,
zero,,saved_segment,0.0,,0.0003,0,0.0,normuon,1769472,,,16,diagnostic-natural-normuon,"[2304, 768]",0.0,,1,1,0.layers.14.mlp.Wi.weight,
zero,,cumulative,0.0,,0.0003,0,0.0,normuon,1769472,,,16,diagnostic-natural-normuon,"[2304, 768]",0.0,,1,1,0.layers.14.mlp.Wi.weight,
zero,,saved_segment,0.0,,0.0003,0,0.0,normuon,884736,,,16,diagnostic-natural-normuon,"[768, 1152]",0.0,,1,1,0.layers.14.mlp.Wo.weight,
zero,,cumulative,0.0,,0.0003,0,0.0,normuon,884736,,,16,diagnostic-natural-normuon,"[768, 1152]",0.0,,1,1,0.layers.14.mlp.Wo.weight,
zero,,saved_segment,0.0,,0.0003,0,0.0,normuon,589824,,,16,diagnostic-natural-normuon,"[768, 768]",0.0,,1,1,0.layers.15.attn.Wo.weight,
zero,,cumulative,0.0,,0.0003,0,0.0,normuon,589824,,,16,diagnostic-natural-normuon,"[768, 768]",0.0,,1,1,0.layers.15.attn.Wo.weight,
zero,,saved_segment,0.0,,0.0003,0,0.0,normuon,1769472,,,16,diagnostic-natural-normuon,"[2304, 768]",0.0,,1,1,0.layers.15.attn.Wqkv.weight,
zero,,cumulative,0.0,,0.0003,0,0.0,normuon,1769472,,,16,diagnostic-natural-normuon,"[2304, 768]",0.0,,1,1,0.layers.15.attn.Wqkv.weight,
zero,,saved_segment,0.0,,0.0003,0,0.0,normuon,1769472,,,16,diagnostic-natural-normuon,"[2304, 768]",0.0,,1,1,0.layers.15.mlp.Wi.weight,
zero,,cumulative,0.0,,0.0003,0,0.0,normuon,1769472,,,16,diagnostic-natural-normuon,"[2304, 768]",0.0,,1,1,0.layers.15.mlp.Wi.weight,
zero,,saved_segment,0.0,,0.0003,0,0.0,normuon,884736,,,16,diagnostic-natural-normuon,"[768, 1152]",0.0,,1,1,0.layers.15.mlp.Wo.weight,
zero,,cumulative,0.0,,0.0003,0,0.0,normuon,884736,,,16,diagnostic-natural-normuon,"[768, 1152]",0.0,,1,1,0.layers.15.mlp.Wo.weight,
zero,,saved_segment,0.0,,0.0003,0,0.0,normuon,589824,,,16,diagnostic-natural-normuon,"[768, 768]",0.0,,1,1,0.layers.16.attn.Wo.weight,
zero,,cumulative,0.0,,0.0003,0,0.0,normuon,589824,,,16,diagnostic-natural-normuon,"[768, 768]",0.0,,1,1,0.layers.16.attn.Wo.weight,
zero,,saved_segment,0.0,,0.0003,0,0.0,normuon,1769472,,,16,diagnostic-natural-normuon,"[2304, 768]",0.0,,1,1,0.layers.16.attn.Wqkv.weight,
zero,,cumulative,0.0,,0.0003,0,0.0,normuon,1769472,,,16,diagnostic-natural-normuon,"[2304, 768]",0.0,,1,1,0.layers.16.attn.Wqkv.weight,
zero,,saved_segment,0.0,,0.0003,0,0.0,normuon,1769472,,,16,diagnostic-natural-normuon,"[2304, 768]",0.0,,1,1,0.layers.16.mlp.Wi.weight,
zero,,cumulative,0.0,,0.0003,0,0.0,normuon,1769472,,,16,diagnostic-natural-normuon,"[2304, 768]",0.0,,1,1,0.layers.16.mlp.Wi.weight,
zero,,saved_segment,0.0,,0.0003,0,0.0,normuon,884736,,,16,diagnostic-natural-normuon,"[768, 1152]",0.0,,1,1,0.layers.16.mlp.Wo.weight,
zero,,cumulative,0.0,,0.0003,0,0.0,normuon,884736,,,16,diagnostic-natural-normuon,"[768, 1152]",0.0,,1,1,0.layers.16.mlp.Wo.weight,
zero,,saved_segment,0.0,,0.0003,0,0.0,normuon,589824,,,16,diagnostic-natural-normuon,"[768, 768]",0.0,,1,1,0.layers.17.attn.Wo.weight,
zero,,cumulative,0.0,,0.0003,0,0.0,normuon,589824,,,16,diagnostic-natural-normuon,"[768, 768]",0.0,,1,1,0.layers.17.attn.Wo.weight,
zero,,saved_segment,0.0,,0.0003,0,0.0,normuon,1769472,,,16,diagnostic-natural-normuon,"[2304, 768]",0.0,,1,1,0.layers.17.attn.Wqkv.weight,
zero,,cumulative,0.0,,0.0003,0,0.0,normuon,1769472,,,16,diagnostic-natural-normuon,"[2304, 768]",0.0,,1,1,0.layers.17.attn.Wqkv.weight,
zero,,saved_segment,0.0,,0.0003,0,0.0,normuon,1769472,,,16,diagnostic-natural-normuon,"[2304, 768]",0.0,,1,1,0.layers.17.mlp.Wi.weight,
zero,,cumulative,0.0,,0.0003,0,0.0,normuon,1769472,,,16,diagnostic-natural-normuon,"[2304, 768]",0.0,,1,1,0.layers.17.mlp.Wi.weight,
zero,,saved_segment,0.0,,0.0003,0,0.0,normuon,884736,,,16,diagnostic-natural-normuon,"[768, 1152]",0.0,,1,1,0.layers.17.mlp.Wo.weight,
zero,,cumulative,0.0,,0.0003,0,0.0,normuon,884736,,,16,diagnostic-natural-normuon,"[768, 1152]",0.0,,1,1,0.layers.17.mlp.Wo.weight,
zero,,saved_segment,0.0,,0.0003,0,0.0,normuon,589824,,,16,diagnostic-natural-normuon,"[768, 768]",0.0,,1,1,0.layers.18.attn.Wo.weight,
zero,,cumulative,0.0,,0.0003,0,0.0,normuon,589824,,,16,diagnostic-natural-normuon,"[768, 768]",0.0,,1,1,0.layers.18.attn.Wo.weight,
zero,,saved_segment,0.0,,0.0003,0,0.0,normuon,1769472,,,16,diagnostic-natural-normuon,"[2304, 768]",0.0,,1,1,0.layers.18.attn.Wqkv.weight,
zero,,cumulative,0.0,,0.0003,0,0.0,normuon,1769472,,,16,diagnostic-natural-normuon,"[2304, 768]",0.0,,1,1,0.layers.18.attn.Wqkv.weight,
zero,,saved_segment,0.0,,0.0003,0,0.0,normuon,1769472,,,16,diagnostic-natural-normuon,"[2304, 768]",0.0,,1,1,0.layers.18.mlp.Wi.weight,
zero,,cumulative,0.0,,0.0003,0,0.0,normuon,1769472,,,16,diagnostic-natural-normuon,"[2304, 768]",0.0,,1,1,0.layers.18.mlp.Wi.weight,
zero,,saved_segment,0.0,,0.0003,0,0.0,normuon,884736,,,16,diagnostic-natural-normuon,"[768, 1152]",0.0,,1,1,0.layers.18.mlp.Wo.weight,
zero,,cumulative,0.0,,0.0003,0,0.0,normuon,884736,,,16,diagnostic-natural-normuon,"[768, 1152]",0.0,,1,1,0.layers.18.mlp.Wo.weight,
zero,,saved_segment,0.0,,0.0003,0,0.0,normuon,589824,,,16,diagnostic-natural-normuon,"[768, 768]",0.0,,1,1,0.layers.19.attn.Wo.weight,
zero,,cumulative,0.0,,0.0003,0,0.0,normuon,589824,,,16,diagnostic-natural-normuon,"[768, 768]",0.0,,1,1,0.layers.19.attn.Wo.weight,
zero,,saved_segment,0.0,,0.0003,0,0.0,normuon,1769472,,,16,diagnostic-natural-normuon,"[2304, 768]",0.0,,1,1,0.layers.19.attn.Wqkv.weight,
zero,,cumulative,0.0,,0.0003,0,0.0,normuon,1769472,,,16,diagnostic-natural-normuon,"[2304, 768]",0.0,,1,1,0.layers.19.attn.Wqkv.weight,
zero,,saved_segment,0.0,,0.0003,0,0.0,normuon,1769472,,,16,diagnostic-natural-normuon,"[2304, 768]",0.0,,1,1,0.layers.19.mlp.Wi.weight,
zero,,cumulative,0.0,,0.0003,0,0.0,normuon,1769472,,,16,diagnostic-natural-normuon,"[2304, 768]",0.0,,1,1,0.layers.19.mlp.Wi.weight,
zero,,saved_segment,0.0,,0.0003,0,0.0,normuon,884736,,,16,diagnostic-natural-normuon,"[768, 1152]",0.0,,1,1,0.layers.19.mlp.Wo.weight,
zero,,cumulative,0.0,,0.0003,0,0.0,normuon,884736,,,16,diagnostic-natural-normuon,"[768, 1152]",0.0,,1,1,0.layers.19.mlp.Wo.weight,
zero,,saved_segment,0.0,,0.0003,0,0.0,normuon,589824,,,16,diagnostic-natural-normuon,"[768, 768]",0.0,,1,1,0.layers.2.attn.Wo.weight,
zero,,cumulative,0.0,,0.0003,0,0.0,normuon,589824,,,16,diagnostic-natural-normuon,"[768, 768]",0.0,,1,1,0.layers.2.attn.Wo.weight,
zero,,saved_segment,0.0,,0.0003,0,0.0,normuon,1769472,,,16,diagnostic-natural-normuon,"[2304, 768]",0.0,,1,1,0.layers.2.attn.Wqkv.weight,
zero,,cumulative,0.0,,0.0003,0,0.0,normuon,1769472,,,16,diagnostic-natural-normuon,"[2304, 768]",0.0,,1,1,0.layers.2.attn.Wqkv.weight,
zero,,saved_segment,0.0,,0.0003,0,0.0,normuon,1769472,,,16,diagnostic-natural-normuon,"[2304, 768]",0.0,,1,1,0.layers.2.mlp.Wi.weight,
zero,,cumulative,0.0,,0.0003,0,0.0,normuon,1769472,,,16,diagnostic-natural-normuon,"[2304, 768]",0.0,,1,1,0.layers.2.mlp.Wi.weight,
zero,,saved_segment,0.0,,0.0003,0,0.0,normuon,884736,,,16,diagnostic-natural-normuon,"[768, 1152]",0.0,,1,1,0.layers.2.mlp.Wo.weight,
zero,,cumulative,0.0,,0.0003,0,0.0,normuon,884736,,,16,diagnostic-natural-normuon,"[768, 1152]",0.0,,1,1,0.layers.2.mlp.Wo.weight,
zero,,saved_segment,0.0,,0.0003,0,0.0,normuon,589824,,,16,diagnostic-natural-normuon,"[768, 768]",0.0,,1,1,0.layers.20.attn.Wo.weight,
zero,,cumulative,0.0,,0.0003,0,0.0,normuon,589824,,,16,diagnostic-natural-normuon,"[768, 768]",0.0,,1,1,0.layers.20.attn.Wo.weight,
zero,,saved_segment,0.0,,0.0003,0,0.0,normuon,1769472,,,16,diagnostic-natural-normuon,"[2304, 768]",0.0,,1,1,0.layers.20.attn.Wqkv.weight,
zero,,cumulative,0.0,,0.0003,0,0.0,normuon,1769472,,,16,diagnostic-natural-normuon,"[2304, 768]",0.0,,1,1,0.layers.20.attn.Wqkv.weight,
zero,,saved_segment,0.0,,0.0003,0,0.0,normuon,1769472,,,16,diagnostic-natural-normuon,"[2304, 768]",0.0,,1,1,0.layers.20.mlp.Wi.weight,
zero,,cumulative,0.0,,0.0003,0,0.0,normuon,1769472,,,16,diagnostic-natural-normuon,"[2304, 768]",0.0,,1,1,0.layers.20.mlp.Wi.weight,
zero,,saved_segment,0.0,,0.0003,0,0.0,normuon,884736,,,16,diagnostic-natural-normuon,"[768, 1152]",0.0,,1,1,0.layers.20.mlp.Wo.weight,
zero,,cumulative,0.0,,0.0003,0,0.0,normuon,884736,,,16,diagnostic-natural-normuon,"[768, 1152]",0.0,,1,1,0.layers.20.mlp.Wo.weight,
zero,,saved_segment,0.0,,0.0003,0,0.0,normuon,589824,,,16,diagnostic-natural-normuon,"[768, 768]",0.0,,1,1,0.layers.21.attn.Wo.weight,
zero,,cumulative,0.0,,0.0003,0,0.0,normuon,589824,,,16,diagnostic-natural-normuon,"[768, 768]",0.0,,1,1,0.layers.21.attn.Wo.weight,
zero,,saved_segment,0.0,,0.0003,0,0.0,normuon,1769472,,,16,diagnostic-natural-normuon,"[2304, 768]",0.0,,1,1,0.layers.21.attn.Wqkv.weight,
zero,,cumulative,0.0,,0.0003,0,0.0,normuon,1769472,,,16,diagnostic-natural-normuon,"[2304, 768]",0.0,,1,1,0.layers.21.attn.Wqkv.weight,
zero,,saved_segment,0.0,,0.0003,0,0.0,normuon,1769472,,,16,diagnostic-natural-normuon,"[2304, 768]",0.0,,1,1,0.layers.21.mlp.Wi.weight,
zero,,cumulative,0.0,,0.0003,0,0.0,normuon,1769472,,,16,diagnostic-natural-normuon,"[2304, 768]",0.0,,1,1,0.layers.21.mlp.Wi.weight,
zero,,saved_segment,0.0,,0.0003,0,0.0,normuon,884736,,,16,diagnostic-natural-normuon,"[768, 1152]",0.0,,1,1,0.layers.21.mlp.Wo.weight,
zero,,cumulative,0.0,,0.0003,0,0.0,normuon,884736,,,16,diagnostic-natural-normuon,"[768, 1152]",0.0,,1,1,0.layers.21.mlp.Wo.weight,
zero,,saved_segment,0.0,,0.0003,0,0.0,normuon,589824,,,16,diagnostic-natural-normuon,"[768, 768]",0.0,,1,1,0.layers.3.attn.Wo.weight,
zero,,cumulative,0.0,,0.0003,0,0.0,normuon,589824,,,16,diagnostic-natural-normuon,"[768, 768]",0.0,,1,1,0.layers.3.attn.Wo.weight,
zero,,saved_segment,0.0,,0.0003,0,0.0,normuon,1769472,,,16,diagnostic-natural-normuon,"[2304, 768]",0.0,,1,1,0.layers.3.attn.Wqkv.weight,
zero,,cumulative,0.0,,0.0003,0,0.0,normuon,1769472,,,16,diagnostic-natural-normuon,"[2304, 768]",0.0,,1,1,0.layers.3.attn.Wqkv.weight,
zero,,saved_segment,0.0,,0.0003,0,0.0,normuon,1769472,,,16,diagnostic-natural-normuon,"[2304, 768]",0.0,,1,1,0.layers.3.mlp.Wi.weight,
zero,,cumulative,0.0,,0.0003,0,0.0,normuon,1769472,,,16,diagnostic-natural-normuon,"[2304, 768]",0.0,,1,1,0.layers.3.mlp.Wi.weight,
zero,,saved_segment,0.0,,0.0003,0,0.0,normuon,884736,,,16,diagnostic-natural-normuon,"[768, 1152]",0.0,,1,1,0.layers.3.mlp.Wo.weight,
zero,,cumulative,0.0,,0.0003,0,0.0,normuon,884736,,,16,diagnostic-natural-normuon,"[768, 1152]",0.0,,1,1,0.layers.3.mlp.Wo.weight,
zero,,saved_segment,0.0,,0.0003,0,0.0,normuon,589824,,,16,diagnostic-natural-normuon,"[768, 768]",0.0,,1,1,0.layers.4.attn.Wo.weight,
zero,,cumulative,0.0,,0.0003,0,0.0,normuon,589824,,,16,diagnostic-natural-normuon,"[768, 768]",0.0,,1,1,0.layers.4.attn.Wo.weight,
zero,,saved_segment,0.0,,0.0003,0,0.0,normuon,1769472,,,16,diagnostic-natural-normuon,"[2304, 768]",0.0,,1,1,0.layers.4.attn.Wqkv.weight,
zero,,cumulative,0.0,,0.0003,0,0.0,normuon,1769472,,,16,diagnostic-natural-normuon,"[2304, 768]",0.0,,1,1,0.layers.4.attn.Wqkv.weight,
zero,,saved_segment,0.0,,0.0003,0,0.0,normuon,1769472,,,16,diagnostic-natural-normuon,"[2304, 768]",0.0,,1,1,0.layers.4.mlp.Wi.weight,
zero,,cumulative,0.0,,0.0003,0,0.0,normuon,1769472,,,16,diagnostic-natural-normuon,"[2304, 768]",0.0,,1,1,0.layers.4.mlp.Wi.weight,
zero,,saved_segment,0.0,,0.0003,0,0.0,normuon,884736,,,16,diagnostic-natural-normuon,"[768, 1152]",0.0,,1,1,0.layers.4.mlp.Wo.weight,
zero,,cumulative,0.0,,0.0003,0,0.0,normuon,884736,,,16,diagnostic-natural-normuon,"[768, 1152]",0.0,,1,1,0.layers.4.mlp.Wo.weight,
zero,,saved_segment,0.0,,0.0003,0,0.0,normuon,589824,,,16,diagnostic-natural-normuon,"[768, 768]",0.0,,1,1,0.layers.5.attn.Wo.weight,
zero,,cumulative,0.0,,0.0003,0,0.0,normuon,589824,,,16,diagnostic-natural-normuon,"[768, 768]",0.0,,1,1,0.layers.5.attn.Wo.weight,
zero,,saved_segment,0.0,,0.0003,0,0.0,normuon,1769472,,,16,diagnostic-natural-normuon,"[2304, 768]",0.0,,1,1,0.layers.5.attn.Wqkv.weight,
zero,,cumulative,0.0,,0.0003,0,0.0,normuon,1769472,,,16,diagnostic-natural-normuon,"[2304, 768]",0.0,,1,1,0.layers.5.attn.Wqkv.weight,
zero,,saved_segment,0.0,,0.0003,0,0.0,normuon,1769472,,,16,diagnostic-natural-normuon,"[2304, 768]",0.0,,1,1,0.layers.5.mlp.Wi.weight,
zero,,cumulative,0.0,,0.0003,0,0.0,normuon,1769472,,,16,diagnostic-natural-normuon,"[2304, 768]",0.0,,1,1,0.layers.5.mlp.Wi.weight,
zero,,saved_segment,0.0,,0.0003,0,0.0,normuon,884736,,,16,diagnostic-natural-normuon,"[768, 1152]",0.0,,1,1,0.layers.5.mlp.Wo.weight,
zero,,cumulative,0.0,,0.0003,0,0.0,normuon,884736,,,16,diagnostic-natural-normuon,"[768, 1152]",0.0,,1,1,0.layers.5.mlp.Wo.weight,
zero,,saved_segment,0.0,,0.0003,0,0.0,normuon,589824,,,16,diagnostic-natural-normuon,"[768, 768]",0.0,,1,1,0.layers.6.attn.Wo.weight,
zero,,cumulative,0.0,,0.0003,0,0.0,normuon,589824,,,16,diagnostic-natural-normuon,"[768, 768]",0.0,,1,1,0.layers.6.attn.Wo.weight,
zero,,saved_segment,0.0,,0.0003,0,0.0,normuon,1769472,,,16,diagnostic-natural-normuon,"[2304, 768]",0.0,,1,1,0.layers.6.attn.Wqkv.weight,
zero,,cumulative,0.0,,0.0003,0,0.0,normuon,1769472,,,16,diagnostic-natural-normuon,"[2304, 768]",0.0,,1,1,0.layers.6.attn.Wqkv.weight,
zero,,saved_segment,0.0,,0.0003,0,0.0,normuon,1769472,,,16,diagnostic-natural-normuon,"[2304, 768]",0.0,,1,1,0.layers.6.mlp.Wi.weight,
zero,,cumulative,0.0,,0.0003,0,0.0,normuon,1769472,,,16,diagnostic-natural-normuon,"[2304, 768]",0.0,,1,1,0.layers.6.mlp.Wi.weight,
zero,,saved_segment,0.0,,0.0003,0,0.0,normuon,884736,,,16,diagnostic-natural-normuon,"[768, 1152]",0.0,,1,1,0.layers.6.mlp.Wo.weight,
zero,,cumulative,0.0,,0.0003,0,0.0,normuon,884736,,,16,diagnostic-natural-normuon,"[768, 1152]",0.0,,1,1,0.layers.6.mlp.Wo.weight,
zero,,saved_segment,0.0,,0.0003,0,0.0,normuon,589824,,,16,diagnostic-natural-normuon,"[768, 768]",0.0,,1,1,0.layers.7.attn.Wo.weight,
zero,,cumulative,0.0,,0.0003,0,0.0,normuon,589824,,,16,diagnostic-natural-normuon,"[768, 768]",0.0,,1,1,0.layers.7.attn.Wo.weight,
zero,,saved_segment,0.0,,0.0003,0,0.0,normuon,1769472,,,16,diagnostic-natural-normuon,"[2304, 768]",0.0,,1,1,0.layers.7.attn.Wqkv.weight,
zero,,cumulative,0.0,,0.0003,0,0.0,normuon,1769472,,,16,diagnostic-natural-normuon,"[2304, 768]",0.0,,1,1,0.layers.7.attn.Wqkv.weight,
zero,,saved_segment,0.0,,0.0003,0,0.0,normuon,1769472,,,16,diagnostic-natural-normuon,"[2304, 768]",0.0,,1,1,0.layers.7.mlp.Wi.weight,
zero,,cumulative,0.0,,0.0003,0,0.0,normuon,1769472,,,16,diagnostic-natural-normuon,"[2304, 768]",0.0,,1,1,0.layers.7.mlp.Wi.weight,
zero,,saved_segment,0.0,,0.0003,0,0.0,normuon,884736,,,16,diagnostic-natural-normuon,"[768, 1152]",0.0,,1,1,0.layers.7.mlp.Wo.weight,
zero,,cumulative,0.0,,0.0003,0,0.0,normuon,884736,,,16,diagnostic-natural-normuon,"[768, 1152]",0.0,,1,1,0.layers.7.mlp.Wo.weight,
zero,,saved_segment,0.0,,0.0003,0,0.0,normuon,589824,,,16,diagnostic-natural-normuon,"[768, 768]",0.0,,1,1,0.layers.8.attn.Wo.weight,
zero,,cumulative,0.0,,0.0003,0,0.0,normuon,589824,,,16,diagnostic-natural-normuon,"[768, 768]",0.0,,1,1,0.layers.8.attn.Wo.weight,
zero,,saved_segment,0.0,,0.0003,0,0.0,normuon,1769472,,,16,diagnostic-natural-normuon,"[2304, 768]",0.0,,1,1,0.layers.8.attn.Wqkv.weight,
zero,,cumulative,0.0,,0.0003,0,0.0,normuon,1769472,,,16,diagnostic-natural-normuon,"[2304, 768]",0.0,,1,1,0.layers.8.attn.Wqkv.weight,
zero,,saved_segment,0.0,,0.0003,0,0.0,normuon,1769472,,,16,diagnostic-natural-normuon,"[2304, 768]",0.0,,1,1,0.layers.8.mlp.Wi.weight,
zero,,cumulative,0.0,,0.0003,0,0.0,normuon,1769472,,,16,diagnostic-natural-normuon,"[2304, 768]",0.0,,1,1,0.layers.8.mlp.Wi.weight,
zero,,saved_segment,0.0,,0.0003,0,0.0,normuon,884736,,,16,diagnostic-natural-normuon,"[768, 1152]",0.0,,1,1,0.layers.8.mlp.Wo.weight,
zero,,cumulative,0.0,,0.0003,0,0.0,normuon,884736,,,16,diagnostic-natural-normuon,"[768, 1152]",0.0,,1,1,0.layers.8.mlp.Wo.weight,
zero,,saved_segment,0.0,,0.0003,0,0.0,normuon,589824,,,16,diagnostic-natural-normuon,"[768, 768]",0.0,,1,1,0.layers.9.attn.Wo.weight,
zero,,cumulative,0.0,,0.0003,0,0.0,normuon,589824,,,16,diagnostic-natural-normuon,"[768, 768]",0.0,,1,1,0.layers.9.attn.Wo.weight,
zero,,saved_segment,0.0,,0.0003,0,0.0,normuon,1769472,,,16,diagnostic-natural-normuon,"[2304, 768]",0.0,,1,1,0.layers.9.attn.Wqkv.weight,
zero,,cumulative,0.0,,0.0003,0,0.0,normuon,1769472,,,16,diagnostic-natural-normuon,"[2304, 768]",0.0,,1,1,0.layers.9.attn.Wqkv.weight,
zero,,saved_segment,0.0,,0.0003,0,0.0,normuon,1769472,,,16,diagnostic-natural-normuon,"[2304, 768]",0.0,,1,1,0.layers.9.mlp.Wi.weight,
zero,,cumulative,0.0,,0.0003,0,0.0,normuon,1769472,,,16,diagnostic-natural-normuon,"[2304, 768]",0.0,,1,1,0.layers.9.mlp.Wi.weight,
zero,,saved_segment,0.0,,0.0003,0,0.0,normuon,884736,,,16,diagnostic-natural-normuon,"[768, 1152]",0.0,,1,1,0.layers.9.mlp.Wo.weight,
zero,,cumulative,0.0,,0.0003,0,0.0,normuon,884736,,,16,diagnostic-natural-normuon,"[768, 1152]",0.0,,1,1,0.layers.9.mlp.Wo.weight,
resolved,0.0004226429818013501,saved_segment,0.007419316342545411,729.5058911598007,0.0003,768,6.18082029835538e-17,normuon,589824,0.0004247405028138763,3.764679496756595e-15,16,diagnostic-natural-normuon,"[768, 768]",0.00036244713531923553,419.0235524628315,2,2,0.layers.0.attn.Wo.weight,0.037997919318109294
resolved,0.0004226429818013501,cumulative,0.007419316342545411,729.5058911598007,0.0003,768,6.18082029835538e-17,normuon,589824,0.0004247405028138763,3.764679496756595e-15,16,diagnostic-natural-normuon,"[768, 768]",0.00036244713531923553,419.0235524628315,2,2,0.layers.0.attn.Wo.weight,0.037997919318109294
resolved,0.002999791372173684,saved_segment,0.013587691451876169,745.9683655858333,0.0003,768,3.6199913012887884e-16,normuon,1769472,0.003103812737860733,3.956285865160868e-15,16,diagnostic-natural-normuon,"[2304, 768]",0.0007075951161271104,368.7412294304274,2,2,0.layers.0.attn.Wqkv.weight,0.041647473192540856
resolved,0.002999791372173684,cumulative,0.013587691451876169,745.9683655858333,0.0003,768,3.6199913012887884e-16,normuon,1769472,0.003103812737860733,3.956285865160868e-15,16,diagnostic-natural-normuon,"[2304, 768]",0.0007075951161271104,368.7412294304274,2,2,0.layers.0.attn.Wqkv.weight,0.041647473192540856
resolved,0.0025313441542484704,saved_segment,0.013069328526420097,749.7696784044364,0.0003,768,3.6511291729573936e-16,normuon,1769472,0.0026502836675599177,3.834941293830059e-15,16,diagnostic-natural-normuon,"[2304, 768]",0.0007136815964762355,335.3494160090609,2,2,0.layers.0.mlp.Wi.weight,0.045479516129844876
resolved,0.0025313441542484704,cumulative,0.013069328526420097,749.7696784044364,0.0003,768,3.6511291729573936e-16,normuon,1769472,0.0026502836675599177,3.834941293830059e-15,16,diagnostic-natural-normuon,"[2304, 768]",0.0007136815964762355,335.3494160090609,2,2,0.layers.0.mlp.Wi.weight,0.045479516129844876
resolved,0.00032738865080309286,saved_segment,0.007781016059672046,754.2565178464524,0.0003,768,9.353608762653869e-17,normuon,884736,0.00033139387378248016,3.954020930690073e-15,16,diagnostic-natural-normuon,"[768, 1152]",0.0003656676123095258,452.79292410216505,2,2,0.layers.0.mlp.Wo.weight,0.03476649991838541
resolved,0.00032738865080309286,cumulative,0.007781016059672046,754.2565178464524,0.0003,768,9.353608762653869e-17,normuon,884736,0.00033139387378248016,3.954020930690073e-15,16,diagnostic-natural-normuon,"[768, 1152]",0.0003656676123095258,452.79292410216505,2,2,0.layers.0.mlp.Wo.weight,0.03476649991838541
resolved,0.0005260096740043633,saved_segment,0.007469151961699696,736.4678096348902,0.0003,768,6.215152776655236e-17,normuon,589824,0.0005317556974288054,3.767892796918855e-15,16,diagnostic-natural-normuon,"[768, 768]",0.0003644604131379587,419.9928185213728,2,2,0.layers.1.attn.Wo.weight,0.03752345142635518
resolved,0.0005260096740043633,cumulative,0.007469151961699696,736.4678096348902,0.0003,768,6.215152776655236e-17,normuon,589824,0.0005317556974288054,3.767892796918855e-15,16,diagnostic-natural-normuon,"[768, 768]",0.0003644604131379587,419.9928185213728,2,2,0.layers.1.attn.Wo.weight,0.03752345142635518
resolved,0.0002595593651262853,saved_segment,0.01382119042170224,742.7319925742659,0.0003,768,3.9413385226391587e-16,normuon,1769472,0.00027997474853607926,3.7357714331421546e-15,16,diagnostic-natural-normuon,"[2304, 768]",0.000770408450603242,321.84652560479776,2,2,0.layers.1.attn.Wqkv.weight,0.045153221273815464
resolved,0.0002595593651262853,cumulative,0.01382119042170224,742.7319925742659,0.0003,768,3.9413385226391587e-16,normuon,1769472,0.00027997474853607926,3.7357714331421546e-15,16,diagnostic-natural-normuon,"[2304, 768]",0.000770408450603242,321.84652560479776,2,2,0.layers.1.attn.Wqkv.weight,0.045153221273815464
resolved,0.0017921723381152113,saved_segment,0.012714722516921555,754.2197499922108,0.0003,768,3.332548976032497e-16,normuon,1769472,0.0019111267988952967,3.904705985070312e-15,16,diagnostic-natural-normuon,"[2304, 768]",0.0006514091287610191,380.9834344507676,2,2,0.layers.1.mlp.Wi.weight,0.038648280351792616
resolved,0.0017921723381152113,cumulative,0.012714722516921555,754.2197499922108,0.0003,768,3.332548976032497e-16,normuon,1769472,0.0019111267988952967,3.904705985070312e-15,16,diagnostic-natural-normuon,"[2304, 768]",0.0006514091287610191,380.9834344507676,2,2,0.layers.1.mlp.Wi.weight,0.038648280351792616
resolved,0.0008767117998795815,saved_segment,0.007673817758725235,754.9057137295019,0.0003,768,9.304993568595814e-17,normuon,884736,0.0008847389792933524,3.8259464334315375e-15,16,diagnostic-natural-normuon,"[768, 1152]",0.0003637670622240709,445.0166056739905,2,2,0.layers.1.mlp.Wo.weight,0.03559446014169786
resolved,0.0008767117998795815,cumulative,0.007673817758725235,754.9057137295019,0.0003,768,9.304993568595814e-17,normuon,884736,0.0008847389792933524,3.8259464334315375e-15,16,diagnostic-natural-normuon,"[768, 1152]",0.0003637670622240709,445.0166056739905,2,2,0.layers.1.mlp.Wo.weight,0.03559446014169786
resolved,0.00010869902163240404,saved_segment,0.007471889584750665,734.9420645132316,0.0003,768,6.267363150232155e-17,normuon,589824,0.00011075455730629212,4.084934020716594e-15,16,diagnostic-natural-normuon,"[768, 768]",0.0003675220618226707,413.32727276284214,2,2,0.layers.10.attn.Wo.weight,0.037587422791819355
resolved,0.00010869902163240404,cumulative,0.007471889584750665,734.9420645132316,0.0003,768,6.267363150232155e-17,normuon,589824,0.00011075455730629212,4.084934020716594e-15,16,diagnostic-natural-normuon,"[768, 768]",0.0003675220618226707,413.32727276284214,2,2,0.layers.10.attn.Wo.weight,0.037587422791819355
resolved,0.0016599890118947378,saved_segment,0.013627377385304253,743.2736584381591,0.0003,768,3.75897061968414e-16,normuon,1769472,0.0017088727443044683,3.86996268351042e-15,16,diagnostic-natural-normuon,"[2304, 768]",0.0007347612275219676,343.9791382012204,2,2,0.layers.10.attn.Wqkv.weight,0.04508327741091585
resolved,0.0016599890118947378,cumulative,0.013627377385304253,743.2736584381591,0.0003,768,3.75897061968414e-16,normuon,1769472,0.0017088727443044683,3.86996268351042e-15,16,diagnostic-natural-normuon,"[2304, 768]",0.0007347612275219676,343.9791382012204,2,2,0.layers.10.attn.Wqkv.weight,0.04508327741091585
resolved,0.0019341393557638614,saved_segment,0.013185968223246164,748.3298301035247,0.0003,768,3.7803702422290833e-16,normuon,1769472,0.002037075067616794,3.728586703542923e-15,16,diagnostic-natural-normuon,"[2304, 768]",0.0007389441846452001,318.4203227985225,2,2,0.layers.10.mlp.Wi.weight,0.04747735619974259
resolved,0.0019341393557638614,cumulative,0.013185968223246164,748.3298301035247,0.0003,768,3.7803702422290833e-16,normuon,1769472,0.002037075067616794,3.728586703542923e-15,16,diagnostic-natural-normuon,"[2304, 768]",0.0007389441846452001,318.4203227985225,2,2,0.layers.10.mlp.Wi.weight,0.04747735619974259
resolved,0.0003712496286754164,saved_segment,0.007717951552818138,754.338453587105,0.0003,768,9.314132885682427e-17,normuon,884736,0.00037437576710442136,3.748277038635461e-15,16,diagnostic-natural-normuon,"[768, 1152]",0.00036412435237186336,449.2671305772759,2,2,0.layers.10.mlp.Wo.weight,0.03528933709618363
resolved,0.0003712496286754164,cumulative,0.007717951552818138,754.338453587105,0.0003,768,9.314132885682427e-17,normuon,884736,0.00037437576710442136,3.748277038635461e-15,16,diagnostic-natural-normuon,"[768, 1152]",0.00036412435237186336,449.2671305772759,2,2,0.layers.10.mlp.Wo.weight,0.03528933709618363
resolved,0.0003862701368138625,saved_segment,0.007448350787704471,731.2002470950085,0.0003,768,6.294441864298982e-17,normuon,589824,0.00039477830145982724,3.740258540487551e-15,16,diagnostic-natural-normuon,"[768, 768]",0.0003691099744083613,407.2008552895398,2,2,0.layers.11.attn.Wo.weight,0.037921849139159754
resolved,0.0003862701368138625,cumulative,0.007448350787704471,731.2002470950085,0.0003,768,6.294441864298982e-17,normuon,589824,0.00039477830145982724,3.740258540487551e-15,16,diagnostic-natural-normuon,"[768, 768]",0.0003691099744083613,407.2008552895398,2,2,0.layers.11.attn.Wo.weight,0.037921849139159754
resolved,0.0009673590044736252,saved_segment,0.0135924232712023,742.1877576697203,0.0003,768,3.86169329520122e-16,normuon,1769472,0.0010180396335410097,3.990328588573231e-15,16,diagnostic-natural-normuon,"[2304, 768]",0.0007548402988405971,324.2527174270415,2,2,0.layers.11.attn.Wqkv.weight,0.046380455055986085
resolved,0.0009673590044736252,cumulative,0.0135924232712023,742.1877576697203,0.0003,768,3.86169329520122e-16,normuon,1769472,0.0010180396335410097,3.990328588573231e-15,16,diagnostic-natural-normuon,"[2304, 768]",0.0007548402988405971,324.2527174270415,2,2,0.layers.11.attn.Wqkv.weight,0.046380455055986085
resolved,0.001218719261735933,saved_segment,0.01323768232765573,748.3911268337793,0.0003,768,3.7436417309521007e-16,normuon,1769472,0.001276126379901373,3.804735189051375e-15,16,diagnostic-natural-normuon,"[2304, 768]",0.0007317649090505434,327.2508253996273,2,2,0.layers.11.mlp.Wi.weight,0.046366337818914576
resolved,0.001218719261735933,cumulative,0.01323768232765573,748.3911268337793,0.0003,768,3.7436417309521007e-16,normuon,1769472,0.001276126379901373,3.804735189051375e-15,16,diagnostic-natural-normuon,"[2304, 768]",0.0007317649090505434,327.2508253996273,2,2,0.layers.11.mlp.Wi.weight,0.046366337818914576
resolved,0.00012534050976049116,saved_segment,0.007390234329394192,726.641537977269,0.0003,768,9.990829288939739e-17,normuon,884736,0.0001348967871039101,3.797790024454967e-15,16,diagnostic-natural-normuon,"[768, 1152]",0.0003905789501978407,358.01296210841633,2,2,0.layers.11.mlp.Wo.weight,0.03921537718048597
resolved,0.00012534050976049116,cumulative,0.007390234329394192,726.641537977269,0.0003,768,9.990829288939739e-17,normuon,884736,0.0001348967871039101,3.797790024454967e-15,16,diagnostic-natural-normuon,"[768, 1152]",0.0003905789501978407,358.01296210841633,2,2,0.layers.11.mlp.Wo.weight,0.03921537718048597
resolved,7.682149833413718e-05,saved_segment,0.007410420206600066,725.5981086364982,0.0003,768,6.361911391200805e-17,normuon,589824,7.941433276830012e-05,3.885946077482893e-15,16,diagnostic-natural-normuon,"[768, 768]",0.00037306642930697996,394.56024959389674,2,2,0.layers.12.attn.Wo.weight,0.0383615625018878
resolved,7.682149833413718e-05,cumulative,0.007410420206600066,725.5981086364982,0.0003,768,6.361911391200805e-17,normuon,589824,7.941433276830012e-05,3.885946077482893e-15,16,diagnostic-natural-normuon,"[768, 768]",0.00037306642930697996,394.56024959389674,2,2,0.layers.12.attn.Wo.weight,0.0383615625018878
resolved,0.00035107691906171505,saved_segment,0.013967464832176466,747.0167964520872,0.0003,768,4.088179602929648e-16,normuon,1769472,0.0003961759203902019,3.915196116722562e-15,16,diagnostic-natural-normuon,"[2304, 768]",0.00079911129064139,305.50662985835163,2,2,0.layers.12.attn.Wqkv.weight,0.04462750600994435
resolved,0.00035107691906171505,cumulative,0.013967464832176466,747.0167964520872,0.0003,768,4.088179602929648e-16,normuon,1769472,0.0003961759203902019,3.915196116722562e-15,16,diagnostic-natural-normuon,"[2304, 768]",0.00079911129064139,305.50662985835163,2,2,0.layers.12.attn.Wqkv.weight,0.04462750600994435
resolved,0.003504156889873337,saved_segment,0.013177939284573217,748.5327837598057,0.0003,768,3.7600782610959436e-16,normuon,1769472,0.0036842882179290845,3.813091322130149e-15,16,diagnostic-natural-normuon,"[2304, 768]",0.0007349777367862671,321.4745791156237,2,2,0.layers.12.mlp.Wi.weight,0.04688356605233338
resolved,0.003504156889873337,cumulative,0.013177939284573217,748.5327837598057,0.0003,768,3.7600782610959436e-16,normuon,1769472,0.0036842882179290845,3.813091322130149e-15,16,diagnostic-natural-normuon,"[2304, 768]",0.0007349777367862671,321.4745791156237,2,2,0.layers.12.mlp.Wi.weight,0.04688356605233338
resolved,0.0005138613597757154,saved_segment,0.00773016346296229,754.3496868987149,0.0003,768,9.32327672316648e-17,normuon,884736,0.0005183424319683477,3.749380858496217e-15,16,diagnostic-natural-normuon,"[768, 1152]",0.00036448181923892864,449.806384136463,2,2,0.layers.12.mlp.Wo.weight,0.035224661642478255
resolved,0.0005138613597757154,cumulative,0.00773016346296229,754.3496868987149,0.0003,768,9.32327672316648e-17,normuon,884736,0.0005183424319683477,3.749380858496217e-15,16,diagnostic-natural-normuon,"[768, 1152]",0.00036448181923892864,449.806384136463,2,2,0.layers.12.mlp.Wo.weight,0.035224661642478255
resolved,0.0003312840390551405,saved_segment,0.007436372318329544,730.0461984325004,0.0003,768,6.241730269452312e-17,normuon,589824,0.0003359488909119222,3.839977051603416e-15,16,diagnostic-natural-normuon,"[768, 768]",0.0003660189337975596,412.7766745355736,2,2,0.layers.13.attn.Wo.weight,0.03797325543778982
resolved,0.0003312840390551405,cumulative,0.007436372318329544,730.0461984325004,0.0003,768,6.241730269452312e-17,normuon,589824,0.0003359488909119222,3.839977051603416e-15,16,diagnostic-natural-normuon,"[768, 768]",0.0003660189337975596,412.7766745355736,2,2,0.layers.13.attn.Wo.weight,0.03797325543778982
resolved,0.0007562130760024788,saved_segment,0.013643238988879921,743.379865057217,0.0003,768,3.7895170280970163e-16,normuon,1769472,0.0007863651055395017,3.9253893636951e-15,16,diagnostic-natural-normuon,"[2304, 768]",0.0007407320952973902,339.24436935359745,2,2,0.layers.13.attn.Wqkv.weight,0.045074036657619276
resolved,0.0007562130760024788,cumulative,0.013643238988879921,743.379865057217,0.0003,768,3.7895170280970163e-16,normuon,1769472,0.0007863651055395017,3.9253893636951e-15,16,diagnostic-natural-normuon,"[2304, 768]",0.0007407320952973902,339.24436935359745,2,2,0.layers.13.attn.Wqkv.weight,0.045074036657619276
resolved,0.0024053034506080198,saved_segment,0.01309072014529849,749.6060704098318,0.0003,768,3.688772431121735e-16,normuon,1769472,0.002509994886689378,3.791045770182635e-15,16,diagnostic-natural-normuon,"[2304, 768]",0.0007210396764867363,329.6163536550663,2,2,0.layers.13.mlp.Wi.weight,0.0465489425689737
resolved,0.0024053034506080198,cumulative,0.01309072014529849,749.6060704098318,0.0003,768,3.688772431121735e-16,normuon,1769472,0.002509994886689378,3.791045770182635e-15,16,diagnostic-natural-normuon,"[2304, 768]",0.0007210396764867363,329.6163536550663,2,2,0.layers.13.mlp.Wi.weight,0.0465489425689737
resolved,0.00024409827197634343,saved_segment,0.007705665569302411,754.5377405143869,0.0003,768,9.31901125291839e-17,normuon,884736,0.00024642912425817487,3.735905347876789e-15,16,diagnostic-natural-normuon,"[768, 1152]",0.00036431506602521463,447.3691677948903,2,2,0.layers.13.mlp.Wo.weight,0.03534599400174629
resolved,0.00024409827197634343,cumulative,0.007705665569302411,754.5377405143869,0.0003,768,9.31901125291839e-17,normuon,884736,0.00024642912425817487,3.735905347876789e-15,16,diagnostic-natural-normuon,"[768, 1152]",0.00036431506602521463,447.3691677948903,2,2,0.layers.13.mlp.Wo.weight,0.03534599400174629
resolved,0.00029232923232880016,saved_segment,0.00742469063305197,727.2462208625718,0.0003,768,6.313089839947361e-17,normuon,589824,0.00029970300084898154,3.8086507185173146e-15,16,diagnostic-natural-normuon,"[768, 768]",0.00037020350326488803,402.23112769453843,2,2,0.layers.14.attn.Wo.weight,0.038207796008313324
resolved,0.00029232923232880016,cumulative,0.00742469063305197,727.2462208625718,0.0003,768,6.313089839947361e-17,normuon,589824,0.00029970300084898154,3.8086507185173146e-15,16,diagnostic-natural-normuon,"[768, 768]",0.00037020350326488803,402.23112769453843,2,2,0.layers.14.attn.Wo.weight,0.038207796008313324
resolved,0.0011382733559538228,saved_segment,0.013653524948736317,745.7064053151862,0.0003,768,3.727989851066248e-16,normuon,1769472,0.001180953778545818,3.86497173045904e-15,16,diagnostic-natural-normuon,"[2304, 768]",0.0007287054559072459,351.0633834882743,2,2,0.layers.14.attn.Wqkv.weight,0.04359163035194095
resolved,0.0011382733559538228,cumulative,0.013653524948736317,745.7064053151862,0.0003,768,3.727989851066248e-16,normuon,1769472,0.001180953778545818,3.86497173045904e-15,16,diagnostic-natural-normuon,"[2304, 768]",0.0007287054559072459,351.0633834882743,2,2,0.layers.14.attn.Wqkv.weight,0.04359163035194095
resolved,0.00030818300838357916,saved_segment,0.013101286597295533,749.8863770783742,0.0003,768,3.723407946786925e-16,normuon,1769472,0.0003247467316248063,3.869949225196582e-15,16,diagnostic-natural-normuon,"[2304, 768]",0.0007278098368792508,324.03509693783496,2,2,0.layers.14.mlp.Wi.weight,0.04628344536803602
resolved,0.00030818300838357916,cumulative,0.013101286597295533,749.8863770783742,0.0003,768,3.723407946786925e-16,normuon,1769472,0.0003247467316248063,3.869949225196582e-15,16,diagnostic-natural-normuon,"[2304, 768]",0.0007278098368792508,324.03509693783496,2,2,0.layers.14.mlp.Wi.weight,0.04628344536803602
resolved,0.0005370474376004199,saved_segment,0.00773626576717322,754.2160777660564,0.0003,768,9.331584195890671e-17,normuon,884736,0.0005417611593898506,3.700891612794071e-15,16,diagnostic-natural-normuon,"[768, 1152]",0.0003648065894738684,449.7150408865356,2,2,0.layers.14.mlp.Wo.weight,0.035192885825550135
resolved,0.0005370474376004199,cumulative,0.00773626576717322,754.2160777660564,0.0003,768,9.331584195890671e-17,normuon,884736,0.0005417611593898506,3.700891612794071e-15,16,diagnostic-natural-normuon,"[768, 1152]",0.0003648065894738684,449.7150408865356,2,2,0.layers.14.mlp.Wo.weight,0.035192885825550135
resolved,0.00018605988399384774,saved_segment,0.0074094853141248715,725.9910111973628,0.0003,768,6.274697774756134e-17,normuon,589824,0.00018962222732411038,3.6563628398954795e-15,16,diagnostic-natural-normuon,"[768, 768]",0.00036795216875330994,405.5023253949626,2,2,0.layers.15.attn.Wo.weight,0.03829846938039594
resolved,0.00018605988399384774,cumulative,0.0074094853141248715,725.9910111973628,0.0003,768,6.274697774756134e-17,normuon,589824,0.00018962222732411038,3.6563628398954795e-15,16,diagnostic-natural-normuon,"[768, 768]",0.00036795216875330994,405.5023253949626,2,2,0.layers.15.attn.Wo.weight,0.03829846938039594
resolved,0.0021326040738935447,saved_segment,0.013759887649082793,744.1103580012324,0.0003,768,3.8231346537644444e-16,normuon,1769472,0.0022251793066121557,3.896894959821705e-15,16,diagnostic-natural-normuon,"[2304, 768]",0.0007473032900208673,339.0283275190457,2,2,0.layers.15.attn.Wqkv.weight,0.04504326580957946
resolved,0.0021326040738935447,cumulative,0.013759887649082793,744.1103580012324,0.0003,768,3.8231346537644444e-16,normuon,1769472,0.0022251793066121557,3.896894959821705e-15,16,diagnostic-natural-normuon,"[2304, 768]",0.0007473032900208673,339.0283275190457,2,2,0.layers.15.attn.Wqkv.weight,0.04504326580957946
resolved,0.0014529306189088726,saved_segment,0.013185590130863373,749.2068151988135,0.0003,768,3.8838011123552775e-16,normuon,1769472,0.0015836137521125005,3.8955571274431025e-15,16,diagnostic-natural-normuon,"[2304, 768]",0.0007591616858673761,301.66892823833837,2,2,0.layers.15.mlp.Wi.weight,0.04670100242182605
resolved,0.0014529306189088726,cumulative,0.013185590130863373,749.2068151988135,0.0003,768,3.8838011123552775e-16,normuon,1769472,0.0015836137521125005,3.8955571274431025e-15,16,diagnostic-natural-normuon,"[2304, 768]",0.0007591616858673761,301.66892823833837,2,2,0.layers.15.mlp.Wi.weight,0.04670100242182605
resolved,0.0003900120145061882,saved_segment,0.00779460952702148,749.889946232592,0.0003,768,9.402673180396016e-17,normuon,884736,0.0003952599017079041,3.816731185889775e-15,16,diagnostic-natural-normuon,"[768, 1152]",0.00036758572423192755,449.6467460211079,2,2,0.layers.15.mlp.Wo.weight,0.034901342432872816
resolved,0.0003900120145061882,cumulative,0.00779460952702148,749.889946232592,0.0003,768,9.402673180396016e-17,normuon,884736,0.0003952599017079041,3.816731185889775e-15,16,diagnostic-natural-normuon,"[768, 1152]",0.00036758572423192755,449.6467460211079,2,2,0.layers.15.mlp.Wo.weight,0.034901342432872816
resolved,0.00022633482335643237,saved_segment,0.007433853823834033,728.1928478228925,0.0003,768,6.241452279155785e-17,normuon,589824,0.00022920805491691377,3.780084850579908e-15,16,diagnostic-natural-normuon,"[768, 768]",0.00036600263227417614,412.53387523376597,2,2,0.layers.16.attn.Wo.weight,0.03811050573381901
resolved,0.00022633482335643237,cumulative,0.007433853823834033,728.1928478228925,0.0003,768,6.241452279155785e-17,normuon,589824,0.00022920805491691377,3.780084850579908e-15,16,diagnostic-natural-normuon,"[768, 768]",0.00036600263227417614,412.53387523376597,2,2,0.layers.16.attn.Wo.weight,0.03811050573381901
resolved,0.002037536082302945,saved_segment,0.01392336170084235,749.5229531614916,0.0003,768,3.6253762751026703e-16,normuon,1769472,0.0021288551108501856,3.919744794078667e-15,16,diagnostic-natural-normuon,"[2304, 768]",0.0007086477101402006,386.0356689646498,2,2,0.layers.16.attn.Wqkv.weight,0.03934996945190607
resolved,0.002037536082302945,cumulative,0.01392336170084235,749.5229531614916,0.0003,768,3.6253762751026703e-16,normuon,1769472,0.0021288551108501856,3.919744794078667e-15,16,diagnostic-natural-normuon,"[2304, 768]",0.0007086477101402006,386.0356689646498,2,2,0.layers.16.attn.Wqkv.weight,0.03934996945190607
resolved,0.000566318026807815,saved_segment,0.013157998359139143,747.9792576565353,0.0003,768,3.869654322696192e-16,normuon,1769472,0.0006030705690492726,3.822519179976653e-15,16,diagnostic-natural-normuon,"[2304, 768]",0.000756396430805,302.60821518828726,2,2,0.layers.16.mlp.Wi.weight,0.049137633902637166
resolved,0.000566318026807815,cumulative,0.013157998359139143,747.9792576565353,0.0003,768,3.869654322696192e-16,normuon,1769472,0.0006030705690492726,3.822519179976653e-15,16,diagnostic-natural-normuon,"[2304, 768]",0.000756396430805,302.60821518828726,2,2,0.layers.16.mlp.Wi.weight,0.049137633902637166
resolved,0.000879919889758424,saved_segment,0.007787967577896347,754.5732747619174,0.0003,768,9.329311279801012e-17,normuon,884736,0.0008876965601544958,3.7078201239417545e-15,16,diagnostic-natural-normuon,"[768, 1152]",0.0003647177326678403,455.96815351900716,2,2,0.layers.16.mlp.Wo.weight,0.034746455727489176
resolved,0.000879919889758424,cumulative,0.007787967577896347,754.5732747619174,0.0003,768,9.329311279801012e-17,normuon,884736,0.0008876965601544958,3.7078201239417545e-15,16,diagnostic-natural-normuon,"[768, 1152]",0.0003647177326678403,455.96815351900716,2,2,0.layers.16.mlp.Wo.weight,0.034746455727489176
resolved,0.0004046027867939513,saved_segment,0.007404304614414324,723.8647704233387,0.0003,768,6.238692863308746e-17,normuon,589824,0.00040964214124456535,3.692241045705229e-15,16,diagnostic-natural-normuon,"[768, 768]",0.0003658408184176594,409.6229066329299,2,2,0.layers.17.attn.Wo.weight,0.03844682666635757
resolved,0.0004046027867939513,cumulative,0.007404304614414324,723.8647704233387,0.0003,768,6.238692863308746e-17,normuon,589824,0.00040964214124456535,3.692241045705229e-15,16,diagnostic-natural-normuon,"[768, 768]",0.0003658408184176594,409.6229066329299,2,2,0.layers.17.attn.Wo.weight,0.03844682666635757
resolved,0.0008435538090915002,saved_segment,0.013908294786633916,741.4473611025594,0.0003,768,3.803538854367821e-16,normuon,1769472,0.0008751873047047539,3.951952061219959e-15,16,diagnostic-natural-normuon,"[2304, 768]",0.0007434729239244845,349.95923643579044,2,2,0.layers.17.attn.Wqkv.weight,0.043690901890865046
resolved,0.0008435538090915002,cumulative,0.013908294786633916,741.4473611025594,0.0003,768,3.803538854367821e-16,normuon,1769472,0.0008751873047047539,3.951952061219959e-15,16,diagnostic-natural-normuon,"[2304, 768]",0.0007434729239244845,349.95923643579044,2,2,0.layers.17.attn.Wqkv.weight,0.043690901890865046
resolved,0.0026641866265953726,saved_segment,0.013490311443987855,745.5818509902841,0.0003,768,3.7689843900241474e-16,normuon,1769472,0.002776372123522725,3.839865816948376e-15,16,diagnostic-natural-normuon,"[2304, 768]",0.0007367186065311617,335.3054984716117,2,2,0.layers.17.mlp.Wi.weight,0.0455421611119419
resolved,0.0026641866265953726,cumulative,0.013490311443987855,745.5818509902841,0.0003,768,3.7689843900241474e-16,normuon,1769472,0.002776372123522725,3.839865816948376e-15,16,diagnostic-natural-normuon,"[2304, 768]",0.0007367186065311617,335.3054984716117,2,2,0.layers.17.mlp.Wi.weight,0.0455421611119419
resolved,0.000512789892671942,saved_segment,0.007838034085447355,753.1110130549337,0.0003,768,9.345951655004023e-17,normuon,884736,0.0005164078825336339,3.807384371235613e-15,16,diagnostic-natural-normuon,"[768, 1152]",0.00036536826728210755,460.2063897387042,2,2,0.layers.17.mlp.Wo.weight,0.0345061183634184
resolved,0.000512789892671942,cumulative,0.007838034085447355,753.1110130549337,0.0003,768,9.345951655004023e-17,normuon,884736,0.0005164078825336339,3.807384371235613e-15,16,diagnostic-natural-normuon,"[768, 1152]",0.00036536826728210755,460.2063897387042,2,2,0.layers.17.mlp.Wo.weight,0.0345061183634184
resolved,0.0002450507628612101,saved_segment,0.0073257905995557,718.8059280391453,0.0003,768,6.228282888668813e-17,normuon,589824,0.0002475078280555255,3.908493361881474e-15,16,diagnostic-natural-normuon,"[768, 768]",0.00036523037104904823,402.32334390565245,2,2,0.layers.18.attn.Wo.weight,0.03932220656351812
resolved,0.0002450507628612101,cumulative,0.0073257905995557,718.8059280391453,0.0003,768,6.228282888668813e-17,normuon,589824,0.0002475078280555255,3.908493361881474e-15,16,diagnostic-natural-normuon,"[768, 768]",0.00036523037104904823,402.32334390565245,2,2,0.layers.18.attn.Wo.weight,0.03932220656351812
resolved,0.0003090748719160551,saved_segment,0.013551766507878848,747.5643659384232,0.0003,768,3.7150065163899303e-16,normuon,1769472,0.00032491268581676244,4.048260985298602e-15,16,diagnostic-natural-normuon,"[2304, 768]",0.0007261676199172159,348.27160015258204,2,2,0.layers.18.attn.Wqkv.weight,0.0433116204235483
resolved,0.0003090748719160551,cumulative,0.013551766507878848,747.5643659384232,0.0003,768,3.7150065163899303e-16,normuon,1769472,0.00032491268581676244,4.048260985298602e-15,16,diagnostic-natural-normuon,"[2304, 768]",0.0007261676199172159,348.27160015258204,2,2,0.layers.18.attn.Wqkv.weight,0.0433116204235483
resolved,0.0004720640218966987,saved_segment,0.013547046651213122,746.7599734438446,0.0003,768,3.739894359683737e-16,normuon,1769472,0.0004932949446742492,3.806015105699996e-15,16,diagnostic-natural-normuon,"[2304, 768]",0.0007310324151335372,343.4124084233993,2,2,0.layers.18.mlp.Wi.weight,0.04420180882962273
resolved,0.0004720640218966987,cumulative,0.013547046651213122,746.7599734438446,0.0003,768,3.739894359683737e-16,normuon,1769472,0.0004932949446742492,3.806015105699996e-15,16,diagnostic-natural-normuon,"[2304, 768]",0.0007310324151335372,343.4124084233993,2,2,0.layers.18.mlp.Wi.weight,0.04420180882962273
resolved,0.0006434795322504566,saved_segment,0.007844215845148233,753.8542470319187,0.0003,768,9.34376126116345e-17,normuon,884736,0.0006479730149852274,3.9008095143230876e-15,16,diagnostic-natural-normuon,"[768, 1152]",0.00036528263657998776,461.14872593756024,2,2,0.layers.18.mlp.Wo.weight,0.03442405193888978
resolved,0.0006434795322504566,cumulative,0.007844215845148233,753.8542470319187,0.0003,768,9.34376126116345e-17,normuon,884736,0.0006479730149852274,3.9008095143230876e-15,16,diagnostic-natural-normuon,"[768, 1152]",0.00036528263657998776,461.14872593756024,2,2,0.layers.18.mlp.Wo.weight,0.03442405193888978
resolved,0.0003881704305573428,saved_segment,0.007122430454437595,702.4034220871214,0.0003,768,6.229044210685726e-17,normuon,589824,0.00039255564373158746,3.7570319523855216e-15,16,diagnostic-natural-normuon,"[768, 768]",0.0003652750154442523,380.2038402303999,2,2,0.layers.19.attn.Wo.weight,0.04151329867734852
resolved,0.0003881704305573428,cumulative,0.007122430454437595,702.4034220871214,0.0003,768,6.229044210685726e-17,normuon,589824,0.00039255564373158746,3.7570319523855216e-15,16,diagnostic-natural-normuon,"[768, 768]",0.0003652750154442523,380.2038402303999,2,2,0.layers.19.attn.Wo.weight,0.04151329867734852
resolved,0.0027501386222782533,saved_segment,0.013854303917591177,741.2815981437017,0.0003,768,4.2089993243040685e-16,normuon,1769472,0.0030044417241560212,3.783252548354063e-15,16,diagnostic-natural-normuon,"[2304, 768]",0.0008227277685997601,283.5679275455069,2,2,0.layers.19.attn.Wqkv.weight,0.050354136052615774
resolved,0.0027501386222782533,cumulative,0.013854303917591177,741.2815981437017,0.0003,768,4.2089993243040685e-16,normuon,1769472,0.0030044417241560212,3.783252548354063e-15,16,diagnostic-natural-normuon,"[2304, 768]",0.0008227277685997601,283.5679275455069,2,2,0.layers.19.attn.Wqkv.weight,0.050354136052615774
resolved,0.00205059403582277,saved_segment,0.013316555893895013,749.0842539868061,0.0003,768,3.6461851765089387e-16,normuon,1769472,0.002126822510909971,3.814249970157825e-15,16,diagnostic-natural-normuon,"[2304, 768]",0.0007127151997504116,349.101561041482,2,2,0.layers.19.mlp.Wi.weight,0.04399451671757038
resolved,0.00205059403582277,cumulative,0.013316555893895013,749.0842539868061,0.0003,768,3.6461851765089387e-16,normuon,1769472,0.002126822510909971,3.814249970157825e-15,16,diagnostic-natural-normuon,"[2304, 768]",0.0007127151997504116,349.101561041482,2,2,0.layers.19.mlp.Wi.weight,0.04399451671757038
resolved,0.00048278380875913266,saved_segment,0.007812782336608811,754.579717119523,0.0003,768,9.333336386581319e-17,normuon,884736,0.000486838011653223,3.807825563396625e-15,16,diagnostic-natural-normuon,"[768, 1152]",0.0003648750891730132,458.48277270127824,2,2,0.layers.19.mlp.Wo.weight,0.03457942902573476
resolved,0.00048278380875913266,cumulative,0.007812782336608811,754.579717119523,0.0003,768,9.333336386581319e-17,normuon,884736,0.000486838011653223,3.807825563396625e-15,16,diagnostic-natural-normuon,"[768, 1152]",0.0003648750891730132,458.48277270127824,2,2,0.layers.19.mlp.Wo.weight,0.03457942902573476
resolved,0.0006222987568492039,saved_segment,0.007470622815126555,737.9717864453125,0.0003,768,6.211650733049037e-17,normuon,589824,0.000629717759375464,3.781335317871733e-15,16,diagnostic-natural-normuon,"[768, 768]",0.00036425505112910563,420.6321404118174,2,2,0.layers.2.attn.Wo.weight,0.0374197355137497
resolved,0.0006222987568492039,cumulative,0.007470622815126555,737.9717864453125,0.0003,768,6.211650733049037e-17,normuon,589824,0.000629717759375464,3.781335317871733e-15,16,diagnostic-natural-normuon,"[768, 768]",0.00036425505112910563,420.6321404118174,2,2,0.layers.2.attn.Wo.weight,0.0374197355137497
resolved,0.001768268338021857,saved_segment,0.01392690060252894,740.1070227800822,0.0003,768,3.8508410801068783e-16,normuon,1769472,0.001832591060463761,3.960063655458334e-15,16,diagnostic-natural-normuon,"[2304, 768]",0.0007527190300968896,342.32858122979303,2,2,0.layers.2.attn.Wqkv.weight,0.044787368213339895
resolved,0.001768268338021857,cumulative,0.01392690060252894,740.1070227800822,0.0003,768,3.8508410801068783e-16,normuon,1769472,0.001832591060463761,3.960063655458334e-15,16,diagnostic-natural-normuon,"[2304, 768]",0.0007527190300968896,342.32858122979303,2,2,0.layers.2.attn.Wqkv.weight,0.044787368213339895
resolved,0.002062503342935255,saved_segment,0.012659969201155174,754.6094472531139,0.0003,768,3.270470138008658e-16,normuon,1769472,0.0021663690970775504,3.930871104743857e-15,16,diagnostic-natural-normuon,"[2304, 768]",0.0006392746568950576,392.18440723717947,2,2,0.layers.2.mlp.Wi.weight,0.038468669507396226
resolved,0.002062503342935255,cumulative,0.012659969201155174,754.6094472531139,0.0003,768,3.270470138008658e-16,normuon,1769472,0.0021663690970775504,3.930871104743857e-15,16,diagnostic-natural-normuon,"[2304, 768]",0.0006392746568950576,392.18440723717947,2,2,0.layers.2.mlp.Wi.weight,0.038468669507396226
resolved,0.00031735532951330457,saved_segment,0.007669608300340024,754.9749215726617,0.0003,768,9.313900198352303e-17,normuon,884736,0.00032058969850388286,3.7448544743733495e-15,16,diagnostic-natural-normuon,"[768, 1152]",0.000364115255752304,443.67873894553276,2,2,0.layers.2.mlp.Wo.weight,0.03567333703728133
resolved,0.00031735532951330457,cumulative,0.007669608300340024,754.9749215726617,0.0003,768,9.313900198352303e-17,normuon,884736,0.00032058969850388286,3.7448544743733495e-15,16,diagnostic-natural-normuon,"[768, 1152]",0.000364115255752304,443.67873894553276,2,2,0.layers.2.mlp.Wo.weight,0.03567333703728133
resolved,0.00038958323963245834,saved_segment,0.006913736267691226,684.6875929741764,0.0003,768,6.246764660766081e-17,normuon,589824,0.00039467437563423674,3.809672446439862e-15,16,diagnostic-natural-normuon,"[768, 768]",0.000366314153626267,356.2199343439262,2,2,0.layers.20.attn.Wo.weight,0.044252056981098464
resolved,0.00038958323963245834,cumulative,0.006913736267691226,684.6875929741764,0.0003,768,6.246764660766081e-17,normuon,589824,0.00039467437563423674,3.809672446439862e-15,16,diagnostic-natural-normuon,"[768, 768]",0.000366314153626267,356.2199343439262,2,2,0.layers.20.attn.Wo.weight,0.044252056981098464
resolved,0.0040498365098049546,saved_segment,0.013813141708702388,740.0284121371915,0.0003,768,4.1981834390818055e-16,normuon,1769472,0.004310742033128062,3.786262380176849e-15,16,diagnostic-natural-normuon,"[2304, 768]",0.0008206136012101478,283.3397541569819,2,2,0.layers.20.attn.Wqkv.weight,0.052563371065398816
resolved,0.0040498365098049546,cumulative,0.013813141708702388,740.0284121371915,0.0003,768,4.1981834390818055e-16,normuon,1769472,0.004310742033128062,3.786262380176849e-15,16,diagnostic-natural-normuon,"[2304, 768]",0.0008206136012101478,283.3397541569819,2,2,0.layers.20.attn.Wqkv.weight,0.052563371065398816
resolved,0.0006536769864842731,saved_segment,0.013723182296954997,746.8276044270984,0.0003,768,3.7125911788797703e-16,normuon,1769472,0.0006805044397049122,3.980850998546789e-15,16,diagnostic-natural-normuon,"[2304, 768]",0.0007256954969523404,357.6027159260703,2,2,0.layers.20.mlp.Wi.weight,0.04259801131128943
resolved,0.0006536769864842731,cumulative,0.013723182296954997,746.8276044270984,0.0003,768,3.7125911788797703e-16,normuon,1769472,0.0006805044397049122,3.980850998546789e-15,16,diagnostic-natural-normuon,"[2304, 768]",0.0007256954969523404,357.6027159260703,2,2,0.layers.20.mlp.Wi.weight,0.04259801131128943
resolved,0.0003231726639762452,saved_segment,0.00773413193780783,751.5308397154201,0.0003,768,9.353803843218707e-17,normuon,884736,0.0003262397478619003,3.8523539658532324e-15,16,diagnostic-natural-normuon,"[768, 1152]",0.0003656752387397264,447.3341415721237,2,2,0.layers.20.mlp.Wo.weight,0.035367675060873134
resolved,0.0003231726639762452,cumulative,0.00773413193780783,751.5308397154201,0.0003,768,9.353803843218707e-17,normuon,884736,0.0003262397478619003,3.8523539658532324e-15,16,diagnostic-natural-normuon,"[768, 1152]",0.0003656752387397264,447.3341415721237,2,2,0.layers.20.mlp.Wo.weight,0.035367675060873134
resolved,0.0019181615180990305,saved_segment,0.005821118563208558,562.7716079459843,0.0003,768,6.260245281361735e-17,normuon,589824,0.0019640148897758546,3.4984952050136773e-15,16,diagnostic-natural-normuon,"[768, 768]",0.0003671046655779767,251.43925538655824,2,2,0.layers.21.attn.Wo.weight,0.06196513928505805
resolved,0.0019181615180990305,cumulative,0.005821118563208558,562.7716079459843,0.0003,768,6.260245281361735e-17,normuon,589824,0.0019640148897758546,3.4984952050136773e-15,16,diagnostic-natural-normuon,"[768, 768]",0.0003671046655779767,251.43925538655824,2,2,0.layers.21.attn.Wo.weight,0.06196513928505805
resolved,0.005371131156216438,saved_segment,0.013755877354626671,736.2264639324305,0.0003,768,5.251420260364587e-16,normuon,1769472,0.006798345702863966,3.685794206127543e-15,16,diagnostic-natural-normuon,"[2304, 768]",0.0010264884690861036,179.5843304552526,2,2,0.layers.21.attn.Wqkv.weight,0.06461823796789293
resolved,0.005371131156216438,cumulative,0.013755877354626671,736.2264639324305,0.0003,768,5.251420260364587e-16,normuon,1769472,0.006798345702863966,3.685794206127543e-15,16,diagnostic-natural-normuon,"[2304, 768]",0.0010264884690861036,179.5843304552526,2,2,0.layers.21.attn.Wqkv.weight,0.06461823796789293
resolved,0.0008341138418078154,saved_segment,0.010598192849898344,613.2978399537261,0.0003,768,3.834135702774616e-16,normuon,1769472,0.0008878496361942054,3.5607730524835455e-15,16,diagnostic-natural-normuon,"[2304, 768]",0.0007494536511416526,199.97424986057422,2,2,0.layers.21.mlp.Wi.weight,0.07451079919265785
resolved,0.0008341138418078154,cumulative,0.010598192849898344,613.2978399537261,0.0003,768,3.834135702774616e-16,normuon,1769472,0.0008878496361942054,3.5607730524835455e-15,16,diagnostic-natural-normuon,"[2304, 768]",0.0007494536511416526,199.97424986057422,2,2,0.layers.21.mlp.Wi.weight,0.07451079919265785
resolved,0.001139409440056696,saved_segment,0.004595316298706354,433.40219233501034,0.0003,768,9.448417422903308e-17,normuon,884736,0.0011693846241816687,3.1825738936444672e-15,16,diagnostic-natural-normuon,"[768, 1152]",0.00036937403806448126,154.7740277669616,2,2,0.layers.21.mlp.Wo.weight,0.10025976942232309
resolved,0.001139409440056696,cumulative,0.004595316298706354,433.40219233501034,0.0003,768,9.448417422903308e-17,normuon,884736,0.0011693846241816687,3.1825738936444672e-15,16,diagnostic-natural-normuon,"[768, 1152]",0.00036937403806448126,154.7740277669616,2,2,0.layers.21.mlp.Wo.weight,0.10025976942232309
resolved,0.0007580278908519314,saved_segment,0.007414998245767673,727.9929555709534,0.0003,768,6.281231095841527e-17,normuon,589824,0.0007741046098076168,3.8408502492779975e-15,16,diagnostic-natural-normuon,"[768, 768]",0.0003683352867533838,405.26159762074997,2,2,0.layers.3.attn.Wo.weight,0.038167730857743526
resolved,0.0007580278908519314,cumulative,0.007414998245767673,727.9929555709534,0.0003,768,6.281231095841527e-17,normuon,589824,0.0007741046098076168,3.8408502492779975e-15,16,diagnostic-natural-normuon,"[768, 768]",0.0003683352867533838,405.26159762074997,2,2,0.layers.3.attn.Wo.weight,0.038167730857743526
resolved,0.00113223400225517,saved_segment,0.013941396238872772,740.1850253876704,0.0003,768,4.3609917948675933e-16,normuon,1769472,0.0013048889476679035,3.826332656219202e-15,16,diagnostic-natural-normuon,"[2304, 768]",0.0008524375443720262,267.47759085780035,2,2,0.layers.3.attn.Wqkv.weight,0.048586646530792824
resolved,0.00113223400225517,cumulative,0.013941396238872772,740.1850253876704,0.0003,768,4.3609917948675933e-16,normuon,1769472,0.0013048889476679035,3.826332656219202e-15,16,diagnostic-natural-normuon,"[2304, 768]",0.0008524375443720262,267.47759085780035,2,2,0.layers.3.attn.Wqkv.weight,0.048586646530792824
resolved,0.003176658369609799,saved_segment,0.0127066603125567,753.7388605337367,0.0003,768,3.3873740811069636e-16,normuon,1769472,0.0033902720154302983,3.830043692237326e-15,16,diagnostic-natural-normuon,"[2304, 768]",0.0006621257226318488,368.28321037118536,2,2,0.layers.3.mlp.Wi.weight,0.040206885250764185
resolved,0.003176658369609799,cumulative,0.0127066603125567,753.7388605337367,0.0003,768,3.3873740811069636e-16,normuon,1769472,0.0033902720154302983,3.830043692237326e-15,16,diagnostic-natural-normuon,"[2304, 768]",0.0006621257226318488,368.28321037118536,2,2,0.layers.3.mlp.Wi.weight,0.040206885250764185
resolved,0.0006094777865429753,saved_segment,0.007674647707245064,754.5899515330236,0.0003,768,9.307512147392422e-17,normuon,884736,0.0006149863971443254,3.718368649887229e-15,16,diagnostic-natural-normuon,"[768, 1152]",0.0003638655229057542,444.87201164333356,2,2,0.layers.3.mlp.Wo.weight,0.035628927931342994
resolved,0.0006094777865429753,cumulative,0.007674647707245064,754.5899515330236,0.0003,768,9.307512147392422e-17,normuon,884736,0.0006149863971443254,3.718368649887229e-15,16,diagnostic-natural-normuon,"[768, 1152]",0.0003638655229057542,444.87201164333356,2,2,0.layers.3.mlp.Wo.weight,0.035628927931342994
resolved,0.0005084001050546313,saved_segment,0.007478131860561817,738.5621978789907,0.0003,768,6.228676953769962e-17,normuon,589824,0.0005162723109208053,3.72730180895868e-15,16,diagnostic-natural-normuon,"[768, 768]",0.00036525347927095827,419.1770667822969,2,2,0.layers.4.attn.Wo.weight,0.037319336332330914
resolved,0.0005084001050546313,cumulative,0.007478131860561817,738.5621978789907,0.0003,768,6.228676953769962e-17,normuon,589824,0.0005162723109208053,3.72730180895868e-15,16,diagnostic-natural-normuon,"[768, 768]",0.00036525347927095827,419.1770667822969,2,2,0.layers.4.attn.Wo.weight,0.037319336332330914
resolved,0.0008039482282854888,saved_segment,0.013957599586892301,741.4583336498104,0.0003,768,3.8447130964876646e-16,normuon,1769472,0.0008342441207670756,3.9392117654685424e-15,16,diagnostic-natural-normuon,"[2304, 768]",0.0007515212008979302,344.9363764247571,2,2,0.layers.4.attn.Wqkv.weight,0.04468839712129189
resolved,0.0008039482282854888,cumulative,0.013957599586892301,741.4583336498104,0.0003,768,3.8447130964876646e-16,normuon,1769472,0.0008342441207670756,3.9392117654685424e-15,16,diagnostic-natural-normuon,"[2304, 768]",0.0007515212008979302,344.9363764247571,2,2,0.layers.4.attn.Wqkv.weight,0.04468839712129189
resolved,0.004524301704400774,saved_segment,0.01271326345970466,754.3081069909432,0.0003,768,3.3666637779224937e-16,normuon,1769472,0.0048170017182050705,3.86331089528804e-15,16,diagnostic-natural-normuon,"[2304, 768]",0.0006580775058912104,373.21578325837606,2,2,0.layers.4.mlp.Wi.weight,0.03968879148755206
resolved,0.004524301704400774,cumulative,0.01271326345970466,754.3081069909432,0.0003,768,3.3666637779224937e-16,normuon,1769472,0.0048170017182050705,3.86331089528804e-15,16,diagnostic-natural-normuon,"[2304, 768]",0.0006580775058912104,373.21578325837606,2,2,0.layers.4.mlp.Wi.weight,0.03968879148755206
resolved,0.0001487815239908968,saved_segment,0.007843146963737729,750.8252243895597,0.0003,768,9.716875960659917e-17,normuon,884736,0.0001557920074953944,3.891180165284992e-15,16,diagnostic-natural-normuon,"[768, 1152]",0.0003798690881565393,426.2975111333377,2,2,0.layers.4.mlp.Wo.weight,0.034633304333860644
resolved,0.0001487815239908968,cumulative,0.007843146963737729,750.8252243895597,0.0003,768,9.716875960659917e-17,normuon,884736,0.0001557920074953944,3.891180165284992e-15,16,diagnostic-natural-normuon,"[768, 1152]",0.0003798690881565393,426.2975111333377,2,2,0.layers.4.mlp.Wo.weight,0.034633304333860644
resolved,0.0002943846394001978,saved_segment,0.007458512653876213,735.4488623300242,0.0003,768,6.300942658512011e-17,normuon,589824,0.0003019558803143117,3.6869647966284544e-15,16,diagnostic-natural-normuon,"[768, 768]",0.00036949118501246813,407.4706180670606,2,2,0.layers.5.attn.Wo.weight,0.037680088313589655
resolved,0.0002943846394001978,cumulative,0.007458512653876213,735.4488623300242,0.0003,768,6.300942658512011e-17,normuon,589824,0.0003019558803143117,3.6869647966284544e-15,16,diagnostic-natural-normuon,"[768, 768]",0.00036949118501246813,407.4706180670606,2,2,0.layers.5.attn.Wo.weight,0.037680088313589655
resolved,0.00216360489131518,saved_segment,0.013877454569982003,734.3872476959791,0.0003,768,4.2134436778223664e-16,normuon,1769472,0.002308607673871577,3.739597667595164e-15,16,diagnostic-natural-normuon,"[2304, 768]",0.0008235965007546606,283.9165068509464,2,2,0.layers.5.attn.Wqkv.weight,0.052145095377889764
resolved,0.00216360489131518,cumulative,0.013877454569982003,734.3872476959791,0.0003,768,4.2134436778223664e-16,normuon,1769472,0.002308607673871577,3.739597667595164e-15,16,diagnostic-natural-normuon,"[2304, 768]",0.0008235965007546606,283.9165068509464,2,2,0.layers.5.attn.Wqkv.weight,0.052145095377889764
resolved,0.00024365096363698869,saved_segment,0.012772130462482958,753.1259804511672,0.0003,768,3.470070747688755e-16,normuon,1769472,0.0002577305669580844,3.8988747992546764e-15,16,diagnostic-natural-normuon,"[2304, 768]",0.0006782903353402923,354.56464969805825,2,2,0.layers.5.mlp.Wi.weight,0.042414672564006974
resolved,0.00024365096363698869,cumulative,0.012772130462482958,753.1259804511672,0.0003,768,3.470070747688755e-16,normuon,1769472,0.0002577305669580844,3.8988747992546764e-15,16,diagnostic-natural-normuon,"[2304, 768]",0.0006782903353402923,354.56464969805825,2,2,0.layers.5.mlp.Wi.weight,0.042414672564006974
resolved,0.00042738878451795885,saved_segment,0.0076734028791799955,754.7107821551674,0.0003,768,9.31933776428048e-17,normuon,884736,0.0004316238447121972,3.731723166891113e-15,16,diagnostic-natural-normuon,"[768, 1152]",0.00036432783057772016,443.5997634546021,2,2,0.layers.5.mlp.Wo.weight,0.03567697695600302
resolved,0.00042738878451795885,cumulative,0.0076734028791799955,754.7107821551674,0.0003,768,9.31933776428048e-17,normuon,884736,0.0004316238447121972,3.731723166891113e-15,16,diagnostic-natural-normuon,"[768, 1152]",0.00036432783057772016,443.5997634546021,2,2,0.layers.5.mlp.Wo.weight,0.03567697695600302
resolved,0.000566176744346749,saved_segment,0.007420713185383237,728.1389555611516,0.0003,768,6.346452215407908e-17,normuon,589824,0.0005838339145575007,3.761848713053809e-15,16,diagnostic-natural-normuon,"[768, 768]",0.0003721598936515067,397.58698057028573,2,2,0.layers.6.attn.Wo.weight,0.03819156445349114
resolved,0.000566176744346749,cumulative,0.007420713185383237,728.1389555611516,0.0003,768,6.346452215407908e-17,normuon,589824,0.0005838339145575007,3.761848713053809e-15,16,diagnostic-natural-normuon,"[768, 768]",0.0003721598936515067,397.58698057028573,2,2,0.layers.6.attn.Wo.weight,0.03819156445349114
resolved,0.001466600643864745,saved_segment,0.013942920445986684,743.8959745507926,0.0003,768,3.8915184621243157e-16,normuon,1769472,0.001548662767762295,3.979169787201099e-15,16,diagnostic-natural-normuon,"[2304, 768]",0.0007606701864552289,335.9809927168955,2,2,0.layers.6.attn.Wqkv.weight,0.04465182681092533
resolved,0.001466600643864745,cumulative,0.013942920445986684,743.8959745507926,0.0003,768,3.8915184621243157e-16,normuon,1769472,0.001548662767762295,3.979169787201099e-15,16,diagnostic-natural-normuon,"[2304, 768]",0.0007606701864552289,335.9809927168955,2,2,0.layers.6.attn.Wqkv.weight,0.04465182681092533
resolved,0.0035701142618026083,saved_segment,0.012872308472606075,751.9041565908846,0.0003,768,3.5598632485223355e-16,normuon,1769472,0.003742815515751607,3.796311412063209e-15,16,diagnostic-natural-normuon,"[2304, 768]",0.0006958419617853782,342.2091739073204,2,2,0.layers.6.mlp.Wi.weight,0.04448774673668087
resolved,0.0035701142618026083,cumulative,0.012872308472606075,751.9041565908846,0.0003,768,3.5598632485223355e-16,normuon,1769472,0.003742815515751607,3.796311412063209e-15,16,diagnostic-natural-normuon,"[2304, 768]",0.0006958419617853782,342.2091739073204,2,2,0.layers.6.mlp.Wi.weight,0.04448774673668087
resolved,0.0005476374299242597,saved_segment,0.0077048883790722025,754.4763460644376,0.0003,768,9.314817478328235e-17,normuon,884736,0.000552681359581505,3.724660387037698e-15,16,diagnostic-natural-normuon,"[768, 1152]",0.000364151115663396,447.6817734317207,2,2,0.layers.6.mlp.Wo.weight,0.03536202531016063
resolved,0.0005476374299242597,cumulative,0.0077048883790722025,754.4763460644376,0.0003,768,9.314817478328235e-17,normuon,884736,0.000552681359581505,3.724660387037698e-15,16,diagnostic-natural-normuon,"[768, 1152]",0.000364151115663396,447.6817734317207,2,2,0.layers.6.mlp.Wo.weight,0.03536202531016063
resolved,0.00010569634061228264,saved_segment,0.0074661981210157775,734.4864298129622,0.0003,768,6.315997224434159e-17,normuon,589824,0.00010863937186930002,3.802900014115497e-15,16,diagnostic-natural-normuon,"[768, 768]",0.00037037399409420264,406.36664198115125,2,2,0.layers.7.attn.Wo.weight,0.037622192545646485
resolved,0.00010569634061228264,cumulative,0.0074661981210157775,734.4864298129622,0.0003,768,6.315997224434159e-17,normuon,589824,0.00010863937186930002,3.802900014115497e-15,16,diagnostic-natural-normuon,"[768, 768]",0.00037037399409420264,406.36664198115125,2,2,0.layers.7.attn.Wo.weight,0.037622192545646485
resolved,0.0025166944429497683,saved_segment,0.013854833505302918,732.1132247666311,0.0003,768,4.17123035830082e-16,normuon,1769472,0.0026443850552201214,3.77888360109933e-15,16,diagnostic-natural-normuon,"[2304, 768]",0.000815345116637156,288.7484579417682,2,2,0.layers.7.attn.Wqkv.weight,0.05234666656043327
resolved,0.0025166944429497683,cumulative,0.013854833505302918,732.1132247666311,0.0003,768,4.17123035830082e-16,normuon,1769472,0.0026443850552201214,3.77888360109933e-15,16,diagnostic-natural-normuon,"[2304, 768]",0.000815345116637156,288.7484579417682,2,2,0.layers.7.attn.Wqkv.weight,0.05234666656043327
resolved,0.0013085990022760677,saved_segment,0.01303936616624441,747.5321242943709,0.0003,768,3.7566675537216766e-16,normuon,1769472,0.0013703542571742917,3.808719315880369e-15,16,diagnostic-natural-normuon,"[2304, 768]",0.0007343110501343653,315.32095633400013,2,2,0.layers.7.mlp.Wi.weight,0.048237544884866916
resolved,0.0013085990022760677,cumulative,0.01303936616624441,747.5321242943709,0.0003,768,3.7566675537216766e-16,normuon,1769472,0.0013703542571742917,3.808719315880369e-15,16,diagnostic-natural-normuon,"[2304, 768]",0.0007343110501343653,315.32095633400013,2,2,0.layers.7.mlp.Wi.weight,0.048237544884866916
resolved,0.0006396876422473221,saved_segment,0.007719668543039283,754.532024666607,0.0003,768,9.32238978138632e-17,normuon,884736,0.000645500966858014,3.744087891677175e-15,16,diagnostic-natural-normuon,"[768, 1152]",0.00036444714536157944,448.67120847207775,2,2,0.layers.7.mlp.Wo.weight,0.035296943029192104
resolved,0.0006396876422473221,cumulative,0.007719668543039283,754.532024666607,0.0003,768,9.32238978138632e-17,normuon,884736,0.000645500966858014,3.744087891677175e-15,16,diagnostic-natural-normuon,"[768, 1152]",0.00036444714536157944,448.67120847207775,2,2,0.layers.7.mlp.Wo.weight,0.035296943029192104
resolved,0.00012511483715701684,saved_segment,0.007480683614321679,736.563486311392,0.0003,768,6.272288189198532e-17,normuon,589824,0.00012775951981405746,3.806206160968401e-15,16,diagnostic-natural-normuon,"[768, 768]",0.0003678108691619124,413.65040761338014,2,2,0.layers.8.attn.Wo.weight,0.03742801732606354
resolved,0.00012511483715701684,cumulative,0.007480683614321679,736.563486311392,0.0003,768,6.272288189198532e-17,normuon,589824,0.00012775951981405746,3.806206160968401e-15,16,diagnostic-natural-normuon,"[768, 768]",0.0003678108691619124,413.65040761338014,2,2,0.layers.8.attn.Wo.weight,0.03742801732606354
resolved,0.0012500501110709722,saved_segment,0.013680384688824581,741.0893613512625,0.0003,768,3.8744504507712626e-16,normuon,1769472,0.001303452090838264,3.963980873792028e-15,16,diagnostic-natural-normuon,"[2304, 768]",0.0007573339238871054,326.3035492212776,2,2,0.layers.8.attn.Wqkv.weight,0.046709324432598114
resolved,0.0012500501110709722,cumulative,0.013680384688824581,741.0893613512625,0.0003,768,3.8744504507712626e-16,normuon,1769472,0.001303452090838264,3.963980873792028e-15,16,diagnostic-natural-normuon,"[2304, 768]",0.0007573339238871054,326.3035492212776,2,2,0.layers.8.attn.Wqkv.weight,0.046709324432598114
resolved,0.0010611248332305495,saved_segment,0.013092699988496208,749.0184113763155,0.0003,768,3.7077364173498675e-16,normuon,1769472,0.0011097069144069297,3.799093880872514e-15,16,diagnostic-natural-normuon,"[2304, 768]",0.000724746542863059,326.3518868686441,2,2,0.layers.8.mlp.Wi.weight,0.04666648234891529
resolved,0.0010611248332305495,cumulative,0.013092699988496208,749.0184113763155,0.0003,768,3.7077364173498675e-16,normuon,1769472,0.0011097069144069297,3.799093880872514e-15,16,diagnostic-natural-normuon,"[2304, 768]",0.000724746542863059,326.3518868686441,2,2,0.layers.8.mlp.Wi.weight,0.04666648234891529
resolved,0.00036868564528823913,saved_segment,0.007707140613678989,754.4182617529407,0.0003,768,9.316569763051758e-17,normuon,884736,0.0003719391944901933,3.877513673187145e-15,16,diagnostic-natural-normuon,"[768, 1152]",0.00036421961903863827,447.7750526441855,2,2,0.layers.8.mlp.Wo.weight,0.0354090867281034
resolved,0.00036868564528823913,cumulative,0.007707140613678989,754.4182617529407,0.0003,768,9.316569763051758e-17,normuon,884736,0.0003719391944901933,3.877513673187145e-15,16,diagnostic-natural-normuon,"[768, 1152]",0.00036421961903863827,447.7750526441855,2,2,0.layers.8.mlp.Wo.weight,0.0354090867281034
resolved,0.00015439977529086555,saved_segment,0.0074433412445049875,730.2523153458006,0.0003,768,6.341534000742294e-17,normuon,589824,0.00015905319492127265,3.8183448991407754e-15,16,diagnostic-natural-normuon,"[768, 768]",0.00037187148649349384,400.6361191092493,2,2,0.layers.9.attn.Wo.weight,0.037988907201663376
resolved,0.00015439977529086555,cumulative,0.0074433412445049875,730.2523153458006,0.0003,768,6.341534000742294e-17,normuon,589824,0.00015905319492127265,3.8183448991407754e-15,16,diagnostic-natural-normuon,"[768, 768]",0.00037187148649349384,400.6361191092493,2,2,0.layers.9.attn.Wo.weight,0.037988907201663376
resolved,0.0032193797577437394,saved_segment,0.01391429265796066,746.7514058286948,0.0003,768,4.501367203987644e-16,normuon,1769472,0.003970906704713976,3.953340017420579e-15,16,diagnostic-natural-normuon,"[2304, 768]",0.0008798765478531479,250.07989755225975,2,2,0.layers.9.attn.Wqkv.weight,0.04828343185719439
resolved,0.0032193797577437394,cumulative,0.01391429265796066,746.7514058286948,0.0003,768,4.501367203987644e-16,normuon,1769472,0.003970906704713976,3.953340017420579e-15,16,diagnostic-natural-normuon,"[2304, 768]",0.0008798765478531479,250.07989755225975,2,2,0.layers.9.attn.Wqkv.weight,0.04828343185719439
resolved,0.0010075884390728,saved_segment,0.013084031066657724,749.5712047811602,0.0003,768,3.7335957432163375e-16,normuon,1769472,0.0010647941374879685,3.89006185453271e-15,16,diagnostic-natural-normuon,"[2304, 768]",0.0007298012325477937,321.42077822969964,2,2,0.layers.9.mlp.Wi.weight,0.046680953199732735
resolved,0.0010075884390728,cumulative,0.013084031066657724,749.5712047811602,0.0003,768,3.7335957432163375e-16,normuon,1769472,0.0010647941374879685,3.89006185453271e-15,16,diagnostic-natural-normuon,"[2304, 768]",0.0007298012325477937,321.42077822969964,2,2,0.layers.9.mlp.Wi.weight,0.046680953199732735
resolved,0.0004937216117371069,saved_segment,0.007704015366237916,754.4003537188713,0.0003,768,9.311894664452657e-17,normuon,884736,0.0004981103312799497,3.82228405038722e-15,16,diagnostic-natural-normuon,"[768, 1152]",0.0003640368519179019,447.861345572256,2,2,0.layers.9.mlp.Wo.weight,0.03538354839313792
resolved,0.0004937216117371069,cumulative,0.007704015366237916,754.4003537188713,0.0003,768,9.311894664452657e-17,normuon,884736,0.0004981103312799497,3.82228405038722e-15,16,diagnostic-natural-normuon,"[768, 1152]",0.0003640368519179019,447.861345572256,2,2,0.layers.9.mlp.Wo.weight,0.03538354839313792
resolved,0.0004412310630520908,saved_segment,0.00371272254769246,730.3778621195547,0.0003,768,3.0912723304879376e-17,normuon,589824,0.000443608879897004,3.8147600425685994e-15,16,diagnostic-natural-normuon,"[768, 768]",0.00018127412650633073,419.4820182928679,3,3,0.layers.0.attn.Wo.weight,0.037917041908180155
resolved,0.0006361793467322929,cumulative,0.009830138399148697,718.1048748332761,0.0003,768,8.422860673606635e-17,normuon,589824,0.0006512198619157534,3.731020870033711e-15,16,diagnostic-natural-normuon,"[768, 768]",0.0004939217733209433,396.09824840464125,3,3,0.layers.0.attn.Wo.weight,0.03925724914250544
resolved,0.0016635772262948746,saved_segment,0.006845201612331255,745.2888271159169,0.0003,768,1.8053778330043123e-16,normuon,1769472,0.0017156274461944594,4.003010274961731e-15,16,diagnostic-natural-normuon,"[2304, 768]",0.00035289491909640513,376.2544775591106,3,3,0.layers.0.attn.Wqkv.weight,0.04104327775349435
resolved,0.0008397965197301804,cumulative,0.018240047089642466,749.1744246745865,0.0003,768,4.765659777781461e-16,normuon,1769472,0.0008677440987077523,3.8617584830708684e-15,16,diagnostic-natural-normuon,"[2304, 768]",0.0009315374826124632,383.3992345605702,3,3,0.layers.0.attn.Wqkv.weight,0.04027133040833589
resolved,0.003180525139782257,saved_segment,0.006645180148033639,748.5738492930053,0.0003,768,1.827257608277809e-16,normuon,1769472,0.003328414845481303,3.813155248741154e-15,16,diagnostic-natural-normuon,"[2304, 768]",0.00035717173106553145,346.1460345386225,3,3,0.layers.0.mlp.Wi.weight,0.04382502790815329
resolved,0.002391172573738489,cumulative,0.017507333563097555,752.525077611184,0.0003,768,4.651511921638109e-16,normuon,1769472,0.002501718855537611,3.939557876110284e-15,16,diagnostic-natural-normuon,"[2304, 768]",0.0009092251457030732,370.7636392677366,3,3,0.layers.0.mlp.Wi.weight,0.04097105550465903
resolved,7.022951902259912e-05,saved_segment,0.003906850860337354,754.2077759209515,0.0003,768,4.6806988828614435e-17,normuon,884736,7.107418399976022e-05,3.887925401502869e-15,16,diagnostic-natural-normuon,"[768, 1152]",0.00018298605681153033,455.8454964381091,3,3,0.layers.0.mlp.Wo.weight,0.03453052389355377
resolved,0.001664112658721961,cumulative,0.010222009466223552,750.8586013241602,0.0003,768,1.254169376267395e-16,normuon,884736,0.00170388501247346,3.764761707895263e-15,16,diagnostic-natural-normuon,"[768, 1152]",0.0004903017999667819,434.6559033039131,3,3,0.layers.0.mlp.Wo.weight,0.0356679694423066
resolved,0.0004434555282981823,saved_segment,0.003724037942046452,734.0648818868842,0.0003,768,3.104530428943101e-17,normuon,589824,0.00044811106004945386,3.718232032947627e-15,16,diagnostic-natural-normuon,"[768, 768]",0.00018205158962172546,418.44582912483554,3,3,0.layers.1.attn.Wo.weight,0.03771358648313771
resolved,0.0018101999505496817,cumulative,0.009797641575979104,722.3962793244901,0.0003,768,8.341400671816329e-17,normuon,589824,0.001850921274503254,3.797790865691287e-15,16,diagnostic-natural-normuon,"[768, 768]",0.0004891449082986982,401.2065561229946,3,3,0.layers.1.attn.Wo.weight,0.03880135118767552
resolved,0.0030750417362658926,saved_segment,0.006966537113622346,743.5938784110745,0.0003,768,1.942742308576681e-16,normuon,1769472,0.0032739464876182863,3.859731793811159e-15,16,diagnostic-natural-normuon,"[2304, 768]",0.00037974537920932455,336.54947251322545,3,3,0.layers.1.attn.Wqkv.weight,0.04376009613801874
resolved,0.00043906185757752053,cumulative,0.01848678487695343,747.5337054927392,0.0003,768,5.100012437542992e-16,normuon,1769472,0.00046853559784420916,3.873374848771737e-15,16,diagnostic-natural-normuon,"[2304, 768]",0.0009968929736676871,343.8948761302026,3,3,0.layers.1.attn.Wqkv.weight,0.043078123616890396
resolved,0.0023119333948357183,saved_segment,0.006436828685161268,752.7377603322996,0.0003,768,1.7039186857036947e-16,normuon,1769472,0.0023933113489540132,3.8408623119816464e-15,16,diagnostic-natural-normuon,"[2304, 768]",0.00033306282803840213,373.5008294392105,3,3,0.layers.1.mlp.Wi.weight,0.041400950576467
resolved,0.0009567695964702061,cumulative,0.017214077758489144,754.0320507358758,0.0003,768,4.3424152426106467e-16,normuon,1769472,0.0009920299199949955,3.903252329368943e-15,16,diagnostic-natural-normuon,"[2304, 768]",0.0008488064092234927,411.29196044052355,3,3,0.layers.1.mlp.Wi.weight,0.03725021716969432
resolved,0.0007104508366117656,saved_segment,0.00385015885484117,754.4879811325623,0.0003,768,4.6531498884432544e-17,normuon,884736,0.0007160663050549424,3.769200432245631e-15,16,diagnostic-natural-normuon,"[768, 1152]",0.00018190906340010508,447.96968097671214,3,3,0.layers.1.mlp.Wo.weight,0.03540219364757516
resolved,0.0015849999094958934,cumulative,0.010175326933343646,751.3595623812165,0.0003,768,1.2391437612469026e-16,normuon,884736,0.0016163119729585382,3.768495418039144e-15,16,diagnostic-natural-normuon,"[768, 1152]",0.00048442772408073136,441.2033118776769,3,3,0.layers.1.mlp.Wo.weight,0.03549459794777457
resolved,0.00038843979023353255,saved_segment,0.0037304831805300754,732.6391370962609,0.0003,768,3.1203281046198027e-17,normuon,589824,0.00039376752493379164,3.7702537213365554e-15,16,diagnostic-natural-normuon,"[768, 768]",0.00018297797512030505,415.65454907438345,3,3,0.layers.10.attn.Wo.weight,0.03774686310231304
resolved,0.0005813811714239674,cumulative,0.009859879303727401,721.6693250097562,0.0003,768,8.356012003751995e-17,normuon,589824,0.0005934090898814631,3.745461258335869e-15,16,diagnostic-natural-normuon,"[768, 768]",0.0004900017258645948,404.9001876552503,3,3,0.layers.10.attn.Wo.weight,0.0385632925411902
resolved,0.002082574629648041,saved_segment,0.0068458451958368785,743.4935790554234,0.0003,768,1.877038595017521e-16,normuon,1769472,0.0021472535059319092,3.888194087602059e-15,16,diagnostic-natural-normuon,"[2304, 768]",0.00036690235751219385,348.139373898371,3,3,0.layers.10.attn.Wqkv.weight,0.0443586130514517
resolved,0.000473836960629356,cumulative,0.018229786856437,747.753111828149,0.0003,768,4.955182397457188e-16,normuon,1769472,0.0004914373206345366,3.8029507420586144e-15,16,diagnostic-natural-normuon,"[2304, 768]",0.000968583229112024,354.23322393390276,3,3,0.layers.10.attn.Wqkv.weight,0.043299864869759994
resolved,0.0028926154779646417,saved_segment,0.0066196878388073725,747.4471272444099,0.0003,768,1.8962923340944655e-16,normuon,1769472,0.003040829904709626,3.836392854784556e-15,16,diagnostic-natural-normuon,"[2304, 768]",0.00037066586151099666,318.9406257246258,3,3,0.layers.10.mlp.Wi.weight,0.047435251644730496
resolved,0.0031470447817867632,cumulative,0.017701608056813742,751.4064286043173,0.0003,768,4.843449713890916e-16,normuon,1769472,0.0033058223569261266,3.793760567440076e-15,16,diagnostic-natural-normuon,"[2304, 768]",0.0009467429829282494,349.59181120874285,3,3,0.layers.10.mlp.Wi.weight,0.0432175475033017
resolved,0.00031511437579958304,saved_segment,0.0038681276358628336,754.3985595422986,0.0003,768,4.658689665637685e-17,normuon,884736,0.00031782670291980125,3.7193670597327884e-15,16,diagnostic-natural-normuon,"[768, 1152]",0.00018212563404688072,451.086093546176,3,3,0.layers.10.mlp.Wo.weight,0.03514238479295148
resolved,0.000580757873006402,cumulative,0.010209850021986105,751.1695687016627,0.0003,768,1.2454749904059395e-16,normuon,884736,0.0005919049234902565,3.80073463633512e-15,16,diagnostic-natural-normuon,"[768, 1152]",0.0004869028387753005,439.69761696933335,3,3,0.layers.10.mlp.Wo.weight,0.03563070510604806
resolved,0.0005981902887828214,saved_segment,0.003721656477770785,729.5430290487332,0.0003,768,3.160960146800771e-17,normuon,589824,0.0006144555549304274,3.780519989959119e-15,16,diagnostic-natural-normuon,"[768, 768]",0.00018536066327167893,403.12285191108737,3,3,0.layers.11.attn.Wo.weight,0.03794701949574442
resolved,0.0011467364450706682,cumulative,0.009838818704366908,718.5383752004078,0.0003,768,8.433169223313862e-17,normuon,589824,0.0011762640513968351,3.720704527966559e-15,16,diagnostic-natural-normuon,"[768, 768]",0.0004945262730686021,395.82860602319124,3,3,0.layers.11.attn.Wo.weight,0.039223053162201774
resolved,0.0018860564194614054,saved_segment,0.006839962986284131,742.2518449433361,0.0003,768,1.9131909864604754e-16,normuon,1769472,0.0019626538051332144,3.876529810197167e-15,16,diagnostic-natural-normuon,"[2304, 768]",0.0003739690196923606,334.53090957555406,3,3,0.layers.11.attn.Wqkv.weight,0.04563083358434562
resolved,0.0024108348140926905,cumulative,0.01820033193440313,746.9127345446252,0.0003,768,5.099234692673484e-16,normuon,1769472,0.002560957097396319,3.870860113884416e-15,16,diagnostic-natural-normuon,"[2304, 768]",0.0009967409488628042,333.4218186254919,3,3,0.layers.11.attn.Wqkv.weight,0.04419040747183297
resolved,0.0003087812608836954,saved_segment,0.00666129947082514,747.870716254231,0.0003,768,1.889817182726763e-16,normuon,1769472,0.0003263096828898977,3.838796804492925e-15,16,diagnostic-natural-normuon,"[2304, 768]",0.00036940017187181467,325.17992821307257,3,3,0.layers.11.mlp.Wi.weight,0.04578000037081467
resolved,0.0020260010719506606,cumulative,0.017783455220997377,751.451493099963,0.0003,768,4.810347530454742e-16,normuon,1769472,0.002121412493076155,3.8585191253125794e-15,16,diagnostic-natural-normuon,"[2304, 768]",0.0009402725410450765,357.70481354596944,3,3,0.layers.11.mlp.Wi.weight,0.04256225037710163
resolved,0.00019370143104609848,saved_segment,0.003670316729551814,725.6528455488195,0.0003,768,4.924595638134538e-17,normuon,884736,0.00020556640372871587,3.800722492007354e-15,16,diagnostic-natural-normuon,"[768, 1152]",0.0001925208947990718,363.45558222894795,3,3,0.layers.11.mlp.Wo.weight,0.03965464692245275
resolved,0.0012451686415877554,cumulative,0.009890984086221388,722.0786468813544,0.0003,768,1.3556669688742767e-16,normuon,884736,0.0013168013280636665,3.8709791071691756e-15,16,diagnostic-natural-normuon,"[768, 1152]",0.000529981011793462,348.30393932171296,3,3,0.layers.11.mlp.Wo.weight,0.04198135040414706
resolved,0.000789480506867338,saved_segment,0.003696247861086443,723.9042056952674,0.0003,768,3.1835765901208905e-17,normuon,589824,0.0008158941127917974,3.78359456938729e-15,16,diagnostic-natural-normuon,"[768, 768]",0.000186686905533514,392.0075742307639,3,3,0.layers.12.attn.Wo.weight,0.03855959557102897
resolved,7.14685497671903e-05,cumulative,0.009795436410586604,713.2779587452411,0.0003,768,8.486490304587998e-17,normuon,589824,7.341002605635806e-05,3.8260054650310575e-15,16,diagnostic-natural-normuon,"[768, 768]",0.0004976530543414822,387.4308786542583,3,3,0.layers.12.attn.Wo.weight,0.039940904957386586
resolved,0.0027201883321030964,saved_segment,0.0069756846110877535,747.3801099893601,0.0003,768,2.0588480262180252e-16,normuon,1769472,0.0030965761386426293,3.962515635493114e-15,16,diagnostic-natural-normuon,"[2304, 768]",0.00040244041682673524,300.44881348814846,3,3,0.layers.12.attn.Wqkv.weight,0.04457419720917962
resolved,0.003072968266596111,cumulative,0.018723848600378637,749.6444979144383,0.0003,768,5.505990281269709e-16,normuon,1769472,0.003504023866355684,3.923982720847697e-15,16,diagnostic-natural-normuon,"[2304, 768]",0.001076248948742701,302.6667832528781,3,3,0.layers.12.attn.Wqkv.weight,0.044171676698293395
resolved,0.00376181637366421,saved_segment,0.0066396149827633215,747.8819956510462,0.0003,768,1.872589693345522e-16,normuon,1769472,0.003925038106157331,3.746527783364078e-15,16,diagnostic-natural-normuon,"[2304, 768]",0.0003660327363354481,329.0379082096231,3,3,0.layers.12.mlp.Wi.weight,0.046327257757726455
resolved,0.001094297850439632,cumulative,0.017708381016901815,751.4918250361587,0.0003,768,4.814786616292939e-16,normuon,1769472,0.001151567133096042,3.808392042548813e-15,16,diagnostic-natural-normuon,"[2304, 768]",0.0009411402435332175,354.0373054435838,3,3,0.layers.12.mlp.Wi.weight,0.042751038119029326
resolved,0.0005803116537008139,saved_segment,0.003880248492776433,754.4362095526426,0.0003,768,4.662018433790984e-17,normuon,884736,0.0005852063293732144,3.785600394968957e-15,16,diagnostic-natural-normuon,"[768, 1152]",0.0001822557680661064,453.26951799470555,3,3,0.layers.12.mlp.Wo.weight,0.03495825905613682
resolved,0.00026283545954273427,cumulative,0.010204644031195437,750.8574065210246,0.0003,768,1.2457763544170494e-16,normuon,884736,0.00026811332635375636,3.73954458186653e-15,16,diagnostic-natural-normuon,"[768, 1152]",0.00048702065325864575,439.03683799671904,3,3,0.layers.12.mlp.Wo.weight,0.03565983488266217
resolved,0.0004062942964084007,saved_segment,0.003709703933601885,726.8242299705819,0.0003,768,3.120468512339643e-17,normuon,589824,0.00041196369324017197,3.776665897716801e-15,16,diagnostic-natural-normuon,"[768, 768]",0.00018298620871607006,410.99996310130194,3,3,0.layers.13.attn.Wo.weight,0.03816303719394189
resolved,0.0013280147176474996,cumulative,0.009803825178247938,716.904291043805,0.0003,768,8.416843031795334e-17,normuon,589824,0.001360569164168133,3.8962237276032735e-15,16,diagnostic-natural-normuon,"[768, 768]",0.0004935688950732998,394.5440985136045,3,3,0.layers.13.attn.Wo.weight,0.039479334582692364
resolved,0.0017560681441975467,saved_segment,0.0068508707641056505,743.1870714737765,0.0003,768,1.8917532713992267e-16,normuon,1769472,0.0018170100076864604,3.763907437600937e-15,16,diagnostic-natural-normuon,"[2304, 768]",0.00036977861667319766,343.24795866473556,3,3,0.layers.13.attn.Wqkv.weight,0.044775172206875664
resolved,0.002139845859038664,cumulative,0.0182428441163849,747.6594095241572,0.0003,768,4.994417179834812e-16,normuon,1769472,0.0022406349366187466,3.887548994411104e-15,16,diagnostic-natural-normuon,"[2304, 768]",0.0009762524023453499,349.1892482860727,3,3,0.layers.13.attn.Wqkv.weight,0.04339317605282287
resolved,0.0012301839409621246,saved_segment,0.006614995372934352,748.6069453670289,0.0003,768,1.8529726736031896e-16,normuon,1769472,0.0012804082501009294,3.876530490023621e-15,16,diagnostic-natural-normuon,"[2304, 768]",0.0003621982223249582,333.55423614251555,3,3,0.layers.13.mlp.Wi.weight,0.046023573531173416
resolved,0.0022711007100462573,cumulative,0.017583887419589803,751.996761168483,0.0003,768,4.761360004982845e-16,normuon,1769472,0.002388851022888309,3.9270175243289824e-15,16,diagnostic-natural-normuon,"[2304, 768]",0.0009306970114677744,356.9547375333324,3,3,0.layers.13.mlp.Wi.weight,0.04228426344696414
resolved,0.0005542504236887671,saved_segment,0.003873637855915396,754.360628878317,0.0003,768,4.6587923804760167e-17,normuon,884736,0.0005587116360460603,3.826429187436712e-15,16,diagnostic-natural-normuon,"[768, 1152]",0.0001821296495547595,452.3522228893493,3,3,0.layers.13.mlp.Wo.weight,0.035059098283414414
resolved,0.00036100125218841984,cumulative,0.010172050430515805,750.7270273418553,0.0003,768,1.2367462023238906e-16,normuon,884736,0.00036688546480444743,3.8695221085173464e-15,16,diagnostic-natural-normuon,"[768, 1152]",0.00048349042846681855,442.6304095655206,3,3,0.layers.13.mlp.Wo.weight,0.035547084869808225
resolved,0.0005917990753047478,saved_segment,0.0036923907379580894,722.7459677686152,0.0003,768,3.172724524901133e-17,normuon,589824,0.0006092454508998264,3.769293154792998e-15,16,diagnostic-natural-normuon,"[768, 768]",0.00018605053369914032,393.8705100865591,3,3,0.layers.14.attn.Wo.weight,0.03868829630918864
resolved,0.0015336618960558408,cumulative,0.009815220074904209,715.145794788521,0.0003,768,8.472832394761171e-17,normuon,589824,0.0015722542212964303,3.787074040440168e-15,16,diagnostic-natural-normuon,"[768, 768]",0.0004968521460393108,390.2525445212217,3,3,0.layers.14.attn.Wo.weight,0.039839956846938265
resolved,0.0016889296935824066,saved_segment,0.006862354104005853,745.8177879912222,0.0003,768,1.862526242420158e-16,normuon,1769472,0.0017533343891061618,4.0403272320934235e-15,16,diagnostic-natural-normuon,"[2304, 768]",0.0003640656463251386,355.2931610845651,3,3,0.layers.14.attn.Wqkv.weight,0.04307260525458985
resolved,0.0015368787241414076,cumulative,0.01822498644604168,749.4815650680306,0.0003,768,4.893782229891772e-16,normuon,1769472,0.0015997521522990922,3.930305460127006e-15,16,diagnostic-natural-normuon,"[2304, 768]",0.000956581416101256,362.98656345315817,3,3,0.layers.14.attn.Wqkv.weight,0.04209505262352305
resolved,0.00048155056558122066,saved_segment,0.006639715636167887,748.2760325136735,0.0003,768,1.8713894950954436e-16,normuon,1769472,0.0005040968823297673,3.824548890283784e-15,16,diagnostic-natural-normuon,"[2304, 768]",0.0003657981351031641,329.4700833463381,3,3,0.layers.14.mlp.Wi.weight,0.04584093876436086
resolved,0.0020090122333253357,cumulative,0.017581374625058134,751.8437426404612,0.0003,768,4.766320784876477e-16,normuon,1769472,0.002114156360464301,3.8790547091890294e-15,16,diagnostic-natural-normuon,"[2304, 768]",0.0009316666888323764,356.1102877918079,3,3,0.layers.14.mlp.Wi.weight,0.04224571397558345
resolved,0.00023806708973112965,saved_segment,0.0038823393784690567,754.3344087016483,0.0003,768,4.660774834184588e-17,normuon,884736,0.000240027123118464,3.79577283550194e-15,16,diagnostic-natural-normuon,"[768, 1152]",0.00018220715109801646,454.0003194601975,3,3,0.layers.14.mlp.Wo.weight,0.034924815881211456
resolved,0.0003984662992624116,cumulative,0.010202419828406835,750.6310417695398,0.0003,768,1.246824622223535e-16,normuon,884736,0.00040681985453713316,3.823816425176217e-15,16,diagnostic-natural-normuon,"[768, 1152]",0.00048743046042033604,438.1078655721715,3,3,0.layers.14.mlp.Wo.weight,0.03571635267662395
resolved,0.00012215041099151433,saved_segment,0.003676303324788294,721.6431814291069,0.0003,768,3.121281958999424e-17,normuon,589824,0.00012391351200654766,3.786769734733242e-15,16,diagnostic-natural-normuon,"[768, 768]",0.000183033909732657,403.4219838452527,3,3,0.layers.15.attn.Wo.weight,0.03885223354860011
resolved,0.0017716659990235,cumulative,0.009808007101928959,713.845098824203,0.0003,768,8.430683124143042e-17,normuon,589824,0.0018103152241720998,3.850436117109061e-15,16,diagnostic-natural-normuon,"[768, 768]",0.0004943804866714757,393.5853292460723,3,3,0.layers.15.attn.Wo.weight,0.03965401043358841
resolved,0.0020510467214309622,saved_segment,0.006924291124832357,744.7842882174297,0.0003,768,1.90736991848089e-16,normuon,1769472,0.0021415803939078466,3.9721222766618435e-15,16,diagnostic-natural-normuon,"[2304, 768]",0.00037283118290487105,344.92619736041354,3,3,0.layers.15.attn.Wqkv.weight,0.04413930527027329
resolved,0.0054200668345933505,cumulative,0.018329979569313808,747.9915984829254,0.0003,768,5.036484463469142e-16,normuon,1769472,0.005676233431801353,3.909062906364667e-15,16,diagnostic-natural-normuon,"[2304, 768]",0.0009844752410128872,346.6684870362931,3,3,0.layers.15.attn.Wqkv.weight,0.04372983235293627
resolved,0.002601176319816446,saved_segment,0.006663734250014486,747.8257798846554,0.0003,768,1.875512514222283e-16,normuon,1769472,0.002724051290158786,3.822151942077535e-15,16,diagnostic-natural-normuon,"[2304, 768]",0.0003666040564314313,330.4005837696549,3,3,0.layers.15.mlp.Wi.weight,0.0459605757237496
resolved,0.0026614527128081106,cumulative,0.017689181232323475,751.4997626296166,0.0003,768,4.829702042331468e-16,normuon,1769472,0.002804645242845054,3.936624012480936e-15,16,diagnostic-natural-normuon,"[2304, 768]",0.0009440557429754568,351.0913954316974,3,3,0.layers.15.mlp.Wi.weight,0.0428270268218891
resolved,0.0001841490043458846,saved_segment,0.003878957137416293,748.6802959399748,0.0003,768,4.6930246694068987e-17,normuon,884736,0.0001864362732714359,3.8879388164479195e-15,16,diagnostic-natural-normuon,"[768, 1152]",0.00018346791798942234,447.00223661682054,3,3,0.layers.15.mlp.Wo.weight,0.035178953812462846
resolved,0.00023044827450232477,cumulative,0.010333677971580548,745.5490687202815,0.0003,768,1.288490291296832e-16,normuon,884736,0.00023493336352404395,3.761879492652679e-15,16,diagnostic-natural-normuon,"[768, 1152]",0.0005037191315759474,420.8554495275602,3,3,0.layers.15.mlp.Wo.weight,0.03717779175649441
resolved,0.0010243235504794482,saved_segment,0.003700470998679302,725.2166732272015,0.0003,768,3.118031941247023e-17,normuon,589824,0.0010359937721191152,3.734904575503469e-15,16,diagnostic-natural-normuon,"[768, 768]",0.000182843326676164,409.5960701890019,3,3,0.layers.16.attn.Wo.weight,0.038474831243237535
resolved,0.0004459012363649301,cumulative,0.009889356464366224,716.5840137513052,0.0003,768,8.484829445067576e-17,normuon,589824,0.0004580686237060423,3.8372095022106785e-15,16,diagnostic-natural-normuon,"[768, 768]",0.0004975556605092259,395.05059481006276,3,3,0.layers.16.attn.Wo.weight,0.039184265574317034
resolved,0.0018523321509623975,saved_segment,0.006979301603326044,749.9665822779035,0.0003,768,1.8147767855407012e-16,normuon,1769472,0.001934755392989009,3.94401131958386e-15,16,diagnostic-natural-normuon,"[2304, 768]",0.00035473212044799166,387.0997606073736,3,3,0.layers.16.attn.Wqkv.weight,0.039309073023335556
resolved,0.0004963403458567313,cumulative,0.01866949777572208,751.9097850866019,0.0003,768,4.8835914978219695e-16,normuon,1769472,0.0005241459600961542,3.8828753296040105e-15,16,diagnostic-natural-normuon,"[2304, 768]",0.0009545894466068031,382.50050510345983,3,3,0.layers.16.attn.Wqkv.weight,0.03909301975625473
resolved,0.001528259387162428,saved_segment,0.006659884244519734,746.594040411911,0.0003,768,1.9348360610258702e-16,normuon,1769472,0.00161463346657459,3.752375655359329e-15,16,diagnostic-natural-normuon,"[2304, 768]",0.000378199955011246,310.0918955543523,3,3,0.layers.16.mlp.Wi.weight,0.04829586302755457
resolved,0.0027806918687119653,cumulative,0.017650962832791096,750.6278635022258,0.0003,768,4.945858981505068e-16,normuon,1769472,0.002961243252013492,3.821269503636041e-15,16,diagnostic-natural-normuon,"[2304, 768]",0.0009667607928009221,333.3486821669229,3,3,0.layers.16.mlp.Wi.weight,0.044336490306935435
resolved,0.0009302258025293079,saved_segment,0.003899172449494488,754.4187827422966,0.0003,768,4.661934150914125e-17,normuon,884736,0.000937203895360273,3.753877538119497e-15,16,diagnostic-natural-normuon,"[768, 1152]",0.00018225247313266184,457.71803605776415,3,3,0.layers.16.mlp.Wo.weight,0.03465404946321652
resolved,0.0004021186741663849,cumulative,0.01029692054606122,750.9432587198717,0.0003,768,1.2526319068433504e-16,normuon,884736,0.0004097080741268167,3.7494617523521975e-15,16,diagnostic-natural-normuon,"[768, 1152]",0.0004897007455635509,442.1332664393796,3,3,0.layers.16.mlp.Wo.weight,0.03542397965558152
resolved,0.00036389083841961565,saved_segment,0.0036721719297595763,719.5565302145139,0.0003,768,3.1213121621258734e-17,normuon,589824,0.000368256420790659,3.702316253818358e-15,16,diagnostic-natural-normuon,"[768, 768]",0.0001830356808627224,402.5079798969402,3,3,0.layers.17.attn.Wo.weight,0.039147076122594944
resolved,0.0015394346057419545,cumulative,0.009770118093450358,711.6022142025514,0.0003,768,8.4628273870297e-17,normuon,589824,0.0015753068148266392,3.888258384477625e-15,16,diagnostic-natural-normuon,"[768, 768]",0.0004962654461813514,387.58909695481043,3,3,0.layers.17.attn.Wo.weight,0.040154821398636555
resolved,0.0011932936745398645,saved_segment,0.006942419753339783,742.2280841880909,0.0003,768,1.8881114078314736e-16,normuon,1769472,0.0012351664585951402,3.9356649177459306e-15,16,diagnostic-natural-normuon,"[2304, 768]",0.00036906674621283884,353.8440563388433,3,3,0.layers.17.attn.Wqkv.weight,0.04341980918376638
resolved,0.002189643989236637,cumulative,0.018486759634914314,745.5818215660207,0.0003,768,5.019175689056387e-16,normuon,1769472,0.0022724619326676466,3.8416985630299914e-15,16,diagnostic-natural-normuon,"[2304, 768]",0.0009810919167943315,355.06036398689594,3,3,0.layers.17.attn.Wqkv.weight,0.04316246509285109
resolved,0.0026136755924990825,saved_segment,0.006801463402805861,745.0727105011157,0.0003,768,1.8878830391692752e-16,normuon,1769472,0.0027326870414918127,3.865712620050876e-15,16,diagnostic-natural-normuon,"[2304, 768]",0.0003690221072795932,339.7034535094131,3,3,0.layers.17.mlp.Wi.weight,0.04469905224295835
resolved,0.001990304430549885,cumulative,0.018050307133453288,749.3859268693172,0.0003,768,4.879430138780901e-16,normuon,1769472,0.0020701148843139884,4.084092597026604e-15,16,diagnostic-natural-normuon,"[2304, 768]",0.0009537760310240465,358.15942464250224,3,3,0.layers.17.mlp.Wi.weight,0.042778040542631256
resolved,0.0005951758769232885,saved_segment,0.003911693219501627,752.7829976079715,0.0003,768,4.672262118500389e-17,normuon,884736,0.0005996372550963514,3.830410051067373e-15,16,diagnostic-natural-normuon,"[768, 1152]",0.00018265623208208018,458.6280208435928,3,3,0.layers.17.mlp.Wo.weight,0.034596296341913385
resolved,0.0010519988388338608,cumulative,0.010406214496315267,749.0688051985942,0.0003,768,1.2827926482814337e-16,normuon,884736,0.001076184895958839,3.684143382263378e-15,16,diagnostic-natural-normuon,"[768, 1152]",0.0005014917094439129,430.5841423090828,3,3,0.layers.17.mlp.Wo.weight,0.036171037547699555
resolved,0.0006116218689093662,saved_segment,0.003637942563228925,712.5868968966163,0.0003,768,3.11812941619378e-17,normuon,589824,0.000618278136855389,3.8463719646856475e-15,16,diagnostic-natural-normuon,"[768, 768]",0.00018284904266749075,395.8460305724834,3,3,0.layers.18.attn.Wo.weight,0.03988570623572766
resolved,0.0008844651449587456,cumulative,0.00989499675752589,709.229626924265,0.0003,768,8.56652672018453e-17,normuon,589824,0.0009052106912182402,3.751537426283887e-15,16,diagnostic-natural-normuon,"[768, 768]",0.0005023464393864902,387.9936838517591,3,3,0.layers.18.attn.Wo.weight,0.040134135197338196
resolved,0.001812979489416962,saved_segment,0.006858439315614527,747.4776397693655,0.0003,768,1.869929631953148e-16,normuon,1769472,0.0019101314490735512,3.864365267548532e-15,16,diagnostic-natural-normuon,"[2304, 768]",0.00036551277750317905,352.0833384560292,3,3,0.layers.18.attn.Wqkv.weight,0.04260392753631307
resolved,0.0011237105222899105,cumulative,0.018156209861827956,750.1854728570207,0.0003,768,4.903883619817283e-16,normuon,1769472,0.0011862630874150662,3.9812800008768275e-15,16,diagnostic-natural-normuon,"[2304, 768]",0.000958555921999887,358.76946971742336,3,3,0.layers.18.attn.Wqkv.weight,0.04183985394171021
resolved,0.0014300329232541707,saved_segment,0.0068923896437269325,746.8704328492611,0.0003,768,1.8823784920717612e-16,normuon,1769472,0.0015027794063825542,3.891452323858406e-15,16,diagnostic-natural-normuon,"[2304, 768]",0.0003679461404281519,350.8901191345554,3,3,0.layers.18.mlp.Wi.weight,0.042674373076841035
resolved,0.003123128878086602,cumulative,0.018298269816118897,750.5282193730063,0.0003,768,4.945046903845007e-16,normuon,1769472,0.003295622701644317,4.001324698139804e-15,16,diagnostic-natural-normuon,"[2304, 768]",0.0009666020570089408,358.36420533058674,3,3,0.layers.18.mlp.Wi.weight,0.04162643879016634
resolved,0.0006154379432466722,saved_segment,0.003923294743671719,753.1191227491998,0.0003,768,4.674952932214866e-17,normuon,884736,0.0006201022722476608,3.730431331629839e-15,16,diagnostic-natural-normuon,"[768, 1152]",0.00018276142607202673,460.8215671133781,3,3,0.layers.18.mlp.Wo.weight,0.0344460301267889
resolved,0.0002587876333121254,cumulative,0.0104656518321221,750.4927275629499,0.0003,768,1.2776975761649548e-16,normuon,884736,0.00026438613138089404,3.873791071676001e-15,16,diagnostic-natural-normuon,"[768, 1152]",0.0004994998548531837,438.99728327538895,3,3,0.layers.18.mlp.Wo.weight,0.03559383088669325
resolved,0.0005273959566183698,saved_segment,0.003527316410612431,696.3330288765029,0.0003,768,3.1166901586989965e-17,normuon,589824,0.0005334746754463115,3.702858530913541e-15,16,diagnostic-natural-normuon,"[768, 768]",0.00018276464371544393,372.48129582086693,3,3,0.layers.19.attn.Wo.weight,0.04238743417667208
resolved,0.0005633430643494673,cumulative,0.00969717499933439,694.1420163538354,0.0003,768,8.623153238025686e-17,normuon,589824,0.000578554091159038,3.753485913506747e-15,16,diagnostic-natural-normuon,"[768, 768]",0.0005056670535095204,367.75717079423555,3,3,0.layers.19.attn.Wo.weight,0.04213580329603527
resolved,0.0010347675558662857,saved_segment,0.006917390105491094,741.5203977579451,0.0003,768,2.1024164413503573e-16,normuon,1769472,0.0011318599963831217,3.840246068192944e-15,16,diagnostic-natural-normuon,"[2304, 768]",0.0004109566797674945,283.3299264192731,3,3,0.layers.19.attn.Wqkv.weight,0.05009137358231215
resolved,0.0009653406294808787,cumulative,0.01860861877711007,745.2211680760946,0.0003,768,5.592062436967282e-16,normuon,1769472,0.0010612474421778275,3.810765574298481e-15,16,diagnostic-natural-normuon,"[2304, 768]",0.0010930733640346526,289.82086919561516,3,3,0.layers.19.attn.Wqkv.weight,0.04889201087274762
resolved,0.0011365449846504271,saved_segment,0.006762215784065007,748.033137403995,0.0003,768,1.8251535888399064e-16,normuon,1769472,0.0011781745324782986,3.8661289445947375e-15,16,diagnostic-natural-normuon,"[2304, 768]",0.0003567604610500575,359.2730304126295,3,3,0.layers.19.mlp.Wi.weight,0.04277128724756331
resolved,0.0007703577969914776,cumulative,0.018050342407095705,751.7987103759853,0.0003,768,4.751768827331135e-16,normuon,1769472,0.0007994784228701514,4.003854464246684e-15,16,diagnostic-natural-normuon,"[2304, 768]",0.0009288222361162863,377.66408081645204,3,3,0.layers.19.mlp.Wi.weight,0.0407541035878208
resolved,0.00088030893791171,saved_segment,0.003914487966094711,754.207311017459,0.0003,768,4.6704632107377133e-17,normuon,884736,0.0008867080808976392,3.7134047281691476e-15,16,diagnostic-natural-normuon,"[768, 1152]",0.00018258590603755187,459.63746709447616,3,3,0.layers.19.mlp.Wo.weight,0.03453676249270531
resolved,0.001507765771443344,cumulative,0.010498512526439338,752.2078580423686,0.0003,768,1.273323387051772e-16,normuon,884736,0.0015422240041194962,3.654321030500309e-15,16,diagnostic-natural-normuon,"[768, 1152]",0.0004977898204382377,444.7987099650104,3,3,0.layers.19.mlp.Wo.weight,0.034963058821195915
resolved,0.00031499449615848954,saved_segment,0.0037271112386000203,736.5006688293313,0.0003,768,3.099600944997295e-17,normuon,589824,0.0003179234625938263,3.7353334062473146e-15,16,diagnostic-natural-normuon,"[768, 768]",0.0001817625216261335,420.47098414123764,3,3,0.layers.2.attn.Wo.weight,0.03759997228515582
resolved,0.0007841569395044478,cumulative,0.009783628091868522,722.9465075823697,0.0003,768,8.269660453953362e-17,normuon,589824,0.0007981602211505776,3.808357264241816e-15,16,diagnostic-natural-normuon,"[768, 768]",0.00048493801743365735,407.03092372344776,3,3,0.layers.2.attn.Wo.weight,0.038559357498964095
resolved,0.0020742413848272388,saved_segment,0.006982281408568069,741.3744403910463,0.0003,768,1.9276019514118977e-16,normuon,1769472,0.0021670595055718767,3.899256842184081e-15,16,diagnostic-natural-normuon,"[2304, 768]",0.00037678591276463816,343.4040260373628,3,3,0.layers.2.attn.Wqkv.weight,0.04418040828727949
resolved,0.002566210294674279,cumulative,0.018521736489536346,745.3254482412431,0.0003,768,5.108724638547862e-16,normuon,1769472,0.0026929882131357897,4.019108596261983e-15,16,diagnostic-natural-normuon,"[2304, 768]",0.000998595936566954,344.0200964639815,3,3,0.layers.2.attn.Wqkv.weight,0.043834073306800996
resolved,0.004499288695016264,saved_segment,0.006414639515212487,753.3380517671279,0.0003,768,1.6942296849799908e-16,normuon,1769472,0.004691828682922921,3.836605077766518e-15,16,diagnostic-natural-normuon,"[2304, 768]",0.00033116893133489236,375.1848880786464,3,3,0.layers.2.mlp.Wi.weight,0.04083135291157313
resolved,0.001645988453548852,cumulative,0.01712914777151614,754.3118471128151,0.0003,768,4.299355585947472e-16,normuon,1769472,0.0016950379649806181,3.913563117517228e-15,16,diagnostic-natural-normuon,"[2304, 768]",0.0008403895926565232,415.44179019690614,3,3,0.layers.2.mlp.Wi.weight,0.03728893235625069
resolved,0.000754388392787553,saved_segment,0.0038435396197481746,754.5214533607588,0.0003,768,4.65288186489206e-17,normuon,884736,0.0007604312170068445,3.743781529544684e-15,16,diagnostic-natural-normuon,"[768, 1152]",0.00018189858535526754,446.48212997873475,3,3,0.layers.2.mlp.Wo.weight,0.035523436837399405
resolved,0.0018333731286272734,cumulative,0.010158471640455977,750.9373453118654,0.0003,768,1.242160181726521e-16,normuon,884736,0.0018717583451529616,3.850457129889781e-15,16,diagnostic-natural-normuon,"[768, 1152]",0.0004856069558644121,437.60970718155517,3,3,0.layers.2.mlp.Wo.weight,0.035659838323917746
resolved,0.001011642680480572,saved_segment,0.00341090108555136,675.6132141830718,0.0003,768,3.121647639964445e-17,normuon,589824,0.0010244582608055447,3.884161334130541e-15,16,diagnostic-natural-normuon,"[768, 768]",0.0001830553534912222,347.1949355979849,3,3,0.layers.20.attn.Wo.weight,0.045402398533921196
resolved,0.002030305890322154,cumulative,0.009477854064040173,677.190194985535,0.0003,768,8.671717833026365e-17,normuon,589824,0.002082019492633239,3.801225923634593e-15,16,diagnostic-natural-normuon,"[768, 768]",0.0005085149114775993,347.3862700993317,3,3,0.layers.20.attn.Wo.weight,0.04470761134239601
resolved,0.002495179055665498,saved_segment,0.006835503153815424,739.8329362515616,0.0003,768,2.111346436902875e-16,normuon,1769472,0.0027038377253302366,3.913162210332277e-15,16,diagnostic-natural-normuon,"[2304, 768]",0.0004127022146912245,274.32625653783316,3,3,0.layers.20.attn.Wqkv.weight,0.05320259885717808
resolved,0.00506498203488816,cumulative,0.018599723671387885,743.830998753422,0.0003,768,5.691082358398746e-16,normuon,1769472,0.005531305035257017,3.8516048159822656e-15,16,diagnostic-natural-normuon,"[2304, 768]",0.0011124286627004947,279.5558878929456,3,3,0.layers.20.attn.Wqkv.weight,0.05135596151763727
resolved,0.0007657730697867023,saved_segment,0.006921172707026748,747.4350680226595,0.0003,768,1.8322774613597544e-16,normuon,1769472,0.0007930335206370746,3.9700068392208916e-15,16,diagnostic-natural-normuon,"[2304, 768]",0.0003581529553914561,373.4412556461804,3,3,0.layers.20.mlp.Wi.weight,0.04131524095521701
resolved,0.0016074485827989626,cumulative,0.01863907846143234,750.7260905175195,0.0003,768,4.918385745991012e-16,normuon,1769472,0.0016733528477150656,3.836874507928364e-15,16,diagnostic-natural-normuon,"[2304, 768]",0.0009613906342408629,375.87989691535006,3,3,0.layers.20.mlp.Wi.weight,0.040576802335038645
resolved,9.723675786290384e-05,saved_segment,0.0038268708133012102,748.1444966410255,0.0003,768,4.6718289981868646e-17,normuon,884736,9.80121890127862e-05,3.84422882699691e-15,16,diagnostic-natural-normuon,"[768, 1152]",0.0001826392997862243,439.034992592948,3,3,0.layers.20.mlp.Wo.weight,0.036127267752705014
resolved,0.0013294290990845349,cumulative,0.010478339945836187,748.0059887543576,0.0003,768,1.2843907613837758e-16,normuon,884736,0.0013567719260052416,3.764825766592551e-15,16,diagnostic-natural-normuon,"[768, 1152]",0.0005021164717331667,435.48783829396376,3,3,0.layers.20.mlp.Wo.weight,0.03588788578173437
resolved,0.0007221514539094718,saved_segment,0.0028954232367149565,557.5294072301697,0.0003,768,3.1317535378815e-17,normuon,589824,0.0007386367321747273,3.4339577393770266e-15,16,diagnostic-natural-normuon,"[768, 768]",0.00018364796961223116,248.57179498730883,3,3,0.layers.21.attn.Wo.weight,0.0628686901431485
resolved,0.0009405850807917757,cumulative,0.008242663342113493,563.9143331111603,0.0003,768,8.839634476983921e-17,normuon,589824,0.0009829368865952495,3.540784514115999e-15,16,diagnostic-natural-normuon,"[768, 768]",0.0005183616476124503,252.85375129724235,3,3,0.layers.21.attn.Wo.weight,0.059729496446863595
resolved,0.0008178532747057593,saved_segment,0.006898935637410689,737.5250896808485,0.0003,768,2.572662976421555e-16,normuon,1769472,0.001035309053961978,3.72549164179973e-15,16,diagnostic-natural-normuon,"[2304, 768]",0.0005028751745643224,188.21047635456773,3,3,0.layers.21.attn.Wqkv.weight,0.06270135302626235
resolved,0.006225362959995591,cumulative,0.018730172437851668,739.6479113419327,0.0003,768,7.091497735405519e-16,normuon,1769472,0.007948945505660207,3.7730732866614316e-15,16,diagnostic-natural-normuon,"[2304, 768]",0.0013861660832756517,182.5799209643731,3,3,0.layers.21.attn.Wqkv.weight,0.06377869653806947
resolved,0.003346434956581768,saved_segment,0.005296302119618292,610.265942806328,0.0003,768,1.9025072368128576e-16,normuon,1769472,0.0035320448719949197,3.5853724498004084e-15,16,diagnostic-natural-normuon,"[2304, 768]",0.00037188068067621775,202.8328379802627,3,3,0.layers.21.mlp.Wi.weight,0.07437867552731521
resolved,0.0032672079782408753,cumulative,0.015100635142835446,619.5631532368247,0.0003,768,5.386651455981763e-16,normuon,1769472,0.0034907610151148133,3.633484433315433e-15,16,diagnostic-natural-normuon,"[2304, 768]",0.0010529219396672833,205.68284863137998,3,3,0.layers.21.mlp.Wi.weight,0.07195870051989008
resolved,0.0022987981975740117,saved_segment,0.002360244959791286,436.15689928012165,0.0003,768,4.7302049428513847e-17,normuon,884736,0.0023556540344588884,3.2711883443435404e-15,16,diagnostic-natural-normuon,"[768, 1152]",0.00018492143418412824,162.90696463228846,3,3,0.layers.21.mlp.Wo.weight,0.09565072827008524
resolved,0.002556232435719733,cumulative,0.00663807883924091,445.1460514230062,0.0003,768,1.358219182942091e-16,normuon,884736,0.0026614802281324347,3.1129265834292782e-15,16,diagnostic-natural-normuon,"[768, 1152]",0.0005309787678980434,156.28975178759995,3,3,0.layers.21.mlp.Wo.weight,0.09775872527894726
resolved,0.0005347370906790427,saved_segment,0.003699291477070558,726.3953860807451,0.0003,768,3.153147045493507e-17,normuon,589824,0.000548040389212871,3.765679032607708e-15,16,diagnostic-natural-normuon,"[768, 768]",0.00018490249816574138,400.2686220401108,3,3,0.layers.3.attn.Wo.weight,0.03835206803262208
resolved,0.0012520328449900503,cumulative,0.009790326314558406,716.0119940301107,0.0003,768,8.409762896461587e-17,normuon,589824,0.0012818717499881176,3.860912824298891e-15,16,diagnostic-natural-normuon,"[768, 768]",0.0004931537115465967,394.1211327684549,3,3,0.layers.3.attn.Wo.weight,0.039501666730313155
resolved,0.003369249718985333,saved_segment,0.006955983386048062,741.1730116438823,0.0003,768,2.1493853224615537e-16,normuon,1769472,0.003838642234795276,3.9977693604528065e-15,16,diagnostic-natural-normuon,"[2304, 768]",0.00042013762748756365,274.11570269995417,3,3,0.layers.3.attn.Wqkv.weight,0.048361031719711206
resolved,0.0008354488528995184,cumulative,0.018594273573478627,744.6008326585647,0.0003,768,5.845127383147713e-16,normuon,1769472,0.000981013842076555,3.8187482934057234e-15,16,diagnostic-natural-normuon,"[2304, 768]",0.0011425396486405002,264.85969386670627,3,3,0.layers.3.attn.Wqkv.weight,0.047874789242149156
resolved,0.002654064045087935,saved_segment,0.00641434466912858,752.3265837096773,0.0003,768,1.7211315992087787e-16,normuon,1769472,0.0027638300161524046,3.776445418184652e-15,16,diagnostic-natural-normuon,"[2304, 768]",0.00033642741444671185,363.5145758765433,3,3,0.layers.3.mlp.Wi.weight,0.04194540473988839
resolved,0.0010381147920205814,cumulative,0.017127951479289878,753.9559641113937,0.0003,768,4.3465464393274345e-16,normuon,1769472,0.001074416091139962,3.836315035989323e-15,16,diagnostic-natural-normuon,"[2304, 768]",0.0008496139290149128,406.4130083883366,3,3,0.layers.3.mlp.Wi.weight,0.03789693562126473
resolved,0.0005424854749831866,saved_segment,0.003847584550779539,754.4131462298952,0.0003,768,4.655010345233116e-17,normuon,884736,0.0005468327631357397,3.811042956399456e-15,16,diagnostic-natural-normuon,"[768, 1152]",0.00018198179562671583,447.01330795222685,3,3,0.layers.3.mlp.Wo.weight,0.03548209330820664
resolved,0.0005788748221195008,cumulative,0.010143997053805014,750.9547298827498,0.0003,768,1.2397509858829166e-16,normuon,884736,0.0005906862000324333,3.780849008342733e-15,16,diagnostic-natural-normuon,"[768, 1152]",0.0004846651109422316,438.0611241132434,3,3,0.layers.3.mlp.Wo.weight,0.03565594534963509
resolved,0.0006781862741775683,saved_segment,0.003731648341994803,737.6167015487244,0.0003,768,3.114429321191762e-17,normuon,589824,0.0006881841980941125,3.666978623045425e-15,16,diagnostic-natural-normuon,"[768, 768]",0.00018263206680196572,417.4912264131088,3,3,0.layers.4.attn.Wo.weight,0.0374930959386728
resolved,0.0006518245057272732,cumulative,0.009780840443635629,723.3920861039238,0.0003,768,8.274431816238518e-17,normuon,589824,0.0006644056343132122,3.788295188186966e-15,16,diagnostic-natural-normuon,"[768, 768]",0.00048521781307700994,406.3299889081626,3,3,0.layers.4.attn.Wo.weight,0.03853630266741212
resolved,0.0005845222656298672,saved_segment,0.006942181899976166,742.2496420824386,0.0003,768,1.9235439454711504e-16,normuon,1769472,0.0006100879733967245,3.944505882697315e-15,16,diagnostic-natural-normuon,"[2304, 768]",0.00037599269948153846,340.90482881287187,3,3,0.layers.4.attn.Wqkv.weight,0.04486363049482544
resolved,0.0011406534122405036,cumulative,0.018542313340505445,745.9177904377536,0.0003,768,5.103540707704627e-16,normuon,1769472,0.0011948155876693295,4.078230456225508e-15,16,diagnostic-natural-normuon,"[2304, 768]",0.000997582640168781,345.4856915936729,3,3,0.layers.4.attn.Wqkv.weight,0.043828667228545566
resolved,0.002489630559031138,saved_segment,0.006408589117701187,753.2643723984514,0.0003,768,1.7139644649682004e-16,normuon,1769472,0.002604170499821505,3.8583906070756996e-15,16,diagnostic-natural-normuon,"[2304, 768]",0.000335026463791539,365.9035552001827,3,3,0.layers.4.mlp.Wi.weight,0.04158929619774586
resolved,0.0016612019237353846,cumulative,0.01714819820536126,754.355915600515,0.0003,768,4.3819634807093095e-16,normuon,1769472,0.0017360210221657629,3.831615297499495e-15,16,diagnostic-natural-normuon,"[2304, 768]",0.0008565368532497209,400.81584530816934,3,3,0.layers.4.mlp.Wi.weight,0.037775174690355205
resolved,0.00026546383261393924,saved_segment,0.003906358139474206,748.6912052092924,0.0003,768,4.8456818311433454e-17,normuon,884736,0.0002772358464899622,3.778522214666156e-15,16,diagnostic-natural-normuon,"[768, 1152]",0.00018943585841226695,425.2259247093341,3,3,0.layers.4.mlp.Wo.weight,0.03490878723885225
resolved,0.0006117400860845465,cumulative,0.010395862910254329,747.0446072015358,0.0003,768,1.3071554576416933e-16,normuon,884736,0.0006331524692567797,3.71360525709918e-15,16,diagnostic-natural-normuon,"[768, 1152]",0.0005110160444401424,413.8586300197507,3,3,0.layers.4.mlp.Wo.weight,0.03682972205730202
resolved,0.0006781403769065691,saved_segment,0.003728154039600458,734.6970222431241,0.0003,768,3.152801935752238e-17,normuon,589824,0.000695655300257003,3.712407418476372e-15,16,diagnostic-natural-normuon,"[768, 768]",0.00018488226071649427,406.6279344428315,3,3,0.layers.5.attn.Wo.weight,0.037721708040959076
resolved,0.0016035592894554848,cumulative,0.009805592421624236,721.6211481629072,0.0003,768,8.333931611427743e-17,normuon,589824,0.001638556039004274,3.7744371772539195e-15,16,diagnostic-natural-normuon,"[768, 768]",0.0004887069179655883,402.57861488468393,3,3,0.layers.5.attn.Wo.weight,0.03870030287439834
resolved,0.00436602226066912,saved_segment,0.0069578431796964045,735.1480720808917,0.0003,768,2.1258792495672972e-16,normuon,1769472,0.004706474387676814,3.828987892306012e-15,16,diagnostic-natural-normuon,"[2304, 768]",0.00041554292518168184,280.36092678753903,3,3,0.layers.5.attn.Wqkv.weight,0.05196221279538583
resolved,0.001995896368681099,cumulative,0.018401009804574417,740.7225590935662,0.0003,768,5.574346615317447e-16,normuon,1769472,0.002165833805596568,3.936740589258164e-15,16,diagnostic-natural-normuon,"[2304, 768]",0.0010896104748080574,285.19425596554163,3,3,0.layers.5.attn.Wqkv.weight,0.050731390325208306
resolved,0.001291160524892438,saved_segment,0.006468809826101718,751.7053972638528,0.0003,768,1.7622374554817298e-16,normuon,1769472,0.0013456133444168816,3.800416931847841e-15,16,diagnostic-natural-normuon,"[2304, 768]",0.0003444623241252539,352.66739701815027,3,3,0.layers.5.mlp.Wi.weight,0.043387052650520015
resolved,0.0013681298504747796,cumulative,0.017220333031068874,753.9053415477331,0.0003,768,4.4001859334376805e-16,normuon,1769472,0.0014145992591655364,3.902538754688326e-15,16,diagnostic-natural-normuon,"[2304, 768]",0.000860098773011755,400.85419799718545,3,3,0.layers.5.mlp.Wi.weight,0.038496254439498286
resolved,0.0002329624425459,saved_segment,0.003847393215400502,754.4151539487335,0.0003,768,4.653764969172068e-17,normuon,884736,0.00023478692532952883,3.751916633753094e-15,16,diagnostic-natural-normuon,"[768, 1152]",0.0001819331092103576,447.20810549864535,3,3,0.layers.5.mlp.Wo.weight,0.035460382768268406
resolved,0.0010127607082635482,cumulative,0.010142838004204048,750.926945444216,0.0003,768,1.2411284994252107e-16,normuon,884736,0.0010352620185504961,3.8027863086373795e-15,16,diagnostic-natural-normuon,"[768, 1152]",0.00048520363259811476,436.98938859903814,3,3,0.layers.5.mlp.Wo.weight,0.03567156693157375
resolved,0.00037467780446193627,saved_segment,0.0037020987603692424,724.5724040082204,0.0003,768,3.1647045384274536e-17,normuon,589824,0.00038534902693457246,3.795877041607748e-15,16,diagnostic-natural-normuon,"[768, 768]",0.00018558023671874475,397.95370432455496,3,3,0.layers.6.attn.Wo.weight,0.03837366934646548
resolved,0.0005295454280596443,cumulative,0.00980279113960645,715.8662202340477,0.0003,768,8.426732746986896e-17,normuon,589824,0.000542337948769257,3.7383983157298175e-15,16,diagnostic-natural-normuon,"[768, 768]",0.0004941488341052206,393.53553065463325,3,3,0.layers.6.attn.Wo.weight,0.03960554957518756
resolved,0.0015265383868705476,saved_segment,0.006982212553437104,744.9029152244283,0.0003,768,1.9444638593985428e-16,normuon,1769472,0.0016150416021081505,3.967383096904416e-15,16,diagnostic-natural-normuon,"[2304, 768]",0.0003800818885686924,337.467364900229,3,3,0.layers.6.attn.Wqkv.weight,0.0443955888270216
resolved,0.0003116957248076081,cumulative,0.018595175141282123,747.943213061195,0.0003,768,5.153028692699883e-16,normuon,1769472,0.00033161092041465403,3.850583339614981e-15,16,diagnostic-natural-normuon,"[2304, 768]",0.0010072559939354455,340.81666738230325,3,3,0.layers.6.attn.Wqkv.weight,0.04357884922838806
resolved,0.00248914494534392,saved_segment,0.00650761008590577,750.6800630282986,0.0003,768,1.794965858745707e-16,normuon,1769472,0.002583340286996697,3.771580572886283e-15,16,diagnostic-natural-normuon,"[2304, 768]",0.0003508597036714379,344.0139569753649,3,3,0.layers.6.mlp.Wi.weight,0.044782340094742086
resolved,0.0025563359246437356,cumulative,0.0173560571508509,753.4698652742713,0.0003,768,4.532478761717621e-16,normuon,1769472,0.002667407906129991,3.8459741128989775e-15,16,diagnostic-natural-normuon,"[2304, 768]",0.0008859578846500072,383.774388164427,3,3,0.layers.6.mlp.Wi.weight,0.039890072300466234
resolved,0.0009029424761619569,saved_segment,0.0038606827982749156,754.3542040630118,0.0003,768,4.66342729420522e-17,normuon,884736,0.0009108675000474612,3.6229700521561515e-15,16,diagnostic-natural-normuon,"[768, 1152]",0.0001823108456983683,448.43884959139154,3,3,0.layers.6.mlp.Wo.weight,0.03532886691192488
resolved,0.0008230188191140245,cumulative,0.010198932095515015,751.2970146683413,0.0003,768,1.2407726986447398e-16,normuon,884736,0.0008373055550481563,3.831615497455654e-15,16,diagnostic-natural-normuon,"[768, 1152]",0.00048506453674200826,442.08965438383,3,3,0.layers.6.mlp.Wo.weight,0.03547635343816282
resolved,0.00038180629584723717,saved_segment,0.003726454266900995,731.8176364196052,0.0003,768,3.1594377062964026e-17,normuon,589824,0.00039206837918851324,3.711125488119956e-15,16,diagnostic-natural-normuon,"[768, 768]",0.00018527138641636425,404.55249928884473,3,3,0.layers.7.attn.Wo.weight,0.03780658233828227
resolved,0.000580172465131795,cumulative,0.00981878438337597,720.5450787232736,0.0003,768,8.353602695803189e-17,normuon,589824,0.0005926682602173796,3.914352847778027e-15,16,diagnostic-natural-normuon,"[768, 768]",0.0004898604425523491,401.76370961216014,3,3,0.layers.7.attn.Wo.weight,0.03884925506550655
resolved,0.002286723406852159,saved_segment,0.006941957126194669,732.982603712342,0.0003,768,2.0835586551520149e-16,normuon,1769472,0.002405504537487276,3.867820307251847e-15,16,diagnostic-natural-normuon,"[2304, 768]",0.0004072705721765272,290.5345548157522,3,3,0.layers.7.attn.Wqkv.weight,0.05202797912720203
resolved,0.0028557001137205053,cumulative,0.01838274962440708,739.0976509581089,0.0003,768,5.564681896077948e-16,normuon,1769472,0.0030723701266529286,3.8962456046879276e-15,16,diagnostic-natural-normuon,"[2304, 768]",0.0010877213243755204,285.6180557922004,3,3,0.layers.7.attn.Wqkv.weight,0.05069277018777171
resolved,0.0011397521336885543,saved_segment,0.006603121840996688,746.1493457237624,0.0003,768,1.8910529663269488e-16,normuon,1769472,0.001189158001735761,3.8471809568683864e-15,16,diagnostic-natural-normuon,"[2304, 768]",0.00036964172892742697,319.10722413256514,3,3,0.layers.7.mlp.Wi.weight,0.047895108937575176
resolved,0.006043389069738871,cumulative,0.01752775685497102,750.564369461506,0.0003,768,4.799232856556966e-16,normuon,1769472,0.006311970567301816,3.864449637790709e-15,16,diagnostic-natural-normuon,"[2304, 768]",0.0009380999698113798,349.10368746888247,3,3,0.layers.7.mlp.Wi.weight,0.0434593799693517
resolved,0.00043129967223664114,saved_segment,0.0038625164782230452,754.2686874906101,0.0003,768,4.6566508001156675e-17,normuon,884736,0.0004347595207841978,3.692253803540464e-15,16,diagnostic-natural-normuon,"[768, 1152]",0.00018204592715447433,450.17228737109843,3,3,0.layers.7.mlp.Wo.weight,0.035231403424441164
resolved,0.0015227233282703444,cumulative,0.010192941274886956,750.8936333484312,0.0003,768,1.2399456042968522e-16,normuon,884736,0.0015483029226078836,3.8038491256521985e-15,16,diagnostic-natural-normuon,"[768, 1152]",0.00048474119457213435,442.15973028105,3,3,0.layers.7.mlp.Wo.weight,0.0355600718921165
resolved,0.00035066759672075173,saved_segment,0.003731552782712088,735.5850535450404,0.0003,768,3.139287747918078e-17,normuon,589824,0.0003584495957008133,3.71258467366359e-15,16,diagnostic-natural-normuon,"[768, 768]",0.00018408978036110182,410.8845573104018,3,3,0.layers.8.attn.Wo.weight,0.037633088011817604
resolved,0.0005511165502824005,cumulative,0.009834685922725076,722.4626326890434,0.0003,768,8.313452099023321e-17,normuon,589824,0.0005614949231197642,3.751058128303668e-15,16,diagnostic-natural-normuon,"[768, 768]",0.0004875059866578632,406.96876985496726,3,3,0.layers.8.attn.Wo.weight,0.03851410483704266
resolved,0.0017422168452578628,saved_segment,0.0068365892934712106,741.199808648847,0.0003,768,1.9295504668494557e-16,normuon,1769472,0.0018116092525902474,3.9455318265954685e-15,16,diagnostic-natural-normuon,"[2304, 768]",0.0003771667866100597,328.5580389672805,3,3,0.layers.8.attn.Wqkv.weight,0.0464994597930626
resolved,0.0010131325756492968,cumulative,0.018212237616992796,745.8267503097858,0.0003,768,5.05760229469078e-16,normuon,1769472,0.0010558451101421152,3.853777999695076e-15,16,diagnostic-natural-normuon,"[2304, 768]",0.0009886031167429497,339.37720238131163,3,3,0.layers.8.attn.Wqkv.weight,0.04515945719859959
resolved,0.0019545917010942155,saved_segment,0.0065895044052560435,748.6294709553671,0.0003,768,1.8532420828098963e-16,normuon,1769472,0.0020349047888911288,3.976329291360509e-15,16,diagnostic-natural-normuon,"[2304, 768]",0.0003622508834014744,330.89225259485517,3,3,0.layers.8.mlp.Wi.weight,0.04620643174537632
resolved,0.0006870364212262178,cumulative,0.01760486594518787,751.7282329901686,0.0003,768,4.771637857189527e-16,normuon,1769472,0.0007224324341996877,3.912133730521178e-15,16,diagnostic-natural-normuon,"[2304, 768]",0.000932706010225074,356.2672440357481,3,3,0.layers.8.mlp.Wi.weight,0.04246932478936137
resolved,0.0003141971286606972,saved_segment,0.003859823353894231,754.360112022032,0.0003,768,4.6563798261289624e-17,normuon,884736,0.00031686690963435825,3.8417546150808185e-15,16,diagnostic-natural-normuon,"[768, 1152]",0.00018203533376605807,449.59706778726155,3,3,0.layers.8.mlp.Wo.weight,0.03526204790773382
resolved,0.0010589063267167841,cumulative,0.01018472982874504,751.0419438638239,0.0003,768,1.2423665747591192e-16,normuon,884736,0.0010786061854361909,3.710631802009072e-15,16,diagnostic-natural-normuon,"[768, 1152]",0.00048568764263391743,439.7288076118573,3,3,0.layers.8.mlp.Wo.weight,0.0356027980682655
resolved,0.00036928133220754425,saved_segment,0.0037106148115420585,728.3903696948934,0.0003,768,3.144815468991514e-17,normuon,589824,0.00037721441241868065,3.81346003366457e-15,16,diagnostic-natural-normuon,"[768, 768]",0.00018441392935285357,404.8594720972966,3,3,0.layers.9.attn.Wo.weight,0.03818995620029351
resolved,0.001504891629636296,cumulative,0.009838558892861407,717.6995305554474,0.0003,768,8.425437034933353e-17,normuon,589824,0.001539601403602847,3.715098536158965e-15,16,diagnostic-natural-normuon,"[768, 768]",0.0004940728527468675,396.534515475382,3,3,0.layers.9.attn.Wo.weight,0.0393029804342412
resolved,0.005632831701190683,saved_segment,0.006958824252561069,747.012819737233,0.0003,768,2.2492648715120696e-16,normuon,1769472,0.0069575434103423305,3.933241857902685e-15,16,diagnostic-natural-normuon,"[2304, 768]",0.00043966095647566416,250.51626957503194,3,3,0.layers.9.attn.Wqkv.weight,0.047687365648937406
resolved,0.002835685745642309,cumulative,0.0186250017506104,749.584213778461,0.0003,768,6.045980652438759e-16,normuon,1769472,0.0035524079792822864,3.85147069969648e-15,16,diagnostic-natural-normuon,"[2304, 768]",0.0011818001828738031,248.37308908508803,3,3,0.layers.9.attn.Wqkv.weight,0.04713729100521234
resolved,0.001192739155550955,saved_segment,0.006589541160128489,748.8032128846298,0.0003,768,1.8601709689396603e-16,normuon,1769472,0.0012498321431144005,3.783774352707722e-15,16,diagnostic-natural-normuon,"[2304, 768]",0.0003636052640000898,328.4354493758098,3,3,0.layers.9.mlp.Wi.weight,0.04632365268080227
resolved,0.0019653757360411804,cumulative,0.017605338321929183,752.0471987283744,0.0003,768,4.797032651922556e-16,normuon,1769472,0.0020865211176599786,3.8320292136361236e-15,16,diagnostic-natural-normuon,"[2304, 768]",0.0009376698985973319,352.5240914205111,3,3,0.layers.9.mlp.Wi.weight,0.042254965560931446
resolved,7.270668716049873e-05,saved_segment,0.003871776706238544,754.3389232592674,0.0003,768,4.6620404410001143e-17,normuon,884736,7.334364927241795e-05,3.7080177865640984e-15,16,diagnostic-natural-normuon,"[768, 1152]",0.00018225662841036717,451.2881619856126,3,3,0.layers.9.mlp.Wo.weight,0.03512645692531231
resolved,0.00045449311226391815,cumulative,0.010192682958383036,751.3126073709204,0.0003,768,1.2451158352448906e-16,normuon,884736,0.00046403756743445586,3.760771052154263e-15,16,diagnostic-natural-normuon,"[768, 1152]",0.0004867624315661452,438.4730725895374,3,3,0.layers.9.mlp.Wo.weight,0.0355924604301083
