draw,learning_rate,margin,optimizer,relative_margin,relative_shortlist_ndcg,removed_fraction,run_id,shortlist_ndcg,step,task
0,1e-05,0.23622188295546515,adamw,0.9928396605882761,1.0,0.1,verified-v3-adamw-1e-5,1.0,1563,ArguAna
0,1e-05,0.014741433264063165,adamw,1.212372782208573,1.017117070918714,0.1,verified-v3-adamw-1e-5,0.7897108626254801,1563,ClimateFEVER
0,1e-05,0.2975958916719951,adamw,0.9983194082024457,1.0,0.1,verified-v3-adamw-1e-5,1.0,1563,DBPedia
0,1e-05,0.39381313380244576,adamw,0.9945102219012861,1.0,0.1,verified-v3-adamw-1e-5,1.0,1563,FEVER
0,1e-05,0.21696767212459434,adamw,1.0082465440450703,1.0236115350940154,0.1,verified-v3-adamw-1e-5,1.0,1563,FiQA2018
0,1e-05,0.29331051457581936,adamw,0.9793784013460182,1.0,0.1,verified-v3-adamw-1e-5,1.0,1563,HotpotQA
0,1e-05,0.42532959481541777,adamw,0.995567573007936,1.0,0.1,verified-v3-adamw-1e-5,1.0,1563,MSMARCO
0,1e-05,0.006595173400223812,adamw,1.6647277799929414,1.0015531144346814,0.1,verified-v3-adamw-1e-5,0.7201742473770677,1563,NFCorpus
0,1e-05,0.41676487242570703,adamw,1.002516338642123,1.0,0.1,verified-v3-adamw-1e-5,1.0,1563,NQ
0,1e-05,0.46975167185472655,adamw,0.9823302162361959,1.0,0.1,verified-v3-adamw-1e-5,1.0,1563,QuoraRetrieval
0,1e-05,0.10034170771931555,adamw,1.0095916303452857,1.0,0.1,verified-v3-adamw-1e-5,0.8583298984711626,1563,SCIDOCS
0,1e-05,0.2665296030141675,adamw,1.003192906446982,1.0,0.1,verified-v3-adamw-1e-5,1.0,1563,SciFact
0,1e-05,0.07833578384451395,adamw,0.9952826338922608,0.9746818938298829,0.1,verified-v3-adamw-1e-5,0.8880158835937564,1563,TRECCOVID
0,1e-05,0.29425237520319897,adamw,0.9970026531115596,1.0,0.1,verified-v3-adamw-1e-5,1.0,1563,Touche2020
1,1e-05,0.23672973097150485,adamw,0.9949741438358352,1.0,0.1,verified-v3-adamw-1e-5,1.0,1563,ArguAna
1,1e-05,0.015792279457175748,adamw,1.2987970328221823,1.003527706088347,0.1,verified-v3-adamw-1e-5,0.7791597969423252,1563,ClimateFEVER
1,1e-05,0.29456003607675707,adamw,0.9881352838712987,1.0,0.1,verified-v3-adamw-1e-5,1.0,1563,DBPedia
1,1e-05,0.3941497358088625,adamw,0.9953602548416852,1.0,0.1,verified-v3-adamw-1e-5,1.0,1563,FEVER
1,1e-05,0.21649448910578717,adamw,1.0060476674163936,1.0236115350940154,0.1,verified-v3-adamw-1e-5,1.0,1563,FiQA2018
1,1e-05,0.2957378301275624,adamw,0.9874833287403407,1.0,0.1,verified-v3-adamw-1e-5,1.0,1563,HotpotQA
1,1e-05,0.42292657404393785,adamw,0.9899428302519372,1.0,0.1,verified-v3-adamw-1e-5,1.0,1563,MSMARCO
1,1e-05,0.0060699877410064305,adamw,1.5321624775365403,1.0053622458965046,0.1,verified-v3-adamw-1e-5,0.722913231804496,1563,NFCorpus
1,1e-05,0.41753860161752293,adamw,1.0043775227480796,1.0,0.1,verified-v3-adamw-1e-5,1.0,1563,NQ
1,1e-05,0.47600419616720213,adamw,0.9954053023463645,1.0,0.1,verified-v3-adamw-1e-5,1.0,1563,QuoraRetrieval
1,1e-05,0.10077183692154498,adamw,1.0139193904802104,1.0,0.1,verified-v3-adamw-1e-5,0.8583298984711626,1563,SCIDOCS
1,1e-05,0.2704568834790472,adamw,1.0179748288279857,1.0,0.1,verified-v3-adamw-1e-5,1.0,1563,SciFact
1,1e-05,0.07567690182201084,adamw,0.9615006383253523,1.0,0.1,verified-v3-adamw-1e-5,0.9110827739955403,1563,TRECCOVID
1,1e-05,0.2960158705556922,adamw,1.0029778284826045,1.0,0.1,verified-v3-adamw-1e-5,1.0,1563,Touche2020
2,1e-05,0.23797760700592047,adamw,1.0002189619829287,1.0,0.1,verified-v3-adamw-1e-5,1.0,1563,ArguAna
2,1e-05,0.013786768820995965,adamw,1.1338587621547345,1.003527706088347,0.1,verified-v3-adamw-1e-5,0.7791597969423252,1563,ClimateFEVER
2,1e-05,0.2969340312565451,adamw,0.9960991218451564,1.0,0.1,verified-v3-adamw-1e-5,1.0,1563,DBPedia
2,1e-05,0.39384705924988767,adamw,0.994595895032443,1.0,0.1,verified-v3-adamw-1e-5,1.0,1563,FEVER
2,1e-05,0.21555460364836831,adamw,1.0016800293486516,1.0,0.1,verified-v3-adamw-1e-5,0.9769331095982161,1563,FiQA2018
2,1e-05,0.30056131391729457,adamw,1.003589181098679,1.0,0.1,verified-v3-adamw-1e-5,1.0,1563,HotpotQA
2,1e-05,0.42788187254773463,adamw,1.0015416810375162,1.0,0.1,verified-v3-adamw-1e-5,1.0,1563,MSMARCO
2,1e-05,-7.306566935759429e-05,adamw,-0.018442949436210197,0.958093444861553,0.1,verified-v3-adamw-1e-5,0.6889242473770677,1563,NFCorpus
2,1e-05,0.41891353821772637,adamw,1.0076848945960915,1.0,0.1,verified-v3-adamw-1e-5,1.0,1563,NQ
2,1e-05,0.47075279527366737,adamw,0.9844237346705728,1.0,0.1,verified-v3-adamw-1e-5,1.0,1563,QuoraRetrieval
2,1e-05,0.10196735502336923,adamw,1.025948138016622,1.0,0.1,verified-v3-adamw-1e-5,0.8583298984711626,1563,SCIDOCS
2,1e-05,0.2650846029025601,adamw,0.9977540589591756,1.0,0.1,verified-v3-adamw-1e-5,1.0,1563,SciFact
2,1e-05,0.07886556139021246,adamw,1.0020136368283694,1.0,0.1,verified-v3-adamw-1e-5,0.9110827739955403,1563,TRECCOVID
2,1e-05,0.2943106680368742,adamw,0.9972001642099542,1.0,0.1,verified-v3-adamw-1e-5,1.0,1563,Touche2020
3,1e-05,0.2353404250294898,adamw,0.9891348963340126,1.0,0.1,verified-v3-adamw-1e-5,1.0,1563,ArguAna
3,1e-05,0.007714132480802676,adamw,0.6344297796928375,0.9994308912741539,0.1,verified-v3-adamw-1e-5,0.7759789446555663,1563,ClimateFEVER
3,1e-05,0.30047988523173647,adamw,1.0079940939907628,1.0,0.1,verified-v3-adamw-1e-5,1.0,1563,DBPedia
3,1e-05,0.39022423254339217,adamw,0.9854470427404974,1.0,0.1,verified-v3-adamw-1e-5,1.0,1563,FEVER
3,1e-05,0.21285340455335372,adamw,0.9891275848961795,1.0236115350940154,0.1,verified-v3-adamw-1e-5,1.0,1563,FiQA2018
3,1e-05,0.2994667446063994,adamw,0.9999343597111223,1.0,0.1,verified-v3-adamw-1e-5,1.0,1563,HotpotQA
3,1e-05,0.4275351676803226,adamw,1.0007301501033727,1.0,0.1,verified-v3-adamw-1e-5,1.0,1563,MSMARCO
3,1e-05,0.0054642316674161345,adamw,1.3792599073674234,1.0024307120740625,0.1,verified-v3-adamw-1e-5,0.7208052905143035,1563,NFCorpus
3,1e-05,0.412418330730721,adamw,0.9920608531774991,1.0,0.1,verified-v3-adamw-1e-5,1.0,1563,NQ
3,1e-05,0.4739499885874162,adamw,0.9911096067758137,1.0,0.1,verified-v3-adamw-1e-5,1.0,1563,QuoraRetrieval
3,1e-05,0.09482025052937358,adamw,0.9540372941377692,1.0022314861235977,0.1,verified-v3-adamw-1e-5,0.86024524972907,1563,SCIDOCS
3,1e-05,0.2643803850391535,adamw,0.9951034477055912,1.0,0.1,verified-v3-adamw-1e-5,1.0,1563,SciFact
3,1e-05,0.07523220426137227,adamw,0.9558506053810681,1.0,0.1,verified-v3-adamw-1e-5,0.9110827739955403,1563,TRECCOVID
3,1e-05,0.29483687648776585,adamw,0.9989830936468581,1.0,0.1,verified-v3-adamw-1e-5,1.0,1563,Touche2020
4,1e-05,0.2368388929068646,adamw,0.9954329510280213,1.0,0.1,verified-v3-adamw-1e-5,1.0,1563,ArguAna
4,1e-05,0.010033889074454327,adamw,0.8252124332593845,1.0012721812523133,0.1,verified-v3-adamw-1e-5,0.7774085605164844,1563,ClimateFEVER
4,1e-05,0.30312133794781176,adamw,1.0168551488174655,1.0,0.1,verified-v3-adamw-1e-5,1.0,1563,DBPedia
4,1e-05,0.39090139678879604,adamw,0.987157109536538,1.0,0.1,verified-v3-adamw-1e-5,1.0,1563,FEVER
4,1e-05,0.21739925462009818,adamw,1.0102521034692054,1.0,0.1,verified-v3-adamw-1e-5,0.9769331095982161,1563,FiQA2018
4,1e-05,0.298551956624989,adamw,0.9968798371274369,1.0,0.1,verified-v3-adamw-1e-5,1.0,1563,HotpotQA
4,1e-05,0.42508650087146616,adamw,0.9949985638189613,1.0,0.1,verified-v3-adamw-1e-5,1.0,1563,MSMARCO
4,1e-05,0.003503230027532873,adamw,0.8842715714406388,0.9710268869512478,0.1,verified-v3-adamw-1e-5,0.6982241355095091,1563,NFCorpus
4,1e-05,0.4140457238294505,adamw,0.9959755021290146,1.0,0.1,verified-v3-adamw-1e-5,1.0,1563,NQ
4,1e-05,0.4799637403843233,adamw,1.0036853791615128,1.0,0.1,verified-v3-adamw-1e-5,1.0,1563,QuoraRetrieval
4,1e-05,0.09881635758838306,adamw,0.9942442662178652,0.9990404235353006,0.1,verified-v3-adamw-1e-5,0.8575062653016419,1563,SCIDOCS
4,1e-05,0.2613428881016257,adamw,0.9836705886662134,1.0,0.1,verified-v3-adamw-1e-5,1.0,1563,SciFact
4,1e-05,0.07364510902773594,adamw,0.935686023540581,1.0,0.1,verified-v3-adamw-1e-5,0.9110827739955403,1563,TRECCOVID
4,1e-05,0.2963872400637749,adamw,1.0042361237965762,1.0,0.1,verified-v3-adamw-1e-5,1.0,1563,Touche2020
5,1e-05,0.24382873118532628,adamw,1.024811214282587,1.0,0.1,verified-v3-adamw-1e-5,1.0,1563,ArguAna
5,1e-05,0.006357098717322441,adamw,0.5228238883313602,0.9195024154523153,0.1,verified-v3-adamw-1e-5,0.713920812514897,1563,ClimateFEVER
5,1e-05,0.3002939396255262,adamw,1.0073703182171567,1.0,0.1,verified-v3-adamw-1e-5,1.0,1563,DBPedia
5,1e-05,0.39439730826277875,adamw,0.9959854583073585,1.0,0.1,verified-v3-adamw-1e-5,1.0,1563,FEVER
5,1e-05,0.20883494296727476,adamw,0.970453835176381,1.0236115350940154,0.1,verified-v3-adamw-1e-5,1.0,1563,FiQA2018
5,1e-05,0.2984100256002971,adamw,0.9964059223744482,1.0,0.1,verified-v3-adamw-1e-5,1.0,1563,HotpotQA
5,1e-05,0.42543182903307375,adamw,0.995806872302391,1.0,0.1,verified-v3-adamw-1e-5,1.0,1563,MSMARCO
5,1e-05,0.0015395658732976214,adamw,0.3886111740929613,1.0320793419181151,0.1,verified-v3-adamw-1e-5,0.7421243592446263,1563,NFCorpus
5,1e-05,0.4173256559413567,adamw,1.003865287831645,1.0,0.1,verified-v3-adamw-1e-5,1.0,1563,NQ
5,1e-05,0.48098134198998554,adamw,1.0058133562720266,1.0,0.1,verified-v3-adamw-1e-5,1.0,1563,QuoraRetrieval
5,1e-05,0.09160013501436357,adamw,0.9216379883396947,1.0,0.1,verified-v3-adamw-1e-5,0.8583298984711626,1563,SCIDOCS
5,1e-05,0.2664999463323064,adamw,1.003081281424713,1.0,0.1,verified-v3-adamw-1e-5,1.0,1563,SciFact
5,1e-05,0.07782866316771012,adamw,0.9888394941400326,1.025318106170117,0.1,verified-v3-adamw-1e-5,0.9341496643973242,1563,TRECCOVID
5,1e-05,0.3002090698584554,adamw,1.0171854651312247,1.0,0.1,verified-v3-adamw-1e-5,1.0,1563,Touche2020
6,1e-05,0.23973848366781814,adamw,1.0076199197835483,1.0,0.1,verified-v3-adamw-1e-5,1.0,1563,ArguAna
6,1e-05,0.015664031479585987,adamw,1.2882495945495305,0.9956918116246898,0.1,verified-v3-adamw-1e-5,0.7730758453960714,1563,ClimateFEVER
6,1e-05,0.29905903665861233,adamw,1.0032276951715549,1.0,0.1,verified-v3-adamw-1e-5,1.0,1563,DBPedia
6,1e-05,0.4013241595036208,adamw,1.0134780805012713,1.0,0.1,verified-v3-adamw-1e-5,1.0,1563,FEVER
6,1e-05,0.21170726480497853,adamw,0.9838014852566518,1.0,0.1,verified-v3-adamw-1e-5,0.9769331095982161,1563,FiQA2018
6,1e-05,0.299734587051648,adamw,1.0008286989618633,1.0,0.1,verified-v3-adamw-1e-5,1.0,1563,HotpotQA
6,1e-05,0.42385941616928735,adamw,0.9921263307232289,1.0,0.1,verified-v3-adamw-1e-5,1.0,1563,MSMARCO
6,1e-05,-0.00313125380856686,adamw,-0.7903787944609698,1.0015531144346814,0.1,verified-v3-adamw-1e-5,0.7201742473770677,1563,NFCorpus
6,1e-05,0.4150971510470842,adamw,0.9985046811321197,1.0,0.1,verified-v3-adamw-1e-5,1.0,1563,NQ
6,1e-05,0.48060012235706706,adamw,1.0050161615266417,1.0,0.1,verified-v3-adamw-1e-5,1.0,1563,QuoraRetrieval
6,1e-05,0.09677453466235558,adamw,0.9737003928513603,0.994577451288105,0.1,verified-v3-adamw-1e-5,0.8536755627858269,1563,SCIDOCS
6,1e-05,0.26696395535615125,adamw,1.0048277687041158,1.0,0.1,verified-v3-adamw-1e-5,1.0,1563,SciFact
6,1e-05,0.08501177156725989,adamw,1.080103316324129,1.0,0.1,verified-v3-adamw-1e-5,0.9110827739955403,1563,TRECCOVID
6,1e-05,0.29049867193974066,adamw,0.984284141969289,1.0,0.1,verified-v3-adamw-1e-5,1.0,1563,Touche2020
7,1e-05,0.23192042653730244,adamw,0.9747606558965344,1.0,0.1,verified-v3-adamw-1e-5,1.0,1563,ArguAna
7,1e-05,0.008213134214686255,adamw,0.6754689452609615,1.0031134712304726,0.1,verified-v3-adamw-1e-5,0.7788381763774024,1563,ClimateFEVER
7,1e-05,0.29756792623347694,adamw,0.9982255949448945,1.0,0.1,verified-v3-adamw-1e-5,1.0,1563,DBPedia
7,1e-05,0.39574526141980904,adamw,0.9993894920437834,1.0,0.1,verified-v3-adamw-1e-5,1.0,1563,FEVER
7,1e-05,0.21534748143027357,adamw,1.0007175345283676,1.0,0.1,verified-v3-adamw-1e-5,0.9769331095982161,1563,FiQA2018
7,1e-05,0.29826009653866603,adamw,0.9959053017781907,1.0,0.1,verified-v3-adamw-1e-5,1.0,1563,HotpotQA
7,1e-05,0.4276696438652571,adamw,1.001044918063784,1.0,0.1,verified-v3-adamw-1e-5,1.0,1563,MSMARCO
7,1e-05,0.0016338385084035643,adamw,0.4124071025743376,0.996901237131733,0.1,verified-v3-adamw-1e-5,0.7168292802582421,1563,NFCorpus
7,1e-05,0.4144607772914446,adamw,0.9969739017173418,1.0,0.1,verified-v3-adamw-1e-5,1.0,1563,NQ
7,1e-05,0.4829877284575247,adamw,1.0100090498067174,1.0,0.1,verified-v3-adamw-1e-5,1.0,1563,QuoraRetrieval
7,1e-05,0.09694066698265699,adamw,0.9753719390500291,1.0,0.1,verified-v3-adamw-1e-5,0.8583298984711626,1563,SCIDOCS
7,1e-05,0.2686600571500398,adamw,1.0112117398240166,1.0,0.1,verified-v3-adamw-1e-5,1.0,1563,SciFact
7,1e-05,0.08100593774959217,adamw,1.0292078425404418,1.0,0.1,verified-v3-adamw-1e-5,0.9110827739955403,1563,TRECCOVID
7,1e-05,0.2932098054804586,adamw,0.9934701590105073,1.0,0.1,verified-v3-adamw-1e-5,1.0,1563,Touche2020
8,1e-05,0.24060524867157418,adamw,1.0112629297425417,1.0,0.1,verified-v3-adamw-1e-5,1.0,1563,ArguAna
8,1e-05,0.016481357750268457,adamw,1.3554685757034934,0.9975331016028491,0.1,verified-v3-adamw-1e-5,0.7745054612569895,1563,ClimateFEVER
8,1e-05,0.2981746978420221,adamw,1.0002610796075138,1.0,0.1,verified-v3-adamw-1e-5,1.0,1563,DBPedia
8,1e-05,0.395257271419454,adamw,0.9981571536531035,1.0,0.1,verified-v3-adamw-1e-5,1.0,1563,FEVER
8,1e-05,0.21351200447969018,adamw,0.9921880919898619,1.0,0.1,verified-v3-adamw-1e-5,0.9769331095982161,1563,FiQA2018
8,1e-05,0.2980456035581422,adamw,0.9951890990444797,1.0,0.1,verified-v3-adamw-1e-5,1.0,1563,HotpotQA
8,1e-05,0.4247851419700589,adamw,0.994293174037165,1.0,0.1,verified-v3-adamw-1e-5,1.0,1563,MSMARCO
8,1e-05,0.003353221578224321,adamw,0.8464070275320381,0.9538766333777473,0.1,verified-v3-adamw-1e-5,0.685892117584935,1563,NFCorpus
8,1e-05,0.41720267163859315,adamw,1.0035694525032035,1.0,0.1,verified-v3-adamw-1e-5,1.0,1563,NQ
8,1e-05,0.47342615761162693,adamw,0.990014187586167,1.0,0.1,verified-v3-adamw-1e-5,1.0,1563,QuoraRetrieval
8,1e-05,0.09486318392413387,adamw,0.954469270003015,1.0022314861235977,0.1,verified-v3-adamw-1e-5,0.86024524972907,1563,SCIDOCS
8,1e-05,0.2629354480487843,adamw,0.9896648378003187,1.0,0.1,verified-v3-adamw-1e-5,1.0,1563,SciFact
8,1e-05,0.0746779748582039,adamw,0.9488089333240064,1.0,0.1,verified-v3-adamw-1e-5,0.9110827739955403,1563,TRECCOVID
8,1e-05,0.2927932927732214,adamw,0.9920589069385966,1.0,0.1,verified-v3-adamw-1e-5,1.0,1563,Touche2020
9,1e-05,0.23568231792966826,adamw,0.9905718708713578,1.0,0.1,verified-v3-adamw-1e-5,1.0,1563,ArguAna
9,1e-05,0.014398930977762679,adamw,1.1842045273098316,0.9956918116246898,0.1,verified-v3-adamw-1e-5,0.7730758453960714,1563,ClimateFEVER
9,1e-05,0.2943620145056217,adamw,0.9874709978941084,1.0,0.1,verified-v3-adamw-1e-5,1.0,1563,DBPedia
9,1e-05,0.40043302463401514,adamw,1.0112276661274326,1.0,0.1,verified-v3-adamw-1e-5,1.0,1563,FEVER
9,1e-05,0.21010786836083428,adamw,0.9763691064069567,1.0,0.1,verified-v3-adamw-1e-5,0.9769331095982161,1563,FiQA2018
9,1e-05,0.298659151120473,adamw,0.9972377648811418,1.0,0.1,verified-v3-adamw-1e-5,1.0,1563,HotpotQA
9,1e-05,0.42854233634429784,adamw,1.0030876264573014,1.0,0.1,verified-v3-adamw-1e-5,1.0,1563,MSMARCO
9,1e-05,-0.000941500938603854,adamw,-0.23764997101214588,0.9607571419106773,0.1,verified-v3-adamw-1e-5,0.6908395986349751,1563,NFCorpus
9,1e-05,0.4131097659835475,adamw,0.9937240814962325,1.0,0.1,verified-v3-adamw-1e-5,1.0,1563,NQ
9,1e-05,0.47341467804269133,adamw,0.989990181865463,1.0,0.1,verified-v3-adamw-1e-5,1.0,1563,QuoraRetrieval
9,1e-05,0.10135560614451827,adamw,1.0197930051013173,0.9990404235353006,0.1,verified-v3-adamw-1e-5,0.8575062653016419,1563,SCIDOCS
9,1e-05,0.26482660780768613,adamw,0.9967829891562393,1.0,0.1,verified-v3-adamw-1e-5,1.0,1563,SciFact
9,1e-05,0.07682600884289147,adamw,0.976100431756107,1.0,0.1,verified-v3-adamw-1e-5,0.9110827739955403,1563,TRECCOVID
9,1e-05,0.28971307379116296,adamw,0.981622333588403,1.0,0.1,verified-v3-adamw-1e-5,1.0,1563,Touche2020
10,1e-05,0.23894463309740013,adamw,1.0042833689059134,1.0,0.1,verified-v3-adamw-1e-5,1.0,1563,ArguAna
10,1e-05,0.006983017709845084,adamw,0.5743010504775804,0.9381030411844596,0.1,verified-v3-adamw-1e-5,0.728362725459134,1563,ClimateFEVER
10,1e-05,0.29360340829912945,adamw,0.9849261667310533,1.0,0.1,verified-v3-adamw-1e-5,1.0,1563,DBPedia
10,1e-05,0.3946933174221847,adamw,0.9967329806968818,1.0,0.1,verified-v3-adamw-1e-5,1.0,1563,FEVER
10,1e-05,0.2146525943020822,adamw,0.9974884011803451,1.0,0.1,verified-v3-adamw-1e-5,0.9769331095982161,1563,FiQA2018
10,1e-05,0.29457822349236557,adamw,0.983611344491117,1.0,0.1,verified-v3-adamw-1e-5,1.0,1563,HotpotQA
10,1e-05,0.42630638119425457,adamw,0.9978539336477306,1.0,0.1,verified-v3-adamw-1e-5,1.0,1563,MSMARCO
10,1e-05,-0.0026966931354644157,adamw,-0.6806886952466686,0.996901237131733,0.1,verified-v3-adamw-1e-5,0.7168292802582421,1563,NFCorpus
10,1e-05,0.4086005713096735,adamw,0.9828773388032466,1.0,0.1,verified-v3-adamw-1e-5,1.0,1563,NQ
10,1e-05,0.478674394963847,adamw,1.0009891397618766,1.0,0.1,verified-v3-adamw-1e-5,1.0,1563,QuoraRetrieval
10,1e-05,0.10486264817343752,adamw,1.0550792321363436,1.0,0.1,verified-v3-adamw-1e-5,0.8583298984711626,1563,SCIDOCS
10,1e-05,0.2615781765955866,adamw,0.9845561929121986,0.9769331095982161,0.1,verified-v3-adamw-1e-5,0.9769331095982161,1563,SciFact
10,1e-05,0.08380435094095075,adamw,1.0647626288095433,0.9910182588983335,0.1,verified-v3-adamw-1e-5,0.9028996643973242,1563,TRECCOVID
10,1e-05,0.2991498543138583,adamw,1.0135965707087036,1.0,0.1,verified-v3-adamw-1e-5,1.0,1563,Touche2020
11,1e-05,0.2375069622747597,adamw,0.9982408439978502,1.0,0.1,verified-v3-adamw-1e-5,1.0,1563,ArguAna
11,1e-05,0.010759862204139593,adamw,0.88491830088291,0.9956918116246898,0.1,verified-v3-adamw-1e-5,0.7730758453960714,1563,ClimateFEVER
11,1e-05,0.29429706074084094,adamw,0.9872531030715281,1.0,0.1,verified-v3-adamw-1e-5,1.0,1563,DBPedia
11,1e-05,0.39568271252879084,adamw,0.9992315351191741,1.0,0.1,verified-v3-adamw-1e-5,1.0,1563,FEVER
11,1e-05,0.21186075136186422,adamw,0.9845147357101502,1.0,0.1,verified-v3-adamw-1e-5,0.9769331095982161,1563,FiQA2018
11,1e-05,0.3045284739154043,adamw,1.0168357257118221,1.0,0.1,verified-v3-adamw-1e-5,1.0,1563,HotpotQA
11,1e-05,0.4297561137578827,adamw,1.0059287112267234,1.0,0.1,verified-v3-adamw-1e-5,1.0,1563,MSMARCO
11,1e-05,0.002761652757401369,adamw,0.6970855480136656,1.0082815647867462,0.1,verified-v3-adamw-1e-5,0.7250123898564582,1563,NFCorpus
11,1e-05,0.4195626386501501,adamw,1.0092462876788073,1.0,0.1,verified-v3-adamw-1e-5,1.0,1563,NQ
11,1e-05,0.4813868702313851,adamw,1.0066613844301617,1.0,0.1,verified-v3-adamw-1e-5,1.0,1563,QuoraRetrieval
11,1e-05,0.10781519094999605,adamw,1.0847863453916635,1.0022314861235977,0.1,verified-v3-adamw-1e-5,0.86024524972907,1563,SCIDOCS
11,1e-05,0.26322282482852855,adamw,0.9907464975621487,1.0,0.1,verified-v3-adamw-1e-5,1.0,1563,SciFact
11,1e-05,0.07803535886190466,adamw,0.9914656328576902,1.0,0.1,verified-v3-adamw-1e-5,0.9110827739955403,1563,TRECCOVID
11,1e-05,0.29333108728260415,adamw,0.9938810929186185,1.0,0.1,verified-v3-adamw-1e-5,1.0,1563,Touche2020
12,1e-05,0.23769302288182842,adamw,0.9990228560098608,1.0,0.1,verified-v3-adamw-1e-5,1.0,1563,ArguAna
12,1e-05,0.010783855809090822,adamw,0.8868915956819206,1.03098144461823,0.1,verified-v3-adamw-1e-5,0.8004754509182683,1563,ClimateFEVER
12,1e-05,0.29995554376417527,adamw,1.0062351306507427,1.0,0.1,verified-v3-adamw-1e-5,1.0,1563,DBPedia
12,1e-05,0.39980324719760985,adamw,1.0096372669145357,1.0,0.1,verified-v3-adamw-1e-5,1.0,1563,FEVER
12,1e-05,0.21747141807232467,adamw,1.0105874462905633,1.0,0.1,verified-v3-adamw-1e-5,0.9769331095982161,1563,FiQA2018
12,1e-05,0.2993908056292011,adamw,0.9996807956880396,1.0,0.1,verified-v3-adamw-1e-5,1.0,1563,HotpotQA
12,1e-05,0.43095713513816314,adamw,1.0087399379912645,1.0,0.1,verified-v3-adamw-1e-5,1.0,1563,MSMARCO
12,1e-05,0.007800190947477146,adamw,1.9688935789124218,1.0015531144346814,0.1,verified-v3-adamw-1e-5,0.7201742473770677,1563,NFCorpus
12,1e-05,0.41667973749202214,adamw,1.0023115489209748,1.0,0.1,verified-v3-adamw-1e-5,1.0,1563,NQ
12,1e-05,0.47894123367279196,adamw,1.0015471446448037,1.0,0.1,verified-v3-adamw-1e-5,1.0,1563,QuoraRetrieval
12,1e-05,0.09548891816375284,adamw,0.9607651171188217,0.9983344214579214,0.1,verified-v3-adamw-1e-5,0.8569002826102445,1563,SCIDOCS
12,1e-05,0.26226299195740105,adamw,0.9871337749347168,0.9769331095982161,0.1,verified-v3-adamw-1e-5,0.9769331095982161,1563,SciFact
12,1e-05,0.0707948739938084,adamw,0.8994728232308726,1.0163363650684505,0.1,verified-v3-adamw-1e-5,0.925966554799108,1563,TRECCOVID
12,1e-05,0.29521267810523655,adamw,1.0002564060862331,1.0,0.1,verified-v3-adamw-1e-5,1.0,1563,Touche2020
13,1e-05,0.23766691701729586,adamw,0.9989131331621823,1.0,0.1,verified-v3-adamw-1e-5,1.0,1563,ArguAna
13,1e-05,0.014389654817319415,adamw,1.1834416323970127,0.9956918116246898,0.1,verified-v3-adamw-1e-5,0.7730758453960714,1563,ClimateFEVER
13,1e-05,0.3008915742039811,adamw,1.0093751516687626,1.0,0.1,verified-v3-adamw-1e-5,1.0,1563,DBPedia
13,1e-05,0.3943616579091521,adamw,0.995895429209665,1.0,0.1,verified-v3-adamw-1e-5,1.0,1563,FEVER
13,1e-05,0.21545267871782517,adamw,1.0012063852432147,1.0,0.1,verified-v3-adamw-1e-5,0.9769331095982161,1563,FiQA2018
13,1e-05,0.3017685146118812,adamw,1.0076200842801686,1.0,0.1,verified-v3-adamw-1e-5,1.0,1563,HotpotQA
13,1e-05,0.419480922650439,adamw,0.9818776054543406,1.0,0.1,verified-v3-adamw-1e-5,1.0,1563,MSMARCO
13,1e-05,-0.0009804538779111301,adamw,-0.24748231904032678,0.967920658081885,0.1,verified-v3-adamw-1e-5,0.6959905784410585,1563,NFCorpus
13,1e-05,0.4095067519960438,adamw,0.9850571313048571,1.0,0.1,verified-v3-adamw-1e-5,1.0,1563,NQ
13,1e-05,0.47732939707769145,adamw,0.9981765216414816,1.0,0.1,verified-v3-adamw-1e-5,1.0,1563,QuoraRetrieval
13,1e-05,0.1019082001128606,adamw,1.0253529487986908,1.0,0.1,verified-v3-adamw-1e-5,0.8583298984711626,1563,SCIDOCS
13,1e-05,0.2627386908765331,adamw,0.9889242619045729,0.9769331095982161,0.1,verified-v3-adamw-1e-5,0.9769331095982161,1563,SciFact
13,1e-05,0.07796059645981446,adamw,0.9905157512478228,1.0,0.1,verified-v3-adamw-1e-5,0.9110827739955403,1563,TRECCOVID
13,1e-05,0.2925070663488937,adamw,0.9910890982692585,1.0,0.1,verified-v3-adamw-1e-5,1.0,1563,Touche2020
14,1e-05,0.2359818841757216,adamw,0.9918309466450929,1.0,0.1,verified-v3-adamw-1e-5,1.0,1563,ArguAna
14,1e-05,0.00805302351887253,adamw,0.6623010363970215,1.0254010749906062,0.1,verified-v3-adamw-1e-5,0.7961427357978553,1563,ClimateFEVER
14,1e-05,0.2996530310514939,adamw,1.0052203172048948,1.0,0.1,verified-v3-adamw-1e-5,1.0,1563,DBPedia
14,1e-05,0.39340504686370525,adamw,0.9934796655354199,1.0,0.1,verified-v3-adamw-1e-5,1.0,1563,FEVER
14,1e-05,0.21022774343670123,adamw,0.9769261646533602,1.0,0.1,verified-v3-adamw-1e-5,0.9769331095982161,1563,FiQA2018
14,1e-05,0.29989658126382635,adamw,1.0013696056960797,1.0,0.1,verified-v3-adamw-1e-5,1.0,1563,HotpotQA
14,1e-05,0.4253082814699026,adamw,0.9955176849307228,1.0,0.1,verified-v3-adamw-1e-5,1.0,1563,MSMARCO
14,1e-05,0.009500387700315511,adamw,2.398050569054299,1.0336324563527965,0.1,verified-v3-adamw-1e-5,0.7432411377788516,1563,NFCorpus
14,1e-05,0.4193556352383023,adamw,1.0087483467143392,1.0,0.1,verified-v3-adamw-1e-5,1.0,1563,NQ
14,1e-05,0.48247046953163053,adamw,1.00892737388523,1.0,0.1,verified-v3-adamw-1e-5,1.0,1563,QuoraRetrieval
14,1e-05,0.09207386780800013,adamw,0.9264044675470592,0.9968089374117028,0.1,verified-v3-adamw-1e-5,0.8555909140437343,1563,SCIDOCS
14,1e-05,0.2664462648503704,adamw,1.0028792292651152,0.9769331095982161,0.1,verified-v3-adamw-1e-5,0.9769331095982161,1563,SciFact
14,1e-05,0.07769001545971775,adamw,0.9870779281069708,1.0,0.1,verified-v3-adamw-1e-5,0.9110827739955403,1563,TRECCOVID
14,1e-05,0.29623958414181584,adamw,1.0037358275939061,1.0,0.1,verified-v3-adamw-1e-5,1.0,1563,Touche2020
15,1e-05,0.23693250385937717,adamw,0.9958263974994367,1.0,0.1,verified-v3-adamw-1e-5,1.0,1563,ArguAna
15,1e-05,0.010713565700986206,adamw,0.8811107592871121,0.989460471092074,0.1,verified-v3-adamw-1e-5,0.7682377029166809,1563,ClimateFEVER
15,1e-05,0.29742937705966865,adamw,0.9977608159171125,0.9769331095982161,0.1,verified-v3-adamw-1e-5,0.9769331095982161,1563,DBPedia
15,1e-05,0.3953393962646039,adamw,0.9983645464263842,1.0,0.1,verified-v3-adamw-1e-5,1.0,1563,FEVER
15,1e-05,0.21572470552131914,adamw,1.0024704910052609,1.0236115350940154,0.1,verified-v3-adamw-1e-5,1.0,1563,FiQA2018
15,1e-05,0.29721569192071673,adamw,0.9924179827962414,1.0,0.1,verified-v3-adamw-1e-5,1.0,1563,HotpotQA
15,1e-05,0.42360527961335315,adamw,0.9915314741289827,1.0,0.1,verified-v3-adamw-1e-5,1.0,1563,MSMARCO
15,1e-05,-0.00020453474640751146,adamw,-0.051627857776543204,0.9683631899021234,0.1,verified-v3-adamw-1e-5,0.6963087842516016,1563,NFCorpus
15,1e-05,0.40618787257549055,adamw,0.9770736589317605,1.0,0.1,verified-v3-adamw-1e-5,1.0,1563,NQ
15,1e-05,0.47110826497100916,adamw,0.9851670819444132,1.0,0.1,verified-v3-adamw-1e-5,1.0,1563,QuoraRetrieval
15,1e-05,0.09749263510509265,adamw,0.9809255857767448,1.0,0.1,verified-v3-adamw-1e-5,0.8583298984711626,1563,SCIDOCS
15,1e-05,0.26427673728646833,adamw,0.9947133270995233,1.0,0.1,verified-v3-adamw-1e-5,1.0,1563,SciFact
15,1e-05,0.07805883990706093,adamw,0.991763967479784,1.0,0.1,verified-v3-adamw-1e-5,0.9110827739955403,1563,TRECCOVID
15,1e-05,0.2942639741779185,adamw,0.9970419534181781,1.0,0.1,verified-v3-adamw-1e-5,1.0,1563,Touche2020
16,1e-05,0.23944237786677397,adamw,1.0063753882468052,1.0,0.1,verified-v3-adamw-1e-5,1.0,1563,ArguAna
16,1e-05,0.012679188318539486,adamw,1.0427685383461291,0.9793988123500541,0.1,verified-v3-adamw-1e-5,0.7604256216609542,1563,ClimateFEVER
16,1e-05,0.3037034216832881,adamw,1.0188078151901772,1.0,0.1,verified-v3-adamw-1e-5,1.0,1563,DBPedia
16,1e-05,0.3932457336373181,adamw,0.9930773462156036,1.0,0.1,verified-v3-adamw-1e-5,1.0,1563,FEVER
16,1e-05,0.21042184050537374,adamw,0.9778281317380509,1.0,0.1,verified-v3-adamw-1e-5,0.9769331095982161,1563,FiQA2018
16,1e-05,0.3063821020729339,adamw,1.023025082354003,1.0,0.1,verified-v3-adamw-1e-5,1.0,1563,HotpotQA
16,1e-05,0.4287926188230948,adamw,1.0036734618259653,1.0,0.1,verified-v3-adamw-1e-5,1.0,1563,MSMARCO
16,1e-05,0.0001506772117677059,adamw,0.038033350303278916,0.9988894173855571,0.1,verified-v3-adamw-1e-5,0.7182588961191603,1563,NFCorpus
16,1e-05,0.41734093830209645,adamw,1.003902049126438,1.0,0.1,verified-v3-adamw-1e-5,1.0,1563,NQ
16,1e-05,0.4788931544917481,adamw,1.0014466029434301,1.0,0.1,verified-v3-adamw-1e-5,1.0,1563,QuoraRetrieval
16,1e-05,0.09777379899059573,adamw,0.9837545261247933,1.0054225487118948,0.1,verified-v3-adamw-1e-5,0.8629842341564983,1563,SCIDOCS
16,1e-05,0.26855921205708344,adamw,1.010832168171338,1.0,0.1,verified-v3-adamw-1e-5,1.0,1563,SciFact
16,1e-05,0.07948963582389121,adamw,1.0099427136258834,1.0,0.1,verified-v3-adamw-1e-5,0.9110827739955403,1563,TRECCOVID
16,1e-05,0.30105932474103625,adamw,1.0200663471399722,1.0,0.1,verified-v3-adamw-1e-5,1.0,1563,Touche2020
17,1e-05,0.23557946462478946,adamw,0.9901395788286874,1.0,0.1,verified-v3-adamw-1e-5,1.0,1563,ArguAna
17,1e-05,0.0009801136436899498,adamw,0.08060702672498798,0.9449034904429214,0.1,verified-v3-adamw-1e-5,0.7336427357978553,1563,ClimateFEVER
17,1e-05,0.2965325057442538,adamw,0.9947521586543787,1.0,0.1,verified-v3-adamw-1e-5,1.0,1563,DBPedia
17,1e-05,0.3993081680156009,adamw,1.008387025962934,1.0,0.1,verified-v3-adamw-1e-5,1.0,1563,FEVER
17,1e-05,0.21698126280192295,adamw,1.0083096997830363,1.0236115350940154,0.1,verified-v3-adamw-1e-5,1.0,1563,FiQA2018
17,1e-05,0.29596452023003145,adamw,0.9882402582710744,1.0,0.1,verified-v3-adamw-1e-5,1.0,1563,HotpotQA
17,1e-05,0.4238390322885685,adamw,0.9920786182411842,1.0,0.1,verified-v3-adamw-1e-5,1.0,1563,MSMARCO
17,1e-05,-0.003552466742445134,adamw,-0.8966997097375411,0.967920658081885,0.1,verified-v3-adamw-1e-5,0.6959905784410585,1563,NFCorpus
17,1e-05,0.4080733437584323,adamw,0.9816091075551925,1.0,0.1,verified-v3-adamw-1e-5,1.0,1563,NQ
17,1e-05,0.4746708795115411,adamw,0.9926171116551095,1.0,0.1,verified-v3-adamw-1e-5,1.0,1563,QuoraRetrieval
17,1e-05,0.10166686721907883,adamw,1.0229247693783183,1.0,0.1,verified-v3-adamw-1e-5,0.8583298984711626,1563,SCIDOCS
17,1e-05,0.2715415901972942,adamw,1.022057565128249,0.9769331095982161,0.1,verified-v3-adamw-1e-5,0.9769331095982161,1563,SciFact
17,1e-05,0.08356726357964095,adamw,1.0617503536800144,1.025318106170117,0.1,verified-v3-adamw-1e-5,0.9341496643973242,1563,TRECCOVID
17,1e-05,0.2921407594886463,adamw,0.9898479565069621,1.0,0.1,verified-v3-adamw-1e-5,1.0,1563,Touche2020
18,1e-05,0.23324215146136063,adamw,0.9803158606412209,1.0,0.1,verified-v3-adamw-1e-5,1.0,1563,ArguAna
18,1e-05,0.013910600300758288,adamw,1.1440429764679003,0.9929881771804211,0.1,verified-v3-adamw-1e-5,0.7709766873441091,1563,ClimateFEVER
18,1e-05,0.29618859182129975,adamw,0.9935984601200774,1.0,0.1,verified-v3-adamw-1e-5,1.0,1563,DBPedia
18,1e-05,0.3975933901289447,adamw,1.004056636775291,1.0,0.1,verified-v3-adamw-1e-5,1.0,1563,FEVER
18,1e-05,0.21736469977208095,adamw,1.010091527445357,1.0236115350940154,0.1,verified-v3-adamw-1e-5,1.0,1563,FiQA2018
18,1e-05,0.29982256857642564,adamw,1.0011224736504705,1.0,0.1,verified-v3-adamw-1e-5,1.0,1563,HotpotQA
18,1e-05,0.4250196868767798,adamw,0.994842172523026,1.0,0.1,verified-v3-adamw-1e-5,1.0,1563,MSMARCO
18,1e-05,0.0027629708430724834,adamw,0.6974182540245554,0.996901237131733,0.1,verified-v3-adamw-1e-5,0.7168292802582421,1563,NFCorpus
18,1e-05,0.41911500495726145,adamw,1.0081695172489107,1.0,0.1,verified-v3-adamw-1e-5,1.0,1563,NQ
18,1e-05,0.47776081737744475,adamw,0.9990786944739317,1.0,0.1,verified-v3-adamw-1e-5,1.0,1563,QuoraRetrieval
18,1e-05,0.10006409319059334,adamw,1.0067984019756409,1.0054225487118948,0.1,verified-v3-adamw-1e-5,0.8629842341564983,1563,SCIDOCS
18,1e-05,0.26625501639388016,adamw,1.0021593876687214,0.9769331095982161,0.1,verified-v3-adamw-1e-5,0.9769331095982161,1563,SciFact
18,1e-05,0.07736397441040724,adamw,0.982935466279323,0.9746818938298829,0.1,verified-v3-adamw-1e-5,0.8880158835937564,1563,TRECCOVID
18,1e-05,0.29308341215994105,adamw,0.9930419059647857,1.0,0.1,verified-v3-adamw-1e-5,1.0,1563,Touche2020
19,1e-05,0.23807765150102977,adamw,1.0006394486089996,1.0,0.1,verified-v3-adamw-1e-5,1.0,1563,ArguAna
19,1e-05,0.014836000850815097,adamw,1.2201502598936425,1.017328444479831,0.1,verified-v3-adamw-1e-5,0.7898749774575466,1563,ClimateFEVER
19,1e-05,0.2988640563316159,adamw,1.0025736113951809,0.9769331095982161,0.1,verified-v3-adamw-1e-5,0.9769331095982161,1563,DBPedia
19,1e-05,0.4008403592764924,adamw,1.0122563226929635,1.0,0.1,verified-v3-adamw-1e-5,1.0,1563,FEVER
19,1e-05,0.2176094654663985,adamw,1.0112289511130395,1.0,0.1,verified-v3-adamw-1e-5,0.9769331095982161,1563,FiQA2018
19,1e-05,0.3009223788554014,adamw,1.0047947948912037,1.0,0.1,verified-v3-adamw-1e-5,1.0,1563,HotpotQA
19,1e-05,0.42366633325077496,adamw,0.9916743821757592,1.0,0.1,verified-v3-adamw-1e-5,1.0,1563,MSMARCO
19,1e-05,0.005536304224627486,adamw,1.3974521793341916,1.006915360331186,0.1,verified-v3-adamw-1e-5,0.7240300103387212,1563,NFCorpus
19,1e-05,0.4094177549874855,adamw,0.9848430514697436,1.0,0.1,verified-v3-adamw-1e-5,1.0,1563,NQ
19,1e-05,0.48261024433638233,adamw,1.009219666648413,1.0,0.1,verified-v3-adamw-1e-5,1.0,1563,QuoraRetrieval
19,1e-05,0.09641366178625044,adamw,0.9700694576837675,1.0,0.1,verified-v3-adamw-1e-5,0.8583298984711626,1563,SCIDOCS
19,1e-05,0.26248531266526154,adamw,0.9879705696267873,1.0,0.1,verified-v3-adamw-1e-5,1.0,1563,SciFact
19,1e-05,0.076789279400204,adamw,0.9756337717615898,1.0,0.1,verified-v3-adamw-1e-5,0.9110827739955403,1563,TRECCOVID
19,1e-05,0.29306833792262266,adamw,0.9929908305755396,1.0,0.1,verified-v3-adamw-1e-5,1.0,1563,Touche2020
0,1e-05,0.23793928076153548,adamw,1.0000578769259867,1.0,0.25,verified-v3-adamw-1e-5,1.0,1563,ArguAna
0,1e-05,0.015567760798935668,adamw,1.2803320501117266,1.0031134712304726,0.25,verified-v3-adamw-1e-5,0.7788381763774024,1563,ClimateFEVER
0,1e-05,0.30139012478658844,adamw,1.0110475965395274,0.9769331095982161,0.25,verified-v3-adamw-1e-5,0.9769331095982161,1563,DBPedia
0,1e-05,0.38639203884777107,adamw,0.9757694685930779,1.0,0.25,verified-v3-adamw-1e-5,1.0,1563,FEVER
0,1e-05,0.21235474720518266,adamw,0.9868103293205773,1.0236115350940154,0.25,verified-v3-adamw-1e-5,1.0,1563,FiQA2018
0,1e-05,0.30152471384423163,adamw,1.0068060213870846,1.0,0.25,verified-v3-adamw-1e-5,1.0,1563,HotpotQA
0,1e-05,0.42006742296303934,adamw,0.9832504247923348,1.0,0.25,verified-v3-adamw-1e-5,1.0,1563,MSMARCO
0,1e-05,-0.006684533935646879,adamw,-1.6872838155550656,0.9347307335493271,0.25,verified-v3-adamw-1e-5,0.6721251153155925,1563,NFCorpus
0,1e-05,0.40046928393938874,adamw,0.9633177526138949,1.0,0.25,verified-v3-adamw-1e-5,1.0,1563,NQ
0,1e-05,0.47627612790757956,adamw,0.995973957619632,1.0,0.25,verified-v3-adamw-1e-5,1.0,1563,QuoraRetrieval
0,1e-05,0.09591791364367469,adamw,0.9650814702667729,1.0054225487118948,0.25,verified-v3-adamw-1e-5,0.8629842341564983,1563,SCIDOCS
0,1e-05,0.27281358896501623,adamw,1.0268452514728696,1.0,0.25,verified-v3-adamw-1e-5,1.0,1563,SciFact
0,1e-05,0.08009532807957569,adamw,1.0176382386334883,0.9746818938298829,0.25,verified-v3-adamw-1e-5,0.8880158835937564,1563,TRECCOVID
0,1e-05,0.2826836308361006,adamw,0.9578047746944303,1.0,0.25,verified-v3-adamw-1e-5,1.0,1563,Touche2020
1,1e-05,0.23627242784138325,adamw,0.993052100548332,1.0,0.25,verified-v3-adamw-1e-5,1.0,1563,ArguAna
1,1e-05,0.010943102948116533,adamw,0.8999884834499516,1.0196476046238965,0.25,verified-v3-adamw-1e-5,0.7916756216609542,1563,ClimateFEVER
1,1e-05,0.303799381632476,adamw,1.0191297237996884,1.0,0.25,verified-v3-adamw-1e-5,1.0,1563,DBPedia
1,1e-05,0.38874872710319297,adamw,0.9817208967164159,1.0,0.25,verified-v3-adamw-1e-5,1.0,1563,FEVER
1,1e-05,0.21133557389854446,adamw,0.982074241431821,1.0,0.25,verified-v3-adamw-1e-5,0.9769331095982161,1563,FiQA2018
1,1e-05,0.3013812068207723,adamw,1.0063268442958002,1.0,0.25,verified-v3-adamw-1e-5,1.0,1563,HotpotQA
1,1e-05,0.4248280765445589,adamw,0.9943936708534086,1.0,0.25,verified-v3-adamw-1e-5,1.0,1563,MSMARCO
1,1e-05,-0.007391375517665012,adamw,-1.8657019929451875,0.9657042417841035,0.25,verified-v3-adamw-1e-5,0.6943968477480738,1563,NFCorpus
1,1e-05,0.41252009052463123,adamw,0.9923056335387089,1.0,0.25,verified-v3-adamw-1e-5,1.0,1563,NQ
1,1e-05,0.4755756715921865,adamw,0.994509184964226,1.0,0.25,verified-v3-adamw-1e-5,1.0,1563,QuoraRetrieval
1,1e-05,0.09925540228638696,adamw,0.9986617299278923,1.023907469660781,0.25,verified-v3-adamw-1e-5,0.8788503944778032,1563,SCIDOCS
1,1e-05,0.25817635699762675,adamw,0.9717520568946915,0.9769331095982161,0.25,verified-v3-adamw-1e-5,0.9769331095982161,1563,SciFact
1,1e-05,0.07340204771518827,adamw,0.9325978473396518,1.025318106170117,0.25,verified-v3-adamw-1e-5,0.9341496643973242,1563,TRECCOVID
1,1e-05,0.2898749816242387,adamw,0.9821709189278571,1.0,0.25,verified-v3-adamw-1e-5,1.0,1563,Touche2020
2,1e-05,0.239242852757739,adamw,1.0055367849850978,1.0,0.25,verified-v3-adamw-1e-5,1.0,1563,ArguAna
2,1e-05,0.017564668478499447,adamw,1.4445627918529884,1.0099704201820798,0.25,verified-v3-adamw-1e-5,0.7841620542537824,1563,ClimateFEVER
2,1e-05,0.2854234240102655,adamw,0.9574854751661152,1.0,0.25,verified-v3-adamw-1e-5,1.0,1563,DBPedia
2,1e-05,0.38856368857045814,adamw,0.9812536123714943,1.0,0.25,verified-v3-adamw-1e-5,1.0,1563,FEVER
2,1e-05,0.2124235105658606,adamw,0.987129871951429,1.0,0.25,verified-v3-adamw-1e-5,0.9769331095982161,1563,FiQA2018
2,1e-05,0.2992487609929178,adamw,0.9992065015802948,1.0,0.25,verified-v3-adamw-1e-5,1.0,1563,HotpotQA
2,1e-05,0.4299134010654535,adamw,1.0062968731062918,1.0,0.25,verified-v3-adamw-1e-5,1.0,1563,MSMARCO
2,1e-05,0.006713207879996568,adamw,1.6945215800267746,0.9762022228686313,0.25,verified-v3-adamw-1e-5,0.7019454994546743,1563,NFCorpus
2,1e-05,0.40906629784700654,adamw,0.9839976310685187,1.0,0.25,verified-v3-adamw-1e-5,1.0,1563,NQ
2,1e-05,0.4726376474743269,adamw,0.9883652794926203,1.0,0.25,verified-v3-adamw-1e-5,1.0,1563,QuoraRetrieval
2,1e-05,0.09132673826740617,adamw,0.9188871973299989,1.0281752610261912,0.25,verified-v3-adamw-1e-5,0.8825135674071718,1563,SCIDOCS
2,1e-05,0.2578312096968411,adamw,0.9704529542062403,0.9769331095982161,0.25,verified-v3-adamw-1e-5,0.9769331095982161,1563,SciFact
2,1e-05,0.0755145806426698,adamw,0.9594382928303264,1.025318106170117,0.25,verified-v3-adamw-1e-5,0.9341496643973242,1563,TRECCOVID
2,1e-05,0.29967585779612704,adamw,1.015378805659248,1.0,0.25,verified-v3-adamw-1e-5,1.0,1563,Touche2020
3,1e-05,0.22784454218964328,adamw,0.9576297297448285,1.0,0.25,verified-v3-adamw-1e-5,1.0,1563,ArguAna
3,1e-05,0.01324123540222063,adamw,1.0889927130494041,0.9306675527792325,0.25,verified-v3-adamw-1e-5,0.7225896575101025,1563,ClimateFEVER
3,1e-05,0.293234181821449,adamw,0.9836875543408765,1.0,0.25,verified-v3-adamw-1e-5,1.0,1563,DBPedia
3,1e-05,0.40026142716089363,adamw,1.0107943249652829,1.0,0.25,verified-v3-adamw-1e-5,1.0,1563,FEVER
3,1e-05,0.21220029592136308,adamw,0.986092595790925,1.0,0.25,verified-v3-adamw-1e-5,0.9769331095982161,1563,FiQA2018
3,1e-05,0.3028379311080033,adamw,1.0111909191677613,1.0,0.25,verified-v3-adamw-1e-5,1.0,1563,HotpotQA
3,1e-05,0.41756762047040985,adamw,0.9773991453823837,1.0,0.25,verified-v3-adamw-1e-5,1.0,1563,MSMARCO
3,1e-05,0.007287112551367155,adamw,1.839384344281906,1.0015531144346814,0.25,verified-v3-adamw-1e-5,0.7201742473770677,1563,NFCorpus
3,1e-05,0.4150496087365908,adamw,0.9983903194231564,1.0,0.25,verified-v3-adamw-1e-5,1.0,1563,NQ
3,1e-05,0.4790683019750039,adamw,1.001812865961549,1.0,0.25,verified-v3-adamw-1e-5,1.0,1563,QuoraRetrieval
3,1e-05,0.10205477940399624,adamw,1.026827761504953,0.9951433588696244,0.25,verified-v3-adamw-1e-5,0.8541612981828164,1563,SCIDOCS
3,1e-05,0.25942117942565496,adamw,0.9764374539967823,1.0,0.25,verified-v3-adamw-1e-5,1.0,1563,SciFact
3,1e-05,0.07481602535350357,adamw,0.9505629115677768,0.9746818938298829,0.25,verified-v3-adamw-1e-5,0.8880158835937564,1563,TRECCOVID
3,1e-05,0.2820105998126307,adamw,0.9555243726566813,1.0,0.25,verified-v3-adamw-1e-5,1.0,1563,Touche2020
4,1e-05,0.23378460809734375,adamw,0.9825958037845701,1.0,0.25,verified-v3-adamw-1e-5,1.0,1563,ArguAna
4,1e-05,0.006603709296606832,adamw,0.5431057665431588,0.9411644107934574,0.25,verified-v3-adamw-1e-5,0.7307396365383605,1563,ClimateFEVER
4,1e-05,0.2940506374659073,adamw,0.9864264480507989,1.0,0.25,verified-v3-adamw-1e-5,1.0,1563,DBPedia
4,1e-05,0.39374608462466165,adamw,0.9943409002434924,1.0,0.25,verified-v3-adamw-1e-5,1.0,1563,FEVER
4,1e-05,0.21458393599168674,adamw,0.9971693467170772,1.0236115350940154,0.25,verified-v3-adamw-1e-5,1.0,1563,FiQA2018
4,1e-05,0.30530892422720046,adamw,1.0194416881329182,1.0,0.25,verified-v3-adamw-1e-5,1.0,1563,HotpotQA
4,1e-05,0.4227952953574959,adamw,0.9896355466656506,1.0,0.25,verified-v3-adamw-1e-5,1.0,1563,MSMARCO
4,1e-05,-0.018142049471668004,adamw,-4.579344910092445,0.9010982771965305,0.25,verified-v3-adamw-1e-5,0.6479414463795832,1563,NFCorpus
4,1e-05,0.41620777924548624,adamw,1.001176266452097,1.0,0.25,verified-v3-adamw-1e-5,1.0,1563,NQ
4,1e-05,0.4799466633334386,adamw,1.0036496681590972,1.0,0.25,verified-v3-adamw-1e-5,1.0,1563,QuoraRetrieval
4,1e-05,0.09879357026011722,adamw,0.9940149907110194,0.9951433588696244,0.25,verified-v3-adamw-1e-5,0.8541612981828164,1563,SCIDOCS
4,1e-05,0.26992194136509523,adamw,1.0159613559228846,1.0,0.25,verified-v3-adamw-1e-5,1.0,1563,SciFact
4,1e-05,0.08184603076007088,adamw,1.0398815084329456,0.9910182588983335,0.25,verified-v3-adamw-1e-5,0.9028996643973242,1563,TRECCOVID
4,1e-05,0.3050315110992145,adamw,1.0335251351447332,1.0,0.25,verified-v3-adamw-1e-5,1.0,1563,Touche2020
5,1e-05,0.23957270912033074,adamw,1.0069231700015115,1.0,0.25,verified-v3-adamw-1e-5,1.0,1563,ArguAna
5,1e-05,0.004225346358638548,adamw,0.34750317888733684,0.9344319949146975,0.25,verified-v3-adamw-1e-5,0.7255124487315856,1563,ClimateFEVER
5,1e-05,0.2878652631709214,adamw,0.96567690352252,0.96875,0.25,verified-v3-adamw-1e-5,0.96875,1563,DBPedia
5,1e-05,0.3930645672197528,adamw,0.9926198402599381,1.0,0.25,verified-v3-adamw-1e-5,1.0,1563,FEVER
5,1e-05,0.21268869330714973,adamw,0.9883621734266996,1.0,0.25,verified-v3-adamw-1e-5,0.9769331095982161,1563,FiQA2018
5,1e-05,0.2956983399862528,adamw,0.9873514691937416,1.0,0.25,verified-v3-adamw-1e-5,1.0,1563,HotpotQA
5,1e-05,0.42371291998927585,adamw,0.9917834276001761,1.0,0.25,verified-v3-adamw-1e-5,1.0,1563,MSMARCO
5,1e-05,0.0036960092385745318,adamw,0.9329321431270906,0.967920658081885,0.25,verified-v3-adamw-1e-5,0.6959905784410585,1563,NFCorpus
5,1e-05,0.41623583436457523,adamw,1.0012437522627544,1.0,0.25,verified-v3-adamw-1e-5,1.0,1563,NQ
5,1e-05,0.47756609827883045,adamw,0.998671503897064,1.0,0.25,verified-v3-adamw-1e-5,1.0,1563,QuoraRetrieval
5,1e-05,0.10950839464491263,adamw,1.1018225740717584,1.0054225487118948,0.25,verified-v3-adamw-1e-5,0.8629842341564983,1563,SCIDOCS
5,1e-05,0.27192222635159763,adamw,1.0234902445965564,1.0,0.25,verified-v3-adamw-1e-5,1.0,1563,SciFact
5,1e-05,0.07410783823134205,adamw,0.9415651546086773,1.0,0.25,verified-v3-adamw-1e-5,0.9110827739955403,1563,TRECCOVID
5,1e-05,0.2890955365029916,adamw,0.9795299585845411,1.0,0.25,verified-v3-adamw-1e-5,1.0,1563,Touche2020
6,1e-05,0.24170269771132377,adamw,1.0158755038127576,1.0,0.25,verified-v3-adamw-1e-5,1.0,1563,ArguAna
6,1e-05,0.012608848615983827,adamw,1.0369836231781435,1.0031134712304726,0.25,verified-v3-adamw-1e-5,0.7788381763774024,1563,ClimateFEVER
6,1e-05,0.2987519939871094,adamw,1.0021976854614558,1.0,0.25,verified-v3-adamw-1e-5,1.0,1563,DBPedia
6,1e-05,0.3854099012579223,adamw,0.9732892418342921,1.0,0.25,verified-v3-adamw-1e-5,1.0,1563,FEVER
6,1e-05,0.22080998993322254,adamw,1.0261017554401004,1.0,0.25,verified-v3-adamw-1e-5,0.9769331095982161,1563,FiQA2018
6,1e-05,0.29433659702912796,adamw,0.9828045417086433,1.0,0.25,verified-v3-adamw-1e-5,1.0,1563,HotpotQA
6,1e-05,0.42201825416016103,adamw,0.987816728910226,1.0,0.25,verified-v3-adamw-1e-5,1.0,1563,MSMARCO
6,1e-05,-0.012106369670357066,adamw,-3.055842308016263,0.9788659199177557,0.25,verified-v3-adamw-1e-5,0.7038608507125819,1563,NFCorpus
6,1e-05,0.40946288590888896,adamw,0.9849516126491482,1.0,0.25,verified-v3-adamw-1e-5,1.0,1563,NQ
6,1e-05,0.4794884364082471,adamw,1.0026914381378367,1.0,0.25,verified-v3-adamw-1e-5,1.0,1563,QuoraRetrieval
6,1e-05,0.10160195071584138,adamw,1.0222716096919877,1.0,0.25,verified-v3-adamw-1e-5,0.8583298984711626,1563,SCIDOCS
6,1e-05,0.2606857075827143,adamw,0.9811970216501247,1.0,0.25,verified-v3-adamw-1e-5,1.0,1563,SciFact
6,1e-05,0.07742106892555475,adamw,0.9836608714087286,1.0,0.25,verified-v3-adamw-1e-5,0.9110827739955403,1563,TRECCOVID
6,1e-05,0.29317083160014573,adamw,0.9933381054899634,1.0,0.25,verified-v3-adamw-1e-5,1.0,1563,Touche2020
7,1e-05,0.23307519035278856,adamw,0.9796141237475336,1.0,0.25,verified-v3-adamw-1e-5,1.0,1563,ArguAna
7,1e-05,0.022191587230372664,adamw,1.8250923007397923,0.9715629178863968,0.25,verified-v3-adamw-1e-5,0.7543416701147004,1563,ClimateFEVER
7,1e-05,0.2909921089630009,adamw,0.9761662648613171,1.0,0.25,verified-v3-adamw-1e-5,1.0,1563,DBPedia
7,1e-05,0.39847147404600297,adamw,1.0062740931175158,1.0,0.25,verified-v3-adamw-1e-5,1.0,1563,FEVER
7,1e-05,0.22047728853973808,adamw,1.0245556954815134,1.0236115350940154,0.25,verified-v3-adamw-1e-5,1.0,1563,FiQA2018
7,1e-05,0.29038876293211535,adamw,0.9696225272407916,1.0,0.25,verified-v3-adamw-1e-5,1.0,1563,HotpotQA
7,1e-05,0.4158066485942097,adamw,0.9732772443477645,1.0,0.25,verified-v3-adamw-1e-5,1.0,1563,MSMARCO
7,1e-05,-0.005060893573081599,adamw,-1.277450888919883,1.0113803276550133,0.25,verified-v3-adamw-1e-5,0.7272405784410585,1563,NFCorpus
7,1e-05,0.40190089756760794,adamw,0.9667614594804527,1.0,0.25,verified-v3-adamw-1e-5,1.0,1563,NQ
7,1e-05,0.4746683237817766,adamw,0.9926117671918054,1.0,0.25,verified-v3-adamw-1e-5,1.0,1563,QuoraRetrieval
7,1e-05,0.10735419375147148,adamw,1.0801480058235855,1.0054225487118948,0.25,verified-v3-adamw-1e-5,0.8629842341564983,1563,SCIDOCS
7,1e-05,0.25576593579182083,adamw,0.9626794532219003,0.9769331095982161,0.25,verified-v3-adamw-1e-5,0.9769331095982161,1563,SciFact
7,1e-05,0.0921888162215902,adamw,1.1712900965739124,1.0,0.25,verified-v3-adamw-1e-5,0.9110827739955403,1563,TRECCOVID
7,1e-05,0.2913950405735331,adamw,0.9873212692157213,1.0,0.25,verified-v3-adamw-1e-5,1.0,1563,Touche2020
8,1e-05,0.23874516457898864,adamw,1.0034450034943776,1.0,0.25,verified-v3-adamw-1e-5,1.0,1563,ArguAna
8,1e-05,0.006711206753963394,adamw,0.5519466295122593,0.9981587100218404,0.25,verified-v3-adamw-1e-5,0.7749911966539789,1563,ClimateFEVER
8,1e-05,0.3014654756081865,adamw,1.0113003694766896,0.9769331095982161,0.25,verified-v3-adamw-1e-5,0.9769331095982161,1563,DBPedia
8,1e-05,0.4040940888968182,adamw,1.0204730810714187,1.0,0.25,verified-v3-adamw-1e-5,1.0,1563,FEVER
8,1e-05,0.20138066577248576,adamw,0.9358138856096822,1.0236115350940154,0.25,verified-v3-adamw-1e-5,1.0,1563,FiQA2018
8,1e-05,0.3036883043938226,adamw,1.014030357878022,1.0,0.25,verified-v3-adamw-1e-5,1.0,1563,HotpotQA
8,1e-05,0.4167117480092386,adamw,0.9753958075489504,1.0,0.25,verified-v3-adamw-1e-5,1.0,1563,MSMARCO
8,1e-05,-0.0015496796364184787,adamw,-0.3911640504778321,1.0053622458965046,0.25,verified-v3-adamw-1e-5,0.722913231804496,1563,NFCorpus
8,1e-05,0.41819830590136775,adamw,1.0059644231012146,1.0,0.25,verified-v3-adamw-1e-5,1.0,1563,NQ
8,1e-05,0.48097958028629767,adamw,1.0058096722515784,1.0,0.25,verified-v3-adamw-1e-5,1.0,1563,QuoraRetrieval
8,1e-05,0.09559126079149216,adamw,0.9617948410765024,1.0022314861235977,0.25,verified-v3-adamw-1e-5,0.86024524972907,1563,SCIDOCS
8,1e-05,0.26936638393834983,adamw,1.0138702888769275,1.0,0.25,verified-v3-adamw-1e-5,1.0,1563,SciFact
8,1e-05,0.08180851337724841,adamw,1.0394048373924618,1.0012257706611305,0.25,verified-v3-adamw-1e-5,0.9121995525297655,1563,TRECCOVID
8,1e-05,0.28442034990569814,adamw,0.9636892251390613,1.0,0.25,verified-v3-adamw-1e-5,1.0,1563,Touche2020
9,1e-05,0.23519150270694134,adamw,0.9885089763882263,1.0,0.25,verified-v3-adamw-1e-5,1.0,1563,ArguAna
9,1e-05,0.015610094393488419,adamw,1.2838136720740854,0.9851522827167638,0.25,verified-v3-adamw-1e-5,0.7648927357978553,1563,ClimateFEVER
9,1e-05,0.29689068565894494,adamw,0.9959537140873367,1.0,0.25,verified-v3-adamw-1e-5,1.0,1563,DBPedia
9,1e-05,0.3929575836747229,adamw,0.9923496709334858,1.0,0.25,verified-v3-adamw-1e-5,1.0,1563,FEVER
9,1e-05,0.20706228283351702,adamw,0.962216301740518,1.0,0.25,verified-v3-adamw-1e-5,0.9769331095982161,1563,FiQA2018
9,1e-05,0.296483296490046,adamw,0.9899724780141139,1.0,0.25,verified-v3-adamw-1e-5,1.0,1563,HotpotQA
9,1e-05,0.4191433756277815,adamw,0.981087510257064,1.0,0.25,verified-v3-adamw-1e-5,1.0,1563,MSMARCO
9,1e-05,-0.0074989331604966136,adamw,-1.892851270925695,0.9037619742456549,0.25,verified-v3-adamw-1e-5,0.6498567976374907,1563,NFCorpus
9,1e-05,0.4069879860737615,adamw,0.978998309754936,1.0,0.25,verified-v3-adamw-1e-5,1.0,1563,NQ
9,1e-05,0.48638865119510893,adamw,1.017120954603188,1.0,0.25,verified-v3-adamw-1e-5,1.0,1563,QuoraRetrieval
9,1e-05,0.09317600237785635,adamw,0.9374936333837978,1.0022314861235977,0.25,verified-v3-adamw-1e-5,0.86024524972907,1563,SCIDOCS
9,1e-05,0.2618130868843336,adamw,0.985440373628552,0.9769331095982161,0.25,verified-v3-adamw-1e-5,0.9769331095982161,1563,SciFact
9,1e-05,0.07941645003580777,adamw,1.0090128634303235,1.025318106170117,0.25,verified-v3-adamw-1e-5,0.9341496643973242,1563,TRECCOVID
9,1e-05,0.29381657984164944,adamw,0.9955260664523065,1.0,0.25,verified-v3-adamw-1e-5,1.0,1563,Touche2020
10,1e-05,0.2381686192438384,adamw,1.0010217856802506,1.0,0.25,verified-v3-adamw-1e-5,1.0,1563,ArguAna
10,1e-05,0.021013493482183822,adamw,1.7282028891331114,0.988891362366228,0.25,verified-v3-adamw-1e-5,0.7677958350573502,1563,ClimateFEVER
10,1e-05,0.3032792386560387,adamw,1.0173848447776692,1.0,0.25,verified-v3-adamw-1e-5,1.0,1563,DBPedia
10,1e-05,0.3818356876889114,adamw,0.9642631540161475,1.0,0.25,verified-v3-adamw-1e-5,1.0,1563,FEVER
10,1e-05,0.2091567673103823,adamw,0.9719493495935768,1.0,0.25,verified-v3-adamw-1e-5,0.9769331095982161,1563,FiQA2018
10,1e-05,0.3035678061353714,adamw,1.0136280081978628,1.0,0.25,verified-v3-adamw-1e-5,1.0,1563,HotpotQA
10,1e-05,0.42239820915990445,adamw,0.9887060883189239,1.0,0.25,verified-v3-adamw-1e-5,1.0,1563,MSMARCO
10,1e-05,-0.011162401059443399,adamw,-2.8175694568466483,0.9244609885087566,0.25,verified-v3-adamw-1e-5,0.6647405784410585,1563,NFCorpus
10,1e-05,0.41954101154762913,adamw,1.0091942642836766,1.0,0.25,verified-v3-adamw-1e-5,1.0,1563,NQ
10,1e-05,0.47368946752309304,adamw,0.9905648131565804,1.0,0.25,verified-v3-adamw-1e-5,1.0,1563,QuoraRetrieval
10,1e-05,0.10325078096515752,adamw,1.0388613733845313,1.0054225487118948,0.25,verified-v3-adamw-1e-5,0.8629842341564983,1563,SCIDOCS
10,1e-05,0.2542120848972237,adamw,0.9568309014006106,1.0,0.25,verified-v3-adamw-1e-5,1.0,1563,SciFact
10,1e-05,0.07751498702377319,adamw,0.9848541326180699,1.025318106170117,0.25,verified-v3-adamw-1e-5,0.9341496643973242,1563,TRECCOVID
10,1e-05,0.29067133797465194,adamw,0.9848691788608007,1.0,0.25,verified-v3-adamw-1e-5,1.0,1563,Touche2020
11,1e-05,0.23097081782326245,adamw,0.9707694541435753,1.0,0.25,verified-v3-adamw-1e-5,1.0,1563,ArguAna
11,1e-05,0.008413578011236478,adamw,0.6919539504125611,0.9176611254741557,0.25,verified-v3-adamw-1e-5,0.7124911966539789,1563,ClimateFEVER
11,1e-05,0.2994717171102252,adamw,1.0046120788803359,1.0,0.25,verified-v3-adamw-1e-5,1.0,1563,DBPedia
11,1e-05,0.38896986767150005,adamw,0.9822793508074081,1.0,0.25,verified-v3-adamw-1e-5,1.0,1563,FEVER
11,1e-05,0.21723577629344887,adamw,1.0094924213642336,1.0,0.25,verified-v3-adamw-1e-5,0.9769331095982161,1563,FiQA2018
11,1e-05,0.2954495160068398,adamw,0.9865206335466579,1.0,0.25,verified-v3-adamw-1e-5,1.0,1563,HotpotQA
11,1e-05,0.4055994862220977,adamw,0.9493853732107196,1.0,0.25,verified-v3-adamw-1e-5,1.0,1563,MSMARCO
11,1e-05,0.014192117384108558,adamw,3.582318558211753,1.0724402486229765,0.25,verified-v3-adamw-1e-5,0.771146170660026,1563,NFCorpus
11,1e-05,0.42120793963226294,adamw,1.013204013546997,1.0,0.25,verified-v3-adamw-1e-5,1.0,1563,NQ
11,1e-05,0.4829497649976012,adamw,1.009929661789537,1.0,0.25,verified-v3-adamw-1e-5,1.0,1563,QuoraRetrieval
11,1e-05,0.09925378334822704,adamw,0.9986454409245112,0.9990404235353006,0.25,verified-v3-adamw-1e-5,0.8575062653016419,1563,SCIDOCS
11,1e-05,0.26698899794341513,adamw,1.004922026698793,1.0,0.25,verified-v3-adamw-1e-5,1.0,1563,SciFact
11,1e-05,0.07355495534214773,adamw,0.9345405904671668,1.025318106170117,0.25,verified-v3-adamw-1e-5,0.9341496643973242,1563,TRECCOVID
11,1e-05,0.2914192141310075,adamw,0.9874031754396575,1.0,0.25,verified-v3-adamw-1e-5,1.0,1563,Touche2020
12,1e-05,0.23673324115550606,adamw,0.9949888971256183,1.0,0.25,verified-v3-adamw-1e-5,1.0,1563,ArguAna
12,1e-05,0.016672642544237323,adamw,1.371200321301364,0.981865710747205,0.25,verified-v3-adamw-1e-5,0.7623409729188617,1563,ClimateFEVER
12,1e-05,0.28885102483320735,adamw,0.9689837536063465,1.0,0.25,verified-v3-adamw-1e-5,1.0,1563,DBPedia
12,1e-05,0.40212627949458696,adamw,1.0155037024568037,1.0,0.25,verified-v3-adamw-1e-5,1.0,1563,FEVER
12,1e-05,0.21787034700050092,adamw,1.012441264922688,1.0,0.25,verified-v3-adamw-1e-5,0.9769331095982161,1563,FiQA2018
12,1e-05,0.29839777121325983,adamw,0.9963650043664342,1.0,0.25,verified-v3-adamw-1e-5,1.0,1563,HotpotQA
12,1e-05,0.42064713116377306,adamw,0.9846073458565926,1.0,0.25,verified-v3-adamw-1e-5,1.0,1563,MSMARCO
12,1e-05,-0.007245722506663653,adamw,-1.828936831676592,0.9494042000528242,0.25,verified-v3-adamw-1e-5,0.6826761809987474,1563,NFCorpus
12,1e-05,0.4122323222056835,adamw,0.9916134148308088,1.0,0.25,verified-v3-adamw-1e-5,1.0,1563,NQ
12,1e-05,0.474217461351221,adamw,0.9916689375747192,1.0,0.25,verified-v3-adamw-1e-5,1.0,1563,QuoraRetrieval
12,1e-05,0.1082235257993534,adamw,1.08889482087668,1.0371201693334908,0.25,verified-v3-adamw-1e-5,0.8901912496464102,1563,SCIDOCS
12,1e-05,0.27180465872359877,adamw,1.0230477308603618,1.0,0.25,verified-v3-adamw-1e-5,1.0,1563,SciFact
12,1e-05,0.07563348499104422,adamw,0.9609490128004774,1.0163363650684505,0.25,verified-v3-adamw-1e-5,0.925966554799108,1563,TRECCOVID
12,1e-05,0.29518970977513975,adamw,1.0001785834823265,1.0,0.25,verified-v3-adamw-1e-5,1.0,1563,Touche2020
13,1e-05,0.23401764400300132,adamw,0.9835752527948955,1.0,0.25,verified-v3-adamw-1e-5,1.0,1563,ArguAna
13,1e-05,0.021048412518818286,adamw,1.731074719086022,1.038817339081887,0.25,verified-v3-adamw-1e-5,0.806559402464522,1563,ClimateFEVER
13,1e-05,0.303247257936206,adamw,1.0172775618003476,1.0,0.25,verified-v3-adamw-1e-5,1.0,1563,DBPedia
13,1e-05,0.39262400139869225,adamw,0.9915072638249306,1.0,0.25,verified-v3-adamw-1e-5,1.0,1563,FEVER
13,1e-05,0.2252318575221603,adamw,1.0466501287120926,1.0,0.25,verified-v3-adamw-1e-5,0.9769331095982161,1563,FiQA2018
13,1e-05,0.28453303689843157,adamw,0.9500699666724011,1.0,0.25,verified-v3-adamw-1e-5,1.0,1563,HotpotQA
13,1e-05,0.43514000802283925,adamw,1.0185307746900485,1.0,0.25,verified-v3-adamw-1e-5,1.0,1563,MSMARCO
13,1e-05,-0.004782593434011962,adamw,-1.2072034602973996,0.9794878957160192,0.25,verified-v3-adamw-1e-5,0.7043080870557628,1563,NFCorpus
13,1e-05,0.40875843047408283,adamw,0.9832570646438715,1.0,0.25,verified-v3-adamw-1e-5,1.0,1563,NQ
13,1e-05,0.47613780743668466,adamw,0.9956847061145813,1.0,0.25,verified-v3-adamw-1e-5,1.0,1563,QuoraRetrieval
13,1e-05,0.09997988123042631,adamw,1.0059511003690405,1.023907469660781,0.25,verified-v3-adamw-1e-5,0.8788503944778032,1563,SCIDOCS
13,1e-05,0.2740924232837767,adamw,1.0316586662027647,1.0,0.25,verified-v3-adamw-1e-5,1.0,1563,SciFact
13,1e-05,0.07732489735669545,adamw,0.9824389790925705,1.0,0.25,verified-v3-adamw-1e-5,0.9110827739955403,1563,TRECCOVID
13,1e-05,0.30012151971560047,adamw,1.0168888227518849,1.0,0.25,verified-v3-adamw-1e-5,1.0,1563,Touche2020
14,1e-05,0.2325243473061488,adamw,0.9772989325526249,1.0,0.25,verified-v3-adamw-1e-5,1.0,1563,ArguAna
14,1e-05,0.007472733644210135,adamw,0.6145765283909391,0.9473703888400722,0.25,verified-v3-adamw-1e-5,0.7355580870557628,1563,ClimateFEVER
14,1e-05,0.29248112209395316,adamw,0.9811613294751,0.9769331095982161,0.25,verified-v3-adamw-1e-5,0.9769331095982161,1563,DBPedia
14,1e-05,0.3860508044654749,adamw,0.9749077373501885,1.0,0.25,verified-v3-adamw-1e-5,1.0,1563,FEVER
14,1e-05,0.21287788914010622,adamw,0.989241364519355,1.0,0.25,verified-v3-adamw-1e-5,0.9769331095982161,1563,FiQA2018
14,1e-05,0.3045559428446005,adamw,1.0169274458330793,1.0,0.25,verified-v3-adamw-1e-5,1.0,1563,HotpotQA
14,1e-05,0.41612101396727286,adamw,0.9740130783346613,1.0,0.25,verified-v3-adamw-1e-5,1.0,1563,MSMARCO
14,1e-05,0.002684320341534695,adamw,0.6775656031729659,0.994416984060634,0.25,verified-v3-adamw-1e-5,0.7150429595329726,1563,NFCorpus
14,1e-05,0.4122982050377171,adamw,0.9917718941555302,1.0,0.25,verified-v3-adamw-1e-5,1.0,1563,NQ
14,1e-05,0.47321584957989193,adamw,0.9895743979128813,1.0,0.25,verified-v3-adamw-1e-5,1.0,1563,QuoraRetrieval
14,1e-05,0.09184712807709189,adamw,0.9241231177495051,0.9916107663343608,0.25,verified-v3-adamw-1e-5,0.8511291683906836,1563,SCIDOCS
14,1e-05,0.2535307495885034,adamw,0.9542664179777928,1.0,0.25,verified-v3-adamw-1e-5,1.0,1563,SciFact
14,1e-05,0.0788672601664489,adamw,1.002035220355131,1.0265438768312476,0.25,verified-v3-adamw-1e-5,0.9352664429315494,1563,TRECCOVID
14,1e-05,0.28751346620775864,adamw,0.9741694979232907,1.0,0.25,verified-v3-adamw-1e-5,1.0,1563,Touche2020
15,1e-05,0.23354822712269174,adamw,0.9816022954621965,1.0,0.25,verified-v3-adamw-1e-5,1.0,1563,ArguAna
15,1e-05,0.009726380730534988,adamw,0.7999221687517474,1.0148615460826802,0.25,verified-v3-adamw-1e-5,0.7879596261996392,1563,ClimateFEVER
15,1e-05,0.29497403401398226,adamw,0.9895240872360415,1.0,0.25,verified-v3-adamw-1e-5,1.0,1563,DBPedia
15,1e-05,0.39505810766599353,adamw,0.9976541983891787,1.0,0.25,verified-v3-adamw-1e-5,1.0,1563,FEVER
15,1e-05,0.2154993279490619,adamw,1.0014231637416713,1.0,0.25,verified-v3-adamw-1e-5,0.9769331095982161,1563,FiQA2018
15,1e-05,0.295593139230744,adamw,0.9870001986370089,1.0,0.25,verified-v3-adamw-1e-5,1.0,1563,HotpotQA
15,1e-05,0.42481036235508585,adamw,0.9943522073088152,1.0,0.25,verified-v3-adamw-1e-5,1.0,1563,MSMARCO
15,1e-05,-0.013643385425001037,adamw,-3.4438097911692913,0.997515746928901,0.25,verified-v3-adamw-1e-5,0.7172711481175729,1563,NFCorpus
15,1e-05,0.40303812511130405,adamw,0.9694970287876102,1.0,0.25,verified-v3-adamw-1e-5,1.0,1563,NQ
15,1e-05,0.47170848894825496,adamw,0.9864222518239157,1.0,0.25,verified-v3-adamw-1e-5,1.0,1563,QuoraRetrieval
15,1e-05,0.09341367191267475,adamw,0.9398849537887874,0.99644446528129,0.25,verified-v3-adamw-1e-5,0.8552780767170416,1563,SCIDOCS
15,1e-05,0.25560357253122945,adamw,0.9620683328455862,1.0,0.25,verified-v3-adamw-1e-5,1.0,1563,SciFact
15,1e-05,0.08066596569881244,adamw,1.0248883826264208,1.025318106170117,0.25,verified-v3-adamw-1e-5,0.9341496643973242,1563,TRECCOVID
15,1e-05,0.29147327389534466,adamw,0.9875863438114795,1.0,0.25,verified-v3-adamw-1e-5,1.0,1563,Touche2020
16,1e-05,0.2403307299109907,adamw,1.0101091284533774,1.0,0.25,verified-v3-adamw-1e-5,1.0,1563,ArguAna
16,1e-05,0.008256569368179659,adamw,0.6790411622186455,0.975871106261707,0.25,verified-v3-adamw-1e-5,0.757686637233526,1563,ClimateFEVER
16,1e-05,0.29639621470376915,adamw,0.994294954792741,1.0,0.25,verified-v3-adamw-1e-5,1.0,1563,DBPedia
16,1e-05,0.39920823859223975,adamw,1.0081346706591843,1.0,0.25,verified-v3-adamw-1e-5,1.0,1563,FEVER
16,1e-05,0.2127257300272553,adamw,0.9885342826846528,1.0,0.25,verified-v3-adamw-1e-5,0.9769331095982161,1563,FiQA2018
16,1e-05,0.29988262293489465,adamw,1.0013229981413032,1.0,0.25,verified-v3-adamw-1e-5,1.0,1563,HotpotQA
16,1e-05,0.42174270323863405,adamw,0.9871717477814057,1.0,0.25,verified-v3-adamw-1e-5,1.0,1563,MSMARCO
16,1e-05,-0.0037924687271929085,adamw,-0.9572800685874698,0.9558770285637718,0.25,verified-v3-adamw-1e-5,0.6873305166840831,1563,NFCorpus
16,1e-05,0.4168412409188612,adamw,1.0027000409337747,1.0,0.25,verified-v3-adamw-1e-5,1.0,1563,NQ
16,1e-05,0.4709785219478497,adamw,0.9848957673336698,1.0,0.25,verified-v3-adamw-1e-5,1.0,1563,QuoraRetrieval
16,1e-05,0.09551474412182044,adamw,0.9610249659065625,0.9968089374117028,0.25,verified-v3-adamw-1e-5,0.8555909140437343,1563,SCIDOCS
16,1e-05,0.264867155076963,adamw,0.9969356053476655,0.9769331095982161,0.25,verified-v3-adamw-1e-5,0.9769331095982161,1563,SciFact
16,1e-05,0.07359200751420336,adamw,0.9350113508474823,1.0,0.25,verified-v3-adamw-1e-5,0.9110827739955403,1563,TRECCOVID
16,1e-05,0.28860748387419444,adamw,0.9778763108767432,1.0,0.25,verified-v3-adamw-1e-5,1.0,1563,Touche2020
17,1e-05,0.23248489182713228,adamw,0.9771331013268935,1.0,0.25,verified-v3-adamw-1e-5,1.0,1563,ArguAna
17,1e-05,0.0057865004350333895,adamw,0.47589644141148474,0.9657458122116555,0.25,verified-v3-adamw-1e-5,0.7498251482002327,1563,ClimateFEVER
17,1e-05,0.2937349658925952,adamw,0.9853674917040405,0.9769331095982161,0.25,verified-v3-adamw-1e-5,0.9769331095982161,1563,DBPedia
17,1e-05,0.40512960596127184,adamw,1.0230881089035504,1.0,0.25,verified-v3-adamw-1e-5,1.0,1563,FEVER
17,1e-05,0.2080900236510207,adamw,0.9669922027642754,1.0,0.25,verified-v3-adamw-1e-5,0.9769331095982161,1563,FiQA2018
17,1e-05,0.30328980600202265,adamw,1.0126997519211767,1.0,0.25,verified-v3-adamw-1e-5,1.0,1563,HotpotQA
17,1e-05,0.41802008024034953,adamw,0.9784582164663934,1.0,0.25,verified-v3-adamw-1e-5,1.0,1563,MSMARCO
17,1e-05,0.0020262100202593798,adamw,0.5114479793224819,1.0015531144346814,0.25,verified-v3-adamw-1e-5,0.7201742473770677,1563,NFCorpus
17,1e-05,0.42243968025858375,adamw,1.0161669314524067,1.0,0.25,verified-v3-adamw-1e-5,1.0,1563,NQ
17,1e-05,0.48427635691059556,adamw,1.0127037899062155,1.0,0.25,verified-v3-adamw-1e-5,1.0,1563,QuoraRetrieval
17,1e-05,0.10290201985842423,adamw,1.0353523012115438,1.0,0.25,verified-v3-adamw-1e-5,0.8583298984711626,1563,SCIDOCS
17,1e-05,0.2776547335569334,adamw,1.045066874357429,0.9769331095982161,0.25,verified-v3-adamw-1e-5,0.9769331095982161,1563,SciFact
17,1e-05,0.06867191335174958,adamw,0.8724998900989105,1.0,0.25,verified-v3-adamw-1e-5,0.9110827739955403,1563,TRECCOVID
17,1e-05,0.28859884450321177,adamw,0.9778470384680329,1.0,0.25,verified-v3-adamw-1e-5,1.0,1563,Touche2020
18,1e-05,0.2377501862187212,adamw,0.9992631132937698,1.0,0.25,verified-v3-adamw-1e-5,1.0,1563,ArguAna
18,1e-05,0.02088032733669725,adamw,1.7172509682847417,1.0272423649687656,0.25,verified-v3-adamw-1e-5,0.7975723516587734,1563,ClimateFEVER
18,1e-05,0.29515418892639633,adamw,0.9901284374659304,1.0,0.25,verified-v3-adamw-1e-5,1.0,1563,DBPedia
18,1e-05,0.3920954941706889,adamw,0.9901726058476228,1.0,0.25,verified-v3-adamw-1e-5,1.0,1563,FEVER
18,1e-05,0.20022709806337033,adamw,0.9304532683128818,1.0236115350940154,0.25,verified-v3-adamw-1e-5,1.0,1563,FiQA2018
18,1e-05,0.29754720664342527,adamw,0.9935249269493294,1.0,0.25,verified-v3-adamw-1e-5,1.0,1563,HotpotQA
18,1e-05,0.4291703591042684,adamw,1.0045576372502465,1.0,0.25,verified-v3-adamw-1e-5,1.0,1563,MSMARCO
18,1e-05,0.004643585249121094,adamw,1.1721155599510082,0.9732829039783897,0.25,verified-v3-adamw-1e-5,0.6998463414027121,1563,NFCorpus
18,1e-05,0.41012772934077696,adamw,0.9865508750803298,1.0,0.25,verified-v3-adamw-1e-5,1.0,1563,NQ
18,1e-05,0.4757928587879706,adamw,0.9949633601333233,1.0,0.25,verified-v3-adamw-1e-5,1.0,1563,QuoraRetrieval
18,1e-05,0.08598424547724391,adamw,0.8651335177412912,0.9968089374117028,0.25,verified-v3-adamw-1e-5,0.8555909140437343,1563,SCIDOCS
18,1e-05,0.26846499386262385,adamw,1.0104775395549621,0.9769331095982161,0.25,verified-v3-adamw-1e-5,0.9769331095982161,1563,SciFact
18,1e-05,0.06957820141257984,adamw,0.8840145864991996,0.9746818938298829,0.25,verified-v3-adamw-1e-5,0.8880158835937564,1563,TRECCOVID
18,1e-05,0.29745246244505774,adamw,1.0078453709251998,1.0,0.25,verified-v3-adamw-1e-5,1.0,1563,Touche2020
19,1e-05,0.2385832367760696,adamw,1.002764421564886,1.0,0.25,verified-v3-adamw-1e-5,1.0,1563,ArguAna
19,1e-05,0.006735713767947127,adamw,0.5539621483695412,0.9494597273367419,0.25,verified-v3-adamw-1e-5,0.7371802929489657,1563,ClimateFEVER
19,1e-05,0.30511186615306235,adamw,1.023532603027977,1.0,0.25,verified-v3-adamw-1e-5,1.0,1563,DBPedia
19,1e-05,0.3895412982352596,adamw,0.9837224046011671,1.0,0.25,verified-v3-adamw-1e-5,1.0,1563,FEVER
19,1e-05,0.2127232094884281,adamw,0.9885225697666095,1.0236115350940154,0.25,verified-v3-adamw-1e-5,1.0,1563,FiQA2018
19,1e-05,0.30236425758374474,adamw,1.0096092997034227,1.0,0.25,verified-v3-adamw-1e-5,1.0,1563,HotpotQA
19,1e-05,0.4235359511311363,adamw,0.9913691971804178,1.0,0.25,verified-v3-adamw-1e-5,1.0,1563,MSMARCO
19,1e-05,-0.0026697246644340495,adamw,-0.6738814196553002,1.0102697450405707,0.25,verified-v3-adamw-1e-5,0.7264420057173764,1563,NFCorpus
19,1e-05,0.4034609096055619,adamw,0.970514025159572,1.0,0.25,verified-v3-adamw-1e-5,1.0,1563,NQ
19,1e-05,0.4737314215159835,adamw,0.9906525460532944,1.0,0.25,verified-v3-adamw-1e-5,1.0,1563,QuoraRetrieval
19,1e-05,0.09614146869191986,adamw,0.9673307772674182,1.0,0.25,verified-v3-adamw-1e-5,0.8583298984711626,1563,SCIDOCS
19,1e-05,0.24545900286560898,adamw,0.923885105870357,0.9769331095982161,0.25,verified-v3-adamw-1e-5,0.9769331095982161,1563,SciFact
19,1e-05,0.07463983165470955,adamw,0.9483243110201778,1.0,0.25,verified-v3-adamw-1e-5,0.9110827739955403,1563,TRECCOVID
19,1e-05,0.29080698731705434,adamw,0.9853287936869329,1.0,0.25,verified-v3-adamw-1e-5,1.0,1563,Touche2020
0,1e-05,0.23355376732449554,adamw,0.9816255809089538,1.0,0.5,verified-v3-adamw-1e-5,1.0,1563,ArguAna
0,1e-05,0.0005797751390701905,adamw,0.047682174848183566,0.9757162323937353,0.5,verified-v3-adamw-1e-5,0.7575663899391181,1563,ClimateFEVER
0,1e-05,0.2774098456497112,adamw,0.9306030112935626,1.0,0.5,verified-v3-adamw-1e-5,1.0,1563,DBPedia
0,1e-05,0.39577441751673403,adamw,0.9994631209655582,1.0,0.5,verified-v3-adamw-1e-5,1.0,1563,FEVER
0,1e-05,0.20304658697834477,adamw,0.9435554043438381,1.0236115350940154,0.5,verified-v3-adamw-1e-5,1.0,1563,FiQA2018
0,1e-05,0.30200458732791696,adamw,1.0084083428244177,0.9769331095982161,0.5,verified-v3-adamw-1e-5,0.9769331095982161,1563,HotpotQA
0,1e-05,0.4260477192480306,adamw,0.9972484844874306,1.0,0.5,verified-v3-adamw-1e-5,1.0,1563,MSMARCO
0,1e-05,-0.012139407376971282,adamw,-3.0641815562286108,0.9759466010275137,0.5,verified-v3-adamw-1e-5,0.7017616926606194,1563,NFCorpus
0,1e-05,0.41157026788399037,adamw,0.9900208615268249,1.0,0.5,verified-v3-adamw-1e-5,1.0,1563,NQ
0,1e-05,0.4740677364857469,adamw,0.9913558375512612,1.0,0.5,verified-v3-adamw-1e-5,1.0,1563,QuoraRetrieval
0,1e-05,0.07238916854628775,adamw,0.7283461718273898,1.0116149167601445,0.5,verified-v3-adamw-1e-5,0.8682993287946483,1563,SCIDOCS
0,1e-05,0.2797023167311039,adamw,1.052773789058303,1.0,0.5,verified-v3-adamw-1e-5,1.0,1563,SciFact
0,1e-05,0.057681088464665874,adamw,0.7328577418314254,0.9240456814896487,0.5,verified-v3-adamw-1e-5,0.8418821027901886,1563,TRECCOVID
0,1e-05,0.306564038973845,adamw,1.038717733355432,1.0,0.5,verified-v3-adamw-1e-5,1.0,1563,Touche2020
1,1e-05,0.24319124520433066,adamw,1.0221318631696301,1.0,0.5,verified-v3-adamw-1e-5,1.0,1563,ArguAna
1,1e-05,0.007354435697362015,adamw,0.6048474058300107,0.9775575223718949,0.5,verified-v3-adamw-1e-5,0.7589960058000362,1563,ClimateFEVER
1,1e-05,0.28687950271787854,adamw,0.9623700574952375,1.0,0.5,verified-v3-adamw-1e-5,1.0,1563,DBPedia
1,1e-05,0.37692760034103895,adamw,0.9518685876127524,1.0,0.5,verified-v3-adamw-1e-5,1.0,1563,FEVER
1,1e-05,0.21769074925748616,adamw,1.0116066760554168,0.9763884649059846,0.5,verified-v3-adamw-1e-5,0.9538662191964322,1563,FiQA2018
1,1e-05,0.2912756305100941,adamw,0.9725838222082854,0.9769331095982161,0.5,verified-v3-adamw-1e-5,0.9769331095982161,1563,HotpotQA
1,1e-05,0.4032911352280559,adamw,0.943982223689027,1.0,0.5,verified-v3-adamw-1e-5,1.0,1563,MSMARCO
1,1e-05,-0.02822683208299999,adamw,-7.124906148513316,0.8078977684495517,0.5,verified-v3-adamw-1e-5,0.5809249244651155,1563,NFCorpus
1,1e-05,0.415918886651851,adamw,1.0004813433326258,1.0,0.5,verified-v3-adamw-1e-5,1.0,1563,NQ
1,1e-05,0.4858121185815094,adamw,1.015915327373064,1.0,0.5,verified-v3-adamw-1e-5,1.0,1563,QuoraRetrieval
1,1e-05,0.08001491934298978,adamw,0.8050729323583673,1.066664332400861,0.5,verified-v3-adamw-1e-5,0.9155498881324413,1563,SCIDOCS
1,1e-05,0.25804492388914424,adamw,0.9712573547655065,0.9769331095982161,0.5,verified-v3-adamw-1e-5,0.9769331095982161,1563,SciFact
1,1e-05,0.07282246245350296,adamw,0.9252340205225198,0.9959154491212194,0.5,verified-v3-adamw-1e-5,0.907361410050375,1563,TRECCOVID
1,1e-05,0.26624029963633805,adamw,0.9020905436000024,1.0,0.5,verified-v3-adamw-1e-5,1.0,1563,Touche2020
2,1e-05,0.2289883812837702,adamw,0.962437281034201,1.0,0.5,verified-v3-adamw-1e-5,1.0,1563,ArguAna
2,1e-05,-0.0023791970079993056,adamw,-0.19567118368620465,0.9343570471352735,0.5,verified-v3-adamw-1e-5,0.725454257715789,1563,ClimateFEVER
2,1e-05,0.27999590112409467,adamw,0.9392782297458747,1.0,0.5,verified-v3-adamw-1e-5,1.0,1563,DBPedia
2,1e-05,0.3783086386225366,adamw,0.9553561723830343,1.0,0.5,verified-v3-adamw-1e-5,1.0,1563,FEVER
2,1e-05,0.20355000089475755,adamw,0.9458947636432083,1.0,0.5,verified-v3-adamw-1e-5,0.9769331095982161,1563,FiQA2018
2,1e-05,0.31949227121284013,adamw,1.0668005893868346,1.0,0.5,verified-v3-adamw-1e-5,1.0,1563,HotpotQA
2,1e-05,0.415088425338705,adamw,0.9715961015538543,1.0,0.5,verified-v3-adamw-1e-5,1.0,1563,MSMARCO
2,1e-05,-0.004450955594466522,adamw,-1.1234927387006937,1.0499324980840758,0.5,verified-v3-adamw-1e-5,0.7549618045281781,1563,NFCorpus
2,1e-05,0.4153195629639489,adamw,0.9990396868279399,1.0,0.5,verified-v3-adamw-1e-5,1.0,1563,NQ
2,1e-05,0.4667698396227983,adamw,0.976094700586821,1.0,0.5,verified-v3-adamw-1e-5,1.0,1563,QuoraRetrieval
2,1e-05,0.09577489129131732,adamw,0.9636424458254488,0.9938422524579585,0.5,verified-v3-adamw-1e-5,0.8530445196485911,1563,SCIDOCS
2,1e-05,0.2641127170130007,adamw,0.9940959698791793,1.0,0.5,verified-v3-adamw-1e-5,1.0,1563,SciFact
2,1e-05,0.07669633318469933,adamw,0.9744528586509045,1.0,0.5,verified-v3-adamw-1e-5,0.9110827739955403,1563,TRECCOVID
2,1e-05,0.2855262632423553,adamw,0.9674363436797264,1.0,0.5,verified-v3-adamw-1e-5,1.0,1563,Touche2020
3,1e-05,0.23488777638640124,adamw,0.9872324158375104,1.0,0.5,verified-v3-adamw-1e-5,1.0,1563,ArguAna
3,1e-05,-0.0004400436376140581,adamw,-0.03619030250795909,0.9907326523443875,0.5,verified-v3-adamw-1e-5,0.7692254509182683,1563,ClimateFEVER
3,1e-05,0.29508717390648737,adamw,0.9899036279275987,1.0,0.5,verified-v3-adamw-1e-5,1.0,1563,DBPedia
3,1e-05,0.3861646793391513,adamw,0.975195309592372,1.0,0.5,verified-v3-adamw-1e-5,1.0,1563,FEVER
3,1e-05,0.21510878326930316,adamw,0.9996083066258342,1.0236115350940154,0.5,verified-v3-adamw-1e-5,1.0,1563,FiQA2018
3,1e-05,0.3032761025188066,adamw,1.0126539953089242,1.0,0.5,verified-v3-adamw-1e-5,1.0,1563,HotpotQA
3,1e-05,0.4242772161944462,adamw,0.9931042738574952,1.0,0.5,verified-v3-adamw-1e-5,1.0,1563,MSMARCO
3,1e-05,0.008145918268827743,adamw,2.056160712197402,1.0859882005098391,0.5,verified-v3-adamw-1e-5,0.7808879266517981,1563,NFCorpus
3,1e-05,0.40934240258240506,adamw,0.9846617933497648,1.0,0.5,verified-v3-adamw-1e-5,1.0,1563,NQ
3,1e-05,0.47282970367496385,adamw,0.9887669014993208,1.0,0.5,verified-v3-adamw-1e-5,1.0,1563,QuoraRetrieval
3,1e-05,0.08978043795269616,adamw,0.903329042189781,1.031921998256149,0.5,verified-v3-adamw-1e-5,0.8857295039933595,1563,SCIDOCS
3,1e-05,0.27421690920423103,adamw,1.0321272197553157,0.9769331095982161,0.5,verified-v3-adamw-1e-5,0.9769331095982161,1563,SciFact
3,1e-05,0.08043487327905251,adamw,1.0219522752573067,1.025318106170117,0.5,verified-v3-adamw-1e-5,0.9341496643973242,1563,TRECCOVID
3,1e-05,0.2937336427351773,adamw,0.9952450542255165,1.0,0.5,verified-v3-adamw-1e-5,1.0,1563,Touche2020
4,1e-05,0.228367897672197,adamw,0.9598293908141783,1.0,0.5,verified-v3-adamw-1e-5,1.0,1563,ArguAna
4,1e-05,0.003284311473824431,adamw,0.27011008820064775,0.9936137855994124,0.5,verified-v3-adamw-1e-5,0.7714624227410984,1563,ClimateFEVER
4,1e-05,0.2988770513937389,adamw,1.002617204815289,0.9769331095982161,0.5,verified-v3-adamw-1e-5,0.9769331095982161,1563,DBPedia
4,1e-05,0.39263783510532224,adamw,0.9915421985730877,1.0,0.5,verified-v3-adamw-1e-5,1.0,1563,FEVER
4,1e-05,0.2114991601054198,adamw,0.9828344248550951,1.0,0.5,verified-v3-adamw-1e-5,0.9769331095982161,1563,FiQA2018
4,1e-05,0.29078436595263135,adamw,0.9709434654088654,1.0,0.5,verified-v3-adamw-1e-5,1.0,1563,HotpotQA
4,1e-05,0.40795979289732043,adamw,0.9549101352231671,1.0,0.5,verified-v3-adamw-1e-5,1.0,1563,MSMARCO
4,1e-05,-0.016775104728082066,adamw,-4.234306083928205,0.8792000486609252,0.5,verified-v3-adamw-1e-5,0.6321953615966287,1563,NFCorpus
4,1e-05,0.39746867211076087,adamw,0.956099864103729,1.0,0.5,verified-v3-adamw-1e-5,1.0,1563,NQ
4,1e-05,0.4653740290098053,adamw,0.9731758244583498,1.0,0.5,verified-v3-adamw-1e-5,1.0,1563,QuoraRetrieval
4,1e-05,0.10910933649992606,adamw,1.0978074364748727,1.0373445469680438,0.5,verified-v3-adamw-1e-5,0.8903838396786952,1563,SCIDOCS
4,1e-05,0.25028195412714493,adamw,0.9420382507330506,1.0,0.5,verified-v3-adamw-1e-5,1.0,1563,SciFact
4,1e-05,0.07942763558504712,adamw,1.0091549796173596,0.9774768038729915,0.5,verified-v3-adamw-1e-5,0.8905622779888998,1563,TRECCOVID
4,1e-05,0.2787202230832944,adamw,0.9443757308602662,1.0,0.5,verified-v3-adamw-1e-5,1.0,1563,Touche2020
5,1e-05,0.22473712782260924,adamw,0.944569279176602,1.0,0.5,verified-v3-adamw-1e-5,1.0,1563,ArguAna
5,1e-05,0.008131149909055866,adamw,0.6687263484636161,0.9985685468080446,0.5,verified-v3-adamw-1e-5,0.775309402464522,1563,ClimateFEVER
5,1e-05,0.2844830861271706,adamw,0.9543310043376122,1.0,0.5,verified-v3-adamw-1e-5,1.0,1563,DBPedia
5,1e-05,0.37397498584667366,adamw,0.9444122459015762,1.0,0.5,verified-v3-adamw-1e-5,1.0,1563,FEVER
5,1e-05,0.20630895425960447,adamw,0.9587155915944389,1.0236115350940154,0.5,verified-v3-adamw-1e-5,1.0,1563,FiQA2018
5,1e-05,0.2818060448050559,adamw,0.9409644043956585,1.0,0.5,verified-v3-adamw-1e-5,1.0,1563,HotpotQA
5,1e-05,0.41226289017822354,adamw,0.9649823807677663,1.0,0.5,verified-v3-adamw-1e-5,1.0,1563,MSMARCO
5,1e-05,-0.01912922261128115,adamw,-4.828523278794787,0.8780745340442905,0.5,verified-v3-adamw-1e-5,0.6313860519052458,1563,NFCorpus
5,1e-05,0.39579859685349994,adamw,0.9520825444039636,1.0,0.5,verified-v3-adamw-1e-5,1.0,1563,NQ
5,1e-05,0.47797922049628006,adamw,0.9995354123438333,1.0,0.5,verified-v3-adamw-1e-5,1.0,1563,QuoraRetrieval
5,1e-05,0.0960890039183991,adamw,0.9668029010986899,1.0,0.5,verified-v3-adamw-1e-5,0.8583298984711626,1563,SCIDOCS
5,1e-05,0.2602443248446075,adamw,0.9795356976287425,1.0,0.5,verified-v3-adamw-1e-5,1.0,1563,SciFact
5,1e-05,0.07476280954223172,adamw,0.949886786683235,0.9657001527282164,0.5,verified-v3-adamw-1e-5,0.8798327739955403,1563,TRECCOVID
5,1e-05,0.27013928673940657,adamw,0.9153013137204564,1.0,0.5,verified-v3-adamw-1e-5,1.0,1563,Touche2020
6,1e-05,0.21859489931654721,adamw,0.9187535165177126,1.0,0.5,verified-v3-adamw-1e-5,1.0,1563,ArguAna
6,1e-05,0.029198835331881952,adamw,2.4013861199549655,1.01030970726053,0.5,verified-v3-adamw-1e-5,0.7844254838029086,1563,ClimateFEVER
6,1e-05,0.27353150735351417,adamw,0.91759268251881,1.0,0.5,verified-v3-adamw-1e-5,1.0,1563,DBPedia
6,1e-05,0.3829908666226572,adamw,0.9671803681949704,1.0,0.5,verified-v3-adamw-1e-5,1.0,1563,FEVER
6,1e-05,0.21241689165159422,adamw,0.9870991139248112,1.0236115350940154,0.5,verified-v3-adamw-1e-5,1.0,1563,FiQA2018
6,1e-05,0.2735486360089453,adamw,0.9133925055917892,0.9769331095982161,0.5,verified-v3-adamw-1e-5,0.9769331095982161,1563,HotpotQA
6,1e-05,0.403089020376459,adamw,0.943509134125719,1.0,0.5,verified-v3-adamw-1e-5,1.0,1563,MSMARCO
6,1e-05,-0.0035714111957740203,adamw,-0.9014815942793951,0.9362838479840084,0.5,verified-v3-adamw-1e-5,0.6732418938498177,1563,NFCorpus
6,1e-05,0.38670330323343505,adamw,0.9302040679244279,1.0,0.5,verified-v3-adamw-1e-5,1.0,1563,NQ
6,1e-05,0.4541875544632422,adamw,0.9497830137061097,1.0,0.5,verified-v3-adamw-1e-5,1.0,1563,QuoraRetrieval
6,1e-05,0.09961533664789865,adamw,1.0022832221978102,1.0214516059026304,0.5,verified-v3-adamw-1e-5,0.8767424531876108,1563,SCIDOCS
6,1e-05,0.2655520098196146,adamw,0.9995133355960315,1.0,0.5,verified-v3-adamw-1e-5,1.0,1563,SciFact
6,1e-05,0.08595092580101205,adamw,1.092035588569661,1.0265438768312476,0.5,verified-v3-adamw-1e-5,0.9352664429315494,1563,TRECCOVID
6,1e-05,0.2829713886912862,adamw,0.9587797722450044,1.0,0.5,verified-v3-adamw-1e-5,1.0,1563,Touche2020
7,1e-05,0.22953188941561975,adamw,0.9647216436106106,1.0,0.5,verified-v3-adamw-1e-5,1.0,1563,ArguAna
7,1e-05,-0.0029693718732913023,adamw,-0.24420865834057973,0.9443205529176312,0.5,verified-v3-adamw-1e-5,0.733190130970824,1563,ClimateFEVER
7,1e-05,0.29685585226647804,adamw,0.9958368614938486,1.0,0.5,verified-v3-adamw-1e-5,1.0,1563,DBPedia
7,1e-05,0.3767996862574556,adamw,0.9515455616577252,1.0,0.5,verified-v3-adamw-1e-5,1.0,1563,FEVER
7,1e-05,0.20114497573298196,adamw,0.9347186364167098,1.0,0.5,verified-v3-adamw-1e-5,0.9769331095982161,1563,FiQA2018
7,1e-05,0.28606830851862775,adamw,0.9551963149971249,1.0,0.5,verified-v3-adamw-1e-5,1.0,1563,HotpotQA
7,1e-05,0.4048034112199705,adamw,0.9475220030914971,1.0,0.5,verified-v3-adamw-1e-5,1.0,1563,MSMARCO
7,1e-05,-0.009979242734377274,adamw,-2.518921276982165,0.9353987843435314,0.5,verified-v3-adamw-1e-5,0.6726054822287315,1563,NFCorpus
7,1e-05,0.4020582877737859,adamw,0.9671400572550618,1.0,0.5,verified-v3-adamw-1e-5,1.0,1563,NQ
7,1e-05,0.485910001076307,adamw,1.0161200162289876,1.0,0.5,verified-v3-adamw-1e-5,1.0,1563,QuoraRetrieval
7,1e-05,0.09748041167522045,adamw,0.9808025993060779,1.0320723256918676,0.5,verified-v3-adamw-1e-5,0.8858585345259973,1563,SCIDOCS
7,1e-05,0.24083168945302466,adamw,0.9064683238734814,1.0,0.5,verified-v3-adamw-1e-5,1.0,1563,SciFact
7,1e-05,0.06834622780111652,adamw,0.8683619450022211,1.0115807981275766,0.5,verified-v3-adamw-1e-5,0.9216338396786952,1563,TRECCOVID
7,1e-05,0.27800486997202856,adamw,0.9419519307147238,1.0,0.5,verified-v3-adamw-1e-5,1.0,1563,Touche2020
8,1e-05,0.22214095765463399,adamw,0.9336575860000308,1.0,0.5,verified-v3-adamw-1e-5,1.0,1563,ArguAna
8,1e-05,0.00392050970918878,adamw,0.32243264129493654,0.9627028906889366,0.5,verified-v3-adamw-1e-5,0.7474625605991442,1563,ClimateFEVER
8,1e-05,0.28313455823436784,adamw,0.9498072135005694,1.0,0.5,verified-v3-adamw-1e-5,1.0,1563,DBPedia
8,1e-05,0.38136443897416195,adamw,0.963073092985549,1.0,0.5,verified-v3-adamw-1e-5,1.0,1563,FEVER
8,1e-05,0.1885108502724996,adamw,0.8760079851578064,0.9763884649059846,0.5,verified-v3-adamw-1e-5,0.9538662191964322,1563,FiQA2018
8,1e-05,0.2727336803135657,adamw,0.9106713279781501,0.9769331095982161,0.5,verified-v3-adamw-1e-5,0.9769331095982161,1563,HotpotQA
8,1e-05,0.4151579862747218,adamw,0.9717589226062583,1.0,0.5,verified-v3-adamw-1e-5,1.0,1563,MSMARCO
8,1e-05,-0.01145607705494556,adamw,-2.891697998791116,0.8666942063892773,0.5,verified-v3-adamw-1e-5,0.6232029423070298,1563,NFCorpus
8,1e-05,0.40527843120713014,adamw,0.9748860229500814,1.0,0.5,verified-v3-adamw-1e-5,1.0,1563,NQ
8,1e-05,0.4824854484289821,adamw,1.008958697293652,1.0,0.5,verified-v3-adamw-1e-5,1.0,1563,QuoraRetrieval
8,1e-05,0.10080900692722145,adamw,1.0142933778029677,1.0268741546145255,0.5,verified-v3-adamw-1e-5,0.8813967888729465,1563,SCIDOCS
8,1e-05,0.27963537631867186,adamw,1.052521831504069,1.0,0.5,verified-v3-adamw-1e-5,1.0,1563,SciFact
8,1e-05,0.07328270374990314,adamw,0.9310815418879327,0.9795790840527688,0.5,verified-v3-adamw-1e-5,0.8924776292468072,1563,TRECCOVID
8,1e-05,0.2788834541343074,adamw,0.9449287996020824,1.0,0.5,verified-v3-adamw-1e-5,1.0,1563,Touche2020
9,1e-05,0.23430856589766086,adamw,0.9847979963931502,1.0,0.5,verified-v3-adamw-1e-5,1.0,1563,ArguAna
9,1e-05,0.006608639007890887,adamw,0.5435111984762602,0.925733755984931,0.5,verified-v3-adamw-1e-5,0.7187589549942875,1563,ClimateFEVER
9,1e-05,0.2789318141950196,adamw,0.9357086286087696,0.9769331095982161,0.5,verified-v3-adamw-1e-5,0.9769331095982161,1563,DBPedia
9,1e-05,0.37305993333404475,adamw,0.9421014314586978,1.0,0.5,verified-v3-adamw-1e-5,1.0,1563,FEVER
9,1e-05,0.2075593249076994,adamw,0.9645260511544841,1.0,0.5,verified-v3-adamw-1e-5,0.9769331095982161,1563,FiQA2018
9,1e-05,0.29405057872387386,adamw,0.9818495123570343,0.9769331095982161,0.5,verified-v3-adamw-1e-5,0.9769331095982161,1563,HotpotQA
9,1e-05,0.40709834419187285,adamw,0.9528937450932364,1.0,0.5,verified-v3-adamw-1e-5,1.0,1563,MSMARCO
9,1e-05,-0.01465208921686969,adamw,-3.6984228425942898,0.9063795962988385,0.5,verified-v3-adamw-1e-5,0.6517390183254401,1563,NFCorpus
9,1e-05,0.3929312954733376,adamw,0.9451853304792553,1.0,0.5,verified-v3-adamw-1e-5,1.0,1563,NQ
9,1e-05,0.4822335028879362,adamw,1.008431836544358,1.0,0.5,verified-v3-adamw-1e-5,1.0,1563,QuoraRetrieval
9,1e-05,0.06493126806924471,adamw,0.6533082432061952,1.0220175134841498,0.5,verified-v3-adamw-1e-5,0.8772281885846003,1563,SCIDOCS
9,1e-05,0.25883398628142834,adamw,0.9742273130205428,1.0,0.5,verified-v3-adamw-1e-5,1.0,1563,SciFact
9,1e-05,0.06950658677224028,adamw,0.8831046982672279,0.9910182588983335,0.5,verified-v3-adamw-1e-5,0.9028996643973242,1563,TRECCOVID
9,1e-05,0.28132059274146315,adamw,0.9531864514074654,1.0,0.5,verified-v3-adamw-1e-5,1.0,1563,Touche2020
10,1e-05,0.22602781375769526,adamw,0.9499940271706668,1.0,0.5,verified-v3-adamw-1e-5,1.0,1563,ArguAna
10,1e-05,0.009783062785572002,adamw,0.8045838444202896,0.9459320212483948,0.5,verified-v3-adamw-1e-5,0.7344413085215376,1563,ClimateFEVER
10,1e-05,0.29806617905419386,adamw,0.9998970409393895,0.9769331095982161,0.5,verified-v3-adamw-1e-5,0.9769331095982161,1563,DBPedia
10,1e-05,0.3842315290049405,adamw,0.9703134567468829,1.0,0.5,verified-v3-adamw-1e-5,1.0,1563,FEVER
10,1e-05,0.21109605432532202,adamw,0.9809611964349885,1.0,0.5,verified-v3-adamw-1e-5,0.9769331095982161,1563,FiQA2018
10,1e-05,0.2956822919553902,adamw,0.9872978840202483,1.0,0.5,verified-v3-adamw-1e-5,1.0,1563,HotpotQA
10,1e-05,0.41286698690680135,adamw,0.9663963879783233,1.0,0.5,verified-v3-adamw-1e-5,1.0,1563,MSMARCO
10,1e-05,-0.012991713118344931,adamw,-3.2793172256962313,0.8705033378511003,0.5,verified-v3-adamw-1e-5,0.6259419267344579,1563,NFCorpus
10,1e-05,0.4162611171638124,adamw,1.0013045693349187,1.0,0.5,verified-v3-adamw-1e-5,1.0,1563,NQ
10,1e-05,0.46671222369507315,adamw,0.975974215934755,1.0,0.5,verified-v3-adamw-1e-5,1.0,1563,QuoraRetrieval
10,1e-05,0.0945606817577648,adamw,0.9514256337896287,1.0252085760724468,0.5,verified-v3-adamw-1e-5,0.8799671730120284,1563,SCIDOCS
10,1e-05,0.262850489339188,adamw,0.989345061033145,1.0,0.5,verified-v3-adamw-1e-5,1.0,1563,SciFact
10,1e-05,0.04973425676944848,adamw,0.6318905568165483,0.9162897110491127,0.5,verified-v3-adamw-1e-5,0.8348157717261977,1563,TRECCOVID
10,1e-05,0.2735328095144432,adamw,0.9267994408223009,1.0,0.5,verified-v3-adamw-1e-5,1.0,1563,Touche2020
11,1e-05,0.2285845697722456,adamw,0.9607400628128082,1.0,0.5,verified-v3-adamw-1e-5,1.0,1563,ArguAna
11,1e-05,-0.0030312040463196833,adamw,-0.2492938927476823,0.9773163882531066,0.5,verified-v3-adamw-1e-5,0.7588087842516016,1563,ClimateFEVER
11,1e-05,0.2761186557447528,adamw,0.9262715672855392,0.96875,0.5,verified-v3-adamw-1e-5,0.96875,1563,DBPedia
11,1e-05,0.39965906729078027,adamw,1.0092731643013235,1.0,0.5,verified-v3-adamw-1e-5,1.0,1563,FEVER
11,1e-05,0.21109755281072,adamw,0.9809681598812431,1.0236115350940154,0.5,verified-v3-adamw-1e-5,1.0,1563,FiQA2018
11,1e-05,0.282818266699631,adamw,0.9443442636630636,1.0,0.5,verified-v3-adamw-1e-5,1.0,1563,HotpotQA
11,1e-05,0.40937393953379375,adamw,0.9582202235685645,1.0,0.5,verified-v3-adamw-1e-5,1.0,1563,MSMARCO
11,1e-05,-0.018085019917588832,adamw,-4.56494973392422,0.9421347006966924,0.5,verified-v3-adamw-1e-5,0.6774489931919725,1563,NFCorpus
11,1e-05,0.4101224482355422,adamw,0.9865381715281971,1.0,0.5,verified-v3-adamw-1e-5,1.0,1563,NQ
11,1e-05,0.47629214693956584,adamw,0.9960074561255402,1.0,0.5,verified-v3-adamw-1e-5,1.0,1563,QuoraRetrieval
11,1e-05,0.09187825104840294,adamw,0.9244362626227716,1.0197797727912308,0.5,verified-v3-adamw-1e-5,0.8753074688428424,1563,SCIDOCS
11,1e-05,0.2766361764794457,adamw,1.0412331192195703,1.0,0.5,verified-v3-adamw-1e-5,1.0,1563,SciFact
11,1e-05,0.07022154157370278,adamw,0.8921884408812791,0.9493637876597658,0.5,verified-v3-adamw-1e-5,0.8649489931919725,1563,TRECCOVID
11,1e-05,0.29863511335649806,adamw,1.0118524960863697,1.0,0.5,verified-v3-adamw-1e-5,1.0,1563,Touche2020
12,1e-05,0.21780464912219832,adamw,0.9154320980067735,1.0,0.5,verified-v3-adamw-1e-5,1.0,1563,ArguAna
12,1e-05,0.0014149387273219433,adamw,0.11636814214530039,0.9733405725565245,0.5,verified-v3-adamw-1e-5,0.7557218781980518,1563,ClimateFEVER
12,1e-05,0.265643020204396,adamw,0.8911298514021755,0.96875,0.5,verified-v3-adamw-1e-5,0.96875,1563,DBPedia
12,1e-05,0.38082367625002034,adamw,0.9617074857708038,1.0,0.5,verified-v3-adamw-1e-5,1.0,1563,FEVER
12,1e-05,0.21373248583390755,adamw,0.9932126665785056,1.0236115350940154,0.5,verified-v3-adamw-1e-5,1.0,1563,FiQA2018
12,1e-05,0.2999685571205424,adamw,1.0016099366626936,1.0,0.5,verified-v3-adamw-1e-5,1.0,1563,HotpotQA
12,1e-05,0.406085322671194,adamw,0.9505225689770183,1.0,0.5,verified-v3-adamw-1e-5,1.0,1563,MSMARCO
12,1e-05,-0.01593554919162861,adamw,-4.022388771134956,0.937662267371769,0.5,verified-v3-adamw-1e-5,0.6742330566057848,1563,NFCorpus
12,1e-05,0.3840138597088691,adamw,0.923734686137187,1.0,0.5,verified-v3-adamw-1e-5,1.0,1563,NQ
12,1e-05,0.4767907385877318,adamw,0.9970500956112552,1.0,0.5,verified-v3-adamw-1e-5,1.0,1563,QuoraRetrieval
12,1e-05,0.09376427138229207,adamw,0.9434125227147547,1.0134370773072627,0.5,verified-v3-adamw-1e-5,0.8698633436720545,1563,SCIDOCS
12,1e-05,0.2468404649822876,adamw,0.9290848021904072,0.9769331095982161,0.5,verified-v3-adamw-1e-5,0.9769331095982161,1563,SciFact
12,1e-05,0.07870942602038758,adamw,1.0000298841358388,0.9746818938298829,0.5,verified-v3-adamw-1e-5,0.8880158835937564,1563,TRECCOVID
12,1e-05,0.2799969281838555,adamw,0.9487015357806903,1.0,0.5,verified-v3-adamw-1e-5,1.0,1563,Touche2020
13,1e-05,0.22042724235212344,adamw,0.9264548472105416,1.0,0.5,verified-v3-adamw-1e-5,1.0,1563,ArguAna
13,1e-05,0.011289016273788623,adamw,0.9284372708599555,0.9399487292342894,0.5,verified-v3-adamw-1e-5,0.7297957560744319,1563,ClimateFEVER
13,1e-05,0.29670604714196613,adamw,0.9953343230938453,1.0,0.5,verified-v3-adamw-1e-5,1.0,1563,DBPedia
13,1e-05,0.3882268859852096,adamw,0.9804030729022839,1.0,0.5,verified-v3-adamw-1e-5,1.0,1563,FEVER
13,1e-05,0.20192811870813387,adamw,0.9383578937791461,1.0,0.5,verified-v3-adamw-1e-5,0.9769331095982161,1563,FiQA2018
13,1e-05,0.29579129241456126,adamw,0.9876618419765573,1.0,0.5,verified-v3-adamw-1e-5,1.0,1563,HotpotQA
13,1e-05,0.4138597027649228,adamw,0.9687200346974878,1.0,0.5,verified-v3-adamw-1e-5,1.0,1563,MSMARCO
13,1e-05,-0.007537265364591556,adamw,-1.9025269354083065,0.9748285524119751,0.5,verified-v3-adamw-1e-5,0.7009577514530869,1563,NFCorpus
13,1e-05,0.41439550599354125,adamw,0.9968168934210053,1.0,0.5,verified-v3-adamw-1e-5,1.0,1563,NQ
13,1e-05,0.47774916637023995,adamw,0.9990543302468037,1.0,0.5,verified-v3-adamw-1e-5,1.0,1563,QuoraRetrieval
13,1e-05,0.09530728159975858,adamw,0.9589375744255457,1.0104703923535183,0.5,verified-v3-adamw-1e-5,0.8673169492769113,1563,SCIDOCS
13,1e-05,0.25906898653766286,adamw,0.9751118323662425,0.9769331095982161,0.5,verified-v3-adamw-1e-5,0.9769331095982161,1563,SciFact
13,1e-05,0.054577344946289935,adamw,0.693423630467624,0.9657001527282164,0.5,verified-v3-adamw-1e-5,0.8798327739955403,1563,TRECCOVID
13,1e-05,0.29105324865215965,adamw,0.9861631903652579,1.0,0.5,verified-v3-adamw-1e-5,1.0,1563,Touche2020
14,1e-05,0.22642479138104527,adamw,0.9516625225864885,1.0,0.5,verified-v3-adamw-1e-5,1.0,1563,ArguAna
14,1e-05,0.006836041580656163,adamw,0.5622133616164564,1.0369760491037276,0.5,verified-v3-adamw-1e-5,0.805129786603604,1563,ClimateFEVER
14,1e-05,0.30254816512676386,adamw,1.0149323751249546,1.0,0.5,verified-v3-adamw-1e-5,1.0,1563,DBPedia
14,1e-05,0.38760072780336335,adamw,0.9788218135208088,1.0,0.5,verified-v3-adamw-1e-5,1.0,1563,FEVER
14,1e-05,0.21412847673439261,adamw,0.9950528322261237,1.0,0.5,verified-v3-adamw-1e-5,0.9769331095982161,1563,FiQA2018
14,1e-05,0.30446671702079003,adamw,1.0166295163680934,0.9769331095982161,0.5,verified-v3-adamw-1e-5,0.9769331095982161,1563,HotpotQA
14,1e-05,0.4187310179350322,adamw,0.9801223059722324,1.0,0.5,verified-v3-adamw-1e-5,1.0,1563,MSMARCO
14,1e-05,-0.016592710157911604,adamw,-4.1882667625250205,0.9219889503698577,0.5,verified-v3-adamw-1e-5,0.6629630409540189,1563,NFCorpus
14,1e-05,0.38779576332834226,adamw,0.9328319503754716,1.0,0.5,verified-v3-adamw-1e-5,1.0,1563,NQ
14,1e-05,0.47079417858275385,adamw,0.9845102741709071,1.0,0.5,verified-v3-adamw-1e-5,1.0,1563,QuoraRetrieval
14,1e-05,0.1003272637846784,adamw,1.0094463021876297,1.0268741546145255,0.5,verified-v3-adamw-1e-5,0.8813967888729465,1563,SCIDOCS
14,1e-05,0.24925097257044698,adamw,0.93815773099843,1.0,0.5,verified-v3-adamw-1e-5,1.0,1563,SciFact
14,1e-05,0.0750453077836869,adamw,0.9534760224070202,0.9759076644910135,0.5,verified-v3-adamw-1e-5,0.8891326621279816,1563,TRECCOVID
14,1e-05,0.27806916743956,adamw,0.9421697870554686,1.0,0.5,verified-v3-adamw-1e-5,1.0,1563,Touche2020
15,1e-05,0.22783984123453999,adamw,0.957609971648708,1.0,0.5,verified-v3-adamw-1e-5,1.0,1563,ArguAna
15,1e-05,0.015431684889694442,adamw,1.2691408229275611,0.9793988123500541,0.5,verified-v3-adamw-1e-5,0.7604256216609542,1563,ClimateFEVER
15,1e-05,0.2941169559531587,adamw,0.9866489209907771,1.0,0.5,verified-v3-adamw-1e-5,1.0,1563,DBPedia
15,1e-05,0.3836222661172557,adamw,0.9687748636487369,1.0,0.5,verified-v3-adamw-1e-5,1.0,1563,FEVER
15,1e-05,0.19793567916967514,adamw,0.9198050682473852,1.0236115350940154,0.5,verified-v3-adamw-1e-5,1.0,1563,FiQA2018
15,1e-05,0.2754342776786629,adamw,0.9196887569439449,0.9769331095982161,0.5,verified-v3-adamw-1e-5,0.9769331095982161,1563,HotpotQA
15,1e-05,0.4239985333592103,adamw,0.9924519618686359,1.0,0.5,verified-v3-adamw-1e-5,1.0,1563,MSMARCO
15,1e-05,-0.04108225284122294,adamw,-10.369820991690208,0.8223843249739279,0.5,verified-v3-adamw-1e-5,0.5913415911317821,1563,NFCorpus
15,1e-05,0.40285884254093296,adamw,0.9690657695382769,1.0,0.5,verified-v3-adamw-1e-5,1.0,1563,NQ
15,1e-05,0.47909714708544315,adamw,1.0018731859673582,1.0,0.5,verified-v3-adamw-1e-5,1.0,1563,QuoraRetrieval
15,1e-05,0.08857611605157338,adamw,0.8912117149162985,1.0022314861235977,0.5,verified-v3-adamw-1e-5,0.86024524972907,1563,SCIDOCS
15,1e-05,0.25620640415094376,adamw,0.9643373356049052,1.0,0.5,verified-v3-adamw-1e-5,1.0,1563,SciFact
15,1e-05,0.054086310735655105,adamw,0.6871848747099504,0.8971004581846491,0.5,verified-v3-adamw-1e-5,0.8173327739955403,1563,TRECCOVID
15,1e-05,0.29851960216439477,adamw,1.0114611144877963,1.0,0.5,verified-v3-adamw-1e-5,1.0,1563,Touche2020
16,1e-05,0.2392878531697556,adamw,1.0057259215427863,1.0,0.5,verified-v3-adamw-1e-5,1.0,1563,ArguAna
16,1e-05,0.003034391192673241,adamw,0.24955601173046726,0.9503220718028511,0.5,verified-v3-adamw-1e-5,0.73784983514001,1563,ClimateFEVER
16,1e-05,0.27859143123466923,adamw,0.9345667750918073,1.0,0.5,verified-v3-adamw-1e-5,1.0,1563,DBPedia
16,1e-05,0.383775500382353,adamw,0.969161831552812,1.0,0.5,verified-v3-adamw-1e-5,1.0,1563,FEVER
16,1e-05,0.2295405940467793,adamw,1.066672783090083,1.0,0.5,verified-v3-adamw-1e-5,0.9769331095982161,1563,FiQA2018
16,1e-05,0.292941228226755,adamw,0.9781453358532635,1.0,0.5,verified-v3-adamw-1e-5,1.0,1563,HotpotQA
16,1e-05,0.41919432816819413,adamw,0.9812067746995471,1.0,0.5,verified-v3-adamw-1e-5,1.0,1563,MSMARCO
16,1e-05,0.003253932048560594,adamw,0.821344754220463,0.9522473410799736,0.5,verified-v3-adamw-1e-5,0.6847205627892926,1563,NFCorpus
16,1e-05,0.4172275322232792,adamw,1.0036292539499783,1.0,0.5,verified-v3-adamw-1e-5,1.0,1563,NQ
16,1e-05,0.4803600241397917,adamw,1.004514075535627,1.0,0.5,verified-v3-adamw-1e-5,1.0,1563,QuoraRetrieval
16,1e-05,0.08647175062568312,adamw,0.8700385679821265,1.0050478436416235,0.5,verified-v3-adamw-1e-5,0.8626626135915756,1563,SCIDOCS
16,1e-05,0.2676505203679852,adamw,1.007411936248349,1.0,0.5,verified-v3-adamw-1e-5,1.0,1563,SciFact
16,1e-05,0.08310992342527332,adamw,1.05593969230555,1.0,0.5,verified-v3-adamw-1e-5,0.9110827739955403,1563,TRECCOVID
16,1e-05,0.2914519069295055,adamw,0.987513947041136,1.0,0.5,verified-v3-adamw-1e-5,1.0,1563,Touche2020
17,1e-05,0.23276120790350713,adamw,0.9782944567273786,1.0,0.5,verified-v3-adamw-1e-5,1.0,1563,ArguAna
17,1e-05,0.012944579763028721,adamw,1.0645950024467496,0.9698128664681773,0.5,verified-v3-adamw-1e-5,0.7529828937706236,1563,ClimateFEVER
17,1e-05,0.2959793804584181,adamw,0.9928966367084442,1.0,0.5,verified-v3-adamw-1e-5,1.0,1563,DBPedia
17,1e-05,0.3917838730298272,adamw,0.9893856579696909,1.0,0.5,verified-v3-adamw-1e-5,1.0,1563,FEVER
17,1e-05,0.21602898530484124,adamw,1.0038844760342507,1.0,0.5,verified-v3-adamw-1e-5,0.9769331095982161,1563,FiQA2018
17,1e-05,0.28813313536043034,adamw,0.9620908745539328,1.0,0.5,verified-v3-adamw-1e-5,1.0,1563,HotpotQA
17,1e-05,0.41215769871812874,adamw,0.9647361594657354,1.0,0.5,verified-v3-adamw-1e-5,1.0,1563,MSMARCO
17,1e-05,-0.004430880055759364,adamw,-1.11842535002779,1.0093921474011893,0.5,verified-v3-adamw-1e-5,0.7258109625801404,1563,NFCorpus
17,1e-05,0.40342352860109953,adamw,0.9704241061903693,1.0,0.5,verified-v3-adamw-1e-5,1.0,1563,NQ
17,1e-05,0.4651039726931505,adamw,0.9726110910133617,1.0,0.5,verified-v3-adamw-1e-5,1.0,1563,QuoraRetrieval
17,1e-05,0.07497628871057194,adamw,0.7543765725842232,0.9872751793394375,0.5,verified-v3-adamw-1e-5,0.8474078044455182,1563,SCIDOCS
17,1e-05,0.23731854905230132,adamw,0.8932451865952908,0.9769331095982161,0.5,verified-v3-adamw-1e-5,0.9769331095982161,1563,SciFact
17,1e-05,0.06587099439085703,adamw,0.8369132671802054,0.9746818938298829,0.5,verified-v3-adamw-1e-5,0.8880158835937564,1563,TRECCOVID
17,1e-05,0.2735208167149908,adamw,0.926758806136297,0.9769331095982161,0.5,verified-v3-adamw-1e-5,0.9769331095982161,1563,Touche2020
18,1e-05,0.22688068223434707,adamw,0.9535786300799793,1.0,0.5,verified-v3-adamw-1e-5,1.0,1563,ArguAna
18,1e-05,0.014343171763742047,adamw,1.1796187484221874,0.9341952588675795,0.5,verified-v3-adamw-1e-5,0.7253286419375307,1563,ClimateFEVER
18,1e-05,0.29693067622408087,adamw,0.9960878670055637,1.0,0.5,verified-v3-adamw-1e-5,1.0,1563,DBPedia
18,1e-05,0.37998040754768714,adamw,0.9595779495204956,1.0,0.5,verified-v3-adamw-1e-5,1.0,1563,FEVER
18,1e-05,0.21509475813093426,adamw,0.9995431319518759,1.0,0.5,verified-v3-adamw-1e-5,0.9769331095982161,1563,FiQA2018
18,1e-05,0.31323906842260457,adamw,1.0459208341525221,1.0,0.5,verified-v3-adamw-1e-5,1.0,1563,HotpotQA
18,1e-05,0.4390096677843647,adamw,1.027588474469487,1.0,0.5,verified-v3-adamw-1e-5,1.0,1563,MSMARCO
18,1e-05,-0.021401421557842974,adamw,-5.402062817252381,0.8675840189608586,0.5,verified-v3-adamw-1e-5,0.6238427686824956,1563,NFCorpus
18,1e-05,0.4148387740410374,adamw,0.9978831624120228,1.0,0.5,verified-v3-adamw-1e-5,1.0,1563,NQ
18,1e-05,0.47355906229911415,adamw,0.9902921137718954,1.0,0.5,verified-v3-adamw-1e-5,1.0,1563,QuoraRetrieval
18,1e-05,0.0835456291705963,adamw,0.8405972937844307,0.9783302710321379,0.5,verified-v3-adamw-1e-5,0.8397301222062798,1563,SCIDOCS
18,1e-05,0.278546770215669,adamw,1.048424418278307,0.96875,0.5,verified-v3-adamw-1e-5,0.96875,1563,SciFact
18,1e-05,0.06978931037367948,adamw,0.8866967972658469,1.0,0.5,verified-v3-adamw-1e-5,0.9110827739955403,1563,TRECCOVID
18,1e-05,0.2764881541296288,adamw,0.9368129077320049,1.0,0.5,verified-v3-adamw-1e-5,1.0,1563,Touche2020
19,1e-05,0.2296028401281354,adamw,0.9650198491809464,1.0,0.5,verified-v3-adamw-1e-5,1.0,1563,ArguAna
19,1e-05,0.01435056270420854,adamw,1.1802265980726243,1.0196476046238965,0.5,verified-v3-adamw-1e-5,0.7916756216609542,1563,ClimateFEVER
19,1e-05,0.2980564577421337,adamw,0.9998644296877746,1.0,0.5,verified-v3-adamw-1e-5,1.0,1563,DBPedia
19,1e-05,0.386215577739886,adamw,0.9753238451222066,1.0,0.5,verified-v3-adamw-1e-5,1.0,1563,FEVER
19,1e-05,0.21448363028385561,adamw,0.9967032271229533,1.0,0.5,verified-v3-adamw-1e-5,0.9769331095982161,1563,FiQA2018
19,1e-05,0.3028334358349638,adamw,1.0111759092274277,1.0,0.5,verified-v3-adamw-1e-5,1.0,1563,HotpotQA
19,1e-05,0.43417542079746974,adamw,1.0162729685683456,1.0,0.5,verified-v3-adamw-1e-5,1.0,1563,MSMARCO
19,1e-05,-0.011436344870048444,adamw,-2.8867172781390904,0.9652691759649609,0.5,verified-v3-adamw-1e-5,0.694084010421381,1563,NFCorpus
19,1e-05,0.4218191961497346,adamw,1.0146743741421695,1.0,0.5,verified-v3-adamw-1e-5,1.0,1563,NQ
19,1e-05,0.4784847900715553,adamw,1.000592643855627,1.0,0.5,verified-v3-adamw-1e-5,1.0,1563,QuoraRetrieval
19,1e-05,0.0848456826445308,adamw,0.8536778276533288,0.9968089374117028,0.5,verified-v3-adamw-1e-5,0.8555909140437343,1563,SCIDOCS
19,1e-05,0.2588384274184714,adamw,0.9742440290518121,1.0,0.5,verified-v3-adamw-1e-5,1.0,1563,SciFact
19,1e-05,0.061462444386338015,adamw,0.7809011480080461,0.9403820465580993,0.5,verified-v3-adamw-1e-5,0.8567658835937564,1563,TRECCOVID
19,1e-05,0.2812280340227841,adamw,0.9528728386863179,1.0,0.5,verified-v3-adamw-1e-5,1.0,1563,Touche2020
0,1e-05,0.21062241984896596,adamw,0.8852452161451656,1.0,0.75,verified-v3-adamw-1e-5,1.0,1563,ArguAna
0,1e-05,-0.00890643235020862,adamw,-0.73248753866411,1.003286571969559,0.75,verified-v3-adamw-1e-5,0.7789725753938906,1563,ClimateFEVER
0,1e-05,0.2695826755989825,adamw,0.9043458753867408,1.0,0.75,verified-v3-adamw-1e-5,1.0,1563,DBPedia
0,1e-05,0.3348678890882236,adamw,0.8456537126357168,1.0,0.75,verified-v3-adamw-1e-5,1.0,1563,FEVER
0,1e-05,0.19158688799310827,adamw,0.8903023008537179,1.0,0.75,verified-v3-adamw-1e-5,0.9769331095982161,1563,FiQA2018
0,1e-05,0.23642980281750636,adamw,0.7894508747796971,1.0,0.75,verified-v3-adamw-1e-5,1.0,1563,HotpotQA
0,1e-05,0.3976710066231961,adamw,0.9308272072891902,1.0,0.75,verified-v3-adamw-1e-5,1.0,1563,MSMARCO
0,1e-05,-0.010314328161620302,adamw,-2.6035022251318134,0.9208586868221187,0.75,verified-v3-adamw-1e-5,0.6621503165082564,1563,NFCorpus
0,1e-05,0.3591081756563514,adamw,0.8638247540875313,1.0,0.75,verified-v3-adamw-1e-5,1.0,1563,NQ
0,1e-05,0.4236901097401072,adamw,0.8860076973751579,1.0,0.75,verified-v3-adamw-1e-5,1.0,1563,QuoraRetrieval
0,1e-05,0.048914448557523756,adamw,0.49215444892338406,0.9783240164628167,0.75,verified-v3-adamw-1e-5,0.8397247537224295,1563,SCIDOCS
0,1e-05,0.23392578035625156,adamw,0.8804751173399384,1.0,0.75,verified-v3-adamw-1e-5,1.0,1563,SciFact
0,1e-05,0.043400275477736505,adamw,0.5514151817880403,0.8708999500742486,0.75,verified-v3-adamw-1e-5,0.7934619423862239,1563,TRECCOVID
0,1e-05,0.27994864741108433,adamw,0.9485379481171619,1.0,0.75,verified-v3-adamw-1e-5,1.0,1563,Touche2020
1,1e-05,0.20684731447952692,adamw,0.8693784628758021,1.0,0.75,verified-v3-adamw-1e-5,1.0,1563,ArguAna
1,1e-05,-0.002050619820021615,adamw,-0.1686481641179579,0.9534286286336019,0.75,verified-v3-adamw-1e-5,0.7402618305186652,1563,ClimateFEVER
1,1e-05,0.2606496691345002,adamw,0.8743790849280881,1.0,0.75,verified-v3-adamw-1e-5,1.0,1563,DBPedia
1,1e-05,0.3765257734892797,adamw,0.9508538400657357,1.0,0.75,verified-v3-adamw-1e-5,1.0,1563,FEVER
1,1e-05,0.17746213978550124,adamw,0.8246647409980333,1.0236115350940154,0.75,verified-v3-adamw-1e-5,1.0,1563,FiQA2018
1,1e-05,0.2600931015006763,adamw,0.8684638064109143,0.9769331095982161,0.75,verified-v3-adamw-1e-5,0.9769331095982161,1563,HotpotQA
1,1e-05,0.3999685528286478,adamw,0.936205066078038,1.0,0.75,verified-v3-adamw-1e-5,1.0,1563,MSMARCO
1,1e-05,-0.04762926611079621,adamw,-12.022392380559404,0.8243037933657554,0.75,verified-v3-adamw-1e-5,0.5927217992151335,1563,NFCorpus
1,1e-05,0.38756789337788466,adamw,0.9322838155312615,1.0,0.75,verified-v3-adamw-1e-5,1.0,1563,NQ
1,1e-05,0.47261059191469423,adamw,0.9883087017402955,1.0,0.75,verified-v3-adamw-1e-5,1.0,1563,QuoraRetrieval
1,1e-05,0.05770353897055153,adamw,0.5805861920242912,0.9917673483394005,0.75,verified-v3-adamw-1e-5,0.8512635674071718,1563,SCIDOCS
1,1e-05,0.23698816992110022,adamw,0.8920016699385634,1.0,0.75,verified-v3-adamw-1e-5,1.0,1563,SciFact
1,1e-05,0.06398663434520965,adamw,0.8129718353416497,0.9248642132553909,0.75,verified-v3-adamw-1e-5,0.8426278529819244,1563,TRECCOVID
1,1e-05,0.2886811208792005,adamw,0.9781258119701756,1.0,0.75,verified-v3-adamw-1e-5,1.0,1563,Touche2020
2,1e-05,0.21026638171592893,adamw,0.8837487892488157,1.0,0.75,verified-v3-adamw-1e-5,1.0,1563,ArguAna
2,1e-05,0.003987352613591457,adamw,0.3279299709324238,0.9967272568298853,0.75,verified-v3-adamw-1e-5,0.773879786603604,1563,ClimateFEVER
2,1e-05,0.261746542586238,adamw,0.878058672200142,0.9769331095982161,0.75,verified-v3-adamw-1e-5,0.9769331095982161,1563,DBPedia
2,1e-05,0.37048835971507055,adamw,0.935607345733958,1.0,0.75,verified-v3-adamw-1e-5,1.0,1563,FEVER
2,1e-05,0.19574895494313338,adamw,0.9096433832249073,1.0236115350940154,0.75,verified-v3-adamw-1e-5,1.0,1563,FiQA2018
2,1e-05,0.2747234694310296,adamw,0.9173153328400138,1.0,0.75,verified-v3-adamw-1e-5,1.0,1563,HotpotQA
2,1e-05,0.39681714166131954,adamw,0.928828568402703,1.0,0.75,verified-v3-adamw-1e-5,1.0,1563,MSMARCO
2,1e-05,-0.01637200843712339,adamw,-4.132558100539588,0.9050594668392189,0.75,verified-v3-adamw-1e-5,0.6507897693776612,1563,NFCorpus
2,1e-05,0.3915471489108809,adamw,0.9418558043225479,1.0,0.75,verified-v3-adamw-1e-5,1.0,1563,NQ
2,1e-05,0.48340640806071744,adamw,1.010884579687248,1.0,0.75,verified-v3-adamw-1e-5,1.0,1563,QuoraRetrieval
2,1e-05,0.07131978453749738,adamw,0.7175865269156256,0.9753573315090723,0.75,verified-v3-adamw-1e-5,0.8371783593272861,1563,SCIDOCS
2,1e-05,0.2646959309458829,adamw,0.9962911334699844,0.96875,0.75,verified-v3-adamw-1e-5,0.96875,1563,SciFact
2,1e-05,0.0701412319421406,adamw,0.8911680798444026,0.9609445857873424,0.75,verified-v3-adamw-1e-5,0.8755000588751274,1563,TRECCOVID
2,1e-05,0.26530461621052626,adamw,0.89892020773657,1.0,0.75,verified-v3-adamw-1e-5,1.0,1563,Touche2020
3,1e-05,0.21961055659804896,adamw,0.9230223201443026,1.0,0.75,verified-v3-adamw-1e-5,1.0,1563,ArguAna
3,1e-05,-0.0013311564027476235,adamw,-0.10947767171921967,0.9651767034858094,0.75,verified-v3-adamw-1e-5,0.749383280340902,1563,ClimateFEVER
3,1e-05,0.2709870157254003,adamw,0.9090568947359783,0.9769331095982161,0.75,verified-v3-adamw-1e-5,0.9769331095982161,1563,DBPedia
3,1e-05,0.36339857778896667,adamw,0.9177032689235123,1.0,0.75,verified-v3-adamw-1e-5,1.0,1563,FEVER
3,1e-05,0.2042142803087914,adamw,0.9489816632578906,1.0236115350940154,0.75,verified-v3-adamw-1e-5,1.0,1563,FiQA2018
3,1e-05,0.27998183261166854,adamw,0.9348732691212912,0.9769331095982161,0.75,verified-v3-adamw-1e-5,0.9769331095982161,1563,HotpotQA
3,1e-05,0.41052715329731526,adamw,0.9609195472029961,1.0,0.75,verified-v3-adamw-1e-5,1.0,1563,MSMARCO
3,1e-05,-0.018997662715393698,adamw,-4.795315446319998,0.8714344764875182,0.75,verified-v3-adamw-1e-5,0.6266114689255022,1563,NFCorpus
3,1e-05,0.3830891742217301,adamw,0.9215103808506916,1.0,0.75,verified-v3-adamw-1e-5,1.0,1563,NQ
3,1e-05,0.46280589462248567,adamw,0.9678054209895156,1.0,0.75,verified-v3-adamw-1e-5,1.0,1563,QuoraRetrieval
3,1e-05,0.06226504536583209,adamw,0.6264819494627033,0.9785483940973695,0.75,verified-v3-adamw-1e-5,0.8399173437547144,1563,SCIDOCS
3,1e-05,0.22709998446693355,adamw,0.8547834495492698,0.96875,0.75,verified-v3-adamw-1e-5,0.96875,1563,SciFact
3,1e-05,0.060319762392504125,adamw,0.7663829867194373,0.9088771093294242,0.75,verified-v3-adamw-1e-5,0.8280622779888998,1563,TRECCOVID
3,1e-05,0.28565469670759736,adamw,0.9678715092599743,1.0,0.75,verified-v3-adamw-1e-5,1.0,1563,Touche2020
4,1e-05,0.21037146230122464,adamw,0.8841904425424654,0.9769331095982161,0.75,verified-v3-adamw-1e-5,0.9769331095982161,1563,ArguAna
4,1e-05,0.010108035205906123,adamw,0.8313103987738613,0.9519266257338926,0.75,verified-v3-adamw-1e-5,0.7390956442068732,1563,ClimateFEVER
4,1e-05,0.2647585581711652,adamw,0.8881628224938407,1.0,0.75,verified-v3-adamw-1e-5,1.0,1563,DBPedia
4,1e-05,0.34146901426835535,adamw,0.8623237672992167,1.0,0.75,verified-v3-adamw-1e-5,1.0,1563,FEVER
4,1e-05,0.19699057744236176,adamw,0.9154131902270156,1.0,0.75,verified-v3-adamw-1e-5,0.9769331095982161,1563,FiQA2018
4,1e-05,0.2600285298740847,adamw,0.8682481985370708,1.0,0.75,verified-v3-adamw-1e-5,1.0,1563,HotpotQA
4,1e-05,0.3874412092205176,adamw,0.9068823544111128,1.0,0.75,verified-v3-adamw-1e-5,1.0,1563,MSMARCO
4,1e-05,-0.01489841594680641,adamw,-3.7605996687967,0.9017812599929267,0.75,verified-v3-adamw-1e-5,0.648432550260423,1563,NFCorpus
4,1e-05,0.3987021020359911,adamw,0.9590668455708004,1.0,0.75,verified-v3-adamw-1e-5,1.0,1563,NQ
4,1e-05,0.4447443992856986,adamw,0.9300357786810961,1.0,0.75,verified-v3-adamw-1e-5,1.0,1563,QuoraRetrieval
4,1e-05,0.09004319921088523,adamw,0.9059728238542186,1.0466539274057562,0.75,verified-v3-adamw-1e-5,0.8983743592446263,1563,SCIDOCS
4,1e-05,0.2216440675397591,adamw,0.8342478801505696,0.9769331095982161,0.75,verified-v3-adamw-1e-5,0.9769331095982161,1563,SciFact
4,1e-05,0.031532030505717866,adamw,0.4006251145197399,0.9356264796172252,0.75,verified-v3-adamw-1e-5,0.8524331684733434,1563,TRECCOVID
4,1e-05,0.24286725781715152,adamw,0.8228966723902142,0.9769331095982161,0.75,verified-v3-adamw-1e-5,0.9769331095982161,1563,Touche2020
5,1e-05,0.23195998009435953,adamw,0.9749268993438911,1.0,0.75,verified-v3-adamw-1e-5,1.0,1563,ArguAna
5,1e-05,-0.011246638194331169,adamw,-0.9249519903464427,0.9523931834284064,0.75,verified-v3-adamw-1e-5,0.7394578893111327,1563,ClimateFEVER
5,1e-05,0.26317142001351074,adamw,0.8828385862707429,0.96875,0.75,verified-v3-adamw-1e-5,0.96875,1563,DBPedia
5,1e-05,0.3477323809018217,adamw,0.8781408683703619,1.0,0.75,verified-v3-adamw-1e-5,1.0,1563,FEVER
5,1e-05,0.21939991834928338,adamw,1.0195491672713597,1.0,0.75,verified-v3-adamw-1e-5,0.9769331095982161,1563,FiQA2018
5,1e-05,0.253845679176511,adamw,0.8476033524404077,1.0,0.75,verified-v3-adamw-1e-5,1.0,1563,HotpotQA
5,1e-05,0.4088653903613862,adamw,0.957029864206083,1.0,0.75,verified-v3-adamw-1e-5,1.0,1563,MSMARCO
5,1e-05,-0.02016891628354923,adamw,-5.090958674177844,0.8950602756419574,0.75,verified-v3-adamw-1e-5,0.6435997762648827,1563,NFCorpus
5,1e-05,0.391409516149832,adamw,0.9415247325340815,1.0,0.75,verified-v3-adamw-1e-5,1.0,1563,NQ
5,1e-05,0.4312142796802352,adamw,0.9017420096237998,1.0,0.75,verified-v3-adamw-1e-5,1.0,1563,QuoraRetrieval
5,1e-05,0.07320080504367091,adamw,0.7365124810647505,1.002081158687879,0.75,verified-v3-adamw-1e-5,0.8601162191964322,1563,SCIDOCS
5,1e-05,0.22069125725077418,adamw,0.8306615898762824,1.0,0.75,verified-v3-adamw-1e-5,1.0,1563,SciFact
5,1e-05,0.02028026272138883,adamw,0.25766759846859544,0.8893385953224765,0.75,verified-v3-adamw-1e-5,0.8102610744476991,1563,TRECCOVID
5,1e-05,0.2522873541300077,adamw,0.8548143791206981,1.0,0.75,verified-v3-adamw-1e-5,1.0,1563,Touche2020
6,1e-05,0.20702046140475555,adamw,0.8701061987329762,0.96875,0.75,verified-v3-adamw-1e-5,0.96875,1563,ArguAna
6,1e-05,-0.012469537472183219,adamw,-1.0255263221154347,0.9713330962390012,0.75,verified-v3-adamw-1e-5,0.754163231804496,1563,ClimateFEVER
6,1e-05,0.2750214357933386,adamw,0.9225908176407455,1.0,0.75,verified-v3-adamw-1e-5,1.0,1563,DBPedia
6,1e-05,0.3363598342781441,adamw,0.8494213745406564,1.0,0.75,verified-v3-adamw-1e-5,1.0,1563,FEVER
6,1e-05,0.16850568085262285,adamw,0.7830441683222545,0.9763884649059846,0.75,verified-v3-adamw-1e-5,0.9538662191964322,1563,FiQA2018
6,1e-05,0.2836155867206625,adamw,0.9470065548826208,1.0,0.75,verified-v3-adamw-1e-5,1.0,1563,HotpotQA
6,1e-05,0.4044224471922269,adamw,0.9466302818543032,1.0,0.75,verified-v3-adamw-1e-5,1.0,1563,MSMARCO
6,1e-05,-0.041156206597664086,adamw,-10.388488108581818,0.9213547596393938,0.75,verified-v3-adamw-1e-5,0.662507021372608,1563,NFCorpus
6,1e-05,0.375923539090061,adamw,0.9042736443320042,1.0,0.75,verified-v3-adamw-1e-5,1.0,1563,NQ
6,1e-05,0.43959507127557274,adamw,0.9192676626727249,1.0,0.75,verified-v3-adamw-1e-5,1.0,1563,QuoraRetrieval
6,1e-05,0.06490208963048924,adamw,0.6530146633158024,0.9942129791576922,0.75,verified-v3-adamw-1e-5,0.853362725459134,1563,SCIDOCS
6,1e-05,0.2232779469355044,adamw,0.8403976518879869,0.9538662191964322,0.75,verified-v3-adamw-1e-5,0.9538662191964322,1563,SciFact
6,1e-05,0.030909724258363924,adamw,0.3927185031276409,0.8971004581846491,0.75,verified-v3-adamw-1e-5,0.8173327739955403,1563,TRECCOVID
6,1e-05,0.2732678035156787,adamw,0.9259015324071991,0.9769331095982161,0.75,verified-v3-adamw-1e-5,0.9769331095982161,1563,Touche2020
7,1e-05,0.21046150550545561,adamw,0.8845688937816498,1.0,0.75,verified-v3-adamw-1e-5,1.0,1563,ArguAna
7,1e-05,-0.003611998298164971,adamw,-0.2970598820098646,1.0080610968242185,0.75,verified-v3-adamw-1e-5,0.7826796158609179,1563,ClimateFEVER
7,1e-05,0.2716385940798813,adamw,0.9112426887453926,1.0,0.75,verified-v3-adamw-1e-5,1.0,1563,DBPedia
7,1e-05,0.3832155769627068,adamw,0.9677478371566796,1.0,0.75,verified-v3-adamw-1e-5,1.0,1563,FEVER
7,1e-05,0.1788507177836569,adamw,0.8311174486943832,1.0,0.75,verified-v3-adamw-1e-5,0.9769331095982161,1563,FiQA2018
7,1e-05,0.3169887186291921,adamw,1.0584411027499343,1.0,0.75,verified-v3-adamw-1e-5,1.0,1563,HotpotQA
7,1e-05,0.3765804215314291,adamw,0.8814605446607878,1.0,0.75,verified-v3-adamw-1e-5,1.0,1563,MSMARCO
7,1e-05,-0.04161396897584119,adamw,-10.504034691111581,0.8752239270160453,0.75,verified-v3-adamw-1e-5,0.6293363016308502,1563,NFCorpus
7,1e-05,0.4047648527761505,adamw,0.9736506242821598,1.0,0.75,verified-v3-adamw-1e-5,1.0,1563,NQ
7,1e-05,0.4458000727203038,adamw,0.9322433704267434,1.0,0.75,verified-v3-adamw-1e-5,1.0,1563,QuoraRetrieval
7,1e-05,0.08802247966825363,adamw,0.8856412829238733,1.0168130878374866,0.75,verified-v3-adamw-1e-5,0.8727610744476991,1563,SCIDOCS
7,1e-05,0.24537781300971145,adamw,0.9235795147217913,0.9769331095982161,0.75,verified-v3-adamw-1e-5,0.9769331095982161,1563,SciFact
7,1e-05,0.044805514312569975,adamw,0.5692692165616859,0.9567184116265498,0.75,verified-v3-adamw-1e-5,0.8716496643973242,1563,TRECCOVID
7,1e-05,0.2524021353337381,adamw,0.8552032873310993,0.9769331095982161,0.75,verified-v3-adamw-1e-5,0.9769331095982161,1563,Touche2020
8,1e-05,0.22187554858295683,adamw,0.9325420726981126,1.0,0.75,verified-v3-adamw-1e-5,1.0,1563,ArguAna
8,1e-05,0.016509925315613343,adamw,1.3578180445819732,0.9757162323937353,0.75,verified-v3-adamw-1e-5,0.7575663899391181,1563,ClimateFEVER
8,1e-05,0.3006993554974474,adamw,1.0087303320636463,1.0,0.75,verified-v3-adamw-1e-5,1.0,1563,DBPedia
8,1e-05,0.3656632378434663,adamw,0.9234222949793097,1.0,0.75,verified-v3-adamw-1e-5,1.0,1563,FEVER
8,1e-05,0.17473237146276543,adamw,0.8119795356377547,1.0,0.75,verified-v3-adamw-1e-5,0.9769331095982161,1563,FiQA2018
8,1e-05,0.271677425103479,adamw,0.9071444392794473,1.0,0.75,verified-v3-adamw-1e-5,1.0,1563,HotpotQA
8,1e-05,0.4032868086384982,adamw,0.943972096455188,1.0,0.75,verified-v3-adamw-1e-5,1.0,1563,MSMARCO
8,1e-05,-0.025921693728915746,adamw,-6.543052174114247,0.8638022732961957,0.75,verified-v3-adamw-1e-5,0.6211234762170557,1563,NFCorpus
8,1e-05,0.4107036205872845,adamw,0.9879361654973087,1.0,0.75,verified-v3-adamw-1e-5,1.0,1563,NQ
8,1e-05,0.46435554276405017,adamw,0.9710459974157425,1.0,0.75,verified-v3-adamw-1e-5,1.0,1563,QuoraRetrieval
8,1e-05,0.05787839975381559,adamw,0.5823455599608311,1.0033822650995448,0.75,verified-v3-adamw-1e-5,0.8612329977306574,1563,SCIDOCS
8,1e-05,0.23993680519689065,adamw,0.9031000618579595,1.0,0.75,verified-v3-adamw-1e-5,1.0,1563,SciFact
8,1e-05,0.06924311142939166,adamw,0.8797571549054797,0.9759076644910135,0.75,verified-v3-adamw-1e-5,0.8891326621279816,1563,TRECCOVID
8,1e-05,0.2724910471702259,adamw,0.9232696823271346,0.9456831095982161,0.75,verified-v3-adamw-1e-5,0.9456831095982161,1563,Touche2020
9,1e-05,0.2288459263694842,adamw,0.9618385435803323,1.0,0.75,verified-v3-adamw-1e-5,1.0,1563,ArguAna
9,1e-05,0.012388235269442716,adamw,1.0188398231861562,1.0412842374790379,0.75,verified-v3-adamw-1e-5,0.8084747537224295,1563,ClimateFEVER
9,1e-05,0.2855600154220006,adamw,0.957943686657419,0.96875,0.75,verified-v3-adamw-1e-5,0.96875,1563,DBPedia
9,1e-05,0.36541387292857885,adamw,0.9227925649486106,1.0,0.75,verified-v3-adamw-1e-5,1.0,1563,FEVER
9,1e-05,0.18474264056921397,adamw,0.8584971533671925,1.0236115350940154,0.75,verified-v3-adamw-1e-5,1.0,1563,FiQA2018
9,1e-05,0.24802793460256534,adamw,0.8281776138557873,1.0,0.75,verified-v3-adamw-1e-5,1.0,1563,HotpotQA
9,1e-05,0.4071948971287427,adamw,0.9531197462325834,1.0,0.75,verified-v3-adamw-1e-5,1.0,1563,MSMARCO
9,1e-05,-0.028268530310122525,adamw,-7.135431451315056,0.8377532280687895,0.75,verified-v3-adamw-1e-5,0.6023927156900643,1563,NFCorpus
9,1e-05,0.3881174825890122,adamw,0.9336058371318104,1.0,0.75,verified-v3-adamw-1e-5,1.0,1563,NQ
9,1e-05,0.4465691303936432,adamw,0.9338516001272718,1.0,0.75,verified-v3-adamw-1e-5,1.0,1563,QuoraRetrieval
9,1e-05,0.04248905501147146,adamw,0.4275051251953579,0.9591677139427593,0.75,verified-v3-adamw-1e-5,0.8232823265253058,1563,SCIDOCS
9,1e-05,0.24419553414046735,adamw,0.9191295258212909,0.9769331095982161,0.75,verified-v3-adamw-1e-5,0.9769331095982161,1563,SciFact
9,1e-05,0.04125004583241761,adamw,0.5240957867448504,0.8760085261753247,0.75,verified-v3-adamw-1e-5,0.7981162780715596,1563,TRECCOVID
9,1e-05,0.2666657190653093,adamw,0.9035319739336628,1.0,0.75,verified-v3-adamw-1e-5,1.0,1563,Touche2020
10,1e-05,0.21403129629686155,adamw,0.8995727106734946,1.0,0.75,verified-v3-adamw-1e-5,1.0,1563,ArguAna
10,1e-05,0.014550388214094571,adamw,1.196660753764077,0.9655796258722914,0.75,verified-v3-adamw-1e-5,0.7496961176675948,1563,ClimateFEVER
10,1e-05,0.2449451375894865,adamw,0.8216964401844742,0.9644172848795871,0.75,verified-v3-adamw-1e-5,0.9644172848795871,1563,DBPedia
10,1e-05,0.35787005853067017,adamw,0.9037419038941984,1.0,0.75,verified-v3-adamw-1e-5,1.0,1563,FEVER
10,1e-05,0.1514237071485095,adamw,0.7036644119558277,1.0,0.75,verified-v3-adamw-1e-5,0.9769331095982161,1563,FiQA2018
10,1e-05,0.28359619791722657,adamw,0.9469418147032905,1.0,0.75,verified-v3-adamw-1e-5,1.0,1563,HotpotQA
10,1e-05,0.38715788582664273,adamw,0.9062191802820263,1.0,0.75,verified-v3-adamw-1e-5,1.0,1563,MSMARCO
10,1e-05,-0.02897729591484416,adamw,-7.314335282963146,0.8571273639411673,0.75,verified-v3-adamw-1e-5,0.6163238327914735,1563,NFCorpus
10,1e-05,0.380701781392334,adamw,0.9157675736311286,1.0,0.75,verified-v3-adamw-1e-5,1.0,1563,NQ
10,1e-05,0.44445575249821134,adamw,0.9294321694165485,1.0,0.75,verified-v3-adamw-1e-5,1.0,1563,QuoraRetrieval
10,1e-05,0.06695442601454502,adamw,0.6736643182109717,0.9462516907709492,0.75,verified-v3-adamw-1e-5,0.8121961176675947,1563,SCIDOCS
10,1e-05,0.24191196310987584,adamw,0.910534374538469,0.9644172848795871,0.75,verified-v3-adamw-1e-5,0.9644172848795871,1563,SciFact
10,1e-05,0.04694521821746109,adamw,0.5964548785119969,0.862271218132784,0.75,verified-v3-adamw-1e-5,0.7856004533529304,1563,TRECCOVID
10,1e-05,0.2502212318625107,adamw,0.8478138260039226,0.9769331095982161,0.75,verified-v3-adamw-1e-5,0.9769331095982161,1563,Touche2020
11,1e-05,0.20828181694149206,adamw,0.8754076711761991,1.0,0.75,verified-v3-adamw-1e-5,1.0,1563,ArguAna
11,1e-05,-0.015612165579262764,adamw,-1.2839840116343393,0.9418649669918727,0.75,verified-v3-adamw-1e-5,0.7312835629511465,1563,ClimateFEVER
11,1e-05,0.26668671945147643,adamw,0.8946310597314728,0.9769331095982161,0.75,verified-v3-adamw-1e-5,0.9769331095982161,1563,DBPedia
11,1e-05,0.3600908761007263,adamw,0.9093502129748873,1.0,0.75,verified-v3-adamw-1e-5,1.0,1563,FEVER
11,1e-05,0.2223275246217759,adamw,1.0331537235523076,0.968012139528312,0.75,verified-v3-adamw-1e-5,0.9456831095982161,1563,FiQA2018
11,1e-05,0.23982332219256822,adamw,0.8007820048119473,0.96875,0.75,verified-v3-adamw-1e-5,0.96875,1563,HotpotQA
11,1e-05,0.40993424500460873,adamw,0.9595317287272037,1.0,0.75,verified-v3-adamw-1e-5,1.0,1563,MSMARCO
11,1e-05,0.011132506932093491,adamw,2.810023698571915,0.9841397730189677,0.75,verified-v3-adamw-1e-5,0.7076530541745883,1563,NFCorpus
11,1e-05,0.3773454765456261,adamw,0.907694075433681,1.0,0.75,verified-v3-adamw-1e-5,1.0,1563,NQ
11,1e-05,0.4490138555929952,adamw,0.9389639341062772,1.0,0.75,verified-v3-adamw-1e-5,1.0,1563,QuoraRetrieval
11,1e-05,0.07251411855666479,adamw,0.7296033607626338,1.0414557563284141,0.75,verified-v3-adamw-1e-5,0.8939126135915756,1563,SCIDOCS
11,1e-05,0.22952695507412996,adamw,0.8639183436464382,0.96875,0.75,verified-v3-adamw-1e-5,0.96875,1563,SciFact
11,1e-05,0.06983863910234264,adamw,0.8873235354508874,0.9500021877879103,0.75,verified-v3-adamw-1e-5,0.8655306285516415,1563,TRECCOVID
11,1e-05,0.26574657372977495,adamw,0.9004176733694277,1.0,0.75,verified-v3-adamw-1e-5,1.0,1563,Touche2020
12,1e-05,0.21435928963635004,adamw,0.9009512654110097,1.0,0.75,verified-v3-adamw-1e-5,1.0,1563,ArguAna
12,1e-05,-0.005741776379893796,adamw,-0.47221822192020757,0.9495961531184347,0.75,verified-v3-adamw-1e-5,0.7372862167652356,1563,ClimateFEVER
12,1e-05,0.27035732080348285,adamw,0.9069445112004906,1.0,0.75,verified-v3-adamw-1e-5,1.0,1563,DBPedia
12,1e-05,0.3950563702734324,adamw,0.9976498108903544,1.0,0.75,verified-v3-adamw-1e-5,1.0,1563,FEVER
12,1e-05,0.1866673120842282,adamw,0.8674410821305556,0.9763884649059846,0.75,verified-v3-adamw-1e-5,0.9538662191964322,1563,FiQA2018
12,1e-05,0.25821132668662705,adamw,0.8621804666822241,0.9769331095982161,0.75,verified-v3-adamw-1e-5,0.9769331095982161,1563,HotpotQA
12,1e-05,0.37778936820836284,adamw,0.88429032214094,1.0,0.75,verified-v3-adamw-1e-5,1.0,1563,MSMARCO
12,1e-05,-0.03924329661992296,adamw,-9.905638881226663,0.8216814223814674,0.75,verified-v3-adamw-1e-5,0.5908361637728043,1563,NFCorpus
12,1e-05,0.41334465577254764,adamw,0.9942891023673109,1.0,0.75,verified-v3-adamw-1e-5,1.0,1563,NQ
12,1e-05,0.4534889087840403,adamw,0.9483220273972943,1.0,0.75,verified-v3-adamw-1e-5,1.0,1563,QuoraRetrieval
12,1e-05,0.07137754643461885,adamw,0.7181677002802432,0.9977455716929559,0.75,verified-v3-adamw-1e-5,0.8563948552512669,1563,SCIDOCS
12,1e-05,0.26321763574620477,adamw,0.9907269663336499,1.0,0.75,verified-v3-adamw-1e-5,1.0,1563,SciFact
12,1e-05,0.07244654476375835,adamw,0.9204578591054293,0.9684950627713249,0.75,verified-v3-adamw-1e-5,0.8823791683906836,1563,TRECCOVID
12,1e-05,0.24982685762395457,adamw,0.8464775847522155,0.9769331095982161,0.75,verified-v3-adamw-1e-5,0.9769331095982161,1563,Touche2020
13,1e-05,0.19436498434140267,adamw,0.8169152775746227,1.0,0.75,verified-v3-adamw-1e-5,1.0,1563,ArguAna
13,1e-05,-0.011413471885350522,adamw,-0.9386728153519963,1.03064655561145,0.75,verified-v3-adamw-1e-5,0.8002154361235219,1563,ClimateFEVER
13,1e-05,0.24416095981873767,adamw,0.8190658262884922,0.9538662191964322,0.75,verified-v3-adamw-1e-5,0.9538662191964322,1563,DBPedia
13,1e-05,0.33263348180731217,adamw,0.840011084978022,1.0,0.75,verified-v3-adamw-1e-5,1.0,1563,FEVER
13,1e-05,0.19438501436154387,adamw,0.9033051653503075,1.0,0.75,verified-v3-adamw-1e-5,0.9769331095982161,1563,FiQA2018
13,1e-05,0.26986680158654197,adamw,0.9010986772718297,0.9769331095982161,0.75,verified-v3-adamw-1e-5,0.9769331095982161,1563,HotpotQA
13,1e-05,0.4207800324144487,adamw,0.9849184273736037,1.0,0.75,verified-v3-adamw-1e-5,1.0,1563,MSMARCO
13,1e-05,-0.05265189405123995,adamw,-13.290184408702542,0.8769761663620479,0.75,verified-v3-adamw-1e-5,0.6305962624197936,1563,NFCorpus
13,1e-05,0.3961541086064722,adamw,0.9529377180630573,1.0,0.75,verified-v3-adamw-1e-5,1.0,1563,NQ
13,1e-05,0.5066418147470126,adamw,1.0594737459255814,1.0,0.75,verified-v3-adamw-1e-5,1.0,1563,QuoraRetrieval
13,1e-05,0.058129624489935805,adamw,0.584873266501686,0.9970333150462557,0.75,verified-v3-adamw-1e-5,0.8557835040760193,1563,SCIDOCS
13,1e-05,0.2344241929606839,adamw,0.8823510965317272,0.9769331095982161,0.75,verified-v3-adamw-1e-5,0.9769331095982161,1563,SciFact
13,1e-05,0.05943489372163596,adamw,0.7551404309145644,0.9759076644910135,0.75,verified-v3-adamw-1e-5,0.8891326621279816,1563,TRECCOVID
13,1e-05,0.288138419258823,adamw,0.9762869994372583,1.0,0.75,verified-v3-adamw-1e-5,1.0,1563,Touche2020
14,1e-05,0.2339121602125884,adamw,0.9831319048316974,1.0,0.75,verified-v3-adamw-1e-5,1.0,1563,ArguAna
14,1e-05,0.010962362253550966,adamw,0.9015724174741874,0.9627028906889366,0.75,verified-v3-adamw-1e-5,0.7474625605991442,1563,ClimateFEVER
14,1e-05,0.2595267832515301,adamw,0.8706122359844839,1.0,0.75,verified-v3-adamw-1e-5,1.0,1563,DBPedia
14,1e-05,0.35161638593047556,adamw,0.8879492835078061,1.0,0.75,verified-v3-adamw-1e-5,1.0,1563,FEVER
14,1e-05,0.18740871101066742,adamw,0.8708863553273468,1.0,0.75,verified-v3-adamw-1e-5,0.9769331095982161,1563,FiQA2018
14,1e-05,0.23868439756893123,adamw,0.7969790788283209,0.9769331095982161,0.75,verified-v3-adamw-1e-5,0.9769331095982161,1563,HotpotQA
14,1e-05,0.39825416374342104,adamw,0.9321922012278712,1.0,0.75,verified-v3-adamw-1e-5,1.0,1563,MSMARCO
14,1e-05,-0.037059158594877545,adamw,-9.354327334890577,0.7772831481708257,0.75,verified-v3-adamw-1e-5,0.5589112530979099,1563,NFCorpus
14,1e-05,0.38117773849475667,adamw,0.9169124752369052,1.0,0.75,verified-v3-adamw-1e-5,1.0,1563,NQ
14,1e-05,0.4426682575368103,adamw,0.9256942150522323,1.0,0.75,verified-v3-adamw-1e-5,1.0,1563,QuoraRetrieval
14,1e-05,0.07093858337753498,adamw,0.7137510580032118,0.9111448844958243,0.75,verified-v3-adamw-1e-5,0.78206289620182,1563,SCIDOCS
14,1e-05,0.21873625935320987,adamw,0.8233031576392035,1.0,0.75,verified-v3-adamw-1e-5,1.0,1563,SciFact
14,1e-05,0.055931960361343014,adamw,0.710634477567605,0.9266447385155588,0.75,verified-v3-adamw-1e-5,0.8442500588751274,1563,TRECCOVID
14,1e-05,0.27154659238335066,adamw,0.9200696268386843,0.9769331095982161,0.75,verified-v3-adamw-1e-5,0.9769331095982161,1563,Touche2020
15,1e-05,0.20800098992394916,adamw,0.8742273563074286,1.0,0.75,verified-v3-adamw-1e-5,1.0,1563,ArguAna
15,1e-05,-0.024386244435896983,adamw,-2.0055864640001584,0.8547148926539758,0.75,verified-v3-adamw-1e-5,0.6636184314229829,1563,ClimateFEVER
15,1e-05,0.2745272241789819,adamw,0.9209329283345479,0.9769331095982161,0.75,verified-v3-adamw-1e-5,0.9769331095982161,1563,DBPedia
15,1e-05,0.34522899220930336,adamw,0.8718189724496674,1.0,0.75,verified-v3-adamw-1e-5,1.0,1563,FEVER
15,1e-05,0.2241695360721725,adamw,1.041713531844334,1.0,0.75,verified-v3-adamw-1e-5,0.9769331095982161,1563,FiQA2018
15,1e-05,0.2671031813362458,adamw,0.8918708117567565,1.0,0.75,verified-v3-adamw-1e-5,1.0,1563,HotpotQA
15,1e-05,0.4228161007410423,adamw,0.989684245757967,1.0,0.75,verified-v3-adamw-1e-5,1.0,1563,MSMARCO
15,1e-05,-0.002941121245039157,adamw,-0.7423862791504401,1.0049197140762662,0.75,verified-v3-adamw-1e-5,0.7225950259939529,1563,NFCorpus
15,1e-05,0.40902553101291084,adamw,0.9838995675800635,1.0,0.75,verified-v3-adamw-1e-5,1.0,1563,NQ
15,1e-05,0.45708932086033605,adamw,0.9558510981496828,1.0,0.75,verified-v3-adamw-1e-5,1.0,1563,QuoraRetrieval
15,1e-05,0.06268030475563226,adamw,0.6306600964555499,1.0054225487118948,0.75,verified-v3-adamw-1e-5,0.8629842341564983,1563,SCIDOCS
15,1e-05,0.2288075197619906,adamw,0.8612104553157476,0.9644172848795871,0.75,verified-v3-adamw-1e-5,0.9644172848795871,1563,SciFact
15,1e-05,0.05754506694170891,adamw,0.7311295423676484,0.9493637876597658,0.75,verified-v3-adamw-1e-5,0.8649489931919725,1563,TRECCOVID
15,1e-05,0.30079484427310477,adamw,1.0191702193583638,1.0,0.75,verified-v3-adamw-1e-5,1.0,1563,Touche2020
16,1e-05,0.22658695101423998,adamw,0.9523440788977322,1.0,0.75,verified-v3-adamw-1e-5,1.0,1563,ArguAna
16,1e-05,-0.007116912959844906,adamw,-0.5853129347264837,1.055735946775514,0.75,verified-v3-adamw-1e-5,0.8196953615966287,1563,ClimateFEVER
16,1e-05,0.2693547450663993,adamw,0.9035812563823543,1.0,0.75,verified-v3-adamw-1e-5,1.0,1563,DBPedia
16,1e-05,0.3691762379086333,adamw,0.9322937981732612,1.0,0.75,verified-v3-adamw-1e-5,1.0,1563,FEVER
16,1e-05,0.20694069399797024,adamw,0.961651279670483,1.0236115350940154,0.75,verified-v3-adamw-1e-5,1.0,1563,FiQA2018
16,1e-05,0.2699557873658823,adamw,0.9013958052163867,0.9769331095982161,0.75,verified-v3-adamw-1e-5,0.9769331095982161,1563,HotpotQA
16,1e-05,0.4343810524870644,adamw,1.0167542899827,1.0,0.75,verified-v3-adamw-1e-5,1.0,1563,MSMARCO
16,1e-05,-0.020386178446281617,adamw,-5.145799136420986,0.8666942063892773,0.75,verified-v3-adamw-1e-5,0.6232029423070298,1563,NFCorpus
16,1e-05,0.3723672089149816,adamw,0.8957189907563033,1.0,0.75,verified-v3-adamw-1e-5,1.0,1563,NQ
16,1e-05,0.4241390855489998,adamw,0.8869465817471772,1.0,0.75,verified-v3-adamw-1e-5,1.0,1563,QuoraRetrieval
16,1e-05,0.057835599502757774,adamw,0.5819149237256425,1.014581601713889,0.75,verified-v3-adamw-1e-5,0.8708457231897917,1563,SCIDOCS
16,1e-05,0.22790849596355434,adamw,0.8578266124438159,1.0,0.75,verified-v3-adamw-1e-5,1.0,1563,SciFact
16,1e-05,0.04280169838232577,adamw,0.5438100572986949,0.9314003054564327,0.75,verified-v3-adamw-1e-5,0.8485827739955403,1563,TRECCOVID
16,1e-05,0.27147032312198294,adamw,0.9198112069843605,1.0,0.75,verified-v3-adamw-1e-5,1.0,1563,Touche2020
17,1e-05,0.23931960278348524,adamw,1.0058593650465157,1.0,0.75,verified-v3-adamw-1e-5,1.0,1563,ArguAna
17,1e-05,-0.01283474891036173,adamw,-1.0555622351414953,0.9682196250085282,0.75,verified-v3-adamw-1e-5,0.7517458679419904,1563,ClimateFEVER
17,1e-05,0.2501290905019317,adamw,0.8390866023087743,0.9769331095982161,0.75,verified-v3-adamw-1e-5,0.9769331095982161,1563,DBPedia
17,1e-05,0.3582942451327708,adamw,0.9048131173088182,1.0,0.75,verified-v3-adamw-1e-5,1.0,1563,FEVER
17,1e-05,0.20433289587049802,adamw,0.9495328685549266,1.0,0.75,verified-v3-adamw-1e-5,0.9769331095982161,1563,FiQA2018
17,1e-05,0.2775111721150164,adamw,0.9266236107993614,1.0,0.75,verified-v3-adamw-1e-5,1.0,1563,HotpotQA
17,1e-05,0.3925214543949711,adamw,0.9187736674546145,1.0,0.75,verified-v3-adamw-1e-5,1.0,1563,MSMARCO
17,1e-05,-0.028716405982396317,adamw,-7.248482470351477,0.8890197958801614,0.75,verified-v3-adamw-1e-5,0.6392563241767693,1563,NFCorpus
17,1e-05,0.3901821684006726,adamw,0.9385723815728156,1.0,0.75,verified-v3-adamw-1e-5,1.0,1563,NQ
17,1e-05,0.47246342857019014,adamw,0.988000958290532,1.0,0.75,verified-v3-adamw-1e-5,1.0,1563,QuoraRetrieval
17,1e-05,0.08420612244097393,adamw,0.8472428701138466,0.9824517133323669,0.75,verified-v3-adamw-1e-5,0.8432676793573902,1563,SCIDOCS
17,1e-05,0.25197054543850755,adamw,0.9483939530876477,0.9769331095982161,0.75,verified-v3-adamw-1e-5,0.9769331095982161,1563,SciFact
17,1e-05,0.040082161745076325,adamw,0.5092574243326345,0.8476841240839088,0.75,verified-v3-adamw-1e-5,0.7723104032423475,1563,TRECCOVID
17,1e-05,0.2933478457087444,adamw,0.9939378747723325,0.9769331095982161,0.75,verified-v3-adamw-1e-5,0.9769331095982161,1563,Touche2020
18,1e-05,0.21447689735687925,adamw,0.9014455702056031,1.0,0.75,verified-v3-adamw-1e-5,1.0,1563,ArguAna
18,1e-05,-0.020803728791378373,adamw,-1.710951310046776,0.9249209968122448,0.75,verified-v3-adamw-1e-5,0.7181279118570516,1563,ClimateFEVER
18,1e-05,0.25567896589802497,adamw,0.8577042931979073,0.9769331095982161,0.75,verified-v3-adamw-1e-5,0.9769331095982161,1563,DBPedia
18,1e-05,0.37492541747411834,adamw,0.946812404473195,1.0,0.75,verified-v3-adamw-1e-5,1.0,1563,FEVER
18,1e-05,0.17953527012006887,adamw,0.8342985563711479,1.0,0.75,verified-v3-adamw-1e-5,0.9769331095982161,1563,FiQA2018
18,1e-05,0.293061122581499,adamw,0.9785456690688982,0.96875,0.75,verified-v3-adamw-1e-5,0.96875,1563,HotpotQA
18,1e-05,0.39139392690202174,adamw,0.9161344675885849,1.0,0.75,verified-v3-adamw-1e-5,1.0,1563,MSMARCO
18,1e-05,-0.037929263752269786,adamw,-9.573955863077089,0.927599352106384,0.75,verified-v3-adamw-1e-5,0.666997242225877,1563,NFCorpus
18,1e-05,0.3793281528024822,adamw,0.9124633481657306,1.0,0.75,verified-v3-adamw-1e-5,1.0,1563,NQ
18,1e-05,0.4558243014240058,adamw,0.9532057284982522,1.0,0.75,verified-v3-adamw-1e-5,1.0,1563,QuoraRetrieval
18,1e-05,0.08232937018362542,adamw,0.8283598611007764,1.0156685634308604,0.75,verified-v3-adamw-1e-5,0.871778694929962,1563,SCIDOCS
18,1e-05,0.2565192063507265,adamw,0.9655146943087576,0.96875,0.75,verified-v3-adamw-1e-5,0.96875,1563,SciFact
18,1e-05,0.02781860341823532,adamw,0.3534447671610873,0.9176629974138922,0.75,verified-v3-adamw-1e-5,0.8360669492769113,1563,TRECCOVID
18,1e-05,0.2674686152181105,adamw,0.9062523923974495,1.0,0.75,verified-v3-adamw-1e-5,1.0,1563,Touche2020
19,1e-05,0.2216920669148729,adamw,0.9317708999566822,1.0,0.75,verified-v3-adamw-1e-5,1.0,1563,ArguAna
19,1e-05,-0.04463714921278258,adamw,-3.6710721278973018,0.9616489973974623,0.75,verified-v3-adamw-1e-5,0.7466442959134738,1563,ClimateFEVER
19,1e-05,0.2742663757015636,adamw,0.920057882324525,1.0,0.75,verified-v3-adamw-1e-5,1.0,1563,DBPedia
19,1e-05,0.36775381526928885,adamw,0.9287017040218216,1.0,0.75,verified-v3-adamw-1e-5,1.0,1563,FEVER
19,1e-05,0.1810910753065028,adamw,0.8415283670939575,1.0,0.75,verified-v3-adamw-1e-5,0.9769331095982161,1563,FiQA2018
19,1e-05,0.24492134762645046,adamw,0.8178045653794658,0.9769331095982161,0.75,verified-v3-adamw-1e-5,0.9769331095982161,1563,HotpotQA
19,1e-05,0.4112888672953123,adamw,0.9627024886337262,1.0,0.75,verified-v3-adamw-1e-5,1.0,1563,MSMARCO
19,1e-05,-0.020572957733565378,adamw,-5.192945230905478,0.9494042000528241,0.75,verified-v3-adamw-1e-5,0.6826761809987473,1563,NFCorpus
19,1e-05,0.3667459614902482,adamw,0.8821972360219242,1.0,0.75,verified-v3-adamw-1e-5,1.0,1563,NQ
19,1e-05,0.4524182245709836,adamw,0.9460830455744517,1.0,0.75,verified-v3-adamw-1e-5,1.0,1563,QuoraRetrieval
19,1e-05,0.05301584183676214,adamw,0.533420762020788,0.9848973441506588,0.75,verified-v3-adamw-1e-5,0.8453668374093526,1563,SCIDOCS
19,1e-05,0.2694026980796971,adamw,1.0140069719642517,1.0,0.75,verified-v3-adamw-1e-5,1.0,1563,SciFact
19,1e-05,0.05727330192112603,adamw,0.7276766758459782,0.9345482246597433,0.75,verified-v3-adamw-1e-5,0.8514507889556063,1563,TRECCOVID
19,1e-05,0.256965992988345,adamw,0.8706668097136269,1.0,0.75,verified-v3-adamw-1e-5,1.0,1563,Touche2020
