if test "no-framework" = "no-framework" ; then \
	/usr/bin/install -c python /tmp/ci-python-runtime.rXB7OKBE/install/bin/python3.12; \
else \
	/usr/bin/install -c -s Mac/pythonw /tmp/ci-python-runtime.rXB7OKBE/install/bin/python3.12; \
fi
if test "3.12" != "3.12"; then \
	if test -f /tmp/ci-python-runtime.rXB7OKBE/install/bin/python3.12 -o -h /tmp/ci-python-runtime.rXB7OKBE/install/bin/python3.12; \
	then rm -f /tmp/ci-python-runtime.rXB7OKBE/install/bin/python3.12; \
	fi; \
	(cd /tmp/ci-python-runtime.rXB7OKBE/install/bin; ln python3.12 python3.12); \
fi
if test "x" != "x" ; then \
	rm -f /tmp/ci-python-runtime.rXB7OKBE/install/bin/python3.12-32; \
	lipo  \
		-output /tmp/ci-python-runtime.rXB7OKBE/install/bin/python3.12-32 \
		/tmp/ci-python-runtime.rXB7OKBE/install/bin/python3.12; \
fi
if test "x" != "x" ; then \
	rm -f /tmp/ci-python-runtime.rXB7OKBE/install/bin/python3.12-intel64; \
	lipo  \
		-output /tmp/ci-python-runtime.rXB7OKBE/install/bin/python3.12-intel64 \
		/tmp/ci-python-runtime.rXB7OKBE/install/bin/python3.12; \
fi
# Install macOS debug information (if available)
if test -d "python.dSYM"; then \
	echo  /tmp/ci-python-runtime.rXB7OKBE/install/bin/python3.12; \
	 /tmp/ci-python-runtime.rXB7OKBE/install/bin/python3.12; \
fi
if test "no-framework" = "no-framework" ; then \
	if test -d "libpython3.12.a.dSYM"; then \
		echo  /tmp/ci-python-runtime.rXB7OKBE/install/lib/libpython3.12.a; \
		 /tmp/ci-python-runtime.rXB7OKBE/install/lib/libpython3.12.a; \
	fi \
else \
	if test -d "libpython3.12.a.dSYM"; then \
		echo  /libpython3.12.a; \
       /libpython3.12.a; \
	fi \
fi
The necessary bits to build these optional modules were not found:
_curses               _curses_panel         _dbm               
_gdbm                 _tkinter              nis                
readline                                                       
To find the necessary bits, look in configure.ac and config.log.

Checked 111 modules (31 built-in, 72 shared, 1 n/a on linux-x86_64, 0 disabled, 7 missing, 0 failed on import)
/usr/bin/install -c -m 644 ./Lib/__future__.py /tmp/ci-python-runtime.rXB7OKBE/install/lib/python3.12
/usr/bin/install -c -m 644 ./Lib/__hello__.py /tmp/ci-python-runtime.rXB7OKBE/install/lib/python3.12
/usr/bin/install -c -m 644 ./Lib/_aix_support.py /tmp/ci-python-runtime.rXB7OKBE/install/lib/python3.12
/usr/bin/install -c -m 644 ./Lib/_collections_abc.py /tmp/ci-python-runtime.rXB7OKBE/install/lib/python3.12
/usr/bin/install -c -m 644 ./Lib/_compat_pickle.py /tmp/ci-python-runtime.rXB7OKBE/install/lib/python3.12
/usr/bin/install -c -m 644 ./Lib/_compression.py /tmp/ci-python-runtime.rXB7OKBE/install/lib/python3.12
/usr/bin/install -c -m 644 ./Lib/_markupbase.py /tmp/ci-python-runtime.rXB7OKBE/install/lib/python3.12
/usr/bin/install -c -m 644 ./Lib/_osx_support.py /tmp/ci-python-runtime.rXB7OKBE/install/lib/python3.12
/usr/bin/install -c -m 644 ./Lib/_py_abc.py /tmp/ci-python-runtime.rXB7OKBE/install/lib/python3.12
/usr/bin/install -c -m 644 ./Lib/_pydatetime.py /tmp/ci-python-runtime.rXB7OKBE/install/lib/python3.12
/usr/bin/install -c -m 644 ./Lib/_pydecimal.py /tmp/ci-python-runtime.rXB7OKBE/install/lib/python3.12
/usr/bin/install -c -m 644 ./Lib/_pyio.py /tmp/ci-python-runtime.rXB7OKBE/install/lib/python3.12
/usr/bin/install -c -m 644 ./Lib/_pylong.py /tmp/ci-python-runtime.rXB7OKBE/install/lib/python3.12
/usr/bin/install -c -m 644 ./Lib/_sitebuiltins.py /tmp/ci-python-runtime.rXB7OKBE/install/lib/python3.12
/usr/bin/install -c -m 644 ./Lib/_strptime.py /tmp/ci-python-runtime.rXB7OKBE/install/lib/python3.12
/usr/bin/install -c -m 644 ./Lib/_threading_local.py /tmp/ci-python-runtime.rXB7OKBE/install/lib/python3.12
/usr/bin/install -c -m 644 ./Lib/_weakrefset.py /tmp/ci-python-runtime.rXB7OKBE/install/lib/python3.12
/usr/bin/install -c -m 644 ./Lib/abc.py /tmp/ci-python-runtime.rXB7OKBE/install/lib/python3.12
/usr/bin/install -c -m 644 ./Lib/aifc.py /tmp/ci-python-runtime.rXB7OKBE/install/lib/python3.12
/usr/bin/install -c -m 644 ./Lib/antigravity.py /tmp/ci-python-runtime.rXB7OKBE/install/lib/python3.12
/usr/bin/install -c -m 644 ./Lib/argparse.py /tmp/ci-python-runtime.rXB7OKBE/install/lib/python3.12
/usr/bin/install -c -m 644 ./Lib/ast.py /tmp/ci-python-runtime.rXB7OKBE/install/lib/python3.12
/usr/bin/install -c ./Lib/base64.py /tmp/ci-python-runtime.rXB7OKBE/install/lib/python3.12
/usr/bin/install -c -m 644 ./Lib/bdb.py /tmp/ci-python-runtime.rXB7OKBE/install/lib/python3.12
/usr/bin/install -c -m 644 ./Lib/bisect.py /tmp/ci-python-runtime.rXB7OKBE/install/lib/python3.12
/usr/bin/install -c -m 644 ./Lib/bz2.py /tmp/ci-python-runtime.rXB7OKBE/install/lib/python3.12
/usr/bin/install -c ./Lib/cProfile.py /tmp/ci-python-runtime.rXB7OKBE/install/lib/python3.12
/usr/bin/install -c -m 644 ./Lib/calendar.py /tmp/ci-python-runtime.rXB7OKBE/install/lib/python3.12
/usr/bin/install -c ./Lib/cgi.py /tmp/ci-python-runtime.rXB7OKBE/install/lib/python3.12
/usr/bin/install -c -m 644 ./Lib/cgitb.py /tmp/ci-python-runtime.rXB7OKBE/install/lib/python3.12
/usr/bin/install -c -m 644 ./Lib/chunk.py /tmp/ci-python-runtime.rXB7OKBE/install/lib/python3.12
/usr/bin/install -c -m 644 ./Lib/cmd.py /tmp/ci-python-runtime.rXB7OKBE/install/lib/python3.12
/usr/bin/install -c -m 644 ./Lib/code.py /tmp/ci-python-runtime.rXB7OKBE/install/lib/python3.12
/usr/bin/install -c -m 644 ./Lib/codecs.py /tmp/ci-python-runtime.rXB7OKBE/install/lib/python3.12
/usr/bin/install -c -m 644 ./Lib/codeop.py /tmp/ci-python-runtime.rXB7OKBE/install/lib/python3.12
/usr/bin/install -c -m 644 ./Lib/colorsys.py /tmp/ci-python-runtime.rXB7OKBE/install/lib/python3.12
/usr/bin/install -c -m 644 ./Lib/compileall.py /tmp/ci-python-runtime.rXB7OKBE/install/lib/python3.12
/usr/bin/install -c -m 644 ./Lib/configparser.py /tmp/ci-python-runtime.rXB7OKBE/install/lib/python3.12
/usr/bin/install -c -m 644 ./Lib/contextlib.py /tmp/ci-python-runtime.rXB7OKBE/install/lib/python3.12
/usr/bin/install -c -m 644 ./Lib/contextvars.py /tmp/ci-python-runtime.rXB7OKBE/install/lib/python3.12
/usr/bin/install -c -m 644 ./Lib/copy.py /tmp/ci-python-runtime.rXB7OKBE/install/lib/python3.12
/usr/bin/install -c -m 644 ./Lib/copyreg.py /tmp/ci-python-runtime.rXB7OKBE/install/lib/python3.12
/usr/bin/install -c -m 644 ./Lib/crypt.py /tmp/ci-python-runtime.rXB7OKBE/install/lib/python3.12
/usr/bin/install -c -m 644 ./Lib/csv.py /tmp/ci-python-runtime.rXB7OKBE/install/lib/python3.12
/usr/bin/install -c -m 644 ./Lib/dataclasses.py /tmp/ci-python-runtime.rXB7OKBE/install/lib/python3.12
/usr/bin/install -c -m 644 ./Lib/datetime.py /tmp/ci-python-runtime.rXB7OKBE/install/lib/python3.12
/usr/bin/install -c -m 644 ./Lib/decimal.py /tmp/ci-python-runtime.rXB7OKBE/install/lib/python3.12
/usr/bin/install -c -m 644 ./Lib/difflib.py /tmp/ci-python-runtime.rXB7OKBE/install/lib/python3.12
/usr/bin/install -c -m 644 ./Lib/dis.py /tmp/ci-python-runtime.rXB7OKBE/install/lib/python3.12
/usr/bin/install -c -m 644 ./Lib/doctest.py /tmp/ci-python-runtime.rXB7OKBE/install/lib/python3.12
/usr/bin/install -c -m 644 ./Lib/enum.py /tmp/ci-python-runtime.rXB7OKBE/install/lib/python3.12
/usr/bin/install -c -m 644 ./Lib/filecmp.py /tmp/ci-python-runtime.rXB7OKBE/install/lib/python3.12
/usr/bin/install -c -m 644 ./Lib/fileinput.py /tmp/ci-python-runtime.rXB7OKBE/install/lib/python3.12
/usr/bin/install -c -m 644 ./Lib/fnmatch.py /tmp/ci-python-runtime.rXB7OKBE/install/lib/python3.12
/usr/bin/install -c -m 644 ./Lib/fractions.py /tmp/ci-python-runtime.rXB7OKBE/install/lib/python3.12
/usr/bin/install -c -m 644 ./Lib/ftplib.py /tmp/ci-python-runtime.rXB7OKBE/install/lib/python3.12
/usr/bin/install -c -m 644 ./Lib/functools.py /tmp/ci-python-runtime.rXB7OKBE/install/lib/python3.12
/usr/bin/install -c -m 644 ./Lib/genericpath.py /tmp/ci-python-runtime.rXB7OKBE/install/lib/python3.12
/usr/bin/install -c -m 644 ./Lib/getopt.py /tmp/ci-python-runtime.rXB7OKBE/install/lib/python3.12
/usr/bin/install -c -m 644 ./Lib/getpass.py /tmp/ci-python-runtime.rXB7OKBE/install/lib/python3.12
/usr/bin/install -c -m 644 ./Lib/gettext.py /tmp/ci-python-runtime.rXB7OKBE/install/lib/python3.12
/usr/bin/install -c -m 644 ./Lib/glob.py /tmp/ci-python-runtime.rXB7OKBE/install/lib/python3.12
/usr/bin/install -c -m 644 ./Lib/graphlib.py /tmp/ci-python-runtime.rXB7OKBE/install/lib/python3.12
/usr/bin/install -c -m 644 ./Lib/gzip.py /tmp/ci-python-runtime.rXB7OKBE/install/lib/python3.12
/usr/bin/install -c -m 644 ./Lib/hashlib.py /tmp/ci-python-runtime.rXB7OKBE/install/lib/python3.12
/usr/bin/install -c -m 644 ./Lib/heapq.py /tmp/ci-python-runtime.rXB7OKBE/install/lib/python3.12
/usr/bin/install -c -m 644 ./Lib/hmac.py /tmp/ci-python-runtime.rXB7OKBE/install/lib/python3.12
/usr/bin/install -c -m 644 ./Lib/imaplib.py /tmp/ci-python-runtime.rXB7OKBE/install/lib/python3.12
/usr/bin/install -c -m 644 ./Lib/imghdr.py /tmp/ci-python-runtime.rXB7OKBE/install/lib/python3.12
/usr/bin/install -c -m 644 ./Lib/inspect.py /tmp/ci-python-runtime.rXB7OKBE/install/lib/python3.12
/usr/bin/install -c -m 644 ./Lib/io.py /tmp/ci-python-runtime.rXB7OKBE/install/lib/python3.12
/usr/bin/install -c -m 644 ./Lib/ipaddress.py /tmp/ci-python-runtime.rXB7OKBE/install/lib/python3.12
/usr/bin/install -c -m 644 ./Lib/keyword.py /tmp/ci-python-runtime.rXB7OKBE/install/lib/python3.12
/usr/bin/install -c -m 644 ./Lib/linecache.py /tmp/ci-python-runtime.rXB7OKBE/install/lib/python3.12
/usr/bin/install -c -m 644 ./Lib/locale.py /tmp/ci-python-runtime.rXB7OKBE/install/lib/python3.12
/usr/bin/install -c -m 644 ./Lib/lzma.py /tmp/ci-python-runtime.rXB7OKBE/install/lib/python3.12
/usr/bin/install -c -m 644 ./Lib/mailbox.py /tmp/ci-python-runtime.rXB7OKBE/install/lib/python3.12
/usr/bin/install -c -m 644 ./Lib/mailcap.py /tmp/ci-python-runtime.rXB7OKBE/install/lib/python3.12
/usr/bin/install -c -m 644 ./Lib/mimetypes.py /tmp/ci-python-runtime.rXB7OKBE/install/lib/python3.12
/usr/bin/install -c -m 644 ./Lib/modulefinder.py /tmp/ci-python-runtime.rXB7OKBE/install/lib/python3.12
/usr/bin/install -c -m 644 ./Lib/netrc.py /tmp/ci-python-runtime.rXB7OKBE/install/lib/python3.12
/usr/bin/install -c -m 644 ./Lib/nntplib.py /tmp/ci-python-runtime.rXB7OKBE/install/lib/python3.12
/usr/bin/install -c -m 644 ./Lib/ntpath.py /tmp/ci-python-runtime.rXB7OKBE/install/lib/python3.12
/usr/bin/install -c -m 644 ./Lib/nturl2path.py /tmp/ci-python-runtime.rXB7OKBE/install/lib/python3.12
/usr/bin/install -c -m 644 ./Lib/numbers.py /tmp/ci-python-runtime.rXB7OKBE/install/lib/python3.12
/usr/bin/install -c -m 644 ./Lib/opcode.py /tmp/ci-python-runtime.rXB7OKBE/install/lib/python3.12
/usr/bin/install -c -m 644 ./Lib/operator.py /tmp/ci-python-runtime.rXB7OKBE/install/lib/python3.12
/usr/bin/install -c -m 644 ./Lib/optparse.py /tmp/ci-python-runtime.rXB7OKBE/install/lib/python3.12
/usr/bin/install -c -m 644 ./Lib/os.py /tmp/ci-python-runtime.rXB7OKBE/install/lib/python3.12
/usr/bin/install -c -m 644 ./Lib/pathlib.py /tmp/ci-python-runtime.rXB7OKBE/install/lib/python3.12
/usr/bin/install -c ./Lib/pdb.py /tmp/ci-python-runtime.rXB7OKBE/install/lib/python3.12
/usr/bin/install -c -m 644 ./Lib/pickle.py /tmp/ci-python-runtime.rXB7OKBE/install/lib/python3.12
/usr/bin/install -c -m 644 ./Lib/pickletools.py /tmp/ci-python-runtime.rXB7OKBE/install/lib/python3.12
/usr/bin/install -c -m 644 ./Lib/pipes.py /tmp/ci-python-runtime.rXB7OKBE/install/lib/python3.12
/usr/bin/install -c -m 644 ./Lib/pkgutil.py /tmp/ci-python-runtime.rXB7OKBE/install/lib/python3.12
/usr/bin/install -c ./Lib/platform.py /tmp/ci-python-runtime.rXB7OKBE/install/lib/python3.12
/usr/bin/install -c -m 644 ./Lib/plistlib.py /tmp/ci-python-runtime.rXB7OKBE/install/lib/python3.12
/usr/bin/install -c -m 644 ./Lib/poplib.py /tmp/ci-python-runtime.rXB7OKBE/install/lib/python3.12
/usr/bin/install -c -m 644 ./Lib/posixpath.py /tmp/ci-python-runtime.rXB7OKBE/install/lib/python3.12
/usr/bin/install -c -m 644 ./Lib/pprint.py /tmp/ci-python-runtime.rXB7OKBE/install/lib/python3.12
/usr/bin/install -c ./Lib/profile.py /tmp/ci-python-runtime.rXB7OKBE/install/lib/python3.12
/usr/bin/install -c -m 644 ./Lib/pstats.py /tmp/ci-python-runtime.rXB7OKBE/install/lib/python3.12
/usr/bin/install -c -m 644 ./Lib/pty.py /tmp/ci-python-runtime.rXB7OKBE/install/lib/python3.12
/usr/bin/install -c -m 644 ./Lib/py_compile.py /tmp/ci-python-runtime.rXB7OKBE/install/lib/python3.12
/usr/bin/install -c -m 644 ./Lib/pyclbr.py /tmp/ci-python-runtime.rXB7OKBE/install/lib/python3.12
/usr/bin/install -c ./Lib/pydoc.py /tmp/ci-python-runtime.rXB7OKBE/install/lib/python3.12
/usr/bin/install -c -m 644 ./Lib/queue.py /tmp/ci-python-runtime.rXB7OKBE/install/lib/python3.12
/usr/bin/install -c ./Lib/quopri.py /tmp/ci-python-runtime.rXB7OKBE/install/lib/python3.12
/usr/bin/install -c -m 644 ./Lib/random.py /tmp/ci-python-runtime.rXB7OKBE/install/lib/python3.12
/usr/bin/install -c -m 644 ./Lib/reprlib.py /tmp/ci-python-runtime.rXB7OKBE/install/lib/python3.12
/usr/bin/install -c -m 644 ./Lib/rlcompleter.py /tmp/ci-python-runtime.rXB7OKBE/install/lib/python3.12
/usr/bin/install -c -m 644 ./Lib/runpy.py /tmp/ci-python-runtime.rXB7OKBE/install/lib/python3.12
/usr/bin/install -c -m 644 ./Lib/sched.py /tmp/ci-python-runtime.rXB7OKBE/install/lib/python3.12
/usr/bin/install -c -m 644 ./Lib/secrets.py /tmp/ci-python-runtime.rXB7OKBE/install/lib/python3.12
/usr/bin/install -c -m 644 ./Lib/selectors.py /tmp/ci-python-runtime.rXB7OKBE/install/lib/python3.12
/usr/bin/install -c -m 644 ./Lib/shelve.py /tmp/ci-python-runtime.rXB7OKBE/install/lib/python3.12
/usr/bin/install -c -m 644 ./Lib/shlex.py /tmp/ci-python-runtime.rXB7OKBE/install/lib/python3.12
/usr/bin/install -c -m 644 ./Lib/shutil.py /tmp/ci-python-runtime.rXB7OKBE/install/lib/python3.12
/usr/bin/install -c -m 644 ./Lib/signal.py /tmp/ci-python-runtime.rXB7OKBE/install/lib/python3.12
/usr/bin/install -c -m 644 ./Lib/site.py /tmp/ci-python-runtime.rXB7OKBE/install/lib/python3.12
/usr/bin/install -c ./Lib/smtplib.py /tmp/ci-python-runtime.rXB7OKBE/install/lib/python3.12
/usr/bin/install -c -m 644 ./Lib/sndhdr.py /tmp/ci-python-runtime.rXB7OKBE/install/lib/python3.12
/usr/bin/install -c -m 644 ./Lib/socket.py /tmp/ci-python-runtime.rXB7OKBE/install/lib/python3.12
/usr/bin/install -c -m 644 ./Lib/socketserver.py /tmp/ci-python-runtime.rXB7OKBE/install/lib/python3.12
/usr/bin/install -c -m 644 ./Lib/sre_compile.py /tmp/ci-python-runtime.rXB7OKBE/install/lib/python3.12
/usr/bin/install -c -m 644 ./Lib/sre_constants.py /tmp/ci-python-runtime.rXB7OKBE/install/lib/python3.12
/usr/bin/install -c -m 644 ./Lib/sre_parse.py /tmp/ci-python-runtime.rXB7OKBE/install/lib/python3.12
/usr/bin/install -c -m 644 ./Lib/ssl.py /tmp/ci-python-runtime.rXB7OKBE/install/lib/python3.12
/usr/bin/install -c -m 644 ./Lib/stat.py /tmp/ci-python-runtime.rXB7OKBE/install/lib/python3.12
/usr/bin/install -c -m 644 ./Lib/statistics.py /tmp/ci-python-runtime.rXB7OKBE/install/lib/python3.12
/usr/bin/install -c -m 644 ./Lib/string.py /tmp/ci-python-runtime.rXB7OKBE/install/lib/python3.12
/usr/bin/install -c -m 644 ./Lib/stringprep.py /tmp/ci-python-runtime.rXB7OKBE/install/lib/python3.12
/usr/bin/install -c -m 644 ./Lib/struct.py /tmp/ci-python-runtime.rXB7OKBE/install/lib/python3.12
/usr/bin/install -c -m 644 ./Lib/subprocess.py /tmp/ci-python-runtime.rXB7OKBE/install/lib/python3.12
/usr/bin/install -c -m 644 ./Lib/sunau.py /tmp/ci-python-runtime.rXB7OKBE/install/lib/python3.12
/usr/bin/install -c -m 644 ./Lib/symtable.py /tmp/ci-python-runtime.rXB7OKBE/install/lib/python3.12
/usr/bin/install -c -m 644 ./Lib/sysconfig.py /tmp/ci-python-runtime.rXB7OKBE/install/lib/python3.12
/usr/bin/install -c ./Lib/tabnanny.py /tmp/ci-python-runtime.rXB7OKBE/install/lib/python3.12
/usr/bin/install -c ./Lib/tarfile.py /tmp/ci-python-runtime.rXB7OKBE/install/lib/python3.12
/usr/bin/install -c -m 644 ./Lib/telnetlib.py /tmp/ci-python-runtime.rXB7OKBE/install/lib/python3.12
/usr/bin/install -c -m 644 ./Lib/tempfile.py /tmp/ci-python-runtime.rXB7OKBE/install/lib/python3.12
/usr/bin/install -c -m 644 ./Lib/textwrap.py /tmp/ci-python-runtime.rXB7OKBE/install/lib/python3.12
/usr/bin/install -c -m 644 ./Lib/this.py /tmp/ci-python-runtime.rXB7OKBE/install/lib/python3.12
/usr/bin/install -c -m 644 ./Lib/threading.py /tmp/ci-python-runtime.rXB7OKBE/install/lib/python3.12
/usr/bin/install -c ./Lib/timeit.py /tmp/ci-python-runtime.rXB7OKBE/install/lib/python3.12
/usr/bin/install -c -m 644 ./Lib/token.py /tmp/ci-python-runtime.rXB7OKBE/install/lib/python3.12
/usr/bin/install -c -m 644 ./Lib/tokenize.py /tmp/ci-python-runtime.rXB7OKBE/install/lib/python3.12
/usr/bin/install -c ./Lib/trace.py /tmp/ci-python-runtime.rXB7OKBE/install/lib/python3.12
/usr/bin/install -c -m 644 ./Lib/traceback.py /tmp/ci-python-runtime.rXB7OKBE/install/lib/python3.12
/usr/bin/install -c -m 644 ./Lib/tracemalloc.py /tmp/ci-python-runtime.rXB7OKBE/install/lib/python3.12
/usr/bin/install -c -m 644 ./Lib/tty.py /tmp/ci-python-runtime.rXB7OKBE/install/lib/python3.12
/usr/bin/install -c -m 644 ./Lib/turtle.py /tmp/ci-python-runtime.rXB7OKBE/install/lib/python3.12
/usr/bin/install -c -m 644 ./Lib/types.py /tmp/ci-python-runtime.rXB7OKBE/install/lib/python3.12
/usr/bin/install -c -m 644 ./Lib/typing.py /tmp/ci-python-runtime.rXB7OKBE/install/lib/python3.12
/usr/bin/install -c -m 644 ./Lib/uu.py /tmp/ci-python-runtime.rXB7OKBE/install/lib/python3.12
/usr/bin/install -c -m 644 ./Lib/uuid.py /tmp/ci-python-runtime.rXB7OKBE/install/lib/python3.12
/usr/bin/install -c -m 644 ./Lib/warnings.py /tmp/ci-python-runtime.rXB7OKBE/install/lib/python3.12
/usr/bin/install -c -m 644 ./Lib/wave.py /tmp/ci-python-runtime.rXB7OKBE/install/lib/python3.12
/usr/bin/install -c -m 644 ./Lib/weakref.py /tmp/ci-python-runtime.rXB7OKBE/install/lib/python3.12
/usr/bin/install -c ./Lib/webbrowser.py /tmp/ci-python-runtime.rXB7OKBE/install/lib/python3.12
/usr/bin/install -c -m 644 ./Lib/xdrlib.py /tmp/ci-python-runtime.rXB7OKBE/install/lib/python3.12
/usr/bin/install -c -m 644 ./Lib/zipapp.py /tmp/ci-python-runtime.rXB7OKBE/install/lib/python3.12
/usr/bin/install -c -m 644 ./Lib/zipimport.py /tmp/ci-python-runtime.rXB7OKBE/install/lib/python3.12
/usr/bin/install -c -m 644 ./Lib/asyncio/__init__.py /tmp/ci-python-runtime.rXB7OKBE/install/lib/python3.12/asyncio
/usr/bin/install -c -m 644 ./Lib/asyncio/__main__.py /tmp/ci-python-runtime.rXB7OKBE/install/lib/python3.12/asyncio
/usr/bin/install -c -m 644 ./Lib/asyncio/base_events.py /tmp/ci-python-runtime.rXB7OKBE/install/lib/python3.12/asyncio
/usr/bin/install -c -m 644 ./Lib/asyncio/base_futures.py /tmp/ci-python-runtime.rXB7OKBE/install/lib/python3.12/asyncio
/usr/bin/install -c -m 644 ./Lib/asyncio/base_subprocess.py /tmp/ci-python-runtime.rXB7OKBE/install/lib/python3.12/asyncio
/usr/bin/install -c -m 644 ./Lib/asyncio/base_tasks.py /tmp/ci-python-runtime.rXB7OKBE/install/lib/python3.12/asyncio
/usr/bin/install -c -m 644 ./Lib/asyncio/constants.py /tmp/ci-python-runtime.rXB7OKBE/install/lib/python3.12/asyncio
/usr/bin/install -c -m 644 ./Lib/asyncio/coroutines.py /tmp/ci-python-runtime.rXB7OKBE/install/lib/python3.12/asyncio
/usr/bin/install -c -m 644 ./Lib/asyncio/events.py /tmp/ci-python-runtime.rXB7OKBE/install/lib/python3.12/asyncio
/usr/bin/install -c -m 644 ./Lib/asyncio/exceptions.py /tmp/ci-python-runtime.rXB7OKBE/install/lib/python3.12/asyncio
/usr/bin/install -c -m 644 ./Lib/asyncio/format_helpers.py /tmp/ci-python-runtime.rXB7OKBE/install/lib/python3.12/asyncio
/usr/bin/install -c -m 644 ./Lib/asyncio/futures.py /tmp/ci-python-runtime.rXB7OKBE/install/lib/python3.12/asyncio
/usr/bin/install -c -m 644 ./Lib/asyncio/locks.py /tmp/ci-python-runtime.rXB7OKBE/install/lib/python3.12/asyncio
/usr/bin/install -c -m 644 ./Lib/asyncio/log.py /tmp/ci-python-runtime.rXB7OKBE/install/lib/python3.12/asyncio
/usr/bin/install -c -m 644 ./Lib/asyncio/mixins.py /tmp/ci-python-runtime.rXB7OKBE/install/lib/python3.12/asyncio
/usr/bin/install -c -m 644 ./Lib/asyncio/proactor_events.py /tmp/ci-python-runtime.rXB7OKBE/install/lib/python3.12/asyncio
/usr/bin/install -c -m 644 ./Lib/asyncio/protocols.py /tmp/ci-python-runtime.rXB7OKBE/install/lib/python3.12/asyncio
/usr/bin/install -c -m 644 ./Lib/asyncio/queues.py /tmp/ci-python-runtime.rXB7OKBE/install/lib/python3.12/asyncio
/usr/bin/install -c -m 644 ./Lib/asyncio/runners.py /tmp/ci-python-runtime.rXB7OKBE/install/lib/python3.12/asyncio
/usr/bin/install -c -m 644 ./Lib/asyncio/selector_events.py /tmp/ci-python-runtime.rXB7OKBE/install/lib/python3.12/asyncio
/usr/bin/install -c -m 644 ./Lib/asyncio/sslproto.py /tmp/ci-python-runtime.rXB7OKBE/install/lib/python3.12/asyncio
/usr/bin/install -c -m 644 ./Lib/asyncio/staggered.py /tmp/ci-python-runtime.rXB7OKBE/install/lib/python3.12/asyncio
/usr/bin/install -c -m 644 ./Lib/asyncio/streams.py /tmp/ci-python-runtime.rXB7OKBE/install/lib/python3.12/asyncio
/usr/bin/install -c -m 644 ./Lib/asyncio/subprocess.py /tmp/ci-python-runtime.rXB7OKBE/install/lib/python3.12/asyncio
/usr/bin/install -c -m 644 ./Lib/asyncio/taskgroups.py /tmp/ci-python-runtime.rXB7OKBE/install/lib/python3.12/asyncio
/usr/bin/install -c -m 644 ./Lib/asyncio/tasks.py /tmp/ci-python-runtime.rXB7OKBE/install/lib/python3.12/asyncio
/usr/bin/install -c -m 644 ./Lib/asyncio/threads.py /tmp/ci-python-runtime.rXB7OKBE/install/lib/python3.12/asyncio
/usr/bin/install -c -m 644 ./Lib/asyncio/timeouts.py /tmp/ci-python-runtime.rXB7OKBE/install/lib/python3.12/asyncio
/usr/bin/install -c -m 644 ./Lib/asyncio/transports.py /tmp/ci-python-runtime.rXB7OKBE/install/lib/python3.12/asyncio
/usr/bin/install -c -m 644 ./Lib/asyncio/trsock.py /tmp/ci-python-runtime.rXB7OKBE/install/lib/python3.12/asyncio
/usr/bin/install -c -m 644 ./Lib/asyncio/unix_events.py /tmp/ci-python-runtime.rXB7OKBE/install/lib/python3.12/asyncio
/usr/bin/install -c -m 644 ./Lib/asyncio/windows_events.py /tmp/ci-python-runtime.rXB7OKBE/install/lib/python3.12/asyncio
/usr/bin/install -c -m 644 ./Lib/asyncio/windows_utils.py /tmp/ci-python-runtime.rXB7OKBE/install/lib/python3.12/asyncio
/usr/bin/install -c -m 644 ./Lib/collections/__init__.py /tmp/ci-python-runtime.rXB7OKBE/install/lib/python3.12/collections
/usr/bin/install -c -m 644 ./Lib/collections/abc.py /tmp/ci-python-runtime.rXB7OKBE/install/lib/python3.12/collections
/usr/bin/install -c -m 644 ./Lib/concurrent/__init__.py /tmp/ci-python-runtime.rXB7OKBE/install/lib/python3.12/concurrent
/usr/bin/install -c -m 644 ./Lib/concurrent/futures/__init__.py /tmp/ci-python-runtime.rXB7OKBE/install/lib/python3.12/concurrent/futures
/usr/bin/install -c -m 644 ./Lib/concurrent/futures/_base.py /tmp/ci-python-runtime.rXB7OKBE/install/lib/python3.12/concurrent/futures
/usr/bin/install -c -m 644 ./Lib/concurrent/futures/process.py /tmp/ci-python-runtime.rXB7OKBE/install/lib/python3.12/concurrent/futures
/usr/bin/install -c -m 644 ./Lib/concurrent/futures/thread.py /tmp/ci-python-runtime.rXB7OKBE/install/lib/python3.12/concurrent/futures
/usr/bin/install -c -m 644 ./Lib/ctypes/__init__.py /tmp/ci-python-runtime.rXB7OKBE/install/lib/python3.12/ctypes
/usr/bin/install -c -m 644 ./Lib/ctypes/_aix.py /tmp/ci-python-runtime.rXB7OKBE/install/lib/python3.12/ctypes
/usr/bin/install -c -m 644 ./Lib/ctypes/_endian.py /tmp/ci-python-runtime.rXB7OKBE/install/lib/python3.12/ctypes
/usr/bin/install -c -m 644 ./Lib/ctypes/util.py /tmp/ci-python-runtime.rXB7OKBE/install/lib/python3.12/ctypes
/usr/bin/install -c -m 644 ./Lib/ctypes/wintypes.py /tmp/ci-python-runtime.rXB7OKBE/install/lib/python3.12/ctypes
/usr/bin/install -c -m 644 ./Lib/ctypes/macholib/README.ctypes /tmp/ci-python-runtime.rXB7OKBE/install/lib/python3.12/ctypes/macholib
/usr/bin/install -c -m 644 ./Lib/ctypes/macholib/__init__.py /tmp/ci-python-runtime.rXB7OKBE/install/lib/python3.12/ctypes/macholib
/usr/bin/install -c -m 644 ./Lib/ctypes/macholib/dyld.py /tmp/ci-python-runtime.rXB7OKBE/install/lib/python3.12/ctypes/macholib
/usr/bin/install -c -m 644 ./Lib/ctypes/macholib/dylib.py /tmp/ci-python-runtime.rXB7OKBE/install/lib/python3.12/ctypes/macholib
/usr/bin/install -c ./Lib/ctypes/macholib/fetch_macholib /tmp/ci-python-runtime.rXB7OKBE/install/lib/python3.12/ctypes/macholib
/usr/bin/install -c -m 644 ./Lib/ctypes/macholib/fetch_macholib.bat /tmp/ci-python-runtime.rXB7OKBE/install/lib/python3.12/ctypes/macholib
/usr/bin/install -c -m 644 ./Lib/ctypes/macholib/framework.py /tmp/ci-python-runtime.rXB7OKBE/install/lib/python3.12/ctypes/macholib
/usr/bin/install -c -m 644 ./Lib/curses/__init__.py /tmp/ci-python-runtime.rXB7OKBE/install/lib/python3.12/curses
/usr/bin/install -c -m 644 ./Lib/curses/ascii.py /tmp/ci-python-runtime.rXB7OKBE/install/lib/python3.12/curses
/usr/bin/install -c -m 644 ./Lib/curses/has_key.py /tmp/ci-python-runtime.rXB7OKBE/install/lib/python3.12/curses
/usr/bin/install -c -m 644 ./Lib/curses/panel.py /tmp/ci-python-runtime.rXB7OKBE/install/lib/python3.12/curses
/usr/bin/install -c -m 644 ./Lib/curses/textpad.py /tmp/ci-python-runtime.rXB7OKBE/install/lib/python3.12/curses
/usr/bin/install -c -m 644 ./Lib/dbm/__init__.py /tmp/ci-python-runtime.rXB7OKBE/install/lib/python3.12/dbm
/usr/bin/install -c -m 644 ./Lib/dbm/dumb.py /tmp/ci-python-runtime.rXB7OKBE/install/lib/python3.12/dbm
/usr/bin/install -c -m 644 ./Lib/dbm/gnu.py /tmp/ci-python-runtime.rXB7OKBE/install/lib/python3.12/dbm
/usr/bin/install -c -m 644 ./Lib/dbm/ndbm.py /tmp/ci-python-runtime.rXB7OKBE/install/lib/python3.12/dbm
/usr/bin/install -c -m 644 ./Lib/email/__init__.py /tmp/ci-python-runtime.rXB7OKBE/install/lib/python3.12/email
/usr/bin/install -c -m 644 ./Lib/email/_encoded_words.py /tmp/ci-python-runtime.rXB7OKBE/install/lib/python3.12/email
/usr/bin/install -c -m 644 ./Lib/email/_header_value_parser.py /tmp/ci-python-runtime.rXB7OKBE/install/lib/python3.12/email
/usr/bin/install -c -m 644 ./Lib/email/_parseaddr.py /tmp/ci-python-runtime.rXB7OKBE/install/lib/python3.12/email
/usr/bin/install -c -m 644 ./Lib/email/_policybase.py /tmp/ci-python-runtime.rXB7OKBE/install/lib/python3.12/email
/usr/bin/install -c -m 644 ./Lib/email/architecture.rst /tmp/ci-python-runtime.rXB7OKBE/install/lib/python3.12/email
/usr/bin/install -c -m 644 ./Lib/email/base64mime.py /tmp/ci-python-runtime.rXB7OKBE/install/lib/python3.12/email
/usr/bin/install -c -m 644 ./Lib/email/charset.py /tmp/ci-python-runtime.rXB7OKBE/install/lib/python3.12/email
/usr/bin/install -c -m 644 ./Lib/email/contentmanager.py /tmp/ci-python-runtime.rXB7OKBE/install/lib/python3.12/email
/usr/bin/install -c -m 644 ./Lib/email/encoders.py /tmp/ci-python-runtime.rXB7OKBE/install/lib/python3.12/email
/usr/bin/install -c -m 644 ./Lib/email/errors.py /tmp/ci-python-runtime.rXB7OKBE/install/lib/python3.12/email
/usr/bin/install -c -m 644 ./Lib/email/feedparser.py /tmp/ci-python-runtime.rXB7OKBE/install/lib/python3.12/email
/usr/bin/install -c -m 644 ./Lib/email/generator.py /tmp/ci-python-runtime.rXB7OKBE/install/lib/python3.12/email
/usr/bin/install -c -m 644 ./Lib/email/header.py /tmp/ci-python-runtime.rXB7OKBE/install/lib/python3.12/email
/usr/bin/install -c -m 644 ./Lib/email/headerregistry.py /tmp/ci-python-runtime.rXB7OKBE/install/lib/python3.12/email
/usr/bin/install -c -m 644 ./Lib/email/iterators.py /tmp/ci-python-runtime.rXB7OKBE/install/lib/python3.12/email
/usr/bin/install -c -m 644 ./Lib/email/message.py /tmp/ci-python-runtime.rXB7OKBE/install/lib/python3.12/email
/usr/bin/install -c -m 644 ./Lib/email/parser.py /tmp/ci-python-runtime.rXB7OKBE/install/lib/python3.12/email
/usr/bin/install -c -m 644 ./Lib/email/policy.py /tmp/ci-python-runtime.rXB7OKBE/install/lib/python3.12/email
/usr/bin/install -c -m 644 ./Lib/email/quoprimime.py /tmp/ci-python-runtime.rXB7OKBE/install/lib/python3.12/email
/usr/bin/install -c -m 644 ./Lib/email/utils.py /tmp/ci-python-runtime.rXB7OKBE/install/lib/python3.12/email
/usr/bin/install -c -m 644 ./Lib/email/mime/__init__.py /tmp/ci-python-runtime.rXB7OKBE/install/lib/python3.12/email/mime
/usr/bin/install -c -m 644 ./Lib/email/mime/application.py /tmp/ci-python-runtime.rXB7OKBE/install/lib/python3.12/email/mime
/usr/bin/install -c -m 644 ./Lib/email/mime/audio.py /tmp/ci-python-runtime.rXB7OKBE/install/lib/python3.12/email/mime
/usr/bin/install -c -m 644 ./Lib/email/mime/base.py /tmp/ci-python-runtime.rXB7OKBE/install/lib/python3.12/email/mime
/usr/bin/install -c -m 644 ./Lib/email/mime/image.py /tmp/ci-python-runtime.rXB7OKBE/install/lib/python3.12/email/mime
/usr/bin/install -c -m 644 ./Lib/email/mime/message.py /tmp/ci-python-runtime.rXB7OKBE/install/lib/python3.12/email/mime
/usr/bin/install -c -m 644 ./Lib/email/mime/multipart.py /tmp/ci-python-runtime.rXB7OKBE/install/lib/python3.12/email/mime
/usr/bin/install -c -m 644 ./Lib/email/mime/nonmultipart.py /tmp/ci-python-runtime.rXB7OKBE/install/lib/python3.12/email/mime
/usr/bin/install -c -m 644 ./Lib/email/mime/text.py /tmp/ci-python-runtime.rXB7OKBE/install/lib/python3.12/email/mime
/usr/bin/install -c -m 644 ./Lib/encodings/__init__.py /tmp/ci-python-runtime.rXB7OKBE/install/lib/python3.12/encodings
/usr/bin/install -c -m 644 ./Lib/encodings/aliases.py /tmp/ci-python-runtime.rXB7OKBE/install/lib/python3.12/encodings
/usr/bin/install -c -m 644 ./Lib/encodings/ascii.py /tmp/ci-python-runtime.rXB7OKBE/install/lib/python3.12/encodings
/usr/bin/install -c -m 644 ./Lib/encodings/base64_codec.py /tmp/ci-python-runtime.rXB7OKBE/install/lib/python3.12/encodings
/usr/bin/install -c -m 644 ./Lib/encodings/big5.py /tmp/ci-python-runtime.rXB7OKBE/install/lib/python3.12/encodings
/usr/bin/install -c -m 644 ./Lib/encodings/big5hkscs.py /tmp/ci-python-runtime.rXB7OKBE/install/lib/python3.12/encodings
/usr/bin/install -c -m 644 ./Lib/encodings/bz2_codec.py /tmp/ci-python-runtime.rXB7OKBE/install/lib/python3.12/encodings
/usr/bin/install -c -m 644 ./Lib/encodings/charmap.py /tmp/ci-python-runtime.rXB7OKBE/install/lib/python3.12/encodings
/usr/bin/install -c -m 644 ./Lib/encodings/cp037.py /tmp/ci-python-runtime.rXB7OKBE/install/lib/python3.12/encodings
/usr/bin/install -c -m 644 ./Lib/encodings/cp1006.py /tmp/ci-python-runtime.rXB7OKBE/install/lib/python3.12/encodings
/usr/bin/install -c -m 644 ./Lib/encodings/cp1026.py /tmp/ci-python-runtime.rXB7OKBE/install/lib/python3.12/encodings
/usr/bin/install -c -m 644 ./Lib/encodings/cp1125.py /tmp/ci-python-runtime.rXB7OKBE/install/lib/python3.12/encodings
/usr/bin/install -c -m 644 ./Lib/encodings/cp1140.py /tmp/ci-python-runtime.rXB7OKBE/install/lib/python3.12/encodings
/usr/bin/install -c -m 644 ./Lib/encodings/cp1250.py /tmp/ci-python-runtime.rXB7OKBE/install/lib/python3.12/encodings
/usr/bin/install -c -m 644 ./Lib/encodings/cp1251.py /tmp/ci-python-runtime.rXB7OKBE/install/lib/python3.12/encodings
/usr/bin/install -c -m 644 ./Lib/encodings/cp1252.py /tmp/ci-python-runtime.rXB7OKBE/install/lib/python3.12/encodings
/usr/bin/install -c -m 644 ./Lib/encodings/cp1253.py /tmp/ci-python-runtime.rXB7OKBE/install/lib/python3.12/encodings
/usr/bin/install -c -m 644 ./Lib/encodings/cp1254.py /tmp/ci-python-runtime.rXB7OKBE/install/lib/python3.12/encodings
/usr/bin/install -c -m 644 ./Lib/encodings/cp1255.py /tmp/ci-python-runtime.rXB7OKBE/install/lib/python3.12/encodings
/usr/bin/install -c -m 644 ./Lib/encodings/cp1256.py /tmp/ci-python-runtime.rXB7OKBE/install/lib/python3.12/encodings
/usr/bin/install -c -m 644 ./Lib/encodings/cp1257.py /tmp/ci-python-runtime.rXB7OKBE/install/lib/python3.12/encodings
/usr/bin/install -c -m 644 ./Lib/encodings/cp1258.py /tmp/ci-python-runtime.rXB7OKBE/install/lib/python3.12/encodings
/usr/bin/install -c -m 644 ./Lib/encodings/cp273.py /tmp/ci-python-runtime.rXB7OKBE/install/lib/python3.12/encodings
/usr/bin/install -c -m 644 ./Lib/encodings/cp424.py /tmp/ci-python-runtime.rXB7OKBE/install/lib/python3.12/encodings
/usr/bin/install -c -m 644 ./Lib/encodings/cp437.py /tmp/ci-python-runtime.rXB7OKBE/install/lib/python3.12/encodings
/usr/bin/install -c -m 644 ./Lib/encodings/cp500.py /tmp/ci-python-runtime.rXB7OKBE/install/lib/python3.12/encodings
/usr/bin/install -c -m 644 ./Lib/encodings/cp720.py /tmp/ci-python-runtime.rXB7OKBE/install/lib/python3.12/encodings
/usr/bin/install -c -m 644 ./Lib/encodings/cp737.py /tmp/ci-python-runtime.rXB7OKBE/install/lib/python3.12/encodings
/usr/bin/install -c -m 644 ./Lib/encodings/cp775.py /tmp/ci-python-runtime.rXB7OKBE/install/lib/python3.12/encodings
/usr/bin/install -c -m 644 ./Lib/encodings/cp850.py /tmp/ci-python-runtime.rXB7OKBE/install/lib/python3.12/encodings
/usr/bin/install -c -m 644 ./Lib/encodings/cp852.py /tmp/ci-python-runtime.rXB7OKBE/install/lib/python3.12/encodings
/usr/bin/install -c -m 644 ./Lib/encodings/cp855.py /tmp/ci-python-runtime.rXB7OKBE/install/lib/python3.12/encodings
/usr/bin/install -c -m 644 ./Lib/encodings/cp856.py /tmp/ci-python-runtime.rXB7OKBE/install/lib/python3.12/encodings
/usr/bin/install -c -m 644 ./Lib/encodings/cp857.py /tmp/ci-python-runtime.rXB7OKBE/install/lib/python3.12/encodings
/usr/bin/install -c -m 644 ./Lib/encodings/cp858.py /tmp/ci-python-runtime.rXB7OKBE/install/lib/python3.12/encodings
/usr/bin/install -c -m 644 ./Lib/encodings/cp860.py /tmp/ci-python-runtime.rXB7OKBE/install/lib/python3.12/encodings
/usr/bin/install -c -m 644 ./Lib/encodings/cp861.py /tmp/ci-python-runtime.rXB7OKBE/install/lib/python3.12/encodings
/usr/bin/install -c -m 644 ./Lib/encodings/cp862.py /tmp/ci-python-runtime.rXB7OKBE/install/lib/python3.12/encodings
/usr/bin/install -c -m 644 ./Lib/encodings/cp863.py /tmp/ci-python-runtime.rXB7OKBE/install/lib/python3.12/encodings
/usr/bin/install -c -m 644 ./Lib/encodings/cp864.py /tmp/ci-python-runtime.rXB7OKBE/install/lib/python3.12/encodings
/usr/bin/install -c -m 644 ./Lib/encodings/cp865.py /tmp/ci-python-runtime.rXB7OKBE/install/lib/python3.12/encodings
/usr/bin/install -c -m 644 ./Lib/encodings/cp866.py /tmp/ci-python-runtime.rXB7OKBE/install/lib/python3.12/encodings
/usr/bin/install -c -m 644 ./Lib/encodings/cp869.py /tmp/ci-python-runtime.rXB7OKBE/install/lib/python3.12/encodings
/usr/bin/install -c -m 644 ./Lib/encodings/cp874.py /tmp/ci-python-runtime.rXB7OKBE/install/lib/python3.12/encodings
/usr/bin/install -c -m 644 ./Lib/encodings/cp875.py /tmp/ci-python-runtime.rXB7OKBE/install/lib/python3.12/encodings
/usr/bin/install -c -m 644 ./Lib/encodings/cp932.py /tmp/ci-python-runtime.rXB7OKBE/install/lib/python3.12/encodings
/usr/bin/install -c -m 644 ./Lib/encodings/cp949.py /tmp/ci-python-runtime.rXB7OKBE/install/lib/python3.12/encodings
/usr/bin/install -c -m 644 ./Lib/encodings/cp950.py /tmp/ci-python-runtime.rXB7OKBE/install/lib/python3.12/encodings
/usr/bin/install -c -m 644 ./Lib/encodings/euc_jis_2004.py /tmp/ci-python-runtime.rXB7OKBE/install/lib/python3.12/encodings
/usr/bin/install -c -m 644 ./Lib/encodings/euc_jisx0213.py /tmp/ci-python-runtime.rXB7OKBE/install/lib/python3.12/encodings
/usr/bin/install -c -m 644 ./Lib/encodings/euc_jp.py /tmp/ci-python-runtime.rXB7OKBE/install/lib/python3.12/encodings
/usr/bin/install -c -m 644 ./Lib/encodings/euc_kr.py /tmp/ci-python-runtime.rXB7OKBE/install/lib/python3.12/encodings
/usr/bin/install -c -m 644 ./Lib/encodings/gb18030.py /tmp/ci-python-runtime.rXB7OKBE/install/lib/python3.12/encodings
/usr/bin/install -c -m 644 ./Lib/encodings/gb2312.py /tmp/ci-python-runtime.rXB7OKBE/install/lib/python3.12/encodings
/usr/bin/install -c -m 644 ./Lib/encodings/gbk.py /tmp/ci-python-runtime.rXB7OKBE/install/lib/python3.12/encodings
/usr/bin/install -c -m 644 ./Lib/encodings/hex_codec.py /tmp/ci-python-runtime.rXB7OKBE/install/lib/python3.12/encodings
/usr/bin/install -c -m 644 ./Lib/encodings/hp_roman8.py /tmp/ci-python-runtime.rXB7OKBE/install/lib/python3.12/encodings
/usr/bin/install -c -m 644 ./Lib/encodings/hz.py /tmp/ci-python-runtime.rXB7OKBE/install/lib/python3.12/encodings
/usr/bin/install -c -m 644 ./Lib/encodings/idna.py /tmp/ci-python-runtime.rXB7OKBE/install/lib/python3.12/encodings
/usr/bin/install -c -m 644 ./Lib/encodings/iso2022_jp.py /tmp/ci-python-runtime.rXB7OKBE/install/lib/python3.12/encodings
/usr/bin/install -c -m 644 ./Lib/encodings/iso2022_jp_1.py /tmp/ci-python-runtime.rXB7OKBE/install/lib/python3.12/encodings
/usr/bin/install -c -m 644 ./Lib/encodings/iso2022_jp_2.py /tmp/ci-python-runtime.rXB7OKBE/install/lib/python3.12/encodings
/usr/bin/install -c -m 644 ./Lib/encodings/iso2022_jp_2004.py /tmp/ci-python-runtime.rXB7OKBE/install/lib/python3.12/encodings
/usr/bin/install -c -m 644 ./Lib/encodings/iso2022_jp_3.py /tmp/ci-python-runtime.rXB7OKBE/install/lib/python3.12/encodings
/usr/bin/install -c -m 644 ./Lib/encodings/iso2022_jp_ext.py /tmp/ci-python-runtime.rXB7OKBE/install/lib/python3.12/encodings
/usr/bin/install -c -m 644 ./Lib/encodings/iso2022_kr.py /tmp/ci-python-runtime.rXB7OKBE/install/lib/python3.12/encodings
/usr/bin/install -c -m 644 ./Lib/encodings/iso8859_1.py /tmp/ci-python-runtime.rXB7OKBE/install/lib/python3.12/encodings
/usr/bin/install -c -m 644 ./Lib/encodings/iso8859_10.py /tmp/ci-python-runtime.rXB7OKBE/install/lib/python3.12/encodings
/usr/bin/install -c -m 644 ./Lib/encodings/iso8859_11.py /tmp/ci-python-runtime.rXB7OKBE/install/lib/python3.12/encodings
/usr/bin/install -c -m 644 ./Lib/encodings/iso8859_13.py /tmp/ci-python-runtime.rXB7OKBE/install/lib/python3.12/encodings
/usr/bin/install -c -m 644 ./Lib/encodings/iso8859_14.py /tmp/ci-python-runtime.rXB7OKBE/install/lib/python3.12/encodings
/usr/bin/install -c -m 644 ./Lib/encodings/iso8859_15.py /tmp/ci-python-runtime.rXB7OKBE/install/lib/python3.12/encodings
/usr/bin/install -c -m 644 ./Lib/encodings/iso8859_16.py /tmp/ci-python-runtime.rXB7OKBE/install/lib/python3.12/encodings
/usr/bin/install -c -m 644 ./Lib/encodings/iso8859_2.py /tmp/ci-python-runtime.rXB7OKBE/install/lib/python3.12/encodings
/usr/bin/install -c -m 644 ./Lib/encodings/iso8859_3.py /tmp/ci-python-runtime.rXB7OKBE/install/lib/python3.12/encodings
/usr/bin/install -c -m 644 ./Lib/encodings/iso8859_4.py /tmp/ci-python-runtime.rXB7OKBE/install/lib/python3.12/encodings
/usr/bin/install -c -m 644 ./Lib/encodings/iso8859_5.py /tmp/ci-python-runtime.rXB7OKBE/install/lib/python3.12/encodings
/usr/bin/install -c -m 644 ./Lib/encodings/iso8859_6.py /tmp/ci-python-runtime.rXB7OKBE/install/lib/python3.12/encodings
/usr/bin/install -c -m 644 ./Lib/encodings/iso8859_7.py /tmp/ci-python-runtime.rXB7OKBE/install/lib/python3.12/encodings
/usr/bin/install -c -m 644 ./Lib/encodings/iso8859_8.py /tmp/ci-python-runtime.rXB7OKBE/install/lib/python3.12/encodings
/usr/bin/install -c -m 644 ./Lib/encodings/iso8859_9.py /tmp/ci-python-runtime.rXB7OKBE/install/lib/python3.12/encodings
/usr/bin/install -c -m 644 ./Lib/encodings/johab.py /tmp/ci-python-runtime.rXB7OKBE/install/lib/python3.12/encodings
/usr/bin/install -c -m 644 ./Lib/encodings/koi8_r.py /tmp/ci-python-runtime.rXB7OKBE/install/lib/python3.12/encodings
/usr/bin/install -c -m 644 ./Lib/encodings/koi8_t.py /tmp/ci-python-runtime.rXB7OKBE/install/lib/python3.12/encodings
/usr/bin/install -c -m 644 ./Lib/encodings/koi8_u.py /tmp/ci-python-runtime.rXB7OKBE/install/lib/python3.12/encodings
/usr/bin/install -c -m 644 ./Lib/encodings/kz1048.py /tmp/ci-python-runtime.rXB7OKBE/install/lib/python3.12/encodings
/usr/bin/install -c -m 644 ./Lib/encodings/latin_1.py /tmp/ci-python-runtime.rXB7OKBE/install/lib/python3.12/encodings
/usr/bin/install -c -m 644 ./Lib/encodings/mac_arabic.py /tmp/ci-python-runtime.rXB7OKBE/install/lib/python3.12/encodings
/usr/bin/install -c -m 644 ./Lib/encodings/mac_croatian.py /tmp/ci-python-runtime.rXB7OKBE/install/lib/python3.12/encodings
/usr/bin/install -c -m 644 ./Lib/encodings/mac_cyrillic.py /tmp/ci-python-runtime.rXB7OKBE/install/lib/python3.12/encodings
/usr/bin/install -c -m 644 ./Lib/encodings/mac_farsi.py /tmp/ci-python-runtime.rXB7OKBE/install/lib/python3.12/encodings
/usr/bin/install -c -m 644 ./Lib/encodings/mac_greek.py /tmp/ci-python-runtime.rXB7OKBE/install/lib/python3.12/encodings
/usr/bin/install -c -m 644 ./Lib/encodings/mac_iceland.py /tmp/ci-python-runtime.rXB7OKBE/install/lib/python3.12/encodings
/usr/bin/install -c -m 644 ./Lib/encodings/mac_latin2.py /tmp/ci-python-runtime.rXB7OKBE/install/lib/python3.12/encodings
/usr/bin/install -c -m 644 ./Lib/encodings/mac_roman.py /tmp/ci-python-runtime.rXB7OKBE/install/lib/python3.12/encodings
/usr/bin/install -c -m 644 ./Lib/encodings/mac_romanian.py /tmp/ci-python-runtime.rXB7OKBE/install/lib/python3.12/encodings
/usr/bin/install -c -m 644 ./Lib/encodings/mac_turkish.py /tmp/ci-python-runtime.rXB7OKBE/install/lib/python3.12/encodings
/usr/bin/install -c -m 644 ./Lib/encodings/mbcs.py /tmp/ci-python-runtime.rXB7OKBE/install/lib/python3.12/encodings
/usr/bin/install -c -m 644 ./Lib/encodings/oem.py /tmp/ci-python-runtime.rXB7OKBE/install/lib/python3.12/encodings
/usr/bin/install -c -m 644 ./Lib/encodings/palmos.py /tmp/ci-python-runtime.rXB7OKBE/install/lib/python3.12/encodings
/usr/bin/install -c -m 644 ./Lib/encodings/ptcp154.py /tmp/ci-python-runtime.rXB7OKBE/install/lib/python3.12/encodings
/usr/bin/install -c -m 644 ./Lib/encodings/punycode.py /tmp/ci-python-runtime.rXB7OKBE/install/lib/python3.12/encodings
/usr/bin/install -c -m 644 ./Lib/encodings/quopri_codec.py /tmp/ci-python-runtime.rXB7OKBE/install/lib/python3.12/encodings
/usr/bin/install -c -m 644 ./Lib/encodings/raw_unicode_escape.py /tmp/ci-python-runtime.rXB7OKBE/install/lib/python3.12/encodings
/usr/bin/install -c ./Lib/encodings/rot_13.py /tmp/ci-python-runtime.rXB7OKBE/install/lib/python3.12/encodings
/usr/bin/install -c -m 644 ./Lib/encodings/shift_jis.py /tmp/ci-python-runtime.rXB7OKBE/install/lib/python3.12/encodings
/usr/bin/install -c -m 644 ./Lib/encodings/shift_jis_2004.py /tmp/ci-python-runtime.rXB7OKBE/install/lib/python3.12/encodings
/usr/bin/install -c -m 644 ./Lib/encodings/shift_jisx0213.py /tmp/ci-python-runtime.rXB7OKBE/install/lib/python3.12/encodings
/usr/bin/install -c -m 644 ./Lib/encodings/tis_620.py /tmp/ci-python-runtime.rXB7OKBE/install/lib/python3.12/encodings
/usr/bin/install -c -m 644 ./Lib/encodings/undefined.py /tmp/ci-python-runtime.rXB7OKBE/install/lib/python3.12/encodings
/usr/bin/install -c -m 644 ./Lib/encodings/unicode_escape.py /tmp/ci-python-runtime.rXB7OKBE/install/lib/python3.12/encodings
/usr/bin/install -c -m 644 ./Lib/encodings/utf_16.py /tmp/ci-python-runtime.rXB7OKBE/install/lib/python3.12/encodings
/usr/bin/install -c -m 644 ./Lib/encodings/utf_16_be.py /tmp/ci-python-runtime.rXB7OKBE/install/lib/python3.12/encodings
/usr/bin/install -c -m 644 ./Lib/encodings/utf_16_le.py /tmp/ci-python-runtime.rXB7OKBE/install/lib/python3.12/encodings
/usr/bin/install -c -m 644 ./Lib/encodings/utf_32.py /tmp/ci-python-runtime.rXB7OKBE/install/lib/python3.12/encodings
/usr/bin/install -c -m 644 ./Lib/encodings/utf_32_be.py /tmp/ci-python-runtime.rXB7OKBE/install/lib/python3.12/encodings
/usr/bin/install -c -m 644 ./Lib/encodings/utf_32_le.py /tmp/ci-python-runtime.rXB7OKBE/install/lib/python3.12/encodings
/usr/bin/install -c -m 644 ./Lib/encodings/utf_7.py /tmp/ci-python-runtime.rXB7OKBE/install/lib/python3.12/encodings
/usr/bin/install -c -m 644 ./Lib/encodings/utf_8.py /tmp/ci-python-runtime.rXB7OKBE/install/lib/python3.12/encodings
/usr/bin/install -c -m 644 ./Lib/encodings/utf_8_sig.py /tmp/ci-python-runtime.rXB7OKBE/install/lib/python3.12/encodings
/usr/bin/install -c -m 644 ./Lib/encodings/uu_codec.py /tmp/ci-python-runtime.rXB7OKBE/install/lib/python3.12/encodings
/usr/bin/install -c -m 644 ./Lib/encodings/zlib_codec.py /tmp/ci-python-runtime.rXB7OKBE/install/lib/python3.12/encodings
/usr/bin/install -c -m 644 ./Lib/ensurepip/__init__.py /tmp/ci-python-runtime.rXB7OKBE/install/lib/python3.12/ensurepip
/usr/bin/install -c -m 644 ./Lib/ensurepip/__main__.py /tmp/ci-python-runtime.rXB7OKBE/install/lib/python3.12/ensurepip
/usr/bin/install -c -m 644 ./Lib/ensurepip/_uninstall.py /tmp/ci-python-runtime.rXB7OKBE/install/lib/python3.12/ensurepip
/usr/bin/install -c -m 644 ./Lib/ensurepip/_bundled/pip-24.0-py3-none-any.whl /tmp/ci-python-runtime.rXB7OKBE/install/lib/python3.12/ensurepip/_bundled
/usr/bin/install -c -m 644 ./Lib/html/__init__.py /tmp/ci-python-runtime.rXB7OKBE/install/lib/python3.12/html
/usr/bin/install -c -m 644 ./Lib/html/entities.py /tmp/ci-python-runtime.rXB7OKBE/install/lib/python3.12/html
/usr/bin/install -c -m 644 ./Lib/html/parser.py /tmp/ci-python-runtime.rXB7OKBE/install/lib/python3.12/html
/usr/bin/install -c -m 644 ./Lib/http/__init__.py /tmp/ci-python-runtime.rXB7OKBE/install/lib/python3.12/http
/usr/bin/install -c -m 644 ./Lib/http/client.py /tmp/ci-python-runtime.rXB7OKBE/install/lib/python3.12/http
/usr/bin/install -c -m 644 ./Lib/http/cookiejar.py /tmp/ci-python-runtime.rXB7OKBE/install/lib/python3.12/http
/usr/bin/install -c -m 644 ./Lib/http/cookies.py /tmp/ci-python-runtime.rXB7OKBE/install/lib/python3.12/http
/usr/bin/install -c -m 644 ./Lib/http/server.py /tmp/ci-python-runtime.rXB7OKBE/install/lib/python3.12/http
/usr/bin/install -c -m 644 ./Lib/idlelib/CREDITS.txt /tmp/ci-python-runtime.rXB7OKBE/install/lib/python3.12/idlelib
/usr/bin/install -c -m 644 ./Lib/idlelib/ChangeLog /tmp/ci-python-runtime.rXB7OKBE/install/lib/python3.12/idlelib
/usr/bin/install -c -m 644 ./Lib/idlelib/HISTORY.txt /tmp/ci-python-runtime.rXB7OKBE/install/lib/python3.12/idlelib
/usr/bin/install -c -m 644 ./Lib/idlelib/NEWS2x.txt /tmp/ci-python-runtime.rXB7OKBE/install/lib/python3.12/idlelib
/usr/bin/install -c -m 644 ./Lib/idlelib/News3.txt /tmp/ci-python-runtime.rXB7OKBE/install/lib/python3.12/idlelib
/usr/bin/install -c -m 644 ./Lib/idlelib/README.txt /tmp/ci-python-runtime.rXB7OKBE/install/lib/python3.12/idlelib
/usr/bin/install -c -m 644 ./Lib/idlelib/TODO.txt /tmp/ci-python-runtime.rXB7OKBE/install/lib/python3.12/idlelib
/usr/bin/install -c -m 644 ./Lib/idlelib/__init__.py /tmp/ci-python-runtime.rXB7OKBE/install/lib/python3.12/idlelib
/usr/bin/install -c -m 644 ./Lib/idlelib/__main__.py /tmp/ci-python-runtime.rXB7OKBE/install/lib/python3.12/idlelib
/usr/bin/install -c -m 644 ./Lib/idlelib/autocomplete.py /tmp/ci-python-runtime.rXB7OKBE/install/lib/python3.12/idlelib
/usr/bin/install -c -m 644 ./Lib/idlelib/autocomplete_w.py /tmp/ci-python-runtime.rXB7OKBE/install/lib/python3.12/idlelib
/usr/bin/install -c -m 644 ./Lib/idlelib/autoexpand.py /tmp/ci-python-runtime.rXB7OKBE/install/lib/python3.12/idlelib
/usr/bin/install -c -m 644 ./Lib/idlelib/browser.py /tmp/ci-python-runtime.rXB7OKBE/install/lib/python3.12/idlelib
/usr/bin/install -c -m 644 ./Lib/idlelib/calltip.py /tmp/ci-python-runtime.rXB7OKBE/install/lib/python3.12/idlelib
/usr/bin/install -c -m 644 ./Lib/idlelib/calltip_w.py /tmp/ci-python-runtime.rXB7OKBE/install/lib/python3.12/idlelib
/usr/bin/install -c -m 644 ./Lib/idlelib/codecontext.py /tmp/ci-python-runtime.rXB7OKBE/install/lib/python3.12/idlelib
/usr/bin/install -c -m 644 ./Lib/idlelib/colorizer.py /tmp/ci-python-runtime.rXB7OKBE/install/lib/python3.12/idlelib
/usr/bin/install -c -m 644 ./Lib/idlelib/config-extensions.def /tmp/ci-python-runtime.rXB7OKBE/install/lib/python3.12/idlelib
/usr/bin/install -c -m 644 ./Lib/idlelib/config-highlight.def /tmp/ci-python-runtime.rXB7OKBE/install/lib/python3.12/idlelib
/usr/bin/install -c -m 644 ./Lib/idlelib/config-keys.def /tmp/ci-python-runtime.rXB7OKBE/install/lib/python3.12/idlelib
/usr/bin/install -c -m 644 ./Lib/idlelib/config-main.def /tmp/ci-python-runtime.rXB7OKBE/install/lib/python3.12/idlelib
/usr/bin/install -c -m 644 ./Lib/idlelib/config.py /tmp/ci-python-runtime.rXB7OKBE/install/lib/python3.12/idlelib
/usr/bin/install -c -m 644 ./Lib/idlelib/config_key.py /tmp/ci-python-runtime.rXB7OKBE/install/lib/python3.12/idlelib
/usr/bin/install -c -m 644 ./Lib/idlelib/configdialog.py /tmp/ci-python-runtime.rXB7OKBE/install/lib/python3.12/idlelib
/usr/bin/install -c -m 644 ./Lib/idlelib/debugger.py /tmp/ci-python-runtime.rXB7OKBE/install/lib/python3.12/idlelib
/usr/bin/install -c -m 644 ./Lib/idlelib/debugger_r.py /tmp/ci-python-runtime.rXB7OKBE/install/lib/python3.12/idlelib
/usr/bin/install -c -m 644 ./Lib/idlelib/debugobj.py /tmp/ci-python-runtime.rXB7OKBE/install/lib/python3.12/idlelib
/usr/bin/install -c -m 644 ./Lib/idlelib/debugobj_r.py /tmp/ci-python-runtime.rXB7OKBE/install/lib/python3.12/idlelib
/usr/bin/install -c -m 644 ./Lib/idlelib/delegator.py /tmp/ci-python-runtime.rXB7OKBE/install/lib/python3.12/idlelib
/usr/bin/install -c -m 644 ./Lib/idlelib/dynoption.py /tmp/ci-python-runtime.rXB7OKBE/install/lib/python3.12/idlelib
/usr/bin/install -c -m 644 ./Lib/idlelib/editor.py /tmp/ci-python-runtime.rXB7OKBE/install/lib/python3.12/idlelib
/usr/bin/install -c -m 644 ./Lib/idlelib/extend.txt /tmp/ci-python-runtime.rXB7OKBE/install/lib/python3.12/idlelib
/usr/bin/install -c -m 644 ./Lib/idlelib/filelist.py /tmp/ci-python-runtime.rXB7OKBE/install/lib/python3.12/idlelib
/usr/bin/install -c -m 644 ./Lib/idlelib/format.py /tmp/ci-python-runtime.rXB7OKBE/install/lib/python3.12/idlelib
/usr/bin/install -c -m 644 ./Lib/idlelib/grep.py /tmp/ci-python-runtime.rXB7OKBE/install/lib/python3.12/idlelib
/usr/bin/install -c -m 644 ./Lib/idlelib/help.html /tmp/ci-python-runtime.rXB7OKBE/install/lib/python3.12/idlelib
/usr/bin/install -c -m 644 ./Lib/idlelib/help.py /tmp/ci-python-runtime.rXB7OKBE/install/lib/python3.12/idlelib
/usr/bin/install -c -m 644 ./Lib/idlelib/help_about.py /tmp/ci-python-runtime.rXB7OKBE/install/lib/python3.12/idlelib
/usr/bin/install -c -m 644 ./Lib/idlelib/history.py /tmp/ci-python-runtime.rXB7OKBE/install/lib/python3.12/idlelib
/usr/bin/install -c -m 644 ./Lib/idlelib/hyperparser.py /tmp/ci-python-runtime.rXB7OKBE/install/lib/python3.12/idlelib
/usr/bin/install -c -m 644 ./Lib/idlelib/idle.bat /tmp/ci-python-runtime.rXB7OKBE/install/lib/python3.12/idlelib
/usr/bin/install -c -m 644 ./Lib/idlelib/idle.py /tmp/ci-python-runtime.rXB7OKBE/install/lib/python3.12/idlelib
/usr/bin/install -c -m 644 ./Lib/idlelib/idle.pyw /tmp/ci-python-runtime.rXB7OKBE/install/lib/python3.12/idlelib
/usr/bin/install -c -m 644 ./Lib/idlelib/iomenu.py /tmp/ci-python-runtime.rXB7OKBE/install/lib/python3.12/idlelib
/usr/bin/install -c -m 644 ./Lib/idlelib/macosx.py /tmp/ci-python-runtime.rXB7OKBE/install/lib/python3.12/idlelib
/usr/bin/install -c -m 644 ./Lib/idlelib/mainmenu.py /tmp/ci-python-runtime.rXB7OKBE/install/lib/python3.12/idlelib
/usr/bin/install -c -m 644 ./Lib/idlelib/multicall.py /tmp/ci-python-runtime.rXB7OKBE/install/lib/python3.12/idlelib
/usr/bin/install -c -m 644 ./Lib/idlelib/outwin.py /tmp/ci-python-runtime.rXB7OKBE/install/lib/python3.12/idlelib
/usr/bin/install -c -m 644 ./Lib/idlelib/parenmatch.py /tmp/ci-python-runtime.rXB7OKBE/install/lib/python3.12/idlelib
/usr/bin/install -c -m 644 ./Lib/idlelib/pathbrowser.py /tmp/ci-python-runtime.rXB7OKBE/install/lib/python3.12/idlelib
/usr/bin/install -c -m 644 ./Lib/idlelib/percolator.py /tmp/ci-python-runtime.rXB7OKBE/install/lib/python3.12/idlelib
/usr/bin/install -c -m 644 ./Lib/idlelib/pyparse.py /tmp/ci-python-runtime.rXB7OKBE/install/lib/python3.12/idlelib
/usr/bin/install -c ./Lib/idlelib/pyshell.py /tmp/ci-python-runtime.rXB7OKBE/install/lib/python3.12/idlelib
/usr/bin/install -c -m 644 ./Lib/idlelib/query.py /tmp/ci-python-runtime.rXB7OKBE/install/lib/python3.12/idlelib
/usr/bin/install -c -m 644 ./Lib/idlelib/redirector.py /tmp/ci-python-runtime.rXB7OKBE/install/lib/python3.12/idlelib
/usr/bin/install -c -m 644 ./Lib/idlelib/replace.py /tmp/ci-python-runtime.rXB7OKBE/install/lib/python3.12/idlelib
/usr/bin/install -c -m 644 ./Lib/idlelib/rpc.py /tmp/ci-python-runtime.rXB7OKBE/install/lib/python3.12/idlelib
/usr/bin/install -c -m 644 ./Lib/idlelib/run.py /tmp/ci-python-runtime.rXB7OKBE/install/lib/python3.12/idlelib
/usr/bin/install -c -m 644 ./Lib/idlelib/runscript.py /tmp/ci-python-runtime.rXB7OKBE/install/lib/python3.12/idlelib
/usr/bin/install -c -m 644 ./Lib/idlelib/scrolledlist.py /tmp/ci-python-runtime.rXB7OKBE/install/lib/python3.12/idlelib
/usr/bin/install -c -m 644 ./Lib/idlelib/search.py /tmp/ci-python-runtime.rXB7OKBE/install/lib/python3.12/idlelib
/usr/bin/install -c -m 644 ./Lib/idlelib/searchbase.py /tmp/ci-python-runtime.rXB7OKBE/install/lib/python3.12/idlelib
/usr/bin/install -c -m 644 ./Lib/idlelib/searchengine.py /tmp/ci-python-runtime.rXB7OKBE/install/lib/python3.12/idlelib
/usr/bin/install -c -m 644 ./Lib/idlelib/sidebar.py /tmp/ci-python-runtime.rXB7OKBE/install/lib/python3.12/idlelib
/usr/bin/install -c -m 644 ./Lib/idlelib/squeezer.py /tmp/ci-python-runtime.rXB7OKBE/install/lib/python3.12/idlelib
/usr/bin/install -c -m 644 ./Lib/idlelib/stackviewer.py /tmp/ci-python-runtime.rXB7OKBE/install/lib/python3.12/idlelib
/usr/bin/install -c -m 644 ./Lib/idlelib/statusbar.py /tmp/ci-python-runtime.rXB7OKBE/install/lib/python3.12/idlelib
/usr/bin/install -c -m 644 ./Lib/idlelib/textview.py /tmp/ci-python-runtime.rXB7OKBE/install/lib/python3.12/idlelib
/usr/bin/install -c -m 644 ./Lib/idlelib/tooltip.py /tmp/ci-python-runtime.rXB7OKBE/install/lib/python3.12/idlelib
/usr/bin/install -c -m 644 ./Lib/idlelib/tree.py /tmp/ci-python-runtime.rXB7OKBE/install/lib/python3.12/idlelib
/usr/bin/install -c -m 644 ./Lib/idlelib/undo.py /tmp/ci-python-runtime.rXB7OKBE/install/lib/python3.12/idlelib
/usr/bin/install -c -m 644 ./Lib/idlelib/util.py /tmp/ci-python-runtime.rXB7OKBE/install/lib/python3.12/idlelib
/usr/bin/install -c -m 644 ./Lib/idlelib/window.py /tmp/ci-python-runtime.rXB7OKBE/install/lib/python3.12/idlelib
/usr/bin/install -c -m 644 ./Lib/idlelib/zoomheight.py /tmp/ci-python-runtime.rXB7OKBE/install/lib/python3.12/idlelib
/usr/bin/install -c -m 644 ./Lib/idlelib/zzdummy.py /tmp/ci-python-runtime.rXB7OKBE/install/lib/python3.12/idlelib
/usr/bin/install -c -m 644 ./Lib/idlelib/Icons/README.txt /tmp/ci-python-runtime.rXB7OKBE/install/lib/python3.12/idlelib/Icons
/usr/bin/install -c -m 644 ./Lib/idlelib/Icons/folder.gif /tmp/ci-python-runtime.rXB7OKBE/install/lib/python3.12/idlelib/Icons
/usr/bin/install -c -m 644 ./Lib/idlelib/Icons/idle.ico /tmp/ci-python-runtime.rXB7OKBE/install/lib/python3.12/idlelib/Icons
/usr/bin/install -c -m 644 ./Lib/idlelib/Icons/idle_16.gif /tmp/ci-python-runtime.rXB7OKBE/install/lib/python3.12/idlelib/Icons
/usr/bin/install -c -m 644 ./Lib/idlelib/Icons/idle_16.png /tmp/ci-python-runtime.rXB7OKBE/install/lib/python3.12/idlelib/Icons
/usr/bin/install -c -m 644 ./Lib/idlelib/Icons/idle_256.png /tmp/ci-python-runtime.rXB7OKBE/install/lib/python3.12/idlelib/Icons
/usr/bin/install -c -m 644 ./Lib/idlelib/Icons/idle_32.gif /tmp/ci-python-runtime.rXB7OKBE/install/lib/python3.12/idlelib/Icons
/usr/bin/install -c -m 644 ./Lib/idlelib/Icons/idle_32.png /tmp/ci-python-runtime.rXB7OKBE/install/lib/python3.12/idlelib/Icons
/usr/bin/install -c -m 644 ./Lib/idlelib/Icons/idle_48.gif /tmp/ci-python-runtime.rXB7OKBE/install/lib/python3.12/idlelib/Icons
/usr/bin/install -c -m 644 ./Lib/idlelib/Icons/idle_48.png /tmp/ci-python-runtime.rXB7OKBE/install/lib/python3.12/idlelib/Icons
/usr/bin/install -c -m 644 ./Lib/idlelib/Icons/minusnode.gif /tmp/ci-python-runtime.rXB7OKBE/install/lib/python3.12/idlelib/Icons
/usr/bin/install -c -m 644 ./Lib/idlelib/Icons/openfolder.gif /tmp/ci-python-runtime.rXB7OKBE/install/lib/python3.12/idlelib/Icons
/usr/bin/install -c -m 644 ./Lib/idlelib/Icons/plusnode.gif /tmp/ci-python-runtime.rXB7OKBE/install/lib/python3.12/idlelib/Icons
/usr/bin/install -c -m 644 ./Lib/idlelib/Icons/python.gif /tmp/ci-python-runtime.rXB7OKBE/install/lib/python3.12/idlelib/Icons
/usr/bin/install -c -m 644 ./Lib/idlelib/Icons/tk.gif /tmp/ci-python-runtime.rXB7OKBE/install/lib/python3.12/idlelib/Icons
/usr/bin/install -c -m 644 ./Lib/importlib/__init__.py /tmp/ci-python-runtime.rXB7OKBE/install/lib/python3.12/importlib
/usr/bin/install -c -m 644 ./Lib/importlib/_abc.py /tmp/ci-python-runtime.rXB7OKBE/install/lib/python3.12/importlib
/usr/bin/install -c -m 644 ./Lib/importlib/_bootstrap.py /tmp/ci-python-runtime.rXB7OKBE/install/lib/python3.12/importlib
/usr/bin/install -c -m 644 ./Lib/importlib/_bootstrap_external.py /tmp/ci-python-runtime.rXB7OKBE/install/lib/python3.12/importlib
/usr/bin/install -c -m 644 ./Lib/importlib/abc.py /tmp/ci-python-runtime.rXB7OKBE/install/lib/python3.12/importlib
/usr/bin/install -c -m 644 ./Lib/importlib/machinery.py /tmp/ci-python-runtime.rXB7OKBE/install/lib/python3.12/importlib
/usr/bin/install -c -m 644 ./Lib/importlib/readers.py /tmp/ci-python-runtime.rXB7OKBE/install/lib/python3.12/importlib
/usr/bin/install -c -m 644 ./Lib/importlib/simple.py /tmp/ci-python-runtime.rXB7OKBE/install/lib/python3.12/importlib
/usr/bin/install -c -m 644 ./Lib/importlib/util.py /tmp/ci-python-runtime.rXB7OKBE/install/lib/python3.12/importlib
/usr/bin/install -c -m 644 ./Lib/importlib/resources/__init__.py /tmp/ci-python-runtime.rXB7OKBE/install/lib/python3.12/importlib/resources
/usr/bin/install -c -m 644 ./Lib/importlib/resources/_adapters.py /tmp/ci-python-runtime.rXB7OKBE/install/lib/python3.12/importlib/resources
/usr/bin/install -c -m 644 ./Lib/importlib/resources/_common.py /tmp/ci-python-runtime.rXB7OKBE/install/lib/python3.12/importlib/resources
/usr/bin/install -c -m 644 ./Lib/importlib/resources/_itertools.py /tmp/ci-python-runtime.rXB7OKBE/install/lib/python3.12/importlib/resources
/usr/bin/install -c -m 644 ./Lib/importlib/resources/_legacy.py /tmp/ci-python-runtime.rXB7OKBE/install/lib/python3.12/importlib/resources
/usr/bin/install -c -m 644 ./Lib/importlib/resources/abc.py /tmp/ci-python-runtime.rXB7OKBE/install/lib/python3.12/importlib/resources
/usr/bin/install -c -m 644 ./Lib/importlib/resources/readers.py /tmp/ci-python-runtime.rXB7OKBE/install/lib/python3.12/importlib/resources
/usr/bin/install -c -m 644 ./Lib/importlib/resources/simple.py /tmp/ci-python-runtime.rXB7OKBE/install/lib/python3.12/importlib/resources
/usr/bin/install -c -m 644 ./Lib/importlib/metadata/__init__.py /tmp/ci-python-runtime.rXB7OKBE/install/lib/python3.12/importlib/metadata
/usr/bin/install -c -m 644 ./Lib/importlib/metadata/_adapters.py /tmp/ci-python-runtime.rXB7OKBE/install/lib/python3.12/importlib/metadata
/usr/bin/install -c -m 644 ./Lib/importlib/metadata/_collections.py /tmp/ci-python-runtime.rXB7OKBE/install/lib/python3.12/importlib/metadata
/usr/bin/install -c -m 644 ./Lib/importlib/metadata/_functools.py /tmp/ci-python-runtime.rXB7OKBE/install/lib/python3.12/importlib/metadata
/usr/bin/install -c -m 644 ./Lib/importlib/metadata/_itertools.py /tmp/ci-python-runtime.rXB7OKBE/install/lib/python3.12/importlib/metadata
/usr/bin/install -c -m 644 ./Lib/importlib/metadata/_meta.py /tmp/ci-python-runtime.rXB7OKBE/install/lib/python3.12/importlib/metadata
/usr/bin/install -c -m 644 ./Lib/importlib/metadata/_text.py /tmp/ci-python-runtime.rXB7OKBE/install/lib/python3.12/importlib/metadata
/usr/bin/install -c -m 644 ./Lib/json/__init__.py /tmp/ci-python-runtime.rXB7OKBE/install/lib/python3.12/json
/usr/bin/install -c -m 644 ./Lib/json/decoder.py /tmp/ci-python-runtime.rXB7OKBE/install/lib/python3.12/json
/usr/bin/install -c -m 644 ./Lib/json/encoder.py /tmp/ci-python-runtime.rXB7OKBE/install/lib/python3.12/json
/usr/bin/install -c -m 644 ./Lib/json/scanner.py /tmp/ci-python-runtime.rXB7OKBE/install/lib/python3.12/json
/usr/bin/install -c -m 644 ./Lib/json/tool.py /tmp/ci-python-runtime.rXB7OKBE/install/lib/python3.12/json
/usr/bin/install -c -m 644 ./Lib/lib2to3/Grammar.txt /tmp/ci-python-runtime.rXB7OKBE/install/lib/python3.12/lib2to3
/usr/bin/install -c -m 644 ./Lib/lib2to3/PatternGrammar.txt /tmp/ci-python-runtime.rXB7OKBE/install/lib/python3.12/lib2to3
/usr/bin/install -c -m 644 ./Lib/lib2to3/__init__.py /tmp/ci-python-runtime.rXB7OKBE/install/lib/python3.12/lib2to3
/usr/bin/install -c -m 644 ./Lib/lib2to3/__main__.py /tmp/ci-python-runtime.rXB7OKBE/install/lib/python3.12/lib2to3
/usr/bin/install -c -m 644 ./Lib/lib2to3/btm_matcher.py /tmp/ci-python-runtime.rXB7OKBE/install/lib/python3.12/lib2to3
/usr/bin/install -c -m 644 ./Lib/lib2to3/btm_utils.py /tmp/ci-python-runtime.rXB7OKBE/install/lib/python3.12/lib2to3
/usr/bin/install -c -m 644 ./Lib/lib2to3/fixer_base.py /tmp/ci-python-runtime.rXB7OKBE/install/lib/python3.12/lib2to3
/usr/bin/install -c -m 644 ./Lib/lib2to3/fixer_util.py /tmp/ci-python-runtime.rXB7OKBE/install/lib/python3.12/lib2to3
/usr/bin/install -c -m 644 ./Lib/lib2to3/main.py /tmp/ci-python-runtime.rXB7OKBE/install/lib/python3.12/lib2to3
/usr/bin/install -c -m 644 ./Lib/lib2to3/patcomp.py /tmp/ci-python-runtime.rXB7OKBE/install/lib/python3.12/lib2to3
/usr/bin/install -c -m 644 ./Lib/lib2to3/pygram.py /tmp/ci-python-runtime.rXB7OKBE/install/lib/python3.12/lib2to3
/usr/bin/install -c -m 644 ./Lib/lib2to3/pytree.py /tmp/ci-python-runtime.rXB7OKBE/install/lib/python3.12/lib2to3
/usr/bin/install -c -m 644 ./Lib/lib2to3/refactor.py /tmp/ci-python-runtime.rXB7OKBE/install/lib/python3.12/lib2to3
/usr/bin/install -c -m 644 ./Lib/lib2to3/fixes/__init__.py /tmp/ci-python-runtime.rXB7OKBE/install/lib/python3.12/lib2to3/fixes
/usr/bin/install -c -m 644 ./Lib/lib2to3/fixes/fix_apply.py /tmp/ci-python-runtime.rXB7OKBE/install/lib/python3.12/lib2to3/fixes
/usr/bin/install -c -m 644 ./Lib/lib2to3/fixes/fix_asserts.py /tmp/ci-python-runtime.rXB7OKBE/install/lib/python3.12/lib2to3/fixes
/usr/bin/install -c -m 644 ./Lib/lib2to3/fixes/fix_basestring.py /tmp/ci-python-runtime.rXB7OKBE/install/lib/python3.12/lib2to3/fixes
/usr/bin/install -c -m 644 ./Lib/lib2to3/fixes/fix_buffer.py /tmp/ci-python-runtime.rXB7OKBE/install/lib/python3.12/lib2to3/fixes
/usr/bin/install -c -m 644 ./Lib/lib2to3/fixes/fix_dict.py /tmp/ci-python-runtime.rXB7OKBE/install/lib/python3.12/lib2to3/fixes
/usr/bin/install -c -m 644 ./Lib/lib2to3/fixes/fix_except.py /tmp/ci-python-runtime.rXB7OKBE/install/lib/python3.12/lib2to3/fixes
/usr/bin/install -c -m 644 ./Lib/lib2to3/fixes/fix_exec.py /tmp/ci-python-runtime.rXB7OKBE/install/lib/python3.12/lib2to3/fixes
/usr/bin/install -c -m 644 ./Lib/lib2to3/fixes/fix_execfile.py /tmp/ci-python-runtime.rXB7OKBE/install/lib/python3.12/lib2to3/fixes
/usr/bin/install -c -m 644 ./Lib/lib2to3/fixes/fix_exitfunc.py /tmp/ci-python-runtime.rXB7OKBE/install/lib/python3.12/lib2to3/fixes
/usr/bin/install -c -m 644 ./Lib/lib2to3/fixes/fix_filter.py /tmp/ci-python-runtime.rXB7OKBE/install/lib/python3.12/lib2to3/fixes
/usr/bin/install -c -m 644 ./Lib/lib2to3/fixes/fix_funcattrs.py /tmp/ci-python-runtime.rXB7OKBE/install/lib/python3.12/lib2to3/fixes
/usr/bin/install -c -m 644 ./Lib/lib2to3/fixes/fix_future.py /tmp/ci-python-runtime.rXB7OKBE/install/lib/python3.12/lib2to3/fixes
/usr/bin/install -c -m 644 ./Lib/lib2to3/fixes/fix_getcwdu.py /tmp/ci-python-runtime.rXB7OKBE/install/lib/python3.12/lib2to3/fixes
/usr/bin/install -c -m 644 ./Lib/lib2to3/fixes/fix_has_key.py /tmp/ci-python-runtime.rXB7OKBE/install/lib/python3.12/lib2to3/fixes
/usr/bin/install -c -m 644 ./Lib/lib2to3/fixes/fix_idioms.py /tmp/ci-python-runtime.rXB7OKBE/install/lib/python3.12/lib2to3/fixes
/usr/bin/install -c -m 644 ./Lib/lib2to3/fixes/fix_import.py /tmp/ci-python-runtime.rXB7OKBE/install/lib/python3.12/lib2to3/fixes
/usr/bin/install -c -m 644 ./Lib/lib2to3/fixes/fix_imports.py /tmp/ci-python-runtime.rXB7OKBE/install/lib/python3.12/lib2to3/fixes
/usr/bin/install -c -m 644 ./Lib/lib2to3/fixes/fix_imports2.py /tmp/ci-python-runtime.rXB7OKBE/install/lib/python3.12/lib2to3/fixes
/usr/bin/install -c -m 644 ./Lib/lib2to3/fixes/fix_input.py /tmp/ci-python-runtime.rXB7OKBE/install/lib/python3.12/lib2to3/fixes
/usr/bin/install -c -m 644 ./Lib/lib2to3/fixes/fix_intern.py /tmp/ci-python-runtime.rXB7OKBE/install/lib/python3.12/lib2to3/fixes
/usr/bin/install -c -m 644 ./Lib/lib2to3/fixes/fix_isinstance.py /tmp/ci-python-runtime.rXB7OKBE/install/lib/python3.12/lib2to3/fixes
/usr/bin/install -c -m 644 ./Lib/lib2to3/fixes/fix_itertools.py /tmp/ci-python-runtime.rXB7OKBE/install/lib/python3.12/lib2to3/fixes
/usr/bin/install -c -m 644 ./Lib/lib2to3/fixes/fix_itertools_imports.py /tmp/ci-python-runtime.rXB7OKBE/install/lib/python3.12/lib2to3/fixes
/usr/bin/install -c -m 644 ./Lib/lib2to3/fixes/fix_long.py /tmp/ci-python-runtime.rXB7OKBE/install/lib/python3.12/lib2to3/fixes
/usr/bin/install -c -m 644 ./Lib/lib2to3/fixes/fix_map.py /tmp/ci-python-runtime.rXB7OKBE/install/lib/python3.12/lib2to3/fixes
/usr/bin/install -c -m 644 ./Lib/lib2to3/fixes/fix_metaclass.py /tmp/ci-python-runtime.rXB7OKBE/install/lib/python3.12/lib2to3/fixes
/usr/bin/install -c -m 644 ./Lib/lib2to3/fixes/fix_methodattrs.py /tmp/ci-python-runtime.rXB7OKBE/install/lib/python3.12/lib2to3/fixes
/usr/bin/install -c -m 644 ./Lib/lib2to3/fixes/fix_ne.py /tmp/ci-python-runtime.rXB7OKBE/install/lib/python3.12/lib2to3/fixes
/usr/bin/install -c -m 644 ./Lib/lib2to3/fixes/fix_next.py /tmp/ci-python-runtime.rXB7OKBE/install/lib/python3.12/lib2to3/fixes
/usr/bin/install -c -m 644 ./Lib/lib2to3/fixes/fix_nonzero.py /tmp/ci-python-runtime.rXB7OKBE/install/lib/python3.12/lib2to3/fixes
/usr/bin/install -c -m 644 ./Lib/lib2to3/fixes/fix_numliterals.py /tmp/ci-python-runtime.rXB7OKBE/install/lib/python3.12/lib2to3/fixes
/usr/bin/install -c -m 644 ./Lib/lib2to3/fixes/fix_operator.py /tmp/ci-python-runtime.rXB7OKBE/install/lib/python3.12/lib2to3/fixes
/usr/bin/install -c -m 644 ./Lib/lib2to3/fixes/fix_paren.py /tmp/ci-python-runtime.rXB7OKBE/install/lib/python3.12/lib2to3/fixes
/usr/bin/install -c -m 644 ./Lib/lib2to3/fixes/fix_print.py /tmp/ci-python-runtime.rXB7OKBE/install/lib/python3.12/lib2to3/fixes
/usr/bin/install -c -m 644 ./Lib/lib2to3/fixes/fix_raise.py /tmp/ci-python-runtime.rXB7OKBE/install/lib/python3.12/lib2to3/fixes
/usr/bin/install -c -m 644 ./Lib/lib2to3/fixes/fix_raw_input.py /tmp/ci-python-runtime.rXB7OKBE/install/lib/python3.12/lib2to3/fixes
/usr/bin/install -c -m 644 ./Lib/lib2to3/fixes/fix_reduce.py /tmp/ci-python-runtime.rXB7OKBE/install/lib/python3.12/lib2to3/fixes
/usr/bin/install -c -m 644 ./Lib/lib2to3/fixes/fix_reload.py /tmp/ci-python-runtime.rXB7OKBE/install/lib/python3.12/lib2to3/fixes
/usr/bin/install -c -m 644 ./Lib/lib2to3/fixes/fix_renames.py /tmp/ci-python-runtime.rXB7OKBE/install/lib/python3.12/lib2to3/fixes
/usr/bin/install -c -m 644 ./Lib/lib2to3/fixes/fix_repr.py /tmp/ci-python-runtime.rXB7OKBE/install/lib/python3.12/lib2to3/fixes
/usr/bin/install -c -m 644 ./Lib/lib2to3/fixes/fix_set_literal.py /tmp/ci-python-runtime.rXB7OKBE/install/lib/python3.12/lib2to3/fixes
/usr/bin/install -c -m 644 ./Lib/lib2to3/fixes/fix_standarderror.py /tmp/ci-python-runtime.rXB7OKBE/install/lib/python3.12/lib2to3/fixes
/usr/bin/install -c -m 644 ./Lib/lib2to3/fixes/fix_sys_exc.py /tmp/ci-python-runtime.rXB7OKBE/install/lib/python3.12/lib2to3/fixes
/usr/bin/install -c -m 644 ./Lib/lib2to3/fixes/fix_throw.py /tmp/ci-python-runtime.rXB7OKBE/install/lib/python3.12/lib2to3/fixes
/usr/bin/install -c -m 644 ./Lib/lib2to3/fixes/fix_tuple_params.py /tmp/ci-python-runtime.rXB7OKBE/install/lib/python3.12/lib2to3/fixes
/usr/bin/install -c -m 644 ./Lib/lib2to3/fixes/fix_types.py /tmp/ci-python-runtime.rXB7OKBE/install/lib/python3.12/lib2to3/fixes
/usr/bin/install -c -m 644 ./Lib/lib2to3/fixes/fix_unicode.py /tmp/ci-python-runtime.rXB7OKBE/install/lib/python3.12/lib2to3/fixes
/usr/bin/install -c -m 644 ./Lib/lib2to3/fixes/fix_urllib.py /tmp/ci-python-runtime.rXB7OKBE/install/lib/python3.12/lib2to3/fixes
/usr/bin/install -c -m 644 ./Lib/lib2to3/fixes/fix_ws_comma.py /tmp/ci-python-runtime.rXB7OKBE/install/lib/python3.12/lib2to3/fixes
/usr/bin/install -c -m 644 ./Lib/lib2to3/fixes/fix_xrange.py /tmp/ci-python-runtime.rXB7OKBE/install/lib/python3.12/lib2to3/fixes
/usr/bin/install -c -m 644 ./Lib/lib2to3/fixes/fix_xreadlines.py /tmp/ci-python-runtime.rXB7OKBE/install/lib/python3.12/lib2to3/fixes
/usr/bin/install -c -m 644 ./Lib/lib2to3/fixes/fix_zip.py /tmp/ci-python-runtime.rXB7OKBE/install/lib/python3.12/lib2to3/fixes
/usr/bin/install -c -m 644 ./Lib/lib2to3/pgen2/__init__.py /tmp/ci-python-runtime.rXB7OKBE/install/lib/python3.12/lib2to3/pgen2
/usr/bin/install -c -m 644 ./Lib/lib2to3/pgen2/conv.py /tmp/ci-python-runtime.rXB7OKBE/install/lib/python3.12/lib2to3/pgen2
/usr/bin/install -c -m 644 ./Lib/lib2to3/pgen2/driver.py /tmp/ci-python-runtime.rXB7OKBE/install/lib/python3.12/lib2to3/pgen2
/usr/bin/install -c -m 644 ./Lib/lib2to3/pgen2/grammar.py /tmp/ci-python-runtime.rXB7OKBE/install/lib/python3.12/lib2to3/pgen2
/usr/bin/install -c -m 644 ./Lib/lib2to3/pgen2/literals.py /tmp/ci-python-runtime.rXB7OKBE/install/lib/python3.12/lib2to3/pgen2
/usr/bin/install -c -m 644 ./Lib/lib2to3/pgen2/parse.py /tmp/ci-python-runtime.rXB7OKBE/install/lib/python3.12/lib2to3/pgen2
/usr/bin/install -c -m 644 ./Lib/lib2to3/pgen2/pgen.py /tmp/ci-python-runtime.rXB7OKBE/install/lib/python3.12/lib2to3/pgen2
/usr/bin/install -c ./Lib/lib2to3/pgen2/token.py /tmp/ci-python-runtime.rXB7OKBE/install/lib/python3.12/lib2to3/pgen2
/usr/bin/install -c -m 644 ./Lib/lib2to3/pgen2/tokenize.py /tmp/ci-python-runtime.rXB7OKBE/install/lib/python3.12/lib2to3/pgen2
/usr/bin/install -c -m 644 ./Lib/logging/__init__.py /tmp/ci-python-runtime.rXB7OKBE/install/lib/python3.12/logging
/usr/bin/install -c -m 644 ./Lib/logging/config.py /tmp/ci-python-runtime.rXB7OKBE/install/lib/python3.12/logging
/usr/bin/install -c -m 644 ./Lib/logging/handlers.py /tmp/ci-python-runtime.rXB7OKBE/install/lib/python3.12/logging
/usr/bin/install -c -m 644 ./Lib/multiprocessing/__init__.py /tmp/ci-python-runtime.rXB7OKBE/install/lib/python3.12/multiprocessing
/usr/bin/install -c -m 644 ./Lib/multiprocessing/connection.py /tmp/ci-python-runtime.rXB7OKBE/install/lib/python3.12/multiprocessing
/usr/bin/install -c -m 644 ./Lib/multiprocessing/context.py /tmp/ci-python-runtime.rXB7OKBE/install/lib/python3.12/multiprocessing
/usr/bin/install -c -m 644 ./Lib/multiprocessing/forkserver.py /tmp/ci-python-runtime.rXB7OKBE/install/lib/python3.12/multiprocessing
/usr/bin/install -c -m 644 ./Lib/multiprocessing/heap.py /tmp/ci-python-runtime.rXB7OKBE/install/lib/python3.12/multiprocessing
/usr/bin/install -c -m 644 ./Lib/multiprocessing/managers.py /tmp/ci-python-runtime.rXB7OKBE/install/lib/python3.12/multiprocessing
/usr/bin/install -c -m 644 ./Lib/multiprocessing/pool.py /tmp/ci-python-runtime.rXB7OKBE/install/lib/python3.12/multiprocessing
/usr/bin/install -c -m 644 ./Lib/multiprocessing/popen_fork.py /tmp/ci-python-runtime.rXB7OKBE/install/lib/python3.12/multiprocessing
/usr/bin/install -c -m 644 ./Lib/multiprocessing/popen_forkserver.py /tmp/ci-python-runtime.rXB7OKBE/install/lib/python3.12/multiprocessing
/usr/bin/install -c -m 644 ./Lib/multiprocessing/popen_spawn_posix.py /tmp/ci-python-runtime.rXB7OKBE/install/lib/python3.12/multiprocessing
/usr/bin/install -c -m 644 ./Lib/multiprocessing/popen_spawn_win32.py /tmp/ci-python-runtime.rXB7OKBE/install/lib/python3.12/multiprocessing
/usr/bin/install -c -m 644 ./Lib/multiprocessing/process.py /tmp/ci-python-runtime.rXB7OKBE/install/lib/python3.12/multiprocessing
/usr/bin/install -c -m 644 ./Lib/multiprocessing/queues.py /tmp/ci-python-runtime.rXB7OKBE/install/lib/python3.12/multiprocessing
/usr/bin/install -c -m 644 ./Lib/multiprocessing/reduction.py /tmp/ci-python-runtime.rXB7OKBE/install/lib/python3.12/multiprocessing
/usr/bin/install -c -m 644 ./Lib/multiprocessing/resource_sharer.py /tmp/ci-python-runtime.rXB7OKBE/install/lib/python3.12/multiprocessing
/usr/bin/install -c -m 644 ./Lib/multiprocessing/resource_tracker.py /tmp/ci-python-runtime.rXB7OKBE/install/lib/python3.12/multiprocessing
/usr/bin/install -c -m 644 ./Lib/multiprocessing/shared_memory.py /tmp/ci-python-runtime.rXB7OKBE/install/lib/python3.12/multiprocessing
/usr/bin/install -c -m 644 ./Lib/multiprocessing/sharedctypes.py /tmp/ci-python-runtime.rXB7OKBE/install/lib/python3.12/multiprocessing
/usr/bin/install -c -m 644 ./Lib/multiprocessing/spawn.py /tmp/ci-python-runtime.rXB7OKBE/install/lib/python3.12/multiprocessing
/usr/bin/install -c -m 644 ./Lib/multiprocessing/synchronize.py /tmp/ci-python-runtime.rXB7OKBE/install/lib/python3.12/multiprocessing
/usr/bin/install -c -m 644 ./Lib/multiprocessing/util.py /tmp/ci-python-runtime.rXB7OKBE/install/lib/python3.12/multiprocessing
/usr/bin/install -c -m 644 ./Lib/multiprocessing/dummy/__init__.py /tmp/ci-python-runtime.rXB7OKBE/install/lib/python3.12/multiprocessing/dummy
/usr/bin/install -c -m 644 ./Lib/multiprocessing/dummy/connection.py /tmp/ci-python-runtime.rXB7OKBE/install/lib/python3.12/multiprocessing/dummy
/usr/bin/install -c -m 644 ./Lib/pydoc_data/__init__.py /tmp/ci-python-runtime.rXB7OKBE/install/lib/python3.12/pydoc_data
/usr/bin/install -c -m 644 ./Lib/pydoc_data/_pydoc.css /tmp/ci-python-runtime.rXB7OKBE/install/lib/python3.12/pydoc_data
/usr/bin/install -c -m 644 ./Lib/pydoc_data/topics.py /tmp/ci-python-runtime.rXB7OKBE/install/lib/python3.12/pydoc_data
/usr/bin/install -c -m 644 ./Lib/re/__init__.py /tmp/ci-python-runtime.rXB7OKBE/install/lib/python3.12/re
/usr/bin/install -c -m 644 ./Lib/re/_casefix.py /tmp/ci-python-runtime.rXB7OKBE/install/lib/python3.12/re
/usr/bin/install -c -m 644 ./Lib/re/_compiler.py /tmp/ci-python-runtime.rXB7OKBE/install/lib/python3.12/re
/usr/bin/install -c -m 644 ./Lib/re/_constants.py /tmp/ci-python-runtime.rXB7OKBE/install/lib/python3.12/re
/usr/bin/install -c -m 644 ./Lib/re/_parser.py /tmp/ci-python-runtime.rXB7OKBE/install/lib/python3.12/re
/usr/bin/install -c -m 644 ./Lib/site-packages/README.txt /tmp/ci-python-runtime.rXB7OKBE/install/lib/python3.12/site-packages
/usr/bin/install -c -m 644 ./Lib/sqlite3/__init__.py /tmp/ci-python-runtime.rXB7OKBE/install/lib/python3.12/sqlite3
/usr/bin/install -c -m 644 ./Lib/sqlite3/__main__.py /tmp/ci-python-runtime.rXB7OKBE/install/lib/python3.12/sqlite3
/usr/bin/install -c -m 644 ./Lib/sqlite3/dbapi2.py /tmp/ci-python-runtime.rXB7OKBE/install/lib/python3.12/sqlite3
/usr/bin/install -c -m 644 ./Lib/sqlite3/dump.py /tmp/ci-python-runtime.rXB7OKBE/install/lib/python3.12/sqlite3
/usr/bin/install -c -m 644 ./Lib/tkinter/__init__.py /tmp/ci-python-runtime.rXB7OKBE/install/lib/python3.12/tkinter
/usr/bin/install -c -m 644 ./Lib/tkinter/__main__.py /tmp/ci-python-runtime.rXB7OKBE/install/lib/python3.12/tkinter
/usr/bin/install -c -m 644 ./Lib/tkinter/colorchooser.py /tmp/ci-python-runtime.rXB7OKBE/install/lib/python3.12/tkinter
/usr/bin/install -c -m 644 ./Lib/tkinter/commondialog.py /tmp/ci-python-runtime.rXB7OKBE/install/lib/python3.12/tkinter
/usr/bin/install -c -m 644 ./Lib/tkinter/constants.py /tmp/ci-python-runtime.rXB7OKBE/install/lib/python3.12/tkinter
/usr/bin/install -c -m 644 ./Lib/tkinter/dialog.py /tmp/ci-python-runtime.rXB7OKBE/install/lib/python3.12/tkinter
/usr/bin/install -c -m 644 ./Lib/tkinter/dnd.py /tmp/ci-python-runtime.rXB7OKBE/install/lib/python3.12/tkinter
/usr/bin/install -c -m 644 ./Lib/tkinter/filedialog.py /tmp/ci-python-runtime.rXB7OKBE/install/lib/python3.12/tkinter
/usr/bin/install -c -m 644 ./Lib/tkinter/font.py /tmp/ci-python-runtime.rXB7OKBE/install/lib/python3.12/tkinter
/usr/bin/install -c -m 644 ./Lib/tkinter/messagebox.py /tmp/ci-python-runtime.rXB7OKBE/install/lib/python3.12/tkinter
/usr/bin/install -c -m 644 ./Lib/tkinter/scrolledtext.py /tmp/ci-python-runtime.rXB7OKBE/install/lib/python3.12/tkinter
/usr/bin/install -c -m 644 ./Lib/tkinter/simpledialog.py /tmp/ci-python-runtime.rXB7OKBE/install/lib/python3.12/tkinter
/usr/bin/install -c -m 644 ./Lib/tkinter/tix.py /tmp/ci-python-runtime.rXB7OKBE/install/lib/python3.12/tkinter
/usr/bin/install -c -m 644 ./Lib/tkinter/ttk.py /tmp/ci-python-runtime.rXB7OKBE/install/lib/python3.12/tkinter
/usr/bin/install -c -m 644 ./Lib/tomllib/__init__.py /tmp/ci-python-runtime.rXB7OKBE/install/lib/python3.12/tomllib
/usr/bin/install -c -m 644 ./Lib/tomllib/_parser.py /tmp/ci-python-runtime.rXB7OKBE/install/lib/python3.12/tomllib
/usr/bin/install -c -m 644 ./Lib/tomllib/_re.py /tmp/ci-python-runtime.rXB7OKBE/install/lib/python3.12/tomllib
/usr/bin/install -c -m 644 ./Lib/tomllib/_types.py /tmp/ci-python-runtime.rXB7OKBE/install/lib/python3.12/tomllib
/usr/bin/install -c -m 644 ./Lib/turtledemo/__init__.py /tmp/ci-python-runtime.rXB7OKBE/install/lib/python3.12/turtledemo
/usr/bin/install -c ./Lib/turtledemo/__main__.py /tmp/ci-python-runtime.rXB7OKBE/install/lib/python3.12/turtledemo
/usr/bin/install -c ./Lib/turtledemo/bytedesign.py /tmp/ci-python-runtime.rXB7OKBE/install/lib/python3.12/turtledemo
/usr/bin/install -c -m 644 ./Lib/turtledemo/chaos.py /tmp/ci-python-runtime.rXB7OKBE/install/lib/python3.12/turtledemo
/usr/bin/install -c ./Lib/turtledemo/clock.py /tmp/ci-python-runtime.rXB7OKBE/install/lib/python3.12/turtledemo
/usr/bin/install -c -m 644 ./Lib/turtledemo/colormixer.py /tmp/ci-python-runtime.rXB7OKBE/install/lib/python3.12/turtledemo
/usr/bin/install -c ./Lib/turtledemo/forest.py /tmp/ci-python-runtime.rXB7OKBE/install/lib/python3.12/turtledemo
/usr/bin/install -c ./Lib/turtledemo/fractalcurves.py /tmp/ci-python-runtime.rXB7OKBE/install/lib/python3.12/turtledemo
/usr/bin/install -c ./Lib/turtledemo/lindenmayer.py /tmp/ci-python-runtime.rXB7OKBE/install/lib/python3.12/turtledemo
/usr/bin/install -c ./Lib/turtledemo/minimal_hanoi.py /tmp/ci-python-runtime.rXB7OKBE/install/lib/python3.12/turtledemo
/usr/bin/install -c -m 644 ./Lib/turtledemo/nim.py /tmp/ci-python-runtime.rXB7OKBE/install/lib/python3.12/turtledemo
/usr/bin/install -c ./Lib/turtledemo/paint.py /tmp/ci-python-runtime.rXB7OKBE/install/lib/python3.12/turtledemo
/usr/bin/install -c ./Lib/turtledemo/peace.py /tmp/ci-python-runtime.rXB7OKBE/install/lib/python3.12/turtledemo
/usr/bin/install -c ./Lib/turtledemo/penrose.py /tmp/ci-python-runtime.rXB7OKBE/install/lib/python3.12/turtledemo
/usr/bin/install -c ./Lib/turtledemo/planet_and_moon.py /tmp/ci-python-runtime.rXB7OKBE/install/lib/python3.12/turtledemo
/usr/bin/install -c -m 644 ./Lib/turtledemo/rosette.py /tmp/ci-python-runtime.rXB7OKBE/install/lib/python3.12/turtledemo
/usr/bin/install -c -m 644 ./Lib/turtledemo/round_dance.py /tmp/ci-python-runtime.rXB7OKBE/install/lib/python3.12/turtledemo
/usr/bin/install -c ./Lib/turtledemo/sorting_animate.py /tmp/ci-python-runtime.rXB7OKBE/install/lib/python3.12/turtledemo
/usr/bin/install -c ./Lib/turtledemo/tree.py /tmp/ci-python-runtime.rXB7OKBE/install/lib/python3.12/turtledemo
/usr/bin/install -c -m 644 ./Lib/turtledemo/turtle.cfg /tmp/ci-python-runtime.rXB7OKBE/install/lib/python3.12/turtledemo
/usr/bin/install -c -m 644 ./Lib/turtledemo/two_canvases.py /tmp/ci-python-runtime.rXB7OKBE/install/lib/python3.12/turtledemo
/usr/bin/install -c ./Lib/turtledemo/yinyang.py /tmp/ci-python-runtime.rXB7OKBE/install/lib/python3.12/turtledemo
/usr/bin/install -c -m 644 ./Lib/unittest/__init__.py /tmp/ci-python-runtime.rXB7OKBE/install/lib/python3.12/unittest
/usr/bin/install -c -m 644 ./Lib/unittest/__main__.py /tmp/ci-python-runtime.rXB7OKBE/install/lib/python3.12/unittest
/usr/bin/install -c -m 644 ./Lib/unittest/_log.py /tmp/ci-python-runtime.rXB7OKBE/install/lib/python3.12/unittest
/usr/bin/install -c -m 644 ./Lib/unittest/async_case.py /tmp/ci-python-runtime.rXB7OKBE/install/lib/python3.12/unittest
/usr/bin/install -c -m 644 ./Lib/unittest/case.py /tmp/ci-python-runtime.rXB7OKBE/install/lib/python3.12/unittest
/usr/bin/install -c -m 644 ./Lib/unittest/loader.py /tmp/ci-python-runtime.rXB7OKBE/install/lib/python3.12/unittest
/usr/bin/install -c -m 644 ./Lib/unittest/main.py /tmp/ci-python-runtime.rXB7OKBE/install/lib/python3.12/unittest
/usr/bin/install -c -m 644 ./Lib/unittest/mock.py /tmp/ci-python-runtime.rXB7OKBE/install/lib/python3.12/unittest
/usr/bin/install -c -m 644 ./Lib/unittest/result.py /tmp/ci-python-runtime.rXB7OKBE/install/lib/python3.12/unittest
/usr/bin/install -c -m 644 ./Lib/unittest/runner.py /tmp/ci-python-runtime.rXB7OKBE/install/lib/python3.12/unittest
/usr/bin/install -c -m 644 ./Lib/unittest/signals.py /tmp/ci-python-runtime.rXB7OKBE/install/lib/python3.12/unittest
/usr/bin/install -c -m 644 ./Lib/unittest/suite.py /tmp/ci-python-runtime.rXB7OKBE/install/lib/python3.12/unittest
/usr/bin/install -c -m 644 ./Lib/unittest/util.py /tmp/ci-python-runtime.rXB7OKBE/install/lib/python3.12/unittest
/usr/bin/install -c -m 644 ./Lib/urllib/__init__.py /tmp/ci-python-runtime.rXB7OKBE/install/lib/python3.12/urllib
/usr/bin/install -c -m 644 ./Lib/urllib/error.py /tmp/ci-python-runtime.rXB7OKBE/install/lib/python3.12/urllib
/usr/bin/install -c -m 644 ./Lib/urllib/parse.py /tmp/ci-python-runtime.rXB7OKBE/install/lib/python3.12/urllib
/usr/bin/install -c -m 644 ./Lib/urllib/request.py /tmp/ci-python-runtime.rXB7OKBE/install/lib/python3.12/urllib
/usr/bin/install -c -m 644 ./Lib/urllib/response.py /tmp/ci-python-runtime.rXB7OKBE/install/lib/python3.12/urllib
/usr/bin/install -c -m 644 ./Lib/urllib/robotparser.py /tmp/ci-python-runtime.rXB7OKBE/install/lib/python3.12/urllib
/usr/bin/install -c -m 644 ./Lib/venv/__init__.py /tmp/ci-python-runtime.rXB7OKBE/install/lib/python3.12/venv
/usr/bin/install -c -m 644 ./Lib/venv/__main__.py /tmp/ci-python-runtime.rXB7OKBE/install/lib/python3.12/venv
/usr/bin/install -c -m 644 ./Lib/venv/scripts/common/Activate.ps1 /tmp/ci-python-runtime.rXB7OKBE/install/lib/python3.12/venv/scripts/common
/usr/bin/install -c -m 644 ./Lib/venv/scripts/common/activate /tmp/ci-python-runtime.rXB7OKBE/install/lib/python3.12/venv/scripts/common
/usr/bin/install -c -m 644 ./Lib/venv/scripts/posix/activate.csh /tmp/ci-python-runtime.rXB7OKBE/install/lib/python3.12/venv/scripts/posix
/usr/bin/install -c -m 644 ./Lib/venv/scripts/posix/activate.fish /tmp/ci-python-runtime.rXB7OKBE/install/lib/python3.12/venv/scripts/posix
/usr/bin/install -c -m 644 ./Lib/wsgiref/__init__.py /tmp/ci-python-runtime.rXB7OKBE/install/lib/python3.12/wsgiref
/usr/bin/install -c -m 644 ./Lib/wsgiref/handlers.py /tmp/ci-python-runtime.rXB7OKBE/install/lib/python3.12/wsgiref
/usr/bin/install -c -m 644 ./Lib/wsgiref/headers.py /tmp/ci-python-runtime.rXB7OKBE/install/lib/python3.12/wsgiref
/usr/bin/install -c -m 644 ./Lib/wsgiref/simple_server.py /tmp/ci-python-runtime.rXB7OKBE/install/lib/python3.12/wsgiref
/usr/bin/install -c -m 644 ./Lib/wsgiref/types.py /tmp/ci-python-runtime.rXB7OKBE/install/lib/python3.12/wsgiref
/usr/bin/install -c -m 644 ./Lib/wsgiref/util.py /tmp/ci-python-runtime.rXB7OKBE/install/lib/python3.12/wsgiref
/usr/bin/install -c -m 644 ./Lib/wsgiref/validate.py /tmp/ci-python-runtime.rXB7OKBE/install/lib/python3.12/wsgiref
/usr/bin/install -c -m 644 ./Lib/xml/__init__.py /tmp/ci-python-runtime.rXB7OKBE/install/lib/python3.12/xml
/usr/bin/install -c -m 644 ./Lib/xml/dom/NodeFilter.py /tmp/ci-python-runtime.rXB7OKBE/install/lib/python3.12/xml/dom
/usr/bin/install -c -m 644 ./Lib/xml/dom/__init__.py /tmp/ci-python-runtime.rXB7OKBE/install/lib/python3.12/xml/dom
/usr/bin/install -c -m 644 ./Lib/xml/dom/domreg.py /tmp/ci-python-runtime.rXB7OKBE/install/lib/python3.12/xml/dom
/usr/bin/install -c -m 644 ./Lib/xml/dom/expatbuilder.py /tmp/ci-python-runtime.rXB7OKBE/install/lib/python3.12/xml/dom
/usr/bin/install -c -m 644 ./Lib/xml/dom/minicompat.py /tmp/ci-python-runtime.rXB7OKBE/install/lib/python3.12/xml/dom
/usr/bin/install -c -m 644 ./Lib/xml/dom/minidom.py /tmp/ci-python-runtime.rXB7OKBE/install/lib/python3.12/xml/dom
/usr/bin/install -c -m 644 ./Lib/xml/dom/pulldom.py /tmp/ci-python-runtime.rXB7OKBE/install/lib/python3.12/xml/dom
/usr/bin/install -c -m 644 ./Lib/xml/dom/xmlbuilder.py /tmp/ci-python-runtime.rXB7OKBE/install/lib/python3.12/xml/dom
/usr/bin/install -c -m 644 ./Lib/xml/etree/ElementInclude.py /tmp/ci-python-runtime.rXB7OKBE/install/lib/python3.12/xml/etree
/usr/bin/install -c -m 644 ./Lib/xml/etree/ElementPath.py /tmp/ci-python-runtime.rXB7OKBE/install/lib/python3.12/xml/etree
/usr/bin/install -c -m 644 ./Lib/xml/etree/ElementTree.py /tmp/ci-python-runtime.rXB7OKBE/install/lib/python3.12/xml/etree
/usr/bin/install -c -m 644 ./Lib/xml/etree/__init__.py /tmp/ci-python-runtime.rXB7OKBE/install/lib/python3.12/xml/etree
/usr/bin/install -c -m 644 ./Lib/xml/etree/cElementTree.py /tmp/ci-python-runtime.rXB7OKBE/install/lib/python3.12/xml/etree
/usr/bin/install -c -m 644 ./Lib/xml/parsers/__init__.py /tmp/ci-python-runtime.rXB7OKBE/install/lib/python3.12/xml/parsers
/usr/bin/install -c -m 644 ./Lib/xml/parsers/expat.py /tmp/ci-python-runtime.rXB7OKBE/install/lib/python3.12/xml/parsers
/usr/bin/install -c -m 644 ./Lib/xml/sax/__init__.py /tmp/ci-python-runtime.rXB7OKBE/install/lib/python3.12/xml/sax
/usr/bin/install -c -m 644 ./Lib/xml/sax/_exceptions.py /tmp/ci-python-runtime.rXB7OKBE/install/lib/python3.12/xml/sax
/usr/bin/install -c -m 644 ./Lib/xml/sax/expatreader.py /tmp/ci-python-runtime.rXB7OKBE/install/lib/python3.12/xml/sax
/usr/bin/install -c -m 644 ./Lib/xml/sax/handler.py /tmp/ci-python-runtime.rXB7OKBE/install/lib/python3.12/xml/sax
/usr/bin/install -c -m 644 ./Lib/xml/sax/saxutils.py /tmp/ci-python-runtime.rXB7OKBE/install/lib/python3.12/xml/sax
/usr/bin/install -c -m 644 ./Lib/xml/sax/xmlreader.py /tmp/ci-python-runtime.rXB7OKBE/install/lib/python3.12/xml/sax
/usr/bin/install -c -m 644 ./Lib/xmlrpc/__init__.py /tmp/ci-python-runtime.rXB7OKBE/install/lib/python3.12/xmlrpc
/usr/bin/install -c -m 644 ./Lib/xmlrpc/client.py /tmp/ci-python-runtime.rXB7OKBE/install/lib/python3.12/xmlrpc
/usr/bin/install -c -m 644 ./Lib/xmlrpc/server.py /tmp/ci-python-runtime.rXB7OKBE/install/lib/python3.12/xmlrpc
/usr/bin/install -c -m 644 ./Lib/zipfile/__init__.py /tmp/ci-python-runtime.rXB7OKBE/install/lib/python3.12/zipfile
/usr/bin/install -c -m 644 ./Lib/zipfile/__main__.py /tmp/ci-python-runtime.rXB7OKBE/install/lib/python3.12/zipfile
/usr/bin/install -c -m 644 ./Lib/zipfile/_path/__init__.py /tmp/ci-python-runtime.rXB7OKBE/install/lib/python3.12/zipfile/_path
/usr/bin/install -c -m 644 ./Lib/zipfile/_path/glob.py /tmp/ci-python-runtime.rXB7OKBE/install/lib/python3.12/zipfile/_path
/usr/bin/install -c -m 644 ./Lib/zoneinfo/__init__.py /tmp/ci-python-runtime.rXB7OKBE/install/lib/python3.12/zoneinfo
/usr/bin/install -c -m 644 ./Lib/zoneinfo/_common.py /tmp/ci-python-runtime.rXB7OKBE/install/lib/python3.12/zoneinfo
/usr/bin/install -c -m 644 ./Lib/zoneinfo/_tzpath.py /tmp/ci-python-runtime.rXB7OKBE/install/lib/python3.12/zoneinfo
/usr/bin/install -c -m 644 ./Lib/zoneinfo/_zoneinfo.py /tmp/ci-python-runtime.rXB7OKBE/install/lib/python3.12/zoneinfo
/usr/bin/install -c -m 644 ./Lib/__phello__/__init__.py /tmp/ci-python-runtime.rXB7OKBE/install/lib/python3.12/__phello__
/usr/bin/install -c -m 644 ./Lib/__phello__/spam.py /tmp/ci-python-runtime.rXB7OKBE/install/lib/python3.12/__phello__
/usr/bin/install -c -m 644 ./Lib/idlelib/idle_test/README.txt /tmp/ci-python-runtime.rXB7OKBE/install/lib/python3.12/idlelib/idle_test
/usr/bin/install -c -m 644 ./Lib/idlelib/idle_test/__init__.py /tmp/ci-python-runtime.rXB7OKBE/install/lib/python3.12/idlelib/idle_test
/usr/bin/install -c -m 644 ./Lib/idlelib/idle_test/example_noext /tmp/ci-python-runtime.rXB7OKBE/install/lib/python3.12/idlelib/idle_test
/usr/bin/install -c -m 644 ./Lib/idlelib/idle_test/example_stub.pyi /tmp/ci-python-runtime.rXB7OKBE/install/lib/python3.12/idlelib/idle_test
/usr/bin/install -c -m 644 ./Lib/idlelib/idle_test/htest.py /tmp/ci-python-runtime.rXB7OKBE/install/lib/python3.12/idlelib/idle_test
/usr/bin/install -c -m 644 ./Lib/idlelib/idle_test/mock_idle.py /tmp/ci-python-runtime.rXB7OKBE/install/lib/python3.12/idlelib/idle_test
/usr/bin/install -c -m 644 ./Lib/idlelib/idle_test/mock_tk.py /tmp/ci-python-runtime.rXB7OKBE/install/lib/python3.12/idlelib/idle_test
/usr/bin/install -c -m 644 ./Lib/idlelib/idle_test/template.py /tmp/ci-python-runtime.rXB7OKBE/install/lib/python3.12/idlelib/idle_test
/usr/bin/install -c -m 644 ./Lib/idlelib/idle_test/test_autocomplete.py /tmp/ci-python-runtime.rXB7OKBE/install/lib/python3.12/idlelib/idle_test
/usr/bin/install -c -m 644 ./Lib/idlelib/idle_test/test_autocomplete_w.py /tmp/ci-python-runtime.rXB7OKBE/install/lib/python3.12/idlelib/idle_test
/usr/bin/install -c -m 644 ./Lib/idlelib/idle_test/test_autoexpand.py /tmp/ci-python-runtime.rXB7OKBE/install/lib/python3.12/idlelib/idle_test
/usr/bin/install -c -m 644 ./Lib/idlelib/idle_test/test_browser.py /tmp/ci-python-runtime.rXB7OKBE/install/lib/python3.12/idlelib/idle_test
/usr/bin/install -c -m 644 ./Lib/idlelib/idle_test/test_calltip.py /tmp/ci-python-runtime.rXB7OKBE/install/lib/python3.12/idlelib/idle_test
/usr/bin/install -c -m 644 ./Lib/idlelib/idle_test/test_calltip_w.py /tmp/ci-python-runtime.rXB7OKBE/install/lib/python3.12/idlelib/idle_test
/usr/bin/install -c -m 644 ./Lib/idlelib/idle_test/test_codecontext.py /tmp/ci-python-runtime.rXB7OKBE/install/lib/python3.12/idlelib/idle_test
/usr/bin/install -c -m 644 ./Lib/idlelib/idle_test/test_colorizer.py /tmp/ci-python-runtime.rXB7OKBE/install/lib/python3.12/idlelib/idle_test
/usr/bin/install -c -m 644 ./Lib/idlelib/idle_test/test_config.py /tmp/ci-python-runtime.rXB7OKBE/install/lib/python3.12/idlelib/idle_test
/usr/bin/install -c -m 644 ./Lib/idlelib/idle_test/test_config_key.py /tmp/ci-python-runtime.rXB7OKBE/install/lib/python3.12/idlelib/idle_test
/usr/bin/install -c -m 644 ./Lib/idlelib/idle_test/test_configdialog.py /tmp/ci-python-runtime.rXB7OKBE/install/lib/python3.12/idlelib/idle_test
/usr/bin/install -c -m 644 ./Lib/idlelib/idle_test/test_debugger.py /tmp/ci-python-runtime.rXB7OKBE/install/lib/python3.12/idlelib/idle_test
/usr/bin/install -c -m 644 ./Lib/idlelib/idle_test/test_debugger_r.py /tmp/ci-python-runtime.rXB7OKBE/install/lib/python3.12/idlelib/idle_test
/usr/bin/install -c -m 644 ./Lib/idlelib/idle_test/test_debugobj.py /tmp/ci-python-runtime.rXB7OKBE/install/lib/python3.12/idlelib/idle_test
/usr/bin/install -c -m 644 ./Lib/idlelib/idle_test/test_debugobj_r.py /tmp/ci-python-runtime.rXB7OKBE/install/lib/python3.12/idlelib/idle_test
/usr/bin/install -c -m 644 ./Lib/idlelib/idle_test/test_delegator.py /tmp/ci-python-runtime.rXB7OKBE/install/lib/python3.12/idlelib/idle_test
/usr/bin/install -c -m 644 ./Lib/idlelib/idle_test/test_editmenu.py /tmp/ci-python-runtime.rXB7OKBE/install/lib/python3.12/idlelib/idle_test
/usr/bin/install -c -m 644 ./Lib/idlelib/idle_test/test_editor.py /tmp/ci-python-runtime.rXB7OKBE/install/lib/python3.12/idlelib/idle_test
/usr/bin/install -c -m 644 ./Lib/idlelib/idle_test/test_filelist.py /tmp/ci-python-runtime.rXB7OKBE/install/lib/python3.12/idlelib/idle_test
/usr/bin/install -c -m 644 ./Lib/idlelib/idle_test/test_format.py /tmp/ci-python-runtime.rXB7OKBE/install/lib/python3.12/idlelib/idle_test
/usr/bin/install -c -m 644 ./Lib/idlelib/idle_test/test_grep.py /tmp/ci-python-runtime.rXB7OKBE/install/lib/python3.12/idlelib/idle_test
/usr/bin/install -c -m 644 ./Lib/idlelib/idle_test/test_help.py /tmp/ci-python-runtime.rXB7OKBE/install/lib/python3.12/idlelib/idle_test
/usr/bin/install -c -m 644 ./Lib/idlelib/idle_test/test_help_about.py /tmp/ci-python-runtime.rXB7OKBE/install/lib/python3.12/idlelib/idle_test
/usr/bin/install -c -m 644 ./Lib/idlelib/idle_test/test_history.py /tmp/ci-python-runtime.rXB7OKBE/install/lib/python3.12/idlelib/idle_test
/usr/bin/install -c -m 644 ./Lib/idlelib/idle_test/test_hyperparser.py /tmp/ci-python-runtime.rXB7OKBE/install/lib/python3.12/idlelib/idle_test
/usr/bin/install -c -m 644 ./Lib/idlelib/idle_test/test_iomenu.py /tmp/ci-python-runtime.rXB7OKBE/install/lib/python3.12/idlelib/idle_test
/usr/bin/install -c -m 644 ./Lib/idlelib/idle_test/test_macosx.py /tmp/ci-python-runtime.rXB7OKBE/install/lib/python3.12/idlelib/idle_test
/usr/bin/install -c -m 644 ./Lib/idlelib/idle_test/test_mainmenu.py /tmp/ci-python-runtime.rXB7OKBE/install/lib/python3.12/idlelib/idle_test
/usr/bin/install -c -m 644 ./Lib/idlelib/idle_test/test_multicall.py /tmp/ci-python-runtime.rXB7OKBE/install/lib/python3.12/idlelib/idle_test
/usr/bin/install -c -m 644 ./Lib/idlelib/idle_test/test_outwin.py /tmp/ci-python-runtime.rXB7OKBE/install/lib/python3.12/idlelib/idle_test
/usr/bin/install -c -m 644 ./Lib/idlelib/idle_test/test_parenmatch.py /tmp/ci-python-runtime.rXB7OKBE/install/lib/python3.12/idlelib/idle_test
/usr/bin/install -c -m 644 ./Lib/idlelib/idle_test/test_pathbrowser.py /tmp/ci-python-runtime.rXB7OKBE/install/lib/python3.12/idlelib/idle_test
/usr/bin/install -c -m 644 ./Lib/idlelib/idle_test/test_percolator.py /tmp/ci-python-runtime.rXB7OKBE/install/lib/python3.12/idlelib/idle_test
/usr/bin/install -c -m 644 ./Lib/idlelib/idle_test/test_pyparse.py /tmp/ci-python-runtime.rXB7OKBE/install/lib/python3.12/idlelib/idle_test
/usr/bin/install -c -m 644 ./Lib/idlelib/idle_test/test_pyshell.py /tmp/ci-python-runtime.rXB7OKBE/install/lib/python3.12/idlelib/idle_test
/usr/bin/install -c -m 644 ./Lib/idlelib/idle_test/test_query.py /tmp/ci-python-runtime.rXB7OKBE/install/lib/python3.12/idlelib/idle_test
/usr/bin/install -c -m 644 ./Lib/idlelib/idle_test/test_redirector.py /tmp/ci-python-runtime.rXB7OKBE/install/lib/python3.12/idlelib/idle_test
/usr/bin/install -c -m 644 ./Lib/idlelib/idle_test/test_replace.py /tmp/ci-python-runtime.rXB7OKBE/install/lib/python3.12/idlelib/idle_test
/usr/bin/install -c -m 644 ./Lib/idlelib/idle_test/test_rpc.py /tmp/ci-python-runtime.rXB7OKBE/install/lib/python3.12/idlelib/idle_test
/usr/bin/install -c -m 644 ./Lib/idlelib/idle_test/test_run.py /tmp/ci-python-runtime.rXB7OKBE/install/lib/python3.12/idlelib/idle_test
/usr/bin/install -c -m 644 ./Lib/idlelib/idle_test/test_runscript.py /tmp/ci-python-runtime.rXB7OKBE/install/lib/python3.12/idlelib/idle_test
/usr/bin/install -c -m 644 ./Lib/idlelib/idle_test/test_scrolledlist.py /tmp/ci-python-runtime.rXB7OKBE/install/lib/python3.12/idlelib/idle_test
/usr/bin/install -c -m 644 ./Lib/idlelib/idle_test/test_search.py /tmp/ci-python-runtime.rXB7OKBE/install/lib/python3.12/idlelib/idle_test
/usr/bin/install -c -m 644 ./Lib/idlelib/idle_test/test_searchbase.py /tmp/ci-python-runtime.rXB7OKBE/install/lib/python3.12/idlelib/idle_test
/usr/bin/install -c -m 644 ./Lib/idlelib/idle_test/test_searchengine.py /tmp/ci-python-runtime.rXB7OKBE/install/lib/python3.12/idlelib/idle_test
/usr/bin/install -c -m 644 ./Lib/idlelib/idle_test/test_sidebar.py /tmp/ci-python-runtime.rXB7OKBE/install/lib/python3.12/idlelib/idle_test
/usr/bin/install -c -m 644 ./Lib/idlelib/idle_test/test_squeezer.py /tmp/ci-python-runtime.rXB7OKBE/install/lib/python3.12/idlelib/idle_test
/usr/bin/install -c -m 644 ./Lib/idlelib/idle_test/test_stackviewer.py /tmp/ci-python-runtime.rXB7OKBE/install/lib/python3.12/idlelib/idle_test
/usr/bin/install -c -m 644 ./Lib/idlelib/idle_test/test_statusbar.py /tmp/ci-python-runtime.rXB7OKBE/install/lib/python3.12/idlelib/idle_test
/usr/bin/install -c -m 644 ./Lib/idlelib/idle_test/test_text.py /tmp/ci-python-runtime.rXB7OKBE/install/lib/python3.12/idlelib/idle_test
/usr/bin/install -c -m 644 ./Lib/idlelib/idle_test/test_textview.py /tmp/ci-python-runtime.rXB7OKBE/install/lib/python3.12/idlelib/idle_test
/usr/bin/install -c -m 644 ./Lib/idlelib/idle_test/test_tooltip.py /tmp/ci-python-runtime.rXB7OKBE/install/lib/python3.12/idlelib/idle_test
/usr/bin/install -c -m 644 ./Lib/idlelib/idle_test/test_tree.py /tmp/ci-python-runtime.rXB7OKBE/install/lib/python3.12/idlelib/idle_test
/usr/bin/install -c -m 644 ./Lib/idlelib/idle_test/test_undo.py /tmp/ci-python-runtime.rXB7OKBE/install/lib/python3.12/idlelib/idle_test
/usr/bin/install -c -m 644 ./Lib/idlelib/idle_test/test_util.py /tmp/ci-python-runtime.rXB7OKBE/install/lib/python3.12/idlelib/idle_test
/usr/bin/install -c -m 644 ./Lib/idlelib/idle_test/test_warning.py /tmp/ci-python-runtime.rXB7OKBE/install/lib/python3.12/idlelib/idle_test
/usr/bin/install -c -m 644 ./Lib/idlelib/idle_test/test_window.py /tmp/ci-python-runtime.rXB7OKBE/install/lib/python3.12/idlelib/idle_test
/usr/bin/install -c -m 644 ./Lib/idlelib/idle_test/test_zoomheight.py /tmp/ci-python-runtime.rXB7OKBE/install/lib/python3.12/idlelib/idle_test
/usr/bin/install -c -m 644 ./Lib/idlelib/idle_test/test_zzdummy.py /tmp/ci-python-runtime.rXB7OKBE/install/lib/python3.12/idlelib/idle_test
/usr/bin/install -c -m 644 ./Lib/idlelib/idle_test/tkinter_testing_utils.py /tmp/ci-python-runtime.rXB7OKBE/install/lib/python3.12/idlelib/idle_test
/usr/bin/install -c -m 644 ./Lib/test/Sine-1000Hz-300ms.aif /tmp/ci-python-runtime.rXB7OKBE/install/lib/python3.12/test
/usr/bin/install -c -m 644 ./Lib/test/__init__.py /tmp/ci-python-runtime.rXB7OKBE/install/lib/python3.12/test
/usr/bin/install -c -m 644 ./Lib/test/__main__.py /tmp/ci-python-runtime.rXB7OKBE/install/lib/python3.12/test
/usr/bin/install -c -m 644 ./Lib/test/_test_atexit.py /tmp/ci-python-runtime.rXB7OKBE/install/lib/python3.12/test
/usr/bin/install -c -m 644 ./Lib/test/_test_eintr.py /tmp/ci-python-runtime.rXB7OKBE/install/lib/python3.12/test
/usr/bin/install -c -m 644 ./Lib/test/_test_embed_set_config.py /tmp/ci-python-runtime.rXB7OKBE/install/lib/python3.12/test
/usr/bin/install -c -m 644 ./Lib/test/_test_embed_structseq.py /tmp/ci-python-runtime.rXB7OKBE/install/lib/python3.12/test
/usr/bin/install -c -m 644 ./Lib/test/_test_multiprocessing.py /tmp/ci-python-runtime.rXB7OKBE/install/lib/python3.12/test
/usr/bin/install -c -m 644 ./Lib/test/_test_venv_multiprocessing.py /tmp/ci-python-runtime.rXB7OKBE/install/lib/python3.12/test
/usr/bin/install -c -m 644 ./Lib/test/archiver_tests.py /tmp/ci-python-runtime.rXB7OKBE/install/lib/python3.12/test
/usr/bin/install -c -m 644 ./Lib/test/audiotest.au /tmp/ci-python-runtime.rXB7OKBE/install/lib/python3.12/test
/usr/bin/install -c -m 644 ./Lib/test/audiotests.py /tmp/ci-python-runtime.rXB7OKBE/install/lib/python3.12/test
/usr/bin/install -c -m 644 ./Lib/test/audit-tests.py /tmp/ci-python-runtime.rXB7OKBE/install/lib/python3.12/test
/usr/bin/install -c -m 644 ./Lib/test/autotest.py /tmp/ci-python-runtime.rXB7OKBE/install/lib/python3.12/test
/usr/bin/install -c -m 644 ./Lib/test/badsyntax_pep3120.py /tmp/ci-python-runtime.rXB7OKBE/install/lib/python3.12/test
/usr/bin/install -c ./Lib/test/bisect_cmd.py /tmp/ci-python-runtime.rXB7OKBE/install/lib/python3.12/test
/usr/bin/install -c -m 644 ./Lib/test/clinic.test.c /tmp/ci-python-runtime.rXB7OKBE/install/lib/python3.12/test
/usr/bin/install -c -m 644 ./Lib/test/cmath_testcases.txt /tmp/ci-python-runtime.rXB7OKBE/install/lib/python3.12/test
/usr/bin/install -c ./Lib/test/curses_tests.py /tmp/ci-python-runtime.rXB7OKBE/install/lib/python3.12/test
/usr/bin/install -c -m 644 ./Lib/test/datetimetester.py /tmp/ci-python-runtime.rXB7OKBE/install/lib/python3.12/test
/usr/bin/install -c -m 644 ./Lib/test/dis_module.py /tmp/ci-python-runtime.rXB7OKBE/install/lib/python3.12/test
/usr/bin/install -c -m 644 ./Lib/test/empty.vbs /tmp/ci-python-runtime.rXB7OKBE/install/lib/python3.12/test
/usr/bin/install -c -m 644 ./Lib/test/exception_hierarchy.txt /tmp/ci-python-runtime.rXB7OKBE/install/lib/python3.12/test
/usr/bin/install -c -m 644 ./Lib/test/floating_points.txt /tmp/ci-python-runtime.rXB7OKBE/install/lib/python3.12/test
/usr/bin/install -c -m 644 ./Lib/test/fork_wait.py /tmp/ci-python-runtime.rXB7OKBE/install/lib/python3.12/test
/usr/bin/install -c -m 644 ./Lib/test/formatfloat_testcases.txt /tmp/ci-python-runtime.rXB7OKBE/install/lib/python3.12/test
/usr/bin/install -c -m 644 ./Lib/test/ieee754.txt /tmp/ci-python-runtime.rXB7OKBE/install/lib/python3.12/test
/usr/bin/install -c -m 644 ./Lib/test/levenshtein_examples.json /tmp/ci-python-runtime.rXB7OKBE/install/lib/python3.12/test
/usr/bin/install -c -m 644 ./Lib/test/list_tests.py /tmp/ci-python-runtime.rXB7OKBE/install/lib/python3.12/test
/usr/bin/install -c -m 644 ./Lib/test/lock_tests.py /tmp/ci-python-runtime.rXB7OKBE/install/lib/python3.12/test
/usr/bin/install -c -m 644 ./Lib/test/mailcap.txt /tmp/ci-python-runtime.rXB7OKBE/install/lib/python3.12/test
/usr/bin/install -c -m 644 ./Lib/test/mapping_tests.py /tmp/ci-python-runtime.rXB7OKBE/install/lib/python3.12/test
/usr/bin/install -c -m 644 ./Lib/test/math_testcases.txt /tmp/ci-python-runtime.rXB7OKBE/install/lib/python3.12/test
/usr/bin/install -c -m 644 ./Lib/test/memory_watchdog.py /tmp/ci-python-runtime.rXB7OKBE/install/lib/python3.12/test
/usr/bin/install -c -m 644 ./Lib/test/mime.types /tmp/ci-python-runtime.rXB7OKBE/install/lib/python3.12/test
/usr/bin/install -c -m 644 ./Lib/test/mock_socket.py /tmp/ci-python-runtime.rXB7OKBE/install/lib/python3.12/test
/usr/bin/install -c -m 644 ./Lib/test/mp_fork_bomb.py /tmp/ci-python-runtime.rXB7OKBE/install/lib/python3.12/test
/usr/bin/install -c -m 644 ./Lib/test/mp_preload.py /tmp/ci-python-runtime.rXB7OKBE/install/lib/python3.12/test
/usr/bin/install -c -m 644 ./Lib/test/multibytecodec_support.py /tmp/ci-python-runtime.rXB7OKBE/install/lib/python3.12/test
/usr/bin/install -c -m 644 ./Lib/test/pickletester.py /tmp/ci-python-runtime.rXB7OKBE/install/lib/python3.12/test
/usr/bin/install -c -m 644 ./Lib/test/profilee.py /tmp/ci-python-runtime.rXB7OKBE/install/lib/python3.12/test
/usr/bin/install -c -m 644 ./Lib/test/pstats.pck /tmp/ci-python-runtime.rXB7OKBE/install/lib/python3.12/test
/usr/bin/install -c -m 644 ./Lib/test/pyclbr_input.py /tmp/ci-python-runtime.rXB7OKBE/install/lib/python3.12/test
/usr/bin/install -c -m 644 ./Lib/test/pythoninfo.py /tmp/ci-python-runtime.rXB7OKBE/install/lib/python3.12/test
/usr/bin/install -c -m 644 ./Lib/test/randv2_32.pck /tmp/ci-python-runtime.rXB7OKBE/install/lib/python3.12/test
/usr/bin/install -c -m 644 ./Lib/test/randv2_64.pck /tmp/ci-python-runtime.rXB7OKBE/install/lib/python3.12/test
/usr/bin/install -c -m 644 ./Lib/test/randv3.pck /tmp/ci-python-runtime.rXB7OKBE/install/lib/python3.12/test
/usr/bin/install -c ./Lib/test/re_tests.py /tmp/ci-python-runtime.rXB7OKBE/install/lib/python3.12/test
/usr/bin/install -c -m 644 ./Lib/test/recursion.tar /tmp/ci-python-runtime.rXB7OKBE/install/lib/python3.12/test
/usr/bin/install -c ./Lib/test/regrtest.py /tmp/ci-python-runtime.rXB7OKBE/install/lib/python3.12/test
/usr/bin/install -c -m 644 ./Lib/test/relimport.py /tmp/ci-python-runtime.rXB7OKBE/install/lib/python3.12/test
/usr/bin/install -c -m 644 ./Lib/test/reperf.py /tmp/ci-python-runtime.rXB7OKBE/install/lib/python3.12/test
/usr/bin/install -c -m 644 ./Lib/test/seq_tests.py /tmp/ci-python-runtime.rXB7OKBE/install/lib/python3.12/test
/usr/bin/install -c -m 644 ./Lib/test/signalinterproctester.py /tmp/ci-python-runtime.rXB7OKBE/install/lib/python3.12/test
/usr/bin/install -c -m 644 ./Lib/test/ssl_servers.py /tmp/ci-python-runtime.rXB7OKBE/install/lib/python3.12/test
/usr/bin/install -c -m 644 ./Lib/test/ssltests.py /tmp/ci-python-runtime.rXB7OKBE/install/lib/python3.12/test
/usr/bin/install -c -m 644 ./Lib/test/string_tests.py /tmp/ci-python-runtime.rXB7OKBE/install/lib/python3.12/test
/usr/bin/install -c -m 644 ./Lib/test/test___all__.py /tmp/ci-python-runtime.rXB7OKBE/install/lib/python3.12/test
/usr/bin/install -c -m 644 ./Lib/test/test__locale.py /tmp/ci-python-runtime.rXB7OKBE/install/lib/python3.12/test
/usr/bin/install -c -m 644 ./Lib/test/test__opcode.py /tmp/ci-python-runtime.rXB7OKBE/install/lib/python3.12/test
/usr/bin/install -c -m 644 ./Lib/test/test__osx_support.py /tmp/ci-python-runtime.rXB7OKBE/install/lib/python3.12/test
/usr/bin/install -c -m 644 ./Lib/test/test__xxinterpchannels.py /tmp/ci-python-runtime.rXB7OKBE/install/lib/python3.12/test
/usr/bin/install -c -m 644 ./Lib/test/test__xxsubinterpreters.py /tmp/ci-python-runtime.rXB7OKBE/install/lib/python3.12/test
/usr/bin/install -c -m 644 ./Lib/test/test_abc.py /tmp/ci-python-runtime.rXB7OKBE/install/lib/python3.12/test
/usr/bin/install -c -m 644 ./Lib/test/test_abstract_numbers.py /tmp/ci-python-runtime.rXB7OKBE/install/lib/python3.12/test
/usr/bin/install -c -m 644 ./Lib/test/test_aifc.py /tmp/ci-python-runtime.rXB7OKBE/install/lib/python3.12/test
/usr/bin/install -c -m 644 ./Lib/test/test_argparse.py /tmp/ci-python-runtime.rXB7OKBE/install/lib/python3.12/test
/usr/bin/install -c ./Lib/test/test_array.py /tmp/ci-python-runtime.rXB7OKBE/install/lib/python3.12/test
/usr/bin/install -c -m 644 ./Lib/test/test_asdl_parser.py /tmp/ci-python-runtime.rXB7OKBE/install/lib/python3.12/test
/usr/bin/install -c -m 644 ./Lib/test/test_ast.py /tmp/ci-python-runtime.rXB7OKBE/install/lib/python3.12/test
/usr/bin/install -c -m 644 ./Lib/test/test_asyncgen.py /tmp/ci-python-runtime.rXB7OKBE/install/lib/python3.12/test
/usr/bin/install -c -m 644 ./Lib/test/test_atexit.py /tmp/ci-python-runtime.rXB7OKBE/install/lib/python3.12/test
/usr/bin/install -c -m 644 ./Lib/test/test_audioop.py /tmp/ci-python-runtime.rXB7OKBE/install/lib/python3.12/test
/usr/bin/install -c -m 644 ./Lib/test/test_audit.py /tmp/ci-python-runtime.rXB7OKBE/install/lib/python3.12/test
/usr/bin/install -c -m 644 ./Lib/test/test_augassign.py /tmp/ci-python-runtime.rXB7OKBE/install/lib/python3.12/test
/usr/bin/install -c -m 644 ./Lib/test/test_base64.py /tmp/ci-python-runtime.rXB7OKBE/install/lib/python3.12/test
/usr/bin/install -c -m 644 ./Lib/test/test_baseexception.py /tmp/ci-python-runtime.rXB7OKBE/install/lib/python3.12/test
/usr/bin/install -c -m 644 ./Lib/test/test_bdb.py /tmp/ci-python-runtime.rXB7OKBE/install/lib/python3.12/test
/usr/bin/install -c -m 644 ./Lib/test/test_bigaddrspace.py /tmp/ci-python-runtime.rXB7OKBE/install/lib/python3.12/test
/usr/bin/install -c -m 644 ./Lib/test/test_bigmem.py /tmp/ci-python-runtime.rXB7OKBE/install/lib/python3.12/test
/usr/bin/install -c -m 644 ./Lib/test/test_binascii.py /tmp/ci-python-runtime.rXB7OKBE/install/lib/python3.12/test
/usr/bin/install -c -m 644 ./Lib/test/test_binop.py /tmp/ci-python-runtime.rXB7OKBE/install/lib/python3.12/test
/usr/bin/install -c -m 644 ./Lib/test/test_bisect.py /tmp/ci-python-runtime.rXB7OKBE/install/lib/python3.12/test
/usr/bin/install -c -m 644 ./Lib/test/test_bool.py /tmp/ci-python-runtime.rXB7OKBE/install/lib/python3.12/test
/usr/bin/install -c -m 644 ./Lib/test/test_buffer.py /tmp/ci-python-runtime.rXB7OKBE/install/lib/python3.12/test
/usr/bin/install -c -m 644 ./Lib/test/test_bufio.py /tmp/ci-python-runtime.rXB7OKBE/install/lib/python3.12/test
/usr/bin/install -c -m 644 ./Lib/test/test_builtin.py /tmp/ci-python-runtime.rXB7OKBE/install/lib/python3.12/test
/usr/bin/install -c -m 644 ./Lib/test/test_bytes.py /tmp/ci-python-runtime.rXB7OKBE/install/lib/python3.12/test
/usr/bin/install -c -m 644 ./Lib/test/test_bz2.py /tmp/ci-python-runtime.rXB7OKBE/install/lib/python3.12/test
/usr/bin/install -c -m 644 ./Lib/test/test_c_locale_coercion.py /tmp/ci-python-runtime.rXB7OKBE/install/lib/python3.12/test
/usr/bin/install -c -m 644 ./Lib/test/test_calendar.py /tmp/ci-python-runtime.rXB7OKBE/install/lib/python3.12/test
/usr/bin/install -c -m 644 ./Lib/test/test_call.py /tmp/ci-python-runtime.rXB7OKBE/install/lib/python3.12/test
/usr/bin/install -c -m 644 ./Lib/test/test_cgi.py /tmp/ci-python-runtime.rXB7OKBE/install/lib/python3.12/test
/usr/bin/install -c -m 644 ./Lib/test/test_cgitb.py /tmp/ci-python-runtime.rXB7OKBE/install/lib/python3.12/test
/usr/bin/install -c -m 644 ./Lib/test/test_charmapcodec.py /tmp/ci-python-runtime.rXB7OKBE/install/lib/python3.12/test
/usr/bin/install -c -m 644 ./Lib/test/test_class.py /tmp/ci-python-runtime.rXB7OKBE/install/lib/python3.12/test
/usr/bin/install -c -m 644 ./Lib/test/test_clinic.py /tmp/ci-python-runtime.rXB7OKBE/install/lib/python3.12/test
/usr/bin/install -c -m 644 ./Lib/test/test_cmath.py /tmp/ci-python-runtime.rXB7OKBE/install/lib/python3.12/test
/usr/bin/install -c -m 644 ./Lib/test/test_cmd.py /tmp/ci-python-runtime.rXB7OKBE/install/lib/python3.12/test
/usr/bin/install -c -m 644 ./Lib/test/test_cmd_line.py /tmp/ci-python-runtime.rXB7OKBE/install/lib/python3.12/test
/usr/bin/install -c -m 644 ./Lib/test/test_cmd_line_script.py /tmp/ci-python-runtime.rXB7OKBE/install/lib/python3.12/test
/usr/bin/install -c -m 644 ./Lib/test/test_code.py /tmp/ci-python-runtime.rXB7OKBE/install/lib/python3.12/test
/usr/bin/install -c -m 644 ./Lib/test/test_code_module.py /tmp/ci-python-runtime.rXB7OKBE/install/lib/python3.12/test
/usr/bin/install -c -m 644 ./Lib/test/test_codeccallbacks.py /tmp/ci-python-runtime.rXB7OKBE/install/lib/python3.12/test
/usr/bin/install -c -m 644 ./Lib/test/test_codecencodings_cn.py /tmp/ci-python-runtime.rXB7OKBE/install/lib/python3.12/test
/usr/bin/install -c -m 644 ./Lib/test/test_codecencodings_hk.py /tmp/ci-python-runtime.rXB7OKBE/install/lib/python3.12/test
/usr/bin/install -c -m 644 ./Lib/test/test_codecencodings_iso2022.py /tmp/ci-python-runtime.rXB7OKBE/install/lib/python3.12/test
/usr/bin/install -c -m 644 ./Lib/test/test_codecencodings_jp.py /tmp/ci-python-runtime.rXB7OKBE/install/lib/python3.12/test
/usr/bin/install -c -m 644 ./Lib/test/test_codecencodings_kr.py /tmp/ci-python-runtime.rXB7OKBE/install/lib/python3.12/test
/usr/bin/install -c -m 644 ./Lib/test/test_codecencodings_tw.py /tmp/ci-python-runtime.rXB7OKBE/install/lib/python3.12/test
/usr/bin/install -c -m 644 ./Lib/test/test_codecmaps_cn.py /tmp/ci-python-runtime.rXB7OKBE/install/lib/python3.12/test
/usr/bin/install -c -m 644 ./Lib/test/test_codecmaps_hk.py /tmp/ci-python-runtime.rXB7OKBE/install/lib/python3.12/test
/usr/bin/install -c -m 644 ./Lib/test/test_codecmaps_jp.py /tmp/ci-python-runtime.rXB7OKBE/install/lib/python3.12/test
/usr/bin/install -c -m 644 ./Lib/test/test_codecmaps_kr.py /tmp/ci-python-runtime.rXB7OKBE/install/lib/python3.12/test
/usr/bin/install -c -m 644 ./Lib/test/test_codecmaps_tw.py /tmp/ci-python-runtime.rXB7OKBE/install/lib/python3.12/test
/usr/bin/install -c -m 644 ./Lib/test/test_codecs.py /tmp/ci-python-runtime.rXB7OKBE/install/lib/python3.12/test
/usr/bin/install -c -m 644 ./Lib/test/test_codeop.py /tmp/ci-python-runtime.rXB7OKBE/install/lib/python3.12/test
/usr/bin/install -c -m 644 ./Lib/test/test_collections.py /tmp/ci-python-runtime.rXB7OKBE/install/lib/python3.12/test
/usr/bin/install -c -m 644 ./Lib/test/test_colorsys.py /tmp/ci-python-runtime.rXB7OKBE/install/lib/python3.12/test
/usr/bin/install -c -m 644 ./Lib/test/test_compare.py /tmp/ci-python-runtime.rXB7OKBE/install/lib/python3.12/test
/usr/bin/install -c -m 644 ./Lib/test/test_compile.py /tmp/ci-python-runtime.rXB7OKBE/install/lib/python3.12/test
/usr/bin/install -c -m 644 ./Lib/test/test_compileall.py /tmp/ci-python-runtime.rXB7OKBE/install/lib/python3.12/test
/usr/bin/install -c -m 644 ./Lib/test/test_compiler_assemble.py /tmp/ci-python-runtime.rXB7OKBE/install/lib/python3.12/test
/usr/bin/install -c -m 644 ./Lib/test/test_compiler_codegen.py /tmp/ci-python-runtime.rXB7OKBE/install/lib/python3.12/test
/usr/bin/install -c -m 644 ./Lib/test/test_complex.py /tmp/ci-python-runtime.rXB7OKBE/install/lib/python3.12/test
/usr/bin/install -c -m 644 ./Lib/test/test_configparser.py /tmp/ci-python-runtime.rXB7OKBE/install/lib/python3.12/test
/usr/bin/install -c -m 644 ./Lib/test/test_contains.py /tmp/ci-python-runtime.rXB7OKBE/install/lib/python3.12/test
/usr/bin/install -c -m 644 ./Lib/test/test_context.py /tmp/ci-python-runtime.rXB7OKBE/install/lib/python3.12/test
/usr/bin/install -c -m 644 ./Lib/test/test_contextlib.py /tmp/ci-python-runtime.rXB7OKBE/install/lib/python3.12/test
/usr/bin/install -c -m 644 ./Lib/test/test_contextlib_async.py /tmp/ci-python-runtime.rXB7OKBE/install/lib/python3.12/test
/usr/bin/install -c -m 644 ./Lib/test/test_copy.py /tmp/ci-python-runtime.rXB7OKBE/install/lib/python3.12/test
/usr/bin/install -c -m 644 ./Lib/test/test_copyreg.py /tmp/ci-python-runtime.rXB7OKBE/install/lib/python3.12/test
/usr/bin/install -c -m 644 ./Lib/test/test_coroutines.py /tmp/ci-python-runtime.rXB7OKBE/install/lib/python3.12/test
/usr/bin/install -c -m 644 ./Lib/test/test_cprofile.py /tmp/ci-python-runtime.rXB7OKBE/install/lib/python3.12/test
/usr/bin/install -c -m 644 ./Lib/test/test_crashers.py /tmp/ci-python-runtime.rXB7OKBE/install/lib/python3.12/test
/usr/bin/install -c -m 644 ./Lib/test/test_crypt.py /tmp/ci-python-runtime.rXB7OKBE/install/lib/python3.12/test
/usr/bin/install -c -m 644 ./Lib/test/test_csv.py /tmp/ci-python-runtime.rXB7OKBE/install/lib/python3.12/test
/usr/bin/install -c -m 644 ./Lib/test/test_curses.py /tmp/ci-python-runtime.rXB7OKBE/install/lib/python3.12/test
/usr/bin/install -c -m 644 ./Lib/test/test_datetime.py /tmp/ci-python-runtime.rXB7OKBE/install/lib/python3.12/test
/usr/bin/install -c -m 644 ./Lib/test/test_dbm.py /tmp/ci-python-runtime.rXB7OKBE/install/lib/python3.12/test
/usr/bin/install -c -m 644 ./Lib/test/test_dbm_dumb.py /tmp/ci-python-runtime.rXB7OKBE/install/lib/python3.12/test
/usr/bin/install -c -m 644 ./Lib/test/test_dbm_gnu.py /tmp/ci-python-runtime.rXB7OKBE/install/lib/python3.12/test
/usr/bin/install -c -m 644 ./Lib/test/test_dbm_ndbm.py /tmp/ci-python-runtime.rXB7OKBE/install/lib/python3.12/test
/usr/bin/install -c -m 644 ./Lib/test/test_decimal.py /tmp/ci-python-runtime.rXB7OKBE/install/lib/python3.12/test
/usr/bin/install -c -m 644 ./Lib/test/test_decorators.py /tmp/ci-python-runtime.rXB7OKBE/install/lib/python3.12/test
/usr/bin/install -c -m 644 ./Lib/test/test_defaultdict.py /tmp/ci-python-runtime.rXB7OKBE/install/lib/python3.12/test
/usr/bin/install -c -m 644 ./Lib/test/test_deque.py /tmp/ci-python-runtime.rXB7OKBE/install/lib/python3.12/test
/usr/bin/install -c -m 644 ./Lib/test/test_descr.py /tmp/ci-python-runtime.rXB7OKBE/install/lib/python3.12/test
/usr/bin/install -c -m 644 ./Lib/test/test_descrtut.py /tmp/ci-python-runtime.rXB7OKBE/install/lib/python3.12/test
/usr/bin/install -c -m 644 ./Lib/test/test_devpoll.py /tmp/ci-python-runtime.rXB7OKBE/install/lib/python3.12/test
/usr/bin/install -c -m 644 ./Lib/test/test_dict.py /tmp/ci-python-runtime.rXB7OKBE/install/lib/python3.12/test
/usr/bin/install -c -m 644 ./Lib/test/test_dict_version.py /tmp/ci-python-runtime.rXB7OKBE/install/lib/python3.12/test
/usr/bin/install -c -m 644 ./Lib/test/test_dictcomps.py /tmp/ci-python-runtime.rXB7OKBE/install/lib/python3.12/test
/usr/bin/install -c -m 644 ./Lib/test/test_dictviews.py /tmp/ci-python-runtime.rXB7OKBE/install/lib/python3.12/test
/usr/bin/install -c -m 644 ./Lib/test/test_difflib.py /tmp/ci-python-runtime.rXB7OKBE/install/lib/python3.12/test
/usr/bin/install -c -m 644 ./Lib/test/test_difflib_expect.html /tmp/ci-python-runtime.rXB7OKBE/install/lib/python3.12/test
/usr/bin/install -c -m 644 ./Lib/test/test_dis.py /tmp/ci-python-runtime.rXB7OKBE/install/lib/python3.12/test
/usr/bin/install -c -m 644 ./Lib/test/test_docxmlrpc.py /tmp/ci-python-runtime.rXB7OKBE/install/lib/python3.12/test
/usr/bin/install -c -m 644 ./Lib/test/test_dtrace.py /tmp/ci-python-runtime.rXB7OKBE/install/lib/python3.12/test
/usr/bin/install -c -m 644 ./Lib/test/test_dynamic.py /tmp/ci-python-runtime.rXB7OKBE/install/lib/python3.12/test
/usr/bin/install -c -m 644 ./Lib/test/test_dynamicclassattribute.py /tmp/ci-python-runtime.rXB7OKBE/install/lib/python3.12/test
/usr/bin/install -c -m 644 ./Lib/test/test_eintr.py /tmp/ci-python-runtime.rXB7OKBE/install/lib/python3.12/test
/usr/bin/install -c -m 644 ./Lib/test/test_embed.py /tmp/ci-python-runtime.rXB7OKBE/install/lib/python3.12/test
/usr/bin/install -c -m 644 ./Lib/test/test_ensurepip.py /tmp/ci-python-runtime.rXB7OKBE/install/lib/python3.12/test
/usr/bin/install -c -m 644 ./Lib/test/test_enum.py /tmp/ci-python-runtime.rXB7OKBE/install/lib/python3.12/test
/usr/bin/install -c -m 644 ./Lib/test/test_enumerate.py /tmp/ci-python-runtime.rXB7OKBE/install/lib/python3.12/test
/usr/bin/install -c -m 644 ./Lib/test/test_eof.py /tmp/ci-python-runtime.rXB7OKBE/install/lib/python3.12/test
/usr/bin/install -c -m 644 ./Lib/test/test_epoll.py /tmp/ci-python-runtime.rXB7OKBE/install/lib/python3.12/test
/usr/bin/install -c -m 644 ./Lib/test/test_errno.py /tmp/ci-python-runtime.rXB7OKBE/install/lib/python3.12/test
/usr/bin/install -c -m 644 ./Lib/test/test_except_star.py /tmp/ci-python-runtime.rXB7OKBE/install/lib/python3.12/test
/usr/bin/install -c -m 644 ./Lib/test/test_exception_group.py /tmp/ci-python-runtime.rXB7OKBE/install/lib/python3.12/test
/usr/bin/install -c -m 644 ./Lib/test/test_exception_hierarchy.py /tmp/ci-python-runtime.rXB7OKBE/install/lib/python3.12/test
/usr/bin/install -c -m 644 ./Lib/test/test_exception_variations.py /tmp/ci-python-runtime.rXB7OKBE/install/lib/python3.12/test
/usr/bin/install -c -m 644 ./Lib/test/test_exceptions.py /tmp/ci-python-runtime.rXB7OKBE/install/lib/python3.12/test
/usr/bin/install -c -m 644 ./Lib/test/test_extcall.py /tmp/ci-python-runtime.rXB7OKBE/install/lib/python3.12/test
/usr/bin/install -c -m 644 ./Lib/test/test_faulthandler.py /tmp/ci-python-runtime.rXB7OKBE/install/lib/python3.12/test
/usr/bin/install -c -m 644 ./Lib/test/test_fcntl.py /tmp/ci-python-runtime.rXB7OKBE/install/lib/python3.12/test
/usr/bin/install -c -m 644 ./Lib/test/test_file.py /tmp/ci-python-runtime.rXB7OKBE/install/lib/python3.12/test
/usr/bin/install -c -m 644 ./Lib/test/test_file_eintr.py /tmp/ci-python-runtime.rXB7OKBE/install/lib/python3.12/test
/usr/bin/install -c -m 644 ./Lib/test/test_filecmp.py /tmp/ci-python-runtime.rXB7OKBE/install/lib/python3.12/test
/usr/bin/install -c -m 644 ./Lib/test/test_fileinput.py /tmp/ci-python-runtime.rXB7OKBE/install/lib/python3.12/test
/usr/bin/install -c -m 644 ./Lib/test/test_fileio.py /tmp/ci-python-runtime.rXB7OKBE/install/lib/python3.12/test
/usr/bin/install -c -m 644 ./Lib/test/test_fileutils.py /tmp/ci-python-runtime.rXB7OKBE/install/lib/python3.12/test
/usr/bin/install -c -m 644 ./Lib/test/test_finalization.py /tmp/ci-python-runtime.rXB7OKBE/install/lib/python3.12/test
/usr/bin/install -c -m 644 ./Lib/test/test_float.py /tmp/ci-python-runtime.rXB7OKBE/install/lib/python3.12/test
/usr/bin/install -c -m 644 ./Lib/test/test_flufl.py /tmp/ci-python-runtime.rXB7OKBE/install/lib/python3.12/test
/usr/bin/install -c -m 644 ./Lib/test/test_fnmatch.py /tmp/ci-python-runtime.rXB7OKBE/install/lib/python3.12/test
/usr/bin/install -c -m 644 ./Lib/test/test_fork1.py /tmp/ci-python-runtime.rXB7OKBE/install/lib/python3.12/test
/usr/bin/install -c -m 644 ./Lib/test/test_format.py /tmp/ci-python-runtime.rXB7OKBE/install/lib/python3.12/test
/usr/bin/install -c -m 644 ./Lib/test/test_fractions.py /tmp/ci-python-runtime.rXB7OKBE/install/lib/python3.12/test
/usr/bin/install -c -m 644 ./Lib/test/test_frame.py /tmp/ci-python-runtime.rXB7OKBE/install/lib/python3.12/test
/usr/bin/install -c -m 644 ./Lib/test/test_frozen.py /tmp/ci-python-runtime.rXB7OKBE/install/lib/python3.12/test
/usr/bin/install -c -m 644 ./Lib/test/test_fstring.py /tmp/ci-python-runtime.rXB7OKBE/install/lib/python3.12/test
/usr/bin/install -c -m 644 ./Lib/test/test_ftplib.py /tmp/ci-python-runtime.rXB7OKBE/install/lib/python3.12/test
/usr/bin/install -c -m 644 ./Lib/test/test_funcattrs.py /tmp/ci-python-runtime.rXB7OKBE/install/lib/python3.12/test
/usr/bin/install -c -m 644 ./Lib/test/test_functools.py /tmp/ci-python-runtime.rXB7OKBE/install/lib/python3.12/test
/usr/bin/install -c -m 644 ./Lib/test/test_gc.py /tmp/ci-python-runtime.rXB7OKBE/install/lib/python3.12/test
/usr/bin/install -c -m 644 ./Lib/test/test_generator_stop.py /tmp/ci-python-runtime.rXB7OKBE/install/lib/python3.12/test
/usr/bin/install -c -m 644 ./Lib/test/test_generators.py /tmp/ci-python-runtime.rXB7OKBE/install/lib/python3.12/test
/usr/bin/install -c -m 644 ./Lib/test/test_genericalias.py /tmp/ci-python-runtime.rXB7OKBE/install/lib/python3.12/test
/usr/bin/install -c -m 644 ./Lib/test/test_genericclass.py /tmp/ci-python-runtime.rXB7OKBE/install/lib/python3.12/test
/usr/bin/install -c -m 644 ./Lib/test/test_genericpath.py /tmp/ci-python-runtime.rXB7OKBE/install/lib/python3.12/test
/usr/bin/install -c -m 644 ./Lib/test/test_genexps.py /tmp/ci-python-runtime.rXB7OKBE/install/lib/python3.12/test
/usr/bin/install -c -m 644 ./Lib/test/test_getopt.py /tmp/ci-python-runtime.rXB7OKBE/install/lib/python3.12/test
/usr/bin/install -c -m 644 ./Lib/test/test_getpass.py /tmp/ci-python-runtime.rXB7OKBE/install/lib/python3.12/test
/usr/bin/install -c -m 644 ./Lib/test/test_getpath.py /tmp/ci-python-runtime.rXB7OKBE/install/lib/python3.12/test
/usr/bin/install -c -m 644 ./Lib/test/test_gettext.py /tmp/ci-python-runtime.rXB7OKBE/install/lib/python3.12/test
/usr/bin/install -c -m 644 ./Lib/test/test_glob.py /tmp/ci-python-runtime.rXB7OKBE/install/lib/python3.12/test
/usr/bin/install -c -m 644 ./Lib/test/test_global.py /tmp/ci-python-runtime.rXB7OKBE/install/lib/python3.12/test
/usr/bin/install -c -m 644 ./Lib/test/test_grammar.py /tmp/ci-python-runtime.rXB7OKBE/install/lib/python3.12/test
/usr/bin/install -c -m 644 ./Lib/test/test_graphlib.py /tmp/ci-python-runtime.rXB7OKBE/install/lib/python3.12/test
/usr/bin/install -c -m 644 ./Lib/test/test_grp.py /tmp/ci-python-runtime.rXB7OKBE/install/lib/python3.12/test
/usr/bin/install -c -m 644 ./Lib/test/test_gzip.py /tmp/ci-python-runtime.rXB7OKBE/install/lib/python3.12/test
/usr/bin/install -c -m 644 ./Lib/test/test_hash.py /tmp/ci-python-runtime.rXB7OKBE/install/lib/python3.12/test
/usr/bin/install -c -m 644 ./Lib/test/test_hashlib.py /tmp/ci-python-runtime.rXB7OKBE/install/lib/python3.12/test
/usr/bin/install -c -m 644 ./Lib/test/test_heapq.py /tmp/ci-python-runtime.rXB7OKBE/install/lib/python3.12/test
/usr/bin/install -c -m 644 ./Lib/test/test_hmac.py /tmp/ci-python-runtime.rXB7OKBE/install/lib/python3.12/test
/usr/bin/install -c -m 644 ./Lib/test/test_html.py /tmp/ci-python-runtime.rXB7OKBE/install/lib/python3.12/test
/usr/bin/install -c -m 644 ./Lib/test/test_htmlparser.py /tmp/ci-python-runtime.rXB7OKBE/install/lib/python3.12/test
/usr/bin/install -c -m 644 ./Lib/test/test_http_cookiejar.py /tmp/ci-python-runtime.rXB7OKBE/install/lib/python3.12/test
/usr/bin/install -c -m 644 ./Lib/test/test_http_cookies.py /tmp/ci-python-runtime.rXB7OKBE/install/lib/python3.12/test
/usr/bin/install -c -m 644 ./Lib/test/test_httplib.py /tmp/ci-python-runtime.rXB7OKBE/install/lib/python3.12/test
/usr/bin/install -c -m 644 ./Lib/test/test_httpservers.py /tmp/ci-python-runtime.rXB7OKBE/install/lib/python3.12/test
/usr/bin/install -c -m 644 ./Lib/test/test_idle.py /tmp/ci-python-runtime.rXB7OKBE/install/lib/python3.12/test
/usr/bin/install -c -m 644 ./Lib/test/test_imaplib.py /tmp/ci-python-runtime.rXB7OKBE/install/lib/python3.12/test
/usr/bin/install -c -m 644 ./Lib/test/test_imghdr.py /tmp/ci-python-runtime.rXB7OKBE/install/lib/python3.12/test
/usr/bin/install -c -m 644 ./Lib/test/test_index.py /tmp/ci-python-runtime.rXB7OKBE/install/lib/python3.12/test
/usr/bin/install -c -m 644 ./Lib/test/test_int.py /tmp/ci-python-runtime.rXB7OKBE/install/lib/python3.12/test
/usr/bin/install -c -m 644 ./Lib/test/test_int_literal.py /tmp/ci-python-runtime.rXB7OKBE/install/lib/python3.12/test
/usr/bin/install -c -m 644 ./Lib/test/test_interpreters.py /tmp/ci-python-runtime.rXB7OKBE/install/lib/python3.12/test
/usr/bin/install -c -m 644 ./Lib/test/test_io.py /tmp/ci-python-runtime.rXB7OKBE/install/lib/python3.12/test
/usr/bin/install -c -m 644 ./Lib/test/test_ioctl.py /tmp/ci-python-runtime.rXB7OKBE/install/lib/python3.12/test
/usr/bin/install -c -m 644 ./Lib/test/test_ipaddress.py /tmp/ci-python-runtime.rXB7OKBE/install/lib/python3.12/test
/usr/bin/install -c -m 644 ./Lib/test/test_isinstance.py /tmp/ci-python-runtime.rXB7OKBE/install/lib/python3.12/test
/usr/bin/install -c -m 644 ./Lib/test/test_iter.py /tmp/ci-python-runtime.rXB7OKBE/install/lib/python3.12/test
/usr/bin/install -c -m 644 ./Lib/test/test_iterlen.py /tmp/ci-python-runtime.rXB7OKBE/install/lib/python3.12/test
/usr/bin/install -c -m 644 ./Lib/test/test_itertools.py /tmp/ci-python-runtime.rXB7OKBE/install/lib/python3.12/test
/usr/bin/install -c -m 644 ./Lib/test/test_keyword.py /tmp/ci-python-runtime.rXB7OKBE/install/lib/python3.12/test
/usr/bin/install -c -m 644 ./Lib/test/test_keywordonlyarg.py /tmp/ci-python-runtime.rXB7OKBE/install/lib/python3.12/test
/usr/bin/install -c -m 644 ./Lib/test/test_kqueue.py /tmp/ci-python-runtime.rXB7OKBE/install/lib/python3.12/test
/usr/bin/install -c -m 644 ./Lib/test/test_largefile.py /tmp/ci-python-runtime.rXB7OKBE/install/lib/python3.12/test
/usr/bin/install -c -m 644 ./Lib/test/test_launcher.py /tmp/ci-python-runtime.rXB7OKBE/install/lib/python3.12/test
/usr/bin/install -c -m 644 ./Lib/test/test_linecache.py /tmp/ci-python-runtime.rXB7OKBE/install/lib/python3.12/test
/usr/bin/install -c -m 644 ./Lib/test/test_list.py /tmp/ci-python-runtime.rXB7OKBE/install/lib/python3.12/test
/usr/bin/install -c -m 644 ./Lib/test/test_listcomps.py /tmp/ci-python-runtime.rXB7OKBE/install/lib/python3.12/test
/usr/bin/install -c -m 644 ./Lib/test/test_lltrace.py /tmp/ci-python-runtime.rXB7OKBE/install/lib/python3.12/test
/usr/bin/install -c -m 644 ./Lib/test/test_locale.py /tmp/ci-python-runtime.rXB7OKBE/install/lib/python3.12/test
/usr/bin/install -c -m 644 ./Lib/test/test_logging.py /tmp/ci-python-runtime.rXB7OKBE/install/lib/python3.12/test
/usr/bin/install -c -m 644 ./Lib/test/test_long.py /tmp/ci-python-runtime.rXB7OKBE/install/lib/python3.12/test
/usr/bin/install -c -m 644 ./Lib/test/test_longexp.py /tmp/ci-python-runtime.rXB7OKBE/install/lib/python3.12/test
/usr/bin/install -c -m 644 ./Lib/test/test_lzma.py /tmp/ci-python-runtime.rXB7OKBE/install/lib/python3.12/test
/usr/bin/install -c -m 644 ./Lib/test/test_mailbox.py /tmp/ci-python-runtime.rXB7OKBE/install/lib/python3.12/test
/usr/bin/install -c -m 644 ./Lib/test/test_mailcap.py /tmp/ci-python-runtime.rXB7OKBE/install/lib/python3.12/test
/usr/bin/install -c -m 644 ./Lib/test/test_marshal.py /tmp/ci-python-runtime.rXB7OKBE/install/lib/python3.12/test
/usr/bin/install -c -m 644 ./Lib/test/test_math.py /tmp/ci-python-runtime.rXB7OKBE/install/lib/python3.12/test
/usr/bin/install -c -m 644 ./Lib/test/test_math_property.py /tmp/ci-python-runtime.rXB7OKBE/install/lib/python3.12/test
/usr/bin/install -c -m 644 ./Lib/test/test_memoryio.py /tmp/ci-python-runtime.rXB7OKBE/install/lib/python3.12/test
/usr/bin/install -c -m 644 ./Lib/test/test_memoryview.py /tmp/ci-python-runtime.rXB7OKBE/install/lib/python3.12/test
/usr/bin/install -c -m 644 ./Lib/test/test_metaclass.py /tmp/ci-python-runtime.rXB7OKBE/install/lib/python3.12/test
/usr/bin/install -c -m 644 ./Lib/test/test_mimetypes.py /tmp/ci-python-runtime.rXB7OKBE/install/lib/python3.12/test
/usr/bin/install -c -m 644 ./Lib/test/test_minidom.py /tmp/ci-python-runtime.rXB7OKBE/install/lib/python3.12/test
/usr/bin/install -c -m 644 ./Lib/test/test_mmap.py /tmp/ci-python-runtime.rXB7OKBE/install/lib/python3.12/test
/usr/bin/install -c -m 644 ./Lib/test/test_modulefinder.py /tmp/ci-python-runtime.rXB7OKBE/install/lib/python3.12/test
/usr/bin/install -c -m 644 ./Lib/test/test_monitoring.py /tmp/ci-python-runtime.rXB7OKBE/install/lib/python3.12/test
/usr/bin/install -c -m 644 ./Lib/test/test_msilib.py /tmp/ci-python-runtime.rXB7OKBE/install/lib/python3.12/test
/usr/bin/install -c -m 644 ./Lib/test/test_multibytecodec.py /tmp/ci-python-runtime.rXB7OKBE/install/lib/python3.12/test
/usr/bin/install -c -m 644 ./Lib/test/test_multiprocessing_main_handling.py /tmp/ci-python-runtime.rXB7OKBE/install/lib/python3.12/test
/usr/bin/install -c -m 644 ./Lib/test/test_named_expressions.py /tmp/ci-python-runtime.rXB7OKBE/install/lib/python3.12/test
/usr/bin/install -c -m 644 ./Lib/test/test_netrc.py /tmp/ci-python-runtime.rXB7OKBE/install/lib/python3.12/test
/usr/bin/install -c -m 644 ./Lib/test/test_nis.py /tmp/ci-python-runtime.rXB7OKBE/install/lib/python3.12/test
/usr/bin/install -c -m 644 ./Lib/test/test_nntplib.py /tmp/ci-python-runtime.rXB7OKBE/install/lib/python3.12/test
/usr/bin/install -c -m 644 ./Lib/test/test_ntpath.py /tmp/ci-python-runtime.rXB7OKBE/install/lib/python3.12/test
/usr/bin/install -c -m 644 ./Lib/test/test_numeric_tower.py /tmp/ci-python-runtime.rXB7OKBE/install/lib/python3.12/test
/usr/bin/install -c -m 644 ./Lib/test/test_opcache.py /tmp/ci-python-runtime.rXB7OKBE/install/lib/python3.12/test
/usr/bin/install -c -m 644 ./Lib/test/test_opcodes.py /tmp/ci-python-runtime.rXB7OKBE/install/lib/python3.12/test
/usr/bin/install -c -m 644 ./Lib/test/test_openpty.py /tmp/ci-python-runtime.rXB7OKBE/install/lib/python3.12/test
/usr/bin/install -c -m 644 ./Lib/test/test_operator.py /tmp/ci-python-runtime.rXB7OKBE/install/lib/python3.12/test
/usr/bin/install -c -m 644 ./Lib/test/test_optparse.py /tmp/ci-python-runtime.rXB7OKBE/install/lib/python3.12/test
/usr/bin/install -c -m 644 ./Lib/test/test_ordered_dict.py /tmp/ci-python-runtime.rXB7OKBE/install/lib/python3.12/test
/usr/bin/install -c -m 644 ./Lib/test/test_os.py /tmp/ci-python-runtime.rXB7OKBE/install/lib/python3.12/test
/usr/bin/install -c -m 644 ./Lib/test/test_ossaudiodev.py /tmp/ci-python-runtime.rXB7OKBE/install/lib/python3.12/test
/usr/bin/install -c -m 644 ./Lib/test/test_osx_env.py /tmp/ci-python-runtime.rXB7OKBE/install/lib/python3.12/test
/usr/bin/install -c -m 644 ./Lib/test/test_pathlib.py /tmp/ci-python-runtime.rXB7OKBE/install/lib/python3.12/test
/usr/bin/install -c -m 644 ./Lib/test/test_patma.py /tmp/ci-python-runtime.rXB7OKBE/install/lib/python3.12/test
/usr/bin/install -c -m 644 ./Lib/test/test_pdb.py /tmp/ci-python-runtime.rXB7OKBE/install/lib/python3.12/test
/usr/bin/install -c -m 644 ./Lib/test/test_peepholer.py /tmp/ci-python-runtime.rXB7OKBE/install/lib/python3.12/test
/usr/bin/install -c -m 644 ./Lib/test/test_pep646_syntax.py /tmp/ci-python-runtime.rXB7OKBE/install/lib/python3.12/test
/usr/bin/install -c -m 644 ./Lib/test/test_perf_profiler.py /tmp/ci-python-runtime.rXB7OKBE/install/lib/python3.12/test
/usr/bin/install -c -m 644 ./Lib/test/test_perfmaps.py /tmp/ci-python-runtime.rXB7OKBE/install/lib/python3.12/test
/usr/bin/install -c -m 644 ./Lib/test/test_pickle.py /tmp/ci-python-runtime.rXB7OKBE/install/lib/python3.12/test
/usr/bin/install -c -m 644 ./Lib/test/test_picklebuffer.py /tmp/ci-python-runtime.rXB7OKBE/install/lib/python3.12/test
/usr/bin/install -c -m 644 ./Lib/test/test_pickletools.py /tmp/ci-python-runtime.rXB7OKBE/install/lib/python3.12/test
/usr/bin/install -c -m 644 ./Lib/test/test_pipes.py /tmp/ci-python-runtime.rXB7OKBE/install/lib/python3.12/test
/usr/bin/install -c -m 644 ./Lib/test/test_pkg.py /tmp/ci-python-runtime.rXB7OKBE/install/lib/python3.12/test
/usr/bin/install -c -m 644 ./Lib/test/test_pkgutil.py /tmp/ci-python-runtime.rXB7OKBE/install/lib/python3.12/test
/usr/bin/install -c -m 644 ./Lib/test/test_platform.py /tmp/ci-python-runtime.rXB7OKBE/install/lib/python3.12/test
/usr/bin/install -c -m 644 ./Lib/test/test_plistlib.py /tmp/ci-python-runtime.rXB7OKBE/install/lib/python3.12/test
/usr/bin/install -c -m 644 ./Lib/test/test_poll.py /tmp/ci-python-runtime.rXB7OKBE/install/lib/python3.12/test
/usr/bin/install -c -m 644 ./Lib/test/test_popen.py /tmp/ci-python-runtime.rXB7OKBE/install/lib/python3.12/test
/usr/bin/install -c -m 644 ./Lib/test/test_poplib.py /tmp/ci-python-runtime.rXB7OKBE/install/lib/python3.12/test
/usr/bin/install -c -m 644 ./Lib/test/test_positional_only_arg.py /tmp/ci-python-runtime.rXB7OKBE/install/lib/python3.12/test
/usr/bin/install -c -m 644 ./Lib/test/test_posix.py /tmp/ci-python-runtime.rXB7OKBE/install/lib/python3.12/test
/usr/bin/install -c -m 644 ./Lib/test/test_posixpath.py /tmp/ci-python-runtime.rXB7OKBE/install/lib/python3.12/test
/usr/bin/install -c -m 644 ./Lib/test/test_pow.py /tmp/ci-python-runtime.rXB7OKBE/install/lib/python3.12/test
/usr/bin/install -c -m 644 ./Lib/test/test_pprint.py /tmp/ci-python-runtime.rXB7OKBE/install/lib/python3.12/test
/usr/bin/install -c -m 644 ./Lib/test/test_print.py /tmp/ci-python-runtime.rXB7OKBE/install/lib/python3.12/test
/usr/bin/install -c -m 644 ./Lib/test/test_profile.py /tmp/ci-python-runtime.rXB7OKBE/install/lib/python3.12/test
/usr/bin/install -c -m 644 ./Lib/test/test_property.py /tmp/ci-python-runtime.rXB7OKBE/install/lib/python3.12/test
/usr/bin/install -c -m 644 ./Lib/test/test_pstats.py /tmp/ci-python-runtime.rXB7OKBE/install/lib/python3.12/test
/usr/bin/install -c -m 644 ./Lib/test/test_pty.py /tmp/ci-python-runtime.rXB7OKBE/install/lib/python3.12/test
/usr/bin/install -c -m 644 ./Lib/test/test_pulldom.py /tmp/ci-python-runtime.rXB7OKBE/install/lib/python3.12/test
/usr/bin/install -c -m 644 ./Lib/test/test_pwd.py /tmp/ci-python-runtime.rXB7OKBE/install/lib/python3.12/test
/usr/bin/install -c -m 644 ./Lib/test/test_py_compile.py /tmp/ci-python-runtime.rXB7OKBE/install/lib/python3.12/test
/usr/bin/install -c -m 644 ./Lib/test/test_pyclbr.py /tmp/ci-python-runtime.rXB7OKBE/install/lib/python3.12/test
/usr/bin/install -c -m 644 ./Lib/test/test_pyexpat.py /tmp/ci-python-runtime.rXB7OKBE/install/lib/python3.12/test
/usr/bin/install -c -m 644 ./Lib/test/test_queue.py /tmp/ci-python-runtime.rXB7OKBE/install/lib/python3.12/test
/usr/bin/install -c -m 644 ./Lib/test/test_quopri.py /tmp/ci-python-runtime.rXB7OKBE/install/lib/python3.12/test
/usr/bin/install -c -m 644 ./Lib/test/test_raise.py /tmp/ci-python-runtime.rXB7OKBE/install/lib/python3.12/test
/usr/bin/install -c -m 644 ./Lib/test/test_random.py /tmp/ci-python-runtime.rXB7OKBE/install/lib/python3.12/test
/usr/bin/install -c -m 644 ./Lib/test/test_range.py /tmp/ci-python-runtime.rXB7OKBE/install/lib/python3.12/test
/usr/bin/install -c -m 644 ./Lib/test/test_re.py /tmp/ci-python-runtime.rXB7OKBE/install/lib/python3.12/test
/usr/bin/install -c -m 644 ./Lib/test/test_readline.py /tmp/ci-python-runtime.rXB7OKBE/install/lib/python3.12/test
/usr/bin/install -c -m 644 ./Lib/test/test_regrtest.py /tmp/ci-python-runtime.rXB7OKBE/install/lib/python3.12/test
/usr/bin/install -c -m 644 ./Lib/test/test_repl.py /tmp/ci-python-runtime.rXB7OKBE/install/lib/python3.12/test
/usr/bin/install -c -m 644 ./Lib/test/test_reprlib.py /tmp/ci-python-runtime.rXB7OKBE/install/lib/python3.12/test
/usr/bin/install -c -m 644 ./Lib/test/test_resource.py /tmp/ci-python-runtime.rXB7OKBE/install/lib/python3.12/test
/usr/bin/install -c -m 644 ./Lib/test/test_richcmp.py /tmp/ci-python-runtime.rXB7OKBE/install/lib/python3.12/test
/usr/bin/install -c -m 644 ./Lib/test/test_rlcompleter.py /tmp/ci-python-runtime.rXB7OKBE/install/lib/python3.12/test
/usr/bin/install -c -m 644 ./Lib/test/test_robotparser.py /tmp/ci-python-runtime.rXB7OKBE/install/lib/python3.12/test
/usr/bin/install -c -m 644 ./Lib/test/test_runpy.py /tmp/ci-python-runtime.rXB7OKBE/install/lib/python3.12/test
/usr/bin/install -c -m 644 ./Lib/test/test_sax.py /tmp/ci-python-runtime.rXB7OKBE/install/lib/python3.12/test
/usr/bin/install -c -m 644 ./Lib/test/test_sched.py /tmp/ci-python-runtime.rXB7OKBE/install/lib/python3.12/test
/usr/bin/install -c -m 644 ./Lib/test/test_scope.py /tmp/ci-python-runtime.rXB7OKBE/install/lib/python3.12/test
/usr/bin/install -c -m 644 ./Lib/test/test_script_helper.py /tmp/ci-python-runtime.rXB7OKBE/install/lib/python3.12/test
/usr/bin/install -c -m 644 ./Lib/test/test_secrets.py /tmp/ci-python-runtime.rXB7OKBE/install/lib/python3.12/test
/usr/bin/install -c -m 644 ./Lib/test/test_select.py /tmp/ci-python-runtime.rXB7OKBE/install/lib/python3.12/test
/usr/bin/install -c -m 644 ./Lib/test/test_selectors.py /tmp/ci-python-runtime.rXB7OKBE/install/lib/python3.12/test
/usr/bin/install -c -m 644 ./Lib/test/test_set.py /tmp/ci-python-runtime.rXB7OKBE/install/lib/python3.12/test
/usr/bin/install -c -m 644 ./Lib/test/test_setcomps.py /tmp/ci-python-runtime.rXB7OKBE/install/lib/python3.12/test
/usr/bin/install -c -m 644 ./Lib/test/test_shelve.py /tmp/ci-python-runtime.rXB7OKBE/install/lib/python3.12/test
/usr/bin/install -c -m 644 ./Lib/test/test_shlex.py /tmp/ci-python-runtime.rXB7OKBE/install/lib/python3.12/test
/usr/bin/install -c -m 644 ./Lib/test/test_shutil.py /tmp/ci-python-runtime.rXB7OKBE/install/lib/python3.12/test
/usr/bin/install -c -m 644 ./Lib/test/test_signal.py /tmp/ci-python-runtime.rXB7OKBE/install/lib/python3.12/test
/usr/bin/install -c -m 644 ./Lib/test/test_site.py /tmp/ci-python-runtime.rXB7OKBE/install/lib/python3.12/test
/usr/bin/install -c -m 644 ./Lib/test/test_slice.py /tmp/ci-python-runtime.rXB7OKBE/install/lib/python3.12/test
/usr/bin/install -c -m 644 ./Lib/test/test_smtplib.py /tmp/ci-python-runtime.rXB7OKBE/install/lib/python3.12/test
/usr/bin/install -c -m 644 ./Lib/test/test_smtpnet.py /tmp/ci-python-runtime.rXB7OKBE/install/lib/python3.12/test
/usr/bin/install -c -m 644 ./Lib/test/test_sndhdr.py /tmp/ci-python-runtime.rXB7OKBE/install/lib/python3.12/test
/usr/bin/install -c -m 644 ./Lib/test/test_socket.py /tmp/ci-python-runtime.rXB7OKBE/install/lib/python3.12/test
/usr/bin/install -c -m 644 ./Lib/test/test_socketserver.py /tmp/ci-python-runtime.rXB7OKBE/install/lib/python3.12/test
/usr/bin/install -c -m 644 ./Lib/test/test_sort.py /tmp/ci-python-runtime.rXB7OKBE/install/lib/python3.12/test
/usr/bin/install -c -m 644 ./Lib/test/test_source_encoding.py /tmp/ci-python-runtime.rXB7OKBE/install/lib/python3.12/test
/usr/bin/install -c -m 644 ./Lib/test/test_spwd.py /tmp/ci-python-runtime.rXB7OKBE/install/lib/python3.12/test
/usr/bin/install -c -m 644 ./Lib/test/test_ssl.py /tmp/ci-python-runtime.rXB7OKBE/install/lib/python3.12/test
/usr/bin/install -c -m 644 ./Lib/test/test_stable_abi_ctypes.py /tmp/ci-python-runtime.rXB7OKBE/install/lib/python3.12/test
/usr/bin/install -c -m 644 ./Lib/test/test_startfile.py /tmp/ci-python-runtime.rXB7OKBE/install/lib/python3.12/test
/usr/bin/install -c -m 644 ./Lib/test/test_stat.py /tmp/ci-python-runtime.rXB7OKBE/install/lib/python3.12/test
/usr/bin/install -c -m 644 ./Lib/test/test_statistics.py /tmp/ci-python-runtime.rXB7OKBE/install/lib/python3.12/test
/usr/bin/install -c -m 644 ./Lib/test/test_strftime.py /tmp/ci-python-runtime.rXB7OKBE/install/lib/python3.12/test
/usr/bin/install -c -m 644 ./Lib/test/test_string.py /tmp/ci-python-runtime.rXB7OKBE/install/lib/python3.12/test
/usr/bin/install -c -m 644 ./Lib/test/test_string_literals.py /tmp/ci-python-runtime.rXB7OKBE/install/lib/python3.12/test
/usr/bin/install -c -m 644 ./Lib/test/test_stringprep.py /tmp/ci-python-runtime.rXB7OKBE/install/lib/python3.12/test
/usr/bin/install -c -m 644 ./Lib/test/test_strptime.py /tmp/ci-python-runtime.rXB7OKBE/install/lib/python3.12/test
/usr/bin/install -c -m 644 ./Lib/test/test_strtod.py /tmp/ci-python-runtime.rXB7OKBE/install/lib/python3.12/test
/usr/bin/install -c -m 644 ./Lib/test/test_struct.py /tmp/ci-python-runtime.rXB7OKBE/install/lib/python3.12/test
/usr/bin/install -c -m 644 ./Lib/test/test_structseq.py /tmp/ci-python-runtime.rXB7OKBE/install/lib/python3.12/test
/usr/bin/install -c -m 644 ./Lib/test/test_subclassinit.py /tmp/ci-python-runtime.rXB7OKBE/install/lib/python3.12/test
/usr/bin/install -c -m 644 ./Lib/test/test_subprocess.py /tmp/ci-python-runtime.rXB7OKBE/install/lib/python3.12/test
/usr/bin/install -c -m 644 ./Lib/test/test_sunau.py /tmp/ci-python-runtime.rXB7OKBE/install/lib/python3.12/test
/usr/bin/install -c -m 644 ./Lib/test/test_sundry.py /tmp/ci-python-runtime.rXB7OKBE/install/lib/python3.12/test
/usr/bin/install -c -m 644 ./Lib/test/test_super.py /tmp/ci-python-runtime.rXB7OKBE/install/lib/python3.12/test
/usr/bin/install -c -m 644 ./Lib/test/test_support.py /tmp/ci-python-runtime.rXB7OKBE/install/lib/python3.12/test
/usr/bin/install -c -m 644 ./Lib/test/test_symtable.py /tmp/ci-python-runtime.rXB7OKBE/install/lib/python3.12/test
/usr/bin/install -c -m 644 ./Lib/test/test_syntax.py /tmp/ci-python-runtime.rXB7OKBE/install/lib/python3.12/test
/usr/bin/install -c -m 644 ./Lib/test/test_sys.py /tmp/ci-python-runtime.rXB7OKBE/install/lib/python3.12/test
/usr/bin/install -c -m 644 ./Lib/test/test_sys_setprofile.py /tmp/ci-python-runtime.rXB7OKBE/install/lib/python3.12/test
/usr/bin/install -c -m 644 ./Lib/test/test_sys_settrace.py /tmp/ci-python-runtime.rXB7OKBE/install/lib/python3.12/test
/usr/bin/install -c -m 644 ./Lib/test/test_sysconfig.py /tmp/ci-python-runtime.rXB7OKBE/install/lib/python3.12/test
/usr/bin/install -c -m 644 ./Lib/test/test_syslog.py /tmp/ci-python-runtime.rXB7OKBE/install/lib/python3.12/test
/usr/bin/install -c -m 644 ./Lib/test/test_tabnanny.py /tmp/ci-python-runtime.rXB7OKBE/install/lib/python3.12/test
/usr/bin/install -c -m 644 ./Lib/test/test_tarfile.py /tmp/ci-python-runtime.rXB7OKBE/install/lib/python3.12/test
/usr/bin/install -c -m 644 ./Lib/test/test_tcl.py /tmp/ci-python-runtime.rXB7OKBE/install/lib/python3.12/test
/usr/bin/install -c -m 644 ./Lib/test/test_telnetlib.py /tmp/ci-python-runtime.rXB7OKBE/install/lib/python3.12/test
/usr/bin/install -c -m 644 ./Lib/test/test_tempfile.py /tmp/ci-python-runtime.rXB7OKBE/install/lib/python3.12/test
/usr/bin/install -c -m 644 ./Lib/test/test_termios.py /tmp/ci-python-runtime.rXB7OKBE/install/lib/python3.12/test
/usr/bin/install -c -m 644 ./Lib/test/test_textwrap.py /tmp/ci-python-runtime.rXB7OKBE/install/lib/python3.12/test
/usr/bin/install -c -m 644 ./Lib/test/test_thread.py /tmp/ci-python-runtime.rXB7OKBE/install/lib/python3.12/test
/usr/bin/install -c -m 644 ./Lib/test/test_threadedtempfile.py /tmp/ci-python-runtime.rXB7OKBE/install/lib/python3.12/test
/usr/bin/install -c -m 644 ./Lib/test/test_threading.py /tmp/ci-python-runtime.rXB7OKBE/install/lib/python3.12/test
/usr/bin/install -c -m 644 ./Lib/test/test_threading_local.py /tmp/ci-python-runtime.rXB7OKBE/install/lib/python3.12/test
/usr/bin/install -c -m 644 ./Lib/test/test_threadsignals.py /tmp/ci-python-runtime.rXB7OKBE/install/lib/python3.12/test
/usr/bin/install -c -m 644 ./Lib/test/test_time.py /tmp/ci-python-runtime.rXB7OKBE/install/lib/python3.12/test
/usr/bin/install -c -m 644 ./Lib/test/test_timeit.py /tmp/ci-python-runtime.rXB7OKBE/install/lib/python3.12/test
/usr/bin/install -c -m 644 ./Lib/test/test_timeout.py /tmp/ci-python-runtime.rXB7OKBE/install/lib/python3.12/test
/usr/bin/install -c -m 644 ./Lib/test/test_tix.py /tmp/ci-python-runtime.rXB7OKBE/install/lib/python3.12/test
/usr/bin/install -c -m 644 ./Lib/test/test_tokenize.py /tmp/ci-python-runtime.rXB7OKBE/install/lib/python3.12/test
/usr/bin/install -c -m 644 ./Lib/test/test_trace.py /tmp/ci-python-runtime.rXB7OKBE/install/lib/python3.12/test
/usr/bin/install -c -m 644 ./Lib/test/test_traceback.py /tmp/ci-python-runtime.rXB7OKBE/install/lib/python3.12/test
/usr/bin/install -c -m 644 ./Lib/test/test_tracemalloc.py /tmp/ci-python-runtime.rXB7OKBE/install/lib/python3.12/test
/usr/bin/install -c -m 644 ./Lib/test/test_ttk_textonly.py /tmp/ci-python-runtime.rXB7OKBE/install/lib/python3.12/test
/usr/bin/install -c -m 644 ./Lib/test/test_tty.py /tmp/ci-python-runtime.rXB7OKBE/install/lib/python3.12/test
/usr/bin/install -c -m 644 ./Lib/test/test_tuple.py /tmp/ci-python-runtime.rXB7OKBE/install/lib/python3.12/test
/usr/bin/install -c -m 644 ./Lib/test/test_turtle.py /tmp/ci-python-runtime.rXB7OKBE/install/lib/python3.12/test
/usr/bin/install -c -m 644 ./Lib/test/test_type_aliases.py /tmp/ci-python-runtime.rXB7OKBE/install/lib/python3.12/test
/usr/bin/install -c -m 644 ./Lib/test/test_type_annotations.py /tmp/ci-python-runtime.rXB7OKBE/install/lib/python3.12/test
/usr/bin/install -c -m 644 ./Lib/test/test_type_cache.py /tmp/ci-python-runtime.rXB7OKBE/install/lib/python3.12/test
/usr/bin/install -c -m 644 ./Lib/test/test_type_comments.py /tmp/ci-python-runtime.rXB7OKBE/install/lib/python3.12/test
/usr/bin/install -c -m 644 ./Lib/test/test_type_params.py /tmp/ci-python-runtime.rXB7OKBE/install/lib/python3.12/test
/usr/bin/install -c -m 644 ./Lib/test/test_typechecks.py /tmp/ci-python-runtime.rXB7OKBE/install/lib/python3.12/test
/usr/bin/install -c -m 644 ./Lib/test/test_types.py /tmp/ci-python-runtime.rXB7OKBE/install/lib/python3.12/test
/usr/bin/install -c -m 644 ./Lib/test/test_typing.py /tmp/ci-python-runtime.rXB7OKBE/install/lib/python3.12/test
/usr/bin/install -c -m 644 ./Lib/test/test_ucn.py /tmp/ci-python-runtime.rXB7OKBE/install/lib/python3.12/test
/usr/bin/install -c -m 644 ./Lib/test/test_unary.py /tmp/ci-python-runtime.rXB7OKBE/install/lib/python3.12/test
/usr/bin/install -c -m 644 ./Lib/test/test_unicode.py /tmp/ci-python-runtime.rXB7OKBE/install/lib/python3.12/test
/usr/bin/install -c -m 644 ./Lib/test/test_unicode_file.py /tmp/ci-python-runtime.rXB7OKBE/install/lib/python3.12/test
/usr/bin/install -c -m 644 ./Lib/test/test_unicode_file_functions.py /tmp/ci-python-runtime.rXB7OKBE/install/lib/python3.12/test
/usr/bin/install -c -m 644 ./Lib/test/test_unicode_identifiers.py /tmp/ci-python-runtime.rXB7OKBE/install/lib/python3.12/test
/usr/bin/install -c -m 644 ./Lib/test/test_unicodedata.py /tmp/ci-python-runtime.rXB7OKBE/install/lib/python3.12/test
/usr/bin/install -c -m 644 ./Lib/test/test_univnewlines.py /tmp/ci-python-runtime.rXB7OKBE/install/lib/python3.12/test
/usr/bin/install -c -m 644 ./Lib/test/test_unpack.py /tmp/ci-python-runtime.rXB7OKBE/install/lib/python3.12/test
/usr/bin/install -c -m 644 ./Lib/test/test_unpack_ex.py /tmp/ci-python-runtime.rXB7OKBE/install/lib/python3.12/test
/usr/bin/install -c -m 644 ./Lib/test/test_unparse.py /tmp/ci-python-runtime.rXB7OKBE/install/lib/python3.12/test
/usr/bin/install -c -m 644 ./Lib/test/test_urllib.py /tmp/ci-python-runtime.rXB7OKBE/install/lib/python3.12/test
/usr/bin/install -c -m 644 ./Lib/test/test_urllib2.py /tmp/ci-python-runtime.rXB7OKBE/install/lib/python3.12/test
/usr/bin/install -c -m 644 ./Lib/test/test_urllib2_localnet.py /tmp/ci-python-runtime.rXB7OKBE/install/lib/python3.12/test
/usr/bin/install -c -m 644 ./Lib/test/test_urllib2net.py /tmp/ci-python-runtime.rXB7OKBE/install/lib/python3.12/test
/usr/bin/install -c -m 644 ./Lib/test/test_urllib_response.py /tmp/ci-python-runtime.rXB7OKBE/install/lib/python3.12/test
/usr/bin/install -c -m 644 ./Lib/test/test_urllibnet.py /tmp/ci-python-runtime.rXB7OKBE/install/lib/python3.12/test
/usr/bin/install -c -m 644 ./Lib/test/test_urlparse.py /tmp/ci-python-runtime.rXB7OKBE/install/lib/python3.12/test
/usr/bin/install -c -m 644 ./Lib/test/test_userdict.py /tmp/ci-python-runtime.rXB7OKBE/install/lib/python3.12/test
/usr/bin/install -c -m 644 ./Lib/test/test_userlist.py /tmp/ci-python-runtime.rXB7OKBE/install/lib/python3.12/test
/usr/bin/install -c -m 644 ./Lib/test/test_userstring.py /tmp/ci-python-runtime.rXB7OKBE/install/lib/python3.12/test
/usr/bin/install -c -m 644 ./Lib/test/test_utf8_mode.py /tmp/ci-python-runtime.rXB7OKBE/install/lib/python3.12/test
/usr/bin/install -c -m 644 ./Lib/test/test_utf8source.py /tmp/ci-python-runtime.rXB7OKBE/install/lib/python3.12/test
/usr/bin/install -c -m 644 ./Lib/test/test_uu.py /tmp/ci-python-runtime.rXB7OKBE/install/lib/python3.12/test
/usr/bin/install -c ./Lib/test/test_uuid.py /tmp/ci-python-runtime.rXB7OKBE/install/lib/python3.12/test
/usr/bin/install -c -m 644 ./Lib/test/test_venv.py /tmp/ci-python-runtime.rXB7OKBE/install/lib/python3.12/test
/usr/bin/install -c -m 644 ./Lib/test/test_wait3.py /tmp/ci-python-runtime.rXB7OKBE/install/lib/python3.12/test
/usr/bin/install -c -m 644 ./Lib/test/test_wait4.py /tmp/ci-python-runtime.rXB7OKBE/install/lib/python3.12/test
/usr/bin/install -c -m 644 ./Lib/test/test_wave.py /tmp/ci-python-runtime.rXB7OKBE/install/lib/python3.12/test
/usr/bin/install -c -m 644 ./Lib/test/test_weakref.py /tmp/ci-python-runtime.rXB7OKBE/install/lib/python3.12/test
/usr/bin/install -c -m 644 ./Lib/test/test_weakset.py /tmp/ci-python-runtime.rXB7OKBE/install/lib/python3.12/test
/usr/bin/install -c -m 644 ./Lib/test/test_webbrowser.py /tmp/ci-python-runtime.rXB7OKBE/install/lib/python3.12/test
/usr/bin/install -c -m 644 ./Lib/test/test_winconsoleio.py /tmp/ci-python-runtime.rXB7OKBE/install/lib/python3.12/test
/usr/bin/install -c -m 644 ./Lib/test/test_winreg.py /tmp/ci-python-runtime.rXB7OKBE/install/lib/python3.12/test
/usr/bin/install -c -m 644 ./Lib/test/test_winsound.py /tmp/ci-python-runtime.rXB7OKBE/install/lib/python3.12/test
/usr/bin/install -c -m 644 ./Lib/test/test_with.py /tmp/ci-python-runtime.rXB7OKBE/install/lib/python3.12/test
/usr/bin/install -c -m 644 ./Lib/test/test_wmi.py /tmp/ci-python-runtime.rXB7OKBE/install/lib/python3.12/test
/usr/bin/install -c -m 644 ./Lib/test/test_wsgiref.py /tmp/ci-python-runtime.rXB7OKBE/install/lib/python3.12/test
/usr/bin/install -c -m 644 ./Lib/test/test_xdrlib.py /tmp/ci-python-runtime.rXB7OKBE/install/lib/python3.12/test
/usr/bin/install -c -m 644 ./Lib/test/test_xml_dom_minicompat.py /tmp/ci-python-runtime.rXB7OKBE/install/lib/python3.12/test
/usr/bin/install -c -m 644 ./Lib/test/test_xml_etree.py /tmp/ci-python-runtime.rXB7OKBE/install/lib/python3.12/test
/usr/bin/install -c -m 644 ./Lib/test/test_xml_etree_c.py /tmp/ci-python-runtime.rXB7OKBE/install/lib/python3.12/test
/usr/bin/install -c -m 644 ./Lib/test/test_xmlrpc.py /tmp/ci-python-runtime.rXB7OKBE/install/lib/python3.12/test
/usr/bin/install -c -m 644 ./Lib/test/test_xmlrpc_net.py /tmp/ci-python-runtime.rXB7OKBE/install/lib/python3.12/test
/usr/bin/install -c -m 644 ./Lib/test/test_xxlimited.py /tmp/ci-python-runtime.rXB7OKBE/install/lib/python3.12/test
/usr/bin/install -c -m 644 ./Lib/test/test_xxtestfuzz.py /tmp/ci-python-runtime.rXB7OKBE/install/lib/python3.12/test
/usr/bin/install -c -m 644 ./Lib/test/test_yield_from.py /tmp/ci-python-runtime.rXB7OKBE/install/lib/python3.12/test
/usr/bin/install -c -m 644 ./Lib/test/test_zipapp.py /tmp/ci-python-runtime.rXB7OKBE/install/lib/python3.12/test
/usr/bin/install -c -m 644 ./Lib/test/test_zipfile64.py /tmp/ci-python-runtime.rXB7OKBE/install/lib/python3.12/test
/usr/bin/install -c -m 644 ./Lib/test/test_zipimport.py /tmp/ci-python-runtime.rXB7OKBE/install/lib/python3.12/test
/usr/bin/install -c -m 644 ./Lib/test/test_zipimport_support.py /tmp/ci-python-runtime.rXB7OKBE/install/lib/python3.12/test
/usr/bin/install -c -m 644 ./Lib/test/test_zlib.py /tmp/ci-python-runtime.rXB7OKBE/install/lib/python3.12/test
/usr/bin/install -c -m 644 ./Lib/test/testcodec.py /tmp/ci-python-runtime.rXB7OKBE/install/lib/python3.12/test
/usr/bin/install -c -m 644 ./Lib/test/testtar.tar /tmp/ci-python-runtime.rXB7OKBE/install/lib/python3.12/test
/usr/bin/install -c -m 644 ./Lib/test/testtar.tar.xz /tmp/ci-python-runtime.rXB7OKBE/install/lib/python3.12/test
/usr/bin/install -c -m 644 ./Lib/test/tf_inherit_check.py /tmp/ci-python-runtime.rXB7OKBE/install/lib/python3.12/test
/usr/bin/install -c -m 644 ./Lib/test/time_hashlib.py /tmp/ci-python-runtime.rXB7OKBE/install/lib/python3.12/test
/usr/bin/install -c -m 644 ./Lib/test/win_console_handler.py /tmp/ci-python-runtime.rXB7OKBE/install/lib/python3.12/test
/usr/bin/install -c -m 644 ./Lib/test/xmltests.py /tmp/ci-python-runtime.rXB7OKBE/install/lib/python3.12/test
/usr/bin/install -c -m 644 ./Lib/test/zip_cp437_header.zip /tmp/ci-python-runtime.rXB7OKBE/install/lib/python3.12/test
/usr/bin/install -c -m 644 ./Lib/test/zipdir.zip /tmp/ci-python-runtime.rXB7OKBE/install/lib/python3.12/test
/usr/bin/install -c -m 644 ./Lib/test/zipdir_backslash.zip /tmp/ci-python-runtime.rXB7OKBE/install/lib/python3.12/test
/usr/bin/install -c -m 644 ./Lib/test/audiodata/pluck-alaw.aifc /tmp/ci-python-runtime.rXB7OKBE/install/lib/python3.12/test/audiodata
/usr/bin/install -c -m 644 ./Lib/test/audiodata/pluck-pcm16.aiff /tmp/ci-python-runtime.rXB7OKBE/install/lib/python3.12/test/audiodata
/usr/bin/install -c -m 644 ./Lib/test/audiodata/pluck-pcm16.au /tmp/ci-python-runtime.rXB7OKBE/install/lib/python3.12/test/audiodata
/usr/bin/install -c -m 644 ./Lib/test/audiodata/pluck-pcm16.wav /tmp/ci-python-runtime.rXB7OKBE/install/lib/python3.12/test/audiodata
/usr/bin/install -c -m 644 ./Lib/test/audiodata/pluck-pcm24-ext.wav /tmp/ci-python-runtime.rXB7OKBE/install/lib/python3.12/test/audiodata
/usr/bin/install -c -m 644 ./Lib/test/audiodata/pluck-pcm24.aiff /tmp/ci-python-runtime.rXB7OKBE/install/lib/python3.12/test/audiodata
/usr/bin/install -c -m 644 ./Lib/test/audiodata/pluck-pcm24.au /tmp/ci-python-runtime.rXB7OKBE/install/lib/python3.12/test/audiodata
/usr/bin/install -c -m 644 ./Lib/test/audiodata/pluck-pcm24.wav /tmp/ci-python-runtime.rXB7OKBE/install/lib/python3.12/test/audiodata
/usr/bin/install -c -m 644 ./Lib/test/audiodata/pluck-pcm32.aiff /tmp/ci-python-runtime.rXB7OKBE/install/lib/python3.12/test/audiodata
/usr/bin/install -c -m 644 ./Lib/test/audiodata/pluck-pcm32.au /tmp/ci-python-runtime.rXB7OKBE/install/lib/python3.12/test/audiodata
/usr/bin/install -c -m 644 ./Lib/test/audiodata/pluck-pcm32.wav /tmp/ci-python-runtime.rXB7OKBE/install/lib/python3.12/test/audiodata
/usr/bin/install -c -m 644 ./Lib/test/audiodata/pluck-pcm8.aiff /tmp/ci-python-runtime.rXB7OKBE/install/lib/python3.12/test/audiodata
/usr/bin/install -c -m 644 ./Lib/test/audiodata/pluck-pcm8.au /tmp/ci-python-runtime.rXB7OKBE/install/lib/python3.12/test/audiodata
/usr/bin/install -c -m 644 ./Lib/test/audiodata/pluck-pcm8.wav /tmp/ci-python-runtime.rXB7OKBE/install/lib/python3.12/test/audiodata
/usr/bin/install -c -m 644 ./Lib/test/audiodata/pluck-ulaw.aifc /tmp/ci-python-runtime.rXB7OKBE/install/lib/python3.12/test/audiodata
/usr/bin/install -c -m 644 ./Lib/test/audiodata/pluck-ulaw.au /tmp/ci-python-runtime.rXB7OKBE/install/lib/python3.12/test/audiodata
/usr/bin/install -c -m 644 ./Lib/test/certdata/allsans.pem /tmp/ci-python-runtime.rXB7OKBE/install/lib/python3.12/test/certdata
/usr/bin/install -c -m 644 ./Lib/test/certdata/badcert.pem /tmp/ci-python-runtime.rXB7OKBE/install/lib/python3.12/test/certdata
/usr/bin/install -c -m 644 ./Lib/test/certdata/badkey.pem /tmp/ci-python-runtime.rXB7OKBE/install/lib/python3.12/test/certdata
/usr/bin/install -c -m 644 ./Lib/test/certdata/ffdh3072.pem /tmp/ci-python-runtime.rXB7OKBE/install/lib/python3.12/test/certdata
/usr/bin/install -c -m 644 ./Lib/test/certdata/idnsans.pem /tmp/ci-python-runtime.rXB7OKBE/install/lib/python3.12/test/certdata
/usr/bin/install -c -m 644 ./Lib/test/certdata/keycert.passwd.pem /tmp/ci-python-runtime.rXB7OKBE/install/lib/python3.12/test/certdata
/usr/bin/install -c -m 644 ./Lib/test/certdata/keycert.pem /tmp/ci-python-runtime.rXB7OKBE/install/lib/python3.12/test/certdata
/usr/bin/install -c -m 644 ./Lib/test/certdata/keycert2.pem /tmp/ci-python-runtime.rXB7OKBE/install/lib/python3.12/test/certdata
/usr/bin/install -c -m 644 ./Lib/test/certdata/keycert3.pem /tmp/ci-python-runtime.rXB7OKBE/install/lib/python3.12/test/certdata
/usr/bin/install -c -m 644 ./Lib/test/certdata/keycert4.pem /tmp/ci-python-runtime.rXB7OKBE/install/lib/python3.12/test/certdata
/usr/bin/install -c -m 644 ./Lib/test/certdata/keycertecc.pem /tmp/ci-python-runtime.rXB7OKBE/install/lib/python3.12/test/certdata
/usr/bin/install -c -m 644 ./Lib/test/certdata/make_ssl_certs.py /tmp/ci-python-runtime.rXB7OKBE/install/lib/python3.12/test/certdata
/usr/bin/install -c -m 644 ./Lib/test/certdata/nokia.pem /tmp/ci-python-runtime.rXB7OKBE/install/lib/python3.12/test/certdata
/usr/bin/install -c -m 644 ./Lib/test/certdata/nosan.pem /tmp/ci-python-runtime.rXB7OKBE/install/lib/python3.12/test/certdata
/usr/bin/install -c -m 644 ./Lib/test/certdata/nullbytecert.pem /tmp/ci-python-runtime.rXB7OKBE/install/lib/python3.12/test/certdata
/usr/bin/install -c -m 644 ./Lib/test/certdata/nullcert.pem /tmp/ci-python-runtime.rXB7OKBE/install/lib/python3.12/test/certdata
/usr/bin/install -c -m 644 ./Lib/test/certdata/pycacert.pem /tmp/ci-python-runtime.rXB7OKBE/install/lib/python3.12/test/certdata
/usr/bin/install -c -m 644 ./Lib/test/certdata/pycakey.pem /tmp/ci-python-runtime.rXB7OKBE/install/lib/python3.12/test/certdata
/usr/bin/install -c -m 644 ./Lib/test/certdata/revocation.crl /tmp/ci-python-runtime.rXB7OKBE/install/lib/python3.12/test/certdata
/usr/bin/install -c -m 644 ./Lib/test/certdata/secp384r1.pem /tmp/ci-python-runtime.rXB7OKBE/install/lib/python3.12/test/certdata
/usr/bin/install -c -m 644 ./Lib/test/certdata/selfsigned_pythontestdotnet.pem /tmp/ci-python-runtime.rXB7OKBE/install/lib/python3.12/test/certdata
/usr/bin/install -c -m 644 ./Lib/test/certdata/ssl_cert.pem /tmp/ci-python-runtime.rXB7OKBE/install/lib/python3.12/test/certdata
/usr/bin/install -c -m 644 ./Lib/test/certdata/ssl_key.passwd.pem /tmp/ci-python-runtime.rXB7OKBE/install/lib/python3.12/test/certdata
/usr/bin/install -c -m 644 ./Lib/test/certdata/ssl_key.pem /tmp/ci-python-runtime.rXB7OKBE/install/lib/python3.12/test/certdata
/usr/bin/install -c -m 644 ./Lib/test/certdata/talos-2019-0758.pem /tmp/ci-python-runtime.rXB7OKBE/install/lib/python3.12/test/certdata
/usr/bin/install -c -m 644 ./Lib/test/certdata/capath/4e1295a3.0 /tmp/ci-python-runtime.rXB7OKBE/install/lib/python3.12/test/certdata/capath
/usr/bin/install -c -m 644 ./Lib/test/certdata/capath/5ed36f99.0 /tmp/ci-python-runtime.rXB7OKBE/install/lib/python3.12/test/certdata/capath
/usr/bin/install -c -m 644 ./Lib/test/certdata/capath/6e88d7b8.0 /tmp/ci-python-runtime.rXB7OKBE/install/lib/python3.12/test/certdata/capath
/usr/bin/install -c -m 644 ./Lib/test/certdata/capath/99d0fa06.0 /tmp/ci-python-runtime.rXB7OKBE/install/lib/python3.12/test/certdata/capath
/usr/bin/install -c -m 644 ./Lib/test/certdata/capath/b1930218.0 /tmp/ci-python-runtime.rXB7OKBE/install/lib/python3.12/test/certdata/capath
/usr/bin/install -c -m 644 ./Lib/test/certdata/capath/ceff1710.0 /tmp/ci-python-runtime.rXB7OKBE/install/lib/python3.12/test/certdata/capath
/usr/bin/install -c -m 644 ./Lib/test/cjkencodings/big5-utf8.txt /tmp/ci-python-runtime.rXB7OKBE/install/lib/python3.12/test/cjkencodings
/usr/bin/install -c -m 644 ./Lib/test/cjkencodings/big5.txt /tmp/ci-python-runtime.rXB7OKBE/install/lib/python3.12/test/cjkencodings
/usr/bin/install -c -m 644 ./Lib/test/cjkencodings/big5hkscs-utf8.txt /tmp/ci-python-runtime.rXB7OKBE/install/lib/python3.12/test/cjkencodings
/usr/bin/install -c -m 644 ./Lib/test/cjkencodings/big5hkscs.txt /tmp/ci-python-runtime.rXB7OKBE/install/lib/python3.12/test/cjkencodings
/usr/bin/install -c -m 644 ./Lib/test/cjkencodings/cp949-utf8.txt /tmp/ci-python-runtime.rXB7OKBE/install/lib/python3.12/test/cjkencodings
/usr/bin/install -c -m 644 ./Lib/test/cjkencodings/cp949.txt /tmp/ci-python-runtime.rXB7OKBE/install/lib/python3.12/test/cjkencodings
/usr/bin/install -c -m 644 ./Lib/test/cjkencodings/euc_jisx0213-utf8.txt /tmp/ci-python-runtime.rXB7OKBE/install/lib/python3.12/test/cjkencodings
/usr/bin/install -c -m 644 ./Lib/test/cjkencodings/euc_jisx0213.txt /tmp/ci-python-runtime.rXB7OKBE/install/lib/python3.12/test/cjkencodings
/usr/bin/install -c -m 644 ./Lib/test/cjkencodings/euc_jp-utf8.txt /tmp/ci-python-runtime.rXB7OKBE/install/lib/python3.12/test/cjkencodings
/usr/bin/install -c -m 644 ./Lib/test/cjkencodings/euc_jp.txt /tmp/ci-python-runtime.rXB7OKBE/install/lib/python3.12/test/cjkencodings
/usr/bin/install -c -m 644 ./Lib/test/cjkencodings/euc_kr-utf8.txt /tmp/ci-python-runtime.rXB7OKBE/install/lib/python3.12/test/cjkencodings
/usr/bin/install -c -m 644 ./Lib/test/cjkencodings/euc_kr.txt /tmp/ci-python-runtime.rXB7OKBE/install/lib/python3.12/test/cjkencodings
/usr/bin/install -c -m 644 ./Lib/test/cjkencodings/gb18030-utf8.txt /tmp/ci-python-runtime.rXB7OKBE/install/lib/python3.12/test/cjkencodings
/usr/bin/install -c -m 644 ./Lib/test/cjkencodings/gb18030.txt /tmp/ci-python-runtime.rXB7OKBE/install/lib/python3.12/test/cjkencodings
/usr/bin/install -c -m 644 ./Lib/test/cjkencodings/gb2312-utf8.txt /tmp/ci-python-runtime.rXB7OKBE/install/lib/python3.12/test/cjkencodings
/usr/bin/install -c -m 644 ./Lib/test/cjkencodings/gb2312.txt /tmp/ci-python-runtime.rXB7OKBE/install/lib/python3.12/test/cjkencodings
/usr/bin/install -c -m 644 ./Lib/test/cjkencodings/gbk-utf8.txt /tmp/ci-python-runtime.rXB7OKBE/install/lib/python3.12/test/cjkencodings
/usr/bin/install -c -m 644 ./Lib/test/cjkencodings/gbk.txt /tmp/ci-python-runtime.rXB7OKBE/install/lib/python3.12/test/cjkencodings
/usr/bin/install -c -m 644 ./Lib/test/cjkencodings/hz-utf8.txt /tmp/ci-python-runtime.rXB7OKBE/install/lib/python3.12/test/cjkencodings
/usr/bin/install -c -m 644 ./Lib/test/cjkencodings/hz.txt /tmp/ci-python-runtime.rXB7OKBE/install/lib/python3.12/test/cjkencodings
/usr/bin/install -c -m 644 ./Lib/test/cjkencodings/iso2022_jp-utf8.txt /tmp/ci-python-runtime.rXB7OKBE/install/lib/python3.12/test/cjkencodings
/usr/bin/install -c -m 644 ./Lib/test/cjkencodings/iso2022_jp.txt /tmp/ci-python-runtime.rXB7OKBE/install/lib/python3.12/test/cjkencodings
/usr/bin/install -c -m 644 ./Lib/test/cjkencodings/iso2022_kr-utf8.txt /tmp/ci-python-runtime.rXB7OKBE/install/lib/python3.12/test/cjkencodings
/usr/bin/install -c -m 644 ./Lib/test/cjkencodings/iso2022_kr.txt /tmp/ci-python-runtime.rXB7OKBE/install/lib/python3.12/test/cjkencodings
/usr/bin/install -c -m 644 ./Lib/test/cjkencodings/johab-utf8.txt /tmp/ci-python-runtime.rXB7OKBE/install/lib/python3.12/test/cjkencodings
/usr/bin/install -c -m 644 ./Lib/test/cjkencodings/johab.txt /tmp/ci-python-runtime.rXB7OKBE/install/lib/python3.12/test/cjkencodings
/usr/bin/install -c -m 644 ./Lib/test/cjkencodings/shift_jis-utf8.txt /tmp/ci-python-runtime.rXB7OKBE/install/lib/python3.12/test/cjkencodings
/usr/bin/install -c -m 644 ./Lib/test/cjkencodings/shift_jis.txt /tmp/ci-python-runtime.rXB7OKBE/install/lib/python3.12/test/cjkencodings
/usr/bin/install -c -m 644 ./Lib/test/cjkencodings/shift_jisx0213-utf8.txt /tmp/ci-python-runtime.rXB7OKBE/install/lib/python3.12/test/cjkencodings
/usr/bin/install -c -m 644 ./Lib/test/cjkencodings/shift_jisx0213.txt /tmp/ci-python-runtime.rXB7OKBE/install/lib/python3.12/test/cjkencodings
/usr/bin/install -c -m 644 ./Lib/test/crashers/README /tmp/ci-python-runtime.rXB7OKBE/install/lib/python3.12/test/crashers
/usr/bin/install -c -m 644 ./Lib/test/crashers/bogus_code_obj.py /tmp/ci-python-runtime.rXB7OKBE/install/lib/python3.12/test/crashers
/usr/bin/install -c -m 644 ./Lib/test/crashers/gc_inspection.py /tmp/ci-python-runtime.rXB7OKBE/install/lib/python3.12/test/crashers
/usr/bin/install -c -m 644 ./Lib/test/crashers/infinite_loop_re.py /tmp/ci-python-runtime.rXB7OKBE/install/lib/python3.12/test/crashers
/usr/bin/install -c -m 644 ./Lib/test/crashers/mutation_inside_cyclegc.py /tmp/ci-python-runtime.rXB7OKBE/install/lib/python3.12/test/crashers
/usr/bin/install -c ./Lib/test/crashers/recursive_call.py /tmp/ci-python-runtime.rXB7OKBE/install/lib/python3.12/test/crashers
/usr/bin/install -c -m 644 ./Lib/test/crashers/trace_at_recursion_limit.py /tmp/ci-python-runtime.rXB7OKBE/install/lib/python3.12/test/crashers
/usr/bin/install -c -m 644 ./Lib/test/crashers/underlying_dict.py /tmp/ci-python-runtime.rXB7OKBE/install/lib/python3.12/test/crashers
/usr/bin/install -c -m 644 ./Lib/test/configdata/cfgparser.1 /tmp/ci-python-runtime.rXB7OKBE/install/lib/python3.12/test/configdata
/usr/bin/install -c -m 644 ./Lib/test/configdata/cfgparser.2 /tmp/ci-python-runtime.rXB7OKBE/install/lib/python3.12/test/configdata
/usr/bin/install -c -m 644 ./Lib/test/configdata/cfgparser.3 /tmp/ci-python-runtime.rXB7OKBE/install/lib/python3.12/test/configdata
/usr/bin/install -c -m 644 ./Lib/test/data/README /tmp/ci-python-runtime.rXB7OKBE/install/lib/python3.12/test/data
/usr/bin/install -c -m 644 ./Lib/test/decimaltestdata/abs.decTest /tmp/ci-python-runtime.rXB7OKBE/install/lib/python3.12/test/decimaltestdata
/usr/bin/install -c -m 644 ./Lib/test/decimaltestdata/add.decTest /tmp/ci-python-runtime.rXB7OKBE/install/lib/python3.12/test/decimaltestdata
/usr/bin/install -c -m 644 ./Lib/test/decimaltestdata/and.decTest /tmp/ci-python-runtime.rXB7OKBE/install/lib/python3.12/test/decimaltestdata
/usr/bin/install -c -m 644 ./Lib/test/decimaltestdata/base.decTest /tmp/ci-python-runtime.rXB7OKBE/install/lib/python3.12/test/decimaltestdata
/usr/bin/install -c -m 644 ./Lib/test/decimaltestdata/clamp.decTest /tmp/ci-python-runtime.rXB7OKBE/install/lib/python3.12/test/decimaltestdata
/usr/bin/install -c -m 644 ./Lib/test/decimaltestdata/class.decTest /tmp/ci-python-runtime.rXB7OKBE/install/lib/python3.12/test/decimaltestdata
/usr/bin/install -c -m 644 ./Lib/test/decimaltestdata/compare.decTest /tmp/ci-python-runtime.rXB7OKBE/install/lib/python3.12/test/decimaltestdata
/usr/bin/install -c -m 644 ./Lib/test/decimaltestdata/comparetotal.decTest /tmp/ci-python-runtime.rXB7OKBE/install/lib/python3.12/test/decimaltestdata
/usr/bin/install -c -m 644 ./Lib/test/decimaltestdata/comparetotmag.decTest /tmp/ci-python-runtime.rXB7OKBE/install/lib/python3.12/test/decimaltestdata
/usr/bin/install -c -m 644 ./Lib/test/decimaltestdata/copy.decTest /tmp/ci-python-runtime.rXB7OKBE/install/lib/python3.12/test/decimaltestdata
/usr/bin/install -c -m 644 ./Lib/test/decimaltestdata/copyabs.decTest /tmp/ci-python-runtime.rXB7OKBE/install/lib/python3.12/test/decimaltestdata
/usr/bin/install -c -m 644 ./Lib/test/decimaltestdata/copynegate.decTest /tmp/ci-python-runtime.rXB7OKBE/install/lib/python3.12/test/decimaltestdata
/usr/bin/install -c -m 644 ./Lib/test/decimaltestdata/copysign.decTest /tmp/ci-python-runtime.rXB7OKBE/install/lib/python3.12/test/decimaltestdata
/usr/bin/install -c -m 644 ./Lib/test/decimaltestdata/ddAbs.decTest /tmp/ci-python-runtime.rXB7OKBE/install/lib/python3.12/test/decimaltestdata
/usr/bin/install -c -m 644 ./Lib/test/decimaltestdata/ddAdd.decTest /tmp/ci-python-runtime.rXB7OKBE/install/lib/python3.12/test/decimaltestdata
/usr/bin/install -c -m 644 ./Lib/test/decimaltestdata/ddAnd.decTest /tmp/ci-python-runtime.rXB7OKBE/install/lib/python3.12/test/decimaltestdata
/usr/bin/install -c -m 644 ./Lib/test/decimaltestdata/ddBase.decTest /tmp/ci-python-runtime.rXB7OKBE/install/lib/python3.12/test/decimaltestdata
/usr/bin/install -c -m 644 ./Lib/test/decimaltestdata/ddCanonical.decTest /tmp/ci-python-runtime.rXB7OKBE/install/lib/python3.12/test/decimaltestdata
/usr/bin/install -c -m 644 ./Lib/test/decimaltestdata/ddClass.decTest /tmp/ci-python-runtime.rXB7OKBE/install/lib/python3.12/test/decimaltestdata
/usr/bin/install -c -m 644 ./Lib/test/decimaltestdata/ddCompare.decTest /tmp/ci-python-runtime.rXB7OKBE/install/lib/python3.12/test/decimaltestdata
/usr/bin/install -c -m 644 ./Lib/test/decimaltestdata/ddCompareSig.decTest /tmp/ci-python-runtime.rXB7OKBE/install/lib/python3.12/test/decimaltestdata
/usr/bin/install -c -m 644 ./Lib/test/decimaltestdata/ddCompareTotal.decTest /tmp/ci-python-runtime.rXB7OKBE/install/lib/python3.12/test/decimaltestdata
/usr/bin/install -c -m 644 ./Lib/test/decimaltestdata/ddCompareTotalMag.decTest /tmp/ci-python-runtime.rXB7OKBE/install/lib/python3.12/test/decimaltestdata
/usr/bin/install -c -m 644 ./Lib/test/decimaltestdata/ddCopy.decTest /tmp/ci-python-runtime.rXB7OKBE/install/lib/python3.12/test/decimaltestdata
/usr/bin/install -c -m 644 ./Lib/test/decimaltestdata/ddCopyAbs.decTest /tmp/ci-python-runtime.rXB7OKBE/install/lib/python3.12/test/decimaltestdata
/usr/bin/install -c -m 644 ./Lib/test/decimaltestdata/ddCopyNegate.decTest /tmp/ci-python-runtime.rXB7OKBE/install/lib/python3.12/test/decimaltestdata
/usr/bin/install -c -m 644 ./Lib/test/decimaltestdata/ddCopySign.decTest /tmp/ci-python-runtime.rXB7OKBE/install/lib/python3.12/test/decimaltestdata
/usr/bin/install -c -m 644 ./Lib/test/decimaltestdata/ddDivide.decTest /tmp/ci-python-runtime.rXB7OKBE/install/lib/python3.12/test/decimaltestdata
/usr/bin/install -c -m 644 ./Lib/test/decimaltestdata/ddDivideInt.decTest /tmp/ci-python-runtime.rXB7OKBE/install/lib/python3.12/test/decimaltestdata
/usr/bin/install -c -m 644 ./Lib/test/decimaltestdata/ddEncode.decTest /tmp/ci-python-runtime.rXB7OKBE/install/lib/python3.12/test/decimaltestdata
/usr/bin/install -c -m 644 ./Lib/test/decimaltestdata/ddFMA.decTest /tmp/ci-python-runtime.rXB7OKBE/install/lib/python3.12/test/decimaltestdata
/usr/bin/install -c -m 644 ./Lib/test/decimaltestdata/ddInvert.decTest /tmp/ci-python-runtime.rXB7OKBE/install/lib/python3.12/test/decimaltestdata
/usr/bin/install -c -m 644 ./Lib/test/decimaltestdata/ddLogB.decTest /tmp/ci-python-runtime.rXB7OKBE/install/lib/python3.12/test/decimaltestdata
/usr/bin/install -c -m 644 ./Lib/test/decimaltestdata/ddMax.decTest /tmp/ci-python-runtime.rXB7OKBE/install/lib/python3.12/test/decimaltestdata
/usr/bin/install -c -m 644 ./Lib/test/decimaltestdata/ddMaxMag.decTest /tmp/ci-python-runtime.rXB7OKBE/install/lib/python3.12/test/decimaltestdata
/usr/bin/install -c -m 644 ./Lib/test/decimaltestdata/ddMin.decTest /tmp/ci-python-runtime.rXB7OKBE/install/lib/python3.12/test/decimaltestdata
/usr/bin/install -c -m 644 ./Lib/test/decimaltestdata/ddMinMag.decTest /tmp/ci-python-runtime.rXB7OKBE/install/lib/python3.12/test/decimaltestdata
/usr/bin/install -c -m 644 ./Lib/test/decimaltestdata/ddMinus.decTest /tmp/ci-python-runtime.rXB7OKBE/install/lib/python3.12/test/decimaltestdata
/usr/bin/install -c -m 644 ./Lib/test/decimaltestdata/ddMultiply.decTest /tmp/ci-python-runtime.rXB7OKBE/install/lib/python3.12/test/decimaltestdata
/usr/bin/install -c -m 644 ./Lib/test/decimaltestdata/ddNextMinus.decTest /tmp/ci-python-runtime.rXB7OKBE/install/lib/python3.12/test/decimaltestdata
/usr/bin/install -c -m 644 ./Lib/test/decimaltestdata/ddNextPlus.decTest /tmp/ci-python-runtime.rXB7OKBE/install/lib/python3.12/test/decimaltestdata
/usr/bin/install -c -m 644 ./Lib/test/decimaltestdata/ddNextToward.decTest /tmp/ci-python-runtime.rXB7OKBE/install/lib/python3.12/test/decimaltestdata
/usr/bin/install -c -m 644 ./Lib/test/decimaltestdata/ddOr.decTest /tmp/ci-python-runtime.rXB7OKBE/install/lib/python3.12/test/decimaltestdata
/usr/bin/install -c -m 644 ./Lib/test/decimaltestdata/ddPlus.decTest /tmp/ci-python-runtime.rXB7OKBE/install/lib/python3.12/test/decimaltestdata
/usr/bin/install -c -m 644 ./Lib/test/decimaltestdata/ddQuantize.decTest /tmp/ci-python-runtime.rXB7OKBE/install/lib/python3.12/test/decimaltestdata
/usr/bin/install -c -m 644 ./Lib/test/decimaltestdata/ddReduce.decTest /tmp/ci-python-runtime.rXB7OKBE/install/lib/python3.12/test/decimaltestdata
/usr/bin/install -c -m 644 ./Lib/test/decimaltestdata/ddRemainder.decTest /tmp/ci-python-runtime.rXB7OKBE/install/lib/python3.12/test/decimaltestdata
/usr/bin/install -c -m 644 ./Lib/test/decimaltestdata/ddRemainderNear.decTest /tmp/ci-python-runtime.rXB7OKBE/install/lib/python3.12/test/decimaltestdata
/usr/bin/install -c -m 644 ./Lib/test/decimaltestdata/ddRotate.decTest /tmp/ci-python-runtime.rXB7OKBE/install/lib/python3.12/test/decimaltestdata
/usr/bin/install -c -m 644 ./Lib/test/decimaltestdata/ddSameQuantum.decTest /tmp/ci-python-runtime.rXB7OKBE/install/lib/python3.12/test/decimaltestdata
/usr/bin/install -c -m 644 ./Lib/test/decimaltestdata/ddScaleB.decTest /tmp/ci-python-runtime.rXB7OKBE/install/lib/python3.12/test/decimaltestdata
/usr/bin/install -c -m 644 ./Lib/test/decimaltestdata/ddShift.decTest /tmp/ci-python-runtime.rXB7OKBE/install/lib/python3.12/test/decimaltestdata
/usr/bin/install -c -m 644 ./Lib/test/decimaltestdata/ddSubtract.decTest /tmp/ci-python-runtime.rXB7OKBE/install/lib/python3.12/test/decimaltestdata
/usr/bin/install -c -m 644 ./Lib/test/decimaltestdata/ddToIntegral.decTest /tmp/ci-python-runtime.rXB7OKBE/install/lib/python3.12/test/decimaltestdata
/usr/bin/install -c -m 644 ./Lib/test/decimaltestdata/ddXor.decTest /tmp/ci-python-runtime.rXB7OKBE/install/lib/python3.12/test/decimaltestdata
/usr/bin/install -c -m 644 ./Lib/test/decimaltestdata/decDouble.decTest /tmp/ci-python-runtime.rXB7OKBE/install/lib/python3.12/test/decimaltestdata
/usr/bin/install -c -m 644 ./Lib/test/decimaltestdata/decQuad.decTest /tmp/ci-python-runtime.rXB7OKBE/install/lib/python3.12/test/decimaltestdata
/usr/bin/install -c -m 644 ./Lib/test/decimaltestdata/decSingle.decTest /tmp/ci-python-runtime.rXB7OKBE/install/lib/python3.12/test/decimaltestdata
/usr/bin/install -c -m 644 ./Lib/test/decimaltestdata/divide.decTest /tmp/ci-python-runtime.rXB7OKBE/install/lib/python3.12/test/decimaltestdata
/usr/bin/install -c -m 644 ./Lib/test/decimaltestdata/divideint.decTest /tmp/ci-python-runtime.rXB7OKBE/install/lib/python3.12/test/decimaltestdata
/usr/bin/install -c -m 644 ./Lib/test/decimaltestdata/dqAbs.decTest /tmp/ci-python-runtime.rXB7OKBE/install/lib/python3.12/test/decimaltestdata
/usr/bin/install -c -m 644 ./Lib/test/decimaltestdata/dqAdd.decTest /tmp/ci-python-runtime.rXB7OKBE/install/lib/python3.12/test/decimaltestdata
/usr/bin/install -c -m 644 ./Lib/test/decimaltestdata/dqAnd.decTest /tmp/ci-python-runtime.rXB7OKBE/install/lib/python3.12/test/decimaltestdata
/usr/bin/install -c -m 644 ./Lib/test/decimaltestdata/dqBase.decTest /tmp/ci-python-runtime.rXB7OKBE/install/lib/python3.12/test/decimaltestdata
/usr/bin/install -c -m 644 ./Lib/test/decimaltestdata/dqCanonical.decTest /tmp/ci-python-runtime.rXB7OKBE/install/lib/python3.12/test/decimaltestdata
/usr/bin/install -c -m 644 ./Lib/test/decimaltestdata/dqClass.decTest /tmp/ci-python-runtime.rXB7OKBE/install/lib/python3.12/test/decimaltestdata
/usr/bin/install -c -m 644 ./Lib/test/decimaltestdata/dqCompare.decTest /tmp/ci-python-runtime.rXB7OKBE/install/lib/python3.12/test/decimaltestdata
/usr/bin/install -c -m 644 ./Lib/test/decimaltestdata/dqCompareSig.decTest /tmp/ci-python-runtime.rXB7OKBE/install/lib/python3.12/test/decimaltestdata
/usr/bin/install -c -m 644 ./Lib/test/decimaltestdata/dqCompareTotal.decTest /tmp/ci-python-runtime.rXB7OKBE/install/lib/python3.12/test/decimaltestdata
/usr/bin/install -c -m 644 ./Lib/test/decimaltestdata/dqCompareTotalMag.decTest /tmp/ci-python-runtime.rXB7OKBE/install/lib/python3.12/test/decimaltestdata
/usr/bin/install -c -m 644 ./Lib/test/decimaltestdata/dqCopy.decTest /tmp/ci-python-runtime.rXB7OKBE/install/lib/python3.12/test/decimaltestdata
/usr/bin/install -c -m 644 ./Lib/test/decimaltestdata/dqCopyAbs.decTest /tmp/ci-python-runtime.rXB7OKBE/install/lib/python3.12/test/decimaltestdata
/usr/bin/install -c -m 644 ./Lib/test/decimaltestdata/dqCopyNegate.decTest /tmp/ci-python-runtime.rXB7OKBE/install/lib/python3.12/test/decimaltestdata
/usr/bin/install -c -m 644 ./Lib/test/decimaltestdata/dqCopySign.decTest /tmp/ci-python-runtime.rXB7OKBE/install/lib/python3.12/test/decimaltestdata
/usr/bin/install -c -m 644 ./Lib/test/decimaltestdata/dqDivide.decTest /tmp/ci-python-runtime.rXB7OKBE/install/lib/python3.12/test/decimaltestdata
/usr/bin/install -c -m 644 ./Lib/test/decimaltestdata/dqDivideInt.decTest /tmp/ci-python-runtime.rXB7OKBE/install/lib/python3.12/test/decimaltestdata
/usr/bin/install -c -m 644 ./Lib/test/decimaltestdata/dqEncode.decTest /tmp/ci-python-runtime.rXB7OKBE/install/lib/python3.12/test/decimaltestdata
/usr/bin/install -c -m 644 ./Lib/test/decimaltestdata/dqFMA.decTest /tmp/ci-python-runtime.rXB7OKBE/install/lib/python3.12/test/decimaltestdata
/usr/bin/install -c -m 644 ./Lib/test/decimaltestdata/dqInvert.decTest /tmp/ci-python-runtime.rXB7OKBE/install/lib/python3.12/test/decimaltestdata
/usr/bin/install -c -m 644 ./Lib/test/decimaltestdata/dqLogB.decTest /tmp/ci-python-runtime.rXB7OKBE/install/lib/python3.12/test/decimaltestdata
/usr/bin/install -c -m 644 ./Lib/test/decimaltestdata/dqMax.decTest /tmp/ci-python-runtime.rXB7OKBE/install/lib/python3.12/test/decimaltestdata
/usr/bin/install -c -m 644 ./Lib/test/decimaltestdata/dqMaxMag.decTest /tmp/ci-python-runtime.rXB7OKBE/install/lib/python3.12/test/decimaltestdata
/usr/bin/install -c -m 644 ./Lib/test/decimaltestdata/dqMin.decTest /tmp/ci-python-runtime.rXB7OKBE/install/lib/python3.12/test/decimaltestdata
/usr/bin/install -c -m 644 ./Lib/test/decimaltestdata/dqMinMag.decTest /tmp/ci-python-runtime.rXB7OKBE/install/lib/python3.12/test/decimaltestdata
/usr/bin/install -c -m 644 ./Lib/test/decimaltestdata/dqMinus.decTest /tmp/ci-python-runtime.rXB7OKBE/install/lib/python3.12/test/decimaltestdata
/usr/bin/install -c -m 644 ./Lib/test/decimaltestdata/dqMultiply.decTest /tmp/ci-python-runtime.rXB7OKBE/install/lib/python3.12/test/decimaltestdata
/usr/bin/install -c -m 644 ./Lib/test/decimaltestdata/dqNextMinus.decTest /tmp/ci-python-runtime.rXB7OKBE/install/lib/python3.12/test/decimaltestdata
/usr/bin/install -c -m 644 ./Lib/test/decimaltestdata/dqNextPlus.decTest /tmp/ci-python-runtime.rXB7OKBE/install/lib/python3.12/test/decimaltestdata
/usr/bin/install -c -m 644 ./Lib/test/decimaltestdata/dqNextToward.decTest /tmp/ci-python-runtime.rXB7OKBE/install/lib/python3.12/test/decimaltestdata
/usr/bin/install -c -m 644 ./Lib/test/decimaltestdata/dqOr.decTest /tmp/ci-python-runtime.rXB7OKBE/install/lib/python3.12/test/decimaltestdata
/usr/bin/install -c -m 644 ./Lib/test/decimaltestdata/dqPlus.decTest /tmp/ci-python-runtime.rXB7OKBE/install/lib/python3.12/test/decimaltestdata
/usr/bin/install -c -m 644 ./Lib/test/decimaltestdata/dqQuantize.decTest /tmp/ci-python-runtime.rXB7OKBE/install/lib/python3.12/test/decimaltestdata
/usr/bin/install -c -m 644 ./Lib/test/decimaltestdata/dqReduce.decTest /tmp/ci-python-runtime.rXB7OKBE/install/lib/python3.12/test/decimaltestdata
/usr/bin/install -c -m 644 ./Lib/test/decimaltestdata/dqRemainder.decTest /tmp/ci-python-runtime.rXB7OKBE/install/lib/python3.12/test/decimaltestdata
/usr/bin/install -c -m 644 ./Lib/test/decimaltestdata/dqRemainderNear.decTest /tmp/ci-python-runtime.rXB7OKBE/install/lib/python3.12/test/decimaltestdata
/usr/bin/install -c -m 644 ./Lib/test/decimaltestdata/dqRotate.decTest /tmp/ci-python-runtime.rXB7OKBE/install/lib/python3.12/test/decimaltestdata
/usr/bin/install -c -m 644 ./Lib/test/decimaltestdata/dqSameQuantum.decTest /tmp/ci-python-runtime.rXB7OKBE/install/lib/python3.12/test/decimaltestdata
/usr/bin/install -c -m 644 ./Lib/test/decimaltestdata/dqScaleB.decTest /tmp/ci-python-runtime.rXB7OKBE/install/lib/python3.12/test/decimaltestdata
/usr/bin/install -c -m 644 ./Lib/test/decimaltestdata/dqShift.decTest /tmp/ci-python-runtime.rXB7OKBE/install/lib/python3.12/test/decimaltestdata
/usr/bin/install -c -m 644 ./Lib/test/decimaltestdata/dqSubtract.decTest /tmp/ci-python-runtime.rXB7OKBE/install/lib/python3.12/test/decimaltestdata
/usr/bin/install -c -m 644 ./Lib/test/decimaltestdata/dqToIntegral.decTest /tmp/ci-python-runtime.rXB7OKBE/install/lib/python3.12/test/decimaltestdata
/usr/bin/install -c -m 644 ./Lib/test/decimaltestdata/dqXor.decTest /tmp/ci-python-runtime.rXB7OKBE/install/lib/python3.12/test/decimaltestdata
/usr/bin/install -c -m 644 ./Lib/test/decimaltestdata/dsBase.decTest /tmp/ci-python-runtime.rXB7OKBE/install/lib/python3.12/test/decimaltestdata
/usr/bin/install -c -m 644 ./Lib/test/decimaltestdata/dsEncode.decTest /tmp/ci-python-runtime.rXB7OKBE/install/lib/python3.12/test/decimaltestdata
/usr/bin/install -c -m 644 ./Lib/test/decimaltestdata/exp.decTest /tmp/ci-python-runtime.rXB7OKBE/install/lib/python3.12/test/decimaltestdata
/usr/bin/install -c -m 644 ./Lib/test/decimaltestdata/extra.decTest /tmp/ci-python-runtime.rXB7OKBE/install/lib/python3.12/test/decimaltestdata
/usr/bin/install -c -m 644 ./Lib/test/decimaltestdata/fma.decTest /tmp/ci-python-runtime.rXB7OKBE/install/lib/python3.12/test/decimaltestdata
/usr/bin/install -c -m 644 ./Lib/test/decimaltestdata/inexact.decTest /tmp/ci-python-runtime.rXB7OKBE/install/lib/python3.12/test/decimaltestdata
/usr/bin/install -c -m 644 ./Lib/test/decimaltestdata/invert.decTest /tmp/ci-python-runtime.rXB7OKBE/install/lib/python3.12/test/decimaltestdata
/usr/bin/install -c -m 644 ./Lib/test/decimaltestdata/ln.decTest /tmp/ci-python-runtime.rXB7OKBE/install/lib/python3.12/test/decimaltestdata
/usr/bin/install -c -m 644 ./Lib/test/decimaltestdata/log10.decTest /tmp/ci-python-runtime.rXB7OKBE/install/lib/python3.12/test/decimaltestdata
/usr/bin/install -c -m 644 ./Lib/test/decimaltestdata/logb.decTest /tmp/ci-python-runtime.rXB7OKBE/install/lib/python3.12/test/decimaltestdata
/usr/bin/install -c -m 644 ./Lib/test/decimaltestdata/max.decTest /tmp/ci-python-runtime.rXB7OKBE/install/lib/python3.12/test/decimaltestdata
/usr/bin/install -c -m 644 ./Lib/test/decimaltestdata/maxmag.decTest /tmp/ci-python-runtime.rXB7OKBE/install/lib/python3.12/test/decimaltestdata
/usr/bin/install -c -m 644 ./Lib/test/decimaltestdata/min.decTest /tmp/ci-python-runtime.rXB7OKBE/install/lib/python3.12/test/decimaltestdata
/usr/bin/install -c -m 644 ./Lib/test/decimaltestdata/minmag.decTest /tmp/ci-python-runtime.rXB7OKBE/install/lib/python3.12/test/decimaltestdata
/usr/bin/install -c -m 644 ./Lib/test/decimaltestdata/minus.decTest /tmp/ci-python-runtime.rXB7OKBE/install/lib/python3.12/test/decimaltestdata
/usr/bin/install -c -m 644 ./Lib/test/decimaltestdata/multiply.decTest /tmp/ci-python-runtime.rXB7OKBE/install/lib/python3.12/test/decimaltestdata
/usr/bin/install -c -m 644 ./Lib/test/decimaltestdata/nextminus.decTest /tmp/ci-python-runtime.rXB7OKBE/install/lib/python3.12/test/decimaltestdata
/usr/bin/install -c -m 644 ./Lib/test/decimaltestdata/nextplus.decTest /tmp/ci-python-runtime.rXB7OKBE/install/lib/python3.12/test/decimaltestdata
/usr/bin/install -c -m 644 ./Lib/test/decimaltestdata/nexttoward.decTest /tmp/ci-python-runtime.rXB7OKBE/install/lib/python3.12/test/decimaltestdata
/usr/bin/install -c -m 644 ./Lib/test/decimaltestdata/or.decTest /tmp/ci-python-runtime.rXB7OKBE/install/lib/python3.12/test/decimaltestdata
/usr/bin/install -c -m 644 ./Lib/test/decimaltestdata/plus.decTest /tmp/ci-python-runtime.rXB7OKBE/install/lib/python3.12/test/decimaltestdata
/usr/bin/install -c -m 644 ./Lib/test/decimaltestdata/power.decTest /tmp/ci-python-runtime.rXB7OKBE/install/lib/python3.12/test/decimaltestdata
/usr/bin/install -c -m 644 ./Lib/test/decimaltestdata/powersqrt.decTest /tmp/ci-python-runtime.rXB7OKBE/install/lib/python3.12/test/decimaltestdata
/usr/bin/install -c -m 644 ./Lib/test/decimaltestdata/quantize.decTest /tmp/ci-python-runtime.rXB7OKBE/install/lib/python3.12/test/decimaltestdata
/usr/bin/install -c -m 644 ./Lib/test/decimaltestdata/randomBound32.decTest /tmp/ci-python-runtime.rXB7OKBE/install/lib/python3.12/test/decimaltestdata
/usr/bin/install -c -m 644 ./Lib/test/decimaltestdata/randoms.decTest /tmp/ci-python-runtime.rXB7OKBE/install/lib/python3.12/test/decimaltestdata
/usr/bin/install -c -m 644 ./Lib/test/decimaltestdata/reduce.decTest /tmp/ci-python-runtime.rXB7OKBE/install/lib/python3.12/test/decimaltestdata
/usr/bin/install -c -m 644 ./Lib/test/decimaltestdata/remainder.decTest /tmp/ci-python-runtime.rXB7OKBE/install/lib/python3.12/test/decimaltestdata
/usr/bin/install -c -m 644 ./Lib/test/decimaltestdata/remainderNear.decTest /tmp/ci-python-runtime.rXB7OKBE/install/lib/python3.12/test/decimaltestdata
/usr/bin/install -c -m 644 ./Lib/test/decimaltestdata/rescale.decTest /tmp/ci-python-runtime.rXB7OKBE/install/lib/python3.12/test/decimaltestdata
/usr/bin/install -c -m 644 ./Lib/test/decimaltestdata/rotate.decTest /tmp/ci-python-runtime.rXB7OKBE/install/lib/python3.12/test/decimaltestdata
/usr/bin/install -c -m 644 ./Lib/test/decimaltestdata/rounding.decTest /tmp/ci-python-runtime.rXB7OKBE/install/lib/python3.12/test/decimaltestdata
/usr/bin/install -c -m 644 ./Lib/test/decimaltestdata/samequantum.decTest /tmp/ci-python-runtime.rXB7OKBE/install/lib/python3.12/test/decimaltestdata
/usr/bin/install -c -m 644 ./Lib/test/decimaltestdata/scaleb.decTest /tmp/ci-python-runtime.rXB7OKBE/install/lib/python3.12/test/decimaltestdata
/usr/bin/install -c -m 644 ./Lib/test/decimaltestdata/shift.decTest /tmp/ci-python-runtime.rXB7OKBE/install/lib/python3.12/test/decimaltestdata
/usr/bin/install -c -m 644 ./Lib/test/decimaltestdata/squareroot.decTest /tmp/ci-python-runtime.rXB7OKBE/install/lib/python3.12/test/decimaltestdata
/usr/bin/install -c -m 644 ./Lib/test/decimaltestdata/subtract.decTest /tmp/ci-python-runtime.rXB7OKBE/install/lib/python3.12/test/decimaltestdata
/usr/bin/install -c -m 644 ./Lib/test/decimaltestdata/testall.decTest /tmp/ci-python-runtime.rXB7OKBE/install/lib/python3.12/test/decimaltestdata
/usr/bin/install -c -m 644 ./Lib/test/decimaltestdata/tointegral.decTest /tmp/ci-python-runtime.rXB7OKBE/install/lib/python3.12/test/decimaltestdata
/usr/bin/install -c -m 644 ./Lib/test/decimaltestdata/tointegralx.decTest /tmp/ci-python-runtime.rXB7OKBE/install/lib/python3.12/test/decimaltestdata
/usr/bin/install -c -m 644 ./Lib/test/decimaltestdata/xor.decTest /tmp/ci-python-runtime.rXB7OKBE/install/lib/python3.12/test/decimaltestdata
/usr/bin/install -c -m 644 ./Lib/test/dtracedata/assert_usable.d /tmp/ci-python-runtime.rXB7OKBE/install/lib/python3.12/test/dtracedata
/usr/bin/install -c -m 644 ./Lib/test/dtracedata/assert_usable.stp /tmp/ci-python-runtime.rXB7OKBE/install/lib/python3.12/test/dtracedata
/usr/bin/install -c -m 644 ./Lib/test/dtracedata/call_stack.d /tmp/ci-python-runtime.rXB7OKBE/install/lib/python3.12/test/dtracedata
/usr/bin/install -c -m 644 ./Lib/test/dtracedata/call_stack.d.expected /tmp/ci-python-runtime.rXB7OKBE/install/lib/python3.12/test/dtracedata
/usr/bin/install -c -m 644 ./Lib/test/dtracedata/call_stack.py /tmp/ci-python-runtime.rXB7OKBE/install/lib/python3.12/test/dtracedata
/usr/bin/install -c -m 644 ./Lib/test/dtracedata/call_stack.stp /tmp/ci-python-runtime.rXB7OKBE/install/lib/python3.12/test/dtracedata
/usr/bin/install -c -m 644 ./Lib/test/dtracedata/call_stack.stp.expected /tmp/ci-python-runtime.rXB7OKBE/install/lib/python3.12/test/dtracedata
/usr/bin/install -c -m 644 ./Lib/test/dtracedata/gc.d /tmp/ci-python-runtime.rXB7OKBE/install/lib/python3.12/test/dtracedata
/usr/bin/install -c -m 644 ./Lib/test/dtracedata/gc.d.expected /tmp/ci-python-runtime.rXB7OKBE/install/lib/python3.12/test/dtracedata
/usr/bin/install -c -m 644 ./Lib/test/dtracedata/gc.py /tmp/ci-python-runtime.rXB7OKBE/install/lib/python3.12/test/dtracedata
/usr/bin/install -c -m 644 ./Lib/test/dtracedata/gc.stp /tmp/ci-python-runtime.rXB7OKBE/install/lib/python3.12/test/dtracedata
/usr/bin/install -c -m 644 ./Lib/test/dtracedata/gc.stp.expected /tmp/ci-python-runtime.rXB7OKBE/install/lib/python3.12/test/dtracedata
/usr/bin/install -c -m 644 ./Lib/test/dtracedata/instance.py /tmp/ci-python-runtime.rXB7OKBE/install/lib/python3.12/test/dtracedata
/usr/bin/install -c -m 644 ./Lib/test/dtracedata/line.d /tmp/ci-python-runtime.rXB7OKBE/install/lib/python3.12/test/dtracedata
/usr/bin/install -c -m 644 ./Lib/test/dtracedata/line.d.expected /tmp/ci-python-runtime.rXB7OKBE/install/lib/python3.12/test/dtracedata
/usr/bin/install -c -m 644 ./Lib/test/dtracedata/line.py /tmp/ci-python-runtime.rXB7OKBE/install/lib/python3.12/test/dtracedata
/usr/bin/install -c -m 644 ./Lib/test/encoded_modules/__init__.py /tmp/ci-python-runtime.rXB7OKBE/install/lib/python3.12/test/encoded_modules
/usr/bin/install -c -m 644 ./Lib/test/encoded_modules/module_iso_8859_1.py /tmp/ci-python-runtime.rXB7OKBE/install/lib/python3.12/test/encoded_modules
/usr/bin/install -c -m 644 ./Lib/test/encoded_modules/module_koi8_r.py /tmp/ci-python-runtime.rXB7OKBE/install/lib/python3.12/test/encoded_modules
/usr/bin/install -c -m 644 ./Lib/test/imghdrdata/python-raw.jpg /tmp/ci-python-runtime.rXB7OKBE/install/lib/python3.12/test/imghdrdata
/usr/bin/install -c -m 644 ./Lib/test/imghdrdata/python.bmp /tmp/ci-python-runtime.rXB7OKBE/install/lib/python3.12/test/imghdrdata
/usr/bin/install -c -m 644 ./Lib/test/imghdrdata/python.exr /tmp/ci-python-runtime.rXB7OKBE/install/lib/python3.12/test/imghdrdata
/usr/bin/install -c -m 644 ./Lib/test/imghdrdata/python.gif /tmp/ci-python-runtime.rXB7OKBE/install/lib/python3.12/test/imghdrdata
/usr/bin/install -c -m 644 ./Lib/test/imghdrdata/python.jpg /tmp/ci-python-runtime.rXB7OKBE/install/lib/python3.12/test/imghdrdata
/usr/bin/install -c -m 644 ./Lib/test/imghdrdata/python.pbm /tmp/ci-python-runtime.rXB7OKBE/install/lib/python3.12/test/imghdrdata
/usr/bin/install -c -m 644 ./Lib/test/imghdrdata/python.pgm /tmp/ci-python-runtime.rXB7OKBE/install/lib/python3.12/test/imghdrdata
/usr/bin/install -c -m 644 ./Lib/test/imghdrdata/python.png /tmp/ci-python-runtime.rXB7OKBE/install/lib/python3.12/test/imghdrdata
/usr/bin/install -c -m 644 ./Lib/test/imghdrdata/python.ppm /tmp/ci-python-runtime.rXB7OKBE/install/lib/python3.12/test/imghdrdata
/usr/bin/install -c -m 644 ./Lib/test/imghdrdata/python.ras /tmp/ci-python-runtime.rXB7OKBE/install/lib/python3.12/test/imghdrdata
/usr/bin/install -c -m 644 ./Lib/test/imghdrdata/python.sgi /tmp/ci-python-runtime.rXB7OKBE/install/lib/python3.12/test/imghdrdata
/usr/bin/install -c -m 644 ./Lib/test/imghdrdata/python.tiff /tmp/ci-python-runtime.rXB7OKBE/install/lib/python3.12/test/imghdrdata
/usr/bin/install -c -m 644 ./Lib/test/imghdrdata/python.webp /tmp/ci-python-runtime.rXB7OKBE/install/lib/python3.12/test/imghdrdata
/usr/bin/install -c -m 644 ./Lib/test/imghdrdata/python.xbm /tmp/ci-python-runtime.rXB7OKBE/install/lib/python3.12/test/imghdrdata
/usr/bin/install -c -m 644 ./Lib/test/leakers/README.txt /tmp/ci-python-runtime.rXB7OKBE/install/lib/python3.12/test/leakers
/usr/bin/install -c -m 644 ./Lib/test/leakers/__init__.py /tmp/ci-python-runtime.rXB7OKBE/install/lib/python3.12/test/leakers
/usr/bin/install -c -m 644 ./Lib/test/leakers/test_ctypes.py /tmp/ci-python-runtime.rXB7OKBE/install/lib/python3.12/test/leakers
/usr/bin/install -c -m 644 ./Lib/test/leakers/test_selftype.py /tmp/ci-python-runtime.rXB7OKBE/install/lib/python3.12/test/leakers
/usr/bin/install -c -m 644 ./Lib/test/libregrtest/__init__.py /tmp/ci-python-runtime.rXB7OKBE/install/lib/python3.12/test/libregrtest
/usr/bin/install -c -m 644 ./Lib/test/libregrtest/cmdline.py /tmp/ci-python-runtime.rXB7OKBE/install/lib/python3.12/test/libregrtest
/usr/bin/install -c -m 644 ./Lib/test/libregrtest/filter.py /tmp/ci-python-runtime.rXB7OKBE/install/lib/python3.12/test/libregrtest
/usr/bin/install -c -m 644 ./Lib/test/libregrtest/findtests.py /tmp/ci-python-runtime.rXB7OKBE/install/lib/python3.12/test/libregrtest
/usr/bin/install -c -m 644 ./Lib/test/libregrtest/logger.py /tmp/ci-python-runtime.rXB7OKBE/install/lib/python3.12/test/libregrtest
/usr/bin/install -c -m 644 ./Lib/test/libregrtest/main.py /tmp/ci-python-runtime.rXB7OKBE/install/lib/python3.12/test/libregrtest
/usr/bin/install -c -m 644 ./Lib/test/libregrtest/mypy.ini /tmp/ci-python-runtime.rXB7OKBE/install/lib/python3.12/test/libregrtest
/usr/bin/install -c -m 644 ./Lib/test/libregrtest/pgo.py /tmp/ci-python-runtime.rXB7OKBE/install/lib/python3.12/test/libregrtest
/usr/bin/install -c -m 644 ./Lib/test/libregrtest/refleak.py /tmp/ci-python-runtime.rXB7OKBE/install/lib/python3.12/test/libregrtest
/usr/bin/install -c -m 644 ./Lib/test/libregrtest/result.py /tmp/ci-python-runtime.rXB7OKBE/install/lib/python3.12/test/libregrtest
/usr/bin/install -c -m 644 ./Lib/test/libregrtest/results.py /tmp/ci-python-runtime.rXB7OKBE/install/lib/python3.12/test/libregrtest
/usr/bin/install -c -m 644 ./Lib/test/libregrtest/run_workers.py /tmp/ci-python-runtime.rXB7OKBE/install/lib/python3.12/test/libregrtest
/usr/bin/install -c -m 644 ./Lib/test/libregrtest/runtests.py /tmp/ci-python-runtime.rXB7OKBE/install/lib/python3.12/test/libregrtest
/usr/bin/install -c -m 644 ./Lib/test/libregrtest/save_env.py /tmp/ci-python-runtime.rXB7OKBE/install/lib/python3.12/test/libregrtest
/usr/bin/install -c -m 644 ./Lib/test/libregrtest/setup.py /tmp/ci-python-runtime.rXB7OKBE/install/lib/python3.12/test/libregrtest
/usr/bin/install -c -m 644 ./Lib/test/libregrtest/single.py /tmp/ci-python-runtime.rXB7OKBE/install/lib/python3.12/test/libregrtest
/usr/bin/install -c -m 644 ./Lib/test/libregrtest/testresult.py /tmp/ci-python-runtime.rXB7OKBE/install/lib/python3.12/test/libregrtest
/usr/bin/install -c -m 644 ./Lib/test/libregrtest/tsan.py /tmp/ci-python-runtime.rXB7OKBE/install/lib/python3.12/test/libregrtest
/usr/bin/install -c -m 644 ./Lib/test/libregrtest/utils.py /tmp/ci-python-runtime.rXB7OKBE/install/lib/python3.12/test/libregrtest
/usr/bin/install -c -m 644 ./Lib/test/libregrtest/win_utils.py /tmp/ci-python-runtime.rXB7OKBE/install/lib/python3.12/test/libregrtest
/usr/bin/install -c -m 644 ./Lib/test/libregrtest/worker.py /tmp/ci-python-runtime.rXB7OKBE/install/lib/python3.12/test/libregrtest
/usr/bin/install -c -m 644 ./Lib/test/regrtestdata/import_from_tests/test_regrtest_a.py /tmp/ci-python-runtime.rXB7OKBE/install/lib/python3.12/test/regrtestdata/import_from_tests
/usr/bin/install -c -m 644 ./Lib/test/regrtestdata/import_from_tests/test_regrtest_c.py /tmp/ci-python-runtime.rXB7OKBE/install/lib/python3.12/test/regrtestdata/import_from_tests
/usr/bin/install -c -m 644 ./Lib/test/regrtestdata/import_from_tests/test_regrtest_b/__init__.py /tmp/ci-python-runtime.rXB7OKBE/install/lib/python3.12/test/regrtestdata/import_from_tests/test_regrtest_b
/usr/bin/install -c -m 644 ./Lib/test/regrtestdata/import_from_tests/test_regrtest_b/util.py /tmp/ci-python-runtime.rXB7OKBE/install/lib/python3.12/test/regrtestdata/import_from_tests/test_regrtest_b
/usr/bin/install -c -m 644 ./Lib/test/sndhdrdata/README /tmp/ci-python-runtime.rXB7OKBE/install/lib/python3.12/test/sndhdrdata
/usr/bin/install -c -m 644 ./Lib/test/sndhdrdata/sndhdr.8svx /tmp/ci-python-runtime.rXB7OKBE/install/lib/python3.12/test/sndhdrdata
/usr/bin/install -c -m 644 ./Lib/test/sndhdrdata/sndhdr.aifc /tmp/ci-python-runtime.rXB7OKBE/install/lib/python3.12/test/sndhdrdata
/usr/bin/install -c -m 644 ./Lib/test/sndhdrdata/sndhdr.aiff /tmp/ci-python-runtime.rXB7OKBE/install/lib/python3.12/test/sndhdrdata
/usr/bin/install -c -m 644 ./Lib/test/sndhdrdata/sndhdr.au /tmp/ci-python-runtime.rXB7OKBE/install/lib/python3.12/test/sndhdrdata
/usr/bin/install -c -m 644 ./Lib/test/sndhdrdata/sndhdr.hcom /tmp/ci-python-runtime.rXB7OKBE/install/lib/python3.12/test/sndhdrdata
/usr/bin/install -c -m 644 ./Lib/test/sndhdrdata/sndhdr.sndt /tmp/ci-python-runtime.rXB7OKBE/install/lib/python3.12/test/sndhdrdata
/usr/bin/install -c -m 644 ./Lib/test/sndhdrdata/sndhdr.voc /tmp/ci-python-runtime.rXB7OKBE/install/lib/python3.12/test/sndhdrdata
/usr/bin/install -c -m 644 ./Lib/test/sndhdrdata/sndhdr.wav /tmp/ci-python-runtime.rXB7OKBE/install/lib/python3.12/test/sndhdrdata
/usr/bin/install -c -m 644 ./Lib/test/subprocessdata/fd_status.py /tmp/ci-python-runtime.rXB7OKBE/install/lib/python3.12/test/subprocessdata
/usr/bin/install -c -m 644 ./Lib/test/subprocessdata/input_reader.py /tmp/ci-python-runtime.rXB7OKBE/install/lib/python3.12/test/subprocessdata
/usr/bin/install -c -m 644 ./Lib/test/subprocessdata/qcat.py /tmp/ci-python-runtime.rXB7OKBE/install/lib/python3.12/test/subprocessdata
/usr/bin/install -c -m 644 ./Lib/test/subprocessdata/qgrep.py /tmp/ci-python-runtime.rXB7OKBE/install/lib/python3.12/test/subprocessdata
/usr/bin/install -c -m 644 ./Lib/test/subprocessdata/sigchild_ignore.py /tmp/ci-python-runtime.rXB7OKBE/install/lib/python3.12/test/subprocessdata
/usr/bin/install -c -m 644 ./Lib/test/support/__init__.py /tmp/ci-python-runtime.rXB7OKBE/install/lib/python3.12/test/support
/usr/bin/install -c -m 644 ./Lib/test/support/ast_helper.py /tmp/ci-python-runtime.rXB7OKBE/install/lib/python3.12/test/support
/usr/bin/install -c -m 644 ./Lib/test/support/asynchat.py /tmp/ci-python-runtime.rXB7OKBE/install/lib/python3.12/test/support
/usr/bin/install -c -m 644 ./Lib/test/support/asyncore.py /tmp/ci-python-runtime.rXB7OKBE/install/lib/python3.12/test/support
/usr/bin/install -c -m 644 ./Lib/test/support/bytecode_helper.py /tmp/ci-python-runtime.rXB7OKBE/install/lib/python3.12/test/support
/usr/bin/install -c -m 644 ./Lib/test/support/hashlib_helper.py /tmp/ci-python-runtime.rXB7OKBE/install/lib/python3.12/test/support
/usr/bin/install -c -m 644 ./Lib/test/support/hypothesis_helper.py /tmp/ci-python-runtime.rXB7OKBE/install/lib/python3.12/test/support
/usr/bin/install -c -m 644 ./Lib/test/support/import_helper.py /tmp/ci-python-runtime.rXB7OKBE/install/lib/python3.12/test/support
/usr/bin/install -c -m 644 ./Lib/test/support/interpreters.py /tmp/ci-python-runtime.rXB7OKBE/install/lib/python3.12/test/support
/usr/bin/install -c -m 644 ./Lib/test/support/logging_helper.py /tmp/ci-python-runtime.rXB7OKBE/install/lib/python3.12/test/support
/usr/bin/install -c -m 644 ./Lib/test/support/os_helper.py /tmp/ci-python-runtime.rXB7OKBE/install/lib/python3.12/test/support
/usr/bin/install -c -m 644 ./Lib/test/support/pty_helper.py /tmp/ci-python-runtime.rXB7OKBE/install/lib/python3.12/test/support
/usr/bin/install -c -m 644 ./Lib/test/support/script_helper.py /tmp/ci-python-runtime.rXB7OKBE/install/lib/python3.12/test/support
/usr/bin/install -c ./Lib/test/support/smtpd.py /tmp/ci-python-runtime.rXB7OKBE/install/lib/python3.12/test/support
/usr/bin/install -c -m 644 ./Lib/test/support/socket_helper.py /tmp/ci-python-runtime.rXB7OKBE/install/lib/python3.12/test/support
/usr/bin/install -c -m 644 ./Lib/test/support/testcase.py /tmp/ci-python-runtime.rXB7OKBE/install/lib/python3.12/test/support
/usr/bin/install -c -m 644 ./Lib/test/support/threading_helper.py /tmp/ci-python-runtime.rXB7OKBE/install/lib/python3.12/test/support
/usr/bin/install -c -m 644 ./Lib/test/support/warnings_helper.py /tmp/ci-python-runtime.rXB7OKBE/install/lib/python3.12/test/support
/usr/bin/install -c -m 644 ./Lib/test/support/_hypothesis_stubs/__init__.py /tmp/ci-python-runtime.rXB7OKBE/install/lib/python3.12/test/support/_hypothesis_stubs
/usr/bin/install -c -m 644 ./Lib/test/support/_hypothesis_stubs/_helpers.py /tmp/ci-python-runtime.rXB7OKBE/install/lib/python3.12/test/support/_hypothesis_stubs
/usr/bin/install -c -m 644 ./Lib/test/support/_hypothesis_stubs/strategies.py /tmp/ci-python-runtime.rXB7OKBE/install/lib/python3.12/test/support/_hypothesis_stubs
/usr/bin/install -c -m 644 ./Lib/test/test_asyncio/__init__.py /tmp/ci-python-runtime.rXB7OKBE/install/lib/python3.12/test/test_asyncio
/usr/bin/install -c -m 644 ./Lib/test/test_asyncio/__main__.py /tmp/ci-python-runtime.rXB7OKBE/install/lib/python3.12/test/test_asyncio
/usr/bin/install -c -m 644 ./Lib/test/test_asyncio/echo.py /tmp/ci-python-runtime.rXB7OKBE/install/lib/python3.12/test/test_asyncio
/usr/bin/install -c -m 644 ./Lib/test/test_asyncio/echo2.py /tmp/ci-python-runtime.rXB7OKBE/install/lib/python3.12/test/test_asyncio
/usr/bin/install -c -m 644 ./Lib/test/test_asyncio/echo3.py /tmp/ci-python-runtime.rXB7OKBE/install/lib/python3.12/test/test_asyncio
/usr/bin/install -c -m 644 ./Lib/test/test_asyncio/functional.py /tmp/ci-python-runtime.rXB7OKBE/install/lib/python3.12/test/test_asyncio
/usr/bin/install -c -m 644 ./Lib/test/test_asyncio/test_base_events.py /tmp/ci-python-runtime.rXB7OKBE/install/lib/python3.12/test/test_asyncio
/usr/bin/install -c -m 644 ./Lib/test/test_asyncio/test_buffered_proto.py /tmp/ci-python-runtime.rXB7OKBE/install/lib/python3.12/test/test_asyncio
/usr/bin/install -c -m 644 ./Lib/test/test_asyncio/test_context.py /tmp/ci-python-runtime.rXB7OKBE/install/lib/python3.12/test/test_asyncio
/usr/bin/install -c -m 644 ./Lib/test/test_asyncio/test_eager_task_factory.py /tmp/ci-python-runtime.rXB7OKBE/install/lib/python3.12/test/test_asyncio
/usr/bin/install -c -m 644 ./Lib/test/test_asyncio/test_events.py /tmp/ci-python-runtime.rXB7OKBE/install/lib/python3.12/test/test_asyncio
/usr/bin/install -c -m 644 ./Lib/test/test_asyncio/test_futures.py /tmp/ci-python-runtime.rXB7OKBE/install/lib/python3.12/test/test_asyncio
/usr/bin/install -c -m 644 ./Lib/test/test_asyncio/test_futures2.py /tmp/ci-python-runtime.rXB7OKBE/install/lib/python3.12/test/test_asyncio
/usr/bin/install -c -m 644 ./Lib/test/test_asyncio/test_locks.py /tmp/ci-python-runtime.rXB7OKBE/install/lib/python3.12/test/test_asyncio
/usr/bin/install -c -m 644 ./Lib/test/test_asyncio/test_pep492.py /tmp/ci-python-runtime.rXB7OKBE/install/lib/python3.12/test/test_asyncio
/usr/bin/install -c -m 644 ./Lib/test/test_asyncio/test_proactor_events.py /tmp/ci-python-runtime.rXB7OKBE/install/lib/python3.12/test/test_asyncio
/usr/bin/install -c -m 644 ./Lib/test/test_asyncio/test_protocols.py /tmp/ci-python-runtime.rXB7OKBE/install/lib/python3.12/test/test_asyncio
/usr/bin/install -c -m 644 ./Lib/test/test_asyncio/test_queues.py /tmp/ci-python-runtime.rXB7OKBE/install/lib/python3.12/test/test_asyncio
/usr/bin/install -c -m 644 ./Lib/test/test_asyncio/test_runners.py /tmp/ci-python-runtime.rXB7OKBE/install/lib/python3.12/test/test_asyncio
/usr/bin/install -c -m 644 ./Lib/test/test_asyncio/test_selector_events.py /tmp/ci-python-runtime.rXB7OKBE/install/lib/python3.12/test/test_asyncio
/usr/bin/install -c -m 644 ./Lib/test/test_asyncio/test_sendfile.py /tmp/ci-python-runtime.rXB7OKBE/install/lib/python3.12/test/test_asyncio
/usr/bin/install -c -m 644 ./Lib/test/test_asyncio/test_server.py /tmp/ci-python-runtime.rXB7OKBE/install/lib/python3.12/test/test_asyncio
/usr/bin/install -c -m 644 ./Lib/test/test_asyncio/test_sock_lowlevel.py /tmp/ci-python-runtime.rXB7OKBE/install/lib/python3.12/test/test_asyncio
/usr/bin/install -c -m 644 ./Lib/test/test_asyncio/test_ssl.py /tmp/ci-python-runtime.rXB7OKBE/install/lib/python3.12/test/test_asyncio
/usr/bin/install -c -m 644 ./Lib/test/test_asyncio/test_sslproto.py /tmp/ci-python-runtime.rXB7OKBE/install/lib/python3.12/test/test_asyncio
/usr/bin/install -c -m 644 ./Lib/test/test_asyncio/test_streams.py /tmp/ci-python-runtime.rXB7OKBE/install/lib/python3.12/test/test_asyncio
/usr/bin/install -c -m 644 ./Lib/test/test_asyncio/test_subprocess.py /tmp/ci-python-runtime.rXB7OKBE/install/lib/python3.12/test/test_asyncio
/usr/bin/install -c -m 644 ./Lib/test/test_asyncio/test_taskgroups.py /tmp/ci-python-runtime.rXB7OKBE/install/lib/python3.12/test/test_asyncio
/usr/bin/install -c -m 644 ./Lib/test/test_asyncio/test_tasks.py /tmp/ci-python-runtime.rXB7OKBE/install/lib/python3.12/test/test_asyncio
/usr/bin/install -c -m 644 ./Lib/test/test_asyncio/test_threads.py /tmp/ci-python-runtime.rXB7OKBE/install/lib/python3.12/test/test_asyncio
/usr/bin/install -c -m 644 ./Lib/test/test_asyncio/test_timeouts.py /tmp/ci-python-runtime.rXB7OKBE/install/lib/python3.12/test/test_asyncio
/usr/bin/install -c -m 644 ./Lib/test/test_asyncio/test_transports.py /tmp/ci-python-runtime.rXB7OKBE/install/lib/python3.12/test/test_asyncio
/usr/bin/install -c -m 644 ./Lib/test/test_asyncio/test_unix_events.py /tmp/ci-python-runtime.rXB7OKBE/install/lib/python3.12/test/test_asyncio
/usr/bin/install -c -m 644 ./Lib/test/test_asyncio/test_waitfor.py /tmp/ci-python-runtime.rXB7OKBE/install/lib/python3.12/test/test_asyncio
/usr/bin/install -c -m 644 ./Lib/test/test_asyncio/test_windows_events.py /tmp/ci-python-runtime.rXB7OKBE/install/lib/python3.12/test/test_asyncio
/usr/bin/install -c -m 644 ./Lib/test/test_asyncio/test_windows_utils.py /tmp/ci-python-runtime.rXB7OKBE/install/lib/python3.12/test/test_asyncio
/usr/bin/install -c -m 644 ./Lib/test/test_asyncio/utils.py /tmp/ci-python-runtime.rXB7OKBE/install/lib/python3.12/test/test_asyncio
/usr/bin/install -c -m 644 ./Lib/test/test_capi/__init__.py /tmp/ci-python-runtime.rXB7OKBE/install/lib/python3.12/test/test_capi
/usr/bin/install -c -m 644 ./Lib/test/test_capi/__main__.py /tmp/ci-python-runtime.rXB7OKBE/install/lib/python3.12/test/test_capi
/usr/bin/install -c -m 644 ./Lib/test/test_capi/check_config.py /tmp/ci-python-runtime.rXB7OKBE/install/lib/python3.12/test/test_capi
/usr/bin/install -c -m 644 ./Lib/test/test_capi/test_abstract.py /tmp/ci-python-runtime.rXB7OKBE/install/lib/python3.12/test/test_capi
/usr/bin/install -c -m 644 ./Lib/test/test_capi/test_bytearray.py /tmp/ci-python-runtime.rXB7OKBE/install/lib/python3.12/test/test_capi
/usr/bin/install -c -m 644 ./Lib/test/test_capi/test_bytes.py /tmp/ci-python-runtime.rXB7OKBE/install/lib/python3.12/test/test_capi
/usr/bin/install -c -m 644 ./Lib/test/test_capi/test_codecs.py /tmp/ci-python-runtime.rXB7OKBE/install/lib/python3.12/test/test_capi
/usr/bin/install -c -m 644 ./Lib/test/test_capi/test_complex.py /tmp/ci-python-runtime.rXB7OKBE/install/lib/python3.12/test/test_capi
/usr/bin/install -c -m 644 ./Lib/test/test_capi/test_dict.py /tmp/ci-python-runtime.rXB7OKBE/install/lib/python3.12/test/test_capi
/usr/bin/install -c -m 644 ./Lib/test/test_capi/test_eval_code_ex.py /tmp/ci-python-runtime.rXB7OKBE/install/lib/python3.12/test/test_capi
/usr/bin/install -c -m 644 ./Lib/test/test_capi/test_exceptions.py /tmp/ci-python-runtime.rXB7OKBE/install/lib/python3.12/test/test_capi
/usr/bin/install -c -m 644 ./Lib/test/test_capi/test_float.py /tmp/ci-python-runtime.rXB7OKBE/install/lib/python3.12/test/test_capi
/usr/bin/install -c -m 644 ./Lib/test/test_capi/test_getargs.py /tmp/ci-python-runtime.rXB7OKBE/install/lib/python3.12/test/test_capi
/usr/bin/install -c -m 644 ./Lib/test/test_capi/test_immortal.py /tmp/ci-python-runtime.rXB7OKBE/install/lib/python3.12/test/test_capi
/usr/bin/install -c -m 644 ./Lib/test/test_capi/test_list.py /tmp/ci-python-runtime.rXB7OKBE/install/lib/python3.12/test/test_capi
/usr/bin/install -c -m 644 ./Lib/test/test_capi/test_long.py /tmp/ci-python-runtime.rXB7OKBE/install/lib/python3.12/test/test_capi
/usr/bin/install -c -m 644 ./Lib/test/test_capi/test_mem.py /tmp/ci-python-runtime.rXB7OKBE/install/lib/python3.12/test/test_capi
/usr/bin/install -c -m 644 ./Lib/test/test_capi/test_misc.py /tmp/ci-python-runtime.rXB7OKBE/install/lib/python3.12/test/test_capi
/usr/bin/install -c -m 644 ./Lib/test/test_capi/test_set.py /tmp/ci-python-runtime.rXB7OKBE/install/lib/python3.12/test/test_capi
/usr/bin/install -c -m 644 ./Lib/test/test_capi/test_structmembers.py /tmp/ci-python-runtime.rXB7OKBE/install/lib/python3.12/test/test_capi
/usr/bin/install -c -m 644 ./Lib/test/test_capi/test_sys.py /tmp/ci-python-runtime.rXB7OKBE/install/lib/python3.12/test/test_capi
/usr/bin/install -c -m 644 ./Lib/test/test_capi/test_unicode.py /tmp/ci-python-runtime.rXB7OKBE/install/lib/python3.12/test/test_capi
/usr/bin/install -c -m 644 ./Lib/test/test_capi/test_watchers.py /tmp/ci-python-runtime.rXB7OKBE/install/lib/python3.12/test/test_capi
/usr/bin/install -c -m 644 ./Lib/test/test_cppext/__init__.py /tmp/ci-python-runtime.rXB7OKBE/install/lib/python3.12/test/test_cppext
/usr/bin/install -c -m 644 ./Lib/test/test_cppext/extension.cpp /tmp/ci-python-runtime.rXB7OKBE/install/lib/python3.12/test/test_cppext
/usr/bin/install -c -m 644 ./Lib/test/test_cppext/setup.py /tmp/ci-python-runtime.rXB7OKBE/install/lib/python3.12/test/test_cppext
/usr/bin/install -c -m 644 ./Lib/test/test_ctypes/__init__.py /tmp/ci-python-runtime.rXB7OKBE/install/lib/python3.12/test/test_ctypes
/usr/bin/install -c -m 644 ./Lib/test/test_ctypes/__main__.py /tmp/ci-python-runtime.rXB7OKBE/install/lib/python3.12/test/test_ctypes
/usr/bin/install -c -m 644 ./Lib/test/test_ctypes/test_anon.py /tmp/ci-python-runtime.rXB7OKBE/install/lib/python3.12/test/test_ctypes
/usr/bin/install -c -m 644 ./Lib/test/test_ctypes/test_array_in_pointer.py /tmp/ci-python-runtime.rXB7OKBE/install/lib/python3.12/test/test_ctypes
/usr/bin/install -c -m 644 ./Lib/test/test_ctypes/test_arrays.py /tmp/ci-python-runtime.rXB7OKBE/install/lib/python3.12/test/test_ctypes
/usr/bin/install -c -m 644 ./Lib/test/test_ctypes/test_as_parameter.py /tmp/ci-python-runtime.rXB7OKBE/install/lib/python3.12/test/test_ctypes
/usr/bin/install -c -m 644 ./Lib/test/test_ctypes/test_bitfields.py /tmp/ci-python-runtime.rXB7OKBE/install/lib/python3.12/test/test_ctypes
/usr/bin/install -c -m 644 ./Lib/test/test_ctypes/test_buffers.py /tmp/ci-python-runtime.rXB7OKBE/install/lib/python3.12/test/test_ctypes
/usr/bin/install -c -m 644 ./Lib/test/test_ctypes/test_bytes.py /tmp/ci-python-runtime.rXB7OKBE/install/lib/python3.12/test/test_ctypes
/usr/bin/install -c -m 644 ./Lib/test/test_ctypes/test_byteswap.py /tmp/ci-python-runtime.rXB7OKBE/install/lib/python3.12/test/test_ctypes
/usr/bin/install -c -m 644 ./Lib/test/test_ctypes/test_callbacks.py /tmp/ci-python-runtime.rXB7OKBE/install/lib/python3.12/test/test_ctypes
/usr/bin/install -c -m 644 ./Lib/test/test_ctypes/test_cast.py /tmp/ci-python-runtime.rXB7OKBE/install/lib/python3.12/test/test_ctypes
/usr/bin/install -c -m 644 ./Lib/test/test_ctypes/test_cfuncs.py /tmp/ci-python-runtime.rXB7OKBE/install/lib/python3.12/test/test_ctypes
/usr/bin/install -c -m 644 ./Lib/test/test_ctypes/test_checkretval.py /tmp/ci-python-runtime.rXB7OKBE/install/lib/python3.12/test/test_ctypes
/usr/bin/install -c -m 644 ./Lib/test/test_ctypes/test_delattr.py /tmp/ci-python-runtime.rXB7OKBE/install/lib/python3.12/test/test_ctypes
/usr/bin/install -c -m 644 ./Lib/test/test_ctypes/test_errno.py /tmp/ci-python-runtime.rXB7OKBE/install/lib/python3.12/test/test_ctypes
/usr/bin/install -c -m 644 ./Lib/test/test_ctypes/test_find.py /tmp/ci-python-runtime.rXB7OKBE/install/lib/python3.12/test/test_ctypes
/usr/bin/install -c -m 644 ./Lib/test/test_ctypes/test_frombuffer.py /tmp/ci-python-runtime.rXB7OKBE/install/lib/python3.12/test/test_ctypes
/usr/bin/install -c -m 644 ./Lib/test/test_ctypes/test_funcptr.py /tmp/ci-python-runtime.rXB7OKBE/install/lib/python3.12/test/test_ctypes
/usr/bin/install -c -m 644 ./Lib/test/test_ctypes/test_functions.py /tmp/ci-python-runtime.rXB7OKBE/install/lib/python3.12/test/test_ctypes
/usr/bin/install -c -m 644 ./Lib/test/test_ctypes/test_incomplete.py /tmp/ci-python-runtime.rXB7OKBE/install/lib/python3.12/test/test_ctypes
/usr/bin/install -c -m 644 ./Lib/test/test_ctypes/test_init.py /tmp/ci-python-runtime.rXB7OKBE/install/lib/python3.12/test/test_ctypes
/usr/bin/install -c -m 644 ./Lib/test/test_ctypes/test_internals.py /tmp/ci-python-runtime.rXB7OKBE/install/lib/python3.12/test/test_ctypes
/usr/bin/install -c -m 644 ./Lib/test/test_ctypes/test_keeprefs.py /tmp/ci-python-runtime.rXB7OKBE/install/lib/python3.12/test/test_ctypes
/usr/bin/install -c -m 644 ./Lib/test/test_ctypes/test_libc.py /tmp/ci-python-runtime.rXB7OKBE/install/lib/python3.12/test/test_ctypes
/usr/bin/install -c -m 644 ./Lib/test/test_ctypes/test_loading.py /tmp/ci-python-runtime.rXB7OKBE/install/lib/python3.12/test/test_ctypes
/usr/bin/install -c -m 644 ./Lib/test/test_ctypes/test_macholib.py /tmp/ci-python-runtime.rXB7OKBE/install/lib/python3.12/test/test_ctypes
/usr/bin/install -c -m 644 ./Lib/test/test_ctypes/test_memfunctions.py /tmp/ci-python-runtime.rXB7OKBE/install/lib/python3.12/test/test_ctypes
/usr/bin/install -c -m 644 ./Lib/test/test_ctypes/test_numbers.py /tmp/ci-python-runtime.rXB7OKBE/install/lib/python3.12/test/test_ctypes
/usr/bin/install -c -m 644 ./Lib/test/test_ctypes/test_objects.py /tmp/ci-python-runtime.rXB7OKBE/install/lib/python3.12/test/test_ctypes
/usr/bin/install -c -m 644 ./Lib/test/test_ctypes/test_parameters.py /tmp/ci-python-runtime.rXB7OKBE/install/lib/python3.12/test/test_ctypes
/usr/bin/install -c -m 644 ./Lib/test/test_ctypes/test_pep3118.py /tmp/ci-python-runtime.rXB7OKBE/install/lib/python3.12/test/test_ctypes
/usr/bin/install -c -m 644 ./Lib/test/test_ctypes/test_pickling.py /tmp/ci-python-runtime.rXB7OKBE/install/lib/python3.12/test/test_ctypes
/usr/bin/install -c -m 644 ./Lib/test/test_ctypes/test_pointers.py /tmp/ci-python-runtime.rXB7OKBE/install/lib/python3.12/test/test_ctypes
/usr/bin/install -c -m 644 ./Lib/test/test_ctypes/test_prototypes.py /tmp/ci-python-runtime.rXB7OKBE/install/lib/python3.12/test/test_ctypes
/usr/bin/install -c -m 644 ./Lib/test/test_ctypes/test_python_api.py /tmp/ci-python-runtime.rXB7OKBE/install/lib/python3.12/test/test_ctypes
/usr/bin/install -c -m 644 ./Lib/test/test_ctypes/test_random_things.py /tmp/ci-python-runtime.rXB7OKBE/install/lib/python3.12/test/test_ctypes
/usr/bin/install -c -m 644 ./Lib/test/test_ctypes/test_refcounts.py /tmp/ci-python-runtime.rXB7OKBE/install/lib/python3.12/test/test_ctypes
/usr/bin/install -c -m 644 ./Lib/test/test_ctypes/test_repr.py /tmp/ci-python-runtime.rXB7OKBE/install/lib/python3.12/test/test_ctypes
/usr/bin/install -c -m 644 ./Lib/test/test_ctypes/test_returnfuncptrs.py /tmp/ci-python-runtime.rXB7OKBE/install/lib/python3.12/test/test_ctypes
/usr/bin/install -c -m 644 ./Lib/test/test_ctypes/test_simplesubclasses.py /tmp/ci-python-runtime.rXB7OKBE/install/lib/python3.12/test/test_ctypes
/usr/bin/install -c -m 644 ./Lib/test/test_ctypes/test_sizes.py /tmp/ci-python-runtime.rXB7OKBE/install/lib/python3.12/test/test_ctypes
/usr/bin/install -c -m 644 ./Lib/test/test_ctypes/test_slicing.py /tmp/ci-python-runtime.rXB7OKBE/install/lib/python3.12/test/test_ctypes
/usr/bin/install -c -m 644 ./Lib/test/test_ctypes/test_stringptr.py /tmp/ci-python-runtime.rXB7OKBE/install/lib/python3.12/test/test_ctypes
/usr/bin/install -c -m 644 ./Lib/test/test_ctypes/test_strings.py /tmp/ci-python-runtime.rXB7OKBE/install/lib/python3.12/test/test_ctypes
/usr/bin/install -c -m 644 ./Lib/test/test_ctypes/test_struct_fields.py /tmp/ci-python-runtime.rXB7OKBE/install/lib/python3.12/test/test_ctypes
/usr/bin/install -c -m 644 ./Lib/test/test_ctypes/test_structures.py /tmp/ci-python-runtime.rXB7OKBE/install/lib/python3.12/test/test_ctypes
/usr/bin/install -c -m 644 ./Lib/test/test_ctypes/test_unaligned_structures.py /tmp/ci-python-runtime.rXB7OKBE/install/lib/python3.12/test/test_ctypes
/usr/bin/install -c -m 644 ./Lib/test/test_ctypes/test_unicode.py /tmp/ci-python-runtime.rXB7OKBE/install/lib/python3.12/test/test_ctypes
/usr/bin/install -c -m 644 ./Lib/test/test_ctypes/test_values.py /tmp/ci-python-runtime.rXB7OKBE/install/lib/python3.12/test/test_ctypes
/usr/bin/install -c -m 644 ./Lib/test/test_ctypes/test_varsize_struct.py /tmp/ci-python-runtime.rXB7OKBE/install/lib/python3.12/test/test_ctypes
/usr/bin/install -c -m 644 ./Lib/test/test_ctypes/test_win32.py /tmp/ci-python-runtime.rXB7OKBE/install/lib/python3.12/test/test_ctypes
/usr/bin/install -c -m 644 ./Lib/test/test_ctypes/test_wintypes.py /tmp/ci-python-runtime.rXB7OKBE/install/lib/python3.12/test/test_ctypes
/usr/bin/install -c -m 644 ./Lib/test/test_dataclasses/__init__.py /tmp/ci-python-runtime.rXB7OKBE/install/lib/python3.12/test/test_dataclasses
/usr/bin/install -c -m 644 ./Lib/test/test_dataclasses/dataclass_module_1.py /tmp/ci-python-runtime.rXB7OKBE/install/lib/python3.12/test/test_dataclasses
/usr/bin/install -c -m 644 ./Lib/test/test_dataclasses/dataclass_module_1_str.py /tmp/ci-python-runtime.rXB7OKBE/install/lib/python3.12/test/test_dataclasses
/usr/bin/install -c -m 644 ./Lib/test/test_dataclasses/dataclass_module_2.py /tmp/ci-python-runtime.rXB7OKBE/install/lib/python3.12/test/test_dataclasses
/usr/bin/install -c -m 644 ./Lib/test/test_dataclasses/dataclass_module_2_str.py /tmp/ci-python-runtime.rXB7OKBE/install/lib/python3.12/test/test_dataclasses
/usr/bin/install -c -m 644 ./Lib/test/test_dataclasses/dataclass_textanno.py /tmp/ci-python-runtime.rXB7OKBE/install/lib/python3.12/test/test_dataclasses
/usr/bin/install -c -m 644 ./Lib/test/test_doctest/__init__.py /tmp/ci-python-runtime.rXB7OKBE/install/lib/python3.12/test/test_doctest
/usr/bin/install -c -m 644 ./Lib/test/test_doctest/decorator_mod.py /tmp/ci-python-runtime.rXB7OKBE/install/lib/python3.12/test/test_doctest
/usr/bin/install -c -m 644 ./Lib/test/test_doctest/doctest_aliases.py /tmp/ci-python-runtime.rXB7OKBE/install/lib/python3.12/test/test_doctest
/usr/bin/install -c -m 644 ./Lib/test/test_doctest/doctest_lineno.py /tmp/ci-python-runtime.rXB7OKBE/install/lib/python3.12/test/test_doctest
/usr/bin/install -c -m 644 ./Lib/test/test_doctest/sample_doctest.py /tmp/ci-python-runtime.rXB7OKBE/install/lib/python3.12/test/test_doctest
/usr/bin/install -c -m 644 ./Lib/test/test_doctest/sample_doctest_no_docstrings.py /tmp/ci-python-runtime.rXB7OKBE/install/lib/python3.12/test/test_doctest
/usr/bin/install -c -m 644 ./Lib/test/test_doctest/sample_doctest_no_doctests.py /tmp/ci-python-runtime.rXB7OKBE/install/lib/python3.12/test/test_doctest
/usr/bin/install -c -m 644 ./Lib/test/test_doctest/test_doctest.py /tmp/ci-python-runtime.rXB7OKBE/install/lib/python3.12/test/test_doctest
/usr/bin/install -c -m 644 ./Lib/test/test_doctest/test_doctest.txt /tmp/ci-python-runtime.rXB7OKBE/install/lib/python3.12/test/test_doctest
/usr/bin/install -c -m 644 ./Lib/test/test_doctest/test_doctest2.py /tmp/ci-python-runtime.rXB7OKBE/install/lib/python3.12/test/test_doctest
/usr/bin/install -c -m 644 ./Lib/test/test_doctest/test_doctest2.txt /tmp/ci-python-runtime.rXB7OKBE/install/lib/python3.12/test/test_doctest
/usr/bin/install -c -m 644 ./Lib/test/test_doctest/test_doctest3.txt /tmp/ci-python-runtime.rXB7OKBE/install/lib/python3.12/test/test_doctest
/usr/bin/install -c -m 644 ./Lib/test/test_doctest/test_doctest4.txt /tmp/ci-python-runtime.rXB7OKBE/install/lib/python3.12/test/test_doctest
/usr/bin/install -c -m 644 ./Lib/test/test_email/__init__.py /tmp/ci-python-runtime.rXB7OKBE/install/lib/python3.12/test/test_email
/usr/bin/install -c -m 644 ./Lib/test/test_email/__main__.py /tmp/ci-python-runtime.rXB7OKBE/install/lib/python3.12/test/test_email
/usr/bin/install -c -m 644 ./Lib/test/test_email/test__encoded_words.py /tmp/ci-python-runtime.rXB7OKBE/install/lib/python3.12/test/test_email
/usr/bin/install -c -m 644 ./Lib/test/test_email/test__header_value_parser.py /tmp/ci-python-runtime.rXB7OKBE/install/lib/python3.12/test/test_email
/usr/bin/install -c -m 644 ./Lib/test/test_email/test_asian_codecs.py /tmp/ci-python-runtime.rXB7OKBE/install/lib/python3.12/test/test_email
/usr/bin/install -c -m 644 ./Lib/test/test_email/test_contentmanager.py /tmp/ci-python-runtime.rXB7OKBE/install/lib/python3.12/test/test_email
/usr/bin/install -c -m 644 ./Lib/test/test_email/test_defect_handling.py /tmp/ci-python-runtime.rXB7OKBE/install/lib/python3.12/test/test_email
/usr/bin/install -c -m 644 ./Lib/test/test_email/test_email.py /tmp/ci-python-runtime.rXB7OKBE/install/lib/python3.12/test/test_email
/usr/bin/install -c -m 644 ./Lib/test/test_email/test_generator.py /tmp/ci-python-runtime.rXB7OKBE/install/lib/python3.12/test/test_email
/usr/bin/install -c -m 644 ./Lib/test/test_email/test_headerregistry.py /tmp/ci-python-runtime.rXB7OKBE/install/lib/python3.12/test/test_email
/usr/bin/install -c -m 644 ./Lib/test/test_email/test_inversion.py /tmp/ci-python-runtime.rXB7OKBE/install/lib/python3.12/test/test_email
/usr/bin/install -c -m 644 ./Lib/test/test_email/test_message.py /tmp/ci-python-runtime.rXB7OKBE/install/lib/python3.12/test/test_email
/usr/bin/install -c -m 644 ./Lib/test/test_email/test_parser.py /tmp/ci-python-runtime.rXB7OKBE/install/lib/python3.12/test/test_email
/usr/bin/install -c -m 644 ./Lib/test/test_email/test_pickleable.py /tmp/ci-python-runtime.rXB7OKBE/install/lib/python3.12/test/test_email
/usr/bin/install -c -m 644 ./Lib/test/test_email/test_policy.py /tmp/ci-python-runtime.rXB7OKBE/install/lib/python3.12/test/test_email
/usr/bin/install -c -m 644 ./Lib/test/test_email/test_utils.py /tmp/ci-python-runtime.rXB7OKBE/install/lib/python3.12/test/test_email
/usr/bin/install -c -m 644 ./Lib/test/test_email/torture_test.py /tmp/ci-python-runtime.rXB7OKBE/install/lib/python3.12/test/test_email
/usr/bin/install -c -m 644 ./Lib/test/test_email/data/msg_01.txt /tmp/ci-python-runtime.rXB7OKBE/install/lib/python3.12/test/test_email/data
/usr/bin/install -c -m 644 ./Lib/test/test_email/data/msg_02.txt /tmp/ci-python-runtime.rXB7OKBE/install/lib/python3.12/test/test_email/data
/usr/bin/install -c -m 644 ./Lib/test/test_email/data/msg_03.txt /tmp/ci-python-runtime.rXB7OKBE/install/lib/python3.12/test/test_email/data
/usr/bin/install -c -m 644 ./Lib/test/test_email/data/msg_04.txt /tmp/ci-python-runtime.rXB7OKBE/install/lib/python3.12/test/test_email/data
/usr/bin/install -c -m 644 ./Lib/test/test_email/data/msg_05.txt /tmp/ci-python-runtime.rXB7OKBE/install/lib/python3.12/test/test_email/data
/usr/bin/install -c -m 644 ./Lib/test/test_email/data/msg_06.txt /tmp/ci-python-runtime.rXB7OKBE/install/lib/python3.12/test/test_email/data
/usr/bin/install -c -m 644 ./Lib/test/test_email/data/msg_07.txt /tmp/ci-python-runtime.rXB7OKBE/install/lib/python3.12/test/test_email/data
/usr/bin/install -c -m 644 ./Lib/test/test_email/data/msg_08.txt /tmp/ci-python-runtime.rXB7OKBE/install/lib/python3.12/test/test_email/data
/usr/bin/install -c -m 644 ./Lib/test/test_email/data/msg_09.txt /tmp/ci-python-runtime.rXB7OKBE/install/lib/python3.12/test/test_email/data
/usr/bin/install -c -m 644 ./Lib/test/test_email/data/msg_10.txt /tmp/ci-python-runtime.rXB7OKBE/install/lib/python3.12/test/test_email/data
/usr/bin/install -c -m 644 ./Lib/test/test_email/data/msg_11.txt /tmp/ci-python-runtime.rXB7OKBE/install/lib/python3.12/test/test_email/data
/usr/bin/install -c -m 644 ./Lib/test/test_email/data/msg_12.txt /tmp/ci-python-runtime.rXB7OKBE/install/lib/python3.12/test/test_email/data
/usr/bin/install -c -m 644 ./Lib/test/test_email/data/msg_12a.txt /tmp/ci-python-runtime.rXB7OKBE/install/lib/python3.12/test/test_email/data
/usr/bin/install -c -m 644 ./Lib/test/test_email/data/msg_13.txt /tmp/ci-python-runtime.rXB7OKBE/install/lib/python3.12/test/test_email/data
/usr/bin/install -c -m 644 ./Lib/test/test_email/data/msg_14.txt /tmp/ci-python-runtime.rXB7OKBE/install/lib/python3.12/test/test_email/data
/usr/bin/install -c -m 644 ./Lib/test/test_email/data/msg_15.txt /tmp/ci-python-runtime.rXB7OKBE/install/lib/python3.12/test/test_email/data
/usr/bin/install -c -m 644 ./Lib/test/test_email/data/msg_16.txt /tmp/ci-python-runtime.rXB7OKBE/install/lib/python3.12/test/test_email/data
/usr/bin/install -c -m 644 ./Lib/test/test_email/data/msg_17.txt /tmp/ci-python-runtime.rXB7OKBE/install/lib/python3.12/test/test_email/data
/usr/bin/install -c -m 644 ./Lib/test/test_email/data/msg_18.txt /tmp/ci-python-runtime.rXB7OKBE/install/lib/python3.12/test/test_email/data
/usr/bin/install -c -m 644 ./Lib/test/test_email/data/msg_19.txt /tmp/ci-python-runtime.rXB7OKBE/install/lib/python3.12/test/test_email/data
/usr/bin/install -c -m 644 ./Lib/test/test_email/data/msg_20.txt /tmp/ci-python-runtime.rXB7OKBE/install/lib/python3.12/test/test_email/data
/usr/bin/install -c -m 644 ./Lib/test/test_email/data/msg_21.txt /tmp/ci-python-runtime.rXB7OKBE/install/lib/python3.12/test/test_email/data
/usr/bin/install -c -m 644 ./Lib/test/test_email/data/msg_22.txt /tmp/ci-python-runtime.rXB7OKBE/install/lib/python3.12/test/test_email/data
/usr/bin/install -c -m 644 ./Lib/test/test_email/data/msg_23.txt /tmp/ci-python-runtime.rXB7OKBE/install/lib/python3.12/test/test_email/data
/usr/bin/install -c -m 644 ./Lib/test/test_email/data/msg_24.txt /tmp/ci-python-runtime.rXB7OKBE/install/lib/python3.12/test/test_email/data
/usr/bin/install -c -m 644 ./Lib/test/test_email/data/msg_25.txt /tmp/ci-python-runtime.rXB7OKBE/install/lib/python3.12/test/test_email/data
/usr/bin/install -c -m 644 ./Lib/test/test_email/data/msg_26.txt /tmp/ci-python-runtime.rXB7OKBE/install/lib/python3.12/test/test_email/data
/usr/bin/install -c -m 644 ./Lib/test/test_email/data/msg_27.txt /tmp/ci-python-runtime.rXB7OKBE/install/lib/python3.12/test/test_email/data
/usr/bin/install -c -m 644 ./Lib/test/test_email/data/msg_28.txt /tmp/ci-python-runtime.rXB7OKBE/install/lib/python3.12/test/test_email/data
/usr/bin/install -c -m 644 ./Lib/test/test_email/data/msg_29.txt /tmp/ci-python-runtime.rXB7OKBE/install/lib/python3.12/test/test_email/data
/usr/bin/install -c -m 644 ./Lib/test/test_email/data/msg_30.txt /tmp/ci-python-runtime.rXB7OKBE/install/lib/python3.12/test/test_email/data
/usr/bin/install -c -m 644 ./Lib/test/test_email/data/msg_31.txt /tmp/ci-python-runtime.rXB7OKBE/install/lib/python3.12/test/test_email/data
/usr/bin/install -c -m 644 ./Lib/test/test_email/data/msg_32.txt /tmp/ci-python-runtime.rXB7OKBE/install/lib/python3.12/test/test_email/data
/usr/bin/install -c -m 644 ./Lib/test/test_email/data/msg_33.txt /tmp/ci-python-runtime.rXB7OKBE/install/lib/python3.12/test/test_email/data
/usr/bin/install -c -m 644 ./Lib/test/test_email/data/msg_34.txt /tmp/ci-python-runtime.rXB7OKBE/install/lib/python3.12/test/test_email/data
/usr/bin/install -c -m 644 ./Lib/test/test_email/data/msg_35.txt /tmp/ci-python-runtime.rXB7OKBE/install/lib/python3.12/test/test_email/data
/usr/bin/install -c -m 644 ./Lib/test/test_email/data/msg_36.txt /tmp/ci-python-runtime.rXB7OKBE/install/lib/python3.12/test/test_email/data
/usr/bin/install -c -m 644 ./Lib/test/test_email/data/msg_37.txt /tmp/ci-python-runtime.rXB7OKBE/install/lib/python3.12/test/test_email/data
/usr/bin/install -c -m 644 ./Lib/test/test_email/data/msg_38.txt /tmp/ci-python-runtime.rXB7OKBE/install/lib/python3.12/test/test_email/data
/usr/bin/install -c -m 644 ./Lib/test/test_email/data/msg_39.txt /tmp/ci-python-runtime.rXB7OKBE/install/lib/python3.12/test/test_email/data
/usr/bin/install -c -m 644 ./Lib/test/test_email/data/msg_40.txt /tmp/ci-python-runtime.rXB7OKBE/install/lib/python3.12/test/test_email/data
/usr/bin/install -c -m 644 ./Lib/test/test_email/data/msg_41.txt /tmp/ci-python-runtime.rXB7OKBE/install/lib/python3.12/test/test_email/data
/usr/bin/install -c -m 644 ./Lib/test/test_email/data/msg_42.txt /tmp/ci-python-runtime.rXB7OKBE/install/lib/python3.12/test/test_email/data
/usr/bin/install -c -m 644 ./Lib/test/test_email/data/msg_43.txt /tmp/ci-python-runtime.rXB7OKBE/install/lib/python3.12/test/test_email/data
/usr/bin/install -c -m 644 ./Lib/test/test_email/data/msg_44.txt /tmp/ci-python-runtime.rXB7OKBE/install/lib/python3.12/test/test_email/data
/usr/bin/install -c -m 644 ./Lib/test/test_email/data/msg_45.txt /tmp/ci-python-runtime.rXB7OKBE/install/lib/python3.12/test/test_email/data
/usr/bin/install -c -m 644 ./Lib/test/test_email/data/msg_46.txt /tmp/ci-python-runtime.rXB7OKBE/install/lib/python3.12/test/test_email/data
/usr/bin/install -c -m 644 ./Lib/test/test_email/data/msg_47.txt /tmp/ci-python-runtime.rXB7OKBE/install/lib/python3.12/test/test_email/data
/usr/bin/install -c -m 644 ./Lib/test/test_email/data/python.bmp /tmp/ci-python-runtime.rXB7OKBE/install/lib/python3.12/test/test_email/data
/usr/bin/install -c -m 644 ./Lib/test/test_email/data/python.exr /tmp/ci-python-runtime.rXB7OKBE/install/lib/python3.12/test/test_email/data
/usr/bin/install -c -m 644 ./Lib/test/test_email/data/python.gif /tmp/ci-python-runtime.rXB7OKBE/install/lib/python3.12/test/test_email/data
/usr/bin/install -c -m 644 ./Lib/test/test_email/data/python.jpg /tmp/ci-python-runtime.rXB7OKBE/install/lib/python3.12/test/test_email/data
/usr/bin/install -c -m 644 ./Lib/test/test_email/data/python.pbm /tmp/ci-python-runtime.rXB7OKBE/install/lib/python3.12/test/test_email/data
/usr/bin/install -c -m 644 ./Lib/test/test_email/data/python.pgm /tmp/ci-python-runtime.rXB7OKBE/install/lib/python3.12/test/test_email/data
/usr/bin/install -c -m 644 ./Lib/test/test_email/data/python.png /tmp/ci-python-runtime.rXB7OKBE/install/lib/python3.12/test/test_email/data
/usr/bin/install -c -m 644 ./Lib/test/test_email/data/python.ppm /tmp/ci-python-runtime.rXB7OKBE/install/lib/python3.12/test/test_email/data
/usr/bin/install -c -m 644 ./Lib/test/test_email/data/python.ras /tmp/ci-python-runtime.rXB7OKBE/install/lib/python3.12/test/test_email/data
/usr/bin/install -c -m 644 ./Lib/test/test_email/data/python.sgi /tmp/ci-python-runtime.rXB7OKBE/install/lib/python3.12/test/test_email/data
/usr/bin/install -c -m 644 ./Lib/test/test_email/data/python.tiff /tmp/ci-python-runtime.rXB7OKBE/install/lib/python3.12/test/test_email/data
/usr/bin/install -c -m 644 ./Lib/test/test_email/data/python.webp /tmp/ci-python-runtime.rXB7OKBE/install/lib/python3.12/test/test_email/data
/usr/bin/install -c -m 644 ./Lib/test/test_email/data/python.xbm /tmp/ci-python-runtime.rXB7OKBE/install/lib/python3.12/test/test_email/data
/usr/bin/install -c -m 644 ./Lib/test/test_email/data/sndhdr.aifc /tmp/ci-python-runtime.rXB7OKBE/install/lib/python3.12/test/test_email/data
/usr/bin/install -c -m 644 ./Lib/test/test_email/data/sndhdr.aiff /tmp/ci-python-runtime.rXB7OKBE/install/lib/python3.12/test/test_email/data
/usr/bin/install -c -m 644 ./Lib/test/test_email/data/sndhdr.au /tmp/ci-python-runtime.rXB7OKBE/install/lib/python3.12/test/test_email/data
/usr/bin/install -c -m 644 ./Lib/test/test_email/data/sndhdr.wav /tmp/ci-python-runtime.rXB7OKBE/install/lib/python3.12/test/test_email/data
/usr/bin/install -c -m 644 ./Lib/test/test_future_stmt/__init__.py /tmp/ci-python-runtime.rXB7OKBE/install/lib/python3.12/test/test_future_stmt
/usr/bin/install -c -m 644 ./Lib/test/test_future_stmt/badsyntax_future10.py /tmp/ci-python-runtime.rXB7OKBE/install/lib/python3.12/test/test_future_stmt
/usr/bin/install -c -m 644 ./Lib/test/test_future_stmt/badsyntax_future3.py /tmp/ci-python-runtime.rXB7OKBE/install/lib/python3.12/test/test_future_stmt
/usr/bin/install -c -m 644 ./Lib/test/test_future_stmt/badsyntax_future4.py /tmp/ci-python-runtime.rXB7OKBE/install/lib/python3.12/test/test_future_stmt
/usr/bin/install -c -m 644 ./Lib/test/test_future_stmt/badsyntax_future5.py /tmp/ci-python-runtime.rXB7OKBE/install/lib/python3.12/test/test_future_stmt
/usr/bin/install -c -m 644 ./Lib/test/test_future_stmt/badsyntax_future6.py /tmp/ci-python-runtime.rXB7OKBE/install/lib/python3.12/test/test_future_stmt
/usr/bin/install -c -m 644 ./Lib/test/test_future_stmt/badsyntax_future7.py /tmp/ci-python-runtime.rXB7OKBE/install/lib/python3.12/test/test_future_stmt
/usr/bin/install -c -m 644 ./Lib/test/test_future_stmt/badsyntax_future8.py /tmp/ci-python-runtime.rXB7OKBE/install/lib/python3.12/test/test_future_stmt
/usr/bin/install -c -m 644 ./Lib/test/test_future_stmt/badsyntax_future9.py /tmp/ci-python-runtime.rXB7OKBE/install/lib/python3.12/test/test_future_stmt
/usr/bin/install -c -m 644 ./Lib/test/test_future_stmt/future_test1.py /tmp/ci-python-runtime.rXB7OKBE/install/lib/python3.12/test/test_future_stmt
/usr/bin/install -c -m 644 ./Lib/test/test_future_stmt/future_test2.py /tmp/ci-python-runtime.rXB7OKBE/install/lib/python3.12/test/test_future_stmt
/usr/bin/install -c -m 644 ./Lib/test/test_future_stmt/test_future.py /tmp/ci-python-runtime.rXB7OKBE/install/lib/python3.12/test/test_future_stmt
/usr/bin/install -c -m 644 ./Lib/test/test_future_stmt/test_future_flags.py /tmp/ci-python-runtime.rXB7OKBE/install/lib/python3.12/test/test_future_stmt
/usr/bin/install -c -m 644 ./Lib/test/test_future_stmt/test_future_multiple_features.py /tmp/ci-python-runtime.rXB7OKBE/install/lib/python3.12/test/test_future_stmt
/usr/bin/install -c -m 644 ./Lib/test/test_future_stmt/test_future_multiple_imports.py /tmp/ci-python-runtime.rXB7OKBE/install/lib/python3.12/test/test_future_stmt
/usr/bin/install -c -m 644 ./Lib/test/test_future_stmt/test_future_single_import.py /tmp/ci-python-runtime.rXB7OKBE/install/lib/python3.12/test/test_future_stmt
/usr/bin/install -c -m 644 ./Lib/test/test_gdb/__init__.py /tmp/ci-python-runtime.rXB7OKBE/install/lib/python3.12/test/test_gdb
/usr/bin/install -c -m 644 ./Lib/test/test_gdb/gdb_sample.py /tmp/ci-python-runtime.rXB7OKBE/install/lib/python3.12/test/test_gdb
/usr/bin/install -c -m 644 ./Lib/test/test_gdb/test_backtrace.py /tmp/ci-python-runtime.rXB7OKBE/install/lib/python3.12/test/test_gdb
/usr/bin/install -c -m 644 ./Lib/test/test_gdb/test_cfunction.py /tmp/ci-python-runtime.rXB7OKBE/install/lib/python3.12/test/test_gdb
/usr/bin/install -c -m 644 ./Lib/test/test_gdb/test_cfunction_full.py /tmp/ci-python-runtime.rXB7OKBE/install/lib/python3.12/test/test_gdb
/usr/bin/install -c -m 644 ./Lib/test/test_gdb/test_misc.py /tmp/ci-python-runtime.rXB7OKBE/install/lib/python3.12/test/test_gdb
/usr/bin/install -c -m 644 ./Lib/test/test_gdb/test_pretty_print.py /tmp/ci-python-runtime.rXB7OKBE/install/lib/python3.12/test/test_gdb
/usr/bin/install -c -m 644 ./Lib/test/test_gdb/util.py /tmp/ci-python-runtime.rXB7OKBE/install/lib/python3.12/test/test_gdb
/usr/bin/install -c -m 644 ./Lib/test/test_inspect/__init__.py /tmp/ci-python-runtime.rXB7OKBE/install/lib/python3.12/test/test_inspect
/usr/bin/install -c -m 644 ./Lib/test/test_inspect/inspect_fodder.py /tmp/ci-python-runtime.rXB7OKBE/install/lib/python3.12/test/test_inspect
/usr/bin/install -c -m 644 ./Lib/test/test_inspect/inspect_fodder2.py /tmp/ci-python-runtime.rXB7OKBE/install/lib/python3.12/test/test_inspect
/usr/bin/install -c -m 644 ./Lib/test/test_inspect/inspect_stock_annotations.py /tmp/ci-python-runtime.rXB7OKBE/install/lib/python3.12/test/test_inspect
/usr/bin/install -c -m 644 ./Lib/test/test_inspect/inspect_stringized_annotations.py /tmp/ci-python-runtime.rXB7OKBE/install/lib/python3.12/test/test_inspect
/usr/bin/install -c -m 644 ./Lib/test/test_inspect/inspect_stringized_annotations_2.py /tmp/ci-python-runtime.rXB7OKBE/install/lib/python3.12/test/test_inspect
/usr/bin/install -c -m 644 ./Lib/test/test_inspect/test_inspect.py /tmp/ci-python-runtime.rXB7OKBE/install/lib/python3.12/test/test_inspect
/usr/bin/install -c -m 644 ./Lib/test/test_import/__init__.py /tmp/ci-python-runtime.rXB7OKBE/install/lib/python3.12/test/test_import
/usr/bin/install -c -m 644 ./Lib/test/test_import/__main__.py /tmp/ci-python-runtime.rXB7OKBE/install/lib/python3.12/test/test_import
/usr/bin/install -c -m 644 ./Lib/test/test_import/data/double_const.py /tmp/ci-python-runtime.rXB7OKBE/install/lib/python3.12/test/test_import/data
/usr/bin/install -c -m 644 ./Lib/test/test_import/data/circular_imports/basic.py /tmp/ci-python-runtime.rXB7OKBE/install/lib/python3.12/test/test_import/data/circular_imports
/usr/bin/install -c -m 644 ./Lib/test/test_import/data/circular_imports/basic2.py /tmp/ci-python-runtime.rXB7OKBE/install/lib/python3.12/test/test_import/data/circular_imports
/usr/bin/install -c -m 644 ./Lib/test/test_import/data/circular_imports/binding.py /tmp/ci-python-runtime.rXB7OKBE/install/lib/python3.12/test/test_import/data/circular_imports
/usr/bin/install -c -m 644 ./Lib/test/test_import/data/circular_imports/binding2.py /tmp/ci-python-runtime.rXB7OKBE/install/lib/python3.12/test/test_import/data/circular_imports
/usr/bin/install -c -m 644 ./Lib/test/test_import/data/circular_imports/from_cycle1.py /tmp/ci-python-runtime.rXB7OKBE/install/lib/python3.12/test/test_import/data/circular_imports
/usr/bin/install -c -m 644 ./Lib/test/test_import/data/circular_imports/from_cycle2.py /tmp/ci-python-runtime.rXB7OKBE/install/lib/python3.12/test/test_import/data/circular_imports
/usr/bin/install -c -m 644 ./Lib/test/test_import/data/circular_imports/indirect.py /tmp/ci-python-runtime.rXB7OKBE/install/lib/python3.12/test/test_import/data/circular_imports
/usr/bin/install -c -m 644 ./Lib/test/test_import/data/circular_imports/rebinding.py /tmp/ci-python-runtime.rXB7OKBE/install/lib/python3.12/test/test_import/data/circular_imports
/usr/bin/install -c -m 644 ./Lib/test/test_import/data/circular_imports/rebinding2.py /tmp/ci-python-runtime.rXB7OKBE/install/lib/python3.12/test/test_import/data/circular_imports
/usr/bin/install -c -m 644 ./Lib/test/test_import/data/circular_imports/source.py /tmp/ci-python-runtime.rXB7OKBE/install/lib/python3.12/test/test_import/data/circular_imports
/usr/bin/install -c -m 644 ./Lib/test/test_import/data/circular_imports/subpackage.py /tmp/ci-python-runtime.rXB7OKBE/install/lib/python3.12/test/test_import/data/circular_imports
/usr/bin/install -c -m 644 ./Lib/test/test_import/data/circular_imports/use.py /tmp/ci-python-runtime.rXB7OKBE/install/lib/python3.12/test/test_import/data/circular_imports
/usr/bin/install -c -m 644 ./Lib/test/test_import/data/circular_imports/util.py /tmp/ci-python-runtime.rXB7OKBE/install/lib/python3.12/test/test_import/data/circular_imports
/usr/bin/install -c -m 644 ./Lib/test/test_import/data/circular_imports/subpkg/subpackage2.py /tmp/ci-python-runtime.rXB7OKBE/install/lib/python3.12/test/test_import/data/circular_imports/subpkg
/usr/bin/install -c -m 644 ./Lib/test/test_import/data/circular_imports/subpkg/util.py /tmp/ci-python-runtime.rXB7OKBE/install/lib/python3.12/test/test_import/data/circular_imports/subpkg
/usr/bin/install -c -m 644 ./Lib/test/test_import/data/circular_imports/subpkg2/__init__.py /tmp/ci-python-runtime.rXB7OKBE/install/lib/python3.12/test/test_import/data/circular_imports/subpkg2
/usr/bin/install -c -m 644 ./Lib/test/test_import/data/circular_imports/subpkg2/parent/__init__.py /tmp/ci-python-runtime.rXB7OKBE/install/lib/python3.12/test/test_import/data/circular_imports/subpkg2/parent
/usr/bin/install -c -m 644 ./Lib/test/test_import/data/circular_imports/subpkg2/parent/child.py /tmp/ci-python-runtime.rXB7OKBE/install/lib/python3.12/test/test_import/data/circular_imports/subpkg2/parent
/usr/bin/install -c -m 644 ./Lib/test/test_import/data/package/__init__.py /tmp/ci-python-runtime.rXB7OKBE/install/lib/python3.12/test/test_import/data/package
/usr/bin/install -c -m 644 ./Lib/test/test_import/data/package/submodule.py /tmp/ci-python-runtime.rXB7OKBE/install/lib/python3.12/test/test_import/data/package
/usr/bin/install -c -m 644 ./Lib/test/test_import/data/package2/submodule1.py /tmp/ci-python-runtime.rXB7OKBE/install/lib/python3.12/test/test_import/data/package2
/usr/bin/install -c -m 644 ./Lib/test/test_import/data/package2/submodule2.py /tmp/ci-python-runtime.rXB7OKBE/install/lib/python3.12/test/test_import/data/package2
/usr/bin/install -c -m 644 ./Lib/test/test_import/data/unwritable/__init__.py /tmp/ci-python-runtime.rXB7OKBE/install/lib/python3.12/test/test_import/data/unwritable
/usr/bin/install -c -m 644 ./Lib/test/test_import/data/unwritable/x.py /tmp/ci-python-runtime.rXB7OKBE/install/lib/python3.12/test/test_import/data/unwritable
/usr/bin/install -c -m 644 ./Lib/test/test_importlib/__init__.py /tmp/ci-python-runtime.rXB7OKBE/install/lib/python3.12/test/test_importlib
/usr/bin/install -c -m 644 ./Lib/test/test_importlib/__main__.py /tmp/ci-python-runtime.rXB7OKBE/install/lib/python3.12/test/test_importlib
/usr/bin/install -c -m 644 ./Lib/test/test_importlib/_context.py /tmp/ci-python-runtime.rXB7OKBE/install/lib/python3.12/test/test_importlib
/usr/bin/install -c -m 644 ./Lib/test/test_importlib/_path.py /tmp/ci-python-runtime.rXB7OKBE/install/lib/python3.12/test/test_importlib
/usr/bin/install -c -m 644 ./Lib/test/test_importlib/abc.py /tmp/ci-python-runtime.rXB7OKBE/install/lib/python3.12/test/test_importlib
/usr/bin/install -c -m 644 ./Lib/test/test_importlib/fixtures.py /tmp/ci-python-runtime.rXB7OKBE/install/lib/python3.12/test/test_importlib
/usr/bin/install -c -m 644 ./Lib/test/test_importlib/stubs.py /tmp/ci-python-runtime.rXB7OKBE/install/lib/python3.12/test/test_importlib
/usr/bin/install -c -m 644 ./Lib/test/test_importlib/test_abc.py /tmp/ci-python-runtime.rXB7OKBE/install/lib/python3.12/test/test_importlib
/usr/bin/install -c -m 644 ./Lib/test/test_importlib/test_api.py /tmp/ci-python-runtime.rXB7OKBE/install/lib/python3.12/test/test_importlib
/usr/bin/install -c -m 644 ./Lib/test/test_importlib/test_lazy.py /tmp/ci-python-runtime.rXB7OKBE/install/lib/python3.12/test/test_importlib
/usr/bin/install -c -m 644 ./Lib/test/test_importlib/test_locks.py /tmp/ci-python-runtime.rXB7OKBE/install/lib/python3.12/test/test_importlib
/usr/bin/install -c -m 644 ./Lib/test/test_importlib/test_main.py /tmp/ci-python-runtime.rXB7OKBE/install/lib/python3.12/test/test_importlib
/usr/bin/install -c -m 644 ./Lib/test/test_importlib/test_metadata_api.py /tmp/ci-python-runtime.rXB7OKBE/install/lib/python3.12/test/test_importlib
/usr/bin/install -c -m 644 ./Lib/test/test_importlib/test_namespace_pkgs.py /tmp/ci-python-runtime.rXB7OKBE/install/lib/python3.12/test/test_importlib
/usr/bin/install -c -m 644 ./Lib/test/test_importlib/test_pkg_import.py /tmp/ci-python-runtime.rXB7OKBE/install/lib/python3.12/test/test_importlib
/usr/bin/install -c -m 644 ./Lib/test/test_importlib/test_spec.py /tmp/ci-python-runtime.rXB7OKBE/install/lib/python3.12/test/test_importlib
/usr/bin/install -c -m 644 ./Lib/test/test_importlib/test_threaded_import.py /tmp/ci-python-runtime.rXB7OKBE/install/lib/python3.12/test/test_importlib
/usr/bin/install -c -m 644 ./Lib/test/test_importlib/test_util.py /tmp/ci-python-runtime.rXB7OKBE/install/lib/python3.12/test/test_importlib
/usr/bin/install -c -m 644 ./Lib/test/test_importlib/test_windows.py /tmp/ci-python-runtime.rXB7OKBE/install/lib/python3.12/test/test_importlib
/usr/bin/install -c -m 644 ./Lib/test/test_importlib/test_zip.py /tmp/ci-python-runtime.rXB7OKBE/install/lib/python3.12/test/test_importlib
/usr/bin/install -c -m 644 ./Lib/test/test_importlib/threaded_import_hangers.py /tmp/ci-python-runtime.rXB7OKBE/install/lib/python3.12/test/test_importlib
/usr/bin/install -c -m 644 ./Lib/test/test_importlib/util.py /tmp/ci-python-runtime.rXB7OKBE/install/lib/python3.12/test/test_importlib
/usr/bin/install -c -m 644 ./Lib/test/test_importlib/builtin/__init__.py /tmp/ci-python-runtime.rXB7OKBE/install/lib/python3.12/test/test_importlib/builtin
/usr/bin/install -c -m 644 ./Lib/test/test_importlib/builtin/__main__.py /tmp/ci-python-runtime.rXB7OKBE/install/lib/python3.12/test/test_importlib/builtin
/usr/bin/install -c -m 644 ./Lib/test/test_importlib/builtin/test_finder.py /tmp/ci-python-runtime.rXB7OKBE/install/lib/python3.12/test/test_importlib/builtin
/usr/bin/install -c -m 644 ./Lib/test/test_importlib/builtin/test_loader.py /tmp/ci-python-runtime.rXB7OKBE/install/lib/python3.12/test/test_importlib/builtin
/usr/bin/install -c -m 644 ./Lib/test/test_importlib/data/__init__.py /tmp/ci-python-runtime.rXB7OKBE/install/lib/python3.12/test/test_importlib/data
/usr/bin/install -c -m 644 ./Lib/test/test_importlib/data/example-21.12-py3-none-any.whl /tmp/ci-python-runtime.rXB7OKBE/install/lib/python3.12/test/test_importlib/data
/usr/bin/install -c -m 644 ./Lib/test/test_importlib/data/example-21.12-py3.6.egg /tmp/ci-python-runtime.rXB7OKBE/install/lib/python3.12/test/test_importlib/data
/usr/bin/install -c -m 644 ./Lib/test/test_importlib/data/example2-1.0.0-py3-none-any.whl /tmp/ci-python-runtime.rXB7OKBE/install/lib/python3.12/test/test_importlib/data
/usr/bin/install -c -m 644 ./Lib/test/test_importlib/extension/__init__.py /tmp/ci-python-runtime.rXB7OKBE/install/lib/python3.12/test/test_importlib/extension
/usr/bin/install -c -m 644 ./Lib/test/test_importlib/extension/__main__.py /tmp/ci-python-runtime.rXB7OKBE/install/lib/python3.12/test/test_importlib/extension
/usr/bin/install -c -m 644 ./Lib/test/test_importlib/extension/test_case_sensitivity.py /tmp/ci-python-runtime.rXB7OKBE/install/lib/python3.12/test/test_importlib/extension
/usr/bin/install -c -m 644 ./Lib/test/test_importlib/extension/test_finder.py /tmp/ci-python-runtime.rXB7OKBE/install/lib/python3.12/test/test_importlib/extension
/usr/bin/install -c -m 644 ./Lib/test/test_importlib/extension/test_loader.py /tmp/ci-python-runtime.rXB7OKBE/install/lib/python3.12/test/test_importlib/extension
/usr/bin/install -c -m 644 ./Lib/test/test_importlib/extension/test_path_hook.py /tmp/ci-python-runtime.rXB7OKBE/install/lib/python3.12/test/test_importlib/extension
/usr/bin/install -c -m 644 ./Lib/test/test_importlib/frozen/__init__.py /tmp/ci-python-runtime.rXB7OKBE/install/lib/python3.12/test/test_importlib/frozen
/usr/bin/install -c -m 644 ./Lib/test/test_importlib/frozen/__main__.py /tmp/ci-python-runtime.rXB7OKBE/install/lib/python3.12/test/test_importlib/frozen
/usr/bin/install -c -m 644 ./Lib/test/test_importlib/frozen/test_finder.py /tmp/ci-python-runtime.rXB7OKBE/install/lib/python3.12/test/test_importlib/frozen
/usr/bin/install -c -m 644 ./Lib/test/test_importlib/frozen/test_loader.py /tmp/ci-python-runtime.rXB7OKBE/install/lib/python3.12/test/test_importlib/frozen
/usr/bin/install -c -m 644 ./Lib/test/test_importlib/import_/__init__.py /tmp/ci-python-runtime.rXB7OKBE/install/lib/python3.12/test/test_importlib/import_
/usr/bin/install -c -m 644 ./Lib/test/test_importlib/import_/__main__.py /tmp/ci-python-runtime.rXB7OKBE/install/lib/python3.12/test/test_importlib/import_
/usr/bin/install -c -m 644 ./Lib/test/test_importlib/import_/test___loader__.py /tmp/ci-python-runtime.rXB7OKBE/install/lib/python3.12/test/test_importlib/import_
/usr/bin/install -c -m 644 ./Lib/test/test_importlib/import_/test___package__.py /tmp/ci-python-runtime.rXB7OKBE/install/lib/python3.12/test/test_importlib/import_
/usr/bin/install -c -m 644 ./Lib/test/test_importlib/import_/test_api.py /tmp/ci-python-runtime.rXB7OKBE/install/lib/python3.12/test/test_importlib/import_
/usr/bin/install -c -m 644 ./Lib/test/test_importlib/import_/test_caching.py /tmp/ci-python-runtime.rXB7OKBE/install/lib/python3.12/test/test_importlib/import_
/usr/bin/install -c -m 644 ./Lib/test/test_importlib/import_/test_fromlist.py /tmp/ci-python-runtime.rXB7OKBE/install/lib/python3.12/test/test_importlib/import_
/usr/bin/install -c -m 644 ./Lib/test/test_importlib/import_/test_helpers.py /tmp/ci-python-runtime.rXB7OKBE/install/lib/python3.12/test/test_importlib/import_
/usr/bin/install -c -m 644 ./Lib/test/test_importlib/import_/test_meta_path.py /tmp/ci-python-runtime.rXB7OKBE/install/lib/python3.12/test/test_importlib/import_
/usr/bin/install -c -m 644 ./Lib/test/test_importlib/import_/test_packages.py /tmp/ci-python-runtime.rXB7OKBE/install/lib/python3.12/test/test_importlib/import_
/usr/bin/install -c -m 644 ./Lib/test/test_importlib/import_/test_path.py /tmp/ci-python-runtime.rXB7OKBE/install/lib/python3.12/test/test_importlib/import_
/usr/bin/install -c -m 644 ./Lib/test/test_importlib/import_/test_relative_imports.py /tmp/ci-python-runtime.rXB7OKBE/install/lib/python3.12/test/test_importlib/import_
/usr/bin/install -c -m 644 ./Lib/test/test_importlib/namespace_pkgs/missing_directory.zip /tmp/ci-python-runtime.rXB7OKBE/install/lib/python3.12/test/test_importlib/namespace_pkgs
/usr/bin/install -c -m 644 ./Lib/test/test_importlib/namespace_pkgs/nested_portion1.zip /tmp/ci-python-runtime.rXB7OKBE/install/lib/python3.12/test/test_importlib/namespace_pkgs
/usr/bin/install -c -m 644 ./Lib/test/test_importlib/namespace_pkgs/top_level_portion1.zip /tmp/ci-python-runtime.rXB7OKBE/install/lib/python3.12/test/test_importlib/namespace_pkgs
/usr/bin/install -c -m 644 ./Lib/test/test_importlib/namespace_pkgs/both_portions/foo/one.py /tmp/ci-python-runtime.rXB7OKBE/install/lib/python3.12/test/test_importlib/namespace_pkgs/both_portions/foo
/usr/bin/install -c -m 644 ./Lib/test/test_importlib/namespace_pkgs/both_portions/foo/two.py /tmp/ci-python-runtime.rXB7OKBE/install/lib/python3.12/test/test_importlib/namespace_pkgs/both_portions/foo
/usr/bin/install -c -m 644 ./Lib/test/test_importlib/namespace_pkgs/module_and_namespace_package/a_test.py /tmp/ci-python-runtime.rXB7OKBE/install/lib/python3.12/test/test_importlib/namespace_pkgs/module_and_namespace_package
/usr/bin/install -c -m 644 ./Lib/test/test_importlib/namespace_pkgs/module_and_namespace_package/a_test/empty /tmp/ci-python-runtime.rXB7OKBE/install/lib/python3.12/test/test_importlib/namespace_pkgs/module_and_namespace_package/a_test
/usr/bin/install -c -m 644 ./Lib/test/test_importlib/namespace_pkgs/not_a_namespace_pkg/foo/__init__.py /tmp/ci-python-runtime.rXB7OKBE/install/lib/python3.12/test/test_importlib/namespace_pkgs/not_a_namespace_pkg/foo
/usr/bin/install -c -m 644 ./Lib/test/test_importlib/namespace_pkgs/not_a_namespace_pkg/foo/one.py /tmp/ci-python-runtime.rXB7OKBE/install/lib/python3.12/test/test_importlib/namespace_pkgs/not_a_namespace_pkg/foo
/usr/bin/install -c -m 644 ./Lib/test/test_importlib/namespace_pkgs/portion1/foo/one.py /tmp/ci-python-runtime.rXB7OKBE/install/lib/python3.12/test/test_importlib/namespace_pkgs/portion1/foo
/usr/bin/install -c -m 644 ./Lib/test/test_importlib/namespace_pkgs/portion2/foo/two.py /tmp/ci-python-runtime.rXB7OKBE/install/lib/python3.12/test/test_importlib/namespace_pkgs/portion2/foo
/usr/bin/install -c -m 644 ./Lib/test/test_importlib/namespace_pkgs/project1/parent/child/one.py /tmp/ci-python-runtime.rXB7OKBE/install/lib/python3.12/test/test_importlib/namespace_pkgs/project1/parent/child
/usr/bin/install -c -m 644 ./Lib/test/test_importlib/namespace_pkgs/project2/parent/child/two.py /tmp/ci-python-runtime.rXB7OKBE/install/lib/python3.12/test/test_importlib/namespace_pkgs/project2/parent/child
/usr/bin/install -c -m 644 ./Lib/test/test_importlib/namespace_pkgs/project3/parent/child/three.py /tmp/ci-python-runtime.rXB7OKBE/install/lib/python3.12/test/test_importlib/namespace_pkgs/project3/parent/child
/usr/bin/install -c -m 644 ./Lib/test/test_importlib/partial/cfimport.py /tmp/ci-python-runtime.rXB7OKBE/install/lib/python3.12/test/test_importlib/partial
/usr/bin/install -c -m 644 ./Lib/test/test_importlib/partial/pool_in_threads.py /tmp/ci-python-runtime.rXB7OKBE/install/lib/python3.12/test/test_importlib/partial
/usr/bin/install -c -m 644 ./Lib/test/test_importlib/resources/__init__.py /tmp/ci-python-runtime.rXB7OKBE/install/lib/python3.12/test/test_importlib/resources
/usr/bin/install -c -m 644 ./Lib/test/test_importlib/resources/_path.py /tmp/ci-python-runtime.rXB7OKBE/install/lib/python3.12/test/test_importlib/resources
/usr/bin/install -c -m 644 ./Lib/test/test_importlib/resources/test_compatibilty_files.py /tmp/ci-python-runtime.rXB7OKBE/install/lib/python3.12/test/test_importlib/resources
/usr/bin/install -c -m 644 ./Lib/test/test_importlib/resources/test_contents.py /tmp/ci-python-runtime.rXB7OKBE/install/lib/python3.12/test/test_importlib/resources
/usr/bin/install -c -m 644 ./Lib/test/test_importlib/resources/test_custom.py /tmp/ci-python-runtime.rXB7OKBE/install/lib/python3.12/test/test_importlib/resources
/usr/bin/install -c -m 644 ./Lib/test/test_importlib/resources/test_files.py /tmp/ci-python-runtime.rXB7OKBE/install/lib/python3.12/test/test_importlib/resources
/usr/bin/install -c -m 644 ./Lib/test/test_importlib/resources/test_open.py /tmp/ci-python-runtime.rXB7OKBE/install/lib/python3.12/test/test_importlib/resources
/usr/bin/install -c -m 644 ./Lib/test/test_importlib/resources/test_path.py /tmp/ci-python-runtime.rXB7OKBE/install/lib/python3.12/test/test_importlib/resources
/usr/bin/install -c -m 644 ./Lib/test/test_importlib/resources/test_read.py /tmp/ci-python-runtime.rXB7OKBE/install/lib/python3.12/test/test_importlib/resources
/usr/bin/install -c -m 644 ./Lib/test/test_importlib/resources/test_reader.py /tmp/ci-python-runtime.rXB7OKBE/install/lib/python3.12/test/test_importlib/resources
/usr/bin/install -c -m 644 ./Lib/test/test_importlib/resources/test_resource.py /tmp/ci-python-runtime.rXB7OKBE/install/lib/python3.12/test/test_importlib/resources
/usr/bin/install -c ./Lib/test/test_importlib/resources/update-zips.py /tmp/ci-python-runtime.rXB7OKBE/install/lib/python3.12/test/test_importlib/resources
/usr/bin/install -c -m 644 ./Lib/test/test_importlib/resources/util.py /tmp/ci-python-runtime.rXB7OKBE/install/lib/python3.12/test/test_importlib/resources
/usr/bin/install -c -m 644 ./Lib/test/test_importlib/resources/data01/__init__.py /tmp/ci-python-runtime.rXB7OKBE/install/lib/python3.12/test/test_importlib/resources/data01
/usr/bin/install -c -m 644 ./Lib/test/test_importlib/resources/data01/binary.file /tmp/ci-python-runtime.rXB7OKBE/install/lib/python3.12/test/test_importlib/resources/data01
/usr/bin/install -c -m 644 ./Lib/test/test_importlib/resources/data01/utf-16.file /tmp/ci-python-runtime.rXB7OKBE/install/lib/python3.12/test/test_importlib/resources/data01
/usr/bin/install -c -m 644 ./Lib/test/test_importlib/resources/data01/utf-8.file /tmp/ci-python-runtime.rXB7OKBE/install/lib/python3.12/test/test_importlib/resources/data01
/usr/bin/install -c -m 644 ./Lib/test/test_importlib/resources/data01/subdirectory/__init__.py /tmp/ci-python-runtime.rXB7OKBE/install/lib/python3.12/test/test_importlib/resources/data01/subdirectory
/usr/bin/install -c -m 644 ./Lib/test/test_importlib/resources/data01/subdirectory/binary.file /tmp/ci-python-runtime.rXB7OKBE/install/lib/python3.12/test/test_importlib/resources/data01/subdirectory
/usr/bin/install -c -m 644 ./Lib/test/test_importlib/resources/data02/__init__.py /tmp/ci-python-runtime.rXB7OKBE/install/lib/python3.12/test/test_importlib/resources/data02
/usr/bin/install -c -m 644 ./Lib/test/test_importlib/resources/data02/one/__init__.py /tmp/ci-python-runtime.rXB7OKBE/install/lib/python3.12/test/test_importlib/resources/data02/one
/usr/bin/install -c -m 644 ./Lib/test/test_importlib/resources/data02/one/resource1.txt /tmp/ci-python-runtime.rXB7OKBE/install/lib/python3.12/test/test_importlib/resources/data02/one
/usr/bin/install -c -m 644 ./Lib/test/test_importlib/resources/data02/subdirectory/subsubdir/resource.txt /tmp/ci-python-runtime.rXB7OKBE/install/lib/python3.12/test/test_importlib/resources/data02/subdirectory/subsubdir
/usr/bin/install -c -m 644 ./Lib/test/test_importlib/resources/data02/two/__init__.py /tmp/ci-python-runtime.rXB7OKBE/install/lib/python3.12/test/test_importlib/resources/data02/two
/usr/bin/install -c -m 644 ./Lib/test/test_importlib/resources/data02/two/resource2.txt /tmp/ci-python-runtime.rXB7OKBE/install/lib/python3.12/test/test_importlib/resources/data02/two
/usr/bin/install -c -m 644 ./Lib/test/test_importlib/resources/data03/__init__.py /tmp/ci-python-runtime.rXB7OKBE/install/lib/python3.12/test/test_importlib/resources/data03
/usr/bin/install -c -m 644 ./Lib/test/test_importlib/resources/data03/namespace/resource1.txt /tmp/ci-python-runtime.rXB7OKBE/install/lib/python3.12/test/test_importlib/resources/data03/namespace
/usr/bin/install -c -m 644 ./Lib/test/test_importlib/resources/data03/namespace/portion1/__init__.py /tmp/ci-python-runtime.rXB7OKBE/install/lib/python3.12/test/test_importlib/resources/data03/namespace/portion1
/usr/bin/install -c -m 644 ./Lib/test/test_importlib/resources/data03/namespace/portion2/__init__.py /tmp/ci-python-runtime.rXB7OKBE/install/lib/python3.12/test/test_importlib/resources/data03/namespace/portion2
/usr/bin/install -c -m 644 ./Lib/test/test_importlib/resources/namespacedata01/binary.file /tmp/ci-python-runtime.rXB7OKBE/install/lib/python3.12/test/test_importlib/resources/namespacedata01
/usr/bin/install -c -m 644 ./Lib/test/test_importlib/resources/namespacedata01/utf-16.file /tmp/ci-python-runtime.rXB7OKBE/install/lib/python3.12/test/test_importlib/resources/namespacedata01
/usr/bin/install -c -m 644 ./Lib/test/test_importlib/resources/namespacedata01/utf-8.file /tmp/ci-python-runtime.rXB7OKBE/install/lib/python3.12/test/test_importlib/resources/namespacedata01
/usr/bin/install -c -m 644 ./Lib/test/test_importlib/resources/zipdata01/__init__.py /tmp/ci-python-runtime.rXB7OKBE/install/lib/python3.12/test/test_importlib/resources/zipdata01
/usr/bin/install -c -m 644 ./Lib/test/test_importlib/resources/zipdata01/ziptestdata.zip /tmp/ci-python-runtime.rXB7OKBE/install/lib/python3.12/test/test_importlib/resources/zipdata01
/usr/bin/install -c -m 644 ./Lib/test/test_importlib/resources/zipdata02/__init__.py /tmp/ci-python-runtime.rXB7OKBE/install/lib/python3.12/test/test_importlib/resources/zipdata02
/usr/bin/install -c -m 644 ./Lib/test/test_importlib/resources/zipdata02/ziptestdata.zip /tmp/ci-python-runtime.rXB7OKBE/install/lib/python3.12/test/test_importlib/resources/zipdata02
/usr/bin/install -c -m 644 ./Lib/test/test_importlib/source/__init__.py /tmp/ci-python-runtime.rXB7OKBE/install/lib/python3.12/test/test_importlib/source
/usr/bin/install -c -m 644 ./Lib/test/test_importlib/source/__main__.py /tmp/ci-python-runtime.rXB7OKBE/install/lib/python3.12/test/test_importlib/source
/usr/bin/install -c -m 644 ./Lib/test/test_importlib/source/test_case_sensitivity.py /tmp/ci-python-runtime.rXB7OKBE/install/lib/python3.12/test/test_importlib/source
/usr/bin/install -c -m 644 ./Lib/test/test_importlib/source/test_file_loader.py /tmp/ci-python-runtime.rXB7OKBE/install/lib/python3.12/test/test_importlib/source
/usr/bin/install -c -m 644 ./Lib/test/test_importlib/source/test_finder.py /tmp/ci-python-runtime.rXB7OKBE/install/lib/python3.12/test/test_importlib/source
/usr/bin/install -c -m 644 ./Lib/test/test_importlib/source/test_path_hook.py /tmp/ci-python-runtime.rXB7OKBE/install/lib/python3.12/test/test_importlib/source
/usr/bin/install -c -m 644 ./Lib/test/test_importlib/source/test_source_encoding.py /tmp/ci-python-runtime.rXB7OKBE/install/lib/python3.12/test/test_importlib/source
/usr/bin/install -c -m 644 ./Lib/test/test_json/__init__.py /tmp/ci-python-runtime.rXB7OKBE/install/lib/python3.12/test/test_json
/usr/bin/install -c -m 644 ./Lib/test/test_json/__main__.py /tmp/ci-python-runtime.rXB7OKBE/install/lib/python3.12/test/test_json
/usr/bin/install -c -m 644 ./Lib/test/test_json/test_decode.py /tmp/ci-python-runtime.rXB7OKBE/install/lib/python3.12/test/test_json
/usr/bin/install -c -m 644 ./Lib/test/test_json/test_default.py /tmp/ci-python-runtime.rXB7OKBE/install/lib/python3.12/test/test_json
/usr/bin/install -c -m 644 ./Lib/test/test_json/test_dump.py /tmp/ci-python-runtime.rXB7OKBE/install/lib/python3.12/test/test_json
/usr/bin/install -c -m 644 ./Lib/test/test_json/test_encode_basestring_ascii.py /tmp/ci-python-runtime.rXB7OKBE/install/lib/python3.12/test/test_json
/usr/bin/install -c -m 644 ./Lib/test/test_json/test_enum.py /tmp/ci-python-runtime.rXB7OKBE/install/lib/python3.12/test/test_json
/usr/bin/install -c -m 644 ./Lib/test/test_json/test_fail.py /tmp/ci-python-runtime.rXB7OKBE/install/lib/python3.12/test/test_json
/usr/bin/install -c -m 644 ./Lib/test/test_json/test_float.py /tmp/ci-python-runtime.rXB7OKBE/install/lib/python3.12/test/test_json
/usr/bin/install -c -m 644 ./Lib/test/test_json/test_indent.py /tmp/ci-python-runtime.rXB7OKBE/install/lib/python3.12/test/test_json
/usr/bin/install -c -m 644 ./Lib/test/test_json/test_pass1.py /tmp/ci-python-runtime.rXB7OKBE/install/lib/python3.12/test/test_json
/usr/bin/install -c -m 644 ./Lib/test/test_json/test_pass2.py /tmp/ci-python-runtime.rXB7OKBE/install/lib/python3.12/test/test_json
/usr/bin/install -c -m 644 ./Lib/test/test_json/test_pass3.py /tmp/ci-python-runtime.rXB7OKBE/install/lib/python3.12/test/test_json
/usr/bin/install -c -m 644 ./Lib/test/test_json/test_recursion.py /tmp/ci-python-runtime.rXB7OKBE/install/lib/python3.12/test/test_json
/usr/bin/install -c -m 644 ./Lib/test/test_json/test_scanstring.py /tmp/ci-python-runtime.rXB7OKBE/install/lib/python3.12/test/test_json
/usr/bin/install -c -m 644 ./Lib/test/test_json/test_separators.py /tmp/ci-python-runtime.rXB7OKBE/install/lib/python3.12/test/test_json
/usr/bin/install -c -m 644 ./Lib/test/test_json/test_speedups.py /tmp/ci-python-runtime.rXB7OKBE/install/lib/python3.12/test/test_json
/usr/bin/install -c -m 644 ./Lib/test/test_json/test_tool.py /tmp/ci-python-runtime.rXB7OKBE/install/lib/python3.12/test/test_json
/usr/bin/install -c -m 644 ./Lib/test/test_json/test_unicode.py /tmp/ci-python-runtime.rXB7OKBE/install/lib/python3.12/test/test_json
/usr/bin/install -c -m 644 ./Lib/test/test_lib2to3/__init__.py /tmp/ci-python-runtime.rXB7OKBE/install/lib/python3.12/test/test_lib2to3
/usr/bin/install -c -m 644 ./Lib/test/test_lib2to3/__main__.py /tmp/ci-python-runtime.rXB7OKBE/install/lib/python3.12/test/test_lib2to3
/usr/bin/install -c ./Lib/test/test_lib2to3/pytree_idempotency.py /tmp/ci-python-runtime.rXB7OKBE/install/lib/python3.12/test/test_lib2to3
/usr/bin/install -c -m 644 ./Lib/test/test_lib2to3/support.py /tmp/ci-python-runtime.rXB7OKBE/install/lib/python3.12/test/test_lib2to3
/usr/bin/install -c -m 644 ./Lib/test/test_lib2to3/test_all_fixers.py /tmp/ci-python-runtime.rXB7OKBE/install/lib/python3.12/test/test_lib2to3
/usr/bin/install -c -m 644 ./Lib/test/test_lib2to3/test_fixers.py /tmp/ci-python-runtime.rXB7OKBE/install/lib/python3.12/test/test_lib2to3
/usr/bin/install -c -m 644 ./Lib/test/test_lib2to3/test_main.py /tmp/ci-python-runtime.rXB7OKBE/install/lib/python3.12/test/test_lib2to3
/usr/bin/install -c -m 644 ./Lib/test/test_lib2to3/test_parser.py /tmp/ci-python-runtime.rXB7OKBE/install/lib/python3.12/test/test_lib2to3
/usr/bin/install -c -m 644 ./Lib/test/test_lib2to3/test_pytree.py /tmp/ci-python-runtime.rXB7OKBE/install/lib/python3.12/test/test_lib2to3
/usr/bin/install -c -m 644 ./Lib/test/test_lib2to3/test_refactor.py /tmp/ci-python-runtime.rXB7OKBE/install/lib/python3.12/test/test_lib2to3
/usr/bin/install -c -m 644 ./Lib/test/test_lib2to3/test_util.py /tmp/ci-python-runtime.rXB7OKBE/install/lib/python3.12/test/test_lib2to3
/usr/bin/install -c -m 644 ./Lib/test/test_lib2to3/data/README /tmp/ci-python-runtime.rXB7OKBE/install/lib/python3.12/test/test_lib2to3/data
/usr/bin/install -c -m 644 ./Lib/test/test_lib2to3/data/bom.py /tmp/ci-python-runtime.rXB7OKBE/install/lib/python3.12/test/test_lib2to3/data
/usr/bin/install -c -m 644 ./Lib/test/test_lib2to3/data/crlf.py /tmp/ci-python-runtime.rXB7OKBE/install/lib/python3.12/test/test_lib2to3/data
/usr/bin/install -c ./Lib/test/test_lib2to3/data/different_encoding.py /tmp/ci-python-runtime.rXB7OKBE/install/lib/python3.12/test/test_lib2to3/data
/usr/bin/install -c ./Lib/test/test_lib2to3/data/false_encoding.py /tmp/ci-python-runtime.rXB7OKBE/install/lib/python3.12/test/test_lib2to3/data
/usr/bin/install -c -m 644 ./Lib/test/test_lib2to3/data/infinite_recursion.py /tmp/ci-python-runtime.rXB7OKBE/install/lib/python3.12/test/test_lib2to3/data
/usr/bin/install -c -m 644 ./Lib/test/test_lib2to3/data/py2_test_grammar.py /tmp/ci-python-runtime.rXB7OKBE/install/lib/python3.12/test/test_lib2to3/data
/usr/bin/install -c -m 644 ./Lib/test/test_lib2to3/data/py3_test_grammar.py /tmp/ci-python-runtime.rXB7OKBE/install/lib/python3.12/test/test_lib2to3/data
/usr/bin/install -c -m 644 ./Lib/test/test_lib2to3/data/fixers/bad_order.py /tmp/ci-python-runtime.rXB7OKBE/install/lib/python3.12/test/test_lib2to3/data/fixers
/usr/bin/install -c -m 644 ./Lib/test/test_lib2to3/data/fixers/no_fixer_cls.py /tmp/ci-python-runtime.rXB7OKBE/install/lib/python3.12/test/test_lib2to3/data/fixers
/usr/bin/install -c -m 644 ./Lib/test/test_lib2to3/data/fixers/parrot_example.py /tmp/ci-python-runtime.rXB7OKBE/install/lib/python3.12/test/test_lib2to3/data/fixers
/usr/bin/install -c -m 644 ./Lib/test/test_lib2to3/data/fixers/myfixes/__init__.py /tmp/ci-python-runtime.rXB7OKBE/install/lib/python3.12/test/test_lib2to3/data/fixers/myfixes
/usr/bin/install -c -m 644 ./Lib/test/test_lib2to3/data/fixers/myfixes/fix_explicit.py /tmp/ci-python-runtime.rXB7OKBE/install/lib/python3.12/test/test_lib2to3/data/fixers/myfixes
/usr/bin/install -c -m 644 ./Lib/test/test_lib2to3/data/fixers/myfixes/fix_first.py /tmp/ci-python-runtime.rXB7OKBE/install/lib/python3.12/test/test_lib2to3/data/fixers/myfixes
/usr/bin/install -c -m 644 ./Lib/test/test_lib2to3/data/fixers/myfixes/fix_last.py /tmp/ci-python-runtime.rXB7OKBE/install/lib/python3.12/test/test_lib2to3/data/fixers/myfixes
/usr/bin/install -c -m 644 ./Lib/test/test_lib2to3/data/fixers/myfixes/fix_parrot.py /tmp/ci-python-runtime.rXB7OKBE/install/lib/python3.12/test/test_lib2to3/data/fixers/myfixes
/usr/bin/install -c -m 644 ./Lib/test/test_lib2to3/data/fixers/myfixes/fix_preorder.py /tmp/ci-python-runtime.rXB7OKBE/install/lib/python3.12/test/test_lib2to3/data/fixers/myfixes
/usr/bin/install -c -m 644 ./Lib/test/test_module/__init__.py /tmp/ci-python-runtime.rXB7OKBE/install/lib/python3.12/test/test_module
/usr/bin/install -c -m 644 ./Lib/test/test_module/bad_getattr.py /tmp/ci-python-runtime.rXB7OKBE/install/lib/python3.12/test/test_module
/usr/bin/install -c -m 644 ./Lib/test/test_module/bad_getattr2.py /tmp/ci-python-runtime.rXB7OKBE/install/lib/python3.12/test/test_module
/usr/bin/install -c -m 644 ./Lib/test/test_module/bad_getattr3.py /tmp/ci-python-runtime.rXB7OKBE/install/lib/python3.12/test/test_module
/usr/bin/install -c -m 644 ./Lib/test/test_module/final_a.py /tmp/ci-python-runtime.rXB7OKBE/install/lib/python3.12/test/test_module
/usr/bin/install -c -m 644 ./Lib/test/test_module/final_b.py /tmp/ci-python-runtime.rXB7OKBE/install/lib/python3.12/test/test_module
/usr/bin/install -c -m 644 ./Lib/test/test_module/good_getattr.py /tmp/ci-python-runtime.rXB7OKBE/install/lib/python3.12/test/test_module
/usr/bin/install -c -m 644 ./Lib/test/test_peg_generator/__init__.py /tmp/ci-python-runtime.rXB7OKBE/install/lib/python3.12/test/test_peg_generator
/usr/bin/install -c -m 644 ./Lib/test/test_peg_generator/__main__.py /tmp/ci-python-runtime.rXB7OKBE/install/lib/python3.12/test/test_peg_generator
/usr/bin/install -c -m 644 ./Lib/test/test_peg_generator/test_c_parser.py /tmp/ci-python-runtime.rXB7OKBE/install/lib/python3.12/test/test_peg_generator
/usr/bin/install -c -m 644 ./Lib/test/test_peg_generator/test_first_sets.py /tmp/ci-python-runtime.rXB7OKBE/install/lib/python3.12/test/test_peg_generator
/usr/bin/install -c -m 644 ./Lib/test/test_peg_generator/test_grammar_validator.py /tmp/ci-python-runtime.rXB7OKBE/install/lib/python3.12/test/test_peg_generator
/usr/bin/install -c -m 644 ./Lib/test/test_peg_generator/test_pegen.py /tmp/ci-python-runtime.rXB7OKBE/install/lib/python3.12/test/test_peg_generator
/usr/bin/install -c -m 644 ./Lib/test/test_pydoc/__init__.py /tmp/ci-python-runtime.rXB7OKBE/install/lib/python3.12/test/test_pydoc
/usr/bin/install -c -m 644 ./Lib/test/test_pydoc/pydoc_mod.py /tmp/ci-python-runtime.rXB7OKBE/install/lib/python3.12/test/test_pydoc
/usr/bin/install -c -m 644 ./Lib/test/test_pydoc/pydocfodder.py /tmp/ci-python-runtime.rXB7OKBE/install/lib/python3.12/test/test_pydoc
/usr/bin/install -c -m 644 ./Lib/test/test_pydoc/test_pydoc.py /tmp/ci-python-runtime.rXB7OKBE/install/lib/python3.12/test/test_pydoc
/usr/bin/install -c -m 644 ./Lib/test/test_sqlite3/__init__.py /tmp/ci-python-runtime.rXB7OKBE/install/lib/python3.12/test/test_sqlite3
/usr/bin/install -c -m 644 ./Lib/test/test_sqlite3/__main__.py /tmp/ci-python-runtime.rXB7OKBE/install/lib/python3.12/test/test_sqlite3
/usr/bin/install -c -m 644 ./Lib/test/test_sqlite3/test_backup.py /tmp/ci-python-runtime.rXB7OKBE/install/lib/python3.12/test/test_sqlite3
/usr/bin/install -c -m 644 ./Lib/test/test_sqlite3/test_cli.py /tmp/ci-python-runtime.rXB7OKBE/install/lib/python3.12/test/test_sqlite3
/usr/bin/install -c -m 644 ./Lib/test/test_sqlite3/test_dbapi.py /tmp/ci-python-runtime.rXB7OKBE/install/lib/python3.12/test/test_sqlite3
/usr/bin/install -c -m 644 ./Lib/test/test_sqlite3/test_dump.py /tmp/ci-python-runtime.rXB7OKBE/install/lib/python3.12/test/test_sqlite3
/usr/bin/install -c -m 644 ./Lib/test/test_sqlite3/test_factory.py /tmp/ci-python-runtime.rXB7OKBE/install/lib/python3.12/test/test_sqlite3
/usr/bin/install -c -m 644 ./Lib/test/test_sqlite3/test_hooks.py /tmp/ci-python-runtime.rXB7OKBE/install/lib/python3.12/test/test_sqlite3
/usr/bin/install -c -m 644 ./Lib/test/test_sqlite3/test_regression.py /tmp/ci-python-runtime.rXB7OKBE/install/lib/python3.12/test/test_sqlite3
/usr/bin/install -c -m 644 ./Lib/test/test_sqlite3/test_transactions.py /tmp/ci-python-runtime.rXB7OKBE/install/lib/python3.12/test/test_sqlite3
/usr/bin/install -c -m 644 ./Lib/test/test_sqlite3/test_types.py /tmp/ci-python-runtime.rXB7OKBE/install/lib/python3.12/test/test_sqlite3
/usr/bin/install -c -m 644 ./Lib/test/test_sqlite3/test_userfunctions.py /tmp/ci-python-runtime.rXB7OKBE/install/lib/python3.12/test/test_sqlite3
/usr/bin/install -c -m 644 ./Lib/test/test_tkinter/README /tmp/ci-python-runtime.rXB7OKBE/install/lib/python3.12/test/test_tkinter
/usr/bin/install -c -m 644 ./Lib/test/test_tkinter/__init__.py /tmp/ci-python-runtime.rXB7OKBE/install/lib/python3.12/test/test_tkinter
/usr/bin/install -c -m 644 ./Lib/test/test_tkinter/__main__.py /tmp/ci-python-runtime.rXB7OKBE/install/lib/python3.12/test/test_tkinter
/usr/bin/install -c -m 644 ./Lib/test/test_tkinter/support.py /tmp/ci-python-runtime.rXB7OKBE/install/lib/python3.12/test/test_tkinter
/usr/bin/install -c -m 644 ./Lib/test/test_tkinter/test_colorchooser.py /tmp/ci-python-runtime.rXB7OKBE/install/lib/python3.12/test/test_tkinter
/usr/bin/install -c -m 644 ./Lib/test/test_tkinter/test_font.py /tmp/ci-python-runtime.rXB7OKBE/install/lib/python3.12/test/test_tkinter
/usr/bin/install -c -m 644 ./Lib/test/test_tkinter/test_geometry_managers.py /tmp/ci-python-runtime.rXB7OKBE/install/lib/python3.12/test/test_tkinter
/usr/bin/install -c -m 644 ./Lib/test/test_tkinter/test_images.py /tmp/ci-python-runtime.rXB7OKBE/install/lib/python3.12/test/test_tkinter
/usr/bin/install -c -m 644 ./Lib/test/test_tkinter/test_loadtk.py /tmp/ci-python-runtime.rXB7OKBE/install/lib/python3.12/test/test_tkinter
/usr/bin/install -c -m 644 ./Lib/test/test_tkinter/test_messagebox.py /tmp/ci-python-runtime.rXB7OKBE/install/lib/python3.12/test/test_tkinter
/usr/bin/install -c -m 644 ./Lib/test/test_tkinter/test_misc.py /tmp/ci-python-runtime.rXB7OKBE/install/lib/python3.12/test/test_tkinter
/usr/bin/install -c -m 644 ./Lib/test/test_tkinter/test_simpledialog.py /tmp/ci-python-runtime.rXB7OKBE/install/lib/python3.12/test/test_tkinter
/usr/bin/install -c -m 644 ./Lib/test/test_tkinter/test_text.py /tmp/ci-python-runtime.rXB7OKBE/install/lib/python3.12/test/test_tkinter
/usr/bin/install -c -m 644 ./Lib/test/test_tkinter/test_variables.py /tmp/ci-python-runtime.rXB7OKBE/install/lib/python3.12/test/test_tkinter
/usr/bin/install -c -m 644 ./Lib/test/test_tkinter/test_widgets.py /tmp/ci-python-runtime.rXB7OKBE/install/lib/python3.12/test/test_tkinter
/usr/bin/install -c -m 644 ./Lib/test/test_tkinter/widget_tests.py /tmp/ci-python-runtime.rXB7OKBE/install/lib/python3.12/test/test_tkinter
/usr/bin/install -c -m 644 ./Lib/test/test_tomllib/__init__.py /tmp/ci-python-runtime.rXB7OKBE/install/lib/python3.12/test/test_tomllib
/usr/bin/install -c -m 644 ./Lib/test/test_tomllib/__main__.py /tmp/ci-python-runtime.rXB7OKBE/install/lib/python3.12/test/test_tomllib
/usr/bin/install -c -m 644 ./Lib/test/test_tomllib/burntsushi.py /tmp/ci-python-runtime.rXB7OKBE/install/lib/python3.12/test/test_tomllib
/usr/bin/install -c -m 644 ./Lib/test/test_tomllib/test_data.py /tmp/ci-python-runtime.rXB7OKBE/install/lib/python3.12/test/test_tomllib
/usr/bin/install -c -m 644 ./Lib/test/test_tomllib/test_error.py /tmp/ci-python-runtime.rXB7OKBE/install/lib/python3.12/test/test_tomllib
/usr/bin/install -c -m 644 ./Lib/test/test_tomllib/test_misc.py /tmp/ci-python-runtime.rXB7OKBE/install/lib/python3.12/test/test_tomllib
/usr/bin/install -c -m 644 ./Lib/test/test_tomllib/data/invalid/array-missing-comma.toml /tmp/ci-python-runtime.rXB7OKBE/install/lib/python3.12/test/test_tomllib/data/invalid
/usr/bin/install -c -m 644 ./Lib/test/test_tomllib/data/invalid/basic-str-ends-in-escape.toml /tmp/ci-python-runtime.rXB7OKBE/install/lib/python3.12/test/test_tomllib/data/invalid
/usr/bin/install -c -m 644 ./Lib/test/test_tomllib/data/invalid/inline-table-missing-comma.toml /tmp/ci-python-runtime.rXB7OKBE/install/lib/python3.12/test/test_tomllib/data/invalid
/usr/bin/install -c -m 644 ./Lib/test/test_tomllib/data/invalid/invalid-comment-char.toml /tmp/ci-python-runtime.rXB7OKBE/install/lib/python3.12/test/test_tomllib/data/invalid
/usr/bin/install -c -m 644 ./Lib/test/test_tomllib/data/invalid/invalid-escaped-unicode.toml /tmp/ci-python-runtime.rXB7OKBE/install/lib/python3.12/test/test_tomllib/data/invalid
/usr/bin/install -c -m 644 ./Lib/test/test_tomllib/data/invalid/invalid-hex.toml /tmp/ci-python-runtime.rXB7OKBE/install/lib/python3.12/test/test_tomllib/data/invalid
/usr/bin/install -c -m 644 ./Lib/test/test_tomllib/data/invalid/missing-closing-double-square-bracket.toml /tmp/ci-python-runtime.rXB7OKBE/install/lib/python3.12/test/test_tomllib/data/invalid
/usr/bin/install -c -m 644 ./Lib/test/test_tomllib/data/invalid/missing-closing-square-bracket.toml /tmp/ci-python-runtime.rXB7OKBE/install/lib/python3.12/test/test_tomllib/data/invalid
/usr/bin/install -c -m 644 ./Lib/test/test_tomllib/data/invalid/non-scalar-escaped.toml /tmp/ci-python-runtime.rXB7OKBE/install/lib/python3.12/test/test_tomllib/data/invalid
/usr/bin/install -c -m 644 ./Lib/test/test_tomllib/data/invalid/unclosed-multiline-string.toml /tmp/ci-python-runtime.rXB7OKBE/install/lib/python3.12/test/test_tomllib/data/invalid
/usr/bin/install -c -m 644 ./Lib/test/test_tomllib/data/invalid/unclosed-string.toml /tmp/ci-python-runtime.rXB7OKBE/install/lib/python3.12/test/test_tomllib/data/invalid
/usr/bin/install -c -m 644 ./Lib/test/test_tomllib/data/invalid/array/file-end-after-val.toml /tmp/ci-python-runtime.rXB7OKBE/install/lib/python3.12/test/test_tomllib/data/invalid/array
/usr/bin/install -c -m 644 ./Lib/test/test_tomllib/data/invalid/array/unclosed-after-item.toml /tmp/ci-python-runtime.rXB7OKBE/install/lib/python3.12/test/test_tomllib/data/invalid/array
/usr/bin/install -c -m 644 ./Lib/test/test_tomllib/data/invalid/array/unclosed-empty.toml /tmp/ci-python-runtime.rXB7OKBE/install/lib/python3.12/test/test_tomllib/data/invalid/array
/usr/bin/install -c -m 644 ./Lib/test/test_tomllib/data/invalid/array-of-tables/overwrite-array-in-parent.toml /tmp/ci-python-runtime.rXB7OKBE/install/lib/python3.12/test/test_tomllib/data/invalid/array-of-tables
/usr/bin/install -c -m 644 ./Lib/test/test_tomllib/data/invalid/array-of-tables/overwrite-bool-with-aot.toml /tmp/ci-python-runtime.rXB7OKBE/install/lib/python3.12/test/test_tomllib/data/invalid/array-of-tables
/usr/bin/install -c -m 644 ./Lib/test/test_tomllib/data/invalid/boolean/invalid-false-casing.toml /tmp/ci-python-runtime.rXB7OKBE/install/lib/python3.12/test/test_tomllib/data/invalid/boolean
/usr/bin/install -c -m 644 ./Lib/test/test_tomllib/data/invalid/boolean/invalid-true-casing.toml /tmp/ci-python-runtime.rXB7OKBE/install/lib/python3.12/test/test_tomllib/data/invalid/boolean
/usr/bin/install -c -m 644 ./Lib/test/test_tomllib/data/invalid/dates-and-times/invalid-day.toml /tmp/ci-python-runtime.rXB7OKBE/install/lib/python3.12/test/test_tomllib/data/invalid/dates-and-times
/usr/bin/install -c -m 644 ./Lib/test/test_tomllib/data/invalid/dotted-keys/access-non-table.toml /tmp/ci-python-runtime.rXB7OKBE/install/lib/python3.12/test/test_tomllib/data/invalid/dotted-keys
/usr/bin/install -c -m 644 ./Lib/test/test_tomllib/data/invalid/dotted-keys/extend-defined-aot.toml /tmp/ci-python-runtime.rXB7OKBE/install/lib/python3.12/test/test_tomllib/data/invalid/dotted-keys
/usr/bin/install -c -m 644 ./Lib/test/test_tomllib/data/invalid/dotted-keys/extend-defined-table-with-subtable.toml /tmp/ci-python-runtime.rXB7OKBE/install/lib/python3.12/test/test_tomllib/data/invalid/dotted-keys
/usr/bin/install -c -m 644 ./Lib/test/test_tomllib/data/invalid/dotted-keys/extend-defined-table.toml /tmp/ci-python-runtime.rXB7OKBE/install/lib/python3.12/test/test_tomllib/data/invalid/dotted-keys
/usr/bin/install -c -m 644 ./Lib/test/test_tomllib/data/invalid/inline-table/define-twice-in-subtable.toml /tmp/ci-python-runtime.rXB7OKBE/install/lib/python3.12/test/test_tomllib/data/invalid/inline-table
/usr/bin/install -c -m 644 ./Lib/test/test_tomllib/data/invalid/inline-table/define-twice.toml /tmp/ci-python-runtime.rXB7OKBE/install/lib/python3.12/test/test_tomllib/data/invalid/inline-table
/usr/bin/install -c -m 644 ./Lib/test/test_tomllib/data/invalid/inline-table/file-end-after-key-val.toml /tmp/ci-python-runtime.rXB7OKBE/install/lib/python3.12/test/test_tomllib/data/invalid/inline-table
/usr/bin/install -c -m 644 ./Lib/test/test_tomllib/data/invalid/inline-table/mutate.toml /tmp/ci-python-runtime.rXB7OKBE/install/lib/python3.12/test/test_tomllib/data/invalid/inline-table
/usr/bin/install -c -m 644 ./Lib/test/test_tomllib/data/invalid/inline-table/override-val-in-table.toml /tmp/ci-python-runtime.rXB7OKBE/install/lib/python3.12/test/test_tomllib/data/invalid/inline-table
/usr/bin/install -c -m 644 ./Lib/test/test_tomllib/data/invalid/inline-table/override-val-with-array.toml /tmp/ci-python-runtime.rXB7OKBE/install/lib/python3.12/test/test_tomllib/data/invalid/inline-table
/usr/bin/install -c -m 644 ./Lib/test/test_tomllib/data/invalid/inline-table/override-val-with-table.toml /tmp/ci-python-runtime.rXB7OKBE/install/lib/python3.12/test/test_tomllib/data/invalid/inline-table
/usr/bin/install -c -m 644 ./Lib/test/test_tomllib/data/invalid/inline-table/overwrite-implicitly.toml /tmp/ci-python-runtime.rXB7OKBE/install/lib/python3.12/test/test_tomllib/data/invalid/inline-table
/usr/bin/install -c -m 644 ./Lib/test/test_tomllib/data/invalid/inline-table/overwrite-value-in-inner-array.toml /tmp/ci-python-runtime.rXB7OKBE/install/lib/python3.12/test/test_tomllib/data/invalid/inline-table
/usr/bin/install -c -m 644 ./Lib/test/test_tomllib/data/invalid/inline-table/overwrite-value-in-inner-table.toml /tmp/ci-python-runtime.rXB7OKBE/install/lib/python3.12/test/test_tomllib/data/invalid/inline-table
/usr/bin/install -c -m 644 ./Lib/test/test_tomllib/data/invalid/inline-table/unclosed-empty.toml /tmp/ci-python-runtime.rXB7OKBE/install/lib/python3.12/test/test_tomllib/data/invalid/inline-table
/usr/bin/install -c -m 644 ./Lib/test/test_tomllib/data/invalid/keys-and-vals/ends-early-table-def.toml /tmp/ci-python-runtime.rXB7OKBE/install/lib/python3.12/test/test_tomllib/data/invalid/keys-and-vals
/usr/bin/install -c -m 644 ./Lib/test/test_tomllib/data/invalid/keys-and-vals/ends-early.toml /tmp/ci-python-runtime.rXB7OKBE/install/lib/python3.12/test/test_tomllib/data/invalid/keys-and-vals
/usr/bin/install -c -m 644 ./Lib/test/test_tomllib/data/invalid/keys-and-vals/no-value.toml /tmp/ci-python-runtime.rXB7OKBE/install/lib/python3.12/test/test_tomllib/data/invalid/keys-and-vals
/usr/bin/install -c -m 644 ./Lib/test/test_tomllib/data/invalid/keys-and-vals/only-ws-after-dot.toml /tmp/ci-python-runtime.rXB7OKBE/install/lib/python3.12/test/test_tomllib/data/invalid/keys-and-vals
/usr/bin/install -c -m 644 ./Lib/test/test_tomllib/data/invalid/keys-and-vals/overwrite-with-deep-table.toml /tmp/ci-python-runtime.rXB7OKBE/install/lib/python3.12/test/test_tomllib/data/invalid/keys-and-vals
/usr/bin/install -c -m 644 ./Lib/test/test_tomllib/data/invalid/literal-str/unclosed.toml /tmp/ci-python-runtime.rXB7OKBE/install/lib/python3.12/test/test_tomllib/data/invalid/literal-str
/usr/bin/install -c -m 644 ./Lib/test/test_tomllib/data/invalid/multiline-basic-str/carriage-return.toml /tmp/ci-python-runtime.rXB7OKBE/install/lib/python3.12/test/test_tomllib/data/invalid/multiline-basic-str
/usr/bin/install -c -m 644 ./Lib/test/test_tomllib/data/invalid/multiline-basic-str/escape-only.toml /tmp/ci-python-runtime.rXB7OKBE/install/lib/python3.12/test/test_tomllib/data/invalid/multiline-basic-str
/usr/bin/install -c -m 644 ./Lib/test/test_tomllib/data/invalid/multiline-basic-str/file-ends-after-opening.toml /tmp/ci-python-runtime.rXB7OKBE/install/lib/python3.12/test/test_tomllib/data/invalid/multiline-basic-str
/usr/bin/install -c -m 644 ./Lib/test/test_tomllib/data/invalid/multiline-basic-str/last-line-escape.toml /tmp/ci-python-runtime.rXB7OKBE/install/lib/python3.12/test/test_tomllib/data/invalid/multiline-basic-str
/usr/bin/install -c -m 644 ./Lib/test/test_tomllib/data/invalid/multiline-basic-str/unclosed-ends-in-whitespace-escape.toml /tmp/ci-python-runtime.rXB7OKBE/install/lib/python3.12/test/test_tomllib/data/invalid/multiline-basic-str
/usr/bin/install -c -m 644 ./Lib/test/test_tomllib/data/invalid/multiline-literal-str/file-ends-after-opening.toml /tmp/ci-python-runtime.rXB7OKBE/install/lib/python3.12/test/test_tomllib/data/invalid/multiline-literal-str
/usr/bin/install -c -m 644 ./Lib/test/test_tomllib/data/invalid/multiline-literal-str/unclosed.toml /tmp/ci-python-runtime.rXB7OKBE/install/lib/python3.12/test/test_tomllib/data/invalid/multiline-literal-str
/usr/bin/install -c -m 644 ./Lib/test/test_tomllib/data/invalid/table/eof-after-opening.toml /tmp/ci-python-runtime.rXB7OKBE/install/lib/python3.12/test/test_tomllib/data/invalid/table
/usr/bin/install -c -m 644 ./Lib/test/test_tomllib/data/invalid/table/redefine-1.toml /tmp/ci-python-runtime.rXB7OKBE/install/lib/python3.12/test/test_tomllib/data/invalid/table
/usr/bin/install -c -m 644 ./Lib/test/test_tomllib/data/invalid/table/redefine-2.toml /tmp/ci-python-runtime.rXB7OKBE/install/lib/python3.12/test/test_tomllib/data/invalid/table
/usr/bin/install -c -m 644 ./Lib/test/test_tomllib/data/valid/apostrophes-in-literal-string.json /tmp/ci-python-runtime.rXB7OKBE/install/lib/python3.12/test/test_tomllib/data/valid
/usr/bin/install -c -m 644 ./Lib/test/test_tomllib/data/valid/apostrophes-in-literal-string.toml /tmp/ci-python-runtime.rXB7OKBE/install/lib/python3.12/test/test_tomllib/data/valid
/usr/bin/install -c -m 644 ./Lib/test/test_tomllib/data/valid/boolean.json /tmp/ci-python-runtime.rXB7OKBE/install/lib/python3.12/test/test_tomllib/data/valid
/usr/bin/install -c -m 644 ./Lib/test/test_tomllib/data/valid/boolean.toml /tmp/ci-python-runtime.rXB7OKBE/install/lib/python3.12/test/test_tomllib/data/valid
/usr/bin/install -c -m 644 ./Lib/test/test_tomllib/data/valid/empty-inline-table.json /tmp/ci-python-runtime.rXB7OKBE/install/lib/python3.12/test/test_tomllib/data/valid
/usr/bin/install -c -m 644 ./Lib/test/test_tomllib/data/valid/empty-inline-table.toml /tmp/ci-python-runtime.rXB7OKBE/install/lib/python3.12/test/test_tomllib/data/valid
/usr/bin/install -c -m 644 ./Lib/test/test_tomllib/data/valid/five-quotes.json /tmp/ci-python-runtime.rXB7OKBE/install/lib/python3.12/test/test_tomllib/data/valid
/usr/bin/install -c -m 644 ./Lib/test/test_tomllib/data/valid/five-quotes.toml /tmp/ci-python-runtime.rXB7OKBE/install/lib/python3.12/test/test_tomllib/data/valid
/usr/bin/install -c -m 644 ./Lib/test/test_tomllib/data/valid/hex-char.json /tmp/ci-python-runtime.rXB7OKBE/install/lib/python3.12/test/test_tomllib/data/valid
/usr/bin/install -c -m 644 ./Lib/test/test_tomllib/data/valid/hex-char.toml /tmp/ci-python-runtime.rXB7OKBE/install/lib/python3.12/test/test_tomllib/data/valid
/usr/bin/install -c -m 644 ./Lib/test/test_tomllib/data/valid/no-newlines.json /tmp/ci-python-runtime.rXB7OKBE/install/lib/python3.12/test/test_tomllib/data/valid
/usr/bin/install -c -m 644 ./Lib/test/test_tomllib/data/valid/no-newlines.toml /tmp/ci-python-runtime.rXB7OKBE/install/lib/python3.12/test/test_tomllib/data/valid
/usr/bin/install -c -m 644 ./Lib/test/test_tomllib/data/valid/trailing-comma.json /tmp/ci-python-runtime.rXB7OKBE/install/lib/python3.12/test/test_tomllib/data/valid
/usr/bin/install -c -m 644 ./Lib/test/test_tomllib/data/valid/trailing-comma.toml /tmp/ci-python-runtime.rXB7OKBE/install/lib/python3.12/test/test_tomllib/data/valid
/usr/bin/install -c -m 644 ./Lib/test/test_tomllib/data/valid/array/array-subtables.json /tmp/ci-python-runtime.rXB7OKBE/install/lib/python3.12/test/test_tomllib/data/valid/array
/usr/bin/install -c -m 644 ./Lib/test/test_tomllib/data/valid/array/array-subtables.toml /tmp/ci-python-runtime.rXB7OKBE/install/lib/python3.12/test/test_tomllib/data/valid/array
/usr/bin/install -c -m 644 ./Lib/test/test_tomllib/data/valid/array/open-parent-table.json /tmp/ci-python-runtime.rXB7OKBE/install/lib/python3.12/test/test_tomllib/data/valid/array
/usr/bin/install -c -m 644 ./Lib/test/test_tomllib/data/valid/array/open-parent-table.toml /tmp/ci-python-runtime.rXB7OKBE/install/lib/python3.12/test/test_tomllib/data/valid/array
/usr/bin/install -c -m 644 ./Lib/test/test_tomllib/data/valid/dates-and-times/datetimes.json /tmp/ci-python-runtime.rXB7OKBE/install/lib/python3.12/test/test_tomllib/data/valid/dates-and-times
/usr/bin/install -c -m 644 ./Lib/test/test_tomllib/data/valid/dates-and-times/datetimes.toml /tmp/ci-python-runtime.rXB7OKBE/install/lib/python3.12/test/test_tomllib/data/valid/dates-and-times
/usr/bin/install -c -m 644 ./Lib/test/test_tomllib/data/valid/dates-and-times/localtime.json /tmp/ci-python-runtime.rXB7OKBE/install/lib/python3.12/test/test_tomllib/data/valid/dates-and-times
/usr/bin/install -c -m 644 ./Lib/test/test_tomllib/data/valid/dates-and-times/localtime.toml /tmp/ci-python-runtime.rXB7OKBE/install/lib/python3.12/test/test_tomllib/data/valid/dates-and-times
/usr/bin/install -c -m 644 ./Lib/test/test_tomllib/data/valid/multiline-basic-str/ends-in-whitespace-escape.json /tmp/ci-python-runtime.rXB7OKBE/install/lib/python3.12/test/test_tomllib/data/valid/multiline-basic-str
/usr/bin/install -c -m 644 ./Lib/test/test_tomllib/data/valid/multiline-basic-str/ends-in-whitespace-escape.toml /tmp/ci-python-runtime.rXB7OKBE/install/lib/python3.12/test/test_tomllib/data/valid/multiline-basic-str
/usr/bin/install -c -m 644 ./Lib/test/test_tools/__init__.py /tmp/ci-python-runtime.rXB7OKBE/install/lib/python3.12/test/test_tools
/usr/bin/install -c -m 644 ./Lib/test/test_tools/__main__.py /tmp/ci-python-runtime.rXB7OKBE/install/lib/python3.12/test/test_tools
/usr/bin/install -c -m 644 ./Lib/test/test_tools/test_freeze.py /tmp/ci-python-runtime.rXB7OKBE/install/lib/python3.12/test/test_tools
/usr/bin/install -c -m 644 ./Lib/test/test_tools/test_i18n.py /tmp/ci-python-runtime.rXB7OKBE/install/lib/python3.12/test/test_tools
/usr/bin/install -c -m 644 ./Lib/test/test_tools/test_makefile.py /tmp/ci-python-runtime.rXB7OKBE/install/lib/python3.12/test/test_tools
/usr/bin/install -c -m 644 ./Lib/test/test_tools/test_reindent.py /tmp/ci-python-runtime.rXB7OKBE/install/lib/python3.12/test/test_tools
/usr/bin/install -c -m 644 ./Lib/test/test_tools/test_sundry.py /tmp/ci-python-runtime.rXB7OKBE/install/lib/python3.12/test/test_tools
/usr/bin/install -c -m 644 ./Lib/test/test_ttk/__init__.py /tmp/ci-python-runtime.rXB7OKBE/install/lib/python3.12/test/test_ttk
/usr/bin/install -c -m 644 ./Lib/test/test_ttk/__main__.py /tmp/ci-python-runtime.rXB7OKBE/install/lib/python3.12/test/test_ttk
/usr/bin/install -c -m 644 ./Lib/test/test_ttk/test_extensions.py /tmp/ci-python-runtime.rXB7OKBE/install/lib/python3.12/test/test_ttk
/usr/bin/install -c -m 644 ./Lib/test/test_ttk/test_style.py /tmp/ci-python-runtime.rXB7OKBE/install/lib/python3.12/test/test_ttk
/usr/bin/install -c -m 644 ./Lib/test/test_ttk/test_widgets.py /tmp/ci-python-runtime.rXB7OKBE/install/lib/python3.12/test/test_ttk
/usr/bin/install -c -m 644 ./Lib/test/test_unittest/__init__.py /tmp/ci-python-runtime.rXB7OKBE/install/lib/python3.12/test/test_unittest
/usr/bin/install -c -m 644 ./Lib/test/test_unittest/__main__.py /tmp/ci-python-runtime.rXB7OKBE/install/lib/python3.12/test/test_unittest
/usr/bin/install -c -m 644 ./Lib/test/test_unittest/_test_warnings.py /tmp/ci-python-runtime.rXB7OKBE/install/lib/python3.12/test/test_unittest
/usr/bin/install -c -m 644 ./Lib/test/test_unittest/dummy.py /tmp/ci-python-runtime.rXB7OKBE/install/lib/python3.12/test/test_unittest
/usr/bin/install -c -m 644 ./Lib/test/test_unittest/support.py /tmp/ci-python-runtime.rXB7OKBE/install/lib/python3.12/test/test_unittest
/usr/bin/install -c -m 644 ./Lib/test/test_unittest/test_assertions.py /tmp/ci-python-runtime.rXB7OKBE/install/lib/python3.12/test/test_unittest
/usr/bin/install -c -m 644 ./Lib/test/test_unittest/test_async_case.py /tmp/ci-python-runtime.rXB7OKBE/install/lib/python3.12/test/test_unittest
/usr/bin/install -c -m 644 ./Lib/test/test_unittest/test_break.py /tmp/ci-python-runtime.rXB7OKBE/install/lib/python3.12/test/test_unittest
/usr/bin/install -c -m 644 ./Lib/test/test_unittest/test_case.py /tmp/ci-python-runtime.rXB7OKBE/install/lib/python3.12/test/test_unittest
/usr/bin/install -c -m 644 ./Lib/test/test_unittest/test_discovery.py /tmp/ci-python-runtime.rXB7OKBE/install/lib/python3.12/test/test_unittest
/usr/bin/install -c -m 644 ./Lib/test/test_unittest/test_functiontestcase.py /tmp/ci-python-runtime.rXB7OKBE/install/lib/python3.12/test/test_unittest
/usr/bin/install -c -m 644 ./Lib/test/test_unittest/test_loader.py /tmp/ci-python-runtime.rXB7OKBE/install/lib/python3.12/test/test_unittest
/usr/bin/install -c -m 644 ./Lib/test/test_unittest/test_program.py /tmp/ci-python-runtime.rXB7OKBE/install/lib/python3.12/test/test_unittest
/usr/bin/install -c -m 644 ./Lib/test/test_unittest/test_result.py /tmp/ci-python-runtime.rXB7OKBE/install/lib/python3.12/test/test_unittest
/usr/bin/install -c -m 644 ./Lib/test/test_unittest/test_runner.py /tmp/ci-python-runtime.rXB7OKBE/install/lib/python3.12/test/test_unittest
/usr/bin/install -c -m 644 ./Lib/test/test_unittest/test_setups.py /tmp/ci-python-runtime.rXB7OKBE/install/lib/python3.12/test/test_unittest
/usr/bin/install -c -m 644 ./Lib/test/test_unittest/test_skipping.py /tmp/ci-python-runtime.rXB7OKBE/install/lib/python3.12/test/test_unittest
/usr/bin/install -c -m 644 ./Lib/test/test_unittest/test_suite.py /tmp/ci-python-runtime.rXB7OKBE/install/lib/python3.12/test/test_unittest
/usr/bin/install -c -m 644 ./Lib/test/test_unittest/testmock/__init__.py /tmp/ci-python-runtime.rXB7OKBE/install/lib/python3.12/test/test_unittest/testmock
/usr/bin/install -c -m 644 ./Lib/test/test_unittest/testmock/__main__.py /tmp/ci-python-runtime.rXB7OKBE/install/lib/python3.12/test/test_unittest/testmock
/usr/bin/install -c -m 644 ./Lib/test/test_unittest/testmock/support.py /tmp/ci-python-runtime.rXB7OKBE/install/lib/python3.12/test/test_unittest/testmock
/usr/bin/install -c -m 644 ./Lib/test/test_unittest/testmock/testasync.py /tmp/ci-python-runtime.rXB7OKBE/install/lib/python3.12/test/test_unittest/testmock
/usr/bin/install -c -m 644 ./Lib/test/test_unittest/testmock/testcallable.py /tmp/ci-python-runtime.rXB7OKBE/install/lib/python3.12/test/test_unittest/testmock
/usr/bin/install -c -m 644 ./Lib/test/test_unittest/testmock/testhelpers.py /tmp/ci-python-runtime.rXB7OKBE/install/lib/python3.12/test/test_unittest/testmock
/usr/bin/install -c -m 644 ./Lib/test/test_unittest/testmock/testmagicmethods.py /tmp/ci-python-runtime.rXB7OKBE/install/lib/python3.12/test/test_unittest/testmock
/usr/bin/install -c -m 644 ./Lib/test/test_unittest/testmock/testmock.py /tmp/ci-python-runtime.rXB7OKBE/install/lib/python3.12/test/test_unittest/testmock
/usr/bin/install -c -m 644 ./Lib/test/test_unittest/testmock/testpatch.py /tmp/ci-python-runtime.rXB7OKBE/install/lib/python3.12/test/test_unittest/testmock
/usr/bin/install -c -m 644 ./Lib/test/test_unittest/testmock/testsealable.py /tmp/ci-python-runtime.rXB7OKBE/install/lib/python3.12/test/test_unittest/testmock
/usr/bin/install -c -m 644 ./Lib/test/test_unittest/testmock/testsentinel.py /tmp/ci-python-runtime.rXB7OKBE/install/lib/python3.12/test/test_unittest/testmock
/usr/bin/install -c -m 644 ./Lib/test/test_unittest/testmock/testwith.py /tmp/ci-python-runtime.rXB7OKBE/install/lib/python3.12/test/test_unittest/testmock
/usr/bin/install -c -m 644 ./Lib/test/test_warnings/__init__.py /tmp/ci-python-runtime.rXB7OKBE/install/lib/python3.12/test/test_warnings
/usr/bin/install -c -m 644 ./Lib/test/test_warnings/__main__.py /tmp/ci-python-runtime.rXB7OKBE/install/lib/python3.12/test/test_warnings
/usr/bin/install -c -m 644 ./Lib/test/test_warnings/data/import_warning.py /tmp/ci-python-runtime.rXB7OKBE/install/lib/python3.12/test/test_warnings/data
/usr/bin/install -c -m 644 ./Lib/test/test_warnings/data/package_helper.py /tmp/ci-python-runtime.rXB7OKBE/install/lib/python3.12/test/test_warnings/data
/usr/bin/install -c -m 644 ./Lib/test/test_warnings/data/stacklevel.py /tmp/ci-python-runtime.rXB7OKBE/install/lib/python3.12/test/test_warnings/data
/usr/bin/install -c -m 644 ./Lib/test/test_zipfile/__init__.py /tmp/ci-python-runtime.rXB7OKBE/install/lib/python3.12/test/test_zipfile
/usr/bin/install -c -m 644 ./Lib/test/test_zipfile/__main__.py /tmp/ci-python-runtime.rXB7OKBE/install/lib/python3.12/test/test_zipfile
/usr/bin/install -c -m 644 ./Lib/test/test_zipfile/test_core.py /tmp/ci-python-runtime.rXB7OKBE/install/lib/python3.12/test/test_zipfile
/usr/bin/install -c -m 644 ./Lib/test/test_zipfile/_path/__init__.py /tmp/ci-python-runtime.rXB7OKBE/install/lib/python3.12/test/test_zipfile/_path
/usr/bin/install -c -m 644 ./Lib/test/test_zipfile/_path/_functools.py /tmp/ci-python-runtime.rXB7OKBE/install/lib/python3.12/test/test_zipfile/_path
/usr/bin/install -c -m 644 ./Lib/test/test_zipfile/_path/_itertools.py /tmp/ci-python-runtime.rXB7OKBE/install/lib/python3.12/test/test_zipfile/_path
/usr/bin/install -c -m 644 ./Lib/test/test_zipfile/_path/_support.py /tmp/ci-python-runtime.rXB7OKBE/install/lib/python3.12/test/test_zipfile/_path
/usr/bin/install -c -m 644 ./Lib/test/test_zipfile/_path/_test_params.py /tmp/ci-python-runtime.rXB7OKBE/install/lib/python3.12/test/test_zipfile/_path
/usr/bin/install -c -m 644 ./Lib/test/test_zipfile/_path/test_complexity.py /tmp/ci-python-runtime.rXB7OKBE/install/lib/python3.12/test/test_zipfile/_path
/usr/bin/install -c -m 644 ./Lib/test/test_zipfile/_path/test_path.py /tmp/ci-python-runtime.rXB7OKBE/install/lib/python3.12/test/test_zipfile/_path
/usr/bin/install -c -m 644 ./Lib/test/test_zipfile/_path/write-alpharep.py /tmp/ci-python-runtime.rXB7OKBE/install/lib/python3.12/test/test_zipfile/_path
/usr/bin/install -c -m 644 ./Lib/test/test_zoneinfo/__init__.py /tmp/ci-python-runtime.rXB7OKBE/install/lib/python3.12/test/test_zoneinfo
/usr/bin/install -c -m 644 ./Lib/test/test_zoneinfo/__main__.py /tmp/ci-python-runtime.rXB7OKBE/install/lib/python3.12/test/test_zoneinfo
/usr/bin/install -c -m 644 ./Lib/test/test_zoneinfo/_support.py /tmp/ci-python-runtime.rXB7OKBE/install/lib/python3.12/test/test_zoneinfo
/usr/bin/install -c -m 644 ./Lib/test/test_zoneinfo/test_zoneinfo.py /tmp/ci-python-runtime.rXB7OKBE/install/lib/python3.12/test/test_zoneinfo
/usr/bin/install -c -m 644 ./Lib/test/test_zoneinfo/test_zoneinfo_property.py /tmp/ci-python-runtime.rXB7OKBE/install/lib/python3.12/test/test_zoneinfo
/usr/bin/install -c -m 644 ./Lib/test/test_zoneinfo/data/update_test_data.py /tmp/ci-python-runtime.rXB7OKBE/install/lib/python3.12/test/test_zoneinfo/data
/usr/bin/install -c -m 644 ./Lib/test/test_zoneinfo/data/zoneinfo_data.json /tmp/ci-python-runtime.rXB7OKBE/install/lib/python3.12/test/test_zoneinfo/data
/usr/bin/install -c -m 644 ./Lib/test/tokenizedata/__init__.py /tmp/ci-python-runtime.rXB7OKBE/install/lib/python3.12/test/tokenizedata
/usr/bin/install -c -m 644 ./Lib/test/tokenizedata/bad_coding.py /tmp/ci-python-runtime.rXB7OKBE/install/lib/python3.12/test/tokenizedata
/usr/bin/install -c -m 644 ./Lib/test/tokenizedata/bad_coding2.py /tmp/ci-python-runtime.rXB7OKBE/install/lib/python3.12/test/tokenizedata
/usr/bin/install -c -m 644 ./Lib/test/tokenizedata/badsyntax_3131.py /tmp/ci-python-runtime.rXB7OKBE/install/lib/python3.12/test/tokenizedata
/usr/bin/install -c -m 644 ./Lib/test/tokenizedata/coding20731.py /tmp/ci-python-runtime.rXB7OKBE/install/lib/python3.12/test/tokenizedata
/usr/bin/install -c -m 644 ./Lib/test/tokenizedata/tokenize_tests-latin1-coding-cookie-and-utf8-bom-sig.txt /tmp/ci-python-runtime.rXB7OKBE/install/lib/python3.12/test/tokenizedata
/usr/bin/install -c -m 644 ./Lib/test/tokenizedata/tokenize_tests-no-coding-cookie-and-utf8-bom-sig-only.txt /tmp/ci-python-runtime.rXB7OKBE/install/lib/python3.12/test/tokenizedata
/usr/bin/install -c -m 644 ./Lib/test/tokenizedata/tokenize_tests-utf8-coding-cookie-and-no-utf8-bom-sig.txt /tmp/ci-python-runtime.rXB7OKBE/install/lib/python3.12/test/tokenizedata
/usr/bin/install -c -m 644 ./Lib/test/tokenizedata/tokenize_tests-utf8-coding-cookie-and-utf8-bom-sig.txt /tmp/ci-python-runtime.rXB7OKBE/install/lib/python3.12/test/tokenizedata
/usr/bin/install -c -m 644 ./Lib/test/tokenizedata/tokenize_tests.txt /tmp/ci-python-runtime.rXB7OKBE/install/lib/python3.12/test/tokenizedata
/usr/bin/install -c -m 644 ./Lib/test/tracedmodules/__init__.py /tmp/ci-python-runtime.rXB7OKBE/install/lib/python3.12/test/tracedmodules
/usr/bin/install -c -m 644 ./Lib/test/tracedmodules/testmod.py /tmp/ci-python-runtime.rXB7OKBE/install/lib/python3.12/test/tracedmodules
/usr/bin/install -c -m 644 ./Lib/test/typinganndata/__init__.py /tmp/ci-python-runtime.rXB7OKBE/install/lib/python3.12/test/typinganndata
/usr/bin/install -c -m 644 ./Lib/test/typinganndata/_typed_dict_helper.py /tmp/ci-python-runtime.rXB7OKBE/install/lib/python3.12/test/typinganndata
/usr/bin/install -c -m 644 ./Lib/test/typinganndata/ann_module.py /tmp/ci-python-runtime.rXB7OKBE/install/lib/python3.12/test/typinganndata
/usr/bin/install -c -m 644 ./Lib/test/typinganndata/ann_module2.py /tmp/ci-python-runtime.rXB7OKBE/install/lib/python3.12/test/typinganndata
/usr/bin/install -c -m 644 ./Lib/test/typinganndata/ann_module3.py /tmp/ci-python-runtime.rXB7OKBE/install/lib/python3.12/test/typinganndata
/usr/bin/install -c -m 644 ./Lib/test/typinganndata/ann_module4.py /tmp/ci-python-runtime.rXB7OKBE/install/lib/python3.12/test/typinganndata
/usr/bin/install -c -m 644 ./Lib/test/typinganndata/ann_module5.py /tmp/ci-python-runtime.rXB7OKBE/install/lib/python3.12/test/typinganndata
/usr/bin/install -c -m 644 ./Lib/test/typinganndata/ann_module6.py /tmp/ci-python-runtime.rXB7OKBE/install/lib/python3.12/test/typinganndata
/usr/bin/install -c -m 644 ./Lib/test/typinganndata/ann_module7.py /tmp/ci-python-runtime.rXB7OKBE/install/lib/python3.12/test/typinganndata
/usr/bin/install -c -m 644 ./Lib/test/typinganndata/ann_module8.py /tmp/ci-python-runtime.rXB7OKBE/install/lib/python3.12/test/typinganndata
/usr/bin/install -c -m 644 ./Lib/test/typinganndata/ann_module9.py /tmp/ci-python-runtime.rXB7OKBE/install/lib/python3.12/test/typinganndata
/usr/bin/install -c -m 644 ./Lib/test/typinganndata/mod_generics_cache.py /tmp/ci-python-runtime.rXB7OKBE/install/lib/python3.12/test/typinganndata
/usr/bin/install -c -m 644 ./Lib/test/wheeldata/setuptools-67.6.1-py3-none-any.whl /tmp/ci-python-runtime.rXB7OKBE/install/lib/python3.12/test/wheeldata
/usr/bin/install -c -m 644 ./Lib/test/wheeldata/wheel-0.40.0-py3-none-any.whl /tmp/ci-python-runtime.rXB7OKBE/install/lib/python3.12/test/wheeldata
/usr/bin/install -c -m 644 ./Lib/test/xmltestdata/expat224_utf8_bug.xml /tmp/ci-python-runtime.rXB7OKBE/install/lib/python3.12/test/xmltestdata
/usr/bin/install -c -m 644 ./Lib/test/xmltestdata/simple-ns.xml /tmp/ci-python-runtime.rXB7OKBE/install/lib/python3.12/test/xmltestdata
/usr/bin/install -c -m 644 ./Lib/test/xmltestdata/simple.xml /tmp/ci-python-runtime.rXB7OKBE/install/lib/python3.12/test/xmltestdata
/usr/bin/install -c -m 644 ./Lib/test/xmltestdata/test.xml /tmp/ci-python-runtime.rXB7OKBE/install/lib/python3.12/test/xmltestdata
/usr/bin/install -c -m 644 ./Lib/test/xmltestdata/test.xml.out /tmp/ci-python-runtime.rXB7OKBE/install/lib/python3.12/test/xmltestdata
/usr/bin/install -c -m 644 ./Lib/test/xmltestdata/c14n-20/README /tmp/ci-python-runtime.rXB7OKBE/install/lib/python3.12/test/xmltestdata/c14n-20
/usr/bin/install -c -m 644 ./Lib/test/xmltestdata/c14n-20/c14nComment.xml /tmp/ci-python-runtime.rXB7OKBE/install/lib/python3.12/test/xmltestdata/c14n-20
/usr/bin/install -c -m 644 ./Lib/test/xmltestdata/c14n-20/c14nDefault.xml /tmp/ci-python-runtime.rXB7OKBE/install/lib/python3.12/test/xmltestdata/c14n-20
/usr/bin/install -c -m 644 ./Lib/test/xmltestdata/c14n-20/c14nPrefix.xml /tmp/ci-python-runtime.rXB7OKBE/install/lib/python3.12/test/xmltestdata/c14n-20
/usr/bin/install -c -m 644 ./Lib/test/xmltestdata/c14n-20/c14nPrefixQname.xml /tmp/ci-python-runtime.rXB7OKBE/install/lib/python3.12/test/xmltestdata/c14n-20
/usr/bin/install -c -m 644 ./Lib/test/xmltestdata/c14n-20/c14nPrefixQnameXpathElem.xml /tmp/ci-python-runtime.rXB7OKBE/install/lib/python3.12/test/xmltestdata/c14n-20
/usr/bin/install -c -m 644 ./Lib/test/xmltestdata/c14n-20/c14nQname.xml /tmp/ci-python-runtime.rXB7OKBE/install/lib/python3.12/test/xmltestdata/c14n-20
/usr/bin/install -c -m 644 ./Lib/test/xmltestdata/c14n-20/c14nQnameElem.xml /tmp/ci-python-runtime.rXB7OKBE/install/lib/python3.12/test/xmltestdata/c14n-20
/usr/bin/install -c -m 644 ./Lib/test/xmltestdata/c14n-20/c14nQnameXpathElem.xml /tmp/ci-python-runtime.rXB7OKBE/install/lib/python3.12/test/xmltestdata/c14n-20
/usr/bin/install -c -m 644 ./Lib/test/xmltestdata/c14n-20/c14nTrim.xml /tmp/ci-python-runtime.rXB7OKBE/install/lib/python3.12/test/xmltestdata/c14n-20
/usr/bin/install -c -m 644 ./Lib/test/xmltestdata/c14n-20/doc.dtd /tmp/ci-python-runtime.rXB7OKBE/install/lib/python3.12/test/xmltestdata/c14n-20
/usr/bin/install -c -m 644 ./Lib/test/xmltestdata/c14n-20/doc.xsl /tmp/ci-python-runtime.rXB7OKBE/install/lib/python3.12/test/xmltestdata/c14n-20
/usr/bin/install -c -m 644 ./Lib/test/xmltestdata/c14n-20/inC14N1.xml /tmp/ci-python-runtime.rXB7OKBE/install/lib/python3.12/test/xmltestdata/c14n-20
/usr/bin/install -c -m 644 ./Lib/test/xmltestdata/c14n-20/inC14N2.xml /tmp/ci-python-runtime.rXB7OKBE/install/lib/python3.12/test/xmltestdata/c14n-20
/usr/bin/install -c -m 644 ./Lib/test/xmltestdata/c14n-20/inC14N3.xml /tmp/ci-python-runtime.rXB7OKBE/install/lib/python3.12/test/xmltestdata/c14n-20
/usr/bin/install -c -m 644 ./Lib/test/xmltestdata/c14n-20/inC14N4.xml /tmp/ci-python-runtime.rXB7OKBE/install/lib/python3.12/test/xmltestdata/c14n-20
/usr/bin/install -c -m 644 ./Lib/test/xmltestdata/c14n-20/inC14N5.xml /tmp/ci-python-runtime.rXB7OKBE/install/lib/python3.12/test/xmltestdata/c14n-20
/usr/bin/install -c -m 644 ./Lib/test/xmltestdata/c14n-20/inC14N6.xml /tmp/ci-python-runtime.rXB7OKBE/install/lib/python3.12/test/xmltestdata/c14n-20
/usr/bin/install -c -m 644 ./Lib/test/xmltestdata/c14n-20/inNsContent.xml /tmp/ci-python-runtime.rXB7OKBE/install/lib/python3.12/test/xmltestdata/c14n-20
/usr/bin/install -c -m 644 ./Lib/test/xmltestdata/c14n-20/inNsDefault.xml /tmp/ci-python-runtime.rXB7OKBE/install/lib/python3.12/test/xmltestdata/c14n-20
/usr/bin/install -c -m 644 ./Lib/test/xmltestdata/c14n-20/inNsPushdown.xml /tmp/ci-python-runtime.rXB7OKBE/install/lib/python3.12/test/xmltestdata/c14n-20
/usr/bin/install -c -m 644 ./Lib/test/xmltestdata/c14n-20/inNsRedecl.xml /tmp/ci-python-runtime.rXB7OKBE/install/lib/python3.12/test/xmltestdata/c14n-20
/usr/bin/install -c -m 644 ./Lib/test/xmltestdata/c14n-20/inNsSort.xml /tmp/ci-python-runtime.rXB7OKBE/install/lib/python3.12/test/xmltestdata/c14n-20
/usr/bin/install -c -m 644 ./Lib/test/xmltestdata/c14n-20/inNsSuperfluous.xml /tmp/ci-python-runtime.rXB7OKBE/install/lib/python3.12/test/xmltestdata/c14n-20
/usr/bin/install -c -m 644 ./Lib/test/xmltestdata/c14n-20/inNsXml.xml /tmp/ci-python-runtime.rXB7OKBE/install/lib/python3.12/test/xmltestdata/c14n-20
/usr/bin/install -c -m 644 ./Lib/test/xmltestdata/c14n-20/out_inC14N1_c14nComment.xml /tmp/ci-python-runtime.rXB7OKBE/install/lib/python3.12/test/xmltestdata/c14n-20
/usr/bin/install -c -m 644 ./Lib/test/xmltestdata/c14n-20/out_inC14N1_c14nDefault.xml /tmp/ci-python-runtime.rXB7OKBE/install/lib/python3.12/test/xmltestdata/c14n-20
/usr/bin/install -c -m 644 ./Lib/test/xmltestdata/c14n-20/out_inC14N2_c14nDefault.xml /tmp/ci-python-runtime.rXB7OKBE/install/lib/python3.12/test/xmltestdata/c14n-20
/usr/bin/install -c -m 644 ./Lib/test/xmltestdata/c14n-20/out_inC14N2_c14nTrim.xml /tmp/ci-python-runtime.rXB7OKBE/install/lib/python3.12/test/xmltestdata/c14n-20
/usr/bin/install -c -m 644 ./Lib/test/xmltestdata/c14n-20/out_inC14N3_c14nDefault.xml /tmp/ci-python-runtime.rXB7OKBE/install/lib/python3.12/test/xmltestdata/c14n-20
/usr/bin/install -c -m 644 ./Lib/test/xmltestdata/c14n-20/out_inC14N3_c14nPrefix.xml /tmp/ci-python-runtime.rXB7OKBE/install/lib/python3.12/test/xmltestdata/c14n-20
/usr/bin/install -c -m 644 ./Lib/test/xmltestdata/c14n-20/out_inC14N3_c14nTrim.xml /tmp/ci-python-runtime.rXB7OKBE/install/lib/python3.12/test/xmltestdata/c14n-20
/usr/bin/install -c -m 644 ./Lib/test/xmltestdata/c14n-20/out_inC14N4_c14nDefault.xml /tmp/ci-python-runtime.rXB7OKBE/install/lib/python3.12/test/xmltestdata/c14n-20
/usr/bin/install -c -m 644 ./Lib/test/xmltestdata/c14n-20/out_inC14N4_c14nTrim.xml /tmp/ci-python-runtime.rXB7OKBE/install/lib/python3.12/test/xmltestdata/c14n-20
/usr/bin/install -c -m 644 ./Lib/test/xmltestdata/c14n-20/out_inC14N5_c14nDefault.xml /tmp/ci-python-runtime.rXB7OKBE/install/lib/python3.12/test/xmltestdata/c14n-20
/usr/bin/install -c -m 644 ./Lib/test/xmltestdata/c14n-20/out_inC14N5_c14nTrim.xml /tmp/ci-python-runtime.rXB7OKBE/install/lib/python3.12/test/xmltestdata/c14n-20
/usr/bin/install -c -m 644 ./Lib/test/xmltestdata/c14n-20/out_inC14N6_c14nDefault.xml /tmp/ci-python-runtime.rXB7OKBE/install/lib/python3.12/test/xmltestdata/c14n-20
/usr/bin/install -c -m 644 ./Lib/test/xmltestdata/c14n-20/out_inNsContent_c14nDefault.xml /tmp/ci-python-runtime.rXB7OKBE/install/lib/python3.12/test/xmltestdata/c14n-20
/usr/bin/install -c -m 644 ./Lib/test/xmltestdata/c14n-20/out_inNsContent_c14nPrefixQnameXpathElem.xml /tmp/ci-python-runtime.rXB7OKBE/install/lib/python3.12/test/xmltestdata/c14n-20
/usr/bin/install -c -m 644 ./Lib/test/xmltestdata/c14n-20/out_inNsContent_c14nQnameElem.xml /tmp/ci-python-runtime.rXB7OKBE/install/lib/python3.12/test/xmltestdata/c14n-20
/usr/bin/install -c -m 644 ./Lib/test/xmltestdata/c14n-20/out_inNsContent_c14nQnameXpathElem.xml /tmp/ci-python-runtime.rXB7OKBE/install/lib/python3.12/test/xmltestdata/c14n-20
/usr/bin/install -c -m 644 ./Lib/test/xmltestdata/c14n-20/out_inNsDefault_c14nDefault.xml /tmp/ci-python-runtime.rXB7OKBE/install/lib/python3.12/test/xmltestdata/c14n-20
/usr/bin/install -c -m 644 ./Lib/test/xmltestdata/c14n-20/out_inNsDefault_c14nPrefix.xml /tmp/ci-python-runtime.rXB7OKBE/install/lib/python3.12/test/xmltestdata/c14n-20
/usr/bin/install -c -m 644 ./Lib/test/xmltestdata/c14n-20/out_inNsPushdown_c14nDefault.xml /tmp/ci-python-runtime.rXB7OKBE/install/lib/python3.12/test/xmltestdata/c14n-20
/usr/bin/install -c -m 644 ./Lib/test/xmltestdata/c14n-20/out_inNsPushdown_c14nPrefix.xml /tmp/ci-python-runtime.rXB7OKBE/install/lib/python3.12/test/xmltestdata/c14n-20
/usr/bin/install -c -m 644 ./Lib/test/xmltestdata/c14n-20/out_inNsRedecl_c14nDefault.xml /tmp/ci-python-runtime.rXB7OKBE/install/lib/python3.12/test/xmltestdata/c14n-20
/usr/bin/install -c -m 644 ./Lib/test/xmltestdata/c14n-20/out_inNsRedecl_c14nPrefix.xml /tmp/ci-python-runtime.rXB7OKBE/install/lib/python3.12/test/xmltestdata/c14n-20
/usr/bin/install -c -m 644 ./Lib/test/xmltestdata/c14n-20/out_inNsSort_c14nDefault.xml /tmp/ci-python-runtime.rXB7OKBE/install/lib/python3.12/test/xmltestdata/c14n-20
/usr/bin/install -c -m 644 ./Lib/test/xmltestdata/c14n-20/out_inNsSort_c14nPrefix.xml /tmp/ci-python-runtime.rXB7OKBE/install/lib/python3.12/test/xmltestdata/c14n-20
/usr/bin/install -c -m 644 ./Lib/test/xmltestdata/c14n-20/out_inNsSuperfluous_c14nDefault.xml /tmp/ci-python-runtime.rXB7OKBE/install/lib/python3.12/test/xmltestdata/c14n-20
/usr/bin/install -c -m 644 ./Lib/test/xmltestdata/c14n-20/out_inNsSuperfluous_c14nPrefix.xml /tmp/ci-python-runtime.rXB7OKBE/install/lib/python3.12/test/xmltestdata/c14n-20
/usr/bin/install -c -m 644 ./Lib/test/xmltestdata/c14n-20/out_inNsXml_c14nDefault.xml /tmp/ci-python-runtime.rXB7OKBE/install/lib/python3.12/test/xmltestdata/c14n-20
/usr/bin/install -c -m 644 ./Lib/test/xmltestdata/c14n-20/out_inNsXml_c14nPrefix.xml /tmp/ci-python-runtime.rXB7OKBE/install/lib/python3.12/test/xmltestdata/c14n-20
/usr/bin/install -c -m 644 ./Lib/test/xmltestdata/c14n-20/out_inNsXml_c14nPrefixQname.xml /tmp/ci-python-runtime.rXB7OKBE/install/lib/python3.12/test/xmltestdata/c14n-20
/usr/bin/install -c -m 644 ./Lib/test/xmltestdata/c14n-20/out_inNsXml_c14nQname.xml /tmp/ci-python-runtime.rXB7OKBE/install/lib/python3.12/test/xmltestdata/c14n-20
/usr/bin/install -c -m 644 ./Lib/test/xmltestdata/c14n-20/world.txt /tmp/ci-python-runtime.rXB7OKBE/install/lib/python3.12/test/xmltestdata/c14n-20
/usr/bin/install -c -m 644 ./Lib/test/ziptestdata/README.md /tmp/ci-python-runtime.rXB7OKBE/install/lib/python3.12/test/ziptestdata
/usr/bin/install -c ./Lib/test/ziptestdata/exe_with_z64 /tmp/ci-python-runtime.rXB7OKBE/install/lib/python3.12/test/ziptestdata
/usr/bin/install -c ./Lib/test/ziptestdata/exe_with_zip /tmp/ci-python-runtime.rXB7OKBE/install/lib/python3.12/test/ziptestdata
/usr/bin/install -c ./Lib/test/ziptestdata/header.sh /tmp/ci-python-runtime.rXB7OKBE/install/lib/python3.12/test/ziptestdata
/usr/bin/install -c -m 644 ./Lib/test/ziptestdata/testdata_module_inside_zip.py /tmp/ci-python-runtime.rXB7OKBE/install/lib/python3.12/test/ziptestdata
/usr/bin/install -c -m 644 ./Lib/test/test_concurrent_futures/__init__.py /tmp/ci-python-runtime.rXB7OKBE/install/lib/python3.12/test/test_concurrent_futures
/usr/bin/install -c -m 644 ./Lib/test/test_concurrent_futures/executor.py /tmp/ci-python-runtime.rXB7OKBE/install/lib/python3.12/test/test_concurrent_futures
/usr/bin/install -c -m 644 ./Lib/test/test_concurrent_futures/test_as_completed.py /tmp/ci-python-runtime.rXB7OKBE/install/lib/python3.12/test/test_concurrent_futures
/usr/bin/install -c -m 644 ./Lib/test/test_concurrent_futures/test_deadlock.py /tmp/ci-python-runtime.rXB7OKBE/install/lib/python3.12/test/test_concurrent_futures
/usr/bin/install -c -m 644 ./Lib/test/test_concurrent_futures/test_future.py /tmp/ci-python-runtime.rXB7OKBE/install/lib/python3.12/test/test_concurrent_futures
/usr/bin/install -c -m 644 ./Lib/test/test_concurrent_futures/test_init.py /tmp/ci-python-runtime.rXB7OKBE/install/lib/python3.12/test/test_concurrent_futures
/usr/bin/install -c -m 644 ./Lib/test/test_concurrent_futures/test_process_pool.py /tmp/ci-python-runtime.rXB7OKBE/install/lib/python3.12/test/test_concurrent_futures
/usr/bin/install -c -m 644 ./Lib/test/test_concurrent_futures/test_shutdown.py /tmp/ci-python-runtime.rXB7OKBE/install/lib/python3.12/test/test_concurrent_futures
/usr/bin/install -c -m 644 ./Lib/test/test_concurrent_futures/test_thread_pool.py /tmp/ci-python-runtime.rXB7OKBE/install/lib/python3.12/test/test_concurrent_futures
/usr/bin/install -c -m 644 ./Lib/test/test_concurrent_futures/test_wait.py /tmp/ci-python-runtime.rXB7OKBE/install/lib/python3.12/test/test_concurrent_futures
/usr/bin/install -c -m 644 ./Lib/test/test_concurrent_futures/util.py /tmp/ci-python-runtime.rXB7OKBE/install/lib/python3.12/test/test_concurrent_futures
/usr/bin/install -c -m 644 ./Lib/test/test_multiprocessing_fork/__init__.py /tmp/ci-python-runtime.rXB7OKBE/install/lib/python3.12/test/test_multiprocessing_fork
/usr/bin/install -c -m 644 ./Lib/test/test_multiprocessing_fork/test_manager.py /tmp/ci-python-runtime.rXB7OKBE/install/lib/python3.12/test/test_multiprocessing_fork
/usr/bin/install -c -m 644 ./Lib/test/test_multiprocessing_fork/test_misc.py /tmp/ci-python-runtime.rXB7OKBE/install/lib/python3.12/test/test_multiprocessing_fork
/usr/bin/install -c -m 644 ./Lib/test/test_multiprocessing_fork/test_processes.py /tmp/ci-python-runtime.rXB7OKBE/install/lib/python3.12/test/test_multiprocessing_fork
/usr/bin/install -c -m 644 ./Lib/test/test_multiprocessing_fork/test_threads.py /tmp/ci-python-runtime.rXB7OKBE/install/lib/python3.12/test/test_multiprocessing_fork
/usr/bin/install -c -m 644 ./Lib/test/test_multiprocessing_forkserver/__init__.py /tmp/ci-python-runtime.rXB7OKBE/install/lib/python3.12/test/test_multiprocessing_forkserver
/usr/bin/install -c -m 644 ./Lib/test/test_multiprocessing_forkserver/test_manager.py /tmp/ci-python-runtime.rXB7OKBE/install/lib/python3.12/test/test_multiprocessing_forkserver
/usr/bin/install -c -m 644 ./Lib/test/test_multiprocessing_forkserver/test_misc.py /tmp/ci-python-runtime.rXB7OKBE/install/lib/python3.12/test/test_multiprocessing_forkserver
/usr/bin/install -c -m 644 ./Lib/test/test_multiprocessing_forkserver/test_processes.py /tmp/ci-python-runtime.rXB7OKBE/install/lib/python3.12/test/test_multiprocessing_forkserver
/usr/bin/install -c -m 644 ./Lib/test/test_multiprocessing_forkserver/test_threads.py /tmp/ci-python-runtime.rXB7OKBE/install/lib/python3.12/test/test_multiprocessing_forkserver
/usr/bin/install -c -m 644 ./Lib/test/test_multiprocessing_spawn/__init__.py /tmp/ci-python-runtime.rXB7OKBE/install/lib/python3.12/test/test_multiprocessing_spawn
/usr/bin/install -c -m 644 ./Lib/test/test_multiprocessing_spawn/test_manager.py /tmp/ci-python-runtime.rXB7OKBE/install/lib/python3.12/test/test_multiprocessing_spawn
/usr/bin/install -c -m 644 ./Lib/test/test_multiprocessing_spawn/test_misc.py /tmp/ci-python-runtime.rXB7OKBE/install/lib/python3.12/test/test_multiprocessing_spawn
/usr/bin/install -c -m 644 ./Lib/test/test_multiprocessing_spawn/test_processes.py /tmp/ci-python-runtime.rXB7OKBE/install/lib/python3.12/test/test_multiprocessing_spawn
/usr/bin/install -c -m 644 ./Lib/test/test_multiprocessing_spawn/test_threads.py /tmp/ci-python-runtime.rXB7OKBE/install/lib/python3.12/test/test_multiprocessing_spawn
/usr/bin/install -c -m 644 `cat pybuilddir.txt`/_sysconfigdata__linux_x86_64-linux-gnu.py \
	/tmp/ci-python-runtime.rXB7OKBE/install/lib/python3.12; \
/usr/bin/install -c -m 644 ./LICENSE /tmp/ci-python-runtime.rXB7OKBE/install/lib/python3.12/LICENSE.txt
PYTHONPATH=/tmp/ci-python-runtime.rXB7OKBE/install/lib/python3.12  \
	./python -E -Wi /tmp/ci-python-runtime.rXB7OKBE/install/lib/python3.12/compileall.py \
	-o 0 -o 1 -o 2 -j0 -d /tmp/ci-python-runtime.rXB7OKBE/install/lib/python3.12 -f \
	-x 'bad_coding|badsyntax|site-packages|test/test_lib2to3/data' \
	/tmp/ci-python-runtime.rXB7OKBE/install/lib/python3.12
Listing '/tmp/ci-python-runtime.rXB7OKBE/install/lib/python3.12'...
Listing '/tmp/ci-python-runtime.rXB7OKBE/install/lib/python3.12/__phello__'...
Listing '/tmp/ci-python-runtime.rXB7OKBE/install/lib/python3.12/asyncio'...
Listing '/tmp/ci-python-runtime.rXB7OKBE/install/lib/python3.12/collections'...
Listing '/tmp/ci-python-runtime.rXB7OKBE/install/lib/python3.12/concurrent'...
Listing '/tmp/ci-python-runtime.rXB7OKBE/install/lib/python3.12/concurrent/futures'...
Listing '/tmp/ci-python-runtime.rXB7OKBE/install/lib/python3.12/config-3.12-x86_64-linux-gnu'...
Listing '/tmp/ci-python-runtime.rXB7OKBE/install/lib/python3.12/ctypes'...
Listing '/tmp/ci-python-runtime.rXB7OKBE/install/lib/python3.12/ctypes/macholib'...
Listing '/tmp/ci-python-runtime.rXB7OKBE/install/lib/python3.12/curses'...
Listing '/tmp/ci-python-runtime.rXB7OKBE/install/lib/python3.12/dbm'...
Listing '/tmp/ci-python-runtime.rXB7OKBE/install/lib/python3.12/email'...
Listing '/tmp/ci-python-runtime.rXB7OKBE/install/lib/python3.12/email/mime'...
Listing '/tmp/ci-python-runtime.rXB7OKBE/install/lib/python3.12/encodings'...
Listing '/tmp/ci-python-runtime.rXB7OKBE/install/lib/python3.12/ensurepip'...
Listing '/tmp/ci-python-runtime.rXB7OKBE/install/lib/python3.12/ensurepip/_bundled'...
Listing '/tmp/ci-python-runtime.rXB7OKBE/install/lib/python3.12/html'...
Listing '/tmp/ci-python-runtime.rXB7OKBE/install/lib/python3.12/http'...
Listing '/tmp/ci-python-runtime.rXB7OKBE/install/lib/python3.12/idlelib'...
Listing '/tmp/ci-python-runtime.rXB7OKBE/install/lib/python3.12/idlelib/Icons'...
Listing '/tmp/ci-python-runtime.rXB7OKBE/install/lib/python3.12/idlelib/idle_test'...
Listing '/tmp/ci-python-runtime.rXB7OKBE/install/lib/python3.12/importlib'...
Listing '/tmp/ci-python-runtime.rXB7OKBE/install/lib/python3.12/importlib/metadata'...
Listing '/tmp/ci-python-runtime.rXB7OKBE/install/lib/python3.12/importlib/resources'...
Listing '/tmp/ci-python-runtime.rXB7OKBE/install/lib/python3.12/json'...
Listing '/tmp/ci-python-runtime.rXB7OKBE/install/lib/python3.12/lib-dynload'...
Listing '/tmp/ci-python-runtime.rXB7OKBE/install/lib/python3.12/lib2to3'...
Listing '/tmp/ci-python-runtime.rXB7OKBE/install/lib/python3.12/lib2to3/fixes'...
Listing '/tmp/ci-python-runtime.rXB7OKBE/install/lib/python3.12/lib2to3/pgen2'...
Listing '/tmp/ci-python-runtime.rXB7OKBE/install/lib/python3.12/logging'...
Listing '/tmp/ci-python-runtime.rXB7OKBE/install/lib/python3.12/multiprocessing'...
Listing '/tmp/ci-python-runtime.rXB7OKBE/install/lib/python3.12/multiprocessing/dummy'...
Listing '/tmp/ci-python-runtime.rXB7OKBE/install/lib/python3.12/pydoc_data'...
Listing '/tmp/ci-python-runtime.rXB7OKBE/install/lib/python3.12/re'...
Listing '/tmp/ci-python-runtime.rXB7OKBE/install/lib/python3.12/site-packages'...
Listing '/tmp/ci-python-runtime.rXB7OKBE/install/lib/python3.12/sqlite3'...
Listing '/tmp/ci-python-runtime.rXB7OKBE/install/lib/python3.12/test'...
Listing '/tmp/ci-python-runtime.rXB7OKBE/install/lib/python3.12/test/audiodata'...
Listing '/tmp/ci-python-runtime.rXB7OKBE/install/lib/python3.12/test/certdata'...
Listing '/tmp/ci-python-runtime.rXB7OKBE/install/lib/python3.12/test/certdata/capath'...
Listing '/tmp/ci-python-runtime.rXB7OKBE/install/lib/python3.12/test/cjkencodings'...
Listing '/tmp/ci-python-runtime.rXB7OKBE/install/lib/python3.12/test/configdata'...
Listing '/tmp/ci-python-runtime.rXB7OKBE/install/lib/python3.12/test/crashers'...
Listing '/tmp/ci-python-runtime.rXB7OKBE/install/lib/python3.12/test/data'...
Listing '/tmp/ci-python-runtime.rXB7OKBE/install/lib/python3.12/test/decimaltestdata'...
Listing '/tmp/ci-python-runtime.rXB7OKBE/install/lib/python3.12/test/dtracedata'...
Listing '/tmp/ci-python-runtime.rXB7OKBE/install/lib/python3.12/test/encoded_modules'...
Listing '/tmp/ci-python-runtime.rXB7OKBE/install/lib/python3.12/test/imghdrdata'...
Listing '/tmp/ci-python-runtime.rXB7OKBE/install/lib/python3.12/test/leakers'...
Listing '/tmp/ci-python-runtime.rXB7OKBE/install/lib/python3.12/test/libregrtest'...
Listing '/tmp/ci-python-runtime.rXB7OKBE/install/lib/python3.12/test/regrtestdata'...
Listing '/tmp/ci-python-runtime.rXB7OKBE/install/lib/python3.12/test/regrtestdata/import_from_tests'...
Listing '/tmp/ci-python-runtime.rXB7OKBE/install/lib/python3.12/test/regrtestdata/import_from_tests/test_regrtest_b'...
Listing '/tmp/ci-python-runtime.rXB7OKBE/install/lib/python3.12/test/sndhdrdata'...
Listing '/tmp/ci-python-runtime.rXB7OKBE/install/lib/python3.12/test/subprocessdata'...
Listing '/tmp/ci-python-runtime.rXB7OKBE/install/lib/python3.12/test/support'...
Listing '/tmp/ci-python-runtime.rXB7OKBE/install/lib/python3.12/test/support/_hypothesis_stubs'...
Listing '/tmp/ci-python-runtime.rXB7OKBE/install/lib/python3.12/test/test_asyncio'...
Listing '/tmp/ci-python-runtime.rXB7OKBE/install/lib/python3.12/test/test_capi'...
Listing '/tmp/ci-python-runtime.rXB7OKBE/install/lib/python3.12/test/test_concurrent_futures'...
Listing '/tmp/ci-python-runtime.rXB7OKBE/install/lib/python3.12/test/test_cppext'...
Listing '/tmp/ci-python-runtime.rXB7OKBE/install/lib/python3.12/test/test_ctypes'...
Listing '/tmp/ci-python-runtime.rXB7OKBE/install/lib/python3.12/test/test_dataclasses'...
Listing '/tmp/ci-python-runtime.rXB7OKBE/install/lib/python3.12/test/test_doctest'...
Listing '/tmp/ci-python-runtime.rXB7OKBE/install/lib/python3.12/test/test_email'...
Listing '/tmp/ci-python-runtime.rXB7OKBE/install/lib/python3.12/test/test_email/data'...
Listing '/tmp/ci-python-runtime.rXB7OKBE/install/lib/python3.12/test/test_future_stmt'...
Listing '/tmp/ci-python-runtime.rXB7OKBE/install/lib/python3.12/test/test_gdb'...
Listing '/tmp/ci-python-runtime.rXB7OKBE/install/lib/python3.12/test/test_import'...
Listing '/tmp/ci-python-runtime.rXB7OKBE/install/lib/python3.12/test/test_import/data'...
Listing '/tmp/ci-python-runtime.rXB7OKBE/install/lib/python3.12/test/test_import/data/circular_imports'...
Listing '/tmp/ci-python-runtime.rXB7OKBE/install/lib/python3.12/test/test_import/data/circular_imports/subpkg'...
Listing '/tmp/ci-python-runtime.rXB7OKBE/install/lib/python3.12/test/test_import/data/circular_imports/subpkg2'...
Listing '/tmp/ci-python-runtime.rXB7OKBE/install/lib/python3.12/test/test_import/data/circular_imports/subpkg2/parent'...
Listing '/tmp/ci-python-runtime.rXB7OKBE/install/lib/python3.12/test/test_import/data/package'...
Listing '/tmp/ci-python-runtime.rXB7OKBE/install/lib/python3.12/test/test_import/data/package2'...
Listing '/tmp/ci-python-runtime.rXB7OKBE/install/lib/python3.12/test/test_import/data/unwritable'...
Listing '/tmp/ci-python-runtime.rXB7OKBE/install/lib/python3.12/test/test_importlib'...
Listing '/tmp/ci-python-runtime.rXB7OKBE/install/lib/python3.12/test/test_importlib/builtin'...
Listing '/tmp/ci-python-runtime.rXB7OKBE/install/lib/python3.12/test/test_importlib/data'...
Listing '/tmp/ci-python-runtime.rXB7OKBE/install/lib/python3.12/test/test_importlib/extension'...
Listing '/tmp/ci-python-runtime.rXB7OKBE/install/lib/python3.12/test/test_importlib/frozen'...
Listing '/tmp/ci-python-runtime.rXB7OKBE/install/lib/python3.12/test/test_importlib/import_'...
Listing '/tmp/ci-python-runtime.rXB7OKBE/install/lib/python3.12/test/test_importlib/namespace_pkgs'...
Listing '/tmp/ci-python-runtime.rXB7OKBE/install/lib/python3.12/test/test_importlib/namespace_pkgs/both_portions'...
Listing '/tmp/ci-python-runtime.rXB7OKBE/install/lib/python3.12/test/test_importlib/namespace_pkgs/both_portions/foo'...
Listing '/tmp/ci-python-runtime.rXB7OKBE/install/lib/python3.12/test/test_importlib/namespace_pkgs/module_and_namespace_package'...
Listing '/tmp/ci-python-runtime.rXB7OKBE/install/lib/python3.12/test/test_importlib/namespace_pkgs/module_and_namespace_package/a_test'...
Listing '/tmp/ci-python-runtime.rXB7OKBE/install/lib/python3.12/test/test_importlib/namespace_pkgs/not_a_namespace_pkg'...
Listing '/tmp/ci-python-runtime.rXB7OKBE/install/lib/python3.12/test/test_importlib/namespace_pkgs/not_a_namespace_pkg/foo'...
Listing '/tmp/ci-python-runtime.rXB7OKBE/install/lib/python3.12/test/test_importlib/namespace_pkgs/portion1'...
Listing '/tmp/ci-python-runtime.rXB7OKBE/install/lib/python3.12/test/test_importlib/namespace_pkgs/portion1/foo'...
Listing '/tmp/ci-python-runtime.rXB7OKBE/install/lib/python3.12/test/test_importlib/namespace_pkgs/portion2'...
Listing '/tmp/ci-python-runtime.rXB7OKBE/install/lib/python3.12/test/test_importlib/namespace_pkgs/portion2/foo'...
Listing '/tmp/ci-python-runtime.rXB7OKBE/install/lib/python3.12/test/test_importlib/namespace_pkgs/project1'...
Listing '/tmp/ci-python-runtime.rXB7OKBE/install/lib/python3.12/test/test_importlib/namespace_pkgs/project1/parent'...
Listing '/tmp/ci-python-runtime.rXB7OKBE/install/lib/python3.12/test/test_importlib/namespace_pkgs/project1/parent/child'...
Listing '/tmp/ci-python-runtime.rXB7OKBE/install/lib/python3.12/test/test_importlib/namespace_pkgs/project2'...
Listing '/tmp/ci-python-runtime.rXB7OKBE/install/lib/python3.12/test/test_importlib/namespace_pkgs/project2/parent'...
Listing '/tmp/ci-python-runtime.rXB7OKBE/install/lib/python3.12/test/test_importlib/namespace_pkgs/project2/parent/child'...
Listing '/tmp/ci-python-runtime.rXB7OKBE/install/lib/python3.12/test/test_importlib/namespace_pkgs/project3'...
Listing '/tmp/ci-python-runtime.rXB7OKBE/install/lib/python3.12/test/test_importlib/namespace_pkgs/project3/parent'...
Listing '/tmp/ci-python-runtime.rXB7OKBE/install/lib/python3.12/test/test_importlib/namespace_pkgs/project3/parent/child'...
Listing '/tmp/ci-python-runtime.rXB7OKBE/install/lib/python3.12/test/test_importlib/partial'...
Listing '/tmp/ci-python-runtime.rXB7OKBE/install/lib/python3.12/test/test_importlib/resources'...
Listing '/tmp/ci-python-runtime.rXB7OKBE/install/lib/python3.12/test/test_importlib/resources/data01'...
Listing '/tmp/ci-python-runtime.rXB7OKBE/install/lib/python3.12/test/test_importlib/resources/data01/subdirectory'...
Listing '/tmp/ci-python-runtime.rXB7OKBE/install/lib/python3.12/test/test_importlib/resources/data02'...
Listing '/tmp/ci-python-runtime.rXB7OKBE/install/lib/python3.12/test/test_importlib/resources/data02/one'...
Listing '/tmp/ci-python-runtime.rXB7OKBE/install/lib/python3.12/test/test_importlib/resources/data02/subdirectory'...
Listing '/tmp/ci-python-runtime.rXB7OKBE/install/lib/python3.12/test/test_importlib/resources/data02/subdirectory/subsubdir'...
Listing '/tmp/ci-python-runtime.rXB7OKBE/install/lib/python3.12/test/test_importlib/resources/data02/two'...
Listing '/tmp/ci-python-runtime.rXB7OKBE/install/lib/python3.12/test/test_importlib/resources/data03'...
Listing '/tmp/ci-python-runtime.rXB7OKBE/install/lib/python3.12/test/test_importlib/resources/data03/namespace'...
Listing '/tmp/ci-python-runtime.rXB7OKBE/install/lib/python3.12/test/test_importlib/resources/data03/namespace/portion1'...
Listing '/tmp/ci-python-runtime.rXB7OKBE/install/lib/python3.12/test/test_importlib/resources/data03/namespace/portion2'...
Listing '/tmp/ci-python-runtime.rXB7OKBE/install/lib/python3.12/test/test_importlib/resources/namespacedata01'...
Listing '/tmp/ci-python-runtime.rXB7OKBE/install/lib/python3.12/test/test_importlib/resources/zipdata01'...
Listing '/tmp/ci-python-runtime.rXB7OKBE/install/lib/python3.12/test/test_importlib/resources/zipdata02'...
Listing '/tmp/ci-python-runtime.rXB7OKBE/install/lib/python3.12/test/test_importlib/source'...
Listing '/tmp/ci-python-runtime.rXB7OKBE/install/lib/python3.12/test/test_inspect'...
Listing '/tmp/ci-python-runtime.rXB7OKBE/install/lib/python3.12/test/test_json'...
Listing '/tmp/ci-python-runtime.rXB7OKBE/install/lib/python3.12/test/test_lib2to3'...
Listing '/tmp/ci-python-runtime.rXB7OKBE/install/lib/python3.12/test/test_lib2to3/data'...
Listing '/tmp/ci-python-runtime.rXB7OKBE/install/lib/python3.12/test/test_lib2to3/data/fixers'...
Listing '/tmp/ci-python-runtime.rXB7OKBE/install/lib/python3.12/test/test_lib2to3/data/fixers/myfixes'...
Listing '/tmp/ci-python-runtime.rXB7OKBE/install/lib/python3.12/test/test_module'...
Listing '/tmp/ci-python-runtime.rXB7OKBE/install/lib/python3.12/test/test_multiprocessing_fork'...
Listing '/tmp/ci-python-runtime.rXB7OKBE/install/lib/python3.12/test/test_multiprocessing_forkserver'...
Listing '/tmp/ci-python-runtime.rXB7OKBE/install/lib/python3.12/test/test_multiprocessing_spawn'...
Listing '/tmp/ci-python-runtime.rXB7OKBE/install/lib/python3.12/test/test_peg_generator'...
Listing '/tmp/ci-python-runtime.rXB7OKBE/install/lib/python3.12/test/test_pydoc'...
Listing '/tmp/ci-python-runtime.rXB7OKBE/install/lib/python3.12/test/test_sqlite3'...
Listing '/tmp/ci-python-runtime.rXB7OKBE/install/lib/python3.12/test/test_tkinter'...
Listing '/tmp/ci-python-runtime.rXB7OKBE/install/lib/python3.12/test/test_tomllib'...
Listing '/tmp/ci-python-runtime.rXB7OKBE/install/lib/python3.12/test/test_tomllib/data'...
Listing '/tmp/ci-python-runtime.rXB7OKBE/install/lib/python3.12/test/test_tomllib/data/invalid'...
Listing '/tmp/ci-python-runtime.rXB7OKBE/install/lib/python3.12/test/test_tomllib/data/invalid/array'...
Listing '/tmp/ci-python-runtime.rXB7OKBE/install/lib/python3.12/test/test_tomllib/data/invalid/array-of-tables'...
Listing '/tmp/ci-python-runtime.rXB7OKBE/install/lib/python3.12/test/test_tomllib/data/invalid/boolean'...
Listing '/tmp/ci-python-runtime.rXB7OKBE/install/lib/python3.12/test/test_tomllib/data/invalid/dates-and-times'...
Listing '/tmp/ci-python-runtime.rXB7OKBE/install/lib/python3.12/test/test_tomllib/data/invalid/dotted-keys'...
Listing '/tmp/ci-python-runtime.rXB7OKBE/install/lib/python3.12/test/test_tomllib/data/invalid/inline-table'...
Listing '/tmp/ci-python-runtime.rXB7OKBE/install/lib/python3.12/test/test_tomllib/data/invalid/keys-and-vals'...
Listing '/tmp/ci-python-runtime.rXB7OKBE/install/lib/python3.12/test/test_tomllib/data/invalid/literal-str'...
Listing '/tmp/ci-python-runtime.rXB7OKBE/install/lib/python3.12/test/test_tomllib/data/invalid/multiline-basic-str'...
Listing '/tmp/ci-python-runtime.rXB7OKBE/install/lib/python3.12/test/test_tomllib/data/invalid/multiline-literal-str'...
Listing '/tmp/ci-python-runtime.rXB7OKBE/install/lib/python3.12/test/test_tomllib/data/invalid/table'...
Listing '/tmp/ci-python-runtime.rXB7OKBE/install/lib/python3.12/test/test_tomllib/data/valid'...
Listing '/tmp/ci-python-runtime.rXB7OKBE/install/lib/python3.12/test/test_tomllib/data/valid/array'...
Listing '/tmp/ci-python-runtime.rXB7OKBE/install/lib/python3.12/test/test_tomllib/data/valid/dates-and-times'...
Listing '/tmp/ci-python-runtime.rXB7OKBE/install/lib/python3.12/test/test_tomllib/data/valid/multiline-basic-str'...
Listing '/tmp/ci-python-runtime.rXB7OKBE/install/lib/python3.12/test/test_tools'...
Listing '/tmp/ci-python-runtime.rXB7OKBE/install/lib/python3.12/test/test_ttk'...
Listing '/tmp/ci-python-runtime.rXB7OKBE/install/lib/python3.12/test/test_unittest'...
Listing '/tmp/ci-python-runtime.rXB7OKBE/install/lib/python3.12/test/test_unittest/testmock'...
Listing '/tmp/ci-python-runtime.rXB7OKBE/install/lib/python3.12/test/test_warnings'...
Listing '/tmp/ci-python-runtime.rXB7OKBE/install/lib/python3.12/test/test_warnings/data'...
Listing '/tmp/ci-python-runtime.rXB7OKBE/install/lib/python3.12/test/test_zipfile'...
Listing '/tmp/ci-python-runtime.rXB7OKBE/install/lib/python3.12/test/test_zipfile/_path'...
Compiling '/tmp/ci-python-runtime.rXB7OKBE/install/lib/python3.12/curses/has_key.py'...
Compiling '/tmp/ci-python-runtime.rXB7OKBE/install/lib/python3.12/email/mime/message.py'...
Compiling '/tmp/ci-python-runtime.rXB7OKBE/install/lib/python3.12/encodings/cp424.py'...
Compiling '/tmp/ci-python-runtime.rXB7OKBE/install/lib/python3.12/encodings/koi8_t.py'...
Compiling '/tmp/ci-python-runtime.rXB7OKBE/install/lib/python3.12/hashlib.py'...
Compiling '/tmp/ci-python-runtime.rXB7OKBE/install/lib/python3.12/idlelib/idle_test/test_colorizer.py'...
Compiling '/tmp/ci-python-runtime.rXB7OKBE/install/lib/python3.12/imghdr.py'...
Compiling '/tmp/ci-python-runtime.rXB7OKBE/install/lib/python3.12/json/decoder.py'...
Compiling '/tmp/ci-python-runtime.rXB7OKBE/install/lib/python3.12/lib2to3/fixes/fix_next.py'...
Compiling '/tmp/ci-python-runtime.rXB7OKBE/install/lib/python3.12/multiprocessing/popen_forkserver.py'...
Compiling '/tmp/ci-python-runtime.rXB7OKBE/install/lib/python3.12/pipes.py'...
Compiling '/tmp/ci-python-runtime.rXB7OKBE/install/lib/python3.12/subprocess.py'...
Compiling '/tmp/ci-python-runtime.rXB7OKBE/install/lib/python3.12/test/regrtestdata/import_from_tests/test_regrtest_a.py'...
Compiling '/tmp/ci-python-runtime.rXB7OKBE/install/lib/python3.12/test/support/script_helper.py'...
Compiling '/tmp/ci-python-runtime.rXB7OKBE/install/lib/python3.12/test/test_audioop.py'...
Compiling '/tmp/ci-python-runtime.rXB7OKBE/install/lib/python3.12/test/test_colorsys.py'...
Compiling '/tmp/ci-python-runtime.rXB7OKBE/install/lib/python3.12/test/test_coroutines.py'...
Compiling '/tmp/ci-python-runtime.rXB7OKBE/install/lib/python3.12/test/test_gdb/test_cfunction_full.py'...
Compiling '/tmp/ci-python-runtime.rXB7OKBE/install/lib/python3.12/test/test_html.py'...
Compiling '/tmp/ci-python-runtime.rXB7OKBE/install/lib/python3.12/test/test_import/data/circular_imports/util.py'...
Compiling '/tmp/ci-python-runtime.rXB7OKBE/install/lib/python3.12/test/test_importlib/extension/test_loader.py'...
Compiling '/tmp/ci-python-runtime.rXB7OKBE/install/lib/python3.12/test/test_iterlen.py'...
Compiling '/tmp/ci-python-runtime.rXB7OKBE/install/lib/python3.12/test/test_linecache.py'...
Compiling '/tmp/ci-python-runtime.rXB7OKBE/install/lib/python3.12/test/test_pickle.py'...
Compiling '/tmp/ci-python-runtime.rXB7OKBE/install/lib/python3.12/test/test_resource.py'...
Compiling '/tmp/ci-python-runtime.rXB7OKBE/install/lib/python3.12/test/test_site.py'...
Compiling '/tmp/ci-python-runtime.rXB7OKBE/install/lib/python3.12/test/test_threading_local.py'...
Compiling '/tmp/ci-python-runtime.rXB7OKBE/install/lib/python3.12/test/test_type_aliases.py'...
Compiling '/tmp/ci-python-runtime.rXB7OKBE/install/lib/python3.12/test/test_wave.py'...
Compiling '/tmp/ci-python-runtime.rXB7OKBE/install/lib/python3.12/test/test_zipfile/_path/_functools.py'...
Compiling '/tmp/ci-python-runtime.rXB7OKBE/install/lib/python3.12/test/tracedmodules/testmod.py'...
Compiling '/tmp/ci-python-runtime.rXB7OKBE/install/lib/python3.12/tkinter/commondialog.py'...
Compiling '/tmp/ci-python-runtime.rXB7OKBE/install/lib/python3.12/unittest/util.py'...
Compiling '/tmp/ci-python-runtime.rXB7OKBE/install/lib/python3.12/wsgiref/__init__.py'...
Compiling '/tmp/ci-python-runtime.rXB7OKBE/install/lib/python3.12/encodings/big5.py'...
Compiling '/tmp/ci-python-runtime.rXB7OKBE/install/lib/python3.12/encodings/cp869.py'...
Compiling '/tmp/ci-python-runtime.rXB7OKBE/install/lib/python3.12/fileinput.py'...
Compiling '/tmp/ci-python-runtime.rXB7OKBE/install/lib/python3.12/idlelib/config_key.py'...
Compiling '/tmp/ci-python-runtime.rXB7OKBE/install/lib/python3.12/idlelib/pathbrowser.py'...
Compiling '/tmp/ci-python-runtime.rXB7OKBE/install/lib/python3.12/inspect.py'...
Compiling '/tmp/ci-python-runtime.rXB7OKBE/install/lib/python3.12/test/libregrtest/filter.py'...
Compiling '/tmp/ci-python-runtime.rXB7OKBE/install/lib/python3.12/test/ssltests.py'...
Compiling '/tmp/ci-python-runtime.rXB7OKBE/install/lib/python3.12/test/test_asyncio/test_buffered_proto.py'...
Compiling '/tmp/ci-python-runtime.rXB7OKBE/install/lib/python3.12/test/test_binascii.py'...
Compiling '/tmp/ci-python-runtime.rXB7OKBE/install/lib/python3.12/test/test_codecencodings_tw.py'...
Compiling '/tmp/ci-python-runtime.rXB7OKBE/install/lib/python3.12/test/test_compile.py'...
Compiling '/tmp/ci-python-runtime.rXB7OKBE/install/lib/python3.12/test/test_email/test__encoded_words.py'...
Compiling '/tmp/ci-python-runtime.rXB7OKBE/install/lib/python3.12/test/test_gdb/test_cfunction.py'...
Compiling '/tmp/ci-python-runtime.rXB7OKBE/install/lib/python3.12/test/test_http_cookiejar.py'...
Compiling '/tmp/ci-python-runtime.rXB7OKBE/install/lib/python3.12/test/test_json/test_indent.py'...
Compiling '/tmp/ci-python-runtime.rXB7OKBE/install/lib/python3.12/test/test_lib2to3/pytree_idempotency.py'...
Compiling '/tmp/ci-python-runtime.rXB7OKBE/install/lib/python3.12/test/test_multiprocessing_forkserver/test_threads.py'...
Compiling '/tmp/ci-python-runtime.rXB7OKBE/install/lib/python3.12/test/test_pathlib.py'...
Compiling '/tmp/ci-python-runtime.rXB7OKBE/install/lib/python3.12/test/typinganndata/ann_module.py'...
Compiling '/tmp/ci-python-runtime.rXB7OKBE/install/lib/python3.12/tkinter/messagebox.py'...
Compiling '/tmp/ci-python-runtime.rXB7OKBE/install/lib/python3.12/uu.py'...
Compiling '/tmp/ci-python-runtime.rXB7OKBE/install/lib/python3.12/asyncio/__init__.py'...
Compiling '/tmp/ci-python-runtime.rXB7OKBE/install/lib/python3.12/asyncio/base_tasks.py'...
Compiling '/tmp/ci-python-runtime.rXB7OKBE/install/lib/python3.12/asyncio/selector_events.py'...
Compiling '/tmp/ci-python-runtime.rXB7OKBE/install/lib/python3.12/encodings/cp1026.py'...
Compiling '/tmp/ci-python-runtime.rXB7OKBE/install/lib/python3.12/encodings/euc_jisx0213.py'...
Compiling '/tmp/ci-python-runtime.rXB7OKBE/install/lib/python3.12/encodings/mac_latin2.py'...
Compiling '/tmp/ci-python-runtime.rXB7OKBE/install/lib/python3.12/idlelib/idle_test/__init__.py'...
Compiling '/tmp/ci-python-runtime.rXB7OKBE/install/lib/python3.12/idlelib/idle_test/test_query.py'...
Compiling '/tmp/ci-python-runtime.rXB7OKBE/install/lib/python3.12/lib2to3/pgen2/tokenize.py'...
Compiling '/tmp/ci-python-runtime.rXB7OKBE/install/lib/python3.12/secrets.py'...
Compiling '/tmp/ci-python-runtime.rXB7OKBE/install/lib/python3.12/tabnanny.py'...
Compiling '/tmp/ci-python-runtime.rXB7OKBE/install/lib/python3.12/test/subprocessdata/qcat.py'...
Compiling '/tmp/ci-python-runtime.rXB7OKBE/install/lib/python3.12/test/test_asyncio/functional.py'...
Compiling '/tmp/ci-python-runtime.rXB7OKBE/install/lib/python3.12/test/test_buffer.py'...
Compiling '/tmp/ci-python-runtime.rXB7OKBE/install/lib/python3.12/test/test_lltrace.py'...
Compiling '/tmp/ci-python-runtime.rXB7OKBE/install/lib/python3.12/test/test_multiprocessing_spawn/test_threads.py'...
Compiling '/tmp/ci-python-runtime.rXB7OKBE/install/lib/python3.12/test/test_peg_generator/test_pegen.py'...
Compiling '/tmp/ci-python-runtime.rXB7OKBE/install/lib/python3.12/test/test_reprlib.py'...
Compiling '/tmp/ci-python-runtime.rXB7OKBE/install/lib/python3.12/test/test_threadsignals.py'...
Compiling '/tmp/ci-python-runtime.rXB7OKBE/install/lib/python3.12/test/test_tools/__main__.py'...
Compiling '/tmp/ci-python-runtime.rXB7OKBE/install/lib/python3.12/test/test_unittest/test_loader.py'...
Compiling '/tmp/ci-python-runtime.rXB7OKBE/install/lib/python3.12/test/typinganndata/ann_module4.py'...
Compiling '/tmp/ci-python-runtime.rXB7OKBE/install/lib/python3.12/tomllib/__init__.py'...
Compiling '/tmp/ci-python-runtime.rXB7OKBE/install/lib/python3.12/unittest/runner.py'...
Compiling '/tmp/ci-python-runtime.rXB7OKBE/install/lib/python3.12/copy.py'...
Compiling '/tmp/ci-python-runtime.rXB7OKBE/install/lib/python3.12/email/contentmanager.py'...
Compiling '/tmp/ci-python-runtime.rXB7OKBE/install/lib/python3.12/encodings/cp856.py'...
Compiling '/tmp/ci-python-runtime.rXB7OKBE/install/lib/python3.12/encodings/iso8859_5.py'...
Compiling '/tmp/ci-python-runtime.rXB7OKBE/install/lib/python3.12/fnmatch.py'...
Compiling '/tmp/ci-python-runtime.rXB7OKBE/install/lib/python3.12/idlelib/help.py'...
Compiling '/tmp/ci-python-runtime.rXB7OKBE/install/lib/python3.12/idlelib/idle_test/test_undo.py'...
Compiling '/tmp/ci-python-runtime.rXB7OKBE/install/lib/python3.12/importlib/metadata/_adapters.py'...
Compiling '/tmp/ci-python-runtime.rXB7OKBE/install/lib/python3.12/lib2to3/fixes/fix_set_literal.py'...
Compiling '/tmp/ci-python-runtime.rXB7OKBE/install/lib/python3.12/operator.py'...
Compiling '/tmp/ci-python-runtime.rXB7OKBE/install/lib/python3.12/statistics.py'...
Compiling '/tmp/ci-python-runtime.rXB7OKBE/install/lib/python3.12/test/support/ast_helper.py'...
Compiling '/tmp/ci-python-runtime.rXB7OKBE/install/lib/python3.12/test/test_asyncio/test_sock_lowlevel.py'...
Compiling '/tmp/ci-python-runtime.rXB7OKBE/install/lib/python3.12/test/test_concurrent_futures/test_as_completed.py'...
Compiling '/tmp/ci-python-runtime.rXB7OKBE/install/lib/python3.12/test/test_ctypes/test_as_parameter.py'...
Compiling '/tmp/ci-python-runtime.rXB7OKBE/install/lib/python3.12/test/test_datetime.py'...
Compiling '/tmp/ci-python-runtime.rXB7OKBE/install/lib/python3.12/test/test_email/__init__.py'...
Compiling '/tmp/ci-python-runtime.rXB7OKBE/install/lib/python3.12/test/test_epoll.py'...
Compiling '/tmp/ci-python-runtime.rXB7OKBE/install/lib/python3.12/test/test_hash.py'...
Compiling '/tmp/ci-python-runtime.rXB7OKBE/install/lib/python3.12/test/test_importlib/import_/__main__.py'...
Compiling '/tmp/ci-python-runtime.rXB7OKBE/install/lib/python3.12/test/test_importlib/resources/data02/two/__init__.py'...
Compiling '/tmp/ci-python-runtime.rXB7OKBE/install/lib/python3.12/test/test_inspect/test_inspect.py'...
Compiling '/tmp/ci-python-runtime.rXB7OKBE/install/lib/python3.12/_pydatetime.py'...
Compiling '/tmp/ci-python-runtime.rXB7OKBE/install/lib/python3.12/encodings/iso2022_jp.py'...
Compiling '/tmp/ci-python-runtime.rXB7OKBE/install/lib/python3.12/encodings/palmos.py'...
Compiling '/tmp/ci-python-runtime.rXB7OKBE/install/lib/python3.12/idlelib/idle_test/template.py'...
Compiling '/tmp/ci-python-runtime.rXB7OKBE/install/lib/python3.12/idlelib/idle_test/test_replace.py'...
Compiling '/tmp/ci-python-runtime.rXB7OKBE/install/lib/python3.12/idlelib/window.py'...
Compiling '/tmp/ci-python-runtime.rXB7OKBE/install/lib/python3.12/ipaddress.py'...
Compiling '/tmp/ci-python-runtime.rXB7OKBE/install/lib/python3.12/pydoc.py'...
Compiling '/tmp/ci-python-runtime.rXB7OKBE/install/lib/python3.12/test/lock_tests.py'...
Compiling '/tmp/ci-python-runtime.rXB7OKBE/install/lib/python3.12/test/test_c_locale_coercion.py'...
Compiling '/tmp/ci-python-runtime.rXB7OKBE/install/lib/python3.12/test/test_charmapcodec.py'...
Compiling '/tmp/ci-python-runtime.rXB7OKBE/install/lib/python3.12/test/test_code.py'...
Compiling '/tmp/ci-python-runtime.rXB7OKBE/install/lib/python3.12/test/test_cprofile.py'...
Compiling '/tmp/ci-python-runtime.rXB7OKBE/install/lib/python3.12/test/test_ctypes/test_loading.py'...
Compiling '/tmp/ci-python-runtime.rXB7OKBE/install/lib/python3.12/test/test_dataclasses/dataclass_textanno.py'...
Compiling '/tmp/ci-python-runtime.rXB7OKBE/install/lib/python3.12/test/test_doctest/test_doctest2.py'...
Compiling '/tmp/ci-python-runtime.rXB7OKBE/install/lib/python3.12/test/test_exception_variations.py'...
Compiling '/tmp/ci-python-runtime.rXB7OKBE/install/lib/python3.12/test/test_glob.py'...
Compiling '/tmp/ci-python-runtime.rXB7OKBE/install/lib/python3.12/test/test_importlib/import_/__init__.py'...
Compiling '/tmp/ci-python-runtime.rXB7OKBE/install/lib/python3.12/test/test_inspect/inspect_fodder.py'...
Compiling '/tmp/ci-python-runtime.rXB7OKBE/install/lib/python3.12/test/test_json/test_decode.py'...
Compiling '/tmp/ci-python-runtime.rXB7OKBE/install/lib/python3.12/test/test_list.py'...
Compiling '/tmp/ci-python-runtime.rXB7OKBE/install/lib/python3.12/test/test_perf_profiler.py'...
Compiling '/tmp/ci-python-runtime.rXB7OKBE/install/lib/python3.12/test/test_pyexpat.py'...
Compiling '/tmp/ci-python-runtime.rXB7OKBE/install/lib/python3.12/test/test_subprocess.py'...
Compiling '/tmp/ci-python-runtime.rXB7OKBE/install/lib/python3.12/this.py'...
Compiling '/tmp/ci-python-runtime.rXB7OKBE/install/lib/python3.12/unittest/main.py'...
Compiling '/tmp/ci-python-runtime.rXB7OKBE/install/lib/python3.12/test/test_unittest/test_assertions.py'...
Compiling '/tmp/ci-python-runtime.rXB7OKBE/install/lib/python3.12/test/test_xmlrpc_net.py'...
Compiling '/tmp/ci-python-runtime.rXB7OKBE/install/lib/python3.12/test/test_zipimport.py'...
Compiling '/tmp/ci-python-runtime.rXB7OKBE/install/lib/python3.12/turtledemo/minimal_hanoi.py'...
Compiling '/tmp/ci-python-runtime.rXB7OKBE/install/lib/python3.12/xml/__init__.py'...
Compiling '/tmp/ci-python-runtime.rXB7OKBE/install/lib/python3.12/test/test_turtle.py'...
Compiling '/tmp/ci-python-runtime.rXB7OKBE/install/lib/python3.12/test/test_webbrowser.py'...
Compiling '/tmp/ci-python-runtime.rXB7OKBE/install/lib/python3.12/test/test_zoneinfo/__main__.py'...
Compiling '/tmp/ci-python-runtime.rXB7OKBE/install/lib/python3.12/test/typinganndata/ann_module8.py'...
Compiling '/tmp/ci-python-runtime.rXB7OKBE/install/lib/python3.12/tomllib/_parser.py'...
Compiling '/tmp/ci-python-runtime.rXB7OKBE/install/lib/python3.12/dbm/ndbm.py'...
Compiling '/tmp/ci-python-runtime.rXB7OKBE/install/lib/python3.12/encodings/ascii.py'...
Compiling '/tmp/ci-python-runtime.rXB7OKBE/install/lib/python3.12/encodings/cp858.py'...
Compiling '/tmp/ci-python-runtime.rXB7OKBE/install/lib/python3.12/encodings/mac_greek.py'...
Compiling '/tmp/ci-python-runtime.rXB7OKBE/install/lib/python3.12/idlelib/idle.py'...
Compiling '/tmp/ci-python-runtime.rXB7OKBE/install/lib/python3.12/idlelib/idle_test/test_history.py'...
Compiling '/tmp/ci-python-runtime.rXB7OKBE/install/lib/python3.12/idlelib/replace.py'...
Compiling '/tmp/ci-python-runtime.rXB7OKBE/install/lib/python3.12/lib2to3/fixes/__init__.py'...
Compiling '/tmp/ci-python-runtime.rXB7OKBE/install/lib/python3.12/lib2to3/fixes/fix_xrange.py'...
Compiling '/tmp/ci-python-runtime.rXB7OKBE/install/lib/python3.12/optparse.py'...
Compiling '/tmp/ci-python-runtime.rXB7OKBE/install/lib/python3.12/test/crashers/trace_at_recursion_limit.py'...
Compiling '/tmp/ci-python-runtime.rXB7OKBE/install/lib/python3.12/test/multibytecodec_support.py'...
Compiling '/tmp/ci-python-runtime.rXB7OKBE/install/lib/python3.12/test/test_asyncio/test_server.py'...
Compiling '/tmp/ci-python-runtime.rXB7OKBE/install/lib/python3.12/test/test_capi/test_bytearray.py'...
Compiling '/tmp/ci-python-runtime.rXB7OKBE/install/lib/python3.12/test/test_capi/test_sys.py'...
Compiling '/tmp/ci-python-runtime.rXB7OKBE/install/lib/python3.12/test/test_codecencodings_jp.py'...
Compiling '/tmp/ci-python-runtime.rXB7OKBE/install/lib/python3.12/test/test_compiler_codegen.py'...
Compiling '/tmp/ci-python-runtime.rXB7OKBE/install/lib/python3.12/test/test_contextlib_async.py'...
Compiling '/tmp/ci-python-runtime.rXB7OKBE/install/lib/python3.12/test/test_deque.py'...
Compiling '/tmp/ci-python-runtime.rXB7OKBE/install/lib/python3.12/test/test_gc.py'...
Compiling '/tmp/ci-python-runtime.rXB7OKBE/install/lib/python3.12/test/test_importlib/namespace_pkgs/project2/parent/child/two.py'...
Compiling '/tmp/ci-python-runtime.rXB7OKBE/install/lib/python3.12/test/test_importlib/source/test_source_encoding.py'...
Compiling '/tmp/ci-python-runtime.rXB7OKBE/install/lib/python3.12/test/test_kqueue.py'...
Compiling '/tmp/ci-python-runtime.rXB7OKBE/install/lib/python3.12/test/test_multiprocessing_fork/test_manager.py'...
Compiling '/tmp/ci-python-runtime.rXB7OKBE/install/lib/python3.12/test/test_nntplib.py'...
Compiling '/tmp/ci-python-runtime.rXB7OKBE/install/lib/python3.12/test/test_sqlite3/test_regression.py'...
Compiling '/tmp/ci-python-runtime.rXB7OKBE/install/lib/python3.12/test/test_threadedtempfile.py'...
Compiling '/tmp/ci-python-runtime.rXB7OKBE/install/lib/python3.12/test/test_tkinter/__main__.py'...
Compiling '/tmp/ci-python-runtime.rXB7OKBE/install/lib/python3.12/test/test_tkinter/support.py'...
Compiling '/tmp/ci-python-runtime.rXB7OKBE/install/lib/python3.12/test/test_ttk/test_widgets.py'...
Compiling '/tmp/ci-python-runtime.rXB7OKBE/install/lib/python3.12/turtledemo/two_canvases.py'...
Compiling '/tmp/ci-python-runtime.rXB7OKBE/install/lib/python3.12/xml/dom/NodeFilter.py'...
Compiling '/tmp/ci-python-runtime.rXB7OKBE/install/lib/python3.12/test/test_ctypes/test_parameters.py'...
Compiling '/tmp/ci-python-runtime.rXB7OKBE/install/lib/python3.12/test/test_doctest/doctest_aliases.py'...
Compiling '/tmp/ci-python-runtime.rXB7OKBE/install/lib/python3.12/test/test_email/test_policy.py'...
Compiling '/tmp/ci-python-runtime.rXB7OKBE/install/lib/python3.12/test/test_hmac.py'...
Compiling '/tmp/ci-python-runtime.rXB7OKBE/install/lib/python3.12/test/test_importlib/resources/data02/one/__init__.py'...
Compiling '/tmp/ci-python-runtime.rXB7OKBE/install/lib/python3.12/test/test_inspect/inspect_stringized_annotations.py'...
Compiling '/tmp/ci-python-runtime.rXB7OKBE/install/lib/python3.12/test/test_lib2to3/__main__.py'...
Compiling '/tmp/ci-python-runtime.rXB7OKBE/install/lib/python3.12/test/test_lib2to3/test_refactor.py'...
Compiling '/tmp/ci-python-runtime.rXB7OKBE/install/lib/python3.12/test/test_pulldom.py'...
Compiling '/tmp/ci-python-runtime.rXB7OKBE/install/lib/python3.12/test/test_sqlite3/test_transactions.py'...
Compiling '/tmp/ci-python-runtime.rXB7OKBE/install/lib/python3.12/test/test_tokenize.py'...
Compiling '/tmp/ci-python-runtime.rXB7OKBE/install/lib/python3.12/token.py'...
Compiling '/tmp/ci-python-runtime.rXB7OKBE/install/lib/python3.12/urllib/robotparser.py'...
Compiling '/tmp/ci-python-runtime.rXB7OKBE/install/lib/python3.12/__future__.py'...
Compiling '/tmp/ci-python-runtime.rXB7OKBE/install/lib/python3.12/_markupbase.py'...
Compiling '/tmp/ci-python-runtime.rXB7OKBE/install/lib/python3.12/asyncio/locks.py'...
Compiling '/tmp/ci-python-runtime.rXB7OKBE/install/lib/python3.12/concurrent/futures/thread.py'...
Compiling '/tmp/ci-python-runtime.rXB7OKBE/install/lib/python3.12/ctypes/macholib/framework.py'...
Compiling '/tmp/ci-python-runtime.rXB7OKBE/install/lib/python3.12/email/utils.py'...
Compiling '/tmp/ci-python-runtime.rXB7OKBE/install/lib/python3.12/encodings/gb2312.py'...
Compiling '/tmp/ci-python-runtime.rXB7OKBE/install/lib/python3.12/encodings/mbcs.py'...
Compiling '/tmp/ci-python-runtime.rXB7OKBE/install/lib/python3.12/http/server.py'...
Compiling '/tmp/ci-python-runtime.rXB7OKBE/install/lib/python3.12/idlelib/run.py'...
Compiling '/tmp/ci-python-runtime.rXB7OKBE/install/lib/python3.12/lib2to3/fixes/fix_has_key.py'...
Compiling '/tmp/ci-python-runtime.rXB7OKBE/install/lib/python3.12/multiprocessing/__init__.py'...
Compiling '/tmp/ci-python-runtime.rXB7OKBE/install/lib/python3.12/poplib.py'...
Compiling '/tmp/ci-python-runtime.rXB7OKBE/install/lib/python3.12/sre_constants.py'...
Compiling '/tmp/ci-python-runtime.rXB7OKBE/install/lib/python3.12/test/_test_venv_multiprocessing.py'...
Compiling '/tmp/ci-python-runtime.rXB7OKBE/install/lib/python3.12/test/memory_watchdog.py'...
Compiling '/tmp/ci-python-runtime.rXB7OKBE/install/lib/python3.12/test/support/hashlib_helper.py'...
Compiling '/tmp/ci-python-runtime.rXB7OKBE/install/lib/python3.12/test/test_binop.py'...
Compiling '/tmp/ci-python-runtime.rXB7OKBE/install/lib/python3.12/test/test_cgi.py'...
Compiling '/tmp/ci-python-runtime.rXB7OKBE/install/lib/python3.12/test/test_concurrent_futures/test_process_pool.py'...
Compiling '/tmp/ci-python-runtime.rXB7OKBE/install/lib/python3.12/test/test_ctypes/test_checkretval.py'...
Compiling '/tmp/ci-python-runtime.rXB7OKBE/install/lib/python3.12/test/test_ctypes/test_keeprefs.py'...
Compiling '/tmp/ci-python-runtime.rXB7OKBE/install/lib/python3.12/test/test_dataclasses/__init__.py'...
Compiling '/tmp/ci-python-runtime.rXB7OKBE/install/lib/python3.12/test/test_platform.py'...
Compiling '/tmp/ci-python-runtime.rXB7OKBE/install/lib/python3.12/test/test_sqlite3/test_dump.py'...
Compiling '/tmp/ci-python-runtime.rXB7OKBE/install/lib/python3.12/test/test_stringprep.py'...
Compiling '/tmp/ci-python-runtime.rXB7OKBE/install/lib/python3.12/test/test_subclassinit.py'...
Compiling '/tmp/ci-python-runtime.rXB7OKBE/install/lib/python3.12/test/test_timeout.py'...
Compiling '/tmp/ci-python-runtime.rXB7OKBE/install/lib/python3.12/test/test_ucn.py'...
Compiling '/tmp/ci-python-runtime.rXB7OKBE/install/lib/python3.12/test/test_warnings/data/import_warning.py'...
Compiling '/tmp/ci-python-runtime.rXB7OKBE/install/lib/python3.12/test/test_xdrlib.py'...
Compiling '/tmp/ci-python-runtime.rXB7OKBE/install/lib/python3.12/test/test_zipfile/_path/write-alpharep.py'...
Compiling '/tmp/ci-python-runtime.rXB7OKBE/install/lib/python3.12/test/typinganndata/ann_module7.py'...
Compiling '/tmp/ci-python-runtime.rXB7OKBE/install/lib/python3.12/tomllib/_types.py'...
Compiling '/tmp/ci-python-runtime.rXB7OKBE/install/lib/python3.12/unittest/suite.py'...
Compiling '/tmp/ci-python-runtime.rXB7OKBE/install/lib/python3.12/test/test_tkinter/__init__.py'...
Compiling '/tmp/ci-python-runtime.rXB7OKBE/install/lib/python3.12/test/test_tkinter/test_font.py'...
Compiling '/tmp/ci-python-runtime.rXB7OKBE/install/lib/python3.12/test/test_ttk_textonly.py'...
Compiling '/tmp/ci-python-runtime.rXB7OKBE/install/lib/python3.12/test/test_warnings/data/package_helper.py'...
Compiling '/tmp/ci-python-runtime.rXB7OKBE/install/lib/python3.12/test/test_wsgiref.py'...
Compiling '/tmp/ci-python-runtime.rXB7OKBE/install/lib/python3.12/turtledemo/colormixer.py'...
Compiling '/tmp/ci-python-runtime.rXB7OKBE/install/lib/python3.12/wsgiref/types.py'...
Compiling '/tmp/ci-python-runtime.rXB7OKBE/install/lib/python3.12/_strptime.py'...
Compiling '/tmp/ci-python-runtime.rXB7OKBE/install/lib/python3.12/cProfile.py'...
Compiling '/tmp/ci-python-runtime.rXB7OKBE/install/lib/python3.12/configparser.py'...
Compiling '/tmp/ci-python-runtime.rXB7OKBE/install/lib/python3.12/encodings/cp932.py'...
Compiling '/tmp/ci-python-runtime.rXB7OKBE/install/lib/python3.12/encodings/iso8859_2.py'...
Compiling '/tmp/ci-python-runtime.rXB7OKBE/install/lib/python3.12/encodings/utf_32.py'...
Compiling '/tmp/ci-python-runtime.rXB7OKBE/install/lib/python3.12/idlelib/autocomplete_w.py'...
Compiling '/tmp/ci-python-runtime.rXB7OKBE/install/lib/python3.12/idlelib/idle_test/test_sidebar.py'...
Compiling '/tmp/ci-python-runtime.rXB7OKBE/install/lib/python3.12/lib2to3/fixes/fix_standarderror.py'...
Compiling '/tmp/ci-python-runtime.rXB7OKBE/install/lib/python3.12/posixpath.py'...
Compiling '/tmp/ci-python-runtime.rXB7OKBE/install/lib/python3.12/test/dtracedata/call_stack.py'...
Compiling '/tmp/ci-python-runtime.rXB7OKBE/install/lib/python3.12/test/subprocessdata/fd_status.py'...
Compiling '/tmp/ci-python-runtime.rXB7OKBE/install/lib/python3.12/test/test_asyncio/test_base_events.py'...
Compiling '/tmp/ci-python-runtime.rXB7OKBE/install/lib/python3.12/test/test_email/test__header_value_parser.py'...
Compiling '/tmp/ci-python-runtime.rXB7OKBE/install/lib/python3.12/test/test_lib2to3/test_all_fixers.py'...
Compiling '/tmp/ci-python-runtime.rXB7OKBE/install/lib/python3.12/test/test_multiprocessing_forkserver/test_manager.py'...
Compiling '/tmp/ci-python-runtime.rXB7OKBE/install/lib/python3.12/test/test_osx_env.py'...
Compiling '/tmp/ci-python-runtime.rXB7OKBE/install/lib/python3.12/test/test_plistlib.py'...
Compiling '/tmp/ci-python-runtime.rXB7OKBE/install/lib/python3.12/test/test_tkinter/test_widgets.py'...
Compiling '/tmp/ci-python-runtime.rXB7OKBE/install/lib/python3.12/tkinter/dnd.py'...
Compiling '/tmp/ci-python-runtime.rXB7OKBE/install/lib/python3.12/wsgiref/headers.py'...
Compiling '/tmp/ci-python-runtime.rXB7OKBE/install/lib/python3.12/lib2to3/fixes/fix_ws_comma.py'...
Compiling '/tmp/ci-python-runtime.rXB7OKBE/install/lib/python3.12/opcode.py'...
Compiling '/tmp/ci-python-runtime.rXB7OKBE/install/lib/python3.12/sqlite3/dump.py'...
Compiling '/tmp/ci-python-runtime.rXB7OKBE/install/lib/python3.12/test/leakers/test_selftype.py'...
Compiling '/tmp/ci-python-runtime.rXB7OKBE/install/lib/python3.12/test/test_asyncgen.py'...
Compiling '/tmp/ci-python-runtime.rXB7OKBE/install/lib/python3.12/test/test_ctypes/test_repr.py'...
Compiling '/tmp/ci-python-runtime.rXB7OKBE/install/lib/python3.12/test/test_devpoll.py'...
Compiling '/tmp/ci-python-runtime.rXB7OKBE/install/lib/python3.12/test/test_extcall.py'...
Compiling '/tmp/ci-python-runtime.rXB7OKBE/install/lib/python3.12/test/test_gdb/test_backtrace.py'...
Compiling '/tmp/ci-python-runtime.rXB7OKBE/install/lib/python3.12/test/test_idle.py'...
Compiling '/tmp/ci-python-runtime.rXB7OKBE/install/lib/python3.12/test/test_import/data/circular_imports/subpkg/util.py'...
Compiling '/tmp/ci-python-runtime.rXB7OKBE/install/lib/python3.12/test/test_importlib/namespace_pkgs/not_a_namespace_pkg/foo/one.py'...
Compiling '/tmp/ci-python-runtime.rXB7OKBE/install/lib/python3.12/test/test_importlib/resources/test_resource.py'...
Compiling '/tmp/ci-python-runtime.rXB7OKBE/install/lib/python3.12/test/test_launcher.py'...
Compiling '/tmp/ci-python-runtime.rXB7OKBE/install/lib/python3.12/test/test_range.py'...
Compiling '/tmp/ci-python-runtime.rXB7OKBE/install/lib/python3.12/test/test_tools/test_makefile.py'...
Compiling '/tmp/ci-python-runtime.rXB7OKBE/install/lib/python3.12/test/test_unittest/testmock/support.py'...
Compiling '/tmp/ci-python-runtime.rXB7OKBE/install/lib/python3.12/test/test_urllib2_localnet.py'...
Compiling '/tmp/ci-python-runtime.rXB7OKBE/install/lib/python3.12/turtledemo/penrose.py'...
Compiling '/tmp/ci-python-runtime.rXB7OKBE/install/lib/python3.12/xml/etree/__init__.py'...
Compiling '/tmp/ci-python-runtime.rXB7OKBE/install/lib/python3.12/encodings/cp1006.py'...
Compiling '/tmp/ci-python-runtime.rXB7OKBE/install/lib/python3.12/encodings/gbk.py'...
Compiling '/tmp/ci-python-runtime.rXB7OKBE/install/lib/python3.12/encodings/oem.py'...
Compiling '/tmp/ci-python-runtime.rXB7OKBE/install/lib/python3.12/http/cookiejar.py'...
Compiling '/tmp/ci-python-runtime.rXB7OKBE/install/lib/python3.12/lib2to3/fixes/fix_long.py'...
Compiling '/tmp/ci-python-runtime.rXB7OKBE/install/lib/python3.12/mailbox.py'...
Compiling '/tmp/ci-python-runtime.rXB7OKBE/install/lib/python3.12/test/libregrtest/utils.py'...
Compiling '/tmp/ci-python-runtime.rXB7OKBE/install/lib/python3.12/test/test_asyncio/test_selector_events.py'...
Compiling '/tmp/ci-python-runtime.rXB7OKBE/install/lib/python3.12/test/test_cppext/__init__.py'...
Compiling '/tmp/ci-python-runtime.rXB7OKBE/install/lib/python3.12/test/test_ctypes/test_python_api.py'...
Compiling '/tmp/ci-python-runtime.rXB7OKBE/install/lib/python3.12/test/test_descr.py'...
Compiling '/tmp/ci-python-runtime.rXB7OKBE/install/lib/python3.12/test/test_tty.py'...
Compiling '/tmp/ci-python-runtime.rXB7OKBE/install/lib/python3.12/test/test_unittest/testmock/testpatch.py'...
Compiling '/tmp/ci-python-runtime.rXB7OKBE/install/lib/python3.12/turtledemo/sorting_animate.py'...
Compiling '/tmp/ci-python-runtime.rXB7OKBE/install/lib/python3.12/xml/etree/cElementTree.py'...
Compiling '/tmp/ci-python-runtime.rXB7OKBE/install/lib/python3.12/asyncio/base_events.py'...
Compiling '/tmp/ci-python-runtime.rXB7OKBE/install/lib/python3.12/encodings/cp1253.py'...
Compiling '/tmp/ci-python-runtime.rXB7OKBE/install/lib/python3.12/encodings/idna.py'...
Compiling '/tmp/ci-python-runtime.rXB7OKBE/install/lib/python3.12/getpass.py'...
Compiling '/tmp/ci-python-runtime.rXB7OKBE/install/lib/python3.12/idlelib/codecontext.py'...
Compiling '/tmp/ci-python-runtime.rXB7OKBE/install/lib/python3.12/idlelib/idle_test/test_pyparse.py'...
Compiling '/tmp/ci-python-runtime.rXB7OKBE/install/lib/python3.12/importlib/readers.py'...
Compiling '/tmp/ci-python-runtime.rXB7OKBE/install/lib/python3.12/lib2to3/fixes/fix_renames.py'...
Compiling '/tmp/ci-python-runtime.rXB7OKBE/install/lib/python3.12/multiprocessing/synchronize.py'...
Compiling '/tmp/ci-python-runtime.rXB7OKBE/install/lib/python3.12/sqlite3/__init__.py'...
Compiling '/tmp/ci-python-runtime.rXB7OKBE/install/lib/python3.12/test/_test_embed_structseq.py'...
Compiling '/tmp/ci-python-runtime.rXB7OKBE/install/lib/python3.12/test/reperf.py'...
Compiling '/tmp/ci-python-runtime.rXB7OKBE/install/lib/python3.12/test/test_asyncio/test_futures2.py'...
Compiling '/tmp/ci-python-runtime.rXB7OKBE/install/lib/python3.12/test/test_bytes.py'...
Compiling '/tmp/ci-python-runtime.rXB7OKBE/install/lib/python3.12/test/test_embed.py'...
Compiling '/tmp/ci-python-runtime.rXB7OKBE/install/lib/python3.12/test/test_importlib/import_/test_meta_path.py'...
Compiling '/tmp/ci-python-runtime.rXB7OKBE/install/lib/python3.12/test/test_importlib/resources/update-zips.py'...
Compiling '/tmp/ci-python-runtime.rXB7OKBE/install/lib/python3.12/test/test_keywordonlyarg.py'...
Compiling '/tmp/ci-python-runtime.rXB7OKBE/install/lib/python3.12/test/test_module/final_a.py'...
Compiling '/tmp/ci-python-runtime.rXB7OKBE/install/lib/python3.12/test/test_netrc.py'...
Compiling '/tmp/ci-python-runtime.rXB7OKBE/install/lib/python3.12/test/test_posixpath.py'...
Compiling '/tmp/ci-python-runtime.rXB7OKBE/install/lib/python3.12/test/test_tomllib/__main__.py'...
Compiling '/tmp/ci-python-runtime.rXB7OKBE/install/lib/python3.12/test/test_tools/test_i18n.py'...
Compiling '/tmp/ci-python-runtime.rXB7OKBE/install/lib/python3.12/test/test_userstring.py'...
Compiling '/tmp/ci-python-runtime.rXB7OKBE/install/lib/python3.12/test/test_xxlimited.py'...
Compiling '/tmp/ci-python-runtime.rXB7OKBE/install/lib/python3.12/test/test_zoneinfo/test_zoneinfo_property.py'...
Compiling '/tmp/ci-python-runtime.rXB7OKBE/install/lib/python3.12/turtledemo/paint.py'...
Compiling '/tmp/ci-python-runtime.rXB7OKBE/install/lib/python3.12/wsgiref/util.py'...
Compiling '/tmp/ci-python-runtime.rXB7OKBE/install/lib/python3.12/concurrent/futures/process.py'...
Compiling '/tmp/ci-python-runtime.rXB7OKBE/install/lib/python3.12/email/mime/multipart.py'...
Compiling '/tmp/ci-python-runtime.rXB7OKBE/install/lib/python3.12/encodings/cp437.py'...
Compiling '/tmp/ci-python-runtime.rXB7OKBE/install/lib/python3.12/encodings/iso8859_4.py'...
Compiling '/tmp/ci-python-runtime.rXB7OKBE/install/lib/python3.12/encodings/uu_codec.py'...
Compiling '/tmp/ci-python-runtime.rXB7OKBE/install/lib/python3.12/idlelib/__main__.py'...
Compiling '/tmp/ci-python-runtime.rXB7OKBE/install/lib/python3.12/idlelib/idle_test/test_codecontext.py'...
Compiling '/tmp/ci-python-runtime.rXB7OKBE/install/lib/python3.12/idlelib/textview.py'...
Compiling '/tmp/ci-python-runtime.rXB7OKBE/install/lib/python3.12/lib2to3/fixes/fix_future.py'...
Compiling '/tmp/ci-python-runtime.rXB7OKBE/install/lib/python3.12/lib2to3/pgen2/grammar.py'...
Compiling '/tmp/ci-python-runtime.rXB7OKBE/install/lib/python3.12/pdb.py'...
Compiling '/tmp/ci-python-runtime.rXB7OKBE/install/lib/python3.12/test/regrtestdata/import_from_tests/test_regrtest_b/__init__.py'...
Compiling '/tmp/ci-python-runtime.rXB7OKBE/install/lib/python3.12/test/test__locale.py'...
Compiling '/tmp/ci-python-runtime.rXB7OKBE/install/lib/python3.12/test/test_baseexception.py'...
Compiling '/tmp/ci-python-runtime.rXB7OKBE/install/lib/python3.12/test/test_capi/test_getargs.py'...
Compiling '/tmp/ci-python-runtime.rXB7OKBE/install/lib/python3.12/test/test_email/test_inversion.py'...
Compiling '/tmp/ci-python-runtime.rXB7OKBE/install/lib/python3.12/test/test_future_stmt/test_future.py'...
Compiling '/tmp/ci-python-runtime.rXB7OKBE/install/lib/python3.12/test/test_import/data/double_const.py'...
Compiling '/tmp/ci-python-runtime.rXB7OKBE/install/lib/python3.12/test/test_importlib/frozen/test_finder.py'...
Compiling '/tmp/ci-python-runtime.rXB7OKBE/install/lib/python3.12/test/test_importlib/resources/zipdata01/__init__.py'...
Compiling '/tmp/ci-python-runtime.rXB7OKBE/install/lib/python3.12/test/test_json/__main__.py'...
Compiling '/tmp/ci-python-runtime.rXB7OKBE/install/lib/python3.12/test/test_metaclass.py'...
Compiling '/tmp/ci-python-runtime.rXB7OKBE/install/lib/python3.12/test/test_multiprocessing_main_handling.py'...
Compiling '/tmp/ci-python-runtime.rXB7OKBE/install/lib/python3.12/test/test_posix.py'...
Compiling '/tmp/ci-python-runtime.rXB7OKBE/install/lib/python3.12/turtledemo/__main__.py'...
Compiling '/tmp/ci-python-runtime.rXB7OKBE/install/lib/python3.12/xml/parsers/__init__.py'...
Compiling '/tmp/ci-python-runtime.rXB7OKBE/install/lib/python3.12/_py_abc.py'...
Compiling '/tmp/ci-python-runtime.rXB7OKBE/install/lib/python3.12/argparse.py'...
Compiling '/tmp/ci-python-runtime.rXB7OKBE/install/lib/python3.12/functools.py'...
Compiling '/tmp/ci-python-runtime.rXB7OKBE/install/lib/python3.12/idlelib/dynoption.py'...
Compiling '/tmp/ci-python-runtime.rXB7OKBE/install/lib/python3.12/idlelib/idle_test/test_hyperparser.py'...
Compiling '/tmp/ci-python-runtime.rXB7OKBE/install/lib/python3.12/idlelib/zoomheight.py'...
Compiling '/tmp/ci-python-runtime.rXB7OKBE/install/lib/python3.12/lib2to3/fixes/fix_basestring.py'...
Compiling '/tmp/ci-python-runtime.rXB7OKBE/install/lib/python3.12/lib2to3/fixes/fix_xreadlines.py'...
Compiling '/tmp/ci-python-runtime.rXB7OKBE/install/lib/python3.12/netrc.py'...
Compiling '/tmp/ci-python-runtime.rXB7OKBE/install/lib/python3.12/smtplib.py'...
Compiling '/tmp/ci-python-runtime.rXB7OKBE/install/lib/python3.12/test/crashers/gc_inspection.py'...
Compiling '/tmp/ci-python-runtime.rXB7OKBE/install/lib/python3.12/test/re_tests.py'...
Compiling '/tmp/ci-python-runtime.rXB7OKBE/install/lib/python3.12/test/test_bdb.py'...
Compiling '/tmp/ci-python-runtime.rXB7OKBE/install/lib/python3.12/test/test_ctypes/test_objects.py'...
Compiling '/tmp/ci-python-runtime.rXB7OKBE/install/lib/python3.12/test/test_ctypes/test_struct_fields.py'...
Compiling '/tmp/ci-python-runtime.rXB7OKBE/install/lib/python3.12/test/test_eintr.py'...
Compiling '/tmp/ci-python-runtime.rXB7OKBE/install/lib/python3.12/test/test_fractions.py'...
Compiling '/tmp/ci-python-runtime.rXB7OKBE/install/lib/python3.12/test/test_importlib/test_pkg_import.py'...
Compiling '/tmp/ci-python-runtime.rXB7OKBE/install/lib/python3.12/test/test_memoryio.py'...
Compiling '/tmp/ci-python-runtime.rXB7OKBE/install/lib/python3.12/test/test_source_encoding.py'...
Compiling '/tmp/ci-python-runtime.rXB7OKBE/install/lib/python3.12/test/test_termios.py'...
Compiling '/tmp/ci-python-runtime.rXB7OKBE/install/lib/python3.12/test/test_unittest/test_async_case.py'...
Compiling '/tmp/ci-python-runtime.rXB7OKBE/install/lib/python3.12/test/tf_inherit_check.py'...
Compiling '/tmp/ci-python-runtime.rXB7OKBE/install/lib/python3.12/xml/dom/minicompat.py'...
Compiling '/tmp/ci-python-runtime.rXB7OKBE/install/lib/python3.12/contextvars.py'...
Compiling '/tmp/ci-python-runtime.rXB7OKBE/install/lib/python3.12/ctypes/_aix.py'...
Compiling '/tmp/ci-python-runtime.rXB7OKBE/install/lib/python3.12/email/charset.py'...
Compiling '/tmp/ci-python-runtime.rXB7OKBE/install/lib/python3.12/encodings/cp775.py'...
Compiling '/tmp/ci-python-runtime.rXB7OKBE/install/lib/python3.12/encodings/iso8859_6.py'...
Compiling '/tmp/ci-python-runtime.rXB7OKBE/install/lib/python3.12/ensurepip/_uninstall.py'...
Compiling '/tmp/ci-python-runtime.rXB7OKBE/install/lib/python3.12/gettext.py'...
Compiling '/tmp/ci-python-runtime.rXB7OKBE/install/lib/python3.12/idlelib/configdialog.py'...
Compiling '/tmp/ci-python-runtime.rXB7OKBE/install/lib/python3.12/lib2to3/fixes/fix_repr.py'...
Compiling '/tmp/ci-python-runtime.rXB7OKBE/install/lib/python3.12/multiprocessing/resource_sharer.py'...
Compiling '/tmp/ci-python-runtime.rXB7OKBE/install/lib/python3.12/re/__init__.py'...
Compiling '/tmp/ci-python-runtime.rXB7OKBE/install/lib/python3.12/string.py'...
Compiling '/tmp/ci-python-runtime.rXB7OKBE/install/lib/python3.12/test/mapping_tests.py'...
Compiling '/tmp/ci-python-runtime.rXB7OKBE/install/lib/python3.12/test/test_bigmem.py'...
Compiling '/tmp/ci-python-runtime.rXB7OKBE/install/lib/python3.12/test/test_ctypes/test_arrays.py'...
Compiling '/tmp/ci-python-runtime.rXB7OKBE/install/lib/python3.12/test/test_dataclasses/dataclass_module_2.py'...
Compiling '/tmp/ci-python-runtime.rXB7OKBE/install/lib/python3.12/test/test_doctest/sample_doctest_no_doctests.py'...
Compiling '/tmp/ci-python-runtime.rXB7OKBE/install/lib/python3.12/test/test_enum.py'...
Compiling '/tmp/ci-python-runtime.rXB7OKBE/install/lib/python3.12/test/test_ttk/test_extensions.py'...
Compiling '/tmp/ci-python-runtime.rXB7OKBE/install/lib/python3.12/test/test_userlist.py'...
Compiling '/tmp/ci-python-runtime.rXB7OKBE/install/lib/python3.12/test/test_yield_from.py'...
Compiling '/tmp/ci-python-runtime.rXB7OKBE/install/lib/python3.12/turtledemo/tree.py'...
Compiling '/tmp/ci-python-runtime.rXB7OKBE/install/lib/python3.12/xml/dom/domreg.py'...
Compiling '/tmp/ci-python-runtime.rXB7OKBE/install/lib/python3.12/ctypes/macholib/dyld.py'...
Compiling '/tmp/ci-python-runtime.rXB7OKBE/install/lib/python3.12/email/generator.py'...
Compiling '/tmp/ci-python-runtime.rXB7OKBE/install/lib/python3.12/encodings/euc_jis_2004.py'...
Compiling '/tmp/ci-python-runtime.rXB7OKBE/install/lib/python3.12/encodings/iso8859_8.py'...
Compiling '/tmp/ci-python-runtime.rXB7OKBE/install/lib/python3.12/genericpath.py'...
Compiling '/tmp/ci-python-runtime.rXB7OKBE/install/lib/python3.12/html/entities.py'...
Compiling '/tmp/ci-python-runtime.rXB7OKBE/install/lib/python3.12/lib2to3/fixes/fix_idioms.py'...
Compiling '/tmp/ci-python-runtime.rXB7OKBE/install/lib/python3.12/multiprocessing/dummy/connection.py'...
Compiling '/tmp/ci-python-runtime.rXB7OKBE/install/lib/python3.12/pstats.py'...
Compiling '/tmp/ci-python-runtime.rXB7OKBE/install/lib/python3.12/test/pyclbr_input.py'...
Compiling '/tmp/ci-python-runtime.rXB7OKBE/install/lib/python3.12/test/support/os_helper.py'...
Compiling '/tmp/ci-python-runtime.rXB7OKBE/install/lib/python3.12/test/test_capi/test_list.py'...
Compiling '/tmp/ci-python-runtime.rXB7OKBE/install/lib/python3.12/test/test_codecmaps_tw.py'...
Compiling '/tmp/ci-python-runtime.rXB7OKBE/install/lib/python3.12/test/test_concurrent_futures/test_thread_pool.py'...
Compiling '/tmp/ci-python-runtime.rXB7OKBE/install/lib/python3.12/test/test_ctypes/test_pep3118.py'...
Compiling '/tmp/ci-python-runtime.rXB7OKBE/install/lib/python3.12/test/test_ctypes/test_sizes.py'...
Compiling '/tmp/ci-python-runtime.rXB7OKBE/install/lib/python3.12/test/test_dict_version.py'...
Compiling '/tmp/ci-python-runtime.rXB7OKBE/install/lib/python3.12/test/test_email/test_contentmanager.py'...
Compiling '/tmp/ci-python-runtime.rXB7OKBE/install/lib/python3.12/test/test_import/data/circular_imports/binding.py'...
Compiling '/tmp/ci-python-runtime.rXB7OKBE/install/lib/python3.12/test/test_import/data/package/__init__.py'...
Compiling '/tmp/ci-python-runtime.rXB7OKBE/install/lib/python3.12/test/test_importlib/frozen/__main__.py'...
Compiling '/tmp/ci-python-runtime.rXB7OKBE/install/lib/python3.12/test/test_importlib/test_main.py'...
Compiling '/tmp/ci-python-runtime.rXB7OKBE/install/lib/python3.12/test/test_multiprocessing_fork/__init__.py'...
Compiling '/tmp/ci-python-runtime.rXB7OKBE/install/lib/python3.12/test/test_openpty.py'...
Compiling '/tmp/ci-python-runtime.rXB7OKBE/install/lib/python3.12/test/test_positional_only_arg.py'...
Compiling '/tmp/ci-python-runtime.rXB7OKBE/install/lib/python3.12/test/test_sqlite3/test_hooks.py'...
Compiling '/tmp/ci-python-runtime.rXB7OKBE/install/lib/python3.12/test/test_symtable.py'...
Compiling '/tmp/ci-python-runtime.rXB7OKBE/install/lib/python3.12/test/test_tkinter/test_loadtk.py'...
Compiling '/tmp/ci-python-runtime.rXB7OKBE/install/lib/python3.12/test/test_tomllib/test_misc.py'...
Compiling '/tmp/ci-python-runtime.rXB7OKBE/install/lib/python3.12/test/test_unittest/testmock/testcallable.py'...
Compiling '/tmp/ci-python-runtime.rXB7OKBE/install/lib/python3.12/test/test_wait4.py'...
Compiling '/tmp/ci-python-runtime.rXB7OKBE/install/lib/python3.12/test/test_xml_dom_minicompat.py'...
Compiling '/tmp/ci-python-runtime.rXB7OKBE/install/lib/python3.12/test/tokenizedata/__init__.py'...
Compiling '/tmp/ci-python-runtime.rXB7OKBE/install/lib/python3.12/turtledemo/peace.py'...
Compiling '/tmp/ci-python-runtime.rXB7OKBE/install/lib/python3.12/wsgiref/simple_server.py'...
Compiling '/tmp/ci-python-runtime.rXB7OKBE/install/lib/python3.12/turtledemo/lindenmayer.py'...
Compiling '/tmp/ci-python-runtime.rXB7OKBE/install/lib/python3.12/xml/dom/__init__.py'...
Compiling '/tmp/ci-python-runtime.rXB7OKBE/install/lib/python3.12/test/test_ctypes/test_prototypes.py'...
Compiling '/tmp/ci-python-runtime.rXB7OKBE/install/lib/python3.12/test/test_dict.py'...
Compiling '/tmp/ci-python-runtime.rXB7OKBE/install/lib/python3.12/test/test_importlib/resources/__init__.py'...
Compiling '/tmp/ci-python-runtime.rXB7OKBE/install/lib/python3.12/test/test_importlib/test_metadata_api.py'...
Compiling '/tmp/ci-python-runtime.rXB7OKBE/install/lib/python3.12/test/test_lib2to3/test_util.py'...
Compiling '/tmp/ci-python-runtime.rXB7OKBE/install/lib/python3.12/test/test_pickletools.py'...
Compiling '/tmp/ci-python-runtime.rXB7OKBE/install/lib/python3.12/test/test_py_compile.py'...
Compiling '/tmp/ci-python-runtime.rXB7OKBE/install/lib/python3.12/test/test_sqlite3/test_userfunctions.py'...
Compiling '/tmp/ci-python-runtime.rXB7OKBE/install/lib/python3.12/test/test_ttk/test_style.py'...
Compiling '/tmp/ci-python-runtime.rXB7OKBE/install/lib/python3.12/test/test_venv.py'...
Compiling '/tmp/ci-python-runtime.rXB7OKBE/install/lib/python3.12/test/typinganndata/mod_generics_cache.py'...
Compiling '/tmp/ci-python-runtime.rXB7OKBE/install/lib/python3.12/trace.py'...
Compiling '/tmp/ci-python-runtime.rXB7OKBE/install/lib/python3.12/base64.py'...
Compiling '/tmp/ci-python-runtime.rXB7OKBE/install/lib/python3.12/ctypes/util.py'...
Compiling '/tmp/ci-python-runtime.rXB7OKBE/install/lib/python3.12/doctest.py'...
Compiling '/tmp/ci-python-runtime.rXB7OKBE/install/lib/python3.12/ftplib.py'...
Compiling '/tmp/ci-python-runtime.rXB7OKBE/install/lib/python3.12/idlelib/debugobj_r.py'...
Compiling '/tmp/ci-python-runtime.rXB7OKBE/install/lib/python3.12/idlelib/idle_test/test_debugobj_r.py'...
Compiling '/tmp/ci-python-runtime.rXB7OKBE/install/lib/python3.12/idlelib/idle_test/test_stackviewer.py'...
Compiling '/tmp/ci-python-runtime.rXB7OKBE/install/lib/python3.12/idlelib/tooltip.py'...
Compiling '/tmp/ci-python-runtime.rXB7OKBE/install/lib/python3.12/json/tool.py'...
Compiling '/tmp/ci-python-runtime.rXB7OKBE/install/lib/python3.12/lib2to3/fixes/fix_input.py'...
Compiling '/tmp/ci-python-runtime.rXB7OKBE/install/lib/python3.12/logging/config.py'...
Compiling '/tmp/ci-python-runtime.rXB7OKBE/install/lib/python3.12/sysconfig.py'...
Compiling '/tmp/ci-python-runtime.rXB7OKBE/install/lib/python3.12/test/support/warnings_helper.py'...
Compiling '/tmp/ci-python-runtime.rXB7OKBE/install/lib/python3.12/test/test_asyncio/test_waitfor.py'...
Compiling '/tmp/ci-python-runtime.rXB7OKBE/install/lib/python3.12/test/test_capi/test_exceptions.py'...
Compiling '/tmp/ci-python-runtime.rXB7OKBE/install/lib/python3.12/test/test_concurrent_futures/test_future.py'...
Compiling '/tmp/ci-python-runtime.rXB7OKBE/install/lib/python3.12/test/test_ctypes/test_functions.py'...
Compiling '/tmp/ci-python-runtime.rXB7OKBE/install/lib/python3.12/test/test_doctest/decorator_mod.py'...
Compiling '/tmp/ci-python-runtime.rXB7OKBE/install/lib/python3.12/test/test_email/test_generator.py'...
Compiling '/tmp/ci-python-runtime.rXB7OKBE/install/lib/python3.12/test/test_future_stmt/test_future_multiple_features.py'...
Compiling '/tmp/ci-python-runtime.rXB7OKBE/install/lib/python3.12/test/test_gettext.py'...
Compiling '/tmp/ci-python-runtime.rXB7OKBE/install/lib/python3.12/test/test_importlib/import_/test_caching.py'...
Compiling '/tmp/ci-python-runtime.rXB7OKBE/install/lib/python3.12/test/test_importlib/resources/test_custom.py'...
Compiling '/tmp/ci-python-runtime.rXB7OKBE/install/lib/python3.12/test/test_largefile.py'...
Compiling '/tmp/ci-python-runtime.rXB7OKBE/install/lib/python3.12/test/test_multiprocessing_fork/test_threads.py'...
Compiling '/tmp/ci-python-runtime.rXB7OKBE/install/lib/python3.12/test/test_numeric_tower.py'...
Compiling '/tmp/ci-python-runtime.rXB7OKBE/install/lib/python3.12/test/test_property.py'...
Compiling '/tmp/ci-python-runtime.rXB7OKBE/install/lib/python3.12/test/test_sqlite3/test_factory.py'...
Compiling '/tmp/ci-python-runtime.rXB7OKBE/install/lib/python3.12/test/test_sys_setprofile.py'...
Compiling '/tmp/ci-python-runtime.rXB7OKBE/install/lib/python3.12/test/test_type_annotations.py'...
Compiling '/tmp/ci-python-runtime.rXB7OKBE/install/lib/python3.12/test/test_userdict.py'...
Compiling '/tmp/ci-python-runtime.rXB7OKBE/install/lib/python3.12/test/test_zlib.py'...
Compiling '/tmp/ci-python-runtime.rXB7OKBE/install/lib/python3.12/unittest/loader.py'...
Compiling '/tmp/ci-python-runtime.rXB7OKBE/install/lib/python3.12/encodings/cp1125.py'...
Compiling '/tmp/ci-python-runtime.rXB7OKBE/install/lib/python3.12/encodings/iso2022_jp_3.py'...
Compiling '/tmp/ci-python-runtime.rXB7OKBE/install/lib/python3.12/encodings/rot_13.py'...
Compiling '/tmp/ci-python-runtime.rXB7OKBE/install/lib/python3.12/idlelib/idle_test/test_calltip.py'...
Compiling '/tmp/ci-python-runtime.rXB7OKBE/install/lib/python3.12/idlelib/squeezer.py'...
Compiling '/tmp/ci-python-runtime.rXB7OKBE/install/lib/python3.12/lib2to3/fixes/fix_methodattrs.py'...
Compiling '/tmp/ci-python-runtime.rXB7OKBE/install/lib/python3.12/lib2to3/fixes/fix_raise.py'...
Compiling '/tmp/ci-python-runtime.rXB7OKBE/install/lib/python3.12/multiprocessing/queues.py'...
Compiling '/tmp/ci-python-runtime.rXB7OKBE/install/lib/python3.12/sndhdr.py'...
Compiling '/tmp/ci-python-runtime.rXB7OKBE/install/lib/python3.12/test/dis_module.py'...
Compiling '/tmp/ci-python-runtime.rXB7OKBE/install/lib/python3.12/test/libregrtest/single.py'...
Compiling '/tmp/ci-python-runtime.rXB7OKBE/install/lib/python3.12/test/test_asyncio/test_locks.py'...
Compiling '/tmp/ci-python-runtime.rXB7OKBE/install/lib/python3.12/test/test_decorators.py'...
Compiling '/tmp/ci-python-runtime.rXB7OKBE/install/lib/python3.12/test/test_exception_group.py'...
Compiling '/tmp/ci-python-runtime.rXB7OKBE/install/lib/python3.12/test/test_importlib/import_/test_helpers.py'...
Compiling '/tmp/ci-python-runtime.rXB7OKBE/install/lib/python3.12/test/test_importlib/resources/util.py'...
Compiling '/tmp/ci-python-runtime.rXB7OKBE/install/lib/python3.12/test/test_json/test_speedups.py'...
Compiling '/tmp/ci-python-runtime.rXB7OKBE/install/lib/python3.12/test/test_long.py'...
Compiling '/tmp/ci-python-runtime.rXB7OKBE/install/lib/python3.12/test/test_tools/test_sundry.py'...
Compiling '/tmp/ci-python-runtime.rXB7OKBE/install/lib/python3.12/test/test_unittest/testmock/testsealable.py'...
Compiling '/tmp/ci-python-runtime.rXB7OKBE/install/lib/python3.12/test/test_xmlrpc.py'...
Compiling '/tmp/ci-python-runtime.rXB7OKBE/install/lib/python3.12/test/test_ctypes/test_values.py'...
Compiling '/tmp/ci-python-runtime.rXB7OKBE/install/lib/python3.12/test/test_dtrace.py'...
Compiling '/tmp/ci-python-runtime.rXB7OKBE/install/lib/python3.12/test/test_float.py'...
Compiling '/tmp/ci-python-runtime.rXB7OKBE/install/lib/python3.12/test/test_inspect/inspect_stringized_annotations_2.py'...
Compiling '/tmp/ci-python-runtime.rXB7OKBE/install/lib/python3.12/test/test_module/__init__.py'...
Compiling '/tmp/ci-python-runtime.rXB7OKBE/install/lib/python3.12/test/test_pyclbr.py'...
Compiling '/tmp/ci-python-runtime.rXB7OKBE/install/lib/python3.12/test/test_sqlite3/__init__.py'...
Compiling '/tmp/ci-python-runtime.rXB7OKBE/install/lib/python3.12/test/test_stat.py'...
Compiling '/tmp/ci-python-runtime.rXB7OKBE/install/lib/python3.12/test/test_thread.py'...
Compiling '/tmp/ci-python-runtime.rXB7OKBE/install/lib/python3.12/test/test_traceback.py'...
Compiling '/tmp/ci-python-runtime.rXB7OKBE/install/lib/python3.12/_osx_support.py'...
Compiling '/tmp/ci-python-runtime.rXB7OKBE/install/lib/python3.12/asyncio/taskgroups.py'...
Compiling '/tmp/ci-python-runtime.rXB7OKBE/install/lib/python3.12/calendar.py'...
Compiling '/tmp/ci-python-runtime.rXB7OKBE/install/lib/python3.12/email/mime/text.py'...
Compiling '/tmp/ci-python-runtime.rXB7OKBE/install/lib/python3.12/encodings/cp720.py'...
Compiling '/tmp/ci-python-runtime.rXB7OKBE/install/lib/python3.12/encodings/iso8859_3.py'...
Compiling '/tmp/ci-python-runtime.rXB7OKBE/install/lib/python3.12/encodings/utf_7.py'...
Compiling '/tmp/ci-python-runtime.rXB7OKBE/install/lib/python3.12/idlelib/filelist.py'...
Compiling '/tmp/ci-python-runtime.rXB7OKBE/install/lib/python3.12/idlelib/idle_test/test_mainmenu.py'...
Compiling '/tmp/ci-python-runtime.rXB7OKBE/install/lib/python3.12/idlelib/idle_test/tkinter_testing_utils.py'...
Compiling '/tmp/ci-python-runtime.rXB7OKBE/install/lib/python3.12/importlib/_bootstrap.py'...
Compiling '/tmp/ci-python-runtime.rXB7OKBE/install/lib/python3.12/lib2to3/fixes/fix_itertools_imports.py'...
Compiling '/tmp/ci-python-runtime.rXB7OKBE/install/lib/python3.12/modulefinder.py'...
Compiling '/tmp/ci-python-runtime.rXB7OKBE/install/lib/python3.12/stringprep.py'...
Compiling '/tmp/ci-python-runtime.rXB7OKBE/install/lib/python3.12/test/libregrtest/tsan.py'...
Compiling '/tmp/ci-python-runtime.rXB7OKBE/install/lib/python3.12/test/subprocessdata/input_reader.py'...
Compiling '/tmp/ci-python-runtime.rXB7OKBE/install/lib/python3.12/test/test_asyncio/test_subprocess.py'...
Compiling '/tmp/ci-python-runtime.rXB7OKBE/install/lib/python3.12/test/test_ctypes/test_anon.py'...
Compiling '/tmp/ci-python-runtime.rXB7OKBE/install/lib/python3.12/test/test_ctypes/test_simplesubclasses.py'...
Compiling '/tmp/ci-python-runtime.rXB7OKBE/install/lib/python3.12/test/test_difflib.py'...
Compiling '/tmp/ci-python-runtime.rXB7OKBE/install/lib/python3.12/test/test_format.py'...
Compiling '/tmp/ci-python-runtime.rXB7OKBE/install/lib/python3.12/test/test_importlib/frozen/__init__.py'...
Compiling '/tmp/ci-python-runtime.rXB7OKBE/install/lib/python3.12/test/test_importlib/test_lazy.py'...
Compiling '/tmp/ci-python-runtime.rXB7OKBE/install/lib/python3.12/test/test_module/bad_getattr2.py'...
Compiling '/tmp/ci-python-runtime.rXB7OKBE/install/lib/python3.12/test/test_named_expressions.py'...
Compiling '/tmp/ci-python-runtime.rXB7OKBE/install/lib/python3.12/test/test_shlex.py'...
Compiling '/tmp/ci-python-runtime.rXB7OKBE/install/lib/python3.12/test/test_sunau.py'...
Compiling '/tmp/ci-python-runtime.rXB7OKBE/install/lib/python3.12/test/test_threading.py'...
Compiling '/tmp/ci-python-runtime.rXB7OKBE/install/lib/python3.12/test/test_uu.py'...
Compiling '/tmp/ci-python-runtime.rXB7OKBE/install/lib/python3.12/test/test_zoneinfo/data/update_test_data.py'...
Compiling '/tmp/ci-python-runtime.rXB7OKBE/install/lib/python3.12/turtledemo/round_dance.py'...
Compiling '/tmp/ci-python-runtime.rXB7OKBE/install/lib/python3.12/xdrlib.py'...
Compiling '/tmp/ci-python-runtime.rXB7OKBE/install/lib/python3.12/asyncio/transports.py'...
Compiling '/tmp/ci-python-runtime.rXB7OKBE/install/lib/python3.12/concurrent/__init__.py'...
Compiling '/tmp/ci-python-runtime.rXB7OKBE/install/lib/python3.12/concurrent/futures/_base.py'...
Compiling '/tmp/ci-python-runtime.rXB7OKBE/install/lib/python3.12/email/errors.py'...
Compiling '/tmp/ci-python-runtime.rXB7OKBE/install/lib/python3.12/email/mime/image.py'...
Compiling '/tmp/ci-python-runtime.rXB7OKBE/install/lib/python3.12/encodings/cp850.py'...
Compiling '/tmp/ci-python-runtime.rXB7OKBE/install/lib/python3.12/encodings/latin_1.py'...
Compiling '/tmp/ci-python-runtime.rXB7OKBE/install/lib/python3.12/graphlib.py'...
Compiling '/tmp/ci-python-runtime.rXB7OKBE/install/lib/python3.12/idlelib/idle_test/test_config.py'...
Compiling '/tmp/ci-python-runtime.rXB7OKBE/install/lib/python3.12/importlib/util.py'...
Compiling '/tmp/ci-python-runtime.rXB7OKBE/install/lib/python3.12/lib2to3/fixes/fix_paren.py'...
Compiling '/tmp/ci-python-runtime.rXB7OKBE/install/lib/python3.12/multiprocessing/popen_fork.py'...
Compiling '/tmp/ci-python-runtime.rXB7OKBE/install/lib/python3.12/pydoc_data/__init__.py'...
Compiling '/tmp/ci-python-runtime.rXB7OKBE/install/lib/python3.12/re/_casefix.py'...
Compiling '/tmp/ci-python-runtime.rXB7OKBE/install/lib/python3.12/socket.py'...
Compiling '/tmp/ci-python-runtime.rXB7OKBE/install/lib/python3.12/test/test_argparse.py'...
Compiling '/tmp/ci-python-runtime.rXB7OKBE/install/lib/python3.12/test/test_importlib/resources/data01/__init__.py'...
Compiling '/tmp/ci-python-runtime.rXB7OKBE/install/lib/python3.12/test/test_importlib/test_windows.py'...
Compiling '/tmp/ci-python-runtime.rXB7OKBE/install/lib/python3.12/test/test_keyword.py'...
Compiling '/tmp/ci-python-runtime.rXB7OKBE/install/lib/python3.12/test/test_lib2to3/test_parser.py'...
Compiling '/tmp/ci-python-runtime.rXB7OKBE/install/lib/python3.12/test/test_pow.py'...
Compiling '/tmp/ci-python-runtime.rXB7OKBE/install/lib/python3.12/test/test_smtpnet.py'...
Compiling '/tmp/ci-python-runtime.rXB7OKBE/install/lib/python3.12/test/test_startfile.py'...
Compiling '/tmp/ci-python-runtime.rXB7OKBE/install/lib/python3.12/test/test_struct.py'...
Compiling '/tmp/ci-python-runtime.rXB7OKBE/install/lib/python3.12/test/test_unittest/test_skipping.py'...
Compiling '/tmp/ci-python-runtime.rXB7OKBE/install/lib/python3.12/test/time_hashlib.py'...
Compiling '/tmp/ci-python-runtime.rXB7OKBE/install/lib/python3.12/textwrap.py'...
Compiling '/tmp/ci-python-runtime.rXB7OKBE/install/lib/python3.12/xmlrpc/__init__.py'...
Compiling '/tmp/ci-python-runtime.rXB7OKBE/install/lib/python3.12/test/test_tkinter/test_simpledialog.py'...
Compiling '/tmp/ci-python-runtime.rXB7OKBE/install/lib/python3.12/test/test_tomllib/test_error.py'...
Compiling '/tmp/ci-python-runtime.rXB7OKBE/install/lib/python3.12/test/test_unittest/testmock/__main__.py'...
Compiling '/tmp/ci-python-runtime.rXB7OKBE/install/lib/python3.12/test/test_urllib2.py'...
Compiling '/tmp/ci-python-runtime.rXB7OKBE/install/lib/python3.12/unittest/__main__.py'...
Compiling '/tmp/ci-python-runtime.rXB7OKBE/install/lib/python3.12/xml/etree/ElementInclude.py'...
Compiling '/tmp/ci-python-runtime.rXB7OKBE/install/lib/python3.12/timeit.py'...
Compiling '/tmp/ci-python-runtime.rXB7OKBE/install/lib/python3.12/zipfile/__main__.py'...
Compiling '/tmp/ci-python-runtime.rXB7OKBE/install/lib/python3.12/asyncio/constants.py'...
Compiling '/tmp/ci-python-runtime.rXB7OKBE/install/lib/python3.12/asyncio/futures.py'...
Compiling '/tmp/ci-python-runtime.rXB7OKBE/install/lib/python3.12/code.py'...
Compiling '/tmp/ci-python-runtime.rXB7OKBE/install/lib/python3.12/copyreg.py'...
Compiling '/tmp/ci-python-runtime.rXB7OKBE/install/lib/python3.12/email/_policybase.py'...
Compiling '/tmp/ci-python-runtime.rXB7OKBE/install/lib/python3.12/encodings/cp273.py'...
Compiling '/tmp/ci-python-runtime.rXB7OKBE/install/lib/python3.12/encodings/iso8859_14.py'...
Compiling '/tmp/ci-python-runtime.rXB7OKBE/install/lib/python3.12/encodings/ptcp154.py'...
Compiling '/tmp/ci-python-runtime.rXB7OKBE/install/lib/python3.12/idlelib/hyperparser.py'...
Compiling '/tmp/ci-python-runtime.rXB7OKBE/install/lib/python3.12/idlelib/idle_test/test_squeezer.py'...
Compiling '/tmp/ci-python-runtime.rXB7OKBE/install/lib/python3.12/json/encoder.py'...
Compiling '/tmp/ci-python-runtime.rXB7OKBE/install/lib/python3.12/lib2to3/fixes/fix_raw_input.py'...
Compiling '/tmp/ci-python-runtime.rXB7OKBE/install/lib/python3.12/multiprocessing/popen_spawn_posix.py'...
Compiling '/tmp/ci-python-runtime.rXB7OKBE/install/lib/python3.12/random.py'...
Compiling '/tmp/ci-python-runtime.rXB7OKBE/install/lib/python3.12/test/audiotests.py'...
Compiling '/tmp/ci-python-runtime.rXB7OKBE/install/lib/python3.12/test/curses_tests.py'...
Compiling '/tmp/ci-python-runtime.rXB7OKBE/install/lib/python3.12/test/support/_hypothesis_stubs/__init__.py'...
Compiling '/tmp/ci-python-runtime.rXB7OKBE/install/lib/python3.12/test/test_asyncio/test_protocols.py'...
Compiling '/tmp/ci-python-runtime.rXB7OKBE/install/lib/python3.12/test/test_builtin.py'...
Compiling '/tmp/ci-python-runtime.rXB7OKBE/install/lib/python3.12/test/test_frame.py'...
Compiling '/tmp/ci-python-runtime.rXB7OKBE/install/lib/python3.12/test/test_htmlparser.py'...
Compiling '/tmp/ci-python-runtime.rXB7OKBE/install/lib/python3.12/test/test_importlib/extension/__main__.py'...
Compiling '/tmp/ci-python-runtime.rXB7OKBE/install/lib/python3.12/test/test_importlib/partial/pool_in_threads.py'...
Compiling '/tmp/ci-python-runtime.rXB7OKBE/install/lib/python3.12/test/test_importlib/test_spec.py'...
Compiling '/tmp/ci-python-runtime.rXB7OKBE/install/lib/python3.12/test/test_multiprocessing_forkserver/test_processes.py'...
Compiling '/tmp/ci-python-runtime.rXB7OKBE/install/lib/python3.12/test/test_ossaudiodev.py'...
Compiling '/tmp/ci-python-runtime.rXB7OKBE/install/lib/python3.12/test/test_pwd.py'...
Compiling '/tmp/ci-python-runtime.rXB7OKBE/install/lib/python3.12/test/test_selectors.py'...
Compiling '/tmp/ci-python-runtime.rXB7OKBE/install/lib/python3.12/test/test_tempfile.py'...
Compiling '/tmp/ci-python-runtime.rXB7OKBE/install/lib/python3.12/test/tracedmodules/__init__.py'...
Compiling '/tmp/ci-python-runtime.rXB7OKBE/install/lib/python3.12/tkinter/filedialog.py'...
Compiling '/tmp/ci-python-runtime.rXB7OKBE/install/lib/python3.12/xml/sax/_exceptions.py'...
Compiling '/tmp/ci-python-runtime.rXB7OKBE/install/lib/python3.12/cgitb.py'...
Compiling '/tmp/ci-python-runtime.rXB7OKBE/install/lib/python3.12/curses/__init__.py'...
Compiling '/tmp/ci-python-runtime.rXB7OKBE/install/lib/python3.12/email/headerregistry.py'...
Compiling '/tmp/ci-python-runtime.rXB7OKBE/install/lib/python3.12/encodings/iso2022_jp_2.py'...
Compiling '/tmp/ci-python-runtime.rXB7OKBE/install/lib/python3.12/encodings/raw_unicode_escape.py'...
Compiling '/tmp/ci-python-runtime.rXB7OKBE/install/lib/python3.12/idlelib/help_about.py'...
Compiling '/tmp/ci-python-runtime.rXB7OKBE/install/lib/python3.12/idlelib/idle_test/test_searchengine.py'...
Compiling '/tmp/ci-python-runtime.rXB7OKBE/install/lib/python3.12/importlib/resources/__init__.py'...
Compiling '/tmp/ci-python-runtime.rXB7OKBE/install/lib/python3.12/lib2to3/__main__.py'...
Compiling '/tmp/ci-python-runtime.rXB7OKBE/install/lib/python3.12/lib2to3/fixes/fix_urllib.py'...
Compiling '/tmp/ci-python-runtime.rXB7OKBE/install/lib/python3.12/multiprocessing/heap.py'...
Compiling '/tmp/ci-python-runtime.rXB7OKBE/install/lib/python3.12/runpy.py'...
Compiling '/tmp/ci-python-runtime.rXB7OKBE/install/lib/python3.12/test/libregrtest/results.py'...
Compiling '/tmp/ci-python-runtime.rXB7OKBE/install/lib/python3.12/test/test__opcode.py'...
Compiling '/tmp/ci-python-runtime.rXB7OKBE/install/lib/python3.12/test/test_bool.py'...
Compiling '/tmp/ci-python-runtime.rXB7OKBE/install/lib/python3.12/test/test_cmath.py'...
Compiling '/tmp/ci-python-runtime.rXB7OKBE/install/lib/python3.12/test/test_ctypes/test_array_in_pointer.py'...
Compiling '/tmp/ci-python-runtime.rXB7OKBE/install/lib/python3.12/test/test_ctypes/test_pickling.py'...
Compiling '/tmp/ci-python-runtime.rXB7OKBE/install/lib/python3.12/test/test_ctypes/test_win32.py'...
Compiling '/tmp/ci-python-runtime.rXB7OKBE/install/lib/python3.12/test/test_email/__main__.py'...
Compiling '/tmp/ci-python-runtime.rXB7OKBE/install/lib/python3.12/test/test_fork1.py'...
Compiling '/tmp/ci-python-runtime.rXB7OKBE/install/lib/python3.12/test/test_gdb/__init__.py'...
Compiling '/tmp/ci-python-runtime.rXB7OKBE/install/lib/python3.12/test/test_genericclass.py'...
Compiling '/tmp/ci-python-runtime.rXB7OKBE/install/lib/python3.12/test/test_importlib/__init__.py'...
Compiling '/tmp/ci-python-runtime.rXB7OKBE/install/lib/python3.12/test/test_importlib/import_/test_packages.py'...
Compiling '/tmp/ci-python-runtime.rXB7OKBE/install/lib/python3.12/test/test_importlib/resources/test_path.py'...
Compiling '/tmp/ci-python-runtime.rXB7OKBE/install/lib/python3.12/test/test_json/test_dump.py'...
Compiling '/tmp/ci-python-runtime.rXB7OKBE/install/lib/python3.12/test/test_lib2to3/support.py'...
Compiling '/tmp/ci-python-runtime.rXB7OKBE/install/lib/python3.12/test/test_multiprocessing_forkserver/test_misc.py'...
Compiling '/tmp/ci-python-runtime.rXB7OKBE/install/lib/python3.12/test/test_os.py'...
Compiling '/tmp/ci-python-runtime.rXB7OKBE/install/lib/python3.12/turtledemo/rosette.py'...
Compiling '/tmp/ci-python-runtime.rXB7OKBE/install/lib/python3.12/wsgiref/validate.py'...
Compiling '/tmp/ci-python-runtime.rXB7OKBE/install/lib/python3.12/email/quoprimime.py'...
Compiling '/tmp/ci-python-runtime.rXB7OKBE/install/lib/python3.12/encodings/cp865.py'...
Compiling '/tmp/ci-python-runtime.rXB7OKBE/install/lib/python3.12/filecmp.py'...
Compiling '/tmp/ci-python-runtime.rXB7OKBE/install/lib/python3.12/idlelib/calltip.py'...
Compiling '/tmp/ci-python-runtime.rXB7OKBE/install/lib/python3.12/idlelib/idle_test/test_help.py'...
Compiling '/tmp/ci-python-runtime.rXB7OKBE/install/lib/python3.12/idlelib/idle_test/test_util.py'...
Compiling '/tmp/ci-python-runtime.rXB7OKBE/install/lib/python3.12/imaplib.py'...
Compiling '/tmp/ci-python-runtime.rXB7OKBE/install/lib/python3.12/lib2to3/fixes/fix_types.py'...
Compiling '/tmp/ci-python-runtime.rXB7OKBE/install/lib/python3.12/nturl2path.py'...
Compiling '/tmp/ci-python-runtime.rXB7OKBE/install/lib/python3.12/profile.py'...
Compiling '/tmp/ci-python-runtime.rXB7OKBE/install/lib/python3.12/tarfile.py'...
Compiling '/tmp/ci-python-runtime.rXB7OKBE/install/lib/python3.12/test/libregrtest/runtests.py'...
Compiling '/tmp/ci-python-runtime.rXB7OKBE/install/lib/python3.12/test/test_abc.py'...
Compiling '/tmp/ci-python-runtime.rXB7OKBE/install/lib/python3.12/test/test_capi/test_structmembers.py'...
Compiling '/tmp/ci-python-runtime.rXB7OKBE/install/lib/python3.12/test/test_codecencodings_iso2022.py'...
Compiling '/tmp/ci-python-runtime.rXB7OKBE/install/lib/python3.12/test/test_codeop.py'...
Compiling '/tmp/ci-python-runtime.rXB7OKBE/install/lib/python3.12/test/test_crashers.py'...
Compiling '/tmp/ci-python-runtime.rXB7OKBE/install/lib/python3.12/test/test_ctypes/test_memfunctions.py'...
Compiling '/tmp/ci-python-runtime.rXB7OKBE/install/lib/python3.12/test/test_curses.py'...
Compiling '/tmp/ci-python-runtime.rXB7OKBE/install/lib/python3.12/test/test_genexps.py'...
Compiling '/tmp/ci-python-runtime.rXB7OKBE/install/lib/python3.12/test/test_import/__main__.py'...
Compiling '/tmp/ci-python-runtime.rXB7OKBE/install/lib/python3.12/test/test_import/data/circular_imports/subpkg/subpackage2.py'...
Compiling '/tmp/ci-python-runtime.rXB7OKBE/install/lib/python3.12/test/test_importlib/namespace_pkgs/module_and_namespace_package/a_test.py'...
Compiling '/tmp/ci-python-runtime.rXB7OKBE/install/lib/python3.12/test/test_importlib/resources/test_contents.py'...
Compiling '/tmp/ci-python-runtime.rXB7OKBE/install/lib/python3.12/test/test_iter.py'...
Compiling '/tmp/ci-python-runtime.rXB7OKBE/install/lib/python3.12/test/test_random.py'...
Compiling '/tmp/ci-python-runtime.rXB7OKBE/install/lib/python3.12/test/test_unittest/dummy.py'...
Compiling '/tmp/ci-python-runtime.rXB7OKBE/install/lib/python3.12/test/test_unittest/testmock/testhelpers.py'...
Compiling '/tmp/ci-python-runtime.rXB7OKBE/install/lib/python3.12/threading.py'...
Compiling '/tmp/ci-python-runtime.rXB7OKBE/install/lib/python3.12/test/test_unicode_file.py'...
Compiling '/tmp/ci-python-runtime.rXB7OKBE/install/lib/python3.12/test/test_urllibnet.py'...
Compiling '/tmp/ci-python-runtime.rXB7OKBE/install/lib/python3.12/test/test_zipfile64.py'...
Compiling '/tmp/ci-python-runtime.rXB7OKBE/install/lib/python3.12/tkinter/constants.py'...
Compiling '/tmp/ci-python-runtime.rXB7OKBE/install/lib/python3.12/urllib/__init__.py'...
Compiling '/tmp/ci-python-runtime.rXB7OKBE/install/lib/python3.12/xml/sax/__init__.py'...
Compiling '/tmp/ci-python-runtime.rXB7OKBE/install/lib/python3.12/colorsys.py'...
Compiling '/tmp/ci-python-runtime.rXB7OKBE/install/lib/python3.12/crypt.py'...
Compiling '/tmp/ci-python-runtime.rXB7OKBE/install/lib/python3.12/difflib.py'...
Compiling '/tmp/ci-python-runtime.rXB7OKBE/install/lib/python3.12/encodings/mac_arabic.py'...
Compiling '/tmp/ci-python-runtime.rXB7OKBE/install/lib/python3.12/idlelib/colorizer.py'...
Compiling '/tmp/ci-python-runtime.rXB7OKBE/install/lib/python3.12/idlelib/idle_test/test_runscript.py'...
Compiling '/tmp/ci-python-runtime.rXB7OKBE/install/lib/python3.12/idlelib/stackviewer.py'...
Compiling '/tmp/ci-python-runtime.rXB7OKBE/install/lib/python3.12/keyword.py'...
Compiling '/tmp/ci-python-runtime.rXB7OKBE/install/lib/python3.12/lib2to3/fixes/fix_buffer.py'...
Compiling '/tmp/ci-python-runtime.rXB7OKBE/install/lib/python3.12/lib2to3/main.py'...
Compiling '/tmp/ci-python-runtime.rXB7OKBE/install/lib/python3.12/quopri.py'...
Compiling '/tmp/ci-python-runtime.rXB7OKBE/install/lib/python3.12/symtable.py'...
Compiling '/tmp/ci-python-runtime.rXB7OKBE/install/lib/python3.12/test/crashers/mutation_inside_cyclegc.py'...
Compiling '/tmp/ci-python-runtime.rXB7OKBE/install/lib/python3.12/test/fork_wait.py'...
Compiling '/tmp/ci-python-runtime.rXB7OKBE/install/lib/python3.12/test/seq_tests.py'...
Compiling '/tmp/ci-python-runtime.rXB7OKBE/install/lib/python3.12/test/test_asyncio/test_proactor_events.py'...
Compiling '/tmp/ci-python-runtime.rXB7OKBE/install/lib/python3.12/test/test_ctypes/__init__.py'...
Compiling '/tmp/ci-python-runtime.rXB7OKBE/install/lib/python3.12/test/test_ctypes/test_cfuncs.py'...
Compiling '/tmp/ci-python-runtime.rXB7OKBE/install/lib/python3.12/test/test_defaultdict.py'...
Compiling '/tmp/ci-python-runtime.rXB7OKBE/install/lib/python3.12/test/test_fileinput.py'...
Compiling '/tmp/ci-python-runtime.rXB7OKBE/install/lib/python3.12/test/test_importlib/namespace_pkgs/both_portions/foo/two.py'...
Compiling '/tmp/ci-python-runtime.rXB7OKBE/install/lib/python3.12/test/test_importlib/resources/data03/namespace/portion2/__init__.py'...
Compiling '/tmp/ci-python-runtime.rXB7OKBE/install/lib/python3.12/test/test_io.py'...
Compiling '/tmp/ci-python-runtime.rXB7OKBE/install/lib/python3.12/zipfile/_path/glob.py'...
Compiling '/tmp/ci-python-runtime.rXB7OKBE/install/lib/python3.12/asyncio/events.py'...
Compiling '/tmp/ci-python-runtime.rXB7OKBE/install/lib/python3.12/contextlib.py'...
Compiling '/tmp/ci-python-runtime.rXB7OKBE/install/lib/python3.12/encodings/base64_codec.py'...
Compiling '/tmp/ci-python-runtime.rXB7OKBE/install/lib/python3.12/encodings/cp860.py'...
Compiling '/tmp/ci-python-runtime.rXB7OKBE/install/lib/python3.12/encodings/mac_croatian.py'...
Compiling '/tmp/ci-python-runtime.rXB7OKBE/install/lib/python3.12/html/parser.py'...
Compiling '/tmp/ci-python-runtime.rXB7OKBE/install/lib/python3.12/idlelib/idle_test/test_editmenu.py'...
Compiling '/tmp/ci-python-runtime.rXB7OKBE/install/lib/python3.12/idlelib/idle_test/test_window.py'...
Compiling '/tmp/ci-python-runtime.rXB7OKBE/install/lib/python3.12/importlib/__init__.py'...
Compiling '/tmp/ci-python-runtime.rXB7OKBE/install/lib/python3.12/lib2to3/fixes/fix_sys_exc.py'...
Compiling '/tmp/ci-python-runtime.rXB7OKBE/install/lib/python3.12/multiprocessing/util.py'...
Compiling '/tmp/ci-python-runtime.rXB7OKBE/install/lib/python3.12/re/_parser.py'...
Compiling '/tmp/ci-python-runtime.rXB7OKBE/install/lib/python3.12/test/libregrtest/findtests.py'...
Compiling '/tmp/ci-python-runtime.rXB7OKBE/install/lib/python3.12/test/string_tests.py'...
Compiling '/tmp/ci-python-runtime.rXB7OKBE/install/lib/python3.12/test/test_ctypes/test_errno.py'...
Compiling '/tmp/ci-python-runtime.rXB7OKBE/install/lib/python3.12/test/test_ctypes/test_stringptr.py'...
Compiling '/tmp/ci-python-runtime.rXB7OKBE/install/lib/python3.12/test/test_dis.py'...
Compiling '/tmp/ci-python-runtime.rXB7OKBE/install/lib/python3.12/test/test_import/data/circular_imports/rebinding.py'...
Compiling '/tmp/ci-python-runtime.rXB7OKBE/install/lib/python3.12/test/test_import/data/unwritable/__init__.py'...
Compiling '/tmp/ci-python-runtime.rXB7OKBE/install/lib/python3.12/test/test_importlib/import_/test_api.py'...
Compiling '/tmp/ci-python-runtime.rXB7OKBE/install/lib/python3.12/test/test_importlib/resources/test_read.py'...
Compiling '/tmp/ci-python-runtime.rXB7OKBE/install/lib/python3.12/test/test_json/test_enum.py'...
Compiling '/tmp/ci-python-runtime.rXB7OKBE/install/lib/python3.12/test/test_longexp.py'...
Compiling '/tmp/ci-python-runtime.rXB7OKBE/install/lib/python3.12/test/test_operator.py'...
Compiling '/tmp/ci-python-runtime.rXB7OKBE/install/lib/python3.12/test/test_pty.py'...
Compiling '/tmp/ci-python-runtime.rXB7OKBE/install/lib/python3.12/test/test_socketserver.py'...
Compiling '/tmp/ci-python-runtime.rXB7OKBE/install/lib/python3.12/test/test_tkinter/test_colorchooser.py'...
Compiling '/tmp/ci-python-runtime.rXB7OKBE/install/lib/python3.12/test/test_tomllib/burntsushi.py'...
Compiling '/tmp/ci-python-runtime.rXB7OKBE/install/lib/python3.12/test/test_tools/test_freeze.py'...
Compiling '/tmp/ci-python-runtime.rXB7OKBE/install/lib/python3.12/test/test_unittest/test_result.py'...
Compiling '/tmp/ci-python-runtime.rXB7OKBE/install/lib/python3.12/tty.py'...
Compiling '/tmp/ci-python-runtime.rXB7OKBE/install/lib/python3.12/venv/__init__.py'...
Compiling '/tmp/ci-python-runtime.rXB7OKBE/install/lib/python3.12/curses/panel.py'...
Compiling '/tmp/ci-python-runtime.rXB7OKBE/install/lib/python3.12/email/message.py'...
Compiling '/tmp/ci-python-runtime.rXB7OKBE/install/lib/python3.12/encodings/koi8_u.py'...
Compiling '/tmp/ci-python-runtime.rXB7OKBE/install/lib/python3.12/idlelib/browser.py'...
Compiling '/tmp/ci-python-runtime.rXB7OKBE/install/lib/python3.12/idlelib/idle_test/test_multicall.py'...
Compiling '/tmp/ci-python-runtime.rXB7OKBE/install/lib/python3.12/idlelib/idle_test/test_zzdummy.py'...
Compiling '/tmp/ci-python-runtime.rXB7OKBE/install/lib/python3.12/importlib/metadata/_functools.py'...
Compiling '/tmp/ci-python-runtime.rXB7OKBE/install/lib/python3.12/lib2to3/fixes/fix_reduce.py'...
Compiling '/tmp/ci-python-runtime.rXB7OKBE/install/lib/python3.12/multiprocessing/popen_spawn_win32.py'...
Compiling '/tmp/ci-python-runtime.rXB7OKBE/install/lib/python3.12/queue.py'...
Compiling '/tmp/ci-python-runtime.rXB7OKBE/install/lib/python3.12/sre_parse.py'...
Compiling '/tmp/ci-python-runtime.rXB7OKBE/install/lib/python3.12/test/leakers/__init__.py'...
Compiling '/tmp/ci-python-runtime.rXB7OKBE/install/lib/python3.12/test/libregrtest/logger.py'...
Compiling '/tmp/ci-python-runtime.rXB7OKBE/install/lib/python3.12/test/subprocessdata/qgrep.py'...
Compiling '/tmp/ci-python-runtime.rXB7OKBE/install/lib/python3.12/test/test_asyncio/test_context.py'...
Compiling '/tmp/ci-python-runtime.rXB7OKBE/install/lib/python3.12/test/test_bufio.py'...
Compiling '/tmp/ci-python-runtime.rXB7OKBE/install/lib/python3.12/test/test_capi/test_abstract.py'...
Compiling '/tmp/ci-python-runtime.rXB7OKBE/install/lib/python3.12/test/test_csv.py'...
Compiling '/tmp/ci-python-runtime.rXB7OKBE/install/lib/python3.12/test/test_future_stmt/test_future_flags.py'...
Compiling '/tmp/ci-python-runtime.rXB7OKBE/install/lib/python3.12/test/test_grammar.py'...
Compiling '/tmp/ci-python-runtime.rXB7OKBE/install/lib/python3.12/test/test_mailbox.py'...
Compiling '/tmp/ci-python-runtime.rXB7OKBE/install/lib/python3.12/test/test_unittest/__init__.py'...
Compiling '/tmp/ci-python-runtime.rXB7OKBE/install/lib/python3.12/test/test_unittest/testmock/testmock.py'...
Compiling '/tmp/ci-python-runtime.rXB7OKBE/install/lib/python3.12/urllib/response.py'...
Compiling '/tmp/ci-python-runtime.rXB7OKBE/install/lib/python3.12/zoneinfo/__init__.py'...
Compiling '/tmp/ci-python-runtime.rXB7OKBE/install/lib/python3.12/_weakrefset.py'...
Compiling '/tmp/ci-python-runtime.rXB7OKBE/install/lib/python3.12/asyncio/streams.py'...
Compiling '/tmp/ci-python-runtime.rXB7OKBE/install/lib/python3.12/dbm/__init__.py'...
Compiling '/tmp/ci-python-runtime.rXB7OKBE/install/lib/python3.12/encodings/__init__.py'...
Compiling '/tmp/ci-python-runtime.rXB7OKBE/install/lib/python3.12/encodings/cp875.py'...
Compiling '/tmp/ci-python-runtime.rXB7OKBE/install/lib/python3.12/encodings/koi8_r.py'...
Compiling '/tmp/ci-python-runtime.rXB7OKBE/install/lib/python3.12/gzip.py'...
Compiling '/tmp/ci-python-runtime.rXB7OKBE/install/lib/python3.12/idlelib/debugobj.py'...
Compiling '/tmp/ci-python-runtime.rXB7OKBE/install/lib/python3.12/idlelib/idle_test/test_macosx.py'...
Compiling '/tmp/ci-python-runtime.rXB7OKBE/install/lib/python3.12/idlelib/parenmatch.py'...
Compiling '/tmp/ci-python-runtime.rXB7OKBE/install/lib/python3.12/importlib/resources/abc.py'...
Compiling '/tmp/ci-python-runtime.rXB7OKBE/install/lib/python3.12/lib2to3/fixes/fix_exitfunc.py'...
Compiling '/tmp/ci-python-runtime.rXB7OKBE/install/lib/python3.12/locale.py'...
Compiling '/tmp/ci-python-runtime.rXB7OKBE/install/lib/python3.12/test/libregrtest/pgo.py'...
Compiling '/tmp/ci-python-runtime.rXB7OKBE/install/lib/python3.12/test/test_asyncio/__init__.py'...
Compiling '/tmp/ci-python-runtime.rXB7OKBE/install/lib/python3.12/test/test_asyncio/test_taskgroups.py'...
Compiling '/tmp/ci-python-runtime.rXB7OKBE/install/lib/python3.12/test/test_codecmaps_jp.py'...
Compiling '/tmp/ci-python-runtime.rXB7OKBE/install/lib/python3.12/test/test_concurrent_futures/test_init.py'...
Compiling '/tmp/ci-python-runtime.rXB7OKBE/install/lib/python3.12/test/test_ctypes/__main__.py'...
Compiling '/tmp/ci-python-runtime.rXB7OKBE/install/lib/python3.12/test/test_ctypes/test_numbers.py'...
Compiling '/tmp/ci-python-runtime.rXB7OKBE/install/lib/python3.12/test/test_dbm.py'...
Compiling '/tmp/ci-python-runtime.rXB7OKBE/install/lib/python3.12/test/test_exceptions.py'...
Compiling '/tmp/ci-python-runtime.rXB7OKBE/install/lib/python3.12/test/test_importlib/source/test_finder.py'...
Compiling '/tmp/ci-python-runtime.rXB7OKBE/install/lib/python3.12/test/test_lib2to3/__init__.py'...
Compiling '/tmp/ci-python-runtime.rXB7OKBE/install/lib/python3.12/test/test_lib2to3/test_pytree.py'...
Compiling '/tmp/ci-python-runtime.rXB7OKBE/install/lib/python3.12/test/test_pstats.py'...
Compiling '/tmp/ci-python-runtime.rXB7OKBE/install/lib/python3.12/test/test_shelve.py'...
Compiling '/tmp/ci-python-runtime.rXB7OKBE/install/lib/python3.12/test/test_strtod.py'...
Compiling '/tmp/ci-python-runtime.rXB7OKBE/install/lib/python3.12/test/test_tkinter/test_geometry_managers.py'...
Compiling '/tmp/ci-python-runtime.rXB7OKBE/install/lib/python3.12/test/test_winsound.py'...
Compiling '/tmp/ci-python-runtime.rXB7OKBE/install/lib/python3.12/tomllib/_re.py'...
Compiling '/tmp/ci-python-runtime.rXB7OKBE/install/lib/python3.12/uuid.py'...
Compiling '/tmp/ci-python-runtime.rXB7OKBE/install/lib/python3.12/_threading_local.py'...
Compiling '/tmp/ci-python-runtime.rXB7OKBE/install/lib/python3.12/asyncio/base_subprocess.py'...
Compiling '/tmp/ci-python-runtime.rXB7OKBE/install/lib/python3.12/bisect.py'...
Compiling '/tmp/ci-python-runtime.rXB7OKBE/install/lib/python3.12/collections/abc.py'...
Compiling '/tmp/ci-python-runtime.rXB7OKBE/install/lib/python3.12/compileall.py'...
Compiling '/tmp/ci-python-runtime.rXB7OKBE/install/lib/python3.12/dbm/dumb.py'...
Compiling '/tmp/ci-python-runtime.rXB7OKBE/install/lib/python3.12/email/feedparser.py'...
Compiling '/tmp/ci-python-runtime.rXB7OKBE/install/lib/python3.12/encodings/euc_kr.py'...
Compiling '/tmp/ci-python-runtime.rXB7OKBE/install/lib/python3.12/encodings/mac_turkish.py'...
Compiling '/tmp/ci-python-runtime.rXB7OKBE/install/lib/python3.12/idlelib/idle_test/test_parenmatch.py'...
Compiling '/tmp/ci-python-runtime.rXB7OKBE/install/lib/python3.12/idlelib/outwin.py'...
Compiling '/tmp/ci-python-runtime.rXB7OKBE/install/lib/python3.12/lib2to3/fixer_base.py'...
Compiling '/tmp/ci-python-runtime.rXB7OKBE/install/lib/python3.12/lib2to3/pgen2/literals.py'...
Compiling '/tmp/ci-python-runtime.rXB7OKBE/install/lib/python3.12/os.py'...
Compiling '/tmp/ci-python-runtime.rXB7OKBE/install/lib/python3.12/test/libregrtest/setup.py'...
Compiling '/tmp/ci-python-runtime.rXB7OKBE/install/lib/python3.12/test/support/asynchat.py'...
Compiling '/tmp/ci-python-runtime.rXB7OKBE/install/lib/python3.12/test/test_asyncio/test_tasks.py'...
Compiling '/tmp/ci-python-runtime.rXB7OKBE/install/lib/python3.12/test/test_importlib/__main__.py'...
Compiling '/tmp/ci-python-runtime.rXB7OKBE/install/lib/python3.12/test/test_importlib/namespace_pkgs/both_portions/foo/one.py'...
Compiling '/tmp/ci-python-runtime.rXB7OKBE/install/lib/python3.12/test/test_int_literal.py'...
Compiling '/tmp/ci-python-runtime.rXB7OKBE/install/lib/python3.12/test/test_lib2to3/test_main.py'...
Compiling '/tmp/ci-python-runtime.rXB7OKBE/install/lib/python3.12/test/test_peg_generator/__main__.py'...
Compiling '/tmp/ci-python-runtime.rXB7OKBE/install/lib/python3.12/test/test_pkg.py'...
Compiling '/tmp/ci-python-runtime.rXB7OKBE/install/lib/python3.12/test/test_re.py'...
Compiling '/tmp/ci-python-runtime.rXB7OKBE/install/lib/python3.12/wsgiref/handlers.py'...
Compiling '/tmp/ci-python-runtime.rXB7OKBE/install/lib/python3.12/test/test_type_params.py'...
Compiling '/tmp/ci-python-runtime.rXB7OKBE/install/lib/python3.12/turtledemo/forest.py'...
Compiling '/tmp/ci-python-runtime.rXB7OKBE/install/lib/python3.12/unittest/_log.py'...
Compiling '/tmp/ci-python-runtime.rXB7OKBE/install/lib/python3.12/xml/parsers/expat.py'...
Compiling '/tmp/ci-python-runtime.rXB7OKBE/install/lib/python3.12/xml/sax/handler.py'...
Compiling '/tmp/ci-python-runtime.rXB7OKBE/install/lib/python3.12/__hello__.py'...
Compiling '/tmp/ci-python-runtime.rXB7OKBE/install/lib/python3.12/__phello__/spam.py'...
Compiling '/tmp/ci-python-runtime.rXB7OKBE/install/lib/python3.12/_compression.py'...
Compiling '/tmp/ci-python-runtime.rXB7OKBE/install/lib/python3.12/abc.py'...
Compiling '/tmp/ci-python-runtime.rXB7OKBE/install/lib/python3.12/asyncio/exceptions.py'...
Compiling '/tmp/ci-python-runtime.rXB7OKBE/install/lib/python3.12/asyncio/mixins.py'...
Compiling '/tmp/ci-python-runtime.rXB7OKBE/install/lib/python3.12/asyncio/subprocess.py'...
Compiling '/tmp/ci-python-runtime.rXB7OKBE/install/lib/python3.12/collections/__init__.py'...
Compiling '/tmp/ci-python-runtime.rXB7OKBE/install/lib/python3.12/encodings/cp861.py'...
Compiling '/tmp/ci-python-runtime.rXB7OKBE/install/lib/python3.12/encodings/mac_cyrillic.py'...
Compiling '/tmp/ci-python-runtime.rXB7OKBE/install/lib/python3.12/http/client.py'...
Compiling '/tmp/ci-python-runtime.rXB7OKBE/install/lib/python3.12/idlelib/statusbar.py'...
Compiling '/tmp/ci-python-runtime.rXB7OKBE/install/lib/python3.12/importlib/simple.py'...
Compiling '/tmp/ci-python-runtime.rXB7OKBE/install/lib/python3.12/lib2to3/fixes/fix_tuple_params.py'...
Compiling '/tmp/ci-python-runtime.rXB7OKBE/install/lib/python3.12/pickletools.py'...
Compiling '/tmp/ci-python-runtime.rXB7OKBE/install/lib/python3.12/test/libregrtest/run_workers.py'...
Compiling '/tmp/ci-python-runtime.rXB7OKBE/install/lib/python3.12/test/test_aifc.py'...
Compiling '/tmp/ci-python-runtime.rXB7OKBE/install/lib/python3.12/test/test_capi/__main__.py'...
Compiling '/tmp/ci-python-runtime.rXB7OKBE/install/lib/python3.12/test/test_capi/test_dict.py'...
Compiling '/tmp/ci-python-runtime.rXB7OKBE/install/lib/python3.12/test/test_codecmaps_cn.py'...
Compiling '/tmp/ci-python-runtime.rXB7OKBE/install/lib/python3.12/test/test_compileall.py'...
Compiling '/tmp/ci-python-runtime.rXB7OKBE/install/lib/python3.12/test/test_email/test_headerregistry.py'...
Compiling '/tmp/ci-python-runtime.rXB7OKBE/install/lib/python3.12/test/test_importlib/abc.py'...
Compiling '/tmp/ci-python-runtime.rXB7OKBE/install/lib/python3.12/test/test_importlib/resources/data03/__init__.py'...
Compiling '/tmp/ci-python-runtime.rXB7OKBE/install/lib/python3.12/test/test_int.py'...
Compiling '/tmp/ci-python-runtime.rXB7OKBE/install/lib/python3.12/test/test_popen.py'...
Compiling '/tmp/ci-python-runtime.rXB7OKBE/install/lib/python3.12/test/test_sax.py'...
Compiling '/tmp/ci-python-runtime.rXB7OKBE/install/lib/python3.12/test/test_unittest/_test_warnings.py'...
Compiling '/tmp/ci-python-runtime.rXB7OKBE/install/lib/python3.12/test/test_unittest/testmock/testwith.py'...
Compiling '/tmp/ci-python-runtime.rXB7OKBE/install/lib/python3.12/test/typinganndata/ann_module5.py'...
Compiling '/tmp/ci-python-runtime.rXB7OKBE/install/lib/python3.12/tkinter/ttk.py'...
Compiling '/tmp/ci-python-runtime.rXB7OKBE/install/lib/python3.12/encodings/cp1251.py'...
Compiling '/tmp/ci-python-runtime.rXB7OKBE/install/lib/python3.12/encodings/hex_codec.py'...
Compiling '/tmp/ci-python-runtime.rXB7OKBE/install/lib/python3.12/encodings/undefined.py'...
Compiling '/tmp/ci-python-runtime.rXB7OKBE/install/lib/python3.12/idlelib/idle_test/test_format.py'...
Compiling '/tmp/ci-python-runtime.rXB7OKBE/install/lib/python3.12/importlib/metadata/__init__.py'...
Compiling '/tmp/ci-python-runtime.rXB7OKBE/install/lib/python3.12/lib2to3/fixes/fix_reload.py'...
Compiling '/tmp/ci-python-runtime.rXB7OKBE/install/lib/python3.12/multiprocessing/reduction.py'...
Compiling '/tmp/ci-python-runtime.rXB7OKBE/install/lib/python3.12/signal.py'...
Compiling '/tmp/ci-python-runtime.rXB7OKBE/install/lib/python3.12/test/__init__.py'...
Compiling '/tmp/ci-python-runtime.rXB7OKBE/install/lib/python3.12/test/autotest.py'...
Compiling '/tmp/ci-python-runtime.rXB7OKBE/install/lib/python3.12/test/support/threading_helper.py'...
Compiling '/tmp/ci-python-runtime.rXB7OKBE/install/lib/python3.12/test/test_asyncio/test_windows_utils.py'...
Compiling '/tmp/ci-python-runtime.rXB7OKBE/install/lib/python3.12/test/test_capi/check_config.py'...
Compiling '/tmp/ci-python-runtime.rXB7OKBE/install/lib/python3.12/test/test_capi/test_immortal.py'...
Compiling '/tmp/ci-python-runtime.rXB7OKBE/install/lib/python3.12/test/test_capi/test_set.py'...
Compiling '/tmp/ci-python-runtime.rXB7OKBE/install/lib/python3.12/test/test_codecmaps_hk.py'...
Compiling '/tmp/ci-python-runtime.rXB7OKBE/install/lib/python3.12/test/test_concurrent_futures/__init__.py'...
Compiling '/tmp/ci-python-runtime.rXB7OKBE/install/lib/python3.12/test/test_contextlib.py'...
Compiling '/tmp/ci-python-runtime.rXB7OKBE/install/lib/python3.12/test/test_ensurepip.py'...
Compiling '/tmp/ci-python-runtime.rXB7OKBE/install/lib/python3.12/test/test_getpass.py'...
Compiling '/tmp/ci-python-runtime.rXB7OKBE/install/lib/python3.12/test/test_import/data/circular_imports/subpkg2/__init__.py'...
Compiling '/tmp/ci-python-runtime.rXB7OKBE/install/lib/python3.12/test/test_importlib/extension/__init__.py'...
Compiling '/tmp/ci-python-runtime.rXB7OKBE/install/lib/python3.12/test/test_importlib/resources/_path.py'...
Compiling '/tmp/ci-python-runtime.rXB7OKBE/install/lib/python3.12/test/test_importlib/threaded_import_hangers.py'...
Compiling '/tmp/ci-python-runtime.rXB7OKBE/install/lib/python3.12/test/test_json/test_unicode.py'...
Compiling '/tmp/ci-python-runtime.rXB7OKBE/install/lib/python3.12/test/test_mailcap.py'...
Compiling '/tmp/ci-python-runtime.rXB7OKBE/install/lib/python3.12/test/test_peg_generator/test_c_parser.py'...
Compiling '/tmp/ci-python-runtime.rXB7OKBE/install/lib/python3.12/test/test_robotparser.py'...
Compiling '/tmp/ci-python-runtime.rXB7OKBE/install/lib/python3.12/test/test_sqlite3/__main__.py'...
Compiling '/tmp/ci-python-runtime.rXB7OKBE/install/lib/python3.12/test/test_stable_abi_ctypes.py'...
Compiling '/tmp/ci-python-runtime.rXB7OKBE/install/lib/python3.12/test/test_sysconfig.py'...
Compiling '/tmp/ci-python-runtime.rXB7OKBE/install/lib/python3.12/test/test_unicode_file_functions.py'...
Compiling '/tmp/ci-python-runtime.rXB7OKBE/install/lib/python3.12/test/test_urllib2net.py'...
Compiling '/tmp/ci-python-runtime.rXB7OKBE/install/lib/python3.12/test/test_zoneinfo/__init__.py'...
Compiling '/tmp/ci-python-runtime.rXB7OKBE/install/lib/python3.12/test/typinganndata/ann_module9.py'...
Compiling '/tmp/ci-python-runtime.rXB7OKBE/install/lib/python3.12/traceback.py'...
Compiling '/tmp/ci-python-runtime.rXB7OKBE/install/lib/python3.12/asyncio/format_helpers.py'...
Compiling '/tmp/ci-python-runtime.rXB7OKBE/install/lib/python3.12/asyncio/tasks.py'...
Compiling '/tmp/ci-python-runtime.rXB7OKBE/install/lib/python3.12/email/_parseaddr.py'...
Compiling '/tmp/ci-python-runtime.rXB7OKBE/install/lib/python3.12/encodings/cp866.py'...
Compiling '/tmp/ci-python-runtime.rXB7OKBE/install/lib/python3.12/ensurepip/__main__.py'...
Compiling '/tmp/ci-python-runtime.rXB7OKBE/install/lib/python3.12/getopt.py'...
Compiling '/tmp/ci-python-runtime.rXB7OKBE/install/lib/python3.12/idlelib/autocomplete.py'...
Compiling '/tmp/ci-python-runtime.rXB7OKBE/install/lib/python3.12/idlelib/idle_test/test_iomenu.py'...
Compiling '/tmp/ci-python-runtime.rXB7OKBE/install/lib/python3.12/idlelib/iomenu.py'...
Compiling '/tmp/ci-python-runtime.rXB7OKBE/install/lib/python3.12/lib2to3/fixes/fix_imports.py'...
Compiling '/tmp/ci-python-runtime.rXB7OKBE/install/lib/python3.12/multiprocessing/managers.py'...
Compiling '/tmp/ci-python-runtime.rXB7OKBE/install/lib/python3.12/test/datetimetester.py'...
Compiling '/tmp/ci-python-runtime.rXB7OKBE/install/lib/python3.12/test/test_importlib/test_abc.py'...
Compiling '/tmp/ci-python-runtime.rXB7OKBE/install/lib/python3.12/test/test_ordered_dict.py'...
Compiling '/tmp/ci-python-runtime.rXB7OKBE/install/lib/python3.12/test/test_super.py'...
Compiling '/tmp/ci-python-runtime.rXB7OKBE/install/lib/python3.12/test/test_types.py'...
Compiling '/tmp/ci-python-runtime.rXB7OKBE/install/lib/python3.12/warnings.py'...
Compiling '/tmp/ci-python-runtime.rXB7OKBE/install/lib/python3.12/tokenize.py'...
Compiling '/tmp/ci-python-runtime.rXB7OKBE/install/lib/python3.12/zipapp.py'...
Compiling '/tmp/ci-python-runtime.rXB7OKBE/install/lib/python3.12/idlelib/idle_test/test_statusbar.py'...
Compiling '/tmp/ci-python-runtime.rXB7OKBE/install/lib/python3.12/idlelib/undo.py'...
Compiling '/tmp/ci-python-runtime.rXB7OKBE/install/lib/python3.12/lib2to3/pgen2/__init__.py'...
Compiling '/tmp/ci-python-runtime.rXB7OKBE/install/lib/python3.12/multiprocessing/spawn.py'...
Compiling '/tmp/ci-python-runtime.rXB7OKBE/install/lib/python3.12/socketserver.py'...
Compiling '/tmp/ci-python-runtime.rXB7OKBE/install/lib/python3.12/test/test___all__.py'...
Compiling '/tmp/ci-python-runtime.rXB7OKBE/install/lib/python3.12/test/test_asyncio/test_unix_events.py'...
Compiling '/tmp/ci-python-runtime.rXB7OKBE/install/lib/python3.12/test/test_flufl.py'...
Compiling '/tmp/ci-python-runtime.rXB7OKBE/install/lib/python3.12/test/test_generators.py'...
Compiling '/tmp/ci-python-runtime.rXB7OKBE/install/lib/python3.12/test/test_importlib/namespace_pkgs/project1/parent/child/one.py'...
Compiling '/tmp/ci-python-runtime.rXB7OKBE/install/lib/python3.12/test/test_importlib/source/test_path_hook.py'...
Compiling '/tmp/ci-python-runtime.rXB7OKBE/install/lib/python3.12/test/test_json/test_pass1.py'...
Compiling '/tmp/ci-python-runtime.rXB7OKBE/install/lib/python3.12/test/test_module/final_b.py'...
Compiling '/tmp/ci-python-runtime.rXB7OKBE/install/lib/python3.12/test/test_multiprocessing_spawn/test_processes.py'...
Compiling '/tmp/ci-python-runtime.rXB7OKBE/install/lib/python3.12/test/test_peg_generator/test_grammar_validator.py'...
Compiling '/tmp/ci-python-runtime.rXB7OKBE/install/lib/python3.12/test/test_poll.py'...
Compiling '/tmp/ci-python-runtime.rXB7OKBE/install/lib/python3.12/test/test_secrets.py'...
Compiling '/tmp/ci-python-runtime.rXB7OKBE/install/lib/python3.12/test/test_sqlite3/test_cli.py'...
Compiling '/tmp/ci-python-runtime.rXB7OKBE/install/lib/python3.12/test/test_structseq.py'...
Compiling '/tmp/ci-python-runtime.rXB7OKBE/install/lib/python3.12/test/test_textwrap.py'...
Compiling '/tmp/ci-python-runtime.rXB7OKBE/install/lib/python3.12/test/test_unicode.py'...
Compiling '/tmp/ci-python-runtime.rXB7OKBE/install/lib/python3.12/xml/sax/xmlreader.py'...
Compiling '/tmp/ci-python-runtime.rXB7OKBE/install/lib/python3.12/idlelib/editor.py'...
Compiling '/tmp/ci-python-runtime.rXB7OKBE/install/lib/python3.12/lib2to3/fixes/fix_print.py'...
Compiling '/tmp/ci-python-runtime.rXB7OKBE/install/lib/python3.12/multiprocessing/process.py'...
Compiling '/tmp/ci-python-runtime.rXB7OKBE/install/lib/python3.12/shelve.py'...
Compiling '/tmp/ci-python-runtime.rXB7OKBE/install/lib/python3.12/test/_test_eintr.py'...
Compiling '/tmp/ci-python-runtime.rXB7OKBE/install/lib/python3.12/test/libregrtest/testresult.py'...
Compiling '/tmp/ci-python-runtime.rXB7OKBE/install/lib/python3.12/test/test_asyncio/test_streams.py'...
Compiling '/tmp/ci-python-runtime.rXB7OKBE/install/lib/python3.12/test/test_ctypes/test_incomplete.py'...
Compiling '/tmp/ci-python-runtime.rXB7OKBE/install/lib/python3.12/test/test_ctypes/test_unaligned_structures.py'...
Compiling '/tmp/ci-python-runtime.rXB7OKBE/install/lib/python3.12/test/test_doctest/sample_doctest.py'...
Compiling '/tmp/ci-python-runtime.rXB7OKBE/install/lib/python3.12/test/test_email/test_parser.py'...
Compiling '/tmp/ci-python-runtime.rXB7OKBE/install/lib/python3.12/test/test_genericalias.py'...
Compiling '/tmp/ci-python-runtime.rXB7OKBE/install/lib/python3.12/test/test_importlib/namespace_pkgs/project3/parent/child/three.py'...
Compiling '/tmp/ci-python-runtime.rXB7OKBE/install/lib/python3.12/test/test_importlib/test_locks.py'...
Compiling '/tmp/ci-python-runtime.rXB7OKBE/install/lib/python3.12/test/test_memoryview.py'...
Compiling '/tmp/ci-python-runtime.rXB7OKBE/install/lib/python3.12/test/test_richcmp.py'...
Compiling '/tmp/ci-python-runtime.rXB7OKBE/install/lib/python3.12/test/test_sundry.py'...
Compiling '/tmp/ci-python-runtime.rXB7OKBE/install/lib/python3.12/test/test_syslog.py'...
Compiling '/tmp/ci-python-runtime.rXB7OKBE/install/lib/python3.12/test/test_tkinter/test_messagebox.py'...
Compiling '/tmp/ci-python-runtime.rXB7OKBE/install/lib/python3.12/test/test_unittest/support.py'...
Compiling '/tmp/ci-python-runtime.rXB7OKBE/install/lib/python3.12/test/test_urllib_response.py'...
Compiling '/tmp/ci-python-runtime.rXB7OKBE/install/lib/python3.12/test/test_winreg.py'...
Compiling '/tmp/ci-python-runtime.rXB7OKBE/install/lib/python3.12/tracemalloc.py'...
Compiling '/tmp/ci-python-runtime.rXB7OKBE/install/lib/python3.12/zoneinfo/_common.py'...
Compiling '/tmp/ci-python-runtime.rXB7OKBE/install/lib/python3.12/encodings/cp855.py'...
Compiling '/tmp/ci-python-runtime.rXB7OKBE/install/lib/python3.12/encodings/mac_iceland.py'...
Compiling '/tmp/ci-python-runtime.rXB7OKBE/install/lib/python3.12/idlelib/idle_test/test_percolator.py'...
Compiling '/tmp/ci-python-runtime.rXB7OKBE/install/lib/python3.12/idlelib/percolator.py'...
Compiling '/tmp/ci-python-runtime.rXB7OKBE/install/lib/python3.12/importlib/resources/_itertools.py'...
Compiling '/tmp/ci-python-runtime.rXB7OKBE/install/lib/python3.12/lib2to3/btm_matcher.py'...
Compiling '/tmp/ci-python-runtime.rXB7OKBE/install/lib/python3.12/lib2to3/pgen2/driver.py'...
Compiling '/tmp/ci-python-runtime.rXB7OKBE/install/lib/python3.12/plistlib.py'...
Compiling '/tmp/ci-python-runtime.rXB7OKBE/install/lib/python3.12/test/regrtest.py'...
Compiling '/tmp/ci-python-runtime.rXB7OKBE/install/lib/python3.12/test/support/interpreters.py'...
Compiling '/tmp/ci-python-runtime.rXB7OKBE/install/lib/python3.12/test/test_asyncio/echo3.py'...
Compiling '/tmp/ci-python-runtime.rXB7OKBE/install/lib/python3.12/test/test_atexit.py'...
Compiling '/tmp/ci-python-runtime.rXB7OKBE/install/lib/python3.12/test/test_calendar.py'...
Compiling '/tmp/ci-python-runtime.rXB7OKBE/install/lib/python3.12/test/test_context.py'...
Compiling '/tmp/ci-python-runtime.rXB7OKBE/install/lib/python3.12/test/test_fstring.py'...
Compiling '/tmp/ci-python-runtime.rXB7OKBE/install/lib/python3.12/test/test_inspect/inspect_stock_annotations.py'...
Compiling '/tmp/ci-python-runtime.rXB7OKBE/install/lib/python3.12/test/test_itertools.py'...
Compiling '/tmp/ci-python-runtime.rXB7OKBE/install/lib/python3.12/unittest/result.py'...
Compiling '/tmp/ci-python-runtime.rXB7OKBE/install/lib/python3.12/webbrowser.py'...
Compiling '/tmp/ci-python-runtime.rXB7OKBE/install/lib/python3.12/test/test_time.py'...
Compiling '/tmp/ci-python-runtime.rXB7OKBE/install/lib/python3.12/test/test_unittest/test_functiontestcase.py'...
Compiling '/tmp/ci-python-runtime.rXB7OKBE/install/lib/python3.12/test/test_unparse.py'...
Compiling '/tmp/ci-python-runtime.rXB7OKBE/install/lib/python3.12/test/test_zoneinfo/test_zoneinfo.py'...
Compiling '/tmp/ci-python-runtime.rXB7OKBE/install/lib/python3.12/test/test_concurrent_futures/executor.py'...
Compiling '/tmp/ci-python-runtime.rXB7OKBE/install/lib/python3.12/test/test_copy.py'...
Compiling '/tmp/ci-python-runtime.rXB7OKBE/install/lib/python3.12/test/test_eof.py'...
Compiling '/tmp/ci-python-runtime.rXB7OKBE/install/lib/python3.12/test/test_future_stmt/future_test1.py'...
Compiling '/tmp/ci-python-runtime.rXB7OKBE/install/lib/python3.12/test/test_getopt.py'...
Compiling '/tmp/ci-python-runtime.rXB7OKBE/install/lib/python3.12/test/test_import/data/circular_imports/subpackage.py'...
Compiling '/tmp/ci-python-runtime.rXB7OKBE/install/lib/python3.12/test/test_ioctl.py'...
Compiling '/tmp/ci-python-runtime.rXB7OKBE/install/lib/python3.12/test/test_mmap.py'...
Compiling '/tmp/ci-python-runtime.rXB7OKBE/install/lib/python3.12/test/test_runpy.py'...
Compiling '/tmp/ci-python-runtime.rXB7OKBE/install/lib/python3.12/test/test_sys_settrace.py'...
Compiling '/tmp/ci-python-runtime.rXB7OKBE/install/lib/python3.12/test/typinganndata/_typed_dict_helper.py'...
Compiling '/tmp/ci-python-runtime.rXB7OKBE/install/lib/python3.12/tkinter/font.py'...
Compiling '/tmp/ci-python-runtime.rXB7OKBE/install/lib/python3.12/weakref.py'...
Compiling '/tmp/ci-python-runtime.rXB7OKBE/install/lib/python3.12/test/test_unittest/test_discovery.py'...
Compiling '/tmp/ci-python-runtime.rXB7OKBE/install/lib/python3.12/turtledemo/fractalcurves.py'...
Compiling '/tmp/ci-python-runtime.rXB7OKBE/install/lib/python3.12/xml/etree/ElementPath.py'...
Compiling '/tmp/ci-python-runtime.rXB7OKBE/install/lib/python3.12/email/mime/nonmultipart.py'...
Compiling '/tmp/ci-python-runtime.rXB7OKBE/install/lib/python3.12/encodings/cp737.py'...
Compiling '/tmp/ci-python-runtime.rXB7OKBE/install/lib/python3.12/encodings/zlib_codec.py'...
Compiling '/tmp/ci-python-runtime.rXB7OKBE/install/lib/python3.12/idlelib/__init__.py'...
Compiling '/tmp/ci-python-runtime.rXB7OKBE/install/lib/python3.12/idlelib/idle_test/test_calltip_w.py'...
Compiling '/tmp/ci-python-runtime.rXB7OKBE/install/lib/python3.12/idlelib/idle_test/test_search.py'...
Compiling '/tmp/ci-python-runtime.rXB7OKBE/install/lib/python3.12/idlelib/tree.py'...
Compiling '/tmp/ci-python-runtime.rXB7OKBE/install/lib/python3.12/lib2to3/fixes/fix_apply.py'...
Compiling '/tmp/ci-python-runtime.rXB7OKBE/install/lib/python3.12/lib2to3/pgen2/conv.py'...
Compiling '/tmp/ci-python-runtime.rXB7OKBE/install/lib/python3.12/multiprocessing/resource_tracker.py'...
Compiling '/tmp/ci-python-runtime.rXB7OKBE/install/lib/python3.12/sqlite3/__main__.py'...
Compiling '/tmp/ci-python-runtime.rXB7OKBE/install/lib/python3.12/test/libregrtest/worker.py'...
Compiling '/tmp/ci-python-runtime.rXB7OKBE/install/lib/python3.12/test/support/import_helper.py'...
Compiling '/tmp/ci-python-runtime.rXB7OKBE/install/lib/python3.12/test/test_asyncio/utils.py'...
Compiling '/tmp/ci-python-runtime.rXB7OKBE/install/lib/python3.12/test/test_clinic.py'...
Compiling '/tmp/ci-python-runtime.rXB7OKBE/install/lib/python3.12/test/test_file.py'...
Compiling '/tmp/ci-python-runtime.rXB7OKBE/install/lib/python3.12/test/test_httpservers.py'...
Compiling '/tmp/ci-python-runtime.rXB7OKBE/install/lib/python3.12/test/test_json/test_separators.py'...
Compiling '/tmp/ci-python-runtime.rXB7OKBE/install/lib/python3.12/test/test_lib2to3/test_fixers.py'...
Compiling '/tmp/ci-python-runtime.rXB7OKBE/install/lib/python3.12/test/test_unittest/test_break.py'...
Compiling '/tmp/ci-python-runtime.rXB7OKBE/install/lib/python3.12/test/test_warnings/__init__.py'...
Compiling '/tmp/ci-python-runtime.rXB7OKBE/install/lib/python3.12/zipfile/_path/__init__.py'...
Compiling '/tmp/ci-python-runtime.rXB7OKBE/install/lib/python3.12/asyncio/queues.py'...
Compiling '/tmp/ci-python-runtime.rXB7OKBE/install/lib/python3.12/codecs.py'...
Compiling '/tmp/ci-python-runtime.rXB7OKBE/install/lib/python3.12/email/encoders.py'...
Compiling '/tmp/ci-python-runtime.rXB7OKBE/install/lib/python3.12/encodings/cp1140.py'...
Compiling '/tmp/ci-python-runtime.rXB7OKBE/install/lib/python3.12/encodings/gb18030.py'...
Compiling '/tmp/ci-python-runtime.rXB7OKBE/install/lib/python3.12/encodings/mac_romanian.py'...
Compiling '/tmp/ci-python-runtime.rXB7OKBE/install/lib/python3.12/idlelib/idle_test/test_pathbrowser.py'...
Compiling '/tmp/ci-python-runtime.rXB7OKBE/install/lib/python3.12/idlelib/mainmenu.py'...
Compiling '/tmp/ci-python-runtime.rXB7OKBE/install/lib/python3.12/importlib/machinery.py'...
Compiling '/tmp/ci-python-runtime.rXB7OKBE/install/lib/python3.12/lib2to3/fixes/fix_operator.py'...
Compiling '/tmp/ci-python-runtime.rXB7OKBE/install/lib/python3.12/multiprocessing/shared_memory.py'...
Compiling '/tmp/ci-python-runtime.rXB7OKBE/install/lib/python3.12/sre_compile.py'...
Compiling '/tmp/ci-python-runtime.rXB7OKBE/install/lib/python3.12/test/_test_multiprocessing.py'...
Compiling '/tmp/ci-python-runtime.rXB7OKBE/install/lib/python3.12/test/test_fileutils.py'...
Compiling '/tmp/ci-python-runtime.rXB7OKBE/install/lib/python3.12/test/test_gdb/test_pretty_print.py'...
Compiling '/tmp/ci-python-runtime.rXB7OKBE/install/lib/python3.12/test/test_import/data/circular_imports/rebinding2.py'...
Compiling '/tmp/ci-python-runtime.rXB7OKBE/install/lib/python3.12/test/test_importlib/data/__init__.py'...
Compiling '/tmp/ci-python-runtime.rXB7OKBE/install/lib/python3.12/test/test_importlib/namespace_pkgs/portion2/foo/two.py'...
Compiling '/tmp/ci-python-runtime.rXB7OKBE/install/lib/python3.12/test/test_importlib/source/__init__.py'...
Compiling '/tmp/ci-python-runtime.rXB7OKBE/install/lib/python3.12/test/test_json/test_default.py'...
Compiling '/tmp/ci-python-runtime.rXB7OKBE/install/lib/python3.12/test/test_minidom.py'...
Compiling '/tmp/ci-python-runtime.rXB7OKBE/install/lib/python3.12/test/test_smtplib.py'...
Compiling '/tmp/ci-python-runtime.rXB7OKBE/install/lib/python3.12/test/test_tools/__init__.py'...
Compiling '/tmp/ci-python-runtime.rXB7OKBE/install/lib/python3.12/test/test_unittest/test_setups.py'...
Compiling '/tmp/ci-python-runtime.rXB7OKBE/install/lib/python3.12/test/test_xxtestfuzz.py'...
Compiling '/tmp/ci-python-runtime.rXB7OKBE/install/lib/python3.12/test/test_zipfile/_path/_itertools.py'...
Compiling '/tmp/ci-python-runtime.rXB7OKBE/install/lib/python3.12/test/typinganndata/ann_module2.py'...
Compiling '/tmp/ci-python-runtime.rXB7OKBE/install/lib/python3.12/tkinter/colorchooser.py'...
Compiling '/tmp/ci-python-runtime.rXB7OKBE/install/lib/python3.12/turtledemo/clock.py'...
Compiling '/tmp/ci-python-runtime.rXB7OKBE/install/lib/python3.12/xml/dom/pulldom.py'...
Compiling '/tmp/ci-python-runtime.rXB7OKBE/install/lib/python3.12/test/test_fcntl.py'...
Compiling '/tmp/ci-python-runtime.rXB7OKBE/install/lib/python3.12/test/test_global.py'...
Compiling '/tmp/ci-python-runtime.rXB7OKBE/install/lib/python3.12/test/test_import/data/circular_imports/binding2.py'...
Compiling '/tmp/ci-python-runtime.rXB7OKBE/install/lib/python3.12/test/test_import/data/circular_imports/subpkg2/parent/child.py'...
Compiling '/tmp/ci-python-runtime.rXB7OKBE/install/lib/python3.12/test/test_import/data/package2/submodule1.py'...
Compiling '/tmp/ci-python-runtime.rXB7OKBE/install/lib/python3.12/test/test_importlib/import_/test___loader__.py'...
Compiling '/tmp/ci-python-runtime.rXB7OKBE/install/lib/python3.12/test/test_inspect/inspect_fodder2.py'...
Compiling '/tmp/ci-python-runtime.rXB7OKBE/install/lib/python3.12/test/test_module/bad_getattr3.py'...
Compiling '/tmp/ci-python-runtime.rXB7OKBE/install/lib/python3.12/test/test_multiprocessing_spawn/test_manager.py'...
Compiling '/tmp/ci-python-runtime.rXB7OKBE/install/lib/python3.12/test/test_peepholer.py'...
Compiling '/tmp/ci-python-runtime.rXB7OKBE/install/lib/python3.12/test/test_shutil.py'...
Compiling '/tmp/ci-python-runtime.rXB7OKBE/install/lib/python3.12/turtledemo/__init__.py'...
Compiling '/tmp/ci-python-runtime.rXB7OKBE/install/lib/python3.12/urllib/error.py'...
Compiling '/tmp/ci-python-runtime.rXB7OKBE/install/lib/python3.12/xml/sax/saxutils.py'...
Compiling '/tmp/ci-python-runtime.rXB7OKBE/install/lib/python3.12/codeop.py'...
Compiling '/tmp/ci-python-runtime.rXB7OKBE/install/lib/python3.12/ctypes/macholib/dylib.py'...
Compiling '/tmp/ci-python-runtime.rXB7OKBE/install/lib/python3.12/email/_encoded_words.py'...
Compiling '/tmp/ci-python-runtime.rXB7OKBE/install/lib/python3.12/encodings/cp1252.py'...
Compiling '/tmp/ci-python-runtime.rXB7OKBE/install/lib/python3.12/encodings/hz.py'...
Compiling '/tmp/ci-python-runtime.rXB7OKBE/install/lib/python3.12/encodings/punycode.py'...
Compiling '/tmp/ci-python-runtime.rXB7OKBE/install/lib/python3.12/idlelib/idle_test/test_config_key.py'...
Compiling '/tmp/ci-python-runtime.rXB7OKBE/install/lib/python3.12/idlelib/util.py'...
Compiling '/tmp/ci-python-runtime.rXB7OKBE/install/lib/python3.12/importlib/metadata/_meta.py'...
Compiling '/tmp/ci-python-runtime.rXB7OKBE/install/lib/python3.12/lib2to3/fixes/fix_dict.py'...
Compiling '/tmp/ci-python-runtime.rXB7OKBE/install/lib/python3.12/lib2to3/pygram.py'...
Compiling '/tmp/ci-python-runtime.rXB7OKBE/install/lib/python3.12/pickle.py'...
Compiling '/tmp/ci-python-runtime.rXB7OKBE/install/lib/python3.12/test/crashers/infinite_loop_re.py'...
Compiling '/tmp/ci-python-runtime.rXB7OKBE/install/lib/python3.12/test/mock_socket.py'...
Compiling '/tmp/ci-python-runtime.rXB7OKBE/install/lib/python3.12/test/test__xxinterpchannels.py'...
Compiling '/tmp/ci-python-runtime.rXB7OKBE/install/lib/python3.12/test/test_complex.py'...
Compiling '/tmp/ci-python-runtime.rXB7OKBE/install/lib/python3.12/test/test_fileio.py'...
Compiling '/tmp/ci-python-runtime.rXB7OKBE/install/lib/python3.12/test/test_import/data/circular_imports/from_cycle2.py'...
Compiling '/tmp/ci-python-runtime.rXB7OKBE/install/lib/python3.12/test/test_import/data/package/submodule.py'...
Compiling '/tmp/ci-python-runtime.rXB7OKBE/install/lib/python3.12/test/test_importlib/fixtures.py'...
Compiling '/tmp/ci-python-runtime.rXB7OKBE/install/lib/python3.12/test/test_importlib/resources/test_compatibilty_files.py'...
Compiling '/tmp/ci-python-runtime.rXB7OKBE/install/lib/python3.12/test/test_json/test_fail.py'...
Compiling '/tmp/ci-python-runtime.rXB7OKBE/install/lib/python3.12/test/test_lzma.py'...
Compiling '/tmp/ci-python-runtime.rXB7OKBE/install/lib/python3.12/test/test_string.py'...
Compiling '/tmp/ci-python-runtime.rXB7OKBE/install/lib/python3.12/test/test_tkinter/test_misc.py'...
Compiling '/tmp/ci-python-runtime.rXB7OKBE/install/lib/python3.12/test/test_unpack_ex.py'...
Compiling '/tmp/ci-python-runtime.rXB7OKBE/install/lib/python3.12/test/test_uuid.py'...
Compiling '/tmp/ci-python-runtime.rXB7OKBE/install/lib/python3.12/test/typinganndata/ann_module3.py'...
Compiling '/tmp/ci-python-runtime.rXB7OKBE/install/lib/python3.12/tkinter/simpledialog.py'...
Compiling '/tmp/ci-python-runtime.rXB7OKBE/install/lib/python3.12/xml/dom/xmlbuilder.py'...
Compiling '/tmp/ci-python-runtime.rXB7OKBE/install/lib/python3.12/email/mime/__init__.py'...
Compiling '/tmp/ci-python-runtime.rXB7OKBE/install/lib/python3.12/encodings/cp1254.py'...
Compiling '/tmp/ci-python-runtime.rXB7OKBE/install/lib/python3.12/encodings/iso8859_1.py'...
Compiling '/tmp/ci-python-runtime.rXB7OKBE/install/lib/python3.12/encodings/utf_16.py'...
Compiling '/tmp/ci-python-runtime.rXB7OKBE/install/lib/python3.12/idlelib/autoexpand.py'...
Compiling '/tmp/ci-python-runtime.rXB7OKBE/install/lib/python3.12/idlelib/idle_test/test_debugger_r.py'...
Compiling '/tmp/ci-python-runtime.rXB7OKBE/install/lib/python3.12/idlelib/idle_test/test_searchbase.py'...
Compiling '/tmp/ci-python-runtime.rXB7OKBE/install/lib/python3.12/idlelib/pyparse.py'...
Compiling '/tmp/ci-python-runtime.rXB7OKBE/install/lib/python3.12/lib2to3/fixes/fix_imports2.py'...
Compiling '/tmp/ci-python-runtime.rXB7OKBE/install/lib/python3.12/logging/__init__.py'...
Compiling '/tmp/ci-python-runtime.rXB7OKBE/install/lib/python3.12/test/libregrtest/cmdline.py'...
Compiling '/tmp/ci-python-runtime.rXB7OKBE/install/lib/python3.12/test/test__xxsubinterpreters.py'...
Compiling '/tmp/ci-python-runtime.rXB7OKBE/install/lib/python3.12/test/test_capi/test_long.py'...
Compiling '/tmp/ci-python-runtime.rXB7OKBE/install/lib/python3.12/test/test_concurrent_futures/test_deadlock.py'...
Compiling '/tmp/ci-python-runtime.rXB7OKBE/install/lib/python3.12/test/test_ctypes/test_delattr.py'...
Compiling '/tmp/ci-python-runtime.rXB7OKBE/install/lib/python3.12/test/test_ctypes/test_refcounts.py'...
Compiling '/tmp/ci-python-runtime.rXB7OKBE/install/lib/python3.12/test/test_doctest/__init__.py'...
Compiling '/tmp/ci-python-runtime.rXB7OKBE/install/lib/python3.12/test/test_email/test_message.py'...
Compiling '/tmp/ci-python-runtime.rXB7OKBE/install/lib/python3.12/test/test_import/data/circular_imports/indirect.py'...
Compiling '/tmp/ci-python-runtime.rXB7OKBE/install/lib/python3.12/test/test_import/data/unwritable/x.py'...
Compiling '/tmp/ci-python-runtime.rXB7OKBE/install/lib/python3.12/test/test_importlib/import_/test_fromlist.py'...
Compiling '/tmp/ci-python-runtime.rXB7OKBE/install/lib/python3.12/test/test_importlib/resources/zipdata02/__init__.py'...
Compiling '/tmp/ci-python-runtime.rXB7OKBE/install/lib/python3.12/test/test_modulefinder.py'...
Compiling '/tmp/ci-python-runtime.rXB7OKBE/install/lib/python3.12/test/test_pep646_syntax.py'...
Compiling '/tmp/ci-python-runtime.rXB7OKBE/install/lib/python3.12/test/test_pkgutil.py'...
Compiling '/tmp/ci-python-runtime.rXB7OKBE/install/lib/python3.12/test/test_repl.py'...
Compiling '/tmp/ci-python-runtime.rXB7OKBE/install/lib/python3.12/test/test_select.py'...
Compiling '/tmp/ci-python-runtime.rXB7OKBE/install/lib/python3.12/test/test_spwd.py'...
Compiling '/tmp/ci-python-runtime.rXB7OKBE/install/lib/python3.12/test/test_statistics.py'...
Compiling '/tmp/ci-python-runtime.rXB7OKBE/install/lib/python3.12/turtledemo/bytedesign.py'...
Compiling '/tmp/ci-python-runtime.rXB7OKBE/install/lib/python3.12/zoneinfo/_tzpath.py'...
Compiling '/tmp/ci-python-runtime.rXB7OKBE/install/lib/python3.12/test/test_tomllib/__init__.py'...
Compiling '/tmp/ci-python-runtime.rXB7OKBE/install/lib/python3.12/test/test_tools/test_reindent.py'...
Compiling '/tmp/ci-python-runtime.rXB7OKBE/install/lib/python3.12/test/test_unittest/testmock/__init__.py'...
Compiling '/tmp/ci-python-runtime.rXB7OKBE/install/lib/python3.12/test/test_urllib.py'...
Compiling '/tmp/ci-python-runtime.rXB7OKBE/install/lib/python3.12/wave.py'...
Compiling '/tmp/ci-python-runtime.rXB7OKBE/install/lib/python3.12/bz2.py'...
Compiling '/tmp/ci-python-runtime.rXB7OKBE/install/lib/python3.12/csv.py'...
Compiling '/tmp/ci-python-runtime.rXB7OKBE/install/lib/python3.12/email/parser.py'...
Compiling '/tmp/ci-python-runtime.rXB7OKBE/install/lib/python3.12/encodings/cp852.py'...
Compiling '/tmp/ci-python-runtime.rXB7OKBE/install/lib/python3.12/encodings/mac_farsi.py'...
Compiling '/tmp/ci-python-runtime.rXB7OKBE/install/lib/python3.12/idlelib/idle_test/test_autocomplete.py'...
Compiling '/tmp/ci-python-runtime.rXB7OKBE/install/lib/python3.12/idlelib/redirector.py'...
Compiling '/tmp/ci-python-runtime.rXB7OKBE/install/lib/python3.12/importlib/resources/readers.py'...
Compiling '/tmp/ci-python-runtime.rXB7OKBE/install/lib/python3.12/lib2to3/fixes/fix_isinstance.py'...
Compiling '/tmp/ci-python-runtime.rXB7OKBE/install/lib/python3.12/mailcap.py'...
Compiling '/tmp/ci-python-runtime.rXB7OKBE/install/lib/python3.12/shlex.py'...
Compiling '/tmp/ci-python-runtime.rXB7OKBE/install/lib/python3.12/test/dtracedata/line.py'...
Compiling '/tmp/ci-python-runtime.rXB7OKBE/install/lib/python3.12/test/pickletester.py'...
Compiling '/tmp/ci-python-runtime.rXB7OKBE/install/lib/python3.12/test/test_faulthandler.py'...
Compiling '/tmp/ci-python-runtime.rXB7OKBE/install/lib/python3.12/test/test_imaplib.py'...
Compiling '/tmp/ci-python-runtime.rXB7OKBE/install/lib/python3.12/test/test_importlib/source/__main__.py'...
Compiling '/tmp/ci-python-runtime.rXB7OKBE/install/lib/python3.12/test/test_json/test_encode_basestring_ascii.py'...
Compiling '/tmp/ci-python-runtime.rXB7OKBE/install/lib/python3.12/test/test_msilib.py'...
Compiling '/tmp/ci-python-runtime.rXB7OKBE/install/lib/python3.12/test/test_peg_generator/__init__.py'...
Compiling '/tmp/ci-python-runtime.rXB7OKBE/install/lib/python3.12/test/test_pipes.py'...
Compiling '/tmp/ci-python-runtime.rXB7OKBE/install/lib/python3.12/test/test_queue.py'...
Compiling '/tmp/ci-python-runtime.rXB7OKBE/install/lib/python3.12/test/test_strftime.py'...
Compiling '/tmp/ci-python-runtime.rXB7OKBE/install/lib/python3.12/test/test_tcl.py'...
Compiling '/tmp/ci-python-runtime.rXB7OKBE/install/lib/python3.12/test/test_unittest/__main__.py'...
Compiling '/tmp/ci-python-runtime.rXB7OKBE/install/lib/python3.12/test/test_unittest/testmock/testmagicmethods.py'...
Compiling '/tmp/ci-python-runtime.rXB7OKBE/install/lib/python3.12/test/test_zipfile/_path/__init__.py'...
Compiling '/tmp/ci-python-runtime.rXB7OKBE/install/lib/python3.12/test/test_zipfile/_path/test_complexity.py'...
Compiling '/tmp/ci-python-runtime.rXB7OKBE/install/lib/python3.12/test/xmltests.py'...
Compiling '/tmp/ci-python-runtime.rXB7OKBE/install/lib/python3.12/unittest/async_case.py'...
Compiling '/tmp/ci-python-runtime.rXB7OKBE/install/lib/python3.12/zipimport.py'...
Compiling '/tmp/ci-python-runtime.rXB7OKBE/install/lib/python3.12/ctypes/wintypes.py'...
Compiling '/tmp/ci-python-runtime.rXB7OKBE/install/lib/python3.12/email/iterators.py'...
Compiling '/tmp/ci-python-runtime.rXB7OKBE/install/lib/python3.12/encodings/cp1256.py'...
Compiling '/tmp/ci-python-runtime.rXB7OKBE/install/lib/python3.12/encodings/iso8859_13.py'...
Compiling '/tmp/ci-python-runtime.rXB7OKBE/install/lib/python3.12/encodings/utf_8_sig.py'...
Compiling '/tmp/ci-python-runtime.rXB7OKBE/install/lib/python3.12/idlelib/calltip_w.py'...
Compiling '/tmp/ci-python-runtime.rXB7OKBE/install/lib/python3.12/idlelib/idle_test/test_outwin.py'...
Compiling '/tmp/ci-python-runtime.rXB7OKBE/install/lib/python3.12/idlelib/searchbase.py'...
Compiling '/tmp/ci-python-runtime.rXB7OKBE/install/lib/python3.12/lib2to3/patcomp.py'...
Compiling '/tmp/ci-python-runtime.rXB7OKBE/install/lib/python3.12/pprint.py'...
Compiling '/tmp/ci-python-runtime.rXB7OKBE/install/lib/python3.12/test/regrtestdata/import_from_tests/test_regrtest_b/util.py'...
Compiling '/tmp/ci-python-runtime.rXB7OKBE/install/lib/python3.12/test/support/socket_helper.py'...
Compiling '/tmp/ci-python-runtime.rXB7OKBE/install/lib/python3.12/test/test_base64.py'...
Compiling '/tmp/ci-python-runtime.rXB7OKBE/install/lib/python3.12/test/test_cppext/setup.py'...
Compiling '/tmp/ci-python-runtime.rXB7OKBE/install/lib/python3.12/test/test_ctypes/test_funcptr.py'...
Compiling '/tmp/ci-python-runtime.rXB7OKBE/install/lib/python3.12/test/test_dataclasses/dataclass_module_1.py'...
Compiling '/tmp/ci-python-runtime.rXB7OKBE/install/lib/python3.12/test/test_email/test_email.py'...
Compiling '/tmp/ci-python-runtime.rXB7OKBE/install/lib/python3.12/test/test_tkinter/test_text.py'...
Compiling '/tmp/ci-python-runtime.rXB7OKBE/install/lib/python3.12/test/test_type_cache.py'...
Compiling '/tmp/ci-python-runtime.rXB7OKBE/install/lib/python3.12/test/test_utf8_mode.py'...
Compiling '/tmp/ci-python-runtime.rXB7OKBE/install/lib/python3.12/test/testcodec.py'...
Compiling '/tmp/ci-python-runtime.rXB7OKBE/install/lib/python3.12/test/ziptestdata/testdata_module_inside_zip.py'...
Compiling '/tmp/ci-python-runtime.rXB7OKBE/install/lib/python3.12/unittest/case.py'...
Compiling '/tmp/ci-python-runtime.rXB7OKBE/install/lib/python3.12/email/_header_value_parser.py'...
Compiling '/tmp/ci-python-runtime.rXB7OKBE/install/lib/python3.12/idlelib/delegator.py'...
Compiling '/tmp/ci-python-runtime.rXB7OKBE/install/lib/python3.12/idlelib/idle_test/test_delegator.py'...
Compiling '/tmp/ci-python-runtime.rXB7OKBE/install/lib/python3.12/idlelib/search.py'...
Compiling '/tmp/ci-python-runtime.rXB7OKBE/install/lib/python3.12/json/__init__.py'...
Compiling '/tmp/ci-python-runtime.rXB7OKBE/install/lib/python3.12/lib2to3/fixes/fix_numliterals.py'...
Compiling '/tmp/ci-python-runtime.rXB7OKBE/install/lib/python3.12/multiprocessing/forkserver.py'...
Compiling '/tmp/ci-python-runtime.rXB7OKBE/install/lib/python3.12/rlcompleter.py'...
Compiling '/tmp/ci-python-runtime.rXB7OKBE/install/lib/python3.12/tempfile.py'...
Compiling '/tmp/ci-python-runtime.rXB7OKBE/install/lib/python3.12/test/libregrtest/__init__.py'...
Compiling '/tmp/ci-python-runtime.rXB7OKBE/install/lib/python3.12/test/test_ast.py'...
Compiling '/tmp/ci-python-runtime.rXB7OKBE/install/lib/python3.12/test/test_importlib/resources/data03/namespace/portion1/__init__.py'...
Compiling '/tmp/ci-python-runtime.rXB7OKBE/install/lib/python3.12/test/test_interpreters.py'...
Compiling '/tmp/ci-python-runtime.rXB7OKBE/install/lib/python3.12/test/test_picklebuffer.py'...
Compiling '/tmp/ci-python-runtime.rXB7OKBE/install/lib/python3.12/test/test_pydoc/pydocfodder.py'...
Compiling '/tmp/ci-python-runtime.rXB7OKBE/install/lib/python3.12/test/test_script_helper.py'...
Compiling '/tmp/ci-python-runtime.rXB7OKBE/install/lib/python3.12/test/test_sort.py'...
Compiling '/tmp/ci-python-runtime.rXB7OKBE/install/lib/python3.12/test/test_tabnanny.py'...
Compiling '/tmp/ci-python-runtime.rXB7OKBE/install/lib/python3.12/test/test_tuple.py'...
Compiling '/tmp/ci-python-runtime.rXB7OKBE/install/lib/python3.12/test/test_zipfile/__init__.py'...
Compiling '/tmp/ci-python-runtime.rXB7OKBE/install/lib/python3.12/test/test_zipfile/_path/_test_params.py'...
Compiling '/tmp/ci-python-runtime.rXB7OKBE/install/lib/python3.12/test/typinganndata/ann_module6.py'...
Compiling '/tmp/ci-python-runtime.rXB7OKBE/install/lib/python3.12/tkinter/scrolledtext.py'...
Compiling '/tmp/ci-python-runtime.rXB7OKBE/install/lib/python3.12/urllib/parse.py'...
Compiling '/tmp/ci-python-runtime.rXB7OKBE/install/lib/python3.12/_sitebuiltins.py'...
Compiling '/tmp/ci-python-runtime.rXB7OKBE/install/lib/python3.12/ast.py'...
Compiling '/tmp/ci-python-runtime.rXB7OKBE/install/lib/python3.12/encodings/iso8859_9.py'...
Compiling '/tmp/ci-python-runtime.rXB7OKBE/install/lib/python3.12/glob.py'...
Compiling '/tmp/ci-python-runtime.rXB7OKBE/install/lib/python3.12/idlelib/config.py'...
Compiling '/tmp/ci-python-runtime.rXB7OKBE/install/lib/python3.12/io.py'...
Compiling '/tmp/ci-python-runtime.rXB7OKBE/install/lib/python3.12/lib2to3/fixes/fix_funcattrs.py'...
Compiling '/tmp/ci-python-runtime.rXB7OKBE/install/lib/python3.12/multiprocessing/sharedctypes.py'...
Compiling '/tmp/ci-python-runtime.rXB7OKBE/install/lib/python3.12/site.py'...
Compiling '/tmp/ci-python-runtime.rXB7OKBE/install/lib/python3.12/test/libregrtest/save_env.py'...
Compiling '/tmp/ci-python-runtime.rXB7OKBE/install/lib/python3.12/test/ssl_servers.py'...
Compiling '/tmp/ci-python-runtime.rXB7OKBE/install/lib/python3.12/test/test_asyncio/test_sendfile.py'...
Compiling '/tmp/ci-python-runtime.rXB7OKBE/install/lib/python3.12/test/test_cgitb.py'...
Compiling '/tmp/ci-python-runtime.rXB7OKBE/install/lib/python3.12/test/test_cmd_line.py'...
Compiling '/tmp/ci-python-runtime.rXB7OKBE/install/lib/python3.12/test/test_ctypes/test_init.py'...
Compiling '/tmp/ci-python-runtime.rXB7OKBE/install/lib/python3.12/test/test_ctypes/test_structures.py'...
Compiling '/tmp/ci-python-runtime.rXB7OKBE/install/lib/python3.12/test/test_file_eintr.py'...
Compiling '/tmp/ci-python-runtime.rXB7OKBE/install/lib/python3.12/test/test_future_stmt/future_test2.py'...
Compiling '/tmp/ci-python-runtime.rXB7OKBE/install/lib/python3.12/test/test_getpath.py'...
Compiling '/tmp/ci-python-runtime.rXB7OKBE/install/lib/python3.12/test/test_importlib/resources/test_open.py'...
Compiling '/tmp/ci-python-runtime.rXB7OKBE/install/lib/python3.12/test/test_json/test_pass3.py'...
Compiling '/tmp/ci-python-runtime.rXB7OKBE/install/lib/python3.12/test/test_multibytecodec.py'...
Compiling '/tmp/ci-python-runtime.rXB7OKBE/install/lib/python3.12/test/test_raise.py'...
Compiling '/tmp/ci-python-runtime.rXB7OKBE/install/lib/python3.12/test/test_string_literals.py'...
Compiling '/tmp/ci-python-runtime.rXB7OKBE/install/lib/python3.12/test/test_tkinter/widget_tests.py'...
Compiling '/tmp/ci-python-runtime.rXB7OKBE/install/lib/python3.12/test/test_unary.py'...
Compiling '/tmp/ci-python-runtime.rXB7OKBE/install/lib/python3.12/test/test_unittest/testmock/testsentinel.py'...
Compiling '/tmp/ci-python-runtime.rXB7OKBE/install/lib/python3.12/test/test_wait3.py'...
Compiling '/tmp/ci-python-runtime.rXB7OKBE/install/lib/python3.12/test/test_xml_etree_c.py'...
Compiling '/tmp/ci-python-runtime.rXB7OKBE/install/lib/python3.12/unittest/signals.py'...
Compiling '/tmp/ci-python-runtime.rXB7OKBE/install/lib/python3.12/xml/sax/expatreader.py'...
Compiling '/tmp/ci-python-runtime.rXB7OKBE/install/lib/python3.12/asyncio/threads.py'...
Compiling '/tmp/ci-python-runtime.rXB7OKBE/install/lib/python3.12/asyncio/unix_events.py'...
Compiling '/tmp/ci-python-runtime.rXB7OKBE/install/lib/python3.12/encodings/cp1258.py'...
Compiling '/tmp/ci-python-runtime.rXB7OKBE/install/lib/python3.12/encodings/iso8859_15.py'...
Compiling '/tmp/ci-python-runtime.rXB7OKBE/install/lib/python3.12/encodings/utf_32_le.py'...
Compiling '/tmp/ci-python-runtime.rXB7OKBE/install/lib/python3.12/html/__init__.py'...
Compiling '/tmp/ci-python-runtime.rXB7OKBE/install/lib/python3.12/idlelib/idle_test/mock_tk.py'...
Compiling '/tmp/ci-python-runtime.rXB7OKBE/install/lib/python3.12/idlelib/idle_test/test_zoomheight.py'...
Compiling '/tmp/ci-python-runtime.rXB7OKBE/install/lib/python3.12/importlib/_abc.py'...
Compiling '/tmp/ci-python-runtime.rXB7OKBE/install/lib/python3.12/importlib/metadata/_collections.py'...
Compiling '/tmp/ci-python-runtime.rXB7OKBE/install/lib/python3.12/lib2to3/fixes/fix_nonzero.py'...
Compiling '/tmp/ci-python-runtime.rXB7OKBE/install/lib/python3.12/multiprocessing/dummy/__init__.py'...
Compiling '/tmp/ci-python-runtime.rXB7OKBE/install/lib/python3.12/py_compile.py'...
Compiling '/tmp/ci-python-runtime.rXB7OKBE/install/lib/python3.12/re/_compiler.py'...
Compiling '/tmp/ci-python-runtime.rXB7OKBE/install/lib/python3.12/test/libregrtest/main.py'...
Compiling '/tmp/ci-python-runtime.rXB7OKBE/install/lib/python3.12/test/test_abstract_numbers.py'...
Compiling '/tmp/ci-python-runtime.rXB7OKBE/install/lib/python3.12/test/test_audit.py'...
Compiling '/tmp/ci-python-runtime.rXB7OKBE/install/lib/python3.12/test/test_capi/test_eval_code_ex.py'...
Compiling '/tmp/ci-python-runtime.rXB7OKBE/install/lib/python3.12/test/test_capi/test_watchers.py'...
Compiling '/tmp/ci-python-runtime.rXB7OKBE/install/lib/python3.12/test/test_concurrent_futures/test_shutdown.py'...
Compiling '/tmp/ci-python-runtime.rXB7OKBE/install/lib/python3.12/test/test_ctypes/test_internals.py'...
Compiling '/tmp/ci-python-runtime.rXB7OKBE/install/lib/python3.12/test/test_ctypes/test_varsize_struct.py'...
Compiling '/tmp/ci-python-runtime.rXB7OKBE/install/lib/python3.12/test/test_doctest/doctest_lineno.py'...
Compiling '/tmp/ci-python-runtime.rXB7OKBE/install/lib/python3.12/test/test_errno.py'...
Compiling '/tmp/ci-python-runtime.rXB7OKBE/install/lib/python3.12/test/test_future_stmt/test_future_multiple_imports.py'...
Compiling '/tmp/ci-python-runtime.rXB7OKBE/install/lib/python3.12/test/test_grp.py'...
Compiling '/tmp/ci-python-runtime.rXB7OKBE/install/lib/python3.12/test/test_import/data/circular_imports/source.py'...
Compiling '/tmp/ci-python-runtime.rXB7OKBE/install/lib/python3.12/test/test_importlib/builtin/test_loader.py'...
Compiling '/tmp/ci-python-runtime.rXB7OKBE/install/lib/python3.12/test/test_importlib/test_zip.py'...
Compiling '/tmp/ci-python-runtime.rXB7OKBE/install/lib/python3.12/test/test_math_property.py'...
Compiling '/tmp/ci-python-runtime.rXB7OKBE/install/lib/python3.12/test/test_nis.py'...
Compiling '/tmp/ci-python-runtime.rXB7OKBE/install/lib/python3.12/test/test_perfmaps.py'...
Compiling '/tmp/ci-python-runtime.rXB7OKBE/install/lib/python3.12/test/test_pprint.py'...
Compiling '/tmp/ci-python-runtime.rXB7OKBE/install/lib/python3.12/test/test_syntax.py'...
Compiling '/tmp/ci-python-runtime.rXB7OKBE/install/lib/python3.12/test/test_tkinter/test_variables.py'...
Compiling '/tmp/ci-python-runtime.rXB7OKBE/install/lib/python3.12/test/test_ttk/__init__.py'...
Compiling '/tmp/ci-python-runtime.rXB7OKBE/install/lib/python3.12/test/test_unittest/testmock/testasync.py'...
Compiling '/tmp/ci-python-runtime.rXB7OKBE/install/lib/python3.12/turtledemo/chaos.py'...
Compiling '/tmp/ci-python-runtime.rXB7OKBE/install/lib/python3.12/venv/__main__.py'...
Compiling '/tmp/ci-python-runtime.rXB7OKBE/install/lib/python3.12/xmlrpc/server.py'...
Compiling '/tmp/ci-python-runtime.rXB7OKBE/install/lib/python3.12/_collections_abc.py'...
Compiling '/tmp/ci-python-runtime.rXB7OKBE/install/lib/python3.12/ctypes/__init__.py'...
Compiling '/tmp/ci-python-runtime.rXB7OKBE/install/lib/python3.12/encodings/bz2_codec.py'...
Compiling '/tmp/ci-python-runtime.rXB7OKBE/install/lib/python3.12/encodings/cp874.py'...
Compiling '/tmp/ci-python-runtime.rXB7OKBE/install/lib/python3.12/encodings/johab.py'...
Compiling '/tmp/ci-python-runtime.rXB7OKBE/install/lib/python3.12/fractions.py'...
Compiling '/tmp/ci-python-runtime.rXB7OKBE/install/lib/python3.12/idlelib/debugger_r.py'...
Compiling '/tmp/ci-python-runtime.rXB7OKBE/install/lib/python3.12/idlelib/idle_test/test_scrolledlist.py'...
Compiling '/tmp/ci-python-runtime.rXB7OKBE/install/lib/python3.12/idlelib/sidebar.py'...
Compiling '/tmp/ci-python-runtime.rXB7OKBE/install/lib/python3.12/lib2to3/fixer_util.py'...
Compiling '/tmp/ci-python-runtime.rXB7OKBE/install/lib/python3.12/pty.py'...
Compiling '/tmp/ci-python-runtime.rXB7OKBE/install/lib/python3.12/sunau.py'...
Compiling '/tmp/ci-python-runtime.rXB7OKBE/install/lib/python3.12/test/crashers/recursive_call.py'...
Compiling '/tmp/ci-python-runtime.rXB7OKBE/install/lib/python3.12/test/encoded_modules/module_koi8_r.py'...
Compiling '/tmp/ci-python-runtime.rXB7OKBE/install/lib/python3.12/test/support/_hypothesis_stubs/_helpers.py'...
Compiling '/tmp/ci-python-runtime.rXB7OKBE/install/lib/python3.12/test/test_asyncio/test_events.py'...
Compiling '/tmp/ci-python-runtime.rXB7OKBE/install/lib/python3.12/test/test_importlib/builtin/test_finder.py'...
Compiling '/tmp/ci-python-runtime.rXB7OKBE/install/lib/python3.12/test/test_importlib/stubs.py'...
Compiling '/tmp/ci-python-runtime.rXB7OKBE/install/lib/python3.12/test/test_json/test_pass2.py'...
Compiling '/tmp/ci-python-runtime.rXB7OKBE/install/lib/python3.12/test/test_module/bad_getattr.py'...
Compiling '/tmp/ci-python-runtime.rXB7OKBE/install/lib/python3.12/test/test_multiprocessing_spawn/__init__.py'...
Compiling '/tmp/ci-python-runtime.rXB7OKBE/install/lib/python3.12/test/test_pdb.py'...
Compiling '/tmp/ci-python-runtime.rXB7OKBE/install/lib/python3.12/test/test_rlcompleter.py'...
Compiling '/tmp/ci-python-runtime.rXB7OKBE/install/lib/python3.12/test/test_slice.py'...
Compiling '/tmp/ci-python-runtime.rXB7OKBE/install/lib/python3.12/test/test_strptime.py'...
Compiling '/tmp/ci-python-runtime.rXB7OKBE/install/lib/python3.12/test/test_type_comments.py'...
Compiling '/tmp/ci-python-runtime.rXB7OKBE/install/lib/python3.12/test/test_urlparse.py'...
Compiling '/tmp/ci-python-runtime.rXB7OKBE/install/lib/python3.12/tkinter/tix.py'...
Compiling '/tmp/ci-python-runtime.rXB7OKBE/install/lib/python3.12/asyncio/windows_utils.py'...
Compiling '/tmp/ci-python-runtime.rXB7OKBE/install/lib/python3.12/concurrent/futures/__init__.py'...
Compiling '/tmp/ci-python-runtime.rXB7OKBE/install/lib/python3.12/config-3.12-x86_64-linux-gnu/python-config.py'...
Compiling '/tmp/ci-python-runtime.rXB7OKBE/install/lib/python3.12/curses/ascii.py'...
Compiling '/tmp/ci-python-runtime.rXB7OKBE/install/lib/python3.12/email/mime/base.py'...
Compiling '/tmp/ci-python-runtime.rXB7OKBE/install/lib/python3.12/encodings/cp1257.py'...
Compiling '/tmp/ci-python-runtime.rXB7OKBE/install/lib/python3.12/encodings/iso8859_11.py'...
Compiling '/tmp/ci-python-runtime.rXB7OKBE/install/lib/python3.12/encodings/utf_16_be.py'...
Compiling '/tmp/ci-python-runtime.rXB7OKBE/install/lib/python3.12/http/cookies.py'...
Compiling '/tmp/ci-python-runtime.rXB7OKBE/install/lib/python3.12/idlelib/idle_test/test_help_about.py'...
Compiling '/tmp/ci-python-runtime.rXB7OKBE/install/lib/python3.12/idlelib/pyshell.py'...
Compiling '/tmp/ci-python-runtime.rXB7OKBE/install/lib/python3.12/lib2to3/fixes/fix_ne.py'...
Compiling '/tmp/ci-python-runtime.rXB7OKBE/install/lib/python3.12/multiprocessing/pool.py'...
Compiling '/tmp/ci-python-runtime.rXB7OKBE/install/lib/python3.12/test/_test_embed_set_config.py'...
Compiling '/tmp/ci-python-runtime.rXB7OKBE/install/lib/python3.12/test/list_tests.py'...
Compiling '/tmp/ci-python-runtime.rXB7OKBE/install/lib/python3.12/test/test_asyncio/test_threads.py'...
Compiling '/tmp/ci-python-runtime.rXB7OKBE/install/lib/python3.12/test/test_bz2.py'...
Compiling '/tmp/ci-python-runtime.rXB7OKBE/install/lib/python3.12/test/test_ctypes/test_buffers.py'...
Compiling '/tmp/ci-python-runtime.rXB7OKBE/install/lib/python3.12/test/test_ctypes/test_returnfuncptrs.py'...
Compiling '/tmp/ci-python-runtime.rXB7OKBE/install/lib/python3.12/test/test_dictviews.py'...
Compiling '/tmp/ci-python-runtime.rXB7OKBE/install/lib/python3.12/test/test_email/test_utils.py'...
Compiling '/tmp/ci-python-runtime.rXB7OKBE/install/lib/python3.12/test/test_gdb/test_misc.py'...
Compiling '/tmp/ci-python-runtime.rXB7OKBE/install/lib/python3.12/test/test_imghdr.py'...
Compiling '/tmp/ci-python-runtime.rXB7OKBE/install/lib/python3.12/test/test_importlib/builtin/__main__.py'...
Compiling '/tmp/ci-python-runtime.rXB7OKBE/install/lib/python3.12/test/test_importlib/namespace_pkgs/not_a_namespace_pkg/foo/__init__.py'...
Compiling '/tmp/ci-python-runtime.rXB7OKBE/install/lib/python3.12/test/test_importlib/resources/test_reader.py'...
Compiling '/tmp/ci-python-runtime.rXB7OKBE/install/lib/python3.12/test/test_json/test_scanstring.py'...
Compiling '/tmp/ci-python-runtime.rXB7OKBE/install/lib/python3.12/test/test_marshal.py'...
Compiling '/tmp/ci-python-runtime.rXB7OKBE/install/lib/python3.12/test/test_regrtest.py'...
Compiling '/tmp/ci-python-runtime.rXB7OKBE/install/lib/python3.12/test/test_weakref.py'...
Compiling '/tmp/ci-python-runtime.rXB7OKBE/install/lib/python3.12/zoneinfo/_zoneinfo.py'...
Compiling '/tmp/ci-python-runtime.rXB7OKBE/install/lib/python3.12/_pylong.py'...
Compiling '/tmp/ci-python-runtime.rXB7OKBE/install/lib/python3.12/asyncio/coroutines.py'...
Compiling '/tmp/ci-python-runtime.rXB7OKBE/install/lib/python3.12/asyncio/runners.py'...
Compiling '/tmp/ci-python-runtime.rXB7OKBE/install/lib/python3.12/bdb.py'...
Compiling '/tmp/ci-python-runtime.rXB7OKBE/install/lib/python3.12/email/base64mime.py'...
Compiling '/tmp/ci-python-runtime.rXB7OKBE/install/lib/python3.12/encodings/cp1250.py'...
Compiling '/tmp/ci-python-runtime.rXB7OKBE/install/lib/python3.12/encodings/euc_jp.py'...
Compiling '/tmp/ci-python-runtime.rXB7OKBE/install/lib/python3.12/encodings/mac_roman.py'...
Compiling '/tmp/ci-python-runtime.rXB7OKBE/install/lib/python3.12/idlelib/idle_test/test_filelist.py'...
Compiling '/tmp/ci-python-runtime.rXB7OKBE/install/lib/python3.12/idlelib/idle_test/test_textview.py'...
Compiling '/tmp/ci-python-runtime.rXB7OKBE/install/lib/python3.12/importlib/resources/_adapters.py'...
Compiling '/tmp/ci-python-runtime.rXB7OKBE/install/lib/python3.12/lib2to3/fixes/fix_itertools.py'...
Compiling '/tmp/ci-python-runtime.rXB7OKBE/install/lib/python3.12/lzma.py'...
Compiling '/tmp/ci-python-runtime.rXB7OKBE/install/lib/python3.12/pydoc_data/topics.py'...
Compiling '/tmp/ci-python-runtime.rXB7OKBE/install/lib/python3.12/test/libregrtest/win_utils.py'...
Compiling '/tmp/ci-python-runtime.rXB7OKBE/install/lib/python3.12/test/support/asyncore.py'...
Compiling '/tmp/ci-python-runtime.rXB7OKBE/install/lib/python3.12/test/test_asyncio/test_windows_events.py'...
Compiling '/tmp/ci-python-runtime.rXB7OKBE/install/lib/python3.12/test/test_capi/test_float.py'...
Compiling '/tmp/ci-python-runtime.rXB7OKBE/install/lib/python3.12/test/test_codecencodings_hk.py'...
Compiling '/tmp/ci-python-runtime.rXB7OKBE/install/lib/python3.12/test/test_codecs.py'...
Compiling '/tmp/ci-python-runtime.rXB7OKBE/install/lib/python3.12/test/test_importlib/_context.py'...
Compiling '/tmp/ci-python-runtime.rXB7OKBE/install/lib/python3.12/test/test_importlib/import_/test_path.py'...
Compiling '/tmp/ci-python-runtime.rXB7OKBE/install/lib/python3.12/test/test_importlib/test_api.py'...
Compiling '/tmp/ci-python-runtime.rXB7OKBE/install/lib/python3.12/test/test_mimetypes.py'...
Compiling '/tmp/ci-python-runtime.rXB7OKBE/install/lib/python3.12/test/test_pydoc/pydoc_mod.py'...
Compiling '/tmp/ci-python-runtime.rXB7OKBE/install/lib/python3.12/test/test_scope.py'...
Compiling '/tmp/ci-python-runtime.rXB7OKBE/install/lib/python3.12/test/test_tarfile.py'...
Compiling '/tmp/ci-python-runtime.rXB7OKBE/install/lib/python3.12/datetime.py'...
Compiling '/tmp/ci-python-runtime.rXB7OKBE/install/lib/python3.12/email/mime/audio.py'...
Compiling '/tmp/ci-python-runtime.rXB7OKBE/install/lib/python3.12/encodings/cp500.py'...
Compiling '/tmp/ci-python-runtime.rXB7OKBE/install/lib/python3.12/encodings/iso8859_16.py'...
Compiling '/tmp/ci-python-runtime.rXB7OKBE/install/lib/python3.12/encodings/utf_32_be.py'...
Compiling '/tmp/ci-python-runtime.rXB7OKBE/install/lib/python3.12/http/__init__.py'...
Compiling '/tmp/ci-python-runtime.rXB7OKBE/install/lib/python3.12/idlelib/idle_test/test_autocomplete_w.py'...
Compiling '/tmp/ci-python-runtime.rXB7OKBE/install/lib/python3.12/idlelib/idle_test/test_run.py'...
Compiling '/tmp/ci-python-runtime.rXB7OKBE/install/lib/python3.12/lib2to3/fixes/fix_execfile.py'...
Compiling '/tmp/ci-python-runtime.rXB7OKBE/install/lib/python3.12/lib2to3/pgen2/token.py'...
Compiling '/tmp/ci-python-runtime.rXB7OKBE/install/lib/python3.12/pathlib.py'...
Compiling '/tmp/ci-python-runtime.rXB7OKBE/install/lib/python3.12/test/libregrtest/refleak.py'...
Compiling '/tmp/ci-python-runtime.rXB7OKBE/install/lib/python3.12/test/support/pty_helper.py'...
Compiling '/tmp/ci-python-runtime.rXB7OKBE/install/lib/python3.12/test/test_asyncio/test_ssl.py'...
Compiling '/tmp/ci-python-runtime.rXB7OKBE/install/lib/python3.12/test/test_ctypes/test_macholib.py'...
Compiling '/tmp/ci-python-runtime.rXB7OKBE/install/lib/python3.12/test/test_ctypes/test_wintypes.py'...
Compiling '/tmp/ci-python-runtime.rXB7OKBE/install/lib/python3.12/test/test_fnmatch.py'...
Compiling '/tmp/ci-python-runtime.rXB7OKBE/install/lib/python3.12/test/test_import/data/circular_imports/basic.py'...
Compiling '/tmp/ci-python-runtime.rXB7OKBE/install/lib/python3.12/test/test_import/data/circular_imports/use.py'...
Compiling '/tmp/ci-python-runtime.rXB7OKBE/install/lib/python3.12/test/test_importlib/extension/test_finder.py'...
Compiling '/tmp/ci-python-runtime.rXB7OKBE/install/lib/python3.12/test/test_importlib/resources/data01/subdirectory/__init__.py'...
Compiling '/tmp/ci-python-runtime.rXB7OKBE/install/lib/python3.12/test/test_importlib/test_util.py'...
Compiling '/tmp/ci-python-runtime.rXB7OKBE/install/lib/python3.12/test/test_optparse.py'...
Compiling '/tmp/ci-python-runtime.rXB7OKBE/install/lib/python3.12/test/test_trace.py'...
Compiling '/tmp/ci-python-runtime.rXB7OKBE/install/lib/python3.12/test/test_zipfile/__main__.py'...
Compiling '/tmp/ci-python-runtime.rXB7OKBE/install/lib/python3.12/test/test_zipfile/_path/test_path.py'...
Compiling '/tmp/ci-python-runtime.rXB7OKBE/install/lib/python3.12/turtledemo/yinyang.py'...
Compiling '/tmp/ci-python-runtime.rXB7OKBE/install/lib/python3.12/xml/dom/expatbuilder.py'...
Compiling '/tmp/ci-python-runtime.rXB7OKBE/install/lib/python3.12/asyncio/base_futures.py'...
Compiling '/tmp/ci-python-runtime.rXB7OKBE/install/lib/python3.12/asyncio/proactor_events.py'...
Compiling '/tmp/ci-python-runtime.rXB7OKBE/install/lib/python3.12/encodings/cp037.py'...
Compiling '/tmp/ci-python-runtime.rXB7OKBE/install/lib/python3.12/encodings/cp950.py'...
Compiling '/tmp/ci-python-runtime.rXB7OKBE/install/lib/python3.12/encodings/iso8859_7.py'...
Compiling '/tmp/ci-python-runtime.rXB7OKBE/install/lib/python3.12/enum.py'...
Compiling '/tmp/ci-python-runtime.rXB7OKBE/install/lib/python3.12/idlelib/idle_test/test_grep.py'...
Compiling '/tmp/ci-python-runtime.rXB7OKBE/install/lib/python3.12/idlelib/multicall.py'...
Compiling '/tmp/ci-python-runtime.rXB7OKBE/install/lib/python3.12/multiprocessing/connection.py'...
Compiling '/tmp/ci-python-runtime.rXB7OKBE/install/lib/python3.12/test/test_array.py'...
Compiling '/tmp/ci-python-runtime.rXB7OKBE/install/lib/python3.12/test/test_ctypes/test_frombuffer.py'...
Compiling '/tmp/ci-python-runtime.rXB7OKBE/install/lib/python3.12/test/test_dataclasses/dataclass_module_2_str.py'...
Compiling '/tmp/ci-python-runtime.rXB7OKBE/install/lib/python3.12/test/test_finalization.py'...
Compiling '/tmp/ci-python-runtime.rXB7OKBE/install/lib/python3.12/test/test_http_cookies.py'...
Compiling '/tmp/ci-python-runtime.rXB7OKBE/install/lib/python3.12/test/test_importlib/frozen/test_loader.py'...
Compiling '/tmp/ci-python-runtime.rXB7OKBE/install/lib/python3.12/test/test_isinstance.py'...
Compiling '/tmp/ci-python-runtime.rXB7OKBE/install/lib/python3.12/test/test_multiprocessing_forkserver/__init__.py'...
Compiling '/tmp/ci-python-runtime.rXB7OKBE/install/lib/python3.12/test/test_patma.py'...
Compiling '/tmp/ci-python-runtime.rXB7OKBE/install/lib/python3.12/turtledemo/nim.py'...
Compiling '/tmp/ci-python-runtime.rXB7OKBE/install/lib/python3.12/xmlrpc/client.py'...
Compiling '/tmp/ci-python-runtime.rXB7OKBE/install/lib/python3.12/test/test_ctypes/test_pointers.py'...
Compiling '/tmp/ci-python-runtime.rXB7OKBE/install/lib/python3.12/test/test_dbm_gnu.py'...
Compiling '/tmp/ci-python-runtime.rXB7OKBE/install/lib/python3.12/test/test_exception_hierarchy.py'...
Compiling '/tmp/ci-python-runtime.rXB7OKBE/install/lib/python3.12/test/test_funcattrs.py'...
Compiling '/tmp/ci-python-runtime.rXB7OKBE/install/lib/python3.12/test/test_import/__init__.py'...
Compiling '/tmp/ci-python-runtime.rXB7OKBE/install/lib/python3.12/test/test_pydoc/__init__.py'...
Compiling '/tmp/ci-python-runtime.rXB7OKBE/install/lib/python3.12/test/test_sched.py'...
Compiling '/tmp/ci-python-runtime.rXB7OKBE/install/lib/python3.12/test/test_ssl.py'...
Compiling '/tmp/ci-python-runtime.rXB7OKBE/install/lib/python3.12/ctypes/_endian.py'...
Compiling '/tmp/ci-python-runtime.rXB7OKBE/install/lib/python3.12/decimal.py'...
Compiling '/tmp/ci-python-runtime.rXB7OKBE/install/lib/python3.12/encodings/aliases.py'...
Compiling '/tmp/ci-python-runtime.rXB7OKBE/install/lib/python3.12/encodings/hp_roman8.py'...
Compiling '/tmp/ci-python-runtime.rXB7OKBE/install/lib/python3.12/encodings/tis_620.py'...
Compiling '/tmp/ci-python-runtime.rXB7OKBE/install/lib/python3.12/idlelib/idle_test/mock_idle.py'...
Compiling '/tmp/ci-python-runtime.rXB7OKBE/install/lib/python3.12/idlelib/idle_test/test_rpc.py'...
Compiling '/tmp/ci-python-runtime.rXB7OKBE/install/lib/python3.12/idlelib/query.py'...
Compiling '/tmp/ci-python-runtime.rXB7OKBE/install/lib/python3.12/lib2to3/fixes/fix_metaclass.py'...
Compiling '/tmp/ci-python-runtime.rXB7OKBE/install/lib/python3.12/lib2to3/pgen2/parse.py'...
Compiling '/tmp/ci-python-runtime.rXB7OKBE/install/lib/python3.12/platform.py'...
Compiling '/tmp/ci-python-runtime.rXB7OKBE/install/lib/python3.12/test/dtracedata/instance.py'...
Compiling '/tmp/ci-python-runtime.rXB7OKBE/install/lib/python3.12/test/mp_fork_bomb.py'...
Compiling '/tmp/ci-python-runtime.rXB7OKBE/install/lib/python3.12/test/support/bytecode_helper.py'...
Compiling '/tmp/ci-python-runtime.rXB7OKBE/install/lib/python3.12/test/test_asyncio/test_sslproto.py'...
Compiling '/tmp/ci-python-runtime.rXB7OKBE/install/lib/python3.12/test/test_codecencodings_kr.py'...
Compiling '/tmp/ci-python-runtime.rXB7OKBE/install/lib/python3.12/test/test_compare.py'...
Compiling '/tmp/ci-python-runtime.rXB7OKBE/install/lib/python3.12/test/test_ctypes/test_libc.py'...
Compiling '/tmp/ci-python-runtime.rXB7OKBE/install/lib/python3.12/test/test_ctypes/test_strings.py'...
Compiling '/tmp/ci-python-runtime.rXB7OKBE/install/lib/python3.12/test/test_dynamic.py'...
Compiling '/tmp/ci-python-runtime.rXB7OKBE/install/lib/python3.12/test/test_except_star.py'...
Compiling '/tmp/ci-python-runtime.rXB7OKBE/install/lib/python3.12/test/test_importlib/builtin/__init__.py'...
Compiling '/tmp/ci-python-runtime.rXB7OKBE/install/lib/python3.12/test/test_importlib/resources/test_files.py'...
Compiling '/tmp/ci-python-runtime.rXB7OKBE/install/lib/python3.12/test/test_json/test_float.py'...
Compiling '/tmp/ci-python-runtime.rXB7OKBE/install/lib/python3.12/test/test_module/good_getattr.py'...
Compiling '/tmp/ci-python-runtime.rXB7OKBE/install/lib/python3.12/test/test_multiprocessing_spawn/test_misc.py'...
Compiling '/tmp/ci-python-runtime.rXB7OKBE/install/lib/python3.12/test/test_peg_generator/test_first_sets.py'...
Compiling '/tmp/ci-python-runtime.rXB7OKBE/install/lib/python3.12/test/test_print.py'...
Compiling '/tmp/ci-python-runtime.rXB7OKBE/install/lib/python3.12/test/test_setcomps.py'...
Compiling '/tmp/ci-python-runtime.rXB7OKBE/install/lib/python3.12/test/test_socket.py'...
Compiling '/tmp/ci-python-runtime.rXB7OKBE/install/lib/python3.12/antigravity.py'...
Compiling '/tmp/ci-python-runtime.rXB7OKBE/install/lib/python3.12/asyncio/__main__.py'...
Compiling '/tmp/ci-python-runtime.rXB7OKBE/install/lib/python3.12/asyncio/protocols.py'...
Compiling '/tmp/ci-python-runtime.rXB7OKBE/install/lib/python3.12/asyncio/timeouts.py'...
Compiling '/tmp/ci-python-runtime.rXB7OKBE/install/lib/python3.12/cgi.py'...
Compiling '/tmp/ci-python-runtime.rXB7OKBE/install/lib/python3.12/encodings/cp864.py'...
Compiling '/tmp/ci-python-runtime.rXB7OKBE/install/lib/python3.12/ensurepip/__init__.py'...
Compiling '/tmp/ci-python-runtime.rXB7OKBE/install/lib/python3.12/idlelib/idle_test/test_debugger.py'...
Compiling '/tmp/ci-python-runtime.rXB7OKBE/install/lib/python3.12/idlelib/rpc.py'...
Compiling '/tmp/ci-python-runtime.rXB7OKBE/install/lib/python3.12/lib2to3/btm_utils.py'...
Compiling '/tmp/ci-python-runtime.rXB7OKBE/install/lib/python3.12/mimetypes.py'...
Compiling '/tmp/ci-python-runtime.rXB7OKBE/install/lib/python3.12/selectors.py'...
Compiling '/tmp/ci-python-runtime.rXB7OKBE/install/lib/python3.12/test/bisect_cmd.py'...
Compiling '/tmp/ci-python-runtime.rXB7OKBE/install/lib/python3.12/test/leakers/test_ctypes.py'...
Compiling '/tmp/ci-python-runtime.rXB7OKBE/install/lib/python3.12/test/test_asdl_parser.py'...
Compiling '/tmp/ci-python-runtime.rXB7OKBE/install/lib/python3.12/test/test_augassign.py'...
Compiling '/tmp/ci-python-runtime.rXB7OKBE/install/lib/python3.12/test/test_capi/test_codecs.py'...
Compiling '/tmp/ci-python-runtime.rXB7OKBE/install/lib/python3.12/test/test_collections.py'...
Compiling '/tmp/ci-python-runtime.rXB7OKBE/install/lib/python3.12/test/test_importlib/extension/test_case_sensitivity.py'...
Compiling '/tmp/ci-python-runtime.rXB7OKBE/install/lib/python3.12/test/test_importlib/resources/data02/__init__.py'...
Compiling '/tmp/ci-python-runtime.rXB7OKBE/install/lib/python3.12/test/test_index.py'...
Compiling '/tmp/ci-python-runtime.rXB7OKBE/install/lib/python3.12/test/test_logging.py'...
Compiling '/tmp/ci-python-runtime.rXB7OKBE/install/lib/python3.12/asyncio/trsock.py'...
Compiling '/tmp/ci-python-runtime.rXB7OKBE/install/lib/python3.12/cmd.py'...
Compiling '/tmp/ci-python-runtime.rXB7OKBE/install/lib/python3.12/curses/textpad.py'...
Compiling '/tmp/ci-python-runtime.rXB7OKBE/install/lib/python3.12/encodings/big5hkscs.py'...
Compiling '/tmp/ci-python-runtime.rXB7OKBE/install/lib/python3.12/encodings/cp862.py'...
Compiling '/tmp/ci-python-runtime.rXB7OKBE/install/lib/python3.12/encodings/utf_8.py'...
Compiling '/tmp/ci-python-runtime.rXB7OKBE/install/lib/python3.12/idlelib/grep.py'...
Compiling '/tmp/ci-python-runtime.rXB7OKBE/install/lib/python3.12/idlelib/idle_test/test_redirector.py'...
Compiling '/tmp/ci-python-runtime.rXB7OKBE/install/lib/python3.12/idlelib/scrolledlist.py'...
Compiling '/tmp/ci-python-runtime.rXB7OKBE/install/lib/python3.12/json/scanner.py'...
Compiling '/tmp/ci-python-runtime.rXB7OKBE/install/lib/python3.12/lib2to3/fixes/fix_import.py'...
Compiling '/tmp/ci-python-runtime.rXB7OKBE/install/lib/python3.12/multiprocessing/context.py'...
Compiling '/tmp/ci-python-runtime.rXB7OKBE/install/lib/python3.12/reprlib.py'...
Compiling '/tmp/ci-python-runtime.rXB7OKBE/install/lib/python3.12/test/regrtestdata/import_from_tests/test_regrtest_c.py'...
Compiling '/tmp/ci-python-runtime.rXB7OKBE/install/lib/python3.12/test/test__osx_support.py'...
Compiling '/tmp/ci-python-runtime.rXB7OKBE/install/lib/python3.12/test/test_bigaddrspace.py'...
Compiling '/tmp/ci-python-runtime.rXB7OKBE/install/lib/python3.12/test/test_capi/__init__.py'...
Compiling '/tmp/ci-python-runtime.rXB7OKBE/install/lib/python3.12/test/test_capi/test_complex.py'...
Compiling '/tmp/ci-python-runtime.rXB7OKBE/install/lib/python3.12/test/test_class.py'...
Compiling '/tmp/ci-python-runtime.rXB7OKBE/install/lib/python3.12/test/test_crypt.py'...
Compiling '/tmp/ci-python-runtime.rXB7OKBE/install/lib/python3.12/test/test_ctypes/test_random_things.py'...
Compiling '/tmp/ci-python-runtime.rXB7OKBE/install/lib/python3.12/test/test_dictcomps.py'...
Compiling '/tmp/ci-python-runtime.rXB7OKBE/install/lib/python3.12/test/test_email/test_asian_codecs.py'...
Compiling '/tmp/ci-python-runtime.rXB7OKBE/install/lib/python3.12/test/test_generator_stop.py'...
Compiling '/tmp/ci-python-runtime.rXB7OKBE/install/lib/python3.12/test/test_httplib.py'...
Compiling '/tmp/ci-python-runtime.rXB7OKBE/install/lib/python3.12/test/test_readline.py'...
Compiling '/tmp/ci-python-runtime.rXB7OKBE/install/lib/python3.12/test/test_sqlite3/test_backup.py'...
Compiling '/tmp/ci-python-runtime.rXB7OKBE/install/lib/python3.12/test/test_support.py'...
Compiling '/tmp/ci-python-runtime.rXB7OKBE/install/lib/python3.12/test/test_tomllib/test_data.py'...
Compiling '/tmp/ci-python-runtime.rXB7OKBE/install/lib/python3.12/test/test_unittest/test_program.py'...
Compiling '/tmp/ci-python-runtime.rXB7OKBE/install/lib/python3.12/test/test_zipapp.py'...
Compiling '/tmp/ci-python-runtime.rXB7OKBE/install/lib/python3.12/test/tokenizedata/coding20731.py'...
Compiling '/tmp/ci-python-runtime.rXB7OKBE/install/lib/python3.12/unittest/__init__.py'...
Compiling '/tmp/ci-python-runtime.rXB7OKBE/install/lib/python3.12/xml/etree/ElementTree.py'...
Compiling '/tmp/ci-python-runtime.rXB7OKBE/install/lib/python3.12/email/header.py'...
Compiling '/tmp/ci-python-runtime.rXB7OKBE/install/lib/python3.12/encodings/iso2022_jp_1.py'...
Compiling '/tmp/ci-python-runtime.rXB7OKBE/install/lib/python3.12/encodings/shift_jis_2004.py'...
Compiling '/tmp/ci-python-runtime.rXB7OKBE/install/lib/python3.12/idlelib/format.py'...
Compiling '/tmp/ci-python-runtime.rXB7OKBE/install/lib/python3.12/idlelib/idle_test/test_text.py'...
Compiling '/tmp/ci-python-runtime.rXB7OKBE/install/lib/python3.12/importlib/metadata/_text.py'...
Compiling '/tmp/ci-python-runtime.rXB7OKBE/install/lib/python3.12/lib2to3/__init__.py'...
Compiling '/tmp/ci-python-runtime.rXB7OKBE/install/lib/python3.12/lib2to3/fixes/fix_unicode.py'...
Compiling '/tmp/ci-python-runtime.rXB7OKBE/install/lib/python3.12/nntplib.py'...
Compiling '/tmp/ci-python-runtime.rXB7OKBE/install/lib/python3.12/test/libregrtest/result.py'...
Compiling '/tmp/ci-python-runtime.rXB7OKBE/install/lib/python3.12/test/support/smtpd.py'...
Compiling '/tmp/ci-python-runtime.rXB7OKBE/install/lib/python3.12/test/test_cmd.py'...
Compiling '/tmp/ci-python-runtime.rXB7OKBE/install/lib/python3.12/test/test_codecmaps_kr.py'...
Compiling '/tmp/ci-python-runtime.rXB7OKBE/install/lib/python3.12/test/test_concurrent_futures/test_wait.py'...
Compiling '/tmp/ci-python-runtime.rXB7OKBE/install/lib/python3.12/test/test_ctypes/test_find.py'...
Compiling '/tmp/ci-python-runtime.rXB7OKBE/install/lib/python3.12/test/test_dataclasses/dataclass_module_1_str.py'...
Compiling '/tmp/ci-python-runtime.rXB7OKBE/install/lib/python3.12/test/test_doctest/test_doctest.py'...
Compiling '/tmp/ci-python-runtime.rXB7OKBE/install/lib/python3.12/test/test_ftplib.py'...
Compiling '/tmp/ci-python-runtime.rXB7OKBE/install/lib/python3.12/test/test_inspect/__init__.py'...
Compiling '/tmp/ci-python-runtime.rXB7OKBE/install/lib/python3.12/test/test_json/test_tool.py'...
Compiling '/tmp/ci-python-runtime.rXB7OKBE/install/lib/python3.12/test/test_multiprocessing_fork/test_processes.py'...
Compiling '/tmp/ci-python-runtime.rXB7OKBE/install/lib/python3.12/test/test_ntpath.py'...
Compiling '/tmp/ci-python-runtime.rXB7OKBE/install/lib/python3.12/test/test_telnetlib.py'...
Compiling '/tmp/ci-python-runtime.rXB7OKBE/install/lib/python3.12/test/test_tracemalloc.py'...
Compiling '/tmp/ci-python-runtime.rXB7OKBE/install/lib/python3.12/test/test_zoneinfo/_support.py'...
Compiling '/tmp/ci-python-runtime.rXB7OKBE/install/lib/python3.12/turtledemo/planet_and_moon.py'...
Compiling '/tmp/ci-python-runtime.rXB7OKBE/install/lib/python3.12/xml/dom/minidom.py'...
Compiling '/tmp/ci-python-runtime.rXB7OKBE/install/lib/python3.12/__phello__/__init__.py'...
Compiling '/tmp/ci-python-runtime.rXB7OKBE/install/lib/python3.12/_compat_pickle.py'...
Compiling '/tmp/ci-python-runtime.rXB7OKBE/install/lib/python3.12/aifc.py'...
Compiling '/tmp/ci-python-runtime.rXB7OKBE/install/lib/python3.12/email/__init__.py'...
Compiling '/tmp/ci-python-runtime.rXB7OKBE/install/lib/python3.12/encodings/charmap.py'...
Compiling '/tmp/ci-python-runtime.rXB7OKBE/install/lib/python3.12/encodings/cp949.py'...
Compiling '/tmp/ci-python-runtime.rXB7OKBE/install/lib/python3.12/encodings/iso8859_10.py'...
Compiling '/tmp/ci-python-runtime.rXB7OKBE/install/lib/python3.12/encodings/unicode_escape.py'...
Compiling '/tmp/ci-python-runtime.rXB7OKBE/install/lib/python3.12/idlelib/history.py'...
Compiling '/tmp/ci-python-runtime.rXB7OKBE/install/lib/python3.12/idlelib/idle_test/test_pyshell.py'...
Compiling '/tmp/ci-python-runtime.rXB7OKBE/install/lib/python3.12/idlelib/searchengine.py'...
Compiling '/tmp/ci-python-runtime.rXB7OKBE/install/lib/python3.12/lib2to3/fixes/fix_except.py'...
Compiling '/tmp/ci-python-runtime.rXB7OKBE/install/lib/python3.12/linecache.py'...
Compiling '/tmp/ci-python-runtime.rXB7OKBE/install/lib/python3.12/pyclbr.py'...
Compiling '/tmp/ci-python-runtime.rXB7OKBE/install/lib/python3.12/test/_test_atexit.py'...
Compiling '/tmp/ci-python-runtime.rXB7OKBE/install/lib/python3.12/test/crashers/bogus_code_obj.py'...
Compiling '/tmp/ci-python-runtime.rXB7OKBE/install/lib/python3.12/test/mp_preload.py'...
Compiling '/tmp/ci-python-runtime.rXB7OKBE/install/lib/python3.12/test/support/hypothesis_helper.py'...
Compiling '/tmp/ci-python-runtime.rXB7OKBE/install/lib/python3.12/test/test_asyncio/test_queues.py'...
Compiling '/tmp/ci-python-runtime.rXB7OKBE/install/lib/python3.12/test/test_code_module.py'...
Compiling '/tmp/ci-python-runtime.rXB7OKBE/install/lib/python3.12/test/test_compiler_assemble.py'...
Compiling '/tmp/ci-python-runtime.rXB7OKBE/install/lib/python3.12/test/test_concurrent_futures/util.py'...
Compiling '/tmp/ci-python-runtime.rXB7OKBE/install/lib/python3.12/test/test_ctypes/test_bytes.py'...
Compiling '/tmp/ci-python-runtime.rXB7OKBE/install/lib/python3.12/test/test_ctypes/test_slicing.py'...
Compiling '/tmp/ci-python-runtime.rXB7OKBE/install/lib/python3.12/test/test_docxmlrpc.py'...
Compiling '/tmp/ci-python-runtime.rXB7OKBE/install/lib/python3.12/test/test_email/test_defect_handling.py'...
Compiling '/tmp/ci-python-runtime.rXB7OKBE/install/lib/python3.12/test/test_future_stmt/test_future_single_import.py'...
Compiling '/tmp/ci-python-runtime.rXB7OKBE/install/lib/python3.12/test/test_gzip.py'...
Compiling '/tmp/ci-python-runtime.rXB7OKBE/install/lib/python3.12/test/test_importlib/util.py'...
Compiling '/tmp/ci-python-runtime.rXB7OKBE/install/lib/python3.12/test/test_multiprocessing_fork/test_misc.py'...
Compiling '/tmp/ci-python-runtime.rXB7OKBE/install/lib/python3.12/test/test_opcodes.py'...
Compiling '/tmp/ci-python-runtime.rXB7OKBE/install/lib/python3.12/test/test_profile.py'...
Compiling '/tmp/ci-python-runtime.rXB7OKBE/install/lib/python3.12/test/test_signal.py'...
Compiling '/tmp/ci-python-runtime.rXB7OKBE/install/lib/python3.12/test/test_unittest/test_case.py'...
Compiling '/tmp/ci-python-runtime.rXB7OKBE/install/lib/python3.12/typing.py'...
Compiling '/tmp/ci-python-runtime.rXB7OKBE/install/lib/python3.12/ctypes/macholib/__init__.py'...
Compiling '/tmp/ci-python-runtime.rXB7OKBE/install/lib/python3.12/dis.py'...
Compiling '/tmp/ci-python-runtime.rXB7OKBE/install/lib/python3.12/encodings/iso2022_jp_2004.py'...
Compiling '/tmp/ci-python-runtime.rXB7OKBE/install/lib/python3.12/encodings/quopri_codec.py'...
Compiling '/tmp/ci-python-runtime.rXB7OKBE/install/lib/python3.12/idlelib/idle_test/htest.py'...
Compiling '/tmp/ci-python-runtime.rXB7OKBE/install/lib/python3.12/idlelib/idle_test/test_warning.py'...
Compiling '/tmp/ci-python-runtime.rXB7OKBE/install/lib/python3.12/importlib/abc.py'...
Compiling '/tmp/ci-python-runtime.rXB7OKBE/install/lib/python3.12/lib2to3/fixes/fix_throw.py'...
Compiling '/tmp/ci-python-runtime.rXB7OKBE/install/lib/python3.12/ntpath.py'...
Compiling '/tmp/ci-python-runtime.rXB7OKBE/install/lib/python3.12/test/__main__.py'...
Compiling '/tmp/ci-python-runtime.rXB7OKBE/install/lib/python3.12/test/encoded_modules/module_iso_8859_1.py'...
Compiling '/tmp/ci-python-runtime.rXB7OKBE/install/lib/python3.12/test/subprocessdata/sigchild_ignore.py'...
Compiling '/tmp/ci-python-runtime.rXB7OKBE/install/lib/python3.12/test/test_asyncio/test_eager_task_factory.py'...
Compiling '/tmp/ci-python-runtime.rXB7OKBE/install/lib/python3.12/test/test_capi/test_unicode.py'...
Compiling '/tmp/ci-python-runtime.rXB7OKBE/install/lib/python3.12/test/test_functools.py'...
Compiling '/tmp/ci-python-runtime.rXB7OKBE/install/lib/python3.12/test/test_sndhdr.py'...
Compiling '/tmp/ci-python-runtime.rXB7OKBE/install/lib/python3.12/test/test_sqlite3/test_types.py'...
Compiling '/tmp/ci-python-runtime.rXB7OKBE/install/lib/python3.12/test/test_timeit.py'...
Compiling '/tmp/ci-python-runtime.rXB7OKBE/install/lib/python3.12/test/test_typechecks.py'...
Compiling '/tmp/ci-python-runtime.rXB7OKBE/install/lib/python3.12/test/test_unpack.py'...
Compiling '/tmp/ci-python-runtime.rXB7OKBE/install/lib/python3.12/test/test_utf8source.py'...
Compiling '/tmp/ci-python-runtime.rXB7OKBE/install/lib/python3.12/test/test_with.py'...
Compiling '/tmp/ci-python-runtime.rXB7OKBE/install/lib/python3.12/tkinter/__main__.py'...
Compiling '/tmp/ci-python-runtime.rXB7OKBE/install/lib/python3.12/unittest/mock.py'...
Compiling '/tmp/ci-python-runtime.rXB7OKBE/install/lib/python3.12/asyncio/staggered.py'...
Compiling '/tmp/ci-python-runtime.rXB7OKBE/install/lib/python3.12/asyncio/windows_events.py'...
Compiling '/tmp/ci-python-runtime.rXB7OKBE/install/lib/python3.12/email/mime/application.py'...
Compiling '/tmp/ci-python-runtime.rXB7OKBE/install/lib/python3.12/encodings/cp1255.py'...
Compiling '/tmp/ci-python-runtime.rXB7OKBE/install/lib/python3.12/encodings/iso2022_kr.py'...
Compiling '/tmp/ci-python-runtime.rXB7OKBE/install/lib/python3.12/encodings/shift_jis.py'...
Compiling '/tmp/ci-python-runtime.rXB7OKBE/install/lib/python3.12/heapq.py'...
Compiling '/tmp/ci-python-runtime.rXB7OKBE/install/lib/python3.12/idlelib/idle_test/test_debugobj.py'...
Compiling '/tmp/ci-python-runtime.rXB7OKBE/install/lib/python3.12/idlelib/idle_test/test_tree.py'...
Compiling '/tmp/ci-python-runtime.rXB7OKBE/install/lib/python3.12/importlib/_bootstrap_external.py'...
Compiling '/tmp/ci-python-runtime.rXB7OKBE/install/lib/python3.12/lib2to3/pytree.py'...
Compiling '/tmp/ci-python-runtime.rXB7OKBE/install/lib/python3.12/sqlite3/dbapi2.py'...
Compiling '/tmp/ci-python-runtime.rXB7OKBE/install/lib/python3.12/test/certdata/make_ssl_certs.py'...
Compiling '/tmp/ci-python-runtime.rXB7OKBE/install/lib/python3.12/test/relimport.py'...
Compiling '/tmp/ci-python-runtime.rXB7OKBE/install/lib/python3.12/test/support/testcase.py'...
Compiling '/tmp/ci-python-runtime.rXB7OKBE/install/lib/python3.12/test/test_bisect.py'...
Compiling '/tmp/ci-python-runtime.rXB7OKBE/install/lib/python3.12/test/test_codeccallbacks.py'...
Compiling '/tmp/ci-python-runtime.rXB7OKBE/install/lib/python3.12/test/test_decimal.py'...
Compiling '/tmp/ci-python-runtime.rXB7OKBE/install/lib/python3.12/test/test_tix.py'...
Compiling '/tmp/ci-python-runtime.rXB7OKBE/install/lib/python3.12/test/test_tkinter/test_images.py'...
Compiling '/tmp/ci-python-runtime.rXB7OKBE/install/lib/python3.12/test/test_unicode_identifiers.py'...
Compiling '/tmp/ci-python-runtime.rXB7OKBE/install/lib/python3.12/test/test_unittest/test_suite.py'...
Compiling '/tmp/ci-python-runtime.rXB7OKBE/install/lib/python3.12/test/test_weakset.py'...
Compiling '/tmp/ci-python-runtime.rXB7OKBE/install/lib/python3.12/test/win_console_handler.py'...
Compiling '/tmp/ci-python-runtime.rXB7OKBE/install/lib/python3.12/turtle.py'...
Compiling '/tmp/ci-python-runtime.rXB7OKBE/install/lib/python3.12/idlelib/idle_test/test_configdialog.py'...
Compiling '/tmp/ci-python-runtime.rXB7OKBE/install/lib/python3.12/lib2to3/fixes/fix_getcwdu.py'...
Compiling '/tmp/ci-python-runtime.rXB7OKBE/install/lib/python3.12/lib2to3/pgen2/pgen.py'...
Compiling '/tmp/ci-python-runtime.rXB7OKBE/install/lib/python3.12/re/_constants.py'...
Compiling '/tmp/ci-python-runtime.rXB7OKBE/install/lib/python3.12/struct.py'...
Compiling '/tmp/ci-python-runtime.rXB7OKBE/install/lib/python3.12/test/archiver_tests.py'...
Compiling '/tmp/ci-python-runtime.rXB7OKBE/install/lib/python3.12/test/dtracedata/gc.py'...
Compiling '/tmp/ci-python-runtime.rXB7OKBE/install/lib/python3.12/test/support/__init__.py'...
Compiling '/tmp/ci-python-runtime.rXB7OKBE/install/lib/python3.12/test/test_copyreg.py'...
Compiling '/tmp/ci-python-runtime.rXB7OKBE/install/lib/python3.12/test/test_ctypes/test_cast.py'...
Compiling '/tmp/ci-python-runtime.rXB7OKBE/install/lib/python3.12/test/test_ctypes/test_unicode.py'...
Compiling '/tmp/ci-python-runtime.rXB7OKBE/install/lib/python3.12/test/test_doctest/sample_doctest_no_docstrings.py'...
Compiling '/tmp/ci-python-runtime.rXB7OKBE/install/lib/python3.12/test/test_email/torture_test.py'...
Compiling '/tmp/ci-python-runtime.rXB7OKBE/install/lib/python3.12/test/test_gdb/gdb_sample.py'...
Compiling '/tmp/ci-python-runtime.rXB7OKBE/install/lib/python3.12/test/test_heapq.py'...
Compiling '/tmp/ci-python-runtime.rXB7OKBE/install/lib/python3.12/test/test_importlib/import_/test_relative_imports.py'...
Compiling '/tmp/ci-python-runtime.rXB7OKBE/install/lib/python3.12/test/test_importlib/source/test_case_sensitivity.py'...
Compiling '/tmp/ci-python-runtime.rXB7OKBE/install/lib/python3.12/test/test_json/test_recursion.py'...
Compiling '/tmp/ci-python-runtime.rXB7OKBE/install/lib/python3.12/test/test_locale.py'...
Compiling '/tmp/ci-python-runtime.rXB7OKBE/install/lib/python3.12/test/test_pydoc/test_pydoc.py'...
Compiling '/tmp/ci-python-runtime.rXB7OKBE/install/lib/python3.12/test/test_ttk/__main__.py'...
Compiling '/tmp/ci-python-runtime.rXB7OKBE/install/lib/python3.12/test/test_unittest/test_runner.py'...
Compiling '/tmp/ci-python-runtime.rXB7OKBE/install/lib/python3.12/types.py'...
Compiling '/tmp/ci-python-runtime.rXB7OKBE/install/lib/python3.12/zipfile/__init__.py'...
Compiling '/tmp/ci-python-runtime.rXB7OKBE/install/lib/python3.12/shutil.py'...
Compiling '/tmp/ci-python-runtime.rXB7OKBE/install/lib/python3.12/test/signalinterproctester.py'...
Compiling '/tmp/ci-python-runtime.rXB7OKBE/install/lib/python3.12/test/test_asyncio/echo.py'...
Compiling '/tmp/ci-python-runtime.rXB7OKBE/install/lib/python3.12/test/test_asyncio/test_timeouts.py'...
Compiling '/tmp/ci-python-runtime.rXB7OKBE/install/lib/python3.12/test/test_capi/test_misc.py'...
Compiling '/tmp/ci-python-runtime.rXB7OKBE/install/lib/python3.12/test/test_filecmp.py'...
Compiling '/tmp/ci-python-runtime.rXB7OKBE/install/lib/python3.12/test/test_graphlib.py'...
Compiling '/tmp/ci-python-runtime.rXB7OKBE/install/lib/python3.12/test/test_importlib/_path.py'...
Compiling '/tmp/ci-python-runtime.rXB7OKBE/install/lib/python3.12/test/test_ipaddress.py'...
Compiling '/tmp/ci-python-runtime.rXB7OKBE/install/lib/python3.12/test/test_sys.py'...
Compiling '/tmp/ci-python-runtime.rXB7OKBE/install/lib/python3.12/test/test_wmi.py'...
Compiling '/tmp/ci-python-runtime.rXB7OKBE/install/lib/python3.12/test/test_zipimport_support.py'...
Compiling '/tmp/ci-python-runtime.rXB7OKBE/install/lib/python3.12/tkinter/dialog.py'...
Compiling '/tmp/ci-python-runtime.rXB7OKBE/install/lib/python3.12/urllib/request.py'...
Compiling '/tmp/ci-python-runtime.rXB7OKBE/install/lib/python3.12/_pyio.py'...
Compiling '/tmp/ci-python-runtime.rXB7OKBE/install/lib/python3.12/encodings/cp863.py'...
Compiling '/tmp/ci-python-runtime.rXB7OKBE/install/lib/python3.12/encodings/utf_16_le.py'...
Compiling '/tmp/ci-python-runtime.rXB7OKBE/install/lib/python3.12/idlelib/idle_test/test_editor.py'...
Compiling '/tmp/ci-python-runtime.rXB7OKBE/install/lib/python3.12/idlelib/runscript.py'...
Compiling '/tmp/ci-python-runtime.rXB7OKBE/install/lib/python3.12/lib2to3/fixes/fix_asserts.py'...
Compiling '/tmp/ci-python-runtime.rXB7OKBE/install/lib/python3.12/lib2to3/fixes/fix_zip.py'...
Compiling '/tmp/ci-python-runtime.rXB7OKBE/install/lib/python3.12/numbers.py'...
Compiling '/tmp/ci-python-runtime.rXB7OKBE/install/lib/python3.12/sched.py'...
Compiling '/tmp/ci-python-runtime.rXB7OKBE/install/lib/python3.12/telnetlib.py'...
Compiling '/tmp/ci-python-runtime.rXB7OKBE/install/lib/python3.12/test/crashers/underlying_dict.py'...
Compiling '/tmp/ci-python-runtime.rXB7OKBE/install/lib/python3.12/test/pythoninfo.py'...
Compiling '/tmp/ci-python-runtime.rXB7OKBE/install/lib/python3.12/test/test_asyncio/test_runners.py'...
Compiling '/tmp/ci-python-runtime.rXB7OKBE/install/lib/python3.12/test/test_capi/test_mem.py'...
Compiling '/tmp/ci-python-runtime.rXB7OKBE/install/lib/python3.12/test/test_cmd_line_script.py'...
Compiling '/tmp/ci-python-runtime.rXB7OKBE/install/lib/python3.12/test/test_ctypes/test_bitfields.py'...
Compiling '/tmp/ci-python-runtime.rXB7OKBE/install/lib/python3.12/test/test_dbm_dumb.py'...
Compiling '/tmp/ci-python-runtime.rXB7OKBE/install/lib/python3.12/test/test_email/test_pickleable.py'...
Compiling '/tmp/ci-python-runtime.rXB7OKBE/install/lib/python3.12/test/test_future_stmt/__init__.py'...
Compiling '/tmp/ci-python-runtime.rXB7OKBE/install/lib/python3.12/test/test_genericpath.py'...
Compiling '/tmp/ci-python-runtime.rXB7OKBE/install/lib/python3.12/test/test_importlib/extension/test_path_hook.py'...
Compiling '/tmp/ci-python-runtime.rXB7OKBE/install/lib/python3.12/test/test_importlib/test_namespace_pkgs.py'...
Compiling '/tmp/ci-python-runtime.rXB7OKBE/install/lib/python3.12/test/test_listcomps.py'...
Compiling '/tmp/ci-python-runtime.rXB7OKBE/install/lib/python3.12/test/test_poplib.py'...
Compiling '/tmp/ci-python-runtime.rXB7OKBE/install/lib/python3.12/test/test_sqlite3/test_dbapi.py'...
Compiling '/tmp/ci-python-runtime.rXB7OKBE/install/lib/python3.12/test/test_univnewlines.py'...
Compiling '/tmp/ci-python-runtime.rXB7OKBE/install/lib/python3.12/test/test_warnings/data/stacklevel.py'...
Compiling '/tmp/ci-python-runtime.rXB7OKBE/install/lib/python3.12/test/test_xml_etree.py'...
Compiling '/tmp/ci-python-runtime.rXB7OKBE/install/lib/python3.12/asyncio/log.py'...
Compiling '/tmp/ci-python-runtime.rXB7OKBE/install/lib/python3.12/asyncio/sslproto.py'...
Compiling '/tmp/ci-python-runtime.rXB7OKBE/install/lib/python3.12/dbm/gnu.py'...
Compiling '/tmp/ci-python-runtime.rXB7OKBE/install/lib/python3.12/email/policy.py'...
Compiling '/tmp/ci-python-runtime.rXB7OKBE/install/lib/python3.12/encodings/cp857.py'...
Compiling '/tmp/ci-python-runtime.rXB7OKBE/install/lib/python3.12/encodings/kz1048.py'...
Compiling '/tmp/ci-python-runtime.rXB7OKBE/install/lib/python3.12/idlelib/idle_test/test_browser.py'...
Compiling '/tmp/ci-python-runtime.rXB7OKBE/install/lib/python3.12/idlelib/zzdummy.py'...
Compiling '/tmp/ci-python-runtime.rXB7OKBE/install/lib/python3.12/importlib/resources/simple.py'...
Compiling '/tmp/ci-python-runtime.rXB7OKBE/install/lib/python3.12/lib2to3/fixes/fix_filter.py'...
Compiling '/tmp/ci-python-runtime.rXB7OKBE/install/lib/python3.12/lib2to3/refactor.py'...
Compiling '/tmp/ci-python-runtime.rXB7OKBE/install/lib/python3.12/stat.py'...
Compiling '/tmp/ci-python-runtime.rXB7OKBE/install/lib/python3.12/test/audit-tests.py'...
Compiling '/tmp/ci-python-runtime.rXB7OKBE/install/lib/python3.12/test/support/_hypothesis_stubs/strategies.py'...
Compiling '/tmp/ci-python-runtime.rXB7OKBE/install/lib/python3.12/test/test_asyncio/test_futures.py'...
Compiling '/tmp/ci-python-runtime.rXB7OKBE/install/lib/python3.12/test/test_ctypes/test_callbacks.py'...
Compiling '/tmp/ci-python-runtime.rXB7OKBE/install/lib/python3.12/test/test_descrtut.py'...
Compiling '/tmp/ci-python-runtime.rXB7OKBE/install/lib/python3.12/test/test_enumerate.py'...
Compiling '/tmp/ci-python-runtime.rXB7OKBE/install/lib/python3.12/test/test_hashlib.py'...
Compiling '/tmp/ci-python-runtime.rXB7OKBE/install/lib/python3.12/test/test_importlib/source/test_file_loader.py'...
Compiling '/tmp/ci-python-runtime.rXB7OKBE/install/lib/python3.12/test/test_opcache.py'...
Compiling '/tmp/ci-python-runtime.rXB7OKBE/install/lib/python3.12/test/test_quopri.py'...
Compiling '/tmp/ci-python-runtime.rXB7OKBE/install/lib/python3.12/test/test_set.py'...
Compiling '/tmp/ci-python-runtime.rXB7OKBE/install/lib/python3.12/test/test_warnings/__main__.py'...
Compiling '/tmp/ci-python-runtime.rXB7OKBE/install/lib/python3.12/test/test_winconsoleio.py'...
Compiling '/tmp/ci-python-runtime.rXB7OKBE/install/lib/python3.12/test/test_zipfile/test_core.py'...
Compiling '/tmp/ci-python-runtime.rXB7OKBE/install/lib/python3.12/_aix_support.py'...
Compiling '/tmp/ci-python-runtime.rXB7OKBE/install/lib/python3.12/_sysconfigdata__linux_x86_64-linux-gnu.py'...
Compiling '/tmp/ci-python-runtime.rXB7OKBE/install/lib/python3.12/chunk.py'...
Compiling '/tmp/ci-python-runtime.rXB7OKBE/install/lib/python3.12/dataclasses.py'...
Compiling '/tmp/ci-python-runtime.rXB7OKBE/install/lib/python3.12/encodings/iso2022_jp_ext.py'...
Compiling '/tmp/ci-python-runtime.rXB7OKBE/install/lib/python3.12/encodings/shift_jisx0213.py'...
Compiling '/tmp/ci-python-runtime.rXB7OKBE/install/lib/python3.12/hmac.py'...
Compiling '/tmp/ci-python-runtime.rXB7OKBE/install/lib/python3.12/idlelib/idle_test/test_autoexpand.py'...
Compiling '/tmp/ci-python-runtime.rXB7OKBE/install/lib/python3.12/idlelib/idle_test/test_tooltip.py'...
Compiling '/tmp/ci-python-runtime.rXB7OKBE/install/lib/python3.12/importlib/metadata/_itertools.py'...
Compiling '/tmp/ci-python-runtime.rXB7OKBE/install/lib/python3.12/importlib/resources/_common.py'...
Compiling '/tmp/ci-python-runtime.rXB7OKBE/install/lib/python3.12/lib2to3/fixes/fix_map.py'...
Compiling '/tmp/ci-python-runtime.rXB7OKBE/install/lib/python3.12/pkgutil.py'...
Compiling '/tmp/ci-python-runtime.rXB7OKBE/install/lib/python3.12/ssl.py'...
Compiling '/tmp/ci-python-runtime.rXB7OKBE/install/lib/python3.12/test/encoded_modules/__init__.py'...
Compiling '/tmp/ci-python-runtime.rXB7OKBE/install/lib/python3.12/test/profilee.py'...
Compiling '/tmp/ci-python-runtime.rXB7OKBE/install/lib/python3.12/test/support/logging_helper.py'...
Compiling '/tmp/ci-python-runtime.rXB7OKBE/install/lib/python3.12/test/test_asyncio/test_pep492.py'...
Compiling '/tmp/ci-python-runtime.rXB7OKBE/install/lib/python3.12/test/test_capi/test_bytes.py'...
Compiling '/tmp/ci-python-runtime.rXB7OKBE/install/lib/python3.12/test/test_codecencodings_cn.py'...
Compiling '/tmp/ci-python-runtime.rXB7OKBE/install/lib/python3.12/test/test_configparser.py'...
Compiling '/tmp/ci-python-runtime.rXB7OKBE/install/lib/python3.12/test/test_import/data/circular_imports/from_cycle1.py'...
Compiling '/tmp/ci-python-runtime.rXB7OKBE/install/lib/python3.12/test/test_import/data/package2/submodule2.py'...
Compiling '/tmp/ci-python-runtime.rXB7OKBE/install/lib/python3.12/test/test_importlib/import_/test___package__.py'...
Compiling '/tmp/ci-python-runtime.rXB7OKBE/install/lib/python3.12/test/test_importlib/namespace_pkgs/portion1/foo/one.py'...
Compiling '/tmp/ci-python-runtime.rXB7OKBE/install/lib/python3.12/test/test_json/__init__.py'...
Compiling '/tmp/ci-python-runtime.rXB7OKBE/install/lib/python3.12/test/test_monitoring.py'...
Compiling '/tmp/ci-python-runtime.rXB7OKBE/install/lib/python3.12/test/test_unicodedata.py'...
Compiling '/tmp/ci-python-runtime.rXB7OKBE/install/lib/python3.12/test/test_zipfile/_path/_support.py'...
Compiling '/tmp/ci-python-runtime.rXB7OKBE/install/lib/python3.12/test/typinganndata/__init__.py'...
Compiling '/tmp/ci-python-runtime.rXB7OKBE/install/lib/python3.12/tkinter/__init__.py'...
Compiling '/tmp/ci-python-runtime.rXB7OKBE/install/lib/python3.12/_pydecimal.py'...
Compiling '/tmp/ci-python-runtime.rXB7OKBE/install/lib/python3.12/idlelib/debugger.py'...
Compiling '/tmp/ci-python-runtime.rXB7OKBE/install/lib/python3.12/idlelib/macosx.py'...
Compiling '/tmp/ci-python-runtime.rXB7OKBE/install/lib/python3.12/importlib/resources/_legacy.py'...
Compiling '/tmp/ci-python-runtime.rXB7OKBE/install/lib/python3.12/lib2to3/fixes/fix_exec.py'...
Compiling '/tmp/ci-python-runtime.rXB7OKBE/install/lib/python3.12/lib2to3/fixes/fix_intern.py'...
Compiling '/tmp/ci-python-runtime.rXB7OKBE/install/lib/python3.12/logging/handlers.py'...
Compiling '/tmp/ci-python-runtime.rXB7OKBE/install/lib/python3.12/test/test_asyncio/__main__.py'...
Compiling '/tmp/ci-python-runtime.rXB7OKBE/install/lib/python3.12/test/test_asyncio/echo2.py'...
Compiling '/tmp/ci-python-runtime.rXB7OKBE/install/lib/python3.12/test/test_asyncio/test_transports.py'...
Compiling '/tmp/ci-python-runtime.rXB7OKBE/install/lib/python3.12/test/test_call.py'...
Compiling '/tmp/ci-python-runtime.rXB7OKBE/install/lib/python3.12/test/test_contains.py'...
Compiling '/tmp/ci-python-runtime.rXB7OKBE/install/lib/python3.12/test/test_ctypes/test_byteswap.py'...
Compiling '/tmp/ci-python-runtime.rXB7OKBE/install/lib/python3.12/test/test_dbm_ndbm.py'...
Compiling '/tmp/ci-python-runtime.rXB7OKBE/install/lib/python3.12/test/test_dynamicclassattribute.py'...
Compiling '/tmp/ci-python-runtime.rXB7OKBE/install/lib/python3.12/test/test_frozen.py'...
Compiling '/tmp/ci-python-runtime.rXB7OKBE/install/lib/python3.12/test/test_gdb/util.py'...
Compiling '/tmp/ci-python-runtime.rXB7OKBE/install/lib/python3.12/test/test_import/data/circular_imports/basic2.py'...
Compiling '/tmp/ci-python-runtime.rXB7OKBE/install/lib/python3.12/test/test_import/data/circular_imports/subpkg2/parent/__init__.py'...
Compiling '/tmp/ci-python-runtime.rXB7OKBE/install/lib/python3.12/test/test_importlib/partial/cfimport.py'...
Compiling '/tmp/ci-python-runtime.rXB7OKBE/install/lib/python3.12/test/test_importlib/test_threaded_import.py'...
Compiling '/tmp/ci-python-runtime.rXB7OKBE/install/lib/python3.12/test/test_math.py'...
Compiling '/tmp/ci-python-runtime.rXB7OKBE/install/lib/python3.12/test/test_typing.py'...
Listing '/tmp/ci-python-runtime.rXB7OKBE/install/lib/python3.12/test/test_zoneinfo'...
Listing '/tmp/ci-python-runtime.rXB7OKBE/install/lib/python3.12/test/test_zoneinfo/data'...
Listing '/tmp/ci-python-runtime.rXB7OKBE/install/lib/python3.12/test/tokenizedata'...
Listing '/tmp/ci-python-runtime.rXB7OKBE/install/lib/python3.12/test/tracedmodules'...
Listing '/tmp/ci-python-runtime.rXB7OKBE/install/lib/python3.12/test/typinganndata'...
Listing '/tmp/ci-python-runtime.rXB7OKBE/install/lib/python3.12/test/wheeldata'...
Listing '/tmp/ci-python-runtime.rXB7OKBE/install/lib/python3.12/test/xmltestdata'...
Listing '/tmp/ci-python-runtime.rXB7OKBE/install/lib/python3.12/test/xmltestdata/c14n-20'...
Listing '/tmp/ci-python-runtime.rXB7OKBE/install/lib/python3.12/test/ziptestdata'...
Listing '/tmp/ci-python-runtime.rXB7OKBE/install/lib/python3.12/tkinter'...
Listing '/tmp/ci-python-runtime.rXB7OKBE/install/lib/python3.12/tomllib'...
Listing '/tmp/ci-python-runtime.rXB7OKBE/install/lib/python3.12/turtledemo'...
Listing '/tmp/ci-python-runtime.rXB7OKBE/install/lib/python3.12/unittest'...
Listing '/tmp/ci-python-runtime.rXB7OKBE/install/lib/python3.12/urllib'...
Listing '/tmp/ci-python-runtime.rXB7OKBE/install/lib/python3.12/venv'...
Listing '/tmp/ci-python-runtime.rXB7OKBE/install/lib/python3.12/venv/scripts'...
Listing '/tmp/ci-python-runtime.rXB7OKBE/install/lib/python3.12/venv/scripts/common'...
Listing '/tmp/ci-python-runtime.rXB7OKBE/install/lib/python3.12/venv/scripts/posix'...
Listing '/tmp/ci-python-runtime.rXB7OKBE/install/lib/python3.12/wsgiref'...
Listing '/tmp/ci-python-runtime.rXB7OKBE/install/lib/python3.12/xml'...
Listing '/tmp/ci-python-runtime.rXB7OKBE/install/lib/python3.12/xml/dom'...
Listing '/tmp/ci-python-runtime.rXB7OKBE/install/lib/python3.12/xml/etree'...
Listing '/tmp/ci-python-runtime.rXB7OKBE/install/lib/python3.12/xml/parsers'...
Listing '/tmp/ci-python-runtime.rXB7OKBE/install/lib/python3.12/xml/sax'...
Listing '/tmp/ci-python-runtime.rXB7OKBE/install/lib/python3.12/xmlrpc'...
Listing '/tmp/ci-python-runtime.rXB7OKBE/install/lib/python3.12/zipfile'...
Listing '/tmp/ci-python-runtime.rXB7OKBE/install/lib/python3.12/zipfile/_path'...
Listing '/tmp/ci-python-runtime.rXB7OKBE/install/lib/python3.12/zoneinfo'...
PYTHONPATH=/tmp/ci-python-runtime.rXB7OKBE/install/lib/python3.12  \
	./python -E -Wi /tmp/ci-python-runtime.rXB7OKBE/install/lib/python3.12/compileall.py \
	-o 0 -o 1 -o 2 -j0 -d /tmp/ci-python-runtime.rXB7OKBE/install/lib/python3.12/site-packages -f \
	-x badsyntax /tmp/ci-python-runtime.rXB7OKBE/install/lib/python3.12/site-packages
Listing '/tmp/ci-python-runtime.rXB7OKBE/install/lib/python3.12/site-packages'...
PYTHONPATH=/tmp/ci-python-runtime.rXB7OKBE/install/lib/python3.12  \
	./python -E -m lib2to3.pgen2.driver /tmp/ci-python-runtime.rXB7OKBE/install/lib/python3.12/lib2to3/Grammar.txt
Generating grammar tables from /tmp/ci-python-runtime.rXB7OKBE/install/lib/python3.12/lib2to3/Grammar.txt
Writing grammar tables to /tmp/ci-python-runtime.rXB7OKBE/install/lib/python3.12/lib2to3/Grammar3.12.3.final.0.pickle
PYTHONPATH=/tmp/ci-python-runtime.rXB7OKBE/install/lib/python3.12  \
	./python -E -m lib2to3.pgen2.driver /tmp/ci-python-runtime.rXB7OKBE/install/lib/python3.12/lib2to3/PatternGrammar.txt
Generating grammar tables from /tmp/ci-python-runtime.rXB7OKBE/install/lib/python3.12/lib2to3/PatternGrammar.txt
Writing grammar tables to /tmp/ci-python-runtime.rXB7OKBE/install/lib/python3.12/lib2to3/PatternGrammar3.12.3.final.0.pickle
/usr/bin/install -c -m 644 ./Include/Python.h /tmp/ci-python-runtime.rXB7OKBE/install/include/python3.12
/usr/bin/install -c -m 644 ./Include/abstract.h /tmp/ci-python-runtime.rXB7OKBE/install/include/python3.12
/usr/bin/install -c -m 644 ./Include/bltinmodule.h /tmp/ci-python-runtime.rXB7OKBE/install/include/python3.12
/usr/bin/install -c -m 644 ./Include/boolobject.h /tmp/ci-python-runtime.rXB7OKBE/install/include/python3.12
/usr/bin/install -c -m 644 ./Include/bytearrayobject.h /tmp/ci-python-runtime.rXB7OKBE/install/include/python3.12
/usr/bin/install -c -m 644 ./Include/bytesobject.h /tmp/ci-python-runtime.rXB7OKBE/install/include/python3.12
/usr/bin/install -c -m 644 ./Include/ceval.h /tmp/ci-python-runtime.rXB7OKBE/install/include/python3.12
/usr/bin/install -c -m 644 ./Include/codecs.h /tmp/ci-python-runtime.rXB7OKBE/install/include/python3.12
/usr/bin/install -c -m 644 ./Include/compile.h /tmp/ci-python-runtime.rXB7OKBE/install/include/python3.12
/usr/bin/install -c -m 644 ./Include/complexobject.h /tmp/ci-python-runtime.rXB7OKBE/install/include/python3.12
/usr/bin/install -c -m 644 ./Include/datetime.h /tmp/ci-python-runtime.rXB7OKBE/install/include/python3.12
/usr/bin/install -c -m 644 ./Include/descrobject.h /tmp/ci-python-runtime.rXB7OKBE/install/include/python3.12
/usr/bin/install -c -m 644 ./Include/dictobject.h /tmp/ci-python-runtime.rXB7OKBE/install/include/python3.12
/usr/bin/install -c -m 644 ./Include/dynamic_annotations.h /tmp/ci-python-runtime.rXB7OKBE/install/include/python3.12
/usr/bin/install -c -m 644 ./Include/enumobject.h /tmp/ci-python-runtime.rXB7OKBE/install/include/python3.12
/usr/bin/install -c -m 644 ./Include/errcode.h /tmp/ci-python-runtime.rXB7OKBE/install/include/python3.12
/usr/bin/install -c -m 644 ./Include/exports.h /tmp/ci-python-runtime.rXB7OKBE/install/include/python3.12
/usr/bin/install -c -m 644 ./Include/fileobject.h /tmp/ci-python-runtime.rXB7OKBE/install/include/python3.12
/usr/bin/install -c -m 644 ./Include/fileutils.h /tmp/ci-python-runtime.rXB7OKBE/install/include/python3.12
/usr/bin/install -c -m 644 ./Include/floatobject.h /tmp/ci-python-runtime.rXB7OKBE/install/include/python3.12
/usr/bin/install -c -m 644 ./Include/frameobject.h /tmp/ci-python-runtime.rXB7OKBE/install/include/python3.12
/usr/bin/install -c -m 644 ./Include/genericaliasobject.h /tmp/ci-python-runtime.rXB7OKBE/install/include/python3.12
/usr/bin/install -c -m 644 ./Include/import.h /tmp/ci-python-runtime.rXB7OKBE/install/include/python3.12
/usr/bin/install -c -m 644 ./Include/interpreteridobject.h /tmp/ci-python-runtime.rXB7OKBE/install/include/python3.12
/usr/bin/install -c -m 644 ./Include/intrcheck.h /tmp/ci-python-runtime.rXB7OKBE/install/include/python3.12
/usr/bin/install -c -m 644 ./Include/iterobject.h /tmp/ci-python-runtime.rXB7OKBE/install/include/python3.12
/usr/bin/install -c -m 644 ./Include/listobject.h /tmp/ci-python-runtime.rXB7OKBE/install/include/python3.12
/usr/bin/install -c -m 644 ./Include/longobject.h /tmp/ci-python-runtime.rXB7OKBE/install/include/python3.12
/usr/bin/install -c -m 644 ./Include/marshal.h /tmp/ci-python-runtime.rXB7OKBE/install/include/python3.12
/usr/bin/install -c -m 644 ./Include/memoryobject.h /tmp/ci-python-runtime.rXB7OKBE/install/include/python3.12
/usr/bin/install -c -m 644 ./Include/methodobject.h /tmp/ci-python-runtime.rXB7OKBE/install/include/python3.12
/usr/bin/install -c -m 644 ./Include/modsupport.h /tmp/ci-python-runtime.rXB7OKBE/install/include/python3.12
/usr/bin/install -c -m 644 ./Include/moduleobject.h /tmp/ci-python-runtime.rXB7OKBE/install/include/python3.12
/usr/bin/install -c -m 644 ./Include/object.h /tmp/ci-python-runtime.rXB7OKBE/install/include/python3.12
/usr/bin/install -c -m 644 ./Include/objimpl.h /tmp/ci-python-runtime.rXB7OKBE/install/include/python3.12
/usr/bin/install -c -m 644 ./Include/opcode.h /tmp/ci-python-runtime.rXB7OKBE/install/include/python3.12
/usr/bin/install -c -m 644 ./Include/osdefs.h /tmp/ci-python-runtime.rXB7OKBE/install/include/python3.12
/usr/bin/install -c -m 644 ./Include/osmodule.h /tmp/ci-python-runtime.rXB7OKBE/install/include/python3.12
/usr/bin/install -c -m 644 ./Include/patchlevel.h /tmp/ci-python-runtime.rXB7OKBE/install/include/python3.12
/usr/bin/install -c -m 644 ./Include/py_curses.h /tmp/ci-python-runtime.rXB7OKBE/install/include/python3.12
/usr/bin/install -c -m 644 ./Include/pybuffer.h /tmp/ci-python-runtime.rXB7OKBE/install/include/python3.12
/usr/bin/install -c -m 644 ./Include/pycapsule.h /tmp/ci-python-runtime.rXB7OKBE/install/include/python3.12
/usr/bin/install -c -m 644 ./Include/pydtrace.h /tmp/ci-python-runtime.rXB7OKBE/install/include/python3.12
/usr/bin/install -c -m 644 ./Include/pyerrors.h /tmp/ci-python-runtime.rXB7OKBE/install/include/python3.12
/usr/bin/install -c -m 644 ./Include/pyexpat.h /tmp/ci-python-runtime.rXB7OKBE/install/include/python3.12
/usr/bin/install -c -m 644 ./Include/pyframe.h /tmp/ci-python-runtime.rXB7OKBE/install/include/python3.12
/usr/bin/install -c -m 644 ./Include/pyhash.h /tmp/ci-python-runtime.rXB7OKBE/install/include/python3.12
/usr/bin/install -c -m 644 ./Include/pylifecycle.h /tmp/ci-python-runtime.rXB7OKBE/install/include/python3.12
/usr/bin/install -c -m 644 ./Include/pymacconfig.h /tmp/ci-python-runtime.rXB7OKBE/install/include/python3.12
/usr/bin/install -c -m 644 ./Include/pymacro.h /tmp/ci-python-runtime.rXB7OKBE/install/include/python3.12
/usr/bin/install -c -m 644 ./Include/pymath.h /tmp/ci-python-runtime.rXB7OKBE/install/include/python3.12
/usr/bin/install -c -m 644 ./Include/pymem.h /tmp/ci-python-runtime.rXB7OKBE/install/include/python3.12
/usr/bin/install -c -m 644 ./Include/pyport.h /tmp/ci-python-runtime.rXB7OKBE/install/include/python3.12
/usr/bin/install -c -m 644 ./Include/pystate.h /tmp/ci-python-runtime.rXB7OKBE/install/include/python3.12
/usr/bin/install -c -m 644 ./Include/pystats.h /tmp/ci-python-runtime.rXB7OKBE/install/include/python3.12
/usr/bin/install -c -m 644 ./Include/pystrcmp.h /tmp/ci-python-runtime.rXB7OKBE/install/include/python3.12
/usr/bin/install -c -m 644 ./Include/pystrtod.h /tmp/ci-python-runtime.rXB7OKBE/install/include/python3.12
/usr/bin/install -c -m 644 ./Include/pythonrun.h /tmp/ci-python-runtime.rXB7OKBE/install/include/python3.12
/usr/bin/install -c -m 644 ./Include/pythread.h /tmp/ci-python-runtime.rXB7OKBE/install/include/python3.12
/usr/bin/install -c -m 644 ./Include/pytypedefs.h /tmp/ci-python-runtime.rXB7OKBE/install/include/python3.12
/usr/bin/install -c -m 644 ./Include/rangeobject.h /tmp/ci-python-runtime.rXB7OKBE/install/include/python3.12
/usr/bin/install -c -m 644 ./Include/setobject.h /tmp/ci-python-runtime.rXB7OKBE/install/include/python3.12
/usr/bin/install -c -m 644 ./Include/sliceobject.h /tmp/ci-python-runtime.rXB7OKBE/install/include/python3.12
/usr/bin/install -c -m 644 ./Include/structmember.h /tmp/ci-python-runtime.rXB7OKBE/install/include/python3.12
/usr/bin/install -c -m 644 ./Include/structseq.h /tmp/ci-python-runtime.rXB7OKBE/install/include/python3.12
/usr/bin/install -c -m 644 ./Include/sysmodule.h /tmp/ci-python-runtime.rXB7OKBE/install/include/python3.12
/usr/bin/install -c -m 644 ./Include/traceback.h /tmp/ci-python-runtime.rXB7OKBE/install/include/python3.12
/usr/bin/install -c -m 644 ./Include/tracemalloc.h /tmp/ci-python-runtime.rXB7OKBE/install/include/python3.12
/usr/bin/install -c -m 644 ./Include/tupleobject.h /tmp/ci-python-runtime.rXB7OKBE/install/include/python3.12
/usr/bin/install -c -m 644 ./Include/typeslots.h /tmp/ci-python-runtime.rXB7OKBE/install/include/python3.12
/usr/bin/install -c -m 644 ./Include/unicodeobject.h /tmp/ci-python-runtime.rXB7OKBE/install/include/python3.12
/usr/bin/install -c -m 644 ./Include/warnings.h /tmp/ci-python-runtime.rXB7OKBE/install/include/python3.12
/usr/bin/install -c -m 644 ./Include/weakrefobject.h /tmp/ci-python-runtime.rXB7OKBE/install/include/python3.12
/usr/bin/install -c -m 644 ./Include/cpython/abstract.h /tmp/ci-python-runtime.rXB7OKBE/install/include/python3.12/cpython
/usr/bin/install -c -m 644 ./Include/cpython/bytearrayobject.h /tmp/ci-python-runtime.rXB7OKBE/install/include/python3.12/cpython
/usr/bin/install -c -m 644 ./Include/cpython/bytesobject.h /tmp/ci-python-runtime.rXB7OKBE/install/include/python3.12/cpython
/usr/bin/install -c -m 644 ./Include/cpython/cellobject.h /tmp/ci-python-runtime.rXB7OKBE/install/include/python3.12/cpython
/usr/bin/install -c -m 644 ./Include/cpython/ceval.h /tmp/ci-python-runtime.rXB7OKBE/install/include/python3.12/cpython
/usr/bin/install -c -m 644 ./Include/cpython/classobject.h /tmp/ci-python-runtime.rXB7OKBE/install/include/python3.12/cpython
/usr/bin/install -c -m 644 ./Include/cpython/code.h /tmp/ci-python-runtime.rXB7OKBE/install/include/python3.12/cpython
/usr/bin/install -c -m 644 ./Include/cpython/compile.h /tmp/ci-python-runtime.rXB7OKBE/install/include/python3.12/cpython
/usr/bin/install -c -m 644 ./Include/cpython/complexobject.h /tmp/ci-python-runtime.rXB7OKBE/install/include/python3.12/cpython
/usr/bin/install -c -m 644 ./Include/cpython/context.h /tmp/ci-python-runtime.rXB7OKBE/install/include/python3.12/cpython
/usr/bin/install -c -m 644 ./Include/cpython/descrobject.h /tmp/ci-python-runtime.rXB7OKBE/install/include/python3.12/cpython
/usr/bin/install -c -m 644 ./Include/cpython/dictobject.h /tmp/ci-python-runtime.rXB7OKBE/install/include/python3.12/cpython
/usr/bin/install -c -m 644 ./Include/cpython/fileobject.h /tmp/ci-python-runtime.rXB7OKBE/install/include/python3.12/cpython
/usr/bin/install -c -m 644 ./Include/cpython/fileutils.h /tmp/ci-python-runtime.rXB7OKBE/install/include/python3.12/cpython
/usr/bin/install -c -m 644 ./Include/cpython/floatobject.h /tmp/ci-python-runtime.rXB7OKBE/install/include/python3.12/cpython
/usr/bin/install -c -m 644 ./Include/cpython/frameobject.h /tmp/ci-python-runtime.rXB7OKBE/install/include/python3.12/cpython
/usr/bin/install -c -m 644 ./Include/cpython/funcobject.h /tmp/ci-python-runtime.rXB7OKBE/install/include/python3.12/cpython
/usr/bin/install -c -m 644 ./Include/cpython/genobject.h /tmp/ci-python-runtime.rXB7OKBE/install/include/python3.12/cpython
/usr/bin/install -c -m 644 ./Include/cpython/import.h /tmp/ci-python-runtime.rXB7OKBE/install/include/python3.12/cpython
/usr/bin/install -c -m 644 ./Include/cpython/initconfig.h /tmp/ci-python-runtime.rXB7OKBE/install/include/python3.12/cpython
/usr/bin/install -c -m 644 ./Include/cpython/interpreteridobject.h /tmp/ci-python-runtime.rXB7OKBE/install/include/python3.12/cpython
/usr/bin/install -c -m 644 ./Include/cpython/listobject.h /tmp/ci-python-runtime.rXB7OKBE/install/include/python3.12/cpython
/usr/bin/install -c -m 644 ./Include/cpython/longintrepr.h /tmp/ci-python-runtime.rXB7OKBE/install/include/python3.12/cpython
/usr/bin/install -c -m 644 ./Include/cpython/longobject.h /tmp/ci-python-runtime.rXB7OKBE/install/include/python3.12/cpython
/usr/bin/install -c -m 644 ./Include/cpython/memoryobject.h /tmp/ci-python-runtime.rXB7OKBE/install/include/python3.12/cpython
/usr/bin/install -c -m 644 ./Include/cpython/methodobject.h /tmp/ci-python-runtime.rXB7OKBE/install/include/python3.12/cpython
/usr/bin/install -c -m 644 ./Include/cpython/modsupport.h /tmp/ci-python-runtime.rXB7OKBE/install/include/python3.12/cpython
/usr/bin/install -c -m 644 ./Include/cpython/object.h /tmp/ci-python-runtime.rXB7OKBE/install/include/python3.12/cpython
/usr/bin/install -c -m 644 ./Include/cpython/objimpl.h /tmp/ci-python-runtime.rXB7OKBE/install/include/python3.12/cpython
/usr/bin/install -c -m 644 ./Include/cpython/odictobject.h /tmp/ci-python-runtime.rXB7OKBE/install/include/python3.12/cpython
/usr/bin/install -c -m 644 ./Include/cpython/picklebufobject.h /tmp/ci-python-runtime.rXB7OKBE/install/include/python3.12/cpython
/usr/bin/install -c -m 644 ./Include/cpython/pthread_stubs.h /tmp/ci-python-runtime.rXB7OKBE/install/include/python3.12/cpython
/usr/bin/install -c -m 644 ./Include/cpython/pyctype.h /tmp/ci-python-runtime.rXB7OKBE/install/include/python3.12/cpython
/usr/bin/install -c -m 644 ./Include/cpython/pydebug.h /tmp/ci-python-runtime.rXB7OKBE/install/include/python3.12/cpython
/usr/bin/install -c -m 644 ./Include/cpython/pyerrors.h /tmp/ci-python-runtime.rXB7OKBE/install/include/python3.12/cpython
/usr/bin/install -c -m 644 ./Include/cpython/pyfpe.h /tmp/ci-python-runtime.rXB7OKBE/install/include/python3.12/cpython
/usr/bin/install -c -m 644 ./Include/cpython/pyframe.h /tmp/ci-python-runtime.rXB7OKBE/install/include/python3.12/cpython
/usr/bin/install -c -m 644 ./Include/cpython/pylifecycle.h /tmp/ci-python-runtime.rXB7OKBE/install/include/python3.12/cpython
/usr/bin/install -c -m 644 ./Include/cpython/pymem.h /tmp/ci-python-runtime.rXB7OKBE/install/include/python3.12/cpython
/usr/bin/install -c -m 644 ./Include/cpython/pystate.h /tmp/ci-python-runtime.rXB7OKBE/install/include/python3.12/cpython
/usr/bin/install -c -m 644 ./Include/cpython/pythonrun.h /tmp/ci-python-runtime.rXB7OKBE/install/include/python3.12/cpython
/usr/bin/install -c -m 644 ./Include/cpython/pythread.h /tmp/ci-python-runtime.rXB7OKBE/install/include/python3.12/cpython
/usr/bin/install -c -m 644 ./Include/cpython/pytime.h /tmp/ci-python-runtime.rXB7OKBE/install/include/python3.12/cpython
/usr/bin/install -c -m 644 ./Include/cpython/setobject.h /tmp/ci-python-runtime.rXB7OKBE/install/include/python3.12/cpython
/usr/bin/install -c -m 644 ./Include/cpython/sysmodule.h /tmp/ci-python-runtime.rXB7OKBE/install/include/python3.12/cpython
/usr/bin/install -c -m 644 ./Include/cpython/traceback.h /tmp/ci-python-runtime.rXB7OKBE/install/include/python3.12/cpython
/usr/bin/install -c -m 644 ./Include/cpython/tupleobject.h /tmp/ci-python-runtime.rXB7OKBE/install/include/python3.12/cpython
/usr/bin/install -c -m 644 ./Include/cpython/unicodeobject.h /tmp/ci-python-runtime.rXB7OKBE/install/include/python3.12/cpython
/usr/bin/install -c -m 644 ./Include/cpython/warnings.h /tmp/ci-python-runtime.rXB7OKBE/install/include/python3.12/cpython
/usr/bin/install -c -m 644 ./Include/cpython/weakrefobject.h /tmp/ci-python-runtime.rXB7OKBE/install/include/python3.12/cpython
/usr/bin/install -c -m 644 ./Include/internal/pycore_abstract.h /tmp/ci-python-runtime.rXB7OKBE/install/include/python3.12/internal
/usr/bin/install -c -m 644 ./Include/internal/pycore_asdl.h /tmp/ci-python-runtime.rXB7OKBE/install/include/python3.12/internal
/usr/bin/install -c -m 644 ./Include/internal/pycore_ast.h /tmp/ci-python-runtime.rXB7OKBE/install/include/python3.12/internal
/usr/bin/install -c -m 644 ./Include/internal/pycore_ast_state.h /tmp/ci-python-runtime.rXB7OKBE/install/include/python3.12/internal
/usr/bin/install -c -m 644 ./Include/internal/pycore_atexit.h /tmp/ci-python-runtime.rXB7OKBE/install/include/python3.12/internal
/usr/bin/install -c -m 644 ./Include/internal/pycore_atomic.h /tmp/ci-python-runtime.rXB7OKBE/install/include/python3.12/internal
/usr/bin/install -c -m 644 ./Include/internal/pycore_atomic_funcs.h /tmp/ci-python-runtime.rXB7OKBE/install/include/python3.12/internal
/usr/bin/install -c -m 644 ./Include/internal/pycore_bitutils.h /tmp/ci-python-runtime.rXB7OKBE/install/include/python3.12/internal
/usr/bin/install -c -m 644 ./Include/internal/pycore_blocks_output_buffer.h /tmp/ci-python-runtime.rXB7OKBE/install/include/python3.12/internal
/usr/bin/install -c -m 644 ./Include/internal/pycore_bytes_methods.h /tmp/ci-python-runtime.rXB7OKBE/install/include/python3.12/internal
/usr/bin/install -c -m 644 ./Include/internal/pycore_bytesobject.h /tmp/ci-python-runtime.rXB7OKBE/install/include/python3.12/internal
/usr/bin/install -c -m 644 ./Include/internal/pycore_call.h /tmp/ci-python-runtime.rXB7OKBE/install/include/python3.12/internal
/usr/bin/install -c -m 644 ./Include/internal/pycore_ceval.h /tmp/ci-python-runtime.rXB7OKBE/install/include/python3.12/internal
/usr/bin/install -c -m 644 ./Include/internal/pycore_ceval_state.h /tmp/ci-python-runtime.rXB7OKBE/install/include/python3.12/internal
/usr/bin/install -c -m 644 ./Include/internal/pycore_code.h /tmp/ci-python-runtime.rXB7OKBE/install/include/python3.12/internal
/usr/bin/install -c -m 644 ./Include/internal/pycore_compile.h /tmp/ci-python-runtime.rXB7OKBE/install/include/python3.12/internal
/usr/bin/install -c -m 644 ./Include/internal/pycore_condvar.h /tmp/ci-python-runtime.rXB7OKBE/install/include/python3.12/internal
/usr/bin/install -c -m 644 ./Include/internal/pycore_context.h /tmp/ci-python-runtime.rXB7OKBE/install/include/python3.12/internal
/usr/bin/install -c -m 644 ./Include/internal/pycore_descrobject.h /tmp/ci-python-runtime.rXB7OKBE/install/include/python3.12/internal
/usr/bin/install -c -m 644 ./Include/internal/pycore_dict.h /tmp/ci-python-runtime.rXB7OKBE/install/include/python3.12/internal
/usr/bin/install -c -m 644 ./Include/internal/pycore_dict_state.h /tmp/ci-python-runtime.rXB7OKBE/install/include/python3.12/internal
/usr/bin/install -c -m 644 ./Include/internal/pycore_dtoa.h /tmp/ci-python-runtime.rXB7OKBE/install/include/python3.12/internal
/usr/bin/install -c -m 644 ./Include/internal/pycore_emscripten_signal.h /tmp/ci-python-runtime.rXB7OKBE/install/include/python3.12/internal
/usr/bin/install -c -m 644 ./Include/internal/pycore_exceptions.h /tmp/ci-python-runtime.rXB7OKBE/install/include/python3.12/internal
/usr/bin/install -c -m 644 ./Include/internal/pycore_faulthandler.h /tmp/ci-python-runtime.rXB7OKBE/install/include/python3.12/internal
/usr/bin/install -c -m 644 ./Include/internal/pycore_fileutils.h /tmp/ci-python-runtime.rXB7OKBE/install/include/python3.12/internal
/usr/bin/install -c -m 644 ./Include/internal/pycore_fileutils_windows.h /tmp/ci-python-runtime.rXB7OKBE/install/include/python3.12/internal
/usr/bin/install -c -m 644 ./Include/internal/pycore_floatobject.h /tmp/ci-python-runtime.rXB7OKBE/install/include/python3.12/internal
/usr/bin/install -c -m 644 ./Include/internal/pycore_flowgraph.h /tmp/ci-python-runtime.rXB7OKBE/install/include/python3.12/internal
/usr/bin/install -c -m 644 ./Include/internal/pycore_format.h /tmp/ci-python-runtime.rXB7OKBE/install/include/python3.12/internal
/usr/bin/install -c -m 644 ./Include/internal/pycore_frame.h /tmp/ci-python-runtime.rXB7OKBE/install/include/python3.12/internal
/usr/bin/install -c -m 644 ./Include/internal/pycore_function.h /tmp/ci-python-runtime.rXB7OKBE/install/include/python3.12/internal
/usr/bin/install -c -m 644 ./Include/internal/pycore_gc.h /tmp/ci-python-runtime.rXB7OKBE/install/include/python3.12/internal
/usr/bin/install -c -m 644 ./Include/internal/pycore_genobject.h /tmp/ci-python-runtime.rXB7OKBE/install/include/python3.12/internal
/usr/bin/install -c -m 644 ./Include/internal/pycore_getopt.h /tmp/ci-python-runtime.rXB7OKBE/install/include/python3.12/internal
/usr/bin/install -c -m 644 ./Include/internal/pycore_gil.h /tmp/ci-python-runtime.rXB7OKBE/install/include/python3.12/internal
/usr/bin/install -c -m 644 ./Include/internal/pycore_global_objects.h /tmp/ci-python-runtime.rXB7OKBE/install/include/python3.12/internal
/usr/bin/install -c -m 644 ./Include/internal/pycore_global_objects_fini_generated.h /tmp/ci-python-runtime.rXB7OKBE/install/include/python3.12/internal
/usr/bin/install -c -m 644 ./Include/internal/pycore_global_strings.h /tmp/ci-python-runtime.rXB7OKBE/install/include/python3.12/internal
/usr/bin/install -c -m 644 ./Include/internal/pycore_hamt.h /tmp/ci-python-runtime.rXB7OKBE/install/include/python3.12/internal
/usr/bin/install -c -m 644 ./Include/internal/pycore_hashtable.h /tmp/ci-python-runtime.rXB7OKBE/install/include/python3.12/internal
/usr/bin/install -c -m 644 ./Include/internal/pycore_import.h /tmp/ci-python-runtime.rXB7OKBE/install/include/python3.12/internal
/usr/bin/install -c -m 644 ./Include/internal/pycore_initconfig.h /tmp/ci-python-runtime.rXB7OKBE/install/include/python3.12/internal
/usr/bin/install -c -m 644 ./Include/internal/pycore_instruments.h /tmp/ci-python-runtime.rXB7OKBE/install/include/python3.12/internal
/usr/bin/install -c -m 644 ./Include/internal/pycore_interp.h /tmp/ci-python-runtime.rXB7OKBE/install/include/python3.12/internal
/usr/bin/install -c -m 644 ./Include/internal/pycore_intrinsics.h /tmp/ci-python-runtime.rXB7OKBE/install/include/python3.12/internal
/usr/bin/install -c -m 644 ./Include/internal/pycore_list.h /tmp/ci-python-runtime.rXB7OKBE/install/include/python3.12/internal
/usr/bin/install -c -m 644 ./Include/internal/pycore_long.h /tmp/ci-python-runtime.rXB7OKBE/install/include/python3.12/internal
/usr/bin/install -c -m 644 ./Include/internal/pycore_memoryobject.h /tmp/ci-python-runtime.rXB7OKBE/install/include/python3.12/internal
/usr/bin/install -c -m 644 ./Include/internal/pycore_moduleobject.h /tmp/ci-python-runtime.rXB7OKBE/install/include/python3.12/internal
/usr/bin/install -c -m 644 ./Include/internal/pycore_namespace.h /tmp/ci-python-runtime.rXB7OKBE/install/include/python3.12/internal
/usr/bin/install -c -m 644 ./Include/internal/pycore_object.h /tmp/ci-python-runtime.rXB7OKBE/install/include/python3.12/internal
/usr/bin/install -c -m 644 ./Include/internal/pycore_object_state.h /tmp/ci-python-runtime.rXB7OKBE/install/include/python3.12/internal
/usr/bin/install -c -m 644 ./Include/internal/pycore_obmalloc.h /tmp/ci-python-runtime.rXB7OKBE/install/include/python3.12/internal
/usr/bin/install -c -m 644 ./Include/internal/pycore_obmalloc_init.h /tmp/ci-python-runtime.rXB7OKBE/install/include/python3.12/internal
/usr/bin/install -c -m 644 ./Include/internal/pycore_opcode.h /tmp/ci-python-runtime.rXB7OKBE/install/include/python3.12/internal
/usr/bin/install -c -m 644 ./Include/internal/pycore_opcode_utils.h /tmp/ci-python-runtime.rXB7OKBE/install/include/python3.12/internal
/usr/bin/install -c -m 644 ./Include/internal/pycore_parser.h /tmp/ci-python-runtime.rXB7OKBE/install/include/python3.12/internal
/usr/bin/install -c -m 644 ./Include/internal/pycore_pathconfig.h /tmp/ci-python-runtime.rXB7OKBE/install/include/python3.12/internal
/usr/bin/install -c -m 644 ./Include/internal/pycore_pyarena.h /tmp/ci-python-runtime.rXB7OKBE/install/include/python3.12/internal
/usr/bin/install -c -m 644 ./Include/internal/pycore_pyerrors.h /tmp/ci-python-runtime.rXB7OKBE/install/include/python3.12/internal
/usr/bin/install -c -m 644 ./Include/internal/pycore_pyhash.h /tmp/ci-python-runtime.rXB7OKBE/install/include/python3.12/internal
/usr/bin/install -c -m 644 ./Include/internal/pycore_pylifecycle.h /tmp/ci-python-runtime.rXB7OKBE/install/include/python3.12/internal
/usr/bin/install -c -m 644 ./Include/internal/pycore_pymath.h /tmp/ci-python-runtime.rXB7OKBE/install/include/python3.12/internal
/usr/bin/install -c -m 644 ./Include/internal/pycore_pymem.h /tmp/ci-python-runtime.rXB7OKBE/install/include/python3.12/internal
/usr/bin/install -c -m 644 ./Include/internal/pycore_pymem_init.h /tmp/ci-python-runtime.rXB7OKBE/install/include/python3.12/internal
/usr/bin/install -c -m 644 ./Include/internal/pycore_pystate.h /tmp/ci-python-runtime.rXB7OKBE/install/include/python3.12/internal
/usr/bin/install -c -m 644 ./Include/internal/pycore_pythread.h /tmp/ci-python-runtime.rXB7OKBE/install/include/python3.12/internal
/usr/bin/install -c -m 644 ./Include/internal/pycore_range.h /tmp/ci-python-runtime.rXB7OKBE/install/include/python3.12/internal
/usr/bin/install -c -m 644 ./Include/internal/pycore_runtime.h /tmp/ci-python-runtime.rXB7OKBE/install/include/python3.12/internal
/usr/bin/install -c -m 644 ./Include/internal/pycore_runtime_init.h /tmp/ci-python-runtime.rXB7OKBE/install/include/python3.12/internal
/usr/bin/install -c -m 644 ./Include/internal/pycore_runtime_init_generated.h /tmp/ci-python-runtime.rXB7OKBE/install/include/python3.12/internal
/usr/bin/install -c -m 644 ./Include/internal/pycore_signal.h /tmp/ci-python-runtime.rXB7OKBE/install/include/python3.12/internal
/usr/bin/install -c -m 644 ./Include/internal/pycore_sliceobject.h /tmp/ci-python-runtime.rXB7OKBE/install/include/python3.12/internal
/usr/bin/install -c -m 644 ./Include/internal/pycore_strhex.h /tmp/ci-python-runtime.rXB7OKBE/install/include/python3.12/internal
/usr/bin/install -c -m 644 ./Include/internal/pycore_structseq.h /tmp/ci-python-runtime.rXB7OKBE/install/include/python3.12/internal
/usr/bin/install -c -m 644 ./Include/internal/pycore_symtable.h /tmp/ci-python-runtime.rXB7OKBE/install/include/python3.12/internal
/usr/bin/install -c -m 644 ./Include/internal/pycore_sysmodule.h /tmp/ci-python-runtime.rXB7OKBE/install/include/python3.12/internal
/usr/bin/install -c -m 644 ./Include/internal/pycore_time.h /tmp/ci-python-runtime.rXB7OKBE/install/include/python3.12/internal
/usr/bin/install -c -m 644 ./Include/internal/pycore_token.h /tmp/ci-python-runtime.rXB7OKBE/install/include/python3.12/internal
/usr/bin/install -c -m 644 ./Include/internal/pycore_traceback.h /tmp/ci-python-runtime.rXB7OKBE/install/include/python3.12/internal
/usr/bin/install -c -m 644 ./Include/internal/pycore_tracemalloc.h /tmp/ci-python-runtime.rXB7OKBE/install/include/python3.12/internal
/usr/bin/install -c -m 644 ./Include/internal/pycore_tuple.h /tmp/ci-python-runtime.rXB7OKBE/install/include/python3.12/internal
/usr/bin/install -c -m 644 ./Include/internal/pycore_typeobject.h /tmp/ci-python-runtime.rXB7OKBE/install/include/python3.12/internal
/usr/bin/install -c -m 644 ./Include/internal/pycore_typevarobject.h /tmp/ci-python-runtime.rXB7OKBE/install/include/python3.12/internal
/usr/bin/install -c -m 644 ./Include/internal/pycore_ucnhash.h /tmp/ci-python-runtime.rXB7OKBE/install/include/python3.12/internal
/usr/bin/install -c -m 644 ./Include/internal/pycore_unicodeobject.h /tmp/ci-python-runtime.rXB7OKBE/install/include/python3.12/internal
/usr/bin/install -c -m 644 ./Include/internal/pycore_unicodeobject_generated.h /tmp/ci-python-runtime.rXB7OKBE/install/include/python3.12/internal
/usr/bin/install -c -m 644 ./Include/internal/pycore_unionobject.h /tmp/ci-python-runtime.rXB7OKBE/install/include/python3.12/internal
/usr/bin/install -c -m 644 ./Include/internal/pycore_warnings.h /tmp/ci-python-runtime.rXB7OKBE/install/include/python3.12/internal
/usr/bin/install -c -m 644 pyconfig.h /tmp/ci-python-runtime.rXB7OKBE/install/include/python3.12/pyconfig.h
/usr/bin/install -c -m 644 Modules/config.c /tmp/ci-python-runtime.rXB7OKBE/install/lib/python3.12/config-3.12-x86_64-linux-gnu/config.c
/usr/bin/install -c -m 644 ./Modules/config.c.in /tmp/ci-python-runtime.rXB7OKBE/install/lib/python3.12/config-3.12-x86_64-linux-gnu/config.c.in
/usr/bin/install -c -m 644 Makefile /tmp/ci-python-runtime.rXB7OKBE/install/lib/python3.12/config-3.12-x86_64-linux-gnu/Makefile
/usr/bin/install -c -m 644 ./Modules/Setup /tmp/ci-python-runtime.rXB7OKBE/install/lib/python3.12/config-3.12-x86_64-linux-gnu/Setup
/usr/bin/install -c -m 644 Modules/Setup.bootstrap /tmp/ci-python-runtime.rXB7OKBE/install/lib/python3.12/config-3.12-x86_64-linux-gnu/Setup.bootstrap
/usr/bin/install -c -m 644 Modules/Setup.stdlib /tmp/ci-python-runtime.rXB7OKBE/install/lib/python3.12/config-3.12-x86_64-linux-gnu/Setup.stdlib
/usr/bin/install -c -m 644 Modules/Setup.local /tmp/ci-python-runtime.rXB7OKBE/install/lib/python3.12/config-3.12-x86_64-linux-gnu/Setup.local
/usr/bin/install -c -m 644 Misc/python.pc /tmp/ci-python-runtime.rXB7OKBE/install/lib/pkgconfig/python-3.12.pc
/usr/bin/install -c -m 644 Misc/python-embed.pc /tmp/ci-python-runtime.rXB7OKBE/install/lib/pkgconfig/python-3.12-embed.pc
/usr/bin/install -c ./Modules/makesetup /tmp/ci-python-runtime.rXB7OKBE/install/lib/python3.12/config-3.12-x86_64-linux-gnu/makesetup
/usr/bin/install -c ./install-sh /tmp/ci-python-runtime.rXB7OKBE/install/lib/python3.12/config-3.12-x86_64-linux-gnu/install-sh
/usr/bin/install -c python-config.py /tmp/ci-python-runtime.rXB7OKBE/install/lib/python3.12/config-3.12-x86_64-linux-gnu/python-config.py
/usr/bin/install -c python-config /tmp/ci-python-runtime.rXB7OKBE/install/bin/python3.12-config
/usr/bin/install -c build/scripts-3.12/2to3-3.12 /tmp/ci-python-runtime.rXB7OKBE/install/bin/2to3-3.12
/usr/bin/install -c build/scripts-3.12/idle3.12 /tmp/ci-python-runtime.rXB7OKBE/install/bin/idle3.12
/usr/bin/install -c build/scripts-3.12/pydoc3.12 /tmp/ci-python-runtime.rXB7OKBE/install/bin/pydoc3.12
/usr/bin/install -c -m 755 Modules/array.cpython-312-x86_64-linux-gnu.so /tmp/ci-python-runtime.rXB7OKBE/install/lib/python3.12/lib-dynload/array.cpython-312-x86_64-linux-gnu.so
/usr/bin/install -c -m 755 Modules/_asyncio.cpython-312-x86_64-linux-gnu.so /tmp/ci-python-runtime.rXB7OKBE/install/lib/python3.12/lib-dynload/_asyncio.cpython-312-x86_64-linux-gnu.so
/usr/bin/install -c -m 755 Modules/_bisect.cpython-312-x86_64-linux-gnu.so /tmp/ci-python-runtime.rXB7OKBE/install/lib/python3.12/lib-dynload/_bisect.cpython-312-x86_64-linux-gnu.so
/usr/bin/install -c -m 755 Modules/_contextvars.cpython-312-x86_64-linux-gnu.so /tmp/ci-python-runtime.rXB7OKBE/install/lib/python3.12/lib-dynload/_contextvars.cpython-312-x86_64-linux-gnu.so
/usr/bin/install -c -m 755 Modules/_csv.cpython-312-x86_64-linux-gnu.so /tmp/ci-python-runtime.rXB7OKBE/install/lib/python3.12/lib-dynload/_csv.cpython-312-x86_64-linux-gnu.so
/usr/bin/install -c -m 755 Modules/_heapq.cpython-312-x86_64-linux-gnu.so /tmp/ci-python-runtime.rXB7OKBE/install/lib/python3.12/lib-dynload/_heapq.cpython-312-x86_64-linux-gnu.so
/usr/bin/install -c -m 755 Modules/_json.cpython-312-x86_64-linux-gnu.so /tmp/ci-python-runtime.rXB7OKBE/install/lib/python3.12/lib-dynload/_json.cpython-312-x86_64-linux-gnu.so
/usr/bin/install -c -m 755 Modules/_lsprof.cpython-312-x86_64-linux-gnu.so /tmp/ci-python-runtime.rXB7OKBE/install/lib/python3.12/lib-dynload/_lsprof.cpython-312-x86_64-linux-gnu.so
/usr/bin/install -c -m 755 Modules/_opcode.cpython-312-x86_64-linux-gnu.so /tmp/ci-python-runtime.rXB7OKBE/install/lib/python3.12/lib-dynload/_opcode.cpython-312-x86_64-linux-gnu.so
/usr/bin/install -c -m 755 Modules/_pickle.cpython-312-x86_64-linux-gnu.so /tmp/ci-python-runtime.rXB7OKBE/install/lib/python3.12/lib-dynload/_pickle.cpython-312-x86_64-linux-gnu.so
/usr/bin/install -c -m 755 Modules/_queue.cpython-312-x86_64-linux-gnu.so /tmp/ci-python-runtime.rXB7OKBE/install/lib/python3.12/lib-dynload/_queue.cpython-312-x86_64-linux-gnu.so
/usr/bin/install -c -m 755 Modules/_random.cpython-312-x86_64-linux-gnu.so /tmp/ci-python-runtime.rXB7OKBE/install/lib/python3.12/lib-dynload/_random.cpython-312-x86_64-linux-gnu.so
/usr/bin/install -c -m 755 Modules/_struct.cpython-312-x86_64-linux-gnu.so /tmp/ci-python-runtime.rXB7OKBE/install/lib/python3.12/lib-dynload/_struct.cpython-312-x86_64-linux-gnu.so
/usr/bin/install -c -m 755 Modules/_xxsubinterpreters.cpython-312-x86_64-linux-gnu.so /tmp/ci-python-runtime.rXB7OKBE/install/lib/python3.12/lib-dynload/_xxsubinterpreters.cpython-312-x86_64-linux-gnu.so
/usr/bin/install -c -m 755 Modules/_xxinterpchannels.cpython-312-x86_64-linux-gnu.so /tmp/ci-python-runtime.rXB7OKBE/install/lib/python3.12/lib-dynload/_xxinterpchannels.cpython-312-x86_64-linux-gnu.so
/usr/bin/install -c -m 755 Modules/_zoneinfo.cpython-312-x86_64-linux-gnu.so /tmp/ci-python-runtime.rXB7OKBE/install/lib/python3.12/lib-dynload/_zoneinfo.cpython-312-x86_64-linux-gnu.so
/usr/bin/install -c -m 755 Modules/audioop.cpython-312-x86_64-linux-gnu.so /tmp/ci-python-runtime.rXB7OKBE/install/lib/python3.12/lib-dynload/audioop.cpython-312-x86_64-linux-gnu.so
/usr/bin/install -c -m 755 Modules/math.cpython-312-x86_64-linux-gnu.so /tmp/ci-python-runtime.rXB7OKBE/install/lib/python3.12/lib-dynload/math.cpython-312-x86_64-linux-gnu.so
/usr/bin/install -c -m 755 Modules/cmath.cpython-312-x86_64-linux-gnu.so /tmp/ci-python-runtime.rXB7OKBE/install/lib/python3.12/lib-dynload/cmath.cpython-312-x86_64-linux-gnu.so
/usr/bin/install -c -m 755 Modules/_statistics.cpython-312-x86_64-linux-gnu.so /tmp/ci-python-runtime.rXB7OKBE/install/lib/python3.12/lib-dynload/_statistics.cpython-312-x86_64-linux-gnu.so
/usr/bin/install -c -m 755 Modules/_datetime.cpython-312-x86_64-linux-gnu.so /tmp/ci-python-runtime.rXB7OKBE/install/lib/python3.12/lib-dynload/_datetime.cpython-312-x86_64-linux-gnu.so
/usr/bin/install -c -m 755 Modules/_decimal.cpython-312-x86_64-linux-gnu.so /tmp/ci-python-runtime.rXB7OKBE/install/lib/python3.12/lib-dynload/_decimal.cpython-312-x86_64-linux-gnu.so
/usr/bin/install -c -m 755 Modules/binascii.cpython-312-x86_64-linux-gnu.so /tmp/ci-python-runtime.rXB7OKBE/install/lib/python3.12/lib-dynload/binascii.cpython-312-x86_64-linux-gnu.so
/usr/bin/install -c -m 755 Modules/_bz2.cpython-312-x86_64-linux-gnu.so /tmp/ci-python-runtime.rXB7OKBE/install/lib/python3.12/lib-dynload/_bz2.cpython-312-x86_64-linux-gnu.so
/usr/bin/install -c -m 755 Modules/_lzma.cpython-312-x86_64-linux-gnu.so /tmp/ci-python-runtime.rXB7OKBE/install/lib/python3.12/lib-dynload/_lzma.cpython-312-x86_64-linux-gnu.so
/usr/bin/install -c -m 755 Modules/zlib.cpython-312-x86_64-linux-gnu.so /tmp/ci-python-runtime.rXB7OKBE/install/lib/python3.12/lib-dynload/zlib.cpython-312-x86_64-linux-gnu.so
/usr/bin/install -c -m 755 Modules/_md5.cpython-312-x86_64-linux-gnu.so /tmp/ci-python-runtime.rXB7OKBE/install/lib/python3.12/lib-dynload/_md5.cpython-312-x86_64-linux-gnu.so
/usr/bin/install -c -m 755 Modules/_sha1.cpython-312-x86_64-linux-gnu.so /tmp/ci-python-runtime.rXB7OKBE/install/lib/python3.12/lib-dynload/_sha1.cpython-312-x86_64-linux-gnu.so
/usr/bin/install -c -m 755 Modules/_sha2.cpython-312-x86_64-linux-gnu.so /tmp/ci-python-runtime.rXB7OKBE/install/lib/python3.12/lib-dynload/_sha2.cpython-312-x86_64-linux-gnu.so
/usr/bin/install -c -m 755 Modules/_sha3.cpython-312-x86_64-linux-gnu.so /tmp/ci-python-runtime.rXB7OKBE/install/lib/python3.12/lib-dynload/_sha3.cpython-312-x86_64-linux-gnu.so
/usr/bin/install -c -m 755 Modules/_blake2.cpython-312-x86_64-linux-gnu.so /tmp/ci-python-runtime.rXB7OKBE/install/lib/python3.12/lib-dynload/_blake2.cpython-312-x86_64-linux-gnu.so
/usr/bin/install -c -m 755 Modules/pyexpat.cpython-312-x86_64-linux-gnu.so /tmp/ci-python-runtime.rXB7OKBE/install/lib/python3.12/lib-dynload/pyexpat.cpython-312-x86_64-linux-gnu.so
/usr/bin/install -c -m 755 Modules/_elementtree.cpython-312-x86_64-linux-gnu.so /tmp/ci-python-runtime.rXB7OKBE/install/lib/python3.12/lib-dynload/_elementtree.cpython-312-x86_64-linux-gnu.so
/usr/bin/install -c -m 755 Modules/_codecs_cn.cpython-312-x86_64-linux-gnu.so /tmp/ci-python-runtime.rXB7OKBE/install/lib/python3.12/lib-dynload/_codecs_cn.cpython-312-x86_64-linux-gnu.so
/usr/bin/install -c -m 755 Modules/_codecs_hk.cpython-312-x86_64-linux-gnu.so /tmp/ci-python-runtime.rXB7OKBE/install/lib/python3.12/lib-dynload/_codecs_hk.cpython-312-x86_64-linux-gnu.so
/usr/bin/install -c -m 755 Modules/_codecs_iso2022.cpython-312-x86_64-linux-gnu.so /tmp/ci-python-runtime.rXB7OKBE/install/lib/python3.12/lib-dynload/_codecs_iso2022.cpython-312-x86_64-linux-gnu.so
/usr/bin/install -c -m 755 Modules/_codecs_jp.cpython-312-x86_64-linux-gnu.so /tmp/ci-python-runtime.rXB7OKBE/install/lib/python3.12/lib-dynload/_codecs_jp.cpython-312-x86_64-linux-gnu.so
/usr/bin/install -c -m 755 Modules/_codecs_kr.cpython-312-x86_64-linux-gnu.so /tmp/ci-python-runtime.rXB7OKBE/install/lib/python3.12/lib-dynload/_codecs_kr.cpython-312-x86_64-linux-gnu.so
/usr/bin/install -c -m 755 Modules/_codecs_tw.cpython-312-x86_64-linux-gnu.so /tmp/ci-python-runtime.rXB7OKBE/install/lib/python3.12/lib-dynload/_codecs_tw.cpython-312-x86_64-linux-gnu.so
/usr/bin/install -c -m 755 Modules/_multibytecodec.cpython-312-x86_64-linux-gnu.so /tmp/ci-python-runtime.rXB7OKBE/install/lib/python3.12/lib-dynload/_multibytecodec.cpython-312-x86_64-linux-gnu.so
/usr/bin/install -c -m 755 Modules/unicodedata.cpython-312-x86_64-linux-gnu.so /tmp/ci-python-runtime.rXB7OKBE/install/lib/python3.12/lib-dynload/unicodedata.cpython-312-x86_64-linux-gnu.so
/usr/bin/install -c -m 755 Modules/_crypt.cpython-312-x86_64-linux-gnu.so /tmp/ci-python-runtime.rXB7OKBE/install/lib/python3.12/lib-dynload/_crypt.cpython-312-x86_64-linux-gnu.so
/usr/bin/install -c -m 755 Modules/fcntl.cpython-312-x86_64-linux-gnu.so /tmp/ci-python-runtime.rXB7OKBE/install/lib/python3.12/lib-dynload/fcntl.cpython-312-x86_64-linux-gnu.so
/usr/bin/install -c -m 755 Modules/grp.cpython-312-x86_64-linux-gnu.so /tmp/ci-python-runtime.rXB7OKBE/install/lib/python3.12/lib-dynload/grp.cpython-312-x86_64-linux-gnu.so
/usr/bin/install -c -m 755 Modules/mmap.cpython-312-x86_64-linux-gnu.so /tmp/ci-python-runtime.rXB7OKBE/install/lib/python3.12/lib-dynload/mmap.cpython-312-x86_64-linux-gnu.so
/usr/bin/install -c -m 755 Modules/ossaudiodev.cpython-312-x86_64-linux-gnu.so /tmp/ci-python-runtime.rXB7OKBE/install/lib/python3.12/lib-dynload/ossaudiodev.cpython-312-x86_64-linux-gnu.so
/usr/bin/install -c -m 755 Modules/_posixsubprocess.cpython-312-x86_64-linux-gnu.so /tmp/ci-python-runtime.rXB7OKBE/install/lib/python3.12/lib-dynload/_posixsubprocess.cpython-312-x86_64-linux-gnu.so
/usr/bin/install -c -m 755 Modules/resource.cpython-312-x86_64-linux-gnu.so /tmp/ci-python-runtime.rXB7OKBE/install/lib/python3.12/lib-dynload/resource.cpython-312-x86_64-linux-gnu.so
/usr/bin/install -c -m 755 Modules/select.cpython-312-x86_64-linux-gnu.so /tmp/ci-python-runtime.rXB7OKBE/install/lib/python3.12/lib-dynload/select.cpython-312-x86_64-linux-gnu.so
/usr/bin/install -c -m 755 Modules/_socket.cpython-312-x86_64-linux-gnu.so /tmp/ci-python-runtime.rXB7OKBE/install/lib/python3.12/lib-dynload/_socket.cpython-312-x86_64-linux-gnu.so
/usr/bin/install -c -m 755 Modules/spwd.cpython-312-x86_64-linux-gnu.so /tmp/ci-python-runtime.rXB7OKBE/install/lib/python3.12/lib-dynload/spwd.cpython-312-x86_64-linux-gnu.so
/usr/bin/install -c -m 755 Modules/syslog.cpython-312-x86_64-linux-gnu.so /tmp/ci-python-runtime.rXB7OKBE/install/lib/python3.12/lib-dynload/syslog.cpython-312-x86_64-linux-gnu.so
/usr/bin/install -c -m 755 Modules/termios.cpython-312-x86_64-linux-gnu.so /tmp/ci-python-runtime.rXB7OKBE/install/lib/python3.12/lib-dynload/termios.cpython-312-x86_64-linux-gnu.so
/usr/bin/install -c -m 755 Modules/_posixshmem.cpython-312-x86_64-linux-gnu.so /tmp/ci-python-runtime.rXB7OKBE/install/lib/python3.12/lib-dynload/_posixshmem.cpython-312-x86_64-linux-gnu.so
/usr/bin/install -c -m 755 Modules/_multiprocessing.cpython-312-x86_64-linux-gnu.so /tmp/ci-python-runtime.rXB7OKBE/install/lib/python3.12/lib-dynload/_multiprocessing.cpython-312-x86_64-linux-gnu.so
/usr/bin/install -c -m 755 Modules/_ctypes.cpython-312-x86_64-linux-gnu.so /tmp/ci-python-runtime.rXB7OKBE/install/lib/python3.12/lib-dynload/_ctypes.cpython-312-x86_64-linux-gnu.so
/usr/bin/install -c -m 755 Modules/_sqlite3.cpython-312-x86_64-linux-gnu.so /tmp/ci-python-runtime.rXB7OKBE/install/lib/python3.12/lib-dynload/_sqlite3.cpython-312-x86_64-linux-gnu.so
/usr/bin/install -c -m 755 Modules/_ssl.cpython-312-x86_64-linux-gnu.so /tmp/ci-python-runtime.rXB7OKBE/install/lib/python3.12/lib-dynload/_ssl.cpython-312-x86_64-linux-gnu.so
/usr/bin/install -c -m 755 Modules/_hashlib.cpython-312-x86_64-linux-gnu.so /tmp/ci-python-runtime.rXB7OKBE/install/lib/python3.12/lib-dynload/_hashlib.cpython-312-x86_64-linux-gnu.so
/usr/bin/install -c -m 755 Modules/_uuid.cpython-312-x86_64-linux-gnu.so /tmp/ci-python-runtime.rXB7OKBE/install/lib/python3.12/lib-dynload/_uuid.cpython-312-x86_64-linux-gnu.so
/usr/bin/install -c -m 755 Modules/xxsubtype.cpython-312-x86_64-linux-gnu.so /tmp/ci-python-runtime.rXB7OKBE/install/lib/python3.12/lib-dynload/xxsubtype.cpython-312-x86_64-linux-gnu.so
/usr/bin/install -c -m 755 Modules/_xxtestfuzz.cpython-312-x86_64-linux-gnu.so /tmp/ci-python-runtime.rXB7OKBE/install/lib/python3.12/lib-dynload/_xxtestfuzz.cpython-312-x86_64-linux-gnu.so
/usr/bin/install -c -m 755 Modules/_testbuffer.cpython-312-x86_64-linux-gnu.so /tmp/ci-python-runtime.rXB7OKBE/install/lib/python3.12/lib-dynload/_testbuffer.cpython-312-x86_64-linux-gnu.so
/usr/bin/install -c -m 755 Modules/_testinternalcapi.cpython-312-x86_64-linux-gnu.so /tmp/ci-python-runtime.rXB7OKBE/install/lib/python3.12/lib-dynload/_testinternalcapi.cpython-312-x86_64-linux-gnu.so
/usr/bin/install -c -m 755 Modules/_testcapi.cpython-312-x86_64-linux-gnu.so /tmp/ci-python-runtime.rXB7OKBE/install/lib/python3.12/lib-dynload/_testcapi.cpython-312-x86_64-linux-gnu.so
/usr/bin/install -c -m 755 Modules/_testclinic.cpython-312-x86_64-linux-gnu.so /tmp/ci-python-runtime.rXB7OKBE/install/lib/python3.12/lib-dynload/_testclinic.cpython-312-x86_64-linux-gnu.so
/usr/bin/install -c -m 755 Modules/_testimportmultiple.cpython-312-x86_64-linux-gnu.so /tmp/ci-python-runtime.rXB7OKBE/install/lib/python3.12/lib-dynload/_testimportmultiple.cpython-312-x86_64-linux-gnu.so
/usr/bin/install -c -m 755 Modules/_testmultiphase.cpython-312-x86_64-linux-gnu.so /tmp/ci-python-runtime.rXB7OKBE/install/lib/python3.12/lib-dynload/_testmultiphase.cpython-312-x86_64-linux-gnu.so
/usr/bin/install -c -m 755 Modules/_testsinglephase.cpython-312-x86_64-linux-gnu.so /tmp/ci-python-runtime.rXB7OKBE/install/lib/python3.12/lib-dynload/_testsinglephase.cpython-312-x86_64-linux-gnu.so
/usr/bin/install -c -m 755 Modules/_ctypes_test.cpython-312-x86_64-linux-gnu.so /tmp/ci-python-runtime.rXB7OKBE/install/lib/python3.12/lib-dynload/_ctypes_test.cpython-312-x86_64-linux-gnu.so
/usr/bin/install -c -m 755 Modules/xxlimited.cpython-312-x86_64-linux-gnu.so /tmp/ci-python-runtime.rXB7OKBE/install/lib/python3.12/lib-dynload/xxlimited.cpython-312-x86_64-linux-gnu.so
/usr/bin/install -c -m 755 Modules/xxlimited_35.cpython-312-x86_64-linux-gnu.so /tmp/ci-python-runtime.rXB7OKBE/install/lib/python3.12/lib-dynload/xxlimited_35.cpython-312-x86_64-linux-gnu.so
/usr/bin/install -c -m 644 ./Misc/python.man \
	/tmp/ci-python-runtime.rXB7OKBE/install/share/man/man1/python3.12.1
if test ! -d /tmp/ci-python-runtime.rXB7OKBE/install/lib/pkgconfig; then \
	echo "Creating directory /tmp/ci-python-runtime.rXB7OKBE/install/lib/pkgconfig"; \
	/usr/bin/install -c -d -m 755 /tmp/ci-python-runtime.rXB7OKBE/install/lib/pkgconfig; \
fi
if test -f /tmp/ci-python-runtime.rXB7OKBE/install/bin/python3 -o -h /tmp/ci-python-runtime.rXB7OKBE/install/bin/python3; \
then rm -f /tmp/ci-python-runtime.rXB7OKBE/install/bin/python3; \
else true; \
fi
(cd /tmp/ci-python-runtime.rXB7OKBE/install/bin; ln -s python3.12 python3)
if test "3.12" != "3.12"; then \
	rm -f /tmp/ci-python-runtime.rXB7OKBE/install/bin/python3.12-config; \
	(cd /tmp/ci-python-runtime.rXB7OKBE/install/bin; ln -s python3.12-config python3.12-config); \
	rm -f /tmp/ci-python-runtime.rXB7OKBE/install/lib/pkgconfig/python-3.12.pc; \
	(cd /tmp/ci-python-runtime.rXB7OKBE/install/lib/pkgconfig; ln -s python-3.12.pc python-3.12.pc); \
	rm -f /tmp/ci-python-runtime.rXB7OKBE/install/lib/pkgconfig/python-3.12-embed.pc; \
	(cd /tmp/ci-python-runtime.rXB7OKBE/install/lib/pkgconfig; ln -s python-3.12-embed.pc python-3.12-embed.pc); \
fi
rm -f /tmp/ci-python-runtime.rXB7OKBE/install/bin/python3-config
(cd /tmp/ci-python-runtime.rXB7OKBE/install/bin; ln -s python3.12-config python3-config)
rm -f /tmp/ci-python-runtime.rXB7OKBE/install/lib/pkgconfig/python3.pc
(cd /tmp/ci-python-runtime.rXB7OKBE/install/lib/pkgconfig; ln -s python-3.12.pc python3.pc)
rm -f /tmp/ci-python-runtime.rXB7OKBE/install/lib/pkgconfig/python3-embed.pc
(cd /tmp/ci-python-runtime.rXB7OKBE/install/lib/pkgconfig; ln -s python-3.12-embed.pc python3-embed.pc)
rm -f /tmp/ci-python-runtime.rXB7OKBE/install/bin/idle3
(cd /tmp/ci-python-runtime.rXB7OKBE/install/bin; ln -s idle3.12 idle3)
rm -f /tmp/ci-python-runtime.rXB7OKBE/install/bin/pydoc3
(cd /tmp/ci-python-runtime.rXB7OKBE/install/bin; ln -s pydoc3.12 pydoc3)
rm -f /tmp/ci-python-runtime.rXB7OKBE/install/bin/2to3
(cd /tmp/ci-python-runtime.rXB7OKBE/install/bin; ln -s 2to3-3.12 2to3)
if test "x" != "x" ; then \
	rm -f /tmp/ci-python-runtime.rXB7OKBE/install/bin/python3-32; \
	(cd /tmp/ci-python-runtime.rXB7OKBE/install/bin; ln -s python3.12-32 python3-32) \
fi
if test "x" != "x" ; then \
	rm -f /tmp/ci-python-runtime.rXB7OKBE/install/bin/python3-intel64; \
	(cd /tmp/ci-python-runtime.rXB7OKBE/install/bin; ln -s python3.12-intel64 python3-intel64) \
fi
rm -f /tmp/ci-python-runtime.rXB7OKBE/install/share/man/man1/python3.1
(cd /tmp/ci-python-runtime.rXB7OKBE/install/share/man/man1; ln -s python3.12.1 python3.1)
if test "xno" != "xno"  ; then \
	case no in \
		upgrade) ensurepip="--upgrade" ;; \
		install|*) ensurepip="" ;; \
	esac; \
	 ./python -E -m ensurepip \
		$ensurepip --root=/ ; \
fi
