import time: self [us] | cumulative | imported package
import time:       240 |        240 |   _io
import time:        31 |         31 |   marshal
import time:       259 |        259 |   posix
import time:       296 |        826 | _frozen_importlib_external
import time:        75 |         75 |   time
import time:        93 |        168 | zipimport
import time:        39 |         39 |     _codecs
import time:       220 |        259 |   codecs
import time:       375 |        375 |   encodings.aliases
import time:       581 |       1213 | encodings
import time:       164 |        164 | encodings.utf_8
import time:        91 |         91 | _signal
import time:        26 |         26 |     _abc
import time:       119 |        145 |   abc
import time:       133 |        278 | io
import time:        37 |         37 |       _stat
import time:        45 |         81 |     stat
import time:       772 |        772 |     _collections_abc
import time:        39 |         39 |       genericpath
import time:        61 |        100 |     posixpath
import time:       290 |       1242 |   os
import time:        66 |         66 |   _sitebuiltins
import time:        40 |         40 |   pwd
import time:      2846 |       2846 |   sitecustomize
import time:        92 |         92 |   usercustomize
import time:       376 |       4660 | site
import time:       190 |        190 |   embed_optim
import time:       157 |        157 |   __future__
import time:       268 |        268 |         types
import time:       135 |        135 |           _operator
import time:       267 |        402 |         operator
import time:       183 |        183 |             itertools
import time:       120 |        120 |             keyword
import time:       161 |        161 |             reprlib
import time:        62 |         62 |             _collections
import time:       726 |       1250 |           collections
import time:        48 |         48 |           _functools
import time:       685 |       1982 |         functools
import time:      1427 |       4077 |       enum
import time:        64 |         64 |         _sre
import time:       228 |        228 |           re._constants
import time:       466 |        693 |         re._parser
import time:       100 |        100 |         re._casefix
import time:       335 |       1190 |       re._compiler
import time:       161 |        161 |       copyreg
import time:       480 |       5907 |     re
import time:       281 |        281 |     warnings
import time:       833 |        833 |     gettext
import time:      1073 |       8092 |   argparse
import time:      1674 |       1674 |     _hashlib
import time:       195 |        195 |     _blake2
import time:       315 |       2182 |   hashlib
import time:       141 |        141 |         _json
import time:       341 |        481 |       json.scanner
import time:       408 |        889 |     json.decoder
import time:       396 |        396 |     json.encoder
import time:       218 |       1502 |   json
import time:      1457 |       1457 |   signal
import time:        66 |         66 |     errno
import time:        69 |         69 |       _locale
import time:       793 |        861 |     locale
import time:       319 |        319 |       _weakrefset
import time:       607 |        925 |     threading
import time:       547 |        547 |     contextlib
import time:       160 |        160 |     fcntl
import time:        76 |         76 |     msvcrt
import time:       107 |        107 |     _posixsubprocess
import time:       117 |        117 |     select
import time:       127 |        127 |       collections.abc
import time:       346 |        346 |       math
import time:       574 |       1047 |     selectors
import time:       736 |       4639 |   subprocess
import time:       150 |        150 |     fnmatch
import time:        72 |         72 |       _winapi
import time:        59 |         59 |       nt
import time:        52 |         52 |       nt
import time:        51 |         51 |       nt
import time:        50 |         50 |       nt
import time:        49 |         49 |       nt
import time:        49 |         49 |       nt
import time:        94 |        473 |     ntpath
import time:       112 |        112 |       urllib
import time:      1267 |       1267 |       ipaddress
import time:      1094 |       2472 |     urllib.parse
import time:       902 |       3996 |   pathlib
import time:        46 |         46 |     _typing
import time:      2707 |       2752 |   typing
import time:       175 |        175 |           _csv
import time:       468 |        642 |         csv
import time:       347 |        347 |         embed_optim.causal_chain_rendering
import time:       662 |        662 |         embed_optim.causal_chain_reporting
import time:       391 |        391 |               weakref
import time:       186 |        577 |             copy
import time:      1192 |       1192 |                 _ast
import time:      1148 |       2339 |               ast
import time:       123 |        123 |                   _opcode
import time:       421 |        543 |                 opcode
import time:      1616 |       2159 |               dis
import time:       199 |        199 |                 importlib
import time:        62 |        261 |               importlib.machinery
import time:       160 |        160 |                   token
import time:        34 |         34 |                   _tokenize
import time:       827 |       1020 |                 tokenize
import time:       137 |       1156 |               linecache
import time:      2136 |       8049 |             inspect
import time:       716 |       9340 |           dataclasses
import time:       897 |        897 |             yaml.error
import time:       961 |        961 |             yaml.tokens
import time:       866 |        866 |             yaml.events
import time:       446 |        446 |             yaml.nodes
import time:      5106 |       5106 |               yaml.reader
import time:      7912 |       7912 |               yaml.scanner
import time:      3318 |       3318 |               yaml.parser
import time:      1106 |       1106 |               yaml.composer
import time:       223 |        223 |                   _datetime
import time:       185 |        408 |                 datetime
import time:       154 |        154 |                     _struct
import time:       103 |        256 |                   struct
import time:       196 |        196 |                   binascii
import time:       233 |        684 |                 base64
import time:      5541 |       6632 |               yaml.constructor
import time:      2719 |       2719 |               yaml.resolver
import time:       774 |      27564 |             yaml.loader
import time:      7583 |       7583 |               yaml.emitter
import time:      1168 |       1168 |               yaml.serializer
import time:      2646 |       2646 |               yaml.representer
import time:       765 |      12160 |             yaml.dumper
import time:       387 |        387 |               yaml._yaml
import time:      1063 |       1449 |             yaml.cyaml
import time:      2700 |      47039 |           yaml
import time:      3307 |      59685 |         embed_optim.config
import time:       145 |        145 |               email
import time:       127 |        127 |                   importlib._abc
import time:       120 |        247 |                 importlib.util
import time:       197 |        197 |                   zlib
import time:       177 |        177 |                     _compression
import time:       193 |        193 |                     _bz2
import time:       203 |        572 |                   bz2
import time:       237 |        237 |                     _lzma
import time:       217 |        454 |                   lzma
import time:       703 |       1923 |                 shutil
import time:       116 |        116 |                   zipfile._path.glob
import time:       356 |        471 |                 zipfile._path
import time:       878 |       3517 |               zipfile
import time:       791 |        791 |               textwrap
import time:       167 |        167 |                   quopri
import time:       129 |        129 |                         _bisect
import time:       109 |        238 |                       bisect
import time:       110 |        110 |                       _random
import time:       125 |        125 |                       _sha2
import time:       326 |        796 |                     random
import time:       292 |        292 |                       _socket
import time:       194 |        194 |                       array
import time:      1417 |       1902 |                     socket
import time:      1188 |       1188 |                       calendar
import time:       249 |       1436 |                     email._parseaddr
import time:       112 |        112 |                       email.base64mime
import time:        33 |         33 |                           _string
import time:       573 |        606 |                         string
import time:       196 |        801 |                       email.quoprimime
import time:       457 |        457 |                       email.errors
import time:       103 |        103 |                       email.encoders
import time:       282 |       1754 |                     email.charset
import time:       366 |       6252 |                   email.utils
import time:       603 |        603 |                     email.header
import time:       260 |        863 |                   email._policybase
import time:       250 |        250 |                   email._encoded_words
import time:       104 |        104 |                   email.iterators
import time:       562 |       8196 |                 email.message
import time:        81 |         81 |                   importlib.metadata._functools
import time:       130 |        210 |                 importlib.metadata._text
import time:       233 |       8638 |               importlib.metadata._adapters
import time:       382 |        382 |               importlib.metadata._meta
import time:       244 |        244 |               importlib.metadata._collections
import time:       100 |        100 |               importlib.metadata._itertools
import time:       437 |        437 |                     tempfile
import time:       371 |        371 |                     importlib.resources.abc
import time:       277 |        277 |                     importlib.resources._adapters
import time:      1212 |       2296 |                   importlib.resources._common
import time:       177 |        177 |                   importlib.resources._legacy
import time:       111 |       2583 |                 importlib.resources
import time:       332 |       2915 |               importlib.abc
import time:      1096 |      17825 |             importlib.metadata
import time:       282 |        282 |                   numpy.version
import time:       354 |        354 |                   numpy._expired_attrs_2_0
import time:       243 |        243 |                       numpy._utils._conversions
import time:       533 |        775 |                     numpy._utils
import time:       636 |       1411 |                   numpy._globals
import time:        34 |         34 |                     numpy._distributor_init_local
import time:       161 |        195 |                   numpy._distributor_init
import time:       699 |        699 |                             numpy.exceptions
import time:      1331 |       1331 |                             numpy._core._exceptions
import time:       139 |        139 |                                 _contextvars
import time:       185 |        324 |                               contextvars
import time:       232 |        556 |                             numpy._core.printoptions
import time:       364 |        364 |                             numpy.dtypes
import time:      5311 |       8259 |                           numpy._core._multiarray_umath
import time:      1048 |       1048 |                             numpy._utils._inspect
import time:      1023 |       2070 |                           numpy._core.overrides
import time:      3012 |      13340 |                         numpy._core.multiarray
import time:       429 |        429 |                         numpy._core.umath
import time:       484 |        484 |                           numbers
import time:       344 |        344 |                           numpy._core._string_helpers
import time:       875 |        875 |                           numpy._core._type_aliases
import time:      1658 |       3359 |                         numpy._core.numerictypes
import time:       248 |        248 |                                     _compat_pickle
import time:       244 |        244 |                                     _pickle
import time:       926 |       1417 |                                   pickle
import time:      2111 |       3528 |                                 numpy._core._methods
import time:      6575 |      10103 |                               numpy._core.fromnumeric
import time:      2827 |      12929 |                             numpy._core.shape_base
import time:      1065 |       1065 |                             numpy._core._ufunc_config
import time:       633 |        633 |                             numpy._core._asarray
import time:      8701 |       8701 |                             numpy._core.arrayprint
import time:      6711 |      30036 |                           numpy._core.numeric
import time:      6400 |      36436 |                         numpy._core.einsumfunc
import time:      1852 |       1852 |                         numpy._core.function_base
import time:      1953 |       1953 |                         numpy._core.getlimits
import time:      1278 |       1278 |                         numpy._core.memmap
import time:      4566 |       4566 |                         numpy._core.records
import time:      9128 |       9128 |                         numpy._core._add_newdocs
import time:      1687 |       1687 |                         numpy._core._add_newdocs_scalars
import time:      2035 |       2035 |                         numpy._core._dtype
import time:       760 |        760 |                         numpy._core._dtype_ctypes
import time:       349 |        349 |                             _ctypes
import time:       277 |        277 |                             ctypes._endian
import time:       778 |       1403 |                           ctypes
import time:      5646 |       7048 |                         numpy._core._internal
import time:       708 |        708 |                         numpy._pytesttester
import time:      1283 |      85854 |                       numpy._core
import time:        34 |      85888 |                     numpy._core._multiarray_umath
import time:       948 |      86836 |                   numpy.__config__
import time:       526 |        526 |                                     numpy._typing._nbit_base
import time:       486 |        486 |                                     numpy._typing._nested_sequence
import time:       190 |        190 |                                     numpy._typing._shape
import time:      1172 |       2372 |                                   numpy._typing._array_like
import time:      1298 |       1298 |                                   numpy._typing._char_codes
import time:      1019 |       1019 |                                   numpy._typing._dtype_like
import time:       281 |        281 |                                   numpy._typing._nbit
import time:       273 |        273 |                                   numpy._typing._scalars
import time:       130 |        130 |                                   numpy._typing._ufunc
import time:       553 |       5924 |                                 numpy._typing
import time:       367 |        367 |                                     numpy.lib._array_utils_impl
import time:      1716 |       2083 |                                   numpy.lib._stride_tricks_impl
import time:      2515 |       4597 |                                 numpy.lib._twodim_base_impl
import time:       170 |        170 |                                 numpy.lib.array_utils
import time:       416 |        416 |                                 numpy.linalg._umath_linalg
import time:      9962 |      21067 |                               numpy.linalg._linalg
import time:       357 |      21424 |                             numpy.linalg
import time:      2789 |      24212 |                           numpy.matrixlib.defmatrix
import time:       229 |      24441 |                         numpy.matrixlib
import time:      3570 |       3570 |                           numpy.lib._histograms_impl
import time:     18519 |      22088 |                         numpy.lib._function_base_impl
import time:      3220 |      49748 |                       numpy.lib._index_tricks_impl
import time:      3134 |      52881 |                     numpy.lib._arraypad_impl
import time:      3937 |       3937 |                     numpy.lib._arraysetops_impl
import time:      1191 |       1191 |                     numpy.lib._arrayterator_impl
import time:      5124 |       5124 |                     numpy.lib._nanfunctions_impl
import time:       110 |        110 |                               _wmi
import time:       622 |        732 |                             platform
import time:      2480 |       3211 |                           numpy.lib._utils_impl
import time:      3434 |       6645 |                         numpy.lib._format_impl
import time:       225 |       6869 |                       numpy.lib.format
import time:      2137 |       2137 |                       numpy.lib._datasource
import time:      4147 |       4147 |                       numpy.lib._iotools
import time:      9328 |      22480 |                     numpy.lib._npyio_impl
import time:       627 |        627 |                         numpy.lib._ufunclike_impl
import time:      1735 |       2362 |                       numpy.lib._type_check_impl
import time:      4764 |       7125 |                     numpy.lib._polynomial_impl
import time:      3164 |       3164 |                     numpy.lib._shape_base_impl
import time:       937 |        937 |                     numpy.lib._version
import time:       404 |        404 |                     numpy.lib.introspect
import time:       830 |        830 |                     numpy.lib.mixins
import time:       128 |        128 |                     numpy.lib.npyio
import time:       962 |        962 |                       numpy.lib._scimath_impl
import time:       114 |       1075 |                     numpy.lib.scimath
import time:       158 |        158 |                     numpy.lib.stride_tricks
import time:       742 |     100169 |                   numpy.lib
import time:       928 |        928 |                   numpy._array_api_info
import time:      3586 |     193758 |                 numpy
import time:       383 |        383 |                   glob
import time:     23480 |      23480 |                   typing_extensions
import time:       547 |        547 |                       traceback
import time:        46 |         46 |                       atexit
import time:      1757 |       2350 |                     logging
import time:      5788 |       8138 |                   torch._utils
import time:       138 |        138 |                       torch._strobelight
import time:        51 |         51 |                           gc
import time:       310 |        360 |                         timeit
import time:      2219 |       2579 |                       torch._strobelight.cli_function_profiler
import time:      1410 |       4126 |                     torch._strobelight.compile_time_profiler
import time:      1739 |       5865 |                   torch._utils_internal
import time:       115 |        115 |                         torch._vendor
import time:       190 |        304 |                       torch._vendor.packaging
import time:       621 |        621 |                       torch._vendor.packaging._structures
import time:      4569 |       5494 |                     torch._vendor.packaging.version
import time:       236 |        236 |                     torch.version
import time:       609 |       6338 |                   torch.torch_version
import time:        35 |         35 |                   torch._rocm_init
import time:    359130 |     359130 |                   torch._C
import time:      1016 |       1016 |                     torch._namedtensor_internals
import time:     24056 |      24056 |                     torch.overrides
import time:      9675 |      34746 |                   torch._tensor
import time:      1048 |       1048 |                     torch.types
import time:      8806 |       9854 |                   torch.storage
import time:      2571 |       2571 |                     torch.amp.autocast_mode
import time:      3498 |       3498 |                     torch.amp.grad_scaler
import time:       201 |       6269 |                   torch.amp
import time:      1037 |       1037 |                   torch.random
import time:       162 |        162 |                         _heapq
import time:       177 |        338 |                       heapq
import time:       735 |       1073 |                     difflib
import time:       165 |        165 |                       grp
import time:       919 |       1084 |                     tarfile
import time:      3914 |       3914 |                     torch._weights_only_unpickler
import time:      1174 |       1174 |                     torch._sources
import time:       224 |        224 |                     mmap
import time:     11714 |      19179 |                   torch.serialization
import time:      5070 |       5070 |                   torch._tensor_str
import time:       892 |        892 |                     torch.cuda.gds
import time:      2138 |       2138 |                     torch.cuda._utils
import time:      3348 |       3348 |                     torch.cuda.graphs
import time:      1195 |       1195 |                     torch.cuda.streams
import time:       230 |        230 |                       ctypes.util
import time:      5666 |       5896 |                     pynvml
import time:      5470 |       5470 |                       torch.cuda._memory_viz
import time:      4416 |       9885 |                     torch.cuda.memory
import time:      1038 |       1038 |                     torch.cuda.random
import time:       646 |        646 |                       torch.cuda.amp.autocast_mode
import time:       179 |        179 |                       torch.cuda.amp.common
import time:       284 |        284 |                       torch.cuda.amp.grad_scaler
import time:       206 |       1313 |                     torch.cuda.amp
import time:       691 |        691 |                     torch.cuda.jiterator
import time:       480 |        480 |                     torch.cuda.nvtx
import time:       525 |        525 |                     torch.cuda.profiler
import time:        98 |         98 |                     torch.cuda.sparse
import time:       168 |        168 |                         concurrent
import time:       508 |        508 |                         concurrent.futures._base
import time:       169 |        844 |                       concurrent.futures
import time:       299 |        299 |                           multiprocessing.process
import time:       264 |        264 |                           multiprocessing.reduction
import time:       425 |        987 |                         multiprocessing.context
import time:       199 |       1185 |                       multiprocessing
import time:      4794 |       6822 |                     torch.cuda.tunable
import time:     11384 |      45698 |                   torch.cuda
import time:      2121 |       2121 |                       torch.sparse._semi_structured_conversions
import time:      1389 |       1389 |                       torch.sparse._semi_structured_ops
import time:      2943 |       6452 |                     torch.sparse.semi_structured
import time:      1832 |       8283 |                   torch.sparse
import time:       711 |        711 |                   torch._compile
import time:       312 |        312 |                   torch._VF
import time:      1672 |       1672 |                         torch.nn.parameter
import time:     11515 |      11515 |                             torch._prims_common
import time:       362 |        362 |                                 torch.utils.backcompat
import time:      4900 |       4900 |                                 torch.utils.collect_env
import time:       192 |        192 |                                       _queue
import time:       326 |        517 |                                     queue
import time:       381 |        381 |                                         cmd
import time:       306 |        306 |                                         bdb
import time:       145 |        145 |                                           codeop
import time:       174 |        319 |                                         code
import time:       254 |        254 |                                         pprint
import time:       654 |       1912 |                                       pdb
import time:       290 |        290 |                                         torch.utils._typing_utils
import time:       416 |        416 |                                           torch.monitor
import time:       172 |        172 |                                             torch.distributed.logging_handlers
import time:       946 |       1118 |                                           torch.distributed.c10d_logger
import time:       224 |        224 |                                           torch.distributed.constants
import time:      1802 |       1802 |                                           torch.distributed.rendezvous
import time:     23809 |      27367 |                                         torch.distributed.distributed_c10d
import time:      5777 |      33434 |                                       torch.distributed.device_mesh
import time:       879 |        879 |                                       torch.distributed.remote_device
import time:      3943 |      40166 |                                     torch.distributed
import time:      2811 |       2811 |                                                     torch.utils.data.datapipes._hook_iterator
import time:      3605 |       6415 |                                                   torch.utils.data.datapipes._typing
import time:       399 |        399 |                                                     torch.utils._import_utils
import time:       113 |        113 |                                                       torch.utils.data.datapipes.utils
import time:      2621 |       2734 |                                                     torch.utils.data.datapipes.utils.common
import time:      2954 |       2954 |                                                     torch.utils.data.dataset
import time:       246 |        246 |                                                       dill.__info__
import time:      1661 |       1661 |                                                         dill.logger
import time:       833 |        833 |                                                         _pyio
import time:       852 |        852 |                                                         dill._shims
import time:       177 |        177 |                                                         dill.settings
import time:        94 |         94 |                                                         winreg
import time:     16292 |      19907 |                                                       dill._dill
import time:      5134 |       5134 |                                                       dill.session
import time:       868 |        868 |                                                         dill.pointers
import time:      2333 |       3201 |                                                       dill.detect
import time:      6819 |       6819 |                                                       dill.source
import time:      1106 |       1106 |                                                       dill.temp
import time:       211 |        211 |                                                       dill.objtypes
import time:       928 |      37549 |                                                     dill
import time:      2722 |      46356 |                                                   torch.utils.data.datapipes.datapipe
import time:      1493 |      54263 |                                                 torch.utils.data.datapipes._decorator
import time:       813 |        813 |                                                   torch.utils.data.datapipes.dataframe.dataframe_wrapper
import time:       371 |       1183 |                                                 torch.utils.data.datapipes.dataframe.structures
import time:      3746 |      59191 |                                               torch.utils.data.datapipes.dataframe.dataframes
import time:      1451 |       1451 |                                               torch.utils.data.datapipes.dataframe.datapipes
import time:       218 |      60859 |                                             torch.utils.data.datapipes.dataframe
import time:      2065 |       2065 |                                                     torch.utils.data._utils.collate
import time:       617 |        617 |                                                     torch.utils.data._utils.fetch
import time:       886 |        886 |                                                     torch.utils.data._utils.pin_memory
import time:       376 |        376 |                                                     torch.utils.data._utils.signal_handling
import time:      3140 |       3140 |                                                     torch.utils.data._utils.worker
import time:       387 |       7468 |                                                   torch.utils.data._utils
import time:        24 |       7492 |                                                 torch.utils.data._utils.collate
import time:      1493 |       8985 |                                               torch.utils.data.datapipes.iter.callable
import time:      1910 |       1910 |                                                 torch.utils.data.sampler
import time:      1513 |       3422 |                                               torch.utils.data.datapipes.iter.combinatorics
import time:      4330 |       4330 |                                               torch.utils.data.datapipes.iter.combining
import time:       488 |        488 |                                                 torch.utils.data.datapipes.iter.utils
import time:       829 |       1316 |                                               torch.utils.data.datapipes.iter.filelister
import time:       555 |        555 |                                               torch.utils.data.datapipes.iter.fileopener
import time:       982 |        982 |                                                 torch.utils.data.datapipes.iter.sharding
import time:      1901 |       2883 |                                               torch.utils.data.datapipes.iter.grouping
import time:      1934 |       1934 |                                                 torch.utils.data.datapipes.utils.decoder
import time:       681 |       2614 |                                               torch.utils.data.datapipes.iter.routeddecoder
import time:       835 |        835 |                                               torch.utils.data.datapipes.iter.selecting
import time:       433 |        433 |                                               torch.utils.data.datapipes.iter.streamreader
import time:       396 |      25764 |                                             torch.utils.data.datapipes.iter
import time:       646 |        646 |                                               torch.utils.data.datapipes.map.callable
import time:       872 |        872 |                                               torch.utils.data.datapipes.map.combinatorics
import time:       993 |        993 |                                               torch.utils.data.datapipes.map.combining
import time:       733 |        733 |                                               torch.utils.data.datapipes.map.grouping
import time:       508 |        508 |                                               torch.utils.data.datapipes.map.utils
import time:       276 |       4025 |                                             torch.utils.data.datapipes.map
import time:       229 |      90876 |                                           torch.utils.data.datapipes
import time:        17 |      90893 |                                         torch.utils.data.datapipes.iter
import time:        20 |      90913 |                                       torch.utils.data.datapipes.iter.sharding
import time:      1045 |       1045 |                                       torch.utils.data.graph
import time:      1233 |      93190 |                                     torch.utils.data.graph_settings
import time:      5643 |     139514 |                                   torch.utils.data.dataloader
import time:       866 |        866 |                                   torch.utils.data.distributed
import time:       374 |     140753 |                                 torch.utils.data
import time:       275 |        275 |                                 torch.utils.deterministic
import time:      2077 |       2077 |                                 torch.utils.hooks
import time:      2044 |       2044 |                                 torch.utils.backend_registration
import time:       258 |        258 |                                 torch.utils.cpp_backtrace
import time:       806 |        806 |                                 torch.utils.throughput_benchmark
import time:      1028 |     152499 |                               torch.utils
import time:       433 |        433 |                               torchgen
import time:      1127 |       1127 |                                   torchgen.code_template
import time:      4083 |       5210 |                                 torchgen.utils
import time:     33467 |      38676 |                               torchgen.model
import time:      5101 |     196708 |                             torch.utils._python_dispatch
import time:     13240 |     221463 |                           torch.nn.modules.module
import time:       581 |        581 |                                   torch.distributed.autograd
import time:       949 |        949 |                                     torch.futures
import time:       421 |        421 |                                     torch.distributed.rpc._utils
import time:       205 |        205 |                                     torch.distributed.rpc.constants
import time:      1708 |       1708 |                                     torch.distributed.rpc.internal
import time:      3498 |       6778 |                                   torch.distributed.rpc.api
import time:      3659 |       3659 |                                   torch.distributed.rpc.backend_registry
import time:       298 |        298 |                                   torch.distributed.rpc.functions
import time:       963 |        963 |                                   torch.distributed.rpc.options
import time:     21437 |      21437 |                                           torch.utils._pytree
import time:      1747 |      23184 |                                         torch._vmap_internals
import time:       953 |        953 |                                             torch.utils._contextlib
import time:      1436 |       2388 |                                           torch.autograd.grad_mode
import time:      1089 |       3477 |                                         torch.autograd.forward_ad
import time:      4719 |       4719 |                                         torch.autograd.functional
import time:       334 |        334 |                                           torch.autograd.variable
import time:      4315 |       4648 |                                         torch.autograd.graph
import time:       477 |        477 |                                         torch.autograd.anomaly_mode
import time:       158 |        158 |                                           torch._functorch
import time:       229 |        229 |                                                 torch.utils._exposed_in
import time:       387 |        616 |                                               torch._functorch.utils
import time:       785 |        785 |                                                 torch._functorch.predispatch
import time:      2737 |       3522 |                                               torch._functorch.vmap
import time:      1106 |       5242 |                                             torch._functorch.apis
import time:      2107 |       2107 |                                               torch._functorch.pyfunctorch
import time:     10186 |      12292 |                                             torch._ops
import time:      4122 |      21656 |                                           torch._functorch.autograd_function
import time:      3258 |      25071 |                                         torch.autograd.function
import time:       451 |        451 |                                             torch.testing._utils
import time:       272 |        272 |                                               cmath
import time:      7605 |       7877 |                                             torch.testing._comparison
import time:      1514 |       1514 |                                             torch.testing._creation
import time:       271 |      10111 |                                           torch.testing
import time:     12912 |      23023 |                                         torch.autograd.gradcheck
import time:       249 |        249 |                                             _uuid
import time:       753 |       1002 |                                           uuid
import time:      7051 |       7051 |                                           torch.autograd.profiler_util
import time:      5831 |      13883 |                                         torch.autograd.profiler
import time:      3866 |     102343 |                                       torch.autograd
import time:      1875 |     104217 |                                     torch.autograd.profiler_legacy
import time:       647 |     104864 |                                   torch.distributed.rpc.server_process_global_profiler
import time:      1979 |     119120 |                                 torch.distributed.rpc
import time:      1684 |       1684 |                                             pickletools
import time:      1196 |       1196 |                                             torch.package._digraph
import time:       609 |        609 |                                             torch.package._importlib
import time:       436 |        436 |                                             torch.package._mangling
import time:      1522 |       1522 |                                               torch.package.importer
import time:       906 |       2428 |                                             torch.package._package_pickler
import time:       708 |        708 |                                             torch.package._stdlib
import time:       904 |        904 |                                             torch.package.find_file_dependencies
import time:       734 |        734 |                                             torch.package.glob_group
import time:      6088 |      14782 |                                           torch.package.package_exporter
import time:       296 |      15078 |                                         torch.package.analyze.find_first_use_of_broken_modules
import time:       435 |        435 |                                         torch.package.analyze.trace_dependencies
import time:       176 |      15687 |                                       torch.package.analyze
import time:       220 |      15906 |                                     torch.package.analyze.is_from_package
import time:       901 |        901 |                                     torch.package.file_structure_representation
import time:       657 |        657 |                                       torch.package._directory_reader
import time:       338 |        338 |                                       torch.package._package_unpickler
import time:      4563 |       5557 |                                     torch.package.package_importer
import time:       251 |      22613 |                                   torch.package
import time:        28 |      22640 |                                 torch.package._mangling
import time:       348 |        348 |                                 torch._awaits
import time:      6984 |     149091 |                               torch._jit_internal
import time:      9234 |       9234 |                               torch._torch_docs
import time:       497 |        497 |                               torch.nn._reduction
import time:       655 |        655 |                                 torch.nn.modules.utils
import time:       719 |       1374 |                               torch.nn.grad
import time:     26135 |     186328 |                             torch.nn.functional
import time:      3412 |       3412 |                             torch.nn.init
import time:      1251 |       1251 |                             torch.nn.modules.lazy
import time:      1865 |     192854 |                           torch.nn.modules.linear
import time:      6282 |       6282 |                           torch.nn.modules.activation
import time:      6158 |       6158 |                             torch.nn.modules.container
import time:      1851 |       8009 |                           torch.nn.modules.adaptive
import time:      2073 |       2073 |                             torch.nn.modules._functions
import time:      3041 |       5113 |                           torch.nn.modules.batchnorm
import time:       383 |        383 |                           torch.nn.modules.channelshuffle
import time:      1277 |       1277 |                             torch.nn.common_types
import time:      6113 |       7389 |                           torch.nn.modules.conv
import time:       581 |        581 |                           torch.nn.modules.distance
import time:       764 |        764 |                           torch.nn.modules.dropout
import time:       877 |        877 |                           torch.nn.modules.flatten
import time:       701 |        701 |                           torch.nn.modules.fold
import time:      1418 |       1418 |                           torch.nn.modules.instancenorm
import time:      4219 |       4219 |                           torch.nn.modules.loss
import time:      1794 |       1794 |                           torch.nn.modules.normalization
import time:      2158 |       2158 |                           torch.nn.modules.padding
import time:       512 |        512 |                           torch.nn.modules.pixelshuffle
import time:      3977 |       3977 |                           torch.nn.modules.pooling
import time:       296 |        296 |                                     torch.__future__
import time:      3364 |       3660 |                                   torch.nn.utils.parametrize
import time:      2862 |       6522 |                                 torch.nn.utils.parametrizations
import time:      2850 |       2850 |                                 torch.nn.utils.rnn
import time:      2362 |       2362 |                                   torch.nn.utils._named_member_accessor
import time:      1435 |       3797 |                                 torch.nn.utils.stateless
import time:       539 |        539 |                                   torch.utils._foreach_utils
import time:      1721 |       2259 |                                 torch.nn.utils.clip_grad
import time:       552 |        552 |                                 torch.nn.utils.convert_parameters
import time:       937 |        937 |                                 torch.nn.utils.fusion
import time:       301 |        301 |                                 torch.nn.utils.init
import time:       469 |        469 |                                 torch.nn.utils.memory_format
import time:      2033 |       2033 |                                 torch.nn.utils.spectral_norm
import time:       943 |        943 |                                 torch.nn.utils.weight_norm
import time:       504 |      21162 |                               torch.nn.utils
import time:        27 |      21188 |                             torch.nn.utils.rnn
import time:      9002 |      30189 |                           torch.nn.modules.rnn
import time:      2036 |       2036 |                           torch.nn.modules.sparse
import time:      5005 |       5005 |                           torch.nn.modules.transformer
import time:       983 |        983 |                           torch.nn.modules.upsampling
import time:      1007 |     497704 |                         torch.nn.modules
import time:       285 |        285 |                               torch.backends.cpu
import time:      2266 |       2266 |                               torch.backends.cuda
import time:      1445 |       1445 |                               torch.backends.cudnn
import time:       472 |        472 |                               torch.backends.cusparselt
import time:       195 |        195 |                               torch.backends.kleidiai
import time:       229 |        229 |                               torch.backends.mha
import time:       472 |        472 |                               torch.backends.miopen
import time:       361 |        361 |                               torch.backends.mkl
import time:       898 |        898 |                               torch.backends.mkldnn
import time:      3845 |       3845 |                                       torch._library.utils
import time:      2284 |       6129 |                                     torch._library.autograd
import time:      1162 |       1162 |                                     torch._library.fake_impl
import time:       599 |        599 |                                     torch._library.simple_registry
import time:      2128 |       2128 |                                     torch._library.fake_class_registry
import time:      4686 |       4686 |                                       torch._library.custom_ops
import time:      2536 |       2536 |                                       torch._library.infer_schema
import time:      1520 |       8741 |                                     torch._library.triton
import time:       284 |      19041 |                                   torch._library
import time:      6034 |      25075 |                                 torch.library
import time:       527 |      25601 |                               torch.backends.mps
import time:       529 |        529 |                               torch.backends.nnpack
import time:       199 |        199 |                               torch.backends.openmp
import time:       107 |        107 |                                 opt_einsum
import time:       856 |        963 |                               torch.backends.opt_einsum
import time:       715 |        715 |                               torch.backends.quantized
import time:      1336 |      35959 |                             torch.backends
import time:        28 |      35986 |                           torch.backends.cuda
import time:       953 |      36938 |                         torch.nn.attention
import time:      1402 |       1402 |                             torch.nn.parallel.parallel_apply
import time:     17039 |      17039 |                                 torch.cuda.nccl
import time:      1457 |      18495 |                               torch.nn.parallel.comm
import time:      1695 |      20190 |                             torch.nn.parallel.replicate
import time:      1668 |       1668 |                               torch.nn.parallel._functions
import time:      1317 |       2984 |                             torch.nn.parallel.scatter_gather
import time:      1791 |      26365 |                           torch.nn.parallel.data_parallel
import time:      1661 |       1661 |                                 torch.distributed.algorithms.join
import time:       265 |       1926 |                               torch.distributed.algorithms
import time:        29 |       1954 |                             torch.distributed.algorithms.join
import time:      2830 |       2830 |                             torch.distributed.utils
import time:     10093 |      14875 |                           torch.nn.parallel.distributed
import time:       320 |      41560 |                         torch.nn.parallel
import time:       505 |     578376 |                       torch.nn
import time:        25 |     578401 |                     torch.nn.functional
import time:       756 |        756 |                       torch._linalg_utils
import time:      1301 |       2056 |                     torch._lowrank
import time:      7271 |     587727 |                   torch.functional
import time:       231 |        231 |                   torch.__config__
import time:       371 |        371 |                     torch.accelerator._utils
import time:       639 |        639 |                     torch.accelerator.memory
import time:       854 |       1863 |                   torch.accelerator
import time:       482 |        482 |                       torch.cpu.amp.autocast_mode
import time:       310 |        310 |                       torch.cpu.amp.grad_scaler
import time:       213 |       1004 |                     torch.cpu.amp
import time:      1143 |       2147 |                   torch.cpu
import time:      4003 |       4003 |                       torch.distributions.constraints
import time:      1746 |       1746 |                         torch.distributions.utils
import time:      1767 |       3512 |                       torch.distributions.distribution
import time:      8463 |      15978 |                     torch.distributions.transforms
import time:       476 |        476 |                       torch.distributions.exp_family
import time:      1239 |       1715 |                     torch.distributions.bernoulli
import time:      1087 |       1087 |                       torch.distributions.dirichlet
import time:       923 |       2010 |                     torch.distributions.beta
import time:      1296 |       1296 |                     torch.distributions.binomial
import time:      1211 |       1211 |                     torch.distributions.categorical
import time:       819 |        819 |                     torch.distributions.cauchy
import time:       888 |        888 |                       torch.distributions.gamma
import time:       364 |       1251 |                     torch.distributions.chi2
import time:      1183 |       1183 |                     torch.distributions.constraint_registry
import time:      2013 |       2013 |                     torch.distributions.continuous_bernoulli
import time:       833 |        833 |                     torch.distributions.exponential
import time:       937 |        937 |                     torch.distributions.fishersnedecor
import time:      1211 |       1211 |                     torch.distributions.generalized_pareto
import time:      1113 |       1113 |                     torch.distributions.geometric
import time:       970 |        970 |                         torch.distributions.independent
import time:      1412 |       2382 |                       torch.distributions.transformed_distribution
import time:       924 |        924 |                       torch.distributions.uniform
import time:       778 |       4082 |                     torch.distributions.gumbel
import time:       700 |        700 |                     torch.distributions.half_cauchy
import time:       997 |        997 |                       torch.distributions.normal
import time:       647 |       1643 |                     torch.distributions.half_normal
import time:       659 |        659 |                     torch.distributions.inverse_gamma
import time:       987 |        987 |                       torch.distributions.laplace
import time:      1731 |       1731 |                         torch.distributions.multivariate_normal
import time:      1596 |       3326 |                       torch.distributions.lowrank_multivariate_normal
import time:      1044 |       1044 |                       torch.distributions.one_hot_categorical
import time:       729 |        729 |                       torch.distributions.pareto
import time:       689 |        689 |                       torch.distributions.poisson
import time:      6259 |      13033 |                     torch.distributions.kl
import time:       786 |        786 |                     torch.distributions.kumaraswamy
import time:       932 |        932 |                     torch.distributions.lkj_cholesky
import time:       574 |        574 |                     torch.distributions.log_normal
import time:       479 |        479 |                     torch.distributions.logistic_normal
import time:      1328 |       1328 |                     torch.distributions.mixture_same_family
import time:      1069 |       1069 |                     torch.distributions.multinomial
import time:      1066 |       1066 |                     torch.distributions.negative_binomial
import time:      1227 |       1227 |                     torch.distributions.relaxed_bernoulli
import time:      1240 |       1240 |                     torch.distributions.relaxed_categorical
import time:       994 |        994 |                     torch.distributions.studentT
import time:      1289 |       1289 |                           torch.jit._builtins
import time:      1290 |       2578 |                         torch.jit._async
import time:       354 |        354 |                         torch.jit._await
import time:       212 |        212 |                         torch.jit._decomposition_utils
import time:       546 |        546 |                             torch._classes
import time:       988 |        988 |                             torch.jit._fuser
import time:       160 |        160 |                               monkeytype
import time:      1300 |       1460 |                             torch.jit._monkeytype_config
import time:      1098 |       1098 |                               torch.jit._check
import time:       927 |        927 |                               torch.jit._state
import time:      3326 |       3326 |                                 torch.jit.annotations
import time:      1248 |       1248 |                                 torch.jit._dataclass_impls
import time:      8650 |      13223 |                               torch.jit.frontend
import time:      6236 |      21482 |                             torch.jit._recursive
import time:       909 |        909 |                             torch.jit._serialization
import time:      7916 |      33298 |                           torch.jit._script
import time:       594 |      33891 |                         torch.jit._freeze
import time:       426 |        426 |                         torch.jit._ir_utils
import time:      8070 |       8070 |                         torch.jit._trace
import time:       877 |      46405 |                       torch.jit
import time:      1414 |      47819 |                     torch.distributions.von_mises
import time:       802 |        802 |                     torch.distributions.weibull
import time:      2267 |       2267 |                     torch.distributions.wishart
import time:       845 |     113097 |                   torch.distributions
import time:       973 |        973 |                   torch.fft
import time:       175 |        175 |                       urllib.response
import time:       275 |        450 |                     urllib.error
import time:       803 |        803 |                         http
import time:       587 |        587 |                           email.feedparser
import time:       176 |        762 |                         email.parser
import time:      1146 |       1146 |                           _ssl
import time:      2142 |       3287 |                         ssl
import time:       983 |       5834 |                       http.client
import time:      1238 |       7071 |                     urllib.request
import time:       750 |        750 |                       tqdm._monitor
import time:       270 |        270 |                       tqdm._tqdm_pandas
import time:       236 |        236 |                             unicodedata
import time:        88 |         88 |                             envwrap
import time:      2636 |       2958 |                           tqdm.utils
import time:      8947 |      11905 |                         tqdm.std
import time:      1488 |       1488 |                         tqdm.version
import time:      2683 |      16074 |                       tqdm.cli
import time:      1362 |       1362 |                       tqdm.gui
import time:       495 |      18949 |                     tqdm
import time:      4083 |      30551 |                   torch.hub
import time:      1608 |       1608 |                   torch.linalg
import time:       477 |        477 |                     torch.mps.profiler
import time:       378 |        378 |                     torch.mps.event
import time:       936 |       1790 |                   torch.mps
import time:       403 |        403 |                     torch.mtia._utils
import time:       424 |        424 |                     torch.mtia.memory
import time:      2146 |       2972 |                   torch.mtia
import time:       491 |        491 |                       multiprocessing.util
import time:       179 |        179 |                       multiprocessing.resource_sharer
import time:      2785 |       3454 |                     torch.multiprocessing.reductions
import time:       183 |        183 |                         _multiprocessing
import time:        79 |         79 |                         _winapi
import time:       509 |        770 |                       multiprocessing.connection
import time:       218 |        218 |                       concurrent.futures.thread
import time:       122 |        122 |                         torch.numa
import time:      3827 |       3948 |                       torch.numa.binding
import time:      2033 |       6969 |                     torch.multiprocessing.spawn
import time:        81 |         81 |                         runpy
import time:       163 |        243 |                       multiprocessing.spawn
import time:       149 |        149 |                       _posixshmem
import time:       236 |        627 |                     multiprocessing.resource_tracker
import time:       573 |      11621 |                   torch.multiprocessing
import time:       169 |        169 |                       torch.nested._internal
import time:       394 |        394 |                                 torch.fx._compatibility
import time:       924 |       1317 |                               torch.fx.immutable_collections
import time:       324 |        324 |                                       torch.utils._dtype_abbrs
import time:       775 |        775 |                                         torch.return_types
import time:       990 |       1764 |                                       torch.fx._pytree
import time:      3524 |       3524 |                                         torch.fx.operator_schemas
import time:     11488 |      15011 |                                       torch.fx.node
import time:     16001 |      33098 |                                     torch.fx.graph
import time:      5852 |      38949 |                                   torch.fx.graph_module
import time:      1119 |      40068 |                                 torch.fx._lazy_graph_module
import time:      2709 |       2709 |                                   torch.fx.traceback
import time:      1279 |       1279 |                                   torch.utils._traceback
import time:      5037 |       9024 |                                 torch.fx.proxy
import time:      7796 |      56886 |                               torch.fx._symbolic_trace
import time:       948 |        948 |                                       torch._logging.structured
import time:       232 |        232 |                                               unittest.util
import time:       254 |        485 |                                             unittest.result
import time:       573 |        573 |                                             unittest.case
import time:       245 |        245 |                                             unittest.suite
import time:       429 |        429 |                                             unittest.loader
import time:       301 |        301 |                                                 unittest.signals
import time:       199 |        499 |                                               unittest.runner
import time:       189 |        688 |                                             unittest.main
import time:       220 |       2637 |                                           unittest
import time:       225 |        225 |                                               asyncio.constants
import time:       104 |        104 |                                               asyncio.coroutines
import time:       101 |        101 |                                                 asyncio.format_helpers
import time:       116 |        116 |                                                   asyncio.base_futures
import time:       188 |        188 |                                                   asyncio.exceptions
import time:       110 |        110 |                                                   asyncio.base_tasks
import time:       269 |        682 |                                                 _asyncio
import time:       429 |       1211 |                                               asyncio.events
import time:       281 |        281 |                                               asyncio.futures
import time:       175 |        175 |                                               asyncio.protocols
import time:       247 |        247 |                                                 asyncio.transports
import time:        81 |         81 |                                                 asyncio.log
import time:       554 |        881 |                                               asyncio.sslproto
import time:       104 |        104 |                                                   asyncio.mixins
import time:       397 |        501 |                                                 asyncio.locks
import time:       367 |        367 |                                                   asyncio.timeouts
import time:       466 |        832 |                                                 asyncio.tasks
import time:       257 |       1590 |                                               asyncio.staggered
import time:       132 |        132 |                                               asyncio.trsock
import time:       873 |       5468 |                                             asyncio.base_events
import time:       262 |        262 |                                             asyncio.runners
import time:       246 |        246 |                                             asyncio.queues
import time:       322 |        322 |                                             asyncio.streams
import time:       196 |        196 |                                             asyncio.subprocess
import time:       242 |        242 |                                             asyncio.taskgroups
import time:        96 |         96 |                                             asyncio.threads
import time:       223 |        223 |                                               asyncio.base_subprocess
import time:       477 |        477 |                                               asyncio.selector_events
import time:       727 |       1426 |                                             asyncio.unix_events
import time:       218 |       8471 |                                           asyncio
import time:       359 |        359 |                                           pkgutil
import time:      1404 |      12870 |                                         unittest.mock
import time:      1156 |       1156 |                                         torch.utils._backport_slots
import time:      2293 |       2293 |                                         torch.utils.weak
import time:     12494 |      28811 |                                       torch._guards
import time:      8855 |      38614 |                                     torch._logging._internal
import time:       873 |      39486 |                                   torch._logging._registrations
import time:       260 |      39746 |                                 torch._logging
import time:       202 |        202 |                                 torch.fx.config
import time:      3391 |      43338 |                               torch.fx.interpreter
import time:      3021 |       3021 |                               torch.fx.subgraph_rewriter
import time:       325 |     104885 |                             torch.fx
import time:       160 |     105044 |                           torch.fx.experimental
import time:       628 |     105671 |                         torch.fx.experimental._constant_symnode
import time:      1047 |     106717 |                       torch.nested._internal.nested_int
import time:      4018 |     110903 |                     torch.nested._internal.nested_tensor
import time:      1769 |     112672 |                   torch.nested
import time:      6120 |       6120 |                       torch.optim.optimizer
import time:     11930 |      18049 |                     torch.optim.lr_scheduler
import time:      2556 |       2556 |                     torch.optim.swa_utils
import time:      3501 |       3501 |                     torch.optim._adafactor
import time:      2048 |       2048 |                     torch.optim._muon
import time:      2627 |       2627 |                     torch.optim.adadelta
import time:      3091 |       3091 |                     torch.optim.adagrad
import time:      4911 |       4911 |                     torch.optim.adam
import time:      2732 |       2732 |                     torch.optim.adamax
import time:       771 |        771 |                     torch.optim.adamw
import time:      2796 |       2796 |                     torch.optim.asgd
import time:      3079 |       3079 |                     torch.optim.lbfgs
import time:      3563 |       3563 |                     torch.optim.nadam
import time:      3443 |       3443 |                     torch.optim.radam
import time:      2863 |       2863 |                     torch.optim.rmsprop
import time:      2667 |       2667 |                     torch.optim.rprop
import time:      2701 |       2701 |                     torch.optim.sgd
import time:       610 |        610 |                       torch.optim._functional
import time:      1085 |       1695 |                     torch.optim.sparse_adam
import time:       604 |      63690 |                   torch.optim
import time:       121 |        121 |                     torch._environment
import time:       469 |        469 |                       gzip
import time:      3958 |       3958 |                         torch.profiler._utils
import time:     11845 |      15802 |                       torch.profiler._memory_profiler
import time:      5653 |      21923 |                     torch.profiler.profiler
import time:       468 |        468 |                     torch.profiler.itt
import time:       450 |      22960 |                   torch.profiler
import time:      1315 |       1315 |                   torch.special
import time:       447 |        447 |                     torch.xpu._utils
import time:      1112 |       1112 |                     torch.xpu.streams
import time:       857 |        857 |                     torch.xpu.memory
import time:       968 |        968 |                     torch.xpu.random
import time:      5156 |       8538 |                   torch.xpu
import time:      2458 |       2458 |                       torch.signal.windows.windows
import time:       225 |       2683 |                     torch.signal.windows
import time:       176 |       2858 |                   torch.signal
import time:       302 |        302 |                   torch.ao
import time:       251 |        251 |                       torch.ao.nn
import time:      1761 |       1761 |                         torch.ao.nn.intrinsic.modules.fused
import time:       205 |       1966 |                       torch.ao.nn.intrinsic.modules
import time:       274 |       2490 |                     torch.ao.nn.intrinsic
import time:       201 |        201 |                       torch.nn.intrinsic.modules.fused
import time:       260 |        460 |                     torch.nn.intrinsic.modules
import time:      1889 |       1889 |                                     torch.ao.nn.qat.modules.conv
import time:      1170 |       1170 |                                     torch.ao.nn.qat.modules.embedding_ops
import time:       678 |        678 |                                     torch.ao.nn.qat.modules.linear
import time:       222 |       3958 |                                   torch.ao.nn.qat.modules
import time:       201 |       4159 |                                 torch.ao.nn.qat
import time:      5044 |       9202 |                               torch.ao.nn.intrinsic.qat.modules.conv_fused
import time:      1208 |       1208 |                               torch.ao.nn.intrinsic.qat.modules.linear_fused
import time:       593 |        593 |                               torch.ao.nn.intrinsic.qat.modules.linear_relu
import time:       205 |      11207 |                             torch.ao.nn.intrinsic.qat.modules
import time:       102 |      11308 |                           torch.ao.nn.intrinsic.qat
import time:       164 |      11472 |                         torch.nn.intrinsic.qat.modules.conv_fused
import time:       153 |        153 |                         torch.nn.intrinsic.qat.modules.linear_fused
import time:       110 |        110 |                         torch.nn.intrinsic.qat.modules.linear_relu
import time:       198 |      11932 |                       torch.nn.intrinsic.qat.modules
import time:       114 |      12045 |                     torch.nn.intrinsic.qat
import time:      2858 |       2858 |                                                 torch.ao.nn.quantizable.modules.activation
import time:      3806 |       3806 |                                                 torch.ao.nn.quantizable.modules.rnn
import time:       191 |       6853 |                                               torch.ao.nn.quantizable.modules
import time:       151 |       7004 |                                             torch.ao.nn.quantizable
import time:      2363 |       2363 |                                             torch.ao.nn.quantized.modules.activation
import time:      1076 |       1076 |                                             torch.ao.nn.quantized.modules.batchnorm
import time:      1079 |       1079 |                                               torch.ao.nn.quantized.modules.utils
import time:      5653 |       6731 |                                             torch.ao.nn.quantized.modules.conv
import time:       329 |        329 |                                             torch.ao.nn.quantized.modules.dropout
import time:      2140 |       2140 |                                             torch.ao.nn.quantized.modules.embedding_ops
import time:      1596 |       1596 |                                             torch.ao.nn.quantized.modules.functional_modules
import time:      1991 |       1991 |                                             torch.ao.nn.quantized.modules.linear
import time:      1746 |       1746 |                                             torch.ao.nn.quantized.modules.normalization
import time:       378 |        378 |                                             torch.ao.nn.quantized.modules.rnn
import time:       872 |      26221 |                                           torch.ao.nn.quantized.modules
import time:        50 |      26271 |                                         torch.ao.nn.quantized.modules.utils
import time:      2084 |      28355 |                                       torch.ao.nn.quantized.functional
import time:       361 |      28715 |                                     torch.ao.nn.quantized
import time:       714 |      29429 |                                   torch.ao.nn.intrinsic.quantized.modules.bn_relu
import time:       894 |        894 |                                   torch.ao.nn.intrinsic.quantized.modules.conv_add
import time:      1432 |       1432 |                                   torch.ao.nn.intrinsic.quantized.modules.conv_relu
import time:      1260 |       1260 |                                   torch.ao.nn.intrinsic.quantized.modules.linear_relu
import time:       231 |      33244 |                                 torch.ao.nn.intrinsic.quantized.modules
import time:       148 |      33392 |                               torch.ao.nn.intrinsic.quantized
import time:      2116 |       2116 |                                       torch.ao.nn.quantized.dynamic.modules.conv
import time:      1035 |       1035 |                                       torch.ao.nn.quantized.dynamic.modules.linear
import time:      7489 |       7489 |                                       torch.ao.nn.quantized.dynamic.modules.rnn
import time:      1244 |      11883 |                                     torch.ao.nn.quantized.dynamic.modules
import time:       122 |      12004 |                                   torch.ao.nn.quantized.dynamic
import time:       553 |      12556 |                                 torch.ao.nn.intrinsic.quantized.dynamic.modules.linear_relu
import time:       193 |      12748 |                               torch.ao.nn.intrinsic.quantized.dynamic.modules
import time:       165 |      46304 |                             torch.ao.nn.intrinsic.quantized.dynamic
import time:       115 |      46418 |                           torch.nn.intrinsic.quantized.dynamic.modules.linear_relu
import time:       128 |      46546 |                         torch.nn.intrinsic.quantized.dynamic.modules
import time:       132 |      46677 |                       torch.nn.intrinsic.quantized.dynamic
import time:       170 |        170 |                         torch.nn.intrinsic.quantized.modules.bn_relu
import time:       115 |        115 |                         torch.nn.intrinsic.quantized.modules.conv_relu
import time:        95 |         95 |                         torch.nn.intrinsic.quantized.modules.linear_relu
import time:       251 |        629 |                       torch.nn.intrinsic.quantized.modules
import time:       174 |      47479 |                     torch.nn.intrinsic.quantized
import time:       245 |      62718 |                   torch.nn.intrinsic
import time:       453 |        453 |                                   torch.ao.nn.qat.dynamic.modules.linear
import time:       160 |        612 |                                 torch.ao.nn.qat.dynamic.modules
import time:        91 |        703 |                               torch.ao.nn.qat.dynamic
import time:        20 |        723 |                             torch.ao.nn.qat.dynamic.modules
import time:        18 |        740 |                           torch.ao.nn.qat.dynamic.modules.linear
import time:       116 |        856 |                         torch.nn.qat.dynamic.modules.linear
import time:       125 |        980 |                       torch.nn.qat.dynamic.modules
import time:       137 |       1117 |                     torch.nn.qat.dynamic
import time:       142 |        142 |                       torch.nn.qat.modules.conv
import time:       110 |        110 |                       torch.nn.qat.modules.embedding_ops
import time:        89 |         89 |                       torch.nn.qat.modules.linear
import time:       246 |        586 |                     torch.nn.qat.modules
import time:       163 |       1864 |                   torch.nn.qat
import time:       157 |        157 |                     torch.nn.quantizable.modules
import time:       130 |        287 |                   torch.nn.quantizable
import time:       131 |        131 |                     torch.nn.quantized.dynamic
import time:        96 |         96 |                     torch.nn.quantized.functional
import time:       285 |        285 |                     torch.nn.quantized.modules
import time:       234 |        745 |                   torch.nn.quantized
import time:       189 |        189 |                   torch._size_docs
import time:       228 |        228 |                   torch._storage_docs
import time:      5940 |       5940 |                   torch._tensor_docs
import time:       525 |        525 |                                 torch.ao.quantization.quant_type
import time:      4034 |       4559 |                               torch.ao.quantization.utils
import time:     12315 |      16873 |                             torch.ao.quantization.observer
import time:      2841 |      19714 |                           torch.ao.quantization.fake_quantize
import time:      1474 |       1474 |                             torch.ao.quantization.fuser_method_mappings
import time:      1180 |       2653 |                           torch.ao.quantization.fuse_modules
import time:       136 |        136 |                             torch.ao.quantization.pt2e
import time:       202 |        202 |                                 torch.ao.ns
import time:       156 |        357 |                               torch.ao.ns.fx
import time:       746 |        746 |                               torch.ao.ns.fx.ns_types
import time:      3172 |       4275 |                             torch.ao.ns.fx.utils
import time:       126 |        126 |                                             torch._dispatch
import time:      1775 |       1901 |                                           torch._dispatch.python
import time:      3632 |       3632 |                                                 torch._library.fake_profile
import time:       298 |        298 |                                                   torch.utils._mode_utils
import time:     15191 |      15489 |                                                 torch._subclasses.meta_utils
import time:       425 |        425 |                                                 torch.utils._stats
import time:     10415 |      10415 |                                                   torch.fx.experimental.sym_node
import time:      4546 |      14961 |                                                 torch._subclasses._fake_tensor_utils
import time:       174 |        174 |                                                   torch._custom_op
import time:     10600 |      10773 |                                                 torch._subclasses.fake_impls
import time:     28087 |      73364 |                                               torch._subclasses.fake_tensor
import time:      2223 |       2223 |                                               torch._subclasses.fake_utils
import time:       226 |      75813 |                                             torch._subclasses
import time:        27 |      75839 |                                           torch._subclasses.meta_utils
import time:      1542 |      79281 |                                         torch.fx.passes.shape_prop
import time:       114 |        114 |                                         pydot
import time:      2971 |      82365 |                                       torch.fx.passes.graph_drawer
import time:      1081 |       1081 |                                       torch.fx.passes.graph_manipulation
import time:      3387 |       3387 |                                               torch.fx.passes.utils.matcher_utils
import time:       708 |       4095 |                                             torch.fx.passes.utils.common
import time:       179 |       4274 |                                           torch.fx.passes.utils
import time:      2449 |       2449 |                                           torch.fx.passes.tools_common
import time:      3973 |      10696 |                                         torch.fx.passes.split_utils
import time:      5927 |      16623 |                                       torch.fx.passes.net_min_base
import time:      1729 |       1729 |                                       torch.fx.passes.operator_support
import time:       796 |        796 |                                       torch.fx.passes.param_fetch
import time:      3718 |       3718 |                                       torch.fx.passes.reinplace
import time:       657 |        657 |                                         torch.fx._utils
import time:       508 |        508 |                                           torch.utils._thunk
import time:       194 |        194 |                                           torch.fx.experimental._backward_state
import time:     15708 |      16409 |                                         torch.fx.experimental.proxy_tensor
import time:      3584 |      20649 |                                       torch.fx.passes.runtime_assert
import time:      3773 |       3773 |                                       torch.fx.passes.split_module
import time:      6989 |       6989 |                                       torch.fx.passes.splitter_base
import time:       397 |     138115 |                                     torch.fx.passes
import time:       634 |        634 |                                       torch.fx.passes.infra.pass_base
import time:      1853 |       2487 |                                     torch.fx.passes.infra.pass_manager
import time:       196 |     140797 |                                   torch.fx.passes.infra
import time:        51 |     140847 |                                 torch.fx.passes.infra.pass_base
import time:      1015 |       1015 |                                 torch.export.custom_ops
import time:       537 |        537 |                                       torch.export._tree_utils
import time:      7800 |       7800 |                                       torch.export.graph_signature
import time:      2303 |       2303 |                                             torch._custom_op.autograd
import time:      4594 |       6896 |                                           torch._custom_op.impl
import time:       793 |       7689 |                                         torch._custom_ops
import time:      5007 |       5007 |                                           torch._subclasses.functional_tensor
import time:      9758 |      14764 |                                         torch._export.utils
import time:      2723 |       2723 |                                                     torch._higher_order_ops.schema
import time:      8585 |      11308 |                                                   torch._higher_order_ops.utils
import time:      7594 |      18901 |                                                 torch._higher_order_ops.auto_functionalize
import time:      1668 |      20569 |                                               torch._higher_order_ops.base_hop
import time:      1245 |      21813 |                                             torch._higher_order_ops._invoke_quant
import time:      1390 |       1390 |                                             torch._higher_order_ops.aoti_call_delegate
import time:      4529 |       4529 |                                             torch._higher_order_ops.associative_scan
import time:      4540 |       4540 |                                             torch._higher_order_ops.cond
import time:       136 |        136 |                                                   torch._functorch._aot_autograd
import time:     18079 |      18079 |                                                   torch._functorch._aot_autograd.descriptors
import time:      3557 |      21772 |                                                 torch._functorch._aot_autograd.utils
import time:      1270 |      23042 |                                               torch._higher_order_ops.torchbind
import time:      2136 |      25177 |                                             torch._higher_order_ops.effects
import time:      1385 |       1385 |                                             torch._higher_order_ops.executorch_call_delegate
import time:      1446 |       1446 |                                             torch._higher_order_ops.flat_apply
import time:       164 |        164 |                                                   torch.testing._internal
import time:      1821 |       1985 |                                                 torch.testing._internal.logging_tensor
import time:      7223 |       9207 |                                               torch.utils.checkpoint
import time:      7445 |      16651 |                                             torch._higher_order_ops.flex_attention
import time:       449 |        449 |                                             torch._higher_order_ops.foreach_map
import time:      1150 |       1150 |                                             torch._higher_order_ops.hints_wrap
import time:      4254 |       4254 |                                             torch._higher_order_ops.invoke_subgraph
import time:      2126 |       2126 |                                             torch._higher_order_ops.map
import time:      1823 |       1823 |                                             torch._higher_order_ops.out_dtype
import time:       966 |        966 |                                             torch._higher_order_ops.run_const_graph
import time:      4771 |       4771 |                                             torch._higher_order_ops.scan
import time:      1087 |       1087 |                                             torch._higher_order_ops.strict_mode
import time:      4681 |       4681 |                                             torch._higher_order_ops.while_loop
import time:      2203 |       2203 |                                             torch._higher_order_ops.wrap
import time:       642 |     101073 |                                           torch._higher_order_ops
import time:        32 |     101104 |                                         torch._higher_order_ops.flat_apply
import time:      2196 |     125752 |                                       torch._export.wrappers
import time:      1674 |     135762 |                                     torch._export
import time:        29 |     135791 |                                   torch._export.utils
import time:      1287 |     137077 |                                 torch.export.decomp_utils
import time:      3499 |       3499 |                                     torch._export.verifier
import time:      9755 |      13254 |                                   torch.export.exported_program
import time:     10433 |      23686 |                                 torch.export.dynamic_shapes
import time:      1273 |       1273 |                                   torch.export._remove_effect_tokens_pass
import time:     12423 |      13696 |                                 torch.export.unflatten
import time:      2097 |     318416 |                               torch.export
import time:      1934 |       1934 |                               torch.fx.passes.utils.source_matcher_utils
import time:      1386 |     321735 |                             torch.ao.quantization.pt2e.graph_utils
import time:      3862 |     330006 |                           torch.ao.quantization.pt2e._numeric_debugger
import time:      1235 |       1235 |                           torch.ao.quantization.pt2e.export_utils
import time:      2991 |       2991 |                           torch.ao.quantization.qconfig
import time:      1719 |       1719 |                           torch.ao.quantization.qconfig_mapping
import time:      2150 |       2150 |                                   torch.ao.nn.quantized.reference.modules.utils
import time:      2279 |       4429 |                                 torch.ao.nn.quantized.reference.modules.conv
import time:       657 |        657 |                                 torch.ao.nn.quantized.reference.modules.linear
import time:      4868 |       4868 |                                 torch.ao.nn.quantized.reference.modules.rnn
import time:       983 |        983 |                                 torch.ao.nn.quantized.reference.modules.sparse
import time:       338 |      11272 |                               torch.ao.nn.quantized.reference.modules
import time:       228 |      11499 |                             torch.ao.nn.quantized.reference
import time:      1817 |       1817 |                                     torch.ao.nn.sparse.quantized.linear
import time:       566 |        566 |                                     torch.ao.nn.sparse.quantized.utils
import time:      1249 |       3631 |                                   torch.ao.nn.sparse.quantized.dynamic.linear
import time:       134 |       3765 |                                 torch.ao.nn.sparse.quantized.dynamic
import time:       234 |       3999 |                               torch.ao.nn.sparse.quantized
import time:       159 |       4157 |                             torch.ao.nn.sparse
import time:       584 |        584 |                             torch.ao.quantization.stubs
import time:      2287 |      18526 |                           torch.ao.quantization.quantization_mappings
import time:      3461 |       3461 |                           torch.ao.quantization.quantize
import time:      1719 |       1719 |                           torch.ao.quantization.quantize_jit
import time:      1150 |     383169 |                         torch.ao.quantization
import time:        37 |     383206 |                       torch.ao.quantization.fake_quantize
import time:       207 |     383413 |                     torch.quantization.fake_quantize
import time:       196 |        196 |                     torch.quantization.fuse_modules
import time:       126 |        126 |                     torch.quantization.fuser_method_mappings
import time:       149 |        149 |                     torch.quantization.observer
import time:       126 |        126 |                     torch.quantization.qconfig
import time:        91 |         91 |                     torch.quantization.quant_type
import time:       124 |        124 |                     torch.quantization.quantization_mappings
import time:       116 |        116 |                     torch.quantization.quantize
import time:       117 |        117 |                     torch.quantization.quantize_jit
import time:        88 |         88 |                     torch.quantization.stubs
import time:       438 |     384979 |                   torch.quantization
import time:      1061 |       1061 |                   torch.quasirandom
import time:       276 |        276 |                   torch.multiprocessing._atfork
import time:      5713 |       5713 |                   torch._lobpcg
import time:       520 |        520 |                       torch.masked._docs
import time:      2826 |       2826 |                             torch.masked.maskedtensor.core
import time:      3467 |       6292 |                           torch.masked.maskedtensor.binary
import time:       861 |        861 |                           torch.masked.maskedtensor.passthrough
import time:       240 |        240 |                             torch.masked.maskedtensor.creation
import time:      3190 |       3430 |                           torch.masked.maskedtensor.reductions
import time:      3591 |       3591 |                           torch.masked.maskedtensor.unary
import time:       209 |      14382 |                         torch.masked.maskedtensor
import time:        29 |      14411 |                       torch.masked.maskedtensor.core
import time:      9317 |      24247 |                     torch.masked._ops
import time:       304 |      24550 |                   torch.masked
import time:       972 |        972 |                   torch.utils.dlpack
import time:       276 |        276 |                     torch._functorch.batch_norm_replacement
import time:      1925 |       1925 |                       torch.fx.experimental.const_fold
import time:      7547 |       9471 |                     torch._functorch.eager_transforms
import time:      1252 |       1252 |                     torch._functorch.functional_call
import time:       261 |      11259 |                   torch.func
import time:      1693 |       1693 |                             torch.utils._content_store
import time:       674 |       2366 |                           torch._prims.debug_prims
import time:      3534 |       3534 |                           torch._prims.rng_prims
import time:      3367 |       3367 |                           torch._prims_common.wrappers
import time:    169066 |     178332 |                         torch._prims
import time:     57109 |     235441 |                       torch._decomp.decompositions
import time:      1374 |       1374 |                         torch._refs._conversions
import time:      7048 |       7048 |                         torch._refs.fft
import time:      3459 |       3459 |                         torch._refs.linalg
import time:       172 |        172 |                           torch._refs.nn
import time:     10135 |      10306 |                         torch._refs.nn.functional
import time:      4094 |       4094 |                         torch._refs.special
import time:    103866 |     130145 |                       torch._refs
import time:      2711 |     368296 |                     torch._decomp
import time:      6457 |       6457 |                       torch.utils._config_module
import time:      1055 |       7512 |                     torch.fx.experimental._config
import time:    119466 |     495273 |                   torch._meta_registrations
import time:      1121 |       1121 |                     torch.compiler.config
import time:      1658 |       2778 |                   torch.compiler
import time:     60668 |    2560918 |                 torch
import time:      6046 |       6046 |                       fsspec.caching
import time:       303 |        303 |                       fsspec._version
import time:      1239 |       1239 |                       fsspec.callbacks
import time:      4272 |       4272 |                         fsspec.utils
import time:      1867 |       1867 |                             configparser
import time:      1028 |       2895 |                           fsspec.config
import time:       717 |        717 |                           fsspec.dircache
import time:       686 |        686 |                           fsspec.transaction
import time:     10974 |      15270 |                         fsspec.spec
import time:        98 |         98 |                         isal
import time:        65 |         65 |                         lzmaffi
import time:        59 |         59 |                         snappy
import time:        61 |         61 |                           lz4
import time:        12 |         73 |                         lz4.frame
import time:        59 |         59 |                         backports
import time:        55 |         55 |                         zstandard
import time:      1312 |      21257 |                       fsspec.compression
import time:      1399 |       1399 |                         fsspec.registry
import time:      3454 |       4852 |                       fsspec.core
import time:       244 |        244 |                       fsspec.exceptions
import time:      1594 |       1594 |                       fsspec.mapping
import time:     25554 |      61086 |                     fsspec
import time:       245 |        245 |                       multiprocess.__info__
import time:      2385 |       2385 |                         multiprocess.process
import time:      2113 |       2113 |                         multiprocess.reduction
import time:      2366 |       6863 |                       multiprocess.context
import time:       629 |       7736 |                     multiprocess
import time:       168 |        168 |                         dateutil._version
import time:       367 |        535 |                       dateutil
import time:       392 |        392 |                           sysconfig
import time:       609 |        609 |                           _sysconfigdata__linux_x86_64-linux-gnu
import time:       926 |       1926 |                         pandas.compat._constants
import time:       280 |        280 |                             pandas.util
import time:      3059 |       3338 |                           pandas.util.version
import time:       623 |       3961 |                         pandas.compat.numpy
import time:       402 |        402 |                             pyarrow._generated_version
import time:       717 |        717 |                                 _decimal
import time:       224 |        940 |                               decimal
import time:       526 |        526 |                                 cloudpickle.cloudpickle
import time:       253 |        778 |                               cloudpickle
import time:      1641 |       1641 |                               pyarrow.util
import time:     14730 |      18087 |                             pyarrow.lib
import time:      1171 |       1171 |                             pyarrow.ipc
import time:      2345 |       2345 |                             pyarrow.types
import time:      2389 |      24393 |                           pyarrow
import time:       865 |      25258 |                         pandas.compat.pyarrow
import time:       568 |      31712 |                       pandas.compat
import time:       839 |        839 |                               numpy._typing._add_docstring
import time:       552 |       1390 |                             numpy.typing
import time:       407 |        407 |                                   numpy.random._common
import time:       189 |        189 |                                     hmac
import time:       159 |        348 |                                   secrets
import time:       467 |       1221 |                                 numpy.random.bit_generator
import time:       282 |       1502 |                               numpy.random._bounded_integers
import time:       240 |        240 |                                   numpy.random._pcg64
import time:      1380 |       1620 |                                 numpy.random._generator
import time:       192 |        192 |                                 numpy.random._mt19937
import time:       178 |        178 |                                 numpy.random._philox
import time:       147 |        147 |                                 numpy.random._sfc64
import time:      1215 |       1215 |                                 numpy.random.mtrand
import time:       478 |       3828 |                               numpy.random._pickle
import time:       521 |       5850 |                             numpy.random
import time:      4986 |      12225 |                           pandas._typing
import time:       751 |        751 |                           pandas.util._exceptions
import time:      3990 |      16965 |                         pandas._config.config
import time:       354 |        354 |                         pandas._config.dates
import time:       394 |        394 |                         pandas._config.display
import time:       400 |      18112 |                       pandas._config
import time:       111 |        111 |                         pandas.core
import time:       233 |        233 |                               pandas._libs.pandas_parser
import time:       114 |        114 |                               pandas._libs.pandas_datetime
import time:       272 |        272 |                                             pandas._libs._cyutility
import time:       216 |        488 |                                           pandas._libs.tslibs.ccalendar
import time:       301 |        301 |                                           pandas._libs.tslibs.np_datetime
import time:       867 |       1655 |                                         pandas._libs.tslibs.dtypes
import time:       168 |        168 |                                           pandas._libs.tslibs.base
import time:       523 |        523 |                                               pandas._libs.tslibs.nattype
import time:       215 |        215 |                                                     zoneinfo._tzpath
import time:       156 |        156 |                                                     zoneinfo._common
import time:       164 |        164 |                                                     _zoneinfo
import time:       198 |        732 |                                                   zoneinfo
import time:       453 |        453 |                                                   zoneinfo._zoneinfo
import time:       978 |        978 |                                                   pandas.compat._optional
import time:      6272 |       6272 |                                                       six
import time:        51 |         51 |                                                       six.moves
import time:      1797 |       1797 |                                                       dateutil.tz._common
import time:       790 |        790 |                                                       dateutil.tz._factories
import time:        41 |         41 |                                                         six.moves.winreg
import time:      1936 |       1976 |                                                       dateutil.tz.win
import time:      9324 |      20209 |                                                     dateutil.tz.tz
import time:       266 |      20474 |                                                   dateutil.tz
import time:       228 |        228 |                                                   pytz.exceptions
import time:       224 |        224 |                                                   pytz.lazy
import time:       217 |        217 |                                                   pytz.tzinfo
import time:       114 |        114 |                                                   pytz.tzfile
import time:      1190 |      24606 |                                                 pandas._libs.tslibs.timezones
import time:       286 |        286 |                                                   pandas._libs.properties
import time:      2459 |       2744 |                                                 pandas.util._decorators
import time:       744 |        744 |                                                   _strptime
import time:       824 |        824 |                                                   pandas._config.localization
import time:       413 |       1980 |                                                 pandas._libs.tslibs.fields
import time:       935 |      30264 |                                               pandas._libs.tslibs.timedeltas
import time:       400 |        400 |                                               pandas._libs.tslibs.tzconversion
import time:      1033 |      32219 |                                             pandas._libs.tslibs.timestamps
import time:       479 |        479 |                                             dateutil.easter
import time:      1696 |      34394 |                                           pandas._libs.tslibs.offsets
import time:       473 |        473 |                                                 dateutil._common
import time:     12883 |      13355 |                                               dateutil.parser._parser
import time:      2167 |       2167 |                                               dateutil.parser.isoparser
import time:       727 |      16248 |                                             dateutil.parser
import time:       789 |        789 |                                             pandas._libs.tslibs.strptime
import time:       598 |      17634 |                                           pandas._libs.tslibs.parsing
import time:       443 |      52637 |                                         pandas._libs.tslibs.conversion
import time:       706 |        706 |                                         pandas._libs.tslibs.period
import time:       329 |        329 |                                         pandas._libs.tslibs.vectorized
import time:       445 |      55770 |                                       pandas._libs.tslibs
import time:        24 |      55794 |                                     pandas._libs.tslibs.nattype
import time:       182 |        182 |                                     pandas._libs.ops_dispatch
import time:       449 |      56424 |                                   pandas._libs.missing
import time:      1286 |      57709 |                                 pandas._libs.hashtable
import time:       996 |        996 |                                 pandas._libs.algos
import time:       670 |      59374 |                               pandas._libs.interval
import time:       225 |      59945 |                             pandas._libs
import time:        29 |      59973 |                           pandas._libs.tslibs
import time:      1941 |      61914 |                         pandas.errors
import time:      3207 |      65231 |                       pandas.core.config_init
import time:       119 |        119 |                           pandas.core.dtypes
import time:      1035 |       1035 |                           pandas._libs.lib
import time:      1029 |       1029 |                             pandas.core.dtypes.generic
import time:      1988 |       3016 |                           pandas.core.dtypes.base
import time:      1199 |       1199 |                           pandas.core.dtypes.inference
import time:     11720 |      17088 |                         pandas.core.dtypes.dtypes
import time:      4217 |       4217 |                           pandas.core.dtypes.common
import time:      3057 |       7274 |                         pandas.core.dtypes.missing
import time:       250 |        250 |                               pandas.io
import time:      2016 |       2265 |                             pandas.io._util
import time:      8351 |      10616 |                           pandas.core.dtypes.cast
import time:      1585 |       1585 |                             pandas.core.dtypes.astype
import time:      1619 |       3203 |                           pandas.core.dtypes.concat
import time:       150 |        150 |                             pandas.core.array_algos
import time:     35716 |      35716 |                                 numpy.ma.core
import time:      7079 |       7079 |                                 numpy.ma.extras
import time:       422 |      43217 |                               numpy.ma
import time:      3595 |       3595 |                                 pandas.core.col
import time:      2907 |       6502 |                               pandas.core.common
import time:      3121 |      52838 |                             pandas.core.construction
import time:      3167 |      56154 |                           pandas.core.array_algos.take
import time:      1947 |       1947 |                             pandas.core.indexers.utils
import time:       269 |       2215 |                           pandas.core.indexers
import time:      6083 |      78270 |                         pandas.core.algorithms
import time:      9546 |       9546 |                                 pyarrow._compute
import time:       273 |        273 |                                 pyarrow._compute_docstrings
import time:       140 |        140 |                                 pyarrow.vendored
import time:      1401 |       1401 |                                   pydoc
import time:      5883 |       7283 |                                 pyarrow.vendored.docscrape
import time:     28693 |      45933 |                               pyarrow.compute
import time:      1615 |      47547 |                             pandas.core.arrays.arrow.accessors
import time:      4764 |       4764 |                               pandas.core.missing
import time:       343 |        343 |                                   pandas._libs.ops
import time:       424 |        424 |                                   pandas.core.roperator
import time:       111 |        111 |                                   pandas.core.computation
import time:       298 |        298 |                                     pandas.core.computation.check
import time:      1526 |       1824 |                                   pandas.core.computation.expressions
import time:       697 |        697 |                                   pandas.core.ops.missing
import time:       213 |        213 |                                   pandas.core.ops.dispatch
import time:       413 |        413 |                                   pandas.core.ops.invalid
import time:      2666 |       6687 |                                 pandas.core.ops.array_ops
import time:       649 |        649 |                                 pandas.core.ops.common
import time:      1119 |       1119 |                                 pandas.core.ops.docstrings
import time:       872 |        872 |                                 pandas.core.ops.mask_ops
import time:       440 |       9766 |                               pandas.core.ops
import time:      2899 |       2899 |                               pandas.core.arraylike
import time:      3300 |       3300 |                               pandas.core.arrays._arrow_string_mixins
import time:       662 |        662 |                               pandas.core.arrays._utils
import time:      1804 |       1804 |                                   pandas.util._validators
import time:      2001 |       3804 |                                 pandas.compat.numpy.function
import time:       925 |        925 |                                 pandas.core.array_algos.quantile
import time:      3424 |       3424 |                                 pandas.core.sorting
import time:     11724 |      19875 |                               pandas.core.arrays.base
import time:      8209 |       8209 |                                 pandas.core.nanops
import time:       694 |        694 |                                 pandas.core.array_algos.masked_accumulations
import time:       970 |        970 |                                 pandas.core.array_algos.masked_reductions
import time:       387 |        387 |                                 pandas.core.array_algos.transforms
import time:       116 |        116 |                                   pandas.core.util
import time:       293 |        293 |                                   pandas._libs.hashing
import time:      1706 |       2114 |                                 pandas.core.util.hashing
import time:     10051 |      22424 |                               pandas.core.arrays.masked
import time:       360 |        360 |                                 pandas._libs.arrays
import time:      1946 |       1946 |                                   pandas.core.arrays.numeric
import time:       726 |       2672 |                                 pandas.core.arrays.floating
import time:      1166 |       1166 |                                 pandas.core.arrays.integer
import time:      3137 |       3137 |                                   pandas.core.arrays._mixins
import time:       168 |        168 |                                     pandas.core.strings
import time:      4525 |       4692 |                                   pandas.core.strings.object_array
import time:      3484 |      11312 |                                 pandas.core.arrays.numpy_
import time:       238 |        238 |                                 pandas.io.formats
import time:       552 |        552 |                                   pandas.io.formats.console
import time:      3691 |       4243 |                                 pandas.io.formats.printing
import time:      6349 |      26337 |                               pandas.core.arrays.string_
import time:       204 |        204 |                                 pandas.tseries
import time:      3649 |       3853 |                               pandas.tseries.frequencies
import time:     20973 |     114847 |                             pandas.core.arrays.arrow.array
import time:       203 |     162597 |                           pandas.core.arrays.arrow
import time:      2625 |       2625 |                           pandas.core.arrays.boolean
import time:      1582 |       1582 |                             pandas.core.accessor
import time:      3810 |       3810 |                             pandas.core.base
import time:     10848 |      16239 |                           pandas.core.arrays.categorical
import time:       516 |        516 |                             pandas._libs.tslib
import time:       627 |        627 |                               pandas.core.array_algos.datetimelike_accumulations
import time:     12489 |      13116 |                             pandas.core.arrays.datetimelike
import time:      1107 |       1107 |                             pandas.core.arrays._ranges
import time:       313 |        313 |                             pandas.tseries.offsets
import time:      8460 |      23511 |                           pandas.core.arrays.datetimes
import time:      5855 |       5855 |                             pandas.core.arrays.timedeltas
import time:      8034 |      13888 |                           pandas.core.arrays.interval
import time:      5921 |       5921 |                           pandas.core.arrays.period
import time:       505 |        505 |                                 pandas._libs.sparse
import time:      9951 |      10456 |                               pandas.core.arrays.sparse.array
import time:      1644 |      12099 |                             pandas.core.arrays.sparse.accessor
import time:       247 |      12346 |                           pandas.core.arrays.sparse
import time:      3794 |       3794 |                           pandas.core.arrays.string_arrow
import time:       429 |     241345 |                         pandas.core.arrays
import time:       662 |        662 |                         pandas.core.flags
import time:       507 |        507 |                               pandas._libs.internals
import time:       165 |        165 |                                 pandas.core._numba
import time:       699 |        699 |                                 pandas.core.util.numba_
import time:      1554 |       2417 |                               pandas.core._numba.executor
import time:     11124 |      14047 |                             pandas.core.apply
import time:       353 |        353 |                               pandas.errors.cow
import time:       294 |        294 |                                   pandas._libs.indexing
import time:       153 |        153 |                                     pandas.core.indexes
import time:       889 |        889 |                                       pandas._libs.index
import time:       273 |        273 |                                       pandas._libs.writers
import time:       493 |        493 |                                       pandas._libs.join
import time:       824 |        824 |                                       pandas.core.array_algos.putmask
import time:       790 |        790 |                                       pandas.core.indexes.frozen
import time:      8785 |       8785 |                                       pandas.core.strings.accessor
import time:     30942 |      42992 |                                     pandas.core.indexes.base
import time:      1126 |       1126 |                                       pandas.core.indexes.extension
import time:      1846 |       2971 |                                     pandas.core.indexes.category
import time:      8941 |       8941 |                                         pandas.core.indexes.range
import time:       161 |        161 |                                           pandas.core.tools
import time:      1037 |       1197 |                                         pandas.core.tools.timedeltas
import time:      4767 |      14904 |                                       pandas.core.indexes.datetimelike
import time:       947 |        947 |                                       pandas.core.tools.times
import time:      4676 |      20526 |                                     pandas.core.indexes.datetimes
import time:     19572 |      19572 |                                       pandas.core.indexes.multi
import time:      1745 |       1745 |                                       pandas.core.indexes.timedeltas
import time:      5420 |      26736 |                                     pandas.core.indexes.interval
import time:      3017 |       3017 |                                     pandas.core.indexes.period
import time:      1870 |      98262 |                                   pandas.core.indexes.api
import time:     12977 |     111531 |                                 pandas.core.indexing
import time:       834 |        834 |                                 pandas.core.sample
import time:       923 |        923 |                                 pandas.core.array_algos.replace
import time:     11799 |      11799 |                                     pandas.core.internals.blocks
import time:       875 |      12674 |                                   pandas.core.internals.api
import time:      1189 |       1189 |                                       pandas.core.internals.ops
import time:     14422 |      15610 |                                     pandas.core.internals.managers
import time:      2763 |      18372 |                                   pandas.core.internals.concat
import time:       419 |      31464 |                                 pandas.core.internals
import time:       146 |        146 |                                   pandas.core.methods
import time:       142 |        142 |                                     pandas.core.reshape
import time:      4510 |       4652 |                                   pandas.core.reshape.concat
import time:      6891 |       6891 |                                     pandas.io.common
import time:     11399 |      18290 |                                   pandas.io.formats.format
import time:      1925 |      25011 |                                 pandas.core.methods.describe
import time:       382 |        382 |                                 pandas.core.shared_docs
import time:       159 |        159 |                                       pandas._libs.window
import time:       585 |        744 |                                     pandas._libs.window.aggregations
import time:       361 |        361 |                                       pandas._libs.window.indexers
import time:      2317 |       2677 |                                     pandas.core.indexers.objects
import time:      1321 |       1321 |                                     pandas.core.window.common
import time:      2073 |       2073 |                                     pandas.core.window.numba_
import time:       820 |        820 |                                     pandas.core.window.online
import time:     11450 |      11450 |                                     pandas.core.window.rolling
import time:      3694 |      22776 |                                   pandas.core.window.ewm
import time:      1939 |       1939 |                                   pandas.core.window.expanding
import time:       224 |      24938 |                                 pandas.core.window
import time:     33052 |     228130 |                               pandas.core.generic
import time:      5778 |       5778 |                               pandas.core.internals.construction
import time:      1869 |       1869 |                               pandas.core.methods.selectn
import time:      1328 |       1328 |                                 pandas.core.tools.numeric
import time:      2199 |       3526 |                               pandas.core.reshape.melt
import time:       371 |        371 |                                 pandas._libs.reshape
import time:      2829 |       2829 |                                 pandas.core.indexes.accessors
import time:       271 |        271 |                                   pandas.arrays
import time:      5047 |       5318 |                                 pandas.core.tools.datetimes
import time:      4912 |       4912 |                                 pandas.io.formats.info
import time:      3736 |       3736 |                                   pandas.plotting._core
import time:      1653 |       1653 |                                   pandas.plotting._misc
import time:       365 |       5754 |                                 pandas.plotting
import time:     21937 |      41120 |                               pandas.core.series
import time:     50390 |     331162 |                             pandas.core.frame
import time:      1470 |       1470 |                             pandas.core.groupby.base
import time:       912 |        912 |                               pandas._libs.groupby
import time:      1130 |       1130 |                               pandas.core.groupby.numba_
import time:       467 |        467 |                                   pandas.core.groupby.categorical
import time:      4289 |       4756 |                                 pandas.core.groupby.grouper
import time:      7330 |      12085 |                               pandas.core.groupby.ops
import time:      1567 |       1567 |                               pandas.core.groupby.indexing
import time:     15460 |      31152 |                             pandas.core.groupby.groupby
import time:     10687 |     388516 |                           pandas.core.groupby.generic
import time:       197 |     388713 |                         pandas.core.groupby
import time:       621 |     733969 |                       pandas.core.api
import time:       211 |        211 |                       pandas.tseries.api
import time:       506 |        506 |                               pandas.core.computation.common
import time:      1670 |       2176 |                             pandas.core.computation.align
import time:      1827 |       1827 |                               pandas.core.computation.scope
import time:      3356 |       5183 |                             pandas.core.computation.ops
import time:      1003 |       8361 |                           pandas.core.computation.engines
import time:      1427 |       1427 |                             pandas.core.computation.parsing
import time:      5561 |       6987 |                           pandas.core.computation.expr
import time:      1477 |      16824 |                         pandas.core.computation.eval
import time:       126 |      16950 |                       pandas.core.computation.api
import time:      2446 |       2446 |                         pandas.core.reshape.encoding
import time:     14400 |      14400 |                         pandas.core.reshape.merge
import time:      4906 |       4906 |                         pandas.core.reshape.pivot
import time:      2655 |       2655 |                         pandas.core.reshape.tile
import time:       336 |      24742 |                       pandas.core.reshape.api
import time:       165 |        165 |                         pandas.api.executors
import time:       178 |        178 |                         pandas.api.extensions
import time:       129 |        129 |                         pandas.api.indexers
import time:        81 |         81 |                             pandas.core.interchange
import time:      1733 |       1813 |                           pandas.core.interchange.dataframe_protocol
import time:      1004 |       1004 |                             pandas.core.interchange.utils
import time:      2720 |       3723 |                           pandas.core.interchange.from_dataframe
import time:       127 |       5662 |                         pandas.api.interchange
import time:       252 |        252 |                           pandas.core.dtypes.api
import time:       219 |        470 |                         pandas.api.types
import time:      9889 |       9889 |                           pandas.core.resample
import time:       245 |        245 |                                 pandas._libs.json
import time:      2696 |       2696 |                                 pandas.io.json._normalize
import time:      1746 |       1746 |                                 pandas.io.json._table_schema
import time:       563 |        563 |                                       pandas._libs.parsers
import time:      5445 |       5445 |                                         pandas.io.parsers.base_parser
import time:      2102 |       7546 |                                       pandas.io.parsers.arrow_parser_wrapper
import time:      2420 |       2420 |                                       pandas.io.parsers.c_parser_wrapper
import time:      9165 |       9165 |                                       pandas.io.parsers.python_parser
import time:      7405 |      27096 |                                     pandas.io.parsers.readers
import time:       203 |      27298 |                                   pandas.io.parsers
import time:        51 |      27349 |                                 pandas.io.parsers.readers
import time:      7491 |      39526 |                               pandas.io.json._json
import time:       227 |      39753 |                             pandas.io.json
import time:        31 |      39783 |                           pandas.io.json._json
import time:       946 |        946 |                               pandas.io.sas.sasreader
import time:       192 |       1138 |                             pandas.io.sas
import time:        30 |       1167 |                           pandas.io.sas.sasreader
import time:     22107 |      22107 |                           pandas.io.stata
import time:       307 |      73251 |                         pandas.api.typing
import time:       303 |      80156 |                       pandas.api
import time:       685 |        685 |                           pandas._testing._io
import time:      1271 |       1271 |                           pandas._testing._warnings
import time:       334 |        334 |                             pandas._libs.testing
import time:      6670 |       7003 |                           pandas._testing.asserters
import time:       320 |        320 |                           pandas._testing.compat
import time:       687 |        687 |                           pandas._testing.contexts
import time:      3163 |      13128 |                         pandas._testing
import time:       222 |      13349 |                       pandas.testing
import time:       925 |        925 |                       pandas.util._print_versions
import time:       883 |        883 |                         pandas.io.clipboards
import time:      1443 |       1443 |                             pandas.io.excel._util
import time:       968 |        968 |                             pandas.io.excel._calamine
import time:      1775 |       1775 |                             pandas.io.excel._odfreader
import time:      3189 |       3189 |                             pandas.io.excel._openpyxl
import time:       984 |        984 |                             pandas.io.excel._pyxlsb
import time:      1009 |       1009 |                             pandas.io.excel._xlrd
import time:      7449 |      16813 |                           pandas.io.excel._base
import time:      2087 |       2087 |                           pandas.io.excel._odswriter
import time:      1878 |       1878 |                           pandas.io.excel._xlsxwriter
import time:       249 |      21026 |                         pandas.io.excel
import time:       834 |        834 |                         pandas.io.feather_format
import time:     53344 |      53344 |                         pandas.io.html
import time:       790 |        790 |                         pandas.io.iceberg
import time:       865 |        865 |                         pandas.io.orc
import time:      2745 |       2745 |                         pandas.io.parquet
import time:       932 |        932 |                           pandas.compat.pickle_compat
import time:       659 |       1590 |                         pandas.io.pickle
import time:      4665 |       4665 |                           pandas.core.computation.pytables
import time:     31760 |      36425 |                         pandas.io.pytables
import time:       498 |        498 |                         pandas.io.spss
import time:     13418 |      13418 |                         pandas.io.sql
import time:      4258 |       4258 |                         pandas.io.xml
import time:       494 |     137164 |                       pandas.io.api
import time:       445 |        445 |                       pandas.util._tester
import time:       125 |        125 |                       pandas._version_meson
import time:      1021 |    1124639 |                     pandas
import time:       646 |        646 |                         pyarrow._acero
import time:      1116 |       1116 |                         pyarrow._fs
import time:       748 |        748 |                         pyarrow._csv
import time:       369 |        369 |                         pyarrow._json
import time:       112 |        112 |                             substrait
import time:       434 |        546 |                           pyarrow._substrait
import time:       238 |        783 |                         pyarrow.substrait
import time:      6817 |       6817 |                         pyarrow.pandas_compat
import time:      4174 |       4174 |                         pyarrow.vendored.version
import time:      1792 |      16442 |                       pyarrow._dataset
import time:       396 |        396 |                       pyarrow._dataset_orc
import time:       749 |        749 |                         pyarrow._parquet
import time:       447 |        447 |                               pyarrow._azurefs
import time:       340 |        340 |                               pyarrow._hdfs
import time:       329 |        329 |                               pyarrow._gcsfs
import time:       633 |        633 |                               pyarrow._s3fs
import time:      2322 |       4070 |                             pyarrow.fs
import time:       540 |       4609 |                           pyarrow._parquet_encryption
import time:       376 |       4984 |                         pyarrow._dataset_parquet_encryption
import time:       617 |       6350 |                       pyarrow._dataset_parquet
import time:      3132 |      26318 |                     pyarrow.dataset
import time:       157 |        157 |                       fsspec.implementations
import time:      3810 |       3810 |                         fsspec.implementations.local
import time:       360 |        360 |                         resource
import time:      7301 |      11470 |                       fsspec.asyn
import time:       292 |        292 |                       fsspec.implementations.chained
import time:      3209 |      15127 |                     fsspec.implementations.dirfs
import time:      3572 |       3572 |                     huggingface_hub
import time:      3008 |       3008 |                         httpcore._models
import time:       149 |        149 |                                 httpcore._backends
import time:       688 |        688 |                                 httpcore._exceptions
import time:       322 |        322 |                                 httpcore._utils
import time:       912 |        912 |                                 httpcore._backends.base
import time:      1827 |       3896 |                               httpcore._backends.sync
import time:       453 |        453 |                                   certifi.core
import time:       202 |        655 |                                 certifi
import time:       206 |        860 |                               httpcore._ssl
import time:       128 |        128 |                                 trio
import time:       178 |        178 |                                     anyio._core
import time:      1244 |       1421 |                                   anyio._core._contextmanagers
import time:      1040 |       1040 |                                     anyio._core._exceptions
import time:       137 |        137 |                                       sniffio._version
import time:       131 |        131 |                                       sniffio._impl
import time:       221 |        488 |                                     sniffio
import time:      1225 |       2752 |                                   anyio._core._eventloop
import time:       484 |        484 |                                     anyio.to_thread
import time:      1942 |       1942 |                                       anyio.abc._eventloop
import time:       372 |        372 |                                       anyio.abc._resources
import time:       641 |        641 |                                         anyio._core._typedattr
import time:      1199 |       1199 |                                           anyio.abc._tasks
import time:      1582 |       2780 |                                         anyio.abc._streams
import time:      2276 |       5696 |                                       anyio.abc._sockets
import time:       462 |        462 |                                       anyio.abc._subprocesses
import time:       625 |        625 |                                       anyio.abc._testing
import time:      1957 |       1957 |                                         anyio.lowlevel
import time:      2204 |       2204 |                                         anyio._core._tasks
import time:       594 |        594 |                                         anyio._core._testing
import time:      6800 |      11553 |                                       anyio._core._synchronization
import time:      3850 |       3850 |                                       anyio.from_thread
import time:       529 |      25025 |                                     anyio.abc
import time:      6945 |      32453 |                                   anyio._core._fileio
import time:       263 |        263 |                                   anyio._core._resources
import time:       210 |        210 |                                   anyio._core._signals
import time:       158 |        158 |                                       anyio.streams
import time:      1934 |       2091 |                                     anyio.streams.stapled
import time:      3171 |       3171 |                                     anyio.streams.tls
import time:      4881 |      10142 |                                   anyio._core._sockets
import time:      3686 |       3686 |                                     anyio.streams.memory
import time:       473 |       4158 |                                   anyio._core._streams
import time:      1053 |       1053 |                                   anyio._core._subprocesses
import time:      3285 |       3285 |                                   anyio._core._tempfile
import time:       992 |      56725 |                                 anyio
import time:      2054 |      58907 |                               httpcore._synchronization
import time:      1100 |       1100 |                               httpcore._trace
import time:       344 |        344 |                                       h11._abnf
import time:      1043 |       1043 |                                         h11._util
import time:      1794 |       2836 |                                       h11._headers
import time:      4721 |       7900 |                                     h11._events
import time:       959 |        959 |                                       h11._receivebuffer
import time:      1820 |       1820 |                                       h11._state
import time:      2585 |       5362 |                                     h11._readers
import time:      1471 |       1471 |                                     h11._writers
import time:      3006 |      17738 |                                   h11._connection
import time:       163 |        163 |                                   h11._version
import time:       373 |      18273 |                                 h11
import time:       772 |        772 |                                 httpcore._sync.interfaces
import time:      2781 |      21825 |                               httpcore._sync.http11
import time:      1845 |      88432 |                             httpcore._sync.connection
import time:      2430 |       2430 |                             httpcore._sync.connection_pool
import time:      2364 |       2364 |                             httpcore._sync.http_proxy
import time:       219 |        219 |                                 h2
import time:       273 |        491 |                               h2.config
import time:       208 |        208 |                                     hpack.exceptions
import time:       105 |        105 |                                       hpack.huffman
import time:        82 |         82 |                                       hpack.huffman_constants
import time:       690 |        690 |                                       hpack.huffman_table
import time:       162 |        162 |                                       hpack.struct
import time:       244 |        244 |                                       hpack.table
import time:       251 |       1532 |                                     hpack.hpack
import time:       167 |       1906 |                                   hpack
import time:        19 |       1925 |                                 hpack.exceptions
import time:       146 |        146 |                                   hyperframe
import time:       200 |        345 |                                 hyperframe.exceptions
import time:       335 |        335 |                                   hyperframe.flags
import time:       482 |        817 |                                 hyperframe.frame
import time:       312 |        312 |                                 h2.errors
import time:       348 |        348 |                                     h2.exceptions
import time:       541 |        888 |                                   h2.settings
import time:      3657 |       4545 |                                 h2.events
import time:       193 |        193 |                                 h2.frame_buffer
import time:       564 |        564 |                                   h2.utilities
import time:       139 |        139 |                                   h2.windows
import time:       805 |       1507 |                                 h2.stream
import time:       852 |      10493 |                               h2.connection
import time:      4745 |      15728 |                             httpcore._sync.http2
import time:       114 |        114 |                               socksio
import time:      2061 |       2174 |                             httpcore._sync.socks_proxy
import time:       457 |     111582 |                           httpcore._sync
import time:        34 |     111616 |                         httpcore._sync.connection_pool
import time:       478 |     115100 |                       httpcore._api
import time:       571 |        571 |                           httpcore._backends.auto
import time:       917 |        917 |                             httpcore._async.interfaces
import time:      3157 |       4073 |                           httpcore._async.http11
import time:      1724 |       6368 |                         httpcore._async.connection
import time:      2378 |       2378 |                         httpcore._async.connection_pool
import time:      2328 |       2328 |                         httpcore._async.http_proxy
import time:      4103 |       4103 |                         httpcore._async.http2
import time:       113 |        113 |                           socksio
import time:      2077 |       2190 |                         httpcore._async.socks_proxy
import time:       431 |      17795 |                       httpcore._async
import time:      1245 |       1245 |                       httpcore._backends.mock
import time:      1231 |       1231 |                       httpcore._backends.anyio
import time:        98 |         98 |                         trio
import time:      1299 |       1396 |                       httpcore._backends.trio
import time:       788 |     137553 |                     httpcore
import time:       327 |        327 |                       httpx.__version__
import time:      1601 |       1601 |                             httpx._exceptions
import time:      2416 |       2416 |                               http.cookiejar
import time:        85 |         85 |                                     _winapi
import time:        64 |         64 |                                     winreg
import time:       329 |        478 |                                   mimetypes
import time:      1555 |       1555 |                                   httpx._types
import time:      1652 |       1652 |                                   httpx._utils
import time:      2347 |       6030 |                                 httpx._multipart
import time:      1822 |       7852 |                               httpx._content
import time:       123 |        123 |                                 brotli
import time:        67 |         67 |                                 brotlicffi
import time:        59 |         59 |                                 zstandard
import time:      2493 |       2741 |                               httpx._decoders
import time:      1579 |       1579 |                               httpx._status_codes
import time:      2791 |       2791 |                                     idna.idnadata
import time:       536 |        536 |                                     idna.intranges
import time:      4767 |       8093 |                                   idna.core
import time:       137 |        137 |                                   idna.package_data
import time:       350 |       8580 |                                 idna
import time:      3824 |       3824 |                                 httpx._urlparse
import time:      3166 |      15570 |                               httpx._urls
import time:      8429 |      38585 |                             httpx._models
import time:      2611 |      42795 |                           httpx._auth
import time:      1709 |       1709 |                           httpx._config
import time:       726 |        726 |                                 httpx._transports.base
import time:      1365 |       2091 |                               httpx._transports.asgi
import time:      2413 |       2413 |                               httpx._transports.default
import time:       516 |        516 |                               httpx._transports.mock
import time:      1025 |       1025 |                               httpx._transports.wsgi
import time:       297 |       6339 |                             httpx._transports
import time:        36 |       6375 |                           httpx._transports.base
import time:      9734 |      60611 |                         httpx._client
import time:      1418 |      62029 |                       httpx._api
import time:      3694 |       3694 |                               click._compat
import time:       506 |        506 |                                 click.globals
import time:      2900 |       2900 |                                 click.utils
import time:      2508 |       5913 |                               click.exceptions
import time:      8576 |      18182 |                             click.types
import time:       495 |        495 |                             click._utils
import time:      3053 |       3053 |                               click.parser
import time:      2250 |       5303 |                             click.formatting
import time:      3852 |       3852 |                             click.termui
import time:     19573 |      47402 |                           click.core
import time:      3214 |       3214 |                           click.decorators
import time:       859 |      51474 |                         click
import time:       557 |        557 |                           pygments
import time:     12794 |      12794 |                           pygments.lexers._mapping
import time:       671 |        671 |                           pygments.modeline
import time:       416 |        416 |                           pygments.plugin
import time:       960 |        960 |                               html.entities
import time:       462 |       1421 |                             html
import time:      2606 |       4027 |                           pygments.util
import time:      2206 |      20669 |                         pygments.lexers
import time:       304 |        304 |                             rich._extension
import time:      1142 |       1445 |                           rich
import time:       852 |        852 |                           rich._null_file
import time:       384 |        384 |                           rich.errors
import time:       204 |        204 |                                   colorsys
import time:       504 |        504 |                                       rich.color_triplet
import time:      1001 |       1504 |                                     rich.palette
import time:      1987 |       3490 |                                   rich._palettes
import time:      1393 |       1393 |                                   rich.repr
import time:       946 |        946 |                                   rich.terminal_theme
import time:      4171 |      10203 |                                 rich.color
import time:      4968 |      15171 |                               rich.style
import time:      1948 |      17118 |                             rich.default_styles
import time:      1045 |       1045 |                             rich.theme
import time:       208 |      18370 |                           rich.themes
import time:       650 |        650 |                           rich._emoji_replace
import time:       181 |        181 |                           rich._export_format
import time:       232 |        232 |                           rich._fileno
import time:       610 |        610 |                               rich._loop
import time:       204 |        204 |                               rich._pick
import time:       212 |        212 |                                     rich._unicode_data._versions
import time:       749 |        961 |                                   rich._unicode_data
import time:      2185 |       3145 |                                 rich.cells
import time:       672 |       3816 |                               rich._wrap
import time:      4657 |       4657 |                                     rich.segment
import time:       959 |       5616 |                                   rich.jupyter
import time:       374 |        374 |                                     rich.protocol
import time:      1117 |       1491 |                                   rich.measure
import time:       434 |       7540 |                                 rich.constrain
import time:      2061 |       9601 |                               rich.align
import time:      1733 |       1733 |                               rich.containers
import time:      1961 |       1961 |                               rich.control
import time:       901 |        901 |                               rich.emoji
import time:      8858 |      27681 |                             rich.text
import time:       978 |      28659 |                           rich._log_render
import time:      1536 |       1536 |                           rich.highlighter
import time:      2475 |       2475 |                           rich.markup
import time:       460 |        460 |                           rich.pager
import time:       326 |        326 |                           rich.region
import time:       489 |        489 |                           rich.screen
import time:       400 |        400 |                           rich.styled
import time:     16499 |      72954 |                         rich.console
import time:       578 |        578 |                           rich.filesize
import time:      1798 |       1798 |                               rich.ansi
import time:       773 |       2571 |                             rich.file_proxy
import time:       883 |        883 |                             rich.live_render
import time:      2599 |       6052 |                           rich.live
import time:      1698 |       1698 |                           rich.progress_bar
import time:      2250 |       2250 |                             rich._spinners
import time:      2614 |       2614 |                               rich.box
import time:      1614 |       1614 |                                 fractions
import time:      1723 |       3337 |                               rich._ratio
import time:      1248 |       1248 |                               rich.padding
import time:     10282 |      17480 |                             rich.table
import time:      1074 |      20802 |                           rich.spinner
import time:     10806 |      39935 |                         rich.progress
import time:       602 |        602 |                             pygments.filter
import time:      2437 |       2437 |                               pygments.token
import time:      4378 |       6815 |                             pygments.filters
import time:       970 |        970 |                             pygments.regexopt
import time:      5532 |      13918 |                           pygments.lexer
import time:      1466 |       1466 |                           pygments.style
import time:       694 |        694 |                             pygments.styles._mapping
import time:       595 |       1289 |                           pygments.styles
import time:      5773 |      22445 |                         rich.syntax
import time:      3466 |     210940 |                       httpx._main
import time:       583 |     273877 |                     httpx
import time:       378 |        378 |                       tqdm.autonotebook
import time:       911 |        911 |                       tqdm.asyncio
import time:       384 |       1672 |                     tqdm.auto
import time:      1817 |       1817 |                     huggingface_hub.constants
import time:      2770 |       2770 |                       huggingface_hub.errors
import time:      2239 |       2239 |                       huggingface_hub.utils.tqdm
import time:       804 |        804 |                               filelock._error
import time:       706 |        706 |                               filelock._util
import time:     14200 |      15709 |                             filelock._api
import time:      1472 |       1472 |                               filelock._unix
import time:       409 |       1881 |                             filelock._descriptor
import time:       256 |        256 |                                 encodings.ascii
import time:      1611 |       1866 |                               filelock._identity
import time:       190 |        190 |                                   filelock._soft_protocol
import time:      1949 |       2138 |                                 filelock._soft
import time:      1475 |       3613 |                               filelock._marker
import time:      3899 |       9377 |                             filelock._lease
import time:       721 |        721 |                                   _sqlite3
import time:       281 |       1002 |                                 sqlite3.dbapi2
import time:       235 |       1237 |                               sqlite3
import time:      2259 |       2259 |                               filelock._async
import time:      5570 |       5570 |                               filelock._read_write
import time:      2142 |      11207 |                             filelock._async_read_write
import time:      8296 |       8296 |                                 filelock._soft_rw._sync
import time:      1617 |       9912 |                               filelock._soft_rw._async
import time:       247 |      10159 |                             filelock._soft_rw
import time:      8714 |       8714 |                             filelock._strict
import time:      2078 |       2078 |                             filelock._windows
import time:      5309 |       5309 |                             filelock.asyncio
import time:       266 |        266 |                             filelock.version
import time:       701 |      65396 |                           filelock
import time:       723 |        723 |                           huggingface_hub.utils.logging
import time:       943 |      67061 |                         huggingface_hub.utils._fixes
import time:       366 |        366 |                             shlex
import time:       688 |        688 |                             huggingface_hub.utils._lfs
import time:       703 |        703 |                             huggingface_hub.utils._typing
import time:      7513 |       9268 |                           huggingface_hub.utils._http
import time:      1161 |      10428 |                         huggingface_hub.utils._oauth_device
import time:      8769 |       8769 |                         huggingface_hub.utils._runtime
import time:      2590 |      88846 |                       huggingface_hub.utils._auth
import time:       458 |        458 |                       huggingface_hub.utils._cache_assets
import time:      1080 |       1080 |                         huggingface_hub.utils._parsing
import time:      1441 |       1441 |                           huggingface_hub.utils._detect_agent
import time:       322 |        322 |                           termios
import time:       199 |        199 |                           tty
import time:      2190 |       4151 |                         huggingface_hub.utils._terminal
import time:      7422 |      12652 |                       huggingface_hub.utils._cache_manager
import time:       365 |        365 |                       huggingface_hub.utils._chunk_utils
import time:       324 |        324 |                       huggingface_hub.utils._datetime
import time:       309 |        309 |                       huggingface_hub.utils._experimental
import time:       620 |        620 |                         huggingface_hub.utils._subprocess
import time:       818 |       1438 |                       huggingface_hub.utils._git_credential
import time:       860 |        860 |                         huggingface_hub.utils._validators
import time:       871 |       1731 |                       huggingface_hub.utils._headers
import time:      5004 |       5004 |                       huggingface_hub.utils._hf_uris
import time:       508 |        508 |                       huggingface_hub.utils._pagination
import time:       871 |        871 |                       huggingface_hub.utils._paths
import time:      1726 |       1726 |                       huggingface_hub.utils._safetensors
import time:       763 |        763 |                       huggingface_hub.utils._telemetry
import time:      2043 |       2043 |                       huggingface_hub.utils._xet
import time:     11278 |     133317 |                     huggingface_hub._buckets
import time:      4417 |       4417 |                         huggingface_hub._local_folder
import time:       379 |        379 |                         huggingface_hub._revision
import time:      1963 |       1963 |                         huggingface_hub._tree_cache
import time:       202 |        202 |                           huggingface_hub.utils.insecure_hashlib
import time:       371 |        572 |                         huggingface_hub.utils.sha
import time:     10336 |      17666 |                       huggingface_hub.file_download
import time:      2768 |       2768 |                       huggingface_hub.lfs
import time:      7205 |      27637 |                     huggingface_hub._commit_api
import time:      3831 |       3831 |                     huggingface_hub._dataset_viewer
import time:      1362 |       1362 |                     huggingface_hub._eval_results
import time:      3805 |       3805 |                     huggingface_hub._inference_endpoints
import time:      5006 |       5006 |                       huggingface_hub._space_api
import time:      7925 |      12930 |                     huggingface_hub._jobs_api
import time:      5174 |       5174 |                     huggingface_hub._upload_large_folder
import time:      4788 |       4788 |                     huggingface_hub._upload_pipeline
import time:      3958 |       3958 |                     huggingface_hub.community
import time:      4038 |       4038 |                     huggingface_hub.repocard_data
import time:       978 |        978 |                     huggingface_hub.utils._deprecation
import time:      2106 |       2106 |                     huggingface_hub.utils._verification
import time:       409 |        409 |                     huggingface_hub.utils.endpoint_helpers
import time:       264 |        264 |                     packaging
import time:      6749 |       6749 |                     packaging.version
import time:       824 |        824 |                       tqdm.contrib
import time:      1669 |       2492 |                     tqdm.contrib.concurrent
import time:      8893 |       8893 |                     datasets.config
import time:      6185 |       6185 |                         pyarrow.parquet.core
import time:       217 |       6402 |                       pyarrow.parquet
import time:      2428 |       2428 |                           datasets.download.download_config
import time:       625 |        625 |                               datasets.utils.tqdm
import time:       239 |        239 |                               datasets.utils.experimental
import time:       811 |        811 |                                     datasets.utils.logging
import time:     11962 |      12773 |                                   datasets.table
import time:       745 |        745 |                                   datasets.utils.track
import time:      1094 |      14611 |                                 datasets.exceptions
import time:       987 |      15597 |                               datasets.utils.info_utils
import time:      1606 |       1606 |                               datasets.utils.version
import time:       276 |      18340 |                             datasets.utils
import time:       224 |        224 |                                   xml
import time:       138 |        138 |                                   xml.dom.domreg
import time:       423 |        784 |                                 xml.dom
import time:       206 |        206 |                                 xml.dom.minicompat
import time:       100 |        100 |                                   xml.dom.NodeFilter
import time:       314 |        414 |                                 xml.dom.xmlbuilder
import time:      1193 |       2595 |                               xml.dom.minidom
import time:       137 |        137 |                               xml.etree
import time:       430 |        430 |                                 xml.etree.ElementPath
import time:       259 |        259 |                                   pyexpat
import time:       292 |        550 |                                 _elementtree
import time:       742 |       1722 |                               xml.etree.ElementTree
import time:      2358 |       2358 |                                   urllib3.exceptions
import time:      1149 |       1149 |                                           urllib3.util.timeout
import time:       859 |       2007 |                                         urllib3.util.connection
import time:       451 |        451 |                                           urllib3.util.util
import time:        92 |         92 |                                           brotlicffi
import time:        64 |         64 |                                           brotli
import time:        58 |         58 |                                           backports
import time:      1687 |       2350 |                                         urllib3.util.request
import time:       508 |        508 |                                         urllib3.util.response
import time:      2489 |       2489 |                                         urllib3.util.retry
import time:      7774 |       7774 |                                           urllib3.util.url
import time:      1969 |       1969 |                                           urllib3.util.ssltransport
import time:      2229 |      11971 |                                         urllib3.util.ssl_
import time:       773 |        773 |                                         urllib3.util.wait
import time:       312 |      20407 |                                       urllib3.util
import time:        34 |      20441 |                                     urllib3.util.connection
import time:      1458 |      21898 |                                   urllib3._base_connection
import time:      3417 |       3417 |                                   urllib3._collections
import time:       274 |        274 |                                   urllib3._version
import time:      1541 |       1541 |                                         urllib3.fields
import time:      1388 |       2929 |                                       urllib3.filepost
import time:       125 |        125 |                                         brotlicffi
import time:        67 |         67 |                                         brotli
import time:       451 |        451 |                                           urllib3.http2
import time:       744 |        744 |                                           urllib3.http2.probe
import time:       894 |        894 |                                           urllib3.util.ssl_match_hostname
import time:      5768 |       7856 |                                         urllib3.connection
import time:       100 |        100 |                                         backports
import time:      8121 |      16267 |                                       urllib3.response
import time:      1416 |      20611 |                                     urllib3._request_methods
import time:       291 |        291 |                                     urllib3.util.proxy
import time:      5291 |      26192 |                                   urllib3.connectionpool
import time:      3680 |       3680 |                                   urllib3.poolmanager
import time:      1124 |      58939 |                                 urllib3
import time:       207 |        207 |                                     chardet._utils
import time:        83 |         83 |                                     chardet._version
import time:       619 |        619 |                                       chardet.enums
import time:      1485 |       1485 |                                         chardet.pipeline
import time:       140 |       1624 |                                       chardet.output_names
import time:       330 |        330 |                                         7cf47097c39cf1afcee8__mypyc
import time:       145 |        145 |                                         chardet.pipeline.binary
import time:        93 |         93 |                                         chardet.pipeline.bom
import time:       288 |        288 |                                         chardet._kernel
import time:      1410 |       1410 |                                         chardet.registry
import time:       157 |        157 |                                           chardet.pipeline.structural
import time:      1116 |       1272 |                                         chardet.pipeline.markup
import time:       914 |       4450 |                                       chardet.pipeline.orchestrator
import time:       166 |       6858 |                                     chardet.detector
import time:        92 |         92 |                                     simplejson
import time:       990 |        990 |                                     http.cookies
import time:       775 |       9003 |                                   requests.compat
import time:      1279 |      10282 |                                 requests.exceptions
import time:      9036 |       9036 |                                         charset_normalizer.constant
import time:      3716 |       3716 |                                         charset_normalizer.utils
import time:       537 |      13288 |                                       charset_normalizer.md
import time:      2594 |      15882 |                                     charset_normalizer.cd
import time:      2718 |       2718 |                                     charset_normalizer.models
import time:       140 |        140 |                                     _multibytecodec
import time:      5155 |      23894 |                                   charset_normalizer.api
import time:       578 |        578 |                                   charset_normalizer.legacy
import time:       156 |        156 |                                   charset_normalizer.version
import time:       388 |      25014 |                                 charset_normalizer
import time:      1603 |       1603 |                                 requests.packages
import time:       215 |        215 |                                   requests.certs
import time:       158 |        158 |                                   requests.__version__
import time:       603 |        603 |                                   requests._internal_utils
import time:      1383 |       1383 |                                   requests._types
import time:      3575 |       3575 |                                   requests.cookies
import time:      1180 |       1180 |                                   requests.structures
import time:        84 |         84 |                                       importlib.resources._itertools
import time:       264 |        347 |                                     importlib.resources.readers
import time:       137 |        484 |                                   importlib.readers
import time:      5911 |      13505 |                                 requests.utils
import time:      2446 |       2446 |                                       requests.auth
import time:       301 |        301 |                                           stringprep
import time:       328 |        629 |                                         encodings.idna
import time:       412 |        412 |                                         requests.hooks
import time:      1134 |       1134 |                                         requests.status_codes
import time:      5991 |       8165 |                                       requests.models
import time:       144 |        144 |                                         urllib3.contrib
import time:       550 |        550 |                                         socks
import time:      1350 |       2043 |                                       urllib3.contrib.socks
import time:      3388 |      16041 |                                     requests.adapters
import time:      3993 |      20033 |                                   requests.sessions
import time:       702 |      20735 |                                 requests.api
import time:      1161 |     131236 |                               requests
import time:       737 |        737 |                                   fsspec.archive
import time:       971 |       1708 |                                 datasets.filesystems.compression
import time:       515 |       2222 |                               datasets.filesystems
import time:       593 |        593 |                               datasets.utils._filelock
import time:      4032 |       4032 |                               datasets.utils.extract
import time:      1288 |       1288 |                                       multidict._abc
import time:       221 |        221 |                                         multidict._multidict
import time:       276 |        496 |                                       multidict._compat
import time:       414 |       2197 |                                     multidict
import time:      1230 |       3427 |                                   aiohttp.hdrs
import time:       573 |        573 |                                         attr._compat
import time:       294 |        294 |                                           attr._config
import time:       495 |        495 |                                             attr.exceptions
import time:       414 |        908 |                                           attr.setters
import time:     17931 |      19132 |                                         attr._make
import time:       764 |      20467 |                                       attr.converters
import time:       465 |        465 |                                       attr.filters
import time:      6821 |       6821 |                                       attr.validators
import time:       772 |        772 |                                       attr._cmp
import time:      1792 |       1792 |                                       attr._funcs
import time:      1019 |       1019 |                                       attr._next_gen
import time:      1006 |       1006 |                                       attr._version_info
import time:       860 |      33200 |                                     attr
import time:       275 |        275 |                                             yarl._quoting_c
import time:       252 |        526 |                                           yarl._quoting
import time:       462 |        988 |                                         yarl._quoters
import time:      1049 |       2036 |                                       yarl._query
import time:       417 |        417 |                                           propcache
import time:       414 |        414 |                                             propcache._helpers_c
import time:       286 |        700 |                                           propcache._helpers
import time:       207 |       1323 |                                         propcache.api
import time:      1622 |       1622 |                                         yarl._parse
import time:       392 |        392 |                                         yarl._path
import time:     10280 |      13616 |                                       yarl._url
import time:       255 |      15906 |                                     yarl
import time:       776 |        776 |                                         aiohttp.typedefs
import time:      1100 |       1875 |                                       aiohttp.http_exceptions
import time:      2700 |       2700 |                                           aiohttp.client_exceptions
import time:       301 |        301 |                                             netrc
import time:      1805 |       1805 |                                                 email._header_value_parser
import time:       566 |       2371 |                                               email.headerregistry
import time:       238 |        238 |                                               email.contentmanager
import time:       310 |       2919 |                                             email.policy
import time:       227 |        227 |                                             aiohttp.log
import time:      9401 |      12846 |                                           aiohttp.helpers
import time:       406 |        406 |                                           aiohttp.tcp_helpers
import time:      1042 |      16992 |                                         aiohttp.base_protocol
import time:       116 |        116 |                                           brotlicffi
import time:        67 |         67 |                                           brotli
import time:        63 |         63 |                                             backports
import time:        15 |         78 |                                           backports.zstd
import time:      2965 |       3225 |                                         aiohttp.compression_utils
import time:      2292 |       2292 |                                             aiohttp._cookie_helpers
import time:      1784 |       4075 |                                           aiohttp.abc
import time:       258 |        258 |                                           aiohttp._http_writer
import time:      2938 |       7270 |                                         aiohttp.http_writer
import time:      4992 |       4992 |                                         aiohttp.streams
import time:       542 |        542 |                                         aiohttp._http_parser
import time:      8876 |      41894 |                                       aiohttp.http_parser
import time:       115 |        115 |                                           aiohttp._websocket
import time:      1537 |       1537 |                                           aiohttp._websocket.models
import time:       212 |        212 |                                           aiohttp._websocket.mask
import time:      1405 |       3267 |                                         aiohttp._websocket.helpers
import time:       363 |        363 |                                           aiohttp._websocket.reader_c
import time:       278 |        641 |                                         aiohttp._websocket.reader
import time:      1443 |       1443 |                                         aiohttp._websocket.writer
import time:       309 |       5659 |                                       aiohttp.http_websocket
import time:       486 |      49912 |                                     aiohttp.http
import time:      6088 |       6088 |                                     aiohttp.payload
import time:      8467 |       8467 |                                         aiohttp.multipart
import time:      1389 |       1389 |                                         aiohttp.formdata
import time:     10184 |      20039 |                                       aiohttp.client_reqrep
import time:       504 |      20543 |                                     aiohttp.client_middlewares
import time:      4191 |       4191 |                                     aiohttp.client_ws
import time:      1043 |       1043 |                                           aiohappyeyeballs._staggered
import time:       200 |        200 |                                           aiohappyeyeballs.types
import time:      1605 |       2847 |                                         aiohappyeyeballs.impl
import time:       715 |        715 |                                         aiohappyeyeballs.utils
import time:       315 |       3876 |                                       aiohappyeyeballs
import time:      2099 |       2099 |                                       aiohttp.client_proto
import time:       109 |        109 |                                         aiodns
import time:      2037 |       2145 |                                       aiohttp.resolver
import time:     55485 |      63605 |                                     aiohttp.connector
import time:      5353 |       5353 |                                     aiohttp.cookiejar
import time:       291 |        291 |                                           frozenlist._frozenlist
import time:       756 |       1046 |                                         frozenlist
import time:       801 |       1847 |                                       aiosignal
import time:     10071 |      11917 |                                     aiohttp.tracing
import time:     10432 |     221142 |                                   aiohttp.client
import time:      2838 |       2838 |                                   aiohttp.client_middleware_digest_auth
import time:       977 |        977 |                                   aiohttp.payload_streamer
import time:      1240 |     229621 |                                 aiohttp
import time:        23 |     229644 |                               aiohttp.client_exceptions
import time:      9096 |     381274 |                             datasets.utils.file_utils
import time:       588 |        588 |                               multiprocessing.pool
import time:      2923 |       2923 |                                 multiprocess.util
import time:       247 |        247 |                                   _multiprocess
import time:        84 |         84 |                                   _winapi
import time:      6931 |       7261 |                                 multiprocess.connection
import time:      6212 |      16395 |                               multiprocess.pool
import time:      1046 |       1046 |                                 datasets.parallel.parallel
import time:       181 |       1227 |                               datasets.parallel
import time:      2801 |       2801 |                               datasets.utils._dill
import time:      4876 |      25884 |                             datasets.utils.py_utils
import time:      1904 |     427400 |                           datasets.download.download_manager
import time:      1044 |       1044 |                           datasets.download.streaming_download_manager
import time:       254 |     431124 |                         datasets.download
import time:        37 |     431161 |                       datasets.download.download_config
import time:       977 |        977 |                       datasets.naming
import time:      5729 |     444267 |                     datasets.arrow_reader
import time:       216 |        216 |                       pyarrow.json
import time:      3224 |       3224 |                         datasets.features.audio
import time:      1362 |       1362 |                           datasets.utils.json
import time:      3451 |       3451 |                           datasets.features.image
import time:      2670 |       2670 |                           datasets.features.nifti
import time:      2240 |       2240 |                           datasets.features.pdf
import time:      1594 |       1594 |                           datasets.features.translation
import time:      3151 |       3151 |                           datasets.features.video
import time:     19554 |      34020 |                         datasets.features.features
import time:       258 |      37502 |                       datasets.features
import time:      4940 |       4940 |                         datasets.splits
import time:      5178 |      10118 |                       datasets.info
import time:      5965 |      53799 |                     datasets.arrow_writer
import time:      4951 |       4951 |                     datasets.data_files
import time:       237 |        237 |                         xxhash._xxhash
import time:       119 |        119 |                         xxhash.version
import time:       530 |        885 |                       xxhash
import time:      2911 |       3796 |                     datasets.fingerprint
import time:      5712 |       5712 |                       datasets.formatting.formatting
import time:      1275 |       1275 |                       datasets.formatting.np_formatter
import time:      1310 |       1310 |                       datasets.formatting.polars_formatter
import time:      1243 |       1243 |                       datasets.formatting.torch_formatter
import time:      4245 |      13782 |                     datasets.formatting
import time:      5198 |       5198 |                     datasets.search
import time:      1822 |       1822 |                     datasets.utils.metadata
import time:       680 |        680 |                     datasets.utils.stratify
import time:      1689 |       1689 |                           multiprocess.spawn
import time:      1814 |       3502 |                         multiprocess.resource_tracker
import time:      3060 |       6562 |                       multiprocess.shared_memory
import time:      3687 |      10249 |                     datasets.utils.tf_utils
import time:       307 |        307 |                     datasets.utils.typing
import time:    141798 |    2556758 |                   datasets.arrow_dataset
import time:       969 |        969 |                         datasets.utils.sharding
import time:     31660 |      32629 |                       datasets.iterable_dataset
import time:       228 |        228 |                       datasets.utils.doc_utils
import time:      9213 |      42069 |                     datasets.dataset_dict
import time:      1129 |       1129 |                       datasets.utils.patching
import time:       920 |       2048 |                     datasets.streaming
import time:     13055 |      57172 |                   datasets.builder
import time:       977 |        977 |                   datasets.combine
import time:       195 |        195 |                         datasets.packaged_modules.arrow
import time:      1361 |       1361 |                         datasets.packaged_modules.arrow.arrow
import time:       141 |        141 |                         datasets.packaged_modules.audiofolder
import time:       104 |        104 |                           datasets.packaged_modules.folder_based_builder
import time:      4345 |       4345 |                           datasets.packaged_modules.folder_based_builder.folder_based_builder
import time:       459 |       4907 |                         datasets.packaged_modules.audiofolder.audiofolder
import time:       159 |        159 |                         datasets.packaged_modules.cache
import time:      1681 |       1681 |                         datasets.packaged_modules.cache.cache
import time:       148 |        148 |                         datasets.packaged_modules.csv
import time:      3816 |       3816 |                         datasets.packaged_modules.csv.csv
import time:       156 |        156 |                         datasets.packaged_modules.eval
import time:       938 |        938 |                         datasets.packaged_modules.eval.eval
import time:       140 |        140 |                         datasets.packaged_modules.hdf5
import time:      4230 |       4230 |                         datasets.packaged_modules.hdf5.hdf5
import time:       157 |        157 |                         datasets.packaged_modules.imagefolder
import time:       467 |        467 |                         datasets.packaged_modules.imagefolder.imagefolder
import time:       105 |        105 |                         datasets.packaged_modules.json
import time:      3182 |       3182 |                         datasets.packaged_modules.json.json
import time:       153 |        153 |                         datasets.packaged_modules.lance
import time:      2823 |       2823 |                         datasets.packaged_modules.lance.lance
import time:       147 |        147 |                         datasets.packaged_modules.niftifolder
import time:       359 |        359 |                         datasets.packaged_modules.niftifolder.niftifolder
import time:       112 |        112 |                         datasets.packaged_modules.pandas
import time:      1064 |       1064 |                         datasets.packaged_modules.pandas.pandas
import time:       126 |        126 |                         datasets.packaged_modules.parquet
import time:      2372 |       2372 |                         datasets.packaged_modules.parquet.parquet
import time:       149 |        149 |                         datasets.packaged_modules.pdffolder
import time:       372 |        372 |                         datasets.packaged_modules.pdffolder.pdffolder
import time:       110 |        110 |                         datasets.packaged_modules.sql
import time:      1911 |       1911 |                         datasets.packaged_modules.sql.sql
import time:       142 |        142 |                         datasets.packaged_modules.text
import time:      1794 |       1794 |                         datasets.packaged_modules.text.text
import time:       138 |        138 |                         datasets.packaged_modules.videofolder
import time:       357 |        357 |                         datasets.packaged_modules.videofolder.videofolder
import time:       104 |        104 |                         datasets.packaged_modules.webdataset
import time:      1900 |       1900 |                         datasets.packaged_modules.webdataset.webdataset
import time:       150 |        150 |                         datasets.packaged_modules.xml
import time:      1339 |       1339 |                         datasets.packaged_modules.xml.xml
import time:      4398 |      41785 |                       datasets.packaged_modules
import time:      1030 |       1030 |                       datasets.utils._dataset_viewer
import time:       201 |        201 |                       datasets.utils.hub
import time:     10586 |      53600 |                     datasets.load
import time:      1233 |      54833 |                   datasets.inspect
import time:       440 |    2670178 |                 datasets
import time:       443 |        443 |                 mteb._helpful_enum
import time:      1675 |    5426970 |               mteb.types._encoder_io
import time:       854 |        854 |                 mteb.types._result
import time:       406 |       1259 |               mteb.types._metadata
import time:       678 |        678 |                           pydantic_core._pydantic_core
import time:     24301 |      24301 |                           pydantic_core.core_schema
import time:      1077 |      26054 |                         pydantic_core
import time:       735 |      26789 |                       pydantic.version
import time:      1250 |      28038 |                     pydantic.warnings
import time:      1131 |      29169 |                   pydantic._migration
import time:       203 |        203 |                       typing_inspection
import time:      2825 |       2825 |                       typing_inspection.typing_objects
import time:      2958 |       5986 |                     typing_inspection.introspection
import time:       162 |        162 |                     pydantic._internal
import time:      1461 |       1461 |                         pydantic._internal._namespace_utils
import time:      3588 |       5049 |                       pydantic._internal._typing_extra
import time:      1279 |       6327 |                     pydantic._internal._repr
import time:      2664 |      15137 |                   pydantic.errors
import time:      2040 |      46345 |                 pydantic
import time:       461 |        461 |                   pydantic.annotated_handlers
import time:       890 |       1350 |                 pydantic._internal._schema_generation_shared
import time:       174 |        174 |                       pydantic._internal._internal_dataclass
import time:      1890 |       2064 |                     pydantic.aliases
import time:      2238 |       2238 |                     pydantic.config
import time:      2553 |       6854 |                   pydantic._internal._config
import time:       709 |        709 |                   pydantic._internal._core_metadata
import time:      1329 |       1329 |                   pydantic._internal._core_utils
import time:       284 |        284 |                       pydantic._internal._import_utils
import time:      3588 |       3872 |                     pydantic._internal._utils
import time:      8108 |      11979 |                   pydantic._internal._decorators
import time:      1157 |       1157 |                       pydantic.plugin
import time:      1334 |       2490 |                     pydantic.plugin._schema_validator
import time:      1703 |       4193 |                   pydantic._internal._mock_val_ser
import time:     84525 |     109586 |                 pydantic.json_schema
import time:       702 |        702 |                         pydantic._internal._forward_ref
import time:      3161 |       3863 |                       pydantic._internal._generics
import time:       891 |        891 |                       pydantic._internal._docs_extraction
import time:      4297 |       9050 |                     pydantic._internal._fields
import time:      6870 |       6870 |                         pydantic.functional_validators
import time:      2863 |       2863 |                         pydantic._internal._discriminated_union
import time:      2368 |       2368 |                         pydantic._internal._known_annotated_metadata
import time:      1936 |       1936 |                         pydantic._internal._schema_gather
import time:     20370 |      34405 |                       pydantic._internal._generate_schema
import time:      1114 |       1114 |                       pydantic._internal._signature
import time:      5296 |      40815 |                     pydantic._internal._model_construction
import time:      9300 |      59164 |                   pydantic.main
import time:      2989 |      62152 |                 pydantic.type_adapter
import time:       550 |        550 |                 pydantic.plugin._loader
import time:     28875 |     248855 |               mteb.types._string_validators
import time:       378 |    5677461 |             mteb.types
import time:       789 |        789 |                     sklearn._config
import time:       270 |        270 |                       sklearn.__check_build._check_build
import time:       366 |        635 |                     sklearn.__check_build
import time:       121 |        121 |                     sklearn._distributor_init
import time:       858 |        858 |                       sklearn.exceptions
import time:       503 |        503 |                               sklearn.utils._bunch
import time:      6092 |       6595 |                             sklearn.utils._metadata_requests
import time:       230 |       6825 |                           sklearn.utils.metadata_routing
import time:      1144 |       1144 |                                   scipy.__config__
import time:       223 |        223 |                                   scipy.version
import time:        34 |         34 |                                     scipy._distributor_init_local
import time:       186 |        219 |                                   scipy._distributor_init
import time:        78 |         78 |                                       scipy._external
import time:       147 |        224 |                                     scipy._external.packaging_version
import time:       603 |        603 |                                     scipy._external.packaging_version._structures
import time:      2988 |       3814 |                                   scipy._external.packaging_version.version
import time:       110 |        110 |                                         cython
import time:      2367 |       2477 |                                       scipy._lib._testutils
import time:       224 |       2700 |                                     scipy._lib
import time:       308 |        308 |                                       scipy._cyutility
import time:      1300 |       1607 |                                     scipy._lib._ccallback_c
import time:      1327 |       5634 |                                   scipy._lib._ccallback
import time:       793 |      11824 |                                 scipy
import time:      3494 |       3494 |                                   scipy.sparse._sputils
import time:       323 |        323 |                                   scipy._lib._sparse
import time:       754 |        754 |                                   scipy.sparse._matrix
import time:      7895 |      12465 |                                 scipy.sparse._base
import time:       318 |        318 |                                   scipy.sparse._sparsetools
import time:      1591 |       1591 |                                               scipy._external.array_api_compat.common._typing
import time:      3654 |       5245 |                                             scipy._external.array_api_compat.common._helpers
import time:       172 |       5416 |                                           scipy._external.array_api_compat.common
import time:       236 |       5652 |                                         scipy._external.array_api_compat
import time:       574 |        574 |                                           scipy._external.array_api_compat._internal
import time:       152 |        152 |                                           numpy.rec
import time:       834 |        834 |                                             numpy.fft._helper
import time:       241 |        241 |                                               numpy.fft._pocketfft_umath
import time:      2575 |       2815 |                                             numpy.fft._pocketfft
import time:       295 |       3943 |                                           numpy.fft
import time:      2823 |       2823 |                                             numpy.ctypeslib._ctypeslib
import time:       200 |       3023 |                                           numpy.ctypeslib
import time:      3024 |       3024 |                                               numpy.polynomial.polyutils
import time:      4564 |       4564 |                                               numpy.polynomial._polybase
import time:      4294 |      11881 |                                             numpy.polynomial.chebyshev
import time:      3576 |       3576 |                                             numpy.polynomial.hermite
import time:      3389 |       3389 |                                             numpy.polynomial.hermite_e
import time:      3309 |       3309 |                                             numpy.polynomial.laguerre
import time:      3314 |       3314 |                                             numpy.polynomial.legendre
import time:      3114 |       3114 |                                             numpy.polynomial.polynomial
import time:       505 |      29087 |                                           numpy.polynomial
import time:       509 |        509 |                                             numpy.f2py.diagnose
import time:       257 |        257 |                                               numpy.f2py._backends
import time:       111 |        111 |                                               numpy.f2py.__version__
import time:      2446 |       2446 |                                                 numpy.f2py.cfuncs
import time:      6562 |       9008 |                                               numpy.f2py.auxfuncs
import time:      3837 |       3837 |                                                 numpy.f2py.cb_rules
import time:       364 |        364 |                                                 numpy.f2py._isocbind
import time:       321 |        321 |                                                   fileinput
import time:     11960 |      11960 |                                                   numpy.f2py.symbolic
import time:     37969 |      50249 |                                                 numpy.f2py.crackfortran
import time:      6073 |      60521 |                                               numpy.f2py.capi_maps
import time:      2539 |       2539 |                                                 numpy.f2py.func2subr
import time:      2283 |       4822 |                                               numpy.f2py.f90mod_rules
import time:      1490 |       1490 |                                                 numpy.f2py.common_rules
import time:       779 |        779 |                                                 numpy.f2py.use_rules
import time:     10739 |      13007 |                                               numpy.f2py.rules
import time:      4482 |      92205 |                                             numpy.f2py.f2py2e
import time:       421 |      93134 |                                           numpy.f2py
import time:      4415 |       4415 |                                             numpy._core.strings
import time:       206 |       4621 |                                           numpy.strings
import time:      3044 |       3044 |                                             numpy._core.defchararray
import time:       401 |       3445 |                                           numpy.char
import time:       147 |        147 |                                             numpy.testing._private
import time:       284 |        284 |                                             numpy.testing.overrides
import time:     12635 |      12635 |                                               numpy.testing._private.utils
import time:      1192 |      13826 |                                             numpy.testing._private.extbuild
import time:       320 |      14577 |                                           numpy.testing
import time:       306 |        306 |                                             numpy.core._utils
import time:       360 |        666 |                                           numpy.core
import time:      3777 |       3777 |                                             scipy._external.array_api_compat.common._aliases
import time:       358 |        358 |                                             scipy._external.array_api_compat.numpy._typing
import time:      2236 |       6371 |                                           scipy._external.array_api_compat.numpy._aliases
import time:      1044 |       1044 |                                           scipy._external.array_api_compat.numpy._info
import time:      2146 |       2146 |                                             scipy._external.array_api_compat.common._linalg
import time:      1472 |       3618 |                                           scipy._external.array_api_compat.numpy.linalg
import time:      1217 |       1217 |                                             scipy._external.array_api_compat.common._fft
import time:       890 |       2107 |                                           scipy._external.array_api_compat.numpy.fft
import time:      1132 |     167485 |                                         scipy._external.array_api_compat.numpy
import time:       186 |        186 |                                               scipy._external.array_api_extra._lib
import time:       162 |        162 |                                                   scipy._external.array_api_extra._lib._utils
import time:       892 |        892 |                                                       scipy._lib._array_api_override
import time:       144 |       1036 |                                                     scipy._external._array_api_compat_vendor
import time:       286 |       1322 |                                                   scipy._external.array_api_extra._lib._utils._compat
import time:       222 |        222 |                                                     scipy._external.array_api_extra._lib._utils._typing
import time:      2783 |       3004 |                                                   scipy._external.array_api_extra._lib._utils._helpers
import time:      1837 |       6324 |                                                 scipy._external.array_api_extra._lib._at
import time:      5391 |      11715 |                                               scipy._external.array_api_extra._lib._funcs
import time:      3294 |      15194 |                                             scipy._external.array_api_extra._delegation
import time:      1724 |       1724 |                                             scipy._external.array_api_extra._lib._lazy
import time:       311 |      17228 |                                           scipy._external.array_api_extra
import time:      2125 |      19352 |                                         scipy._external.array_api_extra.testing
import time:      5383 |       5383 |                                         scipy._lib._docscrape
import time:      6583 |     204453 |                                       scipy._lib._array_api
import time:      6041 |     210494 |                                     scipy._lib._util
import time:      2878 |       2878 |                                     scipy.sparse._data
import time:      3388 |       3388 |                                     scipy.sparse._index
import time:     10118 |     226877 |                                   scipy.sparse._compressed
import time:      2784 |     229978 |                                 scipy.sparse._csr
import time:      1412 |       1412 |                                 scipy.sparse._csc
import time:       538 |        538 |                                   scipy.sparse._csparsetools
import time:      3840 |       4378 |                                 scipy.sparse._lil
import time:      5590 |       5590 |                                 scipy.sparse._dok
import time:     12368 |      12368 |                                 scipy.sparse._coo
import time:      4005 |       4005 |                                 scipy.sparse._dia
import time:      4595 |       4595 |                                 scipy.sparse._bsr
import time:      1648 |       1648 |                                   scipy._lib.deprecation
import time:      8283 |       9930 |                                 scipy.sparse._construct
import time:       696 |        696 |                                 scipy.sparse._extract
import time:       777 |        777 |                                 scipy.sparse._matrix_io
import time:       232 |        232 |                                 scipy.sparse.base
import time:       197 |        197 |                                 scipy.sparse.bsr
import time:       184 |        184 |                                 scipy.sparse.compressed
import time:       200 |        200 |                                 scipy.sparse.construct
import time:       175 |        175 |                                 scipy.sparse.coo
import time:       161 |        161 |                                 scipy.sparse.csc
import time:       155 |        155 |                                 scipy.sparse.csr
import time:       166 |        166 |                                 scipy.sparse.data
import time:       181 |        181 |                                 scipy.sparse.dia
import time:       176 |        176 |                                 scipy.sparse.dok
import time:       169 |        169 |                                 scipy.sparse.extract
import time:       154 |        154 |                                 scipy.sparse.lil
import time:       159 |        159 |                                 scipy.sparse.sparsetools
import time:       155 |        155 |                                 scipy.sparse.sputils
import time:      1287 |     301758 |                               scipy.sparse
import time:       474 |        474 |                                     joblib._multiprocessing_helpers
import time:       119 |        119 |                                       joblib.externals
import time:       273 |        273 |                                       joblib.externals.loky._base
import time:       323 |        323 |                                           multiprocessing.synchronize
import time:       266 |        266 |                                               multiprocessing.queues
import time:       472 |        738 |                                             concurrent.futures.process
import time:       583 |        583 |                                             joblib.externals.loky.backend.process
import time:      1939 |       3258 |                                           joblib.externals.loky.backend.context
import time:       192 |       3773 |                                         joblib.externals.loky.backend
import time:        27 |       3800 |                                       joblib.externals.loky.backend.context
import time:       517 |        517 |                                         joblib.externals.loky.backend._posix_reduction
import time:      6691 |       6691 |                                           joblib.externals.cloudpickle.cloudpickle
import time:       221 |       6912 |                                         joblib.externals.cloudpickle
import time:      1259 |       8687 |                                       joblib.externals.loky.backend.reduction
import time:        64 |         64 |                                           faulthandler
import time:      1297 |       1297 |                                           joblib.externals.loky.backend.queues
import time:      5007 |       5007 |                                               psutil._common
import time:      3562 |       3562 |                                               psutil._ntuples
import time:      2273 |       2273 |                                                 psutil._psposix
import time:       236 |        236 |                                                 psutil._psutil_linux
import time:     14982 |      17489 |                                               psutil._pslinux
import time:     11310 |      37367 |                                             psutil
import time:      1086 |      38453 |                                           joblib.externals.loky.backend.utils
import time:       660 |        660 |                                           joblib.externals.loky.initializers
import time:      6113 |      46584 |                                         joblib.externals.loky.process_executor
import time:      1495 |      48079 |                                       joblib.externals.loky.reusable_executor
import time:       833 |        833 |                                       joblib.externals.loky.cloudpickle_wrapper
import time:       300 |      62087 |                                     joblib.externals.loky
import time:       297 |      62858 |                                   joblib._cloudpickle_wrapper
import time:      1498 |       1498 |                                     joblib._utils
import time:      1297 |       1297 |                                         joblib.backports
import time:       815 |        815 |                                         joblib.disk
import time:      1288 |       1288 |                                           joblib.externals.loky.backend.spawn
import time:      2175 |       3462 |                                         joblib.externals.loky.backend.resource_tracker
import time:       120 |        120 |                                             lz4
import time:      3153 |       3273 |                                           joblib.compressor
import time:      1273 |       1273 |                                             joblib.numpy_pickle_utils
import time:      1349 |       2621 |                                           joblib.numpy_pickle_compat
import time:      3127 |       9019 |                                         joblib.numpy_pickle
import time:      2969 |      17561 |                                       joblib._memmapping_reducer
import time:       722 |      18282 |                                     joblib.executor
import time:      1570 |       1570 |                                     joblib.pool
import time:      3160 |      24508 |                                   joblib._parallel_backends
import time:      1117 |       1117 |                                     joblib.logger
import time:      3292 |       4409 |                                   joblib._store_backends
import time:      1630 |       1630 |                                   joblib.hashing
import time:      2237 |       2237 |                                     joblib.func_inspect
import time:      5138 |       7374 |                                   joblib.memory
import time:      8461 |       8461 |                                   joblib.parallel
import time:       519 |     109754 |                                 joblib
import time:       467 |        467 |                                         narwhals._exceptions
import time:      3732 |       4198 |                                       narwhals.dependencies
import time:       423 |        423 |                                           narwhals._enum
import time:       525 |        525 |                                           narwhals._typing_compat
import time:       853 |        853 |                                           narwhals.exceptions
import time:     12383 |      14183 |                                         narwhals._utils
import time:      4472 |      18654 |                                       narwhals.dtypes
import time:      5244 |       5244 |                                         narwhals._expression_parsing
import time:       458 |        458 |                                           narwhals.expr_cat
import time:      1269 |       1269 |                                           narwhals.expr_dt
import time:       828 |        828 |                                           narwhals.expr_list
import time:       566 |        566 |                                           narwhals.expr_name
import time:      1493 |       1493 |                                           narwhals.expr_str
import time:       382 |        382 |                                           narwhals.expr_struct
import time:      1674 |       1674 |                                                   narwhals._compliant.typing
import time:      3390 |       3390 |                                                   narwhals._translate
import time:      4116 |       9179 |                                                 narwhals._compliant.dataframe
import time:      1850 |       1850 |                                                   narwhals._compliant.any_namespace
import time:      1603 |       1603 |                                                   narwhals._compliant.column
import time:     10068 |      13520 |                                                 narwhals._compliant.expr
import time:      1917 |       1917 |                                                 narwhals._compliant.group_by
import time:      3069 |       3069 |                                                 narwhals._compliant.namespace
import time:      3513 |       3513 |                                                 narwhals._compliant.selectors
import time:      4034 |       4034 |                                                 narwhals._compliant.series
import time:       365 |        365 |                                                 narwhals._compliant.window
import time:       443 |      36037 |                                               narwhals._compliant
import time:      1706 |       1706 |                                               narwhals._typing
import time:      1198 |      38940 |                                             narwhals.plugins
import time:       275 |        275 |                                             narwhals._constants
import time:      3203 |       3203 |                                             narwhals._native
import time:      3030 |      45447 |                                           narwhals.translate
import time:      6143 |      56582 |                                         narwhals.expr
import time:      1159 |      62984 |                                       narwhals.selectors
import time:      1946 |       1946 |                                           narwhals.schema
import time:      5392 |       7337 |                                         narwhals.functions
import time:      1832 |       1832 |                                             narwhals.typing
import time:       384 |       2216 |                                           narwhals.series_cat
import time:      1124 |       1124 |                                           narwhals.series_dt
import time:       694 |        694 |                                           narwhals.series_list
import time:      1327 |       1327 |                                           narwhals.series_str
import time:       301 |        301 |                                           narwhals.series_struct
import time:      7352 |      13012 |                                         narwhals.series
import time:     11424 |      31772 |                                       narwhals.dataframe
import time:       854 |     118460 |                                     narwhals
import time:       595 |        595 |                                       narwhals.stable.v1.dependencies
import time:       723 |        723 |                                         narwhals.stable.v1._dtypes
import time:       255 |        978 |                                       narwhals.stable.v1.dtypes
import time:       177 |        177 |                                       narwhals.stable.v1.selectors
import time:       682 |        682 |                                       narwhals.stable.v1.typing
import time:      6848 |       9278 |                                     narwhals.stable.v1
import time:       574 |        574 |                                       narwhals.stable.v2.dependencies
import time:       135 |        135 |                                       narwhals.stable.v2.dtypes
import time:       106 |        106 |                                       narwhals.stable.v2.selectors
import time:       365 |        365 |                                       narwhals.stable.v2.typing
import time:      5467 |       6645 |                                     narwhals.stable.v2
import time:       264 |     134645 |                                   narwhals.stable
import time:        26 |     134670 |                                 narwhals.stable.v2
import time:       292 |        292 |                                     scipy.special._sf_error
import time:       288 |        288 |                                       scipy.special._ufuncs_cxx
import time:      1801 |       1801 |                                                 scipy.linalg._fblas
import time:      1298 |       3098 |                                               scipy.linalg.blas
import time:      1360 |       1360 |                                                 scipy.linalg._flapack
import time:      2187 |       3547 |                                               scipy.linalg.lapack
import time:       313 |        313 |                                               scipy.linalg._batched_linalg
import time:       900 |       7856 |                                             scipy.linalg._misc
import time:      1201 |       1201 |                                             scipy.linalg._cythonized_array_utils
import time:      8950 |       8950 |                                               scipy.linalg._decomp
import time:      2851 |       2851 |                                               scipy.linalg._decomp_svd
import time:       316 |        316 |                                               scipy.linalg._solve_toeplitz
import time:      8771 |      20887 |                                             scipy.linalg._basic
import time:      1819 |       1819 |                                             scipy.linalg._decomp_lu
import time:      1814 |       1814 |                                             scipy.linalg._decomp_ldl
import time:      2125 |       2125 |                                             scipy.linalg._decomp_cholesky
import time:      2757 |       2757 |                                             scipy.linalg._decomp_qr
import time:      2746 |       2746 |                                             scipy.linalg._decomp_qz
import time:      2525 |       2525 |                                             scipy.linalg._decomp_schur
import time:       719 |        719 |                                             scipy.linalg._decomp_polar
import time:      2851 |       2851 |                                               scipy.linalg._expm_frechet
import time:       253 |        253 |                                               scipy.linalg._internal_matfuncs
import time:       152 |        152 |                                               scipy.linalg._linalg_pythran
import time:      4357 |       7612 |                                             scipy.linalg._matfuncs
import time:      4280 |       4280 |                                             scipy.linalg._special_matrices
import time:      4369 |       4369 |                                             scipy.linalg._solvers
import time:      1225 |       1225 |                                             scipy.linalg._procrustes
import time:       412 |        412 |                                               scipy.linalg.cython_blas
import time:      1408 |       1408 |                                               scipy.linalg.cython_lapack
import time:      1919 |       3738 |                                             scipy.linalg._decomp_update
import time:      1106 |       1106 |                                             scipy.linalg._sketches
import time:      1580 |       1580 |                                             scipy.linalg._decomp_cossin
import time:       256 |        256 |                                             scipy.linalg.decomp
import time:       187 |        187 |                                             scipy.linalg.decomp_cholesky
import time:       168 |        168 |                                             scipy.linalg.decomp_lu
import time:       152 |        152 |                                             scipy.linalg.decomp_qr
import time:       154 |        154 |                                             scipy.linalg.decomp_svd
import time:       159 |        159 |                                             scipy.linalg.decomp_schur
import time:       173 |        173 |                                             scipy.linalg.basic
import time:       148 |        148 |                                             scipy.linalg.misc
import time:       164 |        164 |                                             scipy.linalg.special_matrices
import time:       167 |        167 |                                             scipy.linalg.matfuncs
import time:       776 |      70847 |                                           scipy.linalg
import time:        17 |      70863 |                                         scipy.linalg.cython_lapack
import time:       196 |      71059 |                                       scipy.special._ellip_harm_2
import time:       788 |        788 |                                       scipy.special._special_ufuncs
import time:       263 |        263 |                                       scipy.special._gufuncs
import time:       979 |      73374 |                                     scipy.special._ufuncs
import time:       326 |        326 |                                       scipy.special._input_validation
import time:       448 |        448 |                                       scipy.special._specfun
import time:       168 |        168 |                                       scipy.special._comb
import time:      8087 |       9028 |                                     scipy.special._basic
import time:       864 |        864 |                                         scipy.special._ufunc_tools
import time:       777 |       1640 |                                       scipy.special._spfun_stats
import time:     34894 |      36534 |                                     scipy.special._support_alternative_backends
import time:      2832 |       2832 |                                     scipy.special._logsumexp
import time:      3020 |       3020 |                                     scipy.special._multiufuncs
import time:      7869 |       7869 |                                     scipy.special._orthogonal
import time:       488 |        488 |                                     scipy.special._ellip_harm
import time:       211 |        211 |                                     scipy.special._lambertw
import time:       781 |        781 |                                     scipy.special._spherical_bessel
import time:       206 |        206 |                                     scipy.special.add_newdocs
import time:       284 |        284 |                                     scipy.special.basic
import time:       305 |        305 |                                     scipy.special.orthogonal
import time:       181 |        181 |                                     scipy.special.specfun
import time:       153 |        153 |                                     scipy.special.sf_error
import time:       142 |        142 |                                     scipy.special.spfun_stats
import time:      1013 |     136704 |                                   scipy.special
import time:       142 |        142 |                                   sklearn.externals
import time:      1535 |       1535 |                                         sklearn.externals.array_api_compat.common._typing
import time:      3655 |       5190 |                                       sklearn.externals.array_api_compat.common._helpers
import time:       134 |       5324 |                                     sklearn.externals.array_api_compat.common
import time:       190 |       5514 |                                   sklearn.externals.array_api_compat
import time:       279 |        279 |                                       sklearn.externals.array_api_extra._lib
import time:       164 |        164 |                                           sklearn.externals.array_api_extra._lib._utils
import time:       108 |        108 |                                             sklearn.externals._array_api_compat_vendor
import time:       274 |        381 |                                           sklearn.externals.array_api_extra._lib._utils._compat
import time:       214 |        214 |                                             sklearn.externals.array_api_extra._lib._utils._typing
import time:      2609 |       2822 |                                           sklearn.externals.array_api_extra._lib._utils._helpers
import time:      1877 |       5243 |                                         sklearn.externals.array_api_extra._lib._at
import time:      3923 |       9165 |                                       sklearn.externals.array_api_extra._lib._funcs
import time:      1146 |      10589 |                                     sklearn.externals.array_api_extra._delegation
import time:      1656 |       1656 |                                     sklearn.externals.array_api_extra._lib._lazy
import time:       322 |      12565 |                                   sklearn.externals.array_api_extra
import time:       560 |        560 |                                     sklearn.externals.array_api_compat._internal
import time:      3993 |       3993 |                                       sklearn.externals.array_api_compat.common._aliases
import time:       311 |        311 |                                       sklearn.externals.array_api_compat.numpy._typing
import time:      2066 |       6368 |                                     sklearn.externals.array_api_compat.numpy._aliases
import time:      1019 |       1019 |                                     sklearn.externals.array_api_compat.numpy._info
import time:      2133 |       2133 |                                       sklearn.externals.array_api_compat.common._linalg
import time:      1101 |       3233 |                                     sklearn.externals.array_api_compat.numpy.linalg
import time:      1217 |       1217 |                                       sklearn.externals.array_api_compat.common._fft
import time:       771 |       1988 |                                     sklearn.externals.array_api_compat.numpy.fft
import time:      1051 |      14217 |                                   sklearn.externals.array_api_compat.numpy
import time:       520 |        520 |                                   sklearn.utils._dataframe
import time:      6565 |       6565 |                                           scipy.sparse.linalg._interface
import time:       865 |        865 |                                           scipy.sparse.linalg._isolve.utils
import time:      6394 |      13822 |                                         scipy.sparse.linalg._isolve.iterative
import time:      2126 |       2126 |                                         scipy.sparse.linalg._isolve.minres
import time:      2945 |       2945 |                                           scipy.sparse.linalg._isolve._gcrotmk
import time:      1482 |       4427 |                                         scipy.sparse.linalg._isolve.lgmres
import time:      1815 |       1815 |                                         scipy.sparse.linalg._isolve.lsqr
import time:      1726 |       1726 |                                         scipy.sparse.linalg._isolve.lsmr
import time:      1306 |       1306 |                                         scipy.sparse.linalg._isolve.tfqmr
import time:       334 |      25553 |                                       scipy.sparse.linalg._isolve
import time:       260 |        260 |                                           scipy.sparse.linalg._dsolve._superlu
import time:        96 |         96 |                                             scikits
import time:        20 |        116 |                                           scikits.umfpack
import time:      3591 |       3966 |                                         scipy.sparse.linalg._dsolve.linsolve
import time:       372 |        372 |                                         scipy.sparse.linalg._dsolve._add_newdocs
import time:       295 |       4631 |                                       scipy.sparse.linalg._dsolve
import time:       265 |        265 |                                             scipy.sparse.linalg._eigen.arpack._arpacklib
import time:      8644 |       8908 |                                           scipy.sparse.linalg._eigen.arpack.arpack
import time:       154 |       9062 |                                         scipy.sparse.linalg._eigen.arpack
import time:      4620 |       4620 |                                           scipy.sparse.linalg._eigen.lobpcg.lobpcg
import time:       274 |       4893 |                                         scipy.sparse.linalg._eigen.lobpcg
import time:       775 |        775 |                                             scipy.sparse.linalg._propack
import time:      1877 |       2651 |                                           scipy.sparse.linalg._svdp
import time:      3036 |       5687 |                                         scipy.sparse.linalg._eigen._svds
import time:       238 |      19878 |                                       scipy.sparse.linalg._eigen
import time:      1776 |       1776 |                                           scipy.sparse.linalg._onenormest
import time:      3550 |       5326 |                                         scipy.sparse.linalg._expm_multiply
import time:      4381 |       9706 |                                       scipy.sparse.linalg._matfuncs
import time:      1038 |       1038 |                                       scipy.sparse.linalg._norm
import time:      1296 |       1296 |                                       scipy.sparse.linalg._funm_multiply_krylov
import time:      3754 |       3754 |                                       scipy.sparse.linalg._special_sparse_arrays
import time:       280 |        280 |                                       scipy.sparse.linalg.isolve
import time:       193 |        193 |                                       scipy.sparse.linalg.dsolve
import time:       162 |        162 |                                       scipy.sparse.linalg.interface
import time:       166 |        166 |                                       scipy.sparse.linalg.eigen
import time:       163 |        163 |                                       scipy.sparse.linalg.matfuncs
import time:       522 |      67337 |                                     scipy.sparse.linalg
import time:       501 |        501 |                                       scipy.stats._warnings_errors
import time:       652 |        652 |                                               scipy.spatial._ckdtree
import time:       300 |        300 |                                                 scipy.spatial._hausdorff
import time:       373 |        373 |                                                 scipy.spatial._distance_pybind
import time:       138 |        138 |                                                 scipy.spatial._distance_wrap
import time:      9888 |      10698 |                                               scipy.spatial.distance
import time:      3095 |      14444 |                                             scipy.spatial._kdtree
import time:       219 |        219 |                                               scipy._lib.messagestream
import time:      1104 |       1323 |                                             scipy.spatial._qhull
import time:       261 |        261 |                                               scipy.spatial._voronoi
import time:      1358 |       1619 |                                             scipy.spatial._spherical_voronoi
import time:      1034 |       1034 |                                             scipy.spatial._plotutils
import time:       400 |        400 |                                             scipy.spatial._procrustes
import time:       695 |        695 |                                             scipy.spatial._geometric_slerp
import time:       202 |        202 |                                             scipy.spatial.ckdtree
import time:       396 |        396 |                                             scipy.spatial.kdtree
import time:       173 |        173 |                                             scipy.spatial.qhull
import time:       677 |        677 |                                                 scipy.spatial.transform._rotation_cy
import time:      8478 |       8478 |                                                 scipy.spatial.transform._rotation_xp
import time:      8341 |       8341 |                                                     scipy.constants._codata
import time:      2368 |       2368 |                                                     scipy.constants._constants
import time:       269 |        269 |                                                     scipy.constants.codata
import time:       429 |        429 |                                                     scipy.constants.constants
import time:      1150 |      12555 |                                                   scipy.constants
import time:      1370 |      13924 |                                                 scipy.spatial.transform._rotation_groups
import time:      6965 |      30043 |                                               scipy.spatial.transform._rotation
import time:       378 |        378 |                                                 scipy.spatial.transform._rigid_transform_cy
import time:      3484 |       3484 |                                                 scipy.spatial.transform._rigid_transform_xp
import time:      4976 |       8837 |                                               scipy.spatial.transform._rigid_transform
import time:      2272 |       2272 |                                               scipy.spatial.transform._rotation_spline
import time:       238 |        238 |                                               scipy.spatial.transform.rotation
import time:       234 |      41622 |                                             scipy.spatial.transform
import time:       506 |      62409 |                                           scipy.spatial
import time:        36 |      62444 |                                         scipy.spatial.distance
import time:      2295 |       2295 |                                               scipy.optimize._dcsrch
import time:      3383 |       5677 |                                             scipy.optimize._linesearch
import time:       238 |        238 |                                               scipy.optimize._group_columns
import time:      4271 |       4509 |                                             scipy.optimize._numdiff
import time:      1983 |       1983 |                                               scipy.optimize._hessian_update_strategy
import time:      4693 |       6676 |                                             scipy.optimize._differentiable_functions
import time:     17318 |      34179 |                                           scipy.optimize._optimize
import time:      1667 |       1667 |                                               scipy.optimize._trustregion
import time:       650 |       2316 |                                             scipy.optimize._trustregion_dogleg
import time:       665 |        665 |                                             scipy.optimize._trustregion_ncg
import time:       406 |        406 |                                                 scipy.optimize._trlib._trlib
import time:       242 |        647 |                                               scipy.optimize._trlib
import time:       353 |        999 |                                             scipy.optimize._trustregion_krylov
import time:      1857 |       1857 |                                             scipy.optimize._trustregion_exact
import time:      2832 |       2832 |                                                 scipy.optimize._constraints
import time:       113 |        113 |                                                       sksparse
import time:        65 |        178 |                                                     sksparse.cholmod
import time:      1996 |       2173 |                                                   scipy.optimize._trustregion_constr.projections
import time:      2151 |       2151 |                                                   scipy.optimize._trustregion_constr.qp_subproblem
import time:      1242 |       5566 |                                                 scipy.optimize._trustregion_constr.equality_constrained_sqp
import time:      2798 |       2798 |                                                 scipy.optimize._trustregion_constr.canonical_constraint
import time:      2052 |       2052 |                                                 scipy.optimize._trustregion_constr.tr_interior_point
import time:       684 |        684 |                                                 scipy.optimize._trustregion_constr.report
import time:      2796 |      16725 |                                               scipy.optimize._trustregion_constr.minimize_trustregion_constr
import time:       196 |      16921 |                                             scipy.optimize._trustregion_constr
import time:       245 |        245 |                                               scipy.optimize._lbfgsb
import time:      2127 |       2371 |                                             scipy.optimize._lbfgsb_py
import time:       253 |        253 |                                               scipy.optimize._moduleTNC
import time:      1343 |       1595 |                                             scipy.optimize._tnc
import time:      1128 |       1128 |                                             scipy.optimize._cobyla_py
import time:       372 |        372 |                                             scipy.optimize._cobyqa_py
import time:       265 |        265 |                                               scipy.optimize._slsqplib
import time:      2739 |       3004 |                                             scipy.optimize._slsqp_py
import time:      3724 |      34949 |                                           scipy.optimize._minimize
import time:       224 |        224 |                                               scipy.optimize._minpack
import time:      3598 |       3598 |                                                     scipy.optimize._lsq.common
import time:      3081 |       6678 |                                                   scipy.optimize._lsq.trf
import time:      1779 |       1779 |                                                   scipy.optimize._lsq.dogbox
import time:      3190 |      11646 |                                                 scipy.optimize._lsq.least_squares
import time:       258 |        258 |                                                     scipy.optimize._lsq.givens_elimination
import time:      1616 |       1873 |                                                   scipy.optimize._lsq.trf_linear
import time:      1173 |       1173 |                                                   scipy.optimize._lsq.bvls
import time:      1285 |       4330 |                                                 scipy.optimize._lsq.lsq_linear
import time:       193 |      16169 |                                               scipy.optimize._lsq
import time:      4393 |      20785 |                                             scipy.optimize._minpack_py
import time:      1326 |       1326 |                                             scipy.optimize._spectral
import time:      8884 |       8884 |                                             scipy.optimize._nonlin
import time:      1576 |      32570 |                                           scipy.optimize._root
import time:       180 |        180 |                                               scipy.optimize._zeros
import time:      5950 |       6129 |                                             scipy.optimize._zeros_py
import time:      1565 |       7694 |                                           scipy.optimize._root_scalar
import time:       495 |        495 |                                           scipy.optimize._nnls
import time:      3715 |       3715 |                                           scipy.optimize._basinhopping
import time:       143 |        143 |                                                 scipy.optimize._highspy
import time:      4472 |       4472 |                                                 scipy.optimize._highspy._core
import time:       372 |        372 |                                                 scipy.optimize._highspy._highs_options
import time:      1450 |       6436 |                                               scipy.optimize._highspy._highs_wrapper
import time:      1534 |       7969 |                                             scipy.optimize._linprog_highs
import time:       100 |        100 |                                                             uarray
import time:       250 |        250 |                                                                 scipy._lib._uarray._uarray
import time:      2313 |       2562 |                                                               scipy._lib._uarray._backend
import time:       174 |       2736 |                                                             scipy._lib._uarray
import time:       267 |       3102 |                                                           scipy._lib.uarray
import time:     10104 |      13205 |                                                         scipy.fft._basic
import time:      4721 |       4721 |                                                         scipy.fft._realtransforms
import time:      1378 |       1378 |                                                           scipy.fft._fftlog_backend
import time:      1399 |       2776 |                                                         scipy.fft._fftlog
import time:       409 |        409 |                                                               scipy.fft._duccfft.pyduccfft
import time:      1834 |       1834 |                                                               scipy.fft._duccfft.helper
import time:      1750 |       3992 |                                                             scipy.fft._duccfft.basic
import time:       891 |        891 |                                                             scipy.fft._duccfft.realtransforms
import time:       199 |       5081 |                                                           scipy.fft._duccfft
import time:      2424 |       7504 |                                                         scipy.fft._helper
import time:      1811 |       1811 |                                                           scipy.fft._basic_backend
import time:       688 |        688 |                                                           scipy.fft._realtransforms_backend
import time:      1627 |       4126 |                                                         scipy.fft._backend
import time:       443 |      32773 |                                                       scipy.fft
import time:       546 |      33318 |                                                     scipy.linalg._decomp_interpolative
import time:      1855 |      35173 |                                                   scipy.linalg.interpolative
import time:      1997 |      37170 |                                                 scipy.optimize._remove_redundancy
import time:      5817 |      42986 |                                               scipy.optimize._linprog_util
import time:       103 |        103 |                                               sksparse
import time:        67 |         67 |                                                 scikits
import time:        16 |         83 |                                               scikits.umfpack
import time:      3461 |      46632 |                                             scipy.optimize._linprog_ip
import time:      1708 |       1708 |                                             scipy.optimize._linprog_simplex
import time:       401 |        401 |                                               scipy.optimize._bglu_dense
import time:      2485 |       2886 |                                             scipy.optimize._linprog_rs
import time:       879 |        879 |                                             scipy.optimize._linprog_doc
import time:      1641 |      61713 |                                           scipy.optimize._linprog
import time:       163 |        163 |                                           scipy.optimize._lsap
import time:      8654 |       8654 |                                           scipy.optimize._differentialevolution
import time:       270 |        270 |                                             scipy.optimize._pava_pybind
import time:       606 |        876 |                                           scipy.optimize._isotonic
import time:       164 |        164 |                                               scipy.optimize._shgo_lib
import time:      2673 |       2673 |                                               scipy.optimize._shgo_lib._vertex
import time:      6387 |       9223 |                                             scipy.optimize._shgo_lib._complex
import time:      6491 |      15714 |                                           scipy.optimize._shgo
import time:      4268 |       4268 |                                           scipy.optimize._dual_annealing
import time:      2496 |       2496 |                                           scipy.optimize._qap
import time:       172 |        172 |                                             scipy.optimize._direct
import time:      1178 |       1349 |                                           scipy.optimize._direct_py
import time:      1385 |       1385 |                                           scipy.optimize._milp
import time:       225 |        225 |                                           scipy.optimize.cobyla
import time:       185 |        185 |                                           scipy.optimize.lbfgsb
import time:       162 |        162 |                                           scipy.optimize.linesearch
import time:       165 |        165 |                                           scipy.optimize.minpack
import time:       155 |        155 |                                           scipy.optimize.minpack2
import time:       138 |        138 |                                           scipy.optimize.moduleTNC
import time:       170 |        170 |                                           scipy.optimize.nonlin
import time:       181 |        181 |                                           scipy.optimize.optimize
import time:       153 |        153 |                                           scipy.optimize.slsqp
import time:       143 |        143 |                                           scipy.optimize.tnc
import time:       143 |        143 |                                           scipy.optimize.zeros
import time:       753 |     212778 |                                         scipy.optimize
import time:      2139 |       2139 |                                               scipy._lib._elementwise_iterative_method
import time:      3509 |       5647 |                                             scipy.optimize._bracket
import time:      3926 |       3926 |                                             scipy.optimize._chandrupatla
import time:      4381 |      13953 |                                           scipy.optimize._elementwise
import time:       159 |      14111 |                                         scipy.optimize.elementwise
import time:      1440 |       1440 |                                             scipy._lib.doccer
import time:      2369 |       2369 |                                             scipy.stats._distr_params
import time:      8937 |       8937 |                                             scipy.integrate._quadrature
import time:       233 |        233 |                                               scipy.integrate._odepack
import time:      1742 |       1975 |                                             scipy.integrate._odepack_py
import time:       242 |        242 |                                               scipy.integrate._quadpack
import time:      6729 |       6970 |                                             scipy.integrate._quadpack_py
import time:       258 |        258 |                                               scipy.integrate._vode
import time:       123 |        123 |                                               scipy.integrate._dop
import time:      5752 |       6132 |                                             scipy.integrate._ode
import time:      6002 |       6002 |                                             scipy.integrate._bvp
import time:      2698 |       2698 |                                                   scipy.integrate._ivp.common
import time:      1292 |       1292 |                                                   scipy.integrate._ivp.base
import time:      2802 |       6791 |                                                 scipy.integrate._ivp.bdf
import time:      2942 |       2942 |                                                 scipy.integrate._ivp.radau
import time:      1415 |       1415 |                                                   scipy.integrate._ivp.dop853_coefficients
import time:      2769 |       4184 |                                                 scipy.integrate._ivp.rk
import time:      1001 |       1001 |                                                 scipy.integrate._ivp.lsoda
import time:      4010 |      18926 |                                               scipy.integrate._ivp.ivp
import time:       250 |      19175 |                                             scipy.integrate._ivp
import time:      4020 |       4020 |                                             scipy.integrate._quad_vec
import time:      9170 |       9170 |                                             scipy.integrate._tanhsinh
import time:      1573 |       1573 |                                                 scipy.integrate._rules._base
import time:      1317 |       1317 |                                                 scipy.integrate._rules._genz_malik
import time:       342 |        342 |                                                   scipy.integrate._rules._gauss_legendre
import time:       664 |       1006 |                                                 scipy.integrate._rules._gauss_kronrod
import time:       316 |       4210 |                                               scipy.integrate._rules
import time:      4491 |       8700 |                                             scipy.integrate._cubature
import time:     40411 |      40411 |                                             scipy.integrate._lebedev
import time:       275 |        275 |                                             scipy.integrate.dop
import time:       184 |        184 |                                             scipy.integrate.lsoda
import time:       177 |        177 |                                             scipy.integrate.vode
import time:       156 |        156 |                                             scipy.integrate.odepack
import time:       164 |        164 |                                             scipy.integrate.quadpack
import time:       721 |        721 |                                             scipy.stats._finite_differences
import time:       247 |        247 |                                             scipy.stats._constants
import time:      1627 |       1627 |                                             scipy.stats._censored_data
import time:     23497 |     142340 |                                           scipy.stats._distn_infrastructure
import time:       262 |        262 |                                                     scipy.interpolate._fitpack
import time:      6179 |       6441 |                                                   scipy.interpolate._fitpack_impl
import time:       281 |        281 |                                                     scipy.interpolate._dierckx
import time:     13628 |      13909 |                                                   scipy.interpolate._bsplines
import time:      4933 |      25281 |                                                 scipy.interpolate._fitpack_py
import time:      4135 |       4135 |                                                 scipy.interpolate._polyint
import time:       409 |        409 |                                                 scipy.interpolate._ppoly
import time:       411 |        411 |                                                 scipy.interpolate._interpnd
import time:     13625 |      43860 |                                               scipy.interpolate._interpolate
import time:     13602 |      13602 |                                               scipy.interpolate._fitpack2
import time:      2092 |       2092 |                                               scipy.interpolate._rbf
import time:       283 |        283 |                                                   scipy.interpolate._rbfinterp_common
import time:       214 |        214 |                                                   scipy.interpolate._rbfinterp_pythran
import time:       679 |       1175 |                                                 scipy.interpolate._rbfinterp_np
import time:      1101 |       1101 |                                                 scipy.interpolate._rbfinterp_xp
import time:      2842 |       5117 |                                               scipy.interpolate._rbfinterp
import time:      6495 |       6495 |                                               scipy.interpolate._cubic
import time:      1034 |       1034 |                                               scipy.interpolate._ndgriddata
import time:      6716 |       6716 |                                               scipy.interpolate._fitpack_repro
import time:       878 |        878 |                                               scipy.interpolate._pade
import time:       343 |        343 |                                                 scipy.interpolate._rgi_cython
import time:      3521 |       3521 |                                                 scipy.interpolate._ndbspline
import time:      4385 |       8249 |                                               scipy.interpolate._rgi
import time:      3064 |       3064 |                                               scipy.interpolate._bary_rational
import time:       282 |        282 |                                               scipy.interpolate.fitpack
import time:       198 |        198 |                                               scipy.interpolate.fitpack2
import time:       181 |        181 |                                               scipy.interpolate.interpolate
import time:       422 |        422 |                                               scipy.interpolate.ndgriddata
import time:       184 |        184 |                                               scipy.interpolate.polyint
import time:       154 |        154 |                                               scipy.interpolate.rbf
import time:       157 |        157 |                                               scipy.interpolate.interpnd
import time:       687 |      93364 |                                             scipy.interpolate
import time:      1108 |       1108 |                                               scipy.special.cython_special
import time:       490 |       1597 |                                             scipy.stats._stats
import time:      1009 |       1009 |                                             scipy.stats._tukeylambda_stats
import time:      3394 |       3394 |                                             scipy.stats._ksstats
import time:    121899 |     221261 |                                           scipy.stats._continuous_distns
import time:       379 |        379 |                                             scipy.stats._biasedurn
import time:     20237 |      20616 |                                           scipy.stats._discrete_distns
import time:       320 |        320 |                                             scipy.stats._levy_stable.levyst
import time:      8250 |       8570 |                                           scipy.stats._levy_stable
import time:      4874 |       4874 |                                             scipy.stats._axis_nan_policy
import time:      3809 |       8682 |                                           scipy.stats._entropy
import time:       436 |     401902 |                                         scipy.stats.distributions
import time:      1111 |       1111 |                                           scipy._lib._bunch
import time:       217 |        217 |                                           scipy.stats._stats_pythran
import time:       908 |        908 |                                           scipy.stats._stats_mstats_common
import time:     15478 |      17712 |                                         scipy.stats._mstats_basic
import time:       400 |        400 |                                           scipy.stats._common
import time:     18059 |      18459 |                                         scipy.stats._resampling
import time:      2785 |       2785 |                                         scipy.stats._binomtest
import time:      5515 |       5515 |                                         scipy.stats._quantile
import time:    100001 |     835703 |                                       scipy.stats._stats_py
import time:      1619 |       1619 |                                       scipy.stats._variation
import time:       341 |        341 |                                         scipy.stats._ansari_swilk_statistics
import time:     14750 |      14750 |                                           scipy.stats._hypotests
import time:      2450 |      17200 |                                         scipy.stats._wilcoxon
import time:      9339 |       9339 |                                         scipy.stats._fit
import time:      1175 |       1175 |                                           scipy.stats._relative_risk
import time:       974 |        974 |                                           scipy.stats._crosstab
import time:      1734 |       1734 |                                           scipy.stats._odds_ratio
import time:      3280 |       7161 |                                         scipy.stats.contingency
import time:     40254 |      74293 |                                       scipy.stats._morestats
import time:      1937 |       1937 |                                             scipy.sparse.csgraph._laplacian
import time:       348 |        348 |                                                 scipy.sparse.csgraph._tools
import time:       648 |        996 |                                               scipy.sparse.csgraph._validation
import time:       560 |       1555 |                                             scipy.sparse.csgraph._shortest_path
import time:       350 |        350 |                                             scipy.sparse.csgraph._traversal
import time:       221 |        221 |                                             scipy.sparse.csgraph._min_spanning_tree
import time:       300 |        300 |                                             scipy.sparse.csgraph._flow
import time:       278 |        278 |                                             scipy.sparse.csgraph._matching
import time:       248 |        248 |                                             scipy.sparse.csgraph._reordering
import time:       465 |       5351 |                                           scipy.sparse.csgraph
import time:       238 |        238 |                                           scipy.stats._sobol
import time:       207 |        207 |                                           scipy.stats._qmc_cy
import time:      9942 |      15737 |                                         scipy.stats._qmc
import time:      3356 |      19093 |                                       scipy.stats._multicomp
import time:      5526 |       5526 |                                       scipy.stats._binned_statistic
import time:      2144 |       2144 |                                           scipy.stats._covariance
import time:       305 |        305 |                                             scipy.stats._rcont.rcont
import time:       199 |        503 |                                           scipy.stats._rcont
import time:       332 |        332 |                                             scipy.stats._qmvnt_cy
import time:      2470 |       2802 |                                           scipy.stats._qmvnt
import time:     30918 |      36365 |                                         scipy.stats._multivariate
import time:      2599 |      38964 |                                       scipy.stats._kde
import time:      2408 |       2408 |                                         scipy.stats._mstats_extras
import time:       319 |       2726 |                                       scipy.stats.mstats
import time:       238 |        238 |                                       scipy.stats.qmc
import time:      2924 |       2924 |                                       scipy.stats._page_trend_test
import time:      4753 |       4753 |                                       scipy.stats._mannwhitneyu
import time:      1769 |       1769 |                                       scipy.stats._bws_test
import time:      4126 |       4126 |                                       scipy.stats._sensitivity_analysis
import time:      4427 |       4427 |                                       scipy.stats._survival
import time:      1243 |       1243 |                                         scipy.stats._probability_distribution
import time:     36278 |      37520 |                                       scipy.stats._distribution_infrastructure
import time:     19245 |      19245 |                                       scipy.stats._new_distributions
import time:      1056 |       1056 |                                                 scipy.ndimage._ni_support
import time:       204 |        204 |                                                 scipy.ndimage._nd_image
import time:       502 |        502 |                                                 scipy.ndimage._ni_docstrings
import time:       146 |        146 |                                                 scipy.ndimage._rank_filter_1d
import time:      9891 |      11797 |                                               scipy.ndimage._filters
import time:      1001 |       1001 |                                               scipy.ndimage._fourier
import time:      3920 |       3920 |                                               scipy.ndimage._interpolation
import time:       374 |        374 |                                                 scipy.ndimage._ni_label
import time:      5814 |       5814 |                                                 scipy.ndimage._morphology
import time:      4304 |      10491 |                                               scipy.ndimage._measurements
import time:       289 |      27496 |                                             scipy.ndimage._ndimage_api
import time:      1790 |       1790 |                                             scipy.ndimage._delegators
import time:     33471 |      62756 |                                           scipy.ndimage._support_alternative_backends
import time:       316 |        316 |                                           scipy.ndimage.filters
import time:       194 |        194 |                                           scipy.ndimage.fourier
import time:       177 |        177 |                                           scipy.ndimage.interpolation
import time:       186 |        186 |                                           scipy.ndimage.measurements
import time:       181 |        181 |                                           scipy.ndimage.morphology
import time:       435 |      64241 |                                         scipy.ndimage
import time:      2857 |      67097 |                                       scipy.stats._mgc
import time:      7202 |       7202 |                                       scipy.stats._correlation
import time:       273 |        273 |                                       scipy.stats.biasedurn
import time:       196 |        196 |                                       scipy.stats.kde
import time:       218 |        218 |                                       scipy.stats.morestats
import time:       270 |        270 |                                       scipy.stats.mstats_basic
import time:       176 |        176 |                                       scipy.stats.mstats_extras
import time:       166 |        166 |                                       scipy.stats.mvn
import time:       275 |        275 |                                       scipy.stats.stats
import time:      1053 |    1130341 |                                     scipy.stats
import time:       114 |        114 |                                       sklearn.externals._packaging
import time:       631 |        631 |                                       sklearn.externals._packaging._structures
import time:      4574 |       5318 |                                     sklearn.externals._packaging.version
import time:      6576 |       6576 |                                       threadpoolctl
import time:      1167 |       7743 |                                     sklearn.utils.parallel
import time:      3346 |    1214083 |                                   sklearn.utils.fixes
import time:      6556 |    1390298 |                                 sklearn.utils._array_api
import time:       336 |        336 |                                   sklearn._cyutility
import time:       596 |        931 |                                 sklearn.utils._isfinite
import time:      3402 |       3402 |                                 sklearn.utils._tags
import time:     10226 |    1649279 |                               sklearn.utils.validation
import time:      5041 |    1956078 |                             sklearn.utils._param_validation
import time:       787 |    1956864 |                           sklearn.utils._chunking
import time:       817 |        817 |                               sklearn.utils.deprecation
import time:       541 |        541 |                                 sklearn.utils.sparsefuncs_fast
import time:      2628 |       3168 |                               sklearn.utils.sparsefuncs
import time:      4539 |       8522 |                             sklearn.utils.extmath
import time:      3029 |      11550 |                           sklearn.utils._indexing
import time:       266 |        266 |                             sklearn.utils._missing
import time:       269 |        269 |                             sklearn.utils._sparse
import time:       764 |       1298 |                           sklearn.utils._mask
import time:       108 |        108 |                             sklearn.utils._repr_html
import time:       747 |        855 |                           sklearn.utils._repr_html.base
import time:       335 |        335 |                             sklearn.utils._repr_html.features
import time:      2666 |       3001 |                           sklearn.utils._repr_html.estimator
import time:      1179 |       1179 |                           sklearn.utils.class_weight
import time:      1322 |       1322 |                           sklearn.utils.discovery
import time:       318 |        318 |                           sklearn.utils.murmurhash
import time:       473 |    1983680 |                         sklearn.utils
import time:        28 |    1983707 |                       sklearn.utils._metadata_requests
import time:        79 |         79 |                           sklearn.externals._numpydoc
import time:      5486 |       5486 |                           sklearn.externals._numpydoc.docscrape
import time:       548 |       6112 |                         sklearn.utils._repr_html.common
import time:       802 |       6914 |                       sklearn.utils._repr_html.fitted_attributes
import time:       671 |        671 |                       sklearn.utils._repr_html.params
import time:       566 |        566 |                         sklearn.utils._available_if
import time:      2133 |       2698 |                       sklearn.utils._set_output
import time:      4334 |    1999180 |                     sklearn.base
import time:       405 |        405 |                       sklearn.utils._openmp_helpers
import time:       615 |       1020 |                     sklearn.utils._show_versions
import time:       756 |    2002499 |                   sklearn
import time:       522 |        522 |                       sklearn.callback._base
import time:      1919 |       1919 |                       sklearn.callback._callback_context
import time:       765 |        765 |                       sklearn.callback._callback_support
import time:       935 |        935 |                         sklearn.callback._transport
import time:       302 |        302 |                         sklearn.utils._optional_dependencies
import time:      1876 |       3112 |                       sklearn.callback._progressbar
import time:      1918 |       1918 |                       sklearn.callback._scoring_monitor
import time:       344 |       8577 |                     sklearn.callback
import time:      2370 |       2370 |                       sklearn.utils._encode
import time:      6769 |       9139 |                     sklearn.preprocessing._encoders
import time:     11529 |      29244 |                   sklearn.preprocessing._data
import time:       982 |        982 |                     sklearn.utils.stats
import time:      2281 |       3263 |                   sklearn.preprocessing._discretization
import time:      1125 |       1125 |                     sklearn.utils.metaestimators
import time:      1814 |       2938 |                   sklearn.preprocessing._function_transformer
import time:       593 |        593 |                       sklearn.utils._unique
import time:      2897 |       3489 |                     sklearn.utils.multiclass
import time:      4501 |       7990 |                   sklearn.preprocessing._label
import time:       384 |        384 |                     sklearn.preprocessing._csr_polynomial_expansion
import time:      5558 |       5941 |                   sklearn.preprocessing._polynomial
import time:       393 |        393 |                     sklearn.preprocessing._target_encoder_fast
import time:      2476 |       2869 |                   sklearn.preprocessing._target_encoder
import time:       382 |    2055122 |                 sklearn.preprocessing
import time:       153 |        153 |                   mteb._hf_integration
import time:      9175 |       9175 |                   annotated_types
import time:      3175 |       3175 |                   pydantic._internal._validators
import time:     15553 |      15553 |                   pydantic.types
import time:     12551 |      40605 |                 mteb._hf_integration.eval_model
import time:       722 |        722 |                 mteb._hf_integration.hf_hub_utils
import time:       313 |        313 |                 mteb._set_seed
import time:     15354 |      15354 |                     mteb.languages.iso_mappings
import time:       228 |        228 |                     mteb.languages.programming_languages
import time:       360 |      15941 |                   mteb.languages.check_language_code
import time:      1064 |       1064 |                   mteb.languages.language_scripts
import time:       197 |      17201 |                 mteb.languages
import time:       439 |        439 |                     mteb.models.cache_wrappers.cache_backend_protocol
import time:      1989 |       1989 |                       mteb._create_dataloaders
import time:       571 |        571 |                             mteb._requires_package
import time:       288 |        288 |                             mteb.models.cache_wrappers.cache_backends._hash_utils
import time:      1113 |       1972 |                           mteb.models.cache_wrappers.cache_backends.faiss_cache
import time:      1760 |       1760 |                           mteb.models.cache_wrappers.cache_backends.numpy_cache
import time:       195 |       3926 |                         mteb.models.cache_wrappers.cache_backends
import time:        60 |       3986 |                       mteb.models.cache_wrappers.cache_backends.numpy_cache
import time:      1123 |       7096 |                     mteb.models.cache_wrappers.cache_wrapper
import time:       192 |       7725 |                   mteb.models.cache_wrappers
import time:      1262 |       1262 |                     mteb.models.compression_wrappers.compression_wrapper
import time:       193 |       1454 |                   mteb.models.compression_wrappers
import time:      4851 |       4851 |                               packaging._ranges
import time:      1210 |       1210 |                                     packaging._elffile
import time:      1856 |       3065 |                                   packaging._manylinux
import time:       938 |        938 |                                   packaging._musllinux
import time:      5586 |       9589 |                                 packaging.tags
import time:      1743 |      11332 |                               packaging.utils
import time:      7529 |      23711 |                             packaging.specifiers
import time:      4605 |      28315 |                           packaging._tokenizer
import time:      2806 |      31121 |                         packaging._parser
import time:      3254 |       3254 |                         packaging.markers
import time:      1277 |      35651 |                       packaging.requirements
import time:       466 |        466 |                                   transformers.dependency_versions_table
import time:      1000 |       1000 |                                               regex._regex
import time:     35042 |      36041 |                                             regex._regex_core
import time:        57 |         57 |                                             regex.DEFAULT_VERSION
import time:      3546 |      39643 |                                           regex._main
import time:       296 |      39938 |                                         regex
import time:      2790 |       2790 |                                         transformers.utils.doc
import time:      1085 |       1085 |                                             transformers.utils._typing
import time:      1780 |       2864 |                                           transformers.utils.logging
import time:   1302249 |    1302249 |                                           transformers.utils.import_utils
import time:       487 |        487 |                                                 safetensors._safetensors_rust
import time:       259 |        745 |                                               safetensors
import time:      3207 |       3952 |                                             safetensors.torch
import time:       776 |        776 |                                                         torch.distributed._functional_collectives_impl
import time:      3724 |       3724 |                                                         torch.utils._cxx_pytree
import time:      7055 |      11554 |                                                       torch.distributed._functional_collectives
import time:     59183 |      59183 |                                                       torch.distributed.tensor._collective_utils
import time:      4975 |      75712 |                                                     torch.distributed.tensor.placement_types
import time:      2209 |      77920 |                                                   torch.distributed.tensor._dtensor_spec
import time:      3781 |       3781 |                                                     torch.utils._cxx_pytree
import time:      5767 |       9547 |                                                   torch.distributed.tensor._op_schema
import time:      2293 |       2293 |                                                         torch.distributed.tensor._random
import time:       195 |        195 |                                                           torch.distributed.tensor.device_mesh
import time:      2251 |       2445 |                                                         torch.distributed.tensor._redistribute
import time:      2002 |       2002 |                                                           torch.distributed.tensor._utils
import time:      3431 |       5432 |                                                         torch.distributed.tensor._sharding_prop
import time:      1974 |       1974 |                                                         torch.distributed.tensor._tp_conv
import time:      3721 |       3721 |                                                         torch.utils._cxx_pytree
import time:      3231 |      19094 |                                                       torch.distributed.tensor._dispatch
import time:      5154 |      24247 |                                                     torch.distributed.tensor._api
import time:      2389 |      26636 |                                                   torch.distributed.tensor._ops.utils
import time:       785 |     114887 |                                                 torch.distributed.tensor._ops._conv_ops
import time:      2658 |       2658 |                                                 torch.distributed.tensor._ops._embedding_ops
import time:      8258 |       8258 |                                                 torch.distributed.tensor._ops._math_ops
import time:      1632 |       1632 |                                                   torch.distributed.tensor._ops._einsum_strategy
import time:      4950 |       6582 |                                                 torch.distributed.tensor._ops._matrix_ops
import time:      7260 |       7260 |                                                 torch.distributed.tensor._ops._pointwise_ops
import time:       469 |        469 |                                                 torch.distributed.tensor._ops._random_ops
import time:      1854 |       1854 |                                                   torch.distributed.tensor._ops._common_rules
import time:      6779 |       8633 |                                                 torch.distributed.tensor._ops._tensor_ops
import time:      7248 |       7248 |                                                 torch.distributed.tensor._ops._view_ops
import time:       374 |     156365 |                                               torch.distributed.tensor._ops
import time:       452 |     156817 |                                             torch.distributed.tensor
import time:      3022 |     163789 |                                           transformers.model_debugging_utils
import time:      7064 |    1475964 |                                         transformers.utils.generic
import time:     14961 |    1533651 |                                       transformers.utils.auto_docstring
import time:      2147 |       2147 |                                           jinja2.bccache
import time:       271 |        271 |                                               markupsafe._speedups
import time:      2922 |       3193 |                                             markupsafe
import time:      5206 |       5206 |                                               jinja2.utils
import time:      8617 |      13822 |                                             jinja2.nodes
import time:      1334 |       1334 |                                               jinja2.exceptions
import time:       792 |        792 |                                                 jinja2.visitor
import time:      2807 |       3598 |                                               jinja2.idtracking
import time:       449 |        449 |                                               jinja2.optimizer
import time:     14239 |      19619 |                                             jinja2.compiler
import time:      1116 |       1116 |                                                 jinja2.async_utils
import time:      6305 |       6305 |                                                 jinja2.runtime
import time:      8476 |      15896 |                                               jinja2.filters
import time:      1292 |       1292 |                                               jinja2.tests
import time:       400 |      17586 |                                             jinja2.defaults
import time:       851 |        851 |                                               jinja2._identifier
import time:      5929 |       6779 |                                             jinja2.lexer
import time:      7534 |       7534 |                                             jinja2.parser
import time:      8900 |      77430 |                                           jinja2.environment
import time:      4021 |       4021 |                                           jinja2.loaders
import time:       417 |      84014 |                                         jinja2
import time:      5707 |       5707 |                                         jinja2.ext
import time:      2427 |       2427 |                                         jinja2.sandbox
import time:       207 |        207 |                                             PIL._version
import time:       386 |        592 |                                           PIL
import time:      4305 |       4305 |                                           PIL.ExifTags
import time:       964 |        964 |                                           PIL.ImageMode
import time:      3119 |       3119 |                                           PIL.TiffTags
import time:       600 |        600 |                                           PIL._binary
import time:       529 |        529 |                                           PIL._deprecate
import time:       331 |        331 |                                           PIL._util
import time:        84 |         84 |                                                 xml.parsers
import time:       112 |        196 |                                               xml.parsers.expat
import time:       258 |        453 |                                             defusedxml.common
import time:       195 |        647 |                                           defusedxml
import time:         4 |          4 |                                             _elementtree
import time:       710 |        714 |                                           defusedxml.ElementTree
import time:      1015 |       1015 |                                           PIL._imaging
import time:     23704 |      36516 |                                         PIL.Image
import time:      4348 |     133010 |                                       transformers.utils.chat_template_utils
import time:       245 |        245 |                                       transformers.utils.constants
import time:      2178 |       2178 |                                         huggingface_hub.utils._xet_progress_reporting
import time:      9370 |      11547 |                                       transformers.utils.hub
import time:      1302 |       1302 |                                       transformers.utils.kernel_config
import time:       523 |        523 |                                       transformers.utils.peft_utils
import time:      1086 |    1681362 |                                     transformers.utils
import time:       777 |    1682138 |                                   transformers.utils.versions
import time:      7018 |    1689621 |                                 transformers.dependency_versions_check
import time:    364610 |    2054231 |                               transformers
import time:       363 |        363 |                                 filecmp
import time:      3917 |       4280 |                               transformers.dynamic_module_utils
import time:       724 |        724 |                                 transformers.generation
import time:     14391 |      14391 |                                 transformers.generation.logits_process
import time:      7897 |      23011 |                               transformers.generation.configuration_utils
import time:      2030 |       2030 |                                 transformers.integrations
import time:      1524 |       1524 |                                   tokenizers.tokenizers
import time:       234 |        234 |                                       tokenizers.decoders
import time:       145 |        145 |                                       tokenizers.models
import time:       273 |        273 |                                       tokenizers.normalizers
import time:       172 |        172 |                                       tokenizers.pre_tokenizers
import time:       135 |        135 |                                       tokenizers.processors
import time:      1979 |       2935 |                                     tokenizers.implementations.base_tokenizer
import time:      1193 |       1193 |                                     tokenizers.implementations.bert_wordpiece
import time:      1006 |       1006 |                                     tokenizers.implementations.byte_level_bpe
import time:      1012 |       1012 |                                     tokenizers.implementations.char_level_bpe
import time:       852 |        852 |                                     tokenizers.implementations.sentencepiece_bpe
import time:      1194 |       1194 |                                     tokenizers.implementations.sentencepiece_unigram
import time:       278 |       8466 |                                   tokenizers.implementations
import time:       999 |      10988 |                                 tokenizers
import time:        80 |         80 |                                           jmespath.compat
import time:       289 |        369 |                                         jmespath.exceptions
import time:       158 |        526 |                                       jmespath.lexer
import time:       110 |        110 |                                       jmespath.ast
import time:       316 |        316 |                                         jmespath.functions
import time:       244 |        560 |                                       jmespath.visitor
import time:       372 |       1566 |                                     jmespath.parser
import time:       189 |       1754 |                                   jmespath
import time:      1824 |       3577 |                                 transformers.utils.chat_parsing_utils
import time:     14615 |      14615 |                                 transformers.convert_slow_tokenizer
import time:     27272 |      58480 |                               transformers.modeling_gguf_pytorch_utils
import time:      5274 |       5274 |                               transformers.modeling_rope_utils
import time:      7426 |    2152699 |                             transformers.configuration_utils
import time:      1642 |       1642 |                             sentence_transformers.backend.utils
import time:       886 |    2155227 |                           sentence_transformers.backend.load
import time:       552 |        552 |                           sentence_transformers.backend.optimize
import time:      1127 |       1127 |                               sentence_transformers.util.decorators
import time:       879 |        879 |                                 sentence_transformers.util.environment
import time:       425 |       1303 |                               sentence_transformers.util.distributed
import time:      1293 |       1293 |                               sentence_transformers.util.file_io
import time:      5212 |       5212 |                               sentence_transformers.util.hard_negatives
import time:       616 |        616 |                               sentence_transformers.util.logging
import time:      1170 |       1170 |                               sentence_transformers.util.misc
import time:      2252 |       2252 |                               sentence_transformers.util.quantization
import time:       686 |        686 |                                       sklearn.metrics.cluster._bicluster
import time:       384 |        384 |                                         sklearn.metrics.cluster._expected_mutual_info_fast
import time:      3054 |       3437 |                                       sklearn.metrics.cluster._supervised
import time:       776 |        776 |                                               sklearn.metrics._dist_metrics
import time:       319 |        319 |                                                   sklearn.metrics._pairwise_distances_reduction._datasets_pair
import time:       559 |        559 |                                                   sklearn.utils._cython_blas
import time:       319 |       1195 |                                                 sklearn.metrics._pairwise_distances_reduction._base
import time:       350 |        350 |                                                 sklearn.metrics._pairwise_distances_reduction._middle_term_computer
import time:       132 |        132 |                                                 sklearn.utils._heap
import time:       181 |        181 |                                                 sklearn.utils._sorting
import time:       391 |       2247 |                                               sklearn.metrics._pairwise_distances_reduction._argkmin
import time:       270 |        270 |                                               sklearn.metrics._pairwise_distances_reduction._argkmin_classmode
import time:       225 |        225 |                                                 sklearn.utils._vector_sentinel
import time:       332 |        556 |                                               sklearn.metrics._pairwise_distances_reduction._radius_neighbors
import time:       287 |        287 |                                               sklearn.metrics._pairwise_distances_reduction._radius_neighbors_classmode
import time:      1902 |       6035 |                                             sklearn.metrics._pairwise_distances_reduction._dispatcher
import time:       279 |       6313 |                                           sklearn.metrics._pairwise_distances_reduction
import time:       270 |        270 |                                           sklearn.metrics._pairwise_fast
import time:      7938 |      14520 |                                         sklearn.metrics.pairwise
import time:      2050 |      16570 |                                       sklearn.metrics.cluster._unsupervised
import time:       300 |      20992 |                                     sklearn.metrics.cluster
import time:     11183 |      11183 |                                     sklearn.metrics._classification
import time:       176 |        176 |                                       sklearn.metrics._plot
import time:       871 |        871 |                                         sklearn.utils._response
import time:      2473 |       3344 |                                       sklearn.utils._plotting
import time:      1294 |       4813 |                                     sklearn.metrics._plot.confusion_matrix
import time:      1054 |       1054 |                                         sklearn.metrics._base
import time:      7749 |       8803 |                                       sklearn.metrics._ranking
import time:       958 |       9761 |                                     sklearn.metrics._plot.det_curve
import time:      1946 |       1946 |                                     sklearn.metrics._plot.precision_recall_curve
import time:      1160 |       1160 |                                     sklearn.metrics._plot.regression
import time:      1533 |       1533 |                                     sklearn.metrics._plot.roc_curve
import time:      4686 |       4686 |                                     sklearn.metrics._regression
import time:      6967 |       6967 |                                     sklearn.metrics._scorer
import time:       695 |      63731 |                                   sklearn.metrics
import time:      1367 |       1367 |                                   sentence_transformers.util.tensor
import time:      2005 |      67102 |                                 sentence_transformers.util.similarity
import time:      2189 |      69290 |                               sentence_transformers.util.retrieval
import time:       506 |      82766 |                             sentence_transformers.util
import time:      1086 |      83851 |                           sentence_transformers.backend.quantize
import time:       244 |    2239872 |                         sentence_transformers.backend
import time:      1762 |       1762 |                             sentence_transformers.base.data_collator
import time:      1657 |       1657 |                               huggingface_hub.serialization._base
import time:      5804 |       5804 |                               huggingface_hub.serialization._torch
import time:      1926 |       1926 |                               transformers.initialization
import time:     14839 |      14839 |                                     transformers.utils.quantization_config
import time:      3869 |       3869 |                                     transformers.integrations.deepspeed
import time:       592 |        592 |                                     transformers.integrations.fsdp
import time:       625 |        625 |                                                 accelerate.utils.constants
import time:      2934 |       2934 |                                                 accelerate.utils.environment
import time:      1303 |       1303 |                                                   accelerate.utils.versions
import time:        89 |         89 |                                                       torch_xla
import time:        15 |        104 |                                                     torch_xla.core
import time:        23 |        126 |                                                   torch_xla.core.xla_model
import time:      2769 |       4197 |                                                 accelerate.utils.imports
import time:     28626 |      36379 |                                               accelerate.utils.dataclasses
import time:      2886 |      39265 |                                             accelerate.parallelism_config
import time:       661 |        661 |                                             accelerate.utils.ao
import time:      6689 |       6689 |                                               accelerate.state
import time:       999 |        999 |                                               accelerate.utils.memory
import time:      1710 |       1710 |                                               accelerate.utils.offload
import time:      1549 |       1549 |                                               accelerate.utils.tqdm
import time:     13689 |      24635 |                                             accelerate.utils.modeling
import time:      5048 |       5048 |                                             accelerate.utils.operations
import time:       165 |        165 |                                                         accelerate.commands
import time:      4930 |       4930 |                                                             accelerate.commands.config.config_args
import time:       576 |        576 |                                                                   accelerate.commands.menu.cursor
import time:       819 |        819 |                                                                     accelerate.commands.menu.keymap
import time:       595 |       1413 |                                                                   accelerate.commands.menu.input
import time:       584 |        584 |                                                                   accelerate.commands.menu.helpers
import time:       163 |        163 |                                                                   google
import time:      2506 |       5241 |                                                                 accelerate.commands.menu.selection_menu
import time:       160 |       5400 |                                                               accelerate.commands.menu
import time:       801 |       6201 |                                                             accelerate.commands.config.config_utils
import time:      3573 |      14702 |                                                           accelerate.commands.config.cluster
import time:       535 |        535 |                                                                     botocore
import time:        92 |         92 |                                                                     botocore.vendored
import time:       471 |        471 |                                                                                 botocore.vendored.requests.packages.urllib3.exceptions
import time:       115 |        585 |                                                                               botocore.vendored.requests.packages.urllib3
import time:        89 |        674 |                                                                             botocore.vendored.requests.packages
import time:        12 |        686 |                                                                           botocore.vendored.requests.packages.urllib3
import time:        15 |        700 |                                                                         botocore.vendored.requests.packages.urllib3.exceptions
import time:       490 |       1189 |                                                                       botocore.vendored.requests.exceptions
import time:       115 |       1304 |                                                                     botocore.vendored.requests
import time:      1376 |       3305 |                                                                   botocore.exceptions
import time:       265 |       3570 |                                                                 boto3.exceptions
import time:       772 |        772 |                                                                       botocore.vendored.six
import time:        86 |         86 |                                                                         awscrt
import time:        23 |        109 |                                                                       awscrt.auth
import time:      1681 |       2561 |                                                                     botocore.compat
import time:       271 |        271 |                                                                         multiprocessing.shared_memory
import time:      2306 |       2576 |                                                                       multiprocessing.managers
import time:       222 |       2798 |                                                                     s3transfer.compat
import time:       262 |        262 |                                                                     s3transfer.exceptions
import time:       728 |       6347 |                                                                   s3transfer
import time:       298 |        298 |                                                                   s3transfer.bandwidth
import time:       124 |        124 |                                                                   s3transfer.constants
import time:       506 |        506 |                                                                                 botocore.awsrequest
import time:       106 |        106 |                                                                                       OpenSSL
import time:        44 |        149 |                                                                                     OpenSSL.SSL
import time:      3442 |       3591 |                                                                                   urllib3.contrib.pyopenssl
import time:       539 |       4129 |                                                                                 botocore.httpsession
import time:       488 |        488 |                                                                                 botocore.plugin
import time:      2168 |       7290 |                                                                               botocore.utils
import time:       637 |       7927 |                                                                             botocore.auth
import time:       892 |       8819 |                                                                           botocore.model
import time:       494 |        494 |                                                                               botocore.eventstream
import time:       702 |       1195 |                                                                             botocore.parsers
import time:       418 |        418 |                                                                             botocore.hooks
import time:       268 |       1881 |                                                                           botocore.response
import time:       469 |        469 |                                                                             botocore.context
import time:        45 |         45 |                                                                               botocore.customizations
import time:        26 |         70 |                                                                             botocore.customizations.useragent
import time:       592 |       1130 |                                                                           botocore.useragent
import time:       415 |      12244 |                                                                         botocore.httpchecksum
import time:       524 |      12767 |                                                                       s3transfer.utils
import time:       205 |      12972 |                                                                     s3transfer.tasks
import time:       295 |      13267 |                                                                   s3transfer.copies
import time:       199 |        199 |                                                                   s3transfer.delete
import time:       505 |        505 |                                                                     s3transfer.futures
import time:       690 |       1195 |                                                                   s3transfer.download
import time:       467 |        467 |                                                                   s3transfer.upload
import time:       526 |      22417 |                                                                 s3transfer.manager
import time:       165 |      26151 |                                                               boto3.compat
import time:        83 |         83 |                                                                               botocore.docs.bcdoc
import time:       501 |        501 |                                                                                   _markupbase
import time:      1281 |       1781 |                                                                                 html.parser
import time:       289 |       2069 |                                                                               botocore.docs.bcdoc.docstringparser
import time:       304 |        304 |                                                                               botocore.docs.bcdoc.style
import time:       395 |       2850 |                                                                             botocore.docs.bcdoc.restdoc
import time:       124 |        124 |                                                                                 botocore.docs.shape
import time:       496 |        496 |                                                                                 botocore.docs.utils
import time:       202 |        821 |                                                                               botocore.docs.example
import time:       220 |        220 |                                                                                 botocore.docs.params
import time:       170 |        390 |                                                                               botocore.docs.method
import time:       162 |        162 |                                                                               botocore.docs.sharedexample
import time:       317 |       1688 |                                                                             botocore.docs.client
import time:       150 |        150 |                                                                             botocore.docs.paginator
import time:       132 |        132 |                                                                             botocore.docs.waiter
import time:       210 |       5028 |                                                                           botocore.docs.service
import time:       118 |       5146 |                                                                         botocore.docs
import time:       167 |       5312 |                                                                       botocore.docs.docstring
import time:       316 |       5627 |                                                                     botocore.waiter
import time:       261 |        261 |                                                                         botocore.validate
import time:       776 |       1036 |                                                                       botocore.serialize
import time:       131 |        131 |                                                                           botocore.history
import time:       239 |        369 |                                                                         botocore.endpoint
import time:       178 |        546 |                                                                       botocore.config
import time:       107 |        107 |                                                                         botocore.crt
import time:       942 |        942 |                                                                         botocore.endpoint_provider
import time:       620 |       1668 |                                                                       botocore.regions
import time:       588 |        588 |                                                                         botocore.tokens
import time:       323 |        911 |                                                                       botocore.signers
import time:       375 |       4534 |                                                                     botocore.args
import time:       172 |        172 |                                                                     botocore.compress
import time:       310 |        310 |                                                                       getpass
import time:       133 |        133 |                                                                       botocore.configloader
import time:      1284 |       1727 |                                                                     botocore.credentials
import time:       299 |        299 |                                                                     botocore.discovery
import time:       435 |        435 |                                                                     botocore.paginate
import time:       120 |        120 |                                                                     botocore.retries
import time:       140 |        140 |                                                                       botocore.retries.bucket
import time:        36 |         36 |                                                                             botocore.customizations
import time:        22 |         58 |                                                                           botocore.customizations.retries
import time:       569 |        627 |                                                                         botocore.configprovider
import time:       124 |        124 |                                                                         botocore.retries.quota
import time:        98 |         98 |                                                                           botocore.retries.base
import time:       152 |        250 |                                                                         botocore.retries.special
import time:       439 |       1438 |                                                                       botocore.retries.standard
import time:       244 |        244 |                                                                       botocore.retries.throttling
import time:       223 |       2043 |                                                                     botocore.retries.adaptive
import time:      1421 |      16373 |                                                                   botocore.client
import time:       394 |        394 |                                                                     botocore.retryhandler
import time:       104 |        104 |                                                                     botocore.translate
import time:      1315 |       1812 |                                                                   botocore.handlers
import time:       645 |        645 |                                                                   botocore.monitoring
import time:       202 |        202 |                                                                   botocore.errorfactory
import time:       303 |        303 |                                                                   botocore.loaders
import time:       539 |      19871 |                                                                 botocore.session
import time:       280 |        280 |                                                                 boto3.utils
import time:       143 |        143 |                                                                   boto3.resources
import time:        95 |         95 |                                                                       boto3.docs.client
import time:       125 |        125 |                                                                           boto3.docs.base
import time:       181 |        181 |                                                                           boto3.docs.method
import time:        99 |         99 |                                                                           boto3.docs.utils
import time:       150 |        553 |                                                                         boto3.docs.action
import time:       103 |        103 |                                                                         boto3.docs.attr
import time:       138 |        138 |                                                                         boto3.docs.collection
import time:       114 |        114 |                                                                         boto3.docs.subresource
import time:       108 |        108 |                                                                         boto3.docs.waiter
import time:       233 |       1247 |                                                                       boto3.docs.resource
import time:       224 |       1565 |                                                                     boto3.docs.service
import time:       146 |       1710 |                                                                   boto3.docs
import time:       234 |        234 |                                                                   boto3.docs.docstring
import time:       294 |        294 |                                                                     boto3.resources.model
import time:       195 |        195 |                                                                     boto3.resources.params
import time:       150 |        150 |                                                                     boto3.resources.response
import time:       243 |        881 |                                                                   boto3.resources.action
import time:       174 |        174 |                                                                   boto3.resources.base
import time:       914 |        914 |                                                                   boto3.resources.collection
import time:       342 |       4397 |                                                                 boto3.resources.factory
import time:       250 |      24795 |                                                               boto3.session
import time:       207 |      51152 |                                                             boto3
import time:      1905 |      53056 |                                                           accelerate.commands.config.sagemaker
import time:       540 |      68298 |                                                         accelerate.commands.config.config
import time:      1047 |       1047 |                                                         accelerate.commands.config.default
import time:       398 |        398 |                                                         accelerate.commands.config.update
import time:       449 |      70355 |                                                       accelerate.commands.config
import time:        40 |      70395 |                                                     accelerate.commands.config.default
import time:       703 |        703 |                                                     accelerate.logging
import time:      1299 |       1299 |                                                     accelerate.utils.transformer_engine
import time:      3843 |      76238 |                                                   accelerate.utils.other
import time:      4255 |      80492 |                                                 accelerate.hooks
import time:      3740 |      84232 |                                               accelerate.big_modeling
import time:      2558 |      86789 |                                             accelerate.utils.bnb
import time:      5736 |       5736 |                                             accelerate.utils.fsdp_utils
import time:      5464 |       5464 |                                             accelerate.utils.launch
import time:      1553 |       1553 |                                               accelerate.optimizer
import time:       688 |        688 |                                               accelerate.scheduler
import time:      7912 |      10152 |                                             accelerate.utils.megatron_lm
import time:      1168 |       1168 |                                             accelerate.utils.random
import time:       356 |        356 |                                             accelerate.utils.torch_xla
import time:      1038 |     180307 |                                           accelerate.utils
import time:        47 |     180353 |                                         accelerate.utils.dataclasses
import time:      3453 |       3453 |                                         accelerate.checkpointing
import time:      7748 |       7748 |                                         accelerate.data_loader
import time:      7817 |       7817 |                                         accelerate.tracking
import time:     20262 |     219632 |                                       accelerate.accelerator
import time:      1253 |       1253 |                                       accelerate.inference
import time:      1443 |       1443 |                                       accelerate.launchers
import time:       966 |     223293 |                                     accelerate
import time:      5518 |     248108 |                                   transformers.integrations.accelerate
import time:       345 |        345 |                                     transformers.distributed
import time:     10010 |      10354 |                                   transformers.integrations.tensor_parallel
import time:      2592 |       2592 |                                   transformers.utils.loading_report
import time:     10447 |     271500 |                                 transformers.core_model_loading
import time:      2181 |     273681 |                               transformers.conversion_mapping
import time:      3022 |       3022 |                                 transformers.modeling_flash_attention_utils
import time:       874 |        874 |                                 transformers.integrations.npu_flash_attention
import time:    203334 |     207229 |                               transformers.integrations.flash_attention
import time:        86 |         86 |                               kernels
import time:       109 |        109 |                                         opentelemetry
import time:        99 |         99 |                                             opentelemetry.environment_variables
import time:       189 |        189 |                                                 opentelemetry.context.context
import time:       125 |        125 |                                                 opentelemetry.context.contextvars_context
import time:       196 |        509 |                                               opentelemetry.context
import time:        65 |         65 |                                                   opentelemetry.util
import time:       150 |        215 |                                                 opentelemetry.util.types
import time:       116 |        331 |                                               opentelemetry.metrics._internal.observation
import time:      2542 |       3381 |                                             opentelemetry.metrics._internal.instrument
import time:       176 |        176 |                                             opentelemetry.util._once
import time:       119 |        119 |                                             opentelemetry.util._providers
import time:       947 |       4720 |                                           opentelemetry.metrics._internal
import time:       248 |       4967 |                                         opentelemetry.metrics
import time:       235 |        235 |                                           opentelemetry.attributes
import time:       261 |        261 |                                               opentelemetry.trace.status
import time:      1016 |       1276 |                                             opentelemetry.trace.span
import time:       194 |       1469 |                                           opentelemetry.trace.propagation
import time:       231 |        231 |                                           opentelemetry.util._decorator
import time:       644 |       2577 |                                         opentelemetry.trace
import time:      3056 |      10708 |                                       transformers.utils.metrics
import time:      3613 |       3613 |                                         transformers.generation.continuous_batching.requests
import time:      3403 |       7016 |                                       transformers.generation.continuous_batching.cache_manager
import time:      4027 |      21750 |                                     transformers.generation.continuous_batching.cache
import time:       890 |        890 |                                       tqdm.contrib.logging
import time:       963 |        963 |                                         transformers.generation.continuous_batching.utils
import time:      4548 |       5510 |                                       transformers.generation.continuous_batching.input_outputs
import time:      2336 |       2336 |                                       transformers.generation.continuous_batching.scheduler
import time:      6523 |      15257 |                                     transformers.generation.continuous_batching.continuous_api
import time:       201 |      37207 |                                   transformers.generation.continuous_batching
import time:        22 |      37229 |                                 transformers.generation.continuous_batching.cache
import time:       737 |      37965 |                               transformers.integrations.eager_paged
import time:       572 |        572 |                               transformers.integrations.flash_paged
import time:       669 |        669 |                                   torch.nn.attention._utils
import time:      9679 |      10348 |                                 torch.nn.attention.flex_attention
import time:      1166 |       1166 |                                         torch.utils._appending_byte_serializer
import time:      1558 |       1558 |                                         torch.utils._ordered_set
import time:      3162 |       5885 |                                       torch.compiler._cache
import time:      1610 |       7494 |                                     torch._dynamo.precompile_context
import time:       270 |        270 |                                         _lsprof
import time:       276 |        276 |                                         profile
import time:       294 |        840 |                                       cProfile
import time:      1497 |       1497 |                                       pstats
import time:      1948 |       1948 |                                       torch._dynamo.callback
import time:      4374 |       4374 |                                         torch._dynamo.config
import time:       403 |       4776 |                                       torch._dynamo.distributed
import time:      1993 |       1993 |                                             torch._functorch.config
import time:       741 |        741 |                                                   mpmath.usertools
import time:       326 |        326 |                                                               gmpy2
import time:       262 |        262 |                                                               gmpy
import time:       775 |       1362 |                                                             mpmath.libmp.backend
import time:      3614 |       3614 |                                                             mpmath.libmp.libintmath
import time:      8907 |      13882 |                                                           mpmath.libmp.libmpf
import time:      8952 |       8952 |                                                             mpmath.libmp.libelefun
import time:      6583 |      15534 |                                                           mpmath.libmp.libmpc
import time:     15072 |      15072 |                                                             mpmath.libmp.gammazeta
import time:      8099 |      23170 |                                                           mpmath.libmp.libhyper
import time:      6797 |       6797 |                                                           mpmath.libmp.libmpi
import time:       832 |      60214 |                                                         mpmath.libmp
import time:        46 |      60259 |                                                       mpmath.libmp.backend
import time:      4601 |       4601 |                                                           mpmath.functions.functions
import time:      1575 |       1575 |                                                           mpmath.functions.factorials
import time:     11134 |      11134 |                                                           mpmath.functions.hypergeometric
import time:      3446 |       3446 |                                                           mpmath.functions.expintegrals
import time:      9065 |       9065 |                                                           mpmath.functions.bessel
import time:      3467 |       3467 |                                                           mpmath.functions.orthogonal
import time:      8229 |       8229 |                                                           mpmath.functions.theta
import time:      4888 |       4888 |                                                           mpmath.functions.elliptic
import time:       423 |        423 |                                                           mpmath.functions.signals
import time:      8263 |       8263 |                                                           mpmath.functions.zeta
import time:     10714 |      10714 |                                                           mpmath.functions.rszeta
import time:      5764 |       5764 |                                                           mpmath.functions.zetazeros
import time:      1088 |       1088 |                                                           mpmath.functions.qfunctions
import time:       786 |      73437 |                                                         mpmath.functions
import time:        24 |      73461 |                                                       mpmath.functions.functions
import time:       214 |        214 |                                                           mpmath.calculus.calculus
import time:      1107 |       1107 |                                                           mpmath.calculus.approximation
import time:      2638 |       2638 |                                                           mpmath.calculus.differentiation
import time:      6266 |       6266 |                                                           mpmath.calculus.extrapolation
import time:      1071 |       1071 |                                                           mpmath.calculus.polynomials
import time:       323 |      11617 |                                                         mpmath.calculus
import time:      3825 |      15441 |                                                       mpmath.calculus.quadrature
import time:      2920 |       2920 |                                                       mpmath.calculus.inverselaplace
import time:      4577 |       4577 |                                                       mpmath.calculus.optimization
import time:      1266 |       1266 |                                                       mpmath.calculus.odes
import time:      3556 |       3556 |                                                           mpmath.matrices.eigen
import time:      7416 |       7416 |                                                           mpmath.matrices.eigen_symmetric
import time:       232 |      11203 |                                                         mpmath.matrices
import time:      4885 |      16087 |                                                       mpmath.matrices.matrices
import time:      1642 |       1642 |                                                       mpmath.matrices.calculus
import time:      4359 |       4359 |                                                       mpmath.matrices.linalg
import time:      4227 |       4227 |                                                       mpmath.identification
import time:      2580 |       2580 |                                                       mpmath.visualization
import time:      3078 |     189892 |                                                     mpmath.ctx_base
import time:      4713 |       4713 |                                                     mpmath.math2
import time:      2636 |       2636 |                                                     mpmath.function_docs
import time:      2100 |     199340 |                                                   mpmath.ctx_fp
import time:      1780 |       1780 |                                                     mpmath.rational
import time:      9854 |       9854 |                                                     mpmath.ctx_mp_python
import time:      7442 |      19074 |                                                   mpmath.ctx_mp
import time:      5094 |       5094 |                                                   mpmath.ctx_iv
import time:      3641 |     227888 |                                                 mpmath
import time:       235 |        235 |                                                 sympy.release
import time:      3252 |       3252 |                                                               sympy.utilities.enumerative
import time:      2398 |       2398 |                                                               sympy.utilities.misc
import time:       868 |        868 |                                                                 sympy.utilities.exceptions
import time:      1644 |       2512 |                                                               sympy.utilities.decorator
import time:     11065 |      19225 |                                                             sympy.utilities.iterables
import time:       914 |        914 |                                                                 sympy.external.importtools
import time:       262 |       1175 |                                                               sympy.external
import time:      6023 |       7197 |                                                             sympy.utilities.lambdify
import time:       753 |        753 |                                                             sympy.utilities.timeutils
import time:       283 |      27457 |                                                           sympy.utilities
import time:        39 |      27496 |                                                         sympy.utilities.iterables
import time:      1190 |      28685 |                                                       sympy.core.random
import time:      1296 |       1296 |                                                         sympy.core.cache
import time:       557 |       1853 |                                                       sympy.core.parameters
import time:      2019 |       2019 |                                                             sympy.core.logic
import time:      3279 |       5298 |                                                           sympy.core.facts
import time:      6251 |       6251 |                                                           sympy.core.assumptions_generated
import time:      2078 |      13626 |                                                         sympy.core.assumptions
import time:      1101 |       1101 |                                                         sympy.core.sorting
import time:       623 |        623 |                                                                     sympy.multipledispatch.utils
import time:       921 |       1543 |                                                                   sympy.multipledispatch.conflict
import time:      2452 |       3995 |                                                                 sympy.multipledispatch.dispatcher
import time:       389 |       4383 |                                                               sympy.multipledispatch.core
import time:       191 |       4574 |                                                             sympy.multipledispatch
import time:        43 |       4616 |                                                           sympy.multipledispatch.dispatcher
import time:      1513 |       6128 |                                                         sympy.core.kind
import time:       327 |        327 |                                                         sympy.core._print_helpers
import time:       238 |        238 |                                                           sympy.core.core
import time:       701 |        939 |                                                         sympy.core.singleton
import time:      1199 |       1199 |                                                         sympy.core.traversal
import time:      9611 |      32928 |                                                       sympy.core.basic
import time:      2152 |      65618 |                                                     sympy.core.sympify
import time:      2037 |       2037 |                                                           sympy.external.pythonmpq
import time:      3274 |       3274 |                                                           sympy.external.ntheory
import time:       128 |        128 |                                                           flint
import time:        66 |         66 |                                                           gmpy2
import time:      1616 |       7119 |                                                         sympy.external.gmpy
import time:     11222 |      18341 |                                                       sympy.core.evalf
import time:      1142 |       1142 |                                                       sympy.core.decorators
import time:      1361 |       1361 |                                                       sympy.core.intfunc
import time:      3936 |       3936 |                                                         sympy.core.operations
import time:      2514 |       2514 |                                                           sympy.core.containers
import time:      8163 |       8163 |                                                               sympy.core.add
import time:       400 |        400 |                                                               sympy.core.rules
import time:     19774 |      19774 |                                                                     sympy.logic.boolalg
import time:      1331 |       1331 |                                                                     sympy.logic.inference
import time:       312 |      21417 |                                                                   sympy.logic
import time:        54 |      21471 |                                                                 sympy.logic.boolalg
import time:      5109 |      26579 |                                                               sympy.core.symbol
import time:     16274 |      51414 |                                                             sympy.core.function
import time:       501 |        501 |                                                               sympy.core.coreerrors
import time:      7459 |       7959 |                                                             sympy.core.relational
import time:     12324 |      71697 |                                                           sympy.core.power
import time:     24786 |      98995 |                                                         sympy.core.numbers
import time:     13134 |     116064 |                                                       sympy.core.mul
import time:      8164 |       8164 |                                                         sympy.core.exprtools
import time:      2125 |      10289 |                                                       sympy.core.mod
import time:     19864 |     167058 |                                                     sympy.core.expr
import time:       834 |        834 |                                                     sympy.core.multidimensional
import time:       654 |     234162 |                                                   sympy.core
import time:        31 |     234193 |                                                 sympy.core.cache
import time:       345 |        345 |                                                     sympy.utilities.source
import time:      2242 |       2587 |                                                   sympy.assumptions.assume
import time:      3370 |       3370 |                                                     sympy.assumptions.cnf
import time:      4344 |       4344 |                                                     sympy.assumptions.ask_generated
import time:      2780 |      10493 |                                                   sympy.assumptions.ask
import time:      2767 |       2767 |                                                   sympy.assumptions.refine
import time:      1408 |       1408 |                                                     sympy.assumptions.relation.binrel
import time:       225 |       1632 |                                                   sympy.assumptions.relation
import time:       256 |      17733 |                                                 sympy.assumptions
import time:      1434 |       1434 |                                                       sympy.polys.polyerrors
import time:      5538 |       6972 |                                                     sympy.polys.polyoptions
import time:       293 |        293 |                                                           sympy.polys.domains.domainelement
import time:      1705 |       1705 |                                                           sympy.polys.orderings
import time:      1604 |       1604 |                                                             sympy.polys.domains.modularinteger
import time:      4048 |       5652 |                                                           sympy.polys.polyutils
import time:      4184 |      11832 |                                                         sympy.polys.domains.domain
import time:       675 |        675 |                                                             sympy.polys.domains.ring
import time:       711 |       1385 |                                                           sympy.polys.domains.field
import time:       228 |        228 |                                                           sympy.polys.domains.simpledomain
import time:       579 |        579 |                                                             sympy.polys.polyconfig
import time:      8590 |       9169 |                                                           sympy.polys.galoistools
import time:       215 |        215 |                                                             sympy.polys.domains.pythonrational
import time:       566 |        781 |                                                           sympy.polys.domains.groundtypes
import time:      1970 |      13531 |                                                         sympy.polys.domains.finitefield
import time:       232 |        232 |                                                           sympy.polys.domains.characteristiczero
import time:      1173 |       1404 |                                                         sympy.polys.domains.integerring
import time:      1040 |       1040 |                                                         sympy.polys.domains.rationalfield
import time:      3375 |       3375 |                                                               sympy.polys.monomials
import time:      6060 |       9435 |                                                             sympy.polys.densebasic
import time:      6025 |       6025 |                                                             sympy.polys.densearith
import time:      5649 |       5649 |                                                             sympy.polys.densetools
import time:      7215 |       7215 |                                                             sympy.polys.euclidtools
import time:      2804 |       2804 |                                                             sympy.polys.sqfreetools
import time:      8930 |       8930 |                                                             sympy.polys.factortools
import time:     14190 |      14190 |                                                             sympy.polys.rootisolation
import time:     20541 |      74786 |                                                           sympy.polys.polyclasses
import time:      2415 |      77201 |                                                         sympy.polys.domains.algebraicfield
import time:      3375 |       3375 |                                                         sympy.polys.domains.gaussiandomains
import time:      2147 |       2147 |                                                         sympy.polys.domains.realfield
import time:      1919 |       1919 |                                                         sympy.polys.domains.complexfield
import time:       560 |        560 |                                                           sympy.polys.domains.compositedomain
import time:      1524 |       2084 |                                                         sympy.polys.domains.polynomialring
import time:      1271 |       1271 |                                                         sympy.polys.domains.fractionfield
import time:      1825 |       1825 |                                                         sympy.polys.domains.expressiondomain
import time:       517 |        517 |                                                         sympy.polys.domains.expressionrawdomain
import time:       683 |        683 |                                                           sympy.polys.domains.pythonintegerring
import time:       270 |        953 |                                                         sympy.polys.domains.pythonfinitefield
import time:       811 |        811 |                                                           sympy.polys.domains.gmpyintegerring
import time:       254 |       1064 |                                                         sympy.polys.domains.gmpyfinitefield
import time:       610 |        610 |                                                         sympy.polys.domains.pythonrationalfield
import time:       727 |        727 |                                                         sympy.polys.domains.gmpyrationalfield
import time:       620 |     122112 |                                                       sympy.polys.domains
import time:      2226 |     124338 |                                                     sympy.polys.constructor
import time:      1592 |       1592 |                                                     sympy.polys.fglmtools
import time:      4501 |       4501 |                                                     sympy.polys.groebnertools
import time:       514 |        514 |                                                     sympy.polys.rationaltools
import time:     29009 |     166923 |                                                   sympy.polys.polytools
import time:      2586 |       2586 |                                                           sympy.ntheory.primetest
import time:      3905 |       6490 |                                                         sympy.ntheory.generate
import time:       573 |        573 |                                                           sympy.ntheory.digits
import time:      1492 |       1492 |                                                           sympy.ntheory.ecm
import time:     10288 |      12352 |                                                         sympy.ntheory.factor_
import time:      1085 |       1085 |                                                             sympy.ntheory.modular
import time:       500 |        500 |                                                             sympy.utilities.memoization
import time:      7436 |       9020 |                                                           sympy.ntheory.residue_ntheory
import time:      2004 |      11024 |                                                         sympy.ntheory.partitions_
import time:       863 |        863 |                                                         sympy.ntheory.multinomial
import time:      1344 |       1344 |                                                         sympy.ntheory.continued_fraction
import time:      1055 |       1055 |                                                         sympy.ntheory.egyptian_fraction
import time:      2334 |       2334 |                                                         sympy.ntheory.qs
import time:       587 |      36045 |                                                       sympy.ntheory
import time:     13247 |      13247 |                                                         sympy.polys.compatibility
import time:       802 |        802 |                                                         sympy.polys.heuristicgcd
import time:       846 |        846 |                                                                 sympy.printing.conventions
import time:      1066 |       1066 |                                                                 sympy.printing.precedence
import time:      1750 |       1750 |                                                                 sympy.printing.printer
import time:      8056 |       8056 |                                                                 sympy.printing.str
import time:       244 |        244 |                                                                     sympy.core.alphabets
import time:      4657 |       4900 |                                                                   sympy.printing.pretty.pretty_symbology
import time:      3228 |       8127 |                                                                 sympy.printing.pretty.stringpict
import time:     23285 |      43127 |                                                               sympy.printing.pretty.pretty
import time:       229 |      43356 |                                                             sympy.printing.pretty
import time:     24976 |      24976 |                                                             sympy.printing.latex
import time:     16145 |      16145 |                                                             sympy.printing.mathml
import time:      2821 |       2821 |                                                               sympy.printing.repr
import time:       877 |       3697 |                                                             sympy.printing.python
import time:       162 |        162 |                                                                         sympy.functions.combinatorial
import time:      6795 |       6957 |                                                                       sympy.functions.combinatorial.factorials
import time:       169 |        169 |                                                                           sympy.functions.elementary
import time:      4995 |       4995 |                                                                             sympy.functions.elementary.miscellaneous
import time:     10881 |      10881 |                                                                             sympy.functions.elementary.piecewise
import time:      8882 |      24757 |                                                                           sympy.functions.elementary.complexes
import time:      9538 |      34463 |                                                                         sympy.functions.elementary.exponential
import time:       971 |        971 |                                                                         sympy.polys.appellseqs
import time:     16171 |      51604 |                                                                       sympy.functions.combinatorial.numbers
import time:      5433 |       5433 |                                                                         sympy.functions.elementary.integers
import time:      1410 |       1410 |                                                                         sympy.functions.elementary._trigonometric_special
import time:     26108 |      32951 |                                                                       sympy.functions.elementary.trigonometric
import time:     16747 |      16747 |                                                                       sympy.functions.elementary.hyperbolic
import time:       169 |        169 |                                                                         sympy.functions.special
import time:      8456 |       8456 |                                                                         sympy.functions.special.hyper
import time:     15719 |      24343 |                                                                       sympy.functions.special.error_functions
import time:      4359 |       4359 |                                                                         sympy.functions.special.zeta_functions
import time:      7757 |      12116 |                                                                       sympy.functions.special.gamma_functions
import time:      1800 |       1800 |                                                                       sympy.functions.special.tensor_functions
import time:     28942 |      28942 |                                                                             sympy.polys.polyquinticconst
import time:      7293 |      36235 |                                                                           sympy.polys.polyroots
import time:      2210 |      38445 |                                                                         sympy.functions.special.delta_functions
import time:      1204 |      39648 |                                                                       sympy.functions.special.singularity_functions
import time:     14390 |      14390 |                                                                             sympy.sets.sets
import time:      8219 |       8219 |                                                                             sympy.sets.fancysets
import time:       637 |        637 |                                                                             sympy.sets.contains
import time:      1722 |       1722 |                                                                             sympy.sets.conditionset
import time:      2194 |       2194 |                                                                             sympy.sets.ordinals
import time:       736 |        736 |                                                                             sympy.sets.powerset
import time:       127 |        127 |                                                                               sympy.sets.handlers
import time:      2074 |       2200 |                                                                             sympy.sets.handlers.comparison
import time:       456 |      30551 |                                                                           sympy.sets
import time:        31 |      30581 |                                                                         sympy.sets.sets
import time:      1657 |      32237 |                                                                       sympy.functions.special.bsplines
import time:      2062 |       2062 |                                                                         sympy.polys.orthopolys
import time:     13853 |      15914 |                                                                       sympy.functions.special.bessel
import time:      6522 |       6522 |                                                                       sympy.functions.special.polynomials
import time:      1906 |       1906 |                                                                       sympy.functions.special.spherical_harmonics
import time:      3309 |       3309 |                                                                       sympy.functions.special.elliptic_integrals
import time:      2158 |       2158 |                                                                       sympy.functions.special.beta_functions
import time:      1416 |       1416 |                                                                       sympy.functions.special.mathieu_functions
import time:      1157 |     250779 |                                                                     sympy.functions
import time:        28 |     250806 |                                                                   sympy.functions.elementary
import time:        78 |     250884 |                                                                 sympy.functions.elementary.complexes
import time:      5408 |     256292 |                                                               sympy.printing.codeprinter
import time:      5917 |     262208 |                                                             sympy.printing.pycode
import time:      1516 |       1516 |                                                               sympy.assumptions.relation.equality
import time:      3895 |       5410 |                                                             sympy.printing.smtlib
import time:      3068 |       3068 |                                                             sympy.printing.glsl
import time:      2171 |       2171 |                                                             sympy.printing.rcode
import time:      1904 |       1904 |                                                             sympy.printing.jscode
import time:      3996 |       3996 |                                                             sympy.printing.julia
import time:      3661 |       3661 |                                                             sympy.printing.mathematica
import time:      4339 |       4339 |                                                             sympy.printing.octave
import time:       633 |        633 |                                                               sympy.utilities.mathml
import time:       331 |        964 |                                                             sympy.printing.gtk
import time:      1985 |       1985 |                                                             sympy.printing.preview
import time:       578 |        578 |                                                             sympy.printing.tree
import time:      2037 |       2037 |                                                             sympy.printing.tableform
import time:      1151 |       1151 |                                                             sympy.printing.dot
import time:      2063 |       2063 |                                                             sympy.printing.maple
import time:       633 |     384334 |                                                           sympy.printing
import time:       241 |     384574 |                                                         sympy.printing.defaults
import time:       211 |        211 |                                                         sympy.utilities.magic
import time:     16580 |     415413 |                                                       sympy.polys.rings
import time:      3253 |     454710 |                                                     sympy.polys.specialpolys
import time:      1638 |     456347 |                                                   sympy.polys.polyfuncs
import time:      5602 |       5602 |                                                         sympy.polys.puiseux
import time:      9984 |      15585 |                                                       sympy.polys.ring_series
import time:      8243 |       8243 |                                                       sympy.polys.rootoftools
import time:      5326 |      29154 |                                                     sympy.polys.numberfields.minpoly
import time:      2085 |       2085 |                                                     sympy.polys.numberfields.subfield
import time:       524 |        524 |                                                             sympy.polys.matrices.exceptions
import time:      1023 |       1023 |                                                             sympy.polys.matrices.domainscalar
import time:       417 |        417 |                                                                 sympy.polys.matrices._typing
import time:      2945 |       3362 |                                                               sympy.polys.matrices.dense
import time:      1523 |       1523 |                                                               sympy.polys.matrices.lll
import time:      8583 |       8583 |                                                               sympy.polys.matrices.sdm
import time:       363 |        363 |                                                               sympy.polys.matrices.dfm
import time:      5450 |      19278 |                                                             sympy.polys.matrices.ddm
import time:      1816 |       1816 |                                                             sympy.polys.matrices.rref
import time:      8545 |      31185 |                                                           sympy.polys.matrices.domainmatrix
import time:       186 |      31371 |                                                         sympy.polys.matrices
import time:        42 |      31412 |                                                       sympy.polys.matrices.exceptions
import time:      4719 |       4719 |                                                         sympy.printing.numpy
import time:      1867 |       6586 |                                                       sympy.printing.lambdarepr
import time:      1578 |      39575 |                                                     sympy.polys.numberfields.utilities
import time:      3228 |       3228 |                                                         sympy.polys.matrices.normalforms
import time:       323 |        323 |                                                         sympy.polys.numberfields.exceptions
import time:      7700 |      11251 |                                                       sympy.polys.numberfields.modules
import time:      1075 |      12325 |                                                     sympy.polys.numberfields.basis
import time:      2819 |       2819 |                                                     sympy.polys.numberfields.primes
import time:      3253 |       3253 |                                                       sympy.polys.numberfields.galois_resolvents
import time:      2912 |       6164 |                                                     sympy.polys.numberfields.galoisgroups
import time:       273 |      92391 |                                                   sympy.polys.numberfields
import time:       369 |        369 |                                                       sympy.matrices.exceptions
import time:       481 |        481 |                                                       sympy.matrices.kind
import time:       618 |        618 |                                                           sympy.matrices.utilities
import time:      3758 |       3758 |                                                           sympy.matrices.determinant
import time:      4256 |       8631 |                                                         sympy.matrices.decompositions
import time:      3455 |       3455 |                                                               sympy.tensor.indexed
import time:      1687 |       1687 |                                                               sympy.tensor.index_methods
import time:      1024 |       1024 |                                                               sympy.tensor.functions
import time:      3862 |       3862 |                                                                     sympy.tensor.array.ndim_array
import time:       272 |       4133 |                                                                   sympy.tensor.array.mutable_ndim_array
import time:      1635 |       5768 |                                                                 sympy.tensor.array.dense_ndim_array
import time:      1695 |       1695 |                                                                 sympy.tensor.array.sparse_ndim_array
import time:      2654 |       2654 |                                                                 sympy.tensor.array.arrayop
import time:      1942 |       1942 |                                                                 sympy.tensor.array.array_comprehension
import time:       374 |      12431 |                                                               sympy.tensor.array
import time:       359 |      18955 |                                                             sympy.tensor
import time:        31 |      18986 |                                                           sympy.tensor.array
import time:      1946 |       1946 |                                                           sympy.matrices.reductions
import time:      1708 |       1708 |                                                                         sympy.polys.agca.ideals
import time:      6507 |       8214 |                                                                       sympy.polys.agca.modules
import time:      2760 |      10974 |                                                                     sympy.polys.agca.homomorphisms
import time:       189 |      11162 |                                                                   sympy.polys.agca
import time:      2305 |      13466 |                                                                 sympy.polys.agca.extensions
import time:      1161 |      14626 |                                                               sympy.polys.matrices.eigen
import time:      5699 |      20324 |                                                             sympy.matrices.eigen
import time:      3034 |      23358 |                                                           sympy.matrices.solvers
import time:      2019 |       2019 |                                                           sympy.matrices.inverse
import time:       719 |        719 |                                                           sympy.matrices.subspaces
import time:       710 |        710 |                                                           sympy.matrices.graph
import time:     24425 |      72159 |                                                         sympy.matrices.matrixbase
import time:      4391 |       4391 |                                                         sympy.matrices.repmatrix
import time:      2644 |      87824 |                                                       sympy.matrices.dense
import time:      2351 |       2351 |                                                       sympy.matrices.sparse
import time:      1442 |       1442 |                                                       sympy.matrices.sparsetools
import time:       280 |        280 |                                                                     sympy.strategies.util
import time:       945 |       1225 |                                                                   sympy.strategies.rl
import time:      1108 |       1108 |                                                                     sympy.strategies.core
import time:       481 |       1589 |                                                                   sympy.strategies.traverse
import time:       322 |        322 |                                                                   sympy.strategies.tools
import time:       885 |        885 |                                                                       sympy.strategies.branch.core
import time:       396 |       1281 |                                                                     sympy.strategies.branch.traverse
import time:       181 |        181 |                                                                     sympy.strategies.branch.tools
import time:       237 |       1698 |                                                                   sympy.strategies.branch
import time:       402 |       5233 |                                                                 sympy.strategies
import time:       761 |        761 |                                                                 sympy.matrices.expressions._shape
import time:      2405 |       2405 |                                                                     sympy.matrices.expressions.special
import time:      1422 |       3826 |                                                                   sympy.matrices.expressions.matpow
import time:       783 |       4609 |                                                                 sympy.matrices.expressions.inverse
import time:       862 |        862 |                                                                 sympy.matrices.expressions.transpose
import time:      1748 |       1748 |                                                                 sympy.matrices.expressions.permutation
import time:      3903 |      17114 |                                                               sympy.matrices.expressions.matmul
import time:      1552 |       1552 |                                                               sympy.matrices.expressions.matadd
import time:       934 |        934 |                                                               sympy.matrices.expressions.determinant
import time:      9775 |      29373 |                                                             sympy.matrices.expressions.matexpr
import time:      1042 |      30414 |                                                           sympy.matrices.expressions.slice
import time:      1279 |       1279 |                                                             sympy.matrices.expressions.trace
import time:      5723 |       7001 |                                                           sympy.matrices.expressions.blockmatrix
import time:       734 |        734 |                                                           sympy.matrices.expressions.companion
import time:       666 |        666 |                                                           sympy.matrices.expressions.funcmatrix
import time:       545 |        545 |                                                           sympy.matrices.expressions.adjoint
import time:      2529 |       2529 |                                                           sympy.matrices.expressions.hadamard
import time:      1615 |       1615 |                                                           sympy.matrices.expressions.diagonal
import time:       576 |        576 |                                                           sympy.matrices.expressions.dotproduct
import time:      2498 |       2498 |                                                           sympy.matrices.expressions.kronecker
import time:       741 |        741 |                                                           sympy.matrices.expressions.sets
import time:       536 |      47850 |                                                         sympy.matrices.expressions
import time:      1937 |      49787 |                                                       sympy.matrices.immutable
import time:       574 |     142825 |                                                     sympy.matrices
import time:      2036 |     144861 |                                                   sympy.polys.partfrac
import time:      4735 |       4735 |                                                   sympy.polys.fields
import time:       974 |     866227 |                                                 sympy.polys
import time:      3980 |       3980 |                                                   sympy.series.order
import time:       642 |        642 |                                                         sympy.calculus.euler
import time:       932 |        932 |                                                         sympy.calculus.singularities
import time:      1404 |       1404 |                                                         sympy.calculus.finite_diff
import time:      4186 |       4186 |                                                           sympy.calculus.accumulationbounds
import time:      3692 |       7877 |                                                         sympy.calculus.util
import time:       320 |      11172 |                                                       sympy.calculus
import time:        45 |      11217 |                                                     sympy.calculus.accumulationbounds
import time:      3826 |       3826 |                                                     sympy.series.gruntz
import time:      2741 |      17783 |                                                   sympy.series.limits
import time:       263 |        263 |                                                   sympy.series.series
import time:       727 |        727 |                                                   sympy.series.approximants
import time:       433 |        433 |                                                   sympy.series.residues
import time:      6015 |       6015 |                                                   sympy.series.sequences
import time:       886 |        886 |                                                     sympy.series.series_class
import time:      3611 |       4496 |                                                   sympy.series.fourier
import time:      1822 |       1822 |                                                         sympy.discrete.transforms
import time:      2100 |       2100 |                                                         sympy.discrete.convolutions
import time:       308 |       4229 |                                                       sympy.discrete
import time:        49 |       4277 |                                                     sympy.discrete.convolutions
import time:      9346 |      13623 |                                                   sympy.series.formal
import time:      1498 |       1498 |                                                   sympy.series.limitseq
import time:       424 |      49237 |                                                 sympy.series
import time:      3712 |       3712 |                                                       sympy.concrete.expr_with_limits
import time:      1281 |       4993 |                                                     sympy.concrete.expr_with_intlimits
import time:      1105 |       1105 |                                                       sympy.concrete.gosper
import time:      2171 |       2171 |                                                             sympy.integrals.rationaltools
import time:       956 |        956 |                                                             sympy.integrals.deltafunctions
import time:     17621 |      17621 |                                                             sympy.integrals.meijerint
import time:      1506 |       1506 |                                                             sympy.integrals.trigonometry
import time:      7619 |      29872 |                                                           sympy.integrals.integrals
import time:       190 |        190 |                                                                   sympy.polys.domainmatrix
import time:      1959 |       2148 |                                                                 sympy.polys.solvers
import time:      1417 |       3564 |                                                               sympy.polys.matrices.linsolve
import time:     18190 |      21754 |                                                             sympy.integrals.laplace
import time:      8332 |      30085 |                                                           sympy.integrals.transforms
import time:       352 |        352 |                                                           sympy.integrals.singularityfunctions
import time:       320 |      60628 |                                                         sympy.integrals
import time:        32 |      60659 |                                                       sympy.integrals.integrals
import time:     16865 |      78629 |                                                     sympy.concrete.summations
import time:      2477 |      86098 |                                                   sympy.concrete.products
import time:       212 |      86309 |                                                 sympy.concrete
import time:      3461 |       3461 |                                                       sympy.simplify.gammasimp
import time:       870 |       4330 |                                                     sympy.simplify.combsimp
import time:       586 |        586 |                                                     sympy.simplify.cse_opts
import time:      4137 |       4137 |                                                       sympy.simplify.powsimp
import time:     18462 |      22598 |                                                     sympy.simplify.hyperexpand
import time:      3968 |       3968 |                                                       sympy.simplify.sqrtdenest
import time:      6287 |      10254 |                                                     sympy.simplify.radsimp
import time:      4495 |       4495 |                                                       sympy.simplify.cse_main
import time:       504 |        504 |                                                       sympy.strategies.tree
import time:      7829 |      12827 |                                                     sympy.simplify.trigsimp
import time:     11060 |      61652 |                                                   sympy.simplify.simplify
import time:     11070 |      11070 |                                                   sympy.simplify.fu
import time:      1709 |       1709 |                                                   sympy.simplify.epathtools
import time:      1623 |       1623 |                                                   sympy.simplify.ratsimp
import time:       395 |      76447 |                                                 sympy.simplify
import time:      3553 |       3553 |                                                     sympy.solvers.polysys
import time:      2711 |       2711 |                                                     sympy.solvers.bivariate
import time:     19439 |      25703 |                                                   sympy.solvers.solvers
import time:     20344 |      20344 |                                                         sympy.solvers.solveset
import time:     18110 |      38454 |                                                       sympy.solvers.diophantine.diophantine
import time:       205 |      38658 |                                                     sympy.solvers.diophantine
import time:        36 |      38694 |                                                   sympy.solvers.diophantine.diophantine
import time:      5292 |       5292 |                                                   sympy.solvers.recurr
import time:      1379 |       1379 |                                                       sympy.solvers.deutils
import time:      4044 |       4044 |                                                         sympy.solvers.ode.riccati
import time:      2474 |       2474 |                                                         sympy.solvers.ode.hypergeometric
import time:      2285 |       2285 |                                                           sympy.solvers.ode.subscheck
import time:      3024 |       5308 |                                                         sympy.solvers.ode.nonhomogeneous
import time:      3734 |       3734 |                                                           sympy.solvers.pde
import time:      6363 |      10096 |                                                         sympy.solvers.ode.lie_group
import time:     13926 |      35846 |                                                       sympy.solvers.ode.single
import time:     24944 |      62168 |                                                     sympy.solvers.ode.ode
import time:      9467 |       9467 |                                                     sympy.solvers.ode.systems
import time:       315 |      71949 |                                                   sympy.solvers.ode
import time:      5258 |       5258 |                                                   sympy.solvers.inequalities
import time:       782 |        782 |                                                   sympy.solvers.decompogen
import time:      4802 |       4802 |                                                   sympy.solvers.simplex
import time:       499 |     152976 |                                                 sympy.solvers
import time:       248 |        248 |                                                     sympy.geometry.exceptions
import time:      7874 |       7874 |                                                       sympy.sets.handlers.intersection
import time:      3160 |       3160 |                                                       sympy.sets.handlers.union
import time:      4378 |      15411 |                                                     sympy.geometry.entity
import time:      4791 |      20449 |                                                   sympy.geometry.point
import time:      3241 |       3241 |                                                     sympy.geometry.util
import time:      9236 |      12476 |                                                   sympy.geometry.line
import time:      3951 |       3951 |                                                   sympy.geometry.plane
import time:      9660 |       9660 |                                                     sympy.geometry.polygon
import time:      5830 |      15490 |                                                   sympy.geometry.ellipse
import time:      1471 |       1471 |                                                   sympy.geometry.curve
import time:      1438 |       1438 |                                                   sympy.geometry.parabola
import time:       419 |      55692 |                                                 sympy.geometry
import time:      7147 |       7147 |                                                   sympy.parsing.sympy_parser
import time:       203 |       7350 |                                                 sympy.parsing
import time:      5047 |       5047 |                                                   sympy.algebras.quaternion
import time:       223 |       5270 |                                                 sympy.algebras
import time:      1011 |       1011 |                                                       sympy.plotting.backends
import time:      2014 |       2014 |                                                         sympy.plotting.utils
import time:       668 |        668 |                                                             sympy.plotting.intervalmath.interval_membership
import time:      2833 |       3501 |                                                           sympy.plotting.intervalmath.interval_arithmetic
import time:      3346 |       3346 |                                                           sympy.plotting.intervalmath.lib_interval
import time:       293 |       7139 |                                                         sympy.plotting.intervalmath
import time:     18022 |      27174 |                                                       sympy.plotting.series
import time:      1622 |      29806 |                                                     sympy.plotting.backends.base_backend
import time:      2527 |       2527 |                                                       sympy.plotting.backends.matplotlibbackend.matplotlib
import time:       218 |       2745 |                                                     sympy.plotting.backends.matplotlibbackend
import time:      1152 |       1152 |                                                         sympy.plotting.textplot
import time:       401 |       1553 |                                                       sympy.plotting.backends.textbackend.text
import time:       196 |       1748 |                                                     sympy.plotting.backends.textbackend
import time:       848 |        848 |                                                     sympy.plotting.plotgrid
import time:      3190 |      38336 |                                                   sympy.plotting.plot
import time:       749 |        749 |                                                   sympy.plotting.plot_implicit
import time:       238 |        238 |                                                   sympy.plotting.pygletplot
import time:       299 |      39621 |                                                 sympy.plotting
import time:      2670 |       2670 |                                                   sympy.interactive.printing
import time:      1903 |       1903 |                                                   sympy.interactive.session
import time:       856 |        856 |                                                   sympy.interactive.traversal
import time:       194 |       5622 |                                                 sympy.interactive
import time:      4046 |    1828837 |                                               sympy
import time:      3893 |       3893 |                                               torch.fx.experimental.recording
import time:       156 |        156 |                                                 torch.utils._sympy
import time:      2655 |       2655 |                                                 torch.utils._sympy.numbers
import time:     12598 |      15408 |                                               torch.utils._sympy.functions
import time:      4679 |       4679 |                                               torch.utils._sympy.printers
import time:      1208 |       1208 |                                               torch.utils._sympy.singleton_int
import time:      1196 |       1196 |                                               torch.utils._sympy.solve
import time:       907 |        907 |                                               torch.utils._sympy.symbol
import time:      1277 |       1277 |                                                 torch.utils._sympy.interp
import time:      7396 |       8673 |                                               torch.utils._sympy.value_ranges
import time:     63726 |    1928521 |                                             torch.fx.experimental.symbolic_shapes
import time:      2050 |       2050 |                                             torch._dynamo.metrics_context
import time:      1151 |       1151 |                                             torch.utils._triton
import time:       696 |        696 |                                             torch._dynamo.graph_utils
import time:      4629 |       4629 |                                                   torch._numpy._casting_dicts
import time:      1286 |       5915 |                                                 torch._numpy._dtypes_impl
import time:      1529 |       1529 |                                                 torch._numpy._util
import time:      2447 |       2447 |                                                   torch._numpy._dtypes
import time:      1825 |       4272 |                                                 torch._numpy._normalizations
import time:      1045 |      12758 |                                               torch._numpy.fft
import time:      1643 |       1643 |                                               torch._numpy.linalg
import time:      1289 |       1289 |                                               torch._numpy.random
import time:     12777 |      12777 |                                                 torch._numpy._funcs_impl
import time:      2372 |       2372 |                                                 torch._numpy._reductions_impl
import time:      1109 |      16257 |                                               torch._numpy._funcs
import time:       266 |        266 |                                               torch._numpy._getlimits
import time:       448 |        448 |                                                   torch._numpy._binary_ufuncs_impl
import time:       296 |        296 |                                                   torch._numpy._unary_ufuncs_impl
import time:      2971 |       3713 |                                                 torch._numpy._ufuncs
import time:      4796 |       8509 |                                               torch._numpy._ndarray
import time:       365 |      41084 |                                             torch._numpy
import time:        88 |         88 |                                                       triton._C
import time:      9651 |       9739 |                                                     triton._C.libtriton
import time:      6352 |      16090 |                                                   triton.knobs
import time:       172 |        172 |                                                       triton.tools
import time:      1102 |       1102 |                                                       triton._utils
import time:      1126 |       2399 |                                                     triton.tools.tensor_descriptor
import time:       634 |        634 |                                                         triton.backends.driver
import time:      1519 |       1519 |                                                         triton.backends.compiler
import time:       603 |        603 |                                                         triton.runtime._allocation
import time:      2961 |       2961 |                                                           triton.runtime.cache
import time:      1155 |       4116 |                                                         triton.runtime.build
import time:       215 |        215 |                                                           triton.errors
import time:       561 |        775 |                                                         triton.runtime.errors
import time:     44893 |      52537 |                                                       triton.backends
import time:       480 |      53017 |                                                     triton.runtime.driver
import time:       609 |        609 |                                                     triton.runtime._async_compile
import time:      8826 |      64849 |                                                   triton.runtime.jit
import time:      3405 |      84343 |                                                 triton.runtime.autotuner
import time:       247 |      84589 |                                               triton.runtime
import time:      1596 |       1596 |                                                   triton.tools.disasm
import time:      4303 |       5899 |                                                 triton.compiler.compiler
import time:       601 |        601 |                                                 triton.compiler.errors
import time:       222 |       6721 |                                               triton.compiler
import time:     23622 |      23622 |                                                   triton.language.core
import time:      2150 |      25772 |                                                 triton.language.math
import time:     12578 |      12578 |                                                     triton.language.extra.cuda.libdevice
import time:       765 |        765 |                                                     triton.language.extra.cuda.utils
import time:       256 |        256 |                                                     triton.language.extra.cuda.gdc
import time:       209 |      13807 |                                                   triton.language.extra.cuda
import time:      3905 |       3905 |                                                     triton.language.extra.hip.libdevice
import time:       316 |        316 |                                                     triton.language.extra.hip.utils
import time:       162 |       4383 |                                                   triton.language.extra.hip
import time:       770 |      18959 |                                                 triton.language.extra
import time:     10267 |      10267 |                                                 triton.language.standard
import time:      3644 |       3644 |                                                 triton.language.random
import time:       922 |        922 |                                                 triton.language.target_info
import time:      1283 |      60844 |                                               triton.language
import time:       251 |        251 |                                                   _statistics
import time:       596 |        847 |                                                 statistics
import time:      3796 |       4642 |                                               triton.testing
import time:       890 |     157684 |                                             triton
import time:     34545 |    2167721 |                                           torch._dynamo.utils
import time:      4853 |    2172573 |                                         torch._dynamo.exc
import time:       515 |        515 |                                         torch.utils._functools
import time:       192 |        192 |                                         torch._dynamo.graph_break_hints
import time:       448 |        448 |                                         torch._dynamo.logging
import time:       759 |        759 |                                                   ctypes.wintypes
import time:       877 |        877 |                                                     torch._inductor.custom_graph_pass
import time:     14697 |      15573 |                                                   torch._inductor.config
import time:      1458 |       1458 |                                                   torch._inductor.exc
import time:       236 |        236 |                                                         torch._inductor.analysis
import time:      1779 |       2014 |                                                       torch._inductor.analysis.device_info
import time:       135 |        135 |                                                         torch._inductor.runtime
import time:      2548 |       2682 |                                                       torch._inductor.runtime.hints
import time:      4843 |       4843 |                                                       torch._dynamo.device_interface
import time:      1770 |       1770 |                                                       torch.fx.passes.graph_transform_observer
import time:       511 |        511 |                                                         torch._inductor.runtime.cache_dir_utils
import time:       108 |        108 |                                                         colorama
import time:      1267 |       1885 |                                                       torch._inductor.runtime.runtime_utils
import time:    162958 |     176150 |                                                     torch._inductor.utils
import time:      4960 |     181109 |                                                   torch._inductor.cpu_vec_isa
import time:     12156 |     211054 |                                                 torch._inductor.cpp_builder
import time:      6560 |       6560 |                                                 torch._inductor.cudagraph_utils
import time:      1906 |     219519 |                                               torch._inductor.standalone_compile
import time:      1809 |     221327 |                                             torch._inductor
import time:       856 |     222183 |                                           torch._inductor.test_operators
import time:      3490 |       3490 |                                               torch._dynamo.bytecode_analysis
import time:     13654 |      17143 |                                             torch._dynamo.bytecode_transformation
import time:      5558 |      22701 |                                           torch._dynamo.resume_execution
import time:       513 |        513 |                                               torch._dynamo.current_scope_id
import time:       934 |        934 |                                                 torch.utils._device
import time:     35308 |      35308 |                                                 torch._dynamo.source
import time:      3176 |       3176 |                                                   torch._dynamo.types
import time:      1150 |       1150 |                                                   torch.fx.experimental._dynamism
import time:      1893 |       1893 |                                                   torch._dynamo.external_utils
import time:       142 |        142 |                                                     torch._dynamo.backends
import time:      1168 |       1310 |                                                   torch._dynamo.backends.registry
import time:       430 |        430 |                                                   torch._dynamo.code_context
import time:       786 |        786 |                                                   torch._dynamo.hooks
import time:      1176 |       1176 |                                                   torch._dynamo.mutation_guard
import time:     15218 |      25136 |                                                 torch._dynamo.eval_frame
import time:     28770 |      90147 |                                               torch._dynamo.guards
import time:      1204 |       1204 |                                                         torch.nn.utils._expanded_weights.expanded_weights_impl
import time:      1180 |       2383 |                                                       torch.nn.utils._expanded_weights.expanded_weights_utils
import time:      1998 |       4380 |                                                     torch.nn.utils._expanded_weights.conv_utils
import time:       805 |       5184 |                                                   torch.nn.utils._expanded_weights.conv_expanded_weights
import time:       712 |        712 |                                                   torch.nn.utils._expanded_weights.embedding_expanded_weights
import time:       832 |        832 |                                                   torch.nn.utils._expanded_weights.group_norm_expanded_weights
import time:       838 |        838 |                                                   torch.nn.utils._expanded_weights.instance_norm_expanded_weights
import time:       728 |        728 |                                                   torch.nn.utils._expanded_weights.layer_norm_expanded_weights
import time:       600 |        600 |                                                   torch.nn.utils._expanded_weights.linear_expanded_weights
import time:       332 |       9223 |                                                 torch.nn.utils._expanded_weights
import time:      3059 |       3059 |                                                 torch._dynamo.replay_record
import time:      8036 |       8036 |                                                 torch._dynamo.pgo
import time:       731 |        731 |                                                     torch._dynamo.create_parameter_op
import time:      2420 |       2420 |                                                     torch._dynamo.variables.constant
import time:      2638 |       2638 |                                                       torch._dynamo.polyfills
import time:       532 |        532 |                                                               torch.distributed._composable_state
import time:       138 |        138 |                                                                 torch.distributed.algorithms._checkpoint
import time:      1738 |       1876 |                                                               torch.distributed.algorithms._checkpoint.checkpoint_wrapper
import time:      4307 |       4307 |                                                               torch.distributed.fsdp.api
import time:      3721 |      10433 |                                                             torch.distributed.fsdp._common_utils
import time:       189 |        189 |                                                               torch.testing._internal.distributed
import time:       386 |        575 |                                                             torch.testing._internal.distributed.fake_pg
import time:       499 |        499 |                                                                           torch.distributed._shard.common_op_utils
import time:       349 |        848 |                                                                         torch.distributed._shard.op_registry_utils
import time:       911 |        911 |                                                                             torch.distributed._shard.metadata
import time:      1666 |       1666 |                                                                               torch.distributed._shard.sharded_tensor.metadata
import time:      1361 |       1361 |                                                                               torch.distributed._shard.sharding_spec._internals
import time:      2061 |       5087 |                                                                             torch.distributed._shard.sharding_spec.api
import time:       325 |        325 |                                                                               torch.distributed._shard._utils
import time:       730 |        730 |                                                                               torch.distributed._shard.sharded_tensor.shard
import time:      1698 |       1698 |                                                                               torch.distributed._shard.sharded_tensor.utils
import time:      1729 |       4480 |                                                                             torch.distributed._shard.sharding_spec.chunk_sharding_spec
import time:       272 |      10749 |                                                                           torch.distributed._shard.sharding_spec
import time:      2612 |       2612 |                                                                                 torch.distributed.nn.functional
import time:       151 |        151 |                                                                                   torch.distributed.nn.api
import time:       181 |        181 |                                                                                   torch.distributed.nn.jit
import time:       133 |        133 |                                                                                       torch.distributed.nn.jit.templates
import time:       229 |        362 |                                                                                     torch.distributed.nn.jit.templates.remote_module_template
import time:      1355 |       1716 |                                                                                   torch.distributed.nn.jit.instantiator
import time:      7887 |       9934 |                                                                                 torch.distributed.nn.api.remote_module
import time:       213 |      12757 |                                                                               torch.distributed.nn
import time:        20 |      12777 |                                                                             torch.distributed.nn.functional
import time:      1326 |      14102 |                                                                           torch.distributed._shard.sharded_tensor.reshard
import time:      6621 |      31470 |                                                                         torch.distributed._shard.sharded_tensor.api
import time:       283 |        283 |                                                                           torch.distributed._shard.sharded_tensor._ops.misc_ops
import time:       592 |        592 |                                                                             torch.distributed._shard.sharded_tensor._ops._common
import time:      1745 |       2337 |                                                                           torch.distributed._shard.sharded_tensor._ops.tensor_ops
import time:       149 |        149 |                                                                             torch.distributed._shard.sharding_spec.chunk_sharding_spec_ops
import time:      1745 |       1745 |                                                                             torch.distributed._shard.sharding_spec.chunk_sharding_spec_ops._common
import time:      1117 |       3011 |                                                                           torch.distributed._shard.sharding_spec.chunk_sharding_spec_ops.embedding
import time:      2036 |       2036 |                                                                           torch.distributed._shard.sharding_spec.chunk_sharding_spec_ops.embedding_bag
import time:       780 |        780 |                                                                           torch.distributed._shard.sharded_tensor._ops.binary_cmp
import time:      1089 |       1089 |                                                                           torch.distributed._shard.sharded_tensor._ops.init
import time:       323 |       9856 |                                                                         torch.distributed._shard.sharded_tensor._ops
import time:      1116 |      43288 |                                                                       torch.distributed._shard.sharded_tensor
import time:       281 |        281 |                                                                       torch.distributed._shard.sharder
import time:       775 |        775 |                                                                         torch.distributed._shard.sharding_plan.api
import time:       140 |        914 |                                                                       torch.distributed._shard.sharding_plan
import time:      1401 |      45883 |                                                                     torch.distributed._shard.api
import time:       154 |      46036 |                                                                   torch.distributed._shard
import time:        50 |      46085 |                                                                 torch.distributed._shard.sharded_tensor
import time:        37 |      46121 |                                                               torch.distributed._shard.sharded_tensor.api
import time:      1158 |       1158 |                                                               torch.distributed.fsdp._shard_utils
import time:       978 |      48256 |                                                             torch.distributed.fsdp._fsdp_extensions
import time:     14183 |      73445 |                                                           torch.distributed.fsdp._flat_param
import time:      2048 |       2048 |                                                             torch.distributed.fsdp._fully_shard._fsdp_api
import time:      1774 |       1774 |                                                                   torch.distributed._composable.contract
import time:       975 |       2749 |                                                                 torch.distributed._composable.checkpoint_activation
import time:      1737 |       1737 |                                                                 torch.distributed._composable.replicate
import time:       320 |       4805 |                                                               torch.distributed._composable
import time:      3152 |       3152 |                                                               torch.distributed.fsdp._fully_shard._fsdp_common
import time:      8275 |       8275 |                                                                       torch.distributed.fsdp._fully_shard._fsdp_param
import time:      5498 |      13773 |                                                                     torch.distributed.fsdp._fully_shard._fsdp_collectives
import time:      5485 |      19257 |                                                                   torch.distributed.fsdp._fully_shard._fsdp_param_group
import time:      3003 |      22260 |                                                                 torch.distributed.fsdp._fully_shard._fsdp_state
import time:      1812 |      24071 |                                                               torch.distributed.fsdp._fully_shard._fsdp_init
import time:      3044 |      35070 |                                                             torch.distributed.fsdp._fully_shard._fully_shard
import time:       248 |      37365 |                                                           torch.distributed.fsdp._fully_shard
import time:       676 |        676 |                                                             torch.distributed.fsdp._traversal_utils
import time:      1027 |       1027 |                                                               torch.distributed.algorithms._comm_hooks.default_hooks
import time:       235 |       1262 |                                                             torch.distributed.algorithms._comm_hooks
import time:       249 |        249 |                                                             torch.distributed.fsdp._dynamo_utils
import time:      2224 |       2224 |                                                               torch.distributed.fsdp._exec_order_utils
import time:       452 |        452 |                                                               torch.distributed.fsdp._limiter_utils
import time:      2924 |       2924 |                                                               torch.distributed.fsdp.wrap
import time:      3989 |       3989 |                                                                     torch.distributed.tensor.parallel.style
import time:       700 |       4689 |                                                                   torch.distributed.tensor.parallel.api
import time:      2863 |       2863 |                                                                   torch.distributed.tensor.parallel.loss
import time:       315 |       7865 |                                                                 torch.distributed.tensor.parallel
import time:       512 |        512 |                                                                 torch.distributed.tensor.parallel._data_parallel_utils
import time:      2442 |      10818 |                                                               torch.distributed.tensor.parallel.fsdp
import time:       167 |        167 |                                                               torchdistx
import time:      6529 |      23111 |                                                             torch.distributed.fsdp._init_utils
import time:      7628 |       7628 |                                                             torch.distributed.fsdp._runtime_utils
import time:      1529 |       1529 |                                                             torch.distributed.fsdp._wrap_utils
import time:       384 |        384 |                                                                 torch.cuda._pin_memory_utils
import time:      4793 |       5177 |                                                               torch.distributed._state_dict_utils
import time:      1198 |       1198 |                                                               torch.distributed.fsdp._debug_utils
import time:     12757 |      19131 |                                                             torch.distributed.fsdp._optim_utils
import time:      1808 |       1808 |                                                               torch.distributed.fsdp._unshard_param_utils
import time:      4783 |       6591 |                                                             torch.distributed.fsdp._state_dict_utils
import time:      8106 |      68279 |                                                           torch.distributed.fsdp.fully_sharded_data_parallel
import time:       393 |     179481 |                                                         torch.distributed.fsdp
import time:        21 |     179502 |                                                       torch.distributed.fsdp._fully_shard
import time:     14657 |      14657 |                                                       torch._higher_order_ops.triton_kernel_wrap
import time:     15082 |     211877 |                                                     torch._dynamo.variables.functions
import time:      9175 |       9175 |                                                       torch._dynamo.variables.dicts
import time:      4165 |       4165 |                                                         torch._dynamo.variables.iter
import time:     10707 |      14872 |                                                       torch._dynamo.variables.lists
import time:      3812 |       3812 |                                                       torch.utils._cxx_pytree
import time:     16008 |      43866 |                                                     torch._dynamo.variables.user_defined
import time:     12910 |     271802 |                                                   torch._dynamo.variables.misc
import time:      4080 |       4080 |                                                                 torch._functorch._aot_autograd.functional_utils
import time:     13879 |      13879 |                                                                 torch._functorch._aot_autograd.schemas
import time:      4640 |       4640 |                                                                 torch._functorch._aot_autograd.subclass_utils
import time:      3629 |      26226 |                                                               torch._functorch._aot_autograd.collect_metadata_analysis
import time:      3326 |       3326 |                                                                 torch._decomp.decompositions_for_rng
import time:      1062 |       1062 |                                                                 torch._functorch._aot_autograd.logging_utils
import time:      8027 |      12414 |                                                               torch._functorch._aot_autograd.graph_capture_wrappers
import time:      2669 |       2669 |                                                               torch._functorch._aot_autograd.input_output_analysis
import time:     16016 |      57324 |                                                             torch._functorch._aot_autograd.runtime_wrappers
import time:     10483 |      67806 |                                                           torch._dynamo.compiled_autograd
import time:       278 |        278 |                                                             tokenizers.trainers
import time:       115 |        115 |                                                                 swig_runtime_data4
import time:       604 |        719 |                                                               sentencepiece._sentencepiece
import time:       120 |        120 |                                                               sentencepiece._version
import time:      1307 |       2145 |                                                             sentencepiece
import time:      7334 |       7334 |                                                             transformers.tokenization_python
import time:     50872 |      60627 |                                                           torch._dynamo._trace_wrapped_higher_order_op
import time:     10448 |     138880 |                                                         torch._dynamo.variables.tensor
import time:      2001 |     140881 |                                                       torch._dynamo.variables.lazy
import time:      7486 |     148366 |                                                     torch._dynamo.variables.nn_module
import time:      9561 |       9561 |                                                       torch._dynamo.variables.ctx_manager
import time:      3966 |      13527 |                                                     torch._dynamo.variables.torch_function
import time:      5343 |     167234 |                                                   torch._dynamo.codegen
import time:      6545 |     445580 |                                                 torch._dynamo.side_effects
import time:     19297 |      19297 |                                                 torch._dynamo.variables.builtin
import time:      2768 |       2768 |                                                 torch._dynamo.variables.distributed
import time:     19178 |      19178 |                                                 torch._dynamo.variables.higher_order_ops
import time:      2637 |       2637 |                                                 torch._dynamo.variables.optimizer
import time:       862 |        862 |                                                 torch._dynamo.variables.script_object
import time:       729 |        729 |                                                 torch._dynamo.variables.sdpa
import time:     11200 |      11200 |                                                 torch._dynamo.variables.torch
import time:     21790 |     544352 |                                               torch._dynamo.variables.builder
import time:      3708 |     638719 |                                             torch._dynamo.variables.base
import time:       655 |     639373 |                                           torch._dynamo.variables
import time:     19028 |     903284 |                                         torch._dynamo.trace_rules
import time:       634 |        634 |                                         torch._dynamo.funcname_cache
import time:      3368 |       3368 |                                             torch._dynamo.graph_region_tracker
import time:      3829 |       7197 |                                           torch._dynamo.graph_deduplication
import time:     24644 |      31840 |                                         torch._dynamo.output_graph
import time:     43447 |    3152930 |                                       torch._dynamo.symbolic_convert
import time:      2532 |       2532 |                                         torch._dynamo.comptime
import time:      5746 |       8277 |                                       torch._dynamo.decorators
import time:      1157 |       1157 |                                       torch._dynamo.cache_size
import time:     12770 |    3184192 |                                     torch._dynamo.convert_frame
import time:      3169 |    3194853 |                                   torch._dynamo.aot_compile
import time:      1337 |       1337 |                                   torch._dynamo.functional_export
import time:       875 |        875 |                                     torch.onnx.errors
import time:       293 |        293 |                                         torch.onnx.ops._dtype_mappings
import time:     10292 |      10585 |                                       torch.onnx.ops._impl
import time:      9200 |       9200 |                                       torch.onnx.ops._symbolic_impl
import time:      1413 |      21196 |                                     torch.onnx.ops
import time:       153 |        153 |                                         torch.onnx._internal
import time:       145 |        297 |                                       torch.onnx._internal.exporter
import time:       450 |        450 |                                       torch.onnx._internal._lazy_import
import time:      2122 |       2122 |                                       torch.onnx._internal.exporter._dynamic_shapes
import time:       157 |        157 |                                         torch.onnx._internal.exporter._constants
import time:      1158 |       1314 |                                       torch.onnx._internal.exporter._ir_passes
import time:      2928 |       7110 |                                     torch.onnx._internal.exporter._onnx_program
import time:       237 |        237 |                                     torch.onnx._internal.torchscript_exporter
import time:       280 |        280 |                                       torch.onnx._constants
import time:      2204 |       2204 |                                       torch.onnx._internal.torchscript_exporter._type_utils
import time:      2110 |       2110 |                                         torch.onnx._internal.torchscript_exporter.registration
import time:       591 |        591 |                                         torch.onnx._internal.torchscript_exporter._globals
import time:      2470 |       5169 |                                       torch.onnx._internal.torchscript_exporter.jit_utils
import time:      1488 |       1488 |                                         torch.onnx._internal.torchscript_exporter.onnx_proto_utils
import time:      8483 |       9970 |                                       torch.onnx._internal.torchscript_exporter.utils
import time:     14315 |      31935 |                                     torch.onnx._internal.torchscript_exporter.symbolic_helper
import time:     45528 |      45528 |                                       torch.onnx._internal.torchscript_exporter.symbolic_opset9
import time:      6630 |      52158 |                                     torch.onnx._internal.torchscript_exporter.symbolic_opset10
import time:      3240 |       3240 |                                     torch._functorch.make_functional
import time:     29383 |     146130 |                                   torch._dynamo.polyfills.loader
import time:       941 |    3343260 |                                 torch._dynamo
import time:      2064 |    3355671 |                               transformers.integrations.flex_attention
import time:       924 |        924 |                               transformers.integrations.sdpa_attention
import time:       552 |        552 |                               transformers.integrations.sdpa_paged
import time:       130 |        130 |                                 transformers.loss
import time:      1192 |       1192 |                                             PIL.GimpGradientFile
import time:       599 |        599 |                                             PIL.GimpPaletteFile
import time:      1565 |       1565 |                                             PIL.ImageColor
import time:       497 |        497 |                                             PIL.PaletteFile
import time:      2179 |       6030 |                                           PIL.ImagePalette
import time:      4060 |      10089 |                                         PIL.ImageOps
import time:       281 |        281 |                                             modulefinder
import time:       155 |        155 |                                               torchvision._internally_replaced_utils
import time:      2336 |       2490 |                                             torchvision.extension
import time:      6385 |       6385 |                                             torchvision._meta_registrations
import time:       184 |        184 |                                                     torchvision.io._load_gpu_decoder
import time:        81 |         81 |                                                       torchvision.io._video_deprecation_warning
import time:       358 |        439 |                                                     torchvision.io._video_opt
import time:       580 |        580 |                                                             PIL._typing
import time:       984 |        984 |                                                             PIL._imagingft
import time:      4457 |       6021 |                                                           PIL.ImageFont
import time:      3075 |       3075 |                                                           PIL.ImageText
import time:      6473 |      15567 |                                                         PIL.ImageDraw
import time:       573 |      16140 |                                                       torchvision.utils
import time:      2381 |      18521 |                                                     torchvision.io.image
import time:      7218 |       7218 |                                                         av._core
import time:      1022 |       1022 |                                                         av.logging
import time:       119 |        119 |                                                         av.about
import time:       672 |        672 |                                                                   av.bytesource
import time:       722 |       1393 |                                                                 av.buffer
import time:       721 |        721 |                                                                       av.audio.format
import time:      1656 |       1656 |                                                                           av.error
import time:       850 |       2506 |                                                                         av.dictionary
import time:       743 |        743 |                                                                                       av.container.pyio
import time:       123 |        123 |                                                                                           av.sidedata
import time:      1152 |       1152 |                                                                                                 av.option
import time:       727 |       1878 |                                                                                               av.descriptor
import time:      1114 |       2991 |                                                                                             av.format
import time:       836 |        836 |                                                                                               av.utils
import time:      1282 |       2118 |                                                                                             av.stream
import time:       854 |       5962 |                                                                                           av.container.streams
import time:      1111 |       1111 |                                                                                           av.sidedata.encparams
import time:       891 |        891 |                                                                                           av.sidedata.motionvectors
import time:      1217 |       9302 |                                                                                         av.sidedata.sidedata
import time:       716 |        716 |                                                                                         av.opaque
import time:       974 |      10992 |                                                                                       av.packet
import time:       870 |        870 |                                                                                       av.container.input
import time:       841 |        841 |                                                                                       av.container.output
import time:      1576 |      15019 |                                                                                     av.container.core
import time:       130 |      15149 |                                                                                   av.container
import time:        24 |      15172 |                                                                                 av.container.pyio
import time:      1359 |      16531 |                                                                               av.codec.context
import time:       896 |        896 |                                                                               av.video.format
import time:      1295 |       1295 |                                                                               av.video.reformatter
import time:       861 |        861 |                                                                               av.plane
import time:       811 |        811 |                                                                               av.video.plane
import time:      1422 |      21814 |                                                                             av.video.frame
import time:       870 |        870 |                                                                             av.video.stream
import time:       232 |      22915 |                                                                           av.video
import time:        20 |      22934 |                                                                         av.video.format
import time:      1214 |      26654 |                                                                       av.codec.hwaccel
import time:      1585 |      28958 |                                                                     av.codec.codec
import time:       137 |      29095 |                                                                   av.codec
import time:        24 |      29118 |                                                                 av.codec.codec
import time:       795 |      31305 |                                                               av.frame
import time:      1348 |       1348 |                                                               av.audio.layout
import time:       850 |        850 |                                                               av.audio.plane
import time:       975 |      34476 |                                                             av.audio.frame
import time:       835 |        835 |                                                             av.audio.stream
import time:       131 |      35441 |                                                           av.audio
import time:       815 |        815 |                                                                     av.filter.link
import time:      1173 |       1988 |                                                                   av.filter.context
import time:       839 |       2826 |                                                                 av.filter.graph
import time:       906 |       3731 |                                                               av.filter.filter
import time:       846 |        846 |                                                               av.filter.loudnorm
import time:       143 |       4719 |                                                             av.filter
import time:        18 |       4737 |                                                           av.filter.filter
import time:       801 |        801 |                                                           av.audio.resampler
import time:       849 |      41827 |                                                         av.audio.codeccontext
import time:       825 |        825 |                                                         av.audio.fifo
import time:       809 |        809 |                                                         av.bitstream
import time:       842 |        842 |                                                         av.video.codeccontext
import time:       458 |      53116 |                                                       av
import time:       415 |      53531 |                                                     torchvision.io.video
import time:       218 |        218 |                                                     torchvision.io.video_reader
import time:       175 |      73066 |                                                   torchvision.io
import time:        26 |      73092 |                                                 torchvision.io.image
import time:       189 |        189 |                                                   torchvision.datasets.vision
import time:       360 |        549 |                                                 torchvision.datasets.folder
import time:       152 |        152 |                                                   torch.utils.model_zoo
import time:       564 |        716 |                                                 torchvision.datasets.utils
import time:       538 |      74893 |                                               torchvision.datasets._optical_flow
import time:       653 |        653 |                                               torchvision.datasets._stereo_matching
import time:       249 |        249 |                                               torchvision.datasets.caltech
import time:       306 |        306 |                                               torchvision.datasets.celeba
import time:       201 |        201 |                                               torchvision.datasets.cifar
import time:      1609 |       1609 |                                               torchvision.datasets.cityscapes
import time:       256 |        256 |                                               torchvision.datasets.clevr
import time:       182 |        182 |                                               torchvision.datasets.coco
import time:       132 |        132 |                                               torchvision.datasets.country211
import time:       138 |        138 |                                               torchvision.datasets.dtd
import time:       119 |        119 |                                               torchvision.datasets.eurosat
import time:       109 |        109 |                                                     accimage
import time:        89 |         89 |                                                       accimage
import time:      3551 |       3551 |                                                           PIL.ImageFilter
import time:      1145 |       1145 |                                                           PIL.ImageStat
import time:       720 |       5415 |                                                         PIL.ImageEnhance
import time:       107 |        107 |                                                         accimage
import time:       413 |       5934 |                                                       torchvision.transforms._functional_pil
import time:       489 |        489 |                                                       torchvision.transforms._functional_tensor
import time:       727 |       7238 |                                                     torchvision.transforms.functional
import time:      1039 |       8385 |                                                   torchvision.transforms.transforms
import time:       440 |        440 |                                                   torchvision.transforms.autoaugment
import time:       107 |       8931 |                                                 torchvision.transforms
import time:       139 |       9070 |                                               torchvision.datasets.fakedata
import time:       176 |        176 |                                               torchvision.datasets.fer2013
import time:       145 |        145 |                                               torchvision.datasets.fgvc_aircraft
import time:       210 |        210 |                                               torchvision.datasets.flickr
import time:       169 |        169 |                                               torchvision.datasets.flowers102
import time:       140 |        140 |                                               torchvision.datasets.food101
import time:       128 |        128 |                                               torchvision.datasets.gtsrb
import time:       420 |        420 |                                                 torchvision.datasets.video_utils
import time:       166 |        586 |                                               torchvision.datasets.hmdb51
import time:       225 |        225 |                                               torchvision.datasets.imagenet
import time:       156 |        156 |                                               torchvision.datasets.imagenette
import time:       214 |        214 |                                               torchvision.datasets.inaturalist
import time:       191 |        191 |                                               torchvision.datasets.kinetics
import time:       154 |        154 |                                               torchvision.datasets.kitti
import time:       259 |        259 |                                               torchvision.datasets.lfw
import time:       223 |        223 |                                               torchvision.datasets.lsun
import time:       541 |        541 |                                               torchvision.datasets.mnist
import time:       159 |        159 |                                               torchvision.datasets.moving_mnist
import time:       153 |        153 |                                               torchvision.datasets.omniglot
import time:       183 |        183 |                                               torchvision.datasets.oxford_iiit_pet
import time:       144 |        144 |                                               torchvision.datasets.pcam
import time:       203 |        203 |                                               torchvision.datasets.phototour
import time:       203 |        203 |                                               torchvision.datasets.places365
import time:       132 |        132 |                                               torchvision.datasets.rendered_sst2
import time:       149 |        149 |                                               torchvision.datasets.sbd
import time:       130 |        130 |                                               torchvision.datasets.sbu
import time:       120 |        120 |                                               torchvision.datasets.semeion
import time:       124 |        124 |                                               torchvision.datasets.stanford_cars
import time:       154 |        154 |                                               torchvision.datasets.stl10
import time:       117 |        117 |                                               torchvision.datasets.sun397
import time:       117 |        117 |                                               torchvision.datasets.svhn
import time:       135 |        135 |                                               torchvision.datasets.ucf101
import time:       224 |        224 |                                               torchvision.datasets.usps
import time:       252 |        252 |                                               torchvision.datasets.voc
import time:       176 |        176 |                                               torchvision.datasets.widerface
import time:       666 |      94846 |                                             torchvision.datasets
import time:       238 |        238 |                                                 torchvision.transforms._presets
import time:       789 |        789 |                                                 torchvision.models._api
import time:       458 |        458 |                                                 torchvision.models._meta
import time:       191 |        191 |                                                   torchvision._utils
import time:       324 |        515 |                                                 torchvision.models._utils
import time:       451 |       2448 |                                               torchvision.models.alexnet
import time:      9746 |       9746 |                                                         torch.onnx._internal.torchscript_exporter.symbolic_opset11
import time:       205 |       9951 |                                                       torch.onnx.symbolic_opset11
import time:       246 |        246 |                                                       torch.onnx.symbolic_helper
import time:       341 |      10537 |                                                     torchvision.ops._register_onnx_ops
import time:       115 |        115 |                                                       torchvision.ops._box_convert
import time:       188 |        188 |                                                       torchvision.ops._utils
import time:       253 |        555 |                                                     torchvision.ops.boxes
import time:        90 |         90 |                                                       torchvision.ops.diou_loss
import time:       102 |        192 |                                                     torchvision.ops.ciou_loss
import time:       145 |        145 |                                                     torchvision.ops.deform_conv
import time:       155 |        155 |                                                     torchvision.ops.drop_block
import time:       499 |        499 |                                                       torchvision.ops.misc
import time:       358 |        856 |                                                     torchvision.ops.feature_pyramid_network
import time:       107 |        107 |                                                     torchvision.ops.focal_loss
import time:        89 |         89 |                                                     torchvision.ops.giou_loss
import time:       185 |        185 |                                                       torchvision.ops.roi_align
import time:       263 |        448 |                                                     torchvision.ops.poolers
import time:       113 |        113 |                                                     torchvision.ops.ps_roi_align
import time:       101 |        101 |                                                     torchvision.ops.ps_roi_pool
import time:       100 |        100 |                                                     torchvision.ops.roi_pool
import time:        96 |         96 |                                                     torchvision.ops.stochastic_depth
import time:       406 |      13893 |                                                   torchvision.ops
import time:        30 |      13922 |                                                 torchvision.ops.misc
import time:      1059 |      14980 |                                               torchvision.models.convnext
import time:      1359 |       1359 |                                               torchvision.models.densenet
import time:      2364 |       2364 |                                               torchvision.models.efficientnet
import time:       643 |        643 |                                               torchvision.models.googlenet
import time:       619 |        619 |                                               torchvision.models.inception
import time:      1763 |       1763 |                                               torchvision.models.mnasnet
import time:       434 |        434 |                                                 torchvision.models.mobilenetv2
import time:       551 |        551 |                                                 torchvision.models.mobilenetv3
import time:       156 |       1139 |                                               torchvision.models.mobilenet
import time:      2380 |       2380 |                                               torchvision.models.regnet
import time:      1614 |       1614 |                                               torchvision.models.resnet
import time:       817 |        817 |                                               torchvision.models.shufflenetv2
import time:       523 |        523 |                                               torchvision.models.squeezenet
import time:      1120 |       1120 |                                               torchvision.models.vgg
import time:      1395 |       1395 |                                               torchvision.models.vision_transformer
import time:      1144 |       1144 |                                               torchvision.models.swin_transformer
import time:       702 |        702 |                                               torchvision.models.maxvit
import time:       349 |        349 |                                                   torchvision.models.detection._utils
import time:        95 |         95 |                                                     torchvision.models.detection.image_list
import time:       274 |        369 |                                                   torchvision.models.detection.anchor_utils
import time:       359 |        359 |                                                   torchvision.models.detection.backbone_utils
import time:       319 |        319 |                                                   torchvision.models.detection.generalized_rcnn
import time:       357 |        357 |                                                   torchvision.models.detection.roi_heads
import time:       238 |        238 |                                                   torchvision.models.detection.rpn
import time:       277 |        277 |                                                   torchvision.models.detection.transform
import time:      1022 |       3286 |                                                 torchvision.models.detection.faster_rcnn
import time:       736 |        736 |                                                 torchvision.models.detection.fcos
import time:       464 |        464 |                                                 torchvision.models.detection.keypoint_rcnn
import time:       584 |        584 |                                                 torchvision.models.detection.mask_rcnn
import time:       681 |        681 |                                                 torchvision.models.detection.retinanet
import time:       684 |        684 |                                                 torchvision.models.detection.ssd
import time:       469 |        469 |                                                 torchvision.models.detection.ssdlite
import time:       203 |       7104 |                                               torchvision.models.detection
import time:       139 |        139 |                                                   torchvision.models.optical_flow._utils
import time:       982 |       1121 |                                                 torchvision.models.optical_flow.raft
import time:       120 |       1241 |                                               torchvision.models.optical_flow
import time:       132 |        132 |                                                   torchvision.models.quantization.utils
import time:       469 |        600 |                                                 torchvision.models.quantization.googlenet
import time:       517 |        517 |                                                 torchvision.models.quantization.inception
import time:       353 |        353 |                                                   torchvision.models.quantization.mobilenetv2
import time:       405 |        405 |                                                   torchvision.models.quantization.mobilenetv3
import time:       113 |        870 |                                                 torchvision.models.quantization.mobilenet
import time:      1014 |       1014 |                                                 torchvision.models.quantization.resnet
import time:       851 |        851 |                                                 torchvision.models.quantization.shufflenetv2
import time:       159 |       4009 |                                               torchvision.models.quantization
import time:       117 |        117 |                                                   torchvision.models.segmentation._utils
import time:       630 |        630 |                                                   torchvision.models.segmentation.fcn
import time:       737 |       1483 |                                                 torchvision.models.segmentation.deeplabv3
import time:       392 |        392 |                                                 torchvision.models.segmentation.lraspp
import time:       138 |       2013 |                                               torchvision.models.segmentation
import time:      1362 |       1362 |                                                 torchvision.models.video.mvit
import time:      1798 |       1798 |                                                 torchvision.models.video.resnet
import time:       451 |        451 |                                                 torchvision.models.video.s3d
import time:       768 |        768 |                                                 torchvision.models.video.swin_transformer
import time:       176 |       4554 |                                               torchvision.models.video
import time:       423 |      54345 |                                             torchvision.models
import time:       148 |        148 |                                             torchvision.version
import time:       337 |     158830 |                                           torchvision
import time:        22 |     158851 |                                         torchvision.transforms
import time:      6858 |     175797 |                                       transformers.image_utils
import time:      5367 |     181164 |                                     transformers.image_transforms
import time:      4946 |     186110 |                                   transformers.loss.loss_for_object_detection
import time:      3995 |       3995 |                                   transformers.loss.loss_rt_detr
import time:      2537 |     192640 |                                 transformers.loss.loss_d_fine
import time:      1813 |       1813 |                                 transformers.loss.loss_deformable_detr
import time:      1886 |       1886 |                                 transformers.loss.loss_grounding_dino
import time:      2941 |       2941 |                                 transformers.loss.loss_lw_detr
import time:      1228 |     200635 |                               transformers.loss.loss_utils
import time:      2290 |       2290 |                                 transformers.utils.output_capturing
import time:      1377 |       3667 |                               transformers.monkey_patching
import time:      1658 |       1658 |                               transformers.pytorch_utils
import time:    268561 |     268561 |                                       transformers.models
import time:      3260 |     271820 |                                     transformers.models.auto
import time:      9490 |     281310 |                                   transformers.models.auto.configuration_auto
import time:       385 |        385 |                                     transformers.quantizers.quantizers_utils
import time:      1970 |       2354 |                                   transformers.quantizers.base
import time:       947 |        947 |                                   transformers.quantizers.quantizer_aqlm
import time:       506 |        506 |                                   transformers.quantizers.quantizer_auto_round
import time:       641 |        641 |                                   transformers.quantizers.quantizer_awq
import time:       759 |        759 |                                   transformers.quantizers.quantizer_bitnet
import time:      1196 |       1196 |                                   transformers.quantizers.quantizer_bnb_4bit
import time:      1193 |       1193 |                                   transformers.quantizers.quantizer_bnb_8bit
import time:       725 |        725 |                                   transformers.quantizers.quantizer_compressed_tensors
import time:       698 |        698 |                                   transformers.quantizers.quantizer_eetq
import time:      1143 |       1143 |                                   transformers.quantizers.quantizer_fbgemm_fp8
import time:      1020 |       1020 |                                   transformers.quantizers.quantizer_finegrained_fp8
import time:       917 |        917 |                                   transformers.quantizers.quantizer_fouroversix
import time:      1017 |       1017 |                                   transformers.quantizers.quantizer_fp_quant
import time:       801 |        801 |                                   transformers.quantizers.quantizer_gptq
import time:       947 |        947 |                                   transformers.quantizers.quantizer_higgs
import time:      1786 |       1786 |                                   transformers.quantizers.quantizer_hqq
import time:       819 |        819 |                                   transformers.quantizers.quantizer_metal
import time:      1686 |       1686 |                                   transformers.quantizers.quantizer_mxfp4
import time:       887 |        887 |                                   transformers.quantizers.quantizer_quanto
import time:       573 |        573 |                                   transformers.quantizers.quantizer_quark
import time:      1243 |       1243 |                                   transformers.quantizers.quantizer_sinq
import time:       983 |        983 |                                   transformers.quantizers.quantizer_spqr
import time:      8330 |       8330 |                                   transformers.quantizers.quantizer_torchao
import time:       550 |        550 |                                   transformers.quantizers.quantizer_vptq
import time:      2140 |     315157 |                                 transformers.quantizers.auto
import time:       248 |     315405 |                               transformers.quantizers
import time:      1140 |       1140 |                               transformers.safetensors_conversion
import time:       808 |        808 |                                 sentence_transformers.base.evaluation.evaluator
import time:       621 |        621 |                                 sentence_transformers.base.evaluation.sequential
import time:       316 |       1744 |                               sentence_transformers.base.evaluation
import time:      1416 |       1416 |                                       torchcodec._frame
import time:       103 |        103 |                                               torchcodec._internally_replaced_utils
import time:     82938 |      83041 |                                             torchcodec._core.ops
import time:      2612 |      85652 |                                           torchcodec._core._metadata
import time:       126 |      85778 |                                         torchcodec._core
import time:       177 |        177 |                                           torchcodec.decoders._decoder_utils
import time:       276 |        452 |                                         torchcodec.decoders._audio_decoder
import time:       377 |        377 |                                         torchcodec.decoders._video_decoder
import time:       144 |      86750 |                                       torchcodec.decoders
import time:       159 |        159 |                                         torchcodec.encoders._audio_encoder
import time:       218 |        218 |                                         torchcodec.encoders._video_encoder
import time:       112 |        489 |                                       torchcodec.encoders
import time:       162 |        162 |                                           torchcodec.samplers._common
import time:       207 |        369 |                                         torchcodec.samplers._index_based
import time:       160 |        160 |                                         torchcodec.samplers._time_based
import time:       105 |        632 |                                       torchcodec.samplers
import time:        71 |         71 |                                       torchcodec.version
import time:       298 |      89653 |                                     torchcodec
import time:        54 |      89707 |                                   torchcodec.decoders
import time:      1084 |      90790 |                                 sentence_transformers.base.modality_types
import time:      5556 |      96345 |                               sentence_transformers.base.modality
import time:      8006 |       8006 |                                 transformers.trainer_utils
import time:      1735 |       1735 |                                   transformers.debug_utils
import time:      9259 |       9259 |                                   transformers.trainer_pt_utils
import time:     14567 |      25561 |                                 transformers.training_args
import time:      7576 |       7576 |                                       transformers.cache_utils
import time:      1054 |       1054 |                                         transformers.utils.deprecation
import time:      6411 |       7464 |                                       transformers.masking_utils
import time:      6864 |       6864 |                                       transformers.generation.candidate_generator
import time:      3099 |       3099 |                                       transformers.generation.stopping_criteria
import time:     25955 |      50955 |                                     transformers.models.auto.auto_factory
import time:     17932 |      68887 |                                   transformers.models.auto.modeling_auto
import time:      4779 |      73665 |                                 transformers.modelcard
import time:      4994 |       4994 |                                   sentence_transformers.base.sampler
import time:      4666 |       9660 |                                 sentence_transformers.base.training_args
import time:     41688 |     158578 |                               sentence_transformers.base.model_card
import time:      1881 |       1881 |                                   sentence_transformers.base.modules.module
import time:      1056 |       2937 |                                 sentence_transformers.base.modules.dense
import time:       800 |        800 |                                 sentence_transformers.base.modules.input_module
import time:      3413 |       3413 |                                 sentence_transformers.base.modules.router
import time:      3485 |       3485 |                                   transformers.feature_extraction_utils
import time:      2309 |       2309 |                                     transformers.image_processing_base
import time:      4185 |       4185 |                                       huggingface_hub.dataclasses
import time:       517 |        517 |                                             _cffi_backend
import time:       176 |        693 |                                           _soundfile
import time:       164 |        164 |                                           _soundfile_data
import time:      1148 |       2004 |                                         soundfile
import time:       242 |        242 |                                           lazy_loader
import time:       144 |        144 |                                           librosa.version
import time:       688 |       1073 |                                         librosa
import time:       617 |        617 |                                           soxr.soxr_ext
import time:       110 |        110 |                                           soxr._version
import time:       282 |       1009 |                                         soxr
import time:      7252 |      11335 |                                       transformers.audio_utils
import time:      5779 |       5779 |                                         transformers.video_utils
import time:      1394 |       7173 |                                       transformers.utils.type_validators
import time:     18068 |      40760 |                                     transformers.processing_utils
import time:      1624 |      44691 |                                   transformers.image_processing_utils
import time:       110 |        110 |                                                     torchvision.tv_tensors._torch_function_helpers
import time:       209 |        318 |                                                   torchvision.tv_tensors._tv_tensor
import time:       334 |        651 |                                                 torchvision.tv_tensors._bounding_boxes
import time:       121 |        121 |                                                 torchvision.tv_tensors._image
import time:       129 |        129 |                                                 torchvision.tv_tensors._keypoints
import time:       274 |        274 |                                                 torchvision.tv_tensors._mask
import time:        99 |         99 |                                                 torchvision.tv_tensors._video
import time:       171 |       1443 |                                               torchvision.tv_tensors
import time:       248 |       1690 |                                             torchvision.transforms.v2.functional._utils
import time:       373 |        373 |                                             torchvision.transforms.v2.functional._meta
import time:       154 |        154 |                                             torchvision.transforms.v2.functional._augment
import time:       247 |        247 |                                               torchvision.transforms.v2.functional._misc
import time:       115 |        115 |                                               torchvision.transforms.v2.functional._type_conversion
import time:       477 |        838 |                                             torchvision.transforms.v2.functional._color
import time:      1175 |       1175 |                                             torchvision.transforms.v2.functional._geometry
import time:       137 |        137 |                                             torchvision.transforms.v2.functional._temporal
import time:       100 |        100 |                                             torchvision.transforms.v2.functional._deprecated
import time:       314 |       4779 |                                           torchvision.transforms.v2.functional
import time:       163 |        163 |                                             torchvision.transforms.v2._utils
import time:       196 |        358 |                                           torchvision.transforms.v2._transform
import time:       335 |        335 |                                           torchvision.transforms.v2._augment
import time:       647 |        647 |                                           torchvision.transforms.v2._auto_augment
import time:       477 |        477 |                                           torchvision.transforms.v2._color
import time:       236 |        236 |                                           torchvision.transforms.v2._container
import time:       923 |        923 |                                           torchvision.transforms.v2._geometry
import time:       214 |        214 |                                           torchvision.transforms.v2._meta
import time:       429 |        429 |                                           torchvision.transforms.v2._misc
import time:       123 |        123 |                                           torchvision.transforms.v2._temporal
import time:       172 |        172 |                                           torchvision.transforms.v2._type_conversion
import time:       121 |        121 |                                           torchvision.transforms.v2._deprecated
import time:       294 |       9101 |                                         torchvision.transforms.v2
import time:        32 |       9133 |                                       torchvision.transforms.v2.functional
import time:     11719 |      20851 |                                     transformers.image_processing_utils_fast
import time:      4088 |      24939 |                                   transformers.video_processing_utils
import time:      1797 |       1797 |                                   transformers.models.auto.feature_extraction_auto
import time:       643 |        643 |                                     transformers.models.encoder_decoder
import time:      6063 |       6706 |                                   transformers.models.auto.tokenization_auto
import time:      1905 |       1905 |                                   transformers.models.auto.video_processing_auto
import time:      1196 |       1196 |                                   transformers.models.siglip
import time:       134 |        134 |                                       timm.version
import time:       337 |        337 |                                         timm.layers.activations
import time:       262 |        262 |                                           timm.layers.format
import time:       232 |        494 |                                         timm.layers.adaptive_avgmax_pool
import time:       290 |        290 |                                           timm.layers.config
import time:        86 |         86 |                                             timm.layers.grid
import time:        75 |         75 |                                             timm.layers.trace_utils
import time:       311 |        471 |                                           timm.layers.pos_embed_sincos
import time:       225 |        984 |                                         timm.layers.attention
import time:        80 |         80 |                                                   timm.layers.helpers
import time:       154 |        233 |                                                 timm.layers.padding
import time:       143 |        376 |                                               timm.layers.conv2d_same
import time:       104 |        479 |                                             timm.layers.mixed_conv2d
import time:       127 |        127 |                                             timm.layers.cond_conv2d
import time:       115 |        720 |                                           timm.layers.create_conv2d
import time:       151 |        151 |                                           timm.layers.pool2d_same
import time:       257 |       1127 |                                         timm.layers.attention2d
import time:        96 |         96 |                                             timm.layers.grn
import time:       190 |        286 |                                           timm.layers.mlp
import time:       116 |        116 |                                           timm.layers.weight_init
import time:       152 |        552 |                                         timm.layers.attention_pool
import time:       116 |        116 |                                           timm.layers.pos_embed
import time:       301 |        416 |                                         timm.layers.attention_pool2d
import time:       138 |        138 |                                           timm.layers.typing
import time:       129 |        267 |                                         timm.layers.blur_pool
import time:       368 |        368 |                                             timm.layers.activations_me
import time:       298 |        665 |                                           timm.layers.create_act
import time:       127 |        127 |                                                             apex.multi_tensor_apply.multi_tensor_apply
import time:       819 |        819 |                                                             amp_C
import time:       114 |       1060 |                                                           apex.multi_tensor_apply
import time:       295 |       1354 |                                                         apex.optimizers.fused_sgd
import time:       198 |        198 |                                                         apex.optimizers.fused_adam
import time:       133 |        133 |                                                         apex.optimizers.fused_novograd
import time:       113 |        113 |                                                         apex.optimizers.fused_lamb
import time:        98 |         98 |                                                         apex.optimizers.fused_adagrad
import time:       185 |        185 |                                                         apex.optimizers.fused_mixed_precision_lamb
import time:       162 |       2239 |                                                       apex.optimizers
import time:       118 |        118 |                                                           apex._autocast_utils
import time:     19734 |      19851 |                                                         apex.normalization.fused_layer_norm
import time:       124 |      19975 |                                                       apex.normalization
import time:        82 |         82 |                                                               apex.transformer.log_util
import time:        91 |         91 |                                                                 torch_ucc
import time:        88 |        178 |                                                               apex.transformer._ucc_util
import time:       289 |        549 |                                                             apex.transformer.parallel_state
import time:       202 |        750 |                                                           apex.transformer.amp.grad_scaler
import time:       134 |        884 |                                                         apex.transformer.amp
import time:       506 |        506 |                                                           apex.transformer.functional.fused_rope
import time:       359 |        359 |                                                             apex.transformer.enums
import time:       337 |        695 |                                                           apex.transformer.functional.fused_softmax
import time:       126 |       1327 |                                                         apex.transformer.functional
import time:       196 |        196 |                                                               apex.transformer.microbatches
import time:       137 |        137 |                                                               apex.transformer.pipeline_parallel._timers
import time:       333 |        665 |                                                             apex.transformer.pipeline_parallel.utils
import time:       265 |        265 |                                                                   apex.transformer.utils
import time:       447 |        712 |                                                                 apex.transformer.pipeline_parallel.p2p_communication
import time:       142 |        142 |                                                                       apex.transformer.tensor_parallel.utils
import time:       227 |        368 |                                                                     apex.transformer.tensor_parallel.cross_entropy
import time:       120 |        120 |                                                                     apex.transformer.tensor_parallel.data
import time:       379 |        379 |                                                                       apex.transformer.tensor_parallel.mappings
import time:       138 |        138 |                                                                         apex.transformer.tensor_parallel.memory
import time:       227 |        364 |                                                                       apex.transformer.tensor_parallel.random
import time:       553 |        553 |                                                                       fused_weight_gradient_mlp_cuda
import time:      1383 |       2677 |                                                                     apex.transformer.tensor_parallel.layers
import time:       176 |       3340 |                                                                   apex.transformer.tensor_parallel
import time:        33 |       3372 |                                                                 apex.transformer.tensor_parallel.layers
import time:       499 |       4582 |                                                               apex.transformer.pipeline_parallel.schedules.common
import time:       156 |       4737 |                                                             apex.transformer.pipeline_parallel.schedules.fwd_bwd_no_pipelining
import time:       335 |        335 |                                                             apex.transformer.pipeline_parallel.schedules.fwd_bwd_pipelining_with_interleaving
import time:       346 |        346 |                                                             apex.transformer.pipeline_parallel.schedules.fwd_bwd_pipelining_without_interleaving
import time:       192 |       6274 |                                                           apex.transformer.pipeline_parallel.schedules
import time:       120 |       6393 |                                                         apex.transformer.pipeline_parallel
import time:       231 |       8833 |                                                       apex.transformer
import time:       303 |      31349 |                                                     apex
import time:        12 |      31361 |                                                   apex.normalization
import time:        16 |      31376 |                                                 apex.normalization.fused_layer_norm
import time:       132 |      31507 |                                               timm.layers.fast_norm
import time:       278 |      31785 |                                             timm.layers.norm
import time:       134 |      31919 |                                           timm.layers.create_norm
import time:       233 |      32816 |                                         timm.layers.classifier
import time:       299 |        299 |                                             timm.layers.evo_norm
import time:       140 |        140 |                                             timm.layers.filter_response_norm
import time:       349 |        349 |                                             timm.layers.norm_act
import time:        88 |         88 |                                                 inplace_abn
import time:        25 |        112 |                                               inplace_abn.functions
import time:       125 |        237 |                                             timm.layers.inplace_abn
import time:       172 |       1195 |                                           timm.layers.create_norm_act
import time:       229 |       1424 |                                         timm.layers.conv_bn_act
import time:       320 |        320 |                                           timm.layers.bottleneck_attn
import time:       196 |        196 |                                           timm.layers.cbam
import time:       116 |        116 |                                           timm.layers.eca
import time:       113 |        113 |                                           timm.layers.gather_excite
import time:       105 |        105 |                                           timm.layers.global_context
import time:       138 |        138 |                                           timm.layers.halo_attn
import time:       125 |        125 |                                           timm.layers.lambda_layer
import time:       167 |        167 |                                           timm.layers.non_local_attn
import time:       128 |        128 |                                           timm.layers.selective_kernel
import time:       116 |        116 |                                           timm.layers.split_attn
import time:       122 |        122 |                                           timm.layers.squeeze_excite
import time:       167 |       1807 |                                         timm.layers.create_attn
import time:       140 |        140 |                                         timm.layers.drop
import time:       521 |        521 |                                           timm.layers.patch_embed
import time:       226 |        746 |                                         timm.layers.hybrid_embed
import time:       139 |        139 |                                         timm.layers.layer_scale
import time:       105 |        105 |                                         timm.layers.linear
import time:       138 |        138 |                                         timm.layers.patch_dropout
import time:        81 |         81 |                                         timm.layers.pool1d
import time:       117 |        117 |                                           timm.layers.interpolate
import time:       271 |        387 |                                         timm.layers.pos_embed_rel
import time:       131 |        131 |                                         timm.layers.separable_conv
import time:       122 |        122 |                                         timm.layers.space_to_depth
import time:       120 |        120 |                                         timm.layers.split_batchnorm
import time:       156 |        156 |                                         timm.layers.std_conv
import time:       109 |        109 |                                         timm.layers.test_time_pool
import time:       370 |      42958 |                                       timm.layers
import time:      1174 |       1174 |                                               PIL.ImageChops
import time:       746 |       1919 |                                             timm.data.auto_augment
import time:        86 |         86 |                                               timm.data.constants
import time:       166 |        251 |                                             timm.data.config
import time:       118 |        118 |                                                         timm.utils.agc
import time:       172 |        172 |                                                         timm.utils.attention_extract
import time:       323 |        323 |                                                             timm.utils.model_ema
import time:       155 |        478 |                                                           timm.utils.model
import time:       152 |        629 |                                                         timm.utils.checkpoint_saver
import time:        84 |         84 |                                                         timm.utils.clip_grad
import time:        33 |         33 |                                                           apex.amp
import time:       124 |        156 |                                                         timm.utils.cuda
import time:        75 |         75 |                                                         timm.utils.decay_batch
import time:       123 |        123 |                                                         timm.utils.distributed
import time:        99 |         99 |                                                         timm.utils.jit
import time:       674 |        674 |                                                           logging.handlers
import time:       105 |        779 |                                                         timm.utils.log
import time:       104 |        104 |                                                         timm.utils.metrics
import time:       104 |        104 |                                                         timm.utils.misc
import time:        84 |         84 |                                                         timm.utils.random
import time:       473 |        473 |                                                               wandb.errors.errors
import time:       356 |        828 |                                                             wandb.errors
import time:      2676 |       2676 |                                                             wandb.errors.term
import time:       438 |        438 |                                                                     wandb.sdk.lib.lazyloader
import time:       370 |        370 |                                                                     wandb.sdk.lib.disabled
import time:       986 |        986 |                                                                     wandb.sdk.lib.run_moment
import time:       279 |       2070 |                                                                   wandb.sdk.lib
import time:      2478 |       2478 |                                                                           platformdirs.api
import time:       268 |        268 |                                                                           platformdirs.version
import time:      1439 |       1439 |                                                                             platformdirs._xdg
import time:      2069 |       3507 |                                                                           platformdirs.unix
import time:      3004 |       9255 |                                                                         platformdirs
import time:      2935 |      12190 |                                                                       wandb.env
import time:       813 |        813 |                                                                         wandb.sdk.lib.paths
import time:       329 |        329 |                                                                             google.protobuf
import time:       191 |        191 |                                                                               google.protobuf.internal
import time:        48 |         48 |                                                                                 google.protobuf.internal._api_implementation
import time:      1412 |       1412 |                                                                                 google.protobuf.message
import time:       670 |        670 |                                                                                 google.protobuf.internal.enum_type_wrapper
import time:        48 |         48 |                                                                                 google.protobuf.enable_deterministic_proto_serialization
import time:      1722 |       3898 |                                                                               google.protobuf.internal.api_implementation
import time:      5965 |      10052 |                                                                             google.protobuf.descriptor
import time:      1089 |       1089 |                                                                               google.protobuf.descriptor_database
import time:       925 |        925 |                                                                               google.protobuf.text_encoding
import time:       144 |        144 |                                                                               google.protobuf.internal.python_edition_defaults
import time:       352 |        352 |                                                                                   encodings.raw_unicode_escape
import time:       175 |        175 |                                                                                   encodings.unicode_escape
import time:      5038 |       5038 |                                                                                     google.protobuf.internal.containers
import time:      1221 |       1221 |                                                                                       google.protobuf.internal.wire_format
import time:      4601 |       5822 |                                                                                     google.protobuf.internal.encoder
import time:      5268 |      16127 |                                                                                   google.protobuf.internal.decoder
import time:      2314 |       2314 |                                                                                   google.protobuf.internal.type_checkers
import time:       699 |        699 |                                                                                   google.protobuf.unknown_fields
import time:      9312 |      28977 |                                                                                 google.protobuf.text_format
import time:      1129 |       1129 |                                                                                 google.protobuf.internal.extension_dict
import time:       256 |        256 |                                                                                 google.protobuf.internal.message_listener
import time:      1992 |       1992 |                                                                                   google.protobuf.internal.field_mask
import time:      5099 |       7090 |                                                                                 google.protobuf.internal.well_known_types
import time:      8249 |      45699 |                                                                               google.protobuf.internal.python_message
import time:      5848 |      53703 |                                                                             google.protobuf.descriptor_pool
import time:       705 |        705 |                                                                             google.protobuf.runtime_version
import time:       134 |        134 |                                                                                 google.protobuf.pyext
import time:       240 |        240 |                                                                                 google.protobuf.pyext.cpp_message
import time:       813 |       1186 |                                                                               google.protobuf.message_factory
import time:       667 |       1852 |                                                                             google.protobuf.symbol_database
import time:       145 |        145 |                                                                               google.protobuf.reflection
import time:       722 |        867 |                                                                             google.protobuf.internal.builder
import time:       690 |      68196 |                                                                           google.protobuf.wrappers_pb2
import time:       728 |        728 |                                                                                 wandb._pydantic.utils
import time:       513 |        513 |                                                                                 pydantic.alias_generators
import time:      2532 |       3772 |                                                                               wandb._pydantic.v1_compat
import time:     13091 |      16863 |                                                                             wandb._pydantic.base
import time:       388 |        388 |                                                                             wandb._pydantic.field_types
import time:      8013 |       8013 |                                                                             wandb._pydantic.pagination
import time:       345 |      25606 |                                                                           wandb._pydantic
import time:       158 |        158 |                                                                           wandb.proto
import time:        64 |         64 |                                                                               wandb.proto.v7
import time:       847 |        911 |                                                                             wandb.proto.v7.wandb_settings_pb2
import time:       274 |       1185 |                                                                           wandb.proto.wandb_settings_pb2
import time:       364 |        364 |                                                                                     wandb.proto.v7.wandb_base_pb2
import time:       196 |        559 |                                                                                   wandb.proto.wandb_base_pb2
import time:       657 |       1216 |                                                                                 wandb.proto.v7.wandb_telemetry_pb2
import time:       212 |       1427 |                                                                               wandb.proto.wandb_telemetry_pb2
import time:      1037 |       2463 |                                                                             wandb.sdk.lib.telemetry
import time:       356 |       2819 |                                                                           wandb.sdk.lib.deprecation
import time:      1171 |       1171 |                                                                           wandb.sdk.lib.settings_file
import time:       580 |        580 |                                                                           wandb.sdk.lib.urls
import time:       841 |        841 |                                                                           wandb.sdk.lib.credentials
import time:      1004 |       1004 |                                                                           wandb.sdk.lib.ipython
import time:       526 |        526 |                                                                           pydantic._internal._serializers
import time:      1519 |       1519 |                                                                             pydantic._internal._dataclasses
import time:      2242 |       3761 |                                                                           pydantic.dataclasses
import time:     64874 |     170715 |                                                                         wandb.sdk.wandb_settings
import time:      4010 |     175537 |                                                                       wandb.sdk.lib.filesystem
import time:       404 |        404 |                                                                       wandb.sdk.lib.runid
import time:       124 |        124 |                                                                           wandb.vendor
import time:        90 |        214 |                                                                         wandb.vendor.wandb_orjson
import time:       654 |        868 |                                                                       wandb.sdk.lib.json_util
import time:     15006 |     204003 |                                                                     wandb.util
import time:       964 |     204966 |                                                                   wandb.sdk.lib.config_util
import time:       607 |     207643 |                                                                 wandb.sdk.wandb_helper
import time:       137 |        137 |                                                                   wandb.sdk.artifacts
import time:       211 |        211 |                                                                     multiprocessing.dummy.connection
import time:       349 |        559 |                                                                   multiprocessing.dummy
import time:       110 |        110 |                                                                       wandb.sdk.data_types
import time:      6104 |       6104 |                                                                       wandb.sdk.data_types._dtypes
import time:       534 |        534 |                                                                       wandb.sdk.data_types._private
import time:       126 |        126 |                                                                         wandb.sdk.data_types.base_types
import time:       159 |        159 |                                                                               wandb.integration
import time:       436 |        436 |                                                                                     wandb.sdk.lib.wbauth.validation
import time:       522 |        522 |                                                                                     wandb.sdk.lib.wbauth.host_url
import time:      1647 |       2604 |                                                                                   wandb.sdk.lib.wbauth.auth
import time:       833 |        833 |                                                                                       wandb.errors.links
import time:       187 |        187 |                                                                                       wandb.sdk.lib.wbauth.saas
import time:      1029 |       1029 |                                                                                       wandb.sdk.lib.wbauth.wbnetrc
import time:      1016 |       3063 |                                                                                     wandb.sdk.lib.wbauth.prompt
import time:      1227 |       4290 |                                                                                   wandb.sdk.lib.wbauth.authenticate
import time:       209 |       7102 |                                                                                 wandb.sdk.lib.wbauth
import time:       416 |       7517 |                                                                               wandb.integration.sagemaker.auth
import time:       124 |        124 |                                                                                 wandb.integration.sagemaker.files
import time:       473 |        597 |                                                                               wandb.integration.sagemaker.config
import time:       481 |        481 |                                                                               wandb.integration.sagemaker.resources
import time:       269 |       9021 |                                                                             wandb.integration.sagemaker
import time:      2484 |       2484 |                                                                               wandb.sdk.lib.asyncio_compat
import time:      1315 |       3798 |                                                                             wandb.sdk.lib.asyncio_manager
import time:      1413 |       1413 |                                                                             wandb.sdk.lib.import_hooks
import time:       688 |        688 |                                                                             wandb.sdk.lib.wb_logging
import time:       475 |        475 |                                                                             wandb.sdk.lib.server
import time:      3112 |      18504 |                                                                           wandb.sdk.wandb_setup
import time:      1521 |      20025 |                                                                         wandb.sdk.data_types.base_types.wb_value
import time:      2170 |      22320 |                                                                       wandb.sdk.data_types.base_types.media
import time:      1479 |      30545 |                                                                     wandb.sdk.data_types.audio
import time:       365 |        365 |                                                                       wandb._strutils
import time:       951 |       1315 |                                                                     wandb.sdk.data_types.bokeh
import time:      2488 |       2488 |                                                                     wandb.sdk.data_types.graph
import time:       157 |        157 |                                                                       wandb.sdk.data_types.helper_types
import time:       561 |        561 |                                                                       wandb.sdk.data_types.base_types.json_metadata
import time:      1366 |       2083 |                                                                     wandb.sdk.data_types.helper_types.bounding_boxes_2d
import time:      1274 |       1274 |                                                                     wandb.sdk.data_types.helper_types.classes
import time:      1179 |       1179 |                                                                     wandb.sdk.data_types.helper_types.image_mask
import time:       800 |        800 |                                                                     wandb.sdk.data_types.histogram
import time:      1137 |       1137 |                                                                     wandb.sdk.data_types.html
import time:       823 |        823 |                                                                       wandb.sdk.lib.hashutil
import time:      5771 |       6593 |                                                                     wandb.sdk.data_types.image
import time:      1482 |       1482 |                                                                     wandb.sdk.data_types.molecule
import time:      2655 |       2655 |                                                                     wandb.sdk.data_types.object_3d
import time:       806 |        806 |                                                                     wandb.sdk.data_types.plotly
import time:      3255 |       3255 |                                                                     wandb.sdk.data_types.saved_model
import time:       792 |        792 |                                                                       wandb.sdk.data_types.table_decorators
import time:       141 |        141 |                                                                         wandb.sdk.internal
import time:       388 |        388 |                                                                         wandb.sdk.internal.incremental_table_util
import time:      1668 |       2196 |                                                                       wandb.sdk.data_types.utils
import time:      8779 |      11766 |                                                                     wandb.sdk.data_types.table
import time:      3945 |       3945 |                                                                     wandb.sdk.data_types.trace_tree
import time:       476 |        476 |                                                                         wandb.sdk.lib.sparkline
import time:      3400 |       3876 |                                                                       wandb.sdk.lib.printer
import time:       502 |        502 |                                                                       wandb.sdk.lib.printer_asyncio
import time:      1974 |       6351 |                                                                     wandb.sdk.data_types.video
import time:       567 |      78234 |                                                                   wandb.data_types
import time:       551 |        551 |                                                                   wandb._iterutils
import time:       140 |        140 |                                                                                       wandb_graphql.pyutils
import time:       628 |        768 |                                                                                     wandb_graphql.pyutils.version
import time:       150 |        150 |                                                                                               wandb_promise.pyutils
import time:       654 |        803 |                                                                                             wandb_promise.pyutils.version
import time:       958 |        958 |                                                                                               wandb_promise.async_
import time:       184 |        184 |                                                                                                 wandb_promise.iterate_promise
import time:       338 |        522 |                                                                                               wandb_promise.compat
import time:       521 |        521 |                                                                                               wandb_promise.utils
import time:       897 |        897 |                                                                                               wandb_promise.promise_list
import time:       124 |        124 |                                                                                                 wandb_promise.schedulers
import time:       341 |        464 |                                                                                               wandb_promise.schedulers.immediate
import time:      4241 |       7601 |                                                                                             wandb_promise.promise
import time:       338 |       8741 |                                                                                           wandb_promise
import time:       102 |        102 |                                                                                                 wandb_graphql.language
import time:       380 |        482 |                                                                                               wandb_graphql.language.location
import time:       533 |       1014 |                                                                                             wandb_graphql.error.base
import time:       326 |        326 |                                                                                             wandb_graphql.error.located_error
import time:       388 |        388 |                                                                                             wandb_graphql.error.syntax_error
import time:       193 |        193 |                                                                                             wandb_graphql.error.format_error
import time:       210 |       2128 |                                                                                           wandb_graphql.error
import time:       439 |        439 |                                                                                           wandb_graphql.pyutils.default_ordered_dict
import time:       140 |        140 |                                                                                             cyordereddict
import time:       166 |        306 |                                                                                           wandb_graphql.pyutils.ordereddict
import time:      6464 |       6464 |                                                                                               wandb_graphql.language.ast
import time:       324 |        324 |                                                                                               wandb_graphql.pyutils.cached_property
import time:       113 |        113 |                                                                                                 wandb_graphql.utils
import time:       231 |        343 |                                                                                               wandb_graphql.utils.assert_valid_name
import time:      3281 |      10411 |                                                                                             wandb_graphql.type.definition
import time:       689 |        689 |                                                                                               wandb_graphql.type.scalars
import time:       743 |       1432 |                                                                                             wandb_graphql.type.directives
import time:       776 |        776 |                                                                                                     wandb_graphql.language.visitor_meta
import time:      1634 |       2409 |                                                                                                   wandb_graphql.language.visitor
import time:      1522 |       3930 |                                                                                                 wandb_graphql.language.printer
import time:       607 |        607 |                                                                                                 wandb_graphql.utils.ast_from_value
import time:      2751 |       7287 |                                                                                               wandb_graphql.type.introspection
import time:       555 |        555 |                                                                                                 wandb_graphql.utils.type_comparators
import time:      1253 |       1807 |                                                                                               wandb_graphql.type.typemap
import time:       656 |       9749 |                                                                                             wandb_graphql.type.schema
import time:       248 |      21838 |                                                                                           wandb_graphql.type
import time:       312 |        312 |                                                                                             wandb_graphql.utils.type_from_ast
import time:       535 |        535 |                                                                                               wandb_graphql.utils.is_valid_value
import time:       495 |        495 |                                                                                               wandb_graphql.utils.value_from_ast
import time:       925 |       1955 |                                                                                             wandb_graphql.execution.values
import time:      1924 |       4189 |                                                                                           wandb_graphql.execution.base
import time:       115 |        115 |                                                                                             wandb_graphql.execution.executors
import time:       233 |        348 |                                                                                           wandb_graphql.execution.executors.sync
import time:       101 |        101 |                                                                                             wandb_graphql.execution.experimental
import time:       484 |        484 |                                                                                             wandb_graphql.execution.middleware
import time:      1732 |       1732 |                                                                                             wandb_graphql.execution.experimental.fragment
import time:       604 |       2919 |                                                                                           wandb_graphql.execution.experimental.executor
import time:      2255 |      43159 |                                                                                         wandb_graphql.execution.executor
import time:       168 |      43326 |                                                                                       wandb_graphql.execution
import time:      2371 |       2371 |                                                                                         wandb_graphql.language.lexer
import time:       314 |        314 |                                                                                         wandb_graphql.language.source
import time:      4006 |       6690 |                                                                                       wandb_graphql.language.parser
import time:       286 |        286 |                                                                                             wandb_graphql.utils.get_field_def
import time:      1297 |       1582 |                                                                                           wandb_graphql.utils.type_info
import time:       614 |        614 |                                                                                               wandb_graphql.utils.is_valid_literal_value
import time:       215 |        215 |                                                                                               wandb_graphql.validation.rules.base
import time:       422 |       1250 |                                                                                             wandb_graphql.validation.rules.arguments_of_correct_type
import time:       500 |        500 |                                                                                             wandb_graphql.validation.rules.default_values_of_correct_type
import time:       329 |        329 |                                                                                               wandb_graphql.utils.quoted_or_list
import time:       535 |        535 |                                                                                               wandb_graphql.utils.suggestion_list
import time:       812 |       1675 |                                                                                             wandb_graphql.validation.rules.fields_on_correct_type
import time:       401 |        401 |                                                                                             wandb_graphql.validation.rules.fragments_on_composite_types
import time:       569 |        569 |                                                                                             wandb_graphql.validation.rules.known_argument_names
import time:       717 |        717 |                                                                                             wandb_graphql.validation.rules.known_directives
import time:       292 |        292 |                                                                                             wandb_graphql.validation.rules.known_fragment_names
import time:       387 |        387 |                                                                                             wandb_graphql.validation.rules.known_type_names
import time:       365 |        365 |                                                                                             wandb_graphql.validation.rules.lone_anonymous_operation
import time:       620 |        620 |                                                                                             wandb_graphql.validation.rules.no_fragment_cycles
import time:       427 |        427 |                                                                                             wandb_graphql.validation.rules.no_undefined_variables
import time:       443 |        443 |                                                                                             wandb_graphql.validation.rules.no_unused_fragments
import time:       454 |        454 |                                                                                             wandb_graphql.validation.rules.no_unused_variables
import time:       480 |        480 |                                                                                               wandb_graphql.pyutils.pair_set
import time:      2589 |       3068 |                                                                                             wandb_graphql.validation.rules.overlapping_fields_can_be_merged
import time:       517 |        517 |                                                                                             wandb_graphql.validation.rules.possible_fragment_spreads
import time:       533 |        533 |                                                                                             wandb_graphql.validation.rules.provided_non_null_arguments
import time:       383 |        383 |                                                                                             wandb_graphql.validation.rules.scalar_leafs
import time:       376 |        376 |                                                                                             wandb_graphql.validation.rules.unique_argument_names
import time:       455 |        455 |                                                                                             wandb_graphql.validation.rules.unique_fragment_names
import time:       428 |        428 |                                                                                             wandb_graphql.validation.rules.unique_input_field_names
import time:       360 |        360 |                                                                                             wandb_graphql.validation.rules.unique_operation_names
import time:       340 |        340 |                                                                                             wandb_graphql.validation.rules.unique_variable_names
import time:       299 |        299 |                                                                                             wandb_graphql.validation.rules.variables_are_input_types
import time:       540 |        540 |                                                                                             wandb_graphql.validation.rules.variables_in_allowed_position
import time:       599 |      15987 |                                                                                           wandb_graphql.validation.rules
import time:      1369 |      18937 |                                                                                         wandb_graphql.validation.validation
import time:       158 |      19094 |                                                                                       wandb_graphql.validation
import time:       377 |      69486 |                                                                                     wandb_graphql.graphql
import time:       189 |        189 |                                                                                     wandb_graphql.language.base
import time:       114 |        114 |                                                                                       wandb_graphql.utils.introspection_query
import time:       196 |        196 |                                                                                       wandb_graphql.utils.get_operation_ast
import time:      1753 |       1753 |                                                                                       wandb_graphql.utils.build_client_schema
import time:      2066 |       2066 |                                                                                       wandb_graphql.utils.build_ast_schema
import time:      2217 |       2217 |                                                                                       wandb_graphql.utils.extend_schema
import time:      1263 |       1263 |                                                                                       wandb_graphql.utils.schema_printer
import time:       222 |        222 |                                                                                       wandb_graphql.utils.concat_ast
import time:       331 |       8158 |                                                                                     wandb_graphql.utils.base
import time:       572 |      79170 |                                                                                   wandb_graphql
import time:        22 |      79192 |                                                                                 wandb_graphql.language
import time:        19 |      79211 |                                                                               wandb_graphql.language.parser
import time:       226 |      79436 |                                                                             wandb_gql.gql
import time:       121 |        121 |                                                                                 wandb_gql.transport
import time:       269 |        389 |                                                                               wandb_gql.transport.local_schema
import time:       759 |       1147 |                                                                             wandb_gql.client
import time:       370 |      80952 |                                                                           wandb_gql
import time:      2098 |       2098 |                                                                             wandb.analytics.sentry
import time:       150 |       2248 |                                                                           wandb.analytics
import time:       729 |        729 |                                                                           wandb.apis.normalize
import time:       401 |        401 |                                                                               google.protobuf.empty_pb2
import time:       514 |        514 |                                                                               google.protobuf.timestamp_pb2
import time:      5317 |       6231 |                                                                             wandb.proto.v7.wandb_internal_pb2
import time:       289 |       6520 |                                                                           wandb.proto.wandb_internal_pb2
import time:     25053 |      25053 |                                                                           wandb.sdk.internal.settings_static
import time:       168 |        168 |                                                                             wandb.sdk.internal._generated.operations
import time:      5853 |       5853 |                                                                             wandb.sdk.internal._generated.server_features_query
import time:       251 |       6272 |                                                                           wandb.sdk.internal._generated
import time:       228 |        228 |                                                                             wandb_gql.transport.http
import time:      1265 |       1265 |                                                                             wandb._analytics
import time:       768 |       2259 |                                                                           wandb.sdk.lib.gql_request
import time:      2655 |       2655 |                                                                           wandb.sdk.lib.retry
import time:       662 |        662 |                                                                           wandb.sdk.lib.filenames
import time:       616 |        616 |                                                                           wandb.sdk.internal.context
import time:       647 |        647 |                                                                           wandb.sdk.internal.progress
import time:     17762 |     146369 |                                                                         wandb.sdk.internal.internal_api
import time:      1634 |     148003 |                                                                       wandb.apis.internal
import time:       216 |        216 |                                                                           wandb.apis.public.const
import time:      1619 |       1619 |                                                                               wandb.apis.paginator
import time:      1144 |       1144 |                                                                               wandb.apis.public.registries._utils
import time:      2282 |       5044 |                                                                             wandb.apis.public.registries.registries_search
import time:       586 |        586 |                                                                                 wandb.apis.attrs
import time:      1101 |       1687 |                                                                               wandb.apis.public.teams
import time:      1007 |       1007 |                                                                               wandb.apis.public.users
import time:      3924 |       3924 |                                                                                   wandb.sdk.artifacts._models.base_model
import time:      4910 |       8833 |                                                                                 wandb.sdk.artifacts._models.artifact_collection
import time:      1470 |       1470 |                                                                                   wandb.apis.public.registries._freezable_list
import time:      6817 |       8287 |                                                                                 wandb.sdk.artifacts._models.registry
import time:       232 |      17350 |                                                                               wandb.sdk.artifacts._models
import time:      6619 |       6619 |                                                                               wandb.apis.public.registries._members
import time:      3072 |      29733 |                                                                             wandb.apis.public.registries.registry
import time:       159 |      34934 |                                                                           wandb.apis.public.registries
import time:      1025 |       1025 |                                                                               wandb.proto.v7.wandb_api_pb2
import time:       256 |       1280 |                                                                             wandb.proto.wandb_api_pb2
import time:        73 |         73 |                                                                               wandb.sdk.lib.service
import time:       584 |        584 |                                                                                 wandb.proto.v7.wandb_sync_pb2
import time:       268 |        852 |                                                                               wandb.proto.wandb_sync_pb2
import time:       849 |        849 |                                                                                 wandb.proto.v7.wandb_server_pb2
import time:       198 |       1047 |                                                                               wandb.proto.wandb_server_pb2
import time:       114 |        114 |                                                                                 wandb.sdk.interface
import time:       827 |        827 |                                                                                     wandb.sdk.mailbox.mailbox_handle
import time:      1033 |       1033 |                                                                                     wandb.sdk.mailbox.response_handle
import time:      1015 |       2875 |                                                                                   wandb.sdk.mailbox.mailbox
import time:       721 |        721 |                                                                                   wandb.sdk.mailbox.wait_with_progress
import time:       258 |       3853 |                                                                                 wandb.sdk.mailbox
import time:       569 |        569 |                                                                                 wandb.sdk.interface.summary_record
import time:      6640 |      11174 |                                                                               wandb.sdk.interface.interface
import time:      3244 |       3244 |                                                                                 wandb.sdk.interface.interface_shared
import time:       637 |       3880 |                                                                               wandb.sdk.interface.interface_sock
import time:       618 |        618 |                                                                               wandb.sdk.lib.exit_hooks
import time:      1196 |       1196 |                                                                               wandb.sdk.lib.service.service_client
import time:       165 |        165 |                                                                                 wandb.sdk.lib.service.ipc_support
import time:      1317 |       1317 |                                                                                   wandb.sdk.lib.service.service_token
import time:       736 |       2052 |                                                                                 wandb.sdk.lib.service.service_port_file
import time:      1004 |       3221 |                                                                               wandb.sdk.lib.service.service_process
import time:      2476 |      24534 |                                                                             wandb.sdk.lib.service.service_connection
import time:       877 |      26689 |                                                                           wandb.apis.public.service_api
import time:      1521 |       1521 |                                                                           wandb.apis.public.utils
import time:      1596 |       1596 |                                                                           wandb.sdk.wandb_login
import time:      1741 |       1741 |                                                                           wandb.sdk.artifacts._gqlutils
import time:       523 |        523 |                                                                                     wandb.docker.names
import time:      1982 |       2505 |                                                                                   wandb.docker
import time:       219 |        219 |                                                                                   wandb.sdk.launch.errors
import time:       105 |        105 |                                                                                     wandb.sdk.launch.builder
import time:        70 |         70 |                                                                                       wandb.sdk.launch.environment
import time:       355 |        425 |                                                                                     wandb.sdk.launch.environment.abstract
import time:        65 |         65 |                                                                                       wandb.sdk.launch.registry
import time:       338 |        402 |                                                                                     wandb.sdk.launch.registry.abstract
import time:      1369 |       1369 |                                                                                         wandb.sdk.launch.git_reference
import time:      1704 |       1704 |                                                                                         wandb.sdk.launch.wandb_reference
import time:      2112 |       2112 |                                                                                         wandb.sdk.wandb_config
import time:        82 |         82 |                                                                                           wandb.sdk.launch.builder.templates
import time:      1449 |       1530 |                                                                                         wandb.sdk.launch.builder.templates._wandb_bootstrap
import time:      6591 |      13305 |                                                                                       wandb.sdk.launch.utils
import time:      4629 |      17933 |                                                                                     wandb.sdk.launch._project_spec
import time:       465 |        465 |                                                                                     wandb.sdk.launch.registry.anon
import time:       696 |      20023 |                                                                                   wandb.sdk.launch.builder.abstract
import time:       116 |        116 |                                                                                     wandb.sdk.launch.runner
import time:      1146 |       1262 |                                                                                   wandb.sdk.launch.runner.abstract
import time:      1108 |      25115 |                                                                                 wandb.sdk.launch.loader
import time:       203 |        203 |                                                                                         wandb.sdk.launch.builder.templates.dockerfile
import time:      1780 |       1983 |                                                                                       wandb.sdk.launch.builder.build
import time:      1305 |       3288 |                                                                                     wandb.sdk.launch._launch_add
import time:      2174 |       2174 |                                                                                     wandb.sdk.launch.runner.local_container
import time:       695 |        695 |                                                                                     wandb.sdk.launch.runner.local_process
import time:       439 |        439 |                                                                                       wandb.sdk.launch.sweeps
import time:      2016 |       2016 |                                                                                       wandb.sdk.launch.sweeps.utils
import time:      6543 |       8997 |                                                                                     wandb.sdk.launch.sweeps.scheduler
import time:       503 |        503 |                                                                                       wandb.sdk.launch.agent.run_queue_item_file_saver
import time:      1328 |       1831 |                                                                                     wandb.sdk.launch.agent.job_status_tracker
import time:      6705 |      23688 |                                                                                   wandb.sdk.launch.agent.agent
import time:       173 |      23860 |                                                                                 wandb.sdk.launch.agent
import time:       473 |        473 |                                                                                 wandb.sdk.launch.environment.local_environment
import time:      1884 |      51330 |                                                                               wandb.sdk.launch._launch
import time:        72 |         72 |                                                                                 wandb.sdk.launch.inputs
import time:       342 |        413 |                                                                               wandb.sdk.launch.inputs.manage
import time:       242 |      51984 |                                                                             wandb.sdk.launch
import time:        34 |      52017 |                                                                           wandb.sdk.launch.utils
import time:     10058 |     128769 |                                                                         wandb.apis.public.api
import time:      2104 |       2104 |                                                                                   wandb.sdk.lib.progress
import time:      1751 |       3855 |                                                                                 wandb.apis.public.runhistory.downloads
import time:       227 |       4081 |                                                                               wandb.apis.public.runhistory
import time:      9375 |       9375 |                                                                                 wandb.apis._generated.create_invite
import time:     23840 |      23840 |                                                                                   wandb.apis._generated.fragments
import time:      2286 |      26125 |                                                                                 wandb.apis._generated.create_project
import time:      5062 |       5062 |                                                                                 wandb.apis._generated.create_service_account
import time:      5566 |       5566 |                                                                                 wandb.apis._generated.create_team
import time:      4237 |       4237 |                                                                                 wandb.apis._generated.create_user_from_admin
import time:      4249 |       4249 |                                                                                 wandb.apis._generated.delete_api_key
import time:      4134 |       4134 |                                                                                 wandb.apis._generated.delete_invite
import time:      4256 |       4256 |                                                                                 wandb.apis._generated.generate_api_key
import time:      8740 |       8740 |                                                                                 wandb.apis._generated.get_agent_runs
import time:      4318 |       4318 |                                                                                 wandb.apis._generated.get_default_entity
import time:      3415 |       3415 |                                                                                 wandb.apis._generated.get_project
import time:      5371 |       5371 |                                                                                 wandb.apis._generated.get_projects
import time:      4255 |       4255 |                                                                                 wandb.apis._generated.get_sweep
import time:      5195 |       5195 |                                                                                 wandb.apis._generated.get_sweep_agent
import time:      6834 |       6834 |                                                                                 wandb.apis._generated.get_sweep_agents
import time:      4215 |       4215 |                                                                                 wandb.apis._generated.get_sweep_legacy
import time:      7381 |       7381 |                                                                                 wandb.apis._generated.get_sweeps
import time:      7933 |       7933 |                                                                                 wandb.apis._generated.get_team_entity
import time:    169892 |     169892 |                                                                                 wandb.apis._generated.get_viewer
import time:     12448 |      12448 |                                                                                 wandb.apis._generated.input_types
import time:       377 |        377 |                                                                                 wandb.apis._generated.operations
import time:      5227 |       5227 |                                                                                 wandb.apis._generated.search_users
import time:       860 |     309452 |                                                                               wandb.apis._generated
import time:      7801 |     321334 |                                                                             wandb.apis.public.runs
import time:      1876 |     323210 |                                                                           wandb.apis.public.files
import time:   1626766 |    1949976 |                                                                         wandb.apis.public.artifacts
import time:       880 |        880 |                                                                         wandb.apis.public.automations
import time:      2604 |       2604 |                                                                         wandb.apis.public.history
import time:       864 |        864 |                                                                         wandb.apis.public.integrations
import time:      4307 |       4307 |                                                                         wandb.apis.public.jobs
import time:      2820 |       2820 |                                                                           wandb.apis.public.sweeps
import time:      1649 |       4468 |                                                                         wandb.apis.public.projects
import time:      1584 |       1584 |                                                                         wandb.apis.public.query_generator
import time:      4239 |       4239 |                                                                         wandb.apis.public.reports
import time:       610 |    2098297 |                                                                       wandb.apis.public
import time:       537 |    2246836 |                                                                     wandb.apis
import time:        34 |    2246870 |                                                                   wandb.apis.normalize
import time:       370 |        370 |                                                                       wandb.sdk.artifacts.storage_layout
import time:      4705 |       5074 |                                                                     wandb.sdk.artifacts._models.storage
import time:       164 |        164 |                                                                       wandb.sdk.artifacts.storage_policies.register
import time:      1937 |       1937 |                                                                         wandb.sdk.artifacts.artifact_file_cache
import time:       336 |        336 |                                                                         wandb.sdk.artifacts.staging
import time:       113 |        113 |                                                                           wandb.sdk.artifacts.storage_handlers
import time:       428 |        428 |                                                                           wandb.sdk.artifacts.storage_handler
import time:       599 |       1139 |                                                                         wandb.sdk.artifacts.storage_handlers.multi_handler
import time:     10750 |      10750 |                                                                           wandb.sdk.artifacts.artifact_manifest_entry
import time:       541 |      11291 |                                                                         wandb.sdk.artifacts.storage_handlers.tracking_handler
import time:      3233 |       3233 |                                                                         wandb.sdk.artifacts.storage_policies._multipart
import time:       745 |        745 |                                                                         wandb.sdk.artifacts.storage_policy
import time:      1573 |       1573 |                                                                           wandb.sdk.artifacts.storage_handlers.azure_handler
import time:       446 |        446 |                                                                             wandb.sdk.artifacts.storage_handlers._timing
import time:      2906 |       3351 |                                                                           wandb.sdk.artifacts.storage_handlers.gcs_handler
import time:      2517 |       2517 |                                                                           wandb.sdk.artifacts.storage_handlers.http_handler
import time:      1200 |       1200 |                                                                           wandb.sdk.artifacts.storage_handlers.local_file_handler
import time:      2718 |       2718 |                                                                           wandb.sdk.artifacts.storage_handlers.s3_handler
import time:       911 |        911 |                                                                           wandb.sdk.artifacts.storage_handlers.wb_artifact_handler
import time:       401 |        401 |                                                                               wandb.sdk.lib.capped_dict
import time:       208 |        608 |                                                                             wandb.sdk.artifacts.artifact_instance_cache
import time:       590 |       1198 |                                                                           wandb.sdk.artifacts.storage_handlers.wb_local_artifact_handler
import time:       639 |      14104 |                                                                         wandb.sdk.artifacts.storage_policies._factories
import time:      2858 |      35639 |                                                                       wandb.sdk.artifacts.storage_policies.wandb_storage_policy
import time:       272 |      36074 |                                                                     wandb.sdk.artifacts.storage_policies
import time:       319 |      41466 |                                                                   wandb.sdk.artifacts._factories
import time:       778 |        778 |                                                                     wandb.sdk.artifacts.exceptions
import time:      5351 |       6129 |                                                                   wandb.sdk.artifacts._validators
import time:       598 |        598 |                                                                   wandb.sdk.artifacts.artifact_download_logger
import time:     10886 |      10886 |                                                                   wandb.sdk.artifacts.artifact_manifest
import time:       201 |        201 |                                                                     wandb.sdk.artifacts.artifact_manifests
import time:      4491 |       4491 |                                                                     wandb.sdk.artifacts._models.manifest
import time:      3602 |       8293 |                                                                   wandb.sdk.artifacts.artifact_manifests.artifact_manifest_v1
import time:       394 |        394 |                                                                   wandb.sdk.artifacts.artifact_state
import time:       248 |        248 |                                                                   wandb.sdk.artifacts.artifact_ttl
import time:     15296 |    2409656 |                                                                 wandb.sdk.artifacts.artifact
import time:       315 |        315 |                                                                 wandb.sdk.wandb_alerts
import time:       428 |        428 |                                                                   wandb.trigger
import time:       502 |        502 |                                                                   wandb.errors.util
import time:      1103 |       1103 |                                                                     wandb.integration.weave.interface
import time:       656 |        656 |                                                                     wandb.integration.weave.weave
import time:       243 |       2000 |                                                                   wandb.integration.weave
import time:       521 |        521 |                                                                     wandb.sdk.lib.preinit
import time:       546 |       1067 |                                                                   wandb.sdk.lib.module
import time:       230 |        230 |                                                                     wandb.integration.torch
import time:      4124 |       4124 |                                                                     wandb.integration.torch.wandb_torch
import time:      1586 |       1586 |                                                                         wandb.plot.custom_chart
import time:       337 |       1923 |                                                                       wandb.plot.bar
import time:       767 |        767 |                                                                       wandb.plot.confusion_matrix
import time:       260 |        260 |                                                                       wandb.plot.histogram
import time:       248 |        248 |                                                                       wandb.plot.line
import time:       558 |        558 |                                                                       wandb.plot.line_series
import time:      1199 |       1199 |                                                                         wandb.plot.utils
import time:       926 |       2125 |                                                                       wandb.plot.pr_curve
import time:       776 |        776 |                                                                       wandb.plot.roc_curve
import time:       274 |        274 |                                                                       wandb.plot.scatter
import time:      1135 |       1135 |                                                                       wandb.plot.viz
import time:       416 |       8476 |                                                                     wandb.plot
import time:       909 |        909 |                                                                     wandb.sdk.wandb_metric
import time:       994 |        994 |                                                                     wandb.sdk.wandb_summary
import time:       250 |        250 |                                                                     wandb.sdk.lib.interrupt
import time:       781 |        781 |                                                                     wandb.sdk.lib.proto_util
import time:       251 |        251 |                                                                       pty
import time:      1232 |       1232 |                                                                       wandb.sdk.lib.console_capture
import time:      6791 |       8273 |                                                                     wandb.sdk.lib.redirect
import time:     24104 |      48139 |                                                                   wandb.sdk.wandb_run
import time:     10085 |      62219 |                                                                 wandb.sdk.wandb_init
import time:       638 |        638 |                                                                 wandb.sdk.wandb_require
import time:       659 |        659 |                                                                 wandb.sdk.wandb_sweep
import time:       781 |        781 |                                                                 wandb.sdk.wandb_watch
import time:       429 |    2682337 |                                                               wandb.sdk
import time:        32 |    2682369 |                                                             wandb.sdk.lib
import time:      4031 |       4031 |                                                             wandb.wandb_agent
import time:       424 |        424 |                                                             wandb.sdk.internal.profiler
import time:      1406 |    2691731 |                                                           wandb
import time:       103 |    2691833 |                                                         timm.utils.summary
import time:       188 |    2694542 |                                                       timm.utils
import time:        24 |    2694566 |                                                     timm.utils.misc
import time:       137 |        137 |                                                     timm.data.readers.class_map
import time:       109 |        109 |                                                     timm.data.readers.img_extensions
import time:       100 |        100 |                                                     timm.data.readers.reader
import time:       260 |    2695170 |                                                   timm.data.readers.reader_image_folder
import time:       234 |        234 |                                                   timm.data.readers.reader_image_in_tar
import time:       151 |    2695553 |                                                 timm.data.readers.reader_factory
import time:        96 |    2695649 |                                               timm.data.readers
import time:       240 |    2695888 |                                             timm.data.dataset
import time:       164 |        164 |                                             timm.data.dataset_factory
import time:       235 |        235 |                                             timm.data.dataset_info
import time:       151 |        151 |                                             timm.data.imagenet_info
import time:       144 |        144 |                                               timm.data.distributed_sampler
import time:       126 |        126 |                                               timm.data.random_erasing
import time:       191 |        191 |                                               timm.data.mixup
import time:       636 |        636 |                                                 timm.data.transforms
import time:       549 |        549 |                                                 timm.data.naflex_transforms
import time:       259 |       1443 |                                               timm.data.transforms_factory
import time:       371 |       2273 |                                             timm.data.loader
import time:       456 |        456 |                                             timm.data.naflex_dataset
import time:       235 |        235 |                                               timm.data.naflex_random_erasing
import time:       251 |        485 |                                             timm.data.naflex_loader
import time:       217 |        217 |                                             timm.data.naflex_mixup
import time:       113 |        113 |                                             timm.data.real_labels
import time:       207 |    2702353 |                                           timm.data
import time:       451 |        451 |                                               timm.models._manipulate
import time:       496 |        946 |                                             timm.models._features
import time:       377 |        377 |                                               torchvision.models.feature_extraction
import time:       270 |        646 |                                             timm.models._features_fx
import time:       216 |        216 |                                             timm.models._helpers
import time:      2041 |       2041 |                                               timm.models._pretrained
import time:       483 |       2524 |                                             timm.models._hub
import time:       325 |        325 |                                             timm.models._prune
import time:       429 |        429 |                                             timm.models._registry
import time:       393 |       5475 |                                           timm.models._builder
import time:       813 |    2708640 |                                         timm.models.beit
import time:      5280 |       5280 |                                           timm.models.byobnet
import time:       722 |       6002 |                                         timm.models.byoanet
import time:       589 |        589 |                                         timm.models.cait
import time:       565 |        565 |                                         timm.models.coat
import time:       341 |        341 |                                         timm.models.convit
import time:       354 |        354 |                                         timm.models.convmixer
import time:      2001 |       2001 |                                         timm.models.convnext
import time:      6068 |       6068 |                                           timm.models.vision_transformer
import time:       571 |       6638 |                                         timm.models.crossvit
import time:      3423 |       3423 |                                         timm.models.cspnet
import time:       656 |        656 |                                         timm.models.davit
import time:       722 |        722 |                                         timm.models.deit
import time:      1052 |       1052 |                                         timm.models.densenet
import time:       586 |        586 |                                         timm.models.dla
import time:      1153 |       1153 |                                         timm.models.dpn
import time:       530 |        530 |                                         timm.models.edgenext
import time:       531 |        531 |                                         timm.models.efficientformer
import time:      1374 |       1374 |                                         timm.models.efficientformer_v2
import time:       484 |        484 |                                           timm.models._efficientnet_blocks
import time:       339 |        339 |                                           timm.models._efficientnet_builder
import time:      3148 |       3969 |                                         timm.models.efficientnet
import time:       844 |        844 |                                         timm.models.efficientvit_mit
import time:       691 |        691 |                                         timm.models.efficientvit_msra
import time:      1249 |       1249 |                                         timm.models.eva
import time:       509 |        509 |                                         timm.models.fasternet
import time:      1035 |       1035 |                                         timm.models.fastvit
import time:       609 |        609 |                                         timm.models.focalnet
import time:       643 |        643 |                                         timm.models.gcvit
import time:       608 |        608 |                                         timm.models.ghostnet
import time:      1345 |       1345 |                                           timm.models.mobilenetv3
import time:       271 |       1616 |                                         timm.models.hardcorenas
import time:       784 |        784 |                                         timm.models.hgnet
import time:       749 |        749 |                                         timm.models.hiera
import time:       637 |        637 |                                         timm.models.hieradet_sam2
import time:      4480 |       4480 |                                           timm.models.resnet
import time:     11567 |      16046 |                                         timm.models.hrnet
import time:       491 |        491 |                                         timm.models.inception_next
import time:       329 |        329 |                                         timm.models.inception_resnet_v2
import time:       503 |        503 |                                         timm.models.inception_v3
import time:       333 |        333 |                                         timm.models.inception_v4
import time:       976 |        976 |                                         timm.models.levit
import time:      5088 |       5088 |                                         timm.models.maxxvit
import time:       659 |        659 |                                         timm.models.mambaout
import time:      1260 |       1260 |                                         timm.models.metaformer
import time:       880 |        880 |                                         timm.models.mlp_mixer
import time:       429 |        429 |                                         timm.models.mobilenetv5
import time:       797 |        797 |                                         timm.models.mobilevit
import time:      1979 |       1979 |                                         timm.models.mvitv2
import time:      2322 |       2322 |                                         timm.models.naflexvit
import time:       425 |        425 |                                         timm.models.nasnet
import time:      1244 |       1244 |                                         timm.models.nest
import time:       673 |        673 |                                         timm.models.nextvit
import time:      2102 |       2102 |                                         timm.models.nfnet
import time:       598 |        598 |                                         timm.models.pit
import time:       362 |        362 |                                         timm.models.pnasnet
import time:       474 |        474 |                                         timm.models.pvt_v2
import time:       630 |        630 |                                         timm.models.rdnet
import time:      2510 |       2510 |                                         timm.models.regnet
import time:       535 |        535 |                                         timm.models.repghost
import time:       758 |        758 |                                         timm.models.repvit
import time:       363 |        363 |                                         timm.models.res2net
import time:       331 |        331 |                                         timm.models.resnest
import time:      1150 |       1150 |                                         timm.models.resnetv2
import time:       686 |        686 |                                         timm.models.rexnet
import time:      1068 |       1068 |                                         timm.models.selecsls
import time:       509 |        509 |                                         timm.models.senet
import time:       569 |        569 |                                         timm.models.sequencer
import time:       535 |        535 |                                         timm.models.shvit
import time:       316 |        316 |                                         timm.models.sknet
import time:       526 |        526 |                                         timm.models.starnet
import time:       541 |        541 |                                         timm.models.swiftformer
import time:       965 |        965 |                                         timm.models.swin_transformer
import time:       821 |        821 |                                         timm.models.swin_transformer_v2
import time:       954 |        954 |                                         timm.models.swin_transformer_v2_cr
import time:       651 |        651 |                                         timm.models.tiny_vit
import time:      1263 |       1263 |                                         timm.models.tnt
import time:       542 |        542 |                                         timm.models.tresnet
import time:       513 |        513 |                                         timm.models.twins
import time:       572 |        572 |                                         timm.models.vgg
import time:       353 |        353 |                                         timm.models.visformer
import time:       622 |        622 |                                         timm.models.vision_transformer_hybrid
import time:       810 |        810 |                                         timm.models.vision_transformer_relpos
import time:       562 |        562 |                                         timm.models.vision_transformer_sam
import time:      2189 |       2189 |                                         timm.models.vitamin
import time:       886 |        886 |                                         timm.models.volo
import time:       624 |        624 |                                         timm.models.vovnet
import time:       264 |        264 |                                         timm.models.xception
import time:       403 |        403 |                                         timm.models.xception_aligned
import time:      1270 |       1270 |                                         timm.models.xcit
import time:       273 |        273 |                                         timm.models._factory
import time:      1453 |    2814046 |                                       timm.models
import time:       201 |    2857337 |                                     timm
import time:        25 |    2857362 |                                   timm.data
import time:     49612 |    2991688 |                                 sentence_transformers.base.modules.transformer
import time:       287 |    2999123 |                               sentence_transformers.base.modules
import time:       788 |        788 |                               sentence_transformers.base.peft_mixin
import time:     48039 |    7713180 |                             sentence_transformers.base.model
import time:     12409 |      12409 |                                   transformers.data.data_collator
import time:       838 |        838 |                                   transformers.data.metrics
import time:      3295 |       3295 |                                       transformers.data.processors.utils
import time:      4282 |       7577 |                                     transformers.data.processors.glue
import time:      1103 |       1103 |                                         transformers.models.bert
import time:      2606 |       3708 |                                       transformers.models.bert.tokenization_bert_legacy
import time:      3841 |       7548 |                                     transformers.data.processors.squad
import time:       802 |        802 |                                     transformers.data.processors.xnli
import time:       210 |      16135 |                                   transformers.data.processors
import time:       296 |      29677 |                                 transformers.data
import time:        59 |      29736 |                               transformers.data.data_collator
import time:      2081 |       2081 |                               transformers.feature_extraction_sequence_utils
import time:      1039 |       1039 |                               transformers.hyperparameter_search
import time:       345 |        345 |                               transformers.integrations.liger
import time:       445 |        445 |                               transformers.integrations.neftune
import time:      1338 |       1338 |                               transformers.integrations.tpu
import time:      4260 |       4260 |                               transformers.optimization
import time:      4155 |       4155 |                               transformers.trainer_optimizer
import time:     38547 |      81943 |                             sentence_transformers.base.trainer
import time:       314 |    7797197 |                           sentence_transformers.base
import time:        40 |    7797237 |                         sentence_transformers.base.sampler
import time:      1213 |       1213 |                           sentence_transformers.cross_encoder.data_collator
import time:      3726 |       3726 |                               sentence_transformers.cross_encoder.training_args
import time:       722 |        722 |                                     sentence_transformers.sentence_transformer.data_collator
import time:      1227 |       1227 |                                               sentence_transformers.sentence_transformer.modules.tokenizer.word
import time:      1061 |       2287 |                                             sentence_transformers.sentence_transformer.modules.tokenizer.phrase
import time:       745 |        745 |                                             sentence_transformers.sentence_transformer.modules.tokenizer.whitespace
import time:       213 |       3244 |                                           sentence_transformers.sentence_transformer.modules.tokenizer
import time:       906 |       4149 |                                         sentence_transformers.sentence_transformer.modules.bow
import time:       534 |        534 |                                         sentence_transformers.sentence_transformer.modules.clip_model
import time:       826 |        826 |                                         sentence_transformers.sentence_transformer.modules.cnn
import time:       378 |        378 |                                         sentence_transformers.sentence_transformer.modules.dropout
import time:      1543 |       1543 |                                         sentence_transformers.sentence_transformer.modules.layer_norm
import time:       906 |        906 |                                         sentence_transformers.sentence_transformer.modules.lstm
import time:       426 |        426 |                                         sentence_transformers.sentence_transformer.modules.normalize
import time:      2829 |       2829 |                                         sentence_transformers.sentence_transformer.modules.pooling
import time:      1856 |       1856 |                                         sentence_transformers.sentence_transformer.modules.static_embedding
import time:       797 |        797 |                                         sentence_transformers.sentence_transformer.modules.weighted_layer_pooling
import time:      1652 |       1652 |                                         sentence_transformers.sentence_transformer.modules.word_embeddings
import time:       703 |        703 |                                         sentence_transformers.sentence_transformer.modules.word_weights
import time:       522 |      17113 |                                       sentence_transformers.sentence_transformer.modules
import time:       425 |        425 |                                                   sentence_transformers.sentence_transformer.readers.input_example
import time:       426 |        426 |                                                   sentence_transformers.sentence_transformer.readers.label_sentence
import time:       524 |        524 |                                                   sentence_transformers.sentence_transformer.readers.nli_data
import time:       413 |        413 |                                                   sentence_transformers.sentence_transformer.readers.paired_files
import time:       658 |        658 |                                                   sentence_transformers.sentence_transformer.readers.sts_data
import time:       415 |        415 |                                                   sentence_transformers.sentence_transformer.readers.triplet
import time:       258 |       3115 |                                                 sentence_transformers.sentence_transformer.readers
import time:        57 |       3171 |                                               sentence_transformers.sentence_transformer.readers.input_example
import time:       544 |       3715 |                                             sentence_transformers.sentence_transformer.datasets.denoising_auto_encoder
import time:       504 |        504 |                                             sentence_transformers.sentence_transformer.datasets.no_duplicates_dataloader
import time:      1300 |       1300 |                                             sentence_transformers.sentence_transformer.datasets.parallel_sentences
import time:       825 |        825 |                                             sentence_transformers.sentence_transformer.datasets.sentence_label
import time:       302 |        302 |                                             sentence_transformers.sentence_transformer.datasets.sentences
import time:       289 |       6932 |                                           sentence_transformers.sentence_transformer.datasets
import time:        41 |       6973 |                                         sentence_transformers.sentence_transformer.datasets.no_duplicates_dataloader
import time:       565 |        565 |                                         sentence_transformers.sentence_transformer.deprecated_model_card_templates
import time:      3681 |       3681 |                                         sentence_transformers.sentence_transformer.training_args
import time:      5556 |      16774 |                                       sentence_transformers.sentence_transformer.fit_mixin
import time:      3656 |       3656 |                                       sentence_transformers.sentence_transformer.model_card
import time:      6081 |      43622 |                                     sentence_transformers.sentence_transformer.model
import time:      1763 |       1763 |                                     sentence_transformers.sentence_transformer.trainer
import time:       330 |      46435 |                                   sentence_transformers.sentence_transformer
import time:        28 |      46463 |                                 sentence_transformers.sentence_transformer.datasets
import time:        40 |      46502 |                               sentence_transformers.sentence_transformer.datasets.no_duplicates_dataloader
import time:      4753 |      54980 |                             sentence_transformers.cross_encoder.fit_mixin
import time:      4015 |       4015 |                             sentence_transformers.cross_encoder.model_card
import time:       508 |        508 |                                 sentence_transformers.cross_encoder.modules.logit_score
import time:       271 |        779 |                               sentence_transformers.cross_encoder.modules
import time:        37 |        815 |                             sentence_transformers.cross_encoder.modules.logit_score
import time:      4806 |      64614 |                           sentence_transformers.cross_encoder.model
import time:      1318 |       1318 |                               sentence_transformers.cross_encoder.losses.adr_mse
import time:       649 |        649 |                               sentence_transformers.cross_encoder.losses.binary_cross_entropy
import time:      3081 |       3081 |                                     sentence_transformers.base.losses.gradcache
import time:       261 |       3341 |                                   sentence_transformers.base.losses
import time:        48 |       3388 |                                 sentence_transformers.base.losses.gradcache
import time:      1251 |       1251 |                                 sentence_transformers.cross_encoder.losses.multiple_negatives_ranking
import time:      1475 |       6114 |                               sentence_transformers.cross_encoder.losses.cached_multiple_negatives_ranking
import time:       529 |        529 |                               sentence_transformers.cross_encoder.losses.cross_entropy
import time:      2366 |       2366 |                               sentence_transformers.cross_encoder.losses.lambda_loss
import time:      1635 |       1635 |                                 sentence_transformers.cross_encoder.losses.plist_mle
import time:       488 |       2123 |                               sentence_transformers.cross_encoder.losses.list_mle
import time:      1077 |       1077 |                               sentence_transformers.cross_encoder.losses.list_net
import time:       880 |        880 |                               sentence_transformers.cross_encoder.losses.margin_mse
import time:       575 |        575 |                               sentence_transformers.cross_encoder.losses.mse
import time:       438 |        438 |                               sentence_transformers.cross_encoder.losses.rank_net
import time:       436 |      16498 |                             sentence_transformers.cross_encoder.losses
import time:      2190 |      18688 |                           sentence_transformers.cross_encoder.trainer
import time:       297 |      84810 |                         sentence_transformers.cross_encoder
import time:       825 |        825 |                           sentence_transformers.sparse_encoder.data_collator
import time:       557 |        557 |                                 sentence_transformers.sparse_encoder.modules.mlm_transformer
import time:      1745 |       1745 |                                 sentence_transformers.sparse_encoder.modules.sparse_auto_encoder
import time:      1440 |       1440 |                                 sentence_transformers.sparse_encoder.modules.sparse_static_embedding
import time:      1082 |       1082 |                                 sentence_transformers.sparse_encoder.modules.splade_pooling
import time:       337 |       5160 |                               sentence_transformers.sparse_encoder.modules
import time:      2330 |       7489 |                             sentence_transformers.sparse_encoder.model_card
import time:      5898 |      13386 |                           sentence_transformers.sparse_encoder.model
import time:       628 |        628 |                                               sentence_transformers.sentence_transformer.losses.cosent
import time:      1790 |       1790 |                                               sentence_transformers.sentence_transformer.losses.adaptive_layer
import time:       596 |        596 |                                               sentence_transformers.sentence_transformer.losses.angle
import time:      1064 |       1064 |                                                 sentence_transformers.sentence_transformer.losses.batch_hard_triplet
import time:       614 |       1677 |                                               sentence_transformers.sentence_transformer.losses.batch_all_triplet
import time:       640 |        640 |                                               sentence_transformers.sentence_transformer.losses.batch_hard_soft_margin_triplet
import time:       931 |        931 |                                               sentence_transformers.sentence_transformer.losses.batch_semi_hard_triplet
import time:      2562 |       2562 |                                               sentence_transformers.sentence_transformer.losses.cached_gist_embed
import time:      1733 |       1733 |                                                 sentence_transformers.sentence_transformer.losses.multiple_negatives_ranking
import time:      1970 |       3703 |                                               sentence_transformers.sentence_transformer.losses.cached_multiple_negatives_ranking
import time:       472 |        472 |                                               sentence_transformers.sentence_transformer.losses.cached_multiple_negatives_symmetric_ranking
import time:       918 |        918 |                                               sentence_transformers.sentence_transformer.losses.contrastive
import time:      1350 |       1350 |                                               sentence_transformers.sentence_transformer.losses.contrastive_tension
import time:       609 |        609 |                                               sentence_transformers.sentence_transformer.losses.cosine_similarity
import time:      1254 |       1254 |                                               sentence_transformers.sentence_transformer.losses.denoising_auto_encoder
import time:       834 |        834 |                                               sentence_transformers.sentence_transformer.losses.distill_kl_div
import time:      1197 |       1197 |                                               sentence_transformers.sentence_transformer.losses.embed_distill
import time:      1588 |       1588 |                                               sentence_transformers.sentence_transformer.losses.gist_embed
import time:       935 |        935 |                                               sentence_transformers.sentence_transformer.losses.global_orthogonal_regularization
import time:       803 |        803 |                                               sentence_transformers.sentence_transformer.losses.margin_mse
import time:      1719 |       1719 |                                               sentence_transformers.sentence_transformer.losses.matryoshka
import time:       535 |        535 |                                               sentence_transformers.sentence_transformer.losses.matryoshka_2d
import time:      1062 |       1062 |                                               sentence_transformers.sentence_transformer.losses.mega_batch_margin
import time:       366 |        366 |                                               sentence_transformers.sentence_transformer.losses.mse
import time:       376 |        376 |                                               sentence_transformers.sentence_transformer.losses.multiple_negatives_symmetric_ranking
import time:       697 |        697 |                                               sentence_transformers.sentence_transformer.losses.online_contrastive
import time:       883 |        883 |                                               sentence_transformers.sentence_transformer.losses.softmax
import time:       801 |        801 |                                               sentence_transformers.sentence_transformer.losses.triplet
import time:       715 |      29627 |                                             sentence_transformers.sentence_transformer.losses
import time:        32 |      29659 |                                           sentence_transformers.sentence_transformer.losses.multiple_negatives_ranking
import time:       474 |      30133 |                                         sentence_transformers.sparse_encoder.losses.sparse_multiple_negatives_ranking
import time:      1071 |      31203 |                                       sentence_transformers.sparse_encoder.losses.csr
import time:       488 |        488 |                                       sentence_transformers.sparse_encoder.losses.flops
import time:       307 |        307 |                                         sentence_transformers.sparse_encoder.losses.sparse_cosent
import time:       323 |        630 |                                       sentence_transformers.sparse_encoder.losses.sparse_angle
import time:       368 |        368 |                                       sentence_transformers.sparse_encoder.losses.sparse_cosine_similarity
import time:       341 |        341 |                                       sentence_transformers.sparse_encoder.losses.sparse_distill_kl_div
import time:       323 |        323 |                                       sentence_transformers.sparse_encoder.losses.sparse_margin_mse
import time:       213 |        213 |                                       sentence_transformers.sparse_encoder.losses.sparse_mse
import time:       447 |        447 |                                       sentence_transformers.sparse_encoder.losses.sparse_triplet
import time:       936 |        936 |                                       sentence_transformers.sparse_encoder.losses.splade
import time:      1137 |       1137 |                                       sentence_transformers.sparse_encoder.losses.cached_splade
import time:       372 |      36453 |                                     sentence_transformers.sparse_encoder.losses
import time:        62 |      36514 |                                   sentence_transformers.sparse_encoder.losses.splade
import time:      3785 |       3785 |                                   sentence_transformers.sparse_encoder.training_args
import time:      1187 |      41485 |                                 sentence_transformers.sparse_encoder.callbacks.splade_callbacks
import time:       178 |      41663 |                               sentence_transformers.sparse_encoder.callbacks
import time:        46 |      41708 |                             sentence_transformers.sparse_encoder.callbacks.splade_callbacks
import time:      2001 |      43708 |                           sentence_transformers.sparse_encoder.trainer
import time:       265 |      58183 |                         sentence_transformers.sparse_encoder
import time:      1648 |       1648 |                         sentence_transformers.util.deprecated_import
import time:       808 |   10182556 |                       sentence_transformers
import time:       978 |        978 |                       mteb.models.models_protocols
import time:     16528 |   10235711 |                     mteb.models.model_meta
import time:      3008 |       3008 |                     mteb.models.search_wrappers
import time:      1944 |   10240663 |                   mteb.models.hybrid_wrappers
import time:       419 |        419 |                       mteb.models.search_encoder_index.search_backend_protocol
import time:      1453 |       1453 |                         mteb.models.search_encoder_index.search_indexes.faiss_search_index
import time:       150 |       1603 |                       mteb.models.search_encoder_index.search_indexes
import time:       219 |       2240 |                     mteb.models.search_encoder_index
import time:        41 |       2280 |                   mteb.models.search_encoder_index.search_backend_protocol
import time:       583 |        583 |                     mteb._log_once
import time:     10040 |      10040 |                       mteb.abstasks.task_metadata
import time:      1654 |       1654 |                       mteb.similarity_functions
import time:      2123 |      13816 |                     mteb.models.abs_encoder
import time:      2567 |      16965 |                   mteb.models.sentence_transformer_wrapper
import time:       282 |   10269367 |                 mteb.models
import time:      1433 |       1433 |                 mteb.timing
import time:      4398 |   12389158 |               mteb.abstasks.abstask
import time:       513 |        513 |                       sklearn.utils._random
import time:       640 |       1152 |                     sklearn.utils._seq_dataset
import time:      4016 |       5167 |                   sklearn.linear_model._base
import time:      3398 |       3398 |                   sklearn.linear_model._bayes
import time:       591 |        591 |                     sklearn.linear_model._cd_fast
import time:      9577 |       9577 |                         sklearn.model_selection._split
import time:      3810 |      13386 |                       sklearn.model_selection._classification_threshold
import time:      8814 |       8814 |                         sklearn.model_selection._validation
import time:      1841 |      10654 |                       sklearn.model_selection._plot
import time:       776 |        776 |                         sklearn.utils.random
import time:      7580 |       8355 |                       sklearn.model_selection._search
import time:       498 |      32892 |                     sklearn.model_selection
import time:     10789 |      44271 |                   sklearn.linear_model._coordinate_descent
import time:       970 |        970 |                             sklearn._loss._loss
import time:      1839 |       1839 |                             sklearn._loss.link
import time:      5395 |       8203 |                           sklearn._loss.loss
import time:       244 |       8446 |                         sklearn._loss
import time:        32 |       8478 |                       sklearn._loss.loss
import time:      3355 |       3355 |                         sklearn.linear_model._linear_loss
import time:      1989 |       1989 |                         sklearn.utils.optimize
import time:      2657 |       8000 |                       sklearn.linear_model._glm._newton_solver
import time:      3083 |      19560 |                     sklearn.linear_model._glm.glm
import time:       225 |      19784 |                   sklearn.linear_model._glm
import time:      1589 |       1589 |                   sklearn.linear_model._huber
import time:       411 |        411 |                     sklearn.utils.arrayfuncs
import time:      8104 |       8514 |                   sklearn.linear_model._least_angle
import time:       407 |        407 |                       sklearn.linear_model._sag_fast
import time:      1191 |       1598 |                     sklearn.linear_model._sag
import time:       516 |        516 |                         sklearn.svm._bounds
import time:       408 |        408 |                             sklearn.svm._liblinear
import time:       390 |        390 |                             sklearn.svm._libsvm
import time:       485 |        485 |                             sklearn.svm._libsvm_sparse
import time:      5890 |       7171 |                           sklearn.svm._base
import time:      3882 |      11052 |                         sklearn.svm._classes
import time:       238 |      11805 |                       sklearn.svm
import time:        22 |      11827 |                     sklearn.svm._base
import time:      9183 |      22606 |                   sklearn.linear_model._logistic
import time:      5202 |       5202 |                   sklearn.linear_model._omp
import time:       271 |        271 |                         sklearn.utils._weight_vector
import time:       495 |        766 |                       sklearn.linear_model._sgd_fast
import time:      9633 |      10398 |                     sklearn.linear_model._stochastic_gradient
import time:      1853 |      12251 |                   sklearn.linear_model._passive_aggressive
import time:       866 |        866 |                   sklearn.linear_model._perceptron
import time:      1388 |       1388 |                   sklearn.linear_model._quantile
import time:      2679 |       2679 |                   sklearn.linear_model._ransac
import time:     12443 |      12443 |                   sklearn.linear_model._ridge
import time:      1967 |       1967 |                   sklearn.linear_model._theil_sen
import time:       675 |     142793 |                 sklearn.linear_model
import time:       356 |        356 |                       mteb._evaluators.evaluator
import time:      1154 |       1509 |                     mteb._evaluators.any_sts_evaluator
import time:      2227 |       2227 |                       sklearn.cluster._affinity_propagation
import time:       291 |        291 |                           sklearn.utils._fast_dict
import time:       454 |        745 |                         sklearn.cluster._hierarchical_fast
import time:       562 |        562 |                         sklearn.cluster._feature_agglomeration
import time:       720 |        720 |                         sklearn.utils.graph
import time:      4895 |       6922 |                       sklearn.cluster._agglomerative
import time:       468 |        468 |                           sklearn.cluster._k_means_common
import time:       356 |        356 |                           sklearn.cluster._k_means_elkan
import time:       308 |        308 |                           sklearn.cluster._k_means_lloyd
import time:       265 |        265 |                           sklearn.cluster._k_means_minibatch
import time:      7665 |       9058 |                         sklearn.cluster._kmeans
import time:      3142 |      12200 |                       sklearn.cluster._bicluster
import time:      2980 |       2980 |                       sklearn.cluster._birch
import time:      2402 |       2402 |                       sklearn.cluster._bisect_k_means
import time:       328 |        328 |                         sklearn.cluster._dbscan_inner
import time:       189 |        189 |                             sklearn.neighbors._partition_nodes
import time:       889 |       1077 |                           sklearn.neighbors._ball_tree
import time:      1040 |       1040 |                             sklearn.neighbors._kd_tree
import time:      5861 |       6901 |                           sklearn.neighbors._base
import time:      3632 |       3632 |                           sklearn.neighbors._classification
import time:       567 |        567 |                             sklearn.neighbors._unsupervised
import time:      1899 |       2465 |                           sklearn.neighbors._graph
import time:      1660 |       1660 |                           sklearn.neighbors._kde
import time:      1613 |       1613 |                           sklearn.neighbors._lof
import time:      7927 |       7927 |                               sklearn.decomposition._dict_learning
import time:      2182 |       2182 |                               sklearn.decomposition._factor_analysis
import time:      3023 |       3023 |                               sklearn.decomposition._fastica
import time:      1172 |       1172 |                                 sklearn.decomposition._base
import time:      1675 |       2847 |                               sklearn.decomposition._incremental_pca
import time:       243 |        243 |                                 sklearn.utils._arpack
import time:      2128 |       2370 |                               sklearn.decomposition._kernel_pca
import time:       371 |        371 |                                 sklearn.decomposition._online_lda_fast
import time:      3743 |       4114 |                               sklearn.decomposition._lda
import time:       362 |        362 |                                 sklearn.decomposition._cdnmf_fast
import time:      8301 |       8663 |                               sklearn.decomposition._nmf
import time:      3355 |       3355 |                               sklearn.decomposition._pca
import time:      2194 |       2194 |                               sklearn.decomposition._sparse_pca
import time:      1370 |       1370 |                               sklearn.decomposition._truncated_svd
import time:       469 |      38511 |                             sklearn.decomposition
import time:      2178 |      40689 |                           sklearn.neighbors._nca
import time:      1357 |       1357 |                                     sklearn.covariance._empirical_covariance
import time:      2990 |       4347 |                                   sklearn.covariance._robust_covariance
import time:       799 |       5146 |                                 sklearn.covariance._elliptic_envelope
import time:      4312 |       4312 |                                 sklearn.covariance._graph_lasso
import time:      2450 |       2450 |                                 sklearn.covariance._shrunk_covariance
import time:       398 |      12305 |                               sklearn.covariance
import time:      4624 |      16929 |                             sklearn.discriminant_analysis
import time:      1975 |      18904 |                           sklearn.neighbors._nearest_centroid
import time:      1674 |       1674 |                           sklearn.neighbors._regression
import time:       401 |      79011 |                         sklearn.neighbors
import time:      1396 |      80734 |                       sklearn.cluster._dbscan
import time:       157 |        157 |                         sklearn.cluster._hdbscan
import time:       329 |        329 |                           sklearn.cluster._hdbscan._tree
import time:       383 |        712 |                         sklearn.cluster._hdbscan._linkage
import time:       295 |        295 |                         sklearn.cluster._hdbscan._reachability
import time:      3471 |       4634 |                       sklearn.cluster._hdbscan.hdbscan
import time:      2060 |       2060 |                       sklearn.cluster._mean_shift
import time:      3943 |       3943 |                       sklearn.cluster._optics
import time:       843 |        843 |                             sklearn.manifold._classical_mds
import time:      1723 |       1723 |                             sklearn.manifold._isomap
import time:      3711 |       3711 |                             sklearn.manifold._locally_linear
import time:       371 |        371 |                                 sklearn._isotonic
import time:      2470 |       2841 |                               sklearn.isotonic
import time:      2513 |       5354 |                             sklearn.manifold._mds
import time:      2805 |       2805 |                             sklearn.manifold._spectral_embedding
import time:       292 |        292 |                                               sklearn.tree._utils
import time:       598 |        890 |                                             sklearn.tree._tree
import time:       329 |        329 |                                             sklearn.tree._partitioner
import time:       301 |       1519 |                                           sklearn.tree._splitter
import time:       409 |       1928 |                                         sklearn.tree._criterion
import time:      5606 |       7533 |                                       sklearn.tree._classes
import time:      1466 |       1466 |                                         sklearn.tree._reingold_tilford
import time:      6140 |       7605 |                                       sklearn.tree._export
import time:       243 |      15381 |                                     sklearn.tree
import time:        19 |      15399 |                                   sklearn.tree._criterion
import time:       451 |      15850 |                                 sklearn.neighbors._quad_tree
import time:       434 |      16284 |                               sklearn.manifold._barnes_hut_tsne
import time:       352 |        352 |                               sklearn.manifold._utils
import time:      3886 |      20520 |                             sklearn.manifold._t_sne
import time:       319 |      35271 |                           sklearn.manifold
import time:        30 |      35300 |                         sklearn.manifold._spectral_embedding
import time:      2232 |      37531 |                       sklearn.cluster._spectral
import time:      1062 |     156690 |                     mteb._evaluators.clustering_evaluator
import time:      1359 |       1359 |                         mteb._evaluators.image.imagetext_pairclassification_evaluator
import time:       207 |       1565 |                       mteb._evaluators.image
import time:        36 |       1600 |                     mteb._evaluators.image.imagetext_pairclassification_evaluator
import time:      1452 |       1452 |                     mteb._evaluators.pair_classification_evaluator
import time:       367 |        367 |                           pytrec_eval_ext
import time:      1438 |       1804 |                         pytrec_eval
import time:      4668 |       6471 |                       mteb._evaluators.retrieval_metrics
import time:       860 |       7331 |                     mteb._evaluators.retrieval_evaluator
import time:       702 |        702 |                     mteb._evaluators.sklearn_evaluator
import time:       128 |        128 |                       mteb._evaluators.text
import time:      1305 |       1433 |                     mteb._evaluators.text.bitext_mining_evaluator
import time:      2038 |       2038 |                     mteb._evaluators.text.summarization_evaluator
import time:       715 |        715 |                     mteb._evaluators.zeroshot_classification_evaluator
import time:       358 |     173823 |                   mteb._evaluators
import time:        58 |     173881 |                 mteb._evaluators.sklearn_evaluator
import time:      4285 |       4285 |                 mteb.types.statistics
import time:      3743 |       3743 |                 mteb.abstasks._statistics_calculation
import time:      3773 |     328473 |               mteb.abstasks.classification
import time:      2658 |       2658 |               mteb.abstasks.clustering
import time:      1684 |       1684 |               mteb.abstasks.clustering_legacy
import time:      1463 |       1463 |                   mteb.abstasks.image.image_text_pair_classification
import time:       184 |       1646 |                 mteb.abstasks.image
import time:        38 |       1684 |               mteb.abstasks.image.image_text_pair_classification
import time:       420 |        420 |                   sklearn.utils._user_interface
import time:      5508 |       5927 |                 sklearn.multioutput
import time:       479 |        479 |                 mteb._evaluators.classification_metrics
import time:      1989 |       8395 |               mteb.abstasks.multilabel_classification
import time:      2386 |       2386 |               mteb.abstasks.pair_classification
import time:      1280 |       1280 |               mteb.abstasks.regression
import time:      1893 |       1893 |                 mteb.abstasks.retrieval_dataset_loaders
import time:      4283 |       6175 |               mteb.abstasks.retrieval
import time:      1740 |       1740 |               mteb.abstasks.sts
import time:       147 |        147 |                 mteb.abstasks.text
import time:      2196 |       2343 |               mteb.abstasks.text.bitext_mining
import time:      1358 |       1358 |               mteb.abstasks.text.reranking
import time:      1042 |       1042 |               mteb.abstasks.text.summarization
import time:      1713 |       1713 |               mteb.abstasks.zeroshot_classification
import time:       469 |   12750552 |             mteb.abstasks
import time:       825 |        825 |                     mteb._reversible_workflow.reversible_workflow
import time:       260 |       1085 |                   mteb._reversible_workflow
import time:      1846 |       2931 |                 mteb._reversible_workflow.git_actions
import time:      2058 |       2058 |                 mteb._reversible_workflow.git_utils
import time:      1598 |       1598 |                           polars._cpu_check
import time:       123 |        123 |                           _polars_runtime_compat
import time:        73 |         73 |                           _polars_runtime_64
import time:       150 |        150 |                             _polars_runtime_32.build_feature_flags
import time:       221 |        371 |                           _polars_runtime_32
import time:      4284 |       4284 |                           _polars_runtime_32._polars_runtime
import time:      1062 |       7509 |                         polars._plr
import time:       534 |        534 |                         polars._warnings
import time:       377 |        377 |                                             polars._utils.constants
import time:      1506 |       1882 |                                           polars._utils.convert
import time:      2233 |       2233 |                                             polars._dependencies
import time:      7068 |       7068 |                                                 polars.datatypes.classes
import time:      2117 |       2117 |                                                 polars.datatypes.convert
import time:      1327 |      10510 |                                               polars.datatypes._parse
import time:       241 |        241 |                                               polars.datatypes.constants
import time:      1213 |       1213 |                                               polars.datatypes.constructor
import time:       417 |      12380 |                                             polars.datatypes
import time:       789 |        789 |                                             polars.datatypes.group
import time:      5075 |      20476 |                                           polars._utils.various
import time:       212 |      22568 |                                         polars._utils
import time:       905 |        905 |                                           polars.exceptions
import time:      1709 |       2614 |                                         polars._utils.parse.expr
import time:       220 |      25401 |                                       polars._utils.parse
import time:       307 |        307 |                                       polars._utils.wrap
import time:       709 |      26415 |                                     polars.functions.aggregation.horizontal
import time:       435 |        435 |                                     polars.functions.aggregation.vertical
import time:       246 |      27095 |                                   polars.functions.aggregation
import time:       459 |        459 |                                     polars._utils.unstable
import time:      1688 |       2147 |                                   polars.functions.as_datatype
import time:      5744 |       5744 |                                       polars._typing
import time:      2698 |       8441 |                                     polars._utils.deprecation
import time:       755 |       9196 |                                   polars.functions.business
import time:      1515 |       1515 |                                   polars.functions.col
import time:       669 |        669 |                                   polars.functions.datatype
import time:       459 |        459 |                                     polars._utils.reduce_balanced
import time:      3846 |       4305 |                                   polars.functions.eager
import time:       300 |        300 |                                   polars.functions.escape_regex
import time:      2101 |       2101 |                                           polars.expr.array
import time:      1083 |       1083 |                                           polars.expr.binary
import time:       818 |        818 |                                           polars.expr.categorical
import time:      3244 |       3244 |                                           polars.expr.datetime
import time:       486 |        486 |                                           polars.expr.ext
import time:      3226 |       3226 |                                           polars.expr.list
import time:       589 |        589 |                                             polars._utils.serde
import time:      1658 |       2246 |                                           polars.expr.meta
import time:       668 |        668 |                                           polars.expr.name
import time:      4796 |       4796 |                                           polars.expr.string
import time:       841 |        841 |                                           polars.expr.struct
import time:       190 |        190 |                                               polars._utils.polars_version
import time:       271 |        461 |                                             polars.meta.build
import time:       201 |        201 |                                             polars.meta.index_type
import time:       261 |        261 |                                             polars.meta.thread_pool
import time:       607 |        607 |                                             polars.meta.versions
import time:       224 |       1752 |                                           polars.meta
import time:     21180 |      42437 |                                         polars.expr.expr
import time:      1123 |       1123 |                                         polars.expr.whenthen
import time:       227 |      43786 |                                       polars.expr
import time:      6151 |      49936 |                                     polars.selectors
import time:      1109 |       1109 |                                           polars._utils.async_
import time:       379 |        379 |                                           polars.lazyframe.in_process
import time:       593 |        593 |                                           polars.lazyframe.query_result
import time:      4887 |       6966 |                                         polars.lazyframe.engine
import time:      1733 |       1733 |                                         polars.lazyframe.engine_remote
import time:      1520 |       1520 |                                           polars._utils.slice
import time:       597 |        597 |                                           polars.lazyframe.engine_config
import time:      1215 |       1215 |                                           polars.lazyframe.group_by
import time:      2272 |       2272 |                                           polars.lazyframe.opt_flags
import time:      2127 |       2127 |                                                 polars.interchange.protocol
import time:       197 |       2323 |                                               polars.interchange
import time:        42 |       2364 |                                             polars.interchange.protocol
import time:      1663 |       4026 |                                           polars.schema
import time:     20842 |      30470 |                                         polars.lazyframe.frame
import time:       252 |      39419 |                                       polars.lazyframe
import time:        30 |      39448 |                                     polars.lazyframe.engine_config
import time:      5971 |      95354 |                                   polars.functions.lazy
import time:       328 |        328 |                                   polars.functions.len
import time:       340 |        340 |                                         polars.datatype_expr.array
import time:       237 |        237 |                                         polars.datatype_expr.list
import time:       383 |        383 |                                         polars.datatype_expr.struct
import time:      1138 |       2097 |                                       polars.datatype_expr.datatype_expr
import time:       174 |       2270 |                                     polars.datatype_expr
import time:      1542 |       3812 |                                   polars.functions.lit
import time:       194 |        194 |                                   polars.functions.random
import time:       221 |        221 |                                       polars.functions.range._utils
import time:       836 |       1057 |                                     polars.functions.range.date_range
import time:       908 |        908 |                                     polars.functions.range.datetime_range
import time:      1068 |       1068 |                                     polars.functions.range.int_range
import time:       856 |        856 |                                     polars.functions.range.linear_space
import time:       981 |        981 |                                     polars.functions.range.time_range
import time:       235 |       5103 |                                   polars.functions.range
import time:      1096 |       1096 |                                   polars.functions.repeat
import time:       398 |        398 |                                   polars.functions.whenthen
import time:       803 |     152307 |                                 polars.functions
import time:      1198 |       1198 |                                     polars._utils.construction.utils
import time:      8706 |       9904 |                                   polars._utils.construction.dataframe
import time:       559 |        559 |                                   polars._utils.construction.other
import time:      3440 |       3440 |                                   polars._utils.construction.series
import time:       299 |      14202 |                                 polars._utils.construction
import time:      3030 |       3030 |                                 polars._utils.getitem
import time:       594 |        594 |                                 polars._utils.pycapsule
import time:       330 |        330 |                                   polars._utils.monitoring
import time:      5532 |       5862 |                                 polars.config
import time:      1556 |       1556 |                                 polars.dataframe._html
import time:      3712 |       3712 |                                 polars.dataframe.group_by
import time:      1066 |       1066 |                                 polars.dataframe.plotting
import time:     36686 |     219012 |                               polars.dataframe.frame
import time:       135 |     219147 |                             polars.dataframe
import time:       665 |        665 |                                 polars.datatypes._utils
import time:      1225 |       1225 |                                   polars.series.utils
import time:      1832 |       3056 |                                 polars.series.array
import time:       935 |        935 |                                 polars.series.binary
import time:       929 |        929 |                                 polars.series.categorical
import time:      3023 |       3023 |                                 polars.series.datetime
import time:       598 |        598 |                                 polars.series.ext
import time:      2511 |       2511 |                                 polars.series.list
import time:      1010 |       1010 |                                 polars.series.plotting
import time:      3684 |       3684 |                                 polars.series.string
import time:       950 |        950 |                                 polars.series.struct
import time:     27083 |      44439 |                               polars.series.series
import time:       220 |      44658 |                             polars.series
import time:       239 |     264043 |                           polars._reexport
import time:      1021 |     265063 |                         polars.api
import time:       847 |        847 |                         polars.plugins
import time:       133 |        133 |                           polars.catalog
import time:      2721 |       2721 |                             polars.catalog.unity.models
import time:      2503 |       5223 |                           polars.catalog.unity.client
import time:       220 |       5575 |                         polars.catalog.unity
import time:      5365 |       5365 |                           polars.convert.general
import time:      1077 |       1077 |                           polars.convert.normalize
import time:       258 |       6699 |                         polars.convert
import time:       603 |        603 |                         polars.datatypes.extension
import time:       706 |        706 |                             polars.io.plugins
import time:       517 |       1223 |                           polars.io.arrow_c_stream
import time:      2159 |       2159 |                             polars.io._utils
import time:       357 |       2515 |                           polars.io.avro
import time:       750 |        750 |                                 polars.io.csv.batched_reader
import time:       376 |        376 |                                               polars._utils.logging
import time:      2593 |       2593 |                                                 polars.io.partition
import time:       834 |       3427 |                                               polars.io.cloud._utils
import time:      3624 |       7425 |                                             polars.io.cloud.credential_provider._providers
import time:       179 |       7604 |                                           polars.io.cloud.credential_provider
import time:        33 |       7637 |                                         polars.io.cloud.credential_provider._providers
import time:       226 |       7862 |                                       polars.io.cloud
import time:        48 |       7910 |                                     polars.io.cloud.credential_provider
import time:      1420 |       1420 |                                     polars._utils.cache
import time:      2883 |      12212 |                                   polars.io.cloud.credential_provider._builder
import time:       495 |        495 |                                   polars.io.csv._utils
import time:      5671 |      18377 |                                 polars.io.csv.functions
import time:       180 |      19305 |                               polars.io.csv
import time:        32 |      19337 |                             polars.io.csv.functions
import time:       327 |      19664 |                           polars.io.clipboard
import time:      1338 |       1338 |                                 polars.io.database._utils
import time:      1468 |       2806 |                               polars.io.database._cursor_proxies
import time:       643 |        643 |                                 polars.io.database._arrow_registry
import time:      1942 |       1942 |                                 polars.io.database._inference
import time:      4269 |       6854 |                               polars.io.database._executor
import time:      1399 |      11057 |                             polars.io.database.functions
import time:       169 |      11226 |                           polars.io.database
import time:      1197 |       1197 |                                 polars.io.delta._utils
import time:       750 |        750 |                                           polars.io.scan_options.cast_options
import time:       192 |        941 |                                         polars.io.scan_options
import time:      2141 |       3082 |                                       polars.io.scan_options._options
import time:      2347 |       5428 |                                     polars.io.parquet.functions
import time:       240 |       5667 |                                   polars.io.parquet
import time:        37 |       5704 |                                 polars.io.parquet.functions
import time:      2625 |       9525 |                               polars.io.delta._dataset
import time:       867 |      10392 |                             polars.io.delta.functions
import time:       206 |      10597 |                           polars.io.delta
import time:      5596 |       5596 |                               polars.io.iceberg._utils
import time:      5946 |      11542 |                             polars.io.iceberg._dataset
import time:       628 |        628 |                             polars.io.iceberg.functions
import time:       224 |      12393 |                           polars.io.iceberg
import time:      2354 |       2354 |                             polars.io.ipc.functions
import time:       191 |       2544 |                           polars.io.ipc
import time:       412 |        412 |                             polars.io.json.read
import time:       195 |        606 |                           polars.io.json
import time:       732 |        732 |                           polars.io.lines
import time:      1131 |       1131 |                           polars.io.ndjson
import time:       541 |        541 |                               polars.io.pyarrow_dataset.anonymous_scan
import time:       329 |        869 |                             polars.io.pyarrow_dataset.functions
import time:       175 |       1044 |                           polars.io.pyarrow_dataset
import time:      7435 |       7435 |                             polars.io.spreadsheet.functions
import time:       173 |       7608 |                           polars.io.spreadsheet
import time:       417 |      71693 |                         polars.io
import time:      2288 |       2288 |                           polars.sql.context
import time:       384 |        384 |                           polars.sql.functions
import time:       242 |       2913 |                         polars.sql
import time:       439 |        439 |                         polars.string_cache
import time:      1769 |     363639 |                       polars
import time:      6654 |     370292 |                     mteb.benchmarks.benchmark
import time:       678 |        678 |                     mteb.benchmarks.get_benchmark
import time:       230 |     371199 |                   mteb.benchmarks
import time:        37 |     371236 |                 mteb.benchmarks.benchmark
import time:       884 |        884 |                     transformers.models.encodec.configuration_encodec
import time:      1794 |       1794 |                     mteb.models.modality_collators
import time:      2000 |       2000 |                     mteb.models.instruct_wrapper
import time:       702 |        702 |                     mteb.models.model_implementations.facebookai
import time:       530 |        530 |                       wave
import time:      1393 |       1393 |                       mteb.models.model_implementations.google_text_embedding
import time:      2379 |       4301 |                     mteb.models.model_implementations.google_gemini
import time:      1346 |       1346 |                       mteb.models.model_implementations.e5_models
import time:       979 |       2324 |                     mteb.models.model_implementations.e5_instruct
import time:      2554 |       2554 |                     transformers.activations
import time:     23641 |      23641 |                       transformers.modeling_outputs
import time:      3594 |      27235 |                     transformers.modeling_layers
import time:      1039 |       1039 |                     transformers.models.unispeech_sat.configuration_unispeech_sat
import time:      2448 |       2448 |                       mteb.models.model_implementations.bge_models
import time:      3004 |       5451 |                     mteb.models.model_implementations.rerankers_custom
import time:      4229 |       4229 |                         transformers.models.whisper.english_normalizer
import time:      7229 |      11457 |                       transformers.models.whisper.tokenization_whisper
import time:     11765 |      23221 |                     transformers.models.whisper.generation_whisper
import time:      3543 |       3543 |                     mteb.models.model_implementations.nvidia_models
import time:       688 |        688 |                     mteb.models.model_implementations.qzhou_models
import time:      2698 |       2698 |                     mteb.models.model_implementations.sentence_transformers_models
import time:        76 |         76 |                     sentence_transformers.models
import time:      4579 |       4579 |                       mteb.models.model_implementations.pylate_models
import time:      1669 |       6248 |                     mteb.models.model_implementations.mixedbread_ai_models
import time:      1341 |       1341 |                     transformers.models.speecht5.configuration_speecht5
import time:      1090 |       1090 |                     transformers.models.wav2vec2.configuration_wav2vec2
import time:      2520 |       2520 |                     mteb.models.model_implementations.cohere_models
import time:      1116 |       1116 |                     transformers.models.seamless_m4t_v2.configuration_seamless_m4t_v2
import time:      1137 |       1137 |                     transformers.models.clap.configuration_clap
import time:       989 |        989 |                     transformers.models.data2vec.configuration_data2vec_audio
import time:      2065 |       2065 |                     mteb.models.model_implementations.nomic_models
import time:       912 |        912 |                     transformers.models.hubert.configuration_hubert
import time:      1539 |       1539 |                     mteb.models.model_implementations.repllama_models
import time:      1377 |       1377 |                     transformers.models.clip.configuration_clip
import time:        61 |         61 |                                 torchaudio._internal.fb
import time:       136 |        196 |                               torchaudio._internal
import time:       151 |        347 |                             torchaudio._internal.module_utils
import time:       226 |        226 |                             torchaudio._extension.utils
import time:        93 |         93 |                             torchaudio.lib
import time:       555 |        555 |                             torchaudio.lib._torchaudio
import time:      1675 |       2893 |                           torchaudio._extension
import time:       523 |        523 |                             torchaudio.compliance.kaldi
import time:       205 |        727 |                           torchaudio.compliance
import time:       123 |        123 |                               torchaudio.datasets.utils
import time:       270 |        393 |                             torchaudio.datasets.cmuarctic
import time:       186 |        186 |                             torchaudio.datasets.cmudict
import time:       159 |        159 |                             torchaudio.datasets.commonvoice
import time:       193 |        193 |                             torchaudio.datasets.dr_vctk
import time:       169 |        169 |                             torchaudio.datasets.fluentcommands
import time:       413 |        413 |                             torchaudio.datasets.gtzan
import time:       196 |        196 |                             torchaudio.datasets.iemocap
import time:       183 |        183 |                               torchaudio.datasets.librispeech
import time:       156 |        339 |                             torchaudio.datasets.librilight_limited
import time:       175 |        175 |                             torchaudio.datasets.librimix
import time:       138 |        138 |                             torchaudio.datasets.librispeech_biasing
import time:       157 |        157 |                             torchaudio.datasets.libritts
import time:       127 |        127 |                             torchaudio.datasets.ljspeech
import time:       199 |        199 |                             torchaudio.datasets.musdb_hq
import time:       152 |        152 |                             torchaudio.datasets.quesst14
import time:       141 |        141 |                             torchaudio.datasets.snips
import time:       167 |        167 |                             torchaudio.datasets.speechcommands
import time:       158 |        158 |                             torchaudio.datasets.tedlium
import time:       144 |        144 |                             torchaudio.datasets.vctk
import time:       252 |        252 |                             torchaudio.datasets.voxceleb1
import time:       165 |        165 |                             torchaudio.datasets.yesno
import time:       297 |       4310 |                           torchaudio.datasets
import time:       586 |        586 |                             torchaudio.functional._alignment
import time:       879 |        879 |                             torchaudio.functional.filtering
import time:       742 |        742 |                             torchaudio.functional.functional
import time:       250 |       2456 |                           torchaudio.functional
import time:       444 |        444 |                             torchaudio.models._hdemucs
import time:       179 |        179 |                             torchaudio.models.conformer
import time:       344 |        344 |                             torchaudio.models.conv_tasnet
import time:       157 |        157 |                             torchaudio.models.deepspeech
import time:       516 |        516 |                             torchaudio.models.emformer
import time:       397 |        397 |                             torchaudio.models.rnnt
import time:       388 |        388 |                             torchaudio.models.rnnt_decoder
import time:       283 |        283 |                               torchaudio.models.squim.objective
import time:       161 |        161 |                               torchaudio.models.squim.subjective
import time:       137 |        580 |                             torchaudio.models.squim
import time:       565 |        565 |                             torchaudio.models.tacotron2
import time:       125 |        125 |                             torchaudio.models.wav2letter
import time:       148 |        148 |                                       torchaudio.models.wav2vec2.wavlm_attention
import time:       515 |        663 |                                     torchaudio.models.wav2vec2.components
import time:       330 |        993 |                                   torchaudio.models.wav2vec2.model
import time:       171 |       1163 |                                 torchaudio.models.wav2vec2.utils.import_fairseq
import time:       164 |        164 |                                 torchaudio.models.wav2vec2.utils.import_huggingface
import time:       125 |       1451 |                               torchaudio.models.wav2vec2.utils
import time:       122 |       1573 |                             torchaudio.models.wav2vec2
import time:       354 |        354 |                             torchaudio.models.wavernn
import time:       294 |       5910 |                           torchaudio.models
import time:       591 |        591 |                             torchaudio.pipelines._source_separation_pipeline
import time:       713 |        713 |                             torchaudio.pipelines._squim_pipeline
import time:       259 |        259 |                                   torchaudio.transforms._multi_channel
import time:       946 |        946 |                                   torchaudio.transforms._transforms
import time:       161 |       1365 |                                 torchaudio.transforms
import time:       199 |        199 |                                 torchaudio.pipelines._tts.utils
import time:       258 |        258 |                                 torchaudio.pipelines._tts.interface
import time:      2685 |       4507 |                               torchaudio.pipelines._tts.impl
import time:       140 |       4646 |                             torchaudio.pipelines._tts
import time:       129 |        129 |                               torchaudio.pipelines._wav2vec2
import time:       273 |        273 |                               torchaudio.pipelines._wav2vec2.aligner
import time:       171 |        171 |                               torchaudio.pipelines._wav2vec2.utils
import time:      2844 |       3415 |                             torchaudio.pipelines._wav2vec2.impl
import time:      1052 |       1052 |                             torchaudio.pipelines.rnnt_pipeline
import time:       260 |      10674 |                           torchaudio.pipelines
import time:       189 |        189 |                             torchaudio.utils.download
import time:       184 |        373 |                           torchaudio.utils
import time:       222 |        222 |                           torchaudio._torchcodec
import time:       115 |        115 |                           torchaudio.version
import time:       412 |      28089 |                         torchaudio
import time:        15 |      28104 |                       torchaudio.compliance
import time:        26 |      28129 |                     torchaudio.compliance.kaldi
import time:       525 |        525 |                     transformers.models.audio_spectrogram_transformer.configuration_audio_spectrogram_transformer
import time:      1073 |       1073 |                     transformers.models.wavlm.configuration_wavlm
import time:      1028 |       1028 |                     transformers.models.sew_d.configuration_sew_d
import time:    539325 |     668911 |                   mteb.models.model_implementations
import time:      1363 |     670273 |                 mteb.models.get_model_meta
import time:      4667 |       4667 |                       mteb._hf_integration.eval_result_model
import time:      9242 |       9242 |                       mteb.results.task_result
import time:      4039 |      17946 |                     mteb.results.model_result
import time:      9254 |      27200 |                   mteb.results.benchmark_results
import time:       221 |      27421 |                 mteb.results
import time:      9298 |    1083214 |               mteb.cache.result_cache
import time:       202 |    1083416 |             mteb.cache
import time:      1302 |       1302 |                   mteb.abstasks.aggregated_task
import time:      1096 |       2398 |                 mteb.filter_tasks
import time:      5793 |       5793 |                         mteb.abstasks.aggregate_task_metadata
import time:       642 |        642 |                             mteb.tasks.retrieval.ara.sadeem_question_retrieval
import time:       195 |        837 |                           mteb.tasks.retrieval.ara
import time:       356 |        356 |                             mteb.tasks.retrieval.code.apps_retrieval
import time:       317 |        317 |                             mteb.tasks.retrieval.code.code1_retrieval
import time:       706 |        706 |                             mteb.tasks.retrieval.code.code_edit_search_retrieval
import time:       335 |        335 |                             mteb.tasks.retrieval.code.code_feedback_mt_retrieval
import time:       319 |        319 |                             mteb.tasks.retrieval.code.code_feedback_st_retrieval
import time:      1661 |       1661 |                             mteb.tasks.retrieval.code.code_rag
import time:      1056 |       1056 |                             mteb.tasks.retrieval.code.code_search_net_cc_retrieval
import time:       404 |        404 |                             mteb.tasks.retrieval.code.code_search_net_retrieval
import time:       326 |        326 |                             mteb.tasks.retrieval.code.code_trans_ocean_contest_retrieval
import time:       301 |        301 |                             mteb.tasks.retrieval.code.code_trans_ocean_dl_retrieval
import time:       962 |        962 |                             mteb.tasks.retrieval.code.coir_code_search_net_retrieval
import time:       680 |        680 |                             mteb.tasks.retrieval.code.coreb_retrieval
import time:       318 |        318 |                             mteb.tasks.retrieval.code.cos_qa_retrieval
import time:      2050 |       2050 |                             mteb.tasks.retrieval.code.ds1000_retrieval
import time:       729 |        729 |                             mteb.tasks.retrieval.code.fresh_stack_retrieval
import time:       601 |        601 |                             mteb.tasks.retrieval.code.human_eval_retrieval
import time:       335 |        335 |                             mteb.tasks.retrieval.code.japanese_code1_retrieval
import time:       585 |        585 |                             mteb.tasks.retrieval.code.mbpp_retrieval
import time:       335 |        335 |                             mteb.tasks.retrieval.code.stack_overflow_qa_retrieval
import time:       327 |        327 |                             mteb.tasks.retrieval.code.swebench_code_retrieval
import time:       324 |        324 |                             mteb.tasks.retrieval.code.synthetic_text2_sql_retrieval
import time:       587 |        587 |                             mteb.tasks.retrieval.code.wiki_sql_retrieval
import time:       520 |      14121 |                           mteb.tasks.retrieval.code
import time:       977 |        977 |                             mteb.tasks.retrieval.dan.dan_fever_retrieval
import time:       357 |        357 |                             mteb.tasks.retrieval.dan.lex_retrieval
import time:       686 |        686 |                             mteb.tasks.retrieval.dan.tv2_nordretrieval
import time:       349 |        349 |                             mteb.tasks.retrieval.dan.twitter_hjerne_retrieval
import time:       220 |       2587 |                           mteb.tasks.retrieval.dan
import time:       330 |        330 |                             mteb.tasks.retrieval.deu.ger_da_lir_retrieval
import time:       323 |        323 |                             mteb.tasks.retrieval.deu.ger_da_lir_small_retrieval
import time:       317 |        317 |                             mteb.tasks.retrieval.deu.german1_retrieval
import time:       298 |        298 |                             mteb.tasks.retrieval.deu.german_dpr_retrieval
import time:       612 |        612 |                             mteb.tasks.retrieval.deu.german_gov_service_retrieval
import time:       345 |        345 |                             mteb.tasks.retrieval.deu.german_healthcare1_retrieval
import time:       305 |        305 |                             mteb.tasks.retrieval.deu.german_legal1_retrieval
import time:       628 |        628 |                             mteb.tasks.retrieval.deu.german_qu_ad_retrieval
import time:       331 |        331 |                             mteb.tasks.retrieval.deu.legal_qu_ad_retrieval
import time:       297 |       3782 |                           mteb.tasks.retrieval.deu
import time:       679 |        679 |                             mteb.tasks.retrieval.ell.greek_civics_qa
import time:       146 |        825 |                           mteb.tasks.retrieval.ell
import time:      1322 |       1322 |                             mteb.tasks.retrieval.eng.activitynet_captions_retrieval
import time:       377 |        377 |                             mteb.tasks.retrieval.eng.aila_casedocs_retrieval
import time:       312 |        312 |                             mteb.tasks.retrieval.eng.aila_statutes_retrieval
import time:       336 |        336 |                             mteb.tasks.retrieval.eng.alpha_nli_retrieval
import time:       311 |        311 |                             mteb.tasks.retrieval.eng.arc_challenge_retrieval
import time:       311 |        311 |                             mteb.tasks.retrieval.eng.argu_ana_retrieval
import time:       462 |        462 |                             mteb.tasks.retrieval.eng.audio_set_strong
import time:      1996 |       1996 |                             mteb.tasks.retrieval.eng.audiocaps_av_retrieval
import time:      2063 |       2063 |                             mteb.tasks.retrieval.eng.avmeme_exam_retrieval
import time:       387 |        387 |                             mteb.tasks.retrieval.eng.bar_exam_qa_retrieval
import time:       316 |        316 |                             mteb.tasks.retrieval.eng.bill_sum_ca_retrieval
import time:       306 |        306 |                             mteb.tasks.retrieval.eng.bill_sum_us_retrieval
import time:       311 |        311 |                             mteb.tasks.retrieval.eng.birco_argu_ana_reranking
import time:       296 |        296 |                             mteb.tasks.retrieval.eng.birco_clinical_trial_reranking
import time:       324 |        324 |                             mteb.tasks.retrieval.eng.birco_doris_mae_reranking
import time:       317 |        317 |                             mteb.tasks.retrieval.eng.birco_relic_reranking
import time:       291 |        291 |                             mteb.tasks.retrieval.eng.birco_whats_that_book_reranking
import time:       290 |        290 |                             mteb.tasks.retrieval.eng.blink_it2i_retrieval
import time:       359 |        359 |                             mteb.tasks.retrieval.eng.blink_it2t_retrieval
import time:      1228 |       1228 |                             mteb.tasks.retrieval.eng.bright_retrieval
import time:      4602 |       4602 |                             mteb.tasks.retrieval.eng.bright_v1_1_retrieval
import time:       685 |        685 |                             mteb.tasks.retrieval.eng.browse_comp_plus_retrieval
import time:       359 |        359 |                             mteb.tasks.retrieval.eng.built_bench_retrieval
import time:       336 |        336 |                             mteb.tasks.retrieval.eng.castella_amr
import time:       592 |        592 |                             mteb.tasks.retrieval.eng.chat_doctor_retrieval
import time:       350 |        350 |                             mteb.tasks.retrieval.eng.chem_hotpot_qa_retrieval
import time:       312 |        312 |                             mteb.tasks.retrieval.eng.chem_nq_retrieval
import time:       289 |        289 |                             mteb.tasks.retrieval.eng.chemrxiv
import time:       296 |        296 |                             mteb.tasks.retrieval.eng.cirr_it2i_retrieval
import time:       581 |        581 |                             mteb.tasks.retrieval.eng.cld_at2a_retrieval
import time:       649 |        649 |                             mteb.tasks.retrieval.eng.climate_fever_retrieval
import time:       989 |        989 |                             mteb.tasks.retrieval.eng.clotho
import time:       507 |        507 |                             mteb.tasks.retrieval.eng.cmu_arctic
import time:       356 |        356 |                             mteb.tasks.retrieval.eng.covers80_retrieval
import time:       317 |        317 |                             mteb.tasks.retrieval.eng.cqa_dupstack_android_retrieval
import time:       286 |        286 |                             mteb.tasks.retrieval.eng.cqa_dupstack_english_retrieval
import time:       293 |        293 |                             mteb.tasks.retrieval.eng.cqa_dupstack_gaming_retrieval
import time:       313 |        313 |                             mteb.tasks.retrieval.eng.cqa_dupstack_gis_retrieval
import time:       295 |        295 |                             mteb.tasks.retrieval.eng.cqa_dupstack_mathematica_retrieval
import time:       279 |        279 |                             mteb.tasks.retrieval.eng.cqa_dupstack_physics_retrieval
import time:       271 |        271 |                             mteb.tasks.retrieval.eng.cqa_dupstack_programmers_retrieval
import time:       302 |        302 |                             mteb.tasks.retrieval.eng.cqa_dupstack_stats_retrieval
import time:       286 |        286 |                             mteb.tasks.retrieval.eng.cqa_dupstack_tex_retrieval
import time:       274 |        274 |                             mteb.tasks.retrieval.eng.cqa_dupstack_unix_retrieval
import time:       275 |        275 |                             mteb.tasks.retrieval.eng.cqa_dupstack_webmasters_retrieval
import time:       273 |        273 |                             mteb.tasks.retrieval.eng.cqa_dupstack_wordpress_retrieval
import time:       301 |        301 |                             mteb.tasks.retrieval.eng.cub200_i2i_retrieval
import time:      2660 |       2660 |                             mteb.tasks.retrieval.eng.dapfam_patent_retrieval
import time:       633 |        633 |                             mteb.tasks.retrieval.eng.dbpedia_retrieval
import time:      2003 |       2003 |                             mteb.tasks.retrieval.eng.didemo_retrieval
import time:       397 |        397 |                             mteb.tasks.retrieval.eng.edis_t2it_retrieval
import time:       368 |        368 |                             mteb.tasks.retrieval.eng.elastic_kb_retrieval
import time:       459 |        459 |                             mteb.tasks.retrieval.eng.emo_vdb
import time:       309 |        309 |                             mteb.tasks.retrieval.eng.encyclopedia_vqa_it2it_retrieval
import time:       291 |        291 |                             mteb.tasks.retrieval.eng.english_finance1_retrieval
import time:       319 |        319 |                             mteb.tasks.retrieval.eng.english_finance2_retrieval
import time:       292 |        292 |                             mteb.tasks.retrieval.eng.english_finance3_retrieval
import time:       286 |        286 |                             mteb.tasks.retrieval.eng.english_finance4_retrieval
import time:       285 |        285 |                             mteb.tasks.retrieval.eng.english_healthcare1_retrieval
import time:       317 |        317 |                             mteb.tasks.retrieval.eng.faith_dial_retrieval
import time:       413 |        413 |                             mteb.tasks.retrieval.eng.fashion200k_i2t_retrieval
import time:       326 |        326 |                             mteb.tasks.retrieval.eng.fashion200k_t2i_retrieval
import time:       323 |        323 |                             mteb.tasks.retrieval.eng.fashion_iq_it2i_retrieval
import time:       305 |        305 |                             mteb.tasks.retrieval.eng.feedback_qa_retrieval
import time:       626 |        626 |                             mteb.tasks.retrieval.eng.fever_retrieval
import time:       359 |        359 |                             mteb.tasks.retrieval.eng.fi_qa2018_retrieval
import time:       627 |        627 |                             mteb.tasks.retrieval.eng.fin_qa_retrieval
import time:       623 |        623 |                             mteb.tasks.retrieval.eng.finance_bench_retrieval
import time:       688 |        688 |                             mteb.tasks.retrieval.eng.flare_retrieval
import time:       348 |        348 |                             mteb.tasks.retrieval.eng.flickr30k_i2t_retrieval
import time:       306 |        306 |                             mteb.tasks.retrieval.eng.flickr30k_t2i_retrieval
import time:       279 |        279 |                             mteb.tasks.retrieval.eng.forb_i2i_retrieval
import time:       488 |        488 |                             mteb.tasks.retrieval.eng.giga_speech
import time:       303 |        303 |                             mteb.tasks.retrieval.eng.gl_dv2_i2i_retrieval
import time:       285 |        285 |                             mteb.tasks.retrieval.eng.gl_dv2_i2t_retrieval
import time:       296 |        296 |                             mteb.tasks.retrieval.eng.gov_report_retrieval
import time:       277 |        277 |                             mteb.tasks.retrieval.eng.hagrid_retrieval
import time:       790 |        790 |                             mteb.tasks.retrieval.eng.hateful_memes_i2t_retrieval
import time:       797 |        797 |                             mteb.tasks.retrieval.eng.hateful_memes_t2i_retrieval
import time:       627 |        627 |                             mteb.tasks.retrieval.eng.hc3_finance_retrieval
import time:       355 |        355 |                             mteb.tasks.retrieval.eng.hella_swag_retrieval
import time:       437 |        437 |                             mteb.tasks.retrieval.eng.hi_fi_tts
import time:       549 |        549 |                             mteb.tasks.retrieval.eng.hotpot_qa_retrieval
import time:       306 |        306 |                             mteb.tasks.retrieval.eng.image_co_de_t2i_retrieval
import time:       296 |        296 |                             mteb.tasks.retrieval.eng.info_seek_it2it_retrieval
import time:       290 |        290 |                             mteb.tasks.retrieval.eng.info_seek_it2t_retrieval
import time:       384 |        384 |                             mteb.tasks.retrieval.eng.irpapers_t2i_retrieval
import time:       409 |        409 |                             mteb.tasks.retrieval.eng.irpapers_t2it_retrieval
import time:       572 |        572 |                             mteb.tasks.retrieval.eng.jl_corpus
import time:       454 |        454 |                             mteb.tasks.retrieval.eng.lass
import time:       319 |        319 |                             mteb.tasks.retrieval.eng.legal_bench_consumer_contracts_qa_retrieval
import time:       311 |        311 |                             mteb.tasks.retrieval.eng.legal_bench_corporate_lobbying_retrieval
import time:       279 |        279 |                             mteb.tasks.retrieval.eng.legal_summarization_retrieval
import time:       566 |        566 |                             mteb.tasks.retrieval.eng.lemb_narrative_qa_retrieval
import time:       704 |        704 |                             mteb.tasks.retrieval.eng.lemb_needle_retrieval
import time:       354 |        354 |                             mteb.tasks.retrieval.eng.lemb_passkey_retrieval
import time:       565 |        565 |                             mteb.tasks.retrieval.eng.lemb_summ_screen_fd_retrieval
import time:       583 |        583 |                             mteb.tasks.retrieval.eng.lemb_wikim_qa_retrieval
import time:       548 |        548 |                             mteb.tasks.retrieval.eng.lembqm_sum_retrieval
import time:       477 |        477 |                             mteb.tasks.retrieval.eng.libri_tts
import time:       529 |        529 |                             mteb.tasks.retrieval.eng.limit_retrieval
import time:       660 |        660 |                             mteb.tasks.retrieval.eng.lit_search_retrieval
import time:       358 |        358 |                             mteb.tasks.retrieval.eng.llava_it2t_retrieval
import time:      5655 |       5655 |                             mteb.tasks.retrieval.eng.lmeb_retrieval
import time:       541 |        541 |                             mteb.tasks.retrieval.eng.lotte_retrieval
import time:       482 |        482 |                             mteb.tasks.retrieval.eng.macs
import time:       309 |        309 |                             mteb.tasks.retrieval.eng.medical_qa_retrieval
import time:       876 |        876 |                             mteb.tasks.retrieval.eng.memotion_i2t_retrieval
import time:       884 |        884 |                             mteb.tasks.retrieval.eng.memotion_t2i_retrieval
import time:       344 |        344 |                             mteb.tasks.retrieval.eng.met_i2i_retrieval
import time:       537 |        537 |                             mteb.tasks.retrieval.eng.miao_retrieval
import time:       797 |        797 |                             mteb.tasks.retrieval.eng.ml_questions
import time:       671 |        671 |                             mteb.tasks.retrieval.eng.mmdocir_t2i_retrieval
import time:       410 |        410 |                             mteb.tasks.retrieval.eng.mmdocir_t2it_retrieval
import time:       899 |        899 |                             mteb.tasks.retrieval.eng.moment_seeker
import time:       367 |        367 |                             mteb.tasks.retrieval.eng.mscoco_i2t_retrieval
import time:       388 |        388 |                             mteb.tasks.retrieval.eng.mscoco_t2i_retrieval
import time:       336 |        336 |                             mteb.tasks.retrieval.eng.msmarc_ov2_retrieval
import time:       530 |        530 |                             mteb.tasks.retrieval.eng.msmarco_retrieval
import time:      1973 |       1973 |                             mteb.tasks.retrieval.eng.msr_vtt
import time:       701 |        701 |                             mteb.tasks.retrieval.eng.msvd_t2v_retrieval
import time:       637 |        637 |                             mteb.tasks.retrieval.eng.msvd_v2t_retrieval
import time:       678 |        678 |                             mteb.tasks.retrieval.eng.nano_argu_ana_retrieval
import time:       678 |        678 |                             mteb.tasks.retrieval.eng.nano_climate_fever_retrieval
import time:       637 |        637 |                             mteb.tasks.retrieval.eng.nano_db_pedia_retrieval
import time:       692 |        692 |                             mteb.tasks.retrieval.eng.nano_fever_retrieval
import time:       661 |        661 |                             mteb.tasks.retrieval.eng.nano_fi_qa2018_retrieval
import time:       681 |        681 |                             mteb.tasks.retrieval.eng.nano_hotpot_qa_retrieval
import time:       661 |        661 |                             mteb.tasks.retrieval.eng.nano_msmarco_retrieval
import time:       647 |        647 |                             mteb.tasks.retrieval.eng.nano_nf_corpus_retrieval
import time:       655 |        655 |                             mteb.tasks.retrieval.eng.nano_nq_retrieval
import time:       754 |        754 |                             mteb.tasks.retrieval.eng.nano_quora_retrieval
import time:       720 |        720 |                             mteb.tasks.retrieval.eng.nano_sci_fact_retrieval
import time:       705 |        705 |                             mteb.tasks.retrieval.eng.nano_scidocs_retrieval
import time:       677 |        677 |                             mteb.tasks.retrieval.eng.nano_touche2020_retrieval
import time:       585 |        585 |                             mteb.tasks.retrieval.eng.narrative_qa_retrieval
import time:       378 |        378 |                             mteb.tasks.retrieval.eng.nf_corpus_retrieval
import time:       473 |        473 |                             mteb.tasks.retrieval.eng.nights_i2i_retrieval
import time:       521 |        521 |                             mteb.tasks.retrieval.eng.nq_retrieval
import time:       651 |        651 |                             mteb.tasks.retrieval.eng.obliq_bench_retrieval
import time:       341 |        341 |                             mteb.tasks.retrieval.eng.okvqa_it2t_retrieval
import time:       323 |        323 |                             mteb.tasks.retrieval.eng.oven_it2it_retrieval
import time:       299 |        299 |                             mteb.tasks.retrieval.eng.oven_it2t_retrieval
import time:      1267 |       1267 |                             mteb.tasks.retrieval.eng.panda70m_retrieval
import time:       374 |        374 |                             mteb.tasks.retrieval.eng.piqa_retrieval
import time:       318 |        318 |                             mteb.tasks.retrieval.eng.quail_retrieval
import time:       542 |        542 |                             mteb.tasks.retrieval.eng.quora_retrieval
import time:      2046 |       2046 |                             mteb.tasks.retrieval.eng.r2_med_retrieval
import time:       690 |        690 |                             mteb.tasks.retrieval.eng.r_oxford_i2i_retrieval
import time:       606 |        606 |                             mteb.tasks.retrieval.eng.r_paris_i2i_retrieval
import time:       325 |        325 |                             mteb.tasks.retrieval.eng.ra_rb_code_retrieval
import time:       308 |        308 |                             mteb.tasks.retrieval.eng.ra_rb_math_retrieval
import time:       332 |        332 |                             mteb.tasks.retrieval.eng.re_mu_q_it2t_retrieval
import time:       293 |        293 |                             mteb.tasks.retrieval.eng.rp2k_i2i_retrieval
import time:       297 |        297 |                             mteb.tasks.retrieval.eng.sci_fact_retrieval
import time:       723 |        723 |                             mteb.tasks.retrieval.eng.sci_mmir_i2t_retrieval
import time:       712 |        712 |                             mteb.tasks.retrieval.eng.sci_mmir_t2i_retrieval
import time:       365 |        365 |                             mteb.tasks.retrieval.eng.scidocs_retrieval
import time:       532 |        532 |                             mteb.tasks.retrieval.eng.sea_vl_crawling_retrieval
import time:      2007 |       2007 |                             mteb.tasks.retrieval.eng.shot2story_retrieval
import time:       407 |        407 |                             mteb.tasks.retrieval.eng.shs100k_retrieval
import time:       336 |        336 |                             mteb.tasks.retrieval.eng.siqa_retrieval
import time:       321 |        321 |                             mteb.tasks.retrieval.eng.sketchy_i2i_retrieval
import time:       294 |        294 |                             mteb.tasks.retrieval.eng.sop_i2i_retrieval
import time:       504 |        504 |                             mteb.tasks.retrieval.eng.sounding_earth
import time:       433 |        433 |                             mteb.tasks.retrieval.eng.spart_qa_retrieval
import time:       521 |        521 |                             mteb.tasks.retrieval.eng.speech_coco
import time:       326 |        326 |                             mteb.tasks.retrieval.eng.spoken_s_qu_ad
import time:       299 |        299 |                             mteb.tasks.retrieval.eng.stanford_cars_i2i_retrieval
import time:       316 |        316 |                             mteb.tasks.retrieval.eng.temp_reason_l1_retrieval
import time:       321 |        321 |                             mteb.tasks.retrieval.eng.temp_reason_l2_context_retrieval
import time:       313 |        313 |                             mteb.tasks.retrieval.eng.temp_reason_l2_fact_retrieval
import time:       303 |        303 |                             mteb.tasks.retrieval.eng.temp_reason_l2_pure_retrieval
import time:       290 |        290 |                             mteb.tasks.retrieval.eng.temp_reason_l3_context_retrieval
import time:       283 |        283 |                             mteb.tasks.retrieval.eng.temp_reason_l3_fact_retrieval
import time:       309 |        309 |                             mteb.tasks.retrieval.eng.temp_reason_l3_pure_retrieval
import time:       458 |        458 |                             mteb.tasks.retrieval.eng.topi_ocqa_retrieval
import time:       450 |        450 |                             mteb.tasks.retrieval.eng.touche2020_retrieval
import time:       334 |        334 |                             mteb.tasks.retrieval.eng.treccovid_retrieval
import time:       531 |        531 |                             mteb.tasks.retrieval.eng.trecdl_retrieval
import time:       326 |        326 |                             mteb.tasks.retrieval.eng.tu_berlin_t2i_retrieval
import time:       629 |        629 |                             mteb.tasks.retrieval.eng.tuna_bench_t2v_retrieval
import time:       652 |        652 |                             mteb.tasks.retrieval.eng.tuna_bench_v2t_retrieval
import time:      2003 |       2003 |                             mteb.tasks.retrieval.eng.valor_32k_retrieval
import time:      3076 |       3076 |                             mteb.tasks.retrieval.eng.vatex_retrieval
import time:      2151 |       2151 |                             mteb.tasks.retrieval.eng.vggsound_av_retrieval
import time:      2598 |       2598 |                             mteb.tasks.retrieval.eng.vidore_bench_retrieval
import time:       391 |        391 |                             mteb.tasks.retrieval.eng.visrag_ret_arxiv_qa_retrieval
import time:       336 |        336 |                             mteb.tasks.retrieval.eng.visrag_ret_chart_qa_retrieval
import time:       305 |        305 |                             mteb.tasks.retrieval.eng.visrag_ret_info_vqa_retrieval
import time:       296 |        296 |                             mteb.tasks.retrieval.eng.visrag_ret_mp_docvqa_retrieval
import time:       282 |        282 |                             mteb.tasks.retrieval.eng.visrag_ret_plot_qa_retrieval
import time:       282 |        282 |                             mteb.tasks.retrieval.eng.visrag_ret_slide_vqa_retrieval
import time:       408 |        408 |                             mteb.tasks.retrieval.eng.visual_news_i2t_retrieval
import time:       333 |        333 |                             mteb.tasks.retrieval.eng.visual_news_t2i_retrieval
import time:       300 |        300 |                             mteb.tasks.retrieval.eng.viz_wiz_it2t_retrieval
import time:       281 |        281 |                             mteb.tasks.retrieval.eng.vqa2_it2t_retrieval
import time:       399 |        399 |                             mteb.tasks.retrieval.eng.web_qa_t2it_retrieval
import time:       346 |        346 |                             mteb.tasks.retrieval.eng.web_qa_t2t_retrieval
import time:       320 |        320 |                             mteb.tasks.retrieval.eng.wino_grande_retrieval
import time:      2632 |       2632 |                             mteb.tasks.retrieval.eng.youcook2_retrieval
import time:      4310 |     125985 |                           mteb.tasks.retrieval.eng
import time:       375 |        375 |                             mteb.tasks.retrieval.est.estqa
import time:       508 |        883 |                           mteb.tasks.retrieval.est
import time:      5168 |       5168 |                             mteb.tasks.retrieval.fas.beir_fa
import time:       930 |        930 |                             mteb.tasks.retrieval.fas.fa_mteb_retrieval
import time:       331 |       6429 |                           mteb.tasks.retrieval.fas
import time:       353 |        353 |                             mteb.tasks.retrieval.fra.alloprof_retrieval
import time:       478 |        478 |                             mteb.tasks.retrieval.fra.bsard_retrieval
import time:       643 |        643 |                             mteb.tasks.retrieval.fra.f_qu_ad_retrieval
import time:       360 |        360 |                             mteb.tasks.retrieval.fra.french1_retrieval
import time:       317 |        317 |                             mteb.tasks.retrieval.fra.french_legal1_retrieval
import time:       581 |        581 |                             mteb.tasks.retrieval.fra.syntec_retrieval
import time:       274 |       3002 |                           mteb.tasks.retrieval.fra
import time:       567 |        567 |                             mteb.tasks.retrieval.hun.hun_sum2
import time:       166 |        732 |                           mteb.tasks.retrieval.hun
import time:       372 |        372 |                             mteb.tasks.retrieval.jpn.ja_cwir_retrieval
import time:       320 |        320 |                             mteb.tasks.retrieval.jpn.ja_cwir_retrieval_lite
import time:       301 |        301 |                             mteb.tasks.retrieval.jpn.ja_gov_faqs_retrieval
import time:       289 |        289 |                             mteb.tasks.retrieval.jpn.ja_qu_ad_retrieval
import time:       318 |        318 |                             mteb.tasks.retrieval.jpn.japanese_legal1_retrieval
import time:       301 |        301 |                             mteb.tasks.retrieval.jpn.jaqket_retrieval
import time:       303 |        303 |                             mteb.tasks.retrieval.jpn.jaqket_retrieval_lite
import time:       292 |        292 |                             mteb.tasks.retrieval.jpn.miracl_ja_retrieval_lite
import time:       410 |        410 |                             mteb.tasks.retrieval.jpn.mr_tydi_ja_retrieval_lite
import time:       505 |        505 |                             mteb.tasks.retrieval.jpn.nlp_journal_abs_article_retrieval
import time:       502 |        502 |                             mteb.tasks.retrieval.jpn.nlp_journal_abs_intro_retrieval
import time:       455 |        455 |                             mteb.tasks.retrieval.jpn.nlp_journal_title_abs_retrieval
import time:       461 |        461 |                             mteb.tasks.retrieval.jpn.nlp_journal_title_intro_retrieval
import time:       379 |       5202 |                           mteb.tasks.retrieval.jpn
import time:       680 |        680 |                             mteb.tasks.retrieval.kat.georgian_faq_retrieval
import time:       157 |        837 |                           mteb.tasks.retrieval.kat
import time:       357 |        357 |                             mteb.tasks.retrieval.kor.auto_rag_retrieval
import time:       308 |        308 |                             mteb.tasks.retrieval.kor.ko_strategy_qa
import time:       729 |        729 |                             mteb.tasks.retrieval.kor.kovidore2_bench_retrieval
import time:       322 |        322 |                             mteb.tasks.retrieval.kor.law_ir_ko
import time:       318 |        318 |                             mteb.tasks.retrieval.kor.sds_kopub_vdr_t2i_retrieval
import time:       295 |        295 |                             mteb.tasks.retrieval.kor.sds_kopub_vdr_t2it_retrieval
import time:       300 |        300 |                             mteb.tasks.retrieval.kor.squad_kor_v1_retrieval
import time:       285 |       2910 |                           mteb.tasks.retrieval.kor
import time:       556 |        556 |                             mteb.tasks.retrieval.multilingual.audio_caps
import time:      1581 |       1581 |                             mteb.tasks.retrieval.multilingual.belebele_retrieval
import time:      2866 |       2866 |                             mteb.tasks.retrieval.multilingual.common_voice
import time:      1005 |       1005 |                             mteb.tasks.retrieval.multilingual.cross_lingual_semantic_discrimination_wmt19
import time:       967 |        967 |                             mteb.tasks.retrieval.multilingual.cross_lingual_semantic_discrimination_wmt21
import time:      1322 |       1322 |                             mteb.tasks.retrieval.multilingual.cur_ev1_retrieval
import time:       411 |        411 |                             mteb.tasks.retrieval.multilingual.euro_pirq_retrieval
import time:      1719 |       1719 |                             mteb.tasks.retrieval.multilingual.fleurs
import time:      1566 |       1566 |                             mteb.tasks.retrieval.multilingual.google_svq
import time:       445 |        445 |                             mteb.tasks.retrieval.multilingual.indic_qa_retrieval
import time:      1594 |       1594 |                             mteb.tasks.retrieval.multilingual.jam_alt
import time:      5895 |       5895 |                             mteb.tasks.retrieval.multilingual.jina_vdr_bench_retrieval
import time:       542 |        542 |                             mteb.tasks.retrieval.multilingual.mintaka_retrieval
import time:       665 |        665 |                             mteb.tasks.retrieval.multilingual.miracl_retrieval
import time:      1104 |       1104 |                             mteb.tasks.retrieval.multilingual.miracl_vision_retrieval
import time:       506 |        506 |                             mteb.tasks.retrieval.multilingual.mkqa_retrieval
import time:       800 |        800 |                             mteb.tasks.retrieval.multilingual.mlqa_retrieval
import time:       997 |        997 |                             mteb.tasks.retrieval.multilingual.mr_tidy_retrieval
import time:       444 |        444 |                             mteb.tasks.retrieval.multilingual.multi_long_doc_retrieval
import time:       393 |        393 |                             mteb.tasks.retrieval.multilingual.mupler_retrieval
import time:      2181 |       2181 |                             mteb.tasks.retrieval.multilingual.nanobeir_multilingual
import time:       544 |        544 |                             mteb.tasks.retrieval.multilingual.neu_clir2022_retrieval
import time:       497 |        497 |                             mteb.tasks.retrieval.multilingual.neu_clir2023_retrieval
import time:       509 |        509 |                             mteb.tasks.retrieval.multilingual.news_retrieval
import time:       911 |        911 |                             mteb.tasks.retrieval.multilingual.public_health_qa_retrieval
import time:      1199 |       1199 |                             mteb.tasks.retrieval.multilingual.ru_sci_bench_retrieval
import time:       397 |        397 |                             mteb.tasks.retrieval.multilingual.statcan_dialogue_dataset_retrieval
import time:       899 |        899 |                             mteb.tasks.retrieval.multilingual.vdr_multilingual_retrieval
import time:      1827 |       1827 |                             mteb.tasks.retrieval.multilingual.vidore2_bench_retrieval
import time:      3184 |       3184 |                             mteb.tasks.retrieval.multilingual.vidore3_bench_retrieval
import time:       660 |        660 |                             mteb.tasks.retrieval.multilingual.web_faq_retrieval
import time:       415 |        415 |                             mteb.tasks.retrieval.multilingual.wikipedia_retrieval_multilingual
import time:      1149 |       1149 |                             mteb.tasks.retrieval.multilingual.wit_t2i_retrieval
import time:       998 |        998 |                             mteb.tasks.retrieval.multilingual.x_flickr30k_co_t2i_retrieval
import time:       391 |        391 |                             mteb.tasks.retrieval.multilingual.x_market_retrieval
import time:       860 |        860 |                             mteb.tasks.retrieval.multilingual.x_qu_ad_retrieval
import time:      1243 |       1243 |                             mteb.tasks.retrieval.multilingual.xm3600_t2i_retrieval
import time:       642 |        642 |                             mteb.tasks.retrieval.multilingual.xpqa_retrieval
import time:      1254 |      45123 |                           mteb.tasks.retrieval.multilingual
import time:       509 |        509 |                             mteb.tasks.retrieval.nld.argu_ana_nl_retrieval
import time:       345 |        345 |                             mteb.tasks.retrieval.nld.bbsard_nl_retrieval
import time:       306 |        306 |                             mteb.tasks.retrieval.nld.climate_fevernl_retrieval
import time:       595 |        595 |                             mteb.tasks.retrieval.nld.cqa_dupstack_android_nl_retrieval
import time:       582 |        582 |                             mteb.tasks.retrieval.nld.cqa_dupstack_english_nl_retrieval
import time:       579 |        579 |                             mteb.tasks.retrieval.nld.cqa_dupstack_gaming_nl_retrieval
import time:       591 |        591 |                             mteb.tasks.retrieval.nld.cqa_dupstack_gis_nl_retrieval
import time:       559 |        559 |                             mteb.tasks.retrieval.nld.cqa_dupstack_mathematica_nl_retrieval
import time:       587 |        587 |                             mteb.tasks.retrieval.nld.cqa_dupstack_physics_nl_retrieval
import time:       557 |        557 |                             mteb.tasks.retrieval.nld.cqa_dupstack_programmers_nl_retrieval
import time:       590 |        590 |                             mteb.tasks.retrieval.nld.cqa_dupstack_stats_nl_retrieval
import time:      1379 |       1379 |                             mteb.tasks.retrieval.nld.cqa_dupstack_tex_nl_retrieval
import time:       695 |        695 |                             mteb.tasks.retrieval.nld.cqa_dupstack_unix_nl_retrieval
import time:       595 |        595 |                             mteb.tasks.retrieval.nld.cqa_dupstack_webmasters_nl_retrieval
import time:       580 |        580 |                             mteb.tasks.retrieval.nld.cqa_dupstack_wordpress_nl_retrieval
import time:       352 |        352 |                             mteb.tasks.retrieval.nld.db_pedia_nl_retrieval
import time:       327 |        327 |                             mteb.tasks.retrieval.nld.dutch_news_articles_retrieval
import time:       339 |        339 |                             mteb.tasks.retrieval.nld.fevernl_retrieval
import time:       313 |        313 |                             mteb.tasks.retrieval.nld.fi_qa2018_nl_retrieval
import time:       310 |        310 |                             mteb.tasks.retrieval.nld.hotpot_qanl_retrieval
import time:       306 |        306 |                             mteb.tasks.retrieval.nld.legal_qa_nl_retrieval
import time:       327 |        327 |                             mteb.tasks.retrieval.nld.mmarconl_retrieval
import time:       421 |        421 |                             mteb.tasks.retrieval.nld.nf_corpus_nl_retrieval
import time:       311 |        311 |                             mteb.tasks.retrieval.nld.nqnl_retrieval
import time:       316 |        316 |                             mteb.tasks.retrieval.nld.open_tender_retrieval
import time:       307 |        307 |                             mteb.tasks.retrieval.nld.quora_nl_retrieval
import time:       393 |        393 |                             mteb.tasks.retrieval.nld.sci_fact_nl_retrieval
import time:       423 |        423 |                             mteb.tasks.retrieval.nld.scidocsnl_retrieval
import time:       313 |        313 |                             mteb.tasks.retrieval.nld.touche2020_nl_retrieval
import time:       296 |        296 |                             mteb.tasks.retrieval.nld.treccovidnl_retrieval
import time:       327 |        327 |                             mteb.tasks.retrieval.nld.vabb_retrieval
import time:       664 |      15081 |                           mteb.tasks.retrieval.nld
import time:       839 |        839 |                             mteb.tasks.retrieval.nob.norquad
import time:       680 |        680 |                             mteb.tasks.retrieval.nob.snl_retrieval
import time:       172 |       1690 |                           mteb.tasks.retrieval.nob
import time:       383 |        383 |                             mteb.tasks.retrieval.pol.argu_ana_pl_retrieval
import time:      1920 |       1920 |                             mteb.tasks.retrieval.pol.cqadupstack_pl_retrieval
import time:       527 |        527 |                             mteb.tasks.retrieval.pol.db_pedia_pl_retrieval
import time:       343 |        343 |                             mteb.tasks.retrieval.pol.fi_qapl_retrieval
import time:       463 |        463 |                             mteb.tasks.retrieval.pol.hotpot_qapl_retrieval
import time:       466 |        466 |                             mteb.tasks.retrieval.pol.msmarcopl_retrieval
import time:       316 |        316 |                             mteb.tasks.retrieval.pol.nf_corpus_pl_retrieval
import time:       469 |        469 |                             mteb.tasks.retrieval.pol.nqpl_retrieval
import time:       286 |        286 |                             mteb.tasks.retrieval.pol.pugg_retrieval
import time:       436 |        436 |                             mteb.tasks.retrieval.pol.quora_pl_retrieval
import time:       320 |        320 |                             mteb.tasks.retrieval.pol.sci_fact_pl_retrieval
import time:       290 |        290 |                             mteb.tasks.retrieval.pol.scidocspl_retrieval
import time:       278 |        278 |                             mteb.tasks.retrieval.pol.touche2020_pl_retrieval
import time:       290 |        290 |                             mteb.tasks.retrieval.pol.treccovidpl_retrieval
import time:       446 |       7226 |                           mteb.tasks.retrieval.pol
import time:       551 |        551 |                             mteb.tasks.retrieval.rus.ria_news_retrieval
import time:       340 |        340 |                             mteb.tasks.retrieval.rus.ru_bq_retrieval
import time:       179 |       1068 |                           mteb.tasks.retrieval.rus
import time:       646 |        646 |                             mteb.tasks.retrieval.slk.sk_quad_retrieval
import time:       650 |        650 |                             mteb.tasks.retrieval.slk.slovak_sum_retrieval
import time:       162 |       1457 |                           mteb.tasks.retrieval.slk
import time:       343 |        343 |                             mteb.tasks.retrieval.spa.spanish_passage_retrieval_s2p
import time:       414 |        414 |                             mteb.tasks.retrieval.spa.spanish_passage_retrieval_s2s
import time:       174 |        930 |                           mteb.tasks.retrieval.spa
import time:       353 |        353 |                             mteb.tasks.retrieval.swe.swe_faq_retrieval
import time:       302 |        302 |                             mteb.tasks.retrieval.swe.swedn_retrieval
import time:       164 |        819 |                           mteb.tasks.retrieval.swe
import time:       735 |        735 |                             mteb.tasks.retrieval.tur.tur_hist_quad
import time:       139 |        874 |                           mteb.tasks.retrieval.tur
import time:       388 |        388 |                             mteb.tasks.retrieval.vie.argu_ana_vn_retrieval
import time:       508 |        508 |                             mteb.tasks.retrieval.vie.climate_fevervn_retrieval
import time:       321 |        321 |                             mteb.tasks.retrieval.vie.cqa_dupstack_android_vn_retrieval
import time:       329 |        329 |                             mteb.tasks.retrieval.vie.cqa_dupstack_gis_vn_retrieval
import time:       309 |        309 |                             mteb.tasks.retrieval.vie.cqa_dupstack_mathematica_vn_retrieval
import time:       297 |        297 |                             mteb.tasks.retrieval.vie.cqa_dupstack_physics_vn_retrieval
import time:       309 |        309 |                             mteb.tasks.retrieval.vie.cqa_dupstack_programmers_vn_retrieval
import time:       294 |        294 |                             mteb.tasks.retrieval.vie.cqa_dupstack_stats_vn_retrieval
import time:       322 |        322 |                             mteb.tasks.retrieval.vie.cqa_dupstack_tex_vn_retrieval
import time:       308 |        308 |                             mteb.tasks.retrieval.vie.cqa_dupstack_unix_vn_retrieval
import time:       288 |        288 |                             mteb.tasks.retrieval.vie.cqa_dupstack_webmasters_vn_retrieval
import time:       285 |        285 |                             mteb.tasks.retrieval.vie.cqa_dupstack_wordpress_vn_retrieval
import time:       465 |        465 |                             mteb.tasks.retrieval.vie.db_pedia_vn_retrieval
import time:       471 |        471 |                             mteb.tasks.retrieval.vie.fevervn_retrieval
import time:       300 |        300 |                             mteb.tasks.retrieval.vie.fi_qa2018_vn_retrieval
import time:       325 |        325 |                             mteb.tasks.retrieval.vie.green_node_table_markdown_retrieval
import time:       466 |        466 |                             mteb.tasks.retrieval.vie.hotpot_qavn_retrieval
import time:       531 |        531 |                             mteb.tasks.retrieval.vie.msmarcovn_retrieval
import time:       316 |        316 |                             mteb.tasks.retrieval.vie.nf_corpus_vn_retrieval
import time:       450 |        450 |                             mteb.tasks.retrieval.vie.nqvn_retrieval
import time:       305 |        305 |                             mteb.tasks.retrieval.vie.quora_vn_retrieval
import time:       401 |        401 |                             mteb.tasks.retrieval.vie.sci_fact_vn_retrieval
import time:       312 |        312 |                             mteb.tasks.retrieval.vie.scidocsvn_retrieval
import time:       286 |        286 |                             mteb.tasks.retrieval.vie.touche2020_vn_retrieval
import time:       307 |        307 |                             mteb.tasks.retrieval.vie.treccovidvn_retrieval
import time:       309 |        309 |                             mteb.tasks.retrieval.vie.tvpl_retrieval
import time:       899 |        899 |                             mteb.tasks.retrieval.vie.vie_qu_ad_retrieval
import time:       353 |        353 |                             mteb.tasks.retrieval.vie.zac_legal_text_retrieval
import time:       606 |      11046 |                           mteb.tasks.retrieval.vie
import time:      1403 |       1403 |                             mteb.tasks.retrieval.zho.cmteb_retrieval
import time:       360 |        360 |                             mteb.tasks.retrieval.zho.le_ca_r_dv2_retrieval
import time:       212 |       1974 |                           mteb.tasks.retrieval.zho
import time:       462 |        462 |                             mteb.tasks.retrieval.zxx.music_caps
import time:       519 |        519 |                             mteb.tasks.retrieval.zxx.song_describer
import time:       432 |        432 |                             mteb.tasks.retrieval.zxx.sound_descs
import time:       457 |        457 |                             mteb.tasks.retrieval.zxx.urban_sound8k_retrieval
import time:       322 |        322 |                             mteb.tasks.retrieval.zxx.vim_sketch_retrieval
import time:       314 |        314 |                             mteb.tasks.retrieval.zxx.vsc2022_retrieval
import time:       265 |       2770 |                           mteb.tasks.retrieval.zxx
import time:       856 |     259035 |                         mteb.tasks.retrieval
import time:       128 |        128 |                         tensorflow
import time:        88 |         88 |                         tensorflow
import time:        83 |         83 |                         tensorflow
import time:        77 |         77 |                         tensorflow
import time:        81 |         81 |                         tensorflow
import time:        82 |         82 |                         tensorflow
import time:        79 |         79 |                         tensorflow
import time:        73 |         73 |                         tensorflow
import time:        73 |         73 |                         tensorflow
import time:        72 |         72 |                         tensorflow
import time:       144 |        144 |                         tensorflow
import time:       659 |        659 |                         tensorflow
import time:     19418 |     285881 |                       mteb.tasks.aggregated_tasks.eng.cqadupstack_retrieval
import time:       455 |        455 |                                 mteb.tasks.sts.deu.german_sts_benchmark_sts
import time:       166 |        621 |                               mteb.tasks.sts.deu
import time:       411 |        411 |                                 mteb.tasks.sts.eng.biosses_sts
import time:       373 |        373 |                                 mteb.tasks.sts.eng.humesickr
import time:       361 |        361 |                                 mteb.tasks.sts.eng.humests12
import time:       392 |        392 |                                 mteb.tasks.sts.eng.humests_benchmark
import time:       350 |        350 |                                 mteb.tasks.sts.eng.sickr_sts
import time:       339 |        339 |                                 mteb.tasks.sts.eng.sts12_sts
import time:       339 |        339 |                                 mteb.tasks.sts.eng.sts12_visual_sts
import time:       349 |        349 |                                 mteb.tasks.sts.eng.sts13_sts
import time:       340 |        340 |                                 mteb.tasks.sts.eng.sts13_visual_sts
import time:       350 |        350 |                                 mteb.tasks.sts.eng.sts14_sts
import time:       321 |        321 |                                 mteb.tasks.sts.eng.sts14_visual_sts
import time:       325 |        325 |                                 mteb.tasks.sts.eng.sts15_sts
import time:       345 |        345 |                                 mteb.tasks.sts.eng.sts15_visual_sts
import time:       346 |        346 |                                 mteb.tasks.sts.eng.sts16_sts
import time:       324 |        324 |                                 mteb.tasks.sts.eng.sts16_visual_sts
import time:       561 |        561 |                                 mteb.tasks.sts.eng.sts_benchmark_sts
import time:       396 |       6214 |                               mteb.tasks.sts.eng
import time:       395 |        395 |                                 mteb.tasks.sts.fao.faroese_sts
import time:       161 |        555 |                               mteb.tasks.sts.fao
import time:       704 |        704 |                                 mteb.tasks.sts.fas.fa_mtebsts
import time:       151 |        855 |                               mteb.tasks.sts.fas
import time:       390 |        390 |                                 mteb.tasks.sts.fin.fin_para_sts
import time:       169 |        559 |                               mteb.tasks.sts.fin
import time:       585 |        585 |                                 mteb.tasks.sts.fra.sick_fr_sts
import time:       143 |        727 |                               mteb.tasks.sts.fra
import time:       385 |        385 |                                 mteb.tasks.sts.jpn.jsick
import time:       367 |        367 |                                 mteb.tasks.sts.jpn.jsts
import time:       165 |        917 |                               mteb.tasks.sts.jpn
import time:       488 |        488 |                                 mteb.tasks.sts.kor.klue_sts
import time:       353 |        353 |                                 mteb.tasks.sts.kor.kor_sts
import time:       164 |       1003 |                               mteb.tasks.sts.kor
import time:       458 |        458 |                                 mteb.tasks.sts.multilingual.humests22
import time:       457 |        457 |                                 mteb.tasks.sts.multilingual.indic_crosslingual_sts
import time:       418 |        418 |                                 mteb.tasks.sts.multilingual.sem_rel24_sts
import time:       426 |        426 |                                 mteb.tasks.sts.multilingual.sts17_crosslingual_sts
import time:       460 |        460 |                                 mteb.tasks.sts.multilingual.sts17_multilingual_visual_sts
import time:       716 |        716 |                                 mteb.tasks.sts.multilingual.sts22_crosslingual_sts
import time:       547 |        547 |                                 mteb.tasks.sts.multilingual.sts_benchmark_multilingual_sts
import time:       425 |        425 |                                 mteb.tasks.sts.multilingual.sts_benchmark_multilingual_visual_sts
import time:       300 |       4204 |                               mteb.tasks.sts.multilingual
import time:       414 |        414 |                                 mteb.tasks.sts.nld.sick_nl_sts
import time:       143 |        557 |                               mteb.tasks.sts.nld
import time:       549 |        549 |                                 mteb.tasks.sts.pol.polish_sts
import time:       154 |        702 |                               mteb.tasks.sts.pol
import time:       468 |        468 |                                 mteb.tasks.sts.por.assin2_sts
import time:       528 |        528 |                                 mteb.tasks.sts.por.sick_br_sts
import time:       159 |       1154 |                               mteb.tasks.sts.por
import time:       417 |        417 |                                 mteb.tasks.sts.ron.ron_sts
import time:       164 |        580 |                               mteb.tasks.sts.ron
import time:       488 |        488 |                                 mteb.tasks.sts.rus.ru_para_phraser_sts
import time:       378 |        378 |                                 mteb.tasks.sts.rus.ru_sts_benchmark_sts
import time:       159 |       1024 |                               mteb.tasks.sts.rus
import time:       386 |        386 |                                 mteb.tasks.sts.spa.stses
import time:       144 |        529 |                               mteb.tasks.sts.spa
import time:       370 |        370 |                                 mteb.tasks.sts.ukr.sed_small
import time:       152 |        521 |                               mteb.tasks.sts.ukr
import time:       418 |        418 |                                 mteb.tasks.sts.vie.biosses_stsvn
import time:       357 |        357 |                                 mteb.tasks.sts.vie.sickr_stsvn
import time:       373 |        373 |                                 mteb.tasks.sts.vie.sts_benchmark_stsvn
import time:       184 |       1331 |                               mteb.tasks.sts.vie
import time:      1393 |       1393 |                                 mteb.tasks.sts.zho.cmtebsts
import time:       167 |       1559 |                               mteb.tasks.sts.zho
import time:       345 |      23948 |                             mteb.tasks.sts
import time:        31 |      23978 |                           mteb.tasks.sts.multilingual
import time:        28 |      24006 |                         mteb.tasks.sts.multilingual.sts17_multilingual_visual_sts
import time:       108 |        108 |                         tensorflow
import time:      1970 |      26082 |                       mteb.tasks.aggregated_tasks.eng.sts17_multilingual_visual_sts_eng
import time:        94 |         94 |                         tensorflow
import time:      1587 |       1680 |                       mteb.tasks.aggregated_tasks.eng.sts_benchmark_multilingual_visual_sts_eng
import time:       200 |     313841 |                     mteb.tasks.aggregated_tasks.eng
import time:        93 |         93 |                         tensorflow
import time:        79 |         79 |                         tensorflow
import time:        77 |         77 |                         tensorflow
import time:        75 |         75 |                         tensorflow
import time:        74 |         74 |                         tensorflow
import time:        73 |         73 |                         tensorflow
import time:        72 |         72 |                         tensorflow
import time:        81 |         81 |                         tensorflow
import time:        73 |         73 |                         tensorflow
import time:        74 |         74 |                         tensorflow
import time:        74 |         74 |                         tensorflow
import time:        76 |         76 |                         tensorflow
import time:     12663 |      13578 |                       mteb.tasks.aggregated_tasks.fas.cqadupstack_retrieval_fa
import time:       519 |        519 |                             mteb.tasks.classification.ara.ajgt
import time:       502 |        502 |                             mteb.tasks.classification.ara.hotel_review_sentiment_classification
import time:       639 |        639 |                             mteb.tasks.classification.ara.online_store_review_sentiment_classification
import time:       597 |        597 |                             mteb.tasks.classification.ara.restaurant_review_sentiment_classification
import time:       516 |        516 |                             mteb.tasks.classification.ara.tweet_emotion_classification
import time:       532 |        532 |                             mteb.tasks.classification.ara.tweet_sarcasm_classification
import time:       314 |       3616 |                           mteb.tasks.classification.ara
import time:       632 |        632 |                             mteb.tasks.classification.ben.bengali_document_classification
import time:       518 |        518 |                             mteb.tasks.classification.ben.bengali_hate_speech_classification
import time:       517 |        517 |                             mteb.tasks.classification.ben.bengali_sentiment_analysis
import time:       216 |       1881 |                           mteb.tasks.classification.ben
import time:       339 |        339 |                             mteb.tasks.classification.bul.bulgarian_store_review_sentiment_classfication
import time:       158 |        496 |                           mteb.tasks.classification.bul
import time:       642 |        642 |                             mteb.tasks.classification.ces.csfdcz_movie_review_sentiment_classification
import time:       513 |        513 |                             mteb.tasks.classification.ces.czech_product_review_sentiment_classification
import time:       523 |        523 |                             mteb.tasks.classification.ces.czech_so_me_sentiment_classification
import time:       329 |        329 |                             mteb.tasks.classification.ces.czech_subjectivity_classification
import time:       212 |       2217 |                           mteb.tasks.classification.ces
import time:       516 |        516 |                             mteb.tasks.classification.dan.angry_tweets_classification
import time:       504 |        504 |                             mteb.tasks.classification.dan.danish_political_comments_classification
import time:       559 |        559 |                             mteb.tasks.classification.dan.ddisco_cohesion_classification
import time:       679 |        679 |                             mteb.tasks.classification.dan.dk_hate_classification
import time:       330 |        330 |                             mteb.tasks.classification.dan.lcc_sentiment_classification
import time:       232 |       2817 |                           mteb.tasks.classification.dan
import time:       672 |        672 |                             mteb.tasks.classification.deu.german_politicians_twitter_sentiment_classification
import time:       495 |        495 |                             mteb.tasks.classification.deu.ten_k_gnad_classification
import time:       194 |       1360 |                           mteb.tasks.classification.deu
import time:       352 |        352 |                             mteb.tasks.classification.ell.aesdd
import time:       318 |        318 |                             mteb.tasks.classification.ell.greek_legal_code_classification
import time:       168 |        837 |                           mteb.tasks.classification.ell
import time:       631 |        631 |                             mteb.tasks.classification.eng.common_language_age_detection
import time:       418 |        418 |                             mteb.tasks.classification.eng.common_language_gender_detection
import time:       400 |        400 |                             mteb.tasks.classification.eng.common_language_language_classification
import time:       336 |        336 |                             mteb.tasks.classification.eng.cremad
import time:       311 |        311 |                             mteb.tasks.classification.eng.cstr_vctk_accent_id
import time:       299 |        299 |                             mteb.tasks.classification.eng.cstr_vctk_gender_classification
import time:       462 |        462 |                             mteb.tasks.classification.eng.expresso
import time:       322 |        322 |                             mteb.tasks.classification.eng.fsdd
import time:       301 |        301 |                             mteb.tasks.classification.eng.globe_v2_age_classification
import time:       294 |        294 |                             mteb.tasks.classification.eng.globe_v2_gender_classification
import time:       298 |        298 |                             mteb.tasks.classification.eng.globe_v3_age_classification
import time:       315 |        315 |                             mteb.tasks.classification.eng.globe_v3_gender_classification
import time:       613 |        613 |                             mteb.tasks.classification.eng.iemocap_emotion
import time:       518 |        518 |                             mteb.tasks.classification.eng.iemocap_gender
import time:       339 |        339 |                             mteb.tasks.classification.eng.libri_count
import time:       316 |        316 |                             mteb.tasks.classification.eng.speech_commands
import time:       302 |        302 |                             mteb.tasks.classification.eng.spoke_n
import time:       370 |        370 |                             mteb.tasks.classification.eng.spoken_q_afor_ic
import time:       344 |        344 |                             mteb.tasks.classification.eng.vocal_sound
import time:       486 |        486 |                             mteb.tasks.classification.eng.vox_celeb_sa
import time:       363 |        363 |                             mteb.tasks.classification.eng.vox_lingua107_top10
import time:       524 |        524 |                             mteb.tasks.classification.eng.vox_populi_accent_id
import time:       507 |        507 |                             mteb.tasks.classification.eng.amazon_polarity_classification
import time:       467 |        467 |                             mteb.tasks.classification.eng.arxiv_classification
import time:       627 |        627 |                             mteb.tasks.classification.eng.ave_dataset_classification
import time:       604 |        604 |                             mteb.tasks.classification.eng.avmeme_exam_classification
import time:       476 |        476 |                             mteb.tasks.classification.eng.banking77_classification
import time:       489 |        489 |                             mteb.tasks.classification.eng.birdsnap_classification
import time:       346 |        346 |                             mteb.tasks.classification.eng.breakfast_classification
import time:       334 |        334 |                             mteb.tasks.classification.eng.caltech101_classification
import time:       490 |        490 |                             mteb.tasks.classification.eng.cifar
import time:       320 |        320 |                             mteb.tasks.classification.eng.country211_classification
import time:       532 |        532 |                             mteb.tasks.classification.eng.dbpedia_classification
import time:       339 |        339 |                             mteb.tasks.classification.eng.dtd_classification
import time:       484 |        484 |                             mteb.tasks.classification.eng.emotion_classification
import time:       353 |        353 |                             mteb.tasks.classification.eng.euro_sat_classification
import time:       331 |        331 |                             mteb.tasks.classification.eng.fer2013_classification
import time:       313 |        313 |                             mteb.tasks.classification.eng.fgvc_aircraft_classification
import time:       483 |        483 |                             mteb.tasks.classification.eng.financial_phrasebank_classification
import time:       338 |        338 |                             mteb.tasks.classification.eng.food101_classification
import time:       449 |        449 |                             mteb.tasks.classification.eng.frenk_en_classification
import time:       327 |        327 |                             mteb.tasks.classification.eng.gtsrb_classification
import time:       411 |        411 |                             mteb.tasks.classification.eng.hmdb51_classification
import time:       592 |        592 |                             mteb.tasks.classification.eng.human_animal_cartoon
import time:       365 |        365 |                             mteb.tasks.classification.eng.hume_emotion_classification
import time:       330 |        330 |                             mteb.tasks.classification.eng.hume_toxic_conversations_classification
import time:       307 |        307 |                             mteb.tasks.classification.eng.hume_tweet_sentiment_extraction_classification
import time:       348 |        348 |                             mteb.tasks.classification.eng.imagenet1k
import time:       482 |        482 |                             mteb.tasks.classification.eng.imdb_classification
import time:       547 |        547 |                             mteb.tasks.classification.eng.kinetics400
import time:       521 |        521 |                             mteb.tasks.classification.eng.kinetics600
import time:       553 |        553 |                             mteb.tasks.classification.eng.kinetics700
import time:     18359 |      18359 |                             mteb.tasks.classification.eng.legal_bench_classification
import time:       781 |        781 |                             mteb.tasks.classification.eng.meld_classification
import time:       351 |        351 |                             mteb.tasks.classification.eng.mnist_classification
import time:       535 |        535 |                             mteb.tasks.classification.eng.music_avqa_classification
import time:       503 |        503 |                             mteb.tasks.classification.eng.news_classification
import time:       390 |        390 |                             mteb.tasks.classification.eng.oxford_flowers_classification
import time:       343 |        343 |                             mteb.tasks.classification.eng.oxford_pets_classification
import time:       374 |        374 |                             mteb.tasks.classification.eng.patch_camelyon_classification
import time:       507 |        507 |                             mteb.tasks.classification.eng.patent_classification
import time:       506 |        506 |                             mteb.tasks.classification.eng.poem_sentiment_classification
import time:       534 |        534 |                             mteb.tasks.classification.eng.ravdess_av_classification
import time:       348 |        348 |                             mteb.tasks.classification.eng.resisc45_classification
import time:       555 |        555 |                             mteb.tasks.classification.eng.sds_eye_protection_classification
import time:       482 |        482 |                             mteb.tasks.classification.eng.sds_gloves_classification
import time:       354 |        354 |                             mteb.tasks.classification.eng.something_something_v2_classification
import time:       319 |        319 |                             mteb.tasks.classification.eng.stanford_cars_classification
import time:       317 |        317 |                             mteb.tasks.classification.eng.stl10_classification
import time:       330 |        330 |                             mteb.tasks.classification.eng.sun397_classification
import time:       747 |        747 |                             mteb.tasks.classification.eng.toxic_chat_classification
import time:       627 |        627 |                             mteb.tasks.classification.eng.toxic_conversations_classification
import time:       526 |        526 |                             mteb.tasks.classification.eng.tweet_sentiment_extraction_classification
import time:       525 |        525 |                             mteb.tasks.classification.eng.tweet_topic_single_classification
import time:       861 |        861 |                             mteb.tasks.classification.eng.ucf101_classification
import time:       574 |        574 |                             mteb.tasks.classification.eng.vggsound
import time:       454 |        454 |                             mteb.tasks.classification.eng.wikipedia_bio_met_chem_classification
import time:       293 |        293 |                             mteb.tasks.classification.eng.wikipedia_biolum_neurochem_classification
import time:       305 |        305 |                             mteb.tasks.classification.eng.wikipedia_chem_eng_specialties_classification
import time:       433 |        433 |                             mteb.tasks.classification.eng.wikipedia_chem_fields_classification
import time:       273 |        273 |                             mteb.tasks.classification.eng.wikipedia_chemistry_topics_classification
import time:       431 |        431 |                             mteb.tasks.classification.eng.wikipedia_comp_chem_spectroscopy_classification
import time:       299 |        299 |                             mteb.tasks.classification.eng.wikipedia_cryobiology_separation_classification
import time:       424 |        424 |                             mteb.tasks.classification.eng.wikipedia_crystallography_analytical_classification
import time:       301 |        301 |                             mteb.tasks.classification.eng.wikipedia_greenhouse_enantiopure_classification
import time:       362 |        362 |                             mteb.tasks.classification.eng.wikipedia_isotopes_fission_classification
import time:       329 |        329 |                             mteb.tasks.classification.eng.wikipedia_luminescence_classification
import time:       290 |        290 |                             mteb.tasks.classification.eng.wikipedia_organic_inorganic_classification
import time:       276 |        276 |                             mteb.tasks.classification.eng.wikipedia_salts_semiconductors_classification
import time:       267 |        267 |                             mteb.tasks.classification.eng.wikipedia_solid_state_colloidal_classification
import time:       451 |        451 |                             mteb.tasks.classification.eng.wikipedia_theoretical_applied_classification
import time:       526 |        526 |                             mteb.tasks.classification.eng.worldsense_classification
import time:       563 |        563 |                             mteb.tasks.classification.eng.yahoo_answers_topics_classification
import time:       603 |        603 |                             mteb.tasks.classification.eng.yelp_review_full_classification
import time:      2633 |      60841 |                           mteb.tasks.classification.eng
import time:       522 |        522 |                             mteb.tasks.classification.est.estonian_valence
import time:       179 |        700 |                           mteb.tasks.classification.est
import time:      4625 |       4625 |                             mteb.tasks.classification.fas.fa_mteb_classification
import time:       475 |        475 |                             mteb.tasks.classification.fas.persian_food_sentiment_classification
import time:       334 |       5433 |                           mteb.tasks.classification.fas
import time:       517 |        517 |                             mteb.tasks.classification.fil.filipino_hate_speech_classification
import time:       335 |        335 |                             mteb.tasks.classification.fil.filipino_shopee_reviews_classification
import time:       206 |       1057 |                           mteb.tasks.classification.fil
import time:       610 |        610 |                             mteb.tasks.classification.fin.fin_toxicity_classification
import time:       151 |        761 |                           mteb.tasks.classification.fin
import time:       610 |        610 |                             mteb.tasks.classification.fra.french_book_reviews
import time:       576 |        576 |                             mteb.tasks.classification.fra.movie_review_sentiment_classification
import time:       189 |       1375 |                           mteb.tasks.classification.fra
import time:       499 |        499 |                             mteb.tasks.classification.guj.gujarati_news_classification
import time:       165 |        663 |                           mteb.tasks.classification.guj
import time:       695 |        695 |                             mteb.tasks.classification.heb.hebrew_sentiment_analysis
import time:       159 |        853 |                           mteb.tasks.classification.heb
import time:       561 |        561 |                             mteb.tasks.classification.hin.hindi_discourse_classification
import time:       474 |        474 |                             mteb.tasks.classification.hin.sentiment_analysis_hindi
import time:       195 |       1229 |                           mteb.tasks.classification.hin
import time:       574 |        574 |                             mteb.tasks.classification.hrv.frenk_hr_classification
import time:       149 |        722 |                           mteb.tasks.classification.hrv
import time:       482 |        482 |                             mteb.tasks.classification.ind.indonesian_id_clickbait_classification
import time:       871 |        871 |                             mteb.tasks.classification.ind.indonesian_mongabay_conservation_classification
import time:       203 |       1555 |                           mteb.tasks.classification.ind
import time:       462 |        462 |                             mteb.tasks.classification.ita.dado_eval_coarse_classification
import time:       332 |        332 |                             mteb.tasks.classification.ita.ita_casehold_classification
import time:       522 |        522 |                             mteb.tasks.classification.ita.italian_linguist_acceptability_classification
import time:       423 |        423 |                             mteb.tasks.classification.ita.sardi_stance_classification
import time:       231 |       1969 |                           mteb.tasks.classification.ita
import time:       561 |        561 |                             mteb.tasks.classification.jav.javanese_imdb_classification
import time:       163 |        723 |                           mteb.tasks.classification.jav
import time:       354 |        354 |                             mteb.tasks.classification.jpn.japanese_sentiment_classification
import time:       534 |        534 |                             mteb.tasks.classification.jpn.wrime_classification
import time:       181 |       1068 |                           mteb.tasks.classification.jpn
import time:       616 |        616 |                             mteb.tasks.classification.kan.kannada_news_classification
import time:       163 |        779 |                           mteb.tasks.classification.kan
import time:       326 |        326 |                             mteb.tasks.classification.kat.georgian_sentiment_classification
import time:       161 |        486 |                           mteb.tasks.classification.kat
import time:       708 |        708 |                             mteb.tasks.classification.kor.klue_tc
import time:       419 |        419 |                             mteb.tasks.classification.kor.kor_fin
import time:       515 |        515 |                             mteb.tasks.classification.kor.kor_hate_classification
import time:       551 |        551 |                             mteb.tasks.classification.kor.kor_sarcasm_classification
import time:       238 |       2429 |                           mteb.tasks.classification.kor
import time:       487 |        487 |                             mteb.tasks.classification.kur.kurdish_sentiment_classification
import time:       159 |        646 |                           mteb.tasks.classification.kur
import time:       643 |        643 |                             mteb.tasks.classification.mal.malayalam_news_classification
import time:       178 |        820 |                           mteb.tasks.classification.mal
import time:       556 |        556 |                             mteb.tasks.classification.mar.marathi_news_classification
import time:       164 |        720 |                           mteb.tasks.classification.mar
import time:       469 |        469 |                             mteb.tasks.classification.mkd.macedonian_tweet_sentiment_classification
import time:       148 |        617 |                           mteb.tasks.classification.mkd
import time:       673 |        673 |                             mteb.tasks.classification.multilingual.afri_hate_classification
import time:       461 |        461 |                             mteb.tasks.classification.multilingual.afri_senti_classification
import time:       323 |        323 |                             mteb.tasks.classification.multilingual.afri_senti_lang_classification
import time:       370 |        370 |                             mteb.tasks.classification.multilingual.amazon_counterfactual_classification
import time:       341 |        341 |                             mteb.tasks.classification.multilingual.amazon_reviews_classification
import time:       323 |        323 |                             mteb.tasks.classification.multilingual.catalonia_tweet_classification
import time:       324 |        324 |                             mteb.tasks.classification.multilingual.cyrillic_turkic_lang_classification
import time:       396 |        396 |                             mteb.tasks.classification.multilingual.hin_dialect_classification
import time:       347 |        347 |                             mteb.tasks.classification.multilingual.hume_multilingual_sentiment_classification
import time:       659 |        659 |                             mteb.tasks.classification.multilingual.indic_lang_classification
import time:       540 |        540 |                             mteb.tasks.classification.multilingual.indic_nlp_news_classification
import time:       647 |        647 |                             mteb.tasks.classification.multilingual.indic_sentiment_classification
import time:       707 |        707 |                             mteb.tasks.classification.multilingual.injongo_intent
import time:       560 |        560 |                             mteb.tasks.classification.multilingual.kin_news_classification
import time:       444 |        444 |                             mteb.tasks.classification.multilingual.language_classification
import time:       437 |        437 |                             mteb.tasks.classification.multilingual.m_in_ds14
import time:       491 |        491 |                             mteb.tasks.classification.multilingual.masakha_news_classification
import time:       592 |        592 |                             mteb.tasks.classification.multilingual.massive_intent_classification
import time:       586 |        586 |                             mteb.tasks.classification.multilingual.massive_scenario_classification
import time:       358 |        358 |                             mteb.tasks.classification.multilingual.mtop_domain_classification
import time:       332 |        332 |                             mteb.tasks.classification.multilingual.mtop_intent_classification
import time:       546 |        546 |                             mteb.tasks.classification.multilingual.multi_hate_classification
import time:       612 |        612 |                             mteb.tasks.classification.multilingual.multilingual_sentiment_classification
import time:       371 |        371 |                             mteb.tasks.classification.multilingual.naija_senti
import time:       390 |        390 |                             mteb.tasks.classification.multilingual.nordic_lang_classification
import time:       364 |        364 |                             mteb.tasks.classification.multilingual.nusa_paragraph_emotion_classification
import time:       353 |        353 |                             mteb.tasks.classification.multilingual.nusa_paragraph_topic_classification
import time:       381 |        381 |                             mteb.tasks.classification.multilingual.nusa_x_senti
import time:       323 |        323 |                             mteb.tasks.classification.multilingual.ru_nlu_intent_classification
import time:       753 |        753 |                             mteb.tasks.classification.multilingual.ru_sci_bench_classification
import time:       574 |        574 |                             mteb.tasks.classification.multilingual.scala_classification
import time:       352 |        352 |                             mteb.tasks.classification.multilingual.scandi_sent_classification
import time:      2071 |       2071 |                             mteb.tasks.classification.multilingual.sib200_classification
import time:       961 |        961 |                             mteb.tasks.classification.multilingual.sibfleurs
import time:       454 |        454 |                             mteb.tasks.classification.multilingual.south_african_lang_classification
import time:       328 |        328 |                             mteb.tasks.classification.multilingual.swiss_judgement_classification
import time:       637 |        637 |                             mteb.tasks.classification.multilingual.turkic_classification
import time:       468 |        468 |                             mteb.tasks.classification.multilingual.tweet_sentiment_classification
import time:       460 |        460 |                             mteb.tasks.classification.multilingual.vox_populi_gender_id
import time:       525 |        525 |                             mteb.tasks.classification.multilingual.vox_populi_language_id
import time:       850 |      21662 |                           mteb.tasks.classification.multilingual
import time:       505 |        505 |                             mteb.tasks.classification.mya.myanmar_news
import time:       165 |        669 |                           mteb.tasks.classification.mya
import time:       645 |        645 |                             mteb.tasks.classification.nep.nepali_news_classification
import time:       160 |        804 |                           mteb.tasks.classification.nep
import time:       516 |        516 |                             mteb.tasks.classification.nld.dutch_book_review_sentiment_classification
import time:       318 |        318 |                             mteb.tasks.classification.nld.dutch_cola_classification
import time:       316 |        316 |                             mteb.tasks.classification.nld.dutch_government_bias_classification
import time:       309 |        309 |                             mteb.tasks.classification.nld.dutch_news_articles_classification
import time:       385 |        385 |                             mteb.tasks.classification.nld.dutch_sarcastic_headlines_classification
import time:       299 |        299 |                             mteb.tasks.classification.nld.iconclass_classification
import time:       305 |        305 |                             mteb.tasks.classification.nld.open_tender_classification
import time:       367 |        367 |                             mteb.tasks.classification.nld.vaccin_chat_nl_classification
import time:       295 |       3106 |                           mteb.tasks.classification.nld
import time:       505 |        505 |                             mteb.tasks.classification.nob.no_rec_classification
import time:       495 |        495 |                             mteb.tasks.classification.nob.norwegian_parliament_classification
import time:       192 |       1191 |                           mteb.tasks.classification.nob
import time:       563 |        563 |                             mteb.tasks.classification.ory.odia_news_classification
import time:       153 |        715 |                           mteb.tasks.classification.ory
import time:       303 |        303 |                             mteb.tasks.classification.pan.punjabi_news_classification
import time:       148 |        450 |                           mteb.tasks.classification.pan
import time:      1556 |       1556 |                             mteb.tasks.classification.pol.polish_classification
import time:       172 |       1728 |                           mteb.tasks.classification.pol
import time:       338 |        338 |                             mteb.tasks.classification.por.hate_speech_portuguese_classification
import time:       188 |        526 |                           mteb.tasks.classification.por
import time:       559 |        559 |                             mteb.tasks.classification.ron.moroco
import time:       630 |        630 |                             mteb.tasks.classification.ron.romanian_reviews_sentiment
import time:       555 |        555 |                             mteb.tasks.classification.ron.romanian_sentiment_classification
import time:       199 |       1941 |                           mteb.tasks.classification.ron
import time:       571 |        571 |                             mteb.tasks.classification.rus.georeview_classification
import time:       583 |        583 |                             mteb.tasks.classification.rus.headline_classification
import time:       770 |        770 |                             mteb.tasks.classification.rus.inappropriateness_classification
import time:       314 |        314 |                             mteb.tasks.classification.rus.kinopoisk_classification
import time:       594 |        594 |                             mteb.tasks.classification.rus.ru_reviews_classification
import time:       390 |        390 |                             mteb.tasks.classification.rus.ru_sci_bench_grnti_classification
import time:       367 |        367 |                             mteb.tasks.classification.rus.ru_sci_bench_oecd_classification
import time:       502 |        502 |                             mteb.tasks.classification.rus.ru_toixic_classification_okmlcup
import time:       466 |        466 |                             mteb.tasks.classification.rus.senti_ru_eval
import time:       345 |       4896 |                           mteb.tasks.classification.rus
import time:       375 |        375 |                             mteb.tasks.classification.san.sanskrit_shlokas_classification
import time:       153 |        528 |                           mteb.tasks.classification.san
import time:       575 |        575 |                             mteb.tasks.classification.sin.sinhala_news_classification
import time:       587 |        587 |                             mteb.tasks.classification.sin.sinhala_news_source_classification
import time:       186 |       1347 |                           mteb.tasks.classification.sin
import time:       589 |        589 |                             mteb.tasks.classification.slk.csfdsk_movie_review_sentiment_classification
import time:       479 |        479 |                             mteb.tasks.classification.slk.slovak_hate_speech_classification
import time:      1424 |       1424 |                             mteb.tasks.classification.slk.slovak_movie_review_sentiment_classification
import time:       231 |       2722 |                           mteb.tasks.classification.slk
import time:       602 |        602 |                             mteb.tasks.classification.slv.frenk_sl_classification
import time:       217 |        819 |                           mteb.tasks.classification.slv
import time:       547 |        547 |                             mteb.tasks.classification.spa.spanish_news_classification
import time:       490 |        490 |                             mteb.tasks.classification.spa.spanish_sentiment_classification
import time:       207 |       1243 |                           mteb.tasks.classification.spa
import time:       513 |        513 |                             mteb.tasks.classification.ssw.siswati_news_classification
import time:       162 |        674 |                           mteb.tasks.classification.ssw
import time:       540 |        540 |                             mteb.tasks.classification.swa.swahili_news_classification
import time:       149 |        689 |                           mteb.tasks.classification.swa
import time:       532 |        532 |                             mteb.tasks.classification.swe.dalaj_classification
import time:       499 |        499 |                             mteb.tasks.classification.swe.swe_rec_classification
import time:       460 |        460 |                             mteb.tasks.classification.swe.swedish_sentiment_classification
import time:       221 |       1710 |                           mteb.tasks.classification.swe
import time:       641 |        641 |                             mteb.tasks.classification.tam.tamil_news_classification
import time:       163 |        804 |                           mteb.tasks.classification.tam
import time:       609 |        609 |                             mteb.tasks.classification.tel.telugu_andhra_jyoti_news_classification
import time:       173 |        781 |                           mteb.tasks.classification.tel
import time:       500 |        500 |                             mteb.tasks.classification.tha.wisesight_sentiment_classification
import time:       399 |        399 |                             mteb.tasks.classification.tha.wongnai_reviews_classification
import time:       190 |       1087 |                           mteb.tasks.classification.tha
import time:       473 |        473 |                             mteb.tasks.classification.tsn.tswana_news_classification
import time:       162 |        634 |                           mteb.tasks.classification.tsn
import time:    232847 |     232847 |                             mteb.tasks.classification.tur.turkish_constitutional_court
import time:       953 |        953 |                             mteb.tasks.classification.tur.turkish_movie_sentiment_classification
import time:       520 |        520 |                             mteb.tasks.classification.tur.turkish_product_sentiment_classification
import time:       248 |     234565 |                           mteb.tasks.classification.tur
import time:       687 |        687 |                             mteb.tasks.classification.ukr.ukr_formality_classification
import time:       350 |        350 |                             mteb.tasks.classification.ukr.ukr_toxicity_classification
import time:       189 |       1225 |                           mteb.tasks.classification.ukr
import time:       530 |        530 |                             mteb.tasks.classification.urd.urdu_roman_sentiment_classification
import time:       161 |        690 |                           mteb.tasks.classification.urd
import time:       363 |        363 |                             mteb.tasks.classification.vie.amazon_counterfactual_vn_classification
import time:       308 |        308 |                             mteb.tasks.classification.vie.amazon_polarity_vn_classification
import time:       327 |        327 |                             mteb.tasks.classification.vie.amazon_reviews_vn_classification
import time:       309 |        309 |                             mteb.tasks.classification.vie.banking77_vn_classification
import time:       313 |        313 |                             mteb.tasks.classification.vie.emotion_vn_classification
import time:       296 |        296 |                             mteb.tasks.classification.vie.imdb_vn_classification
import time:       289 |        289 |                             mteb.tasks.classification.vie.massive_intent_vn_classification
import time:       323 |        323 |                             mteb.tasks.classification.vie.massive_scenario_vn_classification
import time:       306 |        306 |                             mteb.tasks.classification.vie.mtop_domain_vn_classification
import time:       301 |        301 |                             mteb.tasks.classification.vie.mtop_intent_vn_classification
import time:       366 |        366 |                             mteb.tasks.classification.vie.toxic_conversations_vn_classification
import time:       331 |        331 |                             mteb.tasks.classification.vie.tweet_sentiment_extraction_vn_classification
import time:       654 |        654 |                             mteb.tasks.classification.vie.vie_student_feedback_classification
import time:       388 |       4868 |                           mteb.tasks.classification.vie
import time:      1872 |       1872 |                             mteb.tasks.classification.zho.cmteb_classification
import time:       668 |        668 |                             mteb.tasks.classification.zho.yue_openrice_review_classification
import time:       253 |       2791 |                           mteb.tasks.classification.zho
import time:       484 |        484 |                             mteb.tasks.classification.zul.isi_zulu_news_classification
import time:       170 |        654 |                           mteb.tasks.classification.zul
import time:       384 |        384 |                             mteb.tasks.classification.zxx.ambient_acoustic_context
import time:       317 |        317 |                             mteb.tasks.classification.zxx.beijing_opera
import time:       340 |        340 |                             mteb.tasks.classification.zxx.bird_clef
import time:       638 |        638 |                             mteb.tasks.classification.zxx.diving48_classification
import time:       359 |        359 |                             mteb.tasks.classification.zxx.esc50
import time:       323 |        323 |                             mteb.tasks.classification.zxx.gtzan_genre
import time:       303 |        303 |                             mteb.tasks.classification.zxx.gunshot_triangulation
import time:       324 |        324 |                             mteb.tasks.classification.zxx.inat_sounds
import time:       294 |        294 |                             mteb.tasks.classification.zxx.mridingham_stroke
import time:       372 |        372 |                             mteb.tasks.classification.zxx.mridingham_tonic
import time:       338 |        338 |                             mteb.tasks.classification.zxx.n_synth
import time:       307 |        307 |                             mteb.tasks.classification.zxx.tau_acoustic_scenes_2022_mobile
import time:       321 |        321 |                             mteb.tasks.classification.zxx.tut_acoustic_scenes
import time:       382 |        382 |                             mteb.tasks.classification.zxx.urban_sound8k
import time:       362 |       5358 |                           mteb.tasks.classification.zxx
import time:       967 |     400484 |                         mteb.tasks.classification
import time:       118 |        118 |                         tensorflow
import time:        84 |         84 |                         tensorflow
import time:        83 |         83 |                         tensorflow
import time:        82 |         82 |                         tensorflow
import time:        75 |         75 |                         tensorflow
import time:        73 |         73 |                         tensorflow
import time:        75 |         75 |                         tensorflow
import time:        84 |         84 |                         tensorflow
import time:        73 |         73 |                         tensorflow
import time:      9951 |     411177 |                       mteb.tasks.aggregated_tasks.fas.syn_per_chatbot_conv_sa_classification
import time:       202 |     424956 |                     mteb.tasks.aggregated_tasks.fas
import time:        93 |         93 |                         tensorflow
import time:      1687 |       1780 |                       mteb.tasks.aggregated_tasks.multilingual.sts17_multilingual_vision_sts
import time:        91 |         91 |                         tensorflow
import time:      1621 |       1712 |                       mteb.tasks.aggregated_tasks.multilingual.sts_benchmark_multilingual_visual_sts
import time:       229 |       3719 |                     mteb.tasks.aggregated_tasks.multilingual
import time:        92 |         92 |                         tensorflow
import time:        80 |         80 |                         tensorflow
import time:        77 |         77 |                         tensorflow
import time:        75 |         75 |                         tensorflow
import time:        74 |         74 |                         tensorflow
import time:        76 |         76 |                         tensorflow
import time:        77 |         77 |                         tensorflow
import time:        73 |         73 |                         tensorflow
import time:        72 |         72 |                         tensorflow
import time:        70 |         70 |                         tensorflow
import time:        70 |         70 |                         tensorflow
import time:        71 |         71 |                         tensorflow
import time:     12460 |      13359 |                       mteb.tasks.aggregated_tasks.nld.cqadupstack_nl_retrieval
import time:       177 |      13536 |                     mteb.tasks.aggregated_tasks.nld
import time:        91 |         91 |                         tensorflow
import time:        80 |         80 |                         tensorflow
import time:        75 |         75 |                         tensorflow
import time:        73 |         73 |                         tensorflow
import time:        73 |         73 |                         tensorflow
import time:        79 |         79 |                         tensorflow
import time:        78 |         78 |                         tensorflow
import time:        71 |         71 |                         tensorflow
import time:        75 |         75 |                         tensorflow
import time:        75 |         75 |                         tensorflow
import time:        74 |         74 |                         tensorflow
import time:        70 |         70 |                         tensorflow
import time:     12499 |      13407 |                       mteb.tasks.aggregated_tasks.pol.cqadupstack_retrieval_pl
import time:       197 |      13603 |                     mteb.tasks.aggregated_tasks.pol
import time:       226 |     769878 |                   mteb.tasks.aggregated_tasks
import time:       397 |        397 |                       mteb.tasks.bitext_mining.dan.bornholmsk_bitext_mining
import time:       173 |        569 |                     mteb.tasks.bitext_mining.dan
import time:       507 |        507 |                       mteb.tasks.bitext_mining.eng.pub_chem_smiles_bitext_mining
import time:       135 |        642 |                     mteb.tasks.bitext_mining.eng
import time:       833 |        833 |                       mteb.tasks.bitext_mining.fas.fa_mteb_summary_retrieval
import time:       179 |       1012 |                     mteb.tasks.bitext_mining.fas
import time:       567 |        567 |                       mteb.tasks.bitext_mining.kat.tbilisi_city_hall_bitext_mining
import time:       179 |        746 |                     mteb.tasks.bitext_mining.kat
import time:      3437 |       3437 |                       mteb.tasks.bitext_mining.multilingual.bible_nlp_bitext_mining
import time:       808 |        808 |                       mteb.tasks.bitext_mining.multilingual.bucc_bitext_mining
import time:       391 |        391 |                       mteb.tasks.bitext_mining.multilingual.bucc_bitext_mining_fast
import time:       338 |        338 |                       mteb.tasks.bitext_mining.multilingual.danish_medicines_agency_bitext_mining
import time:       331 |        331 |                       mteb.tasks.bitext_mining.multilingual.diabla_bitext_mining
import time:     29887 |      29887 |                       mteb.tasks.bitext_mining.multilingual.flores_bitext_mining
import time:      1126 |       1126 |                       mteb.tasks.bitext_mining.multilingual.in22_conv_bitext_mining
import time:       961 |        961 |                       mteb.tasks.bitext_mining.multilingual.in22_gen_bitext_mining
import time:       782 |        782 |                       mteb.tasks.bitext_mining.multilingual.indic_gen_bench_flores_bitext_mining
import time:       507 |        507 |                       mteb.tasks.bitext_mining.multilingual.iwslt2017_bitext_mining
import time:       351 |        351 |                       mteb.tasks.bitext_mining.multilingual.lince_mt_bitext_mining
import time:       348 |        348 |                       mteb.tasks.bitext_mining.multilingual.nolly_senti_bitext_mining
import time:       306 |        306 |                       mteb.tasks.bitext_mining.multilingual.norwegian_courts_bitext_mining
import time:     15728 |      15728 |                       mteb.tasks.bitext_mining.multilingual.ntrex_bitext_mining
import time:       530 |        530 |                       mteb.tasks.bitext_mining.multilingual.nusa_translation_bitext_mining
import time:       401 |        401 |                       mteb.tasks.bitext_mining.multilingual.nusa_x_bitext_mining
import time:       314 |        314 |                       mteb.tasks.bitext_mining.multilingual.phinc_bitext_mining
import time:       527 |        527 |                       mteb.tasks.bitext_mining.multilingual.roma_tales_bitext_mining
import time:       527 |        527 |                       mteb.tasks.bitext_mining.multilingual.ru_sci_bench_bitext_mining
import time:      1101 |       1101 |                       mteb.tasks.bitext_mining.multilingual.tatoeba_bitext_mining
import time:      2110 |       2110 |                       mteb.tasks.bitext_mining.multilingual.web_faq_bitext_mining
import time:       584 |      61383 |                     mteb.tasks.bitext_mining.multilingual
import time:       417 |        417 |                       mteb.tasks.bitext_mining.srn.srn_corpus_bitext_mining
import time:       212 |        628 |                     mteb.tasks.bitext_mining.srn
import time:       350 |        350 |                       mteb.tasks.bitext_mining.vie.vie_med_ev_bitext_mining
import time:       145 |        494 |                     mteb.tasks.bitext_mining.vie
import time:       261 |      65731 |                   mteb.tasks.bitext_mining
import time:       616 |        616 |                       mteb.tasks.clustering.deu.blurbs_clustering_p2p
import time:       773 |        773 |                       mteb.tasks.clustering.deu.blurbs_clustering_s2s
import time:       574 |        574 |                       mteb.tasks.clustering.deu.ten_k_gnad_clustering_p2p
import time:       567 |        567 |                       mteb.tasks.clustering.deu.ten_k_gnad_clustering_s2s
import time:       227 |       2755 |                     mteb.tasks.clustering.deu
import time:       450 |        450 |                       mteb.tasks.clustering.eng.ambient_acoustic_context_clustering
import time:       793 |        793 |                       mteb.tasks.clustering.eng.arxiv_clustering_p2p
import time:       343 |        343 |                       mteb.tasks.clustering.eng.arxiv_clustering_s2s
import time:       843 |        843 |                       mteb.tasks.clustering.eng.arxiv_hierarchical_clustering
import time:       743 |        743 |                       mteb.tasks.clustering.eng.ave_dataset_clustering
import time:       606 |        606 |                       mteb.tasks.clustering.eng.big_patent_clustering
import time:       573 |        573 |                       mteb.tasks.clustering.eng.biorxiv_clustering_p2p
import time:       546 |        546 |                       mteb.tasks.clustering.eng.biorxiv_clustering_s2s
import time:       339 |        339 |                       mteb.tasks.clustering.eng.built_bench_clustering_p2p
import time:       298 |        298 |                       mteb.tasks.clustering.eng.built_bench_clustering_s2s
import time:       484 |        484 |                       mteb.tasks.clustering.eng.cifar
import time:       344 |        344 |                       mteb.tasks.clustering.eng.clus_trec_covid
import time:       373 |        373 |                       mteb.tasks.clustering.eng.crema_d_clustering
import time:       421 |        421 |                       mteb.tasks.clustering.eng.hmdb51_clustering
import time:       502 |        502 |                       mteb.tasks.clustering.eng.human_concepts_clustering
import time:       336 |        336 |                       mteb.tasks.clustering.eng.hume_arxiv_clustering_p2p
import time:       333 |        333 |                       mteb.tasks.clustering.eng.hume_reddit_clustering_p2p
import time:       300 |        300 |                       mteb.tasks.clustering.eng.hume_wiki_cities_clustering
import time:       455 |        455 |                       mteb.tasks.clustering.eng.image_net
import time:       677 |        677 |                       mteb.tasks.clustering.eng.medrxiv_clustering_p2p
import time:       752 |        752 |                       mteb.tasks.clustering.eng.medrxiv_clustering_s2s
import time:      1255 |       1255 |                       mteb.tasks.clustering.eng.meld_clustering
import time:       753 |        753 |                       mteb.tasks.clustering.eng.music_avqa_clustering
import time:       560 |        560 |                       mteb.tasks.clustering.eng.ravdess_av_clustering
import time:       712 |        712 |                       mteb.tasks.clustering.eng.reddit_clustering
import time:       752 |        752 |                       mteb.tasks.clustering.eng.reddit_clustering_p2p
import time:       700 |        700 |                       mteb.tasks.clustering.eng.stack_exchange_clustering
import time:       752 |        752 |                       mteb.tasks.clustering.eng.stack_exchange_clustering_p2p
import time:       333 |        333 |                       mteb.tasks.clustering.eng.tiny_image_net
import time:       651 |        651 |                       mteb.tasks.clustering.eng.twenty_newsgroups_clustering
import time:       713 |        713 |                       mteb.tasks.clustering.eng.ucf101_clustering
import time:       368 |        368 |                       mteb.tasks.clustering.eng.voice_gender
import time:       515 |        515 |                       mteb.tasks.clustering.eng.vox_celeb_clustering
import time:       456 |        456 |                       mteb.tasks.clustering.eng.vox_populi_accent_clustering
import time:       307 |        307 |                       mteb.tasks.clustering.eng.wiki_cities_clustering
import time:       289 |        289 |                       mteb.tasks.clustering.eng.wikipedia_chemistry_specialties_clustering
import time:       393 |        393 |                       mteb.tasks.clustering.eng.wikipedia_chemistry_topics_clustering
import time:       898 |        898 |                       mteb.tasks.clustering.eng.worldsense_1min_domain_clustering
import time:       958 |      21857 |                     mteb.tasks.clustering.eng
import time:      1418 |       1418 |                       mteb.tasks.clustering.fas.fa_mteb_clustering
import time:       211 |       1629 |                     mteb.tasks.clustering.fas
import time:       549 |        549 |                       mteb.tasks.clustering.fra.allo_prof_clustering_p2p
import time:       521 |        521 |                       mteb.tasks.clustering.fra.allo_prof_clustering_s2s
import time:       677 |        677 |                       mteb.tasks.clustering.fra.hal_clustering_s2s
import time:       248 |       1993 |                     mteb.tasks.clustering.fra
import time:       518 |        518 |                       mteb.tasks.clustering.jpn.livedoor_news_clustering
import time:       313 |        313 |                       mteb.tasks.clustering.jpn.mews_c16_ja_clustering
import time:       211 |       1040 |                     mteb.tasks.clustering.jpn
import time:       320 |        320 |                       mteb.tasks.clustering.kor.klue_mrc_domain_clustering
import time:       312 |        312 |                       mteb.tasks.clustering.kor.klue_ynat_mrc_category_clustering
import time:       165 |        796 |                     mteb.tasks.clustering.kor
import time:       390 |        390 |                       mteb.tasks.clustering.multilingual.humesib200_clustering_s2s
import time:       364 |        364 |                       mteb.tasks.clustering.multilingual.indic_reviews_clustering_p2p
import time:       414 |        414 |                       mteb.tasks.clustering.multilingual.masakha_news_clustering_p2p
import time:       483 |        483 |                       mteb.tasks.clustering.multilingual.masakha_news_clustering_s2s
import time:      1326 |       1326 |                       mteb.tasks.clustering.multilingual.mlsum_clustering_p2p
import time:      1236 |       1236 |                       mteb.tasks.clustering.multilingual.mlsum_clustering_s2s
import time:      1705 |       1705 |                       mteb.tasks.clustering.multilingual.sib200_clustering_s2s
import time:       540 |        540 |                       mteb.tasks.clustering.multilingual.vox_populi_gender_clustering
import time:       666 |        666 |                       mteb.tasks.clustering.multilingual.wiki_clustering_p2p
import time:       308 |       7429 |                     mteb.tasks.clustering.multilingual
import time:       430 |        430 |                       mteb.tasks.clustering.nld.dutch_news_articles_clustering_p2p
import time:       418 |        418 |                       mteb.tasks.clustering.nld.dutch_news_articles_clustering_s2s
import time:       404 |        404 |                       mteb.tasks.clustering.nld.iconclass_clustering_s2s
import time:       421 |        421 |                       mteb.tasks.clustering.nld.open_tender_clustering_p2p
import time:       322 |        322 |                       mteb.tasks.clustering.nld.open_tender_clustering_s2s
import time:       410 |        410 |                       mteb.tasks.clustering.nld.vabb_clustering_p2p
import time:       440 |        440 |                       mteb.tasks.clustering.nld.vabb_clustering_s2s
import time:       266 |       3108 |                     mteb.tasks.clustering.nld
import time:       921 |        921 |                       mteb.tasks.clustering.nob.snl_clustering
import time:       613 |        613 |                       mteb.tasks.clustering.nob.snl_hierarchical_clustering
import time:       902 |        902 |                       mteb.tasks.clustering.nob.vg_clustering
import time:       747 |        747 |                       mteb.tasks.clustering.nob.vg_hierarchical_clustering
import time:       221 |       3403 |                     mteb.tasks.clustering.nob
import time:      1555 |       1555 |                       mteb.tasks.clustering.pol.polish_clustering
import time:       194 |       1748 |                     mteb.tasks.clustering.pol
import time:       370 |        370 |                       mteb.tasks.clustering.rom.romani_bible_clustering
import time:       187 |        557 |                     mteb.tasks.clustering.rom
import time:       437 |        437 |                       mteb.tasks.clustering.rus.georeview_clustering_p2p
import time:       441 |        441 |                       mteb.tasks.clustering.rus.ru_sci_bench_grnti_clustering_p2p
import time:       403 |        403 |                       mteb.tasks.clustering.rus.ru_sci_bench_oecd_clustering_p2p
import time:       201 |       1482 |                     mteb.tasks.clustering.rus
import time:       409 |        409 |                       mteb.tasks.clustering.spa.spanish_news_clustering_p2p
import time:       181 |        590 |                     mteb.tasks.clustering.spa
import time:       691 |        691 |                       mteb.tasks.clustering.swe.swedn_clustering
import time:       201 |        891 |                     mteb.tasks.clustering.swe
import time:       376 |        376 |                       mteb.tasks.clustering.vie.reddit_clustering_p2p_vn
import time:       323 |        323 |                       mteb.tasks.clustering.vie.reddit_clustering_vn
import time:       340 |        340 |                       mteb.tasks.clustering.vie.stack_exchange_clustering_p2p_vn
import time:       340 |        340 |                       mteb.tasks.clustering.vie.stack_exchange_clustering_vn
import time:       326 |        326 |                       mteb.tasks.clustering.vie.twenty_newsgroups_clustering_vn
import time:       261 |       1964 |                     mteb.tasks.clustering.vie
import time:      2014 |       2014 |                       mteb.tasks.clustering.zho.cmteb_clustering
import time:       192 |       2205 |                     mteb.tasks.clustering.zho
import time:       419 |        419 |                       mteb.tasks.clustering.zxx.bird_clef_clustering
import time:       383 |        383 |                       mteb.tasks.clustering.zxx.esc50_clustering
import time:       339 |        339 |                       mteb.tasks.clustering.zxx.gtzan_genre_clustering
import time:       327 |        327 |                       mteb.tasks.clustering.zxx.music_genre
import time:       337 |        337 |                       mteb.tasks.clustering.zxx.urban_sound8k_clustering
import time:       351 |        351 |                       mteb.tasks.clustering.zxx.vehicle_sound_clustering
import time:       452 |        452 |                       mteb.tasks.clustering.zxx.vim_sketch_clustering
import time:       312 |       2917 |                     mteb.tasks.clustering.zxx
import time:       382 |      56737 |                   mteb.tasks.clustering
import time:       398 |        398 |                       mteb.tasks.image_text_pair_classification.eng.aro_coco_order
import time:       368 |        368 |                       mteb.tasks.image_text_pair_classification.eng.aro_flickr_order
import time:       357 |        357 |                       mteb.tasks.image_text_pair_classification.eng.aro_visual_attribution
import time:       355 |        355 |                       mteb.tasks.image_text_pair_classification.eng.aro_visual_relation
import time:      1030 |       1030 |                       mteb.tasks.image_text_pair_classification.eng.image_co_de
import time:       509 |        509 |                       mteb.tasks.image_text_pair_classification.eng.sugar_crepe
import time:       369 |        369 |                       mteb.tasks.image_text_pair_classification.eng.winoground
import time:       294 |       3676 |                     mteb.tasks.image_text_pair_classification.eng
import time:       165 |       3840 |                   mteb.tasks.image_text_pair_classification
import time:       559 |        559 |                       mteb.tasks.instruction_reranking.eng.core17_instruction_retrieval
import time:       553 |        553 |                       mteb.tasks.instruction_reranking.eng.news21_instruction_retrieval
import time:       525 |        525 |                       mteb.tasks.instruction_reranking.eng.robust04_instruction_retrieval
import time:       218 |       1853 |                     mteb.tasks.instruction_reranking.eng
import time:      1989 |       1989 |                       mteb.tasks.instruction_reranking.multilingual.m_follow_ir
import time:       169 |       2158 |                     mteb.tasks.instruction_reranking.multilingual
import time:       170 |       4180 |                   mteb.tasks.instruction_reranking
import time:       649 |        649 |                       mteb.tasks.instruction_retrieval.eng.ifir_aila_retrieval
import time:       333 |        333 |                       mteb.tasks.instruction_retrieval.eng.ifir_cds_retrieval
import time:       568 |        568 |                       mteb.tasks.instruction_retrieval.eng.ifir_fi_qa_retrieval
import time:       459 |        459 |                       mteb.tasks.instruction_retrieval.eng.ifir_fire_retrieval
import time:       635 |        635 |                       mteb.tasks.instruction_retrieval.eng.ifir_pm_retrieval
import time:       610 |        610 |                       mteb.tasks.instruction_retrieval.eng.ifir_scifact_retrieval
import time:       340 |        340 |                       mteb.tasks.instruction_retrieval.eng.ifirnf_corpus_retrieval
import time:       435 |        435 |                       mteb.tasks.instruction_retrieval.eng.instruct_ir
import time:       351 |       4375 |                     mteb.tasks.instruction_retrieval.eng
import time:       200 |       4574 |                   mteb.tasks.instruction_retrieval
import time:      1320 |       1320 |                       mteb.tasks.multichoice.eng.av_speaker_bench
import time:      1329 |       1329 |                       mteb.tasks.multichoice.eng.avmeme_exam
import time:      1274 |       1274 |                       mteb.tasks.multichoice.eng.avqa
import time:       510 |        510 |                       mteb.tasks.multichoice.eng.blink_it2i_multi_choice
import time:       456 |        456 |                       mteb.tasks.multichoice.eng.blink_it2t_multi_choice
import time:      1779 |       1779 |                       mteb.tasks.multichoice.eng.cv_bench
import time:      1447 |       1447 |                       mteb.tasks.multichoice.eng.daily_omni
import time:       825 |        825 |                       mteb.tasks.multichoice.eng.egoschema
import time:       391 |        391 |                       mteb.tasks.multichoice.eng.mmvu
import time:       749 |        749 |                       mteb.tasks.multichoice.eng.nextqa
import time:      1362 |       1362 |                       mteb.tasks.multichoice.eng.omni_video_bench
import time:      1321 |       1321 |                       mteb.tasks.multichoice.eng.perception_test
import time:      2360 |       2360 |                       mteb.tasks.multichoice.eng.star_bench
import time:      1314 |       1314 |                       mteb.tasks.multichoice.eng.video_mme
import time:      1304 |       1304 |                       mteb.tasks.multichoice.eng.worldqa
import time:      1304 |       1304 |                       mteb.tasks.multichoice.eng.worldsense
import time:       583 |      19621 |                     mteb.tasks.multichoice.eng
import time:       157 |      19778 |                   mteb.tasks.multichoice
import time:       689 |        689 |                       mteb.tasks.multilabel_classification.eng.audio_set
import time:       414 |        414 |                       mteb.tasks.multilabel_classification.eng.fsd50_hf
import time:       532 |        532 |                       mteb.tasks.multilabel_classification.eng.fsd2019_kaggle
import time:       396 |        396 |                       mteb.tasks.multilabel_classification.eng.pascal_voc2007
import time:       268 |       2298 |                     mteb.tasks.multilabel_classification.eng
import time:       593 |        593 |                       mteb.tasks.multilabel_classification.ita.emit_classification
import time:       157 |        750 |                     mteb.tasks.multilabel_classification.ita
import time:       357 |        357 |                       mteb.tasks.multilabel_classification.kor.kor_hate_speech_ml_classification
import time:       177 |        533 |                     mteb.tasks.multilabel_classification.kor
import time:       355 |        355 |                       mteb.tasks.multilabel_classification.mlt.maltese_news_classification
import time:       155 |        509 |                     mteb.tasks.multilabel_classification.mlt
import time:       537 |        537 |                       mteb.tasks.multilabel_classification.multilingual.emotion_analysis_plus
import time:       479 |        479 |                       mteb.tasks.multilabel_classification.multilingual.multi_eurlex_multilabel_classification
import time:       184 |       1199 |                     mteb.tasks.multilabel_classification.multilingual
import time:       613 |        613 |                       mteb.tasks.multilabel_classification.nld.covid_disinformation_nl_multi_label_classification
import time:       351 |        351 |                       mteb.tasks.multilabel_classification.nld.vabb_multi_label_classification
import time:       194 |       1157 |                     mteb.tasks.multilabel_classification.nld
import time:       355 |        355 |                       mteb.tasks.multilabel_classification.por.brazilian_toxic_tweets_classification
import time:       164 |        519 |                     mteb.tasks.multilabel_classification.por
import time:       362 |        362 |                       mteb.tasks.multilabel_classification.rus.cedr_classification
import time:       387 |        387 |                       mteb.tasks.multilabel_classification.rus.ru_toixic_multilabelclassification_okmlcup
import time:       345 |        345 |                       mteb.tasks.multilabel_classification.rus.sensitive_topics_classification
import time:       195 |       1287 |                     mteb.tasks.multilabel_classification.rus
import time:       438 |        438 |                       mteb.tasks.multilabel_classification.swe.swedish_patent_cpc_group_classification
import time:       434 |        434 |                       mteb.tasks.multilabel_classification.swe.swedish_patent_cpc_subclass_classification
import time:       179 |       1051 |                     mteb.tasks.multilabel_classification.swe
import time:       918 |        918 |                       mteb.tasks.multilabel_classification.zxx.bird_set
import time:       163 |       1081 |                     mteb.tasks.multilabel_classification.zxx
import time:       317 |      10696 |                   mteb.tasks.multilabel_classification
import time:       478 |        478 |                       mteb.tasks.pair_classification.ara.ar_entail
import time:       181 |        659 |                     mteb.tasks.pair_classification.ara
import time:       345 |        345 |                       mteb.tasks.pair_classification.ces.ctk_facts_nli
import time:       152 |        497 |                     mteb.tasks.pair_classification.ces
import time:       411 |        411 |                       mteb.tasks.pair_classification.dan.talemaader_pc
import time:       149 |        560 |                     mteb.tasks.pair_classification.dan
import time:       447 |        447 |                       mteb.tasks.pair_classification.deu.false_friends_de_en_pc
import time:       145 |        591 |                     mteb.tasks.pair_classification.deu
import time:       554 |        554 |                       mteb.tasks.pair_classification.eng.av_speakerbench_pc
import time:       640 |        640 |                       mteb.tasks.pair_classification.eng.ave_dataset_pc
import time:       352 |        352 |                       mteb.tasks.pair_classification.eng.cremad
import time:       601 |        601 |                       mteb.tasks.pair_classification.eng.human_animal_cartoon_pc
import time:       794 |        794 |                       mteb.tasks.pair_classification.eng.legal_bench_pc
import time:       652 |        652 |                       mteb.tasks.pair_classification.eng.meld_pc
import time:       596 |        596 |                       mteb.tasks.pair_classification.eng.music_avqa_pc
import time:       357 |        357 |                       mteb.tasks.pair_classification.eng.nmsqa
import time:       428 |        428 |                       mteb.tasks.pair_classification.eng.pub_chem_ai_sentence_paraphrase_pc
import time:       702 |        702 |                       mteb.tasks.pair_classification.eng.pub_chem_smilespc
import time:       442 |        442 |                       mteb.tasks.pair_classification.eng.pub_chem_synonym_pc
import time:       394 |        394 |                       mteb.tasks.pair_classification.eng.pub_chem_wiki_paragraphs_pc
import time:       605 |        605 |                       mteb.tasks.pair_classification.eng.ravdess_av_pc
import time:       412 |        412 |                       mteb.tasks.pair_classification.eng.sprint_duplicate_questions_pc
import time:       369 |        369 |                       mteb.tasks.pair_classification.eng.twitter_sem_eval2015_pc
import time:       367 |        367 |                       mteb.tasks.pair_classification.eng.twitter_url_corpus_pc
import time:       367 |        367 |                       mteb.tasks.pair_classification.eng.videocon_pc
import time:       342 |        342 |                       mteb.tasks.pair_classification.eng.vinoground_pc
import time:       309 |        309 |                       mteb.tasks.pair_classification.eng.vocal_sound
import time:       332 |        332 |                       mteb.tasks.pair_classification.eng.vox_populi_accent
import time:      1308 |      10912 |                     mteb.tasks.pair_classification.eng
import time:      1781 |       1781 |                       mteb.tasks.pair_classification.fas.fa_mteb_pair_classification
import time:       384 |        384 |                       mteb.tasks.pair_classification.fas.fars_tail
import time:       195 |       2359 |                     mteb.tasks.pair_classification.fas
import time:       326 |        326 |                       mteb.tasks.pair_classification.hye.armenian_paraphrase_pc
import time:       159 |        484 |                     mteb.tasks.pair_classification.hye
import time:       343 |        343 |                       mteb.tasks.pair_classification.ind.indo_nli
import time:       133 |        475 |                     mteb.tasks.pair_classification.ind
import time:       487 |        487 |                       mteb.tasks.pair_classification.ita.dis_co_tex_pair_classification
import time:       129 |        615 |                     mteb.tasks.pair_classification.ita
import time:       518 |        518 |                       mteb.tasks.pair_classification.kor.klue_nli
import time:       502 |        502 |                       mteb.tasks.pair_classification.kor.kor_nli
import time:       176 |       1196 |                     mteb.tasks.pair_classification.kor
import time:       687 |        687 |                       mteb.tasks.pair_classification.multilingual.afri_xnli
import time:       451 |        451 |                       mteb.tasks.pair_classification.multilingual.indic_xnli_pair_classification
import time:       364 |        364 |                       mteb.tasks.pair_classification.multilingual.opusparcus_pc
import time:       380 |        380 |                       mteb.tasks.pair_classification.multilingual.paws_x_pair_classification
import time:       551 |        551 |                       mteb.tasks.pair_classification.multilingual.pub_chem_wiki_pair_classification
import time:       371 |        371 |                       mteb.tasks.pair_classification.multilingual.rte3
import time:       328 |        328 |                       mteb.tasks.pair_classification.multilingual.x_stance
import time:       931 |        931 |                       mteb.tasks.pair_classification.multilingual.xnli
import time:       330 |       4389 |                     mteb.tasks.pair_classification.multilingual
import time:       477 |        477 |                       mteb.tasks.pair_classification.nld.sick_nl_pair_classification
import time:       339 |        339 |                       mteb.tasks.pair_classification.nld.xlwic_nl_pair_classification
import time:       197 |       1013 |                     mteb.tasks.pair_classification.nld
import time:       953 |        953 |                       mteb.tasks.pair_classification.pol.polish_pc
import time:       162 |       1115 |                     mteb.tasks.pair_classification.pol
import time:       518 |        518 |                       mteb.tasks.pair_classification.por.assin2_rte
import time:       571 |        571 |                       mteb.tasks.pair_classification.por.sick_br_pc
import time:       202 |       1290 |                     mteb.tasks.pair_classification.por
import time:       537 |        537 |                       mteb.tasks.pair_classification.rus.terra
import time:       193 |        729 |                     mteb.tasks.pair_classification.rus
import time:       450 |        450 |                       mteb.tasks.pair_classification.vie.sprint_duplicate_questions_pcvn
import time:       417 |        417 |                       mteb.tasks.pair_classification.vie.twitter_sem_eval2015_pcvn
import time:       393 |        393 |                       mteb.tasks.pair_classification.vie.twitter_url_corpus_pcvn
import time:       215 |       1473 |                     mteb.tasks.pair_classification.vie
import time:       624 |        624 |                       mteb.tasks.pair_classification.zho.cmteb_pair_classification
import time:       157 |        781 |                     mteb.tasks.pair_classification.zho
import time:       390 |        390 |                       mteb.tasks.pair_classification.zxx.esc50
import time:       172 |        561 |                     mteb.tasks.pair_classification.zxx
import time:       397 |      30085 |                   mteb.tasks.pair_classification
import time:       568 |        568 |                       mteb.tasks.regression.multilingual.ru_sci_bench_regression
import time:       168 |        735 |                     mteb.tasks.regression.multilingual
import time:       147 |        882 |                   mteb.tasks.regression
import time:       348 |        348 |                       mteb.tasks.reranking.ara.namaa_mr_tydi_reranking
import time:       162 |        510 |                     mteb.tasks.reranking.ara
import time:       786 |        786 |                       mteb.tasks.reranking.code.coreb_reranking
import time:       165 |        950 |                     mteb.tasks.reranking.code
import time:       397 |        397 |                       mteb.tasks.reranking.eng.ask_ubuntu_dup_questions
import time:       355 |        355 |                       mteb.tasks.reranking.eng.built_bench_reranking
import time:       343 |        343 |                       mteb.tasks.reranking.eng.ecommerce_product_relevance_reranking
import time:       322 |        322 |                       mteb.tasks.reranking.eng.fs_dnoisy18k_audio_reranking
import time:       347 |        347 |                       mteb.tasks.reranking.eng.hume_core17_instruction_reranking
import time:       336 |        336 |                       mteb.tasks.reranking.eng.hume_news21_instruction_reranking
import time:       311 |        311 |                       mteb.tasks.reranking.eng.hume_robust04_instruction_reranking
import time:       334 |        334 |                       mteb.tasks.reranking.eng.loc_bench_reranking
import time:       482 |        482 |                       mteb.tasks.reranking.eng.mind_small_reranking
import time:       374 |        374 |                       mteb.tasks.reranking.eng.multi_swe_bench_reranking
import time:       460 |        460 |                       mteb.tasks.reranking.eng.nev_ir
import time:       358 |        358 |                       mteb.tasks.reranking.eng.sci_docs_reranking
import time:       330 |        330 |                       mteb.tasks.reranking.eng.stack_overflow_dup_questions
import time:       326 |        326 |                       mteb.tasks.reranking.eng.swe_bench_lite_reranking
import time:       315 |        315 |                       mteb.tasks.reranking.eng.swe_bench_multilingual_reranking
import time:       314 |        314 |                       mteb.tasks.reranking.eng.swe_bench_verified_reranking
import time:       346 |        346 |                       mteb.tasks.reranking.eng.swe_poly_bench_reranking
import time:       341 |        341 |                       mteb.tasks.reranking.eng.vocal_sound_audio_reranking
import time:       334 |        334 |                       mteb.tasks.reranking.eng.web_linx_candidates_reranking
import time:       482 |       7197 |                     mteb.tasks.reranking.eng
import time:       357 |        357 |                       mteb.tasks.reranking.fra.alloprof_reranking
import time:       343 |        343 |                       mteb.tasks.reranking.fra.syntec_reranking
import time:       178 |        877 |                     mteb.tasks.reranking.fra
import time:       362 |        362 |                       mteb.tasks.reranking.jpn.j_qa_ra_reranking
import time:       338 |        338 |                       mteb.tasks.reranking.jpn.j_qa_ra_reranking_lite
import time:       457 |        457 |                       mteb.tasks.reranking.jpn.ja_cwir_reranking
import time:       340 |        340 |                       mteb.tasks.reranking.jpn.ja_cwir_reranking_lite
import time:       348 |        348 |                       mteb.tasks.reranking.jpn.m_marco_reranking
import time:       215 |       2057 |                     mteb.tasks.reranking.jpn
import time:       423 |        423 |                       mteb.tasks.reranking.multilingual.esci_reranking
import time:       374 |        374 |                       mteb.tasks.reranking.multilingual.hume_wikipedia_reranking_multilingual
import time:       544 |        544 |                       mteb.tasks.reranking.multilingual.miracl_reranking
import time:       445 |        445 |                       mteb.tasks.reranking.multilingual.multi_long_doc_reranking
import time:       429 |        429 |                       mteb.tasks.reranking.multilingual.wikipedia_reranking_multilingual
import time:       481 |        481 |                       mteb.tasks.reranking.multilingual.x_glue_wpr_reranking
import time:       247 |       2940 |                     mteb.tasks.reranking.multilingual
import time:       356 |        356 |                       mteb.tasks.reranking.rus.ru_bq_reranking
import time:       151 |        507 |                     mteb.tasks.reranking.rus
import time:       381 |        381 |                       mteb.tasks.reranking.vie.ask_ubuntu_dup_questions_vn
import time:       345 |        345 |                       mteb.tasks.reranking.vie.sci_docs_reranking_vn
import time:       312 |        312 |                       mteb.tasks.reranking.vie.stack_overflow_dup_questions_vn
import time:       178 |       1215 |                     mteb.tasks.reranking.vie
import time:       799 |        799 |                       mteb.tasks.reranking.zho.cmteb_reranking
import time:       152 |        951 |                     mteb.tasks.reranking.zho
import time:       373 |        373 |                       mteb.tasks.reranking.zxx.esc50_audio_reranking
import time:       311 |        311 |                       mteb.tasks.reranking.zxx.gtzan_audio_reranking
import time:       301 |        301 |                       mteb.tasks.reranking.zxx.urban_sound8_k_audio_reranking
import time:       199 |       1182 |                     mteb.tasks.reranking.zxx
import time:       257 |      18637 |                   mteb.tasks.reranking
import time:       669 |        669 |                       mteb.tasks.summarization.eng.summ_eval_summarization
import time:       169 |        838 |                     mteb.tasks.summarization.eng
import time:       554 |        554 |                       mteb.tasks.summarization.fra.summ_eval_fr_summarization
import time:       175 |        728 |                     mteb.tasks.summarization.fra
import time:       170 |       1736 |                   mteb.tasks.summarization
import time:       746 |        746 |                       mteb.tasks.zeroshot_classification.eng.ave_dataset
import time:       745 |        745 |                       mteb.tasks.zeroshot_classification.eng.avmeme_exam_classification
import time:       417 |        417 |                       mteb.tasks.zeroshot_classification.eng.birdsnap
import time:       394 |        394 |                       mteb.tasks.zeroshot_classification.eng.breakfast_classification
import time:       380 |        380 |                       mteb.tasks.zeroshot_classification.eng.caltech101
import time:       622 |        622 |                       mteb.tasks.zeroshot_classification.eng.cifar
import time:       679 |        679 |                       mteb.tasks.zeroshot_classification.eng.clevr
import time:       477 |        477 |                       mteb.tasks.zeroshot_classification.eng.country211
import time:       402 |        402 |                       mteb.tasks.zeroshot_classification.eng.dtd
import time:       403 |        403 |                       mteb.tasks.zeroshot_classification.eng.euro_sat
import time:       404 |        404 |                       mteb.tasks.zeroshot_classification.eng.fer2013
import time:       372 |        372 |                       mteb.tasks.zeroshot_classification.eng.fgvc_aircraft
import time:       393 |        393 |                       mteb.tasks.zeroshot_classification.eng.food101
import time:       438 |        438 |                       mteb.tasks.zeroshot_classification.eng.gtsrb
import time:       488 |        488 |                       mteb.tasks.zeroshot_classification.eng.hmdb51
import time:       814 |        814 |                       mteb.tasks.zeroshot_classification.eng.human_animal_cartoon
import time:       484 |        484 |                       mteb.tasks.zeroshot_classification.eng.imagenet1k
import time:       648 |        648 |                       mteb.tasks.zeroshot_classification.eng.kinetics400
import time:       652 |        652 |                       mteb.tasks.zeroshot_classification.eng.kinetics600
import time:       653 |        653 |                       mteb.tasks.zeroshot_classification.eng.kinetics700
import time:       761 |        761 |                       mteb.tasks.zeroshot_classification.eng.meld_classification
import time:       396 |        396 |                       mteb.tasks.zeroshot_classification.eng.mnist
import time:       674 |        674 |                       mteb.tasks.zeroshot_classification.eng.music_avqa
import time:       383 |        383 |                       mteb.tasks.zeroshot_classification.eng.oxford_pets
import time:       462 |        462 |                       mteb.tasks.zeroshot_classification.eng.patch_camelyon
import time:       381 |        381 |                       mteb.tasks.zeroshot_classification.eng.ravdess
import time:       698 |        698 |                       mteb.tasks.zeroshot_classification.eng.ravdess_av
import time:       381 |        381 |                       mteb.tasks.zeroshot_classification.eng.rendered_sst2
import time:       377 |        377 |                       mteb.tasks.zeroshot_classification.eng.resisc45
import time:       535 |        535 |                       mteb.tasks.zeroshot_classification.eng.sci_mmir
import time:       613 |        613 |                       mteb.tasks.zeroshot_classification.eng.speech_commands
import time:       494 |        494 |                       mteb.tasks.zeroshot_classification.eng.stanford_cars
import time:       432 |        432 |                       mteb.tasks.zeroshot_classification.eng.stl10
import time:       417 |        417 |                       mteb.tasks.zeroshot_classification.eng.sun397
import time:      1070 |       1070 |                       mteb.tasks.zeroshot_classification.eng.ucf101
import time:       655 |        655 |                       mteb.tasks.zeroshot_classification.eng.vggsound_zeroshot
import time:       581 |        581 |                       mteb.tasks.zeroshot_classification.eng.worldsense_classification
import time:       865 |      20765 |                     mteb.tasks.zeroshot_classification.eng
import time:       494 |        494 |                       mteb.tasks.zeroshot_classification.zxx.esc50
import time:       417 |        417 |                       mteb.tasks.zeroshot_classification.zxx.urban_sound8k
import time:       190 |       1100 |                     mteb.tasks.zeroshot_classification.zxx
import time:       175 |      22040 |                   mteb.tasks.zeroshot_classification
import time:       753 |    1009541 |                 mteb.tasks
import time:      6458 |    1018396 |               mteb.get_tasks
import time:      4174 |    1022569 |             mteb.deprecated_evaluator
import time:      4264 |       4264 |             mteb.evaluate
import time:      1227 |       1227 |             mteb.load_results
import time:      1280 |       1280 |                   mteb.mocks.mock_tasks.bitext_mining
import time:       850 |        850 |                     mteb.mocks.mock_tasks.create_mock_samples
import time:      7622 |       8471 |                   mteb.mocks.mock_tasks.classification
import time:      3153 |       3153 |                   mteb.mocks.mock_tasks.clustering
import time:      4594 |       4594 |                   mteb.mocks.mock_tasks.pair_classification
import time:      1002 |       1002 |                   mteb.mocks.mock_tasks.regression
import time:      8304 |       8304 |                     mteb.mocks.mock_tasks.retrieval
import time:       117 |        117 |                     tensorflow
import time:        86 |         86 |                     tensorflow
import time:      4498 |      13002 |                   mteb.mocks.mock_tasks.reranking
import time:      2414 |       2414 |                   mteb.mocks.mock_tasks.sts
import time:      1188 |       1188 |                   mteb.mocks.mock_tasks.summarization
import time:      2190 |       2190 |                   mteb.mocks.mock_tasks.zeroshot_classification
import time:       608 |      37897 |                 mteb.mocks.mock_tasks
import time:       110 |        110 |                 tensorflow
import time:        84 |         84 |                 tensorflow
import time:        80 |         80 |                 tensorflow
import time:        75 |         75 |                 tensorflow
import time:        79 |         79 |                 tensorflow
import time:        73 |         73 |                 tensorflow
import time:        74 |         74 |                 tensorflow
import time:        74 |         74 |                 tensorflow
import time:        75 |         75 |                 tensorflow
import time:        73 |         73 |                 tensorflow
import time:        72 |         72 |                 tensorflow
import time:        71 |         71 |                 tensorflow
import time:        78 |         78 |                 tensorflow
import time:        76 |         76 |                 tensorflow
import time:        74 |         74 |                 tensorflow
import time:        71 |         71 |                 tensorflow
import time:        71 |         71 |                 tensorflow
import time:        73 |         73 |                 tensorflow
import time:        70 |         70 |                 tensorflow
import time:        71 |         71 |                 tensorflow
import time:        72 |         72 |                 tensorflow
import time:        73 |         73 |                 tensorflow
import time:        74 |         74 |                 tensorflow
import time:        72 |         72 |                 tensorflow
import time:        72 |         72 |                 tensorflow
import time:        70 |         70 |                 tensorflow
import time:        69 |         69 |                 tensorflow
import time:        70 |         70 |                 tensorflow
import time:        71 |         71 |                 tensorflow
import time:        70 |         70 |                 tensorflow
import time:        80 |         80 |                 tensorflow
import time:        71 |         71 |                 tensorflow
import time:        70 |         70 |                 tensorflow
import time:        70 |         70 |                 tensorflow
import time:        69 |         69 |                 tensorflow
import time:        70 |         70 |                 tensorflow
import time:        70 |         70 |                 tensorflow
import time:        69 |         69 |                 tensorflow
import time:        70 |         70 |                 tensorflow
import time:        72 |         72 |                 tensorflow
import time:        71 |         71 |                 tensorflow
import time:        72 |         72 |                 tensorflow
import time:        71 |         71 |                 tensorflow
import time:        70 |         70 |                 tensorflow
import time:        70 |         70 |                 tensorflow
import time:        70 |         70 |                 tensorflow
import time:        71 |         71 |                 tensorflow
import time:        73 |         73 |                 tensorflow
import time:        70 |         70 |                 tensorflow
import time:        69 |         69 |                 tensorflow
import time:        70 |         70 |                 tensorflow
import time:        70 |         70 |                 tensorflow
import time:        69 |         69 |                 tensorflow
import time:        70 |         70 |                 tensorflow
import time:        71 |         71 |                 tensorflow
import time:        70 |         70 |                 tensorflow
import time:        70 |         70 |                 tensorflow
import time:        73 |         73 |                 tensorflow
import time:        72 |         72 |                 tensorflow
import time:        73 |         73 |                 tensorflow
import time:        70 |         70 |                 tensorflow
import time:        70 |         70 |                 tensorflow
import time:        70 |         70 |                 tensorflow
import time:        70 |         70 |                 tensorflow
import time:        82 |         82 |                 tensorflow
import time:        76 |         76 |                 tensorflow
import time:        74 |         74 |                 tensorflow
import time:        71 |         71 |                 tensorflow
import time:        71 |         71 |                 tensorflow
import time:        72 |         72 |                 tensorflow
import time:        72 |         72 |                 tensorflow
import time:        70 |         70 |                 tensorflow
import time:        74 |         74 |                 tensorflow
import time:        70 |         70 |                 tensorflow
import time:        73 |         73 |                 tensorflow
import time:        74 |         74 |                 tensorflow
import time:        71 |         71 |                 tensorflow
import time:        71 |         71 |                 tensorflow
import time:        70 |         70 |                 tensorflow
import time:        70 |         70 |                 tensorflow
import time:        70 |         70 |                 tensorflow
import time:        69 |         69 |                 tensorflow
import time:        70 |         70 |                 tensorflow
import time:        87 |         87 |                 tensorflow
import time:        74 |         74 |                 tensorflow
import time:        72 |         72 |                 tensorflow
import time:     60451 |     104549 |               mteb.mocks
import time:      2541 |     107090 |             mteb.mocks.mock_run
import time:      1504 |   20665904 |           mteb
import time:       204 |   20666107 |         embed_optim.decontamination
import time:       432 |        432 |             embed_optim.optimizers
import time:       365 |        796 |           embed_optim.geometry
import time:       415 |       1211 |         embed_optim.dense_retrieval_dynamics_publication
import time:      1118 |       1118 |                     embed_optim.data
import time:       250 |       1368 |                   embed_optim.probes
import time:       285 |       1653 |                 embed_optim.probe_export
import time:      1264 |       2916 |               embed_optim.update_geometry
import time:      1344 |       4259 |             embed_optim.basis_sensitivity
import time:       189 |        189 |             embed_optim.scope
import time:       585 |       5032 |           embed_optim.mechanism_report
import time:       441 |       5473 |         embed_optim.outcome_report
import time:       144 |        144 |         embed_optim.paper_layout
import time:       234 |        234 |         embed_optim.state_operator_factorial_publication
import time:      2103 |   20736605 |       embed_optim.paper_audit
import time:      1255 |       1255 |         embed_optim.primary_contract
import time:       847 |       2102 |       embed_optim.primary_v3_manuscript
import time:       120 |        120 |         embed_optim.primary_v3_paper_layout
import time:      1045 |       1045 |           embed_optim.primary_v3_contract
import time:      1038 |       1038 |           embed_optim.primary_v3_validation
import time:       221 |       2302 |         embed_optim.primary_v3_validation_io
import time:       425 |       2847 |       embed_optim.primary_v3_manuscript_build
import time:       252 |   20741804 |     embed_optim.complete_paper_document
import time:       181 |   20741985 |   embed_optim.current_paper
import time:       410 |   20767356 | embed_optim.paper_reproduction
import time:       304 |        304 |           wcwidth.table_grapheme_overrides._registry
import time:       118 |        421 |         wcwidth.table_grapheme_overrides
import time:        71 |         71 |           wcwidth.bisearch
import time:        78 |         78 |             wcwidth.table_mc
import time:        79 |         79 |             wcwidth.table_wide
import time:        95 |         95 |             wcwidth.table_zero
import time:      1243 |       1243 |             wcwidth.table_grapheme
import time:       157 |        157 |             wcwidth.table_ambiguous
import time:       186 |        186 |             wcwidth.table_overrides
import time:        90 |         90 |             wcwidth.unicode_versions
import time:        84 |         84 |             wcwidth.table_term_programs
import time:       729 |       2735 |           wcwidth._constants
import time:       121 |       2927 |         wcwidth._wcwidth
import time:       188 |        188 |           wcwidth.table_vs15
import time:        89 |         89 |           wcwidth.table_vs16
import time:       191 |        466 |         wcwidth._wcswidth
import time:       662 |        662 |         wcwidth.text_sizing
import time:       129 |        129 |         wcwidth.control_codes
import time:       955 |        955 |           wcwidth.sgr_state
import time:      1786 |       2740 |         wcwidth.escape_sequences
import time:       237 |       7579 |       wcwidth._width
import time:       624 |        624 |       wcwidth.grapheme
import time:       668 |        668 |       wcwidth.hyperlink
import time:       720 |       9590 |     wcwidth._clip
import time:       142 |        142 |     wcwidth.align
import time:       222 |        222 |     wcwidth.textwrap
import time:       138 |        138 |     wcwidth.wcwidth
import time:       265 |      10355 |   wcwidth
import time:        73 |         73 |   tabulate.version
import time:      3031 |      13459 | tabulate
native paper entry imported
