2026-09-13T15:46:52.0350992Z Current runner version: '2.337.0'
2026-09-13T15:46:52.0377282Z ##[group]Runner Image Provisioner
2026-09-13T15:46:52.0378182Z Hosted Compute Agent
2026-09-13T15:46:52.0378814Z Version: 20260828.587
2026-09-13T15:46:52.0379575Z Commit: abac92662cab4cc7352de4f9f9d2e2419aad9c29
2026-09-13T15:46:52.0380339Z Build Date: 2026-08-28T16:44:25Z
2026-09-13T15:46:52.0381442Z Worker ID: {500d843e-92c1-4952-b74a-41a567bd35b7}
2026-09-13T15:46:52.0382357Z Azure Region: northcentralus
2026-09-13T15:46:52.0383005Z ##[endgroup]
2026-09-13T15:46:52.0384517Z ##[group]Operating System
2026-09-13T15:46:52.0385157Z Ubuntu
2026-09-13T15:46:52.0385689Z 24.04.5
2026-09-13T15:46:52.0386307Z LTS
2026-09-13T15:46:52.0386850Z ##[endgroup]
2026-09-13T15:46:52.0387524Z ##[group]Runner Image
2026-09-13T15:46:52.0388182Z Image: ubuntu-24.04
2026-09-13T15:46:52.0388808Z Version: 20260907.300.1
2026-09-13T15:46:52.0390226Z Included Software: https://github.com/actions/runner-images/blob/ubuntu24/20260907.300/images/ubuntu/Ubuntu2404-Readme.md
2026-09-13T15:46:52.0391878Z Image Release: https://github.com/actions/runner-images/releases/tag/ubuntu24%2F20260907.300
2026-09-13T15:46:52.0393073Z ##[endgroup]
2026-09-13T15:46:52.0394325Z ##[group]GITHUB_TOKEN Permissions
2026-09-13T15:46:52.0396741Z Contents: read
2026-09-13T15:46:52.0397404Z Metadata: read
2026-09-13T15:46:52.0398115Z Packages: read
2026-09-13T15:46:52.0398835Z ##[endgroup]
2026-09-13T15:46:52.0401505Z Secret source: Actions
2026-09-13T15:46:52.0402839Z Cache mode: write
2026-09-13T15:46:52.0403803Z Prepare workflow directory
2026-09-13T15:46:52.0753479Z Prepare all required actions
2026-09-13T15:46:52.0802914Z Getting action download info
2026-09-13T15:46:52.3209482Z Download action repository 'actions/checkout@v7.0.1' (SHA:3d3c42e5aac5ba805825da76410c181273ba90b1)
2026-09-13T15:46:52.4287859Z Download action repository 'astral-sh/setup-uv@v10.0.1' (SHA:20cfd1bf945f4377ade1205e4dbc17946fc9a30d)
2026-09-13T15:46:52.8958911Z Download action repository 'actions/upload-artifact@v4' (SHA:ea165f8d65b6e75b540449e92b4886f43607fa02)
2026-09-13T15:46:53.1243119Z Complete job name: test
2026-09-13T15:46:53.2071006Z ##[group]Run actions/checkout@v7.0.1
2026-09-13T15:46:53.2071892Z with:
2026-09-13T15:46:53.2072545Z   fetch-depth: 0
2026-09-13T15:46:53.2073068Z   repository: qcznlp/embedding-optimizer-study
2026-09-13T15:46:53.2076977Z   token: ***
2026-09-13T15:46:53.2077437Z   ssh-strict: true
2026-09-13T15:46:53.2077890Z   ssh-user: git
2026-09-13T15:46:53.2078374Z   persist-credentials: true
2026-09-13T15:46:53.2078874Z   clean: true
2026-09-13T15:46:53.2079337Z   sparse-checkout-cone-mode: true
2026-09-13T15:46:53.2079877Z   fetch-tags: false
2026-09-13T15:46:53.2080333Z   show-progress: true
2026-09-13T15:46:53.2080803Z   lfs: false
2026-09-13T15:46:53.2081243Z   submodules: false
2026-09-13T15:46:53.2081703Z   set-safe-directory: true
2026-09-13T15:46:53.2082371Z   allow-unsafe-pr-checkout: false
2026-09-13T15:46:53.2083108Z ##[endgroup]
2026-09-13T15:46:53.3124829Z Syncing repository: qcznlp/embedding-optimizer-study
2026-09-13T15:46:53.3127911Z ##[group]Getting Git version info
2026-09-13T15:46:53.3129668Z Working directory is '/home/runner/work/embedding-optimizer-study/embedding-optimizer-study'
2026-09-13T15:46:53.3131717Z [command]/usr/bin/git version
2026-09-13T15:46:53.3196152Z git version 2.55.0
2026-09-13T15:46:53.3218976Z ##[endgroup]
2026-09-13T15:46:53.3234024Z Temporarily overriding HOME='/home/runner/work/_temp/d00032b6-d7c3-46d9-871f-7a056cc7e541' before making global git config changes
2026-09-13T15:46:53.3240488Z Adding repository directory to the temporary git global config as a safe directory
2026-09-13T15:46:53.3241903Z [command]/usr/bin/git config --global --add safe.directory /home/runner/work/embedding-optimizer-study/embedding-optimizer-study
2026-09-13T15:46:53.3295001Z Deleting the contents of '/home/runner/work/embedding-optimizer-study/embedding-optimizer-study'
2026-09-13T15:46:53.3298848Z ##[group]Determining repository object format
2026-09-13T15:46:53.3300583Z ##[endgroup]
2026-09-13T15:46:53.3302033Z ##[group]Initializing the repository
2026-09-13T15:46:53.3305524Z [command]/usr/bin/git init /home/runner/work/embedding-optimizer-study/embedding-optimizer-study
2026-09-13T15:46:53.3419161Z hint: Using 'master' as the name for the initial branch. This default branch name
2026-09-13T15:46:53.3420848Z hint: will change to "main" in Git 3.0. To configure the initial branch name
2026-09-13T15:46:53.3422545Z hint: to use in all of your new repositories, which will suppress this warning,
2026-09-13T15:46:53.3423727Z hint: call:
2026-09-13T15:46:53.3424372Z hint:
2026-09-13T15:46:53.3425195Z hint: 	git config --global init.defaultBranch <name>
2026-09-13T15:46:53.3426162Z hint:
2026-09-13T15:46:53.3427060Z hint: Names commonly chosen instead of 'master' are 'main', 'trunk' and
2026-09-13T15:46:53.3428549Z hint: 'development'. The just-created branch can be renamed via this command:
2026-09-13T15:46:53.3429714Z hint:
2026-09-13T15:46:53.3430352Z hint: 	git branch -m <name>
2026-09-13T15:46:53.3431139Z hint:
2026-09-13T15:46:53.3432029Z hint: Disable this message with "git config set advice.defaultBranchName false"
2026-09-13T15:46:53.3434124Z Initialized empty Git repository in /home/runner/work/embedding-optimizer-study/embedding-optimizer-study/.git/
2026-09-13T15:46:53.3438396Z [command]/usr/bin/git remote add origin https://github.com/qcznlp/embedding-optimizer-study
2026-09-13T15:46:53.3483268Z ##[endgroup]
2026-09-13T15:46:53.3484673Z ##[group]Disabling automatic garbage collection
2026-09-13T15:46:53.3491386Z [command]/usr/bin/git config --local gc.auto 0
2026-09-13T15:46:53.3527397Z ##[endgroup]
2026-09-13T15:46:53.3529415Z ##[group]Setting up auth
2026-09-13T15:46:53.3530457Z Removing SSH command configuration
2026-09-13T15:46:53.3535182Z [command]/usr/bin/git config --local --name-only --get-regexp core\.sshCommand
2026-09-13T15:46:53.3577227Z [command]/usr/bin/git submodule foreach --recursive sh -c "git config --local --name-only --get-regexp 'core\.sshCommand' && git config --local --unset-all 'core.sshCommand' || :"
2026-09-13T15:46:53.3945308Z Removing HTTP extra header
2026-09-13T15:46:53.3949608Z [command]/usr/bin/git config --local --name-only --get-regexp http\.https\:\/\/github\.com\/\.extraheader
2026-09-13T15:46:53.3993422Z [command]/usr/bin/git submodule foreach --recursive sh -c "git config --local --name-only --get-regexp 'http\.https\:\/\/github\.com\/\.extraheader' && git config --local --unset-all 'http.https://github.com/.extraheader' || :"
2026-09-13T15:46:53.4236595Z Removing includeIf entries pointing to credentials config files
2026-09-13T15:46:53.4241735Z [command]/usr/bin/git config --local --name-only --get-regexp ^includeIf\.gitdir:
2026-09-13T15:46:53.4289708Z [command]/usr/bin/git submodule foreach --recursive git config --local --show-origin --name-only --get-regexp remote.origin.url
2026-09-13T15:46:53.4534819Z [command]/usr/bin/git config --file /home/runner/work/_temp/git-credentials-43895531-e45f-4af6-91cc-636f9b1ff1c5.config http.https://github.com/.extraheader AUTHORIZATION: basic ***
2026-09-13T15:46:53.4577992Z [command]/usr/bin/git config --local includeIf.gitdir:/home/runner/work/embedding-optimizer-study/embedding-optimizer-study/.git.path /home/runner/work/_temp/git-credentials-43895531-e45f-4af6-91cc-636f9b1ff1c5.config
2026-09-13T15:46:53.4614208Z [command]/usr/bin/git config --local includeIf.gitdir:/home/runner/work/embedding-optimizer-study/embedding-optimizer-study/.git/worktrees/*.path /home/runner/work/_temp/git-credentials-43895531-e45f-4af6-91cc-636f9b1ff1c5.config
2026-09-13T15:46:53.4654502Z [command]/usr/bin/git config --local includeIf.gitdir:/github/workspace/.git.path /github/runner_temp/git-credentials-43895531-e45f-4af6-91cc-636f9b1ff1c5.config
2026-09-13T15:46:53.4690169Z [command]/usr/bin/git config --local includeIf.gitdir:/github/workspace/.git/worktrees/*.path /github/runner_temp/git-credentials-43895531-e45f-4af6-91cc-636f9b1ff1c5.config
2026-09-13T15:46:53.4723619Z ##[endgroup]
2026-09-13T15:46:53.4724747Z ##[group]Fetching the repository
2026-09-13T15:46:53.4730342Z [command]/usr/bin/git -c protocol.version=2 fetch --no-tags --prune --no-recurse-submodules origin +refs/heads/*:refs/remotes/origin/* +refs/tags/*:refs/tags/*
2026-09-13T15:46:59.7617815Z From https://github.com/qcznlp/embedding-optimizer-study
2026-09-13T15:46:59.7618575Z  * [new branch]        agent/audit-run-identity -> origin/agent/audit-run-identity
2026-09-13T15:46:59.7619246Z  * [new branch]        agent/audit-training-dynamics -> origin/agent/audit-training-dynamics
2026-09-13T15:46:59.7619983Z  * [new branch]        agent/checkpoint-artifact-audit -> origin/agent/checkpoint-artifact-audit
2026-09-13T15:46:59.7620602Z  * [new branch]        agent/ci-build-wheel -> origin/agent/ci-build-wheel
2026-09-13T15:46:59.7621274Z  * [new branch]        agent/corrected-execution-sensitivity -> origin/agent/corrected-execution-sensitivity
2026-09-13T15:46:59.7622066Z  * [new branch]        agent/corrected-retrieval-bridge -> origin/agent/corrected-retrieval-bridge
2026-09-13T15:46:59.7623471Z  * [new branch]        agent/dense-no-packing-retrain -> origin/agent/dense-no-packing-retrain
2026-09-13T15:46:59.7624378Z  * [new branch]        agent/document-optimizer-routing -> origin/agent/document-optimizer-routing
2026-09-13T15:46:59.7625134Z  * [new branch]        agent/document-third-muon-recovery -> origin/agent/document-third-muon-recovery
2026-09-13T15:46:59.7625822Z  * [new branch]        agent/finalize-public-handoff -> origin/agent/finalize-public-handoff
2026-09-13T15:46:59.7626888Z  * [new branch]        agent/handoff-live-status -> origin/agent/handoff-live-status
2026-09-13T15:46:59.7627753Z  * [new branch]        agent/package-evaluation-workers -> origin/agent/package-evaluation-workers
2026-09-13T15:46:59.7628436Z  * [new branch]        agent/package-study-metadata -> origin/agent/package-study-metadata
2026-09-13T15:46:59.7629131Z  * [new branch]        agent/posthoc-task-stability -> origin/agent/posthoc-task-stability
2026-09-13T15:46:59.7629823Z  * [new branch]        agent/shortlist-corpus-story -> origin/agent/shortlist-corpus-story
2026-09-13T15:46:59.7630798Z  * [new branch]        agent/upgrade-ci-actions -> origin/agent/upgrade-ci-actions
2026-09-13T15:46:59.7631467Z  * [new branch]        analysis/state-operator-completion -> origin/analysis/state-operator-completion
2026-09-13T15:46:59.7632460Z  * [new branch]        codex/checkpoint-1563-handoff -> origin/codex/checkpoint-1563-handoff
2026-09-13T15:46:59.7633135Z  * [new branch]        codex/state-operator-factorial -> origin/codex/state-operator-factorial
2026-09-13T15:46:59.7633767Z  * [new branch]        feat/muon-embedding-study -> origin/feat/muon-embedding-study
2026-09-13T15:46:59.7634271Z  * [new branch]        main                 -> origin/main
2026-09-13T15:46:59.7634887Z  * [new branch]        ops/publication-narrative-receipt -> origin/ops/publication-narrative-receipt
2026-09-13T15:46:59.7635578Z  * [new branch]        paper/corrected-layout-fixture -> origin/paper/corrected-layout-fixture
2026-09-13T15:46:59.7636331Z  * [new branch]        paper/corrected-outcome-propagation -> origin/paper/corrected-outcome-propagation
2026-09-13T15:46:59.7637947Z [command]/usr/bin/git branch --list --remote origin/main
2026-09-13T15:46:59.7675592Z   origin/main
2026-09-13T15:46:59.7683920Z [command]/usr/bin/git rev-parse refs/remotes/origin/main
2026-09-13T15:46:59.7711927Z 562eef8f34db15a58afe3a12580bbb58b6116a9e
2026-09-13T15:46:59.7715914Z ##[endgroup]
2026-09-13T15:46:59.7716709Z ##[group]Determining the checkout info
2026-09-13T15:46:59.7717480Z ##[endgroup]
2026-09-13T15:46:59.7721025Z [command]/usr/bin/git sparse-checkout disable
2026-09-13T15:46:59.7776205Z [command]/usr/bin/git config --local --unset-all extensions.worktreeConfig
2026-09-13T15:46:59.7811562Z ##[group]Checking out the ref
2026-09-13T15:46:59.7815809Z [command]/usr/bin/git checkout --progress --force -B main refs/remotes/origin/main
2026-09-13T15:47:01.0504850Z Updating files:  12% (1939/15373)
2026-09-13T15:47:01.0642937Z Updating files:  13% (1999/15373)
2026-09-13T15:47:01.0766289Z Updating files:  14% (2153/15373)
2026-09-13T15:47:01.0824698Z Updating files:  15% (2306/15373)
2026-09-13T15:47:01.1000477Z Updating files:  16% (2460/15373)
2026-09-13T15:47:01.2489619Z Updating files:  17% (2614/15373)
2026-09-13T15:47:01.3135498Z Updating files:  18% (2768/15373)
2026-09-13T15:47:01.4229438Z Updating files:  19% (2921/15373)
2026-09-13T15:47:01.5109777Z Updating files:  20% (3075/15373)
2026-09-13T15:47:01.5164277Z Updating files:  21% (3229/15373)
2026-09-13T15:47:01.6102765Z Updating files:  22% (3383/15373)
2026-09-13T15:47:01.6563255Z Updating files:  23% (3536/15373)
2026-09-13T15:47:01.6655435Z Updating files:  24% (3690/15373)
2026-09-13T15:47:01.6755531Z Updating files:  25% (3844/15373)
2026-09-13T15:47:01.6829776Z Updating files:  26% (3997/15373)
2026-09-13T15:47:01.6899328Z Updating files:  27% (4151/15373)
2026-09-13T15:47:01.7076597Z Updating files:  28% (4305/15373)
2026-09-13T15:47:01.7696068Z Updating files:  29% (4459/15373)
2026-09-13T15:47:01.7834317Z Updating files:  30% (4612/15373)
2026-09-13T15:47:01.7988160Z Updating files:  31% (4766/15373)
2026-09-13T15:47:01.8028210Z Updating files:  32% (4920/15373)
2026-09-13T15:47:01.8143758Z Updating files:  32% (4951/15373)
2026-09-13T15:47:01.8236146Z Updating files:  33% (5074/15373)
2026-09-13T15:47:01.8300032Z Updating files:  34% (5227/15373)
2026-09-13T15:47:01.8360416Z Updating files:  35% (5381/15373)
2026-09-13T15:47:01.8419372Z Updating files:  36% (5535/15373)
2026-09-13T15:47:01.8534070Z Updating files:  37% (5689/15373)
2026-09-13T15:47:01.8667476Z Updating files:  38% (5842/15373)
2026-09-13T15:47:01.8806195Z Updating files:  39% (5996/15373)
2026-09-13T15:47:01.8939137Z Updating files:  40% (6150/15373)
2026-09-13T15:47:01.9119653Z Updating files:  41% (6303/15373)
2026-09-13T15:47:01.9253871Z Updating files:  42% (6457/15373)
2026-09-13T15:47:01.9731914Z Updating files:  43% (6611/15373)
2026-09-13T15:47:01.9919452Z Updating files:  44% (6765/15373)
2026-09-13T15:47:02.1049605Z Updating files:  45% (6918/15373)
2026-09-13T15:47:02.1369962Z Updating files:  46% (7072/15373)
2026-09-13T15:47:02.1420912Z Updating files:  47% (7226/15373)
2026-09-13T15:47:02.1471393Z Updating files:  48% (7380/15373)
2026-09-13T15:47:02.1572592Z Updating files:  49% (7533/15373)
2026-09-13T15:47:02.1948002Z Updating files:  50% (7687/15373)
2026-09-13T15:47:02.2114706Z Updating files:  51% (7841/15373)
2026-09-13T15:47:02.2586371Z Updating files:  52% (7994/15373)
2026-09-13T15:47:02.3028661Z Updating files:  53% (8148/15373)
2026-09-13T15:47:02.4602758Z Updating files:  54% (8302/15373)
2026-09-13T15:47:02.5541797Z Updating files:  55% (8456/15373)
2026-09-13T15:47:02.6227602Z Updating files:  56% (8609/15373)
2026-09-13T15:47:02.6347195Z Updating files:  57% (8763/15373)
2026-09-13T15:47:02.6894696Z Updating files:  58% (8917/15373)
2026-09-13T15:47:02.7814329Z Updating files:  59% (9071/15373)
2026-09-13T15:47:02.8031859Z Updating files:  60% (9224/15373)
2026-09-13T15:47:02.8082966Z Updating files:  60% (9347/15373)
2026-09-13T15:47:02.8554609Z Updating files:  61% (9378/15373)
2026-09-13T15:47:02.8607261Z Updating files:  62% (9532/15373)
2026-09-13T15:47:02.9062874Z Updating files:  63% (9685/15373)
2026-09-13T15:47:02.9128473Z Updating files:  64% (9839/15373)
2026-09-13T15:47:02.9187548Z Updating files:  65% (9993/15373)
2026-09-13T15:47:02.9304693Z Updating files:  66% (10147/15373)
2026-09-13T15:47:02.9396054Z Updating files:  67% (10300/15373)
2026-09-13T15:47:03.0029530Z Updating files:  68% (10454/15373)
2026-09-13T15:47:03.0399651Z Updating files:  69% (10608/15373)
2026-09-13T15:47:03.0605018Z Updating files:  70% (10762/15373)
2026-09-13T15:47:03.1080708Z Updating files:  71% (10915/15373)
2026-09-13T15:47:03.1396992Z Updating files:  72% (11069/15373)
2026-09-13T15:47:03.1569310Z Updating files:  73% (11223/15373)
2026-09-13T15:47:03.2405789Z Updating files:  74% (11377/15373)
2026-09-13T15:47:03.2812951Z Updating files:  75% (11530/15373)
2026-09-13T15:47:03.2984919Z Updating files:  76% (11684/15373)
2026-09-13T15:47:03.3174116Z Updating files:  77% (11838/15373)
2026-09-13T15:47:03.3301317Z Updating files:  78% (11991/15373)
2026-09-13T15:47:03.3411016Z Updating files:  79% (12145/15373)
2026-09-13T15:47:03.3517239Z Updating files:  80% (12299/15373)
2026-09-13T15:47:03.3617315Z Updating files:  81% (12453/15373)
2026-09-13T15:47:03.3713529Z Updating files:  82% (12606/15373)
2026-09-13T15:47:03.3813317Z Updating files:  83% (12760/15373)
2026-09-13T15:47:03.3910638Z Updating files:  84% (12914/15373)
2026-09-13T15:47:03.4008384Z Updating files:  85% (13068/15373)
2026-09-13T15:47:03.4104655Z Updating files:  86% (13221/15373)
2026-09-13T15:47:03.4213456Z Updating files:  87% (13375/15373)
2026-09-13T15:47:03.4309569Z Updating files:  88% (13529/15373)
2026-09-13T15:47:03.4401164Z Updating files:  89% (13682/15373)
2026-09-13T15:47:03.4491503Z Updating files:  90% (13836/15373)
2026-09-13T15:47:03.4578586Z Updating files:  91% (13990/15373)
2026-09-13T15:47:03.4661878Z Updating files:  92% (14144/15373)
2026-09-13T15:47:03.4978750Z Updating files:  93% (14297/15373)
2026-09-13T15:47:03.5078087Z Updating files:  94% (14451/15373)
2026-09-13T15:47:03.6368015Z Updating files:  95% (14605/15373)
2026-09-13T15:47:03.6523439Z Updating files:  96% (14759/15373)
2026-09-13T15:47:03.6691838Z Updating files:  97% (14912/15373)
2026-09-13T15:47:03.6853462Z Updating files:  98% (15066/15373)
2026-09-13T15:47:03.6995906Z Updating files:  99% (15220/15373)
2026-09-13T15:47:03.6996445Z Updating files: 100% (15373/15373)
2026-09-13T15:47:03.6996929Z Updating files: 100% (15373/15373), done.
2026-09-13T15:47:03.7402561Z Switched to a new branch 'main'
2026-09-13T15:47:03.7407298Z branch 'main' set up to track 'origin/main'.
2026-09-13T15:47:03.7479312Z ##[endgroup]
2026-09-13T15:47:03.7531918Z [command]/usr/bin/git log -1 --format=%H
2026-09-13T15:47:03.7563892Z 562eef8f34db15a58afe3a12580bbb58b6116a9e
2026-09-13T15:47:03.7836685Z ##[group]Run astral-sh/setup-uv@v10.0.1
2026-09-13T15:47:03.7837012Z with:
2026-09-13T15:47:03.7837222Z   python-version: 3.12
2026-09-13T15:47:03.7837460Z   enable-cache: true
2026-09-13T15:47:03.7837700Z   activate-environment: false
2026-09-13T15:47:03.7837962Z   no-project: false
2026-09-13T15:47:03.7838371Z   working-directory: /home/runner/work/embedding-optimizer-study/embedding-optimizer-study
2026-09-13T15:47:03.7840922Z   github-token: ***
2026-09-13T15:47:03.7841519Z   cache-dependency-glob: **/*requirements*.txt
**/*requirements*.in
**/*constraints*.txt
**/*constraints*.in
**/pyproject.toml
**/uv.lock
**/*.py.lock

2026-09-13T15:47:03.7842382Z   restore-cache: true
2026-09-13T15:47:03.7842614Z   save-cache: true
2026-09-13T15:47:03.7842832Z   prune-cache: false
2026-09-13T15:47:03.7843057Z   cache-python: false
2026-09-13T15:47:03.7843299Z   ignore-nothing-to-cache: false
2026-09-13T15:47:03.7843572Z   ignore-empty-workdir: false
2026-09-13T15:47:03.7843906Z   download-from-astral-mirror: true
2026-09-13T15:47:03.7844207Z   add-problem-matchers: true
2026-09-13T15:47:03.7844459Z   quiet: false
2026-09-13T15:47:03.7844687Z   resolution-strategy: highest
2026-09-13T15:47:03.7844939Z ##[endgroup]
2026-09-13T15:47:03.9656097Z Trying to find version for uv in: /home/runner/work/embedding-optimizer-study/embedding-optimizer-study/uv.toml
2026-09-13T15:47:03.9657629Z Could not find file: /home/runner/work/embedding-optimizer-study/embedding-optimizer-study/uv.toml
2026-09-13T15:47:03.9659119Z Trying to find version for uv in: /home/runner/work/embedding-optimizer-study/embedding-optimizer-study/pyproject.toml
2026-09-13T15:47:03.9676285Z Could not determine uv version from uv.toml or pyproject.toml. Falling back to latest.
2026-09-13T15:47:03.9681682Z Fetching manifest data from https://raw.githubusercontent.com/astral-sh/versions/main/v1/uv.ndjson ...
2026-09-13T15:47:04.0204421Z Downloading uv from "https://releases.astral.sh/github/uv/releases/download/0.12.13/uv-x86_64-unknown-linux-gnu.tar.gz" ...
2026-09-13T15:47:04.1844684Z [command]/usr/bin/tar xz --warning=no-unknown-keyword --overwrite -C /home/runner/work/_temp/a58519bc-d397-4219-8e4d-b6befcadb933 -f /home/runner/work/_temp/cc8a808b-b1a6-472c-86de-2bb6766d39dd
2026-09-13T15:47:04.5863698Z Added /home/runner/.local/bin to the path
2026-09-13T15:47:04.5882996Z Added /opt/hostedtoolcache/uv/0.12.13/x86_64 to the path
2026-09-13T15:47:04.5883704Z Set UV_PYTHON_INSTALL_DIR to /home/runner/work/_temp/uv-python-dir
2026-09-13T15:47:04.5884365Z Added /home/runner/work/_temp/uv-python-dir to the path
2026-09-13T15:47:04.5884862Z Set UV_PYTHON to 3.12
2026-09-13T15:47:04.5907908Z Set UV_CACHE_DIR to /home/runner/work/_temp/setup-uv-cache
2026-09-13T15:47:04.5908534Z Successfully installed uv version 0.12.13
2026-09-13T15:47:04.5913088Z Searching files using cache dependency glob: /home/runner/work/embedding-optimizer-study/embedding-optimizer-study/**/*requirements*.txt,/home/runner/work/embedding-optimizer-study/embedding-optimizer-study/**/*requirements*.in,/home/runner/work/embedding-optimizer-study/embedding-optimizer-study/**/*constraints*.txt,/home/runner/work/embedding-optimizer-study/embedding-optimizer-study/**/*constraints*.in,/home/runner/work/embedding-optimizer-study/embedding-optimizer-study/**/pyproject.toml,/home/runner/work/embedding-optimizer-study/embedding-optimizer-study/**/uv.lock,/home/runner/work/embedding-optimizer-study/embedding-optimizer-study/**/*.py.lock
2026-09-13T15:47:04.6210407Z /home/runner/work/embedding-optimizer-study/embedding-optimizer-study/configs/formal_runtime_constraints.txt
2026-09-13T15:47:04.6358488Z /home/runner/work/embedding-optimizer-study/embedding-optimizer-study/pyproject.toml
2026-09-13T15:47:04.9504729Z /home/runner/work/embedding-optimizer-study/embedding-optimizer-study/reports/engineering-archive/dense-v3-current-paper-entry-v1/actual/before/pyproject.toml
2026-09-13T15:47:04.9588706Z /home/runner/work/embedding-optimizer-study/embedding-optimizer-study/reports/engineering-archive/dense-v3-current-paper-entry-v1/source-current/pyproject.toml
2026-09-13T15:47:05.0239275Z /home/runner/work/embedding-optimizer-study/embedding-optimizer-study/reports/engineering-archive/dense-v3-distribution-recovery-surface-v1/baseline/pyproject.toml
2026-09-13T15:47:05.0252384Z /home/runner/work/embedding-optimizer-study/embedding-optimizer-study/reports/engineering-archive/dense-v3-distribution-recovery-surface-v1/expanded/pyproject.toml
2026-09-13T15:47:05.1268718Z /home/runner/work/embedding-optimizer-study/embedding-optimizer-study/reports/engineering-archive/dense-v3-factorial-calibration-v1/actual/source-first/configs/formal_runtime_constraints.txt
2026-09-13T15:47:05.1286641Z /home/runner/work/embedding-optimizer-study/embedding-optimizer-study/reports/engineering-archive/dense-v3-factorial-calibration-v1/actual/source-first/requirements-formal-flash.txt
2026-09-13T15:47:05.1352735Z /home/runner/work/embedding-optimizer-study/embedding-optimizer-study/reports/engineering-archive/dense-v3-factorial-calibration-v1/actual/source-second/configs/formal_runtime_constraints.txt
2026-09-13T15:47:05.1368110Z /home/runner/work/embedding-optimizer-study/embedding-optimizer-study/reports/engineering-archive/dense-v3-factorial-calibration-v1/actual/source-second/requirements-formal-flash.txt
2026-09-13T15:47:05.1427799Z /home/runner/work/embedding-optimizer-study/embedding-optimizer-study/reports/engineering-archive/dense-v3-factorial-calibration-v1/actual/source-third/configs/formal_runtime_constraints.txt
2026-09-13T15:47:05.1442296Z /home/runner/work/embedding-optimizer-study/embedding-optimizer-study/reports/engineering-archive/dense-v3-factorial-calibration-v1/actual/source-third/requirements-formal-flash.txt
2026-09-13T15:47:05.1531460Z /home/runner/work/embedding-optimizer-study/embedding-optimizer-study/reports/engineering-archive/dense-v3-factorial-factory-v1/actual/source-first/configs/formal_runtime_constraints.txt
2026-09-13T15:47:05.1547008Z /home/runner/work/embedding-optimizer-study/embedding-optimizer-study/reports/engineering-archive/dense-v3-factorial-factory-v1/actual/source-first/requirements-formal-flash.txt
2026-09-13T15:47:05.2543570Z /home/runner/work/embedding-optimizer-study/embedding-optimizer-study/reports/engineering-archive/dense-v3-factorial-run-contract-v1/actual/source-fifth/configs/formal_runtime_constraints.txt
2026-09-13T15:47:05.2559279Z /home/runner/work/embedding-optimizer-study/embedding-optimizer-study/reports/engineering-archive/dense-v3-factorial-run-contract-v1/actual/source-fifth/requirements-formal-flash.txt
2026-09-13T15:47:05.2627399Z /home/runner/work/embedding-optimizer-study/embedding-optimizer-study/reports/engineering-archive/dense-v3-factorial-run-contract-v1/actual/source-first/configs/formal_runtime_constraints.txt
2026-09-13T15:47:05.2643790Z /home/runner/work/embedding-optimizer-study/embedding-optimizer-study/reports/engineering-archive/dense-v3-factorial-run-contract-v1/actual/source-first/requirements-formal-flash.txt
2026-09-13T15:47:05.2709709Z /home/runner/work/embedding-optimizer-study/embedding-optimizer-study/reports/engineering-archive/dense-v3-factorial-run-contract-v1/actual/source-fourth/configs/formal_runtime_constraints.txt
2026-09-13T15:47:05.2725762Z /home/runner/work/embedding-optimizer-study/embedding-optimizer-study/reports/engineering-archive/dense-v3-factorial-run-contract-v1/actual/source-fourth/requirements-formal-flash.txt
2026-09-13T15:47:05.2787632Z /home/runner/work/embedding-optimizer-study/embedding-optimizer-study/reports/engineering-archive/dense-v3-factorial-run-contract-v1/actual/source-second/configs/formal_runtime_constraints.txt
2026-09-13T15:47:05.2801237Z /home/runner/work/embedding-optimizer-study/embedding-optimizer-study/reports/engineering-archive/dense-v3-factorial-run-contract-v1/actual/source-second/requirements-formal-flash.txt
2026-09-13T15:47:05.2869515Z /home/runner/work/embedding-optimizer-study/embedding-optimizer-study/reports/engineering-archive/dense-v3-factorial-run-contract-v1/actual/source-third/configs/formal_runtime_constraints.txt
2026-09-13T15:47:05.2885678Z /home/runner/work/embedding-optimizer-study/embedding-optimizer-study/reports/engineering-archive/dense-v3-factorial-run-contract-v1/actual/source-third/requirements-formal-flash.txt
2026-09-13T15:47:05.3090689Z /home/runner/work/embedding-optimizer-study/embedding-optimizer-study/reports/engineering-archive/dense-v3-factorial-trainer-integration-v2/actual/source-first/configs/formal_runtime_constraints.txt
2026-09-13T15:47:05.3111793Z /home/runner/work/embedding-optimizer-study/embedding-optimizer-study/reports/engineering-archive/dense-v3-factorial-trainer-integration-v2/actual/source-first/requirements-formal-flash.txt
2026-09-13T15:47:05.3200706Z /home/runner/work/embedding-optimizer-study/embedding-optimizer-study/reports/engineering-archive/dense-v3-factorial-trainer-integration-v2/actual/source-gradient/configs/formal_runtime_constraints.txt
2026-09-13T15:47:05.3216599Z /home/runner/work/embedding-optimizer-study/embedding-optimizer-study/reports/engineering-archive/dense-v3-factorial-trainer-integration-v2/actual/source-gradient/requirements-formal-flash.txt
2026-09-13T15:47:05.3270376Z /home/runner/work/embedding-optimizer-study/embedding-optimizer-study/reports/engineering-archive/dense-v3-factorial-trainer-integration-v2/actual/source-second/configs/formal_runtime_constraints.txt
2026-09-13T15:47:05.3285765Z /home/runner/work/embedding-optimizer-study/embedding-optimizer-study/reports/engineering-archive/dense-v3-factorial-trainer-integration-v2/actual/source-second/requirements-formal-flash.txt
2026-09-13T15:47:05.3343753Z /home/runner/work/embedding-optimizer-study/embedding-optimizer-study/reports/engineering-archive/dense-v3-factorial-trainer-integration-v2/actual/source-third/configs/formal_runtime_constraints.txt
2026-09-13T15:47:05.3359161Z /home/runner/work/embedding-optimizer-study/embedding-optimizer-study/reports/engineering-archive/dense-v3-factorial-trainer-integration-v2/actual/source-third/requirements-formal-flash.txt
2026-09-13T15:47:05.3494183Z /home/runner/work/embedding-optimizer-study/embedding-optimizer-study/reports/engineering-archive/dense-v3-factorial-worker-v1/actual/source-final/configs/formal_runtime_constraints.txt
2026-09-13T15:47:05.3508329Z /home/runner/work/embedding-optimizer-study/embedding-optimizer-study/reports/engineering-archive/dense-v3-factorial-worker-v1/actual/source-final/requirements-formal-flash.txt
2026-09-13T15:47:05.5786274Z /home/runner/work/embedding-optimizer-study/embedding-optimizer-study/reports/engineering-archive/dense-v3-numerical-source-integration-v1/after/pyproject.toml
2026-09-13T15:47:05.5813873Z /home/runner/work/embedding-optimizer-study/embedding-optimizer-study/reports/engineering-archive/dense-v3-numerical-source-integration-v1/before/pyproject.toml
2026-09-13T15:47:05.6305762Z /home/runner/work/embedding-optimizer-study/embedding-optimizer-study/reports/engineering-archive/dense-v3-portable-factorial-checkpoint-v1/after/pyproject.toml
2026-09-13T15:47:05.6326636Z /home/runner/work/embedding-optimizer-study/embedding-optimizer-study/reports/engineering-archive/dense-v3-portable-factorial-checkpoint-v1/before/pyproject.toml
2026-09-13T15:47:05.6373535Z /home/runner/work/embedding-optimizer-study/embedding-optimizer-study/reports/engineering-archive/dense-v3-portable-handoff-v1/after/pyproject.toml
2026-09-13T15:47:05.6383922Z /home/runner/work/embedding-optimizer-study/embedding-optimizer-study/reports/engineering-archive/dense-v3-portable-handoff-v1/before/pyproject.toml
2026-09-13T15:47:05.6443117Z /home/runner/work/embedding-optimizer-study/embedding-optimizer-study/reports/engineering-archive/dense-v3-portable-input-roles-v1/after/pyproject.toml
2026-09-13T15:47:05.6535331Z /home/runner/work/embedding-optimizer-study/embedding-optimizer-study/reports/engineering-archive/dense-v3-portable-restore-v1/after/pyproject.toml
2026-09-13T15:47:05.6545788Z /home/runner/work/embedding-optimizer-study/embedding-optimizer-study/reports/engineering-archive/dense-v3-portable-restore-v1/before/pyproject.toml
2026-09-13T15:47:05.6721774Z /home/runner/work/embedding-optimizer-study/embedding-optimizer-study/reports/engineering-archive/dense-v3-primary-launch-v1/assembled-source/configs/formal_runtime_constraints.txt
2026-09-13T15:47:05.6737114Z /home/runner/work/embedding-optimizer-study/embedding-optimizer-study/reports/engineering-archive/dense-v3-primary-launch-v1/assembled-source/requirements-formal-flash.txt
2026-09-13T15:47:05.8114015Z /home/runner/work/embedding-optimizer-study/embedding-optimizer-study/reports/engineering-archive/dense-v3-release-transition-v1/actual/before/pyproject.toml
2026-09-13T15:47:05.8749606Z /home/runner/work/embedding-optimizer-study/embedding-optimizer-study/reports/engineering-archive/dense-v3-versioned-paper-reproduction-v1/source/pyproject.toml
2026-09-13T15:47:05.9768434Z /home/runner/work/embedding-optimizer-study/embedding-optimizer-study/requirements-ci-flash-wheel.txt
2026-09-13T15:47:05.9775711Z /home/runner/work/embedding-optimizer-study/embedding-optimizer-study/requirements-formal-flash.txt
2026-09-13T15:47:05.9780805Z /home/runner/work/embedding-optimizer-study/embedding-optimizer-study/requirements-primary-replay.txt
2026-09-13T15:47:06.3216782Z /home/runner/work/embedding-optimizer-study/embedding-optimizer-study/uv.lock
2026-09-13T15:47:06.3237475Z Found 51 files to hash.
2026-09-13T15:47:06.3309936Z Trying to restore cache from GitHub Actions cache with key: setup-uv-2-x86_64-unknown-linux-gnu-ubuntu-24.04-3.12-8d71a381ddb771ef53d6cc61f2a42c25ec75ea515cdf2cf933dbb7b7e2393a20
2026-09-13T15:47:06.4183717Z No GitHub Actions cache found for key: setup-uv-2-x86_64-unknown-linux-gnu-ubuntu-24.04-3.12-8d71a381ddb771ef53d6cc61f2a42c25ec75ea515cdf2cf933dbb7b7e2393a20
2026-09-13T15:47:06.5361363Z ##[group]Run uv sync --extra dev --extra eval --extra analysis
2026-09-13T15:47:06.5361898Z [36;1muv sync --extra dev --extra eval --extra analysis[0m
2026-09-13T15:47:06.5408293Z shell: /usr/bin/bash -e {0}
2026-09-13T15:47:06.5408560Z env:
2026-09-13T15:47:06.5408857Z   UV_PYTHON_INSTALL_DIR: /home/runner/work/_temp/uv-python-dir
2026-09-13T15:47:06.5409440Z   UV_PYTHON: 3.12
2026-09-13T15:47:06.5409706Z   UV_CACHE_DIR: /home/runner/work/_temp/setup-uv-cache
2026-09-13T15:47:06.5410007Z ##[endgroup]
2026-09-13T15:47:06.6016862Z Using CPython 3.12.3 interpreter at: /usr/bin/python3.12
2026-09-13T15:47:06.6017442Z Creating virtual environment at: .venv
2026-09-13T15:47:06.6068856Z Resolved 135 packages in 1ms
2026-09-13T15:47:06.6287580Z    Building embedding-optimizer-study @ file:///home/runner/work/embedding-optimizer-study/embedding-optimizer-study
2026-09-13T15:47:06.6968978Z Downloading nvidia-cusolver-cu12 (255.1MiB)
2026-09-13T15:47:06.6972413Z Downloading nvidia-nvjitlink-cu12 (37.4MiB)
2026-09-13T15:47:06.6984377Z Downloading pyarrow (45.4MiB)
2026-09-13T15:47:06.6985269Z Downloading scipy (33.7MiB)
2026-09-13T15:47:06.6993040Z Downloading pandas (10.5MiB)
2026-09-13T15:47:06.6993492Z Downloading hf-xet (4.3MiB)
2026-09-13T15:47:06.6993889Z Downloading networkx (2.0MiB)
2026-09-13T15:47:06.6994209Z Downloading aiohttp (1.7MiB)
2026-09-13T15:47:06.6995856Z Downloading pygments (1.2MiB)
2026-09-13T15:47:06.6997184Z Downloading nvidia-cufile-cu12 (1.1MiB)
2026-09-13T15:47:06.6998428Z Downloading setuptools (1.0MiB)
2026-09-13T15:47:06.7049750Z Downloading transformers (10.2MiB)
2026-09-13T15:47:06.7051711Z Downloading pillow (6.6MiB)
2026-09-13T15:47:06.7054096Z Downloading fonttools (4.8MiB)
2026-09-13T15:47:06.7055492Z Downloading triton (162.6MiB)
2026-09-13T15:47:06.7057213Z Downloading matplotlib (9.6MiB)
2026-09-13T15:47:06.7058552Z Downloading nvidia-nvshmem-cu12 (118.9MiB)
2026-09-13T15:47:06.7060898Z Downloading pydantic-core (2.0MiB)
2026-09-13T15:47:06.7062361Z Downloading tokenizers (3.1MiB)
2026-09-13T15:47:06.7063878Z Downloading polars-runtime-32 (54.6MiB)
2026-09-13T15:47:06.7065428Z Downloading nvidia-cuda-nvrtc-cu12 (84.0MiB)
2026-09-13T15:47:06.7066790Z Downloading nvidia-cusparse-cu12 (274.9MiB)
2026-09-13T15:47:06.7068351Z Downloading nvidia-cufft-cu12 (184.2MiB)
2026-09-13T15:47:06.7069985Z Downloading kiwisolver (1.4MiB)
2026-09-13T15:47:06.7071757Z Downloading nvidia-nccl-cu12 (307.4MiB)
2026-09-13T15:47:06.7073343Z Downloading nvidia-cuda-cupti-cu12 (9.8MiB)
2026-09-13T15:47:06.7075069Z Downloading nvidia-curand-cu12 (60.7MiB)
2026-09-13T15:47:06.7076515Z Downloading nvidia-cusparselt-cu12 (273.9MiB)
2026-09-13T15:47:06.7078256Z Downloading usearch (2.3MiB)
2026-09-13T15:47:06.7079922Z Downloading nvidia-cudnn-cu12 (674.0MiB)
2026-09-13T15:47:06.7081570Z Downloading nvidia-cublas-cu12 (566.8MiB)
2026-09-13T15:47:06.7083264Z Downloading numpy (15.9MiB)
2026-09-13T15:47:06.7085114Z Downloading scikit-learn (8.7MiB)
2026-09-13T15:47:06.7086876Z Downloading numkong (10.0MiB)
2026-09-13T15:47:06.7089778Z Downloading sympy (6.0MiB)
2026-09-13T15:47:06.7091232Z Downloading torch (858.1MiB)
2026-09-13T15:47:06.7094415Z Downloading ruff (10.5MiB)
2026-09-13T15:47:06.7112051Z Downloading wandb (28.3MiB)
2026-09-13T15:47:06.7113137Z Downloading fast-plaid (2.0MiB)
2026-09-13T15:47:06.7115283Z Downloading mteb (5.9MiB)
2026-09-13T15:47:07.4745320Z  Downloaded kiwisolver
2026-09-13T15:47:07.6332590Z  Downloaded setuptools
2026-09-13T15:47:07.7877497Z  Downloaded nvidia-cufile-cu12
2026-09-13T15:47:07.9473750Z  Downloaded aiohttp
2026-09-13T15:47:07.9485854Z  Downloaded pygments
2026-09-13T15:47:08.0428883Z  Downloaded networkx
2026-09-13T15:47:08.0442998Z  Downloaded pydantic-core
2026-09-13T15:47:08.0468001Z  Downloaded fast-plaid
2026-09-13T15:47:08.1856926Z  Downloaded usearch
2026-09-13T15:47:09.0824030Z  Downloaded tokenizers
2026-09-13T15:47:09.4326912Z  Downloaded hf-xet
2026-09-13T15:47:09.6468377Z  Downloaded fonttools
2026-09-13T15:47:09.7790192Z    Building docopt==0.6.2
2026-09-13T15:47:09.9862440Z  Downloaded pillow
2026-09-13T15:47:10.0253416Z  Downloaded sympy
2026-09-13T15:47:10.0963316Z  Downloaded mteb
2026-09-13T15:47:10.2514322Z  Downloaded scikit-learn
2026-09-13T15:47:10.3873432Z  Downloaded numkong
2026-09-13T15:47:10.3874358Z  Downloaded nvidia-cuda-cupti-cu12
2026-09-13T15:47:10.3902268Z  Downloaded matplotlib
2026-09-13T15:47:10.4581078Z  Downloaded ruff
2026-09-13T15:47:10.4680730Z  Downloaded pandas
2026-09-13T15:47:10.4689093Z  Downloaded transformers
2026-09-13T15:47:10.9403770Z  Downloaded numpy
2026-09-13T15:47:11.7949459Z  Downloaded wandb
2026-09-13T15:47:12.0083741Z       Built docopt==0.6.2
2026-09-13T15:47:12.1211678Z  Downloaded scipy
2026-09-13T15:47:12.2506555Z  Downloaded nvidia-nvjitlink-cu12
2026-09-13T15:47:12.3241938Z       Built embedding-optimizer-study @ file:///home/runner/work/embedding-optimizer-study/embedding-optimizer-study
2026-09-13T15:47:12.6123735Z  Downloaded pyarrow
2026-09-13T15:47:12.9439999Z  Downloaded polars-runtime-32
2026-09-13T15:47:13.1705596Z  Downloaded nvidia-curand-cu12
2026-09-13T15:47:13.9292500Z  Downloaded nvidia-cuda-nvrtc-cu12
2026-09-13T15:47:15.0211461Z  Downloaded nvidia-nvshmem-cu12
2026-09-13T15:47:16.5221770Z  Downloaded triton
2026-09-13T15:47:16.5483662Z  Downloaded nvidia-cufft-cu12
2026-09-13T15:47:18.1943683Z  Downloaded nvidia-cusolver-cu12
2026-09-13T15:47:18.2008548Z  Downloaded nvidia-cusparse-cu12
2026-09-13T15:47:18.2809266Z  Downloaded nvidia-cusparselt-cu12
2026-09-13T15:47:19.1306263Z  Downloaded nvidia-nccl-cu12
2026-09-13T15:47:22.9819766Z  Downloaded nvidia-cublas-cu12
2026-09-13T15:47:24.2416643Z  Downloaded nvidia-cudnn-cu12
2026-09-13T15:47:25.4144947Z  Downloaded torch
2026-09-13T15:47:25.4264983Z Prepared 118 packages in 18.81s
2026-09-13T15:47:27.5975667Z Installed 118 packages in 2.17s
2026-09-13T15:47:27.5976491Z  + accelerate==1.14.0
2026-09-13T15:47:27.5977002Z  + aiohappyeyeballs==2.7.1
2026-09-13T15:47:27.5977498Z  + aiohttp==3.14.3
2026-09-13T15:47:27.5982816Z  + aiosignal==1.4.0
2026-09-13T15:47:27.5983163Z  + annotated-doc==0.0.5
2026-09-13T15:47:27.5983558Z  + annotated-types==0.8.0
2026-09-13T15:47:27.5983943Z  + anyio==4.14.2
2026-09-13T15:47:27.5984267Z  + attrs==26.1.0
2026-09-13T15:47:27.5984599Z  + certifi==2026.7.22
2026-09-13T15:47:27.5984945Z  + cffconvert==2.0.0
2026-09-13T15:47:27.5985305Z  + charset-normalizer==3.5.1
2026-09-13T15:47:27.5985677Z  + click==8.4.2
2026-09-13T15:47:27.5985984Z  + contourpy==1.3.3
2026-09-13T15:47:27.5986311Z  + coverage==7.15.4
2026-09-13T15:47:27.5986638Z  + cycler==0.12.1
2026-09-13T15:47:27.5986962Z  + datasets==4.8.5
2026-09-13T15:47:27.5987305Z  + dill==0.4.1
2026-09-13T15:47:27.5987578Z  + docopt==0.6.2
2026-09-13T15:47:27.5988385Z  + embedding-optimizer-study==0.1.0 (from file:///home/runner/work/embedding-optimizer-study/embedding-optimizer-study)
2026-09-13T15:47:27.5989299Z  + fast-plaid==1.6.0.290
2026-09-13T15:47:27.5989654Z  + fastkmeans==0.5.0
2026-09-13T15:47:27.5989981Z  + filelock==3.32.3
2026-09-13T15:47:27.5990307Z  + fonttools==4.63.0
2026-09-13T15:47:27.5990625Z  + frozenlist==1.8.0
2026-09-13T15:47:27.5990933Z  + fsspec==2026.2.0
2026-09-13T15:47:27.5991235Z  + h11==0.16.0
2026-09-13T15:47:27.5991536Z  + hf-xet==1.6.0
2026-09-13T15:47:27.5991846Z  + httpcore==1.0.9
2026-09-13T15:47:27.5992342Z  + httpx==0.28.1
2026-09-13T15:47:27.5992669Z  + huggingface-hub==1.27.0
2026-09-13T15:47:27.5993032Z  + idna==3.18
2026-09-13T15:47:27.5993333Z  + iniconfig==2.3.0
2026-09-13T15:47:27.5993646Z  + jinja2==3.1.6
2026-09-13T15:47:27.5993945Z  + joblib==1.5.3
2026-09-13T15:47:27.5994258Z  + jsonschema==3.2.0
2026-09-13T15:47:27.5996531Z  + kiwisolver==1.5.0
2026-09-13T15:47:27.5996941Z  + late-interaction-kernels==0.4.5
2026-09-13T15:47:27.5997403Z  + markdown-it-py==4.2.0
2026-09-13T15:47:27.5997797Z  + markupsafe==3.0.3
2026-09-13T15:47:27.5998153Z  + matplotlib==3.11.1
2026-09-13T15:47:27.5998490Z  + mdurl==0.1.2
2026-09-13T15:47:27.5998812Z  + mpmath==1.3.0
2026-09-13T15:47:27.5999129Z  + mteb==2.19.3
2026-09-13T15:47:27.5999817Z  + multidict==6.7.1
2026-09-13T15:47:27.6000168Z  + multiprocess==0.70.19
2026-09-13T15:47:27.6000538Z  + narwhals==2.24.0
2026-09-13T15:47:27.6000862Z  + networkx==3.6.1
2026-09-13T15:47:27.6001200Z  + ninja==1.11.1.4
2026-09-13T15:47:27.6001530Z  + numkong==7.8.0
2026-09-13T15:47:27.6001856Z  + numpy==2.5.2
2026-09-13T15:47:27.6002384Z  + nvidia-cublas-cu12==12.8.4.1
2026-09-13T15:47:27.6003042Z  + nvidia-cuda-cupti-cu12==12.8.90
2026-09-13T15:47:27.6003484Z  + nvidia-cuda-nvrtc-cu12==12.8.93
2026-09-13T15:47:27.6003931Z  + nvidia-cuda-runtime-cu12==12.8.90
2026-09-13T15:47:27.6004388Z  + nvidia-cudnn-cu12==9.10.2.21
2026-09-13T15:47:27.6004809Z  + nvidia-cufft-cu12==11.3.3.83
2026-09-13T15:47:27.6005211Z  + nvidia-cufile-cu12==1.13.1.3
2026-09-13T15:47:27.6005621Z  + nvidia-curand-cu12==10.3.9.90
2026-09-13T15:47:27.6006043Z  + nvidia-cusolver-cu12==11.7.3.90
2026-09-13T15:47:27.6006485Z  + nvidia-cusparse-cu12==12.5.8.93
2026-09-13T15:47:27.6006932Z  + nvidia-cusparselt-cu12==0.7.1
2026-09-13T15:47:27.6007372Z  + nvidia-nccl-cu12==2.27.5
2026-09-13T15:47:27.6007794Z  + nvidia-nvjitlink-cu12==12.8.93
2026-09-13T15:47:27.6008236Z  + nvidia-nvshmem-cu12==3.3.20
2026-09-13T15:47:27.6008839Z  + nvidia-nvtx-cu12==12.8.90
2026-09-13T15:47:27.6009291Z  + opentelemetry-api==1.44.0
2026-09-13T15:47:27.6009685Z  + packaging==26.3
2026-09-13T15:47:27.6010032Z  + pandas==3.0.5
2026-09-13T15:47:27.6010371Z  + pillow==12.3.0
2026-09-13T15:47:27.6010713Z  + platformdirs==4.11.3
2026-09-13T15:47:27.6011081Z  + pluggy==1.6.0
2026-09-13T15:47:27.6011415Z  + polars==1.43.2
2026-09-13T15:47:27.6011766Z  + polars-runtime-32==1.43.2
2026-09-13T15:47:27.6012292Z  + propcache==0.5.2
2026-09-13T15:47:27.6012638Z  + protobuf==7.35.1
2026-09-13T15:47:27.6012978Z  + psutil==7.2.2
2026-09-13T15:47:27.6013311Z  + pyarrow==23.0.1
2026-09-13T15:47:27.6013643Z  + pydantic==2.13.4
2026-09-13T15:47:27.6014008Z  + pydantic-core==2.46.4
2026-09-13T15:47:27.6014475Z  + pygments==2.20.0
2026-09-13T15:47:27.6014799Z  + pykwalify==1.8.0
2026-09-13T15:47:27.6015155Z  + pylate==1.6.0
2026-09-13T15:47:27.6015487Z  + pyparsing==3.3.2
2026-09-13T15:47:27.6015806Z  + pyrsistent==0.20.0
2026-09-13T15:47:27.6016023Z  + pytest==9.1.1
2026-09-13T15:47:27.6016228Z  + pytest-cov==7.1.0
2026-09-13T15:47:27.6016455Z  + python-dateutil==2.9.0.post0
2026-09-13T15:47:27.6016726Z  + pytrec-eval-terrier==0.5.10
2026-09-13T15:47:27.6017163Z  + pyyaml==6.0.3
2026-09-13T15:47:27.6017495Z  + regex==2026.7.19
2026-09-13T15:47:27.6017825Z  + requests==2.34.2
2026-09-13T15:47:27.6018152Z  + rich==15.0.0
2026-09-13T15:47:27.6018485Z  + ruamel-yaml==0.19.1
2026-09-13T15:47:27.6018835Z  + ruff==0.16.3
2026-09-13T15:47:27.6019038Z  + safetensors==0.8.0
2026-09-13T15:47:27.6019253Z  + scikit-learn==1.9.0
2026-09-13T15:47:27.6019465Z  + scipy==1.18.0
2026-09-13T15:47:27.6019678Z  + sentence-transformers==5.7.0
2026-09-13T15:47:27.6019919Z  + sentry-sdk==2.68.0
2026-09-13T15:47:27.6020139Z  + setuptools==81.0.0
2026-09-13T15:47:27.6020407Z  + shellingham==1.5.4
2026-09-13T15:47:27.6020618Z  + six==1.17.0
2026-09-13T15:47:27.6020864Z  + sympy==1.14.0
2026-09-13T15:47:27.6021097Z  + threadpoolctl==3.6.0
2026-09-13T15:47:27.6021351Z  + tokenizers==0.22.2
2026-09-13T15:47:27.6021663Z  + torch==2.9.0
2026-09-13T15:47:27.6021891Z  + tqdm==4.70.0
2026-09-13T15:47:27.6022545Z  + transformers==5.3.0
2026-09-13T15:47:27.6022903Z  + triton==3.5.0
2026-09-13T15:47:27.6023208Z  + typer==0.27.1
2026-09-13T15:47:27.6023504Z  + typing-extensions==4.16.0
2026-09-13T15:47:27.6023761Z  + typing-inspection==0.4.4
2026-09-13T15:47:27.6023989Z  + ujson==5.12.0
2026-09-13T15:47:27.6024185Z  + urllib3==2.7.0
2026-09-13T15:47:27.6024385Z  + usearch==2.26.0
2026-09-13T15:47:27.6024584Z  + wandb==0.28.2
2026-09-13T15:47:27.6024778Z  + xxhash==4.0.0
2026-09-13T15:47:27.6024966Z  + yarl==1.24.5
2026-09-13T15:47:27.6313652Z ##[group]Run sudo apt-get update && sudo apt-get install -y latexmk texlive-latex-extra texlive-fonts-recommended poppler-utils
2026-09-13T15:47:27.6314581Z [36;1msudo apt-get update && sudo apt-get install -y latexmk texlive-latex-extra texlive-fonts-recommended poppler-utils[0m
2026-09-13T15:47:27.6354974Z shell: /usr/bin/bash -e {0}
2026-09-13T15:47:27.6355239Z env:
2026-09-13T15:47:27.6355524Z   UV_PYTHON_INSTALL_DIR: /home/runner/work/_temp/uv-python-dir
2026-09-13T15:47:27.6355862Z   UV_PYTHON: 3.12
2026-09-13T15:47:27.6356123Z   UV_CACHE_DIR: /home/runner/work/_temp/setup-uv-cache
2026-09-13T15:47:27.6356608Z ##[endgroup]
2026-09-13T15:47:29.5326753Z Get:1 file:/etc/apt/apt-mirrors.txt Mirrorlist [144 B]
2026-09-13T15:47:29.7294038Z Hit:2 http://azure.archive.ubuntu.com/ubuntu noble InRelease
2026-09-13T15:47:29.7294836Z Get:6 https://dl.google.com/linux/chrome-stable/deb stable InRelease [2548 B]
2026-09-13T15:47:29.7295983Z Get:7 https://packages.microsoft.com/ubuntu/24.04/prod noble InRelease [3600 B]
2026-09-13T15:47:29.7306648Z Get:3 http://azure.archive.ubuntu.com/ubuntu noble-updates InRelease [126 kB]
2026-09-13T15:47:29.7350353Z Get:4 http://azure.archive.ubuntu.com/ubuntu noble-backports InRelease [126 kB]
2026-09-13T15:47:29.7376584Z Get:5 http://azure.archive.ubuntu.com/ubuntu noble-security InRelease [126 kB]
2026-09-13T15:47:29.8837664Z Get:8 https://dl.google.com/linux/chrome-stable/deb stable/main amd64 Packages [1408 B]
2026-09-13T15:47:29.8944266Z Get:9 https://packages.microsoft.com/ubuntu/24.04/prod noble/main arm64 Packages [414 kB]
2026-09-13T15:47:29.9043759Z Get:10 https://packages.microsoft.com/ubuntu/24.04/prod noble/main amd64 Packages [463 kB]
2026-09-13T15:47:29.9515351Z Get:11 http://azure.archive.ubuntu.com/ubuntu noble-updates/main amd64 Packages [1263 kB]
2026-09-13T15:47:29.9590827Z Get:12 http://azure.archive.ubuntu.com/ubuntu noble-updates/main Translation-en [292 kB]
2026-09-13T15:47:29.9630102Z Get:13 http://azure.archive.ubuntu.com/ubuntu noble-updates/main amd64 Components [181 kB]
2026-09-13T15:47:29.9642436Z Get:14 http://azure.archive.ubuntu.com/ubuntu noble-updates/universe amd64 Packages [1690 kB]
2026-09-13T15:47:29.9765785Z Get:15 http://azure.archive.ubuntu.com/ubuntu noble-updates/universe amd64 Components [388 kB]
2026-09-13T15:47:29.9779055Z Get:16 http://azure.archive.ubuntu.com/ubuntu noble-updates/restricted amd64 Packages [1544 kB]
2026-09-13T15:47:29.9873870Z Get:17 http://azure.archive.ubuntu.com/ubuntu noble-updates/restricted Translation-en [354 kB]
2026-09-13T15:47:29.9896538Z Get:18 http://azure.archive.ubuntu.com/ubuntu noble-updates/multiverse amd64 Components [940 B]
2026-09-13T15:47:30.0119513Z Get:19 http://azure.archive.ubuntu.com/ubuntu noble-backports/main amd64 Components [5772 B]
2026-09-13T15:47:30.0136845Z Get:20 http://azure.archive.ubuntu.com/ubuntu noble-backports/universe amd64 Components [12.6 kB]
2026-09-13T15:47:30.1099396Z Get:21 http://azure.archive.ubuntu.com/ubuntu noble-security/main amd64 Packages [1006 kB]
2026-09-13T15:47:30.1163277Z Get:22 http://azure.archive.ubuntu.com/ubuntu noble-security/main Translation-en [213 kB]
2026-09-13T15:47:30.1186580Z Get:23 http://azure.archive.ubuntu.com/ubuntu noble-security/main amd64 Components [46.4 kB]
2026-09-13T15:47:30.1203171Z Get:24 http://azure.archive.ubuntu.com/ubuntu noble-security/universe amd64 Packages [1206 kB]
2026-09-13T15:47:30.1271704Z Get:25 http://azure.archive.ubuntu.com/ubuntu noble-security/universe amd64 Components [76.3 kB]
2026-09-13T15:47:30.1290914Z Get:26 http://azure.archive.ubuntu.com/ubuntu noble-security/restricted amd64 Packages [1445 kB]
2026-09-13T15:47:30.1366546Z Get:27 http://azure.archive.ubuntu.com/ubuntu noble-security/restricted Translation-en [336 kB]
2026-09-13T15:47:34.3974977Z Fetched 11.3 MB in 2s (5830 kB/s)
2026-09-13T15:47:35.2163235Z Reading package lists...
2026-09-13T15:47:35.2494087Z Reading package lists...
2026-09-13T15:47:35.4634841Z Building dependency tree...
2026-09-13T15:47:35.4643225Z Reading state information...
2026-09-13T15:47:35.6379261Z The following additional packages will be installed:
2026-09-13T15:47:35.6380035Z   ca-certificates-java cups-bsd cups-client cups-common default-jre
2026-09-13T15:47:35.6380818Z   default-jre-headless dvisvgm fonts-droid-fallback fonts-lmodern
2026-09-13T15:47:35.6381538Z   fonts-noto-mono fonts-texgyre fonts-texgyre-math fonts-urw-base35
2026-09-13T15:47:35.6382508Z   ghostscript gv libapache-pom-java libatk-wrapper-java
2026-09-13T15:47:35.6383260Z   libatk-wrapper-java-jni libbit-vector-perl libcarp-clan-perl
2026-09-13T15:47:35.6384031Z   libcommons-logging-java libcommons-parent-java libcrypt-rc4-perl
2026-09-13T15:47:35.6385291Z   libdate-calc-perl libdate-calc-xs-perl libdate-manip-perl
2026-09-13T15:47:35.6386004Z   libdigest-perl-md5-perl libfontbox-java libgif7 libgs-common libgs10
2026-09-13T15:47:35.6386773Z   libgs10-common libgumbo2 libidn12 libijs-0.35 libio-stringy-perl
2026-09-13T15:47:35.6387508Z   libjbig2dec0 libjcode-pm-perl libkpathsea6 libmotif-common libmujs3
2026-09-13T15:47:35.6388302Z   libole-storage-lite-perl libpaper-utils libpaper1 libparse-recdescent-perl
2026-09-13T15:47:35.6389140Z   libpcsclite1 libpdfbox-java libpoppler134 libpotrace0 libptexenc1
2026-09-13T15:47:35.6389944Z   libspreadsheet-parseexcel-perl libspreadsheet-writeexcel-perl libsynctex2
2026-09-13T15:47:35.6390849Z   libteckit0 libtexlua53-5 libunicode-map-perl libwoff1 libxcb-shape0 libxm4
2026-09-13T15:47:35.6391750Z   libxv1 libxxf86dga1 libzzip-0-13t64 lmodern mupdf-tools openjdk-21-jre
2026-09-13T15:47:35.6392877Z   openjdk-21-jre-headless poppler-data preview-latex-style t1utils tex-gyre
2026-09-13T15:47:35.6393794Z   texlive-base texlive-binaries texlive-latex-base texlive-latex-recommended
2026-09-13T15:47:35.6394582Z   texlive-pictures texlive-plain-generic tipa x11-utils xaw3dg
2026-09-13T15:47:35.6395173Z   xfonts-encodings xfonts-utils xpdf
2026-09-13T15:47:35.6396623Z Suggested packages:
2026-09-13T15:47:35.6397123Z   cups inetutils-inetd | inet-superserver update-inetd smbclient fonts-noto
2026-09-13T15:47:35.6397828Z   fonts-freefont-otf | fonts-freefont-ttf libavalon-framework-java
2026-09-13T15:47:35.6398332Z   libexcalibur-logkit-java liblog4j1.2-java pcscd libwww-perl libnss-mdns
2026-09-13T15:47:35.6398820Z   fonts-ipafont-gothic fonts-ipafont-mincho fonts-wqy-microhei
2026-09-13T15:47:35.6399295Z   | fonts-wqy-zenhei fonts-indic fonts-japanese-mincho | fonts-ipafont-mincho
2026-09-13T15:47:35.6399922Z   fonts-japanese-gothic | fonts-ipafont-gothic fonts-arphic-ukai
2026-09-13T15:47:35.6400502Z   fonts-arphic-uming fonts-nanum perl-tk xzdec texlive-binaries-sse2 hintview
2026-09-13T15:47:35.6401040Z   texlive-fonts-recommended-doc texlive-latex-base-doc wp2latex icc-profiles
2026-09-13T15:47:35.6401515Z   libfile-which-perl texlive-latex-extra-doc texlive-science
2026-09-13T15:47:35.6401994Z   texlive-latex-recommended-doc texlive-luatex texlive-pstricks dot2tex prerex
2026-09-13T15:47:35.6402684Z   texlive-pictures-doc vprerex tipa-doc mesa-utils
2026-09-13T15:47:35.6403167Z Recommended packages:
2026-09-13T15:47:35.6403403Z   luit
2026-09-13T15:47:35.6889853Z The following NEW packages will be installed:
2026-09-13T15:47:35.6890651Z   ca-certificates-java cups-bsd cups-client cups-common default-jre
2026-09-13T15:47:35.6891474Z   default-jre-headless dvisvgm fonts-droid-fallback fonts-lmodern
2026-09-13T15:47:35.6892456Z   fonts-noto-mono fonts-texgyre fonts-texgyre-math fonts-urw-base35
2026-09-13T15:47:35.6893276Z   ghostscript gv latexmk libapache-pom-java libatk-wrapper-java
2026-09-13T15:47:35.6894040Z   libatk-wrapper-java-jni libbit-vector-perl libcarp-clan-perl
2026-09-13T15:47:35.6894947Z   libcommons-logging-java libcommons-parent-java libcrypt-rc4-perl
2026-09-13T15:47:35.6895808Z   libdate-calc-perl libdate-calc-xs-perl libdate-manip-perl
2026-09-13T15:47:35.6896643Z   libdigest-perl-md5-perl libfontbox-java libgif7 libgs-common libgs10
2026-09-13T15:47:35.6897486Z   libgs10-common libgumbo2 libidn12 libijs-0.35 libio-stringy-perl
2026-09-13T15:47:35.6898818Z   libjbig2dec0 libjcode-pm-perl libkpathsea6 libmotif-common libmujs3
2026-09-13T15:47:35.6899773Z   libole-storage-lite-perl libpaper-utils libpaper1 libparse-recdescent-perl
2026-09-13T15:47:35.6900709Z   libpcsclite1 libpdfbox-java libpoppler134 libpotrace0 libptexenc1
2026-09-13T15:47:35.6901623Z   libspreadsheet-parseexcel-perl libspreadsheet-writeexcel-perl libsynctex2
2026-09-13T15:47:35.6902660Z   libteckit0 libtexlua53-5 libunicode-map-perl libwoff1 libxcb-shape0 libxm4
2026-09-13T15:47:35.6903525Z   libxv1 libxxf86dga1 libzzip-0-13t64 lmodern mupdf-tools openjdk-21-jre
2026-09-13T15:47:35.6904626Z   openjdk-21-jre-headless poppler-data poppler-utils preview-latex-style
2026-09-13T15:47:35.6905611Z   t1utils tex-gyre texlive-base texlive-binaries texlive-fonts-recommended
2026-09-13T15:47:35.6906446Z   texlive-latex-base texlive-latex-extra texlive-latex-recommended
2026-09-13T15:47:35.6907211Z   texlive-pictures texlive-plain-generic tipa x11-utils xaw3dg
2026-09-13T15:47:35.6907832Z   xfonts-encodings xfonts-utils xpdf
2026-09-13T15:47:35.7120273Z 0 upgraded, 86 newly installed, 0 to remove and 50 not upgraded.
2026-09-13T15:47:35.7120919Z Need to get 276 MB of archives.
2026-09-13T15:47:35.7121469Z After this operation, 873 MB of additional disk space will be used.
2026-09-13T15:47:35.7122317Z Get:1 file:/etc/apt/apt-mirrors.txt Mirrorlist [144 B]
2026-09-13T15:47:35.7801185Z Get:2 http://azure.archive.ubuntu.com/ubuntu noble/main amd64 fonts-droid-fallback all 1:6.0.1r16-1.1build1 [1805 kB]
2026-09-13T15:47:35.8203075Z Get:3 http://azure.archive.ubuntu.com/ubuntu noble/universe amd64 libmotif-common all 2.3.8-3.1build1 [10.1 kB]
2026-09-13T15:47:35.8421311Z Get:4 http://azure.archive.ubuntu.com/ubuntu noble/universe amd64 libxm4 amd64 2.3.8-3.1build1 [1091 kB]
2026-09-13T15:47:35.8726023Z Get:5 http://azure.archive.ubuntu.com/ubuntu noble/main amd64 poppler-data all 0.4.12-1 [2060 kB]
2026-09-13T15:47:35.9101167Z Get:6 http://azure.archive.ubuntu.com/ubuntu noble/main amd64 ca-certificates-java all 20240118 [11.6 kB]
2026-09-13T15:47:35.9319295Z Get:7 http://azure.archive.ubuntu.com/ubuntu noble-updates/main amd64 cups-common all 2.4.7-1.2ubuntu7.14 [264 kB]
2026-09-13T15:47:35.9559699Z Get:8 http://azure.archive.ubuntu.com/ubuntu noble-updates/main amd64 cups-client amd64 2.4.7-1.2ubuntu7.14 [154 kB]
2026-09-13T15:47:35.9787364Z Get:9 http://azure.archive.ubuntu.com/ubuntu noble/main amd64 libpcsclite1 amd64 2.0.3-1build1 [21.4 kB]
2026-09-13T15:47:36.0007606Z Get:10 http://azure.archive.ubuntu.com/ubuntu noble-updates/main amd64 openjdk-21-jre-headless amd64 21.0.12+8-1~24.04 [46.5 MB]
2026-09-13T15:47:36.4087961Z Get:11 http://azure.archive.ubuntu.com/ubuntu noble/main amd64 default-jre-headless amd64 2:1.21-75+exp1 [3094 B]
2026-09-13T15:47:36.4303433Z Get:12 http://azure.archive.ubuntu.com/ubuntu noble-updates/main amd64 libgif7 amd64 5.2.2-1ubuntu1.2 [35.6 kB]
2026-09-13T15:47:36.4525634Z Get:13 http://azure.archive.ubuntu.com/ubuntu noble-updates/main amd64 openjdk-21-jre amd64 21.0.12+8-1~24.04 [233 kB]
2026-09-13T15:47:36.4757715Z Get:14 http://azure.archive.ubuntu.com/ubuntu noble/main amd64 default-jre amd64 2:1.21-75+exp1 [922 B]
2026-09-13T15:47:36.4974391Z Get:15 http://azure.archive.ubuntu.com/ubuntu noble/main amd64 xfonts-encodings all 1:1.0.5-0ubuntu2 [578 kB]
2026-09-13T15:47:36.5239246Z Get:16 http://azure.archive.ubuntu.com/ubuntu noble/main amd64 xfonts-utils amd64 1:7.7+6build3 [94.4 kB]
2026-09-13T15:47:36.5462869Z Get:17 http://azure.archive.ubuntu.com/ubuntu noble/main amd64 fonts-urw-base35 all 20200910-8 [11.0 MB]
2026-09-13T15:47:36.6533176Z Get:18 http://azure.archive.ubuntu.com/ubuntu noble-updates/main amd64 libgs-common all 10.02.1~dfsg1-0ubuntu7.8 [176 kB]
2026-09-13T15:47:36.6768719Z Get:19 http://azure.archive.ubuntu.com/ubuntu noble-updates/main amd64 libgs10-common all 10.02.1~dfsg1-0ubuntu7.8 [488 kB]
2026-09-13T15:47:36.7471401Z Get:20 http://azure.archive.ubuntu.com/ubuntu noble-updates/main amd64 libidn12 amd64 1.42-1ubuntu0.1 [56.1 kB]
2026-09-13T15:47:36.7693342Z Get:21 http://azure.archive.ubuntu.com/ubuntu noble/main amd64 libijs-0.35 amd64 0.35-15.1build1 [15.3 kB]
2026-09-13T15:47:36.7912881Z Get:22 http://azure.archive.ubuntu.com/ubuntu noble-updates/main amd64 libjbig2dec0 amd64 0.20-1ubuntu0.24.04.1 [65.2 kB]
2026-09-13T15:47:36.8136495Z Get:23 http://azure.archive.ubuntu.com/ubuntu noble/main amd64 libpaper1 amd64 1.1.29build1 [13.4 kB]
2026-09-13T15:47:36.8354577Z Get:24 http://azure.archive.ubuntu.com/ubuntu noble-updates/main amd64 libgs10 amd64 10.02.1~dfsg1-0ubuntu7.8 [3897 kB]
2026-09-13T15:47:36.8865594Z Get:25 http://azure.archive.ubuntu.com/ubuntu noble/main amd64 libkpathsea6 amd64 2023.20230311.66589-9build3 [63.0 kB]
2026-09-13T15:47:36.9087349Z Get:26 http://azure.archive.ubuntu.com/ubuntu noble/universe amd64 libpotrace0 amd64 1.16-2build1 [17.7 kB]
2026-09-13T15:47:36.9306405Z Get:27 http://azure.archive.ubuntu.com/ubuntu noble/main amd64 libwoff1 amd64 1.0.2-2build1 [45.3 kB]
2026-09-13T15:47:36.9729838Z Get:28 http://azure.archive.ubuntu.com/ubuntu noble/universe amd64 dvisvgm amd64 3.2.1+ds-1build1 [1042 kB]
2026-09-13T15:47:37.1318668Z Get:29 http://azure.archive.ubuntu.com/ubuntu noble/universe amd64 fonts-lmodern all 2.005-1 [4799 kB]
2026-09-13T15:47:37.2100739Z Get:30 http://azure.archive.ubuntu.com/ubuntu noble/main amd64 fonts-noto-mono all 20201225-2 [435 kB]
2026-09-13T15:47:37.2351931Z Get:31 http://azure.archive.ubuntu.com/ubuntu noble/universe amd64 fonts-texgyre all 20180621-6 [8350 kB]
2026-09-13T15:47:37.3271280Z Get:32 http://azure.archive.ubuntu.com/ubuntu noble/universe amd64 fonts-texgyre-math all 20180621-6 [2373 kB]
2026-09-13T15:47:37.3653398Z Get:33 http://azure.archive.ubuntu.com/ubuntu noble-updates/main amd64 ghostscript amd64 10.02.1~dfsg1-0ubuntu7.8 [43.4 kB]
2026-09-13T15:47:37.3874589Z Get:34 http://azure.archive.ubuntu.com/ubuntu noble/universe amd64 xaw3dg amd64 1.5+F-1.1build2 [148 kB]
2026-09-13T15:47:37.4100676Z Get:35 http://azure.archive.ubuntu.com/ubuntu noble/universe amd64 gv amd64 1:3.7.4-2build2 [212 kB]
2026-09-13T15:47:37.4335276Z Get:36 http://azure.archive.ubuntu.com/ubuntu noble/main amd64 libpaper-utils amd64 1.1.29build1 [8650 B]
2026-09-13T15:47:37.4553312Z Get:37 http://azure.archive.ubuntu.com/ubuntu noble/main amd64 libptexenc1 amd64 2023.20230311.66589-9build3 [40.4 kB]
2026-09-13T15:47:37.4774284Z Get:38 http://azure.archive.ubuntu.com/ubuntu noble/main amd64 libsynctex2 amd64 2023.20230311.66589-9build3 [59.6 kB]
2026-09-13T15:47:37.5431045Z Get:39 http://azure.archive.ubuntu.com/ubuntu noble/main amd64 libtexlua53-5 amd64 2023.20230311.66589-9build3 [123 kB]
2026-09-13T15:47:37.5655999Z Get:40 http://azure.archive.ubuntu.com/ubuntu noble/main amd64 t1utils amd64 1.41-4build3 [61.3 kB]
2026-09-13T15:47:37.5879131Z Get:41 http://azure.archive.ubuntu.com/ubuntu noble/universe amd64 libteckit0 amd64 2.5.12+ds1-1 [411 kB]
2026-09-13T15:47:37.6126400Z Get:42 http://azure.archive.ubuntu.com/ubuntu noble/universe amd64 libzzip-0-13t64 amd64 0.13.72+dfsg.1-1.2build1 [28.1 kB]
2026-09-13T15:47:37.6345469Z Get:43 http://azure.archive.ubuntu.com/ubuntu noble/universe amd64 texlive-binaries amd64 2023.20230311.66589-9build3 [8529 kB]
2026-09-13T15:47:37.7378836Z Get:44 http://azure.archive.ubuntu.com/ubuntu noble/universe amd64 texlive-base all 2023.20240207-1 [21.7 MB]
2026-09-13T15:47:38.0314436Z Get:45 http://azure.archive.ubuntu.com/ubuntu noble/universe amd64 texlive-latex-base all 2023.20240207-1 [1238 kB]
2026-09-13T15:47:38.0711805Z Get:46 http://azure.archive.ubuntu.com/ubuntu noble/universe amd64 latexmk all 1:4.83-1 [203 kB]
2026-09-13T15:47:38.0943465Z Get:47 http://azure.archive.ubuntu.com/ubuntu noble/universe amd64 libapache-pom-java all 29-2 [5284 B]
2026-09-13T15:47:38.1161453Z Get:48 http://azure.archive.ubuntu.com/ubuntu noble/main amd64 libxcb-shape0 amd64 1.15-1ubuntu2 [6100 B]
2026-09-13T15:47:38.1379054Z Get:49 http://azure.archive.ubuntu.com/ubuntu noble/main amd64 libxv1 amd64 2:1.0.11-1.1build1 [10.7 kB]
2026-09-13T15:47:38.1596288Z Get:50 http://azure.archive.ubuntu.com/ubuntu noble/main amd64 libxxf86dga1 amd64 2:1.1.5-1build1 [11.6 kB]
2026-09-13T15:47:38.1814079Z Get:51 http://azure.archive.ubuntu.com/ubuntu noble/main amd64 x11-utils amd64 7.7+6build2 [189 kB]
2026-09-13T15:47:38.2044885Z Get:52 http://azure.archive.ubuntu.com/ubuntu noble/main amd64 libatk-wrapper-java all 0.40.0-3build2 [54.3 kB]
2026-09-13T15:47:38.2276343Z Get:53 http://azure.archive.ubuntu.com/ubuntu noble/main amd64 libatk-wrapper-java-jni amd64 0.40.0-3build2 [46.4 kB]
2026-09-13T15:47:38.2496106Z Get:54 http://azure.archive.ubuntu.com/ubuntu noble/universe amd64 libcarp-clan-perl all 6.08-2 [11.9 kB]
2026-09-13T15:47:38.2713280Z Get:55 http://azure.archive.ubuntu.com/ubuntu noble/universe amd64 libbit-vector-perl amd64 7.4-3build1 [139 kB]
2026-09-13T15:47:38.2940197Z Get:56 http://azure.archive.ubuntu.com/ubuntu noble/universe amd64 libcommons-parent-java all 56-1 [10.7 kB]
2026-09-13T15:47:38.3590106Z Get:57 http://azure.archive.ubuntu.com/ubuntu noble/universe amd64 libcommons-logging-java all 1.3.0-1ubuntu1 [63.8 kB]
2026-09-13T15:47:38.3813155Z Get:58 http://azure.archive.ubuntu.com/ubuntu noble/universe amd64 libcrypt-rc4-perl all 2.02-5 [7064 B]
2026-09-13T15:47:38.4029982Z Get:59 http://azure.archive.ubuntu.com/ubuntu noble/universe amd64 libdate-calc-perl all 6.4-2 [187 kB]
2026-09-13T15:47:38.4259949Z Get:60 http://azure.archive.ubuntu.com/ubuntu noble/universe amd64 libdate-calc-xs-perl amd64 6.4-2build4 [46.8 kB]
2026-09-13T15:47:38.4482857Z Get:61 http://azure.archive.ubuntu.com/ubuntu noble/main amd64 libdate-manip-perl all 6.95-1 [923 kB]
2026-09-13T15:47:38.4771926Z Get:62 http://azure.archive.ubuntu.com/ubuntu noble/universe amd64 libdigest-perl-md5-perl all 1.9-5 [11.1 kB]
2026-09-13T15:47:38.4989623Z Get:63 http://azure.archive.ubuntu.com/ubuntu noble/universe amd64 libgumbo2 amd64 0.12.0+dfsg-2build1 [126 kB]
2026-09-13T15:47:38.5219566Z Get:64 http://azure.archive.ubuntu.com/ubuntu noble/main amd64 libio-stringy-perl all 2.111-3 [55.8 kB]
2026-09-13T15:47:38.5440731Z Get:65 http://azure.archive.ubuntu.com/ubuntu noble/universe amd64 libjcode-pm-perl amd64 2.06-1.1build1 [26.8 kB]
2026-09-13T15:47:38.5658543Z Get:66 http://azure.archive.ubuntu.com/ubuntu noble/universe amd64 libmujs3 amd64 1.3.3-3build2 [134 kB]
2026-09-13T15:47:38.5890959Z Get:67 http://azure.archive.ubuntu.com/ubuntu noble/universe amd64 libole-storage-lite-perl all 0.22-1 [21.6 kB]
2026-09-13T15:47:38.6108348Z Get:68 http://azure.archive.ubuntu.com/ubuntu noble/universe amd64 libparse-recdescent-perl all 1.967015+dfsg-4 [139 kB]
2026-09-13T15:47:38.6338271Z Get:69 http://azure.archive.ubuntu.com/ubuntu noble-updates/main amd64 libpoppler134 amd64 24.02.0-1ubuntu9.9 [1118 kB]
2026-09-13T15:47:38.6647286Z Get:70 http://azure.archive.ubuntu.com/ubuntu noble/universe amd64 libspreadsheet-writeexcel-perl all 2.40-4 [497 kB]
2026-09-13T15:47:38.6909646Z Get:71 http://azure.archive.ubuntu.com/ubuntu noble/universe amd64 libunicode-map-perl amd64 0.112-13build4 [203 kB]
2026-09-13T15:47:38.7142281Z Get:72 http://azure.archive.ubuntu.com/ubuntu noble/universe amd64 libspreadsheet-parseexcel-perl all 0.6600-1 [144 kB]
2026-09-13T15:47:38.7370662Z Get:73 http://azure.archive.ubuntu.com/ubuntu noble/universe amd64 lmodern all 2.005-1 [9542 kB]
2026-09-13T15:47:38.8348741Z Get:74 http://azure.archive.ubuntu.com/ubuntu noble/universe amd64 mupdf-tools amd64 1.23.10+ds1-1build3 [49.3 MB]
2026-09-13T15:47:39.3074149Z Get:75 http://azure.archive.ubuntu.com/ubuntu noble-updates/main amd64 poppler-utils amd64 24.02.0-1ubuntu9.9 [212 kB]
2026-09-13T15:47:39.3316170Z Get:76 http://azure.archive.ubuntu.com/ubuntu noble/universe amd64 preview-latex-style all 13.2-1 [347 kB]
2026-09-13T15:47:39.3576917Z Get:77 http://azure.archive.ubuntu.com/ubuntu noble/universe amd64 tex-gyre all 20180621-6 [6396 kB]
2026-09-13T15:47:39.4548094Z Get:78 http://azure.archive.ubuntu.com/ubuntu noble/universe amd64 texlive-fonts-recommended all 2023.20240207-1 [4973 kB]
2026-09-13T15:47:39.5323481Z Get:79 http://azure.archive.ubuntu.com/ubuntu noble/universe amd64 libfontbox-java all 1:1.8.16-5 [208 kB]
2026-09-13T15:47:39.5574972Z Get:80 http://azure.archive.ubuntu.com/ubuntu noble/universe amd64 libpdfbox-java all 1:1.8.16-5 [5521 kB]
2026-09-13T15:47:39.6308348Z Get:81 http://azure.archive.ubuntu.com/ubuntu noble/universe amd64 texlive-latex-recommended all 2023.20240207-1 [8826 kB]
2026-09-13T15:47:39.7472807Z Get:82 http://azure.archive.ubuntu.com/ubuntu noble/universe amd64 texlive-pictures all 2023.20240207-1 [16.7 MB]
2026-09-13T15:47:39.9289624Z Get:83 http://azure.archive.ubuntu.com/ubuntu noble/universe amd64 texlive-latex-extra all 2023.20240207-1 [19.2 MB]
2026-09-13T15:47:40.1106090Z Get:84 http://azure.archive.ubuntu.com/ubuntu noble/universe amd64 texlive-plain-generic all 2023.20240207-1 [29.0 MB]
2026-09-13T15:47:40.4240060Z Get:85 http://azure.archive.ubuntu.com/ubuntu noble/universe amd64 tipa all 2:1.3-21 [2967 kB]
2026-09-13T15:47:40.4903663Z Get:86 http://azure.archive.ubuntu.com/ubuntu noble/universe amd64 xpdf amd64 3.04+git20240202-1build3 [125 kB]
2026-09-13T15:47:40.5128532Z Get:87 http://azure.archive.ubuntu.com/ubuntu noble-updates/main amd64 cups-bsd amd64 2.4.7-1.2ubuntu7.14 [42.2 kB]
2026-09-13T15:47:40.8515858Z Preconfiguring packages ...
2026-09-13T15:47:40.9406900Z Fetched 276 MB in 5s (57.4 MB/s)
2026-09-13T15:47:40.9645707Z Selecting previously unselected package fonts-droid-fallback.
2026-09-13T15:47:40.9943290Z (Reading database ... 
2026-09-13T15:47:40.9943714Z (Reading database ... 5%
2026-09-13T15:47:40.9944064Z (Reading database ... 10%
2026-09-13T15:47:40.9944309Z (Reading database ... 15%
2026-09-13T15:47:40.9944595Z (Reading database ... 20%
2026-09-13T15:47:40.9944937Z (Reading database ... 25%
2026-09-13T15:47:40.9945215Z (Reading database ... 30%
2026-09-13T15:47:40.9945500Z (Reading database ... 35%
2026-09-13T15:47:40.9945747Z (Reading database ... 40%
2026-09-13T15:47:40.9945983Z (Reading database ... 45%
2026-09-13T15:47:40.9946219Z (Reading database ... 50%
2026-09-13T15:47:40.9993636Z (Reading database ... 55%
2026-09-13T15:47:41.1413785Z (Reading database ... 60%
2026-09-13T15:47:41.3351927Z (Reading database ... 65%
2026-09-13T15:47:41.4845324Z (Reading database ... 70%
2026-09-13T15:47:41.6381180Z (Reading database ... 75%
2026-09-13T15:47:41.8022479Z (Reading database ... 80%
2026-09-13T15:47:41.9830732Z (Reading database ... 85%
2026-09-13T15:47:42.1841705Z (Reading database ... 90%
2026-09-13T15:47:42.3357472Z (Reading database ... 95%
2026-09-13T15:47:42.3357950Z (Reading database ... 100%
2026-09-13T15:47:42.3358358Z (Reading database ... 201818 files and directories currently installed.)
2026-09-13T15:47:42.3405188Z Preparing to unpack .../00-fonts-droid-fallback_1%3a6.0.1r16-1.1build1_all.deb ...
2026-09-13T15:47:42.3634896Z Unpacking fonts-droid-fallback (1:6.0.1r16-1.1build1) ...
2026-09-13T15:47:42.5053357Z Selecting previously unselected package libmotif-common.
2026-09-13T15:47:42.5184899Z Preparing to unpack .../01-libmotif-common_2.3.8-3.1build1_all.deb ...
2026-09-13T15:47:42.5193148Z Unpacking libmotif-common (2.3.8-3.1build1) ...
2026-09-13T15:47:42.5524814Z Selecting previously unselected package libxm4:amd64.
2026-09-13T15:47:42.5653586Z Preparing to unpack .../02-libxm4_2.3.8-3.1build1_amd64.deb ...
2026-09-13T15:47:42.5669110Z Unpacking libxm4:amd64 (2.3.8-3.1build1) ...
2026-09-13T15:47:42.6006164Z Selecting previously unselected package poppler-data.
2026-09-13T15:47:42.6136272Z Preparing to unpack .../03-poppler-data_0.4.12-1_all.deb ...
2026-09-13T15:47:42.6144137Z Unpacking poppler-data (0.4.12-1) ...
2026-09-13T15:47:42.7372362Z Selecting previously unselected package ca-certificates-java.
2026-09-13T15:47:42.7504598Z Preparing to unpack .../04-ca-certificates-java_20240118_all.deb ...
2026-09-13T15:47:42.7536929Z Unpacking ca-certificates-java (20240118) ...
2026-09-13T15:47:42.7776157Z Selecting previously unselected package cups-common.
2026-09-13T15:47:42.7906656Z Preparing to unpack .../05-cups-common_2.4.7-1.2ubuntu7.14_all.deb ...
2026-09-13T15:47:42.7914200Z Unpacking cups-common (2.4.7-1.2ubuntu7.14) ...
2026-09-13T15:47:42.8270601Z Selecting previously unselected package cups-client.
2026-09-13T15:47:42.8401611Z Preparing to unpack .../06-cups-client_2.4.7-1.2ubuntu7.14_amd64.deb ...
2026-09-13T15:47:42.8409372Z Unpacking cups-client (2.4.7-1.2ubuntu7.14) ...
2026-09-13T15:47:42.8838162Z Selecting previously unselected package libpcsclite1:amd64.
2026-09-13T15:47:42.8969296Z Preparing to unpack .../07-libpcsclite1_2.0.3-1build1_amd64.deb ...
2026-09-13T15:47:42.8976870Z Unpacking libpcsclite1:amd64 (2.0.3-1build1) ...
2026-09-13T15:47:42.9189294Z Selecting previously unselected package openjdk-21-jre-headless:amd64.
2026-09-13T15:47:42.9321311Z Preparing to unpack .../08-openjdk-21-jre-headless_21.0.12+8-1~24.04_amd64.deb ...
2026-09-13T15:47:42.9332732Z Unpacking openjdk-21-jre-headless:amd64 (21.0.12+8-1~24.04) ...
2026-09-13T15:47:43.6766510Z Selecting previously unselected package default-jre-headless.
2026-09-13T15:47:43.6899086Z Preparing to unpack .../09-default-jre-headless_2%3a1.21-75+exp1_amd64.deb ...
2026-09-13T15:47:43.6905903Z Unpacking default-jre-headless (2:1.21-75+exp1) ...
2026-09-13T15:47:43.7104944Z Selecting previously unselected package libgif7:amd64.
2026-09-13T15:47:43.7233988Z Preparing to unpack .../10-libgif7_5.2.2-1ubuntu1.2_amd64.deb ...
2026-09-13T15:47:43.7242577Z Unpacking libgif7:amd64 (5.2.2-1ubuntu1.2) ...
2026-09-13T15:47:43.7445785Z Selecting previously unselected package openjdk-21-jre:amd64.
2026-09-13T15:47:43.7573862Z Preparing to unpack .../11-openjdk-21-jre_21.0.12+8-1~24.04_amd64.deb ...
2026-09-13T15:47:43.7580394Z Unpacking openjdk-21-jre:amd64 (21.0.12+8-1~24.04) ...
2026-09-13T15:47:43.7859633Z Selecting previously unselected package default-jre.
2026-09-13T15:47:43.7989070Z Preparing to unpack .../12-default-jre_2%3a1.21-75+exp1_amd64.deb ...
2026-09-13T15:47:43.7996056Z Unpacking default-jre (2:1.21-75+exp1) ...
2026-09-13T15:47:43.8188529Z Selecting previously unselected package xfonts-encodings.
2026-09-13T15:47:43.8317456Z Preparing to unpack .../13-xfonts-encodings_1%3a1.0.5-0ubuntu2_all.deb ...
2026-09-13T15:47:43.8324404Z Unpacking xfonts-encodings (1:1.0.5-0ubuntu2) ...
2026-09-13T15:47:43.8609778Z Selecting previously unselected package xfonts-utils.
2026-09-13T15:47:43.8739441Z Preparing to unpack .../14-xfonts-utils_1%3a7.7+6build3_amd64.deb ...
2026-09-13T15:47:43.8746610Z Unpacking xfonts-utils (1:7.7+6build3) ...
2026-09-13T15:47:43.9059327Z Selecting previously unselected package fonts-urw-base35.
2026-09-13T15:47:43.9190588Z Preparing to unpack .../15-fonts-urw-base35_20200910-8_all.deb ...
2026-09-13T15:47:43.9870777Z Unpacking fonts-urw-base35 (20200910-8) ...
2026-09-13T15:47:44.1151111Z Selecting previously unselected package libgs-common.
2026-09-13T15:47:44.1283491Z Preparing to unpack .../16-libgs-common_10.02.1~dfsg1-0ubuntu7.8_all.deb ...
2026-09-13T15:47:44.1290347Z Unpacking libgs-common (10.02.1~dfsg1-0ubuntu7.8) ...
2026-09-13T15:47:44.1521127Z Selecting previously unselected package libgs10-common.
2026-09-13T15:47:44.1652280Z Preparing to unpack .../17-libgs10-common_10.02.1~dfsg1-0ubuntu7.8_all.deb ...
2026-09-13T15:47:44.1658432Z Unpacking libgs10-common (10.02.1~dfsg1-0ubuntu7.8) ...
2026-09-13T15:47:44.2301234Z Selecting previously unselected package libidn12:amd64.
2026-09-13T15:47:44.2434863Z Preparing to unpack .../18-libidn12_1.42-1ubuntu0.1_amd64.deb ...
2026-09-13T15:47:44.2443758Z Unpacking libidn12:amd64 (1.42-1ubuntu0.1) ...
2026-09-13T15:47:44.2658774Z Selecting previously unselected package libijs-0.35:amd64.
2026-09-13T15:47:44.2789937Z Preparing to unpack .../19-libijs-0.35_0.35-15.1build1_amd64.deb ...
2026-09-13T15:47:44.2799496Z Unpacking libijs-0.35:amd64 (0.35-15.1build1) ...
2026-09-13T15:47:44.3018445Z Selecting previously unselected package libjbig2dec0:amd64.
2026-09-13T15:47:44.3150990Z Preparing to unpack .../20-libjbig2dec0_0.20-1ubuntu0.24.04.1_amd64.deb ...
2026-09-13T15:47:44.3159296Z Unpacking libjbig2dec0:amd64 (0.20-1ubuntu0.24.04.1) ...
2026-09-13T15:47:44.3391958Z Selecting previously unselected package libpaper1:amd64.
2026-09-13T15:47:44.3525182Z Preparing to unpack .../21-libpaper1_1.1.29build1_amd64.deb ...
2026-09-13T15:47:44.3532802Z Unpacking libpaper1:amd64 (1.1.29build1) ...
2026-09-13T15:47:44.3754969Z Selecting previously unselected package libgs10:amd64.
2026-09-13T15:47:44.3887879Z Preparing to unpack .../22-libgs10_10.02.1~dfsg1-0ubuntu7.8_amd64.deb ...
2026-09-13T15:47:44.3895665Z Unpacking libgs10:amd64 (10.02.1~dfsg1-0ubuntu7.8) ...
2026-09-13T15:47:44.4888994Z Selecting previously unselected package libkpathsea6:amd64.
2026-09-13T15:47:44.5020568Z Preparing to unpack .../23-libkpathsea6_2023.20230311.66589-9build3_amd64.deb ...
2026-09-13T15:47:44.5028728Z Unpacking libkpathsea6:amd64 (2023.20230311.66589-9build3) ...
2026-09-13T15:47:44.5245754Z Selecting previously unselected package libpotrace0:amd64.
2026-09-13T15:47:44.5379495Z Preparing to unpack .../24-libpotrace0_1.16-2build1_amd64.deb ...
2026-09-13T15:47:44.5388662Z Unpacking libpotrace0:amd64 (1.16-2build1) ...
2026-09-13T15:47:44.5592423Z Selecting previously unselected package libwoff1:amd64.
2026-09-13T15:47:44.5723392Z Preparing to unpack .../25-libwoff1_1.0.2-2build1_amd64.deb ...
2026-09-13T15:47:44.5733096Z Unpacking libwoff1:amd64 (1.0.2-2build1) ...
2026-09-13T15:47:44.5947367Z Selecting previously unselected package dvisvgm.
2026-09-13T15:47:44.6079579Z Preparing to unpack .../26-dvisvgm_3.2.1+ds-1build1_amd64.deb ...
2026-09-13T15:47:44.6087747Z Unpacking dvisvgm (3.2.1+ds-1build1) ...
2026-09-13T15:47:44.6382291Z Selecting previously unselected package fonts-lmodern.
2026-09-13T15:47:44.6512993Z Preparing to unpack .../27-fonts-lmodern_2.005-1_all.deb ...
2026-09-13T15:47:44.6522384Z Unpacking fonts-lmodern (2.005-1) ...
2026-09-13T15:47:44.7290261Z Selecting previously unselected package fonts-noto-mono.
2026-09-13T15:47:44.7423602Z Preparing to unpack .../28-fonts-noto-mono_20201225-2_all.deb ...
2026-09-13T15:47:44.7431987Z Unpacking fonts-noto-mono (20201225-2) ...
2026-09-13T15:47:44.7707714Z Selecting previously unselected package fonts-texgyre.
2026-09-13T15:47:44.7839934Z Preparing to unpack .../29-fonts-texgyre_20180621-6_all.deb ...
2026-09-13T15:47:44.7847546Z Unpacking fonts-texgyre (20180621-6) ...
2026-09-13T15:47:44.8629107Z Selecting previously unselected package fonts-texgyre-math.
2026-09-13T15:47:44.8762352Z Preparing to unpack .../30-fonts-texgyre-math_20180621-6_all.deb ...
2026-09-13T15:47:44.8769592Z Unpacking fonts-texgyre-math (20180621-6) ...
2026-09-13T15:47:44.9290905Z Selecting previously unselected package ghostscript.
2026-09-13T15:47:44.9423689Z Preparing to unpack .../31-ghostscript_10.02.1~dfsg1-0ubuntu7.8_amd64.deb ...
2026-09-13T15:47:44.9431669Z Unpacking ghostscript (10.02.1~dfsg1-0ubuntu7.8) ...
2026-09-13T15:47:44.9737510Z Selecting previously unselected package xaw3dg:amd64.
2026-09-13T15:47:44.9868590Z Preparing to unpack .../32-xaw3dg_1.5+F-1.1build2_amd64.deb ...
2026-09-13T15:47:44.9877334Z Unpacking xaw3dg:amd64 (1.5+F-1.1build2) ...
2026-09-13T15:47:45.0139787Z Selecting previously unselected package gv.
2026-09-13T15:47:45.0271504Z Preparing to unpack .../33-gv_1%3a3.7.4-2build2_amd64.deb ...
2026-09-13T15:47:45.0278781Z Unpacking gv (1:3.7.4-2build2) ...
2026-09-13T15:47:45.0540388Z Selecting previously unselected package libpaper-utils.
2026-09-13T15:47:45.0671593Z Preparing to unpack .../34-libpaper-utils_1.1.29build1_amd64.deb ...
2026-09-13T15:47:45.0679627Z Unpacking libpaper-utils (1.1.29build1) ...
2026-09-13T15:47:45.0886380Z Selecting previously unselected package libptexenc1:amd64.
2026-09-13T15:47:45.1019036Z Preparing to unpack .../35-libptexenc1_2023.20230311.66589-9build3_amd64.deb ...
2026-09-13T15:47:45.1027143Z Unpacking libptexenc1:amd64 (2023.20230311.66589-9build3) ...
2026-09-13T15:47:45.1237611Z Selecting previously unselected package libsynctex2:amd64.
2026-09-13T15:47:45.1368193Z Preparing to unpack .../36-libsynctex2_2023.20230311.66589-9build3_amd64.deb ...
2026-09-13T15:47:45.1377371Z Unpacking libsynctex2:amd64 (2023.20230311.66589-9build3) ...
2026-09-13T15:47:45.1603243Z Selecting previously unselected package libtexlua53-5:amd64.
2026-09-13T15:47:45.1735677Z Preparing to unpack .../37-libtexlua53-5_2023.20230311.66589-9build3_amd64.deb ...
2026-09-13T15:47:45.1744574Z Unpacking libtexlua53-5:amd64 (2023.20230311.66589-9build3) ...
2026-09-13T15:47:45.1961588Z Selecting previously unselected package t1utils.
2026-09-13T15:47:45.2093156Z Preparing to unpack .../38-t1utils_1.41-4build3_amd64.deb ...
2026-09-13T15:47:45.2101964Z Unpacking t1utils (1.41-4build3) ...
2026-09-13T15:47:45.2349581Z Selecting previously unselected package libteckit0:amd64.
2026-09-13T15:47:45.2482692Z Preparing to unpack .../39-libteckit0_2.5.12+ds1-1_amd64.deb ...
2026-09-13T15:47:45.2490491Z Unpacking libteckit0:amd64 (2.5.12+ds1-1) ...
2026-09-13T15:47:45.2794223Z Selecting previously unselected package libzzip-0-13t64:amd64.
2026-09-13T15:47:45.2926088Z Preparing to unpack .../40-libzzip-0-13t64_0.13.72+dfsg.1-1.2build1_amd64.deb ...
2026-09-13T15:47:45.2934402Z Unpacking libzzip-0-13t64:amd64 (0.13.72+dfsg.1-1.2build1) ...
2026-09-13T15:47:45.3170876Z Selecting previously unselected package texlive-binaries.
2026-09-13T15:47:45.3302450Z Preparing to unpack .../41-texlive-binaries_2023.20230311.66589-9build3_amd64.deb ...
2026-09-13T15:47:45.3424182Z Unpacking texlive-binaries (2023.20230311.66589-9build3) ...
2026-09-13T15:47:45.5206373Z Selecting previously unselected package texlive-base.
2026-09-13T15:47:45.5341326Z Preparing to unpack .../42-texlive-base_2023.20240207-1_all.deb ...
2026-09-13T15:47:45.5369384Z Unpacking texlive-base (2023.20240207-1) ...
2026-09-13T15:47:46.9067700Z Selecting previously unselected package texlive-latex-base.
2026-09-13T15:47:46.9216915Z Preparing to unpack .../43-texlive-latex-base_2023.20240207-1_all.deb ...
2026-09-13T15:47:46.9224919Z Unpacking texlive-latex-base (2023.20240207-1) ...
2026-09-13T15:47:47.2891996Z Selecting previously unselected package latexmk.
2026-09-13T15:47:47.3038935Z Preparing to unpack .../44-latexmk_1%3a4.83-1_all.deb ...
2026-09-13T15:47:47.3046077Z Unpacking latexmk (1:4.83-1) ...
2026-09-13T15:47:47.3713900Z Selecting previously unselected package libapache-pom-java.
2026-09-13T15:47:47.3856218Z Preparing to unpack .../45-libapache-pom-java_29-2_all.deb ...
2026-09-13T15:47:47.3863731Z Unpacking libapache-pom-java (29-2) ...
2026-09-13T15:47:47.4165680Z Selecting previously unselected package libxcb-shape0:amd64.
2026-09-13T15:47:47.4307098Z Preparing to unpack .../46-libxcb-shape0_1.15-1ubuntu2_amd64.deb ...
2026-09-13T15:47:47.4314884Z Unpacking libxcb-shape0:amd64 (1.15-1ubuntu2) ...
2026-09-13T15:47:47.4520288Z Selecting previously unselected package libxv1:amd64.
2026-09-13T15:47:47.4661143Z Preparing to unpack .../47-libxv1_2%3a1.0.11-1.1build1_amd64.deb ...
2026-09-13T15:47:47.4668716Z Unpacking libxv1:amd64 (2:1.0.11-1.1build1) ...
2026-09-13T15:47:47.4879386Z Selecting previously unselected package libxxf86dga1:amd64.
2026-09-13T15:47:47.5021146Z Preparing to unpack .../48-libxxf86dga1_2%3a1.1.5-1build1_amd64.deb ...
2026-09-13T15:47:47.5029111Z Unpacking libxxf86dga1:amd64 (2:1.1.5-1build1) ...
2026-09-13T15:47:47.5250747Z Selecting previously unselected package x11-utils.
2026-09-13T15:47:47.5387544Z Preparing to unpack .../49-x11-utils_7.7+6build2_amd64.deb ...
2026-09-13T15:47:47.5397413Z Unpacking x11-utils (7.7+6build2) ...
2026-09-13T15:47:47.5687247Z Selecting previously unselected package libatk-wrapper-java.
2026-09-13T15:47:47.5824547Z Preparing to unpack .../50-libatk-wrapper-java_0.40.0-3build2_all.deb ...
2026-09-13T15:47:47.5836394Z Unpacking libatk-wrapper-java (0.40.0-3build2) ...
2026-09-13T15:47:47.6061486Z Selecting previously unselected package libatk-wrapper-java-jni:amd64.
2026-09-13T15:47:47.6198223Z Preparing to unpack .../51-libatk-wrapper-java-jni_0.40.0-3build2_amd64.deb ...
2026-09-13T15:47:47.6205601Z Unpacking libatk-wrapper-java-jni:amd64 (0.40.0-3build2) ...
2026-09-13T15:47:47.6422657Z Selecting previously unselected package libcarp-clan-perl.
2026-09-13T15:47:47.6557979Z Preparing to unpack .../52-libcarp-clan-perl_6.08-2_all.deb ...
2026-09-13T15:47:47.6565091Z Unpacking libcarp-clan-perl (6.08-2) ...
2026-09-13T15:47:47.6799369Z Selecting previously unselected package libbit-vector-perl:amd64.
2026-09-13T15:47:47.6934761Z Preparing to unpack .../53-libbit-vector-perl_7.4-3build1_amd64.deb ...
2026-09-13T15:47:47.6944005Z Unpacking libbit-vector-perl:amd64 (7.4-3build1) ...
2026-09-13T15:47:47.7199463Z Selecting previously unselected package libcommons-parent-java.
2026-09-13T15:47:47.7335696Z Preparing to unpack .../54-libcommons-parent-java_56-1_all.deb ...
2026-09-13T15:47:47.7343429Z Unpacking libcommons-parent-java (56-1) ...
2026-09-13T15:47:47.7555602Z Selecting previously unselected package libcommons-logging-java.
2026-09-13T15:47:47.7690187Z Preparing to unpack .../55-libcommons-logging-java_1.3.0-1ubuntu1_all.deb ...
2026-09-13T15:47:47.7698876Z Unpacking libcommons-logging-java (1.3.0-1ubuntu1) ...
2026-09-13T15:47:47.7926928Z Selecting previously unselected package libcrypt-rc4-perl.
2026-09-13T15:47:47.8063805Z Preparing to unpack .../56-libcrypt-rc4-perl_2.02-5_all.deb ...
2026-09-13T15:47:47.8072557Z Unpacking libcrypt-rc4-perl (2.02-5) ...
2026-09-13T15:47:47.8285252Z Selecting previously unselected package libdate-calc-perl.
2026-09-13T15:47:47.8421652Z Preparing to unpack .../57-libdate-calc-perl_6.4-2_all.deb ...
2026-09-13T15:47:47.8430332Z Unpacking libdate-calc-perl (6.4-2) ...
2026-09-13T15:47:47.8702770Z Selecting previously unselected package libdate-calc-xs-perl:amd64.
2026-09-13T15:47:47.8838165Z Preparing to unpack .../58-libdate-calc-xs-perl_6.4-2build4_amd64.deb ...
2026-09-13T15:47:47.8845631Z Unpacking libdate-calc-xs-perl:amd64 (6.4-2build4) ...
2026-09-13T15:47:47.9069782Z Selecting previously unselected package libdate-manip-perl.
2026-09-13T15:47:47.9207248Z Preparing to unpack .../59-libdate-manip-perl_6.95-1_all.deb ...
2026-09-13T15:47:47.9213940Z Unpacking libdate-manip-perl (6.95-1) ...
2026-09-13T15:47:48.1155700Z Selecting previously unselected package libdigest-perl-md5-perl.
2026-09-13T15:47:48.1296990Z Preparing to unpack .../60-libdigest-perl-md5-perl_1.9-5_all.deb ...
2026-09-13T15:47:48.1304912Z Unpacking libdigest-perl-md5-perl (1.9-5) ...
2026-09-13T15:47:48.1538557Z Selecting previously unselected package libgumbo2:amd64.
2026-09-13T15:47:48.1676033Z Preparing to unpack .../61-libgumbo2_0.12.0+dfsg-2build1_amd64.deb ...
2026-09-13T15:47:48.1684392Z Unpacking libgumbo2:amd64 (0.12.0+dfsg-2build1) ...
2026-09-13T15:47:48.1908437Z Selecting previously unselected package libio-stringy-perl.
2026-09-13T15:47:48.2044009Z Preparing to unpack .../62-libio-stringy-perl_2.111-3_all.deb ...
2026-09-13T15:47:48.2051166Z Unpacking libio-stringy-perl (2.111-3) ...
2026-09-13T15:47:48.2302711Z Selecting previously unselected package libjcode-pm-perl.
2026-09-13T15:47:48.2438468Z Preparing to unpack .../63-libjcode-pm-perl_2.06-1.1build1_amd64.deb ...
2026-09-13T15:47:48.2447152Z Unpacking libjcode-pm-perl (2.06-1.1build1) ...
2026-09-13T15:47:48.2663275Z Selecting previously unselected package libmujs3:amd64.
2026-09-13T15:47:48.2800957Z Preparing to unpack .../64-libmujs3_1.3.3-3build2_amd64.deb ...
2026-09-13T15:47:48.2810202Z Unpacking libmujs3:amd64 (1.3.3-3build2) ...
2026-09-13T15:47:48.3037995Z Selecting previously unselected package libole-storage-lite-perl.
2026-09-13T15:47:48.3175026Z Preparing to unpack .../65-libole-storage-lite-perl_0.22-1_all.deb ...
2026-09-13T15:47:48.3185615Z Unpacking libole-storage-lite-perl (0.22-1) ...
2026-09-13T15:47:48.3417022Z Selecting previously unselected package libparse-recdescent-perl.
2026-09-13T15:47:48.3553749Z Preparing to unpack .../66-libparse-recdescent-perl_1.967015+dfsg-4_all.deb ...
2026-09-13T15:47:48.3561449Z Unpacking libparse-recdescent-perl (1.967015+dfsg-4) ...
2026-09-13T15:47:48.3890674Z Selecting previously unselected package libpoppler134:amd64.
2026-09-13T15:47:48.4029178Z Preparing to unpack .../67-libpoppler134_24.02.0-1ubuntu9.9_amd64.deb ...
2026-09-13T15:47:48.4037045Z Unpacking libpoppler134:amd64 (24.02.0-1ubuntu9.9) ...
2026-09-13T15:47:48.4390970Z Selecting previously unselected package libspreadsheet-writeexcel-perl.
2026-09-13T15:47:48.4528131Z Preparing to unpack .../68-libspreadsheet-writeexcel-perl_2.40-4_all.deb ...
2026-09-13T15:47:48.4534975Z Unpacking libspreadsheet-writeexcel-perl (2.40-4) ...
2026-09-13T15:47:48.5047946Z Selecting previously unselected package libunicode-map-perl.
2026-09-13T15:47:48.5185233Z Preparing to unpack .../69-libunicode-map-perl_0.112-13build4_amd64.deb ...
2026-09-13T15:47:48.5196090Z Unpacking libunicode-map-perl (0.112-13build4) ...
2026-09-13T15:47:48.5578778Z Selecting previously unselected package libspreadsheet-parseexcel-perl.
2026-09-13T15:47:48.5716786Z Preparing to unpack .../70-libspreadsheet-parseexcel-perl_0.6600-1_all.deb ...
2026-09-13T15:47:48.5726167Z Unpacking libspreadsheet-parseexcel-perl (0.6600-1) ...
2026-09-13T15:47:48.6055853Z Selecting previously unselected package lmodern.
2026-09-13T15:47:48.6194845Z Preparing to unpack .../71-lmodern_2.005-1_all.deb ...
2026-09-13T15:47:48.6210006Z Unpacking lmodern (2.005-1) ...
2026-09-13T15:47:48.8857298Z Selecting previously unselected package mupdf-tools.
2026-09-13T15:47:48.8998821Z Preparing to unpack .../72-mupdf-tools_1.23.10+ds1-1build3_amd64.deb ...
2026-09-13T15:47:48.9008566Z Unpacking mupdf-tools (1.23.10+ds1-1build3) ...
2026-09-13T15:47:49.3022251Z Selecting previously unselected package poppler-utils.
2026-09-13T15:47:49.3160478Z Preparing to unpack .../73-poppler-utils_24.02.0-1ubuntu9.9_amd64.deb ...
2026-09-13T15:47:49.3168289Z Unpacking poppler-utils (24.02.0-1ubuntu9.9) ...
2026-09-13T15:47:49.3458008Z Selecting previously unselected package preview-latex-style.
2026-09-13T15:47:49.3597470Z Preparing to unpack .../74-preview-latex-style_13.2-1_all.deb ...
2026-09-13T15:47:49.3609433Z Unpacking preview-latex-style (13.2-1) ...
2026-09-13T15:47:49.3887157Z Selecting previously unselected package tex-gyre.
2026-09-13T15:47:49.4023767Z Preparing to unpack .../75-tex-gyre_20180621-6_all.deb ...
2026-09-13T15:47:49.4032699Z Unpacking tex-gyre (20180621-6) ...
2026-09-13T15:47:49.6050190Z Selecting previously unselected package texlive-fonts-recommended.
2026-09-13T15:47:49.6192953Z Preparing to unpack .../76-texlive-fonts-recommended_2023.20240207-1_all.deb ...
2026-09-13T15:47:49.6200056Z Unpacking texlive-fonts-recommended (2023.20240207-1) ...
2026-09-13T15:47:50.1134941Z Selecting previously unselected package libfontbox-java.
2026-09-13T15:47:50.1285580Z Preparing to unpack .../77-libfontbox-java_1%3a1.8.16-5_all.deb ...
2026-09-13T15:47:50.1294528Z Unpacking libfontbox-java (1:1.8.16-5) ...
2026-09-13T15:47:50.1524667Z Selecting previously unselected package libpdfbox-java.
2026-09-13T15:47:50.1666791Z Preparing to unpack .../78-libpdfbox-java_1%3a1.8.16-5_all.deb ...
2026-09-13T15:47:50.1674889Z Unpacking libpdfbox-java (1:1.8.16-5) ...
2026-09-13T15:47:50.2101718Z Selecting previously unselected package texlive-latex-recommended.
2026-09-13T15:47:50.2244776Z Preparing to unpack .../79-texlive-latex-recommended_2023.20240207-1_all.deb ...
2026-09-13T15:47:50.2253948Z Unpacking texlive-latex-recommended (2023.20240207-1) ...
2026-09-13T15:47:50.9759474Z Selecting previously unselected package texlive-pictures.
2026-09-13T15:47:50.9910418Z Preparing to unpack .../80-texlive-pictures_2023.20240207-1_all.deb ...
2026-09-13T15:47:51.0035239Z Unpacking texlive-pictures (2023.20240207-1) ...
2026-09-13T15:47:52.0264622Z Selecting previously unselected package texlive-latex-extra.
2026-09-13T15:47:52.0430806Z Preparing to unpack .../81-texlive-latex-extra_2023.20240207-1_all.deb ...
2026-09-13T15:47:52.0437687Z Unpacking texlive-latex-extra (2023.20240207-1) ...
2026-09-13T15:47:53.4184449Z Selecting previously unselected package texlive-plain-generic.
2026-09-13T15:47:53.4364719Z Preparing to unpack .../82-texlive-plain-generic_2023.20240207-1_all.deb ...
2026-09-13T15:47:53.4371400Z Unpacking texlive-plain-generic (2023.20240207-1) ...
2026-09-13T15:47:56.2116257Z Selecting previously unselected package tipa.
2026-09-13T15:47:56.2338953Z Preparing to unpack .../83-tipa_2%3a1.3-21_all.deb ...
2026-09-13T15:47:56.2411002Z Unpacking tipa (2:1.3-21) ...
2026-09-13T15:47:56.4691000Z Selecting previously unselected package xpdf.
2026-09-13T15:47:56.4850905Z Preparing to unpack .../84-xpdf_3.04+git20240202-1build3_amd64.deb ...
2026-09-13T15:47:56.4897313Z Unpacking xpdf (3.04+git20240202-1build3) ...
2026-09-13T15:47:56.5165492Z Selecting previously unselected package cups-bsd.
2026-09-13T15:47:56.5325082Z Preparing to unpack .../85-cups-bsd_2.4.7-1.2ubuntu7.14_amd64.deb ...
2026-09-13T15:47:56.5331695Z Unpacking cups-bsd (2.4.7-1.2ubuntu7.14) ...
2026-09-13T15:47:56.5810421Z Setting up libjcode-pm-perl (2.06-1.1build1) ...
2026-09-13T15:47:56.5839778Z Setting up libpaper1:amd64 (1.1.29build1) ...
2026-09-13T15:47:56.7639961Z 
2026-09-13T15:47:56.7640534Z Creating config file /etc/papersize with new version
2026-09-13T15:47:56.8195147Z Setting up fonts-noto-mono (20201225-2) ...
2026-09-13T15:47:56.8222545Z Setting up fonts-texgyre-math (20180621-6) ...
2026-09-13T15:47:56.8251322Z Setting up libwoff1:amd64 (1.0.2-2build1) ...
2026-09-13T15:47:56.8269132Z Setting up libmujs3:amd64 (1.3.3-3build2) ...
2026-09-13T15:47:56.8286483Z Setting up libpoppler134:amd64 (24.02.0-1ubuntu9.9) ...
2026-09-13T15:47:56.8304120Z Setting up libio-stringy-perl (2.111-3) ...
2026-09-13T15:47:56.8320278Z Setting up libijs-0.35:amd64 (0.35-15.1build1) ...
2026-09-13T15:47:56.8338334Z Setting up cups-common (2.4.7-1.2ubuntu7.14) ...
2026-09-13T15:47:56.8362264Z Setting up preview-latex-style (13.2-1) ...
2026-09-13T15:47:56.8456192Z Setting up libgs-common (10.02.1~dfsg1-0ubuntu7.8) ...
2026-09-13T15:47:56.8473040Z Setting up libfontbox-java (1:1.8.16-5) ...
2026-09-13T15:47:56.8490660Z Setting up libxcb-shape0:amd64 (1.15-1ubuntu2) ...
2026-09-13T15:47:56.8507425Z Setting up libxxf86dga1:amd64 (2:1.1.5-1build1) ...
2026-09-13T15:47:56.8526083Z Setting up libpaper-utils (1.1.29build1) ...
2026-09-13T15:47:56.8542246Z Setting up libmotif-common (2.3.8-3.1build1) ...
2026-09-13T15:47:56.8564089Z Setting up cups-client (2.4.7-1.2ubuntu7.14) ...
2026-09-13T15:47:56.9310896Z info: Selecting GID from range 100 to 999 ...
2026-09-13T15:47:56.9341750Z info: Adding group `lpadmin' (GID 119) ...
2026-09-13T15:47:56.9484844Z Setting up poppler-data (0.4.12-1) ...
2026-09-13T15:47:56.9580879Z Setting up libdigest-perl-md5-perl (1.9-5) ...
2026-09-13T15:47:56.9597787Z Setting up libunicode-map-perl (0.112-13build4) ...
2026-09-13T15:47:56.9614082Z Setting up libzzip-0-13t64:amd64 (0.13.72+dfsg.1-1.2build1) ...
2026-09-13T15:47:56.9633609Z Setting up libjbig2dec0:amd64 (0.20-1ubuntu0.24.04.1) ...
2026-09-13T15:47:56.9650904Z Setting up libgumbo2:amd64 (0.12.0+dfsg-2build1) ...
2026-09-13T15:47:56.9667726Z Setting up libteckit0:amd64 (2.5.12+ds1-1) ...
2026-09-13T15:47:56.9685153Z Setting up libapache-pom-java (29-2) ...
2026-09-13T15:47:56.9703577Z Setting up xfonts-encodings (1:1.0.5-0ubuntu2) ...
2026-09-13T15:47:56.9720424Z Setting up t1utils (1.41-4build3) ...
2026-09-13T15:47:56.9737559Z Setting up libtexlua53-5:amd64 (2023.20230311.66589-9build3) ...
2026-09-13T15:47:56.9754770Z Setting up libcrypt-rc4-perl (2.02-5) ...
2026-09-13T15:47:56.9771141Z Setting up libxv1:amd64 (2:1.0.11-1.1build1) ...
2026-09-13T15:47:56.9818659Z Setting up libidn12:amd64 (1.42-1ubuntu0.1) ...
2026-09-13T15:47:56.9835966Z Setting up libpcsclite1:amd64 (2.0.3-1build1) ...
2026-09-13T15:47:56.9853087Z Setting up fonts-texgyre (20180621-6) ...
2026-09-13T15:47:56.9876598Z Setting up xaw3dg:amd64 (1.5+F-1.1build2) ...
2026-09-13T15:47:56.9893447Z Setting up libkpathsea6:amd64 (2023.20230311.66589-9build3) ...
2026-09-13T15:47:56.9910841Z Setting up libole-storage-lite-perl (0.22-1) ...
2026-09-13T15:47:56.9927517Z Setting up libgif7:amd64 (5.2.2-1ubuntu1.2) ...
2026-09-13T15:47:56.9945320Z Setting up libparse-recdescent-perl (1.967015+dfsg-4) ...
2026-09-13T15:47:56.9961847Z Setting up x11-utils (7.7+6build2) ...
2026-09-13T15:47:57.0042347Z Setting up fonts-lmodern (2.005-1) ...
2026-09-13T15:47:57.0064099Z Setting up libcarp-clan-perl (6.08-2) ...
2026-09-13T15:47:57.0083992Z Setting up fonts-droid-fallback (1:6.0.1r16-1.1build1) ...
2026-09-13T15:47:57.0305381Z Setting up poppler-utils (24.02.0-1ubuntu9.9) ...
2026-09-13T15:47:57.0333281Z Setting up libatk-wrapper-java (0.40.0-3build2) ...
2026-09-13T15:47:57.0350010Z Setting up ca-certificates-java (20240118) ...
2026-09-13T15:47:57.3947879Z Adding debian:ACCVRAIZ1.pem
2026-09-13T15:47:57.3984136Z Adding debian:AC_RAIZ_FNMT-RCM.pem
2026-09-13T15:47:57.4151654Z Adding debian:AC_RAIZ_FNMT-RCM_SERVIDORES_SEGUROS.pem
2026-09-13T15:47:57.4179976Z Adding debian:ANF_Secure_Server_Root_CA.pem
2026-09-13T15:47:57.4206993Z Adding debian:Actalis_Authentication_Root_CA.pem
2026-09-13T15:47:57.4223497Z Adding debian:Amazon_Root_CA_1.pem
2026-09-13T15:47:57.4249054Z Adding debian:Amazon_Root_CA_2.pem
2026-09-13T15:47:57.4259808Z Adding debian:Amazon_Root_CA_3.pem
2026-09-13T15:47:57.4271316Z Adding debian:Amazon_Root_CA_4.pem
2026-09-13T15:47:57.4289160Z Adding debian:Atos_TrustedRoot_2011.pem
2026-09-13T15:47:57.4302599Z Adding debian:Atos_TrustedRoot_Root_CA_ECC_TLS_2021.pem
2026-09-13T15:47:57.4327599Z Adding debian:Atos_TrustedRoot_Root_CA_RSA_TLS_2021.pem
2026-09-13T15:47:57.4356963Z Adding debian:Autoridad_de_Certificacion_Firmaprofesional_CIF_A62634068.pem
2026-09-13T15:47:57.4381823Z Adding debian:BJCA_Global_Root_CA1.pem
2026-09-13T15:47:57.4394459Z Adding debian:BJCA_Global_Root_CA2.pem
2026-09-13T15:47:57.4452297Z Adding debian:Buypass_Class_2_Root_CA.pem
2026-09-13T15:47:57.4476825Z Adding debian:Buypass_Class_3_Root_CA.pem
2026-09-13T15:47:57.4501624Z Adding debian:CA_Disig_Root_R2.pem
2026-09-13T15:47:57.4526747Z Adding debian:CFCA_EV_ROOT.pem
2026-09-13T15:47:57.4541405Z Adding debian:COMODO_ECC_Certification_Authority.pem
2026-09-13T15:47:57.4567513Z Adding debian:COMODO_RSA_Certification_Authority.pem
2026-09-13T15:47:57.4579122Z Adding debian:Certainly_Root_E1.pem
2026-09-13T15:47:57.4607438Z Adding debian:Certainly_Root_R1.pem
2026-09-13T15:47:57.4638532Z Adding debian:Certigna_Root_CA.pem
2026-09-13T15:47:57.4652849Z Adding debian:Certum_EC-384_CA.pem
2026-09-13T15:47:57.4670248Z Adding debian:Certum_Trusted_Network_CA.pem
2026-09-13T15:47:57.4695463Z Adding debian:Certum_Trusted_Network_CA_2.pem
2026-09-13T15:47:57.4720284Z Adding debian:Certum_Trusted_Root_CA.pem
2026-09-13T15:47:57.4735754Z Adding debian:D-TRUST_BR_Root_CA_1_2020.pem
2026-09-13T15:47:57.4761550Z Adding debian:D-TRUST_BR_Root_CA_2_2023.pem
2026-09-13T15:47:57.4778550Z Adding debian:D-TRUST_EV_Root_CA_1_2020.pem
2026-09-13T15:47:57.4805580Z Adding debian:D-TRUST_EV_Root_CA_2_2023.pem
2026-09-13T15:47:57.4825943Z Adding debian:D-TRUST_Root_Class_3_CA_2_2009.pem
2026-09-13T15:47:57.4848425Z Adding debian:D-TRUST_Root_Class_3_CA_2_EV_2009.pem
2026-09-13T15:47:57.4868167Z Adding debian:DigiCert_Assured_ID_Root_G2.pem
2026-09-13T15:47:57.4882402Z Adding debian:DigiCert_Assured_ID_Root_G3.pem
2026-09-13T15:47:57.4901266Z Adding debian:DigiCert_Global_Root_G2.pem
2026-09-13T15:47:57.4915410Z Adding debian:DigiCert_Global_Root_G3.pem
2026-09-13T15:47:57.4927100Z Adding debian:DigiCert_TLS_ECC_P384_Root_G5.pem
2026-09-13T15:47:57.4955239Z Adding debian:DigiCert_TLS_RSA4096_Root_G5.pem
2026-09-13T15:47:57.4985085Z Adding debian:DigiCert_Trusted_Root_G4.pem
2026-09-13T15:47:57.5014848Z Adding debian:Entrust_Root_Certification_Authority.pem
2026-09-13T15:47:57.5038508Z Adding debian:GDCA_TrustAUTH_R5_ROOT.pem
2026-09-13T15:47:57.5060785Z Adding debian:GTS_Root_R1.pem
2026-09-13T15:47:57.5073087Z Adding debian:GTS_Root_R3.pem
2026-09-13T15:47:57.5084409Z Adding debian:GTS_Root_R4.pem
2026-09-13T15:47:57.5094608Z Adding debian:GlobalSign_ECC_Root_CA_-_R4.pem
2026-09-13T15:47:57.5106232Z Adding debian:GlobalSign_ECC_Root_CA_-_R5.pem
2026-09-13T15:47:57.5125522Z Adding debian:GlobalSign_Root_CA_-_R3.pem
2026-09-13T15:47:57.5148914Z Adding debian:GlobalSign_Root_CA_-_R6.pem
2026-09-13T15:47:57.5159349Z Adding debian:GlobalSign_Root_E46.pem
2026-09-13T15:47:57.5179427Z Adding debian:GlobalSign_Root_R46.pem
2026-09-13T15:47:57.5195138Z Adding debian:Go_Daddy_Root_Certificate_Authority_-_G2.pem
2026-09-13T15:47:57.5205569Z Adding debian:HARICA_TLS_ECC_Root_CA_2021.pem
2026-09-13T15:47:57.5229066Z Adding debian:HARICA_TLS_RSA_Root_CA_2021.pem
2026-09-13T15:47:57.5243547Z Adding debian:Hellenic_Academic_and_Research_Institutions_ECC_RootCA_2015.pem
2026-09-13T15:47:57.5270743Z Adding debian:Hellenic_Academic_and_Research_Institutions_RootCA_2015.pem
2026-09-13T15:47:57.5296212Z Adding debian:HiPKI_Root_CA_-_G1.pem
2026-09-13T15:47:57.5320126Z Adding debian:Hongkong_Post_Root_CA_3.pem
2026-09-13T15:47:57.5342621Z Adding debian:ISRG_Root_X1.pem
2026-09-13T15:47:57.5352822Z Adding debian:ISRG_Root_X2.pem
2026-09-13T15:47:57.5376109Z Adding debian:IdenTrust_Commercial_Root_CA_1.pem
2026-09-13T15:47:57.5401160Z Adding debian:IdenTrust_Public_Sector_Root_CA_1.pem
2026-09-13T15:47:57.5427018Z Adding debian:Izenpe.com.pem
2026-09-13T15:47:57.5448076Z Adding debian:Microsec_e-Szigno_Root_CA_2009.pem
2026-09-13T15:47:57.5460601Z Adding debian:Microsoft_ECC_Root_Certificate_Authority_2017.pem
2026-09-13T15:47:57.5482583Z Adding debian:Microsoft_RSA_Root_Certificate_Authority_2017.pem
2026-09-13T15:47:57.5507589Z Adding debian:NAVER_Global_Root_Certification_Authority.pem
2026-09-13T15:47:57.5540557Z Adding debian:NetLock_Arany_=Class_Gold=_Főtanúsítvány.pem
2026-09-13T15:47:57.5552761Z Adding debian:OISTE_Server_Root_ECC_G1.pem
2026-09-13T15:47:57.5576739Z Adding debian:OISTE_Server_Root_RSA_G1.pem
2026-09-13T15:47:57.5592965Z Adding debian:OISTE_WISeKey_Global_Root_GB_CA.pem
2026-09-13T15:47:57.5607338Z Adding debian:OISTE_WISeKey_Global_Root_GC_CA.pem
2026-09-13T15:47:57.5630489Z Adding debian:QuoVadis_Root_CA_1_G3.pem
2026-09-13T15:47:57.5653131Z Adding debian:QuoVadis_Root_CA_2_G3.pem
2026-09-13T15:47:57.5675850Z Adding debian:QuoVadis_Root_CA_3_G3.pem
2026-09-13T15:47:57.5689807Z Adding debian:SSL.com_EV_Root_Certification_Authority_ECC.pem
2026-09-13T15:47:57.5714327Z Adding debian:SSL.com_EV_Root_Certification_Authority_RSA_R2.pem
2026-09-13T15:47:57.5726705Z Adding debian:SSL.com_Root_Certification_Authority_ECC.pem
2026-09-13T15:47:57.5755302Z Adding debian:SSL.com_Root_Certification_Authority_RSA.pem
2026-09-13T15:47:57.5765999Z Adding debian:SSL.com_TLS_ECC_Root_CA_2022.pem
2026-09-13T15:47:57.5787999Z Adding debian:SSL.com_TLS_RSA_Root_CA_2022.pem
2026-09-13T15:47:57.5804172Z Adding debian:SZAFIR_ROOT_CA2.pem
2026-09-13T15:47:57.5815826Z Adding debian:Sectigo_Public_Server_Authentication_Root_E46.pem
2026-09-13T15:47:57.5839402Z Adding debian:Sectigo_Public_Server_Authentication_Root_R46.pem
2026-09-13T15:47:57.5855126Z Adding debian:SecureSign_Root_CA12.pem
2026-09-13T15:47:57.5882968Z Adding debian:SecureSign_Root_CA14.pem
2026-09-13T15:47:57.5890679Z Adding debian:SecureSign_Root_CA15.pem
2026-09-13T15:47:57.5901786Z Adding debian:Security_Communication_ECC_RootCA1.pem
2026-09-13T15:47:57.5917877Z Adding debian:Security_Communication_RootCA2.pem
2026-09-13T15:47:57.5932985Z Adding debian:Starfield_Root_Certificate_Authority_-_G2.pem
2026-09-13T15:47:57.5948788Z Adding debian:Starfield_Services_Root_Certificate_Authority_-_G2.pem
2026-09-13T15:47:57.5970948Z Adding debian:SwissSign_RSA_TLS_Root_CA_2022_-_1.pem
2026-09-13T15:47:57.5988482Z Adding debian:T-TeleSec_GlobalRoot_Class_2.pem
2026-09-13T15:47:57.6005886Z Adding debian:T-TeleSec_GlobalRoot_Class_3.pem
2026-09-13T15:47:57.6024937Z Adding debian:TUBITAK_Kamu_SM_SSL_Kok_Sertifikasi_-_Surum_1.pem
2026-09-13T15:47:57.6047755Z Adding debian:TWCA_CYBER_Root_CA.pem
2026-09-13T15:47:57.6069941Z Adding debian:TWCA_Global_Root_CA.pem
2026-09-13T15:47:57.6085078Z Adding debian:TWCA_Root_Certification_Authority.pem
2026-09-13T15:47:57.6095051Z Adding debian:Telekom_Security_TLS_ECC_Root_2020.pem
2026-09-13T15:47:57.6122362Z Adding debian:Telekom_Security_TLS_RSA_Root_2023.pem
2026-09-13T15:47:57.6162926Z Adding debian:Telia_Root_CA_v2.pem
2026-09-13T15:47:57.6163843Z Adding debian:TrustAsia_Global_Root_CA_G3.pem
2026-09-13T15:47:57.6171740Z Adding debian:TrustAsia_Global_Root_CA_G4.pem
2026-09-13T15:47:57.6183656Z Adding debian:TrustAsia_TLS_ECC_Root_CA.pem
2026-09-13T15:47:57.6207178Z Adding debian:TrustAsia_TLS_RSA_Root_CA.pem
2026-09-13T15:47:57.6230962Z Adding debian:TunTrust_Root_CA.pem
2026-09-13T15:47:57.6252619Z Adding debian:UCA_Extended_Validation_Root.pem
2026-09-13T15:47:57.6276081Z Adding debian:UCA_Global_G2_Root.pem
2026-09-13T15:47:57.6288069Z Adding debian:USERTrust_ECC_Certification_Authority.pem
2026-09-13T15:47:57.6313301Z Adding debian:USERTrust_RSA_Certification_Authority.pem
2026-09-13T15:47:57.6335717Z Adding debian:certSIGN_Root_CA_G2.pem
2026-09-13T15:47:57.6347403Z Adding debian:e-Szigno_Root_CA_2017.pem
2026-09-13T15:47:57.6364381Z Adding debian:e-Szigno_TLS_Root_CA_2023.pem
2026-09-13T15:47:57.6388875Z Adding debian:ePKI_Root_Certification_Authority.pem
2026-09-13T15:47:57.6399703Z Adding debian:emSign_ECC_Root_CA_-_C3.pem
2026-09-13T15:47:57.6410331Z Adding debian:emSign_ECC_Root_CA_-_G3.pem
2026-09-13T15:47:57.6424117Z Adding debian:emSign_Root_CA_-_C1.pem
2026-09-13T15:47:57.6440152Z Adding debian:emSign_Root_CA_-_G1.pem
2026-09-13T15:47:57.6450250Z Adding debian:vTrus_ECC_Root_CA.pem
2026-09-13T15:47:57.6471190Z Adding debian:vTrus_Root_CA.pem
2026-09-13T15:47:57.6881993Z done.
2026-09-13T15:47:57.6914204Z Setting up libdate-manip-perl (6.95-1) ...
2026-09-13T15:47:57.6931464Z Setting up libxm4:amd64 (2.3.8-3.1build1) ...
2026-09-13T15:47:57.6948879Z Setting up libsynctex2:amd64 (2023.20230311.66589-9build3) ...
2026-09-13T15:47:57.6965530Z Setting up libpotrace0:amd64 (1.16-2build1) ...
2026-09-13T15:47:57.6981992Z Setting up libpdfbox-java (1:1.8.16-5) ...
2026-09-13T15:47:57.6999596Z Setting up openjdk-21-jre-headless:amd64 (21.0.12+8-1~24.04) ...
2026-09-13T15:47:57.7567847Z Setting up cups-bsd (2.4.7-1.2ubuntu7.14) ...
2026-09-13T15:47:57.8522437Z Setting up libcommons-parent-java (56-1) ...
2026-09-13T15:47:57.8539671Z Setting up libcommons-logging-java (1.3.0-1ubuntu1) ...
2026-09-13T15:47:57.8557535Z Setting up xfonts-utils (1:7.7+6build3) ...
2026-09-13T15:47:57.8603069Z Setting up mupdf-tools (1.23.10+ds1-1build3) ...
2026-09-13T15:47:57.8621965Z Setting up libspreadsheet-writeexcel-perl (2.40-4) ...
2026-09-13T15:47:57.8639976Z Setting up libatk-wrapper-java-jni:amd64 (0.40.0-3build2) ...
2026-09-13T15:47:57.8656279Z Setting up libbit-vector-perl:amd64 (7.4-3build1) ...
2026-09-13T15:47:57.8674317Z Setting up libptexenc1:amd64 (2023.20230311.66589-9build3) ...
2026-09-13T15:47:57.8691386Z Setting up libspreadsheet-parseexcel-perl (0.6600-1) ...
2026-09-13T15:47:57.8707710Z Setting up texlive-binaries (2023.20230311.66589-9build3) ...
2026-09-13T15:47:57.8772898Z update-alternatives: using /usr/bin/xdvi-xaw to provide /usr/bin/xdvi.bin (xdvi.bin) in auto mode
2026-09-13T15:47:57.8823249Z update-alternatives: using /usr/bin/bibtex.original to provide /usr/bin/bibtex (bibtex) in auto mode
2026-09-13T15:47:57.8863663Z Setting up lmodern (2.005-1) ...
2026-09-13T15:47:58.0452455Z Setting up xpdf (3.04+git20240202-1build3) ...
2026-09-13T15:47:58.0480319Z Setting up texlive-base (2023.20240207-1) ...
2026-09-13T15:47:58.7575880Z tl-paper: setting paper size for dvips to a4: /var/lib/texmf/dvips/config/config-paper.ps
2026-09-13T15:47:58.9665863Z tl-paper: setting paper size for dvipdfmx to a4: /var/lib/texmf/dvipdfmx/dvipdfmx-paper.cfg
2026-09-13T15:47:59.1756117Z tl-paper: setting paper size for xdvi to a4: /var/lib/texmf/xdvi/XDvi-paper
2026-09-13T15:47:59.3837995Z tl-paper: setting paper size for pdftex to a4: /var/lib/texmf/tex/generic/tex-ini-files/pdftexconfig.tex
2026-09-13T15:47:59.8757092Z Setting up tex-gyre (20180621-6) ...
2026-09-13T15:48:00.0272871Z Setting up libdate-calc-perl (6.4-2) ...
2026-09-13T15:48:00.0293058Z Setting up libdate-calc-xs-perl:amd64 (6.4-2build4) ...
2026-09-13T15:48:00.0310502Z Setting up texlive-plain-generic (2023.20240207-1) ...
2026-09-13T15:48:00.0350923Z Setting up fonts-urw-base35 (20200910-8) ...
2026-09-13T15:48:00.2770103Z Setting up texlive-latex-base (2023.20240207-1) ...
2026-09-13T15:48:00.2830077Z Setting up texlive-latex-recommended (2023.20240207-1) ...
2026-09-13T15:48:00.2866965Z Setting up texlive-pictures (2023.20240207-1) ...
2026-09-13T15:48:00.2919267Z Setting up texlive-fonts-recommended (2023.20240207-1) ...
2026-09-13T15:48:00.2967698Z Setting up tipa (2:1.3-21) ...
2026-09-13T15:48:00.3059003Z Setting up libgs10-common (10.02.1~dfsg1-0ubuntu7.8) ...
2026-09-13T15:48:00.3074780Z Setting up latexmk (1:4.83-1) ...
2026-09-13T15:48:00.3114601Z Setting up texlive-latex-extra (2023.20240207-1) ...
2026-09-13T15:48:00.3213538Z Setting up libgs10:amd64 (10.02.1~dfsg1-0ubuntu7.8) ...
2026-09-13T15:48:00.3238729Z Setting up dvisvgm (3.2.1+ds-1build1) ...
2026-09-13T15:48:00.3261224Z Setting up ghostscript (10.02.1~dfsg1-0ubuntu7.8) ...
2026-09-13T15:48:00.3346164Z Setting up gv (1:3.7.4-2build2) ...
2026-09-13T15:48:00.3568430Z Processing triggers for man-db (2.12.0-4build2) ...
2026-09-13T15:48:00.4751110Z Not building database; man-db/auto-update is not 'true'.
2026-09-13T15:48:00.5866644Z Processing triggers for tex-common (6.18) ...
2026-09-13T15:48:01.1877518Z Running mktexlsr. This may take some time... done.
2026-09-13T15:48:01.7526830Z Running updmap-sys. This may take some time... done.
2026-09-13T15:48:01.7791633Z Running mktexlsr /var/lib/texmf ... done.
2026-09-13T15:48:01.8705507Z Building format(s) --all.
2026-09-13T15:48:45.7446906Z 	This may take some time... done.
2026-09-13T15:48:45.7538631Z Processing triggers for install-info (7.1-3build2) ...
2026-09-13T15:48:46.0559527Z Processing triggers for fontconfig (2.15.0-1.1ubuntu2) ...
2026-09-13T15:48:46.4354417Z Processing triggers for hicolor-icon-theme (0.17-2) ...
2026-09-13T15:48:46.5223595Z Processing triggers for libc-bin (2.39-0ubuntu8.8) ...
2026-09-13T15:48:46.5602450Z Processing triggers for ca-certificates-java (20240118) ...
2026-09-13T15:48:46.5981961Z done.
2026-09-13T15:48:46.6026991Z Setting up openjdk-21-jre:amd64 (21.0.12+8-1~24.04) ...
2026-09-13T15:48:46.6079853Z Setting up default-jre-headless (2:1.21-75+exp1) ...
2026-09-13T15:48:46.6109763Z Setting up default-jre (2:1.21-75+exp1) ...
2026-09-13T15:48:47.2300723Z 
2026-09-13T15:48:47.2301464Z Running kernel seems to be up-to-date.
2026-09-13T15:48:47.2301850Z 
2026-09-13T15:48:47.2302006Z No services need to be restarted.
2026-09-13T15:48:47.2302503Z 
2026-09-13T15:48:47.2302661Z No containers need to be restarted.
2026-09-13T15:48:47.2302934Z 
2026-09-13T15:48:47.2303120Z No user sessions are running outdated binaries.
2026-09-13T15:48:47.2303458Z 
2026-09-13T15:48:47.2303772Z No VM guests are running outdated hypervisor (qemu) binaries on this host.
2026-09-13T15:48:48.1305923Z ##[group]Run uv run cffconvert --validate --infile CITATION.cff
2026-09-13T15:48:48.1306422Z [36;1muv run cffconvert --validate --infile CITATION.cff[0m
2026-09-13T15:48:48.1349546Z shell: /usr/bin/bash -e {0}
2026-09-13T15:48:48.1349813Z env:
2026-09-13T15:48:48.1350112Z   UV_PYTHON_INSTALL_DIR: /home/runner/work/_temp/uv-python-dir
2026-09-13T15:48:48.1350460Z   UV_PYTHON: 3.12
2026-09-13T15:48:48.1350729Z   UV_CACHE_DIR: /home/runner/work/_temp/setup-uv-cache
2026-09-13T15:48:48.1351038Z ##[endgroup]
2026-09-13T15:48:48.8446349Z Citation metadata are valid according to schema version 1.2.0.
2026-09-13T15:48:48.8792342Z ##[group]Run uv pip install --python .venv/bin/python --no-config --require-hashes --torch-backend cu129 --overrides requirements-formal.lock --dry-run -r requirements-formal.lock
2026-09-13T15:48:48.8793585Z [36;1muv pip install --python .venv/bin/python --no-config --require-hashes --torch-backend cu129 --overrides requirements-formal.lock --dry-run -r requirements-formal.lock[0m
2026-09-13T15:48:48.8794726Z [36;1muv pip install --python .venv/bin/python --no-config --no-deps --require-hashes --no-build-isolation-package flash-attn --dry-run -r requirements-formal-flash.txt[0m
2026-09-13T15:48:48.8836826Z shell: /usr/bin/bash -e {0}
2026-09-13T15:48:48.8837082Z env:
2026-09-13T15:48:48.8837375Z   UV_PYTHON_INSTALL_DIR: /home/runner/work/_temp/uv-python-dir
2026-09-13T15:48:48.8837717Z   UV_PYTHON: 3.12
2026-09-13T15:48:48.8837977Z   UV_CACHE_DIR: /home/runner/work/_temp/setup-uv-cache
2026-09-13T15:48:48.8838285Z ##[endgroup]
2026-09-13T15:48:49.5916276Z Resolved 113 packages in 646ms
2026-09-13T15:48:49.5942790Z Would download 41 packages
2026-09-13T15:48:49.5943185Z Would uninstall 39 packages
2026-09-13T15:48:49.5943552Z Would install 42 packages
2026-09-13T15:48:49.5967279Z  - accelerate==1.14.0
2026-09-13T15:48:49.5967672Z  + accelerate==1.13.0
2026-09-13T15:48:49.5967994Z  - click==8.4.2
2026-09-13T15:48:49.5968621Z  + click==8.5.0
2026-09-13T15:48:49.5978709Z  - coverage==7.15.4
2026-09-13T15:48:49.5979139Z  + coverage==7.16.0
2026-09-13T15:48:49.5979471Z  - datasets==4.8.5
2026-09-13T15:48:49.5979787Z  + datasets==4.8.4
2026-09-13T15:48:49.5980095Z  - filelock==3.32.3
2026-09-13T15:48:49.5980412Z  + filelock==3.32.4
2026-09-13T15:48:49.5980715Z  + gitdb==4.0.12
2026-09-13T15:48:49.5981026Z  + gitpython==3.1.61
2026-09-13T15:48:49.5981378Z  - huggingface-hub==1.27.0
2026-09-13T15:48:49.5981747Z  + huggingface-hub==1.29.0
2026-09-13T15:48:49.5982269Z  - idna==3.18
2026-09-13T15:48:49.5982567Z  + idna==3.19
2026-09-13T15:48:49.5982858Z  - kiwisolver==1.5.0
2026-09-13T15:48:49.5983188Z  + kiwisolver==1.5.1
2026-09-13T15:48:49.5983499Z  - mteb==2.19.3
2026-09-13T15:48:49.5983789Z  + mteb==2.18.16
2026-09-13T15:48:49.5984087Z  - narwhals==2.24.0
2026-09-13T15:48:49.5984390Z  + narwhals==2.25.0
2026-09-13T15:48:49.5984691Z  - numkong==7.8.0
2026-09-13T15:48:49.5984991Z  + numkong==7.8.1
2026-09-13T15:48:49.5985322Z  - nvidia-cublas-cu12==12.8.4.1
2026-09-13T15:48:49.5985721Z  + nvidia-cublas-cu12==12.9.1.4
2026-09-13T15:48:49.5986117Z  - nvidia-cuda-cupti-cu12==12.8.90
2026-09-13T15:48:49.5986533Z  + nvidia-cuda-cupti-cu12==12.9.79
2026-09-13T15:48:49.5986937Z  - nvidia-cuda-nvrtc-cu12==12.8.93
2026-09-13T15:48:49.5987335Z  + nvidia-cuda-nvrtc-cu12==12.9.86
2026-09-13T15:48:49.5987746Z  - nvidia-cuda-runtime-cu12==12.8.90
2026-09-13T15:48:49.5988167Z  + nvidia-cuda-runtime-cu12==12.9.79
2026-09-13T15:48:49.5988575Z  - nvidia-cufft-cu12==11.3.3.83
2026-09-13T15:48:49.5988957Z  + nvidia-cufft-cu12==11.4.1.4
2026-09-13T15:48:49.5989338Z  - nvidia-cufile-cu12==1.13.1.3
2026-09-13T15:48:49.5989714Z  + nvidia-cufile-cu12==1.14.1.1
2026-09-13T15:48:49.5990095Z  - nvidia-curand-cu12==10.3.9.90
2026-09-13T15:48:49.5990487Z  + nvidia-curand-cu12==10.3.10.19
2026-09-13T15:48:49.5990881Z  - nvidia-cusolver-cu12==11.7.3.90
2026-09-13T15:48:49.5991279Z  + nvidia-cusolver-cu12==11.7.5.82
2026-09-13T15:48:49.5991679Z  - nvidia-cusparse-cu12==12.5.8.93
2026-09-13T15:48:49.5991984Z  + nvidia-cusparse-cu12==12.5.10.65
2026-09-13T15:48:49.5992414Z  - nvidia-nvjitlink-cu12==12.8.93
2026-09-13T15:48:49.5992661Z  + nvidia-nvjitlink-cu12==12.9.86
2026-09-13T15:48:49.5992910Z  - nvidia-nvtx-cu12==12.8.90
2026-09-13T15:48:49.5993157Z  + nvidia-nvtx-cu12==12.9.79
2026-09-13T15:48:49.5993395Z  - platformdirs==4.11.3
2026-09-13T15:48:49.5993623Z  + platformdirs==4.11.5
2026-09-13T15:48:49.5993837Z  - polars==1.43.2
2026-09-13T15:48:49.5994039Z  + polars==1.44.1
2026-09-13T15:48:49.5994258Z  - polars-runtime-32==1.43.2
2026-09-13T15:48:49.5994509Z  + polars-runtime-32==1.44.1
2026-09-13T15:48:49.5995044Z  - protobuf==7.35.1
2026-09-13T15:48:49.5995259Z  + protobuf==7.36.0
2026-09-13T15:48:49.5995458Z  - pydantic==2.13.4
2026-09-13T15:48:49.5995717Z  + pydantic==2.13.5
2026-09-13T15:48:49.5996051Z  - pydantic-core==2.46.4
2026-09-13T15:48:49.5996407Z  + pydantic-core==2.46.5
2026-09-13T15:48:49.5996742Z  - pygments==2.20.0
2026-09-13T15:48:49.5997052Z  + pygments==2.21.0
2026-09-13T15:48:49.5997353Z  - regex==2026.7.19
2026-09-13T15:48:49.5997648Z  + regex==2026.8.31
2026-09-13T15:48:49.5997957Z  - ruff==0.16.3
2026-09-13T15:48:49.5998250Z  + ruff==0.16.5
2026-09-13T15:48:49.5998539Z  - scipy==1.18.0
2026-09-13T15:48:49.5998836Z  + scipy==1.18.1
2026-09-13T15:48:49.5999131Z  - sentry-sdk==2.68.0
2026-09-13T15:48:49.5999393Z  + sentry-sdk==2.68.1
2026-09-13T15:48:49.5999609Z  - setuptools==81.0.0
2026-09-13T15:48:49.5999815Z  + setuptools==84.0.0
2026-09-13T15:48:49.6000013Z  + smmap==5.0.3
2026-09-13T15:48:49.6000205Z  - torch==2.9.0
2026-09-13T15:48:49.6000401Z  + torch==2.9.1+cu129
2026-09-13T15:48:49.6000612Z  - triton==3.5.0
2026-09-13T15:48:49.6000808Z  + triton==3.5.1
2026-09-13T15:48:49.6000997Z  - typer==0.27.1
2026-09-13T15:48:49.6001187Z  + typer==0.27.2
2026-09-13T15:48:49.6001373Z  - wandb==0.28.2
2026-09-13T15:48:49.6001557Z  + wandb==0.26.1
2026-09-13T15:48:49.6001739Z  - xxhash==4.0.0
2026-09-13T15:48:49.6001925Z  + xxhash==4.0.1
2026-09-13T15:48:49.6659383Z Resolved 1 package in 50ms
2026-09-13T15:48:49.6659856Z Would download 1 package
2026-09-13T15:48:49.6660250Z Would install 1 package
2026-09-13T15:48:49.6660608Z  + flash-attn==2.7.4.post1
2026-09-13T15:48:49.6713044Z ##[group]Run uv pip install --python .venv/bin/python --no-config --require-hashes --torch-backend cu129 --overrides requirements-formal.lock -r requirements-formal.lock
2026-09-13T15:48:49.6714237Z [36;1muv pip install --python .venv/bin/python --no-config --require-hashes --torch-backend cu129 --overrides requirements-formal.lock -r requirements-formal.lock[0m
2026-09-13T15:48:49.6715217Z [36;1muv pip install --python .venv/bin/python --no-config --no-deps --require-hashes -r requirements-ci-flash-wheel.txt[0m
2026-09-13T15:48:49.6716013Z [36;1muv pip install --python .venv/bin/python --no-config --no-deps --require-hashes -r requirements-primary-replay.txt[0m
2026-09-13T15:48:49.6717200Z [36;1m.venv/bin/python -c 'import torch; import flash_attn_2_cuda; assert torch.version.cuda == "12.9"; assert torch._C._GLIBCXX_USE_CXX11_ABI; assert all(callable(getattr(flash_attn_2_cuda, n)) for n in ("fwd", "varlen_fwd", "bwd", "varlen_bwd", "fwd_kvcache"))'[0m
2026-09-13T15:48:49.6718301Z [36;1m.venv/bin/python -m embed_optim.runtime --spec configs/formal_runtime.json[0m
2026-09-13T15:48:49.6760119Z shell: /usr/bin/bash -e {0}
2026-09-13T15:48:49.6760383Z env:
2026-09-13T15:48:49.6760672Z   UV_PYTHON_INSTALL_DIR: /home/runner/work/_temp/uv-python-dir
2026-09-13T15:48:49.6761034Z   UV_PYTHON: 3.12
2026-09-13T15:48:49.6761304Z   UV_CACHE_DIR: /home/runner/work/_temp/setup-uv-cache
2026-09-13T15:48:49.6761621Z   CUDA_VISIBLE_DEVICES: 
2026-09-13T15:48:49.6761857Z ##[endgroup]
2026-09-13T15:48:49.7113860Z Resolved 113 packages in 17ms
2026-09-13T15:48:49.7826313Z Downloading pydantic-core (2.0MiB)
2026-09-13T15:48:49.7936211Z Downloading triton (162.6MiB)
2026-09-13T15:48:49.7992312Z Downloading pygments (1.2MiB)
2026-09-13T15:48:49.7993546Z Downloading kiwisolver (1.4MiB)
2026-09-13T15:48:49.7994694Z Downloading nvidia-curand-cu12 (65.1MiB)
2026-09-13T15:48:49.7995815Z Downloading polars-runtime-32 (55.8MiB)
2026-09-13T15:48:49.7997865Z Downloading ruff (9.8MiB)
2026-09-13T15:48:49.7998925Z Downloading nvidia-cufft-cu12 (191.6MiB)
2026-09-13T15:48:49.8000518Z Downloading scipy (33.7MiB)
2026-09-13T15:48:49.8005849Z Downloading wandb (25.9MiB)
2026-09-13T15:48:49.8008173Z Downloading nvidia-cufile-cu12 (1.2MiB)
2026-09-13T15:48:49.8010305Z Downloading mteb (5.8MiB)
2026-09-13T15:48:49.8015704Z Downloading numkong (10.0MiB)
2026-09-13T15:48:49.8017918Z Downloading nvidia-cuda-runtime-cu12 (3.3MiB)
2026-09-13T15:48:49.8020068Z Downloading nvidia-cublas-cu12 (554.3MiB)
2026-09-13T15:48:49.8022031Z Downloading nvidia-cusparse-cu12 (349.5MiB)
2026-09-13T15:48:49.8024346Z Downloading nvidia-cusolver-cu12 (322.5MiB)
2026-09-13T15:48:49.8028398Z Downloading nvidia-cuda-cupti-cu12 (10.3MiB)
2026-09-13T15:48:49.8036572Z Downloading torch (1.2GiB)
2026-09-13T15:48:49.8046918Z Downloading nvidia-cuda-nvrtc-cu12 (85.4MiB)
2026-09-13T15:48:49.8047519Z Downloading nvidia-nvjitlink-cu12 (37.9MiB)
2026-09-13T15:48:50.0351682Z  Downloaded pygments
2026-09-13T15:48:50.0380128Z  Downloaded nvidia-cufile-cu12
2026-09-13T15:48:50.0537091Z  Downloaded kiwisolver
2026-09-13T15:48:50.0905285Z  Downloaded pydantic-core
2026-09-13T15:48:50.2179497Z  Downloaded nvidia-cuda-runtime-cu12
2026-09-13T15:48:50.5735418Z  Downloaded ruff
2026-09-13T15:48:50.5931422Z  Downloaded mteb
2026-09-13T15:48:50.6079047Z  Downloaded nvidia-cuda-cupti-cu12
2026-09-13T15:48:50.6106387Z  Downloaded numkong
2026-09-13T15:48:51.2137342Z  Downloaded wandb
2026-09-13T15:48:51.4976377Z  Downloaded scipy
2026-09-13T15:48:51.6435208Z  Downloaded nvidia-nvjitlink-cu12
2026-09-13T15:48:52.2532835Z  Downloaded polars-runtime-32
2026-09-13T15:48:52.4023819Z  Downloaded nvidia-curand-cu12
2026-09-13T15:48:52.9039934Z  Downloaded nvidia-cuda-nvrtc-cu12
2026-09-13T15:48:54.0426716Z  Downloaded triton
2026-09-13T15:48:54.5403805Z  Downloaded nvidia-cufft-cu12
2026-09-13T15:48:56.0847190Z  Downloaded nvidia-cusolver-cu12
2026-09-13T15:48:56.2652921Z  Downloaded nvidia-cusparse-cu12
2026-09-13T15:48:57.0504164Z  Downloaded nvidia-cublas-cu12
2026-09-13T15:49:03.3790446Z  Downloaded torch
2026-09-13T15:49:03.3792694Z Prepared 41 packages in 13.66s
2026-09-13T15:49:03.7439950Z Uninstalled 39 packages in 364ms
2026-09-13T15:49:04.0019334Z Installed 42 packages in 257ms
2026-09-13T15:49:04.0023505Z  - accelerate==1.14.0
2026-09-13T15:49:04.0023965Z  + accelerate==1.13.0
2026-09-13T15:49:04.0024370Z  - click==8.4.2
2026-09-13T15:49:04.0024773Z  + click==8.5.0
2026-09-13T15:49:04.0025171Z  - coverage==7.15.4
2026-09-13T15:49:04.0025578Z  + coverage==7.16.0
2026-09-13T15:49:04.0026003Z  - datasets==4.8.5
2026-09-13T15:49:04.0026444Z  + datasets==4.8.4
2026-09-13T15:49:04.0026773Z  - filelock==3.32.3
2026-09-13T15:49:04.0027161Z  + filelock==3.32.4
2026-09-13T15:49:04.0027573Z  + gitdb==4.0.12
2026-09-13T15:49:04.0028987Z  + gitpython==3.1.61
2026-09-13T15:49:04.0029358Z  - huggingface-hub==1.27.0
2026-09-13T15:49:04.0029783Z  + huggingface-hub==1.29.0
2026-09-13T15:49:04.0030103Z  - idna==3.18
2026-09-13T15:49:04.0030797Z  + idna==3.19
2026-09-13T15:49:04.0031542Z  - kiwisolver==1.5.0
2026-09-13T15:49:04.0033165Z  + kiwisolver==1.5.1
2026-09-13T15:49:04.0033508Z  - mteb==2.19.3
2026-09-13T15:49:04.0033825Z  + mteb==2.18.16
2026-09-13T15:49:04.0034144Z  - narwhals==2.24.0
2026-09-13T15:49:04.0034464Z  + narwhals==2.25.0
2026-09-13T15:49:04.0034786Z  - numkong==7.8.0
2026-09-13T15:49:04.0035156Z  + numkong==7.8.1
2026-09-13T15:49:04.0035498Z  - nvidia-cublas-cu12==12.8.4.1
2026-09-13T15:49:04.0035902Z  + nvidia-cublas-cu12==12.9.1.4
2026-09-13T15:49:04.0036320Z  - nvidia-cuda-cupti-cu12==12.8.90
2026-09-13T15:49:04.0036750Z  + nvidia-cuda-cupti-cu12==12.9.79
2026-09-13T15:49:04.0037200Z  - nvidia-cuda-nvrtc-cu12==12.8.93
2026-09-13T15:49:04.0037630Z  + nvidia-cuda-nvrtc-cu12==12.9.86
2026-09-13T15:49:04.0038059Z  - nvidia-cuda-runtime-cu12==12.8.90
2026-09-13T15:49:04.0038519Z  + nvidia-cuda-runtime-cu12==12.9.79
2026-09-13T15:49:04.0038948Z  - nvidia-cufft-cu12==11.3.3.83
2026-09-13T15:49:04.0039340Z  + nvidia-cufft-cu12==11.4.1.4
2026-09-13T15:49:04.0039767Z  - nvidia-cufile-cu12==1.13.1.3
2026-09-13T15:49:04.0040152Z  + nvidia-cufile-cu12==1.14.1.1
2026-09-13T15:49:04.0040537Z  - nvidia-curand-cu12==10.3.9.90
2026-09-13T15:49:04.0040980Z  + nvidia-curand-cu12==10.3.10.19
2026-09-13T15:49:04.0041410Z  - nvidia-cusolver-cu12==11.7.3.90
2026-09-13T15:49:04.0041860Z  + nvidia-cusolver-cu12==11.7.5.82
2026-09-13T15:49:04.0042445Z  - nvidia-cusparse-cu12==12.5.8.93
2026-09-13T15:49:04.0042894Z  + nvidia-cusparse-cu12==12.5.10.65
2026-09-13T15:49:04.0043341Z  - nvidia-nvjitlink-cu12==12.8.93
2026-09-13T15:49:04.0043767Z  + nvidia-nvjitlink-cu12==12.9.86
2026-09-13T15:49:04.0044196Z  - nvidia-nvtx-cu12==12.8.90
2026-09-13T15:49:04.0044593Z  + nvidia-nvtx-cu12==12.9.79
2026-09-13T15:49:04.0044983Z  - platformdirs==4.11.3
2026-09-13T15:49:04.0045355Z  + platformdirs==4.11.5
2026-09-13T15:49:04.0045717Z  - polars==1.43.2
2026-09-13T15:49:04.0046042Z  + polars==1.44.1
2026-09-13T15:49:04.0046379Z  - polars-runtime-32==1.43.2
2026-09-13T15:49:04.0046790Z  + polars-runtime-32==1.44.1
2026-09-13T15:49:04.0047168Z  - protobuf==7.35.1
2026-09-13T15:49:04.0047500Z  + protobuf==7.36.0
2026-09-13T15:49:04.0047825Z  - pydantic==2.13.4
2026-09-13T15:49:04.0048151Z  + pydantic==2.13.5
2026-09-13T15:49:04.0048492Z  - pydantic-core==2.46.4
2026-09-13T15:49:04.0048875Z  + pydantic-core==2.46.5
2026-09-13T15:49:04.0049233Z  - pygments==2.20.0
2026-09-13T15:49:04.0049556Z  + pygments==2.21.0
2026-09-13T15:49:04.0049872Z  - regex==2026.7.19
2026-09-13T15:49:04.0050194Z  + regex==2026.8.31
2026-09-13T15:49:04.0050517Z  - ruff==0.16.3
2026-09-13T15:49:04.0050831Z  + ruff==0.16.5
2026-09-13T15:49:04.0051149Z  - scipy==1.18.0
2026-09-13T15:49:04.0051471Z  + scipy==1.18.1
2026-09-13T15:49:04.0051797Z  - sentry-sdk==2.68.0
2026-09-13T15:49:04.0052749Z  + sentry-sdk==2.68.1
2026-09-13T15:49:04.0054452Z  - setuptools==81.0.0
2026-09-13T15:49:04.0054688Z  + setuptools==84.0.0
2026-09-13T15:49:04.0054906Z  + smmap==5.0.3
2026-09-13T15:49:04.0055112Z  - torch==2.9.0
2026-09-13T15:49:04.0055324Z  + torch==2.9.1+cu129
2026-09-13T15:49:04.0055705Z  - triton==3.5.0
2026-09-13T15:49:04.0055907Z  + triton==3.5.1
2026-09-13T15:49:04.0056101Z  - typer==0.27.1
2026-09-13T15:49:04.0056291Z  + typer==0.27.2
2026-09-13T15:49:04.0056479Z  - wandb==0.28.2
2026-09-13T15:49:04.0056665Z  + wandb==0.26.1
2026-09-13T15:49:04.0056858Z  - xxhash==4.0.0
2026-09-13T15:49:04.0057111Z  + xxhash==4.0.1
2026-09-13T15:49:11.3392965Z Resolved 1 package in 7.31s
2026-09-13T15:49:11.4030633Z Downloading flash-attn (183.9MiB)
2026-09-13T15:49:20.2150678Z  Downloaded flash-attn
2026-09-13T15:49:20.2153453Z Prepared 1 package in 8.87s
2026-09-13T15:49:20.2182265Z Installed 1 package in 2ms
2026-09-13T15:49:20.2184771Z  + flash-attn==2.7.4.post1 (from https://huggingface.co/datasets/qcz/embedding-optimizer-study-analysis-artifacts/resolve/18c1ab7abc636d2542be6831591f31c171c7dcf6/runtime/flash-attention-2.7.4.post1-cu129-cp312-v1/c097029fa6c92cdcb690eba43c2c5ae93cec52dd70caeafd834ae2aaa4a97a2d/flash_attn-2.7.4.post1-cp312-cp312-linux_x86_64.whl)
2026-09-13T15:49:20.2304420Z Resolved 1 package in 1ms
2026-09-13T15:49:20.3161085Z Prepared 1 package in 85ms
2026-09-13T15:49:20.3210467Z Uninstalled 1 package in 4ms
2026-09-13T15:49:20.3284573Z Installed 1 package in 6ms
2026-09-13T15:49:20.3285459Z  - huggingface-hub==1.29.0
2026-09-13T15:49:20.3286075Z  + huggingface-hub==1.28.0
2026-09-13T15:49:25.6625728Z {
2026-09-13T15:49:25.6626090Z   "problems": [],
2026-09-13T15:49:25.6626388Z   "runtime": {
2026-09-13T15:49:25.6626602Z     "packages": {
2026-09-13T15:49:25.6626837Z       "accelerate": "1.13.0",
2026-09-13T15:49:25.6627110Z       "datasets": "4.8.4",
2026-09-13T15:49:25.6627358Z       "fast-plaid": "1.6.0.290",
2026-09-13T15:49:25.6627612Z       "flash-attn": "2.7.4.post1",
2026-09-13T15:49:25.6627890Z       "late-interaction-kernels": "0.4.5",
2026-09-13T15:49:25.6628196Z       "mteb": "2.18.16",
2026-09-13T15:49:25.6628421Z       "pylate": "1.6.0",
2026-09-13T15:49:25.6628665Z       "sentence-transformers": "5.7.0",
2026-09-13T15:49:25.6628946Z       "torch": "2.9.1+cu129",
2026-09-13T15:49:25.6629182Z       "transformers": "5.3.0",
2026-09-13T15:49:25.6629419Z       "usearch": "2.26.0",
2026-09-13T15:49:25.6629642Z       "wandb": "0.26.1"
2026-09-13T15:49:25.6629849Z     },
2026-09-13T15:49:25.6630040Z     "python": "3.12.3",
2026-09-13T15:49:25.6630290Z     "python_executable": "/usr/bin/python3.12",
2026-09-13T15:49:25.6630581Z     "torch_cuda": "12.9"
2026-09-13T15:49:25.6630790Z   },
2026-09-13T15:49:25.6630968Z   "valid": true
2026-09-13T15:49:25.6631154Z }
2026-09-13T15:49:25.9105669Z ##[group]Run uv run --no-sync python -m pytest -q tests/test_current_primary_source.py
2026-09-13T15:49:25.9106699Z [36;1muv run --no-sync python -m pytest -q tests/test_current_primary_source.py[0m
2026-09-13T15:49:25.9407061Z shell: /usr/bin/bash -e {0}
2026-09-13T15:49:25.9407538Z env:
2026-09-13T15:49:25.9407947Z   UV_PYTHON_INSTALL_DIR: /home/runner/work/_temp/uv-python-dir
2026-09-13T15:49:25.9408400Z   UV_PYTHON: 3.12
2026-09-13T15:49:25.9408665Z   UV_CACHE_DIR: /home/runner/work/_temp/setup-uv-cache
2026-09-13T15:49:25.9408970Z ##[endgroup]
2026-09-13T15:49:39.9739643Z ...                                                                      [100%]
2026-09-13T15:49:40.9146409Z ##[group]Run uv build
2026-09-13T15:49:40.9146676Z [36;1muv build[0m
2026-09-13T15:49:40.9188427Z shell: /usr/bin/bash -e {0}
2026-09-13T15:49:40.9188690Z env:
2026-09-13T15:49:40.9188974Z   UV_PYTHON_INSTALL_DIR: /home/runner/work/_temp/uv-python-dir
2026-09-13T15:49:40.9189318Z   UV_PYTHON: 3.12
2026-09-13T15:49:40.9189573Z   UV_CACHE_DIR: /home/runner/work/_temp/setup-uv-cache
2026-09-13T15:49:40.9189874Z ##[endgroup]
2026-09-13T15:49:40.9338188Z Building source distribution...
2026-09-13T15:49:41.3680459Z running egg_info
2026-09-13T15:49:41.3692363Z writing src/embedding_optimizer_study.egg-info/PKG-INFO
2026-09-13T15:49:41.3705294Z writing dependency_links to src/embedding_optimizer_study.egg-info/dependency_links.txt
2026-09-13T15:49:41.3715410Z writing entry points to src/embedding_optimizer_study.egg-info/entry_points.txt
2026-09-13T15:49:41.3723072Z writing requirements to src/embedding_optimizer_study.egg-info/requires.txt
2026-09-13T15:49:41.3724793Z writing top-level names to src/embedding_optimizer_study.egg-info/top_level.txt
2026-09-13T15:49:41.3855685Z reading manifest file 'src/embedding_optimizer_study.egg-info/SOURCES.txt'
2026-09-13T15:49:41.3917183Z reading manifest template 'MANIFEST.in'
2026-09-13T15:49:41.3919302Z adding license file 'LICENSE'
2026-09-13T15:49:41.3985379Z writing manifest file 'src/embedding_optimizer_study.egg-info/SOURCES.txt'
2026-09-13T15:49:41.5704247Z running sdist
2026-09-13T15:49:41.5706926Z running egg_info
2026-09-13T15:49:41.5726740Z writing src/embedding_optimizer_study.egg-info/PKG-INFO
2026-09-13T15:49:41.5740377Z writing dependency_links to src/embedding_optimizer_study.egg-info/dependency_links.txt
2026-09-13T15:49:41.5751256Z writing entry points to src/embedding_optimizer_study.egg-info/entry_points.txt
2026-09-13T15:49:41.5759425Z writing requirements to src/embedding_optimizer_study.egg-info/requires.txt
2026-09-13T15:49:41.5760603Z writing top-level names to src/embedding_optimizer_study.egg-info/top_level.txt
2026-09-13T15:49:41.5878575Z reading manifest file 'src/embedding_optimizer_study.egg-info/SOURCES.txt'
2026-09-13T15:49:41.5940032Z reading manifest template 'MANIFEST.in'
2026-09-13T15:49:41.5940532Z adding license file 'LICENSE'
2026-09-13T15:49:41.6007274Z writing manifest file 'src/embedding_optimizer_study.egg-info/SOURCES.txt'
2026-09-13T15:49:41.6009239Z running check
2026-09-13T15:49:41.6036859Z creating embedding_optimizer_study-0.1.0
2026-09-13T15:49:41.6045994Z creating embedding_optimizer_study-0.1.0/configs
2026-09-13T15:49:41.6047409Z creating embedding_optimizer_study-0.1.0/configs/generated/confirmatory
2026-09-13T15:49:41.6049148Z creating embedding_optimizer_study-0.1.0/configs/generated/short-branch
2026-09-13T15:49:41.6050266Z creating embedding_optimizer_study-0.1.0/docs
2026-09-13T15:49:41.6051548Z creating embedding_optimizer_study-0.1.0/paper
2026-09-13T15:49:41.6053159Z creating embedding_optimizer_study-0.1.0/paper/current
2026-09-13T15:49:41.6054373Z creating embedding_optimizer_study-0.1.0/paper/current/figures
2026-09-13T15:49:41.6056257Z creating embedding_optimizer_study-0.1.0/paper/current/generated
2026-09-13T15:49:41.6057380Z creating embedding_optimizer_study-0.1.0/paper/current/vendor
2026-09-13T15:49:41.6058499Z creating embedding_optimizer_study-0.1.0/paper/generated
2026-09-13T15:49:41.6059846Z creating embedding_optimizer_study-0.1.0/reports/candidate-breadth
2026-09-13T15:49:41.6061963Z creating embedding_optimizer_study-0.1.0/reports/confirmatory-data
2026-09-13T15:49:41.6063332Z creating embedding_optimizer_study-0.1.0/reports/dense-discovery
2026-09-13T15:49:41.6064623Z creating embedding_optimizer_study-0.1.0/reports/dense-discovery/figures
2026-09-13T15:49:41.6066107Z creating embedding_optimizer_study-0.1.0/reports/dense-retrieval-dynamics
2026-09-13T15:49:41.6067319Z creating embedding_optimizer_study-0.1.0/reports/retrieval-dynamics-dense
2026-09-13T15:49:41.6068391Z creating embedding_optimizer_study-0.1.0/reports/short-branch
2026-09-13T15:49:41.6069944Z creating embedding_optimizer_study-0.1.0/reports/state-operator-factorial
2026-09-13T15:49:41.6070937Z creating embedding_optimizer_study-0.1.0/reports/tail-stability
2026-09-13T15:49:41.6072346Z creating embedding_optimizer_study-0.1.0/reports/three-regime-diagnostic
2026-09-13T15:49:41.6073522Z creating embedding_optimizer_study-0.1.0/reports/training-dynamics
2026-09-13T15:49:41.6074810Z creating embedding_optimizer_study-0.1.0/reports/wandb
2026-09-13T15:49:41.6076031Z creating embedding_optimizer_study-0.1.0/reports/weight-space
2026-09-13T15:49:41.6077344Z creating embedding_optimizer_study-0.1.0/scripts
2026-09-13T15:49:41.6078676Z creating embedding_optimizer_study-0.1.0/scripts/eval
2026-09-13T15:49:41.6079888Z creating embedding_optimizer_study-0.1.0/src/embed_optim
2026-09-13T15:49:41.6081668Z creating embedding_optimizer_study-0.1.0/src/embed_optim_restore
2026-09-13T15:49:41.6087243Z creating embedding_optimizer_study-0.1.0/src/embed_optim_restore/references
2026-09-13T15:49:41.6088174Z creating embedding_optimizer_study-0.1.0/src/embedding_optimizer_study.egg-info
2026-09-13T15:49:41.6088922Z creating embedding_optimizer_study-0.1.0/tests
2026-09-13T15:49:41.6089482Z copying files to embedding_optimizer_study-0.1.0...
2026-09-13T15:49:41.6090087Z copying AGENTS.md -> embedding_optimizer_study-0.1.0
2026-09-13T15:49:41.6090706Z copying CITATION.cff -> embedding_optimizer_study-0.1.0
2026-09-13T15:49:41.6094590Z copying CODE_OF_CONDUCT.md -> embedding_optimizer_study-0.1.0
2026-09-13T15:49:41.6096626Z copying CONTRIBUTING.md -> embedding_optimizer_study-0.1.0
2026-09-13T15:49:41.6099062Z copying CURRENT_EXPERIMENT.md -> embedding_optimizer_study-0.1.0
2026-09-13T15:49:41.6101643Z copying CURRENT_PROGRESS.json -> embedding_optimizer_study-0.1.0
2026-09-13T15:49:41.6104452Z copying LICENSE -> embedding_optimizer_study-0.1.0
2026-09-13T15:49:41.6107828Z copying MANIFEST.in -> embedding_optimizer_study-0.1.0
2026-09-13T15:49:41.6109426Z copying PROJECT_STATUS.md -> embedding_optimizer_study-0.1.0
2026-09-13T15:49:41.6112884Z copying README.md -> embedding_optimizer_study-0.1.0
2026-09-13T15:49:41.6114662Z copying SECURITY.md -> embedding_optimizer_study-0.1.0
2026-09-13T15:49:41.6117892Z copying THIRD_PARTY_NOTICES.md -> embedding_optimizer_study-0.1.0
2026-09-13T15:49:41.6120990Z copying pyproject.toml -> embedding_optimizer_study-0.1.0
2026-09-13T15:49:41.6129355Z copying requirements-formal-flash.txt -> embedding_optimizer_study-0.1.0
2026-09-13T15:49:41.6129887Z copying requirements-formal.lock -> embedding_optimizer_study-0.1.0
2026-09-13T15:49:41.6130573Z copying configs/basis_sensitivity.json -> embedding_optimizer_study-0.1.0/configs
2026-09-13T15:49:41.6131576Z copying configs/beir_representation_probe.json -> embedding_optimizer_study-0.1.0/configs
2026-09-13T15:49:41.6134572Z copying configs/candidate_breadth_probe.json -> embedding_optimizer_study-0.1.0/configs
2026-09-13T15:49:41.6137007Z copying configs/causal_chain_analysis.json -> embedding_optimizer_study-0.1.0/configs
2026-09-13T15:49:41.6140329Z copying configs/common_state_probe.json -> embedding_optimizer_study-0.1.0/configs
2026-09-13T15:49:41.6143682Z copying configs/common_state_spectrum_probe.json -> embedding_optimizer_study-0.1.0/configs
2026-09-13T15:49:41.6146327Z copying configs/confirmatory_protocol.json -> embedding_optimizer_study-0.1.0/configs
2026-09-13T15:49:41.6149320Z copying configs/corpus_size_diagnostic.json -> embedding_optimizer_study-0.1.0/configs
2026-09-13T15:49:41.6152473Z copying configs/dense_correctness_candidate.yaml -> embedding_optimizer_study-0.1.0/configs
2026-09-13T15:49:41.6154029Z copying configs/dense_dimension_utilization_protocol.json -> embedding_optimizer_study-0.1.0/configs
2026-09-13T15:49:41.6156581Z copying configs/dense_no_packing_analysis_protocol.json -> embedding_optimizer_study-0.1.0/configs
2026-09-13T15:49:41.6159350Z copying configs/dense_no_packing_backup_provenance_migration.json -> embedding_optimizer_study-0.1.0/configs
2026-09-13T15:49:41.6162274Z copying configs/dense_no_packing_bridge_implementation_protocol.json -> embedding_optimizer_study-0.1.0/configs
2026-09-13T15:49:41.6165214Z copying configs/dense_no_packing_bridge_implementation_protocol_v2.json -> embedding_optimizer_study-0.1.0/configs
2026-09-13T15:49:41.6167955Z copying configs/dense_no_packing_completion_contract_migration.json -> embedding_optimizer_study-0.1.0/configs
2026-09-13T15:49:41.6170384Z copying configs/dense_no_packing_evaluation_protocol.json -> embedding_optimizer_study-0.1.0/configs
2026-09-13T15:49:41.6173138Z copying configs/dense_no_packing_execution_protocol.json -> embedding_optimizer_study-0.1.0/configs
2026-09-13T15:49:41.6175968Z copying configs/dense_no_packing_matrix_handoff_guard.json -> embedding_optimizer_study-0.1.0/configs
2026-09-13T15:49:41.6178310Z copying configs/dense_no_packing_outcome_protocol.json -> embedding_optimizer_study-0.1.0/configs
2026-09-13T15:49:41.6180989Z copying configs/dense_no_packing_preflight.yaml -> embedding_optimizer_study-0.1.0/configs
2026-09-13T15:49:41.6183746Z copying configs/dense_no_packing_preflight_protocol.json -> embedding_optimizer_study-0.1.0/configs
2026-09-13T15:49:41.6186763Z copying configs/dense_no_packing_publication_layout_migration.json -> embedding_optimizer_study-0.1.0/configs
2026-09-13T15:49:41.6188745Z copying configs/dense_no_packing_publication_narrative_migration.json -> embedding_optimizer_study-0.1.0/configs
2026-09-13T15:49:41.6190628Z copying configs/dense_no_packing_publication_protocol.json -> embedding_optimizer_study-0.1.0/configs
2026-09-13T15:49:41.6193085Z copying configs/dense_no_packing_retrain.yaml -> embedding_optimizer_study-0.1.0/configs
2026-09-13T15:49:41.6195429Z copying configs/dense_no_packing_sensitivity_implementation_protocol.json -> embedding_optimizer_study-0.1.0/configs
2026-09-13T15:49:41.6204092Z copying configs/dense_no_packing_state_operator_abstract_compliance_migration.json -> embedding_optimizer_study-0.1.0/configs
2026-09-13T15:49:41.6206592Z copying configs/dense_no_packing_state_operator_claim_wording_amendment.json -> embedding_optimizer_study-0.1.0/configs
2026-09-13T15:49:41.6209496Z copying configs/dense_no_packing_state_operator_factorial_completion_protocol.json -> embedding_optimizer_study-0.1.0/configs
2026-09-13T15:49:41.6212644Z copying configs/dense_no_packing_state_operator_factorial_implementation_protocol.json -> embedding_optimizer_study-0.1.0/configs
2026-09-13T15:49:41.6215453Z copying configs/dense_no_packing_state_operator_factorial_protocol.json -> embedding_optimizer_study-0.1.0/configs
2026-09-13T15:49:41.6217639Z copying configs/dense_no_packing_state_operator_factorial_publication_protocol.json -> embedding_optimizer_study-0.1.0/configs
2026-09-13T15:49:41.6220129Z copying configs/dense_no_packing_state_operator_weight_space_narrative_migration.json -> embedding_optimizer_study-0.1.0/configs
2026-09-13T15:49:41.6222716Z copying configs/dense_primary_dimension_archive_protocol.json -> embedding_optimizer_study-0.1.0/configs
2026-09-13T15:49:41.6225099Z copying configs/dense_primary_dimension_export_protocol.json -> embedding_optimizer_study-0.1.0/configs
2026-09-13T15:49:41.6227751Z copying configs/dense_primary_dimension_handoff_protocol.json -> embedding_optimizer_study-0.1.0/configs
2026-09-13T15:49:41.6230453Z copying configs/dense_primary_v2_protocol.json -> embedding_optimizer_study-0.1.0/configs
2026-09-13T15:49:41.6231853Z copying configs/dense_primary_v3_bridge_protocol.json -> embedding_optimizer_study-0.1.0/configs
2026-09-13T15:49:41.6234813Z copying configs/dense_primary_v3_data_amendment.json -> embedding_optimizer_study-0.1.0/configs
2026-09-13T15:49:41.6236662Z copying configs/dense_primary_v3_dimension_inference_protocol.json -> embedding_optimizer_study-0.1.0/configs
2026-09-13T15:49:41.6239736Z copying configs/dense_primary_v3_dimensions_protocol.json -> embedding_optimizer_study-0.1.0/configs
2026-09-13T15:49:41.6243002Z copying configs/dense_primary_v3_exact_bridge_protocol.json -> embedding_optimizer_study-0.1.0/configs
2026-09-13T15:49:41.6246194Z copying configs/dense_primary_v3_exact_geometry_protocol.json -> embedding_optimizer_study-0.1.0/configs
2026-09-13T15:49:41.6249432Z copying configs/dense_primary_v3_exact_publication_protocol.json -> embedding_optimizer_study-0.1.0/configs
2026-09-13T15:49:41.6263904Z copying configs/dense_primary_v3_geometry_protocol.json -> embedding_optimizer_study-0.1.0/configs
2026-09-13T15:49:41.6265123Z copying configs/dense_primary_v3_geometry_protocol_v2.json -> embedding_optimizer_study-0.1.0/configs
2026-09-13T15:49:41.6266218Z copying configs/dense_primary_v3_outcome_protocol.json -> embedding_optimizer_study-0.1.0/configs
2026-09-13T15:49:41.6267506Z copying configs/dense_primary_v3_outcome_protocol_v2.json -> embedding_optimizer_study-0.1.0/configs
2026-09-13T15:49:41.6268527Z copying configs/dense_primary_v3_protocol.json -> embedding_optimizer_study-0.1.0/configs
2026-09-13T15:49:41.6269563Z copying configs/dense_primary_v3_publication_protocol.json -> embedding_optimizer_study-0.1.0/configs
2026-09-13T15:49:41.6270672Z copying configs/dense_primary_v3_validation_protocol.json -> embedding_optimizer_study-0.1.0/configs
2026-09-13T15:49:41.6271748Z copying configs/dense_retrieval_dynamics_extension.json -> embedding_optimizer_study-0.1.0/configs
2026-09-13T15:49:41.6272893Z copying configs/dense_scope_amendment.json -> embedding_optimizer_study-0.1.0/configs
2026-09-13T15:49:41.6275771Z copying configs/dense_training_queue.json -> embedding_optimizer_study-0.1.0/configs
2026-09-13T15:49:41.6278659Z copying configs/dense_weight_entry_measurement_amendment.json -> embedding_optimizer_study-0.1.0/configs
2026-09-13T15:49:41.6280678Z copying configs/experiment.yaml -> embedding_optimizer_study-0.1.0/configs
2026-09-13T15:49:41.6286456Z copying configs/formal_runtime.json -> embedding_optimizer_study-0.1.0/configs
2026-09-13T15:49:41.6287453Z copying configs/formal_runtime_constraints.txt -> embedding_optimizer_study-0.1.0/configs
2026-09-13T15:49:41.6288476Z copying configs/functional_intervention.json -> embedding_optimizer_study-0.1.0/configs
2026-09-13T15:49:41.6289403Z copying configs/hybrid_adamw.yaml -> embedding_optimizer_study-0.1.0/configs
2026-09-13T15:49:41.6292001Z copying configs/hybrid_adamw_control.json -> embedding_optimizer_study-0.1.0/configs
2026-09-13T15:49:41.6295586Z copying configs/local_global_reversal.json -> embedding_optimizer_study-0.1.0/configs
2026-09-13T15:49:41.6298384Z copying configs/loss_retrieval_diagnostic.json -> embedding_optimizer_study-0.1.0/configs
2026-09-13T15:49:41.6300765Z copying configs/mechanism_analysis_integration.json -> embedding_optimizer_study-0.1.0/configs
2026-09-13T15:49:41.6302769Z copying configs/paper_claim_protocol.json -> embedding_optimizer_study-0.1.0/configs
2026-09-13T15:49:41.6305514Z copying configs/portable_paper_evidence.json -> embedding_optimizer_study-0.1.0/configs
2026-09-13T15:49:41.6318471Z copying configs/representation_probe.json -> embedding_optimizer_study-0.1.0/configs
2026-09-13T15:49:41.6321054Z copying configs/retrieval_dynamics_protocol.json -> embedding_optimizer_study-0.1.0/configs
2026-09-13T15:49:41.6323890Z copying configs/short_branch_protocol.json -> embedding_optimizer_study-0.1.0/configs
2026-09-13T15:49:41.6326024Z copying configs/smoke.yaml -> embedding_optimizer_study-0.1.0/configs
2026-09-13T15:49:41.6328262Z copying configs/spectral_transplant_intervention.json -> embedding_optimizer_study-0.1.0/configs
2026-09-13T15:49:41.6330706Z copying configs/stress.yaml -> embedding_optimizer_study-0.1.0/configs
2026-09-13T15:49:41.6333538Z copying configs/tail_stability_analysis.json -> embedding_optimizer_study-0.1.0/configs
2026-09-13T15:49:41.6336390Z copying configs/three_regime_diagnostic.json -> embedding_optimizer_study-0.1.0/configs
2026-09-13T15:49:41.6338347Z copying configs/training_data_contract.json -> embedding_optimizer_study-0.1.0/configs
2026-09-13T15:49:41.6340475Z copying configs/validation_probe.json -> embedding_optimizer_study-0.1.0/configs
2026-09-13T15:49:41.6343263Z copying configs/generated/confirmatory/seed161803.yaml -> embedding_optimizer_study-0.1.0/configs/generated/confirmatory
2026-09-13T15:49:41.6345333Z copying configs/generated/confirmatory/seed271828.yaml -> embedding_optimizer_study-0.1.0/configs/generated/confirmatory
2026-09-13T15:49:41.6347980Z copying configs/generated/confirmatory/seed314159.yaml -> embedding_optimizer_study-0.1.0/configs/generated/confirmatory
2026-09-13T15:49:41.6349828Z copying configs/generated/short-branch/seed161803.yaml -> embedding_optimizer_study-0.1.0/configs/generated/short-branch
2026-09-13T15:49:41.6352438Z copying configs/generated/short-branch/seed271828.yaml -> embedding_optimizer_study-0.1.0/configs/generated/short-branch
2026-09-13T15:49:41.6355144Z copying configs/generated/short-branch/seed314159.yaml -> embedding_optimizer_study-0.1.0/configs/generated/short-branch
2026-09-13T15:49:41.6357494Z copying docs/checkpoint-restoration.md -> embedding_optimizer_study-0.1.0/docs
2026-09-13T15:49:41.6360602Z copying docs/completion-gates.md -> embedding_optimizer_study-0.1.0/docs
2026-09-13T15:49:41.6364062Z copying docs/continuation-outcomes-restoration.md -> embedding_optimizer_study-0.1.0/docs
2026-09-13T15:49:41.6366749Z copying docs/continuation-probe-restoration.md -> embedding_optimizer_study-0.1.0/docs
2026-09-13T15:49:41.6368920Z copying docs/current-training-source.md -> embedding_optimizer_study-0.1.0/docs
2026-09-13T15:49:41.6371055Z copying docs/dense-eval-handoff.md -> embedding_optimizer_study-0.1.0/docs
2026-09-13T15:49:41.6373952Z copying docs/dense-no-packing-retrain.md -> embedding_optimizer_study-0.1.0/docs
2026-09-13T15:49:41.6377029Z copying docs/endpoint-statistics-restoration.md -> embedding_optimizer_study-0.1.0/docs
2026-09-13T15:49:41.6379823Z copying docs/evaluation-analysis-restoration.md -> embedding_optimizer_study-0.1.0/docs
2026-09-13T15:49:41.6382775Z copying docs/first-stage-evaluation-restoration.md -> embedding_optimizer_study-0.1.0/docs
2026-09-13T15:49:41.6389958Z copying docs/fourth-stage-evaluation-restoration.md -> embedding_optimizer_study-0.1.0/docs
2026-09-13T15:49:41.6392502Z copying docs/fourth-stage-pool-b-evaluation-restoration.md -> embedding_optimizer_study-0.1.0/docs
2026-09-13T15:49:41.6395003Z copying docs/functional-analysis-restoration.md -> embedding_optimizer_study-0.1.0/docs
2026-09-13T15:49:41.6397190Z copying docs/naacl-dense-paper-plan.md -> embedding_optimizer_study-0.1.0/docs
2026-09-13T15:49:41.6400220Z copying docs/naacl-paper-plan.md -> embedding_optimizer_study-0.1.0/docs
2026-09-13T15:49:41.6404977Z copying docs/paper-results-reproduction.md -> embedding_optimizer_study-0.1.0/docs
2026-09-13T15:49:41.6407839Z copying docs/predictor-analysis-restoration.md -> embedding_optimizer_study-0.1.0/docs
2026-09-13T15:49:41.6410665Z copying docs/pretrained-vector-restoration.md -> embedding_optimizer_study-0.1.0/docs
2026-09-13T15:49:41.6413318Z copying docs/retrieval-trajectories-restoration.md -> embedding_optimizer_study-0.1.0/docs
2026-09-13T15:49:41.6416141Z copying docs/saved-factorial-checkpoints.md -> embedding_optimizer_study-0.1.0/docs
2026-09-13T15:49:41.6418707Z copying docs/second-stage-evaluation-restoration.md -> embedding_optimizer_study-0.1.0/docs
2026-09-13T15:49:41.6421438Z copying docs/second-stage-pool-b-evaluation-restoration.md -> embedding_optimizer_study-0.1.0/docs
2026-09-13T15:49:41.6423832Z copying docs/source-version-testing.md -> embedding_optimizer_study-0.1.0/docs
2026-09-13T15:49:41.6426122Z copying docs/state-operator-factorial.md -> embedding_optimizer_study-0.1.0/docs
2026-09-13T15:49:41.6428607Z copying docs/third-stage-evaluation-restoration.md -> embedding_optimizer_study-0.1.0/docs
2026-09-13T15:49:41.6431835Z copying docs/third-stage-pool-b-evaluation-restoration.md -> embedding_optimizer_study-0.1.0/docs
2026-09-13T15:49:41.6435304Z copying docs/training-analysis-restoration.md -> embedding_optimizer_study-0.1.0/docs
2026-09-13T15:49:41.6438216Z copying docs/training-completion-evidence-restoration.md -> embedding_optimizer_study-0.1.0/docs
2026-09-13T15:49:41.6440650Z copying docs/training-restoration.md -> embedding_optimizer_study-0.1.0/docs
2026-09-13T15:49:41.6443495Z copying docs/versioned-paper-reproduction.md -> embedding_optimizer_study-0.1.0/docs
2026-09-13T15:49:41.6446172Z copying docs/weight-analysis-restoration.md -> embedding_optimizer_study-0.1.0/docs
2026-09-13T15:49:41.6448782Z copying paper/Makefile -> embedding_optimizer_study-0.1.0/paper
2026-09-13T15:49:41.6450958Z copying paper/README.md -> embedding_optimizer_study-0.1.0/paper
2026-09-13T15:49:41.6454214Z copying paper/legacy.Makefile -> embedding_optimizer_study-0.1.0/paper
2026-09-13T15:49:41.6456721Z copying paper/main.tex -> embedding_optimizer_study-0.1.0/paper
2026-09-13T15:49:41.6460224Z copying paper/references.bib -> embedding_optimizer_study-0.1.0/paper
2026-09-13T15:49:41.6462687Z copying paper/results.tex -> embedding_optimizer_study-0.1.0/paper
2026-09-13T15:49:41.6465452Z copying paper/current/README.md -> embedding_optimizer_study-0.1.0/paper/current
2026-09-13T15:49:41.6468162Z copying paper/current/document-snapshot.json -> embedding_optimizer_study-0.1.0/paper/current
2026-09-13T15:49:41.6470946Z copying paper/current/main.tex -> embedding_optimizer_study-0.1.0/paper/current
2026-09-13T15:49:41.6474388Z copying paper/current/references.bib -> embedding_optimizer_study-0.1.0/paper/current
2026-09-13T15:49:41.6477262Z copying paper/current/results.tex -> embedding_optimizer_study-0.1.0/paper/current
2026-09-13T15:49:41.6480080Z copying paper/current/figures/full-rate-retrieval-trajectories.pdf -> embedding_optimizer_study-0.1.0/paper/current/figures
2026-09-13T15:49:41.6482846Z copying paper/current/figures/optimizer-weight-dimension-map.pdf -> embedding_optimizer_study-0.1.0/paper/current/figures
2026-09-13T15:49:41.6486939Z copying paper/current/figures/weight-to-retrieval-map.pdf -> embedding_optimizer_study-0.1.0/paper/current/figures
2026-09-13T15:49:41.6490102Z copying paper/current/generated/dimension-utilization.tex -> embedding_optimizer_study-0.1.0/paper/current/generated
2026-09-13T15:49:41.6493010Z copying paper/current/generated/optimizer-primary.tex -> embedding_optimizer_study-0.1.0/paper/current/generated
2026-09-13T15:49:41.6495426Z copying paper/current/generated/recipe-sensitivity.tex -> embedding_optimizer_study-0.1.0/paper/current/generated
2026-09-13T15:49:41.6497915Z copying paper/current/generated/state-operator-factorial.tex -> embedding_optimizer_study-0.1.0/paper/current/generated
2026-09-13T15:49:41.6500286Z copying paper/current/vendor/acl.sty -> embedding_optimizer_study-0.1.0/paper/current/vendor
2026-09-13T15:49:41.6503156Z copying paper/current/vendor/acl_natbib.bst -> embedding_optimizer_study-0.1.0/paper/current/vendor
2026-09-13T15:49:41.6507769Z copying paper/generated/dimension-utilization.tex -> embedding_optimizer_study-0.1.0/paper/generated
2026-09-13T15:49:41.6510326Z copying paper/generated/optimizer-primary.tex -> embedding_optimizer_study-0.1.0/paper/generated
2026-09-13T15:49:41.6513016Z copying paper/generated/state-operator-factorial.tex -> embedding_optimizer_study-0.1.0/paper/generated
2026-09-13T15:49:41.6516109Z copying reports/candidate-breadth/calibration_by_width.csv -> embedding_optimizer_study-0.1.0/reports/candidate-breadth
2026-09-13T15:49:41.6518918Z copying reports/candidate-breadth/candidate_breadth_calibration.pdf -> embedding_optimizer_study-0.1.0/reports/candidate-breadth
2026-09-13T15:49:41.6522390Z copying reports/candidate-breadth/candidate_breadth_calibration.svg -> embedding_optimizer_study-0.1.0/reports/candidate-breadth
2026-09-13T15:49:41.6528746Z copying reports/candidate-breadth/data-audit.json -> embedding_optimizer_study-0.1.0/reports/candidate-breadth
2026-09-13T15:49:41.6531315Z copying reports/candidate-breadth/high_dose_contrasts.csv -> embedding_optimizer_study-0.1.0/reports/candidate-breadth
2026-09-13T15:49:41.6534138Z copying reports/candidate-breadth/packing_invariance.json -> embedding_optimizer_study-0.1.0/reports/candidate-breadth
2026-09-13T15:49:41.6536826Z copying reports/candidate-breadth/publication_manifest.json -> embedding_optimizer_study-0.1.0/reports/candidate-breadth
2026-09-13T15:49:41.6539126Z copying reports/candidate-breadth/summary.json -> embedding_optimizer_study-0.1.0/reports/candidate-breadth
2026-09-13T15:49:41.6541804Z copying reports/confirmatory-data/receipt.json -> embedding_optimizer_study-0.1.0/reports/confirmatory-data
2026-09-13T15:49:41.6544502Z copying reports/dense-discovery/best_config_dynamics.csv -> embedding_optimizer_study-0.1.0/reports/dense-discovery
2026-09-13T15:49:41.6547031Z copying reports/dense-discovery/best_config_task_comparison.csv -> embedding_optimizer_study-0.1.0/reports/dense-discovery
2026-09-13T15:49:41.6549622Z copying reports/dense-discovery/checkpoint_summary.csv -> embedding_optimizer_study-0.1.0/reports/dense-discovery
2026-09-13T15:49:41.6552046Z copying reports/dense-discovery/coverage.json -> embedding_optimizer_study-0.1.0/reports/dense-discovery
2026-09-13T15:49:41.6555604Z copying reports/dense-discovery/evaluation_long.csv -> embedding_optimizer_study-0.1.0/reports/dense-discovery
2026-09-13T15:49:41.6561989Z copying reports/dense-discovery/optimizer_summary.csv -> embedding_optimizer_study-0.1.0/reports/dense-discovery
2026-09-13T15:49:41.6564767Z copying reports/dense-discovery/paired_comparison.csv -> embedding_optimizer_study-0.1.0/reports/dense-discovery
2026-09-13T15:49:41.6567405Z copying reports/dense-discovery/system_metrics.csv -> embedding_optimizer_study-0.1.0/reports/dense-discovery
2026-09-13T15:49:41.6569351Z copying reports/dense-discovery/system_summary.csv -> embedding_optimizer_study-0.1.0/reports/dense-discovery
2026-09-13T15:49:41.6571442Z copying reports/dense-discovery/training_history.csv -> embedding_optimizer_study-0.1.0/reports/dense-discovery
2026-09-13T15:49:41.6584970Z copying reports/dense-discovery/figures/dense-lr-sensitivity.png -> embedding_optimizer_study-0.1.0/reports/dense-discovery/figures
2026-09-13T15:49:41.6590428Z copying reports/dense-discovery/figures/dense-training-dynamics-by-run.png -> embedding_optimizer_study-0.1.0/reports/dense-discovery/figures
2026-09-13T15:49:41.6596839Z copying reports/dense-discovery/figures/dense-training-dynamics.png -> embedding_optimizer_study-0.1.0/reports/dense-discovery/figures
2026-09-13T15:49:41.6602007Z copying reports/dense-retrieval-dynamics/README.md -> embedding_optimizer_study-0.1.0/reports/dense-retrieval-dynamics
2026-09-13T15:49:41.6604884Z copying reports/dense-retrieval-dynamics/confirmatory-evaluation-receipt.json -> embedding_optimizer_study-0.1.0/reports/dense-retrieval-dynamics
2026-09-13T15:49:41.6615304Z copying reports/dense-retrieval-dynamics/evaluation-receipt.json -> embedding_optimizer_study-0.1.0/reports/dense-retrieval-dynamics
2026-09-13T15:49:41.6625793Z copying reports/dense-retrieval-dynamics/five_stage_retrieval_dynamics.csv -> embedding_optimizer_study-0.1.0/reports/dense-retrieval-dynamics
2026-09-13T15:49:41.6628767Z copying reports/dense-retrieval-dynamics/five_stage_retrieval_dynamics.pdf -> embedding_optimizer_study-0.1.0/reports/dense-retrieval-dynamics
2026-09-13T15:49:41.6632051Z copying reports/dense-retrieval-dynamics/five_stage_retrieval_dynamics.svg -> embedding_optimizer_study-0.1.0/reports/dense-retrieval-dynamics
2026-09-13T15:49:41.6637971Z copying reports/dense-retrieval-dynamics/hybrid-evaluation-receipt.json -> embedding_optimizer_study-0.1.0/reports/dense-retrieval-dynamics
2026-09-13T15:49:41.6643810Z copying reports/dense-retrieval-dynamics/summary_manifest.json -> embedding_optimizer_study-0.1.0/reports/dense-retrieval-dynamics
2026-09-13T15:49:41.6653306Z copying reports/retrieval-dynamics-dense/best_config_task_comparison.csv -> embedding_optimizer_study-0.1.0/reports/retrieval-dynamics-dense
2026-09-13T15:49:41.6655682Z copying reports/retrieval-dynamics-dense/best_config_task_delta_dynamics.csv -> embedding_optimizer_study-0.1.0/reports/retrieval-dynamics-dense
2026-09-13T15:49:41.6658607Z copying reports/retrieval-dynamics-dense/checkpoint_dynamics.csv -> embedding_optimizer_study-0.1.0/reports/retrieval-dynamics-dense
2026-09-13T15:49:41.6661062Z copying reports/retrieval-dynamics-dense/optimizer_first_passage.csv -> embedding_optimizer_study-0.1.0/reports/retrieval-dynamics-dense
2026-09-13T15:49:41.6663041Z copying reports/retrieval-dynamics-dense/quality_vs_useful_wall_time.svg -> embedding_optimizer_study-0.1.0/reports/retrieval-dynamics-dense
2026-09-13T15:49:41.6668964Z copying reports/retrieval-dynamics-dense/run_first_passage.csv -> embedding_optimizer_study-0.1.0/reports/retrieval-dynamics-dense
2026-09-13T15:49:41.6670964Z copying reports/retrieval-dynamics-dense/summary_manifest.json -> embedding_optimizer_study-0.1.0/reports/retrieval-dynamics-dense
2026-09-13T15:49:41.6674084Z copying reports/retrieval-dynamics-dense/task_delta_stability.csv -> embedding_optimizer_study-0.1.0/reports/retrieval-dynamics-dense
2026-09-13T15:49:41.6676587Z copying reports/short-branch/subset-receipt.json -> embedding_optimizer_study-0.1.0/reports/short-branch
2026-09-13T15:49:41.6679478Z copying reports/state-operator-factorial/abstract-compliance-runtime-migration.json -> embedding_optimizer_study-0.1.0/reports/state-operator-factorial
2026-09-13T15:49:41.6681425Z copying reports/tail-stability/README.md -> embedding_optimizer_study-0.1.0/reports/tail-stability
2026-09-13T15:49:41.6684316Z copying reports/tail-stability/discovery_anchor_tail.csv -> embedding_optimizer_study-0.1.0/reports/tail-stability
2026-09-13T15:49:41.6686985Z copying reports/tail-stability/discovery_cross_tail.csv -> embedding_optimizer_study-0.1.0/reports/tail-stability
2026-09-13T15:49:41.6689380Z copying reports/tail-stability/discovery_cross_tail_summary.csv -> embedding_optimizer_study-0.1.0/reports/tail-stability
2026-09-13T15:49:41.6691351Z copying reports/tail-stability/discovery_family_contrasts.csv -> embedding_optimizer_study-0.1.0/reports/tail-stability
2026-09-13T15:49:41.6693864Z copying reports/tail-stability/summary_manifest.json -> embedding_optimizer_study-0.1.0/reports/tail-stability
2026-09-13T15:49:41.6698906Z copying reports/three-regime-diagnostic/README.md -> embedding_optimizer_study-0.1.0/reports/three-regime-diagnostic
2026-09-13T15:49:41.6701629Z copying reports/three-regime-diagnostic/high_dose_contrasts.csv -> embedding_optimizer_study-0.1.0/reports/three-regime-diagnostic
2026-09-13T15:49:41.6704501Z copying reports/three-regime-diagnostic/run_metrics.csv -> embedding_optimizer_study-0.1.0/reports/three-regime-diagnostic
2026-09-13T15:49:41.6706298Z copying reports/three-regime-diagnostic/summary.json -> embedding_optimizer_study-0.1.0/reports/three-regime-diagnostic
2026-09-13T15:49:41.6708591Z copying reports/three-regime-diagnostic/summary_manifest.json -> embedding_optimizer_study-0.1.0/reports/three-regime-diagnostic
2026-09-13T15:49:41.6711385Z copying reports/training-dynamics/optimizer_system_summary.csv -> embedding_optimizer_study-0.1.0/reports/training-dynamics
2026-09-13T15:49:41.6714269Z copying reports/training-dynamics/plot_manifest.json -> embedding_optimizer_study-0.1.0/reports/training-dynamics
2026-09-13T15:49:41.6716784Z copying reports/training-dynamics/run_summary.csv -> embedding_optimizer_study-0.1.0/reports/training-dynamics
2026-09-13T15:49:41.6719541Z copying reports/training-dynamics/stage_dynamics.csv -> embedding_optimizer_study-0.1.0/reports/training-dynamics
2026-09-13T15:49:41.6722367Z copying reports/training-dynamics/summary_manifest.json -> embedding_optimizer_study-0.1.0/reports/training-dynamics
2026-09-13T15:49:41.6725477Z copying reports/training-dynamics/system_tradeoffs.svg -> embedding_optimizer_study-0.1.0/reports/training-dynamics
2026-09-13T15:49:41.6731013Z copying reports/training-dynamics/training_loss_dynamics.svg -> embedding_optimizer_study-0.1.0/reports/training-dynamics
2026-09-13T15:49:41.6737369Z copying reports/wandb/dense_source_provenance_audit.json -> embedding_optimizer_study-0.1.0/reports/wandb
2026-09-13T15:49:41.6741533Z copying reports/weight-space/README.md -> embedding_optimizer_study-0.1.0/reports/weight-space
2026-09-13T15:49:41.6744356Z copying reports/weight-space/checkpoint_trajectory.csv -> embedding_optimizer_study-0.1.0/reports/weight-space
2026-09-13T15:49:41.6747003Z copying reports/weight-space/optimizer_geometry_phase.svg -> embedding_optimizer_study-0.1.0/reports/weight-space
2026-09-13T15:49:41.6752869Z copying reports/weight-space/optimizer_pair_contrast_trajectory.csv -> embedding_optimizer_study-0.1.0/reports/weight-space
2026-09-13T15:49:41.6755974Z copying reports/weight-space/optimizer_pair_contrast_trajectory.svg -> embedding_optimizer_study-0.1.0/reports/weight-space
2026-09-13T15:49:41.6761914Z copying reports/weight-space/optimizer_pair_contrasts.csv -> embedding_optimizer_study-0.1.0/reports/weight-space
2026-09-13T15:49:41.6764499Z copying reports/weight-space/run_trajectory_summary.csv -> embedding_optimizer_study-0.1.0/reports/weight-space
2026-09-13T15:49:41.6767120Z copying reports/weight-space/summary_manifest.json -> embedding_optimizer_study-0.1.0/reports/weight-space
2026-09-13T15:49:41.6769437Z copying scripts/restore_factorial_probes.py -> embedding_optimizer_study-0.1.0/scripts
2026-09-13T15:49:41.6772446Z copying scripts/restore_functional_analysis.py -> embedding_optimizer_study-0.1.0/scripts
2026-09-13T15:49:41.6775545Z copying scripts/restore_primary_v3.py -> embedding_optimizer_study-0.1.0/scripts
2026-09-13T15:49:41.6778535Z copying scripts/eval/dense_no_packing_parallel.py -> embedding_optimizer_study-0.1.0/scripts/eval
2026-09-13T15:49:41.6779741Z copying scripts/eval/dense_parallel.py -> embedding_optimizer_study-0.1.0/scripts/eval
2026-09-13T15:49:41.6781333Z copying scripts/eval/dense_sequential.py -> embedding_optimizer_study-0.1.0/scripts/eval
2026-09-13T15:49:41.6782844Z copying src/embed_optim/__init__.py -> embedding_optimizer_study-0.1.0/src/embed_optim
2026-09-13T15:49:41.6784679Z copying src/embed_optim/aggregate.py -> embedding_optimizer_study-0.1.0/src/embed_optim
2026-09-13T15:49:41.6786780Z copying src/embed_optim/artifact_inventory.py -> embedding_optimizer_study-0.1.0/src/embed_optim
2026-09-13T15:49:41.6788004Z copying src/embed_optim/basis_sensitivity.py -> embedding_optimizer_study-0.1.0/src/embed_optim
2026-09-13T15:49:41.6793205Z copying src/embed_optim/beir_probe.py -> embedding_optimizer_study-0.1.0/src/embed_optim
2026-09-13T15:49:41.6796330Z copying src/embed_optim/bridge_exact_arithmetic.py -> embedding_optimizer_study-0.1.0/src/embed_optim
2026-09-13T15:49:41.6799369Z copying src/embed_optim/bridge_named_features.py -> embedding_optimizer_study-0.1.0/src/embed_optim
2026-09-13T15:49:41.6802565Z copying src/embed_optim/bridge_numerics.py -> embedding_optimizer_study-0.1.0/src/embed_optim
2026-09-13T15:49:41.6805292Z copying src/embed_optim/callbacks.py -> embedding_optimizer_study-0.1.0/src/embed_optim
2026-09-13T15:49:41.6806759Z copying src/embed_optim/candidate_breadth_data.py -> embedding_optimizer_study-0.1.0/src/embed_optim
2026-09-13T15:49:41.6811662Z copying src/embed_optim/candidate_breadth_evaluation.py -> embedding_optimizer_study-0.1.0/src/embed_optim
2026-09-13T15:49:41.6814901Z copying src/embed_optim/candidate_breadth_matrix.py -> embedding_optimizer_study-0.1.0/src/embed_optim
2026-09-13T15:49:41.6817300Z copying src/embed_optim/candidate_breadth_publication.py -> embedding_optimizer_study-0.1.0/src/embed_optim
2026-09-13T15:49:41.6820719Z copying src/embed_optim/candidate_breadth_release.py -> embedding_optimizer_study-0.1.0/src/embed_optim
2026-09-13T15:49:41.6823985Z copying src/embed_optim/candidate_breadth_summary.py -> embedding_optimizer_study-0.1.0/src/embed_optim
2026-09-13T15:49:41.6827817Z copying src/embed_optim/causal_chain_rendering.py -> embedding_optimizer_study-0.1.0/src/embed_optim
2026-09-13T15:49:41.6833538Z copying src/embed_optim/causal_chain_reporting.py -> embedding_optimizer_study-0.1.0/src/embed_optim
2026-09-13T15:49:41.6840663Z copying src/embed_optim/checkpoint_watch.py -> embedding_optimizer_study-0.1.0/src/embed_optim
2026-09-13T15:49:41.6845237Z copying src/embed_optim/collators.py -> embedding_optimizer_study-0.1.0/src/embed_optim
2026-09-13T15:49:41.6846753Z copying src/embed_optim/common_state_matrix.py -> embedding_optimizer_study-0.1.0/src/embed_optim
2026-09-13T15:49:41.6850290Z copying src/embed_optim/common_state_spectra.py -> embedding_optimizer_study-0.1.0/src/embed_optim
2026-09-13T15:49:41.6857730Z copying src/embed_optim/common_state_spectrum_plot.py -> embedding_optimizer_study-0.1.0/src/embed_optim
2026-09-13T15:49:41.6860883Z copying src/embed_optim/common_state_summary.py -> embedding_optimizer_study-0.1.0/src/embed_optim
2026-09-13T15:49:41.6864374Z copying src/embed_optim/complete_paper_document.py -> embedding_optimizer_study-0.1.0/src/embed_optim
2026-09-13T15:49:41.6867617Z copying src/embed_optim/completion_backup_contract_migration.py -> embedding_optimizer_study-0.1.0/src/embed_optim
2026-09-13T15:49:41.6870704Z copying src/embed_optim/completion_contract_migration.py -> embedding_optimizer_study-0.1.0/src/embed_optim
2026-09-13T15:49:41.6873285Z copying src/embed_optim/config.py -> embedding_optimizer_study-0.1.0/src/embed_optim
2026-09-13T15:49:41.6874939Z copying src/embed_optim/confirmatory_data.py -> embedding_optimizer_study-0.1.0/src/embed_optim
2026-09-13T15:49:41.6879780Z copying src/embed_optim/confirmatory_evaluation.py -> embedding_optimizer_study-0.1.0/src/embed_optim
2026-09-13T15:49:41.6882421Z copying src/embed_optim/confirmatory_matrix.py -> embedding_optimizer_study-0.1.0/src/embed_optim
2026-09-13T15:49:41.6885290Z copying src/embed_optim/confirmatory_summary.py -> embedding_optimizer_study-0.1.0/src/embed_optim
2026-09-13T15:49:41.6888266Z copying src/embed_optim/corpus_size_diagnostic.py -> embedding_optimizer_study-0.1.0/src/embed_optim
2026-09-13T15:49:41.6891567Z copying src/embed_optim/corrected_beir_evaluation.py -> embedding_optimizer_study-0.1.0/src/embed_optim
2026-09-13T15:49:41.6894619Z copying src/embed_optim/corrected_checkpoint_backup.py -> embedding_optimizer_study-0.1.0/src/embed_optim
2026-09-13T15:49:41.6897152Z copying src/embed_optim/corrected_completion_pipeline.py -> embedding_optimizer_study-0.1.0/src/embed_optim
2026-09-13T15:49:41.6899971Z copying src/embed_optim/corrected_execution_sensitivity.py -> embedding_optimizer_study-0.1.0/src/embed_optim
2026-09-13T15:49:41.6903354Z copying src/embed_optim/corrected_geometry_matrix.py -> embedding_optimizer_study-0.1.0/src/embed_optim
2026-09-13T15:49:41.6905833Z copying src/embed_optim/corrected_geometry_summary.py -> embedding_optimizer_study-0.1.0/src/embed_optim
2026-09-13T15:49:41.6908536Z copying src/embed_optim/corrected_input_execution.py -> embedding_optimizer_study-0.1.0/src/embed_optim
2026-09-13T15:49:41.6910078Z copying src/embed_optim/corrected_outcome_summary.py -> embedding_optimizer_study-0.1.0/src/embed_optim
2026-09-13T15:49:41.6913301Z copying src/embed_optim/corrected_progress.py -> embedding_optimizer_study-0.1.0/src/embed_optim
2026-09-13T15:49:41.6915939Z copying src/embed_optim/corrected_publication.py -> embedding_optimizer_study-0.1.0/src/embed_optim
2026-09-13T15:49:41.6919830Z copying src/embed_optim/corrected_retrieval_bridge.py -> embedding_optimizer_study-0.1.0/src/embed_optim
2026-09-13T15:49:41.6923002Z copying src/embed_optim/corrected_validation_evaluation.py -> embedding_optimizer_study-0.1.0/src/embed_optim
2026-09-13T15:49:41.6925314Z copying src/embed_optim/corrected_validation_matrix.py -> embedding_optimizer_study-0.1.0/src/embed_optim
2026-09-13T15:49:41.6927732Z copying src/embed_optim/corrected_wandb_audit.py -> embedding_optimizer_study-0.1.0/src/embed_optim
2026-09-13T15:49:41.6930363Z copying src/embed_optim/current_paper.py -> embedding_optimizer_study-0.1.0/src/embed_optim
2026-09-13T15:49:41.6933378Z copying src/embed_optim/data.py -> embedding_optimizer_study-0.1.0/src/embed_optim
2026-09-13T15:49:41.6936312Z copying src/embed_optim/decontamination.py -> embedding_optimizer_study-0.1.0/src/embed_optim
2026-09-13T15:49:41.6937658Z copying src/embed_optim/dense_completion_pipeline.py -> embedding_optimizer_study-0.1.0/src/embed_optim
2026-09-13T15:49:41.6942522Z copying src/embed_optim/dense_eval_handoff.py -> embedding_optimizer_study-0.1.0/src/embed_optim
2026-09-13T15:49:41.6946765Z copying src/embed_optim/dense_finalization_pipeline.py -> embedding_optimizer_study-0.1.0/src/embed_optim
2026-09-13T15:49:41.6949718Z copying src/embed_optim/dense_no_packing_preflight.py -> embedding_optimizer_study-0.1.0/src/embed_optim
2026-09-13T15:49:41.6952483Z copying src/embed_optim/dense_numerical_contract.py -> embedding_optimizer_study-0.1.0/src/embed_optim
2026-09-13T15:49:41.6953766Z copying src/embed_optim/dense_retrieval_dynamics_evaluation.py -> embedding_optimizer_study-0.1.0/src/embed_optim
2026-09-13T15:49:41.6957013Z copying src/embed_optim/dense_retrieval_dynamics_publication.py -> embedding_optimizer_study-0.1.0/src/embed_optim
2026-09-13T15:49:41.6959959Z copying src/embed_optim/dense_retrieval_dynamics_summary.py -> embedding_optimizer_study-0.1.0/src/embed_optim
2026-09-13T15:49:41.6963350Z copying src/embed_optim/dense_run_contract.py -> embedding_optimizer_study-0.1.0/src/embed_optim
2026-09-13T15:49:41.6965141Z copying src/embed_optim/dimension_archive.py -> embedding_optimizer_study-0.1.0/src/embed_optim
2026-09-13T15:49:41.6967926Z copying src/embed_optim/dimension_inference.py -> embedding_optimizer_study-0.1.0/src/embed_optim
2026-09-13T15:49:41.6970914Z copying src/embed_optim/dimension_inference_render.py -> embedding_optimizer_study-0.1.0/src/embed_optim
2026-09-13T15:49:41.6973452Z copying src/embed_optim/dimension_intervention_io.py -> embedding_optimizer_study-0.1.0/src/embed_optim
2026-09-13T15:49:41.6975934Z copying src/embed_optim/dimension_interventions.py -> embedding_optimizer_study-0.1.0/src/embed_optim
2026-09-13T15:49:41.6978426Z copying src/embed_optim/dimension_publication.py -> embedding_optimizer_study-0.1.0/src/embed_optim
2026-09-13T15:49:41.6983827Z copying src/embed_optim/dimension_release.py -> embedding_optimizer_study-0.1.0/src/embed_optim
2026-09-13T15:49:41.6986820Z copying src/embed_optim/dimension_replay.py -> embedding_optimizer_study-0.1.0/src/embed_optim
2026-09-13T15:49:41.6990772Z copying src/embed_optim/dimension_utilization.py -> embedding_optimizer_study-0.1.0/src/embed_optim
2026-09-13T15:49:41.6994776Z copying src/embed_optim/distribution_audit.py -> embedding_optimizer_study-0.1.0/src/embed_optim
2026-09-13T15:49:41.6998703Z copying src/embed_optim/dose_band_analysis.py -> embedding_optimizer_study-0.1.0/src/embed_optim
2026-09-13T15:49:41.7003840Z copying src/embed_optim/evaluate_matrix.py -> embedding_optimizer_study-0.1.0/src/embed_optim
2026-09-13T15:49:41.7005702Z copying src/embed_optim/evaluation_progress.py -> embedding_optimizer_study-0.1.0/src/embed_optim
2026-09-13T15:49:41.7009024Z copying src/embed_optim/evaluation_source_archive.py -> embedding_optimizer_study-0.1.0/src/embed_optim
2026-09-13T15:49:41.7014343Z copying src/embed_optim/evaluation_source_provenance.py -> embedding_optimizer_study-0.1.0/src/embed_optim
2026-09-13T15:49:41.7015907Z copying src/embed_optim/evaluation_supervisor.py -> embedding_optimizer_study-0.1.0/src/embed_optim
2026-09-13T15:49:41.7019113Z copying src/embed_optim/evaluation_utils.py -> embedding_optimizer_study-0.1.0/src/embed_optim
2026-09-13T15:49:41.7020872Z copying src/embed_optim/exact_bridge_measurements.py -> embedding_optimizer_study-0.1.0/src/embed_optim
2026-09-13T15:49:41.7025136Z copying src/embed_optim/factorial_v3_batches.py -> embedding_optimizer_study-0.1.0/src/embed_optim
2026-09-13T15:49:41.7027097Z copying src/embed_optim/factorial_v3_bound_trainer.py -> embedding_optimizer_study-0.1.0/src/embed_optim
2026-09-13T15:49:41.7029980Z copying src/embed_optim/factorial_v3_calibration.py -> embedding_optimizer_study-0.1.0/src/embed_optim
2026-09-13T15:49:41.7032639Z copying src/embed_optim/factorial_v3_checkpoint.py -> embedding_optimizer_study-0.1.0/src/embed_optim
2026-09-13T15:49:41.7034576Z copying src/embed_optim/factorial_v3_factory.py -> embedding_optimizer_study-0.1.0/src/embed_optim
2026-09-13T15:49:41.7036952Z copying src/embed_optim/factorial_v3_inputs.py -> embedding_optimizer_study-0.1.0/src/embed_optim
2026-09-13T15:49:41.7039912Z copying src/embed_optim/factorial_v3_optimizer.py -> embedding_optimizer_study-0.1.0/src/embed_optim
2026-09-13T15:49:41.7042842Z copying src/embed_optim/factorial_v3_run_contract.py -> embedding_optimizer_study-0.1.0/src/embed_optim
2026-09-13T15:49:41.7046082Z copying src/embed_optim/factorial_v3_trainer.py -> embedding_optimizer_study-0.1.0/src/embed_optim
2026-09-13T15:49:41.7048995Z copying src/embed_optim/factorial_v3_worker.py -> embedding_optimizer_study-0.1.0/src/embed_optim
2026-09-13T15:49:41.7051814Z copying src/embed_optim/family_training_queue.py -> embedding_optimizer_study-0.1.0/src/embed_optim
2026-09-13T15:49:41.7055083Z copying src/embed_optim/functional_intervention.py -> embedding_optimizer_study-0.1.0/src/embed_optim
2026-09-13T15:49:41.7058330Z copying src/embed_optim/functional_intervention_matrix.py -> embedding_optimizer_study-0.1.0/src/embed_optim
2026-09-13T15:49:41.7060718Z copying src/embed_optim/functional_intervention_summary.py -> embedding_optimizer_study-0.1.0/src/embed_optim
2026-09-13T15:49:41.7063478Z copying src/embed_optim/geometry.py -> embedding_optimizer_study-0.1.0/src/embed_optim
2026-09-13T15:49:41.7066772Z copying src/embed_optim/geometry_plot.py -> embedding_optimizer_study-0.1.0/src/embed_optim
2026-09-13T15:49:41.7069321Z copying src/embed_optim/geometry_robustness.py -> embedding_optimizer_study-0.1.0/src/embed_optim
2026-09-13T15:49:41.7071607Z copying src/embed_optim/geometry_summary.py -> embedding_optimizer_study-0.1.0/src/embed_optim
2026-09-13T15:49:41.7074239Z copying src/embed_optim/gpu_lease.py -> embedding_optimizer_study-0.1.0/src/embed_optim
2026-09-13T15:49:41.7075496Z copying src/embed_optim/gradient_probe.py -> embedding_optimizer_study-0.1.0/src/embed_optim
2026-09-13T15:49:41.7078841Z copying src/embed_optim/hybrid_control.py -> embedding_optimizer_study-0.1.0/src/embed_optim
2026-09-13T15:49:41.7081895Z copying src/embed_optim/hybrid_evaluation.py -> embedding_optimizer_study-0.1.0/src/embed_optim
2026-09-13T15:49:41.7084679Z copying src/embed_optim/incremental_checkpoint_backup.py -> embedding_optimizer_study-0.1.0/src/embed_optim
2026-09-13T15:49:41.7087276Z copying src/embed_optim/local_global_reversal.py -> embedding_optimizer_study-0.1.0/src/embed_optim
2026-09-13T15:49:41.7090103Z copying src/embed_optim/losses.py -> embedding_optimizer_study-0.1.0/src/embed_optim
2026-09-13T15:49:41.7091880Z copying src/embed_optim/matrix.py -> embedding_optimizer_study-0.1.0/src/embed_optim
2026-09-13T15:49:41.7095096Z copying src/embed_optim/matrix_handoff_guard.py -> embedding_optimizer_study-0.1.0/src/embed_optim
2026-09-13T15:49:41.7098043Z copying src/embed_optim/mechanism_bridge.py -> embedding_optimizer_study-0.1.0/src/embed_optim
2026-09-13T15:49:41.7101132Z copying src/embed_optim/mechanism_report.py -> embedding_optimizer_study-0.1.0/src/embed_optim
2026-09-13T15:49:41.7105327Z copying src/embed_optim/optimizer_state_devices.py -> embedding_optimizer_study-0.1.0/src/embed_optim
2026-09-13T15:49:41.7107562Z copying src/embed_optim/optimizers.py -> embedding_optimizer_study-0.1.0/src/embed_optim
2026-09-13T15:49:41.7109143Z copying src/embed_optim/outcome_report.py -> embedding_optimizer_study-0.1.0/src/embed_optim
2026-09-13T15:49:41.7113926Z copying src/embed_optim/packing_invariance.py -> embedding_optimizer_study-0.1.0/src/embed_optim
2026-09-13T15:49:41.7116893Z copying src/embed_optim/paper_audit.py -> embedding_optimizer_study-0.1.0/src/embed_optim
2026-09-13T15:49:41.7123588Z copying src/embed_optim/paper_layout.py -> embedding_optimizer_study-0.1.0/src/embed_optim
2026-09-13T15:49:41.7124879Z copying src/embed_optim/paper_reproduction.py -> embedding_optimizer_study-0.1.0/src/embed_optim
2026-09-13T15:49:41.7128024Z copying src/embed_optim/paper_results.py -> embedding_optimizer_study-0.1.0/src/embed_optim
2026-09-13T15:49:41.7132864Z copying src/embed_optim/post_eval_pipeline.py -> embedding_optimizer_study-0.1.0/src/embed_optim
2026-09-13T15:49:41.7136665Z copying src/embed_optim/primary_completion.py -> embedding_optimizer_study-0.1.0/src/embed_optim
2026-09-13T15:49:41.7138444Z copying src/embed_optim/primary_contract.py -> embedding_optimizer_study-0.1.0/src/embed_optim
2026-09-13T15:49:41.7139819Z copying src/embed_optim/primary_data_revision.py -> embedding_optimizer_study-0.1.0/src/embed_optim
2026-09-13T15:49:41.7143233Z copying src/embed_optim/primary_dimension_probe.py -> embedding_optimizer_study-0.1.0/src/embed_optim
2026-09-13T15:49:41.7146301Z copying src/embed_optim/primary_exact_geometry_kernels.py -> embedding_optimizer_study-0.1.0/src/embed_optim
2026-09-13T15:49:41.7149289Z copying src/embed_optim/primary_geometry_kernels.py -> embedding_optimizer_study-0.1.0/src/embed_optim
2026-09-13T15:49:41.7151882Z copying src/embed_optim/primary_geometry_reductions.py -> embedding_optimizer_study-0.1.0/src/embed_optim
2026-09-13T15:49:41.7154609Z copying src/embed_optim/primary_io.py -> embedding_optimizer_study-0.1.0/src/embed_optim
2026-09-13T15:49:41.7156383Z copying src/embed_optim/primary_training.py -> embedding_optimizer_study-0.1.0/src/embed_optim
2026-09-13T15:49:41.7157935Z copying src/embed_optim/primary_v3_bridge.py -> embedding_optimizer_study-0.1.0/src/embed_optim
2026-09-13T15:49:41.7161426Z copying src/embed_optim/primary_v3_completion.py -> embedding_optimizer_study-0.1.0/src/embed_optim
2026-09-13T15:49:41.7164421Z copying src/embed_optim/primary_v3_contract.py -> embedding_optimizer_study-0.1.0/src/embed_optim
2026-09-13T15:49:41.7165694Z copying src/embed_optim/primary_v3_dimension_contract.py -> embedding_optimizer_study-0.1.0/src/embed_optim
2026-09-13T15:49:41.7168876Z copying src/embed_optim/primary_v3_dimension_exports.py -> embedding_optimizer_study-0.1.0/src/embed_optim
2026-09-13T15:49:41.7172295Z copying src/embed_optim/primary_v3_dimension_inference.py -> embedding_optimizer_study-0.1.0/src/embed_optim
2026-09-13T15:49:41.7175647Z copying src/embed_optim/primary_v3_dimension_vector_io.py -> embedding_optimizer_study-0.1.0/src/embed_optim
2026-09-13T15:49:41.7178622Z copying src/embed_optim/primary_v3_dimensions.py -> embedding_optimizer_study-0.1.0/src/embed_optim
2026-09-13T15:49:41.7181548Z copying src/embed_optim/primary_v3_exact_bridge.py -> embedding_optimizer_study-0.1.0/src/embed_optim
2026-09-13T15:49:41.7184389Z copying src/embed_optim/primary_v3_exact_geometry.py -> embedding_optimizer_study-0.1.0/src/embed_optim
2026-09-13T15:49:41.7186924Z copying src/embed_optim/primary_v3_exact_geometry_io.py -> embedding_optimizer_study-0.1.0/src/embed_optim
2026-09-13T15:49:41.7189972Z copying src/embed_optim/primary_v3_exact_geometry_primitives.py -> embedding_optimizer_study-0.1.0/src/embed_optim
2026-09-13T15:49:41.7193505Z copying src/embed_optim/primary_v3_exact_publication.py -> embedding_optimizer_study-0.1.0/src/embed_optim
2026-09-13T15:49:41.7196223Z copying src/embed_optim/primary_v3_exact_publication_contract.py -> embedding_optimizer_study-0.1.0/src/embed_optim
2026-09-13T15:49:41.7198712Z copying src/embed_optim/primary_v3_exact_publication_render.py -> embedding_optimizer_study-0.1.0/src/embed_optim
2026-09-13T15:49:41.7201134Z copying src/embed_optim/primary_v3_exact_reconstruction.py -> embedding_optimizer_study-0.1.0/src/embed_optim
2026-09-13T15:49:41.7204288Z copying src/embed_optim/primary_v3_exact_reconstruction_archive.py -> embedding_optimizer_study-0.1.0/src/embed_optim
2026-09-13T15:49:41.7207159Z copying src/embed_optim/primary_v3_geometry.py -> embedding_optimizer_study-0.1.0/src/embed_optim
2026-09-13T15:49:41.7210255Z copying src/embed_optim/primary_v3_geometry_io.py -> embedding_optimizer_study-0.1.0/src/embed_optim
2026-09-13T15:49:41.7213524Z copying src/embed_optim/primary_v3_geometry_primitives.py -> embedding_optimizer_study-0.1.0/src/embed_optim
2026-09-13T15:49:41.7216550Z copying src/embed_optim/primary_v3_geometry_reconstruction.py -> embedding_optimizer_study-0.1.0/src/embed_optim
2026-09-13T15:49:41.7219003Z copying src/embed_optim/primary_v3_io.py -> embedding_optimizer_study-0.1.0/src/embed_optim
2026-09-13T15:49:41.7221298Z copying src/embed_optim/primary_v3_joint_reconstruction.py -> embedding_optimizer_study-0.1.0/src/embed_optim
2026-09-13T15:49:41.7224048Z copying src/embed_optim/primary_v3_manuscript.py -> embedding_optimizer_study-0.1.0/src/embed_optim
2026-09-13T15:49:41.7226879Z copying src/embed_optim/primary_v3_manuscript_build.py -> embedding_optimizer_study-0.1.0/src/embed_optim
2026-09-13T15:49:41.7229300Z copying src/embed_optim/primary_v3_outcome_primitives.py -> embedding_optimizer_study-0.1.0/src/embed_optim
2026-09-13T15:49:41.7232408Z copying src/embed_optim/primary_v3_outcome_reconstruction.py -> embedding_optimizer_study-0.1.0/src/embed_optim
2026-09-13T15:49:41.7235013Z copying src/embed_optim/primary_v3_outcomes.py -> embedding_optimizer_study-0.1.0/src/embed_optim
2026-09-13T15:49:41.7237628Z copying src/embed_optim/primary_v3_paper_layout.py -> embedding_optimizer_study-0.1.0/src/embed_optim
2026-09-13T15:49:41.7239844Z copying src/embed_optim/primary_v3_publication.py -> embedding_optimizer_study-0.1.0/src/embed_optim
2026-09-13T15:49:41.7242990Z copying src/embed_optim/primary_v3_publication_archive.py -> embedding_optimizer_study-0.1.0/src/embed_optim
2026-09-13T15:49:41.7245260Z copying src/embed_optim/primary_v3_publication_bridge.py -> embedding_optimizer_study-0.1.0/src/embed_optim
2026-09-13T15:49:41.7247953Z copying src/embed_optim/primary_v3_publication_contract.py -> embedding_optimizer_study-0.1.0/src/embed_optim
2026-09-13T15:49:41.7250738Z copying src/embed_optim/primary_v3_publication_reconstruction.py -> embedding_optimizer_study-0.1.0/src/embed_optim
2026-09-13T15:49:41.7253915Z copying src/embed_optim/primary_v3_publication_render.py -> embedding_optimizer_study-0.1.0/src/embed_optim
2026-09-13T15:49:41.7256045Z copying src/embed_optim/primary_v3_publication_tables.py -> embedding_optimizer_study-0.1.0/src/embed_optim
2026-09-13T15:49:41.7258454Z copying src/embed_optim/primary_v3_reconstruction_authoring.py -> embedding_optimizer_study-0.1.0/src/embed_optim
2026-09-13T15:49:41.7261175Z copying src/embed_optim/primary_v3_reconstruction_inputs.py -> embedding_optimizer_study-0.1.0/src/embed_optim
2026-09-13T15:49:41.7264257Z copying src/embed_optim/primary_v3_reconstruction_sources.py -> embedding_optimizer_study-0.1.0/src/embed_optim
2026-09-13T15:49:41.7266320Z copying src/embed_optim/primary_v3_training.py -> embedding_optimizer_study-0.1.0/src/embed_optim
2026-09-13T15:49:41.7267572Z copying src/embed_optim/primary_v3_validation.py -> embedding_optimizer_study-0.1.0/src/embed_optim
2026-09-13T15:49:41.7270944Z copying src/embed_optim/primary_v3_validation_io.py -> embedding_optimizer_study-0.1.0/src/embed_optim
2026-09-13T15:49:41.7274149Z copying src/embed_optim/primary_v3_vector_reconstruction.py -> embedding_optimizer_study-0.1.0/src/embed_optim
2026-09-13T15:49:41.7276538Z copying src/embed_optim/primary_weight_entries.py -> embedding_optimizer_study-0.1.0/src/embed_optim
2026-09-13T15:49:41.7280676Z copying src/embed_optim/probe_export.py -> embedding_optimizer_study-0.1.0/src/embed_optim
2026-09-13T15:49:41.7284054Z copying src/embed_optim/probe_matrix.py -> embedding_optimizer_study-0.1.0/src/embed_optim
2026-09-13T15:49:41.7287205Z copying src/embed_optim/probes.py -> embedding_optimizer_study-0.1.0/src/embed_optim
2026-09-13T15:49:41.7290285Z copying src/embed_optim/pylate_compat.py -> embedding_optimizer_study-0.1.0/src/embed_optim
2026-09-13T15:49:41.7292847Z copying src/embed_optim/reconstruction_files.py -> embedding_optimizer_study-0.1.0/src/embed_optim
2026-09-13T15:49:41.7295848Z copying src/embed_optim/representation_geometry.py -> embedding_optimizer_study-0.1.0/src/embed_optim
2026-09-13T15:49:41.7301246Z copying src/embed_optim/representation_plot.py -> embedding_optimizer_study-0.1.0/src/embed_optim
2026-09-13T15:49:41.7304521Z copying src/embed_optim/representation_summary.py -> embedding_optimizer_study-0.1.0/src/embed_optim
2026-09-13T15:49:41.7314437Z copying src/embed_optim/retrieval_dynamics.py -> embedding_optimizer_study-0.1.0/src/embed_optim
2026-09-13T15:49:41.7318920Z copying src/embed_optim/runtime.py -> embedding_optimizer_study-0.1.0/src/embed_optim
2026-09-13T15:49:41.7320877Z copying src/embed_optim/saved_factorial_checkpoint.py -> embedding_optimizer_study-0.1.0/src/embed_optim
2026-09-13T15:49:41.7323850Z copying src/embed_optim/scope.py -> embedding_optimizer_study-0.1.0/src/embed_optim
2026-09-13T15:49:41.7326578Z copying src/embed_optim/sealed_checkpoint_supervisor.py -> embedding_optimizer_study-0.1.0/src/embed_optim
2026-09-13T15:49:41.7329508Z copying src/embed_optim/short_branch.py -> embedding_optimizer_study-0.1.0/src/embed_optim
2026-09-13T15:49:41.7331577Z copying src/embed_optim/short_branch_evaluation.py -> embedding_optimizer_study-0.1.0/src/embed_optim
2026-09-13T15:49:41.7334704Z copying src/embed_optim/short_branch_summary.py -> embedding_optimizer_study-0.1.0/src/embed_optim
2026-09-13T15:49:41.7337670Z copying src/embed_optim/spectral_transplant.py -> embedding_optimizer_study-0.1.0/src/embed_optim
2026-09-13T15:49:41.7341107Z copying src/embed_optim/spectral_transplant_matrix.py -> embedding_optimizer_study-0.1.0/src/embed_optim
2026-09-13T15:49:41.7344266Z copying src/embed_optim/spectral_transplant_summary.py -> embedding_optimizer_study-0.1.0/src/embed_optim
2026-09-13T15:49:41.7347992Z copying src/embed_optim/state_operator_factorial.py -> embedding_optimizer_study-0.1.0/src/embed_optim
2026-09-13T15:49:41.7353712Z copying src/embed_optim/state_operator_factorial_backup.py -> embedding_optimizer_study-0.1.0/src/embed_optim
2026-09-13T15:49:41.7357563Z copying src/embed_optim/state_operator_factorial_completion.py -> embedding_optimizer_study-0.1.0/src/embed_optim
2026-09-13T15:49:41.7361782Z copying src/embed_optim/state_operator_factorial_contract.py -> embedding_optimizer_study-0.1.0/src/embed_optim
2026-09-13T15:49:41.7365504Z copying src/embed_optim/state_operator_factorial_evaluation.py -> embedding_optimizer_study-0.1.0/src/embed_optim
2026-09-13T15:49:41.7370255Z copying src/embed_optim/state_operator_factorial_probe.py -> embedding_optimizer_study-0.1.0/src/embed_optim
2026-09-13T15:49:41.7373697Z copying src/embed_optim/state_operator_factorial_publication.py -> embedding_optimizer_study-0.1.0/src/embed_optim
2026-09-13T15:49:41.7376923Z copying src/embed_optim/state_operator_factorial_summary.py -> embedding_optimizer_study-0.1.0/src/embed_optim
2026-09-13T15:49:41.7379967Z copying src/embed_optim/state_operator_factorial_training.py -> embedding_optimizer_study-0.1.0/src/embed_optim
2026-09-13T15:49:41.7382729Z copying src/embed_optim/supervisor.py -> embedding_optimizer_study-0.1.0/src/embed_optim
2026-09-13T15:49:41.7386836Z copying src/embed_optim/supplemental_training_audit.py -> embedding_optimizer_study-0.1.0/src/embed_optim
2026-09-13T15:49:41.7390596Z copying src/embed_optim/tail_stability.py -> embedding_optimizer_study-0.1.0/src/embed_optim
2026-09-13T15:49:41.7395629Z copying src/embed_optim/temporal_short_branch.py -> embedding_optimizer_study-0.1.0/src/embed_optim
2026-09-13T15:49:41.7399135Z copying src/embed_optim/temporal_short_branch_predictors.py -> embedding_optimizer_study-0.1.0/src/embed_optim
2026-09-13T15:49:41.7403998Z copying src/embed_optim/three_regime_diagnostic.py -> embedding_optimizer_study-0.1.0/src/embed_optim
2026-09-13T15:49:41.7407948Z copying src/embed_optim/train.py -> embedding_optimizer_study-0.1.0/src/embed_optim
2026-09-13T15:49:41.7409426Z copying src/embed_optim/training_dynamics.py -> embedding_optimizer_study-0.1.0/src/embed_optim
2026-09-13T15:49:41.7413000Z copying src/embed_optim/training_dynamics_plot.py -> embedding_optimizer_study-0.1.0/src/embed_optim
2026-09-13T15:49:41.7416287Z copying src/embed_optim/update_geometry.py -> embedding_optimizer_study-0.1.0/src/embed_optim
2026-09-13T15:49:41.7419405Z copying src/embed_optim/validation_data.py -> embedding_optimizer_study-0.1.0/src/embed_optim
2026-09-13T15:49:41.7422791Z copying src/embed_optim/validation_evaluation.py -> embedding_optimizer_study-0.1.0/src/embed_optim
2026-09-13T15:49:41.7425859Z copying src/embed_optim/validation_matrix.py -> embedding_optimizer_study-0.1.0/src/embed_optim
2026-09-13T15:49:41.7428549Z copying src/embed_optim/validation_summary.py -> embedding_optimizer_study-0.1.0/src/embed_optim
2026-09-13T15:49:41.7431294Z copying src/embed_optim/wandb_dense_provenance_audit.py -> embedding_optimizer_study-0.1.0/src/embed_optim
2026-09-13T15:49:41.7434533Z copying src/embed_optim/wandb_sync.py -> embedding_optimizer_study-0.1.0/src/embed_optim
2026-09-13T15:49:41.7437774Z copying src/embed_optim_restore/__init__.py -> embedding_optimizer_study-0.1.0/src/embed_optim_restore
2026-09-13T15:49:41.7440042Z copying src/embed_optim_restore/__main__.py -> embedding_optimizer_study-0.1.0/src/embed_optim_restore
2026-09-13T15:49:41.7442795Z copying src/embed_optim_restore/entry.py -> embedding_optimizer_study-0.1.0/src/embed_optim_restore
2026-09-13T15:49:41.7445646Z copying src/embed_optim_restore/equality.py -> embedding_optimizer_study-0.1.0/src/embed_optim_restore
2026-09-13T15:49:41.7447859Z copying src/embed_optim_restore/gate.py -> embedding_optimizer_study-0.1.0/src/embed_optim_restore
2026-09-13T15:49:41.7450068Z copying src/embed_optim_restore/paired.py -> embedding_optimizer_study-0.1.0/src/embed_optim_restore
2026-09-13T15:49:41.7452497Z copying src/embed_optim_restore/reference.py -> embedding_optimizer_study-0.1.0/src/embed_optim_restore
2026-09-13T15:49:41.7455245Z copying src/embed_optim_restore/step_devices.py -> embedding_optimizer_study-0.1.0/src/embed_optim_restore
2026-09-13T15:49:41.7458126Z copying src/embed_optim_restore/trace.py -> embedding_optimizer_study-0.1.0/src/embed_optim_restore
2026-09-13T15:49:41.7461126Z copying src/embed_optim_restore/references/a-0-cold.json -> embedding_optimizer_study-0.1.0/src/embed_optim_restore/references
2026-09-13T15:49:41.7467696Z copying src/embed_optim_restore/references/a-0-warm.json -> embedding_optimizer_study-0.1.0/src/embed_optim_restore/references
2026-09-13T15:49:41.7473506Z copying src/embed_optim_restore/references/a-1-cold.json -> embedding_optimizer_study-0.1.0/src/embed_optim_restore/references
2026-09-13T15:49:41.7479828Z copying src/embed_optim_restore/references/a-1-warm.json -> embedding_optimizer_study-0.1.0/src/embed_optim_restore/references
2026-09-13T15:49:41.7485276Z copying src/embed_optim_restore/references/a-2-cold.json -> embedding_optimizer_study-0.1.0/src/embed_optim_restore/references
2026-09-13T15:49:41.7491433Z copying src/embed_optim_restore/references/a-2-warm.json -> embedding_optimizer_study-0.1.0/src/embed_optim_restore/references
2026-09-13T15:49:41.7497541Z copying src/embed_optim_restore/references/a-3-cold.json -> embedding_optimizer_study-0.1.0/src/embed_optim_restore/references
2026-09-13T15:49:41.7504240Z copying src/embed_optim_restore/references/a-3-warm.json -> embedding_optimizer_study-0.1.0/src/embed_optim_restore/references
2026-09-13T15:49:41.7510939Z copying src/embed_optim_restore/references/b-0-cold.json -> embedding_optimizer_study-0.1.0/src/embed_optim_restore/references
2026-09-13T15:49:41.7517212Z copying src/embed_optim_restore/references/b-0-warm.json -> embedding_optimizer_study-0.1.0/src/embed_optim_restore/references
2026-09-13T15:49:41.7523582Z copying src/embed_optim_restore/references/b-1-cold.json -> embedding_optimizer_study-0.1.0/src/embed_optim_restore/references
2026-09-13T15:49:41.7529373Z copying src/embed_optim_restore/references/b-1-warm.json -> embedding_optimizer_study-0.1.0/src/embed_optim_restore/references
2026-09-13T15:49:41.7535313Z copying src/embed_optim_restore/references/b-2-cold.json -> embedding_optimizer_study-0.1.0/src/embed_optim_restore/references
2026-09-13T15:49:41.7541562Z copying src/embed_optim_restore/references/b-2-warm.json -> embedding_optimizer_study-0.1.0/src/embed_optim_restore/references
2026-09-13T15:49:41.7547615Z copying src/embed_optim_restore/references/b-3-cold.json -> embedding_optimizer_study-0.1.0/src/embed_optim_restore/references
2026-09-13T15:49:41.7554142Z copying src/embed_optim_restore/references/b-3-warm.json -> embedding_optimizer_study-0.1.0/src/embed_optim_restore/references
2026-09-13T15:49:41.7559944Z copying src/embedding_optimizer_study.egg-info/PKG-INFO -> embedding_optimizer_study-0.1.0/src/embedding_optimizer_study.egg-info
2026-09-13T15:49:41.7561378Z copying src/embedding_optimizer_study.egg-info/SOURCES.txt -> embedding_optimizer_study-0.1.0/src/embedding_optimizer_study.egg-info
2026-09-13T15:49:41.7563342Z copying src/embedding_optimizer_study.egg-info/dependency_links.txt -> embedding_optimizer_study-0.1.0/src/embedding_optimizer_study.egg-info
2026-09-13T15:49:41.7565250Z copying src/embedding_optimizer_study.egg-info/entry_points.txt -> embedding_optimizer_study-0.1.0/src/embedding_optimizer_study.egg-info
2026-09-13T15:49:41.7566674Z copying src/embedding_optimizer_study.egg-info/requires.txt -> embedding_optimizer_study-0.1.0/src/embedding_optimizer_study.egg-info
2026-09-13T15:49:41.7568013Z copying src/embedding_optimizer_study.egg-info/top_level.txt -> embedding_optimizer_study-0.1.0/src/embedding_optimizer_study.egg-info
2026-09-13T15:49:41.7569121Z copying tests/test_aggregate.py -> embedding_optimizer_study-0.1.0/tests
2026-09-13T15:49:41.7573760Z copying tests/test_basis_sensitivity.py -> embedding_optimizer_study-0.1.0/tests
2026-09-13T15:49:41.7576215Z copying tests/test_beir_probe.py -> embedding_optimizer_study-0.1.0/tests
2026-09-13T15:49:41.7578595Z copying tests/test_bridge_numerics.py -> embedding_optimizer_study-0.1.0/tests
2026-09-13T15:49:41.7581044Z copying tests/test_candidate_breadth_data.py -> embedding_optimizer_study-0.1.0/tests
2026-09-13T15:49:41.7584102Z copying tests/test_candidate_breadth_evaluation.py -> embedding_optimizer_study-0.1.0/tests
2026-09-13T15:49:41.7586901Z copying tests/test_candidate_breadth_matrix.py -> embedding_optimizer_study-0.1.0/tests
2026-09-13T15:49:41.7589664Z copying tests/test_candidate_breadth_publication.py -> embedding_optimizer_study-0.1.0/tests
2026-09-13T15:49:41.7593203Z copying tests/test_candidate_breadth_release.py -> embedding_optimizer_study-0.1.0/tests
2026-09-13T15:49:41.7596292Z copying tests/test_candidate_breadth_summary.py -> embedding_optimizer_study-0.1.0/tests
2026-09-13T15:49:41.7599316Z copying tests/test_causal_chain_reporting.py -> embedding_optimizer_study-0.1.0/tests
2026-09-13T15:49:41.7603348Z copying tests/test_checkpoint_download.py -> embedding_optimizer_study-0.1.0/tests
2026-09-13T15:49:41.7606105Z copying tests/test_checkpoint_optimizer_resume.py -> embedding_optimizer_study-0.1.0/tests
2026-09-13T15:49:41.7608306Z copying tests/test_checkpoint_watch.py -> embedding_optimizer_study-0.1.0/tests
2026-09-13T15:49:41.7611087Z copying tests/test_collators.py -> embedding_optimizer_study-0.1.0/tests
2026-09-13T15:49:41.7614074Z copying tests/test_common_state_matrix.py -> embedding_optimizer_study-0.1.0/tests
2026-09-13T15:49:41.7616319Z copying tests/test_common_state_spectra.py -> embedding_optimizer_study-0.1.0/tests
2026-09-13T15:49:41.7619228Z copying tests/test_common_state_spectrum_plot.py -> embedding_optimizer_study-0.1.0/tests
2026-09-13T15:49:41.7621739Z copying tests/test_common_state_summary.py -> embedding_optimizer_study-0.1.0/tests
2026-09-13T15:49:41.7625034Z copying tests/test_completion_backup_contract_migration.py -> embedding_optimizer_study-0.1.0/tests
2026-09-13T15:49:41.7627875Z copying tests/test_completion_contract_migration.py -> embedding_optimizer_study-0.1.0/tests
2026-09-13T15:49:41.7630634Z copying tests/test_config.py -> embedding_optimizer_study-0.1.0/tests
2026-09-13T15:49:41.7633342Z copying tests/test_confirmatory_data.py -> embedding_optimizer_study-0.1.0/tests
2026-09-13T15:49:41.7635837Z copying tests/test_confirmatory_evaluation.py -> embedding_optimizer_study-0.1.0/tests
2026-09-13T15:49:41.7638262Z copying tests/test_confirmatory_matrix.py -> embedding_optimizer_study-0.1.0/tests
2026-09-13T15:49:41.7640628Z copying tests/test_corpus_size_diagnostic.py -> embedding_optimizer_study-0.1.0/tests
2026-09-13T15:49:41.7643464Z copying tests/test_corrected_checkpoint_backup.py -> embedding_optimizer_study-0.1.0/tests
2026-09-13T15:49:41.7646249Z copying tests/test_corrected_completion_pipeline.py -> embedding_optimizer_study-0.1.0/tests
2026-09-13T15:49:41.7648846Z copying tests/test_corrected_execution_sensitivity.py -> embedding_optimizer_study-0.1.0/tests
2026-09-13T15:49:41.7651098Z copying tests/test_corrected_geometry.py -> embedding_optimizer_study-0.1.0/tests
2026-09-13T15:49:41.7653718Z copying tests/test_corrected_input_execution.py -> embedding_optimizer_study-0.1.0/tests
2026-09-13T15:49:41.7656002Z copying tests/test_corrected_outcome_summary.py -> embedding_optimizer_study-0.1.0/tests
2026-09-13T15:49:41.7658438Z copying tests/test_corrected_progress.py -> embedding_optimizer_study-0.1.0/tests
2026-09-13T15:49:41.7660816Z copying tests/test_corrected_publication.py -> embedding_optimizer_study-0.1.0/tests
2026-09-13T15:49:41.7664579Z copying tests/test_corrected_retrieval_bridge.py -> embedding_optimizer_study-0.1.0/tests
2026-09-13T15:49:41.7667570Z copying tests/test_corrected_wandb_audit.py -> embedding_optimizer_study-0.1.0/tests
2026-09-13T15:49:41.7670048Z copying tests/test_current_distribution_surface.py -> embedding_optimizer_study-0.1.0/tests
2026-09-13T15:49:41.7672402Z copying tests/test_current_paper.py -> embedding_optimizer_study-0.1.0/tests
2026-09-13T15:49:41.7674812Z copying tests/test_current_primary_source.py -> embedding_optimizer_study-0.1.0/tests
2026-09-13T15:49:41.7676271Z copying tests/test_data.py -> embedding_optimizer_study-0.1.0/tests
2026-09-13T15:49:41.7679036Z copying tests/test_decontamination.py -> embedding_optimizer_study-0.1.0/tests
2026-09-13T15:49:41.7682063Z copying tests/test_dense_canonical_reduction_control.py -> embedding_optimizer_study-0.1.0/tests
2026-09-13T15:49:41.7684757Z copying tests/test_dense_canonical_replay_fingerprint.py -> embedding_optimizer_study-0.1.0/tests
2026-09-13T15:49:41.7687195Z copying tests/test_dense_completion_pipeline.py -> embedding_optimizer_study-0.1.0/tests
2026-09-13T15:49:41.7690374Z copying tests/test_dense_correction_candidate.py -> embedding_optimizer_study-0.1.0/tests
2026-09-13T15:49:41.7693098Z copying tests/test_dense_data_protection.py -> embedding_optimizer_study-0.1.0/tests
2026-09-13T15:49:41.7695171Z copying tests/test_dense_ddp_accumulation_audit.py -> embedding_optimizer_study-0.1.0/tests
2026-09-13T15:49:41.7697383Z copying tests/test_dense_eval_handoff.py -> embedding_optimizer_study-0.1.0/tests
2026-09-13T15:49:41.7700330Z copying tests/test_dense_evaluation_pause.py -> embedding_optimizer_study-0.1.0/tests
2026-09-13T15:49:41.7703140Z copying tests/test_dense_finalization_pipeline.py -> embedding_optimizer_study-0.1.0/tests
2026-09-13T15:49:41.7706463Z copying tests/test_dense_full_identity_validation.py -> embedding_optimizer_study-0.1.0/tests
2026-09-13T15:49:41.7709122Z copying tests/test_dense_full_model_normalization.py -> embedding_optimizer_study-0.1.0/tests
2026-09-13T15:49:41.7711795Z copying tests/test_dense_gpu_deterministic_control.py -> embedding_optimizer_study-0.1.0/tests
2026-09-13T15:49:41.7714525Z copying tests/test_dense_gpu_fresh_replay.py -> embedding_optimizer_study-0.1.0/tests
2026-09-13T15:49:41.7717235Z copying tests/test_dense_gpu_gradient_origin.py -> embedding_optimizer_study-0.1.0/tests
2026-09-13T15:49:41.7719747Z copying tests/test_dense_gpu_max_context_audit.py -> embedding_optimizer_study-0.1.0/tests
2026-09-13T15:49:41.7722424Z copying tests/test_dense_gpu_normalization_audit.py -> embedding_optimizer_study-0.1.0/tests
2026-09-13T15:49:41.7724916Z copying tests/test_dense_gpu_replay_update.py -> embedding_optimizer_study-0.1.0/tests
2026-09-13T15:49:41.7727509Z copying tests/test_dense_loss_contract_audit.py -> embedding_optimizer_study-0.1.0/tests
2026-09-13T15:49:41.7729721Z copying tests/test_dense_natural_data_audit.py -> embedding_optimizer_study-0.1.0/tests
2026-09-13T15:49:41.7732245Z copying tests/test_dense_no_packing_preflight.py -> embedding_optimizer_study-0.1.0/tests
2026-09-13T15:49:41.7734636Z copying tests/test_dense_numerical_contract.py -> embedding_optimizer_study-0.1.0/tests
2026-09-13T15:49:41.7736031Z copying tests/test_dense_partition_cache.py -> embedding_optimizer_study-0.1.0/tests
2026-09-13T15:49:41.7738630Z copying tests/test_dense_partition_reconstruction.py -> embedding_optimizer_study-0.1.0/tests
2026-09-13T15:49:41.7741416Z copying tests/test_dense_partition_revision.py -> embedding_optimizer_study-0.1.0/tests
2026-09-13T15:49:41.7744349Z copying tests/test_dense_predeployment_checks.py -> embedding_optimizer_study-0.1.0/tests
2026-09-13T15:49:41.7747092Z copying tests/test_dense_probe_coupling.py -> embedding_optimizer_study-0.1.0/tests
2026-09-13T15:49:41.7749836Z copying tests/test_dense_retrieval_dynamics_evaluation.py -> embedding_optimizer_study-0.1.0/tests
2026-09-13T15:49:41.7753032Z copying tests/test_dense_retrieval_dynamics_publication.py -> embedding_optimizer_study-0.1.0/tests
2026-09-13T15:49:41.7755587Z copying tests/test_dense_retrieval_dynamics_summary.py -> embedding_optimizer_study-0.1.0/tests
2026-09-13T15:49:41.7758580Z copying tests/test_dense_run_contract.py -> embedding_optimizer_study-0.1.0/tests
2026-09-13T15:49:41.7760522Z copying tests/test_dense_run_identity_proposal.py -> embedding_optimizer_study-0.1.0/tests
2026-09-13T15:49:41.7763535Z copying tests/test_dense_text_integrity.py -> embedding_optimizer_study-0.1.0/tests
2026-09-13T15:49:41.7766352Z copying tests/test_dense_trainer_normalization_candidate.py -> embedding_optimizer_study-0.1.0/tests
2026-09-13T15:49:41.7768620Z copying tests/test_dense_trainer_resume_audit.py -> embedding_optimizer_study-0.1.0/tests
2026-09-13T15:49:41.7771525Z copying tests/test_dimension_archive.py -> embedding_optimizer_study-0.1.0/tests
2026-09-13T15:49:41.7774379Z copying tests/test_dimension_inference.py -> embedding_optimizer_study-0.1.0/tests
2026-09-13T15:49:41.7782643Z copying tests/test_dimension_inference_reference.py -> embedding_optimizer_study-0.1.0/tests
2026-09-13T15:49:41.7785561Z copying tests/test_dimension_intervention_io.py -> embedding_optimizer_study-0.1.0/tests
2026-09-13T15:49:41.7787964Z copying tests/test_dimension_interventions.py -> embedding_optimizer_study-0.1.0/tests
2026-09-13T15:49:41.7790466Z copying tests/test_dimension_probe_inputs.py -> embedding_optimizer_study-0.1.0/tests
2026-09-13T15:49:41.7793081Z copying tests/test_dimension_publication.py -> embedding_optimizer_study-0.1.0/tests
2026-09-13T15:49:41.7796156Z copying tests/test_dimension_release.py -> embedding_optimizer_study-0.1.0/tests
2026-09-13T15:49:41.7799059Z copying tests/test_dimension_replay.py -> embedding_optimizer_study-0.1.0/tests
2026-09-13T15:49:41.7802268Z copying tests/test_dimension_utilization.py -> embedding_optimizer_study-0.1.0/tests
2026-09-13T15:49:41.7805013Z copying tests/test_distribution.py -> embedding_optimizer_study-0.1.0/tests
2026-09-13T15:49:41.7808066Z copying tests/test_distribution_audit.py -> embedding_optimizer_study-0.1.0/tests
2026-09-13T15:49:41.7810851Z copying tests/test_dose_band_analysis.py -> embedding_optimizer_study-0.1.0/tests
2026-09-13T15:49:41.7814337Z copying tests/test_evaluate_matrix.py -> embedding_optimizer_study-0.1.0/tests
2026-09-13T15:49:41.7817040Z copying tests/test_evaluation_progress.py -> embedding_optimizer_study-0.1.0/tests
2026-09-13T15:49:41.7820097Z copying tests/test_evaluation_source_provenance.py -> embedding_optimizer_study-0.1.0/tests
2026-09-13T15:49:41.7822833Z copying tests/test_evaluation_supervisor.py -> embedding_optimizer_study-0.1.0/tests
2026-09-13T15:49:41.7825479Z copying tests/test_exact_bridge_measurements.py -> embedding_optimizer_study-0.1.0/tests
2026-09-13T15:49:41.7827785Z copying tests/test_factorial_resume_order.py -> embedding_optimizer_study-0.1.0/tests
2026-09-13T15:49:41.7830037Z copying tests/test_factorial_v3_batches.py -> embedding_optimizer_study-0.1.0/tests
2026-09-13T15:49:41.7832440Z copying tests/test_factorial_v3_calibration.py -> embedding_optimizer_study-0.1.0/tests
2026-09-13T15:49:41.7835237Z copying tests/test_factorial_v3_factory.py -> embedding_optimizer_study-0.1.0/tests
2026-09-13T15:49:41.7838288Z copying tests/test_factorial_v3_input_roles.py -> embedding_optimizer_study-0.1.0/tests
2026-09-13T15:49:41.7840769Z copying tests/test_factorial_v3_optimizer.py -> embedding_optimizer_study-0.1.0/tests
2026-09-13T15:49:41.7843127Z copying tests/test_factorial_v3_run_contract.py -> embedding_optimizer_study-0.1.0/tests
2026-09-13T15:49:41.7846688Z copying tests/test_factorial_v3_trainer.py -> embedding_optimizer_study-0.1.0/tests
2026-09-13T15:49:41.7850305Z copying tests/test_factorial_v3_worker.py -> embedding_optimizer_study-0.1.0/tests
2026-09-13T15:49:41.7852764Z copying tests/test_family_training_queue.py -> embedding_optimizer_study-0.1.0/tests
2026-09-13T15:49:41.7855651Z copying tests/test_functional_intervention.py -> embedding_optimizer_study-0.1.0/tests
2026-09-13T15:49:41.7858555Z copying tests/test_geometry.py -> embedding_optimizer_study-0.1.0/tests
2026-09-13T15:49:41.7861753Z copying tests/test_geometry_plot.py -> embedding_optimizer_study-0.1.0/tests
2026-09-13T15:49:41.7864915Z copying tests/test_geometry_robustness.py -> embedding_optimizer_study-0.1.0/tests
2026-09-13T15:49:41.7868343Z copying tests/test_geometry_summary.py -> embedding_optimizer_study-0.1.0/tests
2026-09-13T15:49:41.7870500Z copying tests/test_gpu_lease.py -> embedding_optimizer_study-0.1.0/tests
2026-09-13T15:49:41.7872889Z copying tests/test_gradient_probe.py -> embedding_optimizer_study-0.1.0/tests
2026-09-13T15:49:41.7875968Z copying tests/test_hf_obsolete_cleanup.py -> embedding_optimizer_study-0.1.0/tests
2026-09-13T15:49:41.7878655Z copying tests/test_hf_withdrawal_dependencies.py -> embedding_optimizer_study-0.1.0/tests
2026-09-13T15:49:41.7880773Z copying tests/test_hybrid_control.py -> embedding_optimizer_study-0.1.0/tests
2026-09-13T15:49:41.7883740Z copying tests/test_incremental_checkpoint_backup.py -> embedding_optimizer_study-0.1.0/tests
2026-09-13T15:49:41.7885950Z copying tests/test_live_publication_header_hotfix.py -> embedding_optimizer_study-0.1.0/tests
2026-09-13T15:49:41.7888837Z copying tests/test_local_global_reversal.py -> embedding_optimizer_study-0.1.0/tests
2026-09-13T15:49:41.7891058Z copying tests/test_losses.py -> embedding_optimizer_study-0.1.0/tests
2026-09-13T15:49:41.7893424Z copying tests/test_main_handoff_recovery_migration.py -> embedding_optimizer_study-0.1.0/tests
2026-09-13T15:49:41.7896416Z copying tests/test_main_handoff_repair.py -> embedding_optimizer_study-0.1.0/tests
2026-09-13T15:49:41.7899267Z copying tests/test_main_resume_repair.py -> embedding_optimizer_study-0.1.0/tests
2026-09-13T15:49:41.7901658Z copying tests/test_matrix.py -> embedding_optimizer_study-0.1.0/tests
2026-09-13T15:49:41.7904750Z copying tests/test_matrix_handoff_guard.py -> embedding_optimizer_study-0.1.0/tests
2026-09-13T15:49:41.7907135Z copying tests/test_mechanism_bridge.py -> embedding_optimizer_study-0.1.0/tests
2026-09-13T15:49:41.7909831Z copying tests/test_mechanism_report.py -> embedding_optimizer_study-0.1.0/tests
2026-09-13T15:49:41.7913409Z copying tests/test_normuon_full_model_reference_audit.py -> embedding_optimizer_study-0.1.0/tests
2026-09-13T15:49:41.7916167Z copying tests/test_normuon_reference_edge_audit.py -> embedding_optimizer_study-0.1.0/tests
2026-09-13T15:49:41.7918352Z copying tests/test_optimizer_state_devices.py -> embedding_optimizer_study-0.1.0/tests
2026-09-13T15:49:41.7920645Z copying tests/test_optimizers.py -> embedding_optimizer_study-0.1.0/tests
2026-09-13T15:49:41.7923604Z copying tests/test_outcome_report.py -> embedding_optimizer_study-0.1.0/tests
2026-09-13T15:49:41.7926907Z copying tests/test_packing_invariance.py -> embedding_optimizer_study-0.1.0/tests
2026-09-13T15:49:41.7929580Z copying tests/test_paper_audit.py -> embedding_optimizer_study-0.1.0/tests
2026-09-13T15:49:41.7935555Z copying tests/test_paper_layout.py -> embedding_optimizer_study-0.1.0/tests
2026-09-13T15:49:41.7938808Z copying tests/test_paper_only_surface.py -> embedding_optimizer_study-0.1.0/tests
2026-09-13T15:49:41.7941447Z copying tests/test_paper_reproduction.py -> embedding_optimizer_study-0.1.0/tests
2026-09-13T15:49:41.7944308Z copying tests/test_paper_results.py -> embedding_optimizer_study-0.1.0/tests
2026-09-13T15:49:41.7947538Z copying tests/test_post_eval_pipeline.py -> embedding_optimizer_study-0.1.0/tests
2026-09-13T15:49:41.7950122Z copying tests/test_primary_completion.py -> embedding_optimizer_study-0.1.0/tests
2026-09-13T15:49:41.7953202Z copying tests/test_primary_contract.py -> embedding_optimizer_study-0.1.0/tests
2026-09-13T15:49:41.7956326Z copying tests/test_primary_data_revision.py -> embedding_optimizer_study-0.1.0/tests
2026-09-13T15:49:41.7958849Z copying tests/test_primary_dimension_probe.py -> embedding_optimizer_study-0.1.0/tests
2026-09-13T15:49:41.7961867Z copying tests/test_primary_geometry_reductions.py -> embedding_optimizer_study-0.1.0/tests
2026-09-13T15:49:41.7964583Z copying tests/test_primary_v3_bridge.py -> embedding_optimizer_study-0.1.0/tests
2026-09-13T15:49:41.7967542Z copying tests/test_primary_v3_chain.py -> embedding_optimizer_study-0.1.0/tests
2026-09-13T15:49:41.7970487Z copying tests/test_primary_v3_dimension_inference.py -> embedding_optimizer_study-0.1.0/tests
2026-09-13T15:49:41.7973325Z copying tests/test_primary_v3_dimension_vectors.py -> embedding_optimizer_study-0.1.0/tests
2026-09-13T15:49:41.7976299Z copying tests/test_primary_v3_dimensions.py -> embedding_optimizer_study-0.1.0/tests
2026-09-13T15:49:41.7979361Z copying tests/test_primary_v3_exact_bridge.py -> embedding_optimizer_study-0.1.0/tests
2026-09-13T15:49:41.7981808Z copying tests/test_primary_v3_exact_geometry.py -> embedding_optimizer_study-0.1.0/tests
2026-09-13T15:49:41.7984842Z copying tests/test_primary_v3_exact_publication.py -> embedding_optimizer_study-0.1.0/tests
2026-09-13T15:49:41.7987775Z copying tests/test_primary_v3_exact_reconstruction.py -> embedding_optimizer_study-0.1.0/tests
2026-09-13T15:49:41.7990690Z copying tests/test_primary_v3_geometry.py -> embedding_optimizer_study-0.1.0/tests
2026-09-13T15:49:41.7994017Z copying tests/test_primary_v3_geometry_reconstruction.py -> embedding_optimizer_study-0.1.0/tests
2026-09-13T15:49:41.7996949Z copying tests/test_primary_v3_joint_reconstruction.py -> embedding_optimizer_study-0.1.0/tests
2026-09-13T15:49:41.7999888Z copying tests/test_primary_v3_manuscript.py -> embedding_optimizer_study-0.1.0/tests
2026-09-13T15:49:41.8002949Z copying tests/test_primary_v3_manuscript_build.py -> embedding_optimizer_study-0.1.0/tests
2026-09-13T15:49:41.8005799Z copying tests/test_primary_v3_outcome_reconstruction.py -> embedding_optimizer_study-0.1.0/tests
2026-09-13T15:49:41.8008276Z copying tests/test_primary_v3_outcomes.py -> embedding_optimizer_study-0.1.0/tests
2026-09-13T15:49:41.8011601Z copying tests/test_primary_v3_paper_layout.py -> embedding_optimizer_study-0.1.0/tests
2026-09-13T15:49:41.8014109Z copying tests/test_primary_v3_publication.py -> embedding_optimizer_study-0.1.0/tests
2026-09-13T15:49:41.8017319Z copying tests/test_primary_v3_publication_reconstruction.py -> embedding_optimizer_study-0.1.0/tests
2026-09-13T15:49:41.8020525Z copying tests/test_primary_v3_reconstruction_sources.py -> embedding_optimizer_study-0.1.0/tests
2026-09-13T15:49:41.8023571Z copying tests/test_primary_v3_training_observations.py -> embedding_optimizer_study-0.1.0/tests
2026-09-13T15:49:41.8025994Z copying tests/test_primary_v3_validation.py -> embedding_optimizer_study-0.1.0/tests
2026-09-13T15:49:41.8028954Z copying tests/test_primary_v3_vector_reconstruction.py -> embedding_optimizer_study-0.1.0/tests
2026-09-13T15:49:41.8031882Z copying tests/test_primary_weight_entries.py -> embedding_optimizer_study-0.1.0/tests
2026-09-13T15:49:41.8034822Z copying tests/test_probe_export.py -> embedding_optimizer_study-0.1.0/tests
2026-09-13T15:49:41.8037257Z copying tests/test_probe_matrix.py -> embedding_optimizer_study-0.1.0/tests
2026-09-13T15:49:41.8039632Z copying tests/test_probes.py -> embedding_optimizer_study-0.1.0/tests
2026-09-13T15:49:41.8042239Z copying tests/test_reconstruction_files.py -> embedding_optimizer_study-0.1.0/tests
2026-09-13T15:49:41.8044994Z copying tests/test_repository_hygiene.py -> embedding_optimizer_study-0.1.0/tests
2026-09-13T15:49:41.8047948Z copying tests/test_representation_geometry.py -> embedding_optimizer_study-0.1.0/tests
2026-09-13T15:49:41.8050698Z copying tests/test_representation_plot.py -> embedding_optimizer_study-0.1.0/tests
2026-09-13T15:49:41.8053271Z copying tests/test_representation_summary.py -> embedding_optimizer_study-0.1.0/tests
2026-09-13T15:49:41.8055634Z copying tests/test_restore_entry.py -> embedding_optimizer_study-0.1.0/tests
2026-09-13T15:49:41.8058605Z copying tests/test_restore_gate.py -> embedding_optimizer_study-0.1.0/tests
2026-09-13T15:49:41.8060916Z copying tests/test_restore_paired.py -> embedding_optimizer_study-0.1.0/tests
2026-09-13T15:49:41.8063462Z copying tests/test_restore_primary_v3.py -> embedding_optimizer_study-0.1.0/tests
2026-09-13T15:49:41.8066238Z copying tests/test_restore_step_devices.py -> embedding_optimizer_study-0.1.0/tests
2026-09-13T15:49:41.8069127Z copying tests/test_restore_trace.py -> embedding_optimizer_study-0.1.0/tests
2026-09-13T15:49:41.8071881Z copying tests/test_retrieval_dynamics.py -> embedding_optimizer_study-0.1.0/tests
2026-09-13T15:49:41.8074723Z copying tests/test_runtime.py -> embedding_optimizer_study-0.1.0/tests
2026-09-13T15:49:41.8077556Z copying tests/test_saved_factorial_checkpoint.py -> embedding_optimizer_study-0.1.0/tests
2026-09-13T15:49:41.8079863Z copying tests/test_scope.py -> embedding_optimizer_study-0.1.0/tests
2026-09-13T15:49:41.8082327Z copying tests/test_sealed_checkpoint_supervisor.py -> embedding_optimizer_study-0.1.0/tests
2026-09-13T15:49:41.8085178Z copying tests/test_short_branch.py -> embedding_optimizer_study-0.1.0/tests
2026-09-13T15:49:41.8088475Z copying tests/test_short_branch_evaluation.py -> embedding_optimizer_study-0.1.0/tests
2026-09-13T15:49:41.8090919Z copying tests/test_short_branch_summary.py -> embedding_optimizer_study-0.1.0/tests
2026-09-13T15:49:41.8093438Z copying tests/test_source_roles.py -> embedding_optimizer_study-0.1.0/tests
2026-09-13T15:49:41.8096760Z copying tests/test_specialized_evaluation_entrypoints.py -> embedding_optimizer_study-0.1.0/tests
2026-09-13T15:49:41.8099614Z copying tests/test_spectral_transplant.py -> embedding_optimizer_study-0.1.0/tests
2026-09-13T15:49:41.8102308Z copying tests/test_state_operator_claim_wording.py -> embedding_optimizer_study-0.1.0/tests
2026-09-13T15:49:41.8105200Z copying tests/test_state_operator_factorial.py -> embedding_optimizer_study-0.1.0/tests
2026-09-13T15:49:41.8107955Z copying tests/test_state_operator_factorial_completion.py -> embedding_optimizer_study-0.1.0/tests
2026-09-13T15:49:41.8111092Z copying tests/test_state_operator_factorial_protocol.py -> embedding_optimizer_study-0.1.0/tests
2026-09-13T15:49:41.8113795Z copying tests/test_successor_parent_publication.py -> embedding_optimizer_study-0.1.0/tests
2026-09-13T15:49:41.8116507Z copying tests/test_supervisor.py -> embedding_optimizer_study-0.1.0/tests
2026-09-13T15:49:41.8120023Z copying tests/test_supplemental_training_audit.py -> embedding_optimizer_study-0.1.0/tests
2026-09-13T15:49:41.8123330Z copying tests/test_tail_stability.py -> embedding_optimizer_study-0.1.0/tests
2026-09-13T15:49:41.8126034Z copying tests/test_temporal_short_branch.py -> embedding_optimizer_study-0.1.0/tests
2026-09-13T15:49:41.8128925Z copying tests/test_temporal_short_branch_predictors.py -> embedding_optimizer_study-0.1.0/tests
2026-09-13T15:49:41.8131594Z copying tests/test_three_regime_diagnostic.py -> embedding_optimizer_study-0.1.0/tests
2026-09-13T15:49:41.8134055Z copying tests/test_train.py -> embedding_optimizer_study-0.1.0/tests
2026-09-13T15:49:41.8137208Z copying tests/test_training_artifact_backup.py -> embedding_optimizer_study-0.1.0/tests
2026-09-13T15:49:41.8140161Z copying tests/test_training_dynamics.py -> embedding_optimizer_study-0.1.0/tests
2026-09-13T15:49:41.8142908Z copying tests/test_training_dynamics_plot.py -> embedding_optimizer_study-0.1.0/tests
2026-09-13T15:49:41.8145869Z copying tests/test_update_geometry.py -> embedding_optimizer_study-0.1.0/tests
2026-09-13T15:49:41.8148789Z copying tests/test_validation_data.py -> embedding_optimizer_study-0.1.0/tests
2026-09-13T15:49:41.8151229Z copying tests/test_validation_pipeline.py -> embedding_optimizer_study-0.1.0/tests
2026-09-13T15:49:41.8155649Z copying tests/test_wandb_dense_provenance_audit.py -> embedding_optimizer_study-0.1.0/tests
2026-09-13T15:49:41.8158140Z copying tests/test_wandb_sync.py -> embedding_optimizer_study-0.1.0/tests
2026-09-13T15:49:41.8161275Z copying tests/test_weight_artifact_backup.py -> embedding_optimizer_study-0.1.0/tests
2026-09-13T15:49:41.8178385Z Writing embedding_optimizer_study-0.1.0/setup.cfg
2026-09-13T15:49:41.8180081Z Creating tar archive
2026-09-13T15:49:42.8594199Z removing 'embedding_optimizer_study-0.1.0' (and everything under it)
2026-09-13T15:49:43.0043113Z Building wheel from source distribution...
2026-09-13T15:49:43.4130251Z running egg_info
2026-09-13T15:49:43.4142835Z writing src/embedding_optimizer_study.egg-info/PKG-INFO
2026-09-13T15:49:43.4156971Z writing dependency_links to src/embedding_optimizer_study.egg-info/dependency_links.txt
2026-09-13T15:49:43.4167577Z writing entry points to src/embedding_optimizer_study.egg-info/entry_points.txt
2026-09-13T15:49:43.4175357Z writing requirements to src/embedding_optimizer_study.egg-info/requires.txt
2026-09-13T15:49:43.4176713Z writing top-level names to src/embedding_optimizer_study.egg-info/top_level.txt
2026-09-13T15:49:43.4296123Z reading manifest file 'src/embedding_optimizer_study.egg-info/SOURCES.txt'
2026-09-13T15:49:43.4359159Z reading manifest template 'MANIFEST.in'
2026-09-13T15:49:43.4359682Z adding license file 'LICENSE'
2026-09-13T15:49:43.4426413Z writing manifest file 'src/embedding_optimizer_study.egg-info/SOURCES.txt'
2026-09-13T15:49:43.6141431Z running bdist_wheel
2026-09-13T15:49:43.6186126Z running build
2026-09-13T15:49:43.6186511Z running build_py
2026-09-13T15:49:43.6200929Z creating build/lib/embed_optim_restore
2026-09-13T15:49:43.6204313Z copying src/embed_optim_restore/reference.py -> build/lib/embed_optim_restore
2026-09-13T15:49:43.6206701Z copying src/embed_optim_restore/step_devices.py -> build/lib/embed_optim_restore
2026-09-13T15:49:43.6208554Z copying src/embed_optim_restore/__init__.py -> build/lib/embed_optim_restore
2026-09-13T15:49:43.6210409Z copying src/embed_optim_restore/entry.py -> build/lib/embed_optim_restore
2026-09-13T15:49:43.6212990Z copying src/embed_optim_restore/trace.py -> build/lib/embed_optim_restore
2026-09-13T15:49:43.6214668Z copying src/embed_optim_restore/paired.py -> build/lib/embed_optim_restore
2026-09-13T15:49:43.6216472Z copying src/embed_optim_restore/__main__.py -> build/lib/embed_optim_restore
2026-09-13T15:49:43.6218292Z copying src/embed_optim_restore/gate.py -> build/lib/embed_optim_restore
2026-09-13T15:49:43.6220088Z copying src/embed_optim_restore/equality.py -> build/lib/embed_optim_restore
2026-09-13T15:49:43.6234843Z creating build/lib/embed_optim
2026-09-13T15:49:43.6236309Z copying src/embed_optim/dense_retrieval_dynamics_publication.py -> build/lib/embed_optim
2026-09-13T15:49:43.6238380Z copying src/embed_optim/primary_v3_publication_bridge.py -> build/lib/embed_optim
2026-09-13T15:49:43.6240318Z copying src/embed_optim/primary_v3_exact_geometry_io.py -> build/lib/embed_optim
2026-09-13T15:49:43.6242434Z copying src/embed_optim/dense_eval_handoff.py -> build/lib/embed_optim
2026-09-13T15:49:43.6245059Z copying src/embed_optim/primary_v3_publication.py -> build/lib/embed_optim
2026-09-13T15:49:43.6246865Z copying src/embed_optim/dimension_inference.py -> build/lib/embed_optim
2026-09-13T15:49:43.6248790Z copying src/embed_optim/gradient_probe.py -> build/lib/embed_optim
2026-09-13T15:49:43.6251126Z copying src/embed_optim/pylate_compat.py -> build/lib/embed_optim
2026-09-13T15:49:43.6252899Z copying src/embed_optim/dimension_inference_render.py -> build/lib/embed_optim
2026-09-13T15:49:43.6254773Z copying src/embed_optim/corrected_outcome_summary.py -> build/lib/embed_optim
2026-09-13T15:49:43.6256660Z copying src/embed_optim/functional_intervention.py -> build/lib/embed_optim
2026-09-13T15:49:43.6258814Z copying src/embed_optim/dimension_archive.py -> build/lib/embed_optim
2026-09-13T15:49:43.6260489Z copying src/embed_optim/primary_v3_completion.py -> build/lib/embed_optim
2026-09-13T15:49:43.6262493Z copying src/embed_optim/dimension_replay.py -> build/lib/embed_optim
2026-09-13T15:49:43.6264670Z copying src/embed_optim/common_state_summary.py -> build/lib/embed_optim
2026-09-13T15:49:43.6267236Z copying src/embed_optim/functional_intervention_matrix.py -> build/lib/embed_optim
2026-09-13T15:49:43.6268925Z copying src/embed_optim/short_branch_summary.py -> build/lib/embed_optim
2026-09-13T15:49:43.6270986Z copying src/embed_optim/primary_v3_exact_geometry.py -> build/lib/embed_optim
2026-09-13T15:49:43.6273047Z copying src/embed_optim/temporal_short_branch.py -> build/lib/embed_optim
2026-09-13T15:49:43.6275590Z copying src/embed_optim/primary_v3_publication_tables.py -> build/lib/embed_optim
2026-09-13T15:49:43.6277272Z copying src/embed_optim/distribution_audit.py -> build/lib/embed_optim
2026-09-13T15:49:43.6279476Z copying src/embed_optim/train.py -> build/lib/embed_optim
2026-09-13T15:49:43.6281538Z copying src/embed_optim/validation_evaluation.py -> build/lib/embed_optim
2026-09-13T15:49:43.6283580Z copying src/embed_optim/evaluation_source_provenance.py -> build/lib/embed_optim
2026-09-13T15:49:43.6285414Z copying src/embed_optim/validation_summary.py -> build/lib/embed_optim
2026-09-13T15:49:43.6287246Z copying src/embed_optim/factorial_v3_worker.py -> build/lib/embed_optim
2026-09-13T15:49:43.6289182Z copying src/embed_optim/spectral_transplant_matrix.py -> build/lib/embed_optim
2026-09-13T15:49:43.6291033Z copying src/embed_optim/primary_v3_validation.py -> build/lib/embed_optim
2026-09-13T15:49:43.6293509Z copying src/embed_optim/primary_v3_geometry_reconstruction.py -> build/lib/embed_optim
2026-09-13T15:49:43.6295252Z copying src/embed_optim/wandb_dense_provenance_audit.py -> build/lib/embed_optim
2026-09-13T15:49:43.6297300Z copying src/embed_optim/dose_band_analysis.py -> build/lib/embed_optim
2026-09-13T15:49:43.6299856Z copying src/embed_optim/complete_paper_document.py -> build/lib/embed_optim
2026-09-13T15:49:43.6301566Z copying src/embed_optim/validation_data.py -> build/lib/embed_optim
2026-09-13T15:49:43.6303941Z copying src/embed_optim/primary_v3_exact_publication_render.py -> build/lib/embed_optim
2026-09-13T15:49:43.6305629Z copying src/embed_optim/primary_v3_exact_publication.py -> build/lib/embed_optim
2026-09-13T15:49:43.6307524Z copying src/embed_optim/state_operator_factorial_backup.py -> build/lib/embed_optim
2026-09-13T15:49:43.6309294Z copying src/embed_optim/primary_v3_exact_bridge.py -> build/lib/embed_optim
2026-09-13T15:49:43.6311109Z copying src/embed_optim/dense_run_contract.py -> build/lib/embed_optim
2026-09-13T15:49:43.6313191Z copying src/embed_optim/short_branch.py -> build/lib/embed_optim
2026-09-13T15:49:43.6315395Z copying src/embed_optim/short_branch_evaluation.py -> build/lib/embed_optim
2026-09-13T15:49:43.6317157Z copying src/embed_optim/__init__.py -> build/lib/embed_optim
2026-09-13T15:49:43.6318955Z copying src/embed_optim/local_global_reversal.py -> build/lib/embed_optim
2026-09-13T15:49:43.6320927Z copying src/embed_optim/optimizer_state_devices.py -> build/lib/embed_optim
2026-09-13T15:49:43.6322891Z copying src/embed_optim/evaluation_supervisor.py -> build/lib/embed_optim
2026-09-13T15:49:43.6324914Z copying src/embed_optim/primary_v3_reconstruction_authoring.py -> build/lib/embed_optim
2026-09-13T15:49:43.6326610Z copying src/embed_optim/common_state_spectra.py -> build/lib/embed_optim
2026-09-13T15:49:43.6328988Z copying src/embed_optim/paper_audit.py -> build/lib/embed_optim
2026-09-13T15:49:43.6332261Z copying src/embed_optim/primary_v3_publication_contract.py -> build/lib/embed_optim
2026-09-13T15:49:43.6333894Z copying src/embed_optim/data.py -> build/lib/embed_optim
2026-09-13T15:49:43.6336231Z copying src/embed_optim/training_dynamics_plot.py -> build/lib/embed_optim
2026-09-13T15:49:43.6338376Z copying src/embed_optim/primary_v3_outcome_reconstruction.py -> build/lib/embed_optim
2026-09-13T15:49:43.6339863Z copying src/embed_optim/config.py -> build/lib/embed_optim
2026-09-13T15:49:43.6342026Z copying src/embed_optim/dimension_publication.py -> build/lib/embed_optim
2026-09-13T15:49:43.6344371Z copying src/embed_optim/matrix.py -> build/lib/embed_optim
2026-09-13T15:49:43.6346746Z copying src/embed_optim/runtime.py -> build/lib/embed_optim
2026-09-13T15:49:43.6348521Z copying src/embed_optim/primary_v3_io.py -> build/lib/embed_optim
2026-09-13T15:49:43.6350517Z copying src/embed_optim/supervisor.py -> build/lib/embed_optim
2026-09-13T15:49:43.6352863Z copying src/embed_optim/hybrid_evaluation.py -> build/lib/embed_optim
2026-09-13T15:49:43.6354374Z copying src/embed_optim/primary_v3_manuscript.py -> build/lib/embed_optim
2026-09-13T15:49:43.6356551Z copying src/embed_optim/dense_no_packing_preflight.py -> build/lib/embed_optim
2026-09-13T15:49:43.6358574Z copying src/embed_optim/exact_bridge_measurements.py -> build/lib/embed_optim
2026-09-13T15:49:43.6360723Z copying src/embed_optim/validation_matrix.py -> build/lib/embed_optim
2026-09-13T15:49:43.6362937Z copying src/embed_optim/primary_v3_joint_reconstruction.py -> build/lib/embed_optim
2026-09-13T15:49:43.6365061Z copying src/embed_optim/matrix_handoff_guard.py -> build/lib/embed_optim
2026-09-13T15:49:43.6367034Z copying src/embed_optim/callbacks.py -> build/lib/embed_optim
2026-09-13T15:49:43.6369060Z copying src/embed_optim/factorial_v3_batches.py -> build/lib/embed_optim
2026-09-13T15:49:43.6370970Z copying src/embed_optim/training_dynamics.py -> build/lib/embed_optim
2026-09-13T15:49:43.6373115Z copying src/embed_optim/retrieval_dynamics.py -> build/lib/embed_optim
2026-09-13T15:49:43.6375508Z copying src/embed_optim/basis_sensitivity.py -> build/lib/embed_optim
2026-09-13T15:49:43.6377819Z copying src/embed_optim/checkpoint_watch.py -> build/lib/embed_optim
2026-09-13T15:49:43.6379839Z copying src/embed_optim/scope.py -> build/lib/embed_optim
2026-09-13T15:49:43.6381861Z copying src/embed_optim/primary_completion.py -> build/lib/embed_optim
2026-09-13T15:49:43.6384197Z copying src/embed_optim/primary_v3_paper_layout.py -> build/lib/embed_optim
2026-09-13T15:49:43.6386105Z copying src/embed_optim/causal_chain_reporting.py -> build/lib/embed_optim
2026-09-13T15:49:43.6388488Z copying src/embed_optim/representation_plot.py -> build/lib/embed_optim
2026-09-13T15:49:43.6390631Z copying src/embed_optim/candidate_breadth_data.py -> build/lib/embed_optim
2026-09-13T15:49:43.6392835Z copying src/embed_optim/factorial_v3_calibration.py -> build/lib/embed_optim
2026-09-13T15:49:43.6395567Z copying src/embed_optim/factorial_v3_optimizer.py -> build/lib/embed_optim
2026-09-13T15:49:43.6403354Z copying src/embed_optim/state_operator_factorial_training.py -> build/lib/embed_optim
2026-09-13T15:49:43.6404289Z copying src/embed_optim/corrected_checkpoint_backup.py -> build/lib/embed_optim
2026-09-13T15:49:43.6405104Z copying src/embed_optim/update_geometry.py -> build/lib/embed_optim
2026-09-13T15:49:43.6405785Z copying src/embed_optim/primary_v3_dimension_vector_io.py -> build/lib/embed_optim
2026-09-13T15:49:43.6406281Z copying src/embed_optim/wandb_sync.py -> build/lib/embed_optim
2026-09-13T15:49:43.6406950Z copying src/embed_optim/supplemental_training_audit.py -> build/lib/embed_optim
2026-09-13T15:49:43.6409336Z copying src/embed_optim/state_operator_factorial_evaluation.py -> build/lib/embed_optim
2026-09-13T15:49:43.6411416Z copying src/embed_optim/factorial_v3_checkpoint.py -> build/lib/embed_optim
2026-09-13T15:49:43.6413672Z copying src/embed_optim/primary_v3_publication_reconstruction.py -> build/lib/embed_optim
2026-09-13T15:49:43.6415714Z copying src/embed_optim/primary_v3_dimension_exports.py -> build/lib/embed_optim
2026-09-13T15:49:43.6417799Z copying src/embed_optim/spectral_transplant_summary.py -> build/lib/embed_optim
2026-09-13T15:49:43.6419910Z copying src/embed_optim/dimension_interventions.py -> build/lib/embed_optim
2026-09-13T15:49:43.6422292Z copying src/embed_optim/paper_reproduction.py -> build/lib/embed_optim
2026-09-13T15:49:43.6424200Z copying src/embed_optim/primary_v3_geometry_io.py -> build/lib/embed_optim
2026-09-13T15:49:43.6426201Z copying src/embed_optim/primary_v3_validation_io.py -> build/lib/embed_optim
2026-09-13T15:49:43.6428244Z copying src/embed_optim/primary_v3_outcome_primitives.py -> build/lib/embed_optim
2026-09-13T15:49:43.6430285Z copying src/embed_optim/primary_v3_publication_archive.py -> build/lib/embed_optim
2026-09-13T15:49:43.6432544Z copying src/embed_optim/completion_backup_contract_migration.py -> build/lib/embed_optim
2026-09-13T15:49:43.6434565Z copying src/embed_optim/confirmatory_data.py -> build/lib/embed_optim
2026-09-13T15:49:43.6436991Z copying src/embed_optim/mechanism_bridge.py -> build/lib/embed_optim
2026-09-13T15:49:43.6439157Z copying src/embed_optim/candidate_breadth_matrix.py -> build/lib/embed_optim
2026-09-13T15:49:43.6441245Z copying src/embed_optim/dense_retrieval_dynamics_evaluation.py -> build/lib/embed_optim
2026-09-13T15:49:43.6443615Z copying src/embed_optim/primary_v3_contract.py -> build/lib/embed_optim
2026-09-13T15:49:43.6445685Z copying src/embed_optim/corrected_geometry_matrix.py -> build/lib/embed_optim
2026-09-13T15:49:43.6447864Z copying src/embed_optim/saved_factorial_checkpoint.py -> build/lib/embed_optim
2026-09-13T15:49:43.6450025Z copying src/embed_optim/primary_v3_reconstruction_inputs.py -> build/lib/embed_optim
2026-09-13T15:49:43.6451979Z copying src/embed_optim/primary_v3_training.py -> build/lib/embed_optim
2026-09-13T15:49:43.6454121Z copying src/embed_optim/mechanism_report.py -> build/lib/embed_optim
2026-09-13T15:49:43.6456549Z copying src/embed_optim/primary_geometry_reductions.py -> build/lib/embed_optim
2026-09-13T15:49:43.6458444Z copying src/embed_optim/primary_v3_outcomes.py -> build/lib/embed_optim
2026-09-13T15:49:43.6460503Z copying src/embed_optim/beir_probe.py -> build/lib/embed_optim
2026-09-13T15:49:43.6462834Z copying src/embed_optim/primary_v3_dimension_inference.py -> build/lib/embed_optim
2026-09-13T15:49:43.6464842Z copying src/embed_optim/state_operator_factorial_probe.py -> build/lib/embed_optim
2026-09-13T15:49:43.6466988Z copying src/embed_optim/outcome_report.py -> build/lib/embed_optim
2026-09-13T15:49:43.6469354Z copying src/embed_optim/gpu_lease.py -> build/lib/embed_optim
2026-09-13T15:49:43.6471367Z copying src/embed_optim/artifact_inventory.py -> build/lib/embed_optim
2026-09-13T15:49:43.6473404Z copying src/embed_optim/collators.py -> build/lib/embed_optim
2026-09-13T15:49:43.6475420Z copying src/embed_optim/primary_weight_entries.py -> build/lib/embed_optim
2026-09-13T15:49:43.6477417Z copying src/embed_optim/geometry_plot.py -> build/lib/embed_optim
2026-09-13T15:49:43.6479560Z copying src/embed_optim/primary_exact_geometry_kernels.py -> build/lib/embed_optim
2026-09-13T15:49:43.6481517Z copying src/embed_optim/paper_results.py -> build/lib/embed_optim
2026-09-13T15:49:43.6484079Z copying src/embed_optim/primary_v3_exact_geometry_primitives.py -> build/lib/embed_optim
2026-09-13T15:49:43.6486839Z copying src/embed_optim/dimension_intervention_io.py -> build/lib/embed_optim
2026-09-13T15:49:43.6488869Z copying src/embed_optim/primary_v3_dimension_contract.py -> build/lib/embed_optim
2026-09-13T15:49:43.6490871Z copying src/embed_optim/causal_chain_rendering.py -> build/lib/embed_optim
2026-09-13T15:49:43.6493221Z copying src/embed_optim/primary_dimension_probe.py -> build/lib/embed_optim
2026-09-13T15:49:43.6495257Z copying src/embed_optim/evaluate_matrix.py -> build/lib/embed_optim
2026-09-13T15:49:43.6497434Z copying src/embed_optim/factorial_v3_inputs.py -> build/lib/embed_optim
2026-09-13T15:49:43.6499462Z copying src/embed_optim/dimension_utilization.py -> build/lib/embed_optim
2026-09-13T15:49:43.6501743Z copying src/embed_optim/candidate_breadth_release.py -> build/lib/embed_optim
2026-09-13T15:49:43.6504239Z copying src/embed_optim/probe_matrix.py -> build/lib/embed_optim
2026-09-13T15:49:43.6506407Z copying src/embed_optim/state_operator_factorial_summary.py -> build/lib/embed_optim
2026-09-13T15:49:43.6508627Z copying src/embed_optim/family_training_queue.py -> build/lib/embed_optim
2026-09-13T15:49:43.6510611Z copying src/embed_optim/dense_numerical_contract.py -> build/lib/embed_optim
2026-09-13T15:49:43.6512560Z copying src/embed_optim/packing_invariance.py -> build/lib/embed_optim
2026-09-13T15:49:43.6514721Z copying src/embed_optim/primary_v3_geometry_primitives.py -> build/lib/embed_optim
2026-09-13T15:49:43.6516737Z copying src/embed_optim/evaluation_source_archive.py -> build/lib/embed_optim
2026-09-13T15:49:43.6519158Z copying src/embed_optim/completion_contract_migration.py -> build/lib/embed_optim
2026-09-13T15:49:43.6521206Z copying src/embed_optim/primary_v3_vector_reconstruction.py -> build/lib/embed_optim
2026-09-13T15:49:43.6523399Z copying src/embed_optim/common_state_spectrum_plot.py -> build/lib/embed_optim
2026-09-13T15:49:43.6525429Z copying src/embed_optim/geometry_robustness.py -> build/lib/embed_optim
2026-09-13T15:49:43.6527378Z copying src/embed_optim/geometry_summary.py -> build/lib/embed_optim
2026-09-13T15:49:43.6529478Z copying src/embed_optim/evaluation_progress.py -> build/lib/embed_optim
2026-09-13T15:49:43.6531599Z copying src/embed_optim/reconstruction_files.py -> build/lib/embed_optim
2026-09-13T15:49:43.6533746Z copying src/embed_optim/candidate_breadth_evaluation.py -> build/lib/embed_optim
2026-09-13T15:49:43.6535961Z copying src/embed_optim/primary_v3_exact_reconstruction_archive.py -> build/lib/embed_optim
2026-09-13T15:49:43.6537841Z copying src/embed_optim/primary_data_revision.py -> build/lib/embed_optim
2026-09-13T15:49:43.6539879Z copying src/embed_optim/corrected_geometry_summary.py -> build/lib/embed_optim
2026-09-13T15:49:43.6541990Z copying src/embed_optim/losses.py -> build/lib/embed_optim
2026-09-13T15:49:43.6544203Z copying src/embed_optim/state_operator_factorial_publication.py -> build/lib/embed_optim
2026-09-13T15:49:43.6546250Z copying src/embed_optim/factorial_v3_run_contract.py -> build/lib/embed_optim
2026-09-13T15:49:43.6548435Z copying src/embed_optim/primary_v3_exact_reconstruction.py -> build/lib/embed_optim
2026-09-13T15:49:43.6550422Z copying src/embed_optim/hybrid_control.py -> build/lib/embed_optim
2026-09-13T15:49:43.6552615Z copying src/embed_optim/state_operator_factorial_completion.py -> build/lib/embed_optim
2026-09-13T15:49:43.6554920Z copying src/embed_optim/post_eval_pipeline.py -> build/lib/embed_optim
2026-09-13T15:49:43.6557142Z copying src/embed_optim/spectral_transplant.py -> build/lib/embed_optim
2026-09-13T15:49:43.6559371Z copying src/embed_optim/corrected_completion_pipeline.py -> build/lib/embed_optim
2026-09-13T15:49:43.6561388Z copying src/embed_optim/corrected_wandb_audit.py -> build/lib/embed_optim
2026-09-13T15:49:43.6563560Z copying src/embed_optim/dense_completion_pipeline.py -> build/lib/embed_optim
2026-09-13T15:49:43.6565783Z copying src/embed_optim/primary_geometry_kernels.py -> build/lib/embed_optim
2026-09-13T15:49:43.6567769Z copying src/embed_optim/candidate_breadth_summary.py -> build/lib/embed_optim
2026-09-13T15:49:43.6569974Z copying src/embed_optim/primary_io.py -> build/lib/embed_optim
2026-09-13T15:49:43.6572052Z copying src/embed_optim/candidate_breadth_publication.py -> build/lib/embed_optim
2026-09-13T15:49:43.6574331Z copying src/embed_optim/decontamination.py -> build/lib/embed_optim
2026-09-13T15:49:43.6576322Z copying src/embed_optim/dense_finalization_pipeline.py -> build/lib/embed_optim
2026-09-13T15:49:43.6578427Z copying src/embed_optim/dimension_release.py -> build/lib/embed_optim
2026-09-13T15:49:43.6580414Z copying src/embed_optim/tail_stability.py -> build/lib/embed_optim
2026-09-13T15:49:43.6582861Z copying src/embed_optim/corrected_execution_sensitivity.py -> build/lib/embed_optim
2026-09-13T15:49:43.6585074Z copying src/embed_optim/primary_v3_geometry.py -> build/lib/embed_optim
2026-09-13T15:49:43.6587170Z copying src/embed_optim/corrected_progress.py -> build/lib/embed_optim
2026-09-13T15:49:43.6589129Z copying src/embed_optim/probes.py -> build/lib/embed_optim
2026-09-13T15:49:43.6591459Z copying src/embed_optim/sealed_checkpoint_supervisor.py -> build/lib/embed_optim
2026-09-13T15:49:43.6593633Z copying src/embed_optim/factorial_v3_bound_trainer.py -> build/lib/embed_optim
2026-09-13T15:49:43.6595637Z copying src/embed_optim/common_state_matrix.py -> build/lib/embed_optim
2026-09-13T15:49:43.6597802Z copying src/embed_optim/primary_v3_dimensions.py -> build/lib/embed_optim
2026-09-13T15:49:43.6599845Z copying src/embed_optim/representation_geometry.py -> build/lib/embed_optim
2026-09-13T15:49:43.6602230Z copying src/embed_optim/representation_summary.py -> build/lib/embed_optim
2026-09-13T15:49:43.6604607Z copying src/embed_optim/primary_v3_manuscript_build.py -> build/lib/embed_optim
2026-09-13T15:49:43.6606554Z copying src/embed_optim/bridge_named_features.py -> build/lib/embed_optim
2026-09-13T15:49:43.6608576Z copying src/embed_optim/corrected_beir_evaluation.py -> build/lib/embed_optim
2026-09-13T15:49:43.6611138Z copying src/embed_optim/corrected_validation_evaluation.py -> build/lib/embed_optim
2026-09-13T15:49:43.6613167Z copying src/embed_optim/factorial_v3_trainer.py -> build/lib/embed_optim
2026-09-13T15:49:43.6615195Z copying src/embed_optim/bridge_exact_arithmetic.py -> build/lib/embed_optim
2026-09-13T15:49:43.6617170Z copying src/embed_optim/corrected_input_execution.py -> build/lib/embed_optim
2026-09-13T15:49:43.6619107Z copying src/embed_optim/corrected_publication.py -> build/lib/embed_optim
2026-09-13T15:49:43.6621268Z copying src/embed_optim/confirmatory_matrix.py -> build/lib/embed_optim
2026-09-13T15:49:43.6623667Z copying src/embed_optim/geometry.py -> build/lib/embed_optim
2026-09-13T15:49:43.6625665Z copying src/embed_optim/bridge_numerics.py -> build/lib/embed_optim
2026-09-13T15:49:43.6627700Z copying src/embed_optim/corrected_retrieval_bridge.py -> build/lib/embed_optim
2026-09-13T15:49:43.6629780Z copying src/embed_optim/confirmatory_summary.py -> build/lib/embed_optim
2026-09-13T15:49:43.6631833Z copying src/embed_optim/factorial_v3_factory.py -> build/lib/embed_optim
2026-09-13T15:49:43.6634172Z copying src/embed_optim/primary_v3_publication_render.py -> build/lib/embed_optim
2026-09-13T15:49:43.6636179Z copying src/embed_optim/state_operator_factorial.py -> build/lib/embed_optim
2026-09-13T15:49:43.6638548Z copying src/embed_optim/three_regime_diagnostic.py -> build/lib/embed_optim
2026-09-13T15:49:43.6640574Z copying src/embed_optim/paper_layout.py -> build/lib/embed_optim
2026-09-13T15:49:43.6642799Z copying src/embed_optim/corpus_size_diagnostic.py -> build/lib/embed_optim
2026-09-13T15:49:43.6644992Z copying src/embed_optim/state_operator_factorial_contract.py -> build/lib/embed_optim
2026-09-13T15:49:43.6646854Z copying src/embed_optim/primary_contract.py -> build/lib/embed_optim
2026-09-13T15:49:43.6648954Z copying src/embed_optim/temporal_short_branch_predictors.py -> build/lib/embed_optim
2026-09-13T15:49:43.6651002Z copying src/embed_optim/primary_v3_bridge.py -> build/lib/embed_optim
2026-09-13T15:49:43.6653214Z copying src/embed_optim/primary_v3_reconstruction_sources.py -> build/lib/embed_optim
2026-09-13T15:49:43.6655212Z copying src/embed_optim/optimizers.py -> build/lib/embed_optim
2026-09-13T15:49:43.6657288Z copying src/embed_optim/incremental_checkpoint_backup.py -> build/lib/embed_optim
2026-09-13T15:49:43.6659540Z copying src/embed_optim/dense_retrieval_dynamics_summary.py -> build/lib/embed_optim
2026-09-13T15:49:43.6661549Z copying src/embed_optim/probe_export.py -> build/lib/embed_optim
2026-09-13T15:49:43.6663843Z copying src/embed_optim/confirmatory_evaluation.py -> build/lib/embed_optim
2026-09-13T15:49:43.6665807Z copying src/embed_optim/aggregate.py -> build/lib/embed_optim
2026-09-13T15:49:43.6668585Z copying src/embed_optim/functional_intervention_summary.py -> build/lib/embed_optim
2026-09-13T15:49:43.6670545Z copying src/embed_optim/evaluation_utils.py -> build/lib/embed_optim
2026-09-13T15:49:43.6672855Z copying src/embed_optim/primary_v3_exact_publication_contract.py -> build/lib/embed_optim
2026-09-13T15:49:43.6675007Z copying src/embed_optim/primary_training.py -> build/lib/embed_optim
2026-09-13T15:49:43.6676829Z copying src/embed_optim/corrected_validation_matrix.py -> build/lib/embed_optim
2026-09-13T15:49:43.6678803Z copying src/embed_optim/current_paper.py -> build/lib/embed_optim
2026-09-13T15:49:43.6681731Z running egg_info
2026-09-13T15:49:43.6693837Z writing src/embedding_optimizer_study.egg-info/PKG-INFO
2026-09-13T15:49:43.6707919Z writing dependency_links to src/embedding_optimizer_study.egg-info/dependency_links.txt
2026-09-13T15:49:43.6718963Z writing entry points to src/embedding_optimizer_study.egg-info/entry_points.txt
2026-09-13T15:49:43.6727187Z writing requirements to src/embedding_optimizer_study.egg-info/requires.txt
2026-09-13T15:49:43.6728939Z writing top-level names to src/embedding_optimizer_study.egg-info/top_level.txt
2026-09-13T15:49:43.6828930Z reading manifest file 'src/embedding_optimizer_study.egg-info/SOURCES.txt'
2026-09-13T15:49:43.6891986Z reading manifest template 'MANIFEST.in'
2026-09-13T15:49:43.6892692Z adding license file 'LICENSE'
2026-09-13T15:49:43.6959754Z writing manifest file 'src/embedding_optimizer_study.egg-info/SOURCES.txt'
2026-09-13T15:49:43.6986959Z creating build/lib/embed_optim_restore/references
2026-09-13T15:49:43.6988969Z copying src/embed_optim_restore/references/a-3-warm.json -> build/lib/embed_optim_restore/references
2026-09-13T15:49:43.6992027Z copying src/embed_optim_restore/references/b-2-warm.json -> build/lib/embed_optim_restore/references
2026-09-13T15:49:43.6995321Z copying src/embed_optim_restore/references/a-0-cold.json -> build/lib/embed_optim_restore/references
2026-09-13T15:49:43.6998350Z copying src/embed_optim_restore/references/b-3-warm.json -> build/lib/embed_optim_restore/references
2026-09-13T15:49:43.7001248Z copying src/embed_optim_restore/references/b-0-cold.json -> build/lib/embed_optim_restore/references
2026-09-13T15:49:43.7004367Z copying src/embed_optim_restore/references/a-1-cold.json -> build/lib/embed_optim_restore/references
2026-09-13T15:49:43.7007313Z copying src/embed_optim_restore/references/b-3-cold.json -> build/lib/embed_optim_restore/references
2026-09-13T15:49:43.7010218Z copying src/embed_optim_restore/references/a-2-cold.json -> build/lib/embed_optim_restore/references
2026-09-13T15:49:43.7013182Z copying src/embed_optim_restore/references/b-2-cold.json -> build/lib/embed_optim_restore/references
2026-09-13T15:49:43.7016188Z copying src/embed_optim_restore/references/b-0-warm.json -> build/lib/embed_optim_restore/references
2026-09-13T15:49:43.7019043Z copying src/embed_optim_restore/references/a-0-warm.json -> build/lib/embed_optim_restore/references
2026-09-13T15:49:43.7021907Z copying src/embed_optim_restore/references/a-2-warm.json -> build/lib/embed_optim_restore/references
2026-09-13T15:49:43.7025016Z copying src/embed_optim_restore/references/b-1-warm.json -> build/lib/embed_optim_restore/references
2026-09-13T15:49:43.7027857Z copying src/embed_optim_restore/references/a-3-cold.json -> build/lib/embed_optim_restore/references
2026-09-13T15:49:43.7030754Z copying src/embed_optim_restore/references/b-1-cold.json -> build/lib/embed_optim_restore/references
2026-09-13T15:49:43.7033862Z copying src/embed_optim_restore/references/a-1-warm.json -> build/lib/embed_optim_restore/references
2026-09-13T15:49:43.7079072Z installing to build/bdist.linux-x86_64/wheel
2026-09-13T15:49:43.7079532Z running install
2026-09-13T15:49:43.7133175Z running install_lib
2026-09-13T15:49:43.7144031Z creating build/bdist.linux-x86_64/wheel
2026-09-13T15:49:43.7146600Z creating build/bdist.linux-x86_64/wheel/embed_optim_restore
2026-09-13T15:49:43.7148349Z copying build/lib/embed_optim_restore/reference.py -> build/bdist.linux-x86_64/wheel/./embed_optim_restore
2026-09-13T15:49:43.7149955Z copying build/lib/embed_optim_restore/step_devices.py -> build/bdist.linux-x86_64/wheel/./embed_optim_restore
2026-09-13T15:49:43.7151875Z copying build/lib/embed_optim_restore/__init__.py -> build/bdist.linux-x86_64/wheel/./embed_optim_restore
2026-09-13T15:49:43.7153995Z copying build/lib/embed_optim_restore/entry.py -> build/bdist.linux-x86_64/wheel/./embed_optim_restore
2026-09-13T15:49:43.7155199Z copying build/lib/embed_optim_restore/trace.py -> build/bdist.linux-x86_64/wheel/./embed_optim_restore
2026-09-13T15:49:43.7157508Z creating build/bdist.linux-x86_64/wheel/embed_optim_restore/references
2026-09-13T15:49:43.7159011Z copying build/lib/embed_optim_restore/references/a-3-warm.json -> build/bdist.linux-x86_64/wheel/./embed_optim_restore/references
2026-09-13T15:49:43.7161947Z copying build/lib/embed_optim_restore/references/b-2-warm.json -> build/bdist.linux-x86_64/wheel/./embed_optim_restore/references
2026-09-13T15:49:43.7164732Z copying build/lib/embed_optim_restore/references/a-0-cold.json -> build/bdist.linux-x86_64/wheel/./embed_optim_restore/references
2026-09-13T15:49:43.7167314Z copying build/lib/embed_optim_restore/references/b-3-warm.json -> build/bdist.linux-x86_64/wheel/./embed_optim_restore/references
2026-09-13T15:49:43.7169849Z copying build/lib/embed_optim_restore/references/b-0-cold.json -> build/bdist.linux-x86_64/wheel/./embed_optim_restore/references
2026-09-13T15:49:43.7172684Z copying build/lib/embed_optim_restore/references/a-1-cold.json -> build/bdist.linux-x86_64/wheel/./embed_optim_restore/references
2026-09-13T15:49:43.7175360Z copying build/lib/embed_optim_restore/references/b-3-cold.json -> build/bdist.linux-x86_64/wheel/./embed_optim_restore/references
2026-09-13T15:49:43.7177910Z copying build/lib/embed_optim_restore/references/a-2-cold.json -> build/bdist.linux-x86_64/wheel/./embed_optim_restore/references
2026-09-13T15:49:43.7180574Z copying build/lib/embed_optim_restore/references/b-2-cold.json -> build/bdist.linux-x86_64/wheel/./embed_optim_restore/references
2026-09-13T15:49:43.7183331Z copying build/lib/embed_optim_restore/references/b-0-warm.json -> build/bdist.linux-x86_64/wheel/./embed_optim_restore/references
2026-09-13T15:49:43.7185917Z copying build/lib/embed_optim_restore/references/a-0-warm.json -> build/bdist.linux-x86_64/wheel/./embed_optim_restore/references
2026-09-13T15:49:43.7188413Z copying build/lib/embed_optim_restore/references/a-2-warm.json -> build/bdist.linux-x86_64/wheel/./embed_optim_restore/references
2026-09-13T15:49:43.7190938Z copying build/lib/embed_optim_restore/references/b-1-warm.json -> build/bdist.linux-x86_64/wheel/./embed_optim_restore/references
2026-09-13T15:49:43.7193574Z copying build/lib/embed_optim_restore/references/a-3-cold.json -> build/bdist.linux-x86_64/wheel/./embed_optim_restore/references
2026-09-13T15:49:43.7196171Z copying build/lib/embed_optim_restore/references/b-1-cold.json -> build/bdist.linux-x86_64/wheel/./embed_optim_restore/references
2026-09-13T15:49:43.7198787Z copying build/lib/embed_optim_restore/references/a-1-warm.json -> build/bdist.linux-x86_64/wheel/./embed_optim_restore/references
2026-09-13T15:49:43.7201301Z copying build/lib/embed_optim_restore/paired.py -> build/bdist.linux-x86_64/wheel/./embed_optim_restore
2026-09-13T15:49:43.7202744Z copying build/lib/embed_optim_restore/__main__.py -> build/bdist.linux-x86_64/wheel/./embed_optim_restore
2026-09-13T15:49:43.7204552Z copying build/lib/embed_optim_restore/gate.py -> build/bdist.linux-x86_64/wheel/./embed_optim_restore
2026-09-13T15:49:43.7205865Z copying build/lib/embed_optim_restore/equality.py -> build/bdist.linux-x86_64/wheel/./embed_optim_restore
2026-09-13T15:49:43.7209342Z creating build/bdist.linux-x86_64/wheel/embed_optim
2026-09-13T15:49:43.7210888Z copying build/lib/embed_optim/dense_retrieval_dynamics_publication.py -> build/bdist.linux-x86_64/wheel/./embed_optim
2026-09-13T15:49:43.7213206Z copying build/lib/embed_optim/primary_v3_publication_bridge.py -> build/bdist.linux-x86_64/wheel/./embed_optim
2026-09-13T15:49:43.7214479Z copying build/lib/embed_optim/primary_v3_exact_geometry_io.py -> build/bdist.linux-x86_64/wheel/./embed_optim
2026-09-13T15:49:43.7216296Z copying build/lib/embed_optim/dense_eval_handoff.py -> build/bdist.linux-x86_64/wheel/./embed_optim
2026-09-13T15:49:43.7218494Z copying build/lib/embed_optim/primary_v3_publication.py -> build/bdist.linux-x86_64/wheel/./embed_optim
2026-09-13T15:49:43.7220116Z copying build/lib/embed_optim/dimension_inference.py -> build/bdist.linux-x86_64/wheel/./embed_optim
2026-09-13T15:49:43.7221460Z copying build/lib/embed_optim/gradient_probe.py -> build/bdist.linux-x86_64/wheel/./embed_optim
2026-09-13T15:49:43.7223544Z copying build/lib/embed_optim/pylate_compat.py -> build/bdist.linux-x86_64/wheel/./embed_optim
2026-09-13T15:49:43.7225325Z copying build/lib/embed_optim/dimension_inference_render.py -> build/bdist.linux-x86_64/wheel/./embed_optim
2026-09-13T15:49:43.7226650Z copying build/lib/embed_optim/corrected_outcome_summary.py -> build/bdist.linux-x86_64/wheel/./embed_optim
2026-09-13T15:49:43.7228640Z copying build/lib/embed_optim/functional_intervention.py -> build/bdist.linux-x86_64/wheel/./embed_optim
2026-09-13T15:49:43.7230491Z copying build/lib/embed_optim/dimension_archive.py -> build/bdist.linux-x86_64/wheel/./embed_optim
2026-09-13T15:49:43.7232417Z copying build/lib/embed_optim/primary_v3_completion.py -> build/bdist.linux-x86_64/wheel/./embed_optim
2026-09-13T15:49:43.7233943Z copying build/lib/embed_optim/dimension_replay.py -> build/bdist.linux-x86_64/wheel/./embed_optim
2026-09-13T15:49:43.7235331Z copying build/lib/embed_optim/common_state_summary.py -> build/bdist.linux-x86_64/wheel/./embed_optim
2026-09-13T15:49:43.7237385Z copying build/lib/embed_optim/functional_intervention_matrix.py -> build/bdist.linux-x86_64/wheel/./embed_optim
2026-09-13T15:49:43.7239111Z copying build/lib/embed_optim/short_branch_summary.py -> build/bdist.linux-x86_64/wheel/./embed_optim
2026-09-13T15:49:43.7240649Z copying build/lib/embed_optim/primary_v3_exact_geometry.py -> build/bdist.linux-x86_64/wheel/./embed_optim
2026-09-13T15:49:43.7241988Z copying build/lib/embed_optim/temporal_short_branch.py -> build/bdist.linux-x86_64/wheel/./embed_optim
2026-09-13T15:49:43.7244151Z copying build/lib/embed_optim/primary_v3_publication_tables.py -> build/bdist.linux-x86_64/wheel/./embed_optim
2026-09-13T15:49:43.7245866Z copying build/lib/embed_optim/distribution_audit.py -> build/bdist.linux-x86_64/wheel/./embed_optim
2026-09-13T15:49:43.7247305Z copying build/lib/embed_optim/train.py -> build/bdist.linux-x86_64/wheel/./embed_optim
2026-09-13T15:49:43.7248821Z copying build/lib/embed_optim/validation_evaluation.py -> build/bdist.linux-x86_64/wheel/./embed_optim
2026-09-13T15:49:43.7250654Z copying build/lib/embed_optim/evaluation_source_provenance.py -> build/bdist.linux-x86_64/wheel/./embed_optim
2026-09-13T15:49:43.7252389Z copying build/lib/embed_optim/validation_summary.py -> build/bdist.linux-x86_64/wheel/./embed_optim
2026-09-13T15:49:43.7254221Z copying build/lib/embed_optim/factorial_v3_worker.py -> build/bdist.linux-x86_64/wheel/./embed_optim
2026-09-13T15:49:43.7256100Z copying build/lib/embed_optim/spectral_transplant_matrix.py -> build/bdist.linux-x86_64/wheel/./embed_optim
2026-09-13T15:49:43.7257753Z copying build/lib/embed_optim/primary_v3_validation.py -> build/bdist.linux-x86_64/wheel/./embed_optim
2026-09-13T15:49:43.7259766Z copying build/lib/embed_optim/primary_v3_geometry_reconstruction.py -> build/bdist.linux-x86_64/wheel/./embed_optim
2026-09-13T15:49:43.7261440Z copying build/lib/embed_optim/wandb_dense_provenance_audit.py -> build/bdist.linux-x86_64/wheel/./embed_optim
2026-09-13T15:49:43.7263586Z copying build/lib/embed_optim/dose_band_analysis.py -> build/bdist.linux-x86_64/wheel/./embed_optim
2026-09-13T15:49:43.7265535Z copying build/lib/embed_optim/complete_paper_document.py -> build/bdist.linux-x86_64/wheel/./embed_optim
2026-09-13T15:49:43.7267291Z copying build/lib/embed_optim/validation_data.py -> build/bdist.linux-x86_64/wheel/./embed_optim
2026-09-13T15:49:43.7269392Z copying build/lib/embed_optim/primary_v3_exact_publication_render.py -> build/bdist.linux-x86_64/wheel/./embed_optim
2026-09-13T15:49:43.7270804Z copying build/lib/embed_optim/primary_v3_exact_publication.py -> build/bdist.linux-x86_64/wheel/./embed_optim
2026-09-13T15:49:43.7272805Z copying build/lib/embed_optim/state_operator_factorial_backup.py -> build/bdist.linux-x86_64/wheel/./embed_optim
2026-09-13T15:49:43.7274125Z copying build/lib/embed_optim/primary_v3_exact_bridge.py -> build/bdist.linux-x86_64/wheel/./embed_optim
2026-09-13T15:49:43.7275735Z copying build/lib/embed_optim/dense_run_contract.py -> build/bdist.linux-x86_64/wheel/./embed_optim
2026-09-13T15:49:43.7277450Z copying build/lib/embed_optim/short_branch.py -> build/bdist.linux-x86_64/wheel/./embed_optim
2026-09-13T15:49:43.7279203Z copying build/lib/embed_optim/short_branch_evaluation.py -> build/bdist.linux-x86_64/wheel/./embed_optim
2026-09-13T15:49:43.7280752Z copying build/lib/embed_optim/__init__.py -> build/bdist.linux-x86_64/wheel/./embed_optim
2026-09-13T15:49:43.7282519Z copying build/lib/embed_optim/local_global_reversal.py -> build/bdist.linux-x86_64/wheel/./embed_optim
2026-09-13T15:49:43.7284502Z copying build/lib/embed_optim/optimizer_state_devices.py -> build/bdist.linux-x86_64/wheel/./embed_optim
2026-09-13T15:49:43.7286012Z copying build/lib/embed_optim/evaluation_supervisor.py -> build/bdist.linux-x86_64/wheel/./embed_optim
2026-09-13T15:49:43.7287794Z copying build/lib/embed_optim/primary_v3_reconstruction_authoring.py -> build/bdist.linux-x86_64/wheel/./embed_optim
2026-09-13T15:49:43.7289302Z copying build/lib/embed_optim/common_state_spectra.py -> build/bdist.linux-x86_64/wheel/./embed_optim
2026-09-13T15:49:43.7291138Z copying build/lib/embed_optim/paper_audit.py -> build/bdist.linux-x86_64/wheel/./embed_optim
2026-09-13T15:49:43.7294270Z copying build/lib/embed_optim/primary_v3_publication_contract.py -> build/bdist.linux-x86_64/wheel/./embed_optim
2026-09-13T15:49:43.7295509Z copying build/lib/embed_optim/data.py -> build/bdist.linux-x86_64/wheel/./embed_optim
2026-09-13T15:49:43.7297312Z copying build/lib/embed_optim/training_dynamics_plot.py -> build/bdist.linux-x86_64/wheel/./embed_optim
2026-09-13T15:49:43.7298941Z copying build/lib/embed_optim/primary_v3_outcome_reconstruction.py -> build/bdist.linux-x86_64/wheel/./embed_optim
2026-09-13T15:49:43.7300308Z copying build/lib/embed_optim/config.py -> build/bdist.linux-x86_64/wheel/./embed_optim
2026-09-13T15:49:43.7302007Z copying build/lib/embed_optim/dimension_publication.py -> build/bdist.linux-x86_64/wheel/./embed_optim
2026-09-13T15:49:43.7304022Z copying build/lib/embed_optim/matrix.py -> build/bdist.linux-x86_64/wheel/./embed_optim
2026-09-13T15:49:43.7305641Z copying build/lib/embed_optim/runtime.py -> build/bdist.linux-x86_64/wheel/./embed_optim
2026-09-13T15:49:43.7307202Z copying build/lib/embed_optim/primary_v3_io.py -> build/bdist.linux-x86_64/wheel/./embed_optim
2026-09-13T15:49:43.7308776Z copying build/lib/embed_optim/supervisor.py -> build/bdist.linux-x86_64/wheel/./embed_optim
2026-09-13T15:49:43.7310464Z copying build/lib/embed_optim/hybrid_evaluation.py -> build/bdist.linux-x86_64/wheel/./embed_optim
2026-09-13T15:49:43.7311962Z copying build/lib/embed_optim/primary_v3_manuscript.py -> build/bdist.linux-x86_64/wheel/./embed_optim
2026-09-13T15:49:43.7313843Z copying build/lib/embed_optim/dense_no_packing_preflight.py -> build/bdist.linux-x86_64/wheel/./embed_optim
2026-09-13T15:49:43.7315465Z copying build/lib/embed_optim/exact_bridge_measurements.py -> build/bdist.linux-x86_64/wheel/./embed_optim
2026-09-13T15:49:43.7317123Z copying build/lib/embed_optim/validation_matrix.py -> build/bdist.linux-x86_64/wheel/./embed_optim
2026-09-13T15:49:43.7319014Z copying build/lib/embed_optim/primary_v3_joint_reconstruction.py -> build/bdist.linux-x86_64/wheel/./embed_optim
2026-09-13T15:49:43.7320333Z copying build/lib/embed_optim/matrix_handoff_guard.py -> build/bdist.linux-x86_64/wheel/./embed_optim
2026-09-13T15:49:43.7321883Z copying build/lib/embed_optim/callbacks.py -> build/bdist.linux-x86_64/wheel/./embed_optim
2026-09-13T15:49:43.7323769Z copying build/lib/embed_optim/factorial_v3_batches.py -> build/bdist.linux-x86_64/wheel/./embed_optim
2026-09-13T15:49:43.7325628Z copying build/lib/embed_optim/training_dynamics.py -> build/bdist.linux-x86_64/wheel/./embed_optim
2026-09-13T15:49:43.7327083Z copying build/lib/embed_optim/retrieval_dynamics.py -> build/bdist.linux-x86_64/wheel/./embed_optim
2026-09-13T15:49:43.7328944Z copying build/lib/embed_optim/basis_sensitivity.py -> build/bdist.linux-x86_64/wheel/./embed_optim
2026-09-13T15:49:43.7330893Z copying build/lib/embed_optim/checkpoint_watch.py -> build/bdist.linux-x86_64/wheel/./embed_optim
2026-09-13T15:49:43.7332611Z copying build/lib/embed_optim/scope.py -> build/bdist.linux-x86_64/wheel/./embed_optim
2026-09-13T15:49:43.7334423Z copying build/lib/embed_optim/primary_completion.py -> build/bdist.linux-x86_64/wheel/./embed_optim
2026-09-13T15:49:43.7336212Z copying build/lib/embed_optim/primary_v3_paper_layout.py -> build/bdist.linux-x86_64/wheel/./embed_optim
2026-09-13T15:49:43.7337733Z copying build/lib/embed_optim/causal_chain_reporting.py -> build/bdist.linux-x86_64/wheel/./embed_optim
2026-09-13T15:49:43.7339812Z copying build/lib/embed_optim/representation_plot.py -> build/bdist.linux-x86_64/wheel/./embed_optim
2026-09-13T15:49:43.7341604Z copying build/lib/embed_optim/candidate_breadth_data.py -> build/bdist.linux-x86_64/wheel/./embed_optim
2026-09-13T15:49:43.7343759Z copying build/lib/embed_optim/factorial_v3_calibration.py -> build/bdist.linux-x86_64/wheel/./embed_optim
2026-09-13T15:49:43.7345502Z copying build/lib/embed_optim/factorial_v3_optimizer.py -> build/bdist.linux-x86_64/wheel/./embed_optim
2026-09-13T15:49:43.7347267Z copying build/lib/embed_optim/state_operator_factorial_training.py -> build/bdist.linux-x86_64/wheel/./embed_optim
2026-09-13T15:49:43.7348836Z copying build/lib/embed_optim/corrected_checkpoint_backup.py -> build/bdist.linux-x86_64/wheel/./embed_optim
2026-09-13T15:49:43.7350334Z copying build/lib/embed_optim/update_geometry.py -> build/bdist.linux-x86_64/wheel/./embed_optim
2026-09-13T15:49:43.7352359Z copying build/lib/embed_optim/primary_v3_dimension_vector_io.py -> build/bdist.linux-x86_64/wheel/./embed_optim
2026-09-13T15:49:43.7353975Z copying build/lib/embed_optim/wandb_sync.py -> build/bdist.linux-x86_64/wheel/./embed_optim
2026-09-13T15:49:43.7355850Z copying build/lib/embed_optim/supplemental_training_audit.py -> build/bdist.linux-x86_64/wheel/./embed_optim
2026-09-13T15:49:43.7357476Z copying build/lib/embed_optim/state_operator_factorial_evaluation.py -> build/bdist.linux-x86_64/wheel/./embed_optim
2026-09-13T15:49:43.7359035Z copying build/lib/embed_optim/factorial_v3_checkpoint.py -> build/bdist.linux-x86_64/wheel/./embed_optim
2026-09-13T15:49:43.7360854Z copying build/lib/embed_optim/primary_v3_publication_reconstruction.py -> build/bdist.linux-x86_64/wheel/./embed_optim
2026-09-13T15:49:43.7362523Z copying build/lib/embed_optim/primary_v3_dimension_exports.py -> build/bdist.linux-x86_64/wheel/./embed_optim
2026-09-13T15:49:43.7364212Z copying build/lib/embed_optim/spectral_transplant_summary.py -> build/bdist.linux-x86_64/wheel/./embed_optim
2026-09-13T15:49:43.7366007Z copying build/lib/embed_optim/dimension_interventions.py -> build/bdist.linux-x86_64/wheel/./embed_optim
2026-09-13T15:49:43.7367506Z copying build/lib/embed_optim/paper_reproduction.py -> build/bdist.linux-x86_64/wheel/./embed_optim
2026-09-13T15:49:43.7369183Z copying build/lib/embed_optim/primary_v3_geometry_io.py -> build/bdist.linux-x86_64/wheel/./embed_optim
2026-09-13T15:49:43.7370834Z copying build/lib/embed_optim/primary_v3_validation_io.py -> build/bdist.linux-x86_64/wheel/./embed_optim
2026-09-13T15:49:43.7372740Z copying build/lib/embed_optim/primary_v3_outcome_primitives.py -> build/bdist.linux-x86_64/wheel/./embed_optim
2026-09-13T15:49:43.7374464Z copying build/lib/embed_optim/primary_v3_publication_archive.py -> build/bdist.linux-x86_64/wheel/./embed_optim
2026-09-13T15:49:43.7376111Z copying build/lib/embed_optim/completion_backup_contract_migration.py -> build/bdist.linux-x86_64/wheel/./embed_optim
2026-09-13T15:49:43.7377565Z copying build/lib/embed_optim/confirmatory_data.py -> build/bdist.linux-x86_64/wheel/./embed_optim
2026-09-13T15:49:43.7379624Z copying build/lib/embed_optim/mechanism_bridge.py -> build/bdist.linux-x86_64/wheel/./embed_optim
2026-09-13T15:49:43.7381358Z copying build/lib/embed_optim/candidate_breadth_matrix.py -> build/bdist.linux-x86_64/wheel/./embed_optim
2026-09-13T15:49:43.7383280Z copying build/lib/embed_optim/dense_retrieval_dynamics_evaluation.py -> build/bdist.linux-x86_64/wheel/./embed_optim
2026-09-13T15:49:43.7385055Z copying build/lib/embed_optim/primary_v3_contract.py -> build/bdist.linux-x86_64/wheel/./embed_optim
2026-09-13T15:49:43.7386901Z copying build/lib/embed_optim/corrected_geometry_matrix.py -> build/bdist.linux-x86_64/wheel/./embed_optim
2026-09-13T15:49:43.7388451Z copying build/lib/embed_optim/saved_factorial_checkpoint.py -> build/bdist.linux-x86_64/wheel/./embed_optim
2026-09-13T15:49:43.7390148Z copying build/lib/embed_optim/primary_v3_reconstruction_inputs.py -> build/bdist.linux-x86_64/wheel/./embed_optim
2026-09-13T15:49:43.7391688Z copying build/lib/embed_optim/primary_v3_training.py -> build/bdist.linux-x86_64/wheel/./embed_optim
2026-09-13T15:49:43.7393428Z copying build/lib/embed_optim/mechanism_report.py -> build/bdist.linux-x86_64/wheel/./embed_optim
2026-09-13T15:49:43.7395501Z copying build/lib/embed_optim/primary_geometry_reductions.py -> build/bdist.linux-x86_64/wheel/./embed_optim
2026-09-13T15:49:43.7396929Z copying build/lib/embed_optim/primary_v3_outcomes.py -> build/bdist.linux-x86_64/wheel/./embed_optim
2026-09-13T15:49:43.7398561Z copying build/lib/embed_optim/beir_probe.py -> build/bdist.linux-x86_64/wheel/./embed_optim
2026-09-13T15:49:43.7400514Z copying build/lib/embed_optim/primary_v3_dimension_inference.py -> build/bdist.linux-x86_64/wheel/./embed_optim
2026-09-13T15:49:43.7402288Z copying build/lib/embed_optim/state_operator_factorial_probe.py -> build/bdist.linux-x86_64/wheel/./embed_optim
2026-09-13T15:49:43.7404030Z copying build/lib/embed_optim/outcome_report.py -> build/bdist.linux-x86_64/wheel/./embed_optim
2026-09-13T15:49:43.7405948Z copying build/lib/embed_optim/gpu_lease.py -> build/bdist.linux-x86_64/wheel/./embed_optim
2026-09-13T15:49:43.7407581Z copying build/lib/embed_optim/artifact_inventory.py -> build/bdist.linux-x86_64/wheel/./embed_optim
2026-09-13T15:49:43.7409045Z copying build/lib/embed_optim/collators.py -> build/bdist.linux-x86_64/wheel/./embed_optim
2026-09-13T15:49:43.7410799Z copying build/lib/embed_optim/primary_weight_entries.py -> build/bdist.linux-x86_64/wheel/./embed_optim
2026-09-13T15:49:43.7412562Z copying build/lib/embed_optim/geometry_plot.py -> build/bdist.linux-x86_64/wheel/./embed_optim
2026-09-13T15:49:43.7414425Z copying build/lib/embed_optim/primary_exact_geometry_kernels.py -> build/bdist.linux-x86_64/wheel/./embed_optim
2026-09-13T15:49:43.7415968Z copying build/lib/embed_optim/paper_results.py -> build/bdist.linux-x86_64/wheel/./embed_optim
2026-09-13T15:49:43.7418130Z copying build/lib/embed_optim/primary_v3_exact_geometry_primitives.py -> build/bdist.linux-x86_64/wheel/./embed_optim
2026-09-13T15:49:43.7420575Z copying build/lib/embed_optim/dimension_intervention_io.py -> build/bdist.linux-x86_64/wheel/./embed_optim
2026-09-13T15:49:43.7422267Z copying build/lib/embed_optim/primary_v3_dimension_contract.py -> build/bdist.linux-x86_64/wheel/./embed_optim
2026-09-13T15:49:43.7423924Z copying build/lib/embed_optim/causal_chain_rendering.py -> build/bdist.linux-x86_64/wheel/./embed_optim
2026-09-13T15:49:43.7425849Z copying build/lib/embed_optim/primary_dimension_probe.py -> build/bdist.linux-x86_64/wheel/./embed_optim
2026-09-13T15:49:43.7427514Z copying build/lib/embed_optim/evaluate_matrix.py -> build/bdist.linux-x86_64/wheel/./embed_optim
2026-09-13T15:49:43.7429405Z copying build/lib/embed_optim/factorial_v3_inputs.py -> build/bdist.linux-x86_64/wheel/./embed_optim
2026-09-13T15:49:43.7431031Z copying build/lib/embed_optim/dimension_utilization.py -> build/bdist.linux-x86_64/wheel/./embed_optim
2026-09-13T15:49:43.7432853Z copying build/lib/embed_optim/candidate_breadth_release.py -> build/bdist.linux-x86_64/wheel/./embed_optim
2026-09-13T15:49:43.7434944Z copying build/lib/embed_optim/probe_matrix.py -> build/bdist.linux-x86_64/wheel/./embed_optim
2026-09-13T15:49:43.7436618Z copying build/lib/embed_optim/state_operator_factorial_summary.py -> build/bdist.linux-x86_64/wheel/./embed_optim
2026-09-13T15:49:43.7438294Z copying build/lib/embed_optim/family_training_queue.py -> build/bdist.linux-x86_64/wheel/./embed_optim
2026-09-13T15:49:43.7440204Z copying build/lib/embed_optim/dense_numerical_contract.py -> build/bdist.linux-x86_64/wheel/./embed_optim
2026-09-13T15:49:43.7441733Z copying build/lib/embed_optim/packing_invariance.py -> build/bdist.linux-x86_64/wheel/./embed_optim
2026-09-13T15:49:43.7443763Z copying build/lib/embed_optim/primary_v3_geometry_primitives.py -> build/bdist.linux-x86_64/wheel/./embed_optim
2026-09-13T15:49:43.7445478Z copying build/lib/embed_optim/evaluation_source_archive.py -> build/bdist.linux-x86_64/wheel/./embed_optim
2026-09-13T15:49:43.7447517Z copying build/lib/embed_optim/completion_contract_migration.py -> build/bdist.linux-x86_64/wheel/./embed_optim
2026-09-13T15:49:43.7449096Z copying build/lib/embed_optim/primary_v3_vector_reconstruction.py -> build/bdist.linux-x86_64/wheel/./embed_optim
2026-09-13T15:49:43.7450669Z copying build/lib/embed_optim/common_state_spectrum_plot.py -> build/bdist.linux-x86_64/wheel/./embed_optim
2026-09-13T15:49:43.7452530Z copying build/lib/embed_optim/geometry_robustness.py -> build/bdist.linux-x86_64/wheel/./embed_optim
2026-09-13T15:49:43.7454132Z copying build/lib/embed_optim/geometry_summary.py -> build/bdist.linux-x86_64/wheel/./embed_optim
2026-09-13T15:49:43.7455858Z copying build/lib/embed_optim/evaluation_progress.py -> build/bdist.linux-x86_64/wheel/./embed_optim
2026-09-13T15:49:43.7457628Z copying build/lib/embed_optim/reconstruction_files.py -> build/bdist.linux-x86_64/wheel/./embed_optim
2026-09-13T15:49:43.7459261Z copying build/lib/embed_optim/candidate_breadth_evaluation.py -> build/bdist.linux-x86_64/wheel/./embed_optim
2026-09-13T15:49:43.7461070Z copying build/lib/embed_optim/primary_v3_exact_reconstruction_archive.py -> build/bdist.linux-x86_64/wheel/./embed_optim
2026-09-13T15:49:43.7462780Z copying build/lib/embed_optim/primary_data_revision.py -> build/bdist.linux-x86_64/wheel/./embed_optim
2026-09-13T15:49:43.7464609Z copying build/lib/embed_optim/corrected_geometry_summary.py -> build/bdist.linux-x86_64/wheel/./embed_optim
2026-09-13T15:49:43.7466154Z copying build/lib/embed_optim/losses.py -> build/bdist.linux-x86_64/wheel/./embed_optim
2026-09-13T15:49:43.7467910Z copying build/lib/embed_optim/state_operator_factorial_publication.py -> build/bdist.linux-x86_64/wheel/./embed_optim
2026-09-13T15:49:43.7469515Z copying build/lib/embed_optim/factorial_v3_run_contract.py -> build/bdist.linux-x86_64/wheel/./embed_optim
2026-09-13T15:49:43.7471387Z copying build/lib/embed_optim/primary_v3_exact_reconstruction.py -> build/bdist.linux-x86_64/wheel/./embed_optim
2026-09-13T15:49:43.7473133Z copying build/lib/embed_optim/hybrid_control.py -> build/bdist.linux-x86_64/wheel/./embed_optim
2026-09-13T15:49:43.7475102Z copying build/lib/embed_optim/state_operator_factorial_completion.py -> build/bdist.linux-x86_64/wheel/./embed_optim
2026-09-13T15:49:43.7477265Z copying build/lib/embed_optim/post_eval_pipeline.py -> build/bdist.linux-x86_64/wheel/./embed_optim
2026-09-13T15:49:43.7479895Z copying build/lib/embed_optim/spectral_transplant.py -> build/bdist.linux-x86_64/wheel/./embed_optim
2026-09-13T15:49:43.7481122Z copying build/lib/embed_optim/corrected_completion_pipeline.py -> build/bdist.linux-x86_64/wheel/./embed_optim
2026-09-13T15:49:43.7482522Z copying build/lib/embed_optim/corrected_wandb_audit.py -> build/bdist.linux-x86_64/wheel/./embed_optim
2026-09-13T15:49:43.7484111Z copying build/lib/embed_optim/dense_completion_pipeline.py -> build/bdist.linux-x86_64/wheel/./embed_optim
2026-09-13T15:49:43.7486028Z copying build/lib/embed_optim/primary_geometry_kernels.py -> build/bdist.linux-x86_64/wheel/./embed_optim
2026-09-13T15:49:43.7487819Z copying build/lib/embed_optim/candidate_breadth_summary.py -> build/bdist.linux-x86_64/wheel/./embed_optim
2026-09-13T15:49:43.7489385Z copying build/lib/embed_optim/primary_io.py -> build/bdist.linux-x86_64/wheel/./embed_optim
2026-09-13T15:49:43.7491217Z copying build/lib/embed_optim/candidate_breadth_publication.py -> build/bdist.linux-x86_64/wheel/./embed_optim
2026-09-13T15:49:43.7492922Z copying build/lib/embed_optim/decontamination.py -> build/bdist.linux-x86_64/wheel/./embed_optim
2026-09-13T15:49:43.7494812Z copying build/lib/embed_optim/dense_finalization_pipeline.py -> build/bdist.linux-x86_64/wheel/./embed_optim
2026-09-13T15:49:43.7496569Z copying build/lib/embed_optim/dimension_release.py -> build/bdist.linux-x86_64/wheel/./embed_optim
2026-09-13T15:49:43.7498145Z copying build/lib/embed_optim/tail_stability.py -> build/bdist.linux-x86_64/wheel/./embed_optim
2026-09-13T15:49:43.7500262Z copying build/lib/embed_optim/corrected_execution_sensitivity.py -> build/bdist.linux-x86_64/wheel/./embed_optim
2026-09-13T15:49:43.7501876Z copying build/lib/embed_optim/primary_v3_geometry.py -> build/bdist.linux-x86_64/wheel/./embed_optim
2026-09-13T15:49:43.7503798Z copying build/lib/embed_optim/corrected_progress.py -> build/bdist.linux-x86_64/wheel/./embed_optim
2026-09-13T15:49:43.7505333Z copying build/lib/embed_optim/probes.py -> build/bdist.linux-x86_64/wheel/./embed_optim
2026-09-13T15:49:43.7507143Z copying build/lib/embed_optim/sealed_checkpoint_supervisor.py -> build/bdist.linux-x86_64/wheel/./embed_optim
2026-09-13T15:49:43.7508838Z copying build/lib/embed_optim/factorial_v3_bound_trainer.py -> build/bdist.linux-x86_64/wheel/./embed_optim
2026-09-13T15:49:43.7510432Z copying build/lib/embed_optim/common_state_matrix.py -> build/bdist.linux-x86_64/wheel/./embed_optim
2026-09-13T15:49:43.7512352Z copying build/lib/embed_optim/primary_v3_dimensions.py -> build/bdist.linux-x86_64/wheel/./embed_optim
2026-09-13T15:49:43.7514298Z copying build/lib/embed_optim/representation_geometry.py -> build/bdist.linux-x86_64/wheel/./embed_optim
2026-09-13T15:49:43.7516203Z copying build/lib/embed_optim/representation_summary.py -> build/bdist.linux-x86_64/wheel/./embed_optim
2026-09-13T15:49:43.7517944Z copying build/lib/embed_optim/primary_v3_manuscript_build.py -> build/bdist.linux-x86_64/wheel/./embed_optim
2026-09-13T15:49:43.7519558Z copying build/lib/embed_optim/bridge_named_features.py -> build/bdist.linux-x86_64/wheel/./embed_optim
2026-09-13T15:49:43.7521195Z copying build/lib/embed_optim/corrected_beir_evaluation.py -> build/bdist.linux-x86_64/wheel/./embed_optim
2026-09-13T15:49:43.7523663Z copying build/lib/embed_optim/corrected_validation_evaluation.py -> build/bdist.linux-x86_64/wheel/./embed_optim
2026-09-13T15:49:43.7525075Z copying build/lib/embed_optim/factorial_v3_trainer.py -> build/bdist.linux-x86_64/wheel/./embed_optim
2026-09-13T15:49:43.7526765Z copying build/lib/embed_optim/bridge_exact_arithmetic.py -> build/bdist.linux-x86_64/wheel/./embed_optim
2026-09-13T15:49:43.7528349Z copying build/lib/embed_optim/corrected_input_execution.py -> build/bdist.linux-x86_64/wheel/./embed_optim
2026-09-13T15:49:43.7529815Z copying build/lib/embed_optim/corrected_publication.py -> build/bdist.linux-x86_64/wheel/./embed_optim
2026-09-13T15:49:43.7531627Z copying build/lib/embed_optim/confirmatory_matrix.py -> build/bdist.linux-x86_64/wheel/./embed_optim
2026-09-13T15:49:43.7533416Z copying build/lib/embed_optim/geometry.py -> build/bdist.linux-x86_64/wheel/./embed_optim
2026-09-13T15:49:43.7535245Z copying build/lib/embed_optim/bridge_numerics.py -> build/bdist.linux-x86_64/wheel/./embed_optim
2026-09-13T15:49:43.7536998Z copying build/lib/embed_optim/corrected_retrieval_bridge.py -> build/bdist.linux-x86_64/wheel/./embed_optim
2026-09-13T15:49:43.7538590Z copying build/lib/embed_optim/confirmatory_summary.py -> build/bdist.linux-x86_64/wheel/./embed_optim
2026-09-13T15:49:43.7540306Z copying build/lib/embed_optim/factorial_v3_factory.py -> build/bdist.linux-x86_64/wheel/./embed_optim
2026-09-13T15:49:43.7542832Z copying build/lib/embed_optim/primary_v3_publication_render.py -> build/bdist.linux-x86_64/wheel/./embed_optim
2026-09-13T15:49:43.7544290Z copying build/lib/embed_optim/state_operator_factorial.py -> build/bdist.linux-x86_64/wheel/./embed_optim
2026-09-13T15:49:43.7546327Z copying build/lib/embed_optim/three_regime_diagnostic.py -> build/bdist.linux-x86_64/wheel/./embed_optim
2026-09-13T15:49:43.7547945Z copying build/lib/embed_optim/paper_layout.py -> build/bdist.linux-x86_64/wheel/./embed_optim
2026-09-13T15:49:43.7549585Z copying build/lib/embed_optim/corpus_size_diagnostic.py -> build/bdist.linux-x86_64/wheel/./embed_optim
2026-09-13T15:49:43.7551400Z copying build/lib/embed_optim/state_operator_factorial_contract.py -> build/bdist.linux-x86_64/wheel/./embed_optim
2026-09-13T15:49:43.7552956Z copying build/lib/embed_optim/primary_contract.py -> build/bdist.linux-x86_64/wheel/./embed_optim
2026-09-13T15:49:43.7554816Z copying build/lib/embed_optim/temporal_short_branch_predictors.py -> build/bdist.linux-x86_64/wheel/./embed_optim
2026-09-13T15:49:43.7556425Z copying build/lib/embed_optim/primary_v3_bridge.py -> build/bdist.linux-x86_64/wheel/./embed_optim
2026-09-13T15:49:43.7558127Z copying build/lib/embed_optim/primary_v3_reconstruction_sources.py -> build/bdist.linux-x86_64/wheel/./embed_optim
2026-09-13T15:49:43.7559537Z copying build/lib/embed_optim/optimizers.py -> build/bdist.linux-x86_64/wheel/./embed_optim
2026-09-13T15:49:43.7561310Z copying build/lib/embed_optim/incremental_checkpoint_backup.py -> build/bdist.linux-x86_64/wheel/./embed_optim
2026-09-13T15:49:43.7562980Z copying build/lib/embed_optim/dense_retrieval_dynamics_summary.py -> build/bdist.linux-x86_64/wheel/./embed_optim
2026-09-13T15:49:43.7564931Z copying build/lib/embed_optim/probe_export.py -> build/bdist.linux-x86_64/wheel/./embed_optim
2026-09-13T15:49:43.7566716Z copying build/lib/embed_optim/confirmatory_evaluation.py -> build/bdist.linux-x86_64/wheel/./embed_optim
2026-09-13T15:49:43.7568259Z copying build/lib/embed_optim/aggregate.py -> build/bdist.linux-x86_64/wheel/./embed_optim
2026-09-13T15:49:43.7571314Z copying build/lib/embed_optim/functional_intervention_summary.py -> build/bdist.linux-x86_64/wheel/./embed_optim
2026-09-13T15:49:43.7572765Z copying build/lib/embed_optim/evaluation_utils.py -> build/bdist.linux-x86_64/wheel/./embed_optim
2026-09-13T15:49:43.7574673Z copying build/lib/embed_optim/primary_v3_exact_publication_contract.py -> build/bdist.linux-x86_64/wheel/./embed_optim
2026-09-13T15:49:43.7576124Z copying build/lib/embed_optim/primary_training.py -> build/bdist.linux-x86_64/wheel/./embed_optim
2026-09-13T15:49:43.7577856Z copying build/lib/embed_optim/corrected_validation_matrix.py -> build/bdist.linux-x86_64/wheel/./embed_optim
2026-09-13T15:49:43.7579363Z copying build/lib/embed_optim/current_paper.py -> build/bdist.linux-x86_64/wheel/./embed_optim
2026-09-13T15:49:43.7580946Z running install_data
2026-09-13T15:49:43.7606089Z creating build/bdist.linux-x86_64/wheel/embedding_optimizer_study-0.1.0.data/data
2026-09-13T15:49:43.7609238Z creating build/bdist.linux-x86_64/wheel/embedding_optimizer_study-0.1.0.data/data/share/embedding-optimizer-study/configs
2026-09-13T15:49:43.7611822Z copying configs/candidate_breadth_probe.json -> build/bdist.linux-x86_64/wheel/embedding_optimizer_study-0.1.0.data/data/share/embedding-optimizer-study/configs
2026-09-13T15:49:43.7614018Z copying configs/corpus_size_diagnostic.json -> build/bdist.linux-x86_64/wheel/embedding_optimizer_study-0.1.0.data/data/share/embedding-optimizer-study/configs
2026-09-13T15:49:43.7615928Z copying configs/three_regime_diagnostic.json -> build/bdist.linux-x86_64/wheel/embedding_optimizer_study-0.1.0.data/data/share/embedding-optimizer-study/configs
2026-09-13T15:49:43.7617844Z copying configs/beir_representation_probe.json -> build/bdist.linux-x86_64/wheel/embedding_optimizer_study-0.1.0.data/data/share/embedding-optimizer-study/configs
2026-09-13T15:49:43.7619894Z copying configs/basis_sensitivity.json -> build/bdist.linux-x86_64/wheel/embedding_optimizer_study-0.1.0.data/data/share/embedding-optimizer-study/configs
2026-09-13T15:49:43.7621743Z copying configs/causal_chain_analysis.json -> build/bdist.linux-x86_64/wheel/embedding_optimizer_study-0.1.0.data/data/share/embedding-optimizer-study/configs
2026-09-13T15:49:43.7623711Z copying configs/experiment.yaml -> build/bdist.linux-x86_64/wheel/embedding_optimizer_study-0.1.0.data/data/share/embedding-optimizer-study/configs
2026-09-13T15:49:43.7625471Z copying configs/common_state_probe.json -> build/bdist.linux-x86_64/wheel/embedding_optimizer_study-0.1.0.data/data/share/embedding-optimizer-study/configs
2026-09-13T15:49:43.7627523Z copying configs/common_state_spectrum_probe.json -> build/bdist.linux-x86_64/wheel/embedding_optimizer_study-0.1.0.data/data/share/embedding-optimizer-study/configs
2026-09-13T15:49:43.7629392Z copying configs/confirmatory_protocol.json -> build/bdist.linux-x86_64/wheel/embedding_optimizer_study-0.1.0.data/data/share/embedding-optimizer-study/configs
2026-09-13T15:49:43.7631247Z copying configs/dense_scope_amendment.json -> build/bdist.linux-x86_64/wheel/embedding_optimizer_study-0.1.0.data/data/share/embedding-optimizer-study/configs
2026-09-13T15:49:43.7633287Z copying configs/dense_primary_v2_protocol.json -> build/bdist.linux-x86_64/wheel/embedding_optimizer_study-0.1.0.data/data/share/embedding-optimizer-study/configs
2026-09-13T15:49:43.7635180Z copying configs/dense_primary_v3_protocol.json -> build/bdist.linux-x86_64/wheel/embedding_optimizer_study-0.1.0.data/data/share/embedding-optimizer-study/configs
2026-09-13T15:49:43.7637094Z copying configs/dense_primary_v3_data_amendment.json -> build/bdist.linux-x86_64/wheel/embedding_optimizer_study-0.1.0.data/data/share/embedding-optimizer-study/configs
2026-09-13T15:49:43.7639125Z copying configs/dense_primary_v3_validation_protocol.json -> build/bdist.linux-x86_64/wheel/embedding_optimizer_study-0.1.0.data/data/share/embedding-optimizer-study/configs
2026-09-13T15:49:43.7641143Z copying configs/dense_primary_v3_outcome_protocol.json -> build/bdist.linux-x86_64/wheel/embedding_optimizer_study-0.1.0.data/data/share/embedding-optimizer-study/configs
2026-09-13T15:49:43.7643394Z copying configs/dense_primary_v3_outcome_protocol_v2.json -> build/bdist.linux-x86_64/wheel/embedding_optimizer_study-0.1.0.data/data/share/embedding-optimizer-study/configs
2026-09-13T15:49:43.7645441Z copying configs/dense_primary_v3_geometry_protocol.json -> build/bdist.linux-x86_64/wheel/embedding_optimizer_study-0.1.0.data/data/share/embedding-optimizer-study/configs
2026-09-13T15:49:43.7647459Z copying configs/dense_primary_v3_geometry_protocol_v2.json -> build/bdist.linux-x86_64/wheel/embedding_optimizer_study-0.1.0.data/data/share/embedding-optimizer-study/configs
2026-09-13T15:49:43.7649497Z copying configs/dense_primary_v3_exact_geometry_protocol.json -> build/bdist.linux-x86_64/wheel/embedding_optimizer_study-0.1.0.data/data/share/embedding-optimizer-study/configs
2026-09-13T15:49:43.7651528Z copying configs/dense_primary_v3_bridge_protocol.json -> build/bdist.linux-x86_64/wheel/embedding_optimizer_study-0.1.0.data/data/share/embedding-optimizer-study/configs
2026-09-13T15:49:43.7653706Z copying configs/dense_primary_v3_exact_bridge_protocol.json -> build/bdist.linux-x86_64/wheel/embedding_optimizer_study-0.1.0.data/data/share/embedding-optimizer-study/configs
2026-09-13T15:49:43.7655746Z copying configs/dense_primary_v3_dimensions_protocol.json -> build/bdist.linux-x86_64/wheel/embedding_optimizer_study-0.1.0.data/data/share/embedding-optimizer-study/configs
2026-09-13T15:49:43.7657814Z copying configs/dense_primary_v3_dimension_inference_protocol.json -> build/bdist.linux-x86_64/wheel/embedding_optimizer_study-0.1.0.data/data/share/embedding-optimizer-study/configs
2026-09-13T15:49:43.7659936Z copying configs/dense_primary_v3_publication_protocol.json -> build/bdist.linux-x86_64/wheel/embedding_optimizer_study-0.1.0.data/data/share/embedding-optimizer-study/configs
2026-09-13T15:49:43.7662434Z copying configs/dense_primary_v3_exact_publication_protocol.json -> build/bdist.linux-x86_64/wheel/embedding_optimizer_study-0.1.0.data/data/share/embedding-optimizer-study/configs
2026-09-13T15:49:43.7664629Z copying configs/dense_weight_entry_measurement_amendment.json -> build/bdist.linux-x86_64/wheel/embedding_optimizer_study-0.1.0.data/data/share/embedding-optimizer-study/configs
2026-09-13T15:49:43.7666633Z copying configs/dense_no_packing_retrain.yaml -> build/bdist.linux-x86_64/wheel/embedding_optimizer_study-0.1.0.data/data/share/embedding-optimizer-study/configs
2026-09-13T15:49:43.7668537Z copying configs/dense_correctness_candidate.yaml -> build/bdist.linux-x86_64/wheel/embedding_optimizer_study-0.1.0.data/data/share/embedding-optimizer-study/configs
2026-09-13T15:49:43.7670677Z copying configs/dense_dimension_utilization_protocol.json -> build/bdist.linux-x86_64/wheel/embedding_optimizer_study-0.1.0.data/data/share/embedding-optimizer-study/configs
2026-09-13T15:49:43.7672924Z copying configs/dense_primary_dimension_export_protocol.json -> build/bdist.linux-x86_64/wheel/embedding_optimizer_study-0.1.0.data/data/share/embedding-optimizer-study/configs
2026-09-13T15:49:43.7674997Z copying configs/dense_primary_dimension_handoff_protocol.json -> build/bdist.linux-x86_64/wheel/embedding_optimizer_study-0.1.0.data/data/share/embedding-optimizer-study/configs
2026-09-13T15:49:43.7677051Z copying configs/dense_primary_dimension_archive_protocol.json -> build/bdist.linux-x86_64/wheel/embedding_optimizer_study-0.1.0.data/data/share/embedding-optimizer-study/configs
2026-09-13T15:49:43.7679053Z copying configs/dense_no_packing_preflight.yaml -> build/bdist.linux-x86_64/wheel/embedding_optimizer_study-0.1.0.data/data/share/embedding-optimizer-study/configs
2026-09-13T15:49:43.7681058Z copying configs/dense_no_packing_preflight_protocol.json -> build/bdist.linux-x86_64/wheel/embedding_optimizer_study-0.1.0.data/data/share/embedding-optimizer-study/configs
2026-09-13T15:49:43.7683237Z copying configs/dense_no_packing_execution_protocol.json -> build/bdist.linux-x86_64/wheel/embedding_optimizer_study-0.1.0.data/data/share/embedding-optimizer-study/configs
2026-09-13T15:49:43.7685319Z copying configs/dense_no_packing_completion_contract_migration.json -> build/bdist.linux-x86_64/wheel/embedding_optimizer_study-0.1.0.data/data/share/embedding-optimizer-study/configs
2026-09-13T15:49:43.7687449Z copying configs/dense_no_packing_backup_provenance_migration.json -> build/bdist.linux-x86_64/wheel/embedding_optimizer_study-0.1.0.data/data/share/embedding-optimizer-study/configs
2026-09-13T15:49:43.7689570Z copying configs/dense_no_packing_publication_layout_migration.json -> build/bdist.linux-x86_64/wheel/embedding_optimizer_study-0.1.0.data/data/share/embedding-optimizer-study/configs
2026-09-13T15:49:43.7691749Z copying configs/dense_no_packing_publication_narrative_migration.json -> build/bdist.linux-x86_64/wheel/embedding_optimizer_study-0.1.0.data/data/share/embedding-optimizer-study/configs
2026-09-13T15:49:43.7694036Z copying configs/dense_no_packing_matrix_handoff_guard.json -> build/bdist.linux-x86_64/wheel/embedding_optimizer_study-0.1.0.data/data/share/embedding-optimizer-study/configs
2026-09-13T15:49:43.7696119Z copying configs/dense_no_packing_evaluation_protocol.json -> build/bdist.linux-x86_64/wheel/embedding_optimizer_study-0.1.0.data/data/share/embedding-optimizer-study/configs
2026-09-13T15:49:43.7698099Z copying configs/dense_no_packing_analysis_protocol.json -> build/bdist.linux-x86_64/wheel/embedding_optimizer_study-0.1.0.data/data/share/embedding-optimizer-study/configs
2026-09-13T15:49:43.7700217Z copying configs/dense_no_packing_state_operator_factorial_protocol.json -> build/bdist.linux-x86_64/wheel/embedding_optimizer_study-0.1.0.data/data/share/embedding-optimizer-study/configs
2026-09-13T15:49:43.7702599Z copying configs/dense_no_packing_state_operator_claim_wording_amendment.json -> build/bdist.linux-x86_64/wheel/embedding_optimizer_study-0.1.0.data/data/share/embedding-optimizer-study/configs
2026-09-13T15:49:43.7705148Z copying configs/dense_no_packing_state_operator_factorial_implementation_protocol.json -> build/bdist.linux-x86_64/wheel/embedding_optimizer_study-0.1.0.data/data/share/embedding-optimizer-study/configs
2026-09-13T15:49:43.7707551Z copying configs/dense_no_packing_state_operator_abstract_compliance_migration.json -> build/bdist.linux-x86_64/wheel/embedding_optimizer_study-0.1.0.data/data/share/embedding-optimizer-study/configs
2026-09-13T15:49:43.7709902Z copying configs/dense_no_packing_state_operator_weight_space_narrative_migration.json -> build/bdist.linux-x86_64/wheel/embedding_optimizer_study-0.1.0.data/data/share/embedding-optimizer-study/configs
2026-09-13T15:49:43.7712612Z copying configs/dense_no_packing_state_operator_factorial_publication_protocol.json -> build/bdist.linux-x86_64/wheel/embedding_optimizer_study-0.1.0.data/data/share/embedding-optimizer-study/configs
2026-09-13T15:49:43.7714972Z copying configs/dense_no_packing_state_operator_factorial_completion_protocol.json -> build/bdist.linux-x86_64/wheel/embedding_optimizer_study-0.1.0.data/data/share/embedding-optimizer-study/configs
2026-09-13T15:49:43.7717143Z copying configs/dense_no_packing_outcome_protocol.json -> build/bdist.linux-x86_64/wheel/embedding_optimizer_study-0.1.0.data/data/share/embedding-optimizer-study/configs
2026-09-13T15:49:43.7719239Z copying configs/dense_no_packing_bridge_implementation_protocol.json -> build/bdist.linux-x86_64/wheel/embedding_optimizer_study-0.1.0.data/data/share/embedding-optimizer-study/configs
2026-09-13T15:49:43.7721418Z copying configs/dense_no_packing_bridge_implementation_protocol_v2.json -> build/bdist.linux-x86_64/wheel/embedding_optimizer_study-0.1.0.data/data/share/embedding-optimizer-study/configs
2026-09-13T15:49:43.7723811Z copying configs/dense_no_packing_sensitivity_implementation_protocol.json -> build/bdist.linux-x86_64/wheel/embedding_optimizer_study-0.1.0.data/data/share/embedding-optimizer-study/configs
2026-09-13T15:49:43.7725907Z copying configs/dense_no_packing_publication_protocol.json -> build/bdist.linux-x86_64/wheel/embedding_optimizer_study-0.1.0.data/data/share/embedding-optimizer-study/configs
2026-09-13T15:49:43.7727908Z copying configs/dense_retrieval_dynamics_extension.json -> build/bdist.linux-x86_64/wheel/embedding_optimizer_study-0.1.0.data/data/share/embedding-optimizer-study/configs
2026-09-13T15:49:43.7729814Z copying configs/dense_training_queue.json -> build/bdist.linux-x86_64/wheel/embedding_optimizer_study-0.1.0.data/data/share/embedding-optimizer-study/configs
2026-09-13T15:49:43.7731671Z copying configs/functional_intervention.json -> build/bdist.linux-x86_64/wheel/embedding_optimizer_study-0.1.0.data/data/share/embedding-optimizer-study/configs
2026-09-13T15:49:43.7733666Z copying configs/formal_runtime.json -> build/bdist.linux-x86_64/wheel/embedding_optimizer_study-0.1.0.data/data/share/embedding-optimizer-study/configs
2026-09-13T15:49:43.7735491Z copying configs/formal_runtime_constraints.txt -> build/bdist.linux-x86_64/wheel/embedding_optimizer_study-0.1.0.data/data/share/embedding-optimizer-study/configs
2026-09-13T15:49:43.7737342Z copying configs/hybrid_adamw_control.json -> build/bdist.linux-x86_64/wheel/embedding_optimizer_study-0.1.0.data/data/share/embedding-optimizer-study/configs
2026-09-13T15:49:43.7739090Z copying configs/hybrid_adamw.yaml -> build/bdist.linux-x86_64/wheel/embedding_optimizer_study-0.1.0.data/data/share/embedding-optimizer-study/configs
2026-09-13T15:49:43.7740875Z copying configs/local_global_reversal.json -> build/bdist.linux-x86_64/wheel/embedding_optimizer_study-0.1.0.data/data/share/embedding-optimizer-study/configs
2026-09-13T15:49:43.7742936Z copying configs/loss_retrieval_diagnostic.json -> build/bdist.linux-x86_64/wheel/embedding_optimizer_study-0.1.0.data/data/share/embedding-optimizer-study/configs
2026-09-13T15:49:43.7744892Z copying configs/mechanism_analysis_integration.json -> build/bdist.linux-x86_64/wheel/embedding_optimizer_study-0.1.0.data/data/share/embedding-optimizer-study/configs
2026-09-13T15:49:43.7747002Z copying configs/tail_stability_analysis.json -> build/bdist.linux-x86_64/wheel/embedding_optimizer_study-0.1.0.data/data/share/embedding-optimizer-study/configs
2026-09-13T15:49:43.7748966Z copying configs/spectral_transplant_intervention.json -> build/bdist.linux-x86_64/wheel/embedding_optimizer_study-0.1.0.data/data/share/embedding-optimizer-study/configs
2026-09-13T15:49:43.7750907Z copying configs/paper_claim_protocol.json -> build/bdist.linux-x86_64/wheel/embedding_optimizer_study-0.1.0.data/data/share/embedding-optimizer-study/configs
2026-09-13T15:49:43.7752921Z copying configs/portable_paper_evidence.json -> build/bdist.linux-x86_64/wheel/embedding_optimizer_study-0.1.0.data/data/share/embedding-optimizer-study/configs
2026-09-13T15:49:43.7755077Z copying configs/representation_probe.json -> build/bdist.linux-x86_64/wheel/embedding_optimizer_study-0.1.0.data/data/share/embedding-optimizer-study/configs
2026-09-13T15:49:43.7756977Z copying configs/retrieval_dynamics_protocol.json -> build/bdist.linux-x86_64/wheel/embedding_optimizer_study-0.1.0.data/data/share/embedding-optimizer-study/configs
2026-09-13T15:49:43.7758847Z copying configs/short_branch_protocol.json -> build/bdist.linux-x86_64/wheel/embedding_optimizer_study-0.1.0.data/data/share/embedding-optimizer-study/configs
2026-09-13T15:49:43.7760598Z copying configs/smoke.yaml -> build/bdist.linux-x86_64/wheel/embedding_optimizer_study-0.1.0.data/data/share/embedding-optimizer-study/configs
2026-09-13T15:49:43.7762413Z copying configs/stress.yaml -> build/bdist.linux-x86_64/wheel/embedding_optimizer_study-0.1.0.data/data/share/embedding-optimizer-study/configs
2026-09-13T15:49:43.7764184Z copying configs/training_data_contract.json -> build/bdist.linux-x86_64/wheel/embedding_optimizer_study-0.1.0.data/data/share/embedding-optimizer-study/configs
2026-09-13T15:49:43.7766018Z copying configs/validation_probe.json -> build/bdist.linux-x86_64/wheel/embedding_optimizer_study-0.1.0.data/data/share/embedding-optimizer-study/configs
2026-09-13T15:49:43.7767779Z creating build/bdist.linux-x86_64/wheel/embedding_optimizer_study-0.1.0.data/data/share/embedding-optimizer-study/configs/generated/confirmatory
2026-09-13T15:49:43.7769766Z copying configs/generated/confirmatory/seed161803.yaml -> build/bdist.linux-x86_64/wheel/embedding_optimizer_study-0.1.0.data/data/share/embedding-optimizer-study/configs/generated/confirmatory
2026-09-13T15:49:43.7772232Z copying configs/generated/confirmatory/seed271828.yaml -> build/bdist.linux-x86_64/wheel/embedding_optimizer_study-0.1.0.data/data/share/embedding-optimizer-study/configs/generated/confirmatory
2026-09-13T15:49:43.7774507Z copying configs/generated/confirmatory/seed314159.yaml -> build/bdist.linux-x86_64/wheel/embedding_optimizer_study-0.1.0.data/data/share/embedding-optimizer-study/configs/generated/confirmatory
2026-09-13T15:49:43.7776505Z creating build/bdist.linux-x86_64/wheel/embedding_optimizer_study-0.1.0.data/data/share/embedding-optimizer-study/configs/generated/short-branch
2026-09-13T15:49:43.7778494Z copying configs/generated/short-branch/seed161803.yaml -> build/bdist.linux-x86_64/wheel/embedding_optimizer_study-0.1.0.data/data/share/embedding-optimizer-study/configs/generated/short-branch
2026-09-13T15:49:43.7780713Z copying configs/generated/short-branch/seed271828.yaml -> build/bdist.linux-x86_64/wheel/embedding_optimizer_study-0.1.0.data/data/share/embedding-optimizer-study/configs/generated/short-branch
2026-09-13T15:49:43.7783088Z copying configs/generated/short-branch/seed314159.yaml -> build/bdist.linux-x86_64/wheel/embedding_optimizer_study-0.1.0.data/data/share/embedding-optimizer-study/configs/generated/short-branch
2026-09-13T15:49:43.7784985Z creating build/bdist.linux-x86_64/wheel/embedding_optimizer_study-0.1.0.data/data/share/embedding-optimizer-study/scripts/eval
2026-09-13T15:49:43.7786763Z copying scripts/eval/dense_no_packing_parallel.py -> build/bdist.linux-x86_64/wheel/embedding_optimizer_study-0.1.0.data/data/share/embedding-optimizer-study/scripts/eval
2026-09-13T15:49:43.7788853Z copying scripts/eval/dense_parallel.py -> build/bdist.linux-x86_64/wheel/embedding_optimizer_study-0.1.0.data/data/share/embedding-optimizer-study/scripts/eval
2026-09-13T15:49:43.7790725Z copying scripts/eval/dense_sequential.py -> build/bdist.linux-x86_64/wheel/embedding_optimizer_study-0.1.0.data/data/share/embedding-optimizer-study/scripts/eval
2026-09-13T15:49:43.7792763Z copying scripts/restore_primary_v3.py -> build/bdist.linux-x86_64/wheel/embedding_optimizer_study-0.1.0.data/data/share/embedding-optimizer-study/scripts
2026-09-13T15:49:43.7794664Z copying scripts/restore_functional_analysis.py -> build/bdist.linux-x86_64/wheel/embedding_optimizer_study-0.1.0.data/data/share/embedding-optimizer-study/scripts
2026-09-13T15:49:43.7796806Z copying scripts/restore_factorial_probes.py -> build/bdist.linux-x86_64/wheel/embedding_optimizer_study-0.1.0.data/data/share/embedding-optimizer-study/scripts
2026-09-13T15:49:43.7798503Z copying AGENTS.md -> build/bdist.linux-x86_64/wheel/embedding_optimizer_study-0.1.0.data/data/share/embedding-optimizer-study
2026-09-13T15:49:43.7800010Z copying CITATION.cff -> build/bdist.linux-x86_64/wheel/embedding_optimizer_study-0.1.0.data/data/share/embedding-optimizer-study
2026-09-13T15:49:43.7801543Z copying CODE_OF_CONDUCT.md -> build/bdist.linux-x86_64/wheel/embedding_optimizer_study-0.1.0.data/data/share/embedding-optimizer-study
2026-09-13T15:49:43.7803288Z copying CONTRIBUTING.md -> build/bdist.linux-x86_64/wheel/embedding_optimizer_study-0.1.0.data/data/share/embedding-optimizer-study
2026-09-13T15:49:43.7805025Z copying CURRENT_EXPERIMENT.md -> build/bdist.linux-x86_64/wheel/embedding_optimizer_study-0.1.0.data/data/share/embedding-optimizer-study
2026-09-13T15:49:43.7807117Z copying CURRENT_PROGRESS.json -> build/bdist.linux-x86_64/wheel/embedding_optimizer_study-0.1.0.data/data/share/embedding-optimizer-study
2026-09-13T15:49:43.7808953Z copying PROJECT_STATUS.md -> build/bdist.linux-x86_64/wheel/embedding_optimizer_study-0.1.0.data/data/share/embedding-optimizer-study
2026-09-13T15:49:43.7810723Z copying requirements-formal.lock -> build/bdist.linux-x86_64/wheel/embedding_optimizer_study-0.1.0.data/data/share/embedding-optimizer-study
2026-09-13T15:49:43.7813004Z copying requirements-formal-flash.txt -> build/bdist.linux-x86_64/wheel/embedding_optimizer_study-0.1.0.data/data/share/embedding-optimizer-study
2026-09-13T15:49:43.7814872Z copying SECURITY.md -> build/bdist.linux-x86_64/wheel/embedding_optimizer_study-0.1.0.data/data/share/embedding-optimizer-study
2026-09-13T15:49:43.7816709Z copying THIRD_PARTY_NOTICES.md -> build/bdist.linux-x86_64/wheel/embedding_optimizer_study-0.1.0.data/data/share/embedding-optimizer-study
2026-09-13T15:49:43.7830879Z creating build/bdist.linux-x86_64/wheel/embedding_optimizer_study-0.1.0.data/data/share/embedding-optimizer-study/docs
2026-09-13T15:49:43.7832771Z copying docs/checkpoint-restoration.md -> build/bdist.linux-x86_64/wheel/embedding_optimizer_study-0.1.0.data/data/share/embedding-optimizer-study/docs
2026-09-13T15:49:43.7834663Z copying docs/continuation-probe-restoration.md -> build/bdist.linux-x86_64/wheel/embedding_optimizer_study-0.1.0.data/data/share/embedding-optimizer-study/docs
2026-09-13T15:49:43.7836576Z copying docs/continuation-outcomes-restoration.md -> build/bdist.linux-x86_64/wheel/embedding_optimizer_study-0.1.0.data/data/share/embedding-optimizer-study/docs
2026-09-13T15:49:43.7838445Z copying docs/current-training-source.md -> build/bdist.linux-x86_64/wheel/embedding_optimizer_study-0.1.0.data/data/share/embedding-optimizer-study/docs
2026-09-13T15:49:43.7840316Z copying docs/saved-factorial-checkpoints.md -> build/bdist.linux-x86_64/wheel/embedding_optimizer_study-0.1.0.data/data/share/embedding-optimizer-study/docs
2026-09-13T15:49:43.7842489Z copying docs/endpoint-statistics-restoration.md -> build/bdist.linux-x86_64/wheel/embedding_optimizer_study-0.1.0.data/data/share/embedding-optimizer-study/docs
2026-09-13T15:49:43.7844664Z copying docs/evaluation-analysis-restoration.md -> build/bdist.linux-x86_64/wheel/embedding_optimizer_study-0.1.0.data/data/share/embedding-optimizer-study/docs
2026-09-13T15:49:43.7846619Z copying docs/first-stage-evaluation-restoration.md -> build/bdist.linux-x86_64/wheel/embedding_optimizer_study-0.1.0.data/data/share/embedding-optimizer-study/docs
2026-09-13T15:49:43.7848575Z copying docs/fourth-stage-evaluation-restoration.md -> build/bdist.linux-x86_64/wheel/embedding_optimizer_study-0.1.0.data/data/share/embedding-optimizer-study/docs
2026-09-13T15:49:43.7850577Z copying docs/fourth-stage-pool-b-evaluation-restoration.md -> build/bdist.linux-x86_64/wheel/embedding_optimizer_study-0.1.0.data/data/share/embedding-optimizer-study/docs
2026-09-13T15:49:43.7853060Z copying docs/functional-analysis-restoration.md -> build/bdist.linux-x86_64/wheel/embedding_optimizer_study-0.1.0.data/data/share/embedding-optimizer-study/docs
2026-09-13T15:49:43.7854963Z copying docs/paper-results-reproduction.md -> build/bdist.linux-x86_64/wheel/embedding_optimizer_study-0.1.0.data/data/share/embedding-optimizer-study/docs
2026-09-13T15:49:43.7856857Z copying docs/predictor-analysis-restoration.md -> build/bdist.linux-x86_64/wheel/embedding_optimizer_study-0.1.0.data/data/share/embedding-optimizer-study/docs
2026-09-13T15:49:43.7858781Z copying docs/pretrained-vector-restoration.md -> build/bdist.linux-x86_64/wheel/embedding_optimizer_study-0.1.0.data/data/share/embedding-optimizer-study/docs
2026-09-13T15:49:43.7860706Z copying docs/retrieval-trajectories-restoration.md -> build/bdist.linux-x86_64/wheel/embedding_optimizer_study-0.1.0.data/data/share/embedding-optimizer-study/docs
2026-09-13T15:49:43.7862881Z copying docs/second-stage-evaluation-restoration.md -> build/bdist.linux-x86_64/wheel/embedding_optimizer_study-0.1.0.data/data/share/embedding-optimizer-study/docs
2026-09-13T15:49:43.7864935Z copying docs/second-stage-pool-b-evaluation-restoration.md -> build/bdist.linux-x86_64/wheel/embedding_optimizer_study-0.1.0.data/data/share/embedding-optimizer-study/docs
2026-09-13T15:49:43.7866965Z copying docs/third-stage-evaluation-restoration.md -> build/bdist.linux-x86_64/wheel/embedding_optimizer_study-0.1.0.data/data/share/embedding-optimizer-study/docs
2026-09-13T15:49:43.7869005Z copying docs/third-stage-pool-b-evaluation-restoration.md -> build/bdist.linux-x86_64/wheel/embedding_optimizer_study-0.1.0.data/data/share/embedding-optimizer-study/docs
2026-09-13T15:49:43.7870982Z copying docs/training-analysis-restoration.md -> build/bdist.linux-x86_64/wheel/embedding_optimizer_study-0.1.0.data/data/share/embedding-optimizer-study/docs
2026-09-13T15:49:43.7873120Z copying docs/training-completion-evidence-restoration.md -> build/bdist.linux-x86_64/wheel/embedding_optimizer_study-0.1.0.data/data/share/embedding-optimizer-study/docs
2026-09-13T15:49:43.7875097Z copying docs/weight-analysis-restoration.md -> build/bdist.linux-x86_64/wheel/embedding_optimizer_study-0.1.0.data/data/share/embedding-optimizer-study/docs
2026-09-13T15:49:43.7876884Z copying docs/completion-gates.md -> build/bdist.linux-x86_64/wheel/embedding_optimizer_study-0.1.0.data/data/share/embedding-optimizer-study/docs
2026-09-13T15:49:43.7878598Z copying docs/training-restoration.md -> build/bdist.linux-x86_64/wheel/embedding_optimizer_study-0.1.0.data/data/share/embedding-optimizer-study/docs
2026-09-13T15:49:43.7880399Z copying docs/versioned-paper-reproduction.md -> build/bdist.linux-x86_64/wheel/embedding_optimizer_study-0.1.0.data/data/share/embedding-optimizer-study/docs
2026-09-13T15:49:43.7882406Z copying docs/source-version-testing.md -> build/bdist.linux-x86_64/wheel/embedding_optimizer_study-0.1.0.data/data/share/embedding-optimizer-study/docs
2026-09-13T15:49:43.7884197Z copying docs/dense-eval-handoff.md -> build/bdist.linux-x86_64/wheel/embedding_optimizer_study-0.1.0.data/data/share/embedding-optimizer-study/docs
2026-09-13T15:49:43.7885959Z copying docs/dense-no-packing-retrain.md -> build/bdist.linux-x86_64/wheel/embedding_optimizer_study-0.1.0.data/data/share/embedding-optimizer-study/docs
2026-09-13T15:49:43.7887883Z copying docs/naacl-dense-paper-plan.md -> build/bdist.linux-x86_64/wheel/embedding_optimizer_study-0.1.0.data/data/share/embedding-optimizer-study/docs
2026-09-13T15:49:43.7889596Z copying docs/naacl-paper-plan.md -> build/bdist.linux-x86_64/wheel/embedding_optimizer_study-0.1.0.data/data/share/embedding-optimizer-study/docs
2026-09-13T15:49:43.7891327Z copying docs/state-operator-factorial.md -> build/bdist.linux-x86_64/wheel/embedding_optimizer_study-0.1.0.data/data/share/embedding-optimizer-study/docs
2026-09-13T15:49:43.7893143Z creating build/bdist.linux-x86_64/wheel/embedding_optimizer_study-0.1.0.data/data/share/embedding-optimizer-study/paper
2026-09-13T15:49:43.7894903Z copying paper/Makefile -> build/bdist.linux-x86_64/wheel/embedding_optimizer_study-0.1.0.data/data/share/embedding-optimizer-study/paper
2026-09-13T15:49:43.7896536Z copying paper/legacy.Makefile -> build/bdist.linux-x86_64/wheel/embedding_optimizer_study-0.1.0.data/data/share/embedding-optimizer-study/paper
2026-09-13T15:49:43.7898146Z copying paper/README.md -> build/bdist.linux-x86_64/wheel/embedding_optimizer_study-0.1.0.data/data/share/embedding-optimizer-study/paper
2026-09-13T15:49:43.7899690Z copying paper/main.tex -> build/bdist.linux-x86_64/wheel/embedding_optimizer_study-0.1.0.data/data/share/embedding-optimizer-study/paper
2026-09-13T15:49:43.7901263Z copying paper/references.bib -> build/bdist.linux-x86_64/wheel/embedding_optimizer_study-0.1.0.data/data/share/embedding-optimizer-study/paper
2026-09-13T15:49:43.7903036Z copying paper/results.tex -> build/bdist.linux-x86_64/wheel/embedding_optimizer_study-0.1.0.data/data/share/embedding-optimizer-study/paper
2026-09-13T15:49:43.7904571Z creating build/bdist.linux-x86_64/wheel/embedding_optimizer_study-0.1.0.data/data/share/embedding-optimizer-study/paper/generated
2026-09-13T15:49:43.7906326Z copying paper/generated/optimizer-primary.tex -> build/bdist.linux-x86_64/wheel/embedding_optimizer_study-0.1.0.data/data/share/embedding-optimizer-study/paper/generated
2026-09-13T15:49:43.7908317Z copying paper/generated/dimension-utilization.tex -> build/bdist.linux-x86_64/wheel/embedding_optimizer_study-0.1.0.data/data/share/embedding-optimizer-study/paper/generated
2026-09-13T15:49:43.7910400Z copying paper/generated/state-operator-factorial.tex -> build/bdist.linux-x86_64/wheel/embedding_optimizer_study-0.1.0.data/data/share/embedding-optimizer-study/paper/generated
2026-09-13T15:49:43.7912338Z creating build/bdist.linux-x86_64/wheel/embedding_optimizer_study-0.1.0.data/data/share/embedding-optimizer-study/paper/current
2026-09-13T15:49:43.7913953Z copying paper/current/README.md -> build/bdist.linux-x86_64/wheel/embedding_optimizer_study-0.1.0.data/data/share/embedding-optimizer-study/paper/current
2026-09-13T15:49:43.7915791Z copying paper/current/document-snapshot.json -> build/bdist.linux-x86_64/wheel/embedding_optimizer_study-0.1.0.data/data/share/embedding-optimizer-study/paper/current
2026-09-13T15:49:43.7917630Z copying paper/current/main.tex -> build/bdist.linux-x86_64/wheel/embedding_optimizer_study-0.1.0.data/data/share/embedding-optimizer-study/paper/current
2026-09-13T15:49:43.7919414Z copying paper/current/references.bib -> build/bdist.linux-x86_64/wheel/embedding_optimizer_study-0.1.0.data/data/share/embedding-optimizer-study/paper/current
2026-09-13T15:49:43.7921189Z copying paper/current/results.tex -> build/bdist.linux-x86_64/wheel/embedding_optimizer_study-0.1.0.data/data/share/embedding-optimizer-study/paper/current
2026-09-13T15:49:43.7923051Z creating build/bdist.linux-x86_64/wheel/embedding_optimizer_study-0.1.0.data/data/share/embedding-optimizer-study/paper/current/generated
2026-09-13T15:49:43.7924923Z copying paper/current/generated/optimizer-primary.tex -> build/bdist.linux-x86_64/wheel/embedding_optimizer_study-0.1.0.data/data/share/embedding-optimizer-study/paper/current/generated
2026-09-13T15:49:43.7927100Z copying paper/current/generated/dimension-utilization.tex -> build/bdist.linux-x86_64/wheel/embedding_optimizer_study-0.1.0.data/data/share/embedding-optimizer-study/paper/current/generated
2026-09-13T15:49:43.7929492Z copying paper/current/generated/recipe-sensitivity.tex -> build/bdist.linux-x86_64/wheel/embedding_optimizer_study-0.1.0.data/data/share/embedding-optimizer-study/paper/current/generated
2026-09-13T15:49:43.7931716Z copying paper/current/generated/state-operator-factorial.tex -> build/bdist.linux-x86_64/wheel/embedding_optimizer_study-0.1.0.data/data/share/embedding-optimizer-study/paper/current/generated
2026-09-13T15:49:43.7933825Z creating build/bdist.linux-x86_64/wheel/embedding_optimizer_study-0.1.0.data/data/share/embedding-optimizer-study/paper/current/figures
2026-09-13T15:49:43.7935787Z copying paper/current/figures/optimizer-weight-dimension-map.pdf -> build/bdist.linux-x86_64/wheel/embedding_optimizer_study-0.1.0.data/data/share/embedding-optimizer-study/paper/current/figures
2026-09-13T15:49:43.7938313Z copying paper/current/figures/weight-to-retrieval-map.pdf -> build/bdist.linux-x86_64/wheel/embedding_optimizer_study-0.1.0.data/data/share/embedding-optimizer-study/paper/current/figures
2026-09-13T15:49:43.7940634Z copying paper/current/figures/full-rate-retrieval-trajectories.pdf -> build/bdist.linux-x86_64/wheel/embedding_optimizer_study-0.1.0.data/data/share/embedding-optimizer-study/paper/current/figures
2026-09-13T15:49:43.7942877Z creating build/bdist.linux-x86_64/wheel/embedding_optimizer_study-0.1.0.data/data/share/embedding-optimizer-study/paper/current/vendor
2026-09-13T15:49:43.7944640Z copying paper/current/vendor/acl.sty -> build/bdist.linux-x86_64/wheel/embedding_optimizer_study-0.1.0.data/data/share/embedding-optimizer-study/paper/current/vendor
2026-09-13T15:49:43.7946620Z copying paper/current/vendor/acl_natbib.bst -> build/bdist.linux-x86_64/wheel/embedding_optimizer_study-0.1.0.data/data/share/embedding-optimizer-study/paper/current/vendor
2026-09-13T15:49:43.7948496Z creating build/bdist.linux-x86_64/wheel/embedding_optimizer_study-0.1.0.data/data/share/embedding-optimizer-study/reports/state-operator-factorial
2026-09-13T15:49:43.7950757Z copying reports/state-operator-factorial/abstract-compliance-runtime-migration.json -> build/bdist.linux-x86_64/wheel/embedding_optimizer_study-0.1.0.data/data/share/embedding-optimizer-study/reports/state-operator-factorial
2026-09-13T15:49:43.7953203Z creating build/bdist.linux-x86_64/wheel/embedding_optimizer_study-0.1.0.data/data/share/embedding-optimizer-study/reports/candidate-breadth
2026-09-13T15:49:43.7955187Z copying reports/candidate-breadth/calibration_by_width.csv -> build/bdist.linux-x86_64/wheel/embedding_optimizer_study-0.1.0.data/data/share/embedding-optimizer-study/reports/candidate-breadth
2026-09-13T15:49:43.7957464Z copying reports/candidate-breadth/high_dose_contrasts.csv -> build/bdist.linux-x86_64/wheel/embedding_optimizer_study-0.1.0.data/data/share/embedding-optimizer-study/reports/candidate-breadth
2026-09-13T15:49:43.7959674Z copying reports/candidate-breadth/data-audit.json -> build/bdist.linux-x86_64/wheel/embedding_optimizer_study-0.1.0.data/data/share/embedding-optimizer-study/reports/candidate-breadth
2026-09-13T15:49:43.7961891Z copying reports/candidate-breadth/packing_invariance.json -> build/bdist.linux-x86_64/wheel/embedding_optimizer_study-0.1.0.data/data/share/embedding-optimizer-study/reports/candidate-breadth
2026-09-13T15:49:43.7964360Z copying reports/candidate-breadth/publication_manifest.json -> build/bdist.linux-x86_64/wheel/embedding_optimizer_study-0.1.0.data/data/share/embedding-optimizer-study/reports/candidate-breadth
2026-09-13T15:49:43.7966528Z copying reports/candidate-breadth/summary.json -> build/bdist.linux-x86_64/wheel/embedding_optimizer_study-0.1.0.data/data/share/embedding-optimizer-study/reports/candidate-breadth
2026-09-13T15:49:43.7968775Z copying reports/candidate-breadth/candidate_breadth_calibration.pdf -> build/bdist.linux-x86_64/wheel/embedding_optimizer_study-0.1.0.data/data/share/embedding-optimizer-study/reports/candidate-breadth
2026-09-13T15:49:43.7971286Z copying reports/candidate-breadth/candidate_breadth_calibration.svg -> build/bdist.linux-x86_64/wheel/embedding_optimizer_study-0.1.0.data/data/share/embedding-optimizer-study/reports/candidate-breadth
2026-09-13T15:49:43.7973535Z creating build/bdist.linux-x86_64/wheel/embedding_optimizer_study-0.1.0.data/data/share/embedding-optimizer-study/reports/three-regime-diagnostic
2026-09-13T15:49:43.7975608Z copying reports/three-regime-diagnostic/high_dose_contrasts.csv -> build/bdist.linux-x86_64/wheel/embedding_optimizer_study-0.1.0.data/data/share/embedding-optimizer-study/reports/three-regime-diagnostic
2026-09-13T15:49:43.7977961Z copying reports/three-regime-diagnostic/run_metrics.csv -> build/bdist.linux-x86_64/wheel/embedding_optimizer_study-0.1.0.data/data/share/embedding-optimizer-study/reports/three-regime-diagnostic
2026-09-13T15:49:43.7980409Z copying reports/three-regime-diagnostic/summary.json -> build/bdist.linux-x86_64/wheel/embedding_optimizer_study-0.1.0.data/data/share/embedding-optimizer-study/reports/three-regime-diagnostic
2026-09-13T15:49:43.7982988Z copying reports/three-regime-diagnostic/summary_manifest.json -> build/bdist.linux-x86_64/wheel/embedding_optimizer_study-0.1.0.data/data/share/embedding-optimizer-study/reports/three-regime-diagnostic
2026-09-13T15:49:43.7985349Z copying reports/three-regime-diagnostic/README.md -> build/bdist.linux-x86_64/wheel/embedding_optimizer_study-0.1.0.data/data/share/embedding-optimizer-study/reports/three-regime-diagnostic
2026-09-13T15:49:43.7987274Z creating build/bdist.linux-x86_64/wheel/embedding_optimizer_study-0.1.0.data/data/share/embedding-optimizer-study/reports/weight-space
2026-09-13T15:49:43.7989055Z copying reports/weight-space/README.md -> build/bdist.linux-x86_64/wheel/embedding_optimizer_study-0.1.0.data/data/share/embedding-optimizer-study/reports/weight-space
2026-09-13T15:49:43.7991112Z copying reports/weight-space/checkpoint_trajectory.csv -> build/bdist.linux-x86_64/wheel/embedding_optimizer_study-0.1.0.data/data/share/embedding-optimizer-study/reports/weight-space
2026-09-13T15:49:43.7993461Z copying reports/weight-space/optimizer_geometry_phase.svg -> build/bdist.linux-x86_64/wheel/embedding_optimizer_study-0.1.0.data/data/share/embedding-optimizer-study/reports/weight-space
2026-09-13T15:49:43.7995626Z copying reports/weight-space/optimizer_pair_contrasts.csv -> build/bdist.linux-x86_64/wheel/embedding_optimizer_study-0.1.0.data/data/share/embedding-optimizer-study/reports/weight-space
2026-09-13T15:49:43.7997879Z copying reports/weight-space/optimizer_pair_contrast_trajectory.csv -> build/bdist.linux-x86_64/wheel/embedding_optimizer_study-0.1.0.data/data/share/embedding-optimizer-study/reports/weight-space
2026-09-13T15:49:43.8000179Z copying reports/weight-space/optimizer_pair_contrast_trajectory.svg -> build/bdist.linux-x86_64/wheel/embedding_optimizer_study-0.1.0.data/data/share/embedding-optimizer-study/reports/weight-space
2026-09-13T15:49:43.8002569Z copying reports/weight-space/run_trajectory_summary.csv -> build/bdist.linux-x86_64/wheel/embedding_optimizer_study-0.1.0.data/data/share/embedding-optimizer-study/reports/weight-space
2026-09-13T15:49:43.8004672Z copying reports/weight-space/summary_manifest.json -> build/bdist.linux-x86_64/wheel/embedding_optimizer_study-0.1.0.data/data/share/embedding-optimizer-study/reports/weight-space
2026-09-13T15:49:43.8006527Z creating build/bdist.linux-x86_64/wheel/embedding_optimizer_study-0.1.0.data/data/share/embedding-optimizer-study/reports/training-dynamics
2026-09-13T15:49:43.8008464Z copying reports/training-dynamics/optimizer_system_summary.csv -> build/bdist.linux-x86_64/wheel/embedding_optimizer_study-0.1.0.data/data/share/embedding-optimizer-study/reports/training-dynamics
2026-09-13T15:49:43.8010647Z copying reports/training-dynamics/plot_manifest.json -> build/bdist.linux-x86_64/wheel/embedding_optimizer_study-0.1.0.data/data/share/embedding-optimizer-study/reports/training-dynamics
2026-09-13T15:49:43.8012993Z copying reports/training-dynamics/run_summary.csv -> build/bdist.linux-x86_64/wheel/embedding_optimizer_study-0.1.0.data/data/share/embedding-optimizer-study/reports/training-dynamics
2026-09-13T15:49:43.8015367Z copying reports/training-dynamics/stage_dynamics.csv -> build/bdist.linux-x86_64/wheel/embedding_optimizer_study-0.1.0.data/data/share/embedding-optimizer-study/reports/training-dynamics
2026-09-13T15:49:43.8017588Z copying reports/training-dynamics/summary_manifest.json -> build/bdist.linux-x86_64/wheel/embedding_optimizer_study-0.1.0.data/data/share/embedding-optimizer-study/reports/training-dynamics
2026-09-13T15:49:43.8019785Z copying reports/training-dynamics/system_tradeoffs.svg -> build/bdist.linux-x86_64/wheel/embedding_optimizer_study-0.1.0.data/data/share/embedding-optimizer-study/reports/training-dynamics
2026-09-13T15:49:43.8022396Z copying reports/training-dynamics/training_loss_dynamics.svg -> build/bdist.linux-x86_64/wheel/embedding_optimizer_study-0.1.0.data/data/share/embedding-optimizer-study/reports/training-dynamics
2026-09-13T15:49:43.8024377Z creating build/bdist.linux-x86_64/wheel/embedding_optimizer_study-0.1.0.data/data/share/embedding-optimizer-study/reports/dense-discovery
2026-09-13T15:49:43.8026319Z copying reports/dense-discovery/best_config_dynamics.csv -> build/bdist.linux-x86_64/wheel/embedding_optimizer_study-0.1.0.data/data/share/embedding-optimizer-study/reports/dense-discovery
2026-09-13T15:49:43.8028606Z copying reports/dense-discovery/best_config_task_comparison.csv -> build/bdist.linux-x86_64/wheel/embedding_optimizer_study-0.1.0.data/data/share/embedding-optimizer-study/reports/dense-discovery
2026-09-13T15:49:43.8030929Z copying reports/dense-discovery/checkpoint_summary.csv -> build/bdist.linux-x86_64/wheel/embedding_optimizer_study-0.1.0.data/data/share/embedding-optimizer-study/reports/dense-discovery
2026-09-13T15:49:43.8033318Z copying reports/dense-discovery/coverage.json -> build/bdist.linux-x86_64/wheel/embedding_optimizer_study-0.1.0.data/data/share/embedding-optimizer-study/reports/dense-discovery
2026-09-13T15:49:43.8035487Z copying reports/dense-discovery/evaluation_long.csv -> build/bdist.linux-x86_64/wheel/embedding_optimizer_study-0.1.0.data/data/share/embedding-optimizer-study/reports/dense-discovery
2026-09-13T15:49:43.8037657Z copying reports/dense-discovery/optimizer_summary.csv -> build/bdist.linux-x86_64/wheel/embedding_optimizer_study-0.1.0.data/data/share/embedding-optimizer-study/reports/dense-discovery
2026-09-13T15:49:43.8039821Z copying reports/dense-discovery/paired_comparison.csv -> build/bdist.linux-x86_64/wheel/embedding_optimizer_study-0.1.0.data/data/share/embedding-optimizer-study/reports/dense-discovery
2026-09-13T15:49:43.8041973Z copying reports/dense-discovery/system_metrics.csv -> build/bdist.linux-x86_64/wheel/embedding_optimizer_study-0.1.0.data/data/share/embedding-optimizer-study/reports/dense-discovery
2026-09-13T15:49:43.8044327Z copying reports/dense-discovery/system_summary.csv -> build/bdist.linux-x86_64/wheel/embedding_optimizer_study-0.1.0.data/data/share/embedding-optimizer-study/reports/dense-discovery
2026-09-13T15:49:43.8046354Z copying reports/dense-discovery/training_history.csv -> build/bdist.linux-x86_64/wheel/embedding_optimizer_study-0.1.0.data/data/share/embedding-optimizer-study/reports/dense-discovery
2026-09-13T15:49:43.8048260Z creating build/bdist.linux-x86_64/wheel/embedding_optimizer_study-0.1.0.data/data/share/embedding-optimizer-study/reports/dense-discovery/figures
2026-09-13T15:49:43.8050354Z copying reports/dense-discovery/figures/dense-lr-sensitivity.png -> build/bdist.linux-x86_64/wheel/embedding_optimizer_study-0.1.0.data/data/share/embedding-optimizer-study/reports/dense-discovery/figures
2026-09-13T15:49:43.8053115Z copying reports/dense-discovery/figures/dense-training-dynamics-by-run.png -> build/bdist.linux-x86_64/wheel/embedding_optimizer_study-0.1.0.data/data/share/embedding-optimizer-study/reports/dense-discovery/figures
2026-09-13T15:49:43.8055733Z copying reports/dense-discovery/figures/dense-training-dynamics.png -> build/bdist.linux-x86_64/wheel/embedding_optimizer_study-0.1.0.data/data/share/embedding-optimizer-study/reports/dense-discovery/figures
2026-09-13T15:49:43.8058096Z creating build/bdist.linux-x86_64/wheel/embedding_optimizer_study-0.1.0.data/data/share/embedding-optimizer-study/reports/retrieval-dynamics-dense
2026-09-13T15:49:43.8060274Z copying reports/retrieval-dynamics-dense/best_config_task_comparison.csv -> build/bdist.linux-x86_64/wheel/embedding_optimizer_study-0.1.0.data/data/share/embedding-optimizer-study/reports/retrieval-dynamics-dense
2026-09-13T15:49:43.8063036Z copying reports/retrieval-dynamics-dense/best_config_task_delta_dynamics.csv -> build/bdist.linux-x86_64/wheel/embedding_optimizer_study-0.1.0.data/data/share/embedding-optimizer-study/reports/retrieval-dynamics-dense
2026-09-13T15:49:43.8065772Z copying reports/retrieval-dynamics-dense/checkpoint_dynamics.csv -> build/bdist.linux-x86_64/wheel/embedding_optimizer_study-0.1.0.data/data/share/embedding-optimizer-study/reports/retrieval-dynamics-dense
2026-09-13T15:49:43.8068244Z copying reports/retrieval-dynamics-dense/optimizer_first_passage.csv -> build/bdist.linux-x86_64/wheel/embedding_optimizer_study-0.1.0.data/data/share/embedding-optimizer-study/reports/retrieval-dynamics-dense
2026-09-13T15:49:43.8070690Z copying reports/retrieval-dynamics-dense/quality_vs_useful_wall_time.svg -> build/bdist.linux-x86_64/wheel/embedding_optimizer_study-0.1.0.data/data/share/embedding-optimizer-study/reports/retrieval-dynamics-dense
2026-09-13T15:49:43.8073351Z copying reports/retrieval-dynamics-dense/run_first_passage.csv -> build/bdist.linux-x86_64/wheel/embedding_optimizer_study-0.1.0.data/data/share/embedding-optimizer-study/reports/retrieval-dynamics-dense
2026-09-13T15:49:43.8075755Z copying reports/retrieval-dynamics-dense/summary_manifest.json -> build/bdist.linux-x86_64/wheel/embedding_optimizer_study-0.1.0.data/data/share/embedding-optimizer-study/reports/retrieval-dynamics-dense
2026-09-13T15:49:43.8078199Z copying reports/retrieval-dynamics-dense/task_delta_stability.csv -> build/bdist.linux-x86_64/wheel/embedding_optimizer_study-0.1.0.data/data/share/embedding-optimizer-study/reports/retrieval-dynamics-dense
2026-09-13T15:49:43.8080263Z creating build/bdist.linux-x86_64/wheel/embedding_optimizer_study-0.1.0.data/data/share/embedding-optimizer-study/reports/dense-retrieval-dynamics
2026-09-13T15:49:43.8082442Z copying reports/dense-retrieval-dynamics/README.md -> build/bdist.linux-x86_64/wheel/embedding_optimizer_study-0.1.0.data/data/share/embedding-optimizer-study/reports/dense-retrieval-dynamics
2026-09-13T15:49:43.8084814Z copying reports/dense-retrieval-dynamics/confirmatory-evaluation-receipt.json -> build/bdist.linux-x86_64/wheel/embedding_optimizer_study-0.1.0.data/data/share/embedding-optimizer-study/reports/dense-retrieval-dynamics
2026-09-13T15:49:43.8087360Z copying reports/dense-retrieval-dynamics/evaluation-receipt.json -> build/bdist.linux-x86_64/wheel/embedding_optimizer_study-0.1.0.data/data/share/embedding-optimizer-study/reports/dense-retrieval-dynamics
2026-09-13T15:49:43.8089932Z copying reports/dense-retrieval-dynamics/five_stage_retrieval_dynamics.csv -> build/bdist.linux-x86_64/wheel/embedding_optimizer_study-0.1.0.data/data/share/embedding-optimizer-study/reports/dense-retrieval-dynamics
2026-09-13T15:49:43.8092627Z copying reports/dense-retrieval-dynamics/five_stage_retrieval_dynamics.pdf -> build/bdist.linux-x86_64/wheel/embedding_optimizer_study-0.1.0.data/data/share/embedding-optimizer-study/reports/dense-retrieval-dynamics
2026-09-13T15:49:43.8095048Z copying reports/dense-retrieval-dynamics/five_stage_retrieval_dynamics.svg -> build/bdist.linux-x86_64/wheel/embedding_optimizer_study-0.1.0.data/data/share/embedding-optimizer-study/reports/dense-retrieval-dynamics
2026-09-13T15:49:43.8097604Z copying reports/dense-retrieval-dynamics/hybrid-evaluation-receipt.json -> build/bdist.linux-x86_64/wheel/embedding_optimizer_study-0.1.0.data/data/share/embedding-optimizer-study/reports/dense-retrieval-dynamics
2026-09-13T15:49:43.8100431Z copying reports/dense-retrieval-dynamics/summary_manifest.json -> build/bdist.linux-x86_64/wheel/embedding_optimizer_study-0.1.0.data/data/share/embedding-optimizer-study/reports/dense-retrieval-dynamics
2026-09-13T15:49:43.8102623Z creating build/bdist.linux-x86_64/wheel/embedding_optimizer_study-0.1.0.data/data/share/embedding-optimizer-study/reports/wandb
2026-09-13T15:49:43.8104377Z copying reports/wandb/dense_source_provenance_audit.json -> build/bdist.linux-x86_64/wheel/embedding_optimizer_study-0.1.0.data/data/share/embedding-optimizer-study/reports/wandb
2026-09-13T15:49:43.8106255Z creating build/bdist.linux-x86_64/wheel/embedding_optimizer_study-0.1.0.data/data/share/embedding-optimizer-study/reports/confirmatory-data
2026-09-13T15:49:43.8108076Z copying reports/confirmatory-data/receipt.json -> build/bdist.linux-x86_64/wheel/embedding_optimizer_study-0.1.0.data/data/share/embedding-optimizer-study/reports/confirmatory-data
2026-09-13T15:49:43.8110032Z creating build/bdist.linux-x86_64/wheel/embedding_optimizer_study-0.1.0.data/data/share/embedding-optimizer-study/reports/short-branch
2026-09-13T15:49:43.8111810Z copying reports/short-branch/subset-receipt.json -> build/bdist.linux-x86_64/wheel/embedding_optimizer_study-0.1.0.data/data/share/embedding-optimizer-study/reports/short-branch
2026-09-13T15:49:43.8113753Z creating build/bdist.linux-x86_64/wheel/embedding_optimizer_study-0.1.0.data/data/share/embedding-optimizer-study/reports/tail-stability
2026-09-13T15:49:43.8115491Z copying reports/tail-stability/README.md -> build/bdist.linux-x86_64/wheel/embedding_optimizer_study-0.1.0.data/data/share/embedding-optimizer-study/reports/tail-stability
2026-09-13T15:49:43.8117581Z copying reports/tail-stability/discovery_anchor_tail.csv -> build/bdist.linux-x86_64/wheel/embedding_optimizer_study-0.1.0.data/data/share/embedding-optimizer-study/reports/tail-stability
2026-09-13T15:49:43.8119708Z copying reports/tail-stability/discovery_cross_tail.csv -> build/bdist.linux-x86_64/wheel/embedding_optimizer_study-0.1.0.data/data/share/embedding-optimizer-study/reports/tail-stability
2026-09-13T15:49:43.8121851Z copying reports/tail-stability/discovery_cross_tail_summary.csv -> build/bdist.linux-x86_64/wheel/embedding_optimizer_study-0.1.0.data/data/share/embedding-optimizer-study/reports/tail-stability
2026-09-13T15:49:43.8124181Z copying reports/tail-stability/discovery_family_contrasts.csv -> build/bdist.linux-x86_64/wheel/embedding_optimizer_study-0.1.0.data/data/share/embedding-optimizer-study/reports/tail-stability
2026-09-13T15:49:43.8126323Z copying reports/tail-stability/summary_manifest.json -> build/bdist.linux-x86_64/wheel/embedding_optimizer_study-0.1.0.data/data/share/embedding-optimizer-study/reports/tail-stability
2026-09-13T15:49:43.8127577Z running install_egg_info
2026-09-13T15:49:43.8128487Z Copying src/embedding_optimizer_study.egg-info to build/bdist.linux-x86_64/wheel/./embedding_optimizer_study-0.1.0-py3.12.egg-info
2026-09-13T15:49:43.8129437Z running install_scripts
2026-09-13T15:49:43.8130043Z creating build/bdist.linux-x86_64/wheel/embedding_optimizer_study-0.1.0.dist-info/WHEEL
2026-09-13T15:49:43.8131686Z creating '/home/runner/work/embedding-optimizer-study/embedding-optimizer-study/dist/.tmp-cf6hne6_/embedding_optimizer_study-0.1.0-py3-none-any.whl' and adding 'build/bdist.linux-x86_64/wheel' to it
2026-09-13T15:49:43.8133232Z adding 'embed_optim/__init__.py'
2026-09-13T15:49:43.8138200Z adding 'embed_optim/aggregate.py'
2026-09-13T15:49:43.8141495Z adding 'embed_optim/artifact_inventory.py'
2026-09-13T15:49:43.8156894Z adding 'embed_optim/basis_sensitivity.py'
2026-09-13T15:49:43.8163526Z adding 'embed_optim/beir_probe.py'
2026-09-13T15:49:43.8167483Z adding 'embed_optim/bridge_exact_arithmetic.py'
2026-09-13T15:49:43.8171151Z adding 'embed_optim/bridge_named_features.py'
2026-09-13T15:49:43.8175516Z adding 'embed_optim/bridge_numerics.py'
2026-09-13T15:49:43.8179516Z adding 'embed_optim/callbacks.py'
2026-09-13T15:49:43.8191339Z adding 'embed_optim/candidate_breadth_data.py'
2026-09-13T15:49:43.8199057Z adding 'embed_optim/candidate_breadth_evaluation.py'
2026-09-13T15:49:43.8203506Z adding 'embed_optim/candidate_breadth_matrix.py'
2026-09-13T15:49:43.8211235Z adding 'embed_optim/candidate_breadth_publication.py'
2026-09-13T15:49:43.8218769Z adding 'embed_optim/candidate_breadth_release.py'
2026-09-13T15:49:43.8228424Z adding 'embed_optim/candidate_breadth_summary.py'
2026-09-13T15:49:43.8238658Z adding 'embed_optim/causal_chain_rendering.py'
2026-09-13T15:49:43.8258653Z adding 'embed_optim/causal_chain_reporting.py'
2026-09-13T15:49:43.8264211Z adding 'embed_optim/checkpoint_watch.py'
2026-09-13T15:49:43.8266621Z adding 'embed_optim/collators.py'
2026-09-13T15:49:43.8274404Z adding 'embed_optim/common_state_matrix.py'
2026-09-13T15:49:43.8287247Z adding 'embed_optim/common_state_spectra.py'
2026-09-13T15:49:43.8292667Z adding 'embed_optim/common_state_spectrum_plot.py'
2026-09-13T15:49:43.8301320Z adding 'embed_optim/common_state_summary.py'
2026-09-13T15:49:43.8307028Z adding 'embed_optim/complete_paper_document.py'
2026-09-13T15:49:43.8310540Z adding 'embed_optim/completion_backup_contract_migration.py'
2026-09-13T15:49:43.8314750Z adding 'embed_optim/completion_contract_migration.py'
2026-09-13T15:49:43.8318511Z adding 'embed_optim/config.py'
2026-09-13T15:49:43.8330689Z adding 'embed_optim/confirmatory_data.py'
2026-09-13T15:49:43.8335730Z adding 'embed_optim/confirmatory_evaluation.py'
2026-09-13T15:49:43.8340409Z adding 'embed_optim/confirmatory_matrix.py'
2026-09-13T15:49:43.8346082Z adding 'embed_optim/confirmatory_summary.py'
2026-09-13T15:49:43.8354534Z adding 'embed_optim/corpus_size_diagnostic.py'
2026-09-13T15:49:43.8358717Z adding 'embed_optim/corrected_beir_evaluation.py'
2026-09-13T15:49:43.8362549Z adding 'embed_optim/corrected_checkpoint_backup.py'
2026-09-13T15:49:43.8368857Z adding 'embed_optim/corrected_completion_pipeline.py'
2026-09-13T15:49:43.8375142Z adding 'embed_optim/corrected_execution_sensitivity.py'
2026-09-13T15:49:43.8378523Z adding 'embed_optim/corrected_geometry_matrix.py'
2026-09-13T15:49:43.8385651Z adding 'embed_optim/corrected_geometry_summary.py'
2026-09-13T15:49:43.8387812Z adding 'embed_optim/corrected_input_execution.py'
2026-09-13T15:49:43.8394350Z adding 'embed_optim/corrected_outcome_summary.py'
2026-09-13T15:49:43.8397977Z adding 'embed_optim/corrected_progress.py'
2026-09-13T15:49:43.8409412Z adding 'embed_optim/corrected_publication.py'
2026-09-13T15:49:43.8417591Z adding 'embed_optim/corrected_retrieval_bridge.py'
2026-09-13T15:49:43.8420446Z adding 'embed_optim/corrected_validation_evaluation.py'
2026-09-13T15:49:43.8424364Z adding 'embed_optim/corrected_validation_matrix.py'
2026-09-13T15:49:43.8428891Z adding 'embed_optim/corrected_wandb_audit.py'
2026-09-13T15:49:43.8432005Z adding 'embed_optim/current_paper.py'
2026-09-13T15:49:43.8437413Z adding 'embed_optim/data.py'
2026-09-13T15:49:43.8440521Z adding 'embed_optim/decontamination.py'
2026-09-13T15:49:43.8451092Z adding 'embed_optim/dense_completion_pipeline.py'
2026-09-13T15:49:43.8465533Z adding 'embed_optim/dense_eval_handoff.py'
2026-09-13T15:49:43.8474553Z adding 'embed_optim/dense_finalization_pipeline.py'
2026-09-13T15:49:43.8477742Z adding 'embed_optim/dense_no_packing_preflight.py'
2026-09-13T15:49:43.8481166Z adding 'embed_optim/dense_numerical_contract.py'
2026-09-13T15:49:43.8489251Z adding 'embed_optim/dense_retrieval_dynamics_evaluation.py'
2026-09-13T15:49:43.8494539Z adding 'embed_optim/dense_retrieval_dynamics_publication.py'
2026-09-13T15:49:43.8503907Z adding 'embed_optim/dense_retrieval_dynamics_summary.py'
2026-09-13T15:49:43.8508957Z adding 'embed_optim/dense_run_contract.py'
2026-09-13T15:49:43.8514570Z adding 'embed_optim/dimension_archive.py'
2026-09-13T15:49:43.8519369Z adding 'embed_optim/dimension_inference.py'
2026-09-13T15:49:43.8522640Z adding 'embed_optim/dimension_inference_render.py'
2026-09-13T15:49:43.8525462Z adding 'embed_optim/dimension_intervention_io.py'
2026-09-13T15:49:43.8529267Z adding 'embed_optim/dimension_interventions.py'
2026-09-13T15:49:43.8543635Z adding 'embed_optim/dimension_publication.py'
2026-09-13T15:49:43.8547260Z adding 'embed_optim/dimension_release.py'
2026-09-13T15:49:43.8552674Z adding 'embed_optim/dimension_replay.py'
2026-09-13T15:49:43.8561911Z adding 'embed_optim/dimension_utilization.py'
2026-09-13T15:49:43.8570614Z adding 'embed_optim/distribution_audit.py'
2026-09-13T15:49:43.8584833Z adding 'embed_optim/dose_band_analysis.py'
2026-09-13T15:49:43.8594137Z adding 'embed_optim/evaluate_matrix.py'
2026-09-13T15:49:43.8599703Z adding 'embed_optim/evaluation_progress.py'
2026-09-13T15:49:43.8621684Z adding 'embed_optim/evaluation_source_archive.py'
2026-09-13T15:49:43.8627337Z adding 'embed_optim/evaluation_source_provenance.py'
2026-09-13T15:49:43.8631936Z adding 'embed_optim/evaluation_supervisor.py'
2026-09-13T15:49:43.8635699Z adding 'embed_optim/evaluation_utils.py'
2026-09-13T15:49:43.8639972Z adding 'embed_optim/exact_bridge_measurements.py'
2026-09-13T15:49:43.8642611Z adding 'embed_optim/factorial_v3_batches.py'
2026-09-13T15:49:43.8646678Z adding 'embed_optim/factorial_v3_bound_trainer.py'
2026-09-13T15:49:43.8652805Z adding 'embed_optim/factorial_v3_calibration.py'
2026-09-13T15:49:43.8655958Z adding 'embed_optim/factorial_v3_checkpoint.py'
2026-09-13T15:49:43.8661143Z adding 'embed_optim/factorial_v3_factory.py'
2026-09-13T15:49:43.8666739Z adding 'embed_optim/factorial_v3_inputs.py'
2026-09-13T15:49:43.8673899Z adding 'embed_optim/factorial_v3_optimizer.py'
2026-09-13T15:49:43.8683445Z adding 'embed_optim/factorial_v3_run_contract.py'
2026-09-13T15:49:43.8688915Z adding 'embed_optim/factorial_v3_trainer.py'
2026-09-13T15:49:43.8696656Z adding 'embed_optim/factorial_v3_worker.py'
2026-09-13T15:49:43.8705018Z adding 'embed_optim/family_training_queue.py'
2026-09-13T15:49:43.8712988Z adding 'embed_optim/functional_intervention.py'
2026-09-13T15:49:43.8718149Z adding 'embed_optim/functional_intervention_matrix.py'
2026-09-13T15:49:43.8723854Z adding 'embed_optim/functional_intervention_summary.py'
2026-09-13T15:49:43.8731773Z adding 'embed_optim/geometry.py'
2026-09-13T15:49:43.8737278Z adding 'embed_optim/geometry_plot.py'
2026-09-13T15:49:43.8740818Z adding 'embed_optim/geometry_robustness.py'
2026-09-13T15:49:43.8746650Z adding 'embed_optim/geometry_summary.py'
2026-09-13T15:49:43.8750212Z adding 'embed_optim/gpu_lease.py'
2026-09-13T15:49:43.8758227Z adding 'embed_optim/gradient_probe.py'
2026-09-13T15:49:43.8765794Z adding 'embed_optim/hybrid_control.py'
2026-09-13T15:49:43.8767933Z adding 'embed_optim/hybrid_evaluation.py'
2026-09-13T15:49:43.8773295Z adding 'embed_optim/incremental_checkpoint_backup.py'
2026-09-13T15:49:43.8780823Z adding 'embed_optim/local_global_reversal.py'
2026-09-13T15:49:43.8783666Z adding 'embed_optim/losses.py'
2026-09-13T15:49:43.8789202Z adding 'embed_optim/matrix.py'
2026-09-13T15:49:43.8793370Z adding 'embed_optim/matrix_handoff_guard.py'
2026-09-13T15:49:43.8802390Z adding 'embed_optim/mechanism_bridge.py'
2026-09-13T15:49:43.8817339Z adding 'embed_optim/mechanism_report.py'
2026-09-13T15:49:43.8820704Z adding 'embed_optim/optimizer_state_devices.py'
2026-09-13T15:49:43.8824934Z adding 'embed_optim/optimizers.py'
2026-09-13T15:49:43.8839958Z adding 'embed_optim/outcome_report.py'
2026-09-13T15:49:43.8845030Z adding 'embed_optim/packing_invariance.py'
2026-09-13T15:49:43.8879503Z adding 'embed_optim/paper_audit.py'
2026-09-13T15:49:43.8884587Z adding 'embed_optim/paper_layout.py'
2026-09-13T15:49:43.8889520Z adding 'embed_optim/paper_reproduction.py'
2026-09-13T15:49:43.8906835Z adding 'embed_optim/paper_results.py'
2026-09-13T15:49:43.8918340Z adding 'embed_optim/post_eval_pipeline.py'
2026-09-13T15:49:43.8928493Z adding 'embed_optim/primary_completion.py'
2026-09-13T15:49:43.8933360Z adding 'embed_optim/primary_contract.py'
2026-09-13T15:49:43.8936898Z adding 'embed_optim/primary_data_revision.py'
2026-09-13T15:49:43.8943308Z adding 'embed_optim/primary_dimension_probe.py'
2026-09-13T15:49:43.8947613Z adding 'embed_optim/primary_exact_geometry_kernels.py'
2026-09-13T15:49:43.8951355Z adding 'embed_optim/primary_geometry_kernels.py'
2026-09-13T15:49:43.8953209Z adding 'embed_optim/primary_geometry_reductions.py'
2026-09-13T15:49:43.8957788Z adding 'embed_optim/primary_io.py'
2026-09-13T15:49:43.8960548Z adding 'embed_optim/primary_training.py'
2026-09-13T15:49:43.8965068Z adding 'embed_optim/primary_v3_bridge.py'
2026-09-13T15:49:43.8968306Z adding 'embed_optim/primary_v3_completion.py'
2026-09-13T15:49:43.8972270Z adding 'embed_optim/primary_v3_contract.py'
2026-09-13T15:49:43.8977033Z adding 'embed_optim/primary_v3_dimension_contract.py'
2026-09-13T15:49:43.8981629Z adding 'embed_optim/primary_v3_dimension_exports.py'
2026-09-13T15:49:43.8985735Z adding 'embed_optim/primary_v3_dimension_inference.py'
2026-09-13T15:49:43.8989637Z adding 'embed_optim/primary_v3_dimension_vector_io.py'
2026-09-13T15:49:43.8993644Z adding 'embed_optim/primary_v3_dimensions.py'
2026-09-13T15:49:43.8998250Z adding 'embed_optim/primary_v3_exact_bridge.py'
2026-09-13T15:49:43.9003668Z adding 'embed_optim/primary_v3_exact_geometry.py'
2026-09-13T15:49:43.9007454Z adding 'embed_optim/primary_v3_exact_geometry_io.py'
2026-09-13T15:49:43.9011531Z adding 'embed_optim/primary_v3_exact_geometry_primitives.py'
2026-09-13T15:49:43.9015945Z adding 'embed_optim/primary_v3_exact_publication.py'
2026-09-13T15:49:43.9019129Z adding 'embed_optim/primary_v3_exact_publication_contract.py'
2026-09-13T15:49:43.9022642Z adding 'embed_optim/primary_v3_exact_publication_render.py'
2026-09-13T15:49:43.9027384Z adding 'embed_optim/primary_v3_exact_reconstruction.py'
2026-09-13T15:49:43.9030675Z adding 'embed_optim/primary_v3_exact_reconstruction_archive.py'
2026-09-13T15:49:43.9035883Z adding 'embed_optim/primary_v3_geometry.py'
2026-09-13T15:49:43.9040035Z adding 'embed_optim/primary_v3_geometry_io.py'
2026-09-13T15:49:43.9045142Z adding 'embed_optim/primary_v3_geometry_primitives.py'
2026-09-13T15:49:43.9048882Z adding 'embed_optim/primary_v3_geometry_reconstruction.py'
2026-09-13T15:49:43.9052975Z adding 'embed_optim/primary_v3_io.py'
2026-09-13T15:49:43.9057733Z adding 'embed_optim/primary_v3_joint_reconstruction.py'
2026-09-13T15:49:43.9063068Z adding 'embed_optim/primary_v3_manuscript.py'
2026-09-13T15:49:43.9067512Z adding 'embed_optim/primary_v3_manuscript_build.py'
2026-09-13T15:49:43.9072808Z adding 'embed_optim/primary_v3_outcome_primitives.py'
2026-09-13T15:49:43.9076097Z adding 'embed_optim/primary_v3_outcome_reconstruction.py'
2026-09-13T15:49:43.9082646Z adding 'embed_optim/primary_v3_outcomes.py'
2026-09-13T15:49:43.9085275Z adding 'embed_optim/primary_v3_paper_layout.py'
2026-09-13T15:49:43.9089147Z adding 'embed_optim/primary_v3_publication.py'
2026-09-13T15:49:43.9092715Z adding 'embed_optim/primary_v3_publication_archive.py'
2026-09-13T15:49:43.9095805Z adding 'embed_optim/primary_v3_publication_bridge.py'
2026-09-13T15:49:43.9099070Z adding 'embed_optim/primary_v3_publication_contract.py'
2026-09-13T15:49:43.9102988Z adding 'embed_optim/primary_v3_publication_reconstruction.py'
2026-09-13T15:49:43.9105989Z adding 'embed_optim/primary_v3_publication_render.py'
2026-09-13T15:49:43.9108862Z adding 'embed_optim/primary_v3_publication_tables.py'
2026-09-13T15:49:43.9112059Z adding 'embed_optim/primary_v3_reconstruction_authoring.py'
2026-09-13T15:49:43.9116436Z adding 'embed_optim/primary_v3_reconstruction_inputs.py'
2026-09-13T15:49:43.9119657Z adding 'embed_optim/primary_v3_reconstruction_sources.py'
2026-09-13T15:49:43.9122503Z adding 'embed_optim/primary_v3_training.py'
2026-09-13T15:49:43.9128132Z adding 'embed_optim/primary_v3_validation.py'
2026-09-13T15:49:43.9132514Z adding 'embed_optim/primary_v3_validation_io.py'
2026-09-13T15:49:43.9136021Z adding 'embed_optim/primary_v3_vector_reconstruction.py'
2026-09-13T15:49:43.9140742Z adding 'embed_optim/primary_weight_entries.py'
2026-09-13T15:49:43.9147348Z adding 'embed_optim/probe_export.py'
2026-09-13T15:49:43.9154154Z adding 'embed_optim/probe_matrix.py'
2026-09-13T15:49:43.9159428Z adding 'embed_optim/probes.py'
2026-09-13T15:49:43.9161798Z adding 'embed_optim/pylate_compat.py'
2026-09-13T15:49:43.9165381Z adding 'embed_optim/reconstruction_files.py'
2026-09-13T15:49:43.9176324Z adding 'embed_optim/representation_geometry.py'
2026-09-13T15:49:43.9183834Z adding 'embed_optim/representation_plot.py'
2026-09-13T15:49:43.9189316Z adding 'embed_optim/representation_summary.py'
2026-09-13T15:49:43.9202464Z adding 'embed_optim/retrieval_dynamics.py'
2026-09-13T15:49:43.9206145Z adding 'embed_optim/runtime.py'
2026-09-13T15:49:43.9210149Z adding 'embed_optim/saved_factorial_checkpoint.py'
2026-09-13T15:49:43.9213224Z adding 'embed_optim/scope.py'
2026-09-13T15:49:43.9219993Z adding 'embed_optim/sealed_checkpoint_supervisor.py'
2026-09-13T15:49:43.9228253Z adding 'embed_optim/short_branch.py'
2026-09-13T15:49:43.9234990Z adding 'embed_optim/short_branch_evaluation.py'
2026-09-13T15:49:43.9241822Z adding 'embed_optim/short_branch_summary.py'
2026-09-13T15:49:43.9252662Z adding 'embed_optim/spectral_transplant.py'
2026-09-13T15:49:43.9258747Z adding 'embed_optim/spectral_transplant_matrix.py'
2026-09-13T15:49:43.9266497Z adding 'embed_optim/spectral_transplant_summary.py'
2026-09-13T15:49:43.9279825Z adding 'embed_optim/state_operator_factorial.py'
2026-09-13T15:49:43.9283896Z adding 'embed_optim/state_operator_factorial_backup.py'
2026-09-13T15:49:43.9292624Z adding 'embed_optim/state_operator_factorial_completion.py'
2026-09-13T15:49:43.9295369Z adding 'embed_optim/state_operator_factorial_contract.py'
2026-09-13T15:49:43.9299871Z adding 'embed_optim/state_operator_factorial_evaluation.py'
2026-09-13T15:49:43.9308542Z adding 'embed_optim/state_operator_factorial_probe.py'
2026-09-13T15:49:43.9315125Z adding 'embed_optim/state_operator_factorial_publication.py'
2026-09-13T15:49:43.9324162Z adding 'embed_optim/state_operator_factorial_summary.py'
2026-09-13T15:49:43.9327573Z adding 'embed_optim/state_operator_factorial_training.py'
2026-09-13T15:49:43.9331190Z adding 'embed_optim/supervisor.py'
2026-09-13T15:49:43.9335846Z adding 'embed_optim/supplemental_training_audit.py'
2026-09-13T15:49:43.9351560Z adding 'embed_optim/tail_stability.py'
2026-09-13T15:49:43.9361238Z adding 'embed_optim/temporal_short_branch.py'
2026-09-13T15:49:43.9369172Z adding 'embed_optim/temporal_short_branch_predictors.py'
2026-09-13T15:49:43.9374999Z adding 'embed_optim/three_regime_diagnostic.py'
2026-09-13T15:49:43.9382581Z adding 'embed_optim/train.py'
2026-09-13T15:49:43.9387201Z adding 'embed_optim/training_dynamics.py'
2026-09-13T15:49:43.9392658Z adding 'embed_optim/training_dynamics_plot.py'
2026-09-13T15:49:43.9399884Z adding 'embed_optim/update_geometry.py'
2026-09-13T15:49:43.9407122Z adding 'embed_optim/validation_data.py'
2026-09-13T15:49:43.9411173Z adding 'embed_optim/validation_evaluation.py'
2026-09-13T15:49:43.9415835Z adding 'embed_optim/validation_matrix.py'
2026-09-13T15:49:43.9419959Z adding 'embed_optim/validation_summary.py'
2026-09-13T15:49:43.9429929Z adding 'embed_optim/wandb_dense_provenance_audit.py'
2026-09-13T15:49:43.9438539Z adding 'embed_optim/wandb_sync.py'
2026-09-13T15:49:43.9441331Z adding 'embed_optim_restore/__init__.py'
2026-09-13T15:49:43.9443102Z adding 'embed_optim_restore/__main__.py'
2026-09-13T15:49:43.9447544Z adding 'embed_optim_restore/entry.py'
2026-09-13T15:49:43.9449750Z adding 'embed_optim_restore/equality.py'
2026-09-13T15:49:43.9451952Z adding 'embed_optim_restore/gate.py'
2026-09-13T15:49:43.9454482Z adding 'embed_optim_restore/paired.py'
2026-09-13T15:49:43.9456870Z adding 'embed_optim_restore/reference.py'
2026-09-13T15:49:43.9459793Z adding 'embed_optim_restore/step_devices.py'
2026-09-13T15:49:43.9462507Z adding 'embed_optim_restore/trace.py'
2026-09-13T15:49:43.9490234Z adding 'embed_optim_restore/references/a-0-cold.json'
2026-09-13T15:49:43.9518224Z adding 'embed_optim_restore/references/a-0-warm.json'
2026-09-13T15:49:43.9546102Z adding 'embed_optim_restore/references/a-1-cold.json'
2026-09-13T15:49:43.9571549Z adding 'embed_optim_restore/references/a-1-warm.json'
2026-09-13T15:49:43.9599980Z adding 'embed_optim_restore/references/a-2-cold.json'
2026-09-13T15:49:43.9625296Z adding 'embed_optim_restore/references/a-2-warm.json'
2026-09-13T15:49:43.9652836Z adding 'embed_optim_restore/references/a-3-cold.json'
2026-09-13T15:49:43.9678245Z adding 'embed_optim_restore/references/a-3-warm.json'
2026-09-13T15:49:43.9704874Z adding 'embed_optim_restore/references/b-0-cold.json'
2026-09-13T15:49:43.9730241Z adding 'embed_optim_restore/references/b-0-warm.json'
2026-09-13T15:49:43.9757504Z adding 'embed_optim_restore/references/b-1-cold.json'
2026-09-13T15:49:43.9782751Z adding 'embed_optim_restore/references/b-1-warm.json'
2026-09-13T15:49:43.9809488Z adding 'embed_optim_restore/references/b-2-cold.json'
2026-09-13T15:49:43.9834692Z adding 'embed_optim_restore/references/b-2-warm.json'
2026-09-13T15:49:43.9861217Z adding 'embed_optim_restore/references/b-3-cold.json'
2026-09-13T15:49:43.9886396Z adding 'embed_optim_restore/references/b-3-warm.json'
2026-09-13T15:49:43.9894395Z adding 'embedding_optimizer_study-0.1.0.data/data/share/embedding-optimizer-study/AGENTS.md'
2026-09-13T15:49:43.9896654Z adding 'embedding_optimizer_study-0.1.0.data/data/share/embedding-optimizer-study/CITATION.cff'
2026-09-13T15:49:43.9898487Z adding 'embedding_optimizer_study-0.1.0.data/data/share/embedding-optimizer-study/CODE_OF_CONDUCT.md'
2026-09-13T15:49:43.9901438Z adding 'embedding_optimizer_study-0.1.0.data/data/share/embedding-optimizer-study/CONTRIBUTING.md'
2026-09-13T15:49:43.9904996Z adding 'embedding_optimizer_study-0.1.0.data/data/share/embedding-optimizer-study/CURRENT_EXPERIMENT.md'
2026-09-13T15:49:43.9907122Z adding 'embedding_optimizer_study-0.1.0.data/data/share/embedding-optimizer-study/CURRENT_PROGRESS.json'
2026-09-13T15:49:43.9912235Z adding 'embedding_optimizer_study-0.1.0.data/data/share/embedding-optimizer-study/PROJECT_STATUS.md'
2026-09-13T15:49:43.9914211Z adding 'embedding_optimizer_study-0.1.0.data/data/share/embedding-optimizer-study/SECURITY.md'
2026-09-13T15:49:43.9917102Z adding 'embedding_optimizer_study-0.1.0.data/data/share/embedding-optimizer-study/THIRD_PARTY_NOTICES.md'
2026-09-13T15:49:43.9918576Z adding 'embedding_optimizer_study-0.1.0.data/data/share/embedding-optimizer-study/requirements-formal-flash.txt'
2026-09-13T15:49:43.9998578Z adding 'embedding_optimizer_study-0.1.0.data/data/share/embedding-optimizer-study/requirements-formal.lock'
2026-09-13T15:49:44.0004359Z adding 'embedding_optimizer_study-0.1.0.data/data/share/embedding-optimizer-study/configs/basis_sensitivity.json'
2026-09-13T15:49:44.0007240Z adding 'embedding_optimizer_study-0.1.0.data/data/share/embedding-optimizer-study/configs/beir_representation_probe.json'
2026-09-13T15:49:44.0010407Z adding 'embedding_optimizer_study-0.1.0.data/data/share/embedding-optimizer-study/configs/candidate_breadth_probe.json'
2026-09-13T15:49:44.0015250Z adding 'embedding_optimizer_study-0.1.0.data/data/share/embedding-optimizer-study/configs/causal_chain_analysis.json'
2026-09-13T15:49:44.0017651Z adding 'embedding_optimizer_study-0.1.0.data/data/share/embedding-optimizer-study/configs/common_state_probe.json'
2026-09-13T15:49:44.0019895Z adding 'embedding_optimizer_study-0.1.0.data/data/share/embedding-optimizer-study/configs/common_state_spectrum_probe.json'
2026-09-13T15:49:44.0022475Z adding 'embedding_optimizer_study-0.1.0.data/data/share/embedding-optimizer-study/configs/confirmatory_protocol.json'
2026-09-13T15:49:44.0024761Z adding 'embedding_optimizer_study-0.1.0.data/data/share/embedding-optimizer-study/configs/corpus_size_diagnostic.json'
2026-09-13T15:49:44.0026877Z adding 'embedding_optimizer_study-0.1.0.data/data/share/embedding-optimizer-study/configs/dense_correctness_candidate.yaml'
2026-09-13T15:49:44.0030524Z adding 'embedding_optimizer_study-0.1.0.data/data/share/embedding-optimizer-study/configs/dense_dimension_utilization_protocol.json'
2026-09-13T15:49:44.0034415Z adding 'embedding_optimizer_study-0.1.0.data/data/share/embedding-optimizer-study/configs/dense_no_packing_analysis_protocol.json'
2026-09-13T15:49:44.0036629Z adding 'embedding_optimizer_study-0.1.0.data/data/share/embedding-optimizer-study/configs/dense_no_packing_backup_provenance_migration.json'
2026-09-13T15:49:44.0039603Z adding 'embedding_optimizer_study-0.1.0.data/data/share/embedding-optimizer-study/configs/dense_no_packing_bridge_implementation_protocol.json'
2026-09-13T15:49:44.0043708Z adding 'embedding_optimizer_study-0.1.0.data/data/share/embedding-optimizer-study/configs/dense_no_packing_bridge_implementation_protocol_v2.json'
2026-09-13T15:49:44.0045876Z adding 'embedding_optimizer_study-0.1.0.data/data/share/embedding-optimizer-study/configs/dense_no_packing_completion_contract_migration.json'
2026-09-13T15:49:44.0048715Z adding 'embedding_optimizer_study-0.1.0.data/data/share/embedding-optimizer-study/configs/dense_no_packing_evaluation_protocol.json'
2026-09-13T15:49:44.0052687Z adding 'embedding_optimizer_study-0.1.0.data/data/share/embedding-optimizer-study/configs/dense_no_packing_execution_protocol.json'
2026-09-13T15:49:44.0054772Z adding 'embedding_optimizer_study-0.1.0.data/data/share/embedding-optimizer-study/configs/dense_no_packing_matrix_handoff_guard.json'
2026-09-13T15:49:44.0058837Z adding 'embedding_optimizer_study-0.1.0.data/data/share/embedding-optimizer-study/configs/dense_no_packing_outcome_protocol.json'
2026-09-13T15:49:44.0060554Z adding 'embedding_optimizer_study-0.1.0.data/data/share/embedding-optimizer-study/configs/dense_no_packing_preflight.yaml'
2026-09-13T15:49:44.0063719Z adding 'embedding_optimizer_study-0.1.0.data/data/share/embedding-optimizer-study/configs/dense_no_packing_preflight_protocol.json'
2026-09-13T15:49:44.0066024Z adding 'embedding_optimizer_study-0.1.0.data/data/share/embedding-optimizer-study/configs/dense_no_packing_publication_layout_migration.json'
2026-09-13T15:49:44.0068349Z adding 'embedding_optimizer_study-0.1.0.data/data/share/embedding-optimizer-study/configs/dense_no_packing_publication_narrative_migration.json'
2026-09-13T15:49:44.0073081Z adding 'embedding_optimizer_study-0.1.0.data/data/share/embedding-optimizer-study/configs/dense_no_packing_publication_protocol.json'
2026-09-13T15:49:44.0074708Z adding 'embedding_optimizer_study-0.1.0.data/data/share/embedding-optimizer-study/configs/dense_no_packing_retrain.yaml'
2026-09-13T15:49:44.0077637Z adding 'embedding_optimizer_study-0.1.0.data/data/share/embedding-optimizer-study/configs/dense_no_packing_sensitivity_implementation_protocol.json'
2026-09-13T15:49:44.0079841Z adding 'embedding_optimizer_study-0.1.0.data/data/share/embedding-optimizer-study/configs/dense_no_packing_state_operator_abstract_compliance_migration.json'
2026-09-13T15:49:44.0082916Z adding 'embedding_optimizer_study-0.1.0.data/data/share/embedding-optimizer-study/configs/dense_no_packing_state_operator_claim_wording_amendment.json'
2026-09-13T15:49:44.0086463Z adding 'embedding_optimizer_study-0.1.0.data/data/share/embedding-optimizer-study/configs/dense_no_packing_state_operator_factorial_completion_protocol.json'
2026-09-13T15:49:44.0091065Z adding 'embedding_optimizer_study-0.1.0.data/data/share/embedding-optimizer-study/configs/dense_no_packing_state_operator_factorial_implementation_protocol.json'
2026-09-13T15:49:44.0095284Z adding 'embedding_optimizer_study-0.1.0.data/data/share/embedding-optimizer-study/configs/dense_no_packing_state_operator_factorial_protocol.json'
2026-09-13T15:49:44.0098355Z adding 'embedding_optimizer_study-0.1.0.data/data/share/embedding-optimizer-study/configs/dense_no_packing_state_operator_factorial_publication_protocol.json'
2026-09-13T15:49:44.0100666Z adding 'embedding_optimizer_study-0.1.0.data/data/share/embedding-optimizer-study/configs/dense_no_packing_state_operator_weight_space_narrative_migration.json'
2026-09-13T15:49:44.0103197Z adding 'embedding_optimizer_study-0.1.0.data/data/share/embedding-optimizer-study/configs/dense_primary_dimension_archive_protocol.json'
2026-09-13T15:49:44.0106176Z adding 'embedding_optimizer_study-0.1.0.data/data/share/embedding-optimizer-study/configs/dense_primary_dimension_export_protocol.json'
2026-09-13T15:49:44.0109067Z adding 'embedding_optimizer_study-0.1.0.data/data/share/embedding-optimizer-study/configs/dense_primary_dimension_handoff_protocol.json'
2026-09-13T15:49:44.0113122Z adding 'embedding_optimizer_study-0.1.0.data/data/share/embedding-optimizer-study/configs/dense_primary_v2_protocol.json'
2026-09-13T15:49:44.0116529Z adding 'embedding_optimizer_study-0.1.0.data/data/share/embedding-optimizer-study/configs/dense_primary_v3_bridge_protocol.json'
2026-09-13T15:49:44.0121599Z adding 'embedding_optimizer_study-0.1.0.data/data/share/embedding-optimizer-study/configs/dense_primary_v3_data_amendment.json'
2026-09-13T15:49:44.0127083Z adding 'embedding_optimizer_study-0.1.0.data/data/share/embedding-optimizer-study/configs/dense_primary_v3_dimension_inference_protocol.json'
2026-09-13T15:49:44.0130905Z adding 'embedding_optimizer_study-0.1.0.data/data/share/embedding-optimizer-study/configs/dense_primary_v3_dimensions_protocol.json'
2026-09-13T15:49:44.0135103Z adding 'embedding_optimizer_study-0.1.0.data/data/share/embedding-optimizer-study/configs/dense_primary_v3_exact_bridge_protocol.json'
2026-09-13T15:49:44.0138164Z adding 'embedding_optimizer_study-0.1.0.data/data/share/embedding-optimizer-study/configs/dense_primary_v3_exact_geometry_protocol.json'
2026-09-13T15:49:44.0141759Z adding 'embedding_optimizer_study-0.1.0.data/data/share/embedding-optimizer-study/configs/dense_primary_v3_exact_publication_protocol.json'
2026-09-13T15:49:44.0144969Z adding 'embedding_optimizer_study-0.1.0.data/data/share/embedding-optimizer-study/configs/dense_primary_v3_geometry_protocol.json'
2026-09-13T15:49:44.0148377Z adding 'embedding_optimizer_study-0.1.0.data/data/share/embedding-optimizer-study/configs/dense_primary_v3_geometry_protocol_v2.json'
2026-09-13T15:49:44.0151267Z adding 'embedding_optimizer_study-0.1.0.data/data/share/embedding-optimizer-study/configs/dense_primary_v3_outcome_protocol.json'
2026-09-13T15:49:44.0154365Z adding 'embedding_optimizer_study-0.1.0.data/data/share/embedding-optimizer-study/configs/dense_primary_v3_outcome_protocol_v2.json'
2026-09-13T15:49:44.0159747Z adding 'embedding_optimizer_study-0.1.0.data/data/share/embedding-optimizer-study/configs/dense_primary_v3_protocol.json'
2026-09-13T15:49:44.0163797Z adding 'embedding_optimizer_study-0.1.0.data/data/share/embedding-optimizer-study/configs/dense_primary_v3_publication_protocol.json'
2026-09-13T15:49:44.0166660Z adding 'embedding_optimizer_study-0.1.0.data/data/share/embedding-optimizer-study/configs/dense_primary_v3_validation_protocol.json'
2026-09-13T15:49:44.0168716Z adding 'embedding_optimizer_study-0.1.0.data/data/share/embedding-optimizer-study/configs/dense_retrieval_dynamics_extension.json'
2026-09-13T15:49:44.0170677Z adding 'embedding_optimizer_study-0.1.0.data/data/share/embedding-optimizer-study/configs/dense_scope_amendment.json'
2026-09-13T15:49:44.0172601Z adding 'embedding_optimizer_study-0.1.0.data/data/share/embedding-optimizer-study/configs/dense_training_queue.json'
2026-09-13T15:49:44.0175117Z adding 'embedding_optimizer_study-0.1.0.data/data/share/embedding-optimizer-study/configs/dense_weight_entry_measurement_amendment.json'
2026-09-13T15:49:44.0176671Z adding 'embedding_optimizer_study-0.1.0.data/data/share/embedding-optimizer-study/configs/experiment.yaml'
2026-09-13T15:49:44.0178324Z adding 'embedding_optimizer_study-0.1.0.data/data/share/embedding-optimizer-study/configs/formal_runtime.json'
2026-09-13T15:49:44.0179735Z adding 'embedding_optimizer_study-0.1.0.data/data/share/embedding-optimizer-study/configs/formal_runtime_constraints.txt'
2026-09-13T15:49:44.0182352Z adding 'embedding_optimizer_study-0.1.0.data/data/share/embedding-optimizer-study/configs/functional_intervention.json'
2026-09-13T15:49:44.0184386Z adding 'embedding_optimizer_study-0.1.0.data/data/share/embedding-optimizer-study/configs/hybrid_adamw.yaml'
2026-09-13T15:49:44.0186557Z adding 'embedding_optimizer_study-0.1.0.data/data/share/embedding-optimizer-study/configs/hybrid_adamw_control.json'
2026-09-13T15:49:44.0188854Z adding 'embedding_optimizer_study-0.1.0.data/data/share/embedding-optimizer-study/configs/local_global_reversal.json'
2026-09-13T15:49:44.0191097Z adding 'embedding_optimizer_study-0.1.0.data/data/share/embedding-optimizer-study/configs/loss_retrieval_diagnostic.json'
2026-09-13T15:49:44.0192988Z adding 'embedding_optimizer_study-0.1.0.data/data/share/embedding-optimizer-study/configs/mechanism_analysis_integration.json'
2026-09-13T15:49:44.0197072Z adding 'embedding_optimizer_study-0.1.0.data/data/share/embedding-optimizer-study/configs/paper_claim_protocol.json'
2026-09-13T15:49:44.0304492Z adding 'embedding_optimizer_study-0.1.0.data/data/share/embedding-optimizer-study/configs/portable_paper_evidence.json'
2026-09-13T15:49:44.0312759Z adding 'embedding_optimizer_study-0.1.0.data/data/share/embedding-optimizer-study/configs/representation_probe.json'
2026-09-13T15:49:44.0315133Z adding 'embedding_optimizer_study-0.1.0.data/data/share/embedding-optimizer-study/configs/retrieval_dynamics_protocol.json'
2026-09-13T15:49:44.0317733Z adding 'embedding_optimizer_study-0.1.0.data/data/share/embedding-optimizer-study/configs/short_branch_protocol.json'
2026-09-13T15:49:44.0319734Z adding 'embedding_optimizer_study-0.1.0.data/data/share/embedding-optimizer-study/configs/smoke.yaml'
2026-09-13T15:49:44.0323581Z adding 'embedding_optimizer_study-0.1.0.data/data/share/embedding-optimizer-study/configs/spectral_transplant_intervention.json'
2026-09-13T15:49:44.0325437Z adding 'embedding_optimizer_study-0.1.0.data/data/share/embedding-optimizer-study/configs/stress.yaml'
2026-09-13T15:49:44.0328884Z adding 'embedding_optimizer_study-0.1.0.data/data/share/embedding-optimizer-study/configs/tail_stability_analysis.json'
2026-09-13T15:49:44.0331278Z adding 'embedding_optimizer_study-0.1.0.data/data/share/embedding-optimizer-study/configs/three_regime_diagnostic.json'
2026-09-13T15:49:44.0333471Z adding 'embedding_optimizer_study-0.1.0.data/data/share/embedding-optimizer-study/configs/training_data_contract.json'
2026-09-13T15:49:44.0336133Z adding 'embedding_optimizer_study-0.1.0.data/data/share/embedding-optimizer-study/configs/validation_probe.json'
2026-09-13T15:49:44.0339143Z adding 'embedding_optimizer_study-0.1.0.data/data/share/embedding-optimizer-study/configs/generated/confirmatory/seed161803.yaml'
2026-09-13T15:49:44.0341205Z adding 'embedding_optimizer_study-0.1.0.data/data/share/embedding-optimizer-study/configs/generated/confirmatory/seed271828.yaml'
2026-09-13T15:49:44.0343443Z adding 'embedding_optimizer_study-0.1.0.data/data/share/embedding-optimizer-study/configs/generated/confirmatory/seed314159.yaml'
2026-09-13T15:49:44.0346157Z adding 'embedding_optimizer_study-0.1.0.data/data/share/embedding-optimizer-study/configs/generated/short-branch/seed161803.yaml'
2026-09-13T15:49:44.0348473Z adding 'embedding_optimizer_study-0.1.0.data/data/share/embedding-optimizer-study/configs/generated/short-branch/seed271828.yaml'
2026-09-13T15:49:44.0350636Z adding 'embedding_optimizer_study-0.1.0.data/data/share/embedding-optimizer-study/configs/generated/short-branch/seed314159.yaml'
2026-09-13T15:49:44.0355094Z adding 'embedding_optimizer_study-0.1.0.data/data/share/embedding-optimizer-study/docs/checkpoint-restoration.md'
2026-09-13T15:49:44.0365443Z adding 'embedding_optimizer_study-0.1.0.data/data/share/embedding-optimizer-study/docs/completion-gates.md'
2026-09-13T15:49:44.0368673Z adding 'embedding_optimizer_study-0.1.0.data/data/share/embedding-optimizer-study/docs/continuation-outcomes-restoration.md'
2026-09-13T15:49:44.0371594Z adding 'embedding_optimizer_study-0.1.0.data/data/share/embedding-optimizer-study/docs/continuation-probe-restoration.md'
2026-09-13T15:49:44.0374510Z adding 'embedding_optimizer_study-0.1.0.data/data/share/embedding-optimizer-study/docs/current-training-source.md'
2026-09-13T15:49:44.0377382Z adding 'embedding_optimizer_study-0.1.0.data/data/share/embedding-optimizer-study/docs/dense-eval-handoff.md'
2026-09-13T15:49:44.0385861Z adding 'embedding_optimizer_study-0.1.0.data/data/share/embedding-optimizer-study/docs/dense-no-packing-retrain.md'
2026-09-13T15:49:44.0389119Z adding 'embedding_optimizer_study-0.1.0.data/data/share/embedding-optimizer-study/docs/endpoint-statistics-restoration.md'
2026-09-13T15:49:44.0392902Z adding 'embedding_optimizer_study-0.1.0.data/data/share/embedding-optimizer-study/docs/evaluation-analysis-restoration.md'
2026-09-13T15:49:44.0396148Z adding 'embedding_optimizer_study-0.1.0.data/data/share/embedding-optimizer-study/docs/first-stage-evaluation-restoration.md'
2026-09-13T15:49:44.0398904Z adding 'embedding_optimizer_study-0.1.0.data/data/share/embedding-optimizer-study/docs/fourth-stage-evaluation-restoration.md'
2026-09-13T15:49:44.0402369Z adding 'embedding_optimizer_study-0.1.0.data/data/share/embedding-optimizer-study/docs/fourth-stage-pool-b-evaluation-restoration.md'
2026-09-13T15:49:44.0404914Z adding 'embedding_optimizer_study-0.1.0.data/data/share/embedding-optimizer-study/docs/functional-analysis-restoration.md'
2026-09-13T15:49:44.0410235Z adding 'embedding_optimizer_study-0.1.0.data/data/share/embedding-optimizer-study/docs/naacl-dense-paper-plan.md'
2026-09-13T15:49:44.0438310Z adding 'embedding_optimizer_study-0.1.0.data/data/share/embedding-optimizer-study/docs/naacl-paper-plan.md'
2026-09-13T15:49:44.0442968Z adding 'embedding_optimizer_study-0.1.0.data/data/share/embedding-optimizer-study/docs/paper-results-reproduction.md'
2026-09-13T15:49:44.0446072Z adding 'embedding_optimizer_study-0.1.0.data/data/share/embedding-optimizer-study/docs/predictor-analysis-restoration.md'
2026-09-13T15:49:44.0449050Z adding 'embedding_optimizer_study-0.1.0.data/data/share/embedding-optimizer-study/docs/pretrained-vector-restoration.md'
2026-09-13T15:49:44.0452065Z adding 'embedding_optimizer_study-0.1.0.data/data/share/embedding-optimizer-study/docs/retrieval-trajectories-restoration.md'
2026-09-13T15:49:44.0454971Z adding 'embedding_optimizer_study-0.1.0.data/data/share/embedding-optimizer-study/docs/saved-factorial-checkpoints.md'
2026-09-13T15:49:44.0458186Z adding 'embedding_optimizer_study-0.1.0.data/data/share/embedding-optimizer-study/docs/second-stage-evaluation-restoration.md'
2026-09-13T15:49:44.0461470Z adding 'embedding_optimizer_study-0.1.0.data/data/share/embedding-optimizer-study/docs/second-stage-pool-b-evaluation-restoration.md'
2026-09-13T15:49:44.0464164Z adding 'embedding_optimizer_study-0.1.0.data/data/share/embedding-optimizer-study/docs/source-version-testing.md'
2026-09-13T15:49:44.0468269Z adding 'embedding_optimizer_study-0.1.0.data/data/share/embedding-optimizer-study/docs/state-operator-factorial.md'
2026-09-13T15:49:44.0471628Z adding 'embedding_optimizer_study-0.1.0.data/data/share/embedding-optimizer-study/docs/third-stage-evaluation-restoration.md'
2026-09-13T15:49:44.0475155Z adding 'embedding_optimizer_study-0.1.0.data/data/share/embedding-optimizer-study/docs/third-stage-pool-b-evaluation-restoration.md'
2026-09-13T15:49:44.0478731Z adding 'embedding_optimizer_study-0.1.0.data/data/share/embedding-optimizer-study/docs/training-analysis-restoration.md'
2026-09-13T15:49:44.0481600Z adding 'embedding_optimizer_study-0.1.0.data/data/share/embedding-optimizer-study/docs/training-completion-evidence-restoration.md'
2026-09-13T15:49:44.0484629Z adding 'embedding_optimizer_study-0.1.0.data/data/share/embedding-optimizer-study/docs/training-restoration.md'
2026-09-13T15:49:44.0487555Z adding 'embedding_optimizer_study-0.1.0.data/data/share/embedding-optimizer-study/docs/versioned-paper-reproduction.md'
2026-09-13T15:49:44.0490740Z adding 'embedding_optimizer_study-0.1.0.data/data/share/embedding-optimizer-study/docs/weight-analysis-restoration.md'
2026-09-13T15:49:44.0493440Z adding 'embedding_optimizer_study-0.1.0.data/data/share/embedding-optimizer-study/paper/Makefile'
2026-09-13T15:49:44.0498327Z adding 'embedding_optimizer_study-0.1.0.data/data/share/embedding-optimizer-study/paper/README.md'
2026-09-13T15:49:44.0500566Z adding 'embedding_optimizer_study-0.1.0.data/data/share/embedding-optimizer-study/paper/legacy.Makefile'
2026-09-13T15:49:44.0511767Z adding 'embedding_optimizer_study-0.1.0.data/data/share/embedding-optimizer-study/paper/main.tex'
2026-09-13T15:49:44.0515090Z adding 'embedding_optimizer_study-0.1.0.data/data/share/embedding-optimizer-study/paper/references.bib'
2026-09-13T15:49:44.0517908Z adding 'embedding_optimizer_study-0.1.0.data/data/share/embedding-optimizer-study/paper/results.tex'
2026-09-13T15:49:44.0520627Z adding 'embedding_optimizer_study-0.1.0.data/data/share/embedding-optimizer-study/paper/current/README.md'
2026-09-13T15:49:44.0523030Z adding 'embedding_optimizer_study-0.1.0.data/data/share/embedding-optimizer-study/paper/current/document-snapshot.json'
2026-09-13T15:49:44.0536066Z adding 'embedding_optimizer_study-0.1.0.data/data/share/embedding-optimizer-study/paper/current/main.tex'
2026-09-13T15:49:44.0539812Z adding 'embedding_optimizer_study-0.1.0.data/data/share/embedding-optimizer-study/paper/current/references.bib'
2026-09-13T15:49:44.0541594Z adding 'embedding_optimizer_study-0.1.0.data/data/share/embedding-optimizer-study/paper/current/results.tex'
2026-09-13T15:49:44.0547777Z adding 'embedding_optimizer_study-0.1.0.data/data/share/embedding-optimizer-study/paper/current/figures/full-rate-retrieval-trajectories.pdf'
2026-09-13T15:49:44.0559792Z adding 'embedding_optimizer_study-0.1.0.data/data/share/embedding-optimizer-study/paper/current/figures/optimizer-weight-dimension-map.pdf'
2026-09-13T15:49:44.0566311Z adding 'embedding_optimizer_study-0.1.0.data/data/share/embedding-optimizer-study/paper/current/figures/weight-to-retrieval-map.pdf'
2026-09-13T15:49:44.0570238Z adding 'embedding_optimizer_study-0.1.0.data/data/share/embedding-optimizer-study/paper/current/generated/dimension-utilization.tex'
2026-09-13T15:49:44.0573408Z adding 'embedding_optimizer_study-0.1.0.data/data/share/embedding-optimizer-study/paper/current/generated/optimizer-primary.tex'
2026-09-13T15:49:44.0576062Z adding 'embedding_optimizer_study-0.1.0.data/data/share/embedding-optimizer-study/paper/current/generated/recipe-sensitivity.tex'
2026-09-13T15:49:44.0578312Z adding 'embedding_optimizer_study-0.1.0.data/data/share/embedding-optimizer-study/paper/current/generated/state-operator-factorial.tex'
2026-09-13T15:49:44.0583036Z adding 'embedding_optimizer_study-0.1.0.data/data/share/embedding-optimizer-study/paper/current/vendor/acl.sty'
2026-09-13T15:49:44.0596900Z adding 'embedding_optimizer_study-0.1.0.data/data/share/embedding-optimizer-study/paper/current/vendor/acl_natbib.bst'
2026-09-13T15:49:44.0599714Z adding 'embedding_optimizer_study-0.1.0.data/data/share/embedding-optimizer-study/paper/generated/dimension-utilization.tex'
2026-09-13T15:49:44.0602007Z adding 'embedding_optimizer_study-0.1.0.data/data/share/embedding-optimizer-study/paper/generated/optimizer-primary.tex'
2026-09-13T15:49:44.0604455Z adding 'embedding_optimizer_study-0.1.0.data/data/share/embedding-optimizer-study/paper/generated/state-operator-factorial.tex'
2026-09-13T15:49:44.0607630Z adding 'embedding_optimizer_study-0.1.0.data/data/share/embedding-optimizer-study/reports/candidate-breadth/calibration_by_width.csv'
2026-09-13T15:49:44.0615453Z adding 'embedding_optimizer_study-0.1.0.data/data/share/embedding-optimizer-study/reports/candidate-breadth/candidate_breadth_calibration.pdf'
2026-09-13T15:49:44.0637229Z adding 'embedding_optimizer_study-0.1.0.data/data/share/embedding-optimizer-study/reports/candidate-breadth/candidate_breadth_calibration.svg'
2026-09-13T15:49:44.0639841Z adding 'embedding_optimizer_study-0.1.0.data/data/share/embedding-optimizer-study/reports/candidate-breadth/data-audit.json'
2026-09-13T15:49:44.0643258Z adding 'embedding_optimizer_study-0.1.0.data/data/share/embedding-optimizer-study/reports/candidate-breadth/high_dose_contrasts.csv'
2026-09-13T15:49:44.0646025Z adding 'embedding_optimizer_study-0.1.0.data/data/share/embedding-optimizer-study/reports/candidate-breadth/packing_invariance.json'
2026-09-13T15:49:44.0648155Z adding 'embedding_optimizer_study-0.1.0.data/data/share/embedding-optimizer-study/reports/candidate-breadth/publication_manifest.json'
2026-09-13T15:49:44.0650873Z adding 'embedding_optimizer_study-0.1.0.data/data/share/embedding-optimizer-study/reports/candidate-breadth/summary.json'
2026-09-13T15:49:44.0654117Z adding 'embedding_optimizer_study-0.1.0.data/data/share/embedding-optimizer-study/reports/confirmatory-data/receipt.json'
2026-09-13T15:49:44.0656153Z adding 'embedding_optimizer_study-0.1.0.data/data/share/embedding-optimizer-study/reports/dense-discovery/best_config_dynamics.csv'
2026-09-13T15:49:44.0658319Z adding 'embedding_optimizer_study-0.1.0.data/data/share/embedding-optimizer-study/reports/dense-discovery/best_config_task_comparison.csv'
2026-09-13T15:49:44.0660483Z adding 'embedding_optimizer_study-0.1.0.data/data/share/embedding-optimizer-study/reports/dense-discovery/checkpoint_summary.csv'
2026-09-13T15:49:44.0663812Z adding 'embedding_optimizer_study-0.1.0.data/data/share/embedding-optimizer-study/reports/dense-discovery/coverage.json'
2026-09-13T15:49:44.0682599Z adding 'embedding_optimizer_study-0.1.0.data/data/share/embedding-optimizer-study/reports/dense-discovery/evaluation_long.csv'
2026-09-13T15:49:44.0686085Z adding 'embedding_optimizer_study-0.1.0.data/data/share/embedding-optimizer-study/reports/dense-discovery/optimizer_summary.csv'
2026-09-13T15:49:44.0687933Z adding 'embedding_optimizer_study-0.1.0.data/data/share/embedding-optimizer-study/reports/dense-discovery/paired_comparison.csv'
2026-09-13T15:49:44.0689800Z adding 'embedding_optimizer_study-0.1.0.data/data/share/embedding-optimizer-study/reports/dense-discovery/system_metrics.csv'
2026-09-13T15:49:44.0691882Z adding 'embedding_optimizer_study-0.1.0.data/data/share/embedding-optimizer-study/reports/dense-discovery/system_summary.csv'
2026-09-13T15:49:44.0897080Z adding 'embedding_optimizer_study-0.1.0.data/data/share/embedding-optimizer-study/reports/dense-discovery/training_history.csv'
2026-09-13T15:49:44.0931411Z adding 'embedding_optimizer_study-0.1.0.data/data/share/embedding-optimizer-study/reports/dense-discovery/figures/dense-lr-sensitivity.png'
2026-09-13T15:49:44.0992941Z adding 'embedding_optimizer_study-0.1.0.data/data/share/embedding-optimizer-study/reports/dense-discovery/figures/dense-training-dynamics-by-run.png'
2026-09-13T15:49:44.1027057Z adding 'embedding_optimizer_study-0.1.0.data/data/share/embedding-optimizer-study/reports/dense-discovery/figures/dense-training-dynamics.png'
2026-09-13T15:49:44.1029455Z adding 'embedding_optimizer_study-0.1.0.data/data/share/embedding-optimizer-study/reports/dense-retrieval-dynamics/README.md'
2026-09-13T15:49:44.1070169Z adding 'embedding_optimizer_study-0.1.0.data/data/share/embedding-optimizer-study/reports/dense-retrieval-dynamics/confirmatory-evaluation-receipt.json'
2026-09-13T15:49:44.1120805Z adding 'embedding_optimizer_study-0.1.0.data/data/share/embedding-optimizer-study/reports/dense-retrieval-dynamics/evaluation-receipt.json'
2026-09-13T15:49:44.1128218Z adding 'embedding_optimizer_study-0.1.0.data/data/share/embedding-optimizer-study/reports/dense-retrieval-dynamics/five_stage_retrieval_dynamics.csv'
2026-09-13T15:49:44.1136191Z adding 'embedding_optimizer_study-0.1.0.data/data/share/embedding-optimizer-study/reports/dense-retrieval-dynamics/five_stage_retrieval_dynamics.pdf'
2026-09-13T15:49:44.1158366Z adding 'embedding_optimizer_study-0.1.0.data/data/share/embedding-optimizer-study/reports/dense-retrieval-dynamics/five_stage_retrieval_dynamics.svg'
2026-09-13T15:49:44.1169078Z adding 'embedding_optimizer_study-0.1.0.data/data/share/embedding-optimizer-study/reports/dense-retrieval-dynamics/hybrid-evaluation-receipt.json'
2026-09-13T15:49:44.1210324Z adding 'embedding_optimizer_study-0.1.0.data/data/share/embedding-optimizer-study/reports/dense-retrieval-dynamics/summary_manifest.json'
2026-09-13T15:49:44.1215476Z adding 'embedding_optimizer_study-0.1.0.data/data/share/embedding-optimizer-study/reports/retrieval-dynamics-dense/best_config_task_comparison.csv'
2026-09-13T15:49:44.1219407Z adding 'embedding_optimizer_study-0.1.0.data/data/share/embedding-optimizer-study/reports/retrieval-dynamics-dense/best_config_task_delta_dynamics.csv'
2026-09-13T15:49:44.1222892Z adding 'embedding_optimizer_study-0.1.0.data/data/share/embedding-optimizer-study/reports/retrieval-dynamics-dense/checkpoint_dynamics.csv'
2026-09-13T15:49:44.1225208Z adding 'embedding_optimizer_study-0.1.0.data/data/share/embedding-optimizer-study/reports/retrieval-dynamics-dense/optimizer_first_passage.csv'
2026-09-13T15:49:44.1243623Z adding 'embedding_optimizer_study-0.1.0.data/data/share/embedding-optimizer-study/reports/retrieval-dynamics-dense/quality_vs_useful_wall_time.svg'
2026-09-13T15:49:44.1246482Z adding 'embedding_optimizer_study-0.1.0.data/data/share/embedding-optimizer-study/reports/retrieval-dynamics-dense/run_first_passage.csv'
2026-09-13T15:49:44.1249086Z adding 'embedding_optimizer_study-0.1.0.data/data/share/embedding-optimizer-study/reports/retrieval-dynamics-dense/summary_manifest.json'
2026-09-13T15:49:44.1251013Z adding 'embedding_optimizer_study-0.1.0.data/data/share/embedding-optimizer-study/reports/retrieval-dynamics-dense/task_delta_stability.csv'
2026-09-13T15:49:44.1253440Z adding 'embedding_optimizer_study-0.1.0.data/data/share/embedding-optimizer-study/reports/short-branch/subset-receipt.json'
2026-09-13T15:49:44.1256148Z adding 'embedding_optimizer_study-0.1.0.data/data/share/embedding-optimizer-study/reports/state-operator-factorial/abstract-compliance-runtime-migration.json'
2026-09-13T15:49:44.1258750Z adding 'embedding_optimizer_study-0.1.0.data/data/share/embedding-optimizer-study/reports/tail-stability/README.md'
2026-09-13T15:49:44.1261879Z adding 'embedding_optimizer_study-0.1.0.data/data/share/embedding-optimizer-study/reports/tail-stability/discovery_anchor_tail.csv'
2026-09-13T15:49:44.1264934Z adding 'embedding_optimizer_study-0.1.0.data/data/share/embedding-optimizer-study/reports/tail-stability/discovery_cross_tail.csv'
2026-09-13T15:49:44.1266946Z adding 'embedding_optimizer_study-0.1.0.data/data/share/embedding-optimizer-study/reports/tail-stability/discovery_cross_tail_summary.csv'
2026-09-13T15:49:44.1268751Z adding 'embedding_optimizer_study-0.1.0.data/data/share/embedding-optimizer-study/reports/tail-stability/discovery_family_contrasts.csv'
2026-09-13T15:49:44.1277480Z adding 'embedding_optimizer_study-0.1.0.data/data/share/embedding-optimizer-study/reports/tail-stability/summary_manifest.json'
2026-09-13T15:49:44.1280256Z adding 'embedding_optimizer_study-0.1.0.data/data/share/embedding-optimizer-study/reports/three-regime-diagnostic/README.md'
2026-09-13T15:49:44.1282044Z adding 'embedding_optimizer_study-0.1.0.data/data/share/embedding-optimizer-study/reports/three-regime-diagnostic/high_dose_contrasts.csv'
2026-09-13T15:49:44.1284382Z adding 'embedding_optimizer_study-0.1.0.data/data/share/embedding-optimizer-study/reports/three-regime-diagnostic/run_metrics.csv'
2026-09-13T15:49:44.1286483Z adding 'embedding_optimizer_study-0.1.0.data/data/share/embedding-optimizer-study/reports/three-regime-diagnostic/summary.json'
2026-09-13T15:49:44.1288818Z adding 'embedding_optimizer_study-0.1.0.data/data/share/embedding-optimizer-study/reports/three-regime-diagnostic/summary_manifest.json'
2026-09-13T15:49:44.1291317Z adding 'embedding_optimizer_study-0.1.0.data/data/share/embedding-optimizer-study/reports/training-dynamics/optimizer_system_summary.csv'
2026-09-13T15:49:44.1293589Z adding 'embedding_optimizer_study-0.1.0.data/data/share/embedding-optimizer-study/reports/training-dynamics/plot_manifest.json'
2026-09-13T15:49:44.1297014Z adding 'embedding_optimizer_study-0.1.0.data/data/share/embedding-optimizer-study/reports/training-dynamics/run_summary.csv'
2026-09-13T15:49:44.1302821Z adding 'embedding_optimizer_study-0.1.0.data/data/share/embedding-optimizer-study/reports/training-dynamics/stage_dynamics.csv'
2026-09-13T15:49:44.1306728Z adding 'embedding_optimizer_study-0.1.0.data/data/share/embedding-optimizer-study/reports/training-dynamics/summary_manifest.json'
2026-09-13T15:49:44.1319041Z adding 'embedding_optimizer_study-0.1.0.data/data/share/embedding-optimizer-study/reports/training-dynamics/system_tradeoffs.svg'
2026-09-13T15:49:44.1342457Z adding 'embedding_optimizer_study-0.1.0.data/data/share/embedding-optimizer-study/reports/training-dynamics/training_loss_dynamics.svg'
2026-09-13T15:49:44.1349949Z adding 'embedding_optimizer_study-0.1.0.data/data/share/embedding-optimizer-study/reports/wandb/dense_source_provenance_audit.json'
2026-09-13T15:49:44.1353078Z adding 'embedding_optimizer_study-0.1.0.data/data/share/embedding-optimizer-study/reports/weight-space/README.md'
2026-09-13T15:49:44.1363622Z adding 'embedding_optimizer_study-0.1.0.data/data/share/embedding-optimizer-study/reports/weight-space/checkpoint_trajectory.csv'
2026-09-13T15:49:44.1394428Z adding 'embedding_optimizer_study-0.1.0.data/data/share/embedding-optimizer-study/reports/weight-space/optimizer_geometry_phase.svg'
2026-09-13T15:49:44.1399862Z adding 'embedding_optimizer_study-0.1.0.data/data/share/embedding-optimizer-study/reports/weight-space/optimizer_pair_contrast_trajectory.csv'
2026-09-13T15:49:44.1424969Z adding 'embedding_optimizer_study-0.1.0.data/data/share/embedding-optimizer-study/reports/weight-space/optimizer_pair_contrast_trajectory.svg'
2026-09-13T15:49:44.1428076Z adding 'embedding_optimizer_study-0.1.0.data/data/share/embedding-optimizer-study/reports/weight-space/optimizer_pair_contrasts.csv'
2026-09-13T15:49:44.1430388Z adding 'embedding_optimizer_study-0.1.0.data/data/share/embedding-optimizer-study/reports/weight-space/run_trajectory_summary.csv'
2026-09-13T15:49:44.1433082Z adding 'embedding_optimizer_study-0.1.0.data/data/share/embedding-optimizer-study/reports/weight-space/summary_manifest.json'
2026-09-13T15:49:44.1437484Z adding 'embedding_optimizer_study-0.1.0.data/data/share/embedding-optimizer-study/scripts/restore_factorial_probes.py'
2026-09-13T15:49:44.1440538Z adding 'embedding_optimizer_study-0.1.0.data/data/share/embedding-optimizer-study/scripts/restore_functional_analysis.py'
2026-09-13T15:49:44.1445382Z adding 'embedding_optimizer_study-0.1.0.data/data/share/embedding-optimizer-study/scripts/restore_primary_v3.py'
2026-09-13T15:49:44.1448235Z adding 'embedding_optimizer_study-0.1.0.data/data/share/embedding-optimizer-study/scripts/eval/dense_no_packing_parallel.py'
2026-09-13T15:49:44.1452694Z adding 'embedding_optimizer_study-0.1.0.data/data/share/embedding-optimizer-study/scripts/eval/dense_parallel.py'
2026-09-13T15:49:44.1462346Z adding 'embedding_optimizer_study-0.1.0.data/data/share/embedding-optimizer-study/scripts/eval/dense_sequential.py'
2026-09-13T15:49:44.1468457Z adding 'embedding_optimizer_study-0.1.0.dist-info/licenses/LICENSE'
2026-09-13T15:49:44.1475159Z adding 'embedding_optimizer_study-0.1.0.dist-info/METADATA'
2026-09-13T15:49:44.1476907Z adding 'embedding_optimizer_study-0.1.0.dist-info/WHEEL'
2026-09-13T15:49:44.1479189Z adding 'embedding_optimizer_study-0.1.0.dist-info/entry_points.txt'
2026-09-13T15:49:44.1480289Z adding 'embedding_optimizer_study-0.1.0.dist-info/top_level.txt'
2026-09-13T15:49:44.1501342Z adding 'embedding_optimizer_study-0.1.0.dist-info/RECORD'
2026-09-13T15:49:44.1511074Z removing build/bdist.linux-x86_64/wheel
2026-09-13T15:49:44.2128207Z Successfully built dist/embedding_optimizer_study-0.1.0.tar.gz
2026-09-13T15:49:44.2129627Z Successfully built dist/embedding_optimizer_study-0.1.0-py3-none-any.whl
2026-09-13T15:49:44.2186291Z ##[group]Run uv run --no-sync embed-optim-audit-distribution
2026-09-13T15:49:44.2186757Z [36;1muv run --no-sync embed-optim-audit-distribution[0m
2026-09-13T15:49:44.2228429Z shell: /usr/bin/bash -e {0}
2026-09-13T15:49:44.2228703Z env:
2026-09-13T15:49:44.2229017Z   UV_PYTHON_INSTALL_DIR: /home/runner/work/_temp/uv-python-dir
2026-09-13T15:49:44.2229385Z   UV_PYTHON: 3.12
2026-09-13T15:49:44.2229661Z   UV_CACHE_DIR: /home/runner/work/_temp/setup-uv-cache
2026-09-13T15:49:44.2229988Z ##[endgroup]
2026-09-13T15:49:45.3828955Z {
2026-09-13T15:49:45.3829359Z   "complete": true,
2026-09-13T15:49:45.3829760Z   "declared_console_scripts": 105,
2026-09-13T15:49:45.3830138Z   "declared_data_files": 220,
2026-09-13T15:49:45.3830395Z   "package_modules": 211,
2026-09-13T15:49:45.3830627Z   "problems": [],
2026-09-13T15:49:45.3830870Z   "project": "embedding-optimizer-study",
2026-09-13T15:49:45.3831207Z   "repository_only_provenance_config_references": [
2026-09-13T15:49:45.3831719Z     "configs/dense_no_packing_state_operator_handoff_repairs_amendment.json",
2026-09-13T15:49:45.3832532Z     "configs/dense_no_packing_state_operator_main_recovery_amendment.json",
2026-09-13T15:49:45.3833041Z     "configs/dense_no_packing_state_operator_parent_publication_amendment.json",
2026-09-13T15:49:45.3833475Z     "configs/generated/confirmatory/manifest.json",
2026-09-13T15:49:45.3833813Z     "configs/generated/short-branch/manifest.json"
2026-09-13T15:49:45.3834100Z   ],
2026-09-13T15:49:45.3834310Z   "runtime_config_references": 64,
2026-09-13T15:49:45.3834573Z   "schema_version": 1,
2026-09-13T15:49:45.3835139Z   "sdist": {
2026-09-13T15:49:45.3835339Z     "bytes": 3432532,
2026-09-13T15:49:45.3835870Z     "path": "/home/runner/work/embedding-optimizer-study/embedding-optimizer-study/dist/embedding_optimizer_study-0.1.0.tar.gz",
2026-09-13T15:49:45.3836561Z     "sha256": "bc3ae3aa820a7ab78e36a0c80d15fa98320e380785d03714eb882b5daf3a2f40"
2026-09-13T15:49:45.3836940Z   },
2026-09-13T15:49:45.3837167Z   "transitive_executable_config_references": 50,
2026-09-13T15:49:45.3837452Z   "version": "0.1.0",
2026-09-13T15:49:45.3837655Z   "wheel": {
2026-09-13T15:49:45.3837854Z     "bytes": 3343968,
2026-09-13T15:49:45.3838394Z     "path": "/home/runner/work/embedding-optimizer-study/embedding-optimizer-study/dist/embedding_optimizer_study-0.1.0-py3-none-any.whl",
2026-09-13T15:49:45.3839085Z     "sha256": "cd13f34f116f1b652e6881280fb21c87b5b3d6b95080127625539f96ff8f7da5"
2026-09-13T15:49:45.3839442Z   }
2026-09-13T15:49:45.3839616Z }
2026-09-13T15:49:45.3987371Z ##[group]Run uv run --no-sync python scripts/portable_evidence.py --audit-only
2026-09-13T15:49:45.3988068Z [36;1muv run --no-sync python scripts/portable_evidence.py --audit-only[0m
2026-09-13T15:49:45.4029812Z shell: /usr/bin/bash -e {0}
2026-09-13T15:49:45.4030083Z env:
2026-09-13T15:49:45.4030374Z   UV_PYTHON_INSTALL_DIR: /home/runner/work/_temp/uv-python-dir
2026-09-13T15:49:45.4030729Z   UV_PYTHON: 3.12
2026-09-13T15:49:45.4030985Z   UV_CACHE_DIR: /home/runner/work/_temp/setup-uv-cache
2026-09-13T15:49:45.4031287Z ##[endgroup]
2026-09-13T15:49:46.8107440Z {
2026-09-13T15:49:46.8107810Z   "bytes": 107442256,
2026-09-13T15:49:46.8108154Z   "complete": true,
2026-09-13T15:49:46.8108442Z   "files": 2785,
2026-09-13T15:49:46.8108814Z   "manifest": "configs/portable_paper_evidence.json"
2026-09-13T15:49:46.8109252Z }
2026-09-13T15:49:46.8216239Z ##[group]Run uv run --no-sync python scripts/test_source_roles.py --output "$RUNNER_TEMP/source-role-tests"
2026-09-13T15:49:46.8216982Z [36;1muv run --no-sync python scripts/test_source_roles.py --output "$RUNNER_TEMP/source-role-tests"[0m
2026-09-13T15:49:46.8258323Z shell: /usr/bin/bash -e {0}
2026-09-13T15:49:46.8258577Z env:
2026-09-13T15:49:46.8258857Z   UV_PYTHON_INSTALL_DIR: /home/runner/work/_temp/uv-python-dir
2026-09-13T15:49:46.8259195Z   UV_PYTHON: 3.12
2026-09-13T15:49:46.8259448Z   UV_CACHE_DIR: /home/runner/work/_temp/setup-uv-cache
2026-09-13T15:49:46.8259747Z ##[endgroup]
2026-09-13T15:50:33.0426130Z {"role": "original-factorial", "cwd": "/home/runner/work/_temp/source-role-tests/original-factorial", "exit_code": 0, "cases": 194, "failure": 0, "error": 0, "skipped": 0, "complete": true}
2026-09-13T15:56:30.7414531Z {"role": "current", "cwd": "/home/runner/work/embedding-optimizer-study/embedding-optimizer-study", "exit_code": 0, "cases": 2873, "failure": 0, "error": 0, "skipped": 0, "complete": true}
2026-09-13T16:06:20.0294877Z {"role": "original-analysis", "cwd": "/home/runner/work/_temp/source-role-tests/original-analysis", "exit_code": 0, "cases": 733, "failure": 0, "error": 0, "skipped": 0, "complete": true}
2026-09-13T16:06:20.0387356Z {"complete": true, "cases": 3800, "test_modules": 211, "roles": [{"role": "current", "cwd": "/home/runner/work/embedding-optimizer-study/embedding-optimizer-study", "exit_code": 0, "cases": 2873, "failure": 0, "error": 0, "skipped": 0, "complete": true}, {"role": "original-analysis", "cwd": "/home/runner/work/_temp/source-role-tests/original-analysis", "exit_code": 0, "cases": 733, "failure": 0, "error": 0, "skipped": 0, "complete": true}, {"role": "original-factorial", "cwd": "/home/runner/work/_temp/source-role-tests/original-factorial", "exit_code": 0, "cases": 194, "failure": 0, "error": 0, "skipped": 0, "complete": true}], "role_file_sha256": "16fef314c00a848ce5e6e1592f8955ecb7a83f5c4d70c32a67c7d82d4fc7caf3", "fresh_training_worker_admission": false, "remote_publication": false}
2026-09-13T16:06:20.1804087Z ##[group]Run make -C paper release PYTHON="$GITHUB_WORKSPACE/.venv/bin/python" NUMERICAL_BUNDLE="$GITHUB_WORKSPACE/reports/engineering-archive/dense-v3-complete-replay-entry-v1/closed" RELEASE_OUTPUT="$RUNNER_TEMP/complete-paper"
2026-09-13T16:06:20.1806083Z [36;1mmake -C paper release PYTHON="$GITHUB_WORKSPACE/.venv/bin/python" NUMERICAL_BUNDLE="$GITHUB_WORKSPACE/reports/engineering-archive/dense-v3-complete-replay-entry-v1/closed" RELEASE_OUTPUT="$RUNNER_TEMP/complete-paper"[0m
2026-09-13T16:06:20.2443021Z shell: /usr/bin/bash -e {0}
2026-09-13T16:06:20.2443305Z env:
2026-09-13T16:06:20.2443606Z   UV_PYTHON_INSTALL_DIR: /home/runner/work/_temp/uv-python-dir
2026-09-13T16:06:20.2445961Z   UV_PYTHON: 3.12
2026-09-13T16:06:20.2453043Z   UV_CACHE_DIR: /home/runner/work/_temp/setup-uv-cache
2026-09-13T16:06:20.2459034Z ##[endgroup]
2026-09-13T16:06:20.2806214Z make: Entering directory '/home/runner/work/embedding-optimizer-study/embedding-optimizer-study/paper'
2026-09-13T16:06:20.2807812Z mkdir -p "/home/runner/work/_temp/"
2026-09-13T16:06:20.2809148Z CUDA_VISIBLE_DEVICES='' /home/runner/work/embedding-optimizer-study/embedding-optimizer-study/.venv/bin/python -m embed_optim.paper_reproduction \
2026-09-13T16:06:20.2811735Z 	--numerical-bundle "/home/runner/work/embedding-optimizer-study/embedding-optimizer-study/reports/engineering-archive/dense-v3-complete-replay-entry-v1/closed" \
2026-09-13T16:06:20.2815322Z 	--paper-dir "/home/runner/work/embedding-optimizer-study/embedding-optimizer-study/paper/current" --output "/home/runner/work/_temp/complete-paper"
2026-09-13T16:06:42.7686693Z Traceback (most recent call last):
2026-09-13T16:06:42.7736637Z   File "<frozen runpy>", line 198, in _run_module_as_main
2026-09-13T16:06:42.7737329Z   File "<frozen runpy>", line 88, in _run_code
2026-09-13T16:06:42.7738439Z   File "/home/runner/work/embedding-optimizer-study/embedding-optimizer-study/src/embed_optim/paper_reproduction.py", line 356, in <module>
2026-09-13T16:06:42.7739506Z     main()
2026-09-13T16:06:42.7740413Z   File "/home/runner/work/embedding-optimizer-study/embedding-optimizer-study/src/embed_optim/paper_reproduction.py", line 342, in main
2026-09-13T16:06:42.7741588Z     result = reproduce(args.numerical_bundle, args.paper_dir, args.output)
2026-09-13T16:06:42.7742479Z              ^^^^^^^^^^^^^^^^^^^^^^^^^^^^^^^^^^^^^^^^^^^^^^^^^^^^^^^^^^^^^
2026-09-13T16:06:42.7743565Z   File "/home/runner/work/embedding-optimizer-study/embedding-optimizer-study/src/embed_optim/paper_reproduction.py", line 290, in reproduce
2026-09-13T16:06:42.7744812Z     numerical_exit = execute_numerical(bundle, root / "numerical", root / "numerical.log")
2026-09-13T16:06:42.7745558Z                      ^^^^^^^^^^^^^^^^^^^^^^^^^^^^^^^^^^^^^^^^^^^^^^^^^^^^^^^^^^^^^^^^^^^^^
2026-09-13T16:06:42.7746702Z   File "/home/runner/work/embedding-optimizer-study/embedding-optimizer-study/src/embed_optim/paper_reproduction.py", line 222, in execute_numerical
2026-09-13T16:06:42.7747954Z     need(code == 0, "Original numerical replay failed; outputs retained, no retry")
2026-09-13T16:06:42.7749148Z   File "/home/runner/work/embedding-optimizer-study/embedding-optimizer-study/src/embed_optim/paper_reproduction.py", line 60, in need
2026-09-13T16:06:42.7750152Z     raise ValueError(message)
2026-09-13T16:06:42.7750710Z ValueError: Original numerical replay failed; outputs retained, no retry
2026-09-13T16:06:43.9037636Z make: *** [Makefile:25: release] Error 1
2026-09-13T16:06:43.9038341Z make: Leaving directory '/home/runner/work/embedding-optimizer-study/embedding-optimizer-study/paper'
2026-09-13T16:06:43.9094462Z ##[error]Process completed with exit code 2.
2026-09-13T16:06:43.9384077Z Node 20 is being deprecated. This workflow is running with Node 24 by default. If you need to temporarily use Node 20, you can set the ACTIONS_ALLOW_USE_UNSECURE_NODE_VERSION=true environment variable. For more information see: https://github.blog/changelog/2025-09-19-deprecation-of-node-20-on-github-actions-runners/
2026-09-13T16:06:43.9385359Z ##[group]Run actions/upload-artifact@v4
2026-09-13T16:06:43.9385638Z with:
2026-09-13T16:06:43.9385851Z   name: verification-receipts
2026-09-13T16:06:43.9387086Z   path: /home/runner/work/_temp/source-role-tests/*.json
/home/runner/work/_temp/source-role-tests/*.xml
/home/runner/work/_temp/source-role-tests/*.log
/home/runner/work/_temp/complete-paper/complete.json
/home/runner/work/_temp/complete-paper/reviewed/paper/build/main.pdf

2026-09-13T16:06:43.9388090Z   if-no-files-found: warn
2026-09-13T16:06:43.9388335Z   compression-level: 6
2026-09-13T16:06:43.9388560Z   overwrite: false
2026-09-13T16:06:43.9388823Z   include-hidden-files: false
2026-09-13T16:06:43.9389065Z env:
2026-09-13T16:06:43.9389330Z   UV_PYTHON_INSTALL_DIR: /home/runner/work/_temp/uv-python-dir
2026-09-13T16:06:43.9389662Z   UV_PYTHON: 3.12
2026-09-13T16:06:43.9389919Z   UV_CACHE_DIR: /home/runner/work/_temp/setup-uv-cache
2026-09-13T16:06:43.9390217Z ##[endgroup]
2026-09-13T16:06:44.2304992Z (node:6123) [DEP0040] DeprecationWarning: The `punycode` module is deprecated. Please use a userland alternative instead.
2026-09-13T16:06:44.2306173Z (Use `node --trace-deprecation ...` to show where the warning was created)
2026-09-13T16:06:44.2406572Z Multiple search paths detected. Calculating the least common ancestor of all paths
2026-09-13T16:06:44.2409573Z The least common ancestor is /home/runner/work/_temp. This will be the root directory of the artifact
2026-09-13T16:06:44.2410492Z With the provided path, there will be 11 files uploaded
2026-09-13T16:06:44.2413946Z Artifact name is valid!
2026-09-13T16:06:44.2414967Z Root directory input is valid!
2026-09-13T16:06:44.4626563Z Beginning upload of artifact content to blob storage
2026-09-13T16:06:44.5711390Z (node:6123) [DEP0169] DeprecationWarning: `url.parse()` behavior is not standardized and prone to errors that have security implications. Use the WHATWG URL API instead. CVEs are not issued for `url.parse()` vulnerabilities.
2026-09-13T16:06:44.7587920Z Uploaded bytes 773631
2026-09-13T16:06:44.7893207Z Finished uploading artifact content to blob storage!
2026-09-13T16:06:44.7894025Z SHA256 digest of uploaded artifact zip is c5a1f61d641c4c60ebbd6c6683267ca5654b4c6ef95f4598aa2ad924c4a4c13f
2026-09-13T16:06:44.7895985Z Finalizing artifact upload
2026-09-13T16:06:44.9757802Z Artifact verification-receipts.zip successfully finalized. Artifact ID 10321113075
2026-09-13T16:06:44.9759248Z Artifact verification-receipts has been successfully uploaded! Final size is 773631 bytes. Artifact ID is 10321113075
2026-09-13T16:06:44.9766508Z Artifact download URL: https://github.com/qcznlp/embedding-optimizer-study/actions/runs/34766616352/artifacts/10321113075
2026-09-13T16:06:45.0030822Z Post job cleanup.
2026-09-13T16:06:45.0930666Z [command]/usr/bin/git version
2026-09-13T16:06:45.0989582Z git version 2.55.0
2026-09-13T16:06:45.1032355Z Temporarily overriding HOME='/home/runner/work/_temp/eb3c804b-346f-403e-b341-8b38866621b6' before making global git config changes
2026-09-13T16:06:45.1033761Z Adding repository directory to the temporary git global config as a safe directory
2026-09-13T16:06:45.1037152Z [command]/usr/bin/git config --global --add safe.directory /home/runner/work/embedding-optimizer-study/embedding-optimizer-study
2026-09-13T16:06:45.1086181Z Removing SSH command configuration
2026-09-13T16:06:45.1092799Z [command]/usr/bin/git config --local --name-only --get-regexp core\.sshCommand
2026-09-13T16:06:45.1131718Z [command]/usr/bin/git submodule foreach --recursive sh -c "git config --local --name-only --get-regexp 'core\.sshCommand' && git config --local --unset-all 'core.sshCommand' || :"
2026-09-13T16:06:45.1582945Z Removing HTTP extra header
2026-09-13T16:06:45.1590016Z [command]/usr/bin/git config --local --name-only --get-regexp http\.https\:\/\/github\.com\/\.extraheader
2026-09-13T16:06:45.1635157Z [command]/usr/bin/git submodule foreach --recursive sh -c "git config --local --name-only --get-regexp 'http\.https\:\/\/github\.com\/\.extraheader' && git config --local --unset-all 'http.https://github.com/.extraheader' || :"
2026-09-13T16:06:45.1959479Z Removing includeIf entries pointing to credentials config files
2026-09-13T16:06:45.1963077Z [command]/usr/bin/git config --local --name-only --get-regexp ^includeIf\.gitdir:
2026-09-13T16:06:45.1977547Z includeif.gitdir:/home/runner/work/embedding-optimizer-study/embedding-optimizer-study/.git.path
2026-09-13T16:06:45.1981141Z includeif.gitdir:/home/runner/work/embedding-optimizer-study/embedding-optimizer-study/.git/worktrees/*.path
2026-09-13T16:06:45.1987497Z includeif.gitdir:/github/workspace/.git.path
2026-09-13T16:06:45.1990168Z includeif.gitdir:/github/workspace/.git/worktrees/*.path
2026-09-13T16:06:45.2002288Z [command]/usr/bin/git config --local --get-all includeif.gitdir:/home/runner/work/embedding-optimizer-study/embedding-optimizer-study/.git.path
2026-09-13T16:06:45.2021320Z /home/runner/work/_temp/git-credentials-43895531-e45f-4af6-91cc-636f9b1ff1c5.config
2026-09-13T16:06:45.2027670Z [command]/usr/bin/git config --local --unset includeif.gitdir:/home/runner/work/embedding-optimizer-study/embedding-optimizer-study/.git.path \/home\/runner\/work\/_temp\/git\-credentials\-43895531\-e45f\-4af6\-91cc\-636f9b1ff1c5\.config
2026-09-13T16:06:45.2076591Z [command]/usr/bin/git config --local --get-all includeif.gitdir:/home/runner/work/embedding-optimizer-study/embedding-optimizer-study/.git/worktrees/*.path
2026-09-13T16:06:45.2108370Z /home/runner/work/_temp/git-credentials-43895531-e45f-4af6-91cc-636f9b1ff1c5.config
2026-09-13T16:06:45.2126007Z [command]/usr/bin/git config --local --unset includeif.gitdir:/home/runner/work/embedding-optimizer-study/embedding-optimizer-study/.git/worktrees/*.path \/home\/runner\/work\/_temp\/git\-credentials\-43895531\-e45f\-4af6\-91cc\-636f9b1ff1c5\.config
2026-09-13T16:06:45.2168657Z [command]/usr/bin/git config --local --get-all includeif.gitdir:/github/workspace/.git.path
2026-09-13T16:06:45.2198913Z /github/runner_temp/git-credentials-43895531-e45f-4af6-91cc-636f9b1ff1c5.config
2026-09-13T16:06:45.2205421Z [command]/usr/bin/git config --local --unset includeif.gitdir:/github/workspace/.git.path \/github\/runner_temp\/git\-credentials\-43895531\-e45f\-4af6\-91cc\-636f9b1ff1c5\.config
2026-09-13T16:06:45.2256531Z [command]/usr/bin/git config --local --get-all includeif.gitdir:/github/workspace/.git/worktrees/*.path
2026-09-13T16:06:45.2284396Z /github/runner_temp/git-credentials-43895531-e45f-4af6-91cc-636f9b1ff1c5.config
2026-09-13T16:06:45.2292879Z [command]/usr/bin/git config --local --unset includeif.gitdir:/github/workspace/.git/worktrees/*.path \/github\/runner_temp\/git\-credentials\-43895531\-e45f\-4af6\-91cc\-636f9b1ff1c5\.config
2026-09-13T16:06:45.2341639Z [command]/usr/bin/git submodule foreach --recursive git config --local --show-origin --name-only --get-regexp remote.origin.url
2026-09-13T16:06:45.2615520Z Removing credentials config '/home/runner/work/_temp/git-credentials-43895531-e45f-4af6-91cc-636f9b1ff1c5.config'
2026-09-13T16:06:45.2859792Z Cleaning up orphan processes
2026-09-13T16:06:45.3292480Z ##[warning]Node.js 20 is deprecated. The following actions target Node.js 20 but are being forced to run on Node.js 24: actions/upload-artifact@v4. For more information see: https://github.blog/changelog/2025-09-19-deprecation-of-node-20-on-github-actions-runners/
