model_family,optimizer,learning_rate_config,run_id,epoch,grad_norm,learning_rate,loss,step
dense,muon,0.0001,muon-lr1e-4,0.000256,2.1911461353302,0.0,1.2221720218658447,1
dense,muon,0.0001,muon-lr1e-4,0.00256,2.2157704830169678,2.3017902813299235e-06,1.2184026506212022,10
dense,muon,0.0001,muon-lr1e-4,0.00512,2.8980748653411865,4.859335038363171e-06,1.2231782913208007,20
dense,muon,0.0001,muon-lr1e-4,0.00768,2.560246706008911,7.41687979539642e-06,1.1876365661621093,30
dense,muon,0.0001,muon-lr1e-4,0.01024,2.3898234367370605,9.974424552429668e-06,1.2486574172973632,40
dense,muon,0.0001,muon-lr1e-4,0.0128,2.244354486465454,1.2531969309462916e-05,1.1865427017211914,50
dense,muon,0.0001,muon-lr1e-4,0.01536,1.9222525358200073,1.5089514066496162e-05,1.1718212127685548,60
dense,muon,0.0001,muon-lr1e-4,0.01792,2.25600004196167,1.7647058823529414e-05,1.1837189674377442,70
dense,muon,0.0001,muon-lr1e-4,0.02048,2.206982135772705,2.020460358056266e-05,1.167281436920166,80
dense,muon,0.0001,muon-lr1e-4,0.02304,2.0066094398498535,2.276214833759591e-05,1.1326993942260741,90
dense,muon,0.0001,muon-lr1e-4,0.0256,6.517317295074463,2.531969309462916e-05,1.1067447662353516,100
dense,muon,0.0001,muon-lr1e-4,0.02816,1.9530410766601562,2.787723785166241e-05,1.142299747467041,110
dense,muon,0.0001,muon-lr1e-4,0.03072,2.008465528488159,3.0434782608695656e-05,1.139318084716797,120
dense,muon,0.0001,muon-lr1e-4,0.03328,2.1613516807556152,3.2992327365728904e-05,1.1506386756896974,130
dense,muon,0.0001,muon-lr1e-4,0.03584,1.741241455078125,3.554987212276215e-05,0.9961187362670898,140
dense,muon,0.0001,muon-lr1e-4,0.0384,1.7677544355392456,3.81074168797954e-05,1.044978141784668,150
dense,muon,0.0001,muon-lr1e-4,0.04096,1.8262436389923096,4.066496163682865e-05,0.931525993347168,160
dense,muon,0.0001,muon-lr1e-4,0.04352,2.2800793647766113,4.3222506393861896e-05,1.0195015907287597,170
dense,muon,0.0001,muon-lr1e-4,0.04608,1.8466521501541138,4.5780051150895143e-05,0.9926474571228028,180
dense,muon,0.0001,muon-lr1e-4,0.04864,1.6080948114395142,4.833759590792839e-05,0.8752216339111328,190
dense,muon,0.0001,muon-lr1e-4,0.0512,1.6033484935760498,5.089514066496164e-05,0.9152973175048829,200
dense,muon,0.0001,muon-lr1e-4,0.05376,1.952710509300232,5.345268542199489e-05,0.9046806335449219,210
dense,muon,0.0001,muon-lr1e-4,0.05632,1.6962443590164185,5.6010230179028135e-05,0.8927608489990234,220
dense,muon,0.0001,muon-lr1e-4,0.05888,1.6352919340133667,5.856777493606138e-05,0.9280336380004883,230
dense,muon,0.0001,muon-lr1e-4,0.06144,1.5797204971313477,6.112531969309462e-05,0.8652080535888672,240
dense,muon,0.0001,muon-lr1e-4,0.064,1.2994447946548462,6.368286445012787e-05,0.8350166320800781,250
dense,muon,0.0001,muon-lr1e-4,0.06656,4.268167495727539,6.624040920716112e-05,0.8032049179077149,260
dense,muon,0.0001,muon-lr1e-4,0.06912,1.4779706001281738,6.879795396419437e-05,0.8126317977905273,270
dense,muon,0.0001,muon-lr1e-4,0.07168,1.940244436264038,7.135549872122762e-05,0.7899111747741699,280
dense,muon,0.0001,muon-lr1e-4,0.07424,1.580669641494751,7.391304347826086e-05,0.7866087436676026,290
dense,muon,0.0001,muon-lr1e-4,0.0768,1.1849467754364014,7.647058823529411e-05,0.7327271461486816,300
dense,muon,0.0001,muon-lr1e-4,0.07936,1.309765100479126,7.902813299232737e-05,0.7218348503112793,310
dense,muon,0.0001,muon-lr1e-4,0.08192,1.3384003639221191,8.158567774936062e-05,0.6943204879760743,320
dense,muon,0.0001,muon-lr1e-4,0.08448,1.378039836883545,8.414322250639387e-05,0.761026668548584,330
dense,muon,0.0001,muon-lr1e-4,0.08704,1.281604290008545,8.670076726342712e-05,0.677509069442749,340
dense,muon,0.0001,muon-lr1e-4,0.0896,2.069101095199585,8.925831202046036e-05,0.6910182476043701,350
dense,muon,0.0001,muon-lr1e-4,0.09216,1.2353336811065674,9.181585677749361e-05,0.6254425048828125,360
dense,muon,0.0001,muon-lr1e-4,0.09472,1.2792998552322388,9.437340153452686e-05,0.6383598327636719,370
dense,muon,0.0001,muon-lr1e-4,0.09728,1.152058482170105,9.693094629156011e-05,0.6672019004821778,380
dense,muon,0.0001,muon-lr1e-4,0.09984,1.1431843042373657,9.948849104859336e-05,0.66892409324646,390
dense,muon,0.0001,muon-lr1e-4,0.1024,0.9842580556869507,9.977246871444824e-05,0.6051992893218994,400
dense,muon,0.0001,muon-lr1e-4,0.10496,1.0092780590057373,9.948805460750854e-05,0.6280086040496826,410
dense,muon,0.0001,muon-lr1e-4,0.10752,1.1108973026275635,9.920364050056883e-05,0.5510525703430176,420
dense,muon,0.0001,muon-lr1e-4,0.11008,1.0592471361160278,9.891922639362912e-05,0.5646439075469971,430
dense,muon,0.0001,muon-lr1e-4,0.11264,0.8693529963493347,9.863481228668943e-05,0.599080228805542,440
dense,muon,0.0001,muon-lr1e-4,0.1152,1.1359950304031372,9.835039817974973e-05,0.5279933929443359,450
dense,muon,0.0001,muon-lr1e-4,0.11776,1.0804792642593384,9.806598407281002e-05,0.5736095428466796,460
dense,muon,0.0001,muon-lr1e-4,0.12032,1.0468155145645142,9.778156996587031e-05,0.5603899002075196,470
dense,muon,0.0001,muon-lr1e-4,0.12288,1.0434391498565674,9.749715585893061e-05,0.5286640167236328,480
dense,muon,0.0001,muon-lr1e-4,0.12544,0.7561967968940735,9.72127417519909e-05,0.5152705192565918,490
dense,muon,0.0001,muon-lr1e-4,0.128,0.8339899778366089,9.69283276450512e-05,0.5135820865631103,500
dense,muon,0.0001,muon-lr1e-4,0.13056,0.9668968915939331,9.66439135381115e-05,0.5630168437957763,510
dense,muon,0.0001,muon-lr1e-4,0.13312,1.0778151750564575,9.63594994311718e-05,0.5246753692626953,520
dense,muon,0.0001,muon-lr1e-4,0.13568,1.0100010633468628,9.607508532423209e-05,0.5148324012756348,530
dense,muon,0.0001,muon-lr1e-4,0.13824,0.9792168140411377,9.579067121729239e-05,0.5108864784240723,540
dense,muon,0.0001,muon-lr1e-4,0.1408,0.9838365316390991,9.550625711035268e-05,0.46227688789367677,550
dense,muon,0.0001,muon-lr1e-4,0.14336,1.0858982801437378,9.522184300341297e-05,0.5789363861083985,560
dense,muon,0.0001,muon-lr1e-4,0.14592,0.8959887623786926,9.493742889647327e-05,0.45821571350097656,570
dense,muon,0.0001,muon-lr1e-4,0.14848,0.8906983733177185,9.465301478953356e-05,0.4675549030303955,580
dense,muon,0.0001,muon-lr1e-4,0.15104,1.0125550031661987,9.436860068259386e-05,0.429596996307373,590
dense,muon,0.0001,muon-lr1e-4,0.1536,1.0031561851501465,9.408418657565415e-05,0.4673018455505371,600
dense,muon,0.0001,muon-lr1e-4,0.15616,0.9205698370933533,9.379977246871446e-05,0.45842866897583007,610
dense,muon,0.0001,muon-lr1e-4,0.15872,0.8267460465431213,9.351535836177475e-05,0.45754547119140626,620
dense,muon,0.0001,muon-lr1e-4,0.16128,0.9157034158706665,9.323094425483503e-05,0.44668893814086913,630
dense,muon,0.0001,muon-lr1e-4,0.16384,0.8449397683143616,9.294653014789534e-05,0.4560203552246094,640
dense,muon,0.0001,muon-lr1e-4,0.1664,0.7732633352279663,9.266211604095564e-05,0.4782246589660645,650
dense,muon,0.0001,muon-lr1e-4,0.16896,0.9565726518630981,9.237770193401593e-05,0.4296581745147705,660
dense,muon,0.0001,muon-lr1e-4,0.17152,1.0128153562545776,9.209328782707622e-05,0.4123536586761475,670
dense,muon,0.0001,muon-lr1e-4,0.17408,0.8860680460929871,9.180887372013652e-05,0.47252702713012695,680
dense,muon,0.0001,muon-lr1e-4,0.17664,0.911514163017273,9.152445961319683e-05,0.4516033172607422,690
dense,muon,0.0001,muon-lr1e-4,0.1792,0.7539624571800232,9.124004550625712e-05,0.4367077827453613,700
dense,muon,0.0001,muon-lr1e-4,0.18176,0.7617532014846802,9.09556313993174e-05,0.42253403663635253,710
dense,muon,0.0001,muon-lr1e-4,0.18432,0.8948724269866943,9.067121729237771e-05,0.4496457099914551,720
dense,muon,0.0001,muon-lr1e-4,0.18688,0.9131808280944824,9.038680318543801e-05,0.42241997718811036,730
dense,muon,0.0001,muon-lr1e-4,0.18944,0.8920551538467407,9.01023890784983e-05,0.4296536445617676,740
dense,muon,0.0001,muon-lr1e-4,0.192,0.8787165880203247,8.981797497155859e-05,0.424726676940918,750
dense,muon,0.0001,muon-lr1e-4,0.19456,0.9528173804283142,8.953356086461889e-05,0.4284646034240723,760
dense,muon,0.0001,muon-lr1e-4,0.19712,0.8303785920143127,8.924914675767918e-05,0.428178596496582,770
dense,muon,0.0001,muon-lr1e-4,0.19968,0.886783242225647,8.896473265073949e-05,0.44870553016662595,780
dense,muon,0.0001,muon-lr1e-4,0.20224,0.8538596630096436,8.868031854379977e-05,0.37966485023498536,790
dense,muon,0.0001,muon-lr1e-4,0.2048,0.7929911017417908,8.839590443686008e-05,0.3982716083526611,800
dense,muon,0.0001,muon-lr1e-4,0.20736,0.7664057016372681,8.811149032992037e-05,0.4090139389038086,810
dense,muon,0.0001,muon-lr1e-4,0.20992,0.6721338033676147,8.782707622298067e-05,0.4235079288482666,820
dense,muon,0.0001,muon-lr1e-4,0.21248,0.844799280166626,8.754266211604096e-05,0.4232614517211914,830
dense,muon,0.0001,muon-lr1e-4,0.21504,0.9075220227241516,8.725824800910125e-05,0.4150054931640625,840
dense,muon,0.0001,muon-lr1e-4,0.2176,0.9226663112640381,8.697383390216155e-05,0.42931652069091797,850
dense,muon,0.0001,muon-lr1e-4,0.22016,0.7232447266578674,8.668941979522186e-05,0.4005115985870361,860
dense,muon,0.0001,muon-lr1e-4,0.22272,0.807504415512085,8.640500568828214e-05,0.3698360681533813,870
dense,muon,0.0001,muon-lr1e-4,0.22528,0.7024773955345154,8.612059158134243e-05,0.39980080127716067,880
dense,muon,0.0001,muon-lr1e-4,0.22784,0.9318874478340149,8.583617747440274e-05,0.4098337650299072,890
dense,muon,0.0001,muon-lr1e-4,0.2304,1.051287055015564,8.555176336746304e-05,0.3824758052825928,900
dense,muon,0.0001,muon-lr1e-4,0.23296,1.1075570583343506,8.526734926052332e-05,0.3922088861465454,910
dense,muon,0.0001,muon-lr1e-4,0.23552,0.9543780088424683,8.498293515358362e-05,0.4361149787902832,920
dense,muon,0.0001,muon-lr1e-4,0.23808,0.8282263875007629,8.469852104664392e-05,0.40370655059814453,930
dense,muon,0.0001,muon-lr1e-4,0.24064,0.7632447481155396,8.441410693970421e-05,0.36397466659545896,940
dense,muon,0.0001,muon-lr1e-4,0.2432,0.9299464821815491,8.41296928327645e-05,0.4059868335723877,950
dense,muon,0.0001,muon-lr1e-4,0.24576,0.7625142931938171,8.38452787258248e-05,0.41936917304992677,960
dense,muon,0.0001,muon-lr1e-4,0.24832,1.1018010377883911,8.356086461888511e-05,0.3656461715698242,970
dense,muon,0.0001,muon-lr1e-4,0.25088,0.9165952801704407,8.32764505119454e-05,0.4140300273895264,980
dense,muon,0.0001,muon-lr1e-4,0.25344,0.714094340801239,8.299203640500569e-05,0.36572871208190916,990
dense,muon,0.0001,muon-lr1e-4,0.256,0.6861163377761841,8.270762229806599e-05,0.35668654441833497,1000
dense,muon,0.0001,muon-lr1e-4,0.25856,0.5489752888679504,8.242320819112629e-05,0.3532074451446533,1010
dense,muon,0.0001,muon-lr1e-4,0.26112,0.8895370960235596,8.213879408418658e-05,0.3929419040679932,1020
dense,muon,0.0001,muon-lr1e-4,0.26368,0.9594237804412842,8.185437997724687e-05,0.3795125722885132,1030
dense,muon,0.0001,muon-lr1e-4,0.26624,0.8681531548500061,8.156996587030717e-05,0.3464988946914673,1040
dense,muon,0.0001,muon-lr1e-4,0.2688,0.8523359298706055,8.128555176336746e-05,0.40908422470092776,1050
dense,muon,0.0001,muon-lr1e-4,0.27136,0.7220667600631714,8.100113765642777e-05,0.3776054859161377,1060
dense,muon,0.0001,muon-lr1e-4,0.27392,0.7672604918479919,8.071672354948806e-05,0.3627003192901611,1070
dense,muon,0.0001,muon-lr1e-4,0.27648,0.5263702869415283,8.043230944254836e-05,0.38337860107421873,1080
dense,muon,0.0001,muon-lr1e-4,0.27904,0.8128257989883423,8.014789533560865e-05,0.40413923263549806,1090
dense,muon,0.0001,muon-lr1e-4,0.2816,1.0359317064285278,7.986348122866895e-05,0.3957076072692871,1100
dense,muon,0.0001,muon-lr1e-4,0.28416,0.7758080959320068,7.957906712172924e-05,0.3668696165084839,1110
dense,muon,0.0001,muon-lr1e-4,0.28672,0.7343303561210632,7.929465301478953e-05,0.37656240463256835,1120
dense,muon,0.0001,muon-lr1e-4,0.28928,0.8934499621391296,7.901023890784983e-05,0.3723735809326172,1130
dense,muon,0.0001,muon-lr1e-4,0.29184,0.8117659091949463,7.872582480091014e-05,0.3626149415969849,1140
dense,muon,0.0001,muon-lr1e-4,0.2944,0.7781756520271301,7.844141069397043e-05,0.3855885982513428,1150
dense,muon,0.0001,muon-lr1e-4,0.29696,1.1092336177825928,7.815699658703072e-05,0.36653523445129393,1160
dense,muon,0.0001,muon-lr1e-4,0.29952,0.7741126418113708,7.787258248009102e-05,0.338570237159729,1170
dense,muon,0.0001,muon-lr1e-4,0.30208,0.7651923894882202,7.758816837315132e-05,0.3756795167922974,1180
dense,muon,0.0001,muon-lr1e-4,0.30464,0.6627111434936523,7.73037542662116e-05,0.3932809352874756,1190
dense,muon,0.0001,muon-lr1e-4,0.3072,0.9208645820617676,7.70193401592719e-05,0.39010894298553467,1200
dense,muon,0.0001,muon-lr1e-4,0.30976,0.7950611710548401,7.67349260523322e-05,0.34016780853271483,1210
dense,muon,0.0001,muon-lr1e-4,0.31232,0.6302534937858582,7.64505119453925e-05,0.3882965803146362,1220
dense,muon,0.0001,muon-lr1e-4,0.31488,0.8562319278717041,7.616609783845278e-05,0.3795428991317749,1230
dense,muon,0.0001,muon-lr1e-4,0.31744,0.7410929799079895,7.588168373151309e-05,0.3618210554122925,1240
dense,muon,0.0001,muon-lr1e-4,0.32,0.9103009700775146,7.559726962457339e-05,0.38073728084564207,1250
dense,muon,0.0001,muon-lr1e-4,0.32256,0.7508717179298401,7.531285551763368e-05,0.3776233434677124,1260
dense,muon,0.0001,muon-lr1e-4,0.32512,0.7917529940605164,7.502844141069397e-05,0.3842831373214722,1270
dense,muon,0.0001,muon-lr1e-4,0.32768,0.7331053018569946,7.474402730375427e-05,0.3651562213897705,1280
dense,muon,0.0001,muon-lr1e-4,0.33024,0.7315765023231506,7.445961319681457e-05,0.3251368045806885,1290
dense,muon,0.0001,muon-lr1e-4,0.3328,0.8271676301956177,7.417519908987486e-05,0.3879627466201782,1300
dense,muon,0.0001,muon-lr1e-4,0.33536,0.8785201907157898,7.389078498293515e-05,0.37677693367004395,1310
dense,muon,0.0001,muon-lr1e-4,0.33792,0.744511604309082,7.360637087599546e-05,0.35835459232330324,1320
dense,muon,0.0001,muon-lr1e-4,0.34048,0.7676958441734314,7.332195676905574e-05,0.3336103677749634,1330
dense,muon,0.0001,muon-lr1e-4,0.34304,0.7991065382957458,7.303754266211605e-05,0.3837716102600098,1340
dense,muon,0.0001,muon-lr1e-4,0.3456,0.6748682856559753,7.275312855517634e-05,0.3171375274658203,1350
dense,muon,0.0001,muon-lr1e-4,0.34816,0.8297255039215088,7.246871444823664e-05,0.3666142225265503,1360
dense,muon,0.0001,muon-lr1e-4,0.35072,0.6077876091003418,7.218430034129693e-05,0.3456966638565063,1370
dense,muon,0.0001,muon-lr1e-4,0.35328,0.8416954278945923,7.189988623435723e-05,0.3549067497253418,1380
dense,muon,0.0001,muon-lr1e-4,0.35584,0.7367230653762817,7.161547212741752e-05,0.32618591785430906,1390
dense,muon,0.0001,muon-lr1e-4,0.3584,0.903592050075531,7.133105802047781e-05,0.37253994941711427,1400
dense,muon,0.0001,muon-lr1e-4,0.36096,0.6928680539131165,7.104664391353811e-05,0.35671818256378174,1410
dense,muon,0.0001,muon-lr1e-4,0.36352,0.8261935710906982,7.076222980659842e-05,0.3127973794937134,1420
dense,muon,0.0001,muon-lr1e-4,0.36608,0.8359659910202026,7.047781569965871e-05,0.3492630958557129,1430
dense,muon,0.0001,muon-lr1e-4,0.36864,1.1658780574798584,7.0193401592719e-05,0.32523510456085203,1440
dense,muon,0.0001,muon-lr1e-4,0.3712,1.0423816442489624,6.99089874857793e-05,0.416835355758667,1450
dense,muon,0.0001,muon-lr1e-4,0.37376,0.8573309183120728,6.96245733788396e-05,0.37132878303527833,1460
dense,muon,0.0001,muon-lr1e-4,0.37632,0.7012993097305298,6.934015927189988e-05,0.3474511861801147,1470
dense,muon,0.0001,muon-lr1e-4,0.37888,0.9372106194496155,6.905574516496018e-05,0.3594576358795166,1480
dense,muon,0.0001,muon-lr1e-4,0.38144,0.8464279770851135,6.877133105802048e-05,0.35608274936676027,1490
dense,muon,0.0001,muon-lr1e-4,0.384,0.8550763726234436,6.848691695108079e-05,0.3317890644073486,1500
dense,muon,0.0001,muon-lr1e-4,0.38656,0.7499807476997375,6.820250284414106e-05,0.35841822624206543,1510
dense,muon,0.0001,muon-lr1e-4,0.38912,0.7474273443222046,6.791808873720137e-05,0.33468377590179443,1520
dense,muon,0.0001,muon-lr1e-4,0.39168,0.8349012136459351,6.763367463026167e-05,0.3533375978469849,1530
dense,muon,0.0001,muon-lr1e-4,0.39424,0.8838735222816467,6.734926052332196e-05,0.35143580436706545,1540
dense,muon,0.0001,muon-lr1e-4,0.3968,0.7413045167922974,6.706484641638225e-05,0.34714224338531496,1550
dense,muon,0.0001,muon-lr1e-4,0.39936,0.7728887796401978,6.678043230944255e-05,0.35636067390441895,1560
dense,muon,0.0001,muon-lr1e-4,0.40192,0.8144341111183167,6.649601820250285e-05,0.35295758247375486,1570
dense,muon,0.0001,muon-lr1e-4,0.40448,0.6581097841262817,6.621160409556314e-05,0.3121161460876465,1580
dense,muon,0.0001,muon-lr1e-4,0.40704,0.6149937510490417,6.592718998862343e-05,0.3118520021438599,1590
dense,muon,0.0001,muon-lr1e-4,0.4096,0.8503502011299133,6.564277588168374e-05,0.2996263027191162,1600
dense,muon,0.0001,muon-lr1e-4,0.41216,0.9683849215507507,6.535836177474403e-05,0.35543887615203856,1610
dense,muon,0.0001,muon-lr1e-4,0.41472,0.8338979482650757,6.507394766780433e-05,0.32950644493103026,1620
dense,muon,0.0001,muon-lr1e-4,0.41728,0.7966721057891846,6.478953356086462e-05,0.31862430572509765,1630
dense,muon,0.0001,muon-lr1e-4,0.41984,0.730099081993103,6.450511945392492e-05,0.3536657810211182,1640
dense,muon,0.0001,muon-lr1e-4,0.4224,0.7711799740791321,6.422070534698521e-05,0.29790098667144777,1650
dense,muon,0.0001,muon-lr1e-4,0.42496,0.8450541496276855,6.393629124004551e-05,0.35038783550262453,1660
dense,muon,0.0001,muon-lr1e-4,0.42752,0.7198793292045593,6.36518771331058e-05,0.3346555709838867,1670
dense,muon,0.0001,muon-lr1e-4,0.43008,2.971284866333008,6.336746302616609e-05,0.3480374813079834,1680
dense,muon,0.0001,muon-lr1e-4,0.43264,0.788488507270813,6.30830489192264e-05,0.3239229679107666,1690
dense,muon,0.0001,muon-lr1e-4,0.4352,0.7702599763870239,6.27986348122867e-05,0.37338547706604003,1700
dense,muon,0.0001,muon-lr1e-4,0.43776,0.7972643971443176,6.251422070534699e-05,0.3414964199066162,1710
dense,muon,0.0001,muon-lr1e-4,0.44032,0.6961278319358826,6.222980659840728e-05,0.31670169830322265,1720
dense,muon,0.0001,muon-lr1e-4,0.44288,0.6600761413574219,6.194539249146758e-05,0.3337726354598999,1730
dense,muon,0.0001,muon-lr1e-4,0.44544,0.7521423697471619,6.166097838452788e-05,0.344612717628479,1740
dense,muon,0.0001,muon-lr1e-4,0.448,0.8508632779121399,6.137656427758817e-05,0.35335564613342285,1750
dense,muon,0.0001,muon-lr1e-4,0.45056,0.8184923529624939,6.109215017064846e-05,0.34841160774230956,1760
dense,muon,0.0001,muon-lr1e-4,0.45312,0.7515448927879333,6.0807736063708766e-05,0.3227640390396118,1770
dense,muon,0.0001,muon-lr1e-4,0.45568,0.842749834060669,6.052332195676906e-05,0.33799033164978026,1780
dense,muon,0.0001,muon-lr1e-4,0.45824,0.6871858239173889,6.023890784982935e-05,0.3228299140930176,1790
dense,muon,0.0001,muon-lr1e-4,0.4608,0.766338586807251,5.995449374288965e-05,0.34232544898986816,1800
dense,muon,0.0001,muon-lr1e-4,0.46336,0.7864936590194702,5.967007963594995e-05,0.3365402460098267,1810
dense,muon,0.0001,muon-lr1e-4,0.46592,0.8416100740432739,5.938566552901024e-05,0.3260307312011719,1820
dense,muon,0.0001,muon-lr1e-4,0.46848,0.848675012588501,5.9101251422070536e-05,0.32637197971343995,1830
dense,muon,0.0001,muon-lr1e-4,0.47104,0.7835363745689392,5.881683731513083e-05,0.3271198272705078,1840
dense,muon,0.0001,muon-lr1e-4,0.4736,0.8639379739761353,5.8532423208191136e-05,0.32616963386535647,1850
dense,muon,0.0001,muon-lr1e-4,0.47616,0.7215238809585571,5.8248009101251425e-05,0.31809947490692136,1860
dense,muon,0.0001,muon-lr1e-4,0.47872,0.8412172198295593,5.796359499431172e-05,0.3701903820037842,1870
dense,muon,0.0001,muon-lr1e-4,0.48128,0.7003005743026733,5.767918088737202e-05,0.334787917137146,1880
dense,muon,0.0001,muon-lr1e-4,0.48384,0.7957524061203003,5.739476678043231e-05,0.37421588897705077,1890
dense,muon,0.0001,muon-lr1e-4,0.4864,0.44945862889289856,5.71103526734926e-05,0.32382817268371583,1900
dense,muon,0.0001,muon-lr1e-4,0.48896,0.5128706097602844,5.6825938566552906e-05,0.30937058925628663,1910
dense,muon,0.0001,muon-lr1e-4,0.49152,0.8144201040267944,5.65415244596132e-05,0.36690683364868165,1920
dense,muon,0.0001,muon-lr1e-4,0.49408,0.7815200090408325,5.625711035267349e-05,0.30790421962738035,1930
dense,muon,0.0001,muon-lr1e-4,0.49664,0.7827044129371643,5.597269624573379e-05,0.3007885217666626,1940
dense,muon,0.0001,muon-lr1e-4,0.4992,0.7262270450592041,5.568828213879409e-05,0.3435619831085205,1950
dense,muon,0.0001,muon-lr1e-4,0.50176,0.748857855796814,5.540386803185438e-05,0.3488525390625,1960
dense,muon,0.0001,muon-lr1e-4,0.50432,0.6137268543243408,5.511945392491468e-05,0.3111084461212158,1970
dense,muon,0.0001,muon-lr1e-4,0.50688,0.9375436902046204,5.483503981797497e-05,0.3298429727554321,1980
dense,muon,0.0001,muon-lr1e-4,0.50944,0.6118082404136658,5.4550625711035276e-05,0.3258025646209717,1990
dense,muon,0.0001,muon-lr1e-4,0.512,0.8552340269088745,5.4266211604095566e-05,0.33937549591064453,2000
dense,muon,0.0001,muon-lr1e-4,0.51456,0.6846373677253723,5.398179749715586e-05,0.34417359828948973,2010
dense,muon,0.0001,muon-lr1e-4,0.51712,0.7721729278564453,5.369738339021616e-05,0.3435502052307129,2020
dense,muon,0.0001,muon-lr1e-4,0.51968,0.562879741191864,5.341296928327645e-05,0.29458184242248536,2030
dense,muon,0.0001,muon-lr1e-4,0.52224,0.7306817770004272,5.312855517633675e-05,0.3028616666793823,2040
dense,muon,0.0001,muon-lr1e-4,0.5248,0.7756436467170715,5.284414106939705e-05,0.29758687019348146,2050
dense,muon,0.0001,muon-lr1e-4,0.52736,0.6677692532539368,5.255972696245734e-05,0.30111079216003417,2060
dense,muon,0.0001,muon-lr1e-4,0.52992,0.7605329751968384,5.227531285551763e-05,0.34890012741088866,2070
dense,muon,0.0001,muon-lr1e-4,0.53248,0.5348100662231445,5.199089874857793e-05,0.3372243642807007,2080
dense,muon,0.0001,muon-lr1e-4,0.53504,0.7463834881782532,5.170648464163823e-05,0.3179082155227661,2090
dense,muon,0.0001,muon-lr1e-4,0.5376,0.6394213438034058,5.142207053469852e-05,0.34513723850250244,2100
dense,muon,0.0001,muon-lr1e-4,0.54016,0.7770125269889832,5.113765642775882e-05,0.3338500738143921,2110
dense,muon,0.0001,muon-lr1e-4,0.54272,0.8224279284477234,5.0853242320819114e-05,0.32925705909729003,2120
dense,muon,0.0001,muon-lr1e-4,0.54528,0.8765100836753845,5.056882821387942e-05,0.3308640241622925,2130
dense,muon,0.0001,muon-lr1e-4,0.54784,0.7405070066452026,5.0284414106939706e-05,0.2923062562942505,2140
dense,muon,0.0001,muon-lr1e-4,0.5504,0.8186336159706116,5e-05,0.29741291999816893,2150
dense,muon,0.0001,muon-lr1e-4,0.55296,0.6093558073043823,4.97155858930603e-05,0.27166931629180907,2160
dense,muon,0.0001,muon-lr1e-4,0.55552,0.7960929274559021,4.9431171786120595e-05,0.29062819480895996,2170
dense,muon,0.0001,muon-lr1e-4,0.55808,0.8645129203796387,4.914675767918089e-05,0.3228963136672974,2180
dense,muon,0.0001,muon-lr1e-4,0.56064,0.6652287840843201,4.886234357224119e-05,0.31948485374450686,2190
dense,muon,0.0001,muon-lr1e-4,0.5632,0.6490992307662964,4.8577929465301484e-05,0.30726573467254636,2200
dense,muon,0.0001,muon-lr1e-4,0.56576,0.8932482004165649,4.829351535836178e-05,0.34799792766571047,2210
dense,muon,0.0001,muon-lr1e-4,0.56832,0.6035825610160828,4.8009101251422076e-05,0.2818382501602173,2220
dense,muon,0.0001,muon-lr1e-4,0.57088,0.7753971815109253,4.7724687144482366e-05,0.3482485055923462,2230
dense,muon,0.0001,muon-lr1e-4,0.57344,0.8536315560340881,4.744027303754267e-05,0.3638601779937744,2240
dense,muon,0.0001,muon-lr1e-4,0.576,0.774803102016449,4.715585893060296e-05,0.3455930709838867,2250
dense,muon,0.0001,muon-lr1e-4,0.57856,0.8102654814720154,4.6871444823663254e-05,0.3317607879638672,2260
dense,muon,0.0001,muon-lr1e-4,0.58112,0.7497658133506775,4.658703071672355e-05,0.2909381866455078,2270
dense,muon,0.0001,muon-lr1e-4,0.58368,0.6877737641334534,4.630261660978385e-05,0.33335304260253906,2280
dense,muon,0.0001,muon-lr1e-4,0.58624,0.8551082611083984,4.601820250284414e-05,0.3201676607131958,2290
dense,muon,0.0001,muon-lr1e-4,0.5888,0.8625252842903137,4.573378839590444e-05,0.30479371547698975,2300
dense,muon,0.0001,muon-lr1e-4,0.59136,0.7173357009887695,4.5449374288964735e-05,0.3165056943893433,2310
dense,muon,0.0001,muon-lr1e-4,0.59392,0.8585687279701233,4.516496018202503e-05,0.314129114151001,2320
dense,muon,0.0001,muon-lr1e-4,0.59648,0.558236300945282,4.488054607508533e-05,0.3118025302886963,2330
dense,muon,0.0001,muon-lr1e-4,0.59904,0.7208550572395325,4.4596131968145624e-05,0.30249433517456054,2340
dense,muon,0.0001,muon-lr1e-4,0.6016,0.6488124132156372,4.431171786120592e-05,0.3096585750579834,2350
dense,muon,0.0001,muon-lr1e-4,0.60416,0.808829665184021,4.402730375426622e-05,0.3207247257232666,2360
dense,muon,0.0001,muon-lr1e-4,0.60672,0.7464624047279358,4.3742889647326506e-05,0.3118021011352539,2370
dense,muon,0.0001,muon-lr1e-4,0.60928,0.6865185499191284,4.345847554038681e-05,0.314815616607666,2380
dense,muon,0.0001,muon-lr1e-4,0.61184,0.6701745390892029,4.31740614334471e-05,0.329251766204834,2390
dense,muon,0.0001,muon-lr1e-4,0.6144,0.6792620420455933,4.28896473265074e-05,0.2796468257904053,2400
dense,muon,0.0001,muon-lr1e-4,0.61696,0.7203719019889832,4.260523321956769e-05,0.31813209056854247,2410
dense,muon,0.0001,muon-lr1e-4,0.61952,0.7263551354408264,4.2320819112627994e-05,0.2859076738357544,2420
dense,muon,0.0001,muon-lr1e-4,0.62208,0.6553987860679626,4.2036405005688284e-05,0.32400176525115965,2430
dense,muon,0.0001,muon-lr1e-4,0.62464,0.7671027779579163,4.175199089874858e-05,0.3192707061767578,2440
dense,muon,0.0001,muon-lr1e-4,0.6272,0.7212800979614258,4.1467576791808876e-05,0.31996133327484133,2450
dense,muon,0.0001,muon-lr1e-4,0.62976,0.6358636617660522,4.118316268486917e-05,0.2971136808395386,2460
dense,muon,0.0001,muon-lr1e-4,0.63232,0.8267249464988708,4.089874857792947e-05,0.29551446437835693,2470
dense,muon,0.0001,muon-lr1e-4,0.63488,0.7031406164169312,4.0614334470989765e-05,0.29517967700958253,2480
dense,muon,0.0001,muon-lr1e-4,0.63744,0.7518234848976135,4.032992036405006e-05,0.2986321926116943,2490
dense,muon,0.0001,muon-lr1e-4,0.64,0.8340619802474976,4.004550625711036e-05,0.34239902496337893,2500
dense,muon,0.0001,muon-lr1e-4,0.64256,0.8419846296310425,3.976109215017065e-05,0.30480732917785647,2510
dense,muon,0.0001,muon-lr1e-4,0.64512,0.7058671116828918,3.947667804323095e-05,0.3054443597793579,2520
dense,muon,0.0001,muon-lr1e-4,0.64768,0.6425148844718933,3.919226393629124e-05,0.30765457153320314,2530
dense,muon,0.0001,muon-lr1e-4,0.65024,0.6789669990539551,3.890784982935154e-05,0.29172468185424805,2540
dense,muon,0.0001,muon-lr1e-4,0.6528,0.7021240592002869,3.862343572241183e-05,0.33626360893249513,2550
dense,muon,0.0001,muon-lr1e-4,0.65536,0.7591601014137268,3.8339021615472135e-05,0.3247673511505127,2560
dense,muon,0.0001,muon-lr1e-4,0.65792,0.765359103679657,3.8054607508532424e-05,0.3376704216003418,2570
dense,muon,0.0001,muon-lr1e-4,0.66048,0.703898549079895,3.777019340159272e-05,0.2745490789413452,2580
dense,muon,0.0001,muon-lr1e-4,0.66304,0.6652664542198181,3.7485779294653017e-05,0.33410983085632323,2590
dense,muon,0.0001,muon-lr1e-4,0.6656,0.8239167928695679,3.720136518771331e-05,0.3209208965301514,2600
dense,muon,0.0001,muon-lr1e-4,0.66816,0.7418763637542725,3.691695108077361e-05,0.301314640045166,2610
dense,muon,0.0001,muon-lr1e-4,0.67072,0.6865893006324768,3.6632536973833905e-05,0.3376725196838379,2620
dense,muon,0.0001,muon-lr1e-4,0.67328,0.6202878952026367,3.63481228668942e-05,0.30502824783325194,2630
dense,muon,0.0001,muon-lr1e-4,0.67584,0.8134596943855286,3.60637087599545e-05,0.31431777477264405,2640
dense,muon,0.0001,muon-lr1e-4,0.6784,0.5840247869491577,3.577929465301479e-05,0.28660058975219727,2650
dense,muon,0.0001,muon-lr1e-4,0.68096,0.8490210175514221,3.549488054607509e-05,0.3327836513519287,2660
dense,muon,0.0001,muon-lr1e-4,0.68352,0.6182210445404053,3.521046643913538e-05,0.2989966869354248,2670
dense,muon,0.0001,muon-lr1e-4,0.68608,0.600187361240387,3.492605233219568e-05,0.2829097509384155,2680
dense,muon,0.0001,muon-lr1e-4,0.68864,0.7008876204490662,3.464163822525597e-05,0.3115458726882935,2690
dense,muon,0.0001,muon-lr1e-4,0.6912,0.7961025834083557,3.4357224118316275e-05,0.3360560894012451,2700
dense,muon,0.0001,muon-lr1e-4,0.69376,0.700290858745575,3.4072810011376565e-05,0.2920013427734375,2710
dense,muon,0.0001,muon-lr1e-4,0.69632,0.7511154413223267,3.378839590443686e-05,0.3531027793884277,2720
dense,muon,0.0001,muon-lr1e-4,0.69888,0.7866725325584412,3.350398179749716e-05,0.35071735382080077,2730
dense,muon,0.0001,muon-lr1e-4,0.70144,0.94147127866745,3.3219567690557453e-05,0.30218827724456787,2740
dense,muon,0.0001,muon-lr1e-4,0.704,0.8825882077217102,3.293515358361775e-05,0.3136176109313965,2750
dense,muon,0.0001,muon-lr1e-4,0.70656,0.7743346095085144,3.2650739476678046e-05,0.30727419853210447,2760
dense,muon,0.0001,muon-lr1e-4,0.70912,0.7671083211898804,3.236632536973834e-05,0.2922013998031616,2770
dense,muon,0.0001,muon-lr1e-4,0.71168,0.624663233757019,3.208191126279864e-05,0.2991960048675537,2780
dense,muon,0.0001,muon-lr1e-4,0.71424,0.7575127482414246,3.179749715585893e-05,0.3096726417541504,2790
dense,muon,0.0001,muon-lr1e-4,0.7168,0.7443422675132751,3.151308304891923e-05,0.29581432342529296,2800
dense,muon,0.0001,muon-lr1e-4,0.71936,0.731688380241394,3.122866894197952e-05,0.322180962562561,2810
dense,muon,0.0001,muon-lr1e-4,0.72192,0.7742869853973389,3.094425483503982e-05,0.3106372356414795,2820
dense,muon,0.0001,muon-lr1e-4,0.72448,0.6875081062316895,3.065984072810011e-05,0.2925508975982666,2830
dense,muon,0.0001,muon-lr1e-4,0.72704,1.7472648620605469,3.0375426621160412e-05,0.3134714126586914,2840
dense,muon,0.0001,muon-lr1e-4,0.7296,0.6604695916175842,3.0091012514220705e-05,0.3310976505279541,2850
dense,muon,0.0001,muon-lr1e-4,0.73216,0.7321730256080627,2.9806598407281e-05,0.3005551338195801,2860
dense,muon,0.0001,muon-lr1e-4,0.73472,0.7532814741134644,2.9522184300341298e-05,0.2953564405441284,2870
dense,muon,0.0001,muon-lr1e-4,0.73728,0.6557035446166992,2.9237770193401594e-05,0.29432072639465334,2880
dense,muon,0.0001,muon-lr1e-4,0.73984,0.6790146231651306,2.895335608646189e-05,0.2857493877410889,2890
dense,muon,0.0001,muon-lr1e-4,0.7424,0.7930986285209656,2.8668941979522183e-05,0.2855478525161743,2900
dense,muon,0.0001,muon-lr1e-4,0.74496,0.7051610946655273,2.8384527872582483e-05,0.296688175201416,2910
dense,muon,0.0001,muon-lr1e-4,0.74752,0.590809166431427,2.8100113765642776e-05,0.2805288314819336,2920
dense,muon,0.0001,muon-lr1e-4,0.75008,0.7628623843193054,2.7815699658703072e-05,0.29726879596710204,2930
dense,muon,0.0001,muon-lr1e-4,0.75264,0.5982423424720764,2.7531285551763368e-05,0.30200943946838377,2940
dense,muon,0.0001,muon-lr1e-4,0.7552,0.7831951379776001,2.7246871444823664e-05,0.2997483015060425,2950
dense,muon,0.0001,muon-lr1e-4,0.75776,1.03891122341156,2.696245733788396e-05,0.2943382263183594,2960
dense,muon,0.0001,muon-lr1e-4,0.76032,0.712973415851593,2.6678043230944257e-05,0.311693000793457,2970
dense,muon,0.0001,muon-lr1e-4,0.76288,0.7179893255233765,2.6393629124004553e-05,0.31715216636657717,2980
dense,muon,0.0001,muon-lr1e-4,0.76544,0.8368421792984009,2.6109215017064846e-05,0.33297076225280764,2990
dense,muon,0.0001,muon-lr1e-4,0.768,0.7363764047622681,2.5824800910125142e-05,0.2836097240447998,3000
dense,muon,0.0001,muon-lr1e-4,0.77056,0.7638676166534424,2.554038680318544e-05,0.2760776996612549,3010
dense,muon,0.0001,muon-lr1e-4,0.77312,0.7414054274559021,2.5255972696245735e-05,0.2835897922515869,3020
dense,muon,0.0001,muon-lr1e-4,0.77568,0.7159091830253601,2.497155858930603e-05,0.3106468677520752,3030
dense,muon,0.0001,muon-lr1e-4,0.77824,0.8579845428466797,2.4687144482366327e-05,0.2969963550567627,3040
dense,muon,0.0001,muon-lr1e-4,0.7808,0.6185534000396729,2.4402730375426623e-05,0.26867506504058836,3050
dense,muon,0.0001,muon-lr1e-4,0.78336,0.7386894226074219,2.411831626848692e-05,0.2888647079467773,3060
dense,muon,0.0001,muon-lr1e-4,0.78592,0.8723451495170593,2.3833902161547216e-05,0.28140969276428224,3070
dense,muon,0.0001,muon-lr1e-4,0.78848,0.7336287498474121,2.354948805460751e-05,0.29543180465698243,3080
dense,muon,0.0001,muon-lr1e-4,0.79104,0.7939156293869019,2.3265073947667805e-05,0.3323097229003906,3090
dense,muon,0.0001,muon-lr1e-4,0.7936,0.7183573246002197,2.29806598407281e-05,0.2832098245620728,3100
dense,muon,0.0001,muon-lr1e-4,0.79616,0.7190122008323669,2.2696245733788397e-05,0.28842964172363283,3110
dense,muon,0.0001,muon-lr1e-4,0.79872,0.5415589809417725,2.2411831626848694e-05,0.2576805353164673,3120
dense,muon,0.0001,muon-lr1e-4,0.80128,0.7389882206916809,2.212741751990899e-05,0.2844481229782104,3130
dense,muon,0.0001,muon-lr1e-4,0.80384,0.6305680871009827,2.1843003412969286e-05,0.30304000377655027,3140
dense,muon,0.0001,muon-lr1e-4,0.8064,0.6742376089096069,2.1558589306029582e-05,0.2973652362823486,3150
dense,muon,0.0001,muon-lr1e-4,0.80896,0.7093534469604492,2.127417519908988e-05,0.30373373031616213,3160
dense,muon,0.0001,muon-lr1e-4,0.81152,0.6598083972930908,2.098976109215017e-05,0.3171998500823975,3170
dense,muon,0.0001,muon-lr1e-4,0.81408,0.6433025598526001,2.0705346985210468e-05,0.31494503021240233,3180
dense,muon,0.0001,muon-lr1e-4,0.81664,0.7786300778388977,2.0420932878270764e-05,0.28815369606018065,3190
dense,muon,0.0001,muon-lr1e-4,0.8192,0.7267889380455017,2.013651877133106e-05,0.30329556465148927,3200
dense,muon,0.0001,muon-lr1e-4,0.82176,0.7299771904945374,1.9852104664391356e-05,0.2953134536743164,3210
dense,muon,0.0001,muon-lr1e-4,0.82432,0.7286487221717834,1.9567690557451653e-05,0.2927382946014404,3220
dense,muon,0.0001,muon-lr1e-4,0.82688,0.659313440322876,1.928327645051195e-05,0.26971046924591063,3230
dense,muon,0.0001,muon-lr1e-4,0.82944,0.7335137724876404,1.899886234357224e-05,0.29625282287597654,3240
dense,muon,0.0001,muon-lr1e-4,0.832,0.6076993346214294,1.8714448236632538e-05,0.3031977653503418,3250
dense,muon,0.0001,muon-lr1e-4,0.83456,0.7552803158760071,1.8430034129692834e-05,0.3264303684234619,3260
dense,muon,0.0001,muon-lr1e-4,0.83712,0.6937215328216553,1.814562002275313e-05,0.2901257276535034,3270
dense,muon,0.0001,muon-lr1e-4,0.83968,0.7337494492530823,1.7861205915813427e-05,0.31947736740112304,3280
dense,muon,0.0001,muon-lr1e-4,0.84224,0.615998387336731,1.7576791808873723e-05,0.2881880760192871,3290
dense,muon,0.0001,muon-lr1e-4,0.8448,0.6161471009254456,1.729237770193402e-05,0.27855672836303713,3300
dense,muon,0.0001,muon-lr1e-4,0.84736,0.6873182654380798,1.7007963594994315e-05,0.2875506401062012,3310
dense,muon,0.0001,muon-lr1e-4,0.84992,0.6119749546051025,1.6723549488054608e-05,0.28537027835845946,3320
dense,muon,0.0001,muon-lr1e-4,0.85248,0.6922891139984131,1.6439135381114904e-05,0.33015990257263184,3330
dense,muon,0.0001,muon-lr1e-4,0.85504,0.7017412185668945,1.61547212741752e-05,0.2872732400894165,3340
dense,muon,0.0001,muon-lr1e-4,0.8576,0.7669985890388489,1.5870307167235497e-05,0.3018357753753662,3350
dense,muon,0.0001,muon-lr1e-4,0.86016,0.614098846912384,1.5585893060295793e-05,0.32948276996612547,3360
dense,muon,0.0001,muon-lr1e-4,0.86272,0.6757522821426392,1.530147895335609e-05,0.2871649503707886,3370
dense,muon,0.0001,muon-lr1e-4,0.86528,0.8237807750701904,1.5017064846416384e-05,0.293466854095459,3380
dense,muon,0.0001,muon-lr1e-4,0.86784,0.9017759561538696,1.4732650739476679e-05,0.29700772762298583,3390
dense,muon,0.0001,muon-lr1e-4,0.8704,0.7865891456604004,1.4448236632536975e-05,0.32274775505065917,3400
dense,muon,0.0001,muon-lr1e-4,0.87296,0.6923270225524902,1.416382252559727e-05,0.30663156509399414,3410
dense,muon,0.0001,muon-lr1e-4,0.87552,0.7585675716400146,1.3879408418657566e-05,0.2848181962966919,3420
dense,muon,0.0001,muon-lr1e-4,0.87808,0.8347007036209106,1.3594994311717862e-05,0.32364320755004883,3430
dense,muon,0.0001,muon-lr1e-4,0.88064,0.7256787419319153,1.3310580204778158e-05,0.3090215682983398,3440
dense,muon,0.0001,muon-lr1e-4,0.8832,0.7494117617607117,1.3026166097838454e-05,0.3082421779632568,3450
dense,muon,0.0001,muon-lr1e-4,0.88576,0.7246965765953064,1.2741751990898749e-05,0.3105989217758179,3460
dense,muon,0.0001,muon-lr1e-4,0.88832,0.9230387210845947,1.2457337883959045e-05,0.3230059862136841,3470
dense,muon,0.0001,muon-lr1e-4,0.89088,0.5614757537841797,1.2172923777019341e-05,0.3092723608016968,3480
dense,muon,0.0001,muon-lr1e-4,0.89344,0.775431215763092,1.1888509670079638e-05,0.3059742212295532,3490
dense,muon,0.0001,muon-lr1e-4,0.896,0.5817230343818665,1.1604095563139932e-05,0.29953773021698,3500
dense,muon,0.0001,muon-lr1e-4,0.89856,0.6755699515342712,1.1319681456200228e-05,0.28691055774688723,3510
dense,muon,0.0001,muon-lr1e-4,0.90112,0.7607852220535278,1.1035267349260525e-05,0.3179337978363037,3520
dense,muon,0.0001,muon-lr1e-4,0.90368,0.7758173942565918,1.075085324232082e-05,0.32404890060424807,3530
dense,muon,0.0001,muon-lr1e-4,0.90624,0.8030657172203064,1.0466439135381115e-05,0.3004613399505615,3540
dense,muon,0.0001,muon-lr1e-4,0.9088,0.6493502259254456,1.0182025028441412e-05,0.32151141166687014,3550
dense,muon,0.0001,muon-lr1e-4,0.91136,0.8191725611686707,9.897610921501708e-06,0.31061677932739257,3560
dense,muon,0.0001,muon-lr1e-4,0.91392,0.8481006622314453,9.613196814562004e-06,0.3167729377746582,3570
dense,muon,0.0001,muon-lr1e-4,0.91648,0.8963665962219238,9.328782707622299e-06,0.29560418128967286,3580
dense,muon,0.0001,muon-lr1e-4,0.91904,0.6431388258934021,9.044368600682595e-06,0.30565385818481444,3590
dense,muon,0.0001,muon-lr1e-4,0.9216,0.8530163764953613,8.759954493742891e-06,0.2714995384216309,3600
dense,muon,0.0001,muon-lr1e-4,0.92416,0.5960168838500977,8.475540386803186e-06,0.30498676300048827,3610
dense,muon,0.0001,muon-lr1e-4,0.92672,0.6373658776283264,8.191126279863482e-06,0.30054771900177,3620
dense,muon,0.0001,muon-lr1e-4,0.92928,0.7295199036598206,7.906712172923778e-06,0.293241548538208,3630
dense,muon,0.0001,muon-lr1e-4,0.93184,0.6790923476219177,7.6222980659840735e-06,0.31029233932495115,3640
dense,muon,0.0001,muon-lr1e-4,0.9344,0.5977585911750793,7.337883959044369e-06,0.31096572875976564,3650
dense,muon,0.0001,muon-lr1e-4,0.93696,0.6547834277153015,7.053469852104664e-06,0.31623125076293945,3660
dense,muon,0.0001,muon-lr1e-4,0.93952,0.6622645854949951,6.7690557451649605e-06,0.315889310836792,3670
dense,muon,0.0001,muon-lr1e-4,0.94208,0.5820451378822327,6.484641638225256e-06,0.270477294921875,3680
dense,muon,0.0001,muon-lr1e-4,0.94464,0.8010155558586121,6.200227531285552e-06,0.31641569137573244,3690
dense,muon,0.0001,muon-lr1e-4,0.9472,0.697816789150238,5.9158134243458475e-06,0.30089993476867677,3700
dense,muon,0.0001,muon-lr1e-4,0.94976,0.6530805826187134,5.631399317406144e-06,0.3329665184020996,3710
dense,muon,0.0001,muon-lr1e-4,0.95232,0.7932830452919006,5.34698521046644e-06,0.278225040435791,3720
dense,muon,0.0001,muon-lr1e-4,0.95488,0.7995102405548096,5.062571103526735e-06,0.31353905200958254,3730
dense,muon,0.0001,muon-lr1e-4,0.95744,0.7795116901397705,4.778156996587032e-06,0.30362586975097655,3740
dense,muon,0.0001,muon-lr1e-4,0.96,0.625874936580658,4.493742889647327e-06,0.29173893928527833,3750
dense,muon,0.0001,muon-lr1e-4,0.96256,0.6293357610702515,4.2093287827076224e-06,0.27838499546051027,3760
dense,muon,0.0001,muon-lr1e-4,0.96512,0.6743509769439697,3.924914675767919e-06,0.3140216827392578,3770
dense,muon,0.0001,muon-lr1e-4,0.96768,0.6152293086051941,3.640500568828214e-06,0.2983590364456177,3780
dense,muon,0.0001,muon-lr1e-4,0.97024,0.761949360370636,3.35608646188851e-06,0.2645885944366455,3790
dense,muon,0.0001,muon-lr1e-4,0.9728,0.4876418709754944,3.0716723549488057e-06,0.2817854404449463,3800
dense,muon,0.0001,muon-lr1e-4,0.97536,0.737852156162262,2.7872582480091015e-06,0.30624914169311523,3810
dense,muon,0.0001,muon-lr1e-4,0.97792,0.7973204255104065,2.5028441410693973e-06,0.32410879135131837,3820
dense,muon,0.0001,muon-lr1e-4,0.98048,0.766781210899353,2.218430034129693e-06,0.29041213989257814,3830
dense,muon,0.0001,muon-lr1e-4,0.98304,0.6721960306167603,1.934015927189989e-06,0.3171036720275879,3840
dense,muon,0.0001,muon-lr1e-4,0.9856,0.847617506980896,1.6496018202502846e-06,0.3061492681503296,3850
dense,muon,0.0001,muon-lr1e-4,0.98816,0.6508134603500366,1.3651877133105804e-06,0.2915036201477051,3860
dense,muon,0.0001,muon-lr1e-4,0.99072,0.5649489760398865,1.0807736063708762e-06,0.26537261009216306,3870
dense,muon,0.0001,muon-lr1e-4,0.99328,0.6078920364379883,7.963594994311718e-07,0.28762378692626955,3880
dense,muon,0.0001,muon-lr1e-4,0.99584,0.6779040098190308,5.119453924914676e-07,0.2850180625915527,3890
dense,muon,0.0001,muon-lr1e-4,0.9984,2.9597201347351074,2.2753128555176338e-07,0.32490339279174807,3900
dense,muon,0.0003,muon-lr3e-4,0.000256,2.1912317276000977,0.0,1.2221720218658447,1
dense,muon,0.0003,muon-lr3e-4,0.00256,2.1529481410980225,6.905370843989769e-06,1.2174688975016277,10
dense,muon,0.0003,muon-lr3e-4,0.00512,2.06423282623291,1.4578005115089511e-05,1.219306468963623,20
dense,muon,0.0003,muon-lr3e-4,0.00768,2.6651339530944824,2.2250639386189256e-05,1.1730988502502442,30
dense,muon,0.0003,muon-lr3e-4,0.01024,2.163823127746582,2.9923273657289e-05,1.2213571548461915,40
dense,muon,0.0003,muon-lr3e-4,0.0128,2.2048559188842773,3.7595907928388744e-05,1.1414113998413087,50
dense,muon,0.0003,muon-lr3e-4,0.01536,1.909633755683899,4.526854219948848e-05,1.1074390411376953,60
dense,muon,0.0003,muon-lr3e-4,0.01792,2.0574700832366943,5.294117647058824e-05,1.094363307952881,70
dense,muon,0.0003,muon-lr3e-4,0.02048,1.889833927154541,6.0613810741687974e-05,1.0628726959228516,80
dense,muon,0.0003,muon-lr3e-4,0.02304,1.8379920721054077,6.828644501278772e-05,1.0011768341064453,90
dense,muon,0.0003,muon-lr3e-4,0.0256,1.7624893188476562,7.595907928388747e-05,0.948147201538086,100
dense,muon,0.0003,muon-lr3e-4,0.02816,1.7453217506408691,8.363171355498722e-05,0.9694894790649414,110
dense,muon,0.0003,muon-lr3e-4,0.03072,1.5342975854873657,9.130434782608695e-05,0.9342435836791992,120
dense,muon,0.0003,muon-lr3e-4,0.03328,1.8529537916183472,9.897698209718669e-05,0.9604972839355469,130
dense,muon,0.0003,muon-lr3e-4,0.03584,1.4738918542861938,0.00010664961636828644,0.8157697677612304,140
dense,muon,0.0003,muon-lr3e-4,0.0384,1.43118417263031,0.00011432225063938618,0.853609848022461,150
dense,muon,0.0003,muon-lr3e-4,0.04096,1.2687588930130005,0.00012199488491048592,0.7387473106384277,160
dense,muon,0.0003,muon-lr3e-4,0.04352,1.5317142009735107,0.00012966751918158567,0.8155426025390625,170
dense,muon,0.0003,muon-lr3e-4,0.04608,1.3821979761123657,0.0001373401534526854,0.7636007785797119,180
dense,muon,0.0003,muon-lr3e-4,0.04864,1.2810640335083008,0.00014501278772378515,0.6559765815734864,190
dense,muon,0.0003,muon-lr3e-4,0.0512,1.1393674612045288,0.0001526854219948849,0.6890080451965332,200
dense,muon,0.0003,muon-lr3e-4,0.05376,1.5069020986557007,0.00016035805626598464,0.679420280456543,210
dense,muon,0.0003,muon-lr3e-4,0.05632,1.2784618139266968,0.00016803069053708438,0.671412467956543,220
dense,muon,0.0003,muon-lr3e-4,0.05888,1.1790803670883179,0.00017570332480818413,0.6872214317321778,230
dense,muon,0.0003,muon-lr3e-4,0.06144,1.215743064880371,0.00018337595907928387,0.6329889297485352,240
dense,muon,0.0003,muon-lr3e-4,0.064,0.8723576068878174,0.00019104859335038361,0.5862025260925293,250
dense,muon,0.0003,muon-lr3e-4,0.06656,1.0539482831954956,0.00019872122762148336,0.5811812400817871,260
dense,muon,0.0003,muon-lr3e-4,0.06912,1.1180031299591064,0.0002063938618925831,0.5808236122131347,270
dense,muon,0.0003,muon-lr3e-4,0.07168,1.167625904083252,0.00021406649616368285,0.548740005493164,280
dense,muon,0.0003,muon-lr3e-4,0.07424,1.0921179056167603,0.00022173913043478256,0.5624149322509766,290
dense,muon,0.0003,muon-lr3e-4,0.0768,0.7739731073379517,0.0002294117647058823,0.5059228897094726,300
dense,muon,0.0003,muon-lr3e-4,0.07936,0.8004106879234314,0.0002370843989769821,0.509885597229004,310
dense,muon,0.0003,muon-lr3e-4,0.08192,0.9165371656417847,0.0002447570332480818,0.47298588752746584,320
dense,muon,0.0003,muon-lr3e-4,0.08448,1.0092986822128296,0.00025242966751918156,0.5011038780212402,330
dense,muon,0.0003,muon-lr3e-4,0.08704,0.9921422004699707,0.0002601023017902813,0.48475284576416017,340
dense,muon,0.0003,muon-lr3e-4,0.0896,0.9091082811355591,0.00026777493606138105,0.452775764465332,350
dense,muon,0.0003,muon-lr3e-4,0.09216,0.8989621996879578,0.0002754475703324808,0.43390712738037107,360
dense,muon,0.0003,muon-lr3e-4,0.09472,0.8455386757850647,0.00028312020460358054,0.4216154098510742,370
dense,muon,0.0003,muon-lr3e-4,0.09728,0.8303278088569641,0.0002907928388746803,0.4602846622467041,380
dense,muon,0.0003,muon-lr3e-4,0.09984,0.8156754970550537,0.00029846547314578,0.43738489151000975,390
dense,muon,0.0003,muon-lr3e-4,0.1024,0.7379221320152283,0.00029931740614334466,0.40947256088256834,400
dense,muon,0.0003,muon-lr3e-4,0.10496,0.6856491565704346,0.0002984641638225256,0.414028263092041,410
dense,muon,0.0003,muon-lr3e-4,0.10752,0.8928142786026001,0.00029761092150170645,0.37690167427062987,420
dense,muon,0.0003,muon-lr3e-4,0.11008,0.7897753715515137,0.00029675767918088734,0.3843447208404541,430
dense,muon,0.0003,muon-lr3e-4,0.11264,0.6222520470619202,0.00029590443686006824,0.42206878662109376,440
dense,muon,0.0003,muon-lr3e-4,0.1152,0.8889856338500977,0.00029505119453924914,0.38316073417663576,450
dense,muon,0.0003,muon-lr3e-4,0.11776,0.6940107345581055,0.00029419795221843,0.3877963304519653,460
dense,muon,0.0003,muon-lr3e-4,0.12032,0.7812671661376953,0.00029334470989761087,0.3968096971511841,470
dense,muon,0.0003,muon-lr3e-4,0.12288,0.9214208722114563,0.00029249146757679177,0.40963029861450195,480
dense,muon,0.0003,muon-lr3e-4,0.12544,0.6122214198112488,0.00029163822525597266,0.3684795618057251,490
dense,muon,0.0003,muon-lr3e-4,0.128,0.6018494367599487,0.00029078498293515356,0.3694625377655029,500
dense,muon,0.0003,muon-lr3e-4,0.13056,0.7085536122322083,0.00028993174061433445,0.4257519721984863,510
dense,muon,0.0003,muon-lr3e-4,0.13312,0.7930770516395569,0.00028907849829351535,0.3682682991027832,520
dense,muon,0.0003,muon-lr3e-4,0.13568,0.8525533080101013,0.0002882252559726962,0.38615217208862307,530
dense,muon,0.0003,muon-lr3e-4,0.13824,0.7980005741119385,0.0002873720136518771,0.3671518564224243,540
dense,muon,0.0003,muon-lr3e-4,0.1408,0.9215912818908691,0.000286518771331058,0.34696714878082274,550
dense,muon,0.0003,muon-lr3e-4,0.14336,0.9127315878868103,0.0002856655290102389,0.41799001693725585,560
dense,muon,0.0003,muon-lr3e-4,0.14592,0.8107151985168457,0.00028481228668941977,0.33576502799987795,570
dense,muon,0.0003,muon-lr3e-4,0.14848,0.7380932569503784,0.00028395904436860067,0.34152679443359374,580
dense,muon,0.0003,muon-lr3e-4,0.15104,0.8598517179489136,0.00028310580204778156,0.3353169679641724,590
dense,muon,0.0003,muon-lr3e-4,0.1536,0.8766698837280273,0.0002822525597269624,0.3527965545654297,600
dense,muon,0.0003,muon-lr3e-4,0.15616,0.8451171517372131,0.0002813993174061433,0.35254123210906985,610
dense,muon,0.0003,muon-lr3e-4,0.15872,0.6823878884315491,0.0002805460750853242,0.3344854831695557,620
dense,muon,0.0003,muon-lr3e-4,0.16128,0.8480060696601868,0.0002796928327645051,0.3530426502227783,630
dense,muon,0.0003,muon-lr3e-4,0.16384,0.7280790209770203,0.000278839590443686,0.3500469923019409,640
dense,muon,0.0003,muon-lr3e-4,0.1664,0.6904631853103638,0.0002779863481228669,0.37674856185913086,650
dense,muon,0.0003,muon-lr3e-4,0.16896,0.8052693605422974,0.0002771331058020478,0.32799789905548093,660
dense,muon,0.0003,muon-lr3e-4,0.17152,0.6596649885177612,0.0002762798634812286,0.3100005626678467,670
dense,muon,0.0003,muon-lr3e-4,0.17408,0.7913669943809509,0.0002754266211604095,0.3692293405532837,680
dense,muon,0.0003,muon-lr3e-4,0.17664,0.7769765853881836,0.0002745733788395904,0.3527355670928955,690
dense,muon,0.0003,muon-lr3e-4,0.1792,0.7388793230056763,0.0002737201365187713,0.34820735454559326,700
dense,muon,0.0003,muon-lr3e-4,0.18176,0.6142756342887878,0.0002728668941979522,0.3235166072845459,710
dense,muon,0.0003,muon-lr3e-4,0.18432,0.7345184087753296,0.0002720136518771331,0.3570813417434692,720
dense,muon,0.0003,muon-lr3e-4,0.18688,0.7648895382881165,0.000271160409556314,0.3294280767440796,730
dense,muon,0.0003,muon-lr3e-4,0.18944,0.7006948590278625,0.00027030716723549483,0.3268254280090332,740
dense,muon,0.0003,muon-lr3e-4,0.192,0.7548776268959045,0.00026945392491467573,0.33006751537323,750
dense,muon,0.0003,muon-lr3e-4,0.19456,0.7774000763893127,0.0002686006825938566,0.3372917890548706,760
dense,muon,0.0003,muon-lr3e-4,0.19712,0.801838219165802,0.0002677474402730375,0.327816104888916,770
dense,muon,0.0003,muon-lr3e-4,0.19968,0.791715145111084,0.0002668941979522184,0.35546197891235354,780
dense,muon,0.0003,muon-lr3e-4,0.20224,0.78818279504776,0.0002660409556313993,0.3019195556640625,790
dense,muon,0.0003,muon-lr3e-4,0.2048,0.7675623893737793,0.0002651877133105802,0.3230030059814453,800
dense,muon,0.0003,muon-lr3e-4,0.20736,0.6320091485977173,0.00026433447098976105,0.329813814163208,810
dense,muon,0.0003,muon-lr3e-4,0.20992,0.5861032605171204,0.00026348122866894194,0.33334343433380126,820
dense,muon,0.0003,muon-lr3e-4,0.21248,0.6412515640258789,0.00026262798634812284,0.3134616374969482,830
dense,muon,0.0003,muon-lr3e-4,0.21504,0.7641921639442444,0.00026177474402730373,0.3217111110687256,840
dense,muon,0.0003,muon-lr3e-4,0.2176,0.7998637557029724,0.00026092150170648463,0.3212118148803711,850
dense,muon,0.0003,muon-lr3e-4,0.22016,0.5818816423416138,0.0002600682593856655,0.3075735092163086,860
dense,muon,0.0003,muon-lr3e-4,0.22272,0.7248668670654297,0.0002592150170648464,0.2928964853286743,870
dense,muon,0.0003,muon-lr3e-4,0.22528,0.6182396411895752,0.00025836177474402726,0.3189675807952881,880
dense,muon,0.0003,muon-lr3e-4,0.22784,0.7594595551490784,0.00025750853242320816,0.3311184883117676,890
dense,muon,0.0003,muon-lr3e-4,0.2304,0.7707187533378601,0.00025665529010238905,0.3039640188217163,900
dense,muon,0.0003,muon-lr3e-4,0.23296,0.8233789205551147,0.00025580204778156995,0.2940891981124878,910
dense,muon,0.0003,muon-lr3e-4,0.23552,0.9802444577217102,0.00025494880546075084,0.3615990161895752,920
dense,muon,0.0003,muon-lr3e-4,0.23808,0.7437288761138916,0.00025409556313993174,0.3315047025680542,930
dense,muon,0.0003,muon-lr3e-4,0.24064,0.6853548884391785,0.00025324232081911263,0.2923967123031616,940
dense,muon,0.0003,muon-lr3e-4,0.2432,0.8158240914344788,0.0002523890784982935,0.31727962493896483,950
dense,muon,0.0003,muon-lr3e-4,0.24576,0.635826587677002,0.00025153583617747437,0.3356019496917725,960
dense,muon,0.0003,muon-lr3e-4,0.24832,0.662497341632843,0.00025068259385665527,0.28774147033691405,970
dense,muon,0.0003,muon-lr3e-4,0.25088,0.8265712261199951,0.00024982935153583616,0.33751840591430665,980
dense,muon,0.0003,muon-lr3e-4,0.25344,0.6137844324111938,0.00024897610921501706,0.2848668098449707,990
dense,muon,0.0003,muon-lr3e-4,0.256,0.5626206994056702,0.00024812286689419795,0.292584228515625,1000
dense,muon,0.0003,muon-lr3e-4,0.25856,0.470130980014801,0.00024726962457337885,0.27353999614715574,1010
dense,muon,0.0003,muon-lr3e-4,0.26112,0.8052061200141907,0.0002464163822525597,0.3075730323791504,1020
dense,muon,0.0003,muon-lr3e-4,0.26368,0.7660734057426453,0.0002455631399317406,0.3030860424041748,1030
dense,muon,0.0003,muon-lr3e-4,0.26624,0.6595349907875061,0.0002447098976109215,0.26582632064819334,1040
dense,muon,0.0003,muon-lr3e-4,0.2688,0.726323664188385,0.00024385665529010235,0.3179304838180542,1050
dense,muon,0.0003,muon-lr3e-4,0.27136,0.5858362913131714,0.00024300341296928325,0.30262720584869385,1060
dense,muon,0.0003,muon-lr3e-4,0.27392,0.7145015001296997,0.00024215017064846414,0.2978952646255493,1070
dense,muon,0.0003,muon-lr3e-4,0.27648,0.5045096278190613,0.00024129692832764504,0.2916541337966919,1080
dense,muon,0.0003,muon-lr3e-4,0.27904,1.1088944673538208,0.0002404436860068259,0.32895655632019044,1090
dense,muon,0.0003,muon-lr3e-4,0.2816,0.8064241409301758,0.0002395904436860068,0.3219744205474854,1100
dense,muon,0.0003,muon-lr3e-4,0.28416,0.7743875980377197,0.0002387372013651877,0.28511853218078614,1110
dense,muon,0.0003,muon-lr3e-4,0.28672,0.6369941234588623,0.00023788395904436856,0.30312998294830323,1120
dense,muon,0.0003,muon-lr3e-4,0.28928,0.7738744616508484,0.00023703071672354946,0.2977081298828125,1130
dense,muon,0.0003,muon-lr3e-4,0.29184,0.7678084373474121,0.00023617747440273036,0.2827240705490112,1140
dense,muon,0.0003,muon-lr3e-4,0.2944,0.6958028674125671,0.00023532423208191125,0.3093585968017578,1150
dense,muon,0.0003,muon-lr3e-4,0.29696,0.9002509117126465,0.00023447098976109212,0.2874142169952393,1160
dense,muon,0.0003,muon-lr3e-4,0.29952,0.6512821912765503,0.00023361774744027301,0.2701704025268555,1170
dense,muon,0.0003,muon-lr3e-4,0.30208,0.6882941126823425,0.0002327645051194539,0.3044549226760864,1180
dense,muon,0.0003,muon-lr3e-4,0.30464,0.5497940182685852,0.00023191126279863478,0.3269461393356323,1190
dense,muon,0.0003,muon-lr3e-4,0.3072,0.8499745726585388,0.00023105802047781567,0.32177832126617434,1200
dense,muon,0.0003,muon-lr3e-4,0.30976,0.7033706307411194,0.00023020477815699657,0.2673712968826294,1210
dense,muon,0.0003,muon-lr3e-4,0.31232,0.6079490780830383,0.00022935153583617746,0.3262575387954712,1220
dense,muon,0.0003,muon-lr3e-4,0.31488,0.7156288027763367,0.00022849829351535833,0.3031881332397461,1230
dense,muon,0.0003,muon-lr3e-4,0.31744,0.5969261527061462,0.00022764505119453923,0.2900717258453369,1240
dense,muon,0.0003,muon-lr3e-4,0.32,0.7143839001655579,0.00022679180887372012,0.30792698860168455,1250
dense,muon,0.0003,muon-lr3e-4,0.32256,0.6023178696632385,0.000225938566552901,0.30607194900512696,1260
dense,muon,0.0003,muon-lr3e-4,0.32512,0.7181150317192078,0.0002250853242320819,0.30417828559875487,1270
dense,muon,0.0003,muon-lr3e-4,0.32768,0.6566342115402222,0.00022423208191126278,0.3002958059310913,1280
dense,muon,0.0003,muon-lr3e-4,0.33024,0.5651319026947021,0.00022337883959044368,0.26409168243408204,1290
dense,muon,0.0003,muon-lr3e-4,0.3328,0.7320200800895691,0.00022252559726962455,0.30533337593078613,1300
dense,muon,0.0003,muon-lr3e-4,0.33536,0.7227264046669006,0.00022167235494880544,0.30312399864196776,1310
dense,muon,0.0003,muon-lr3e-4,0.33792,0.8736446499824524,0.00022081911262798634,0.289382791519165,1320
dense,muon,0.0003,muon-lr3e-4,0.34048,0.5960432887077332,0.0002199658703071672,0.27521777153015137,1330
dense,muon,0.0003,muon-lr3e-4,0.34304,0.6665081977844238,0.0002191126279863481,0.3105765342712402,1340
dense,muon,0.0003,muon-lr3e-4,0.3456,0.7628553509712219,0.000218259385665529,0.26927406787872316,1350
dense,muon,0.0003,muon-lr3e-4,0.34816,0.6642564535140991,0.0002174061433447099,0.29819684028625487,1360
dense,muon,0.0003,muon-lr3e-4,0.35072,0.526454746723175,0.00021655290102389076,0.27796306610107424,1370
dense,muon,0.0003,muon-lr3e-4,0.35328,0.8258535861968994,0.00021569965870307166,0.2816375732421875,1380
dense,muon,0.0003,muon-lr3e-4,0.35584,0.6886849403381348,0.00021484641638225255,0.26531038284301756,1390
dense,muon,0.0003,muon-lr3e-4,0.3584,0.6399981379508972,0.00021399317406143342,0.31626114845275877,1400
dense,muon,0.0003,muon-lr3e-4,0.36096,0.6464841961860657,0.00021313993174061432,0.30127902030944825,1410
dense,muon,0.0003,muon-lr3e-4,0.36352,0.6798502802848816,0.0002122866894197952,0.26306068897247314,1420
dense,muon,0.0003,muon-lr3e-4,0.36608,0.7496876120567322,0.0002114334470989761,0.29718451499938964,1430
dense,muon,0.0003,muon-lr3e-4,0.36864,1.1700849533081055,0.00021058020477815698,0.28391175270080565,1440
dense,muon,0.0003,muon-lr3e-4,0.3712,0.7670965790748596,0.00020972696245733787,0.33707423210144044,1450
dense,muon,0.0003,muon-lr3e-4,0.37376,0.7186275720596313,0.00020887372013651877,0.30824713706970214,1460
dense,muon,0.0003,muon-lr3e-4,0.37632,0.6372820138931274,0.00020802047781569964,0.2902986526489258,1470
dense,muon,0.0003,muon-lr3e-4,0.37888,0.7457550168037415,0.00020716723549488053,0.30994210243225095,1480
dense,muon,0.0003,muon-lr3e-4,0.38144,0.7793694734573364,0.00020631399317406143,0.29232211112976075,1490
dense,muon,0.0003,muon-lr3e-4,0.384,0.7791967988014221,0.00020546075085324232,0.2821535587310791,1500
dense,muon,0.0003,muon-lr3e-4,0.38656,0.6691648364067078,0.0002046075085324232,0.287790322303772,1510
dense,muon,0.0003,muon-lr3e-4,0.38912,0.6570225954055786,0.00020375426621160409,0.26752619743347167,1520
dense,muon,0.0003,muon-lr3e-4,0.39168,0.7471541166305542,0.00020290102389078498,0.2961304187774658,1530
dense,muon,0.0003,muon-lr3e-4,0.39424,0.708072304725647,0.00020204778156996585,0.27431507110595704,1540
dense,muon,0.0003,muon-lr3e-4,0.3968,0.6852113008499146,0.00020119453924914675,0.288118314743042,1550
dense,muon,0.0003,muon-lr3e-4,0.39936,0.6460757255554199,0.00020034129692832764,0.2843278646469116,1560
dense,muon,0.0003,muon-lr3e-4,0.40192,0.6931788325309753,0.00019948805460750854,0.2832611560821533,1570
dense,muon,0.0003,muon-lr3e-4,0.40448,0.6011185646057129,0.0001986348122866894,0.2680654048919678,1580
dense,muon,0.0003,muon-lr3e-4,0.40704,0.5133038759231567,0.0001977815699658703,0.2569725036621094,1590
dense,muon,0.0003,muon-lr3e-4,0.4096,0.676001787185669,0.0001969283276450512,0.2673729419708252,1600
dense,muon,0.0003,muon-lr3e-4,0.41216,0.7114609479904175,0.00019607508532423206,0.30204191207885744,1610
dense,muon,0.0003,muon-lr3e-4,0.41472,0.6102867126464844,0.00019522184300341296,0.2734311580657959,1620
dense,muon,0.0003,muon-lr3e-4,0.41728,0.7075902223587036,0.00019436860068259385,0.2599091291427612,1630
dense,muon,0.0003,muon-lr3e-4,0.41984,0.6642576456069946,0.00019351535836177475,0.29847667217254636,1640
dense,muon,0.0003,muon-lr3e-4,0.4224,0.6782433986663818,0.00019266211604095562,0.24010672569274902,1650
dense,muon,0.0003,muon-lr3e-4,0.42496,0.7375574707984924,0.00019180887372013651,0.2864389896392822,1660
dense,muon,0.0003,muon-lr3e-4,0.42752,0.6185852885246277,0.0001909556313993174,0.2751363039016724,1670
dense,muon,0.0003,muon-lr3e-4,0.43008,0.7175298929214478,0.00019010238907849825,0.28777365684509276,1680
dense,muon,0.0003,muon-lr3e-4,0.43264,0.7201904058456421,0.00018924914675767915,0.265747594833374,1690
dense,muon,0.0003,muon-lr3e-4,0.4352,0.6203679442405701,0.00018839590443686007,0.31814112663269045,1700
dense,muon,0.0003,muon-lr3e-4,0.43776,0.7156811356544495,0.00018754266211604096,0.2837329864501953,1710
dense,muon,0.0003,muon-lr3e-4,0.44032,0.6185376048088074,0.0001866894197952218,0.271718168258667,1720
dense,muon,0.0003,muon-lr3e-4,0.44288,0.6213635802268982,0.0001858361774744027,0.27123522758483887,1730
dense,muon,0.0003,muon-lr3e-4,0.44544,0.5791287422180176,0.00018498293515358362,0.29410715103149415,1740
dense,muon,0.0003,muon-lr3e-4,0.448,0.724472165107727,0.00018412969283276447,0.2911245584487915,1750
dense,muon,0.0003,muon-lr3e-4,0.45056,0.7097481489181519,0.00018327645051194536,0.29789893627166747,1760
dense,muon,0.0003,muon-lr3e-4,0.45312,0.6592385768890381,0.00018242320819112626,0.2640082836151123,1770
dense,muon,0.0003,muon-lr3e-4,0.45568,0.7865714430809021,0.00018156996587030718,0.28211393356323244,1780
dense,muon,0.0003,muon-lr3e-4,0.45824,0.6740157008171082,0.00018071672354948802,0.2730269193649292,1790
dense,muon,0.0003,muon-lr3e-4,0.4608,0.6323071122169495,0.00017986348122866892,0.2786057472229004,1800
dense,muon,0.0003,muon-lr3e-4,0.46336,0.6545864343643188,0.0001790102389078498,0.2766649007797241,1810
dense,muon,0.0003,muon-lr3e-4,0.46592,0.6629633903503418,0.00017815699658703068,0.28098416328430176,1820
dense,muon,0.0003,muon-lr3e-4,0.46848,0.9331650733947754,0.00017730375426621157,0.27821059226989747,1830
dense,muon,0.0003,muon-lr3e-4,0.47104,0.6443618535995483,0.00017645051194539247,0.26686265468597414,1840
dense,muon,0.0003,muon-lr3e-4,0.4736,0.8755103945732117,0.00017559726962457337,0.27551093101501467,1850
dense,muon,0.0003,muon-lr3e-4,0.47616,0.6917943954467773,0.00017474402730375423,0.2684149265289307,1860
dense,muon,0.0003,muon-lr3e-4,0.47872,0.7370755672454834,0.00017389078498293513,0.2995518445968628,1870
dense,muon,0.0003,muon-lr3e-4,0.48128,0.6292039155960083,0.00017303754266211603,0.27788002490997316,1880
dense,muon,0.0003,muon-lr3e-4,0.48384,0.8224154710769653,0.0001721843003412969,0.32202537059783937,1890
dense,muon,0.0003,muon-lr3e-4,0.4864,0.4092594087123871,0.0001713310580204778,0.26468591690063475,1900
dense,muon,0.0003,muon-lr3e-4,0.48896,0.420278936624527,0.00017047781569965868,0.2522092342376709,1910
dense,muon,0.0003,muon-lr3e-4,0.49152,0.6963740587234497,0.00016962457337883958,0.2946752071380615,1920
dense,muon,0.0003,muon-lr3e-4,0.49408,0.6636601090431213,0.00016877133105802045,0.2515584945678711,1930
dense,muon,0.0003,muon-lr3e-4,0.49664,0.7391584515571594,0.00016791808873720134,0.25688800811767576,1940
dense,muon,0.0003,muon-lr3e-4,0.4992,0.5442743897438049,0.00016706484641638224,0.2751810550689697,1950
dense,muon,0.0003,muon-lr3e-4,0.50176,0.6740090847015381,0.0001662116040955631,0.2933941841125488,1960
dense,muon,0.0003,muon-lr3e-4,0.50432,0.5241302251815796,0.000165358361774744,0.24920716285705566,1970
dense,muon,0.0003,muon-lr3e-4,0.50688,0.7203441858291626,0.0001645051194539249,0.2750211715698242,1980
dense,muon,0.0003,muon-lr3e-4,0.50944,0.6130152940750122,0.0001636518771331058,0.270434308052063,1990
dense,muon,0.0003,muon-lr3e-4,0.512,1.060659646987915,0.00016279863481228666,0.2966883897781372,2000
dense,muon,0.0003,muon-lr3e-4,0.51456,0.6210881471633911,0.00016194539249146756,0.293351411819458,2010
dense,muon,0.0003,muon-lr3e-4,0.51712,0.6631503701210022,0.00016109215017064845,0.2868495941162109,2020
dense,muon,0.0003,muon-lr3e-4,0.51968,0.5318118333816528,0.00016023890784982932,0.24286818504333496,2030
dense,muon,0.0003,muon-lr3e-4,0.52224,0.6195685863494873,0.00015938566552901022,0.2550955295562744,2040
dense,muon,0.0003,muon-lr3e-4,0.5248,0.7093824148178101,0.0001585324232081911,0.2455690860748291,2050
dense,muon,0.0003,muon-lr3e-4,0.52736,0.6030108332633972,0.000157679180887372,0.2502432346343994,2060
dense,muon,0.0003,muon-lr3e-4,0.52992,0.7119728922843933,0.00015682593856655288,0.29907665252685545,2070
dense,muon,0.0003,muon-lr3e-4,0.53248,0.43663331866264343,0.00015597269624573377,0.26938467025756835,2080
dense,muon,0.0003,muon-lr3e-4,0.53504,0.6487537026405334,0.00015511945392491467,0.2611307382583618,2090
dense,muon,0.0003,muon-lr3e-4,0.5376,0.5677767395973206,0.00015426621160409554,0.2834184646606445,2100
dense,muon,0.0003,muon-lr3e-4,0.54016,0.7019951939582825,0.00015341296928327643,0.27045769691467286,2110
dense,muon,0.0003,muon-lr3e-4,0.54272,0.7843727469444275,0.00015255972696245733,0.2747793436050415,2120
dense,muon,0.0003,muon-lr3e-4,0.54528,0.7029165029525757,0.00015170648464163822,0.2678902864456177,2130
dense,muon,0.0003,muon-lr3e-4,0.54784,0.6403196454048157,0.0001508532423208191,0.25151262283325193,2140
dense,muon,0.0003,muon-lr3e-4,0.5504,0.7432538270950317,0.00015,0.2517724514007568,2150
dense,muon,0.0003,muon-lr3e-4,0.55296,0.5947244167327881,0.00014914675767918086,0.21917355060577393,2160
dense,muon,0.0003,muon-lr3e-4,0.55552,0.61991947889328,0.00014829351535836175,0.24252715110778808,2170
dense,muon,0.0003,muon-lr3e-4,0.55808,0.8001031875610352,0.00014744027303754265,0.28144595623016355,2180
dense,muon,0.0003,muon-lr3e-4,0.56064,0.5853680372238159,0.00014658703071672354,0.2683269023895264,2190
dense,muon,0.0003,muon-lr3e-4,0.5632,0.5930768847465515,0.0001457337883959044,0.2514453411102295,2200
dense,muon,0.0003,muon-lr3e-4,0.56576,0.7823979258537292,0.0001448805460750853,0.28919081687927245,2210
dense,muon,0.0003,muon-lr3e-4,0.56832,0.5211988091468811,0.0001440273037542662,0.23207468986511232,2220
dense,muon,0.0003,muon-lr3e-4,0.57088,0.7799675464630127,0.00014317406143344707,0.2990072250366211,2230
dense,muon,0.0003,muon-lr3e-4,0.57344,0.7684546113014221,0.00014232081911262796,0.29677929878234866,2240
dense,muon,0.0003,muon-lr3e-4,0.576,0.7360184192657471,0.00014146757679180886,0.29373464584350584,2250
dense,muon,0.0003,muon-lr3e-4,0.57856,0.6614195108413696,0.00014061433447098976,0.27743332386016845,2260
dense,muon,0.0003,muon-lr3e-4,0.58112,0.6704260110855103,0.00013976109215017062,0.23698232173919678,2270
dense,muon,0.0003,muon-lr3e-4,0.58368,0.6990007758140564,0.00013890784982935152,0.27655673027038574,2280
dense,muon,0.0003,muon-lr3e-4,0.58624,0.70163893699646,0.00013805460750853242,0.2601668119430542,2290
dense,muon,0.0003,muon-lr3e-4,0.5888,0.48412778973579407,0.00013720136518771328,0.24609947204589844,2300
dense,muon,0.0003,muon-lr3e-4,0.59136,0.640451967716217,0.00013634812286689418,0.26107542514801024,2310
dense,muon,0.0003,muon-lr3e-4,0.59392,0.793222963809967,0.00013549488054607507,0.26561341285705564,2320
dense,muon,0.0003,muon-lr3e-4,0.59648,0.509013831615448,0.00013464163822525597,0.27048697471618655,2330
dense,muon,0.0003,muon-lr3e-4,0.59904,0.6829239726066589,0.00013378839590443684,0.2633086681365967,2340
dense,muon,0.0003,muon-lr3e-4,0.6016,0.5803870558738708,0.00013293515358361773,0.2527762889862061,2350
dense,muon,0.0003,muon-lr3e-4,0.60416,0.7244101762771606,0.00013208191126279863,0.2610069036483765,2360
dense,muon,0.0003,muon-lr3e-4,0.60672,0.7066391110420227,0.0001312286689419795,0.2668426036834717,2370
dense,muon,0.0003,muon-lr3e-4,0.60928,0.5454466342926025,0.0001303754266211604,0.26397414207458497,2380
dense,muon,0.0003,muon-lr3e-4,0.61184,0.6047610640525818,0.0001295221843003413,0.27261528968811033,2390
dense,muon,0.0003,muon-lr3e-4,0.6144,0.5619915723800659,0.00012866894197952218,0.2280980110168457,2400
dense,muon,0.0003,muon-lr3e-4,0.61696,0.6286174654960632,0.00012781569965870305,0.2632802248001099,2410
dense,muon,0.0003,muon-lr3e-4,0.61952,0.5786375403404236,0.00012696245733788395,0.24266042709350585,2420
dense,muon,0.0003,muon-lr3e-4,0.62208,0.655885636806488,0.00012610921501706484,0.27741570472717286,2430
dense,muon,0.0003,muon-lr3e-4,0.62464,0.680261492729187,0.0001252559726962457,0.2746109962463379,2440
dense,muon,0.0003,muon-lr3e-4,0.6272,0.6431287527084351,0.0001244027303754266,0.26544885635375975,2450
dense,muon,0.0003,muon-lr3e-4,0.62976,0.5548219084739685,0.0001235494880546075,0.24649450778961182,2460
dense,muon,0.0003,muon-lr3e-4,0.63232,0.8149082064628601,0.0001226962457337884,0.2576740264892578,2470
dense,muon,0.0003,muon-lr3e-4,0.63488,0.6058415770530701,0.00012184300341296927,0.24362802505493164,2480
dense,muon,0.0003,muon-lr3e-4,0.63744,0.6832249760627747,0.00012098976109215016,0.26084754467010496,2490
dense,muon,0.0003,muon-lr3e-4,0.64,0.7055647373199463,0.00012013651877133104,0.2824928045272827,2500
dense,muon,0.0003,muon-lr3e-4,0.64256,0.7804422974586487,0.00011928327645051193,0.24985318183898925,2510
dense,muon,0.0003,muon-lr3e-4,0.64512,0.7326921820640564,0.00011843003412969282,0.2593368053436279,2520
dense,muon,0.0003,muon-lr3e-4,0.64768,0.6058509945869446,0.0001175767918088737,0.2563691377639771,2530
dense,muon,0.0003,muon-lr3e-4,0.65024,0.6036128997802734,0.0001167235494880546,0.23923835754394532,2540
dense,muon,0.0003,muon-lr3e-4,0.6528,0.6112450957298279,0.00011587030716723548,0.2654267311096191,2550
dense,muon,0.0003,muon-lr3e-4,0.65536,0.7776424884796143,0.00011501706484641638,0.26424150466918944,2560
dense,muon,0.0003,muon-lr3e-4,0.65792,0.68833988904953,0.00011416382252559726,0.27086448669433594,2570
dense,muon,0.0003,muon-lr3e-4,0.66048,0.593048095703125,0.00011331058020477814,0.22145705223083495,2580
dense,muon,0.0003,muon-lr3e-4,0.66304,0.6298168897628784,0.00011245733788395904,0.29277050495147705,2590
dense,muon,0.0003,muon-lr3e-4,0.6656,0.8124251961708069,0.00011160409556313992,0.25998945236206056,2600
dense,muon,0.0003,muon-lr3e-4,0.66816,0.7663580179214478,0.00011075085324232081,0.2548149585723877,2610
dense,muon,0.0003,muon-lr3e-4,0.67072,0.6114610433578491,0.0001098976109215017,0.27453956604003904,2620
dense,muon,0.0003,muon-lr3e-4,0.67328,0.629470705986023,0.00010904436860068259,0.2512615442276001,2630
dense,muon,0.0003,muon-lr3e-4,0.67584,0.7174096703529358,0.00010819112627986347,0.2604774713516235,2640
dense,muon,0.0003,muon-lr3e-4,0.6784,0.4806230664253235,0.00010733788395904436,0.22827706336975098,2650
dense,muon,0.0003,muon-lr3e-4,0.68096,0.7161478400230408,0.00010648464163822525,0.2691004276275635,2660
dense,muon,0.0003,muon-lr3e-4,0.68352,0.562150239944458,0.00010563139931740613,0.2529344081878662,2670
dense,muon,0.0003,muon-lr3e-4,0.68608,0.47891950607299805,0.00010477815699658703,0.2315906047821045,2680
dense,muon,0.0003,muon-lr3e-4,0.68864,0.6754762530326843,0.00010392491467576791,0.26838767528533936,2690
dense,muon,0.0003,muon-lr3e-4,0.6912,0.7224879860877991,0.0001030716723549488,0.2772254705429077,2700
dense,muon,0.0003,muon-lr3e-4,0.69376,0.5526136159896851,0.00010221843003412969,0.24557418823242189,2710
dense,muon,0.0003,muon-lr3e-4,0.69632,0.6540377736091614,0.00010136518771331057,0.30159008502960205,2720
dense,muon,0.0003,muon-lr3e-4,0.69888,0.6958239674568176,0.00010051194539249146,0.2891571044921875,2730
dense,muon,0.0003,muon-lr3e-4,0.70144,0.8403905630111694,9.965870307167235e-05,0.2571289539337158,2740
dense,muon,0.0003,muon-lr3e-4,0.704,0.8027089834213257,9.880546075085324e-05,0.258091402053833,2750
dense,muon,0.0003,muon-lr3e-4,0.70656,0.7150251269340515,9.795221843003412e-05,0.26133854389190675,2760
dense,muon,0.0003,muon-lr3e-4,0.70912,0.6166450381278992,9.709897610921502e-05,0.25072197914123534,2770
dense,muon,0.0003,muon-lr3e-4,0.71168,0.6141464114189148,9.62457337883959e-05,0.2471616506576538,2780
dense,muon,0.0003,muon-lr3e-4,0.71424,0.7034116387367249,9.539249146757677e-05,0.2564979553222656,2790
dense,muon,0.0003,muon-lr3e-4,0.7168,0.6023859977722168,9.453924914675768e-05,0.23608744144439697,2800
dense,muon,0.0003,muon-lr3e-4,0.71936,0.6344984173774719,9.368600682593855e-05,0.26641082763671875,2810
dense,muon,0.0003,muon-lr3e-4,0.72192,0.7388852834701538,9.283276450511946e-05,0.2601569175720215,2820
dense,muon,0.0003,muon-lr3e-4,0.72448,0.5631799697875977,9.197952218430032e-05,0.2373429775238037,2830
dense,muon,0.0003,muon-lr3e-4,0.72704,0.8306523561477661,9.112627986348123e-05,0.2632726192474365,2840
dense,muon,0.0003,muon-lr3e-4,0.7296,0.5569770932197571,9.02730375426621e-05,0.27209231853485105,2850
dense,muon,0.0003,muon-lr3e-4,0.73216,0.5973032116889954,8.941979522184298e-05,0.2551495313644409,2860
dense,muon,0.0003,muon-lr3e-4,0.73472,0.6453227996826172,8.856655290102388e-05,0.2519356727600098,2870
dense,muon,0.0003,muon-lr3e-4,0.73728,0.6101722121238708,8.771331058020476e-05,0.24940690994262696,2880
dense,muon,0.0003,muon-lr3e-4,0.73984,0.5384814143180847,8.686006825938566e-05,0.23575191497802733,2890
dense,muon,0.0003,muon-lr3e-4,0.7424,0.719370424747467,8.600682593856654e-05,0.24402928352355957,2900
dense,muon,0.0003,muon-lr3e-4,0.74496,0.5826301574707031,8.515358361774743e-05,0.2416860580444336,2910
dense,muon,0.0003,muon-lr3e-4,0.74752,0.5507009625434875,8.430034129692832e-05,0.23776111602783204,2920
dense,muon,0.0003,muon-lr3e-4,0.75008,0.6423392295837402,8.34470989761092e-05,0.24884252548217772,2930
dense,muon,0.0003,muon-lr3e-4,0.75264,0.6265326142311096,8.25938566552901e-05,0.25677244663238524,2940
dense,muon,0.0003,muon-lr3e-4,0.7552,0.7079513072967529,8.174061433447098e-05,0.2539659976959229,2950
dense,muon,0.0003,muon-lr3e-4,0.75776,0.7711379528045654,8.088737201365187e-05,0.24465022087097169,2960
dense,muon,0.0003,muon-lr3e-4,0.76032,0.6196185946464539,8.003412969283275e-05,0.25692532062530515,2970
dense,muon,0.0003,muon-lr3e-4,0.76288,0.7836577892303467,7.918088737201365e-05,0.26853022575378416,2980
dense,muon,0.0003,muon-lr3e-4,0.76544,0.7503800988197327,7.832764505119453e-05,0.2683069705963135,2990
dense,muon,0.0003,muon-lr3e-4,0.768,0.7088885307312012,7.747440273037541e-05,0.23340871334075927,3000
dense,muon,0.0003,muon-lr3e-4,0.77056,0.5998713374137878,7.662116040955631e-05,0.22400383949279784,3010
dense,muon,0.0003,muon-lr3e-4,0.77312,0.6387002468109131,7.576791808873719e-05,0.23294334411621093,3020
dense,muon,0.0003,muon-lr3e-4,0.77568,0.6769428253173828,7.491467576791807e-05,0.2556741237640381,3030
dense,muon,0.0003,muon-lr3e-4,0.77824,0.728896975517273,7.406143344709897e-05,0.24345672130584717,3040
dense,muon,0.0003,muon-lr3e-4,0.7808,0.5325058102607727,7.320819112627985e-05,0.21897401809692382,3050
dense,muon,0.0003,muon-lr3e-4,0.78336,0.6619737148284912,7.235494880546075e-05,0.23988397121429444,3060
dense,muon,0.0003,muon-lr3e-4,0.78592,0.6721893548965454,7.150170648464163e-05,0.21989424228668214,3070
dense,muon,0.0003,muon-lr3e-4,0.78848,0.609930157661438,7.064846416382252e-05,0.24531083106994628,3080
dense,muon,0.0003,muon-lr3e-4,0.79104,0.7071956396102905,6.97952218430034e-05,0.2655509948730469,3090
dense,muon,0.0003,muon-lr3e-4,0.7936,0.5654820203781128,6.894197952218429e-05,0.22952330112457275,3100
dense,muon,0.0003,muon-lr3e-4,0.79616,0.5211866497993469,6.808873720136518e-05,0.24108600616455078,3110
dense,muon,0.0003,muon-lr3e-4,0.79872,0.4493735432624817,6.723549488054606e-05,0.2077350378036499,3120
dense,muon,0.0003,muon-lr3e-4,0.80128,0.6282211542129517,6.638225255972696e-05,0.23252272605895996,3130
dense,muon,0.0003,muon-lr3e-4,0.80384,0.5850337147712708,6.552901023890784e-05,0.24599819183349608,3140
dense,muon,0.0003,muon-lr3e-4,0.8064,0.6134485602378845,6.467576791808874e-05,0.24507975578308105,3150
dense,muon,0.0003,muon-lr3e-4,0.80896,0.6169462203979492,6.382252559726962e-05,0.24836220741271972,3160
dense,muon,0.0003,muon-lr3e-4,0.81152,0.5739036202430725,6.29692832764505e-05,0.2590834617614746,3170
dense,muon,0.0003,muon-lr3e-4,0.81408,0.5399746894836426,6.21160409556314e-05,0.24812641143798828,3180
dense,muon,0.0003,muon-lr3e-4,0.81664,0.7125759124755859,6.126279863481228e-05,0.24275102615356445,3190
dense,muon,0.0003,muon-lr3e-4,0.8192,0.6754306554794312,6.040955631399317e-05,0.24399385452270508,3200
dense,muon,0.0003,muon-lr3e-4,0.82176,0.6508973836898804,5.9556313993174056e-05,0.24587016105651854,3210
dense,muon,0.0003,muon-lr3e-4,0.82432,0.7918569445610046,5.8703071672354944e-05,0.23893680572509765,3220
dense,muon,0.0003,muon-lr3e-4,0.82688,0.5676676630973816,5.784982935153583e-05,0.21726975440979004,3230
dense,muon,0.0003,muon-lr3e-4,0.82944,0.6943890452384949,5.6996587030716715e-05,0.2446505069732666,3240
dense,muon,0.0003,muon-lr3e-4,0.832,0.5539337992668152,5.6143344709897604e-05,0.24762864112854005,3250
dense,muon,0.0003,muon-lr3e-4,0.83456,0.6384149193763733,5.529010238907849e-05,0.26375975608825686,3260
dense,muon,0.0003,muon-lr3e-4,0.83712,0.5512390732765198,5.443686006825938e-05,0.22838435173034669,3270
dense,muon,0.0003,muon-lr3e-4,0.83968,0.6588714718818665,5.358361774744027e-05,0.26461262702941896,3280
dense,muon,0.0003,muon-lr3e-4,0.84224,0.54789137840271,5.273037542662116e-05,0.2378248929977417,3290
dense,muon,0.0003,muon-lr3e-4,0.8448,0.5666836500167847,5.187713310580205e-05,0.23324966430664062,3300
dense,muon,0.0003,muon-lr3e-4,0.84736,0.572236955165863,5.1023890784982936e-05,0.2347630023956299,3310
dense,muon,0.0003,muon-lr3e-4,0.84992,0.5237501263618469,5.017064846416382e-05,0.2305908679962158,3320
dense,muon,0.0003,muon-lr3e-4,0.85248,0.6415159702301025,4.9317406143344707e-05,0.2717783212661743,3330
dense,muon,0.0003,muon-lr3e-4,0.85504,0.6103518605232239,4.8464163822525595e-05,0.23278748989105225,3340
dense,muon,0.0003,muon-lr3e-4,0.8576,0.6080638766288757,4.7610921501706484e-05,0.2407308578491211,3350
dense,muon,0.0003,muon-lr3e-4,0.86016,0.5107126832008362,4.675767918088737e-05,0.2804658651351929,3360
dense,muon,0.0003,muon-lr3e-4,0.86272,0.5665000081062317,4.590443686006826e-05,0.23050260543823242,3370
dense,muon,0.0003,muon-lr3e-4,0.86528,0.7358741164207458,4.505119453924915e-05,0.2394770622253418,3380
dense,muon,0.0003,muon-lr3e-4,0.86784,0.5531488060951233,4.4197952218430025e-05,0.24524598121643065,3390
dense,muon,0.0003,muon-lr3e-4,0.8704,0.6879173517227173,4.3344709897610914e-05,0.2656290054321289,3400
dense,muon,0.0003,muon-lr3e-4,0.87296,0.6237850189208984,4.24914675767918e-05,0.25175583362579346,3410
dense,muon,0.0003,muon-lr3e-4,0.87552,0.6570219993591309,4.163822525597269e-05,0.2463986396789551,3420
dense,muon,0.0003,muon-lr3e-4,0.87808,0.7251288294792175,4.078498293515358e-05,0.2659580945968628,3430
dense,muon,0.0003,muon-lr3e-4,0.88064,0.588761031627655,3.993174061433447e-05,0.25740981101989746,3440
dense,muon,0.0003,muon-lr3e-4,0.8832,0.6904973983764648,3.907849829351536e-05,0.2609074115753174,3450
dense,muon,0.0003,muon-lr3e-4,0.88576,0.554650604724884,3.822525597269624e-05,0.24686603546142577,3460
dense,muon,0.0003,muon-lr3e-4,0.88832,0.663364827632904,3.737201365187713e-05,0.272975492477417,3470
dense,muon,0.0003,muon-lr3e-4,0.89088,0.4753757417201996,3.651877133105802e-05,0.2519343852996826,3480
dense,muon,0.0003,muon-lr3e-4,0.89344,0.6962724924087524,3.5665529010238906e-05,0.24754810333251953,3490
dense,muon,0.0003,muon-lr3e-4,0.896,0.4815559685230255,3.4812286689419794e-05,0.25079586505889895,3500
dense,muon,0.0003,muon-lr3e-4,0.89856,0.6124899387359619,3.3959044368600676e-05,0.23749017715454102,3510
dense,muon,0.0003,muon-lr3e-4,0.90112,0.6671128273010254,3.3105802047781565e-05,0.2613258361816406,3520
dense,muon,0.0003,muon-lr3e-4,0.90368,0.6192513108253479,3.2252559726962454e-05,0.26335821151733396,3530
dense,muon,0.0003,muon-lr3e-4,0.90624,0.6940775513648987,3.139931740614334e-05,0.2415844202041626,3540
dense,muon,0.0003,muon-lr3e-4,0.9088,0.5810548067092896,3.054607508532423e-05,0.25542852878570554,3550
dense,muon,0.0003,muon-lr3e-4,0.91136,0.5715453624725342,2.9692832764505117e-05,0.2567683458328247,3560
dense,muon,0.0003,muon-lr3e-4,0.91392,0.6485815644264221,2.8839590443686005e-05,0.2598999261856079,3570
dense,muon,0.0003,muon-lr3e-4,0.91648,0.7691982388496399,2.798634812286689e-05,0.24522335529327394,3580
dense,muon,0.0003,muon-lr3e-4,0.91904,0.5813073515892029,2.713310580204778e-05,0.2629194498062134,3590
dense,muon,0.0003,muon-lr3e-4,0.9216,0.7768027782440186,2.6279863481228668e-05,0.22688722610473633,3600
dense,muon,0.0003,muon-lr3e-4,0.92416,0.5022453665733337,2.5426621160409553e-05,0.2525299310684204,3610
dense,muon,0.0003,muon-lr3e-4,0.92672,0.4872259199619293,2.4573378839590442e-05,0.2368544578552246,3620
dense,muon,0.0003,muon-lr3e-4,0.92928,0.6955660581588745,2.372013651877133e-05,0.25580706596374514,3630
dense,muon,0.0003,muon-lr3e-4,0.93184,0.5839580297470093,2.286689419795222e-05,0.2593874931335449,3640
dense,muon,0.0003,muon-lr3e-4,0.9344,0.5125230550765991,2.20136518771331e-05,0.25003862380981445,3650
dense,muon,0.0003,muon-lr3e-4,0.93696,0.6206635236740112,2.116040955631399e-05,0.25981597900390624,3660
dense,muon,0.0003,muon-lr3e-4,0.93952,0.6071962714195251,2.030716723549488e-05,0.2695610761642456,3670
dense,muon,0.0003,muon-lr3e-4,0.94208,0.5323714017868042,1.9453924914675764e-05,0.2359701633453369,3680
dense,muon,0.0003,muon-lr3e-4,0.94464,0.7849674820899963,1.8600682593856653e-05,0.2589106559753418,3690
dense,muon,0.0003,muon-lr3e-4,0.9472,0.5531355738639832,1.7747440273037542e-05,0.23173773288726807,3700
dense,muon,0.0003,muon-lr3e-4,0.94976,0.6139779686927795,1.6894197952218427e-05,0.27689549922943113,3710
dense,muon,0.0003,muon-lr3e-4,0.95232,0.7779650688171387,1.6040955631399316e-05,0.23391480445861818,3720
dense,muon,0.0003,muon-lr3e-4,0.95488,0.7476191520690918,1.5187713310580203e-05,0.2699373006820679,3730
dense,muon,0.0003,muon-lr3e-4,0.95744,0.6709651947021484,1.4334470989761092e-05,0.25227017402648927,3740
dense,muon,0.0003,muon-lr3e-4,0.96,0.5651601552963257,1.3481228668941979e-05,0.2451178550720215,3750
dense,muon,0.0003,muon-lr3e-4,0.96256,0.5753493905067444,1.2627986348122866e-05,0.2316263198852539,3760
dense,muon,0.0003,muon-lr3e-4,0.96512,0.897736668586731,1.1774744027303754e-05,0.257868218421936,3770
dense,muon,0.0003,muon-lr3e-4,0.96768,0.571619987487793,1.092150170648464e-05,0.246321702003479,3780
dense,muon,0.0003,muon-lr3e-4,0.97024,0.6478185653686523,1.0068259385665528e-05,0.20802974700927734,3790
dense,muon,0.0003,muon-lr3e-4,0.9728,0.4261590838432312,9.215017064846415e-06,0.21909732818603517,3800
dense,muon,0.0003,muon-lr3e-4,0.97536,0.6874491572380066,8.361774744027302e-06,0.25458946228027346,3810
dense,muon,0.0003,muon-lr3e-4,0.97792,0.647504448890686,7.50853242320819e-06,0.2759323835372925,3820
dense,muon,0.0003,muon-lr3e-4,0.98048,0.6317326426506042,6.655290102389078e-06,0.2392503499984741,3830
dense,muon,0.0003,muon-lr3e-4,0.98304,0.6162473559379578,5.802047781569966e-06,0.2677410125732422,3840
dense,muon,0.0003,muon-lr3e-4,0.9856,0.7244914770126343,4.948805460750853e-06,0.24131550788879394,3850
dense,muon,0.0003,muon-lr3e-4,0.98816,0.5351868271827698,4.09556313993174e-06,0.23149497509002687,3860
dense,muon,0.0003,muon-lr3e-4,0.99072,0.5086095929145813,3.242320819112628e-06,0.22299818992614745,3870
dense,muon,0.0003,muon-lr3e-4,0.99328,0.5714086294174194,2.389078498293515e-06,0.23849234580993653,3880
dense,muon,0.0003,muon-lr3e-4,0.99584,0.5220538377761841,1.5358361774744026e-06,0.22453598976135253,3890
dense,muon,0.0003,muon-lr3e-4,0.9984,0.6257765293121338,6.8259385665529e-07,0.2641456127166748,3900
dense,muon,0.001,muon-lr1e-3,0.000256,2.1911656856536865,0.0,1.2221720218658447,1
dense,muon,0.001,muon-lr1e-3,0.00256,2.188462257385254,2.3017902813299234e-05,1.2161710527208116,10
dense,muon,0.001,muon-lr1e-3,0.00512,2.3324129581451416,4.859335038363171e-05,1.2048765182495118,20
dense,muon,0.001,muon-lr1e-3,0.00768,2.406277656555176,7.41687979539642e-05,1.1277984619140624,30
dense,muon,0.001,muon-lr1e-3,0.01024,1.9360153675079346,9.974424552429667e-05,1.139439582824707,40
dense,muon,0.001,muon-lr1e-3,0.0128,1.8727631568908691,0.00012531969309462915,1.019554328918457,50
dense,muon,0.001,muon-lr1e-3,0.01536,1.4904694557189941,0.00015089514066496162,0.9575146675109864,60
dense,muon,0.001,muon-lr1e-3,0.01792,1.676823377609253,0.00017647058823529413,0.906887435913086,70
dense,muon,0.001,muon-lr1e-3,0.02048,1.4897030591964722,0.0002020460358056266,0.8606271743774414,80
dense,muon,0.001,muon-lr1e-3,0.02304,1.3642228841781616,0.0002276214833759591,0.7824724197387696,90
dense,muon,0.001,muon-lr1e-3,0.0256,1.3744499683380127,0.0002531969309462916,0.7104849815368652,100
dense,muon,0.001,muon-lr1e-3,0.02816,1.2743149995803833,0.00027877237851662407,0.7252198696136475,110
dense,muon,0.001,muon-lr1e-3,0.03072,1.2551640272140503,0.00030434782608695655,0.6790615558624268,120
dense,muon,0.001,muon-lr1e-3,0.03328,1.3755325078964233,0.00032992327365728903,0.688283634185791,130
dense,muon,0.001,muon-lr1e-3,0.03584,1.0435055494308472,0.0003554987212276215,0.5642332077026367,140
dense,muon,0.001,muon-lr1e-3,0.0384,0.9878346920013428,0.000381074168797954,0.5943125724792481,150
dense,muon,0.001,muon-lr1e-3,0.04096,1.0617226362228394,0.00040664961636828646,0.5070000171661377,160
dense,muon,0.001,muon-lr1e-3,0.04352,1.0307127237319946,0.00043222506393861894,0.5399517059326172,170
dense,muon,0.001,muon-lr1e-3,0.04608,0.9064451456069946,0.0004578005115089514,0.4997446537017822,180
dense,muon,0.001,muon-lr1e-3,0.04864,0.7511568069458008,0.0004833759590792839,0.41875133514404295,190
dense,muon,0.001,muon-lr1e-3,0.0512,0.6411415934562683,0.0005089514066496163,0.46964478492736816,200
dense,muon,0.001,muon-lr1e-3,0.05376,1.034469485282898,0.0005345268542199488,0.45436758995056153,210
dense,muon,0.001,muon-lr1e-3,0.05632,0.9085018038749695,0.0005601023017902813,0.45648937225341796,220
dense,muon,0.001,muon-lr1e-3,0.05888,0.8523626327514648,0.0005856777493606138,0.4966212272644043,230
dense,muon,0.001,muon-lr1e-3,0.06144,0.8369234800338745,0.0006112531969309462,0.4541905403137207,240
dense,muon,0.001,muon-lr1e-3,0.064,0.620329737663269,0.0006368286445012787,0.4299814224243164,250
dense,muon,0.001,muon-lr1e-3,0.06656,0.8657623529434204,0.0006624040920716112,0.4087202072143555,260
dense,muon,0.001,muon-lr1e-3,0.06912,0.847125232219696,0.0006879795396419437,0.39518911838531495,270
dense,muon,0.001,muon-lr1e-3,0.07168,0.8940255641937256,0.0007135549872122762,0.41068315505981445,280
dense,muon,0.001,muon-lr1e-3,0.07424,0.9465801119804382,0.0007391304347826086,0.4146294593811035,290
dense,muon,0.001,muon-lr1e-3,0.0768,0.7086198925971985,0.0007647058823529411,0.3892946481704712,300
dense,muon,0.001,muon-lr1e-3,0.07936,0.6778916120529175,0.0007902813299232737,0.4023857116699219,310
dense,muon,0.001,muon-lr1e-3,0.08192,0.7034137845039368,0.0008158567774936062,0.34834182262420654,320
dense,muon,0.001,muon-lr1e-3,0.08448,0.8005434274673462,0.0008414322250639387,0.35993223190307616,330
dense,muon,0.001,muon-lr1e-3,0.08704,0.887289822101593,0.0008670076726342711,0.3951122283935547,340
dense,muon,0.001,muon-lr1e-3,0.0896,0.7793709635734558,0.0008925831202046036,0.3491032600402832,350
dense,muon,0.001,muon-lr1e-3,0.09216,0.8446915745735168,0.0009181585677749361,0.3653195142745972,360
dense,muon,0.001,muon-lr1e-3,0.09472,0.6919617056846619,0.0009437340153452686,0.35763278007507326,370
dense,muon,0.001,muon-lr1e-3,0.09728,0.7645658850669861,0.000969309462915601,0.3783090353012085,380
dense,muon,0.001,muon-lr1e-3,0.09984,0.7223070859909058,0.0009948849104859335,0.3750983715057373,390
dense,muon,0.001,muon-lr1e-3,0.1024,0.6921895742416382,0.0009977246871444823,0.37493896484375,400
dense,muon,0.001,muon-lr1e-3,0.10496,0.6691870093345642,0.0009948805460750854,0.3613436698913574,410
dense,muon,0.001,muon-lr1e-3,0.10752,0.8621340990066528,0.0009920364050056882,0.33772783279418944,420
dense,muon,0.001,muon-lr1e-3,0.11008,0.7634508609771729,0.0009891922639362913,0.3521092414855957,430
dense,muon,0.001,muon-lr1e-3,0.11264,0.5928394794464111,0.0009863481228668941,0.3750272035598755,440
dense,muon,0.001,muon-lr1e-3,0.1152,0.7831002473831177,0.0009835039817974972,0.3557175397872925,450
dense,muon,0.001,muon-lr1e-3,0.11776,0.6482205390930176,0.0009806598407281,0.359004545211792,460
dense,muon,0.001,muon-lr1e-3,0.12032,0.7813498377799988,0.000977815699658703,0.3797227144241333,470
dense,muon,0.001,muon-lr1e-3,0.12288,0.8676267862319946,0.000974971558589306,0.3921724557876587,480
dense,muon,0.001,muon-lr1e-3,0.12544,0.6729742288589478,0.000972127417519909,0.35533366203308103,490
dense,muon,0.001,muon-lr1e-3,0.128,0.5263157486915588,0.0009692832764505119,0.374117112159729,500
dense,muon,0.001,muon-lr1e-3,0.13056,0.6320646405220032,0.000966439135381115,0.42099246978759763,510
dense,muon,0.001,muon-lr1e-3,0.13312,0.6494515538215637,0.0009635949943117179,0.3599682807922363,520
dense,muon,0.001,muon-lr1e-3,0.13568,0.7541359066963196,0.0009607508532423208,0.3815728187561035,530
dense,muon,0.001,muon-lr1e-3,0.13824,0.7466980218887329,0.0009579067121729238,0.34003334045410155,540
dense,muon,0.001,muon-lr1e-3,0.1408,0.7427183389663696,0.0009550625711035268,0.3568584442138672,550
dense,muon,0.001,muon-lr1e-3,0.14336,0.837391197681427,0.0009522184300341296,0.3940211057662964,560
dense,muon,0.001,muon-lr1e-3,0.14592,0.635034441947937,0.0009493742889647327,0.32771883010864256,570
dense,muon,0.001,muon-lr1e-3,0.14848,0.6743951439857483,0.0009465301478953356,0.3482940673828125,580
dense,muon,0.001,muon-lr1e-3,0.15104,0.7163880467414856,0.0009436860068259387,0.3464707612991333,590
dense,muon,0.001,muon-lr1e-3,0.1536,0.9429779648780823,0.0009408418657565415,0.3459141731262207,600
dense,muon,0.001,muon-lr1e-3,0.15616,0.8286478519439697,0.0009379977246871445,0.3559704303741455,610
dense,muon,0.001,muon-lr1e-3,0.15872,0.6863345503807068,0.0009351535836177475,0.34241228103637694,620
dense,muon,0.001,muon-lr1e-3,0.16128,0.7947006821632385,0.0009323094425483504,0.3601487636566162,630
dense,muon,0.001,muon-lr1e-3,0.16384,0.7267076969146729,0.0009294653014789533,0.3661339282989502,640
dense,muon,0.001,muon-lr1e-3,0.1664,0.6877399682998657,0.0009266211604095564,0.3890263795852661,650
dense,muon,0.001,muon-lr1e-3,0.16896,0.715185821056366,0.0009237770193401593,0.3230898380279541,660
dense,muon,0.001,muon-lr1e-3,0.17152,0.5720891952514648,0.0009209328782707622,0.33282270431518557,670
dense,muon,0.001,muon-lr1e-3,0.17408,0.7370860576629639,0.0009180887372013652,0.37524707317352296,680
dense,muon,0.001,muon-lr1e-3,0.17664,0.7014560103416443,0.0009152445961319682,0.36153526306152345,690
dense,muon,0.001,muon-lr1e-3,0.1792,0.5701011419296265,0.0009124004550625711,0.3617027044296265,700
dense,muon,0.001,muon-lr1e-3,0.18176,0.6710494160652161,0.0009095563139931741,0.33767340183258054,710
dense,muon,0.001,muon-lr1e-3,0.18432,0.6828821301460266,0.000906712172923777,0.38399057388305663,720
dense,muon,0.001,muon-lr1e-3,0.18688,0.611960768699646,0.0009038680318543801,0.32921643257141114,730
dense,muon,0.001,muon-lr1e-3,0.18944,0.6046414971351624,0.0009010238907849829,0.34266958236694334,740
dense,muon,0.001,muon-lr1e-3,0.192,0.6780774593353271,0.0008981797497155859,0.3506732702255249,750
dense,muon,0.001,muon-lr1e-3,0.19456,0.7790221571922302,0.0008953356086461889,0.3589099168777466,760
dense,muon,0.001,muon-lr1e-3,0.19712,0.7722801566123962,0.0008924914675767918,0.3464916944503784,770
dense,muon,0.001,muon-lr1e-3,0.19968,0.8101522326469421,0.0008896473265073947,0.3855700969696045,780
dense,muon,0.001,muon-lr1e-3,0.20224,0.7034554481506348,0.0008868031854379978,0.3278256893157959,790
dense,muon,0.001,muon-lr1e-3,0.2048,0.7908519506454468,0.0008839590443686007,0.3630815982818604,800
dense,muon,0.001,muon-lr1e-3,0.20736,0.6296685934066772,0.0008811149032992037,0.36026506423950194,810
dense,muon,0.001,muon-lr1e-3,0.20992,0.5785447955131531,0.0008782707622298066,0.35489869117736816,820
dense,muon,0.001,muon-lr1e-3,0.21248,0.5349932909011841,0.0008754266211604096,0.33726210594177247,830
dense,muon,0.001,muon-lr1e-3,0.21504,0.6329779028892517,0.0008725824800910125,0.3570242881774902,840
dense,muon,0.001,muon-lr1e-3,0.2176,0.7007206678390503,0.0008697383390216155,0.322359037399292,850
dense,muon,0.001,muon-lr1e-3,0.22016,0.6471006274223328,0.0008668941979522184,0.3078650951385498,860
dense,muon,0.001,muon-lr1e-3,0.22272,0.6507113575935364,0.0008640500568828215,0.3042593002319336,870
dense,muon,0.001,muon-lr1e-3,0.22528,0.6132283806800842,0.0008612059158134243,0.359433650970459,880
dense,muon,0.001,muon-lr1e-3,0.22784,0.7873498201370239,0.0008583617747440274,0.3454128742218018,890
dense,muon,0.001,muon-lr1e-3,0.2304,0.605858325958252,0.0008555176336746303,0.32449588775634763,900
dense,muon,0.001,muon-lr1e-3,0.23296,0.8405351042747498,0.0008526734926052332,0.3297373533248901,910
dense,muon,0.001,muon-lr1e-3,0.23552,0.8680207133293152,0.0008498293515358362,0.3923237085342407,920
dense,muon,0.001,muon-lr1e-3,0.23808,0.6241012811660767,0.0008469852104664392,0.36123995780944823,930
dense,muon,0.001,muon-lr1e-3,0.24064,0.6618221402168274,0.0008441410693970421,0.3437460660934448,940
dense,muon,0.001,muon-lr1e-3,0.2432,0.6874744296073914,0.0008412969283276451,0.33302907943725585,950
dense,muon,0.001,muon-lr1e-3,0.24576,0.6436867713928223,0.000838452787258248,0.36124410629272463,960
dense,muon,0.001,muon-lr1e-3,0.24832,0.5197658538818359,0.0008356086461888511,0.3203878879547119,970
dense,muon,0.001,muon-lr1e-3,0.25088,0.7181069254875183,0.0008327645051194539,0.376708459854126,980
dense,muon,0.001,muon-lr1e-3,0.25344,0.5737996101379395,0.0008299203640500569,0.3054375171661377,990
dense,muon,0.001,muon-lr1e-3,0.256,0.5991741418838501,0.0008270762229806599,0.3296865463256836,1000
dense,muon,0.001,muon-lr1e-3,0.25856,0.5231204032897949,0.0008242320819112629,0.31768319606781004,1010
dense,muon,0.001,muon-lr1e-3,0.26112,0.7864757180213928,0.0008213879408418657,0.33533377647399903,1020
dense,muon,0.001,muon-lr1e-3,0.26368,0.72831130027771,0.0008185437997724688,0.3223532199859619,1030
dense,muon,0.001,muon-lr1e-3,0.26624,0.5764639377593994,0.0008156996587030717,0.29767603874206544,1040
dense,muon,0.001,muon-lr1e-3,0.2688,0.6821221709251404,0.0008128555176336746,0.3333974599838257,1050
dense,muon,0.001,muon-lr1e-3,0.27136,0.5284092426300049,0.0008100113765642776,0.30690827369689944,1060
dense,muon,0.001,muon-lr1e-3,0.27392,0.7220195531845093,0.0008071672354948806,0.34835495948791506,1070
dense,muon,0.001,muon-lr1e-3,0.27648,0.554524302482605,0.0008043230944254836,0.32200422286987307,1080
dense,muon,0.001,muon-lr1e-3,0.27904,0.7567601203918457,0.0008014789533560865,0.3446155071258545,1090
dense,muon,0.001,muon-lr1e-3,0.2816,0.6102539896965027,0.0007986348122866894,0.3565071105957031,1100
dense,muon,0.001,muon-lr1e-3,0.28416,0.7408287525177002,0.0007957906712172925,0.324238920211792,1110
dense,muon,0.001,muon-lr1e-3,0.28672,0.6012426018714905,0.0007929465301478953,0.33993802070617674,1120
dense,muon,0.001,muon-lr1e-3,0.28928,0.692258894443512,0.0007901023890784983,0.3176608085632324,1130
dense,muon,0.001,muon-lr1e-3,0.29184,0.8312439918518066,0.0007872582480091013,0.3169074535369873,1140
dense,muon,0.001,muon-lr1e-3,0.2944,0.7024219632148743,0.0007844141069397043,0.33763852119445803,1150
dense,muon,0.001,muon-lr1e-3,0.29696,0.7502211332321167,0.0007815699658703072,0.31222240924835204,1160
dense,muon,0.001,muon-lr1e-3,0.29952,0.5867408514022827,0.0007787258248009102,0.32056565284729005,1170
dense,muon,0.001,muon-lr1e-3,0.30208,0.6482287049293518,0.0007758816837315131,0.3479146957397461,1180
dense,muon,0.001,muon-lr1e-3,0.30464,0.5548223853111267,0.000773037542662116,0.3720133304595947,1190
dense,muon,0.001,muon-lr1e-3,0.3072,0.7608132362365723,0.000770193401592719,0.3440852642059326,1200
dense,muon,0.001,muon-lr1e-3,0.30976,0.7335911989212036,0.000767349260523322,0.3043246269226074,1210
dense,muon,0.001,muon-lr1e-3,0.31232,0.5976465940475464,0.000764505119453925,0.35984766483306885,1220
dense,muon,0.001,muon-lr1e-3,0.31488,0.6325601935386658,0.0007616609783845278,0.34746646881103516,1230
dense,muon,0.001,muon-lr1e-3,0.31744,0.5633731484413147,0.0007588168373151308,0.3272079944610596,1240
dense,muon,0.001,muon-lr1e-3,0.32,0.7755644917488098,0.0007559726962457339,0.33061096668243406,1250
dense,muon,0.001,muon-lr1e-3,0.32256,0.5955508351325989,0.0007531285551763367,0.33700857162475584,1260
dense,muon,0.001,muon-lr1e-3,0.32512,0.7027555704116821,0.0007502844141069398,0.34196503162384034,1270
dense,muon,0.001,muon-lr1e-3,0.32768,0.7036318182945251,0.0007474402730375427,0.32900497913360593,1280
dense,muon,0.001,muon-lr1e-3,0.33024,0.5465278029441833,0.0007445961319681457,0.29722161293029786,1290
dense,muon,0.001,muon-lr1e-3,0.3328,0.6742246150970459,0.0007417519908987486,0.3189213752746582,1300
dense,muon,0.001,muon-lr1e-3,0.33536,0.6519914865493774,0.0007389078498293515,0.3324688196182251,1310
dense,muon,0.001,muon-lr1e-3,0.33792,0.7236464619636536,0.0007360637087599545,0.3188961982727051,1320
dense,muon,0.001,muon-lr1e-3,0.34048,0.7151651978492737,0.0007332195676905574,0.3111985206604004,1330
dense,muon,0.001,muon-lr1e-3,0.34304,0.6537220478057861,0.0007303754266211604,0.3619267463684082,1340
dense,muon,0.001,muon-lr1e-3,0.3456,0.6010719537734985,0.0007275312855517635,0.3187873840332031,1350
dense,muon,0.001,muon-lr1e-3,0.34816,0.7169967293739319,0.0007246871444823664,0.3399665355682373,1360
dense,muon,0.001,muon-lr1e-3,0.35072,0.48979976773262024,0.0007218430034129692,0.30085978507995603,1370
dense,muon,0.001,muon-lr1e-3,0.35328,0.6629475951194763,0.0007189988623435723,0.3208921432495117,1380
dense,muon,0.001,muon-lr1e-3,0.35584,0.6038047075271606,0.0007161547212741752,0.30218698978424074,1390
dense,muon,0.001,muon-lr1e-3,0.3584,0.6599642038345337,0.0007133105802047781,0.35566134452819825,1400
dense,muon,0.001,muon-lr1e-3,0.36096,0.6323687434196472,0.0007104664391353811,0.33716402053833006,1410
dense,muon,0.001,muon-lr1e-3,0.36352,0.6275659203529358,0.0007076222980659841,0.29090836048126223,1420
dense,muon,0.001,muon-lr1e-3,0.36608,0.825973391532898,0.000704778156996587,0.3249215602874756,1430
dense,muon,0.001,muon-lr1e-3,0.36864,0.693374514579773,0.00070193401592719,0.31238369941711425,1440
dense,muon,0.001,muon-lr1e-3,0.3712,0.8060020208358765,0.0006990898748577929,0.3650838851928711,1450
dense,muon,0.001,muon-lr1e-3,0.37376,0.5572600364685059,0.000696245733788396,0.3359669208526611,1460
dense,muon,0.001,muon-lr1e-3,0.37632,0.5648089647293091,0.0006934015927189988,0.3178856372833252,1470
dense,muon,0.001,muon-lr1e-3,0.37888,0.6934831142425537,0.0006905574516496018,0.35734167098999026,1480
dense,muon,0.001,muon-lr1e-3,0.38144,0.7346016764640808,0.0006877133105802048,0.3322479248046875,1490
dense,muon,0.001,muon-lr1e-3,0.384,0.7078835964202881,0.0006848691695108078,0.3094973087310791,1500
dense,muon,0.001,muon-lr1e-3,0.38656,0.6064748764038086,0.0006820250284414106,0.32636704444885256,1510
dense,muon,0.001,muon-lr1e-3,0.38912,0.6212010979652405,0.0006791808873720137,0.28983097076416015,1520
dense,muon,0.001,muon-lr1e-3,0.39168,0.6963347792625427,0.0006763367463026166,0.3254712104797363,1530
dense,muon,0.001,muon-lr1e-3,0.39424,0.6404057145118713,0.0006734926052332196,0.3029623031616211,1540
dense,muon,0.001,muon-lr1e-3,0.3968,0.6213981509208679,0.0006706484641638225,0.3295513868331909,1550
dense,muon,0.001,muon-lr1e-3,0.39936,0.6285273432731628,0.0006678043230944255,0.34044365882873534,1560
dense,muon,0.001,muon-lr1e-3,0.40192,0.6871131062507629,0.0006649601820250285,0.3276416301727295,1570
dense,muon,0.001,muon-lr1e-3,0.40448,0.5342508554458618,0.0006621160409556314,0.28623623847961427,1580
dense,muon,0.001,muon-lr1e-3,0.40704,0.41257503628730774,0.0006592718998862343,0.28659634590148925,1590
dense,muon,0.001,muon-lr1e-3,0.4096,0.5822091698646545,0.0006564277588168374,0.30317015647888185,1600
dense,muon,0.001,muon-lr1e-3,0.41216,0.7071526646614075,0.0006535836177474402,0.35686459541320803,1610
dense,muon,0.001,muon-lr1e-3,0.41472,0.511669397354126,0.0006507394766780432,0.3138566255569458,1620
dense,muon,0.001,muon-lr1e-3,0.41728,0.659611701965332,0.0006478953356086462,0.30920968055725095,1630
dense,muon,0.001,muon-lr1e-3,0.41984,0.5253695845603943,0.0006450511945392492,0.32711405754089357,1640
dense,muon,0.001,muon-lr1e-3,0.4224,0.6614875197410583,0.0006422070534698521,0.26652989387512205,1650
dense,muon,0.001,muon-lr1e-3,0.42496,0.6679162979125977,0.0006393629124004551,0.3257641553878784,1660
dense,muon,0.001,muon-lr1e-3,0.42752,0.5890027284622192,0.000636518771331058,0.3101442813873291,1670
dense,muon,0.001,muon-lr1e-3,0.43008,1.0169240236282349,0.000633674630261661,0.3255086183547974,1680
dense,muon,0.001,muon-lr1e-3,0.43264,0.6603987812995911,0.0006308304891922639,0.29103066921234133,1690
dense,muon,0.001,muon-lr1e-3,0.4352,0.5681999325752258,0.0006279863481228669,0.35429773330688474,1700
dense,muon,0.001,muon-lr1e-3,0.43776,0.6526325345039368,0.0006251422070534699,0.30894975662231444,1710
dense,muon,0.001,muon-lr1e-3,0.44032,0.5952779054641724,0.0006222980659840728,0.32589216232299806,1720
dense,muon,0.001,muon-lr1e-3,0.44288,0.5701302886009216,0.0006194539249146758,0.30488760471343995,1730
dense,muon,0.001,muon-lr1e-3,0.44544,0.6266794204711914,0.0006166097838452788,0.3292419910430908,1740
dense,muon,0.001,muon-lr1e-3,0.448,0.763497531414032,0.0006137656427758816,0.33803911209106446,1750
dense,muon,0.001,muon-lr1e-3,0.45056,0.7479292154312134,0.0006109215017064847,0.35229926109313964,1760
dense,muon,0.001,muon-lr1e-3,0.45312,0.5542616844177246,0.0006080773606370876,0.28427700996398925,1770
dense,muon,0.001,muon-lr1e-3,0.45568,0.7769415378570557,0.0006052332195676906,0.3208759307861328,1780
dense,muon,0.001,muon-lr1e-3,0.45824,0.5983325242996216,0.0006023890784982935,0.2905402898788452,1790
dense,muon,0.001,muon-lr1e-3,0.4608,0.5563968420028687,0.0005995449374288965,0.31705522537231445,1800
dense,muon,0.001,muon-lr1e-3,0.46336,0.6753876805305481,0.0005967007963594994,0.3027313232421875,1810
dense,muon,0.001,muon-lr1e-3,0.46592,0.6048470139503479,0.0005938566552901024,0.30758070945739746,1820
dense,muon,0.001,muon-lr1e-3,0.46848,0.7287097573280334,0.0005910125142207053,0.30910820960998536,1830
dense,muon,0.001,muon-lr1e-3,0.47104,0.6311561465263367,0.0005881683731513084,0.31107430458068847,1840
dense,muon,0.001,muon-lr1e-3,0.4736,0.4894633889198303,0.0005853242320819113,0.31988298892974854,1850
dense,muon,0.001,muon-lr1e-3,0.47616,0.6787717938423157,0.0005824800910125142,0.29250802993774416,1860
dense,muon,0.001,muon-lr1e-3,0.47872,0.6752551198005676,0.0005796359499431172,0.3286621570587158,1870
dense,muon,0.001,muon-lr1e-3,0.48128,0.5537895560264587,0.0005767918088737202,0.3020036697387695,1880
dense,muon,0.001,muon-lr1e-3,0.48384,0.7246098518371582,0.000573947667804323,0.3500549793243408,1890
dense,muon,0.001,muon-lr1e-3,0.4864,0.45605531334877014,0.0005711035267349261,0.3064520835876465,1900
dense,muon,0.001,muon-lr1e-3,0.48896,0.5323063731193542,0.000568259385665529,0.28879120349884035,1910
dense,muon,0.001,muon-lr1e-3,0.49152,0.6992704272270203,0.0005654152445961321,0.3257922172546387,1920
dense,muon,0.001,muon-lr1e-3,0.49408,0.7162995934486389,0.0005625711035267349,0.2795759677886963,1930
dense,muon,0.001,muon-lr1e-3,0.49664,0.7114970684051514,0.0005597269624573379,0.29346332550048826,1940
dense,muon,0.001,muon-lr1e-3,0.4992,0.5326501131057739,0.0005568828213879409,0.2903226613998413,1950
dense,muon,0.001,muon-lr1e-3,0.50176,0.6451256275177002,0.0005540386803185438,0.31225898265838625,1960
dense,muon,0.001,muon-lr1e-3,0.50432,0.5852026343345642,0.0005511945392491467,0.28722729682922366,1970
dense,muon,0.001,muon-lr1e-3,0.50688,0.6561596989631653,0.0005483503981797498,0.29673764705657957,1980
dense,muon,0.001,muon-lr1e-3,0.50944,0.5927805304527283,0.0005455062571103527,0.3092482328414917,1990
dense,muon,0.001,muon-lr1e-3,0.512,0.7716619372367859,0.0005426621160409556,0.34323549270629883,2000
dense,muon,0.001,muon-lr1e-3,0.51456,0.5077007412910461,0.0005398179749715586,0.2954090118408203,2010
dense,muon,0.001,muon-lr1e-3,0.51712,0.7145911455154419,0.0005369738339021616,0.31300883293151854,2020
dense,muon,0.001,muon-lr1e-3,0.51968,0.5179505348205566,0.0005341296928327645,0.26599817276000975,2030
dense,muon,0.001,muon-lr1e-3,0.52224,0.5123596787452698,0.0005312855517633675,0.272039794921875,2040
dense,muon,0.001,muon-lr1e-3,0.5248,0.6094256639480591,0.0005284414106939704,0.27759709358215334,2050
dense,muon,0.001,muon-lr1e-3,0.52736,0.5757932066917419,0.0005255972696245735,0.29970507621765136,2060
dense,muon,0.001,muon-lr1e-3,0.52992,0.6491723656654358,0.0005227531285551763,0.3400795221328735,2070
dense,muon,0.001,muon-lr1e-3,0.53248,0.4834958612918854,0.0005199089874857793,0.3005244731903076,2080
dense,muon,0.001,muon-lr1e-3,0.53504,0.6193888783454895,0.0005170648464163823,0.3023033618927002,2090
dense,muon,0.001,muon-lr1e-3,0.5376,0.5331735014915466,0.0005142207053469852,0.3082139015197754,2100
dense,muon,0.001,muon-lr1e-3,0.54016,0.6108732223510742,0.0005113765642775882,0.30557913780212403,2110
dense,muon,0.001,muon-lr1e-3,0.54272,0.6918250918388367,0.0005085324232081912,0.32052767276763916,2120
dense,muon,0.001,muon-lr1e-3,0.54528,0.6367291212081909,0.0005056882821387941,0.28134002685546877,2130
dense,muon,0.001,muon-lr1e-3,0.54784,0.577424168586731,0.0005028441410693971,0.27144765853881836,2140
dense,muon,0.001,muon-lr1e-3,0.5504,0.6796010732650757,0.0005,0.27680225372314454,2150
dense,muon,0.001,muon-lr1e-3,0.55296,0.5198241472244263,0.000497155858930603,0.23440244197845458,2160
dense,muon,0.001,muon-lr1e-3,0.55552,0.5648488998413086,0.0004943117178612059,0.29013738632202146,2170
dense,muon,0.001,muon-lr1e-3,0.55808,0.7395250201225281,0.0004914675767918089,0.3158256053924561,2180
dense,muon,0.001,muon-lr1e-3,0.56064,0.47812822461128235,0.0004886234357224118,0.29760968685150146,2190
dense,muon,0.001,muon-lr1e-3,0.5632,0.5485102534294128,0.0004857792946530148,0.28459954261779785,2200
dense,muon,0.001,muon-lr1e-3,0.56576,0.7169185876846313,0.00048293515358361776,0.31093578338623046,2210
dense,muon,0.001,muon-lr1e-3,0.56832,0.5381421446800232,0.0004800910125142207,0.25747218132019045,2220
dense,muon,0.001,muon-lr1e-3,0.57088,0.6724726557731628,0.00047724687144482366,0.3116226434707642,2230
dense,muon,0.001,muon-lr1e-3,0.57344,0.7754659652709961,0.00047440273037542666,0.3230232000350952,2240
dense,muon,0.001,muon-lr1e-3,0.576,0.656215250492096,0.00047155858930602955,0.3083791971206665,2250
dense,muon,0.001,muon-lr1e-3,0.57856,0.5912690162658691,0.00046871444823663256,0.2889198541641235,2260
dense,muon,0.001,muon-lr1e-3,0.58112,0.5840639472007751,0.0004658703071672355,0.2700603485107422,2270
dense,muon,0.001,muon-lr1e-3,0.58368,0.5477226972579956,0.0004630261660978385,0.291893744468689,2280
dense,muon,0.001,muon-lr1e-3,0.58624,0.6444897055625916,0.0004601820250284414,0.27557294368743895,2290
dense,muon,0.001,muon-lr1e-3,0.5888,0.5369686484336853,0.00045733788395904435,0.27661545276641847,2300
dense,muon,0.001,muon-lr1e-3,0.59136,0.6712568402290344,0.00045449374288964735,0.2758929967880249,2310
dense,muon,0.001,muon-lr1e-3,0.59392,0.7683506608009338,0.0004516496018202503,0.29079787731170653,2320
dense,muon,0.001,muon-lr1e-3,0.59648,0.4990883469581604,0.00044880546075085325,0.3076303482055664,2330
dense,muon,0.001,muon-lr1e-3,0.59904,0.6801859140396118,0.0004459613196814562,0.28760924339294436,2340
dense,muon,0.001,muon-lr1e-3,0.6016,0.5470545887947083,0.0004431171786120592,0.284875226020813,2350
dense,muon,0.001,muon-lr1e-3,0.60416,0.6434087753295898,0.0004402730375426621,0.28727681636810304,2360
dense,muon,0.001,muon-lr1e-3,0.60672,0.7094016075134277,0.00043742889647326505,0.3248745918273926,2370
dense,muon,0.001,muon-lr1e-3,0.60928,0.4746862053871155,0.00043458475540386805,0.2988151788711548,2380
dense,muon,0.001,muon-lr1e-3,0.61184,0.6692308187484741,0.000431740614334471,0.2942032337188721,2390
dense,muon,0.001,muon-lr1e-3,0.6144,0.48019716143608093,0.00042889647326507395,0.24456641674041749,2400
dense,muon,0.001,muon-lr1e-3,0.61696,0.5684805512428284,0.0004260523321956769,0.28650166988372805,2410
dense,muon,0.001,muon-lr1e-3,0.61952,0.5520514845848083,0.0004232081911262799,0.27848989963531495,2420
dense,muon,0.001,muon-lr1e-3,0.62208,0.6308842897415161,0.00042036405005688285,0.3037921190261841,2430
dense,muon,0.001,muon-lr1e-3,0.62464,0.6399216651916504,0.00041751990898748574,0.30358974933624266,2440
dense,muon,0.001,muon-lr1e-3,0.6272,0.5867214798927307,0.00041467576791808875,0.29046077728271485,2450
dense,muon,0.001,muon-lr1e-3,0.62976,0.4812092185020447,0.0004118316268486917,0.2547786712646484,2460
dense,muon,0.001,muon-lr1e-3,0.63232,0.5920330286026001,0.0004089874857792947,0.2825739622116089,2470
dense,muon,0.001,muon-lr1e-3,0.63488,0.6093217730522156,0.0004061433447098976,0.2754707336425781,2480
dense,muon,0.001,muon-lr1e-3,0.63744,0.5499105453491211,0.0004032992036405006,0.2780970811843872,2490
dense,muon,0.001,muon-lr1e-3,0.64,0.6444400548934937,0.00040045506257110355,0.31006956100463867,2500
dense,muon,0.001,muon-lr1e-3,0.64256,0.5642403960227966,0.0003976109215017065,0.2808788299560547,2510
dense,muon,0.001,muon-lr1e-3,0.64512,0.6247608065605164,0.00039476678043230944,0.2897149085998535,2520
dense,muon,0.001,muon-lr1e-3,0.64768,0.5690141916275024,0.0003919226393629124,0.27293858528137205,2530
dense,muon,0.001,muon-lr1e-3,0.65024,0.5616359114646912,0.0003890784982935154,0.2671070575714111,2540
dense,muon,0.001,muon-lr1e-3,0.6528,0.5787807703018188,0.0003862343572241183,0.2592098474502563,2550
dense,muon,0.001,muon-lr1e-3,0.65536,0.8099563717842102,0.0003833902161547213,0.2965996742248535,2560
dense,muon,0.001,muon-lr1e-3,0.65792,0.6459515690803528,0.00038054607508532424,0.28608016967773436,2570
dense,muon,0.001,muon-lr1e-3,0.66048,0.5648285150527954,0.0003777019340159272,0.22923133373260499,2580
dense,muon,0.001,muon-lr1e-3,0.66304,0.5904127359390259,0.00037485779294653014,0.31513381004333496,2590
dense,muon,0.001,muon-lr1e-3,0.6656,0.7858232259750366,0.0003720136518771331,0.289776086807251,2600
dense,muon,0.001,muon-lr1e-3,0.66816,0.7591260671615601,0.0003691695108077361,0.2788297891616821,2610
dense,muon,0.001,muon-lr1e-3,0.67072,0.5780623555183411,0.00036632536973833904,0.28089199066162107,2620
dense,muon,0.001,muon-lr1e-3,0.67328,0.5680817365646362,0.000363481228668942,0.273929238319397,2630
dense,muon,0.001,muon-lr1e-3,0.67584,0.6658633947372437,0.00036063708759954494,0.2885223388671875,2640
dense,muon,0.001,muon-lr1e-3,0.6784,0.4599916934967041,0.0003577929465301479,0.25049257278442383,2650
dense,muon,0.001,muon-lr1e-3,0.68096,0.6541304588317871,0.0003549488054607509,0.27700161933898926,2660
dense,muon,0.001,muon-lr1e-3,0.68352,0.645760715007782,0.0003521046643913538,0.2678403854370117,2670
dense,muon,0.001,muon-lr1e-3,0.68608,0.40611881017684937,0.0003492605233219568,0.25210387706756593,2680
dense,muon,0.001,muon-lr1e-3,0.68864,0.6602371335029602,0.00034641638225255974,0.2931269645690918,2690
dense,muon,0.001,muon-lr1e-3,0.6912,0.6719315648078918,0.00034357224118316274,0.2926781177520752,2700
dense,muon,0.001,muon-lr1e-3,0.69376,0.5117107629776001,0.00034072810011376563,0.26867141723632815,2710
dense,muon,0.001,muon-lr1e-3,0.69632,0.631337583065033,0.0003378839590443686,0.3343367576599121,2720
dense,muon,0.001,muon-lr1e-3,0.69888,0.6307731866836548,0.0003350398179749716,0.29979634284973145,2730
dense,muon,0.001,muon-lr1e-3,0.70144,0.7139209508895874,0.0003321956769055745,0.27603564262390134,2740
dense,muon,0.001,muon-lr1e-3,0.704,0.6504201889038086,0.0003293515358361775,0.27657127380371094,2750
dense,muon,0.001,muon-lr1e-3,0.70656,0.6788084506988525,0.00032650739476678043,0.2761058807373047,2760
dense,muon,0.001,muon-lr1e-3,0.70912,0.586004376411438,0.00032366325369738344,0.2853552341461182,2770
dense,muon,0.001,muon-lr1e-3,0.71168,0.5005689859390259,0.00032081911262798633,0.25791211128234864,2780
dense,muon,0.001,muon-lr1e-3,0.71424,0.6487568616867065,0.0003179749715585893,0.2708228588104248,2790
dense,muon,0.001,muon-lr1e-3,0.7168,0.49657467007637024,0.0003151308304891923,0.2522357225418091,2800
dense,muon,0.001,muon-lr1e-3,0.71936,0.6183490753173828,0.00031228668941979523,0.28633575439453124,2810
dense,muon,0.001,muon-lr1e-3,0.72192,0.7015988826751709,0.0003094425483503982,0.2958704710006714,2820
dense,muon,0.001,muon-lr1e-3,0.72448,0.48757854104042053,0.00030659840728100113,0.2534665107727051,2830
dense,muon,0.001,muon-lr1e-3,0.72704,0.8627894520759583,0.00030375426621160413,0.28390822410583494,2840
dense,muon,0.001,muon-lr1e-3,0.7296,0.48976007103919983,0.0003009101251422071,0.2803718328475952,2850
dense,muon,0.001,muon-lr1e-3,0.73216,0.49466612935066223,0.00029806598407281,0.26278839111328123,2860
dense,muon,0.001,muon-lr1e-3,0.73472,0.49614548683166504,0.000295221843003413,0.2615325450897217,2870
dense,muon,0.001,muon-lr1e-3,0.73728,0.583534300327301,0.0002923777019340159,0.2560900688171387,2880
dense,muon,0.001,muon-lr1e-3,0.73984,0.5516931414604187,0.00028953356086461893,0.24040789604187013,2890
dense,muon,0.001,muon-lr1e-3,0.7424,0.6859581470489502,0.0002866894197952218,0.276540732383728,2900
dense,muon,0.001,muon-lr1e-3,0.74496,0.49860766530036926,0.00028384527872582483,0.24327585697174073,2910
dense,muon,0.001,muon-lr1e-3,0.74752,0.5546457171440125,0.0002810011376564278,0.25228042602539064,2920
dense,muon,0.001,muon-lr1e-3,0.75008,0.5592873096466064,0.00027815699658703067,0.2678784608840942,2930
dense,muon,0.001,muon-lr1e-3,0.75264,0.6587182879447937,0.0002753128555176337,0.27776737213134767,2940
dense,muon,0.001,muon-lr1e-3,0.7552,0.6853097081184387,0.0002724687144482366,0.2744464874267578,2950
dense,muon,0.001,muon-lr1e-3,0.75776,0.6501724720001221,0.0002696245733788396,0.256102466583252,2960
dense,muon,0.001,muon-lr1e-3,0.76032,0.534676730632782,0.0002667804323094425,0.2659924507141113,2970
dense,muon,0.001,muon-lr1e-3,0.76288,0.7956876158714294,0.0002639362912400455,0.2877774477005005,2980
dense,muon,0.001,muon-lr1e-3,0.76544,0.6359366774559021,0.00026109215017064847,0.2780436992645264,2990
dense,muon,0.001,muon-lr1e-3,0.768,0.7317311763763428,0.0002582480091012514,0.24939196109771727,3000
dense,muon,0.001,muon-lr1e-3,0.77056,0.5197871923446655,0.00025540386803185437,0.24397339820861816,3010
dense,muon,0.001,muon-lr1e-3,0.77312,0.5284433960914612,0.0002525597269624573,0.24688105583190917,3020
dense,muon,0.001,muon-lr1e-3,0.77568,0.5323936939239502,0.00024971558589306027,0.24404520988464357,3030
dense,muon,0.001,muon-lr1e-3,0.77824,0.618181586265564,0.00024687144482366327,0.2568307399749756,3040
dense,muon,0.001,muon-lr1e-3,0.7808,0.5212710499763489,0.00024402730375426622,0.24575591087341309,3050
dense,muon,0.001,muon-lr1e-3,0.78336,0.616162121295929,0.00024118316268486917,0.2614455223083496,3060
dense,muon,0.001,muon-lr1e-3,0.78592,0.5847964286804199,0.00023833902161547214,0.22236104011535646,3070
dense,muon,0.001,muon-lr1e-3,0.78848,0.6334744691848755,0.0002354948805460751,0.25535049438476565,3080
dense,muon,0.001,muon-lr1e-3,0.79104,0.6605225205421448,0.00023265073947667807,0.2594963312149048,3090
dense,muon,0.001,muon-lr1e-3,0.7936,0.45758211612701416,0.000229806598407281,0.23459396362304688,3100
dense,muon,0.001,muon-lr1e-3,0.79616,0.483696848154068,0.00022696245733788397,0.27015247344970705,3110
dense,muon,0.001,muon-lr1e-3,0.79872,0.638094425201416,0.00022411831626848692,0.2124393939971924,3120
dense,muon,0.001,muon-lr1e-3,0.80128,0.5576189756393433,0.00022127417519908986,0.2474313735961914,3130
dense,muon,0.001,muon-lr1e-3,0.80384,0.5920236706733704,0.00021843003412969284,0.2631526947021484,3140
dense,muon,0.001,muon-lr1e-3,0.8064,0.49604806303977966,0.0002155858930602958,0.2545612335205078,3150
dense,muon,0.001,muon-lr1e-3,0.80896,0.6097310185432434,0.00021274175199089877,0.2632345199584961,3160
dense,muon,0.001,muon-lr1e-3,0.81152,0.4943408966064453,0.0002098976109215017,0.2790618658065796,3170
dense,muon,0.001,muon-lr1e-3,0.81408,0.4311894476413727,0.00020705346985210466,0.24955873489379882,3180
dense,muon,0.001,muon-lr1e-3,0.81664,0.6231572031974792,0.0002042093287827076,0.25933811664581297,3190
dense,muon,0.001,muon-lr1e-3,0.8192,0.5142349600791931,0.0002013651877133106,0.24728820323944092,3200
dense,muon,0.001,muon-lr1e-3,0.82176,0.6300020813941956,0.00019852104664391354,0.27312369346618653,3210
dense,muon,0.001,muon-lr1e-3,0.82432,0.6283522248268127,0.0001956769055745165,0.25150384902954104,3220
dense,muon,0.001,muon-lr1e-3,0.82688,0.5167487263679504,0.00019283276450511946,0.23701467514038085,3230
dense,muon,0.001,muon-lr1e-3,0.82944,0.6285692453384399,0.0001899886234357224,0.2631007194519043,3240
dense,muon,0.001,muon-lr1e-3,0.832,0.5222126245498657,0.00018714448236632536,0.24797635078430175,3250
dense,muon,0.001,muon-lr1e-3,0.83456,0.5741860270500183,0.00018430034129692833,0.2891520977020264,3260
dense,muon,0.001,muon-lr1e-3,0.83712,0.5740213394165039,0.00018145620022753128,0.23394007682800294,3270
dense,muon,0.001,muon-lr1e-3,0.83968,0.5303610563278198,0.00017861205915813426,0.26718916893005373,3280
dense,muon,0.001,muon-lr1e-3,0.84224,0.512130856513977,0.0001757679180887372,0.24559905529022216,3290
dense,muon,0.001,muon-lr1e-3,0.8448,0.5674338936805725,0.00017292377701934018,0.25554661750793456,3300
dense,muon,0.001,muon-lr1e-3,0.84736,0.4675650894641876,0.00017007963594994313,0.2343454360961914,3310
dense,muon,0.001,muon-lr1e-3,0.84992,0.6736304759979248,0.00016723549488054606,0.24258775711059571,3320
dense,muon,0.001,muon-lr1e-3,0.85248,0.5688852071762085,0.00016439135381114903,0.287514853477478,3330
dense,muon,0.001,muon-lr1e-3,0.85504,0.49577394127845764,0.00016154721274175198,0.2449122190475464,3340
dense,muon,0.001,muon-lr1e-3,0.8576,0.5320215225219727,0.00015870307167235496,0.2511756896972656,3350
dense,muon,0.001,muon-lr1e-3,0.86016,0.481476753950119,0.0001558589306029579,0.2818337917327881,3360
dense,muon,0.001,muon-lr1e-3,0.86272,0.5547012090682983,0.00015301478953356088,0.24061410427093505,3370
dense,muon,0.001,muon-lr1e-3,0.86528,0.7026807069778442,0.00015017064846416383,0.2536770820617676,3380
dense,muon,0.001,muon-lr1e-3,0.86784,0.545769989490509,0.00014732650739476678,0.24174995422363282,3390
dense,muon,0.001,muon-lr1e-3,0.8704,0.6125328540802002,0.00014448236632536973,0.2723274230957031,3400
dense,muon,0.001,muon-lr1e-3,0.87296,0.5315923690795898,0.0001416382252559727,0.25973536968231203,3410
dense,muon,0.001,muon-lr1e-3,0.87552,0.615035355091095,0.00013879408418657565,0.25174698829650877,3420
dense,muon,0.001,muon-lr1e-3,0.87808,0.628997266292572,0.00013594994311717863,0.2730705738067627,3430
dense,muon,0.001,muon-lr1e-3,0.88064,0.7140197157859802,0.00013310580204778158,0.26865649223327637,3440
dense,muon,0.001,muon-lr1e-3,0.8832,0.5450708270072937,0.00013026166097838455,0.2554423093795776,3450
dense,muon,0.001,muon-lr1e-3,0.88576,0.47916218638420105,0.00012741751990898747,0.25943384170532224,3460
dense,muon,0.001,muon-lr1e-3,0.88832,0.5685338377952576,0.00012457337883959045,0.2724293231964111,3470
dense,muon,0.001,muon-lr1e-3,0.89088,0.4300597012042999,0.0001217292377701934,0.25336556434631347,3480
dense,muon,0.001,muon-lr1e-3,0.89344,0.6104357838630676,0.00011888509670079636,0.2558331251144409,3490
dense,muon,0.001,muon-lr1e-3,0.896,0.37544670701026917,0.00011604095563139932,0.24844422340393066,3500
dense,muon,0.001,muon-lr1e-3,0.89856,0.5525559186935425,0.00011319681456200227,0.2496861219406128,3510
dense,muon,0.001,muon-lr1e-3,0.90112,0.6687901020050049,0.00011035267349260524,0.26833858489990237,3520
dense,muon,0.001,muon-lr1e-3,0.90368,0.5757591724395752,0.0001075085324232082,0.2543891668319702,3530
dense,muon,0.001,muon-lr1e-3,0.90624,0.6365768909454346,0.00010466439135381115,0.24510550498962402,3540
dense,muon,0.001,muon-lr1e-3,0.9088,0.5438669919967651,0.00010182025028441411,0.24829182624816895,3550
dense,muon,0.001,muon-lr1e-3,0.91136,0.5621868968009949,9.897610921501707e-05,0.2639289855957031,3560
dense,muon,0.001,muon-lr1e-3,0.91392,0.566334068775177,9.613196814562003e-05,0.27286591529846194,3570
dense,muon,0.001,muon-lr1e-3,0.91648,0.7475582957267761,9.328782707622298e-05,0.26034088134765626,3580
dense,muon,0.001,muon-lr1e-3,0.91904,0.4663044214248657,9.044368600682594e-05,0.2584167718887329,3590
dense,muon,0.001,muon-lr1e-3,0.9216,0.6353479027748108,8.759954493742891e-05,0.2433713912963867,3600
dense,muon,0.001,muon-lr1e-3,0.92416,0.4662717282772064,8.475540386803186e-05,0.2633488893508911,3610
dense,muon,0.001,muon-lr1e-3,0.92672,0.4267098605632782,8.19112627986348e-05,0.22024166584014893,3620
dense,muon,0.001,muon-lr1e-3,0.92928,0.6066146492958069,7.906712172923777e-05,0.27476725578308103,3630
dense,muon,0.001,muon-lr1e-3,0.93184,0.4370218813419342,7.622298065984073e-05,0.25669825077056885,3640
dense,muon,0.001,muon-lr1e-3,0.9344,0.4786974787712097,7.337883959044368e-05,0.2647535800933838,3650
dense,muon,0.001,muon-lr1e-3,0.93696,0.4868714213371277,7.053469852104664e-05,0.2671851634979248,3660
dense,muon,0.001,muon-lr1e-3,0.93952,0.48492711782455444,6.76905574516496e-05,0.26824164390563965,3670
dense,muon,0.001,muon-lr1e-3,0.94208,0.5191584229469299,6.484641638225255e-05,0.24723622798919678,3680
dense,muon,0.001,muon-lr1e-3,0.94464,0.7101472616195679,6.200227531285551e-05,0.26059184074401853,3690
dense,muon,0.001,muon-lr1e-3,0.9472,0.4604443311691284,5.915813424345848e-05,0.22266569137573242,3700
dense,muon,0.001,muon-lr1e-3,0.94976,0.5617175102233887,5.631399317406143e-05,0.2689946174621582,3710
dense,muon,0.001,muon-lr1e-3,0.95232,0.7435616850852966,5.3469852104664395e-05,0.2400804042816162,3720
dense,muon,0.001,muon-lr1e-3,0.95488,0.6776765584945679,5.062571103526735e-05,0.2667057037353516,3730
dense,muon,0.001,muon-lr1e-3,0.95744,0.5717594027519226,4.778156996587031e-05,0.2543220043182373,3740
dense,muon,0.001,muon-lr1e-3,0.96,0.5301392674446106,4.493742889647327e-05,0.25504002571105955,3750
dense,muon,0.001,muon-lr1e-3,0.96256,0.5388203263282776,4.2093287827076224e-05,0.23362998962402343,3760
dense,muon,0.001,muon-lr1e-3,0.96512,0.6422746777534485,3.924914675767918e-05,0.265569806098938,3770
dense,muon,0.001,muon-lr1e-3,0.96768,0.520010232925415,3.6405005688282136e-05,0.2577526569366455,3780
dense,muon,0.001,muon-lr1e-3,0.97024,0.5317310094833374,3.35608646188851e-05,0.20466742515563965,3790
dense,muon,0.001,muon-lr1e-3,0.9728,0.40183359384536743,3.0716723549488054e-05,0.23106565475463867,3800
dense,muon,0.001,muon-lr1e-3,0.97536,0.6908141374588013,2.7872582480091013e-05,0.25913474559783933,3810
dense,muon,0.001,muon-lr1e-3,0.97792,0.5387526750564575,2.502844141069397e-05,0.27245407104492186,3820
dense,muon,0.001,muon-lr1e-3,0.98048,0.5109163522720337,2.218430034129693e-05,0.2336347818374634,3830
dense,muon,0.001,muon-lr1e-3,0.98304,0.6147527098655701,1.9340159271899886e-05,0.2603796720504761,3840
dense,muon,0.001,muon-lr1e-3,0.9856,0.6652001738548279,1.6496018202502845e-05,0.24189937114715576,3850
dense,muon,0.001,muon-lr1e-3,0.98816,0.507864236831665,1.3651877133105803e-05,0.22998480796813964,3860
dense,muon,0.001,muon-lr1e-3,0.99072,0.47175201773643494,1.0807736063708762e-05,0.2243809700012207,3870
dense,muon,0.001,muon-lr1e-3,0.99328,0.48402416706085205,7.963594994311717e-06,0.2505312919616699,3880
dense,muon,0.001,muon-lr1e-3,0.99584,0.5459039807319641,5.119453924914675e-06,0.234374475479126,3890
dense,muon,0.001,muon-lr1e-3,0.9984,0.5197753310203552,2.2753128555176335e-06,0.25732970237731934,3900
dense,muon,0.003,muon-lr3e-3,0.000256,2.191208839416504,0.0,1.2221720218658447,1
dense,muon,0.003,muon-lr3e-3,0.00256,2.1727869510650635,6.90537084398977e-05,1.208977805243598,10
dense,muon,0.003,muon-lr3e-3,0.00512,2.1553118228912354,0.00014578005115089513,1.1688714981079102,20
dense,muon,0.003,muon-lr3e-3,0.00768,2.1711342334747314,0.0002225063938618926,1.0263242721557617,30
dense,muon,0.003,muon-lr3e-3,0.01024,1.6459922790527344,0.00029923273657289,0.9926937103271485,40
dense,muon,0.003,muon-lr3e-3,0.0128,1.6042982339859009,0.00037595907928388744,0.8362631797790527,50
dense,muon,0.003,muon-lr3e-3,0.01536,1.1878035068511963,0.00045268542199488487,0.7692228317260742,60
dense,muon,0.003,muon-lr3e-3,0.01792,1.1427059173583984,0.0005294117647058824,0.6885292053222656,70
dense,muon,0.003,muon-lr3e-3,0.02048,0.9844257235527039,0.0006061381074168799,0.6030082702636719,80
dense,muon,0.003,muon-lr3e-3,0.02304,1.0557383298873901,0.0006828644501278773,0.5796891212463379,90
dense,muon,0.003,muon-lr3e-3,0.0256,0.9100795984268188,0.0007595907928388748,0.501035213470459,100
dense,muon,0.003,muon-lr3e-3,0.02816,0.8872129917144775,0.0008363171355498722,0.4973909378051758,110
dense,muon,0.003,muon-lr3e-3,0.03072,0.8333375453948975,0.0009130434782608696,0.4671295166015625,120
dense,muon,0.003,muon-lr3e-3,0.03328,0.9927509427070618,0.000989769820971867,0.473978328704834,130
dense,muon,0.003,muon-lr3e-3,0.03584,0.8048118948936462,0.0010664961636828645,0.4115767002105713,140
dense,muon,0.003,muon-lr3e-3,0.0384,0.720896303653717,0.001143222506393862,0.4407157897949219,150
dense,muon,0.003,muon-lr3e-3,0.04096,0.8077411651611328,0.0012199488491048593,0.4014627933502197,160
dense,muon,0.003,muon-lr3e-3,0.04352,0.814043402671814,0.0012966751918158568,0.42954444885253906,170
dense,muon,0.003,muon-lr3e-3,0.04608,0.6463767290115356,0.0013734015345268542,0.406295108795166,180
dense,muon,0.003,muon-lr3e-3,0.04864,0.6871290802955627,0.0014501278772378516,0.3533255338668823,190
dense,muon,0.003,muon-lr3e-3,0.0512,0.6570032238960266,0.001526854219948849,0.4356710433959961,200
dense,muon,0.003,muon-lr3e-3,0.05376,0.9834582805633545,0.0016035805626598465,0.4271188259124756,210
dense,muon,0.003,muon-lr3e-3,0.05632,0.8586761951446533,0.001680306905370844,0.4249136447906494,220
dense,muon,0.003,muon-lr3e-3,0.05888,0.7338477373123169,0.0017570332480818414,0.47159271240234374,230
dense,muon,0.003,muon-lr3e-3,0.06144,0.8581110239028931,0.0018337595907928388,0.46303977966308596,240
dense,muon,0.003,muon-lr3e-3,0.064,0.7098775506019592,0.0019104859335038363,0.4481799125671387,250
dense,muon,0.003,muon-lr3e-3,0.06656,0.7551960349082947,0.0019872122762148335,0.45775136947631834,260
dense,muon,0.003,muon-lr3e-3,0.06912,0.8203712105751038,0.002063938618925831,0.43009281158447266,270
dense,muon,0.003,muon-lr3e-3,0.07168,1.14475679397583,0.0021406649616368283,0.43401451110839845,280
dense,muon,0.003,muon-lr3e-3,0.07424,0.8089728355407715,0.002217391304347826,0.46998963356018064,290
dense,muon,0.003,muon-lr3e-3,0.0768,0.6817837357521057,0.0022941176470588232,0.47429561614990234,300
dense,muon,0.003,muon-lr3e-3,0.07936,0.7455214262008667,0.0023708439897698213,0.49745469093322753,310
dense,muon,0.003,muon-lr3e-3,0.08192,0.8550198674201965,0.0024475703324808185,0.46613383293151855,320
dense,muon,0.003,muon-lr3e-3,0.08448,0.8026467561721802,0.002524296675191816,0.4721919059753418,330
dense,muon,0.003,muon-lr3e-3,0.08704,0.7774030566215515,0.0026010230179028134,0.47821569442749023,340
dense,muon,0.003,muon-lr3e-3,0.0896,0.8095611929893494,0.002677749360613811,0.4697151184082031,350
dense,muon,0.003,muon-lr3e-3,0.09216,0.8220266699790955,0.0027544757033248083,0.49341955184936526,360
dense,muon,0.003,muon-lr3e-3,0.09472,0.8074334263801575,0.002831202046035806,0.5083450317382813,370
dense,muon,0.003,muon-lr3e-3,0.09728,0.6724683046340942,0.002907928388746803,0.5117745399475098,380
dense,muon,0.003,muon-lr3e-3,0.09984,0.7948607206344604,0.002984654731457801,0.5264136314392089,390
dense,muon,0.003,muon-lr3e-3,0.1024,0.739672839641571,0.0029931740614334472,0.529963493347168,400
dense,muon,0.003,muon-lr3e-3,0.10496,0.745278537273407,0.002984641638225256,0.5526674270629883,410
dense,muon,0.003,muon-lr3e-3,0.10752,0.8285202383995056,0.0029761092150170647,0.5358542442321778,420
dense,muon,0.003,muon-lr3e-3,0.11008,0.7383214831352234,0.0029675767918088737,0.5500626564025879,430
dense,muon,0.003,muon-lr3e-3,0.11264,0.7051776647567749,0.0029590443686006826,0.5604252815246582,440
dense,muon,0.003,muon-lr3e-3,0.1152,0.7250104546546936,0.0029505119453924916,0.5419719696044922,450
dense,muon,0.003,muon-lr3e-3,0.11776,0.6730561852455139,0.0029419795221843005,0.5613577365875244,460
dense,muon,0.003,muon-lr3e-3,0.12032,0.9096825122833252,0.0029334470989761095,0.574915599822998,470
dense,muon,0.003,muon-lr3e-3,0.12288,0.8717010021209717,0.0029249146757679184,0.6105907440185547,480
dense,muon,0.003,muon-lr3e-3,0.12544,0.74542635679245,0.002916382252559727,0.5946191787719727,490
dense,muon,0.003,muon-lr3e-3,0.128,0.6548822522163391,0.002907849829351536,0.609070110321045,500
dense,muon,0.003,muon-lr3e-3,0.13056,0.6816259026527405,0.002899317406143345,0.6538108825683594,510
dense,muon,0.003,muon-lr3e-3,0.13312,0.721028745174408,0.002890784982935154,0.568996000289917,520
dense,muon,0.003,muon-lr3e-3,0.13568,0.7410046458244324,0.0028822525597269623,0.5835976600646973,530
dense,muon,0.003,muon-lr3e-3,0.13824,0.8688995838165283,0.0028737201365187713,0.5527420043945312,540
dense,muon,0.003,muon-lr3e-3,0.1408,0.8025079965591431,0.0028651877133105802,0.5922656059265137,550
dense,muon,0.003,muon-lr3e-3,0.14336,0.7682743072509766,0.002856655290102389,0.5836170196533204,560
dense,muon,0.003,muon-lr3e-3,0.14592,0.767116367816925,0.002848122866894198,0.5453711986541748,570
dense,muon,0.003,muon-lr3e-3,0.14848,0.7423630952835083,0.002839590443686007,0.6108591079711914,580
dense,muon,0.003,muon-lr3e-3,0.15104,0.9164396524429321,0.002831058020477816,0.6297451496124268,590
dense,muon,0.003,muon-lr3e-3,0.1536,0.7578809857368469,0.0028225255972696246,0.5697041511535644,600
dense,muon,0.003,muon-lr3e-3,0.15616,0.7874043583869934,0.0028139931740614335,0.6097979068756103,610
dense,muon,0.003,muon-lr3e-3,0.15872,0.7931185364723206,0.0028054607508532425,0.5984346389770507,620
dense,muon,0.003,muon-lr3e-3,0.16128,0.7573038339614868,0.002796928327645051,0.6188878059387207,630
dense,muon,0.003,muon-lr3e-3,0.16384,0.6955702304840088,0.00278839590443686,0.6367306232452392,640
dense,muon,0.003,muon-lr3e-3,0.1664,0.6891542077064514,0.002779863481228669,0.6032209396362305,650
dense,muon,0.003,muon-lr3e-3,0.16896,0.6116696000099182,0.002771331058020478,0.5956713676452636,660
dense,muon,0.003,muon-lr3e-3,0.17152,0.6297243237495422,0.002762798634812287,0.5841613292694092,670
dense,muon,0.003,muon-lr3e-3,0.17408,0.7151045799255371,0.002754266211604096,0.6671117305755615,680
dense,muon,0.003,muon-lr3e-3,0.17664,0.6723647117614746,0.0027457337883959048,0.6461502075195312,690
dense,muon,0.003,muon-lr3e-3,0.1792,0.7049599885940552,0.0027372013651877133,0.5880225658416748,700
dense,muon,0.003,muon-lr3e-3,0.18176,0.7796480655670166,0.0027286689419795222,0.5850663185119629,710
dense,muon,0.003,muon-lr3e-3,0.18432,0.6653191447257996,0.002720136518771331,0.641551399230957,720
dense,muon,0.003,muon-lr3e-3,0.18688,0.598800778388977,0.00271160409556314,0.5960227012634277,730
dense,muon,0.003,muon-lr3e-3,0.18944,0.7312856316566467,0.0027030716723549487,0.5958307266235352,740
dense,muon,0.003,muon-lr3e-3,0.192,0.9162934422492981,0.0026945392491467576,0.6151702404022217,750
dense,muon,0.003,muon-lr3e-3,0.19456,0.730894148349762,0.0026860068259385666,0.5983791828155518,760
dense,muon,0.003,muon-lr3e-3,0.19712,0.6351982355117798,0.0026774744027303755,0.6100651741027832,770
dense,muon,0.003,muon-lr3e-3,0.19968,0.7224995493888855,0.0026689419795221845,0.6108362197875976,780
dense,muon,0.003,muon-lr3e-3,0.20224,0.782027542591095,0.0026604095563139934,0.5758526802062989,790
dense,muon,0.003,muon-lr3e-3,0.2048,0.7107375264167786,0.0026518771331058024,0.6013319969177247,800
dense,muon,0.003,muon-lr3e-3,0.20736,0.6579936146736145,0.002643344709897611,0.6280409812927246,810
dense,muon,0.003,muon-lr3e-3,0.20992,0.6249924302101135,0.00263481228668942,0.6390513420104981,820
dense,muon,0.003,muon-lr3e-3,0.21248,0.7075873613357544,0.002626279863481229,0.6046050071716309,830
dense,muon,0.003,muon-lr3e-3,0.21504,0.7312628626823425,0.0026177474402730373,0.606168270111084,840
dense,muon,0.003,muon-lr3e-3,0.2176,0.7188184261322021,0.0026092150170648463,0.5736891746520996,850
dense,muon,0.003,muon-lr3e-3,0.22016,0.6484167575836182,0.0026006825938566553,0.5816892623901367,860
dense,muon,0.003,muon-lr3e-3,0.22272,0.6043539643287659,0.002592150170648464,0.619919729232788,870
dense,muon,0.003,muon-lr3e-3,0.22528,0.5157924294471741,0.002583617747440273,0.5973626136779785,880
dense,muon,0.003,muon-lr3e-3,0.22784,0.7339158654212952,0.002575085324232082,0.6423311710357666,890
dense,muon,0.003,muon-lr3e-3,0.2304,0.6628692746162415,0.002566552901023891,0.5851222991943359,900
dense,muon,0.003,muon-lr3e-3,0.23296,0.7245274186134338,0.0025580204778156996,0.5971749305725098,910
dense,muon,0.003,muon-lr3e-3,0.23552,0.7010865807533264,0.0025494880546075085,0.6295134544372558,920
dense,muon,0.003,muon-lr3e-3,0.23808,0.610469400882721,0.0025409556313993175,0.6413465023040772,930
dense,muon,0.003,muon-lr3e-3,0.24064,0.6152247190475464,0.0025324232081911265,0.5866704940795898,940
dense,muon,0.003,muon-lr3e-3,0.2432,0.6704561710357666,0.002523890784982935,0.6025056362152099,950
dense,muon,0.003,muon-lr3e-3,0.24576,0.7399048209190369,0.002515358361774744,0.6173906803131104,960
dense,muon,0.003,muon-lr3e-3,0.24832,0.5102488994598389,0.002506825938566553,0.5684701442718506,970
dense,muon,0.003,muon-lr3e-3,0.25088,0.7385545372962952,0.002498293515358362,0.6458446502685546,980
dense,muon,0.003,muon-lr3e-3,0.25344,0.4983208477497101,0.002489761092150171,0.5781803607940674,990
dense,muon,0.003,muon-lr3e-3,0.256,0.7509561777114868,0.0024812286689419798,0.6280345439910888,1000
dense,muon,0.003,muon-lr3e-3,0.25856,0.5214644074440002,0.0024726962457337887,0.605076265335083,1010
dense,muon,0.003,muon-lr3e-3,0.26112,0.6172162294387817,0.0024641638225255972,0.5713706016540527,1020
dense,muon,0.003,muon-lr3e-3,0.26368,0.750185489654541,0.002455631399317406,0.6157211780548095,1030
dense,muon,0.003,muon-lr3e-3,0.26624,0.5675835609436035,0.002447098976109215,0.5444658756256103,1040
dense,muon,0.003,muon-lr3e-3,0.2688,0.6569333672523499,0.0024385665529010237,0.6052608489990234,1050
dense,muon,0.003,muon-lr3e-3,0.27136,0.46916407346725464,0.0024300341296928326,0.5881129264831543,1060
dense,muon,0.003,muon-lr3e-3,0.27392,0.6729792952537537,0.0024215017064846416,0.5860457420349121,1070
dense,muon,0.003,muon-lr3e-3,0.27648,0.6110360026359558,0.0024129692832764505,0.5570116996765136,1080
dense,muon,0.003,muon-lr3e-3,0.27904,0.6308885812759399,0.0024044368600682595,0.6330306053161621,1090
dense,muon,0.003,muon-lr3e-3,0.2816,0.5909342765808105,0.0023959044368600684,0.6131257534027099,1100
dense,muon,0.003,muon-lr3e-3,0.28416,0.7277123332023621,0.0023873720136518774,0.573276138305664,1110
dense,muon,0.003,muon-lr3e-3,0.28672,0.5676262378692627,0.002378839590443686,0.5843254566192627,1120
dense,muon,0.003,muon-lr3e-3,0.28928,0.8519908785820007,0.002370307167235495,0.6058156967163086,1130
dense,muon,0.003,muon-lr3e-3,0.29184,0.6894212961196899,0.002361774744027304,0.5566949844360352,1140
dense,muon,0.003,muon-lr3e-3,0.2944,0.5933572053909302,0.0023532423208191128,0.5748508930206299,1150
dense,muon,0.003,muon-lr3e-3,0.29696,0.7492872476577759,0.0023447098976109213,0.5449500560760498,1160
dense,muon,0.003,muon-lr3e-3,0.29952,0.7428637742996216,0.0023361774744027303,0.5743526935577392,1170
dense,muon,0.003,muon-lr3e-3,0.30208,0.5774635672569275,0.002327645051194539,0.5961285591125488,1180
dense,muon,0.003,muon-lr3e-3,0.30464,0.6860706210136414,0.002319112627986348,0.6743066787719727,1190
dense,muon,0.003,muon-lr3e-3,0.3072,0.6431570649147034,0.002310580204778157,0.584578275680542,1200
dense,muon,0.003,muon-lr3e-3,0.30976,0.699588418006897,0.002302047781569966,0.5752976417541504,1210
dense,muon,0.003,muon-lr3e-3,0.31232,0.6143226623535156,0.002293515358361775,0.658162784576416,1220
dense,muon,0.003,muon-lr3e-3,0.31488,0.6461875438690186,0.0022849829351535835,0.6418392181396484,1230
dense,muon,0.003,muon-lr3e-3,0.31744,0.5605613589286804,0.0022764505119453925,0.5410678386688232,1240
dense,muon,0.003,muon-lr3e-3,0.32,0.695382833480835,0.0022679180887372015,0.6329206466674805,1250
dense,muon,0.003,muon-lr3e-3,0.32256,0.6389366984367371,0.00225938566552901,0.5848084449768066,1260
dense,muon,0.003,muon-lr3e-3,0.32512,0.7132556438446045,0.002250853242320819,0.6015255928039551,1270
dense,muon,0.003,muon-lr3e-3,0.32768,0.6624277234077454,0.002242320819112628,0.5707358360290528,1280
dense,muon,0.003,muon-lr3e-3,0.33024,0.5242417454719543,0.002233788395904437,0.5327132225036622,1290
dense,muon,0.003,muon-lr3e-3,0.3328,0.6937174797058105,0.002225255972696246,0.6034373760223388,1300
dense,muon,0.003,muon-lr3e-3,0.33536,0.727870523929596,0.0022167235494880548,0.5853231430053711,1310
dense,muon,0.003,muon-lr3e-3,0.33792,0.7222789525985718,0.0022081911262798637,0.5589262962341308,1320
dense,muon,0.003,muon-lr3e-3,0.34048,0.6906893849372864,0.0021996587030716722,0.5638152122497558,1330
dense,muon,0.003,muon-lr3e-3,0.34304,0.5901111960411072,0.002191126279863481,0.6103919982910156,1340
dense,muon,0.003,muon-lr3e-3,0.3456,0.5604432821273804,0.00218259385665529,0.6012173652648926,1350
dense,muon,0.003,muon-lr3e-3,0.34816,0.6842386722564697,0.002174061433447099,0.5770565032958984,1360
dense,muon,0.003,muon-lr3e-3,0.35072,0.6140837073326111,0.0021655290102389076,0.522788143157959,1370
dense,muon,0.003,muon-lr3e-3,0.35328,0.6446067094802856,0.0021569965870307166,0.5943685531616211,1380
dense,muon,0.003,muon-lr3e-3,0.35584,0.6727721095085144,0.0021484641638225255,0.5207477569580078,1390
dense,muon,0.003,muon-lr3e-3,0.3584,0.6457876563072205,0.0021399317406143345,0.635396671295166,1400
dense,muon,0.003,muon-lr3e-3,0.36096,0.7330487966537476,0.0021313993174061434,0.5742911338806153,1410
dense,muon,0.003,muon-lr3e-3,0.36352,0.5608558058738708,0.0021228668941979524,0.5195843696594238,1420
dense,muon,0.003,muon-lr3e-3,0.36608,0.7853894829750061,0.0021143344709897613,0.6110403060913085,1430
dense,muon,0.003,muon-lr3e-3,0.36864,0.8055586218833923,0.00210580204778157,0.5355175971984864,1440
dense,muon,0.003,muon-lr3e-3,0.3712,0.6447280645370483,0.002097269624573379,0.5941428184509278,1450
dense,muon,0.003,muon-lr3e-3,0.37376,0.6320334672927856,0.0020887372013651878,0.6020147323608398,1460
dense,muon,0.003,muon-lr3e-3,0.37632,0.6076960563659668,0.0020802047781569963,0.5969181060791016,1470
dense,muon,0.003,muon-lr3e-3,0.37888,0.6109118461608887,0.0020716723549488053,0.602648115158081,1480
dense,muon,0.003,muon-lr3e-3,0.38144,0.7057105302810669,0.0020631399317406146,0.5145970344543457,1490
dense,muon,0.003,muon-lr3e-3,0.384,0.6371365189552307,0.0020546075085324236,0.5471207618713378,1500
dense,muon,0.003,muon-lr3e-3,0.38656,0.6470719575881958,0.002046075085324232,0.5695253372192383,1510
dense,muon,0.003,muon-lr3e-3,0.38912,0.6867038607597351,0.002037542662116041,0.55934157371521,1520
dense,muon,0.003,muon-lr3e-3,0.39168,0.6666979193687439,0.00202901023890785,0.5526162147521972,1530
dense,muon,0.003,muon-lr3e-3,0.39424,0.8244417905807495,0.0020204778156996585,0.5731407165527344,1540
dense,muon,0.003,muon-lr3e-3,0.3968,0.5874634385108948,0.0020119453924914675,0.5533377647399902,1550
dense,muon,0.003,muon-lr3e-3,0.39936,0.6336475014686584,0.0020034129692832765,0.6058859825134277,1560
dense,muon,0.003,muon-lr3e-3,0.40192,0.6167313456535339,0.0019948805460750854,0.5661005020141602,1570
dense,muon,0.003,muon-lr3e-3,0.40448,0.5579050779342651,0.001986348122866894,0.5128206253051758,1580
dense,muon,0.003,muon-lr3e-3,0.40704,0.536094069480896,0.0019778156996587033,0.5404443740844727,1590
dense,muon,0.003,muon-lr3e-3,0.4096,0.6890981197357178,0.0019692832764505123,0.5225494384765625,1600
dense,muon,0.003,muon-lr3e-3,0.41216,0.7901511192321777,0.001960750853242321,0.63401780128479,1610
dense,muon,0.003,muon-lr3e-3,0.41472,0.5938801169395447,0.0019522184300341298,0.5689539432525634,1620
dense,muon,0.003,muon-lr3e-3,0.41728,0.5538270473480225,0.0019436860068259387,0.5522348880767822,1630
dense,muon,0.003,muon-lr3e-3,0.41984,0.5857338309288025,0.0019351535836177477,0.5721787929534912,1640
dense,muon,0.003,muon-lr3e-3,0.4224,0.6264275908470154,0.0019266211604095562,0.5271177768707276,1650
dense,muon,0.003,muon-lr3e-3,0.42496,0.602714478969574,0.0019180887372013651,0.5598782539367676,1660
dense,muon,0.003,muon-lr3e-3,0.42752,0.6629404425621033,0.001909556313993174,0.5326362133026123,1670
dense,muon,0.003,muon-lr3e-3,0.43008,0.7075761556625366,0.0019010238907849828,0.5597953796386719,1680
dense,muon,0.003,muon-lr3e-3,0.43264,0.5549288392066956,0.0018924914675767918,0.5051749229431153,1690
dense,muon,0.003,muon-lr3e-3,0.4352,0.6605843901634216,0.0018839590443686007,0.6149731636047363,1700
dense,muon,0.003,muon-lr3e-3,0.43776,0.6804837584495544,0.0018754266211604097,0.55595703125,1710
dense,muon,0.003,muon-lr3e-3,0.44032,0.5771694779396057,0.0018668941979522184,0.5867729663848877,1720
dense,muon,0.003,muon-lr3e-3,0.44288,0.5467456579208374,0.0018583617747440274,0.5193846702575684,1730
dense,muon,0.003,muon-lr3e-3,0.44544,0.6305055022239685,0.0018498293515358363,0.5587996482849121,1740
dense,muon,0.003,muon-lr3e-3,0.448,0.5861862897872925,0.0018412969283276449,0.549916124343872,1750
dense,muon,0.003,muon-lr3e-3,0.45056,0.6655279994010925,0.0018327645051194538,0.6085543632507324,1760
dense,muon,0.003,muon-lr3e-3,0.45312,0.559169352054596,0.0018242320819112628,0.5358685970306396,1770
dense,muon,0.003,muon-lr3e-3,0.45568,0.6936476230621338,0.001815699658703072,0.5921649932861328,1780
dense,muon,0.003,muon-lr3e-3,0.45824,0.5777351260185242,0.0018071672354948805,0.5219786167144775,1790
dense,muon,0.003,muon-lr3e-3,0.4608,0.5840246677398682,0.0017986348122866894,0.5609355926513672,1800
dense,muon,0.003,muon-lr3e-3,0.46336,0.6551432013511658,0.0017901023890784984,0.5642455101013184,1810
dense,muon,0.003,muon-lr3e-3,0.46592,0.6081758737564087,0.0017815699658703071,0.5259994983673095,1820
dense,muon,0.003,muon-lr3e-3,0.46848,0.5801095366477966,0.001773037542662116,0.5221387863159179,1830
dense,muon,0.003,muon-lr3e-3,0.47104,0.5914343595504761,0.001764505119453925,0.5423270225524902,1840
dense,muon,0.003,muon-lr3e-3,0.4736,0.5500875115394592,0.001755972696245734,0.5707781791687012,1850
dense,muon,0.003,muon-lr3e-3,0.47616,0.6519074440002441,0.0017474402730375425,0.537757396697998,1860
dense,muon,0.003,muon-lr3e-3,0.47872,0.6283486485481262,0.0017389078498293517,0.6155543327331543,1870
dense,muon,0.003,muon-lr3e-3,0.48128,0.5901959538459778,0.0017303754266211606,0.5452954292297363,1880
dense,muon,0.003,muon-lr3e-3,0.48384,0.6869869232177734,0.0017218430034129692,0.5842655181884766,1890
dense,muon,0.003,muon-lr3e-3,0.4864,0.6016038656234741,0.0017133105802047781,0.5038490295410156,1900
dense,muon,0.003,muon-lr3e-3,0.48896,0.5341010689735413,0.001704778156996587,0.5535676956176758,1910
dense,muon,0.003,muon-lr3e-3,0.49152,0.7212021350860596,0.001696245733788396,0.5845423698425293,1920
dense,muon,0.003,muon-lr3e-3,0.49408,0.6704577803611755,0.0016877133105802048,0.47334814071655273,1930
dense,muon,0.003,muon-lr3e-3,0.49664,0.6875635981559753,0.0016791808873720137,0.5389457702636719,1940
dense,muon,0.003,muon-lr3e-3,0.4992,0.6296875476837158,0.0016706484641638227,0.5015767097473145,1950
dense,muon,0.003,muon-lr3e-3,0.50176,0.7281795144081116,0.0016621160409556312,0.5500444412231446,1960
dense,muon,0.003,muon-lr3e-3,0.50432,0.5935030579566956,0.0016535836177474404,0.4931807518005371,1970
dense,muon,0.003,muon-lr3e-3,0.50688,0.6546993851661682,0.0016450511945392493,0.5147679805755615,1980
dense,muon,0.003,muon-lr3e-3,0.50944,0.5377187132835388,0.0016365187713310583,0.5253331184387207,1990
dense,muon,0.003,muon-lr3e-3,0.512,0.5834143757820129,0.0016279863481228668,0.5519225120544433,2000
dense,muon,0.003,muon-lr3e-3,0.51456,0.639325737953186,0.0016194539249146757,0.5084168910980225,2010
dense,muon,0.003,muon-lr3e-3,0.51712,0.6439033150672913,0.0016109215017064847,0.5311357498168945,2020
dense,muon,0.003,muon-lr3e-3,0.51968,0.582764208316803,0.0016023890784982934,0.5025190353393555,2030
dense,muon,0.003,muon-lr3e-3,0.52224,0.5724470019340515,0.0015938566552901024,0.49178295135498046,2040
dense,muon,0.003,muon-lr3e-3,0.5248,0.5763848423957825,0.0015853242320819113,0.47950119972229005,2050
dense,muon,0.003,muon-lr3e-3,0.52736,0.5270112156867981,0.0015767918088737203,0.5128603935241699,2060
dense,muon,0.003,muon-lr3e-3,0.52992,0.652625322341919,0.001568259385665529,0.5428893089294433,2070
dense,muon,0.003,muon-lr3e-3,0.53248,0.461129754781723,0.001559726962457338,0.49954895973205565,2080
dense,muon,0.003,muon-lr3e-3,0.53504,0.6652056574821472,0.001551194539249147,0.5318940162658692,2090
dense,muon,0.003,muon-lr3e-3,0.5376,0.5966012477874756,0.0015426621160409555,0.5228416442871093,2100
dense,muon,0.003,muon-lr3e-3,0.54016,0.6725514531135559,0.0015341296928327644,0.5170332908630371,2110
dense,muon,0.003,muon-lr3e-3,0.54272,0.7120645642280579,0.0015255972696245734,0.5172842025756836,2120
dense,muon,0.003,muon-lr3e-3,0.54528,0.6044795513153076,0.0015170648464163823,0.5291482925415039,2130
dense,muon,0.003,muon-lr3e-3,0.54784,0.5685851573944092,0.001508532423208191,0.5008158206939697,2140
dense,muon,0.003,muon-lr3e-3,0.5504,0.5776883959770203,0.0015,0.49699745178222654,2150
dense,muon,0.003,muon-lr3e-3,0.55296,0.594781756401062,0.0014914675767918088,0.4799764633178711,2160
dense,muon,0.003,muon-lr3e-3,0.55552,0.5818931460380554,0.0014829351535836177,0.5380332469940186,2170
dense,muon,0.003,muon-lr3e-3,0.55808,0.6555600166320801,0.0014744027303754267,0.5146347999572753,2180
dense,muon,0.003,muon-lr3e-3,0.56064,0.5026706457138062,0.0014658703071672356,0.5288060188293457,2190
dense,muon,0.003,muon-lr3e-3,0.5632,0.5988081097602844,0.0014573378839590444,0.4958159923553467,2200
dense,muon,0.003,muon-lr3e-3,0.56576,0.6377186179161072,0.0014488054607508533,0.5131379127502441,2210
dense,muon,0.003,muon-lr3e-3,0.56832,0.6201661825180054,0.001440273037542662,0.4425161361694336,2220
dense,muon,0.003,muon-lr3e-3,0.57088,0.6725228428840637,0.001431740614334471,0.5416006565093994,2230
dense,muon,0.003,muon-lr3e-3,0.57344,0.6967177391052246,0.00142320819112628,0.503659725189209,2240
dense,muon,0.003,muon-lr3e-3,0.576,0.6985704302787781,0.0014146757679180887,0.5120931148529053,2250
dense,muon,0.003,muon-lr3e-3,0.57856,0.5494000315666199,0.0014061433447098977,0.5039792060852051,2260
dense,muon,0.003,muon-lr3e-3,0.58112,0.5777406096458435,0.0013976109215017064,0.48290190696716306,2270
dense,muon,0.003,muon-lr3e-3,0.58368,0.559444010257721,0.0013890784982935154,0.4868152141571045,2280
dense,muon,0.003,muon-lr3e-3,0.58624,0.6474859118461609,0.0013805460750853243,0.49774417877197263,2290
dense,muon,0.003,muon-lr3e-3,0.5888,0.5732257962226868,0.001372013651877133,0.4936478614807129,2300
dense,muon,0.003,muon-lr3e-3,0.59136,0.5268984436988831,0.001363481228668942,0.4530177116394043,2310
dense,muon,0.003,muon-lr3e-3,0.59392,0.6074374914169312,0.0013549488054607507,0.4824636936187744,2320
dense,muon,0.003,muon-lr3e-3,0.59648,0.5769895911216736,0.0013464163822525597,0.509921646118164,2330
dense,muon,0.003,muon-lr3e-3,0.59904,0.6685402393341064,0.0013378839590443687,0.491441535949707,2340
dense,muon,0.003,muon-lr3e-3,0.6016,0.5057393312454224,0.0013293515358361776,0.5077744007110596,2350
dense,muon,0.003,muon-lr3e-3,0.60416,0.5830867886543274,0.0013208191126279864,0.481823205947876,2360
dense,muon,0.003,muon-lr3e-3,0.60672,0.6345672011375427,0.001312286689419795,0.544713306427002,2370
dense,muon,0.003,muon-lr3e-3,0.60928,0.5475305914878845,0.001303754266211604,0.5445034980773926,2380
dense,muon,0.003,muon-lr3e-3,0.61184,0.585929811000824,0.001295221843003413,0.4683979988098145,2390
dense,muon,0.003,muon-lr3e-3,0.6144,0.4937644600868225,0.001286689419795222,0.4584979057312012,2400
dense,muon,0.003,muon-lr3e-3,0.61696,0.5384358167648315,0.0012781569965870307,0.4221800804138184,2410
dense,muon,0.003,muon-lr3e-3,0.61952,0.6458178162574768,0.0012696245733788396,0.4691953182220459,2420
dense,muon,0.003,muon-lr3e-3,0.62208,0.6452262997627258,0.0012610921501706484,0.5255317687988281,2430
dense,muon,0.003,muon-lr3e-3,0.62464,0.7577023506164551,0.0012525597269624573,0.4562079429626465,2440
dense,muon,0.003,muon-lr3e-3,0.6272,0.5088669061660767,0.0012440273037542663,0.4656502723693848,2450
dense,muon,0.003,muon-lr3e-3,0.62976,0.5616247653961182,0.001235494880546075,0.42884397506713867,2460
dense,muon,0.003,muon-lr3e-3,0.63232,0.5735388994216919,0.001226962457337884,0.477995777130127,2470
dense,muon,0.003,muon-lr3e-3,0.63488,0.6357463598251343,0.0012184300341296927,0.43237690925598143,2480
dense,muon,0.003,muon-lr3e-3,0.63744,0.6172900795936584,0.001209897610921502,0.49523205757141114,2490
dense,muon,0.003,muon-lr3e-3,0.64,0.6595276594161987,0.0012013651877133106,0.5154965400695801,2500
dense,muon,0.003,muon-lr3e-3,0.64256,0.5436944365501404,0.0011928327645051194,0.44380788803100585,2510
dense,muon,0.003,muon-lr3e-3,0.64512,0.5502991676330566,0.0011843003412969283,0.4473388671875,2520
dense,muon,0.003,muon-lr3e-3,0.64768,0.5561938881874084,0.0011757679180887373,0.4953936576843262,2530
dense,muon,0.003,muon-lr3e-3,0.65024,0.5650068521499634,0.0011672354948805462,0.4446071147918701,2540
dense,muon,0.003,muon-lr3e-3,0.6528,0.5505876541137695,0.001158703071672355,0.4498032569885254,2550
dense,muon,0.003,muon-lr3e-3,0.65536,0.6247888207435608,0.001150170648464164,0.4867737293243408,2560
dense,muon,0.003,muon-lr3e-3,0.65792,0.6745527982711792,0.0011416382252559727,0.4686997413635254,2570
dense,muon,0.003,muon-lr3e-3,0.66048,0.6585149168968201,0.0011331058020477816,0.43365478515625,2580
dense,muon,0.003,muon-lr3e-3,0.66304,0.5977501273155212,0.0011245733788395906,0.5550394058227539,2590
dense,muon,0.003,muon-lr3e-3,0.6656,0.5804492235183716,0.0011160409556313993,0.4538250923156738,2600
dense,muon,0.003,muon-lr3e-3,0.66816,0.6374551653862,0.0011075085324232083,0.47334938049316405,2610
dense,muon,0.003,muon-lr3e-3,0.67072,0.5759731531143188,0.001098976109215017,0.48660964965820314,2620
dense,muon,0.003,muon-lr3e-3,0.67328,0.5636053085327148,0.001090443686006826,0.45587992668151855,2630
dense,muon,0.003,muon-lr3e-3,0.67584,0.7275286316871643,0.001081911262798635,0.4765066623687744,2640
dense,muon,0.003,muon-lr3e-3,0.6784,0.5371290445327759,0.0010733788395904437,0.44889059066772463,2650
dense,muon,0.003,muon-lr3e-3,0.68096,0.5774690508842468,0.0010648464163822526,0.42606868743896487,2660
dense,muon,0.003,muon-lr3e-3,0.68352,0.6688263416290283,0.0010563139931740614,0.4830181121826172,2670
dense,muon,0.003,muon-lr3e-3,0.68608,0.5015730261802673,0.0010477815699658703,0.45072307586669924,2680
dense,muon,0.003,muon-lr3e-3,0.68864,0.5996267795562744,0.0010392491467576793,0.4488986015319824,2690
dense,muon,0.003,muon-lr3e-3,0.6912,0.6565499305725098,0.0010307167235494882,0.47199192047119143,2700
dense,muon,0.003,muon-lr3e-3,0.69376,0.5558574795722961,0.001022184300341297,0.4570305824279785,2710
dense,muon,0.003,muon-lr3e-3,0.69632,0.6950001120567322,0.0010136518771331057,0.5313700199127197,2720
dense,muon,0.003,muon-lr3e-3,0.69888,0.6041535139083862,0.0010051194539249146,0.47440614700317385,2730
dense,muon,0.003,muon-lr3e-3,0.70144,0.663155734539032,0.0009965870307167236,0.451006555557251,2740
dense,muon,0.003,muon-lr3e-3,0.704,0.5970683693885803,0.0009880546075085326,0.45597190856933595,2750
dense,muon,0.003,muon-lr3e-3,0.70656,0.6073155999183655,0.0009795221843003413,0.44189162254333497,2760
dense,muon,0.003,muon-lr3e-3,0.70912,0.6432163119316101,0.0009709897610921503,0.4860703468322754,2770
dense,muon,0.003,muon-lr3e-3,0.71168,0.5228340029716492,0.0009624573378839591,0.4374504089355469,2780
dense,muon,0.003,muon-lr3e-3,0.71424,0.6621355414390564,0.0009539249146757678,0.4433407783508301,2790
dense,muon,0.003,muon-lr3e-3,0.7168,0.6033360362052917,0.0009453924914675768,0.44846267700195314,2800
dense,muon,0.003,muon-lr3e-3,0.71936,0.575179398059845,0.0009368600682593856,0.43938522338867186,2810
dense,muon,0.003,muon-lr3e-3,0.72192,0.6591288447380066,0.0009283276450511946,0.4764720916748047,2820
dense,muon,0.003,muon-lr3e-3,0.72448,0.5275183320045471,0.0009197952218430034,0.4486545562744141,2830
dense,muon,0.003,muon-lr3e-3,0.72704,0.6338054537773132,0.0009112627986348124,0.42700991630554197,2840
dense,muon,0.003,muon-lr3e-3,0.7296,0.46003296971321106,0.0009027303754266211,0.45894536972045896,2850
dense,muon,0.003,muon-lr3e-3,0.73216,0.5039817094802856,0.00089419795221843,0.401400089263916,2860
dense,muon,0.003,muon-lr3e-3,0.73472,0.5760812759399414,0.0008856655290102389,0.42772846221923827,2870
dense,muon,0.003,muon-lr3e-3,0.73728,0.6511944532394409,0.0008771331058020478,0.40302791595458987,2880
dense,muon,0.003,muon-lr3e-3,0.73984,0.4980901777744293,0.0008686006825938567,0.41264896392822265,2890
dense,muon,0.003,muon-lr3e-3,0.7424,0.5983946323394775,0.0008600682593856655,0.4266826629638672,2900
dense,muon,0.003,muon-lr3e-3,0.74496,0.5199792385101318,0.0008515358361774745,0.4343557834625244,2910
dense,muon,0.003,muon-lr3e-3,0.74752,0.5441731214523315,0.0008430034129692833,0.4214735984802246,2920
dense,muon,0.003,muon-lr3e-3,0.75008,0.5871526598930359,0.0008344709897610921,0.4419253826141357,2930
dense,muon,0.003,muon-lr3e-3,0.75264,0.5297873616218567,0.0008259385665529011,0.4524862766265869,2940
dense,muon,0.003,muon-lr3e-3,0.7552,0.6835550665855408,0.0008174061433447098,0.41536126136779783,2950
dense,muon,0.003,muon-lr3e-3,0.75776,0.5861725807189941,0.0008088737201365189,0.4082087516784668,2960
dense,muon,0.003,muon-lr3e-3,0.76032,0.7063701748847961,0.0008003412969283276,0.47883944511413573,2970
dense,muon,0.003,muon-lr3e-3,0.76288,0.7083999514579773,0.0007918088737201366,0.45747900009155273,2980
dense,muon,0.003,muon-lr3e-3,0.76544,0.5450195074081421,0.0007832764505119454,0.46018128395080565,2990
dense,muon,0.003,muon-lr3e-3,0.768,0.5102947950363159,0.0007747440273037542,0.3952115535736084,3000
dense,muon,0.003,muon-lr3e-3,0.77056,0.4669206440448761,0.0007662116040955632,0.3992778778076172,3010
dense,muon,0.003,muon-lr3e-3,0.77312,0.5144028067588806,0.000757679180887372,0.41358184814453125,3020
dense,muon,0.003,muon-lr3e-3,0.77568,0.5258195400238037,0.0007491467576791809,0.3812159538269043,3030
dense,muon,0.003,muon-lr3e-3,0.77824,0.549481213092804,0.0007406143344709898,0.43725032806396485,3040
dense,muon,0.003,muon-lr3e-3,0.7808,0.6349230408668518,0.0007320819112627986,0.4498321056365967,3050
dense,muon,0.003,muon-lr3e-3,0.78336,0.6611762046813965,0.0007235494880546076,0.40700492858886717,3060
dense,muon,0.003,muon-lr3e-3,0.78592,0.5942515134811401,0.0007150170648464164,0.3778102397918701,3070
dense,muon,0.003,muon-lr3e-3,0.78848,0.6060113310813904,0.0007064846416382253,0.40233426094055175,3080
dense,muon,0.003,muon-lr3e-3,0.79104,0.7074299454689026,0.0006979522184300342,0.39821860790252683,3090
dense,muon,0.003,muon-lr3e-3,0.7936,0.5734018087387085,0.0006894197952218429,0.4013961315155029,3100
dense,muon,0.003,muon-lr3e-3,0.79616,0.532738447189331,0.0006808873720136519,0.41809468269348143,3110
dense,muon,0.003,muon-lr3e-3,0.79872,0.5695332884788513,0.0006723549488054607,0.3673952579498291,3120
dense,muon,0.003,muon-lr3e-3,0.80128,0.6099507808685303,0.0006638225255972696,0.395844554901123,3130
dense,muon,0.003,muon-lr3e-3,0.80384,0.5948031544685364,0.0006552901023890785,0.3998021841049194,3140
dense,muon,0.003,muon-lr3e-3,0.8064,0.4744309186935425,0.0006467576791808874,0.37703580856323243,3150
dense,muon,0.003,muon-lr3e-3,0.80896,0.6625027656555176,0.0006382252559726962,0.4587854385375977,3160
dense,muon,0.003,muon-lr3e-3,0.81152,0.5485479235649109,0.0006296928327645051,0.42183847427368165,3170
dense,muon,0.003,muon-lr3e-3,0.81408,0.5330723524093628,0.0006211604095563139,0.37877612113952636,3180
dense,muon,0.003,muon-lr3e-3,0.81664,0.5504940152168274,0.0006126279863481229,0.4218158721923828,3190
dense,muon,0.003,muon-lr3e-3,0.8192,0.5892878174781799,0.0006040955631399317,0.38796837329864503,3200
dense,muon,0.003,muon-lr3e-3,0.82176,0.5310178995132446,0.0005955631399317406,0.4174764156341553,3210
dense,muon,0.003,muon-lr3e-3,0.82432,0.5891656279563904,0.0005870307167235495,0.4015664100646973,3220
dense,muon,0.003,muon-lr3e-3,0.82688,0.5350090861320496,0.0005784982935153584,0.367296028137207,3230
dense,muon,0.003,muon-lr3e-3,0.82944,0.5898743867874146,0.0005699658703071672,0.4371819496154785,3240
dense,muon,0.003,muon-lr3e-3,0.832,0.503494143486023,0.0005614334470989761,0.39596986770629883,3250
dense,muon,0.003,muon-lr3e-3,0.83456,0.6222007274627686,0.0005529010238907849,0.4518429756164551,3260
dense,muon,0.003,muon-lr3e-3,0.83712,0.6558132767677307,0.0005443686006825939,0.39270431995391847,3270
dense,muon,0.003,muon-lr3e-3,0.83968,0.5444263815879822,0.0005358361774744027,0.4122652530670166,3280
dense,muon,0.003,muon-lr3e-3,0.84224,0.468631774187088,0.0005273037542662117,0.4144600391387939,3290
dense,muon,0.003,muon-lr3e-3,0.8448,0.550335705280304,0.0005187713310580205,0.4115432262420654,3300
dense,muon,0.003,muon-lr3e-3,0.84736,0.5172502398490906,0.0005102389078498294,0.382670259475708,3310
dense,muon,0.003,muon-lr3e-3,0.84992,0.4735065698623657,0.0005017064846416382,0.3916162014007568,3320
dense,muon,0.003,muon-lr3e-3,0.85248,0.5656896829605103,0.0004931740614334471,0.4385004997253418,3330
dense,muon,0.003,muon-lr3e-3,0.85504,0.5831902027130127,0.00048464163822525597,0.39163153171539306,3340
dense,muon,0.003,muon-lr3e-3,0.8576,0.5543957948684692,0.00047610921501706487,0.41823701858520507,3350
dense,muon,0.003,muon-lr3e-3,0.86016,0.47396498918533325,0.00046757679180887377,0.4387810707092285,3360
dense,muon,0.003,muon-lr3e-3,0.86272,0.6226282715797424,0.0004590443686006826,0.37092831134796145,3370
dense,muon,0.003,muon-lr3e-3,0.86528,0.5639989972114563,0.0004505119453924915,0.39043593406677246,3380
dense,muon,0.003,muon-lr3e-3,0.86784,0.4804036021232605,0.0004419795221843003,0.4004870891571045,3390
dense,muon,0.003,muon-lr3e-3,0.8704,0.5905128121376038,0.0004334470989761092,0.3945817232131958,3400
dense,muon,0.003,muon-lr3e-3,0.87296,0.4945976734161377,0.0004249146757679181,0.3769641876220703,3410
dense,muon,0.003,muon-lr3e-3,0.87552,0.6405011415481567,0.00041638225255972696,0.3894630432128906,3420
dense,muon,0.003,muon-lr3e-3,0.87808,0.5434916615486145,0.00040784982935153586,0.3963462829589844,3430
dense,muon,0.003,muon-lr3e-3,0.88064,0.48048752546310425,0.00039931740614334476,0.38612825870513917,3440
dense,muon,0.003,muon-lr3e-3,0.8832,0.5718888640403748,0.00039078498293515366,0.39901282787323,3450
dense,muon,0.003,muon-lr3e-3,0.88576,0.6405238509178162,0.00038225255972696245,0.38037469387054446,3460
dense,muon,0.003,muon-lr3e-3,0.88832,0.5973078608512878,0.0003737201365187713,0.4350404739379883,3470
dense,muon,0.003,muon-lr3e-3,0.89088,0.5103640556335449,0.0003651877133105802,0.35905277729034424,3480
dense,muon,0.003,muon-lr3e-3,0.89344,0.5899046063423157,0.0003566552901023891,0.39805681705474855,3490
dense,muon,0.003,muon-lr3e-3,0.896,0.4028601348400116,0.000348122866894198,0.3930609941482544,3500
dense,muon,0.003,muon-lr3e-3,0.89856,0.8198294043540955,0.00033959044368600685,0.3816700458526611,3510
dense,muon,0.003,muon-lr3e-3,0.90112,0.7148039937019348,0.0003310580204778157,0.408841609954834,3520
dense,muon,0.003,muon-lr3e-3,0.90368,0.6023311018943787,0.0003225255972696246,0.38837857246398927,3530
dense,muon,0.003,muon-lr3e-3,0.90624,0.5379802584648132,0.00031399317406143344,0.3614418268203735,3540
dense,muon,0.003,muon-lr3e-3,0.9088,0.5765979290008545,0.00030546075085324234,0.37652273178100587,3550
dense,muon,0.003,muon-lr3e-3,0.91136,0.53488689661026,0.0002969283276450512,0.3830986261367798,3560
dense,muon,0.003,muon-lr3e-3,0.91392,0.5382289886474609,0.0002883959044368601,0.4108283519744873,3570
dense,muon,0.003,muon-lr3e-3,0.91648,0.6304558515548706,0.00027986348122866893,0.3911147594451904,3580
dense,muon,0.003,muon-lr3e-3,0.91904,0.4397408664226532,0.00027133105802047783,0.35639224052429197,3590
dense,muon,0.003,muon-lr3e-3,0.9216,0.5802938938140869,0.0002627986348122867,0.3846376895904541,3600
dense,muon,0.003,muon-lr3e-3,0.92416,0.5076475143432617,0.00025426621160409553,0.3928966522216797,3610
dense,muon,0.003,muon-lr3e-3,0.92672,0.5486851334571838,0.00024573378839590443,0.34916799068450927,3620
dense,muon,0.003,muon-lr3e-3,0.92928,0.6790462732315063,0.00023720136518771333,0.43538656234741213,3630
dense,muon,0.003,muon-lr3e-3,0.93184,0.44025880098342896,0.0002286689419795222,0.36839382648468016,3640
dense,muon,0.003,muon-lr3e-3,0.9344,0.4763163626194,0.00022013651877133105,0.39218959808349607,3650
dense,muon,0.003,muon-lr3e-3,0.93696,0.4387405514717102,0.00021160409556313992,0.37159457206726076,3660
dense,muon,0.003,muon-lr3e-3,0.93952,0.511350154876709,0.00020307167235494882,0.3818380355834961,3670
dense,muon,0.003,muon-lr3e-3,0.94208,0.5441621541976929,0.00019453924914675767,0.36589922904968264,3680
dense,muon,0.003,muon-lr3e-3,0.94464,0.5428106188774109,0.00018600682593856654,0.36580696105957033,3690
dense,muon,0.003,muon-lr3e-3,0.9472,0.4830571413040161,0.00017747440273037544,0.338637638092041,3700
dense,muon,0.003,muon-lr3e-3,0.94976,0.48596519231796265,0.0001689419795221843,0.4211141586303711,3710
dense,muon,0.003,muon-lr3e-3,0.95232,0.6216712594032288,0.0001604095563139932,0.3373997449874878,3720
dense,muon,0.003,muon-lr3e-3,0.95488,0.6643543839454651,0.00015187713310580204,0.368472957611084,3730
dense,muon,0.003,muon-lr3e-3,0.95744,0.5835447907447815,0.00014334470989761094,0.4052425384521484,3740
dense,muon,0.003,muon-lr3e-3,0.96,0.5839692950248718,0.00013481228668941979,0.3722216606140137,3750
dense,muon,0.003,muon-lr3e-3,0.96256,0.5113484859466553,0.00012627986348122866,0.3473945617675781,3760
dense,muon,0.003,muon-lr3e-3,0.96512,0.6309251189231873,0.00011774744027303755,0.40329732894897463,3770
dense,muon,0.003,muon-lr3e-3,0.96768,0.4651700258255005,0.0001092150170648464,0.36120967864990233,3780
dense,muon,0.003,muon-lr3e-3,0.97024,0.6069836020469666,0.0001006825938566553,0.318759822845459,3790
dense,muon,0.003,muon-lr3e-3,0.9728,0.4330202043056488,9.215017064846417e-05,0.3378919124603271,3800
dense,muon,0.003,muon-lr3e-3,0.97536,0.6410502791404724,8.361774744027304e-05,0.38171751499176027,3810
dense,muon,0.003,muon-lr3e-3,0.97792,0.5296854376792908,7.508532423208191e-05,0.38837735652923583,3820
dense,muon,0.003,muon-lr3e-3,0.98048,0.5590425729751587,6.655290102389079e-05,0.34630398750305175,3830
dense,muon,0.003,muon-lr3e-3,0.98304,0.5768226981163025,5.802047781569966e-05,0.3745411396026611,3840
dense,muon,0.003,muon-lr3e-3,0.9856,0.5370121598243713,4.9488054607508536e-05,0.38328328132629397,3850
dense,muon,0.003,muon-lr3e-3,0.98816,0.5522704720497131,4.095563139931741e-05,0.3568073272705078,3860
dense,muon,0.003,muon-lr3e-3,0.99072,0.5215576887130737,3.242320819112628e-05,0.35482842922210694,3870
dense,muon,0.003,muon-lr3e-3,0.99328,0.552180290222168,2.3890784982935153e-05,0.3578176736831665,3880
dense,muon,0.003,muon-lr3e-3,0.99584,0.5491059422492981,1.5358361774744027e-05,0.34944677352905273,3890
dense,muon,0.003,muon-lr3e-3,0.9984,0.47588568925857544,6.8259385665529e-06,0.3771362781524658,3900
dense,adamw,1e-06,adamw-lr1e-6,0.000256,2.191047430038452,0.0,1.2221720218658447,1
dense,adamw,1e-06,adamw-lr1e-6,0.00256,2.1276564598083496,2.301790281329923e-08,1.2174269358317058,10
dense,adamw,1e-06,adamw-lr1e-6,0.00512,2.1642794609069824,4.8593350383631707e-08,1.223994255065918,20
dense,adamw,1e-06,adamw-lr1e-6,0.00768,2.6247646808624268,7.416879795396419e-08,1.1921163558959962,30
dense,adamw,1e-06,adamw-lr1e-6,0.01024,2.238858461380005,9.974424552429666e-08,1.2569459915161132,40
dense,adamw,1e-06,adamw-lr1e-6,0.0128,2.194749116897583,1.2531969309462913e-07,1.201854419708252,50
dense,adamw,1e-06,adamw-lr1e-6,0.01536,2.195528030395508,1.508951406649616e-07,1.195822525024414,60
dense,adamw,1e-06,adamw-lr1e-6,0.01792,3.405088186264038,1.764705882352941e-07,1.220204734802246,70
dense,adamw,1e-06,adamw-lr1e-6,0.02048,2.4303205013275146,2.020460358056266e-07,1.2139001846313477,80
dense,adamw,1e-06,adamw-lr1e-6,0.02304,2.0680577754974365,2.2762148337595907e-07,1.1919281005859375,90
dense,adamw,1e-06,adamw-lr1e-6,0.0256,2.082613229751587,2.531969309462916e-07,1.1830400466918944,100
dense,adamw,1e-06,adamw-lr1e-6,0.02816,2.1284077167510986,2.7877237851662403e-07,1.2312058448791503,110
dense,adamw,1e-06,adamw-lr1e-6,0.03072,2.174504518508911,3.043478260869565e-07,1.2487497329711914,120
dense,adamw,1e-06,adamw-lr1e-6,0.03328,2.1778371334075928,3.29923273657289e-07,1.2630788803100585,130
dense,adamw,1e-06,adamw-lr1e-6,0.03584,2.0715646743774414,3.5549872122762146e-07,1.1179136276245116,140
dense,adamw,1e-06,adamw-lr1e-6,0.0384,2.301891326904297,3.8107416879795394e-07,1.1727432250976562,150
dense,adamw,1e-06,adamw-lr1e-6,0.04096,1.907173991203308,4.066496163682864e-07,1.0747095108032227,160
dense,adamw,1e-06,adamw-lr1e-6,0.04352,2.0598843097686768,4.322250639386189e-07,1.175229835510254,170
dense,adamw,1e-06,adamw-lr1e-6,0.04608,2.668032646179199,4.578005115089514e-07,1.1683835983276367,180
dense,adamw,1e-06,adamw-lr1e-6,0.04864,2.885435104370117,4.833759590792839e-07,1.06091365814209,190
dense,adamw,1e-06,adamw-lr1e-6,0.0512,2.7196383476257324,5.089514066496163e-07,1.1135431289672852,200
dense,adamw,1e-06,adamw-lr1e-6,0.05376,2.1980936527252197,5.345268542199488e-07,1.094424057006836,210
dense,adamw,1e-06,adamw-lr1e-6,0.05632,2.0863137245178223,5.601023017902812e-07,1.1121883392333984,220
dense,adamw,1e-06,adamw-lr1e-6,0.05888,2.0924055576324463,5.856777493606137e-07,1.1772967338562013,230
dense,adamw,1e-06,adamw-lr1e-6,0.06144,2.0698556900024414,6.112531969309462e-07,1.10371732711792,240
dense,adamw,1e-06,adamw-lr1e-6,0.064,1.824460744857788,6.368286445012787e-07,1.0767996788024903,250
dense,adamw,1e-06,adamw-lr1e-6,0.06656,1.960706353187561,6.624040920716112e-07,1.0485013961791991,260
dense,adamw,1e-06,adamw-lr1e-6,0.06912,1.8663527965545654,6.879795396419436e-07,1.0628129959106445,270
dense,adamw,1e-06,adamw-lr1e-6,0.07168,2.175858974456787,7.135549872122761e-07,1.0717146873474122,280
dense,adamw,1e-06,adamw-lr1e-6,0.07424,2.229358196258545,7.391304347826086e-07,1.037735939025879,290
dense,adamw,1e-06,adamw-lr1e-6,0.0768,1.7938331365585327,7.647058823529411e-07,1.0160882949829102,300
dense,adamw,1e-06,adamw-lr1e-6,0.07936,1.9069840908050537,7.902813299232737e-07,0.9939764022827149,310
dense,adamw,1e-06,adamw-lr1e-6,0.08192,2.5439682006835938,8.158567774936061e-07,0.970648193359375,320
dense,adamw,1e-06,adamw-lr1e-6,0.08448,1.917056918144226,8.414322250639386e-07,1.0569164276123046,330
dense,adamw,1e-06,adamw-lr1e-6,0.08704,1.7157036066055298,8.670076726342711e-07,0.9672489166259766,340
dense,adamw,1e-06,adamw-lr1e-6,0.0896,1.9967613220214844,8.925831202046036e-07,1.0091033935546876,350
dense,adamw,1e-06,adamw-lr1e-6,0.09216,1.8705540895462036,9.18158567774936e-07,0.9296758651733399,360
dense,adamw,1e-06,adamw-lr1e-6,0.09472,1.8928760290145874,9.437340153452685e-07,0.9606252670288086,370
dense,adamw,1e-06,adamw-lr1e-6,0.09728,2.084749460220337,9.693094629156011e-07,0.9844724655151367,380
dense,adamw,1e-06,adamw-lr1e-6,0.09984,1.9191575050354004,9.948849104859336e-07,1.0224093437194823,390
dense,adamw,1e-06,adamw-lr1e-6,0.1024,1.5515068769454956,9.977246871444823e-07,0.9205424308776855,400
dense,adamw,1e-06,adamw-lr1e-6,0.10496,1.4798308610916138,9.948805460750854e-07,0.9375553131103516,410
dense,adamw,1e-06,adamw-lr1e-6,0.10752,1.5862230062484741,9.920364050056883e-07,0.8649556159973144,420
dense,adamw,1e-06,adamw-lr1e-6,0.11008,1.7654240131378174,9.891922639362911e-07,0.9226746559143066,430
dense,adamw,1e-06,adamw-lr1e-6,0.11264,1.6336994171142578,9.863481228668942e-07,0.9302543640136719,440
dense,adamw,1e-06,adamw-lr1e-6,0.1152,1.6573193073272705,9.835039817974971e-07,0.8239071846008301,450
dense,adamw,1e-06,adamw-lr1e-6,0.11776,1.6465344429016113,9.806598407281e-07,0.928097915649414,460
dense,adamw,1e-06,adamw-lr1e-6,0.12032,1.556512713432312,9.77815699658703e-07,0.9029769897460938,470
dense,adamw,1e-06,adamw-lr1e-6,0.12288,1.737425684928894,9.74971558589306e-07,0.8790862083435058,480
dense,adamw,1e-06,adamw-lr1e-6,0.12544,1.5479985475540161,9.721274175199088e-07,0.8902202606201172,490
dense,adamw,1e-06,adamw-lr1e-6,0.128,1.600767970085144,9.69283276450512e-07,0.8819684982299805,500
dense,adamw,1e-06,adamw-lr1e-6,0.13056,1.6632996797561646,9.664391353811148e-07,0.9097700119018555,510
dense,adamw,1e-06,adamw-lr1e-6,0.13312,1.719254493713379,9.635949943117179e-07,0.8623802185058593,520
dense,adamw,1e-06,adamw-lr1e-6,0.13568,1.569370150566101,9.607508532423208e-07,0.9010403633117676,530
dense,adamw,1e-06,adamw-lr1e-6,0.13824,1.7108526229858398,9.579067121729236e-07,0.9057266235351562,540
dense,adamw,1e-06,adamw-lr1e-6,0.1408,1.6179269552230835,9.550625711035267e-07,0.8119220733642578,550
dense,adamw,1e-06,adamw-lr1e-6,0.14336,1.6078886985778809,9.522184300341296e-07,0.9372636795043945,560
dense,adamw,1e-06,adamw-lr1e-6,0.14592,1.5656265020370483,9.493742889647326e-07,0.8061761856079102,570
dense,adamw,1e-06,adamw-lr1e-6,0.14848,1.556007981300354,9.465301478953356e-07,0.8234733581542969,580
dense,adamw,1e-06,adamw-lr1e-6,0.15104,1.5965813398361206,9.436860068259386e-07,0.7671225547790528,590
dense,adamw,1e-06,adamw-lr1e-6,0.1536,1.6996381282806396,9.408418657565414e-07,0.816189193725586,600
dense,adamw,1e-06,adamw-lr1e-6,0.15616,1.5316903591156006,9.379977246871444e-07,0.8114542961120605,610
dense,adamw,1e-06,adamw-lr1e-6,0.15872,1.5392520427703857,9.351535836177474e-07,0.8327106475830078,620
dense,adamw,1e-06,adamw-lr1e-6,0.16128,1.5612136125564575,9.323094425483503e-07,0.796412992477417,630
dense,adamw,1e-06,adamw-lr1e-6,0.16384,1.567095398902893,9.294653014789533e-07,0.8329760551452636,640
dense,adamw,1e-06,adamw-lr1e-6,0.1664,1.4866751432418823,9.266211604095563e-07,0.8431781768798828,650
dense,adamw,1e-06,adamw-lr1e-6,0.16896,1.4992650747299194,9.237770193401592e-07,0.8082533836364746,660
dense,adamw,1e-06,adamw-lr1e-6,0.17152,1.5407965183258057,9.209328782707621e-07,0.7836140632629395,670
dense,adamw,1e-06,adamw-lr1e-6,0.17408,1.450380802154541,9.180887372013651e-07,0.803135871887207,680
dense,adamw,1e-06,adamw-lr1e-6,0.17664,1.6427676677703857,9.152445961319682e-07,0.8255095481872559,690
dense,adamw,1e-06,adamw-lr1e-6,0.1792,1.2806826829910278,9.124004550625711e-07,0.7933155059814453,700
dense,adamw,1e-06,adamw-lr1e-6,0.18176,1.7003268003463745,9.09556313993174e-07,0.7803412437438965,710
dense,adamw,1e-06,adamw-lr1e-6,0.18432,1.481265902519226,9.06712172923777e-07,0.8022056579589844,720
dense,adamw,1e-06,adamw-lr1e-6,0.18688,1.6255139112472534,9.0386803185438e-07,0.7605286598205566,730
dense,adamw,1e-06,adamw-lr1e-6,0.18944,1.2115737199783325,9.010238907849829e-07,0.7569003105163574,740
dense,adamw,1e-06,adamw-lr1e-6,0.192,1.3402851819992065,8.981797497155859e-07,0.7843570232391357,750
dense,adamw,1e-06,adamw-lr1e-6,0.19456,1.7229987382888794,8.953356086461889e-07,0.7797715663909912,760
dense,adamw,1e-06,adamw-lr1e-6,0.19712,1.398781180381775,8.924914675767917e-07,0.7553126335144043,770
dense,adamw,1e-06,adamw-lr1e-6,0.19968,1.545016884803772,8.896473265073947e-07,0.8336219787597656,780
dense,adamw,1e-06,adamw-lr1e-6,0.20224,1.9483134746551514,8.868031854379977e-07,0.7186091423034668,790
dense,adamw,1e-06,adamw-lr1e-6,0.2048,1.3366663455963135,8.839590443686007e-07,0.7306315422058105,800
dense,adamw,1e-06,adamw-lr1e-6,0.20736,1.4042093753814697,8.811149032992036e-07,0.7740096092224121,810
dense,adamw,1e-06,adamw-lr1e-6,0.20992,1.4027056694030762,8.782707622298066e-07,0.7774218559265137,820
dense,adamw,1e-06,adamw-lr1e-6,0.21248,1.248388409614563,8.754266211604095e-07,0.7858295917510987,830
dense,adamw,1e-06,adamw-lr1e-6,0.21504,1.4747824668884277,8.725824800910124e-07,0.7477056503295898,840
dense,adamw,1e-06,adamw-lr1e-6,0.2176,1.4858332872390747,8.697383390216154e-07,0.809284782409668,850
dense,adamw,1e-06,adamw-lr1e-6,0.22016,1.1964690685272217,8.668941979522184e-07,0.7155993461608887,860
dense,adamw,1e-06,adamw-lr1e-6,0.22272,1.3992780447006226,8.640500568828214e-07,0.7045660018920898,870
dense,adamw,1e-06,adamw-lr1e-6,0.22528,1.3278385400772095,8.612059158134242e-07,0.7109152793884277,880
dense,adamw,1e-06,adamw-lr1e-6,0.22784,1.38547682762146,8.583617747440272e-07,0.7150043964385986,890
dense,adamw,1e-06,adamw-lr1e-6,0.2304,1.5964850187301636,8.555176336746302e-07,0.740943717956543,900
dense,adamw,1e-06,adamw-lr1e-6,0.23296,1.3996343612670898,8.526734926052331e-07,0.7214518070220948,910
dense,adamw,1e-06,adamw-lr1e-6,0.23552,1.3619451522827148,8.498293515358362e-07,0.7207077980041504,920
dense,adamw,1e-06,adamw-lr1e-6,0.23808,1.4027373790740967,8.469852104664392e-07,0.7313425064086914,930
dense,adamw,1e-06,adamw-lr1e-6,0.24064,1.3703044652938843,8.441410693970421e-07,0.7112970352172852,940
dense,adamw,1e-06,adamw-lr1e-6,0.2432,1.380623698234558,8.41296928327645e-07,0.7184457778930664,950
dense,adamw,1e-06,adamw-lr1e-6,0.24576,1.4381612539291382,8.38452787258248e-07,0.7544930934906006,960
dense,adamw,1e-06,adamw-lr1e-6,0.24832,1.4163644313812256,8.35608646188851e-07,0.7253285884857178,970
dense,adamw,1e-06,adamw-lr1e-6,0.25088,1.4258538484573364,8.327645051194539e-07,0.7880113601684571,980
dense,adamw,1e-06,adamw-lr1e-6,0.25344,1.256179928779602,8.299203640500568e-07,0.7053010940551758,990
dense,adamw,1e-06,adamw-lr1e-6,0.256,1.2631652355194092,8.270762229806598e-07,0.6710608959197998,1000
dense,adamw,1e-06,adamw-lr1e-6,0.25856,0.9841656684875488,8.242320819112628e-07,0.6819873809814453,1010
dense,adamw,1e-06,adamw-lr1e-6,0.26112,1.3849912881851196,8.213879408418657e-07,0.7020317077636719,1020
dense,adamw,1e-06,adamw-lr1e-6,0.26368,1.2756690979003906,8.185437997724687e-07,0.6822722911834717,1030
dense,adamw,1e-06,adamw-lr1e-6,0.26624,1.371025562286377,8.156996587030717e-07,0.695548152923584,1040
dense,adamw,1e-06,adamw-lr1e-6,0.2688,1.4615095853805542,8.128555176336745e-07,0.7765707015991211,1050
dense,adamw,1e-06,adamw-lr1e-6,0.27136,1.2653387784957886,8.100113765642775e-07,0.6972976684570312,1060
dense,adamw,1e-06,adamw-lr1e-6,0.27392,1.297849178314209,8.071672354948805e-07,0.6969085693359375,1070
dense,adamw,1e-06,adamw-lr1e-6,0.27648,0.9629614353179932,8.043230944254835e-07,0.6947526931762695,1080
dense,adamw,1e-06,adamw-lr1e-6,0.27904,1.2476726770401,8.014789533560864e-07,0.7253861427307129,1090
dense,adamw,1e-06,adamw-lr1e-6,0.2816,1.442605972290039,7.986348122866893e-07,0.659610652923584,1100
dense,adamw,1e-06,adamw-lr1e-6,0.28416,1.3838008642196655,7.957906712172923e-07,0.6981482028961181,1110
dense,adamw,1e-06,adamw-lr1e-6,0.28672,1.4462103843688965,7.929465301478952e-07,0.7072166442871094,1120
dense,adamw,1e-06,adamw-lr1e-6,0.28928,1.3994643688201904,7.901023890784982e-07,0.7069414138793946,1130
dense,adamw,1e-06,adamw-lr1e-6,0.29184,1.390906810760498,7.872582480091013e-07,0.6696017265319825,1140
dense,adamw,1e-06,adamw-lr1e-6,0.2944,1.334649920463562,7.844141069397043e-07,0.7298645973205566,1150
dense,adamw,1e-06,adamw-lr1e-6,0.29696,1.5569205284118652,7.815699658703071e-07,0.6859185218811035,1160
dense,adamw,1e-06,adamw-lr1e-6,0.29952,1.1296554803848267,7.787258248009101e-07,0.675312614440918,1170
dense,adamw,1e-06,adamw-lr1e-6,0.30208,1.1861255168914795,7.758816837315131e-07,0.7464094638824463,1180
dense,adamw,1e-06,adamw-lr1e-6,0.30464,1.3030955791473389,7.73037542662116e-07,0.7369553565979003,1190
dense,adamw,1e-06,adamw-lr1e-6,0.3072,1.299655556678772,7.70193401592719e-07,0.6955180644989014,1200
dense,adamw,1e-06,adamw-lr1e-6,0.30976,1.232223629951477,7.67349260523322e-07,0.6510752677917481,1210
dense,adamw,1e-06,adamw-lr1e-6,0.31232,1.178145408630371,7.645051194539249e-07,0.6857860565185547,1220
dense,adamw,1e-06,adamw-lr1e-6,0.31488,1.326274037361145,7.616609783845278e-07,0.6988591194152832,1230
dense,adamw,1e-06,adamw-lr1e-6,0.31744,1.2749462127685547,7.588168373151308e-07,0.7000904083251953,1240
dense,adamw,1e-06,adamw-lr1e-6,0.32,1.4909380674362183,7.559726962457338e-07,0.6889966011047364,1250
dense,adamw,1e-06,adamw-lr1e-6,0.32256,1.2188822031021118,7.531285551763367e-07,0.6653467178344726,1260
dense,adamw,1e-06,adamw-lr1e-6,0.32512,1.1406469345092773,7.502844141069396e-07,0.6819177627563476,1270
dense,adamw,1e-06,adamw-lr1e-6,0.32768,1.284524917602539,7.474402730375426e-07,0.6750458240509033,1280
dense,adamw,1e-06,adamw-lr1e-6,0.33024,1.2848634719848633,7.445961319681456e-07,0.6497076511383056,1290
dense,adamw,1e-06,adamw-lr1e-6,0.3328,1.2563523054122925,7.417519908987485e-07,0.6972383499145508,1300
dense,adamw,1e-06,adamw-lr1e-6,0.33536,1.4016274213790894,7.389078498293515e-07,0.6795068264007569,1310
dense,adamw,1e-06,adamw-lr1e-6,0.33792,1.2845691442489624,7.360637087599545e-07,0.6986572265625,1320
dense,adamw,1e-06,adamw-lr1e-6,0.34048,1.1642417907714844,7.332195676905573e-07,0.6106378555297851,1330
dense,adamw,1e-06,adamw-lr1e-6,0.34304,1.1512550115585327,7.303754266211603e-07,0.7187740325927734,1340
dense,adamw,1e-06,adamw-lr1e-6,0.3456,1.2665517330169678,7.275312855517633e-07,0.6210982799530029,1350
dense,adamw,1e-06,adamw-lr1e-6,0.34816,1.4229001998901367,7.246871444823664e-07,0.6743853569030762,1360
dense,adamw,1e-06,adamw-lr1e-6,0.35072,1.066712498664856,7.218430034129693e-07,0.665230131149292,1370
dense,adamw,1e-06,adamw-lr1e-6,0.35328,1.4249696731567383,7.189988623435723e-07,0.6422003269195556,1380
dense,adamw,1e-06,adamw-lr1e-6,0.35584,1.131260633468628,7.161547212741752e-07,0.6242433547973633,1390
dense,adamw,1e-06,adamw-lr1e-6,0.3584,1.1828128099441528,7.133105802047781e-07,0.6609793663024902,1400
dense,adamw,1e-06,adamw-lr1e-6,0.36096,1.3660427331924438,7.104664391353811e-07,0.6689060688018799,1410
dense,adamw,1e-06,adamw-lr1e-6,0.36352,2.174729347229004,7.076222980659841e-07,0.6070042133331299,1420
dense,adamw,1e-06,adamw-lr1e-6,0.36608,1.3376375436782837,7.047781569965871e-07,0.6288649082183838,1430
dense,adamw,1e-06,adamw-lr1e-6,0.36864,1.6512001752853394,7.019340159271899e-07,0.6149378299713135,1440
dense,adamw,1e-06,adamw-lr1e-6,0.3712,1.3152189254760742,6.990898748577929e-07,0.7234169960021972,1450
dense,adamw,1e-06,adamw-lr1e-6,0.37376,1.483116865158081,6.962457337883959e-07,0.6987579822540283,1460
dense,adamw,1e-06,adamw-lr1e-6,0.37632,1.240552306175232,6.934015927189988e-07,0.6493295669555664,1470
dense,adamw,1e-06,adamw-lr1e-6,0.37888,1.3276903629302979,6.905574516496018e-07,0.6655329704284668,1480
dense,adamw,1e-06,adamw-lr1e-6,0.38144,1.271802306175232,6.877133105802048e-07,0.6850791931152344,1490
dense,adamw,1e-06,adamw-lr1e-6,0.384,1.3697625398635864,6.848691695108077e-07,0.6449562072753906,1500
dense,adamw,1e-06,adamw-lr1e-6,0.38656,1.283687710762024,6.820250284414106e-07,0.6637619495391845,1510
dense,adamw,1e-06,adamw-lr1e-6,0.38912,1.1644550561904907,6.791808873720136e-07,0.6245616912841797,1520
dense,adamw,1e-06,adamw-lr1e-6,0.39168,1.1581830978393555,6.763367463026166e-07,0.6513837337493896,1530
dense,adamw,1e-06,adamw-lr1e-6,0.39424,1.3467804193496704,6.734926052332195e-07,0.6397902488708496,1540
dense,adamw,1e-06,adamw-lr1e-6,0.3968,1.1675270795822144,6.706484641638224e-07,0.6145770072937011,1550
dense,adamw,1e-06,adamw-lr1e-6,0.39936,1.1364152431488037,6.678043230944254e-07,0.6435611248016357,1560
dense,adamw,1e-06,adamw-lr1e-6,0.40192,1.1381633281707764,6.649601820250284e-07,0.6538209915161133,1570
dense,adamw,1e-06,adamw-lr1e-6,0.40448,1.0742242336273193,6.621160409556313e-07,0.5733796119689941,1580
dense,adamw,1e-06,adamw-lr1e-6,0.40704,1.1055151224136353,6.592718998862344e-07,0.6000018119812012,1590
dense,adamw,1e-06,adamw-lr1e-6,0.4096,1.1374871730804443,6.564277588168374e-07,0.5426003932952881,1600
dense,adamw,1e-06,adamw-lr1e-6,0.41216,1.1735169887542725,6.535836177474402e-07,0.6554584503173828,1610
dense,adamw,1e-06,adamw-lr1e-6,0.41472,1.3657448291778564,6.507394766780432e-07,0.6139883995056152,1620
dense,adamw,1e-06,adamw-lr1e-6,0.41728,1.0220462083816528,6.478953356086462e-07,0.599505090713501,1630
dense,adamw,1e-06,adamw-lr1e-6,0.41984,1.1479082107543945,6.450511945392492e-07,0.6300680637359619,1640
dense,adamw,1e-06,adamw-lr1e-6,0.4224,1.117419719696045,6.422070534698521e-07,0.5549819946289063,1650
dense,adamw,1e-06,adamw-lr1e-6,0.42496,1.1992268562316895,6.39362912400455e-07,0.6436805725097656,1660
dense,adamw,1e-06,adamw-lr1e-6,0.42752,1.0706743001937866,6.36518771331058e-07,0.590299415588379,1670
dense,adamw,1e-06,adamw-lr1e-6,0.43008,1.031969666481018,6.336746302616609e-07,0.6369894981384278,1680
dense,adamw,1e-06,adamw-lr1e-6,0.43264,1.138117790222168,6.308304891922639e-07,0.5869019508361817,1690
dense,adamw,1e-06,adamw-lr1e-6,0.4352,1.1574044227600098,6.279863481228669e-07,0.6572501182556152,1700
dense,adamw,1e-06,adamw-lr1e-6,0.43776,1.3263843059539795,6.251422070534699e-07,0.6120724678039551,1710
dense,adamw,1e-06,adamw-lr1e-6,0.44032,1.0529884099960327,6.222980659840727e-07,0.5864986896514892,1720
dense,adamw,1e-06,adamw-lr1e-6,0.44288,1.2349984645843506,6.194539249146757e-07,0.6115412235260009,1730
dense,adamw,1e-06,adamw-lr1e-6,0.44544,1.4213200807571411,6.166097838452787e-07,0.6341553688049316,1740
dense,adamw,1e-06,adamw-lr1e-6,0.448,1.4127620458602905,6.137656427758816e-07,0.6552699089050293,1750
dense,adamw,1e-06,adamw-lr1e-6,0.45056,1.292907953262329,6.109215017064846e-07,0.6079312324523926,1760
dense,adamw,1e-06,adamw-lr1e-6,0.45312,1.2431551218032837,6.080773606370876e-07,0.6040945053100586,1770
dense,adamw,1e-06,adamw-lr1e-6,0.45568,1.1751679182052612,6.052332195676905e-07,0.6087021827697754,1780
dense,adamw,1e-06,adamw-lr1e-6,0.45824,1.1340080499649048,6.023890784982934e-07,0.592672061920166,1790
dense,adamw,1e-06,adamw-lr1e-6,0.4608,1.2088968753814697,5.995449374288964e-07,0.6571937561035156,1800
dense,adamw,1e-06,adamw-lr1e-6,0.46336,1.3200024366378784,5.967007963594995e-07,0.6211806297302246,1810
dense,adamw,1e-06,adamw-lr1e-6,0.46592,1.3556759357452393,5.938566552901024e-07,0.6078851699829102,1820
dense,adamw,1e-06,adamw-lr1e-6,0.46848,1.1293003559112549,5.910125142207054e-07,0.6072330474853516,1830
dense,adamw,1e-06,adamw-lr1e-6,0.47104,1.309715986251831,5.881683731513083e-07,0.6099404335021973,1840
dense,adamw,1e-06,adamw-lr1e-6,0.4736,1.5568010807037354,5.853242320819113e-07,0.6252986907958984,1850
dense,adamw,1e-06,adamw-lr1e-6,0.47616,1.1561301946640015,5.824800910125142e-07,0.538715934753418,1860
dense,adamw,1e-06,adamw-lr1e-6,0.47872,1.1489102840423584,5.796359499431172e-07,0.661348533630371,1870
dense,adamw,1e-06,adamw-lr1e-6,0.48128,1.0309633016586304,5.767918088737202e-07,0.6090235233306884,1880
dense,adamw,1e-06,adamw-lr1e-6,0.48384,1.2058074474334717,5.73947667804323e-07,0.6388730049133301,1890
dense,adamw,1e-06,adamw-lr1e-6,0.4864,0.9031761288642883,5.71103526734926e-07,0.5628241539001465,1900
dense,adamw,1e-06,adamw-lr1e-6,0.48896,0.9964137673377991,5.68259385665529e-07,0.5752190589904785,1910
dense,adamw,1e-06,adamw-lr1e-6,0.49152,1.3737984895706177,5.65415244596132e-07,0.6305636405944824,1920
dense,adamw,1e-06,adamw-lr1e-6,0.49408,1.1547574996948242,5.625711035267349e-07,0.5852388381958008,1930
dense,adamw,1e-06,adamw-lr1e-6,0.49664,1.034623384475708,5.597269624573379e-07,0.5494064807891845,1940
dense,adamw,1e-06,adamw-lr1e-6,0.4992,1.0022109746932983,5.568828213879408e-07,0.6552512645721436,1950
dense,adamw,1e-06,adamw-lr1e-6,0.50176,0.9947752356529236,5.540386803185437e-07,0.6100575923919678,1960
dense,adamw,1e-06,adamw-lr1e-6,0.50432,1.0503990650177002,5.511945392491467e-07,0.6127079010009766,1970
dense,adamw,1e-06,adamw-lr1e-6,0.50688,1.137905478477478,5.483503981797497e-07,0.6134552001953125,1980
dense,adamw,1e-06,adamw-lr1e-6,0.50944,0.8891569972038269,5.455062571103527e-07,0.6251977920532227,1990
dense,adamw,1e-06,adamw-lr1e-6,0.512,1.1679787635803223,5.426621160409555e-07,0.6188102722167969,2000
dense,adamw,1e-06,adamw-lr1e-6,0.51456,1.0145639181137085,5.398179749715585e-07,0.591280460357666,2010
dense,adamw,1e-06,adamw-lr1e-6,0.51712,1.2271454334259033,5.369738339021615e-07,0.6283688545227051,2020
dense,adamw,1e-06,adamw-lr1e-6,0.51968,1.117592215538025,5.341296928327644e-07,0.576900053024292,2030
dense,adamw,1e-06,adamw-lr1e-6,0.52224,1.2078527212142944,5.312855517633675e-07,0.5607542991638184,2040
dense,adamw,1e-06,adamw-lr1e-6,0.5248,1.1537848711013794,5.284414106939705e-07,0.5597999572753907,2050
dense,adamw,1e-06,adamw-lr1e-6,0.52736,1.1084675788879395,5.255972696245734e-07,0.5677205085754394,2060
dense,adamw,1e-06,adamw-lr1e-6,0.52992,1.2098485231399536,5.227531285551763e-07,0.628226375579834,2070
dense,adamw,1e-06,adamw-lr1e-6,0.53248,0.9069345593452454,5.199089874857793e-07,0.6088098049163818,2080
dense,adamw,1e-06,adamw-lr1e-6,0.53504,1.1891160011291504,5.170648464163823e-07,0.5845019817352295,2090
dense,adamw,1e-06,adamw-lr1e-6,0.5376,0.9640809893608093,5.142207053469852e-07,0.6480298042297363,2100
dense,adamw,1e-06,adamw-lr1e-6,0.54016,1.2007298469543457,5.113765642775881e-07,0.6136655807495117,2110
dense,adamw,1e-06,adamw-lr1e-6,0.54272,1.117069959640503,5.085324232081911e-07,0.5826604843139649,2120
dense,adamw,1e-06,adamw-lr1e-6,0.54528,1.1749886274337769,5.056882821387941e-07,0.61299729347229,2130
dense,adamw,1e-06,adamw-lr1e-6,0.54784,1.2008023262023926,5.02844141069397e-07,0.5788108825683593,2140
dense,adamw,1e-06,adamw-lr1e-6,0.5504,0.9300187826156616,5e-07,0.5268691539764404,2150
dense,adamw,1e-06,adamw-lr1e-6,0.55296,1.0021601915359497,4.97155858930603e-07,0.5361515998840332,2160
dense,adamw,1e-06,adamw-lr1e-6,0.55552,1.2600858211517334,4.943117178612059e-07,0.5569425582885742,2170
dense,adamw,1e-06,adamw-lr1e-6,0.55808,1.209316611289978,4.914675767918088e-07,0.5801491737365723,2180
dense,adamw,1e-06,adamw-lr1e-6,0.56064,1.1423542499542236,4.886234357224118e-07,0.6062409400939941,2190
dense,adamw,1e-06,adamw-lr1e-6,0.5632,0.9386158585548401,4.857792946530148e-07,0.5893781185150146,2200
dense,adamw,1e-06,adamw-lr1e-6,0.56576,1.0981237888336182,4.829351535836178e-07,0.618939208984375,2210
dense,adamw,1e-06,adamw-lr1e-6,0.56832,1.0810174942016602,4.800910125142207e-07,0.5363388061523438,2220
dense,adamw,1e-06,adamw-lr1e-6,0.57088,1.0409355163574219,4.772468714448236e-07,0.6055031776428222,2230
dense,adamw,1e-06,adamw-lr1e-6,0.57344,1.2887829542160034,4.744027303754266e-07,0.6318462371826172,2240
dense,adamw,1e-06,adamw-lr1e-6,0.576,1.12459397315979,4.7155858930602955e-07,0.6126133441925049,2250
dense,adamw,1e-06,adamw-lr1e-6,0.57856,1.0212808847427368,4.6871444823663253e-07,0.5790183067321777,2260
dense,adamw,1e-06,adamw-lr1e-6,0.58112,1.1899347305297852,4.6587030716723546e-07,0.5801261901855469,2270
dense,adamw,1e-06,adamw-lr1e-6,0.58368,1.0759046077728271,4.6302616609783845e-07,0.6051789283752441,2280
dense,adamw,1e-06,adamw-lr1e-6,0.58624,1.164344072341919,4.601820250284414e-07,0.5526279926300048,2290
dense,adamw,1e-06,adamw-lr1e-6,0.5888,0.9921574592590332,4.573378839590443e-07,0.5698963165283203,2300
dense,adamw,1e-06,adamw-lr1e-6,0.59136,1.1787556409835815,4.544937428896473e-07,0.5928959846496582,2310
dense,adamw,1e-06,adamw-lr1e-6,0.59392,1.1160460710525513,4.516496018202502e-07,0.5512708187103271,2320
dense,adamw,1e-06,adamw-lr1e-6,0.59648,0.8562502861022949,4.4880546075085326e-07,0.5635321140289307,2330
dense,adamw,1e-06,adamw-lr1e-6,0.59904,1.1222068071365356,4.459613196814562e-07,0.5176520347595215,2340
dense,adamw,1e-06,adamw-lr1e-6,0.6016,0.9466133713722229,4.4311717861205917e-07,0.572908592224121,2350
dense,adamw,1e-06,adamw-lr1e-6,0.60416,1.3050060272216797,4.402730375426621e-07,0.5555867195129395,2360
dense,adamw,1e-06,adamw-lr1e-6,0.60672,1.5566697120666504,4.3742889647326503e-07,0.6002599716186523,2370
dense,adamw,1e-06,adamw-lr1e-6,0.60928,1.0436819791793823,4.34584755403868e-07,0.5327997207641602,2380
dense,adamw,1e-06,adamw-lr1e-6,0.61184,1.1769589185714722,4.3174061433447095e-07,0.5851604461669921,2390
dense,adamw,1e-06,adamw-lr1e-6,0.6144,1.0848132371902466,4.2889647326507393e-07,0.5187991619110107,2400
dense,adamw,1e-06,adamw-lr1e-6,0.61696,0.9597043395042419,4.2605233219567686e-07,0.5547802448272705,2410
dense,adamw,1e-06,adamw-lr1e-6,0.61952,1.0081150531768799,4.2320819112627985e-07,0.5316031455993653,2420
dense,adamw,1e-06,adamw-lr1e-6,0.62208,0.9766930937767029,4.203640500568828e-07,0.5636063575744629,2430
dense,adamw,1e-06,adamw-lr1e-6,0.62464,1.1541967391967773,4.1751990898748576e-07,0.5864682197570801,2440
dense,adamw,1e-06,adamw-lr1e-6,0.6272,1.0842002630233765,4.1467576791808874e-07,0.5665727615356445,2450
dense,adamw,1e-06,adamw-lr1e-6,0.62976,0.9524049758911133,4.118316268486917e-07,0.5367363929748535,2460
dense,adamw,1e-06,adamw-lr1e-6,0.63232,1.180038571357727,4.0898748577929466e-07,0.5539820194244385,2470
dense,adamw,1e-06,adamw-lr1e-6,0.63488,1.0393542051315308,4.061433447098976e-07,0.5281338214874267,2480
dense,adamw,1e-06,adamw-lr1e-6,0.63744,1.0798786878585815,4.0329920364050057e-07,0.5533186435699463,2490
dense,adamw,1e-06,adamw-lr1e-6,0.64,1.250394344329834,4.004550625711035e-07,0.6144877433776855,2500
dense,adamw,1e-06,adamw-lr1e-6,0.64256,1.1045207977294922,3.9761092150170643e-07,0.5526168823242188,2510
dense,adamw,1e-06,adamw-lr1e-6,0.64512,0.9667446613311768,3.947667804323094e-07,0.5683034896850586,2520
dense,adamw,1e-06,adamw-lr1e-6,0.64768,1.0618014335632324,3.9192263936291235e-07,0.573272705078125,2530
dense,adamw,1e-06,adamw-lr1e-6,0.65024,1.0318748950958252,3.8907849829351533e-07,0.5534750938415527,2540
dense,adamw,1e-06,adamw-lr1e-6,0.6528,1.0286591053009033,3.862343572241183e-07,0.600594425201416,2550
dense,adamw,1e-06,adamw-lr1e-6,0.65536,1.1435786485671997,3.833902161547213e-07,0.5778548717498779,2560
dense,adamw,1e-06,adamw-lr1e-6,0.65792,1.167394995689392,3.8054607508532423e-07,0.6195273399353027,2570
dense,adamw,1e-06,adamw-lr1e-6,0.66048,1.050694465637207,3.7770193401592716e-07,0.5398142814636231,2580
dense,adamw,1e-06,adamw-lr1e-6,0.66304,0.9706286787986755,3.7485779294653014e-07,0.5625858783721924,2590
dense,adamw,1e-06,adamw-lr1e-6,0.6656,1.0677375793457031,3.7201365187713307e-07,0.5834430694580078,2600
dense,adamw,1e-06,adamw-lr1e-6,0.66816,1.1389284133911133,3.6916951080773606e-07,0.5448150157928466,2610
dense,adamw,1e-06,adamw-lr1e-6,0.67072,1.0219237804412842,3.66325369738339e-07,0.5740596771240234,2620
dense,adamw,1e-06,adamw-lr1e-6,0.67328,1.0404466390609741,3.6348122866894197e-07,0.5813598155975341,2630
dense,adamw,1e-06,adamw-lr1e-6,0.67584,1.1009209156036377,3.606370875995449e-07,0.5676115989685059,2640
dense,adamw,1e-06,adamw-lr1e-6,0.6784,1.0393860340118408,3.5779294653014783e-07,0.5733747482299805,2650
dense,adamw,1e-06,adamw-lr1e-6,0.68096,1.0305261611938477,3.5494880546075087e-07,0.608032512664795,2660
dense,adamw,1e-06,adamw-lr1e-6,0.68352,1.0701791048049927,3.521046643913538e-07,0.5410830974578857,2670
dense,adamw,1e-06,adamw-lr1e-6,0.68608,0.9844958186149597,3.492605233219568e-07,0.5482347488403321,2680
dense,adamw,1e-06,adamw-lr1e-6,0.68864,1.0151869058609009,3.464163822525597e-07,0.5461626052856445,2690
dense,adamw,1e-06,adamw-lr1e-6,0.6912,1.0301177501678467,3.435722411831627e-07,0.5982468605041504,2700
dense,adamw,1e-06,adamw-lr1e-6,0.69376,1.1271843910217285,3.4072810011376563e-07,0.5569890022277832,2710
dense,adamw,1e-06,adamw-lr1e-6,0.69632,1.2078465223312378,3.3788395904436856e-07,0.641877269744873,2720
dense,adamw,1e-06,adamw-lr1e-6,0.69888,1.0381525754928589,3.3503981797497154e-07,0.6120909690856934,2730
dense,adamw,1e-06,adamw-lr1e-6,0.70144,1.1054116487503052,3.3219567690557447e-07,0.5169590950012207,2740
dense,adamw,1e-06,adamw-lr1e-6,0.704,1.131083607673645,3.2935153583617746e-07,0.5577833175659179,2750
dense,adamw,1e-06,adamw-lr1e-6,0.70656,1.113441824913025,3.265073947667804e-07,0.5607102394104004,2760
dense,adamw,1e-06,adamw-lr1e-6,0.70912,1.2089601755142212,3.236632536973834e-07,0.5398918151855469,2770
dense,adamw,1e-06,adamw-lr1e-6,0.71168,0.9278185963630676,3.2081911262798635e-07,0.5409348011016846,2780
dense,adamw,1e-06,adamw-lr1e-6,0.71424,1.2815797328948975,3.179749715585893e-07,0.5731135845184326,2790
dense,adamw,1e-06,adamw-lr1e-6,0.7168,1.0500819683074951,3.1513083048919227e-07,0.5247655868530273,2800
dense,adamw,1e-06,adamw-lr1e-6,0.71936,1.1362693309783936,3.122866894197952e-07,0.5838731288909912,2810
dense,adamw,1e-06,adamw-lr1e-6,0.72192,1.013190507888794,3.094425483503982e-07,0.5503321647644043,2820
dense,adamw,1e-06,adamw-lr1e-6,0.72448,1.060176134109497,3.065984072810011e-07,0.5374348640441895,2830
dense,adamw,1e-06,adamw-lr1e-6,0.72704,1.269724726676941,3.037542662116041e-07,0.5715619087219238,2840
dense,adamw,1e-06,adamw-lr1e-6,0.7296,0.9988681674003601,3.0091012514220703e-07,0.5540703296661377,2850
dense,adamw,1e-06,adamw-lr1e-6,0.73216,1.1029363870620728,2.9806598407280996e-07,0.5435151576995849,2860
dense,adamw,1e-06,adamw-lr1e-6,0.73472,1.2456748485565186,2.9522184300341294e-07,0.4918828010559082,2870
dense,adamw,1e-06,adamw-lr1e-6,0.73728,0.907701849937439,2.9237770193401587e-07,0.5424949645996093,2880
dense,adamw,1e-06,adamw-lr1e-6,0.73984,0.9912121891975403,2.895335608646189e-07,0.538692569732666,2890
dense,adamw,1e-06,adamw-lr1e-6,0.7424,1.351499080657959,2.8668941979522184e-07,0.5212257862091064,2900
dense,adamw,1e-06,adamw-lr1e-6,0.74496,1.0052435398101807,2.838452787258248e-07,0.5541017055511475,2910
dense,adamw,1e-06,adamw-lr1e-6,0.74752,0.9807775020599365,2.8100113765642775e-07,0.49627251625061036,2920
dense,adamw,1e-06,adamw-lr1e-6,0.75008,1.0240890979766846,2.781569965870307e-07,0.5334261894226074,2930
dense,adamw,1e-06,adamw-lr1e-6,0.75264,0.9060212969779968,2.7531285551763367e-07,0.5520882606506348,2940
dense,adamw,1e-06,adamw-lr1e-6,0.7552,1.1330500841140747,2.724687144482366e-07,0.5463701725006104,2950
dense,adamw,1e-06,adamw-lr1e-6,0.75776,0.9800379872322083,2.696245733788396e-07,0.5377170085906983,2960
dense,adamw,1e-06,adamw-lr1e-6,0.76032,1.034013271331787,2.667804323094425e-07,0.5295702457427979,2970
dense,adamw,1e-06,adamw-lr1e-6,0.76288,1.047568440437317,2.639362912400455e-07,0.5649246215820313,2980
dense,adamw,1e-06,adamw-lr1e-6,0.76544,1.0780446529388428,2.6109215017064843e-07,0.5920710563659668,2990
dense,adamw,1e-06,adamw-lr1e-6,0.768,1.026402235031128,2.582480091012514e-07,0.5174817085266114,3000
dense,adamw,1e-06,adamw-lr1e-6,0.77056,0.9757409691810608,2.554038680318544e-07,0.5620855331420899,3010
dense,adamw,1e-06,adamw-lr1e-6,0.77312,1.0121569633483887,2.525597269624573e-07,0.505072832107544,3020
dense,adamw,1e-06,adamw-lr1e-6,0.77568,1.0947964191436768,2.4971558589306026e-07,0.5493984699249268,3030
dense,adamw,1e-06,adamw-lr1e-6,0.77824,1.0514178276062012,2.4687144482366324e-07,0.5324894428253174,3040
dense,adamw,1e-06,adamw-lr1e-6,0.7808,0.9329349398612976,2.4402730375426617e-07,0.5274319171905517,3050
dense,adamw,1e-06,adamw-lr1e-6,0.78336,1.017952561378479,2.4118316268486915e-07,0.5430747032165527,3060
dense,adamw,1e-06,adamw-lr1e-6,0.78592,1.2012237310409546,2.383390216154721e-07,0.5388687133789063,3070
dense,adamw,1e-06,adamw-lr1e-6,0.78848,1.0007983446121216,2.354948805460751e-07,0.5267423629760742,3080
dense,adamw,1e-06,adamw-lr1e-6,0.79104,1.1011865139007568,2.3265073947667805e-07,0.5781359195709228,3090
dense,adamw,1e-06,adamw-lr1e-6,0.7936,1.3884530067443848,2.2980659840728098e-07,0.5087371826171875,3100
dense,adamw,1e-06,adamw-lr1e-6,0.79616,1.0709606409072876,2.2696245733788394e-07,0.5292674541473389,3110
dense,adamw,1e-06,adamw-lr1e-6,0.79872,0.8483744859695435,2.241183162684869e-07,0.523060417175293,3120
dense,adamw,1e-06,adamw-lr1e-6,0.80128,1.0671453475952148,2.2127417519908985e-07,0.5161070823669434,3130
dense,adamw,1e-06,adamw-lr1e-6,0.80384,0.9252905249595642,2.1843003412969284e-07,0.535284948348999,3140
dense,adamw,1e-06,adamw-lr1e-6,0.8064,0.9497145414352417,2.155858930602958e-07,0.5342555522918702,3150
dense,adamw,1e-06,adamw-lr1e-6,0.80896,0.9137446284294128,2.1274175199089875e-07,0.5484636783599853,3160
dense,adamw,1e-06,adamw-lr1e-6,0.81152,0.8978683948516846,2.0989761092150168e-07,0.5490795135498047,3170
dense,adamw,1e-06,adamw-lr1e-6,0.81408,0.9560417532920837,2.0705346985210464e-07,0.5635790824890137,3180
dense,adamw,1e-06,adamw-lr1e-6,0.81664,1.1082606315612793,2.042093287827076e-07,0.5289397239685059,3190
dense,adamw,1e-06,adamw-lr1e-6,0.8192,1.681310772895813,2.0136518771331058e-07,0.553090763092041,3200
dense,adamw,1e-06,adamw-lr1e-6,0.82176,0.9740034937858582,1.9852104664391354e-07,0.5340338706970215,3210
dense,adamw,1e-06,adamw-lr1e-6,0.82432,1.4867615699768066,1.956769055745165e-07,0.5502164840698243,3220
dense,adamw,1e-06,adamw-lr1e-6,0.82688,0.7972258925437927,1.9283276450511945e-07,0.49022693634033204,3230
dense,adamw,1e-06,adamw-lr1e-6,0.82944,1.0394949913024902,1.8998862343572238e-07,0.5261016845703125,3240
dense,adamw,1e-06,adamw-lr1e-6,0.832,1.0586822032928467,1.8714448236632536e-07,0.5725940704345703,3250
dense,adamw,1e-06,adamw-lr1e-6,0.83456,1.0063790082931519,1.8430034129692832e-07,0.5739615440368653,3260
dense,adamw,1e-06,adamw-lr1e-6,0.83712,1.0476170778274536,1.8145620022753128e-07,0.5281435012817383,3270
dense,adamw,1e-06,adamw-lr1e-6,0.83968,0.975368320941925,1.7861205915813424e-07,0.563047218322754,3280
dense,adamw,1e-06,adamw-lr1e-6,0.84224,1.0909008979797363,1.757679180887372e-07,0.5340587615966796,3290
dense,adamw,1e-06,adamw-lr1e-6,0.8448,1.0264804363250732,1.7292377701934015e-07,0.5258986473083496,3300
dense,adamw,1e-06,adamw-lr1e-6,0.84736,0.9142590165138245,1.7007963594994313e-07,0.5260791301727294,3310
dense,adamw,1e-06,adamw-lr1e-6,0.84992,1.0109789371490479,1.6723549488054606e-07,0.5346699714660644,3320
dense,adamw,1e-06,adamw-lr1e-6,0.85248,0.8555715680122375,1.6439135381114902e-07,0.5904314041137695,3330
dense,adamw,1e-06,adamw-lr1e-6,0.85504,0.9523869752883911,1.6154721274175198e-07,0.5302272796630859,3340
dense,adamw,1e-06,adamw-lr1e-6,0.8576,1.0988163948059082,1.5870307167235494e-07,0.5572269439697266,3350
dense,adamw,1e-06,adamw-lr1e-6,0.86016,1.0856629610061646,1.558589306029579e-07,0.5894283294677735,3360
dense,adamw,1e-06,adamw-lr1e-6,0.86272,0.9206327795982361,1.5301478953356088e-07,0.5103933811187744,3370
dense,adamw,1e-06,adamw-lr1e-6,0.86528,1.114484190940857,1.5017064846416383e-07,0.5355498313903808,3380
dense,adamw,1e-06,adamw-lr1e-6,0.86784,1.0532580614089966,1.4732650739476676e-07,0.5622590065002442,3390
dense,adamw,1e-06,adamw-lr1e-6,0.8704,1.075938105583191,1.4448236632536972e-07,0.5562553882598877,3400
dense,adamw,1e-06,adamw-lr1e-6,0.87296,1.035902738571167,1.4163822525597268e-07,0.5349124431610107,3410
dense,adamw,1e-06,adamw-lr1e-6,0.87552,2.366382360458374,1.3879408418657566e-07,0.5200327396392822,3420
dense,adamw,1e-06,adamw-lr1e-6,0.87808,1.1268178224563599,1.3594994311717862e-07,0.5660713672637939,3430
dense,adamw,1e-06,adamw-lr1e-6,0.88064,1.16813325881958,1.3310580204778158e-07,0.531412410736084,3440
dense,adamw,1e-06,adamw-lr1e-6,0.8832,1.0045417547225952,1.3026166097838453e-07,0.5679408073425293,3450
dense,adamw,1e-06,adamw-lr1e-6,0.88576,1.0953105688095093,1.2741751990898746e-07,0.5640404701232911,3460
dense,adamw,1e-06,adamw-lr1e-6,0.88832,1.0857126712799072,1.2457337883959042e-07,0.5303772926330567,3470
dense,adamw,1e-06,adamw-lr1e-6,0.89088,0.891210675239563,1.217292377701934e-07,0.5639540672302246,3480
dense,adamw,1e-06,adamw-lr1e-6,0.89344,1.0033503770828247,1.1888509670079636e-07,0.5274073600769043,3490
dense,adamw,1e-06,adamw-lr1e-6,0.896,1.0445754528045654,1.1604095563139932e-07,0.5216140747070312,3500
dense,adamw,1e-06,adamw-lr1e-6,0.89856,0.9502754211425781,1.1319681456200226e-07,0.5069613456726074,3510
dense,adamw,1e-06,adamw-lr1e-6,0.90112,1.0745351314544678,1.1035267349260523e-07,0.5540794372558594,3520
dense,adamw,1e-06,adamw-lr1e-6,0.90368,1.1247186660766602,1.0750853242320819e-07,0.5728516578674316,3530
dense,adamw,1e-06,adamw-lr1e-6,0.90624,1.216976284980774,1.0466439135381113e-07,0.5457688808441162,3540
dense,adamw,1e-06,adamw-lr1e-6,0.9088,0.9357664585113525,1.018202502844141e-07,0.5950262069702148,3550
dense,adamw,1e-06,adamw-lr1e-6,0.91136,0.9720348119735718,9.897610921501706e-08,0.5216773986816406,3560
dense,adamw,1e-06,adamw-lr1e-6,0.91392,1.190307378768921,9.613196814562002e-08,0.5557152271270752,3570
dense,adamw,1e-06,adamw-lr1e-6,0.91648,0.9764739274978638,9.328782707622298e-08,0.5197388648986816,3580
dense,adamw,1e-06,adamw-lr1e-6,0.91904,0.8666144609451294,9.044368600682593e-08,0.5501439571380615,3590
dense,adamw,1e-06,adamw-lr1e-6,0.9216,1.135583758354187,8.759954493742889e-08,0.5446291446685791,3600
dense,adamw,1e-06,adamw-lr1e-6,0.92416,1.035826325416565,8.475540386803185e-08,0.5438962936401367,3610
dense,adamw,1e-06,adamw-lr1e-6,0.92672,0.9050449132919312,8.19112627986348e-08,0.5247638702392579,3620
dense,adamw,1e-06,adamw-lr1e-6,0.92928,1.0040326118469238,7.906712172923777e-08,0.4998659133911133,3630
dense,adamw,1e-06,adamw-lr1e-6,0.93184,1.3519495725631714,7.622298065984073e-08,0.5461121559143066,3640
dense,adamw,1e-06,adamw-lr1e-6,0.9344,0.9959594011306763,7.337883959044368e-08,0.5481620788574219,3650
dense,adamw,1e-06,adamw-lr1e-6,0.93696,1.0438965559005737,7.053469852104665e-08,0.5648344039916993,3660
dense,adamw,1e-06,adamw-lr1e-6,0.93952,0.8878629803657532,6.76905574516496e-08,0.5395663738250732,3670
dense,adamw,1e-06,adamw-lr1e-6,0.94208,0.9557594060897827,6.484641638225255e-08,0.47271008491516114,3680
dense,adamw,1e-06,adamw-lr1e-6,0.94464,1.0319788455963135,6.200227531285552e-08,0.5621109008789062,3690
dense,adamw,1e-06,adamw-lr1e-6,0.9472,0.9889836311340332,5.9158134243458474e-08,0.5688841342926025,3700
dense,adamw,1e-06,adamw-lr1e-6,0.94976,1.0421608686447144,5.631399317406143e-08,0.5786548614501953,3710
dense,adamw,1e-06,adamw-lr1e-6,0.95232,1.2739542722702026,5.346985210466439e-08,0.5258289337158203,3720
dense,adamw,1e-06,adamw-lr1e-6,0.95488,1.0642725229263306,5.0625711035267345e-08,0.5472020149230957,3730
dense,adamw,1e-06,adamw-lr1e-6,0.95744,1.1392556428909302,4.778156996587031e-08,0.5263881206512451,3740
dense,adamw,1e-06,adamw-lr1e-6,0.96,1.0966659784317017,4.4937428896473266e-08,0.5497777462005615,3750
dense,adamw,1e-06,adamw-lr1e-6,0.96256,0.99808269739151,4.2093287827076216e-08,0.5368003368377685,3760
dense,adamw,1e-06,adamw-lr1e-6,0.96512,1.0450007915496826,3.924914675767918e-08,0.5550531387329102,3770
dense,adamw,1e-06,adamw-lr1e-6,0.96768,0.92686527967453,3.640500568828214e-08,0.5542061805725098,3780
dense,adamw,1e-06,adamw-lr1e-6,0.97024,1.116908311843872,3.3560864618885094e-08,0.5050613403320312,3790
dense,adamw,1e-06,adamw-lr1e-6,0.9728,0.7320881485939026,3.071672354948805e-08,0.5070782661437988,3800
dense,adamw,1e-06,adamw-lr1e-6,0.97536,1.0362666845321655,2.7872582480091012e-08,0.5175528526306152,3810
dense,adamw,1e-06,adamw-lr1e-6,0.97792,1.9412901401519775,2.502844141069397e-08,0.5610296249389648,3820
dense,adamw,1e-06,adamw-lr1e-6,0.98048,1.170912742614746,2.218430034129693e-08,0.5281871795654297,3830
dense,adamw,1e-06,adamw-lr1e-6,0.98304,0.9656500220298767,1.9340159271899886e-08,0.5605326652526855,3840
dense,adamw,1e-06,adamw-lr1e-6,0.9856,1.276822566986084,1.6496018202502844e-08,0.5514894485473633,3850
dense,adamw,1e-06,adamw-lr1e-6,0.98816,1.0658987760543823,1.3651877133105802e-08,0.5798011302947998,3860
dense,adamw,1e-06,adamw-lr1e-6,0.99072,0.8705185651779175,1.080773606370876e-08,0.4949599266052246,3870
dense,adamw,1e-06,adamw-lr1e-6,0.99328,0.9669666886329651,7.963594994311716e-09,0.5301228046417237,3880
dense,adamw,1e-06,adamw-lr1e-6,0.99584,0.9489445090293884,5.119453924914675e-09,0.526759147644043,3890
dense,adamw,1e-06,adamw-lr1e-6,0.9984,1.199263334274292,2.2753128555176336e-09,0.5779739856719971,3900
dense,adamw,3e-06,adamw-lr3e-6,0.000256,2.191176176071167,0.0,1.2221720218658447,1
dense,adamw,3e-06,adamw-lr3e-6,0.00256,2.2809550762176514,6.90537084398977e-08,1.2178321414523654,10
dense,adamw,3e-06,adamw-lr3e-6,0.00512,2.166701316833496,1.4578005115089513e-07,1.2227888107299805,20
dense,adamw,3e-06,adamw-lr3e-6,0.00768,2.9586451053619385,2.225063938618926e-07,1.186388874053955,30
dense,adamw,3e-06,adamw-lr3e-6,0.01024,2.242403984069824,2.9923273657289003e-07,1.2461818695068358,40
dense,adamw,3e-06,adamw-lr3e-6,0.0128,2.986591100692749,3.7595907928388747e-07,1.1838007926940919,50
dense,adamw,3e-06,adamw-lr3e-6,0.01536,1.9913866519927979,4.526854219948849e-07,1.171458625793457,60
dense,adamw,3e-06,adamw-lr3e-6,0.01792,2.455458641052246,5.294117647058824e-07,1.187303352355957,70
dense,adamw,3e-06,adamw-lr3e-6,0.02048,2.133239269256592,6.061381074168798e-07,1.1755363464355468,80
dense,adamw,3e-06,adamw-lr3e-6,0.02304,2.0003950595855713,6.828644501278773e-07,1.1347824096679688,90
dense,adamw,3e-06,adamw-lr3e-6,0.0256,2.4930527210235596,7.595907928388748e-07,1.1155739784240724,100
dense,adamw,3e-06,adamw-lr3e-6,0.02816,2.106173038482666,8.363171355498722e-07,1.1549951553344726,110
dense,adamw,3e-06,adamw-lr3e-6,0.03072,2.3264589309692383,9.130434782608697e-07,1.152921199798584,120
dense,adamw,3e-06,adamw-lr3e-6,0.03328,2.0588736534118652,9.89769820971867e-07,1.1674322128295898,130
dense,adamw,3e-06,adamw-lr3e-6,0.03584,1.9741528034210205,1.0664961636828644e-06,1.024029541015625,140
dense,adamw,3e-06,adamw-lr3e-6,0.0384,1.8691282272338867,1.1432225063938619e-06,1.080985927581787,150
dense,adamw,3e-06,adamw-lr3e-6,0.04096,1.678647518157959,1.2199488491048593e-06,0.9742308616638183,160
dense,adamw,3e-06,adamw-lr3e-6,0.04352,2.0226688385009766,1.2966751918158567e-06,1.0675600051879883,170
dense,adamw,3e-06,adamw-lr3e-6,0.04608,1.924312949180603,1.3734015345268542e-06,1.0546812057495116,180
dense,adamw,3e-06,adamw-lr3e-6,0.04864,1.8033759593963623,1.4501278772378516e-06,0.9390155792236328,190
dense,adamw,3e-06,adamw-lr3e-6,0.0512,2.0333187580108643,1.526854219948849e-06,0.9916275024414063,200
dense,adamw,3e-06,adamw-lr3e-6,0.05376,2.027967929840088,1.6035805626598465e-06,0.9804878234863281,210
dense,adamw,3e-06,adamw-lr3e-6,0.05632,1.849204659461975,1.680306905370844e-06,0.9731510162353516,220
dense,adamw,3e-06,adamw-lr3e-6,0.05888,1.7951147556304932,1.7570332480818414e-06,1.0232006072998048,230
dense,adamw,3e-06,adamw-lr3e-6,0.06144,1.7970818281173706,1.8337595907928388e-06,0.9602175712585449,240
dense,adamw,3e-06,adamw-lr3e-6,0.064,1.676905870437622,1.9104859335038362e-06,0.9335489273071289,250
dense,adamw,3e-06,adamw-lr3e-6,0.06656,2.0224204063415527,1.9872122762148337e-06,0.9028892517089844,260
dense,adamw,3e-06,adamw-lr3e-6,0.06912,1.6316946744918823,2.063938618925831e-06,0.9163015365600586,270
dense,adamw,3e-06,adamw-lr3e-6,0.07168,1.8060904741287231,2.1406649616368285e-06,0.9095991134643555,280
dense,adamw,3e-06,adamw-lr3e-6,0.07424,1.8236602544784546,2.217391304347826e-06,0.8983611106872559,290
dense,adamw,3e-06,adamw-lr3e-6,0.0768,1.3950750827789307,2.2941176470588234e-06,0.8555939674377442,300
dense,adamw,3e-06,adamw-lr3e-6,0.07936,1.5881034135818481,2.3708439897698213e-06,0.8391724586486816,310
dense,adamw,3e-06,adamw-lr3e-6,0.08192,2.0802040100097656,2.4475703324808187e-06,0.812624168395996,320
dense,adamw,3e-06,adamw-lr3e-6,0.08448,1.6106948852539062,2.524296675191816e-06,0.8985535621643066,330
dense,adamw,3e-06,adamw-lr3e-6,0.08704,1.4735482931137085,2.6010230179028136e-06,0.8048610687255859,340
dense,adamw,3e-06,adamw-lr3e-6,0.0896,1.574097990989685,2.677749360613811e-06,0.8357234954833984,350
dense,adamw,3e-06,adamw-lr3e-6,0.09216,1.5067371129989624,2.7544757033248085e-06,0.7617533683776856,360
dense,adamw,3e-06,adamw-lr3e-6,0.09472,1.6578338146209717,2.831202046035806e-06,0.7824634552001953,370
dense,adamw,3e-06,adamw-lr3e-6,0.09728,1.360174536705017,2.9079283887468033e-06,0.8046114921569825,380
dense,adamw,3e-06,adamw-lr3e-6,0.09984,1.4311331510543823,2.9846547314578008e-06,0.8318782806396484,390
dense,adamw,3e-06,adamw-lr3e-6,0.1024,1.1464955806732178,2.9931740614334473e-06,0.7477869033813477,400
dense,adamw,3e-06,adamw-lr3e-6,0.10496,1.2216452360153198,2.984641638225256e-06,0.771907901763916,410
dense,adamw,3e-06,adamw-lr3e-6,0.10752,1.357953667640686,2.9761092150170646e-06,0.7031723022460937,420
dense,adamw,3e-06,adamw-lr3e-6,0.11008,1.4062809944152832,2.9675767918088736e-06,0.7185135364532471,430
dense,adamw,3e-06,adamw-lr3e-6,0.11264,1.194294810295105,2.9590443686006827e-06,0.7508126258850097,440
dense,adamw,3e-06,adamw-lr3e-6,0.1152,1.3601082563400269,2.9505119453924918e-06,0.6600240707397461,450
dense,adamw,3e-06,adamw-lr3e-6,0.11776,1.2383232116699219,2.9419795221843004e-06,0.7380438804626465,460
dense,adamw,3e-06,adamw-lr3e-6,0.12032,1.2643818855285645,2.9334470989761094e-06,0.7143162727355957,470
dense,adamw,3e-06,adamw-lr3e-6,0.12288,1.3613312244415283,2.924914675767918e-06,0.6792428970336915,480
dense,adamw,3e-06,adamw-lr3e-6,0.12544,1.0500999689102173,2.9163822525597267e-06,0.6763519763946533,490
dense,adamw,3e-06,adamw-lr3e-6,0.128,1.1568818092346191,2.9078498293515358e-06,0.6782429695129395,500
dense,adamw,3e-06,adamw-lr3e-6,0.13056,1.1427829265594482,2.899317406143345e-06,0.7244014739990234,510
dense,adamw,3e-06,adamw-lr3e-6,0.13312,1.3246231079101562,2.890784982935154e-06,0.6768880367279053,520
dense,adamw,3e-06,adamw-lr3e-6,0.13568,1.2463186979293823,2.8822525597269625e-06,0.6857790470123291,530
dense,adamw,3e-06,adamw-lr3e-6,0.13824,1.2556856870651245,2.8737201365187716e-06,0.6840639591217041,540
dense,adamw,3e-06,adamw-lr3e-6,0.1408,1.2098513841629028,2.86518771331058e-06,0.6082856178283691,550
dense,adamw,3e-06,adamw-lr3e-6,0.14336,1.2872065305709839,2.856655290102389e-06,0.7449613094329834,560
dense,adamw,3e-06,adamw-lr3e-6,0.14592,1.22019362449646,2.848122866894198e-06,0.6095845699310303,570
dense,adamw,3e-06,adamw-lr3e-6,0.14848,1.149976134300232,2.839590443686007e-06,0.6199563026428223,580
dense,adamw,3e-06,adamw-lr3e-6,0.15104,1.2260961532592773,2.831058020477816e-06,0.5728693962097168,590
dense,adamw,3e-06,adamw-lr3e-6,0.1536,1.189172387123108,2.8225255972696246e-06,0.6117689132690429,600
dense,adamw,3e-06,adamw-lr3e-6,0.15616,1.178570032119751,2.8139931740614337e-06,0.6134245872497559,610
dense,adamw,3e-06,adamw-lr3e-6,0.15872,1.1137884855270386,2.8054607508532423e-06,0.6153790950775146,620
dense,adamw,3e-06,adamw-lr3e-6,0.16128,1.1298800706863403,2.796928327645051e-06,0.5863441467285156,630
dense,adamw,3e-06,adamw-lr3e-6,0.16384,1.1142902374267578,2.78839590443686e-06,0.6140216827392578,640
dense,adamw,3e-06,adamw-lr3e-6,0.1664,1.006181001663208,2.779863481228669e-06,0.6185522556304932,650
dense,adamw,3e-06,adamw-lr3e-6,0.16896,1.1769614219665527,2.771331058020478e-06,0.5868519306182861,660
dense,adamw,3e-06,adamw-lr3e-6,0.17152,1.0855960845947266,2.7627986348122868e-06,0.5655461311340332,670
dense,adamw,3e-06,adamw-lr3e-6,0.17408,1.0760750770568848,2.754266211604096e-06,0.6121170997619629,680
dense,adamw,3e-06,adamw-lr3e-6,0.17664,1.1863017082214355,2.7457337883959045e-06,0.6042661666870117,690
dense,adamw,3e-06,adamw-lr3e-6,0.1792,0.9741871356964111,2.737201365187713e-06,0.5788878440856934,700
dense,adamw,3e-06,adamw-lr3e-6,0.18176,1.0885008573532104,2.728668941979522e-06,0.5642376899719238,710
dense,adamw,3e-06,adamw-lr3e-6,0.18432,1.1205202341079712,2.720136518771331e-06,0.5822890281677247,720
dense,adamw,3e-06,adamw-lr3e-6,0.18688,1.1781878471374512,2.7116040955631403e-06,0.5565733432769775,730
dense,adamw,3e-06,adamw-lr3e-6,0.18944,1.0059655904769897,2.703071672354949e-06,0.5654471397399903,740
dense,adamw,3e-06,adamw-lr3e-6,0.192,1.1086827516555786,2.694539249146758e-06,0.5748574733734131,750
dense,adamw,3e-06,adamw-lr3e-6,0.19456,1.2234599590301514,2.6860068259385666e-06,0.5717655181884765,760
dense,adamw,3e-06,adamw-lr3e-6,0.19712,1.0198770761489868,2.6774744027303752e-06,0.5661707878112793,770
dense,adamw,3e-06,adamw-lr3e-6,0.19968,1.1270573139190674,2.6689419795221843e-06,0.6020162105560303,780
dense,adamw,3e-06,adamw-lr3e-6,0.20224,1.1378957033157349,2.6604095563139933e-06,0.513884449005127,790
dense,adamw,3e-06,adamw-lr3e-6,0.2048,0.9124367833137512,2.6518771331058024e-06,0.5254647731781006,800
dense,adamw,3e-06,adamw-lr3e-6,0.20736,1.087945580482483,2.643344709897611e-06,0.550872802734375,810
dense,adamw,3e-06,adamw-lr3e-6,0.20992,0.9166675209999084,2.63481228668942e-06,0.5565212726593017,820
dense,adamw,3e-06,adamw-lr3e-6,0.21248,1.8601099252700806,2.6262798634812287e-06,0.5690174579620362,830
dense,adamw,3e-06,adamw-lr3e-6,0.21504,1.084598422050476,2.6177474402730373e-06,0.55147705078125,840
dense,adamw,3e-06,adamw-lr3e-6,0.2176,1.1141754388809204,2.6092150170648464e-06,0.585728931427002,850
dense,adamw,3e-06,adamw-lr3e-6,0.22016,0.8427322506904602,2.6006825938566555e-06,0.5194278717041015,860
dense,adamw,3e-06,adamw-lr3e-6,0.22272,0.9724170565605164,2.5921501706484645e-06,0.494610595703125,870
dense,adamw,3e-06,adamw-lr3e-6,0.22528,0.8517367243766785,2.583617747440273e-06,0.5203458786010742,880
dense,adamw,3e-06,adamw-lr3e-6,0.22784,1.0947920083999634,2.5750853242320818e-06,0.5286789894104004,890
dense,adamw,3e-06,adamw-lr3e-6,0.2304,1.19631826877594,2.566552901023891e-06,0.5197977542877197,900
dense,adamw,3e-06,adamw-lr3e-6,0.23296,1.0705760717391968,2.5580204778156995e-06,0.5259158611297607,910
dense,adamw,3e-06,adamw-lr3e-6,0.23552,1.0798897743225098,2.5494880546075085e-06,0.5429366111755372,920
dense,adamw,3e-06,adamw-lr3e-6,0.23808,1.0032492876052856,2.5409556313993176e-06,0.5172595977783203,930
dense,adamw,3e-06,adamw-lr3e-6,0.24064,1.0026590824127197,2.5324232081911266e-06,0.4952988624572754,940
dense,adamw,3e-06,adamw-lr3e-6,0.2432,1.073751449584961,2.5238907849829353e-06,0.5147809028625489,950
dense,adamw,3e-06,adamw-lr3e-6,0.24576,0.9567106366157532,2.515358361774744e-06,0.5336058616638184,960
dense,adamw,3e-06,adamw-lr3e-6,0.24832,0.9601399302482605,2.506825938566553e-06,0.5011740684509277,970
dense,adamw,3e-06,adamw-lr3e-6,0.25088,1.07207190990448,2.4982935153583616e-06,0.5606887817382813,980
dense,adamw,3e-06,adamw-lr3e-6,0.25344,1.0053905248641968,2.4897610921501706e-06,0.48914155960083006,990
dense,adamw,3e-06,adamw-lr3e-6,0.256,0.8877947926521301,2.4812286689419797e-06,0.47050113677978517,1000
dense,adamw,3e-06,adamw-lr3e-6,0.25856,0.6640915274620056,2.4726962457337888e-06,0.4715097427368164,1010
dense,adamw,3e-06,adamw-lr3e-6,0.26112,1.0854315757751465,2.4641638225255974e-06,0.513364601135254,1020
dense,adamw,3e-06,adamw-lr3e-6,0.26368,0.9419398903846741,2.455631399317406e-06,0.49023685455322263,1030
dense,adamw,3e-06,adamw-lr3e-6,0.26624,1.057008981704712,2.447098976109215e-06,0.48148479461669924,1040
dense,adamw,3e-06,adamw-lr3e-6,0.2688,1.0314286947250366,2.4385665529010237e-06,0.5467097282409668,1050
dense,adamw,3e-06,adamw-lr3e-6,0.27136,0.8802459239959717,2.4300341296928328e-06,0.505941104888916,1060
dense,adamw,3e-06,adamw-lr3e-6,0.27392,0.9040571451187134,2.421501706484642e-06,0.492094898223877,1070
dense,adamw,3e-06,adamw-lr3e-6,0.27648,0.6193968653678894,2.412969283276451e-06,0.5153103828430176,1080
dense,adamw,3e-06,adamw-lr3e-6,0.27904,0.8588440418243408,2.4044368600682595e-06,0.5240098476409912,1090
dense,adamw,3e-06,adamw-lr3e-6,0.2816,1.0364606380462646,2.395904436860068e-06,0.49582605361938475,1100
dense,adamw,3e-06,adamw-lr3e-6,0.28416,0.9315000772476196,2.387372013651877e-06,0.49300537109375,1110
dense,adamw,3e-06,adamw-lr3e-6,0.28672,0.8636769652366638,2.378839590443686e-06,0.5018421649932862,1120
dense,adamw,3e-06,adamw-lr3e-6,0.28928,1.0492852926254272,2.370307167235495e-06,0.5083803176879883,1130
dense,adamw,3e-06,adamw-lr3e-6,0.29184,0.9905522465705872,2.361774744027304e-06,0.48103623390197753,1140
dense,adamw,3e-06,adamw-lr3e-6,0.2944,0.9867962002754211,2.353242320819113e-06,0.508831787109375,1150
dense,adamw,3e-06,adamw-lr3e-6,0.29696,1.0825363397598267,2.3447098976109216e-06,0.49063591957092284,1160
dense,adamw,3e-06,adamw-lr3e-6,0.29952,0.9518336653709412,2.3361774744027303e-06,0.46421313285827637,1170
dense,adamw,3e-06,adamw-lr3e-6,0.30208,0.8221522569656372,2.3276450511945393e-06,0.5265291213989258,1180
dense,adamw,3e-06,adamw-lr3e-6,0.30464,0.8140825629234314,2.319112627986348e-06,0.5242768287658691,1190
dense,adamw,3e-06,adamw-lr3e-6,0.3072,1.0763717889785767,2.310580204778157e-06,0.5154070854187012,1200
dense,adamw,3e-06,adamw-lr3e-6,0.30976,1.2131482362747192,2.302047781569966e-06,0.46901850700378417,1210
dense,adamw,3e-06,adamw-lr3e-6,0.31232,0.7326014041900635,2.293515358361775e-06,0.5009817123413086,1220
dense,adamw,3e-06,adamw-lr3e-6,0.31488,0.9750741124153137,2.2849829351535838e-06,0.49915618896484376,1230
dense,adamw,3e-06,adamw-lr3e-6,0.31744,0.9004837870597839,2.2764505119453924e-06,0.4972691059112549,1240
dense,adamw,3e-06,adamw-lr3e-6,0.32,1.052332878112793,2.2679180887372015e-06,0.5027773380279541,1250
dense,adamw,3e-06,adamw-lr3e-6,0.32256,0.92156583070755,2.25938566552901e-06,0.4876972198486328,1260
dense,adamw,3e-06,adamw-lr3e-6,0.32512,0.8758423924446106,2.250853242320819e-06,0.493316650390625,1270
dense,adamw,3e-06,adamw-lr3e-6,0.32768,0.9041147232055664,2.242320819112628e-06,0.4837758541107178,1280
dense,adamw,3e-06,adamw-lr3e-6,0.33024,0.8181330561637878,2.2337883959044373e-06,0.4473353385925293,1290
dense,adamw,3e-06,adamw-lr3e-6,0.3328,1.807028889656067,2.225255972696246e-06,0.5148736953735351,1300
dense,adamw,3e-06,adamw-lr3e-6,0.33536,0.972327470779419,2.2167235494880545e-06,0.4958802223205566,1310
dense,adamw,3e-06,adamw-lr3e-6,0.33792,1.0016342401504517,2.2081911262798636e-06,0.4941688060760498,1320
dense,adamw,3e-06,adamw-lr3e-6,0.34048,0.889600932598114,2.1996587030716722e-06,0.4363147258758545,1330
dense,adamw,3e-06,adamw-lr3e-6,0.34304,0.911425769329071,2.1911262798634813e-06,0.507834529876709,1340
dense,adamw,3e-06,adamw-lr3e-6,0.3456,0.8607032895088196,2.1825938566552903e-06,0.42527265548706056,1350
dense,adamw,3e-06,adamw-lr3e-6,0.34816,1.0748592615127563,2.174061433447099e-06,0.4816129684448242,1360
dense,adamw,3e-06,adamw-lr3e-6,0.35072,0.7582879066467285,2.165529010238908e-06,0.4704995632171631,1370
dense,adamw,3e-06,adamw-lr3e-6,0.35328,0.9623358249664307,2.1569965870307167e-06,0.4637995719909668,1380
dense,adamw,3e-06,adamw-lr3e-6,0.35584,0.8073350787162781,2.1484641638225257e-06,0.4302057266235352,1390
dense,adamw,3e-06,adamw-lr3e-6,0.3584,0.9225093126296997,2.1399317406143343e-06,0.492315673828125,1400
dense,adamw,3e-06,adamw-lr3e-6,0.36096,0.8243027329444885,2.1313993174061434e-06,0.46999225616455076,1410
dense,adamw,3e-06,adamw-lr3e-6,0.36352,1.088644027709961,2.1228668941979525e-06,0.42455129623413085,1420
dense,adamw,3e-06,adamw-lr3e-6,0.36608,1.0501785278320312,2.114334470989761e-06,0.4597804069519043,1430
dense,adamw,3e-06,adamw-lr3e-6,0.36864,1.4774783849716187,2.1058020477815697e-06,0.431203556060791,1440
dense,adamw,3e-06,adamw-lr3e-6,0.3712,1.000504732131958,2.0972696245733788e-06,0.5370481491088868,1450
dense,adamw,3e-06,adamw-lr3e-6,0.37376,1.0380685329437256,2.088737201365188e-06,0.4939262390136719,1460
dense,adamw,3e-06,adamw-lr3e-6,0.37632,0.8387798070907593,2.0802047781569965e-06,0.4638199806213379,1470
dense,adamw,3e-06,adamw-lr3e-6,0.37888,1.1160473823547363,2.0716723549488055e-06,0.4700171947479248,1480
dense,adamw,3e-06,adamw-lr3e-6,0.38144,1.0183007717132568,2.0631399317406146e-06,0.4783132076263428,1490
dense,adamw,3e-06,adamw-lr3e-6,0.384,0.9951870441436768,2.0546075085324232e-06,0.44283404350280764,1500
dense,adamw,3e-06,adamw-lr3e-6,0.38656,0.9251269102096558,2.046075085324232e-06,0.47916355133056643,1510
dense,adamw,3e-06,adamw-lr3e-6,0.38912,0.9014184474945068,2.037542662116041e-06,0.4440769195556641,1520
dense,adamw,3e-06,adamw-lr3e-6,0.39168,1.0723105669021606,2.02901023890785e-06,0.4643091201782227,1530
dense,adamw,3e-06,adamw-lr3e-6,0.39424,1.1806750297546387,2.0204778156996586e-06,0.46629891395568845,1540
dense,adamw,3e-06,adamw-lr3e-6,0.3968,0.8359659314155579,2.0119453924914677e-06,0.4518610954284668,1550
dense,adamw,3e-06,adamw-lr3e-6,0.39936,0.8720343112945557,2.0034129692832767e-06,0.47106232643127444,1560
dense,adamw,3e-06,adamw-lr3e-6,0.40192,0.9355179667472839,1.9948805460750853e-06,0.47740755081176756,1570
dense,adamw,3e-06,adamw-lr3e-6,0.40448,0.7909754514694214,1.986348122866894e-06,0.40720319747924805,1580
dense,adamw,3e-06,adamw-lr3e-6,0.40704,0.7195923328399658,1.977815699658703e-06,0.4189944267272949,1590
dense,adamw,3e-06,adamw-lr3e-6,0.4096,0.8824335336685181,1.969283276450512e-06,0.3834841251373291,1600
dense,adamw,3e-06,adamw-lr3e-6,0.41216,0.9151896238327026,1.9607508532423207e-06,0.46781005859375,1610
dense,adamw,3e-06,adamw-lr3e-6,0.41472,1.0935035943984985,1.9522184300341298e-06,0.4431289196014404,1620
dense,adamw,3e-06,adamw-lr3e-6,0.41728,0.842670202255249,1.943686006825939e-06,0.43016705513000486,1630
dense,adamw,3e-06,adamw-lr3e-6,0.41984,0.8472434282302856,1.9351535836177475e-06,0.45626125335693357,1640
dense,adamw,3e-06,adamw-lr3e-6,0.4224,0.8552516102790833,1.926621160409556e-06,0.4013852119445801,1650
dense,adamw,3e-06,adamw-lr3e-6,0.42496,0.9607295989990234,1.918088737201365e-06,0.4642175197601318,1660
dense,adamw,3e-06,adamw-lr3e-6,0.42752,0.9437455534934998,1.9095563139931742e-06,0.43488492965698244,1670
dense,adamw,3e-06,adamw-lr3e-6,0.43008,0.8227136731147766,1.9010238907849828e-06,0.4526345729827881,1680
dense,adamw,3e-06,adamw-lr3e-6,0.43264,0.8829574584960938,1.892491467576792e-06,0.42245850563049314,1690
dense,adamw,3e-06,adamw-lr3e-6,0.4352,0.8151533007621765,1.8839590443686007e-06,0.47902603149414064,1700
dense,adamw,3e-06,adamw-lr3e-6,0.43776,0.9117809534072876,1.8754266211604098e-06,0.4401224136352539,1710
dense,adamw,3e-06,adamw-lr3e-6,0.44032,0.726360559463501,1.8668941979522184e-06,0.4071084976196289,1720
dense,adamw,3e-06,adamw-lr3e-6,0.44288,0.7242985367774963,1.8583617747440273e-06,0.44076099395751955,1730
dense,adamw,3e-06,adamw-lr3e-6,0.44544,0.8867169618606567,1.8498293515358363e-06,0.45598158836364744,1740
dense,adamw,3e-06,adamw-lr3e-6,0.448,1.059903860092163,1.841296928327645e-06,0.46764192581176756,1750
dense,adamw,3e-06,adamw-lr3e-6,0.45056,1.0363647937774658,1.832764505119454e-06,0.459283447265625,1760
dense,adamw,3e-06,adamw-lr3e-6,0.45312,0.8748528361320496,1.8242320819112629e-06,0.42774410247802735,1770
dense,adamw,3e-06,adamw-lr3e-6,0.45568,0.9078583717346191,1.815699658703072e-06,0.45134449005126953,1780
dense,adamw,3e-06,adamw-lr3e-6,0.45824,0.8070744872093201,1.8071672354948806e-06,0.4300044059753418,1790
dense,adamw,3e-06,adamw-lr3e-6,0.4608,0.8797298669815063,1.7986348122866894e-06,0.4661093711853027,1800
dense,adamw,3e-06,adamw-lr3e-6,0.46336,0.9036211371421814,1.7901023890784985e-06,0.4526017189025879,1810
dense,adamw,3e-06,adamw-lr3e-6,0.46592,1.2287402153015137,1.781569965870307e-06,0.4319890022277832,1820
dense,adamw,3e-06,adamw-lr3e-6,0.46848,0.9069870114326477,1.773037542662116e-06,0.4319042205810547,1830
dense,adamw,3e-06,adamw-lr3e-6,0.47104,0.9813563227653503,1.764505119453925e-06,0.4431288242340088,1840
dense,adamw,3e-06,adamw-lr3e-6,0.4736,0.9332736730575562,1.755972696245734e-06,0.44371709823608396,1850
dense,adamw,3e-06,adamw-lr3e-6,0.47616,0.9010903239250183,1.7474402730375427e-06,0.39850122928619386,1860
dense,adamw,3e-06,adamw-lr3e-6,0.47872,0.9198271632194519,1.7389078498293515e-06,0.4856367588043213,1870
dense,adamw,3e-06,adamw-lr3e-6,0.48128,0.7650208473205566,1.7303754266211606e-06,0.4387073516845703,1880
dense,adamw,3e-06,adamw-lr3e-6,0.48384,0.9231083989143372,1.7218430034129692e-06,0.47922067642211913,1890
dense,adamw,3e-06,adamw-lr3e-6,0.4864,0.7220218777656555,1.713310580204778e-06,0.4217193126678467,1900
dense,adamw,3e-06,adamw-lr3e-6,0.48896,0.6906099915504456,1.7047781569965871e-06,0.40862560272216797,1910
dense,adamw,3e-06,adamw-lr3e-6,0.49152,0.9969325661659241,1.6962457337883962e-06,0.4779367446899414,1920
dense,adamw,3e-06,adamw-lr3e-6,0.49408,0.8826860785484314,1.6877133105802048e-06,0.42608890533447263,1930
dense,adamw,3e-06,adamw-lr3e-6,0.49664,0.7980749011039734,1.6791808873720137e-06,0.3937661647796631,1940
dense,adamw,3e-06,adamw-lr3e-6,0.4992,0.7515611052513123,1.6706484641638227e-06,0.46704807281494143,1950
dense,adamw,3e-06,adamw-lr3e-6,0.50176,1.0329574346542358,1.6621160409556314e-06,0.4553464412689209,1960
dense,adamw,3e-06,adamw-lr3e-6,0.50432,0.8707484602928162,1.6535836177474402e-06,0.43228492736816404,1970
dense,adamw,3e-06,adamw-lr3e-6,0.50688,0.9830754995346069,1.6450511945392493e-06,0.4360469341278076,1980
dense,adamw,3e-06,adamw-lr3e-6,0.50944,0.8089208006858826,1.6365187713310583e-06,0.44997501373291016,1990
dense,adamw,3e-06,adamw-lr3e-6,0.512,0.8772487640380859,1.627986348122867e-06,0.449381160736084,2000
dense,adamw,3e-06,adamw-lr3e-6,0.51456,0.7423831224441528,1.6194539249146758e-06,0.4339859962463379,2010
dense,adamw,3e-06,adamw-lr3e-6,0.51712,0.9071128368377686,1.6109215017064848e-06,0.44594345092773435,2020
dense,adamw,3e-06,adamw-lr3e-6,0.51968,0.7067998051643372,1.6023890784982935e-06,0.4080312728881836,2030
dense,adamw,3e-06,adamw-lr3e-6,0.52224,0.9942227005958557,1.5938566552901023e-06,0.40015664100646975,2040
dense,adamw,3e-06,adamw-lr3e-6,0.5248,0.8757917881011963,1.5853242320819114e-06,0.3980818271636963,2050
dense,adamw,3e-06,adamw-lr3e-6,0.52736,0.8003706932067871,1.5767918088737202e-06,0.3973562240600586,2060
dense,adamw,3e-06,adamw-lr3e-6,0.52992,0.8527761697769165,1.5682593856655289e-06,0.4471136093139648,2070
dense,adamw,3e-06,adamw-lr3e-6,0.53248,0.7121110558509827,1.559726962457338e-06,0.4486570358276367,2080
dense,adamw,3e-06,adamw-lr3e-6,0.53504,1.2246918678283691,1.551194539249147e-06,0.4161865234375,2090
dense,adamw,3e-06,adamw-lr3e-6,0.5376,0.7564558386802673,1.5426621160409556e-06,0.47467823028564454,2100
dense,adamw,3e-06,adamw-lr3e-6,0.54016,0.9182610511779785,1.5341296928327644e-06,0.4426713943481445,2110
dense,adamw,3e-06,adamw-lr3e-6,0.54272,0.8935946822166443,1.5255972696245735e-06,0.4332562446594238,2120
dense,adamw,3e-06,adamw-lr3e-6,0.54528,0.9651738405227661,1.5170648464163823e-06,0.44321107864379883,2130
dense,adamw,3e-06,adamw-lr3e-6,0.54784,0.850400984287262,1.508532423208191e-06,0.4014870643615723,2140
dense,adamw,3e-06,adamw-lr3e-6,0.5504,0.8128038644790649,1.5e-06,0.38543057441711426,2150
dense,adamw,3e-06,adamw-lr3e-6,0.55296,0.7999908924102783,1.4914675767918089e-06,0.37883753776550294,2160
dense,adamw,3e-06,adamw-lr3e-6,0.55552,0.8909809589385986,1.4829351535836177e-06,0.39381568431854247,2170
dense,adamw,3e-06,adamw-lr3e-6,0.55808,0.9173526763916016,1.4744027303754266e-06,0.4183011054992676,2180
dense,adamw,3e-06,adamw-lr3e-6,0.56064,0.8384832143783569,1.4658703071672356e-06,0.42596187591552737,2190
dense,adamw,3e-06,adamw-lr3e-6,0.5632,0.7241156697273254,1.4573378839590445e-06,0.4074541568756104,2200
dense,adamw,3e-06,adamw-lr3e-6,0.56576,0.9193571209907532,1.4488054607508533e-06,0.45427308082580564,2210
dense,adamw,3e-06,adamw-lr3e-6,0.56832,0.794862687587738,1.4402730375426622e-06,0.38065595626831056,2220
dense,adamw,3e-06,adamw-lr3e-6,0.57088,0.8543412089347839,1.431740614334471e-06,0.43906917572021487,2230
dense,adamw,3e-06,adamw-lr3e-6,0.57344,0.9319532513618469,1.4232081911262799e-06,0.4690659999847412,2240
dense,adamw,3e-06,adamw-lr3e-6,0.576,0.9582542181015015,1.4146757679180887e-06,0.4467952251434326,2250
dense,adamw,3e-06,adamw-lr3e-6,0.57856,0.8124584555625916,1.4061433447098978e-06,0.43742713928222654,2260
dense,adamw,3e-06,adamw-lr3e-6,0.58112,0.898422360420227,1.3976109215017066e-06,0.3992830514907837,2270
dense,adamw,3e-06,adamw-lr3e-6,0.58368,0.7685765027999878,1.3890784982935154e-06,0.4420818328857422,2280
dense,adamw,3e-06,adamw-lr3e-6,0.58624,0.9412670135498047,1.3805460750853243e-06,0.412455415725708,2290
dense,adamw,3e-06,adamw-lr3e-6,0.5888,0.7825343608856201,1.3720136518771331e-06,0.4127249240875244,2300
dense,adamw,3e-06,adamw-lr3e-6,0.59136,0.872759997844696,1.363481228668942e-06,0.4299095630645752,2310
dense,adamw,3e-06,adamw-lr3e-6,0.59392,0.8888900279998779,1.3549488054607508e-06,0.4019219398498535,2320
dense,adamw,3e-06,adamw-lr3e-6,0.59648,0.6676154732704163,1.3464163822525599e-06,0.40552029609680174,2330
dense,adamw,3e-06,adamw-lr3e-6,0.59904,0.7705612778663635,1.3378839590443685e-06,0.37533581256866455,2340
dense,adamw,3e-06,adamw-lr3e-6,0.6016,0.7333688735961914,1.3293515358361776e-06,0.40785627365112304,2350
dense,adamw,3e-06,adamw-lr3e-6,0.60416,0.9531585574150085,1.3208191126279864e-06,0.4181806564331055,2360
dense,adamw,3e-06,adamw-lr3e-6,0.60672,0.928173840045929,1.3122866894197953e-06,0.41933116912841795,2370
dense,adamw,3e-06,adamw-lr3e-6,0.60928,0.793191134929657,1.303754266211604e-06,0.4018994331359863,2380
dense,adamw,3e-06,adamw-lr3e-6,0.61184,0.7853553295135498,1.295221843003413e-06,0.4409619331359863,2390
dense,adamw,3e-06,adamw-lr3e-6,0.6144,0.7590956091880798,1.286689419795222e-06,0.37329416275024413,2400
dense,adamw,3e-06,adamw-lr3e-6,0.61696,0.8328874111175537,1.2781569965870306e-06,0.4225760936737061,2410
dense,adamw,3e-06,adamw-lr3e-6,0.61952,0.7703160643577576,1.2696245733788397e-06,0.37198433876037595,2420
dense,adamw,3e-06,adamw-lr3e-6,0.62208,0.7352893352508545,1.2610921501706485e-06,0.4209336757659912,2430
dense,adamw,3e-06,adamw-lr3e-6,0.62464,0.8469876646995544,1.2525597269624574e-06,0.4224691390991211,2440
dense,adamw,3e-06,adamw-lr3e-6,0.6272,0.8530866503715515,1.2440273037542662e-06,0.42368831634521487,2450
dense,adamw,3e-06,adamw-lr3e-6,0.62976,0.7455815672874451,1.235494880546075e-06,0.3996268749237061,2460
dense,adamw,3e-06,adamw-lr3e-6,0.63232,0.9870188236236572,1.2269624573378841e-06,0.39599764347076416,2470
dense,adamw,3e-06,adamw-lr3e-6,0.63488,0.7939436435699463,1.2184300341296928e-06,0.38004345893859864,2480
dense,adamw,3e-06,adamw-lr3e-6,0.63744,0.8384032249450684,1.2098976109215018e-06,0.3911771535873413,2490
dense,adamw,3e-06,adamw-lr3e-6,0.64,0.9289554357528687,1.2013651877133107e-06,0.44373221397399903,2500
dense,adamw,3e-06,adamw-lr3e-6,0.64256,0.8796972036361694,1.1928327645051195e-06,0.4062326908111572,2510
dense,adamw,3e-06,adamw-lr3e-6,0.64512,0.7750529646873474,1.1843003412969284e-06,0.41440844535827637,2520
dense,adamw,3e-06,adamw-lr3e-6,0.64768,0.7728074193000793,1.1757679180887372e-06,0.4141500949859619,2530
dense,adamw,3e-06,adamw-lr3e-6,0.65024,0.8142997026443481,1.167235494880546e-06,0.39080133438110354,2540
dense,adamw,3e-06,adamw-lr3e-6,0.6528,0.8018968105316162,1.1587030716723549e-06,0.4450636386871338,2550
dense,adamw,3e-06,adamw-lr3e-6,0.65536,0.881702184677124,1.150170648464164e-06,0.43824067115783694,2560
dense,adamw,3e-06,adamw-lr3e-6,0.65792,0.9451456069946289,1.1416382252559728e-06,0.45410747528076173,2570
dense,adamw,3e-06,adamw-lr3e-6,0.66048,0.755856454372406,1.1331058020477814e-06,0.3782766819000244,2580
dense,adamw,3e-06,adamw-lr3e-6,0.66304,0.6976094245910645,1.1245733788395905e-06,0.4187835693359375,2590
dense,adamw,3e-06,adamw-lr3e-6,0.6656,0.9044666886329651,1.1160409556313993e-06,0.42183551788330076,2600
dense,adamw,3e-06,adamw-lr3e-6,0.66816,0.8064936399459839,1.1075085324232082e-06,0.3924447774887085,2610
dense,adamw,3e-06,adamw-lr3e-6,0.67072,0.7924056649208069,1.098976109215017e-06,0.43517251014709474,2620
dense,adamw,3e-06,adamw-lr3e-6,0.67328,0.7316956520080566,1.090443686006826e-06,0.4177522659301758,2630
dense,adamw,3e-06,adamw-lr3e-6,0.67584,0.9299817085266113,1.081911262798635e-06,0.4203198909759521,2640
dense,adamw,3e-06,adamw-lr3e-6,0.6784,0.7647950053215027,1.0733788395904436e-06,0.4092076301574707,2650
dense,adamw,3e-06,adamw-lr3e-6,0.68096,0.8309475779533386,1.0648464163822526e-06,0.44757652282714844,2660
dense,adamw,3e-06,adamw-lr3e-6,0.68352,0.7601592540740967,1.0563139931740615e-06,0.3992513656616211,2670
dense,adamw,3e-06,adamw-lr3e-6,0.68608,0.76320481300354,1.0477815699658703e-06,0.37819614410400393,2680
dense,adamw,3e-06,adamw-lr3e-6,0.68864,0.8018887639045715,1.0392491467576791e-06,0.39474689960479736,2690
dense,adamw,3e-06,adamw-lr3e-6,0.6912,0.9805663228034973,1.0307167235494882e-06,0.44185333251953124,2700
dense,adamw,3e-06,adamw-lr3e-6,0.69376,0.771093487739563,1.022184300341297e-06,0.39086093902587893,2710
dense,adamw,3e-06,adamw-lr3e-6,0.69632,0.8717358112335205,1.0136518771331057e-06,0.46556687355041504,2720
dense,adamw,3e-06,adamw-lr3e-6,0.69888,0.8891201615333557,1.0051194539249147e-06,0.4593522548675537,2730
dense,adamw,3e-06,adamw-lr3e-6,0.70144,0.9992148876190186,9.965870307167236e-07,0.3879689693450928,2740
dense,adamw,3e-06,adamw-lr3e-6,0.704,0.9486901760101318,9.880546075085324e-07,0.4185797214508057,2750
dense,adamw,3e-06,adamw-lr3e-6,0.70656,0.934174120426178,9.795221843003413e-07,0.3967506170272827,2760
dense,adamw,3e-06,adamw-lr3e-6,0.70912,0.9590764045715332,9.709897610921503e-07,0.3906575679779053,2770
dense,adamw,3e-06,adamw-lr3e-6,0.71168,0.7392996549606323,9.624573378839592e-07,0.3892030715942383,2780
dense,adamw,3e-06,adamw-lr3e-6,0.71424,0.8259473443031311,9.539249146757678e-07,0.4199065208435059,2790
dense,adamw,3e-06,adamw-lr3e-6,0.7168,1.0141654014587402,9.453924914675769e-07,0.3883338212966919,2800
dense,adamw,3e-06,adamw-lr3e-6,0.71936,0.8898229598999023,9.368600682593856e-07,0.43365001678466797,2810
dense,adamw,3e-06,adamw-lr3e-6,0.72192,0.8492023944854736,9.283276450511947e-07,0.40711231231689454,2820
dense,adamw,3e-06,adamw-lr3e-6,0.72448,0.8644999861717224,9.197952218430034e-07,0.39994595050811765,2830
dense,adamw,3e-06,adamw-lr3e-6,0.72704,0.9998161196708679,9.112627986348123e-07,0.4027853488922119,2840
dense,adamw,3e-06,adamw-lr3e-6,0.7296,0.786442220211029,9.027303754266212e-07,0.42531299591064453,2850
dense,adamw,3e-06,adamw-lr3e-6,0.73216,0.8752663135528564,8.9419795221843e-07,0.3943432569503784,2860
dense,adamw,3e-06,adamw-lr3e-6,0.73472,0.8991727232933044,8.85665529010239e-07,0.3802720308303833,2870
dense,adamw,3e-06,adamw-lr3e-6,0.73728,0.7785953283309937,8.771331058020477e-07,0.3850959539413452,2880
dense,adamw,3e-06,adamw-lr3e-6,0.73984,0.7271355390548706,8.686006825938567e-07,0.3860907554626465,2890
dense,adamw,3e-06,adamw-lr3e-6,0.7424,0.8578487634658813,8.600682593856655e-07,0.3724335193634033,2900
dense,adamw,3e-06,adamw-lr3e-6,0.74496,0.8263381123542786,8.515358361774745e-07,0.40079054832458494,2910
dense,adamw,3e-06,adamw-lr3e-6,0.74752,0.7109662294387817,8.430034129692833e-07,0.3649439811706543,2920
dense,adamw,3e-06,adamw-lr3e-6,0.75008,0.8436963558197021,8.34470989761092e-07,0.3845412015914917,2930
dense,adamw,3e-06,adamw-lr3e-6,0.75264,0.6350338459014893,8.259385665529011e-07,0.39770822525024413,2940
dense,adamw,3e-06,adamw-lr3e-6,0.7552,1.2676271200180054,8.174061433447098e-07,0.3966814994812012,2950
dense,adamw,3e-06,adamw-lr3e-6,0.75776,0.9327784776687622,8.088737201365188e-07,0.39471404552459716,2960
dense,adamw,3e-06,adamw-lr3e-6,0.76032,0.8589789867401123,8.003412969283276e-07,0.40363454818725586,2970
dense,adamw,3e-06,adamw-lr3e-6,0.76288,0.8112502098083496,7.918088737201366e-07,0.4180324554443359,2980
dense,adamw,3e-06,adamw-lr3e-6,0.76544,0.9362088441848755,7.832764505119454e-07,0.4402935981750488,2990
dense,adamw,3e-06,adamw-lr3e-6,0.768,0.764782726764679,7.747440273037542e-07,0.36589322090148924,3000
dense,adamw,3e-06,adamw-lr3e-6,0.77056,0.8825964331626892,7.662116040955631e-07,0.38542876243591306,3010
dense,adamw,3e-06,adamw-lr3e-6,0.77312,0.8660946488380432,7.57679180887372e-07,0.3719583749771118,3020
dense,adamw,3e-06,adamw-lr3e-6,0.77568,0.7514194846153259,7.491467576791808e-07,0.4092679977416992,3030
dense,adamw,3e-06,adamw-lr3e-6,0.77824,0.9520268440246582,7.406143344709898e-07,0.3945737361907959,3040
dense,adamw,3e-06,adamw-lr3e-6,0.7808,0.7322320938110352,7.320819112627986e-07,0.37661716938018797,3050
dense,adamw,3e-06,adamw-lr3e-6,0.78336,0.8058830499649048,7.235494880546076e-07,0.3916557550430298,3060
dense,adamw,3e-06,adamw-lr3e-6,0.78592,0.9535976052284241,7.150170648464164e-07,0.3892223358154297,3070
dense,adamw,3e-06,adamw-lr3e-6,0.78848,0.8098635673522949,7.064846416382253e-07,0.3921271800994873,3080
dense,adamw,3e-06,adamw-lr3e-6,0.79104,0.8524462580680847,6.979522184300342e-07,0.43437695503234863,3090
dense,adamw,3e-06,adamw-lr3e-6,0.7936,0.7932983636856079,6.894197952218429e-07,0.3716855764389038,3100
dense,adamw,3e-06,adamw-lr3e-6,0.79616,0.7891676425933838,6.808873720136519e-07,0.38707799911499025,3110
dense,adamw,3e-06,adamw-lr3e-6,0.79872,0.6559552550315857,6.723549488054607e-07,0.35448148250579836,3120
dense,adamw,3e-06,adamw-lr3e-6,0.80128,0.8761933445930481,6.638225255972696e-07,0.3813732385635376,3130
dense,adamw,3e-06,adamw-lr3e-6,0.80384,0.7225816249847412,6.552901023890785e-07,0.39095330238342285,3140
dense,adamw,3e-06,adamw-lr3e-6,0.8064,0.7689939141273499,6.467576791808874e-07,0.39879331588745115,3150
dense,adamw,3e-06,adamw-lr3e-6,0.80896,0.7254003882408142,6.382252559726963e-07,0.39242308139801024,3160
dense,adamw,3e-06,adamw-lr3e-6,0.81152,0.7323129773139954,6.296928327645051e-07,0.41771831512451174,3170
dense,adamw,3e-06,adamw-lr3e-6,0.81408,0.7214758992195129,6.21160409556314e-07,0.41738667488098147,3180
dense,adamw,3e-06,adamw-lr3e-6,0.81664,0.8375428915023804,6.126279863481229e-07,0.3800787925720215,3190
dense,adamw,3e-06,adamw-lr3e-6,0.8192,0.8312925696372986,6.040955631399317e-07,0.41444931030273435,3200
dense,adamw,3e-06,adamw-lr3e-6,0.82176,0.8003610372543335,5.955631399317407e-07,0.4002500534057617,3210
dense,adamw,3e-06,adamw-lr3e-6,0.82432,0.8375827670097351,5.870307167235495e-07,0.3976717233657837,3220
dense,adamw,3e-06,adamw-lr3e-6,0.82688,0.6977114081382751,5.784982935153585e-07,0.3588273525238037,3230
dense,adamw,3e-06,adamw-lr3e-6,0.82944,0.9666246175765991,5.699658703071672e-07,0.3917733669281006,3240
dense,adamw,3e-06,adamw-lr3e-6,0.832,0.7748386859893799,5.614334470989761e-07,0.4144903182983398,3250
dense,adamw,3e-06,adamw-lr3e-6,0.83456,0.8576028943061829,5.52901023890785e-07,0.4311481475830078,3260
dense,adamw,3e-06,adamw-lr3e-6,0.83712,0.8158372044563293,5.443686006825938e-07,0.3875683307647705,3270
dense,adamw,3e-06,adamw-lr3e-6,0.83968,0.8004787564277649,5.358361774744028e-07,0.41405439376831055,3280
dense,adamw,3e-06,adamw-lr3e-6,0.84224,0.6889365315437317,5.273037542662116e-07,0.3875052690505981,3290
dense,adamw,3e-06,adamw-lr3e-6,0.8448,0.7217613458633423,5.187713310580205e-07,0.36963229179382323,3300
dense,adamw,3e-06,adamw-lr3e-6,0.84736,0.7298806309700012,5.102389078498294e-07,0.3807684421539307,3310
dense,adamw,3e-06,adamw-lr3e-6,0.84992,0.7522039413452148,5.017064846416382e-07,0.3897331476211548,3320
dense,adamw,3e-06,adamw-lr3e-6,0.85248,0.8059448599815369,4.931740614334471e-07,0.4325603485107422,3330
dense,adamw,3e-06,adamw-lr3e-6,0.85504,0.8005947470664978,4.84641638225256e-07,0.385862922668457,3340
dense,adamw,3e-06,adamw-lr3e-6,0.8576,0.8300008177757263,4.7610921501706486e-07,0.4014754295349121,3350
dense,adamw,3e-06,adamw-lr3e-6,0.86016,0.8017085194587708,4.6757679180887376e-07,0.4411445617675781,3360
dense,adamw,3e-06,adamw-lr3e-6,0.86272,0.7315464615821838,4.5904436860068265e-07,0.38191919326782225,3370
dense,adamw,3e-06,adamw-lr3e-6,0.86528,1.00021493434906,4.505119453924915e-07,0.3967269420623779,3380
dense,adamw,3e-06,adamw-lr3e-6,0.86784,0.830094575881958,4.4197952218430034e-07,0.4042224407196045,3390
dense,adamw,3e-06,adamw-lr3e-6,0.8704,0.831279993057251,4.334470989761092e-07,0.41526217460632325,3400
dense,adamw,3e-06,adamw-lr3e-6,0.87296,0.8357423543930054,4.249146757679181e-07,0.3966513156890869,3410
dense,adamw,3e-06,adamw-lr3e-6,0.87552,0.9248822927474976,4.16382252559727e-07,0.38167145252227785,3420
dense,adamw,3e-06,adamw-lr3e-6,0.87808,0.9125416874885559,4.078498293515359e-07,0.42566890716552735,3430
dense,adamw,3e-06,adamw-lr3e-6,0.88064,0.8621033430099487,3.9931740614334473e-07,0.4067631721496582,3440
dense,adamw,3e-06,adamw-lr3e-6,0.8832,0.79963219165802,3.907849829351536e-07,0.4005854606628418,3450
dense,adamw,3e-06,adamw-lr3e-6,0.88576,0.8348957300186157,3.822525597269624e-07,0.4151011943817139,3460
dense,adamw,3e-06,adamw-lr3e-6,0.88832,0.8725031018257141,3.737201365187713e-07,0.4044942378997803,3470
dense,adamw,3e-06,adamw-lr3e-6,0.89088,0.6690254807472229,3.651877133105802e-07,0.41959238052368164,3480
dense,adamw,3e-06,adamw-lr3e-6,0.89344,0.8368527293205261,3.566552901023891e-07,0.3992385149002075,3490
dense,adamw,3e-06,adamw-lr3e-6,0.896,0.8276724219322205,3.4812286689419796e-07,0.38442177772521974,3500
dense,adamw,3e-06,adamw-lr3e-6,0.89856,0.7653406262397766,3.395904436860068e-07,0.3776047706604004,3510
dense,adamw,3e-06,adamw-lr3e-6,0.90112,0.877892792224884,3.310580204778157e-07,0.42850966453552247,3520
dense,adamw,3e-06,adamw-lr3e-6,0.90368,0.8833310604095459,3.225255972696246e-07,0.42966761589050295,3530
dense,adamw,3e-06,adamw-lr3e-6,0.90624,1.005354642868042,3.1399317406143344e-07,0.41177988052368164,3540
dense,adamw,3e-06,adamw-lr3e-6,0.9088,0.743546724319458,3.0546075085324234e-07,0.4385371208190918,3550
dense,adamw,3e-06,adamw-lr3e-6,0.91136,0.8306165933609009,2.969283276450512e-07,0.39900875091552734,3560
dense,adamw,3e-06,adamw-lr3e-6,0.91392,0.9175076484680176,2.883959044368601e-07,0.4112515926361084,3570
dense,adamw,3e-06,adamw-lr3e-6,0.91648,0.8959361910820007,2.798634812286689e-07,0.3895659685134888,3580
dense,adamw,3e-06,adamw-lr3e-6,0.91904,0.7172579169273376,2.713310580204778e-07,0.39915995597839354,3590
dense,adamw,3e-06,adamw-lr3e-6,0.9216,1.064801573753357,2.627986348122867e-07,0.37529168128967283,3600
dense,adamw,3e-06,adamw-lr3e-6,0.92416,0.8261508941650391,2.5426621160409557e-07,0.40233545303344725,3610
dense,adamw,3e-06,adamw-lr3e-6,0.92672,0.7059090733528137,2.457337883959044e-07,0.392995023727417,3620
dense,adamw,3e-06,adamw-lr3e-6,0.92928,0.7547217607498169,2.372013651877133e-07,0.36944291591644285,3630
dense,adamw,3e-06,adamw-lr3e-6,0.93184,0.8799412846565247,2.286689419795222e-07,0.40308399200439454,3640
dense,adamw,3e-06,adamw-lr3e-6,0.9344,0.6826069951057434,2.2013651877133105e-07,0.41387042999267576,3650
dense,adamw,3e-06,adamw-lr3e-6,0.93696,0.7775612473487854,2.1160409556313992e-07,0.4193721771240234,3660
dense,adamw,3e-06,adamw-lr3e-6,0.93952,0.7373682260513306,2.0307167235494882e-07,0.41042451858520507,3670
dense,adamw,3e-06,adamw-lr3e-6,0.94208,0.7608043551445007,1.9453924914675767e-07,0.3475644588470459,3680
dense,adamw,3e-06,adamw-lr3e-6,0.94464,0.8876354098320007,1.8600682593856654e-07,0.420576286315918,3690
dense,adamw,3e-06,adamw-lr3e-6,0.9472,0.7595884799957275,1.7747440273037543e-07,0.4150857925415039,3700
dense,adamw,3e-06,adamw-lr3e-6,0.94976,0.7821832895278931,1.689419795221843e-07,0.43500242233276365,3710
dense,adamw,3e-06,adamw-lr3e-6,0.95232,0.9487578272819519,1.6040955631399318e-07,0.37641475200653074,3720
dense,adamw,3e-06,adamw-lr3e-6,0.95488,0.8924933671951294,1.5187713310580205e-07,0.4050140380859375,3730
dense,adamw,3e-06,adamw-lr3e-6,0.95744,0.9238095283508301,1.4334470989761095e-07,0.39548144340515134,3740
dense,adamw,3e-06,adamw-lr3e-6,0.96,0.7864472270011902,1.348122866894198e-07,0.39416065216064455,3750
dense,adamw,3e-06,adamw-lr3e-6,0.96256,0.7851966023445129,1.2627986348122866e-07,0.383717942237854,3760
dense,adamw,3e-06,adamw-lr3e-6,0.96512,0.7581834197044373,1.1774744027303755e-07,0.40721721649169923,3770
dense,adamw,3e-06,adamw-lr3e-6,0.96768,0.734333336353302,1.0921501706484642e-07,0.3934814929962158,3780
dense,adamw,3e-06,adamw-lr3e-6,0.97024,0.8927090764045715,1.006825938566553e-07,0.36922593116760255,3790
dense,adamw,3e-06,adamw-lr3e-6,0.9728,0.5680112242698669,9.215017064846416e-08,0.3782549619674683,3800
dense,adamw,3e-06,adamw-lr3e-6,0.97536,0.8794485926628113,8.361774744027303e-08,0.3922121047973633,3810
dense,adamw,3e-06,adamw-lr3e-6,0.97792,0.933597207069397,7.508532423208192e-08,0.4209144592285156,3820
dense,adamw,3e-06,adamw-lr3e-6,0.98048,0.9340088963508606,6.655290102389079e-08,0.37987446784973145,3830
dense,adamw,3e-06,adamw-lr3e-6,0.98304,0.7604189515113831,5.8020477815699666e-08,0.4047842025756836,3840
dense,adamw,3e-06,adamw-lr3e-6,0.9856,0.9784364104270935,4.948805460750854e-08,0.4163771152496338,3850
dense,adamw,3e-06,adamw-lr3e-6,0.98816,0.7587059736251831,4.095563139931741e-08,0.40941524505615234,3860
dense,adamw,3e-06,adamw-lr3e-6,0.99072,0.7001243829727173,3.242320819112628e-08,0.35461626052856443,3870
dense,adamw,3e-06,adamw-lr3e-6,0.99328,0.8639858961105347,2.389078498293515e-08,0.38586935997009275,3880
dense,adamw,3e-06,adamw-lr3e-6,0.99584,0.828789234161377,1.5358361774744026e-08,0.3856886148452759,3890
dense,adamw,3e-06,adamw-lr3e-6,0.9984,0.7811306715011597,6.825938566552901e-09,0.42620158195495605,3900
dense,adamw,1e-05,adamw-lr1e-5,0.000256,2.1912639141082764,0.0,1.2221720218658447,1
dense,adamw,1e-05,adamw-lr1e-5,0.00256,2.339524030685425,2.3017902813299236e-07,1.2175733778211806,10
dense,adamw,1e-05,adamw-lr1e-5,0.00512,2.1699397563934326,4.859335038363171e-07,1.2163955688476562,20
dense,adamw,1e-05,adamw-lr1e-5,0.00768,2.6548163890838623,7.41687979539642e-07,1.1681224822998046,30
dense,adamw,1e-05,adamw-lr1e-5,0.01024,2.1873319149017334,9.974424552429669e-07,1.2146054267883302,40
dense,adamw,1e-05,adamw-lr1e-5,0.0128,2.1891863346099854,1.2531969309462917e-06,1.1339418411254882,50
dense,adamw,1e-05,adamw-lr1e-5,0.01536,2.4193637371063232,1.5089514066496164e-06,1.1043752670288085,60
dense,adamw,1e-05,adamw-lr1e-5,0.01792,2.127668619155884,1.7647058823529414e-06,1.1005924224853516,70
dense,adamw,1e-05,adamw-lr1e-5,0.02048,1.9239323139190674,2.0204603580562662e-06,1.0824485778808595,80
dense,adamw,1e-05,adamw-lr1e-5,0.02304,1.9453743696212769,2.276214833759591e-06,1.0136859893798829,90
dense,adamw,1e-05,adamw-lr1e-5,0.0256,2.1192166805267334,2.5319693094629162e-06,0.9836006164550781,100
dense,adamw,1e-05,adamw-lr1e-5,0.02816,1.8063838481903076,2.787723785166241e-06,1.0192638397216798,110
dense,adamw,1e-05,adamw-lr1e-5,0.03072,1.64365553855896,3.043478260869566e-06,0.9928791046142578,120
dense,adamw,1e-05,adamw-lr1e-5,0.03328,1.9446651935577393,3.2992327365728906e-06,1.0274362564086914,130
dense,adamw,1e-05,adamw-lr1e-5,0.03584,1.6156889200210571,3.5549872122762154e-06,0.8819973945617676,140
dense,adamw,1e-05,adamw-lr1e-5,0.0384,1.5759694576263428,3.81074168797954e-06,0.935665512084961,150
dense,adamw,1e-05,adamw-lr1e-5,0.04096,1.3997037410736084,4.066496163682865e-06,0.8244109153747559,160
dense,adamw,1e-05,adamw-lr1e-5,0.04352,1.6137274503707886,4.32225063938619e-06,0.9080795288085938,170
dense,adamw,1e-05,adamw-lr1e-5,0.04608,1.5536350011825562,4.5780051150895145e-06,0.8699331283569336,180
dense,adamw,1e-05,adamw-lr1e-5,0.04864,1.434453010559082,4.833759590792839e-06,0.76145920753479,190
dense,adamw,1e-05,adamw-lr1e-5,0.0512,1.364035725593567,5.089514066496164e-06,0.8019689559936524,200
dense,adamw,1e-05,adamw-lr1e-5,0.05376,1.7269797325134277,5.345268542199489e-06,0.7988409042358399,210
dense,adamw,1e-05,adamw-lr1e-5,0.05632,1.460456132888794,5.601023017902814e-06,0.7807088375091553,220
dense,adamw,1e-05,adamw-lr1e-5,0.05888,1.4641258716583252,5.8567774936061384e-06,0.8106611251831055,230
dense,adamw,1e-05,adamw-lr1e-5,0.06144,1.3978230953216553,6.112531969309463e-06,0.759138536453247,240
dense,adamw,1e-05,adamw-lr1e-5,0.064,1.4085237979888916,6.368286445012788e-06,0.7101617813110351,250
dense,adamw,1e-05,adamw-lr1e-5,0.06656,1.2266486883163452,6.624040920716113e-06,0.7027849197387696,260
dense,adamw,1e-05,adamw-lr1e-5,0.06912,1.5175765752792358,6.879795396419438e-06,0.710755729675293,270
dense,adamw,1e-05,adamw-lr1e-5,0.07168,1.4436784982681274,7.135549872122762e-06,0.6844171047210693,280
dense,adamw,1e-05,adamw-lr1e-5,0.07424,1.3807809352874756,7.391304347826087e-06,0.6966300487518311,290
dense,adamw,1e-05,adamw-lr1e-5,0.0768,0.970038115978241,7.647058823529411e-06,0.6302556991577148,300
dense,adamw,1e-05,adamw-lr1e-5,0.07936,1.1037334203720093,7.902813299232738e-06,0.6300803184509277,310
dense,adamw,1e-05,adamw-lr1e-5,0.08192,1.1303009986877441,8.158567774936062e-06,0.6006093502044678,320
dense,adamw,1e-05,adamw-lr1e-5,0.08448,1.2841761112213135,8.414322250639387e-06,0.6582914352416992,330
dense,adamw,1e-05,adamw-lr1e-5,0.08704,1.1335716247558594,8.670076726342712e-06,0.5971713542938233,340
dense,adamw,1e-05,adamw-lr1e-5,0.0896,1.1850929260253906,8.925831202046037e-06,0.5999042987823486,350
dense,adamw,1e-05,adamw-lr1e-5,0.09216,1.140990972518921,9.181585677749362e-06,0.5502248287200928,360
dense,adamw,1e-05,adamw-lr1e-5,0.09472,1.6855238676071167,9.437340153452686e-06,0.5498161315917969,370
dense,adamw,1e-05,adamw-lr1e-5,0.09728,1.0556716918945312,9.693094629156011e-06,0.5872163772583008,380
dense,adamw,1e-05,adamw-lr1e-5,0.09984,1.0620733499526978,9.948849104859336e-06,0.5704704284667969,390
dense,adamw,1e-05,adamw-lr1e-5,0.1024,0.8763193488121033,9.977246871444824e-06,0.5247456073760987,400
dense,adamw,1e-05,adamw-lr1e-5,0.10496,0.8849449753761292,9.948805460750855e-06,0.5433006286621094,410
dense,adamw,1e-05,adamw-lr1e-5,0.10752,1.1475657224655151,9.920364050056883e-06,0.4814042568206787,420
dense,adamw,1e-05,adamw-lr1e-5,0.11008,1.0704432725906372,9.891922639362913e-06,0.48746609687805176,430
dense,adamw,1e-05,adamw-lr1e-5,0.11264,0.7669777870178223,9.863481228668942e-06,0.528719425201416,440
dense,adamw,1e-05,adamw-lr1e-5,0.1152,0.9950072169303894,9.835039817974974e-06,0.4716120719909668,450
dense,adamw,1e-05,adamw-lr1e-5,0.11776,0.8351600170135498,9.806598407281002e-06,0.4987663269042969,460
dense,adamw,1e-05,adamw-lr1e-5,0.12032,0.9010213613510132,9.778156996587031e-06,0.4955717086791992,470
dense,adamw,1e-05,adamw-lr1e-5,0.12288,0.9711154699325562,9.74971558589306e-06,0.4900975227355957,480
dense,adamw,1e-05,adamw-lr1e-5,0.12544,0.6834538578987122,9.72127417519909e-06,0.4592109680175781,490
dense,adamw,1e-05,adamw-lr1e-5,0.128,0.700596034526825,9.69283276450512e-06,0.4564037799835205,500
dense,adamw,1e-05,adamw-lr1e-5,0.13056,0.8359054923057556,9.66439135381115e-06,0.5084263801574707,510
dense,adamw,1e-05,adamw-lr1e-5,0.13312,0.9549490809440613,9.63594994311718e-06,0.4736510753631592,520
dense,adamw,1e-05,adamw-lr1e-5,0.13568,0.9118034243583679,9.607508532423209e-06,0.47298402786254884,530
dense,adamw,1e-05,adamw-lr1e-5,0.13824,0.9413967728614807,9.579067121729239e-06,0.46800031661987307,540
dense,adamw,1e-05,adamw-lr1e-5,0.1408,0.9468770027160645,9.550625711035268e-06,0.43052282333374026,550
dense,adamw,1e-05,adamw-lr1e-5,0.14336,1.02020263671875,9.522184300341298e-06,0.5302785873413086,560
dense,adamw,1e-05,adamw-lr1e-5,0.14592,0.8092307448387146,9.493742889647327e-06,0.42076597213745115,570
dense,adamw,1e-05,adamw-lr1e-5,0.14848,0.8354811668395996,9.465301478953357e-06,0.43038649559020997,580
dense,adamw,1e-05,adamw-lr1e-5,0.15104,1.0538346767425537,9.436860068259387e-06,0.39881870746612547,590
dense,adamw,1e-05,adamw-lr1e-5,0.1536,0.9365190267562866,9.408418657565416e-06,0.4371598243713379,600
dense,adamw,1e-05,adamw-lr1e-5,0.15616,0.8679566383361816,9.379977246871446e-06,0.42567806243896483,610
dense,adamw,1e-05,adamw-lr1e-5,0.15872,0.7862418293952942,9.351535836177476e-06,0.42865495681762694,620
dense,adamw,1e-05,adamw-lr1e-5,0.16128,0.8815767765045166,9.323094425483503e-06,0.42069473266601565,630
dense,adamw,1e-05,adamw-lr1e-5,0.16384,0.8320502042770386,9.294653014789535e-06,0.424987268447876,640
dense,adamw,1e-05,adamw-lr1e-5,0.1664,0.7883616089820862,9.266211604095564e-06,0.4533970832824707,650
dense,adamw,1e-05,adamw-lr1e-5,0.16896,0.8911526799201965,9.237770193401594e-06,0.40513834953308103,660
dense,adamw,1e-05,adamw-lr1e-5,0.17152,0.7969595789909363,9.209328782707622e-06,0.38981382846832274,670
dense,adamw,1e-05,adamw-lr1e-5,0.17408,0.8645737767219543,9.180887372013653e-06,0.4486499309539795,680
dense,adamw,1e-05,adamw-lr1e-5,0.17664,0.8444182276725769,9.152445961319683e-06,0.43069067001342776,690
dense,adamw,1e-05,adamw-lr1e-5,0.1792,0.73638916015625,9.124004550625711e-06,0.41863079071044923,700
dense,adamw,1e-05,adamw-lr1e-5,0.18176,0.7194340825080872,9.09556313993174e-06,0.39775071144104,710
dense,adamw,1e-05,adamw-lr1e-5,0.18432,0.8398004770278931,9.067121729237772e-06,0.4296830177307129,720
dense,adamw,1e-05,adamw-lr1e-5,0.18688,0.8676007390022278,9.038680318543801e-06,0.40499420166015626,730
dense,adamw,1e-05,adamw-lr1e-5,0.18944,0.8582184314727783,9.01023890784983e-06,0.4173118114471436,740
dense,adamw,1e-05,adamw-lr1e-5,0.192,0.8307790756225586,8.981797497155859e-06,0.40460500717163084,750
dense,adamw,1e-05,adamw-lr1e-5,0.19456,0.9516525268554688,8.95335608646189e-06,0.41898341178894044,760
dense,adamw,1e-05,adamw-lr1e-5,0.19712,0.7986571788787842,8.924914675767918e-06,0.4120168685913086,770
dense,adamw,1e-05,adamw-lr1e-5,0.19968,0.8482937812805176,8.896473265073948e-06,0.42929673194885254,780
dense,adamw,1e-05,adamw-lr1e-5,0.20224,0.8220195174217224,8.868031854379977e-06,0.3671560764312744,790
dense,adamw,1e-05,adamw-lr1e-5,0.2048,0.7792655825614929,8.839590443686009e-06,0.3911000728607178,800
dense,adamw,1e-05,adamw-lr1e-5,0.20736,0.7690214514732361,8.811149032992037e-06,0.3931485891342163,810
dense,adamw,1e-05,adamw-lr1e-5,0.20992,0.6821053624153137,8.782707622298066e-06,0.4035172939300537,820
dense,adamw,1e-05,adamw-lr1e-5,0.21248,0.7360255718231201,8.754266211604096e-06,0.3969902753829956,830
dense,adamw,1e-05,adamw-lr1e-5,0.21504,0.8723675608634949,8.725824800910126e-06,0.4008316993713379,840
dense,adamw,1e-05,adamw-lr1e-5,0.2176,0.9458947777748108,8.697383390216155e-06,0.4164431095123291,850
dense,adamw,1e-05,adamw-lr1e-5,0.22016,0.7713944911956787,8.668941979522185e-06,0.38645009994506835,860
dense,adamw,1e-05,adamw-lr1e-5,0.22272,0.7793073058128357,8.640500568828214e-06,0.35771219730377196,870
dense,adamw,1e-05,adamw-lr1e-5,0.22528,0.6779677271842957,8.612059158134244e-06,0.39212610721588137,880
dense,adamw,1e-05,adamw-lr1e-5,0.22784,0.9411916732788086,8.583617747440274e-06,0.3982293128967285,890
dense,adamw,1e-05,adamw-lr1e-5,0.2304,0.9575607776641846,8.555176336746303e-06,0.3725592851638794,900
dense,adamw,1e-05,adamw-lr1e-5,0.23296,0.9138489365577698,8.526734926052333e-06,0.3770911693572998,910
dense,adamw,1e-05,adamw-lr1e-5,0.23552,0.9370512962341309,8.498293515358363e-06,0.42517814636230467,920
dense,adamw,1e-05,adamw-lr1e-5,0.23808,0.8204503059387207,8.469852104664392e-06,0.39471893310546874,930
dense,adamw,1e-05,adamw-lr1e-5,0.24064,0.7199059128761292,8.441410693970422e-06,0.35788655281066895,940
dense,adamw,1e-05,adamw-lr1e-5,0.2432,0.9135453701019287,8.412969283276451e-06,0.3935575008392334,950
dense,adamw,1e-05,adamw-lr1e-5,0.24576,0.7647327184677124,8.384527872582481e-06,0.4071683406829834,960
dense,adamw,1e-05,adamw-lr1e-5,0.24832,0.7318050861358643,8.35608646188851e-06,0.3578663349151611,970
dense,adamw,1e-05,adamw-lr1e-5,0.25088,0.8996666073799133,8.327645051194539e-06,0.4017453193664551,980
dense,adamw,1e-05,adamw-lr1e-5,0.25344,0.7693484425544739,8.29920364050057e-06,0.3585104465484619,990
dense,adamw,1e-05,adamw-lr1e-5,0.256,0.6814731359481812,8.2707622298066e-06,0.3487499475479126,1000
dense,adamw,1e-05,adamw-lr1e-5,0.25856,0.5406319499015808,8.24232081911263e-06,0.34157047271728513,1010
dense,adamw,1e-05,adamw-lr1e-5,0.26112,1.0672818422317505,8.213879408418657e-06,0.38435466289520265,1020
dense,adamw,1e-05,adamw-lr1e-5,0.26368,0.8386147618293762,8.185437997724688e-06,0.37246763706207275,1030
dense,adamw,1e-05,adamw-lr1e-5,0.26624,0.9217842221260071,8.156996587030718e-06,0.33720543384552004,1040
dense,adamw,1e-05,adamw-lr1e-5,0.2688,0.8365459442138672,8.128555176336746e-06,0.40256357192993164,1050
dense,adamw,1e-05,adamw-lr1e-5,0.27136,0.7070080041885376,8.100113765642776e-06,0.3693488836288452,1060
dense,adamw,1e-05,adamw-lr1e-5,0.27392,0.7728326916694641,8.071672354948807e-06,0.3595391273498535,1070
dense,adamw,1e-05,adamw-lr1e-5,0.27648,0.5084009766578674,8.043230944254837e-06,0.3777057647705078,1080
dense,adamw,1e-05,adamw-lr1e-5,0.27904,0.8258914947509766,8.014789533560865e-06,0.3966976165771484,1090
dense,adamw,1e-05,adamw-lr1e-5,0.2816,0.7863466143608093,7.986348122866894e-06,0.3858854532241821,1100
dense,adamw,1e-05,adamw-lr1e-5,0.28416,0.7555562853813171,7.957906712172925e-06,0.3580820083618164,1110
dense,adamw,1e-05,adamw-lr1e-5,0.28672,0.7903277277946472,7.929465301478953e-06,0.3715414047241211,1120
dense,adamw,1e-05,adamw-lr1e-5,0.28928,0.8790073990821838,7.901023890784983e-06,0.3654181957244873,1130
dense,adamw,1e-05,adamw-lr1e-5,0.29184,0.8237736225128174,7.872582480091013e-06,0.3575907230377197,1140
dense,adamw,1e-05,adamw-lr1e-5,0.2944,0.7854511141777039,7.844141069397044e-06,0.3791516780853271,1150
dense,adamw,1e-05,adamw-lr1e-5,0.29696,0.9577275514602661,7.815699658703072e-06,0.36288626194000245,1160
dense,adamw,1e-05,adamw-lr1e-5,0.29952,0.7132581472396851,7.787258248009101e-06,0.33185272216796874,1170
dense,adamw,1e-05,adamw-lr1e-5,0.30208,0.6993479132652283,7.758816837315131e-06,0.37585294246673584,1180
dense,adamw,1e-05,adamw-lr1e-5,0.30464,0.6981400847434998,7.73037542662116e-06,0.38635716438293455,1190
dense,adamw,1e-05,adamw-lr1e-5,0.3072,0.9249780774116516,7.70193401592719e-06,0.3910381317138672,1200
dense,adamw,1e-05,adamw-lr1e-5,0.30976,0.7693755626678467,7.67349260523322e-06,0.3353294610977173,1210
dense,adamw,1e-05,adamw-lr1e-5,0.31232,0.660200834274292,7.64505119453925e-06,0.3908269166946411,1220
dense,adamw,1e-05,adamw-lr1e-5,0.31488,0.9099385142326355,7.616609783845279e-06,0.37728395462036135,1230
dense,adamw,1e-05,adamw-lr1e-5,0.31744,0.7263852953910828,7.588168373151309e-06,0.356947135925293,1240
dense,adamw,1e-05,adamw-lr1e-5,0.32,0.8775027990341187,7.5597269624573385e-06,0.37666223049163816,1250
dense,adamw,1e-05,adamw-lr1e-5,0.32256,0.7092472314834595,7.531285551763367e-06,0.37448272705078123,1260
dense,adamw,1e-05,adamw-lr1e-5,0.32512,0.7612623572349548,7.502844141069398e-06,0.3776175260543823,1270
dense,adamw,1e-05,adamw-lr1e-5,0.32768,0.7294706702232361,7.474402730375427e-06,0.36561648845672606,1280
dense,adamw,1e-05,adamw-lr1e-5,0.33024,0.7179340124130249,7.445961319681457e-06,0.3215660572052002,1290
dense,adamw,1e-05,adamw-lr1e-5,0.3328,0.817596435546875,7.417519908987486e-06,0.38043766021728515,1300
dense,adamw,1e-05,adamw-lr1e-5,0.33536,0.8182833790779114,7.389078498293516e-06,0.3782778739929199,1310
dense,adamw,1e-05,adamw-lr1e-5,0.33792,0.7117702960968018,7.360637087599546e-06,0.35681192874908446,1320
dense,adamw,1e-05,adamw-lr1e-5,0.34048,0.705147385597229,7.332195676905575e-06,0.3325491905212402,1330
dense,adamw,1e-05,adamw-lr1e-5,0.34304,0.7921836972236633,7.303754266211604e-06,0.38297576904296876,1340
dense,adamw,1e-05,adamw-lr1e-5,0.3456,0.6382215023040771,7.275312855517635e-06,0.31749329566955564,1350
dense,adamw,1e-05,adamw-lr1e-5,0.34816,0.9668524265289307,7.246871444823664e-06,0.3705354928970337,1360
dense,adamw,1e-05,adamw-lr1e-5,0.35072,0.6431598663330078,7.218430034129693e-06,0.34391961097717283,1370
dense,adamw,1e-05,adamw-lr1e-5,0.35328,0.7741813063621521,7.189988623435723e-06,0.3608908176422119,1380
dense,adamw,1e-05,adamw-lr1e-5,0.35584,0.7583562731742859,7.161547212741753e-06,0.32993106842041015,1390
dense,adamw,1e-05,adamw-lr1e-5,0.3584,0.7851408123970032,7.133105802047782e-06,0.38110010623931884,1400
dense,adamw,1e-05,adamw-lr1e-5,0.36096,0.7009531259536743,7.104664391353812e-06,0.3567244291305542,1410
dense,adamw,1e-05,adamw-lr1e-5,0.36352,0.8298432230949402,7.076222980659841e-06,0.3140368700027466,1420
dense,adamw,1e-05,adamw-lr1e-5,0.36608,0.8448783755302429,7.047781569965872e-06,0.3519016981124878,1430
dense,adamw,1e-05,adamw-lr1e-5,0.36864,1.1335790157318115,7.0193401592719005e-06,0.3219143390655518,1440
dense,adamw,1e-05,adamw-lr1e-5,0.3712,0.8006434440612793,6.99089874857793e-06,0.4115717887878418,1450
dense,adamw,1e-05,adamw-lr1e-5,0.37376,0.8675572872161865,6.96245733788396e-06,0.36781911849975585,1460
dense,adamw,1e-05,adamw-lr1e-5,0.37632,0.6971434354782104,6.9340159271899885e-06,0.3454184055328369,1470
dense,adamw,1e-05,adamw-lr1e-5,0.37888,0.8971309661865234,6.905574516496019e-06,0.35938301086425783,1480
dense,adamw,1e-05,adamw-lr1e-5,0.38144,0.9155130386352539,6.877133105802049e-06,0.36103596687316897,1490
dense,adamw,1e-05,adamw-lr1e-5,0.384,0.8867958188056946,6.848691695108078e-06,0.3330791234970093,1500
dense,adamw,1e-05,adamw-lr1e-5,0.38656,0.7324984669685364,6.820250284414107e-06,0.3637394428253174,1510
dense,adamw,1e-05,adamw-lr1e-5,0.38912,0.7833662629127502,6.7918088737201375e-06,0.33317294120788576,1520
dense,adamw,1e-05,adamw-lr1e-5,0.39168,0.8467491269111633,6.763367463026167e-06,0.35224385261535646,1530
dense,adamw,1e-05,adamw-lr1e-5,0.39424,0.9045679569244385,6.734926052332196e-06,0.3564192533493042,1540
dense,adamw,1e-05,adamw-lr1e-5,0.3968,0.7561761140823364,6.7064846416382255e-06,0.35274930000305177,1550
dense,adamw,1e-05,adamw-lr1e-5,0.39936,0.7553918361663818,6.678043230944255e-06,0.3554058074951172,1560
dense,adamw,1e-05,adamw-lr1e-5,0.40192,0.8529820442199707,6.649601820250286e-06,0.3539579391479492,1570
dense,adamw,1e-05,adamw-lr1e-5,0.40448,0.6917770504951477,6.621160409556314e-06,0.3181826829910278,1580
dense,adamw,1e-05,adamw-lr1e-5,0.40704,0.6451310515403748,6.592718998862344e-06,0.31227526664733884,1590
dense,adamw,1e-05,adamw-lr1e-5,0.4096,0.8062920570373535,6.564277588168374e-06,0.30560877323150637,1600
dense,adamw,1e-05,adamw-lr1e-5,0.41216,0.8205114006996155,6.535836177474402e-06,0.35643587112426756,1610
dense,adamw,1e-05,adamw-lr1e-5,0.41472,0.9816179275512695,6.507394766780433e-06,0.3349780559539795,1620
dense,adamw,1e-05,adamw-lr1e-5,0.41728,0.8154997229576111,6.4789533560864625e-06,0.3245053768157959,1630
dense,adamw,1e-05,adamw-lr1e-5,0.41984,0.7434670329093933,6.450511945392492e-06,0.35719053745269774,1640
dense,adamw,1e-05,adamw-lr1e-5,0.4224,0.783123791217804,6.422070534698521e-06,0.30077462196350097,1650
dense,adamw,1e-05,adamw-lr1e-5,0.42496,0.881956160068512,6.393629124004551e-06,0.3521664381027222,1660
dense,adamw,1e-05,adamw-lr1e-5,0.42752,0.8355228304862976,6.365187713310581e-06,0.33710317611694335,1670
dense,adamw,1e-05,adamw-lr1e-5,0.43008,0.7424970269203186,6.33674630261661e-06,0.3500546932220459,1680
dense,adamw,1e-05,adamw-lr1e-5,0.43264,0.8082916140556335,6.308304891922639e-06,0.3247628688812256,1690
dense,adamw,1e-05,adamw-lr1e-5,0.4352,0.6977989673614502,6.27986348122867e-06,0.3772584915161133,1700
dense,adamw,1e-05,adamw-lr1e-5,0.43776,0.7824105620384216,6.2514220705346995e-06,0.3447507619857788,1710
dense,adamw,1e-05,adamw-lr1e-5,0.44032,0.6741437911987305,6.222980659840728e-06,0.316850471496582,1720
dense,adamw,1e-05,adamw-lr1e-5,0.44288,0.7210723161697388,6.194539249146758e-06,0.34123644828796384,1730
dense,adamw,1e-05,adamw-lr1e-5,0.44544,0.7601072192192078,6.166097838452788e-06,0.34728298187255857,1740
dense,adamw,1e-05,adamw-lr1e-5,0.448,0.7988383173942566,6.137656427758817e-06,0.3563692092895508,1750
dense,adamw,1e-05,adamw-lr1e-5,0.45056,0.8560103178024292,6.109215017064847e-06,0.35159494876861574,1760
dense,adamw,1e-05,adamw-lr1e-5,0.45312,0.7464152574539185,6.080773606370876e-06,0.32667219638824463,1770
dense,adamw,1e-05,adamw-lr1e-5,0.45568,0.8536983132362366,6.052332195676907e-06,0.34238905906677247,1780
dense,adamw,1e-05,adamw-lr1e-5,0.45824,0.758014976978302,6.023890784982936e-06,0.32877049446105955,1790
dense,adamw,1e-05,adamw-lr1e-5,0.4608,0.7652509212493896,5.995449374288965e-06,0.34786696434020997,1800
dense,adamw,1e-05,adamw-lr1e-5,0.46336,0.8001593351364136,5.967007963594995e-06,0.33882927894592285,1810
dense,adamw,1e-05,adamw-lr1e-5,0.46592,0.804392397403717,5.938566552901024e-06,0.3278064727783203,1820
dense,adamw,1e-05,adamw-lr1e-5,0.46848,0.8373340368270874,5.910125142207054e-06,0.32580718994140623,1830
dense,adamw,1e-05,adamw-lr1e-5,0.47104,0.7987829446792603,5.881683731513084e-06,0.3306731700897217,1840
dense,adamw,1e-05,adamw-lr1e-5,0.4736,0.7875156998634338,5.853242320819113e-06,0.3277562141418457,1850
dense,adamw,1e-05,adamw-lr1e-5,0.47616,0.7041939496994019,5.824800910125142e-06,0.32266988754272463,1860
dense,adamw,1e-05,adamw-lr1e-5,0.47872,0.8516716361045837,5.796359499431173e-06,0.3713598966598511,1870
dense,adamw,1e-05,adamw-lr1e-5,0.48128,0.6534610390663147,5.767918088737202e-06,0.3389203786849976,1880
dense,adamw,1e-05,adamw-lr1e-5,0.48384,0.783261775970459,5.739476678043231e-06,0.37390048503875734,1890
dense,adamw,1e-05,adamw-lr1e-5,0.4864,0.4768831431865692,5.711035267349261e-06,0.32263870239257814,1900
dense,adamw,1e-05,adamw-lr1e-5,0.48896,0.5088347792625427,5.682593856655291e-06,0.3084686279296875,1910
dense,adamw,1e-05,adamw-lr1e-5,0.49152,0.8175075650215149,5.654152445961321e-06,0.3700957059860229,1920
dense,adamw,1e-05,adamw-lr1e-5,0.49408,0.7412707805633545,5.6257110352673495e-06,0.31495060920715334,1930
dense,adamw,1e-05,adamw-lr1e-5,0.49664,0.7689371705055237,5.597269624573379e-06,0.3093836784362793,1940
dense,adamw,1e-05,adamw-lr1e-5,0.4992,0.6714345216751099,5.568828213879409e-06,0.348166823387146,1950
dense,adamw,1e-05,adamw-lr1e-5,0.50176,0.7904098629951477,5.540386803185438e-06,0.3518605947494507,1960
dense,adamw,1e-05,adamw-lr1e-5,0.50432,0.6651964783668518,5.511945392491468e-06,0.31691513061523435,1970
dense,adamw,1e-05,adamw-lr1e-5,0.50688,0.8912742733955383,5.483503981797498e-06,0.336178183555603,1980
dense,adamw,1e-05,adamw-lr1e-5,0.50944,0.6495029330253601,5.455062571103527e-06,0.32774996757507324,1990
dense,adamw,1e-05,adamw-lr1e-5,0.512,0.7583972215652466,5.426621160409556e-06,0.3446434497833252,2000
dense,adamw,1e-05,adamw-lr1e-5,0.51456,0.7055094242095947,5.3981797497155865e-06,0.34569411277770995,2010
dense,adamw,1e-05,adamw-lr1e-5,0.51712,0.7657474279403687,5.369738339021616e-06,0.34246714115142823,2020
dense,adamw,1e-05,adamw-lr1e-5,0.51968,0.5767881274223328,5.341296928327645e-06,0.29982881546020507,2030
dense,adamw,1e-05,adamw-lr1e-5,0.52224,0.7262305021286011,5.3128555176336745e-06,0.3092629432678223,2040
dense,adamw,1e-05,adamw-lr1e-5,0.5248,0.7623339295387268,5.284414106939705e-06,0.3033939838409424,2050
dense,adamw,1e-05,adamw-lr1e-5,0.52736,0.6588907837867737,5.255972696245735e-06,0.30107769966125486,2060
dense,adamw,1e-05,adamw-lr1e-5,0.52992,0.71772301197052,5.227531285551763e-06,0.34725000858306887,2070
dense,adamw,1e-05,adamw-lr1e-5,0.53248,0.5562791228294373,5.199089874857793e-06,0.34358389377593995,2080
dense,adamw,1e-05,adamw-lr1e-5,0.53504,0.7763909101486206,5.1706484641638235e-06,0.3196826934814453,2090
dense,adamw,1e-05,adamw-lr1e-5,0.5376,0.7344331741333008,5.142207053469852e-06,0.35273802280426025,2100
dense,adamw,1e-05,adamw-lr1e-5,0.54016,0.7590240836143494,5.113765642775882e-06,0.33664860725402834,2110
dense,adamw,1e-05,adamw-lr1e-5,0.54272,0.845984160900116,5.0853242320819115e-06,0.3349113464355469,2120
dense,adamw,1e-05,adamw-lr1e-5,0.54528,0.8157473802566528,5.056882821387942e-06,0.3364893674850464,2130
dense,adamw,1e-05,adamw-lr1e-5,0.54784,0.707539975643158,5.028441410693971e-06,0.29616532325744627,2140
dense,adamw,1e-05,adamw-lr1e-5,0.5504,0.8074628710746765,5e-06,0.3006709337234497,2150
dense,adamw,1e-05,adamw-lr1e-5,0.55296,0.6345113515853882,4.97155858930603e-06,0.2758967876434326,2160
dense,adamw,1e-05,adamw-lr1e-5,0.55552,0.7355455756187439,4.94311717861206e-06,0.2941648244857788,2170
dense,adamw,1e-05,adamw-lr1e-5,0.55808,0.8607866764068604,4.914675767918089e-06,0.3310814619064331,2180
dense,adamw,1e-05,adamw-lr1e-5,0.56064,0.6660558581352234,4.886234357224119e-06,0.31616964340209963,2190
dense,adamw,1e-05,adamw-lr1e-5,0.5632,0.6624324917793274,4.8577929465301485e-06,0.3126887321472168,2200
dense,adamw,1e-05,adamw-lr1e-5,0.56576,0.8654937148094177,4.829351535836178e-06,0.3515488147735596,2210
dense,adamw,1e-05,adamw-lr1e-5,0.56832,0.6200078725814819,4.800910125142208e-06,0.28812255859375,2220
dense,adamw,1e-05,adamw-lr1e-5,0.57088,0.7500560283660889,4.7724687144482366e-06,0.3535796642303467,2230
dense,adamw,1e-05,adamw-lr1e-5,0.57344,0.8398825526237488,4.744027303754267e-06,0.36487877368927,2240
dense,adamw,1e-05,adamw-lr1e-5,0.576,0.7966079115867615,4.715585893060296e-06,0.3522922515869141,2250
dense,adamw,1e-05,adamw-lr1e-5,0.57856,0.7505601644515991,4.687144482366326e-06,0.3370295524597168,2260
dense,adamw,1e-05,adamw-lr1e-5,0.58112,0.7498458623886108,4.658703071672355e-06,0.29346504211425783,2270
dense,adamw,1e-05,adamw-lr1e-5,0.58368,0.686866044998169,4.6302616609783855e-06,0.3415665149688721,2280
dense,adamw,1e-05,adamw-lr1e-5,0.58624,0.8605087399482727,4.601820250284414e-06,0.32601451873779297,2290
dense,adamw,1e-05,adamw-lr1e-5,0.5888,0.6153270602226257,4.573378839590444e-06,0.3057344913482666,2300
dense,adamw,1e-05,adamw-lr1e-5,0.59136,0.7269878387451172,4.5449374288964735e-06,0.3194896697998047,2310
dense,adamw,1e-05,adamw-lr1e-5,0.59392,0.8556714653968811,4.516496018202503e-06,0.31696395874023436,2320
dense,adamw,1e-05,adamw-lr1e-5,0.59648,0.5873388648033142,4.488054607508533e-06,0.31917781829833985,2330
dense,adamw,1e-05,adamw-lr1e-5,0.59904,0.7426730394363403,4.459613196814562e-06,0.3041702747344971,2340
dense,adamw,1e-05,adamw-lr1e-5,0.6016,0.6562954783439636,4.431171786120592e-06,0.3147140026092529,2350
dense,adamw,1e-05,adamw-lr1e-5,0.60416,0.8317342400550842,4.402730375426622e-06,0.32686800956726075,2360
dense,adamw,1e-05,adamw-lr1e-5,0.60672,0.7417410016059875,4.3742889647326504e-06,0.315419602394104,2370
dense,adamw,1e-05,adamw-lr1e-5,0.60928,0.7418286800384521,4.345847554038681e-06,0.3225271224975586,2380
dense,adamw,1e-05,adamw-lr1e-5,0.61184,0.6916143298149109,4.31740614334471e-06,0.3385068416595459,2390
dense,adamw,1e-05,adamw-lr1e-5,0.6144,0.6916849613189697,4.28896473265074e-06,0.285390043258667,2400
dense,adamw,1e-05,adamw-lr1e-5,0.61696,0.7370742559432983,4.260523321956769e-06,0.32488093376159666,2410
dense,adamw,1e-05,adamw-lr1e-5,0.61952,0.7211735248565674,4.232081911262799e-06,0.2872228384017944,2420
dense,adamw,1e-05,adamw-lr1e-5,0.62208,0.6703745126724243,4.203640500568828e-06,0.330423903465271,2430
dense,adamw,1e-05,adamw-lr1e-5,0.62464,0.7999858856201172,4.175199089874858e-06,0.3245460033416748,2440
dense,adamw,1e-05,adamw-lr1e-5,0.6272,0.7300634384155273,4.1467576791808874e-06,0.3247312068939209,2450
dense,adamw,1e-05,adamw-lr1e-5,0.62976,0.6280759572982788,4.118316268486917e-06,0.30443549156188965,2460
dense,adamw,1e-05,adamw-lr1e-5,0.63232,0.8590140342712402,4.089874857792947e-06,0.3047827482223511,2470
dense,adamw,1e-05,adamw-lr1e-5,0.63488,0.6859097480773926,4.061433447098976e-06,0.2976053476333618,2480
dense,adamw,1e-05,adamw-lr1e-5,0.63744,0.7714007496833801,4.032992036405006e-06,0.3031828165054321,2490
dense,adamw,1e-05,adamw-lr1e-5,0.64,0.8882181644439697,4.0045506257110356e-06,0.3487692356109619,2500
dense,adamw,1e-05,adamw-lr1e-5,0.64256,0.8267954587936401,3.976109215017065e-06,0.30980863571166994,2510
dense,adamw,1e-05,adamw-lr1e-5,0.64512,0.7401813268661499,3.947667804323095e-06,0.310634183883667,2520
dense,adamw,1e-05,adamw-lr1e-5,0.64768,0.6500661969184875,3.9192263936291244e-06,0.3141169548034668,2530
dense,adamw,1e-05,adamw-lr1e-5,0.65024,0.7120712995529175,3.890784982935154e-06,0.2933988571166992,2540
dense,adamw,1e-05,adamw-lr1e-5,0.6528,0.7026237845420837,3.862343572241184e-06,0.3412841081619263,2550
dense,adamw,1e-05,adamw-lr1e-5,0.65536,0.7650027871131897,3.833902161547213e-06,0.3290888547897339,2560
dense,adamw,1e-05,adamw-lr1e-5,0.65792,0.7851483821868896,3.8054607508532425e-06,0.34102911949157716,2570
dense,adamw,1e-05,adamw-lr1e-5,0.66048,0.8161550164222717,3.777019340159272e-06,0.2790000200271606,2580
dense,adamw,1e-05,adamw-lr1e-5,0.66304,0.689228355884552,3.7485779294653017e-06,0.3423050880432129,2590
dense,adamw,1e-05,adamw-lr1e-5,0.6656,0.833859384059906,3.7201365187713314e-06,0.3210832357406616,2600
dense,adamw,1e-05,adamw-lr1e-5,0.66816,0.734028160572052,3.691695108077361e-06,0.3035238265991211,2610
dense,adamw,1e-05,adamw-lr1e-5,0.67072,0.7181076407432556,3.6632536973833906e-06,0.35104267597198485,2620
dense,adamw,1e-05,adamw-lr1e-5,0.67328,0.6189990639686584,3.6348122866894202e-06,0.31098618507385256,2630
dense,adamw,1e-05,adamw-lr1e-5,0.67584,0.8132109642028809,3.60637087599545e-06,0.31828224658966064,2640
dense,adamw,1e-05,adamw-lr1e-5,0.6784,0.595187246799469,3.577929465301479e-06,0.2955061435699463,2650
dense,adamw,1e-05,adamw-lr1e-5,0.68096,0.7832677364349365,3.5494880546075087e-06,0.34134085178375245,2660
dense,adamw,1e-05,adamw-lr1e-5,0.68352,0.733330249786377,3.5210466439135383e-06,0.3042304039001465,2670
dense,adamw,1e-05,adamw-lr1e-5,0.68608,0.5904659628868103,3.492605233219568e-06,0.2875722885131836,2680
dense,adamw,1e-05,adamw-lr1e-5,0.68864,0.8318197727203369,3.4641638225255976e-06,0.316458535194397,2690
dense,adamw,1e-05,adamw-lr1e-5,0.6912,0.8373631834983826,3.435722411831627e-06,0.34242751598358157,2700
dense,adamw,1e-05,adamw-lr1e-5,0.69376,0.7049758434295654,3.407281001137657e-06,0.297884464263916,2710
dense,adamw,1e-05,adamw-lr1e-5,0.69632,0.746247410774231,3.378839590443686e-06,0.35712461471557616,2720
dense,adamw,1e-05,adamw-lr1e-5,0.69888,0.8225415349006653,3.350398179749716e-06,0.3594175338745117,2730
dense,adamw,1e-05,adamw-lr1e-5,0.70144,0.9309931397438049,3.3219567690557453e-06,0.3037261962890625,2740
dense,adamw,1e-05,adamw-lr1e-5,0.704,0.8486292958259583,3.2935153583617753e-06,0.3208081960678101,2750
dense,adamw,1e-05,adamw-lr1e-5,0.70656,0.8057284951210022,3.2650739476678045e-06,0.30873684883117675,2760
dense,adamw,1e-05,adamw-lr1e-5,0.70912,0.6999422311782837,3.2366325369738346e-06,0.2950949430465698,2770
dense,adamw,1e-05,adamw-lr1e-5,0.71168,0.6555066108703613,3.2081911262798638e-06,0.30955810546875,2780
dense,adamw,1e-05,adamw-lr1e-5,0.71424,0.7441108822822571,3.179749715585893e-06,0.3182939052581787,2790
dense,adamw,1e-05,adamw-lr1e-5,0.7168,0.7252922654151917,3.151308304891923e-06,0.30326547622680666,2800
dense,adamw,1e-05,adamw-lr1e-5,0.71936,0.9012824296951294,3.122866894197952e-06,0.33341474533081056,2810
dense,adamw,1e-05,adamw-lr1e-5,0.72192,0.7846308350563049,3.0944254835039822e-06,0.31532108783721924,2820
dense,adamw,1e-05,adamw-lr1e-5,0.72448,0.7134715914726257,3.0659840728100115e-06,0.2992661237716675,2830
dense,adamw,1e-05,adamw-lr1e-5,0.72704,0.8756009340286255,3.0375426621160415e-06,0.3142582654953003,2840
dense,adamw,1e-05,adamw-lr1e-5,0.7296,0.7061316967010498,3.0091012514220707e-06,0.34284090995788574,2850
dense,adamw,1e-05,adamw-lr1e-5,0.73216,0.7161479592323303,2.9806598407281e-06,0.3066530704498291,2860
dense,adamw,1e-05,adamw-lr1e-5,0.73472,0.7796292901039124,2.95221843003413e-06,0.3049113988876343,2870
dense,adamw,1e-05,adamw-lr1e-5,0.73728,0.6733680963516235,2.923777019340159e-06,0.2977511167526245,2880
dense,adamw,1e-05,adamw-lr1e-5,0.73984,0.6116304993629456,2.895335608646189e-06,0.2949060916900635,2890
dense,adamw,1e-05,adamw-lr1e-5,0.7424,0.7990401983261108,2.8668941979522184e-06,0.2917530059814453,2900
dense,adamw,1e-05,adamw-lr1e-5,0.74496,0.7018038034439087,2.8384527872582484e-06,0.30625500679016116,2910
dense,adamw,1e-05,adamw-lr1e-5,0.74752,0.601710319519043,2.8100113765642776e-06,0.2886636257171631,2920
dense,adamw,1e-05,adamw-lr1e-5,0.75008,0.7736481428146362,2.7815699658703073e-06,0.30579564571380613,2930
dense,adamw,1e-05,adamw-lr1e-5,0.75264,0.6883208155632019,2.753128555176337e-06,0.3047687530517578,2940
dense,adamw,1e-05,adamw-lr1e-5,0.7552,0.7765359282493591,2.7246871444823665e-06,0.3048049211502075,2950
dense,adamw,1e-05,adamw-lr1e-5,0.75776,0.8809689283370972,2.696245733788396e-06,0.30427255630493166,2960
dense,adamw,1e-05,adamw-lr1e-5,0.76032,0.9088345170021057,2.6678043230944258e-06,0.3233283281326294,2970
dense,adamw,1e-05,adamw-lr1e-5,0.76288,0.728265106678009,2.6393629124004554e-06,0.32851128578186034,2980
dense,adamw,1e-05,adamw-lr1e-5,0.76544,0.8446495532989502,2.610921501706485e-06,0.34014596939086916,2990
dense,adamw,1e-05,adamw-lr1e-5,0.768,0.7138020396232605,2.582480091012514e-06,0.288997220993042,3000
dense,adamw,1e-05,adamw-lr1e-5,0.77056,0.8142873048782349,2.5540386803185443e-06,0.2785855770111084,3010
dense,adamw,1e-05,adamw-lr1e-5,0.77312,0.8194326162338257,2.5255972696245735e-06,0.286149787902832,3020
dense,adamw,1e-05,adamw-lr1e-5,0.77568,0.7190606594085693,2.497155858930603e-06,0.3179251909255981,3030
dense,adamw,1e-05,adamw-lr1e-5,0.77824,0.8420288562774658,2.4687144482366327e-06,0.2998866081237793,3040
dense,adamw,1e-05,adamw-lr1e-5,0.7808,0.6301979422569275,2.4402730375426623e-06,0.27584033012390136,3050
dense,adamw,1e-05,adamw-lr1e-5,0.78336,0.7155542969703674,2.411831626848692e-06,0.2932391405105591,3060
dense,adamw,1e-05,adamw-lr1e-5,0.78592,0.8653582334518433,2.3833902161547216e-06,0.2881659507751465,3070
dense,adamw,1e-05,adamw-lr1e-5,0.78848,0.8211374282836914,2.354948805460751e-06,0.30047523975372314,3080
dense,adamw,1e-05,adamw-lr1e-5,0.79104,0.7587727308273315,2.326507394766781e-06,0.33915460109710693,3090
dense,adamw,1e-05,adamw-lr1e-5,0.7936,0.7102874517440796,2.29806598407281e-06,0.29331810474395753,3100
dense,adamw,1e-05,adamw-lr1e-5,0.79616,0.669175386428833,2.2696245733788397e-06,0.2935065269470215,3110
dense,adamw,1e-05,adamw-lr1e-5,0.79872,0.6204267144203186,2.2411831626848693e-06,0.2603868246078491,3120
dense,adamw,1e-05,adamw-lr1e-5,0.80128,0.7697657346725464,2.212741751990899e-06,0.2898429870605469,3130
dense,adamw,1e-05,adamw-lr1e-5,0.80384,0.614400327205658,2.1843003412969285e-06,0.3021804094314575,3140
dense,adamw,1e-05,adamw-lr1e-5,0.8064,0.6673158407211304,2.155858930602958e-06,0.30595788955688474,3150
dense,adamw,1e-05,adamw-lr1e-5,0.80896,0.7542192935943604,2.1274175199089878e-06,0.3089280605316162,3160
dense,adamw,1e-05,adamw-lr1e-5,0.81152,0.6708642840385437,2.098976109215017e-06,0.32347085475921633,3170
dense,adamw,1e-05,adamw-lr1e-5,0.81408,0.6132640838623047,2.0705346985210466e-06,0.31936798095703123,3180
dense,adamw,1e-05,adamw-lr1e-5,0.81664,0.7745085954666138,2.0420932878270762e-06,0.29337339401245116,3190
dense,adamw,1e-05,adamw-lr1e-5,0.8192,0.7600620985031128,2.013651877133106e-06,0.3098370790481567,3200
dense,adamw,1e-05,adamw-lr1e-5,0.82176,0.7649943232536316,1.9852104664391355e-06,0.3022538423538208,3210
dense,adamw,1e-05,adamw-lr1e-5,0.82432,0.7555745840072632,1.956769055745165e-06,0.3015114784240723,3220
dense,adamw,1e-05,adamw-lr1e-5,0.82688,0.6692153811454773,1.9283276450511947e-06,0.2707376480102539,3230
dense,adamw,1e-05,adamw-lr1e-5,0.82944,0.7104161381721497,1.8998862343572241e-06,0.3040768146514893,3240
dense,adamw,1e-05,adamw-lr1e-5,0.832,0.6246339678764343,1.8714448236632538e-06,0.3108683586120605,3250
dense,adamw,1e-05,adamw-lr1e-5,0.83456,0.762273371219635,1.8430034129692834e-06,0.33468630313873293,3260
dense,adamw,1e-05,adamw-lr1e-5,0.83712,0.8502482771873474,1.814562002275313e-06,0.2972620964050293,3270
dense,adamw,1e-05,adamw-lr1e-5,0.83968,0.743324875831604,1.7861205915813426e-06,0.3262477874755859,3280
dense,adamw,1e-05,adamw-lr1e-5,0.84224,0.6063089966773987,1.7576791808873722e-06,0.29286952018737794,3290
dense,adamw,1e-05,adamw-lr1e-5,0.8448,0.6307981014251709,1.7292377701934019e-06,0.2836890697479248,3300
dense,adamw,1e-05,adamw-lr1e-5,0.84736,0.6657212376594543,1.7007963594994315e-06,0.29081618785858154,3310
dense,adamw,1e-05,adamw-lr1e-5,0.84992,0.5882253646850586,1.6723549488054607e-06,0.2895329475402832,3320
dense,adamw,1e-05,adamw-lr1e-5,0.85248,0.6942124962806702,1.6439135381114903e-06,0.33402631282806394,3330
dense,adamw,1e-05,adamw-lr1e-5,0.85504,0.7504539489746094,1.61547212741752e-06,0.29035606384277346,3340
dense,adamw,1e-05,adamw-lr1e-5,0.8576,0.700492262840271,1.5870307167235496e-06,0.3070394515991211,3350
dense,adamw,1e-05,adamw-lr1e-5,0.86016,0.6219367980957031,1.5585893060295792e-06,0.3366111993789673,3360
dense,adamw,1e-05,adamw-lr1e-5,0.86272,0.6431164741516113,1.5301478953356088e-06,0.2931393623352051,3370
dense,adamw,1e-05,adamw-lr1e-5,0.86528,1.4643445014953613,1.5017064846416384e-06,0.3007286548614502,3380
dense,adamw,1e-05,adamw-lr1e-5,0.86784,0.8829148411750793,1.4732650739476679e-06,0.302974271774292,3390
dense,adamw,1e-05,adamw-lr1e-5,0.8704,0.7680404782295227,1.4448236632536975e-06,0.3292281150817871,3400
dense,adamw,1e-05,adamw-lr1e-5,0.87296,0.7156891822814941,1.416382252559727e-06,0.3159061908721924,3410
dense,adamw,1e-05,adamw-lr1e-5,0.87552,0.8128182888031006,1.3879408418657567e-06,0.2922017574310303,3420
dense,adamw,1e-05,adamw-lr1e-5,0.87808,0.8665419816970825,1.3594994311717863e-06,0.3328263759613037,3430
dense,adamw,1e-05,adamw-lr1e-5,0.88064,0.7802314758300781,1.331058020477816e-06,0.3151524066925049,3440
dense,adamw,1e-05,adamw-lr1e-5,0.8832,0.7934187054634094,1.3026166097838456e-06,0.3165437698364258,3450
dense,adamw,1e-05,adamw-lr1e-5,0.88576,0.702227771282196,1.2741751990898748e-06,0.3201162815093994,3460
dense,adamw,1e-05,adamw-lr1e-5,0.88832,0.7985920310020447,1.2457337883959044e-06,0.3299128293991089,3470
dense,adamw,1e-05,adamw-lr1e-5,0.89088,0.5730202794075012,1.217292377701934e-06,0.3164910078048706,3480
dense,adamw,1e-05,adamw-lr1e-5,0.89344,0.7724300622940063,1.1888509670079637e-06,0.3163294315338135,3490
dense,adamw,1e-05,adamw-lr1e-5,0.896,0.6226503252983093,1.1604095563139933e-06,0.30309405326843264,3500
dense,adamw,1e-05,adamw-lr1e-5,0.89856,0.952948808670044,1.1319681456200227e-06,0.29655697345733645,3510
dense,adamw,1e-05,adamw-lr1e-5,0.90112,0.7919505834579468,1.1035267349260523e-06,0.32881276607513427,3520
dense,adamw,1e-05,adamw-lr1e-5,0.90368,0.7993327975273132,1.075085324232082e-06,0.3337166547775269,3530
dense,adamw,1e-05,adamw-lr1e-5,0.90624,0.86063152551651,1.0466439135381116e-06,0.30776922702789306,3540
dense,adamw,1e-05,adamw-lr1e-5,0.9088,0.656341552734375,1.0182025028441412e-06,0.33109111785888673,3550
dense,adamw,1e-05,adamw-lr1e-5,0.91136,0.7315670251846313,9.897610921501708e-07,0.31388471126556394,3560
dense,adamw,1e-05,adamw-lr1e-5,0.91392,0.8271521925926208,9.613196814562004e-07,0.32119288444519045,3570
dense,adamw,1e-05,adamw-lr1e-5,0.91648,0.8232257962226868,9.328782707622299e-07,0.29830493927001955,3580
dense,adamw,1e-05,adamw-lr1e-5,0.91904,0.7077084183692932,9.044368600682595e-07,0.31038718223571776,3590
dense,adamw,1e-05,adamw-lr1e-5,0.9216,0.8959839940071106,8.759954493742891e-07,0.2772709608078003,3600
dense,adamw,1e-05,adamw-lr1e-5,0.92416,0.6350582838058472,8.475540386803185e-07,0.31181912422180175,3610
dense,adamw,1e-05,adamw-lr1e-5,0.92672,0.5964479446411133,8.191126279863481e-07,0.3065322399139404,3620
dense,adamw,1e-05,adamw-lr1e-5,0.92928,0.761213481426239,7.906712172923778e-07,0.30036847591400145,3630
dense,adamw,1e-05,adamw-lr1e-5,0.93184,0.7015324234962463,7.622298065984074e-07,0.3134136199951172,3640
dense,adamw,1e-05,adamw-lr1e-5,0.9344,0.6263342499732971,7.337883959044369e-07,0.3164373874664307,3650
dense,adamw,1e-05,adamw-lr1e-5,0.93696,0.6527289152145386,7.053469852104665e-07,0.3219114303588867,3660
dense,adamw,1e-05,adamw-lr1e-5,0.93952,0.6599969267845154,6.769055745164962e-07,0.3233190059661865,3670
dense,adamw,1e-05,adamw-lr1e-5,0.94208,0.6155055165290833,6.484641638225256e-07,0.2785548210144043,3680
dense,adamw,1e-05,adamw-lr1e-5,0.94464,0.8451647162437439,6.200227531285552e-07,0.32734065055847167,3690
dense,adamw,1e-05,adamw-lr1e-5,0.9472,0.732393741607666,5.915813424345848e-07,0.30721819400787354,3700
dense,adamw,1e-05,adamw-lr1e-5,0.94976,0.6578747630119324,5.631399317406143e-07,0.33790221214294436,3710
dense,adamw,1e-05,adamw-lr1e-5,0.95232,0.8114874958992004,5.34698521046644e-07,0.2863211154937744,3720
dense,adamw,1e-05,adamw-lr1e-5,0.95488,0.8022528886795044,5.062571103526735e-07,0.31911754608154297,3730
dense,adamw,1e-05,adamw-lr1e-5,0.95744,0.8110896348953247,4.778156996587031e-07,0.3117412567138672,3740
dense,adamw,1e-05,adamw-lr1e-5,0.96,0.6217241883277893,4.4937428896473267e-07,0.2962121725082397,3750
dense,adamw,1e-05,adamw-lr1e-5,0.96256,0.6881175637245178,4.2093287827076224e-07,0.2877821922302246,3760
dense,adamw,1e-05,adamw-lr1e-5,0.96512,0.684968888759613,3.9249146757679187e-07,0.3172208309173584,3770
dense,adamw,1e-05,adamw-lr1e-5,0.96768,0.6797386407852173,3.640500568828214e-07,0.3026734828948975,3780
dense,adamw,1e-05,adamw-lr1e-5,0.97024,0.7880940437316895,3.35608646188851e-07,0.275065279006958,3790
dense,adamw,1e-05,adamw-lr1e-5,0.9728,0.5014845132827759,3.071672354948806e-07,0.2858686923980713,3800
dense,adamw,1e-05,adamw-lr1e-5,0.97536,0.751545250415802,2.7872582480091015e-07,0.31331627368927,3810
dense,adamw,1e-05,adamw-lr1e-5,0.97792,0.854691743850708,2.502844141069397e-07,0.33198392391204834,3820
dense,adamw,1e-05,adamw-lr1e-5,0.98048,0.7807231545448303,2.218430034129693e-07,0.29565744400024413,3830
dense,adamw,1e-05,adamw-lr1e-5,0.98304,0.7102471590042114,1.934015927189989e-07,0.3233203649520874,3840
dense,adamw,1e-05,adamw-lr1e-5,0.9856,0.8570963144302368,1.6496018202502846e-07,0.3086345911026001,3850
dense,adamw,1e-05,adamw-lr1e-5,0.98816,0.6707162261009216,1.3651877133105803e-07,0.3008826017379761,3860
dense,adamw,1e-05,adamw-lr1e-5,0.99072,0.5793803334236145,1.0807736063708762e-07,0.27402029037475584,3870
dense,adamw,1e-05,adamw-lr1e-5,0.99328,0.6076835989952087,7.963594994311717e-08,0.2929678440093994,3880
dense,adamw,1e-05,adamw-lr1e-5,0.99584,0.690848171710968,5.119453924914676e-08,0.29134130477905273,3890
dense,adamw,1e-05,adamw-lr1e-5,0.9984,0.7348113656044006,2.2753128555176337e-08,0.33618917465209963,3900
dense,adamw,3e-05,adamw-lr3e-5,0.000256,2.1910877227783203,0.0,1.2221720218658447,1
dense,adamw,3e-05,adamw-lr3e-5,0.00256,2.188948631286621,6.90537084398977e-07,1.215179443359375,10
dense,adamw,3e-05,adamw-lr3e-5,0.00512,2.872814416885376,1.4578005115089513e-06,1.1984164237976074,20
dense,adamw,3e-05,adamw-lr3e-5,0.00768,2.5404186248779297,2.225063938618926e-06,1.1212799072265625,30
dense,adamw,3e-05,adamw-lr3e-5,0.01024,1.9288893938064575,2.9923273657289e-06,1.1404156684875488,40
dense,adamw,3e-05,adamw-lr3e-5,0.0128,1.9082996845245361,3.7595907928388744e-06,1.0350412368774413,50
dense,adamw,3e-05,adamw-lr3e-5,0.01536,1.6246750354766846,4.526854219948849e-06,0.9962245941162109,60
dense,adamw,3e-05,adamw-lr3e-5,0.01792,1.8144612312316895,5.294117647058824e-06,0.9733546257019043,70
dense,adamw,3e-05,adamw-lr3e-5,0.02048,2.4371747970581055,6.061381074168798e-06,0.945491886138916,80
dense,adamw,3e-05,adamw-lr3e-5,0.02304,1.5470696687698364,6.828644501278773e-06,0.8676389694213867,90
dense,adamw,3e-05,adamw-lr3e-5,0.0256,1.643452525138855,7.595907928388748e-06,0.8192749977111816,100
dense,adamw,3e-05,adamw-lr3e-5,0.02816,1.5190110206604004,8.363171355498722e-06,0.8528362274169922,110
dense,adamw,3e-05,adamw-lr3e-5,0.03072,1.5475072860717773,9.130434782608697e-06,0.8089827537536621,120
dense,adamw,3e-05,adamw-lr3e-5,0.03328,1.6195956468582153,9.897698209718671e-06,0.8348652839660644,130
dense,adamw,3e-05,adamw-lr3e-5,0.03584,1.2855104207992554,1.0664961636828645e-05,0.6960023403167724,140
dense,adamw,3e-05,adamw-lr3e-5,0.0384,1.2564946413040161,1.143222506393862e-05,0.7405640602111816,150
dense,adamw,3e-05,adamw-lr3e-5,0.04096,1.2424793243408203,1.2199488491048594e-05,0.6425811767578125,160
dense,adamw,3e-05,adamw-lr3e-5,0.04352,1.2661157846450806,1.2966751918158568e-05,0.7020890235900878,170
dense,adamw,3e-05,adamw-lr3e-5,0.04608,1.1573489904403687,1.3734015345268543e-05,0.6431488513946533,180
dense,adamw,3e-05,adamw-lr3e-5,0.04864,0.9970095157623291,1.4501278772378517e-05,0.5571730136871338,190
dense,adamw,3e-05,adamw-lr3e-5,0.0512,0.9045305848121643,1.526854219948849e-05,0.6001719474792481,200
dense,adamw,3e-05,adamw-lr3e-5,0.05376,1.2514238357543945,1.6035805626598464e-05,0.5865846157073975,210
dense,adamw,3e-05,adamw-lr3e-5,0.05632,1.1259573698043823,1.680306905370844e-05,0.5768907546997071,220
dense,adamw,3e-05,adamw-lr3e-5,0.05888,1.4108855724334717,1.7570332480818413e-05,0.6050798892974854,230
dense,adamw,3e-05,adamw-lr3e-5,0.06144,1.0548409223556519,1.8337595907928387e-05,0.5575035095214844,240
dense,adamw,3e-05,adamw-lr3e-5,0.064,0.7610123753547668,1.910485933503836e-05,0.5245013236999512,250
dense,adamw,3e-05,adamw-lr3e-5,0.06656,0.9713892936706543,1.9872122762148336e-05,0.5173790931701661,260
dense,adamw,3e-05,adamw-lr3e-5,0.06912,1.042354702949524,2.063938618925831e-05,0.5106414794921875,270
dense,adamw,3e-05,adamw-lr3e-5,0.07168,1.1052887439727783,2.1406649616368285e-05,0.5014997959136963,280
dense,adamw,3e-05,adamw-lr3e-5,0.07424,1.1734113693237305,2.217391304347826e-05,0.5140713691711426,290
dense,adamw,3e-05,adamw-lr3e-5,0.0768,0.7426614761352539,2.2941176470588233e-05,0.4690084934234619,300
dense,adamw,3e-05,adamw-lr3e-5,0.07936,0.8552287817001343,2.370843989769821e-05,0.4696989059448242,310
dense,adamw,3e-05,adamw-lr3e-5,0.08192,0.8159677982330322,2.4475703324808185e-05,0.4289374351501465,320
dense,adamw,3e-05,adamw-lr3e-5,0.08448,0.9162092804908752,2.524296675191816e-05,0.4509574890136719,330
dense,adamw,3e-05,adamw-lr3e-5,0.08704,0.9695281982421875,2.6010230179028134e-05,0.4579218864440918,340
dense,adamw,3e-05,adamw-lr3e-5,0.0896,0.8664318323135376,2.677749360613811e-05,0.41622300148010255,350
dense,adamw,3e-05,adamw-lr3e-5,0.09216,0.8770642876625061,2.7544757033248083e-05,0.41752920150756834,360
dense,adamw,3e-05,adamw-lr3e-5,0.09472,0.808221697807312,2.8312020460358057e-05,0.4045309066772461,370
dense,adamw,3e-05,adamw-lr3e-5,0.09728,0.84444659948349,2.907928388746803e-05,0.4452811241149902,380
dense,adamw,3e-05,adamw-lr3e-5,0.09984,0.8889386057853699,2.9846547314578006e-05,0.4189640998840332,390
dense,adamw,3e-05,adamw-lr3e-5,0.1024,0.9607333540916443,2.9931740614334473e-05,0.3977012872695923,400
dense,adamw,3e-05,adamw-lr3e-5,0.10496,0.6811496019363403,2.9846416382252562e-05,0.40284299850463867,410
dense,adamw,3e-05,adamw-lr3e-5,0.10752,0.8717227578163147,2.9761092150170648e-05,0.36797032356262205,420
dense,adamw,3e-05,adamw-lr3e-5,0.11008,0.7336698174476624,2.9675767918088736e-05,0.37644338607788086,430
dense,adamw,3e-05,adamw-lr3e-5,0.11264,0.7210676074028015,2.959044368600683e-05,0.4085756778717041,440
dense,adamw,3e-05,adamw-lr3e-5,0.1152,0.9205474257469177,2.9505119453924918e-05,0.3833427429199219,450
dense,adamw,3e-05,adamw-lr3e-5,0.11776,0.7053170800209045,2.9419795221843003e-05,0.3856743335723877,460
dense,adamw,3e-05,adamw-lr3e-5,0.12032,0.7700351476669312,2.9334470989761092e-05,0.39461798667907716,470
dense,adamw,3e-05,adamw-lr3e-5,0.12288,0.9424209594726562,2.9249146757679184e-05,0.41106576919555665,480
dense,adamw,3e-05,adamw-lr3e-5,0.12544,0.6205921173095703,2.916382252559727e-05,0.3620633602142334,490
dense,adamw,3e-05,adamw-lr3e-5,0.128,0.5839199423789978,2.907849829351536e-05,0.363144063949585,500
dense,adamw,3e-05,adamw-lr3e-5,0.13056,0.7163195013999939,2.8993174061433447e-05,0.42078723907470705,510
dense,adamw,3e-05,adamw-lr3e-5,0.13312,0.8441059589385986,2.890784982935154e-05,0.37139708995819093,520
dense,adamw,3e-05,adamw-lr3e-5,0.13568,0.8353914022445679,2.8822525597269625e-05,0.39269027709960935,530
dense,adamw,3e-05,adamw-lr3e-5,0.13824,0.7794226408004761,2.8737201365187714e-05,0.3710695505142212,540
dense,adamw,3e-05,adamw-lr3e-5,0.1408,0.852916419506073,2.8651877133105803e-05,0.348221492767334,550
dense,adamw,3e-05,adamw-lr3e-5,0.14336,0.9102261066436768,2.8566552901023892e-05,0.41994428634643555,560
dense,adamw,3e-05,adamw-lr3e-5,0.14592,0.6880854964256287,2.848122866894198e-05,0.3356358289718628,570
dense,adamw,3e-05,adamw-lr3e-5,0.14848,0.7457211017608643,2.839590443686007e-05,0.3460826396942139,580
dense,adamw,3e-05,adamw-lr3e-5,0.15104,0.8791689276695251,2.831058020477816e-05,0.33415980339050294,590
dense,adamw,3e-05,adamw-lr3e-5,0.1536,0.8934529423713684,2.8225255972696247e-05,0.3540778160095215,600
dense,adamw,3e-05,adamw-lr3e-5,0.15616,0.8136461973190308,2.8139931740614336e-05,0.3549284696578979,610
dense,adamw,3e-05,adamw-lr3e-5,0.15872,0.670952320098877,2.8054607508532425e-05,0.3479595422744751,620
dense,adamw,3e-05,adamw-lr3e-5,0.16128,0.819887638092041,2.796928327645051e-05,0.35640225410461424,630
dense,adamw,3e-05,adamw-lr3e-5,0.16384,0.7412163019180298,2.78839590443686e-05,0.35793113708496094,640
dense,adamw,3e-05,adamw-lr3e-5,0.1664,0.7292546629905701,2.779863481228669e-05,0.3838982343673706,650
dense,adamw,3e-05,adamw-lr3e-5,0.16896,0.8102017045021057,2.771331058020478e-05,0.3306061029434204,660
dense,adamw,3e-05,adamw-lr3e-5,0.17152,0.6973168849945068,2.7627986348122866e-05,0.31350715160369874,670
dense,adamw,3e-05,adamw-lr3e-5,0.17408,0.7415931224822998,2.7542662116040955e-05,0.3705723524093628,680
dense,adamw,3e-05,adamw-lr3e-5,0.17664,0.7363929748535156,2.7457337883959047e-05,0.35698552131652833,690
dense,adamw,3e-05,adamw-lr3e-5,0.1792,0.6700496673583984,2.7372013651877133e-05,0.3511864423751831,700
dense,adamw,3e-05,adamw-lr3e-5,0.18176,0.6311245560646057,2.728668941979522e-05,0.33013052940368653,710
dense,adamw,3e-05,adamw-lr3e-5,0.18432,0.7373232841491699,2.720136518771331e-05,0.3610065460205078,720
dense,adamw,3e-05,adamw-lr3e-5,0.18688,0.7337242960929871,2.7116040955631403e-05,0.3315819501876831,730
dense,adamw,3e-05,adamw-lr3e-5,0.18944,0.6984825730323792,2.7030716723549488e-05,0.3353016138076782,740
dense,adamw,3e-05,adamw-lr3e-5,0.192,0.7425864338874817,2.6945392491467577e-05,0.33183741569519043,750
dense,adamw,3e-05,adamw-lr3e-5,0.19456,0.838240921497345,2.6860068259385666e-05,0.3478893518447876,760
dense,adamw,3e-05,adamw-lr3e-5,0.19712,0.8396431803703308,2.6774744027303755e-05,0.34165568351745607,770
dense,adamw,3e-05,adamw-lr3e-5,0.19968,0.744472086429596,2.6689419795221844e-05,0.3600056886672974,780
dense,adamw,3e-05,adamw-lr3e-5,0.20224,0.7580447196960449,2.6604095563139932e-05,0.3107934474945068,790
dense,adamw,3e-05,adamw-lr3e-5,0.2048,0.7312629818916321,2.651877133105802e-05,0.3275141716003418,800
dense,adamw,3e-05,adamw-lr3e-5,0.20736,0.6880687475204468,2.643344709897611e-05,0.34059600830078124,810
dense,adamw,3e-05,adamw-lr3e-5,0.20992,0.5463461875915527,2.63481228668942e-05,0.3366427421569824,820
dense,adamw,3e-05,adamw-lr3e-5,0.21248,0.639167845249176,2.6262798634812288e-05,0.31992690563201903,830
dense,adamw,3e-05,adamw-lr3e-5,0.21504,0.7900104522705078,2.6177474402730373e-05,0.32858498096466066,840
dense,adamw,3e-05,adamw-lr3e-5,0.2176,0.829540491104126,2.6092150170648466e-05,0.32473392486572267,850
dense,adamw,3e-05,adamw-lr3e-5,0.22016,0.583247721195221,2.6006825938566555e-05,0.3114759922027588,860
dense,adamw,3e-05,adamw-lr3e-5,0.22272,0.7059152722358704,2.5921501706484643e-05,0.29778389930725097,870
dense,adamw,3e-05,adamw-lr3e-5,0.22528,0.606007993221283,2.583617747440273e-05,0.3202402114868164,880
dense,adamw,3e-05,adamw-lr3e-5,0.22784,0.8032656311988831,2.575085324232082e-05,0.33549888134002687,890
dense,adamw,3e-05,adamw-lr3e-5,0.2304,0.782616913318634,2.566552901023891e-05,0.3127310752868652,900
dense,adamw,3e-05,adamw-lr3e-5,0.23296,0.8569891452789307,2.5580204778156996e-05,0.3046609401702881,910
dense,adamw,3e-05,adamw-lr3e-5,0.23552,0.8674513101577759,2.5494880546075084e-05,0.36936030387878416,920
dense,adamw,3e-05,adamw-lr3e-5,0.23808,0.7501972913742065,2.5409556313993177e-05,0.33952019214630125,930
dense,adamw,3e-05,adamw-lr3e-5,0.24064,0.6649485230445862,2.5324232081911266e-05,0.3011768341064453,940
dense,adamw,3e-05,adamw-lr3e-5,0.2432,0.7887627482414246,2.523890784982935e-05,0.3260613441467285,950
dense,adamw,3e-05,adamw-lr3e-5,0.24576,0.6260107755661011,2.515358361774744e-05,0.34122343063354493,960
dense,adamw,3e-05,adamw-lr3e-5,0.24832,0.6645451188087463,2.5068259385665532e-05,0.2934239387512207,970
dense,adamw,3e-05,adamw-lr3e-5,0.25088,0.8625571131706238,2.4982935153583618e-05,0.34185354709625243,980
dense,adamw,3e-05,adamw-lr3e-5,0.25344,0.5967057347297668,2.4897610921501706e-05,0.2957906723022461,990
dense,adamw,3e-05,adamw-lr3e-5,0.256,0.5809559226036072,2.4812286689419795e-05,0.29609088897705077,1000
dense,adamw,3e-05,adamw-lr3e-5,0.25856,0.5398686528205872,2.4726962457337888e-05,0.28077881336212157,1010
dense,adamw,3e-05,adamw-lr3e-5,0.26112,0.8126115798950195,2.4641638225255973e-05,0.31632328033447266,1020
dense,adamw,3e-05,adamw-lr3e-5,0.26368,0.7631246447563171,2.4556313993174062e-05,0.3114452838897705,1030
dense,adamw,3e-05,adamw-lr3e-5,0.26624,0.7360215783119202,2.447098976109215e-05,0.2764570236206055,1040
dense,adamw,3e-05,adamw-lr3e-5,0.2688,0.7520150542259216,2.438566552901024e-05,0.32654595375061035,1050
dense,adamw,3e-05,adamw-lr3e-5,0.27136,0.653007447719574,2.430034129692833e-05,0.31477243900299073,1060
dense,adamw,3e-05,adamw-lr3e-5,0.27392,0.7052315473556519,2.4215017064846417e-05,0.30760846138000486,1070
dense,adamw,3e-05,adamw-lr3e-5,0.27648,0.46910321712493896,2.4129692832764506e-05,0.30260343551635743,1080
dense,adamw,3e-05,adamw-lr3e-5,0.27904,0.7689609527587891,2.4044368600682595e-05,0.33751688003540037,1090
dense,adamw,3e-05,adamw-lr3e-5,0.2816,0.7312319874763489,2.3959044368600684e-05,0.3283833026885986,1100
dense,adamw,3e-05,adamw-lr3e-5,0.28416,0.736508846282959,2.3873720136518773e-05,0.2943760395050049,1110
dense,adamw,3e-05,adamw-lr3e-5,0.28672,0.6213955283164978,2.378839590443686e-05,0.31079859733581544,1120
dense,adamw,3e-05,adamw-lr3e-5,0.28928,0.7857052087783813,2.3703071672354947e-05,0.3041419982910156,1130
dense,adamw,3e-05,adamw-lr3e-5,0.29184,0.8010118007659912,2.361774744027304e-05,0.29010257720947263,1140
dense,adamw,3e-05,adamw-lr3e-5,0.2944,0.7137374877929688,2.353242320819113e-05,0.3180225133895874,1150
dense,adamw,3e-05,adamw-lr3e-5,0.29696,0.8570032119750977,2.3447098976109214e-05,0.29074821472167967,1160
dense,adamw,3e-05,adamw-lr3e-5,0.29952,0.6272910833358765,2.3361774744027303e-05,0.2801175594329834,1170
dense,adamw,3e-05,adamw-lr3e-5,0.30208,0.6783122420310974,2.3276450511945395e-05,0.31662395000457766,1180
dense,adamw,3e-05,adamw-lr3e-5,0.30464,0.5690037608146667,2.319112627986348e-05,0.33629655838012695,1190
dense,adamw,3e-05,adamw-lr3e-5,0.3072,0.8627487421035767,2.310580204778157e-05,0.32802700996398926,1200
dense,adamw,3e-05,adamw-lr3e-5,0.30976,0.7086315155029297,2.3020477815699658e-05,0.27334132194519045,1210
dense,adamw,3e-05,adamw-lr3e-5,0.31232,0.6316763162612915,2.293515358361775e-05,0.34105234146118163,1220
dense,adamw,3e-05,adamw-lr3e-5,0.31488,0.7329400777816772,2.2849829351535836e-05,0.3161581754684448,1230
dense,adamw,3e-05,adamw-lr3e-5,0.31744,0.6191769242286682,2.2764505119453925e-05,0.3008003234863281,1240
dense,adamw,3e-05,adamw-lr3e-5,0.32,0.6882319450378418,2.2679180887372014e-05,0.31262199878692626,1250
dense,adamw,3e-05,adamw-lr3e-5,0.32256,0.5784706473350525,2.2593856655290103e-05,0.3170295000076294,1260
dense,adamw,3e-05,adamw-lr3e-5,0.32512,0.6996666789054871,2.250853242320819e-05,0.311244535446167,1270
dense,adamw,3e-05,adamw-lr3e-5,0.32768,0.641292154788971,2.242320819112628e-05,0.3098753929138184,1280
dense,adamw,3e-05,adamw-lr3e-5,0.33024,0.5546534061431885,2.233788395904437e-05,0.2697359800338745,1290
dense,adamw,3e-05,adamw-lr3e-5,0.3328,0.7451364398002625,2.2252559726962458e-05,0.3137657165527344,1300
dense,adamw,3e-05,adamw-lr3e-5,0.33536,0.7090719938278198,2.2167235494880547e-05,0.3175642967224121,1310
dense,adamw,3e-05,adamw-lr3e-5,0.33792,0.6461024880409241,2.2081911262798636e-05,0.29788689613342284,1320
dense,adamw,3e-05,adamw-lr3e-5,0.34048,0.6148350238800049,2.199658703071672e-05,0.2767645359039307,1330
dense,adamw,3e-05,adamw-lr3e-5,0.34304,0.6934731006622314,2.1911262798634814e-05,0.3235004186630249,1340
dense,adamw,3e-05,adamw-lr3e-5,0.3456,0.5587430000305176,2.1825938566552902e-05,0.27392637729644775,1350
dense,adamw,3e-05,adamw-lr3e-5,0.34816,0.7141984105110168,2.174061433447099e-05,0.30757846832275393,1360
dense,adamw,3e-05,adamw-lr3e-5,0.35072,0.5577860474586487,2.1655290102389077e-05,0.28677802085876464,1370
dense,adamw,3e-05,adamw-lr3e-5,0.35328,0.6810137033462524,2.156996587030717e-05,0.2930612087249756,1380
dense,adamw,3e-05,adamw-lr3e-5,0.35584,0.7066341638565063,2.1484641638225258e-05,0.2717160224914551,1390
dense,adamw,3e-05,adamw-lr3e-5,0.3584,0.6743617653846741,2.1399317406143343e-05,0.32788546085357667,1400
dense,adamw,3e-05,adamw-lr3e-5,0.36096,0.6408205628395081,2.1313993174061432e-05,0.30962529182434084,1410
dense,adamw,3e-05,adamw-lr3e-5,0.36352,0.703356146812439,2.1228668941979525e-05,0.26851592063903806,1420
dense,adamw,3e-05,adamw-lr3e-5,0.36608,1.2153187990188599,2.1143344709897613e-05,0.3076310634613037,1430
dense,adamw,3e-05,adamw-lr3e-5,0.36864,0.9932410717010498,2.10580204778157e-05,0.2865788459777832,1440
dense,adamw,3e-05,adamw-lr3e-5,0.3712,0.7832629680633545,2.0972696245733788e-05,0.3486536979675293,1450
dense,adamw,3e-05,adamw-lr3e-5,0.37376,0.7488825917243958,2.088737201365188e-05,0.31098475456237795,1460
dense,adamw,3e-05,adamw-lr3e-5,0.37632,0.6713762879371643,2.0802047781569966e-05,0.2979712963104248,1470
dense,adamw,3e-05,adamw-lr3e-5,0.37888,0.6852972507476807,2.0716723549488054e-05,0.31700131893157957,1480
dense,adamw,3e-05,adamw-lr3e-5,0.38144,0.791172206401825,2.0631399317406143e-05,0.3057716369628906,1490
dense,adamw,3e-05,adamw-lr3e-5,0.384,0.7667827606201172,2.0546075085324236e-05,0.28791017532348634,1500
dense,adamw,3e-05,adamw-lr3e-5,0.38656,0.6890124678611755,2.046075085324232e-05,0.3068652391433716,1510
dense,adamw,3e-05,adamw-lr3e-5,0.38912,0.6539000272750854,2.037542662116041e-05,0.275171685218811,1520
dense,adamw,3e-05,adamw-lr3e-5,0.39168,0.73027503490448,2.02901023890785e-05,0.3034557342529297,1530
dense,adamw,3e-05,adamw-lr3e-5,0.39424,0.7497537136077881,2.0204778156996588e-05,0.2895058631896973,1540
dense,adamw,3e-05,adamw-lr3e-5,0.3968,0.7086924910545349,2.0119453924914677e-05,0.2973763465881348,1550
dense,adamw,3e-05,adamw-lr3e-5,0.39936,0.6608468890190125,2.0034129692832765e-05,0.2938335657119751,1560
dense,adamw,3e-05,adamw-lr3e-5,0.40192,0.7457929253578186,1.9948805460750854e-05,0.2953804969787598,1570
dense,adamw,3e-05,adamw-lr3e-5,0.40448,0.6151747107505798,1.9863481228668943e-05,0.276643705368042,1580
dense,adamw,3e-05,adamw-lr3e-5,0.40704,0.6679245233535767,1.9778156996587032e-05,0.27274360656738283,1590
dense,adamw,3e-05,adamw-lr3e-5,0.4096,0.966022789478302,1.969283276450512e-05,0.2781280517578125,1600
dense,adamw,3e-05,adamw-lr3e-5,0.41216,0.7438212633132935,1.9607508532423206e-05,0.31084566116333007,1610
dense,adamw,3e-05,adamw-lr3e-5,0.41472,0.6882414221763611,1.95221843003413e-05,0.2858583927154541,1620
dense,adamw,3e-05,adamw-lr3e-5,0.41728,0.7318682670593262,1.9436860068259388e-05,0.2720497608184814,1630
dense,adamw,3e-05,adamw-lr3e-5,0.41984,0.6811308264732361,1.9351535836177476e-05,0.30909552574157717,1640
dense,adamw,3e-05,adamw-lr3e-5,0.4224,0.7368379235267639,1.9266211604095562e-05,0.25249125957489016,1650
dense,adamw,3e-05,adamw-lr3e-5,0.42496,0.7623500227928162,1.918088737201365e-05,0.2966612339019775,1660
dense,adamw,3e-05,adamw-lr3e-5,0.42752,0.6205357909202576,1.9095563139931743e-05,0.28725333213806153,1670
dense,adamw,3e-05,adamw-lr3e-5,0.43008,0.742251455783844,1.901023890784983e-05,0.29962127208709716,1680
dense,adamw,3e-05,adamw-lr3e-5,0.43264,0.7139317393302917,1.8924914675767917e-05,0.2695091724395752,1690
dense,adamw,3e-05,adamw-lr3e-5,0.4352,0.6082010269165039,1.8839590443686006e-05,0.3268488883972168,1700
dense,adamw,3e-05,adamw-lr3e-5,0.43776,0.6835276484489441,1.87542662116041e-05,0.295085072517395,1710
dense,adamw,3e-05,adamw-lr3e-5,0.44032,0.5971253514289856,1.8668941979522184e-05,0.27556116580963136,1720
dense,adamw,3e-05,adamw-lr3e-5,0.44288,0.5962810516357422,1.8583617747440273e-05,0.27973501682281493,1730
dense,adamw,3e-05,adamw-lr3e-5,0.44544,0.5993404388427734,1.8498293515358362e-05,0.2981416702270508,1740
dense,adamw,3e-05,adamw-lr3e-5,0.448,0.7250357866287231,1.841296928327645e-05,0.2964366912841797,1750
dense,adamw,3e-05,adamw-lr3e-5,0.45056,0.7511981129646301,1.832764505119454e-05,0.30586340427398684,1760
dense,adamw,3e-05,adamw-lr3e-5,0.45312,0.6604855060577393,1.824232081911263e-05,0.2756428003311157,1770
dense,adamw,3e-05,adamw-lr3e-5,0.45568,0.8127841949462891,1.8156996587030717e-05,0.29538850784301757,1780
dense,adamw,3e-05,adamw-lr3e-5,0.45824,0.6451698541641235,1.8071672354948806e-05,0.28121051788330076,1790
dense,adamw,3e-05,adamw-lr3e-5,0.4608,0.6919553279876709,1.7986348122866895e-05,0.289797043800354,1800
dense,adamw,3e-05,adamw-lr3e-5,0.46336,0.6779919266700745,1.7901023890784984e-05,0.2833827018737793,1810
dense,adamw,3e-05,adamw-lr3e-5,0.46592,0.6630796194076538,1.781569965870307e-05,0.2834134101867676,1820
dense,adamw,3e-05,adamw-lr3e-5,0.46848,0.8020880222320557,1.773037542662116e-05,0.2829445838928223,1830
dense,adamw,3e-05,adamw-lr3e-5,0.47104,0.6769776940345764,1.764505119453925e-05,0.2752703666687012,1840
dense,adamw,3e-05,adamw-lr3e-5,0.4736,0.6877604722976685,1.755972696245734e-05,0.2795152425765991,1850
dense,adamw,3e-05,adamw-lr3e-5,0.47616,0.7072890400886536,1.7474402730375425e-05,0.28112568855285647,1860
dense,adamw,3e-05,adamw-lr3e-5,0.47872,0.7038219571113586,1.7389078498293517e-05,0.3080798625946045,1870
dense,adamw,3e-05,adamw-lr3e-5,0.48128,0.5918741226196289,1.7303754266211606e-05,0.2939260959625244,1880
dense,adamw,3e-05,adamw-lr3e-5,0.48384,0.7363520264625549,1.721843003412969e-05,0.3275028944015503,1890
dense,adamw,3e-05,adamw-lr3e-5,0.4864,0.42517516016960144,1.713310580204778e-05,0.27411537170410155,1900
dense,adamw,3e-05,adamw-lr3e-5,0.48896,0.4417125880718231,1.7047781569965873e-05,0.26010315418243407,1910
dense,adamw,3e-05,adamw-lr3e-5,0.49152,0.694700300693512,1.696245733788396e-05,0.3052607536315918,1920
dense,adamw,3e-05,adamw-lr3e-5,0.49408,0.6786190271377563,1.6877133105802047e-05,0.26074120998382566,1930
dense,adamw,3e-05,adamw-lr3e-5,0.49664,0.7080343961715698,1.6791808873720136e-05,0.26589515209198,1940
dense,adamw,3e-05,adamw-lr3e-5,0.4992,0.55583655834198,1.6706484641638228e-05,0.28500776290893554,1950
dense,adamw,3e-05,adamw-lr3e-5,0.50176,0.7107903361320496,1.6621160409556314e-05,0.3019587516784668,1960
dense,adamw,3e-05,adamw-lr3e-5,0.50432,0.5318904519081116,1.6535836177474402e-05,0.2622261047363281,1970
dense,adamw,3e-05,adamw-lr3e-5,0.50688,0.7725728750228882,1.645051194539249e-05,0.2826972961425781,1980
dense,adamw,3e-05,adamw-lr3e-5,0.50944,0.6177610754966736,1.6365187713310584e-05,0.2798674821853638,1990
dense,adamw,3e-05,adamw-lr3e-5,0.512,0.7074655890464783,1.627986348122867e-05,0.3063122510910034,2000
dense,adamw,3e-05,adamw-lr3e-5,0.51456,0.6449219584465027,1.6194539249146758e-05,0.30444252490997314,2010
dense,adamw,3e-05,adamw-lr3e-5,0.51712,0.6453550457954407,1.6109215017064847e-05,0.29817125797271726,2020
dense,adamw,3e-05,adamw-lr3e-5,0.51968,0.5232883095741272,1.6023890784982936e-05,0.2549222469329834,2030
dense,adamw,3e-05,adamw-lr3e-5,0.52224,0.634998619556427,1.5938566552901024e-05,0.26731252670288086,2040
dense,adamw,3e-05,adamw-lr3e-5,0.5248,0.6846742630004883,1.5853242320819113e-05,0.2557215690612793,2050
dense,adamw,3e-05,adamw-lr3e-5,0.52736,0.5947603583335876,1.5767918088737202e-05,0.2577470302581787,2060
dense,adamw,3e-05,adamw-lr3e-5,0.52992,0.665884792804718,1.568259385665529e-05,0.3044837474822998,2070
dense,adamw,3e-05,adamw-lr3e-5,0.53248,0.4811787009239197,1.559726962457338e-05,0.284605598449707,2080
dense,adamw,3e-05,adamw-lr3e-5,0.53504,0.6503713130950928,1.551194539249147e-05,0.267269492149353,2090
dense,adamw,3e-05,adamw-lr3e-5,0.5376,0.5646861791610718,1.5426621160409554e-05,0.29206061363220215,2100
dense,adamw,3e-05,adamw-lr3e-5,0.54016,0.7106866240501404,1.5341296928327647e-05,0.28335726261138916,2110
dense,adamw,3e-05,adamw-lr3e-5,0.54272,0.7894819378852844,1.5255972696245735e-05,0.2903419494628906,2120
dense,adamw,3e-05,adamw-lr3e-5,0.54528,0.7330374121665955,1.5170648464163824e-05,0.2785804748535156,2130
dense,adamw,3e-05,adamw-lr3e-5,0.54784,0.6701620221138,1.5085324232081912e-05,0.25781443119049074,2140
dense,adamw,3e-05,adamw-lr3e-5,0.5504,0.6975633502006531,1.5e-05,0.2623332977294922,2150
dense,adamw,3e-05,adamw-lr3e-5,0.55296,0.6112241148948669,1.4914675767918088e-05,0.22823715209960938,2160
dense,adamw,3e-05,adamw-lr3e-5,0.55552,0.6540229916572571,1.4829351535836178e-05,0.24807100296020507,2170
dense,adamw,3e-05,adamw-lr3e-5,0.55808,0.8223385214805603,1.4744027303754265e-05,0.2899009227752686,2180
dense,adamw,3e-05,adamw-lr3e-5,0.56064,0.5807769894599915,1.4658703071672356e-05,0.27664475440979003,2190
dense,adamw,3e-05,adamw-lr3e-5,0.5632,0.6461930871009827,1.4573378839590443e-05,0.25976176261901857,2200
dense,adamw,3e-05,adamw-lr3e-5,0.56576,0.7951623201370239,1.4488054607508534e-05,0.29973750114440917,2210
dense,adamw,3e-05,adamw-lr3e-5,0.56832,0.5456653237342834,1.440273037542662e-05,0.24409773349761962,2220
dense,adamw,3e-05,adamw-lr3e-5,0.57088,0.7345554232597351,1.431740614334471e-05,0.31102538108825684,2230
dense,adamw,3e-05,adamw-lr3e-5,0.57344,0.7731494903564453,1.4232081911262799e-05,0.3070033311843872,2240
dense,adamw,3e-05,adamw-lr3e-5,0.576,0.7745876908302307,1.4146757679180887e-05,0.30123701095581057,2250
dense,adamw,3e-05,adamw-lr3e-5,0.57856,0.6792428493499756,1.4061433447098976e-05,0.2884610652923584,2260
dense,adamw,3e-05,adamw-lr3e-5,0.58112,0.659261167049408,1.3976109215017065e-05,0.24514918327331542,2270
dense,adamw,3e-05,adamw-lr3e-5,0.58368,0.6773871183395386,1.3890784982935154e-05,0.2866295337677002,2280
dense,adamw,3e-05,adamw-lr3e-5,0.58624,0.7438285946846008,1.3805460750853243e-05,0.27865123748779297,2290
dense,adamw,3e-05,adamw-lr3e-5,0.5888,0.5050570964813232,1.372013651877133e-05,0.25620718002319337,2300
dense,adamw,3e-05,adamw-lr3e-5,0.59136,0.6668091416358948,1.363481228668942e-05,0.27107529640197753,2310
dense,adamw,3e-05,adamw-lr3e-5,0.59392,0.8203228712081909,1.3549488054607508e-05,0.26984076499938964,2320
dense,adamw,3e-05,adamw-lr3e-5,0.59648,0.5428513884544373,1.3464163822525598e-05,0.285213041305542,2330
dense,adamw,3e-05,adamw-lr3e-5,0.59904,0.7162024974822998,1.3378839590443686e-05,0.27400755882263184,2340
dense,adamw,3e-05,adamw-lr3e-5,0.6016,0.5856133103370667,1.3293515358361776e-05,0.26298160552978517,2350
dense,adamw,3e-05,adamw-lr3e-5,0.60416,0.7312030792236328,1.3208191126279863e-05,0.2734917163848877,2360
dense,adamw,3e-05,adamw-lr3e-5,0.60672,0.6804794073104858,1.3122866894197952e-05,0.2704032897949219,2370
dense,adamw,3e-05,adamw-lr3e-5,0.60928,0.6117096543312073,1.3037542662116041e-05,0.2730915069580078,2380
dense,adamw,3e-05,adamw-lr3e-5,0.61184,0.6494540572166443,1.295221843003413e-05,0.2854635715484619,2390
dense,adamw,3e-05,adamw-lr3e-5,0.6144,0.62900710105896,1.2866894197952219e-05,0.23864712715148925,2400
dense,adamw,3e-05,adamw-lr3e-5,0.61696,0.682726263999939,1.2781569965870308e-05,0.2722034931182861,2410
dense,adamw,3e-05,adamw-lr3e-5,0.61952,0.614568293094635,1.2696245733788397e-05,0.2498267412185669,2420
dense,adamw,3e-05,adamw-lr3e-5,0.62208,0.6797189712524414,1.2610921501706485e-05,0.28920559883117675,2430
dense,adamw,3e-05,adamw-lr3e-5,0.62464,0.7059766054153442,1.2525597269624573e-05,0.28314259052276614,2440
dense,adamw,3e-05,adamw-lr3e-5,0.6272,0.651154100894928,1.2440273037542663e-05,0.2723358154296875,2450
dense,adamw,3e-05,adamw-lr3e-5,0.62976,0.6239111423492432,1.235494880546075e-05,0.25784893035888673,2460
dense,adamw,3e-05,adamw-lr3e-5,0.63232,0.8194376230239868,1.2269624573378841e-05,0.2684699535369873,2470
dense,adamw,3e-05,adamw-lr3e-5,0.63488,0.6427010297775269,1.2184300341296928e-05,0.252385687828064,2480
dense,adamw,3e-05,adamw-lr3e-5,0.63744,0.7156781554222107,1.2098976109215019e-05,0.27007546424865725,2490
dense,adamw,3e-05,adamw-lr3e-5,0.64,0.7621018290519714,1.2013651877133106e-05,0.2923902988433838,2500
dense,adamw,3e-05,adamw-lr3e-5,0.64256,0.7930454015731812,1.1928327645051195e-05,0.2614877223968506,2510
dense,adamw,3e-05,adamw-lr3e-5,0.64512,0.8579180836677551,1.1843003412969284e-05,0.2687016487121582,2520
dense,adamw,3e-05,adamw-lr3e-5,0.64768,0.6007711291313171,1.1757679180887372e-05,0.2667302131652832,2530
dense,adamw,3e-05,adamw-lr3e-5,0.65024,0.6445059776306152,1.1672354948805461e-05,0.24426622390747071,2540
dense,adamw,3e-05,adamw-lr3e-5,0.6528,0.707165002822876,1.158703071672355e-05,0.28120059967041017,2550
dense,adamw,3e-05,adamw-lr3e-5,0.65536,0.7097467184066772,1.1501706484641639e-05,0.2732107162475586,2560
dense,adamw,3e-05,adamw-lr3e-5,0.65792,0.6851675510406494,1.1416382252559728e-05,0.2789064168930054,2570
dense,adamw,3e-05,adamw-lr3e-5,0.66048,0.6177383065223694,1.1331058020477815e-05,0.2288496971130371,2580
dense,adamw,3e-05,adamw-lr3e-5,0.66304,0.6983720064163208,1.1245733788395906e-05,0.305182671546936,2590
dense,adamw,3e-05,adamw-lr3e-5,0.6656,0.7525237202644348,1.1160409556313993e-05,0.270351505279541,2600
dense,adamw,3e-05,adamw-lr3e-5,0.66816,0.7225481867790222,1.1075085324232083e-05,0.25873823165893556,2610
dense,adamw,3e-05,adamw-lr3e-5,0.67072,0.6283847689628601,1.098976109215017e-05,0.29546775817871096,2620
dense,adamw,3e-05,adamw-lr3e-5,0.67328,0.6164628267288208,1.0904436860068261e-05,0.2613182544708252,2630
dense,adamw,3e-05,adamw-lr3e-5,0.67584,0.841115415096283,1.0819112627986348e-05,0.2679312705993652,2640
dense,adamw,3e-05,adamw-lr3e-5,0.6784,0.5041040182113647,1.0733788395904437e-05,0.239119291305542,2650
dense,adamw,3e-05,adamw-lr3e-5,0.68096,0.7218693494796753,1.0648464163822526e-05,0.2803086280822754,2660
dense,adamw,3e-05,adamw-lr3e-5,0.68352,0.6084235310554504,1.0563139931740615e-05,0.26169776916503906,2670
dense,adamw,3e-05,adamw-lr3e-5,0.68608,0.49774688482284546,1.0477815699658704e-05,0.24120135307312013,2680
dense,adamw,3e-05,adamw-lr3e-5,0.68864,0.6950377225875854,1.0392491467576791e-05,0.27431402206420896,2690
dense,adamw,3e-05,adamw-lr3e-5,0.6912,0.7415317296981812,1.0307167235494882e-05,0.2908774852752686,2700
dense,adamw,3e-05,adamw-lr3e-5,0.69376,0.6046266555786133,1.0221843003412969e-05,0.2531957864761353,2710
dense,adamw,3e-05,adamw-lr3e-5,0.69632,0.6579894423484802,1.0136518771331058e-05,0.3058958053588867,2720
dense,adamw,3e-05,adamw-lr3e-5,0.69888,0.8343830704689026,1.0051194539249146e-05,0.30838704109191895,2730
dense,adamw,3e-05,adamw-lr3e-5,0.70144,0.8443333506584167,9.965870307167235e-06,0.26434061527252195,2740
dense,adamw,3e-05,adamw-lr3e-5,0.704,0.735803484916687,9.880546075085324e-06,0.269158935546875,2750
dense,adamw,3e-05,adamw-lr3e-5,0.70656,0.7237240672111511,9.795221843003413e-06,0.2664576530456543,2760
dense,adamw,3e-05,adamw-lr3e-5,0.70912,0.6225696802139282,9.709897610921502e-06,0.25680198669433596,2770
dense,adamw,3e-05,adamw-lr3e-5,0.71168,0.572873592376709,9.62457337883959e-06,0.2536886215209961,2780
dense,adamw,3e-05,adamw-lr3e-5,0.71424,0.707785427570343,9.539249146757678e-06,0.2676552772521973,2790
dense,adamw,3e-05,adamw-lr3e-5,0.7168,0.6265589594841003,9.453924914675769e-06,0.24542438983917236,2800
dense,adamw,3e-05,adamw-lr3e-5,0.71936,0.639575719833374,9.368600682593856e-06,0.2755729198455811,2810
dense,adamw,3e-05,adamw-lr3e-5,0.72192,0.9724107384681702,9.283276450511946e-06,0.2717445850372314,2820
dense,adamw,3e-05,adamw-lr3e-5,0.72448,0.5820198059082031,9.197952218430034e-06,0.2511518716812134,2830
dense,adamw,3e-05,adamw-lr3e-5,0.72704,0.8222768902778625,9.112627986348124e-06,0.27031335830688474,2840
dense,adamw,3e-05,adamw-lr3e-5,0.7296,0.5611116290092468,9.027303754266211e-06,0.2870436191558838,2850
dense,adamw,3e-05,adamw-lr3e-5,0.73216,0.5963945388793945,8.9419795221843e-06,0.2609788656234741,2860
dense,adamw,3e-05,adamw-lr3e-5,0.73472,0.6869719624519348,8.856655290102389e-06,0.26300878524780275,2870
dense,adamw,3e-05,adamw-lr3e-5,0.73728,0.6175117492675781,8.771331058020478e-06,0.25329978466033937,2880
dense,adamw,3e-05,adamw-lr3e-5,0.73984,0.5434566736221313,8.686006825938567e-06,0.2446962356567383,2890
dense,adamw,3e-05,adamw-lr3e-5,0.7424,0.732675313949585,8.600682593856656e-06,0.25253427028656006,2900
dense,adamw,3e-05,adamw-lr3e-5,0.74496,0.611030101776123,8.515358361774744e-06,0.25273847579956055,2910
dense,adamw,3e-05,adamw-lr3e-5,0.74752,0.5630826950073242,8.430034129692833e-06,0.248113751411438,2920
dense,adamw,3e-05,adamw-lr3e-5,0.75008,0.672841489315033,8.34470989761092e-06,0.2598432540893555,2930
dense,adamw,3e-05,adamw-lr3e-5,0.75264,0.6060114502906799,8.259385665529011e-06,0.2670635461807251,2940
dense,adamw,3e-05,adamw-lr3e-5,0.7552,0.8026810884475708,8.174061433447098e-06,0.266582727432251,2950
dense,adamw,3e-05,adamw-lr3e-5,0.75776,0.8116443157196045,8.088737201365189e-06,0.26009764671325686,2960
dense,adamw,3e-05,adamw-lr3e-5,0.76032,0.6563027501106262,8.003412969283276e-06,0.2663954496383667,2970
dense,adamw,3e-05,adamw-lr3e-5,0.76288,0.780386209487915,7.918088737201367e-06,0.27570905685424807,2980
dense,adamw,3e-05,adamw-lr3e-5,0.76544,0.7590664029121399,7.832764505119454e-06,0.28434739112854,2990
dense,adamw,3e-05,adamw-lr3e-5,0.768,0.6935758590698242,7.747440273037543e-06,0.24270639419555665,3000
dense,adamw,3e-05,adamw-lr3e-5,0.77056,0.6469594240188599,7.662116040955632e-06,0.22973501682281494,3010
dense,adamw,3e-05,adamw-lr3e-5,0.77312,0.6490446925163269,7.5767918088737195e-06,0.2425619125366211,3020
dense,adamw,3e-05,adamw-lr3e-5,0.77568,0.7094824314117432,7.491467576791808e-06,0.26893415451049807,3030
dense,adamw,3e-05,adamw-lr3e-5,0.77824,0.7184765934944153,7.406143344709897e-06,0.25323214530944826,3040
dense,adamw,3e-05,adamw-lr3e-5,0.7808,0.5248534679412842,7.320819112627986e-06,0.2297499179840088,3050
dense,adamw,3e-05,adamw-lr3e-5,0.78336,0.670749306678772,7.235494880546075e-06,0.2483734369277954,3060
dense,adamw,3e-05,adamw-lr3e-5,0.78592,0.772992730140686,7.150170648464164e-06,0.23231234550476074,3070
dense,adamw,3e-05,adamw-lr3e-5,0.78848,0.6504059433937073,7.064846416382253e-06,0.2533177375793457,3080
dense,adamw,3e-05,adamw-lr3e-5,0.79104,0.6907523274421692,6.979522184300342e-06,0.2754488229751587,3090
dense,adamw,3e-05,adamw-lr3e-5,0.7936,0.585211992263794,6.89419795221843e-06,0.2411652088165283,3100
dense,adamw,3e-05,adamw-lr3e-5,0.79616,0.5377020835876465,6.8088737201365185e-06,0.24962432384490968,3110
dense,adamw,3e-05,adamw-lr3e-5,0.79872,0.45373672246932983,6.723549488054607e-06,0.214980149269104,3120
dense,adamw,3e-05,adamw-lr3e-5,0.80128,0.6328034400939941,6.638225255972696e-06,0.23496501445770263,3130
dense,adamw,3e-05,adamw-lr3e-5,0.80384,0.5969949960708618,6.552901023890785e-06,0.2538571834564209,3140
dense,adamw,3e-05,adamw-lr3e-5,0.8064,0.6060532927513123,6.467576791808874e-06,0.25610923767089844,3150
dense,adamw,3e-05,adamw-lr3e-5,0.80896,0.6677283644676208,6.382252559726963e-06,0.2610347747802734,3160
dense,adamw,3e-05,adamw-lr3e-5,0.81152,0.6181605458259583,6.296928327645051e-06,0.26677718162536623,3170
dense,adamw,3e-05,adamw-lr3e-5,0.81408,0.5634746551513672,6.21160409556314e-06,0.2569420337677002,3180
dense,adamw,3e-05,adamw-lr3e-5,0.81664,0.7355949878692627,6.126279863481229e-06,0.2483738422393799,3190
dense,adamw,3e-05,adamw-lr3e-5,0.8192,0.6888905167579651,6.0409556313993175e-06,0.2555039167404175,3200
dense,adamw,3e-05,adamw-lr3e-5,0.82176,0.6790346503257751,5.955631399317406e-06,0.2561532974243164,3210
dense,adamw,3e-05,adamw-lr3e-5,0.82432,0.8242537379264832,5.870307167235495e-06,0.25108816623687746,3220
dense,adamw,3e-05,adamw-lr3e-5,0.82688,0.5682381391525269,5.784982935153584e-06,0.2206557035446167,3230
dense,adamw,3e-05,adamw-lr3e-5,0.82944,0.6930381059646606,5.699658703071672e-06,0.2542327165603638,3240
dense,adamw,3e-05,adamw-lr3e-5,0.832,0.5651403069496155,5.614334470989761e-06,0.2589272975921631,3250
dense,adamw,3e-05,adamw-lr3e-5,0.83456,0.6826554536819458,5.52901023890785e-06,0.2717057466506958,3260
dense,adamw,3e-05,adamw-lr3e-5,0.83712,0.561764657497406,5.443686006825939e-06,0.24372692108154298,3270
dense,adamw,3e-05,adamw-lr3e-5,0.83968,0.7035486102104187,5.358361774744028e-06,0.2738441228866577,3280
dense,adamw,3e-05,adamw-lr3e-5,0.84224,0.5489621162414551,5.2730375426621165e-06,0.24835586547851562,3290
dense,adamw,3e-05,adamw-lr3e-5,0.8448,0.5873765349388123,5.187713310580205e-06,0.24183528423309325,3300
dense,adamw,3e-05,adamw-lr3e-5,0.84736,0.5989519953727722,5.102389078498294e-06,0.24350404739379883,3310
dense,adamw,3e-05,adamw-lr3e-5,0.84992,0.5249441862106323,5.017064846416382e-06,0.24190635681152345,3320
dense,adamw,3e-05,adamw-lr3e-5,0.85248,0.6994644403457642,4.931740614334471e-06,0.2829092741012573,3330
dense,adamw,3e-05,adamw-lr3e-5,0.85504,0.60317462682724,4.84641638225256e-06,0.2436586856842041,3340
dense,adamw,3e-05,adamw-lr3e-5,0.8576,0.6369582414627075,4.761092150170649e-06,0.25163209438323975,3350
dense,adamw,3e-05,adamw-lr3e-5,0.86016,0.5330194234848022,4.675767918088738e-06,0.2911337375640869,3360
dense,adamw,3e-05,adamw-lr3e-5,0.86272,0.6115328669548035,4.590443686006827e-06,0.2440338611602783,3370
dense,adamw,3e-05,adamw-lr3e-5,0.86528,0.7681573629379272,4.5051194539249155e-06,0.24897503852844238,3380
dense,adamw,3e-05,adamw-lr3e-5,0.86784,0.6055992841720581,4.4197952218430036e-06,0.2548799514770508,3390
dense,adamw,3e-05,adamw-lr3e-5,0.8704,0.7235184907913208,4.3344709897610924e-06,0.2777376174926758,3400
dense,adamw,3e-05,adamw-lr3e-5,0.87296,0.6335499882698059,4.249146757679181e-06,0.2641024589538574,3410
dense,adamw,3e-05,adamw-lr3e-5,0.87552,0.7167636752128601,4.16382252559727e-06,0.25401771068573,3420
dense,adamw,3e-05,adamw-lr3e-5,0.87808,0.7577717304229736,4.078498293515359e-06,0.2815108299255371,3430
dense,adamw,3e-05,adamw-lr3e-5,0.88064,0.611443042755127,3.993174061433447e-06,0.2674856424331665,3440
dense,adamw,3e-05,adamw-lr3e-5,0.8832,0.6999406218528748,3.907849829351536e-06,0.2670558452606201,3450
dense,adamw,3e-05,adamw-lr3e-5,0.88576,0.5773798227310181,3.822525597269624e-06,0.2606766700744629,3460
dense,adamw,3e-05,adamw-lr3e-5,0.88832,0.6784059405326843,3.7372013651877133e-06,0.2832399606704712,3470
dense,adamw,3e-05,adamw-lr3e-5,0.89088,0.5036637187004089,3.651877133105802e-06,0.26355953216552735,3480
dense,adamw,3e-05,adamw-lr3e-5,0.89344,0.7179036140441895,3.566552901023891e-06,0.2632572889328003,3490
dense,adamw,3e-05,adamw-lr3e-5,0.896,0.53107750415802,3.48122866894198e-06,0.2581672191619873,3500
dense,adamw,3e-05,adamw-lr3e-5,0.89856,0.6302577257156372,3.3959044368600683e-06,0.24907104969024657,3510
dense,adamw,3e-05,adamw-lr3e-5,0.90112,0.6946296691894531,3.310580204778157e-06,0.2718515396118164,3520
dense,adamw,3e-05,adamw-lr3e-5,0.90368,0.6584298014640808,3.225255972696246e-06,0.2753235101699829,3530
dense,adamw,3e-05,adamw-lr3e-5,0.90624,0.7800269722938538,3.1399317406143345e-06,0.255562424659729,3540
dense,adamw,3e-05,adamw-lr3e-5,0.9088,0.6022881865501404,3.0546075085324234e-06,0.27005605697631835,3550
dense,adamw,3e-05,adamw-lr3e-5,0.91136,0.6116578578948975,2.9692832764505123e-06,0.26596460342407224,3560
dense,adamw,3e-05,adamw-lr3e-5,0.91392,0.6874954104423523,2.883959044368601e-06,0.27195494174957274,3570
dense,adamw,3e-05,adamw-lr3e-5,0.91648,0.7632334232330322,2.798634812286689e-06,0.2529115915298462,3580
dense,adamw,3e-05,adamw-lr3e-5,0.91904,0.6182041764259338,2.713310580204778e-06,0.2721129894256592,3590
dense,adamw,3e-05,adamw-lr3e-5,0.9216,0.8178468346595764,2.627986348122867e-06,0.23706605434417724,3600
dense,adamw,3e-05,adamw-lr3e-5,0.92416,0.6698564291000366,2.5426621160409553e-06,0.2589118957519531,3610
dense,adamw,3e-05,adamw-lr3e-5,0.92672,0.5362063050270081,2.4573378839590442e-06,0.24933149814605712,3620
dense,adamw,3e-05,adamw-lr3e-5,0.92928,0.7558009624481201,2.372013651877133e-06,0.26522872447967527,3630
dense,adamw,3e-05,adamw-lr3e-5,0.93184,0.5890566110610962,2.286689419795222e-06,0.26650855541229246,3640
dense,adamw,3e-05,adamw-lr3e-5,0.9344,0.5310911536216736,2.2013651877133104e-06,0.26047253608703613,3650
dense,adamw,3e-05,adamw-lr3e-5,0.93696,0.557763397693634,2.1160409556313993e-06,0.26963684558868406,3660
dense,adamw,3e-05,adamw-lr3e-5,0.93952,0.6042362451553345,2.030716723549488e-06,0.27802209854125975,3670
dense,adamw,3e-05,adamw-lr3e-5,0.94208,0.5541647672653198,1.9453924914675766e-06,0.24463953971862792,3680
dense,adamw,3e-05,adamw-lr3e-5,0.94464,0.832963228225708,1.8600682593856655e-06,0.27437500953674315,3690
dense,adamw,3e-05,adamw-lr3e-5,0.9472,0.5693601965904236,1.7747440273037543e-06,0.24456591606140138,3700
dense,adamw,3e-05,adamw-lr3e-5,0.94976,0.6180443167686462,1.689419795221843e-06,0.2860881328582764,3710
dense,adamw,3e-05,adamw-lr3e-5,0.95232,1.173107624053955,1.6040955631399319e-06,0.24322679042816162,3720
dense,adamw,3e-05,adamw-lr3e-5,0.95488,0.7543060779571533,1.5187713310580205e-06,0.27569074630737306,3730
dense,adamw,3e-05,adamw-lr3e-5,0.95744,0.7040652632713318,1.4334470989761094e-06,0.2591561794281006,3740
dense,adamw,3e-05,adamw-lr3e-5,0.96,0.6336775422096252,1.348122866894198e-06,0.2512378215789795,3750
dense,adamw,3e-05,adamw-lr3e-5,0.96256,0.5859515070915222,1.2627986348122867e-06,0.24209823608398437,3760
dense,adamw,3e-05,adamw-lr3e-5,0.96512,0.6479815244674683,1.1774744027303754e-06,0.2674120903015137,3770
dense,adamw,3e-05,adamw-lr3e-5,0.96768,0.5436963438987732,1.092150170648464e-06,0.2516448974609375,3780
dense,adamw,3e-05,adamw-lr3e-5,0.97024,0.6470121145248413,1.006825938566553e-06,0.21800808906555175,3790
dense,adamw,3e-05,adamw-lr3e-5,0.9728,0.44457024335861206,9.215017064846416e-07,0.22947568893432618,3800
dense,adamw,3e-05,adamw-lr3e-5,0.97536,0.6948598027229309,8.361774744027303e-07,0.2635424852371216,3810
dense,adamw,3e-05,adamw-lr3e-5,0.97792,0.7087355852127075,7.508532423208191e-07,0.2872802257537842,3820
dense,adamw,3e-05,adamw-lr3e-5,0.98048,0.6772109866142273,6.655290102389079e-07,0.25086374282836915,3830
dense,adamw,3e-05,adamw-lr3e-5,0.98304,0.6183529496192932,5.802047781569966e-07,0.27948508262634275,3840
dense,adamw,3e-05,adamw-lr3e-5,0.9856,0.7409046292304993,4.948805460750854e-07,0.24975981712341308,3850
dense,adamw,3e-05,adamw-lr3e-5,0.98816,0.5384007692337036,4.0955631399317407e-07,0.2457681655883789,3860
dense,adamw,3e-05,adamw-lr3e-5,0.99072,0.5192509889602661,3.2423208191126284e-07,0.23307294845581056,3870
dense,adamw,3e-05,adamw-lr3e-5,0.99328,0.5591119527816772,2.389078498293515e-07,0.24676320552825928,3880
dense,adamw,3e-05,adamw-lr3e-5,0.99584,0.5553202629089355,1.5358361774744026e-07,0.23563921451568604,3890
dense,adamw,3e-05,adamw-lr3e-5,0.9984,0.6846844553947449,6.8259385665529e-08,0.28015685081481934,3900
dense,normuon,0.0001,normuon-lr1e-4,0.000256,2.1912643909454346,0.0,1.2221720218658447,1
dense,normuon,0.0001,normuon-lr1e-4,0.00256,2.135798692703247,2.3017902813299235e-06,1.2183270984225802,10
dense,normuon,0.0001,normuon-lr1e-4,0.00512,2.0643067359924316,4.859335038363171e-06,1.223888874053955,20
dense,normuon,0.0001,normuon-lr1e-4,0.00768,5.486635208129883,7.41687979539642e-06,1.1876879692077638,30
dense,normuon,0.0001,normuon-lr1e-4,0.01024,2.2245020866394043,9.974424552429668e-06,1.2482779502868653,40
dense,normuon,0.0001,normuon-lr1e-4,0.0128,2.3301780223846436,1.2531969309462916e-05,1.1885289192199706,50
dense,normuon,0.0001,normuon-lr1e-4,0.01536,1.9258832931518555,1.5089514066496162e-05,1.1739286422729491,60
dense,normuon,0.0001,normuon-lr1e-4,0.01792,2.466484785079956,1.7647058823529414e-05,1.1885653495788575,70
dense,normuon,0.0001,normuon-lr1e-4,0.02048,2.192366123199463,2.020460358056266e-05,1.1737643241882325,80
dense,normuon,0.0001,normuon-lr1e-4,0.02304,2.013716459274292,2.276214833759591e-05,1.1393404006958008,90
dense,normuon,0.0001,normuon-lr1e-4,0.0256,1.9995509386062622,2.531969309462916e-05,1.1145487785339356,100
dense,normuon,0.0001,normuon-lr1e-4,0.02816,1.9890246391296387,2.787723785166241e-05,1.1516759872436524,110
dense,normuon,0.0001,normuon-lr1e-4,0.03072,2.015636920928955,3.0434782608695656e-05,1.1516584396362304,120
dense,normuon,0.0001,normuon-lr1e-4,0.03328,2.4853341579437256,3.2992327365728904e-05,1.1624723434448243,130
dense,normuon,0.0001,normuon-lr1e-4,0.03584,1.7756150960922241,3.554987212276215e-05,1.0081142425537108,140
dense,normuon,0.0001,normuon-lr1e-4,0.0384,1.7542951107025146,3.81074168797954e-05,1.0564329147338867,150
dense,normuon,0.0001,normuon-lr1e-4,0.04096,1.6909689903259277,4.066496163682865e-05,0.9436507225036621,160
dense,normuon,0.0001,normuon-lr1e-4,0.04352,1.8824924230575562,4.3222506393861896e-05,1.0340749740600585,170
dense,normuon,0.0001,normuon-lr1e-4,0.04608,1.886718988418579,4.5780051150895143e-05,1.0076486587524414,180
dense,normuon,0.0001,normuon-lr1e-4,0.04864,1.859144687652588,4.833759590792839e-05,0.8918554306030273,190
dense,normuon,0.0001,normuon-lr1e-4,0.0512,1.6698188781738281,5.089514066496164e-05,0.9322805404663086,200
dense,normuon,0.0001,normuon-lr1e-4,0.05376,1.9324500560760498,5.345268542199489e-05,0.9198270797729492,210
dense,normuon,0.0001,normuon-lr1e-4,0.05632,1.729404330253601,5.6010230179028135e-05,0.9089672088623046,220
dense,normuon,0.0001,normuon-lr1e-4,0.05888,1.6369353532791138,5.856777493606138e-05,0.946601390838623,230
dense,normuon,0.0001,normuon-lr1e-4,0.06144,1.6103739738464355,6.112531969309462e-05,0.8823763847351074,240
dense,normuon,0.0001,normuon-lr1e-4,0.064,1.361855387687683,6.368286445012787e-05,0.8524034500122071,250
dense,normuon,0.0001,normuon-lr1e-4,0.06656,1.4550716876983643,6.624040920716112e-05,0.8206036567687989,260
dense,normuon,0.0001,normuon-lr1e-4,0.06912,1.804090976715088,6.879795396419437e-05,0.8298530578613281,270
dense,normuon,0.0001,normuon-lr1e-4,0.07168,1.6458038091659546,7.135549872122762e-05,0.8097363471984863,280
dense,normuon,0.0001,normuon-lr1e-4,0.07424,1.6850318908691406,7.391304347826086e-05,0.8055272102355957,290
dense,normuon,0.0001,normuon-lr1e-4,0.0768,1.265716314315796,7.647058823529411e-05,0.7531343460083008,300
dense,normuon,0.0001,normuon-lr1e-4,0.07936,1.342099905014038,7.902813299232737e-05,0.7404118061065674,310
dense,normuon,0.0001,normuon-lr1e-4,0.08192,1.4635839462280273,8.158567774936062e-05,0.7141735076904296,320
dense,normuon,0.0001,normuon-lr1e-4,0.08448,1.4038201570510864,8.414322250639387e-05,0.7827760219573975,330
dense,normuon,0.0001,normuon-lr1e-4,0.08704,1.3046362400054932,8.670076726342712e-05,0.6958828449249268,340
dense,normuon,0.0001,normuon-lr1e-4,0.0896,1.4104254245758057,8.925831202046036e-05,0.7125511169433594,350
dense,normuon,0.0001,normuon-lr1e-4,0.09216,1.342293381690979,9.181585677749361e-05,0.6436621189117432,360
dense,normuon,0.0001,normuon-lr1e-4,0.09472,1.3169134855270386,9.437340153452686e-05,0.6578935623168946,370
dense,normuon,0.0001,normuon-lr1e-4,0.09728,1.199712872505188,9.693094629156011e-05,0.6857425212860108,380
dense,normuon,0.0001,normuon-lr1e-4,0.09984,1.1961127519607544,9.948849104859336e-05,0.6888970375061035,390
dense,normuon,0.0001,normuon-lr1e-4,0.1024,1.026755690574646,9.977246871444824e-05,0.6249921321868896,400
dense,normuon,0.0001,normuon-lr1e-4,0.10496,1.038453221321106,9.948805460750854e-05,0.6485607147216796,410
dense,normuon,0.0001,normuon-lr1e-4,0.10752,1.147085189819336,9.920364050056883e-05,0.5706198692321778,420
dense,normuon,0.0001,normuon-lr1e-4,0.11008,1.1018918752670288,9.891922639362912e-05,0.585417652130127,430
dense,normuon,0.0001,normuon-lr1e-4,0.11264,0.9222024083137512,9.863481228668943e-05,0.6191520690917969,440
dense,normuon,0.0001,normuon-lr1e-4,0.1152,1.1488021612167358,9.835039817974973e-05,0.542973518371582,450
dense,normuon,0.0001,normuon-lr1e-4,0.11776,0.9959004521369934,9.806598407281002e-05,0.5957991123199463,460
dense,normuon,0.0001,normuon-lr1e-4,0.12032,1.0609503984451294,9.778156996587031e-05,0.5817594051361084,470
dense,normuon,0.0001,normuon-lr1e-4,0.12288,1.0799338817596436,9.749715585893061e-05,0.5456993103027343,480
dense,normuon,0.0001,normuon-lr1e-4,0.12544,0.7804204225540161,9.72127417519909e-05,0.5358354568481445,490
dense,normuon,0.0001,normuon-lr1e-4,0.128,0.8478127121925354,9.69283276450512e-05,0.534964656829834,500
dense,normuon,0.0001,normuon-lr1e-4,0.13056,0.9664121270179749,9.66439135381115e-05,0.5824211120605469,510
dense,normuon,0.0001,normuon-lr1e-4,0.13312,1.0444207191467285,9.63594994311718e-05,0.5424896240234375,520
dense,normuon,0.0001,normuon-lr1e-4,0.13568,1.0949954986572266,9.607508532423209e-05,0.5344981193542481,530
dense,normuon,0.0001,normuon-lr1e-4,0.13824,1.0628429651260376,9.579067121729239e-05,0.5313172340393066,540
dense,normuon,0.0001,normuon-lr1e-4,0.1408,1.000975251197815,9.550625711035268e-05,0.4767327785491943,550
dense,normuon,0.0001,normuon-lr1e-4,0.14336,1.1220810413360596,9.522184300341297e-05,0.5986207008361817,560
dense,normuon,0.0001,normuon-lr1e-4,0.14592,0.9347774982452393,9.493742889647327e-05,0.4736281394958496,570
dense,normuon,0.0001,normuon-lr1e-4,0.14848,0.9444783926010132,9.465301478953356e-05,0.4836247444152832,580
dense,normuon,0.0001,normuon-lr1e-4,0.15104,1.0155794620513916,9.436860068259386e-05,0.4470213890075684,590
dense,normuon,0.0001,normuon-lr1e-4,0.1536,1.1595877408981323,9.408418657565415e-05,0.48000173568725585,600
dense,normuon,0.0001,normuon-lr1e-4,0.15616,0.9464817643165588,9.379977246871446e-05,0.47544074058532715,610
dense,normuon,0.0001,normuon-lr1e-4,0.15872,0.9369882941246033,9.351535836177475e-05,0.4738311767578125,620
dense,normuon,0.0001,normuon-lr1e-4,0.16128,0.9319407939910889,9.323094425483503e-05,0.46043949127197265,630
dense,normuon,0.0001,normuon-lr1e-4,0.16384,0.9292662739753723,9.294653014789534e-05,0.471021842956543,640
dense,normuon,0.0001,normuon-lr1e-4,0.1664,0.8000592589378357,9.266211604095564e-05,0.49196367263793944,650
dense,normuon,0.0001,normuon-lr1e-4,0.16896,1.0079596042633057,9.237770193401593e-05,0.4460285186767578,660
dense,normuon,0.0001,normuon-lr1e-4,0.17152,0.8536030054092407,9.209328782707622e-05,0.4284313201904297,670
dense,normuon,0.0001,normuon-lr1e-4,0.17408,0.9087582230567932,9.180887372013652e-05,0.48651785850524903,680
dense,normuon,0.0001,normuon-lr1e-4,0.17664,0.9433026909828186,9.152445961319683e-05,0.4652713775634766,690
dense,normuon,0.0001,normuon-lr1e-4,0.1792,0.758834719657898,9.124004550625712e-05,0.4487473487854004,700
dense,normuon,0.0001,normuon-lr1e-4,0.18176,0.7959385514259338,9.09556313993174e-05,0.4371836185455322,710
dense,normuon,0.0001,normuon-lr1e-4,0.18432,0.9333873391151428,9.067121729237771e-05,0.4586032390594482,720
dense,normuon,0.0001,normuon-lr1e-4,0.18688,0.9621888399124146,9.038680318543801e-05,0.4360536575317383,730
dense,normuon,0.0001,normuon-lr1e-4,0.18944,0.8823250532150269,9.01023890784983e-05,0.4409789562225342,740
dense,normuon,0.0001,normuon-lr1e-4,0.192,0.8709741234779358,8.981797497155859e-05,0.43954858779907224,750
dense,normuon,0.0001,normuon-lr1e-4,0.19456,0.9912270307540894,8.953356086461889e-05,0.4407035827636719,760
dense,normuon,0.0001,normuon-lr1e-4,0.19712,0.8374303579330444,8.924914675767918e-05,0.44117488861083987,770
dense,normuon,0.0001,normuon-lr1e-4,0.19968,0.9070183634757996,8.896473265073949e-05,0.460026216506958,780
dense,normuon,0.0001,normuon-lr1e-4,0.20224,0.8539764881134033,8.868031854379977e-05,0.38971314430236814,790
dense,normuon,0.0001,normuon-lr1e-4,0.2048,0.8174450993537903,8.839590443686008e-05,0.40964393615722655,800
dense,normuon,0.0001,normuon-lr1e-4,0.20736,0.8075976371765137,8.811149032992037e-05,0.42127437591552735,810
dense,normuon,0.0001,normuon-lr1e-4,0.20992,0.6986982822418213,8.782707622298067e-05,0.4341466426849365,820
dense,normuon,0.0001,normuon-lr1e-4,0.21248,0.7966492176055908,8.754266211604096e-05,0.43498802185058594,830
dense,normuon,0.0001,normuon-lr1e-4,0.21504,1.0635710954666138,8.725824800910125e-05,0.4279289245605469,840
dense,normuon,0.0001,normuon-lr1e-4,0.2176,0.9384000301361084,8.697383390216155e-05,0.44035954475402833,850
dense,normuon,0.0001,normuon-lr1e-4,0.22016,0.7388105988502502,8.668941979522186e-05,0.41119728088378904,860
dense,normuon,0.0001,normuon-lr1e-4,0.22272,0.8736587762832642,8.640500568828214e-05,0.37912132740020754,870
dense,normuon,0.0001,normuon-lr1e-4,0.22528,0.6998371481895447,8.612059158134243e-05,0.4113316059112549,880
dense,normuon,0.0001,normuon-lr1e-4,0.22784,0.9482881426811218,8.583617747440274e-05,0.4192020416259766,890
dense,normuon,0.0001,normuon-lr1e-4,0.2304,1.0027203559875488,8.555176336746304e-05,0.39180903434753417,900
dense,normuon,0.0001,normuon-lr1e-4,0.23296,0.9213812947273254,8.526734926052332e-05,0.40289936065673826,910
dense,normuon,0.0001,normuon-lr1e-4,0.23552,1.0100209712982178,8.498293515358362e-05,0.4421658515930176,920
dense,normuon,0.0001,normuon-lr1e-4,0.23808,0.8460850119590759,8.469852104664392e-05,0.4125521659851074,930
dense,normuon,0.0001,normuon-lr1e-4,0.24064,0.778175950050354,8.441410693970421e-05,0.37320067882537844,940
dense,normuon,0.0001,normuon-lr1e-4,0.2432,0.9283890128135681,8.41296928327645e-05,0.41423540115356444,950
dense,normuon,0.0001,normuon-lr1e-4,0.24576,0.7968837022781372,8.38452787258248e-05,0.4258893013000488,960
dense,normuon,0.0001,normuon-lr1e-4,0.24832,0.7767006754875183,8.356086461888511e-05,0.3739135980606079,970
dense,normuon,0.0001,normuon-lr1e-4,0.25088,0.9257256984710693,8.32764505119454e-05,0.42532920837402344,980
dense,normuon,0.0001,normuon-lr1e-4,0.25344,0.7459026575088501,8.299203640500569e-05,0.3754770278930664,990
dense,normuon,0.0001,normuon-lr1e-4,0.256,0.7029507160186768,8.270762229806599e-05,0.36521196365356445,1000
dense,normuon,0.0001,normuon-lr1e-4,0.25856,0.5603162050247192,8.242320819112629e-05,0.3617379188537598,1010
dense,normuon,0.0001,normuon-lr1e-4,0.26112,0.9570346474647522,8.213879408418658e-05,0.40229082107543945,1020
dense,normuon,0.0001,normuon-lr1e-4,0.26368,0.8388621807098389,8.185437997724687e-05,0.38853020668029786,1030
dense,normuon,0.0001,normuon-lr1e-4,0.26624,0.9021223187446594,8.156996587030717e-05,0.35990219116210936,1040
dense,normuon,0.0001,normuon-lr1e-4,0.2688,0.8667769432067871,8.128555176336746e-05,0.41924095153808594,1050
dense,normuon,0.0001,normuon-lr1e-4,0.27136,0.7160504460334778,8.100113765642777e-05,0.38737189769744873,1060
dense,normuon,0.0001,normuon-lr1e-4,0.27392,0.7967509031295776,8.071672354948806e-05,0.37191996574401853,1070
dense,normuon,0.0001,normuon-lr1e-4,0.27648,0.5398573875427246,8.043230944254836e-05,0.3970536708831787,1080
dense,normuon,0.0001,normuon-lr1e-4,0.27904,0.8028367161750793,8.014789533560865e-05,0.4130577087402344,1090
dense,normuon,0.0001,normuon-lr1e-4,0.2816,0.8124259114265442,7.986348122866895e-05,0.4035666465759277,1100
dense,normuon,0.0001,normuon-lr1e-4,0.28416,0.7732129096984863,7.957906712172924e-05,0.3768141508102417,1110
dense,normuon,0.0001,normuon-lr1e-4,0.28672,0.8647871613502502,7.929465301478953e-05,0.3881727695465088,1120
dense,normuon,0.0001,normuon-lr1e-4,0.28928,0.8895444273948669,7.901023890784983e-05,0.382135796546936,1130
dense,normuon,0.0001,normuon-lr1e-4,0.29184,0.8117420673370361,7.872582480091014e-05,0.37090704441070554,1140
dense,normuon,0.0001,normuon-lr1e-4,0.2944,0.7775028944015503,7.844141069397043e-05,0.3957750558853149,1150
dense,normuon,0.0001,normuon-lr1e-4,0.29696,0.9414084553718567,7.815699658703072e-05,0.3759323596954346,1160
dense,normuon,0.0001,normuon-lr1e-4,0.29952,0.7149754166603088,7.787258248009102e-05,0.34992289543151855,1170
dense,normuon,0.0001,normuon-lr1e-4,0.30208,0.6838651895523071,7.758816837315132e-05,0.3894287109375,1180
dense,normuon,0.0001,normuon-lr1e-4,0.30464,0.6672977209091187,7.73037542662116e-05,0.4005422592163086,1190
dense,normuon,0.0001,normuon-lr1e-4,0.3072,0.9409964680671692,7.70193401592719e-05,0.39900879859924315,1200
dense,normuon,0.0001,normuon-lr1e-4,0.30976,1.073941946029663,7.67349260523322e-05,0.3490152835845947,1210
dense,normuon,0.0001,normuon-lr1e-4,0.31232,0.6447587609291077,7.64505119453925e-05,0.396627140045166,1220
dense,normuon,0.0001,normuon-lr1e-4,0.31488,0.8198421001434326,7.616609783845278e-05,0.38641958236694335,1230
dense,normuon,0.0001,normuon-lr1e-4,0.31744,0.741023063659668,7.588168373151309e-05,0.3704306364059448,1240
dense,normuon,0.0001,normuon-lr1e-4,0.32,1.012357234954834,7.559726962457339e-05,0.39036285877227783,1250
dense,normuon,0.0001,normuon-lr1e-4,0.32256,0.7444503903388977,7.531285551763368e-05,0.3841902256011963,1260
dense,normuon,0.0001,normuon-lr1e-4,0.32512,0.7933390140533447,7.502844141069397e-05,0.39235963821411135,1270
dense,normuon,0.0001,normuon-lr1e-4,0.32768,0.7438239455223083,7.474402730375427e-05,0.375502610206604,1280
dense,normuon,0.0001,normuon-lr1e-4,0.33024,0.668545126914978,7.445961319681457e-05,0.3338154792785645,1290
dense,normuon,0.0001,normuon-lr1e-4,0.3328,0.8379596471786499,7.417519908987486e-05,0.39756748676300047,1300
dense,normuon,0.0001,normuon-lr1e-4,0.33536,0.8471900820732117,7.389078498293515e-05,0.3843184471130371,1310
dense,normuon,0.0001,normuon-lr1e-4,0.33792,0.7289072871208191,7.360637087599546e-05,0.36625895500183103,1320
dense,normuon,0.0001,normuon-lr1e-4,0.34048,0.724945068359375,7.332195676905574e-05,0.34143197536468506,1330
dense,normuon,0.0001,normuon-lr1e-4,0.34304,0.7943239808082581,7.303754266211605e-05,0.39178788661956787,1340
dense,normuon,0.0001,normuon-lr1e-4,0.3456,0.6663033962249756,7.275312855517634e-05,0.32570154666900636,1350
dense,normuon,0.0001,normuon-lr1e-4,0.34816,0.8380801677703857,7.246871444823664e-05,0.3758441925048828,1360
dense,normuon,0.0001,normuon-lr1e-4,0.35072,0.6441376209259033,7.218430034129693e-05,0.35405683517456055,1370
dense,normuon,0.0001,normuon-lr1e-4,0.35328,0.7781879901885986,7.189988623435723e-05,0.3616821765899658,1380
dense,normuon,0.0001,normuon-lr1e-4,0.35584,0.7506863474845886,7.161547212741752e-05,0.3341533660888672,1390
dense,normuon,0.0001,normuon-lr1e-4,0.3584,0.7960972189903259,7.133105802047781e-05,0.38127110004425047,1400
dense,normuon,0.0001,normuon-lr1e-4,0.36096,1.4410743713378906,7.104664391353811e-05,0.3642606496810913,1410
dense,normuon,0.0001,normuon-lr1e-4,0.36352,0.8252888321876526,7.076222980659842e-05,0.32010393142700194,1420
dense,normuon,0.0001,normuon-lr1e-4,0.36608,1.1165109872817993,7.047781569965871e-05,0.3565500736236572,1430
dense,normuon,0.0001,normuon-lr1e-4,0.36864,1.270824909210205,7.0193401592719e-05,0.33089556694030764,1440
dense,normuon,0.0001,normuon-lr1e-4,0.3712,0.8597592115402222,6.99089874857793e-05,0.4261175155639648,1450
dense,normuon,0.0001,normuon-lr1e-4,0.37376,0.8724332451820374,6.96245733788396e-05,0.3780094623565674,1460
dense,normuon,0.0001,normuon-lr1e-4,0.37632,0.754160463809967,6.934015927189988e-05,0.3545062065124512,1470
dense,normuon,0.0001,normuon-lr1e-4,0.37888,0.9141871333122253,6.905574516496018e-05,0.36669981479644775,1480
dense,normuon,0.0001,normuon-lr1e-4,0.38144,0.9649443030357361,6.877133105802048e-05,0.3617067575454712,1490
dense,normuon,0.0001,normuon-lr1e-4,0.384,0.8715774416923523,6.848691695108079e-05,0.33791165351867675,1500
dense,normuon,0.0001,normuon-lr1e-4,0.38656,0.7614080905914307,6.820250284414106e-05,0.36407783031463625,1510
dense,normuon,0.0001,normuon-lr1e-4,0.38912,0.7658857703208923,6.791808873720137e-05,0.3423799991607666,1520
dense,normuon,0.0001,normuon-lr1e-4,0.39168,0.8411956429481506,6.763367463026167e-05,0.36093707084655763,1530
dense,normuon,0.0001,normuon-lr1e-4,0.39424,0.8861777186393738,6.734926052332196e-05,0.35702240467071533,1540
dense,normuon,0.0001,normuon-lr1e-4,0.3968,0.7443557977676392,6.706484641638225e-05,0.35336110591888426,1550
dense,normuon,0.0001,normuon-lr1e-4,0.39936,0.7971154451370239,6.678043230944255e-05,0.36514625549316404,1560
dense,normuon,0.0001,normuon-lr1e-4,0.40192,0.8259459137916565,6.649601820250285e-05,0.3624103307723999,1570
dense,normuon,0.0001,normuon-lr1e-4,0.40448,0.6680835485458374,6.621160409556314e-05,0.31848673820495604,1580
dense,normuon,0.0001,normuon-lr1e-4,0.40704,0.6265043020248413,6.592718998862343e-05,0.3209476709365845,1590
dense,normuon,0.0001,normuon-lr1e-4,0.4096,0.8405248522758484,6.564277588168374e-05,0.3041540622711182,1600
dense,normuon,0.0001,normuon-lr1e-4,0.41216,0.7930914759635925,6.535836177474403e-05,0.36358911991119386,1610
dense,normuon,0.0001,normuon-lr1e-4,0.41472,0.8798596858978271,6.507394766780433e-05,0.3370094299316406,1620
dense,normuon,0.0001,normuon-lr1e-4,0.41728,0.799489438533783,6.478953356086462e-05,0.3246276378631592,1630
dense,normuon,0.0001,normuon-lr1e-4,0.41984,0.7548144459724426,6.450511945392492e-05,0.360483980178833,1640
dense,normuon,0.0001,normuon-lr1e-4,0.4224,0.7866400480270386,6.422070534698521e-05,0.30514228343963623,1650
dense,normuon,0.0001,normuon-lr1e-4,0.42496,0.8564331531524658,6.393629124004551e-05,0.35832717418670657,1660
dense,normuon,0.0001,normuon-lr1e-4,0.42752,0.7536992430686951,6.36518771331058e-05,0.3413588285446167,1670
dense,normuon,0.0001,normuon-lr1e-4,0.43008,0.7851806879043579,6.336746302616609e-05,0.35499646663665774,1680
dense,normuon,0.0001,normuon-lr1e-4,0.43264,0.7967674136161804,6.30830489192264e-05,0.32918238639831543,1690
dense,normuon,0.0001,normuon-lr1e-4,0.4352,0.726763129234314,6.27986348122867e-05,0.3807123899459839,1700
dense,normuon,0.0001,normuon-lr1e-4,0.43776,1.104043960571289,6.251422070534699e-05,0.3482615232467651,1710
dense,normuon,0.0001,normuon-lr1e-4,0.44032,0.7781324982643127,6.222980659840728e-05,0.3249364376068115,1720
dense,normuon,0.0001,normuon-lr1e-4,0.44288,0.6792941093444824,6.194539249146758e-05,0.34065470695495603,1730
dense,normuon,0.0001,normuon-lr1e-4,0.44544,0.7958701252937317,6.166097838452788e-05,0.3509230375289917,1740
dense,normuon,0.0001,normuon-lr1e-4,0.448,0.8285837173461914,6.137656427758817e-05,0.3615823030471802,1750
dense,normuon,0.0001,normuon-lr1e-4,0.45056,0.819226861000061,6.109215017064846e-05,0.35484776496887205,1760
dense,normuon,0.0001,normuon-lr1e-4,0.45312,0.7637154459953308,6.0807736063708766e-05,0.3309666156768799,1770
dense,normuon,0.0001,normuon-lr1e-4,0.45568,0.8470348715782166,6.052332195676906e-05,0.34615364074707033,1780
dense,normuon,0.0001,normuon-lr1e-4,0.45824,0.6756408214569092,6.023890784982935e-05,0.3295544147491455,1790
dense,normuon,0.0001,normuon-lr1e-4,0.4608,0.7452391386032104,5.995449374288965e-05,0.3513434886932373,1800
dense,normuon,0.0001,normuon-lr1e-4,0.46336,0.7940634489059448,5.967007963594995e-05,0.34218909740448,1810
dense,normuon,0.0001,normuon-lr1e-4,0.46592,0.7846744060516357,5.938566552901024e-05,0.33222322463989257,1820
dense,normuon,0.0001,normuon-lr1e-4,0.46848,1.163500428199768,5.9101251422070536e-05,0.331285285949707,1830
dense,normuon,0.0001,normuon-lr1e-4,0.47104,0.8115485310554504,5.881683731513083e-05,0.33576812744140627,1840
dense,normuon,0.0001,normuon-lr1e-4,0.4736,0.8658913969993591,5.8532423208191136e-05,0.33479187488555906,1850
dense,normuon,0.0001,normuon-lr1e-4,0.47616,0.7328004240989685,5.8248009101251425e-05,0.32095048427581785,1860
dense,normuon,0.0001,normuon-lr1e-4,0.47872,0.8398674130439758,5.796359499431172e-05,0.3805856704711914,1870
dense,normuon,0.0001,normuon-lr1e-4,0.48128,0.6641843318939209,5.767918088737202e-05,0.3398935317993164,1880
dense,normuon,0.0001,normuon-lr1e-4,0.48384,0.782379150390625,5.739476678043231e-05,0.3809633255004883,1890
dense,normuon,0.0001,normuon-lr1e-4,0.4864,0.48516950011253357,5.71103526734926e-05,0.32766356468200686,1900
dense,normuon,0.0001,normuon-lr1e-4,0.48896,0.521575391292572,5.6825938566552906e-05,0.3143425226211548,1910
dense,normuon,0.0001,normuon-lr1e-4,0.49152,0.8395518660545349,5.65415244596132e-05,0.37407100200653076,1920
dense,normuon,0.0001,normuon-lr1e-4,0.49408,0.7246037125587463,5.625711035267349e-05,0.3144563674926758,1930
dense,normuon,0.0001,normuon-lr1e-4,0.49664,0.7526192665100098,5.597269624573379e-05,0.3063968181610107,1940
dense,normuon,0.0001,normuon-lr1e-4,0.4992,0.7079089879989624,5.568828213879409e-05,0.34942188262939455,1950
dense,normuon,0.0001,normuon-lr1e-4,0.50176,0.7588475942611694,5.540386803185438e-05,0.3546407461166382,1960
dense,normuon,0.0001,normuon-lr1e-4,0.50432,0.6245694160461426,5.511945392491468e-05,0.3198770761489868,1970
dense,normuon,0.0001,normuon-lr1e-4,0.50688,0.8781962990760803,5.483503981797497e-05,0.3362537622451782,1980
dense,normuon,0.0001,normuon-lr1e-4,0.50944,0.6144827008247375,5.4550625711035276e-05,0.33440074920654295,1990
dense,normuon,0.0001,normuon-lr1e-4,0.512,0.7564428448677063,5.4266211604095566e-05,0.3437004089355469,2000
dense,normuon,0.0001,normuon-lr1e-4,0.51456,0.6829213500022888,5.398179749715586e-05,0.3495568990707397,2010
dense,normuon,0.0001,normuon-lr1e-4,0.51712,0.8039402365684509,5.369738339021616e-05,0.35104737281799314,2020
dense,normuon,0.0001,normuon-lr1e-4,0.51968,0.569992184638977,5.341296928327645e-05,0.2995713233947754,2030
dense,normuon,0.0001,normuon-lr1e-4,0.52224,0.7297118306159973,5.312855517633675e-05,0.3089468479156494,2040
dense,normuon,0.0001,normuon-lr1e-4,0.5248,0.7710338234901428,5.284414106939705e-05,0.30303082466125486,2050
dense,normuon,0.0001,normuon-lr1e-4,0.52736,0.6830412745475769,5.255972696245734e-05,0.3087753772735596,2060
dense,normuon,0.0001,normuon-lr1e-4,0.52992,0.7468235492706299,5.227531285551763e-05,0.3551757574081421,2070
dense,normuon,0.0001,normuon-lr1e-4,0.53248,0.5396120548248291,5.199089874857793e-05,0.3429203987121582,2080
dense,normuon,0.0001,normuon-lr1e-4,0.53504,0.7517244815826416,5.170648464163823e-05,0.3242527961730957,2090
dense,normuon,0.0001,normuon-lr1e-4,0.5376,0.6542983651161194,5.142207053469852e-05,0.35344371795654295,2100
dense,normuon,0.0001,normuon-lr1e-4,0.54016,0.7638609409332275,5.113765642775882e-05,0.339482045173645,2110
dense,normuon,0.0001,normuon-lr1e-4,0.54272,0.8237869143486023,5.0853242320819114e-05,0.33733468055725097,2120
dense,normuon,0.0001,normuon-lr1e-4,0.54528,0.8608229160308838,5.056882821387942e-05,0.3386739015579224,2130
dense,normuon,0.0001,normuon-lr1e-4,0.54784,0.7850601673126221,5.0284414106939706e-05,0.29879422187805177,2140
dense,normuon,0.0001,normuon-lr1e-4,0.5504,0.8312181830406189,5e-05,0.3024587631225586,2150
dense,normuon,0.0001,normuon-lr1e-4,0.55296,0.6507459282875061,4.97155858930603e-05,0.2781475305557251,2160
dense,normuon,0.0001,normuon-lr1e-4,0.55552,0.7271720170974731,4.9431171786120595e-05,0.29717953205108644,2170
dense,normuon,0.0001,normuon-lr1e-4,0.55808,0.9391823410987854,4.914675767918089e-05,0.3271428108215332,2180
dense,normuon,0.0001,normuon-lr1e-4,0.56064,1.499803900718689,4.886234357224119e-05,0.3246894359588623,2190
dense,normuon,0.0001,normuon-lr1e-4,0.5632,0.6746463179588318,4.8577929465301484e-05,0.3124281167984009,2200
dense,normuon,0.0001,normuon-lr1e-4,0.56576,0.8731322288513184,4.829351535836178e-05,0.3530107498168945,2210
dense,normuon,0.0001,normuon-lr1e-4,0.56832,0.6085364818572998,4.8009101251422076e-05,0.2861930847167969,2220
dense,normuon,0.0001,normuon-lr1e-4,0.57088,0.7538936138153076,4.7724687144482366e-05,0.3539266586303711,2230
dense,normuon,0.0001,normuon-lr1e-4,0.57344,0.8546911478042603,4.744027303754267e-05,0.3707489252090454,2240
dense,normuon,0.0001,normuon-lr1e-4,0.576,0.799080491065979,4.715585893060296e-05,0.35302138328552246,2250
dense,normuon,0.0001,normuon-lr1e-4,0.57856,0.8015522360801697,4.6871444823663254e-05,0.33705246448516846,2260
dense,normuon,0.0001,normuon-lr1e-4,0.58112,0.7692866921424866,4.658703071672355e-05,0.29575362205505373,2270
dense,normuon,0.0001,normuon-lr1e-4,0.58368,0.7022396922111511,4.630261660978385e-05,0.3407440185546875,2280
dense,normuon,0.0001,normuon-lr1e-4,0.58624,0.8831791281700134,4.601820250284414e-05,0.3253544092178345,2290
dense,normuon,0.0001,normuon-lr1e-4,0.5888,0.6311454176902771,4.573378839590444e-05,0.3105330944061279,2300
dense,normuon,0.0001,normuon-lr1e-4,0.59136,0.7343790531158447,4.5449374288964735e-05,0.32297163009643554,2310
dense,normuon,0.0001,normuon-lr1e-4,0.59392,0.8612431287765503,4.516496018202503e-05,0.31805713176727296,2320
dense,normuon,0.0001,normuon-lr1e-4,0.59648,0.5524939894676208,4.488054607508533e-05,0.316195011138916,2330
dense,normuon,0.0001,normuon-lr1e-4,0.59904,0.7366200685501099,4.4596131968145624e-05,0.30637102127075194,2340
dense,normuon,0.0001,normuon-lr1e-4,0.6016,0.8137487769126892,4.431171786120592e-05,0.31618461608886717,2350
dense,normuon,0.0001,normuon-lr1e-4,0.60416,0.8162415027618408,4.402730375426622e-05,0.32611989974975586,2360
dense,normuon,0.0001,normuon-lr1e-4,0.60672,0.7614994645118713,4.3742889647326506e-05,0.31822953224182127,2370
dense,normuon,0.0001,normuon-lr1e-4,0.60928,0.7307354211807251,4.345847554038681e-05,0.320849084854126,2380
dense,normuon,0.0001,normuon-lr1e-4,0.61184,0.6843829154968262,4.31740614334471e-05,0.33748066425323486,2390
dense,normuon,0.0001,normuon-lr1e-4,0.6144,0.7110066413879395,4.28896473265074e-05,0.2847741603851318,2400
dense,normuon,0.0001,normuon-lr1e-4,0.61696,0.7197515964508057,4.260523321956769e-05,0.3234975337982178,2410
dense,normuon,0.0001,normuon-lr1e-4,0.61952,0.6908504366874695,4.2320819112627994e-05,0.2881601095199585,2420
dense,normuon,0.0001,normuon-lr1e-4,0.62208,0.6662943363189697,4.2036405005688284e-05,0.32960031032562254,2430
dense,normuon,0.0001,normuon-lr1e-4,0.62464,0.7949337363243103,4.175199089874858e-05,0.3257273197174072,2440
dense,normuon,0.0001,normuon-lr1e-4,0.6272,0.7265152931213379,4.1467576791808876e-05,0.32522001266479494,2450
dense,normuon,0.0001,normuon-lr1e-4,0.62976,0.6178501844406128,4.118316268486917e-05,0.30438408851623533,2460
dense,normuon,0.0001,normuon-lr1e-4,0.63232,1.0658540725708008,4.089874857792947e-05,0.3034132719039917,2470
dense,normuon,0.0001,normuon-lr1e-4,0.63488,0.7075543999671936,4.0614334470989765e-05,0.3007523536682129,2480
dense,normuon,0.0001,normuon-lr1e-4,0.63744,0.8055703043937683,4.032992036405006e-05,0.3045685291290283,2490
dense,normuon,0.0001,normuon-lr1e-4,0.64,0.8411384224891663,4.004550625711036e-05,0.34694247245788573,2500
dense,normuon,0.0001,normuon-lr1e-4,0.64256,0.8757498860359192,3.976109215017065e-05,0.31116471290588377,2510
dense,normuon,0.0001,normuon-lr1e-4,0.64512,0.7132229208946228,3.947667804323095e-05,0.31185264587402345,2520
dense,normuon,0.0001,normuon-lr1e-4,0.64768,0.7437178492546082,3.919226393629124e-05,0.3148610591888428,2530
dense,normuon,0.0001,normuon-lr1e-4,0.65024,0.6831250190734863,3.890784982935154e-05,0.2974074363708496,2540
dense,normuon,0.0001,normuon-lr1e-4,0.6528,0.6986486315727234,3.862343572241183e-05,0.3432138442993164,2550
dense,normuon,0.0001,normuon-lr1e-4,0.65536,0.7692100405693054,3.8339021615472135e-05,0.33109216690063475,2560
dense,normuon,0.0001,normuon-lr1e-4,0.65792,0.7900466918945312,3.8054607508532424e-05,0.3457711458206177,2570
dense,normuon,0.0001,normuon-lr1e-4,0.66048,0.6955841779708862,3.777019340159272e-05,0.2816471576690674,2580
dense,normuon,0.0001,normuon-lr1e-4,0.66304,0.6696747541427612,3.7485779294653017e-05,0.3384805202484131,2590
dense,normuon,0.0001,normuon-lr1e-4,0.6656,0.8383358120918274,3.720136518771331e-05,0.32804155349731445,2600
dense,normuon,0.0001,normuon-lr1e-4,0.66816,0.7377690672874451,3.691695108077361e-05,0.3074327945709229,2610
dense,normuon,0.0001,normuon-lr1e-4,0.67072,0.6713768243789673,3.6632536973833905e-05,0.3437649726867676,2620
dense,normuon,0.0001,normuon-lr1e-4,0.67328,0.6236911416053772,3.63481228668942e-05,0.3102916479110718,2630
dense,normuon,0.0001,normuon-lr1e-4,0.67584,0.8246933221817017,3.60637087599545e-05,0.32015557289123536,2640
dense,normuon,0.0001,normuon-lr1e-4,0.6784,0.5892228484153748,3.577929465301479e-05,0.29455008506774905,2650
dense,normuon,0.0001,normuon-lr1e-4,0.68096,0.779962956905365,3.549488054607509e-05,0.33978023529052737,2660
dense,normuon,0.0001,normuon-lr1e-4,0.68352,0.6146262288093567,3.521046643913538e-05,0.303692364692688,2670
dense,normuon,0.0001,normuon-lr1e-4,0.68608,0.6181137561798096,3.492605233219568e-05,0.28893897533416746,2680
dense,normuon,0.0001,normuon-lr1e-4,0.68864,0.7068848013877869,3.464163822525597e-05,0.31423182487487794,2690
dense,normuon,0.0001,normuon-lr1e-4,0.6912,0.7999389171600342,3.4357224118316275e-05,0.3424269676208496,2700
dense,normuon,0.0001,normuon-lr1e-4,0.69376,0.6763671636581421,3.4072810011376565e-05,0.29561264514923097,2710
dense,normuon,0.0001,normuon-lr1e-4,0.69632,0.7568546533584595,3.378839590443686e-05,0.35982580184936525,2720
dense,normuon,0.0001,normuon-lr1e-4,0.69888,0.7805337309837341,3.350398179749716e-05,0.3560013294219971,2730
dense,normuon,0.0001,normuon-lr1e-4,0.70144,0.9638105630874634,3.3219567690557453e-05,0.30840604305267333,2740
dense,normuon,0.0001,normuon-lr1e-4,0.704,0.8638490438461304,3.293515358361775e-05,0.32044386863708496,2750
dense,normuon,0.0001,normuon-lr1e-4,0.70656,0.774753212928772,3.2650739476678046e-05,0.3129478931427002,2760
dense,normuon,0.0001,normuon-lr1e-4,0.70912,0.780635416507721,3.236632536973834e-05,0.2972160816192627,2770
dense,normuon,0.0001,normuon-lr1e-4,0.71168,0.6293267607688904,3.208191126279864e-05,0.30453128814697267,2780
dense,normuon,0.0001,normuon-lr1e-4,0.71424,0.9268384575843811,3.179749715585893e-05,0.31560583114624025,2790
dense,normuon,0.0001,normuon-lr1e-4,0.7168,0.7419895529747009,3.151308304891923e-05,0.3013641357421875,2800
dense,normuon,0.0001,normuon-lr1e-4,0.71936,0.733761727809906,3.122866894197952e-05,0.32819082736968996,2810
dense,normuon,0.0001,normuon-lr1e-4,0.72192,0.7718387842178345,3.094425483503982e-05,0.31546947956085203,2820
dense,normuon,0.0001,normuon-lr1e-4,0.72448,0.6949248313903809,3.065984072810011e-05,0.2976290464401245,2830
dense,normuon,0.0001,normuon-lr1e-4,0.72704,0.8987851142883301,3.0375426621160412e-05,0.31850504875183105,2840
dense,normuon,0.0001,normuon-lr1e-4,0.7296,0.7163161039352417,3.0091012514220705e-05,0.33622918128967283,2850
dense,normuon,0.0001,normuon-lr1e-4,0.73216,0.7478588223457336,2.9806598407281e-05,0.30667526721954347,2860
dense,normuon,0.0001,normuon-lr1e-4,0.73472,0.7656675577163696,2.9522184300341298e-05,0.3005964279174805,2870
dense,normuon,0.0001,normuon-lr1e-4,0.73728,0.657538652420044,2.9237770193401594e-05,0.30053956508636476,2880
dense,normuon,0.0001,normuon-lr1e-4,0.73984,0.6056909561157227,2.895335608646189e-05,0.29015369415283204,2890
dense,normuon,0.0001,normuon-lr1e-4,0.7424,0.8069792985916138,2.8668941979522183e-05,0.2888619422912598,2900
dense,normuon,0.0001,normuon-lr1e-4,0.74496,0.6915510892868042,2.8384527872582483e-05,0.30195417404174807,2910
dense,normuon,0.0001,normuon-lr1e-4,0.74752,0.5976706743240356,2.8100113765642776e-05,0.28462753295898435,2920
dense,normuon,0.0001,normuon-lr1e-4,0.75008,0.7656693458557129,2.7815699658703072e-05,0.3015210390090942,2930
dense,normuon,0.0001,normuon-lr1e-4,0.75264,0.6038907766342163,2.7531285551763368e-05,0.3052751779556274,2940
dense,normuon,0.0001,normuon-lr1e-4,0.7552,0.8144941329956055,2.7246871444823664e-05,0.30280630588531493,2950
dense,normuon,0.0001,normuon-lr1e-4,0.75776,0.8734013438224792,2.696245733788396e-05,0.29989511966705323,2960
dense,normuon,0.0001,normuon-lr1e-4,0.76032,0.7309992909431458,2.6678043230944257e-05,0.3175525426864624,2970
dense,normuon,0.0001,normuon-lr1e-4,0.76288,0.7396020889282227,2.6393629124004553e-05,0.3219639778137207,2980
dense,normuon,0.0001,normuon-lr1e-4,0.76544,0.8375959396362305,2.6109215017064846e-05,0.3404852867126465,2990
dense,normuon,0.0001,normuon-lr1e-4,0.768,0.7273841500282288,2.5824800910125142e-05,0.2880390167236328,3000
dense,normuon,0.0001,normuon-lr1e-4,0.77056,0.7606233358383179,2.554038680318544e-05,0.2842459201812744,3010
dense,normuon,0.0001,normuon-lr1e-4,0.77312,0.7729538679122925,2.5255972696245735e-05,0.287524938583374,3020
dense,normuon,0.0001,normuon-lr1e-4,0.77568,0.7126743197441101,2.497155858930603e-05,0.3149380683898926,3030
dense,normuon,0.0001,normuon-lr1e-4,0.77824,0.8620098233222961,2.4687144482366327e-05,0.30069422721862793,3040
dense,normuon,0.0001,normuon-lr1e-4,0.7808,0.631328821182251,2.4402730375426623e-05,0.27698004245758057,3050
dense,normuon,0.0001,normuon-lr1e-4,0.78336,0.729165256023407,2.411831626848692e-05,0.29582786560058594,3060
dense,normuon,0.0001,normuon-lr1e-4,0.78592,0.8811883330345154,2.3833902161547216e-05,0.2880696773529053,3070
dense,normuon,0.0001,normuon-lr1e-4,0.78848,0.7493185997009277,2.354948805460751e-05,0.30143394470214846,3080
dense,normuon,0.0001,normuon-lr1e-4,0.79104,0.7952545285224915,2.3265073947667805e-05,0.3391138792037964,3090
dense,normuon,0.0001,normuon-lr1e-4,0.7936,0.7042369246482849,2.29806598407281e-05,0.2871942281723022,3100
dense,normuon,0.0001,normuon-lr1e-4,0.79616,0.6687498688697815,2.2696245733788397e-05,0.29583427906036375,3110
dense,normuon,0.0001,normuon-lr1e-4,0.79872,0.5891739726066589,2.2411831626848694e-05,0.26290438175201414,3120
dense,normuon,0.0001,normuon-lr1e-4,0.80128,0.7591782808303833,2.212741751990899e-05,0.2906534194946289,3130
dense,normuon,0.0001,normuon-lr1e-4,0.80384,0.6426461338996887,2.1843003412969286e-05,0.30893831253051757,3140
dense,normuon,0.0001,normuon-lr1e-4,0.8064,0.6705793738365173,2.1558589306029582e-05,0.3046647787094116,3150
dense,normuon,0.0001,normuon-lr1e-4,0.80896,0.7413647770881653,2.127417519908988e-05,0.30672650337219237,3160
dense,normuon,0.0001,normuon-lr1e-4,0.81152,0.6609145402908325,2.098976109215017e-05,0.32285366058349607,3170
dense,normuon,0.0001,normuon-lr1e-4,0.81408,0.6288324594497681,2.0705346985210468e-05,0.3203371286392212,3180
dense,normuon,0.0001,normuon-lr1e-4,0.81664,0.7867755889892578,2.0420932878270764e-05,0.29134302139282225,3190
dense,normuon,0.0001,normuon-lr1e-4,0.8192,0.7303773760795593,2.013651877133106e-05,0.3101200580596924,3200
dense,normuon,0.0001,normuon-lr1e-4,0.82176,0.725497841835022,1.9852104664391356e-05,0.3012350082397461,3210
dense,normuon,0.0001,normuon-lr1e-4,0.82432,0.8020870685577393,1.9567690557451653e-05,0.297468376159668,3220
dense,normuon,0.0001,normuon-lr1e-4,0.82688,0.6747347116470337,1.928327645051195e-05,0.2731961727142334,3230
dense,normuon,0.0001,normuon-lr1e-4,0.82944,0.7541816234588623,1.899886234357224e-05,0.30283942222595217,3240
dense,normuon,0.0001,normuon-lr1e-4,0.832,0.6238346695899963,1.8714448236632538e-05,0.30989794731140136,3250
dense,normuon,0.0001,normuon-lr1e-4,0.83456,0.7740734219551086,1.8430034129692834e-05,0.33239073753356935,3260
dense,normuon,0.0001,normuon-lr1e-4,0.83712,0.6979963183403015,1.814562002275313e-05,0.2966471195220947,3270
dense,normuon,0.0001,normuon-lr1e-4,0.83968,0.7457987666130066,1.7861205915813427e-05,0.32656354904174806,3280
dense,normuon,0.0001,normuon-lr1e-4,0.84224,0.6615108847618103,1.7576791808873723e-05,0.2939366102218628,3290
dense,normuon,0.0001,normuon-lr1e-4,0.8448,0.6259408593177795,1.729237770193402e-05,0.28171024322509763,3300
dense,normuon,0.0001,normuon-lr1e-4,0.84736,0.6806567907333374,1.7007963594994315e-05,0.2934022665023804,3310
dense,normuon,0.0001,normuon-lr1e-4,0.84992,0.605935275554657,1.6723549488054608e-05,0.2916309595108032,3320
dense,normuon,0.0001,normuon-lr1e-4,0.85248,0.7080184817314148,1.6439135381114904e-05,0.33617472648620605,3330
dense,normuon,0.0001,normuon-lr1e-4,0.85504,0.7043603658676147,1.61547212741752e-05,0.2912353515625,3340
dense,normuon,0.0001,normuon-lr1e-4,0.8576,0.7045426368713379,1.5870307167235497e-05,0.30810041427612306,3350
dense,normuon,0.0001,normuon-lr1e-4,0.86016,0.6209965944290161,1.5585893060295793e-05,0.334319019317627,3360
dense,normuon,0.0001,normuon-lr1e-4,0.86272,0.6518389582633972,1.530147895335609e-05,0.29346323013305664,3370
dense,normuon,0.0001,normuon-lr1e-4,0.86528,0.8354307413101196,1.5017064846416384e-05,0.3011232137680054,3380
dense,normuon,0.0001,normuon-lr1e-4,0.86784,0.7227705717086792,1.4732650739476679e-05,0.3030345678329468,3390
dense,normuon,0.0001,normuon-lr1e-4,0.8704,0.7534353137016296,1.4448236632536975e-05,0.32804872989654543,3400
dense,normuon,0.0001,normuon-lr1e-4,0.87296,0.7078357338905334,1.416382252559727e-05,0.3121466636657715,3410
dense,normuon,0.0001,normuon-lr1e-4,0.87552,0.774204432964325,1.3879408418657566e-05,0.2899641990661621,3420
dense,normuon,0.0001,normuon-lr1e-4,0.87808,0.8120599985122681,1.3594994311717862e-05,0.32818944454193116,3430
dense,normuon,0.0001,normuon-lr1e-4,0.88064,0.7518671154975891,1.3310580204778158e-05,0.3135396480560303,3440
dense,normuon,0.0001,normuon-lr1e-4,0.8832,0.7667856812477112,1.3026166097838454e-05,0.3128300428390503,3450
dense,normuon,0.0001,normuon-lr1e-4,0.88576,0.7166789770126343,1.2741751990898749e-05,0.3180109739303589,3460
dense,normuon,0.0001,normuon-lr1e-4,0.88832,0.7911579608917236,1.2457337883959045e-05,0.32736499309539796,3470
dense,normuon,0.0001,normuon-lr1e-4,0.89088,0.5782553553581238,1.2172923777019341e-05,0.3158285617828369,3480
dense,normuon,0.0001,normuon-lr1e-4,0.89344,0.767084538936615,1.1888509670079638e-05,0.3108751058578491,3490
dense,normuon,0.0001,normuon-lr1e-4,0.896,0.6758459210395813,1.1604095563139932e-05,0.30386080741882326,3500
dense,normuon,0.0001,normuon-lr1e-4,0.89856,0.765491783618927,1.1319681456200228e-05,0.29320197105407714,3510
dense,normuon,0.0001,normuon-lr1e-4,0.90112,0.7804005146026611,1.1035267349260525e-05,0.3243876934051514,3520
dense,normuon,0.0001,normuon-lr1e-4,0.90368,0.8081893920898438,1.075085324232082e-05,0.33095369338989256,3530
dense,normuon,0.0001,normuon-lr1e-4,0.90624,0.8077303171157837,1.0466439135381115e-05,0.3071263313293457,3540
dense,normuon,0.0001,normuon-lr1e-4,0.9088,0.7695233225822449,1.0182025028441412e-05,0.32814712524414064,3550
dense,normuon,0.0001,normuon-lr1e-4,0.91136,0.7322473526000977,9.897610921501708e-06,0.3153414726257324,3560
dense,normuon,0.0001,normuon-lr1e-4,0.91392,0.8284125328063965,9.613196814562004e-06,0.3213923215866089,3570
dense,normuon,0.0001,normuon-lr1e-4,0.91648,0.821266770362854,9.328782707622299e-06,0.30257904529571533,3580
dense,normuon,0.0001,normuon-lr1e-4,0.91904,0.6486724019050598,9.044368600682595e-06,0.3112069606781006,3590
dense,normuon,0.0001,normuon-lr1e-4,0.9216,0.8670432567596436,8.759954493742891e-06,0.27708992958068845,3600
dense,normuon,0.0001,normuon-lr1e-4,0.92416,0.632940948009491,8.475540386803186e-06,0.3119617462158203,3610
dense,normuon,0.0001,normuon-lr1e-4,0.92672,0.5875958800315857,8.191126279863482e-06,0.3062753200531006,3620
dense,normuon,0.0001,normuon-lr1e-4,0.92928,0.73409104347229,7.906712172923778e-06,0.29837980270385744,3630
dense,normuon,0.0001,normuon-lr1e-4,0.93184,0.681724488735199,7.6222980659840735e-06,0.3128016948699951,3640
dense,normuon,0.0001,normuon-lr1e-4,0.9344,0.606931209564209,7.337883959044369e-06,0.3158390045166016,3650
dense,normuon,0.0001,normuon-lr1e-4,0.93696,0.7031787037849426,7.053469852104664e-06,0.32167844772338866,3660
dense,normuon,0.0001,normuon-lr1e-4,0.93952,0.6844190359115601,6.7690557451649605e-06,0.31974053382873535,3670
dense,normuon,0.0001,normuon-lr1e-4,0.94208,0.5893820524215698,6.484641638225256e-06,0.27429819107055664,3680
dense,normuon,0.0001,normuon-lr1e-4,0.94464,0.8243710994720459,6.200227531285552e-06,0.32262158393859863,3690
dense,normuon,0.0001,normuon-lr1e-4,0.9472,0.6879852414131165,5.9158134243458475e-06,0.3063593149185181,3700
dense,normuon,0.0001,normuon-lr1e-4,0.94976,0.6728010177612305,5.631399317406144e-06,0.339770245552063,3710
dense,normuon,0.0001,normuon-lr1e-4,0.95232,0.8100282549858093,5.34698521046644e-06,0.28261241912841795,3720
dense,normuon,0.0001,normuon-lr1e-4,0.95488,0.8573500514030457,5.062571103526735e-06,0.31854934692382814,3730
dense,normuon,0.0001,normuon-lr1e-4,0.95744,0.7994838953018188,4.778156996587032e-06,0.3094622611999512,3740
dense,normuon,0.0001,normuon-lr1e-4,0.96,0.6430035829544067,4.493742889647327e-06,0.2981793642044067,3750
dense,normuon,0.0001,normuon-lr1e-4,0.96256,0.6385389566421509,4.2093287827076224e-06,0.2837389945983887,3760
dense,normuon,0.0001,normuon-lr1e-4,0.96512,0.6801069974899292,3.924914675767919e-06,0.31820831298828123,3770
dense,normuon,0.0001,normuon-lr1e-4,0.96768,0.6120412349700928,3.640500568828214e-06,0.3029158115386963,3780
dense,normuon,0.0001,normuon-lr1e-4,0.97024,0.7699095010757446,3.35608646188851e-06,0.27026958465576173,3790
dense,normuon,0.0001,normuon-lr1e-4,0.9728,0.5045655369758606,3.0716723549488057e-06,0.28689191341400144,3800
dense,normuon,0.0001,normuon-lr1e-4,0.97536,0.7470426559448242,2.7872582480091015e-06,0.31097044944763186,3810
dense,normuon,0.0001,normuon-lr1e-4,0.97792,0.8043046593666077,2.5028441410693973e-06,0.33054409027099607,3820
dense,normuon,0.0001,normuon-lr1e-4,0.98048,0.7707048654556274,2.218430034129693e-06,0.29541959762573244,3830
dense,normuon,0.0001,normuon-lr1e-4,0.98304,0.6868648529052734,1.934015927189989e-06,0.3212426662445068,3840
dense,normuon,0.0001,normuon-lr1e-4,0.9856,0.8941357731819153,1.6496018202502846e-06,0.3143270015716553,3850
dense,normuon,0.0001,normuon-lr1e-4,0.98816,0.6319405436515808,1.3651877133105804e-06,0.2992974281311035,3860
dense,normuon,0.0001,normuon-lr1e-4,0.99072,0.5704460740089417,1.0807736063708762e-06,0.26984310150146484,3870
dense,normuon,0.0001,normuon-lr1e-4,0.99328,0.6067819595336914,7.963594994311718e-07,0.2916648149490356,3880
dense,normuon,0.0001,normuon-lr1e-4,0.99584,0.6669296026229858,5.119453924914676e-07,0.28976504802703856,3890
dense,normuon,0.0001,normuon-lr1e-4,0.9984,0.6907292604446411,2.2753128555176338e-07,0.329671573638916,3900
dense,normuon,0.0003,normuon-lr3e-4,0.000256,2.1911468505859375,0.0,1.2221720218658447,1
dense,normuon,0.0003,normuon-lr3e-4,0.00256,2.158322811126709,6.905370843989769e-06,1.218800014919705,10
dense,normuon,0.0003,normuon-lr3e-4,0.00512,2.06892991065979,1.4578005115089511e-05,1.2199617385864259,20
dense,normuon,0.0003,normuon-lr3e-4,0.00768,2.5817368030548096,2.2250639386189256e-05,1.1748416900634766,30
dense,normuon,0.0003,normuon-lr3e-4,0.01024,2.307051181793213,2.9923273657289e-05,1.2251100540161133,40
dense,normuon,0.0003,normuon-lr3e-4,0.0128,2.2631754875183105,3.7595907928388744e-05,1.1459938049316407,50
dense,normuon,0.0003,normuon-lr3e-4,0.01536,1.751004695892334,4.526854219948848e-05,1.1142117500305175,60
dense,normuon,0.0003,normuon-lr3e-4,0.01792,2.1406121253967285,5.294117647058824e-05,1.1037612915039063,70
dense,normuon,0.0003,normuon-lr3e-4,0.02048,1.9536175727844238,6.0613810741687974e-05,1.0742223739624024,80
dense,normuon,0.0003,normuon-lr3e-4,0.02304,1.8270269632339478,6.828644501278772e-05,1.0143041610717773,90
dense,normuon,0.0003,normuon-lr3e-4,0.0256,1.7506014108657837,7.595907928388747e-05,0.9628265380859375,100
dense,normuon,0.0003,normuon-lr3e-4,0.02816,1.8561619520187378,8.363171355498722e-05,0.9868042945861817,110
dense,normuon,0.0003,normuon-lr3e-4,0.03072,1.5967665910720825,9.130434782608695e-05,0.9529053688049316,120
dense,normuon,0.0003,normuon-lr3e-4,0.03328,1.997676968574524,9.897698209718669e-05,0.9800250053405761,130
dense,normuon,0.0003,normuon-lr3e-4,0.03584,3.347355365753174,0.00010664961636828644,0.831083106994629,140
dense,normuon,0.0003,normuon-lr3e-4,0.0384,1.5074044466018677,0.00011432225063938618,0.8731883049011231,150
dense,normuon,0.0003,normuon-lr3e-4,0.04096,1.310929298400879,0.00012199488491048592,0.7566399574279785,160
dense,normuon,0.0003,normuon-lr3e-4,0.04352,1.573159098625183,0.00012966751918158567,0.8366250991821289,170
dense,normuon,0.0003,normuon-lr3e-4,0.04608,1.5511730909347534,0.0001373401534526854,0.78433198928833,180
dense,normuon,0.0003,normuon-lr3e-4,0.04864,1.352935552597046,0.00014501278772378515,0.6770995140075684,190
dense,normuon,0.0003,normuon-lr3e-4,0.0512,1.5357712507247925,0.0001526854219948849,0.7062655448913574,200
dense,normuon,0.0003,normuon-lr3e-4,0.05376,1.558023452758789,0.00016035805626598464,0.7005784034729003,210
dense,normuon,0.0003,normuon-lr3e-4,0.05632,1.3572120666503906,0.00016803069053708438,0.6920382976531982,220
dense,normuon,0.0003,normuon-lr3e-4,0.05888,1.2417094707489014,0.00017570332480818413,0.7069233417510986,230
dense,normuon,0.0003,normuon-lr3e-4,0.06144,1.2640801668167114,0.00018337595907928387,0.6514826774597168,240
dense,normuon,0.0003,normuon-lr3e-4,0.064,0.9052336812019348,0.00019104859335038361,0.6040759086608887,250
dense,normuon,0.0003,normuon-lr3e-4,0.06656,1.062398076057434,0.00019872122762148336,0.5972202777862549,260
dense,normuon,0.0003,normuon-lr3e-4,0.06912,1.2673532962799072,0.0002063938618925831,0.6025964736938476,270
dense,normuon,0.0003,normuon-lr3e-4,0.07168,1.2988524436950684,0.00021406649616368285,0.5665314674377442,280
dense,normuon,0.0003,normuon-lr3e-4,0.07424,1.1483350992202759,0.00022173913043478256,0.5808438301086426,290
dense,normuon,0.0003,normuon-lr3e-4,0.0768,0.8126457333564758,0.0002294117647058823,0.5206739425659179,300
dense,normuon,0.0003,normuon-lr3e-4,0.07936,0.8270801901817322,0.0002370843989769821,0.527115774154663,310
dense,normuon,0.0003,normuon-lr3e-4,0.08192,0.9280150532722473,0.0002447570332480818,0.4905401706695557,320
dense,normuon,0.0003,normuon-lr3e-4,0.08448,0.9784098863601685,0.00025242966751918156,0.5213667869567871,330
dense,normuon,0.0003,normuon-lr3e-4,0.08704,1.02010178565979,0.0002601023017902813,0.4994369983673096,340
dense,normuon,0.0003,normuon-lr3e-4,0.0896,1.1750054359436035,0.00026777493606138105,0.47202863693237307,350
dense,normuon,0.0003,normuon-lr3e-4,0.09216,0.9228913187980652,0.0002754475703324808,0.4447352886199951,360
dense,normuon,0.0003,normuon-lr3e-4,0.09472,0.87285977602005,0.00028312020460358054,0.4353942394256592,370
dense,normuon,0.0003,normuon-lr3e-4,0.09728,0.9434205889701843,0.0002907928388746803,0.47346930503845214,380
dense,normuon,0.0003,normuon-lr3e-4,0.09984,0.8146114945411682,0.00029846547314578,0.44776058197021484,390
dense,normuon,0.0003,normuon-lr3e-4,0.1024,0.7567911148071289,0.00029931740614334466,0.4204272747039795,400
dense,normuon,0.0003,normuon-lr3e-4,0.10496,0.9581588506698608,0.0002984641638225256,0.4280379772186279,410
dense,normuon,0.0003,normuon-lr3e-4,0.10752,0.8743311762809753,0.00029761092150170645,0.38722052574157717,420
dense,normuon,0.0003,normuon-lr3e-4,0.11008,0.7997475862503052,0.00029675767918088734,0.3945253610610962,430
dense,normuon,0.0003,normuon-lr3e-4,0.11264,0.6670156717300415,0.00029590443686006824,0.42821154594421384,440
dense,normuon,0.0003,normuon-lr3e-4,0.1152,0.8994160294532776,0.00029505119453924914,0.3895256757736206,450
dense,normuon,0.0003,normuon-lr3e-4,0.11776,0.7539392113685608,0.00029419795221843,0.3977083206176758,460
dense,normuon,0.0003,normuon-lr3e-4,0.12032,0.8220059275627136,0.00029334470989761087,0.40346221923828124,470
dense,normuon,0.0003,normuon-lr3e-4,0.12288,0.9495139122009277,0.00029249146757679177,0.4171609878540039,480
dense,normuon,0.0003,normuon-lr3e-4,0.12544,0.606167197227478,0.00029163822525597266,0.3743842601776123,490
dense,normuon,0.0003,normuon-lr3e-4,0.128,0.6666092276573181,0.00029078498293515356,0.37605526447296145,500
dense,normuon,0.0003,normuon-lr3e-4,0.13056,0.7000958919525146,0.00028993174061433445,0.42962069511413575,510
dense,normuon,0.0003,normuon-lr3e-4,0.13312,0.8137804865837097,0.00028907849829351535,0.37520780563354494,520
dense,normuon,0.0003,normuon-lr3e-4,0.13568,0.8578944802284241,0.0002882252559726962,0.3906038999557495,530
dense,normuon,0.0003,normuon-lr3e-4,0.13824,0.8025327324867249,0.0002873720136518771,0.37577109336853026,540
dense,normuon,0.0003,normuon-lr3e-4,0.1408,0.8801228404045105,0.000286518771331058,0.3524929046630859,550
dense,normuon,0.0003,normuon-lr3e-4,0.14336,0.9375418424606323,0.0002856655290102389,0.4277009963989258,560
dense,normuon,0.0003,normuon-lr3e-4,0.14592,0.7039840817451477,0.00028481228668941977,0.3392685651779175,570
dense,normuon,0.0003,normuon-lr3e-4,0.14848,0.7899096608161926,0.00028395904436860067,0.34980297088623047,580
dense,normuon,0.0003,normuon-lr3e-4,0.15104,0.8834115862846375,0.00028310580204778156,0.337426495552063,590
dense,normuon,0.0003,normuon-lr3e-4,0.1536,0.8834371566772461,0.0002822525597269624,0.35911557674407957,600
dense,normuon,0.0003,normuon-lr3e-4,0.15616,0.8073042631149292,0.0002813993174061433,0.35679173469543457,610
dense,normuon,0.0003,normuon-lr3e-4,0.15872,0.6878122687339783,0.0002805460750853242,0.3417064666748047,620
dense,normuon,0.0003,normuon-lr3e-4,0.16128,0.8228710293769836,0.0002796928327645051,0.355056619644165,630
dense,normuon,0.0003,normuon-lr3e-4,0.16384,0.7455106973648071,0.000278839590443686,0.3551564931869507,640
dense,normuon,0.0003,normuon-lr3e-4,0.1664,0.7165144085884094,0.0002779863481228669,0.3838613271713257,650
dense,normuon,0.0003,normuon-lr3e-4,0.16896,0.8106772303581238,0.0002771331058020478,0.33401339054107665,660
dense,normuon,0.0003,normuon-lr3e-4,0.17152,0.6863626837730408,0.0002762798634812286,0.3129014015197754,670
dense,normuon,0.0003,normuon-lr3e-4,0.17408,0.7856119871139526,0.0002754266211604095,0.3753174066543579,680
dense,normuon,0.0003,normuon-lr3e-4,0.17664,0.7500571608543396,0.0002745733788395904,0.3571185111999512,690
dense,normuon,0.0003,normuon-lr3e-4,0.1792,0.6691485643386841,0.0002737201365187713,0.3500465154647827,700
dense,normuon,0.0003,normuon-lr3e-4,0.18176,0.6271452307701111,0.0002728668941979522,0.32689480781555175,710
dense,normuon,0.0003,normuon-lr3e-4,0.18432,0.7638697624206543,0.0002720136518771331,0.360552453994751,720
dense,normuon,0.0003,normuon-lr3e-4,0.18688,0.7606385350227356,0.000271160409556314,0.33324422836303713,730
dense,normuon,0.0003,normuon-lr3e-4,0.18944,0.7900792956352234,0.00027030716723549483,0.3305380821228027,740
dense,normuon,0.0003,normuon-lr3e-4,0.192,0.7628148198127747,0.00026945392491467573,0.33238730430603025,750
dense,normuon,0.0003,normuon-lr3e-4,0.19456,0.7857160568237305,0.0002686006825938566,0.3392005205154419,760
dense,normuon,0.0003,normuon-lr3e-4,0.19712,0.8257474303245544,0.0002677474402730375,0.3343182563781738,770
dense,normuon,0.0003,normuon-lr3e-4,0.19968,0.7561396956443787,0.0002668941979522184,0.3627323150634766,780
dense,normuon,0.0003,normuon-lr3e-4,0.20224,0.738684356212616,0.0002660409556313993,0.3052215099334717,790
dense,normuon,0.0003,normuon-lr3e-4,0.2048,0.713093101978302,0.0002651877133105802,0.32202746868133547,800
dense,normuon,0.0003,normuon-lr3e-4,0.20736,0.6317867040634155,0.00026433447098976105,0.3321483373641968,810
dense,normuon,0.0003,normuon-lr3e-4,0.20992,0.5872424840927124,0.00026348122866894194,0.3342184066772461,820
dense,normuon,0.0003,normuon-lr3e-4,0.21248,0.6609900593757629,0.00026262798634812284,0.3153358459472656,830
dense,normuon,0.0003,normuon-lr3e-4,0.21504,0.7873247265815735,0.00026177474402730373,0.3286998510360718,840
dense,normuon,0.0003,normuon-lr3e-4,0.2176,0.8402093648910522,0.00026092150170648463,0.3269484519958496,850
dense,normuon,0.0003,normuon-lr3e-4,0.22016,0.607085645198822,0.0002600682593856655,0.31544220447540283,860
dense,normuon,0.0003,normuon-lr3e-4,0.22272,0.7398709654808044,0.0002592150170648464,0.2962094068527222,870
dense,normuon,0.0003,normuon-lr3e-4,0.22528,0.6569143533706665,0.00025836177474402726,0.3222795486450195,880
dense,normuon,0.0003,normuon-lr3e-4,0.22784,0.769582986831665,0.00025750853242320816,0.3315421581268311,890
dense,normuon,0.0003,normuon-lr3e-4,0.2304,0.7510364055633545,0.00025665529010238905,0.3073486328125,900
dense,normuon,0.0003,normuon-lr3e-4,0.23296,0.8766384720802307,0.00025580204778156995,0.29952306747436525,910
dense,normuon,0.0003,normuon-lr3e-4,0.23552,1.1312427520751953,0.00025494880546075084,0.3649450302124023,920
dense,normuon,0.0003,normuon-lr3e-4,0.23808,0.7758409380912781,0.00025409556313993174,0.3329904079437256,930
dense,normuon,0.0003,normuon-lr3e-4,0.24064,0.689296543598175,0.00025324232081911263,0.2976921796798706,940
dense,normuon,0.0003,normuon-lr3e-4,0.2432,0.8381876945495605,0.0002523890784982935,0.3229161500930786,950
dense,normuon,0.0003,normuon-lr3e-4,0.24576,0.665574312210083,0.00025153583617747437,0.33708651065826417,960
dense,normuon,0.0003,normuon-lr3e-4,0.24832,0.6221194863319397,0.00025068259385665527,0.29103889465332033,970
dense,normuon,0.0003,normuon-lr3e-4,0.25088,0.8175639510154724,0.00024982935153583616,0.33884124755859374,980
dense,normuon,0.0003,normuon-lr3e-4,0.25344,0.7281512022018433,0.00024897610921501706,0.28762948513031006,990
dense,normuon,0.0003,normuon-lr3e-4,0.256,0.5959641933441162,0.00024812286689419795,0.2948817491531372,1000
dense,normuon,0.0003,normuon-lr3e-4,0.25856,0.46965497732162476,0.00024726962457337885,0.2753604888916016,1010
dense,normuon,0.0003,normuon-lr3e-4,0.26112,0.8339846730232239,0.0002464163822525597,0.30744237899780275,1020
dense,normuon,0.0003,normuon-lr3e-4,0.26368,0.8480308651924133,0.0002455631399317406,0.3074767827987671,1030
dense,normuon,0.0003,normuon-lr3e-4,0.26624,0.6677286028862,0.0002447098976109215,0.27054667472839355,1040
dense,normuon,0.0003,normuon-lr3e-4,0.2688,0.7392832636833191,0.00024385665529010235,0.31978497505187986,1050
dense,normuon,0.0003,normuon-lr3e-4,0.27136,0.593965470790863,0.00024300341296928325,0.30788531303405764,1060
dense,normuon,0.0003,normuon-lr3e-4,0.27392,0.7336562871932983,0.00024215017064846414,0.300039005279541,1070
dense,normuon,0.0003,normuon-lr3e-4,0.27648,0.4984510838985443,0.00024129692832764504,0.29828433990478515,1080
dense,normuon,0.0003,normuon-lr3e-4,0.27904,0.7644686102867126,0.0002404436860068259,0.3289592981338501,1090
dense,normuon,0.0003,normuon-lr3e-4,0.2816,0.6704736948013306,0.0002395904436860068,0.3228895664215088,1100
dense,normuon,0.0003,normuon-lr3e-4,0.28416,0.7474194765090942,0.0002387372013651877,0.28498616218566897,1110
dense,normuon,0.0003,normuon-lr3e-4,0.28672,0.669388473033905,0.00023788395904436856,0.30258827209472655,1120
dense,normuon,0.0003,normuon-lr3e-4,0.28928,0.7836236953735352,0.00023703071672354946,0.3014154195785522,1130
dense,normuon,0.0003,normuon-lr3e-4,0.29184,0.7471506595611572,0.00023617747440273036,0.28599843978881834,1140
dense,normuon,0.0003,normuon-lr3e-4,0.2944,0.7096458077430725,0.00023532423208191125,0.3097353458404541,1150
dense,normuon,0.0003,normuon-lr3e-4,0.29696,0.8215240836143494,0.00023447098976109212,0.28742151260375975,1160
dense,normuon,0.0003,normuon-lr3e-4,0.29952,0.8382360935211182,0.00023361774744027301,0.2721512794494629,1170
dense,normuon,0.0003,normuon-lr3e-4,0.30208,0.6722263097763062,0.0002327645051194539,0.30602455139160156,1180
dense,normuon,0.0003,normuon-lr3e-4,0.30464,0.5666067600250244,0.00023191126279863478,0.33155202865600586,1190
dense,normuon,0.0003,normuon-lr3e-4,0.3072,0.874768078327179,0.00023105802047781567,0.32390565872192384,1200
dense,normuon,0.0003,normuon-lr3e-4,0.30976,0.6812793612480164,0.00023020477815699657,0.27065937519073485,1210
dense,normuon,0.0003,normuon-lr3e-4,0.31232,0.5649542212486267,0.00022935153583617746,0.32972538471221924,1220
dense,normuon,0.0003,normuon-lr3e-4,0.31488,0.7485237121582031,0.00022849829351535833,0.3078911781311035,1230
dense,normuon,0.0003,normuon-lr3e-4,0.31744,0.6360615491867065,0.00022764505119453923,0.29417030811309813,1240
dense,normuon,0.0003,normuon-lr3e-4,0.32,0.7473089694976807,0.00022679180887372012,0.30762195587158203,1250
dense,normuon,0.0003,normuon-lr3e-4,0.32256,0.5991774797439575,0.000225938566552901,0.3096173286437988,1260
dense,normuon,0.0003,normuon-lr3e-4,0.32512,0.7484046220779419,0.0002250853242320819,0.3049428701400757,1270
dense,normuon,0.0003,normuon-lr3e-4,0.32768,0.6454617381095886,0.00022423208191126278,0.30165412425994875,1280
dense,normuon,0.0003,normuon-lr3e-4,0.33024,0.5387430191040039,0.00022337883959044368,0.2650932312011719,1290
dense,normuon,0.0003,normuon-lr3e-4,0.3328,0.7536789774894714,0.00022252559726962455,0.308500862121582,1300
dense,normuon,0.0003,normuon-lr3e-4,0.33536,0.7280746102333069,0.00022167235494880544,0.3045441389083862,1310
dense,normuon,0.0003,normuon-lr3e-4,0.33792,0.6499592661857605,0.00022081911262798634,0.29104342460632326,1320
dense,normuon,0.0003,normuon-lr3e-4,0.34048,0.607239305973053,0.0002199658703071672,0.27754364013671873,1330
dense,normuon,0.0003,normuon-lr3e-4,0.34304,0.6690673828125,0.0002191126279863481,0.3098156929016113,1340
dense,normuon,0.0003,normuon-lr3e-4,0.3456,0.5770081877708435,0.000218259385665529,0.26893799304962157,1350
dense,normuon,0.0003,normuon-lr3e-4,0.34816,0.6905239224433899,0.0002174061433447099,0.30024008750915526,1360
dense,normuon,0.0003,normuon-lr3e-4,0.35072,0.5364195108413696,0.00021655290102389076,0.2786648988723755,1370
dense,normuon,0.0003,normuon-lr3e-4,0.35328,0.6796378493309021,0.00021569965870307166,0.28756227493286135,1380
dense,normuon,0.0003,normuon-lr3e-4,0.35584,0.681934654712677,0.00021484641638225255,0.266980504989624,1390
dense,normuon,0.0003,normuon-lr3e-4,0.3584,0.6684232354164124,0.00021399317406143342,0.3185157775878906,1400
dense,normuon,0.0003,normuon-lr3e-4,0.36096,0.6201999187469482,0.00021313993174061432,0.29987215995788574,1410
dense,normuon,0.0003,normuon-lr3e-4,0.36352,0.6893341541290283,0.0002122866894197952,0.26505484580993655,1420
dense,normuon,0.0003,normuon-lr3e-4,0.36608,0.7495326399803162,0.0002114334470989761,0.298907995223999,1430
dense,normuon,0.0003,normuon-lr3e-4,0.36864,1.3464730978012085,0.00021058020477815698,0.28223514556884766,1440
dense,normuon,0.0003,normuon-lr3e-4,0.3712,0.7538549900054932,0.00020972696245733787,0.34054291248321533,1450
dense,normuon,0.0003,normuon-lr3e-4,0.37376,0.7367283701896667,0.00020887372013651877,0.3072636604309082,1460
dense,normuon,0.0003,normuon-lr3e-4,0.37632,0.638700544834137,0.00020802047781569964,0.2886533260345459,1470
dense,normuon,0.0003,normuon-lr3e-4,0.37888,0.7522379755973816,0.00020716723549488053,0.31032729148864746,1480
dense,normuon,0.0003,normuon-lr3e-4,0.38144,0.7476997971534729,0.00020631399317406143,0.2919666051864624,1490
dense,normuon,0.0003,normuon-lr3e-4,0.384,0.7913113236427307,0.00020546075085324232,0.2811638832092285,1500
dense,normuon,0.0003,normuon-lr3e-4,0.38656,0.6567155718803406,0.0002046075085324232,0.29100871086120605,1510
dense,normuon,0.0003,normuon-lr3e-4,0.38912,0.6350758671760559,0.00020375426621160409,0.27151577472686766,1520
dense,normuon,0.0003,normuon-lr3e-4,0.39168,0.7863792181015015,0.00020290102389078498,0.29630050659179685,1530
dense,normuon,0.0003,normuon-lr3e-4,0.39424,0.7201229333877563,0.00020204778156996585,0.2764251470565796,1540
dense,normuon,0.0003,normuon-lr3e-4,0.3968,0.6774793267250061,0.00020119453924914675,0.2894279956817627,1550
dense,normuon,0.0003,normuon-lr3e-4,0.39936,0.7123186588287354,0.00020034129692832764,0.2873681545257568,1560
dense,normuon,0.0003,normuon-lr3e-4,0.40192,0.6906253099441528,0.00019948805460750854,0.28550705909729,1570
dense,normuon,0.0003,normuon-lr3e-4,0.40448,0.5960150957107544,0.0001986348122866894,0.26976923942565917,1580
dense,normuon,0.0003,normuon-lr3e-4,0.40704,0.5065377354621887,0.0001977815699658703,0.2611841201782227,1590
dense,normuon,0.0003,normuon-lr3e-4,0.4096,0.7135780453681946,0.0001969283276450512,0.2669163942337036,1600
dense,normuon,0.0003,normuon-lr3e-4,0.41216,0.7289750576019287,0.00019607508532423206,0.3015486001968384,1610
dense,normuon,0.0003,normuon-lr3e-4,0.41472,0.6188843250274658,0.00019522184300341296,0.27568056583404543,1620
dense,normuon,0.0003,normuon-lr3e-4,0.41728,0.7105222344398499,0.00019436860068259385,0.261632513999939,1630
dense,normuon,0.0003,normuon-lr3e-4,0.41984,0.6923575401306152,0.00019351535836177475,0.30257282257080076,1640
dense,normuon,0.0003,normuon-lr3e-4,0.4224,0.6576980352401733,0.00019266211604095562,0.2423478126525879,1650
dense,normuon,0.0003,normuon-lr3e-4,0.42496,0.7398979067802429,0.00019180887372013651,0.2884491443634033,1660
dense,normuon,0.0003,normuon-lr3e-4,0.42752,0.62840735912323,0.0001909556313993174,0.277311897277832,1670
dense,normuon,0.0003,normuon-lr3e-4,0.43008,0.7130551338195801,0.00019010238907849825,0.2912833452224731,1680
dense,normuon,0.0003,normuon-lr3e-4,0.43264,0.7978397607803345,0.00018924914675767915,0.26735994815826414,1690
dense,normuon,0.0003,normuon-lr3e-4,0.4352,0.6371375918388367,0.00018839590443686007,0.32116849422454835,1700
dense,normuon,0.0003,normuon-lr3e-4,0.43776,0.7235581278800964,0.00018754266211604096,0.28685452938079836,1710
dense,normuon,0.0003,normuon-lr3e-4,0.44032,0.6101559996604919,0.0001866894197952218,0.2727867841720581,1720
dense,normuon,0.0003,normuon-lr3e-4,0.44288,0.612679660320282,0.0001858361774744027,0.2716081619262695,1730
dense,normuon,0.0003,normuon-lr3e-4,0.44544,0.5692394375801086,0.00018498293515358362,0.2935235261917114,1740
dense,normuon,0.0003,normuon-lr3e-4,0.448,0.7380609512329102,0.00018412969283276447,0.2905571460723877,1750
dense,normuon,0.0003,normuon-lr3e-4,0.45056,0.7221119999885559,0.00018327645051194536,0.2980118989944458,1760
dense,normuon,0.0003,normuon-lr3e-4,0.45312,0.6656745076179504,0.00018242320819112626,0.2625196218490601,1770
dense,normuon,0.0003,normuon-lr3e-4,0.45568,0.7802311778068542,0.00018156996587030718,0.27956523895263674,1780
dense,normuon,0.0003,normuon-lr3e-4,0.45824,0.6325280070304871,0.00018071672354948802,0.27255783081054685,1790
dense,normuon,0.0003,normuon-lr3e-4,0.4608,0.8363763689994812,0.00017986348122866892,0.282646632194519,1800
dense,normuon,0.0003,normuon-lr3e-4,0.46336,0.6510117053985596,0.0001790102389078498,0.27676239013671877,1810
dense,normuon,0.0003,normuon-lr3e-4,0.46592,0.6617063283920288,0.00017815699658703068,0.2795653581619263,1820
dense,normuon,0.0003,normuon-lr3e-4,0.46848,0.7915830016136169,0.00017730375426621157,0.28166375160217283,1830
dense,normuon,0.0003,normuon-lr3e-4,0.47104,0.648472249507904,0.00017645051194539247,0.27057037353515623,1840
dense,normuon,0.0003,normuon-lr3e-4,0.4736,0.7121217846870422,0.00017559726962457337,0.2762425422668457,1850
dense,normuon,0.0003,normuon-lr3e-4,0.47616,0.677417516708374,0.00017474402730375423,0.2728102207183838,1860
dense,normuon,0.0003,normuon-lr3e-4,0.47872,0.6995084285736084,0.00017389078498293513,0.3039245128631592,1870
dense,normuon,0.0003,normuon-lr3e-4,0.48128,0.5825242400169373,0.00017303754266211603,0.27974839210510255,1880
dense,normuon,0.0003,normuon-lr3e-4,0.48384,0.7588394284248352,0.0001721843003412969,0.32309391498565676,1890
dense,normuon,0.0003,normuon-lr3e-4,0.4864,0.3948991894721985,0.0001713310580204778,0.2654899835586548,1900
dense,normuon,0.0003,normuon-lr3e-4,0.48896,0.42680785059928894,0.00017047781569965868,0.2510714530944824,1910
dense,normuon,0.0003,normuon-lr3e-4,0.49152,0.7081528306007385,0.00016962457337883958,0.2975513458251953,1920
dense,normuon,0.0003,normuon-lr3e-4,0.49408,0.6798233985900879,0.00016877133105802045,0.2520000696182251,1930
dense,normuon,0.0003,normuon-lr3e-4,0.49664,0.7817849516868591,0.00016791808873720134,0.2578336000442505,1940
dense,normuon,0.0003,normuon-lr3e-4,0.4992,0.6135234236717224,0.00016706484641638224,0.2779412269592285,1950
dense,normuon,0.0003,normuon-lr3e-4,0.50176,0.6708292365074158,0.0001662116040955631,0.293894624710083,1960
dense,normuon,0.0003,normuon-lr3e-4,0.50432,0.5117018818855286,0.000165358361774744,0.2524461269378662,1970
dense,normuon,0.0003,normuon-lr3e-4,0.50688,0.7581973075866699,0.0001645051194539249,0.27874035835266114,1980
dense,normuon,0.0003,normuon-lr3e-4,0.50944,0.5713934898376465,0.0001636518771331058,0.27082672119140627,1990
dense,normuon,0.0003,normuon-lr3e-4,0.512,0.674914538860321,0.00016279863481228666,0.295979642868042,2000
dense,normuon,0.0003,normuon-lr3e-4,0.51456,0.7624219059944153,0.00016194539249146756,0.2954706192016602,2010
dense,normuon,0.0003,normuon-lr3e-4,0.51712,0.6830562949180603,0.00016109215017064845,0.29241466522216797,2020
dense,normuon,0.0003,normuon-lr3e-4,0.51968,0.5167295336723328,0.00016023890784982932,0.24386942386627197,2030
dense,normuon,0.0003,normuon-lr3e-4,0.52224,0.6056243777275085,0.00015938566552901022,0.2543367385864258,2040
dense,normuon,0.0003,normuon-lr3e-4,0.5248,0.7358562350273132,0.0001585324232081911,0.2475497007369995,2050
dense,normuon,0.0003,normuon-lr3e-4,0.52736,0.5988905429840088,0.000157679180887372,0.25107769966125487,2060
dense,normuon,0.0003,normuon-lr3e-4,0.52992,0.6763225197792053,0.00015682593856655288,0.30076255798339846,2070
dense,normuon,0.0003,normuon-lr3e-4,0.53248,0.4432947635650635,0.00015597269624573377,0.27491419315338134,2080
dense,normuon,0.0003,normuon-lr3e-4,0.53504,0.6954065561294556,0.00015511945392491467,0.2623432636260986,2090
dense,normuon,0.0003,normuon-lr3e-4,0.5376,0.6598989963531494,0.00015426621160409554,0.2832611560821533,2100
dense,normuon,0.0003,normuon-lr3e-4,0.54016,0.7478838562965393,0.00015341296928327643,0.271162748336792,2110
dense,normuon,0.0003,normuon-lr3e-4,0.54272,0.7865225672721863,0.00015255972696245733,0.276093578338623,2120
dense,normuon,0.0003,normuon-lr3e-4,0.54528,0.7194932103157043,0.00015170648464163822,0.27050118446350097,2130
dense,normuon,0.0003,normuon-lr3e-4,0.54784,0.6993389129638672,0.0001508532423208191,0.2508394241333008,2140
dense,normuon,0.0003,normuon-lr3e-4,0.5504,0.7507689595222473,0.00015,0.2550269842147827,2150
dense,normuon,0.0003,normuon-lr3e-4,0.55296,0.5939865112304688,0.00014914675767918086,0.22114989757537842,2160
dense,normuon,0.0003,normuon-lr3e-4,0.55552,0.6546298861503601,0.00014829351535836175,0.24505467414855958,2170
dense,normuon,0.0003,normuon-lr3e-4,0.55808,0.829994797706604,0.00014744027303754265,0.2806943416595459,2180
dense,normuon,0.0003,normuon-lr3e-4,0.56064,0.5831100940704346,0.00014658703071672354,0.27120265960693357,2190
dense,normuon,0.0003,normuon-lr3e-4,0.5632,0.6025980114936829,0.0001457337883959044,0.25381622314453123,2200
dense,normuon,0.0003,normuon-lr3e-4,0.56576,0.7956192493438721,0.0001448805460750853,0.29000325202941896,2210
dense,normuon,0.0003,normuon-lr3e-4,0.56832,0.5221097469329834,0.0001440273037542662,0.23274834156036378,2220
dense,normuon,0.0003,normuon-lr3e-4,0.57088,0.7198546528816223,0.00014317406143344707,0.29876031875610354,2230
dense,normuon,0.0003,normuon-lr3e-4,0.57344,0.783257782459259,0.00014232081911262796,0.29974801540374757,2240
dense,normuon,0.0003,normuon-lr3e-4,0.576,0.7146232724189758,0.00014146757679180886,0.29665751457214357,2250
dense,normuon,0.0003,normuon-lr3e-4,0.57856,0.6732450723648071,0.00014061433447098976,0.2802680015563965,2260
dense,normuon,0.0003,normuon-lr3e-4,0.58112,0.7429938912391663,0.00013976109215017062,0.23904807567596437,2270
dense,normuon,0.0003,normuon-lr3e-4,0.58368,0.6727551221847534,0.00013890784982935152,0.277005672454834,2280
dense,normuon,0.0003,normuon-lr3e-4,0.58624,0.7081926465034485,0.00013805460750853242,0.2658841609954834,2290
dense,normuon,0.0003,normuon-lr3e-4,0.5888,0.473634272813797,0.00013720136518771328,0.2477351665496826,2300
dense,normuon,0.0003,normuon-lr3e-4,0.59136,0.6618989109992981,0.00013634812286689418,0.26562578678131105,2310
dense,normuon,0.0003,normuon-lr3e-4,0.59392,0.8332204222679138,0.00013549488054607507,0.26720130443573,2320
dense,normuon,0.0003,normuon-lr3e-4,0.59648,0.5176255702972412,0.00013464163822525597,0.2715840578079224,2330
dense,normuon,0.0003,normuon-lr3e-4,0.59904,0.6757021546363831,0.00013378839590443684,0.265004825592041,2340
dense,normuon,0.0003,normuon-lr3e-4,0.6016,0.5896845459938049,0.00013293515358361773,0.2546386241912842,2350
dense,normuon,0.0003,normuon-lr3e-4,0.60416,0.7227128148078918,0.00013208191126279863,0.26179912090301516,2360
dense,normuon,0.0003,normuon-lr3e-4,0.60672,0.7200008034706116,0.0001312286689419795,0.26512932777404785,2370
dense,normuon,0.0003,normuon-lr3e-4,0.60928,0.5676270127296448,0.0001303754266211604,0.2652281284332275,2380
dense,normuon,0.0003,normuon-lr3e-4,0.61184,0.6105860471725464,0.0001295221843003413,0.27495555877685546,2390
dense,normuon,0.0003,normuon-lr3e-4,0.6144,0.6747535467147827,0.00012866894197952218,0.2280594825744629,2400
dense,normuon,0.0003,normuon-lr3e-4,0.61696,0.6411765217781067,0.00012781569965870305,0.2634495735168457,2410
dense,normuon,0.0003,normuon-lr3e-4,0.61952,0.5873411297798157,0.00012696245733788395,0.24450552463531494,2420
dense,normuon,0.0003,normuon-lr3e-4,0.62208,0.6571044325828552,0.00012610921501706484,0.27696292400360106,2430
dense,normuon,0.0003,normuon-lr3e-4,0.62464,0.6891942024230957,0.0001252559726962457,0.27579188346862793,2440
dense,normuon,0.0003,normuon-lr3e-4,0.6272,0.6417116522789001,0.0001244027303754266,0.2655194759368896,2450
dense,normuon,0.0003,normuon-lr3e-4,0.62976,0.546754777431488,0.0001235494880546075,0.24711298942565918,2460
dense,normuon,0.0003,normuon-lr3e-4,0.63232,0.8037865161895752,0.0001226962457337884,0.25765376091003417,2470
dense,normuon,0.0003,normuon-lr3e-4,0.63488,0.6251903772354126,0.00012184300341296927,0.24586033821105957,2480
dense,normuon,0.0003,normuon-lr3e-4,0.63744,0.6635881066322327,0.00012098976109215016,0.26050820350646975,2490
dense,normuon,0.0003,normuon-lr3e-4,0.64,0.7189911007881165,0.00012013651877133104,0.28518381118774416,2500
dense,normuon,0.0003,normuon-lr3e-4,0.64256,0.7783025503158569,0.00011928327645051193,0.25203332901000974,2510
dense,normuon,0.0003,normuon-lr3e-4,0.64512,0.6868720650672913,0.00011843003412969282,0.26041326522827146,2520
dense,normuon,0.0003,normuon-lr3e-4,0.64768,0.5878536701202393,0.0001175767918088737,0.2588933229446411,2530
dense,normuon,0.0003,normuon-lr3e-4,0.65024,0.601024329662323,0.0001167235494880546,0.2394019603729248,2540
dense,normuon,0.0003,normuon-lr3e-4,0.6528,0.6148203611373901,0.00011587030716723548,0.2689250946044922,2550
dense,normuon,0.0003,normuon-lr3e-4,0.65536,0.7011137008666992,0.00011501706484641638,0.2664428949356079,2560
dense,normuon,0.0003,normuon-lr3e-4,0.65792,0.7430031895637512,0.00011416382252559726,0.27290844917297363,2570
dense,normuon,0.0003,normuon-lr3e-4,0.66048,0.5844581127166748,0.00011331058020477814,0.22277112007141114,2580
dense,normuon,0.0003,normuon-lr3e-4,0.66304,0.6073212027549744,0.00011245733788395904,0.29242792129516604,2590
dense,normuon,0.0003,normuon-lr3e-4,0.6656,0.7617185115814209,0.00011160409556313992,0.26342053413391114,2600
dense,normuon,0.0003,normuon-lr3e-4,0.66816,0.7854880690574646,0.00011075085324232081,0.2557222366333008,2610
dense,normuon,0.0003,normuon-lr3e-4,0.67072,0.5863678455352783,0.0001098976109215017,0.27896947860717775,2620
dense,normuon,0.0003,normuon-lr3e-4,0.67328,0.593413233757019,0.00010904436860068259,0.2525705575942993,2630
dense,normuon,0.0003,normuon-lr3e-4,0.67584,0.7142457365989685,0.00010819112627986347,0.2621884822845459,2640
dense,normuon,0.0003,normuon-lr3e-4,0.6784,0.494216650724411,0.00010733788395904436,0.23376541137695311,2650
dense,normuon,0.0003,normuon-lr3e-4,0.68096,0.7118890285491943,0.00010648464163822525,0.26881072521209715,2660
dense,normuon,0.0003,normuon-lr3e-4,0.68352,0.5629814863204956,0.00010563139931740613,0.2545089960098267,2670
dense,normuon,0.0003,normuon-lr3e-4,0.68608,0.525533139705658,0.00010477815699658703,0.23482823371887207,2680
dense,normuon,0.0003,normuon-lr3e-4,0.68864,0.6579846143722534,0.00010392491467576791,0.26796817779541016,2690
dense,normuon,0.0003,normuon-lr3e-4,0.6912,0.7081045508384705,0.0001030716723549488,0.27740821838378904,2700
dense,normuon,0.0003,normuon-lr3e-4,0.69376,0.5546948909759521,0.00010221843003412969,0.24600582122802733,2710
dense,normuon,0.0003,normuon-lr3e-4,0.69632,0.6524346470832825,0.00010136518771331057,0.30037679672241213,2720
dense,normuon,0.0003,normuon-lr3e-4,0.69888,0.7002870440483093,0.00010051194539249146,0.2917851448059082,2730
dense,normuon,0.0003,normuon-lr3e-4,0.70144,0.8818219900131226,9.965870307167235e-05,0.25981688499450684,2740
dense,normuon,0.0003,normuon-lr3e-4,0.704,0.7418050765991211,9.880546075085324e-05,0.25795793533325195,2750
dense,normuon,0.0003,normuon-lr3e-4,0.70656,0.789067804813385,9.795221843003412e-05,0.26440820693969724,2760
dense,normuon,0.0003,normuon-lr3e-4,0.70912,0.5310602784156799,9.709897610921502e-05,0.24957315921783446,2770
dense,normuon,0.0003,normuon-lr3e-4,0.71168,0.5734382271766663,9.62457337883959e-05,0.24984197616577147,2780
dense,normuon,0.0003,normuon-lr3e-4,0.71424,0.6713030338287354,9.539249146757677e-05,0.25622267723083497,2790
dense,normuon,0.0003,normuon-lr3e-4,0.7168,0.6028616428375244,9.453924914675768e-05,0.2378152370452881,2800
dense,normuon,0.0003,normuon-lr3e-4,0.71936,0.6366460919380188,9.368600682593855e-05,0.2675619125366211,2810
dense,normuon,0.0003,normuon-lr3e-4,0.72192,0.7503531575202942,9.283276450511946e-05,0.2608991861343384,2820
dense,normuon,0.0003,normuon-lr3e-4,0.72448,0.5843839049339294,9.197952218430032e-05,0.23972861766815184,2830
dense,normuon,0.0003,normuon-lr3e-4,0.72704,0.8331882953643799,9.112627986348123e-05,0.26412277221679686,2840
dense,normuon,0.0003,normuon-lr3e-4,0.7296,0.621766984462738,9.02730375426621e-05,0.2777519226074219,2850
dense,normuon,0.0003,normuon-lr3e-4,0.73216,0.6710752248764038,8.941979522184298e-05,0.2580061197280884,2860
dense,normuon,0.0003,normuon-lr3e-4,0.73472,0.6450534462928772,8.856655290102388e-05,0.2553497552871704,2870
dense,normuon,0.0003,normuon-lr3e-4,0.73728,0.5988188982009888,8.771331058020476e-05,0.2493962287902832,2880
dense,normuon,0.0003,normuon-lr3e-4,0.73984,0.5371706485748291,8.686006825938566e-05,0.2359304189682007,2890
dense,normuon,0.0003,normuon-lr3e-4,0.7424,0.7481696009635925,8.600682593856654e-05,0.24647092819213867,2900
dense,normuon,0.0003,normuon-lr3e-4,0.74496,0.6350539922714233,8.515358361774743e-05,0.2441882848739624,2910
dense,normuon,0.0003,normuon-lr3e-4,0.74752,0.5396660566329956,8.430034129692832e-05,0.2389216423034668,2920
dense,normuon,0.0003,normuon-lr3e-4,0.75008,0.6467660069465637,8.34470989761092e-05,0.25036475658416746,2930
dense,normuon,0.0003,normuon-lr3e-4,0.75264,0.6052230000495911,8.25938566552901e-05,0.2576396703720093,2940
dense,normuon,0.0003,normuon-lr3e-4,0.7552,0.7188863158226013,8.174061433447098e-05,0.2553511619567871,2950
dense,normuon,0.0003,normuon-lr3e-4,0.75776,0.7895858287811279,8.088737201365187e-05,0.2469606876373291,2960
dense,normuon,0.0003,normuon-lr3e-4,0.76032,0.6286563873291016,8.003412969283275e-05,0.25943827629089355,2970
dense,normuon,0.0003,normuon-lr3e-4,0.76288,0.7681986093521118,7.918088737201365e-05,0.2698625087738037,2980
dense,normuon,0.0003,normuon-lr3e-4,0.76544,0.7538595795631409,7.832764505119453e-05,0.2700358867645264,2990
dense,normuon,0.0003,normuon-lr3e-4,0.768,0.6836913824081421,7.747440273037541e-05,0.23490376472473146,3000
dense,normuon,0.0003,normuon-lr3e-4,0.77056,0.6195070743560791,7.662116040955631e-05,0.22516608238220215,3010
dense,normuon,0.0003,normuon-lr3e-4,0.77312,0.6727031469345093,7.576791808873719e-05,0.23548336029052735,3020
dense,normuon,0.0003,normuon-lr3e-4,0.77568,0.6788825392723083,7.491467576791807e-05,0.25815491676330565,3030
dense,normuon,0.0003,normuon-lr3e-4,0.77824,0.7324760556221008,7.406143344709897e-05,0.24534692764282226,3040
dense,normuon,0.0003,normuon-lr3e-4,0.7808,0.5311908721923828,7.320819112627985e-05,0.2215141773223877,3050
dense,normuon,0.0003,normuon-lr3e-4,0.78336,0.6655711531639099,7.235494880546075e-05,0.2424513578414917,3060
dense,normuon,0.0003,normuon-lr3e-4,0.78592,0.6822903156280518,7.150170648464163e-05,0.22295846939086914,3070
dense,normuon,0.0003,normuon-lr3e-4,0.78848,0.6206362247467041,7.064846416382252e-05,0.24477922916412354,3080
dense,normuon,0.0003,normuon-lr3e-4,0.79104,0.7120653986930847,6.97952218430034e-05,0.27039318084716796,3090
dense,normuon,0.0003,normuon-lr3e-4,0.7936,0.5673211216926575,6.894197952218429e-05,0.23026630878448487,3100
dense,normuon,0.0003,normuon-lr3e-4,0.79616,0.5374172925949097,6.808873720136518e-05,0.2427572250366211,3110
dense,normuon,0.0003,normuon-lr3e-4,0.79872,0.44986990094184875,6.723549488054606e-05,0.2082505702972412,3120
dense,normuon,0.0003,normuon-lr3e-4,0.80128,0.6478583216667175,6.638225255972696e-05,0.2334606170654297,3130
dense,normuon,0.0003,normuon-lr3e-4,0.80384,0.6631545424461365,6.552901023890784e-05,0.25012774467468263,3140
dense,normuon,0.0003,normuon-lr3e-4,0.8064,0.5767174959182739,6.467576791808874e-05,0.24631094932556152,3150
dense,normuon,0.0003,normuon-lr3e-4,0.80896,0.6451557874679565,6.382252559726962e-05,0.25175042152404786,3160
dense,normuon,0.0003,normuon-lr3e-4,0.81152,0.606808602809906,6.29692832764505e-05,0.25923609733581543,3170
dense,normuon,0.0003,normuon-lr3e-4,0.81408,0.5713884234428406,6.21160409556314e-05,0.2512631416320801,3180
dense,normuon,0.0003,normuon-lr3e-4,0.81664,0.7051182985305786,6.126279863481228e-05,0.24159255027770996,3190
dense,normuon,0.0003,normuon-lr3e-4,0.8192,0.6789937019348145,6.040955631399317e-05,0.2482680082321167,3200
dense,normuon,0.0003,normuon-lr3e-4,0.82176,0.6469520330429077,5.9556313993174056e-05,0.2470088481903076,3210
dense,normuon,0.0003,normuon-lr3e-4,0.82432,0.7760956883430481,5.8703071672354944e-05,0.2409362316131592,3220
dense,normuon,0.0003,normuon-lr3e-4,0.82688,0.5773060917854309,5.784982935153583e-05,0.21836493015289307,3230
dense,normuon,0.0003,normuon-lr3e-4,0.82944,0.7050470113754272,5.6996587030716715e-05,0.24787647724151612,3240
dense,normuon,0.0003,normuon-lr3e-4,0.832,0.5508314967155457,5.6143344709897604e-05,0.24999871253967285,3250
dense,normuon,0.0003,normuon-lr3e-4,0.83456,0.6543153524398804,5.529010238907849e-05,0.2671347618103027,3260
dense,normuon,0.0003,normuon-lr3e-4,0.83712,0.5247485637664795,5.443686006825938e-05,0.23053102493286132,3270
dense,normuon,0.0003,normuon-lr3e-4,0.83968,0.6632354855537415,5.358361774744027e-05,0.2655486106872559,3280
dense,normuon,0.0003,normuon-lr3e-4,0.84224,0.5466452240943909,5.273037542662116e-05,0.2396089553833008,3290
dense,normuon,0.0003,normuon-lr3e-4,0.8448,0.5517093539237976,5.187713310580205e-05,0.23652329444885253,3300
dense,normuon,0.0003,normuon-lr3e-4,0.84736,0.5815325379371643,5.1023890784982936e-05,0.23692731857299804,3310
dense,normuon,0.0003,normuon-lr3e-4,0.84992,0.5212245583534241,5.017064846416382e-05,0.2341912269592285,3320
dense,normuon,0.0003,normuon-lr3e-4,0.85248,0.6412649750709534,4.9317406143344707e-05,0.2747894287109375,3330
dense,normuon,0.0003,normuon-lr3e-4,0.85504,0.547275960445404,4.8464163822525595e-05,0.23522229194641114,3340
dense,normuon,0.0003,normuon-lr3e-4,0.8576,0.6540060043334961,4.7610921501706484e-05,0.24391636848449708,3350
dense,normuon,0.0003,normuon-lr3e-4,0.86016,0.5189662575721741,4.675767918088737e-05,0.2839550495147705,3360
dense,normuon,0.0003,normuon-lr3e-4,0.86272,0.5659334063529968,4.590443686006826e-05,0.23200109004974365,3370
dense,normuon,0.0003,normuon-lr3e-4,0.86528,0.7460573315620422,4.505119453924915e-05,0.2397528886795044,3380
dense,normuon,0.0003,normuon-lr3e-4,0.86784,0.5806624889373779,4.4197952218430025e-05,0.2457724094390869,3390
dense,normuon,0.0003,normuon-lr3e-4,0.8704,0.7014886736869812,4.3344709897610914e-05,0.27018165588378906,3400
dense,normuon,0.0003,normuon-lr3e-4,0.87296,0.625993013381958,4.24914675767918e-05,0.2530825614929199,3410
dense,normuon,0.0003,normuon-lr3e-4,0.87552,0.6494066119194031,4.163822525597269e-05,0.24782121181488037,3420
dense,normuon,0.0003,normuon-lr3e-4,0.87808,0.7704416513442993,4.078498293515358e-05,0.27074370384216306,3430
dense,normuon,0.0003,normuon-lr3e-4,0.88064,0.6038640141487122,3.993174061433447e-05,0.25885844230651855,3440
dense,normuon,0.0003,normuon-lr3e-4,0.8832,0.669359028339386,3.907849829351536e-05,0.2638726711273193,3450
dense,normuon,0.0003,normuon-lr3e-4,0.88576,0.5855771899223328,3.822525597269624e-05,0.2503469228744507,3460
dense,normuon,0.0003,normuon-lr3e-4,0.88832,0.6675209403038025,3.737201365187713e-05,0.2757756233215332,3470
dense,normuon,0.0003,normuon-lr3e-4,0.89088,0.4787749946117401,3.651877133105802e-05,0.255918025970459,3480
dense,normuon,0.0003,normuon-lr3e-4,0.89344,0.6914591193199158,3.5665529010238906e-05,0.25115997791290284,3490
dense,normuon,0.0003,normuon-lr3e-4,0.896,0.4747845530509949,3.4812286689419794e-05,0.25206589698791504,3500
dense,normuon,0.0003,normuon-lr3e-4,0.89856,0.6174702048301697,3.3959044368600676e-05,0.24029395580291749,3510
dense,normuon,0.0003,normuon-lr3e-4,0.90112,0.6848927736282349,3.3105802047781565e-05,0.263381028175354,3520
dense,normuon,0.0003,normuon-lr3e-4,0.90368,0.6404619216918945,3.2252559726962454e-05,0.26724443435668943,3530
dense,normuon,0.0003,normuon-lr3e-4,0.90624,0.7279760241508484,3.139931740614334e-05,0.24561498165130616,3540
dense,normuon,0.0003,normuon-lr3e-4,0.9088,0.588141679763794,3.054607508532423e-05,0.2585953712463379,3550
dense,normuon,0.0003,normuon-lr3e-4,0.91136,0.5717417597770691,2.9692832764505117e-05,0.26192526817321776,3560
dense,normuon,0.0003,normuon-lr3e-4,0.91392,0.6500252485275269,2.8839590443686005e-05,0.2611636400222778,3570
dense,normuon,0.0003,normuon-lr3e-4,0.91648,0.7633154392242432,2.798634812286689e-05,0.24716930389404296,3580
dense,normuon,0.0003,normuon-lr3e-4,0.91904,0.5655302405357361,2.713310580204778e-05,0.26508140563964844,3590
dense,normuon,0.0003,normuon-lr3e-4,0.9216,0.7682839632034302,2.6279863481228668e-05,0.22981600761413573,3600
dense,normuon,0.0003,normuon-lr3e-4,0.92416,0.49533140659332275,2.5426621160409553e-05,0.25200073719024657,3610
dense,normuon,0.0003,normuon-lr3e-4,0.92672,0.47510814666748047,2.4573378839590442e-05,0.2370466709136963,3620
dense,normuon,0.0003,normuon-lr3e-4,0.92928,0.690613329410553,2.372013651877133e-05,0.25814812183380126,3630
dense,normuon,0.0003,normuon-lr3e-4,0.93184,0.6042129993438721,2.286689419795222e-05,0.25932955741882324,3640
dense,normuon,0.0003,normuon-lr3e-4,0.9344,0.507752537727356,2.20136518771331e-05,0.2544732093811035,3650
dense,normuon,0.0003,normuon-lr3e-4,0.93696,0.5509205460548401,2.116040955631399e-05,0.26386198997497556,3660
dense,normuon,0.0003,normuon-lr3e-4,0.93952,0.6067937612533569,2.030716723549488e-05,0.27046928405761717,3670
dense,normuon,0.0003,normuon-lr3e-4,0.94208,0.5654650926589966,1.9453924914675764e-05,0.2379927635192871,3680
dense,normuon,0.0003,normuon-lr3e-4,0.94464,0.8010425567626953,1.8600682593856653e-05,0.2623497486114502,3690
dense,normuon,0.0003,normuon-lr3e-4,0.9472,0.5644617080688477,1.7747440273037542e-05,0.23482356071472169,3700
dense,normuon,0.0003,normuon-lr3e-4,0.94976,0.613732099533081,1.6894197952218427e-05,0.27890501022338865,3710
dense,normuon,0.0003,normuon-lr3e-4,0.95232,0.7494214773178101,1.6040955631399316e-05,0.23499197959899903,3720
dense,normuon,0.0003,normuon-lr3e-4,0.95488,0.7488518357276917,1.5187713310580203e-05,0.2733083009719849,3730
dense,normuon,0.0003,normuon-lr3e-4,0.95744,0.6824683547019958,1.4334470989761092e-05,0.25393261909484866,3740
dense,normuon,0.0003,normuon-lr3e-4,0.96,0.5482384562492371,1.3481228668941979e-05,0.2467482089996338,3750
dense,normuon,0.0003,normuon-lr3e-4,0.96256,0.5668403506278992,1.2627986348122866e-05,0.23229596614837647,3760
dense,normuon,0.0003,normuon-lr3e-4,0.96512,0.6628277897834778,1.1774744027303754e-05,0.262350869178772,3770
dense,normuon,0.0003,normuon-lr3e-4,0.96768,0.5390612483024597,1.092150170648464e-05,0.24874353408813477,3780
dense,normuon,0.0003,normuon-lr3e-4,0.97024,0.6477839350700378,1.0068259385665528e-05,0.20962979793548583,3790
dense,normuon,0.0003,normuon-lr3e-4,0.9728,0.4309587776660919,9.215017064846415e-06,0.21938519477844237,3800
dense,normuon,0.0003,normuon-lr3e-4,0.97536,0.6928578019142151,8.361774744027302e-06,0.25624713897705076,3810
dense,normuon,0.0003,normuon-lr3e-4,0.97792,0.6750333309173584,7.50853242320819e-06,0.277258038520813,3820
dense,normuon,0.0003,normuon-lr3e-4,0.98048,0.6229718923568726,6.655290102389078e-06,0.24227612018585204,3830
dense,normuon,0.0003,normuon-lr3e-4,0.98304,0.6346607804298401,5.802047781569966e-06,0.27057411670684817,3840
dense,normuon,0.0003,normuon-lr3e-4,0.9856,0.7218093872070312,4.948805460750853e-06,0.24443693161010743,3850
dense,normuon,0.0003,normuon-lr3e-4,0.98816,0.5429971218109131,4.09556313993174e-06,0.2345658302307129,3860
dense,normuon,0.0003,normuon-lr3e-4,0.99072,0.6360024213790894,3.242320819112628e-06,0.22350287437438965,3870
dense,normuon,0.0003,normuon-lr3e-4,0.99328,0.5755364298820496,2.389078498293515e-06,0.23885526657104492,3880
dense,normuon,0.0003,normuon-lr3e-4,0.99584,0.510059118270874,1.5358361774744026e-06,0.2275176763534546,3890
dense,normuon,0.0003,normuon-lr3e-4,0.9984,0.6254304051399231,6.8259385665529e-07,0.2673696994781494,3900
dense,normuon,0.001,normuon-lr1e-3,0.000256,2.1911866664886475,0.0,1.2221720218658447,1
dense,normuon,0.001,normuon-lr1e-3,0.00256,2.1512420177459717,2.3017902813299234e-05,1.2164776060316298,10
dense,normuon,0.001,normuon-lr1e-3,0.00512,2.1459639072418213,4.859335038363171e-05,1.2069778442382812,20
dense,normuon,0.001,normuon-lr1e-3,0.00768,2.517158031463623,7.41687979539642e-05,1.1327850341796875,30
dense,normuon,0.001,normuon-lr1e-3,0.01024,1.9518333673477173,9.974424552429667e-05,1.1490153312683105,40
dense,normuon,0.001,normuon-lr1e-3,0.0128,2.0905954837799072,0.00012531969309462915,1.0321737289428712,50
dense,normuon,0.001,normuon-lr1e-3,0.01536,1.6699522733688354,0.00015089514066496162,0.9712882995605469,60
dense,normuon,0.001,normuon-lr1e-3,0.01792,1.6962248086929321,0.00017647058823529413,0.9235491752624512,70
dense,normuon,0.001,normuon-lr1e-3,0.02048,1.594390630722046,0.0002020460358056266,0.8805294990539551,80
dense,normuon,0.001,normuon-lr1e-3,0.02304,1.3903814554214478,0.0002276214833759591,0.8038864135742188,90
dense,normuon,0.001,normuon-lr1e-3,0.0256,1.3817105293273926,0.0002531969309462916,0.7306605815887451,100
dense,normuon,0.001,normuon-lr1e-3,0.02816,1.302293062210083,0.00027877237851662407,0.7474552631378174,110
dense,normuon,0.001,normuon-lr1e-3,0.03072,1.7180898189544678,0.00030434782608695655,0.7003006935119629,120
dense,normuon,0.001,normuon-lr1e-3,0.03328,1.3824657201766968,0.00032992327365728903,0.7122616767883301,130
dense,normuon,0.001,normuon-lr1e-3,0.03584,1.0735750198364258,0.0003554987212276215,0.5803585052490234,140
dense,normuon,0.001,normuon-lr1e-3,0.0384,1.002816081047058,0.000381074168797954,0.6125967025756835,150
dense,normuon,0.001,normuon-lr1e-3,0.04096,1.0250263214111328,0.00040664961636828646,0.52235107421875,160
dense,normuon,0.001,normuon-lr1e-3,0.04352,1.06595778465271,0.00043222506393861894,0.5580954551696777,170
dense,normuon,0.001,normuon-lr1e-3,0.04608,0.9057653546333313,0.0004578005115089514,0.5167519092559815,180
dense,normuon,0.001,normuon-lr1e-3,0.04864,0.7870601415634155,0.0004833759590792839,0.43387999534606936,190
dense,normuon,0.001,normuon-lr1e-3,0.0512,0.6487656831741333,0.0005089514066496163,0.4842363357543945,200
dense,normuon,0.001,normuon-lr1e-3,0.05376,1.0520607233047485,0.0005345268542199488,0.46526279449462893,210
dense,normuon,0.001,normuon-lr1e-3,0.05632,0.9250771403312683,0.0005601023017902813,0.4661728858947754,220
dense,normuon,0.001,normuon-lr1e-3,0.05888,0.8815522789955139,0.0005856777493606138,0.5048449516296387,230
dense,normuon,0.001,normuon-lr1e-3,0.06144,0.8751410841941833,0.0006112531969309462,0.46015496253967286,240
dense,normuon,0.001,normuon-lr1e-3,0.064,0.6102915406227112,0.0006368286445012787,0.4357550621032715,250
dense,normuon,0.001,normuon-lr1e-3,0.06656,0.8675198554992676,0.0006624040920716112,0.41677236557006836,260
dense,normuon,0.001,normuon-lr1e-3,0.06912,0.8470473885536194,0.0006879795396419437,0.4005709648132324,270
dense,normuon,0.001,normuon-lr1e-3,0.07168,0.8730573058128357,0.0007135549872122762,0.41315279006958006,280
dense,normuon,0.001,normuon-lr1e-3,0.07424,0.92929607629776,0.0007391304347826086,0.4180591583251953,290
dense,normuon,0.001,normuon-lr1e-3,0.0768,0.7506707906723022,0.0007647058823529411,0.39598259925842283,300
dense,normuon,0.001,normuon-lr1e-3,0.07936,0.8289364576339722,0.0007902813299232737,0.40603909492492674,310
dense,normuon,0.001,normuon-lr1e-3,0.08192,0.6889802813529968,0.0008158567774936062,0.3519869804382324,320
dense,normuon,0.001,normuon-lr1e-3,0.08448,0.7781595587730408,0.0008414322250639387,0.3628659248352051,330
dense,normuon,0.001,normuon-lr1e-3,0.08704,0.8573278188705444,0.0008670076726342711,0.3979761600494385,340
dense,normuon,0.001,normuon-lr1e-3,0.0896,0.7818980813026428,0.0008925831202046036,0.3486973524093628,350
dense,normuon,0.001,normuon-lr1e-3,0.09216,0.8913901448249817,0.0009181585677749361,0.36264820098876954,360
dense,normuon,0.001,normuon-lr1e-3,0.09472,0.695848286151886,0.0009437340153452686,0.35510783195495604,370
dense,normuon,0.001,normuon-lr1e-3,0.09728,0.7858455777168274,0.000969309462915601,0.37698333263397216,380
dense,normuon,0.001,normuon-lr1e-3,0.09984,0.7016146183013916,0.0009948849104859335,0.3687904834747314,390
dense,normuon,0.001,normuon-lr1e-3,0.1024,0.687877357006073,0.0009977246871444823,0.36767001152038575,400
dense,normuon,0.001,normuon-lr1e-3,0.10496,0.7418410181999207,0.0009948805460750854,0.35635223388671877,410
dense,normuon,0.001,normuon-lr1e-3,0.10752,0.83030766248703,0.0009920364050056882,0.3359719753265381,420
dense,normuon,0.001,normuon-lr1e-3,0.11008,0.7356482744216919,0.0009891922639362913,0.3455711841583252,430
dense,normuon,0.001,normuon-lr1e-3,0.11264,0.5862761735916138,0.0009863481228668941,0.3657020092010498,440
dense,normuon,0.001,normuon-lr1e-3,0.1152,0.7743198275566101,0.0009835039817974972,0.35055956840515134,450
dense,normuon,0.001,normuon-lr1e-3,0.11776,0.6996853351593018,0.0009806598407281,0.3521894931793213,460
dense,normuon,0.001,normuon-lr1e-3,0.12032,0.8460407853126526,0.000977815699658703,0.37195987701416017,470
dense,normuon,0.001,normuon-lr1e-3,0.12288,0.8799698948860168,0.000974971558589306,0.3873923301696777,480
dense,normuon,0.001,normuon-lr1e-3,0.12544,0.6789475679397583,0.000972127417519909,0.3469810962677002,490
dense,normuon,0.001,normuon-lr1e-3,0.128,0.5244842171669006,0.0009692832764505119,0.3631718158721924,500
dense,normuon,0.001,normuon-lr1e-3,0.13056,0.6341546177864075,0.000966439135381115,0.4125352382659912,510
dense,normuon,0.001,normuon-lr1e-3,0.13312,0.7151034474372864,0.0009635949943117179,0.34686956405639646,520
dense,normuon,0.001,normuon-lr1e-3,0.13568,0.754086434841156,0.0009607508532423208,0.36928863525390626,530
dense,normuon,0.001,normuon-lr1e-3,0.13824,0.760398805141449,0.0009579067121729238,0.33377909660339355,540
dense,normuon,0.001,normuon-lr1e-3,0.1408,0.7780049443244934,0.0009550625711035268,0.35008630752563474,550
dense,normuon,0.001,normuon-lr1e-3,0.14336,0.8392403721809387,0.0009522184300341296,0.39010403156280515,560
dense,normuon,0.001,normuon-lr1e-3,0.14592,0.611005961894989,0.0009493742889647327,0.31924095153808596,570
dense,normuon,0.001,normuon-lr1e-3,0.14848,0.6814951300621033,0.0009465301478953356,0.33979001045227053,580
dense,normuon,0.001,normuon-lr1e-3,0.15104,0.7074213624000549,0.0009436860068259387,0.3355104446411133,590
dense,normuon,0.001,normuon-lr1e-3,0.1536,0.931053102016449,0.0009408418657565415,0.3415424108505249,600
dense,normuon,0.001,normuon-lr1e-3,0.15616,0.8121242523193359,0.0009379977246871445,0.3514134883880615,610
dense,normuon,0.001,normuon-lr1e-3,0.15872,0.6986603736877441,0.0009351535836177475,0.3346866130828857,620
dense,normuon,0.001,normuon-lr1e-3,0.16128,0.7824243903160095,0.0009323094425483504,0.3559715986251831,630
dense,normuon,0.001,normuon-lr1e-3,0.16384,0.7016561031341553,0.0009294653014789533,0.35713303089141846,640
dense,normuon,0.001,normuon-lr1e-3,0.1664,0.6884831190109253,0.0009266211604095564,0.3823263645172119,650
dense,normuon,0.001,normuon-lr1e-3,0.16896,0.8506450653076172,0.0009237770193401593,0.318865966796875,660
dense,normuon,0.001,normuon-lr1e-3,0.17152,0.5614884495735168,0.0009209328782707622,0.3237204074859619,670
dense,normuon,0.001,normuon-lr1e-3,0.17408,0.6981990933418274,0.0009180887372013652,0.3673471689224243,680
dense,normuon,0.001,normuon-lr1e-3,0.17664,0.6914631128311157,0.0009152445961319682,0.35647950172424314,690
dense,normuon,0.001,normuon-lr1e-3,0.1792,0.5598852038383484,0.0009124004550625711,0.3493361473083496,700
dense,normuon,0.001,normuon-lr1e-3,0.18176,0.6908614635467529,0.0009095563139931741,0.3289369583129883,710
dense,normuon,0.001,normuon-lr1e-3,0.18432,0.6910162568092346,0.000906712172923777,0.37883291244506834,720
dense,normuon,0.001,normuon-lr1e-3,0.18688,0.6244898438453674,0.0009038680318543801,0.32361478805541993,730
dense,normuon,0.001,normuon-lr1e-3,0.18944,0.6124060750007629,0.0009010238907849829,0.3290090084075928,740
dense,normuon,0.001,normuon-lr1e-3,0.192,0.6954336762428284,0.0008981797497155859,0.3442545413970947,750
dense,normuon,0.001,normuon-lr1e-3,0.19456,0.7563795447349548,0.0008953356086461889,0.3453913450241089,760
dense,normuon,0.001,normuon-lr1e-3,0.19712,0.7809522151947021,0.0008924914675767918,0.33814387321472167,770
dense,normuon,0.001,normuon-lr1e-3,0.19968,0.7997714281082153,0.0008896473265073947,0.3715475559234619,780
dense,normuon,0.001,normuon-lr1e-3,0.20224,0.7015133500099182,0.0008868031854379978,0.3191214561462402,790
dense,normuon,0.001,normuon-lr1e-3,0.2048,0.7970413565635681,0.0008839590443686007,0.34689717292785643,800
dense,normuon,0.001,normuon-lr1e-3,0.20736,1.0010390281677246,0.0008811149032992037,0.35032196044921876,810
dense,normuon,0.001,normuon-lr1e-3,0.20992,0.5575457811355591,0.0008782707622298066,0.3417701244354248,820
dense,normuon,0.001,normuon-lr1e-3,0.21248,0.5806981921195984,0.0008754266211604096,0.32890496253967283,830
dense,normuon,0.001,normuon-lr1e-3,0.21504,0.6158344745635986,0.0008725824800910125,0.35080571174621583,840
dense,normuon,0.001,normuon-lr1e-3,0.2176,0.6973303556442261,0.0008697383390216155,0.3124099254608154,850
dense,normuon,0.001,normuon-lr1e-3,0.22016,0.6568120718002319,0.0008668941979522184,0.30189993381500246,860
dense,normuon,0.001,normuon-lr1e-3,0.22272,0.667647659778595,0.0008640500568828215,0.3048898220062256,870
dense,normuon,0.001,normuon-lr1e-3,0.22528,0.6154868006706238,0.0008612059158134243,0.34038610458374025,880
dense,normuon,0.001,normuon-lr1e-3,0.22784,0.7885646224021912,0.0008583617747440274,0.3383073329925537,890
dense,normuon,0.001,normuon-lr1e-3,0.2304,0.5925123691558838,0.0008555176336746303,0.3098194122314453,900
dense,normuon,0.001,normuon-lr1e-3,0.23296,0.8483707904815674,0.0008526734926052332,0.3163741588592529,910
dense,normuon,0.001,normuon-lr1e-3,0.23552,0.8902415633201599,0.0008498293515358362,0.38144986629486083,920
dense,normuon,0.001,normuon-lr1e-3,0.23808,0.6266869902610779,0.0008469852104664392,0.3494263172149658,930
dense,normuon,0.001,normuon-lr1e-3,0.24064,0.656671404838562,0.0008441410693970421,0.3305469751358032,940
dense,normuon,0.001,normuon-lr1e-3,0.2432,0.701104998588562,0.0008412969283276451,0.3251172065734863,950
dense,normuon,0.001,normuon-lr1e-3,0.24576,0.645650327205658,0.000838452787258248,0.3564774036407471,960
dense,normuon,0.001,normuon-lr1e-3,0.24832,0.5096549391746521,0.0008356086461888511,0.3118844985961914,970
dense,normuon,0.001,normuon-lr1e-3,0.25088,0.7280160188674927,0.0008327645051194539,0.36285901069641113,980
dense,normuon,0.001,normuon-lr1e-3,0.25344,0.5328953266143799,0.0008299203640500569,0.2907547473907471,990
dense,normuon,0.001,normuon-lr1e-3,0.256,0.5958720445632935,0.0008270762229806599,0.3238965034484863,1000
dense,normuon,0.001,normuon-lr1e-3,0.25856,0.525523841381073,0.0008242320819112629,0.3069638252258301,1010
dense,normuon,0.001,normuon-lr1e-3,0.26112,0.7366558909416199,0.0008213879408418657,0.3174086093902588,1020
dense,normuon,0.001,normuon-lr1e-3,0.26368,0.7203450798988342,0.0008185437997724688,0.3162015199661255,1030
dense,normuon,0.001,normuon-lr1e-3,0.26624,0.5850845575332642,0.0008156996587030717,0.2857504367828369,1040
dense,normuon,0.001,normuon-lr1e-3,0.2688,0.8202230930328369,0.0008128555176336746,0.3282607078552246,1050
dense,normuon,0.001,normuon-lr1e-3,0.27136,0.5505315065383911,0.0008100113765642776,0.30622565746307373,1060
dense,normuon,0.001,normuon-lr1e-3,0.27392,0.7291676998138428,0.0008071672354948806,0.34009613990783694,1070
dense,normuon,0.001,normuon-lr1e-3,0.27648,1.5316388607025146,0.0008043230944254836,0.3055762052536011,1080
dense,normuon,0.001,normuon-lr1e-3,0.27904,0.7583411931991577,0.0008014789533560865,0.3300445079803467,1090
dense,normuon,0.001,normuon-lr1e-3,0.2816,0.6140766739845276,0.0007986348122866894,0.3425925254821777,1100
dense,normuon,0.001,normuon-lr1e-3,0.28416,0.735416829586029,0.0007957906712172925,0.3099327087402344,1110
dense,normuon,0.001,normuon-lr1e-3,0.28672,0.6153311133384705,0.0007929465301478953,0.33457140922546386,1120
dense,normuon,0.001,normuon-lr1e-3,0.28928,0.6947284936904907,0.0007901023890784983,0.30783987045288086,1130
dense,normuon,0.001,normuon-lr1e-3,0.29184,0.810165524482727,0.0007872582480091013,0.3082097053527832,1140
dense,normuon,0.001,normuon-lr1e-3,0.2944,0.7202475666999817,0.0007844141069397043,0.334932279586792,1150
dense,normuon,0.001,normuon-lr1e-3,0.29696,0.7153316736221313,0.0007815699658703072,0.299923038482666,1160
dense,normuon,0.001,normuon-lr1e-3,0.29952,0.5679512023925781,0.0007787258248009102,0.30226280689239504,1170
dense,normuon,0.001,normuon-lr1e-3,0.30208,0.6824703216552734,0.0007758816837315131,0.33544323444366453,1180
dense,normuon,0.001,normuon-lr1e-3,0.30464,0.5354973673820496,0.000773037542662116,0.36145553588867185,1190
dense,normuon,0.001,normuon-lr1e-3,0.3072,0.7435660362243652,0.000770193401592719,0.334836745262146,1200
dense,normuon,0.001,normuon-lr1e-3,0.30976,0.7405210733413696,0.000767349260523322,0.2912097454071045,1210
dense,normuon,0.001,normuon-lr1e-3,0.31232,0.560562014579773,0.000764505119453925,0.35437893867492676,1220
dense,normuon,0.001,normuon-lr1e-3,0.31488,0.6427466869354248,0.0007616609783845278,0.3296522617340088,1230
dense,normuon,0.001,normuon-lr1e-3,0.31744,0.5686771869659424,0.0007588168373151308,0.3109420299530029,1240
dense,normuon,0.001,normuon-lr1e-3,0.32,0.7674890756607056,0.0007559726962457339,0.32851247787475585,1250
dense,normuon,0.001,normuon-lr1e-3,0.32256,0.5877165794372559,0.0007531285551763367,0.3267725706100464,1260
dense,normuon,0.001,normuon-lr1e-3,0.32512,0.7123942971229553,0.0007502844141069398,0.3341997146606445,1270
dense,normuon,0.001,normuon-lr1e-3,0.32768,0.6782361268997192,0.0007474402730375427,0.31235570907592775,1280
dense,normuon,0.001,normuon-lr1e-3,0.33024,0.5836082696914673,0.0007445961319681457,0.2854653596878052,1290
dense,normuon,0.001,normuon-lr1e-3,0.3328,0.681525707244873,0.0007417519908987486,0.31874475479125974,1300
dense,normuon,0.001,normuon-lr1e-3,0.33536,0.6592733860015869,0.0007389078498293515,0.31933763027191164,1310
dense,normuon,0.001,normuon-lr1e-3,0.33792,0.7437180876731873,0.0007360637087599545,0.3126521587371826,1320
dense,normuon,0.001,normuon-lr1e-3,0.34048,0.6553218364715576,0.0007332195676905574,0.303671669960022,1330
dense,normuon,0.001,normuon-lr1e-3,0.34304,0.6349883079528809,0.0007303754266211604,0.35403013229370117,1340
dense,normuon,0.001,normuon-lr1e-3,0.3456,0.5722237825393677,0.0007275312855517635,0.30404129028320315,1350
dense,normuon,0.001,normuon-lr1e-3,0.34816,0.6888665556907654,0.0007246871444823664,0.33030924797058103,1360
dense,normuon,0.001,normuon-lr1e-3,0.35072,0.4727059602737427,0.0007218430034129692,0.2920816421508789,1370
dense,normuon,0.001,normuon-lr1e-3,0.35328,0.6527968645095825,0.0007189988623435723,0.3123356103897095,1380
dense,normuon,0.001,normuon-lr1e-3,0.35584,0.5762876272201538,0.0007161547212741752,0.29271862506866453,1390
dense,normuon,0.001,normuon-lr1e-3,0.3584,0.6724673509597778,0.0007133105802047781,0.34275791645050047,1400
dense,normuon,0.001,normuon-lr1e-3,0.36096,0.6193990707397461,0.0007104664391353811,0.3298486232757568,1410
dense,normuon,0.001,normuon-lr1e-3,0.36352,0.6502758860588074,0.0007076222980659841,0.2833107948303223,1420
dense,normuon,0.001,normuon-lr1e-3,0.36608,0.7837685942649841,0.000704778156996587,0.318156099319458,1430
dense,normuon,0.001,normuon-lr1e-3,0.36864,0.6866123080253601,0.00070193401592719,0.2994410037994385,1440
dense,normuon,0.001,normuon-lr1e-3,0.3712,0.8014200329780579,0.0006990898748577929,0.3568495035171509,1450
dense,normuon,0.001,normuon-lr1e-3,0.37376,0.5669370889663696,0.000696245733788396,0.33019869327545165,1460
dense,normuon,0.001,normuon-lr1e-3,0.37632,0.5659534931182861,0.0006934015927189988,0.30889325141906737,1470
dense,normuon,0.001,normuon-lr1e-3,0.37888,0.6763999462127686,0.0006905574516496018,0.34787211418151853,1480
dense,normuon,0.001,normuon-lr1e-3,0.38144,0.7284644246101379,0.0006877133105802048,0.319759202003479,1490
dense,normuon,0.001,normuon-lr1e-3,0.384,0.6777101159095764,0.0006848691695108078,0.30094213485717775,1500
dense,normuon,0.001,normuon-lr1e-3,0.38656,0.6513170599937439,0.0006820250284414106,0.314194917678833,1510
dense,normuon,0.001,normuon-lr1e-3,0.38912,0.6156960129737854,0.0006791808873720137,0.282585597038269,1520
dense,normuon,0.001,normuon-lr1e-3,0.39168,0.7026365399360657,0.0006763367463026166,0.313872766494751,1530
dense,normuon,0.001,normuon-lr1e-3,0.39424,0.6120036244392395,0.0006734926052332196,0.29447460174560547,1540
dense,normuon,0.001,normuon-lr1e-3,0.3968,0.6017084717750549,0.0006706484641638225,0.3216902017593384,1550
dense,normuon,0.001,normuon-lr1e-3,0.39936,0.5976155400276184,0.0006678043230944255,0.3253315448760986,1560
dense,normuon,0.001,normuon-lr1e-3,0.40192,0.6530343294143677,0.0006649601820250285,0.3109706401824951,1570
dense,normuon,0.001,normuon-lr1e-3,0.40448,0.5294373631477356,0.0006621160409556314,0.28620693683624265,1580
dense,normuon,0.001,normuon-lr1e-3,0.40704,0.4314684569835663,0.0006592718998862343,0.279822850227356,1590
dense,normuon,0.001,normuon-lr1e-3,0.4096,0.7795719504356384,0.0006564277588168374,0.29724993705749514,1600
dense,normuon,0.001,normuon-lr1e-3,0.41216,0.679294228553772,0.0006535836177474402,0.3439344882965088,1610
dense,normuon,0.001,normuon-lr1e-3,0.41472,0.5227668285369873,0.0006507394766780432,0.3063772201538086,1620
dense,normuon,0.001,normuon-lr1e-3,0.41728,0.6732053756713867,0.0006478953356086462,0.2996711015701294,1630
dense,normuon,0.001,normuon-lr1e-3,0.41984,0.5471400618553162,0.0006450511945392492,0.3216678619384766,1640
dense,normuon,0.001,normuon-lr1e-3,0.4224,0.7056484222412109,0.0006422070534698521,0.2573413610458374,1650
dense,normuon,0.001,normuon-lr1e-3,0.42496,0.7021872997283936,0.0006393629124004551,0.31923723220825195,1660
dense,normuon,0.001,normuon-lr1e-3,0.42752,0.5665411353111267,0.000636518771331058,0.2966332912445068,1670
dense,normuon,0.001,normuon-lr1e-3,0.43008,0.6881420612335205,0.000633674630261661,0.3124897003173828,1680
dense,normuon,0.001,normuon-lr1e-3,0.43264,0.6747056245803833,0.0006308304891922639,0.28240299224853516,1690
dense,normuon,0.001,normuon-lr1e-3,0.4352,0.5830586552619934,0.0006279863481228669,0.34086408615112307,1700
dense,normuon,0.001,normuon-lr1e-3,0.43776,0.6466140747070312,0.0006251422070534699,0.29825620651245116,1710
dense,normuon,0.001,normuon-lr1e-3,0.44032,0.5740833282470703,0.0006222980659840728,0.30837235450744627,1720
dense,normuon,0.001,normuon-lr1e-3,0.44288,0.6007667779922485,0.0006194539249146758,0.29856300354003906,1730
dense,normuon,0.001,normuon-lr1e-3,0.44544,0.5695987343788147,0.0006166097838452788,0.32598013877868653,1740
dense,normuon,0.001,normuon-lr1e-3,0.448,0.7295846939086914,0.0006137656427758816,0.3262977123260498,1750
dense,normuon,0.001,normuon-lr1e-3,0.45056,0.6637767553329468,0.0006109215017064847,0.3310819149017334,1760
dense,normuon,0.001,normuon-lr1e-3,0.45312,0.596857488155365,0.0006080773606370876,0.2777485132217407,1770
dense,normuon,0.001,normuon-lr1e-3,0.45568,0.8022236824035645,0.0006052332195676906,0.3154377698898315,1780
dense,normuon,0.001,normuon-lr1e-3,0.45824,0.5877305865287781,0.0006023890784982935,0.2835312128067017,1790
dense,normuon,0.001,normuon-lr1e-3,0.4608,0.5414859056472778,0.0005995449374288965,0.2999127864837646,1800
dense,normuon,0.001,normuon-lr1e-3,0.46336,0.623354434967041,0.0005967007963594994,0.2918931722640991,1810
dense,normuon,0.001,normuon-lr1e-3,0.46592,0.617152988910675,0.0005938566552901024,0.30395007133483887,1820
dense,normuon,0.001,normuon-lr1e-3,0.46848,0.7215790748596191,0.0005910125142207053,0.2994800090789795,1830
dense,normuon,0.001,normuon-lr1e-3,0.47104,0.6347541213035583,0.0005881683731513084,0.30354630947113037,1840
dense,normuon,0.001,normuon-lr1e-3,0.4736,0.5206061005592346,0.0005853242320819113,0.30671143531799316,1850
dense,normuon,0.001,normuon-lr1e-3,0.47616,0.6544939279556274,0.0005824800910125142,0.28472375869750977,1860
dense,normuon,0.001,normuon-lr1e-3,0.47872,0.6525697112083435,0.0005796359499431172,0.3162980079650879,1870
dense,normuon,0.001,normuon-lr1e-3,0.48128,0.5545832514762878,0.0005767918088737202,0.29818997383117674,1880
dense,normuon,0.001,normuon-lr1e-3,0.48384,0.727847695350647,0.000573947667804323,0.3334364414215088,1890
dense,normuon,0.001,normuon-lr1e-3,0.4864,0.4534042775630951,0.0005711035267349261,0.29611117839813234,1900
dense,normuon,0.001,normuon-lr1e-3,0.48896,0.5481852293014526,0.000568259385665529,0.28386070728302004,1910
dense,normuon,0.001,normuon-lr1e-3,0.49152,0.6908436417579651,0.0005654152445961321,0.314484691619873,1920
dense,normuon,0.001,normuon-lr1e-3,0.49408,0.7328854203224182,0.0005625711035267349,0.27555825710296633,1930
dense,normuon,0.001,normuon-lr1e-3,0.49664,0.6911557912826538,0.0005597269624573379,0.28035597801208495,1940
dense,normuon,0.001,normuon-lr1e-3,0.4992,0.5326129198074341,0.0005568828213879409,0.28783278465270995,1950
dense,normuon,0.001,normuon-lr1e-3,0.50176,0.6473293304443359,0.0005540386803185438,0.30301852226257325,1960
dense,normuon,0.001,normuon-lr1e-3,0.50432,0.6311743259429932,0.0005511945392491467,0.2780006885528564,1970
dense,normuon,0.001,normuon-lr1e-3,0.50688,0.6757479310035706,0.0005483503981797498,0.292725944519043,1980
dense,normuon,0.001,normuon-lr1e-3,0.50944,0.5481289625167847,0.0005455062571103527,0.295131778717041,1990
dense,normuon,0.001,normuon-lr1e-3,0.512,0.7713274359703064,0.0005426621160409556,0.34032745361328126,2000
dense,normuon,0.001,normuon-lr1e-3,0.51456,0.5080134868621826,0.0005398179749715586,0.29079627990722656,2010
dense,normuon,0.001,normuon-lr1e-3,0.51712,0.7041146159172058,0.0005369738339021616,0.3038418054580688,2020
dense,normuon,0.001,normuon-lr1e-3,0.51968,0.5110329985618591,0.0005341296928327645,0.26416563987731934,2030
dense,normuon,0.001,normuon-lr1e-3,0.52224,0.5037931799888611,0.0005312855517633675,0.2662432909011841,2040
dense,normuon,0.001,normuon-lr1e-3,0.5248,0.6063404679298401,0.0005284414106939704,0.26772513389587405,2050
dense,normuon,0.001,normuon-lr1e-3,0.52736,0.5734641551971436,0.0005255972696245735,0.29182844161987304,2060
dense,normuon,0.001,normuon-lr1e-3,0.52992,0.6019808053970337,0.0005227531285551763,0.3265537738800049,2070
dense,normuon,0.001,normuon-lr1e-3,0.53248,0.5666487216949463,0.0005199089874857793,0.29302282333374025,2080
dense,normuon,0.001,normuon-lr1e-3,0.53504,0.7429472208023071,0.0005170648464163823,0.2918795108795166,2090
dense,normuon,0.001,normuon-lr1e-3,0.5376,0.5454450249671936,0.0005142207053469852,0.3014711380004883,2100
dense,normuon,0.001,normuon-lr1e-3,0.54016,0.609798014163971,0.0005113765642775882,0.2911843776702881,2110
dense,normuon,0.001,normuon-lr1e-3,0.54272,0.6946834921836853,0.0005085324232081912,0.3087394952774048,2120
dense,normuon,0.001,normuon-lr1e-3,0.54528,0.6374439597129822,0.0005056882821387941,0.27712440490722656,2130
dense,normuon,0.001,normuon-lr1e-3,0.54784,0.6402232646942139,0.0005028441410693971,0.26733458042144775,2140
dense,normuon,0.001,normuon-lr1e-3,0.5504,0.679742157459259,0.0005,0.27121968269348146,2150
dense,normuon,0.001,normuon-lr1e-3,0.55296,0.5191038846969604,0.000497155858930603,0.22822678089141846,2160
dense,normuon,0.001,normuon-lr1e-3,0.55552,0.5530150532722473,0.0004943117178612059,0.27348530292510986,2170
dense,normuon,0.001,normuon-lr1e-3,0.55808,0.7680245041847229,0.0004914675767918089,0.31223263740539553,2180
dense,normuon,0.001,normuon-lr1e-3,0.56064,0.4745978116989136,0.0004886234357224118,0.2940437078475952,2190
dense,normuon,0.001,normuon-lr1e-3,0.5632,0.5678302049636841,0.0004857792946530148,0.27882943153381345,2200
dense,normuon,0.001,normuon-lr1e-3,0.56576,0.7139104604721069,0.00048293515358361776,0.3065661430358887,2210
dense,normuon,0.001,normuon-lr1e-3,0.56832,0.5151667594909668,0.0004800910125142207,0.2521674633026123,2220
dense,normuon,0.001,normuon-lr1e-3,0.57088,0.6869888305664062,0.00047724687144482366,0.3075221538543701,2230
dense,normuon,0.001,normuon-lr1e-3,0.57344,0.677574098110199,0.00047440273037542666,0.3122859954833984,2240
dense,normuon,0.001,normuon-lr1e-3,0.576,0.6511968970298767,0.00047155858930602955,0.29412145614624025,2250
dense,normuon,0.001,normuon-lr1e-3,0.57856,0.6075915694236755,0.00046871444823663256,0.28560924530029297,2260
dense,normuon,0.001,normuon-lr1e-3,0.58112,0.5715150833129883,0.0004658703071672355,0.2602424144744873,2270
dense,normuon,0.001,normuon-lr1e-3,0.58368,0.6051186323165894,0.0004630261660978385,0.28645930290222166,2280
dense,normuon,0.001,normuon-lr1e-3,0.58624,0.6296262741088867,0.0004601820250284414,0.2680792331695557,2290
dense,normuon,0.001,normuon-lr1e-3,0.5888,0.5192365050315857,0.00045733788395904435,0.2705728769302368,2300
dense,normuon,0.001,normuon-lr1e-3,0.59136,0.6736285090446472,0.00045449374288964735,0.26957526206970217,2310
dense,normuon,0.001,normuon-lr1e-3,0.59392,0.7406750321388245,0.0004516496018202503,0.2846498966217041,2320
dense,normuon,0.001,normuon-lr1e-3,0.59648,0.4864234924316406,0.00044880546075085325,0.29547367095947263,2330
dense,normuon,0.001,normuon-lr1e-3,0.59904,0.6761515736579895,0.0004459613196814562,0.28579463958740237,2340
dense,normuon,0.001,normuon-lr1e-3,0.6016,0.5366852879524231,0.0004431171786120592,0.2745721101760864,2350
dense,normuon,0.001,normuon-lr1e-3,0.60416,0.5955440998077393,0.0004402730375426621,0.27669711112976075,2360
dense,normuon,0.001,normuon-lr1e-3,0.60672,0.6818931102752686,0.00043742889647326505,0.3033431053161621,2370
dense,normuon,0.001,normuon-lr1e-3,0.60928,0.4829939007759094,0.00043458475540386805,0.28591256141662597,2380
dense,normuon,0.001,normuon-lr1e-3,0.61184,0.6587868928909302,0.000431740614334471,0.2845147132873535,2390
dense,normuon,0.001,normuon-lr1e-3,0.6144,0.44678354263305664,0.00042889647326507395,0.24216623306274415,2400
dense,normuon,0.001,normuon-lr1e-3,0.61696,0.55788254737854,0.0004260523321956769,0.277695894241333,2410
dense,normuon,0.001,normuon-lr1e-3,0.61952,0.5769710540771484,0.0004232081911262799,0.26727230548858644,2420
dense,normuon,0.001,normuon-lr1e-3,0.62208,0.6515669226646423,0.00042036405005688285,0.30138335227966306,2430
dense,normuon,0.001,normuon-lr1e-3,0.62464,0.6173003911972046,0.00041751990898748574,0.29269044399261473,2440
dense,normuon,0.001,normuon-lr1e-3,0.6272,0.5906268358230591,0.00041467576791808875,0.2746425151824951,2450
dense,normuon,0.001,normuon-lr1e-3,0.62976,0.46989884972572327,0.0004118316268486917,0.2479454517364502,2460
dense,normuon,0.001,normuon-lr1e-3,0.63232,0.6230527758598328,0.0004089874857792947,0.27320523262023927,2470
dense,normuon,0.001,normuon-lr1e-3,0.63488,0.6124194264411926,0.0004061433447098976,0.27216205596923826,2480
dense,normuon,0.001,normuon-lr1e-3,0.63744,0.5504493117332458,0.0004032992036405006,0.2700066089630127,2490
dense,normuon,0.001,normuon-lr1e-3,0.64,0.6217660903930664,0.00040045506257110355,0.3011521577835083,2500
dense,normuon,0.001,normuon-lr1e-3,0.64256,0.5990466475486755,0.0003976109215017065,0.2722387552261353,2510
dense,normuon,0.001,normuon-lr1e-3,0.64512,0.6610962152481079,0.00039476678043230944,0.2862126350402832,2520
dense,normuon,0.001,normuon-lr1e-3,0.64768,0.5643190145492554,0.0003919226393629124,0.27038283348083497,2530
dense,normuon,0.001,normuon-lr1e-3,0.65024,0.5590440034866333,0.0003890784982935154,0.2596074104309082,2540
dense,normuon,0.001,normuon-lr1e-3,0.6528,0.555799663066864,0.0003862343572241183,0.2570038318634033,2550
dense,normuon,0.001,normuon-lr1e-3,0.65536,0.7336332201957703,0.0003833902161547213,0.28058223724365233,2560
dense,normuon,0.001,normuon-lr1e-3,0.65792,0.6536214351654053,0.00038054607508532424,0.277540922164917,2570
dense,normuon,0.001,normuon-lr1e-3,0.66048,0.5750135779380798,0.0003777019340159272,0.22444510459899902,2580
dense,normuon,0.001,normuon-lr1e-3,0.66304,0.5985363721847534,0.00037485779294653014,0.3055537223815918,2590
dense,normuon,0.001,normuon-lr1e-3,0.6656,0.7598912119865417,0.0003720136518771331,0.2813338994979858,2600
dense,normuon,0.001,normuon-lr1e-3,0.66816,0.7659516930580139,0.0003691695108077361,0.2719334363937378,2610
dense,normuon,0.001,normuon-lr1e-3,0.67072,0.563307523727417,0.00036632536973833904,0.2728536605834961,2620
dense,normuon,0.001,normuon-lr1e-3,0.67328,0.573523998260498,0.000363481228668942,0.2646681785583496,2630
dense,normuon,0.001,normuon-lr1e-3,0.67584,0.6281386017799377,0.00036063708759954494,0.27455959320068357,2640
dense,normuon,0.001,normuon-lr1e-3,0.6784,0.43875330686569214,0.0003577929465301479,0.24819040298461914,2650
dense,normuon,0.001,normuon-lr1e-3,0.68096,0.6580153107643127,0.0003549488054607509,0.2687077522277832,2660
dense,normuon,0.001,normuon-lr1e-3,0.68352,0.6343304514884949,0.0003521046643913538,0.25997171401977537,2670
dense,normuon,0.001,normuon-lr1e-3,0.68608,0.4239966869354248,0.0003492605233219568,0.24346542358398438,2680
dense,normuon,0.001,normuon-lr1e-3,0.68864,0.6475452184677124,0.00034641638225255974,0.28445024490356446,2690
dense,normuon,0.001,normuon-lr1e-3,0.6912,0.6679024696350098,0.00034357224118316274,0.2842916488647461,2700
dense,normuon,0.001,normuon-lr1e-3,0.69376,0.5295074582099915,0.00034072810011376563,0.25927984714508057,2710
dense,normuon,0.001,normuon-lr1e-3,0.69632,0.6056473851203918,0.0003378839590443686,0.32736165523529054,2720
dense,normuon,0.001,normuon-lr1e-3,0.69888,0.6358479261398315,0.0003350398179749716,0.30257406234741213,2730
dense,normuon,0.001,normuon-lr1e-3,0.70144,0.771949827671051,0.0003321956769055745,0.26987409591674805,2740
dense,normuon,0.001,normuon-lr1e-3,0.704,0.6447749733924866,0.0003293515358361775,0.26393775939941405,2750
dense,normuon,0.001,normuon-lr1e-3,0.70656,0.6674496531486511,0.00032650739476678043,0.2672305107116699,2760
dense,normuon,0.001,normuon-lr1e-3,0.70912,0.5564804673194885,0.00032366325369738344,0.27752437591552737,2770
dense,normuon,0.001,normuon-lr1e-3,0.71168,0.518430233001709,0.00032081911262798633,0.25209884643554686,2780
dense,normuon,0.001,normuon-lr1e-3,0.71424,0.6602405905723572,0.0003179749715585893,0.2638192892074585,2790
dense,normuon,0.001,normuon-lr1e-3,0.7168,0.4868459701538086,0.0003151308304891923,0.24102184772491456,2800
dense,normuon,0.001,normuon-lr1e-3,0.71936,0.6079207062721252,0.00031228668941979523,0.2796697378158569,2810
dense,normuon,0.001,normuon-lr1e-3,0.72192,0.6773220896720886,0.0003094425483503982,0.28603367805480956,2820
dense,normuon,0.001,normuon-lr1e-3,0.72448,0.5056271553039551,0.00030659840728100113,0.24966177940368653,2830
dense,normuon,0.001,normuon-lr1e-3,0.72704,0.8377460241317749,0.00030375426621160413,0.27511188983917234,2840
dense,normuon,0.001,normuon-lr1e-3,0.7296,0.49650880694389343,0.0003009101251422071,0.27442967891693115,2850
dense,normuon,0.001,normuon-lr1e-3,0.73216,0.5249431133270264,0.00029806598407281,0.26230082511901853,2860
dense,normuon,0.001,normuon-lr1e-3,0.73472,0.4803072512149811,0.000295221843003413,0.25652518272399905,2870
dense,normuon,0.001,normuon-lr1e-3,0.73728,0.5762149691581726,0.0002923777019340159,0.24814944267272948,2880
dense,normuon,0.001,normuon-lr1e-3,0.73984,0.4583386778831482,0.00028953356086461893,0.2336491823196411,2890
dense,normuon,0.001,normuon-lr1e-3,0.7424,0.673370897769928,0.0002866894197952218,0.26953959465026855,2900
dense,normuon,0.001,normuon-lr1e-3,0.74496,0.4960595667362213,0.00028384527872582483,0.24219832420349122,2910
dense,normuon,0.001,normuon-lr1e-3,0.74752,0.5544148683547974,0.0002810011376564278,0.25205159187316895,2920
dense,normuon,0.001,normuon-lr1e-3,0.75008,0.5571219325065613,0.00027815699658703067,0.2607973337173462,2930
dense,normuon,0.001,normuon-lr1e-3,0.75264,0.6203377842903137,0.0002753128555176337,0.26979718208312986,2940
dense,normuon,0.001,normuon-lr1e-3,0.7552,0.6740266680717468,0.0002724687144482366,0.2704044818878174,2950
dense,normuon,0.001,normuon-lr1e-3,0.75776,0.6588652729988098,0.0002696245733788396,0.25359630584716797,2960
dense,normuon,0.001,normuon-lr1e-3,0.76032,0.5079429149627686,0.0002667804323094425,0.262776517868042,2970
dense,normuon,0.001,normuon-lr1e-3,0.76288,0.7863244414329529,0.0002639362912400455,0.2799990653991699,2980
dense,normuon,0.001,normuon-lr1e-3,0.76544,0.6460604071617126,0.00026109215017064847,0.27446794509887695,2990
dense,normuon,0.001,normuon-lr1e-3,0.768,0.7165538668632507,0.0002582480091012514,0.24799759387969972,3000
dense,normuon,0.001,normuon-lr1e-3,0.77056,0.4959225356578827,0.00025540386803185437,0.2343528985977173,3010
dense,normuon,0.001,normuon-lr1e-3,0.77312,0.5070672035217285,0.0002525597269624573,0.24398548603057862,3020
dense,normuon,0.001,normuon-lr1e-3,0.77568,0.5128326416015625,0.00024971558589306027,0.24306716918945312,3030
dense,normuon,0.001,normuon-lr1e-3,0.77824,0.594527006149292,0.00024687144482366327,0.249815034866333,3040
dense,normuon,0.001,normuon-lr1e-3,0.7808,0.5069173574447632,0.00024402730375426622,0.24061026573181152,3050
dense,normuon,0.001,normuon-lr1e-3,0.78336,0.6062564253807068,0.00024118316268486917,0.25356221199035645,3060
dense,normuon,0.001,normuon-lr1e-3,0.78592,0.5947598218917847,0.00023833902161547214,0.21909403800964355,3070
dense,normuon,0.001,normuon-lr1e-3,0.78848,0.6345434188842773,0.0002354948805460751,0.25017318725585935,3080
dense,normuon,0.001,normuon-lr1e-3,0.79104,0.6269998550415039,0.00023265073947667807,0.25614042282104493,3090
dense,normuon,0.001,normuon-lr1e-3,0.7936,0.4765930771827698,0.000229806598407281,0.23463926315307618,3100
dense,normuon,0.001,normuon-lr1e-3,0.79616,0.49896240234375,0.00022696245733788397,0.2607879638671875,3110
dense,normuon,0.001,normuon-lr1e-3,0.79872,0.5724900960922241,0.00022411831626848692,0.20873079299926758,3120
dense,normuon,0.001,normuon-lr1e-3,0.80128,0.5588423609733582,0.00022127417519908986,0.2420660972595215,3130
dense,normuon,0.001,normuon-lr1e-3,0.80384,0.5887272357940674,0.00021843003412969284,0.25863943099975584,3140
dense,normuon,0.001,normuon-lr1e-3,0.8064,0.4543616473674774,0.0002155858930602958,0.24743309020996093,3150
dense,normuon,0.001,normuon-lr1e-3,0.80896,0.556143581867218,0.00021274175199089877,0.2580585956573486,3160
dense,normuon,0.001,normuon-lr1e-3,0.81152,0.4873654544353485,0.0002098976109215017,0.2714881658554077,3170
dense,normuon,0.001,normuon-lr1e-3,0.81408,0.4490461051464081,0.00020705346985210466,0.24466111660003662,3180
dense,normuon,0.001,normuon-lr1e-3,0.81664,0.5807369947433472,0.0002042093287827076,0.25585236549377444,3190
dense,normuon,0.001,normuon-lr1e-3,0.8192,0.5241326093673706,0.0002013651877133106,0.24619531631469727,3200
dense,normuon,0.001,normuon-lr1e-3,0.82176,0.7453479766845703,0.00019852104664391354,0.26018800735473635,3210
dense,normuon,0.001,normuon-lr1e-3,0.82432,0.7229697108268738,0.0001956769055745165,0.2472531795501709,3220
dense,normuon,0.001,normuon-lr1e-3,0.82688,0.5249780416488647,0.00019283276450511946,0.2269106388092041,3230
dense,normuon,0.001,normuon-lr1e-3,0.82944,0.6009455919265747,0.0001899886234357224,0.260216498374939,3240
dense,normuon,0.001,normuon-lr1e-3,0.832,0.5282076597213745,0.00018714448236632536,0.24976530075073242,3250
dense,normuon,0.001,normuon-lr1e-3,0.83456,0.5548063516616821,0.00018430034129692833,0.2743865966796875,3260
dense,normuon,0.001,normuon-lr1e-3,0.83712,0.5805324912071228,0.00018145620022753128,0.22219061851501465,3270
dense,normuon,0.001,normuon-lr1e-3,0.83968,0.5301302075386047,0.00017861205915813426,0.26396143436431885,3280
dense,normuon,0.001,normuon-lr1e-3,0.84224,0.5160385966300964,0.0001757679180887372,0.2423781394958496,3290
dense,normuon,0.001,normuon-lr1e-3,0.8448,0.572210967540741,0.00017292377701934018,0.2523751735687256,3300
dense,normuon,0.001,normuon-lr1e-3,0.84736,0.4436893165111542,0.00017007963594994313,0.23155679702758789,3310
dense,normuon,0.001,normuon-lr1e-3,0.84992,0.6355425119400024,0.00016723549488054606,0.23524169921875,3320
dense,normuon,0.001,normuon-lr1e-3,0.85248,0.5550248026847839,0.00016439135381114903,0.27503108978271484,3330
dense,normuon,0.001,normuon-lr1e-3,0.85504,0.470628559589386,0.00016154721274175198,0.23552489280700684,3340
dense,normuon,0.001,normuon-lr1e-3,0.8576,0.5213130116462708,0.00015870307167235496,0.24481596946716308,3350
dense,normuon,0.001,normuon-lr1e-3,0.86016,0.47571519017219543,0.0001558589306029579,0.28067448139190676,3360
dense,normuon,0.001,normuon-lr1e-3,0.86272,0.5412234663963318,0.00015301478953356088,0.22975077629089355,3370
dense,normuon,0.001,normuon-lr1e-3,0.86528,0.7101441621780396,0.00015017064846416383,0.25126256942749026,3380
dense,normuon,0.001,normuon-lr1e-3,0.86784,0.5120691657066345,0.00014732650739476678,0.23449451923370362,3390
dense,normuon,0.001,normuon-lr1e-3,0.8704,0.5946633219718933,0.00014448236632536973,0.2685750961303711,3400
dense,normuon,0.001,normuon-lr1e-3,0.87296,0.5187216997146606,0.0001416382252559727,0.25393893718719485,3410
dense,normuon,0.001,normuon-lr1e-3,0.87552,0.6444782614707947,0.00013879408418657565,0.24833414554595948,3420
dense,normuon,0.001,normuon-lr1e-3,0.87808,0.6406552791595459,0.00013594994311717863,0.2670053243637085,3430
dense,normuon,0.001,normuon-lr1e-3,0.88064,0.5820230841636658,0.00013310580204778158,0.2682770013809204,3440
dense,normuon,0.001,normuon-lr1e-3,0.8832,0.6035469770431519,0.00013026166097838455,0.24785847663879396,3450
dense,normuon,0.001,normuon-lr1e-3,0.88576,0.4679330289363861,0.00012741751990898747,0.25553412437438966,3460
dense,normuon,0.001,normuon-lr1e-3,0.88832,0.5712328553199768,0.00012457337883959045,0.26681013107299806,3470
dense,normuon,0.001,normuon-lr1e-3,0.89088,0.40525975823402405,0.0001217292377701934,0.2457603931427002,3480
dense,normuon,0.001,normuon-lr1e-3,0.89344,0.5967508554458618,0.00011888509670079636,0.24711792469024657,3490
dense,normuon,0.001,normuon-lr1e-3,0.896,0.38141995668411255,0.00011604095563139932,0.24012494087219238,3500
dense,normuon,0.001,normuon-lr1e-3,0.89856,0.5472568869590759,0.00011319681456200227,0.24500563144683837,3510
dense,normuon,0.001,normuon-lr1e-3,0.90112,0.6618315577507019,0.00011035267349260524,0.2649616479873657,3520
dense,normuon,0.001,normuon-lr1e-3,0.90368,0.5579949617385864,0.0001075085324232082,0.25185017585754393,3530
dense,normuon,0.001,normuon-lr1e-3,0.90624,0.639821469783783,0.00010466439135381115,0.24560813903808593,3540
dense,normuon,0.001,normuon-lr1e-3,0.9088,0.5597445964813232,0.00010182025028441411,0.24345779418945312,3550
dense,normuon,0.001,normuon-lr1e-3,0.91136,0.5289633274078369,9.897610921501707e-05,0.26090919971466064,3560
dense,normuon,0.001,normuon-lr1e-3,0.91392,0.5605164766311646,9.613196814562003e-05,0.26199774742126464,3570
dense,normuon,0.001,normuon-lr1e-3,0.91648,0.7221184372901917,9.328782707622298e-05,0.2535561561584473,3580
dense,normuon,0.001,normuon-lr1e-3,0.91904,0.4488416612148285,9.044368600682594e-05,0.2567370653152466,3590
dense,normuon,0.001,normuon-lr1e-3,0.9216,0.6398838758468628,8.759954493742891e-05,0.233567476272583,3600
dense,normuon,0.001,normuon-lr1e-3,0.92416,0.4579528868198395,8.475540386803186e-05,0.2590465545654297,3610
dense,normuon,0.001,normuon-lr1e-3,0.92672,0.4357345700263977,8.19112627986348e-05,0.21440446376800537,3620
dense,normuon,0.001,normuon-lr1e-3,0.92928,0.5882924795150757,7.906712172923777e-05,0.26641287803649905,3630
dense,normuon,0.001,normuon-lr1e-3,0.93184,0.4244711697101593,7.622298065984073e-05,0.25051915645599365,3640
dense,normuon,0.001,normuon-lr1e-3,0.9344,0.4889199733734131,7.337883959044368e-05,0.2614041805267334,3650
dense,normuon,0.001,normuon-lr1e-3,0.93696,0.47774070501327515,7.053469852104664e-05,0.26438920497894286,3660
dense,normuon,0.001,normuon-lr1e-3,0.93952,0.49784308671951294,6.76905574516496e-05,0.2623457431793213,3670
dense,normuon,0.001,normuon-lr1e-3,0.94208,0.5214983820915222,6.484641638225255e-05,0.2476966381072998,3680
dense,normuon,0.001,normuon-lr1e-3,0.94464,0.7357160449028015,6.200227531285551e-05,0.2606001853942871,3690
dense,normuon,0.001,normuon-lr1e-3,0.9472,0.45225468277931213,5.915813424345848e-05,0.22154746055603028,3700
dense,normuon,0.001,normuon-lr1e-3,0.94976,0.5594674944877625,5.631399317406143e-05,0.26273560523986816,3710
dense,normuon,0.001,normuon-lr1e-3,0.95232,0.7543626427650452,5.3469852104664395e-05,0.23635714054107665,3720
dense,normuon,0.001,normuon-lr1e-3,0.95488,0.6894334554672241,5.062571103526735e-05,0.2627568244934082,3730
dense,normuon,0.001,normuon-lr1e-3,0.95744,0.5586121082305908,4.778156996587031e-05,0.24761857986450195,3740
dense,normuon,0.001,normuon-lr1e-3,0.96,0.5491147637367249,4.493742889647327e-05,0.24876093864440918,3750
dense,normuon,0.001,normuon-lr1e-3,0.96256,0.5363467931747437,4.2093287827076224e-05,0.23119034767150878,3760
dense,normuon,0.001,normuon-lr1e-3,0.96512,0.6552441716194153,3.924914675767918e-05,0.2621759414672852,3770
dense,normuon,0.001,normuon-lr1e-3,0.96768,0.522635281085968,3.6405005688282136e-05,0.2530097246170044,3780
dense,normuon,0.001,normuon-lr1e-3,0.97024,0.5155420303344727,3.35608646188851e-05,0.20048956871032714,3790
dense,normuon,0.001,normuon-lr1e-3,0.9728,0.39370623230934143,3.0716723549488054e-05,0.22297682762145996,3800
dense,normuon,0.001,normuon-lr1e-3,0.97536,0.7337571382522583,2.7872582480091013e-05,0.2625123500823975,3810
dense,normuon,0.001,normuon-lr1e-3,0.97792,0.5495569705963135,2.502844141069397e-05,0.2676335573196411,3820
dense,normuon,0.001,normuon-lr1e-3,0.98048,0.5055844187736511,2.218430034129693e-05,0.2309708595275879,3830
dense,normuon,0.001,normuon-lr1e-3,0.98304,0.6307973861694336,1.9340159271899886e-05,0.2552775859832764,3840
dense,normuon,0.001,normuon-lr1e-3,0.9856,0.6429126858711243,1.6496018202502845e-05,0.23717639446258545,3850
dense,normuon,0.001,normuon-lr1e-3,0.98816,0.5216056108474731,1.3651877133105803e-05,0.2268972158432007,3860
dense,normuon,0.001,normuon-lr1e-3,0.99072,0.45357468724250793,1.0807736063708762e-05,0.22087059020996094,3870
dense,normuon,0.001,normuon-lr1e-3,0.99328,0.5221425890922546,7.963594994311717e-06,0.2447751522064209,3880
dense,normuon,0.001,normuon-lr1e-3,0.99584,0.48136085271835327,5.119453924914675e-06,0.22483010292053224,3890
dense,normuon,0.001,normuon-lr1e-3,0.9984,0.4959040582180023,2.2753128555176335e-06,0.25593342781066897,3900
dense,normuon,0.003,normuon-lr3e-3,0.000256,2.19115948677063,0.0,1.2221720218658447,1
dense,normuon,0.003,normuon-lr3e-3,0.00256,2.1205027103424072,6.90537084398977e-05,1.2101444668240018,10
dense,normuon,0.003,normuon-lr3e-3,0.00512,1.995032548904419,0.00014578005115089513,1.1720182418823242,20
dense,normuon,0.003,normuon-lr3e-3,0.00768,2.228001356124878,0.0002225063938618926,1.0364404678344727,30
dense,normuon,0.003,normuon-lr3e-3,0.01024,1.7057746648788452,0.00029923273657289,1.0072441101074219,40
dense,normuon,0.003,normuon-lr3e-3,0.0128,1.6132069826126099,0.00037595907928388744,0.8532587051391601,50
dense,normuon,0.003,normuon-lr3e-3,0.01536,1.2150862216949463,0.00045268542199488487,0.7862029075622559,60
dense,normuon,0.003,normuon-lr3e-3,0.01792,1.2147369384765625,0.0005294117647058824,0.7106099128723145,70
dense,normuon,0.003,normuon-lr3e-3,0.02048,1.034355878829956,0.0006061381074168799,0.6235259056091309,80
dense,normuon,0.003,normuon-lr3e-3,0.02304,0.9539359211921692,0.0006828644501278773,0.5978422641754151,90
dense,normuon,0.003,normuon-lr3e-3,0.0256,0.9208991527557373,0.0007595907928388748,0.5172379493713379,100
dense,normuon,0.003,normuon-lr3e-3,0.02816,0.9485724568367004,0.0008363171355498722,0.5143231391906739,110
dense,normuon,0.003,normuon-lr3e-3,0.03072,0.9144267439842224,0.0009130434782608696,0.4828498840332031,120
dense,normuon,0.003,normuon-lr3e-3,0.03328,1.0592758655548096,0.000989769820971867,0.48607540130615234,130
dense,normuon,0.003,normuon-lr3e-3,0.03584,0.8158314824104309,0.0010664961636828645,0.4183204174041748,140
dense,normuon,0.003,normuon-lr3e-3,0.0384,0.7122397422790527,0.001143222506393862,0.4468530654907227,150
dense,normuon,0.003,normuon-lr3e-3,0.04096,0.8143172860145569,0.0012199488491048593,0.40024547576904296,160
dense,normuon,0.003,normuon-lr3e-3,0.04352,0.7933833599090576,0.0012966751918158568,0.4306748867034912,170
dense,normuon,0.003,normuon-lr3e-3,0.04608,0.6211317181587219,0.0013734015345268542,0.3999767541885376,180
dense,normuon,0.003,normuon-lr3e-3,0.04864,0.6744565963745117,0.0014501278772378516,0.3543428421020508,190
dense,normuon,0.003,normuon-lr3e-3,0.0512,0.6565207839012146,0.001526854219948849,0.42522621154785156,200
dense,normuon,0.003,normuon-lr3e-3,0.05376,0.9959164261817932,0.0016035805626598465,0.42578811645507814,210
dense,normuon,0.003,normuon-lr3e-3,0.05632,0.8305292129516602,0.001680306905370844,0.4145538806915283,220
dense,normuon,0.003,normuon-lr3e-3,0.05888,0.7255826592445374,0.0017570332480818414,0.46812663078308103,230
dense,normuon,0.003,normuon-lr3e-3,0.06144,0.8392937779426575,0.0018337595907928388,0.45995407104492186,240
dense,normuon,0.003,normuon-lr3e-3,0.064,0.6943065524101257,0.0019104859335038363,0.4437852382659912,250
dense,normuon,0.003,normuon-lr3e-3,0.06656,0.8112087845802307,0.0019872122762148335,0.44161691665649416,260
dense,normuon,0.003,normuon-lr3e-3,0.06912,0.7381066679954529,0.002063938618925831,0.40651497840881345,270
dense,normuon,0.003,normuon-lr3e-3,0.07168,0.7887352108955383,0.0021406649616368283,0.4187320709228516,280
dense,normuon,0.003,normuon-lr3e-3,0.07424,0.8267431855201721,0.002217391304347826,0.4469182014465332,290
dense,normuon,0.003,normuon-lr3e-3,0.0768,0.6688283085823059,0.0022941176470588232,0.44909043312072755,300
dense,normuon,0.003,normuon-lr3e-3,0.07936,0.7439196109771729,0.0023708439897698213,0.48452444076538087,310
dense,normuon,0.003,normuon-lr3e-3,0.08192,0.8486537337303162,0.0024475703324808185,0.43796415328979493,320
dense,normuon,0.003,normuon-lr3e-3,0.08448,0.8012052774429321,0.002524296675191816,0.46169438362121584,330
dense,normuon,0.003,normuon-lr3e-3,0.08704,0.7415289878845215,0.0026010230179028134,0.4532660961151123,340
dense,normuon,0.003,normuon-lr3e-3,0.0896,0.7126806378364563,0.002677749360613811,0.4427968978881836,350
dense,normuon,0.003,normuon-lr3e-3,0.09216,0.8251634836196899,0.0027544757033248083,0.4545877456665039,360
dense,normuon,0.003,normuon-lr3e-3,0.09472,0.7676818370819092,0.002831202046035806,0.47968668937683107,370
dense,normuon,0.003,normuon-lr3e-3,0.09728,0.6504614353179932,0.002907928388746803,0.47910585403442385,380
dense,normuon,0.003,normuon-lr3e-3,0.09984,0.6704142093658447,0.002984654731457801,0.49572162628173827,390
dense,normuon,0.003,normuon-lr3e-3,0.1024,0.7573026418685913,0.0029931740614334472,0.49120502471923827,400
dense,normuon,0.003,normuon-lr3e-3,0.10496,0.778835654258728,0.002984641638225256,0.5181119918823243,410
dense,normuon,0.003,normuon-lr3e-3,0.10752,0.8952690362930298,0.0029761092150170647,0.5017641067504883,420
dense,normuon,0.003,normuon-lr3e-3,0.11008,0.7247488498687744,0.0029675767918088737,0.5020058155059814,430
dense,normuon,0.003,normuon-lr3e-3,0.11264,0.7170962691307068,0.0029590443686006826,0.52537522315979,440
dense,normuon,0.003,normuon-lr3e-3,0.1152,0.6995809078216553,0.0029505119453924916,0.5208577156066895,450
dense,normuon,0.003,normuon-lr3e-3,0.11776,0.6960103511810303,0.0029419795221843005,0.5148678779602051,460
dense,normuon,0.003,normuon-lr3e-3,0.12032,1.0270038843154907,0.0029334470989761095,0.5359442710876465,470
dense,normuon,0.003,normuon-lr3e-3,0.12288,0.8809347152709961,0.0029249146757679184,0.5816766262054444,480
dense,normuon,0.003,normuon-lr3e-3,0.12544,0.6923821568489075,0.002916382252559727,0.5416977882385254,490
dense,normuon,0.003,normuon-lr3e-3,0.128,0.6880079507827759,0.002907849829351536,0.5719365119934082,500
dense,normuon,0.003,normuon-lr3e-3,0.13056,0.7079047560691833,0.002899317406143345,0.6178640365600586,510
dense,normuon,0.003,normuon-lr3e-3,0.13312,0.6876558065414429,0.002890784982935154,0.5228988647460937,520
dense,normuon,0.003,normuon-lr3e-3,0.13568,0.9233691096305847,0.0028822525597269623,0.565678071975708,530
dense,normuon,0.003,normuon-lr3e-3,0.13824,0.745110273361206,0.0028737201365187713,0.5265685081481933,540
dense,normuon,0.003,normuon-lr3e-3,0.1408,0.7654944062232971,0.0028651877133105802,0.5422734260559082,550
dense,normuon,0.003,normuon-lr3e-3,0.14336,0.7862453460693359,0.002856655290102389,0.5705385208129883,560
dense,normuon,0.003,normuon-lr3e-3,0.14592,0.5992315411567688,0.002848122866894198,0.5204755306243897,570
dense,normuon,0.003,normuon-lr3e-3,0.14848,0.6940729022026062,0.002839590443686007,0.5819042682647705,580
dense,normuon,0.003,normuon-lr3e-3,0.15104,0.875218391418457,0.002831058020477816,0.5728174209594726,590
dense,normuon,0.003,normuon-lr3e-3,0.1536,0.8111432790756226,0.0028225255972696246,0.5334670543670654,600
dense,normuon,0.003,normuon-lr3e-3,0.15616,0.8145017623901367,0.0028139931740614335,0.577155876159668,610
dense,normuon,0.003,normuon-lr3e-3,0.15872,0.6932135820388794,0.0028054607508532425,0.5257970809936523,620
dense,normuon,0.003,normuon-lr3e-3,0.16128,0.7871569395065308,0.002796928327645051,0.5985825538635254,630
dense,normuon,0.003,normuon-lr3e-3,0.16384,0.664253294467926,0.00278839590443686,0.6101236343383789,640
dense,normuon,0.003,normuon-lr3e-3,0.1664,0.6743510365486145,0.002779863481228669,0.5656907558441162,650
dense,normuon,0.003,normuon-lr3e-3,0.16896,0.6585135459899902,0.002771331058020478,0.5511696815490723,660
dense,normuon,0.003,normuon-lr3e-3,0.17152,0.6207561492919922,0.002762798634812287,0.5377415180206299,670
dense,normuon,0.003,normuon-lr3e-3,0.17408,0.7488237023353577,0.002754266211604096,0.6358986854553222,680
dense,normuon,0.003,normuon-lr3e-3,0.17664,0.6756434440612793,0.0027457337883959048,0.5910687923431397,690
dense,normuon,0.003,normuon-lr3e-3,0.1792,0.626354455947876,0.0027372013651877133,0.5653538703918457,700
dense,normuon,0.003,normuon-lr3e-3,0.18176,0.7288654446601868,0.0027286689419795222,0.5391552448272705,710
dense,normuon,0.003,normuon-lr3e-3,0.18432,0.6152833700180054,0.002720136518771331,0.6186607360839844,720
dense,normuon,0.003,normuon-lr3e-3,0.18688,0.6021184325218201,0.00271160409556314,0.5568323612213135,730
dense,normuon,0.003,normuon-lr3e-3,0.18944,0.6537401676177979,0.0027030716723549487,0.5555488586425781,740
dense,normuon,0.003,normuon-lr3e-3,0.192,0.672661542892456,0.0026945392491467576,0.5742899894714355,750
dense,normuon,0.003,normuon-lr3e-3,0.19456,0.7785599231719971,0.0026860068259385666,0.5745838165283204,760
dense,normuon,0.003,normuon-lr3e-3,0.19712,0.7574580907821655,0.0026774744027303755,0.5525484561920166,770
dense,normuon,0.003,normuon-lr3e-3,0.19968,0.7610130310058594,0.0026689419795221845,0.5656974792480469,780
dense,normuon,0.003,normuon-lr3e-3,0.20224,0.8044244050979614,0.0026604095563139934,0.5692971706390381,790
dense,normuon,0.003,normuon-lr3e-3,0.2048,0.6736942529678345,0.0026518771331058024,0.5831081867218018,800
dense,normuon,0.003,normuon-lr3e-3,0.20736,0.6331576108932495,0.002643344709897611,0.5912238597869873,810
dense,normuon,0.003,normuon-lr3e-3,0.20992,0.5671377778053284,0.00263481228668942,0.5807731628417969,820
dense,normuon,0.003,normuon-lr3e-3,0.21248,0.5857173204421997,0.002626279863481229,0.5766499042510986,830
dense,normuon,0.003,normuon-lr3e-3,0.21504,0.7237272262573242,0.0026177474402730373,0.5781648635864258,840
dense,normuon,0.003,normuon-lr3e-3,0.2176,0.6854937672615051,0.0026092150170648463,0.54593825340271,850
dense,normuon,0.003,normuon-lr3e-3,0.22016,0.5623379945755005,0.0026006825938566553,0.5515549659729004,860
dense,normuon,0.003,normuon-lr3e-3,0.22272,0.6575904488563538,0.002592150170648464,0.5306268215179444,870
dense,normuon,0.003,normuon-lr3e-3,0.22528,0.6192617416381836,0.002583617747440273,0.5908830642700196,880
dense,normuon,0.003,normuon-lr3e-3,0.22784,0.8665226101875305,0.002575085324232082,0.5926541328430176,890
dense,normuon,0.003,normuon-lr3e-3,0.2304,0.7543169260025024,0.002566552901023891,0.561258602142334,900
dense,normuon,0.003,normuon-lr3e-3,0.23296,0.7792448997497559,0.0025580204778156996,0.5348718643188477,910
dense,normuon,0.003,normuon-lr3e-3,0.23552,0.7947896718978882,0.0025494880546075085,0.6169400215148926,920
dense,normuon,0.003,normuon-lr3e-3,0.23808,0.6493980884552002,0.0025409556313993175,0.5902362823486328,930
dense,normuon,0.003,normuon-lr3e-3,0.24064,0.5553053617477417,0.0025324232081911265,0.5607957363128662,940
dense,normuon,0.003,normuon-lr3e-3,0.2432,0.6174731254577637,0.002523890784982935,0.571665620803833,950
dense,normuon,0.003,normuon-lr3e-3,0.24576,0.6825332045555115,0.002515358361774744,0.57455415725708,960
dense,normuon,0.003,normuon-lr3e-3,0.24832,0.5292636752128601,0.002506825938566553,0.5469799995422363,970
dense,normuon,0.003,normuon-lr3e-3,0.25088,0.753172755241394,0.002498293515358362,0.5939633846282959,980
dense,normuon,0.003,normuon-lr3e-3,0.25344,0.5537997484207153,0.002489761092150171,0.5448414325714112,990
dense,normuon,0.003,normuon-lr3e-3,0.256,0.6461355090141296,0.0024812286689419798,0.5904019832611084,1000
dense,normuon,0.003,normuon-lr3e-3,0.25856,0.5012022852897644,0.0024726962457337887,0.5704781532287597,1010
dense,normuon,0.003,normuon-lr3e-3,0.26112,0.6585088968276978,0.0024641638225255972,0.5358061790466309,1020
dense,normuon,0.003,normuon-lr3e-3,0.26368,0.7664740681648254,0.002455631399317406,0.5458456993103027,1030
dense,normuon,0.003,normuon-lr3e-3,0.26624,0.5890226364135742,0.002447098976109215,0.5056968688964844,1040
dense,normuon,0.003,normuon-lr3e-3,0.2688,0.7832311987876892,0.0024385665529010237,0.5672715187072754,1050
dense,normuon,0.003,normuon-lr3e-3,0.27136,0.47532960772514343,0.0024300341296928326,0.5373436450958252,1060
dense,normuon,0.003,normuon-lr3e-3,0.27392,0.6150999069213867,0.0024215017064846416,0.5509571075439453,1070
dense,normuon,0.003,normuon-lr3e-3,0.27648,0.578816294670105,0.0024129692832764505,0.5499858379364013,1080
dense,normuon,0.003,normuon-lr3e-3,0.27904,0.7049382328987122,0.0024044368600682595,0.6145256996154785,1090
dense,normuon,0.003,normuon-lr3e-3,0.2816,0.5936622619628906,0.0023959044368600684,0.5753003597259522,1100
dense,normuon,0.003,normuon-lr3e-3,0.28416,0.6925411224365234,0.0023873720136518774,0.5470561981201172,1110
dense,normuon,0.003,normuon-lr3e-3,0.28672,0.48740845918655396,0.002378839590443686,0.5525844097137451,1120
dense,normuon,0.003,normuon-lr3e-3,0.28928,0.7489564418792725,0.002370307167235495,0.5706085681915283,1130
dense,normuon,0.003,normuon-lr3e-3,0.29184,0.7391531467437744,0.002361774744027304,0.5442686557769776,1140
dense,normuon,0.003,normuon-lr3e-3,0.2944,0.5560991764068604,0.0023532423208191128,0.5247897148132324,1150
dense,normuon,0.003,normuon-lr3e-3,0.29696,0.7868173718452454,0.0023447098976109213,0.5257096290588379,1160
dense,normuon,0.003,normuon-lr3e-3,0.29952,0.6905627250671387,0.0023361774744027303,0.5198042869567872,1170
dense,normuon,0.003,normuon-lr3e-3,0.30208,0.6732626557350159,0.002327645051194539,0.5524198532104492,1180
dense,normuon,0.003,normuon-lr3e-3,0.30464,0.6407636404037476,0.002319112627986348,0.6133357524871826,1190
dense,normuon,0.003,normuon-lr3e-3,0.3072,0.7082239985466003,0.002310580204778157,0.5649023056030273,1200
dense,normuon,0.003,normuon-lr3e-3,0.30976,0.7116018533706665,0.002302047781569966,0.5404798030853272,1210
dense,normuon,0.003,normuon-lr3e-3,0.31232,0.6076664924621582,0.002293515358361775,0.5991892337799072,1220
dense,normuon,0.003,normuon-lr3e-3,0.31488,0.6696606278419495,0.0022849829351535835,0.6121252059936524,1230
dense,normuon,0.003,normuon-lr3e-3,0.31744,0.5415235757827759,0.0022764505119453925,0.5202350616455078,1240
dense,normuon,0.003,normuon-lr3e-3,0.32,0.7242317795753479,0.0022679180887372015,0.560842752456665,1250
dense,normuon,0.003,normuon-lr3e-3,0.32256,0.7482619285583496,0.00225938566552901,0.5295799732208252,1260
dense,normuon,0.003,normuon-lr3e-3,0.32512,0.7024401426315308,0.002250853242320819,0.5378076076507569,1270
dense,normuon,0.003,normuon-lr3e-3,0.32768,0.6540235877037048,0.002242320819112628,0.5556782245635986,1280
dense,normuon,0.003,normuon-lr3e-3,0.33024,0.5500831604003906,0.002233788395904437,0.500075101852417,1290
dense,normuon,0.003,normuon-lr3e-3,0.3328,0.6649836897850037,0.002225255972696246,0.5558263301849365,1300
dense,normuon,0.003,normuon-lr3e-3,0.33536,0.6641383171081543,0.0022167235494880548,0.5336483478546142,1310
dense,normuon,0.003,normuon-lr3e-3,0.33792,0.7037656307220459,0.0022081911262798637,0.5390315532684327,1320
dense,normuon,0.003,normuon-lr3e-3,0.34048,0.6868987083435059,0.0021996587030716722,0.5109786033630371,1330
dense,normuon,0.003,normuon-lr3e-3,0.34304,0.6053610444068909,0.002191126279863481,0.5782078266143799,1340
dense,normuon,0.003,normuon-lr3e-3,0.3456,0.6164309978485107,0.00218259385665529,0.5581466674804687,1350
dense,normuon,0.003,normuon-lr3e-3,0.34816,0.6339395642280579,0.002174061433447099,0.5438922882080078,1360
dense,normuon,0.003,normuon-lr3e-3,0.35072,1.0047470331192017,0.0021655290102389076,0.495193338394165,1370
dense,normuon,0.003,normuon-lr3e-3,0.35328,0.5867195725440979,0.0021569965870307166,0.5753247261047363,1380
dense,normuon,0.003,normuon-lr3e-3,0.35584,0.5802468657493591,0.0021484641638225255,0.5058103561401367,1390
dense,normuon,0.003,normuon-lr3e-3,0.3584,0.612823486328125,0.0021399317406143345,0.578180980682373,1400
dense,normuon,0.003,normuon-lr3e-3,0.36096,0.6998798847198486,0.0021313993174061434,0.5376978397369385,1410
dense,normuon,0.003,normuon-lr3e-3,0.36352,0.5634100437164307,0.0021228668941979524,0.4900997161865234,1420
dense,normuon,0.003,normuon-lr3e-3,0.36608,0.7222963571548462,0.0021143344709897613,0.5850996017456055,1430
dense,normuon,0.003,normuon-lr3e-3,0.36864,0.8467632532119751,0.00210580204778157,0.5352206230163574,1440
dense,normuon,0.003,normuon-lr3e-3,0.3712,0.6455273628234863,0.002097269624573379,0.6125231742858886,1450
dense,normuon,0.003,normuon-lr3e-3,0.37376,0.5568116307258606,0.0020887372013651878,0.5544346332550049,1460
dense,normuon,0.003,normuon-lr3e-3,0.37632,0.5549366474151611,0.0020802047781569963,0.5378520011901855,1470
dense,normuon,0.003,normuon-lr3e-3,0.37888,0.6491616368293762,0.0020716723549488053,0.5780736923217773,1480
dense,normuon,0.003,normuon-lr3e-3,0.38144,0.6686763167381287,0.0020631399317406146,0.5062248706817627,1490
dense,normuon,0.003,normuon-lr3e-3,0.384,0.6955811977386475,0.0020546075085324236,0.5190129280090332,1500
dense,normuon,0.003,normuon-lr3e-3,0.38656,0.6933917999267578,0.002046075085324232,0.5412985801696777,1510
dense,normuon,0.003,normuon-lr3e-3,0.38912,0.7055538296699524,0.002037542662116041,0.5193998336791992,1520
dense,normuon,0.003,normuon-lr3e-3,0.39168,0.7161706686019897,0.00202901023890785,0.5290549755096435,1530
dense,normuon,0.003,normuon-lr3e-3,0.39424,0.6593480110168457,0.0020204778156996585,0.5327897071838379,1540
dense,normuon,0.003,normuon-lr3e-3,0.3968,0.6181789636611938,0.0020119453924914675,0.517758846282959,1550
dense,normuon,0.003,normuon-lr3e-3,0.39936,0.6199168562889099,0.0020034129692832765,0.5276730060577393,1560
dense,normuon,0.003,normuon-lr3e-3,0.40192,0.6952264904975891,0.0019948805460750854,0.5111049175262451,1570
dense,normuon,0.003,normuon-lr3e-3,0.40448,0.5978432297706604,0.001986348122866894,0.5113508224487304,1580
dense,normuon,0.003,normuon-lr3e-3,0.40704,0.4840215742588043,0.0019778156996587033,0.5042891025543212,1590
dense,normuon,0.003,normuon-lr3e-3,0.4096,0.6124680042266846,0.0019692832764505123,0.47458648681640625,1600
dense,normuon,0.003,normuon-lr3e-3,0.41216,0.7115871906280518,0.001960750853242321,0.5868916511535645,1610
dense,normuon,0.003,normuon-lr3e-3,0.41472,0.5932536721229553,0.0019522184300341298,0.5456340789794922,1620
dense,normuon,0.003,normuon-lr3e-3,0.41728,0.572480320930481,0.0019436860068259387,0.5469212532043457,1630
dense,normuon,0.003,normuon-lr3e-3,0.41984,0.5974870920181274,0.0019351535836177477,0.544012451171875,1640
dense,normuon,0.003,normuon-lr3e-3,0.4224,0.6101964712142944,0.0019266211604095562,0.49027504920959475,1650
dense,normuon,0.003,normuon-lr3e-3,0.42496,0.6920499801635742,0.0019180887372013651,0.5412866115570069,1660
dense,normuon,0.003,normuon-lr3e-3,0.42752,0.5981911420822144,0.001909556313993174,0.4987450122833252,1670
dense,normuon,0.003,normuon-lr3e-3,0.43008,0.6894662976264954,0.0019010238907849828,0.5093197345733642,1680
dense,normuon,0.003,normuon-lr3e-3,0.43264,0.6562005281448364,0.0018924914675767918,0.4980903148651123,1690
dense,normuon,0.003,normuon-lr3e-3,0.4352,0.6292725801467896,0.0018839590443686007,0.5731441497802734,1700
dense,normuon,0.003,normuon-lr3e-3,0.43776,0.591011106967926,0.0018754266211604097,0.5289175987243653,1710
dense,normuon,0.003,normuon-lr3e-3,0.44032,0.5156985521316528,0.0018668941979522184,0.5437614917755127,1720
dense,normuon,0.003,normuon-lr3e-3,0.44288,0.5759234428405762,0.0018583617747440274,0.5016881942749023,1730
dense,normuon,0.003,normuon-lr3e-3,0.44544,0.592093825340271,0.0018498293515358363,0.49556832313537597,1740
dense,normuon,0.003,normuon-lr3e-3,0.448,0.657780110836029,0.0018412969283276449,0.526543140411377,1750
dense,normuon,0.003,normuon-lr3e-3,0.45056,0.6532819867134094,0.0018327645051194538,0.5419410705566406,1760
dense,normuon,0.003,normuon-lr3e-3,0.45312,0.6054302453994751,0.0018242320819112628,0.49992685317993163,1770
dense,normuon,0.003,normuon-lr3e-3,0.45568,0.707345724105835,0.001815699658703072,0.5417830944061279,1780
dense,normuon,0.003,normuon-lr3e-3,0.45824,0.570119321346283,0.0018071672354948805,0.49225578308105467,1790
dense,normuon,0.003,normuon-lr3e-3,0.4608,0.5911966562271118,0.0017986348122866894,0.5318804740905761,1800
dense,normuon,0.003,normuon-lr3e-3,0.46336,0.6085506677627563,0.0017901023890784984,0.4922794342041016,1810
dense,normuon,0.003,normuon-lr3e-3,0.46592,0.5897042155265808,0.0017815699658703071,0.4831374168395996,1820
dense,normuon,0.003,normuon-lr3e-3,0.46848,0.5672935247421265,0.001773037542662116,0.4882227897644043,1830
dense,normuon,0.003,normuon-lr3e-3,0.47104,0.5443076491355896,0.001764505119453925,0.4864218235015869,1840
dense,normuon,0.003,normuon-lr3e-3,0.4736,0.5834998488426208,0.001755972696245734,0.5191919803619385,1850
dense,normuon,0.003,normuon-lr3e-3,0.47616,0.6051828265190125,0.0017474402730375425,0.4858738422393799,1860
dense,normuon,0.003,normuon-lr3e-3,0.47872,0.6478310227394104,0.0017389078498293517,0.5486620903015137,1870
dense,normuon,0.003,normuon-lr3e-3,0.48128,0.5764715671539307,0.0017303754266211606,0.4658076286315918,1880
dense,normuon,0.003,normuon-lr3e-3,0.48384,0.7409330606460571,0.0017218430034129692,0.5710801601409912,1890
dense,normuon,0.003,normuon-lr3e-3,0.4864,0.58622807264328,0.0017133105802047781,0.46860742568969727,1900
dense,normuon,0.003,normuon-lr3e-3,0.48896,0.6048129796981812,0.001704778156996587,0.4807719707489014,1910
dense,normuon,0.003,normuon-lr3e-3,0.49152,0.7170639038085938,0.001696245733788396,0.529280424118042,1920
dense,normuon,0.003,normuon-lr3e-3,0.49408,0.7209755778312683,0.0016877133105802048,0.4826496601104736,1930
dense,normuon,0.003,normuon-lr3e-3,0.49664,0.6695873737335205,0.0016791808873720137,0.4986180305480957,1940
dense,normuon,0.003,normuon-lr3e-3,0.4992,0.6146272420883179,0.0016706484641638227,0.4837336540222168,1950
dense,normuon,0.003,normuon-lr3e-3,0.50176,0.7329649925231934,0.0016621160409556312,0.5108978271484375,1960
dense,normuon,0.003,normuon-lr3e-3,0.50432,0.5821554064750671,0.0016535836177474404,0.4657742023468018,1970
dense,normuon,0.003,normuon-lr3e-3,0.50688,0.6375181078910828,0.0016450511945392493,0.4828010082244873,1980
dense,normuon,0.003,normuon-lr3e-3,0.50944,0.5260156989097595,0.0016365187713310583,0.5374954223632813,1990
dense,normuon,0.003,normuon-lr3e-3,0.512,0.5849143862724304,0.0016279863481228668,0.5278021335601807,2000
dense,normuon,0.003,normuon-lr3e-3,0.51456,0.5466470718383789,0.0016194539249146757,0.48877639770507814,2010
dense,normuon,0.003,normuon-lr3e-3,0.51712,0.6109001040458679,0.0016109215017064847,0.5020324230194092,2020
dense,normuon,0.003,normuon-lr3e-3,0.51968,0.525863528251648,0.0016023890784982934,0.4509408950805664,2030
dense,normuon,0.003,normuon-lr3e-3,0.52224,0.6065446734428406,0.0015938566552901024,0.4326493263244629,2040
dense,normuon,0.003,normuon-lr3e-3,0.5248,0.6078594326972961,0.0015853242320819113,0.4681561470031738,2050
dense,normuon,0.003,normuon-lr3e-3,0.52736,0.6640387773513794,0.0015767918088737203,0.4825000286102295,2060
dense,normuon,0.003,normuon-lr3e-3,0.52992,0.6190757751464844,0.001568259385665529,0.5171422004699707,2070
dense,normuon,0.003,normuon-lr3e-3,0.53248,0.4875909984111786,0.001559726962457338,0.4906924724578857,2080
dense,normuon,0.003,normuon-lr3e-3,0.53504,0.5937877297401428,0.001551194539249147,0.5241429328918457,2090
dense,normuon,0.003,normuon-lr3e-3,0.5376,0.6107689738273621,0.0015426621160409555,0.4970447540283203,2100
dense,normuon,0.003,normuon-lr3e-3,0.54016,0.6275194883346558,0.0015341296928327644,0.47588043212890624,2110
dense,normuon,0.003,normuon-lr3e-3,0.54272,0.6218740940093994,0.0015255972696245734,0.507758092880249,2120
dense,normuon,0.003,normuon-lr3e-3,0.54528,0.603358268737793,0.0015170648464163823,0.47565431594848634,2130
dense,normuon,0.003,normuon-lr3e-3,0.54784,0.4755098223686218,0.001508532423208191,0.4361591339111328,2140
dense,normuon,0.003,normuon-lr3e-3,0.5504,0.6560088396072388,0.0015,0.48372735977172854,2150
dense,normuon,0.003,normuon-lr3e-3,0.55296,0.6327899694442749,0.0014914675767918088,0.42418584823608396,2160
dense,normuon,0.003,normuon-lr3e-3,0.55552,0.590194582939148,0.0014829351535836177,0.4756748676300049,2170
dense,normuon,0.003,normuon-lr3e-3,0.55808,0.6042472124099731,0.0014744027303754267,0.49561595916748047,2180
dense,normuon,0.003,normuon-lr3e-3,0.56064,0.5083805918693542,0.0014658703071672356,0.4839623928070068,2190
dense,normuon,0.003,normuon-lr3e-3,0.5632,0.6056699156761169,0.0014573378839590444,0.47368483543395995,2200
dense,normuon,0.003,normuon-lr3e-3,0.56576,0.6041451692581177,0.0014488054607508533,0.48224787712097167,2210
dense,normuon,0.003,normuon-lr3e-3,0.56832,0.5362781286239624,0.001440273037542662,0.4088605403900146,2220
dense,normuon,0.003,normuon-lr3e-3,0.57088,0.6897531747817993,0.001431740614334471,0.4933581829071045,2230
dense,normuon,0.003,normuon-lr3e-3,0.57344,0.7107279896736145,0.00142320819112628,0.5133268356323242,2240
dense,normuon,0.003,normuon-lr3e-3,0.576,0.5646247863769531,0.0014146757679180887,0.47266759872436526,2250
dense,normuon,0.003,normuon-lr3e-3,0.57856,0.6158360242843628,0.0014061433447098977,0.4834136962890625,2260
dense,normuon,0.003,normuon-lr3e-3,0.58112,0.6641814112663269,0.0013976109215017064,0.46914186477661135,2270
dense,normuon,0.003,normuon-lr3e-3,0.58368,0.4925461709499359,0.0013890784982935154,0.48517475128173826,2280
dense,normuon,0.003,normuon-lr3e-3,0.58624,0.6364237070083618,0.0013805460750853243,0.42553181648254396,2290
dense,normuon,0.003,normuon-lr3e-3,0.5888,0.6033955812454224,0.001372013651877133,0.4792726993560791,2300
dense,normuon,0.003,normuon-lr3e-3,0.59136,0.5417368412017822,0.001363481228668942,0.4235987663269043,2310
dense,normuon,0.003,normuon-lr3e-3,0.59392,0.6150622963905334,0.0013549488054607507,0.4668585300445557,2320
dense,normuon,0.003,normuon-lr3e-3,0.59648,0.5503882169723511,0.0013464163822525597,0.47857275009155276,2330
dense,normuon,0.003,normuon-lr3e-3,0.59904,0.6233651041984558,0.0013378839590443687,0.4594593048095703,2340
dense,normuon,0.003,normuon-lr3e-3,0.6016,0.5929550528526306,0.0013293515358361776,0.48705596923828126,2350
dense,normuon,0.003,normuon-lr3e-3,0.60416,0.6118223667144775,0.0013208191126279864,0.45237183570861816,2360
dense,normuon,0.003,normuon-lr3e-3,0.60672,0.6676117181777954,0.001312286689419795,0.4951136589050293,2370
dense,normuon,0.003,normuon-lr3e-3,0.60928,0.486041784286499,0.001303754266211604,0.47803220748901365,2380
dense,normuon,0.003,normuon-lr3e-3,0.61184,0.626045823097229,0.001295221843003413,0.45441436767578125,2390
dense,normuon,0.003,normuon-lr3e-3,0.6144,0.5484699010848999,0.001286689419795222,0.4341609954833984,2400
dense,normuon,0.003,normuon-lr3e-3,0.61696,0.5261207222938538,0.0012781569965870307,0.42461533546447755,2410
dense,normuon,0.003,normuon-lr3e-3,0.61952,0.5807206034660339,0.0012696245733788396,0.41651239395141604,2420
dense,normuon,0.003,normuon-lr3e-3,0.62208,0.6055953502655029,0.0012610921501706484,0.4803781032562256,2430
dense,normuon,0.003,normuon-lr3e-3,0.62464,0.6568433046340942,0.0012525597269624573,0.4537204265594482,2440
dense,normuon,0.003,normuon-lr3e-3,0.6272,0.4592709541320801,0.0012440273037542663,0.4404462814331055,2450
dense,normuon,0.003,normuon-lr3e-3,0.62976,0.5752034187316895,0.001235494880546075,0.4185317516326904,2460
dense,normuon,0.003,normuon-lr3e-3,0.63232,0.5905404686927795,0.001226962457337884,0.4416045188903809,2470
dense,normuon,0.003,normuon-lr3e-3,0.63488,0.6202737092971802,0.0012184300341296927,0.42560348510742185,2480
dense,normuon,0.003,normuon-lr3e-3,0.63744,0.5786212086677551,0.001209897610921502,0.42205057144165037,2490
dense,normuon,0.003,normuon-lr3e-3,0.64,0.7116120457649231,0.0012013651877133106,0.4661533355712891,2500
dense,normuon,0.003,normuon-lr3e-3,0.64256,0.6132344007492065,0.0011928327645051194,0.4337610721588135,2510
dense,normuon,0.003,normuon-lr3e-3,0.64512,0.6262388825416565,0.0011843003412969283,0.43433895111083987,2520
dense,normuon,0.003,normuon-lr3e-3,0.64768,0.5438210964202881,0.0011757679180887373,0.4637174606323242,2530
dense,normuon,0.003,normuon-lr3e-3,0.65024,0.5802792310714722,0.0011672354948805462,0.456805419921875,2540
dense,normuon,0.003,normuon-lr3e-3,0.6528,0.5183831453323364,0.001158703071672355,0.40900459289550783,2550
dense,normuon,0.003,normuon-lr3e-3,0.65536,0.6668009757995605,0.001150170648464164,0.46872849464416505,2560
dense,normuon,0.003,normuon-lr3e-3,0.65792,0.6487109065055847,0.0011416382252559727,0.4423487663269043,2570
dense,normuon,0.003,normuon-lr3e-3,0.66048,0.5821743607521057,0.0011331058020477816,0.4320671081542969,2580
dense,normuon,0.003,normuon-lr3e-3,0.66304,0.6734575629234314,0.0011245733788395906,0.47340779304504393,2590
dense,normuon,0.003,normuon-lr3e-3,0.6656,0.5794422626495361,0.0011160409556313993,0.4148851871490479,2600
dense,normuon,0.003,normuon-lr3e-3,0.66816,0.6298840641975403,0.0011075085324232083,0.43320503234863283,2610
dense,normuon,0.003,normuon-lr3e-3,0.67072,0.57631516456604,0.001098976109215017,0.4370273113250732,2620
dense,normuon,0.003,normuon-lr3e-3,0.67328,0.4917623698711395,0.001090443686006826,0.42146005630493166,2630
dense,normuon,0.003,normuon-lr3e-3,0.67584,0.6389736533164978,0.001081911262798635,0.45413775444030763,2640
dense,normuon,0.003,normuon-lr3e-3,0.6784,0.45661911368370056,0.0010733788395904437,0.3954437494277954,2650
dense,normuon,0.003,normuon-lr3e-3,0.68096,0.5483847856521606,0.0010648464163822526,0.3938222169876099,2660
dense,normuon,0.003,normuon-lr3e-3,0.68352,0.595755398273468,0.0010563139931740614,0.43596682548522947,2670
dense,normuon,0.003,normuon-lr3e-3,0.68608,0.47815242409706116,0.0010477815699658703,0.4052405834197998,2680
dense,normuon,0.003,normuon-lr3e-3,0.68864,0.579266369342804,0.0010392491467576793,0.4073028564453125,2690
dense,normuon,0.003,normuon-lr3e-3,0.6912,0.5582235455513,0.0010307167235494882,0.43722333908081057,2700
dense,normuon,0.003,normuon-lr3e-3,0.69376,0.5747755765914917,0.001022184300341297,0.4111795425415039,2710
dense,normuon,0.003,normuon-lr3e-3,0.69632,0.6079539656639099,0.0010136518771331057,0.48955411911010743,2720
dense,normuon,0.003,normuon-lr3e-3,0.69888,0.5915409922599792,0.0010051194539249146,0.471734619140625,2730
dense,normuon,0.003,normuon-lr3e-3,0.70144,0.5990971922874451,0.0009965870307167236,0.4214187145233154,2740
dense,normuon,0.003,normuon-lr3e-3,0.704,0.5666728615760803,0.0009880546075085326,0.41659231185913087,2750
dense,normuon,0.003,normuon-lr3e-3,0.70656,0.6683571934700012,0.0009795221843003413,0.42488908767700195,2760
dense,normuon,0.003,normuon-lr3e-3,0.70912,0.5563046336174011,0.0009709897610921503,0.4667990684509277,2770
dense,normuon,0.003,normuon-lr3e-3,0.71168,0.40120476484298706,0.0009624573378839591,0.3918008327484131,2780
dense,normuon,0.003,normuon-lr3e-3,0.71424,0.6196656227111816,0.0009539249146757678,0.44071202278137206,2790
dense,normuon,0.003,normuon-lr3e-3,0.7168,0.5224884152412415,0.0009453924914675768,0.4014121532440186,2800
dense,normuon,0.003,normuon-lr3e-3,0.71936,0.5921964645385742,0.0009368600682593856,0.4323704719543457,2810
dense,normuon,0.003,normuon-lr3e-3,0.72192,0.6358357667922974,0.0009283276450511946,0.44365901947021485,2820
dense,normuon,0.003,normuon-lr3e-3,0.72448,0.5719671845436096,0.0009197952218430034,0.4058525562286377,2830
dense,normuon,0.003,normuon-lr3e-3,0.72704,0.6424989700317383,0.0009112627986348124,0.42605295181274416,2840
dense,normuon,0.003,normuon-lr3e-3,0.7296,0.4698259234428406,0.0009027303754266211,0.43463382720947263,2850
dense,normuon,0.003,normuon-lr3e-3,0.73216,0.5525441765785217,0.00089419795221843,0.4007716178894043,2860
dense,normuon,0.003,normuon-lr3e-3,0.73472,0.5513855218887329,0.0008856655290102389,0.38263449668884275,2870
dense,normuon,0.003,normuon-lr3e-3,0.73728,0.5188983082771301,0.0008771331058020478,0.37738404273986814,2880
dense,normuon,0.003,normuon-lr3e-3,0.73984,0.5143877863883972,0.0008686006825938567,0.38178043365478515,2890
dense,normuon,0.003,normuon-lr3e-3,0.7424,0.5626378655433655,0.0008600682593856655,0.40920462608337405,2900
dense,normuon,0.003,normuon-lr3e-3,0.74496,0.5588428378105164,0.0008515358361774745,0.4017671585083008,2910
dense,normuon,0.003,normuon-lr3e-3,0.74752,0.5157074928283691,0.0008430034129692833,0.37792625427246096,2920
dense,normuon,0.003,normuon-lr3e-3,0.75008,0.6097058057785034,0.0008344709897610921,0.4078256607055664,2930
dense,normuon,0.003,normuon-lr3e-3,0.75264,0.5015549063682556,0.0008259385665529011,0.40427799224853517,2940
dense,normuon,0.003,normuon-lr3e-3,0.7552,0.6634933948516846,0.0008174061433447098,0.4084760665893555,2950
dense,normuon,0.003,normuon-lr3e-3,0.75776,0.582258403301239,0.0008088737201365189,0.4108264923095703,2960
dense,normuon,0.003,normuon-lr3e-3,0.76032,0.5998727679252625,0.0008003412969283276,0.41099853515625,2970
dense,normuon,0.003,normuon-lr3e-3,0.76288,0.6866011619567871,0.0007918088737201366,0.44651341438293457,2980
dense,normuon,0.003,normuon-lr3e-3,0.76544,0.5773829221725464,0.0007832764505119454,0.43158960342407227,2990
dense,normuon,0.003,normuon-lr3e-3,0.768,0.5387972593307495,0.0007747440273037542,0.3585247039794922,3000
dense,normuon,0.003,normuon-lr3e-3,0.77056,0.500813364982605,0.0007662116040955632,0.3690065860748291,3010
dense,normuon,0.003,normuon-lr3e-3,0.77312,0.879650890827179,0.000757679180887372,0.3765002727508545,3020
dense,normuon,0.003,normuon-lr3e-3,0.77568,0.49584999680519104,0.0007491467576791809,0.36375885009765624,3030
dense,normuon,0.003,normuon-lr3e-3,0.77824,0.5196436643600464,0.0007406143344709898,0.4019045829772949,3040
dense,normuon,0.003,normuon-lr3e-3,0.7808,0.5634390711784363,0.0007320819112627986,0.4024823665618896,3050
dense,normuon,0.003,normuon-lr3e-3,0.78336,0.6242077350616455,0.0007235494880546076,0.394781494140625,3060
dense,normuon,0.003,normuon-lr3e-3,0.78592,0.7183557748794556,0.0007150170648464164,0.36381239891052247,3070
dense,normuon,0.003,normuon-lr3e-3,0.78848,0.5810233354568481,0.0007064846416382253,0.3875213623046875,3080
dense,normuon,0.003,normuon-lr3e-3,0.79104,0.5847353935241699,0.0006979522184300342,0.38649554252624513,3090
dense,normuon,0.003,normuon-lr3e-3,0.7936,0.5351980328559875,0.0006894197952218429,0.36211886405944826,3100
dense,normuon,0.003,normuon-lr3e-3,0.79616,0.5596794486045837,0.0006808873720136519,0.4092233180999756,3110
dense,normuon,0.003,normuon-lr3e-3,0.79872,0.5554254055023193,0.0006723549488054607,0.3312218189239502,3120
dense,normuon,0.003,normuon-lr3e-3,0.80128,0.5403081774711609,0.0006638225255972696,0.39133853912353517,3130
dense,normuon,0.003,normuon-lr3e-3,0.80384,0.5560944080352783,0.0006552901023890785,0.3989054441452026,3140
dense,normuon,0.003,normuon-lr3e-3,0.8064,0.5488770604133606,0.0006467576791808874,0.37548198699951174,3150
dense,normuon,0.003,normuon-lr3e-3,0.80896,0.6854448318481445,0.0006382252559726962,0.42349910736083984,3160
dense,normuon,0.003,normuon-lr3e-3,0.81152,0.5314002633094788,0.0006296928327645051,0.3863211631774902,3170
dense,normuon,0.003,normuon-lr3e-3,0.81408,0.5366120934486389,0.0006211604095563139,0.3649606704711914,3180
dense,normuon,0.003,normuon-lr3e-3,0.81664,0.5240134596824646,0.0006126279863481229,0.39462263584136964,3190
dense,normuon,0.003,normuon-lr3e-3,0.8192,0.5470719337463379,0.0006040955631399317,0.35893104076385496,3200
dense,normuon,0.003,normuon-lr3e-3,0.82176,0.5301788449287415,0.0005955631399317406,0.3887915134429932,3210
dense,normuon,0.003,normuon-lr3e-3,0.82432,0.5956020355224609,0.0005870307167235495,0.37867226600646975,3220
dense,normuon,0.003,normuon-lr3e-3,0.82688,0.5475229620933533,0.0005784982935153584,0.331072473526001,3230
dense,normuon,0.003,normuon-lr3e-3,0.82944,0.5626971125602722,0.0005699658703071672,0.3893561363220215,3240
dense,normuon,0.003,normuon-lr3e-3,0.832,0.5356432199478149,0.0005614334470989761,0.36230669021606443,3250
dense,normuon,0.003,normuon-lr3e-3,0.83456,0.5761466026306152,0.0005529010238907849,0.41196613311767577,3260
dense,normuon,0.003,normuon-lr3e-3,0.83712,0.49597790837287903,0.0005443686006825939,0.3619397163391113,3270
dense,normuon,0.003,normuon-lr3e-3,0.83968,0.5185874104499817,0.0005358361774744027,0.36294853687286377,3280
dense,normuon,0.003,normuon-lr3e-3,0.84224,0.540420651435852,0.0005273037542662117,0.3891879081726074,3290
dense,normuon,0.003,normuon-lr3e-3,0.8448,0.518397331237793,0.0005187713310580205,0.37849903106689453,3300
dense,normuon,0.003,normuon-lr3e-3,0.84736,0.5200738310813904,0.0005102389078498294,0.36809282302856444,3310
dense,normuon,0.003,normuon-lr3e-3,0.84992,0.6170280575752258,0.0005017064846416382,0.37557387351989746,3320
dense,normuon,0.003,normuon-lr3e-3,0.85248,0.5745674967765808,0.0004931740614334471,0.4222450256347656,3330
dense,normuon,0.003,normuon-lr3e-3,0.85504,0.5565779209136963,0.00048464163822525597,0.3621506214141846,3340
dense,normuon,0.003,normuon-lr3e-3,0.8576,0.48959359526634216,0.00047610921501706487,0.37089240550994873,3350
dense,normuon,0.003,normuon-lr3e-3,0.86016,0.4068593382835388,0.00046757679180887377,0.37741234302520754,3360
dense,normuon,0.003,normuon-lr3e-3,0.86272,0.5936810374259949,0.0004590443686006826,0.3260349750518799,3370
dense,normuon,0.003,normuon-lr3e-3,0.86528,0.5935458540916443,0.0004505119453924915,0.35590124130249023,3380
dense,normuon,0.003,normuon-lr3e-3,0.86784,0.5179927945137024,0.0004419795221843003,0.38534162044525144,3390
dense,normuon,0.003,normuon-lr3e-3,0.8704,0.5614289045333862,0.0004334470989761092,0.369568920135498,3400
dense,normuon,0.003,normuon-lr3e-3,0.87296,0.47992801666259766,0.0004249146757679181,0.3727648496627808,3410
dense,normuon,0.003,normuon-lr3e-3,0.87552,0.6270173192024231,0.00041638225255972696,0.36375839710235597,3420
dense,normuon,0.003,normuon-lr3e-3,0.87808,0.5864538550376892,0.00040784982935153586,0.36453747749328613,3430
dense,normuon,0.003,normuon-lr3e-3,0.88064,0.6177302598953247,0.00039931740614334476,0.3768320560455322,3440
dense,normuon,0.003,normuon-lr3e-3,0.8832,0.5795393586158752,0.00039078498293515366,0.41383838653564453,3450
dense,normuon,0.003,normuon-lr3e-3,0.88576,0.5280893445014954,0.00038225255972696245,0.3573507785797119,3460
dense,normuon,0.003,normuon-lr3e-3,0.88832,0.5519475340843201,0.0003737201365187713,0.3818105459213257,3470
dense,normuon,0.003,normuon-lr3e-3,0.89088,0.4642525017261505,0.0003651877133105802,0.32948400974273684,3480
dense,normuon,0.003,normuon-lr3e-3,0.89344,0.5706388354301453,0.0003566552901023891,0.3861692905426025,3490
dense,normuon,0.003,normuon-lr3e-3,0.896,0.3346009850502014,0.000348122866894198,0.3529409408569336,3500
dense,normuon,0.003,normuon-lr3e-3,0.89856,0.5592265725135803,0.00033959044368600685,0.36558339595794676,3510
dense,normuon,0.003,normuon-lr3e-3,0.90112,0.5979934930801392,0.0003310580204778157,0.4028862476348877,3520
dense,normuon,0.003,normuon-lr3e-3,0.90368,0.5739526748657227,0.0003225255972696246,0.3661562442779541,3530
dense,normuon,0.003,normuon-lr3e-3,0.90624,0.5532612204551697,0.00031399317406143344,0.34182560443878174,3540
dense,normuon,0.003,normuon-lr3e-3,0.9088,0.6026453375816345,0.00030546075085324234,0.3848607063293457,3550
dense,normuon,0.003,normuon-lr3e-3,0.91136,0.6042532920837402,0.0002969283276450512,0.3756826400756836,3560
dense,normuon,0.003,normuon-lr3e-3,0.91392,0.6124711036682129,0.0002883959044368601,0.39109158515930176,3570
dense,normuon,0.003,normuon-lr3e-3,0.91648,0.6347091197967529,0.00027986348122866893,0.3592480182647705,3580
dense,normuon,0.003,normuon-lr3e-3,0.91904,0.4416395425796509,0.00027133105802047783,0.34899444580078126,3590
dense,normuon,0.003,normuon-lr3e-3,0.9216,0.47618770599365234,0.0002627986348122867,0.34187042713165283,3600
dense,normuon,0.003,normuon-lr3e-3,0.92416,0.4854183793067932,0.00025426621160409553,0.3616469144821167,3610
dense,normuon,0.003,normuon-lr3e-3,0.92672,0.5439521074295044,0.00024573378839590443,0.32732377052307127,3620
dense,normuon,0.003,normuon-lr3e-3,0.92928,0.5486456155776978,0.00023720136518771333,0.35212202072143556,3630
dense,normuon,0.003,normuon-lr3e-3,0.93184,0.49964314699172974,0.0002286689419795222,0.3691887855529785,3640
dense,normuon,0.003,normuon-lr3e-3,0.9344,0.4507032334804535,0.00022013651877133105,0.34275054931640625,3650
dense,normuon,0.003,normuon-lr3e-3,0.93696,0.41033434867858887,0.00021160409556313992,0.3729679584503174,3660
dense,normuon,0.003,normuon-lr3e-3,0.93952,0.49663299322128296,0.00020307167235494882,0.3700412750244141,3670
dense,normuon,0.003,normuon-lr3e-3,0.94208,0.5622897744178772,0.00019453924914675767,0.3539814233779907,3680
dense,normuon,0.003,normuon-lr3e-3,0.94464,0.625368058681488,0.00018600682593856654,0.3668588876724243,3690
dense,normuon,0.003,normuon-lr3e-3,0.9472,0.489896297454834,0.00017747440273037544,0.3309777021408081,3700
dense,normuon,0.003,normuon-lr3e-3,0.94976,0.5507763624191284,0.0001689419795221843,0.3754689693450928,3710
dense,normuon,0.003,normuon-lr3e-3,0.95232,0.6354249119758606,0.0001604095563139932,0.31604461669921874,3720
dense,normuon,0.003,normuon-lr3e-3,0.95488,0.6457675695419312,0.00015187713310580204,0.3416521310806274,3730
dense,normuon,0.003,normuon-lr3e-3,0.95744,0.5733204483985901,0.00014334470989761094,0.3520336627960205,3740
dense,normuon,0.003,normuon-lr3e-3,0.96,0.5496558547019958,0.00013481228668941979,0.34670519828796387,3750
dense,normuon,0.003,normuon-lr3e-3,0.96256,0.5665233731269836,0.00012627986348122866,0.3259572982788086,3760
dense,normuon,0.003,normuon-lr3e-3,0.96512,0.5902032256126404,0.00011774744027303755,0.38840398788452146,3770
dense,normuon,0.003,normuon-lr3e-3,0.96768,0.5670243501663208,0.0001092150170648464,0.36610658168792726,3780
dense,normuon,0.003,normuon-lr3e-3,0.97024,0.6104641556739807,0.0001006825938566553,0.33313987255096433,3790
dense,normuon,0.003,normuon-lr3e-3,0.9728,0.5267257690429688,9.215017064846417e-05,0.33871266841888426,3800
dense,normuon,0.003,normuon-lr3e-3,0.97536,0.6543850302696228,8.361774744027304e-05,0.36191449165344236,3810
dense,normuon,0.003,normuon-lr3e-3,0.97792,0.47160643339157104,7.508532423208191e-05,0.35734717845916747,3820
dense,normuon,0.003,normuon-lr3e-3,0.98048,0.5842337608337402,6.655290102389079e-05,0.3372218608856201,3830
dense,normuon,0.003,normuon-lr3e-3,0.98304,0.6099652647972107,5.802047781569966e-05,0.38281123638153075,3840
dense,normuon,0.003,normuon-lr3e-3,0.9856,0.5721108913421631,4.9488054607508536e-05,0.3810503244400024,3850
dense,normuon,0.003,normuon-lr3e-3,0.98816,0.5507972240447998,4.095563139931741e-05,0.3293063879013062,3860
dense,normuon,0.003,normuon-lr3e-3,0.99072,0.5132894515991211,3.242320819112628e-05,0.33556241989135743,3870
dense,normuon,0.003,normuon-lr3e-3,0.99328,0.6070659160614014,2.3890784982935153e-05,0.35638186931610105,3880
dense,normuon,0.003,normuon-lr3e-3,0.99584,0.5482117533683777,1.5358361774744027e-05,0.34327378273010256,3890
dense,normuon,0.003,normuon-lr3e-3,0.9984,0.507831335067749,6.8259385665529e-06,0.3658954381942749,3900
