2026-09-13T16:22:52.4400839Z Current runner version: '2.337.0'
2026-09-13T16:22:52.4426046Z ##[group]Runner Image Provisioner
2026-09-13T16:22:52.4427497Z Hosted Compute Agent
2026-09-13T16:22:52.4428129Z Version: 20260828.587
2026-09-13T16:22:52.4428835Z Commit: abac92662cab4cc7352de4f9f9d2e2419aad9c29
2026-09-13T16:22:52.4429883Z Build Date: 2026-08-28T16:44:25Z
2026-09-13T16:22:52.4430723Z Worker ID: {76ea950c-429f-4d43-8598-2546e289da40}
2026-09-13T16:22:52.4431531Z Azure Region: westus
2026-09-13T16:22:52.4432125Z ##[endgroup]
2026-09-13T16:22:52.4433930Z ##[group]Operating System
2026-09-13T16:22:52.4434628Z Ubuntu
2026-09-13T16:22:52.4435205Z 24.04.5
2026-09-13T16:22:52.4435839Z LTS
2026-09-13T16:22:52.4436377Z ##[endgroup]
2026-09-13T16:22:52.4436943Z ##[group]Runner Image
2026-09-13T16:22:52.4437635Z Image: ubuntu-24.04
2026-09-13T16:22:52.4438261Z Version: 20260907.300.1
2026-09-13T16:22:52.4439611Z Included Software: https://github.com/actions/runner-images/blob/ubuntu24/20260907.300/images/ubuntu/Ubuntu2404-Readme.md
2026-09-13T16:22:52.4441497Z Image Release: https://github.com/actions/runner-images/releases/tag/ubuntu24%2F20260907.300
2026-09-13T16:22:52.4442597Z ##[endgroup]
2026-09-13T16:22:52.4443861Z ##[group]GITHUB_TOKEN Permissions
2026-09-13T16:22:52.4445891Z Contents: read
2026-09-13T16:22:52.4446522Z Metadata: read
2026-09-13T16:22:52.4447238Z Packages: read
2026-09-13T16:22:52.4447900Z ##[endgroup]
2026-09-13T16:22:52.4450482Z Secret source: Actions
2026-09-13T16:22:52.4451606Z Cache mode: write
2026-09-13T16:22:52.4452321Z Prepare workflow directory
2026-09-13T16:22:52.4802752Z Prepare all required actions
2026-09-13T16:22:52.4854024Z Getting action download info
2026-09-13T16:22:52.8426510Z Download action repository 'actions/checkout@v7.0.1' (SHA:3d3c42e5aac5ba805825da76410c181273ba90b1)
2026-09-13T16:22:52.9529486Z Download action repository 'astral-sh/setup-uv@v10.0.1' (SHA:20cfd1bf945f4377ade1205e4dbc17946fc9a30d)
2026-09-13T16:22:53.4852965Z Download action repository 'actions/upload-artifact@v4' (SHA:ea165f8d65b6e75b540449e92b4886f43607fa02)
2026-09-13T16:22:53.7095938Z Complete job name: test
2026-09-13T16:22:53.7972903Z ##[group]Run actions/checkout@v7.0.1
2026-09-13T16:22:53.7973917Z with:
2026-09-13T16:22:53.7974400Z   fetch-depth: 0
2026-09-13T16:22:53.7974974Z   repository: qcznlp/embedding-optimizer-study
2026-09-13T16:22:53.7979288Z   token: ***
2026-09-13T16:22:53.7980036Z   ssh-strict: true
2026-09-13T16:22:53.7980583Z   ssh-user: git
2026-09-13T16:22:53.7981093Z   persist-credentials: true
2026-09-13T16:22:53.7981638Z   clean: true
2026-09-13T16:22:53.7982145Z   sparse-checkout-cone-mode: true
2026-09-13T16:22:53.7982722Z   fetch-tags: false
2026-09-13T16:22:53.7983214Z   show-progress: true
2026-09-13T16:22:53.7983722Z   lfs: false
2026-09-13T16:22:53.7984191Z   submodules: false
2026-09-13T16:22:53.7984687Z   set-safe-directory: true
2026-09-13T16:22:53.7985247Z   allow-unsafe-pr-checkout: false
2026-09-13T16:22:53.7986125Z ##[endgroup]
2026-09-13T16:22:53.9006960Z Syncing repository: qcznlp/embedding-optimizer-study
2026-09-13T16:22:53.9010446Z ##[group]Getting Git version info
2026-09-13T16:22:53.9012427Z Working directory is '/home/runner/work/embedding-optimizer-study/embedding-optimizer-study'
2026-09-13T16:22:53.9014934Z [command]/usr/bin/git version
2026-09-13T16:22:53.9097473Z git version 2.55.0
2026-09-13T16:22:53.9124306Z ##[endgroup]
2026-09-13T16:22:53.9141532Z Temporarily overriding HOME='/home/runner/work/_temp/d583dd88-8d70-45c5-aff7-6d73e7ddd5d9' before making global git config changes
2026-09-13T16:22:53.9143534Z Adding repository directory to the temporary git global config as a safe directory
2026-09-13T16:22:53.9145657Z [command]/usr/bin/git config --global --add safe.directory /home/runner/work/embedding-optimizer-study/embedding-optimizer-study
2026-09-13T16:22:53.9204830Z Deleting the contents of '/home/runner/work/embedding-optimizer-study/embedding-optimizer-study'
2026-09-13T16:22:53.9207691Z ##[group]Determining repository object format
2026-09-13T16:22:53.9210003Z ##[endgroup]
2026-09-13T16:22:53.9212301Z ##[group]Initializing the repository
2026-09-13T16:22:53.9214414Z [command]/usr/bin/git init /home/runner/work/embedding-optimizer-study/embedding-optimizer-study
2026-09-13T16:22:53.9320435Z hint: Using 'master' as the name for the initial branch. This default branch name
2026-09-13T16:22:53.9322689Z hint: will change to "main" in Git 3.0. To configure the initial branch name
2026-09-13T16:22:53.9324906Z hint: to use in all of your new repositories, which will suppress this warning,
2026-09-13T16:22:53.9326544Z hint: call:
2026-09-13T16:22:53.9327525Z hint:
2026-09-13T16:22:53.9329087Z hint: 	git config --global init.defaultBranch <name>
2026-09-13T16:22:53.9330705Z hint:
2026-09-13T16:22:53.9331880Z hint: Names commonly chosen instead of 'master' are 'main', 'trunk' and
2026-09-13T16:22:53.9333891Z hint: 'development'. The just-created branch can be renamed via this command:
2026-09-13T16:22:53.9335567Z hint:
2026-09-13T16:22:53.9336555Z hint: 	git branch -m <name>
2026-09-13T16:22:53.9337702Z hint:
2026-09-13T16:22:53.9339079Z hint: Disable this message with "git config set advice.defaultBranchName false"
2026-09-13T16:22:53.9341931Z Initialized empty Git repository in /home/runner/work/embedding-optimizer-study/embedding-optimizer-study/.git/
2026-09-13T16:22:53.9346148Z [command]/usr/bin/git remote add origin https://github.com/qcznlp/embedding-optimizer-study
2026-09-13T16:22:53.9394713Z ##[endgroup]
2026-09-13T16:22:53.9396550Z ##[group]Disabling automatic garbage collection
2026-09-13T16:22:53.9399140Z [command]/usr/bin/git config --local gc.auto 0
2026-09-13T16:22:53.9432612Z ##[endgroup]
2026-09-13T16:22:53.9433990Z ##[group]Setting up auth
2026-09-13T16:22:53.9435206Z Removing SSH command configuration
2026-09-13T16:22:53.9439864Z [command]/usr/bin/git config --local --name-only --get-regexp core\.sshCommand
2026-09-13T16:22:53.9480033Z [command]/usr/bin/git submodule foreach --recursive sh -c "git config --local --name-only --get-regexp 'core\.sshCommand' && git config --local --unset-all 'core.sshCommand' || :"
2026-09-13T16:22:53.9839972Z Removing HTTP extra header
2026-09-13T16:22:53.9852759Z [command]/usr/bin/git config --local --name-only --get-regexp http\.https\:\/\/github\.com\/\.extraheader
2026-09-13T16:22:53.9888715Z [command]/usr/bin/git submodule foreach --recursive sh -c "git config --local --name-only --get-regexp 'http\.https\:\/\/github\.com\/\.extraheader' && git config --local --unset-all 'http.https://github.com/.extraheader' || :"
2026-09-13T16:22:54.0120002Z Removing includeIf entries pointing to credentials config files
2026-09-13T16:22:54.0124428Z [command]/usr/bin/git config --local --name-only --get-regexp ^includeIf\.gitdir:
2026-09-13T16:22:54.0162182Z [command]/usr/bin/git submodule foreach --recursive git config --local --show-origin --name-only --get-regexp remote.origin.url
2026-09-13T16:22:54.0387276Z [command]/usr/bin/git config --file /home/runner/work/_temp/git-credentials-f29bfe4f-ebcc-4756-a3f7-19a4034b255f.config http.https://github.com/.extraheader AUTHORIZATION: basic ***
2026-09-13T16:22:54.0428414Z [command]/usr/bin/git config --local includeIf.gitdir:/home/runner/work/embedding-optimizer-study/embedding-optimizer-study/.git.path /home/runner/work/_temp/git-credentials-f29bfe4f-ebcc-4756-a3f7-19a4034b255f.config
2026-09-13T16:22:54.0462864Z [command]/usr/bin/git config --local includeIf.gitdir:/home/runner/work/embedding-optimizer-study/embedding-optimizer-study/.git/worktrees/*.path /home/runner/work/_temp/git-credentials-f29bfe4f-ebcc-4756-a3f7-19a4034b255f.config
2026-09-13T16:22:54.0500744Z [command]/usr/bin/git config --local includeIf.gitdir:/github/workspace/.git.path /github/runner_temp/git-credentials-f29bfe4f-ebcc-4756-a3f7-19a4034b255f.config
2026-09-13T16:22:54.0535123Z [command]/usr/bin/git config --local includeIf.gitdir:/github/workspace/.git/worktrees/*.path /github/runner_temp/git-credentials-f29bfe4f-ebcc-4756-a3f7-19a4034b255f.config
2026-09-13T16:22:54.0566197Z ##[endgroup]
2026-09-13T16:22:54.0567068Z ##[group]Fetching the repository
2026-09-13T16:22:54.0572683Z [command]/usr/bin/git -c protocol.version=2 fetch --no-tags --prune --no-recurse-submodules origin +refs/heads/*:refs/remotes/origin/* +refs/tags/*:refs/tags/*
2026-09-13T16:23:00.6523007Z From https://github.com/qcznlp/embedding-optimizer-study
2026-09-13T16:23:00.6524930Z  * [new branch]        agent/audit-run-identity -> origin/agent/audit-run-identity
2026-09-13T16:23:00.6526176Z  * [new branch]        agent/audit-training-dynamics -> origin/agent/audit-training-dynamics
2026-09-13T16:23:00.6528002Z  * [new branch]        agent/checkpoint-artifact-audit -> origin/agent/checkpoint-artifact-audit
2026-09-13T16:23:00.6529831Z  * [new branch]        agent/ci-build-wheel -> origin/agent/ci-build-wheel
2026-09-13T16:23:00.6531068Z  * [new branch]        agent/corrected-execution-sensitivity -> origin/agent/corrected-execution-sensitivity
2026-09-13T16:23:00.6532441Z  * [new branch]        agent/corrected-retrieval-bridge -> origin/agent/corrected-retrieval-bridge
2026-09-13T16:23:00.6533864Z  * [new branch]        agent/dense-no-packing-retrain -> origin/agent/dense-no-packing-retrain
2026-09-13T16:23:00.6535065Z  * [new branch]        agent/document-optimizer-routing -> origin/agent/document-optimizer-routing
2026-09-13T16:23:00.6535829Z  * [new branch]        agent/document-third-muon-recovery -> origin/agent/document-third-muon-recovery
2026-09-13T16:23:00.6536548Z  * [new branch]        agent/finalize-public-handoff -> origin/agent/finalize-public-handoff
2026-09-13T16:23:00.6537216Z  * [new branch]        agent/handoff-live-status -> origin/agent/handoff-live-status
2026-09-13T16:23:00.6537884Z  * [new branch]        agent/package-evaluation-workers -> origin/agent/package-evaluation-workers
2026-09-13T16:23:00.6538831Z  * [new branch]        agent/package-study-metadata -> origin/agent/package-study-metadata
2026-09-13T16:23:00.6543884Z  * [new branch]        agent/posthoc-task-stability -> origin/agent/posthoc-task-stability
2026-09-13T16:23:00.6545198Z  * [new branch]        agent/shortlist-corpus-story -> origin/agent/shortlist-corpus-story
2026-09-13T16:23:00.6546661Z  * [new branch]        agent/upgrade-ci-actions -> origin/agent/upgrade-ci-actions
2026-09-13T16:23:00.6547872Z  * [new branch]        analysis/state-operator-completion -> origin/analysis/state-operator-completion
2026-09-13T16:23:00.6549108Z  * [new branch]        codex/checkpoint-1563-handoff -> origin/codex/checkpoint-1563-handoff
2026-09-13T16:23:00.6550524Z  * [new branch]        codex/state-operator-factorial -> origin/codex/state-operator-factorial
2026-09-13T16:23:00.6551706Z  * [new branch]        feat/muon-embedding-study -> origin/feat/muon-embedding-study
2026-09-13T16:23:00.6552338Z  * [new branch]        main                 -> origin/main
2026-09-13T16:23:00.6553275Z  * [new branch]        ops/publication-narrative-receipt -> origin/ops/publication-narrative-receipt
2026-09-13T16:23:00.6554016Z  * [new branch]        paper/corrected-layout-fixture -> origin/paper/corrected-layout-fixture
2026-09-13T16:23:00.6554807Z  * [new branch]        paper/corrected-outcome-propagation -> origin/paper/corrected-outcome-propagation
2026-09-13T16:23:00.6556292Z [command]/usr/bin/git branch --list --remote origin/main
2026-09-13T16:23:00.6582256Z   origin/main
2026-09-13T16:23:00.6592224Z [command]/usr/bin/git rev-parse refs/remotes/origin/main
2026-09-13T16:23:00.6620177Z ccdbcf2713596722b77f3c32cb0d3d97b90feab3
2026-09-13T16:23:00.6629048Z ##[endgroup]
2026-09-13T16:23:00.6629874Z ##[group]Determining the checkout info
2026-09-13T16:23:00.6630957Z ##[endgroup]
2026-09-13T16:23:00.6631631Z [command]/usr/bin/git sparse-checkout disable
2026-09-13T16:23:00.6687397Z [command]/usr/bin/git config --local --unset-all extensions.worktreeConfig
2026-09-13T16:23:00.6727785Z ##[group]Checking out the ref
2026-09-13T16:23:00.6728872Z [command]/usr/bin/git checkout --progress --force -B main refs/remotes/origin/main
2026-09-13T16:23:01.8761889Z Updating files:  12% (1969/15398)
2026-09-13T16:23:01.8992288Z Updating files:  13% (2002/15398)
2026-09-13T16:23:01.9119831Z Updating files:  14% (2156/15398)
2026-09-13T16:23:01.9186759Z Updating files:  15% (2310/15398)
2026-09-13T16:23:01.9330776Z Updating files:  16% (2464/15398)
2026-09-13T16:23:02.0682157Z Updating files:  17% (2618/15398)
2026-09-13T16:23:02.1277691Z Updating files:  18% (2772/15398)
2026-09-13T16:23:02.2531584Z Updating files:  19% (2926/15398)
2026-09-13T16:23:02.3432651Z Updating files:  20% (3080/15398)
2026-09-13T16:23:02.3491710Z Updating files:  21% (3234/15398)
2026-09-13T16:23:02.4347895Z Updating files:  22% (3388/15398)
2026-09-13T16:23:02.4818177Z Updating files:  23% (3542/15398)
2026-09-13T16:23:02.4919923Z Updating files:  24% (3696/15398)
2026-09-13T16:23:02.4997001Z Updating files:  25% (3850/15398)
2026-09-13T16:23:02.5077326Z Updating files:  26% (4004/15398)
2026-09-13T16:23:02.5149588Z Updating files:  27% (4158/15398)
2026-09-13T16:23:02.5268584Z Updating files:  28% (4312/15398)
2026-09-13T16:23:02.5867166Z Updating files:  29% (4466/15398)
2026-09-13T16:23:02.6007329Z Updating files:  30% (4620/15398)
2026-09-13T16:23:02.6153549Z Updating files:  31% (4774/15398)
2026-09-13T16:23:02.6366535Z Updating files:  32% (4928/15398)
2026-09-13T16:23:02.6472622Z Updating files:  33% (5082/15398)
2026-09-13T16:23:02.6540182Z Updating files:  34% (5236/15398)
2026-09-13T16:23:02.6599622Z Updating files:  35% (5390/15398)
2026-09-13T16:23:02.6665882Z Updating files:  36% (5544/15398)
2026-09-13T16:23:02.6770502Z Updating files:  37% (5698/15398)
2026-09-13T16:23:02.6932155Z Updating files:  38% (5852/15398)
2026-09-13T16:23:02.6942726Z Updating files:  39% (6006/15398)
2026-09-13T16:23:02.7071773Z Updating files:  39% (6009/15398)
2026-09-13T16:23:02.7202443Z Updating files:  40% (6160/15398)
2026-09-13T16:23:02.7387957Z Updating files:  41% (6314/15398)
2026-09-13T16:23:02.7539032Z Updating files:  42% (6468/15398)
2026-09-13T16:23:02.7979587Z Updating files:  43% (6622/15398)
2026-09-13T16:23:02.8158578Z Updating files:  44% (6776/15398)
2026-09-13T16:23:02.9231904Z Updating files:  45% (6930/15398)
2026-09-13T16:23:02.9551082Z Updating files:  46% (7084/15398)
2026-09-13T16:23:02.9606478Z Updating files:  47% (7238/15398)
2026-09-13T16:23:02.9660793Z Updating files:  48% (7392/15398)
2026-09-13T16:23:02.9769160Z Updating files:  49% (7546/15398)
2026-09-13T16:23:03.0135879Z Updating files:  50% (7699/15398)
2026-09-13T16:23:03.0310338Z Updating files:  51% (7853/15398)
2026-09-13T16:23:03.0741203Z Updating files:  52% (8007/15398)
2026-09-13T16:23:03.1191568Z Updating files:  53% (8161/15398)
2026-09-13T16:23:03.2794255Z Updating files:  54% (8315/15398)
2026-09-13T16:23:03.3535372Z Updating files:  55% (8469/15398)
2026-09-13T16:23:03.4415919Z Updating files:  56% (8623/15398)
2026-09-13T16:23:03.4547130Z Updating files:  57% (8777/15398)
2026-09-13T16:23:03.5051608Z Updating files:  58% (8931/15398)
2026-09-13T16:23:03.5932363Z Updating files:  59% (9085/15398)
2026-09-13T16:23:03.6186854Z Updating files:  60% (9239/15398)
2026-09-13T16:23:03.6642933Z Updating files:  61% (9393/15398)
2026-09-13T16:23:03.6709599Z Updating files:  62% (9547/15398)
2026-09-13T16:23:03.6949401Z Updating files:  63% (9701/15398)
2026-09-13T16:23:03.7165630Z Updating files:  63% (9734/15398)
2026-09-13T16:23:03.7241480Z Updating files:  64% (9855/15398)
2026-09-13T16:23:03.7304643Z Updating files:  65% (10009/15398)
2026-09-13T16:23:03.7423140Z Updating files:  66% (10163/15398)
2026-09-13T16:23:03.7509524Z Updating files:  67% (10317/15398)
2026-09-13T16:23:03.8160841Z Updating files:  68% (10471/15398)
2026-09-13T16:23:03.8510443Z Updating files:  69% (10625/15398)
2026-09-13T16:23:03.8710799Z Updating files:  70% (10779/15398)
2026-09-13T16:23:03.9164302Z Updating files:  71% (10933/15398)
2026-09-13T16:23:03.9469284Z Updating files:  72% (11087/15398)
2026-09-13T16:23:03.9639266Z Updating files:  73% (11241/15398)
2026-09-13T16:23:04.0447624Z Updating files:  74% (11395/15398)
2026-09-13T16:23:04.0844306Z Updating files:  75% (11549/15398)
2026-09-13T16:23:04.1010347Z Updating files:  76% (11703/15398)
2026-09-13T16:23:04.1194053Z Updating files:  77% (11857/15398)
2026-09-13T16:23:04.1320977Z Updating files:  78% (12011/15398)
2026-09-13T16:23:04.1429916Z Updating files:  79% (12165/15398)
2026-09-13T16:23:04.1536818Z Updating files:  80% (12319/15398)
2026-09-13T16:23:04.1636108Z Updating files:  81% (12473/15398)
2026-09-13T16:23:04.1734318Z Updating files:  82% (12627/15398)
2026-09-13T16:23:04.1838064Z Updating files:  83% (12781/15398)
2026-09-13T16:23:04.1935648Z Updating files:  84% (12935/15398)
2026-09-13T16:23:04.2031611Z Updating files:  85% (13089/15398)
2026-09-13T16:23:04.2130256Z Updating files:  86% (13243/15398)
2026-09-13T16:23:04.2238958Z Updating files:  87% (13397/15398)
2026-09-13T16:23:04.2337172Z Updating files:  88% (13551/15398)
2026-09-13T16:23:04.2430314Z Updating files:  89% (13705/15398)
2026-09-13T16:23:04.2521727Z Updating files:  90% (13859/15398)
2026-09-13T16:23:04.2610293Z Updating files:  91% (14013/15398)
2026-09-13T16:23:04.2696760Z Updating files:  92% (14167/15398)
2026-09-13T16:23:04.2993521Z Updating files:  93% (14321/15398)
2026-09-13T16:23:04.3091723Z Updating files:  94% (14475/15398)
2026-09-13T16:23:04.4189032Z Updating files:  95% (14629/15398)
2026-09-13T16:23:04.4317963Z Updating files:  96% (14783/15398)
2026-09-13T16:23:04.4477405Z Updating files:  97% (14937/15398)
2026-09-13T16:23:04.4624586Z Updating files:  98% (15091/15398)
2026-09-13T16:23:04.4763539Z Updating files:  99% (15245/15398)
2026-09-13T16:23:04.4764309Z Updating files: 100% (15398/15398)
2026-09-13T16:23:04.4765186Z Updating files: 100% (15398/15398), done.
2026-09-13T16:23:04.7151904Z Switched to a new branch 'main'
2026-09-13T16:23:04.7163840Z branch 'main' set up to track 'origin/main'.
2026-09-13T16:23:04.7244924Z ##[endgroup]
2026-09-13T16:23:04.7307708Z [command]/usr/bin/git log -1 --format=%H
2026-09-13T16:23:04.7339376Z ccdbcf2713596722b77f3c32cb0d3d97b90feab3
2026-09-13T16:23:04.7645295Z ##[group]Run astral-sh/setup-uv@v10.0.1
2026-09-13T16:23:04.7645803Z with:
2026-09-13T16:23:04.7646134Z   python-version: 3.12
2026-09-13T16:23:04.7646519Z   enable-cache: true
2026-09-13T16:23:04.7646912Z   activate-environment: false
2026-09-13T16:23:04.7647337Z   no-project: false
2026-09-13T16:23:04.7648041Z   working-directory: /home/runner/work/embedding-optimizer-study/embedding-optimizer-study
2026-09-13T16:23:04.7653918Z   github-token: ***
2026-09-13T16:23:04.7654945Z   cache-dependency-glob: **/*requirements*.txt
**/*requirements*.in
**/*constraints*.txt
**/*constraints*.in
**/pyproject.toml
**/uv.lock
**/*.py.lock

2026-09-13T16:23:04.7656455Z   restore-cache: true
2026-09-13T16:23:04.7656836Z   save-cache: true
2026-09-13T16:23:04.7657114Z   prune-cache: false
2026-09-13T16:23:04.7657352Z   cache-python: false
2026-09-13T16:23:04.7657596Z   ignore-nothing-to-cache: false
2026-09-13T16:23:04.7657882Z   ignore-empty-workdir: false
2026-09-13T16:23:04.7658212Z   download-from-astral-mirror: true
2026-09-13T16:23:04.7658508Z   add-problem-matchers: true
2026-09-13T16:23:04.7658772Z   quiet: false
2026-09-13T16:23:04.7658988Z   resolution-strategy: highest
2026-09-13T16:23:04.7659252Z ##[endgroup]
2026-09-13T16:23:04.9742204Z Trying to find version for uv in: /home/runner/work/embedding-optimizer-study/embedding-optimizer-study/uv.toml
2026-09-13T16:23:04.9743754Z Could not find file: /home/runner/work/embedding-optimizer-study/embedding-optimizer-study/uv.toml
2026-09-13T16:23:04.9745079Z Trying to find version for uv in: /home/runner/work/embedding-optimizer-study/embedding-optimizer-study/pyproject.toml
2026-09-13T16:23:04.9780652Z Could not determine uv version from uv.toml or pyproject.toml. Falling back to latest.
2026-09-13T16:23:04.9831521Z Fetching manifest data from https://raw.githubusercontent.com/astral-sh/versions/main/v1/uv.ndjson ...
2026-09-13T16:23:05.0338641Z Downloading uv from "https://releases.astral.sh/github/uv/releases/download/0.12.13/uv-x86_64-unknown-linux-gnu.tar.gz" ...
2026-09-13T16:23:05.2182448Z [command]/usr/bin/tar xz --warning=no-unknown-keyword --overwrite -C /home/runner/work/_temp/59ae2cce-548a-4b8f-934b-ec3c93053321 -f /home/runner/work/_temp/1f12fe45-fbd4-438a-9e03-3f9225d2c2a4
2026-09-13T16:23:05.6134167Z Added /home/runner/.local/bin to the path
2026-09-13T16:23:05.6138318Z Added /opt/hostedtoolcache/uv/0.12.13/x86_64 to the path
2026-09-13T16:23:05.6140132Z Set UV_PYTHON_INSTALL_DIR to /home/runner/work/_temp/uv-python-dir
2026-09-13T16:23:05.6141233Z Added /home/runner/work/_temp/uv-python-dir to the path
2026-09-13T16:23:05.6142032Z Set UV_PYTHON to 3.12
2026-09-13T16:23:05.6164651Z Set UV_CACHE_DIR to /home/runner/work/_temp/setup-uv-cache
2026-09-13T16:23:05.6165043Z Successfully installed uv version 0.12.13
2026-09-13T16:23:05.6167608Z Searching files using cache dependency glob: /home/runner/work/embedding-optimizer-study/embedding-optimizer-study/**/*requirements*.txt,/home/runner/work/embedding-optimizer-study/embedding-optimizer-study/**/*requirements*.in,/home/runner/work/embedding-optimizer-study/embedding-optimizer-study/**/*constraints*.txt,/home/runner/work/embedding-optimizer-study/embedding-optimizer-study/**/*constraints*.in,/home/runner/work/embedding-optimizer-study/embedding-optimizer-study/**/pyproject.toml,/home/runner/work/embedding-optimizer-study/embedding-optimizer-study/**/uv.lock,/home/runner/work/embedding-optimizer-study/embedding-optimizer-study/**/*.py.lock
2026-09-13T16:23:05.6498830Z /home/runner/work/embedding-optimizer-study/embedding-optimizer-study/configs/formal_runtime_constraints.txt
2026-09-13T16:23:05.6670579Z /home/runner/work/embedding-optimizer-study/embedding-optimizer-study/pyproject.toml
2026-09-13T16:23:06.0811644Z /home/runner/work/embedding-optimizer-study/embedding-optimizer-study/reports/engineering-archive/dense-v3-current-paper-entry-v1/actual/before/pyproject.toml
2026-09-13T16:23:06.0955932Z /home/runner/work/embedding-optimizer-study/embedding-optimizer-study/reports/engineering-archive/dense-v3-current-paper-entry-v1/source-current/pyproject.toml
2026-09-13T16:23:06.1802549Z /home/runner/work/embedding-optimizer-study/embedding-optimizer-study/reports/engineering-archive/dense-v3-distribution-recovery-surface-v1/baseline/pyproject.toml
2026-09-13T16:23:06.1816538Z /home/runner/work/embedding-optimizer-study/embedding-optimizer-study/reports/engineering-archive/dense-v3-distribution-recovery-surface-v1/expanded/pyproject.toml
2026-09-13T16:23:06.3208707Z /home/runner/work/embedding-optimizer-study/embedding-optimizer-study/reports/engineering-archive/dense-v3-factorial-calibration-v1/actual/source-first/configs/formal_runtime_constraints.txt
2026-09-13T16:23:06.3229314Z /home/runner/work/embedding-optimizer-study/embedding-optimizer-study/reports/engineering-archive/dense-v3-factorial-calibration-v1/actual/source-first/requirements-formal-flash.txt
2026-09-13T16:23:06.3308660Z /home/runner/work/embedding-optimizer-study/embedding-optimizer-study/reports/engineering-archive/dense-v3-factorial-calibration-v1/actual/source-second/configs/formal_runtime_constraints.txt
2026-09-13T16:23:06.3325329Z /home/runner/work/embedding-optimizer-study/embedding-optimizer-study/reports/engineering-archive/dense-v3-factorial-calibration-v1/actual/source-second/requirements-formal-flash.txt
2026-09-13T16:23:06.3401270Z /home/runner/work/embedding-optimizer-study/embedding-optimizer-study/reports/engineering-archive/dense-v3-factorial-calibration-v1/actual/source-third/configs/formal_runtime_constraints.txt
2026-09-13T16:23:06.3419238Z /home/runner/work/embedding-optimizer-study/embedding-optimizer-study/reports/engineering-archive/dense-v3-factorial-calibration-v1/actual/source-third/requirements-formal-flash.txt
2026-09-13T16:23:06.3509226Z /home/runner/work/embedding-optimizer-study/embedding-optimizer-study/reports/engineering-archive/dense-v3-factorial-factory-v1/actual/source-first/configs/formal_runtime_constraints.txt
2026-09-13T16:23:06.3526309Z /home/runner/work/embedding-optimizer-study/embedding-optimizer-study/reports/engineering-archive/dense-v3-factorial-factory-v1/actual/source-first/requirements-formal-flash.txt
2026-09-13T16:23:06.4593758Z /home/runner/work/embedding-optimizer-study/embedding-optimizer-study/reports/engineering-archive/dense-v3-factorial-run-contract-v1/actual/source-fifth/configs/formal_runtime_constraints.txt
2026-09-13T16:23:06.4609913Z /home/runner/work/embedding-optimizer-study/embedding-optimizer-study/reports/engineering-archive/dense-v3-factorial-run-contract-v1/actual/source-fifth/requirements-formal-flash.txt
2026-09-13T16:23:06.4676863Z /home/runner/work/embedding-optimizer-study/embedding-optimizer-study/reports/engineering-archive/dense-v3-factorial-run-contract-v1/actual/source-first/configs/formal_runtime_constraints.txt
2026-09-13T16:23:06.4694114Z /home/runner/work/embedding-optimizer-study/embedding-optimizer-study/reports/engineering-archive/dense-v3-factorial-run-contract-v1/actual/source-first/requirements-formal-flash.txt
2026-09-13T16:23:06.4765772Z /home/runner/work/embedding-optimizer-study/embedding-optimizer-study/reports/engineering-archive/dense-v3-factorial-run-contract-v1/actual/source-fourth/configs/formal_runtime_constraints.txt
2026-09-13T16:23:06.4783767Z /home/runner/work/embedding-optimizer-study/embedding-optimizer-study/reports/engineering-archive/dense-v3-factorial-run-contract-v1/actual/source-fourth/requirements-formal-flash.txt
2026-09-13T16:23:06.4857043Z /home/runner/work/embedding-optimizer-study/embedding-optimizer-study/reports/engineering-archive/dense-v3-factorial-run-contract-v1/actual/source-second/configs/formal_runtime_constraints.txt
2026-09-13T16:23:06.4872234Z /home/runner/work/embedding-optimizer-study/embedding-optimizer-study/reports/engineering-archive/dense-v3-factorial-run-contract-v1/actual/source-second/requirements-formal-flash.txt
2026-09-13T16:23:06.4947667Z /home/runner/work/embedding-optimizer-study/embedding-optimizer-study/reports/engineering-archive/dense-v3-factorial-run-contract-v1/actual/source-third/configs/formal_runtime_constraints.txt
2026-09-13T16:23:06.4965688Z /home/runner/work/embedding-optimizer-study/embedding-optimizer-study/reports/engineering-archive/dense-v3-factorial-run-contract-v1/actual/source-third/requirements-formal-flash.txt
2026-09-13T16:23:06.5156249Z /home/runner/work/embedding-optimizer-study/embedding-optimizer-study/reports/engineering-archive/dense-v3-factorial-trainer-integration-v2/actual/source-first/configs/formal_runtime_constraints.txt
2026-09-13T16:23:06.5174723Z /home/runner/work/embedding-optimizer-study/embedding-optimizer-study/reports/engineering-archive/dense-v3-factorial-trainer-integration-v2/actual/source-first/requirements-formal-flash.txt
2026-09-13T16:23:06.5243541Z /home/runner/work/embedding-optimizer-study/embedding-optimizer-study/reports/engineering-archive/dense-v3-factorial-trainer-integration-v2/actual/source-gradient/configs/formal_runtime_constraints.txt
2026-09-13T16:23:06.5261371Z /home/runner/work/embedding-optimizer-study/embedding-optimizer-study/reports/engineering-archive/dense-v3-factorial-trainer-integration-v2/actual/source-gradient/requirements-formal-flash.txt
2026-09-13T16:23:06.5323977Z /home/runner/work/embedding-optimizer-study/embedding-optimizer-study/reports/engineering-archive/dense-v3-factorial-trainer-integration-v2/actual/source-second/configs/formal_runtime_constraints.txt
2026-09-13T16:23:06.5341822Z /home/runner/work/embedding-optimizer-study/embedding-optimizer-study/reports/engineering-archive/dense-v3-factorial-trainer-integration-v2/actual/source-second/requirements-formal-flash.txt
2026-09-13T16:23:06.5416561Z /home/runner/work/embedding-optimizer-study/embedding-optimizer-study/reports/engineering-archive/dense-v3-factorial-trainer-integration-v2/actual/source-third/configs/formal_runtime_constraints.txt
2026-09-13T16:23:06.5433245Z /home/runner/work/embedding-optimizer-study/embedding-optimizer-study/reports/engineering-archive/dense-v3-factorial-trainer-integration-v2/actual/source-third/requirements-formal-flash.txt
2026-09-13T16:23:06.5587438Z /home/runner/work/embedding-optimizer-study/embedding-optimizer-study/reports/engineering-archive/dense-v3-factorial-worker-v1/actual/source-final/configs/formal_runtime_constraints.txt
2026-09-13T16:23:06.5604636Z /home/runner/work/embedding-optimizer-study/embedding-optimizer-study/reports/engineering-archive/dense-v3-factorial-worker-v1/actual/source-final/requirements-formal-flash.txt
2026-09-13T16:23:06.8351292Z /home/runner/work/embedding-optimizer-study/embedding-optimizer-study/reports/engineering-archive/dense-v3-numerical-source-integration-v1/after/pyproject.toml
2026-09-13T16:23:06.8392209Z /home/runner/work/embedding-optimizer-study/embedding-optimizer-study/reports/engineering-archive/dense-v3-numerical-source-integration-v1/before/pyproject.toml
2026-09-13T16:23:06.8890931Z /home/runner/work/embedding-optimizer-study/embedding-optimizer-study/reports/engineering-archive/dense-v3-portable-factorial-checkpoint-v1/after/pyproject.toml
2026-09-13T16:23:06.8914465Z /home/runner/work/embedding-optimizer-study/embedding-optimizer-study/reports/engineering-archive/dense-v3-portable-factorial-checkpoint-v1/before/pyproject.toml
2026-09-13T16:23:06.8975584Z /home/runner/work/embedding-optimizer-study/embedding-optimizer-study/reports/engineering-archive/dense-v3-portable-handoff-v1/after/pyproject.toml
2026-09-13T16:23:06.8987088Z /home/runner/work/embedding-optimizer-study/embedding-optimizer-study/reports/engineering-archive/dense-v3-portable-handoff-v1/before/pyproject.toml
2026-09-13T16:23:06.9042143Z /home/runner/work/embedding-optimizer-study/embedding-optimizer-study/reports/engineering-archive/dense-v3-portable-input-roles-v1/after/pyproject.toml
2026-09-13T16:23:06.9144328Z /home/runner/work/embedding-optimizer-study/embedding-optimizer-study/reports/engineering-archive/dense-v3-portable-restore-v1/after/pyproject.toml
2026-09-13T16:23:06.9154968Z /home/runner/work/embedding-optimizer-study/embedding-optimizer-study/reports/engineering-archive/dense-v3-portable-restore-v1/before/pyproject.toml
2026-09-13T16:23:06.9355175Z /home/runner/work/embedding-optimizer-study/embedding-optimizer-study/reports/engineering-archive/dense-v3-primary-launch-v1/assembled-source/configs/formal_runtime_constraints.txt
2026-09-13T16:23:06.9369200Z /home/runner/work/embedding-optimizer-study/embedding-optimizer-study/reports/engineering-archive/dense-v3-primary-launch-v1/assembled-source/requirements-formal-flash.txt
2026-09-13T16:23:07.0822822Z /home/runner/work/embedding-optimizer-study/embedding-optimizer-study/reports/engineering-archive/dense-v3-release-transition-v1/actual/before/pyproject.toml
2026-09-13T16:23:07.1572385Z /home/runner/work/embedding-optimizer-study/embedding-optimizer-study/reports/engineering-archive/dense-v3-versioned-paper-reproduction-v1/source/pyproject.toml
2026-09-13T16:23:07.2744582Z /home/runner/work/embedding-optimizer-study/embedding-optimizer-study/requirements-ci-flash-wheel.txt
2026-09-13T16:23:07.2751817Z /home/runner/work/embedding-optimizer-study/embedding-optimizer-study/requirements-formal-flash.txt
2026-09-13T16:23:07.2758274Z /home/runner/work/embedding-optimizer-study/embedding-optimizer-study/requirements-primary-replay.txt
2026-09-13T16:23:07.7110700Z /home/runner/work/embedding-optimizer-study/embedding-optimizer-study/uv.lock
2026-09-13T16:23:07.7130730Z Found 51 files to hash.
2026-09-13T16:23:07.7202565Z Trying to restore cache from GitHub Actions cache with key: setup-uv-2-x86_64-unknown-linux-gnu-ubuntu-24.04-3.12-8d71a381ddb771ef53d6cc61f2a42c25ec75ea515cdf2cf933dbb7b7e2393a20
2026-09-13T16:23:07.9467928Z No GitHub Actions cache found for key: setup-uv-2-x86_64-unknown-linux-gnu-ubuntu-24.04-3.12-8d71a381ddb771ef53d6cc61f2a42c25ec75ea515cdf2cf933dbb7b7e2393a20
2026-09-13T16:23:08.0643405Z ##[group]Run uv sync --extra dev --extra eval --extra analysis
2026-09-13T16:23:08.0643930Z [36;1muv sync --extra dev --extra eval --extra analysis[0m
2026-09-13T16:23:08.0686483Z shell: /usr/bin/bash -e {0}
2026-09-13T16:23:08.0686753Z env:
2026-09-13T16:23:08.0687042Z   UV_PYTHON_INSTALL_DIR: /home/runner/work/_temp/uv-python-dir
2026-09-13T16:23:08.0687593Z   UV_PYTHON: 3.12
2026-09-13T16:23:08.0687857Z   UV_CACHE_DIR: /home/runner/work/_temp/setup-uv-cache
2026-09-13T16:23:08.0688173Z ##[endgroup]
2026-09-13T16:23:08.1252647Z Using CPython 3.12.3 interpreter at: /usr/bin/python3.12
2026-09-13T16:23:08.1253075Z Creating virtual environment at: .venv
2026-09-13T16:23:08.1306894Z Resolved 135 packages in 1ms
2026-09-13T16:23:08.1503648Z    Building embedding-optimizer-study @ file:///home/runner/work/embedding-optimizer-study/embedding-optimizer-study
2026-09-13T16:23:08.2207226Z Downloading numpy (15.9MiB)
2026-09-13T16:23:08.2208145Z Downloading pandas (10.5MiB)
2026-09-13T16:23:08.2210656Z Downloading pillow (6.6MiB)
2026-09-13T16:23:08.2213369Z Downloading sympy (6.0MiB)
2026-09-13T16:23:08.2214872Z Downloading hf-xet (4.3MiB)
2026-09-13T16:23:08.2216162Z Downloading pydantic-core (2.0MiB)
2026-09-13T16:23:08.2217308Z Downloading networkx (2.0MiB)
2026-09-13T16:23:08.2218571Z Downloading tokenizers (3.1MiB)
2026-09-13T16:23:08.2219908Z Downloading aiohttp (1.7MiB)
2026-09-13T16:23:08.2221417Z Downloading pygments (1.2MiB)
2026-09-13T16:23:08.2222657Z Downloading kiwisolver (1.4MiB)
2026-09-13T16:23:08.2223961Z Downloading setuptools (1.0MiB)
2026-09-13T16:23:08.2355336Z Downloading nvidia-nccl-cu12 (307.4MiB)
2026-09-13T16:23:08.2359957Z Downloading nvidia-nvjitlink-cu12 (37.4MiB)
2026-09-13T16:23:08.2361151Z Downloading nvidia-cudnn-cu12 (674.0MiB)
2026-09-13T16:23:08.2362898Z Downloading nvidia-cufft-cu12 (184.2MiB)
2026-09-13T16:23:08.2364819Z Downloading nvidia-curand-cu12 (60.7MiB)
2026-09-13T16:23:08.2366666Z Downloading nvidia-cuda-nvrtc-cu12 (84.0MiB)
2026-09-13T16:23:08.2368128Z Downloading nvidia-cusparselt-cu12 (273.9MiB)
2026-09-13T16:23:08.2370146Z Downloading nvidia-cufile-cu12 (1.1MiB)
2026-09-13T16:23:08.2371801Z Downloading transformers (10.2MiB)
2026-09-13T16:23:08.2374317Z Downloading torch (858.1MiB)
2026-09-13T16:23:08.2375228Z Downloading fonttools (4.8MiB)
2026-09-13T16:23:08.2376962Z Downloading matplotlib (9.6MiB)
2026-09-13T16:23:08.2378723Z Downloading nvidia-cublas-cu12 (566.8MiB)
2026-09-13T16:23:08.2381023Z Downloading usearch (2.3MiB)
2026-09-13T16:23:08.2382523Z Downloading ruff (10.5MiB)
2026-09-13T16:23:08.2386138Z Downloading scikit-learn (8.7MiB)
2026-09-13T16:23:08.2387606Z Downloading numkong (10.0MiB)
2026-09-13T16:23:08.2389829Z Downloading nvidia-nvshmem-cu12 (118.9MiB)
2026-09-13T16:23:08.2391476Z Downloading polars-runtime-32 (54.6MiB)
2026-09-13T16:23:08.2393733Z Downloading scipy (33.7MiB)
2026-09-13T16:23:08.2396849Z Downloading pyarrow (45.4MiB)
2026-09-13T16:23:08.2398388Z Downloading nvidia-cusparse-cu12 (274.9MiB)
2026-09-13T16:23:08.2400920Z Downloading nvidia-cuda-cupti-cu12 (9.8MiB)
2026-09-13T16:23:08.2404325Z Downloading wandb (28.3MiB)
2026-09-13T16:23:08.2406576Z Downloading nvidia-cusolver-cu12 (255.1MiB)
2026-09-13T16:23:08.2421825Z Downloading triton (162.6MiB)
2026-09-13T16:23:08.3167023Z Downloading mteb (5.9MiB)
2026-09-13T16:23:08.3863788Z Downloading fast-plaid (2.0MiB)
2026-09-13T16:23:08.5058368Z  Downloaded setuptools
2026-09-13T16:23:08.5418375Z  Downloaded pygments
2026-09-13T16:23:08.5458024Z  Downloaded nvidia-cufile-cu12
2026-09-13T16:23:08.5793939Z  Downloaded kiwisolver
2026-09-13T16:23:08.6440894Z  Downloaded aiohttp
2026-09-13T16:23:08.6771793Z  Downloaded pydantic-core
2026-09-13T16:23:08.6950451Z  Downloaded networkx
2026-09-13T16:23:08.7720851Z  Downloaded usearch
2026-09-13T16:23:08.8818564Z  Downloaded fast-plaid
2026-09-13T16:23:08.9912806Z  Downloaded tokenizers
2026-09-13T16:23:09.1864250Z  Downloaded hf-xet
2026-09-13T16:23:09.2004520Z    Building docopt==0.6.2
2026-09-13T16:23:09.2352071Z  Downloaded fonttools
2026-09-13T16:23:09.6768229Z  Downloaded pillow
2026-09-13T16:23:09.7444580Z  Downloaded sympy
2026-09-13T16:23:10.4469515Z  Downloaded scikit-learn
2026-09-13T16:23:10.6693044Z  Downloaded nvidia-cuda-cupti-cu12
2026-09-13T16:23:10.6725177Z  Downloaded matplotlib
2026-09-13T16:23:10.6760461Z  Downloaded numkong
2026-09-13T16:23:10.8204599Z  Downloaded ruff
2026-09-13T16:23:10.9900858Z  Downloaded transformers
2026-09-13T16:23:11.0271493Z  Downloaded mteb
2026-09-13T16:23:11.0470736Z  Downloaded pandas
2026-09-13T16:23:11.3406673Z  Downloaded numpy
2026-09-13T16:23:12.4420637Z  Downloaded wandb
2026-09-13T16:23:12.5665554Z  Downloaded scipy
2026-09-13T16:23:12.6230818Z  Downloaded nvidia-nvjitlink-cu12
2026-09-13T16:23:12.8712426Z       Built docopt==0.6.2
2026-09-13T16:23:13.0463139Z  Downloaded pyarrow
2026-09-13T16:23:13.0475089Z       Built embedding-optimizer-study @ file:///home/runner/work/embedding-optimizer-study/embedding-optimizer-study
2026-09-13T16:23:13.3856932Z  Downloaded polars-runtime-32
2026-09-13T16:23:13.5781429Z  Downloaded nvidia-curand-cu12
2026-09-13T16:23:14.4177523Z  Downloaded nvidia-cuda-nvrtc-cu12
2026-09-13T16:23:15.2731659Z  Downloaded nvidia-nvshmem-cu12
2026-09-13T16:23:16.8060102Z  Downloaded nvidia-cufft-cu12
2026-09-13T16:23:17.3721653Z  Downloaded triton
2026-09-13T16:23:18.1111541Z  Downloaded nvidia-cusolver-cu12
2026-09-13T16:23:18.4403195Z  Downloaded nvidia-cusparse-cu12
2026-09-13T16:23:18.5308755Z  Downloaded nvidia-cusparselt-cu12
2026-09-13T16:23:19.9553902Z  Downloaded nvidia-nccl-cu12
2026-09-13T16:23:22.9766151Z  Downloaded nvidia-cublas-cu12
2026-09-13T16:23:24.6035047Z  Downloaded nvidia-cudnn-cu12
2026-09-13T16:23:26.3179504Z  Downloaded torch
2026-09-13T16:23:26.3760998Z Prepared 118 packages in 18.24s
2026-09-13T16:23:29.0702161Z Installed 118 packages in 2.69s
2026-09-13T16:23:29.0703441Z  + accelerate==1.14.0
2026-09-13T16:23:29.0703979Z  + aiohappyeyeballs==2.7.1
2026-09-13T16:23:29.0704516Z  + aiohttp==3.14.3
2026-09-13T16:23:29.0706589Z  + aiosignal==1.4.0
2026-09-13T16:23:29.0707095Z  + annotated-doc==0.0.5
2026-09-13T16:23:29.0707646Z  + annotated-types==0.8.0
2026-09-13T16:23:29.0708158Z  + anyio==4.14.2
2026-09-13T16:23:29.0708603Z  + attrs==26.1.0
2026-09-13T16:23:29.0709060Z  + certifi==2026.7.22
2026-09-13T16:23:29.0709552Z  + cffconvert==2.0.0
2026-09-13T16:23:29.0710387Z  + charset-normalizer==3.5.1
2026-09-13T16:23:29.0710935Z  + click==8.4.2
2026-09-13T16:23:29.0711383Z  + contourpy==1.3.3
2026-09-13T16:23:29.0711844Z  + coverage==7.15.4
2026-09-13T16:23:29.0712295Z  + cycler==0.12.1
2026-09-13T16:23:29.0712759Z  + datasets==4.8.5
2026-09-13T16:23:29.0713206Z  + dill==0.4.1
2026-09-13T16:23:29.0713636Z  + docopt==0.6.2
2026-09-13T16:23:29.0714791Z  + embedding-optimizer-study==0.1.0 (from file:///home/runner/work/embedding-optimizer-study/embedding-optimizer-study)
2026-09-13T16:23:29.0716116Z  + fast-plaid==1.6.0.290
2026-09-13T16:23:29.0716631Z  + fastkmeans==0.5.0
2026-09-13T16:23:29.0717108Z  + filelock==3.32.3
2026-09-13T16:23:29.0717579Z  + fonttools==4.63.0
2026-09-13T16:23:29.0718044Z  + frozenlist==1.8.0
2026-09-13T16:23:29.0718515Z  + fsspec==2026.2.0
2026-09-13T16:23:29.0718955Z  + h11==0.16.0
2026-09-13T16:23:29.0719379Z  + hf-xet==1.6.0
2026-09-13T16:23:29.0719981Z  + httpcore==1.0.9
2026-09-13T16:23:29.0720452Z  + httpx==0.28.1
2026-09-13T16:23:29.0720879Z  + huggingface-hub==1.27.0
2026-09-13T16:23:29.0721281Z  + idna==3.18
2026-09-13T16:23:29.0721619Z  + iniconfig==2.3.0
2026-09-13T16:23:29.0721969Z  + jinja2==3.1.6
2026-09-13T16:23:29.0722304Z  + joblib==1.5.3
2026-09-13T16:23:29.0722660Z  + jsonschema==3.2.0
2026-09-13T16:23:29.0723020Z  + kiwisolver==1.5.0
2026-09-13T16:23:29.0723408Z  + late-interaction-kernels==0.4.5
2026-09-13T16:23:29.0723865Z  + markdown-it-py==4.2.0
2026-09-13T16:23:29.0724255Z  + markupsafe==3.0.3
2026-09-13T16:23:29.0724717Z  + matplotlib==3.11.1
2026-09-13T16:23:29.0725088Z  + mdurl==0.1.2
2026-09-13T16:23:29.0725434Z  + mpmath==1.3.0
2026-09-13T16:23:29.0725778Z  + mteb==2.19.3
2026-09-13T16:23:29.0726392Z  + multidict==6.7.1
2026-09-13T16:23:29.0726774Z  + multiprocess==0.70.19
2026-09-13T16:23:29.0727164Z  + narwhals==2.24.0
2026-09-13T16:23:29.0727520Z  + networkx==3.6.1
2026-09-13T16:23:29.0727871Z  + ninja==1.11.1.4
2026-09-13T16:23:29.0728213Z  + numkong==7.8.0
2026-09-13T16:23:29.0728554Z  + numpy==2.5.2
2026-09-13T16:23:29.0728918Z  + nvidia-cublas-cu12==12.8.4.1
2026-09-13T16:23:29.0729769Z  + nvidia-cuda-cupti-cu12==12.8.90
2026-09-13T16:23:29.0730252Z  + nvidia-cuda-nvrtc-cu12==12.8.93
2026-09-13T16:23:29.0730730Z  + nvidia-cuda-runtime-cu12==12.8.90
2026-09-13T16:23:29.0731215Z  + nvidia-cudnn-cu12==9.10.2.21
2026-09-13T16:23:29.0731649Z  + nvidia-cufft-cu12==11.3.3.83
2026-09-13T16:23:29.0732076Z  + nvidia-cufile-cu12==1.13.1.3
2026-09-13T16:23:29.0732511Z  + nvidia-curand-cu12==10.3.9.90
2026-09-13T16:23:29.0732967Z  + nvidia-cusolver-cu12==11.7.3.90
2026-09-13T16:23:29.0733439Z  + nvidia-cusparse-cu12==12.5.8.93
2026-09-13T16:23:29.0733905Z  + nvidia-cusparselt-cu12==0.7.1
2026-09-13T16:23:29.0734363Z  + nvidia-nccl-cu12==2.27.5
2026-09-13T16:23:29.0734798Z  + nvidia-nvjitlink-cu12==12.8.93
2026-09-13T16:23:29.0735258Z  + nvidia-nvshmem-cu12==3.3.20
2026-09-13T16:23:29.0735857Z  + nvidia-nvtx-cu12==12.8.90
2026-09-13T16:23:29.0736325Z  + opentelemetry-api==1.44.0
2026-09-13T16:23:29.0736749Z  + packaging==26.3
2026-09-13T16:23:29.0737107Z  + pandas==3.0.5
2026-09-13T16:23:29.0737464Z  + pillow==12.3.0
2026-09-13T16:23:29.0737838Z  + platformdirs==4.11.3
2026-09-13T16:23:29.0738225Z  + pluggy==1.6.0
2026-09-13T16:23:29.0738576Z  + polars==1.43.2
2026-09-13T16:23:29.0738940Z  + polars-runtime-32==1.43.2
2026-09-13T16:23:29.0739354Z  + propcache==0.5.2
2026-09-13T16:23:29.0739902Z  + protobuf==7.35.1
2026-09-13T16:23:29.0740271Z  + psutil==7.2.2
2026-09-13T16:23:29.0740619Z  + pyarrow==23.0.1
2026-09-13T16:23:29.0740972Z  + pydantic==2.13.4
2026-09-13T16:23:29.0741345Z  + pydantic-core==2.46.4
2026-09-13T16:23:29.0741833Z  + pygments==2.20.0
2026-09-13T16:23:29.0742183Z  + pykwalify==1.8.0
2026-09-13T16:23:29.0742544Z  + pylate==1.6.0
2026-09-13T16:23:29.0742905Z  + pyparsing==3.3.2
2026-09-13T16:23:29.0743273Z  + pyrsistent==0.20.0
2026-09-13T16:23:29.0743643Z  + pytest==9.1.1
2026-09-13T16:23:29.0743996Z  + pytest-cov==7.1.0
2026-09-13T16:23:29.0744391Z  + python-dateutil==2.9.0.post0
2026-09-13T16:23:29.0744848Z  + pytrec-eval-terrier==0.5.10
2026-09-13T16:23:29.0745281Z  + pyyaml==6.0.3
2026-09-13T16:23:29.0745634Z  + regex==2026.7.19
2026-09-13T16:23:29.0745982Z  + requests==2.34.2
2026-09-13T16:23:29.0746335Z  + rich==15.0.0
2026-09-13T16:23:29.0746687Z  + ruamel-yaml==0.19.1
2026-09-13T16:23:29.0747059Z  + ruff==0.16.3
2026-09-13T16:23:29.0747406Z  + safetensors==0.8.0
2026-09-13T16:23:29.0747782Z  + scikit-learn==1.9.0
2026-09-13T16:23:29.0748152Z  + scipy==1.18.0
2026-09-13T16:23:29.0748533Z  + sentence-transformers==5.7.0
2026-09-13T16:23:29.0748976Z  + sentry-sdk==2.68.0
2026-09-13T16:23:29.0749346Z  + setuptools==81.0.0
2026-09-13T16:23:29.0749992Z  + shellingham==1.5.4
2026-09-13T16:23:29.0750421Z  + six==1.17.0
2026-09-13T16:23:29.0750746Z  + sympy==1.14.0
2026-09-13T16:23:29.0751109Z  + threadpoolctl==3.6.0
2026-09-13T16:23:29.0751497Z  + tokenizers==0.22.2
2026-09-13T16:23:29.0751857Z  + torch==2.9.0
2026-09-13T16:23:29.0752186Z  + tqdm==4.70.0
2026-09-13T16:23:29.0752526Z  + transformers==5.3.0
2026-09-13T16:23:29.0752884Z  + triton==3.5.0
2026-09-13T16:23:29.0753222Z  + typer==0.27.1
2026-09-13T16:23:29.0753550Z  + typing-extensions==4.16.0
2026-09-13T16:23:29.0753935Z  + typing-inspection==0.4.4
2026-09-13T16:23:29.0754306Z  + ujson==5.12.0
2026-09-13T16:23:29.0754628Z  + urllib3==2.7.0
2026-09-13T16:23:29.0755116Z  + usearch==2.26.0
2026-09-13T16:23:29.0755542Z  + wandb==0.28.2
2026-09-13T16:23:29.0755977Z  + xxhash==4.0.0
2026-09-13T16:23:29.0756490Z  + yarl==1.24.5
2026-09-13T16:23:29.1015127Z ##[group]Run sudo apt-get update && sudo apt-get install -y latexmk texlive-latex-extra texlive-fonts-recommended poppler-utils
2026-09-13T16:23:29.1016052Z [36;1msudo apt-get update && sudo apt-get install -y latexmk texlive-latex-extra texlive-fonts-recommended poppler-utils[0m
2026-09-13T16:23:29.1053088Z shell: /usr/bin/bash -e {0}
2026-09-13T16:23:29.1053342Z env:
2026-09-13T16:23:29.1053629Z   UV_PYTHON_INSTALL_DIR: /home/runner/work/_temp/uv-python-dir
2026-09-13T16:23:29.1053978Z   UV_PYTHON: 3.12
2026-09-13T16:23:29.1054233Z   UV_CACHE_DIR: /home/runner/work/_temp/setup-uv-cache
2026-09-13T16:23:29.1054701Z ##[endgroup]
2026-09-13T16:23:29.2405799Z Get:1 file:/etc/apt/apt-mirrors.txt Mirrorlist [144 B]
2026-09-13T16:23:29.2840930Z Hit:2 http://azure.archive.ubuntu.com/ubuntu noble InRelease
2026-09-13T16:23:29.2842200Z Get:6 https://packages.microsoft.com/ubuntu/24.04/prod noble InRelease [3600 B]
2026-09-13T16:23:29.2894215Z Get:3 http://azure.archive.ubuntu.com/ubuntu noble-updates InRelease [126 kB]
2026-09-13T16:23:29.2942238Z Get:4 http://azure.archive.ubuntu.com/ubuntu noble-backports InRelease [126 kB]
2026-09-13T16:23:29.2999242Z Get:5 http://azure.archive.ubuntu.com/ubuntu noble-security InRelease [126 kB]
2026-09-13T16:23:29.3454243Z Get:7 https://dl.google.com/linux/chrome-stable/deb stable InRelease [2548 B]
2026-09-13T16:23:29.4540340Z Get:8 https://packages.microsoft.com/ubuntu/24.04/prod noble/main amd64 Packages [463 kB]
2026-09-13T16:23:29.4668054Z Get:9 https://packages.microsoft.com/ubuntu/24.04/prod noble/main arm64 Packages [414 kB]
2026-09-13T16:23:29.5054884Z Get:10 http://azure.archive.ubuntu.com/ubuntu noble-updates/main amd64 Packages [1263 kB]
2026-09-13T16:23:29.5118471Z Get:11 http://azure.archive.ubuntu.com/ubuntu noble-updates/main Translation-en [292 kB]
2026-09-13T16:23:29.5140940Z Get:12 http://azure.archive.ubuntu.com/ubuntu noble-updates/main amd64 Components [181 kB]
2026-09-13T16:23:29.5180738Z Get:13 http://azure.archive.ubuntu.com/ubuntu noble-updates/universe amd64 Packages [1690 kB]
2026-09-13T16:23:29.5236162Z Get:14 http://azure.archive.ubuntu.com/ubuntu noble-updates/universe amd64 Components [388 kB]
2026-09-13T16:23:29.5261659Z Get:15 http://azure.archive.ubuntu.com/ubuntu noble-updates/restricted amd64 Packages [1544 kB]
2026-09-13T16:23:29.5337098Z Get:16 http://azure.archive.ubuntu.com/ubuntu noble-updates/restricted Translation-en [354 kB]
2026-09-13T16:23:29.5360725Z Get:17 http://azure.archive.ubuntu.com/ubuntu noble-updates/multiverse amd64 Components [940 B]
2026-09-13T16:23:29.5584988Z Get:18 http://azure.archive.ubuntu.com/ubuntu noble-backports/main amd64 Components [5772 B]
2026-09-13T16:23:29.5600901Z Get:19 http://azure.archive.ubuntu.com/ubuntu noble-backports/universe amd64 Components [12.6 kB]
2026-09-13T16:23:29.6589393Z Get:20 http://azure.archive.ubuntu.com/ubuntu noble-security/main amd64 Packages [1006 kB]
2026-09-13T16:23:29.6653487Z Get:21 http://azure.archive.ubuntu.com/ubuntu noble-security/main Translation-en [213 kB]
2026-09-13T16:23:29.6668160Z Get:22 http://azure.archive.ubuntu.com/ubuntu noble-security/main amd64 Components [46.4 kB]
2026-09-13T16:23:29.6672491Z Get:23 http://azure.archive.ubuntu.com/ubuntu noble-security/universe amd64 Packages [1206 kB]
2026-09-13T16:23:29.6732762Z Get:24 http://azure.archive.ubuntu.com/ubuntu noble-security/universe amd64 Components [76.3 kB]
2026-09-13T16:23:29.6750238Z Get:25 http://azure.archive.ubuntu.com/ubuntu noble-security/restricted amd64 Packages [1445 kB]
2026-09-13T16:23:29.6846794Z Get:26 http://azure.archive.ubuntu.com/ubuntu noble-security/restricted Translation-en [336 kB]
2026-09-13T16:23:29.7068120Z Get:27 https://dl.google.com/linux/chrome-stable/deb stable/main amd64 Packages [1408 B]
2026-09-13T16:23:37.8176240Z Fetched 11.3 MB in 1s (8626 kB/s)
2026-09-13T16:23:38.6424140Z Reading package lists...
2026-09-13T16:23:38.6732698Z Reading package lists...
2026-09-13T16:23:38.8492909Z Building dependency tree...
2026-09-13T16:23:38.8500771Z Reading state information...
2026-09-13T16:23:38.9984103Z The following additional packages will be installed:
2026-09-13T16:23:38.9984974Z   ca-certificates-java cups-bsd cups-client cups-common default-jre
2026-09-13T16:23:38.9985839Z   default-jre-headless dvisvgm fonts-droid-fallback fonts-lmodern
2026-09-13T16:23:38.9986666Z   fonts-noto-mono fonts-texgyre fonts-texgyre-math fonts-urw-base35
2026-09-13T16:23:38.9987659Z   ghostscript gv libapache-pom-java libatk-wrapper-java
2026-09-13T16:23:38.9988536Z   libatk-wrapper-java-jni libbit-vector-perl libcarp-clan-perl
2026-09-13T16:23:38.9989347Z   libcommons-logging-java libcommons-parent-java libcrypt-rc4-perl
2026-09-13T16:23:38.9991044Z   libdate-calc-perl libdate-calc-xs-perl libdate-manip-perl
2026-09-13T16:23:38.9991864Z   libdigest-perl-md5-perl libfontbox-java libgif7 libgs-common libgs10
2026-09-13T16:23:38.9992669Z   libgs10-common libgumbo2 libidn12 libijs-0.35 libio-stringy-perl
2026-09-13T16:23:38.9993499Z   libjbig2dec0 libjcode-pm-perl libkpathsea6 libmotif-common libmujs3
2026-09-13T16:23:38.9994415Z   libole-storage-lite-perl libpaper-utils libpaper1 libparse-recdescent-perl
2026-09-13T16:23:38.9995336Z   libpcsclite1 libpdfbox-java libpoppler134 libpotrace0 libptexenc1
2026-09-13T16:23:38.9996219Z   libspreadsheet-parseexcel-perl libspreadsheet-writeexcel-perl libsynctex2
2026-09-13T16:23:38.9997187Z   libteckit0 libtexlua53-5 libunicode-map-perl libwoff1 libxcb-shape0 libxm4
2026-09-13T16:23:38.9998131Z   libxv1 libxxf86dga1 libzzip-0-13t64 lmodern mupdf-tools openjdk-21-jre
2026-09-13T16:23:38.9999207Z   openjdk-21-jre-headless poppler-data preview-latex-style t1utils tex-gyre
2026-09-13T16:23:39.0000456Z   texlive-base texlive-binaries texlive-latex-base texlive-latex-recommended
2026-09-13T16:23:39.0001480Z   texlive-pictures texlive-plain-generic tipa x11-utils xaw3dg
2026-09-13T16:23:39.0002132Z   xfonts-encodings xfonts-utils xpdf
2026-09-13T16:23:39.0005182Z Suggested packages:
2026-09-13T16:23:39.0005782Z   cups inetutils-inetd | inet-superserver update-inetd smbclient fonts-noto
2026-09-13T16:23:39.0006327Z   fonts-freefont-otf | fonts-freefont-ttf libavalon-framework-java
2026-09-13T16:23:39.0006825Z   libexcalibur-logkit-java liblog4j1.2-java pcscd libwww-perl libnss-mdns
2026-09-13T16:23:39.0007325Z   fonts-ipafont-gothic fonts-ipafont-mincho fonts-wqy-microhei
2026-09-13T16:23:39.0008064Z   | fonts-wqy-zenhei fonts-indic fonts-japanese-mincho | fonts-ipafont-mincho
2026-09-13T16:23:39.0008755Z   fonts-japanese-gothic | fonts-ipafont-gothic fonts-arphic-ukai
2026-09-13T16:23:39.0009263Z   fonts-arphic-uming fonts-nanum perl-tk xzdec texlive-binaries-sse2 hintview
2026-09-13T16:23:39.0010118Z   texlive-fonts-recommended-doc texlive-latex-base-doc wp2latex icc-profiles
2026-09-13T16:23:39.0010890Z   libfile-which-perl texlive-latex-extra-doc texlive-science
2026-09-13T16:23:39.0011395Z   texlive-latex-recommended-doc texlive-luatex texlive-pstricks dot2tex prerex
2026-09-13T16:23:39.0011872Z   texlive-pictures-doc vprerex tipa-doc mesa-utils
2026-09-13T16:23:39.0012204Z Recommended packages:
2026-09-13T16:23:39.0012427Z   luit
2026-09-13T16:23:39.0794681Z The following NEW packages will be installed:
2026-09-13T16:23:39.0795515Z   ca-certificates-java cups-bsd cups-client cups-common default-jre
2026-09-13T16:23:39.0796420Z   default-jre-headless dvisvgm fonts-droid-fallback fonts-lmodern
2026-09-13T16:23:39.0797273Z   fonts-noto-mono fonts-texgyre fonts-texgyre-math fonts-urw-base35
2026-09-13T16:23:39.0798166Z   ghostscript gv latexmk libapache-pom-java libatk-wrapper-java
2026-09-13T16:23:39.0799111Z   libatk-wrapper-java-jni libbit-vector-perl libcarp-clan-perl
2026-09-13T16:23:39.0800333Z   libcommons-logging-java libcommons-parent-java libcrypt-rc4-perl
2026-09-13T16:23:39.0801177Z   libdate-calc-perl libdate-calc-xs-perl libdate-manip-perl
2026-09-13T16:23:39.0802100Z   libdigest-perl-md5-perl libfontbox-java libgif7 libgs-common libgs10
2026-09-13T16:23:39.0803001Z   libgs10-common libgumbo2 libidn12 libijs-0.35 libio-stringy-perl
2026-09-13T16:23:39.0804296Z   libjbig2dec0 libjcode-pm-perl libkpathsea6 libmotif-common libmujs3
2026-09-13T16:23:39.0805276Z   libole-storage-lite-perl libpaper-utils libpaper1 libparse-recdescent-perl
2026-09-13T16:23:39.0806313Z   libpcsclite1 libpdfbox-java libpoppler134 libpotrace0 libptexenc1
2026-09-13T16:23:39.0807405Z   libspreadsheet-parseexcel-perl libspreadsheet-writeexcel-perl libsynctex2
2026-09-13T16:23:39.0808586Z   libteckit0 libtexlua53-5 libunicode-map-perl libwoff1 libxcb-shape0 libxm4
2026-09-13T16:23:39.0809560Z   libxv1 libxxf86dga1 libzzip-0-13t64 lmodern mupdf-tools openjdk-21-jre
2026-09-13T16:23:39.0810945Z   openjdk-21-jre-headless poppler-data poppler-utils preview-latex-style
2026-09-13T16:23:39.0811849Z   t1utils tex-gyre texlive-base texlive-binaries texlive-fonts-recommended
2026-09-13T16:23:39.0812748Z   texlive-latex-base texlive-latex-extra texlive-latex-recommended
2026-09-13T16:23:39.0813683Z   texlive-pictures texlive-plain-generic tipa x11-utils xaw3dg
2026-09-13T16:23:39.0814423Z   xfonts-encodings xfonts-utils xpdf
2026-09-13T16:23:39.1025433Z 0 upgraded, 86 newly installed, 0 to remove and 50 not upgraded.
2026-09-13T16:23:39.1025871Z Need to get 276 MB of archives.
2026-09-13T16:23:39.1026235Z After this operation, 873 MB of additional disk space will be used.
2026-09-13T16:23:39.1026777Z Get:1 file:/etc/apt/apt-mirrors.txt Mirrorlist [144 B]
2026-09-13T16:23:39.1781279Z Get:2 http://azure.archive.ubuntu.com/ubuntu noble/main amd64 fonts-droid-fallback all 1:6.0.1r16-1.1build1 [1805 kB]
2026-09-13T16:23:39.2635718Z Get:3 http://azure.archive.ubuntu.com/ubuntu noble/universe amd64 libmotif-common all 2.3.8-3.1build1 [10.1 kB]
2026-09-13T16:23:39.3232737Z Get:4 http://azure.archive.ubuntu.com/ubuntu noble/universe amd64 libxm4 amd64 2.3.8-3.1build1 [1091 kB]
2026-09-13T16:23:39.3981236Z Get:5 http://azure.archive.ubuntu.com/ubuntu noble/main amd64 poppler-data all 0.4.12-1 [2060 kB]
2026-09-13T16:23:39.4875666Z Get:6 http://azure.archive.ubuntu.com/ubuntu noble/main amd64 ca-certificates-java all 20240118 [11.6 kB]
2026-09-13T16:23:39.5471140Z Get:7 http://azure.archive.ubuntu.com/ubuntu noble-updates/main amd64 cups-common all 2.4.7-1.2ubuntu7.14 [264 kB]
2026-09-13T16:23:39.6097729Z Get:8 http://azure.archive.ubuntu.com/ubuntu noble-updates/main amd64 cups-client amd64 2.4.7-1.2ubuntu7.14 [154 kB]
2026-09-13T16:23:39.6705967Z Get:9 http://azure.archive.ubuntu.com/ubuntu noble/main amd64 libpcsclite1 amd64 2.0.3-1build1 [21.4 kB]
2026-09-13T16:23:39.7301661Z Get:10 http://azure.archive.ubuntu.com/ubuntu noble-updates/main amd64 openjdk-21-jre-headless amd64 21.0.12+8-1~24.04 [46.5 MB]
2026-09-13T16:23:40.6796753Z Get:11 http://azure.archive.ubuntu.com/ubuntu noble/main amd64 default-jre-headless amd64 2:1.21-75+exp1 [3094 B]
2026-09-13T16:23:40.7389064Z Get:12 http://azure.archive.ubuntu.com/ubuntu noble-updates/main amd64 libgif7 amd64 5.2.2-1ubuntu1.2 [35.6 kB]
2026-09-13T16:23:40.8051584Z Get:13 http://azure.archive.ubuntu.com/ubuntu noble-updates/main amd64 openjdk-21-jre amd64 21.0.12+8-1~24.04 [233 kB]
2026-09-13T16:23:40.8673612Z Get:14 http://azure.archive.ubuntu.com/ubuntu noble/main amd64 default-jre amd64 2:1.21-75+exp1 [922 B]
2026-09-13T16:23:40.9267884Z Get:15 http://azure.archive.ubuntu.com/ubuntu noble/main amd64 xfonts-encodings all 1:1.0.5-0ubuntu2 [578 kB]
2026-09-13T16:23:40.9955279Z Get:16 http://azure.archive.ubuntu.com/ubuntu noble/main amd64 xfonts-utils amd64 1:7.7+6build3 [94.4 kB]
2026-09-13T16:23:41.0555788Z Get:17 http://azure.archive.ubuntu.com/ubuntu noble/main amd64 fonts-urw-base35 all 20200910-8 [11.0 MB]
2026-09-13T16:23:41.3215186Z Get:18 http://azure.archive.ubuntu.com/ubuntu noble-updates/main amd64 libgs-common all 10.02.1~dfsg1-0ubuntu7.8 [176 kB]
2026-09-13T16:23:41.3833930Z Get:19 http://azure.archive.ubuntu.com/ubuntu noble-updates/main amd64 libgs10-common all 10.02.1~dfsg1-0ubuntu7.8 [488 kB]
2026-09-13T16:23:41.4508426Z Get:20 http://azure.archive.ubuntu.com/ubuntu noble-updates/main amd64 libidn12 amd64 1.42-1ubuntu0.1 [56.1 kB]
2026-09-13T16:23:41.5127237Z Get:21 http://azure.archive.ubuntu.com/ubuntu noble/main amd64 libijs-0.35 amd64 0.35-15.1build1 [15.3 kB]
2026-09-13T16:23:41.5723583Z Get:22 http://azure.archive.ubuntu.com/ubuntu noble-updates/main amd64 libjbig2dec0 amd64 0.20-1ubuntu0.24.04.1 [65.2 kB]
2026-09-13T16:23:41.6323334Z Get:23 http://azure.archive.ubuntu.com/ubuntu noble/main amd64 libpaper1 amd64 1.1.29build1 [13.4 kB]
2026-09-13T16:23:41.6918904Z Get:24 http://azure.archive.ubuntu.com/ubuntu noble-updates/main amd64 libgs10 amd64 10.02.1~dfsg1-0ubuntu7.8 [3897 kB]
2026-09-13T16:23:41.8244242Z Get:25 http://azure.archive.ubuntu.com/ubuntu noble/main amd64 libkpathsea6 amd64 2023.20230311.66589-9build3 [63.0 kB]
2026-09-13T16:23:41.8842416Z Get:26 http://azure.archive.ubuntu.com/ubuntu noble/universe amd64 libpotrace0 amd64 1.16-2build1 [17.7 kB]
2026-09-13T16:23:41.9438461Z Get:27 http://azure.archive.ubuntu.com/ubuntu noble/main amd64 libwoff1 amd64 1.0.2-2build1 [45.3 kB]
2026-09-13T16:23:42.0035040Z Get:28 http://azure.archive.ubuntu.com/ubuntu noble/universe amd64 dvisvgm amd64 3.2.1+ds-1build1 [1042 kB]
2026-09-13T16:23:42.0811149Z Get:29 http://azure.archive.ubuntu.com/ubuntu noble/universe amd64 fonts-lmodern all 2.005-1 [4799 kB]
2026-09-13T16:23:42.2306854Z Get:30 http://azure.archive.ubuntu.com/ubuntu noble/main amd64 fonts-noto-mono all 20201225-2 [435 kB]
2026-09-13T16:23:42.2973502Z Get:31 http://azure.archive.ubuntu.com/ubuntu noble/universe amd64 fonts-texgyre all 20180621-6 [8350 kB]
2026-09-13T16:23:42.5145132Z Get:32 http://azure.archive.ubuntu.com/ubuntu noble/universe amd64 fonts-texgyre-math all 20180621-6 [2373 kB]
2026-09-13T16:23:42.6186782Z Get:33 http://azure.archive.ubuntu.com/ubuntu noble-updates/main amd64 ghostscript amd64 10.02.1~dfsg1-0ubuntu7.8 [43.4 kB]
2026-09-13T16:23:42.6785868Z Get:34 http://azure.archive.ubuntu.com/ubuntu noble/universe amd64 xaw3dg amd64 1.5+F-1.1build2 [148 kB]
2026-09-13T16:23:42.7391986Z Get:35 http://azure.archive.ubuntu.com/ubuntu noble/universe amd64 gv amd64 1:3.7.4-2build2 [212 kB]
2026-09-13T16:23:42.8016902Z Get:36 http://azure.archive.ubuntu.com/ubuntu noble/main amd64 libpaper-utils amd64 1.1.29build1 [8650 B]
2026-09-13T16:23:42.8613315Z Get:37 http://azure.archive.ubuntu.com/ubuntu noble/main amd64 libptexenc1 amd64 2023.20230311.66589-9build3 [40.4 kB]
2026-09-13T16:23:42.9818919Z Get:38 http://azure.archive.ubuntu.com/ubuntu noble/main amd64 libsynctex2 amd64 2023.20230311.66589-9build3 [59.6 kB]
2026-09-13T16:23:43.1778962Z Get:39 http://azure.archive.ubuntu.com/ubuntu noble/main amd64 libtexlua53-5 amd64 2023.20230311.66589-9build3 [123 kB]
2026-09-13T16:23:43.3339994Z Get:40 http://azure.archive.ubuntu.com/ubuntu noble/main amd64 t1utils amd64 1.41-4build3 [61.3 kB]
2026-09-13T16:23:43.4127379Z Get:41 http://azure.archive.ubuntu.com/ubuntu noble/universe amd64 libteckit0 amd64 2.5.12+ds1-1 [411 kB]
2026-09-13T16:23:43.5949988Z Get:42 http://azure.archive.ubuntu.com/ubuntu noble/universe amd64 libzzip-0-13t64 amd64 0.13.72+dfsg.1-1.2build1 [28.1 kB]
2026-09-13T16:23:43.6570166Z Get:43 http://azure.archive.ubuntu.com/ubuntu noble/universe amd64 texlive-binaries amd64 2023.20230311.66589-9build3 [8529 kB]
2026-09-13T16:23:44.1219892Z Get:44 http://azure.archive.ubuntu.com/ubuntu noble/universe amd64 texlive-base all 2023.20240207-1 [21.7 MB]
2026-09-13T16:23:44.5986704Z Get:45 http://azure.archive.ubuntu.com/ubuntu noble/universe amd64 texlive-latex-base all 2023.20240207-1 [1238 kB]
2026-09-13T16:23:44.6808114Z Get:46 http://azure.archive.ubuntu.com/ubuntu noble/universe amd64 latexmk all 1:4.83-1 [203 kB]
2026-09-13T16:23:44.7440896Z Get:47 http://azure.archive.ubuntu.com/ubuntu noble/universe amd64 libapache-pom-java all 29-2 [5284 B]
2026-09-13T16:23:44.8045949Z Get:48 http://azure.archive.ubuntu.com/ubuntu noble/main amd64 libxcb-shape0 amd64 1.15-1ubuntu2 [6100 B]
2026-09-13T16:23:44.8650787Z Get:49 http://azure.archive.ubuntu.com/ubuntu noble/main amd64 libxv1 amd64 2:1.0.11-1.1build1 [10.7 kB]
2026-09-13T16:23:44.9255686Z Get:50 http://azure.archive.ubuntu.com/ubuntu noble/main amd64 libxxf86dga1 amd64 2:1.1.5-1build1 [11.6 kB]
2026-09-13T16:23:44.9860617Z Get:51 http://azure.archive.ubuntu.com/ubuntu noble/main amd64 x11-utils amd64 7.7+6build2 [189 kB]
2026-09-13T16:23:45.0491431Z Get:52 http://azure.archive.ubuntu.com/ubuntu noble/main amd64 libatk-wrapper-java all 0.40.0-3build2 [54.3 kB]
2026-09-13T16:23:45.1111542Z Get:53 http://azure.archive.ubuntu.com/ubuntu noble/main amd64 libatk-wrapper-java-jni amd64 0.40.0-3build2 [46.4 kB]
2026-09-13T16:23:45.1719569Z Get:54 http://azure.archive.ubuntu.com/ubuntu noble/universe amd64 libcarp-clan-perl all 6.08-2 [11.9 kB]
2026-09-13T16:23:45.2326529Z Get:55 http://azure.archive.ubuntu.com/ubuntu noble/universe amd64 libbit-vector-perl amd64 7.4-3build1 [139 kB]
2026-09-13T16:23:45.2944339Z Get:56 http://azure.archive.ubuntu.com/ubuntu noble/universe amd64 libcommons-parent-java all 56-1 [10.7 kB]
2026-09-13T16:23:45.3552620Z Get:57 http://azure.archive.ubuntu.com/ubuntu noble/universe amd64 libcommons-logging-java all 1.3.0-1ubuntu1 [63.8 kB]
2026-09-13T16:23:45.4161858Z Get:58 http://azure.archive.ubuntu.com/ubuntu noble/universe amd64 libcrypt-rc4-perl all 2.02-5 [7064 B]
2026-09-13T16:23:45.4766782Z Get:59 http://azure.archive.ubuntu.com/ubuntu noble/universe amd64 libdate-calc-perl all 6.4-2 [187 kB]
2026-09-13T16:23:45.5397906Z Get:60 http://azure.archive.ubuntu.com/ubuntu noble/universe amd64 libdate-calc-xs-perl amd64 6.4-2build4 [46.8 kB]
2026-09-13T16:23:45.6005539Z Get:61 http://azure.archive.ubuntu.com/ubuntu noble/main amd64 libdate-manip-perl all 6.95-1 [923 kB]
2026-09-13T16:23:45.6770184Z Get:62 http://azure.archive.ubuntu.com/ubuntu noble/universe amd64 libdigest-perl-md5-perl all 1.9-5 [11.1 kB]
2026-09-13T16:23:45.7376503Z Get:63 http://azure.archive.ubuntu.com/ubuntu noble/universe amd64 libgumbo2 amd64 0.12.0+dfsg-2build1 [126 kB]
2026-09-13T16:23:45.7992295Z Get:64 http://azure.archive.ubuntu.com/ubuntu noble/main amd64 libio-stringy-perl all 2.111-3 [55.8 kB]
2026-09-13T16:23:45.8600400Z Get:65 http://azure.archive.ubuntu.com/ubuntu noble/universe amd64 libjcode-pm-perl amd64 2.06-1.1build1 [26.8 kB]
2026-09-13T16:23:45.9208575Z Get:66 http://azure.archive.ubuntu.com/ubuntu noble/universe amd64 libmujs3 amd64 1.3.3-3build2 [134 kB]
2026-09-13T16:23:45.9825183Z Get:67 http://azure.archive.ubuntu.com/ubuntu noble/universe amd64 libole-storage-lite-perl all 0.22-1 [21.6 kB]
2026-09-13T16:23:46.0444421Z Get:68 http://azure.archive.ubuntu.com/ubuntu noble/universe amd64 libparse-recdescent-perl all 1.967015+dfsg-4 [139 kB]
2026-09-13T16:23:46.1058497Z Get:69 http://azure.archive.ubuntu.com/ubuntu noble-updates/main amd64 libpoppler134 amd64 24.02.0-1ubuntu9.9 [1118 kB]
2026-09-13T16:23:46.1860248Z Get:70 http://azure.archive.ubuntu.com/ubuntu noble/universe amd64 libspreadsheet-writeexcel-perl all 2.40-4 [497 kB]
2026-09-13T16:23:46.2548632Z Get:71 http://azure.archive.ubuntu.com/ubuntu noble/universe amd64 libunicode-map-perl amd64 0.112-13build4 [203 kB]
2026-09-13T16:23:46.3178395Z Get:72 http://azure.archive.ubuntu.com/ubuntu noble/universe amd64 libspreadsheet-parseexcel-perl all 0.6600-1 [144 kB]
2026-09-13T16:23:46.3787387Z Get:73 http://azure.archive.ubuntu.com/ubuntu noble/universe amd64 lmodern all 2.005-1 [9542 kB]
2026-09-13T16:23:46.6151176Z Get:74 http://azure.archive.ubuntu.com/ubuntu noble/universe amd64 mupdf-tools amd64 1.23.10+ds1-1build3 [49.3 MB]
2026-09-13T16:23:47.6136466Z Get:75 http://azure.archive.ubuntu.com/ubuntu noble-updates/main amd64 poppler-utils amd64 24.02.0-1ubuntu9.9 [212 kB]
2026-09-13T16:23:47.6751257Z Get:76 http://azure.archive.ubuntu.com/ubuntu noble/universe amd64 preview-latex-style all 13.2-1 [347 kB]
2026-09-13T16:23:47.7396235Z Get:77 http://azure.archive.ubuntu.com/ubuntu noble/universe amd64 tex-gyre all 20180621-6 [6396 kB]
2026-09-13T16:23:47.9187830Z Get:78 http://azure.archive.ubuntu.com/ubuntu noble/universe amd64 texlive-fonts-recommended all 2023.20240207-1 [4973 kB]
2026-09-13T16:23:48.0716648Z Get:79 http://azure.archive.ubuntu.com/ubuntu noble/universe amd64 libfontbox-java all 1:1.8.16-5 [208 kB]
2026-09-13T16:23:48.1332321Z Get:80 http://azure.archive.ubuntu.com/ubuntu noble/universe amd64 libpdfbox-java all 1:1.8.16-5 [5521 kB]
2026-09-13T16:23:48.2955764Z Get:81 http://azure.archive.ubuntu.com/ubuntu noble/universe amd64 texlive-latex-recommended all 2023.20240207-1 [8826 kB]
2026-09-13T16:23:48.5206783Z Get:82 http://azure.archive.ubuntu.com/ubuntu noble/universe amd64 texlive-pictures all 2023.20240207-1 [16.7 MB]
2026-09-13T16:23:48.8956380Z Get:83 http://azure.archive.ubuntu.com/ubuntu noble/universe amd64 texlive-latex-extra all 2023.20240207-1 [19.2 MB]
2026-09-13T16:23:49.3224011Z Get:84 http://azure.archive.ubuntu.com/ubuntu noble/universe amd64 texlive-plain-generic all 2023.20240207-1 [29.0 MB]
2026-09-13T16:23:49.9301261Z Get:85 http://azure.archive.ubuntu.com/ubuntu noble/universe amd64 tipa all 2:1.3-21 [2967 kB]
2026-09-13T16:23:50.0436070Z Get:86 http://azure.archive.ubuntu.com/ubuntu noble/universe amd64 xpdf amd64 3.04+git20240202-1build3 [125 kB]
2026-09-13T16:23:50.1040677Z Get:87 http://azure.archive.ubuntu.com/ubuntu noble-updates/main amd64 cups-bsd amd64 2.4.7-1.2ubuntu7.14 [42.2 kB]
2026-09-13T16:23:50.4487266Z Preconfiguring packages ...
2026-09-13T16:23:50.5297991Z Fetched 276 MB in 11s (25.1 MB/s)
2026-09-13T16:23:50.5825263Z Selecting previously unselected package fonts-droid-fallback.
2026-09-13T16:23:50.6311368Z (Reading database ... 
2026-09-13T16:23:50.6311914Z (Reading database ... 5%
2026-09-13T16:23:50.6312309Z (Reading database ... 10%
2026-09-13T16:23:50.6312605Z (Reading database ... 15%
2026-09-13T16:23:50.6312934Z (Reading database ... 20%
2026-09-13T16:23:50.6313204Z (Reading database ... 25%
2026-09-13T16:23:50.6313472Z (Reading database ... 30%
2026-09-13T16:23:50.6314159Z (Reading database ... 35%
2026-09-13T16:23:50.6314448Z (Reading database ... 40%
2026-09-13T16:23:50.6314718Z (Reading database ... 45%
2026-09-13T16:23:50.6314987Z (Reading database ... 50%
2026-09-13T16:23:50.6825681Z (Reading database ... 55%
2026-09-13T16:23:51.0622282Z (Reading database ... 60%
2026-09-13T16:23:51.3399161Z (Reading database ... 65%
2026-09-13T16:23:51.5708019Z (Reading database ... 70%
2026-09-13T16:23:51.8539216Z (Reading database ... 75%
2026-09-13T16:23:52.4238319Z (Reading database ... 80%
2026-09-13T16:23:52.9817416Z (Reading database ... 85%
2026-09-13T16:23:53.6580697Z (Reading database ... 90%
2026-09-13T16:23:54.1459359Z (Reading database ... 95%
2026-09-13T16:23:54.1460273Z (Reading database ... 100%
2026-09-13T16:23:54.1461062Z (Reading database ... 201818 files and directories currently installed.)
2026-09-13T16:23:54.1502875Z Preparing to unpack .../00-fonts-droid-fallback_1%3a6.0.1r16-1.1build1_all.deb ...
2026-09-13T16:23:54.1721841Z Unpacking fonts-droid-fallback (1:6.0.1r16-1.1build1) ...
2026-09-13T16:23:54.3139588Z Selecting previously unselected package libmotif-common.
2026-09-13T16:23:54.3265725Z Preparing to unpack .../01-libmotif-common_2.3.8-3.1build1_all.deb ...
2026-09-13T16:23:54.3273608Z Unpacking libmotif-common (2.3.8-3.1build1) ...
2026-09-13T16:23:54.3679380Z Selecting previously unselected package libxm4:amd64.
2026-09-13T16:23:54.3803857Z Preparing to unpack .../02-libxm4_2.3.8-3.1build1_amd64.deb ...
2026-09-13T16:23:54.3866729Z Unpacking libxm4:amd64 (2.3.8-3.1build1) ...
2026-09-13T16:23:54.4203684Z Selecting previously unselected package poppler-data.
2026-09-13T16:23:54.4327514Z Preparing to unpack .../03-poppler-data_0.4.12-1_all.deb ...
2026-09-13T16:23:54.4335963Z Unpacking poppler-data (0.4.12-1) ...
2026-09-13T16:23:54.5559066Z Selecting previously unselected package ca-certificates-java.
2026-09-13T16:23:54.5687070Z Preparing to unpack .../04-ca-certificates-java_20240118_all.deb ...
2026-09-13T16:23:54.5716569Z Unpacking ca-certificates-java (20240118) ...
2026-09-13T16:23:54.6038194Z Selecting previously unselected package cups-common.
2026-09-13T16:23:54.6164439Z Preparing to unpack .../05-cups-common_2.4.7-1.2ubuntu7.14_all.deb ...
2026-09-13T16:23:54.6174263Z Unpacking cups-common (2.4.7-1.2ubuntu7.14) ...
2026-09-13T16:23:54.6533690Z Selecting previously unselected package cups-client.
2026-09-13T16:23:54.6657954Z Preparing to unpack .../06-cups-client_2.4.7-1.2ubuntu7.14_amd64.deb ...
2026-09-13T16:23:54.6666996Z Unpacking cups-client (2.4.7-1.2ubuntu7.14) ...
2026-09-13T16:23:54.7587862Z Selecting previously unselected package libpcsclite1:amd64.
2026-09-13T16:23:54.7713345Z Preparing to unpack .../07-libpcsclite1_2.0.3-1build1_amd64.deb ...
2026-09-13T16:23:54.7722335Z Unpacking libpcsclite1:amd64 (2.0.3-1build1) ...
2026-09-13T16:23:54.7937574Z Selecting previously unselected package openjdk-21-jre-headless:amd64.
2026-09-13T16:23:54.8065582Z Preparing to unpack .../08-openjdk-21-jre-headless_21.0.12+8-1~24.04_amd64.deb ...
2026-09-13T16:23:54.8074403Z Unpacking openjdk-21-jre-headless:amd64 (21.0.12+8-1~24.04) ...
2026-09-13T16:23:55.4703166Z Selecting previously unselected package default-jre-headless.
2026-09-13T16:23:55.4828869Z Preparing to unpack .../09-default-jre-headless_2%3a1.21-75+exp1_amd64.deb ...
2026-09-13T16:23:55.4837727Z Unpacking default-jre-headless (2:1.21-75+exp1) ...
2026-09-13T16:23:55.5042676Z Selecting previously unselected package libgif7:amd64.
2026-09-13T16:23:55.5166817Z Preparing to unpack .../10-libgif7_5.2.2-1ubuntu1.2_amd64.deb ...
2026-09-13T16:23:55.5176291Z Unpacking libgif7:amd64 (5.2.2-1ubuntu1.2) ...
2026-09-13T16:23:55.5378554Z Selecting previously unselected package openjdk-21-jre:amd64.
2026-09-13T16:23:55.5501751Z Preparing to unpack .../11-openjdk-21-jre_21.0.12+8-1~24.04_amd64.deb ...
2026-09-13T16:23:55.5510214Z Unpacking openjdk-21-jre:amd64 (21.0.12+8-1~24.04) ...
2026-09-13T16:23:55.6009385Z Selecting previously unselected package default-jre.
2026-09-13T16:23:55.6133548Z Preparing to unpack .../12-default-jre_2%3a1.21-75+exp1_amd64.deb ...
2026-09-13T16:23:55.6142628Z Unpacking default-jre (2:1.21-75+exp1) ...
2026-09-13T16:23:55.6320526Z Selecting previously unselected package xfonts-encodings.
2026-09-13T16:23:55.6444251Z Preparing to unpack .../13-xfonts-encodings_1%3a1.0.5-0ubuntu2_all.deb ...
2026-09-13T16:23:55.6452517Z Unpacking xfonts-encodings (1:1.0.5-0ubuntu2) ...
2026-09-13T16:23:55.6735859Z Selecting previously unselected package xfonts-utils.
2026-09-13T16:23:55.6858165Z Preparing to unpack .../14-xfonts-utils_1%3a7.7+6build3_amd64.deb ...
2026-09-13T16:23:55.6866034Z Unpacking xfonts-utils (1:7.7+6build3) ...
2026-09-13T16:23:55.8332435Z Selecting previously unselected package fonts-urw-base35.
2026-09-13T16:23:55.8456498Z Preparing to unpack .../15-fonts-urw-base35_20200910-8_all.deb ...
2026-09-13T16:23:55.9100916Z Unpacking fonts-urw-base35 (20200910-8) ...
2026-09-13T16:23:56.0007246Z Selecting previously unselected package libgs-common.
2026-09-13T16:23:56.0131878Z Preparing to unpack .../16-libgs-common_10.02.1~dfsg1-0ubuntu7.8_all.deb ...
2026-09-13T16:23:56.0140660Z Unpacking libgs-common (10.02.1~dfsg1-0ubuntu7.8) ...
2026-09-13T16:23:56.0370169Z Selecting previously unselected package libgs10-common.
2026-09-13T16:23:56.0495715Z Preparing to unpack .../17-libgs10-common_10.02.1~dfsg1-0ubuntu7.8_all.deb ...
2026-09-13T16:23:56.0505004Z Unpacking libgs10-common (10.02.1~dfsg1-0ubuntu7.8) ...
2026-09-13T16:23:56.1138680Z Selecting previously unselected package libidn12:amd64.
2026-09-13T16:23:56.1268168Z Preparing to unpack .../18-libidn12_1.42-1ubuntu0.1_amd64.deb ...
2026-09-13T16:23:56.1276210Z Unpacking libidn12:amd64 (1.42-1ubuntu0.1) ...
2026-09-13T16:23:56.1488993Z Selecting previously unselected package libijs-0.35:amd64.
2026-09-13T16:23:56.1614620Z Preparing to unpack .../19-libijs-0.35_0.35-15.1build1_amd64.deb ...
2026-09-13T16:23:56.1623655Z Unpacking libijs-0.35:amd64 (0.35-15.1build1) ...
2026-09-13T16:23:56.1834593Z Selecting previously unselected package libjbig2dec0:amd64.
2026-09-13T16:23:56.1961019Z Preparing to unpack .../20-libjbig2dec0_0.20-1ubuntu0.24.04.1_amd64.deb ...
2026-09-13T16:23:56.1969553Z Unpacking libjbig2dec0:amd64 (0.20-1ubuntu0.24.04.1) ...
2026-09-13T16:23:56.2199880Z Selecting previously unselected package libpaper1:amd64.
2026-09-13T16:23:56.2324045Z Preparing to unpack .../21-libpaper1_1.1.29build1_amd64.deb ...
2026-09-13T16:23:56.2331871Z Unpacking libpaper1:amd64 (1.1.29build1) ...
2026-09-13T16:23:56.2543232Z Selecting previously unselected package libgs10:amd64.
2026-09-13T16:23:56.2667522Z Preparing to unpack .../22-libgs10_10.02.1~dfsg1-0ubuntu7.8_amd64.deb ...
2026-09-13T16:23:56.2677128Z Unpacking libgs10:amd64 (10.02.1~dfsg1-0ubuntu7.8) ...
2026-09-13T16:23:56.3640892Z Selecting previously unselected package libkpathsea6:amd64.
2026-09-13T16:23:56.3767367Z Preparing to unpack .../23-libkpathsea6_2023.20230311.66589-9build3_amd64.deb ...
2026-09-13T16:23:56.3777253Z Unpacking libkpathsea6:amd64 (2023.20230311.66589-9build3) ...
2026-09-13T16:23:56.3993065Z Selecting previously unselected package libpotrace0:amd64.
2026-09-13T16:23:56.4117259Z Preparing to unpack .../24-libpotrace0_1.16-2build1_amd64.deb ...
2026-09-13T16:23:56.4125485Z Unpacking libpotrace0:amd64 (1.16-2build1) ...
2026-09-13T16:23:56.4319782Z Selecting previously unselected package libwoff1:amd64.
2026-09-13T16:23:56.4444355Z Preparing to unpack .../25-libwoff1_1.0.2-2build1_amd64.deb ...
2026-09-13T16:23:56.4454097Z Unpacking libwoff1:amd64 (1.0.2-2build1) ...
2026-09-13T16:23:56.4651977Z Selecting previously unselected package dvisvgm.
2026-09-13T16:23:56.4775254Z Preparing to unpack .../26-dvisvgm_3.2.1+ds-1build1_amd64.deb ...
2026-09-13T16:23:56.4782668Z Unpacking dvisvgm (3.2.1+ds-1build1) ...
2026-09-13T16:23:56.5079448Z Selecting previously unselected package fonts-lmodern.
2026-09-13T16:23:56.5204591Z Preparing to unpack .../27-fonts-lmodern_2.005-1_all.deb ...
2026-09-13T16:23:56.5212709Z Unpacking fonts-lmodern (2.005-1) ...
2026-09-13T16:23:56.5916175Z Selecting previously unselected package fonts-noto-mono.
2026-09-13T16:23:56.6042395Z Preparing to unpack .../28-fonts-noto-mono_20201225-2_all.deb ...
2026-09-13T16:23:56.6051496Z Unpacking fonts-noto-mono (20201225-2) ...
2026-09-13T16:23:56.6312525Z Selecting previously unselected package fonts-texgyre.
2026-09-13T16:23:56.6441515Z Preparing to unpack .../29-fonts-texgyre_20180621-6_all.deb ...
2026-09-13T16:23:56.6449932Z Unpacking fonts-texgyre (20180621-6) ...
2026-09-13T16:23:56.7200753Z Selecting previously unselected package fonts-texgyre-math.
2026-09-13T16:23:56.7327155Z Preparing to unpack .../30-fonts-texgyre-math_20180621-6_all.deb ...
2026-09-13T16:23:56.7338387Z Unpacking fonts-texgyre-math (20180621-6) ...
2026-09-13T16:23:56.7843714Z Selecting previously unselected package ghostscript.
2026-09-13T16:23:56.7968687Z Preparing to unpack .../31-ghostscript_10.02.1~dfsg1-0ubuntu7.8_amd64.deb ...
2026-09-13T16:23:56.7977862Z Unpacking ghostscript (10.02.1~dfsg1-0ubuntu7.8) ...
2026-09-13T16:23:56.8428280Z Selecting previously unselected package xaw3dg:amd64.
2026-09-13T16:23:56.8553627Z Preparing to unpack .../32-xaw3dg_1.5+F-1.1build2_amd64.deb ...
2026-09-13T16:23:56.8561957Z Unpacking xaw3dg:amd64 (1.5+F-1.1build2) ...
2026-09-13T16:23:56.8832937Z Selecting previously unselected package gv.
2026-09-13T16:23:56.8958099Z Preparing to unpack .../33-gv_1%3a3.7.4-2build2_amd64.deb ...
2026-09-13T16:23:56.8966758Z Unpacking gv (1:3.7.4-2build2) ...
2026-09-13T16:23:56.9239180Z Selecting previously unselected package libpaper-utils.
2026-09-13T16:23:56.9376398Z Preparing to unpack .../34-libpaper-utils_1.1.29build1_amd64.deb ...
2026-09-13T16:23:56.9386503Z Unpacking libpaper-utils (1.1.29build1) ...
2026-09-13T16:23:56.9602600Z Selecting previously unselected package libptexenc1:amd64.
2026-09-13T16:23:56.9727855Z Preparing to unpack .../35-libptexenc1_2023.20230311.66589-9build3_amd64.deb ...
2026-09-13T16:23:56.9735869Z Unpacking libptexenc1:amd64 (2023.20230311.66589-9build3) ...
2026-09-13T16:23:56.9935928Z Selecting previously unselected package libsynctex2:amd64.
2026-09-13T16:23:57.0059181Z Preparing to unpack .../36-libsynctex2_2023.20230311.66589-9build3_amd64.deb ...
2026-09-13T16:23:57.0067771Z Unpacking libsynctex2:amd64 (2023.20230311.66589-9build3) ...
2026-09-13T16:23:57.0276884Z Selecting previously unselected package libtexlua53-5:amd64.
2026-09-13T16:23:57.0401250Z Preparing to unpack .../37-libtexlua53-5_2023.20230311.66589-9build3_amd64.deb ...
2026-09-13T16:23:57.0410656Z Unpacking libtexlua53-5:amd64 (2023.20230311.66589-9build3) ...
2026-09-13T16:23:57.0623160Z Selecting previously unselected package t1utils.
2026-09-13T16:23:57.0750264Z Preparing to unpack .../38-t1utils_1.41-4build3_amd64.deb ...
2026-09-13T16:23:57.0758263Z Unpacking t1utils (1.41-4build3) ...
2026-09-13T16:23:57.0991057Z Selecting previously unselected package libteckit0:amd64.
2026-09-13T16:23:57.1115702Z Preparing to unpack .../39-libteckit0_2.5.12+ds1-1_amd64.deb ...
2026-09-13T16:23:57.1124218Z Unpacking libteckit0:amd64 (2.5.12+ds1-1) ...
2026-09-13T16:23:57.1422071Z Selecting previously unselected package libzzip-0-13t64:amd64.
2026-09-13T16:23:57.1546987Z Preparing to unpack .../40-libzzip-0-13t64_0.13.72+dfsg.1-1.2build1_amd64.deb ...
2026-09-13T16:23:57.1560196Z Unpacking libzzip-0-13t64:amd64 (0.13.72+dfsg.1-1.2build1) ...
2026-09-13T16:23:57.1782732Z Selecting previously unselected package texlive-binaries.
2026-09-13T16:23:57.1908359Z Preparing to unpack .../41-texlive-binaries_2023.20230311.66589-9build3_amd64.deb ...
2026-09-13T16:23:57.2017758Z Unpacking texlive-binaries (2023.20230311.66589-9build3) ...
2026-09-13T16:23:57.3677315Z Selecting previously unselected package texlive-base.
2026-09-13T16:23:57.3807190Z Preparing to unpack .../42-texlive-base_2023.20240207-1_all.deb ...
2026-09-13T16:23:57.3816291Z Unpacking texlive-base (2023.20240207-1) ...
2026-09-13T16:23:58.6942607Z Selecting previously unselected package texlive-latex-base.
2026-09-13T16:23:58.7084896Z Preparing to unpack .../43-texlive-latex-base_2023.20240207-1_all.deb ...
2026-09-13T16:23:58.7095138Z Unpacking texlive-latex-base (2023.20240207-1) ...
2026-09-13T16:23:59.1125837Z Selecting previously unselected package latexmk.
2026-09-13T16:23:59.1270245Z Preparing to unpack .../44-latexmk_1%3a4.83-1_all.deb ...
2026-09-13T16:23:59.1280785Z Unpacking latexmk (1:4.83-1) ...
2026-09-13T16:23:59.1690450Z Selecting previously unselected package libapache-pom-java.
2026-09-13T16:23:59.1828536Z Preparing to unpack .../45-libapache-pom-java_29-2_all.deb ...
2026-09-13T16:23:59.1837465Z Unpacking libapache-pom-java (29-2) ...
2026-09-13T16:23:59.2496026Z Selecting previously unselected package libxcb-shape0:amd64.
2026-09-13T16:23:59.2649255Z Preparing to unpack .../46-libxcb-shape0_1.15-1ubuntu2_amd64.deb ...
2026-09-13T16:23:59.2657548Z Unpacking libxcb-shape0:amd64 (1.15-1ubuntu2) ...
2026-09-13T16:23:59.2867142Z Selecting previously unselected package libxv1:amd64.
2026-09-13T16:23:59.2998493Z Preparing to unpack .../47-libxv1_2%3a1.0.11-1.1build1_amd64.deb ...
2026-09-13T16:23:59.3007061Z Unpacking libxv1:amd64 (2:1.0.11-1.1build1) ...
2026-09-13T16:23:59.3222539Z Selecting previously unselected package libxxf86dga1:amd64.
2026-09-13T16:23:59.3353544Z Preparing to unpack .../48-libxxf86dga1_2%3a1.1.5-1build1_amd64.deb ...
2026-09-13T16:23:59.3364591Z Unpacking libxxf86dga1:amd64 (2:1.1.5-1build1) ...
2026-09-13T16:23:59.3572555Z Selecting previously unselected package x11-utils.
2026-09-13T16:23:59.3703741Z Preparing to unpack .../49-x11-utils_7.7+6build2_amd64.deb ...
2026-09-13T16:23:59.3713728Z Unpacking x11-utils (7.7+6build2) ...
2026-09-13T16:23:59.4024410Z Selecting previously unselected package libatk-wrapper-java.
2026-09-13T16:23:59.4153569Z Preparing to unpack .../50-libatk-wrapper-java_0.40.0-3build2_all.deb ...
2026-09-13T16:23:59.4161373Z Unpacking libatk-wrapper-java (0.40.0-3build2) ...
2026-09-13T16:23:59.4408320Z Selecting previously unselected package libatk-wrapper-java-jni:amd64.
2026-09-13T16:23:59.4540123Z Preparing to unpack .../51-libatk-wrapper-java-jni_0.40.0-3build2_amd64.deb ...
2026-09-13T16:23:59.4548486Z Unpacking libatk-wrapper-java-jni:amd64 (0.40.0-3build2) ...
2026-09-13T16:23:59.4759509Z Selecting previously unselected package libcarp-clan-perl.
2026-09-13T16:23:59.4888339Z Preparing to unpack .../52-libcarp-clan-perl_6.08-2_all.deb ...
2026-09-13T16:23:59.4905422Z Unpacking libcarp-clan-perl (6.08-2) ...
2026-09-13T16:23:59.5108247Z Selecting previously unselected package libbit-vector-perl:amd64.
2026-09-13T16:23:59.5237001Z Preparing to unpack .../53-libbit-vector-perl_7.4-3build1_amd64.deb ...
2026-09-13T16:23:59.5246043Z Unpacking libbit-vector-perl:amd64 (7.4-3build1) ...
2026-09-13T16:23:59.5535339Z Selecting previously unselected package libcommons-parent-java.
2026-09-13T16:23:59.5665829Z Preparing to unpack .../54-libcommons-parent-java_56-1_all.deb ...
2026-09-13T16:23:59.5676055Z Unpacking libcommons-parent-java (56-1) ...
2026-09-13T16:23:59.5913575Z Selecting previously unselected package libcommons-logging-java.
2026-09-13T16:23:59.6049040Z Preparing to unpack .../55-libcommons-logging-java_1.3.0-1ubuntu1_all.deb ...
2026-09-13T16:23:59.6058349Z Unpacking libcommons-logging-java (1.3.0-1ubuntu1) ...
2026-09-13T16:23:59.6287897Z Selecting previously unselected package libcrypt-rc4-perl.
2026-09-13T16:23:59.6421711Z Preparing to unpack .../56-libcrypt-rc4-perl_2.02-5_all.deb ...
2026-09-13T16:23:59.6431629Z Unpacking libcrypt-rc4-perl (2.02-5) ...
2026-09-13T16:23:59.6645553Z Selecting previously unselected package libdate-calc-perl.
2026-09-13T16:23:59.6780880Z Preparing to unpack .../57-libdate-calc-perl_6.4-2_all.deb ...
2026-09-13T16:23:59.6790719Z Unpacking libdate-calc-perl (6.4-2) ...
2026-09-13T16:23:59.7078269Z Selecting previously unselected package libdate-calc-xs-perl:amd64.
2026-09-13T16:23:59.7209420Z Preparing to unpack .../58-libdate-calc-xs-perl_6.4-2build4_amd64.deb ...
2026-09-13T16:23:59.7219173Z Unpacking libdate-calc-xs-perl:amd64 (6.4-2build4) ...
2026-09-13T16:23:59.7456607Z Selecting previously unselected package libdate-manip-perl.
2026-09-13T16:23:59.7588448Z Preparing to unpack .../59-libdate-manip-perl_6.95-1_all.deb ...
2026-09-13T16:23:59.7597428Z Unpacking libdate-manip-perl (6.95-1) ...
2026-09-13T16:23:59.9653976Z Selecting previously unselected package libdigest-perl-md5-perl.
2026-09-13T16:23:59.9815893Z Preparing to unpack .../60-libdigest-perl-md5-perl_1.9-5_all.deb ...
2026-09-13T16:23:59.9846553Z Unpacking libdigest-perl-md5-perl (1.9-5) ...
2026-09-13T16:24:00.0076703Z Selecting previously unselected package libgumbo2:amd64.
2026-09-13T16:24:00.0208467Z Preparing to unpack .../61-libgumbo2_0.12.0+dfsg-2build1_amd64.deb ...
2026-09-13T16:24:00.0217855Z Unpacking libgumbo2:amd64 (0.12.0+dfsg-2build1) ...
2026-09-13T16:24:00.0445479Z Selecting previously unselected package libio-stringy-perl.
2026-09-13T16:24:00.0580210Z Preparing to unpack .../62-libio-stringy-perl_2.111-3_all.deb ...
2026-09-13T16:24:00.0589150Z Unpacking libio-stringy-perl (2.111-3) ...
2026-09-13T16:24:00.0849098Z Selecting previously unselected package libjcode-pm-perl.
2026-09-13T16:24:00.0982671Z Preparing to unpack .../63-libjcode-pm-perl_2.06-1.1build1_amd64.deb ...
2026-09-13T16:24:00.0990835Z Unpacking libjcode-pm-perl (2.06-1.1build1) ...
2026-09-13T16:24:00.1217500Z Selecting previously unselected package libmujs3:amd64.
2026-09-13T16:24:00.1348961Z Preparing to unpack .../64-libmujs3_1.3.3-3build2_amd64.deb ...
2026-09-13T16:24:00.1358113Z Unpacking libmujs3:amd64 (1.3.3-3build2) ...
2026-09-13T16:24:00.1587705Z Selecting previously unselected package libole-storage-lite-perl.
2026-09-13T16:24:00.1720337Z Preparing to unpack .../65-libole-storage-lite-perl_0.22-1_all.deb ...
2026-09-13T16:24:00.1729525Z Unpacking libole-storage-lite-perl (0.22-1) ...
2026-09-13T16:24:00.1957703Z Selecting previously unselected package libparse-recdescent-perl.
2026-09-13T16:24:00.2088393Z Preparing to unpack .../66-libparse-recdescent-perl_1.967015+dfsg-4_all.deb ...
2026-09-13T16:24:00.2096321Z Unpacking libparse-recdescent-perl (1.967015+dfsg-4) ...
2026-09-13T16:24:00.2440590Z Selecting previously unselected package libpoppler134:amd64.
2026-09-13T16:24:00.2578045Z Preparing to unpack .../67-libpoppler134_24.02.0-1ubuntu9.9_amd64.deb ...
2026-09-13T16:24:00.2589029Z Unpacking libpoppler134:amd64 (24.02.0-1ubuntu9.9) ...
2026-09-13T16:24:00.2949295Z Selecting previously unselected package libspreadsheet-writeexcel-perl.
2026-09-13T16:24:00.3081524Z Preparing to unpack .../68-libspreadsheet-writeexcel-perl_2.40-4_all.deb ...
2026-09-13T16:24:00.3089808Z Unpacking libspreadsheet-writeexcel-perl (2.40-4) ...
2026-09-13T16:24:00.3618643Z Selecting previously unselected package libunicode-map-perl.
2026-09-13T16:24:00.3754976Z Preparing to unpack .../69-libunicode-map-perl_0.112-13build4_amd64.deb ...
2026-09-13T16:24:00.3766460Z Unpacking libunicode-map-perl (0.112-13build4) ...
2026-09-13T16:24:00.4171335Z Selecting previously unselected package libspreadsheet-parseexcel-perl.
2026-09-13T16:24:00.4305111Z Preparing to unpack .../70-libspreadsheet-parseexcel-perl_0.6600-1_all.deb ...
2026-09-13T16:24:00.4314695Z Unpacking libspreadsheet-parseexcel-perl (0.6600-1) ...
2026-09-13T16:24:00.4651952Z Selecting previously unselected package lmodern.
2026-09-13T16:24:00.4787997Z Preparing to unpack .../71-lmodern_2.005-1_all.deb ...
2026-09-13T16:24:00.4798272Z Unpacking lmodern (2.005-1) ...
2026-09-13T16:24:00.7488542Z Selecting previously unselected package mupdf-tools.
2026-09-13T16:24:00.7624784Z Preparing to unpack .../72-mupdf-tools_1.23.10+ds1-1build3_amd64.deb ...
2026-09-13T16:24:00.7633976Z Unpacking mupdf-tools (1.23.10+ds1-1build3) ...
2026-09-13T16:24:01.1621955Z Selecting previously unselected package poppler-utils.
2026-09-13T16:24:01.1754450Z Preparing to unpack .../73-poppler-utils_24.02.0-1ubuntu9.9_amd64.deb ...
2026-09-13T16:24:01.1764623Z Unpacking poppler-utils (24.02.0-1ubuntu9.9) ...
2026-09-13T16:24:01.2052688Z Selecting previously unselected package preview-latex-style.
2026-09-13T16:24:01.2186012Z Preparing to unpack .../74-preview-latex-style_13.2-1_all.deb ...
2026-09-13T16:24:01.2194528Z Unpacking preview-latex-style (13.2-1) ...
2026-09-13T16:24:01.2450851Z Selecting previously unselected package tex-gyre.
2026-09-13T16:24:01.2581634Z Preparing to unpack .../75-tex-gyre_20180621-6_all.deb ...
2026-09-13T16:24:01.2589999Z Unpacking tex-gyre (20180621-6) ...
2026-09-13T16:24:01.4683359Z Selecting previously unselected package texlive-fonts-recommended.
2026-09-13T16:24:01.4821645Z Preparing to unpack .../76-texlive-fonts-recommended_2023.20240207-1_all.deb ...
2026-09-13T16:24:01.4832160Z Unpacking texlive-fonts-recommended (2023.20240207-1) ...
2026-09-13T16:24:01.9778913Z Selecting previously unselected package libfontbox-java.
2026-09-13T16:24:01.9923522Z Preparing to unpack .../77-libfontbox-java_1%3a1.8.16-5_all.deb ...
2026-09-13T16:24:01.9932229Z Unpacking libfontbox-java (1:1.8.16-5) ...
2026-09-13T16:24:02.0159981Z Selecting previously unselected package libpdfbox-java.
2026-09-13T16:24:02.0293144Z Preparing to unpack .../78-libpdfbox-java_1%3a1.8.16-5_all.deb ...
2026-09-13T16:24:02.0302788Z Unpacking libpdfbox-java (1:1.8.16-5) ...
2026-09-13T16:24:02.0709851Z Selecting previously unselected package texlive-latex-recommended.
2026-09-13T16:24:02.0846096Z Preparing to unpack .../79-texlive-latex-recommended_2023.20240207-1_all.deb ...
2026-09-13T16:24:02.0855651Z Unpacking texlive-latex-recommended (2023.20240207-1) ...
2026-09-13T16:24:02.8113134Z Selecting previously unselected package texlive-pictures.
2026-09-13T16:24:02.8260822Z Preparing to unpack .../80-texlive-pictures_2023.20240207-1_all.deb ...
2026-09-13T16:24:02.8377647Z Unpacking texlive-pictures (2023.20240207-1) ...
2026-09-13T16:24:03.9083431Z Selecting previously unselected package texlive-latex-extra.
2026-09-13T16:24:03.9233699Z Preparing to unpack .../81-texlive-latex-extra_2023.20240207-1_all.deb ...
2026-09-13T16:24:03.9241940Z Unpacking texlive-latex-extra (2023.20240207-1) ...
2026-09-13T16:24:05.2795018Z Selecting previously unselected package texlive-plain-generic.
2026-09-13T16:24:05.2963093Z Preparing to unpack .../82-texlive-plain-generic_2023.20240207-1_all.deb ...
2026-09-13T16:24:05.2971792Z Unpacking texlive-plain-generic (2023.20240207-1) ...
2026-09-13T16:24:08.2746977Z Selecting previously unselected package tipa.
2026-09-13T16:24:08.2940370Z Preparing to unpack .../83-tipa_2%3a1.3-21_all.deb ...
2026-09-13T16:24:08.3007650Z Unpacking tipa (2:1.3-21) ...
2026-09-13T16:24:08.5118923Z Selecting previously unselected package xpdf.
2026-09-13T16:24:08.5268782Z Preparing to unpack .../84-xpdf_3.04+git20240202-1build3_amd64.deb ...
2026-09-13T16:24:08.5312223Z Unpacking xpdf (3.04+git20240202-1build3) ...
2026-09-13T16:24:08.5585577Z Selecting previously unselected package cups-bsd.
2026-09-13T16:24:08.5735754Z Preparing to unpack .../85-cups-bsd_2.4.7-1.2ubuntu7.14_amd64.deb ...
2026-09-13T16:24:08.5745676Z Unpacking cups-bsd (2.4.7-1.2ubuntu7.14) ...
2026-09-13T16:24:08.6216559Z Setting up libjcode-pm-perl (2.06-1.1build1) ...
2026-09-13T16:24:08.6247667Z Setting up libpaper1:amd64 (1.1.29build1) ...
2026-09-13T16:24:08.7847983Z 
2026-09-13T16:24:08.7848899Z Creating config file /etc/papersize with new version
2026-09-13T16:24:08.8274330Z Setting up fonts-noto-mono (20201225-2) ...
2026-09-13T16:24:08.8303612Z Setting up fonts-texgyre-math (20180621-6) ...
2026-09-13T16:24:08.8337262Z Setting up libwoff1:amd64 (1.0.2-2build1) ...
2026-09-13T16:24:08.8356952Z Setting up libmujs3:amd64 (1.3.3-3build2) ...
2026-09-13T16:24:08.8376849Z Setting up libpoppler134:amd64 (24.02.0-1ubuntu9.9) ...
2026-09-13T16:24:08.8396977Z Setting up libio-stringy-perl (2.111-3) ...
2026-09-13T16:24:08.8416471Z Setting up libijs-0.35:amd64 (0.35-15.1build1) ...
2026-09-13T16:24:08.8452575Z Setting up cups-common (2.4.7-1.2ubuntu7.14) ...
2026-09-13T16:24:08.8475891Z Setting up preview-latex-style (13.2-1) ...
2026-09-13T16:24:08.8565143Z Setting up libgs-common (10.02.1~dfsg1-0ubuntu7.8) ...
2026-09-13T16:24:08.8586349Z Setting up libfontbox-java (1:1.8.16-5) ...
2026-09-13T16:24:08.8607443Z Setting up libxcb-shape0:amd64 (1.15-1ubuntu2) ...
2026-09-13T16:24:08.8650687Z Setting up libxxf86dga1:amd64 (2:1.1.5-1build1) ...
2026-09-13T16:24:08.8675927Z Setting up libpaper-utils (1.1.29build1) ...
2026-09-13T16:24:08.8698003Z Setting up libmotif-common (2.3.8-3.1build1) ...
2026-09-13T16:24:08.8726225Z Setting up cups-client (2.4.7-1.2ubuntu7.14) ...
2026-09-13T16:24:08.9532065Z info: Selecting GID from range 100 to 999 ...
2026-09-13T16:24:08.9560506Z info: Adding group `lpadmin' (GID 119) ...
2026-09-13T16:24:08.9701536Z Setting up poppler-data (0.4.12-1) ...
2026-09-13T16:24:08.9815909Z Setting up libdigest-perl-md5-perl (1.9-5) ...
2026-09-13T16:24:08.9835316Z Setting up libunicode-map-perl (0.112-13build4) ...
2026-09-13T16:24:08.9854712Z Setting up libzzip-0-13t64:amd64 (0.13.72+dfsg.1-1.2build1) ...
2026-09-13T16:24:08.9874381Z Setting up libjbig2dec0:amd64 (0.20-1ubuntu0.24.04.1) ...
2026-09-13T16:24:08.9895395Z Setting up libgumbo2:amd64 (0.12.0+dfsg-2build1) ...
2026-09-13T16:24:08.9918156Z Setting up libteckit0:amd64 (2.5.12+ds1-1) ...
2026-09-13T16:24:08.9940726Z Setting up libapache-pom-java (29-2) ...
2026-09-13T16:24:08.9960244Z Setting up xfonts-encodings (1:1.0.5-0ubuntu2) ...
2026-09-13T16:24:08.9978533Z Setting up t1utils (1.41-4build3) ...
2026-09-13T16:24:08.9996950Z Setting up libtexlua53-5:amd64 (2023.20230311.66589-9build3) ...
2026-09-13T16:24:09.0018211Z Setting up libcrypt-rc4-perl (2.02-5) ...
2026-09-13T16:24:09.0037073Z Setting up libxv1:amd64 (2:1.0.11-1.1build1) ...
2026-09-13T16:24:09.0094517Z Setting up libidn12:amd64 (1.42-1ubuntu0.1) ...
2026-09-13T16:24:09.0116585Z Setting up libpcsclite1:amd64 (2.0.3-1build1) ...
2026-09-13T16:24:09.0137210Z Setting up fonts-texgyre (20180621-6) ...
2026-09-13T16:24:09.0165711Z Setting up xaw3dg:amd64 (1.5+F-1.1build2) ...
2026-09-13T16:24:09.0186044Z Setting up libkpathsea6:amd64 (2023.20230311.66589-9build3) ...
2026-09-13T16:24:09.0209490Z Setting up libole-storage-lite-perl (0.22-1) ...
2026-09-13T16:24:09.0230626Z Setting up libgif7:amd64 (5.2.2-1ubuntu1.2) ...
2026-09-13T16:24:09.0253819Z Setting up libparse-recdescent-perl (1.967015+dfsg-4) ...
2026-09-13T16:24:09.0275372Z Setting up x11-utils (7.7+6build2) ...
2026-09-13T16:24:09.0370042Z Setting up fonts-lmodern (2.005-1) ...
2026-09-13T16:24:09.0397668Z Setting up libcarp-clan-perl (6.08-2) ...
2026-09-13T16:24:09.0420789Z Setting up fonts-droid-fallback (1:6.0.1r16-1.1build1) ...
2026-09-13T16:24:09.0638076Z Setting up poppler-utils (24.02.0-1ubuntu9.9) ...
2026-09-13T16:24:09.0658782Z Setting up libatk-wrapper-java (0.40.0-3build2) ...
2026-09-13T16:24:09.0681739Z Setting up ca-certificates-java (20240118) ...
2026-09-13T16:24:10.9800127Z Adding debian:ACCVRAIZ1.pem
2026-09-13T16:24:10.9826618Z Adding debian:AC_RAIZ_FNMT-RCM.pem
2026-09-13T16:24:11.0395499Z Adding debian:AC_RAIZ_FNMT-RCM_SERVIDORES_SEGUROS.pem
2026-09-13T16:24:11.0419690Z Adding debian:ANF_Secure_Server_Root_CA.pem
2026-09-13T16:24:11.0442643Z Adding debian:Actalis_Authentication_Root_CA.pem
2026-09-13T16:24:11.0457124Z Adding debian:Amazon_Root_CA_1.pem
2026-09-13T16:24:11.0479038Z Adding debian:Amazon_Root_CA_2.pem
2026-09-13T16:24:11.0489808Z Adding debian:Amazon_Root_CA_3.pem
2026-09-13T16:24:11.0500275Z Adding debian:Amazon_Root_CA_4.pem
2026-09-13T16:24:11.0515997Z Adding debian:Atos_TrustedRoot_2011.pem
2026-09-13T16:24:11.0528077Z Adding debian:Atos_TrustedRoot_Root_CA_ECC_TLS_2021.pem
2026-09-13T16:24:11.0550148Z Adding debian:Atos_TrustedRoot_Root_CA_RSA_TLS_2021.pem
2026-09-13T16:24:11.0576896Z Adding debian:Autoridad_de_Certificacion_Firmaprofesional_CIF_A62634068.pem
2026-09-13T16:24:11.0597823Z Adding debian:BJCA_Global_Root_CA1.pem
2026-09-13T16:24:11.0609717Z Adding debian:BJCA_Global_Root_CA2.pem
2026-09-13T16:24:11.0800732Z Adding debian:Buypass_Class_2_Root_CA.pem
2026-09-13T16:24:11.0822478Z Adding debian:Buypass_Class_3_Root_CA.pem
2026-09-13T16:24:11.0843978Z Adding debian:CA_Disig_Root_R2.pem
2026-09-13T16:24:11.0867333Z Adding debian:CFCA_EV_ROOT.pem
2026-09-13T16:24:11.0878792Z Adding debian:COMODO_ECC_Certification_Authority.pem
2026-09-13T16:24:11.0901154Z Adding debian:COMODO_RSA_Certification_Authority.pem
2026-09-13T16:24:11.0912166Z Adding debian:Certainly_Root_E1.pem
2026-09-13T16:24:11.0937105Z Adding debian:Certainly_Root_R1.pem
2026-09-13T16:24:11.0964796Z Adding debian:Certigna_Root_CA.pem
2026-09-13T16:24:11.0976602Z Adding debian:Certum_EC-384_CA.pem
2026-09-13T16:24:11.0991617Z Adding debian:Certum_Trusted_Network_CA.pem
2026-09-13T16:24:11.1012916Z Adding debian:Certum_Trusted_Network_CA_2.pem
2026-09-13T16:24:11.1033529Z Adding debian:Certum_Trusted_Root_CA.pem
2026-09-13T16:24:11.1046997Z Adding debian:D-TRUST_BR_Root_CA_1_2020.pem
2026-09-13T16:24:11.1068984Z Adding debian:D-TRUST_BR_Root_CA_2_2023.pem
2026-09-13T16:24:11.1082602Z Adding debian:D-TRUST_EV_Root_CA_1_2020.pem
2026-09-13T16:24:11.1106703Z Adding debian:D-TRUST_EV_Root_CA_2_2023.pem
2026-09-13T16:24:11.1130528Z Adding debian:D-TRUST_Root_Class_3_CA_2_2009.pem
2026-09-13T16:24:11.1156012Z Adding debian:D-TRUST_Root_Class_3_CA_2_EV_2009.pem
2026-09-13T16:24:11.1171818Z Adding debian:DigiCert_Assured_ID_Root_G2.pem
2026-09-13T16:24:11.1186499Z Adding debian:DigiCert_Assured_ID_Root_G3.pem
2026-09-13T16:24:11.1206179Z Adding debian:DigiCert_Global_Root_G2.pem
2026-09-13T16:24:11.1220307Z Adding debian:DigiCert_Global_Root_G3.pem
2026-09-13T16:24:11.1233113Z Adding debian:DigiCert_TLS_ECC_P384_Root_G5.pem
2026-09-13T16:24:11.1254096Z Adding debian:DigiCert_TLS_RSA4096_Root_G5.pem
2026-09-13T16:24:11.1282586Z Adding debian:DigiCert_Trusted_Root_G4.pem
2026-09-13T16:24:11.1305920Z Adding debian:Entrust_Root_Certification_Authority.pem
2026-09-13T16:24:11.1325842Z Adding debian:GDCA_TrustAUTH_R5_ROOT.pem
2026-09-13T16:24:11.1344833Z Adding debian:GTS_Root_R1.pem
2026-09-13T16:24:11.1354457Z Adding debian:GTS_Root_R3.pem
2026-09-13T16:24:11.1363672Z Adding debian:GTS_Root_R4.pem
2026-09-13T16:24:11.1373048Z Adding debian:GlobalSign_ECC_Root_CA_-_R4.pem
2026-09-13T16:24:11.1383149Z Adding debian:GlobalSign_ECC_Root_CA_-_R5.pem
2026-09-13T16:24:11.1396185Z Adding debian:GlobalSign_Root_CA_-_R3.pem
2026-09-13T16:24:11.1414849Z Adding debian:GlobalSign_Root_CA_-_R6.pem
2026-09-13T16:24:11.1424703Z Adding debian:GlobalSign_Root_E46.pem
2026-09-13T16:24:11.1445882Z Adding debian:GlobalSign_Root_R46.pem
2026-09-13T16:24:11.1460165Z Adding debian:Go_Daddy_Root_Certificate_Authority_-_G2.pem
2026-09-13T16:24:11.1470244Z Adding debian:HARICA_TLS_ECC_Root_CA_2021.pem
2026-09-13T16:24:11.1489555Z Adding debian:HARICA_TLS_RSA_Root_CA_2021.pem
2026-09-13T16:24:11.1502450Z Adding debian:Hellenic_Academic_and_Research_Institutions_ECC_RootCA_2015.pem
2026-09-13T16:24:11.1524609Z Adding debian:Hellenic_Academic_and_Research_Institutions_RootCA_2015.pem
2026-09-13T16:24:11.1543046Z Adding debian:HiPKI_Root_CA_-_G1.pem
2026-09-13T16:24:11.1563115Z Adding debian:Hongkong_Post_Root_CA_3.pem
2026-09-13T16:24:11.1581904Z Adding debian:ISRG_Root_X1.pem
2026-09-13T16:24:11.1592011Z Adding debian:ISRG_Root_X2.pem
2026-09-13T16:24:11.1610979Z Adding debian:IdenTrust_Commercial_Root_CA_1.pem
2026-09-13T16:24:11.1631963Z Adding debian:IdenTrust_Public_Sector_Root_CA_1.pem
2026-09-13T16:24:11.1651318Z Adding debian:Izenpe.com.pem
2026-09-13T16:24:11.1667334Z Adding debian:Microsec_e-Szigno_Root_CA_2009.pem
2026-09-13T16:24:11.1677607Z Adding debian:Microsoft_ECC_Root_Certificate_Authority_2017.pem
2026-09-13T16:24:11.1697787Z Adding debian:Microsoft_RSA_Root_Certificate_Authority_2017.pem
2026-09-13T16:24:11.1718400Z Adding debian:NAVER_Global_Root_Certification_Authority.pem
2026-09-13T16:24:11.1744157Z Adding debian:NetLock_Arany_=Class_Gold=_Főtanúsítvány.pem
2026-09-13T16:24:11.1753723Z Adding debian:OISTE_Server_Root_ECC_G1.pem
2026-09-13T16:24:11.1773089Z Adding debian:OISTE_Server_Root_RSA_G1.pem
2026-09-13T16:24:11.1787546Z Adding debian:OISTE_WISeKey_Global_Root_GB_CA.pem
2026-09-13T16:24:11.1799120Z Adding debian:OISTE_WISeKey_Global_Root_GC_CA.pem
2026-09-13T16:24:11.1818532Z Adding debian:QuoVadis_Root_CA_1_G3.pem
2026-09-13T16:24:11.1838122Z Adding debian:QuoVadis_Root_CA_2_G3.pem
2026-09-13T16:24:11.1856355Z Adding debian:QuoVadis_Root_CA_3_G3.pem
2026-09-13T16:24:11.1868060Z Adding debian:SSL.com_EV_Root_Certification_Authority_ECC.pem
2026-09-13T16:24:11.1888270Z Adding debian:SSL.com_EV_Root_Certification_Authority_RSA_R2.pem
2026-09-13T16:24:11.1898669Z Adding debian:SSL.com_Root_Certification_Authority_ECC.pem
2026-09-13T16:24:11.1922441Z Adding debian:SSL.com_Root_Certification_Authority_RSA.pem
2026-09-13T16:24:11.1933192Z Adding debian:SSL.com_TLS_ECC_Root_CA_2022.pem
2026-09-13T16:24:11.1951586Z Adding debian:SSL.com_TLS_RSA_Root_CA_2022.pem
2026-09-13T16:24:11.1964238Z Adding debian:SZAFIR_ROOT_CA2.pem
2026-09-13T16:24:11.1974132Z Adding debian:Sectigo_Public_Server_Authentication_Root_E46.pem
2026-09-13T16:24:11.1993827Z Adding debian:Sectigo_Public_Server_Authentication_Root_R46.pem
2026-09-13T16:24:11.2008267Z Adding debian:SecureSign_Root_CA12.pem
2026-09-13T16:24:11.2026381Z Adding debian:SecureSign_Root_CA14.pem
2026-09-13T16:24:11.2038808Z Adding debian:SecureSign_Root_CA15.pem
2026-09-13T16:24:11.2051193Z Adding debian:Security_Communication_ECC_RootCA1.pem
2026-09-13T16:24:11.2070719Z Adding debian:Security_Communication_RootCA2.pem
2026-09-13T16:24:11.2091497Z Adding debian:Starfield_Root_Certificate_Authority_-_G2.pem
2026-09-13T16:24:11.2112353Z Adding debian:Starfield_Services_Root_Certificate_Authority_-_G2.pem
2026-09-13T16:24:11.2140384Z Adding debian:SwissSign_RSA_TLS_Root_CA_2022_-_1.pem
2026-09-13T16:24:11.2155826Z Adding debian:T-TeleSec_GlobalRoot_Class_2.pem
2026-09-13T16:24:11.2174961Z Adding debian:T-TeleSec_GlobalRoot_Class_3.pem
2026-09-13T16:24:11.2195075Z Adding debian:TUBITAK_Kamu_SM_SSL_Kok_Sertifikasi_-_Surum_1.pem
2026-09-13T16:24:11.2219734Z Adding debian:TWCA_CYBER_Root_CA.pem
2026-09-13T16:24:11.2243174Z Adding debian:TWCA_Global_Root_CA.pem
2026-09-13T16:24:11.2259369Z Adding debian:TWCA_Root_Certification_Authority.pem
2026-09-13T16:24:11.2272242Z Adding debian:Telekom_Security_TLS_ECC_Root_2020.pem
2026-09-13T16:24:11.2303526Z Adding debian:Telekom_Security_TLS_RSA_Root_2023.pem
2026-09-13T16:24:11.2330798Z Adding debian:Telia_Root_CA_v2.pem
2026-09-13T16:24:11.2348439Z Adding debian:TrustAsia_Global_Root_CA_G3.pem
2026-09-13T16:24:11.2360316Z Adding debian:TrustAsia_Global_Root_CA_G4.pem
2026-09-13T16:24:11.2385052Z Adding debian:TrustAsia_TLS_ECC_Root_CA.pem
2026-09-13T16:24:11.2396481Z Adding debian:TrustAsia_TLS_RSA_Root_CA.pem
2026-09-13T16:24:11.2421153Z Adding debian:TunTrust_Root_CA.pem
2026-09-13T16:24:11.2444145Z Adding debian:UCA_Extended_Validation_Root.pem
2026-09-13T16:24:11.2467054Z Adding debian:UCA_Global_G2_Root.pem
2026-09-13T16:24:11.2489105Z Adding debian:USERTrust_ECC_Certification_Authority.pem
2026-09-13T16:24:11.2513231Z Adding debian:USERTrust_RSA_Certification_Authority.pem
2026-09-13T16:24:11.2531395Z Adding debian:certSIGN_Root_CA_G2.pem
2026-09-13T16:24:11.2541981Z Adding debian:e-Szigno_Root_CA_2017.pem
2026-09-13T16:24:11.2555347Z Adding debian:e-Szigno_TLS_Root_CA_2023.pem
2026-09-13T16:24:11.2579445Z Adding debian:ePKI_Root_Certification_Authority.pem
2026-09-13T16:24:11.2590654Z Adding debian:emSign_ECC_Root_CA_-_C3.pem
2026-09-13T16:24:11.2603595Z Adding debian:emSign_ECC_Root_CA_-_G3.pem
2026-09-13T16:24:11.2623666Z Adding debian:emSign_Root_CA_-_C1.pem
2026-09-13T16:24:11.2635487Z Adding debian:emSign_Root_CA_-_G1.pem
2026-09-13T16:24:11.2644789Z Adding debian:vTrus_ECC_Root_CA.pem
2026-09-13T16:24:11.2666909Z Adding debian:vTrus_Root_CA.pem
2026-09-13T16:24:11.3554116Z done.
2026-09-13T16:24:11.3583374Z Setting up libdate-manip-perl (6.95-1) ...
2026-09-13T16:24:11.3603358Z Setting up libxm4:amd64 (2.3.8-3.1build1) ...
2026-09-13T16:24:11.3624014Z Setting up libsynctex2:amd64 (2023.20230311.66589-9build3) ...
2026-09-13T16:24:11.3644632Z Setting up libpotrace0:amd64 (1.16-2build1) ...
2026-09-13T16:24:11.3665725Z Setting up libpdfbox-java (1:1.8.16-5) ...
2026-09-13T16:24:11.3687380Z Setting up openjdk-21-jre-headless:amd64 (21.0.12+8-1~24.04) ...
2026-09-13T16:24:11.4381081Z Setting up cups-bsd (2.4.7-1.2ubuntu7.14) ...
2026-09-13T16:24:11.5314366Z Setting up libcommons-parent-java (56-1) ...
2026-09-13T16:24:11.5335856Z Setting up libcommons-logging-java (1.3.0-1ubuntu1) ...
2026-09-13T16:24:11.5356588Z Setting up xfonts-utils (1:7.7+6build3) ...
2026-09-13T16:24:11.5401807Z Setting up mupdf-tools (1.23.10+ds1-1build3) ...
2026-09-13T16:24:11.5423962Z Setting up libspreadsheet-writeexcel-perl (2.40-4) ...
2026-09-13T16:24:11.5445086Z Setting up libatk-wrapper-java-jni:amd64 (0.40.0-3build2) ...
2026-09-13T16:24:11.5469192Z Setting up libbit-vector-perl:amd64 (7.4-3build1) ...
2026-09-13T16:24:11.5494685Z Setting up libptexenc1:amd64 (2023.20230311.66589-9build3) ...
2026-09-13T16:24:11.5518349Z Setting up libspreadsheet-parseexcel-perl (0.6600-1) ...
2026-09-13T16:24:11.5542453Z Setting up texlive-binaries (2023.20230311.66589-9build3) ...
2026-09-13T16:24:11.5608977Z update-alternatives: using /usr/bin/xdvi-xaw to provide /usr/bin/xdvi.bin (xdvi.bin) in auto mode
2026-09-13T16:24:11.5654852Z update-alternatives: using /usr/bin/bibtex.original to provide /usr/bin/bibtex (bibtex) in auto mode
2026-09-13T16:24:11.5698379Z Setting up lmodern (2.005-1) ...
2026-09-13T16:24:11.7385791Z Setting up xpdf (3.04+git20240202-1build3) ...
2026-09-13T16:24:11.7419992Z Setting up texlive-base (2023.20240207-1) ...
2026-09-13T16:24:12.5268823Z tl-paper: setting paper size for dvips to a4: /var/lib/texmf/dvips/config/config-paper.ps
2026-09-13T16:24:12.7325354Z tl-paper: setting paper size for dvipdfmx to a4: /var/lib/texmf/dvipdfmx/dvipdfmx-paper.cfg
2026-09-13T16:24:12.9370310Z tl-paper: setting paper size for xdvi to a4: /var/lib/texmf/xdvi/XDvi-paper
2026-09-13T16:24:13.1404602Z tl-paper: setting paper size for pdftex to a4: /var/lib/texmf/tex/generic/tex-ini-files/pdftexconfig.tex
2026-09-13T16:24:13.6235986Z Setting up tex-gyre (20180621-6) ...
2026-09-13T16:24:13.7633532Z Setting up libdate-calc-perl (6.4-2) ...
2026-09-13T16:24:13.7652296Z Setting up libdate-calc-xs-perl:amd64 (6.4-2build4) ...
2026-09-13T16:24:13.7671822Z Setting up texlive-plain-generic (2023.20240207-1) ...
2026-09-13T16:24:13.7711861Z Setting up fonts-urw-base35 (20200910-8) ...
2026-09-13T16:24:13.9933915Z Setting up texlive-latex-base (2023.20240207-1) ...
2026-09-13T16:24:14.0000775Z Setting up texlive-latex-recommended (2023.20240207-1) ...
2026-09-13T16:24:14.0038017Z Setting up texlive-pictures (2023.20240207-1) ...
2026-09-13T16:24:14.0090581Z Setting up texlive-fonts-recommended (2023.20240207-1) ...
2026-09-13T16:24:14.0141372Z Setting up tipa (2:1.3-21) ...
2026-09-13T16:24:14.0225559Z Setting up libgs10-common (10.02.1~dfsg1-0ubuntu7.8) ...
2026-09-13T16:24:14.0246371Z Setting up latexmk (1:4.83-1) ...
2026-09-13T16:24:14.0282457Z Setting up texlive-latex-extra (2023.20240207-1) ...
2026-09-13T16:24:14.0351458Z Setting up libgs10:amd64 (10.02.1~dfsg1-0ubuntu7.8) ...
2026-09-13T16:24:14.0372768Z Setting up dvisvgm (3.2.1+ds-1build1) ...
2026-09-13T16:24:14.0393565Z Setting up ghostscript (10.02.1~dfsg1-0ubuntu7.8) ...
2026-09-13T16:24:14.0461552Z Setting up gv (1:3.7.4-2build2) ...
2026-09-13T16:24:14.0598141Z Processing triggers for man-db (2.12.0-4build2) ...
2026-09-13T16:24:14.0631877Z Not building database; man-db/auto-update is not 'true'.
2026-09-13T16:24:14.0650426Z Processing triggers for tex-common (6.18) ...
2026-09-13T16:24:14.2642211Z Running mktexlsr. This may take some time... done.
2026-09-13T16:24:14.7250535Z Running updmap-sys. This may take some time... done.
2026-09-13T16:24:14.7498301Z Running mktexlsr /var/lib/texmf ... done.
2026-09-13T16:24:14.8321981Z Building format(s) --all.
2026-09-13T16:24:57.4163868Z 	This may take some time... done.
2026-09-13T16:24:57.4255271Z Processing triggers for install-info (7.1-3build2) ...
2026-09-13T16:24:57.8043132Z Processing triggers for fontconfig (2.15.0-1.1ubuntu2) ...
2026-09-13T16:24:58.2283278Z Processing triggers for hicolor-icon-theme (0.17-2) ...
2026-09-13T16:24:58.4189225Z Processing triggers for libc-bin (2.39-0ubuntu8.8) ...
2026-09-13T16:24:58.5408179Z Processing triggers for ca-certificates-java (20240118) ...
2026-09-13T16:24:58.5755865Z done.
2026-09-13T16:24:58.5799858Z Setting up openjdk-21-jre:amd64 (21.0.12+8-1~24.04) ...
2026-09-13T16:24:58.5856086Z Setting up default-jre-headless (2:1.21-75+exp1) ...
2026-09-13T16:24:58.5889320Z Setting up default-jre (2:1.21-75+exp1) ...
2026-09-13T16:24:59.6331805Z 
2026-09-13T16:24:59.6332349Z Running kernel seems to be up-to-date.
2026-09-13T16:24:59.6332620Z 
2026-09-13T16:24:59.6332742Z No services need to be restarted.
2026-09-13T16:24:59.6332935Z 
2026-09-13T16:24:59.6333049Z No containers need to be restarted.
2026-09-13T16:24:59.6333249Z 
2026-09-13T16:24:59.6333390Z No user sessions are running outdated binaries.
2026-09-13T16:24:59.6333628Z 
2026-09-13T16:24:59.6333855Z No VM guests are running outdated hypervisor (qemu) binaries on this host.
2026-09-13T16:25:00.5321730Z ##[group]Run uv run cffconvert --validate --infile CITATION.cff
2026-09-13T16:25:00.5322251Z [36;1muv run cffconvert --validate --infile CITATION.cff[0m
2026-09-13T16:25:00.5361602Z shell: /usr/bin/bash -e {0}
2026-09-13T16:25:00.5361864Z env:
2026-09-13T16:25:00.5362148Z   UV_PYTHON_INSTALL_DIR: /home/runner/work/_temp/uv-python-dir
2026-09-13T16:25:00.5362501Z   UV_PYTHON: 3.12
2026-09-13T16:25:00.5362771Z   UV_CACHE_DIR: /home/runner/work/_temp/setup-uv-cache
2026-09-13T16:25:00.5363076Z ##[endgroup]
2026-09-13T16:25:01.1795499Z Citation metadata are valid according to schema version 1.2.0.
2026-09-13T16:25:01.2123420Z ##[group]Run uv pip install --python .venv/bin/python --no-config --require-hashes --torch-backend cu129 --overrides requirements-formal.lock --dry-run -r requirements-formal.lock
2026-09-13T16:25:01.2125784Z [36;1muv pip install --python .venv/bin/python --no-config --require-hashes --torch-backend cu129 --overrides requirements-formal.lock --dry-run -r requirements-formal.lock[0m
2026-09-13T16:25:01.2128111Z [36;1muv pip install --python .venv/bin/python --no-config --no-deps --require-hashes --no-build-isolation-package flash-attn --dry-run -r requirements-formal-flash.txt[0m
2026-09-13T16:25:01.2184614Z shell: /usr/bin/bash -e {0}
2026-09-13T16:25:01.2185057Z env:
2026-09-13T16:25:01.2185534Z   UV_PYTHON_INSTALL_DIR: /home/runner/work/_temp/uv-python-dir
2026-09-13T16:25:01.2186175Z   UV_PYTHON: 3.12
2026-09-13T16:25:01.2186650Z   UV_CACHE_DIR: /home/runner/work/_temp/setup-uv-cache
2026-09-13T16:25:01.2187218Z ##[endgroup]
2026-09-13T16:25:01.9873744Z Resolved 113 packages in 708ms
2026-09-13T16:25:01.9897411Z Would download 41 packages
2026-09-13T16:25:01.9897835Z Would uninstall 39 packages
2026-09-13T16:25:01.9898236Z Would install 42 packages
2026-09-13T16:25:01.9922509Z  - accelerate==1.14.0
2026-09-13T16:25:01.9922945Z  + accelerate==1.13.0
2026-09-13T16:25:01.9923308Z  - click==8.4.2
2026-09-13T16:25:01.9923941Z  + click==8.5.0
2026-09-13T16:25:01.9924273Z  - coverage==7.15.4
2026-09-13T16:25:01.9924628Z  + coverage==7.16.0
2026-09-13T16:25:01.9924967Z  - datasets==4.8.5
2026-09-13T16:25:01.9925302Z  + datasets==4.8.4
2026-09-13T16:25:01.9925643Z  - filelock==3.32.3
2026-09-13T16:25:01.9925987Z  + filelock==3.32.4
2026-09-13T16:25:01.9926319Z  + gitdb==4.0.12
2026-09-13T16:25:01.9926658Z  + gitpython==3.1.61
2026-09-13T16:25:01.9927100Z  - huggingface-hub==1.27.0
2026-09-13T16:25:01.9927514Z  + huggingface-hub==1.29.0
2026-09-13T16:25:01.9927900Z  - idna==3.18
2026-09-13T16:25:01.9928253Z  + idna==3.19
2026-09-13T16:25:01.9928680Z  - kiwisolver==1.5.0
2026-09-13T16:25:01.9929058Z  + kiwisolver==1.5.1
2026-09-13T16:25:01.9929474Z  - mteb==2.19.3
2026-09-13T16:25:01.9930260Z  + mteb==2.18.16
2026-09-13T16:25:01.9930764Z  - narwhals==2.24.0
2026-09-13T16:25:01.9931139Z  + narwhals==2.25.0
2026-09-13T16:25:01.9931650Z  - numkong==7.8.0
2026-09-13T16:25:01.9932127Z  + numkong==7.8.1
2026-09-13T16:25:01.9932590Z  - nvidia-cublas-cu12==12.8.4.1
2026-09-13T16:25:01.9933132Z  + nvidia-cublas-cu12==12.9.1.4
2026-09-13T16:25:01.9933585Z  - nvidia-cuda-cupti-cu12==12.8.90
2026-09-13T16:25:01.9934058Z  + nvidia-cuda-cupti-cu12==12.9.79
2026-09-13T16:25:01.9934515Z  - nvidia-cuda-nvrtc-cu12==12.8.93
2026-09-13T16:25:01.9934969Z  + nvidia-cuda-nvrtc-cu12==12.9.86
2026-09-13T16:25:01.9935434Z  - nvidia-cuda-runtime-cu12==12.8.90
2026-09-13T16:25:01.9935923Z  + nvidia-cuda-runtime-cu12==12.9.79
2026-09-13T16:25:01.9936384Z  - nvidia-cufft-cu12==11.3.3.83
2026-09-13T16:25:01.9936818Z  + nvidia-cufft-cu12==11.4.1.4
2026-09-13T16:25:01.9937317Z  - nvidia-cufile-cu12==1.13.1.3
2026-09-13T16:25:01.9937764Z  + nvidia-cufile-cu12==1.14.1.1
2026-09-13T16:25:01.9938375Z  - nvidia-curand-cu12==10.3.9.90
2026-09-13T16:25:01.9938850Z  + nvidia-curand-cu12==10.3.10.19
2026-09-13T16:25:01.9939415Z  - nvidia-cusolver-cu12==11.7.3.90
2026-09-13T16:25:01.9940088Z  + nvidia-cusolver-cu12==11.7.5.82
2026-09-13T16:25:01.9940566Z  - nvidia-cusparse-cu12==12.5.8.93
2026-09-13T16:25:01.9941046Z  + nvidia-cusparse-cu12==12.5.10.65
2026-09-13T16:25:01.9941511Z  - nvidia-nvjitlink-cu12==12.8.93
2026-09-13T16:25:01.9941963Z  + nvidia-nvjitlink-cu12==12.9.86
2026-09-13T16:25:01.9942404Z  - nvidia-nvtx-cu12==12.8.90
2026-09-13T16:25:01.9942829Z  + nvidia-nvtx-cu12==12.9.79
2026-09-13T16:25:01.9943247Z  - platformdirs==4.11.3
2026-09-13T16:25:01.9943636Z  + platformdirs==4.11.5
2026-09-13T16:25:01.9944010Z  - polars==1.43.2
2026-09-13T16:25:01.9944468Z  + polars==1.44.1
2026-09-13T16:25:01.9944858Z  - polars-runtime-32==1.43.2
2026-09-13T16:25:01.9945411Z  + polars-runtime-32==1.44.1
2026-09-13T16:25:01.9946139Z  - protobuf==7.35.1
2026-09-13T16:25:01.9946509Z  + protobuf==7.36.0
2026-09-13T16:25:01.9946863Z  - pydantic==2.13.4
2026-09-13T16:25:01.9947213Z  + pydantic==2.13.5
2026-09-13T16:25:01.9947636Z  - pydantic-core==2.46.4
2026-09-13T16:25:01.9948099Z  + pydantic-core==2.46.5
2026-09-13T16:25:01.9948478Z  - pygments==2.20.0
2026-09-13T16:25:01.9948912Z  + pygments==2.21.0
2026-09-13T16:25:01.9949438Z  - regex==2026.7.19
2026-09-13T16:25:01.9950069Z  + regex==2026.8.31
2026-09-13T16:25:01.9950431Z  - ruff==0.16.3
2026-09-13T16:25:01.9950874Z  + ruff==0.16.5
2026-09-13T16:25:01.9951239Z  - scipy==1.18.0
2026-09-13T16:25:01.9951663Z  + scipy==1.18.1
2026-09-13T16:25:01.9952185Z  - sentry-sdk==2.68.0
2026-09-13T16:25:01.9952666Z  + sentry-sdk==2.68.1
2026-09-13T16:25:01.9953043Z  - setuptools==81.0.0
2026-09-13T16:25:01.9953414Z  + setuptools==84.0.0
2026-09-13T16:25:01.9953853Z  + smmap==5.0.3
2026-09-13T16:25:01.9954282Z  - torch==2.9.0
2026-09-13T16:25:01.9954618Z  + torch==2.9.1+cu129
2026-09-13T16:25:01.9955031Z  - triton==3.5.0
2026-09-13T16:25:01.9955440Z  + triton==3.5.1
2026-09-13T16:25:01.9955872Z  - typer==0.27.1
2026-09-13T16:25:01.9956372Z  + typer==0.27.2
2026-09-13T16:25:01.9956729Z  - wandb==0.28.2
2026-09-13T16:25:01.9957306Z  + wandb==0.26.1
2026-09-13T16:25:01.9957640Z  - xxhash==4.0.0
2026-09-13T16:25:01.9958175Z  + xxhash==4.0.1
2026-09-13T16:25:02.0584089Z Resolved 1 package in 48ms
2026-09-13T16:25:02.0584572Z Would download 1 package
2026-09-13T16:25:02.0584982Z Would install 1 package
2026-09-13T16:25:02.0585380Z  + flash-attn==2.7.4.post1
2026-09-13T16:25:02.0631069Z ##[group]Run uv pip install --python .venv/bin/python --no-config --require-hashes --torch-backend cu129 --overrides requirements-formal.lock -r requirements-formal.lock
2026-09-13T16:25:02.0632321Z [36;1muv pip install --python .venv/bin/python --no-config --require-hashes --torch-backend cu129 --overrides requirements-formal.lock -r requirements-formal.lock[0m
2026-09-13T16:25:02.0633325Z [36;1muv pip install --python .venv/bin/python --no-config --no-deps --require-hashes -r requirements-ci-flash-wheel.txt[0m
2026-09-13T16:25:02.0634155Z [36;1muv pip install --python .venv/bin/python --no-config --no-deps --require-hashes -r requirements-primary-replay.txt[0m
2026-09-13T16:25:02.0635399Z [36;1m.venv/bin/python -c 'import torch; import flash_attn_2_cuda; assert torch.version.cuda == "12.9"; assert torch._C._GLIBCXX_USE_CXX11_ABI; assert all(callable(getattr(flash_attn_2_cuda, n)) for n in ("fwd", "varlen_fwd", "bwd", "varlen_bwd", "fwd_kvcache"))'[0m
2026-09-13T16:25:02.0636541Z [36;1m.venv/bin/python -m embed_optim.runtime --spec configs/formal_runtime.json[0m
2026-09-13T16:25:02.0674601Z shell: /usr/bin/bash -e {0}
2026-09-13T16:25:02.0674863Z env:
2026-09-13T16:25:02.0675156Z   UV_PYTHON_INSTALL_DIR: /home/runner/work/_temp/uv-python-dir
2026-09-13T16:25:02.0675514Z   UV_PYTHON: 3.12
2026-09-13T16:25:02.0675775Z   UV_CACHE_DIR: /home/runner/work/_temp/setup-uv-cache
2026-09-13T16:25:02.0676095Z   CUDA_VISIBLE_DEVICES: 
2026-09-13T16:25:02.0676326Z ##[endgroup]
2026-09-13T16:25:02.1011685Z Resolved 113 packages in 17ms
2026-09-13T16:25:02.1751439Z Downloading pydantic-core (2.0MiB)
2026-09-13T16:25:02.1833580Z Downloading nvidia-cublas-cu12 (554.3MiB)
2026-09-13T16:25:02.1834513Z Downloading nvidia-cuda-nvrtc-cu12 (85.4MiB)
2026-09-13T16:25:02.1835791Z Downloading pygments (1.2MiB)
2026-09-13T16:25:02.1836483Z Downloading nvidia-cusparse-cu12 (349.5MiB)
2026-09-13T16:25:02.1838587Z Downloading nvidia-cuda-runtime-cu12 (3.3MiB)
2026-09-13T16:25:02.1839493Z Downloading wandb (25.9MiB)
2026-09-13T16:25:02.1841060Z Downloading nvidia-cufft-cu12 (191.6MiB)
2026-09-13T16:25:02.1842835Z Downloading nvidia-cuda-cupti-cu12 (10.3MiB)
2026-09-13T16:25:02.1851366Z Downloading kiwisolver (1.4MiB)
2026-09-13T16:25:02.1853964Z Downloading scipy (33.7MiB)
2026-09-13T16:25:02.1855695Z Downloading nvidia-cufile-cu12 (1.2MiB)
2026-09-13T16:25:02.1857081Z Downloading nvidia-curand-cu12 (65.1MiB)
2026-09-13T16:25:02.1858933Z Downloading nvidia-cusolver-cu12 (322.5MiB)
2026-09-13T16:25:02.1863073Z Downloading polars-runtime-32 (55.8MiB)
2026-09-13T16:25:02.1866918Z Downloading ruff (9.8MiB)
2026-09-13T16:25:02.1869199Z Downloading nvidia-nvjitlink-cu12 (37.9MiB)
2026-09-13T16:25:02.1876839Z Downloading triton (162.6MiB)
2026-09-13T16:25:02.2488927Z Downloading mteb (5.8MiB)
2026-09-13T16:25:02.2613819Z Downloading numkong (10.0MiB)
2026-09-13T16:25:02.2614808Z Downloading torch (1.2GiB)
2026-09-13T16:25:02.4029310Z  Downloaded nvidia-cufile-cu12
2026-09-13T16:25:02.4030315Z  Downloaded pygments
2026-09-13T16:25:02.4052581Z  Downloaded kiwisolver
2026-09-13T16:25:02.4536498Z  Downloaded pydantic-core
2026-09-13T16:25:02.5069800Z  Downloaded nvidia-cuda-runtime-cu12
2026-09-13T16:25:02.8645444Z  Downloaded nvidia-cuda-cupti-cu12
2026-09-13T16:25:02.8646302Z  Downloaded ruff
2026-09-13T16:25:03.0385841Z  Downloaded mteb
2026-09-13T16:25:03.2850500Z  Downloaded numkong
2026-09-13T16:25:03.5773568Z  Downloaded wandb
2026-09-13T16:25:03.8223893Z  Downloaded scipy
2026-09-13T16:25:03.9118767Z  Downloaded nvidia-nvjitlink-cu12
2026-09-13T16:25:04.4320868Z  Downloaded polars-runtime-32
2026-09-13T16:25:04.5961091Z  Downloaded nvidia-curand-cu12
2026-09-13T16:25:05.0732285Z  Downloaded nvidia-cuda-nvrtc-cu12
2026-09-13T16:25:06.4430192Z  Downloaded triton
2026-09-13T16:25:06.6904395Z  Downloaded nvidia-cufft-cu12
2026-09-13T16:25:08.5199132Z  Downloaded nvidia-cusolver-cu12
2026-09-13T16:25:08.5200026Z  Downloaded nvidia-cusparse-cu12
2026-09-13T16:25:09.7602093Z  Downloaded nvidia-cublas-cu12
2026-09-13T16:25:13.6062376Z  Downloaded torch
2026-09-13T16:25:13.6743388Z Prepared 41 packages in 11.57s
2026-09-13T16:25:14.5478718Z Uninstalled 39 packages in 873ms
2026-09-13T16:25:15.4234813Z Installed 42 packages in 851ms
2026-09-13T16:25:15.4237851Z  - accelerate==1.14.0
2026-09-13T16:25:15.4238381Z  + accelerate==1.13.0
2026-09-13T16:25:15.4238845Z  - click==8.4.2
2026-09-13T16:25:15.4239269Z  + click==8.5.0
2026-09-13T16:25:15.4239904Z  - coverage==7.15.4
2026-09-13T16:25:15.4240361Z  + coverage==7.16.0
2026-09-13T16:25:15.4240796Z  - datasets==4.8.5
2026-09-13T16:25:15.4241224Z  + datasets==4.8.4
2026-09-13T16:25:15.4241651Z  - filelock==3.32.3
2026-09-13T16:25:15.4242072Z  + filelock==3.32.4
2026-09-13T16:25:15.4242483Z  + gitdb==4.0.12
2026-09-13T16:25:15.4242907Z  + gitpython==3.1.61
2026-09-13T16:25:15.4243389Z  - huggingface-hub==1.27.0
2026-09-13T16:25:15.4243876Z  + huggingface-hub==1.29.0
2026-09-13T16:25:15.4244352Z  - idna==3.18
2026-09-13T16:25:15.4244750Z  + idna==3.19
2026-09-13T16:25:15.4245161Z  - kiwisolver==1.5.0
2026-09-13T16:25:15.4245610Z  + kiwisolver==1.5.1
2026-09-13T16:25:15.4246255Z  - mteb==2.19.3
2026-09-13T16:25:15.4247015Z  + mteb==2.18.16
2026-09-13T16:25:15.4247540Z  - narwhals==2.24.0
2026-09-13T16:25:15.4248064Z  + narwhals==2.25.0
2026-09-13T16:25:15.4248624Z  - numkong==7.8.0
2026-09-13T16:25:15.4249143Z  + numkong==7.8.1
2026-09-13T16:25:15.4249903Z  - nvidia-cublas-cu12==12.8.4.1
2026-09-13T16:25:15.4250547Z  + nvidia-cublas-cu12==12.9.1.4
2026-09-13T16:25:15.4251170Z  - nvidia-cuda-cupti-cu12==12.8.90
2026-09-13T16:25:15.4251830Z  + nvidia-cuda-cupti-cu12==12.9.79
2026-09-13T16:25:15.4252462Z  - nvidia-cuda-nvrtc-cu12==12.8.93
2026-09-13T16:25:15.4253089Z  + nvidia-cuda-nvrtc-cu12==12.9.86
2026-09-13T16:25:15.4253734Z  - nvidia-cuda-runtime-cu12==12.8.90
2026-09-13T16:25:15.4254401Z  + nvidia-cuda-runtime-cu12==12.9.79
2026-09-13T16:25:15.4255039Z  - nvidia-cufft-cu12==11.3.3.83
2026-09-13T16:25:15.4255637Z  + nvidia-cufft-cu12==11.4.1.4
2026-09-13T16:25:15.4256243Z  - nvidia-cufile-cu12==1.13.1.3
2026-09-13T16:25:15.4256843Z  + nvidia-cufile-cu12==1.14.1.1
2026-09-13T16:25:15.4257446Z  - nvidia-curand-cu12==10.3.9.90
2026-09-13T16:25:15.4258061Z  + nvidia-curand-cu12==10.3.10.19
2026-09-13T16:25:15.4258699Z  - nvidia-cusolver-cu12==11.7.3.90
2026-09-13T16:25:15.4259323Z  + nvidia-cusolver-cu12==11.7.5.82
2026-09-13T16:25:15.4260169Z  - nvidia-cusparse-cu12==12.5.8.93
2026-09-13T16:25:15.4260807Z  + nvidia-cusparse-cu12==12.5.10.65
2026-09-13T16:25:15.4261452Z  - nvidia-nvjitlink-cu12==12.8.93
2026-09-13T16:25:15.4262055Z  + nvidia-nvjitlink-cu12==12.9.86
2026-09-13T16:25:15.4262654Z  - nvidia-nvtx-cu12==12.8.90
2026-09-13T16:25:15.4263270Z  + nvidia-nvtx-cu12==12.9.79
2026-09-13T16:25:15.4263865Z  - platformdirs==4.11.3
2026-09-13T16:25:15.4264433Z  + platformdirs==4.11.5
2026-09-13T16:25:15.4264979Z  - polars==1.43.2
2026-09-13T16:25:15.4265488Z  + polars==1.44.1
2026-09-13T16:25:15.4266028Z  - polars-runtime-32==1.43.2
2026-09-13T16:25:15.4266789Z  + polars-runtime-32==1.44.1
2026-09-13T16:25:15.4267383Z  - protobuf==7.35.1
2026-09-13T16:25:15.4267919Z  + protobuf==7.36.0
2026-09-13T16:25:15.4268448Z  - pydantic==2.13.4
2026-09-13T16:25:15.4269131Z  + pydantic==2.13.5
2026-09-13T16:25:15.4270089Z  - pydantic-core==2.46.4
2026-09-13T16:25:15.4270747Z  + pydantic-core==2.46.5
2026-09-13T16:25:15.4271408Z  - pygments==2.20.0
2026-09-13T16:25:15.4271977Z  + pygments==2.21.0
2026-09-13T16:25:15.4272521Z  - regex==2026.7.19
2026-09-13T16:25:15.4273059Z  + regex==2026.8.31
2026-09-13T16:25:15.4273634Z  - ruff==0.16.3
2026-09-13T16:25:15.4274248Z  + ruff==0.16.5
2026-09-13T16:25:15.4274789Z  - scipy==1.18.0
2026-09-13T16:25:15.4275338Z  + scipy==1.18.1
2026-09-13T16:25:15.4275862Z  - sentry-sdk==2.68.0
2026-09-13T16:25:15.4276385Z  + sentry-sdk==2.68.1
2026-09-13T16:25:15.4277303Z  - setuptools==81.0.0
2026-09-13T16:25:15.4277869Z  + setuptools==84.0.0
2026-09-13T16:25:15.4278469Z  + smmap==5.0.3
2026-09-13T16:25:15.4279307Z  - torch==2.9.0
2026-09-13T16:25:15.4280447Z  + torch==2.9.1+cu129
2026-09-13T16:25:15.4281387Z  - triton==3.5.0
2026-09-13T16:25:15.4287790Z  + triton==3.5.1
2026-09-13T16:25:15.4288870Z  - typer==0.27.1
2026-09-13T16:25:15.4289528Z  + typer==0.27.2
2026-09-13T16:25:15.4290587Z  - wandb==0.28.2
2026-09-13T16:25:15.4291540Z  + wandb==0.26.1
2026-09-13T16:25:15.4292253Z  - xxhash==4.0.0
2026-09-13T16:25:15.4293032Z  + xxhash==4.0.1
2026-09-13T16:25:19.9244177Z Resolved 1 package in 4.19s
2026-09-13T16:25:20.1587606Z Downloading flash-attn (183.9MiB)
2026-09-13T16:25:23.0823283Z  Downloaded flash-attn
2026-09-13T16:25:23.0825495Z Prepared 1 package in 3.15s
2026-09-13T16:25:23.0857431Z Installed 1 package in 3ms
2026-09-13T16:25:23.0859316Z  + flash-attn==2.7.4.post1 (from https://huggingface.co/datasets/qcz/embedding-optimizer-study-analysis-artifacts/resolve/18c1ab7abc636d2542be6831591f31c171c7dcf6/runtime/flash-attention-2.7.4.post1-cu129-cp312-v1/c097029fa6c92cdcb690eba43c2c5ae93cec52dd70caeafd834ae2aaa4a97a2d/flash_attn-2.7.4.post1-cp312-cp312-linux_x86_64.whl)
2026-09-13T16:25:23.0973632Z Resolved 1 package in 1ms
2026-09-13T16:25:23.2002870Z Prepared 1 package in 102ms
2026-09-13T16:25:23.2032080Z Uninstalled 1 package in 2ms
2026-09-13T16:25:23.2083907Z Installed 1 package in 5ms
2026-09-13T16:25:23.2084395Z  - huggingface-hub==1.29.0
2026-09-13T16:25:23.2084835Z  + huggingface-hub==1.28.0
2026-09-13T16:25:27.9400942Z {
2026-09-13T16:25:27.9401512Z   "problems": [],
2026-09-13T16:25:27.9401910Z   "runtime": {
2026-09-13T16:25:27.9402305Z     "packages": {
2026-09-13T16:25:27.9402757Z       "accelerate": "1.13.0",
2026-09-13T16:25:27.9403298Z       "datasets": "4.8.4",
2026-09-13T16:25:27.9403843Z       "fast-plaid": "1.6.0.290",
2026-09-13T16:25:27.9404410Z       "flash-attn": "2.7.4.post1",
2026-09-13T16:25:27.9405027Z       "late-interaction-kernels": "0.4.5",
2026-09-13T16:25:27.9405659Z       "mteb": "2.18.16",
2026-09-13T16:25:27.9406149Z       "pylate": "1.6.0",
2026-09-13T16:25:27.9406693Z       "sentence-transformers": "5.7.0",
2026-09-13T16:25:27.9407285Z       "torch": "2.9.1+cu129",
2026-09-13T16:25:27.9407794Z       "transformers": "5.3.0",
2026-09-13T16:25:27.9408300Z       "usearch": "2.26.0",
2026-09-13T16:25:27.9408770Z       "wandb": "0.26.1"
2026-09-13T16:25:27.9409204Z     },
2026-09-13T16:25:27.9409874Z     "python": "3.12.3",
2026-09-13T16:25:27.9410332Z     "python_executable": "/usr/bin/python3.12",
2026-09-13T16:25:27.9410735Z     "torch_cuda": "12.9"
2026-09-13T16:25:27.9410969Z   },
2026-09-13T16:25:27.9411162Z   "valid": true
2026-09-13T16:25:27.9411372Z }
2026-09-13T16:25:28.2315576Z ##[group]Run uv run --no-sync python -m pytest -q tests/test_current_primary_source.py
2026-09-13T16:25:28.2316238Z [36;1muv run --no-sync python -m pytest -q tests/test_current_primary_source.py[0m
2026-09-13T16:25:28.2856675Z shell: /usr/bin/bash -e {0}
2026-09-13T16:25:28.2856978Z env:
2026-09-13T16:25:28.2857287Z   UV_PYTHON_INSTALL_DIR: /home/runner/work/_temp/uv-python-dir
2026-09-13T16:25:28.2857678Z   UV_PYTHON: 3.12
2026-09-13T16:25:28.2857954Z   UV_CACHE_DIR: /home/runner/work/_temp/setup-uv-cache
2026-09-13T16:25:28.2858286Z ##[endgroup]
2026-09-13T16:25:42.3301676Z ...                                                                      [100%]
2026-09-13T16:25:43.2163854Z ##[group]Run uv build
2026-09-13T16:25:43.2164140Z [36;1muv build[0m
2026-09-13T16:25:43.2204209Z shell: /usr/bin/bash -e {0}
2026-09-13T16:25:43.2204472Z env:
2026-09-13T16:25:43.2204757Z   UV_PYTHON_INSTALL_DIR: /home/runner/work/_temp/uv-python-dir
2026-09-13T16:25:43.2205114Z   UV_PYTHON: 3.12
2026-09-13T16:25:43.2205371Z   UV_CACHE_DIR: /home/runner/work/_temp/setup-uv-cache
2026-09-13T16:25:43.2205676Z ##[endgroup]
2026-09-13T16:25:43.2363291Z Building source distribution...
2026-09-13T16:25:43.6842374Z running egg_info
2026-09-13T16:25:43.6856330Z writing src/embedding_optimizer_study.egg-info/PKG-INFO
2026-09-13T16:25:43.6871346Z writing dependency_links to src/embedding_optimizer_study.egg-info/dependency_links.txt
2026-09-13T16:25:43.6882474Z writing entry points to src/embedding_optimizer_study.egg-info/entry_points.txt
2026-09-13T16:25:43.6891449Z writing requirements to src/embedding_optimizer_study.egg-info/requires.txt
2026-09-13T16:25:43.6893549Z writing top-level names to src/embedding_optimizer_study.egg-info/top_level.txt
2026-09-13T16:25:43.7032474Z reading manifest file 'src/embedding_optimizer_study.egg-info/SOURCES.txt'
2026-09-13T16:25:43.7098322Z reading manifest template 'MANIFEST.in'
2026-09-13T16:25:43.7101151Z adding license file 'LICENSE'
2026-09-13T16:25:43.7174820Z writing manifest file 'src/embedding_optimizer_study.egg-info/SOURCES.txt'
2026-09-13T16:25:43.9028022Z running sdist
2026-09-13T16:25:43.9028483Z running egg_info
2026-09-13T16:25:43.9056064Z writing src/embedding_optimizer_study.egg-info/PKG-INFO
2026-09-13T16:25:43.9072300Z writing dependency_links to src/embedding_optimizer_study.egg-info/dependency_links.txt
2026-09-13T16:25:43.9083873Z writing entry points to src/embedding_optimizer_study.egg-info/entry_points.txt
2026-09-13T16:25:43.9093245Z writing requirements to src/embedding_optimizer_study.egg-info/requires.txt
2026-09-13T16:25:43.9094872Z writing top-level names to src/embedding_optimizer_study.egg-info/top_level.txt
2026-09-13T16:25:43.9224413Z reading manifest file 'src/embedding_optimizer_study.egg-info/SOURCES.txt'
2026-09-13T16:25:43.9292806Z reading manifest template 'MANIFEST.in'
2026-09-13T16:25:43.9300861Z adding license file 'LICENSE'
2026-09-13T16:25:43.9363710Z writing manifest file 'src/embedding_optimizer_study.egg-info/SOURCES.txt'
2026-09-13T16:25:43.9367031Z running check
2026-09-13T16:25:43.9399230Z creating embedding_optimizer_study-0.1.0
2026-09-13T16:25:43.9410179Z creating embedding_optimizer_study-0.1.0/configs
2026-09-13T16:25:43.9412948Z creating embedding_optimizer_study-0.1.0/configs/generated/confirmatory
2026-09-13T16:25:43.9414865Z creating embedding_optimizer_study-0.1.0/configs/generated/short-branch
2026-09-13T16:25:43.9416555Z creating embedding_optimizer_study-0.1.0/docs
2026-09-13T16:25:43.9419299Z creating embedding_optimizer_study-0.1.0/paper
2026-09-13T16:25:43.9420264Z creating embedding_optimizer_study-0.1.0/paper/current
2026-09-13T16:25:43.9422712Z creating embedding_optimizer_study-0.1.0/paper/current/figures
2026-09-13T16:25:43.9424149Z creating embedding_optimizer_study-0.1.0/paper/current/generated
2026-09-13T16:25:43.9425746Z creating embedding_optimizer_study-0.1.0/paper/current/vendor
2026-09-13T16:25:43.9427252Z creating embedding_optimizer_study-0.1.0/paper/generated
2026-09-13T16:25:43.9428957Z creating embedding_optimizer_study-0.1.0/reports/candidate-breadth
2026-09-13T16:25:43.9431694Z creating embedding_optimizer_study-0.1.0/reports/confirmatory-data
2026-09-13T16:25:43.9433185Z creating embedding_optimizer_study-0.1.0/reports/dense-discovery
2026-09-13T16:25:43.9434815Z creating embedding_optimizer_study-0.1.0/reports/dense-discovery/figures
2026-09-13T16:25:43.9436514Z creating embedding_optimizer_study-0.1.0/reports/dense-retrieval-dynamics
2026-09-13T16:25:43.9438427Z creating embedding_optimizer_study-0.1.0/reports/retrieval-dynamics-dense
2026-09-13T16:25:43.9439926Z creating embedding_optimizer_study-0.1.0/reports/short-branch
2026-09-13T16:25:43.9441856Z creating embedding_optimizer_study-0.1.0/reports/state-operator-factorial
2026-09-13T16:25:43.9443039Z creating embedding_optimizer_study-0.1.0/reports/tail-stability
2026-09-13T16:25:43.9445397Z creating embedding_optimizer_study-0.1.0/reports/three-regime-diagnostic
2026-09-13T16:25:43.9446427Z creating embedding_optimizer_study-0.1.0/reports/training-dynamics
2026-09-13T16:25:43.9448070Z creating embedding_optimizer_study-0.1.0/reports/wandb
2026-09-13T16:25:43.9449462Z creating embedding_optimizer_study-0.1.0/reports/weight-space
2026-09-13T16:25:43.9451626Z creating embedding_optimizer_study-0.1.0/scripts
2026-09-13T16:25:43.9453482Z creating embedding_optimizer_study-0.1.0/scripts/eval
2026-09-13T16:25:43.9454889Z creating embedding_optimizer_study-0.1.0/src/embed_optim
2026-09-13T16:25:43.9457351Z creating embedding_optimizer_study-0.1.0/src/embed_optim_restore
2026-09-13T16:25:43.9459116Z creating embedding_optimizer_study-0.1.0/src/embed_optim_restore/references
2026-09-13T16:25:43.9460586Z creating embedding_optimizer_study-0.1.0/src/embedding_optimizer_study.egg-info
2026-09-13T16:25:43.9462556Z creating embedding_optimizer_study-0.1.0/tests
2026-09-13T16:25:43.9463498Z copying files to embedding_optimizer_study-0.1.0...
2026-09-13T16:25:43.9464472Z copying AGENTS.md -> embedding_optimizer_study-0.1.0
2026-09-13T16:25:43.9468847Z copying CITATION.cff -> embedding_optimizer_study-0.1.0
2026-09-13T16:25:43.9472091Z copying CODE_OF_CONDUCT.md -> embedding_optimizer_study-0.1.0
2026-09-13T16:25:43.9475344Z copying CONTRIBUTING.md -> embedding_optimizer_study-0.1.0
2026-09-13T16:25:43.9479063Z copying CURRENT_EXPERIMENT.md -> embedding_optimizer_study-0.1.0
2026-09-13T16:25:43.9482219Z copying CURRENT_PROGRESS.json -> embedding_optimizer_study-0.1.0
2026-09-13T16:25:43.9485281Z copying LICENSE -> embedding_optimizer_study-0.1.0
2026-09-13T16:25:43.9489081Z copying MANIFEST.in -> embedding_optimizer_study-0.1.0
2026-09-13T16:25:43.9490434Z copying PROJECT_STATUS.md -> embedding_optimizer_study-0.1.0
2026-09-13T16:25:43.9495372Z copying README.md -> embedding_optimizer_study-0.1.0
2026-09-13T16:25:43.9496515Z copying SECURITY.md -> embedding_optimizer_study-0.1.0
2026-09-13T16:25:43.9500170Z copying THIRD_PARTY_NOTICES.md -> embedding_optimizer_study-0.1.0
2026-09-13T16:25:43.9503385Z copying pyproject.toml -> embedding_optimizer_study-0.1.0
2026-09-13T16:25:43.9505121Z copying requirements-formal-flash.txt -> embedding_optimizer_study-0.1.0
2026-09-13T16:25:43.9506714Z copying requirements-formal.lock -> embedding_optimizer_study-0.1.0
2026-09-13T16:25:43.9510780Z copying configs/basis_sensitivity.json -> embedding_optimizer_study-0.1.0/configs
2026-09-13T16:25:43.9514138Z copying configs/beir_representation_probe.json -> embedding_optimizer_study-0.1.0/configs
2026-09-13T16:25:43.9517253Z copying configs/candidate_breadth_probe.json -> embedding_optimizer_study-0.1.0/configs
2026-09-13T16:25:43.9521032Z copying configs/causal_chain_analysis.json -> embedding_optimizer_study-0.1.0/configs
2026-09-13T16:25:43.9524222Z copying configs/common_state_probe.json -> embedding_optimizer_study-0.1.0/configs
2026-09-13T16:25:43.9527243Z copying configs/common_state_spectrum_probe.json -> embedding_optimizer_study-0.1.0/configs
2026-09-13T16:25:43.9530270Z copying configs/confirmatory_protocol.json -> embedding_optimizer_study-0.1.0/configs
2026-09-13T16:25:43.9533740Z copying configs/corpus_size_diagnostic.json -> embedding_optimizer_study-0.1.0/configs
2026-09-13T16:25:43.9537030Z copying configs/dense_correctness_candidate.yaml -> embedding_optimizer_study-0.1.0/configs
2026-09-13T16:25:43.9538303Z copying configs/dense_dimension_utilization_protocol.json -> embedding_optimizer_study-0.1.0/configs
2026-09-13T16:25:43.9541945Z copying configs/dense_no_packing_analysis_protocol.json -> embedding_optimizer_study-0.1.0/configs
2026-09-13T16:25:43.9545629Z copying configs/dense_no_packing_backup_provenance_migration.json -> embedding_optimizer_study-0.1.0/configs
2026-09-13T16:25:43.9549062Z copying configs/dense_no_packing_bridge_implementation_protocol.json -> embedding_optimizer_study-0.1.0/configs
2026-09-13T16:25:43.9552184Z copying configs/dense_no_packing_bridge_implementation_protocol_v2.json -> embedding_optimizer_study-0.1.0/configs
2026-09-13T16:25:43.9554969Z copying configs/dense_no_packing_completion_contract_migration.json -> embedding_optimizer_study-0.1.0/configs
2026-09-13T16:25:43.9557684Z copying configs/dense_no_packing_evaluation_protocol.json -> embedding_optimizer_study-0.1.0/configs
2026-09-13T16:25:43.9560746Z copying configs/dense_no_packing_execution_protocol.json -> embedding_optimizer_study-0.1.0/configs
2026-09-13T16:25:43.9564113Z copying configs/dense_no_packing_matrix_handoff_guard.json -> embedding_optimizer_study-0.1.0/configs
2026-09-13T16:25:43.9567026Z copying configs/dense_no_packing_outcome_protocol.json -> embedding_optimizer_study-0.1.0/configs
2026-09-13T16:25:43.9570503Z copying configs/dense_no_packing_preflight.yaml -> embedding_optimizer_study-0.1.0/configs
2026-09-13T16:25:43.9573479Z copying configs/dense_no_packing_preflight_protocol.json -> embedding_optimizer_study-0.1.0/configs
2026-09-13T16:25:43.9576057Z copying configs/dense_no_packing_publication_layout_migration.json -> embedding_optimizer_study-0.1.0/configs
2026-09-13T16:25:43.9578718Z copying configs/dense_no_packing_publication_narrative_migration.json -> embedding_optimizer_study-0.1.0/configs
2026-09-13T16:25:43.9581924Z copying configs/dense_no_packing_publication_protocol.json -> embedding_optimizer_study-0.1.0/configs
2026-09-13T16:25:43.9585546Z copying configs/dense_no_packing_retrain.yaml -> embedding_optimizer_study-0.1.0/configs
2026-09-13T16:25:43.9588334Z copying configs/dense_no_packing_sensitivity_implementation_protocol.json -> embedding_optimizer_study-0.1.0/configs
2026-09-13T16:25:43.9609417Z copying configs/dense_no_packing_state_operator_abstract_compliance_migration.json -> embedding_optimizer_study-0.1.0/configs
2026-09-13T16:25:43.9611014Z copying configs/dense_no_packing_state_operator_claim_wording_amendment.json -> embedding_optimizer_study-0.1.0/configs
2026-09-13T16:25:43.9612450Z copying configs/dense_no_packing_state_operator_factorial_completion_protocol.json -> embedding_optimizer_study-0.1.0/configs
2026-09-13T16:25:43.9614010Z copying configs/dense_no_packing_state_operator_factorial_implementation_protocol.json -> embedding_optimizer_study-0.1.0/configs
2026-09-13T16:25:43.9615530Z copying configs/dense_no_packing_state_operator_factorial_protocol.json -> embedding_optimizer_study-0.1.0/configs
2026-09-13T16:25:43.9622799Z copying configs/dense_no_packing_state_operator_factorial_publication_protocol.json -> embedding_optimizer_study-0.1.0/configs
2026-09-13T16:25:43.9626929Z copying configs/dense_no_packing_state_operator_weight_space_narrative_migration.json -> embedding_optimizer_study-0.1.0/configs
2026-09-13T16:25:43.9631551Z copying configs/dense_primary_dimension_archive_protocol.json -> embedding_optimizer_study-0.1.0/configs
2026-09-13T16:25:43.9636204Z copying configs/dense_primary_dimension_export_protocol.json -> embedding_optimizer_study-0.1.0/configs
2026-09-13T16:25:43.9641619Z copying configs/dense_primary_dimension_handoff_protocol.json -> embedding_optimizer_study-0.1.0/configs
2026-09-13T16:25:43.9645760Z copying configs/dense_primary_v2_protocol.json -> embedding_optimizer_study-0.1.0/configs
2026-09-13T16:25:43.9647243Z copying configs/dense_primary_v3_bridge_protocol.json -> embedding_optimizer_study-0.1.0/configs
2026-09-13T16:25:43.9651828Z copying configs/dense_primary_v3_data_amendment.json -> embedding_optimizer_study-0.1.0/configs
2026-09-13T16:25:43.9653931Z copying configs/dense_primary_v3_dimension_inference_protocol.json -> embedding_optimizer_study-0.1.0/configs
2026-09-13T16:25:43.9657868Z copying configs/dense_primary_v3_dimensions_protocol.json -> embedding_optimizer_study-0.1.0/configs
2026-09-13T16:25:43.9662083Z copying configs/dense_primary_v3_exact_bridge_protocol.json -> embedding_optimizer_study-0.1.0/configs
2026-09-13T16:25:43.9666611Z copying configs/dense_primary_v3_exact_geometry_protocol.json -> embedding_optimizer_study-0.1.0/configs
2026-09-13T16:25:43.9669937Z copying configs/dense_primary_v3_exact_publication_protocol.json -> embedding_optimizer_study-0.1.0/configs
2026-09-13T16:25:43.9673799Z copying configs/dense_primary_v3_geometry_protocol.json -> embedding_optimizer_study-0.1.0/configs
2026-09-13T16:25:43.9676914Z copying configs/dense_primary_v3_geometry_protocol_v2.json -> embedding_optimizer_study-0.1.0/configs
2026-09-13T16:25:43.9680162Z copying configs/dense_primary_v3_outcome_protocol.json -> embedding_optimizer_study-0.1.0/configs
2026-09-13T16:25:43.9683629Z copying configs/dense_primary_v3_outcome_protocol_v2.json -> embedding_optimizer_study-0.1.0/configs
2026-09-13T16:25:43.9686681Z copying configs/dense_primary_v3_protocol.json -> embedding_optimizer_study-0.1.0/configs
2026-09-13T16:25:43.9688875Z copying configs/dense_primary_v3_publication_protocol.json -> embedding_optimizer_study-0.1.0/configs
2026-09-13T16:25:43.9693026Z copying configs/dense_primary_v3_validation_protocol.json -> embedding_optimizer_study-0.1.0/configs
2026-09-13T16:25:43.9696354Z copying configs/dense_retrieval_dynamics_extension.json -> embedding_optimizer_study-0.1.0/configs
2026-09-13T16:25:43.9699470Z copying configs/dense_scope_amendment.json -> embedding_optimizer_study-0.1.0/configs
2026-09-13T16:25:43.9702654Z copying configs/dense_training_queue.json -> embedding_optimizer_study-0.1.0/configs
2026-09-13T16:25:43.9705862Z copying configs/dense_weight_entry_measurement_amendment.json -> embedding_optimizer_study-0.1.0/configs
2026-09-13T16:25:43.9709434Z copying configs/experiment.yaml -> embedding_optimizer_study-0.1.0/configs
2026-09-13T16:25:43.9712594Z copying configs/formal_runtime.json -> embedding_optimizer_study-0.1.0/configs
2026-09-13T16:25:43.9713960Z copying configs/formal_runtime_constraints.txt -> embedding_optimizer_study-0.1.0/configs
2026-09-13T16:25:43.9715621Z copying configs/functional_intervention.json -> embedding_optimizer_study-0.1.0/configs
2026-09-13T16:25:43.9718822Z copying configs/hybrid_adamw.yaml -> embedding_optimizer_study-0.1.0/configs
2026-09-13T16:25:43.9722247Z copying configs/hybrid_adamw_control.json -> embedding_optimizer_study-0.1.0/configs
2026-09-13T16:25:43.9725486Z copying configs/local_global_reversal.json -> embedding_optimizer_study-0.1.0/configs
2026-09-13T16:25:43.9728595Z copying configs/loss_retrieval_diagnostic.json -> embedding_optimizer_study-0.1.0/configs
2026-09-13T16:25:43.9731985Z copying configs/mechanism_analysis_integration.json -> embedding_optimizer_study-0.1.0/configs
2026-09-13T16:25:43.9735122Z copying configs/paper_claim_protocol.json -> embedding_optimizer_study-0.1.0/configs
2026-09-13T16:25:43.9738467Z copying configs/portable_paper_evidence.json -> embedding_optimizer_study-0.1.0/configs
2026-09-13T16:25:43.9752857Z copying configs/representation_probe.json -> embedding_optimizer_study-0.1.0/configs
2026-09-13T16:25:43.9755874Z copying configs/retrieval_dynamics_protocol.json -> embedding_optimizer_study-0.1.0/configs
2026-09-13T16:25:43.9758830Z copying configs/short_branch_protocol.json -> embedding_optimizer_study-0.1.0/configs
2026-09-13T16:25:43.9762117Z copying configs/smoke.yaml -> embedding_optimizer_study-0.1.0/configs
2026-09-13T16:25:43.9766261Z copying configs/spectral_transplant_intervention.json -> embedding_optimizer_study-0.1.0/configs
2026-09-13T16:25:43.9769341Z copying configs/stress.yaml -> embedding_optimizer_study-0.1.0/configs
2026-09-13T16:25:43.9772345Z copying configs/tail_stability_analysis.json -> embedding_optimizer_study-0.1.0/configs
2026-09-13T16:25:43.9775645Z copying configs/three_regime_diagnostic.json -> embedding_optimizer_study-0.1.0/configs
2026-09-13T16:25:43.9778686Z copying configs/training_data_contract.json -> embedding_optimizer_study-0.1.0/configs
2026-09-13T16:25:43.9781605Z copying configs/validation_probe.json -> embedding_optimizer_study-0.1.0/configs
2026-09-13T16:25:43.9785602Z copying configs/generated/confirmatory/seed161803.yaml -> embedding_optimizer_study-0.1.0/configs/generated/confirmatory
2026-09-13T16:25:43.9788042Z copying configs/generated/confirmatory/seed271828.yaml -> embedding_optimizer_study-0.1.0/configs/generated/confirmatory
2026-09-13T16:25:43.9791076Z copying configs/generated/confirmatory/seed314159.yaml -> embedding_optimizer_study-0.1.0/configs/generated/confirmatory
2026-09-13T16:25:43.9794285Z copying configs/generated/short-branch/seed161803.yaml -> embedding_optimizer_study-0.1.0/configs/generated/short-branch
2026-09-13T16:25:43.9797726Z copying configs/generated/short-branch/seed271828.yaml -> embedding_optimizer_study-0.1.0/configs/generated/short-branch
2026-09-13T16:25:43.9801040Z copying configs/generated/short-branch/seed314159.yaml -> embedding_optimizer_study-0.1.0/configs/generated/short-branch
2026-09-13T16:25:43.9804332Z copying docs/checkpoint-restoration.md -> embedding_optimizer_study-0.1.0/docs
2026-09-13T16:25:43.9807635Z copying docs/completion-gates.md -> embedding_optimizer_study-0.1.0/docs
2026-09-13T16:25:43.9811974Z copying docs/continuation-outcomes-restoration.md -> embedding_optimizer_study-0.1.0/docs
2026-09-13T16:25:43.9815355Z copying docs/continuation-probe-restoration.md -> embedding_optimizer_study-0.1.0/docs
2026-09-13T16:25:43.9818431Z copying docs/current-training-source.md -> embedding_optimizer_study-0.1.0/docs
2026-09-13T16:25:43.9821276Z copying docs/dense-eval-handoff.md -> embedding_optimizer_study-0.1.0/docs
2026-09-13T16:25:43.9824924Z copying docs/dense-no-packing-retrain.md -> embedding_optimizer_study-0.1.0/docs
2026-09-13T16:25:43.9828632Z copying docs/endpoint-statistics-restoration.md -> embedding_optimizer_study-0.1.0/docs
2026-09-13T16:25:43.9831807Z copying docs/evaluation-analysis-restoration.md -> embedding_optimizer_study-0.1.0/docs
2026-09-13T16:25:43.9835050Z copying docs/first-stage-evaluation-restoration.md -> embedding_optimizer_study-0.1.0/docs
2026-09-13T16:25:43.9838500Z copying docs/fourth-stage-evaluation-restoration.md -> embedding_optimizer_study-0.1.0/docs
2026-09-13T16:25:43.9842405Z copying docs/fourth-stage-pool-b-evaluation-restoration.md -> embedding_optimizer_study-0.1.0/docs
2026-09-13T16:25:43.9845468Z copying docs/functional-analysis-restoration.md -> embedding_optimizer_study-0.1.0/docs
2026-09-13T16:25:43.9848355Z copying docs/naacl-dense-paper-plan.md -> embedding_optimizer_study-0.1.0/docs
2026-09-13T16:25:43.9852322Z copying docs/naacl-paper-plan.md -> embedding_optimizer_study-0.1.0/docs
2026-09-13T16:25:43.9858269Z copying docs/paper-results-reproduction.md -> embedding_optimizer_study-0.1.0/docs
2026-09-13T16:25:43.9861635Z copying docs/predictor-analysis-restoration.md -> embedding_optimizer_study-0.1.0/docs
2026-09-13T16:25:43.9864875Z copying docs/pretrained-vector-restoration.md -> embedding_optimizer_study-0.1.0/docs
2026-09-13T16:25:43.9868121Z copying docs/retrieval-trajectories-restoration.md -> embedding_optimizer_study-0.1.0/docs
2026-09-13T16:25:43.9871810Z copying docs/saved-factorial-checkpoints.md -> embedding_optimizer_study-0.1.0/docs
2026-09-13T16:25:43.9874940Z copying docs/second-stage-evaluation-restoration.md -> embedding_optimizer_study-0.1.0/docs
2026-09-13T16:25:43.9878102Z copying docs/second-stage-pool-b-evaluation-restoration.md -> embedding_optimizer_study-0.1.0/docs
2026-09-13T16:25:43.9881253Z copying docs/source-version-testing.md -> embedding_optimizer_study-0.1.0/docs
2026-09-13T16:25:43.9884485Z copying docs/state-operator-factorial.md -> embedding_optimizer_study-0.1.0/docs
2026-09-13T16:25:43.9888258Z copying docs/third-stage-evaluation-restoration.md -> embedding_optimizer_study-0.1.0/docs
2026-09-13T16:25:43.9891692Z copying docs/third-stage-pool-b-evaluation-restoration.md -> embedding_optimizer_study-0.1.0/docs
2026-09-13T16:25:43.9894905Z copying docs/training-analysis-restoration.md -> embedding_optimizer_study-0.1.0/docs
2026-09-13T16:25:43.9898416Z copying docs/training-completion-evidence-restoration.md -> embedding_optimizer_study-0.1.0/docs
2026-09-13T16:25:43.9901989Z copying docs/training-restoration.md -> embedding_optimizer_study-0.1.0/docs
2026-09-13T16:25:43.9905007Z copying docs/versioned-paper-reproduction.md -> embedding_optimizer_study-0.1.0/docs
2026-09-13T16:25:43.9908192Z copying docs/weight-analysis-restoration.md -> embedding_optimizer_study-0.1.0/docs
2026-09-13T16:25:43.9911618Z copying paper/Makefile -> embedding_optimizer_study-0.1.0/paper
2026-09-13T16:25:43.9914828Z copying paper/README.md -> embedding_optimizer_study-0.1.0/paper
2026-09-13T16:25:43.9918106Z copying paper/legacy.Makefile -> embedding_optimizer_study-0.1.0/paper
2026-09-13T16:25:43.9921425Z copying paper/main.tex -> embedding_optimizer_study-0.1.0/paper
2026-09-13T16:25:43.9925893Z copying paper/references.bib -> embedding_optimizer_study-0.1.0/paper
2026-09-13T16:25:43.9929110Z copying paper/results.tex -> embedding_optimizer_study-0.1.0/paper
2026-09-13T16:25:43.9932275Z copying paper/current/README.md -> embedding_optimizer_study-0.1.0/paper/current
2026-09-13T16:25:43.9935481Z copying paper/current/document-snapshot.json -> embedding_optimizer_study-0.1.0/paper/current
2026-09-13T16:25:43.9938472Z copying paper/current/main.tex -> embedding_optimizer_study-0.1.0/paper/current
2026-09-13T16:25:43.9942605Z copying paper/current/references.bib -> embedding_optimizer_study-0.1.0/paper/current
2026-09-13T16:25:43.9945912Z copying paper/current/results.tex -> embedding_optimizer_study-0.1.0/paper/current
2026-09-13T16:25:43.9949125Z copying paper/current/figures/full-rate-retrieval-trajectories.pdf -> embedding_optimizer_study-0.1.0/paper/current/figures
2026-09-13T16:25:43.9953696Z copying paper/current/figures/optimizer-weight-dimension-map.pdf -> embedding_optimizer_study-0.1.0/paper/current/figures
2026-09-13T16:25:43.9959122Z copying paper/current/figures/weight-to-retrieval-map.pdf -> embedding_optimizer_study-0.1.0/paper/current/figures
2026-09-13T16:25:43.9963172Z copying paper/current/generated/dimension-utilization.tex -> embedding_optimizer_study-0.1.0/paper/current/generated
2026-09-13T16:25:43.9966322Z copying paper/current/generated/optimizer-primary.tex -> embedding_optimizer_study-0.1.0/paper/current/generated
2026-09-13T16:25:43.9969436Z copying paper/current/generated/recipe-sensitivity.tex -> embedding_optimizer_study-0.1.0/paper/current/generated
2026-09-13T16:25:43.9972436Z copying paper/current/generated/state-operator-factorial.tex -> embedding_optimizer_study-0.1.0/paper/current/generated
2026-09-13T16:25:43.9975282Z copying paper/current/vendor/acl.sty -> embedding_optimizer_study-0.1.0/paper/current/vendor
2026-09-13T16:25:43.9979318Z copying paper/current/vendor/acl_natbib.bst -> embedding_optimizer_study-0.1.0/paper/current/vendor
2026-09-13T16:25:43.9985174Z copying paper/generated/dimension-utilization.tex -> embedding_optimizer_study-0.1.0/paper/generated
2026-09-13T16:25:43.9988373Z copying paper/generated/optimizer-primary.tex -> embedding_optimizer_study-0.1.0/paper/generated
2026-09-13T16:25:43.9991449Z copying paper/generated/state-operator-factorial.tex -> embedding_optimizer_study-0.1.0/paper/generated
2026-09-13T16:25:43.9994878Z copying reports/candidate-breadth/calibration_by_width.csv -> embedding_optimizer_study-0.1.0/reports/candidate-breadth
2026-09-13T16:25:43.9998097Z copying reports/candidate-breadth/candidate_breadth_calibration.pdf -> embedding_optimizer_study-0.1.0/reports/candidate-breadth
2026-09-13T16:25:44.0002391Z copying reports/candidate-breadth/candidate_breadth_calibration.svg -> embedding_optimizer_study-0.1.0/reports/candidate-breadth
2026-09-13T16:25:44.0008616Z copying reports/candidate-breadth/data-audit.json -> embedding_optimizer_study-0.1.0/reports/candidate-breadth
2026-09-13T16:25:44.0011931Z copying reports/candidate-breadth/high_dose_contrasts.csv -> embedding_optimizer_study-0.1.0/reports/candidate-breadth
2026-09-13T16:25:44.0015254Z copying reports/candidate-breadth/packing_invariance.json -> embedding_optimizer_study-0.1.0/reports/candidate-breadth
2026-09-13T16:25:44.0018700Z copying reports/candidate-breadth/publication_manifest.json -> embedding_optimizer_study-0.1.0/reports/candidate-breadth
2026-09-13T16:25:44.0021480Z copying reports/candidate-breadth/summary.json -> embedding_optimizer_study-0.1.0/reports/candidate-breadth
2026-09-13T16:25:44.0024920Z copying reports/confirmatory-data/receipt.json -> embedding_optimizer_study-0.1.0/reports/confirmatory-data
2026-09-13T16:25:44.0028069Z copying reports/dense-discovery/best_config_dynamics.csv -> embedding_optimizer_study-0.1.0/reports/dense-discovery
2026-09-13T16:25:44.0031065Z copying reports/dense-discovery/best_config_task_comparison.csv -> embedding_optimizer_study-0.1.0/reports/dense-discovery
2026-09-13T16:25:44.0034404Z copying reports/dense-discovery/checkpoint_summary.csv -> embedding_optimizer_study-0.1.0/reports/dense-discovery
2026-09-13T16:25:44.0037303Z copying reports/dense-discovery/coverage.json -> embedding_optimizer_study-0.1.0/reports/dense-discovery
2026-09-13T16:25:44.0040540Z copying reports/dense-discovery/evaluation_long.csv -> embedding_optimizer_study-0.1.0/reports/dense-discovery
2026-09-13T16:25:44.0047877Z copying reports/dense-discovery/optimizer_summary.csv -> embedding_optimizer_study-0.1.0/reports/dense-discovery
2026-09-13T16:25:44.0050795Z copying reports/dense-discovery/paired_comparison.csv -> embedding_optimizer_study-0.1.0/reports/dense-discovery
2026-09-13T16:25:44.0053973Z copying reports/dense-discovery/system_metrics.csv -> embedding_optimizer_study-0.1.0/reports/dense-discovery
2026-09-13T16:25:44.0057022Z copying reports/dense-discovery/system_summary.csv -> embedding_optimizer_study-0.1.0/reports/dense-discovery
2026-09-13T16:25:44.0060083Z copying reports/dense-discovery/training_history.csv -> embedding_optimizer_study-0.1.0/reports/dense-discovery
2026-09-13T16:25:44.0072964Z copying reports/dense-discovery/figures/dense-lr-sensitivity.png -> embedding_optimizer_study-0.1.0/reports/dense-discovery/figures
2026-09-13T16:25:44.0078654Z copying reports/dense-discovery/figures/dense-training-dynamics-by-run.png -> embedding_optimizer_study-0.1.0/reports/dense-discovery/figures
2026-09-13T16:25:44.0086209Z copying reports/dense-discovery/figures/dense-training-dynamics.png -> embedding_optimizer_study-0.1.0/reports/dense-discovery/figures
2026-09-13T16:25:44.0093269Z copying reports/dense-retrieval-dynamics/README.md -> embedding_optimizer_study-0.1.0/reports/dense-retrieval-dynamics
2026-09-13T16:25:44.0096765Z copying reports/dense-retrieval-dynamics/confirmatory-evaluation-receipt.json -> embedding_optimizer_study-0.1.0/reports/dense-retrieval-dynamics
2026-09-13T16:25:44.0107300Z copying reports/dense-retrieval-dynamics/evaluation-receipt.json -> embedding_optimizer_study-0.1.0/reports/dense-retrieval-dynamics
2026-09-13T16:25:44.0118826Z copying reports/dense-retrieval-dynamics/five_stage_retrieval_dynamics.csv -> embedding_optimizer_study-0.1.0/reports/dense-retrieval-dynamics
2026-09-13T16:25:44.0122472Z copying reports/dense-retrieval-dynamics/five_stage_retrieval_dynamics.pdf -> embedding_optimizer_study-0.1.0/reports/dense-retrieval-dynamics
2026-09-13T16:25:44.0126400Z copying reports/dense-retrieval-dynamics/five_stage_retrieval_dynamics.svg -> embedding_optimizer_study-0.1.0/reports/dense-retrieval-dynamics
2026-09-13T16:25:44.0132483Z copying reports/dense-retrieval-dynamics/hybrid-evaluation-receipt.json -> embedding_optimizer_study-0.1.0/reports/dense-retrieval-dynamics
2026-09-13T16:25:44.0138419Z copying reports/dense-retrieval-dynamics/summary_manifest.json -> embedding_optimizer_study-0.1.0/reports/dense-retrieval-dynamics
2026-09-13T16:25:44.0148126Z copying reports/retrieval-dynamics-dense/best_config_task_comparison.csv -> embedding_optimizer_study-0.1.0/reports/retrieval-dynamics-dense
2026-09-13T16:25:44.0151242Z copying reports/retrieval-dynamics-dense/best_config_task_delta_dynamics.csv -> embedding_optimizer_study-0.1.0/reports/retrieval-dynamics-dense
2026-09-13T16:25:44.0154811Z copying reports/retrieval-dynamics-dense/checkpoint_dynamics.csv -> embedding_optimizer_study-0.1.0/reports/retrieval-dynamics-dense
2026-09-13T16:25:44.0158219Z copying reports/retrieval-dynamics-dense/optimizer_first_passage.csv -> embedding_optimizer_study-0.1.0/reports/retrieval-dynamics-dense
2026-09-13T16:25:44.0161055Z copying reports/retrieval-dynamics-dense/quality_vs_useful_wall_time.svg -> embedding_optimizer_study-0.1.0/reports/retrieval-dynamics-dense
2026-09-13T16:25:44.0168407Z copying reports/retrieval-dynamics-dense/run_first_passage.csv -> embedding_optimizer_study-0.1.0/reports/retrieval-dynamics-dense
2026-09-13T16:25:44.0171360Z copying reports/retrieval-dynamics-dense/summary_manifest.json -> embedding_optimizer_study-0.1.0/reports/retrieval-dynamics-dense
2026-09-13T16:25:44.0175064Z copying reports/retrieval-dynamics-dense/task_delta_stability.csv -> embedding_optimizer_study-0.1.0/reports/retrieval-dynamics-dense
2026-09-13T16:25:44.0178104Z copying reports/short-branch/subset-receipt.json -> embedding_optimizer_study-0.1.0/reports/short-branch
2026-09-13T16:25:44.0182688Z copying reports/state-operator-factorial/abstract-compliance-runtime-migration.json -> embedding_optimizer_study-0.1.0/reports/state-operator-factorial
2026-09-13T16:25:44.0185765Z copying reports/tail-stability/README.md -> embedding_optimizer_study-0.1.0/reports/tail-stability
2026-09-13T16:25:44.0189032Z copying reports/tail-stability/discovery_anchor_tail.csv -> embedding_optimizer_study-0.1.0/reports/tail-stability
2026-09-13T16:25:44.0192658Z copying reports/tail-stability/discovery_cross_tail.csv -> embedding_optimizer_study-0.1.0/reports/tail-stability
2026-09-13T16:25:44.0195880Z copying reports/tail-stability/discovery_cross_tail_summary.csv -> embedding_optimizer_study-0.1.0/reports/tail-stability
2026-09-13T16:25:44.0198804Z copying reports/tail-stability/discovery_family_contrasts.csv -> embedding_optimizer_study-0.1.0/reports/tail-stability
2026-09-13T16:25:44.0201782Z copying reports/tail-stability/summary_manifest.json -> embedding_optimizer_study-0.1.0/reports/tail-stability
2026-09-13T16:25:44.0207723Z copying reports/three-regime-diagnostic/README.md -> embedding_optimizer_study-0.1.0/reports/three-regime-diagnostic
2026-09-13T16:25:44.0210775Z copying reports/three-regime-diagnostic/high_dose_contrasts.csv -> embedding_optimizer_study-0.1.0/reports/three-regime-diagnostic
2026-09-13T16:25:44.0214234Z copying reports/three-regime-diagnostic/run_metrics.csv -> embedding_optimizer_study-0.1.0/reports/three-regime-diagnostic
2026-09-13T16:25:44.0217141Z copying reports/three-regime-diagnostic/summary.json -> embedding_optimizer_study-0.1.0/reports/three-regime-diagnostic
2026-09-13T16:25:44.0220227Z copying reports/three-regime-diagnostic/summary_manifest.json -> embedding_optimizer_study-0.1.0/reports/three-regime-diagnostic
2026-09-13T16:25:44.0223277Z copying reports/training-dynamics/optimizer_system_summary.csv -> embedding_optimizer_study-0.1.0/reports/training-dynamics
2026-09-13T16:25:44.0226185Z copying reports/training-dynamics/plot_manifest.json -> embedding_optimizer_study-0.1.0/reports/training-dynamics
2026-09-13T16:25:44.0230051Z copying reports/training-dynamics/run_summary.csv -> embedding_optimizer_study-0.1.0/reports/training-dynamics
2026-09-13T16:25:44.0233163Z copying reports/training-dynamics/stage_dynamics.csv -> embedding_optimizer_study-0.1.0/reports/training-dynamics
2026-09-13T16:25:44.0237188Z copying reports/training-dynamics/summary_manifest.json -> embedding_optimizer_study-0.1.0/reports/training-dynamics
2026-09-13T16:25:44.0241825Z copying reports/training-dynamics/system_tradeoffs.svg -> embedding_optimizer_study-0.1.0/reports/training-dynamics
2026-09-13T16:25:44.0248719Z copying reports/training-dynamics/training_loss_dynamics.svg -> embedding_optimizer_study-0.1.0/reports/training-dynamics
2026-09-13T16:25:44.0256212Z copying reports/wandb/dense_source_provenance_audit.json -> embedding_optimizer_study-0.1.0/reports/wandb
2026-09-13T16:25:44.0262566Z copying reports/weight-space/README.md -> embedding_optimizer_study-0.1.0/reports/weight-space
2026-09-13T16:25:44.0266904Z copying reports/weight-space/checkpoint_trajectory.csv -> embedding_optimizer_study-0.1.0/reports/weight-space
2026-09-13T16:25:44.0270700Z copying reports/weight-space/optimizer_geometry_phase.svg -> embedding_optimizer_study-0.1.0/reports/weight-space
2026-09-13T16:25:44.0283905Z copying reports/weight-space/optimizer_pair_contrast_trajectory.csv -> embedding_optimizer_study-0.1.0/reports/weight-space
2026-09-13T16:25:44.0287572Z copying reports/weight-space/optimizer_pair_contrast_trajectory.svg -> embedding_optimizer_study-0.1.0/reports/weight-space
2026-09-13T16:25:44.0294251Z copying reports/weight-space/optimizer_pair_contrasts.csv -> embedding_optimizer_study-0.1.0/reports/weight-space
2026-09-13T16:25:44.0297267Z copying reports/weight-space/run_trajectory_summary.csv -> embedding_optimizer_study-0.1.0/reports/weight-space
2026-09-13T16:25:44.0300226Z copying reports/weight-space/summary_manifest.json -> embedding_optimizer_study-0.1.0/reports/weight-space
2026-09-13T16:25:44.0303491Z copying scripts/restore_factorial_probes.py -> embedding_optimizer_study-0.1.0/scripts
2026-09-13T16:25:44.0307073Z copying scripts/restore_functional_analysis.py -> embedding_optimizer_study-0.1.0/scripts
2026-09-13T16:25:44.0310271Z copying scripts/restore_primary_v3.py -> embedding_optimizer_study-0.1.0/scripts
2026-09-13T16:25:44.0314207Z copying scripts/eval/dense_no_packing_parallel.py -> embedding_optimizer_study-0.1.0/scripts/eval
2026-09-13T16:25:44.0316171Z copying scripts/eval/dense_parallel.py -> embedding_optimizer_study-0.1.0/scripts/eval
2026-09-13T16:25:44.0317555Z copying scripts/eval/dense_sequential.py -> embedding_optimizer_study-0.1.0/scripts/eval
2026-09-13T16:25:44.0319954Z copying src/embed_optim/__init__.py -> embedding_optimizer_study-0.1.0/src/embed_optim
2026-09-13T16:25:44.0321902Z copying src/embed_optim/aggregate.py -> embedding_optimizer_study-0.1.0/src/embed_optim
2026-09-13T16:25:44.0324530Z copying src/embed_optim/artifact_inventory.py -> embedding_optimizer_study-0.1.0/src/embed_optim
2026-09-13T16:25:44.0326359Z copying src/embed_optim/basis_sensitivity.py -> embedding_optimizer_study-0.1.0/src/embed_optim
2026-09-13T16:25:44.0332485Z copying src/embed_optim/beir_probe.py -> embedding_optimizer_study-0.1.0/src/embed_optim
2026-09-13T16:25:44.0335841Z copying src/embed_optim/bridge_exact_arithmetic.py -> embedding_optimizer_study-0.1.0/src/embed_optim
2026-09-13T16:25:44.0338977Z copying src/embed_optim/bridge_named_features.py -> embedding_optimizer_study-0.1.0/src/embed_optim
2026-09-13T16:25:44.0342606Z copying src/embed_optim/bridge_numerics.py -> embedding_optimizer_study-0.1.0/src/embed_optim
2026-09-13T16:25:44.0345750Z copying src/embed_optim/callbacks.py -> embedding_optimizer_study-0.1.0/src/embed_optim
2026-09-13T16:25:44.0347140Z copying src/embed_optim/candidate_breadth_data.py -> embedding_optimizer_study-0.1.0/src/embed_optim
2026-09-13T16:25:44.0352829Z copying src/embed_optim/candidate_breadth_evaluation.py -> embedding_optimizer_study-0.1.0/src/embed_optim
2026-09-13T16:25:44.0356577Z copying src/embed_optim/candidate_breadth_matrix.py -> embedding_optimizer_study-0.1.0/src/embed_optim
2026-09-13T16:25:44.0360179Z copying src/embed_optim/candidate_breadth_publication.py -> embedding_optimizer_study-0.1.0/src/embed_optim
2026-09-13T16:25:44.0364276Z copying src/embed_optim/candidate_breadth_release.py -> embedding_optimizer_study-0.1.0/src/embed_optim
2026-09-13T16:25:44.0368077Z copying src/embed_optim/candidate_breadth_summary.py -> embedding_optimizer_study-0.1.0/src/embed_optim
2026-09-13T16:25:44.0372269Z copying src/embed_optim/causal_chain_rendering.py -> embedding_optimizer_study-0.1.0/src/embed_optim
2026-09-13T16:25:44.0378100Z copying src/embed_optim/causal_chain_reporting.py -> embedding_optimizer_study-0.1.0/src/embed_optim
2026-09-13T16:25:44.0384254Z copying src/embed_optim/checkpoint_watch.py -> embedding_optimizer_study-0.1.0/src/embed_optim
2026-09-13T16:25:44.0387935Z copying src/embed_optim/collators.py -> embedding_optimizer_study-0.1.0/src/embed_optim
2026-09-13T16:25:44.0390166Z copying src/embed_optim/common_state_matrix.py -> embedding_optimizer_study-0.1.0/src/embed_optim
2026-09-13T16:25:44.0393879Z copying src/embed_optim/common_state_spectra.py -> embedding_optimizer_study-0.1.0/src/embed_optim
2026-09-13T16:25:44.0401629Z copying src/embed_optim/common_state_spectrum_plot.py -> embedding_optimizer_study-0.1.0/src/embed_optim
2026-09-13T16:25:44.0405102Z copying src/embed_optim/common_state_summary.py -> embedding_optimizer_study-0.1.0/src/embed_optim
2026-09-13T16:25:44.0408834Z copying src/embed_optim/complete_paper_document.py -> embedding_optimizer_study-0.1.0/src/embed_optim
2026-09-13T16:25:44.0412259Z copying src/embed_optim/completion_backup_contract_migration.py -> embedding_optimizer_study-0.1.0/src/embed_optim
2026-09-13T16:25:44.0415389Z copying src/embed_optim/completion_contract_migration.py -> embedding_optimizer_study-0.1.0/src/embed_optim
2026-09-13T16:25:44.0418639Z copying src/embed_optim/config.py -> embedding_optimizer_study-0.1.0/src/embed_optim
2026-09-13T16:25:44.0420238Z copying src/embed_optim/confirmatory_data.py -> embedding_optimizer_study-0.1.0/src/embed_optim
2026-09-13T16:25:44.0425674Z copying src/embed_optim/confirmatory_evaluation.py -> embedding_optimizer_study-0.1.0/src/embed_optim
2026-09-13T16:25:44.0429427Z copying src/embed_optim/confirmatory_matrix.py -> embedding_optimizer_study-0.1.0/src/embed_optim
2026-09-13T16:25:44.0433013Z copying src/embed_optim/confirmatory_summary.py -> embedding_optimizer_study-0.1.0/src/embed_optim
2026-09-13T16:25:44.0437106Z copying src/embed_optim/corpus_size_diagnostic.py -> embedding_optimizer_study-0.1.0/src/embed_optim
2026-09-13T16:25:44.0441427Z copying src/embed_optim/corrected_beir_evaluation.py -> embedding_optimizer_study-0.1.0/src/embed_optim
2026-09-13T16:25:44.0444725Z copying src/embed_optim/corrected_checkpoint_backup.py -> embedding_optimizer_study-0.1.0/src/embed_optim
2026-09-13T16:25:44.0447992Z copying src/embed_optim/corrected_completion_pipeline.py -> embedding_optimizer_study-0.1.0/src/embed_optim
2026-09-13T16:25:44.0452005Z copying src/embed_optim/corrected_execution_sensitivity.py -> embedding_optimizer_study-0.1.0/src/embed_optim
2026-09-13T16:25:44.0455520Z copying src/embed_optim/corrected_geometry_matrix.py -> embedding_optimizer_study-0.1.0/src/embed_optim
2026-09-13T16:25:44.0458768Z copying src/embed_optim/corrected_geometry_summary.py -> embedding_optimizer_study-0.1.0/src/embed_optim
2026-09-13T16:25:44.0462533Z copying src/embed_optim/corrected_input_execution.py -> embedding_optimizer_study-0.1.0/src/embed_optim
2026-09-13T16:25:44.0464554Z copying src/embed_optim/corrected_outcome_summary.py -> embedding_optimizer_study-0.1.0/src/embed_optim
2026-09-13T16:25:44.0467885Z copying src/embed_optim/corrected_progress.py -> embedding_optimizer_study-0.1.0/src/embed_optim
2026-09-13T16:25:44.0471080Z copying src/embed_optim/corrected_publication.py -> embedding_optimizer_study-0.1.0/src/embed_optim
2026-09-13T16:25:44.0476720Z copying src/embed_optim/corrected_retrieval_bridge.py -> embedding_optimizer_study-0.1.0/src/embed_optim
2026-09-13T16:25:44.0481353Z copying src/embed_optim/corrected_validation_evaluation.py -> embedding_optimizer_study-0.1.0/src/embed_optim
2026-09-13T16:25:44.0484575Z copying src/embed_optim/corrected_validation_matrix.py -> embedding_optimizer_study-0.1.0/src/embed_optim
2026-09-13T16:25:44.0488314Z copying src/embed_optim/corrected_wandb_audit.py -> embedding_optimizer_study-0.1.0/src/embed_optim
2026-09-13T16:25:44.0491762Z copying src/embed_optim/current_paper.py -> embedding_optimizer_study-0.1.0/src/embed_optim
2026-09-13T16:25:44.0494969Z copying src/embed_optim/data.py -> embedding_optimizer_study-0.1.0/src/embed_optim
2026-09-13T16:25:44.0498462Z copying src/embed_optim/decontamination.py -> embedding_optimizer_study-0.1.0/src/embed_optim
2026-09-13T16:25:44.0500078Z copying src/embed_optim/dense_completion_pipeline.py -> embedding_optimizer_study-0.1.0/src/embed_optim
2026-09-13T16:25:44.0505948Z copying src/embed_optim/dense_eval_handoff.py -> embedding_optimizer_study-0.1.0/src/embed_optim
2026-09-13T16:25:44.0512139Z copying src/embed_optim/dense_finalization_pipeline.py -> embedding_optimizer_study-0.1.0/src/embed_optim
2026-09-13T16:25:44.0515969Z copying src/embed_optim/dense_no_packing_preflight.py -> embedding_optimizer_study-0.1.0/src/embed_optim
2026-09-13T16:25:44.0520013Z copying src/embed_optim/dense_numerical_contract.py -> embedding_optimizer_study-0.1.0/src/embed_optim
2026-09-13T16:25:44.0522058Z copying src/embed_optim/dense_retrieval_dynamics_evaluation.py -> embedding_optimizer_study-0.1.0/src/embed_optim
2026-09-13T16:25:44.0526041Z copying src/embed_optim/dense_retrieval_dynamics_publication.py -> embedding_optimizer_study-0.1.0/src/embed_optim
2026-09-13T16:25:44.0530158Z copying src/embed_optim/dense_retrieval_dynamics_summary.py -> embedding_optimizer_study-0.1.0/src/embed_optim
2026-09-13T16:25:44.0534236Z copying src/embed_optim/dense_run_contract.py -> embedding_optimizer_study-0.1.0/src/embed_optim
2026-09-13T16:25:44.0536146Z copying src/embed_optim/dimension_archive.py -> embedding_optimizer_study-0.1.0/src/embed_optim
2026-09-13T16:25:44.0540162Z copying src/embed_optim/dimension_inference.py -> embedding_optimizer_study-0.1.0/src/embed_optim
2026-09-13T16:25:44.0543782Z copying src/embed_optim/dimension_inference_render.py -> embedding_optimizer_study-0.1.0/src/embed_optim
2026-09-13T16:25:44.0547144Z copying src/embed_optim/dimension_intervention_io.py -> embedding_optimizer_study-0.1.0/src/embed_optim
2026-09-13T16:25:44.0550455Z copying src/embed_optim/dimension_interventions.py -> embedding_optimizer_study-0.1.0/src/embed_optim
2026-09-13T16:25:44.0555015Z copying src/embed_optim/dimension_publication.py -> embedding_optimizer_study-0.1.0/src/embed_optim
2026-09-13T16:25:44.0563271Z copying src/embed_optim/dimension_release.py -> embedding_optimizer_study-0.1.0/src/embed_optim
2026-09-13T16:25:44.0568078Z copying src/embed_optim/dimension_replay.py -> embedding_optimizer_study-0.1.0/src/embed_optim
2026-09-13T16:25:44.0572117Z copying src/embed_optim/dimension_utilization.py -> embedding_optimizer_study-0.1.0/src/embed_optim
2026-09-13T16:25:44.0576194Z copying src/embed_optim/distribution_audit.py -> embedding_optimizer_study-0.1.0/src/embed_optim
2026-09-13T16:25:44.0580276Z copying src/embed_optim/dose_band_analysis.py -> embedding_optimizer_study-0.1.0/src/embed_optim
2026-09-13T16:25:44.0586328Z copying src/embed_optim/evaluate_matrix.py -> embedding_optimizer_study-0.1.0/src/embed_optim
2026-09-13T16:25:44.0588621Z copying src/embed_optim/evaluation_progress.py -> embedding_optimizer_study-0.1.0/src/embed_optim
2026-09-13T16:25:44.0593249Z copying src/embed_optim/evaluation_source_archive.py -> embedding_optimizer_study-0.1.0/src/embed_optim
2026-09-13T16:25:44.0599546Z copying src/embed_optim/evaluation_source_provenance.py -> embedding_optimizer_study-0.1.0/src/embed_optim
2026-09-13T16:25:44.0601563Z copying src/embed_optim/evaluation_supervisor.py -> embedding_optimizer_study-0.1.0/src/embed_optim
2026-09-13T16:25:44.0605996Z copying src/embed_optim/evaluation_utils.py -> embedding_optimizer_study-0.1.0/src/embed_optim
2026-09-13T16:25:44.0607972Z copying src/embed_optim/exact_bridge_measurements.py -> embedding_optimizer_study-0.1.0/src/embed_optim
2026-09-13T16:25:44.0611774Z copying src/embed_optim/factorial_v3_batches.py -> embedding_optimizer_study-0.1.0/src/embed_optim
2026-09-13T16:25:44.0614722Z copying src/embed_optim/factorial_v3_bound_trainer.py -> embedding_optimizer_study-0.1.0/src/embed_optim
2026-09-13T16:25:44.0618529Z copying src/embed_optim/factorial_v3_calibration.py -> embedding_optimizer_study-0.1.0/src/embed_optim
2026-09-13T16:25:44.0622426Z copying src/embed_optim/factorial_v3_checkpoint.py -> embedding_optimizer_study-0.1.0/src/embed_optim
2026-09-13T16:25:44.0625876Z copying src/embed_optim/factorial_v3_factory.py -> embedding_optimizer_study-0.1.0/src/embed_optim
2026-09-13T16:25:44.0629225Z copying src/embed_optim/factorial_v3_inputs.py -> embedding_optimizer_study-0.1.0/src/embed_optim
2026-09-13T16:25:44.0633868Z copying src/embed_optim/factorial_v3_optimizer.py -> embedding_optimizer_study-0.1.0/src/embed_optim
2026-09-13T16:25:44.0637119Z copying src/embed_optim/factorial_v3_run_contract.py -> embedding_optimizer_study-0.1.0/src/embed_optim
2026-09-13T16:25:44.0641356Z copying src/embed_optim/factorial_v3_trainer.py -> embedding_optimizer_study-0.1.0/src/embed_optim
2026-09-13T16:25:44.0645419Z copying src/embed_optim/factorial_v3_worker.py -> embedding_optimizer_study-0.1.0/src/embed_optim
2026-09-13T16:25:44.0649280Z copying src/embed_optim/family_training_queue.py -> embedding_optimizer_study-0.1.0/src/embed_optim
2026-09-13T16:25:44.0653543Z copying src/embed_optim/functional_intervention.py -> embedding_optimizer_study-0.1.0/src/embed_optim
2026-09-13T16:25:44.0657114Z copying src/embed_optim/functional_intervention_matrix.py -> embedding_optimizer_study-0.1.0/src/embed_optim
2026-09-13T16:25:44.0661103Z copying src/embed_optim/functional_intervention_summary.py -> embedding_optimizer_study-0.1.0/src/embed_optim
2026-09-13T16:25:44.0664963Z copying src/embed_optim/geometry.py -> embedding_optimizer_study-0.1.0/src/embed_optim
2026-09-13T16:25:44.0668793Z copying src/embed_optim/geometry_plot.py -> embedding_optimizer_study-0.1.0/src/embed_optim
2026-09-13T16:25:44.0672589Z copying src/embed_optim/geometry_robustness.py -> embedding_optimizer_study-0.1.0/src/embed_optim
2026-09-13T16:25:44.0675609Z copying src/embed_optim/geometry_summary.py -> embedding_optimizer_study-0.1.0/src/embed_optim
2026-09-13T16:25:44.0679235Z copying src/embed_optim/gpu_lease.py -> embedding_optimizer_study-0.1.0/src/embed_optim
2026-09-13T16:25:44.0681114Z copying src/embed_optim/gradient_probe.py -> embedding_optimizer_study-0.1.0/src/embed_optim
2026-09-13T16:25:44.0685339Z copying src/embed_optim/hybrid_control.py -> embedding_optimizer_study-0.1.0/src/embed_optim
2026-09-13T16:25:44.0689417Z copying src/embed_optim/hybrid_evaluation.py -> embedding_optimizer_study-0.1.0/src/embed_optim
2026-09-13T16:25:44.0692707Z copying src/embed_optim/incremental_checkpoint_backup.py -> embedding_optimizer_study-0.1.0/src/embed_optim
2026-09-13T16:25:44.0696216Z copying src/embed_optim/local_global_reversal.py -> embedding_optimizer_study-0.1.0/src/embed_optim
2026-09-13T16:25:44.0699965Z copying src/embed_optim/losses.py -> embedding_optimizer_study-0.1.0/src/embed_optim
2026-09-13T16:25:44.0701670Z copying src/embed_optim/matrix.py -> embedding_optimizer_study-0.1.0/src/embed_optim
2026-09-13T16:25:44.0705537Z copying src/embed_optim/matrix_handoff_guard.py -> embedding_optimizer_study-0.1.0/src/embed_optim
2026-09-13T16:25:44.0730514Z copying src/embed_optim/mechanism_bridge.py -> embedding_optimizer_study-0.1.0/src/embed_optim
2026-09-13T16:25:44.0735490Z copying src/embed_optim/mechanism_report.py -> embedding_optimizer_study-0.1.0/src/embed_optim
2026-09-13T16:25:44.0744124Z copying src/embed_optim/optimizer_state_devices.py -> embedding_optimizer_study-0.1.0/src/embed_optim
2026-09-13T16:25:44.0747095Z copying src/embed_optim/optimizers.py -> embedding_optimizer_study-0.1.0/src/embed_optim
2026-09-13T16:25:44.0748599Z copying src/embed_optim/outcome_report.py -> embedding_optimizer_study-0.1.0/src/embed_optim
2026-09-13T16:25:44.0755141Z copying src/embed_optim/packing_invariance.py -> embedding_optimizer_study-0.1.0/src/embed_optim
2026-09-13T16:25:44.0758433Z copying src/embed_optim/paper_audit.py -> embedding_optimizer_study-0.1.0/src/embed_optim
2026-09-13T16:25:44.0765607Z copying src/embed_optim/paper_layout.py -> embedding_optimizer_study-0.1.0/src/embed_optim
2026-09-13T16:25:44.0769344Z copying src/embed_optim/paper_reproduction.py -> embedding_optimizer_study-0.1.0/src/embed_optim
2026-09-13T16:25:44.0773549Z copying src/embed_optim/paper_results.py -> embedding_optimizer_study-0.1.0/src/embed_optim
2026-09-13T16:25:44.0780302Z copying src/embed_optim/post_eval_pipeline.py -> embedding_optimizer_study-0.1.0/src/embed_optim
2026-09-13T16:25:44.0786750Z copying src/embed_optim/primary_completion.py -> embedding_optimizer_study-0.1.0/src/embed_optim
2026-09-13T16:25:44.0789087Z copying src/embed_optim/primary_contract.py -> embedding_optimizer_study-0.1.0/src/embed_optim
2026-09-13T16:25:44.0790993Z copying src/embed_optim/primary_data_revision.py -> embedding_optimizer_study-0.1.0/src/embed_optim
2026-09-13T16:25:44.0794598Z copying src/embed_optim/primary_dimension_probe.py -> embedding_optimizer_study-0.1.0/src/embed_optim
2026-09-13T16:25:44.0798709Z copying src/embed_optim/primary_exact_geometry_kernels.py -> embedding_optimizer_study-0.1.0/src/embed_optim
2026-09-13T16:25:44.0802567Z copying src/embed_optim/primary_geometry_kernels.py -> embedding_optimizer_study-0.1.0/src/embed_optim
2026-09-13T16:25:44.0806438Z copying src/embed_optim/primary_geometry_reductions.py -> embedding_optimizer_study-0.1.0/src/embed_optim
2026-09-13T16:25:44.0809849Z copying src/embed_optim/primary_io.py -> embedding_optimizer_study-0.1.0/src/embed_optim
2026-09-13T16:25:44.0812156Z copying src/embed_optim/primary_training.py -> embedding_optimizer_study-0.1.0/src/embed_optim
2026-09-13T16:25:44.0814208Z copying src/embed_optim/primary_v3_bridge.py -> embedding_optimizer_study-0.1.0/src/embed_optim
2026-09-13T16:25:44.0818444Z copying src/embed_optim/primary_v3_completion.py -> embedding_optimizer_study-0.1.0/src/embed_optim
2026-09-13T16:25:44.0821133Z copying src/embed_optim/primary_v3_contract.py -> embedding_optimizer_study-0.1.0/src/embed_optim
2026-09-13T16:25:44.0823479Z copying src/embed_optim/primary_v3_dimension_contract.py -> embedding_optimizer_study-0.1.0/src/embed_optim
2026-09-13T16:25:44.0826834Z copying src/embed_optim/primary_v3_dimension_exports.py -> embedding_optimizer_study-0.1.0/src/embed_optim
2026-09-13T16:25:44.0831859Z copying src/embed_optim/primary_v3_dimension_inference.py -> embedding_optimizer_study-0.1.0/src/embed_optim
2026-09-13T16:25:44.0835379Z copying src/embed_optim/primary_v3_dimension_vector_io.py -> embedding_optimizer_study-0.1.0/src/embed_optim
2026-09-13T16:25:44.0839023Z copying src/embed_optim/primary_v3_dimensions.py -> embedding_optimizer_study-0.1.0/src/embed_optim
2026-09-13T16:25:44.0842589Z copying src/embed_optim/primary_v3_exact_bridge.py -> embedding_optimizer_study-0.1.0/src/embed_optim
2026-09-13T16:25:44.0846582Z copying src/embed_optim/primary_v3_exact_geometry.py -> embedding_optimizer_study-0.1.0/src/embed_optim
2026-09-13T16:25:44.0850620Z copying src/embed_optim/primary_v3_exact_geometry_io.py -> embedding_optimizer_study-0.1.0/src/embed_optim
2026-09-13T16:25:44.0855120Z copying src/embed_optim/primary_v3_exact_geometry_primitives.py -> embedding_optimizer_study-0.1.0/src/embed_optim
2026-09-13T16:25:44.0858635Z copying src/embed_optim/primary_v3_exact_publication.py -> embedding_optimizer_study-0.1.0/src/embed_optim
2026-09-13T16:25:44.0862152Z copying src/embed_optim/primary_v3_exact_publication_contract.py -> embedding_optimizer_study-0.1.0/src/embed_optim
2026-09-13T16:25:44.0865919Z copying src/embed_optim/primary_v3_exact_publication_render.py -> embedding_optimizer_study-0.1.0/src/embed_optim
2026-09-13T16:25:44.0869313Z copying src/embed_optim/primary_v3_exact_reconstruction.py -> embedding_optimizer_study-0.1.0/src/embed_optim
2026-09-13T16:25:44.0872990Z copying src/embed_optim/primary_v3_exact_reconstruction_archive.py -> embedding_optimizer_study-0.1.0/src/embed_optim
2026-09-13T16:25:44.0876641Z copying src/embed_optim/primary_v3_geometry.py -> embedding_optimizer_study-0.1.0/src/embed_optim
2026-09-13T16:25:44.0881169Z copying src/embed_optim/primary_v3_geometry_io.py -> embedding_optimizer_study-0.1.0/src/embed_optim
2026-09-13T16:25:44.0885028Z copying src/embed_optim/primary_v3_geometry_primitives.py -> embedding_optimizer_study-0.1.0/src/embed_optim
2026-09-13T16:25:44.0888916Z copying src/embed_optim/primary_v3_geometry_reconstruction.py -> embedding_optimizer_study-0.1.0/src/embed_optim
2026-09-13T16:25:44.0892346Z copying src/embed_optim/primary_v3_io.py -> embedding_optimizer_study-0.1.0/src/embed_optim
2026-09-13T16:25:44.0894695Z copying src/embed_optim/primary_v3_joint_reconstruction.py -> embedding_optimizer_study-0.1.0/src/embed_optim
2026-09-13T16:25:44.0898554Z copying src/embed_optim/primary_v3_manuscript.py -> embedding_optimizer_study-0.1.0/src/embed_optim
2026-09-13T16:25:44.0902160Z copying src/embed_optim/primary_v3_manuscript_build.py -> embedding_optimizer_study-0.1.0/src/embed_optim
2026-09-13T16:25:44.0906215Z copying src/embed_optim/primary_v3_outcome_primitives.py -> embedding_optimizer_study-0.1.0/src/embed_optim
2026-09-13T16:25:44.0910420Z copying src/embed_optim/primary_v3_outcome_reconstruction.py -> embedding_optimizer_study-0.1.0/src/embed_optim
2026-09-13T16:25:44.0914181Z copying src/embed_optim/primary_v3_outcomes.py -> embedding_optimizer_study-0.1.0/src/embed_optim
2026-09-13T16:25:44.0918476Z copying src/embed_optim/primary_v3_paper_layout.py -> embedding_optimizer_study-0.1.0/src/embed_optim
2026-09-13T16:25:44.0921686Z copying src/embed_optim/primary_v3_publication.py -> embedding_optimizer_study-0.1.0/src/embed_optim
2026-09-13T16:25:44.0925829Z copying src/embed_optim/primary_v3_publication_archive.py -> embedding_optimizer_study-0.1.0/src/embed_optim
2026-09-13T16:25:44.0929164Z copying src/embed_optim/primary_v3_publication_bridge.py -> embedding_optimizer_study-0.1.0/src/embed_optim
2026-09-13T16:25:44.0932544Z copying src/embed_optim/primary_v3_publication_contract.py -> embedding_optimizer_study-0.1.0/src/embed_optim
2026-09-13T16:25:44.0935919Z copying src/embed_optim/primary_v3_publication_reconstruction.py -> embedding_optimizer_study-0.1.0/src/embed_optim
2026-09-13T16:25:44.0939372Z copying src/embed_optim/primary_v3_publication_render.py -> embedding_optimizer_study-0.1.0/src/embed_optim
2026-09-13T16:25:44.0942955Z copying src/embed_optim/primary_v3_publication_tables.py -> embedding_optimizer_study-0.1.0/src/embed_optim
2026-09-13T16:25:44.0946471Z copying src/embed_optim/primary_v3_reconstruction_authoring.py -> embedding_optimizer_study-0.1.0/src/embed_optim
2026-09-13T16:25:44.0950912Z copying src/embed_optim/primary_v3_reconstruction_inputs.py -> embedding_optimizer_study-0.1.0/src/embed_optim
2026-09-13T16:25:44.0954670Z copying src/embed_optim/primary_v3_reconstruction_sources.py -> embedding_optimizer_study-0.1.0/src/embed_optim
2026-09-13T16:25:44.0958709Z copying src/embed_optim/primary_v3_training.py -> embedding_optimizer_study-0.1.0/src/embed_optim
2026-09-13T16:25:44.0960316Z copying src/embed_optim/primary_v3_validation.py -> embedding_optimizer_study-0.1.0/src/embed_optim
2026-09-13T16:25:44.0964369Z copying src/embed_optim/primary_v3_validation_io.py -> embedding_optimizer_study-0.1.0/src/embed_optim
2026-09-13T16:25:44.0968472Z copying src/embed_optim/primary_v3_vector_reconstruction.py -> embedding_optimizer_study-0.1.0/src/embed_optim
2026-09-13T16:25:44.0971861Z copying src/embed_optim/primary_weight_entries.py -> embedding_optimizer_study-0.1.0/src/embed_optim
2026-09-13T16:25:44.0975761Z copying src/embed_optim/probe_export.py -> embedding_optimizer_study-0.1.0/src/embed_optim
2026-09-13T16:25:44.0979792Z copying src/embed_optim/probe_matrix.py -> embedding_optimizer_study-0.1.0/src/embed_optim
2026-09-13T16:25:44.0983569Z copying src/embed_optim/probes.py -> embedding_optimizer_study-0.1.0/src/embed_optim
2026-09-13T16:25:44.0987246Z copying src/embed_optim/pylate_compat.py -> embedding_optimizer_study-0.1.0/src/embed_optim
2026-09-13T16:25:44.0990518Z copying src/embed_optim/reconstruction_files.py -> embedding_optimizer_study-0.1.0/src/embed_optim
2026-09-13T16:25:44.0993957Z copying src/embed_optim/representation_geometry.py -> embedding_optimizer_study-0.1.0/src/embed_optim
2026-09-13T16:25:44.0999805Z copying src/embed_optim/representation_plot.py -> embedding_optimizer_study-0.1.0/src/embed_optim
2026-09-13T16:25:44.1003665Z copying src/embed_optim/representation_summary.py -> embedding_optimizer_study-0.1.0/src/embed_optim
2026-09-13T16:25:44.1007193Z copying src/embed_optim/retrieval_dynamics.py -> embedding_optimizer_study-0.1.0/src/embed_optim
2026-09-13T16:25:44.1012627Z copying src/embed_optim/runtime.py -> embedding_optimizer_study-0.1.0/src/embed_optim
2026-09-13T16:25:44.1014432Z copying src/embed_optim/saved_factorial_checkpoint.py -> embedding_optimizer_study-0.1.0/src/embed_optim
2026-09-13T16:25:44.1018212Z copying src/embed_optim/scope.py -> embedding_optimizer_study-0.1.0/src/embed_optim
2026-09-13T16:25:44.1022022Z copying src/embed_optim/sealed_checkpoint_supervisor.py -> embedding_optimizer_study-0.1.0/src/embed_optim
2026-09-13T16:25:44.1026168Z copying src/embed_optim/short_branch.py -> embedding_optimizer_study-0.1.0/src/embed_optim
2026-09-13T16:25:44.1028299Z copying src/embed_optim/short_branch_evaluation.py -> embedding_optimizer_study-0.1.0/src/embed_optim
2026-09-13T16:25:44.1032363Z copying src/embed_optim/short_branch_summary.py -> embedding_optimizer_study-0.1.0/src/embed_optim
2026-09-13T16:25:44.1036529Z copying src/embed_optim/spectral_transplant.py -> embedding_optimizer_study-0.1.0/src/embed_optim
2026-09-13T16:25:44.1042469Z copying src/embed_optim/spectral_transplant_matrix.py -> embedding_optimizer_study-0.1.0/src/embed_optim
2026-09-13T16:25:44.1046311Z copying src/embed_optim/spectral_transplant_summary.py -> embedding_optimizer_study-0.1.0/src/embed_optim
2026-09-13T16:25:44.1049872Z copying src/embed_optim/state_operator_factorial.py -> embedding_optimizer_study-0.1.0/src/embed_optim
2026-09-13T16:25:44.1055998Z copying src/embed_optim/state_operator_factorial_backup.py -> embedding_optimizer_study-0.1.0/src/embed_optim
2026-09-13T16:25:44.1059354Z copying src/embed_optim/state_operator_factorial_completion.py -> embedding_optimizer_study-0.1.0/src/embed_optim
2026-09-13T16:25:44.1063637Z copying src/embed_optim/state_operator_factorial_contract.py -> embedding_optimizer_study-0.1.0/src/embed_optim
2026-09-13T16:25:44.1066716Z copying src/embed_optim/state_operator_factorial_evaluation.py -> embedding_optimizer_study-0.1.0/src/embed_optim
2026-09-13T16:25:44.1070266Z copying src/embed_optim/state_operator_factorial_probe.py -> embedding_optimizer_study-0.1.0/src/embed_optim
2026-09-13T16:25:44.1074946Z copying src/embed_optim/state_operator_factorial_publication.py -> embedding_optimizer_study-0.1.0/src/embed_optim
2026-09-13T16:25:44.1078689Z copying src/embed_optim/state_operator_factorial_summary.py -> embedding_optimizer_study-0.1.0/src/embed_optim
2026-09-13T16:25:44.1083080Z copying src/embed_optim/state_operator_factorial_training.py -> embedding_optimizer_study-0.1.0/src/embed_optim
2026-09-13T16:25:44.1086331Z copying src/embed_optim/supervisor.py -> embedding_optimizer_study-0.1.0/src/embed_optim
2026-09-13T16:25:44.1090115Z copying src/embed_optim/supplemental_training_audit.py -> embedding_optimizer_study-0.1.0/src/embed_optim
2026-09-13T16:25:44.1093847Z copying src/embed_optim/tail_stability.py -> embedding_optimizer_study-0.1.0/src/embed_optim
2026-09-13T16:25:44.1100146Z copying src/embed_optim/temporal_short_branch.py -> embedding_optimizer_study-0.1.0/src/embed_optim
2026-09-13T16:25:44.1104357Z copying src/embed_optim/temporal_short_branch_predictors.py -> embedding_optimizer_study-0.1.0/src/embed_optim
2026-09-13T16:25:44.1107856Z copying src/embed_optim/three_regime_diagnostic.py -> embedding_optimizer_study-0.1.0/src/embed_optim
2026-09-13T16:25:44.1111723Z copying src/embed_optim/train.py -> embedding_optimizer_study-0.1.0/src/embed_optim
2026-09-13T16:25:44.1113846Z copying src/embed_optim/training_dynamics.py -> embedding_optimizer_study-0.1.0/src/embed_optim
2026-09-13T16:25:44.1117725Z copying src/embed_optim/training_dynamics_plot.py -> embedding_optimizer_study-0.1.0/src/embed_optim
2026-09-13T16:25:44.1121806Z copying src/embed_optim/update_geometry.py -> embedding_optimizer_study-0.1.0/src/embed_optim
2026-09-13T16:25:44.1125609Z copying src/embed_optim/validation_data.py -> embedding_optimizer_study-0.1.0/src/embed_optim
2026-09-13T16:25:44.1129527Z copying src/embed_optim/validation_evaluation.py -> embedding_optimizer_study-0.1.0/src/embed_optim
2026-09-13T16:25:44.1133725Z copying src/embed_optim/validation_matrix.py -> embedding_optimizer_study-0.1.0/src/embed_optim
2026-09-13T16:25:44.1137320Z copying src/embed_optim/validation_summary.py -> embedding_optimizer_study-0.1.0/src/embed_optim
2026-09-13T16:25:44.1140485Z copying src/embed_optim/wandb_dense_provenance_audit.py -> embedding_optimizer_study-0.1.0/src/embed_optim
2026-09-13T16:25:44.1144504Z copying src/embed_optim/wandb_sync.py -> embedding_optimizer_study-0.1.0/src/embed_optim
2026-09-13T16:25:44.1148304Z copying src/embed_optim_restore/__init__.py -> embedding_optimizer_study-0.1.0/src/embed_optim_restore
2026-09-13T16:25:44.1151181Z copying src/embed_optim_restore/__main__.py -> embedding_optimizer_study-0.1.0/src/embed_optim_restore
2026-09-13T16:25:44.1154264Z copying src/embed_optim_restore/entry.py -> embedding_optimizer_study-0.1.0/src/embed_optim_restore
2026-09-13T16:25:44.1157269Z copying src/embed_optim_restore/equality.py -> embedding_optimizer_study-0.1.0/src/embed_optim_restore
2026-09-13T16:25:44.1160106Z copying src/embed_optim_restore/gate.py -> embedding_optimizer_study-0.1.0/src/embed_optim_restore
2026-09-13T16:25:44.1163751Z copying src/embed_optim_restore/paired.py -> embedding_optimizer_study-0.1.0/src/embed_optim_restore
2026-09-13T16:25:44.1166648Z copying src/embed_optim_restore/reference.py -> embedding_optimizer_study-0.1.0/src/embed_optim_restore
2026-09-13T16:25:44.1169751Z copying src/embed_optim_restore/step_devices.py -> embedding_optimizer_study-0.1.0/src/embed_optim_restore
2026-09-13T16:25:44.1173463Z copying src/embed_optim_restore/trace.py -> embedding_optimizer_study-0.1.0/src/embed_optim_restore
2026-09-13T16:25:44.1176461Z copying src/embed_optim_restore/references/a-0-cold.json -> embedding_optimizer_study-0.1.0/src/embed_optim_restore/references
2026-09-13T16:25:44.1185522Z copying src/embed_optim_restore/references/a-0-warm.json -> embedding_optimizer_study-0.1.0/src/embed_optim_restore/references
2026-09-13T16:25:44.1196420Z copying src/embed_optim_restore/references/a-1-cold.json -> embedding_optimizer_study-0.1.0/src/embed_optim_restore/references
2026-09-13T16:25:44.1207654Z copying src/embed_optim_restore/references/a-1-warm.json -> embedding_optimizer_study-0.1.0/src/embed_optim_restore/references
2026-09-13T16:25:44.1218338Z copying src/embed_optim_restore/references/a-2-cold.json -> embedding_optimizer_study-0.1.0/src/embed_optim_restore/references
2026-09-13T16:25:44.1227436Z copying src/embed_optim_restore/references/a-2-warm.json -> embedding_optimizer_study-0.1.0/src/embed_optim_restore/references
2026-09-13T16:25:44.1239127Z copying src/embed_optim_restore/references/a-3-cold.json -> embedding_optimizer_study-0.1.0/src/embed_optim_restore/references
2026-09-13T16:25:44.1247814Z copying src/embed_optim_restore/references/a-3-warm.json -> embedding_optimizer_study-0.1.0/src/embed_optim_restore/references
2026-09-13T16:25:44.1255206Z copying src/embed_optim_restore/references/b-0-cold.json -> embedding_optimizer_study-0.1.0/src/embed_optim_restore/references
2026-09-13T16:25:44.1263834Z copying src/embed_optim_restore/references/b-0-warm.json -> embedding_optimizer_study-0.1.0/src/embed_optim_restore/references
2026-09-13T16:25:44.1270715Z copying src/embed_optim_restore/references/b-1-cold.json -> embedding_optimizer_study-0.1.0/src/embed_optim_restore/references
2026-09-13T16:25:44.1278819Z copying src/embed_optim_restore/references/b-1-warm.json -> embedding_optimizer_study-0.1.0/src/embed_optim_restore/references
2026-09-13T16:25:44.1286052Z copying src/embed_optim_restore/references/b-2-cold.json -> embedding_optimizer_study-0.1.0/src/embed_optim_restore/references
2026-09-13T16:25:44.1292929Z copying src/embed_optim_restore/references/b-2-warm.json -> embedding_optimizer_study-0.1.0/src/embed_optim_restore/references
2026-09-13T16:25:44.1300171Z copying src/embed_optim_restore/references/b-3-cold.json -> embedding_optimizer_study-0.1.0/src/embed_optim_restore/references
2026-09-13T16:25:44.1307055Z copying src/embed_optim_restore/references/b-3-warm.json -> embedding_optimizer_study-0.1.0/src/embed_optim_restore/references
2026-09-13T16:25:44.1313849Z copying src/embedding_optimizer_study.egg-info/PKG-INFO -> embedding_optimizer_study-0.1.0/src/embedding_optimizer_study.egg-info
2026-09-13T16:25:44.1315447Z copying src/embedding_optimizer_study.egg-info/SOURCES.txt -> embedding_optimizer_study-0.1.0/src/embedding_optimizer_study.egg-info
2026-09-13T16:25:44.1317669Z copying src/embedding_optimizer_study.egg-info/dependency_links.txt -> embedding_optimizer_study-0.1.0/src/embedding_optimizer_study.egg-info
2026-09-13T16:25:44.1319896Z copying src/embedding_optimizer_study.egg-info/entry_points.txt -> embedding_optimizer_study-0.1.0/src/embedding_optimizer_study.egg-info
2026-09-13T16:25:44.1322064Z copying src/embedding_optimizer_study.egg-info/requires.txt -> embedding_optimizer_study-0.1.0/src/embedding_optimizer_study.egg-info
2026-09-13T16:25:44.1323529Z copying src/embedding_optimizer_study.egg-info/top_level.txt -> embedding_optimizer_study-0.1.0/src/embedding_optimizer_study.egg-info
2026-09-13T16:25:44.1324805Z copying tests/test_aggregate.py -> embedding_optimizer_study-0.1.0/tests
2026-09-13T16:25:44.1330718Z copying tests/test_basis_sensitivity.py -> embedding_optimizer_study-0.1.0/tests
2026-09-13T16:25:44.1334190Z copying tests/test_beir_probe.py -> embedding_optimizer_study-0.1.0/tests
2026-09-13T16:25:44.1337492Z copying tests/test_bridge_numerics.py -> embedding_optimizer_study-0.1.0/tests
2026-09-13T16:25:44.1341566Z copying tests/test_candidate_breadth_data.py -> embedding_optimizer_study-0.1.0/tests
2026-09-13T16:25:44.1345154Z copying tests/test_candidate_breadth_evaluation.py -> embedding_optimizer_study-0.1.0/tests
2026-09-13T16:25:44.1348562Z copying tests/test_candidate_breadth_matrix.py -> embedding_optimizer_study-0.1.0/tests
2026-09-13T16:25:44.1351922Z copying tests/test_candidate_breadth_publication.py -> embedding_optimizer_study-0.1.0/tests
2026-09-13T16:25:44.1355768Z copying tests/test_candidate_breadth_release.py -> embedding_optimizer_study-0.1.0/tests
2026-09-13T16:25:44.1359471Z copying tests/test_candidate_breadth_summary.py -> embedding_optimizer_study-0.1.0/tests
2026-09-13T16:25:44.1363162Z copying tests/test_causal_chain_reporting.py -> embedding_optimizer_study-0.1.0/tests
2026-09-13T16:25:44.1368538Z copying tests/test_checkpoint_download.py -> embedding_optimizer_study-0.1.0/tests
2026-09-13T16:25:44.1371894Z copying tests/test_checkpoint_optimizer_resume.py -> embedding_optimizer_study-0.1.0/tests
2026-09-13T16:25:44.1374808Z copying tests/test_checkpoint_watch.py -> embedding_optimizer_study-0.1.0/tests
2026-09-13T16:25:44.1378161Z copying tests/test_collators.py -> embedding_optimizer_study-0.1.0/tests
2026-09-13T16:25:44.1382499Z copying tests/test_common_state_matrix.py -> embedding_optimizer_study-0.1.0/tests
2026-09-13T16:25:44.1386631Z copying tests/test_common_state_spectra.py -> embedding_optimizer_study-0.1.0/tests
2026-09-13T16:25:44.1391131Z copying tests/test_common_state_spectrum_plot.py -> embedding_optimizer_study-0.1.0/tests
2026-09-13T16:25:44.1394451Z copying tests/test_common_state_summary.py -> embedding_optimizer_study-0.1.0/tests
2026-09-13T16:25:44.1398102Z copying tests/test_completion_backup_contract_migration.py -> embedding_optimizer_study-0.1.0/tests
2026-09-13T16:25:44.1401688Z copying tests/test_completion_contract_migration.py -> embedding_optimizer_study-0.1.0/tests
2026-09-13T16:25:44.1405265Z copying tests/test_config.py -> embedding_optimizer_study-0.1.0/tests
2026-09-13T16:25:44.1408829Z copying tests/test_confirmatory_data.py -> embedding_optimizer_study-0.1.0/tests
2026-09-13T16:25:44.1412699Z copying tests/test_confirmatory_evaluation.py -> embedding_optimizer_study-0.1.0/tests
2026-09-13T16:25:44.1416551Z copying tests/test_confirmatory_matrix.py -> embedding_optimizer_study-0.1.0/tests
2026-09-13T16:25:44.1420125Z copying tests/test_corpus_size_diagnostic.py -> embedding_optimizer_study-0.1.0/tests
2026-09-13T16:25:44.1424285Z copying tests/test_corrected_checkpoint_backup.py -> embedding_optimizer_study-0.1.0/tests
2026-09-13T16:25:44.1427653Z copying tests/test_corrected_completion_pipeline.py -> embedding_optimizer_study-0.1.0/tests
2026-09-13T16:25:44.1430633Z copying tests/test_corrected_execution_sensitivity.py -> embedding_optimizer_study-0.1.0/tests
2026-09-13T16:25:44.1433790Z copying tests/test_corrected_geometry.py -> embedding_optimizer_study-0.1.0/tests
2026-09-13T16:25:44.1437117Z copying tests/test_corrected_input_execution.py -> embedding_optimizer_study-0.1.0/tests
2026-09-13T16:25:44.1440025Z copying tests/test_corrected_outcome_summary.py -> embedding_optimizer_study-0.1.0/tests
2026-09-13T16:25:44.1443378Z copying tests/test_corrected_progress.py -> embedding_optimizer_study-0.1.0/tests
2026-09-13T16:25:44.1446436Z copying tests/test_corrected_publication.py -> embedding_optimizer_study-0.1.0/tests
2026-09-13T16:25:44.1450569Z copying tests/test_corrected_retrieval_bridge.py -> embedding_optimizer_study-0.1.0/tests
2026-09-13T16:25:44.1454080Z copying tests/test_corrected_wandb_audit.py -> embedding_optimizer_study-0.1.0/tests
2026-09-13T16:25:44.1457200Z copying tests/test_current_distribution_surface.py -> embedding_optimizer_study-0.1.0/tests
2026-09-13T16:25:44.1460083Z copying tests/test_current_paper.py -> embedding_optimizer_study-0.1.0/tests
2026-09-13T16:25:44.1463629Z copying tests/test_current_primary_source.py -> embedding_optimizer_study-0.1.0/tests
2026-09-13T16:25:44.1465597Z copying tests/test_data.py -> embedding_optimizer_study-0.1.0/tests
2026-09-13T16:25:44.1468989Z copying tests/test_decontamination.py -> embedding_optimizer_study-0.1.0/tests
2026-09-13T16:25:44.1472479Z copying tests/test_dense_canonical_reduction_control.py -> embedding_optimizer_study-0.1.0/tests
2026-09-13T16:25:44.1476379Z copying tests/test_dense_canonical_replay_fingerprint.py -> embedding_optimizer_study-0.1.0/tests
2026-09-13T16:25:44.1479624Z copying tests/test_dense_completion_pipeline.py -> embedding_optimizer_study-0.1.0/tests
2026-09-13T16:25:44.1483454Z copying tests/test_dense_correction_candidate.py -> embedding_optimizer_study-0.1.0/tests
2026-09-13T16:25:44.1486497Z copying tests/test_dense_data_protection.py -> embedding_optimizer_study-0.1.0/tests
2026-09-13T16:25:44.1490717Z copying tests/test_dense_ddp_accumulation_audit.py -> embedding_optimizer_study-0.1.0/tests
2026-09-13T16:25:44.1494488Z copying tests/test_dense_eval_handoff.py -> embedding_optimizer_study-0.1.0/tests
2026-09-13T16:25:44.1498634Z copying tests/test_dense_evaluation_pause.py -> embedding_optimizer_study-0.1.0/tests
2026-09-13T16:25:44.1502053Z copying tests/test_dense_finalization_pipeline.py -> embedding_optimizer_study-0.1.0/tests
2026-09-13T16:25:44.1506400Z copying tests/test_dense_full_identity_validation.py -> embedding_optimizer_study-0.1.0/tests
2026-09-13T16:25:44.1509374Z copying tests/test_dense_full_model_normalization.py -> embedding_optimizer_study-0.1.0/tests
2026-09-13T16:25:44.1512364Z copying tests/test_dense_gpu_deterministic_control.py -> embedding_optimizer_study-0.1.0/tests
2026-09-13T16:25:44.1515124Z copying tests/test_dense_gpu_fresh_replay.py -> embedding_optimizer_study-0.1.0/tests
2026-09-13T16:25:44.1518572Z copying tests/test_dense_gpu_gradient_origin.py -> embedding_optimizer_study-0.1.0/tests
2026-09-13T16:25:44.1522189Z copying tests/test_dense_gpu_max_context_audit.py -> embedding_optimizer_study-0.1.0/tests
2026-09-13T16:25:44.1525347Z copying tests/test_dense_gpu_normalization_audit.py -> embedding_optimizer_study-0.1.0/tests
2026-09-13T16:25:44.1528274Z copying tests/test_dense_gpu_replay_update.py -> embedding_optimizer_study-0.1.0/tests
2026-09-13T16:25:44.1531688Z copying tests/test_dense_loss_contract_audit.py -> embedding_optimizer_study-0.1.0/tests
2026-09-13T16:25:44.1534768Z copying tests/test_dense_natural_data_audit.py -> embedding_optimizer_study-0.1.0/tests
2026-09-13T16:25:44.1537700Z copying tests/test_dense_no_packing_preflight.py -> embedding_optimizer_study-0.1.0/tests
2026-09-13T16:25:44.1540634Z copying tests/test_dense_numerical_contract.py -> embedding_optimizer_study-0.1.0/tests
2026-09-13T16:25:44.1542710Z copying tests/test_dense_partition_cache.py -> embedding_optimizer_study-0.1.0/tests
2026-09-13T16:25:44.1545742Z copying tests/test_dense_partition_reconstruction.py -> embedding_optimizer_study-0.1.0/tests
2026-09-13T16:25:44.1548698Z copying tests/test_dense_partition_revision.py -> embedding_optimizer_study-0.1.0/tests
2026-09-13T16:25:44.1552007Z copying tests/test_dense_predeployment_checks.py -> embedding_optimizer_study-0.1.0/tests
2026-09-13T16:25:44.1554953Z copying tests/test_dense_probe_coupling.py -> embedding_optimizer_study-0.1.0/tests
2026-09-13T16:25:44.1557981Z copying tests/test_dense_retrieval_dynamics_evaluation.py -> embedding_optimizer_study-0.1.0/tests
2026-09-13T16:25:44.1561453Z copying tests/test_dense_retrieval_dynamics_publication.py -> embedding_optimizer_study-0.1.0/tests
2026-09-13T16:25:44.1565032Z copying tests/test_dense_retrieval_dynamics_summary.py -> embedding_optimizer_study-0.1.0/tests
2026-09-13T16:25:44.1568344Z copying tests/test_dense_run_contract.py -> embedding_optimizer_study-0.1.0/tests
2026-09-13T16:25:44.1570051Z copying tests/test_dense_run_identity_proposal.py -> embedding_optimizer_study-0.1.0/tests
2026-09-13T16:25:44.1573506Z copying tests/test_dense_text_integrity.py -> embedding_optimizer_study-0.1.0/tests
2026-09-13T16:25:44.1576456Z copying tests/test_dense_trainer_normalization_candidate.py -> embedding_optimizer_study-0.1.0/tests
2026-09-13T16:25:44.1579457Z copying tests/test_dense_trainer_resume_audit.py -> embedding_optimizer_study-0.1.0/tests
2026-09-13T16:25:44.1582532Z copying tests/test_dimension_archive.py -> embedding_optimizer_study-0.1.0/tests
2026-09-13T16:25:44.1586169Z copying tests/test_dimension_inference.py -> embedding_optimizer_study-0.1.0/tests
2026-09-13T16:25:44.1589365Z copying tests/test_dimension_inference_reference.py -> embedding_optimizer_study-0.1.0/tests
2026-09-13T16:25:44.1592755Z copying tests/test_dimension_intervention_io.py -> embedding_optimizer_study-0.1.0/tests
2026-09-13T16:25:44.1595950Z copying tests/test_dimension_interventions.py -> embedding_optimizer_study-0.1.0/tests
2026-09-13T16:25:44.1599402Z copying tests/test_dimension_probe_inputs.py -> embedding_optimizer_study-0.1.0/tests
2026-09-13T16:25:44.1602569Z copying tests/test_dimension_publication.py -> embedding_optimizer_study-0.1.0/tests
2026-09-13T16:25:44.1606280Z copying tests/test_dimension_release.py -> embedding_optimizer_study-0.1.0/tests
2026-09-13T16:25:44.1610009Z copying tests/test_dimension_replay.py -> embedding_optimizer_study-0.1.0/tests
2026-09-13T16:25:44.1613622Z copying tests/test_dimension_utilization.py -> embedding_optimizer_study-0.1.0/tests
2026-09-13T16:25:44.1617133Z copying tests/test_distribution.py -> embedding_optimizer_study-0.1.0/tests
2026-09-13T16:25:44.1620546Z copying tests/test_distribution_audit.py -> embedding_optimizer_study-0.1.0/tests
2026-09-13T16:25:44.1623872Z copying tests/test_dose_band_analysis.py -> embedding_optimizer_study-0.1.0/tests
2026-09-13T16:25:44.1627528Z copying tests/test_evaluate_matrix.py -> embedding_optimizer_study-0.1.0/tests
2026-09-13T16:25:44.1631332Z copying tests/test_evaluation_progress.py -> embedding_optimizer_study-0.1.0/tests
2026-09-13T16:25:44.1635175Z copying tests/test_evaluation_source_provenance.py -> embedding_optimizer_study-0.1.0/tests
2026-09-13T16:25:44.1638705Z copying tests/test_evaluation_supervisor.py -> embedding_optimizer_study-0.1.0/tests
2026-09-13T16:25:44.1642112Z copying tests/test_exact_bridge_measurements.py -> embedding_optimizer_study-0.1.0/tests
2026-09-13T16:25:44.1645595Z copying tests/test_factorial_resume_order.py -> embedding_optimizer_study-0.1.0/tests
2026-09-13T16:25:44.1649136Z copying tests/test_factorial_v3_batches.py -> embedding_optimizer_study-0.1.0/tests
2026-09-13T16:25:44.1652287Z copying tests/test_factorial_v3_calibration.py -> embedding_optimizer_study-0.1.0/tests
2026-09-13T16:25:44.1656378Z copying tests/test_factorial_v3_factory.py -> embedding_optimizer_study-0.1.0/tests
2026-09-13T16:25:44.1660339Z copying tests/test_factorial_v3_input_roles.py -> embedding_optimizer_study-0.1.0/tests
2026-09-13T16:25:44.1669735Z copying tests/test_factorial_v3_optimizer.py -> embedding_optimizer_study-0.1.0/tests
2026-09-13T16:25:44.1673023Z copying tests/test_factorial_v3_run_contract.py -> embedding_optimizer_study-0.1.0/tests
2026-09-13T16:25:44.1677779Z copying tests/test_factorial_v3_trainer.py -> embedding_optimizer_study-0.1.0/tests
2026-09-13T16:25:44.1682068Z copying tests/test_factorial_v3_worker.py -> embedding_optimizer_study-0.1.0/tests
2026-09-13T16:25:44.1686092Z copying tests/test_family_training_queue.py -> embedding_optimizer_study-0.1.0/tests
2026-09-13T16:25:44.1689521Z copying tests/test_functional_intervention.py -> embedding_optimizer_study-0.1.0/tests
2026-09-13T16:25:44.1693655Z copying tests/test_geometry.py -> embedding_optimizer_study-0.1.0/tests
2026-09-13T16:25:44.1697488Z copying tests/test_geometry_plot.py -> embedding_optimizer_study-0.1.0/tests
2026-09-13T16:25:44.1701050Z copying tests/test_geometry_robustness.py -> embedding_optimizer_study-0.1.0/tests
2026-09-13T16:25:44.1704295Z copying tests/test_geometry_summary.py -> embedding_optimizer_study-0.1.0/tests
2026-09-13T16:25:44.1707442Z copying tests/test_gpu_lease.py -> embedding_optimizer_study-0.1.0/tests
2026-09-13T16:25:44.1711363Z copying tests/test_gradient_probe.py -> embedding_optimizer_study-0.1.0/tests
2026-09-13T16:25:44.1715112Z copying tests/test_hf_obsolete_cleanup.py -> embedding_optimizer_study-0.1.0/tests
2026-09-13T16:25:44.1718044Z copying tests/test_hf_withdrawal_dependencies.py -> embedding_optimizer_study-0.1.0/tests
2026-09-13T16:25:44.1722124Z copying tests/test_hybrid_control.py -> embedding_optimizer_study-0.1.0/tests
2026-09-13T16:25:44.1725460Z copying tests/test_incremental_checkpoint_backup.py -> embedding_optimizer_study-0.1.0/tests
2026-09-13T16:25:44.1729539Z copying tests/test_live_publication_header_hotfix.py -> embedding_optimizer_study-0.1.0/tests
2026-09-13T16:25:44.1733156Z copying tests/test_local_global_reversal.py -> embedding_optimizer_study-0.1.0/tests
2026-09-13T16:25:44.1736807Z copying tests/test_losses.py -> embedding_optimizer_study-0.1.0/tests
2026-09-13T16:25:44.1740386Z copying tests/test_main_handoff_recovery_migration.py -> embedding_optimizer_study-0.1.0/tests
2026-09-13T16:25:44.1744998Z copying tests/test_main_handoff_repair.py -> embedding_optimizer_study-0.1.0/tests
2026-09-13T16:25:44.1749498Z copying tests/test_main_resume_repair.py -> embedding_optimizer_study-0.1.0/tests
2026-09-13T16:25:44.1753463Z copying tests/test_matrix.py -> embedding_optimizer_study-0.1.0/tests
2026-09-13T16:25:44.1757795Z copying tests/test_matrix_handoff_guard.py -> embedding_optimizer_study-0.1.0/tests
2026-09-13T16:25:44.1762037Z copying tests/test_mechanism_bridge.py -> embedding_optimizer_study-0.1.0/tests
2026-09-13T16:25:44.1765519Z copying tests/test_mechanism_report.py -> embedding_optimizer_study-0.1.0/tests
2026-09-13T16:25:44.1769902Z copying tests/test_normuon_full_model_reference_audit.py -> embedding_optimizer_study-0.1.0/tests
2026-09-13T16:25:44.1773439Z copying tests/test_normuon_reference_edge_audit.py -> embedding_optimizer_study-0.1.0/tests
2026-09-13T16:25:44.1776884Z copying tests/test_optimizer_state_devices.py -> embedding_optimizer_study-0.1.0/tests
2026-09-13T16:25:44.1780351Z copying tests/test_optimizers.py -> embedding_optimizer_study-0.1.0/tests
2026-09-13T16:25:44.1784152Z copying tests/test_outcome_report.py -> embedding_optimizer_study-0.1.0/tests
2026-09-13T16:25:44.1788427Z copying tests/test_packing_invariance.py -> embedding_optimizer_study-0.1.0/tests
2026-09-13T16:25:44.1792211Z copying tests/test_paper_audit.py -> embedding_optimizer_study-0.1.0/tests
2026-09-13T16:25:44.1798352Z copying tests/test_paper_layout.py -> embedding_optimizer_study-0.1.0/tests
2026-09-13T16:25:44.1801738Z copying tests/test_paper_only_surface.py -> embedding_optimizer_study-0.1.0/tests
2026-09-13T16:25:44.1804722Z copying tests/test_paper_reproduction.py -> embedding_optimizer_study-0.1.0/tests
2026-09-13T16:25:44.1807850Z copying tests/test_paper_results.py -> embedding_optimizer_study-0.1.0/tests
2026-09-13T16:25:44.1812264Z copying tests/test_post_eval_pipeline.py -> embedding_optimizer_study-0.1.0/tests
2026-09-13T16:25:44.1815417Z copying tests/test_primary_completion.py -> embedding_optimizer_study-0.1.0/tests
2026-09-13T16:25:44.1830093Z copying tests/test_primary_contract.py -> embedding_optimizer_study-0.1.0/tests
2026-09-13T16:25:44.1833796Z copying tests/test_primary_data_revision.py -> embedding_optimizer_study-0.1.0/tests
2026-09-13T16:25:44.1837319Z copying tests/test_primary_dimension_probe.py -> embedding_optimizer_study-0.1.0/tests
2026-09-13T16:25:44.1841054Z copying tests/test_primary_geometry_reductions.py -> embedding_optimizer_study-0.1.0/tests
2026-09-13T16:25:44.1844741Z copying tests/test_primary_v3_bridge.py -> embedding_optimizer_study-0.1.0/tests
2026-09-13T16:25:44.1848959Z copying tests/test_primary_v3_chain.py -> embedding_optimizer_study-0.1.0/tests
2026-09-13T16:25:44.1853010Z copying tests/test_primary_v3_dimension_inference.py -> embedding_optimizer_study-0.1.0/tests
2026-09-13T16:25:44.1856720Z copying tests/test_primary_v3_dimension_vectors.py -> embedding_optimizer_study-0.1.0/tests
2026-09-13T16:25:44.1860927Z copying tests/test_primary_v3_dimensions.py -> embedding_optimizer_study-0.1.0/tests
2026-09-13T16:25:44.1864631Z copying tests/test_primary_v3_exact_bridge.py -> embedding_optimizer_study-0.1.0/tests
2026-09-13T16:25:44.1868135Z copying tests/test_primary_v3_exact_geometry.py -> embedding_optimizer_study-0.1.0/tests
2026-09-13T16:25:44.1872073Z copying tests/test_primary_v3_exact_publication.py -> embedding_optimizer_study-0.1.0/tests
2026-09-13T16:25:44.1876116Z copying tests/test_primary_v3_exact_reconstruction.py -> embedding_optimizer_study-0.1.0/tests
2026-09-13T16:25:44.1882351Z copying tests/test_primary_v3_geometry.py -> embedding_optimizer_study-0.1.0/tests
2026-09-13T16:25:44.1886186Z copying tests/test_primary_v3_geometry_reconstruction.py -> embedding_optimizer_study-0.1.0/tests
2026-09-13T16:25:44.1890294Z copying tests/test_primary_v3_joint_reconstruction.py -> embedding_optimizer_study-0.1.0/tests
2026-09-13T16:25:44.1893974Z copying tests/test_primary_v3_manuscript.py -> embedding_optimizer_study-0.1.0/tests
2026-09-13T16:25:44.1897282Z copying tests/test_primary_v3_manuscript_build.py -> embedding_optimizer_study-0.1.0/tests
2026-09-13T16:25:44.1900511Z copying tests/test_primary_v3_outcome_reconstruction.py -> embedding_optimizer_study-0.1.0/tests
2026-09-13T16:25:44.1904728Z copying tests/test_primary_v3_outcomes.py -> embedding_optimizer_study-0.1.0/tests
2026-09-13T16:25:44.1909140Z copying tests/test_primary_v3_paper_layout.py -> embedding_optimizer_study-0.1.0/tests
2026-09-13T16:25:44.1912894Z copying tests/test_primary_v3_publication.py -> embedding_optimizer_study-0.1.0/tests
2026-09-13T16:25:44.1917054Z copying tests/test_primary_v3_publication_reconstruction.py -> embedding_optimizer_study-0.1.0/tests
2026-09-13T16:25:44.1920576Z copying tests/test_primary_v3_reconstruction_sources.py -> embedding_optimizer_study-0.1.0/tests
2026-09-13T16:25:44.1924851Z copying tests/test_primary_v3_training_observations.py -> embedding_optimizer_study-0.1.0/tests
2026-09-13T16:25:44.1928067Z copying tests/test_primary_v3_validation.py -> embedding_optimizer_study-0.1.0/tests
2026-09-13T16:25:44.1932417Z copying tests/test_primary_v3_vector_reconstruction.py -> embedding_optimizer_study-0.1.0/tests
2026-09-13T16:25:44.1935934Z copying tests/test_primary_weight_entries.py -> embedding_optimizer_study-0.1.0/tests
2026-09-13T16:25:44.1939475Z copying tests/test_probe_export.py -> embedding_optimizer_study-0.1.0/tests
2026-09-13T16:25:44.1946425Z copying tests/test_probe_matrix.py -> embedding_optimizer_study-0.1.0/tests
2026-09-13T16:25:44.1947034Z copying tests/test_probes.py -> embedding_optimizer_study-0.1.0/tests
2026-09-13T16:25:44.1950600Z copying tests/test_reconstruction_files.py -> embedding_optimizer_study-0.1.0/tests
2026-09-13T16:25:44.1954206Z copying tests/test_repository_hygiene.py -> embedding_optimizer_study-0.1.0/tests
2026-09-13T16:25:44.1957094Z copying tests/test_representation_geometry.py -> embedding_optimizer_study-0.1.0/tests
2026-09-13T16:25:44.1961918Z copying tests/test_representation_plot.py -> embedding_optimizer_study-0.1.0/tests
2026-09-13T16:25:44.1964505Z copying tests/test_representation_summary.py -> embedding_optimizer_study-0.1.0/tests
2026-09-13T16:25:44.1968384Z copying tests/test_restore_entry.py -> embedding_optimizer_study-0.1.0/tests
2026-09-13T16:25:44.1974263Z copying tests/test_restore_gate.py -> embedding_optimizer_study-0.1.0/tests
2026-09-13T16:25:44.1977890Z copying tests/test_restore_paired.py -> embedding_optimizer_study-0.1.0/tests
2026-09-13T16:25:44.1982077Z copying tests/test_restore_primary_v3.py -> embedding_optimizer_study-0.1.0/tests
2026-09-13T16:25:44.1986000Z copying tests/test_restore_step_devices.py -> embedding_optimizer_study-0.1.0/tests
2026-09-13T16:25:44.1990168Z copying tests/test_restore_trace.py -> embedding_optimizer_study-0.1.0/tests
2026-09-13T16:25:44.1994089Z copying tests/test_retrieval_dynamics.py -> embedding_optimizer_study-0.1.0/tests
2026-09-13T16:25:44.1997748Z copying tests/test_runtime.py -> embedding_optimizer_study-0.1.0/tests
2026-09-13T16:25:44.2001156Z copying tests/test_saved_factorial_checkpoint.py -> embedding_optimizer_study-0.1.0/tests
2026-09-13T16:25:44.2004564Z copying tests/test_scope.py -> embedding_optimizer_study-0.1.0/tests
2026-09-13T16:25:44.2007983Z copying tests/test_sealed_checkpoint_supervisor.py -> embedding_optimizer_study-0.1.0/tests
2026-09-13T16:25:44.2011426Z copying tests/test_short_branch.py -> embedding_optimizer_study-0.1.0/tests
2026-09-13T16:25:44.2015373Z copying tests/test_short_branch_evaluation.py -> embedding_optimizer_study-0.1.0/tests
2026-09-13T16:25:44.2019274Z copying tests/test_short_branch_summary.py -> embedding_optimizer_study-0.1.0/tests
2026-09-13T16:25:44.2022552Z copying tests/test_source_roles.py -> embedding_optimizer_study-0.1.0/tests
2026-09-13T16:25:44.2026309Z copying tests/test_specialized_evaluation_entrypoints.py -> embedding_optimizer_study-0.1.0/tests
2026-09-13T16:25:44.2029627Z copying tests/test_spectral_transplant.py -> embedding_optimizer_study-0.1.0/tests
2026-09-13T16:25:44.2033369Z copying tests/test_state_operator_claim_wording.py -> embedding_optimizer_study-0.1.0/tests
2026-09-13T16:25:44.2036244Z copying tests/test_state_operator_factorial.py -> embedding_optimizer_study-0.1.0/tests
2026-09-13T16:25:44.2039904Z copying tests/test_state_operator_factorial_completion.py -> embedding_optimizer_study-0.1.0/tests
2026-09-13T16:25:44.2043801Z copying tests/test_state_operator_factorial_protocol.py -> embedding_optimizer_study-0.1.0/tests
2026-09-13T16:25:44.2046931Z copying tests/test_successor_parent_publication.py -> embedding_optimizer_study-0.1.0/tests
2026-09-13T16:25:44.2051146Z copying tests/test_supervisor.py -> embedding_optimizer_study-0.1.0/tests
2026-09-13T16:25:44.2054713Z copying tests/test_supplemental_training_audit.py -> embedding_optimizer_study-0.1.0/tests
2026-09-13T16:25:44.2057951Z copying tests/test_tail_stability.py -> embedding_optimizer_study-0.1.0/tests
2026-09-13T16:25:44.2062059Z copying tests/test_temporal_short_branch.py -> embedding_optimizer_study-0.1.0/tests
2026-09-13T16:25:44.2066046Z copying tests/test_temporal_short_branch_predictors.py -> embedding_optimizer_study-0.1.0/tests
2026-09-13T16:25:44.2069392Z copying tests/test_three_regime_diagnostic.py -> embedding_optimizer_study-0.1.0/tests
2026-09-13T16:25:44.2072883Z copying tests/test_train.py -> embedding_optimizer_study-0.1.0/tests
2026-09-13T16:25:44.2076221Z copying tests/test_training_artifact_backup.py -> embedding_optimizer_study-0.1.0/tests
2026-09-13T16:25:44.2079336Z copying tests/test_training_dynamics.py -> embedding_optimizer_study-0.1.0/tests
2026-09-13T16:25:44.2082780Z copying tests/test_training_dynamics_plot.py -> embedding_optimizer_study-0.1.0/tests
2026-09-13T16:25:44.2086278Z copying tests/test_update_geometry.py -> embedding_optimizer_study-0.1.0/tests
2026-09-13T16:25:44.2090485Z copying tests/test_validation_data.py -> embedding_optimizer_study-0.1.0/tests
2026-09-13T16:25:44.2107281Z copying tests/test_validation_pipeline.py -> embedding_optimizer_study-0.1.0/tests
2026-09-13T16:25:44.2108518Z copying tests/test_wandb_dense_provenance_audit.py -> embedding_optimizer_study-0.1.0/tests
2026-09-13T16:25:44.2110388Z copying tests/test_wandb_sync.py -> embedding_optimizer_study-0.1.0/tests
2026-09-13T16:25:44.2111510Z copying tests/test_weight_artifact_backup.py -> embedding_optimizer_study-0.1.0/tests
2026-09-13T16:25:44.2125757Z Writing embedding_optimizer_study-0.1.0/setup.cfg
2026-09-13T16:25:44.2127318Z Creating tar archive
2026-09-13T16:25:45.1860578Z removing 'embedding_optimizer_study-0.1.0' (and everything under it)
2026-09-13T16:25:45.3496931Z Building wheel from source distribution...
2026-09-13T16:25:45.7496555Z running egg_info
2026-09-13T16:25:45.7510427Z writing src/embedding_optimizer_study.egg-info/PKG-INFO
2026-09-13T16:25:45.7525818Z writing dependency_links to src/embedding_optimizer_study.egg-info/dependency_links.txt
2026-09-13T16:25:45.7536573Z writing entry points to src/embedding_optimizer_study.egg-info/entry_points.txt
2026-09-13T16:25:45.7545773Z writing requirements to src/embedding_optimizer_study.egg-info/requires.txt
2026-09-13T16:25:45.7547278Z writing top-level names to src/embedding_optimizer_study.egg-info/top_level.txt
2026-09-13T16:25:45.7668952Z reading manifest file 'src/embedding_optimizer_study.egg-info/SOURCES.txt'
2026-09-13T16:25:45.7731557Z reading manifest template 'MANIFEST.in'
2026-09-13T16:25:45.7732322Z adding license file 'LICENSE'
2026-09-13T16:25:45.7796497Z writing manifest file 'src/embedding_optimizer_study.egg-info/SOURCES.txt'
2026-09-13T16:25:45.9484718Z running bdist_wheel
2026-09-13T16:25:45.9538520Z running build
2026-09-13T16:25:45.9538906Z running build_py
2026-09-13T16:25:45.9554215Z creating build/lib/embed_optim_restore
2026-09-13T16:25:45.9557085Z copying src/embed_optim_restore/reference.py -> build/lib/embed_optim_restore
2026-09-13T16:25:45.9559421Z copying src/embed_optim_restore/step_devices.py -> build/lib/embed_optim_restore
2026-09-13T16:25:45.9561762Z copying src/embed_optim_restore/__init__.py -> build/lib/embed_optim_restore
2026-09-13T16:25:45.9563522Z copying src/embed_optim_restore/entry.py -> build/lib/embed_optim_restore
2026-09-13T16:25:45.9565747Z copying src/embed_optim_restore/trace.py -> build/lib/embed_optim_restore
2026-09-13T16:25:45.9567571Z copying src/embed_optim_restore/paired.py -> build/lib/embed_optim_restore
2026-09-13T16:25:45.9569618Z copying src/embed_optim_restore/__main__.py -> build/lib/embed_optim_restore
2026-09-13T16:25:45.9571892Z copying src/embed_optim_restore/gate.py -> build/lib/embed_optim_restore
2026-09-13T16:25:45.9573633Z copying src/embed_optim_restore/equality.py -> build/lib/embed_optim_restore
2026-09-13T16:25:45.9587828Z creating build/lib/embed_optim
2026-09-13T16:25:45.9589409Z copying src/embed_optim/dense_retrieval_dynamics_publication.py -> build/lib/embed_optim
2026-09-13T16:25:45.9592944Z copying src/embed_optim/primary_v3_publication_bridge.py -> build/lib/embed_optim
2026-09-13T16:25:45.9594105Z copying src/embed_optim/primary_v3_exact_geometry_io.py -> build/lib/embed_optim
2026-09-13T16:25:45.9596553Z copying src/embed_optim/dense_eval_handoff.py -> build/lib/embed_optim
2026-09-13T16:25:45.9598810Z copying src/embed_optim/primary_v3_publication.py -> build/lib/embed_optim
2026-09-13T16:25:45.9601297Z copying src/embed_optim/dimension_inference.py -> build/lib/embed_optim
2026-09-13T16:25:45.9603690Z copying src/embed_optim/gradient_probe.py -> build/lib/embed_optim
2026-09-13T16:25:45.9606186Z copying src/embed_optim/pylate_compat.py -> build/lib/embed_optim
2026-09-13T16:25:45.9608520Z copying src/embed_optim/dimension_inference_render.py -> build/lib/embed_optim
2026-09-13T16:25:45.9611108Z copying src/embed_optim/corrected_outcome_summary.py -> build/lib/embed_optim
2026-09-13T16:25:45.9613495Z copying src/embed_optim/functional_intervention.py -> build/lib/embed_optim
2026-09-13T16:25:45.9616125Z copying src/embed_optim/dimension_archive.py -> build/lib/embed_optim
2026-09-13T16:25:45.9618503Z copying src/embed_optim/primary_v3_completion.py -> build/lib/embed_optim
2026-09-13T16:25:45.9621091Z copying src/embed_optim/dimension_replay.py -> build/lib/embed_optim
2026-09-13T16:25:45.9623652Z copying src/embed_optim/common_state_summary.py -> build/lib/embed_optim
2026-09-13T16:25:45.9626225Z copying src/embed_optim/functional_intervention_matrix.py -> build/lib/embed_optim
2026-09-13T16:25:45.9628539Z copying src/embed_optim/short_branch_summary.py -> build/lib/embed_optim
2026-09-13T16:25:45.9631310Z copying src/embed_optim/primary_v3_exact_geometry.py -> build/lib/embed_optim
2026-09-13T16:25:45.9633644Z copying src/embed_optim/temporal_short_branch.py -> build/lib/embed_optim
2026-09-13T16:25:45.9636113Z copying src/embed_optim/primary_v3_publication_tables.py -> build/lib/embed_optim
2026-09-13T16:25:45.9638324Z copying src/embed_optim/distribution_audit.py -> build/lib/embed_optim
2026-09-13T16:25:45.9640926Z copying src/embed_optim/train.py -> build/lib/embed_optim
2026-09-13T16:25:45.9643383Z copying src/embed_optim/validation_evaluation.py -> build/lib/embed_optim
2026-09-13T16:25:45.9645738Z copying src/embed_optim/evaluation_source_provenance.py -> build/lib/embed_optim
2026-09-13T16:25:45.9648049Z copying src/embed_optim/validation_summary.py -> build/lib/embed_optim
2026-09-13T16:25:45.9650441Z copying src/embed_optim/factorial_v3_worker.py -> build/lib/embed_optim
2026-09-13T16:25:45.9653108Z copying src/embed_optim/spectral_transplant_matrix.py -> build/lib/embed_optim
2026-09-13T16:25:45.9655527Z copying src/embed_optim/primary_v3_validation.py -> build/lib/embed_optim
2026-09-13T16:25:45.9657862Z copying src/embed_optim/primary_v3_geometry_reconstruction.py -> build/lib/embed_optim
2026-09-13T16:25:45.9660124Z copying src/embed_optim/wandb_dense_provenance_audit.py -> build/lib/embed_optim
2026-09-13T16:25:45.9662676Z copying src/embed_optim/dose_band_analysis.py -> build/lib/embed_optim
2026-09-13T16:25:45.9665170Z copying src/embed_optim/complete_paper_document.py -> build/lib/embed_optim
2026-09-13T16:25:45.9667501Z copying src/embed_optim/validation_data.py -> build/lib/embed_optim
2026-09-13T16:25:45.9669985Z copying src/embed_optim/primary_v3_exact_publication_render.py -> build/lib/embed_optim
2026-09-13T16:25:45.9672319Z copying src/embed_optim/primary_v3_exact_publication.py -> build/lib/embed_optim
2026-09-13T16:25:45.9674661Z copying src/embed_optim/state_operator_factorial_backup.py -> build/lib/embed_optim
2026-09-13T16:25:45.9676929Z copying src/embed_optim/primary_v3_exact_bridge.py -> build/lib/embed_optim
2026-09-13T16:25:45.9679305Z copying src/embed_optim/dense_run_contract.py -> build/lib/embed_optim
2026-09-13T16:25:45.9681877Z copying src/embed_optim/short_branch.py -> build/lib/embed_optim
2026-09-13T16:25:45.9684291Z copying src/embed_optim/short_branch_evaluation.py -> build/lib/embed_optim
2026-09-13T16:25:45.9686628Z copying src/embed_optim/__init__.py -> build/lib/embed_optim
2026-09-13T16:25:45.9688834Z copying src/embed_optim/local_global_reversal.py -> build/lib/embed_optim
2026-09-13T16:25:45.9691617Z copying src/embed_optim/optimizer_state_devices.py -> build/lib/embed_optim
2026-09-13T16:25:45.9693952Z copying src/embed_optim/evaluation_supervisor.py -> build/lib/embed_optim
2026-09-13T16:25:45.9696397Z copying src/embed_optim/primary_v3_reconstruction_authoring.py -> build/lib/embed_optim
2026-09-13T16:25:45.9698620Z copying src/embed_optim/common_state_spectra.py -> build/lib/embed_optim
2026-09-13T16:25:45.9701410Z copying src/embed_optim/paper_audit.py -> build/lib/embed_optim
2026-09-13T16:25:45.9704431Z copying src/embed_optim/primary_v3_publication_contract.py -> build/lib/embed_optim
2026-09-13T16:25:45.9706742Z copying src/embed_optim/data.py -> build/lib/embed_optim
2026-09-13T16:25:45.9709142Z copying src/embed_optim/training_dynamics_plot.py -> build/lib/embed_optim
2026-09-13T16:25:45.9711937Z copying src/embed_optim/primary_v3_outcome_reconstruction.py -> build/lib/embed_optim
2026-09-13T16:25:45.9714011Z copying src/embed_optim/config.py -> build/lib/embed_optim
2026-09-13T16:25:45.9716307Z copying src/embed_optim/dimension_publication.py -> build/lib/embed_optim
2026-09-13T16:25:45.9718944Z copying src/embed_optim/matrix.py -> build/lib/embed_optim
2026-09-13T16:25:45.9721497Z copying src/embed_optim/runtime.py -> build/lib/embed_optim
2026-09-13T16:25:45.9723835Z copying src/embed_optim/primary_v3_io.py -> build/lib/embed_optim
2026-09-13T16:25:45.9726146Z copying src/embed_optim/supervisor.py -> build/lib/embed_optim
2026-09-13T16:25:45.9728500Z copying src/embed_optim/hybrid_evaluation.py -> build/lib/embed_optim
2026-09-13T16:25:45.9730928Z copying src/embed_optim/primary_v3_manuscript.py -> build/lib/embed_optim
2026-09-13T16:25:45.9733365Z copying src/embed_optim/dense_no_packing_preflight.py -> build/lib/embed_optim
2026-09-13T16:25:45.9735677Z copying src/embed_optim/exact_bridge_measurements.py -> build/lib/embed_optim
2026-09-13T16:25:45.9738006Z copying src/embed_optim/validation_matrix.py -> build/lib/embed_optim
2026-09-13T16:25:45.9740510Z copying src/embed_optim/primary_v3_joint_reconstruction.py -> build/lib/embed_optim
2026-09-13T16:25:45.9742938Z copying src/embed_optim/matrix_handoff_guard.py -> build/lib/embed_optim
2026-09-13T16:25:45.9745212Z copying src/embed_optim/callbacks.py -> build/lib/embed_optim
2026-09-13T16:25:45.9747515Z copying src/embed_optim/factorial_v3_batches.py -> build/lib/embed_optim
2026-09-13T16:25:45.9749873Z copying src/embed_optim/training_dynamics.py -> build/lib/embed_optim
2026-09-13T16:25:45.9752348Z copying src/embed_optim/retrieval_dynamics.py -> build/lib/embed_optim
2026-09-13T16:25:45.9754926Z copying src/embed_optim/basis_sensitivity.py -> build/lib/embed_optim
2026-09-13T16:25:45.9757483Z copying src/embed_optim/checkpoint_watch.py -> build/lib/embed_optim
2026-09-13T16:25:45.9759873Z copying src/embed_optim/scope.py -> build/lib/embed_optim
2026-09-13T16:25:45.9762298Z copying src/embed_optim/primary_completion.py -> build/lib/embed_optim
2026-09-13T16:25:45.9764818Z copying src/embed_optim/primary_v3_paper_layout.py -> build/lib/embed_optim
2026-09-13T16:25:45.9767037Z copying src/embed_optim/causal_chain_reporting.py -> build/lib/embed_optim
2026-09-13T16:25:45.9769680Z copying src/embed_optim/representation_plot.py -> build/lib/embed_optim
2026-09-13T16:25:45.9772413Z copying src/embed_optim/candidate_breadth_data.py -> build/lib/embed_optim
2026-09-13T16:25:45.9775141Z copying src/embed_optim/factorial_v3_calibration.py -> build/lib/embed_optim
2026-09-13T16:25:45.9777509Z copying src/embed_optim/factorial_v3_optimizer.py -> build/lib/embed_optim
2026-09-13T16:25:45.9779995Z copying src/embed_optim/state_operator_factorial_training.py -> build/lib/embed_optim
2026-09-13T16:25:45.9782385Z copying src/embed_optim/corrected_checkpoint_backup.py -> build/lib/embed_optim
2026-09-13T16:25:45.9784638Z copying src/embed_optim/update_geometry.py -> build/lib/embed_optim
2026-09-13T16:25:45.9787056Z copying src/embed_optim/primary_v3_dimension_vector_io.py -> build/lib/embed_optim
2026-09-13T16:25:45.9789307Z copying src/embed_optim/wandb_sync.py -> build/lib/embed_optim
2026-09-13T16:25:45.9792010Z copying src/embed_optim/supplemental_training_audit.py -> build/lib/embed_optim
2026-09-13T16:25:45.9794330Z copying src/embed_optim/state_operator_factorial_evaluation.py -> build/lib/embed_optim
2026-09-13T16:25:45.9796676Z copying src/embed_optim/factorial_v3_checkpoint.py -> build/lib/embed_optim
2026-09-13T16:25:45.9799213Z copying src/embed_optim/primary_v3_publication_reconstruction.py -> build/lib/embed_optim
2026-09-13T16:25:45.9801896Z copying src/embed_optim/primary_v3_dimension_exports.py -> build/lib/embed_optim
2026-09-13T16:25:45.9804236Z copying src/embed_optim/spectral_transplant_summary.py -> build/lib/embed_optim
2026-09-13T16:25:45.9806745Z copying src/embed_optim/dimension_interventions.py -> build/lib/embed_optim
2026-09-13T16:25:45.9809229Z copying src/embed_optim/paper_reproduction.py -> build/lib/embed_optim
2026-09-13T16:25:45.9811771Z copying src/embed_optim/primary_v3_geometry_io.py -> build/lib/embed_optim
2026-09-13T16:25:45.9814069Z copying src/embed_optim/primary_v3_validation_io.py -> build/lib/embed_optim
2026-09-13T16:25:45.9816397Z copying src/embed_optim/primary_v3_outcome_primitives.py -> build/lib/embed_optim
2026-09-13T16:25:45.9818739Z copying src/embed_optim/primary_v3_publication_archive.py -> build/lib/embed_optim
2026-09-13T16:25:45.9821357Z copying src/embed_optim/completion_backup_contract_migration.py -> build/lib/embed_optim
2026-09-13T16:25:45.9823590Z copying src/embed_optim/confirmatory_data.py -> build/lib/embed_optim
2026-09-13T16:25:45.9826223Z copying src/embed_optim/mechanism_bridge.py -> build/lib/embed_optim
2026-09-13T16:25:45.9828680Z copying src/embed_optim/candidate_breadth_matrix.py -> build/lib/embed_optim
2026-09-13T16:25:45.9831286Z copying src/embed_optim/dense_retrieval_dynamics_evaluation.py -> build/lib/embed_optim
2026-09-13T16:25:45.9833637Z copying src/embed_optim/primary_v3_contract.py -> build/lib/embed_optim
2026-09-13T16:25:45.9835985Z copying src/embed_optim/corrected_geometry_matrix.py -> build/lib/embed_optim
2026-09-13T16:25:45.9838281Z copying src/embed_optim/saved_factorial_checkpoint.py -> build/lib/embed_optim
2026-09-13T16:25:45.9840810Z copying src/embed_optim/primary_v3_reconstruction_inputs.py -> build/lib/embed_optim
2026-09-13T16:25:45.9843153Z copying src/embed_optim/primary_v3_training.py -> build/lib/embed_optim
2026-09-13T16:25:45.9845457Z copying src/embed_optim/mechanism_report.py -> build/lib/embed_optim
2026-09-13T16:25:45.9848066Z copying src/embed_optim/primary_geometry_reductions.py -> build/lib/embed_optim
2026-09-13T16:25:45.9850380Z copying src/embed_optim/primary_v3_outcomes.py -> build/lib/embed_optim
2026-09-13T16:25:45.9852878Z copying src/embed_optim/beir_probe.py -> build/lib/embed_optim
2026-09-13T16:25:45.9855316Z copying src/embed_optim/primary_v3_dimension_inference.py -> build/lib/embed_optim
2026-09-13T16:25:45.9857630Z copying src/embed_optim/state_operator_factorial_probe.py -> build/lib/embed_optim
2026-09-13T16:25:45.9860048Z copying src/embed_optim/outcome_report.py -> build/lib/embed_optim
2026-09-13T16:25:45.9862738Z copying src/embed_optim/gpu_lease.py -> build/lib/embed_optim
2026-09-13T16:25:45.9865071Z copying src/embed_optim/artifact_inventory.py -> build/lib/embed_optim
2026-09-13T16:25:45.9867306Z copying src/embed_optim/collators.py -> build/lib/embed_optim
2026-09-13T16:25:45.9869590Z copying src/embed_optim/primary_weight_entries.py -> build/lib/embed_optim
2026-09-13T16:25:45.9872187Z copying src/embed_optim/geometry_plot.py -> build/lib/embed_optim
2026-09-13T16:25:45.9874637Z copying src/embed_optim/primary_exact_geometry_kernels.py -> build/lib/embed_optim
2026-09-13T16:25:45.9876921Z copying src/embed_optim/paper_results.py -> build/lib/embed_optim
2026-09-13T16:25:45.9879618Z copying src/embed_optim/primary_v3_exact_geometry_primitives.py -> build/lib/embed_optim
2026-09-13T16:25:45.9882724Z copying src/embed_optim/dimension_intervention_io.py -> build/lib/embed_optim
2026-09-13T16:25:45.9885008Z copying src/embed_optim/primary_v3_dimension_contract.py -> build/lib/embed_optim
2026-09-13T16:25:45.9887312Z copying src/embed_optim/causal_chain_rendering.py -> build/lib/embed_optim
2026-09-13T16:25:45.9889950Z copying src/embed_optim/primary_dimension_probe.py -> build/lib/embed_optim
2026-09-13T16:25:45.9892446Z copying src/embed_optim/evaluate_matrix.py -> build/lib/embed_optim
2026-09-13T16:25:45.9894849Z copying src/embed_optim/factorial_v3_inputs.py -> build/lib/embed_optim
2026-09-13T16:25:45.9897182Z copying src/embed_optim/dimension_utilization.py -> build/lib/embed_optim
2026-09-13T16:25:45.9899642Z copying src/embed_optim/candidate_breadth_release.py -> build/lib/embed_optim
2026-09-13T16:25:45.9902239Z copying src/embed_optim/probe_matrix.py -> build/lib/embed_optim
2026-09-13T16:25:45.9904660Z copying src/embed_optim/state_operator_factorial_summary.py -> build/lib/embed_optim
2026-09-13T16:25:45.9907238Z copying src/embed_optim/family_training_queue.py -> build/lib/embed_optim
2026-09-13T16:25:45.9909498Z copying src/embed_optim/dense_numerical_contract.py -> build/lib/embed_optim
2026-09-13T16:25:45.9912097Z copying src/embed_optim/packing_invariance.py -> build/lib/embed_optim
2026-09-13T16:25:45.9914413Z copying src/embed_optim/primary_v3_geometry_primitives.py -> build/lib/embed_optim
2026-09-13T16:25:45.9916748Z copying src/embed_optim/evaluation_source_archive.py -> build/lib/embed_optim
2026-09-13T16:25:45.9919401Z copying src/embed_optim/completion_contract_migration.py -> build/lib/embed_optim
2026-09-13T16:25:45.9922004Z copying src/embed_optim/primary_v3_vector_reconstruction.py -> build/lib/embed_optim
2026-09-13T16:25:45.9924243Z copying src/embed_optim/common_state_spectrum_plot.py -> build/lib/embed_optim
2026-09-13T16:25:45.9926669Z copying src/embed_optim/geometry_robustness.py -> build/lib/embed_optim
2026-09-13T16:25:45.9928993Z copying src/embed_optim/geometry_summary.py -> build/lib/embed_optim
2026-09-13T16:25:45.9931614Z copying src/embed_optim/evaluation_progress.py -> build/lib/embed_optim
2026-09-13T16:25:45.9933934Z copying src/embed_optim/reconstruction_files.py -> build/lib/embed_optim
2026-09-13T16:25:45.9936253Z copying src/embed_optim/candidate_breadth_evaluation.py -> build/lib/embed_optim
2026-09-13T16:25:45.9938746Z copying src/embed_optim/primary_v3_exact_reconstruction_archive.py -> build/lib/embed_optim
2026-09-13T16:25:45.9941182Z copying src/embed_optim/primary_data_revision.py -> build/lib/embed_optim
2026-09-13T16:25:45.9943534Z copying src/embed_optim/corrected_geometry_summary.py -> build/lib/embed_optim
2026-09-13T16:25:45.9945910Z copying src/embed_optim/losses.py -> build/lib/embed_optim
2026-09-13T16:25:45.9948237Z copying src/embed_optim/state_operator_factorial_publication.py -> build/lib/embed_optim
2026-09-13T16:25:45.9950607Z copying src/embed_optim/factorial_v3_run_contract.py -> build/lib/embed_optim
2026-09-13T16:25:45.9953212Z copying src/embed_optim/primary_v3_exact_reconstruction.py -> build/lib/embed_optim
2026-09-13T16:25:45.9955507Z copying src/embed_optim/hybrid_control.py -> build/lib/embed_optim
2026-09-13T16:25:45.9957962Z copying src/embed_optim/state_operator_factorial_completion.py -> build/lib/embed_optim
2026-09-13T16:25:45.9960371Z copying src/embed_optim/post_eval_pipeline.py -> build/lib/embed_optim
2026-09-13T16:25:45.9963027Z copying src/embed_optim/spectral_transplant.py -> build/lib/embed_optim
2026-09-13T16:25:45.9965574Z copying src/embed_optim/corrected_completion_pipeline.py -> build/lib/embed_optim
2026-09-13T16:25:45.9967958Z copying src/embed_optim/corrected_wandb_audit.py -> build/lib/embed_optim
2026-09-13T16:25:45.9970310Z copying src/embed_optim/dense_completion_pipeline.py -> build/lib/embed_optim
2026-09-13T16:25:45.9972950Z copying src/embed_optim/primary_geometry_kernels.py -> build/lib/embed_optim
2026-09-13T16:25:45.9975256Z copying src/embed_optim/candidate_breadth_summary.py -> build/lib/embed_optim
2026-09-13T16:25:45.9977669Z copying src/embed_optim/primary_io.py -> build/lib/embed_optim
2026-09-13T16:25:45.9980076Z copying src/embed_optim/candidate_breadth_publication.py -> build/lib/embed_optim
2026-09-13T16:25:45.9982584Z copying src/embed_optim/decontamination.py -> build/lib/embed_optim
2026-09-13T16:25:45.9984939Z copying src/embed_optim/dense_finalization_pipeline.py -> build/lib/embed_optim
2026-09-13T16:25:45.9987311Z copying src/embed_optim/dimension_release.py -> build/lib/embed_optim
2026-09-13T16:25:45.9989629Z copying src/embed_optim/tail_stability.py -> build/lib/embed_optim
2026-09-13T16:25:45.9992598Z copying src/embed_optim/corrected_execution_sensitivity.py -> build/lib/embed_optim
2026-09-13T16:25:45.9994902Z copying src/embed_optim/primary_v3_geometry.py -> build/lib/embed_optim
2026-09-13T16:25:45.9997249Z copying src/embed_optim/corrected_progress.py -> build/lib/embed_optim
2026-09-13T16:25:45.9999543Z copying src/embed_optim/probes.py -> build/lib/embed_optim
2026-09-13T16:25:46.0002377Z copying src/embed_optim/sealed_checkpoint_supervisor.py -> build/lib/embed_optim
2026-09-13T16:25:46.0004654Z copying src/embed_optim/factorial_v3_bound_trainer.py -> build/lib/embed_optim
2026-09-13T16:25:46.0007023Z copying src/embed_optim/common_state_matrix.py -> build/lib/embed_optim
2026-09-13T16:25:46.0009514Z copying src/embed_optim/primary_v3_dimensions.py -> build/lib/embed_optim
2026-09-13T16:25:46.0012070Z copying src/embed_optim/representation_geometry.py -> build/lib/embed_optim
2026-09-13T16:25:46.0014617Z copying src/embed_optim/representation_summary.py -> build/lib/embed_optim
2026-09-13T16:25:46.0017048Z copying src/embed_optim/primary_v3_manuscript_build.py -> build/lib/embed_optim
2026-09-13T16:25:46.0019343Z copying src/embed_optim/bridge_named_features.py -> build/lib/embed_optim
2026-09-13T16:25:46.0021992Z copying src/embed_optim/corrected_beir_evaluation.py -> build/lib/embed_optim
2026-09-13T16:25:46.0024719Z copying src/embed_optim/corrected_validation_evaluation.py -> build/lib/embed_optim
2026-09-13T16:25:46.0026900Z copying src/embed_optim/factorial_v3_trainer.py -> build/lib/embed_optim
2026-09-13T16:25:46.0029259Z copying src/embed_optim/bridge_exact_arithmetic.py -> build/lib/embed_optim
2026-09-13T16:25:46.0031831Z copying src/embed_optim/corrected_input_execution.py -> build/lib/embed_optim
2026-09-13T16:25:46.0034117Z copying src/embed_optim/corrected_publication.py -> build/lib/embed_optim
2026-09-13T16:25:46.0036642Z copying src/embed_optim/confirmatory_matrix.py -> build/lib/embed_optim
2026-09-13T16:25:46.0038936Z copying src/embed_optim/geometry.py -> build/lib/embed_optim
2026-09-13T16:25:46.0041558Z copying src/embed_optim/bridge_numerics.py -> build/lib/embed_optim
2026-09-13T16:25:46.0043954Z copying src/embed_optim/corrected_retrieval_bridge.py -> build/lib/embed_optim
2026-09-13T16:25:46.0046365Z copying src/embed_optim/confirmatory_summary.py -> build/lib/embed_optim
2026-09-13T16:25:46.0048755Z copying src/embed_optim/factorial_v3_factory.py -> build/lib/embed_optim
2026-09-13T16:25:46.0051371Z copying src/embed_optim/primary_v3_publication_render.py -> build/lib/embed_optim
2026-09-13T16:25:46.0053630Z copying src/embed_optim/state_operator_factorial.py -> build/lib/embed_optim
2026-09-13T16:25:46.0056231Z copying src/embed_optim/three_regime_diagnostic.py -> build/lib/embed_optim
2026-09-13T16:25:46.0058574Z copying src/embed_optim/paper_layout.py -> build/lib/embed_optim
2026-09-13T16:25:46.0061155Z copying src/embed_optim/corpus_size_diagnostic.py -> build/lib/embed_optim
2026-09-13T16:25:46.0063624Z copying src/embed_optim/state_operator_factorial_contract.py -> build/lib/embed_optim
2026-09-13T16:25:46.0065833Z copying src/embed_optim/primary_contract.py -> build/lib/embed_optim
2026-09-13T16:25:46.0068271Z copying src/embed_optim/temporal_short_branch_predictors.py -> build/lib/embed_optim
2026-09-13T16:25:46.0070803Z copying src/embed_optim/primary_v3_bridge.py -> build/lib/embed_optim
2026-09-13T16:25:46.0073212Z copying src/embed_optim/primary_v3_reconstruction_sources.py -> build/lib/embed_optim
2026-09-13T16:25:46.0075433Z copying src/embed_optim/optimizers.py -> build/lib/embed_optim
2026-09-13T16:25:46.0077822Z copying src/embed_optim/incremental_checkpoint_backup.py -> build/lib/embed_optim
2026-09-13T16:25:46.0080166Z copying src/embed_optim/dense_retrieval_dynamics_summary.py -> build/lib/embed_optim
2026-09-13T16:25:46.0082667Z copying src/embed_optim/probe_export.py -> build/lib/embed_optim
2026-09-13T16:25:46.0085152Z copying src/embed_optim/confirmatory_evaluation.py -> build/lib/embed_optim
2026-09-13T16:25:46.0087502Z copying src/embed_optim/aggregate.py -> build/lib/embed_optim
2026-09-13T16:25:46.0090516Z copying src/embed_optim/functional_intervention_summary.py -> build/lib/embed_optim
2026-09-13T16:25:46.0092957Z copying src/embed_optim/evaluation_utils.py -> build/lib/embed_optim
2026-09-13T16:25:46.0095390Z copying src/embed_optim/primary_v3_exact_publication_contract.py -> build/lib/embed_optim
2026-09-13T16:25:46.0097779Z copying src/embed_optim/primary_training.py -> build/lib/embed_optim
2026-09-13T16:25:46.0099985Z copying src/embed_optim/corrected_validation_matrix.py -> build/lib/embed_optim
2026-09-13T16:25:46.0102389Z copying src/embed_optim/current_paper.py -> build/lib/embed_optim
2026-09-13T16:25:46.0105280Z running egg_info
2026-09-13T16:25:46.0118204Z writing src/embedding_optimizer_study.egg-info/PKG-INFO
2026-09-13T16:25:46.0133887Z writing dependency_links to src/embedding_optimizer_study.egg-info/dependency_links.txt
2026-09-13T16:25:46.0145556Z writing entry points to src/embedding_optimizer_study.egg-info/entry_points.txt
2026-09-13T16:25:46.0155192Z writing requirements to src/embedding_optimizer_study.egg-info/requires.txt
2026-09-13T16:25:46.0156542Z writing top-level names to src/embedding_optimizer_study.egg-info/top_level.txt
2026-09-13T16:25:46.0256274Z reading manifest file 'src/embedding_optimizer_study.egg-info/SOURCES.txt'
2026-09-13T16:25:46.0320369Z reading manifest template 'MANIFEST.in'
2026-09-13T16:25:46.0321129Z adding license file 'LICENSE'
2026-09-13T16:25:46.0387219Z writing manifest file 'src/embedding_optimizer_study.egg-info/SOURCES.txt'
2026-09-13T16:25:46.0414907Z creating build/lib/embed_optim_restore/references
2026-09-13T16:25:46.0416276Z copying src/embed_optim_restore/references/a-3-warm.json -> build/lib/embed_optim_restore/references
2026-09-13T16:25:46.0419881Z copying src/embed_optim_restore/references/b-2-warm.json -> build/lib/embed_optim_restore/references
2026-09-13T16:25:46.0423433Z copying src/embed_optim_restore/references/a-0-cold.json -> build/lib/embed_optim_restore/references
2026-09-13T16:25:46.0426827Z copying src/embed_optim_restore/references/b-3-warm.json -> build/lib/embed_optim_restore/references
2026-09-13T16:25:46.0430094Z copying src/embed_optim_restore/references/b-0-cold.json -> build/lib/embed_optim_restore/references
2026-09-13T16:25:46.0433563Z copying src/embed_optim_restore/references/a-1-cold.json -> build/lib/embed_optim_restore/references
2026-09-13T16:25:46.0436932Z copying src/embed_optim_restore/references/b-3-cold.json -> build/lib/embed_optim_restore/references
2026-09-13T16:25:46.0441060Z copying src/embed_optim_restore/references/a-2-cold.json -> build/lib/embed_optim_restore/references
2026-09-13T16:25:46.0444591Z copying src/embed_optim_restore/references/b-2-cold.json -> build/lib/embed_optim_restore/references
2026-09-13T16:25:46.0448263Z copying src/embed_optim_restore/references/b-0-warm.json -> build/lib/embed_optim_restore/references
2026-09-13T16:25:46.0452141Z copying src/embed_optim_restore/references/a-0-warm.json -> build/lib/embed_optim_restore/references
2026-09-13T16:25:46.0455745Z copying src/embed_optim_restore/references/a-2-warm.json -> build/lib/embed_optim_restore/references
2026-09-13T16:25:46.0459401Z copying src/embed_optim_restore/references/b-1-warm.json -> build/lib/embed_optim_restore/references
2026-09-13T16:25:46.0463224Z copying src/embed_optim_restore/references/a-3-cold.json -> build/lib/embed_optim_restore/references
2026-09-13T16:25:46.0466882Z copying src/embed_optim_restore/references/b-1-cold.json -> build/lib/embed_optim_restore/references
2026-09-13T16:25:46.0470539Z copying src/embed_optim_restore/references/a-1-warm.json -> build/lib/embed_optim_restore/references
2026-09-13T16:25:46.0519359Z installing to build/bdist.linux-x86_64/wheel
2026-09-13T16:25:46.0520148Z running install
2026-09-13T16:25:46.0577744Z running install_lib
2026-09-13T16:25:46.0590491Z creating build/bdist.linux-x86_64/wheel
2026-09-13T16:25:46.0593746Z creating build/bdist.linux-x86_64/wheel/embed_optim_restore
2026-09-13T16:25:46.0595545Z copying build/lib/embed_optim_restore/reference.py -> build/bdist.linux-x86_64/wheel/./embed_optim_restore
2026-09-13T16:25:46.0597266Z copying build/lib/embed_optim_restore/step_devices.py -> build/bdist.linux-x86_64/wheel/./embed_optim_restore
2026-09-13T16:25:46.0599082Z copying build/lib/embed_optim_restore/__init__.py -> build/bdist.linux-x86_64/wheel/./embed_optim_restore
2026-09-13T16:25:46.0601169Z copying build/lib/embed_optim_restore/entry.py -> build/bdist.linux-x86_64/wheel/./embed_optim_restore
2026-09-13T16:25:46.0602862Z copying build/lib/embed_optim_restore/trace.py -> build/bdist.linux-x86_64/wheel/./embed_optim_restore
2026-09-13T16:25:46.0605499Z creating build/bdist.linux-x86_64/wheel/embed_optim_restore/references
2026-09-13T16:25:46.0607276Z copying build/lib/embed_optim_restore/references/a-3-warm.json -> build/bdist.linux-x86_64/wheel/./embed_optim_restore/references
2026-09-13T16:25:46.0610668Z copying build/lib/embed_optim_restore/references/b-2-warm.json -> build/bdist.linux-x86_64/wheel/./embed_optim_restore/references
2026-09-13T16:25:46.0613775Z copying build/lib/embed_optim_restore/references/a-0-cold.json -> build/bdist.linux-x86_64/wheel/./embed_optim_restore/references
2026-09-13T16:25:46.0616845Z copying build/lib/embed_optim_restore/references/b-3-warm.json -> build/bdist.linux-x86_64/wheel/./embed_optim_restore/references
2026-09-13T16:25:46.0620269Z copying build/lib/embed_optim_restore/references/b-0-cold.json -> build/bdist.linux-x86_64/wheel/./embed_optim_restore/references
2026-09-13T16:25:46.0623329Z copying build/lib/embed_optim_restore/references/a-1-cold.json -> build/bdist.linux-x86_64/wheel/./embed_optim_restore/references
2026-09-13T16:25:46.0626387Z copying build/lib/embed_optim_restore/references/b-3-cold.json -> build/bdist.linux-x86_64/wheel/./embed_optim_restore/references
2026-09-13T16:25:46.0629862Z copying build/lib/embed_optim_restore/references/a-2-cold.json -> build/bdist.linux-x86_64/wheel/./embed_optim_restore/references
2026-09-13T16:25:46.0632950Z copying build/lib/embed_optim_restore/references/b-2-cold.json -> build/bdist.linux-x86_64/wheel/./embed_optim_restore/references
2026-09-13T16:25:46.0636004Z copying build/lib/embed_optim_restore/references/b-0-warm.json -> build/bdist.linux-x86_64/wheel/./embed_optim_restore/references
2026-09-13T16:25:46.0639074Z copying build/lib/embed_optim_restore/references/a-0-warm.json -> build/bdist.linux-x86_64/wheel/./embed_optim_restore/references
2026-09-13T16:25:46.0641952Z copying build/lib/embed_optim_restore/references/a-2-warm.json -> build/bdist.linux-x86_64/wheel/./embed_optim_restore/references
2026-09-13T16:25:46.0645063Z copying build/lib/embed_optim_restore/references/b-1-warm.json -> build/bdist.linux-x86_64/wheel/./embed_optim_restore/references
2026-09-13T16:25:46.0648134Z copying build/lib/embed_optim_restore/references/a-3-cold.json -> build/bdist.linux-x86_64/wheel/./embed_optim_restore/references
2026-09-13T16:25:46.0651566Z copying build/lib/embed_optim_restore/references/b-1-cold.json -> build/bdist.linux-x86_64/wheel/./embed_optim_restore/references
2026-09-13T16:25:46.0654609Z copying build/lib/embed_optim_restore/references/a-1-warm.json -> build/bdist.linux-x86_64/wheel/./embed_optim_restore/references
2026-09-13T16:25:46.0657491Z copying build/lib/embed_optim_restore/paired.py -> build/bdist.linux-x86_64/wheel/./embed_optim_restore
2026-09-13T16:25:46.0659142Z copying build/lib/embed_optim_restore/__main__.py -> build/bdist.linux-x86_64/wheel/./embed_optim_restore
2026-09-13T16:25:46.0660932Z copying build/lib/embed_optim_restore/gate.py -> build/bdist.linux-x86_64/wheel/./embed_optim_restore
2026-09-13T16:25:46.0662702Z copying build/lib/embed_optim_restore/equality.py -> build/bdist.linux-x86_64/wheel/./embed_optim_restore
2026-09-13T16:25:46.0666683Z creating build/bdist.linux-x86_64/wheel/embed_optim
2026-09-13T16:25:46.0668325Z copying build/lib/embed_optim/dense_retrieval_dynamics_publication.py -> build/bdist.linux-x86_64/wheel/./embed_optim
2026-09-13T16:25:46.0670405Z copying build/lib/embed_optim/primary_v3_publication_bridge.py -> build/bdist.linux-x86_64/wheel/./embed_optim
2026-09-13T16:25:46.0672105Z copying build/lib/embed_optim/primary_v3_exact_geometry_io.py -> build/bdist.linux-x86_64/wheel/./embed_optim
2026-09-13T16:25:46.0673781Z copying build/lib/embed_optim/dense_eval_handoff.py -> build/bdist.linux-x86_64/wheel/./embed_optim
2026-09-13T16:25:46.0676084Z copying build/lib/embed_optim/primary_v3_publication.py -> build/bdist.linux-x86_64/wheel/./embed_optim
2026-09-13T16:25:46.0677643Z copying build/lib/embed_optim/dimension_inference.py -> build/bdist.linux-x86_64/wheel/./embed_optim
2026-09-13T16:25:46.0679412Z copying build/lib/embed_optim/gradient_probe.py -> build/bdist.linux-x86_64/wheel/./embed_optim
2026-09-13T16:25:46.0681731Z copying build/lib/embed_optim/pylate_compat.py -> build/bdist.linux-x86_64/wheel/./embed_optim
2026-09-13T16:25:46.0683218Z copying build/lib/embed_optim/dimension_inference_render.py -> build/bdist.linux-x86_64/wheel/./embed_optim
2026-09-13T16:25:46.0685209Z copying build/lib/embed_optim/corrected_outcome_summary.py -> build/bdist.linux-x86_64/wheel/./embed_optim
2026-09-13T16:25:46.0687462Z copying build/lib/embed_optim/functional_intervention.py -> build/bdist.linux-x86_64/wheel/./embed_optim
2026-09-13T16:25:46.0689356Z copying build/lib/embed_optim/dimension_archive.py -> build/bdist.linux-x86_64/wheel/./embed_optim
2026-09-13T16:25:46.0691779Z copying build/lib/embed_optim/primary_v3_completion.py -> build/bdist.linux-x86_64/wheel/./embed_optim
2026-09-13T16:25:46.0693658Z copying build/lib/embed_optim/dimension_replay.py -> build/bdist.linux-x86_64/wheel/./embed_optim
2026-09-13T16:25:46.0695546Z copying build/lib/embed_optim/common_state_summary.py -> build/bdist.linux-x86_64/wheel/./embed_optim
2026-09-13T16:25:46.0697941Z copying build/lib/embed_optim/functional_intervention_matrix.py -> build/bdist.linux-x86_64/wheel/./embed_optim
2026-09-13T16:25:46.0699501Z copying build/lib/embed_optim/short_branch_summary.py -> build/bdist.linux-x86_64/wheel/./embed_optim
2026-09-13T16:25:46.0701973Z copying build/lib/embed_optim/primary_v3_exact_geometry.py -> build/bdist.linux-x86_64/wheel/./embed_optim
2026-09-13T16:25:46.0704063Z copying build/lib/embed_optim/temporal_short_branch.py -> build/bdist.linux-x86_64/wheel/./embed_optim
2026-09-13T16:25:46.0706284Z copying build/lib/embed_optim/primary_v3_publication_tables.py -> build/bdist.linux-x86_64/wheel/./embed_optim
2026-09-13T16:25:46.0708440Z copying build/lib/embed_optim/distribution_audit.py -> build/bdist.linux-x86_64/wheel/./embed_optim
2026-09-13T16:25:46.0710372Z copying build/lib/embed_optim/train.py -> build/bdist.linux-x86_64/wheel/./embed_optim
2026-09-13T16:25:46.0712274Z copying build/lib/embed_optim/validation_evaluation.py -> build/bdist.linux-x86_64/wheel/./embed_optim
2026-09-13T16:25:46.0713856Z copying build/lib/embed_optim/evaluation_source_provenance.py -> build/bdist.linux-x86_64/wheel/./embed_optim
2026-09-13T16:25:46.0715435Z copying build/lib/embed_optim/validation_summary.py -> build/bdist.linux-x86_64/wheel/./embed_optim
2026-09-13T16:25:46.0717097Z copying build/lib/embed_optim/factorial_v3_worker.py -> build/bdist.linux-x86_64/wheel/./embed_optim
2026-09-13T16:25:46.0719011Z copying build/lib/embed_optim/spectral_transplant_matrix.py -> build/bdist.linux-x86_64/wheel/./embed_optim
2026-09-13T16:25:46.0720516Z copying build/lib/embed_optim/primary_v3_validation.py -> build/bdist.linux-x86_64/wheel/./embed_optim
2026-09-13T16:25:46.0722898Z copying build/lib/embed_optim/primary_v3_geometry_reconstruction.py -> build/bdist.linux-x86_64/wheel/./embed_optim
2026-09-13T16:25:46.0724916Z copying build/lib/embed_optim/wandb_dense_provenance_audit.py -> build/bdist.linux-x86_64/wheel/./embed_optim
2026-09-13T16:25:46.0726977Z copying build/lib/embed_optim/dose_band_analysis.py -> build/bdist.linux-x86_64/wheel/./embed_optim
2026-09-13T16:25:46.0729235Z copying build/lib/embed_optim/complete_paper_document.py -> build/bdist.linux-x86_64/wheel/./embed_optim
2026-09-13T16:25:46.0731444Z copying build/lib/embed_optim/validation_data.py -> build/bdist.linux-x86_64/wheel/./embed_optim
2026-09-13T16:25:46.0733650Z copying build/lib/embed_optim/primary_v3_exact_publication_render.py -> build/bdist.linux-x86_64/wheel/./embed_optim
2026-09-13T16:25:46.0735632Z copying build/lib/embed_optim/primary_v3_exact_publication.py -> build/bdist.linux-x86_64/wheel/./embed_optim
2026-09-13T16:25:46.0737964Z copying build/lib/embed_optim/state_operator_factorial_backup.py -> build/bdist.linux-x86_64/wheel/./embed_optim
2026-09-13T16:25:46.0739288Z copying build/lib/embed_optim/primary_v3_exact_bridge.py -> build/bdist.linux-x86_64/wheel/./embed_optim
2026-09-13T16:25:46.0741547Z copying build/lib/embed_optim/dense_run_contract.py -> build/bdist.linux-x86_64/wheel/./embed_optim
2026-09-13T16:25:46.0743516Z copying build/lib/embed_optim/short_branch.py -> build/bdist.linux-x86_64/wheel/./embed_optim
2026-09-13T16:25:46.0745721Z copying build/lib/embed_optim/short_branch_evaluation.py -> build/bdist.linux-x86_64/wheel/./embed_optim
2026-09-13T16:25:46.0748068Z copying build/lib/embed_optim/__init__.py -> build/bdist.linux-x86_64/wheel/./embed_optim
2026-09-13T16:25:46.0749581Z copying build/lib/embed_optim/local_global_reversal.py -> build/bdist.linux-x86_64/wheel/./embed_optim
2026-09-13T16:25:46.0751987Z copying build/lib/embed_optim/optimizer_state_devices.py -> build/bdist.linux-x86_64/wheel/./embed_optim
2026-09-13T16:25:46.0753868Z copying build/lib/embed_optim/evaluation_supervisor.py -> build/bdist.linux-x86_64/wheel/./embed_optim
2026-09-13T16:25:46.0755811Z copying build/lib/embed_optim/primary_v3_reconstruction_authoring.py -> build/bdist.linux-x86_64/wheel/./embed_optim
2026-09-13T16:25:46.0757879Z copying build/lib/embed_optim/common_state_spectra.py -> build/bdist.linux-x86_64/wheel/./embed_optim
2026-09-13T16:25:46.0759857Z copying build/lib/embed_optim/paper_audit.py -> build/bdist.linux-x86_64/wheel/./embed_optim
2026-09-13T16:25:46.0762714Z copying build/lib/embed_optim/primary_v3_publication_contract.py -> build/bdist.linux-x86_64/wheel/./embed_optim
2026-09-13T16:25:46.0764583Z copying build/lib/embed_optim/data.py -> build/bdist.linux-x86_64/wheel/./embed_optim
2026-09-13T16:25:46.0766611Z copying build/lib/embed_optim/training_dynamics_plot.py -> build/bdist.linux-x86_64/wheel/./embed_optim
2026-09-13T16:25:46.0768793Z copying build/lib/embed_optim/primary_v3_outcome_reconstruction.py -> build/bdist.linux-x86_64/wheel/./embed_optim
2026-09-13T16:25:46.0770628Z copying build/lib/embed_optim/config.py -> build/bdist.linux-x86_64/wheel/./embed_optim
2026-09-13T16:25:46.0772561Z copying build/lib/embed_optim/dimension_publication.py -> build/bdist.linux-x86_64/wheel/./embed_optim
2026-09-13T16:25:46.0774352Z copying build/lib/embed_optim/matrix.py -> build/bdist.linux-x86_64/wheel/./embed_optim
2026-09-13T16:25:46.0775989Z copying build/lib/embed_optim/runtime.py -> build/bdist.linux-x86_64/wheel/./embed_optim
2026-09-13T16:25:46.0777542Z copying build/lib/embed_optim/primary_v3_io.py -> build/bdist.linux-x86_64/wheel/./embed_optim
2026-09-13T16:25:46.0779091Z copying build/lib/embed_optim/supervisor.py -> build/bdist.linux-x86_64/wheel/./embed_optim
2026-09-13T16:25:46.0781455Z copying build/lib/embed_optim/hybrid_evaluation.py -> build/bdist.linux-x86_64/wheel/./embed_optim
2026-09-13T16:25:46.0783348Z copying build/lib/embed_optim/primary_v3_manuscript.py -> build/bdist.linux-x86_64/wheel/./embed_optim
2026-09-13T16:25:46.0785356Z copying build/lib/embed_optim/dense_no_packing_preflight.py -> build/bdist.linux-x86_64/wheel/./embed_optim
2026-09-13T16:25:46.0787291Z copying build/lib/embed_optim/exact_bridge_measurements.py -> build/bdist.linux-x86_64/wheel/./embed_optim
2026-09-13T16:25:46.0789252Z copying build/lib/embed_optim/validation_matrix.py -> build/bdist.linux-x86_64/wheel/./embed_optim
2026-09-13T16:25:46.0791608Z copying build/lib/embed_optim/primary_v3_joint_reconstruction.py -> build/bdist.linux-x86_64/wheel/./embed_optim
2026-09-13T16:25:46.0793562Z copying build/lib/embed_optim/matrix_handoff_guard.py -> build/bdist.linux-x86_64/wheel/./embed_optim
2026-09-13T16:25:46.0795507Z copying build/lib/embed_optim/callbacks.py -> build/bdist.linux-x86_64/wheel/./embed_optim
2026-09-13T16:25:46.0797829Z copying build/lib/embed_optim/factorial_v3_batches.py -> build/bdist.linux-x86_64/wheel/./embed_optim
2026-09-13T16:25:46.0799550Z copying build/lib/embed_optim/training_dynamics.py -> build/bdist.linux-x86_64/wheel/./embed_optim
2026-09-13T16:25:46.0801849Z copying build/lib/embed_optim/retrieval_dynamics.py -> build/bdist.linux-x86_64/wheel/./embed_optim
2026-09-13T16:25:46.0804105Z copying build/lib/embed_optim/basis_sensitivity.py -> build/bdist.linux-x86_64/wheel/./embed_optim
2026-09-13T16:25:46.0806486Z copying build/lib/embed_optim/checkpoint_watch.py -> build/bdist.linux-x86_64/wheel/./embed_optim
2026-09-13T16:25:46.0808578Z copying build/lib/embed_optim/scope.py -> build/bdist.linux-x86_64/wheel/./embed_optim
2026-09-13T16:25:46.0810767Z copying build/lib/embed_optim/primary_completion.py -> build/bdist.linux-x86_64/wheel/./embed_optim
2026-09-13T16:25:46.0812708Z copying build/lib/embed_optim/primary_v3_paper_layout.py -> build/bdist.linux-x86_64/wheel/./embed_optim
2026-09-13T16:25:46.0814124Z copying build/lib/embed_optim/causal_chain_reporting.py -> build/bdist.linux-x86_64/wheel/./embed_optim
2026-09-13T16:25:46.0816141Z copying build/lib/embed_optim/representation_plot.py -> build/bdist.linux-x86_64/wheel/./embed_optim
2026-09-13T16:25:46.0818131Z copying build/lib/embed_optim/candidate_breadth_data.py -> build/bdist.linux-x86_64/wheel/./embed_optim
2026-09-13T16:25:46.0819552Z copying build/lib/embed_optim/factorial_v3_calibration.py -> build/bdist.linux-x86_64/wheel/./embed_optim
2026-09-13T16:25:46.0821878Z copying build/lib/embed_optim/factorial_v3_optimizer.py -> build/bdist.linux-x86_64/wheel/./embed_optim
2026-09-13T16:25:46.0823951Z copying build/lib/embed_optim/state_operator_factorial_training.py -> build/bdist.linux-x86_64/wheel/./embed_optim
2026-09-13T16:25:46.0825835Z copying build/lib/embed_optim/corrected_checkpoint_backup.py -> build/bdist.linux-x86_64/wheel/./embed_optim
2026-09-13T16:25:46.0827990Z copying build/lib/embed_optim/update_geometry.py -> build/bdist.linux-x86_64/wheel/./embed_optim
2026-09-13T16:25:46.0829856Z copying build/lib/embed_optim/primary_v3_dimension_vector_io.py -> build/bdist.linux-x86_64/wheel/./embed_optim
2026-09-13T16:25:46.0832043Z copying build/lib/embed_optim/wandb_sync.py -> build/bdist.linux-x86_64/wheel/./embed_optim
2026-09-13T16:25:46.0834261Z copying build/lib/embed_optim/supplemental_training_audit.py -> build/bdist.linux-x86_64/wheel/./embed_optim
2026-09-13T16:25:46.0836287Z copying build/lib/embed_optim/state_operator_factorial_evaluation.py -> build/bdist.linux-x86_64/wheel/./embed_optim
2026-09-13T16:25:46.0839002Z copying build/lib/embed_optim/factorial_v3_checkpoint.py -> build/bdist.linux-x86_64/wheel/./embed_optim
2026-09-13T16:25:46.0840419Z copying build/lib/embed_optim/primary_v3_publication_reconstruction.py -> build/bdist.linux-x86_64/wheel/./embed_optim
2026-09-13T16:25:46.0842506Z copying build/lib/embed_optim/primary_v3_dimension_exports.py -> build/bdist.linux-x86_64/wheel/./embed_optim
2026-09-13T16:25:46.0844363Z copying build/lib/embed_optim/spectral_transplant_summary.py -> build/bdist.linux-x86_64/wheel/./embed_optim
2026-09-13T16:25:46.0846443Z copying build/lib/embed_optim/dimension_interventions.py -> build/bdist.linux-x86_64/wheel/./embed_optim
2026-09-13T16:25:46.0848446Z copying build/lib/embed_optim/paper_reproduction.py -> build/bdist.linux-x86_64/wheel/./embed_optim
2026-09-13T16:25:46.0850359Z copying build/lib/embed_optim/primary_v3_geometry_io.py -> build/bdist.linux-x86_64/wheel/./embed_optim
2026-09-13T16:25:46.0852372Z copying build/lib/embed_optim/primary_v3_validation_io.py -> build/bdist.linux-x86_64/wheel/./embed_optim
2026-09-13T16:25:46.0854120Z copying build/lib/embed_optim/primary_v3_outcome_primitives.py -> build/bdist.linux-x86_64/wheel/./embed_optim
2026-09-13T16:25:46.0855998Z copying build/lib/embed_optim/primary_v3_publication_archive.py -> build/bdist.linux-x86_64/wheel/./embed_optim
2026-09-13T16:25:46.0857847Z copying build/lib/embed_optim/completion_backup_contract_migration.py -> build/bdist.linux-x86_64/wheel/./embed_optim
2026-09-13T16:25:46.0859522Z copying build/lib/embed_optim/confirmatory_data.py -> build/bdist.linux-x86_64/wheel/./embed_optim
2026-09-13T16:25:46.0862209Z copying build/lib/embed_optim/mechanism_bridge.py -> build/bdist.linux-x86_64/wheel/./embed_optim
2026-09-13T16:25:46.0864183Z copying build/lib/embed_optim/candidate_breadth_matrix.py -> build/bdist.linux-x86_64/wheel/./embed_optim
2026-09-13T16:25:46.0866197Z copying build/lib/embed_optim/dense_retrieval_dynamics_evaluation.py -> build/bdist.linux-x86_64/wheel/./embed_optim
2026-09-13T16:25:46.0868001Z copying build/lib/embed_optim/primary_v3_contract.py -> build/bdist.linux-x86_64/wheel/./embed_optim
2026-09-13T16:25:46.0870224Z copying build/lib/embed_optim/corrected_geometry_matrix.py -> build/bdist.linux-x86_64/wheel/./embed_optim
2026-09-13T16:25:46.0872027Z copying build/lib/embed_optim/saved_factorial_checkpoint.py -> build/bdist.linux-x86_64/wheel/./embed_optim
2026-09-13T16:25:46.0873848Z copying build/lib/embed_optim/primary_v3_reconstruction_inputs.py -> build/bdist.linux-x86_64/wheel/./embed_optim
2026-09-13T16:25:46.0875579Z copying build/lib/embed_optim/primary_v3_training.py -> build/bdist.linux-x86_64/wheel/./embed_optim
2026-09-13T16:25:46.0877435Z copying build/lib/embed_optim/mechanism_report.py -> build/bdist.linux-x86_64/wheel/./embed_optim
2026-09-13T16:25:46.0879993Z copying build/lib/embed_optim/primary_geometry_reductions.py -> build/bdist.linux-x86_64/wheel/./embed_optim
2026-09-13T16:25:46.0881716Z copying build/lib/embed_optim/primary_v3_outcomes.py -> build/bdist.linux-x86_64/wheel/./embed_optim
2026-09-13T16:25:46.0883666Z copying build/lib/embed_optim/beir_probe.py -> build/bdist.linux-x86_64/wheel/./embed_optim
2026-09-13T16:25:46.0885727Z copying build/lib/embed_optim/primary_v3_dimension_inference.py -> build/bdist.linux-x86_64/wheel/./embed_optim
2026-09-13T16:25:46.0887529Z copying build/lib/embed_optim/state_operator_factorial_probe.py -> build/bdist.linux-x86_64/wheel/./embed_optim
2026-09-13T16:25:46.0889454Z copying build/lib/embed_optim/outcome_report.py -> build/bdist.linux-x86_64/wheel/./embed_optim
2026-09-13T16:25:46.0891939Z copying build/lib/embed_optim/gpu_lease.py -> build/bdist.linux-x86_64/wheel/./embed_optim
2026-09-13T16:25:46.0893925Z copying build/lib/embed_optim/artifact_inventory.py -> build/bdist.linux-x86_64/wheel/./embed_optim
2026-09-13T16:25:46.0895608Z copying build/lib/embed_optim/collators.py -> build/bdist.linux-x86_64/wheel/./embed_optim
2026-09-13T16:25:46.0897509Z copying build/lib/embed_optim/primary_weight_entries.py -> build/bdist.linux-x86_64/wheel/./embed_optim
2026-09-13T16:25:46.0899356Z copying build/lib/embed_optim/geometry_plot.py -> build/bdist.linux-x86_64/wheel/./embed_optim
2026-09-13T16:25:46.0901583Z copying build/lib/embed_optim/primary_exact_geometry_kernels.py -> build/bdist.linux-x86_64/wheel/./embed_optim
2026-09-13T16:25:46.0903292Z copying build/lib/embed_optim/paper_results.py -> build/bdist.linux-x86_64/wheel/./embed_optim
2026-09-13T16:25:46.0905743Z copying build/lib/embed_optim/primary_v3_exact_geometry_primitives.py -> build/bdist.linux-x86_64/wheel/./embed_optim
2026-09-13T16:25:46.0908786Z copying build/lib/embed_optim/dimension_intervention_io.py -> build/bdist.linux-x86_64/wheel/./embed_optim
2026-09-13T16:25:46.0910562Z copying build/lib/embed_optim/primary_v3_dimension_contract.py -> build/bdist.linux-x86_64/wheel/./embed_optim
2026-09-13T16:25:46.0912438Z copying build/lib/embed_optim/causal_chain_rendering.py -> build/bdist.linux-x86_64/wheel/./embed_optim
2026-09-13T16:25:46.0914514Z copying build/lib/embed_optim/primary_dimension_probe.py -> build/bdist.linux-x86_64/wheel/./embed_optim
2026-09-13T16:25:46.0916328Z copying build/lib/embed_optim/evaluate_matrix.py -> build/bdist.linux-x86_64/wheel/./embed_optim
2026-09-13T16:25:46.0918680Z copying build/lib/embed_optim/factorial_v3_inputs.py -> build/bdist.linux-x86_64/wheel/./embed_optim
2026-09-13T16:25:46.0920456Z copying build/lib/embed_optim/dimension_utilization.py -> build/bdist.linux-x86_64/wheel/./embed_optim
2026-09-13T16:25:46.0922655Z copying build/lib/embed_optim/candidate_breadth_release.py -> build/bdist.linux-x86_64/wheel/./embed_optim
2026-09-13T16:25:46.0924649Z copying build/lib/embed_optim/probe_matrix.py -> build/bdist.linux-x86_64/wheel/./embed_optim
2026-09-13T16:25:46.0926552Z copying build/lib/embed_optim/state_operator_factorial_summary.py -> build/bdist.linux-x86_64/wheel/./embed_optim
2026-09-13T16:25:46.0928673Z copying build/lib/embed_optim/family_training_queue.py -> build/bdist.linux-x86_64/wheel/./embed_optim
2026-09-13T16:25:46.0930501Z copying build/lib/embed_optim/dense_numerical_contract.py -> build/bdist.linux-x86_64/wheel/./embed_optim
2026-09-13T16:25:46.0932362Z copying build/lib/embed_optim/packing_invariance.py -> build/bdist.linux-x86_64/wheel/./embed_optim
2026-09-13T16:25:46.0934386Z copying build/lib/embed_optim/primary_v3_geometry_primitives.py -> build/bdist.linux-x86_64/wheel/./embed_optim
2026-09-13T16:25:46.0936217Z copying build/lib/embed_optim/evaluation_source_archive.py -> build/bdist.linux-x86_64/wheel/./embed_optim
2026-09-13T16:25:46.0939008Z copying build/lib/embed_optim/completion_contract_migration.py -> build/bdist.linux-x86_64/wheel/./embed_optim
2026-09-13T16:25:46.0940881Z copying build/lib/embed_optim/primary_v3_vector_reconstruction.py -> build/bdist.linux-x86_64/wheel/./embed_optim
2026-09-13T16:25:46.0942605Z copying build/lib/embed_optim/common_state_spectrum_plot.py -> build/bdist.linux-x86_64/wheel/./embed_optim
2026-09-13T16:25:46.0944434Z copying build/lib/embed_optim/geometry_robustness.py -> build/bdist.linux-x86_64/wheel/./embed_optim
2026-09-13T16:25:46.0946226Z copying build/lib/embed_optim/geometry_summary.py -> build/bdist.linux-x86_64/wheel/./embed_optim
2026-09-13T16:25:46.0948139Z copying build/lib/embed_optim/evaluation_progress.py -> build/bdist.linux-x86_64/wheel/./embed_optim
2026-09-13T16:25:46.0950292Z copying build/lib/embed_optim/reconstruction_files.py -> build/bdist.linux-x86_64/wheel/./embed_optim
2026-09-13T16:25:46.0952239Z copying build/lib/embed_optim/candidate_breadth_evaluation.py -> build/bdist.linux-x86_64/wheel/./embed_optim
2026-09-13T16:25:46.0954282Z copying build/lib/embed_optim/primary_v3_exact_reconstruction_archive.py -> build/bdist.linux-x86_64/wheel/./embed_optim
2026-09-13T16:25:46.0956010Z copying build/lib/embed_optim/primary_data_revision.py -> build/bdist.linux-x86_64/wheel/./embed_optim
2026-09-13T16:25:46.0957855Z copying build/lib/embed_optim/corrected_geometry_summary.py -> build/bdist.linux-x86_64/wheel/./embed_optim
2026-09-13T16:25:46.0959947Z copying build/lib/embed_optim/losses.py -> build/bdist.linux-x86_64/wheel/./embed_optim
2026-09-13T16:25:46.0961915Z copying build/lib/embed_optim/state_operator_factorial_publication.py -> build/bdist.linux-x86_64/wheel/./embed_optim
2026-09-13T16:25:46.0963715Z copying build/lib/embed_optim/factorial_v3_run_contract.py -> build/bdist.linux-x86_64/wheel/./embed_optim
2026-09-13T16:25:46.0965987Z copying build/lib/embed_optim/primary_v3_exact_reconstruction.py -> build/bdist.linux-x86_64/wheel/./embed_optim
2026-09-13T16:25:46.0967880Z copying build/lib/embed_optim/hybrid_control.py -> build/bdist.linux-x86_64/wheel/./embed_optim
2026-09-13T16:25:46.0970334Z copying build/lib/embed_optim/state_operator_factorial_completion.py -> build/bdist.linux-x86_64/wheel/./embed_optim
2026-09-13T16:25:46.0972316Z copying build/lib/embed_optim/post_eval_pipeline.py -> build/bdist.linux-x86_64/wheel/./embed_optim
2026-09-13T16:25:46.0974675Z copying build/lib/embed_optim/spectral_transplant.py -> build/bdist.linux-x86_64/wheel/./embed_optim
2026-09-13T16:25:46.0976733Z copying build/lib/embed_optim/corrected_completion_pipeline.py -> build/bdist.linux-x86_64/wheel/./embed_optim
2026-09-13T16:25:46.0978921Z copying build/lib/embed_optim/corrected_wandb_audit.py -> build/bdist.linux-x86_64/wheel/./embed_optim
2026-09-13T16:25:46.0980604Z copying build/lib/embed_optim/dense_completion_pipeline.py -> build/bdist.linux-x86_64/wheel/./embed_optim
2026-09-13T16:25:46.0982926Z copying build/lib/embed_optim/primary_geometry_kernels.py -> build/bdist.linux-x86_64/wheel/./embed_optim
2026-09-13T16:25:46.0985052Z copying build/lib/embed_optim/candidate_breadth_summary.py -> build/bdist.linux-x86_64/wheel/./embed_optim
2026-09-13T16:25:46.0986727Z copying build/lib/embed_optim/primary_io.py -> build/bdist.linux-x86_64/wheel/./embed_optim
2026-09-13T16:25:46.0989009Z copying build/lib/embed_optim/candidate_breadth_publication.py -> build/bdist.linux-x86_64/wheel/./embed_optim
2026-09-13T16:25:46.0990636Z copying build/lib/embed_optim/decontamination.py -> build/bdist.linux-x86_64/wheel/./embed_optim
2026-09-13T16:25:46.0992740Z copying build/lib/embed_optim/dense_finalization_pipeline.py -> build/bdist.linux-x86_64/wheel/./embed_optim
2026-09-13T16:25:46.0994617Z copying build/lib/embed_optim/dimension_release.py -> build/bdist.linux-x86_64/wheel/./embed_optim
2026-09-13T16:25:46.0996430Z copying build/lib/embed_optim/tail_stability.py -> build/bdist.linux-x86_64/wheel/./embed_optim
2026-09-13T16:25:46.0999246Z copying build/lib/embed_optim/corrected_execution_sensitivity.py -> build/bdist.linux-x86_64/wheel/./embed_optim
2026-09-13T16:25:46.1000987Z copying build/lib/embed_optim/primary_v3_geometry.py -> build/bdist.linux-x86_64/wheel/./embed_optim
2026-09-13T16:25:46.1002829Z copying build/lib/embed_optim/corrected_progress.py -> build/bdist.linux-x86_64/wheel/./embed_optim
2026-09-13T16:25:46.1004530Z copying build/lib/embed_optim/probes.py -> build/bdist.linux-x86_64/wheel/./embed_optim
2026-09-13T16:25:46.1006999Z copying build/lib/embed_optim/sealed_checkpoint_supervisor.py -> build/bdist.linux-x86_64/wheel/./embed_optim
2026-09-13T16:25:46.1009174Z copying build/lib/embed_optim/factorial_v3_bound_trainer.py -> build/bdist.linux-x86_64/wheel/./embed_optim
2026-09-13T16:25:46.1010803Z copying build/lib/embed_optim/common_state_matrix.py -> build/bdist.linux-x86_64/wheel/./embed_optim
2026-09-13T16:25:46.1012770Z copying build/lib/embed_optim/primary_v3_dimensions.py -> build/bdist.linux-x86_64/wheel/./embed_optim
2026-09-13T16:25:46.1014424Z copying build/lib/embed_optim/representation_geometry.py -> build/bdist.linux-x86_64/wheel/./embed_optim
2026-09-13T16:25:46.1016359Z copying build/lib/embed_optim/representation_summary.py -> build/bdist.linux-x86_64/wheel/./embed_optim
2026-09-13T16:25:46.1018378Z copying build/lib/embed_optim/primary_v3_manuscript_build.py -> build/bdist.linux-x86_64/wheel/./embed_optim
2026-09-13T16:25:46.1021030Z copying build/lib/embed_optim/bridge_named_features.py -> build/bdist.linux-x86_64/wheel/./embed_optim
2026-09-13T16:25:46.1022263Z copying build/lib/embed_optim/corrected_beir_evaluation.py -> build/bdist.linux-x86_64/wheel/./embed_optim
2026-09-13T16:25:46.1024177Z copying build/lib/embed_optim/corrected_validation_evaluation.py -> build/bdist.linux-x86_64/wheel/./embed_optim
2026-09-13T16:25:46.1025720Z copying build/lib/embed_optim/factorial_v3_trainer.py -> build/bdist.linux-x86_64/wheel/./embed_optim
2026-09-13T16:25:46.1027500Z copying build/lib/embed_optim/bridge_exact_arithmetic.py -> build/bdist.linux-x86_64/wheel/./embed_optim
2026-09-13T16:25:46.1029271Z copying build/lib/embed_optim/corrected_input_execution.py -> build/bdist.linux-x86_64/wheel/./embed_optim
2026-09-13T16:25:46.1031143Z copying build/lib/embed_optim/corrected_publication.py -> build/bdist.linux-x86_64/wheel/./embed_optim
2026-09-13T16:25:46.1033410Z copying build/lib/embed_optim/confirmatory_matrix.py -> build/bdist.linux-x86_64/wheel/./embed_optim
2026-09-13T16:25:46.1035022Z copying build/lib/embed_optim/geometry.py -> build/bdist.linux-x86_64/wheel/./embed_optim
2026-09-13T16:25:46.1037415Z copying build/lib/embed_optim/bridge_numerics.py -> build/bdist.linux-x86_64/wheel/./embed_optim
2026-09-13T16:25:46.1039644Z copying build/lib/embed_optim/corrected_retrieval_bridge.py -> build/bdist.linux-x86_64/wheel/./embed_optim
2026-09-13T16:25:46.1041926Z copying build/lib/embed_optim/confirmatory_summary.py -> build/bdist.linux-x86_64/wheel/./embed_optim
2026-09-13T16:25:46.1043964Z copying build/lib/embed_optim/factorial_v3_factory.py -> build/bdist.linux-x86_64/wheel/./embed_optim
2026-09-13T16:25:46.1046318Z copying build/lib/embed_optim/primary_v3_publication_render.py -> build/bdist.linux-x86_64/wheel/./embed_optim
2026-09-13T16:25:46.1048325Z copying build/lib/embed_optim/state_operator_factorial.py -> build/bdist.linux-x86_64/wheel/./embed_optim
2026-09-13T16:25:46.1050721Z copying build/lib/embed_optim/three_regime_diagnostic.py -> build/bdist.linux-x86_64/wheel/./embed_optim
2026-09-13T16:25:46.1053047Z copying build/lib/embed_optim/paper_layout.py -> build/bdist.linux-x86_64/wheel/./embed_optim
2026-09-13T16:25:46.1055168Z copying build/lib/embed_optim/corpus_size_diagnostic.py -> build/bdist.linux-x86_64/wheel/./embed_optim
2026-09-13T16:25:46.1057532Z copying build/lib/embed_optim/state_operator_factorial_contract.py -> build/bdist.linux-x86_64/wheel/./embed_optim
2026-09-13T16:25:46.1059272Z copying build/lib/embed_optim/primary_contract.py -> build/bdist.linux-x86_64/wheel/./embed_optim
2026-09-13T16:25:46.1061786Z copying build/lib/embed_optim/temporal_short_branch_predictors.py -> build/bdist.linux-x86_64/wheel/./embed_optim
2026-09-13T16:25:46.1063971Z copying build/lib/embed_optim/primary_v3_bridge.py -> build/bdist.linux-x86_64/wheel/./embed_optim
2026-09-13T16:25:46.1066106Z copying build/lib/embed_optim/primary_v3_reconstruction_sources.py -> build/bdist.linux-x86_64/wheel/./embed_optim
2026-09-13T16:25:46.1068506Z copying build/lib/embed_optim/optimizers.py -> build/bdist.linux-x86_64/wheel/./embed_optim
2026-09-13T16:25:46.1070477Z copying build/lib/embed_optim/incremental_checkpoint_backup.py -> build/bdist.linux-x86_64/wheel/./embed_optim
2026-09-13T16:25:46.1072478Z copying build/lib/embed_optim/dense_retrieval_dynamics_summary.py -> build/bdist.linux-x86_64/wheel/./embed_optim
2026-09-13T16:25:46.1074072Z copying build/lib/embed_optim/probe_export.py -> build/bdist.linux-x86_64/wheel/./embed_optim
2026-09-13T16:25:46.1075908Z copying build/lib/embed_optim/confirmatory_evaluation.py -> build/bdist.linux-x86_64/wheel/./embed_optim
2026-09-13T16:25:46.1077500Z copying build/lib/embed_optim/aggregate.py -> build/bdist.linux-x86_64/wheel/./embed_optim
2026-09-13T16:25:46.1080132Z copying build/lib/embed_optim/functional_intervention_summary.py -> build/bdist.linux-x86_64/wheel/./embed_optim
2026-09-13T16:25:46.1081770Z copying build/lib/embed_optim/evaluation_utils.py -> build/bdist.linux-x86_64/wheel/./embed_optim
2026-09-13T16:25:46.1083617Z copying build/lib/embed_optim/primary_v3_exact_publication_contract.py -> build/bdist.linux-x86_64/wheel/./embed_optim
2026-09-13T16:25:46.1085163Z copying build/lib/embed_optim/primary_training.py -> build/bdist.linux-x86_64/wheel/./embed_optim
2026-09-13T16:25:46.1086952Z copying build/lib/embed_optim/corrected_validation_matrix.py -> build/bdist.linux-x86_64/wheel/./embed_optim
2026-09-13T16:25:46.1088813Z copying build/lib/embed_optim/current_paper.py -> build/bdist.linux-x86_64/wheel/./embed_optim
2026-09-13T16:25:46.1090080Z running install_data
2026-09-13T16:25:46.1116243Z creating build/bdist.linux-x86_64/wheel/embedding_optimizer_study-0.1.0.data/data
2026-09-13T16:25:46.1119399Z creating build/bdist.linux-x86_64/wheel/embedding_optimizer_study-0.1.0.data/data/share/embedding-optimizer-study/configs
2026-09-13T16:25:46.1122586Z copying configs/candidate_breadth_probe.json -> build/bdist.linux-x86_64/wheel/embedding_optimizer_study-0.1.0.data/data/share/embedding-optimizer-study/configs
2026-09-13T16:25:46.1124539Z copying configs/corpus_size_diagnostic.json -> build/bdist.linux-x86_64/wheel/embedding_optimizer_study-0.1.0.data/data/share/embedding-optimizer-study/configs
2026-09-13T16:25:46.1126460Z copying configs/three_regime_diagnostic.json -> build/bdist.linux-x86_64/wheel/embedding_optimizer_study-0.1.0.data/data/share/embedding-optimizer-study/configs
2026-09-13T16:25:46.1128528Z copying configs/beir_representation_probe.json -> build/bdist.linux-x86_64/wheel/embedding_optimizer_study-0.1.0.data/data/share/embedding-optimizer-study/configs
2026-09-13T16:25:46.1130381Z copying configs/basis_sensitivity.json -> build/bdist.linux-x86_64/wheel/embedding_optimizer_study-0.1.0.data/data/share/embedding-optimizer-study/configs
2026-09-13T16:25:46.1131732Z copying configs/causal_chain_analysis.json -> build/bdist.linux-x86_64/wheel/embedding_optimizer_study-0.1.0.data/data/share/embedding-optimizer-study/configs
2026-09-13T16:25:46.1133624Z copying configs/experiment.yaml -> build/bdist.linux-x86_64/wheel/embedding_optimizer_study-0.1.0.data/data/share/embedding-optimizer-study/configs
2026-09-13T16:25:46.1135887Z copying configs/common_state_probe.json -> build/bdist.linux-x86_64/wheel/embedding_optimizer_study-0.1.0.data/data/share/embedding-optimizer-study/configs
2026-09-13T16:25:46.1138110Z copying configs/common_state_spectrum_probe.json -> build/bdist.linux-x86_64/wheel/embedding_optimizer_study-0.1.0.data/data/share/embedding-optimizer-study/configs
2026-09-13T16:25:46.1140212Z copying configs/confirmatory_protocol.json -> build/bdist.linux-x86_64/wheel/embedding_optimizer_study-0.1.0.data/data/share/embedding-optimizer-study/configs
2026-09-13T16:25:46.1142119Z copying configs/dense_scope_amendment.json -> build/bdist.linux-x86_64/wheel/embedding_optimizer_study-0.1.0.data/data/share/embedding-optimizer-study/configs
2026-09-13T16:25:46.1144045Z copying configs/dense_primary_v2_protocol.json -> build/bdist.linux-x86_64/wheel/embedding_optimizer_study-0.1.0.data/data/share/embedding-optimizer-study/configs
2026-09-13T16:25:46.1145902Z copying configs/dense_primary_v3_protocol.json -> build/bdist.linux-x86_64/wheel/embedding_optimizer_study-0.1.0.data/data/share/embedding-optimizer-study/configs
2026-09-13T16:25:46.1148165Z copying configs/dense_primary_v3_data_amendment.json -> build/bdist.linux-x86_64/wheel/embedding_optimizer_study-0.1.0.data/data/share/embedding-optimizer-study/configs
2026-09-13T16:25:46.1155550Z copying configs/dense_primary_v3_validation_protocol.json -> build/bdist.linux-x86_64/wheel/embedding_optimizer_study-0.1.0.data/data/share/embedding-optimizer-study/configs
2026-09-13T16:25:46.1157067Z copying configs/dense_primary_v3_outcome_protocol.json -> build/bdist.linux-x86_64/wheel/embedding_optimizer_study-0.1.0.data/data/share/embedding-optimizer-study/configs
2026-09-13T16:25:46.1158537Z copying configs/dense_primary_v3_outcome_protocol_v2.json -> build/bdist.linux-x86_64/wheel/embedding_optimizer_study-0.1.0.data/data/share/embedding-optimizer-study/configs
2026-09-13T16:25:46.1159974Z copying configs/dense_primary_v3_geometry_protocol.json -> build/bdist.linux-x86_64/wheel/embedding_optimizer_study-0.1.0.data/data/share/embedding-optimizer-study/configs
2026-09-13T16:25:46.1168731Z copying configs/dense_primary_v3_geometry_protocol_v2.json -> build/bdist.linux-x86_64/wheel/embedding_optimizer_study-0.1.0.data/data/share/embedding-optimizer-study/configs
2026-09-13T16:25:46.1170682Z copying configs/dense_primary_v3_exact_geometry_protocol.json -> build/bdist.linux-x86_64/wheel/embedding_optimizer_study-0.1.0.data/data/share/embedding-optimizer-study/configs
2026-09-13T16:25:46.1172413Z copying configs/dense_primary_v3_bridge_protocol.json -> build/bdist.linux-x86_64/wheel/embedding_optimizer_study-0.1.0.data/data/share/embedding-optimizer-study/configs
2026-09-13T16:25:46.1173935Z copying configs/dense_primary_v3_exact_bridge_protocol.json -> build/bdist.linux-x86_64/wheel/embedding_optimizer_study-0.1.0.data/data/share/embedding-optimizer-study/configs
2026-09-13T16:25:46.1175540Z copying configs/dense_primary_v3_dimensions_protocol.json -> build/bdist.linux-x86_64/wheel/embedding_optimizer_study-0.1.0.data/data/share/embedding-optimizer-study/configs
2026-09-13T16:25:46.1177265Z copying configs/dense_primary_v3_dimension_inference_protocol.json -> build/bdist.linux-x86_64/wheel/embedding_optimizer_study-0.1.0.data/data/share/embedding-optimizer-study/configs
2026-09-13T16:25:46.1179439Z copying configs/dense_primary_v3_publication_protocol.json -> build/bdist.linux-x86_64/wheel/embedding_optimizer_study-0.1.0.data/data/share/embedding-optimizer-study/configs
2026-09-13T16:25:46.1181358Z copying configs/dense_primary_v3_exact_publication_protocol.json -> build/bdist.linux-x86_64/wheel/embedding_optimizer_study-0.1.0.data/data/share/embedding-optimizer-study/configs
2026-09-13T16:25:46.1183117Z copying configs/dense_weight_entry_measurement_amendment.json -> build/bdist.linux-x86_64/wheel/embedding_optimizer_study-0.1.0.data/data/share/embedding-optimizer-study/configs
2026-09-13T16:25:46.1184730Z copying configs/dense_no_packing_retrain.yaml -> build/bdist.linux-x86_64/wheel/embedding_optimizer_study-0.1.0.data/data/share/embedding-optimizer-study/configs
2026-09-13T16:25:46.1186212Z copying configs/dense_correctness_candidate.yaml -> build/bdist.linux-x86_64/wheel/embedding_optimizer_study-0.1.0.data/data/share/embedding-optimizer-study/configs
2026-09-13T16:25:46.1188549Z copying configs/dense_dimension_utilization_protocol.json -> build/bdist.linux-x86_64/wheel/embedding_optimizer_study-0.1.0.data/data/share/embedding-optimizer-study/configs
2026-09-13T16:25:46.1190491Z copying configs/dense_primary_dimension_export_protocol.json -> build/bdist.linux-x86_64/wheel/embedding_optimizer_study-0.1.0.data/data/share/embedding-optimizer-study/configs
2026-09-13T16:25:46.1192114Z copying configs/dense_primary_dimension_handoff_protocol.json -> build/bdist.linux-x86_64/wheel/embedding_optimizer_study-0.1.0.data/data/share/embedding-optimizer-study/configs
2026-09-13T16:25:46.1193823Z copying configs/dense_primary_dimension_archive_protocol.json -> build/bdist.linux-x86_64/wheel/embedding_optimizer_study-0.1.0.data/data/share/embedding-optimizer-study/configs
2026-09-13T16:25:46.1195491Z copying configs/dense_no_packing_preflight.yaml -> build/bdist.linux-x86_64/wheel/embedding_optimizer_study-0.1.0.data/data/share/embedding-optimizer-study/configs
2026-09-13T16:25:46.1197173Z copying configs/dense_no_packing_preflight_protocol.json -> build/bdist.linux-x86_64/wheel/embedding_optimizer_study-0.1.0.data/data/share/embedding-optimizer-study/configs
2026-09-13T16:25:46.1199303Z copying configs/dense_no_packing_execution_protocol.json -> build/bdist.linux-x86_64/wheel/embedding_optimizer_study-0.1.0.data/data/share/embedding-optimizer-study/configs
2026-09-13T16:25:46.1201031Z copying configs/dense_no_packing_completion_contract_migration.json -> build/bdist.linux-x86_64/wheel/embedding_optimizer_study-0.1.0.data/data/share/embedding-optimizer-study/configs
2026-09-13T16:25:46.1202829Z copying configs/dense_no_packing_backup_provenance_migration.json -> build/bdist.linux-x86_64/wheel/embedding_optimizer_study-0.1.0.data/data/share/embedding-optimizer-study/configs
2026-09-13T16:25:46.1204590Z copying configs/dense_no_packing_publication_layout_migration.json -> build/bdist.linux-x86_64/wheel/embedding_optimizer_study-0.1.0.data/data/share/embedding-optimizer-study/configs
2026-09-13T16:25:46.1206384Z copying configs/dense_no_packing_publication_narrative_migration.json -> build/bdist.linux-x86_64/wheel/embedding_optimizer_study-0.1.0.data/data/share/embedding-optimizer-study/configs
2026-09-13T16:25:46.1208395Z copying configs/dense_no_packing_matrix_handoff_guard.json -> build/bdist.linux-x86_64/wheel/embedding_optimizer_study-0.1.0.data/data/share/embedding-optimizer-study/configs
2026-09-13T16:25:46.1210258Z copying configs/dense_no_packing_evaluation_protocol.json -> build/bdist.linux-x86_64/wheel/embedding_optimizer_study-0.1.0.data/data/share/embedding-optimizer-study/configs
2026-09-13T16:25:46.1211972Z copying configs/dense_no_packing_analysis_protocol.json -> build/bdist.linux-x86_64/wheel/embedding_optimizer_study-0.1.0.data/data/share/embedding-optimizer-study/configs
2026-09-13T16:25:46.1213778Z copying configs/dense_no_packing_state_operator_factorial_protocol.json -> build/bdist.linux-x86_64/wheel/embedding_optimizer_study-0.1.0.data/data/share/embedding-optimizer-study/configs
2026-09-13T16:25:46.1215616Z copying configs/dense_no_packing_state_operator_claim_wording_amendment.json -> build/bdist.linux-x86_64/wheel/embedding_optimizer_study-0.1.0.data/data/share/embedding-optimizer-study/configs
2026-09-13T16:25:46.1217957Z copying configs/dense_no_packing_state_operator_factorial_implementation_protocol.json -> build/bdist.linux-x86_64/wheel/embedding_optimizer_study-0.1.0.data/data/share/embedding-optimizer-study/configs
2026-09-13T16:25:46.1220378Z copying configs/dense_no_packing_state_operator_abstract_compliance_migration.json -> build/bdist.linux-x86_64/wheel/embedding_optimizer_study-0.1.0.data/data/share/embedding-optimizer-study/configs
2026-09-13T16:25:46.1222227Z copying configs/dense_no_packing_state_operator_weight_space_narrative_migration.json -> build/bdist.linux-x86_64/wheel/embedding_optimizer_study-0.1.0.data/data/share/embedding-optimizer-study/configs
2026-09-13T16:25:46.1224454Z copying configs/dense_no_packing_state_operator_factorial_publication_protocol.json -> build/bdist.linux-x86_64/wheel/embedding_optimizer_study-0.1.0.data/data/share/embedding-optimizer-study/configs
2026-09-13T16:25:46.1226443Z copying configs/dense_no_packing_state_operator_factorial_completion_protocol.json -> build/bdist.linux-x86_64/wheel/embedding_optimizer_study-0.1.0.data/data/share/embedding-optimizer-study/configs
2026-09-13T16:25:46.1228450Z copying configs/dense_no_packing_outcome_protocol.json -> build/bdist.linux-x86_64/wheel/embedding_optimizer_study-0.1.0.data/data/share/embedding-optimizer-study/configs
2026-09-13T16:25:46.1244180Z copying configs/dense_no_packing_bridge_implementation_protocol.json -> build/bdist.linux-x86_64/wheel/embedding_optimizer_study-0.1.0.data/data/share/embedding-optimizer-study/configs
2026-09-13T16:25:46.1246087Z copying configs/dense_no_packing_bridge_implementation_protocol_v2.json -> build/bdist.linux-x86_64/wheel/embedding_optimizer_study-0.1.0.data/data/share/embedding-optimizer-study/configs
2026-09-13T16:25:46.1248054Z copying configs/dense_no_packing_sensitivity_implementation_protocol.json -> build/bdist.linux-x86_64/wheel/embedding_optimizer_study-0.1.0.data/data/share/embedding-optimizer-study/configs
2026-09-13T16:25:46.1250068Z copying configs/dense_no_packing_publication_protocol.json -> build/bdist.linux-x86_64/wheel/embedding_optimizer_study-0.1.0.data/data/share/embedding-optimizer-study/configs
2026-09-13T16:25:46.1251601Z copying configs/dense_retrieval_dynamics_extension.json -> build/bdist.linux-x86_64/wheel/embedding_optimizer_study-0.1.0.data/data/share/embedding-optimizer-study/configs
2026-09-13T16:25:46.1253111Z copying configs/dense_training_queue.json -> build/bdist.linux-x86_64/wheel/embedding_optimizer_study-0.1.0.data/data/share/embedding-optimizer-study/configs
2026-09-13T16:25:46.1254689Z copying configs/functional_intervention.json -> build/bdist.linux-x86_64/wheel/embedding_optimizer_study-0.1.0.data/data/share/embedding-optimizer-study/configs
2026-09-13T16:25:46.1255780Z copying configs/formal_runtime.json -> build/bdist.linux-x86_64/wheel/embedding_optimizer_study-0.1.0.data/data/share/embedding-optimizer-study/configs
2026-09-13T16:25:46.1256846Z copying configs/formal_runtime_constraints.txt -> build/bdist.linux-x86_64/wheel/embedding_optimizer_study-0.1.0.data/data/share/embedding-optimizer-study/configs
2026-09-13T16:25:46.1257939Z copying configs/hybrid_adamw_control.json -> build/bdist.linux-x86_64/wheel/embedding_optimizer_study-0.1.0.data/data/share/embedding-optimizer-study/configs
2026-09-13T16:25:46.1259025Z copying configs/hybrid_adamw.yaml -> build/bdist.linux-x86_64/wheel/embedding_optimizer_study-0.1.0.data/data/share/embedding-optimizer-study/configs
2026-09-13T16:25:46.1260663Z copying configs/local_global_reversal.json -> build/bdist.linux-x86_64/wheel/embedding_optimizer_study-0.1.0.data/data/share/embedding-optimizer-study/configs
2026-09-13T16:25:46.1262337Z copying configs/loss_retrieval_diagnostic.json -> build/bdist.linux-x86_64/wheel/embedding_optimizer_study-0.1.0.data/data/share/embedding-optimizer-study/configs
2026-09-13T16:25:46.1264013Z copying configs/mechanism_analysis_integration.json -> build/bdist.linux-x86_64/wheel/embedding_optimizer_study-0.1.0.data/data/share/embedding-optimizer-study/configs
2026-09-13T16:25:46.1265874Z copying configs/tail_stability_analysis.json -> build/bdist.linux-x86_64/wheel/embedding_optimizer_study-0.1.0.data/data/share/embedding-optimizer-study/configs
2026-09-13T16:25:46.1267577Z copying configs/spectral_transplant_intervention.json -> build/bdist.linux-x86_64/wheel/embedding_optimizer_study-0.1.0.data/data/share/embedding-optimizer-study/configs
2026-09-13T16:25:46.1269209Z copying configs/paper_claim_protocol.json -> build/bdist.linux-x86_64/wheel/embedding_optimizer_study-0.1.0.data/data/share/embedding-optimizer-study/configs
2026-09-13T16:25:46.1270888Z copying configs/portable_paper_evidence.json -> build/bdist.linux-x86_64/wheel/embedding_optimizer_study-0.1.0.data/data/share/embedding-optimizer-study/configs
2026-09-13T16:25:46.1272258Z copying configs/representation_probe.json -> build/bdist.linux-x86_64/wheel/embedding_optimizer_study-0.1.0.data/data/share/embedding-optimizer-study/configs
2026-09-13T16:25:46.1273916Z copying configs/retrieval_dynamics_protocol.json -> build/bdist.linux-x86_64/wheel/embedding_optimizer_study-0.1.0.data/data/share/embedding-optimizer-study/configs
2026-09-13T16:25:46.1275457Z copying configs/short_branch_protocol.json -> build/bdist.linux-x86_64/wheel/embedding_optimizer_study-0.1.0.data/data/share/embedding-optimizer-study/configs
2026-09-13T16:25:46.1276799Z copying configs/smoke.yaml -> build/bdist.linux-x86_64/wheel/embedding_optimizer_study-0.1.0.data/data/share/embedding-optimizer-study/configs
2026-09-13T16:25:46.1278054Z copying configs/stress.yaml -> build/bdist.linux-x86_64/wheel/embedding_optimizer_study-0.1.0.data/data/share/embedding-optimizer-study/configs
2026-09-13T16:25:46.1279734Z copying configs/training_data_contract.json -> build/bdist.linux-x86_64/wheel/embedding_optimizer_study-0.1.0.data/data/share/embedding-optimizer-study/configs
2026-09-13T16:25:46.1281116Z copying configs/validation_probe.json -> build/bdist.linux-x86_64/wheel/embedding_optimizer_study-0.1.0.data/data/share/embedding-optimizer-study/configs
2026-09-13T16:25:46.1282658Z creating build/bdist.linux-x86_64/wheel/embedding_optimizer_study-0.1.0.data/data/share/embedding-optimizer-study/configs/generated/confirmatory
2026-09-13T16:25:46.1284134Z copying configs/generated/confirmatory/seed161803.yaml -> build/bdist.linux-x86_64/wheel/embedding_optimizer_study-0.1.0.data/data/share/embedding-optimizer-study/configs/generated/confirmatory
2026-09-13T16:25:46.1286028Z copying configs/generated/confirmatory/seed271828.yaml -> build/bdist.linux-x86_64/wheel/embedding_optimizer_study-0.1.0.data/data/share/embedding-optimizer-study/configs/generated/confirmatory
2026-09-13T16:25:46.1287881Z copying configs/generated/confirmatory/seed314159.yaml -> build/bdist.linux-x86_64/wheel/embedding_optimizer_study-0.1.0.data/data/share/embedding-optimizer-study/configs/generated/confirmatory
2026-09-13T16:25:46.1289400Z creating build/bdist.linux-x86_64/wheel/embedding_optimizer_study-0.1.0.data/data/share/embedding-optimizer-study/configs/generated/short-branch
2026-09-13T16:25:46.1290854Z copying configs/generated/short-branch/seed161803.yaml -> build/bdist.linux-x86_64/wheel/embedding_optimizer_study-0.1.0.data/data/share/embedding-optimizer-study/configs/generated/short-branch
2026-09-13T16:25:46.1292731Z copying configs/generated/short-branch/seed271828.yaml -> build/bdist.linux-x86_64/wheel/embedding_optimizer_study-0.1.0.data/data/share/embedding-optimizer-study/configs/generated/short-branch
2026-09-13T16:25:46.1294586Z copying configs/generated/short-branch/seed314159.yaml -> build/bdist.linux-x86_64/wheel/embedding_optimizer_study-0.1.0.data/data/share/embedding-optimizer-study/configs/generated/short-branch
2026-09-13T16:25:46.1296221Z creating build/bdist.linux-x86_64/wheel/embedding_optimizer_study-0.1.0.data/data/share/embedding-optimizer-study/scripts/eval
2026-09-13T16:25:46.1297252Z copying scripts/eval/dense_no_packing_parallel.py -> build/bdist.linux-x86_64/wheel/embedding_optimizer_study-0.1.0.data/data/share/embedding-optimizer-study/scripts/eval
2026-09-13T16:25:46.1299050Z copying scripts/eval/dense_parallel.py -> build/bdist.linux-x86_64/wheel/embedding_optimizer_study-0.1.0.data/data/share/embedding-optimizer-study/scripts/eval
2026-09-13T16:25:46.1300910Z copying scripts/eval/dense_sequential.py -> build/bdist.linux-x86_64/wheel/embedding_optimizer_study-0.1.0.data/data/share/embedding-optimizer-study/scripts/eval
2026-09-13T16:25:46.1302607Z copying scripts/restore_primary_v3.py -> build/bdist.linux-x86_64/wheel/embedding_optimizer_study-0.1.0.data/data/share/embedding-optimizer-study/scripts
2026-09-13T16:25:46.1303993Z copying scripts/restore_functional_analysis.py -> build/bdist.linux-x86_64/wheel/embedding_optimizer_study-0.1.0.data/data/share/embedding-optimizer-study/scripts
2026-09-13T16:25:46.1305977Z copying scripts/restore_factorial_probes.py -> build/bdist.linux-x86_64/wheel/embedding_optimizer_study-0.1.0.data/data/share/embedding-optimizer-study/scripts
2026-09-13T16:25:46.1307685Z copying AGENTS.md -> build/bdist.linux-x86_64/wheel/embedding_optimizer_study-0.1.0.data/data/share/embedding-optimizer-study
2026-09-13T16:25:46.1309220Z copying CITATION.cff -> build/bdist.linux-x86_64/wheel/embedding_optimizer_study-0.1.0.data/data/share/embedding-optimizer-study
2026-09-13T16:25:46.1310891Z copying CODE_OF_CONDUCT.md -> build/bdist.linux-x86_64/wheel/embedding_optimizer_study-0.1.0.data/data/share/embedding-optimizer-study
2026-09-13T16:25:46.1323094Z copying CONTRIBUTING.md -> build/bdist.linux-x86_64/wheel/embedding_optimizer_study-0.1.0.data/data/share/embedding-optimizer-study
2026-09-13T16:25:46.1324308Z copying CURRENT_EXPERIMENT.md -> build/bdist.linux-x86_64/wheel/embedding_optimizer_study-0.1.0.data/data/share/embedding-optimizer-study
2026-09-13T16:25:46.1325501Z copying CURRENT_PROGRESS.json -> build/bdist.linux-x86_64/wheel/embedding_optimizer_study-0.1.0.data/data/share/embedding-optimizer-study
2026-09-13T16:25:46.1327075Z copying PROJECT_STATUS.md -> build/bdist.linux-x86_64/wheel/embedding_optimizer_study-0.1.0.data/data/share/embedding-optimizer-study
2026-09-13T16:25:46.1328775Z copying requirements-formal.lock -> build/bdist.linux-x86_64/wheel/embedding_optimizer_study-0.1.0.data/data/share/embedding-optimizer-study
2026-09-13T16:25:46.1330581Z copying requirements-formal-flash.txt -> build/bdist.linux-x86_64/wheel/embedding_optimizer_study-0.1.0.data/data/share/embedding-optimizer-study
2026-09-13T16:25:46.1332280Z copying SECURITY.md -> build/bdist.linux-x86_64/wheel/embedding_optimizer_study-0.1.0.data/data/share/embedding-optimizer-study
2026-09-13T16:25:46.1333906Z copying THIRD_PARTY_NOTICES.md -> build/bdist.linux-x86_64/wheel/embedding_optimizer_study-0.1.0.data/data/share/embedding-optimizer-study
2026-09-13T16:25:46.1335482Z creating build/bdist.linux-x86_64/wheel/embedding_optimizer_study-0.1.0.data/data/share/embedding-optimizer-study/docs
2026-09-13T16:25:46.1337099Z copying docs/checkpoint-restoration.md -> build/bdist.linux-x86_64/wheel/embedding_optimizer_study-0.1.0.data/data/share/embedding-optimizer-study/docs
2026-09-13T16:25:46.1338948Z copying docs/continuation-probe-restoration.md -> build/bdist.linux-x86_64/wheel/embedding_optimizer_study-0.1.0.data/data/share/embedding-optimizer-study/docs
2026-09-13T16:25:46.1340990Z copying docs/continuation-outcomes-restoration.md -> build/bdist.linux-x86_64/wheel/embedding_optimizer_study-0.1.0.data/data/share/embedding-optimizer-study/docs
2026-09-13T16:25:46.1342941Z copying docs/current-training-source.md -> build/bdist.linux-x86_64/wheel/embedding_optimizer_study-0.1.0.data/data/share/embedding-optimizer-study/docs
2026-09-13T16:25:46.1344910Z copying docs/saved-factorial-checkpoints.md -> build/bdist.linux-x86_64/wheel/embedding_optimizer_study-0.1.0.data/data/share/embedding-optimizer-study/docs
2026-09-13T16:25:46.1346942Z copying docs/endpoint-statistics-restoration.md -> build/bdist.linux-x86_64/wheel/embedding_optimizer_study-0.1.0.data/data/share/embedding-optimizer-study/docs
2026-09-13T16:25:46.1349260Z copying docs/evaluation-analysis-restoration.md -> build/bdist.linux-x86_64/wheel/embedding_optimizer_study-0.1.0.data/data/share/embedding-optimizer-study/docs
2026-09-13T16:25:46.1351543Z copying docs/first-stage-evaluation-restoration.md -> build/bdist.linux-x86_64/wheel/embedding_optimizer_study-0.1.0.data/data/share/embedding-optimizer-study/docs
2026-09-13T16:25:46.1353698Z copying docs/fourth-stage-evaluation-restoration.md -> build/bdist.linux-x86_64/wheel/embedding_optimizer_study-0.1.0.data/data/share/embedding-optimizer-study/docs
2026-09-13T16:25:46.1355964Z copying docs/fourth-stage-pool-b-evaluation-restoration.md -> build/bdist.linux-x86_64/wheel/embedding_optimizer_study-0.1.0.data/data/share/embedding-optimizer-study/docs
2026-09-13T16:25:46.1358362Z copying docs/functional-analysis-restoration.md -> build/bdist.linux-x86_64/wheel/embedding_optimizer_study-0.1.0.data/data/share/embedding-optimizer-study/docs
2026-09-13T16:25:46.1360400Z copying docs/paper-results-reproduction.md -> build/bdist.linux-x86_64/wheel/embedding_optimizer_study-0.1.0.data/data/share/embedding-optimizer-study/docs
2026-09-13T16:25:46.1362315Z copying docs/predictor-analysis-restoration.md -> build/bdist.linux-x86_64/wheel/embedding_optimizer_study-0.1.0.data/data/share/embedding-optimizer-study/docs
2026-09-13T16:25:46.1364249Z copying docs/pretrained-vector-restoration.md -> build/bdist.linux-x86_64/wheel/embedding_optimizer_study-0.1.0.data/data/share/embedding-optimizer-study/docs
2026-09-13T16:25:46.1366056Z copying docs/retrieval-trajectories-restoration.md -> build/bdist.linux-x86_64/wheel/embedding_optimizer_study-0.1.0.data/data/share/embedding-optimizer-study/docs
2026-09-13T16:25:46.1368048Z copying docs/second-stage-evaluation-restoration.md -> build/bdist.linux-x86_64/wheel/embedding_optimizer_study-0.1.0.data/data/share/embedding-optimizer-study/docs
2026-09-13T16:25:46.1370462Z copying docs/second-stage-pool-b-evaluation-restoration.md -> build/bdist.linux-x86_64/wheel/embedding_optimizer_study-0.1.0.data/data/share/embedding-optimizer-study/docs
2026-09-13T16:25:46.1372567Z copying docs/third-stage-evaluation-restoration.md -> build/bdist.linux-x86_64/wheel/embedding_optimizer_study-0.1.0.data/data/share/embedding-optimizer-study/docs
2026-09-13T16:25:46.1374659Z copying docs/third-stage-pool-b-evaluation-restoration.md -> build/bdist.linux-x86_64/wheel/embedding_optimizer_study-0.1.0.data/data/share/embedding-optimizer-study/docs
2026-09-13T16:25:46.1376653Z copying docs/training-analysis-restoration.md -> build/bdist.linux-x86_64/wheel/embedding_optimizer_study-0.1.0.data/data/share/embedding-optimizer-study/docs
2026-09-13T16:25:46.1378502Z copying docs/training-completion-evidence-restoration.md -> build/bdist.linux-x86_64/wheel/embedding_optimizer_study-0.1.0.data/data/share/embedding-optimizer-study/docs
2026-09-13T16:25:46.1380344Z copying docs/weight-analysis-restoration.md -> build/bdist.linux-x86_64/wheel/embedding_optimizer_study-0.1.0.data/data/share/embedding-optimizer-study/docs
2026-09-13T16:25:46.1382123Z copying docs/completion-gates.md -> build/bdist.linux-x86_64/wheel/embedding_optimizer_study-0.1.0.data/data/share/embedding-optimizer-study/docs
2026-09-13T16:25:46.1383217Z copying docs/training-restoration.md -> build/bdist.linux-x86_64/wheel/embedding_optimizer_study-0.1.0.data/data/share/embedding-optimizer-study/docs
2026-09-13T16:25:46.1384291Z copying docs/versioned-paper-reproduction.md -> build/bdist.linux-x86_64/wheel/embedding_optimizer_study-0.1.0.data/data/share/embedding-optimizer-study/docs
2026-09-13T16:25:46.1385366Z copying docs/source-version-testing.md -> build/bdist.linux-x86_64/wheel/embedding_optimizer_study-0.1.0.data/data/share/embedding-optimizer-study/docs
2026-09-13T16:25:46.1386386Z copying docs/dense-eval-handoff.md -> build/bdist.linux-x86_64/wheel/embedding_optimizer_study-0.1.0.data/data/share/embedding-optimizer-study/docs
2026-09-13T16:25:46.1387434Z copying docs/dense-no-packing-retrain.md -> build/bdist.linux-x86_64/wheel/embedding_optimizer_study-0.1.0.data/data/share/embedding-optimizer-study/docs
2026-09-13T16:25:46.1388647Z copying docs/naacl-dense-paper-plan.md -> build/bdist.linux-x86_64/wheel/embedding_optimizer_study-0.1.0.data/data/share/embedding-optimizer-study/docs
2026-09-13T16:25:46.1389820Z copying docs/naacl-paper-plan.md -> build/bdist.linux-x86_64/wheel/embedding_optimizer_study-0.1.0.data/data/share/embedding-optimizer-study/docs
2026-09-13T16:25:46.1391319Z copying docs/state-operator-factorial.md -> build/bdist.linux-x86_64/wheel/embedding_optimizer_study-0.1.0.data/data/share/embedding-optimizer-study/docs
2026-09-13T16:25:46.1392751Z creating build/bdist.linux-x86_64/wheel/embedding_optimizer_study-0.1.0.data/data/share/embedding-optimizer-study/paper
2026-09-13T16:25:46.1394016Z copying paper/Makefile -> build/bdist.linux-x86_64/wheel/embedding_optimizer_study-0.1.0.data/data/share/embedding-optimizer-study/paper
2026-09-13T16:25:46.1395563Z copying paper/legacy.Makefile -> build/bdist.linux-x86_64/wheel/embedding_optimizer_study-0.1.0.data/data/share/embedding-optimizer-study/paper
2026-09-13T16:25:46.1396928Z copying paper/README.md -> build/bdist.linux-x86_64/wheel/embedding_optimizer_study-0.1.0.data/data/share/embedding-optimizer-study/paper
2026-09-13T16:25:46.1398384Z copying paper/main.tex -> build/bdist.linux-x86_64/wheel/embedding_optimizer_study-0.1.0.data/data/share/embedding-optimizer-study/paper
2026-09-13T16:25:46.1399548Z copying paper/references.bib -> build/bdist.linux-x86_64/wheel/embedding_optimizer_study-0.1.0.data/data/share/embedding-optimizer-study/paper
2026-09-13T16:25:46.1401075Z copying paper/results.tex -> build/bdist.linux-x86_64/wheel/embedding_optimizer_study-0.1.0.data/data/share/embedding-optimizer-study/paper
2026-09-13T16:25:46.1402371Z creating build/bdist.linux-x86_64/wheel/embedding_optimizer_study-0.1.0.data/data/share/embedding-optimizer-study/paper/generated
2026-09-13T16:25:46.1403838Z copying paper/generated/optimizer-primary.tex -> build/bdist.linux-x86_64/wheel/embedding_optimizer_study-0.1.0.data/data/share/embedding-optimizer-study/paper/generated
2026-09-13T16:25:46.1405682Z copying paper/generated/dimension-utilization.tex -> build/bdist.linux-x86_64/wheel/embedding_optimizer_study-0.1.0.data/data/share/embedding-optimizer-study/paper/generated
2026-09-13T16:25:46.1407346Z copying paper/generated/state-operator-factorial.tex -> build/bdist.linux-x86_64/wheel/embedding_optimizer_study-0.1.0.data/data/share/embedding-optimizer-study/paper/generated
2026-09-13T16:25:46.1408758Z creating build/bdist.linux-x86_64/wheel/embedding_optimizer_study-0.1.0.data/data/share/embedding-optimizer-study/paper/current
2026-09-13T16:25:46.1410142Z copying paper/current/README.md -> build/bdist.linux-x86_64/wheel/embedding_optimizer_study-0.1.0.data/data/share/embedding-optimizer-study/paper/current
2026-09-13T16:25:46.1411825Z copying paper/current/document-snapshot.json -> build/bdist.linux-x86_64/wheel/embedding_optimizer_study-0.1.0.data/data/share/embedding-optimizer-study/paper/current
2026-09-13T16:25:46.1413467Z copying paper/current/main.tex -> build/bdist.linux-x86_64/wheel/embedding_optimizer_study-0.1.0.data/data/share/embedding-optimizer-study/paper/current
2026-09-13T16:25:46.1415035Z copying paper/current/references.bib -> build/bdist.linux-x86_64/wheel/embedding_optimizer_study-0.1.0.data/data/share/embedding-optimizer-study/paper/current
2026-09-13T16:25:46.1416437Z copying paper/current/results.tex -> build/bdist.linux-x86_64/wheel/embedding_optimizer_study-0.1.0.data/data/share/embedding-optimizer-study/paper/current
2026-09-13T16:25:46.1417803Z creating build/bdist.linux-x86_64/wheel/embedding_optimizer_study-0.1.0.data/data/share/embedding-optimizer-study/paper/current/generated
2026-09-13T16:25:46.1419316Z copying paper/current/generated/optimizer-primary.tex -> build/bdist.linux-x86_64/wheel/embedding_optimizer_study-0.1.0.data/data/share/embedding-optimizer-study/paper/current/generated
2026-09-13T16:25:46.1421251Z copying paper/current/generated/dimension-utilization.tex -> build/bdist.linux-x86_64/wheel/embedding_optimizer_study-0.1.0.data/data/share/embedding-optimizer-study/paper/current/generated
2026-09-13T16:25:46.1423253Z copying paper/current/generated/recipe-sensitivity.tex -> build/bdist.linux-x86_64/wheel/embedding_optimizer_study-0.1.0.data/data/share/embedding-optimizer-study/paper/current/generated
2026-09-13T16:25:46.1425139Z copying paper/current/generated/state-operator-factorial.tex -> build/bdist.linux-x86_64/wheel/embedding_optimizer_study-0.1.0.data/data/share/embedding-optimizer-study/paper/current/generated
2026-09-13T16:25:46.1426820Z creating build/bdist.linux-x86_64/wheel/embedding_optimizer_study-0.1.0.data/data/share/embedding-optimizer-study/paper/current/figures
2026-09-13T16:25:46.1428435Z copying paper/current/figures/optimizer-weight-dimension-map.pdf -> build/bdist.linux-x86_64/wheel/embedding_optimizer_study-0.1.0.data/data/share/embedding-optimizer-study/paper/current/figures
2026-09-13T16:25:46.1430667Z copying paper/current/figures/weight-to-retrieval-map.pdf -> build/bdist.linux-x86_64/wheel/embedding_optimizer_study-0.1.0.data/data/share/embedding-optimizer-study/paper/current/figures
2026-09-13T16:25:46.1432551Z copying paper/current/figures/full-rate-retrieval-trajectories.pdf -> build/bdist.linux-x86_64/wheel/embedding_optimizer_study-0.1.0.data/data/share/embedding-optimizer-study/paper/current/figures
2026-09-13T16:25:46.1433828Z creating build/bdist.linux-x86_64/wheel/embedding_optimizer_study-0.1.0.data/data/share/embedding-optimizer-study/paper/current/vendor
2026-09-13T16:25:46.1435312Z copying paper/current/vendor/acl.sty -> build/bdist.linux-x86_64/wheel/embedding_optimizer_study-0.1.0.data/data/share/embedding-optimizer-study/paper/current/vendor
2026-09-13T16:25:46.1437024Z copying paper/current/vendor/acl_natbib.bst -> build/bdist.linux-x86_64/wheel/embedding_optimizer_study-0.1.0.data/data/share/embedding-optimizer-study/paper/current/vendor
2026-09-13T16:25:46.1438424Z creating build/bdist.linux-x86_64/wheel/embedding_optimizer_study-0.1.0.data/data/share/embedding-optimizer-study/reports/state-operator-factorial
2026-09-13T16:25:46.1440667Z copying reports/state-operator-factorial/abstract-compliance-runtime-migration.json -> build/bdist.linux-x86_64/wheel/embedding_optimizer_study-0.1.0.data/data/share/embedding-optimizer-study/reports/state-operator-factorial
2026-09-13T16:25:46.1442396Z creating build/bdist.linux-x86_64/wheel/embedding_optimizer_study-0.1.0.data/data/share/embedding-optimizer-study/reports/candidate-breadth
2026-09-13T16:25:46.1444011Z copying reports/candidate-breadth/calibration_by_width.csv -> build/bdist.linux-x86_64/wheel/embedding_optimizer_study-0.1.0.data/data/share/embedding-optimizer-study/reports/candidate-breadth
2026-09-13T16:25:46.1445978Z copying reports/candidate-breadth/high_dose_contrasts.csv -> build/bdist.linux-x86_64/wheel/embedding_optimizer_study-0.1.0.data/data/share/embedding-optimizer-study/reports/candidate-breadth
2026-09-13T16:25:46.1447868Z copying reports/candidate-breadth/data-audit.json -> build/bdist.linux-x86_64/wheel/embedding_optimizer_study-0.1.0.data/data/share/embedding-optimizer-study/reports/candidate-breadth
2026-09-13T16:25:46.1449861Z copying reports/candidate-breadth/packing_invariance.json -> build/bdist.linux-x86_64/wheel/embedding_optimizer_study-0.1.0.data/data/share/embedding-optimizer-study/reports/candidate-breadth
2026-09-13T16:25:46.1451739Z copying reports/candidate-breadth/publication_manifest.json -> build/bdist.linux-x86_64/wheel/embedding_optimizer_study-0.1.0.data/data/share/embedding-optimizer-study/reports/candidate-breadth
2026-09-13T16:25:46.1453406Z copying reports/candidate-breadth/summary.json -> build/bdist.linux-x86_64/wheel/embedding_optimizer_study-0.1.0.data/data/share/embedding-optimizer-study/reports/candidate-breadth
2026-09-13T16:25:46.1454909Z copying reports/candidate-breadth/candidate_breadth_calibration.pdf -> build/bdist.linux-x86_64/wheel/embedding_optimizer_study-0.1.0.data/data/share/embedding-optimizer-study/reports/candidate-breadth
2026-09-13T16:25:46.1457040Z copying reports/candidate-breadth/candidate_breadth_calibration.svg -> build/bdist.linux-x86_64/wheel/embedding_optimizer_study-0.1.0.data/data/share/embedding-optimizer-study/reports/candidate-breadth
2026-09-13T16:25:46.1458867Z creating build/bdist.linux-x86_64/wheel/embedding_optimizer_study-0.1.0.data/data/share/embedding-optimizer-study/reports/three-regime-diagnostic
2026-09-13T16:25:46.1460735Z copying reports/three-regime-diagnostic/high_dose_contrasts.csv -> build/bdist.linux-x86_64/wheel/embedding_optimizer_study-0.1.0.data/data/share/embedding-optimizer-study/reports/three-regime-diagnostic
2026-09-13T16:25:46.1463029Z copying reports/three-regime-diagnostic/run_metrics.csv -> build/bdist.linux-x86_64/wheel/embedding_optimizer_study-0.1.0.data/data/share/embedding-optimizer-study/reports/three-regime-diagnostic
2026-09-13T16:25:46.1465219Z copying reports/three-regime-diagnostic/summary.json -> build/bdist.linux-x86_64/wheel/embedding_optimizer_study-0.1.0.data/data/share/embedding-optimizer-study/reports/three-regime-diagnostic
2026-09-13T16:25:46.1467155Z copying reports/three-regime-diagnostic/summary_manifest.json -> build/bdist.linux-x86_64/wheel/embedding_optimizer_study-0.1.0.data/data/share/embedding-optimizer-study/reports/three-regime-diagnostic
2026-09-13T16:25:46.1469059Z copying reports/three-regime-diagnostic/README.md -> build/bdist.linux-x86_64/wheel/embedding_optimizer_study-0.1.0.data/data/share/embedding-optimizer-study/reports/three-regime-diagnostic
2026-09-13T16:25:46.1470841Z creating build/bdist.linux-x86_64/wheel/embedding_optimizer_study-0.1.0.data/data/share/embedding-optimizer-study/reports/weight-space
2026-09-13T16:25:46.1472224Z copying reports/weight-space/README.md -> build/bdist.linux-x86_64/wheel/embedding_optimizer_study-0.1.0.data/data/share/embedding-optimizer-study/reports/weight-space
2026-09-13T16:25:46.1473656Z copying reports/weight-space/checkpoint_trajectory.csv -> build/bdist.linux-x86_64/wheel/embedding_optimizer_study-0.1.0.data/data/share/embedding-optimizer-study/reports/weight-space
2026-09-13T16:25:46.1475479Z copying reports/weight-space/optimizer_geometry_phase.svg -> build/bdist.linux-x86_64/wheel/embedding_optimizer_study-0.1.0.data/data/share/embedding-optimizer-study/reports/weight-space
2026-09-13T16:25:46.1477294Z copying reports/weight-space/optimizer_pair_contrasts.csv -> build/bdist.linux-x86_64/wheel/embedding_optimizer_study-0.1.0.data/data/share/embedding-optimizer-study/reports/weight-space
2026-09-13T16:25:46.1479141Z copying reports/weight-space/optimizer_pair_contrast_trajectory.csv -> build/bdist.linux-x86_64/wheel/embedding_optimizer_study-0.1.0.data/data/share/embedding-optimizer-study/reports/weight-space
2026-09-13T16:25:46.1480726Z copying reports/weight-space/optimizer_pair_contrast_trajectory.svg -> build/bdist.linux-x86_64/wheel/embedding_optimizer_study-0.1.0.data/data/share/embedding-optimizer-study/reports/weight-space
2026-09-13T16:25:46.1482642Z copying reports/weight-space/run_trajectory_summary.csv -> build/bdist.linux-x86_64/wheel/embedding_optimizer_study-0.1.0.data/data/share/embedding-optimizer-study/reports/weight-space
2026-09-13T16:25:46.1484318Z copying reports/weight-space/summary_manifest.json -> build/bdist.linux-x86_64/wheel/embedding_optimizer_study-0.1.0.data/data/share/embedding-optimizer-study/reports/weight-space
2026-09-13T16:25:46.1485951Z creating build/bdist.linux-x86_64/wheel/embedding_optimizer_study-0.1.0.data/data/share/embedding-optimizer-study/reports/training-dynamics
2026-09-13T16:25:46.1487638Z copying reports/training-dynamics/optimizer_system_summary.csv -> build/bdist.linux-x86_64/wheel/embedding_optimizer_study-0.1.0.data/data/share/embedding-optimizer-study/reports/training-dynamics
2026-09-13T16:25:46.1489492Z copying reports/training-dynamics/plot_manifest.json -> build/bdist.linux-x86_64/wheel/embedding_optimizer_study-0.1.0.data/data/share/embedding-optimizer-study/reports/training-dynamics
2026-09-13T16:25:46.1491416Z copying reports/training-dynamics/run_summary.csv -> build/bdist.linux-x86_64/wheel/embedding_optimizer_study-0.1.0.data/data/share/embedding-optimizer-study/reports/training-dynamics
2026-09-13T16:25:46.1493389Z copying reports/training-dynamics/stage_dynamics.csv -> build/bdist.linux-x86_64/wheel/embedding_optimizer_study-0.1.0.data/data/share/embedding-optimizer-study/reports/training-dynamics
2026-09-13T16:25:46.1495260Z copying reports/training-dynamics/summary_manifest.json -> build/bdist.linux-x86_64/wheel/embedding_optimizer_study-0.1.0.data/data/share/embedding-optimizer-study/reports/training-dynamics
2026-09-13T16:25:46.1497093Z copying reports/training-dynamics/system_tradeoffs.svg -> build/bdist.linux-x86_64/wheel/embedding_optimizer_study-0.1.0.data/data/share/embedding-optimizer-study/reports/training-dynamics
2026-09-13T16:25:46.1499140Z copying reports/training-dynamics/training_loss_dynamics.svg -> build/bdist.linux-x86_64/wheel/embedding_optimizer_study-0.1.0.data/data/share/embedding-optimizer-study/reports/training-dynamics
2026-09-13T16:25:46.1501912Z creating build/bdist.linux-x86_64/wheel/embedding_optimizer_study-0.1.0.data/data/share/embedding-optimizer-study/reports/dense-discovery
2026-09-13T16:25:46.1503532Z copying reports/dense-discovery/best_config_dynamics.csv -> build/bdist.linux-x86_64/wheel/embedding_optimizer_study-0.1.0.data/data/share/embedding-optimizer-study/reports/dense-discovery
2026-09-13T16:25:46.1505265Z copying reports/dense-discovery/best_config_task_comparison.csv -> build/bdist.linux-x86_64/wheel/embedding_optimizer_study-0.1.0.data/data/share/embedding-optimizer-study/reports/dense-discovery
2026-09-13T16:25:46.1507285Z copying reports/dense-discovery/checkpoint_summary.csv -> build/bdist.linux-x86_64/wheel/embedding_optimizer_study-0.1.0.data/data/share/embedding-optimizer-study/reports/dense-discovery
2026-09-13T16:25:46.1509221Z copying reports/dense-discovery/coverage.json -> build/bdist.linux-x86_64/wheel/embedding_optimizer_study-0.1.0.data/data/share/embedding-optimizer-study/reports/dense-discovery
2026-09-13T16:25:46.1511445Z copying reports/dense-discovery/evaluation_long.csv -> build/bdist.linux-x86_64/wheel/embedding_optimizer_study-0.1.0.data/data/share/embedding-optimizer-study/reports/dense-discovery
2026-09-13T16:25:46.1514551Z copying reports/dense-discovery/optimizer_summary.csv -> build/bdist.linux-x86_64/wheel/embedding_optimizer_study-0.1.0.data/data/share/embedding-optimizer-study/reports/dense-discovery
2026-09-13T16:25:46.1516260Z copying reports/dense-discovery/paired_comparison.csv -> build/bdist.linux-x86_64/wheel/embedding_optimizer_study-0.1.0.data/data/share/embedding-optimizer-study/reports/dense-discovery
2026-09-13T16:25:46.1518186Z copying reports/dense-discovery/system_metrics.csv -> build/bdist.linux-x86_64/wheel/embedding_optimizer_study-0.1.0.data/data/share/embedding-optimizer-study/reports/dense-discovery
2026-09-13T16:25:46.1520343Z copying reports/dense-discovery/system_summary.csv -> build/bdist.linux-x86_64/wheel/embedding_optimizer_study-0.1.0.data/data/share/embedding-optimizer-study/reports/dense-discovery
2026-09-13T16:25:46.1522441Z copying reports/dense-discovery/training_history.csv -> build/bdist.linux-x86_64/wheel/embedding_optimizer_study-0.1.0.data/data/share/embedding-optimizer-study/reports/dense-discovery
2026-09-13T16:25:46.1527653Z creating build/bdist.linux-x86_64/wheel/embedding_optimizer_study-0.1.0.data/data/share/embedding-optimizer-study/reports/dense-discovery/figures
2026-09-13T16:25:46.1530104Z copying reports/dense-discovery/figures/dense-lr-sensitivity.png -> build/bdist.linux-x86_64/wheel/embedding_optimizer_study-0.1.0.data/data/share/embedding-optimizer-study/reports/dense-discovery/figures
2026-09-13T16:25:46.1532603Z copying reports/dense-discovery/figures/dense-training-dynamics-by-run.png -> build/bdist.linux-x86_64/wheel/embedding_optimizer_study-0.1.0.data/data/share/embedding-optimizer-study/reports/dense-discovery/figures
2026-09-13T16:25:46.1535219Z copying reports/dense-discovery/figures/dense-training-dynamics.png -> build/bdist.linux-x86_64/wheel/embedding_optimizer_study-0.1.0.data/data/share/embedding-optimizer-study/reports/dense-discovery/figures
2026-09-13T16:25:46.1537729Z creating build/bdist.linux-x86_64/wheel/embedding_optimizer_study-0.1.0.data/data/share/embedding-optimizer-study/reports/retrieval-dynamics-dense
2026-09-13T16:25:46.1539386Z copying reports/retrieval-dynamics-dense/best_config_task_comparison.csv -> build/bdist.linux-x86_64/wheel/embedding_optimizer_study-0.1.0.data/data/share/embedding-optimizer-study/reports/retrieval-dynamics-dense
2026-09-13T16:25:46.1541294Z copying reports/retrieval-dynamics-dense/best_config_task_delta_dynamics.csv -> build/bdist.linux-x86_64/wheel/embedding_optimizer_study-0.1.0.data/data/share/embedding-optimizer-study/reports/retrieval-dynamics-dense
2026-09-13T16:25:46.1543388Z copying reports/retrieval-dynamics-dense/checkpoint_dynamics.csv -> build/bdist.linux-x86_64/wheel/embedding_optimizer_study-0.1.0.data/data/share/embedding-optimizer-study/reports/retrieval-dynamics-dense
2026-09-13T16:25:46.1545474Z copying reports/retrieval-dynamics-dense/optimizer_first_passage.csv -> build/bdist.linux-x86_64/wheel/embedding_optimizer_study-0.1.0.data/data/share/embedding-optimizer-study/reports/retrieval-dynamics-dense
2026-09-13T16:25:46.1547454Z copying reports/retrieval-dynamics-dense/quality_vs_useful_wall_time.svg -> build/bdist.linux-x86_64/wheel/embedding_optimizer_study-0.1.0.data/data/share/embedding-optimizer-study/reports/retrieval-dynamics-dense
2026-09-13T16:25:46.1550246Z copying reports/retrieval-dynamics-dense/run_first_passage.csv -> build/bdist.linux-x86_64/wheel/embedding_optimizer_study-0.1.0.data/data/share/embedding-optimizer-study/reports/retrieval-dynamics-dense
2026-09-13T16:25:46.1552246Z copying reports/retrieval-dynamics-dense/summary_manifest.json -> build/bdist.linux-x86_64/wheel/embedding_optimizer_study-0.1.0.data/data/share/embedding-optimizer-study/reports/retrieval-dynamics-dense
2026-09-13T16:25:46.1554316Z copying reports/retrieval-dynamics-dense/task_delta_stability.csv -> build/bdist.linux-x86_64/wheel/embedding_optimizer_study-0.1.0.data/data/share/embedding-optimizer-study/reports/retrieval-dynamics-dense
2026-09-13T16:25:46.1556751Z creating build/bdist.linux-x86_64/wheel/embedding_optimizer_study-0.1.0.data/data/share/embedding-optimizer-study/reports/dense-retrieval-dynamics
2026-09-13T16:25:46.1558971Z copying reports/dense-retrieval-dynamics/README.md -> build/bdist.linux-x86_64/wheel/embedding_optimizer_study-0.1.0.data/data/share/embedding-optimizer-study/reports/dense-retrieval-dynamics
2026-09-13T16:25:46.1561280Z copying reports/dense-retrieval-dynamics/confirmatory-evaluation-receipt.json -> build/bdist.linux-x86_64/wheel/embedding_optimizer_study-0.1.0.data/data/share/embedding-optimizer-study/reports/dense-retrieval-dynamics
2026-09-13T16:25:46.1564754Z copying reports/dense-retrieval-dynamics/evaluation-receipt.json -> build/bdist.linux-x86_64/wheel/embedding_optimizer_study-0.1.0.data/data/share/embedding-optimizer-study/reports/dense-retrieval-dynamics
2026-09-13T16:25:46.1568905Z copying reports/dense-retrieval-dynamics/five_stage_retrieval_dynamics.csv -> build/bdist.linux-x86_64/wheel/embedding_optimizer_study-0.1.0.data/data/share/embedding-optimizer-study/reports/dense-retrieval-dynamics
2026-09-13T16:25:46.1571524Z copying reports/dense-retrieval-dynamics/five_stage_retrieval_dynamics.pdf -> build/bdist.linux-x86_64/wheel/embedding_optimizer_study-0.1.0.data/data/share/embedding-optimizer-study/reports/dense-retrieval-dynamics
2026-09-13T16:25:46.1573715Z copying reports/dense-retrieval-dynamics/five_stage_retrieval_dynamics.svg -> build/bdist.linux-x86_64/wheel/embedding_optimizer_study-0.1.0.data/data/share/embedding-optimizer-study/reports/dense-retrieval-dynamics
2026-09-13T16:25:46.1576135Z copying reports/dense-retrieval-dynamics/hybrid-evaluation-receipt.json -> build/bdist.linux-x86_64/wheel/embedding_optimizer_study-0.1.0.data/data/share/embedding-optimizer-study/reports/dense-retrieval-dynamics
2026-09-13T16:25:46.1578214Z copying reports/dense-retrieval-dynamics/summary_manifest.json -> build/bdist.linux-x86_64/wheel/embedding_optimizer_study-0.1.0.data/data/share/embedding-optimizer-study/reports/dense-retrieval-dynamics
2026-09-13T16:25:46.1580739Z creating build/bdist.linux-x86_64/wheel/embedding_optimizer_study-0.1.0.data/data/share/embedding-optimizer-study/reports/wandb
2026-09-13T16:25:46.1582668Z copying reports/wandb/dense_source_provenance_audit.json -> build/bdist.linux-x86_64/wheel/embedding_optimizer_study-0.1.0.data/data/share/embedding-optimizer-study/reports/wandb
2026-09-13T16:25:46.1584674Z creating build/bdist.linux-x86_64/wheel/embedding_optimizer_study-0.1.0.data/data/share/embedding-optimizer-study/reports/confirmatory-data
2026-09-13T16:25:46.1586260Z copying reports/confirmatory-data/receipt.json -> build/bdist.linux-x86_64/wheel/embedding_optimizer_study-0.1.0.data/data/share/embedding-optimizer-study/reports/confirmatory-data
2026-09-13T16:25:46.1588346Z creating build/bdist.linux-x86_64/wheel/embedding_optimizer_study-0.1.0.data/data/share/embedding-optimizer-study/reports/short-branch
2026-09-13T16:25:46.1590806Z copying reports/short-branch/subset-receipt.json -> build/bdist.linux-x86_64/wheel/embedding_optimizer_study-0.1.0.data/data/share/embedding-optimizer-study/reports/short-branch
2026-09-13T16:25:46.1592695Z creating build/bdist.linux-x86_64/wheel/embedding_optimizer_study-0.1.0.data/data/share/embedding-optimizer-study/reports/tail-stability
2026-09-13T16:25:46.1594177Z copying reports/tail-stability/README.md -> build/bdist.linux-x86_64/wheel/embedding_optimizer_study-0.1.0.data/data/share/embedding-optimizer-study/reports/tail-stability
2026-09-13T16:25:46.1596050Z copying reports/tail-stability/discovery_anchor_tail.csv -> build/bdist.linux-x86_64/wheel/embedding_optimizer_study-0.1.0.data/data/share/embedding-optimizer-study/reports/tail-stability
2026-09-13T16:25:46.1598102Z copying reports/tail-stability/discovery_cross_tail.csv -> build/bdist.linux-x86_64/wheel/embedding_optimizer_study-0.1.0.data/data/share/embedding-optimizer-study/reports/tail-stability
2026-09-13T16:25:46.1600306Z copying reports/tail-stability/discovery_cross_tail_summary.csv -> build/bdist.linux-x86_64/wheel/embedding_optimizer_study-0.1.0.data/data/share/embedding-optimizer-study/reports/tail-stability
2026-09-13T16:25:46.1602452Z copying reports/tail-stability/discovery_family_contrasts.csv -> build/bdist.linux-x86_64/wheel/embedding_optimizer_study-0.1.0.data/data/share/embedding-optimizer-study/reports/tail-stability
2026-09-13T16:25:46.1604413Z copying reports/tail-stability/summary_manifest.json -> build/bdist.linux-x86_64/wheel/embedding_optimizer_study-0.1.0.data/data/share/embedding-optimizer-study/reports/tail-stability
2026-09-13T16:25:46.1605990Z running install_egg_info
2026-09-13T16:25:46.1620354Z Copying src/embedding_optimizer_study.egg-info to build/bdist.linux-x86_64/wheel/./embedding_optimizer_study-0.1.0-py3.12.egg-info
2026-09-13T16:25:46.1629220Z running install_scripts
2026-09-13T16:25:46.1641361Z creating build/bdist.linux-x86_64/wheel/embedding_optimizer_study-0.1.0.dist-info/WHEEL
2026-09-13T16:25:46.1645683Z creating '/home/runner/work/embedding-optimizer-study/embedding-optimizer-study/dist/.tmp-ysg3s7y7/embedding_optimizer_study-0.1.0-py3-none-any.whl' and adding 'build/bdist.linux-x86_64/wheel' to it
2026-09-13T16:25:46.1650187Z adding 'embed_optim/__init__.py'
2026-09-13T16:25:46.1683121Z adding 'embed_optim/aggregate.py'
2026-09-13T16:25:46.1685982Z adding 'embed_optim/artifact_inventory.py'
2026-09-13T16:25:46.1699688Z adding 'embed_optim/basis_sensitivity.py'
2026-09-13T16:25:46.1705759Z adding 'embed_optim/beir_probe.py'
2026-09-13T16:25:46.1709315Z adding 'embed_optim/bridge_exact_arithmetic.py'
2026-09-13T16:25:46.1713097Z adding 'embed_optim/bridge_named_features.py'
2026-09-13T16:25:46.1716724Z adding 'embed_optim/bridge_numerics.py'
2026-09-13T16:25:46.1720420Z adding 'embed_optim/callbacks.py'
2026-09-13T16:25:46.1731247Z adding 'embed_optim/candidate_breadth_data.py'
2026-09-13T16:25:46.1737699Z adding 'embed_optim/candidate_breadth_evaluation.py'
2026-09-13T16:25:46.1741892Z adding 'embed_optim/candidate_breadth_matrix.py'
2026-09-13T16:25:46.1748914Z adding 'embed_optim/candidate_breadth_publication.py'
2026-09-13T16:25:46.1755765Z adding 'embed_optim/candidate_breadth_release.py'
2026-09-13T16:25:46.1764547Z adding 'embed_optim/candidate_breadth_summary.py'
2026-09-13T16:25:46.1773923Z adding 'embed_optim/causal_chain_rendering.py'
2026-09-13T16:25:46.1791842Z adding 'embed_optim/causal_chain_reporting.py'
2026-09-13T16:25:46.1796909Z adding 'embed_optim/checkpoint_watch.py'
2026-09-13T16:25:46.1799394Z adding 'embed_optim/collators.py'
2026-09-13T16:25:46.1807003Z adding 'embed_optim/common_state_matrix.py'
2026-09-13T16:25:46.1819169Z adding 'embed_optim/common_state_spectra.py'
2026-09-13T16:25:46.1824988Z adding 'embed_optim/common_state_spectrum_plot.py'
2026-09-13T16:25:46.1833459Z adding 'embed_optim/common_state_summary.py'
2026-09-13T16:25:46.1839007Z adding 'embed_optim/complete_paper_document.py'
2026-09-13T16:25:46.1842948Z adding 'embed_optim/completion_backup_contract_migration.py'
2026-09-13T16:25:46.1847047Z adding 'embed_optim/completion_contract_migration.py'
2026-09-13T16:25:46.1851089Z adding 'embed_optim/config.py'
2026-09-13T16:25:46.1862661Z adding 'embed_optim/confirmatory_data.py'
2026-09-13T16:25:46.1867443Z adding 'embed_optim/confirmatory_evaluation.py'
2026-09-13T16:25:46.1872436Z adding 'embed_optim/confirmatory_matrix.py'
2026-09-13T16:25:46.1877892Z adding 'embed_optim/confirmatory_summary.py'
2026-09-13T16:25:46.1886183Z adding 'embed_optim/corpus_size_diagnostic.py'
2026-09-13T16:25:46.1890472Z adding 'embed_optim/corrected_beir_evaluation.py'
2026-09-13T16:25:46.1894545Z adding 'embed_optim/corrected_checkpoint_backup.py'
2026-09-13T16:25:46.1900936Z adding 'embed_optim/corrected_completion_pipeline.py'
2026-09-13T16:25:46.1907051Z adding 'embed_optim/corrected_execution_sensitivity.py'
2026-09-13T16:25:46.1910577Z adding 'embed_optim/corrected_geometry_matrix.py'
2026-09-13T16:25:46.1917570Z adding 'embed_optim/corrected_geometry_summary.py'
2026-09-13T16:25:46.1920008Z adding 'embed_optim/corrected_input_execution.py'
2026-09-13T16:25:46.1926074Z adding 'embed_optim/corrected_outcome_summary.py'
2026-09-13T16:25:46.1929427Z adding 'embed_optim/corrected_progress.py'
2026-09-13T16:25:46.1940044Z adding 'embed_optim/corrected_publication.py'
2026-09-13T16:25:46.1947523Z adding 'embed_optim/corrected_retrieval_bridge.py'
2026-09-13T16:25:46.1950196Z adding 'embed_optim/corrected_validation_evaluation.py'
2026-09-13T16:25:46.1953765Z adding 'embed_optim/corrected_validation_matrix.py'
2026-09-13T16:25:46.1957872Z adding 'embed_optim/corrected_wandb_audit.py'
2026-09-13T16:25:46.1960967Z adding 'embed_optim/current_paper.py'
2026-09-13T16:25:46.1965829Z adding 'embed_optim/data.py'
2026-09-13T16:25:46.1968735Z adding 'embed_optim/decontamination.py'
2026-09-13T16:25:46.1978567Z adding 'embed_optim/dense_completion_pipeline.py'
2026-09-13T16:25:46.1991670Z adding 'embed_optim/dense_eval_handoff.py'
2026-09-13T16:25:46.1998801Z adding 'embed_optim/dense_finalization_pipeline.py'
2026-09-13T16:25:46.2001908Z adding 'embed_optim/dense_no_packing_preflight.py'
2026-09-13T16:25:46.2004967Z adding 'embed_optim/dense_numerical_contract.py'
2026-09-13T16:25:46.2012472Z adding 'embed_optim/dense_retrieval_dynamics_evaluation.py'
2026-09-13T16:25:46.2017125Z adding 'embed_optim/dense_retrieval_dynamics_publication.py'
2026-09-13T16:25:46.2025094Z adding 'embed_optim/dense_retrieval_dynamics_summary.py'
2026-09-13T16:25:46.2029612Z adding 'embed_optim/dense_run_contract.py'
2026-09-13T16:25:46.2034849Z adding 'embed_optim/dimension_archive.py'
2026-09-13T16:25:46.2039224Z adding 'embed_optim/dimension_inference.py'
2026-09-13T16:25:46.2042381Z adding 'embed_optim/dimension_inference_render.py'
2026-09-13T16:25:46.2044923Z adding 'embed_optim/dimension_intervention_io.py'
2026-09-13T16:25:46.2048384Z adding 'embed_optim/dimension_interventions.py'
2026-09-13T16:25:46.2061369Z adding 'embed_optim/dimension_publication.py'
2026-09-13T16:25:46.2064752Z adding 'embed_optim/dimension_release.py'
2026-09-13T16:25:46.2069524Z adding 'embed_optim/dimension_replay.py'
2026-09-13T16:25:46.2077976Z adding 'embed_optim/dimension_utilization.py'
2026-09-13T16:25:46.2085882Z adding 'embed_optim/distribution_audit.py'
2026-09-13T16:25:46.2098611Z adding 'embed_optim/dose_band_analysis.py'
2026-09-13T16:25:46.2107129Z adding 'embed_optim/evaluate_matrix.py'
2026-09-13T16:25:46.2112573Z adding 'embed_optim/evaluation_progress.py'
2026-09-13T16:25:46.2132365Z adding 'embed_optim/evaluation_source_archive.py'
2026-09-13T16:25:46.2137527Z adding 'embed_optim/evaluation_source_provenance.py'
2026-09-13T16:25:46.2141922Z adding 'embed_optim/evaluation_supervisor.py'
2026-09-13T16:25:46.2144909Z adding 'embed_optim/evaluation_utils.py'
2026-09-13T16:25:46.2148849Z adding 'embed_optim/exact_bridge_measurements.py'
2026-09-13T16:25:46.2151448Z adding 'embed_optim/factorial_v3_batches.py'
2026-09-13T16:25:46.2154991Z adding 'embed_optim/factorial_v3_bound_trainer.py'
2026-09-13T16:25:46.2160746Z adding 'embed_optim/factorial_v3_calibration.py'
2026-09-13T16:25:46.2163535Z adding 'embed_optim/factorial_v3_checkpoint.py'
2026-09-13T16:25:46.2168294Z adding 'embed_optim/factorial_v3_factory.py'
2026-09-13T16:25:46.2173667Z adding 'embed_optim/factorial_v3_inputs.py'
2026-09-13T16:25:46.2179920Z adding 'embed_optim/factorial_v3_optimizer.py'
2026-09-13T16:25:46.2188684Z adding 'embed_optim/factorial_v3_run_contract.py'
2026-09-13T16:25:46.2193912Z adding 'embed_optim/factorial_v3_trainer.py'
2026-09-13T16:25:46.2201056Z adding 'embed_optim/factorial_v3_worker.py'
2026-09-13T16:25:46.2208496Z adding 'embed_optim/family_training_queue.py'
2026-09-13T16:25:46.2216104Z adding 'embed_optim/functional_intervention.py'
2026-09-13T16:25:46.2220953Z adding 'embed_optim/functional_intervention_matrix.py'
2026-09-13T16:25:46.2225923Z adding 'embed_optim/functional_intervention_summary.py'
2026-09-13T16:25:46.2233658Z adding 'embed_optim/geometry.py'
2026-09-13T16:25:46.2238646Z adding 'embed_optim/geometry_plot.py'
2026-09-13T16:25:46.2242327Z adding 'embed_optim/geometry_robustness.py'
2026-09-13T16:25:46.2247301Z adding 'embed_optim/geometry_summary.py'
2026-09-13T16:25:46.2250758Z adding 'embed_optim/gpu_lease.py'
2026-09-13T16:25:46.2257872Z adding 'embed_optim/gradient_probe.py'
2026-09-13T16:25:46.2265014Z adding 'embed_optim/hybrid_control.py'
2026-09-13T16:25:46.2267321Z adding 'embed_optim/hybrid_evaluation.py'
2026-09-13T16:25:46.2272689Z adding 'embed_optim/incremental_checkpoint_backup.py'
2026-09-13T16:25:46.2279969Z adding 'embed_optim/local_global_reversal.py'
2026-09-13T16:25:46.2283143Z adding 'embed_optim/losses.py'
2026-09-13T16:25:46.2288714Z adding 'embed_optim/matrix.py'
2026-09-13T16:25:46.2293201Z adding 'embed_optim/matrix_handoff_guard.py'
2026-09-13T16:25:46.2302008Z adding 'embed_optim/mechanism_bridge.py'
2026-09-13T16:25:46.2316067Z adding 'embed_optim/mechanism_report.py'
2026-09-13T16:25:46.2319562Z adding 'embed_optim/optimizer_state_devices.py'
2026-09-13T16:25:46.2324010Z adding 'embed_optim/optimizers.py'
2026-09-13T16:25:46.2338357Z adding 'embed_optim/outcome_report.py'
2026-09-13T16:25:46.2343433Z adding 'embed_optim/packing_invariance.py'
2026-09-13T16:25:46.2375512Z adding 'embed_optim/paper_audit.py'
2026-09-13T16:25:46.2380018Z adding 'embed_optim/paper_layout.py'
2026-09-13T16:25:46.2385311Z adding 'embed_optim/paper_reproduction.py'
2026-09-13T16:25:46.2401891Z adding 'embed_optim/paper_results.py'
2026-09-13T16:25:46.2412586Z adding 'embed_optim/post_eval_pipeline.py'
2026-09-13T16:25:46.2422225Z adding 'embed_optim/primary_completion.py'
2026-09-13T16:25:46.2427377Z adding 'embed_optim/primary_contract.py'
2026-09-13T16:25:46.2431373Z adding 'embed_optim/primary_data_revision.py'
2026-09-13T16:25:46.2437643Z adding 'embed_optim/primary_dimension_probe.py'
2026-09-13T16:25:46.2442880Z adding 'embed_optim/primary_exact_geometry_kernels.py'
2026-09-13T16:25:46.2446421Z adding 'embed_optim/primary_geometry_kernels.py'
2026-09-13T16:25:46.2448705Z adding 'embed_optim/primary_geometry_reductions.py'
2026-09-13T16:25:46.2453190Z adding 'embed_optim/primary_io.py'
2026-09-13T16:25:46.2455706Z adding 'embed_optim/primary_training.py'
2026-09-13T16:25:46.2459577Z adding 'embed_optim/primary_v3_bridge.py'
2026-09-13T16:25:46.2463038Z adding 'embed_optim/primary_v3_completion.py'
2026-09-13T16:25:46.2466519Z adding 'embed_optim/primary_v3_contract.py'
2026-09-13T16:25:46.2471127Z adding 'embed_optim/primary_v3_dimension_contract.py'
2026-09-13T16:25:46.2475427Z adding 'embed_optim/primary_v3_dimension_exports.py'
2026-09-13T16:25:46.2479008Z adding 'embed_optim/primary_v3_dimension_inference.py'
2026-09-13T16:25:46.2482922Z adding 'embed_optim/primary_v3_dimension_vector_io.py'
2026-09-13T16:25:46.2486405Z adding 'embed_optim/primary_v3_dimensions.py'
2026-09-13T16:25:46.2490848Z adding 'embed_optim/primary_v3_exact_bridge.py'
2026-09-13T16:25:46.2495704Z adding 'embed_optim/primary_v3_exact_geometry.py'
2026-09-13T16:25:46.2499196Z adding 'embed_optim/primary_v3_exact_geometry_io.py'
2026-09-13T16:25:46.2503317Z adding 'embed_optim/primary_v3_exact_geometry_primitives.py'
2026-09-13T16:25:46.2507163Z adding 'embed_optim/primary_v3_exact_publication.py'
2026-09-13T16:25:46.2510063Z adding 'embed_optim/primary_v3_exact_publication_contract.py'
2026-09-13T16:25:46.2513463Z adding 'embed_optim/primary_v3_exact_publication_render.py'
2026-09-13T16:25:46.2517719Z adding 'embed_optim/primary_v3_exact_reconstruction.py'
2026-09-13T16:25:46.2520901Z adding 'embed_optim/primary_v3_exact_reconstruction_archive.py'
2026-09-13T16:25:46.2525597Z adding 'embed_optim/primary_v3_geometry.py'
2026-09-13T16:25:46.2529518Z adding 'embed_optim/primary_v3_geometry_io.py'
2026-09-13T16:25:46.2534256Z adding 'embed_optim/primary_v3_geometry_primitives.py'
2026-09-13T16:25:46.2537787Z adding 'embed_optim/primary_v3_geometry_reconstruction.py'
2026-09-13T16:25:46.2541879Z adding 'embed_optim/primary_v3_io.py'
2026-09-13T16:25:46.2546262Z adding 'embed_optim/primary_v3_joint_reconstruction.py'
2026-09-13T16:25:46.2551335Z adding 'embed_optim/primary_v3_manuscript.py'
2026-09-13T16:25:46.2555393Z adding 'embed_optim/primary_v3_manuscript_build.py'
2026-09-13T16:25:46.2560390Z adding 'embed_optim/primary_v3_outcome_primitives.py'
2026-09-13T16:25:46.2563420Z adding 'embed_optim/primary_v3_outcome_reconstruction.py'
2026-09-13T16:25:46.2569173Z adding 'embed_optim/primary_v3_outcomes.py'
2026-09-13T16:25:46.2571899Z adding 'embed_optim/primary_v3_paper_layout.py'
2026-09-13T16:25:46.2575560Z adding 'embed_optim/primary_v3_publication.py'
2026-09-13T16:25:46.2578757Z adding 'embed_optim/primary_v3_publication_archive.py'
2026-09-13T16:25:46.2581814Z adding 'embed_optim/primary_v3_publication_bridge.py'
2026-09-13T16:25:46.2584858Z adding 'embed_optim/primary_v3_publication_contract.py'
2026-09-13T16:25:46.2588313Z adding 'embed_optim/primary_v3_publication_reconstruction.py'
2026-09-13T16:25:46.2591156Z adding 'embed_optim/primary_v3_publication_render.py'
2026-09-13T16:25:46.2593946Z adding 'embed_optim/primary_v3_publication_tables.py'
2026-09-13T16:25:46.2596864Z adding 'embed_optim/primary_v3_reconstruction_authoring.py'
2026-09-13T16:25:46.2600857Z adding 'embed_optim/primary_v3_reconstruction_inputs.py'
2026-09-13T16:25:46.2603845Z adding 'embed_optim/primary_v3_reconstruction_sources.py'
2026-09-13T16:25:46.2606496Z adding 'embed_optim/primary_v3_training.py'
2026-09-13T16:25:46.2611840Z adding 'embed_optim/primary_v3_validation.py'
2026-09-13T16:25:46.2615776Z adding 'embed_optim/primary_v3_validation_io.py'
2026-09-13T16:25:46.2618960Z adding 'embed_optim/primary_v3_vector_reconstruction.py'
2026-09-13T16:25:46.2623605Z adding 'embed_optim/primary_weight_entries.py'
2026-09-13T16:25:46.2629452Z adding 'embed_optim/probe_export.py'
2026-09-13T16:25:46.2635817Z adding 'embed_optim/probe_matrix.py'
2026-09-13T16:25:46.2640444Z adding 'embed_optim/probes.py'
2026-09-13T16:25:46.2642949Z adding 'embed_optim/pylate_compat.py'
2026-09-13T16:25:46.2646056Z adding 'embed_optim/reconstruction_files.py'
2026-09-13T16:25:46.2656239Z adding 'embed_optim/representation_geometry.py'
2026-09-13T16:25:46.2663245Z adding 'embed_optim/representation_plot.py'
2026-09-13T16:25:46.2668274Z adding 'embed_optim/representation_summary.py'
2026-09-13T16:25:46.2679973Z adding 'embed_optim/retrieval_dynamics.py'
2026-09-13T16:25:46.2683460Z adding 'embed_optim/runtime.py'
2026-09-13T16:25:46.2687189Z adding 'embed_optim/saved_factorial_checkpoint.py'
2026-09-13T16:25:46.2689815Z adding 'embed_optim/scope.py'
2026-09-13T16:25:46.2696388Z adding 'embed_optim/sealed_checkpoint_supervisor.py'
2026-09-13T16:25:46.2703940Z adding 'embed_optim/short_branch.py'
2026-09-13T16:25:46.2710087Z adding 'embed_optim/short_branch_evaluation.py'
2026-09-13T16:25:46.2716538Z adding 'embed_optim/short_branch_summary.py'
2026-09-13T16:25:46.2726459Z adding 'embed_optim/spectral_transplant.py'
2026-09-13T16:25:46.2732085Z adding 'embed_optim/spectral_transplant_matrix.py'
2026-09-13T16:25:46.2738961Z adding 'embed_optim/spectral_transplant_summary.py'
2026-09-13T16:25:46.2751395Z adding 'embed_optim/state_operator_factorial.py'
2026-09-13T16:25:46.2754956Z adding 'embed_optim/state_operator_factorial_backup.py'
2026-09-13T16:25:46.2762987Z adding 'embed_optim/state_operator_factorial_completion.py'
2026-09-13T16:25:46.2765460Z adding 'embed_optim/state_operator_factorial_contract.py'
2026-09-13T16:25:46.2769567Z adding 'embed_optim/state_operator_factorial_evaluation.py'
2026-09-13T16:25:46.2777535Z adding 'embed_optim/state_operator_factorial_probe.py'
2026-09-13T16:25:46.2783626Z adding 'embed_optim/state_operator_factorial_publication.py'
2026-09-13T16:25:46.2790042Z adding 'embed_optim/state_operator_factorial_summary.py'
2026-09-13T16:25:46.2793264Z adding 'embed_optim/state_operator_factorial_training.py'
2026-09-13T16:25:46.2797819Z adding 'embed_optim/supervisor.py'
2026-09-13T16:25:46.2802090Z adding 'embed_optim/supplemental_training_audit.py'
2026-09-13T16:25:46.2816357Z adding 'embed_optim/tail_stability.py'
2026-09-13T16:25:46.2825177Z adding 'embed_optim/temporal_short_branch.py'
2026-09-13T16:25:46.2832411Z adding 'embed_optim/temporal_short_branch_predictors.py'
2026-09-13T16:25:46.2837514Z adding 'embed_optim/three_regime_diagnostic.py'
2026-09-13T16:25:46.2844613Z adding 'embed_optim/train.py'
2026-09-13T16:25:46.2848762Z adding 'embed_optim/training_dynamics.py'
2026-09-13T16:25:46.2854003Z adding 'embed_optim/training_dynamics_plot.py'
2026-09-13T16:25:46.2860483Z adding 'embed_optim/update_geometry.py'
2026-09-13T16:25:46.2867169Z adding 'embed_optim/validation_data.py'
2026-09-13T16:25:46.2871215Z adding 'embed_optim/validation_evaluation.py'
2026-09-13T16:25:46.2875283Z adding 'embed_optim/validation_matrix.py'
2026-09-13T16:25:46.2879078Z adding 'embed_optim/validation_summary.py'
2026-09-13T16:25:46.2888282Z adding 'embed_optim/wandb_dense_provenance_audit.py'
2026-09-13T16:25:46.2896226Z adding 'embed_optim/wandb_sync.py'
2026-09-13T16:25:46.2898704Z adding 'embed_optim_restore/__init__.py'
2026-09-13T16:25:46.2901162Z adding 'embed_optim_restore/__main__.py'
2026-09-13T16:25:46.2905385Z adding 'embed_optim_restore/entry.py'
2026-09-13T16:25:46.2908050Z adding 'embed_optim_restore/equality.py'
2026-09-13T16:25:46.2910570Z adding 'embed_optim_restore/gate.py'
2026-09-13T16:25:46.2913295Z adding 'embed_optim_restore/paired.py'
2026-09-13T16:25:46.2915992Z adding 'embed_optim_restore/reference.py'
2026-09-13T16:25:46.2919198Z adding 'embed_optim_restore/step_devices.py'
2026-09-13T16:25:46.2922445Z adding 'embed_optim_restore/trace.py'
2026-09-13T16:25:46.2950076Z adding 'embed_optim_restore/references/a-0-cold.json'
2026-09-13T16:25:46.2977309Z adding 'embed_optim_restore/references/a-0-warm.json'
2026-09-13T16:25:46.3006307Z adding 'embed_optim_restore/references/a-1-cold.json'
2026-09-13T16:25:46.3033935Z adding 'embed_optim_restore/references/a-1-warm.json'
2026-09-13T16:25:46.3062934Z adding 'embed_optim_restore/references/a-2-cold.json'
2026-09-13T16:25:46.3090093Z adding 'embed_optim_restore/references/a-2-warm.json'
2026-09-13T16:25:46.3119449Z adding 'embed_optim_restore/references/a-3-cold.json'
2026-09-13T16:25:46.3147442Z adding 'embed_optim_restore/references/a-3-warm.json'
2026-09-13T16:25:46.3176461Z adding 'embed_optim_restore/references/b-0-cold.json'
2026-09-13T16:25:46.3203289Z adding 'embed_optim_restore/references/b-0-warm.json'
2026-09-13T16:25:46.3232187Z adding 'embed_optim_restore/references/b-1-cold.json'
2026-09-13T16:25:46.3259048Z adding 'embed_optim_restore/references/b-1-warm.json'
2026-09-13T16:25:46.3287926Z adding 'embed_optim_restore/references/b-2-cold.json'
2026-09-13T16:25:46.3315552Z adding 'embed_optim_restore/references/b-2-warm.json'
2026-09-13T16:25:46.3344444Z adding 'embed_optim_restore/references/b-3-cold.json'
2026-09-13T16:25:46.3371352Z adding 'embed_optim_restore/references/b-3-warm.json'
2026-09-13T16:25:46.3380331Z adding 'embedding_optimizer_study-0.1.0.data/data/share/embedding-optimizer-study/AGENTS.md'
2026-09-13T16:25:46.3383472Z adding 'embedding_optimizer_study-0.1.0.data/data/share/embedding-optimizer-study/CITATION.cff'
2026-09-13T16:25:46.3385734Z adding 'embedding_optimizer_study-0.1.0.data/data/share/embedding-optimizer-study/CODE_OF_CONDUCT.md'
2026-09-13T16:25:46.3389402Z adding 'embedding_optimizer_study-0.1.0.data/data/share/embedding-optimizer-study/CONTRIBUTING.md'
2026-09-13T16:25:46.3393768Z adding 'embedding_optimizer_study-0.1.0.data/data/share/embedding-optimizer-study/CURRENT_EXPERIMENT.md'
2026-09-13T16:25:46.3396171Z adding 'embedding_optimizer_study-0.1.0.data/data/share/embedding-optimizer-study/CURRENT_PROGRESS.json'
2026-09-13T16:25:46.3402225Z adding 'embedding_optimizer_study-0.1.0.data/data/share/embedding-optimizer-study/PROJECT_STATUS.md'
2026-09-13T16:25:46.3404296Z adding 'embedding_optimizer_study-0.1.0.data/data/share/embedding-optimizer-study/SECURITY.md'
2026-09-13T16:25:46.3408067Z adding 'embedding_optimizer_study-0.1.0.data/data/share/embedding-optimizer-study/THIRD_PARTY_NOTICES.md'
2026-09-13T16:25:46.3409994Z adding 'embedding_optimizer_study-0.1.0.data/data/share/embedding-optimizer-study/requirements-formal-flash.txt'
2026-09-13T16:25:46.3485800Z adding 'embedding_optimizer_study-0.1.0.data/data/share/embedding-optimizer-study/requirements-formal.lock'
2026-09-13T16:25:46.3492031Z adding 'embedding_optimizer_study-0.1.0.data/data/share/embedding-optimizer-study/configs/basis_sensitivity.json'
2026-09-13T16:25:46.3495031Z adding 'embedding_optimizer_study-0.1.0.data/data/share/embedding-optimizer-study/configs/beir_representation_probe.json'
2026-09-13T16:25:46.3498597Z adding 'embedding_optimizer_study-0.1.0.data/data/share/embedding-optimizer-study/configs/candidate_breadth_probe.json'
2026-09-13T16:25:46.3503325Z adding 'embedding_optimizer_study-0.1.0.data/data/share/embedding-optimizer-study/configs/causal_chain_analysis.json'
2026-09-13T16:25:46.3505862Z adding 'embedding_optimizer_study-0.1.0.data/data/share/embedding-optimizer-study/configs/common_state_probe.json'
2026-09-13T16:25:46.3508420Z adding 'embedding_optimizer_study-0.1.0.data/data/share/embedding-optimizer-study/configs/common_state_spectrum_probe.json'
2026-09-13T16:25:46.3511338Z adding 'embedding_optimizer_study-0.1.0.data/data/share/embedding-optimizer-study/configs/confirmatory_protocol.json'
2026-09-13T16:25:46.3513925Z adding 'embedding_optimizer_study-0.1.0.data/data/share/embedding-optimizer-study/configs/corpus_size_diagnostic.json'
2026-09-13T16:25:46.3516322Z adding 'embedding_optimizer_study-0.1.0.data/data/share/embedding-optimizer-study/configs/dense_correctness_candidate.yaml'
2026-09-13T16:25:46.3520267Z adding 'embedding_optimizer_study-0.1.0.data/data/share/embedding-optimizer-study/configs/dense_dimension_utilization_protocol.json'
2026-09-13T16:25:46.3524104Z adding 'embedding_optimizer_study-0.1.0.data/data/share/embedding-optimizer-study/configs/dense_no_packing_analysis_protocol.json'
2026-09-13T16:25:46.3526589Z adding 'embedding_optimizer_study-0.1.0.data/data/share/embedding-optimizer-study/configs/dense_no_packing_backup_provenance_migration.json'
2026-09-13T16:25:46.3529922Z adding 'embedding_optimizer_study-0.1.0.data/data/share/embedding-optimizer-study/configs/dense_no_packing_bridge_implementation_protocol.json'
2026-09-13T16:25:46.3533516Z adding 'embedding_optimizer_study-0.1.0.data/data/share/embedding-optimizer-study/configs/dense_no_packing_bridge_implementation_protocol_v2.json'
2026-09-13T16:25:46.3535943Z adding 'embedding_optimizer_study-0.1.0.data/data/share/embedding-optimizer-study/configs/dense_no_packing_completion_contract_migration.json'
2026-09-13T16:25:46.3538966Z adding 'embedding_optimizer_study-0.1.0.data/data/share/embedding-optimizer-study/configs/dense_no_packing_evaluation_protocol.json'
2026-09-13T16:25:46.3542771Z adding 'embedding_optimizer_study-0.1.0.data/data/share/embedding-optimizer-study/configs/dense_no_packing_execution_protocol.json'
2026-09-13T16:25:46.3545329Z adding 'embedding_optimizer_study-0.1.0.data/data/share/embedding-optimizer-study/configs/dense_no_packing_matrix_handoff_guard.json'
2026-09-13T16:25:46.3548924Z adding 'embedding_optimizer_study-0.1.0.data/data/share/embedding-optimizer-study/configs/dense_no_packing_outcome_protocol.json'
2026-09-13T16:25:46.3551473Z adding 'embedding_optimizer_study-0.1.0.data/data/share/embedding-optimizer-study/configs/dense_no_packing_preflight.yaml'
2026-09-13T16:25:46.3554403Z adding 'embedding_optimizer_study-0.1.0.data/data/share/embedding-optimizer-study/configs/dense_no_packing_preflight_protocol.json'
2026-09-13T16:25:46.3556926Z adding 'embedding_optimizer_study-0.1.0.data/data/share/embedding-optimizer-study/configs/dense_no_packing_publication_layout_migration.json'
2026-09-13T16:25:46.3559379Z adding 'embedding_optimizer_study-0.1.0.data/data/share/embedding-optimizer-study/configs/dense_no_packing_publication_narrative_migration.json'
2026-09-13T16:25:46.3563866Z adding 'embedding_optimizer_study-0.1.0.data/data/share/embedding-optimizer-study/configs/dense_no_packing_publication_protocol.json'
2026-09-13T16:25:46.3566211Z adding 'embedding_optimizer_study-0.1.0.data/data/share/embedding-optimizer-study/configs/dense_no_packing_retrain.yaml'
2026-09-13T16:25:46.3569402Z adding 'embedding_optimizer_study-0.1.0.data/data/share/embedding-optimizer-study/configs/dense_no_packing_sensitivity_implementation_protocol.json'
2026-09-13T16:25:46.3572659Z adding 'embedding_optimizer_study-0.1.0.data/data/share/embedding-optimizer-study/configs/dense_no_packing_state_operator_abstract_compliance_migration.json'
2026-09-13T16:25:46.3576019Z adding 'embedding_optimizer_study-0.1.0.data/data/share/embedding-optimizer-study/configs/dense_no_packing_state_operator_claim_wording_amendment.json'
2026-09-13T16:25:46.3579923Z adding 'embedding_optimizer_study-0.1.0.data/data/share/embedding-optimizer-study/configs/dense_no_packing_state_operator_factorial_completion_protocol.json'
2026-09-13T16:25:46.3585127Z adding 'embedding_optimizer_study-0.1.0.data/data/share/embedding-optimizer-study/configs/dense_no_packing_state_operator_factorial_implementation_protocol.json'
2026-09-13T16:25:46.3589491Z adding 'embedding_optimizer_study-0.1.0.data/data/share/embedding-optimizer-study/configs/dense_no_packing_state_operator_factorial_protocol.json'
2026-09-13T16:25:46.3593334Z adding 'embedding_optimizer_study-0.1.0.data/data/share/embedding-optimizer-study/configs/dense_no_packing_state_operator_factorial_publication_protocol.json'
2026-09-13T16:25:46.3596316Z adding 'embedding_optimizer_study-0.1.0.data/data/share/embedding-optimizer-study/configs/dense_no_packing_state_operator_weight_space_narrative_migration.json'
2026-09-13T16:25:46.3599544Z adding 'embedding_optimizer_study-0.1.0.data/data/share/embedding-optimizer-study/configs/dense_primary_dimension_archive_protocol.json'
2026-09-13T16:25:46.3603019Z adding 'embedding_optimizer_study-0.1.0.data/data/share/embedding-optimizer-study/configs/dense_primary_dimension_export_protocol.json'
2026-09-13T16:25:46.3606424Z adding 'embedding_optimizer_study-0.1.0.data/data/share/embedding-optimizer-study/configs/dense_primary_dimension_handoff_protocol.json'
2026-09-13T16:25:46.3611294Z adding 'embedding_optimizer_study-0.1.0.data/data/share/embedding-optimizer-study/configs/dense_primary_v2_protocol.json'
2026-09-13T16:25:46.3615064Z adding 'embedding_optimizer_study-0.1.0.data/data/share/embedding-optimizer-study/configs/dense_primary_v3_bridge_protocol.json'
2026-09-13T16:25:46.3620557Z adding 'embedding_optimizer_study-0.1.0.data/data/share/embedding-optimizer-study/configs/dense_primary_v3_data_amendment.json'
2026-09-13T16:25:46.3626330Z adding 'embedding_optimizer_study-0.1.0.data/data/share/embedding-optimizer-study/configs/dense_primary_v3_dimension_inference_protocol.json'
2026-09-13T16:25:46.3630862Z adding 'embedding_optimizer_study-0.1.0.data/data/share/embedding-optimizer-study/configs/dense_primary_v3_dimensions_protocol.json'
2026-09-13T16:25:46.3635385Z adding 'embedding_optimizer_study-0.1.0.data/data/share/embedding-optimizer-study/configs/dense_primary_v3_exact_bridge_protocol.json'
2026-09-13T16:25:46.3638923Z adding 'embedding_optimizer_study-0.1.0.data/data/share/embedding-optimizer-study/configs/dense_primary_v3_exact_geometry_protocol.json'
2026-09-13T16:25:46.3643388Z adding 'embedding_optimizer_study-0.1.0.data/data/share/embedding-optimizer-study/configs/dense_primary_v3_exact_publication_protocol.json'
2026-09-13T16:25:46.3646860Z adding 'embedding_optimizer_study-0.1.0.data/data/share/embedding-optimizer-study/configs/dense_primary_v3_geometry_protocol.json'
2026-09-13T16:25:46.3650714Z adding 'embedding_optimizer_study-0.1.0.data/data/share/embedding-optimizer-study/configs/dense_primary_v3_geometry_protocol_v2.json'
2026-09-13T16:25:46.3654248Z adding 'embedding_optimizer_study-0.1.0.data/data/share/embedding-optimizer-study/configs/dense_primary_v3_outcome_protocol.json'
2026-09-13T16:25:46.3657777Z adding 'embedding_optimizer_study-0.1.0.data/data/share/embedding-optimizer-study/configs/dense_primary_v3_outcome_protocol_v2.json'
2026-09-13T16:25:46.3663967Z adding 'embedding_optimizer_study-0.1.0.data/data/share/embedding-optimizer-study/configs/dense_primary_v3_protocol.json'
2026-09-13T16:25:46.3668242Z adding 'embedding_optimizer_study-0.1.0.data/data/share/embedding-optimizer-study/configs/dense_primary_v3_publication_protocol.json'
2026-09-13T16:25:46.3671720Z adding 'embedding_optimizer_study-0.1.0.data/data/share/embedding-optimizer-study/configs/dense_primary_v3_validation_protocol.json'
2026-09-13T16:25:46.3674382Z adding 'embedding_optimizer_study-0.1.0.data/data/share/embedding-optimizer-study/configs/dense_retrieval_dynamics_extension.json'
2026-09-13T16:25:46.3676933Z adding 'embedding_optimizer_study-0.1.0.data/data/share/embedding-optimizer-study/configs/dense_scope_amendment.json'
2026-09-13T16:25:46.3679385Z adding 'embedding_optimizer_study-0.1.0.data/data/share/embedding-optimizer-study/configs/dense_training_queue.json'
2026-09-13T16:25:46.3682470Z adding 'embedding_optimizer_study-0.1.0.data/data/share/embedding-optimizer-study/configs/dense_weight_entry_measurement_amendment.json'
2026-09-13T16:25:46.3684718Z adding 'embedding_optimizer_study-0.1.0.data/data/share/embedding-optimizer-study/configs/experiment.yaml'
2026-09-13T16:25:46.3687017Z adding 'embedding_optimizer_study-0.1.0.data/data/share/embedding-optimizer-study/configs/formal_runtime.json'
2026-09-13T16:25:46.3689090Z adding 'embedding_optimizer_study-0.1.0.data/data/share/embedding-optimizer-study/configs/formal_runtime_constraints.txt'
2026-09-13T16:25:46.3692269Z adding 'embedding_optimizer_study-0.1.0.data/data/share/embedding-optimizer-study/configs/functional_intervention.json'
2026-09-13T16:25:46.3694448Z adding 'embedding_optimizer_study-0.1.0.data/data/share/embedding-optimizer-study/configs/hybrid_adamw.yaml'
2026-09-13T16:25:46.3696927Z adding 'embedding_optimizer_study-0.1.0.data/data/share/embedding-optimizer-study/configs/hybrid_adamw_control.json'
2026-09-13T16:25:46.3699477Z adding 'embedding_optimizer_study-0.1.0.data/data/share/embedding-optimizer-study/configs/local_global_reversal.json'
2026-09-13T16:25:46.3702369Z adding 'embedding_optimizer_study-0.1.0.data/data/share/embedding-optimizer-study/configs/loss_retrieval_diagnostic.json'
2026-09-13T16:25:46.3704622Z adding 'embedding_optimizer_study-0.1.0.data/data/share/embedding-optimizer-study/configs/mechanism_analysis_integration.json'
2026-09-13T16:25:46.3708609Z adding 'embedding_optimizer_study-0.1.0.data/data/share/embedding-optimizer-study/configs/paper_claim_protocol.json'
2026-09-13T16:25:46.3812820Z adding 'embedding_optimizer_study-0.1.0.data/data/share/embedding-optimizer-study/configs/portable_paper_evidence.json'
2026-09-13T16:25:46.3820138Z adding 'embedding_optimizer_study-0.1.0.data/data/share/embedding-optimizer-study/configs/representation_probe.json'
2026-09-13T16:25:46.3822777Z adding 'embedding_optimizer_study-0.1.0.data/data/share/embedding-optimizer-study/configs/retrieval_dynamics_protocol.json'
2026-09-13T16:25:46.3825552Z adding 'embedding_optimizer_study-0.1.0.data/data/share/embedding-optimizer-study/configs/short_branch_protocol.json'
2026-09-13T16:25:46.3827740Z adding 'embedding_optimizer_study-0.1.0.data/data/share/embedding-optimizer-study/configs/smoke.yaml'
2026-09-13T16:25:46.3831962Z adding 'embedding_optimizer_study-0.1.0.data/data/share/embedding-optimizer-study/configs/spectral_transplant_intervention.json'
2026-09-13T16:25:46.3834042Z adding 'embedding_optimizer_study-0.1.0.data/data/share/embedding-optimizer-study/configs/stress.yaml'
2026-09-13T16:25:46.3837693Z adding 'embedding_optimizer_study-0.1.0.data/data/share/embedding-optimizer-study/configs/tail_stability_analysis.json'
2026-09-13T16:25:46.3840276Z adding 'embedding_optimizer_study-0.1.0.data/data/share/embedding-optimizer-study/configs/three_regime_diagnostic.json'
2026-09-13T16:25:46.3842686Z adding 'embedding_optimizer_study-0.1.0.data/data/share/embedding-optimizer-study/configs/training_data_contract.json'
2026-09-13T16:25:46.3845638Z adding 'embedding_optimizer_study-0.1.0.data/data/share/embedding-optimizer-study/configs/validation_probe.json'
2026-09-13T16:25:46.3848946Z adding 'embedding_optimizer_study-0.1.0.data/data/share/embedding-optimizer-study/configs/generated/confirmatory/seed161803.yaml'
2026-09-13T16:25:46.3851662Z adding 'embedding_optimizer_study-0.1.0.data/data/share/embedding-optimizer-study/configs/generated/confirmatory/seed271828.yaml'
2026-09-13T16:25:46.3854052Z adding 'embedding_optimizer_study-0.1.0.data/data/share/embedding-optimizer-study/configs/generated/confirmatory/seed314159.yaml'
2026-09-13T16:25:46.3857026Z adding 'embedding_optimizer_study-0.1.0.data/data/share/embedding-optimizer-study/configs/generated/short-branch/seed161803.yaml'
2026-09-13T16:25:46.3859583Z adding 'embedding_optimizer_study-0.1.0.data/data/share/embedding-optimizer-study/configs/generated/short-branch/seed271828.yaml'
2026-09-13T16:25:46.3862266Z adding 'embedding_optimizer_study-0.1.0.data/data/share/embedding-optimizer-study/configs/generated/short-branch/seed314159.yaml'
2026-09-13T16:25:46.3866292Z adding 'embedding_optimizer_study-0.1.0.data/data/share/embedding-optimizer-study/docs/checkpoint-restoration.md'
2026-09-13T16:25:46.3877163Z adding 'embedding_optimizer_study-0.1.0.data/data/share/embedding-optimizer-study/docs/completion-gates.md'
2026-09-13T16:25:46.3880241Z adding 'embedding_optimizer_study-0.1.0.data/data/share/embedding-optimizer-study/docs/continuation-outcomes-restoration.md'
2026-09-13T16:25:46.3883535Z adding 'embedding_optimizer_study-0.1.0.data/data/share/embedding-optimizer-study/docs/continuation-probe-restoration.md'
2026-09-13T16:25:46.3886435Z adding 'embedding_optimizer_study-0.1.0.data/data/share/embedding-optimizer-study/docs/current-training-source.md'
2026-09-13T16:25:46.3889529Z adding 'embedding_optimizer_study-0.1.0.data/data/share/embedding-optimizer-study/docs/dense-eval-handoff.md'
2026-09-13T16:25:46.3897730Z adding 'embedding_optimizer_study-0.1.0.data/data/share/embedding-optimizer-study/docs/dense-no-packing-retrain.md'
2026-09-13T16:25:46.3901350Z adding 'embedding_optimizer_study-0.1.0.data/data/share/embedding-optimizer-study/docs/endpoint-statistics-restoration.md'
2026-09-13T16:25:46.3905379Z adding 'embedding_optimizer_study-0.1.0.data/data/share/embedding-optimizer-study/docs/evaluation-analysis-restoration.md'
2026-09-13T16:25:46.3908674Z adding 'embedding_optimizer_study-0.1.0.data/data/share/embedding-optimizer-study/docs/first-stage-evaluation-restoration.md'
2026-09-13T16:25:46.3911929Z adding 'embedding_optimizer_study-0.1.0.data/data/share/embedding-optimizer-study/docs/fourth-stage-evaluation-restoration.md'
2026-09-13T16:25:46.3915469Z adding 'embedding_optimizer_study-0.1.0.data/data/share/embedding-optimizer-study/docs/fourth-stage-pool-b-evaluation-restoration.md'
2026-09-13T16:25:46.3918159Z adding 'embedding_optimizer_study-0.1.0.data/data/share/embedding-optimizer-study/docs/functional-analysis-restoration.md'
2026-09-13T16:25:46.3923696Z adding 'embedding_optimizer_study-0.1.0.data/data/share/embedding-optimizer-study/docs/naacl-dense-paper-plan.md'
2026-09-13T16:25:46.3948427Z adding 'embedding_optimizer_study-0.1.0.data/data/share/embedding-optimizer-study/docs/naacl-paper-plan.md'
2026-09-13T16:25:46.3953209Z adding 'embedding_optimizer_study-0.1.0.data/data/share/embedding-optimizer-study/docs/paper-results-reproduction.md'
2026-09-13T16:25:46.3956429Z adding 'embedding_optimizer_study-0.1.0.data/data/share/embedding-optimizer-study/docs/predictor-analysis-restoration.md'
2026-09-13T16:25:46.3959565Z adding 'embedding_optimizer_study-0.1.0.data/data/share/embedding-optimizer-study/docs/pretrained-vector-restoration.md'
2026-09-13T16:25:46.3963097Z adding 'embedding_optimizer_study-0.1.0.data/data/share/embedding-optimizer-study/docs/retrieval-trajectories-restoration.md'
2026-09-13T16:25:46.3966000Z adding 'embedding_optimizer_study-0.1.0.data/data/share/embedding-optimizer-study/docs/saved-factorial-checkpoints.md'
2026-09-13T16:25:46.3969464Z adding 'embedding_optimizer_study-0.1.0.data/data/share/embedding-optimizer-study/docs/second-stage-evaluation-restoration.md'
2026-09-13T16:25:46.3973134Z adding 'embedding_optimizer_study-0.1.0.data/data/share/embedding-optimizer-study/docs/second-stage-pool-b-evaluation-restoration.md'
2026-09-13T16:25:46.3975889Z adding 'embedding_optimizer_study-0.1.0.data/data/share/embedding-optimizer-study/docs/source-version-testing.md'
2026-09-13T16:25:46.3980169Z adding 'embedding_optimizer_study-0.1.0.data/data/share/embedding-optimizer-study/docs/state-operator-factorial.md'
2026-09-13T16:25:46.3983902Z adding 'embedding_optimizer_study-0.1.0.data/data/share/embedding-optimizer-study/docs/third-stage-evaluation-restoration.md'
2026-09-13T16:25:46.3987404Z adding 'embedding_optimizer_study-0.1.0.data/data/share/embedding-optimizer-study/docs/third-stage-pool-b-evaluation-restoration.md'
2026-09-13T16:25:46.3991527Z adding 'embedding_optimizer_study-0.1.0.data/data/share/embedding-optimizer-study/docs/training-analysis-restoration.md'
2026-09-13T16:25:46.3994704Z adding 'embedding_optimizer_study-0.1.0.data/data/share/embedding-optimizer-study/docs/training-completion-evidence-restoration.md'
2026-09-13T16:25:46.3997742Z adding 'embedding_optimizer_study-0.1.0.data/data/share/embedding-optimizer-study/docs/training-restoration.md'
2026-09-13T16:25:46.4000846Z adding 'embedding_optimizer_study-0.1.0.data/data/share/embedding-optimizer-study/docs/versioned-paper-reproduction.md'
2026-09-13T16:25:46.4004393Z adding 'embedding_optimizer_study-0.1.0.data/data/share/embedding-optimizer-study/docs/weight-analysis-restoration.md'
2026-09-13T16:25:46.4007036Z adding 'embedding_optimizer_study-0.1.0.data/data/share/embedding-optimizer-study/paper/Makefile'
2026-09-13T16:25:46.4012055Z adding 'embedding_optimizer_study-0.1.0.data/data/share/embedding-optimizer-study/paper/README.md'
2026-09-13T16:25:46.4014655Z adding 'embedding_optimizer_study-0.1.0.data/data/share/embedding-optimizer-study/paper/legacy.Makefile'
2026-09-13T16:25:46.4025060Z adding 'embedding_optimizer_study-0.1.0.data/data/share/embedding-optimizer-study/paper/main.tex'
2026-09-13T16:25:46.4028382Z adding 'embedding_optimizer_study-0.1.0.data/data/share/embedding-optimizer-study/paper/references.bib'
2026-09-13T16:25:46.4031566Z adding 'embedding_optimizer_study-0.1.0.data/data/share/embedding-optimizer-study/paper/results.tex'
2026-09-13T16:25:46.4034550Z adding 'embedding_optimizer_study-0.1.0.data/data/share/embedding-optimizer-study/paper/current/README.md'
2026-09-13T16:25:46.4037031Z adding 'embedding_optimizer_study-0.1.0.data/data/share/embedding-optimizer-study/paper/current/document-snapshot.json'
2026-09-13T16:25:46.4049152Z adding 'embedding_optimizer_study-0.1.0.data/data/share/embedding-optimizer-study/paper/current/main.tex'
2026-09-13T16:25:46.4053406Z adding 'embedding_optimizer_study-0.1.0.data/data/share/embedding-optimizer-study/paper/current/references.bib'
2026-09-13T16:25:46.4055599Z adding 'embedding_optimizer_study-0.1.0.data/data/share/embedding-optimizer-study/paper/current/results.tex'
2026-09-13T16:25:46.4061985Z adding 'embedding_optimizer_study-0.1.0.data/data/share/embedding-optimizer-study/paper/current/figures/full-rate-retrieval-trajectories.pdf'
2026-09-13T16:25:46.4073556Z adding 'embedding_optimizer_study-0.1.0.data/data/share/embedding-optimizer-study/paper/current/figures/optimizer-weight-dimension-map.pdf'
2026-09-13T16:25:46.4080118Z adding 'embedding_optimizer_study-0.1.0.data/data/share/embedding-optimizer-study/paper/current/figures/weight-to-retrieval-map.pdf'
2026-09-13T16:25:46.4084359Z adding 'embedding_optimizer_study-0.1.0.data/data/share/embedding-optimizer-study/paper/current/generated/dimension-utilization.tex'
2026-09-13T16:25:46.4087572Z adding 'embedding_optimizer_study-0.1.0.data/data/share/embedding-optimizer-study/paper/current/generated/optimizer-primary.tex'
2026-09-13T16:25:46.4090393Z adding 'embedding_optimizer_study-0.1.0.data/data/share/embedding-optimizer-study/paper/current/generated/recipe-sensitivity.tex'
2026-09-13T16:25:46.4093139Z adding 'embedding_optimizer_study-0.1.0.data/data/share/embedding-optimizer-study/paper/current/generated/state-operator-factorial.tex'
2026-09-13T16:25:46.4097726Z adding 'embedding_optimizer_study-0.1.0.data/data/share/embedding-optimizer-study/paper/current/vendor/acl.sty'
2026-09-13T16:25:46.4111100Z adding 'embedding_optimizer_study-0.1.0.data/data/share/embedding-optimizer-study/paper/current/vendor/acl_natbib.bst'
2026-09-13T16:25:46.4114127Z adding 'embedding_optimizer_study-0.1.0.data/data/share/embedding-optimizer-study/paper/generated/dimension-utilization.tex'
2026-09-13T16:25:46.4116664Z adding 'embedding_optimizer_study-0.1.0.data/data/share/embedding-optimizer-study/paper/generated/optimizer-primary.tex'
2026-09-13T16:25:46.4119264Z adding 'embedding_optimizer_study-0.1.0.data/data/share/embedding-optimizer-study/paper/generated/state-operator-factorial.tex'
2026-09-13T16:25:46.4123078Z adding 'embedding_optimizer_study-0.1.0.data/data/share/embedding-optimizer-study/reports/candidate-breadth/calibration_by_width.csv'
2026-09-13T16:25:46.4130755Z adding 'embedding_optimizer_study-0.1.0.data/data/share/embedding-optimizer-study/reports/candidate-breadth/candidate_breadth_calibration.pdf'
2026-09-13T16:25:46.4151093Z adding 'embedding_optimizer_study-0.1.0.data/data/share/embedding-optimizer-study/reports/candidate-breadth/candidate_breadth_calibration.svg'
2026-09-13T16:25:46.4154054Z adding 'embedding_optimizer_study-0.1.0.data/data/share/embedding-optimizer-study/reports/candidate-breadth/data-audit.json'
2026-09-13T16:25:46.4157071Z adding 'embedding_optimizer_study-0.1.0.data/data/share/embedding-optimizer-study/reports/candidate-breadth/high_dose_contrasts.csv'
2026-09-13T16:25:46.4159855Z adding 'embedding_optimizer_study-0.1.0.data/data/share/embedding-optimizer-study/reports/candidate-breadth/packing_invariance.json'
2026-09-13T16:25:46.4162547Z adding 'embedding_optimizer_study-0.1.0.data/data/share/embedding-optimizer-study/reports/candidate-breadth/publication_manifest.json'
2026-09-13T16:25:46.4165404Z adding 'embedding_optimizer_study-0.1.0.data/data/share/embedding-optimizer-study/reports/candidate-breadth/summary.json'
2026-09-13T16:25:46.4168457Z adding 'embedding_optimizer_study-0.1.0.data/data/share/embedding-optimizer-study/reports/confirmatory-data/receipt.json'
2026-09-13T16:25:46.4171207Z adding 'embedding_optimizer_study-0.1.0.data/data/share/embedding-optimizer-study/reports/dense-discovery/best_config_dynamics.csv'
2026-09-13T16:25:46.4173633Z adding 'embedding_optimizer_study-0.1.0.data/data/share/embedding-optimizer-study/reports/dense-discovery/best_config_task_comparison.csv'
2026-09-13T16:25:46.4176134Z adding 'embedding_optimizer_study-0.1.0.data/data/share/embedding-optimizer-study/reports/dense-discovery/checkpoint_summary.csv'
2026-09-13T16:25:46.4179130Z adding 'embedding_optimizer_study-0.1.0.data/data/share/embedding-optimizer-study/reports/dense-discovery/coverage.json'
2026-09-13T16:25:46.4198143Z adding 'embedding_optimizer_study-0.1.0.data/data/share/embedding-optimizer-study/reports/dense-discovery/evaluation_long.csv'
2026-09-13T16:25:46.4201612Z adding 'embedding_optimizer_study-0.1.0.data/data/share/embedding-optimizer-study/reports/dense-discovery/optimizer_summary.csv'
2026-09-13T16:25:46.4203613Z adding 'embedding_optimizer_study-0.1.0.data/data/share/embedding-optimizer-study/reports/dense-discovery/paired_comparison.csv'
2026-09-13T16:25:46.4206498Z adding 'embedding_optimizer_study-0.1.0.data/data/share/embedding-optimizer-study/reports/dense-discovery/system_metrics.csv'
2026-09-13T16:25:46.4208438Z adding 'embedding_optimizer_study-0.1.0.data/data/share/embedding-optimizer-study/reports/dense-discovery/system_summary.csv'
2026-09-13T16:25:46.4390292Z adding 'embedding_optimizer_study-0.1.0.data/data/share/embedding-optimizer-study/reports/dense-discovery/training_history.csv'
2026-09-13T16:25:46.4422353Z adding 'embedding_optimizer_study-0.1.0.data/data/share/embedding-optimizer-study/reports/dense-discovery/figures/dense-lr-sensitivity.png'
2026-09-13T16:25:46.4477333Z adding 'embedding_optimizer_study-0.1.0.data/data/share/embedding-optimizer-study/reports/dense-discovery/figures/dense-training-dynamics-by-run.png'
2026-09-13T16:25:46.4508607Z adding 'embedding_optimizer_study-0.1.0.data/data/share/embedding-optimizer-study/reports/dense-discovery/figures/dense-training-dynamics.png'
2026-09-13T16:25:46.4511873Z adding 'embedding_optimizer_study-0.1.0.data/data/share/embedding-optimizer-study/reports/dense-retrieval-dynamics/README.md'
2026-09-13T16:25:46.4552862Z adding 'embedding_optimizer_study-0.1.0.data/data/share/embedding-optimizer-study/reports/dense-retrieval-dynamics/confirmatory-evaluation-receipt.json'
2026-09-13T16:25:46.4604326Z adding 'embedding_optimizer_study-0.1.0.data/data/share/embedding-optimizer-study/reports/dense-retrieval-dynamics/evaluation-receipt.json'
2026-09-13T16:25:46.4611789Z adding 'embedding_optimizer_study-0.1.0.data/data/share/embedding-optimizer-study/reports/dense-retrieval-dynamics/five_stage_retrieval_dynamics.csv'
2026-09-13T16:25:46.4619479Z adding 'embedding_optimizer_study-0.1.0.data/data/share/embedding-optimizer-study/reports/dense-retrieval-dynamics/five_stage_retrieval_dynamics.pdf'
2026-09-13T16:25:46.4641258Z adding 'embedding_optimizer_study-0.1.0.data/data/share/embedding-optimizer-study/reports/dense-retrieval-dynamics/five_stage_retrieval_dynamics.svg'
2026-09-13T16:25:46.4652095Z adding 'embedding_optimizer_study-0.1.0.data/data/share/embedding-optimizer-study/reports/dense-retrieval-dynamics/hybrid-evaluation-receipt.json'
2026-09-13T16:25:46.4693816Z adding 'embedding_optimizer_study-0.1.0.data/data/share/embedding-optimizer-study/reports/dense-retrieval-dynamics/summary_manifest.json'
2026-09-13T16:25:46.4698309Z adding 'embedding_optimizer_study-0.1.0.data/data/share/embedding-optimizer-study/reports/retrieval-dynamics-dense/best_config_task_comparison.csv'
2026-09-13T16:25:46.4702626Z adding 'embedding_optimizer_study-0.1.0.data/data/share/embedding-optimizer-study/reports/retrieval-dynamics-dense/best_config_task_delta_dynamics.csv'
2026-09-13T16:25:46.4706107Z adding 'embedding_optimizer_study-0.1.0.data/data/share/embedding-optimizer-study/reports/retrieval-dynamics-dense/checkpoint_dynamics.csv'
2026-09-13T16:25:46.4708703Z adding 'embedding_optimizer_study-0.1.0.data/data/share/embedding-optimizer-study/reports/retrieval-dynamics-dense/optimizer_first_passage.csv'
2026-09-13T16:25:46.4726984Z adding 'embedding_optimizer_study-0.1.0.data/data/share/embedding-optimizer-study/reports/retrieval-dynamics-dense/quality_vs_useful_wall_time.svg'
2026-09-13T16:25:46.4729752Z adding 'embedding_optimizer_study-0.1.0.data/data/share/embedding-optimizer-study/reports/retrieval-dynamics-dense/run_first_passage.csv'
2026-09-13T16:25:46.4733209Z adding 'embedding_optimizer_study-0.1.0.data/data/share/embedding-optimizer-study/reports/retrieval-dynamics-dense/summary_manifest.json'
2026-09-13T16:25:46.4735262Z adding 'embedding_optimizer_study-0.1.0.data/data/share/embedding-optimizer-study/reports/retrieval-dynamics-dense/task_delta_stability.csv'
2026-09-13T16:25:46.4737828Z adding 'embedding_optimizer_study-0.1.0.data/data/share/embedding-optimizer-study/reports/short-branch/subset-receipt.json'
2026-09-13T16:25:46.4740797Z adding 'embedding_optimizer_study-0.1.0.data/data/share/embedding-optimizer-study/reports/state-operator-factorial/abstract-compliance-runtime-migration.json'
2026-09-13T16:25:46.4743822Z adding 'embedding_optimizer_study-0.1.0.data/data/share/embedding-optimizer-study/reports/tail-stability/README.md'
2026-09-13T16:25:46.4747144Z adding 'embedding_optimizer_study-0.1.0.data/data/share/embedding-optimizer-study/reports/tail-stability/discovery_anchor_tail.csv'
2026-09-13T16:25:46.4750246Z adding 'embedding_optimizer_study-0.1.0.data/data/share/embedding-optimizer-study/reports/tail-stability/discovery_cross_tail.csv'
2026-09-13T16:25:46.4752638Z adding 'embedding_optimizer_study-0.1.0.data/data/share/embedding-optimizer-study/reports/tail-stability/discovery_cross_tail_summary.csv'
2026-09-13T16:25:46.4754967Z adding 'embedding_optimizer_study-0.1.0.data/data/share/embedding-optimizer-study/reports/tail-stability/discovery_family_contrasts.csv'
2026-09-13T16:25:46.4765247Z adding 'embedding_optimizer_study-0.1.0.data/data/share/embedding-optimizer-study/reports/tail-stability/summary_manifest.json'
2026-09-13T16:25:46.4768022Z adding 'embedding_optimizer_study-0.1.0.data/data/share/embedding-optimizer-study/reports/three-regime-diagnostic/README.md'
2026-09-13T16:25:46.4770384Z adding 'embedding_optimizer_study-0.1.0.data/data/share/embedding-optimizer-study/reports/three-regime-diagnostic/high_dose_contrasts.csv'
2026-09-13T16:25:46.4772660Z adding 'embedding_optimizer_study-0.1.0.data/data/share/embedding-optimizer-study/reports/three-regime-diagnostic/run_metrics.csv'
2026-09-13T16:25:46.4775001Z adding 'embedding_optimizer_study-0.1.0.data/data/share/embedding-optimizer-study/reports/three-regime-diagnostic/summary.json'
2026-09-13T16:25:46.4777561Z adding 'embedding_optimizer_study-0.1.0.data/data/share/embedding-optimizer-study/reports/three-regime-diagnostic/summary_manifest.json'
2026-09-13T16:25:46.4780618Z adding 'embedding_optimizer_study-0.1.0.data/data/share/embedding-optimizer-study/reports/training-dynamics/optimizer_system_summary.csv'
2026-09-13T16:25:46.4782822Z adding 'embedding_optimizer_study-0.1.0.data/data/share/embedding-optimizer-study/reports/training-dynamics/plot_manifest.json'
2026-09-13T16:25:46.4787046Z adding 'embedding_optimizer_study-0.1.0.data/data/share/embedding-optimizer-study/reports/training-dynamics/run_summary.csv'
2026-09-13T16:25:46.4793417Z adding 'embedding_optimizer_study-0.1.0.data/data/share/embedding-optimizer-study/reports/training-dynamics/stage_dynamics.csv'
2026-09-13T16:25:46.4797851Z adding 'embedding_optimizer_study-0.1.0.data/data/share/embedding-optimizer-study/reports/training-dynamics/summary_manifest.json'
2026-09-13T16:25:46.4810382Z adding 'embedding_optimizer_study-0.1.0.data/data/share/embedding-optimizer-study/reports/training-dynamics/system_tradeoffs.svg'
2026-09-13T16:25:46.4833870Z adding 'embedding_optimizer_study-0.1.0.data/data/share/embedding-optimizer-study/reports/training-dynamics/training_loss_dynamics.svg'
2026-09-13T16:25:46.4841997Z adding 'embedding_optimizer_study-0.1.0.data/data/share/embedding-optimizer-study/reports/wandb/dense_source_provenance_audit.json'
2026-09-13T16:25:46.4845420Z adding 'embedding_optimizer_study-0.1.0.data/data/share/embedding-optimizer-study/reports/weight-space/README.md'
2026-09-13T16:25:46.4855693Z adding 'embedding_optimizer_study-0.1.0.data/data/share/embedding-optimizer-study/reports/weight-space/checkpoint_trajectory.csv'
2026-09-13T16:25:46.4885582Z adding 'embedding_optimizer_study-0.1.0.data/data/share/embedding-optimizer-study/reports/weight-space/optimizer_geometry_phase.svg'
2026-09-13T16:25:46.4891258Z adding 'embedding_optimizer_study-0.1.0.data/data/share/embedding-optimizer-study/reports/weight-space/optimizer_pair_contrast_trajectory.csv'
2026-09-13T16:25:46.4916131Z adding 'embedding_optimizer_study-0.1.0.data/data/share/embedding-optimizer-study/reports/weight-space/optimizer_pair_contrast_trajectory.svg'
2026-09-13T16:25:46.4918944Z adding 'embedding_optimizer_study-0.1.0.data/data/share/embedding-optimizer-study/reports/weight-space/optimizer_pair_contrasts.csv'
2026-09-13T16:25:46.4921560Z adding 'embedding_optimizer_study-0.1.0.data/data/share/embedding-optimizer-study/reports/weight-space/run_trajectory_summary.csv'
2026-09-13T16:25:46.4924898Z adding 'embedding_optimizer_study-0.1.0.data/data/share/embedding-optimizer-study/reports/weight-space/summary_manifest.json'
2026-09-13T16:25:46.4929986Z adding 'embedding_optimizer_study-0.1.0.data/data/share/embedding-optimizer-study/scripts/restore_factorial_probes.py'
2026-09-13T16:25:46.4933480Z adding 'embedding_optimizer_study-0.1.0.data/data/share/embedding-optimizer-study/scripts/restore_functional_analysis.py'
2026-09-13T16:25:46.4938485Z adding 'embedding_optimizer_study-0.1.0.data/data/share/embedding-optimizer-study/scripts/restore_primary_v3.py'
2026-09-13T16:25:46.4941274Z adding 'embedding_optimizer_study-0.1.0.data/data/share/embedding-optimizer-study/scripts/eval/dense_no_packing_parallel.py'
2026-09-13T16:25:46.4946341Z adding 'embedding_optimizer_study-0.1.0.data/data/share/embedding-optimizer-study/scripts/eval/dense_parallel.py'
2026-09-13T16:25:46.4955998Z adding 'embedding_optimizer_study-0.1.0.data/data/share/embedding-optimizer-study/scripts/eval/dense_sequential.py'
2026-09-13T16:25:46.4962468Z adding 'embedding_optimizer_study-0.1.0.dist-info/licenses/LICENSE'
2026-09-13T16:25:46.4968820Z adding 'embedding_optimizer_study-0.1.0.dist-info/METADATA'
2026-09-13T16:25:46.4970250Z adding 'embedding_optimizer_study-0.1.0.dist-info/WHEEL'
2026-09-13T16:25:46.4973574Z adding 'embedding_optimizer_study-0.1.0.dist-info/entry_points.txt'
2026-09-13T16:25:46.4974741Z adding 'embedding_optimizer_study-0.1.0.dist-info/top_level.txt'
2026-09-13T16:25:46.4996237Z adding 'embedding_optimizer_study-0.1.0.dist-info/RECORD'
2026-09-13T16:25:46.5006309Z removing build/bdist.linux-x86_64/wheel
2026-09-13T16:25:46.5594344Z Successfully built dist/embedding_optimizer_study-0.1.0.tar.gz
2026-09-13T16:25:46.5595727Z Successfully built dist/embedding_optimizer_study-0.1.0-py3-none-any.whl
2026-09-13T16:25:46.5656273Z ##[group]Run uv run --no-sync embed-optim-audit-distribution
2026-09-13T16:25:46.5656747Z [36;1muv run --no-sync embed-optim-audit-distribution[0m
2026-09-13T16:25:46.5694215Z shell: /usr/bin/bash -e {0}
2026-09-13T16:25:46.5694468Z env:
2026-09-13T16:25:46.5694752Z   UV_PYTHON_INSTALL_DIR: /home/runner/work/_temp/uv-python-dir
2026-09-13T16:25:46.5695103Z   UV_PYTHON: 3.12
2026-09-13T16:25:46.5695362Z   UV_CACHE_DIR: /home/runner/work/_temp/setup-uv-cache
2026-09-13T16:25:46.5695676Z ##[endgroup]
2026-09-13T16:25:47.7967946Z {
2026-09-13T16:25:47.7968247Z   "complete": true,
2026-09-13T16:25:47.7968606Z   "declared_console_scripts": 105,
2026-09-13T16:25:47.7968970Z   "declared_data_files": 220,
2026-09-13T16:25:47.7969305Z   "package_modules": 211,
2026-09-13T16:25:47.7969969Z   "problems": [],
2026-09-13T16:25:47.7970306Z   "project": "embedding-optimizer-study",
2026-09-13T16:25:47.7970736Z   "repository_only_provenance_config_references": [
2026-09-13T16:25:47.7971350Z     "configs/dense_no_packing_state_operator_handoff_repairs_amendment.json",
2026-09-13T16:25:47.7971992Z     "configs/dense_no_packing_state_operator_main_recovery_amendment.json",
2026-09-13T16:25:47.7972632Z     "configs/dense_no_packing_state_operator_parent_publication_amendment.json",
2026-09-13T16:25:47.7973200Z     "configs/generated/confirmatory/manifest.json",
2026-09-13T16:25:47.7973692Z     "configs/generated/short-branch/manifest.json"
2026-09-13T16:25:47.7974121Z   ],
2026-09-13T16:25:47.7974346Z   "runtime_config_references": 64,
2026-09-13T16:25:47.7974650Z   "schema_version": 1,
2026-09-13T16:25:47.7975271Z   "sdist": {
2026-09-13T16:25:47.7975489Z     "bytes": 3432829,
2026-09-13T16:25:47.7976134Z     "path": "/home/runner/work/embedding-optimizer-study/embedding-optimizer-study/dist/embedding_optimizer_study-0.1.0.tar.gz",
2026-09-13T16:25:47.7976990Z     "sha256": "30552e31e991edb2d855e402a76979a793e07b0dc772cb25a4d6d6609be32748"
2026-09-13T16:25:47.7977449Z   },
2026-09-13T16:25:47.7977703Z   "transitive_executable_config_references": 50,
2026-09-13T16:25:47.7978044Z   "version": "0.1.0",
2026-09-13T16:25:47.7978278Z   "wheel": {
2026-09-13T16:25:47.7978492Z     "bytes": 3344174,
2026-09-13T16:25:47.7979184Z     "path": "/home/runner/work/embedding-optimizer-study/embedding-optimizer-study/dist/embedding_optimizer_study-0.1.0-py3-none-any.whl",
2026-09-13T16:25:47.7980215Z     "sha256": "8c95d9469980706930b72197c01ce056fb393b14516a68dde9b0df1876023dd3"
2026-09-13T16:25:47.7980663Z   }
2026-09-13T16:25:47.7980860Z }
2026-09-13T16:25:47.8122945Z ##[group]Run uv run --no-sync python scripts/portable_evidence.py --audit-only
2026-09-13T16:25:47.8123828Z [36;1muv run --no-sync python scripts/portable_evidence.py --audit-only[0m
2026-09-13T16:25:47.8166813Z shell: /usr/bin/bash -e {0}
2026-09-13T16:25:47.8167070Z env:
2026-09-13T16:25:47.8167360Z   UV_PYTHON_INSTALL_DIR: /home/runner/work/_temp/uv-python-dir
2026-09-13T16:25:47.8167721Z   UV_PYTHON: 3.12
2026-09-13T16:25:47.8167982Z   UV_CACHE_DIR: /home/runner/work/_temp/setup-uv-cache
2026-09-13T16:25:47.8168287Z ##[endgroup]
2026-09-13T16:25:50.4036274Z {
2026-09-13T16:25:50.4036654Z   "bytes": 107442256,
2026-09-13T16:25:50.4036980Z   "complete": true,
2026-09-13T16:25:50.4037279Z   "files": 2785,
2026-09-13T16:25:50.4037630Z   "manifest": "configs/portable_paper_evidence.json"
2026-09-13T16:25:50.4038048Z }
2026-09-13T16:25:50.4147262Z ##[group]Run make -C paper release PYTHON="$GITHUB_WORKSPACE/.venv/bin/python" NUMERICAL_BUNDLE="$GITHUB_WORKSPACE/reports/engineering-archive/dense-v3-complete-replay-entry-v1/closed" RELEASE_OUTPUT="$RUNNER_TEMP/complete-paper"
2026-09-13T16:25:50.4148952Z [36;1mmake -C paper release PYTHON="$GITHUB_WORKSPACE/.venv/bin/python" NUMERICAL_BUNDLE="$GITHUB_WORKSPACE/reports/engineering-archive/dense-v3-complete-replay-entry-v1/closed" RELEASE_OUTPUT="$RUNNER_TEMP/complete-paper"[0m
2026-09-13T16:25:50.4187937Z shell: /usr/bin/bash -e {0}
2026-09-13T16:25:50.4188191Z env:
2026-09-13T16:25:50.4188476Z   UV_PYTHON_INSTALL_DIR: /home/runner/work/_temp/uv-python-dir
2026-09-13T16:25:50.4188828Z   UV_PYTHON: 3.12
2026-09-13T16:25:50.4189100Z   UV_CACHE_DIR: /home/runner/work/_temp/setup-uv-cache
2026-09-13T16:25:50.4189424Z ##[endgroup]
2026-09-13T16:25:50.4451296Z make: Entering directory '/home/runner/work/embedding-optimizer-study/embedding-optimizer-study/paper'
2026-09-13T16:25:50.4465536Z mkdir -p "/home/runner/work/_temp/"
2026-09-13T16:25:50.4489249Z CUDA_VISIBLE_DEVICES='' /home/runner/work/embedding-optimizer-study/embedding-optimizer-study/.venv/bin/python -m embed_optim.paper_reproduction \
2026-09-13T16:25:50.4491731Z 	--numerical-bundle "/home/runner/work/embedding-optimizer-study/embedding-optimizer-study/reports/engineering-archive/dense-v3-complete-replay-entry-v1/closed" \
2026-09-13T16:25:50.4493542Z 	--paper-dir "/home/runner/work/embedding-optimizer-study/embedding-optimizer-study/paper/current" --output "/home/runner/work/_temp/complete-paper"
2026-09-13T16:26:15.0621287Z Traceback (most recent call last):
2026-09-13T16:26:15.0640869Z   File "<frozen runpy>", line 198, in _run_module_as_main
2026-09-13T16:26:15.0641583Z   File "<frozen runpy>", line 88, in _run_code
2026-09-13T16:26:15.0642812Z   File "/home/runner/work/embedding-optimizer-study/embedding-optimizer-study/src/embed_optim/paper_reproduction.py", line 356, in <module>
2026-09-13T16:26:15.0643900Z     main()
2026-09-13T16:26:15.0644815Z   File "/home/runner/work/embedding-optimizer-study/embedding-optimizer-study/src/embed_optim/paper_reproduction.py", line 342, in main
2026-09-13T16:26:15.0645970Z     result = reproduce(args.numerical_bundle, args.paper_dir, args.output)
2026-09-13T16:26:15.0646906Z              ^^^^^^^^^^^^^^^^^^^^^^^^^^^^^^^^^^^^^^^^^^^^^^^^^^^^^^^^^^^^^
2026-09-13T16:26:15.0647989Z   File "/home/runner/work/embedding-optimizer-study/embedding-optimizer-study/src/embed_optim/paper_reproduction.py", line 290, in reproduce
2026-09-13T16:26:15.0649237Z     numerical_exit = execute_numerical(bundle, root / "numerical", root / "numerical.log")
2026-09-13T16:26:15.0650355Z                      ^^^^^^^^^^^^^^^^^^^^^^^^^^^^^^^^^^^^^^^^^^^^^^^^^^^^^^^^^^^^^^^^^^^^^
2026-09-13T16:26:15.0651521Z   File "/home/runner/work/embedding-optimizer-study/embedding-optimizer-study/src/embed_optim/paper_reproduction.py", line 222, in execute_numerical
2026-09-13T16:26:15.0652763Z     need(code == 0, "Original numerical replay failed; outputs retained, no retry")
2026-09-13T16:26:15.0653943Z   File "/home/runner/work/embedding-optimizer-study/embedding-optimizer-study/src/embed_optim/paper_reproduction.py", line 60, in need
2026-09-13T16:26:15.0654943Z     raise ValueError(message)
2026-09-13T16:26:15.0655492Z ValueError: Original numerical replay failed; outputs retained, no retry
2026-09-13T16:26:16.0453017Z make: *** [Makefile:25: release] Error 1
2026-09-13T16:26:16.0453677Z make: Leaving directory '/home/runner/work/embedding-optimizer-study/embedding-optimizer-study/paper'
2026-09-13T16:26:16.0468684Z ##[error]Process completed with exit code 2.
2026-09-13T16:26:16.0542037Z ##[group]Run mkdir -p "$RUNNER_TEMP/complete-paper/diagnostics"
2026-09-13T16:26:16.0542541Z [36;1mmkdir -p "$RUNNER_TEMP/complete-paper/diagnostics"[0m
2026-09-13T16:26:16.0542973Z [36;1mlscpu > "$RUNNER_TEMP/complete-paper/diagnostics/cpu.txt"[0m
2026-09-13T16:26:16.0544393Z [36;1m.venv/bin/python -B reports/engineering-archive/dense-v3-ci-functional-diagnostic-v1/inspect_functional.py "$GITHUB_WORKSPACE/reports/engineering-archive/dense-v3-complete-replay-entry-v1/closed/primary" "$RUNNER_TEMP/complete-paper/diagnostics/functional.json" > "$RUNNER_TEMP/complete-paper/diagnostics/runtime.log" 2>&1[0m
2026-09-13T16:26:16.0583130Z shell: /usr/bin/bash -e {0}
2026-09-13T16:26:16.0583384Z env:
2026-09-13T16:26:16.0583664Z   UV_PYTHON_INSTALL_DIR: /home/runner/work/_temp/uv-python-dir
2026-09-13T16:26:16.0584021Z   UV_PYTHON: 3.12
2026-09-13T16:26:16.0584282Z   UV_CACHE_DIR: /home/runner/work/_temp/setup-uv-cache
2026-09-13T16:26:16.0584594Z   CUDA_VISIBLE_DEVICES: 
2026-09-13T16:26:16.0584880Z   PYTHONDONTWRITEBYTECODE: 1
2026-09-13T16:26:16.0585127Z   OMP_NUM_THREADS: 1
2026-09-13T16:26:16.0585343Z   OPENBLAS_NUM_THREADS: 1
2026-09-13T16:26:16.0585567Z   MKL_NUM_THREADS: 1
2026-09-13T16:26:16.0585775Z ##[endgroup]
2026-09-13T16:26:28.1515158Z Node 20 is being deprecated. This workflow is running with Node 24 by default. If you need to temporarily use Node 20, you can set the ACTIONS_ALLOW_USE_UNSECURE_NODE_VERSION=true environment variable. For more information see: https://github.blog/changelog/2025-09-19-deprecation-of-node-20-on-github-actions-runners/
2026-09-13T16:26:28.1516487Z ##[group]Run actions/upload-artifact@v4
2026-09-13T16:26:28.1516766Z with:
2026-09-13T16:26:28.1516975Z   name: verification-receipts
2026-09-13T16:26:28.1517739Z   path: /home/runner/work/_temp/source-role-tests/*.json
/home/runner/work/_temp/source-role-tests/*.xml
/home/runner/work/_temp/source-role-tests/*.log
/home/runner/work/_temp/complete-paper/

2026-09-13T16:26:28.1518543Z   if-no-files-found: warn
2026-09-13T16:26:28.1518781Z   compression-level: 6
2026-09-13T16:26:28.1519001Z   overwrite: false
2026-09-13T16:26:28.1519217Z   include-hidden-files: false
2026-09-13T16:26:28.1519447Z env:
2026-09-13T16:26:28.1520054Z   UV_PYTHON_INSTALL_DIR: /home/runner/work/_temp/uv-python-dir
2026-09-13T16:26:28.1520405Z   UV_PYTHON: 3.12
2026-09-13T16:26:28.1520653Z   UV_CACHE_DIR: /home/runner/work/_temp/setup-uv-cache
2026-09-13T16:26:28.1520952Z ##[endgroup]
2026-09-13T16:26:28.4566906Z (node:5243) [DEP0040] DeprecationWarning: The `punycode` module is deprecated. Please use a userland alternative instead.
2026-09-13T16:26:28.4568477Z (Use `node --trace-deprecation ...` to show where the warning was created)
2026-09-13T16:26:28.4733665Z Multiple search paths detected. Calculating the least common ancestor of all paths
2026-09-13T16:26:28.4737959Z The least common ancestor is /home/runner/work/_temp. This will be the root directory of the artifact
2026-09-13T16:26:28.4738982Z With the provided path, there will be 10 files uploaded
2026-09-13T16:26:28.4743515Z Artifact name is valid!
2026-09-13T16:26:28.4744411Z Root directory input is valid!
2026-09-13T16:26:28.8550030Z Beginning upload of artifact content to blob storage
2026-09-13T16:26:28.9015194Z (node:5243) [DEP0169] DeprecationWarning: `url.parse()` behavior is not standardized and prone to errors that have security implications. Use the WHATWG URL API instead. CVEs are not issued for `url.parse()` vulnerabilities.
2026-09-13T16:26:29.2173726Z Uploaded bytes 14432
2026-09-13T16:26:29.2881761Z Finished uploading artifact content to blob storage!
2026-09-13T16:26:29.2883457Z SHA256 digest of uploaded artifact zip is 0b7befc2e3f77779b01d0e16f9711eede6985567f62f1e716f9de268d26b3cbc
2026-09-13T16:26:29.2884945Z Finalizing artifact upload
2026-09-13T16:26:29.5235288Z Artifact verification-receipts.zip successfully finalized. Artifact ID 10321395722
2026-09-13T16:26:29.5236372Z Artifact verification-receipts has been successfully uploaded! Final size is 14432 bytes. Artifact ID is 10321395722
2026-09-13T16:26:29.5244779Z Artifact download URL: https://github.com/qcznlp/embedding-optimizer-study/actions/runs/34768399864/artifacts/10321395722
2026-09-13T16:26:29.5460890Z Post job cleanup.
2026-09-13T16:26:29.6360508Z [command]/usr/bin/git version
2026-09-13T16:26:29.6420990Z git version 2.55.0
2026-09-13T16:26:29.6459292Z Temporarily overriding HOME='/home/runner/work/_temp/e0bdff09-b20a-49f1-a867-b7510ae0c039' before making global git config changes
2026-09-13T16:26:29.6461034Z Adding repository directory to the temporary git global config as a safe directory
2026-09-13T16:26:29.6465041Z [command]/usr/bin/git config --global --add safe.directory /home/runner/work/embedding-optimizer-study/embedding-optimizer-study
2026-09-13T16:26:29.6500732Z Removing SSH command configuration
2026-09-13T16:26:29.6507655Z [command]/usr/bin/git config --local --name-only --get-regexp core\.sshCommand
2026-09-13T16:26:29.6545142Z [command]/usr/bin/git submodule foreach --recursive sh -c "git config --local --name-only --get-regexp 'core\.sshCommand' && git config --local --unset-all 'core.sshCommand' || :"
2026-09-13T16:26:29.6874272Z Removing HTTP extra header
2026-09-13T16:26:29.6880946Z [command]/usr/bin/git config --local --name-only --get-regexp http\.https\:\/\/github\.com\/\.extraheader
2026-09-13T16:26:29.6919242Z [command]/usr/bin/git submodule foreach --recursive sh -c "git config --local --name-only --get-regexp 'http\.https\:\/\/github\.com\/\.extraheader' && git config --local --unset-all 'http.https://github.com/.extraheader' || :"
2026-09-13T16:26:29.7203414Z Removing includeIf entries pointing to credentials config files
2026-09-13T16:26:29.7210668Z [command]/usr/bin/git config --local --name-only --get-regexp ^includeIf\.gitdir:
2026-09-13T16:26:29.7252823Z includeif.gitdir:/home/runner/work/embedding-optimizer-study/embedding-optimizer-study/.git.path
2026-09-13T16:26:29.7254304Z includeif.gitdir:/home/runner/work/embedding-optimizer-study/embedding-optimizer-study/.git/worktrees/*.path
2026-09-13T16:26:29.7255470Z includeif.gitdir:/github/workspace/.git.path
2026-09-13T16:26:29.7256261Z includeif.gitdir:/github/workspace/.git/worktrees/*.path
2026-09-13T16:26:29.7262239Z [command]/usr/bin/git config --local --get-all includeif.gitdir:/home/runner/work/embedding-optimizer-study/embedding-optimizer-study/.git.path
2026-09-13T16:26:29.7291625Z /home/runner/work/_temp/git-credentials-f29bfe4f-ebcc-4756-a3f7-19a4034b255f.config
2026-09-13T16:26:29.7303635Z [command]/usr/bin/git config --local --unset includeif.gitdir:/home/runner/work/embedding-optimizer-study/embedding-optimizer-study/.git.path \/home\/runner\/work\/_temp\/git\-credentials\-f29bfe4f\-ebcc\-4756\-a3f7\-19a4034b255f\.config
2026-09-13T16:26:29.7347190Z [command]/usr/bin/git config --local --get-all includeif.gitdir:/home/runner/work/embedding-optimizer-study/embedding-optimizer-study/.git/worktrees/*.path
2026-09-13T16:26:29.7391080Z /home/runner/work/_temp/git-credentials-f29bfe4f-ebcc-4756-a3f7-19a4034b255f.config
2026-09-13T16:26:29.7401751Z [command]/usr/bin/git config --local --unset includeif.gitdir:/home/runner/work/embedding-optimizer-study/embedding-optimizer-study/.git/worktrees/*.path \/home\/runner\/work\/_temp\/git\-credentials\-f29bfe4f\-ebcc\-4756\-a3f7\-19a4034b255f\.config
2026-09-13T16:26:29.7441496Z [command]/usr/bin/git config --local --get-all includeif.gitdir:/github/workspace/.git.path
2026-09-13T16:26:29.7468862Z /github/runner_temp/git-credentials-f29bfe4f-ebcc-4756-a3f7-19a4034b255f.config
2026-09-13T16:26:29.7481198Z [command]/usr/bin/git config --local --unset includeif.gitdir:/github/workspace/.git.path \/github\/runner_temp\/git\-credentials\-f29bfe4f\-ebcc\-4756\-a3f7\-19a4034b255f\.config
2026-09-13T16:26:29.7516270Z [command]/usr/bin/git config --local --get-all includeif.gitdir:/github/workspace/.git/worktrees/*.path
2026-09-13T16:26:29.7545341Z /github/runner_temp/git-credentials-f29bfe4f-ebcc-4756-a3f7-19a4034b255f.config
2026-09-13T16:26:29.7552474Z [command]/usr/bin/git config --local --unset includeif.gitdir:/github/workspace/.git/worktrees/*.path \/github\/runner_temp\/git\-credentials\-f29bfe4f\-ebcc\-4756\-a3f7\-19a4034b255f\.config
2026-09-13T16:26:29.7592265Z [command]/usr/bin/git submodule foreach --recursive git config --local --show-origin --name-only --get-regexp remote.origin.url
2026-09-13T16:26:29.7854314Z Removing credentials config '/home/runner/work/_temp/git-credentials-f29bfe4f-ebcc-4756-a3f7-19a4034b255f.config'
2026-09-13T16:26:29.7999158Z Cleaning up orphan processes
2026-09-13T16:26:29.8500377Z ##[warning]Node.js 20 is deprecated. The following actions target Node.js 20 but are being forced to run on Node.js 24: actions/upload-artifact@v4. For more information see: https://github.blog/changelog/2025-09-19-deprecation-of-node-20-on-github-actions-runners/
