running egg_info
writing src/embedding_optimizer_study.egg-info/PKG-INFO
writing dependency_links to src/embedding_optimizer_study.egg-info/dependency_links.txt
writing entry points to src/embedding_optimizer_study.egg-info/entry_points.txt
writing requirements to src/embedding_optimizer_study.egg-info/requires.txt
writing top-level names to src/embedding_optimizer_study.egg-info/top_level.txt
reading manifest file 'src/embedding_optimizer_study.egg-info/SOURCES.txt'
reading manifest template 'MANIFEST.in'
adding license file 'LICENSE'
writing manifest file 'src/embedding_optimizer_study.egg-info/SOURCES.txt'
running bdist_wheel
running build
running build_py
creating build/lib/embed_optim
copying src/embed_optim/aggregate.py -> build/lib/embed_optim
copying src/embed_optim/corrected_progress.py -> build/lib/embed_optim
copying src/embed_optim/primary_v3_reconstruction_sources.py -> build/lib/embed_optim
copying src/embed_optim/validation_evaluation.py -> build/lib/embed_optim
copying src/embed_optim/common_state_spectrum_plot.py -> build/lib/embed_optim
copying src/embed_optim/state_operator_factorial_backup.py -> build/lib/embed_optim
copying src/embed_optim/factorial_v3_calibration.py -> build/lib/embed_optim
copying src/embed_optim/common_state_matrix.py -> build/lib/embed_optim
copying src/embed_optim/dense_no_packing_preflight.py -> build/lib/embed_optim
copying src/embed_optim/primary_v3_paper_layout.py -> build/lib/embed_optim
copying src/embed_optim/optimizers.py -> build/lib/embed_optim
copying src/embed_optim/state_operator_factorial_publication.py -> build/lib/embed_optim
copying src/embed_optim/runtime.py -> build/lib/embed_optim
copying src/embed_optim/representation_plot.py -> build/lib/embed_optim
copying src/embed_optim/dimension_release.py -> build/lib/embed_optim
copying src/embed_optim/primary_v3_geometry_reconstruction.py -> build/lib/embed_optim
copying src/embed_optim/factorial_v3_batches.py -> build/lib/embed_optim
copying src/embed_optim/candidate_breadth_release.py -> build/lib/embed_optim
copying src/embed_optim/dimension_replay.py -> build/lib/embed_optim
copying src/embed_optim/spectral_transplant_matrix.py -> build/lib/embed_optim
copying src/embed_optim/dimension_utilization.py -> build/lib/embed_optim
copying src/embed_optim/primary_v3_dimensions.py -> build/lib/embed_optim
copying src/embed_optim/factorial_v3_worker.py -> build/lib/embed_optim
copying src/embed_optim/factorial_v3_optimizer.py -> build/lib/embed_optim
copying src/embed_optim/candidate_breadth_evaluation.py -> build/lib/embed_optim
copying src/embed_optim/dimension_publication.py -> build/lib/embed_optim
copying src/embed_optim/short_branch.py -> build/lib/embed_optim
copying src/embed_optim/short_branch_summary.py -> build/lib/embed_optim
copying src/embed_optim/packing_invariance.py -> build/lib/embed_optim
copying src/embed_optim/corrected_retrieval_bridge.py -> build/lib/embed_optim
copying src/embed_optim/common_state_spectra.py -> build/lib/embed_optim
copying src/embed_optim/checkpoint_watch.py -> build/lib/embed_optim
copying src/embed_optim/primary_v3_exact_reconstruction.py -> build/lib/embed_optim
copying src/embed_optim/primary_v3_outcome_reconstruction.py -> build/lib/embed_optim
copying src/embed_optim/dimension_intervention_io.py -> build/lib/embed_optim
copying src/embed_optim/bridge_numerics.py -> build/lib/embed_optim
copying src/embed_optim/reconstruction_files.py -> build/lib/embed_optim
copying src/embed_optim/update_geometry.py -> build/lib/embed_optim
copying src/embed_optim/dimension_archive.py -> build/lib/embed_optim
copying src/embed_optim/primary_v3_io.py -> build/lib/embed_optim
copying src/embed_optim/corrected_validation_evaluation.py -> build/lib/embed_optim
copying src/embed_optim/primary_v3_reconstruction_authoring.py -> build/lib/embed_optim
copying src/embed_optim/primary_v3_bridge.py -> build/lib/embed_optim
copying src/embed_optim/corrected_outcome_summary.py -> build/lib/embed_optim
copying src/embed_optim/decontamination.py -> build/lib/embed_optim
copying src/embed_optim/primary_v3_dimension_exports.py -> build/lib/embed_optim
copying src/embed_optim/corrected_geometry_summary.py -> build/lib/embed_optim
copying src/embed_optim/losses.py -> build/lib/embed_optim
copying src/embed_optim/primary_v3_dimension_vector_io.py -> build/lib/embed_optim
copying src/embed_optim/primary_v3_manuscript.py -> build/lib/embed_optim
copying src/embed_optim/dense_retrieval_dynamics_summary.py -> build/lib/embed_optim
copying src/embed_optim/primary_v3_publication_render.py -> build/lib/embed_optim
copying src/embed_optim/mechanism_bridge.py -> build/lib/embed_optim
copying src/embed_optim/corrected_geometry_matrix.py -> build/lib/embed_optim
copying src/embed_optim/dimension_inference_render.py -> build/lib/embed_optim
copying src/embed_optim/hybrid_evaluation.py -> build/lib/embed_optim
copying src/embed_optim/geometry_plot.py -> build/lib/embed_optim
copying src/embed_optim/post_eval_pipeline.py -> build/lib/embed_optim
copying src/embed_optim/dose_band_analysis.py -> build/lib/embed_optim
copying src/embed_optim/training_dynamics_plot.py -> build/lib/embed_optim
copying src/embed_optim/spectral_transplant_summary.py -> build/lib/embed_optim
copying src/embed_optim/retrieval_dynamics.py -> build/lib/embed_optim
copying src/embed_optim/probe_matrix.py -> build/lib/embed_optim
copying src/embed_optim/candidate_breadth_matrix.py -> build/lib/embed_optim
copying src/embed_optim/primary_v3_exact_geometry_primitives.py -> build/lib/embed_optim
copying src/embed_optim/dimension_inference.py -> build/lib/embed_optim
copying src/embed_optim/probes.py -> build/lib/embed_optim
copying src/embed_optim/primary_exact_geometry_kernels.py -> build/lib/embed_optim
copying src/embed_optim/short_branch_evaluation.py -> build/lib/embed_optim
copying src/embed_optim/confirmatory_data.py -> build/lib/embed_optim
copying src/embed_optim/primary_data_revision.py -> build/lib/embed_optim
copying src/embed_optim/supervisor.py -> build/lib/embed_optim
copying src/embed_optim/dense_retrieval_dynamics_evaluation.py -> build/lib/embed_optim
copying src/embed_optim/sealed_checkpoint_supervisor.py -> build/lib/embed_optim
copying src/embed_optim/primary_v3_exact_publication_render.py -> build/lib/embed_optim
copying src/embed_optim/causal_chain_reporting.py -> build/lib/embed_optim
copying src/embed_optim/primary_v3_exact_geometry_io.py -> build/lib/embed_optim
copying src/embed_optim/primary_v3_geometry.py -> build/lib/embed_optim
copying src/embed_optim/primary_v3_validation.py -> build/lib/embed_optim
copying src/embed_optim/bridge_exact_arithmetic.py -> build/lib/embed_optim
copying src/embed_optim/pylate_compat.py -> build/lib/embed_optim
copying src/embed_optim/factorial_v3_trainer.py -> build/lib/embed_optim
copying src/embed_optim/evaluation_supervisor.py -> build/lib/embed_optim
copying src/embed_optim/dense_completion_pipeline.py -> build/lib/embed_optim
copying src/embed_optim/corrected_checkpoint_backup.py -> build/lib/embed_optim
copying src/embed_optim/beir_probe.py -> build/lib/embed_optim
copying src/embed_optim/primary_v3_dimension_inference.py -> build/lib/embed_optim
copying src/embed_optim/callbacks.py -> build/lib/embed_optim
copying src/embed_optim/candidate_breadth_summary.py -> build/lib/embed_optim
copying src/embed_optim/family_training_queue.py -> build/lib/embed_optim
copying src/embed_optim/common_state_summary.py -> build/lib/embed_optim
copying src/embed_optim/evaluation_source_provenance.py -> build/lib/embed_optim
copying src/embed_optim/primary_v3_exact_geometry.py -> build/lib/embed_optim
copying src/embed_optim/train.py -> build/lib/embed_optim
copying src/embed_optim/temporal_short_branch_predictors.py -> build/lib/embed_optim
copying src/embed_optim/confirmatory_matrix.py -> build/lib/embed_optim
copying src/embed_optim/primary_v3_outcome_primitives.py -> build/lib/embed_optim
copying src/embed_optim/primary_v3_publication_tables.py -> build/lib/embed_optim
copying src/embed_optim/primary_v3_exact_bridge.py -> build/lib/embed_optim
copying src/embed_optim/primary_completion.py -> build/lib/embed_optim
copying src/embed_optim/causal_chain_rendering.py -> build/lib/embed_optim
copying src/embed_optim/primary_v3_publication_archive.py -> build/lib/embed_optim
copying src/embed_optim/primary_v3_reconstruction_inputs.py -> build/lib/embed_optim
copying src/embed_optim/primary_v3_geometry_io.py -> build/lib/embed_optim
copying src/embed_optim/exact_bridge_measurements.py -> build/lib/embed_optim
copying src/embed_optim/incremental_checkpoint_backup.py -> build/lib/embed_optim
copying src/embed_optim/representation_summary.py -> build/lib/embed_optim
copying src/embed_optim/probe_export.py -> build/lib/embed_optim
copying src/embed_optim/data.py -> build/lib/embed_optim
copying src/embed_optim/completion_contract_migration.py -> build/lib/embed_optim
copying src/embed_optim/state_operator_factorial_completion.py -> build/lib/embed_optim
copying src/embed_optim/evaluation_source_archive.py -> build/lib/embed_optim
copying src/embed_optim/evaluation_utils.py -> build/lib/embed_optim
copying src/embed_optim/primary_v3_publication_reconstruction.py -> build/lib/embed_optim
copying src/embed_optim/temporal_short_branch.py -> build/lib/embed_optim
copying src/embed_optim/functional_intervention_summary.py -> build/lib/embed_optim
copying src/embed_optim/tail_stability.py -> build/lib/embed_optim
copying src/embed_optim/primary_v3_publication.py -> build/lib/embed_optim
copying src/embed_optim/gradient_probe.py -> build/lib/embed_optim
copying src/embed_optim/spectral_transplant.py -> build/lib/embed_optim
copying src/embed_optim/primary_v3_exact_publication_contract.py -> build/lib/embed_optim
copying src/embed_optim/local_global_reversal.py -> build/lib/embed_optim
copying src/embed_optim/factorial_v3_factory.py -> build/lib/embed_optim
copying src/embed_optim/hybrid_control.py -> build/lib/embed_optim
copying src/embed_optim/candidate_breadth_data.py -> build/lib/embed_optim
copying src/embed_optim/paper_audit.py -> build/lib/embed_optim
copying src/embed_optim/primary_v3_validation_io.py -> build/lib/embed_optim
copying src/embed_optim/primary_v3_completion.py -> build/lib/embed_optim
copying src/embed_optim/representation_geometry.py -> build/lib/embed_optim
copying src/embed_optim/state_operator_factorial.py -> build/lib/embed_optim
copying src/embed_optim/primary_geometry_kernels.py -> build/lib/embed_optim
copying src/embed_optim/state_operator_factorial_evaluation.py -> build/lib/embed_optim
copying src/embed_optim/factorial_v3_bound_trainer.py -> build/lib/embed_optim
copying src/embed_optim/factorial_v3_run_contract.py -> build/lib/embed_optim
copying src/embed_optim/gpu_lease.py -> build/lib/embed_optim
copying src/embed_optim/primary_training.py -> build/lib/embed_optim
copying src/embed_optim/validation_matrix.py -> build/lib/embed_optim
copying src/embed_optim/state_operator_factorial_summary.py -> build/lib/embed_optim
copying src/embed_optim/primary_v3_publication_bridge.py -> build/lib/embed_optim
copying src/embed_optim/validation_data.py -> build/lib/embed_optim
copying src/embed_optim/__init__.py -> build/lib/embed_optim
copying src/embed_optim/primary_v3_exact_reconstruction_archive.py -> build/lib/embed_optim
copying src/embed_optim/completion_backup_contract_migration.py -> build/lib/embed_optim
copying src/embed_optim/functional_intervention_matrix.py -> build/lib/embed_optim
copying src/embed_optim/primary_v3_training.py -> build/lib/embed_optim
copying src/embed_optim/state_operator_factorial_probe.py -> build/lib/embed_optim
copying src/embed_optim/matrix.py -> build/lib/embed_optim
copying src/embed_optim/primary_contract.py -> build/lib/embed_optim
copying src/embed_optim/candidate_breadth_publication.py -> build/lib/embed_optim
copying src/embed_optim/corrected_validation_matrix.py -> build/lib/embed_optim
copying src/embed_optim/validation_summary.py -> build/lib/embed_optim
copying src/embed_optim/corrected_beir_evaluation.py -> build/lib/embed_optim
copying src/embed_optim/evaluation_progress.py -> build/lib/embed_optim
copying src/embed_optim/corrected_publication.py -> build/lib/embed_optim
copying src/embed_optim/dense_finalization_pipeline.py -> build/lib/embed_optim
copying src/embed_optim/primary_geometry_reductions.py -> build/lib/embed_optim
copying src/embed_optim/dimension_interventions.py -> build/lib/embed_optim
copying src/embed_optim/dense_eval_handoff.py -> build/lib/embed_optim
copying src/embed_optim/functional_intervention.py -> build/lib/embed_optim
copying src/embed_optim/confirmatory_summary.py -> build/lib/embed_optim
copying src/embed_optim/paper_results.py -> build/lib/embed_optim
copying src/embed_optim/evaluate_matrix.py -> build/lib/embed_optim
copying src/embed_optim/dense_retrieval_dynamics_publication.py -> build/lib/embed_optim
copying src/embed_optim/matrix_handoff_guard.py -> build/lib/embed_optim
copying src/embed_optim/collators.py -> build/lib/embed_optim
copying src/embed_optim/geometry.py -> build/lib/embed_optim
copying src/embed_optim/primary_io.py -> build/lib/embed_optim
copying src/embed_optim/state_operator_factorial_training.py -> build/lib/embed_optim
copying src/embed_optim/wandb_dense_provenance_audit.py -> build/lib/embed_optim
copying src/embed_optim/primary_v3_vector_reconstruction.py -> build/lib/embed_optim
copying src/embed_optim/bridge_named_features.py -> build/lib/embed_optim
copying src/embed_optim/primary_v3_joint_reconstruction.py -> build/lib/embed_optim
copying src/embed_optim/primary_v3_exact_publication.py -> build/lib/embed_optim
copying src/embed_optim/confirmatory_evaluation.py -> build/lib/embed_optim
copying src/embed_optim/mechanism_report.py -> build/lib/embed_optim
copying src/embed_optim/corrected_completion_pipeline.py -> build/lib/embed_optim
copying src/embed_optim/factorial_v3_inputs.py -> build/lib/embed_optim
copying src/embed_optim/primary_dimension_probe.py -> build/lib/embed_optim
copying src/embed_optim/geometry_robustness.py -> build/lib/embed_optim
copying src/embed_optim/distribution_audit.py -> build/lib/embed_optim
copying src/embed_optim/corrected_input_execution.py -> build/lib/embed_optim
copying src/embed_optim/supplemental_training_audit.py -> build/lib/embed_optim
copying src/embed_optim/config.py -> build/lib/embed_optim
copying src/embed_optim/primary_v3_manuscript_build.py -> build/lib/embed_optim
copying src/embed_optim/outcome_report.py -> build/lib/embed_optim
copying src/embed_optim/primary_v3_contract.py -> build/lib/embed_optim
copying src/embed_optim/three_regime_diagnostic.py -> build/lib/embed_optim
copying src/embed_optim/factorial_v3_checkpoint.py -> build/lib/embed_optim
copying src/embed_optim/corrected_execution_sensitivity.py -> build/lib/embed_optim
copying src/embed_optim/primary_v3_outcomes.py -> build/lib/embed_optim
copying src/embed_optim/scope.py -> build/lib/embed_optim
copying src/embed_optim/paper_layout.py -> build/lib/embed_optim
copying src/embed_optim/primary_weight_entries.py -> build/lib/embed_optim
copying src/embed_optim/primary_v3_dimension_contract.py -> build/lib/embed_optim
copying src/embed_optim/basis_sensitivity.py -> build/lib/embed_optim
copying src/embed_optim/corpus_size_diagnostic.py -> build/lib/embed_optim
copying src/embed_optim/primary_v3_publication_contract.py -> build/lib/embed_optim
copying src/embed_optim/primary_v3_geometry_primitives.py -> build/lib/embed_optim
copying src/embed_optim/state_operator_factorial_contract.py -> build/lib/embed_optim
copying src/embed_optim/corrected_wandb_audit.py -> build/lib/embed_optim
copying src/embed_optim/training_dynamics.py -> build/lib/embed_optim
copying src/embed_optim/wandb_sync.py -> build/lib/embed_optim
copying src/embed_optim/geometry_summary.py -> build/lib/embed_optim
copying src/embed_optim/artifact_inventory.py -> build/lib/embed_optim
running egg_info
writing src/embedding_optimizer_study.egg-info/PKG-INFO
writing dependency_links to src/embedding_optimizer_study.egg-info/dependency_links.txt
writing entry points to src/embedding_optimizer_study.egg-info/entry_points.txt
writing requirements to src/embedding_optimizer_study.egg-info/requires.txt
writing top-level names to src/embedding_optimizer_study.egg-info/top_level.txt
reading manifest file 'src/embedding_optimizer_study.egg-info/SOURCES.txt'
reading manifest template 'MANIFEST.in'
adding license file 'LICENSE'
writing manifest file 'src/embedding_optimizer_study.egg-info/SOURCES.txt'
installing to build/bdist.linux-x86_64/wheel
running install
running install_lib
creating build/bdist.linux-x86_64/wheel
creating build/bdist.linux-x86_64/wheel/embed_optim
copying build/lib/embed_optim/aggregate.py -> build/bdist.linux-x86_64/wheel/./embed_optim
copying build/lib/embed_optim/corrected_progress.py -> build/bdist.linux-x86_64/wheel/./embed_optim
copying build/lib/embed_optim/primary_v3_reconstruction_sources.py -> build/bdist.linux-x86_64/wheel/./embed_optim
copying build/lib/embed_optim/validation_evaluation.py -> build/bdist.linux-x86_64/wheel/./embed_optim
copying build/lib/embed_optim/common_state_spectrum_plot.py -> build/bdist.linux-x86_64/wheel/./embed_optim
copying build/lib/embed_optim/state_operator_factorial_backup.py -> build/bdist.linux-x86_64/wheel/./embed_optim
copying build/lib/embed_optim/factorial_v3_calibration.py -> build/bdist.linux-x86_64/wheel/./embed_optim
copying build/lib/embed_optim/common_state_matrix.py -> build/bdist.linux-x86_64/wheel/./embed_optim
copying build/lib/embed_optim/dense_no_packing_preflight.py -> build/bdist.linux-x86_64/wheel/./embed_optim
copying build/lib/embed_optim/primary_v3_paper_layout.py -> build/bdist.linux-x86_64/wheel/./embed_optim
copying build/lib/embed_optim/optimizers.py -> build/bdist.linux-x86_64/wheel/./embed_optim
copying build/lib/embed_optim/state_operator_factorial_publication.py -> build/bdist.linux-x86_64/wheel/./embed_optim
copying build/lib/embed_optim/runtime.py -> build/bdist.linux-x86_64/wheel/./embed_optim
copying build/lib/embed_optim/representation_plot.py -> build/bdist.linux-x86_64/wheel/./embed_optim
copying build/lib/embed_optim/dimension_release.py -> build/bdist.linux-x86_64/wheel/./embed_optim
copying build/lib/embed_optim/primary_v3_geometry_reconstruction.py -> build/bdist.linux-x86_64/wheel/./embed_optim
copying build/lib/embed_optim/factorial_v3_batches.py -> build/bdist.linux-x86_64/wheel/./embed_optim
copying build/lib/embed_optim/candidate_breadth_release.py -> build/bdist.linux-x86_64/wheel/./embed_optim
copying build/lib/embed_optim/dimension_replay.py -> build/bdist.linux-x86_64/wheel/./embed_optim
copying build/lib/embed_optim/spectral_transplant_matrix.py -> build/bdist.linux-x86_64/wheel/./embed_optim
copying build/lib/embed_optim/dimension_utilization.py -> build/bdist.linux-x86_64/wheel/./embed_optim
copying build/lib/embed_optim/primary_v3_dimensions.py -> build/bdist.linux-x86_64/wheel/./embed_optim
copying build/lib/embed_optim/factorial_v3_worker.py -> build/bdist.linux-x86_64/wheel/./embed_optim
copying build/lib/embed_optim/factorial_v3_optimizer.py -> build/bdist.linux-x86_64/wheel/./embed_optim
copying build/lib/embed_optim/candidate_breadth_evaluation.py -> build/bdist.linux-x86_64/wheel/./embed_optim
copying build/lib/embed_optim/dimension_publication.py -> build/bdist.linux-x86_64/wheel/./embed_optim
copying build/lib/embed_optim/short_branch.py -> build/bdist.linux-x86_64/wheel/./embed_optim
copying build/lib/embed_optim/short_branch_summary.py -> build/bdist.linux-x86_64/wheel/./embed_optim
copying build/lib/embed_optim/packing_invariance.py -> build/bdist.linux-x86_64/wheel/./embed_optim
copying build/lib/embed_optim/corrected_retrieval_bridge.py -> build/bdist.linux-x86_64/wheel/./embed_optim
copying build/lib/embed_optim/common_state_spectra.py -> build/bdist.linux-x86_64/wheel/./embed_optim
copying build/lib/embed_optim/checkpoint_watch.py -> build/bdist.linux-x86_64/wheel/./embed_optim
copying build/lib/embed_optim/primary_v3_exact_reconstruction.py -> build/bdist.linux-x86_64/wheel/./embed_optim
copying build/lib/embed_optim/primary_v3_outcome_reconstruction.py -> build/bdist.linux-x86_64/wheel/./embed_optim
copying build/lib/embed_optim/dimension_intervention_io.py -> build/bdist.linux-x86_64/wheel/./embed_optim
copying build/lib/embed_optim/bridge_numerics.py -> build/bdist.linux-x86_64/wheel/./embed_optim
copying build/lib/embed_optim/reconstruction_files.py -> build/bdist.linux-x86_64/wheel/./embed_optim
copying build/lib/embed_optim/update_geometry.py -> build/bdist.linux-x86_64/wheel/./embed_optim
copying build/lib/embed_optim/dimension_archive.py -> build/bdist.linux-x86_64/wheel/./embed_optim
copying build/lib/embed_optim/primary_v3_io.py -> build/bdist.linux-x86_64/wheel/./embed_optim
copying build/lib/embed_optim/corrected_validation_evaluation.py -> build/bdist.linux-x86_64/wheel/./embed_optim
copying build/lib/embed_optim/primary_v3_reconstruction_authoring.py -> build/bdist.linux-x86_64/wheel/./embed_optim
copying build/lib/embed_optim/primary_v3_bridge.py -> build/bdist.linux-x86_64/wheel/./embed_optim
copying build/lib/embed_optim/corrected_outcome_summary.py -> build/bdist.linux-x86_64/wheel/./embed_optim
copying build/lib/embed_optim/decontamination.py -> build/bdist.linux-x86_64/wheel/./embed_optim
copying build/lib/embed_optim/primary_v3_dimension_exports.py -> build/bdist.linux-x86_64/wheel/./embed_optim
copying build/lib/embed_optim/corrected_geometry_summary.py -> build/bdist.linux-x86_64/wheel/./embed_optim
copying build/lib/embed_optim/losses.py -> build/bdist.linux-x86_64/wheel/./embed_optim
copying build/lib/embed_optim/primary_v3_dimension_vector_io.py -> build/bdist.linux-x86_64/wheel/./embed_optim
copying build/lib/embed_optim/primary_v3_manuscript.py -> build/bdist.linux-x86_64/wheel/./embed_optim
copying build/lib/embed_optim/dense_retrieval_dynamics_summary.py -> build/bdist.linux-x86_64/wheel/./embed_optim
copying build/lib/embed_optim/primary_v3_publication_render.py -> build/bdist.linux-x86_64/wheel/./embed_optim
copying build/lib/embed_optim/mechanism_bridge.py -> build/bdist.linux-x86_64/wheel/./embed_optim
copying build/lib/embed_optim/corrected_geometry_matrix.py -> build/bdist.linux-x86_64/wheel/./embed_optim
copying build/lib/embed_optim/dimension_inference_render.py -> build/bdist.linux-x86_64/wheel/./embed_optim
copying build/lib/embed_optim/hybrid_evaluation.py -> build/bdist.linux-x86_64/wheel/./embed_optim
copying build/lib/embed_optim/geometry_plot.py -> build/bdist.linux-x86_64/wheel/./embed_optim
copying build/lib/embed_optim/post_eval_pipeline.py -> build/bdist.linux-x86_64/wheel/./embed_optim
copying build/lib/embed_optim/dose_band_analysis.py -> build/bdist.linux-x86_64/wheel/./embed_optim
copying build/lib/embed_optim/training_dynamics_plot.py -> build/bdist.linux-x86_64/wheel/./embed_optim
copying build/lib/embed_optim/spectral_transplant_summary.py -> build/bdist.linux-x86_64/wheel/./embed_optim
copying build/lib/embed_optim/retrieval_dynamics.py -> build/bdist.linux-x86_64/wheel/./embed_optim
copying build/lib/embed_optim/probe_matrix.py -> build/bdist.linux-x86_64/wheel/./embed_optim
copying build/lib/embed_optim/candidate_breadth_matrix.py -> build/bdist.linux-x86_64/wheel/./embed_optim
copying build/lib/embed_optim/primary_v3_exact_geometry_primitives.py -> build/bdist.linux-x86_64/wheel/./embed_optim
copying build/lib/embed_optim/dimension_inference.py -> build/bdist.linux-x86_64/wheel/./embed_optim
copying build/lib/embed_optim/probes.py -> build/bdist.linux-x86_64/wheel/./embed_optim
copying build/lib/embed_optim/primary_exact_geometry_kernels.py -> build/bdist.linux-x86_64/wheel/./embed_optim
copying build/lib/embed_optim/short_branch_evaluation.py -> build/bdist.linux-x86_64/wheel/./embed_optim
copying build/lib/embed_optim/confirmatory_data.py -> build/bdist.linux-x86_64/wheel/./embed_optim
copying build/lib/embed_optim/primary_data_revision.py -> build/bdist.linux-x86_64/wheel/./embed_optim
copying build/lib/embed_optim/supervisor.py -> build/bdist.linux-x86_64/wheel/./embed_optim
copying build/lib/embed_optim/dense_retrieval_dynamics_evaluation.py -> build/bdist.linux-x86_64/wheel/./embed_optim
copying build/lib/embed_optim/sealed_checkpoint_supervisor.py -> build/bdist.linux-x86_64/wheel/./embed_optim
copying build/lib/embed_optim/primary_v3_exact_publication_render.py -> build/bdist.linux-x86_64/wheel/./embed_optim
copying build/lib/embed_optim/causal_chain_reporting.py -> build/bdist.linux-x86_64/wheel/./embed_optim
copying build/lib/embed_optim/primary_v3_exact_geometry_io.py -> build/bdist.linux-x86_64/wheel/./embed_optim
copying build/lib/embed_optim/primary_v3_geometry.py -> build/bdist.linux-x86_64/wheel/./embed_optim
copying build/lib/embed_optim/primary_v3_validation.py -> build/bdist.linux-x86_64/wheel/./embed_optim
copying build/lib/embed_optim/bridge_exact_arithmetic.py -> build/bdist.linux-x86_64/wheel/./embed_optim
copying build/lib/embed_optim/pylate_compat.py -> build/bdist.linux-x86_64/wheel/./embed_optim
copying build/lib/embed_optim/factorial_v3_trainer.py -> build/bdist.linux-x86_64/wheel/./embed_optim
copying build/lib/embed_optim/evaluation_supervisor.py -> build/bdist.linux-x86_64/wheel/./embed_optim
copying build/lib/embed_optim/dense_completion_pipeline.py -> build/bdist.linux-x86_64/wheel/./embed_optim
copying build/lib/embed_optim/corrected_checkpoint_backup.py -> build/bdist.linux-x86_64/wheel/./embed_optim
copying build/lib/embed_optim/beir_probe.py -> build/bdist.linux-x86_64/wheel/./embed_optim
copying build/lib/embed_optim/primary_v3_dimension_inference.py -> build/bdist.linux-x86_64/wheel/./embed_optim
copying build/lib/embed_optim/callbacks.py -> build/bdist.linux-x86_64/wheel/./embed_optim
copying build/lib/embed_optim/candidate_breadth_summary.py -> build/bdist.linux-x86_64/wheel/./embed_optim
copying build/lib/embed_optim/family_training_queue.py -> build/bdist.linux-x86_64/wheel/./embed_optim
copying build/lib/embed_optim/common_state_summary.py -> build/bdist.linux-x86_64/wheel/./embed_optim
copying build/lib/embed_optim/evaluation_source_provenance.py -> build/bdist.linux-x86_64/wheel/./embed_optim
copying build/lib/embed_optim/primary_v3_exact_geometry.py -> build/bdist.linux-x86_64/wheel/./embed_optim
copying build/lib/embed_optim/train.py -> build/bdist.linux-x86_64/wheel/./embed_optim
copying build/lib/embed_optim/temporal_short_branch_predictors.py -> build/bdist.linux-x86_64/wheel/./embed_optim
copying build/lib/embed_optim/confirmatory_matrix.py -> build/bdist.linux-x86_64/wheel/./embed_optim
copying build/lib/embed_optim/primary_v3_outcome_primitives.py -> build/bdist.linux-x86_64/wheel/./embed_optim
copying build/lib/embed_optim/primary_v3_publication_tables.py -> build/bdist.linux-x86_64/wheel/./embed_optim
copying build/lib/embed_optim/primary_v3_exact_bridge.py -> build/bdist.linux-x86_64/wheel/./embed_optim
copying build/lib/embed_optim/primary_completion.py -> build/bdist.linux-x86_64/wheel/./embed_optim
copying build/lib/embed_optim/causal_chain_rendering.py -> build/bdist.linux-x86_64/wheel/./embed_optim
copying build/lib/embed_optim/primary_v3_publication_archive.py -> build/bdist.linux-x86_64/wheel/./embed_optim
copying build/lib/embed_optim/primary_v3_reconstruction_inputs.py -> build/bdist.linux-x86_64/wheel/./embed_optim
copying build/lib/embed_optim/primary_v3_geometry_io.py -> build/bdist.linux-x86_64/wheel/./embed_optim
copying build/lib/embed_optim/exact_bridge_measurements.py -> build/bdist.linux-x86_64/wheel/./embed_optim
copying build/lib/embed_optim/incremental_checkpoint_backup.py -> build/bdist.linux-x86_64/wheel/./embed_optim
copying build/lib/embed_optim/representation_summary.py -> build/bdist.linux-x86_64/wheel/./embed_optim
copying build/lib/embed_optim/probe_export.py -> build/bdist.linux-x86_64/wheel/./embed_optim
copying build/lib/embed_optim/data.py -> build/bdist.linux-x86_64/wheel/./embed_optim
copying build/lib/embed_optim/completion_contract_migration.py -> build/bdist.linux-x86_64/wheel/./embed_optim
copying build/lib/embed_optim/state_operator_factorial_completion.py -> build/bdist.linux-x86_64/wheel/./embed_optim
copying build/lib/embed_optim/evaluation_source_archive.py -> build/bdist.linux-x86_64/wheel/./embed_optim
copying build/lib/embed_optim/evaluation_utils.py -> build/bdist.linux-x86_64/wheel/./embed_optim
copying build/lib/embed_optim/primary_v3_publication_reconstruction.py -> build/bdist.linux-x86_64/wheel/./embed_optim
copying build/lib/embed_optim/temporal_short_branch.py -> build/bdist.linux-x86_64/wheel/./embed_optim
copying build/lib/embed_optim/functional_intervention_summary.py -> build/bdist.linux-x86_64/wheel/./embed_optim
copying build/lib/embed_optim/tail_stability.py -> build/bdist.linux-x86_64/wheel/./embed_optim
copying build/lib/embed_optim/primary_v3_publication.py -> build/bdist.linux-x86_64/wheel/./embed_optim
copying build/lib/embed_optim/gradient_probe.py -> build/bdist.linux-x86_64/wheel/./embed_optim
copying build/lib/embed_optim/spectral_transplant.py -> build/bdist.linux-x86_64/wheel/./embed_optim
copying build/lib/embed_optim/primary_v3_exact_publication_contract.py -> build/bdist.linux-x86_64/wheel/./embed_optim
copying build/lib/embed_optim/local_global_reversal.py -> build/bdist.linux-x86_64/wheel/./embed_optim
copying build/lib/embed_optim/factorial_v3_factory.py -> build/bdist.linux-x86_64/wheel/./embed_optim
copying build/lib/embed_optim/hybrid_control.py -> build/bdist.linux-x86_64/wheel/./embed_optim
copying build/lib/embed_optim/candidate_breadth_data.py -> build/bdist.linux-x86_64/wheel/./embed_optim
copying build/lib/embed_optim/paper_audit.py -> build/bdist.linux-x86_64/wheel/./embed_optim
copying build/lib/embed_optim/primary_v3_validation_io.py -> build/bdist.linux-x86_64/wheel/./embed_optim
copying build/lib/embed_optim/primary_v3_completion.py -> build/bdist.linux-x86_64/wheel/./embed_optim
copying build/lib/embed_optim/representation_geometry.py -> build/bdist.linux-x86_64/wheel/./embed_optim
copying build/lib/embed_optim/state_operator_factorial.py -> build/bdist.linux-x86_64/wheel/./embed_optim
copying build/lib/embed_optim/primary_geometry_kernels.py -> build/bdist.linux-x86_64/wheel/./embed_optim
copying build/lib/embed_optim/state_operator_factorial_evaluation.py -> build/bdist.linux-x86_64/wheel/./embed_optim
copying build/lib/embed_optim/factorial_v3_bound_trainer.py -> build/bdist.linux-x86_64/wheel/./embed_optim
copying build/lib/embed_optim/factorial_v3_run_contract.py -> build/bdist.linux-x86_64/wheel/./embed_optim
copying build/lib/embed_optim/gpu_lease.py -> build/bdist.linux-x86_64/wheel/./embed_optim
copying build/lib/embed_optim/primary_training.py -> build/bdist.linux-x86_64/wheel/./embed_optim
copying build/lib/embed_optim/validation_matrix.py -> build/bdist.linux-x86_64/wheel/./embed_optim
copying build/lib/embed_optim/state_operator_factorial_summary.py -> build/bdist.linux-x86_64/wheel/./embed_optim
copying build/lib/embed_optim/primary_v3_publication_bridge.py -> build/bdist.linux-x86_64/wheel/./embed_optim
copying build/lib/embed_optim/validation_data.py -> build/bdist.linux-x86_64/wheel/./embed_optim
copying build/lib/embed_optim/__init__.py -> build/bdist.linux-x86_64/wheel/./embed_optim
copying build/lib/embed_optim/primary_v3_exact_reconstruction_archive.py -> build/bdist.linux-x86_64/wheel/./embed_optim
copying build/lib/embed_optim/completion_backup_contract_migration.py -> build/bdist.linux-x86_64/wheel/./embed_optim
copying build/lib/embed_optim/functional_intervention_matrix.py -> build/bdist.linux-x86_64/wheel/./embed_optim
copying build/lib/embed_optim/primary_v3_training.py -> build/bdist.linux-x86_64/wheel/./embed_optim
copying build/lib/embed_optim/state_operator_factorial_probe.py -> build/bdist.linux-x86_64/wheel/./embed_optim
copying build/lib/embed_optim/matrix.py -> build/bdist.linux-x86_64/wheel/./embed_optim
copying build/lib/embed_optim/primary_contract.py -> build/bdist.linux-x86_64/wheel/./embed_optim
copying build/lib/embed_optim/candidate_breadth_publication.py -> build/bdist.linux-x86_64/wheel/./embed_optim
copying build/lib/embed_optim/corrected_validation_matrix.py -> build/bdist.linux-x86_64/wheel/./embed_optim
copying build/lib/embed_optim/validation_summary.py -> build/bdist.linux-x86_64/wheel/./embed_optim
copying build/lib/embed_optim/corrected_beir_evaluation.py -> build/bdist.linux-x86_64/wheel/./embed_optim
copying build/lib/embed_optim/evaluation_progress.py -> build/bdist.linux-x86_64/wheel/./embed_optim
copying build/lib/embed_optim/corrected_publication.py -> build/bdist.linux-x86_64/wheel/./embed_optim
copying build/lib/embed_optim/dense_finalization_pipeline.py -> build/bdist.linux-x86_64/wheel/./embed_optim
copying build/lib/embed_optim/primary_geometry_reductions.py -> build/bdist.linux-x86_64/wheel/./embed_optim
copying build/lib/embed_optim/dimension_interventions.py -> build/bdist.linux-x86_64/wheel/./embed_optim
copying build/lib/embed_optim/dense_eval_handoff.py -> build/bdist.linux-x86_64/wheel/./embed_optim
copying build/lib/embed_optim/functional_intervention.py -> build/bdist.linux-x86_64/wheel/./embed_optim
copying build/lib/embed_optim/confirmatory_summary.py -> build/bdist.linux-x86_64/wheel/./embed_optim
copying build/lib/embed_optim/paper_results.py -> build/bdist.linux-x86_64/wheel/./embed_optim
copying build/lib/embed_optim/evaluate_matrix.py -> build/bdist.linux-x86_64/wheel/./embed_optim
copying build/lib/embed_optim/dense_retrieval_dynamics_publication.py -> build/bdist.linux-x86_64/wheel/./embed_optim
copying build/lib/embed_optim/matrix_handoff_guard.py -> build/bdist.linux-x86_64/wheel/./embed_optim
copying build/lib/embed_optim/collators.py -> build/bdist.linux-x86_64/wheel/./embed_optim
copying build/lib/embed_optim/geometry.py -> build/bdist.linux-x86_64/wheel/./embed_optim
copying build/lib/embed_optim/primary_io.py -> build/bdist.linux-x86_64/wheel/./embed_optim
copying build/lib/embed_optim/state_operator_factorial_training.py -> build/bdist.linux-x86_64/wheel/./embed_optim
copying build/lib/embed_optim/wandb_dense_provenance_audit.py -> build/bdist.linux-x86_64/wheel/./embed_optim
copying build/lib/embed_optim/primary_v3_vector_reconstruction.py -> build/bdist.linux-x86_64/wheel/./embed_optim
copying build/lib/embed_optim/bridge_named_features.py -> build/bdist.linux-x86_64/wheel/./embed_optim
copying build/lib/embed_optim/primary_v3_joint_reconstruction.py -> build/bdist.linux-x86_64/wheel/./embed_optim
copying build/lib/embed_optim/primary_v3_exact_publication.py -> build/bdist.linux-x86_64/wheel/./embed_optim
copying build/lib/embed_optim/confirmatory_evaluation.py -> build/bdist.linux-x86_64/wheel/./embed_optim
copying build/lib/embed_optim/mechanism_report.py -> build/bdist.linux-x86_64/wheel/./embed_optim
copying build/lib/embed_optim/corrected_completion_pipeline.py -> build/bdist.linux-x86_64/wheel/./embed_optim
copying build/lib/embed_optim/factorial_v3_inputs.py -> build/bdist.linux-x86_64/wheel/./embed_optim
copying build/lib/embed_optim/primary_dimension_probe.py -> build/bdist.linux-x86_64/wheel/./embed_optim
copying build/lib/embed_optim/geometry_robustness.py -> build/bdist.linux-x86_64/wheel/./embed_optim
copying build/lib/embed_optim/distribution_audit.py -> build/bdist.linux-x86_64/wheel/./embed_optim
copying build/lib/embed_optim/corrected_input_execution.py -> build/bdist.linux-x86_64/wheel/./embed_optim
copying build/lib/embed_optim/supplemental_training_audit.py -> build/bdist.linux-x86_64/wheel/./embed_optim
copying build/lib/embed_optim/config.py -> build/bdist.linux-x86_64/wheel/./embed_optim
copying build/lib/embed_optim/primary_v3_manuscript_build.py -> build/bdist.linux-x86_64/wheel/./embed_optim
copying build/lib/embed_optim/outcome_report.py -> build/bdist.linux-x86_64/wheel/./embed_optim
copying build/lib/embed_optim/primary_v3_contract.py -> build/bdist.linux-x86_64/wheel/./embed_optim
copying build/lib/embed_optim/three_regime_diagnostic.py -> build/bdist.linux-x86_64/wheel/./embed_optim
copying build/lib/embed_optim/factorial_v3_checkpoint.py -> build/bdist.linux-x86_64/wheel/./embed_optim
copying build/lib/embed_optim/corrected_execution_sensitivity.py -> build/bdist.linux-x86_64/wheel/./embed_optim
copying build/lib/embed_optim/primary_v3_outcomes.py -> build/bdist.linux-x86_64/wheel/./embed_optim
copying build/lib/embed_optim/scope.py -> build/bdist.linux-x86_64/wheel/./embed_optim
copying build/lib/embed_optim/paper_layout.py -> build/bdist.linux-x86_64/wheel/./embed_optim
copying build/lib/embed_optim/primary_weight_entries.py -> build/bdist.linux-x86_64/wheel/./embed_optim
copying build/lib/embed_optim/primary_v3_dimension_contract.py -> build/bdist.linux-x86_64/wheel/./embed_optim
copying build/lib/embed_optim/basis_sensitivity.py -> build/bdist.linux-x86_64/wheel/./embed_optim
copying build/lib/embed_optim/corpus_size_diagnostic.py -> build/bdist.linux-x86_64/wheel/./embed_optim
copying build/lib/embed_optim/primary_v3_publication_contract.py -> build/bdist.linux-x86_64/wheel/./embed_optim
copying build/lib/embed_optim/primary_v3_geometry_primitives.py -> build/bdist.linux-x86_64/wheel/./embed_optim
copying build/lib/embed_optim/state_operator_factorial_contract.py -> build/bdist.linux-x86_64/wheel/./embed_optim
copying build/lib/embed_optim/corrected_wandb_audit.py -> build/bdist.linux-x86_64/wheel/./embed_optim
copying build/lib/embed_optim/training_dynamics.py -> build/bdist.linux-x86_64/wheel/./embed_optim
copying build/lib/embed_optim/wandb_sync.py -> build/bdist.linux-x86_64/wheel/./embed_optim
copying build/lib/embed_optim/geometry_summary.py -> build/bdist.linux-x86_64/wheel/./embed_optim
copying build/lib/embed_optim/artifact_inventory.py -> build/bdist.linux-x86_64/wheel/./embed_optim
running install_data
creating build/bdist.linux-x86_64/wheel/embedding_optimizer_study-0.1.0.data/data
creating build/bdist.linux-x86_64/wheel/embedding_optimizer_study-0.1.0.data/data/share/embedding-optimizer-study/configs
copying configs/candidate_breadth_probe.json -> build/bdist.linux-x86_64/wheel/embedding_optimizer_study-0.1.0.data/data/share/embedding-optimizer-study/configs
copying configs/corpus_size_diagnostic.json -> build/bdist.linux-x86_64/wheel/embedding_optimizer_study-0.1.0.data/data/share/embedding-optimizer-study/configs
copying configs/three_regime_diagnostic.json -> build/bdist.linux-x86_64/wheel/embedding_optimizer_study-0.1.0.data/data/share/embedding-optimizer-study/configs
copying configs/beir_representation_probe.json -> build/bdist.linux-x86_64/wheel/embedding_optimizer_study-0.1.0.data/data/share/embedding-optimizer-study/configs
copying configs/basis_sensitivity.json -> build/bdist.linux-x86_64/wheel/embedding_optimizer_study-0.1.0.data/data/share/embedding-optimizer-study/configs
copying configs/causal_chain_analysis.json -> build/bdist.linux-x86_64/wheel/embedding_optimizer_study-0.1.0.data/data/share/embedding-optimizer-study/configs
copying configs/experiment.yaml -> build/bdist.linux-x86_64/wheel/embedding_optimizer_study-0.1.0.data/data/share/embedding-optimizer-study/configs
copying configs/common_state_probe.json -> build/bdist.linux-x86_64/wheel/embedding_optimizer_study-0.1.0.data/data/share/embedding-optimizer-study/configs
copying configs/common_state_spectrum_probe.json -> build/bdist.linux-x86_64/wheel/embedding_optimizer_study-0.1.0.data/data/share/embedding-optimizer-study/configs
copying configs/confirmatory_protocol.json -> build/bdist.linux-x86_64/wheel/embedding_optimizer_study-0.1.0.data/data/share/embedding-optimizer-study/configs
copying configs/dense_scope_amendment.json -> build/bdist.linux-x86_64/wheel/embedding_optimizer_study-0.1.0.data/data/share/embedding-optimizer-study/configs
copying configs/dense_primary_v2_protocol.json -> build/bdist.linux-x86_64/wheel/embedding_optimizer_study-0.1.0.data/data/share/embedding-optimizer-study/configs
copying configs/dense_primary_v3_protocol.json -> build/bdist.linux-x86_64/wheel/embedding_optimizer_study-0.1.0.data/data/share/embedding-optimizer-study/configs
copying configs/dense_primary_v3_data_amendment.json -> build/bdist.linux-x86_64/wheel/embedding_optimizer_study-0.1.0.data/data/share/embedding-optimizer-study/configs
copying configs/dense_primary_v3_validation_protocol.json -> build/bdist.linux-x86_64/wheel/embedding_optimizer_study-0.1.0.data/data/share/embedding-optimizer-study/configs
copying configs/dense_primary_v3_outcome_protocol.json -> build/bdist.linux-x86_64/wheel/embedding_optimizer_study-0.1.0.data/data/share/embedding-optimizer-study/configs
copying configs/dense_primary_v3_outcome_protocol_v2.json -> build/bdist.linux-x86_64/wheel/embedding_optimizer_study-0.1.0.data/data/share/embedding-optimizer-study/configs
copying configs/dense_primary_v3_geometry_protocol.json -> build/bdist.linux-x86_64/wheel/embedding_optimizer_study-0.1.0.data/data/share/embedding-optimizer-study/configs
copying configs/dense_primary_v3_geometry_protocol_v2.json -> build/bdist.linux-x86_64/wheel/embedding_optimizer_study-0.1.0.data/data/share/embedding-optimizer-study/configs
copying configs/dense_primary_v3_exact_geometry_protocol.json -> build/bdist.linux-x86_64/wheel/embedding_optimizer_study-0.1.0.data/data/share/embedding-optimizer-study/configs
copying configs/dense_primary_v3_bridge_protocol.json -> build/bdist.linux-x86_64/wheel/embedding_optimizer_study-0.1.0.data/data/share/embedding-optimizer-study/configs
copying configs/dense_primary_v3_exact_bridge_protocol.json -> build/bdist.linux-x86_64/wheel/embedding_optimizer_study-0.1.0.data/data/share/embedding-optimizer-study/configs
copying configs/dense_primary_v3_dimensions_protocol.json -> build/bdist.linux-x86_64/wheel/embedding_optimizer_study-0.1.0.data/data/share/embedding-optimizer-study/configs
copying configs/dense_primary_v3_dimension_inference_protocol.json -> build/bdist.linux-x86_64/wheel/embedding_optimizer_study-0.1.0.data/data/share/embedding-optimizer-study/configs
copying configs/dense_primary_v3_publication_protocol.json -> build/bdist.linux-x86_64/wheel/embedding_optimizer_study-0.1.0.data/data/share/embedding-optimizer-study/configs
copying configs/dense_primary_v3_exact_publication_protocol.json -> build/bdist.linux-x86_64/wheel/embedding_optimizer_study-0.1.0.data/data/share/embedding-optimizer-study/configs
copying configs/dense_weight_entry_measurement_amendment.json -> build/bdist.linux-x86_64/wheel/embedding_optimizer_study-0.1.0.data/data/share/embedding-optimizer-study/configs
copying configs/dense_no_packing_retrain.yaml -> build/bdist.linux-x86_64/wheel/embedding_optimizer_study-0.1.0.data/data/share/embedding-optimizer-study/configs
copying configs/dense_dimension_utilization_protocol.json -> build/bdist.linux-x86_64/wheel/embedding_optimizer_study-0.1.0.data/data/share/embedding-optimizer-study/configs
copying configs/dense_primary_dimension_export_protocol.json -> build/bdist.linux-x86_64/wheel/embedding_optimizer_study-0.1.0.data/data/share/embedding-optimizer-study/configs
copying configs/dense_primary_dimension_handoff_protocol.json -> build/bdist.linux-x86_64/wheel/embedding_optimizer_study-0.1.0.data/data/share/embedding-optimizer-study/configs
copying configs/dense_primary_dimension_archive_protocol.json -> build/bdist.linux-x86_64/wheel/embedding_optimizer_study-0.1.0.data/data/share/embedding-optimizer-study/configs
copying configs/dense_no_packing_preflight.yaml -> build/bdist.linux-x86_64/wheel/embedding_optimizer_study-0.1.0.data/data/share/embedding-optimizer-study/configs
copying configs/dense_no_packing_preflight_protocol.json -> build/bdist.linux-x86_64/wheel/embedding_optimizer_study-0.1.0.data/data/share/embedding-optimizer-study/configs
copying configs/dense_no_packing_execution_protocol.json -> build/bdist.linux-x86_64/wheel/embedding_optimizer_study-0.1.0.data/data/share/embedding-optimizer-study/configs
copying configs/dense_no_packing_completion_contract_migration.json -> build/bdist.linux-x86_64/wheel/embedding_optimizer_study-0.1.0.data/data/share/embedding-optimizer-study/configs
copying configs/dense_no_packing_backup_provenance_migration.json -> build/bdist.linux-x86_64/wheel/embedding_optimizer_study-0.1.0.data/data/share/embedding-optimizer-study/configs
copying configs/dense_no_packing_publication_layout_migration.json -> build/bdist.linux-x86_64/wheel/embedding_optimizer_study-0.1.0.data/data/share/embedding-optimizer-study/configs
copying configs/dense_no_packing_publication_narrative_migration.json -> build/bdist.linux-x86_64/wheel/embedding_optimizer_study-0.1.0.data/data/share/embedding-optimizer-study/configs
copying configs/dense_no_packing_matrix_handoff_guard.json -> build/bdist.linux-x86_64/wheel/embedding_optimizer_study-0.1.0.data/data/share/embedding-optimizer-study/configs
copying configs/dense_no_packing_evaluation_protocol.json -> build/bdist.linux-x86_64/wheel/embedding_optimizer_study-0.1.0.data/data/share/embedding-optimizer-study/configs
copying configs/dense_no_packing_analysis_protocol.json -> build/bdist.linux-x86_64/wheel/embedding_optimizer_study-0.1.0.data/data/share/embedding-optimizer-study/configs
copying configs/dense_no_packing_state_operator_factorial_protocol.json -> build/bdist.linux-x86_64/wheel/embedding_optimizer_study-0.1.0.data/data/share/embedding-optimizer-study/configs
copying configs/dense_no_packing_state_operator_claim_wording_amendment.json -> build/bdist.linux-x86_64/wheel/embedding_optimizer_study-0.1.0.data/data/share/embedding-optimizer-study/configs
copying configs/dense_no_packing_state_operator_factorial_implementation_protocol.json -> build/bdist.linux-x86_64/wheel/embedding_optimizer_study-0.1.0.data/data/share/embedding-optimizer-study/configs
copying configs/dense_no_packing_state_operator_abstract_compliance_migration.json -> build/bdist.linux-x86_64/wheel/embedding_optimizer_study-0.1.0.data/data/share/embedding-optimizer-study/configs
copying configs/dense_no_packing_state_operator_weight_space_narrative_migration.json -> build/bdist.linux-x86_64/wheel/embedding_optimizer_study-0.1.0.data/data/share/embedding-optimizer-study/configs
copying configs/dense_no_packing_state_operator_factorial_publication_protocol.json -> build/bdist.linux-x86_64/wheel/embedding_optimizer_study-0.1.0.data/data/share/embedding-optimizer-study/configs
copying configs/dense_no_packing_state_operator_factorial_completion_protocol.json -> build/bdist.linux-x86_64/wheel/embedding_optimizer_study-0.1.0.data/data/share/embedding-optimizer-study/configs
copying configs/dense_no_packing_outcome_protocol.json -> build/bdist.linux-x86_64/wheel/embedding_optimizer_study-0.1.0.data/data/share/embedding-optimizer-study/configs
copying configs/dense_no_packing_bridge_implementation_protocol.json -> build/bdist.linux-x86_64/wheel/embedding_optimizer_study-0.1.0.data/data/share/embedding-optimizer-study/configs
copying configs/dense_no_packing_bridge_implementation_protocol_v2.json -> build/bdist.linux-x86_64/wheel/embedding_optimizer_study-0.1.0.data/data/share/embedding-optimizer-study/configs
copying configs/dense_no_packing_sensitivity_implementation_protocol.json -> build/bdist.linux-x86_64/wheel/embedding_optimizer_study-0.1.0.data/data/share/embedding-optimizer-study/configs
copying configs/dense_no_packing_publication_protocol.json -> build/bdist.linux-x86_64/wheel/embedding_optimizer_study-0.1.0.data/data/share/embedding-optimizer-study/configs
copying configs/dense_retrieval_dynamics_extension.json -> build/bdist.linux-x86_64/wheel/embedding_optimizer_study-0.1.0.data/data/share/embedding-optimizer-study/configs
copying configs/dense_training_queue.json -> build/bdist.linux-x86_64/wheel/embedding_optimizer_study-0.1.0.data/data/share/embedding-optimizer-study/configs
copying configs/functional_intervention.json -> build/bdist.linux-x86_64/wheel/embedding_optimizer_study-0.1.0.data/data/share/embedding-optimizer-study/configs
copying configs/formal_runtime.json -> build/bdist.linux-x86_64/wheel/embedding_optimizer_study-0.1.0.data/data/share/embedding-optimizer-study/configs
copying configs/formal_runtime_constraints.txt -> build/bdist.linux-x86_64/wheel/embedding_optimizer_study-0.1.0.data/data/share/embedding-optimizer-study/configs
copying configs/hybrid_adamw_control.json -> build/bdist.linux-x86_64/wheel/embedding_optimizer_study-0.1.0.data/data/share/embedding-optimizer-study/configs
copying configs/hybrid_adamw.yaml -> build/bdist.linux-x86_64/wheel/embedding_optimizer_study-0.1.0.data/data/share/embedding-optimizer-study/configs
copying configs/local_global_reversal.json -> build/bdist.linux-x86_64/wheel/embedding_optimizer_study-0.1.0.data/data/share/embedding-optimizer-study/configs
copying configs/loss_retrieval_diagnostic.json -> build/bdist.linux-x86_64/wheel/embedding_optimizer_study-0.1.0.data/data/share/embedding-optimizer-study/configs
copying configs/mechanism_analysis_integration.json -> build/bdist.linux-x86_64/wheel/embedding_optimizer_study-0.1.0.data/data/share/embedding-optimizer-study/configs
copying configs/tail_stability_analysis.json -> build/bdist.linux-x86_64/wheel/embedding_optimizer_study-0.1.0.data/data/share/embedding-optimizer-study/configs
copying configs/spectral_transplant_intervention.json -> build/bdist.linux-x86_64/wheel/embedding_optimizer_study-0.1.0.data/data/share/embedding-optimizer-study/configs
copying configs/paper_claim_protocol.json -> build/bdist.linux-x86_64/wheel/embedding_optimizer_study-0.1.0.data/data/share/embedding-optimizer-study/configs
copying configs/portable_paper_evidence.json -> build/bdist.linux-x86_64/wheel/embedding_optimizer_study-0.1.0.data/data/share/embedding-optimizer-study/configs
copying configs/representation_probe.json -> build/bdist.linux-x86_64/wheel/embedding_optimizer_study-0.1.0.data/data/share/embedding-optimizer-study/configs
copying configs/retrieval_dynamics_protocol.json -> build/bdist.linux-x86_64/wheel/embedding_optimizer_study-0.1.0.data/data/share/embedding-optimizer-study/configs
copying configs/short_branch_protocol.json -> build/bdist.linux-x86_64/wheel/embedding_optimizer_study-0.1.0.data/data/share/embedding-optimizer-study/configs
copying configs/smoke.yaml -> build/bdist.linux-x86_64/wheel/embedding_optimizer_study-0.1.0.data/data/share/embedding-optimizer-study/configs
copying configs/stress.yaml -> build/bdist.linux-x86_64/wheel/embedding_optimizer_study-0.1.0.data/data/share/embedding-optimizer-study/configs
copying configs/training_data_contract.json -> build/bdist.linux-x86_64/wheel/embedding_optimizer_study-0.1.0.data/data/share/embedding-optimizer-study/configs
copying configs/validation_probe.json -> build/bdist.linux-x86_64/wheel/embedding_optimizer_study-0.1.0.data/data/share/embedding-optimizer-study/configs
creating build/bdist.linux-x86_64/wheel/embedding_optimizer_study-0.1.0.data/data/share/embedding-optimizer-study/configs/generated/confirmatory
copying configs/generated/confirmatory/seed161803.yaml -> build/bdist.linux-x86_64/wheel/embedding_optimizer_study-0.1.0.data/data/share/embedding-optimizer-study/configs/generated/confirmatory
copying configs/generated/confirmatory/seed271828.yaml -> build/bdist.linux-x86_64/wheel/embedding_optimizer_study-0.1.0.data/data/share/embedding-optimizer-study/configs/generated/confirmatory
copying configs/generated/confirmatory/seed314159.yaml -> build/bdist.linux-x86_64/wheel/embedding_optimizer_study-0.1.0.data/data/share/embedding-optimizer-study/configs/generated/confirmatory
creating build/bdist.linux-x86_64/wheel/embedding_optimizer_study-0.1.0.data/data/share/embedding-optimizer-study/configs/generated/short-branch
copying configs/generated/short-branch/seed161803.yaml -> build/bdist.linux-x86_64/wheel/embedding_optimizer_study-0.1.0.data/data/share/embedding-optimizer-study/configs/generated/short-branch
copying configs/generated/short-branch/seed271828.yaml -> build/bdist.linux-x86_64/wheel/embedding_optimizer_study-0.1.0.data/data/share/embedding-optimizer-study/configs/generated/short-branch
copying configs/generated/short-branch/seed314159.yaml -> build/bdist.linux-x86_64/wheel/embedding_optimizer_study-0.1.0.data/data/share/embedding-optimizer-study/configs/generated/short-branch
creating build/bdist.linux-x86_64/wheel/embedding_optimizer_study-0.1.0.data/data/share/embedding-optimizer-study/scripts/eval
copying scripts/eval/dense_no_packing_parallel.py -> build/bdist.linux-x86_64/wheel/embedding_optimizer_study-0.1.0.data/data/share/embedding-optimizer-study/scripts/eval
copying scripts/eval/dense_parallel.py -> build/bdist.linux-x86_64/wheel/embedding_optimizer_study-0.1.0.data/data/share/embedding-optimizer-study/scripts/eval
copying scripts/eval/dense_sequential.py -> build/bdist.linux-x86_64/wheel/embedding_optimizer_study-0.1.0.data/data/share/embedding-optimizer-study/scripts/eval
copying scripts/restore_primary_v3.py -> build/bdist.linux-x86_64/wheel/embedding_optimizer_study-0.1.0.data/data/share/embedding-optimizer-study/scripts
copying scripts/restore_functional_analysis.py -> build/bdist.linux-x86_64/wheel/embedding_optimizer_study-0.1.0.data/data/share/embedding-optimizer-study/scripts
copying scripts/restore_factorial_probes.py -> build/bdist.linux-x86_64/wheel/embedding_optimizer_study-0.1.0.data/data/share/embedding-optimizer-study/scripts
copying AGENTS.md -> build/bdist.linux-x86_64/wheel/embedding_optimizer_study-0.1.0.data/data/share/embedding-optimizer-study
copying CITATION.cff -> build/bdist.linux-x86_64/wheel/embedding_optimizer_study-0.1.0.data/data/share/embedding-optimizer-study
copying CODE_OF_CONDUCT.md -> build/bdist.linux-x86_64/wheel/embedding_optimizer_study-0.1.0.data/data/share/embedding-optimizer-study
copying CONTRIBUTING.md -> build/bdist.linux-x86_64/wheel/embedding_optimizer_study-0.1.0.data/data/share/embedding-optimizer-study
copying CURRENT_EXPERIMENT.md -> build/bdist.linux-x86_64/wheel/embedding_optimizer_study-0.1.0.data/data/share/embedding-optimizer-study
copying CURRENT_PROGRESS.json -> build/bdist.linux-x86_64/wheel/embedding_optimizer_study-0.1.0.data/data/share/embedding-optimizer-study
copying PROJECT_STATUS.md -> build/bdist.linux-x86_64/wheel/embedding_optimizer_study-0.1.0.data/data/share/embedding-optimizer-study
copying requirements-formal.lock -> build/bdist.linux-x86_64/wheel/embedding_optimizer_study-0.1.0.data/data/share/embedding-optimizer-study
copying requirements-formal-flash.txt -> build/bdist.linux-x86_64/wheel/embedding_optimizer_study-0.1.0.data/data/share/embedding-optimizer-study
copying SECURITY.md -> build/bdist.linux-x86_64/wheel/embedding_optimizer_study-0.1.0.data/data/share/embedding-optimizer-study
copying THIRD_PARTY_NOTICES.md -> build/bdist.linux-x86_64/wheel/embedding_optimizer_study-0.1.0.data/data/share/embedding-optimizer-study
creating build/bdist.linux-x86_64/wheel/embedding_optimizer_study-0.1.0.data/data/share/embedding-optimizer-study/docs
copying docs/checkpoint-restoration.md -> build/bdist.linux-x86_64/wheel/embedding_optimizer_study-0.1.0.data/data/share/embedding-optimizer-study/docs
copying docs/continuation-probe-restoration.md -> build/bdist.linux-x86_64/wheel/embedding_optimizer_study-0.1.0.data/data/share/embedding-optimizer-study/docs
copying docs/endpoint-statistics-restoration.md -> build/bdist.linux-x86_64/wheel/embedding_optimizer_study-0.1.0.data/data/share/embedding-optimizer-study/docs
copying docs/evaluation-analysis-restoration.md -> build/bdist.linux-x86_64/wheel/embedding_optimizer_study-0.1.0.data/data/share/embedding-optimizer-study/docs
copying docs/first-stage-evaluation-restoration.md -> build/bdist.linux-x86_64/wheel/embedding_optimizer_study-0.1.0.data/data/share/embedding-optimizer-study/docs
copying docs/fourth-stage-evaluation-restoration.md -> build/bdist.linux-x86_64/wheel/embedding_optimizer_study-0.1.0.data/data/share/embedding-optimizer-study/docs
copying docs/fourth-stage-pool-b-evaluation-restoration.md -> build/bdist.linux-x86_64/wheel/embedding_optimizer_study-0.1.0.data/data/share/embedding-optimizer-study/docs
copying docs/functional-analysis-restoration.md -> build/bdist.linux-x86_64/wheel/embedding_optimizer_study-0.1.0.data/data/share/embedding-optimizer-study/docs
copying docs/paper-results-reproduction.md -> build/bdist.linux-x86_64/wheel/embedding_optimizer_study-0.1.0.data/data/share/embedding-optimizer-study/docs
copying docs/predictor-analysis-restoration.md -> build/bdist.linux-x86_64/wheel/embedding_optimizer_study-0.1.0.data/data/share/embedding-optimizer-study/docs
copying docs/pretrained-vector-restoration.md -> build/bdist.linux-x86_64/wheel/embedding_optimizer_study-0.1.0.data/data/share/embedding-optimizer-study/docs
copying docs/retrieval-trajectories-restoration.md -> build/bdist.linux-x86_64/wheel/embedding_optimizer_study-0.1.0.data/data/share/embedding-optimizer-study/docs
copying docs/second-stage-evaluation-restoration.md -> build/bdist.linux-x86_64/wheel/embedding_optimizer_study-0.1.0.data/data/share/embedding-optimizer-study/docs
copying docs/second-stage-pool-b-evaluation-restoration.md -> build/bdist.linux-x86_64/wheel/embedding_optimizer_study-0.1.0.data/data/share/embedding-optimizer-study/docs
copying docs/third-stage-evaluation-restoration.md -> build/bdist.linux-x86_64/wheel/embedding_optimizer_study-0.1.0.data/data/share/embedding-optimizer-study/docs
copying docs/third-stage-pool-b-evaluation-restoration.md -> build/bdist.linux-x86_64/wheel/embedding_optimizer_study-0.1.0.data/data/share/embedding-optimizer-study/docs
copying docs/training-analysis-restoration.md -> build/bdist.linux-x86_64/wheel/embedding_optimizer_study-0.1.0.data/data/share/embedding-optimizer-study/docs
copying docs/training-completion-evidence-restoration.md -> build/bdist.linux-x86_64/wheel/embedding_optimizer_study-0.1.0.data/data/share/embedding-optimizer-study/docs
copying docs/weight-analysis-restoration.md -> build/bdist.linux-x86_64/wheel/embedding_optimizer_study-0.1.0.data/data/share/embedding-optimizer-study/docs
copying docs/completion-gates.md -> build/bdist.linux-x86_64/wheel/embedding_optimizer_study-0.1.0.data/data/share/embedding-optimizer-study/docs
copying docs/dense-eval-handoff.md -> build/bdist.linux-x86_64/wheel/embedding_optimizer_study-0.1.0.data/data/share/embedding-optimizer-study/docs
copying docs/dense-no-packing-retrain.md -> build/bdist.linux-x86_64/wheel/embedding_optimizer_study-0.1.0.data/data/share/embedding-optimizer-study/docs
copying docs/naacl-dense-paper-plan.md -> build/bdist.linux-x86_64/wheel/embedding_optimizer_study-0.1.0.data/data/share/embedding-optimizer-study/docs
copying docs/naacl-paper-plan.md -> build/bdist.linux-x86_64/wheel/embedding_optimizer_study-0.1.0.data/data/share/embedding-optimizer-study/docs
copying docs/state-operator-factorial.md -> build/bdist.linux-x86_64/wheel/embedding_optimizer_study-0.1.0.data/data/share/embedding-optimizer-study/docs
creating build/bdist.linux-x86_64/wheel/embedding_optimizer_study-0.1.0.data/data/share/embedding-optimizer-study/paper
copying paper/Makefile -> build/bdist.linux-x86_64/wheel/embedding_optimizer_study-0.1.0.data/data/share/embedding-optimizer-study/paper
copying paper/README.md -> build/bdist.linux-x86_64/wheel/embedding_optimizer_study-0.1.0.data/data/share/embedding-optimizer-study/paper
copying paper/main.tex -> build/bdist.linux-x86_64/wheel/embedding_optimizer_study-0.1.0.data/data/share/embedding-optimizer-study/paper
copying paper/references.bib -> build/bdist.linux-x86_64/wheel/embedding_optimizer_study-0.1.0.data/data/share/embedding-optimizer-study/paper
copying paper/results.tex -> build/bdist.linux-x86_64/wheel/embedding_optimizer_study-0.1.0.data/data/share/embedding-optimizer-study/paper
creating build/bdist.linux-x86_64/wheel/embedding_optimizer_study-0.1.0.data/data/share/embedding-optimizer-study/paper/generated
copying paper/generated/optimizer-primary.tex -> build/bdist.linux-x86_64/wheel/embedding_optimizer_study-0.1.0.data/data/share/embedding-optimizer-study/paper/generated
copying paper/generated/dimension-utilization.tex -> build/bdist.linux-x86_64/wheel/embedding_optimizer_study-0.1.0.data/data/share/embedding-optimizer-study/paper/generated
copying paper/generated/state-operator-factorial.tex -> build/bdist.linux-x86_64/wheel/embedding_optimizer_study-0.1.0.data/data/share/embedding-optimizer-study/paper/generated
creating build/bdist.linux-x86_64/wheel/embedding_optimizer_study-0.1.0.data/data/share/embedding-optimizer-study/reports/state-operator-factorial
copying reports/state-operator-factorial/abstract-compliance-runtime-migration.json -> build/bdist.linux-x86_64/wheel/embedding_optimizer_study-0.1.0.data/data/share/embedding-optimizer-study/reports/state-operator-factorial
creating build/bdist.linux-x86_64/wheel/embedding_optimizer_study-0.1.0.data/data/share/embedding-optimizer-study/reports/candidate-breadth
copying reports/candidate-breadth/calibration_by_width.csv -> build/bdist.linux-x86_64/wheel/embedding_optimizer_study-0.1.0.data/data/share/embedding-optimizer-study/reports/candidate-breadth
copying reports/candidate-breadth/high_dose_contrasts.csv -> build/bdist.linux-x86_64/wheel/embedding_optimizer_study-0.1.0.data/data/share/embedding-optimizer-study/reports/candidate-breadth
copying reports/candidate-breadth/data-audit.json -> build/bdist.linux-x86_64/wheel/embedding_optimizer_study-0.1.0.data/data/share/embedding-optimizer-study/reports/candidate-breadth
copying reports/candidate-breadth/packing_invariance.json -> build/bdist.linux-x86_64/wheel/embedding_optimizer_study-0.1.0.data/data/share/embedding-optimizer-study/reports/candidate-breadth
copying reports/candidate-breadth/publication_manifest.json -> build/bdist.linux-x86_64/wheel/embedding_optimizer_study-0.1.0.data/data/share/embedding-optimizer-study/reports/candidate-breadth
copying reports/candidate-breadth/summary.json -> build/bdist.linux-x86_64/wheel/embedding_optimizer_study-0.1.0.data/data/share/embedding-optimizer-study/reports/candidate-breadth
copying reports/candidate-breadth/candidate_breadth_calibration.pdf -> build/bdist.linux-x86_64/wheel/embedding_optimizer_study-0.1.0.data/data/share/embedding-optimizer-study/reports/candidate-breadth
copying reports/candidate-breadth/candidate_breadth_calibration.svg -> build/bdist.linux-x86_64/wheel/embedding_optimizer_study-0.1.0.data/data/share/embedding-optimizer-study/reports/candidate-breadth
creating build/bdist.linux-x86_64/wheel/embedding_optimizer_study-0.1.0.data/data/share/embedding-optimizer-study/reports/three-regime-diagnostic
copying reports/three-regime-diagnostic/high_dose_contrasts.csv -> build/bdist.linux-x86_64/wheel/embedding_optimizer_study-0.1.0.data/data/share/embedding-optimizer-study/reports/three-regime-diagnostic
copying reports/three-regime-diagnostic/run_metrics.csv -> build/bdist.linux-x86_64/wheel/embedding_optimizer_study-0.1.0.data/data/share/embedding-optimizer-study/reports/three-regime-diagnostic
copying reports/three-regime-diagnostic/summary.json -> build/bdist.linux-x86_64/wheel/embedding_optimizer_study-0.1.0.data/data/share/embedding-optimizer-study/reports/three-regime-diagnostic
copying reports/three-regime-diagnostic/summary_manifest.json -> build/bdist.linux-x86_64/wheel/embedding_optimizer_study-0.1.0.data/data/share/embedding-optimizer-study/reports/three-regime-diagnostic
copying reports/three-regime-diagnostic/README.md -> build/bdist.linux-x86_64/wheel/embedding_optimizer_study-0.1.0.data/data/share/embedding-optimizer-study/reports/three-regime-diagnostic
creating build/bdist.linux-x86_64/wheel/embedding_optimizer_study-0.1.0.data/data/share/embedding-optimizer-study/reports/weight-space
copying reports/weight-space/README.md -> build/bdist.linux-x86_64/wheel/embedding_optimizer_study-0.1.0.data/data/share/embedding-optimizer-study/reports/weight-space
copying reports/weight-space/checkpoint_trajectory.csv -> build/bdist.linux-x86_64/wheel/embedding_optimizer_study-0.1.0.data/data/share/embedding-optimizer-study/reports/weight-space
copying reports/weight-space/optimizer_geometry_phase.svg -> build/bdist.linux-x86_64/wheel/embedding_optimizer_study-0.1.0.data/data/share/embedding-optimizer-study/reports/weight-space
copying reports/weight-space/optimizer_pair_contrasts.csv -> build/bdist.linux-x86_64/wheel/embedding_optimizer_study-0.1.0.data/data/share/embedding-optimizer-study/reports/weight-space
copying reports/weight-space/optimizer_pair_contrast_trajectory.csv -> build/bdist.linux-x86_64/wheel/embedding_optimizer_study-0.1.0.data/data/share/embedding-optimizer-study/reports/weight-space
copying reports/weight-space/optimizer_pair_contrast_trajectory.svg -> build/bdist.linux-x86_64/wheel/embedding_optimizer_study-0.1.0.data/data/share/embedding-optimizer-study/reports/weight-space
copying reports/weight-space/run_trajectory_summary.csv -> build/bdist.linux-x86_64/wheel/embedding_optimizer_study-0.1.0.data/data/share/embedding-optimizer-study/reports/weight-space
copying reports/weight-space/summary_manifest.json -> build/bdist.linux-x86_64/wheel/embedding_optimizer_study-0.1.0.data/data/share/embedding-optimizer-study/reports/weight-space
creating build/bdist.linux-x86_64/wheel/embedding_optimizer_study-0.1.0.data/data/share/embedding-optimizer-study/reports/training-dynamics
copying reports/training-dynamics/optimizer_system_summary.csv -> build/bdist.linux-x86_64/wheel/embedding_optimizer_study-0.1.0.data/data/share/embedding-optimizer-study/reports/training-dynamics
copying reports/training-dynamics/plot_manifest.json -> build/bdist.linux-x86_64/wheel/embedding_optimizer_study-0.1.0.data/data/share/embedding-optimizer-study/reports/training-dynamics
copying reports/training-dynamics/run_summary.csv -> build/bdist.linux-x86_64/wheel/embedding_optimizer_study-0.1.0.data/data/share/embedding-optimizer-study/reports/training-dynamics
copying reports/training-dynamics/stage_dynamics.csv -> build/bdist.linux-x86_64/wheel/embedding_optimizer_study-0.1.0.data/data/share/embedding-optimizer-study/reports/training-dynamics
copying reports/training-dynamics/summary_manifest.json -> build/bdist.linux-x86_64/wheel/embedding_optimizer_study-0.1.0.data/data/share/embedding-optimizer-study/reports/training-dynamics
copying reports/training-dynamics/system_tradeoffs.svg -> build/bdist.linux-x86_64/wheel/embedding_optimizer_study-0.1.0.data/data/share/embedding-optimizer-study/reports/training-dynamics
copying reports/training-dynamics/training_loss_dynamics.svg -> build/bdist.linux-x86_64/wheel/embedding_optimizer_study-0.1.0.data/data/share/embedding-optimizer-study/reports/training-dynamics
creating build/bdist.linux-x86_64/wheel/embedding_optimizer_study-0.1.0.data/data/share/embedding-optimizer-study/reports/dense-discovery
copying reports/dense-discovery/best_config_dynamics.csv -> build/bdist.linux-x86_64/wheel/embedding_optimizer_study-0.1.0.data/data/share/embedding-optimizer-study/reports/dense-discovery
copying reports/dense-discovery/best_config_task_comparison.csv -> build/bdist.linux-x86_64/wheel/embedding_optimizer_study-0.1.0.data/data/share/embedding-optimizer-study/reports/dense-discovery
copying reports/dense-discovery/checkpoint_summary.csv -> build/bdist.linux-x86_64/wheel/embedding_optimizer_study-0.1.0.data/data/share/embedding-optimizer-study/reports/dense-discovery
copying reports/dense-discovery/coverage.json -> build/bdist.linux-x86_64/wheel/embedding_optimizer_study-0.1.0.data/data/share/embedding-optimizer-study/reports/dense-discovery
copying reports/dense-discovery/evaluation_long.csv -> build/bdist.linux-x86_64/wheel/embedding_optimizer_study-0.1.0.data/data/share/embedding-optimizer-study/reports/dense-discovery
copying reports/dense-discovery/optimizer_summary.csv -> build/bdist.linux-x86_64/wheel/embedding_optimizer_study-0.1.0.data/data/share/embedding-optimizer-study/reports/dense-discovery
copying reports/dense-discovery/paired_comparison.csv -> build/bdist.linux-x86_64/wheel/embedding_optimizer_study-0.1.0.data/data/share/embedding-optimizer-study/reports/dense-discovery
copying reports/dense-discovery/system_metrics.csv -> build/bdist.linux-x86_64/wheel/embedding_optimizer_study-0.1.0.data/data/share/embedding-optimizer-study/reports/dense-discovery
copying reports/dense-discovery/system_summary.csv -> build/bdist.linux-x86_64/wheel/embedding_optimizer_study-0.1.0.data/data/share/embedding-optimizer-study/reports/dense-discovery
copying reports/dense-discovery/training_history.csv -> build/bdist.linux-x86_64/wheel/embedding_optimizer_study-0.1.0.data/data/share/embedding-optimizer-study/reports/dense-discovery
creating build/bdist.linux-x86_64/wheel/embedding_optimizer_study-0.1.0.data/data/share/embedding-optimizer-study/reports/dense-discovery/figures
copying reports/dense-discovery/figures/dense-lr-sensitivity.png -> build/bdist.linux-x86_64/wheel/embedding_optimizer_study-0.1.0.data/data/share/embedding-optimizer-study/reports/dense-discovery/figures
copying reports/dense-discovery/figures/dense-training-dynamics-by-run.png -> build/bdist.linux-x86_64/wheel/embedding_optimizer_study-0.1.0.data/data/share/embedding-optimizer-study/reports/dense-discovery/figures
copying reports/dense-discovery/figures/dense-training-dynamics.png -> build/bdist.linux-x86_64/wheel/embedding_optimizer_study-0.1.0.data/data/share/embedding-optimizer-study/reports/dense-discovery/figures
creating build/bdist.linux-x86_64/wheel/embedding_optimizer_study-0.1.0.data/data/share/embedding-optimizer-study/reports/retrieval-dynamics-dense
copying reports/retrieval-dynamics-dense/best_config_task_comparison.csv -> build/bdist.linux-x86_64/wheel/embedding_optimizer_study-0.1.0.data/data/share/embedding-optimizer-study/reports/retrieval-dynamics-dense
copying reports/retrieval-dynamics-dense/best_config_task_delta_dynamics.csv -> build/bdist.linux-x86_64/wheel/embedding_optimizer_study-0.1.0.data/data/share/embedding-optimizer-study/reports/retrieval-dynamics-dense
copying reports/retrieval-dynamics-dense/checkpoint_dynamics.csv -> build/bdist.linux-x86_64/wheel/embedding_optimizer_study-0.1.0.data/data/share/embedding-optimizer-study/reports/retrieval-dynamics-dense
copying reports/retrieval-dynamics-dense/optimizer_first_passage.csv -> build/bdist.linux-x86_64/wheel/embedding_optimizer_study-0.1.0.data/data/share/embedding-optimizer-study/reports/retrieval-dynamics-dense
copying reports/retrieval-dynamics-dense/quality_vs_useful_wall_time.svg -> build/bdist.linux-x86_64/wheel/embedding_optimizer_study-0.1.0.data/data/share/embedding-optimizer-study/reports/retrieval-dynamics-dense
copying reports/retrieval-dynamics-dense/run_first_passage.csv -> build/bdist.linux-x86_64/wheel/embedding_optimizer_study-0.1.0.data/data/share/embedding-optimizer-study/reports/retrieval-dynamics-dense
copying reports/retrieval-dynamics-dense/summary_manifest.json -> build/bdist.linux-x86_64/wheel/embedding_optimizer_study-0.1.0.data/data/share/embedding-optimizer-study/reports/retrieval-dynamics-dense
copying reports/retrieval-dynamics-dense/task_delta_stability.csv -> build/bdist.linux-x86_64/wheel/embedding_optimizer_study-0.1.0.data/data/share/embedding-optimizer-study/reports/retrieval-dynamics-dense
creating build/bdist.linux-x86_64/wheel/embedding_optimizer_study-0.1.0.data/data/share/embedding-optimizer-study/reports/dense-retrieval-dynamics
copying reports/dense-retrieval-dynamics/README.md -> build/bdist.linux-x86_64/wheel/embedding_optimizer_study-0.1.0.data/data/share/embedding-optimizer-study/reports/dense-retrieval-dynamics
copying reports/dense-retrieval-dynamics/confirmatory-evaluation-receipt.json -> build/bdist.linux-x86_64/wheel/embedding_optimizer_study-0.1.0.data/data/share/embedding-optimizer-study/reports/dense-retrieval-dynamics
copying reports/dense-retrieval-dynamics/evaluation-receipt.json -> build/bdist.linux-x86_64/wheel/embedding_optimizer_study-0.1.0.data/data/share/embedding-optimizer-study/reports/dense-retrieval-dynamics
copying reports/dense-retrieval-dynamics/five_stage_retrieval_dynamics.csv -> build/bdist.linux-x86_64/wheel/embedding_optimizer_study-0.1.0.data/data/share/embedding-optimizer-study/reports/dense-retrieval-dynamics
copying reports/dense-retrieval-dynamics/five_stage_retrieval_dynamics.pdf -> build/bdist.linux-x86_64/wheel/embedding_optimizer_study-0.1.0.data/data/share/embedding-optimizer-study/reports/dense-retrieval-dynamics
copying reports/dense-retrieval-dynamics/five_stage_retrieval_dynamics.svg -> build/bdist.linux-x86_64/wheel/embedding_optimizer_study-0.1.0.data/data/share/embedding-optimizer-study/reports/dense-retrieval-dynamics
copying reports/dense-retrieval-dynamics/hybrid-evaluation-receipt.json -> build/bdist.linux-x86_64/wheel/embedding_optimizer_study-0.1.0.data/data/share/embedding-optimizer-study/reports/dense-retrieval-dynamics
copying reports/dense-retrieval-dynamics/summary_manifest.json -> build/bdist.linux-x86_64/wheel/embedding_optimizer_study-0.1.0.data/data/share/embedding-optimizer-study/reports/dense-retrieval-dynamics
creating build/bdist.linux-x86_64/wheel/embedding_optimizer_study-0.1.0.data/data/share/embedding-optimizer-study/reports/wandb
copying reports/wandb/dense_source_provenance_audit.json -> build/bdist.linux-x86_64/wheel/embedding_optimizer_study-0.1.0.data/data/share/embedding-optimizer-study/reports/wandb
creating build/bdist.linux-x86_64/wheel/embedding_optimizer_study-0.1.0.data/data/share/embedding-optimizer-study/reports/confirmatory-data
copying reports/confirmatory-data/receipt.json -> build/bdist.linux-x86_64/wheel/embedding_optimizer_study-0.1.0.data/data/share/embedding-optimizer-study/reports/confirmatory-data
creating build/bdist.linux-x86_64/wheel/embedding_optimizer_study-0.1.0.data/data/share/embedding-optimizer-study/reports/short-branch
copying reports/short-branch/subset-receipt.json -> build/bdist.linux-x86_64/wheel/embedding_optimizer_study-0.1.0.data/data/share/embedding-optimizer-study/reports/short-branch
creating build/bdist.linux-x86_64/wheel/embedding_optimizer_study-0.1.0.data/data/share/embedding-optimizer-study/reports/tail-stability
copying reports/tail-stability/README.md -> build/bdist.linux-x86_64/wheel/embedding_optimizer_study-0.1.0.data/data/share/embedding-optimizer-study/reports/tail-stability
copying reports/tail-stability/discovery_anchor_tail.csv -> build/bdist.linux-x86_64/wheel/embedding_optimizer_study-0.1.0.data/data/share/embedding-optimizer-study/reports/tail-stability
copying reports/tail-stability/discovery_cross_tail.csv -> build/bdist.linux-x86_64/wheel/embedding_optimizer_study-0.1.0.data/data/share/embedding-optimizer-study/reports/tail-stability
copying reports/tail-stability/discovery_cross_tail_summary.csv -> build/bdist.linux-x86_64/wheel/embedding_optimizer_study-0.1.0.data/data/share/embedding-optimizer-study/reports/tail-stability
copying reports/tail-stability/discovery_family_contrasts.csv -> build/bdist.linux-x86_64/wheel/embedding_optimizer_study-0.1.0.data/data/share/embedding-optimizer-study/reports/tail-stability
copying reports/tail-stability/summary_manifest.json -> build/bdist.linux-x86_64/wheel/embedding_optimizer_study-0.1.0.data/data/share/embedding-optimizer-study/reports/tail-stability
running install_egg_info
Copying src/embedding_optimizer_study.egg-info to build/bdist.linux-x86_64/wheel/./embedding_optimizer_study-0.1.0-py3.12.egg-info
running install_scripts
creating build/bdist.linux-x86_64/wheel/embedding_optimizer_study-0.1.0.dist-info/WHEEL
creating '/tmp/dense-v3-closeout-watch.sQfCDCwI/rebuilt-wheel/.tmp-kmhouejr/embedding_optimizer_study-0.1.0-py3-none-any.whl' and adding 'build/bdist.linux-x86_64/wheel' to it
adding 'embed_optim/__init__.py'
adding 'embed_optim/aggregate.py'
adding 'embed_optim/artifact_inventory.py'
adding 'embed_optim/basis_sensitivity.py'
adding 'embed_optim/beir_probe.py'
adding 'embed_optim/bridge_exact_arithmetic.py'
adding 'embed_optim/bridge_named_features.py'
adding 'embed_optim/bridge_numerics.py'
adding 'embed_optim/callbacks.py'
adding 'embed_optim/candidate_breadth_data.py'
adding 'embed_optim/candidate_breadth_evaluation.py'
adding 'embed_optim/candidate_breadth_matrix.py'
adding 'embed_optim/candidate_breadth_publication.py'
adding 'embed_optim/candidate_breadth_release.py'
adding 'embed_optim/candidate_breadth_summary.py'
adding 'embed_optim/causal_chain_rendering.py'
adding 'embed_optim/causal_chain_reporting.py'
adding 'embed_optim/checkpoint_watch.py'
adding 'embed_optim/collators.py'
adding 'embed_optim/common_state_matrix.py'
adding 'embed_optim/common_state_spectra.py'
adding 'embed_optim/common_state_spectrum_plot.py'
adding 'embed_optim/common_state_summary.py'
adding 'embed_optim/completion_backup_contract_migration.py'
adding 'embed_optim/completion_contract_migration.py'
adding 'embed_optim/config.py'
adding 'embed_optim/confirmatory_data.py'
adding 'embed_optim/confirmatory_evaluation.py'
adding 'embed_optim/confirmatory_matrix.py'
adding 'embed_optim/confirmatory_summary.py'
adding 'embed_optim/corpus_size_diagnostic.py'
adding 'embed_optim/corrected_beir_evaluation.py'
adding 'embed_optim/corrected_checkpoint_backup.py'
adding 'embed_optim/corrected_completion_pipeline.py'
adding 'embed_optim/corrected_execution_sensitivity.py'
adding 'embed_optim/corrected_geometry_matrix.py'
adding 'embed_optim/corrected_geometry_summary.py'
adding 'embed_optim/corrected_input_execution.py'
adding 'embed_optim/corrected_outcome_summary.py'
adding 'embed_optim/corrected_progress.py'
adding 'embed_optim/corrected_publication.py'
adding 'embed_optim/corrected_retrieval_bridge.py'
adding 'embed_optim/corrected_validation_evaluation.py'
adding 'embed_optim/corrected_validation_matrix.py'
adding 'embed_optim/corrected_wandb_audit.py'
adding 'embed_optim/data.py'
adding 'embed_optim/decontamination.py'
adding 'embed_optim/dense_completion_pipeline.py'
adding 'embed_optim/dense_eval_handoff.py'
adding 'embed_optim/dense_finalization_pipeline.py'
adding 'embed_optim/dense_no_packing_preflight.py'
adding 'embed_optim/dense_retrieval_dynamics_evaluation.py'
adding 'embed_optim/dense_retrieval_dynamics_publication.py'
adding 'embed_optim/dense_retrieval_dynamics_summary.py'
adding 'embed_optim/dimension_archive.py'
adding 'embed_optim/dimension_inference.py'
adding 'embed_optim/dimension_inference_render.py'
adding 'embed_optim/dimension_intervention_io.py'
adding 'embed_optim/dimension_interventions.py'
adding 'embed_optim/dimension_publication.py'
adding 'embed_optim/dimension_release.py'
adding 'embed_optim/dimension_replay.py'
adding 'embed_optim/dimension_utilization.py'
adding 'embed_optim/distribution_audit.py'
adding 'embed_optim/dose_band_analysis.py'
adding 'embed_optim/evaluate_matrix.py'
adding 'embed_optim/evaluation_progress.py'
adding 'embed_optim/evaluation_source_archive.py'
adding 'embed_optim/evaluation_source_provenance.py'
adding 'embed_optim/evaluation_supervisor.py'
adding 'embed_optim/evaluation_utils.py'
adding 'embed_optim/exact_bridge_measurements.py'
adding 'embed_optim/factorial_v3_batches.py'
adding 'embed_optim/factorial_v3_bound_trainer.py'
adding 'embed_optim/factorial_v3_calibration.py'
adding 'embed_optim/factorial_v3_checkpoint.py'
adding 'embed_optim/factorial_v3_factory.py'
adding 'embed_optim/factorial_v3_inputs.py'
adding 'embed_optim/factorial_v3_optimizer.py'
adding 'embed_optim/factorial_v3_run_contract.py'
adding 'embed_optim/factorial_v3_trainer.py'
adding 'embed_optim/factorial_v3_worker.py'
adding 'embed_optim/family_training_queue.py'
adding 'embed_optim/functional_intervention.py'
adding 'embed_optim/functional_intervention_matrix.py'
adding 'embed_optim/functional_intervention_summary.py'
adding 'embed_optim/geometry.py'
adding 'embed_optim/geometry_plot.py'
adding 'embed_optim/geometry_robustness.py'
adding 'embed_optim/geometry_summary.py'
adding 'embed_optim/gpu_lease.py'
adding 'embed_optim/gradient_probe.py'
adding 'embed_optim/hybrid_control.py'
adding 'embed_optim/hybrid_evaluation.py'
adding 'embed_optim/incremental_checkpoint_backup.py'
adding 'embed_optim/local_global_reversal.py'
adding 'embed_optim/losses.py'
adding 'embed_optim/matrix.py'
adding 'embed_optim/matrix_handoff_guard.py'
adding 'embed_optim/mechanism_bridge.py'
adding 'embed_optim/mechanism_report.py'
adding 'embed_optim/optimizers.py'
adding 'embed_optim/outcome_report.py'
adding 'embed_optim/packing_invariance.py'
adding 'embed_optim/paper_audit.py'
adding 'embed_optim/paper_layout.py'
adding 'embed_optim/paper_results.py'
adding 'embed_optim/post_eval_pipeline.py'
adding 'embed_optim/primary_completion.py'
adding 'embed_optim/primary_contract.py'
adding 'embed_optim/primary_data_revision.py'
adding 'embed_optim/primary_dimension_probe.py'
adding 'embed_optim/primary_exact_geometry_kernels.py'
adding 'embed_optim/primary_geometry_kernels.py'
adding 'embed_optim/primary_geometry_reductions.py'
adding 'embed_optim/primary_io.py'
adding 'embed_optim/primary_training.py'
adding 'embed_optim/primary_v3_bridge.py'
adding 'embed_optim/primary_v3_completion.py'
adding 'embed_optim/primary_v3_contract.py'
adding 'embed_optim/primary_v3_dimension_contract.py'
adding 'embed_optim/primary_v3_dimension_exports.py'
adding 'embed_optim/primary_v3_dimension_inference.py'
adding 'embed_optim/primary_v3_dimension_vector_io.py'
adding 'embed_optim/primary_v3_dimensions.py'
adding 'embed_optim/primary_v3_exact_bridge.py'
adding 'embed_optim/primary_v3_exact_geometry.py'
adding 'embed_optim/primary_v3_exact_geometry_io.py'
adding 'embed_optim/primary_v3_exact_geometry_primitives.py'
adding 'embed_optim/primary_v3_exact_publication.py'
adding 'embed_optim/primary_v3_exact_publication_contract.py'
adding 'embed_optim/primary_v3_exact_publication_render.py'
adding 'embed_optim/primary_v3_exact_reconstruction.py'
adding 'embed_optim/primary_v3_exact_reconstruction_archive.py'
adding 'embed_optim/primary_v3_geometry.py'
adding 'embed_optim/primary_v3_geometry_io.py'
adding 'embed_optim/primary_v3_geometry_primitives.py'
adding 'embed_optim/primary_v3_geometry_reconstruction.py'
adding 'embed_optim/primary_v3_io.py'
adding 'embed_optim/primary_v3_joint_reconstruction.py'
adding 'embed_optim/primary_v3_manuscript.py'
adding 'embed_optim/primary_v3_manuscript_build.py'
adding 'embed_optim/primary_v3_outcome_primitives.py'
adding 'embed_optim/primary_v3_outcome_reconstruction.py'
adding 'embed_optim/primary_v3_outcomes.py'
adding 'embed_optim/primary_v3_paper_layout.py'
adding 'embed_optim/primary_v3_publication.py'
adding 'embed_optim/primary_v3_publication_archive.py'
adding 'embed_optim/primary_v3_publication_bridge.py'
adding 'embed_optim/primary_v3_publication_contract.py'
adding 'embed_optim/primary_v3_publication_reconstruction.py'
adding 'embed_optim/primary_v3_publication_render.py'
adding 'embed_optim/primary_v3_publication_tables.py'
adding 'embed_optim/primary_v3_reconstruction_authoring.py'
adding 'embed_optim/primary_v3_reconstruction_inputs.py'
adding 'embed_optim/primary_v3_reconstruction_sources.py'
adding 'embed_optim/primary_v3_training.py'
adding 'embed_optim/primary_v3_validation.py'
adding 'embed_optim/primary_v3_validation_io.py'
adding 'embed_optim/primary_v3_vector_reconstruction.py'
adding 'embed_optim/primary_weight_entries.py'
adding 'embed_optim/probe_export.py'
adding 'embed_optim/probe_matrix.py'
adding 'embed_optim/probes.py'
adding 'embed_optim/pylate_compat.py'
adding 'embed_optim/reconstruction_files.py'
adding 'embed_optim/representation_geometry.py'
adding 'embed_optim/representation_plot.py'
adding 'embed_optim/representation_summary.py'
adding 'embed_optim/retrieval_dynamics.py'
adding 'embed_optim/runtime.py'
adding 'embed_optim/scope.py'
adding 'embed_optim/sealed_checkpoint_supervisor.py'
adding 'embed_optim/short_branch.py'
adding 'embed_optim/short_branch_evaluation.py'
adding 'embed_optim/short_branch_summary.py'
adding 'embed_optim/spectral_transplant.py'
adding 'embed_optim/spectral_transplant_matrix.py'
adding 'embed_optim/spectral_transplant_summary.py'
adding 'embed_optim/state_operator_factorial.py'
adding 'embed_optim/state_operator_factorial_backup.py'
adding 'embed_optim/state_operator_factorial_completion.py'
adding 'embed_optim/state_operator_factorial_contract.py'
adding 'embed_optim/state_operator_factorial_evaluation.py'
adding 'embed_optim/state_operator_factorial_probe.py'
adding 'embed_optim/state_operator_factorial_publication.py'
adding 'embed_optim/state_operator_factorial_summary.py'
adding 'embed_optim/state_operator_factorial_training.py'
adding 'embed_optim/supervisor.py'
adding 'embed_optim/supplemental_training_audit.py'
adding 'embed_optim/tail_stability.py'
adding 'embed_optim/temporal_short_branch.py'
adding 'embed_optim/temporal_short_branch_predictors.py'
adding 'embed_optim/three_regime_diagnostic.py'
adding 'embed_optim/train.py'
adding 'embed_optim/training_dynamics.py'
adding 'embed_optim/training_dynamics_plot.py'
adding 'embed_optim/update_geometry.py'
adding 'embed_optim/validation_data.py'
adding 'embed_optim/validation_evaluation.py'
adding 'embed_optim/validation_matrix.py'
adding 'embed_optim/validation_summary.py'
adding 'embed_optim/wandb_dense_provenance_audit.py'
adding 'embed_optim/wandb_sync.py'
adding 'embedding_optimizer_study-0.1.0.data/data/share/embedding-optimizer-study/AGENTS.md'
adding 'embedding_optimizer_study-0.1.0.data/data/share/embedding-optimizer-study/CITATION.cff'
adding 'embedding_optimizer_study-0.1.0.data/data/share/embedding-optimizer-study/CODE_OF_CONDUCT.md'
adding 'embedding_optimizer_study-0.1.0.data/data/share/embedding-optimizer-study/CONTRIBUTING.md'
adding 'embedding_optimizer_study-0.1.0.data/data/share/embedding-optimizer-study/CURRENT_EXPERIMENT.md'
adding 'embedding_optimizer_study-0.1.0.data/data/share/embedding-optimizer-study/CURRENT_PROGRESS.json'
adding 'embedding_optimizer_study-0.1.0.data/data/share/embedding-optimizer-study/PROJECT_STATUS.md'
adding 'embedding_optimizer_study-0.1.0.data/data/share/embedding-optimizer-study/SECURITY.md'
adding 'embedding_optimizer_study-0.1.0.data/data/share/embedding-optimizer-study/THIRD_PARTY_NOTICES.md'
adding 'embedding_optimizer_study-0.1.0.data/data/share/embedding-optimizer-study/requirements-formal-flash.txt'
adding 'embedding_optimizer_study-0.1.0.data/data/share/embedding-optimizer-study/requirements-formal.lock'
adding 'embedding_optimizer_study-0.1.0.data/data/share/embedding-optimizer-study/configs/basis_sensitivity.json'
adding 'embedding_optimizer_study-0.1.0.data/data/share/embedding-optimizer-study/configs/beir_representation_probe.json'
adding 'embedding_optimizer_study-0.1.0.data/data/share/embedding-optimizer-study/configs/candidate_breadth_probe.json'
adding 'embedding_optimizer_study-0.1.0.data/data/share/embedding-optimizer-study/configs/causal_chain_analysis.json'
adding 'embedding_optimizer_study-0.1.0.data/data/share/embedding-optimizer-study/configs/common_state_probe.json'
adding 'embedding_optimizer_study-0.1.0.data/data/share/embedding-optimizer-study/configs/common_state_spectrum_probe.json'
adding 'embedding_optimizer_study-0.1.0.data/data/share/embedding-optimizer-study/configs/confirmatory_protocol.json'
adding 'embedding_optimizer_study-0.1.0.data/data/share/embedding-optimizer-study/configs/corpus_size_diagnostic.json'
adding 'embedding_optimizer_study-0.1.0.data/data/share/embedding-optimizer-study/configs/dense_dimension_utilization_protocol.json'
adding 'embedding_optimizer_study-0.1.0.data/data/share/embedding-optimizer-study/configs/dense_no_packing_analysis_protocol.json'
adding 'embedding_optimizer_study-0.1.0.data/data/share/embedding-optimizer-study/configs/dense_no_packing_backup_provenance_migration.json'
adding 'embedding_optimizer_study-0.1.0.data/data/share/embedding-optimizer-study/configs/dense_no_packing_bridge_implementation_protocol.json'
adding 'embedding_optimizer_study-0.1.0.data/data/share/embedding-optimizer-study/configs/dense_no_packing_bridge_implementation_protocol_v2.json'
adding 'embedding_optimizer_study-0.1.0.data/data/share/embedding-optimizer-study/configs/dense_no_packing_completion_contract_migration.json'
adding 'embedding_optimizer_study-0.1.0.data/data/share/embedding-optimizer-study/configs/dense_no_packing_evaluation_protocol.json'
adding 'embedding_optimizer_study-0.1.0.data/data/share/embedding-optimizer-study/configs/dense_no_packing_execution_protocol.json'
adding 'embedding_optimizer_study-0.1.0.data/data/share/embedding-optimizer-study/configs/dense_no_packing_matrix_handoff_guard.json'
adding 'embedding_optimizer_study-0.1.0.data/data/share/embedding-optimizer-study/configs/dense_no_packing_outcome_protocol.json'
adding 'embedding_optimizer_study-0.1.0.data/data/share/embedding-optimizer-study/configs/dense_no_packing_preflight.yaml'
adding 'embedding_optimizer_study-0.1.0.data/data/share/embedding-optimizer-study/configs/dense_no_packing_preflight_protocol.json'
adding 'embedding_optimizer_study-0.1.0.data/data/share/embedding-optimizer-study/configs/dense_no_packing_publication_layout_migration.json'
adding 'embedding_optimizer_study-0.1.0.data/data/share/embedding-optimizer-study/configs/dense_no_packing_publication_narrative_migration.json'
adding 'embedding_optimizer_study-0.1.0.data/data/share/embedding-optimizer-study/configs/dense_no_packing_publication_protocol.json'
adding 'embedding_optimizer_study-0.1.0.data/data/share/embedding-optimizer-study/configs/dense_no_packing_retrain.yaml'
adding 'embedding_optimizer_study-0.1.0.data/data/share/embedding-optimizer-study/configs/dense_no_packing_sensitivity_implementation_protocol.json'
adding 'embedding_optimizer_study-0.1.0.data/data/share/embedding-optimizer-study/configs/dense_no_packing_state_operator_abstract_compliance_migration.json'
adding 'embedding_optimizer_study-0.1.0.data/data/share/embedding-optimizer-study/configs/dense_no_packing_state_operator_claim_wording_amendment.json'
adding 'embedding_optimizer_study-0.1.0.data/data/share/embedding-optimizer-study/configs/dense_no_packing_state_operator_factorial_completion_protocol.json'
adding 'embedding_optimizer_study-0.1.0.data/data/share/embedding-optimizer-study/configs/dense_no_packing_state_operator_factorial_implementation_protocol.json'
adding 'embedding_optimizer_study-0.1.0.data/data/share/embedding-optimizer-study/configs/dense_no_packing_state_operator_factorial_protocol.json'
adding 'embedding_optimizer_study-0.1.0.data/data/share/embedding-optimizer-study/configs/dense_no_packing_state_operator_factorial_publication_protocol.json'
adding 'embedding_optimizer_study-0.1.0.data/data/share/embedding-optimizer-study/configs/dense_no_packing_state_operator_weight_space_narrative_migration.json'
adding 'embedding_optimizer_study-0.1.0.data/data/share/embedding-optimizer-study/configs/dense_primary_dimension_archive_protocol.json'
adding 'embedding_optimizer_study-0.1.0.data/data/share/embedding-optimizer-study/configs/dense_primary_dimension_export_protocol.json'
adding 'embedding_optimizer_study-0.1.0.data/data/share/embedding-optimizer-study/configs/dense_primary_dimension_handoff_protocol.json'
adding 'embedding_optimizer_study-0.1.0.data/data/share/embedding-optimizer-study/configs/dense_primary_v2_protocol.json'
adding 'embedding_optimizer_study-0.1.0.data/data/share/embedding-optimizer-study/configs/dense_primary_v3_bridge_protocol.json'
adding 'embedding_optimizer_study-0.1.0.data/data/share/embedding-optimizer-study/configs/dense_primary_v3_data_amendment.json'
adding 'embedding_optimizer_study-0.1.0.data/data/share/embedding-optimizer-study/configs/dense_primary_v3_dimension_inference_protocol.json'
adding 'embedding_optimizer_study-0.1.0.data/data/share/embedding-optimizer-study/configs/dense_primary_v3_dimensions_protocol.json'
adding 'embedding_optimizer_study-0.1.0.data/data/share/embedding-optimizer-study/configs/dense_primary_v3_exact_bridge_protocol.json'
adding 'embedding_optimizer_study-0.1.0.data/data/share/embedding-optimizer-study/configs/dense_primary_v3_exact_geometry_protocol.json'
adding 'embedding_optimizer_study-0.1.0.data/data/share/embedding-optimizer-study/configs/dense_primary_v3_exact_publication_protocol.json'
adding 'embedding_optimizer_study-0.1.0.data/data/share/embedding-optimizer-study/configs/dense_primary_v3_geometry_protocol.json'
adding 'embedding_optimizer_study-0.1.0.data/data/share/embedding-optimizer-study/configs/dense_primary_v3_geometry_protocol_v2.json'
adding 'embedding_optimizer_study-0.1.0.data/data/share/embedding-optimizer-study/configs/dense_primary_v3_outcome_protocol.json'
adding 'embedding_optimizer_study-0.1.0.data/data/share/embedding-optimizer-study/configs/dense_primary_v3_outcome_protocol_v2.json'
adding 'embedding_optimizer_study-0.1.0.data/data/share/embedding-optimizer-study/configs/dense_primary_v3_protocol.json'
adding 'embedding_optimizer_study-0.1.0.data/data/share/embedding-optimizer-study/configs/dense_primary_v3_publication_protocol.json'
adding 'embedding_optimizer_study-0.1.0.data/data/share/embedding-optimizer-study/configs/dense_primary_v3_validation_protocol.json'
adding 'embedding_optimizer_study-0.1.0.data/data/share/embedding-optimizer-study/configs/dense_retrieval_dynamics_extension.json'
adding 'embedding_optimizer_study-0.1.0.data/data/share/embedding-optimizer-study/configs/dense_scope_amendment.json'
adding 'embedding_optimizer_study-0.1.0.data/data/share/embedding-optimizer-study/configs/dense_training_queue.json'
adding 'embedding_optimizer_study-0.1.0.data/data/share/embedding-optimizer-study/configs/dense_weight_entry_measurement_amendment.json'
adding 'embedding_optimizer_study-0.1.0.data/data/share/embedding-optimizer-study/configs/experiment.yaml'
adding 'embedding_optimizer_study-0.1.0.data/data/share/embedding-optimizer-study/configs/formal_runtime.json'
adding 'embedding_optimizer_study-0.1.0.data/data/share/embedding-optimizer-study/configs/formal_runtime_constraints.txt'
adding 'embedding_optimizer_study-0.1.0.data/data/share/embedding-optimizer-study/configs/functional_intervention.json'
adding 'embedding_optimizer_study-0.1.0.data/data/share/embedding-optimizer-study/configs/hybrid_adamw.yaml'
adding 'embedding_optimizer_study-0.1.0.data/data/share/embedding-optimizer-study/configs/hybrid_adamw_control.json'
adding 'embedding_optimizer_study-0.1.0.data/data/share/embedding-optimizer-study/configs/local_global_reversal.json'
adding 'embedding_optimizer_study-0.1.0.data/data/share/embedding-optimizer-study/configs/loss_retrieval_diagnostic.json'
adding 'embedding_optimizer_study-0.1.0.data/data/share/embedding-optimizer-study/configs/mechanism_analysis_integration.json'
adding 'embedding_optimizer_study-0.1.0.data/data/share/embedding-optimizer-study/configs/paper_claim_protocol.json'
adding 'embedding_optimizer_study-0.1.0.data/data/share/embedding-optimizer-study/configs/portable_paper_evidence.json'
adding 'embedding_optimizer_study-0.1.0.data/data/share/embedding-optimizer-study/configs/representation_probe.json'
adding 'embedding_optimizer_study-0.1.0.data/data/share/embedding-optimizer-study/configs/retrieval_dynamics_protocol.json'
adding 'embedding_optimizer_study-0.1.0.data/data/share/embedding-optimizer-study/configs/short_branch_protocol.json'
adding 'embedding_optimizer_study-0.1.0.data/data/share/embedding-optimizer-study/configs/smoke.yaml'
adding 'embedding_optimizer_study-0.1.0.data/data/share/embedding-optimizer-study/configs/spectral_transplant_intervention.json'
adding 'embedding_optimizer_study-0.1.0.data/data/share/embedding-optimizer-study/configs/stress.yaml'
adding 'embedding_optimizer_study-0.1.0.data/data/share/embedding-optimizer-study/configs/tail_stability_analysis.json'
adding 'embedding_optimizer_study-0.1.0.data/data/share/embedding-optimizer-study/configs/three_regime_diagnostic.json'
adding 'embedding_optimizer_study-0.1.0.data/data/share/embedding-optimizer-study/configs/training_data_contract.json'
adding 'embedding_optimizer_study-0.1.0.data/data/share/embedding-optimizer-study/configs/validation_probe.json'
adding 'embedding_optimizer_study-0.1.0.data/data/share/embedding-optimizer-study/configs/generated/confirmatory/seed161803.yaml'
adding 'embedding_optimizer_study-0.1.0.data/data/share/embedding-optimizer-study/configs/generated/confirmatory/seed271828.yaml'
adding 'embedding_optimizer_study-0.1.0.data/data/share/embedding-optimizer-study/configs/generated/confirmatory/seed314159.yaml'
adding 'embedding_optimizer_study-0.1.0.data/data/share/embedding-optimizer-study/configs/generated/short-branch/seed161803.yaml'
adding 'embedding_optimizer_study-0.1.0.data/data/share/embedding-optimizer-study/configs/generated/short-branch/seed271828.yaml'
adding 'embedding_optimizer_study-0.1.0.data/data/share/embedding-optimizer-study/configs/generated/short-branch/seed314159.yaml'
adding 'embedding_optimizer_study-0.1.0.data/data/share/embedding-optimizer-study/docs/checkpoint-restoration.md'
adding 'embedding_optimizer_study-0.1.0.data/data/share/embedding-optimizer-study/docs/completion-gates.md'
adding 'embedding_optimizer_study-0.1.0.data/data/share/embedding-optimizer-study/docs/continuation-probe-restoration.md'
adding 'embedding_optimizer_study-0.1.0.data/data/share/embedding-optimizer-study/docs/dense-eval-handoff.md'
adding 'embedding_optimizer_study-0.1.0.data/data/share/embedding-optimizer-study/docs/dense-no-packing-retrain.md'
adding 'embedding_optimizer_study-0.1.0.data/data/share/embedding-optimizer-study/docs/endpoint-statistics-restoration.md'
adding 'embedding_optimizer_study-0.1.0.data/data/share/embedding-optimizer-study/docs/evaluation-analysis-restoration.md'
adding 'embedding_optimizer_study-0.1.0.data/data/share/embedding-optimizer-study/docs/first-stage-evaluation-restoration.md'
adding 'embedding_optimizer_study-0.1.0.data/data/share/embedding-optimizer-study/docs/fourth-stage-evaluation-restoration.md'
adding 'embedding_optimizer_study-0.1.0.data/data/share/embedding-optimizer-study/docs/fourth-stage-pool-b-evaluation-restoration.md'
adding 'embedding_optimizer_study-0.1.0.data/data/share/embedding-optimizer-study/docs/functional-analysis-restoration.md'
adding 'embedding_optimizer_study-0.1.0.data/data/share/embedding-optimizer-study/docs/naacl-dense-paper-plan.md'
adding 'embedding_optimizer_study-0.1.0.data/data/share/embedding-optimizer-study/docs/naacl-paper-plan.md'
adding 'embedding_optimizer_study-0.1.0.data/data/share/embedding-optimizer-study/docs/paper-results-reproduction.md'
adding 'embedding_optimizer_study-0.1.0.data/data/share/embedding-optimizer-study/docs/predictor-analysis-restoration.md'
adding 'embedding_optimizer_study-0.1.0.data/data/share/embedding-optimizer-study/docs/pretrained-vector-restoration.md'
adding 'embedding_optimizer_study-0.1.0.data/data/share/embedding-optimizer-study/docs/retrieval-trajectories-restoration.md'
adding 'embedding_optimizer_study-0.1.0.data/data/share/embedding-optimizer-study/docs/second-stage-evaluation-restoration.md'
adding 'embedding_optimizer_study-0.1.0.data/data/share/embedding-optimizer-study/docs/second-stage-pool-b-evaluation-restoration.md'
adding 'embedding_optimizer_study-0.1.0.data/data/share/embedding-optimizer-study/docs/state-operator-factorial.md'
adding 'embedding_optimizer_study-0.1.0.data/data/share/embedding-optimizer-study/docs/third-stage-evaluation-restoration.md'
adding 'embedding_optimizer_study-0.1.0.data/data/share/embedding-optimizer-study/docs/third-stage-pool-b-evaluation-restoration.md'
adding 'embedding_optimizer_study-0.1.0.data/data/share/embedding-optimizer-study/docs/training-analysis-restoration.md'
adding 'embedding_optimizer_study-0.1.0.data/data/share/embedding-optimizer-study/docs/training-completion-evidence-restoration.md'
adding 'embedding_optimizer_study-0.1.0.data/data/share/embedding-optimizer-study/docs/weight-analysis-restoration.md'
adding 'embedding_optimizer_study-0.1.0.data/data/share/embedding-optimizer-study/paper/Makefile'
adding 'embedding_optimizer_study-0.1.0.data/data/share/embedding-optimizer-study/paper/README.md'
adding 'embedding_optimizer_study-0.1.0.data/data/share/embedding-optimizer-study/paper/main.tex'
adding 'embedding_optimizer_study-0.1.0.data/data/share/embedding-optimizer-study/paper/references.bib'
adding 'embedding_optimizer_study-0.1.0.data/data/share/embedding-optimizer-study/paper/results.tex'
adding 'embedding_optimizer_study-0.1.0.data/data/share/embedding-optimizer-study/paper/generated/dimension-utilization.tex'
adding 'embedding_optimizer_study-0.1.0.data/data/share/embedding-optimizer-study/paper/generated/optimizer-primary.tex'
adding 'embedding_optimizer_study-0.1.0.data/data/share/embedding-optimizer-study/paper/generated/state-operator-factorial.tex'
adding 'embedding_optimizer_study-0.1.0.data/data/share/embedding-optimizer-study/reports/candidate-breadth/calibration_by_width.csv'
adding 'embedding_optimizer_study-0.1.0.data/data/share/embedding-optimizer-study/reports/candidate-breadth/candidate_breadth_calibration.pdf'
adding 'embedding_optimizer_study-0.1.0.data/data/share/embedding-optimizer-study/reports/candidate-breadth/candidate_breadth_calibration.svg'
adding 'embedding_optimizer_study-0.1.0.data/data/share/embedding-optimizer-study/reports/candidate-breadth/data-audit.json'
adding 'embedding_optimizer_study-0.1.0.data/data/share/embedding-optimizer-study/reports/candidate-breadth/high_dose_contrasts.csv'
adding 'embedding_optimizer_study-0.1.0.data/data/share/embedding-optimizer-study/reports/candidate-breadth/packing_invariance.json'
adding 'embedding_optimizer_study-0.1.0.data/data/share/embedding-optimizer-study/reports/candidate-breadth/publication_manifest.json'
adding 'embedding_optimizer_study-0.1.0.data/data/share/embedding-optimizer-study/reports/candidate-breadth/summary.json'
adding 'embedding_optimizer_study-0.1.0.data/data/share/embedding-optimizer-study/reports/confirmatory-data/receipt.json'
adding 'embedding_optimizer_study-0.1.0.data/data/share/embedding-optimizer-study/reports/dense-discovery/best_config_dynamics.csv'
adding 'embedding_optimizer_study-0.1.0.data/data/share/embedding-optimizer-study/reports/dense-discovery/best_config_task_comparison.csv'
adding 'embedding_optimizer_study-0.1.0.data/data/share/embedding-optimizer-study/reports/dense-discovery/checkpoint_summary.csv'
adding 'embedding_optimizer_study-0.1.0.data/data/share/embedding-optimizer-study/reports/dense-discovery/coverage.json'
adding 'embedding_optimizer_study-0.1.0.data/data/share/embedding-optimizer-study/reports/dense-discovery/evaluation_long.csv'
adding 'embedding_optimizer_study-0.1.0.data/data/share/embedding-optimizer-study/reports/dense-discovery/optimizer_summary.csv'
adding 'embedding_optimizer_study-0.1.0.data/data/share/embedding-optimizer-study/reports/dense-discovery/paired_comparison.csv'
adding 'embedding_optimizer_study-0.1.0.data/data/share/embedding-optimizer-study/reports/dense-discovery/system_metrics.csv'
adding 'embedding_optimizer_study-0.1.0.data/data/share/embedding-optimizer-study/reports/dense-discovery/system_summary.csv'
adding 'embedding_optimizer_study-0.1.0.data/data/share/embedding-optimizer-study/reports/dense-discovery/training_history.csv'
adding 'embedding_optimizer_study-0.1.0.data/data/share/embedding-optimizer-study/reports/dense-discovery/figures/dense-lr-sensitivity.png'
adding 'embedding_optimizer_study-0.1.0.data/data/share/embedding-optimizer-study/reports/dense-discovery/figures/dense-training-dynamics-by-run.png'
adding 'embedding_optimizer_study-0.1.0.data/data/share/embedding-optimizer-study/reports/dense-discovery/figures/dense-training-dynamics.png'
adding 'embedding_optimizer_study-0.1.0.data/data/share/embedding-optimizer-study/reports/dense-retrieval-dynamics/README.md'
adding 'embedding_optimizer_study-0.1.0.data/data/share/embedding-optimizer-study/reports/dense-retrieval-dynamics/confirmatory-evaluation-receipt.json'
adding 'embedding_optimizer_study-0.1.0.data/data/share/embedding-optimizer-study/reports/dense-retrieval-dynamics/evaluation-receipt.json'
adding 'embedding_optimizer_study-0.1.0.data/data/share/embedding-optimizer-study/reports/dense-retrieval-dynamics/five_stage_retrieval_dynamics.csv'
adding 'embedding_optimizer_study-0.1.0.data/data/share/embedding-optimizer-study/reports/dense-retrieval-dynamics/five_stage_retrieval_dynamics.pdf'
adding 'embedding_optimizer_study-0.1.0.data/data/share/embedding-optimizer-study/reports/dense-retrieval-dynamics/five_stage_retrieval_dynamics.svg'
adding 'embedding_optimizer_study-0.1.0.data/data/share/embedding-optimizer-study/reports/dense-retrieval-dynamics/hybrid-evaluation-receipt.json'
adding 'embedding_optimizer_study-0.1.0.data/data/share/embedding-optimizer-study/reports/dense-retrieval-dynamics/summary_manifest.json'
adding 'embedding_optimizer_study-0.1.0.data/data/share/embedding-optimizer-study/reports/retrieval-dynamics-dense/best_config_task_comparison.csv'
adding 'embedding_optimizer_study-0.1.0.data/data/share/embedding-optimizer-study/reports/retrieval-dynamics-dense/best_config_task_delta_dynamics.csv'
adding 'embedding_optimizer_study-0.1.0.data/data/share/embedding-optimizer-study/reports/retrieval-dynamics-dense/checkpoint_dynamics.csv'
adding 'embedding_optimizer_study-0.1.0.data/data/share/embedding-optimizer-study/reports/retrieval-dynamics-dense/optimizer_first_passage.csv'
adding 'embedding_optimizer_study-0.1.0.data/data/share/embedding-optimizer-study/reports/retrieval-dynamics-dense/quality_vs_useful_wall_time.svg'
adding 'embedding_optimizer_study-0.1.0.data/data/share/embedding-optimizer-study/reports/retrieval-dynamics-dense/run_first_passage.csv'
adding 'embedding_optimizer_study-0.1.0.data/data/share/embedding-optimizer-study/reports/retrieval-dynamics-dense/summary_manifest.json'
adding 'embedding_optimizer_study-0.1.0.data/data/share/embedding-optimizer-study/reports/retrieval-dynamics-dense/task_delta_stability.csv'
adding 'embedding_optimizer_study-0.1.0.data/data/share/embedding-optimizer-study/reports/short-branch/subset-receipt.json'
adding 'embedding_optimizer_study-0.1.0.data/data/share/embedding-optimizer-study/reports/state-operator-factorial/abstract-compliance-runtime-migration.json'
adding 'embedding_optimizer_study-0.1.0.data/data/share/embedding-optimizer-study/reports/tail-stability/README.md'
adding 'embedding_optimizer_study-0.1.0.data/data/share/embedding-optimizer-study/reports/tail-stability/discovery_anchor_tail.csv'
adding 'embedding_optimizer_study-0.1.0.data/data/share/embedding-optimizer-study/reports/tail-stability/discovery_cross_tail.csv'
adding 'embedding_optimizer_study-0.1.0.data/data/share/embedding-optimizer-study/reports/tail-stability/discovery_cross_tail_summary.csv'
adding 'embedding_optimizer_study-0.1.0.data/data/share/embedding-optimizer-study/reports/tail-stability/discovery_family_contrasts.csv'
adding 'embedding_optimizer_study-0.1.0.data/data/share/embedding-optimizer-study/reports/tail-stability/summary_manifest.json'
adding 'embedding_optimizer_study-0.1.0.data/data/share/embedding-optimizer-study/reports/three-regime-diagnostic/README.md'
adding 'embedding_optimizer_study-0.1.0.data/data/share/embedding-optimizer-study/reports/three-regime-diagnostic/high_dose_contrasts.csv'
adding 'embedding_optimizer_study-0.1.0.data/data/share/embedding-optimizer-study/reports/three-regime-diagnostic/run_metrics.csv'
adding 'embedding_optimizer_study-0.1.0.data/data/share/embedding-optimizer-study/reports/three-regime-diagnostic/summary.json'
adding 'embedding_optimizer_study-0.1.0.data/data/share/embedding-optimizer-study/reports/three-regime-diagnostic/summary_manifest.json'
adding 'embedding_optimizer_study-0.1.0.data/data/share/embedding-optimizer-study/reports/training-dynamics/optimizer_system_summary.csv'
adding 'embedding_optimizer_study-0.1.0.data/data/share/embedding-optimizer-study/reports/training-dynamics/plot_manifest.json'
adding 'embedding_optimizer_study-0.1.0.data/data/share/embedding-optimizer-study/reports/training-dynamics/run_summary.csv'
adding 'embedding_optimizer_study-0.1.0.data/data/share/embedding-optimizer-study/reports/training-dynamics/stage_dynamics.csv'
adding 'embedding_optimizer_study-0.1.0.data/data/share/embedding-optimizer-study/reports/training-dynamics/summary_manifest.json'
adding 'embedding_optimizer_study-0.1.0.data/data/share/embedding-optimizer-study/reports/training-dynamics/system_tradeoffs.svg'
adding 'embedding_optimizer_study-0.1.0.data/data/share/embedding-optimizer-study/reports/training-dynamics/training_loss_dynamics.svg'
adding 'embedding_optimizer_study-0.1.0.data/data/share/embedding-optimizer-study/reports/wandb/dense_source_provenance_audit.json'
adding 'embedding_optimizer_study-0.1.0.data/data/share/embedding-optimizer-study/reports/weight-space/README.md'
adding 'embedding_optimizer_study-0.1.0.data/data/share/embedding-optimizer-study/reports/weight-space/checkpoint_trajectory.csv'
adding 'embedding_optimizer_study-0.1.0.data/data/share/embedding-optimizer-study/reports/weight-space/optimizer_geometry_phase.svg'
adding 'embedding_optimizer_study-0.1.0.data/data/share/embedding-optimizer-study/reports/weight-space/optimizer_pair_contrast_trajectory.csv'
adding 'embedding_optimizer_study-0.1.0.data/data/share/embedding-optimizer-study/reports/weight-space/optimizer_pair_contrast_trajectory.svg'
adding 'embedding_optimizer_study-0.1.0.data/data/share/embedding-optimizer-study/reports/weight-space/optimizer_pair_contrasts.csv'
adding 'embedding_optimizer_study-0.1.0.data/data/share/embedding-optimizer-study/reports/weight-space/run_trajectory_summary.csv'
adding 'embedding_optimizer_study-0.1.0.data/data/share/embedding-optimizer-study/reports/weight-space/summary_manifest.json'
adding 'embedding_optimizer_study-0.1.0.data/data/share/embedding-optimizer-study/scripts/restore_factorial_probes.py'
adding 'embedding_optimizer_study-0.1.0.data/data/share/embedding-optimizer-study/scripts/restore_functional_analysis.py'
adding 'embedding_optimizer_study-0.1.0.data/data/share/embedding-optimizer-study/scripts/restore_primary_v3.py'
adding 'embedding_optimizer_study-0.1.0.data/data/share/embedding-optimizer-study/scripts/eval/dense_no_packing_parallel.py'
adding 'embedding_optimizer_study-0.1.0.data/data/share/embedding-optimizer-study/scripts/eval/dense_parallel.py'
adding 'embedding_optimizer_study-0.1.0.data/data/share/embedding-optimizer-study/scripts/eval/dense_sequential.py'
adding 'embedding_optimizer_study-0.1.0.dist-info/licenses/LICENSE'
adding 'embedding_optimizer_study-0.1.0.dist-info/METADATA'
adding 'embedding_optimizer_study-0.1.0.dist-info/WHEEL'
adding 'embedding_optimizer_study-0.1.0.dist-info/entry_points.txt'
adding 'embedding_optimizer_study-0.1.0.dist-info/top_level.txt'
adding 'embedding_optimizer_study-0.1.0.dist-info/RECORD'
removing build/bdist.linux-x86_64/wheel
Successfully built embedding_optimizer_study-0.1.0-py3-none-any.whl
* Getting build dependencies for wheel...
* Building wheel...
warning: build_py: byte-compiling is disabled, skipping.

warning: install_lib: byte-compiling is disabled, skipping.

