draw,learning_rate,margin,optimizer,relative_margin,relative_shortlist_ndcg,removed_fraction,run_id,shortlist_ndcg,step,task
0,0.003,0.18611307210441025,normuon,0.9983022167535064,1.0,0.1,verified-v3-normuon-3e-3,1.0,1563,ArguAna
0,0.003,0.026203999446274388,normuon,1.056415834023079,1.0,0.1,verified-v3-normuon-3e-3,0.876111410050375,1563,ClimateFEVER
0,0.003,0.1985789021270689,normuon,0.9946838079615654,1.0241825215502611,0.1,verified-v3-normuon-3e-3,0.9769331095982161,1563,DBPedia
0,0.003,0.3270325457475757,normuon,0.9980559455282173,1.0,0.1,verified-v3-normuon-3e-3,1.0,1563,FEVER
0,0.003,0.14662684129877568,normuon,0.9974097897942134,1.0241825215502611,0.1,verified-v3-normuon-3e-3,0.9769331095982161,1563,FiQA2018
0,0.003,0.18924092507736623,normuon,0.98407504718473,1.0,0.1,verified-v3-normuon-3e-3,0.9769331095982161,1563,HotpotQA
0,0.003,0.3638648608487639,normuon,0.9990803922423317,1.0,0.1,verified-v3-normuon-3e-3,1.0,1563,MSMARCO
0,0.003,-0.021415542514827697,normuon,1.0736592256552098,0.951515337699072,0.1,verified-v3-normuon-3e-3,0.660830039217988,1563,NFCorpus
0,0.003,0.3065507085044164,normuon,0.9941157974056898,1.0,0.1,verified-v3-normuon-3e-3,1.0,1563,NQ
0,0.003,0.37222879706980866,normuon,0.9849180988884325,1.0,0.1,verified-v3-normuon-3e-3,1.0,1563,QuoraRetrieval
0,0.003,0.046314264553522014,normuon,1.051595098603114,0.9764609634427958,0.1,verified-v3-normuon-3e-3,0.8310944077810325,1563,SCIDOCS
0,0.003,0.1627756824789351,normuon,0.9999107041151204,1.0,0.1,verified-v3-normuon-3e-3,1.0,1563,SciFact
0,0.003,0.0313649991313417,normuon,0.9562051017422124,1.0,0.1,verified-v3-normuon-3e-3,0.7828614689255022,1563,TRECCOVID
0,0.003,0.2481143585831566,normuon,0.9793437422415299,1.0,0.1,verified-v3-normuon-3e-3,1.0,1563,Touche2020
1,0.003,0.19617830211198062,normuon,1.0522916615306812,1.0,0.1,verified-v3-normuon-3e-3,1.0,1563,ArguAna
1,0.003,0.028596713098982453,normuon,1.1528782306960181,0.97148508583143,0.1,verified-v3-normuon-3e-3,0.8511291683906836,1563,ClimateFEVER
1,0.003,0.20919374600726018,normuon,1.0478536725270868,1.0241825215502611,0.1,verified-v3-normuon-3e-3,0.9769331095982161,1563,DBPedia
1,0.003,0.3504953143389704,normuon,1.0696609157236578,1.0,0.1,verified-v3-normuon-3e-3,1.0,1563,FEVER
1,0.003,0.15649151470068812,normuon,1.0645129322818925,1.0241825215502611,0.1,verified-v3-normuon-3e-3,0.9769331095982161,1563,FiQA2018
1,0.003,0.20084542194467087,normuon,1.0444197944828064,1.0,0.1,verified-v3-normuon-3e-3,0.9769331095982161,1563,HotpotQA
1,0.003,0.3762708473432005,normuon,1.0331440768314475,1.0,0.1,verified-v3-normuon-3e-3,1.0,1563,MSMARCO
1,0.003,-0.022478269634877025,normuon,1.126938603285029,0.9902807025986176,0.1,verified-v3-normuon-3e-3,0.6877526925814255,1563,NFCorpus
1,0.003,0.3353341392673489,normuon,1.087457820213482,1.0,0.1,verified-v3-normuon-3e-3,1.0,1563,NQ
1,0.003,0.39428950602149926,normuon,1.0432907763703287,1.0,0.1,verified-v3-normuon-3e-3,1.0,1563,QuoraRetrieval
1,0.003,0.04610435882054528,normuon,1.0468290542300691,1.0306639945653193,0.1,verified-v3-normuon-3e-3,0.8772281885846003,1563,SCIDOCS
1,0.003,0.17277812331494435,normuon,1.0613544499307657,1.0,0.1,verified-v3-normuon-3e-3,1.0,1563,SciFact
1,0.003,0.03408388146691705,normuon,1.0390939661552854,1.029464843164965,0.1,verified-v3-normuon-3e-3,0.8059283593272861,1563,TRECCOVID
1,0.003,0.2637585707555322,normuon,1.041093740834134,1.0,0.1,verified-v3-normuon-3e-3,1.0,1563,Touche2020
2,0.003,0.18804413427435202,normuon,1.0086603480934706,1.0,0.1,verified-v3-normuon-3e-3,1.0,1563,ArguAna
2,0.003,0.02484942352062515,normuon,1.0018060230598225,0.9906597385853637,0.1,verified-v3-normuon-3e-3,0.8679283004521589,1563,ClimateFEVER
2,0.003,0.1949001010262879,normuon,0.976256654580908,1.0,0.1,verified-v3-normuon-3e-3,0.9538662191964322,1563,DBPedia
2,0.003,0.32536631897474666,normuon,0.9929708628389124,1.0,0.1,verified-v3-normuon-3e-3,1.0,1563,FEVER
2,0.003,0.14447173362821264,normuon,0.9827499535074848,1.0,0.1,verified-v3-normuon-3e-3,0.9538662191964322,1563,FiQA2018
2,0.003,0.19239896575616147,normuon,1.0004972298004946,1.0236115350940154,0.1,verified-v3-normuon-3e-3,1.0,1563,HotpotQA
2,0.003,0.3622330800803404,normuon,0.9945999371459885,1.0,0.1,verified-v3-normuon-3e-3,1.0,1563,MSMARCO
2,0.003,-0.017815816334408503,normuon,0.8931884661232627,0.9937614142119928,0.1,verified-v3-normuon-3e-3,0.6901700564439308,1563,NFCorpus
2,0.003,0.3046868604295423,normuon,0.9880715092543549,1.0,0.1,verified-v3-normuon-3e-3,1.0,1563,NQ
2,0.003,0.3747606324906361,normuon,0.9916173401857471,1.0,0.1,verified-v3-normuon-3e-3,1.0,1563,QuoraRetrieval
2,0.003,0.044791822631952694,normuon,1.0170270777554535,1.0022503649610892,0.1,verified-v3-normuon-3e-3,0.8530445196485911,1563,SCIDOCS
2,0.003,0.16082180995095677,normuon,0.987908309006411,1.0,0.1,verified-v3-normuon-3e-3,1.0,1563,SciFact
2,0.003,0.032624742922595124,normuon,0.9946101224163856,1.029464843164965,0.1,verified-v3-normuon-3e-3,0.8059283593272861,1563,TRECCOVID
2,0.003,0.2537402811235499,normuon,1.001550083163243,1.0,0.1,verified-v3-normuon-3e-3,1.0,1563,Touche2020
3,0.003,0.1863142792323337,normuon,0.9993814828123672,1.0,0.1,verified-v3-normuon-3e-3,1.0,1563,ArguAna
3,0.003,0.019121440590354945,normuon,0.7708820422775037,0.9571994315469943,0.1,verified-v3-normuon-3e-3,0.8386133436720545,1563,ClimateFEVER
3,0.003,0.19814258845907806,normuon,0.9924983082126289,1.0,0.1,verified-v3-normuon-3e-3,0.9538662191964322,1563,DBPedia
3,0.003,0.3267661172568572,normuon,0.997242844377652,1.0,0.1,verified-v3-normuon-3e-3,1.0,1563,FEVER
3,0.003,0.14795130704052145,normuon,1.0064192936842444,1.0241825215502611,0.1,verified-v3-normuon-3e-3,0.9769331095982161,1563,FiQA2018
3,0.003,0.19273588075767933,normuon,1.0022492273976338,1.0236115350940154,0.1,verified-v3-normuon-3e-3,1.0,1563,HotpotQA
3,0.003,0.3570809064778405,normuon,0.9804533784162472,1.0,0.1,verified-v3-normuon-3e-3,1.0,1563,MSMARCO
3,0.003,-0.02316574417508159,normuon,1.1614048504969616,1.0055441023930407,0.1,verified-v3-normuon-3e-3,0.6983531660421469,1563,NFCorpus
3,0.003,0.3073294177624234,normuon,0.9966410800212401,1.0,0.1,verified-v3-normuon-3e-3,1.0,1563,NQ
3,0.003,0.37542464819072785,normuon,0.9933743269801991,1.0,0.1,verified-v3-normuon-3e-3,1.0,1563,QuoraRetrieval
3,0.003,0.04101596665612757,normuon,0.931293844690285,1.0052421486875922,0.1,verified-v3-normuon-3e-3,0.8555909140437343,1563,SCIDOCS
3,0.003,0.16093182698175756,normuon,0.988584129897206,1.0,0.1,verified-v3-normuon-3e-3,1.0,1563,SciFact
3,0.003,0.029977065476689255,normuon,0.9138920369179185,1.0,0.1,verified-v3-normuon-3e-3,0.7828614689255022,1563,TRECCOVID
3,0.003,0.25053821599467996,normuon,0.9889110627368713,1.0,0.1,verified-v3-normuon-3e-3,1.0,1563,Touche2020
4,0.003,0.18486131477000162,normuon,0.9915878462493403,1.0,0.1,verified-v3-normuon-3e-3,1.0,1563,ArguAna
4,0.003,0.022621455144830285,normuon,0.9119853422619142,0.9978138040026242,0.1,verified-v3-normuon-3e-3,0.8741960587924675,1563,ClimateFEVER
4,0.003,0.1979584336240293,normuon,0.9915758747082698,1.0241825215502611,0.1,verified-v3-normuon-3e-3,0.9769331095982161,1563,DBPedia
4,0.003,0.3258363086401824,normuon,0.9944052032005198,1.0,0.1,verified-v3-normuon-3e-3,1.0,1563,FEVER
4,0.003,0.14455239037805628,normuon,0.9832986104327411,1.0,0.1,verified-v3-normuon-3e-3,0.9538662191964322,1563,FiQA2018
4,0.003,0.19213435528816042,normuon,0.9991212242737977,1.0236115350940154,0.1,verified-v3-normuon-3e-3,1.0,1563,HotpotQA
4,0.003,0.3569262701428305,normuon,0.980028786357876,1.0,0.1,verified-v3-normuon-3e-3,1.0,1563,MSMARCO
4,0.003,-0.01936573376920453,normuon,0.9708929254765775,0.9494929477640172,0.1,verified-v3-normuon-3e-3,0.6594254838029086,1563,NFCorpus
4,0.003,0.30048015754838436,normuon,0.9744295581084783,1.0,0.1,verified-v3-normuon-3e-3,1.0,1563,NQ
4,0.003,0.37649338514932784,normuon,0.9962022069877706,1.0,0.1,verified-v3-normuon-3e-3,1.0,1563,QuoraRetrieval
4,0.003,0.04259444415120919,normuon,0.9671341891950522,0.9996324443594333,0.1,verified-v3-normuon-3e-3,0.8508163310639908,1563,SCIDOCS
4,0.003,0.16172688070710478,normuon,0.9934680457144484,1.0,0.1,verified-v3-normuon-3e-3,1.0,1563,SciFact
4,0.003,0.030571134386632032,normuon,0.932003044034322,1.0,0.1,verified-v3-normuon-3e-3,0.7828614689255022,1563,TRECCOVID
4,0.003,0.25448343572524096,normuon,1.004483423308651,1.0,0.1,verified-v3-normuon-3e-3,1.0,1563,Touche2020
5,0.003,0.19233895186274835,normuon,1.031697558057114,1.0,0.1,verified-v3-normuon-3e-3,1.0,1563,ArguAna
5,0.003,0.022074262320907815,normuon,0.8899252302305163,1.0031262969480912,0.1,verified-v3-normuon-3e-3,0.8788503944778032,1563,ClimateFEVER
5,0.003,0.2114495467361583,normuon,1.0591530020882254,1.0241825215502611,0.1,verified-v3-normuon-3e-3,0.9769331095982161,1563,DBPedia
5,0.003,0.35031165178295504,normuon,1.0691004042137622,1.0,0.1,verified-v3-normuon-3e-3,1.0,1563,FEVER
5,0.003,0.1590762146231201,normuon,1.0820950133216176,1.0,0.1,verified-v3-normuon-3e-3,0.9538662191964322,1563,FiQA2018
5,0.003,0.1975518189826623,normuon,1.0272926720650668,1.0,0.1,verified-v3-normuon-3e-3,0.9769331095982161,1563,HotpotQA
5,0.003,0.3868504597991217,normuon,1.062193002681495,1.0,0.1,verified-v3-normuon-3e-3,1.0,1563,MSMARCO
5,0.003,-0.01921523726179241,normuon,0.963347846312693,1.0138411621273764,0.1,verified-v3-normuon-3e-3,0.704115497023478,1563,NFCorpus
5,0.003,0.3453679566453529,normuon,1.11999656857398,1.0,0.1,verified-v3-normuon-3e-3,1.0,1563,NQ
5,0.003,0.4026657382802967,normuon,1.06545430272059,1.0,0.1,verified-v3-normuon-3e-3,1.0,1563,QuoraRetrieval
5,0.003,0.044304215922599366,normuon,1.0059556545007589,0.998320330316465,0.1,verified-v3-normuon-3e-3,0.8496995525297655,1563,SCIDOCS
5,0.003,0.17105112221505808,normuon,1.050745697692738,1.0,0.1,verified-v3-normuon-3e-3,1.0,1563,SciFact
5,0.003,0.03386532176925615,normuon,1.0324308734173118,1.0104528194617213,0.1,verified-v3-normuon-3e-3,0.7910445785237183,1563,TRECCOVID
5,0.003,0.26464836563091065,normuon,1.0446058916345013,1.0,0.1,verified-v3-normuon-3e-3,1.0,1563,Touche2020
6,0.003,0.19198401857808758,normuon,1.0297937117508338,1.0,0.1,verified-v3-normuon-3e-3,1.0,1563,ArguAna
6,0.003,0.028623872695143486,normuon,1.1539731714698116,1.0,0.1,verified-v3-normuon-3e-3,0.876111410050375,1563,ClimateFEVER
6,0.003,0.21346056415482084,normuon,1.0692262094755456,1.0241825215502611,0.1,verified-v3-normuon-3e-3,0.9769331095982161,1563,DBPedia
6,0.003,0.3553812384632459,normuon,1.0845720482242036,1.0,0.1,verified-v3-normuon-3e-3,1.0,1563,FEVER
6,0.003,0.15206304749890553,normuon,1.0343888669899164,1.0241825215502611,0.1,verified-v3-normuon-3e-3,0.9769331095982161,1563,FiQA2018
6,0.003,0.20596648449854318,normuon,1.0710499215141427,1.0,0.1,verified-v3-normuon-3e-3,0.9769331095982161,1563,HotpotQA
6,0.003,0.3834131002203274,normuon,1.05275488725521,1.0,0.1,verified-v3-normuon-3e-3,1.0,1563,MSMARCO
6,0.003,-0.023156695216013726,normuon,1.160951184736262,0.956604075341933,0.1,verified-v3-normuon-3e-3,0.6643641816147188,1563,NFCorpus
6,0.003,0.3265844677821106,normuon,1.0590834390612682,1.0,0.1,verified-v3-normuon-3e-3,1.0,1563,NQ
6,0.003,0.39304516765775876,normuon,1.039998254713657,1.0,0.1,verified-v3-normuon-3e-3,1.0,1563,QuoraRetrieval
6,0.003,0.047002838744253955,normuon,1.0672296174922462,0.9996324443594333,0.1,verified-v3-normuon-3e-3,0.8508163310639908,1563,SCIDOCS
6,0.003,0.17453808610455665,normuon,1.0721656817153742,1.0,0.1,verified-v3-normuon-3e-3,1.0,1563,SciFact
6,0.003,0.03605030413135743,normuon,1.0990430634291475,1.037471059576294,0.1,verified-v3-normuon-3e-3,0.8121961176675947,1563,TRECCOVID
6,0.003,0.2603043064218298,normuon,1.0274592531786129,1.0,0.1,verified-v3-normuon-3e-3,1.0,1563,Touche2020
7,0.003,0.1857604158713292,normuon,0.9964105844503265,1.0,0.1,verified-v3-normuon-3e-3,1.0,1563,ArguAna
7,0.003,0.024462954416320664,normuon,0.9862254975761058,0.9906597385853637,0.1,verified-v3-normuon-3e-3,0.8679283004521589,1563,ClimateFEVER
7,0.003,0.19797252746545932,normuon,0.9916464709081292,1.0,0.1,verified-v3-normuon-3e-3,0.9538662191964322,1563,DBPedia
7,0.003,0.326554973461721,normuon,0.9965984641077453,1.0,0.1,verified-v3-normuon-3e-3,1.0,1563,FEVER
7,0.003,0.14803781216176115,normuon,1.007007733386195,1.0,0.1,verified-v3-normuon-3e-3,0.9538662191964322,1563,FiQA2018
7,0.003,0.1903579728928544,normuon,0.9898838270841346,1.0,0.1,verified-v3-normuon-3e-3,0.9769331095982161,1563,HotpotQA
7,0.003,0.3610396524552233,normuon,0.9913230883262548,1.0,0.1,verified-v3-normuon-3e-3,1.0,1563,MSMARCO
7,0.003,-0.019041213308548344,normuon,0.9546232285377234,0.9577900074983525,0.1,verified-v3-normuon-3e-3,0.6651878147842394,1563,NFCorpus
7,0.003,0.3024141743075105,normuon,0.9807013968593157,1.0,0.1,verified-v3-normuon-3e-3,1.0,1563,NQ
7,0.003,0.3782663909932531,normuon,1.00089358379382,1.0,0.1,verified-v3-normuon-3e-3,1.0,1563,QuoraRetrieval
7,0.003,0.03876262192980942,normuon,0.880130206608092,1.029351880522351,0.1,verified-v3-normuon-3e-3,0.876111410050375,1563,SCIDOCS
7,0.003,0.16115229717226026,normuon,0.9899384507642095,1.0,0.1,verified-v3-normuon-3e-3,1.0,1563,SciFact
7,0.003,0.033695390673263124,normuon,1.0272502904288427,1.029464843164965,0.1,verified-v3-normuon-3e-3,0.8059283593272861,1563,TRECCOVID
7,0.003,0.2493296372734743,normuon,0.9841406253692881,1.0,0.1,verified-v3-normuon-3e-3,1.0,1563,Touche2020
8,0.003,0.18639761909121944,normuon,0.9998285140978583,1.0,0.1,verified-v3-normuon-3e-3,1.0,1563,ArguAna
8,0.003,0.02932924841408656,normuon,1.1824104365504604,0.9978138040026242,0.1,verified-v3-normuon-3e-3,0.8741960587924675,1563,ClimateFEVER
8,0.003,0.2015607941421596,normuon,1.0096201364069843,1.0483650431005225,0.1,verified-v3-normuon-3e-3,1.0,1563,DBPedia
8,0.003,0.32929758948205645,normuon,1.0049685308212568,1.0,0.1,verified-v3-normuon-3e-3,1.0,1563,FEVER
8,0.003,0.1470885520142678,normuon,1.0005505161687682,1.0,0.1,verified-v3-normuon-3e-3,0.9538662191964322,1563,FiQA2018
8,0.003,0.1861815795892791,normuon,0.9681660911578405,1.0,0.1,verified-v3-normuon-3e-3,0.9769331095982161,1563,HotpotQA
8,0.003,0.35994397582688653,normuon,0.9883146388896811,1.0,0.1,verified-v3-normuon-3e-3,1.0,1563,MSMARCO
8,0.003,-0.021287849369332392,normuon,1.0672573834595689,0.9921533881825074,0.1,verified-v3-normuon-3e-3,0.6890532779097056,1563,NFCorpus
8,0.003,0.30793646163079547,normuon,0.9986096675420816,1.0,0.1,verified-v3-normuon-3e-3,1.0,1563,NQ
8,0.003,0.3717047574908607,normuon,0.9835314891744534,1.0,0.1,verified-v3-normuon-3e-3,1.0,1563,QuoraRetrieval
8,0.003,0.043370472631336386,normuon,0.9847544138481957,1.0022503649610892,0.1,verified-v3-normuon-3e-3,0.8530445196485911,1563,SCIDOCS
8,0.003,0.16095571715909898,normuon,0.9887308842752747,1.0,0.1,verified-v3-normuon-3e-3,1.0,1563,SciFact
8,0.003,0.029352304347878007,normuon,0.894845335330652,1.029464843164965,0.1,verified-v3-normuon-3e-3,0.8059283593272861,1563,TRECCOVID
8,0.003,0.2509112054935015,normuon,0.9903833069619884,1.0,0.1,verified-v3-normuon-3e-3,1.0,1563,Touche2020
9,0.003,0.1889447694122376,normuon,1.0134913147981246,1.0,0.1,verified-v3-normuon-3e-3,1.0,1563,ArguAna
9,0.003,0.024264217246279023,normuon,0.9782133964588171,0.97148508583143,0.1,verified-v3-normuon-3e-3,0.8511291683906836,1563,ClimateFEVER
9,0.003,0.19861988707320205,normuon,0.9948891019875276,1.0,0.1,verified-v3-normuon-3e-3,0.9538662191964322,1563,DBPedia
9,0.003,0.3291259724401412,normuon,1.004444780475107,1.0,0.1,verified-v3-normuon-3e-3,1.0,1563,FEVER
9,0.003,0.14650763240660103,normuon,0.9965988869947509,1.0,0.1,verified-v3-normuon-3e-3,0.9538662191964322,1563,FiQA2018
9,0.003,0.1904323811246305,normuon,0.9902707586327205,1.0236115350940154,0.1,verified-v3-normuon-3e-3,1.0,1563,HotpotQA
9,0.003,0.3578575487678915,normuon,0.9825858406770057,1.0,0.1,verified-v3-normuon-3e-3,1.0,1563,MSMARCO
9,0.003,-0.017095503293682174,normuon,0.8570758744856652,0.9704452374693091,0.1,verified-v3-normuon-3e-3,0.6739769070738528,1563,NFCorpus
9,0.003,0.3020218964954795,normuon,0.9794292759374156,1.0,0.1,verified-v3-normuon-3e-3,1.0,1563,NQ
9,0.003,0.37438325956129953,normuon,0.9906188107031815,1.0,0.1,verified-v3-normuon-3e-3,1.0,1563,QuoraRetrieval
9,0.003,0.04035644077100313,normuon,0.9163188862215556,0.9742105984817063,0.1,verified-v3-normuon-3e-3,0.829179056523125,1563,SCIDOCS
9,0.003,0.15759937358728787,normuon,0.9681132845636211,1.0,0.1,verified-v3-normuon-3e-3,1.0,1563,SciFact
9,0.003,0.03494443896758758,normuon,1.0653292441808928,1.039917662626686,0.1,verified-v3-normuon-3e-3,0.8141114689255022,1563,TRECCOVID
9,0.003,0.2532218859690586,normuon,0.999503901501454,1.0,0.1,verified-v3-normuon-3e-3,1.0,1563,Touche2020
10,0.003,0.18660262893532187,normuon,1.0009281777566739,1.0,0.1,verified-v3-normuon-3e-3,1.0,1563,ArguAna
10,0.003,0.021018961675015053,normuon,0.8473807204024794,0.9835281497181885,0.1,verified-v3-normuon-3e-3,0.8616802340738384,1563,ClimateFEVER
10,0.003,0.19548441585384035,normuon,0.9791834936936874,1.0,0.1,verified-v3-normuon-3e-3,0.9538662191964322,1563,DBPedia
10,0.003,0.3271221343073862,normuon,0.9983293568321773,1.0,0.1,verified-v3-normuon-3e-3,1.0,1563,FEVER
10,0.003,0.14817063214333698,normuon,1.0079112238298995,1.0,0.1,verified-v3-normuon-3e-3,0.9538662191964322,1563,FiQA2018
10,0.003,0.1862024297992785,normuon,0.9682745146998444,1.0,0.1,verified-v3-normuon-3e-3,0.9769331095982161,1563,HotpotQA
10,0.003,0.36608053569751303,normuon,1.005164072023353,1.0,0.1,verified-v3-normuon-3e-3,1.0,1563,MSMARCO
10,0.003,-0.023787997074787043,normuon,1.1926012381671267,0.9452844818785612,0.1,verified-v3-normuon-3e-3,0.6565026925814254,1563,NFCorpus
10,0.003,0.3032550565903088,normuon,0.9834283008849716,1.0,0.1,verified-v3-normuon-3e-3,1.0,1563,NQ
10,0.003,0.3703801798903676,normuon,0.9800266543460423,1.0,0.1,verified-v3-normuon-3e-3,1.0,1563,QuoraRetrieval
10,0.003,0.042980761590053915,normuon,0.9759057745610369,1.0022503649610892,0.1,verified-v3-normuon-3e-3,0.8530445196485911,1563,SCIDOCS
10,0.003,0.16287539099830253,normuon,1.0005232011066159,1.0,0.1,verified-v3-normuon-3e-3,1.0,1563,SciFact
10,0.003,0.029070982908933354,normuon,0.8862688646595741,1.029464843164965,0.1,verified-v3-normuon-3e-3,0.8059283593272861,1563,TRECCOVID
10,0.003,0.25360426609282055,normuon,1.0010132118997004,1.0,0.1,verified-v3-normuon-3e-3,1.0,1563,Touche2020
11,0.003,0.18138403290393168,normuon,0.9729358614321377,1.0,0.1,verified-v3-normuon-3e-3,1.0,1563,ArguAna
11,0.003,0.02164153663483287,normuon,0.8724798678347746,0.9835281497181885,0.1,verified-v3-normuon-3e-3,0.8616802340738384,1563,ClimateFEVER
11,0.003,0.19740167087516478,normuon,0.9887870442472305,1.0241825215502611,0.1,verified-v3-normuon-3e-3,0.9769331095982161,1563,DBPedia
11,0.003,0.33141094676404814,normuon,1.0114181910393112,1.0,0.1,verified-v3-normuon-3e-3,1.0,1563,FEVER
11,0.003,0.1417861827151169,normuon,0.9644818468771686,1.0,0.1,verified-v3-normuon-3e-3,0.9538662191964322,1563,FiQA2018
11,0.003,0.19205926286665645,normuon,0.998730734858231,1.0236115350940154,0.1,verified-v3-normuon-3e-3,1.0,1563,HotpotQA
11,0.003,0.3642501269908167,normuon,1.0001382351113077,1.0,0.1,verified-v3-normuon-3e-3,1.0,1563,MSMARCO
11,0.003,-0.02318554024966044,normuon,1.1623973183781102,0.9667864674609915,0.1,verified-v3-normuon-3e-3,0.6714358811625598,1563,NFCorpus
11,0.003,0.3097246313326562,normuon,1.0044085376792107,1.0,0.1,verified-v3-normuon-3e-3,1.0,1563,NQ
11,0.003,0.3749023505785821,normuon,0.9919923265136633,1.0,0.1,verified-v3-normuon-3e-3,1.0,1563,QuoraRetrieval
11,0.003,0.04461986271913204,normuon,1.0131226175805663,1.0306639945653193,0.1,verified-v3-normuon-3e-3,0.8772281885846003,1563,SCIDOCS
11,0.003,0.15760473068248482,normuon,0.9681461925308851,1.0,0.1,verified-v3-normuon-3e-3,1.0,1563,SciFact
11,0.003,0.032890350417949285,normuon,1.0027075319222838,1.039917662626686,0.1,verified-v3-normuon-3e-3,0.8141114689255022,1563,TRECCOVID
11,0.003,0.25545290028955425,normuon,1.008310042049327,1.0,0.1,verified-v3-normuon-3e-3,1.0,1563,Touche2020
12,0.003,0.18107461784776008,normuon,0.9712761728730249,1.0,0.1,verified-v3-normuon-3e-3,1.0,1563,ArguAna
12,0.003,0.026566192980524376,normuon,1.071017688421182,1.0,0.1,verified-v3-normuon-3e-3,0.876111410050375,1563,ClimateFEVER
12,0.003,0.20082947573654508,normuon,1.0059569548265788,1.0241825215502611,0.1,verified-v3-normuon-3e-3,0.9769331095982161,1563,DBPedia
12,0.003,0.3286670508570095,normuon,1.0030442182970254,1.0,0.1,verified-v3-normuon-3e-3,1.0,1563,FEVER
12,0.003,0.14721975915508656,normuon,1.001443035475495,1.0,0.1,verified-v3-normuon-3e-3,0.9538662191964322,1563,FiQA2018
12,0.003,0.18997657492381817,normuon,0.9879005128289223,1.0,0.1,verified-v3-normuon-3e-3,0.9769331095982161,1563,HotpotQA
12,0.003,0.36967162423468086,normuon,1.0150242880824734,1.0,0.1,verified-v3-normuon-3e-3,1.0,1563,MSMARCO
12,0.003,-0.017782364974433362,normuon,0.8915113962464125,1.0122457828987237,0.1,verified-v3-normuon-3e-3,0.7030075017274826,1563,NFCorpus
12,0.003,0.30728239527519563,normuon,0.9964885904131928,1.0,0.1,verified-v3-normuon-3e-3,1.0,1563,NQ
12,0.003,0.37750938738474804,normuon,0.9988905508183765,1.0,0.1,verified-v3-normuon-3e-3,1.0,1563,QuoraRetrieval
12,0.003,0.039214957527133235,normuon,0.8904007766291215,1.0022503649610892,0.1,verified-v3-normuon-3e-3,0.8530445196485911,1563,SCIDOCS
12,0.003,0.16195784949933748,normuon,0.9948868581817215,1.0,0.1,verified-v3-normuon-3e-3,1.0,1563,SciFact
12,0.003,0.029491562771699228,normuon,0.8990908197561679,1.0,0.1,verified-v3-normuon-3e-3,0.7828614689255022,1563,TRECCOVID
12,0.003,0.2538507964083076,normuon,1.0019863031916505,1.0,0.1,verified-v3-normuon-3e-3,1.0,1563,Touche2020
13,0.003,0.18259119160308085,normuon,0.9794110068461999,1.0,0.1,verified-v3-normuon-3e-3,1.0,1563,ArguAna
13,0.003,0.02257413702176204,normuon,0.9100777092477998,0.9317883377764301,0.1,verified-v3-normuon-3e-3,0.8163503944778032,1563,ClimateFEVER
13,0.003,0.1951056077092148,normuon,0.9772860397157119,1.0,0.1,verified-v3-normuon-3e-3,0.9538662191964322,1563,DBPedia
13,0.003,0.32410597453926104,normuon,0.989124474234456,1.0,0.1,verified-v3-normuon-3e-3,1.0,1563,FEVER
13,0.003,0.1504185234964972,normuon,1.0232022089058666,1.0,0.1,verified-v3-normuon-3e-3,0.9538662191964322,1563,FiQA2018
13,0.003,0.1945690674227219,normuon,1.0117820134647209,1.0236115350940154,0.1,verified-v3-normuon-3e-3,1.0,1563,HotpotQA
13,0.003,0.35750562017412396,normuon,0.9816195342392738,1.0,0.1,verified-v3-normuon-3e-3,1.0,1563,MSMARCO
13,0.003,-0.019790653686198957,normuon,0.9921961069733729,0.9969697363034675,0.1,verified-v3-normuon-3e-3,0.6923982450285311,1563,NFCorpus
13,0.003,0.29908659037316787,normuon,0.9699103477292638,1.0,0.1,verified-v3-normuon-3e-3,1.0,1563,NQ
13,0.003,0.374184310978884,normuon,0.99009239237899,1.0,0.1,verified-v3-normuon-3e-3,1.0,1563,QuoraRetrieval
13,0.003,0.050697330912000696,normuon,1.151115433080235,1.0271015155612617,0.1,verified-v3-normuon-3e-3,0.8741960587924675,1563,SCIDOCS
13,0.003,0.16373676382896313,normuon,1.0058145069116027,1.0,0.1,verified-v3-normuon-3e-3,1.0,1563,SciFact
13,0.003,0.029628631214256372,normuon,0.9032695395932755,1.0104528194617213,0.1,verified-v3-normuon-3e-3,0.7910445785237183,1563,TRECCOVID
13,0.003,0.2485226071944527,normuon,0.9809551593519089,1.0,0.1,verified-v3-normuon-3e-3,1.0,1563,Touche2020
14,0.003,0.19487658912888028,normuon,1.045309331155323,1.0,0.1,verified-v3-normuon-3e-3,1.0,1563,ArguAna
14,0.003,0.02337790588236368,normuon,0.9424816998285196,0.9808253472460663,0.1,verified-v3-normuon-3e-3,0.8593122779888998,1563,ClimateFEVER
14,0.003,0.21098905611507338,normuon,1.0568463997271236,1.0241825215502611,0.1,verified-v3-normuon-3e-3,0.9769331095982161,1563,DBPedia
14,0.003,0.3463837021230338,normuon,1.0571128709764865,1.0,0.1,verified-v3-normuon-3e-3,1.0,1563,FEVER
14,0.003,0.1518316262992664,normuon,1.032814654737634,1.0241825215502611,0.1,verified-v3-normuon-3e-3,0.9769331095982161,1563,FiQA2018
14,0.003,0.19533243988429866,normuon,1.015751639965112,1.0,0.1,verified-v3-normuon-3e-3,0.9769331095982161,1563,HotpotQA
14,0.003,0.38219745421920237,normuon,1.0494170324241643,1.0,0.1,verified-v3-normuon-3e-3,1.0,1563,MSMARCO
14,0.003,-0.021045482865856467,normuon,1.055106440644716,0.9918760818272697,0.1,verified-v3-normuon-3e-3,0.6888606878774206,1563,NFCorpus
14,0.003,0.3348112994945979,normuon,1.0857622988423539,1.0,0.1,verified-v3-normuon-3e-3,1.0,1563,NQ
14,0.003,0.3960401623141517,normuon,1.0479230162215698,1.0,0.1,verified-v3-normuon-3e-3,1.0,1563,QuoraRetrieval
14,0.003,0.04717879703142735,normuon,1.0712248633227464,1.002991783726503,0.1,verified-v3-normuon-3e-3,0.8536755627858269,1563,SCIDOCS
14,0.003,0.17214205763226645,normuon,1.0574471778189607,1.0,0.1,verified-v3-normuon-3e-3,1.0,1563,SciFact
14,0.003,0.03111244194418149,normuon,0.94850554881594,1.0104528194617213,0.1,verified-v3-normuon-3e-3,0.7910445785237183,1563,TRECCOVID
14,0.003,0.26350836857273197,normuon,1.0401061561436717,1.0,0.1,verified-v3-normuon-3e-3,1.0,1563,Touche2020
15,0.003,0.18503396289328128,normuon,0.9925139230812338,1.0,0.1,verified-v3-normuon-3e-3,1.0,1563,ArguAna
15,0.003,0.021490205580344278,normuon,0.8663789471539857,1.0,0.1,verified-v3-normuon-3e-3,0.876111410050375,1563,ClimateFEVER
15,0.003,0.20124727468238304,normuon,1.0080497141376485,1.0241825215502611,0.1,verified-v3-normuon-3e-3,0.9769331095982161,1563,DBPedia
15,0.003,0.3295028626777678,normuon,1.0055949948723162,1.0,0.1,verified-v3-normuon-3e-3,1.0,1563,FEVER
15,0.003,0.14360749376810944,normuon,0.976871075605172,1.0,0.1,verified-v3-normuon-3e-3,0.9538662191964322,1563,FiQA2018
15,0.003,0.18902177069899545,normuon,0.9829354186654349,1.0236115350940154,0.1,verified-v3-normuon-3e-3,1.0,1563,HotpotQA
15,0.003,0.3618325625886187,normuon,0.9935002179486034,1.0,0.1,verified-v3-normuon-3e-3,1.0,1563,MSMARCO
15,0.003,-0.024024991725267328,normuon,1.2044828653891742,0.9476202621801273,0.1,verified-v3-normuon-3e-3,0.6581248984746284,1563,NFCorpus
15,0.003,0.3039342272486475,normuon,0.985630788962337,1.0,0.1,verified-v3-normuon-3e-3,1.0,1563,NQ
15,0.003,0.3699231248358551,normuon,0.9788172858100197,1.0,0.1,verified-v3-normuon-3e-3,1.0,1563,QuoraRetrieval
15,0.003,0.04207543864813572,normuon,0.9553498361789444,1.029351880522351,0.1,verified-v3-normuon-3e-3,0.876111410050375,1563,SCIDOCS
15,0.003,0.15735818537140936,normuon,0.9666316954522097,1.0,0.1,verified-v3-normuon-3e-3,1.0,1563,SciFact
15,0.003,0.028821301314184228,normuon,0.8786569781197248,1.0,0.1,verified-v3-normuon-3e-3,0.7828614689255022,1563,TRECCOVID
15,0.003,0.2523560924567393,normuon,0.9960864875992309,1.0,0.1,verified-v3-normuon-3e-3,1.0,1563,Touche2020
16,0.003,0.18596557432614935,normuon,0.9975110452504028,1.0,0.1,verified-v3-normuon-3e-3,1.0,1563,ArguAna
16,0.003,0.02495033419962341,normuon,1.0058742432311114,0.9978138040026242,0.1,verified-v3-normuon-3e-3,0.8741960587924675,1563,ClimateFEVER
16,0.003,0.19759764805263655,normuon,0.9897686959890477,1.0241825215502611,0.1,verified-v3-normuon-3e-3,0.9769331095982161,1563,DBPedia
16,0.003,0.3246647885621542,normuon,0.9908298936651678,1.0,0.1,verified-v3-normuon-3e-3,1.0,1563,FEVER
16,0.003,0.1461209459212236,normuon,0.9939685030713145,1.0,0.1,verified-v3-normuon-3e-3,0.9538662191964322,1563,FiQA2018
16,0.003,0.19616709228613505,normuon,1.020091930530613,1.0,0.1,verified-v3-normuon-3e-3,0.9769331095982161,1563,HotpotQA
16,0.003,0.3702527695011548,normuon,1.0166199652232235,1.0,0.1,verified-v3-normuon-3e-3,1.0,1563,MSMARCO
16,0.003,-0.02496694098961121,normuon,1.2517070959713188,0.987329310094051,0.1,verified-v3-normuon-3e-3,0.6857029423070298,1563,NFCorpus
16,0.003,0.2998891122087797,normuon,0.9725128523472989,1.0,0.1,verified-v3-normuon-3e-3,1.0,1563,NQ
16,0.003,0.3792803316204175,normuon,1.003576472605094,1.0,0.1,verified-v3-normuon-3e-3,1.0,1563,QuoraRetrieval
16,0.003,0.036567744683140446,normuon,0.8302941101725054,0.9996324443594333,0.1,verified-v3-normuon-3e-3,0.8508163310639908,1563,SCIDOCS
16,0.003,0.15917532589815006,normuon,0.9777941629405862,1.0,0.1,verified-v3-normuon-3e-3,1.0,1563,SciFact
16,0.003,0.03341247565981706,normuon,1.0186252374491258,1.0104528194617213,0.1,verified-v3-normuon-3e-3,0.7910445785237183,1563,TRECCOVID
16,0.003,0.25602695156748695,normuon,1.0105759065884836,1.0,0.1,verified-v3-normuon-3e-3,1.0,1563,Touche2020
17,0.003,0.18789931441989272,normuon,1.0078835408541837,1.0,0.1,verified-v3-normuon-3e-3,1.0,1563,ArguAna
17,0.003,0.015137906686732074,normuon,0.6102856302762323,0.9884735425879879,0.1,verified-v3-normuon-3e-3,0.8660129491942514,1563,ClimateFEVER
17,0.003,0.19401676695646153,normuon,0.9718320249406713,1.0,0.1,verified-v3-normuon-3e-3,0.9538662191964322,1563,DBPedia
17,0.003,0.32777908040969983,normuon,1.000334261150819,1.0,0.1,verified-v3-normuon-3e-3,1.0,1563,FEVER
17,0.003,0.14530424461000305,normuon,0.9884129998910386,1.0,0.1,verified-v3-normuon-3e-3,0.9538662191964322,1563,FiQA2018
17,0.003,0.19600886869612613,normuon,1.0192691492704808,1.0236115350940154,0.1,verified-v3-normuon-3e-3,1.0,1563,HotpotQA
17,0.003,0.356006010188798,normuon,0.9775019865078025,1.0,0.1,verified-v3-normuon-3e-3,1.0,1563,MSMARCO
17,0.003,-0.018239061731432298,normuon,0.9144076962649259,1.002335780301566,0.1,verified-v3-normuon-3e-3,0.6961249774575468,1563,NFCorpus
17,0.003,0.30151767939669155,normuon,0.9777941461878462,1.0,0.1,verified-v3-normuon-3e-3,1.0,1563,NQ
17,0.003,0.3798720534352678,normuon,1.0051421696428862,1.0,0.1,verified-v3-normuon-3e-3,1.0,1563,QuoraRetrieval
17,0.003,0.04519000525587007,normuon,1.0260680697629279,1.0022503649610892,0.1,verified-v3-normuon-3e-3,0.8530445196485911,1563,SCIDOCS
17,0.003,0.1636267065596647,normuon,1.005138438840738,1.0,0.1,verified-v3-normuon-3e-3,1.0,1563,SciFact
17,0.003,0.032473161569426215,normuon,0.9899889565549695,1.0,0.1,verified-v3-normuon-3e-3,0.7828614689255022,1563,TRECCOVID
17,0.003,0.24991871810131722,normuon,0.9864658137449905,1.0,0.1,verified-v3-normuon-3e-3,1.0,1563,Touche2020
18,0.003,0.1814818387635414,normuon,0.9734604877002222,1.0,0.1,verified-v3-normuon-3e-3,1.0,1563,ArguAna
18,0.003,0.025885674162173498,normuon,1.0435825308021889,1.0,0.1,verified-v3-normuon-3e-3,0.876111410050375,1563,ClimateFEVER
18,0.003,0.1966095566838409,normuon,0.9848193359371994,1.015603635503631,0.1,verified-v3-normuon-3e-3,0.96875,1563,DBPedia
18,0.003,0.3248185322026982,normuon,0.9912990969800285,1.0,0.1,verified-v3-normuon-3e-3,1.0,1563,FEVER
18,0.003,0.14379998588533885,normuon,0.9781804778979732,1.0241825215502611,0.1,verified-v3-normuon-3e-3,0.9769331095982161,1563,FiQA2018
18,0.003,0.18573295151389563,normuon,0.9658331724497392,1.0236115350940154,0.1,verified-v3-normuon-3e-3,1.0,1563,HotpotQA
18,0.003,0.35795728488358947,normuon,0.9828596906919805,1.0,0.1,verified-v3-normuon-3e-3,1.0,1563,MSMARCO
18,0.003,-0.022377088078925293,normuon,1.1218659084915859,1.0000283540437773,0.1,verified-v3-normuon-3e-3,0.6945224635263321,1563,NFCorpus
18,0.003,0.299793010270085,normuon,0.9722012025850661,1.0,0.1,verified-v3-normuon-3e-3,1.0,1563,NQ
18,0.003,0.37620519228290267,normuon,0.9954396481198187,1.0,0.1,verified-v3-normuon-3e-3,1.0,1563,QuoraRetrieval
18,0.003,0.039382624205949415,normuon,0.8942077561707787,0.9764609634427958,0.1,verified-v3-normuon-3e-3,0.8310944077810325,1563,SCIDOCS
18,0.003,0.1655733707225096,normuon,1.0170965538619903,1.0,0.1,verified-v3-normuon-3e-3,1.0,1563,SciFact
18,0.003,0.03261907699892251,normuon,0.9944373889468532,1.039917662626686,0.1,verified-v3-normuon-3e-3,0.8141114689255022,1563,TRECCOVID
18,0.003,0.2473898885285382,normuon,0.9764841527422219,1.0,0.1,verified-v3-normuon-3e-3,1.0,1563,Touche2020
19,0.003,0.18388944050083283,normuon,0.9863747560222734,1.0,0.1,verified-v3-normuon-3e-3,1.0,1563,ArguAna
19,0.003,0.027414663254266725,normuon,1.1052238191958774,1.0,0.1,verified-v3-normuon-3e-3,0.876111410050375,1563,ClimateFEVER
19,0.003,0.20193518694959614,normuon,1.0114954739145716,1.015603635503631,0.1,verified-v3-normuon-3e-3,0.96875,1563,DBPedia
19,0.003,0.3289345848380534,normuon,1.0038606932438885,1.0,0.1,verified-v3-normuon-3e-3,1.0,1563,FEVER
19,0.003,0.14152619560128285,normuon,0.9627133187532488,1.0,0.1,verified-v3-normuon-3e-3,0.9538662191964322,1563,FiQA2018
19,0.003,0.1886702178830721,normuon,0.9811073027133687,1.0,0.1,verified-v3-normuon-3e-3,0.9769331095982161,1563,HotpotQA
19,0.003,0.3606013225275424,normuon,0.9901195457938502,1.0,0.1,verified-v3-normuon-3e-3,1.0,1563,MSMARCO
19,0.003,-0.021836310339035728,normuon,1.0947542437247746,0.9471571674624513,0.1,verified-v3-normuon-3e-3,0.6578032779097056,1563,NFCorpus
19,0.003,0.30203976470590876,normuon,0.9794872209030161,1.0,0.1,verified-v3-normuon-3e-3,1.0,1563,NQ
19,0.003,0.3736355585426317,normuon,0.9886403923979874,1.0,0.1,verified-v3-normuon-3e-3,1.0,1563,QuoraRetrieval
19,0.003,0.042231945346660665,normuon,0.9589034212062354,1.0013121140429682,0.1,verified-v3-normuon-3e-3,0.8522459469249088,1563,SCIDOCS
19,0.003,0.15760537561682855,normuon,0.968150154282075,1.0,0.1,verified-v3-normuon-3e-3,1.0,1563,SciFact
19,0.003,0.029702514138570377,normuon,0.905521962074298,1.0104528194617213,0.1,verified-v3-normuon-3e-3,0.7910445785237183,1563,TRECCOVID
19,0.003,0.2551557981412653,normuon,1.0071373363204252,1.0,0.1,verified-v3-normuon-3e-3,1.0,1563,Touche2020
0,0.003,0.18766788710105187,normuon,1.0066421750392853,1.0,0.25,verified-v3-normuon-3e-3,1.0,1563,ArguAna
0,0.003,0.027844034520542182,normuon,1.1225339479530518,0.9888406426636555,0.25,verified-v3-normuon-3e-3,0.8663345697591741,1563,ClimateFEVER
0,0.003,0.19827212691824647,normuon,0.9931471677161458,1.0,0.25,verified-v3-normuon-3e-3,0.9538662191964322,1563,DBPedia
0,0.003,0.3220043761534691,normuon,0.9827107004638445,1.0,0.25,verified-v3-normuon-3e-3,1.0,1563,FEVER
0,0.003,0.13600762094222807,normuon,0.9251739409565489,1.0,0.25,verified-v3-normuon-3e-3,0.9538662191964322,1563,FiQA2018
0,0.003,0.1935372323361277,normuon,1.006416349768499,1.0,0.25,verified-v3-normuon-3e-3,0.9769331095982161,1563,HotpotQA
0,0.003,0.3579554896722622,normuon,0.9828547614981232,1.0,0.25,verified-v3-normuon-3e-3,1.0,1563,MSMARCO
0,0.003,-0.02410299809560769,normuon,1.208393681989679,0.9487651934919367,0.25,verified-v3-normuon-3e-3,0.6589200564439308,1563,NFCorpus
0,0.003,0.29673075744516075,normuon,0.9622705978777424,1.0,0.25,verified-v3-normuon-3e-3,1.0,1563,NQ
0,0.003,0.3624366005240036,normuon,0.9590079283649321,1.0,0.25,verified-v3-normuon-3e-3,1.0,1563,QuoraRetrieval
0,0.003,0.042709275663203414,normuon,0.9697415123673495,0.949359447881534,0.25,verified-v3-normuon-3e-3,0.8080275173792486,1563,SCIDOCS
0,0.003,0.15495766829762372,normuon,0.9518856186369582,1.0,0.25,verified-v3-normuon-3e-3,1.0,1563,SciFact
0,0.003,0.028857600044453313,normuon,0.8797635947953611,1.0,0.25,verified-v3-normuon-3e-3,0.7828614689255022,1563,TRECCOVID
0,0.003,0.24435211852734937,normuon,0.9644936292673935,1.0,0.25,verified-v3-normuon-3e-3,1.0,1563,Touche2020
1,0.003,0.18840791775285887,normuon,1.0106116664447573,1.0,0.25,verified-v3-normuon-3e-3,1.0,1563,ArguAna
1,0.003,0.019202713371877272,normuon,0.7741585594157107,0.9674573173622606,0.25,verified-v3-normuon-3e-3,0.8476003944778032,1563,ClimateFEVER
1,0.003,0.20990548803262854,normuon,1.0514187958130774,1.0241825215502611,0.25,verified-v3-normuon-3e-3,0.9769331095982161,1563,DBPedia
1,0.003,0.35218201685337935,normuon,1.0748084874095127,1.0,0.25,verified-v3-normuon-3e-3,1.0,1563,FEVER
1,0.003,0.15787670269363224,normuon,1.0739354912938037,1.0241825215502611,0.25,verified-v3-normuon-3e-3,0.9769331095982161,1563,FiQA2018
1,0.003,0.1902966629626685,normuon,0.9895650082429357,1.0,0.25,verified-v3-normuon-3e-3,0.9769331095982161,1563,HotpotQA
1,0.003,0.37312830129885377,normuon,1.0245154444119777,1.0,0.25,verified-v3-normuon-3e-3,1.0,1563,MSMARCO
1,0.003,-0.02546680436326839,normuon,1.276767536178359,0.9610109763906604,0.25,verified-v3-normuon-3e-3,0.6674247866070697,1563,NFCorpus
1,0.003,0.32410593955228933,normuon,1.051045799612962,1.0,0.25,verified-v3-normuon-3e-3,1.0,1563,NQ
1,0.003,0.39207172647114574,normuon,1.0374225274984443,1.0,0.25,verified-v3-normuon-3e-3,1.0,1563,QuoraRetrieval
1,0.003,0.039091130254364816,normuon,0.8875891989354678,0.9728984844387383,0.25,verified-v3-normuon-3e-3,0.8280622779888998,1563,SCIDOCS
1,0.003,0.16668948714790888,normuon,1.0239527177791028,1.0,0.25,verified-v3-normuon-3e-3,1.0,1563,SciFact
1,0.003,0.03714411012377214,normuon,1.132389242266373,1.0693825057916508,0.25,verified-v3-normuon-3e-3,0.8371783593272861,1563,TRECCOVID
1,0.003,0.2635353918564606,normuon,1.0402128210056554,1.0,0.25,verified-v3-normuon-3e-3,1.0,1563,Touche2020
2,0.003,0.1808912694240527,normuon,0.9702927001069495,1.0,0.25,verified-v3-normuon-3e-3,1.0,1563,ArguAna
2,0.003,0.02363270367319705,normuon,0.9527538882882375,0.9643310204141695,0.25,verified-v3-normuon-3e-3,0.844861410050375,1563,ClimateFEVER
2,0.003,0.18889460262644245,normuon,0.946175049973975,1.0241825215502611,0.25,verified-v3-normuon-3e-3,0.9769331095982161,1563,DBPedia
2,0.003,0.3179180781755079,normuon,0.970239911103167,1.0,0.25,verified-v3-normuon-3e-3,1.0,1563,FEVER
2,0.003,0.1448648604022597,normuon,0.9854241466469645,1.0,0.25,verified-v3-normuon-3e-3,0.9538662191964322,1563,FiQA2018
2,0.003,0.18963356571588508,normuon,0.9861168246423234,1.0236115350940154,0.25,verified-v3-normuon-3e-3,1.0,1563,HotpotQA
2,0.003,0.363080654268413,normuon,0.996927160363693,1.0,0.25,verified-v3-normuon-3e-3,1.0,1563,MSMARCO
2,0.003,-0.021317805548543164,normuon,1.0687592239173933,0.9810907243060437,0.25,verified-v3-normuon-3e-3,0.6813702271866168,1563,NFCorpus
2,0.003,0.29781660932400755,normuon,0.9657919158080472,1.0,0.25,verified-v3-normuon-3e-3,1.0,1563,NQ
2,0.003,0.37114670432283814,normuon,0.9820548794396501,1.0,0.25,verified-v3-normuon-3e-3,1.0,1563,QuoraRetrieval
2,0.003,0.035732445563323084,normuon,0.8113281076086013,1.026733959920695,0.25,verified-v3-normuon-3e-3,0.8738832214657747,1563,SCIDOCS
2,0.003,0.1593209849502395,normuon,0.9786889283202634,1.0,0.25,verified-v3-normuon-3e-3,1.0,1563,SciFact
2,0.003,0.03290752546373491,normuon,1.003231136795796,1.0069541360596788,0.25,verified-v3-normuon-3e-3,0.7883055940962902,1563,TRECCOVID
2,0.003,0.248461023864334,normuon,0.9807120809209686,1.0,0.25,verified-v3-normuon-3e-3,1.0,1563,Touche2020
3,0.003,0.1800611282752087,normuon,0.965839860014963,1.0,0.25,verified-v3-normuon-3e-3,1.0,1563,ArguAna
3,0.003,0.01806368389794339,normuon,0.7282385167844393,0.9978138040026242,0.25,verified-v3-normuon-3e-3,0.8741960587924675,1563,ClimateFEVER
3,0.003,0.1909297062219033,normuon,0.9563689052740407,1.0,0.25,verified-v3-normuon-3e-3,0.9538662191964322,1563,DBPedia
3,0.003,0.31928071907784816,normuon,0.9743984937026199,1.0,0.25,verified-v3-normuon-3e-3,1.0,1563,FEVER
3,0.003,0.13465859705564004,normuon,0.9159973835184233,1.0,0.25,verified-v3-normuon-3e-3,0.9538662191964322,1563,FiQA2018
3,0.003,0.186035298627984,normuon,0.9674054129703403,1.0236115350940154,0.25,verified-v3-normuon-3e-3,1.0,1563,HotpotQA
3,0.003,0.3478847186763338,normuon,0.9552029849200689,1.0,0.25,verified-v3-normuon-3e-3,1.0,1563,MSMARCO
3,0.003,-0.020017786341319108,normuon,1.003583307201827,0.9864567683041423,0.25,verified-v3-normuon-3e-3,0.6850969596156324,1563,NFCorpus
3,0.003,0.2967677092534467,normuon,0.9623904291987626,1.0,0.25,verified-v3-normuon-3e-3,1.0,1563,NQ
3,0.003,0.36941866080388086,normuon,0.977482473030243,1.0,0.25,verified-v3-normuon-3e-3,1.0,1563,QuoraRetrieval
3,0.003,0.04319047051244486,normuon,0.9806673502234294,0.9996324443594333,0.25,verified-v3-normuon-3e-3,0.8508163310639908,1563,SCIDOCS
3,0.003,0.16216815620495734,normuon,0.9961787460294269,1.0,0.25,verified-v3-normuon-3e-3,1.0,1563,SciFact
3,0.003,0.0322460792910454,normuon,0.9830660412316273,1.0589296863299296,0.25,verified-v3-normuon-3e-3,0.82899524972907,1563,TRECCOVID
3,0.003,0.24750244725848725,normuon,0.9769284385483306,1.0,0.25,verified-v3-normuon-3e-3,1.0,1563,Touche2020
4,0.003,0.1828412632751508,normuon,0.9807523801401437,1.0,0.25,verified-v3-normuon-3e-3,1.0,1563,ArguAna
4,0.003,0.02259298079530829,normuon,0.9108373971262788,0.9857143457155644,0.25,verified-v3-normuon-3e-3,0.8635955853317459,1563,ClimateFEVER
4,0.003,0.19450525239268732,normuon,0.9742788536250596,1.0,0.25,verified-v3-normuon-3e-3,0.9538662191964322,1563,DBPedia
4,0.003,0.328403286221074,normuon,1.002239246845289,1.0,0.25,verified-v3-normuon-3e-3,1.0,1563,FEVER
4,0.003,0.14520264969244356,normuon,0.9877219138356507,1.0,0.25,verified-v3-normuon-3e-3,0.9538662191964322,1563,FiQA2018
4,0.003,0.19254919324193615,normuon,1.0012784303790254,1.0,0.25,verified-v3-normuon-3e-3,0.9769331095982161,1563,HotpotQA
4,0.003,0.36250104246458303,normuon,0.9953356937214678,1.0,0.25,verified-v3-normuon-3e-3,1.0,1563,MSMARCO
4,0.003,-0.02556156592578285,normuon,1.2815183672983603,0.9970612542962667,0.25,verified-v3-normuon-3e-3,0.6924618045281781,1563,NFCorpus
4,0.003,0.30504670754322805,normuon,0.9892384603996031,1.0,0.25,verified-v3-normuon-3e-3,1.0,1563,NQ
4,0.003,0.3759554369916621,normuon,0.9947787951482796,1.0,0.25,verified-v3-normuon-3e-3,1.0,1563,QuoraRetrieval
4,0.003,0.0519057274625313,normuon,1.1785528522416335,1.0013121140429682,0.25,verified-v3-normuon-3e-3,0.8522459469249088,1563,SCIDOCS
4,0.003,0.1594233575616068,normuon,0.9793177904964527,1.0,0.25,verified-v3-normuon-3e-3,1.0,1563,SciFact
4,0.003,0.033985378640584415,normuon,1.036090972127424,1.0,0.25,verified-v3-normuon-3e-3,0.7828614689255022,1563,TRECCOVID
4,0.003,0.24899534003842805,normuon,0.9828211051808526,1.0,0.25,verified-v3-normuon-3e-3,1.0,1563,Touche2020
5,0.003,0.18892763335258428,normuon,1.0133993977385387,1.0,0.25,verified-v3-normuon-3e-3,1.0,1563,ArguAna
5,0.003,0.02264495411320892,normuon,0.9129327046036549,0.9655995920109155,0.25,verified-v3-normuon-3e-3,0.8459728201007499,1563,ClimateFEVER
5,0.003,0.194913213377285,normuon,0.9763223344848728,1.0241825215502611,0.25,verified-v3-normuon-3e-3,0.9769331095982161,1563,DBPedia
5,0.003,0.31838829113453637,normuon,0.9716749329244662,1.0,0.25,verified-v3-normuon-3e-3,1.0,1563,FEVER
5,0.003,0.14468683724541365,normuon,0.9842131675528536,1.0241825215502611,0.25,verified-v3-normuon-3e-3,0.9769331095982161,1563,FiQA2018
5,0.003,0.18959435600728913,normuon,0.985912929550282,1.0,0.25,verified-v3-normuon-3e-3,0.9769331095982161,1563,HotpotQA
5,0.003,0.35723995223061844,normuon,0.9808900776146782,1.0,0.25,verified-v3-normuon-3e-3,1.0,1563,MSMARCO
5,0.003,-0.01523944426009674,normuon,0.7640231347108062,0.9611841179522659,0.25,verified-v3-normuon-3e-3,0.6675450339014777,1563,NFCorpus
5,0.003,0.2967964771266669,normuon,0.962483720769888,1.0,0.25,verified-v3-normuon-3e-3,1.0,1563,NQ
5,0.003,0.36843143129848505,normuon,0.974870261897533,1.0,0.25,verified-v3-normuon-3e-3,1.0,1563,QuoraRetrieval
5,0.003,0.04927020801259894,normuon,1.1187116918013285,1.0280460739636632,0.25,verified-v3-normuon-3e-3,0.875,1563,SCIDOCS
5,0.003,0.16010624785816302,normuon,0.9835127003679027,1.0,0.25,verified-v3-normuon-3e-3,1.0,1563,SciFact
5,0.003,0.03195029759014651,normuon,0.974048729602918,1.0589296863299296,0.25,verified-v3-normuon-3e-3,0.82899524972907,1563,TRECCOVID
5,0.003,0.24850589249067595,normuon,0.9808891839660399,1.0,0.25,verified-v3-normuon-3e-3,1.0,1563,Touche2020
6,0.003,0.1852374508836333,normuon,0.9936054235844181,1.0,0.25,verified-v3-normuon-3e-3,1.0,1563,ArguAna
6,0.003,0.03057865264223599,normuon,1.2327802441219569,0.9978138040026242,0.25,verified-v3-normuon-3e-3,0.8741960587924675,1563,ClimateFEVER
6,0.003,0.1931264772695983,normuon,0.9673725545415887,0.9914211139533698,0.25,verified-v3-normuon-3e-3,0.9456831095982161,1563,DBPedia
6,0.003,0.3179862419520255,normuon,0.9704479370727768,1.0,0.25,verified-v3-normuon-3e-3,1.0,1563,FEVER
6,0.003,0.1439340842861535,normuon,0.979092664620292,1.0,0.25,verified-v3-normuon-3e-3,0.9538662191964322,1563,FiQA2018
6,0.003,0.18090681141709777,normuon,0.9407366768500963,1.0236115350940154,0.25,verified-v3-normuon-3e-3,1.0,1563,HotpotQA
6,0.003,0.34516578809396176,normuon,0.9477374928514489,1.0,0.25,verified-v3-normuon-3e-3,1.0,1563,MSMARCO
6,0.003,-0.027117602767672087,normuon,1.3595296205550569,0.9215462112628117,0.25,verified-v3-normuon-3e-3,0.6400163978466429,1563,NFCorpus
6,0.003,0.2927586287153905,normuon,0.9493893491640839,1.0,0.25,verified-v3-normuon-3e-3,1.0,1563,NQ
6,0.003,0.36907231976709387,normuon,0.9765660539938746,1.0,0.25,verified-v3-normuon-3e-3,1.0,1563,QuoraRetrieval
6,0.003,0.04564204975149792,normuon,1.0363320301331378,1.0284136296042299,0.25,verified-v3-normuon-3e-3,0.8753128373266927,1563,SCIDOCS
6,0.003,0.1579707613925342,normuon,0.9703946735044519,1.0,0.25,verified-v3-normuon-3e-3,1.0,1563,SciFact
6,0.003,0.030903253457061155,normuon,0.9421281503096437,1.039917662626686,0.25,verified-v3-normuon-3e-3,0.8141114689255022,1563,TRECCOVID
6,0.003,0.24660927804583788,normuon,0.9734029687441403,1.0,0.25,verified-v3-normuon-3e-3,1.0,1563,Touche2020
7,0.003,0.1816749466207293,normuon,0.9744963096321445,1.0,0.25,verified-v3-normuon-3e-3,1.0,1563,ArguAna
7,0.003,0.024189041443704488,normuon,0.975182679398318,1.0,0.25,verified-v3-normuon-3e-3,0.876111410050375,1563,ClimateFEVER
7,0.003,0.18928472882206993,normuon,0.9481291961883798,1.0241825215502611,0.25,verified-v3-normuon-3e-3,0.9769331095982161,1563,DBPedia
7,0.003,0.3171233282376379,normuon,0.9678144494449515,1.0,0.25,verified-v3-normuon-3e-3,1.0,1563,FEVER
7,0.003,0.14260566745891404,normuon,0.9700562839912081,1.0,0.25,verified-v3-normuon-3e-3,0.9538662191964322,1563,FiQA2018
7,0.003,0.18532478049295692,normuon,0.9637106351786627,1.0,0.25,verified-v3-normuon-3e-3,0.9769331095982161,1563,HotpotQA
7,0.003,0.3589391610653242,normuon,0.9855556730368893,1.0,0.25,verified-v3-normuon-3e-3,1.0,1563,MSMARCO
7,0.003,-0.029561530782445913,normuon,1.4820549246925716,0.9616977298181307,0.25,verified-v3-normuon-3e-3,0.6679017387658291,1563,NFCorpus
7,0.003,0.2899057011055042,normuon,0.9401375669069831,1.0,0.25,verified-v3-normuon-3e-3,1.0,1563,NQ
7,0.003,0.36576905721203795,normuon,0.9678256150448568,1.0,0.25,verified-v3-normuon-3e-3,1.0,1563,QuoraRetrieval
7,0.003,0.04936096488895652,normuon,1.1207723849217357,0.9764609634427958,0.25,verified-v3-normuon-3e-3,0.8310944077810325,1563,SCIDOCS
7,0.003,0.15615393062770783,normuon,0.9592341088448588,1.0,0.25,verified-v3-normuon-3e-3,1.0,1563,SciFact
7,0.003,0.03265328017170474,normuon,0.9954801196726915,1.0589296863299296,0.25,verified-v3-normuon-3e-3,0.82899524972907,1563,TRECCOVID
7,0.003,0.25279445773794856,normuon,0.9978167796202966,1.0,0.25,verified-v3-normuon-3e-3,1.0,1563,Touche2020
8,0.003,0.19425785280741184,normuon,1.0419904571271659,1.0,0.25,verified-v3-normuon-3e-3,1.0,1563,ArguAna
8,0.003,0.0249958615690982,normuon,1.007709681905013,0.9804018527700974,0.25,verified-v3-normuon-3e-3,0.8589412496464102,1563,ClimateFEVER
8,0.003,0.22228737348377303,normuon,1.1134397901803812,1.015603635503631,0.25,verified-v3-normuon-3e-3,0.96875,1563,DBPedia
8,0.003,0.361923545361509,normuon,1.1045382209558978,1.0,0.25,verified-v3-normuon-3e-3,1.0,1563,FEVER
8,0.003,0.1573391091784698,normuon,1.070278582161728,1.0241825215502611,0.25,verified-v3-normuon-3e-3,0.9769331095982161,1563,FiQA2018
8,0.003,0.19778627108164742,normuon,1.0285118505291175,1.0236115350940154,0.25,verified-v3-normuon-3e-3,1.0,1563,HotpotQA
8,0.003,0.3859471802685344,normuon,1.059712826756789,1.0,0.25,verified-v3-normuon-3e-3,1.0,1563,MSMARCO
8,0.003,-0.021905027663343762,normuon,1.0981993579054954,0.9849380958109593,0.25,verified-v3-normuon-3e-3,0.6840422373600183,1563,NFCorpus
8,0.003,0.34291652086261204,normuon,1.1120467874436806,1.0,0.25,verified-v3-normuon-3e-3,1.0,1563,NQ
8,0.003,0.4000858796301783,normuon,1.0586279918680233,1.0,0.25,verified-v3-normuon-3e-3,1.0,1563,QuoraRetrieval
8,0.003,0.04745359316318747,normuon,1.077464285843212,0.9758902681652413,0.25,verified-v3-normuon-3e-3,0.830608672384043,1563,SCIDOCS
8,0.003,0.17175138410634777,normuon,1.055047319102773,1.0,0.25,verified-v3-normuon-3e-3,1.0,1563,SciFact
8,0.003,0.040120736250472556,normuon,1.2231357803552567,1.0693825057916508,0.25,verified-v3-normuon-3e-3,0.8371783593272861,1563,TRECCOVID
8,0.003,0.26498875114642906,normuon,1.0459494431583882,1.0,0.25,verified-v3-normuon-3e-3,1.0,1563,Touche2020
9,0.003,0.19052863092452513,normuon,1.0219870772981394,1.0,0.25,verified-v3-normuon-3e-3,1.0,1563,ArguAna
9,0.003,0.024858475211146626,normuon,1.0021709425146244,0.97148508583143,0.25,verified-v3-normuon-3e-3,0.8511291683906836,1563,ClimateFEVER
9,0.003,0.2075900746272066,normuon,1.039820865728659,1.015603635503631,0.25,verified-v3-normuon-3e-3,0.96875,1563,DBPedia
9,0.003,0.3447474825854071,normuon,1.052119366021239,1.0,0.25,verified-v3-normuon-3e-3,1.0,1563,FEVER
9,0.003,0.15021241084664477,normuon,1.0218001547325495,1.0,0.25,verified-v3-normuon-3e-3,0.9538662191964322,1563,FiQA2018
9,0.003,0.2036594242716,normuon,1.0590529372425905,1.0,0.25,verified-v3-normuon-3e-3,0.9769331095982161,1563,HotpotQA
9,0.003,0.372849437737669,normuon,1.0237497559763296,1.0,0.25,verified-v3-normuon-3e-3,1.0,1563,MSMARCO
9,0.003,-0.01732107980617878,normuon,0.8683850581575437,1.0090248140064162,0.25,verified-v3-normuon-3e-3,0.7007705299046524,1563,NFCorpus
9,0.003,0.33279202656034435,normuon,1.0792139821445754,1.0,0.25,verified-v3-normuon-3e-3,1.0,1563,NQ
9,0.003,0.39085419144321787,normuon,1.0342009275188706,1.0,0.25,verified-v3-normuon-3e-3,1.0,1563,QuoraRetrieval
9,0.003,0.041868977719854934,normuon,0.9506620083072048,0.9725309287981715,0.25,verified-v3-normuon-3e-3,0.8277494406622069,1563,SCIDOCS
9,0.003,0.17086805734904537,normuon,1.0496211530661337,1.0,0.25,verified-v3-normuon-3e-3,1.0,1563,SciFact
9,0.003,0.03965947016285801,normuon,1.209073449781271,1.029464843164965,0.25,verified-v3-normuon-3e-3,0.8059283593272861,1563,TRECCOVID
9,0.003,0.25862062470278324,normuon,1.0208135146373585,1.0,0.25,verified-v3-normuon-3e-3,1.0,1563,Touche2020
10,0.003,0.19903741525287086,normuon,1.0676278168809006,1.0,0.25,verified-v3-normuon-3e-3,1.0,1563,ArguAna
10,0.003,0.02538568996556774,normuon,1.0234256374570119,0.9473425636576116,0.25,verified-v3-normuon-3e-3,0.8299776292468072,1563,ClimateFEVER
10,0.003,0.21380672163926503,normuon,1.0709601159534905,1.0241825215502611,0.25,verified-v3-normuon-3e-3,0.9769331095982161,1563,DBPedia
10,0.003,0.3418096026607369,normuon,1.0431533821636925,1.0,0.25,verified-v3-normuon-3e-3,1.0,1563,FEVER
10,0.003,0.15293097788487592,normuon,1.040292849208716,0.9758174784497388,0.25,verified-v3-normuon-3e-3,0.9307993287946483,1563,FiQA2018
10,0.003,0.20262398150710587,normuon,1.0536685131973684,1.0,0.25,verified-v3-normuon-3e-3,0.9769331095982161,1563,HotpotQA
10,0.003,0.3746385811502083,normuon,1.028662288882662,1.0,0.25,verified-v3-normuon-3e-3,1.0,1563,MSMARCO
10,0.003,-0.020836934473744847,normuon,1.0446509546335085,0.997776361767514,0.25,verified-v3-normuon-3e-3,0.6929584486489258,1563,NFCorpus
10,0.003,0.33289405808411854,normuon,1.0795448610067127,1.0,0.25,verified-v3-normuon-3e-3,1.0,1563,NQ
10,0.003,0.3954132984870615,normuon,1.0462643333531303,1.0,0.25,verified-v3-normuon-3e-3,1.0,1563,QuoraRetrieval
10,0.003,0.045581223224421354,normuon,1.034950924800787,1.0013121140429682,0.25,verified-v3-normuon-3e-3,0.8522459469249088,1563,SCIDOCS
10,0.003,0.1675966958495116,normuon,1.0295255876192666,1.0,0.25,verified-v3-normuon-3e-3,1.0,1563,SciFact
10,0.003,0.03556713692403815,normuon,1.084313047123438,1.0589296863299296,0.25,verified-v3-normuon-3e-3,0.82899524972907,1563,TRECCOVID
10,0.003,0.2537274006114435,normuon,1.0014992418939173,1.0,0.25,verified-v3-normuon-3e-3,1.0,1563,Touche2020
11,0.003,0.18211283549619867,normuon,0.9768451260270914,1.0,0.25,verified-v3-normuon-3e-3,1.0,1563,ArguAna
11,0.003,0.023455029573999794,normuon,0.9455909461552016,0.97148508583143,0.25,verified-v3-normuon-3e-3,0.8511291683906836,1563,ClimateFEVER
11,0.003,0.19965182096614137,normuon,1.000058069703628,1.0241825215502611,0.25,verified-v3-normuon-3e-3,0.9769331095982161,1563,DBPedia
11,0.003,0.32177869711910534,normuon,0.9820219607498416,1.0,0.25,verified-v3-normuon-3e-3,1.0,1563,FEVER
11,0.003,0.14076382223474296,normuon,0.9575273742663466,1.0241825215502611,0.25,verified-v3-normuon-3e-3,0.9769331095982161,1563,FiQA2018
11,0.003,0.19950052171799898,normuon,1.037426155271416,1.0236115350940154,0.25,verified-v3-normuon-3e-3,1.0,1563,HotpotQA
11,0.003,0.3557471833993887,normuon,0.9767913139529351,1.0,0.25,verified-v3-normuon-3e-3,1.0,1563,MSMARCO
11,0.003,-0.024047574675621474,normuon,1.2056150521163351,1.0083019765676724,0.25,verified-v3-normuon-3e-3,0.7002685173000545,1563,NFCorpus
11,0.003,0.30825333247173686,normuon,0.999637250581292,1.0,0.25,verified-v3-normuon-3e-3,1.0,1563,NQ
11,0.003,0.37479953506909397,normuon,0.9917202764816978,1.0,0.25,verified-v3-normuon-3e-3,1.0,1563,QuoraRetrieval
11,0.003,0.0417362957760159,normuon,0.947649379624458,0.9742105984817063,0.25,verified-v3-normuon-3e-3,0.829179056523125,1563,SCIDOCS
11,0.003,0.15688883679978577,normuon,0.9637485457483937,1.0,0.25,verified-v3-normuon-3e-3,1.0,1563,SciFact
11,0.003,0.03254257008109236,normuon,0.9921049704174786,1.0104528194617213,0.25,verified-v3-normuon-3e-3,0.7910445785237183,1563,TRECCOVID
11,0.003,0.2460446798792626,normuon,0.9711744170211605,1.0,0.25,verified-v3-normuon-3e-3,1.0,1563,Touche2020
12,0.003,0.1930722233492703,normuon,1.0356307936015057,1.0,0.25,verified-v3-normuon-3e-3,1.0,1563,ArguAna
12,0.003,0.027376118796571446,normuon,1.1036698970357657,1.019197129304019,0.25,verified-v3-normuon-3e-3,0.8929302340738384,1563,ClimateFEVER
12,0.003,0.2141489058068,normuon,1.072674120045275,1.0241825215502611,0.25,verified-v3-normuon-3e-3,0.9769331095982161,1563,DBPedia
12,0.003,0.34662403026252936,normuon,1.0578463176368271,1.0,0.25,verified-v3-normuon-3e-3,1.0,1563,FEVER
12,0.003,0.15566533382280273,normuon,1.0588929455970224,1.0241825215502611,0.25,verified-v3-normuon-3e-3,0.9769331095982161,1563,FiQA2018
12,0.003,0.20163318697071803,normuon,1.0485162651846955,1.0236115350940154,0.25,verified-v3-normuon-3e-3,1.0,1563,HotpotQA
12,0.003,0.37317732329538383,normuon,1.0246500463502013,1.0,0.25,verified-v3-normuon-3e-3,1.0,1563,MSMARCO
12,0.003,-0.024929587762104587,normuon,1.249834407605254,0.9515514217103455,0.25,verified-v3-normuon-3e-3,0.6608550996638265,1563,NFCorpus
12,0.003,0.339112983747331,normuon,1.0997122658541953,1.0,0.25,verified-v3-normuon-3e-3,1.0,1563,NQ
12,0.003,0.401460684920121,normuon,1.062265729257423,1.0,0.25,verified-v3-normuon-3e-3,1.0,1563,QuoraRetrieval
12,0.003,0.04221289641921379,normuon,0.9584709030840134,1.0035624790040576,0.25,verified-v3-normuon-3e-3,0.8541612981828164,1563,SCIDOCS
12,0.003,0.18271075191149047,normuon,1.1223693478715049,1.0,0.25,verified-v3-normuon-3e-3,1.0,1563,SciFact
12,0.003,0.03828532087687299,normuon,1.1671806203789166,1.0859479264445024,0.25,verified-v3-normuon-3e-3,0.8501467888729465,1563,TRECCOVID
12,0.003,0.2603416750826355,normuon,1.0276067527603583,1.0,0.25,verified-v3-normuon-3e-3,1.0,1563,Touche2020
13,0.003,0.18183098763817301,normuon,0.9753333066891333,1.0,0.25,verified-v3-normuon-3e-3,1.0,1563,ArguAna
13,0.003,0.034747660123643845,normuon,1.4008540347106722,1.0093402614146363,0.25,verified-v3-normuon-3e-3,0.8842945196485911,1563,ClimateFEVER
13,0.003,0.2044725428170701,normuon,1.0242051161241839,1.0483650431005225,0.25,verified-v3-normuon-3e-3,1.0,1563,DBPedia
13,0.003,0.32037133893702296,normuon,0.9777269074917501,1.0,0.25,verified-v3-normuon-3e-3,1.0,1563,FEVER
13,0.003,0.1467718785559034,normuon,0.9983963866468955,1.0,0.25,verified-v3-normuon-3e-3,0.9538662191964322,1563,FiQA2018
13,0.003,0.1936727742412041,normuon,1.0071211836017677,1.0236115350940154,0.25,verified-v3-normuon-3e-3,1.0,1563,HotpotQA
13,0.003,0.36661327884396,normuon,1.006626849249148,1.0,0.25,verified-v3-normuon-3e-3,1.0,1563,MSMARCO
13,0.003,-0.024532615180396525,normuon,1.2299323540202036,0.9866930738147696,0.25,verified-v3-normuon-3e-3,0.685261074447699,1563,NFCorpus
13,0.003,0.3017126264634668,normuon,0.9784263416235855,1.0,0.25,verified-v3-normuon-3e-3,1.0,1563,NQ
13,0.003,0.3728875233992738,normuon,0.9866610899982334,1.0,0.25,verified-v3-normuon-3e-3,1.0,1563,QuoraRetrieval
13,0.003,0.03877337959507287,normuon,0.880374466301569,1.0,0.25,verified-v3-normuon-3e-3,0.8511291683906836,1563,SCIDOCS
13,0.003,0.1654013927962813,normuon,1.0160401149229032,1.0,0.25,verified-v3-normuon-3e-3,1.0,1563,SciFact
13,0.003,0.031049391041665167,normuon,0.9465833554052819,1.029464843164965,0.25,verified-v3-normuon-3e-3,0.8059283593272861,1563,TRECCOVID
13,0.003,0.25983542224783573,normuon,1.0256084986142282,1.0,0.25,verified-v3-normuon-3e-3,1.0,1563,Touche2020
14,0.003,0.182961326049273,normuon,0.9813963915048507,1.0,0.25,verified-v3-normuon-3e-3,1.0,1563,ArguAna
14,0.003,0.02415116743733022,normuon,0.9736557865240565,0.9593856275443702,0.25,verified-v3-normuon-3e-3,0.840528694929962,1563,ClimateFEVER
14,0.003,0.1950790998177957,normuon,0.9771532614089766,1.0,0.25,verified-v3-normuon-3e-3,0.9538662191964322,1563,DBPedia
14,0.003,0.31783633924247695,normuon,0.9699904557227975,1.0,0.25,verified-v3-normuon-3e-3,1.0,1563,FEVER
14,0.003,0.133975954062526,normuon,0.9113537944031195,1.0241825215502611,0.25,verified-v3-normuon-3e-3,0.9769331095982161,1563,FiQA2018
14,0.003,0.193027970395877,normuon,1.003768127838297,1.0236115350940154,0.25,verified-v3-normuon-3e-3,1.0,1563,HotpotQA
14,0.003,0.3524846694429993,normuon,0.9678332801498293,1.0,0.25,verified-v3-normuon-3e-3,1.0,1563,MSMARCO
14,0.003,-0.024119066469203802,normuon,1.2091992631483537,0.9573318296140134,0.25,verified-v3-normuon-3e-3,0.6648696089736964,1563,NFCorpus
14,0.003,0.29918736672103846,normuon,0.9702371561712072,1.0,0.25,verified-v3-normuon-3e-3,1.0,1563,NQ
14,0.003,0.3676142599952297,normuon,0.9727080250883333,1.0,0.25,verified-v3-normuon-3e-3,1.0,1563,QuoraRetrieval
14,0.003,0.03968696631248293,normuon,0.9011180390094351,1.0013121140429682,0.25,verified-v3-normuon-3e-3,0.8522459469249088,1563,SCIDOCS
14,0.003,0.16075038294529526,normuon,0.9874695418242609,1.0,0.25,verified-v3-normuon-3e-3,1.0,1563,SciFact
14,0.003,0.029583899032154408,normuon,0.9019058175488768,1.0104528194617213,0.25,verified-v3-normuon-3e-3,0.7910445785237183,1563,TRECCOVID
14,0.003,0.24600569867977246,normuon,0.9710205525128598,1.0,0.25,verified-v3-normuon-3e-3,1.0,1563,Touche2020
15,0.003,0.1848862147350176,normuon,0.991721408550964,1.0,0.25,verified-v3-normuon-3e-3,1.0,1563,ArguAna
15,0.003,0.022198929387789355,normuon,0.894951190626558,0.9358161062455994,0.25,verified-v3-normuon-3e-3,0.8198791683906836,1563,ClimateFEVER
15,0.003,0.20000234947880038,normuon,1.001813870707844,1.0241825215502611,0.25,verified-v3-normuon-3e-3,0.9769331095982161,1563,DBPedia
15,0.003,0.31873757416587023,normuon,0.9727408941281073,1.0,0.25,verified-v3-normuon-3e-3,1.0,1563,FEVER
15,0.003,0.15114165308109725,normuon,1.0281212027311528,1.0241825215502611,0.25,verified-v3-normuon-3e-3,0.9769331095982161,1563,FiQA2018
15,0.003,0.1791459918093916,normuon,0.9315802079846601,1.0236115350940154,0.25,verified-v3-normuon-3e-3,1.0,1563,HotpotQA
15,0.003,0.35242070764727423,normuon,0.9676576573215835,1.0,0.25,verified-v3-normuon-3e-3,1.0,1563,MSMARCO
15,0.003,-0.03350953049062941,normuon,1.6799862312023377,0.9451193175924035,0.25,verified-v3-normuon-3e-3,0.6563879855269255,1563,NFCorpus
15,0.003,0.2902303040574763,normuon,0.9411902244722333,1.0,0.25,verified-v3-normuon-3e-3,1.0,1563,NQ
15,0.003,0.36638513986731425,normuon,0.9694557709123488,1.0,0.25,verified-v3-normuon-3e-3,1.0,1563,QuoraRetrieval
15,0.003,0.03896716541582821,normuon,0.8847744977227654,1.0013121140429682,0.25,verified-v3-normuon-3e-3,0.8522459469249088,1563,SCIDOCS
15,0.003,0.16355669943753035,normuon,1.0047083938259032,1.0,0.25,verified-v3-normuon-3e-3,1.0,1563,SciFact
15,0.003,0.03143755831920499,normuon,0.9584171682983955,1.0259661597629224,0.25,verified-v3-normuon-3e-3,0.803189374899858,1563,TRECCOVID
15,0.003,0.24999447161540897,normuon,0.9867648239691558,1.0,0.25,verified-v3-normuon-3e-3,1.0,1563,Touche2020
16,0.003,0.1827848129179933,normuon,0.9804495829424529,1.0,0.25,verified-v3-normuon-3e-3,1.0,1563,ArguAna
16,0.003,0.022075449968194168,normuon,0.889973110303217,0.9780661503736428,0.25,verified-v3-normuon-3e-3,0.8568949141263942,1563,ClimateFEVER
16,0.003,0.1975445886772636,normuon,0.9895029210201124,1.0,0.25,verified-v3-normuon-3e-3,0.9538662191964322,1563,DBPedia
16,0.003,0.31818602002304314,normuon,0.9710576307994653,1.0,0.25,verified-v3-normuon-3e-3,1.0,1563,FEVER
16,0.003,0.14839948280050533,normuon,1.0094679503053436,1.0241825215502611,0.25,verified-v3-normuon-3e-3,0.9769331095982161,1563,FiQA2018
16,0.003,0.1938622047178384,normuon,1.0081062443393218,1.0236115350940154,0.25,verified-v3-normuon-3e-3,1.0,1563,HotpotQA
16,0.003,0.36543902006659773,normuon,1.0034026332115111,1.0,0.25,verified-v3-normuon-3e-3,1.0,1563,MSMARCO
16,0.003,-0.02846275743644961,normuon,1.4269683846707082,1.0005342359421459,0.25,verified-v3-normuon-3e-3,0.6948737999068333,1563,NFCorpus
16,0.003,0.29957934877128145,normuon,0.9715083179647883,1.0,0.25,verified-v3-normuon-3e-3,1.0,1563,NQ
16,0.003,0.37658672090020506,normuon,0.9964491735605774,1.0,0.25,verified-v3-normuon-3e-3,1.0,1563,QuoraRetrieval
16,0.003,0.0399848056013963,normuon,0.9078806712008798,0.9803909980874198,0.25,verified-v3-normuon-3e-3,0.834439374899858,1563,SCIDOCS
16,0.003,0.15576265206555584,normuon,0.9568305334665944,1.0,0.25,verified-v3-normuon-3e-3,1.0,1563,SciFact
16,0.003,0.03326890331654878,normuon,1.01424823726088,1.039917662626686,0.25,verified-v3-normuon-3e-3,0.8141114689255022,1563,TRECCOVID
16,0.003,0.248878192772862,normuon,0.9823587077520703,1.0,0.25,verified-v3-normuon-3e-3,1.0,1563,Touche2020
17,0.003,0.18742636536272805,normuon,1.0053466632085657,1.0,0.25,verified-v3-normuon-3e-3,1.0,1563,ArguAna
17,0.003,0.02551478956258843,normuon,1.028630295575643,0.9978138040026242,0.25,verified-v3-normuon-3e-3,0.8741960587924675,1563,ClimateFEVER
17,0.003,0.19903885725926684,normuon,0.9969877280532041,1.0241825215502611,0.25,verified-v3-normuon-3e-3,0.9769331095982161,1563,DBPedia
17,0.003,0.3315958505511212,normuon,1.0119824906065515,1.0,0.25,verified-v3-normuon-3e-3,1.0,1563,FEVER
17,0.003,0.13811690597835607,normuon,0.939522074803432,1.0,0.25,verified-v3-normuon-3e-3,0.9538662191964322,1563,FiQA2018
17,0.003,0.1925503517019085,normuon,1.0012844545070068,1.0236115350940154,0.25,verified-v3-normuon-3e-3,1.0,1563,HotpotQA
17,0.003,0.3724553704438169,normuon,1.0226677473822783,1.0,0.25,verified-v3-normuon-3e-3,1.0,1563,MSMARCO
17,0.003,-0.023145589635404102,normuon,1.1603944111187117,0.9767248241019265,0.25,verified-v3-normuon-3e-3,0.678338097394484,1563,NFCorpus
17,0.003,0.304764207859231,normuon,0.9883223398660909,1.0,0.25,verified-v3-normuon-3e-3,1.0,1563,NQ
17,0.003,0.3835679172818448,normuon,1.014921432349523,1.0,0.25,verified-v3-normuon-3e-3,1.0,1563,QuoraRetrieval
17,0.003,0.04762614897501774,normuon,1.0813822762875271,1.0035624790040576,0.25,verified-v3-normuon-3e-3,0.8541612981828164,1563,SCIDOCS
17,0.003,0.16136068426085504,normuon,0.9912185466440856,1.0,0.25,verified-v3-normuon-3e-3,1.0,1563,SciFact
17,0.003,0.03130207215647635,normuon,0.9542866864363014,1.0364189792246437,0.25,verified-v3-normuon-3e-3,0.8113724844980741,1563,TRECCOVID
17,0.003,0.25189817418483473,normuon,0.9942790170577891,1.0,0.25,verified-v3-normuon-3e-3,1.0,1563,Touche2020
18,0.003,0.18212579606106244,normuon,0.976914645918884,1.0,0.25,verified-v3-normuon-3e-3,1.0,1563,ArguAna
18,0.003,0.02531556252870652,normuon,1.0205984455677912,1.0,0.25,verified-v3-normuon-3e-3,0.876111410050375,1563,ClimateFEVER
18,0.003,0.1906132029373046,normuon,0.9547835369948087,1.0241825215502611,0.25,verified-v3-normuon-3e-3,0.9769331095982161,1563,DBPedia
18,0.003,0.3248494129529243,normuon,0.9913933405553739,1.0,0.25,verified-v3-normuon-3e-3,1.0,1563,FEVER
18,0.003,0.13513958542742083,normuon,0.9192692436126729,1.0,0.25,verified-v3-normuon-3e-3,0.9538662191964322,1563,FiQA2018
18,0.003,0.1945957555010735,normuon,1.0119207946081357,1.0,0.25,verified-v3-normuon-3e-3,0.9769331095982161,1563,HotpotQA
18,0.003,0.35218093151116614,normuon,0.9669992930168951,1.0,0.25,verified-v3-normuon-3e-3,1.0,1563,MSMARCO
18,0.003,-0.01750711483200916,normuon,0.8777118460098476,0.9439333854359837,0.25,verified-v3-normuon-3e-3,0.6555643523574046,1563,NFCorpus
18,0.003,0.3007622439854188,normuon,0.9753443385200388,1.0,0.25,verified-v3-normuon-3e-3,1.0,1563,NQ
18,0.003,0.3709601636238023,normuon,0.9815612923982766,1.0,0.25,verified-v3-normuon-3e-3,1.0,1563,QuoraRetrieval
18,0.003,0.038542756735705376,normuon,0.8751380262787241,0.9501008666469477,0.25,verified-v3-normuon-3e-3,0.8086585605164844,1563,SCIDOCS
18,0.003,0.16477633638641423,normuon,1.0122004714000894,1.0,0.25,verified-v3-normuon-3e-3,1.0,1563,SciFact
18,0.003,0.03386590993595842,normuon,1.0324488044875162,1.0988473489566155,0.25,verified-v3-normuon-3e-3,0.86024524972907,1563,TRECCOVID
18,0.003,0.25515639271343976,normuon,1.0071396831839508,1.0,0.25,verified-v3-normuon-3e-3,1.0,1563,Touche2020
19,0.003,0.18136809761888628,normuon,0.9728503852739854,1.0,0.25,verified-v3-normuon-3e-3,1.0,1563,ArguAna
19,0.003,0.021483684667978023,normuon,0.8661160561746863,0.9380023022429753,0.25,verified-v3-normuon-3e-3,0.8217945196485911,1563,ClimateFEVER
19,0.003,0.20203147470221158,normuon,1.0119777802794758,1.0241825215502611,0.25,verified-v3-normuon-3e-3,0.9769331095982161,1563,DBPedia
19,0.003,0.3145827197413251,normuon,0.9600608804256722,1.0,0.25,verified-v3-normuon-3e-3,1.0,1563,FEVER
19,0.003,0.1420217326981923,normuon,0.9660841446353706,1.0241825215502611,0.25,verified-v3-normuon-3e-3,0.9769331095982161,1563,FiQA2018
19,0.003,0.18799080146788386,normuon,0.9775742575194651,1.0,0.25,verified-v3-normuon-3e-3,0.9769331095982161,1563,HotpotQA
19,0.003,0.35845059296764753,normuon,0.9842141892631462,1.0,0.25,verified-v3-normuon-3e-3,1.0,1563,MSMARCO
19,0.003,-0.017443665906167475,normuon,0.8745308607725757,0.9810907243060437,0.25,verified-v3-normuon-3e-3,0.6813702271866168,1563,NFCorpus
19,0.003,0.28580436890837757,normuon,0.9268373232133255,1.0,0.25,verified-v3-normuon-3e-3,1.0,1563,NQ
19,0.003,0.36893226260314194,normuon,0.9761954624739784,1.0,0.25,verified-v3-normuon-3e-3,1.0,1563,QuoraRetrieval
19,0.003,0.04109689031393725,normuon,0.9331312682731501,1.0022503649610892,0.25,verified-v3-normuon-3e-3,0.8530445196485911,1563,SCIDOCS
19,0.003,0.15345274330447228,normuon,0.9426410522089401,0.9769331095982161,0.25,verified-v3-normuon-3e-3,0.9769331095982161,1563,SciFact
19,0.003,0.024776115898956994,normuon,0.7553339416568187,1.0,0.25,verified-v3-normuon-3e-3,0.7828614689255022,1563,TRECCOVID
19,0.003,0.2490247048841936,normuon,0.9829370125314252,1.0,0.25,verified-v3-normuon-3e-3,1.0,1563,Touche2020
0,0.003,0.1822743720742755,normuon,0.9777116010261737,0.9538662191964322,0.5,verified-v3-normuon-3e-3,0.9538662191964322,1563,ArguAna
0,0.003,0.02167527171251072,normuon,0.8738398995464967,0.9455234677359032,0.5,verified-v3-normuon-3e-3,0.8283838985538224,1563,ClimateFEVER
0,0.003,0.20415375933642385,normuon,1.022608326318983,0.9758174784497388,0.5,verified-v3-normuon-3e-3,0.9307993287946483,1563,DBPedia
0,0.003,0.35433972235736333,normuon,1.0813934919754264,1.0,0.5,verified-v3-normuon-3e-3,1.0,1563,FEVER
0,0.003,0.15419317875717486,normuon,1.0488788045192616,1.0241825215502611,0.5,verified-v3-normuon-3e-3,0.9769331095982161,1563,FiQA2018
0,0.003,0.21161593494902547,normuon,1.1004277276961476,1.0,0.5,verified-v3-normuon-3e-3,0.9769331095982161,1563,HotpotQA
0,0.003,0.379192471102943,normuon,1.041166112828711,1.0,0.5,verified-v3-normuon-3e-3,1.0,1563,MSMARCO
0,0.003,-0.027865995756393484,normuon,1.3970499885868293,0.926883901217133,0.5,verified-v3-normuon-3e-3,0.6437234383136703,1563,NFCorpus
0,0.003,0.3395484364399669,normuon,1.1011243989491868,1.0,0.5,verified-v3-normuon-3e-3,1.0,1563,NQ
0,0.003,0.4010403439854568,normuon,1.0611535063517437,1.0,0.5,verified-v3-normuon-3e-3,1.0,1563,QuoraRetrieval
0,0.003,0.04446321353375021,normuon,1.0095657972977499,1.0107105732912702,0.5,verified-v3-normuon-3e-3,0.86024524972907,1563,SCIDOCS
0,0.003,0.16698440886021798,normuon,1.0257643850534943,1.0,0.5,verified-v3-normuon-3e-3,1.0,1563,SciFact
0,0.003,0.02466642320792321,normuon,0.7519898092259165,1.0069541360596788,0.5,verified-v3-normuon-3e-3,0.7883055940962902,1563,TRECCOVID
0,0.003,0.2683446399179697,normuon,1.0591956280500434,1.0,0.5,verified-v3-normuon-3e-3,1.0,1563,Touche2020
1,0.003,0.18748068508105753,normuon,1.0056380317546252,1.0,0.5,verified-v3-normuon-3e-3,1.0,1563,ArguAna
1,0.003,0.03155814874909351,normuon,1.2722686893407789,0.9451563676602357,0.5,verified-v3-normuon-3e-3,0.8280622779888998,1563,ClimateFEVER
1,0.003,0.19697176086999546,normuon,0.9866336205126741,1.0241825215502611,0.5,verified-v3-normuon-3e-3,0.9769331095982161,1563,DBPedia
1,0.003,0.33685719179471907,normuon,1.0280393417606837,1.0,0.5,verified-v3-normuon-3e-3,1.0,1563,FEVER
1,0.003,0.14767811840329498,normuon,1.0045609639349524,1.0,0.5,verified-v3-normuon-3e-3,0.9538662191964322,1563,FiQA2018
1,0.003,0.21286840084391617,normuon,1.1069406975207663,1.0236115350940154,0.5,verified-v3-normuon-3e-3,1.0,1563,HotpotQA
1,0.003,0.3816665218576085,normuon,1.047959227153169,1.0,0.5,verified-v3-normuon-3e-3,1.0,1563,MSMARCO
1,0.003,-0.031634695489101944,normuon,1.5859921661639411,0.9352093149952457,0.5,verified-v3-normuon-3e-3,0.6495054612569895,1563,NFCorpus
1,0.003,0.3276290332959917,normuon,1.0624708691012787,1.0,0.5,verified-v3-normuon-3e-3,1.0,1563,NQ
1,0.003,0.4005994893680724,normuon,1.059987004202908,1.0,0.5,verified-v3-normuon-3e-3,1.0,1563,QuoraRetrieval
1,0.003,0.039930423172013806,normuon,0.9066458832421361,1.0052421486875922,0.5,verified-v3-normuon-3e-3,0.8555909140437343,1563,SCIDOCS
1,0.003,0.16831917825851153,normuon,1.0339637068966188,1.0,0.5,verified-v3-normuon-3e-3,1.0,1563,SciFact
1,0.003,0.027664511719040254,normuon,0.843390657598336,1.003087856483502,0.5,verified-v3-normuon-3e-3,0.7852788327880077,1563,TRECCOVID
1,0.003,0.253989495465497,normuon,1.0025337687010587,1.0,0.5,verified-v3-normuon-3e-3,1.0,1563,Touche2020
2,0.003,0.16483382347777084,normuon,0.8841612763315159,1.0,0.5,verified-v3-normuon-3e-3,1.0,1563,ArguAna
2,0.003,0.025265677683164085,normuon,1.0185873349807655,0.9593856275443702,0.5,verified-v3-normuon-3e-3,0.840528694929962,1563,ClimateFEVER
2,0.003,0.17549175189329874,normuon,0.8790400297780576,1.0,0.5,verified-v3-normuon-3e-3,0.9538662191964322,1563,DBPedia
2,0.003,0.2965201313714342,normuon,0.9049364778284053,1.0,0.5,verified-v3-normuon-3e-3,1.0,1563,FEVER
2,0.003,0.12195694437345814,normuon,0.8295960628628174,0.9758174784497388,0.5,verified-v3-normuon-3e-3,0.9307993287946483,1563,FiQA2018
2,0.003,0.17944928978952474,normuon,0.9331573931204257,1.0236115350940154,0.5,verified-v3-normuon-3e-3,1.0,1563,HotpotQA
2,0.003,0.3332645132815073,normuon,0.9150596182139393,1.0,0.5,verified-v3-normuon-3e-3,1.0,1563,MSMARCO
2,0.003,-0.03322389577208827,normuon,1.6656660546055138,0.9624128372893779,0.5,verified-v3-normuon-3e-3,0.6683983828865767,1563,NFCorpus
2,0.003,0.28728285502774037,normuon,0.9316319179303767,1.0,0.5,verified-v3-normuon-3e-3,1.0,1563,NQ
2,0.003,0.3522404488454626,normuon,0.9320288917985501,1.0,0.5,verified-v3-normuon-3e-3,1.0,1563,QuoraRetrieval
2,0.003,0.04405329938591094,normuon,1.0002584335109903,1.0052421486875922,0.5,verified-v3-normuon-3e-3,0.8555909140437343,1563,SCIDOCS
2,0.003,0.14771773779816366,normuon,0.9074116290753018,1.0,0.5,verified-v3-normuon-3e-3,1.0,1563,SciFact
2,0.003,0.01950933413840529,normuon,0.5947688618328569,0.9957272553937078,0.5,verified-v3-normuon-3e-3,0.7795165018066768,1563,TRECCOVID
2,0.003,0.23679144719095885,normuon,0.9346505512499748,1.0,0.5,verified-v3-normuon-3e-3,1.0,1563,Touche2020
3,0.003,0.188266336148394,normuon,1.0098522290339906,1.0,0.5,verified-v3-normuon-3e-3,1.0,1563,ArguAna
3,0.003,0.030268610242584478,normuon,1.2202808658922364,0.9638368904895083,0.5,verified-v3-normuon-3e-3,0.844428497185332,1563,ClimateFEVER
3,0.003,0.22215435075658574,normuon,1.1127734779417355,1.0241825215502611,0.5,verified-v3-normuon-3e-3,0.9769331095982161,1563,DBPedia
3,0.003,0.35585986111102486,normuon,1.0860327351970807,1.0,0.5,verified-v3-normuon-3e-3,1.0,1563,FEVER
3,0.003,0.18068053690904678,normuon,1.2290555722410064,1.0241825215502611,0.5,verified-v3-normuon-3e-3,0.9769331095982161,1563,FiQA2018
3,0.003,0.22196065315860064,normuon,1.1542214779435562,1.0236115350940154,0.5,verified-v3-normuon-3e-3,1.0,1563,HotpotQA
3,0.003,0.3861311714087988,normuon,1.0602180196466868,1.0,0.5,verified-v3-normuon-3e-3,1.0,1563,MSMARCO
3,0.003,-0.02589184522077816,normuon,1.2980767809770748,0.9742159022387552,0.5,verified-v3-normuon-3e-3,0.6765956442068732,1563,NFCorpus
3,0.003,0.3492391479960178,normuon,1.1325504866361877,1.0,0.5,verified-v3-normuon-3e-3,1.0,1563,NQ
3,0.003,0.40747585069121345,normuon,1.0781818692293985,1.0,0.5,verified-v3-normuon-3e-3,1.0,1563,QuoraRetrieval
3,0.003,0.047244044787070505,normuon,1.0727063554869998,0.9796790230853845,0.5,verified-v3-normuon-3e-3,0.8338333922084606,1563,SCIDOCS
3,0.003,0.1721055001160114,normuon,1.0572226095587476,1.0,0.5,verified-v3-normuon-3e-3,1.0,1563,SciFact
3,0.003,0.03574800557217999,normuon,1.0898270764200504,1.0364189792246437,0.5,verified-v3-normuon-3e-3,0.8113724844980741,1563,TRECCOVID
3,0.003,0.26652992769203443,normuon,1.0520326928914834,1.0,0.5,verified-v3-normuon-3e-3,1.0,1563,Touche2020
4,0.003,0.19630087910979277,normuon,1.0529491590791082,1.0,0.5,verified-v3-normuon-3e-3,1.0,1563,ArguAna
4,0.003,0.03366955488253855,normuon,1.357390156237387,0.9888406426636555,0.5,verified-v3-normuon-3e-3,0.8663345697591741,1563,ClimateFEVER
4,0.003,0.19752494692383024,normuon,0.9894045352707158,1.0241825215502611,0.5,verified-v3-normuon-3e-3,0.9769331095982161,1563,DBPedia
4,0.003,0.3261287757793367,normuon,0.9952977705333438,1.0,0.5,verified-v3-normuon-3e-3,1.0,1563,FEVER
4,0.003,0.12805831372144713,normuon,0.8710998248270695,0.9758174784497388,0.5,verified-v3-normuon-3e-3,0.9307993287946483,1563,FiQA2018
4,0.003,0.18501772907711872,normuon,0.9621139317361828,1.0236115350940154,0.5,verified-v3-normuon-3e-3,1.0,1563,HotpotQA
4,0.003,0.3554865401557087,normuon,0.9760756538764888,1.0,0.5,verified-v3-normuon-3e-3,1.0,1563,MSMARCO
4,0.003,-0.016277688685337948,normuon,0.8160750827234938,0.9594029503611748,0.5,verified-v3-normuon-3e-3,0.6663080080728444,1563,NFCorpus
4,0.003,0.29868500831192546,normuon,0.9686080539815719,1.0,0.5,verified-v3-normuon-3e-3,1.0,1563,NQ
4,0.003,0.3801356643465881,normuon,1.005839684611281,1.0,0.5,verified-v3-normuon-3e-3,1.0,1563,QuoraRetrieval
4,0.003,0.0383417813210456,normuon,0.8705747505140465,0.9717442771171931,0.5,verified-v3-normuon-3e-3,0.8270798984711626,1563,SCIDOCS
4,0.003,0.16731166318562757,normuon,1.027774667535261,0.9769331095982161,0.5,verified-v3-normuon-3e-3,0.9769331095982161,1563,SciFact
4,0.003,0.03162301695286495,normuon,0.9640711296112968,1.0693825057916508,0.5,verified-v3-normuon-3e-3,0.8371783593272861,1563,TRECCOVID
4,0.003,0.2432241025466036,normuon,0.960041184845393,1.0,0.5,verified-v3-normuon-3e-3,1.0,1563,Touche2020
5,0.003,0.1847015356049856,normuon,0.9907307979355225,1.0,0.5,verified-v3-normuon-3e-3,1.0,1563,ArguAna
5,0.003,0.016299074052507186,normuon,0.6570981633657224,0.9392708738397213,0.5,verified-v3-normuon-3e-3,0.822905929698966,1563,ClimateFEVER
5,0.003,0.17514710929028635,normuon,0.877313711357127,1.0241825215502611,0.5,verified-v3-normuon-3e-3,0.9769331095982161,1563,DBPedia
5,0.003,0.3356543643516925,normuon,1.024368486683514,1.0,0.5,verified-v3-normuon-3e-3,1.0,1563,FEVER
5,0.003,0.15035088729522053,normuon,1.0227421225485511,1.0,0.5,verified-v3-normuon-3e-3,0.9538662191964322,1563,FiQA2018
5,0.003,0.17922825645522356,normuon,0.9320079938095054,0.9527769298119692,0.5,verified-v3-normuon-3e-3,0.9307993287946483,1563,HotpotQA
5,0.003,0.37395050437564,normuon,1.0267730050089043,1.0,0.5,verified-v3-normuon-3e-3,1.0,1563,MSMARCO
5,0.003,-0.04014850351748013,normuon,2.0128283543574756,1.0066939505381869,0.5,verified-v3-normuon-3e-3,0.6991517387658291,1563,NFCorpus
5,0.003,0.3115122054843892,normuon,1.0102054765019641,1.0,0.5,verified-v3-normuon-3e-3,1.0,1563,NQ
5,0.003,0.37993881099895854,normuon,1.0053188102822839,1.0,0.5,verified-v3-normuon-3e-3,1.0,1563,QuoraRetrieval
5,0.003,0.04731410303463106,normuon,1.0742970729573433,1.0035624790040576,0.5,verified-v3-normuon-3e-3,0.8541612981828164,1563,SCIDOCS
5,0.003,0.15892761087719748,normuon,0.9762724804801078,1.0,0.5,verified-v3-normuon-3e-3,1.0,1563,SciFact
5,0.003,0.0345405160806591,normuon,1.0530150998834835,0.9940547135475656,0.5,verified-v3-normuon-3e-3,0.7782071332401665,1563,TRECCOVID
5,0.003,0.2502116189950122,normuon,0.987621936506185,1.0,0.5,verified-v3-normuon-3e-3,1.0,1563,Touche2020
6,0.003,0.17480318172058257,normuon,0.9376364692391125,1.0,0.5,verified-v3-normuon-3e-3,1.0,1563,ArguAna
6,0.003,0.029821352656497994,normuon,1.2022496490622467,1.0334827835884546,0.5,verified-v3-normuon-3e-3,0.9054460587924675,1563,ClimateFEVER
6,0.003,0.1772695450118458,normuon,0.8879450141947441,1.0,0.5,verified-v3-normuon-3e-3,0.9538662191964322,1563,DBPedia
6,0.003,0.29283253497105344,normuon,0.8936824679142078,1.0,0.5,verified-v3-normuon-3e-3,1.0,1563,FEVER
6,0.003,0.12785438430787616,normuon,0.8697126218312127,1.0,0.5,verified-v3-normuon-3e-3,0.9538662191964322,1563,FiQA2018
6,0.003,0.1812975173955641,normuon,0.942768393848084,1.0,0.5,verified-v3-normuon-3e-3,0.9769331095982161,1563,HotpotQA
6,0.003,0.32512888523057826,normuon,0.8927212521367647,1.0,0.5,verified-v3-normuon-3e-3,1.0,1563,MSMARCO
6,0.003,-0.015741679338024964,normuon,0.7892024793149388,1.0066939505381869,0.5,verified-v3-normuon-3e-3,0.6991517387658291,1563,NFCorpus
6,0.003,0.26153055824094285,normuon,0.8481195842609004,1.0,0.5,verified-v3-normuon-3e-3,1.0,1563,NQ
6,0.003,0.3396643635517452,normuon,0.898752546399019,1.0,0.5,verified-v3-normuon-3e-3,1.0,1563,QuoraRetrieval
6,0.003,0.03960905768927135,normuon,0.8993490737220011,0.9996324443594333,0.5,verified-v3-normuon-3e-3,0.8508163310639908,1563,SCIDOCS
6,0.003,0.14608425547771287,normuon,0.8973773510288072,1.0,0.5,verified-v3-normuon-3e-3,1.0,1563,SciFact
6,0.003,0.038081278499358565,normuon,1.1609601080959768,1.1043818084905095,0.5,verified-v3-normuon-3e-3,0.864577964849483,1563,TRECCOVID
6,0.003,0.23276475614253592,normuon,0.9187566114444262,1.0,0.5,verified-v3-normuon-3e-3,1.0,1563,Touche2020
7,0.003,0.16169728881436762,normuon,0.8673370443095813,1.0,0.5,verified-v3-normuon-3e-3,1.0,1563,ArguAna
7,0.003,0.017829582524359712,normuon,0.7188007056469676,0.9504688606057026,0.5,verified-v3-normuon-3e-3,0.8327166136742353,1563,ClimateFEVER
7,0.003,0.182288389385459,normuon,0.9130844584138365,1.0241825215502611,0.5,verified-v3-normuon-3e-3,0.9769331095982161,1563,DBPedia
7,0.003,0.30214237254051074,normuon,0.9220947432639242,1.0,0.5,verified-v3-normuon-3e-3,1.0,1563,FEVER
7,0.003,0.12072715887545668,normuon,0.8212306088696142,1.0,0.5,verified-v3-normuon-3e-3,0.9538662191964322,1563,FiQA2018
7,0.003,0.16677801432844253,normuon,0.8672652717827322,1.0236115350940154,0.5,verified-v3-normuon-3e-3,1.0,1563,HotpotQA
7,0.003,0.33369699539256525,normuon,0.9162471041287531,1.0,0.5,verified-v3-normuon-3e-3,1.0,1563,MSMARCO
7,0.003,-0.02752526757604488,normuon,1.3799677244313124,0.922067553096173,0.5,verified-v3-normuon-3e-3,0.6403784711948448,1563,NFCorpus
7,0.003,0.27841869112548406,normuon,0.9028862483835086,1.0,0.5,verified-v3-normuon-3e-3,1.0,1563,NQ
7,0.003,0.3682677055191357,normuon,0.9744370431766677,1.0,0.5,verified-v3-normuon-3e-3,1.0,1563,QuoraRetrieval
7,0.003,0.04036957634179321,normuon,0.916617137786022,0.9755227125246745,0.5,verified-v3-normuon-3e-3,0.8302958350573502,1563,SCIDOCS
7,0.003,0.1482495316864494,normuon,0.9106783725666013,1.0,0.5,verified-v3-normuon-3e-3,1.0,1563,SciFact
7,0.003,0.020852351638270913,normuon,0.6357125959526303,0.9957272553937078,0.5,verified-v3-normuon-3e-3,0.7795165018066768,1563,TRECCOVID
7,0.003,0.23857718857254365,normuon,0.941699134239301,1.0,0.5,verified-v3-normuon-3e-3,1.0,1563,Touche2020
8,0.003,0.1802699204056044,normuon,0.966959811688738,0.9769331095982161,0.5,verified-v3-normuon-3e-3,0.9769331095982161,1563,ArguAna
8,0.003,0.029396313244072766,normuon,1.1851141592569407,0.9451563676602357,0.5,verified-v3-normuon-3e-3,0.8280622779888998,1563,ClimateFEVER
8,0.003,0.19930781125853125,normuon,0.9983349214624195,0.9914211139533698,0.5,verified-v3-normuon-3e-3,0.9456831095982161,1563,DBPedia
8,0.003,0.33880948062783695,normuon,1.033997444410154,1.0,0.5,verified-v3-normuon-3e-3,1.0,1563,FEVER
8,0.003,0.1402255516103122,normuon,0.9538658591875903,1.0,0.5,verified-v3-normuon-3e-3,0.9538662191964322,1563,FiQA2018
8,0.003,0.18542655399427424,normuon,0.9642398693444229,0.9763884649059846,0.5,verified-v3-normuon-3e-3,0.9538662191964322,1563,HotpotQA
8,0.003,0.37890993449290084,normuon,1.0403903391348035,1.0,0.5,verified-v3-normuon-3e-3,1.0,1563,MSMARCO
8,0.003,-0.034882381676387034,normuon,1.7488135485593375,0.9172434750077165,0.5,verified-v3-normuon-3e-3,0.637028135592169,1563,NFCorpus
8,0.003,0.341562876077228,normuon,1.1076570417086558,1.0,0.5,verified-v3-normuon-3e-3,1.0,1563,NQ
8,0.003,0.40232283386693624,normuon,1.0645469769962879,1.0,0.5,verified-v3-normuon-3e-3,1.0,1563,QuoraRetrieval
8,0.003,0.03629588046766154,normuon,0.8241212586927456,0.949359447881534,0.5,verified-v3-normuon-3e-3,0.8080275173792486,1563,SCIDOCS
8,0.003,0.18273844939790002,normuon,1.1225394900740513,1.0,0.5,verified-v3-normuon-3e-3,1.0,1563,SciFact
8,0.003,0.03264755517098167,normuon,0.9953055851580894,1.113414951426446,0.5,verified-v3-normuon-3e-3,0.8716496643973242,1563,TRECCOVID
8,0.003,0.2745528371651891,normuon,1.0837002925901558,1.0,0.5,verified-v3-normuon-3e-3,1.0,1563,Touche2020
9,0.003,0.20110242037110382,normuon,1.0787044122206562,1.0,0.5,verified-v3-normuon-3e-3,1.0,1563,ArguAna
9,0.003,0.02129311559492505,normuon,0.858433252385096,0.9605130503701163,0.5,verified-v3-normuon-3e-3,0.8415164429315494,1563,ClimateFEVER
9,0.003,0.19943349802844446,normuon,0.9989644878139731,1.0241825215502611,0.5,verified-v3-normuon-3e-3,0.9769331095982161,1563,DBPedia
9,0.003,0.3074069220677789,normuon,0.9381613856349663,1.0,0.5,verified-v3-normuon-3e-3,1.0,1563,FEVER
9,0.003,0.15275310115627388,normuon,1.0390828661734632,1.0241825215502611,0.5,verified-v3-normuon-3e-3,0.9769331095982161,1563,FiQA2018
9,0.003,0.19826071025626907,normuon,1.030978989986194,1.0,0.5,verified-v3-normuon-3e-3,0.9769331095982161,1563,HotpotQA
9,0.003,0.3626317824280127,normuon,0.9956946724193293,1.0,0.5,verified-v3-normuon-3e-3,1.0,1563,MSMARCO
9,0.003,-0.0300350089224019,normuon,1.50579255229448,0.9711446376976125,0.5,verified-v3-normuon-3e-3,0.6744626424708423,1563,NFCorpus
9,0.003,0.31417507861447913,normuon,1.018840929533616,1.0,0.5,verified-v3-normuon-3e-3,1.0,1563,NQ
9,0.003,0.40452331102614175,normuon,1.070369443708571,1.0,0.5,verified-v3-normuon-3e-3,1.0,1563,QuoraRetrieval
9,0.003,0.029700347706987287,normuon,0.6743654547160662,0.9725309287981715,0.5,verified-v3-normuon-3e-3,0.8277494406622069,1563,SCIDOCS
9,0.003,0.16884257978184433,normuon,1.0371788971373255,1.0,0.5,verified-v3-normuon-3e-3,1.0,1563,SciFact
9,0.003,0.02879733711629747,normuon,0.8779263966144449,1.0134775641693499,0.5,verified-v3-normuon-3e-3,0.7934125346086571,1563,TRECCOVID
9,0.003,0.2520149027317299,normuon,0.994739761742601,1.0,0.5,verified-v3-normuon-3e-3,1.0,1563,Touche2020
10,0.003,0.15630695769777414,normuon,0.8384235486486649,1.0,0.5,verified-v3-normuon-3e-3,1.0,1563,ArguAna
10,0.003,0.021290247214928153,normuon,0.8583176134707795,0.9593856275443702,0.5,verified-v3-normuon-3e-3,0.840528694929962,1563,ClimateFEVER
10,0.003,0.1851504459726603,normuon,0.927420529941401,0.9914211139533698,0.5,verified-v3-normuon-3e-3,0.9456831095982161,1563,DBPedia
10,0.003,0.3115059395225225,normuon,0.9506709929958449,1.0,0.5,verified-v3-normuon-3e-3,1.0,1563,FEVER
10,0.003,0.1270094247224517,normuon,0.8639648954598483,0.9758174784497388,0.5,verified-v3-normuon-3e-3,0.9307993287946483,1563,FiQA2018
10,0.003,0.17344108115716267,normuon,0.9019140022367137,1.0,0.5,verified-v3-normuon-3e-3,0.9769331095982161,1563,HotpotQA
10,0.003,0.3392131011285626,normuon,0.9313929279643255,1.0,0.5,verified-v3-normuon-3e-3,1.0,1563,MSMARCO
10,0.003,-0.038243677568656764,normuon,1.9173307057779154,0.9253042292314246,0.5,verified-v3-normuon-3e-3,0.6426263517414332,1563,NFCorpus
10,0.003,0.29248387179910945,normuon,0.9484983377152635,1.0,0.5,verified-v3-normuon-3e-3,1.0,1563,NQ
10,0.003,0.3472498551978689,normuon,0.918823771597195,1.0,0.5,verified-v3-normuon-3e-3,1.0,1563,QuoraRetrieval
10,0.003,0.03292856840301412,normuon,0.7476642773115941,1.0306639945653193,0.5,verified-v3-normuon-3e-3,0.8772281885846003,1563,SCIDOCS
10,0.003,0.1412334629816091,normuon,0.8675795380727894,0.9769331095982161,0.5,verified-v3-normuon-3e-3,0.9769331095982161,1563,SciFact
10,0.003,0.01209558256483086,normuon,0.3687504567943111,0.9607279526948489,0.5,verified-v3-normuon-3e-3,0.7521168962844799,1563,TRECCOVID
10,0.003,0.23464480928036402,normuon,0.9261774567599802,1.0,0.5,verified-v3-normuon-3e-3,1.0,1563,Touche2020
11,0.003,0.1689639401406693,normuon,0.9063150378776637,1.0,0.5,verified-v3-normuon-3e-3,1.0,1563,ArguAna
11,0.003,0.019800430380012828,normuon,0.7982555570115902,0.9522540386771949,0.5,verified-v3-normuon-3e-3,0.8342806285516415,1563,ClimateFEVER
11,0.003,0.1935365149389675,normuon,0.9694264375372498,1.015603635503631,0.5,verified-v3-normuon-3e-3,0.96875,1563,DBPedia
11,0.003,0.30632335526368715,normuon,0.9348544967480249,1.0,0.5,verified-v3-normuon-3e-3,1.0,1563,FEVER
11,0.003,0.1319316683974684,normuon,0.8974478102231176,0.9758174784497388,0.5,verified-v3-normuon-3e-3,0.9307993287946483,1563,FiQA2018
11,0.003,0.18206673440980503,normuon,0.946768412709094,0.9763884649059846,0.5,verified-v3-normuon-3e-3,0.9538662191964322,1563,HotpotQA
11,0.003,0.357826437753131,normuon,0.9825004177407061,1.0,0.5,verified-v3-normuon-3e-3,1.0,1563,MSMARCO
11,0.003,-0.032513307648011594,normuon,1.630041017577957,0.9238487206872639,0.5,verified-v3-normuon-3e-3,0.641615497023478,1563,NFCorpus
11,0.003,0.28985810106209636,normuon,0.9399832043372804,1.0,0.5,verified-v3-normuon-3e-3,1.0,1563,NQ
11,0.003,0.35507016687844956,normuon,0.9395163310492999,1.0,0.5,verified-v3-normuon-3e-3,1.0,1563,QuoraRetrieval
11,0.003,0.0331156343330261,normuon,0.7519117293010108,0.9849211717729768,0.5,verified-v3-normuon-3e-3,0.8382951378615114,1563,SCIDOCS
11,0.003,0.14678270077959252,normuon,0.901667813356795,0.9769331095982161,0.5,verified-v3-normuon-3e-3,0.9769331095982161,1563,SciFact
11,0.003,0.029373133136588056,normuon,0.8954803295783565,1.04545212216058,0.5,verified-v3-normuon-3e-3,0.8184441840459152,1563,TRECCOVID
11,0.003,0.24935313506887005,normuon,0.9842333746120515,1.0,0.5,verified-v3-normuon-3e-3,1.0,1563,Touche2020
12,0.003,0.16855916965449574,normuon,0.9041438670455754,1.0,0.5,verified-v3-normuon-3e-3,1.0,1563,ArguAna
12,0.003,0.02657544147263308,normuon,1.071390541943962,0.9906597385853637,0.5,verified-v3-normuon-3e-3,0.8679283004521589,1563,ClimateFEVER
12,0.003,0.17570652804972997,normuon,0.8801158458030736,1.0,0.5,verified-v3-normuon-3e-3,0.9538662191964322,1563,DBPedia
12,0.003,0.31056916910223953,normuon,0.9478121054028039,1.0,0.5,verified-v3-normuon-3e-3,1.0,1563,FEVER
12,0.003,0.13488102367034366,normuon,0.9175104112904948,1.0,0.5,verified-v3-normuon-3e-3,0.9538662191964322,1563,FiQA2018
12,0.003,0.17915273627712852,normuon,0.9316152800094017,1.0236115350940154,0.5,verified-v3-normuon-3e-3,1.0,1563,HotpotQA
12,0.003,0.3340947725002082,normuon,0.9173392989282232,1.0,0.5,verified-v3-normuon-3e-3,1.0,1563,MSMARCO
12,0.003,-0.026584908331144436,normuon,1.3328232088058742,0.9857290140320619,0.5,verified-v3-normuon-3e-3,0.6845915322566548,1563,NFCorpus
12,0.003,0.26688994258107007,normuon,0.8654995755285193,1.0,0.5,verified-v3-normuon-3e-3,1.0,1563,NQ
12,0.003,0.34297919526889153,normuon,0.907523597372742,1.0,0.5,verified-v3-normuon-3e-3,1.0,1563,QuoraRetrieval
12,0.003,0.038894314899216374,normuon,0.8831203799916897,0.9970082162734969,0.5,verified-v3-normuon-3e-3,0.8485827739955403,1563,SCIDOCS
12,0.003,0.15112547214017188,normuon,0.9283449158750403,0.9769331095982161,0.5,verified-v3-normuon-3e-3,0.9769331095982161,1563,SciFact
12,0.003,0.03145901073606146,normuon,0.959071174707162,1.0259661597629224,0.5,verified-v3-normuon-3e-3,0.803189374899858,1563,TRECCOVID
12,0.003,0.2419420676480964,normuon,0.954980805178702,1.0,0.5,verified-v3-normuon-3e-3,1.0,1563,Touche2020
13,0.003,0.17385466654309079,normuon,0.9325486761378134,1.0,0.5,verified-v3-normuon-3e-3,1.0,1563,ArguAna
13,0.003,0.01921010808148302,normuon,0.7744566775839518,0.8935699597432922,0.5,verified-v3-normuon-3e-3,0.7828668374093526,1563,ClimateFEVER
13,0.003,0.1932952121238508,normuon,0.9682177492000641,1.0,0.5,verified-v3-normuon-3e-3,0.9538662191964322,1563,DBPedia
13,0.003,0.2970628233215009,normuon,0.906592695028795,1.0,0.5,verified-v3-normuon-3e-3,1.0,1563,FEVER
13,0.003,0.15220907230029976,normuon,1.0353821814824968,1.0483650431005225,0.5,verified-v3-normuon-3e-3,1.0,1563,FiQA2018
13,0.003,0.18195590985180135,normuon,0.9461921119850191,0.9763884649059846,0.5,verified-v3-normuon-3e-3,0.9538662191964322,1563,HotpotQA
13,0.003,0.35383969455056175,normuon,0.9715538345688624,1.0,0.5,verified-v3-normuon-3e-3,1.0,1563,MSMARCO
13,0.003,-0.02399410806749134,normuon,1.202934526183188,0.9589321256760026,0.5,verified-v3-normuon-3e-3,0.6659810190240714,1563,NFCorpus
13,0.003,0.2961848052749211,normuon,0.9605001251239489,1.0,0.5,verified-v3-normuon-3e-3,1.0,1563,NQ
13,0.003,0.3556137571032054,normuon,0.9409546718089495,1.0,0.5,verified-v3-normuon-3e-3,1.0,1563,QuoraRetrieval
13,0.003,0.03107143847531999,normuon,0.705496950500749,0.9519899834517508,0.5,verified-v3-normuon-3e-3,0.8102664429315494,1563,SCIDOCS
13,0.003,0.14561499078051032,normuon,0.8944947165550928,1.0,0.5,verified-v3-normuon-3e-3,1.0,1563,SciFact
13,0.003,0.021360525894633588,normuon,0.651204986514264,0.9901927958598138,0.5,verified-v3-normuon-3e-3,0.7751837866862638,1563,TRECCOVID
13,0.003,0.23964584069641554,normuon,0.9459172608165917,1.0,0.5,verified-v3-normuon-3e-3,1.0,1563,Touche2020
14,0.003,0.17782803004569414,normuon,0.9538616207244845,1.0,0.5,verified-v3-normuon-3e-3,1.0,1563,ArguAna
14,0.003,0.027213721115010428,normuon,1.0971228246103735,0.9767975787768969,0.5,verified-v3-normuon-3e-3,0.8557835040760193,1563,ClimateFEVER
14,0.003,0.19175161341531394,normuon,0.9604858470446703,1.0241825215502611,0.5,verified-v3-normuon-3e-3,0.9769331095982161,1563,DBPedia
14,0.003,0.30481501016727175,normuon,0.9302512460594904,1.0,0.5,verified-v3-normuon-3e-3,1.0,1563,FEVER
14,0.003,0.12317409057716158,normuon,0.837875539720066,1.0241825215502611,0.5,verified-v3-normuon-3e-3,0.9769331095982161,1563,FiQA2018
14,0.003,0.18026808328646077,normuon,0.937415215516942,1.0,0.5,verified-v3-normuon-3e-3,0.9769331095982161,1563,HotpotQA
14,0.003,0.32456982001062895,normuon,0.891186201189737,1.0,0.5,verified-v3-normuon-3e-3,1.0,1563,MSMARCO
14,0.003,-0.026332177275324796,normuon,1.3201526435142192,0.916966168652479,0.5,verified-v3-normuon-3e-3,0.6368355455598841,1563,NFCorpus
14,0.003,0.26045969256826135,normuon,0.8446468652210198,1.0,0.5,verified-v3-normuon-3e-3,1.0,1563,NQ
14,0.003,0.3585573132287551,normuon,0.9487433268672634,1.0,0.5,verified-v3-normuon-3e-3,1.0,1563,QuoraRetrieval
14,0.003,0.036264595815978753,normuon,0.8234109205995409,0.9794527471692988,0.5,verified-v3-normuon-3e-3,0.8336408021761758,1563,SCIDOCS
14,0.003,0.15412692334459016,normuon,0.9467824560620731,1.0,0.5,verified-v3-normuon-3e-3,1.0,1563,SciFact
14,0.003,0.029642583103068786,normuon,0.9036948820970487,1.0,0.5,verified-v3-normuon-3e-3,0.7828614689255022,1563,TRECCOVID
14,0.003,0.23402601325715977,normuon,0.923734978152496,1.0,0.5,verified-v3-normuon-3e-3,1.0,1563,Touche2020
15,0.003,0.18324513754758465,normuon,0.98291874372171,1.0,0.5,verified-v3-normuon-3e-3,1.0,1563,ArguAna
15,0.003,0.02240802906505432,normuon,0.9033810568538384,1.0245096222494858,0.5,verified-v3-normuon-3e-3,0.8975845697591741,1563,ClimateFEVER
15,0.003,0.20174166073277633,normuon,1.0105260990604215,0.9914211139533698,0.5,verified-v3-normuon-3e-3,0.9456831095982161,1563,DBPedia
15,0.003,0.3603244774587865,normuon,1.099658097407438,1.0,0.5,verified-v3-normuon-3e-3,1.0,1563,FEVER
15,0.003,0.16043353888423162,normuon,1.0913280329649941,1.0,0.5,verified-v3-normuon-3e-3,0.9538662191964322,1563,FiQA2018
15,0.003,0.19210908643994606,normuon,0.9989898232938633,1.0,0.5,verified-v3-normuon-3e-3,0.9769331095982161,1563,HotpotQA
15,0.003,0.3743884346832461,normuon,1.0279754502861904,1.0,0.5,verified-v3-normuon-3e-3,1.0,1563,MSMARCO
15,0.003,-0.02780416869018206,normuon,1.3939503146006518,0.9871357917641163,0.5,verified-v3-normuon-3e-3,0.6855685432905416,1563,NFCorpus
15,0.003,0.3398072239767844,normuon,1.1019636231668608,1.0,0.5,verified-v3-normuon-3e-3,1.0,1563,NQ
15,0.003,0.37737752582000816,normuon,0.9985416448694483,1.0,0.5,verified-v3-normuon-3e-3,1.0,1563,QuoraRetrieval
15,0.003,0.03627223138109468,normuon,0.8235842910055784,1.0067805386466462,0.5,verified-v3-normuon-3e-3,0.8569002826102445,1563,SCIDOCS
15,0.003,0.16260142811615189,normuon,0.9988402813103612,1.0,0.5,verified-v3-normuon-3e-3,1.0,1563,SciFact
15,0.003,0.04108068203074325,normuon,1.2524010466684166,1.0988473489566155,0.5,verified-v3-normuon-3e-3,0.86024524972907,1563,TRECCOVID
15,0.003,0.26789521828804336,normuon,1.0574216949999382,1.0,0.5,verified-v3-normuon-3e-3,1.0,1563,Touche2020
16,0.003,0.17873803447884015,normuon,0.9587428439109759,1.0,0.5,verified-v3-normuon-3e-3,1.0,1563,ArguAna
16,0.003,0.006760556880666371,normuon,0.2725522624969011,0.9036018942538907,0.5,verified-v3-normuon-3e-3,0.791655929698966,1563,ClimateFEVER
16,0.003,0.18807724508797186,normuon,0.9420808974727601,1.0,0.5,verified-v3-normuon-3e-3,0.9538662191964322,1563,DBPedia
16,0.003,0.3157359987221555,normuon,0.9635805207753484,1.0,0.5,verified-v3-normuon-3e-3,1.0,1563,FEVER
16,0.003,0.1506611101731489,normuon,1.0248523728459942,1.0,0.5,verified-v3-normuon-3e-3,0.9538662191964322,1563,FiQA2018
16,0.003,0.17526574325952024,normuon,0.9114024595761588,1.0,0.5,verified-v3-normuon-3e-3,0.9769331095982161,1563,HotpotQA
16,0.003,0.34203258362474853,normuon,0.9391345100221231,1.0,0.5,verified-v3-normuon-3e-3,1.0,1563,MSMARCO
16,0.003,-0.026607431005489245,normuon,1.3339523736206338,0.9370585633686954,0.5,verified-v3-normuon-3e-3,0.6507897693776612,1563,NFCorpus
16,0.003,0.29968687777571207,normuon,0.9718570246518656,1.0,0.5,verified-v3-normuon-3e-3,1.0,1563,NQ
16,0.003,0.3562504212976991,normuon,0.9426392864680176,1.0,0.5,verified-v3-normuon-3e-3,1.0,1563,QuoraRetrieval
16,0.003,0.04657814378755393,normuon,1.0575866459548033,0.9886996071804584,0.5,verified-v3-normuon-3e-3,0.8415110744476991,1563,SCIDOCS
16,0.003,0.1554840950005871,normuon,0.9551193921786125,1.0,0.5,verified-v3-normuon-3e-3,1.0,1563,SciFact
16,0.003,0.033153445564770616,normuon,1.010728349030574,1.0489508055626224,0.5,verified-v3-normuon-3e-3,0.8211831684733435,1563,TRECCOVID
16,0.003,0.24470914603571126,normuon,0.9659028691764378,1.0,0.5,verified-v3-normuon-3e-3,1.0,1563,Touche2020
17,0.003,0.1747884865195311,normuon,0.9375576448361868,1.0,0.5,verified-v3-normuon-3e-3,1.0,1563,ArguAna
17,0.003,0.02683416600540603,normuon,1.081821037244191,0.9687258889590065,0.5,verified-v3-normuon-3e-3,0.8487118045281781,1563,ClimateFEVER
17,0.003,0.18999892865655543,normuon,0.9517066306660716,1.0,0.5,verified-v3-normuon-3e-3,0.9538662191964322,1563,DBPedia
17,0.003,0.30411910122713126,normuon,0.9281274328051682,1.0,0.5,verified-v3-normuon-3e-3,1.0,1563,FEVER
17,0.003,0.15243703143374937,normuon,1.0369328434851812,1.0241825215502611,0.5,verified-v3-normuon-3e-3,0.9769331095982161,1563,FiQA2018
17,0.003,0.17847953429429952,normuon,0.9281145505939941,0.9763884649059846,0.5,verified-v3-normuon-3e-3,0.9538662191964322,1563,HotpotQA
17,0.003,0.3426614891146757,normuon,0.9408613245930441,1.0,0.5,verified-v3-normuon-3e-3,1.0,1563,MSMARCO
17,0.003,-0.027917373661120924,normuon,1.3996257982525082,0.9748472216846998,0.5,verified-v3-normuon-3e-3,0.6770340973118242,1563,NFCorpus
17,0.003,0.2844074424788968,normuon,0.9223072190810092,1.0,0.5,verified-v3-normuon-3e-3,1.0,1563,NQ
17,0.003,0.3527106538188905,normuon,0.9332730550448174,1.0,0.5,verified-v3-normuon-3e-3,1.0,1563,QuoraRetrieval
17,0.003,0.026745766234330066,normuon,0.607279786293558,0.9578259636959955,0.5,verified-v3-normuon-3e-3,0.8152336159435778,1563,SCIDOCS
17,0.003,0.13605444366800112,normuon,0.8357654687374283,1.0,0.5,verified-v3-normuon-3e-3,1.0,1563,SciFact
17,0.003,0.023609486574564825,normuon,0.7197676434670905,0.9998351808873479,0.5,verified-v3-normuon-3e-3,0.7827324383928644,1563,TRECCOVID
17,0.003,0.23614593564831396,normuon,0.932102622571264,1.0,0.5,verified-v3-normuon-3e-3,1.0,1563,Touche2020
18,0.003,0.16571103869557002,normuon,0.8888666196295274,1.0,0.5,verified-v3-normuon-3e-3,1.0,1563,ArguAna
18,0.003,0.025989110435088444,normuon,1.0477525704460884,0.9237166479585396,0.5,verified-v3-normuon-3e-3,0.809278694929962,1563,ClimateFEVER
18,0.003,0.18546955030101653,normuon,0.9290189268761533,1.0,0.5,verified-v3-normuon-3e-3,0.9538662191964322,1563,DBPedia
18,0.003,0.2915702894111818,normuon,0.8898302773535812,1.0,0.5,verified-v3-normuon-3e-3,1.0,1563,FEVER
18,0.003,0.14052981652625765,normuon,0.9559355812327957,1.0241825215502611,0.5,verified-v3-normuon-3e-3,0.9769331095982161,1563,FiQA2018
18,0.003,0.18531332774471126,normuon,0.9636510795420284,1.0,0.5,verified-v3-normuon-3e-3,0.9769331095982161,1563,HotpotQA
18,0.003,0.3626093979523728,normuon,0.9956332103406601,1.0,0.5,verified-v3-normuon-3e-3,1.0,1563,MSMARCO
18,0.003,-0.031103514101794884,normuon,1.5593616105016836,0.9056875760337172,0.5,verified-v3-normuon-3e-3,0.6290025317268089,1563,NFCorpus
18,0.003,0.2937310479152052,normuon,0.952542815332708,1.0,0.5,verified-v3-normuon-3e-3,1.0,1563,NQ
18,0.003,0.35976825834553505,normuon,0.9519474899295142,1.0,0.5,verified-v3-normuon-3e-3,1.0,1563,QuoraRetrieval
18,0.003,0.031423228819035774,normuon,0.7134845760142645,0.9533020974947191,0.5,verified-v3-normuon-3e-3,0.8113832214657747,1563,SCIDOCS
18,0.003,0.15403082738328053,normuon,0.9461921505639028,0.9769331095982161,0.5,verified-v3-normuon-3e-3,0.9769331095982161,1563,SciFact
18,0.003,0.023512683216115528,normuon,0.7168164600531397,1.029464843164965,0.5,verified-v3-normuon-3e-3,0.8059283593272861,1563,TRECCOVID
18,0.003,0.2365211602102134,normuon,0.933583688917968,1.0,0.5,verified-v3-normuon-3e-3,1.0,1563,Touche2020
19,0.003,0.20056835232798198,normuon,1.075839695060721,1.0,0.5,verified-v3-normuon-3e-3,1.0,1563,ArguAna
19,0.003,0.02268458522673698,normuon,0.9145304353598644,0.9571994315469943,0.5,verified-v3-normuon-3e-3,0.8386133436720545,1563,ClimateFEVER
19,0.003,0.2278247384507809,normuon,1.1411765095018118,1.0241825215502611,0.5,verified-v3-normuon-3e-3,0.9769331095982161,1563,DBPedia
19,0.003,0.35599601052793617,normuon,1.0864482434906602,1.0,0.5,verified-v3-normuon-3e-3,1.0,1563,FEVER
19,0.003,0.14913334973252954,normuon,1.014459983523298,0.9758174784497388,0.5,verified-v3-normuon-3e-3,0.9307993287946483,1563,FiQA2018
19,0.003,0.2098606642564357,normuon,1.0913001138413427,1.0,0.5,verified-v3-normuon-3e-3,0.9769331095982161,1563,HotpotQA
19,0.003,0.3991686108631979,normuon,1.096015513511725,1.0,0.5,verified-v3-normuon-3e-3,1.0,1563,MSMARCO
19,0.003,-0.035005489408729856,normuon,1.7549855029932655,1.0205428426330594,0.5,verified-v3-normuon-3e-3,0.7087698327088137,1563,NFCorpus
19,0.003,0.3434580416676098,normuon,1.1138028896869228,1.0,0.5,verified-v3-normuon-3e-3,1.0,1563,NQ
19,0.003,0.4036631534685733,normuon,1.0680934651894076,1.0,0.5,verified-v3-normuon-3e-3,1.0,1563,QuoraRetrieval
19,0.003,0.04453214233839767,normuon,1.011130870041938,0.9725309287981715,0.5,verified-v3-normuon-3e-3,0.8277494406622069,1563,SCIDOCS
19,0.003,0.1662129243300439,normuon,1.0210252518609173,1.0,0.5,verified-v3-normuon-3e-3,1.0,1563,SciFact
19,0.003,0.026512732798621666,normuon,0.8082770943818501,1.0321462346183512,0.5,verified-v3-normuon-3e-3,0.8080275173792485,1563,TRECCOVID
19,0.003,0.2682946697812091,normuon,1.058998388595564,1.0,0.5,verified-v3-normuon-3e-3,1.0,1563,Touche2020
0,0.003,0.21601736582237963,normuon,1.1587075143048189,1.0,0.75,verified-v3-normuon-3e-3,1.0,1563,ArguAna
0,0.003,0.017745240492285264,normuon,0.7154004514857732,0.8986565013840915,0.75,verified-v3-normuon-3e-3,0.7873232145785531,1563,ClimateFEVER
0,0.003,0.19511249384535417,normuon,0.9773205324440123,1.015603635503631,0.75,verified-v3-normuon-3e-3,0.96875,1563,DBPedia
0,0.003,0.3007860285850222,normuon,0.9179553780338914,1.0,0.75,verified-v3-normuon-3e-3,1.0,1563,FEVER
0,0.003,0.1384943971617708,normuon,0.9420899088954974,0.9758174784497388,0.75,verified-v3-normuon-3e-3,0.9307993287946483,1563,FiQA2018
0,0.003,0.15234799135140475,normuon,0.792227456700187,0.9763884649059846,0.75,verified-v3-normuon-3e-3,0.9538662191964322,1563,HotpotQA
0,0.003,0.34225661142276326,normuon,0.9397496333945522,1.0,0.75,verified-v3-normuon-3e-3,1.0,1563,MSMARCO
0,0.003,-0.02400868926349016,normuon,1.2036655483179008,1.0037502880011167,0.75,verified-v3-normuon-3e-3,0.6971073569752837,1563,NFCorpus
0,0.003,0.2656507406883477,normuon,0.8614809575852089,1.0,0.75,verified-v3-normuon-3e-3,1.0,1563,NQ
0,0.003,0.351481771352787,normuon,0.9300214297224354,1.0,0.75,verified-v3-normuon-3e-3,1.0,1563,QuoraRetrieval
0,0.003,0.0023283016047140268,normuon,0.052865582109321047,0.9225634262504566,0.75,verified-v3-normuon-3e-3,0.785220641772211,1563,SCIDOCS
0,0.003,0.15605788808130897,normuon,0.9586441314678196,0.9616783004521589,0.75,verified-v3-normuon-3e-3,0.9616783004521589,1563,SciFact
0,0.003,0.015131106956115588,normuon,0.4612925894197494,1.0137123525723444,0.75,verified-v3-normuon-3e-3,0.7935963414027121,1563,TRECCOVID
0,0.003,0.24896790248135287,normuon,0.9827128051212454,1.0,0.75,verified-v3-normuon-3e-3,1.0,1563,Touche2020
1,0.003,0.16835817214312648,normuon,0.9030657253605608,1.0,0.75,verified-v3-normuon-3e-3,1.0,1563,ArguAna
1,0.003,-0.0011438052519926536,normuon,-0.046112578414650926,0.894685127315223,0.75,verified-v3-normuon-3e-3,0.7838438484432393,1563,ClimateFEVER
1,0.003,0.19015900734333768,normuon,0.9525084664907061,1.0,0.75,verified-v3-normuon-3e-3,0.9538662191964322,1563,DBPedia
1,0.003,0.3318025423074768,normuon,1.0126132838991606,1.0,0.75,verified-v3-normuon-3e-3,1.0,1563,FEVER
1,0.003,0.15495394374603638,normuon,1.0540538082286917,0.986878846879416,0.75,verified-v3-normuon-3e-3,0.9413503944778032,1563,FiQA2018
1,0.003,0.17504858158825073,normuon,0.9102731933679435,0.9527769298119692,0.75,verified-v3-normuon-3e-3,0.9307993287946483,1563,HotpotQA
1,0.003,0.3674708113903379,normuon,1.0089814155867638,1.0,0.75,verified-v3-normuon-3e-3,1.0,1563,MSMARCO
1,0.003,-0.061016521214000106,normuon,3.0590376533043493,0.8909331185797736,0.75,verified-v3-normuon-3e-3,0.6187555201321169,1563,NFCorpus
1,0.003,0.31137339806274206,normuon,1.0097553367801222,1.0,0.75,verified-v3-normuon-3e-3,1.0,1563,NQ
1,0.003,0.38346260831580803,normuon,1.0146427846268284,1.0,0.75,verified-v3-normuon-3e-3,1.0,1563,QuoraRetrieval
1,0.003,0.004072829033411612,normuon,0.09247619691843745,0.9229993510856859,0.75,verified-v3-normuon-3e-3,0.7855916701147004,1563,SCIDOCS
1,0.003,0.12459389900427267,normuon,0.7653647730700366,0.9538662191964322,0.75,verified-v3-normuon-3e-3,0.9538662191964322,1563,SciFact
1,0.003,0.03010664837196015,normuon,0.9178425495590218,0.9914476532729465,0.75,verified-v3-normuon-3e-3,0.7761661662040009,1563,TRECCOVID
1,0.003,0.24236378466930059,normuon,0.9566453840772048,1.0,0.75,verified-v3-normuon-3e-3,1.0,1563,Touche2020
2,0.003,0.17426297231433113,normuon,0.9347388100813003,1.0,0.75,verified-v3-normuon-3e-3,1.0,1563,ArguAna
2,0.003,0.010000843630109847,normuon,0.40318462019884527,0.9036018942538907,0.75,verified-v3-normuon-3e-3,0.791655929698966,1563,ClimateFEVER
2,0.003,0.1862746634235006,normuon,0.933051746968994,0.9541174392825246,0.75,verified-v3-normuon-3e-3,0.9101003944778032,1563,DBPedia
2,0.003,0.3133848549349858,normuon,0.9564051705966304,1.0,0.75,verified-v3-normuon-3e-3,1.0,1563,FEVER
2,0.003,0.13246475703098018,normuon,0.90107407549067,1.0,0.75,verified-v3-normuon-3e-3,0.9538662191964322,1563,FiQA2018
2,0.003,0.1768940074606541,normuon,0.9198696247514766,0.968012139528312,0.75,verified-v3-normuon-3e-3,0.9456831095982161,1563,HotpotQA
2,0.003,0.3645747586431384,normuon,1.0010295910883023,1.0,0.75,verified-v3-normuon-3e-3,1.0,1563,MSMARCO
2,0.003,-0.015925415643996535,normuon,0.7984140218129914,1.0030635345736465,0.75,verified-v3-normuon-3e-3,0.6966304048165244,1563,NFCorpus
2,0.003,0.3365965852338472,normuon,1.0915518165535656,1.0,0.75,verified-v3-normuon-3e-3,1.0,1563,NQ
2,0.003,0.3830018882003423,normuon,1.013423718332613,1.0,0.75,verified-v3-normuon-3e-3,1.0,1563,QuoraRetrieval
2,0.003,0.03260995164593995,normuon,0.7404298793717365,1.0022503649610892,0.75,verified-v3-normuon-3e-3,0.8530445196485911,1563,SCIDOCS
2,0.003,0.14001113225047135,normuon,0.8600709129303842,0.96875,0.75,verified-v3-normuon-3e-3,0.96875,1563,SciFact
2,0.003,0.007053354815521547,normuon,0.21503121459551583,0.9957272553937078,0.75,verified-v3-normuon-3e-3,0.7795165018066768,1563,TRECCOVID
2,0.003,0.24281386149655382,normuon,0.958421903287199,1.0,0.75,verified-v3-normuon-3e-3,1.0,1563,Touche2020
3,0.003,0.16565117775838256,normuon,0.8885455282326928,0.9769331095982161,0.75,verified-v3-normuon-3e-3,0.9769331095982161,1563,ArguAna
3,0.003,0.01778637480814492,normuon,0.7170587839355561,0.9312378134514676,0.75,verified-v3-normuon-3e-3,0.8158680738351933,1563,ClimateFEVER
3,0.003,0.18413915286157495,normuon,0.9223549521185564,1.0241825215502611,0.75,verified-v3-normuon-3e-3,0.9769331095982161,1563,DBPedia
3,0.003,0.3172798029288546,normuon,0.9682919875307605,1.0,0.75,verified-v3-normuon-3e-3,1.0,1563,FEVER
3,0.003,0.13763835752672113,normuon,0.9362668119448468,1.0241825215502611,0.75,verified-v3-normuon-3e-3,0.9769331095982161,1563,FiQA2018
3,0.003,0.18398857905659793,normuon,0.9567622306990519,0.9871886574467965,0.75,verified-v3-normuon-3e-3,0.9644172848795871,1563,HotpotQA
3,0.003,0.36144513971222436,normuon,0.9924364532354931,1.0,0.75,verified-v3-normuon-3e-3,1.0,1563,MSMARCO
3,0.003,-0.03362898100289549,normuon,1.6859748324443993,0.9240345090497022,0.75,verified-v3-normuon-3e-3,0.6417445275561158,1563,NFCorpus
3,0.003,0.29252970456822847,normuon,0.9486469691767347,1.0,0.75,verified-v3-normuon-3e-3,1.0,1563,NQ
3,0.003,0.3593179412672864,normuon,0.9507559500913901,1.0,0.75,verified-v3-normuon-3e-3,1.0,1563,QuoraRetrieval
3,0.003,0.01920886649763208,normuon,0.4361496410093666,0.8801631140303666,0.75,verified-v3-normuon-3e-3,0.7491324992928204,1563,SCIDOCS
3,0.003,0.14113310392965983,normuon,0.866963044940826,1.0,0.75,verified-v3-normuon-3e-3,1.0,1563,SciFact
3,0.003,0.011896174391019,normuon,0.36267122457977985,0.9799679072866182,0.75,verified-v3-normuon-3e-3,0.7671791153982523,1563,TRECCOVID
3,0.003,0.25027361172418494,normuon,0.9878666308952018,1.0,0.75,verified-v3-normuon-3e-3,1.0,1563,Touche2020
4,0.003,0.15161987047946196,normuon,0.8132822218882692,1.0,0.75,verified-v3-normuon-3e-3,1.0,1563,ArguAna
4,0.003,0.023856403926054225,normuon,0.9617723776099842,0.9780661503736428,0.75,verified-v3-normuon-3e-3,0.8568949141263942,1563,ClimateFEVER
4,0.003,0.1507712838958516,normuon,0.7552149457489475,0.9782999608327858,0.75,verified-v3-normuon-3e-3,0.9331672848795871,1563,DBPedia
4,0.003,0.25098862184261933,normuon,0.765980907855305,1.0,0.75,verified-v3-normuon-3e-3,1.0,1563,FEVER
4,0.003,0.12421456398841635,normuon,0.8449532231592901,1.0241825215502611,0.75,verified-v3-normuon-3e-3,0.9769331095982161,1563,FiQA2018
4,0.003,0.15012324113288436,normuon,0.7806584941442829,0.968012139528312,0.75,verified-v3-normuon-3e-3,0.9456831095982161,1563,HotpotQA
4,0.003,0.29268575023821364,normuon,0.8036406523829601,1.0,0.75,verified-v3-normuon-3e-3,1.0,1563,MSMARCO
4,0.003,-0.02816248591550356,normuon,1.4119143981353668,1.0499247109100962,0.75,verified-v3-normuon-3e-3,0.7291756216609542,1563,NFCorpus
4,0.003,0.21857443027682022,normuon,0.7088168058956063,1.0,0.75,verified-v3-normuon-3e-3,1.0,1563,NQ
4,0.003,0.3129313997704892,normuon,0.8280170738285022,1.0,0.75,verified-v3-normuon-3e-3,1.0,1563,QuoraRetrieval
4,0.003,0.013081016512570445,normuon,0.29701287458572834,0.8589722553922927,0.75,verified-v3-normuon-3e-3,0.7310963414027121,1563,SCIDOCS
4,0.003,0.1194724690456882,normuon,0.7339044679558057,0.9769331095982161,0.75,verified-v3-normuon-3e-3,0.9769331095982161,1563,SciFact
4,0.003,0.00020750582887029898,normuon,0.00632610035715753,0.9357143882777665,0.75,verified-v3-normuon-3e-3,0.7325347405018601,1563,TRECCOVID
4,0.003,0.20614677495726813,normuon,0.8136915380091138,1.0,0.75,verified-v3-normuon-3e-3,1.0,1563,Touche2020
5,0.003,0.16305413611931122,normuon,0.8746151127279097,1.0,0.75,verified-v3-normuon-3e-3,1.0,1563,ArguAna
5,0.003,0.0059210242945621425,normuon,0.2387064551438199,0.8782132770334116,0.75,verified-v3-normuon-3e-3,0.7694126724667028,1563,ClimateFEVER
5,0.003,0.1540450513391423,normuon,0.7716132812820411,0.9840073913521035,0.75,verified-v3-normuon-3e-3,0.938611410050375,1563,DBPedia
5,0.003,0.31746449310332464,normuon,0.9688556351832873,1.0,0.75,verified-v3-normuon-3e-3,1.0,1563,FEVER
5,0.003,0.14185870085533864,normuon,0.9649751419816267,0.986878846879416,0.75,verified-v3-normuon-3e-3,0.9413503944778032,1563,FiQA2018
5,0.003,0.16240874739430522,normuon,0.8445445703138715,0.9871886574467965,0.75,verified-v3-normuon-3e-3,0.9644172848795871,1563,HotpotQA
5,0.003,0.3394891116926859,normuon,0.9321507827954407,1.0,0.75,verified-v3-normuon-3e-3,1.0,1563,MSMARCO
5,0.003,-0.03672447055309525,normuon,1.8411659003891008,0.8920195554679465,0.75,verified-v3-normuon-3e-3,0.6195100535620827,1563,NFCorpus
5,0.003,0.2895894269940211,normuon,0.939111919006609,1.0,0.75,verified-v3-normuon-3e-3,1.0,1563,NQ
5,0.003,0.3493374533997887,normuon,0.9243475603756655,1.0,0.75,verified-v3-normuon-3e-3,1.0,1563,QuoraRetrieval
5,0.003,0.010011481894342535,normuon,0.22731712122251144,0.8926217261998346,0.75,verified-v3-normuon-3e-3,0.7597363875079217,1563,SCIDOCS
5,0.003,0.14850599161458156,normuon,0.912253773900576,1.0,0.75,verified-v3-normuon-3e-3,1.0,1563,SciFact
5,0.003,0.004978094412635355,normuon,0.151764049295311,0.9575726225470488,0.75,verified-v3-normuon-3e-3,0.7496467098900281,1563,TRECCOVID
5,0.003,0.2170231369781247,normuon,0.8566221331762184,0.9769331095982161,0.75,verified-v3-normuon-3e-3,0.9769331095982161,1563,Touche2020
6,0.003,0.16913197738082697,normuon,0.9072163821381702,0.9769331095982161,0.75,verified-v3-normuon-3e-3,0.9769331095982161,1563,ArguAna
6,0.003,-0.005630066562160198,normuon,-0.22697647643690289,0.8028313965130296,0.75,verified-v3-normuon-3e-3,0.703369746831742,1563,ClimateFEVER
6,0.003,0.17429604996955173,normuon,0.8730507462743217,1.0483650431005225,0.75,verified-v3-normuon-3e-3,1.0,1563,DBPedia
6,0.003,0.31821224337799436,normuon,0.9711376606792467,1.0,0.75,verified-v3-normuon-3e-3,1.0,1563,FEVER
6,0.003,0.10950452171185061,normuon,0.7448900966200162,0.8852175204601516,0.75,verified-v3-normuon-3e-3,0.8443790894077652,1563,FiQA2018
6,0.003,0.18207308967117844,normuon,0.9468014608150116,1.0,0.75,verified-v3-normuon-3e-3,0.9769331095982161,1563,HotpotQA
6,0.003,0.3169051886448262,normuon,0.8701410722551189,1.0,0.75,verified-v3-normuon-3e-3,1.0,1563,MSMARCO
6,0.003,-0.059876027267078455,normuon,3.0018594684851445,0.9183505359721701,0.75,verified-v3-normuon-3e-3,0.6377969925002727,1563,NFCorpus
6,0.003,0.30247029468161274,normuon,0.9808833900790461,1.0,0.75,verified-v3-normuon-3e-3,1.0,1563,NQ
6,0.003,0.3475290136649969,normuon,0.9195624254275722,1.0,0.75,verified-v3-normuon-3e-3,1.0,1563,QuoraRetrieval
6,0.003,0.020270079385664636,normuon,0.4602451606594703,0.9783669090424163,0.75,verified-v3-normuon-3e-3,0.8327166136742354,1563,SCIDOCS
6,0.003,0.14385794897680004,normuon,0.8837014280223601,0.9456831095982161,0.75,verified-v3-normuon-3e-3,0.9456831095982161,1563,SciFact
6,0.003,0.006237935143360462,normuon,0.1901720253024971,1.0533952267960358,0.75,verified-v3-normuon-3e-3,0.8246625346086571,1563,TRECCOVID
6,0.003,0.22840656585953234,normuon,0.9015541955684143,1.0,0.75,verified-v3-normuon-3e-3,1.0,1563,Touche2020
7,0.003,0.1881371273046108,normuon,1.0091591585596043,1.0,0.75,verified-v3-normuon-3e-3,1.0,1563,ArguAna
7,0.003,0.012190844833662326,normuon,0.49147465213484326,0.9326558914472924,0.75,verified-v3-normuon-3e-3,0.8171104681476768,1563,ClimateFEVER
7,0.003,0.17263735661390184,normuon,0.8647423338218113,1.0081899129023646,0.75,verified-v3-normuon-3e-3,0.9616783004521589,1563,DBPedia
7,0.003,0.30794523723449596,normuon,0.9398042455267296,1.0,0.75,verified-v3-normuon-3e-3,1.0,1563,FEVER
7,0.003,0.13693336797140976,normuon,0.9314712132813154,1.0241825215502611,0.75,verified-v3-normuon-3e-3,0.9769331095982161,1563,FiQA2018
7,0.003,0.19504500658954652,normuon,1.0142569530575098,1.0,0.75,verified-v3-normuon-3e-3,0.9769331095982161,1563,HotpotQA
7,0.003,0.3603146413443885,normuon,0.98933239215597,1.0,0.75,verified-v3-normuon-3e-3,1.0,1563,MSMARCO
7,0.003,-0.0396298951999794,normuon,1.9868281442670395,0.9961683357380287,0.75,verified-v3-normuon-3e-3,0.6918416701147005,1563,NFCorpus
7,0.003,0.33576023934023114,normuon,1.088839623621455,1.0,0.75,verified-v3-normuon-3e-3,1.0,1563,NQ
7,0.003,0.3753867198708616,normuon,0.9932739685743187,1.0,0.75,verified-v3-normuon-3e-3,1.0,1563,QuoraRetrieval
7,0.003,0.03905478263760119,normuon,0.8867639029709737,0.9370755712283065,0.75,verified-v3-normuon-3e-3,0.7975723516587734,1563,SCIDOCS
7,0.003,0.16211917145433077,normuon,0.9958778388193081,0.9769331095982161,0.75,verified-v3-normuon-3e-3,0.9769331095982161,1563,SciFact
7,0.003,0.0044594463311364435,normuon,0.13595234978078738,0.9852744359319866,0.75,verified-v3-normuon-3e-3,0.7713333922084606,1563,TRECCOVID
7,0.003,0.24169727958753218,normuon,0.9540145908223142,1.0,0.75,verified-v3-normuon-3e-3,1.0,1563,Touche2020
8,0.003,0.19713609326879677,normuon,1.0574292105712992,1.0,0.75,verified-v3-normuon-3e-3,1.0,1563,ArguAna
8,0.003,0.03377139077638021,normuon,1.3614956765014519,0.9830115432434421,0.75,verified-v3-normuon-3e-3,0.8612276292468072,1563,ClimateFEVER
8,0.003,0.19950088500725388,normuon,0.9993020298991151,1.0241825215502611,0.75,verified-v3-normuon-3e-3,0.9769331095982161,1563,DBPedia
8,0.003,0.3176315378272887,normuon,0.9693654314775378,1.0,0.75,verified-v3-normuon-3e-3,1.0,1563,FEVER
8,0.003,0.13472117601851888,normuon,0.9164230686771409,1.0241825215502611,0.75,verified-v3-normuon-3e-3,0.9769331095982161,1563,FiQA2018
8,0.003,0.19169784457360342,normuon,0.9968513172658462,1.0,0.75,verified-v3-normuon-3e-3,0.9769331095982161,1563,HotpotQA
8,0.003,0.3556717914805543,normuon,0.9765843069128343,1.0,0.75,verified-v3-normuon-3e-3,1.0,1563,MSMARCO
8,0.003,-0.048265891398488386,normuon,2.4197901850293815,0.932886181494513,0.75,verified-v3-normuon-3e-3,0.6478920386020166,1563,NFCorpus
8,0.003,0.3200687935056797,normuon,1.0379537057112749,1.0,0.75,verified-v3-normuon-3e-3,1.0,1563,NQ
8,0.003,0.3703482692271378,normuon,0.9799422186709684,1.0,0.75,verified-v3-normuon-3e-3,1.0,1563,QuoraRetrieval
8,0.003,0.031979164855070824,normuon,0.726107460481224,0.9616043991034771,0.75,verified-v3-normuon-3e-3,0.8184495525297655,1563,SCIDOCS
8,0.003,0.16001628623633024,normuon,0.982960077351613,0.9769331095982161,0.75,verified-v3-normuon-3e-3,0.9769331095982161,1563,SciFact
8,0.003,0.004375482694182,normuon,0.1333926029215425,1.029464843164965,0.75,verified-v3-normuon-3e-3,0.8059283593272861,1563,TRECCOVID
8,0.003,0.2639664415028961,normuon,1.0419142371439343,1.0,0.75,verified-v3-normuon-3e-3,1.0,1563,Touche2020
9,0.003,0.17503369657817153,normuon,0.9388729406525583,1.0,0.75,verified-v3-normuon-3e-3,1.0,1563,ArguAna
9,0.003,0.030419389913111508,normuon,1.2263595574950248,0.9330569093731759,0.75,verified-v3-normuon-3e-3,0.8174618045281781,1563,ClimateFEVER
9,0.003,0.20796246898866266,normuon,1.0416861929993249,0.9586597063564786,0.75,verified-v3-normuon-3e-3,0.9144331095982161,1563,DBPedia
9,0.003,0.3260158215056277,normuon,0.9949530504560489,1.0,0.75,verified-v3-normuon-3e-3,1.0,1563,FEVER
9,0.003,0.12628217785335205,normuon,0.8590178943486457,1.0,0.75,verified-v3-normuon-3e-3,0.9538662191964322,1563,FiQA2018
9,0.003,0.19697288386564182,normuon,1.024282141428705,1.0236115350940154,0.75,verified-v3-normuon-3e-3,1.0,1563,HotpotQA
9,0.003,0.37661961225861584,normuon,1.0341016966128156,1.0,0.75,verified-v3-normuon-3e-3,1.0,1563,MSMARCO
9,0.003,-0.0545417424253492,normuon,2.7344273392906606,0.7980912849722303,0.75,verified-v3-normuon-3e-3,0.5542766093745624,1563,NFCorpus
9,0.003,0.36003834864087936,normuon,1.1675713026466519,1.0,0.75,verified-v3-normuon-3e-3,1.0,1563,NQ
9,0.003,0.4162876616468806,normuon,1.1014979376328655,1.0,0.75,verified-v3-normuon-3e-3,1.0,1563,QuoraRetrieval
9,0.003,0.03306966593639095,normuon,0.7508679873554531,0.9374883597844378,0.75,verified-v3-normuon-3e-3,0.7979236880392746,1563,SCIDOCS
9,0.003,0.1584649317692006,normuon,0.9734303004590449,0.9538662191964322,0.75,verified-v3-normuon-3e-3,0.9538662191964322,1563,SciFact
9,0.003,0.012850595134456615,normuon,0.3917680525523239,1.0210729536621383,0.75,verified-v3-normuon-3e-3,0.7993586723840429,1563,TRECCOVID
9,0.003,0.21616745719222194,normuon,0.8532446396346441,0.9769331095982161,0.75,verified-v3-normuon-3e-3,0.9769331095982161,1563,Touche2020
10,0.003,0.18605057572776967,normuon,0.9979669889770053,1.0,0.75,verified-v3-normuon-3e-3,1.0,1563,ArguAna
10,0.003,0.025725191982783367,normuon,1.0371126819635081,0.9544402346745708,0.75,verified-v3-normuon-3e-3,0.8361959798095491,1563,ClimateFEVER
10,0.003,0.18113245646779122,normuon,0.9072943782795523,0.986878846879416,0.75,verified-v3-normuon-3e-3,0.9413503944778032,1563,DBPedia
10,0.003,0.329828442705731,normuon,1.0065886179440233,1.0,0.75,verified-v3-normuon-3e-3,1.0,1563,FEVER
10,0.003,0.12189686237609221,normuon,0.8291873629833658,0.9430560708528475,0.75,verified-v3-normuon-3e-3,0.8995493287946483,1563,FiQA2018
10,0.003,0.16989636963105087,normuon,0.8834810857790889,0.9763884649059846,0.75,verified-v3-normuon-3e-3,0.9538662191964322,1563,HotpotQA
10,0.003,0.334603053538777,normuon,0.918734909425478,1.0,0.75,verified-v3-normuon-3e-3,1.0,1563,MSMARCO
10,0.003,-0.05100858102758737,normuon,2.5572937771682276,0.9266981128546948,0.75,verified-v3-normuon-3e-3,0.6435944077810325,1563,NFCorpus
10,0.003,0.28038708681956215,normuon,0.9092695748634086,1.0,0.75,verified-v3-normuon-3e-3,1.0,1563,NQ
10,0.003,0.3587418607129542,normuon,0.9492316398584206,1.0,0.75,verified-v3-normuon-3e-3,1.0,1563,QuoraRetrieval
10,0.003,0.032407331103600945,normuon,0.7358292499273509,0.99716612299492,0.75,verified-v3-normuon-3e-3,0.8487171730120284,1563,SCIDOCS
10,0.003,0.16190652382905787,normuon,0.9945715709943058,0.9413503944778032,0.75,verified-v3-normuon-3e-3,0.9413503944778032,1563,SciFact
10,0.003,0.014094417548322878,normuon,0.4296876881569609,1.043005519110188,0.75,verified-v3-normuon-3e-3,0.8165288327880077,1563,TRECCOVID
10,0.003,0.24610202262546366,normuon,0.9714007572457877,0.9769331095982161,0.75,verified-v3-normuon-3e-3,0.9769331095982161,1563,Touche2020
11,0.003,0.1649950101389144,normuon,0.8850258743917769,1.0,0.75,verified-v3-normuon-3e-3,1.0,1563,ArguAna
11,0.003,-0.003493222734565326,normuon,-0.14082948735098091,0.8344726076296908,0.75,verified-v3-normuon-3e-3,0.7310909729188617,1563,ClimateFEVER
11,0.003,0.18019813765185486,normuon,0.9026143655101644,1.0110613684296772,0.75,verified-v3-normuon-3e-3,0.9644172848795871,1563,DBPedia
11,0.003,0.3485006986504619,normuon,1.0635736376443186,1.0,0.75,verified-v3-normuon-3e-3,1.0,1563,FEVER
11,0.003,0.14142218231435624,normuon,0.9620057820585322,1.0,0.75,verified-v3-normuon-3e-3,0.9538662191964322,1563,FiQA2018
11,0.003,0.17473743597826008,normuon,0.908655199634782,0.968012139528312,0.75,verified-v3-normuon-3e-3,0.9456831095982161,1563,HotpotQA
11,0.003,0.3425396766714497,normuon,0.940526858595766,1.0,0.75,verified-v3-normuon-3e-3,1.0,1563,MSMARCO
11,0.003,-0.009081818140711836,normuon,0.45531313651040417,1.0812732878327111,0.75,verified-v3-normuon-3e-3,0.7509472952183083,1563,NFCorpus
11,0.003,0.33452261980801595,normuon,1.0848261371279628,1.0,0.75,verified-v3-normuon-3e-3,1.0,1563,NQ
11,0.003,0.3597271508426314,normuon,0.9518387193993224,1.0,0.75,verified-v3-normuon-3e-3,1.0,1563,QuoraRetrieval
11,0.003,0.01354661544587805,normuon,0.30758459716194014,0.9011566112089588,0.75,verified-v3-normuon-3e-3,0.7670006770880478,1563,SCIDOCS
11,0.003,0.1517701883459271,normuon,0.9323053270705797,0.9644172848795871,0.75,verified-v3-normuon-3e-3,0.9644172848795871,1563,SciFact
11,0.003,0.021877661674945457,normuon,0.6669705814488268,1.0161589556227362,0.75,verified-v3-normuon-3e-3,0.7955116926606195,1563,TRECCOVID
11,0.003,0.23913267176403538,normuon,0.9438917078195416,1.0,0.75,verified-v3-normuon-3e-3,1.0,1563,Touche2020
12,0.003,0.175274278447741,normuon,0.9401634110692045,1.0,0.75,verified-v3-normuon-3e-3,1.0,1563,ArguAna
12,0.003,0.015861131533680288,normuon,0.6394424840397764,0.9455234677359032,0.75,verified-v3-normuon-3e-3,0.8283838985538224,1563,ClimateFEVER
12,0.003,0.18643206500057963,normuon,0.9338401731229865,1.0,0.75,verified-v3-normuon-3e-3,0.9538662191964322,1563,DBPedia
12,0.003,0.31595004041246855,normuon,0.9642337450014556,1.0,0.75,verified-v3-normuon-3e-3,1.0,1563,FEVER
12,0.003,0.1402491844980466,normuon,0.9540266187959854,0.9758174784497388,0.75,verified-v3-normuon-3e-3,0.9307993287946483,1563,FiQA2018
12,0.003,0.16543784836732411,normuon,0.8602962513085202,0.9763884649059846,0.75,verified-v3-normuon-3e-3,0.9538662191964322,1563,HotpotQA
12,0.003,0.36748305387822017,normuon,1.0090150303457348,1.0,0.75,verified-v3-normuon-3e-3,1.0,1563,MSMARCO
12,0.003,-0.04126227632100966,normuon,2.0686668858803348,0.9513656333479071,0.75,verified-v3-normuon-3e-3,0.6607260691311887,1563,NFCorpus
12,0.003,0.32484897524602774,normuon,1.0534553961354605,1.0,0.75,verified-v3-normuon-3e-3,1.0,1563,NQ
12,0.003,0.37713573459833744,normuon,0.9979018648410074,1.0,0.75,verified-v3-normuon-3e-3,1.0,1563,QuoraRetrieval
12,0.003,0.052999016579599115,normuon,1.20337668325672,0.9576680569745724,0.75,verified-v3-normuon-3e-3,0.8150992169270896,1563,SCIDOCS
12,0.003,0.15274340357455152,normuon,0.9382836667690498,1.0,0.75,verified-v3-normuon-3e-3,1.0,1563,SciFact
12,0.003,0.021965275087197332,normuon,0.6696415967237028,0.9702260372532735,0.75,verified-v3-normuon-3e-3,0.7595525807138668,1563,TRECCOVID
12,0.003,0.24519043246963818,normuon,0.9678025772787163,1.0,0.75,verified-v3-normuon-3e-3,1.0,1563,Touche2020
13,0.003,0.16325028840999464,normuon,0.875667264865298,0.9769331095982161,0.75,verified-v3-normuon-3e-3,0.9769331095982161,1563,ArguAna
13,0.003,0.013003470627772941,normuon,0.5242357105295413,0.9330569093731759,0.75,verified-v3-normuon-3e-3,0.8174618045281781,1563,ClimateFEVER
13,0.003,0.19011489082240463,normuon,0.952287486373656,0.9672385924031087,0.75,verified-v3-normuon-3e-3,0.9226162191964322,1563,DBPedia
13,0.003,0.3126962904224028,normuon,0.9543037714710718,1.0,0.75,verified-v3-normuon-3e-3,1.0,1563,FEVER
13,0.003,0.1404605915319859,normuon,0.9554646873202384,1.0,0.75,verified-v3-normuon-3e-3,0.9538662191964322,1563,FiQA2018
13,0.003,0.1601748190054319,normuon,0.83292788019365,1.0,0.75,verified-v3-normuon-3e-3,0.9769331095982161,1563,HotpotQA
13,0.003,0.3425617710415311,normuon,0.9405875241183334,1.0,0.75,verified-v3-normuon-3e-3,1.0,1563,MSMARCO
13,0.003,-0.056166641127968014,normuon,2.8158909530008414,0.8550907921410178,0.75,verified-v3-normuon-3e-3,0.593862925081087,1563,NFCorpus
13,0.003,0.32411897189514566,normuon,1.051088062304097,1.0,0.75,verified-v3-normuon-3e-3,1.0,1563,NQ
13,0.003,0.415373679270597,normuon,1.0990795385418948,1.0,0.75,verified-v3-normuon-3e-3,1.0,1563,QuoraRetrieval
13,0.003,0.01309879972203355,normuon,0.2974166537688615,0.9487887526039794,0.75,verified-v3-normuon-3e-3,0.8075417819822591,1563,SCIDOCS
13,0.003,0.14043034644595395,normuon,0.862646093418012,1.0,0.75,verified-v3-normuon-3e-3,1.0,1563,SciFact
13,0.003,0.011220165395502246,normuon,0.34206216134882234,1.04545212216058,0.75,verified-v3-normuon-3e-3,0.8184441840459152,1563,TRECCOVID
13,0.003,0.2493950607934394,normuon,0.9843988615924519,1.0,0.75,verified-v3-normuon-3e-3,1.0,1563,Touche2020
14,0.003,0.15086704692851424,normuon,0.8092441099424638,1.0,0.75,verified-v3-normuon-3e-3,1.0,1563,ArguAna
14,0.003,0.015257950639199356,normuon,0.6151252095330233,0.9455234677359032,0.75,verified-v3-normuon-3e-3,0.8283838985538224,1563,ClimateFEVER
14,0.003,0.15702285658557344,normuon,0.7865291390602893,1.0483650431005225,0.75,verified-v3-normuon-3e-3,1.0,1563,DBPedia
14,0.003,0.27235967000457517,normuon,0.8312022503716959,1.0,0.75,verified-v3-normuon-3e-3,1.0,1563,FEVER
14,0.003,0.11238676756878896,normuon,0.7644961947180192,1.0,0.75,verified-v3-normuon-3e-3,0.9538662191964322,1563,FiQA2018
14,0.003,0.13022872393021823,normuon,0.6772046669822815,0.9444006044342966,0.75,verified-v3-normuon-3e-3,0.9226162191964322,1563,HotpotQA
14,0.003,0.3043985824105728,normuon,0.8358011114438668,1.0,0.75,verified-v3-normuon-3e-3,1.0,1563,MSMARCO
14,0.003,-0.02608803270837933,normuon,1.3079125582344229,0.9864567683041423,0.75,verified-v3-normuon-3e-3,0.6850969596156324,1563,NFCorpus
14,0.003,0.23197684379318845,normuon,0.7522796021976844,1.0,0.75,verified-v3-normuon-3e-3,1.0,1563,NQ
14,0.003,0.2997455052673449,normuon,0.7931271721110251,1.0,0.75,verified-v3-normuon-3e-3,1.0,1563,QuoraRetrieval
14,0.003,0.005836542500029296,normuon,0.1325224430310602,0.9758902681652413,0.75,verified-v3-normuon-3e-3,0.830608672384043,1563,SCIDOCS
14,0.003,0.11234847064752443,normuon,0.6901426348248356,0.9769331095982161,0.75,verified-v3-normuon-3e-3,0.9769331095982161,1563,SciFact
14,0.003,0.020274752623147554,normuon,0.6181036962134833,1.088629317897889,0.75,verified-v3-normuon-3e-3,0.8522459469249088,1563,TRECCOVID
14,0.003,0.20175482323002436,normuon,0.796355860763891,1.0,0.75,verified-v3-normuon-3e-3,1.0,1563,Touche2020
15,0.003,0.1770535318236775,normuon,0.9497072468099155,0.9769331095982161,0.75,verified-v3-normuon-3e-3,0.9769331095982161,1563,ArguAna
15,0.003,0.0025027914576609793,normuon,0.10090019008555108,0.7908044855058226,0.75,verified-v3-normuon-3e-3,0.6928328328706675,1563,ClimateFEVER
15,0.003,0.18306231552345759,normuon,0.9169610625735918,1.0,0.75,verified-v3-normuon-3e-3,0.9538662191964322,1563,DBPedia
15,0.003,0.34563271075883006,normuon,1.054820954144874,1.0,0.75,verified-v3-normuon-3e-3,1.0,1563,FEVER
15,0.003,0.159433278659738,normuon,1.0845238944360955,1.0,0.75,verified-v3-normuon-3e-3,0.9538662191964322,1563,FiQA2018
15,0.003,0.16879667033100698,normuon,0.8777625201985345,0.936024279056624,0.75,verified-v3-normuon-3e-3,0.9144331095982161,1563,HotpotQA
15,0.003,0.38823226717286935,normuon,1.06598709439386,1.0,0.75,verified-v3-normuon-3e-3,1.0,1563,MSMARCO
15,0.003,-0.03146199203150493,normuon,1.5773337508833942,1.0272445231387426,0.75,verified-v3-normuon-3e-3,0.7134241683941493,1563,NFCorpus
15,0.003,0.324910052231705,normuon,1.0536534631913674,1.0,0.75,verified-v3-normuon-3e-3,1.0,1563,NQ
15,0.003,0.38510221114570103,normuon,1.0189811768062156,1.0,0.75,verified-v3-normuon-3e-3,1.0,1563,QuoraRetrieval
15,0.003,0.053383866116780976,normuon,1.212114938973432,0.9407064194270266,0.75,verified-v3-normuon-3e-3,0.8006626724667028,1563,SCIDOCS
15,0.003,0.1491216176188188,normuon,0.9160354876184597,0.9456831095982161,0.75,verified-v3-normuon-3e-3,0.9456831095982161,1563,SciFact
15,0.003,0.02402955128986197,normuon,0.7325738935851609,1.061611077783316,0.75,verified-v3-normuon-3e-3,0.8310944077810325,1563,TRECCOVID
15,0.003,0.2559547771967754,normuon,1.0102910237678753,0.9769331095982161,0.75,verified-v3-normuon-3e-3,0.9769331095982161,1563,Touche2020
16,0.003,0.1888185793362877,normuon,1.0128144368597367,0.96875,0.75,verified-v3-normuon-3e-3,0.96875,1563,ArguAna
16,0.003,-0.0038375991836081813,normuon,-0.15471304487354218,0.8419937731226188,0.75,verified-v3-normuon-3e-3,0.7376803518240931,1563,ClimateFEVER
16,0.003,0.19157121217540496,normuon,0.9595822153378195,1.0241825215502611,0.75,verified-v3-normuon-3e-3,0.9769331095982161,1563,DBPedia
16,0.003,0.3238039992383044,normuon,0.9882028893694589,1.0,0.75,verified-v3-normuon-3e-3,1.0,1563,FEVER
16,0.003,0.14386340676715834,normuon,0.9786118900994762,1.0,0.75,verified-v3-normuon-3e-3,0.9538662191964322,1563,FiQA2018
16,0.003,0.16241862978032456,normuon,0.8445959598824033,0.9763884649059846,0.75,verified-v3-normuon-3e-3,0.9538662191964322,1563,HotpotQA
16,0.003,0.35729058418258286,normuon,0.9810291000811802,1.0,0.75,verified-v3-normuon-3e-3,1.0,1563,MSMARCO
16,0.003,-0.05922197133772225,normuon,2.9690686492863514,0.9165234507031325,0.75,verified-v3-normuon-3e-3,0.6365280767170416,1563,NFCorpus
16,0.003,0.3261165388049657,normuon,1.0575659883578818,1.0,0.75,verified-v3-normuon-3e-3,1.0,1563,NQ
16,0.003,0.36497019103258055,normuon,0.965711813627741,1.0,0.75,verified-v3-normuon-3e-3,1.0,1563,QuoraRetrieval
16,0.003,0.029382420745548664,normuon,0.6671467190287863,0.9562812662526612,0.75,verified-v3-normuon-3e-3,0.8139188788932175,1563,SCIDOCS
16,0.003,0.15574675014436856,normuon,0.9567328499491979,1.0,0.75,verified-v3-normuon-3e-3,1.0,1563,SciFact
16,0.003,0.009580954839582538,normuon,0.29208857487313017,1.0651097611853586,0.75,verified-v3-normuon-3e-3,0.8338333922084606,1563,TRECCOVID
16,0.003,0.22309711743510835,normuon,0.8805970243716048,1.0,0.75,verified-v3-normuon-3e-3,1.0,1563,Touche2020
17,0.003,0.151683169837736,normuon,0.8136217568224332,1.0,0.75,verified-v3-normuon-3e-3,1.0,1563,ArguAna
17,0.003,0.013703708317177751,normuon,0.5524658356363464,0.8734552060386432,0.75,verified-v3-normuon-3e-3,0.7652440721783565,1563,ClimateFEVER
17,0.003,0.13535789826832906,normuon,0.6780091351349191,0.9672385924031087,0.75,verified-v3-normuon-3e-3,0.9226162191964322,1563,DBPedia
17,0.003,0.2406723464948446,normuon,0.7344971302300041,1.0,0.75,verified-v3-normuon-3e-3,1.0,1563,FEVER
17,0.003,0.12971171518775554,normuon,0.8823468706909012,1.0241825215502611,0.75,verified-v3-normuon-3e-3,0.9769331095982161,1563,FiQA2018
17,0.003,0.15203489245098578,normuon,0.7905993056272765,0.9763884649059846,0.75,verified-v3-normuon-3e-3,0.9538662191964322,1563,HotpotQA
17,0.003,0.3099241631949685,normuon,0.8509729513532316,1.0,0.75,verified-v3-normuon-3e-3,1.0,1563,MSMARCO
17,0.003,-0.03625767303922077,normuon,1.817763203168741,1.0124189244603292,0.75,verified-v3-normuon-3e-3,0.7031277490218906,1563,NFCorpus
17,0.003,0.24668759131449322,normuon,0.7999852055346441,1.0,0.75,verified-v3-normuon-3e-3,1.0,1563,NQ
17,0.003,0.3308402695027659,normuon,0.8754039769074882,1.0,0.75,verified-v3-normuon-3e-3,1.0,1563,QuoraRetrieval
17,0.003,0.02314689156047913,normuon,0.5255650272664556,0.957819656211715,0.75,verified-v3-normuon-3e-3,0.8152282474597276,1563,SCIDOCS
17,0.003,0.1184556946409139,normuon,0.7276585496741503,1.0,0.75,verified-v3-normuon-3e-3,1.0,1563,SciFact
17,0.003,-0.018144650832270497,normuon,-0.5531646158348211,0.9253178230774497,0.75,verified-v3-normuon-3e-3,0.7243956701973603,1563,TRECCOVID
17,0.003,0.19313458879256437,normuon,0.762330531874463,1.0,0.75,verified-v3-normuon-3e-3,1.0,1563,Touche2020
18,0.003,0.1421523242712851,normuon,0.7624987263499391,0.9769331095982161,0.75,verified-v3-normuon-3e-3,0.9769331095982161,1563,ArguAna
18,0.003,0.01058926006758161,normuon,0.42690666472182365,0.9447931652103044,0.75,verified-v3-normuon-3e-3,0.8277440721783567,1563,ClimateFEVER
18,0.003,0.15666730819832353,normuon,0.7847481934514853,1.0241825215502611,0.75,verified-v3-normuon-3e-3,0.9769331095982161,1563,DBPedia
18,0.003,0.2729480172341499,normuon,0.8329978008701022,1.0,0.75,verified-v3-normuon-3e-3,1.0,1563,FEVER
18,0.003,0.08727437881410799,normuon,0.5936724753554848,1.0,0.75,verified-v3-normuon-3e-3,0.9538662191964322,1563,FiQA2018
18,0.003,0.14127973722115922,normuon,0.7346712346460987,1.0,0.75,verified-v3-normuon-3e-3,0.9769331095982161,1563,HotpotQA
18,0.003,0.2985273892874618,normuon,0.8196803079271836,1.0,0.75,verified-v3-normuon-3e-3,1.0,1563,MSMARCO
18,0.003,-0.03652493160315804,normuon,1.8311620989757438,0.9331634878497503,0.75,verified-v3-normuon-3e-3,0.6480846286343014,1563,NFCorpus
18,0.003,0.2266596141374374,normuon,0.7350363147004709,1.0,0.75,verified-v3-normuon-3e-3,1.0,1563,NQ
18,0.003,0.3118395402433534,normuon,0.825128011460987,1.0,0.75,verified-v3-normuon-3e-3,1.0,1563,QuoraRetrieval
18,0.003,0.01575678929186384,normuon,0.3577680127015205,0.9345028835422153,0.75,verified-v3-normuon-3e-3,0.7953826621279816,1563,SCIDOCS
18,0.003,0.13005960659704066,normuon,0.7989399327274336,0.9144331095982161,0.75,verified-v3-normuon-3e-3,0.9144331095982161,1563,SciFact
18,0.003,0.004044482946879379,normuon,0.12330162074995747,0.9604819448889605,0.75,verified-v3-normuon-3e-3,0.751924306252195,1563,TRECCOVID
18,0.003,0.19777327663202296,normuon,0.7806401127214864,0.96875,0.75,verified-v3-normuon-3e-3,0.96875,1563,Touche2020
19,0.003,0.15656549832875555,normuon,0.8398103490604317,0.9769331095982161,0.75,verified-v3-normuon-3e-3,0.9769331095982161,1563,ArguAna
19,0.003,0.006012704530932177,normuon,0.24240254945823395,0.8964703053867156,0.75,verified-v3-normuon-3e-3,0.7854078633206456,1563,ClimateFEVER
19,0.003,0.1629830859068157,normuon,0.8163839903766885,0.9914211139533698,0.75,verified-v3-normuon-3e-3,0.9456831095982161,1563,DBPedia
19,0.003,0.2678273368943261,normuon,0.8173702264137807,1.0,0.75,verified-v3-normuon-3e-3,1.0,1563,FEVER
19,0.003,0.1133321991751363,normuon,0.7709273687881898,1.0241825215502611,0.75,verified-v3-normuon-3e-3,0.9769331095982161,1563,FiQA2018
19,0.003,0.1637740293572627,normuon,0.8516441969489061,0.9444006044342966,0.75,verified-v3-normuon-3e-3,0.9226162191964322,1563,HotpotQA
19,0.003,0.31707450236302115,normuon,0.87060596467587,1.0,0.75,verified-v3-normuon-3e-3,1.0,1563,MSMARCO
19,0.003,-0.036998417524296875,normuon,1.8549001166839847,0.8325255595729034,0.75,verified-v3-normuon-3e-3,0.5781913085215376,1563,NFCorpus
19,0.003,0.22007444226798495,normuon,0.7136812070382098,0.9769331095982161,0.75,verified-v3-normuon-3e-3,0.9769331095982161,1563,NQ
19,0.003,0.3112908951730714,normuon,0.8236762955705442,1.0,0.75,verified-v3-normuon-3e-3,1.0,1563,QuoraRetrieval
19,0.003,0.021162359584038285,normuon,0.48050495517927744,0.9755227125246745,0.75,verified-v3-normuon-3e-3,0.8302958350573502,1563,SCIDOCS
19,0.003,0.1312009445620939,normuon,0.8059510294151553,0.9769331095982161,0.75,verified-v3-normuon-3e-3,0.9769331095982161,1563,SciFact
19,0.003,0.00793741648704337,normuon,0.2419830495700368,1.0444320531504416,0.75,verified-v3-normuon-3e-3,0.817645611322233,1563,TRECCOVID
19,0.003,0.21910466856120217,normuon,0.8648382434481348,1.0,0.75,verified-v3-normuon-3e-3,1.0,1563,Touche2020
