draw,learning_rate,margin,optimizer,relative_margin,relative_shortlist_ndcg,removed_fraction,run_id,shortlist_ndcg,step,task
0,0.0001,0.23599245242435654,muon,0.996653267872705,1.0,0.1,verified-v3-muon-1e-4,1.0,1563,ArguAna
0,0.0001,0.01159851246431876,muon,1.2582697702379062,1.0418282738825886,0.1,verified-v3-muon-1e-4,0.7983762928663058,1563,ClimateFEVER
0,0.0001,0.2921058111863484,muon,0.9989209690353643,1.0,0.1,verified-v3-muon-1e-4,1.0,1563,DBPedia
0,0.0001,0.39487640145076786,muon,0.995490694525592,1.0,0.1,verified-v3-muon-1e-4,1.0,1563,FEVER
0,0.0001,0.2187109742995117,muon,1.0069664501196218,1.0,0.1,verified-v3-muon-1e-4,1.0,1563,FiQA2018
0,0.0001,0.2922865239226577,muon,0.9800810105565013,1.0,0.1,verified-v3-muon-1e-4,1.0,1563,HotpotQA
0,0.0001,0.41696413988512604,muon,0.9956724515591842,1.0,0.1,verified-v3-muon-1e-4,1.0,1563,MSMARCO
0,0.0001,0.006503671636090306,muon,1.910836401277795,0.9694737725165664,0.1,verified-v3-muon-1e-4,0.6971073569752838,1563,NFCorpus
0,0.0001,0.41250182717430606,muon,1.0014081867432547,1.0,0.1,verified-v3-muon-1e-4,1.0,1563,NQ
0,0.0001,0.4758638146703521,muon,0.9821631218857886,1.0,0.1,verified-v3-muon-1e-4,1.0,1563,QuoraRetrieval
0,0.0001,0.09619594278038521,muon,0.9962672010687741,1.0,0.1,verified-v3-muon-1e-4,0.8583298984711626,1563,SCIDOCS
0,0.0001,0.26622950731217526,muon,1.0021437512827975,1.0,0.1,verified-v3-muon-1e-4,1.0,1563,SciFact
0,0.0001,0.07680395036314105,muon,0.9955939531971305,1.0,0.1,verified-v3-muon-1e-4,0.9110827739955403,1563,TRECCOVID
0,0.0001,0.29478874112338016,muon,0.9953534424957572,1.0,0.1,verified-v3-muon-1e-4,1.0,1563,Touche2020
1,0.0001,0.23669733524602712,muon,0.9996301587031883,1.0,0.1,verified-v3-muon-1e-4,1.0,1563,ArguAna
1,0.0001,0.012232062992985071,muon,1.327000780407656,0.9759728335254837,0.1,verified-v3-muon-1e-4,0.7479097969423252,1563,ClimateFEVER
1,0.0001,0.2902435410560071,muon,0.9925525209868612,1.0,0.1,verified-v3-muon-1e-4,1.0,1563,DBPedia
1,0.0001,0.3954472718962296,muon,0.9969298694526044,1.0,0.1,verified-v3-muon-1e-4,1.0,1563,FEVER
1,0.0001,0.21931965223780353,muon,1.0097688621373586,1.0,0.1,verified-v3-muon-1e-4,1.0,1563,FiQA2018
1,0.0001,0.2943625429608342,muon,0.987042217010922,1.0,0.1,verified-v3-muon-1e-4,1.0,1563,HotpotQA
1,0.0001,0.4145499096012838,muon,0.9899074891669654,1.0,0.1,verified-v3-muon-1e-4,1.0,1563,MSMARCO
1,0.0001,0.006513234398966528,muon,1.9136460258134607,1.0038091314618232,0.1,verified-v3-muon-1e-4,0.7217964532702706,1563,NFCorpus
1,0.0001,0.4135012481285706,muon,1.003834426482504,1.0,0.1,verified-v3-muon-1e-4,1.0,1563,NQ
1,0.0001,0.48242383695643276,muon,0.9957027350471731,1.0,0.1,verified-v3-muon-1e-4,1.0,1563,QuoraRetrieval
1,0.0001,0.09724296197993917,muon,1.0071108069138388,1.0,0.1,verified-v3-muon-1e-4,0.8583298984711626,1563,SCIDOCS
1,0.0001,0.27002861959806695,muon,1.0164444074202998,1.0,0.1,verified-v3-muon-1e-4,1.0,1563,SciFact
1,0.0001,0.0734784633283282,muon,0.9524863426166723,1.0,0.1,verified-v3-muon-1e-4,0.9110827739955403,1563,TRECCOVID
1,0.0001,0.29774137389586874,muon,1.0053229996210487,1.0,0.1,verified-v3-muon-1e-4,1.0,1563,Touche2020
2,0.0001,0.23736654729363596,muon,1.002456403217779,1.0,0.1,verified-v3-muon-1e-4,1.0,1563,ArguAna
2,0.0001,0.010047180330549639,muon,1.089972815475354,1.011727507081446,0.1,verified-v3-muon-1e-4,0.775309402464522,1563,ClimateFEVER
2,0.0001,0.2921808564408945,muon,0.9991776030204543,1.0,0.1,verified-v3-muon-1e-4,1.0,1563,DBPedia
2,0.0001,0.394952718938077,muon,0.9956830923193489,1.0,0.1,verified-v3-muon-1e-4,1.0,1563,FEVER
2,0.0001,0.21750907532630334,muon,1.0014327911602108,0.9769331095982161,0.1,verified-v3-muon-1e-4,0.9769331095982161,1563,FiQA2018
2,0.0001,0.2985920277707721,muon,1.0012243205544784,1.0,0.1,verified-v3-muon-1e-4,1.0,1563,HotpotQA
2,0.0001,0.4200062241004837,muon,1.0029366720491983,1.0,0.1,verified-v3-muon-1e-4,1.0,1563,MSMARCO
2,0.0001,-8.393956268421682e-05,muon,-0.024662187893108693,0.9619025763233763,0.1,verified-v3-muon-1e-4,0.691663231804496,1563,NFCorpus
2,0.0001,0.4156813492126773,muon,1.009126938975133,1.0,0.1,verified-v3-muon-1e-4,1.0,1563,NQ
2,0.0001,0.47689229551431467,muon,0.9842858635723061,1.0,0.1,verified-v3-muon-1e-4,1.0,1563,QuoraRetrieval
2,0.0001,0.09928887180033563,muon,1.0282995680142821,1.0,0.1,verified-v3-muon-1e-4,0.8583298984711626,1563,SCIDOCS
2,0.0001,0.26453052670652555,muon,0.9957484316403883,1.0,0.1,verified-v3-muon-1e-4,1.0,1563,SciFact
2,0.0001,0.07771592033783557,muon,1.0074156340873746,1.025318106170117,0.1,verified-v3-muon-1e-4,0.9341496643973242,1563,TRECCOVID
2,0.0001,0.2954495329214099,muon,0.9975846043387618,1.0,0.1,verified-v3-muon-1e-4,1.0,1563,Touche2020
3,0.0001,0.23446382210892816,muon,0.9901974919205936,1.0,0.1,verified-v3-muon-1e-4,1.0,1563,ArguAna
3,0.0001,0.004749722001490583,muon,0.5152756984910919,1.0251451865056749,0.1,verified-v3-muon-1e-4,0.7855916701147005,1563,ClimateFEVER
3,0.0001,0.29539629844911475,muon,1.0101735241001597,1.0,0.1,verified-v3-muon-1e-4,1.0,1563,DBPedia
3,0.0001,0.39105612086138697,muon,0.9858596966659248,1.0,0.1,verified-v3-muon-1e-4,1.0,1563,FEVER
3,0.0001,0.2149569482612504,muon,0.989682551652653,1.0,0.1,verified-v3-muon-1e-4,1.0,1563,FiQA2018
3,0.0001,0.29821926917666103,muon,0.9999744044970871,1.0,0.1,verified-v3-muon-1e-4,1.0,1563,HotpotQA
3,0.0001,0.4183031232201034,muon,0.9988698220095569,1.0,0.1,verified-v3-muon-1e-4,1.0,1563,MSMARCO
3,0.0001,0.0051312188270368556,muon,1.5075975950591223,0.9687982557212661,0.1,verified-v3-muon-1e-4,0.6966216215782943,1563,NFCorpus
3,0.0001,0.40800913780967696,muon,0.9905015298175077,1.0,0.1,verified-v3-muon-1e-4,1.0,1563,NQ
3,0.0001,0.4805835183243726,muon,0.9919043939310684,1.0,0.1,verified-v3-muon-1e-4,1.0,1563,QuoraRetrieval
3,0.0001,0.09127518286759394,muon,0.9453046389923244,1.0022314861235977,0.1,verified-v3-muon-1e-4,0.86024524972907,1563,SCIDOCS
3,0.0001,0.26547614041337353,muon,0.99930792013215,1.0,0.1,verified-v3-muon-1e-4,1.0,1563,SciFact
3,0.0001,0.07441732765165995,muon,0.9646566494662817,1.0,0.1,verified-v3-muon-1e-4,0.9110827739955403,1563,TRECCOVID
3,0.0001,0.2959214575650765,muon,0.9991780567103893,1.0,0.1,verified-v3-muon-1e-4,1.0,1563,Touche2020
4,0.0001,0.23627659241493365,muon,0.9978532598522484,1.0,0.1,verified-v3-muon-1e-4,1.0,1563,ArguAna
4,0.0001,0.006582078981336319,muon,0.7140597583536975,1.0037883525819271,0.1,verified-v3-muon-1e-4,0.7692254509182683,1563,ClimateFEVER
4,0.0001,0.29724985483577027,muon,1.0165121735587233,1.0,0.1,verified-v3-muon-1e-4,1.0,1563,DBPedia
4,0.0001,0.39140555046486203,muon,0.9867406151441452,1.0,0.1,verified-v3-muon-1e-4,1.0,1563,FEVER
4,0.0001,0.21805630913361718,muon,1.0039523084642745,0.9769331095982161,0.1,verified-v3-muon-1e-4,0.9769331095982161,1563,FiQA2018
4,0.0001,0.29627360889185,muon,0.9934503106984903,1.0,0.1,verified-v3-muon-1e-4,1.0,1563,HotpotQA
4,0.0001,0.4177295299457656,muon,0.9975001334271885,1.0,0.1,verified-v3-muon-1e-4,1.0,1563,MSMARCO
4,0.0001,0.004233211767525034,muon,1.2437551574431962,0.9694737725165664,0.1,verified-v3-muon-1e-4,0.6971073569752838,1563,NFCorpus
4,0.0001,0.4096575218373187,muon,0.9945032218136008,1.0,0.1,verified-v3-muon-1e-4,1.0,1563,NQ
4,0.0001,0.4864413131421235,muon,1.0039946388040772,1.0,0.1,verified-v3-muon-1e-4,1.0,1563,QuoraRetrieval
4,0.0001,0.09643135881188866,muon,0.9987053212640106,0.994577451288105,0.1,verified-v3-muon-1e-4,0.8536755627858269,1563,SCIDOCS
4,0.0001,0.2608795191354952,muon,0.9820052727391324,1.0,0.1,verified-v3-muon-1e-4,1.0,1563,SciFact
4,0.0001,0.07211759410545507,muon,0.934845672273825,1.0,0.1,verified-v3-muon-1e-4,0.9110827739955403,1563,TRECCOVID
4,0.0001,0.297241370050247,muon,1.0036347378946877,1.0,0.1,verified-v3-muon-1e-4,1.0,1563,Touche2020
5,0.0001,0.24342614151125186,muon,1.0280475368194149,1.0,0.1,verified-v3-muon-1e-4,1.0,1563,ArguAna
5,0.0001,0.0036035544069022776,muon,0.3909331985081453,0.9397984663977149,0.1,verified-v3-muon-1e-4,0.7201885708552056,1563,ClimateFEVER
5,0.0001,0.2946611585071569,muon,1.0076595491120734,1.0,0.1,verified-v3-muon-1e-4,1.0,1563,DBPedia
5,0.0001,0.3942850525574275,muon,0.9939998930535985,1.0,0.1,verified-v3-muon-1e-4,1.0,1563,FEVER
5,0.0001,0.21098987852204631,muon,0.9714177794094787,1.0,0.1,verified-v3-muon-1e-4,1.0,1563,FiQA2018
5,0.0001,0.2972970775202696,muon,0.9968821561156256,1.0,0.1,verified-v3-muon-1e-4,1.0,1563,HotpotQA
5,0.0001,0.4169854335136267,muon,0.9957232988078173,1.0,0.1,verified-v3-muon-1e-4,1.0,1563,MSMARCO
5,0.0001,0.0014401320328683367,muon,0.4231235623552008,1.0320793419181151,0.1,verified-v3-muon-1e-4,0.7421243592446263,1563,NFCorpus
5,0.0001,0.4136472380592101,muon,1.0041888382743887,1.0,0.1,verified-v3-muon-1e-4,1.0,1563,NQ
5,0.0001,0.48665308664526147,muon,1.004431730506708,1.0,0.1,verified-v3-muon-1e-4,1.0,1563,QuoraRetrieval
5,0.0001,0.088646489806424,muon,0.9180801989294045,1.0,0.1,verified-v3-muon-1e-4,0.8583298984711626,1563,SCIDOCS
5,0.0001,0.2661062547320343,muon,1.0016798026984925,1.0,0.1,verified-v3-muon-1e-4,1.0,1563,SciFact
5,0.0001,0.07596940861351914,muon,0.9847759586058931,1.025318106170117,0.1,verified-v3-muon-1e-4,0.9341496643973242,1563,TRECCOVID
5,0.0001,0.30111482073833495,muon,1.016713434394539,1.0,0.1,verified-v3-muon-1e-4,1.0,1563,Touche2020
6,0.0001,0.23891038345377158,muon,1.008976397133908,1.0,0.1,verified-v3-muon-1e-4,1.0,1563,ArguAna
6,0.0001,0.01265462348993482,muon,1.3728424433833406,1.0106784169618739,0.1,verified-v3-muon-1e-4,0.7745054612569895,1563,ClimateFEVER
6,0.0001,0.29385523917087386,muon,1.0049035281993275,1.0,0.1,verified-v3-muon-1e-4,1.0,1563,DBPedia
6,0.0001,0.4014883281395559,muon,1.012159483714795,1.0,0.1,verified-v3-muon-1e-4,1.0,1563,FEVER
6,0.0001,0.21335133644289644,muon,0.9822901597611337,1.0,0.1,verified-v3-muon-1e-4,1.0,1563,FiQA2018
6,0.0001,0.2981624616585616,muon,0.999783920279755,1.0,0.1,verified-v3-muon-1e-4,1.0,1563,HotpotQA
6,0.0001,0.41512705388817706,muon,0.9912856572444233,1.0,0.1,verified-v3-muon-1e-4,1.0,1563,MSMARCO
6,0.0001,-0.00261095438835195,muon,-0.7671215532551267,1.0015531144346814,0.1,verified-v3-muon-1e-4,0.7201742473770677,1563,NFCorpus
6,0.0001,0.4104727200255429,muon,0.9964822339917968,1.0,0.1,verified-v3-muon-1e-4,1.0,1563,NQ
6,0.0001,0.48679467750020544,muon,1.0047239681424245,1.0,0.1,verified-v3-muon-1e-4,1.0,1563,QuoraRetrieval
6,0.0001,0.0945420582486381,muon,0.9791385065967385,0.9929118727460265,0.1,verified-v3-muon-1e-4,0.8522459469249088,1563,SCIDOCS
6,0.0001,0.2669884379168162,muon,1.0050005253901335,1.0,0.1,verified-v3-muon-1e-4,1.0,1563,SciFact
6,0.0001,0.0830940807506142,muon,1.0771316312590025,1.025318106170117,0.1,verified-v3-muon-1e-4,0.9341496643973242,1563,TRECCOVID
6,0.0001,0.2918901686935813,muon,0.9855664199815016,1.0,0.1,verified-v3-muon-1e-4,1.0,1563,Touche2020
7,0.0001,0.23110615779779012,muon,0.9760172625372495,1.0,0.1,verified-v3-muon-1e-4,1.0,1563,ArguAna
7,0.0001,0.005020110381685828,muon,0.5446089018712594,0.9862315569155511,0.1,verified-v3-muon-1e-4,0.7557712859756185,1563,ClimateFEVER
7,0.0001,0.2926330790855102,muon,1.0007240792118886,1.0,0.1,verified-v3-muon-1e-4,1.0,1563,DBPedia
7,0.0001,0.39522118977451043,muon,0.9963599122519635,1.0,0.1,verified-v3-muon-1e-4,1.0,1563,FEVER
7,0.0001,0.21813995501412042,muon,1.0043374221771426,1.0,0.1,verified-v3-muon-1e-4,1.0,1563,FiQA2018
7,0.0001,0.2971651536731994,muon,0.9964397954634208,1.0,0.1,verified-v3-muon-1e-4,1.0,1563,HotpotQA
7,0.0001,0.4201893525729446,muon,1.0033739661895904,1.0,0.1,verified-v3-muon-1e-4,1.0,1563,MSMARCO
7,0.0001,0.001499435798244516,muon,0.4405475345288273,0.9953481226970516,0.1,verified-v3-muon-1e-4,0.7157125017240169,1563,NFCorpus
7,0.0001,0.41188108957468156,muon,0.9999012559295382,1.0,0.1,verified-v3-muon-1e-4,1.0,1563,NQ
7,0.0001,0.48934665823637724,muon,1.0099911502427639,1.0,0.1,verified-v3-muon-1e-4,1.0,1563,QuoraRetrieval
7,0.0001,0.09363928282702852,muon,0.9697887823101957,1.0,0.1,verified-v3-muon-1e-4,0.8583298984711626,1563,SCIDOCS
7,0.0001,0.26850094636647276,muon,1.010693924693947,1.0,0.1,verified-v3-muon-1e-4,1.0,1563,SciFact
7,0.0001,0.07900736895977419,muon,1.0241564193306802,1.025318106170117,0.1,verified-v3-muon-1e-4,0.9341496643973242,1563,TRECCOVID
7,0.0001,0.2947910926051479,muon,0.9953613822680278,1.0,0.1,verified-v3-muon-1e-4,1.0,1563,Touche2020
8,0.0001,0.2397521953807335,muon,1.0125315727309316,1.0,0.1,verified-v3-muon-1e-4,1.0,1563,ArguAna
8,0.0001,0.01316089233607891,muon,1.4277652437576167,1.008812862788981,0.1,verified-v3-muon-1e-4,0.7730758453960714,1563,ClimateFEVER
8,0.0001,0.2926590718528974,muon,1.000812967277076,1.0,0.1,verified-v3-muon-1e-4,1.0,1563,DBPedia
8,0.0001,0.39736157508167524,muon,1.0017558631068477,1.0,0.1,verified-v3-muon-1e-4,1.0,1563,FEVER
8,0.0001,0.2157049764057371,muon,0.9931265454790068,0.9769331095982161,0.1,verified-v3-muon-1e-4,0.9769331095982161,1563,FiQA2018
8,0.0001,0.2965729151901364,muon,0.9944539300763309,1.0,0.1,verified-v3-muon-1e-4,1.0,1563,HotpotQA
8,0.0001,0.4173057257533176,muon,0.996488127552074,1.0,0.1,verified-v3-muon-1e-4,1.0,1563,MSMARCO
8,0.0001,0.002428933396131712,muon,0.713642171577699,0.9538766333777473,0.1,verified-v3-muon-1e-4,0.685892117584935,1563,NFCorpus
8,0.0001,0.4145594443110179,muon,1.0064033516374353,1.0,0.1,verified-v3-muon-1e-4,1.0,1563,NQ
8,0.0001,0.4799870581732558,muon,0.9906733249864648,1.0,0.1,verified-v3-muon-1e-4,1.0,1563,QuoraRetrieval
8,0.0001,0.0917043677855737,muon,0.9497495546989337,1.0022314861235977,0.1,verified-v3-muon-1e-4,0.86024524972907,1563,SCIDOCS
8,0.0001,0.2635502065281554,muon,0.9920583007043831,1.0,0.1,verified-v3-muon-1e-4,1.0,1563,SciFact
8,0.0001,0.07317090309919597,muon,0.9484995020580786,1.0,0.1,verified-v3-muon-1e-4,0.9110827739955403,1563,TRECCOVID
8,0.0001,0.2931546251015331,muon,0.9898358538606398,1.0,0.1,verified-v3-muon-1e-4,1.0,1563,Touche2020
9,0.0001,0.2344999727469333,muon,0.9903501648181093,1.0,0.1,verified-v3-muon-1e-4,1.0,1563,ArguAna
9,0.0001,0.010861638797239836,muon,1.1783297035593454,1.008812862788981,0.1,verified-v3-muon-1e-4,0.7730758453960714,1563,ClimateFEVER
9,0.0001,0.28863820840817234,muon,0.9870627279639618,1.0,0.1,verified-v3-muon-1e-4,1.0,1563,DBPedia
9,0.0001,0.4002515675639471,muon,1.0090415874823249,1.0,0.1,verified-v3-muon-1e-4,1.0,1563,FEVER
9,0.0001,0.21198324336839758,muon,0.9759913271073374,1.0,0.1,verified-v3-muon-1e-4,1.0,1563,FiQA2018
9,0.0001,0.2972741091500697,muon,0.9968051396895027,1.0,0.1,verified-v3-muon-1e-4,1.0,1563,HotpotQA
9,0.0001,0.4201327564261431,muon,1.0032388197373077,1.0,0.1,verified-v3-muon-1e-4,1.0,1563,MSMARCO
9,0.0001,-0.0007854830014796376,muon,-0.23078187150212862,0.958093444861553,0.1,verified-v3-muon-1e-4,0.6889242473770677,1563,NFCorpus
9,0.0001,0.4092563844469399,muon,0.9935294024502156,1.0,0.1,verified-v3-muon-1e-4,1.0,1563,NQ
9,0.0001,0.48032793197987955,muon,0.9913768743460952,1.0,0.1,verified-v3-muon-1e-4,1.0,1563,QuoraRetrieval
9,0.0001,0.09709248881654838,muon,1.005552409823542,0.9990404235353006,0.1,verified-v3-muon-1e-4,0.8575062653016419,1563,SCIDOCS
9,0.0001,0.26516069456850466,muon,0.9981205157550206,1.0,0.1,verified-v3-muon-1e-4,1.0,1563,SciFact
9,0.0001,0.07486256516391462,muon,0.9704281725824939,1.0,0.1,verified-v3-muon-1e-4,0.9110827739955403,1563,TRECCOVID
9,0.0001,0.2904416980823681,muon,0.9806756626081676,1.0,0.1,verified-v3-muon-1e-4,1.0,1563,Touche2020
10,0.0001,0.23914962982783247,muon,1.00998679250073,1.0,0.1,verified-v3-muon-1e-4,1.0,1563,ArguAna
10,0.0001,0.0041298766428128995,muon,0.44803149976769885,0.9504651976841438,0.1,verified-v3-muon-1e-4,0.728362725459134,1563,ClimateFEVER
10,0.0001,0.2876876740321178,muon,0.9838121636695593,1.0,0.1,verified-v3-muon-1e-4,1.0,1563,DBPedia
10,0.0001,0.3957836863835226,muon,0.9977779765827682,1.0,0.1,verified-v3-muon-1e-4,1.0,1563,FEVER
10,0.0001,0.21631706286859342,muon,0.9959446506730546,1.0,0.1,verified-v3-muon-1e-4,1.0,1563,FiQA2018
10,0.0001,0.29370539216721686,muon,0.9848386908091223,1.0,0.1,verified-v3-muon-1e-4,1.0,1563,HotpotQA
10,0.0001,0.4177941957133116,muon,0.9976545494000397,1.0,0.1,verified-v3-muon-1e-4,1.0,1563,MSMARCO
10,0.0001,-0.0036799588093178286,muon,-1.0812045320717603,1.006728450352065,0.1,verified-v3-muon-1e-4,0.723895611322233,1563,NFCorpus
10,0.0001,0.4051420020188058,muon,0.9835411406402017,1.0,0.1,verified-v3-muon-1e-4,1.0,1563,NQ
10,0.0001,0.484908332947949,muon,1.0008306314412931,1.0,0.1,verified-v3-muon-1e-4,1.0,1563,QuoraRetrieval
10,0.0001,0.10185796560922397,muon,1.0549067597968673,1.0,0.1,verified-v3-muon-1e-4,0.8583298984711626,1563,SCIDOCS
10,0.0001,0.2617257822995511,muon,0.9851907849325837,0.9769331095982161,0.1,verified-v3-muon-1e-4,0.9769331095982161,1563,SciFact
10,0.0001,0.08187899581067448,muon,1.0613807328598304,1.0,0.1,verified-v3-muon-1e-4,0.9110827739955403,1563,TRECCOVID
10,0.0001,0.299980114930814,muon,1.0128821030912067,1.0,0.1,verified-v3-muon-1e-4,1.0,1563,Touche2020
11,0.0001,0.237416015238328,muon,1.0026653183259775,1.0,0.1,verified-v3-muon-1e-4,1.0,1563,ArguAna
11,0.0001,0.007157106870299277,muon,0.776441913992335,1.0163323237166937,0.1,verified-v3-muon-1e-4,0.7788381763774024,1563,ClimateFEVER
11,0.0001,0.2883685902661598,muon,0.9861407085950391,1.0,0.1,verified-v3-muon-1e-4,1.0,1563,DBPedia
11,0.0001,0.39633346542562253,muon,0.9991639796927158,1.0,0.1,verified-v3-muon-1e-4,1.0,1563,FEVER
11,0.0001,0.2130354200873148,muon,0.9808356503469003,1.0,0.1,verified-v3-muon-1e-4,1.0,1563,FiQA2018
11,0.0001,0.30351449363735217,muon,1.017730094601811,1.0,0.1,verified-v3-muon-1e-4,1.0,1563,HotpotQA
11,0.0001,0.4228307104581668,muon,1.009681288641226,1.0,0.1,verified-v3-muon-1e-4,1.0,1563,MSMARCO
11,0.0001,0.0010880652826032264,muon,0.3196832289975082,1.006728450352065,0.1,verified-v3-muon-1e-4,0.723895611322233,1563,NFCorpus
11,0.0001,0.41631761987183674,muon,1.010671578550263,1.0,0.1,verified-v3-muon-1e-4,1.0,1563,NQ
11,0.0001,0.4876755583879805,muon,1.0065420696581826,1.0,0.1,verified-v3-muon-1e-4,1.0,1563,QuoraRetrieval
11,0.0001,0.1046228130975296,muon,1.0835413028861207,1.0022314861235977,0.1,verified-v3-muon-1e-4,0.86024524972907,1563,SCIDOCS
11,0.0001,0.26279599283974286,muon,0.9892192820598859,1.0,0.1,verified-v3-muon-1e-4,1.0,1563,SciFact
11,0.0001,0.07642493508765295,muon,0.9906808554376904,1.025318106170117,0.1,verified-v3-muon-1e-4,0.9341496643973242,1563,TRECCOVID
11,0.0001,0.2947528834606401,muon,0.9952323691877598,1.0,0.1,verified-v3-muon-1e-4,1.0,1563,Touche2020
12,0.0001,0.2363229397404159,muon,0.9980489958299228,1.0,0.1,verified-v3-muon-1e-4,1.0,1563,ArguAna
12,0.0001,0.007071010473029634,muon,0.767101708138864,0.9736875857807845,0.1,verified-v3-muon-1e-4,0.7461585605164844,1563,ClimateFEVER
12,0.0001,0.29441550221646445,muon,1.006819472637896,1.0,0.1,verified-v3-muon-1e-4,1.0,1563,DBPedia
12,0.0001,0.4001366890936118,muon,1.0087519767388111,1.0,0.1,verified-v3-muon-1e-4,1.0,1563,FEVER
12,0.0001,0.21931223565039543,muon,1.0097347154525922,1.0,0.1,verified-v3-muon-1e-4,1.0,1563,FiQA2018
12,0.0001,0.29695086830868367,muon,0.9957212641613837,1.0,0.1,verified-v3-muon-1e-4,1.0,1563,HotpotQA
12,0.0001,0.4212921373685913,muon,1.0060073160055392,1.0,0.1,verified-v3-muon-1e-4,1.0,1563,MSMARCO
12,0.0001,0.009229563919517363,muon,2.711727727375849,1.0102697450405707,0.1,verified-v3-muon-1e-4,0.7264420057173764,1563,NFCorpus
12,0.0001,0.4130658647778544,muon,1.002777470069085,1.0,0.1,verified-v3-muon-1e-4,1.0,1563,NQ
12,0.0001,0.48476881538089367,muon,1.000542672985549,1.0,0.1,verified-v3-muon-1e-4,1.0,1563,QuoraRetrieval
12,0.0001,0.09196213590038797,muon,0.952419167479351,0.9983344214579214,0.1,verified-v3-muon-1e-4,0.8569002826102445,1563,SCIDOCS
12,0.0001,0.2612250545810274,muon,0.983305940689439,0.9769331095982161,0.1,verified-v3-muon-1e-4,0.9769331095982161,1563,SciFact
12,0.0001,0.06893153018337458,muon,0.8935453750843572,1.0163363650684505,0.1,verified-v3-muon-1e-4,0.925966554799108,1563,TRECCOVID
12,0.0001,0.29682150990504075,muon,1.0022170811710787,1.0,0.1,verified-v3-muon-1e-4,1.0,1563,Touche2020
13,0.0001,0.23620186210953528,muon,0.9975376556779654,1.0,0.1,verified-v3-muon-1e-4,1.0,1563,ArguAna
13,0.0001,0.011386604405365297,muon,1.2352808304517735,0.9981344458271072,0.1,verified-v3-muon-1e-4,0.7648927357978553,1563,ClimateFEVER
13,0.0001,0.2953006743507853,muon,1.0098465161691006,1.0,0.1,verified-v3-muon-1e-4,1.0,1563,DBPedia
13,0.0001,0.3945959079949142,muon,0.9947835653475713,1.0,0.1,verified-v3-muon-1e-4,1.0,1563,FEVER
13,0.0001,0.21698373717196323,muon,0.9990140835572542,1.0,0.1,verified-v3-muon-1e-4,1.0,1563,FiQA2018
13,0.0001,0.2998347077098519,muon,1.0053912147175972,1.0,0.1,verified-v3-muon-1e-4,1.0,1563,HotpotQA
13,0.0001,0.41220204767565494,muon,0.9843010083792952,1.0,0.1,verified-v3-muon-1e-4,1.0,1563,MSMARCO
13,0.0001,-0.0026053722568759145,muon,-0.765481473525096,0.967920658081885,0.1,verified-v3-muon-1e-4,0.6959905784410585,1563,NFCorpus
13,0.0001,0.40635020814424455,muon,0.9864742367517408,1.0,0.1,verified-v3-muon-1e-4,1.0,1563,NQ
13,0.0001,0.48396099099650824,muon,0.9988753570543029,1.0,0.1,verified-v3-muon-1e-4,1.0,1563,QuoraRetrieval
13,0.0001,0.098841125329165,muon,1.0236624168961734,1.0,0.1,verified-v3-muon-1e-4,0.8583298984711626,1563,SCIDOCS
13,0.0001,0.2630723212117643,muon,0.9902594400578448,0.9769331095982161,0.1,verified-v3-muon-1e-4,0.9769331095982161,1563,SciFact
13,0.0001,0.07609085020912265,muon,0.9863501812556109,1.0,0.1,verified-v3-muon-1e-4,0.9110827739955403,1563,TRECCOVID
13,0.0001,0.2944604370296052,muon,0.994244924549383,1.0,0.1,verified-v3-muon-1e-4,1.0,1563,Touche2020
14,0.0001,0.23568175393492802,muon,0.9953411129218542,1.0,0.1,verified-v3-muon-1e-4,1.0,1563,ArguAna
14,0.0001,0.005256347819552476,muon,0.5702372251222374,1.0389136295901236,0.1,verified-v3-muon-1e-4,0.7961427357978553,1563,ClimateFEVER
14,0.0001,0.2936191952115954,muon,1.0040963232362363,1.0,0.1,verified-v3-muon-1e-4,1.0,1563,DBPedia
14,0.0001,0.3955552638668347,muon,0.9972021192032249,1.0,0.1,verified-v3-muon-1e-4,1.0,1563,FEVER
14,0.0001,0.21201686182339108,muon,0.9761461097212036,1.0,0.1,verified-v3-muon-1e-4,1.0,1563,FiQA2018
14,0.0001,0.29822551797924746,muon,0.9999953576791616,1.0,0.1,verified-v3-muon-1e-4,1.0,1563,HotpotQA
14,0.0001,0.41769392546258266,muon,0.9974151131588579,1.0,0.1,verified-v3-muon-1e-4,1.0,1563,MSMARCO
14,0.0001,0.010676601299394139,muon,3.1368801419187835,1.0309687593036723,0.1,verified-v3-muon-1e-4,0.7413257865209442,1563,NFCorpus
14,0.0001,0.4143974768166919,muon,1.0060101519856535,1.0,0.1,verified-v3-muon-1e-4,1.0,1563,NQ
14,0.0001,0.4883764836570824,muon,1.0079887502615117,1.0,0.1,verified-v3-muon-1e-4,1.0,1563,QuoraRetrieval
14,0.0001,0.0906654283222945,muon,0.9389896278117459,0.9968089374117028,0.1,verified-v3-muon-1e-4,0.8555909140437343,1563,SCIDOCS
14,0.0001,0.26536846003669223,muon,0.9989025885905173,0.9769331095982161,0.1,verified-v3-muon-1e-4,0.9769331095982161,1563,SciFact
14,0.0001,0.07619583535290027,muon,0.9877110822747164,1.0,0.1,verified-v3-muon-1e-4,0.9110827739955403,1563,TRECCOVID
14,0.0001,0.2972607201308726,muon,1.003700073393221,1.0,0.1,verified-v3-muon-1e-4,1.0,1563,Touche2020
15,0.0001,0.23551510312184443,muon,0.9946373061867356,1.0,0.1,verified-v3-muon-1e-4,1.0,1563,ArguAna
15,0.0001,0.007711956514592933,muon,0.8366350238061777,1.0188317304660355,0.1,verified-v3-muon-1e-4,0.7807535276353099,1563,ClimateFEVER
15,0.0001,0.2913701757798094,muon,0.9964052996956405,0.9769331095982161,0.1,verified-v3-muon-1e-4,0.9769331095982161,1563,DBPedia
15,0.0001,0.39600109595985233,muon,0.9983260701364519,1.0,0.1,verified-v3-muon-1e-4,1.0,1563,FEVER
15,0.0001,0.21745517514363338,muon,1.0011846295131888,1.0,0.1,verified-v3-muon-1e-4,1.0,1563,FiQA2018
15,0.0001,0.2957546220917168,muon,0.9917100693055118,1.0,0.1,verified-v3-muon-1e-4,1.0,1563,HotpotQA
15,0.0001,0.41548392002358536,muon,0.9921378211259944,1.0,0.1,verified-v3-muon-1e-4,1.0,1563,MSMARCO
15,0.0001,5.307381773903344e-05,muon,0.01559355831062441,0.9808541001715796,0.1,verified-v3-muon-1e-4,0.7052904665734998,1563,NFCorpus
15,0.0001,0.40340644015836724,muon,0.9793278117743683,1.0,0.1,verified-v3-muon-1e-4,1.0,1563,NQ
15,0.0001,0.4770495587833374,muon,0.9846104484188516,1.0,0.1,verified-v3-muon-1e-4,1.0,1563,QuoraRetrieval
15,0.0001,0.09363690741343877,muon,0.9697641809956284,1.0,0.1,verified-v3-muon-1e-4,0.8583298984711626,1563,SCIDOCS
15,0.0001,0.2641637945555273,muon,0.9943679748411859,1.0,0.1,verified-v3-muon-1e-4,1.0,1563,SciFact
15,0.0001,0.07630236044232847,muon,0.989091945295395,1.0,0.1,verified-v3-muon-1e-4,0.9110827739955403,1563,TRECCOVID
15,0.0001,0.29470613214721947,muon,0.9950745134956561,1.0,0.1,verified-v3-muon-1e-4,1.0,1563,Touche2020
16,0.0001,0.2385039835444736,muon,1.0072600719145886,1.0,0.1,verified-v3-muon-1e-4,1.0,1563,ArguAna
16,0.0001,0.009125281603458324,muon,0.989960223077115,0.9923051572421773,0.1,verified-v3-muon-1e-4,0.7604256216609542,1563,ClimateFEVER
16,0.0001,0.2984940257037544,muon,1.020766893326347,1.0,0.1,verified-v3-muon-1e-4,1.0,1563,DBPedia
16,0.0001,0.39425487065589326,muon,0.9939238039228981,1.0,0.1,verified-v3-muon-1e-4,1.0,1563,FEVER
16,0.0001,0.21194152361563595,muon,0.9757992453360738,0.9769331095982161,0.1,verified-v3-muon-1e-4,0.9769331095982161,1563,FiQA2018
16,0.0001,0.3053282266975236,muon,1.023811816422701,1.0,0.1,verified-v3-muon-1e-4,1.0,1563,HotpotQA
16,0.0001,0.41914432779905175,muon,1.0008785420534798,1.0,0.1,verified-v3-muon-1e-4,1.0,1563,MSMARCO
16,0.0001,-0.0008815843826784579,muon,-0.2590173095258987,0.9988894173855571,0.1,verified-v3-muon-1e-4,0.7182588961191603,1563,NFCorpus
16,0.0001,0.41413556870601864,muon,1.0053743319506263,1.0,0.1,verified-v3-muon-1e-4,1.0,1563,NQ
16,0.0001,0.4851436968357089,muon,1.001316412716639,1.0,0.1,verified-v3-muon-1e-4,1.0,1563,QuoraRetrieval
16,0.0001,0.09339814342278827,muon,0.967291387177032,0.9990404235353006,0.1,verified-v3-muon-1e-4,0.8575062653016419,1563,SCIDOCS
16,0.0001,0.2689054960225441,muon,1.0122167345207334,1.0,0.1,verified-v3-muon-1e-4,1.0,1563,SciFact
16,0.0001,0.0776400416417602,muon,1.0064320340169102,1.0,0.1,verified-v3-muon-1e-4,0.9110827739955403,1563,TRECCOVID
16,0.0001,0.3006067822485152,muon,1.0149980437122648,1.0,0.1,verified-v3-muon-1e-4,1.0,1563,Touche2020
17,0.0001,0.2353263197906925,muon,0.9938400284688274,1.0,0.1,verified-v3-muon-1e-4,1.0,1563,ArguAna
17,0.0001,-0.002109051376961154,muon,-0.22880137428594982,0.9573552620640908,0.1,verified-v3-muon-1e-4,0.7336427357978553,1563,ClimateFEVER
17,0.0001,0.291411527486074,muon,0.9965467110777879,1.0,0.1,verified-v3-muon-1e-4,1.0,1563,DBPedia
17,0.0001,0.39836716168276276,muon,1.0042909654838053,1.0,0.1,verified-v3-muon-1e-4,1.0,1563,FEVER
17,0.0001,0.2194522201840295,muon,1.0103792177660067,1.0,0.1,verified-v3-muon-1e-4,1.0,1563,FiQA2018
17,0.0001,0.2937981196477305,muon,0.9851496201040776,1.0,0.1,verified-v3-muon-1e-4,1.0,1563,HotpotQA
17,0.0001,0.4153827902912163,muon,0.9918963325208082,1.0,0.1,verified-v3-muon-1e-4,1.0,1563,MSMARCO
17,0.0001,-0.002742621911210979,muon,-0.8058066390993983,0.9793009857368983,0.1,verified-v3-muon-1e-4,0.7041736880392746,1563,NFCorpus
17,0.0001,0.4048531297493964,muon,0.9828398611877172,1.0,0.1,verified-v3-muon-1e-4,1.0,1563,NQ
17,0.0001,0.48166716867376347,muon,0.9941410031822419,1.0,0.1,verified-v3-muon-1e-4,1.0,1563,QuoraRetrieval
17,0.0001,0.09927479255603155,muon,1.028153754283364,1.0,0.1,verified-v3-muon-1e-4,0.8583298984711626,1563,SCIDOCS
17,0.0001,0.2707679708167139,muon,1.0192274806087334,0.9769331095982161,0.1,verified-v3-muon-1e-4,0.9769331095982161,1563,SciFact
17,0.0001,0.08196924671775459,muon,1.0625506369719844,1.025318106170117,0.1,verified-v3-muon-1e-4,0.9341496643973242,1563,TRECCOVID
17,0.0001,0.29222270538377276,muon,0.9866892292790238,1.0,0.1,verified-v3-muon-1e-4,1.0,1563,Touche2020
18,0.0001,0.23404157114270951,muon,0.9884142238498526,1.0,0.1,verified-v3-muon-1e-4,1.0,1563,ArguAna
18,0.0001,0.009866650691185155,muon,1.0703879774590055,1.0060736003266262,0.1,verified-v3-muon-1e-4,0.7709766873441091,1563,ClimateFEVER
18,0.0001,0.290652969753379,muon,0.9939526537314601,1.0,0.1,verified-v3-muon-1e-4,1.0,1563,DBPedia
18,0.0001,0.39832542027468426,muon,1.0041857346238048,1.0,0.1,verified-v3-muon-1e-4,1.0,1563,FEVER
18,0.0001,0.21951747475653471,muon,1.0106796561205067,1.0,0.1,verified-v3-muon-1e-4,1.0,1563,FiQA2018
18,0.0001,0.29867368662797544,muon,1.001498135078031,1.0,0.1,verified-v3-muon-1e-4,1.0,1563,HotpotQA
18,0.0001,0.4177396317439388,muon,0.997524255602671,1.0,0.1,verified-v3-muon-1e-4,1.0,1563,MSMARCO
18,0.0001,0.0030086235295007837,muon,0.8839602734567007,0.9973363029508757,0.1,verified-v3-muon-1e-4,0.717142117584935,1563,NFCorpus
18,0.0001,0.4148807720068031,muon,1.007183421358316,1.0,0.1,verified-v3-muon-1e-4,1.0,1563,NQ
18,0.0001,0.484300262245583,muon,0.999575598801804,1.0,0.1,verified-v3-muon-1e-4,1.0,1563,QuoraRetrieval
18,0.0001,0.09652459918516337,muon,0.9996709786818195,1.0054225487118948,0.1,verified-v3-muon-1e-4,0.8629842341564983,1563,SCIDOCS
18,0.0001,0.2654623584887835,muon,0.9992560420749504,1.0,0.1,verified-v3-muon-1e-4,1.0,1563,SciFact
18,0.0001,0.07592658592196397,muon,0.9842208567840417,0.9746818938298829,0.1,verified-v3-muon-1e-4,0.8880158835937564,1563,TRECCOVID
18,0.0001,0.2947252770193305,muon,0.9951391561081563,1.0,0.1,verified-v3-muon-1e-4,1.0,1563,Touche2020
19,0.0001,0.23778720344628748,muon,1.004232936004671,1.0,0.1,verified-v3-muon-1e-4,1.0,1563,ArguAna
19,0.0001,0.012542537011598373,muon,1.3606826920551378,1.048932497267178,0.1,verified-v3-muon-1e-4,0.8038204180370938,1563,ClimateFEVER
19,0.0001,0.29258327626973674,muon,1.0005537673759444,0.9769331095982161,0.1,verified-v3-muon-1e-4,0.9769331095982161,1563,DBPedia
19,0.0001,0.40223313626010887,muon,1.0140371587303023,1.0,0.1,verified-v3-muon-1e-4,1.0,1563,FEVER
19,0.0001,0.21849147639367433,muon,1.0059558605606953,1.0,0.1,verified-v3-muon-1e-4,1.0,1563,FiQA2018
19,0.0001,0.2995145240200887,muon,1.004317590282179,1.0,0.1,verified-v3-muon-1e-4,1.0,1563,HotpotQA
19,0.0001,0.41589921776658423,muon,0.9931295143733143,1.0,0.1,verified-v3-muon-1e-4,1.0,1563,MSMARCO
19,0.0001,0.00416210163884651,muon,1.2228623710324489,1.0053622458965046,0.1,verified-v3-muon-1e-4,0.722913231804496,1563,NFCorpus
19,0.0001,0.40576038942525383,muon,0.9850423660181303,1.0,0.1,verified-v3-muon-1e-4,1.0,1563,NQ
19,0.0001,0.48925790410164516,muon,1.0098079654000391,1.0,0.1,verified-v3-muon-1e-4,1.0,1563,QuoraRetrieval
19,0.0001,0.09282247243189914,muon,0.9613293672596334,1.0,0.1,verified-v3-muon-1e-4,0.8583298984711626,1563,SCIDOCS
19,0.0001,0.26264348990302094,muon,0.9886452289933001,1.0,0.1,verified-v3-muon-1e-4,1.0,1563,SciFact
19,0.0001,0.07578250687369632,muon,0.9823531894497518,1.0,0.1,verified-v3-muon-1e-4,0.9110827739955403,1563,TRECCOVID
19,0.0001,0.29419644149661506,muon,0.9933535442966505,1.0,0.1,verified-v3-muon-1e-4,1.0,1563,Touche2020
0,0.0001,0.2378424183331389,muon,1.0044661218411262,1.0,0.25,verified-v3-muon-1e-4,1.0,1563,ArguAna
0,0.0001,0.012333117621424767,muon,1.337963736605657,1.0163323237166937,0.25,verified-v3-muon-1e-4,0.7788381763774024,1563,ClimateFEVER
0,0.0001,0.2970061538422614,muon,1.0156787836593508,0.9769331095982161,0.25,verified-v3-muon-1e-4,0.9769331095982161,1563,DBPedia
0,0.0001,0.3876856172249083,muon,0.9773625948040463,1.0,0.25,verified-v3-muon-1e-4,1.0,1563,FEVER
0,0.0001,0.21418173101557803,muon,0.9861133765783505,1.0,0.25,verified-v3-muon-1e-4,1.0,1563,FiQA2018
0,0.0001,0.2999278070381456,muon,1.005703390874512,1.0,0.25,verified-v3-muon-1e-4,1.0,1563,HotpotQA
0,0.0001,0.4108568316027814,muon,0.9810887547175683,1.0,0.25,verified-v3-muon-1e-4,1.0,1563,MSMARCO
0,0.0001,-0.006709707606163863,muon,-1.9713715964134781,0.9267170055358984,0.25,verified-v3-muon-1e-4,0.6663627843342614,1563,NFCorpus
0,0.0001,0.3965168179671722,muon,0.9626022517614782,1.0,0.25,verified-v3-muon-1e-4,1.0,1563,NQ
0,0.0001,0.4843315084515272,muon,0.9996400896713158,1.0,0.25,verified-v3-muon-1e-4,1.0,1563,QuoraRetrieval
0,0.0001,0.09428622406090043,muon,0.9764889228119318,1.0022314861235977,0.25,verified-v3-muon-1e-4,0.86024524972907,1563,SCIDOCS
0,0.0001,0.2719494984196975,muon,1.0236749985275857,1.0,0.25,verified-v3-muon-1e-4,1.0,1563,SciFact
0,0.0001,0.0784766830463677,muon,1.0172772460077422,0.9746818938298829,0.25,verified-v3-muon-1e-4,0.8880158835937564,1563,TRECCOVID
0,0.0001,0.2821135823643527,muon,0.9525558008460109,1.0,0.25,verified-v3-muon-1e-4,1.0,1563,Touche2020
1,0.0001,0.23633013808945233,muon,0.998079396200853,1.0,0.25,verified-v3-muon-1e-4,1.0,1563,ArguAna
1,0.0001,0.008968533209980152,muon,0.9729553040710185,1.0355837477545355,0.25,verified-v3-muon-1e-4,0.7935909729188617,1563,ClimateFEVER
1,0.0001,0.2986826595973991,muon,1.021411968996246,1.0,0.25,verified-v3-muon-1e-4,1.0,1563,DBPedia
1,0.0001,0.3893005761826685,muon,0.9814339361366367,1.0,0.25,verified-v3-muon-1e-4,1.0,1563,FEVER
1,0.0001,0.2136735248051446,muon,0.9837735460998484,1.0,0.25,verified-v3-muon-1e-4,1.0,1563,FiQA2018
1,0.0001,0.30048912879364975,muon,1.0075855877886861,1.0,0.25,verified-v3-muon-1e-4,1.0,1563,HotpotQA
1,0.0001,0.4159628702678807,muon,0.9932815107584979,1.0,0.25,verified-v3-muon-1e-4,1.0,1563,MSMARCO
1,0.0001,-0.005938200796346636,muon,-1.7446960539627072,0.9543239141290901,0.25,verified-v3-muon-1e-4,0.6862137381498576,1563,NFCorpus
1,0.0001,0.40865377044640483,muon,0.992066469309493,1.0,0.25,verified-v3-muon-1e-4,1.0,1563,NQ
1,0.0001,0.4828252939663597,muon,0.9965313256187128,1.0,0.25,verified-v3-muon-1e-4,1.0,1563,QuoraRetrieval
1,0.0001,0.09802858526507202,muon,1.0152472281469114,1.023907469660781,0.25,verified-v3-muon-1e-4,0.8788503944778032,1563,SCIDOCS
1,0.0001,0.25795704031090116,muon,0.9710044489691023,1.0,0.25,verified-v3-muon-1e-4,1.0,1563,SciFact
1,0.0001,0.0728533502495444,muon,0.9443831291965423,1.025318106170117,0.25,verified-v3-muon-1e-4,0.9341496643973242,1563,TRECCOVID
1,0.0001,0.29059566627893496,muon,0.9811955358363774,1.0,0.25,verified-v3-muon-1e-4,1.0,1563,Touche2020
2,0.0001,0.23876701311632773,muon,1.0083709094843605,1.0,0.25,verified-v3-muon-1e-4,1.0,1563,ArguAna
2,0.0001,0.014038318078763677,muon,1.522953164712585,1.0251451865056747,0.25,verified-v3-muon-1e-4,0.7855916701147004,1563,ClimateFEVER
2,0.0001,0.280362308858524,muon,0.9587614436991986,1.0,0.25,verified-v3-muon-1e-4,1.0,1563,DBPedia
2,0.0001,0.38942732249174017,muon,0.9817534659205962,1.0,0.25,verified-v3-muon-1e-4,1.0,1563,FEVER
2,0.0001,0.21415399092805862,muon,0.9859856585361038,0.9769331095982161,0.25,verified-v3-muon-1e-4,0.9769331095982161,1563,FiQA2018
2,0.0001,0.2965650573181082,muon,0.9944275814405648,1.0,0.25,verified-v3-muon-1e-4,1.0,1563,HotpotQA
2,0.0001,0.422321147749629,muon,1.008464499227698,1.0,0.25,verified-v3-muon-1e-4,1.0,1563,MSMARCO
2,0.0001,0.00639594060970251,muon,1.8791840703657487,0.9648218952136179,0.25,verified-v3-muon-1e-4,0.6937623898564582,1563,NFCorpus
2,0.0001,0.40660482235650136,muon,0.9870923497874132,1.0,0.25,verified-v3-muon-1e-4,1.0,1563,NQ
2,0.0001,0.4797860047051318,muon,0.990258358990247,1.0,0.25,verified-v3-muon-1e-4,1.0,1563,QuoraRetrieval
2,0.0001,0.0891949806512912,muon,0.9237607237315285,1.0281752610261912,0.25,verified-v3-muon-1e-4,0.8825135674071718,1563,SCIDOCS
2,0.0001,0.2584939419012937,muon,0.973025459259426,0.9769331095982161,0.25,verified-v3-muon-1e-4,0.9769331095982161,1563,SciFact
2,0.0001,0.07444498816576661,muon,0.9650152070724557,1.025318106170117,0.25,verified-v3-muon-1e-4,0.9341496643973242,1563,TRECCOVID
2,0.0001,0.3011719072566203,muon,1.0169061868798575,1.0,0.25,verified-v3-muon-1e-4,1.0,1563,Touche2020
3,0.0001,0.22944045722634152,muon,0.9689826057048925,1.0,0.25,verified-v3-muon-1e-4,1.0,1563,ArguAna
3,0.0001,0.009969383429983216,muon,1.0815329842037078,0.9536101426853797,0.25,verified-v3-muon-1e-4,0.7307727671083186,1563,ClimateFEVER
3,0.0001,0.28693746785587926,muon,0.9812466663331627,1.0,0.25,verified-v3-muon-1e-4,1.0,1563,DBPedia
3,0.0001,0.39991256147697085,muon,1.008186946881538,1.0,0.25,verified-v3-muon-1e-4,1.0,1563,FEVER
3,0.0001,0.2151127214224173,muon,0.9903997463321909,0.9769331095982161,0.25,verified-v3-muon-1e-4,0.9769331095982161,1563,FiQA2018
3,0.0001,0.3005248582953879,muon,1.0077053942227983,1.0,0.25,verified-v3-muon-1e-4,1.0,1563,HotpotQA
3,0.0001,0.4099953307573588,muon,0.9790315690348413,1.0,0.25,verified-v3-muon-1e-4,1.0,1563,MSMARCO
3,0.0001,0.0075852663618849805,muon,2.2286185233040183,1.0015531144346814,0.25,verified-v3-muon-1e-4,0.7201742473770677,1563,NFCorpus
3,0.0001,0.4106177244541256,muon,0.9968342533340901,1.0,0.25,verified-v3-muon-1e-4,1.0,1563,NQ
3,0.0001,0.4855475414323543,muon,1.0021499311678637,1.0,0.25,verified-v3-muon-1e-4,1.0,1563,QuoraRetrieval
3,0.0001,0.09770087359128543,muon,1.0118532347770839,0.9951433588696244,0.25,verified-v3-muon-1e-4,0.8541612981828164,1563,SCIDOCS
3,0.0001,0.2576467370212743,muon,0.969836402249407,1.0,0.25,verified-v3-muon-1e-4,1.0,1563,SciFact
3,0.0001,0.07404994709781841,muon,0.9598943702319784,0.9746818938298829,0.25,verified-v3-muon-1e-4,0.8880158835937564,1563,TRECCOVID
3,0.0001,0.28213757792027827,muon,0.952636821780203,1.0,0.25,verified-v3-muon-1e-4,1.0,1563,Touche2020
4,0.0001,0.23184400648477685,muon,0.9791333761990482,1.0,0.25,verified-v3-muon-1e-4,1.0,1563,ArguAna
4,0.0001,0.0033817992315305617,muon,0.3668759899288187,0.9573552620640908,0.25,verified-v3-muon-1e-4,0.7336427357978553,1563,ClimateFEVER
4,0.0001,0.28750392675939007,muon,0.9831837988897374,1.0,0.25,verified-v3-muon-1e-4,1.0,1563,DBPedia
4,0.0001,0.3950195978895739,muon,0.9958516953901585,1.0,0.25,verified-v3-muon-1e-4,1.0,1563,FEVER
4,0.0001,0.21578489345721422,muon,0.9934944913028855,1.0,0.25,verified-v3-muon-1e-4,1.0,1563,FiQA2018
4,0.0001,0.30482995014348585,muon,1.0221410196235057,1.0,0.25,verified-v3-muon-1e-4,1.0,1563,HotpotQA
4,0.0001,0.413005129916452,muon,0.9862186957461713,1.0,0.25,verified-v3-muon-1e-4,1.0,1563,MSMARCO
4,0.0001,-0.018640404279756648,muon,-5.476716080596234,0.9331776191146457,0.25,verified-v3-muon-1e-4,0.6710083367813672,1563,NFCorpus
4,0.0001,0.41379738426071205,muon,1.0045533400183504,1.0,0.25,verified-v3-muon-1e-4,1.0,1563,NQ
4,0.0001,0.48809290989201276,muon,1.00740346580449,1.0,0.25,verified-v3-muon-1e-4,1.0,1563,QuoraRetrieval
4,0.0001,0.09603113409584937,muon,0.9945603360793723,0.9951433588696244,0.25,verified-v3-muon-1e-4,0.8541612981828164,1563,SCIDOCS
4,0.0001,0.2679171955961891,muon,1.0084965642561337,1.0,0.25,verified-v3-muon-1e-4,1.0,1563,SciFact
4,0.0001,0.08124241423333219,muon,1.0531288556305722,1.0163363650684505,0.25,verified-v3-muon-1e-4,0.925966554799108,1563,TRECCOVID
4,0.0001,0.3044096044616432,muon,1.0278382633441674,1.0,0.25,verified-v3-muon-1e-4,1.0,1563,Touche2020
5,0.0001,0.2404172984230717,muon,1.0153404639213435,1.0,0.25,verified-v3-muon-1e-4,1.0,1563,ArguAna
5,0.0001,0.0016040157340276497,muon,0.17401235850907038,0.9542652359415157,0.25,verified-v3-muon-1e-4,0.7312747797129165,1563,ClimateFEVER
5,0.0001,0.28264405430186257,muon,0.9665643811351052,0.96875,0.25,verified-v3-muon-1e-4,0.96875,1563,DBPedia
5,0.0001,0.39357302007285244,muon,0.9922048460211846,1.0,0.25,verified-v3-muon-1e-4,1.0,1563,FEVER
5,0.0001,0.21308012544276897,muon,0.9810414781213282,0.9769331095982161,0.25,verified-v3-muon-1e-4,0.9769331095982161,1563,FiQA2018
5,0.0001,0.2944266674990821,muon,0.9872572363057016,1.0,0.25,verified-v3-muon-1e-4,1.0,1563,HotpotQA
5,0.0001,0.41474356884883545,muon,0.9903699298407125,1.0,0.25,verified-v3-muon-1e-4,1.0,1563,MSMARCO
5,0.0001,0.002488163396352267,muon,0.7310444708944532,0.9565403304268716,0.25,verified-v3-muon-1e-4,0.6878074688428424,1563,NFCorpus
5,0.0001,0.4116406303593839,muon,0.9993175062079275,1.0,0.25,verified-v3-muon-1e-4,1.0,1563,NQ
5,0.0001,0.4842374626556931,muon,0.9994459830601614,1.0,0.25,verified-v3-muon-1e-4,1.0,1563,QuoraRetrieval
5,0.0001,0.10695569088811069,muon,1.107702089294377,1.0054225487118948,0.25,verified-v3-muon-1e-4,0.8629842341564983,1563,SCIDOCS
5,0.0001,0.27286050115002836,muon,1.0271042040383487,1.0,0.25,verified-v3-muon-1e-4,1.0,1563,SciFact
5,0.0001,0.07302412113201884,muon,0.9465967973369155,1.0,0.25,verified-v3-muon-1e-4,0.9110827739955403,1563,TRECCOVID
5,0.0001,0.29004727657987045,muon,0.9793438993976417,1.0,0.25,verified-v3-muon-1e-4,1.0,1563,Touche2020
6,0.0001,0.24163812921341724,muon,1.0204963279509676,1.0,0.25,verified-v3-muon-1e-4,1.0,1563,ArguAna
6,0.0001,0.009573981727032561,muon,1.0386376550437009,0.9862315569155511,0.25,verified-v3-muon-1e-4,0.7557712859756185,1563,ClimateFEVER
6,0.0001,0.2935206447082511,muon,1.0037593078105598,1.0,0.25,verified-v3-muon-1e-4,1.0,1563,DBPedia
6,0.0001,0.3866778123273271,muon,0.9748219000606952,1.0,0.25,verified-v3-muon-1e-4,1.0,1563,FEVER
6,0.0001,0.221794779723288,muon,1.0211645881434923,0.9769331095982161,0.25,verified-v3-muon-1e-4,0.9769331095982161,1563,FiQA2018
6,0.0001,0.29202331104080165,muon,0.9791984178738868,1.0,0.25,verified-v3-muon-1e-4,1.0,1563,HotpotQA
6,0.0001,0.4113765251556031,muon,0.9823297356660499,1.0,0.25,verified-v3-muon-1e-4,1.0,1563,MSMARCO
6,0.0001,-0.012498026479870007,muon,-3.6720310123507263,0.9467865779996406,0.25,verified-v3-muon-1e-4,0.680793960310798,1563,NFCorpus
6,0.0001,0.4048876727946191,muon,0.9829237194545231,1.0,0.25,verified-v3-muon-1e-4,1.0,1563,NQ
6,0.0001,0.486258308998716,muon,1.0036169258633871,1.0,0.25,verified-v3-muon-1e-4,1.0,1563,QuoraRetrieval
6,0.0001,0.09829485843603517,muon,1.0180049247720258,1.0,0.25,verified-v3-muon-1e-4,0.8583298984711626,1563,SCIDOCS
6,0.0001,0.259724091551596,muon,0.9776560007709181,1.0,0.25,verified-v3-muon-1e-4,1.0,1563,SciFact
6,0.0001,0.07687715240322299,muon,0.9965428563215489,1.025318106170117,0.25,verified-v3-muon-1e-4,0.9341496643973242,1563,TRECCOVID
6,0.0001,0.2948618377472867,muon,0.9956002530624122,1.0,0.25,verified-v3-muon-1e-4,1.0,1563,Touche2020
7,0.0001,0.2341843229087692,muon,0.9890170991226691,1.0,0.25,verified-v3-muon-1e-4,1.0,1563,ArguAna
7,0.0001,0.01782032030902185,muon,1.9332453545038133,0.9950444197045321,0.25,verified-v3-muon-1e-4,0.7625247797129165,1563,ClimateFEVER
7,0.0001,0.28711790374106044,muon,0.981863707084738,0.9769331095982161,0.25,verified-v3-muon-1e-4,0.9769331095982161,1563,DBPedia
7,0.0001,0.3957979777710958,muon,0.9978140054345525,1.0,0.25,verified-v3-muon-1e-4,1.0,1563,FEVER
7,0.0001,0.22277060247256808,muon,1.0256573703321121,1.0,0.25,verified-v3-muon-1e-4,1.0,1563,FiQA2018
7,0.0001,0.28891790437651704,muon,0.968785518706061,1.0,0.25,verified-v3-muon-1e-4,1.0,1563,HotpotQA
7,0.0001,0.40722800457669334,muon,0.9724234457479655,1.0,0.25,verified-v3-muon-1e-4,1.0,1563,MSMARCO
7,0.0001,-0.005033783458764876,muon,-1.4789702198034536,0.9793009857368983,0.25,verified-v3-muon-1e-4,0.7041736880392746,1563,NFCorpus
7,0.0001,0.39754741675927235,muon,0.9651041802371081,1.0,0.25,verified-v3-muon-1e-4,1.0,1563,NQ
7,0.0001,0.48261108689970866,muon,0.9960892111422049,1.0,0.25,verified-v3-muon-1e-4,1.0,1563,QuoraRetrieval
7,0.0001,0.10531921093008663,muon,1.090753647808566,1.0022314861235977,0.25,verified-v3-muon-1e-4,0.86024524972907,1563,SCIDOCS
7,0.0001,0.25459344512967913,muon,0.9583431706354649,1.0,0.25,verified-v3-muon-1e-4,1.0,1563,SciFact
7,0.0001,0.09019002320630792,muon,1.169114886908231,1.025318106170117,0.25,verified-v3-muon-1e-4,0.9341496643973242,1563,TRECCOVID
7,0.0001,0.2919884298372133,muon,0.985898198485677,1.0,0.25,verified-v3-muon-1e-4,1.0,1563,Touche2020
8,0.0001,0.239421680142408,muon,1.011135726851223,1.0,0.25,verified-v3-muon-1e-4,1.0,1563,ArguAna
8,0.0001,0.0036309892080919563,muon,0.3939094750863407,1.002499406749342,0.25,verified-v3-muon-1e-4,0.7682377029166809,1563,ClimateFEVER
8,0.0001,0.2953517677391041,muon,1.010021241405697,0.96875,0.25,verified-v3-muon-1e-4,0.96875,1563,DBPedia
8,0.0001,0.40367193888856223,muon,1.0176644067061802,1.0,0.25,verified-v3-muon-1e-4,1.0,1563,FEVER
8,0.0001,0.20206410487654897,muon,0.9303226554397539,1.0,0.25,verified-v3-muon-1e-4,1.0,1563,FiQA2018
8,0.0001,0.30156134652210803,muon,1.0111808963261473,1.0,0.25,verified-v3-muon-1e-4,1.0,1563,HotpotQA
8,0.0001,0.40709205147340033,muon,0.972098802099497,1.0,0.25,verified-v3-muon-1e-4,1.0,1563,MSMARCO
8,0.0001,-0.00045212900020993353,muon,-0.13283950974404338,1.016742573551518,0.25,verified-v3-muon-1e-4,0.7310963414027121,1563,NFCorpus
8,0.0001,0.4153548038328755,muon,1.0083342025673534,1.0,0.25,verified-v3-muon-1e-4,1.0,1563,NQ
8,0.0001,0.4874289630507124,muon,1.006033107138178,1.0,0.25,verified-v3-muon-1e-4,1.0,1563,QuoraRetrieval
8,0.0001,0.0915638941124597,muon,0.9482947187766264,1.0,0.25,verified-v3-muon-1e-4,0.8583298984711626,1563,SCIDOCS
8,0.0001,0.2676414468550029,muon,1.0074585881103122,1.0,0.25,verified-v3-muon-1e-4,1.0,1563,SciFact
8,0.0001,0.07929636192937631,muon,1.027902576288649,1.0,0.25,verified-v3-muon-1e-4,0.9110827739955403,1563,TRECCOVID
8,0.0001,0.2867896039781074,muon,0.9683443760565116,1.0,0.25,verified-v3-muon-1e-4,1.0,1563,Touche2020
9,0.0001,0.23293197117265424,muon,0.9837281145068365,1.0,0.25,verified-v3-muon-1e-4,1.0,1563,ArguAna
9,0.0001,0.011176634246620644,muon,1.2125021246295205,0.9680336790259646,0.25,verified-v3-muon-1e-4,0.7418258453960714,1563,ClimateFEVER
9,0.0001,0.29186818457380914,muon,0.9981083518364725,1.0,0.25,verified-v3-muon-1e-4,1.0,1563,DBPedia
9,0.0001,0.39275585753778997,muon,0.9901447641915769,1.0,0.25,verified-v3-muon-1e-4,1.0,1563,FEVER
9,0.0001,0.2096729663279646,muon,0.9653545884724857,0.9769331095982161,0.25,verified-v3-muon-1e-4,0.9769331095982161,1563,FiQA2018
9,0.0001,0.2946784129907952,muon,0.988101377091291,1.0,0.25,verified-v3-muon-1e-4,1.0,1563,HotpotQA
9,0.0001,0.4106864807097507,muon,0.9806819722749921,1.0,0.25,verified-v3-muon-1e-4,1.0,1563,MSMARCO
9,0.0001,-0.006310231681422375,muon,-1.8540020271698157,0.93584131616377,0.25,verified-v3-muon-1e-4,0.6729236880392746,1563,NFCorpus
9,0.0001,0.40223363819972074,muon,0.9764806644275013,1.0,0.25,verified-v3-muon-1e-4,1.0,1563,NQ
9,0.0001,0.49231495840243283,muon,1.0161175983312927,1.0,0.25,verified-v3-muon-1e-4,1.0,1563,QuoraRetrieval
9,0.0001,0.09005166658867272,muon,0.9326331156054621,1.0022314861235977,0.25,verified-v3-muon-1e-4,0.86024524972907,1563,SCIDOCS
9,0.0001,0.26138810963114795,muon,0.9839197141259116,1.0,0.25,verified-v3-muon-1e-4,1.0,1563,SciFact
9,0.0001,0.07707404150474398,muon,0.9990950896116062,1.025318106170117,0.25,verified-v3-muon-1e-4,0.9341496643973242,1563,TRECCOVID
9,0.0001,0.2936239539455193,muon,0.9914205415211794,1.0,0.25,verified-v3-muon-1e-4,1.0,1563,Touche2020
10,0.0001,0.23872740106753182,muon,1.0082036182109573,1.0,0.25,verified-v3-muon-1e-4,1.0,1563,ArguAna
10,0.0001,0.017744594533924192,muon,1.925030210197477,1.014466769543801,0.25,verified-v3-muon-1e-4,0.7774085605164844,1563,ClimateFEVER
10,0.0001,0.29715034709935967,muon,1.016171884661087,1.0,0.25,verified-v3-muon-1e-4,1.0,1563,DBPedia
10,0.0001,0.38260232881888256,muon,0.9645475309329293,1.0,0.25,verified-v3-muon-1e-4,1.0,1563,FEVER
10,0.0001,0.21108864671912902,muon,0.9718725177284846,0.9769331095982161,0.25,verified-v3-muon-1e-4,0.9769331095982161,1563,FiQA2018
10,0.0001,0.3012484176334941,muon,1.0101315983384431,1.0,0.25,verified-v3-muon-1e-4,1.0,1563,HotpotQA
10,0.0001,0.41385575798900814,muon,0.9882499182359528,1.0,0.25,verified-v3-muon-1e-4,1.0,1563,MSMARCO
10,0.0001,-0.01099578225309155,muon,-3.2306583366134682,0.9244609885087566,0.25,verified-v3-muon-1e-4,0.6647405784410585,1563,NFCorpus
10,0.0001,0.41576857730625594,muon,1.009338697860232,1.0,0.25,verified-v3-muon-1e-4,1.0,1563,NQ
10,0.0001,0.48026147740874536,muon,0.9912397148751783,1.0,0.25,verified-v3-muon-1e-4,1.0,1563,QuoraRetrieval
10,0.0001,0.10030689568301573,muon,1.038842879664487,0.9990404235353006,0.25,verified-v3-muon-1e-4,0.8575062653016419,1563,SCIDOCS
10,0.0001,0.2526473669931408,muon,0.9510177240171337,1.0,0.25,verified-v3-muon-1e-4,1.0,1563,SciFact
10,0.0001,0.07610387212885891,muon,0.9865189817468245,1.025318106170117,0.25,verified-v3-muon-1e-4,0.9341496643973242,1563,TRECCOVID
10,0.0001,0.2936023397475348,muon,0.991347561236082,1.0,0.25,verified-v3-muon-1e-4,1.0,1563,Touche2020
11,0.0001,0.2298372862796793,muon,0.9706585108820833,1.0,0.25,verified-v3-muon-1e-4,1.0,1563,ArguAna
11,0.0001,0.0057979612755867695,muon,0.628994401180681,0.949660419306268,0.25,verified-v3-muon-1e-4,0.7277460058000361,1563,ClimateFEVER
11,0.0001,0.294308725473756,muon,1.0064543257520346,1.0,0.25,verified-v3-muon-1e-4,1.0,1563,DBPedia
11,0.0001,0.38957642290613664,muon,0.9821293508165695,1.0,0.25,verified-v3-muon-1e-4,1.0,1563,FEVER
11,0.0001,0.21843083329550228,muon,1.0056766538794295,1.0,0.25,verified-v3-muon-1e-4,1.0,1563,FiQA2018
11,0.0001,0.29340187277522345,muon,0.9838209442895903,1.0,0.25,verified-v3-muon-1e-4,1.0,1563,HotpotQA
11,0.0001,0.40024804442636686,muon,0.9557559355957119,1.0,0.25,verified-v3-muon-1e-4,1.0,1563,MSMARCO
11,0.0001,0.013853451062536565,muon,4.070266774650528,1.0724402486229765,0.25,verified-v3-muon-1e-4,0.771146170660026,1563,NFCorpus
11,0.0001,0.41652002020220746,muon,1.0111629347927822,1.0,0.25,verified-v3-muon-1e-4,1.0,1563,NQ
11,0.0001,0.49000651740533174,muon,1.0113530721233637,1.0,0.25,verified-v3-muon-1e-4,1.0,1563,QuoraRetrieval
11,0.0001,0.09594088832966724,muon,0.9936256927432408,0.9968089374117028,0.25,verified-v3-muon-1e-4,0.8555909140437343,1563,SCIDOCS
11,0.0001,0.26787690461217306,muon,1.0083449005345861,1.0,0.25,verified-v3-muon-1e-4,1.0,1563,SciFact
11,0.0001,0.07226188294145927,muon,0.9367160590437819,1.025318106170117,0.25,verified-v3-muon-1e-4,0.9341496643973242,1563,TRECCOVID
11,0.0001,0.2921412694350862,muon,0.986414261003237,1.0,0.25,verified-v3-muon-1e-4,1.0,1563,Touche2020
12,0.0001,0.23592498456826072,muon,0.9963683347802968,1.0,0.25,verified-v3-muon-1e-4,1.0,1563,ArguAna
12,0.0001,0.01272391997161479,muon,1.380360102940977,0.9923051572421773,0.25,verified-v3-muon-1e-4,0.7604256216609542,1563,ClimateFEVER
12,0.0001,0.28172589303914886,muon,0.9634245239218723,1.0,0.25,verified-v3-muon-1e-4,1.0,1563,DBPedia
12,0.0001,0.4012844623946496,muon,1.0116455344100475,1.0,0.25,verified-v3-muon-1e-4,1.0,1563,FEVER
12,0.0001,0.21769668746610582,muon,1.00229657557259,0.9769331095982161,0.25,verified-v3-muon-1e-4,0.9769331095982161,1563,FiQA2018
12,0.0001,0.2968513311930594,muon,0.9953875011279065,1.0,0.25,verified-v3-muon-1e-4,1.0,1563,HotpotQA
12,0.0001,0.41117717421327205,muon,0.9818537037427145,1.0,0.25,verified-v3-muon-1e-4,1.0,1563,MSMARCO
12,0.0001,-0.008304200822397531,muon,-2.439847843317204,0.9607845277078376,0.25,verified-v3-muon-1e-4,0.6908592905969635,1563,NFCorpus
12,0.0001,0.4079505035490335,muon,0.9903591866210322,1.0,0.25,verified-v3-muon-1e-4,1.0,1563,NQ
12,0.0001,0.48204231429975675,muon,0.994915288151656,1.0,0.25,verified-v3-muon-1e-4,1.0,1563,QuoraRetrieval
12,0.0001,0.1040150380972705,muon,1.0772467931501948,1.005198171077342,0.25,verified-v3-muon-1e-4,0.8627916441242134,1563,SCIDOCS
12,0.0001,0.27158895941903105,muon,1.0223178540462718,1.0,0.25,verified-v3-muon-1e-4,1.0,1563,SciFact
12,0.0001,0.07442653577734298,muon,0.9647760125225694,1.0163363650684505,0.25,verified-v3-muon-1e-4,0.925966554799108,1563,TRECCOVID
12,0.0001,0.29616977630038116,muon,1.0000165042951912,1.0,0.25,verified-v3-muon-1e-4,1.0,1563,Touche2020
13,0.0001,0.23232081835679308,muon,0.9811470681859044,1.0,0.25,verified-v3-muon-1e-4,1.0,1563,ArguAna
13,0.0001,0.020264982357838083,muon,2.1984556014157652,1.0506411366715698,0.25,verified-v3-muon-1e-4,0.805129786603604,1563,ClimateFEVER
13,0.0001,0.2986409638546818,muon,1.0212693811047193,1.0,0.25,verified-v3-muon-1e-4,1.0,1563,DBPedia
13,0.0001,0.3923934161750878,muon,0.9892310428282449,1.0,0.25,verified-v3-muon-1e-4,1.0,1563,FEVER
13,0.0001,0.2265599616384601,muon,1.0431039459313827,0.9769331095982161,0.25,verified-v3-muon-1e-4,0.9769331095982161,1563,FiQA2018
13,0.0001,0.28263555643486327,muon,0.94771985397171,1.0,0.25,verified-v3-muon-1e-4,1.0,1563,HotpotQA
13,0.0001,0.4266966043169377,muon,1.018912691650824,1.0,0.25,verified-v3-muon-1e-4,1.0,1563,MSMARCO
13,0.0001,-0.0059679620788322795,muon,-1.7534401826802,0.976824198666895,0.25,verified-v3-muon-1e-4,0.7023927357978553,1563,NFCorpus
13,0.0001,0.4051714253292401,muon,0.9836125700061075,1.0,0.25,verified-v3-muon-1e-4,1.0,1563,NQ
13,0.0001,0.4826345183203378,muon,0.9961375726198503,1.0,0.25,verified-v3-muon-1e-4,1.0,1563,QuoraRetrieval
13,0.0001,0.09585080186252232,muon,0.9926926992106387,0.9970333150462557,0.25,verified-v3-muon-1e-4,0.8557835040760193,1563,SCIDOCS
13,0.0001,0.2725977969580344,muon,1.0261153303139428,1.0,0.25,verified-v3-muon-1e-4,1.0,1563,SciFact
13,0.0001,0.07588334751437446,muon,0.983660366119975,0.9746818938298829,0.25,verified-v3-muon-1e-4,0.8880158835937564,1563,TRECCOVID
13,0.0001,0.2991857641447379,muon,1.0101999796611971,1.0,0.25,verified-v3-muon-1e-4,1.0,1563,Touche2020
14,0.0001,0.2324166988570952,muon,0.9815519947544014,1.0,0.25,verified-v3-muon-1e-4,1.0,1563,ArguAna
14,0.0001,0.0021877396050476432,muon,0.23733790161903748,0.92975390201229,0.25,verified-v3-muon-1e-4,0.7124911966539789,1563,ClimateFEVER
14,0.0001,0.2878919490737366,muon,0.984510727733365,0.9769331095982161,0.25,verified-v3-muon-1e-4,0.9769331095982161,1563,DBPedia
14,0.0001,0.38468083883982207,muon,0.969787493049484,1.0,0.25,verified-v3-muon-1e-4,1.0,1563,FEVER
14,0.0001,0.21467020584530327,muon,0.9883623618742947,0.9769331095982161,0.25,verified-v3-muon-1e-4,0.9769331095982161,1563,FiQA2018
14,0.0001,0.3035861627573715,muon,1.0179704120226472,1.0,0.25,verified-v3-muon-1e-4,1.0,1563,HotpotQA
14,0.0001,0.40862627079418085,muon,0.9757623783311888,1.0,0.25,verified-v3-muon-1e-4,1.0,1563,MSMARCO
14,0.0001,0.0028371915881273482,muon,0.8335920488218227,0.9890547381641293,0.25,verified-v3-muon-1e-4,0.711187196571319,1563,NFCorpus
14,0.0001,0.40796849286746395,muon,0.9904028583081943,1.0,0.25,verified-v3-muon-1e-4,1.0,1563,NQ
14,0.0001,0.47963565657431806,muon,0.9899480467013582,1.0,0.25,verified-v3-muon-1e-4,1.0,1563,QuoraRetrieval
14,0.0001,0.08769647494905508,muon,0.9082412325908191,0.9916107663343608,0.25,verified-v3-muon-1e-4,0.8511291683906836,1563,SCIDOCS
14,0.0001,0.2523772723026332,muon,0.9500010309049406,1.0,0.25,verified-v3-muon-1e-4,1.0,1563,SciFact
14,0.0001,0.07751882199927117,muon,1.0048606885001734,1.0265438768312476,0.25,verified-v3-muon-1e-4,0.9352664429315494,1563,TRECCOVID
14,0.0001,0.2865323293423444,muon,0.9674756888963518,1.0,0.25,verified-v3-muon-1e-4,1.0,1563,Touche2020
15,0.0001,0.23445489909150022,muon,0.9901598078574488,1.0,0.25,verified-v3-muon-1e-4,1.0,1563,ArguAna
15,0.0001,0.007033278288973566,muon,0.7630083154120932,1.008812862788981,0.25,verified-v3-muon-1e-4,0.7730758453960714,1563,ClimateFEVER
15,0.0001,0.289922165835512,muon,0.9914535067448059,1.0,0.25,verified-v3-muon-1e-4,1.0,1563,DBPedia
15,0.0001,0.3927845147793014,muon,0.9902170096262257,1.0,0.25,verified-v3-muon-1e-4,1.0,1563,FEVER
15,0.0001,0.21596812027041,muon,0.994338085248006,1.0,0.25,verified-v3-muon-1e-4,1.0,1563,FiQA2018
15,0.0001,0.2929094556442496,muon,0.9821697950239201,1.0,0.25,verified-v3-muon-1e-4,1.0,1563,HotpotQA
15,0.0001,0.41619824497191116,muon,0.9938435641491362,1.0,0.25,verified-v3-muon-1e-4,1.0,1563,MSMARCO
15,0.0001,-0.012644629502624362,muon,-3.7151042805123367,0.9937066154670777,0.25,verified-v3-muon-1e-4,0.7145321636901446,1563,NFCorpus
15,0.0001,0.40190277885948195,muon,0.9756774552532651,1.0,0.25,verified-v3-muon-1e-4,1.0,1563,NQ
15,0.0001,0.47829708768406964,muon,0.9871852961841407,1.0,0.25,verified-v3-muon-1e-4,1.0,1563,QuoraRetrieval
15,0.0001,0.09050342921453206,muon,0.9373118606107466,0.9951433588696244,0.25,verified-v3-muon-1e-4,0.8541612981828164,1563,SCIDOCS
15,0.0001,0.25542751636505007,muon,0.9614827898500684,1.0,0.25,verified-v3-muon-1e-4,1.0,1563,SciFact
15,0.0001,0.07939472459500808,muon,1.0291776314734449,1.0,0.25,verified-v3-muon-1e-4,0.9110827739955403,1563,TRECCOVID
15,0.0001,0.29105620817499384,muon,0.9827505543893548,1.0,0.25,verified-v3-muon-1e-4,1.0,1563,Touche2020
16,0.0001,0.23887899971798005,muon,1.008843856018659,1.0,0.25,verified-v3-muon-1e-4,1.0,1563,ArguAna
16,0.0001,0.004857892665438981,muon,0.5270106409582013,1.0163323237166937,0.25,verified-v3-muon-1e-4,0.7788381763774024,1563,ClimateFEVER
16,0.0001,0.291331119513353,muon,0.9962717380818641,1.0,0.25,verified-v3-muon-1e-4,1.0,1563,DBPedia
16,0.0001,0.39787093080047853,muon,1.003039958272852,1.0,0.25,verified-v3-muon-1e-4,1.0,1563,FEVER
16,0.0001,0.21502307484815902,muon,0.9899870048456908,0.9769331095982161,0.25,verified-v3-muon-1e-4,0.9769331095982161,1563,FiQA2018
16,0.0001,0.29829754968443906,muon,1.00023689090303,1.0,0.25,verified-v3-muon-1e-4,1.0,1563,HotpotQA
16,0.0001,0.41078357039527125,muon,0.9809138136156647,1.0,0.25,verified-v3-muon-1e-4,1.0,1563,MSMARCO
16,0.0001,-0.003935410145658071,muon,-1.156258400032325,0.9993366981369002,0.25,verified-v3-muon-1e-4,0.7185805166840831,1563,NFCorpus
16,0.0001,0.4125016669476122,muon,1.0014077977696492,1.0,0.25,verified-v3-muon-1e-4,1.0,1563,NQ
16,0.0001,0.4788419671753858,muon,0.9883099047922009,1.0,0.25,verified-v3-muon-1e-4,1.0,1563,QuoraRetrieval
16,0.0001,0.08962230504810625,muon,0.928186370681476,0.9951433588696244,0.25,verified-v3-muon-1e-4,0.8541612981828164,1563,SCIDOCS
16,0.0001,0.26191312643170617,muon,0.9858959875724945,0.9769331095982161,0.25,verified-v3-muon-1e-4,0.9769331095982161,1563,SciFact
16,0.0001,0.07287720345344098,muon,0.9446923334165275,1.0,0.25,verified-v3-muon-1e-4,0.9110827739955403,1563,TRECCOVID
16,0.0001,0.2896927769476198,muon,0.9781469322815316,1.0,0.25,verified-v3-muon-1e-4,1.0,1563,Touche2020
17,0.0001,0.2316487403364539,muon,0.9783087199745303,1.0,0.25,verified-v3-muon-1e-4,1.0,1563,ArguAna
17,0.0001,0.0010870486634956458,muon,0.11792895651592743,0.9680336790259646,0.25,verified-v3-muon-1e-4,0.7418258453960714,1563,ClimateFEVER
17,0.0001,0.2880960944455477,muon,0.9852088483623431,0.9769331095982161,0.25,verified-v3-muon-1e-4,0.9769331095982161,1563,DBPedia
17,0.0001,0.4049259756501077,muon,1.020825856522186,1.0,0.25,verified-v3-muon-1e-4,1.0,1563,FEVER
17,0.0001,0.21160823239827004,muon,0.9742647403800152,0.9769331095982161,0.25,verified-v3-muon-1e-4,0.9769331095982161,1563,FiQA2018
17,0.0001,0.30221906091088835,muon,1.013386312347941,1.0,0.25,verified-v3-muon-1e-4,1.0,1563,HotpotQA
17,0.0001,0.405883480062977,muon,0.9692128434666225,1.0,0.25,verified-v3-muon-1e-4,1.0,1563,MSMARCO
17,0.0001,0.0015455126571223589,muon,0.45408532427696574,1.0042168114838057,0.25,verified-v3-muon-1e-4,0.7220895986349751,1563,NFCorpus
17,0.0001,0.4196230186301524,muon,1.018695914829456,1.0,0.25,verified-v3-muon-1e-4,1.0,1563,NQ
17,0.0001,0.49013332242178514,muon,1.0116147924033916,1.0,0.25,verified-v3-muon-1e-4,1.0,1563,QuoraRetrieval
17,0.0001,0.09825275009870865,muon,1.0175688236833789,1.0,0.25,verified-v3-muon-1e-4,0.8583298984711626,1563,SCIDOCS
17,0.0001,0.27629548107334195,muon,1.0400341895259986,0.9769331095982161,0.25,verified-v3-muon-1e-4,0.9769331095982161,1563,SciFact
17,0.0001,0.0669977816815959,muon,0.8684785874221068,1.0,0.25,verified-v3-muon-1e-4,0.9110827739955403,1563,TRECCOVID
17,0.0001,0.28908007920770057,muon,0.9760781599046967,1.0,0.25,verified-v3-muon-1e-4,1.0,1563,Touche2020
18,0.0001,0.23816738137843865,muon,1.005838519465324,1.0,0.25,verified-v3-muon-1e-4,1.0,1563,ArguAna
18,0.0001,0.01737982675468647,muon,1.8854582158418545,1.008812862788981,0.25,verified-v3-muon-1e-4,0.7730758453960714,1563,ClimateFEVER
18,0.0001,0.2899437533350093,muon,0.9915273300139471,0.9769331095982161,0.25,verified-v3-muon-1e-4,0.9769331095982161,1563,DBPedia
18,0.0001,0.3934615345763073,muon,0.991923789027205,1.0,0.25,verified-v3-muon-1e-4,1.0,1563,FEVER
18,0.0001,0.20111188492858717,muon,0.9259385428281065,1.0,0.25,verified-v3-muon-1e-4,1.0,1563,FiQA2018
18,0.0001,0.29619095971005993,muon,0.9931731754665153,1.0,0.25,verified-v3-muon-1e-4,1.0,1563,HotpotQA
18,0.0001,0.4232361097360481,muon,1.0106493452539111,1.0,0.25,verified-v3-muon-1e-4,1.0,1563,MSMARCO
18,0.0001,0.004654951686019447,muon,1.3676660854886824,0.9752710842322135,0.25,verified-v3-muon-1e-4,0.70127595726363,1563,NFCorpus
18,0.0001,0.4069756801982064,muon,0.9879926611420208,1.0,0.25,verified-v3-muon-1e-4,1.0,1563,NQ
18,0.0001,0.48219194858388914,muon,0.995224127090684,1.0,0.25,verified-v3-muon-1e-4,1.0,1563,QuoraRetrieval
18,0.0001,0.0834967241343778,muon,0.8647459055698339,0.9968089374117028,0.25,verified-v3-muon-1e-4,0.8555909140437343,1563,SCIDOCS
18,0.0001,0.2680392230701054,muon,1.0089559012834401,0.9769331095982161,0.25,verified-v3-muon-1e-4,0.9769331095982161,1563,SciFact
18,0.0001,0.06844112340714065,muon,0.8871883320062746,0.9746818938298829,0.25,verified-v3-muon-1e-4,0.8880158835937564,1563,TRECCOVID
18,0.0001,0.29810757781760683,muon,1.0065594862411564,1.0,0.25,verified-v3-muon-1e-4,1.0,1563,Touche2020
19,0.0001,0.23756369872258243,muon,1.0032890214388563,1.0,0.25,verified-v3-muon-1e-4,1.0,1563,ArguAna
19,0.0001,0.002079877213681719,muon,0.22563640223979928,0.963428862390717,0.25,verified-v3-muon-1e-4,0.738297071483191,1563,ClimateFEVER
19,0.0001,0.29883769015626965,muon,1.021942130568411,1.0,0.25,verified-v3-muon-1e-4,1.0,1563,DBPedia
19,0.0001,0.39165489324757435,muon,0.9873692129003679,1.0,0.25,verified-v3-muon-1e-4,1.0,1563,FEVER
19,0.0001,0.2150606479581983,muon,0.9901599950733526,1.0,0.25,verified-v3-muon-1e-4,1.0,1563,FiQA2018
19,0.0001,0.29932587122291376,muon,1.0036850088630354,1.0,0.25,verified-v3-muon-1e-4,1.0,1563,HotpotQA
19,0.0001,0.415913973442401,muon,0.9931647495854334,1.0,0.25,verified-v3-muon-1e-4,1.0,1563,MSMARCO
19,0.0001,-0.0025765707164262294,muon,-0.7570193255287654,1.0082815647867462,0.25,verified-v3-muon-1e-4,0.7250123898564582,1563,NFCorpus
19,0.0001,0.39797385212046893,muon,0.9661394141044205,1.0,0.25,verified-v3-muon-1e-4,1.0,1563,NQ
19,0.0001,0.48121897597436974,muon,0.993215952091421,1.0,0.25,verified-v3-muon-1e-4,1.0,1563,QuoraRetrieval
19,0.0001,0.09384888873359644,muon,0.9719595962117824,0.9951433588696244,0.25,verified-v3-muon-1e-4,0.8541612981828164,1563,SCIDOCS
19,0.0001,0.24560766635608966,muon,0.9245188130754175,0.9769331095982161,0.25,verified-v3-muon-1e-4,0.9769331095982161,1563,SciFact
19,0.0001,0.07272427570490578,muon,0.9427099621843471,1.0,0.25,verified-v3-muon-1e-4,0.9110827739955403,1563,TRECCOVID
19,0.0001,0.2913132193997171,muon,0.9836183521428019,1.0,0.25,verified-v3-muon-1e-4,1.0,1563,Touche2020
0,0.0001,0.23105119653014072,muon,0.9757851477960937,1.0,0.5,verified-v3-muon-1e-4,1.0,1563,ArguAna
0,0.0001,-0.0025456837438445033,muon,-0.2761696303142037,1.0224059240433199,0.5,verified-v3-muon-1e-4,0.7834925120627381,1563,ClimateFEVER
0,0.0001,0.2720888683194271,muon,0.9304685685694436,0.9769331095982161,0.5,verified-v3-muon-1e-4,0.9769331095982161,1563,DBPedia
0,0.0001,0.3960221448924669,muon,0.9983791348839792,1.0,0.5,verified-v3-muon-1e-4,1.0,1563,FEVER
0,0.0001,0.20412446943122636,muon,0.9398087728521092,1.0,0.5,verified-v3-muon-1e-4,1.0,1563,FiQA2018
0,0.0001,0.30103356952795823,muon,1.0094111800804826,0.9769331095982161,0.5,verified-v3-muon-1e-4,0.9769331095982161,1563,HotpotQA
0,0.0001,0.4167021884976943,muon,0.9950469354651974,1.0,0.5,verified-v3-muon-1e-4,1.0,1563,MSMARCO
0,0.0001,-0.013450380386921494,muon,-3.9518410357219373,0.9378417113497942,0.5,verified-v3-muon-1e-4,0.6743620871384226,1563,NFCorpus
0,0.0001,0.4077544046071765,muon,0.9898831279157108,1.0,0.5,verified-v3-muon-1e-4,1.0,1563,NQ
0,0.0001,0.4824409254327382,muon,0.9957380049515427,1.0,0.5,verified-v3-muon-1e-4,1.0,1563,QuoraRetrieval
0,0.0001,0.06891087758664473,muon,0.7136854752094416,1.0116149167601445,0.5,verified-v3-muon-1e-4,0.8682993287946483,1563,SCIDOCS
0,0.0001,0.27837176775553085,muon,1.0478497684429797,1.0,0.5,verified-v3-muon-1e-4,1.0,1563,SciFact
0,0.0001,0.05481302506831582,muon,0.710530071128312,0.9240456814896487,0.5,verified-v3-muon-1e-4,0.8418821027901886,1563,TRECCOVID
0,0.0001,0.30699772838291717,muon,1.0365770572507074,1.0,0.5,verified-v3-muon-1e-4,1.0,1563,Touche2020
1,0.0001,0.24240716251127697,muon,1.0237441417752697,1.0,0.5,verified-v3-muon-1e-4,1.0,1563,ArguAna
1,0.0001,0.004094412085304944,muon,0.4441841115130064,0.9477948651333752,0.5,verified-v3-muon-1e-4,0.7263163899391181,1563,ClimateFEVER
1,0.0001,0.27977213899333253,muon,0.9567432262209561,1.0,0.5,verified-v3-muon-1e-4,1.0,1563,DBPedia
1,0.0001,0.37581361675588043,muon,0.9474330625531955,1.0,0.5,verified-v3-muon-1e-4,1.0,1563,FEVER
1,0.0001,0.21921737098653438,muon,1.009297949377566,0.9538662191964322,0.5,verified-v3-muon-1e-4,0.9538662191964322,1563,FiQA2018
1,0.0001,0.2900721039603434,muon,0.9726557248288713,0.9769331095982161,0.5,verified-v3-muon-1e-4,0.9769331095982161,1563,HotpotQA
1,0.0001,0.3909808106285927,muon,0.933626623954802,1.0,0.5,verified-v3-muon-1e-4,1.0,1563,MSMARCO
1,0.0001,-0.028605732939532884,muon,-8.404618013425749,0.8098859487033758,0.5,verified-v3-muon-1e-4,0.5823545403260335,1563,NFCorpus
1,0.0001,0.40955247286630464,muon,0.9942482001563563,1.0,0.5,verified-v3-muon-1e-4,1.0,1563,NQ
1,0.0001,0.4922579888098989,muon,1.0160000154617181,1.0,0.5,verified-v3-muon-1e-4,1.0,1563,QuoraRetrieval
1,0.0001,0.07601257990194565,muon,0.78723528286236,1.0397901777863354,0.5,verified-v3-muon-1e-4,0.8924829977306574,1563,SCIDOCS
1,0.0001,0.258660564111403,muon,0.973652660234899,0.9769331095982161,0.5,verified-v3-muon-1e-4,0.9769331095982161,1563,SciFact
1,0.0001,0.07156669300940319,muon,0.9277044536588234,0.9959154491212194,0.5,verified-v3-muon-1e-4,0.907361410050375,1563,TRECCOVID
1,0.0001,0.2673786537098621,muon,0.9028033513281437,1.0,0.5,verified-v3-muon-1e-4,1.0,1563,Touche2020
2,0.0001,0.22881473143036435,muon,0.9663400141603481,1.0,0.5,verified-v3-muon-1e-4,1.0,1563,ArguAna
2,0.0001,-0.007756363049002771,muon,-0.8414524863920758,0.9491692463350961,0.5,verified-v3-muon-1e-4,0.7273696089736964,1563,ClimateFEVER
2,0.0001,0.27537491455649066,muon,0.9417059365563766,1.0,0.5,verified-v3-muon-1e-4,1.0,1563,DBPedia
2,0.0001,0.3763728394668361,muon,0.9488428733265879,1.0,0.5,verified-v3-muon-1e-4,1.0,1563,FEVER
2,0.0001,0.2051824262786941,muon,0.9446797083617989,0.9769331095982161,0.5,verified-v3-muon-1e-4,0.9769331095982161,1563,FiQA2018
2,0.0001,0.31420448753510555,muon,1.0535752642030114,1.0,0.5,verified-v3-muon-1e-4,1.0,1563,HotpotQA
2,0.0001,0.4062433097707786,muon,0.9700720840895916,1.0,0.5,verified-v3-muon-1e-4,1.0,1563,MSMARCO
2,0.0001,-0.007192475392041894,muon,-2.1132130530917217,1.0423613018908857,0.5,verified-v3-muon-1e-4,0.7495176793573902,1563,NFCorpus
2,0.0001,0.4097599741364963,muon,0.9947519396722585,1.0,0.5,verified-v3-muon-1e-4,1.0,1563,NQ
2,0.0001,0.4739913114676724,muon,0.9782983531545099,1.0,0.5,verified-v3-muon-1e-4,1.0,1563,QuoraRetrieval
2,0.0001,0.09276957835993277,muon,0.9607815621494805,0.9938422524579585,0.5,verified-v3-muon-1e-4,0.8530445196485911,1563,SCIDOCS
2,0.0001,0.26207198124481706,muon,0.986493950435167,1.0,0.5,verified-v3-muon-1e-4,1.0,1563,SciFact
2,0.0001,0.07566689416319351,muon,0.9808545254494614,1.0,0.5,verified-v3-muon-1e-4,0.9110827739955403,1563,TRECCOVID
2,0.0001,0.28636610997233947,muon,0.9669144496118616,1.0,0.5,verified-v3-muon-1e-4,1.0,1563,Touche2020
3,0.0001,0.2339896962731517,muon,0.9881951437151527,1.0,0.5,verified-v3-muon-1e-4,1.0,1563,ArguAna
3,0.0001,-0.004408620347865831,muon,-0.478271134271796,0.9843660027426584,0.5,verified-v3-muon-1e-4,0.7543416701147005,1563,ClimateFEVER
3,0.0001,0.29329539317000586,muon,1.0029890099382004,1.0,0.5,verified-v3-muon-1e-4,1.0,1563,DBPedia
3,0.0001,0.38852015243723637,muon,0.9794664734736105,1.0,0.5,verified-v3-muon-1e-4,1.0,1563,FEVER
3,0.0001,0.21654236739246654,muon,0.9969819744622564,1.0,0.5,verified-v3-muon-1e-4,1.0,1563,FiQA2018
3,0.0001,0.3032928147487753,muon,1.016986771693113,1.0,0.5,verified-v3-muon-1e-4,1.0,1563,HotpotQA
3,0.0001,0.41753709998034444,muon,0.9970406281673905,1.0,0.5,verified-v3-muon-1e-4,1.0,1563,MSMARCO
3,0.0001,0.008902873590872022,muon,2.615743211728286,1.0859882005098391,0.5,verified-v3-muon-1e-4,0.7808879266517981,1563,NFCorpus
3,0.0001,0.40645718731744723,muon,0.9867339442555597,1.0,0.5,verified-v3-muon-1e-4,1.0,1563,NQ
3,0.0001,0.47974300673559467,muon,0.9901696129694456,1.0,0.5,verified-v3-muon-1e-4,1.0,1563,QuoraRetrieval
3,0.0001,0.0868928240727438,muon,0.899918106001094,1.0063489500532892,0.5,verified-v3-muon-1e-4,0.8637793921258008,1563,SCIDOCS
3,0.0001,0.27502191302766377,muon,1.0352402120601076,0.9769331095982161,0.5,verified-v3-muon-1e-4,0.9769331095982161,1563,SciFact
3,0.0001,0.07576628266113739,muon,0.9821428782894184,1.025318106170117,0.5,verified-v3-muon-1e-4,0.9341496643973242,1563,TRECCOVID
3,0.0001,0.2943552620675376,muon,0.9938898015546599,1.0,0.5,verified-v3-muon-1e-4,1.0,1563,Touche2020
4,0.0001,0.22845848527587276,muon,0.9648355003913964,1.0,0.5,verified-v3-muon-1e-4,1.0,1563,ArguAna
4,0.0001,0.001383521236056456,muon,0.15009191507682443,1.0052571362733056,0.5,verified-v3-muon-1e-4,0.7703510126907236,1563,ClimateFEVER
4,0.0001,0.2954090289580421,muon,1.0102170589146928,0.9769331095982161,0.5,verified-v3-muon-1e-4,0.9769331095982161,1563,DBPedia
4,0.0001,0.392959749129321,muon,0.9906587786561422,1.0,0.5,verified-v3-muon-1e-4,1.0,1563,FEVER
4,0.0001,0.2129753004325991,muon,0.9805588536498651,0.9769331095982161,0.5,verified-v3-muon-1e-4,0.9769331095982161,1563,FiQA2018
4,0.0001,0.28813054294925,muon,0.9661453765162922,1.0,0.5,verified-v3-muon-1e-4,1.0,1563,HotpotQA
4,0.0001,0.39871820746365955,muon,0.9521028240366117,1.0,0.5,verified-v3-muon-1e-4,1.0,1563,MSMARCO
4,0.0001,-0.01720884906588496,muon,-5.056112463721525,0.8905803763159386,0.5,verified-v3-muon-1e-4,0.6403784711948448,1563,NFCorpus
4,0.0001,0.38979683402846194,muon,0.9462885132815657,1.0,0.5,verified-v3-muon-1e-4,1.0,1563,NQ
4,0.0001,0.4710947174762628,muon,0.9723199036281274,1.0,0.5,verified-v3-muon-1e-4,1.0,1563,QuoraRetrieval
4,0.0001,0.10698808159432369,muon,1.1080375483302443,1.0067236551235608,0.5,verified-v3-muon-1e-4,0.8641010126907236,1563,SCIDOCS
4,0.0001,0.2503167921870612,muon,0.9422449512227525,1.0,0.5,verified-v3-muon-1e-4,1.0,1563,SciFact
4,0.0001,0.07902676134990877,muon,1.0244077989311402,0.9774768038729915,0.5,verified-v3-muon-1e-4,0.8905622779888998,1563,TRECCOVID
4,0.0001,0.2788809507735879,muon,0.9416408284154947,1.0,0.5,verified-v3-muon-1e-4,1.0,1563,Touche2020
5,0.0001,0.22532274355585963,muon,0.9515925038448962,1.0,0.5,verified-v3-muon-1e-4,1.0,1563,ArguAna
5,0.0001,0.004294434993231262,muon,0.4658836854172491,0.9540253802285028,0.5,verified-v3-muon-1e-4,0.7310909729188617,1563,ClimateFEVER
5,0.0001,0.28038610882550213,muon,0.958842832994332,1.0,0.5,verified-v3-muon-1e-4,1.0,1563,DBPedia
5,0.0001,0.3730231454334252,muon,0.940398232858033,1.0,0.5,verified-v3-muon-1e-4,1.0,1563,FEVER
5,0.0001,0.21081681307977948,muon,0.9706209693975625,1.0,0.5,verified-v3-muon-1e-4,1.0,1563,FiQA2018
5,0.0001,0.27881114722486844,muon,0.9348960303037219,1.0,0.5,verified-v3-muon-1e-4,1.0,1563,HotpotQA
5,0.0001,0.40353750311101033,muon,0.9636108638246573,1.0,0.5,verified-v3-muon-1e-4,1.0,1563,MSMARCO
5,0.0001,-0.01790186792679554,muon,-5.259727550751977,0.88325733596277,0.5,verified-v3-muon-1e-4,0.6351127843342614,1563,NFCorpus
5,0.0001,0.38972821324947826,muon,0.9461219263592103,1.0,0.5,verified-v3-muon-1e-4,1.0,1563,NQ
5,0.0001,0.4847765393585028,muon,1.0005586149540873,1.0,0.5,verified-v3-muon-1e-4,1.0,1563,QuoraRetrieval
5,0.0001,0.09301203314030775,muon,0.9632925801659199,0.9968089374117028,0.5,verified-v3-muon-1e-4,0.8555909140437343,1563,SCIDOCS
5,0.0001,0.2590327103348018,muon,0.9750534967391161,1.0,0.5,verified-v3-muon-1e-4,1.0,1563,SciFact
5,0.0001,0.0763281678600512,muon,0.9894264815908708,0.9910182588983335,0.5,verified-v3-muon-1e-4,0.9028996643973242,1563,TRECCOVID
5,0.0001,0.2727316414813137,muon,0.9208777010663585,1.0,0.5,verified-v3-muon-1e-4,1.0,1563,Touche2020
6,0.0001,0.21851559684821495,muon,0.9228442750716154,1.0,0.5,verified-v3-muon-1e-4,1.0,1563,ArguAna
6,0.0001,0.0262652796595,muon,2.849400516149253,1.0349312039861789,0.5,verified-v3-muon-1e-4,0.7930909140437343,1563,ClimateFEVER
6,0.0001,0.2672793233421581,muon,0.914021256857977,1.0,0.5,verified-v3-muon-1e-4,1.0,1563,DBPedia
6,0.0001,0.38395620498398675,muon,0.967960677727596,1.0,0.5,verified-v3-muon-1e-4,1.0,1563,FEVER
6,0.0001,0.21097845220515205,muon,0.9713651715428739,0.9769331095982161,0.5,verified-v3-muon-1e-4,0.9769331095982161,1563,FiQA2018
6,0.0001,0.2699049138787431,muon,0.9050320801599504,0.9769331095982161,0.5,verified-v3-muon-1e-4,0.9769331095982161,1563,HotpotQA
6,0.0001,0.39361749168969973,muon,0.9399227785757135,1.0,0.5,verified-v3-muon-1e-4,1.0,1563,MSMARCO
6,0.0001,-0.004390718544492736,muon,-1.2900320452872382,0.9694737725165664,0.5,verified-v3-muon-1e-4,0.6971073569752838,1563,NFCorpus
6,0.0001,0.3815477371779838,muon,0.9262626307881624,1.0,0.5,verified-v3-muon-1e-4,1.0,1563,NQ
6,0.0001,0.4609269625588105,muon,0.9513340803643593,1.0,0.5,verified-v3-muon-1e-4,1.0,1563,QuoraRetrieval
6,0.0001,0.09641132672041433,muon,0.99849785600999,1.019786027360552,0.5,verified-v3-muon-1e-4,0.8753128373266927,1563,SCIDOCS
6,0.0001,0.2667203149144198,muon,1.003991254125879,1.0,0.5,verified-v3-muon-1e-4,1.0,1563,SciFact
6,0.0001,0.08471317872888286,muon,1.0981196683218926,1.0265438768312476,0.5,verified-v3-muon-1e-4,0.9352664429315494,1563,TRECCOVID
6,0.0001,0.282390241366411,muon,0.9534899392701813,0.9769331095982161,0.5,verified-v3-muon-1e-4,0.9769331095982161,1563,Touche2020
7,0.0001,0.22934837526129315,muon,0.9685937212705185,1.0,0.5,verified-v3-muon-1e-4,1.0,1563,ArguAna
7,0.0001,-0.005296910414848583,muon,-0.5746376762680632,0.949245181763145,0.5,verified-v3-muon-1e-4,0.727427799989493,1563,ClimateFEVER
7,0.0001,0.2898255402596197,muon,0.9911230740378635,1.0,0.5,verified-v3-muon-1e-4,1.0,1563,DBPedia
7,0.0001,0.37480253470521985,muon,0.9448841060464593,1.0,0.5,verified-v3-muon-1e-4,1.0,1563,FEVER
7,0.0001,0.2030142458319222,muon,0.9346971961687217,0.9456831095982161,0.5,verified-v3-muon-1e-4,0.9456831095982161,1563,FiQA2018
7,0.0001,0.2829380089140986,muon,0.9487340229710741,1.0,0.5,verified-v3-muon-1e-4,1.0,1563,HotpotQA
7,0.0001,0.3979297465614874,muon,0.9502200510968558,1.0,0.5,verified-v3-muon-1e-4,1.0,1563,MSMARCO
7,0.0001,-0.010524575935102592,muon,-3.0922137417281923,0.9353987843435314,0.5,verified-v3-muon-1e-4,0.6726054822287315,1563,NFCorpus
7,0.0001,0.3985755799904819,muon,0.9676001960344067,1.0,0.5,verified-v3-muon-1e-4,1.0,1563,NQ
7,0.0001,0.4934924135237921,muon,1.018547816730386,1.0,0.5,verified-v3-muon-1e-4,1.0,1563,QuoraRetrieval
7,0.0001,0.09222559024485089,muon,0.9551476705199281,1.0281752610261912,0.5,verified-v3-muon-1e-4,0.8825135674071718,1563,SCIDOCS
7,0.0001,0.2401148242148838,muon,0.903842602221984,1.0,0.5,verified-v3-muon-1e-4,1.0,1563,SciFact
7,0.0001,0.06714492174206274,muon,0.8703859340335924,1.025318106170117,0.5,verified-v3-muon-1e-4,0.9341496643973242,1563,TRECCOVID
7,0.0001,0.2787191442972032,muon,0.9410944892552069,1.0,0.5,verified-v3-muon-1e-4,1.0,1563,Touche2020
8,0.0001,0.21946580427787432,muon,0.9268572311225318,0.9769331095982161,0.5,verified-v3-muon-1e-4,0.9769331095982161,1563,ArguAna
8,0.0001,0.001664391976372877,muon,0.18056230194511594,0.994811569507982,0.5,verified-v3-muon-1e-4,0.7623463414027121,1563,ClimateFEVER
8,0.0001,0.27737376400771496,muon,0.9485414480536094,1.0,0.5,verified-v3-muon-1e-4,1.0,1563,DBPedia
8,0.0001,0.38037750137955895,muon,0.9589386999047018,1.0,0.5,verified-v3-muon-1e-4,1.0,1563,FEVER
8,0.0001,0.18933573616620303,muon,0.8717200165135583,0.9538662191964322,0.5,verified-v3-muon-1e-4,0.9538662191964322,1563,FiQA2018
8,0.0001,0.27292720192939424,muon,0.9151662700196882,0.9769331095982161,0.5,verified-v3-muon-1e-4,0.9769331095982161,1563,HotpotQA
8,0.0001,0.4078826590662909,muon,0.9739867011414902,1.0,0.5,verified-v3-muon-1e-4,1.0,1563,MSMARCO
8,0.0001,-0.00910093410559467,muon,-2.673935147355492,0.8727197541488818,0.5,verified-v3-muon-1e-4,0.6275356574274427,1563,NFCorpus
8,0.0001,0.40072079774382763,muon,0.9728080241675889,1.0,0.5,verified-v3-muon-1e-4,1.0,1563,NQ
8,0.0001,0.49108318904803044,muon,1.013575277614175,1.0,0.5,verified-v3-muon-1e-4,1.0,1563,QuoraRetrieval
8,0.0001,0.09692380083162283,muon,1.0038053682983148,1.0268741546145255,0.5,verified-v3-muon-1e-4,0.8813967888729465,1563,SCIDOCS
8,0.0001,0.2770250804269856,muon,1.0427805546474898,0.9769331095982161,0.5,verified-v3-muon-1e-4,0.9769331095982161,1563,SciFact
8,0.0001,0.07194655018075805,muon,0.9326284647427762,1.004897190222886,0.5,verified-v3-muon-1e-4,0.9155445196485911,1563,TRECCOVID
8,0.0001,0.2775734731090709,muon,0.9372261333718375,1.0,0.5,verified-v3-muon-1e-4,1.0,1563,Touche2020
9,0.0001,0.23115439123288445,muon,0.9762209640125028,1.0,0.5,verified-v3-muon-1e-4,1.0,1563,ArguAna
9,0.0001,0.0018659207873066262,muon,0.20242524440519638,0.9422978731470568,0.5,verified-v3-muon-1e-4,0.7221039221131131,1563,ClimateFEVER
9,0.0001,0.27600546877414334,muon,0.9438622573346891,0.9769331095982161,0.5,verified-v3-muon-1e-4,0.9769331095982161,1563,DBPedia
9,0.0001,0.37292915544859967,muon,0.9401612823719351,1.0,0.5,verified-v3-muon-1e-4,1.0,1563,FEVER
9,0.0001,0.2102889307826021,muon,0.9681905483152543,0.9769331095982161,0.5,verified-v3-muon-1e-4,0.9769331095982161,1563,FiQA2018
9,0.0001,0.2906425151125817,muon,0.9745683998677875,0.9769331095982161,0.5,verified-v3-muon-1e-4,0.9769331095982161,1563,HotpotQA
9,0.0001,0.3995056570398159,muon,0.9539831820218015,1.0,0.5,verified-v3-muon-1e-4,1.0,1563,MSMARCO
9,0.0001,-0.0151583655221322,muon,-4.4536622148680545,0.9384589382169536,0.5,verified-v3-muon-1e-4,0.674805908727224,1563,NFCorpus
9,0.0001,0.38953803517292607,muon,0.9456602414156478,1.0,0.5,verified-v3-muon-1e-4,1.0,1563,NQ
9,0.0001,0.49013755391285996,muon,1.0116235260249786,1.0,0.5,verified-v3-muon-1e-4,1.0,1563,QuoraRetrieval
9,0.0001,0.06353792713128514,muon,0.6580397363463908,1.0252085760724468,0.5,verified-v3-muon-1e-4,0.8799671730120284,1563,SCIDOCS
9,0.0001,0.25771442589652876,muon,0.9700911973848242,1.0,0.5,verified-v3-muon-1e-4,1.0,1563,SciFact
9,0.0001,0.06743302980663665,muon,0.8741206201480552,1.0,0.5,verified-v3-muon-1e-4,0.9110827739955403,1563,TRECCOVID
9,0.0001,0.2833083359105301,muon,0.956589883187792,1.0,0.5,verified-v3-muon-1e-4,1.0,1563,Touche2020
10,0.0001,0.2239531972391431,muon,0.9458085781386447,1.0,0.5,verified-v3-muon-1e-4,1.0,1563,ArguAna
10,0.0001,0.008086700189593,muon,0.8772892576392692,0.9783038639611782,0.5,verified-v3-muon-1e-4,0.7496961176675948,1563,ClimateFEVER
10,0.0001,0.2911900847310824,muon,0.9957894381892284,0.9769331095982161,0.5,verified-v3-muon-1e-4,0.9769331095982161,1563,DBPedia
10,0.0001,0.3878788047307227,muon,0.9778496240710025,1.0,0.5,verified-v3-muon-1e-4,1.0,1563,FEVER
10,0.0001,0.21162400410158022,muon,0.974337354825383,0.9769331095982161,0.5,verified-v3-muon-1e-4,0.9769331095982161,1563,FiQA2018
10,0.0001,0.2961844702409786,muon,0.9931514152932105,1.0,0.5,verified-v3-muon-1e-4,1.0,1563,HotpotQA
10,0.0001,0.4022316404167965,muon,0.960492582452773,1.0,0.5,verified-v3-muon-1e-4,1.0,1563,MSMARCO
10,0.0001,-0.013639923621212656,muon,-4.007530518827084,0.8792199684569895,0.5,verified-v3-muon-1e-4,0.6322096850747666,1563,NFCorpus
10,0.0001,0.4165838855549693,muon,1.0113179772262741,1.0,0.5,verified-v3-muon-1e-4,1.0,1563,NQ
10,0.0001,0.4728709649958842,muon,0.9759860046329323,1.0,0.5,verified-v3-muon-1e-4,1.0,1563,QuoraRetrieval
10,0.0001,0.08654826277695932,muon,0.8963496070828856,1.0252085760724468,0.5,verified-v3-muon-1e-4,0.8799671730120284,1563,SCIDOCS
10,0.0001,0.26265463280757956,muon,0.9886871732251297,1.0,0.5,verified-v3-muon-1e-4,1.0,1563,SciFact
10,0.0001,0.048537939357974284,muon,0.6291874141494601,0.9162897110491127,0.5,verified-v3-muon-1e-4,0.8348157717261977,1563,TRECCOVID
10,0.0001,0.2734086254037519,muon,0.923163535576677,1.0,0.5,verified-v3-muon-1e-4,1.0,1563,Touche2020
11,0.0001,0.22881013731150246,muon,0.966320612084012,1.0,0.5,verified-v3-muon-1e-4,1.0,1563,ArguAna
11,0.0001,-0.0066920357947779455,muon,-0.7259884720409845,0.9908291439040372,0.5,verified-v3-muon-1e-4,0.759294519648591,1563,ClimateFEVER
11,0.0001,0.27184033875142305,muon,0.929618666282679,0.96875,0.5,verified-v3-muon-1e-4,0.96875,1563,DBPedia
11,0.0001,0.4002923450012638,muon,1.0091443881542472,1.0,0.5,verified-v3-muon-1e-4,1.0,1563,FEVER
11,0.0001,0.21126508803443353,muon,0.9726848705859288,1.0,0.5,verified-v3-muon-1e-4,1.0,1563,FiQA2018
11,0.0001,0.2836426090742258,muon,0.9510966540897037,1.0,0.5,verified-v3-muon-1e-4,1.0,1563,HotpotQA
11,0.0001,0.4046376519802351,muon,0.966237919287995,1.0,0.5,verified-v3-muon-1e-4,1.0,1563,MSMARCO
11,0.0001,-0.01861332687445267,muon,-5.468760498795352,0.9421347006966924,0.5,verified-v3-muon-1e-4,0.6774489931919725,1563,NFCorpus
11,0.0001,0.40376907288318264,muon,0.9802081554613254,1.0,0.5,verified-v3-muon-1e-4,1.0,1563,NQ
11,0.0001,0.4835359890239743,muon,0.9979981706591979,1.0,0.5,verified-v3-muon-1e-4,1.0,1563,QuoraRetrieval
11,0.0001,0.08594511867679011,muon,0.8901030579338373,1.0181141942491523,0.5,verified-v3-muon-1e-4,0.8738778529819244,1563,SCIDOCS
11,0.0001,0.2759101148621488,muon,1.0385835902126404,1.0,0.5,verified-v3-muon-1e-4,1.0,1563,SciFact
11,0.0001,0.06937357576965926,muon,0.8992755219148477,0.9493637876597658,0.5,verified-v3-muon-1e-4,0.8649489931919725,1563,TRECCOVID
11,0.0001,0.29760061173532915,muon,1.0048477165402487,1.0,0.5,verified-v3-muon-1e-4,1.0,1563,Touche2020
12,0.0001,0.21903189815906132,muon,0.9250247405203015,1.0,0.5,verified-v3-muon-1e-4,1.0,1563,ArguAna
12,0.0001,-0.0036370409731934583,muon,-0.39456600350817295,0.9560663162315056,0.5,verified-v3-muon-1e-4,0.7326549877962679,1563,ClimateFEVER
12,0.0001,0.2613108061932397,muon,0.8936105813226716,0.96875,0.5,verified-v3-muon-1e-4,0.96875,1563,DBPedia
12,0.0001,0.38330173087222424,muon,0.9663107364151403,1.0,0.5,verified-v3-muon-1e-4,1.0,1563,FEVER
12,0.0001,0.21322134240948665,muon,0.9816916546756955,1.0,0.5,verified-v3-muon-1e-4,1.0,1563,FiQA2018
12,0.0001,0.298887962502734,muon,1.002216634559474,1.0,0.5,verified-v3-muon-1e-4,1.0,1563,HotpotQA
12,0.0001,0.39495294868335784,muon,0.9431117284436655,1.0,0.5,verified-v3-muon-1e-4,1.0,1563,MSMARCO
12,0.0001,-0.016391319627590273,muon,-4.815915064895163,0.9316367196121645,0.5,verified-v3-muon-1e-4,0.6699003414853719,1563,NFCorpus
12,0.0001,0.3805779837457691,muon,0.9239084132740378,1.0,0.5,verified-v3-muon-1e-4,1.0,1563,NQ
12,0.0001,0.4832027340031253,muon,0.9973103461565345,1.0,0.5,verified-v3-muon-1e-4,1.0,1563,QuoraRetrieval
12,0.0001,0.08862481883301401,muon,0.9178557603574691,1.0083892336656393,0.5,verified-v3-muon-1e-4,0.8655306285516415,1563,SCIDOCS
12,0.0001,0.24943411085657818,muon,0.9389223534061238,0.9769331095982161,0.5,verified-v3-muon-1e-4,0.9769331095982161,1563,SciFact
12,0.0001,0.0766127592817045,muon,0.9931155821799698,0.9746818938298829,0.5,verified-v3-muon-1e-4,0.8880158835937564,1563,TRECCOVID
12,0.0001,0.28101490301579984,muon,0.9488461127907152,1.0,0.5,verified-v3-muon-1e-4,1.0,1563,Touche2020
13,0.0001,0.21948262864082738,muon,0.9269282844809964,1.0,0.5,verified-v3-muon-1e-4,1.0,1563,ArguAna
13,0.0001,0.008822060716122472,muon,0.9570651705940355,0.9686675316024138,0.5,verified-v3-muon-1e-4,0.7423115807930609,1563,ClimateFEVER
13,0.0001,0.2914961192118022,muon,0.9968359913502124,1.0,0.5,verified-v3-muon-1e-4,1.0,1563,DBPedia
13,0.0001,0.3894119111180437,muon,0.9817146135631286,1.0,0.5,verified-v3-muon-1e-4,1.0,1563,FEVER
13,0.0001,0.20152709980571992,muon,0.9278502322264202,1.0,0.5,verified-v3-muon-1e-4,1.0,1563,FiQA2018
13,0.0001,0.2941170002245278,muon,0.9862188750042352,1.0,0.5,verified-v3-muon-1e-4,1.0,1563,HotpotQA
13,0.0001,0.4068843772445776,muon,0.9716028949248546,1.0,0.5,verified-v3-muon-1e-4,1.0,1563,MSMARCO
13,0.0001,-0.006503993288556095,muon,-1.9109309056246595,0.9808541001715798,0.5,verified-v3-muon-1e-4,0.7052904665734999,1563,NFCorpus
13,0.0001,0.4119961408730264,muon,1.0001805596912867,1.0,0.5,verified-v3-muon-1e-4,1.0,1563,NQ
13,0.0001,0.4845862658794895,muon,1.0001658984070447,1.0,0.5,verified-v3-muon-1e-4,1.0,1563,QuoraRetrieval
13,0.0001,0.0872496335819247,muon,0.9036134553136729,1.0104703923535183,0.5,verified-v3-muon-1e-4,0.8673169492769113,1563,SCIDOCS
13,0.0001,0.25737940292350725,muon,0.9688301005877813,0.9769331095982161,0.5,verified-v3-muon-1e-4,0.9769331095982161,1563,SciFact
13,0.0001,0.05368768787073895,muon,0.695942554419627,0.9657001527282164,0.5,verified-v3-muon-1e-4,0.8798327739955403,1563,TRECCOVID
13,0.0001,0.2928040850531902,muon,0.988652256269629,1.0,0.5,verified-v3-muon-1e-4,1.0,1563,Touche2020
14,0.0001,0.22359092932000768,muon,0.9442786329995413,1.0,0.5,verified-v3-muon-1e-4,1.0,1563,ArguAna
14,0.0001,0.00437814607017583,muon,0.4749651187370344,1.0224059240433199,0.5,verified-v3-muon-1e-4,0.7834925120627381,1563,ClimateFEVER
14,0.0001,0.2987707415702503,muon,1.0217131849471295,1.0,0.5,verified-v3-muon-1e-4,1.0,1563,DBPedia
14,0.0001,0.38700582856654553,muon,0.975648835052494,1.0,0.5,verified-v3-muon-1e-4,1.0,1563,FEVER
14,0.0001,0.21335166954243803,muon,0.9822916933835959,0.9769331095982161,0.5,verified-v3-muon-1e-4,0.9769331095982161,1563,FiQA2018
14,0.0001,0.30244100821776443,muon,1.014130535303875,0.9769331095982161,0.5,verified-v3-muon-1e-4,0.9769331095982161,1563,HotpotQA
14,0.0001,0.411049283507408,muon,0.9815483123661939,1.0,0.5,verified-v3-muon-1e-4,1.0,1563,MSMARCO
14,0.0001,-0.01504077412222309,muon,-4.419112818773602,0.9540682922879727,0.5,verified-v3-muon-1e-4,0.6860299313558028,1563,NFCorpus
14,0.0001,0.3823067232781082,muon,0.9281051799460545,1.0,0.5,verified-v3-muon-1e-4,1.0,1563,NQ
14,0.0001,0.4791199942661392,muon,0.9888837411441251,1.0,0.5,verified-v3-muon-1e-4,1.0,1563,QuoraRetrieval
14,0.0001,0.09657205260252594,muon,1.000162436865299,1.0268741546145255,0.5,verified-v3-muon-1e-4,0.8813967888729465,1563,SCIDOCS
14,0.0001,0.25044912056154256,muon,0.9427430630021069,1.0,0.5,verified-v3-muon-1e-4,1.0,1563,SciFact
14,0.0001,0.07365772690695802,muon,0.9548100998461958,1.0012257706611305,0.5,verified-v3-muon-1e-4,0.9121995525297655,1563,TRECCOVID
14,0.0001,0.2802045411158048,muon,0.946109927874854,1.0,0.5,verified-v3-muon-1e-4,1.0,1563,Touche2020
15,0.0001,0.22717329486079205,muon,0.9594078300830019,1.0,0.5,verified-v3-muon-1e-4,1.0,1563,ArguAna
15,0.0001,0.012795566533174933,muon,1.3881327119569997,0.9923051572421773,0.5,verified-v3-muon-1e-4,0.7604256216609542,1563,ClimateFEVER
15,0.0001,0.2881026789856485,muon,0.9852313656657526,1.0,0.5,verified-v3-muon-1e-4,1.0,1563,DBPedia
15,0.0001,0.3823568840449485,muon,0.9639287601287647,1.0,0.5,verified-v3-muon-1e-4,1.0,1563,FEVER
15,0.0001,0.2024347761308762,muon,0.9320292616963752,1.0,0.5,verified-v3-muon-1e-4,1.0,1563,FiQA2018
15,0.0001,0.27304719518843446,muon,0.915568625602155,1.0,0.5,verified-v3-muon-1e-4,1.0,1563,HotpotQA
15,0.0001,0.4123614827258605,muon,0.984681724781781,1.0,0.5,verified-v3-muon-1e-4,1.0,1563,MSMARCO
15,0.0001,-0.04037047973542331,muon,-11.861204951895159,0.8208312105392466,0.5,verified-v3-muon-1e-4,0.5902248125975569,1563,NFCorpus
15,0.0001,0.3974603523687252,muon,0.9648928187649299,1.0,0.5,verified-v3-muon-1e-4,1.0,1563,NQ
15,0.0001,0.4847957559239593,muon,1.0005982771459556,1.0,0.5,verified-v3-muon-1e-4,1.0,1563,QuoraRetrieval
15,0.0001,0.08675633981767306,muon,0.8985045870640249,1.0022314861235977,0.5,verified-v3-muon-1e-4,0.86024524972907,1563,SCIDOCS
15,0.0001,0.25609806649070044,muon,0.9640068812820315,1.0,0.5,verified-v3-muon-1e-4,1.0,1563,SciFact
15,0.0001,0.05102718915082639,muon,0.6614550518170939,0.8971004581846491,0.5,verified-v3-muon-1e-4,0.8173327739955403,1563,TRECCOVID
15,0.0001,0.29829196058099344,muon,1.0071820541776872,1.0,0.5,verified-v3-muon-1e-4,1.0,1563,Touche2020
16,0.0001,0.23640412144720097,muon,0.9983918458343514,1.0,0.5,verified-v3-muon-1e-4,1.0,1563,ArguAna
16,0.0001,-0.0007207765973595241,muon,-0.07819376892877244,0.9684991552887664,0.5,verified-v3-muon-1e-4,0.742182550260423,1563,ClimateFEVER
16,0.0001,0.2706454774283277,muon,0.9255325715011963,1.0,0.5,verified-v3-muon-1e-4,1.0,1563,DBPedia
16,0.0001,0.383205953079349,muon,0.9660692788319594,1.0,0.5,verified-v3-muon-1e-4,1.0,1563,FEVER
16,0.0001,0.23117344435438436,muon,1.0643448659538988,0.9769331095982161,0.5,verified-v3-muon-1e-4,0.9769331095982161,1563,FiQA2018
16,0.0001,0.2926281085186683,muon,0.9812263954738613,1.0,0.5,verified-v3-muon-1e-4,1.0,1563,HotpotQA
16,0.0001,0.4128922516435477,muon,0.9859491526944801,1.0,0.5,verified-v3-muon-1e-4,1.0,1563,MSMARCO
16,0.0001,0.0038859303261062714,muon,1.141720790260705,0.9522473410799736,0.5,verified-v3-muon-1e-4,0.6847205627892926,1563,NFCorpus
16,0.0001,0.41517337468141563,muon,1.0078937569120447,1.0,0.5,verified-v3-muon-1e-4,1.0,1563,NQ
16,0.0001,0.4873872290757616,muon,1.0059469699496322,1.0,0.5,verified-v3-muon-1e-4,1.0,1563,QuoraRetrieval
16,0.0001,0.0820028554876781,muon,0.8492744387657748,1.0050478436416235,0.5,verified-v3-muon-1e-4,0.8626626135915756,1563,SCIDOCS
16,0.0001,0.26830947857034787,muon,1.0099731997172319,1.0,0.5,verified-v3-muon-1e-4,1.0,1563,SciFact
16,0.0001,0.08217876846651995,muon,1.0652666246932903,1.0012257706611305,0.5,verified-v3-muon-1e-4,0.9121995525297655,1563,TRECCOVID
16,0.0001,0.2886419687531872,muon,0.9745988810576436,1.0,0.5,verified-v3-muon-1e-4,1.0,1563,Touche2020
17,0.0001,0.23191613447514253,muon,0.9794379901668449,1.0,0.5,verified-v3-muon-1e-4,1.0,1563,ArguAna
17,0.0001,0.011160470391223289,muon,1.2107485816058303,0.9807273352824711,0.5,verified-v3-muon-1e-4,0.7515532779097056,1563,ClimateFEVER
17,0.0001,0.29025062735288987,muon,0.9925767541594923,1.0,0.5,verified-v3-muon-1e-4,1.0,1563,DBPedia
17,0.0001,0.3929110320134436,muon,0.9905359619080611,1.0,0.5,verified-v3-muon-1e-4,1.0,1563,FEVER
17,0.0001,0.21586337072290282,muon,0.9938558082139305,1.0,0.5,verified-v3-muon-1e-4,1.0,1563,FiQA2018
17,0.0001,0.28798866523023575,muon,0.9656696390229559,1.0,0.5,verified-v3-muon-1e-4,1.0,1563,HotpotQA
17,0.0001,0.40323596517478494,muon,0.9628908186517503,1.0,0.5,verified-v3-muon-1e-4,1.0,1563,MSMARCO
17,0.0001,-0.004458366047781525,muon,-1.3099074816519016,1.0113803276550133,0.5,verified-v3-muon-1e-4,0.7272405784410585,1563,NFCorpus
17,0.0001,0.4001638021932265,muon,0.9714558364496038,1.0,0.5,verified-v3-muon-1e-4,1.0,1563,NQ
17,0.0001,0.47294245395898316,muon,0.9761335548794797,1.0,0.5,verified-v3-muon-1e-4,1.0,1563,QuoraRetrieval
17,0.0001,0.07268874462772001,muon,0.7528115018820498,0.9872751793394375,0.5,verified-v3-muon-1e-4,0.8474078044455182,1563,SCIDOCS
17,0.0001,0.23807007933902857,muon,0.8961457532851639,0.9769331095982161,0.5,verified-v3-muon-1e-4,0.9769331095982161,1563,SciFact
17,0.0001,0.06514369782215641,muon,0.8444444762800292,0.9493637876597658,0.5,verified-v3-muon-1e-4,0.8649489931919725,1563,TRECCOVID
17,0.0001,0.2762374290188008,muon,0.9327149838635194,1.0,0.5,verified-v3-muon-1e-4,1.0,1563,Touche2020
18,0.0001,0.22685042155232238,muon,0.9580442579234292,1.0,0.5,verified-v3-muon-1e-4,1.0,1563,ArguAna
18,0.0001,0.011489927642386464,muon,1.2464898976581773,0.95215982605561,0.5,verified-v3-muon-1e-4,0.7296613570579437,1563,ClimateFEVER
18,0.0001,0.29157536632135994,muon,0.9971069945156447,1.0,0.5,verified-v3-muon-1e-4,1.0,1563,DBPedia
18,0.0001,0.37812003521586657,muon,0.9532475860500738,1.0,0.5,verified-v3-muon-1e-4,1.0,1563,FEVER
18,0.0001,0.21553527995452,muon,0.9923452466272812,0.9769331095982161,0.5,verified-v3-muon-1e-4,0.9769331095982161,1563,FiQA2018
18,0.0001,0.3094878134707787,muon,1.0377595412562555,1.0,0.5,verified-v3-muon-1e-4,1.0,1563,HotpotQA
18,0.0001,0.4276495186136808,muon,1.021188164343093,1.0,0.5,verified-v3-muon-1e-4,1.0,1563,MSMARCO
18,0.0001,-0.021902721722134144,muon,-6.435213875415074,0.8751552151540487,0.5,verified-v3-muon-1e-4,0.6292868938532834,1563,NFCorpus
18,0.0001,0.4125783205090303,muon,1.0015938854397888,1.0,0.5,verified-v3-muon-1e-4,1.0,1563,NQ
18,0.0001,0.48067534955877267,muon,0.9920939297795285,1.0,0.5,verified-v3-muon-1e-4,1.0,1563,QuoraRetrieval
18,0.0001,0.079949836501009,muon,0.8280120505561241,0.9751392084438406,0.5,verified-v3-muon-1e-4,0.8369911377788516,1563,SCIDOCS
18,0.0001,0.27727149353974845,muon,1.0437081053299162,0.96875,0.5,verified-v3-muon-1e-4,0.96875,1563,SciFact
18,0.0001,0.0683213600216485,muon,0.8856358636521517,1.0,0.5,verified-v3-muon-1e-4,0.9110827739955403,1563,TRECCOVID
18,0.0001,0.2760399622943326,muon,0.9320482379653254,1.0,0.5,verified-v3-muon-1e-4,1.0,1563,Touche2020
19,0.0001,0.22954415741322673,muon,0.9694205567032249,1.0,0.5,verified-v3-muon-1e-4,1.0,1563,ArguAna
19,0.0001,0.011233724162539295,muon,1.218695549485238,1.0330843410051938,0.5,verified-v3-muon-1e-4,0.7916756216609542,1563,ClimateFEVER
19,0.0001,0.2937185062437778,muon,1.004435939459894,1.0,0.5,verified-v3-muon-1e-4,1.0,1563,DBPedia
19,0.0001,0.3853533149576519,muon,0.971482817751418,1.0,0.5,verified-v3-muon-1e-4,1.0,1563,FEVER
19,0.0001,0.21439170726643464,muon,0.9870801275180859,0.9769331095982161,0.5,verified-v3-muon-1e-4,0.9769331095982161,1563,FiQA2018
19,0.0001,0.3030864264245019,muon,1.0162947203638,1.0,0.5,verified-v3-muon-1e-4,1.0,1563,HotpotQA
19,0.0001,0.4228344784779746,muon,1.0096902863299018,1.0,0.5,verified-v3-muon-1e-4,1.0,1563,MSMARCO
19,0.0001,-0.012726886939086857,muon,-3.7392722448043996,0.9652691759649609,0.5,verified-v3-muon-1e-4,0.694084010421381,1563,NFCorpus
19,0.0001,0.41945325521726423,muon,1.0182837894513936,1.0,0.5,verified-v3-muon-1e-4,1.0,1563,NQ
19,0.0001,0.4839304982573962,muon,0.9988124213089954,1.0,0.5,verified-v3-muon-1e-4,1.0,1563,QuoraRetrieval
19,0.0001,0.08169002394047323,muon,0.8460345535800623,0.9951433588696244,0.5,verified-v3-muon-1e-4,0.8541612981828164,1563,SCIDOCS
19,0.0001,0.25877891885945015,muon,0.9740981723510712,1.0,0.5,verified-v3-muon-1e-4,1.0,1563,SciFact
19,0.0001,0.0600084580291608,muon,0.7778774095868385,0.9493637876597658,0.5,verified-v3-muon-1e-4,0.8649489931919725,1563,TRECCOVID
19,0.0001,0.2807764939820902,muon,0.9480411252884087,1.0,0.5,verified-v3-muon-1e-4,1.0,1563,Touche2020
0,0.0001,0.2109510452401687,muon,0.8908973420121032,1.0,0.75,verified-v3-muon-1e-4,1.0,1563,ArguAna
0,0.0001,-0.011322413206941719,muon,-1.2283170198131068,0.9669588921980222,0.75,verified-v3-muon-1e-4,0.7410022122265507,1563,ClimateFEVER
0,0.0001,0.2672496111308672,muon,0.913919649324822,1.0,0.75,verified-v3-muon-1e-4,1.0,1563,DBPedia
0,0.0001,0.3352879596560741,muon,0.8452671332037253,1.0,0.75,verified-v3-muon-1e-4,1.0,1563,FEVER
0,0.0001,0.18900268905493348,muon,0.8701866354455446,0.9769331095982161,0.75,verified-v3-muon-1e-4,0.9769331095982161,1563,FiQA2018
0,0.0001,0.23363813567067448,muon,0.783424076620253,0.9769331095982161,0.75,verified-v3-muon-1e-4,0.9769331095982161,1563,HotpotQA
0,0.0001,0.38663455502363436,muon,0.9232481607745296,1.0,0.75,verified-v3-muon-1e-4,1.0,1563,MSMARCO
0,0.0001,-0.007530781807493048,muon,-2.2126104780543523,0.8876339104913048,0.75,verified-v3-muon-1e-4,0.6382597929369518,1563,NFCorpus
0,0.0001,0.3578248781520083,muon,0.868671939846739,1.0,0.75,verified-v3-muon-1e-4,1.0,1563,NQ
0,0.0001,0.4282851029021214,muon,0.8839626396365527,1.0,0.75,verified-v3-muon-1e-4,1.0,1563,QuoraRetrieval
0,0.0001,0.047994351138957586,muon,0.4970604424085019,0.9751329538745197,0.75,verified-v3-muon-1e-4,0.8369857692950013,1563,SCIDOCS
0,0.0001,0.23229216390705737,muon,0.8743964667239233,1.0,0.75,verified-v3-muon-1e-4,1.0,1563,SciFact
0,0.0001,0.042784466077138254,muon,0.5546063127712348,0.8708999500742486,0.75,verified-v3-muon-1e-4,0.7934619423862239,1563,TRECCOVID
0,0.0001,0.2819847538454849,muon,0.9521208116762819,1.0,0.75,verified-v3-muon-1e-4,1.0,1563,Touche2020
1,0.0001,0.20914264160076582,muon,0.8832600155708201,1.0,0.75,verified-v3-muon-1e-4,1.0,1563,ArguAna
1,0.0001,-0.003611428185557526,muon,-0.391787388878671,0.9897800537844651,0.75,verified-v3-muon-1e-4,0.7584905784410585,1563,ClimateFEVER
1,0.0001,0.25547207614613116,muon,0.8736437417281221,0.9769331095982161,0.75,verified-v3-muon-1e-4,0.9769331095982161,1563,DBPedia
1,0.0001,0.37515248930182005,muon,0.9457663480420357,1.0,0.75,verified-v3-muon-1e-4,1.0,1563,FEVER
1,0.0001,0.17881257628871472,muon,0.8232703720464069,1.0,0.75,verified-v3-muon-1e-4,1.0,1563,FiQA2018
1,0.0001,0.2560621939563202,muon,0.8586153424043335,0.9769331095982161,0.75,verified-v3-muon-1e-4,0.9769331095982161,1563,HotpotQA
1,0.0001,0.39388885190021705,muon,0.9405707620836857,1.0,0.75,verified-v3-muon-1e-4,1.0,1563,MSMARCO
1,0.0001,-0.04543005066081704,muon,-13.347751758077559,0.8825056413043775,0.75,verified-v3-muon-1e-4,0.634572272675855,1563,NFCorpus
1,0.0001,0.3826577270965098,muon,0.9289572927711862,1.0,0.75,verified-v3-muon-1e-4,1.0,1563,NQ
1,0.0001,0.47618236456603386,muon,0.9828205956217059,1.0,0.75,verified-v3-muon-1e-4,1.0,1563,QuoraRetrieval
1,0.0001,0.05297942082124921,muon,0.5486890379184797,0.9917673483394005,0.75,verified-v3-muon-1e-4,0.8512635674071718,1563,SCIDOCS
1,0.0001,0.23978467730642505,muon,0.9025998599555178,1.0,0.75,verified-v3-muon-1e-4,1.0,1563,SciFact
1,0.0001,0.06209167793592782,muon,0.8048817646043961,0.9248642132553909,0.75,verified-v3-muon-1e-4,0.8426278529819244,1563,TRECCOVID
1,0.0001,0.2905675066253598,muon,0.9811004548369514,1.0,0.75,verified-v3-muon-1e-4,1.0,1563,Touche2020
2,0.0001,0.20762353259618765,muon,0.8768444504198416,1.0,0.75,verified-v3-muon-1e-4,1.0,1563,ArguAna
2,0.0001,0.0005838458983162681,muon,0.06333878129533946,0.9854150928622305,0.75,verified-v3-muon-1e-4,0.755145611322233,1563,ClimateFEVER
2,0.0001,0.2576956307175295,muon,0.8812476824992533,0.9769331095982161,0.75,verified-v3-muon-1e-4,0.9769331095982161,1563,DBPedia
2,0.0001,0.36661908991399383,muon,0.9242534907225272,1.0,0.75,verified-v3-muon-1e-4,1.0,1563,FEVER
2,0.0001,0.19423272571098293,muon,0.8942662293589507,1.0,0.75,verified-v3-muon-1e-4,1.0,1563,FiQA2018
2,0.0001,0.27725637599892905,muon,0.9296826467585193,1.0,0.75,verified-v3-muon-1e-4,1.0,1563,HotpotQA
2,0.0001,0.38854976189568524,muon,0.9278215006355145,1.0,0.75,verified-v3-muon-1e-4,1.0,1563,MSMARCO
2,0.0001,-0.01430618167306253,muon,-4.203283042840505,0.9164397944942321,0.75,verified-v3-muon-1e-4,0.6589728789758772,1563,NFCorpus
2,0.0001,0.39097597620321256,muon,0.9491510524252543,1.0,0.75,verified-v3-muon-1e-4,1.0,1563,NQ
2,0.0001,0.48787389000851855,muon,1.006951417874187,1.0,0.75,verified-v3-muon-1e-4,1.0,1563,QuoraRetrieval
2,0.0001,0.06926232518088848,muon,0.7173252930740986,0.9721662689207753,0.75,verified-v3-muon-1e-4,0.834439374899858,1563,SCIDOCS
2,0.0001,0.26297416892155795,muon,0.989889974233799,0.96875,0.75,verified-v3-muon-1e-4,0.96875,1563,SciFact
2,0.0001,0.07021885485282003,muon,0.9102327023721012,0.9356264796172253,0.75,verified-v3-muon-1e-4,0.8524331684733435,1563,TRECCOVID
2,0.0001,0.2673549684800897,muon,0.9027233782094269,1.0,0.75,verified-v3-muon-1e-4,1.0,1563,Touche2020
3,0.0001,0.22089334811760808,muon,0.9328860944115315,1.0,0.75,verified-v3-muon-1e-4,1.0,1563,ArguAna
3,0.0001,-0.0007845386257914807,muon,-0.08511102087050179,0.9722417251796981,0.75,verified-v3-muon-1e-4,0.7450505652204891,1563,ClimateFEVER
3,0.0001,0.26687069012691295,muon,0.912623844441925,0.9769331095982161,0.75,verified-v3-muon-1e-4,0.9769331095982161,1563,DBPedia
3,0.0001,0.3576603850468085,muon,0.9016684304415926,1.0,0.75,verified-v3-muon-1e-4,1.0,1563,FEVER
3,0.0001,0.20323151872681636,muon,0.9356975415623606,1.0,0.75,verified-v3-muon-1e-4,1.0,1563,FiQA2018
3,0.0001,0.28142245587812775,muon,0.9436521439603288,0.9538662191964322,0.75,verified-v3-muon-1e-4,0.9538662191964322,1563,HotpotQA
3,0.0001,0.4057301318188781,muon,0.9688466618036472,1.0,0.75,verified-v3-muon-1e-4,1.0,1563,MSMARCO
3,0.0001,-0.014366469920397806,muon,-4.220996264544105,0.9153292118797892,0.75,verified-v3-muon-1e-4,0.658174306252195,1563,NFCorpus
3,0.0001,0.37592798198122024,muon,0.9126198576152961,1.0,0.75,verified-v3-muon-1e-4,1.0,1563,NQ
3,0.0001,0.470870853567921,muon,0.9718578578320064,1.0,0.75,verified-v3-muon-1e-4,1.0,1563,QuoraRetrieval
3,0.0001,0.05925041618546914,muon,0.6136355088282753,0.9785483940973695,0.75,verified-v3-muon-1e-4,0.8399173437547144,1563,SCIDOCS
3,0.0001,0.2267037875589229,muon,0.8533606450614782,0.96875,0.75,verified-v3-muon-1e-4,0.96875,1563,SciFact
3,0.0001,0.05697764631059851,muon,0.7385896150656894,0.9431769566012077,0.75,verified-v3-muon-1e-4,0.8593122779888996,1563,TRECCOVID
3,0.0001,0.28527127194700486,muon,0.9632177317747446,1.0,0.75,verified-v3-muon-1e-4,1.0,1563,Touche2020
4,0.0001,0.2085901345761728,muon,0.8809266446264262,1.0,0.75,verified-v3-muon-1e-4,1.0,1563,ArguAna
4,0.0001,0.0027337917515174604,muon,0.2965766109785526,0.9715821758948787,0.75,verified-v3-muon-1e-4,0.7445451378615114,1563,ClimateFEVER
4,0.0001,0.26159082913285187,muon,0.8945681822175441,1.0,0.75,verified-v3-muon-1e-4,1.0,1563,DBPedia
4,0.0001,0.3417028748894834,muon,0.8614392528785588,1.0,0.75,verified-v3-muon-1e-4,1.0,1563,FEVER
4,0.0001,0.1945244461628551,muon,0.895609338495517,0.9769331095982161,0.75,verified-v3-muon-1e-4,0.9769331095982161,1563,FiQA2018
4,0.0001,0.2572410492158376,muon,0.8625682227442886,1.0,0.75,verified-v3-muon-1e-4,1.0,1563,HotpotQA
4,0.0001,0.3795739934268855,muon,0.906388181697297,1.0,0.75,verified-v3-muon-1e-4,1.0,1563,MSMARCO
4,0.0001,-0.014710758090058743,muon,-4.322151181939798,0.9131615876479399,0.75,verified-v3-muon-1e-4,0.656615659858639,1563,NFCorpus
4,0.0001,0.3949225025730601,muon,0.9587318192379393,1.0,0.75,verified-v3-muon-1e-4,1.0,1563,NQ
4,0.0001,0.4550613067595133,muon,0.939227610752384,1.0,0.75,verified-v3-muon-1e-4,1.0,1563,QuoraRetrieval
4,0.0001,0.08318435276277208,muon,0.8615107862593021,1.0449883488636778,0.75,verified-v3-muon-1e-4,0.8969447433837083,1563,SCIDOCS
4,0.0001,0.2230313746301183,muon,0.839536911900239,0.9769331095982161,0.75,verified-v3-muon-1e-4,0.9769331095982161,1563,SciFact
4,0.0001,0.03112138766643829,muon,0.4034202046810259,0.9266447385155587,0.75,verified-v3-muon-1e-4,0.8442500588751273,1563,TRECCOVID
4,0.0001,0.24142941100999255,muon,0.8151857986595946,0.9769331095982161,0.75,verified-v3-muon-1e-4,0.9769331095982161,1563,Touche2020
5,0.0001,0.23129636814272947,muon,0.9768205668799075,1.0,0.75,verified-v3-muon-1e-4,1.0,1563,ArguAna
5,0.0001,-0.0157223705863833,muon,-1.7056483481121718,0.9649436529033896,0.75,verified-v3-muon-1e-4,0.7394578893111327,1563,ClimateFEVER
5,0.0001,0.2584895845530552,muon,0.8839627847135216,0.96875,0.75,verified-v3-muon-1e-4,0.96875,1563,DBPedia
5,0.0001,0.3467468879170287,muon,0.8741553027957966,1.0,0.75,verified-v3-muon-1e-4,1.0,1563,FEVER
5,0.0001,0.22048076563909208,muon,1.0151147403843308,0.9769331095982161,0.75,verified-v3-muon-1e-4,0.9769331095982161,1563,FiQA2018
5,0.0001,0.24768471886548124,muon,0.8305243988235272,1.0,0.75,verified-v3-muon-1e-4,1.0,1563,HotpotQA
5,0.0001,0.4022194136270546,muon,0.9604633859906495,1.0,0.75,verified-v3-muon-1e-4,1.0,1563,MSMARCO
5,0.0001,-0.020072901348411405,muon,-5.897596422758582,0.9024032357911904,0.75,verified-v3-muon-1e-4,0.648879786603604,1563,NFCorpus
5,0.0001,0.39129411301229056,muon,0.9499233758045166,1.0,0.75,verified-v3-muon-1e-4,1.0,1563,NQ
5,0.0001,0.44020482832139685,muon,0.9085644571500926,1.0,0.75,verified-v3-muon-1e-4,1.0,1563,QuoraRetrieval
5,0.0001,0.07357926244595961,muon,0.7620342785256021,1.002081158687879,0.75,verified-v3-muon-1e-4,0.8601162191964322,1563,SCIDOCS
5,0.0001,0.22259329122154548,muon,0.837887873989775,1.0,0.75,verified-v3-muon-1e-4,1.0,1563,SciFact
5,0.0001,0.024658306595095617,muon,0.3196406021576168,0.8875893243029012,0.75,verified-v3-muon-1e-4,0.8086673437547144,1563,TRECCOVID
5,0.0001,0.2540453088746354,muon,0.8577833460485956,1.0,0.75,verified-v3-muon-1e-4,1.0,1563,Touche2020
6,0.0001,0.20594075914561327,muon,0.8697376906850489,0.96875,0.75,verified-v3-muon-1e-4,0.96875,1563,ArguAna
6,0.0001,-0.01428947570852468,muon,-1.550200111600393,0.9859987067190008,0.75,verified-v3-muon-1e-4,0.7555928476654139,1563,ClimateFEVER
6,0.0001,0.27050509174427456,muon,0.9250524913446821,1.0,0.75,verified-v3-muon-1e-4,1.0,1563,DBPedia
6,0.0001,0.3347171971081468,muon,0.843828230288388,1.0,0.75,verified-v3-muon-1e-4,1.0,1563,FEVER
6,0.0001,0.17179920560583947,muon,0.7909801360281785,0.9769331095982161,0.75,verified-v3-muon-1e-4,0.9769331095982161,1563,FiQA2018
6,0.0001,0.27985727464419474,muon,0.9384038540806933,1.0,0.75,verified-v3-muon-1e-4,1.0,1563,HotpotQA
6,0.0001,0.3986607801740768,muon,0.9519656928909429,1.0,0.75,verified-v3-muon-1e-4,1.0,1563,MSMARCO
6,0.0001,-0.0393739990819742,muon,-11.568430099116105,0.9507704045083847,0.75,verified-v3-muon-1e-4,0.6836585605164844,1563,NFCorpus
6,0.0001,0.36883732864206076,muon,0.8954062652493349,1.0,0.75,verified-v3-muon-1e-4,1.0,1563,NQ
6,0.0001,0.4482897272622561,muon,0.9252513523059813,1.0,0.75,verified-v3-muon-1e-4,1.0,1563,QuoraRetrieval
6,0.0001,0.06474290668013101,muon,0.6705192814059415,0.9942129791576922,0.75,verified-v3-muon-1e-4,0.853362725459134,1563,SCIDOCS
6,0.0001,0.2238714879433171,muon,0.8426992747641137,0.9538662191964322,0.75,verified-v3-muon-1e-4,0.9538662191964322,1563,SciFact
6,0.0001,0.029545029483809222,muon,0.38298619487713054,0.8971004581846491,0.75,verified-v3-muon-1e-4,0.8173327739955403,1563,TRECCOVID
6,0.0001,0.27414760723719556,muon,0.9256587058774726,0.9769331095982161,0.75,verified-v3-muon-1e-4,0.9769331095982161,1563,Touche2020
7,0.0001,0.21030744919417144,muon,0.8881792800747677,1.0,0.75,verified-v3-muon-1e-4,1.0,1563,ArguAna
7,0.0001,-0.008200959961206357,muon,-0.8896847796527741,1.021345148248303,0.75,verified-v3-muon-1e-4,0.7826796158609179,1563,ClimateFEVER
7,0.0001,0.26587625924261515,muon,0.909223166247448,1.0,0.75,verified-v3-muon-1e-4,1.0,1563,DBPedia
7,0.0001,0.3821105761572058,muon,0.9633078133987619,1.0,0.75,verified-v3-muon-1e-4,1.0,1563,FEVER
7,0.0001,0.1780156343262118,muon,0.8196011742775106,0.9769331095982161,0.75,verified-v3-muon-1e-4,0.9769331095982161,1563,FiQA2018
7,0.0001,0.3132311485367949,muon,1.0503115110327461,1.0,0.75,verified-v3-muon-1e-4,1.0,1563,HotpotQA
7,0.0001,0.3717103892173451,muon,0.887610609881262,1.0,0.75,verified-v3-muon-1e-4,1.0,1563,MSMARCO
7,0.0001,-0.03854872167841229,muon,-11.325956279385238,0.8524632717060187,0.75,verified-v3-muon-1e-4,0.612970082434418,1563,NFCorpus
7,0.0001,0.40370329279932277,muon,0.980048464739582,1.0,0.75,verified-v3-muon-1e-4,1.0,1563,NQ
7,0.0001,0.4508138540219045,muon,0.9304610449572477,1.0,0.75,verified-v3-muon-1e-4,1.0,1563,QuoraRetrieval
7,0.0001,0.08678041241570633,muon,0.8987538984088892,1.0168130878374866,0.75,verified-v3-muon-1e-4,0.8727610744476991,1563,SCIDOCS
7,0.0001,0.24617131390799185,muon,0.9266405007792613,0.9769331095982161,0.75,verified-v3-muon-1e-4,0.9769331095982161,1563,SciFact
7,0.0001,0.044379128378740515,muon,0.5752775951383531,0.9567184116265498,0.75,verified-v3-muon-1e-4,0.8716496643973242,1563,TRECCOVID
7,0.0001,0.25381466600892727,muon,0.8570045809930008,0.9769331095982161,0.75,verified-v3-muon-1e-4,0.9769331095982161,1563,Touche2020
8,0.0001,0.22550222548221466,muon,0.952350499478181,1.0,0.75,verified-v3-muon-1e-4,1.0,1563,ArguAna
8,0.0001,0.011659241633125981,muon,1.264858001057753,1.0049063726130854,0.75,verified-v3-muon-1e-4,0.7700822146577471,1563,ClimateFEVER
8,0.0001,0.29490940334769034,muon,1.0085084777097504,1.0,0.75,verified-v3-muon-1e-4,1.0,1563,DBPedia
8,0.0001,0.36224327397871614,muon,0.9132219780048221,1.0,0.75,verified-v3-muon-1e-4,1.0,1563,FEVER
8,0.0001,0.17451943631950456,muon,0.803504340970426,0.9769331095982161,0.75,verified-v3-muon-1e-4,0.9769331095982161,1563,FiQA2018
8,0.0001,0.2741618510709794,muon,0.9193062357017451,1.0,0.75,verified-v3-muon-1e-4,1.0,1563,HotpotQA
8,0.0001,0.3950870763650068,muon,0.9434320131512333,1.0,0.75,verified-v3-muon-1e-4,1.0,1563,MSMARCO
8,0.0001,-0.023327117214401796,muon,-6.853713902590068,0.8698278210558003,0.75,verified-v3-muon-1e-4,0.6254561913374685,1563,NFCorpus
8,0.0001,0.40592121404038156,muon,0.9854327911644187,1.0,0.75,verified-v3-muon-1e-4,1.0,1563,NQ
8,0.0001,0.4698942668730291,muon,0.9698422235108475,1.0,0.75,verified-v3-muon-1e-4,1.0,1563,QuoraRetrieval
8,0.0001,0.05409058949486503,muon,0.5601970170741689,1.0033822650995448,0.75,verified-v3-muon-1e-4,0.8612329977306574,1563,SCIDOCS
8,0.0001,0.240964015592043,muon,0.9070391368242339,1.0,0.75,verified-v3-muon-1e-4,1.0,1563,SciFact
8,0.0001,0.06825914459939986,muon,0.8848293778152451,0.9759076644910135,0.75,verified-v3-muon-1e-4,0.8891326621279816,1563,TRECCOVID
8,0.0001,0.2728788132136948,muon,0.9213746260503499,0.9456831095982161,0.75,verified-v3-muon-1e-4,0.9456831095982161,1563,Touche2020
9,0.0001,0.22706507962514344,muon,0.9589508109405047,1.0,0.75,verified-v3-muon-1e-4,1.0,1563,ArguAna
9,0.0001,0.008777126304162438,muon,0.9521904409779176,1.0249053307926617,0.75,verified-v3-muon-1e-4,0.7854078633206456,1563,ClimateFEVER
9,0.0001,0.28178892398666316,muon,0.9636400723045438,0.9644172848795871,0.75,verified-v3-muon-1e-4,0.9644172848795871,1563,DBPedia
9,0.0001,0.36531849205162836,muon,0.9209746595121842,1.0,0.75,verified-v3-muon-1e-4,1.0,1563,FEVER
9,0.0001,0.18962907241801238,muon,0.8730705649490994,1.0,0.75,verified-v3-muon-1e-4,1.0,1563,FiQA2018
9,0.0001,0.24859272245056122,muon,0.833569072451688,1.0,0.75,verified-v3-muon-1e-4,1.0,1563,HotpotQA
9,0.0001,0.40276181714762443,muon,0.9617585962770998,1.0,0.75,verified-v3-muon-1e-4,1.0,1563,MSMARCO
9,0.0001,-0.028068786721342345,muon,-8.246858452879465,0.8622143070632582,0.75,verified-v3-muon-1e-4,0.6199816372369917,1563,NFCorpus
9,0.0001,0.3819469094853246,muon,0.927231679626638,1.0,0.75,verified-v3-muon-1e-4,1.0,1563,NQ
9,0.0001,0.4542541812483462,muon,0.9375617372663938,1.0,0.75,verified-v3-muon-1e-4,1.0,1563,QuoraRetrieval
9,0.0001,0.04134168464398398,muon,0.4281611392048037,0.921458694844303,0.75,verified-v3-muon-1e-4,0.7909155479910805,1563,SCIDOCS
9,0.0001,0.23961669484211856,muon,0.9019675386977076,0.9769331095982161,0.75,verified-v3-muon-1e-4,0.9769331095982161,1563,SciFact
9,0.0001,0.04123464597261965,muon,0.5345163106644869,0.9103083734471082,0.75,verified-v3-muon-1e-4,0.8293662780715596,1563,TRECCOVID
9,0.0001,0.26920689600626624,muon,0.9089764068407373,1.0,0.75,verified-v3-muon-1e-4,1.0,1563,Touche2020
10,0.0001,0.21452627618666067,muon,0.9059964079763548,1.0,0.75,verified-v3-muon-1e-4,1.0,1563,ArguAna
10,0.0001,0.0073046497998801585,muon,0.7924481741636359,0.9563564106641974,0.75,verified-v3-muon-1e-4,0.7328772936441313,1563,ClimateFEVER
10,0.0001,0.24237135983360775,muon,0.8288429204749812,0.9644172848795871,0.75,verified-v3-muon-1e-4,0.9644172848795871,1563,DBPedia
10,0.0001,0.35076136319049894,muon,0.884275869037436,1.0,0.75,verified-v3-muon-1e-4,1.0,1563,FEVER
10,0.0001,0.15549015469613797,muon,0.7158916904119451,0.9538662191964322,0.75,verified-v3-muon-1e-4,0.9538662191964322,1563,FiQA2018
10,0.0001,0.28050086753359715,muon,0.9405619185749681,1.0,0.75,verified-v3-muon-1e-4,1.0,1563,HotpotQA
10,0.0001,0.37646498898556696,muon,0.8989641617927343,1.0,0.75,verified-v3-muon-1e-4,1.0,1563,MSMARCO
10,0.0001,-0.02862769521699714,muon,-8.41107072530634,0.8434835532579162,0.75,verified-v3-muon-1e-4,0.6065131488162041,1563,NFCorpus
10,0.0001,0.3714783880163699,muon,0.9018178210410396,1.0,0.75,verified-v3-muon-1e-4,1.0,1563,NQ
10,0.0001,0.45446693531863136,muon,0.9380008528188337,1.0,0.75,verified-v3-muon-1e-4,1.0,1563,QuoraRetrieval
10,0.0001,0.06456949465721895,muon,0.6687233146977334,0.9512995344125726,0.75,verified-v3-muon-1e-4,0.8165288327880077,1563,SCIDOCS
10,0.0001,0.2426296352353909,muon,0.9133088788015487,0.9616783004521589,0.75,verified-v3-muon-1e-4,0.9616783004521589,1563,SciFact
10,0.0001,0.044114335445006155,muon,0.5718451383125155,0.8532894770311175,0.75,verified-v3-muon-1e-4,0.7774173437547144,1563,TRECCOVID
10,0.0001,0.25168320963639673,muon,0.8498077239154782,0.9769331095982161,0.75,verified-v3-muon-1e-4,0.9769331095982161,1563,Touche2020
11,0.0001,0.2053918913093063,muon,0.8674196889139503,1.0,0.75,verified-v3-muon-1e-4,1.0,1563,ArguAna
11,0.0001,-0.017628487590260762,muon,-1.9124342969046435,0.9408520125459704,0.75,verified-v3-muon-1e-4,0.7209959268171178,1563,ClimateFEVER
11,0.0001,0.2637822755408408,muon,0.9020623219628875,0.9769331095982161,0.75,verified-v3-muon-1e-4,0.9769331095982161,1563,DBPedia
11,0.0001,0.3534812113485227,muon,0.8911326564318905,1.0,0.75,verified-v3-muon-1e-4,1.0,1563,FEVER
11,0.0001,0.2239664594518615,muon,1.0311632113679663,0.9456831095982161,0.75,verified-v3-muon-1e-4,0.9456831095982161,1563,FiQA2018
11,0.0001,0.23509206080924178,muon,0.7882993079513342,0.96875,0.75,verified-v3-muon-1e-4,0.96875,1563,HotpotQA
11,0.0001,0.40112978021308654,muon,0.9578614404782961,1.0,0.75,verified-v3-muon-1e-4,1.0,1563,MSMARCO
11,0.0001,0.011441769512175811,muon,3.3616933483497964,1.027599442592096,0.75,verified-v3-muon-1e-4,0.7389030541745883,1563,NFCorpus
11,0.0001,0.37176529418911114,muon,0.9025143275078796,1.0,0.75,verified-v3-muon-1e-4,1.0,1563,NQ
11,0.0001,0.45462801895647875,muon,0.9383333227477408,1.0,0.75,verified-v3-muon-1e-4,1.0,1563,QuoraRetrieval
11,0.0001,0.07109118308076304,muon,0.736266124551994,1.0168130878374866,0.75,verified-v3-muon-1e-4,0.8727610744476991,1563,SCIDOCS
11,0.0001,0.22592044596481137,muon,0.8504119828655246,0.96875,0.75,verified-v3-muon-1e-4,0.96875,1563,SciFact
11,0.0001,0.06435914691211107,muon,0.8342745027523224,0.9469958918666118,0.75,verified-v3-muon-1e-4,0.8627916441242134,1563,TRECCOVID
11,0.0001,0.2648167819180816,muon,0.8941531976707684,1.0,0.75,verified-v3-muon-1e-4,1.0,1563,Touche2020
12,0.0001,0.2180648422653837,muon,0.9209406293262864,1.0,0.75,verified-v3-muon-1e-4,1.0,1563,ArguAna
12,0.0001,-0.008132994362052599,muon,-0.8823115014764246,0.9656839573983627,0.75,verified-v3-muon-1e-4,0.740025201192664,1563,ClimateFEVER
12,0.0001,0.2649506690906991,muon,0.9060579042907396,1.0,0.75,verified-v3-muon-1e-4,1.0,1563,DBPedia
12,0.0001,0.39809489168038803,muon,1.0036045677837484,1.0,0.75,verified-v3-muon-1e-4,1.0,1563,FEVER
12,0.0001,0.18762889630275245,muon,0.86386156092519,0.9538662191964322,0.75,verified-v3-muon-1e-4,0.9538662191964322,1563,FiQA2018
12,0.0001,0.2591991838146247,muon,0.8691341448081218,0.9769331095982161,0.75,verified-v3-muon-1e-4,0.9769331095982161,1563,HotpotQA
12,0.0001,0.36929119526347776,muon,0.8818337946963689,1.0,0.75,verified-v3-muon-1e-4,1.0,1563,MSMARCO
12,0.0001,-0.035946804316239554,muon,-10.56148988456196,0.8401169536163317,0.75,verified-v3-muon-1e-4,0.604092370199319,1563,NFCorpus
12,0.0001,0.4135203374441622,muon,1.0038807685727773,1.0,0.75,verified-v3-muon-1e-4,1.0,1563,NQ
12,0.0001,0.45717217926022097,muon,0.9435843638008042,1.0,0.75,verified-v3-muon-1e-4,1.0,1563,QuoraRetrieval
12,0.0001,0.06841808526705032,muon,0.7085818002439458,1.0009366342812531,0.75,verified-v3-muon-1e-4,0.8591338396786952,1563,SCIDOCS
12,0.0001,0.26225399985525977,muon,0.9871791066934418,1.0,0.75,verified-v3-muon-1e-4,1.0,1563,SciFact
12,0.0001,0.07594700478546336,muon,0.9844855423494981,0.9684950627713249,0.75,verified-v3-muon-1e-4,0.8823791683906836,1563,TRECCOVID
12,0.0001,0.24764263087518334,muon,0.8361647198973372,0.9769331095982161,0.75,verified-v3-muon-1e-4,0.9769331095982161,1563,Touche2020
13,0.0001,0.1951735961678895,muon,0.8242653543572332,1.0,0.75,verified-v3-muon-1e-4,1.0,1563,ArguAna
13,0.0001,-0.01576154995224467,muon,-1.7098987389991167,1.0172174935513019,0.75,verified-v3-muon-1e-4,0.7795165018066768,1563,ClimateFEVER
13,0.0001,0.24005172728459648,muon,0.8209104196313534,0.9538662191964322,0.75,verified-v3-muon-1e-4,0.9538662191964322,1563,DBPedia
13,0.0001,0.3323695811159799,muon,0.8379098470526835,1.0,0.75,verified-v3-muon-1e-4,1.0,1563,FEVER
13,0.0001,0.19754754843911881,muon,0.909527993365158,0.9769331095982161,0.75,verified-v3-muon-1e-4,0.9769331095982161,1563,FiQA2018
13,0.0001,0.26763193638700866,muon,0.897410442161817,0.9769331095982161,0.75,verified-v3-muon-1e-4,0.9769331095982161,1563,HotpotQA
13,0.0001,0.41205947608819904,muon,0.9839605603924635,1.0,0.75,verified-v3-muon-1e-4,1.0,1563,MSMARCO
13,0.0001,-0.04939801579410407,muon,-14.513575102173075,0.895045343639766,0.75,verified-v3-muon-1e-4,0.6435890392971821,1563,NFCorpus
13,0.0001,0.3890238377842131,muon,0.9444119524609382,1.0,0.75,verified-v3-muon-1e-4,1.0,1563,NQ
13,0.0001,0.5107390446671176,muon,1.0541441461076797,1.0,0.75,verified-v3-muon-1e-4,1.0,1563,QuoraRetrieval
13,0.0001,0.057248448008797075,muon,0.5929018357194701,0.9970333150462557,0.75,verified-v3-muon-1e-4,0.8557835040760193,1563,SCIDOCS
13,0.0001,0.2338077963794412,muon,0.8801016255050639,0.9769331095982161,0.75,verified-v3-muon-1e-4,0.9769331095982161,1563,SciFact
13,0.0001,0.056757421782461265,muon,0.7357348893969905,0.9759076644910135,0.75,verified-v3-muon-1e-4,0.8891326621279816,1563,TRECCOVID
13,0.0001,0.2889145396677022,muon,0.9755192160645126,1.0,0.75,verified-v3-muon-1e-4,1.0,1563,Touche2020
14,0.0001,0.23391503736175934,muon,0.9878798410550439,1.0,0.75,verified-v3-muon-1e-4,1.0,1563,ArguAna
14,0.0001,0.007771902506009006,muon,0.8431382912792981,1.0249123363091246,0.75,verified-v3-muon-1e-4,0.785413231804496,1563,ClimateFEVER
14,0.0001,0.25523036142950395,muon,0.872817144345541,1.0,0.75,verified-v3-muon-1e-4,1.0,1563,DBPedia
14,0.0001,0.35275925095584293,muon,0.8893125809599499,1.0,0.75,verified-v3-muon-1e-4,1.0,1563,FEVER
14,0.0001,0.1860922426077441,muon,0.8567866588939514,0.9413503944778032,0.75,verified-v3-muon-1e-4,0.9413503944778032,1563,FiQA2018
14,0.0001,0.23637872914287456,muon,0.7926137018678034,0.9769331095982161,0.75,verified-v3-muon-1e-4,0.9769331095982161,1563,HotpotQA
14,0.0001,0.3864732872961004,muon,0.9228630681052288,1.0,0.75,verified-v3-muon-1e-4,1.0,1563,MSMARCO
14,0.0001,-0.03635285696659805,muon,-10.680791754114335,0.7752949679170014,0.75,verified-v3-muon-1e-4,0.5574816372369917,1563,NFCorpus
14,0.0001,0.37901189845188094,muon,0.9201065134250582,1.0,0.75,verified-v3-muon-1e-4,1.0,1563,NQ
14,0.0001,0.4482277698744727,muon,0.9251234748344586,1.0,0.75,verified-v3-muon-1e-4,1.0,1563,QuoraRetrieval
14,0.0001,0.06297998654263659,muon,0.6522613439054062,0.925726486209713,0.75,verified-v3-muon-1e-4,0.794578720920449,1563,SCIDOCS
14,0.0001,0.22085745087891515,muon,0.8313538065599323,1.0,0.75,verified-v3-muon-1e-4,1.0,1563,SciFact
14,0.0001,0.055026765640410896,muon,0.7133007465964958,0.9266447385155588,0.75,verified-v3-muon-1e-4,0.8442500588751274,1563,TRECCOVID
14,0.0001,0.274195056450544,muon,0.9258189180269261,0.9769331095982161,0.75,verified-v3-muon-1e-4,0.9769331095982161,1563,Touche2020
15,0.0001,0.21001019307107102,muon,0.8869238954917452,1.0,0.75,verified-v3-muon-1e-4,1.0,1563,ArguAna
15,0.0001,-0.02557089510207236,muon,-2.774069899381015,0.8552997578708469,0.75,verified-v3-muon-1e-4,0.6554353218247668,1563,ClimateFEVER
15,0.0001,0.27089267929275407,muon,0.9263779334094625,0.9769331095982161,0.75,verified-v3-muon-1e-4,0.9769331095982161,1563,DBPedia
15,0.0001,0.3441651163130258,muon,0.8676466089418902,1.0,0.75,verified-v3-muon-1e-4,1.0,1563,FEVER
15,0.0001,0.22587552974674815,muon,1.0399527553953192,1.0,0.75,verified-v3-muon-1e-4,1.0,1563,FiQA2018
15,0.0001,0.2650818130510738,muon,0.8888594921467965,0.9769331095982161,0.75,verified-v3-muon-1e-4,0.9769331095982161,1563,HotpotQA
15,0.0001,0.41401715064596467,muon,0.9886353092253549,1.0,0.75,verified-v3-muon-1e-4,1.0,1563,MSMARCO
15,0.0001,0.00098609352756842,muon,0.2897230230822191,1.0369990559943811,0.75,verified-v3-muon-1e-4,0.7456619163957368,1563,NFCorpus
15,0.0001,0.40086644860828663,muon,0.9731616128270008,1.0,0.75,verified-v3-muon-1e-4,1.0,1563,NQ
15,0.0001,0.46350376202818844,muon,0.9566524872978032,1.0,0.75,verified-v3-muon-1e-4,1.0,1563,QuoraRetrieval
15,0.0001,0.05938982946192514,muon,0.6150793625991535,1.0054225487118948,0.75,verified-v3-muon-1e-4,0.8629842341564983,1563,SCIDOCS
15,0.0001,0.22930448417975652,muon,0.86315021306941,0.9616783004521589,0.75,verified-v3-muon-1e-4,0.9616783004521589,1563,SciFact
15,0.0001,0.057005109493265906,muon,0.7389456147046394,0.9493637876597658,0.75,verified-v3-muon-1e-4,0.8649489931919725,1563,TRECCOVID
15,0.0001,0.29793862126675574,muon,1.0059890048724278,0.9769331095982161,0.75,verified-v3-muon-1e-4,0.9769331095982161,1563,Touche2020
16,0.0001,0.22626092665699557,muon,0.9555546782449855,1.0,0.75,verified-v3-muon-1e-4,1.0,1563,ArguAna
16,0.0001,-0.008807478096124772,muon,-0.9554831685941738,1.0432785905123583,0.75,verified-v3-muon-1e-4,0.7994877029166809,1563,ClimateFEVER
16,0.0001,0.26418108462083856,muon,0.9034261385574067,0.9769331095982161,0.75,verified-v3-muon-1e-4,0.9769331095982161,1563,DBPedia
16,0.0001,0.3646725036735389,muon,0.9193461108909013,1.0,0.75,verified-v3-muon-1e-4,1.0,1563,FEVER
16,0.0001,0.21043444798590558,muon,0.9688605235742057,1.0,0.75,verified-v3-muon-1e-4,1.0,1563,FiQA2018
16,0.0001,0.27099941598316946,muon,0.9087021115872161,0.9769331095982161,0.75,verified-v3-muon-1e-4,0.9769331095982161,1563,HotpotQA
16,0.0001,0.42253103677830783,muon,1.0089656951430055,1.0,0.75,verified-v3-muon-1e-4,1.0,1563,MSMARCO
16,0.0001,-0.023025148055242944,muon,-6.7649926857650975,0.8666942063892773,0.75,verified-v3-muon-1e-4,0.6232029423070298,1563,NFCorpus
16,0.0001,0.37114113991356645,muon,0.9009991022163875,1.0,0.75,verified-v3-muon-1e-4,1.0,1563,NQ
16,0.0001,0.43327929736919135,muon,0.8942704493036527,1.0,0.75,verified-v3-muon-1e-4,1.0,1563,QuoraRetrieval
16,0.0001,0.05675577625736846,muon,0.5877994094356298,1.014581601713889,0.75,verified-v3-muon-1e-4,0.8708457231897917,1563,SCIDOCS
16,0.0001,0.2303096946740303,muon,0.8669340363793452,1.0,0.75,verified-v3-muon-1e-4,1.0,1563,SciFact
16,0.0001,0.04130639947343531,muon,0.5354464366696602,0.9657001527282164,0.75,verified-v3-muon-1e-4,0.8798327739955403,1563,TRECCOVID
16,0.0001,0.2694223901777205,muon,0.9097040223683094,1.0,0.75,verified-v3-muon-1e-4,1.0,1563,Touche2020
17,0.0001,0.23999189812202593,muon,1.0135438954470732,1.0,0.75,verified-v3-muon-1e-4,1.0,1563,ArguAna
17,0.0001,-0.015167187315096052,muon,-1.6454190446259196,0.9508778857394875,0.75,verified-v3-muon-1e-4,0.7286789775402065,1563,ClimateFEVER
17,0.0001,0.24519099798322327,muon,0.8384853019849683,0.9769331095982161,0.75,verified-v3-muon-1e-4,0.9769331095982161,1563,DBPedia
17,0.0001,0.35630938262995315,muon,0.8982625284192891,1.0,0.75,verified-v3-muon-1e-4,1.0,1563,FEVER
17,0.0001,0.2019459173344707,muon,0.9297785085807493,0.9769331095982161,0.75,verified-v3-muon-1e-4,0.9769331095982161,1563,FiQA2018
17,0.0001,0.27603524360948606,muon,0.9255880047948507,1.0,0.75,verified-v3-muon-1e-4,1.0,1563,HotpotQA
17,0.0001,0.38454815633999406,muon,0.918266030433915,1.0,0.75,verified-v3-muon-1e-4,1.0,1563,MSMARCO
17,0.0001,-0.023784982006175105,muon,-6.988238638760461,0.9378342453486983,0.75,verified-v3-muon-1e-4,0.6743567186545723,1563,NFCorpus
17,0.0001,0.3904182210422238,muon,0.9477970206425625,1.0,0.75,verified-v3-muon-1e-4,1.0,1563,NQ
17,0.0001,0.4814312139221478,muon,0.9936540023884723,1.0,0.75,verified-v3-muon-1e-4,1.0,1563,QuoraRetrieval
17,0.0001,0.08057067813332389,muon,0.8344418867576926,0.9824517133323669,0.75,verified-v3-muon-1e-4,0.8432676793573902,1563,SCIDOCS
17,0.0001,0.2532591160812735,muon,0.953320476000618,0.9769331095982161,0.75,verified-v3-muon-1e-4,0.9769331095982161,1563,SciFact
17,0.0001,0.038902725173974785,muon,0.5042880966795507,0.8223660179137916,0.75,verified-v3-muon-1e-4,0.7492435128405635,1563,TRECCOVID
17,0.0001,0.2951328925584004,muon,0.9965154689499626,0.9769331095982161,0.75,verified-v3-muon-1e-4,0.9769331095982161,1563,Touche2020
18,0.0001,0.21318309643450084,muon,0.9003238346564109,1.0,0.75,verified-v3-muon-1e-4,1.0,1563,ArguAna
18,0.0001,-0.019525004135681038,muon,-2.118178735702254,0.9389749968279315,0.75,verified-v3-muon-1e-4,0.7195575277179698,1563,ClimateFEVER
18,0.0001,0.24942038510135617,muon,0.8529486345058533,0.9769331095982161,0.75,verified-v3-muon-1e-4,0.9769331095982161,1563,DBPedia
18,0.0001,0.37732899550322707,muon,0.9512533603378265,1.0,0.75,verified-v3-muon-1e-4,1.0,1563,FEVER
18,0.0001,0.1809427297475915,muon,0.8330778043143358,0.9769331095982161,0.75,verified-v3-muon-1e-4,0.9769331095982161,1563,FiQA2018
18,0.0001,0.2916651606384242,muon,0.977997485297241,0.96875,0.75,verified-v3-muon-1e-4,0.96875,1563,HotpotQA
18,0.0001,0.38540686425522075,muon,0.9203165468532948,1.0,0.75,verified-v3-muon-1e-4,1.0,1563,MSMARCO
18,0.0001,-0.0343635868904421,muon,-10.096326564882162,0.927599352106384,0.75,verified-v3-muon-1e-4,0.666997242225877,1563,NFCorpus
18,0.0001,0.3691362849493417,muon,0.8961320251705465,1.0,0.75,verified-v3-muon-1e-4,1.0,1563,NQ
18,0.0001,0.46310088241692965,muon,0.9558209605362817,1.0,0.75,verified-v3-muon-1e-4,1.0,1563,QuoraRetrieval
18,0.0001,0.0795332469916947,muon,0.8236975810219289,1.0156685634308604,0.75,verified-v3-muon-1e-4,0.871778694929962,1563,SCIDOCS
18,0.0001,0.25889831543524716,muon,0.9745476061255899,0.9769331095982161,0.75,verified-v3-muon-1e-4,0.9769331095982161,1563,SciFact
18,0.0001,0.026021535892110148,muon,0.33731186566049237,0.9266447385155588,0.75,verified-v3-muon-1e-4,0.8442500588751274,1563,TRECCOVID
18,0.0001,0.26824692151700247,muon,0.9057350553937468,1.0,0.75,verified-v3-muon-1e-4,1.0,1563,Touche2020
19,0.0001,0.21993483414569426,muon,0.9288380578213962,1.0,0.75,verified-v3-muon-1e-4,1.0,1563,ArguAna
19,0.0001,-0.04646918075340671,muon,-5.041229689549425,0.9761869925301263,0.75,verified-v3-muon-1e-4,0.7480739117743919,1563,ClimateFEVER
19,0.0001,0.2691313868837118,muon,0.9203548011997691,1.0,0.75,verified-v3-muon-1e-4,1.0,1563,DBPedia
19,0.0001,0.36752689132458827,muon,0.9265420748298675,1.0,0.75,verified-v3-muon-1e-4,1.0,1563,FEVER
19,0.0001,0.1791517390819925,muon,0.8248319103050764,0.9769331095982161,0.75,verified-v3-muon-1e-4,0.9769331095982161,1563,FiQA2018
19,0.0001,0.24474523394292147,muon,0.8206678604010432,0.9769331095982161,0.75,verified-v3-muon-1e-4,0.9769331095982161,1563,HotpotQA
19,0.0001,0.4023779670283377,muon,0.9608419970956766,1.0,0.75,verified-v3-muon-1e-4,1.0,1563,MSMARCO
19,0.0001,-0.022848033110336733,muon,-6.712954744295384,0.8999189827200912,0.75,verified-v3-muon-1e-4,0.6470934658783344,1563,NFCorpus
19,0.0001,0.3613245965503853,muon,0.8771680153173326,1.0,0.75,verified-v3-muon-1e-4,1.0,1563,NQ
19,0.0001,0.45772040570587336,muon,0.9447158803834116,1.0,0.75,verified-v3-muon-1e-4,1.0,1563,QuoraRetrieval
19,0.0001,0.04613421502468644,muon,0.47779567357721464,0.9835962377389931,0.75,verified-v3-muon-1e-4,0.8442500588751274,1563,SCIDOCS
19,0.0001,0.26663109305162586,muon,1.0036554043052508,1.0,0.75,verified-v3-muon-1e-4,1.0,1563,SciFact
19,0.0001,0.05222689058777193,muon,0.6770065370026541,0.9255664835580768,0.75,verified-v3-muon-1e-4,0.8432676793573902,1563,TRECCOVID
19,0.0001,0.2561366670205237,muon,0.8648448115647775,1.0,0.75,verified-v3-muon-1e-4,1.0,1563,Touche2020
