draw,learning_rate,margin,optimizer,relative_margin,relative_shortlist_ndcg,removed_fraction,run_id,shortlist_ndcg,step,task
0,3e-05,0.24988037070655456,adamw,0.9912614009035615,1.0,0.1,verified-v3-adamw-3e-5,1.0,2345,ArguAna
0,3e-05,0.011308139997260703,adamw,1.1874454761327282,1.0836907314439392,0.1,verified-v3-adamw-3e-5,0.812777753027264,2345,ClimateFEVER
0,3e-05,0.3034693736628392,adamw,1.0030125818547146,1.0,0.1,verified-v3-adamw-3e-5,1.0,2345,DBPedia
0,3e-05,0.417947593084007,adamw,0.9960444300347968,1.0,0.1,verified-v3-adamw-3e-5,1.0,2345,FEVER
0,3e-05,0.2326734869355488,adamw,1.0163882375463464,1.0236115350940154,0.1,verified-v3-adamw-3e-5,1.0,2345,FiQA2018
0,3e-05,0.29240592466684695,adamw,0.9742779233645585,0.9769331095982161,0.1,verified-v3-adamw-3e-5,0.9769331095982161,2345,HotpotQA
0,3e-05,0.44733898611508477,adamw,0.9976653201903007,1.0,0.1,verified-v3-adamw-3e-5,1.0,2345,MSMARCO
0,3e-05,0.005470905176819731,adamw,3.0729731760399983,0.9379289190834661,0.1,verified-v3-adamw-3e-5,0.6971073569752838,2345,NFCorpus
0,3e-05,0.4344658659846613,adamw,1.0085656390738813,1.0,0.1,verified-v3-adamw-3e-5,1.0,2345,NQ
0,3e-05,0.47971325751789357,adamw,0.9834418479431352,1.0,0.1,verified-v3-adamw-3e-5,1.0,2345,QuoraRetrieval
0,3e-05,0.10772879851457932,adamw,1.0102750946326136,1.0,0.1,verified-v3-adamw-3e-5,0.86024524972907,2345,SCIDOCS
0,3e-05,0.2726645850897328,adamw,0.999867494512036,1.0,0.1,verified-v3-adamw-3e-5,1.0,2345,SciFact
0,3e-05,0.08178206689682417,adamw,0.9873073653935364,0.9746818938298829,0.1,verified-v3-adamw-3e-5,0.8880158835937564,2345,TRECCOVID
0,3e-05,0.3169958800611334,adamw,0.9951487043951484,1.0,0.1,verified-v3-adamw-3e-5,1.0,2345,Touche2020
1,3e-05,0.2543179165002337,adamw,1.008864895918309,1.0,0.1,verified-v3-adamw-3e-5,1.0,2345,ArguAna
1,3e-05,0.010461038023250798,adamw,1.0984929687261313,1.0211474699493093,0.1,verified-v3-adamw-3e-5,0.7658697468317421,2345,ClimateFEVER
1,3e-05,0.3014303819469226,adamw,0.9962734031340506,1.0,0.1,verified-v3-adamw-3e-5,1.0,2345,DBPedia
1,3e-05,0.4200537455440758,adamw,1.001063770883672,1.0,0.1,verified-v3-adamw-3e-5,1.0,2345,FEVER
1,3e-05,0.2288929424009008,adamw,0.9998736743825566,1.0236115350940154,0.1,verified-v3-adamw-3e-5,1.0,2345,FiQA2018
1,3e-05,0.2958147425135683,adamw,0.985635887388768,0.9769331095982161,0.1,verified-v3-adamw-3e-5,0.9769331095982161,2345,HotpotQA
1,3e-05,0.44382229358979525,adamw,0.9898223145879427,1.0,0.1,verified-v3-adamw-3e-5,1.0,2345,MSMARCO
1,3e-05,0.0048501195170124935,adamw,2.724281758623244,0.9653175822505886,0.1,verified-v3-adamw-3e-5,0.7174637381498576,2345,NFCorpus
1,3e-05,0.4314825415712834,adamw,1.0016401732798679,1.0,0.1,verified-v3-adamw-3e-5,1.0,2345,NQ
1,3e-05,0.4849583212347359,adamw,0.9941945529672995,1.0,0.1,verified-v3-adamw-3e-5,1.0,2345,QuoraRetrieval
1,3e-05,0.10982186202719768,adamw,1.0299037358821157,1.0245878011538432,0.1,verified-v3-adamw-3e-5,0.8813967888729465,2345,SCIDOCS
1,3e-05,0.2769875616937,adamw,1.0157199521548954,1.0,0.1,verified-v3-adamw-3e-5,1.0,2345,SciFact
1,3e-05,0.07916816202280794,adamw,0.9557512109396494,0.9746818938298829,0.1,verified-v3-adamw-3e-5,0.8880158835937564,2345,TRECCOVID
1,3e-05,0.3185222912207971,adamw,0.9999405839855731,1.0,0.1,verified-v3-adamw-3e-5,1.0,2345,Touche2020
2,3e-05,0.25106279704009593,adamw,0.9959520197806558,1.0,0.1,verified-v3-adamw-3e-5,1.0,2345,ArguAna
2,3e-05,0.010203794946164173,adamw,1.0714803806058066,0.9959309529122299,0.1,verified-v3-adamw-3e-5,0.7469571332401665,2345,ClimateFEVER
2,3e-05,0.3019579465838165,adamw,0.9980170847522626,1.0,0.1,verified-v3-adamw-3e-5,1.0,2345,DBPedia
2,3e-05,0.4154673880306301,adamw,0.9901336544503956,1.0,0.1,verified-v3-adamw-3e-5,1.0,2345,FEVER
2,3e-05,0.22691677108479952,adamw,0.9912411597479253,0.9763884649059846,0.1,verified-v3-adamw-3e-5,0.9538662191964322,2345,FiQA2018
2,3e-05,0.30063974632795165,adamw,1.0017124928879877,1.0,0.1,verified-v3-adamw-3e-5,1.0,2345,HotpotQA
2,3e-05,0.4500036572718926,adamw,1.0036081288552594,1.0,0.1,verified-v3-adamw-3e-5,1.0,2345,MSMARCO
2,3e-05,-0.0017484029434172467,adamw,-0.9820669838686211,0.9594570053592207,0.1,verified-v3-adamw-3e-5,0.7131079163130769,2345,NFCorpus
2,3e-05,0.4313113036879661,adamw,1.0012426630063502,1.0,0.1,verified-v3-adamw-3e-5,1.0,2345,NQ
2,3e-05,0.48195799547022744,adamw,0.9880436995813692,1.0,0.1,verified-v3-adamw-3e-5,1.0,2345,QuoraRetrieval
2,3e-05,0.10737703599692743,adamw,1.0069762839551615,1.0,0.1,verified-v3-adamw-3e-5,0.86024524972907,2345,SCIDOCS
2,3e-05,0.2719444687535143,adamw,0.9972268108434363,1.0,0.1,verified-v3-adamw-3e-5,1.0,2345,SciFact
2,3e-05,0.08175232345916698,adamw,0.9869482901563195,1.0,0.1,verified-v3-adamw-3e-5,0.9110827739955403,2345,TRECCOVID
2,3e-05,0.3176884103509696,adamw,0.997322772463642,1.0,0.1,verified-v3-adamw-3e-5,1.0,2345,Touche2020
3,3e-05,0.24858481128489734,adamw,0.9861219894178396,1.0,0.1,verified-v3-adamw-3e-5,1.0,2345,ArguAna
3,3e-05,0.003807642144250711,adamw,0.3998329911035846,0.9622045836229768,0.1,verified-v3-adamw-3e-5,0.7216620542537824,2345,ClimateFEVER
3,3e-05,0.3023069689074944,adamw,0.9991706567841673,1.0,0.1,verified-v3-adamw-3e-5,1.0,2345,DBPedia
3,3e-05,0.41608620444712785,adamw,0.9916084054839367,1.0,0.1,verified-v3-adamw-3e-5,1.0,2345,FEVER
3,3e-05,0.22617287391596075,adamw,0.9879915916844991,1.0236115350940154,0.1,verified-v3-adamw-3e-5,1.0,2345,FiQA2018
3,3e-05,0.2986237234061007,adamw,0.9949952328735262,1.0,0.1,verified-v3-adamw-3e-5,1.0,2345,HotpotQA
3,3e-05,0.44684462267604963,adamw,0.9965627798931121,1.0,0.1,verified-v3-adamw-3e-5,1.0,2345,MSMARCO
3,3e-05,0.003323396687381382,adamw,1.8667311063870209,0.9355254989355879,0.1,verified-v3-adamw-3e-5,0.6953210362500142,2345,NFCorpus
3,3e-05,0.4281738157150381,adamw,0.9939593231395206,1.0,0.1,verified-v3-adamw-3e-5,1.0,2345,NQ
3,3e-05,0.4842804230104114,adamw,0.9928048196797591,1.0,0.1,verified-v3-adamw-3e-5,1.0,2345,QuoraRetrieval
3,3e-05,0.1010429191632693,adamw,0.9475752642485138,1.0,0.1,verified-v3-adamw-3e-5,0.86024524972907,2345,SCIDOCS
3,3e-05,0.26957654593588376,adamw,0.9885435817615115,1.0,0.1,verified-v3-adamw-3e-5,1.0,2345,SciFact
3,3e-05,0.0795583674942065,adamw,0.9604619348250545,1.0,0.1,verified-v3-adamw-3e-5,0.9110827739955403,2345,TRECCOVID
3,3e-05,0.31939338454580735,adamw,1.0026752169834026,1.0,0.1,verified-v3-adamw-3e-5,1.0,2345,Touche2020
4,3e-05,0.2538898393831375,adamw,1.0071667380294453,1.0,0.1,verified-v3-adamw-3e-5,1.0,2345,ArguAna
4,3e-05,0.008202315607447715,adamw,0.8613089831073936,1.0563771752913094,0.1,verified-v3-adamw-3e-5,0.7922923413200522,2345,ClimateFEVER
4,3e-05,0.3067517250842029,adamw,1.0138612541077316,1.0,0.1,verified-v3-adamw-3e-5,1.0,2345,DBPedia
4,3e-05,0.41425005438837514,adamw,0.9872325290128379,1.0,0.1,verified-v3-adamw-3e-5,1.0,2345,FEVER
4,3e-05,0.22900066270044192,adamw,1.0003442292654552,1.0,0.1,verified-v3-adamw-3e-5,0.9769331095982161,2345,FiQA2018
4,3e-05,0.2979497993726271,adamw,0.9927497609030583,1.0,0.1,verified-v3-adamw-3e-5,1.0,2345,HotpotQA
4,3e-05,0.447069909409487,adamw,0.9970652193585415,1.0,0.1,verified-v3-adamw-3e-5,1.0,2345,MSMARCO
4,3e-05,0.0006980272104166688,adamw,0.3920775126655299,0.9219830161873304,0.1,verified-v3-adamw-3e-5,0.6852557059638488,2345,NFCorpus
4,3e-05,0.4289590416064188,adamw,0.9957821403386644,1.0,0.1,verified-v3-adamw-3e-5,1.0,2345,NQ
4,3e-05,0.4877397382183798,adamw,0.9998966298130559,1.0,0.1,verified-v3-adamw-3e-5,1.0,2345,QuoraRetrieval
4,3e-05,0.1060906488098498,adamw,0.9949126115195762,0.9945895246886843,0.1,verified-v3-adamw-3e-5,0.8555909140437343,2345,SCIDOCS
4,3e-05,0.26834177329542797,adamw,0.9840156412301138,1.0,0.1,verified-v3-adamw-3e-5,1.0,2345,SciFact
4,3e-05,0.07799713815787279,adamw,0.9416141203674501,1.0,0.1,verified-v3-adamw-3e-5,0.9110827739955403,2345,TRECCOVID
4,3e-05,0.31885697606421903,adamw,1.0009912638500804,1.0,0.1,verified-v3-adamw-3e-5,1.0,2345,Touche2020
5,3e-05,0.25912361943695666,adamw,1.0279288496490988,1.0,0.1,verified-v3-adamw-3e-5,1.0,2345,ArguAna
5,3e-05,0.003981396120451423,adamw,0.4180785534197205,0.9717278553347617,0.1,verified-v3-adamw-3e-5,0.7288045933184648,2345,ClimateFEVER
5,3e-05,0.30530745475270604,adamw,1.0090877203023063,1.0,0.1,verified-v3-adamw-3e-5,1.0,2345,DBPedia
5,3e-05,0.4206781619615303,adamw,1.002551867728634,1.0,0.1,verified-v3-adamw-3e-5,1.0,2345,FEVER
5,3e-05,0.222883674794783,adamw,0.9736233740515253,1.0,0.1,verified-v3-adamw-3e-5,0.9769331095982161,2345,FiQA2018
5,3e-05,0.29737786757696955,adamw,0.9908441205750989,1.0,0.1,verified-v3-adamw-3e-5,1.0,2345,HotpotQA
5,3e-05,0.44655164498101124,adamw,0.9959093745450392,1.0,0.1,verified-v3-adamw-3e-5,1.0,2345,MSMARCO
5,3e-05,0.0002741800106166453,adamw,0.1540051948992271,0.992667933221614,0.1,verified-v3-adamw-3e-5,0.7377916441242134,2345,NFCorpus
5,3e-05,0.42921901626799763,adamw,0.9963856434702718,1.0,0.1,verified-v3-adamw-3e-5,1.0,2345,NQ
5,3e-05,0.488489644766267,adamw,1.0014339846175797,1.0,0.1,verified-v3-adamw-3e-5,1.0,2345,QuoraRetrieval
5,3e-05,0.09969634596338751,adamw,0.9349471705010819,0.9977734823197099,0.1,verified-v3-adamw-3e-5,0.8583298984711626,2345,SCIDOCS
5,3e-05,0.2726640145956544,adamw,0.9998654024967324,1.0,0.1,verified-v3-adamw-3e-5,1.0,2345,SciFact
5,3e-05,0.08177621277380498,adamw,0.9872366919684925,1.0,0.1,verified-v3-adamw-3e-5,0.9110827739955403,2345,TRECCOVID
5,3e-05,0.3227538183846285,adamw,1.0132246644407752,1.0,0.1,verified-v3-adamw-3e-5,1.0,2345,Touche2020
6,3e-05,0.2543246388259357,adamw,1.0088915630069397,1.0,0.1,verified-v3-adamw-3e-5,1.0,2345,ArguAna
6,3e-05,0.013801544640271753,adamw,1.4492729795266581,1.059604841575512,0.1,verified-v3-adamw-3e-5,0.7947131199369373,2345,ClimateFEVER
6,3e-05,0.3040645968538803,adamw,1.0049798853174003,1.0,0.1,verified-v3-adamw-3e-5,1.0,2345,DBPedia
6,3e-05,0.4238621942354634,adamw,1.010139990411912,1.0,0.1,verified-v3-adamw-3e-5,1.0,2345,FEVER
6,3e-05,0.22635802033261873,adamw,0.9888003672892897,1.0,0.1,verified-v3-adamw-3e-5,0.9769331095982161,2345,FiQA2018
6,3e-05,0.30108482012977184,adamw,1.0031954504575904,0.9769331095982161,0.1,verified-v3-adamw-3e-5,0.9769331095982161,2345,HotpotQA
6,3e-05,0.4439007164805013,adamw,0.9899972150567034,1.0,0.1,verified-v3-adamw-3e-5,1.0,2345,MSMARCO
6,3e-05,-0.0047983153021647715,adamw,-2.6951836555694086,0.9195868191109123,0.1,verified-v3-adamw-3e-5,0.6834747537224295,2345,NFCorpus
6,3e-05,0.429296330897363,adamw,0.9965651210418849,1.0,0.1,verified-v3-adamw-3e-5,1.0,2345,NQ
6,3e-05,0.4915442523533498,adamw,1.0076961190970917,1.0,0.1,verified-v3-adamw-3e-5,1.0,2345,QuoraRetrieval
6,3e-05,0.10591189999101475,adamw,0.9932363143515576,0.9907011369063874,0.1,verified-v3-adamw-3e-5,0.8522459469249088,2345,SCIDOCS
6,3e-05,0.27552092391781724,adamw,1.010341756677672,1.0,0.1,verified-v3-adamw-3e-5,1.0,2345,SciFact
6,3e-05,0.08883715418478443,adamw,1.0724793341050285,1.025318106170117,0.1,verified-v3-adamw-3e-5,0.9341496643973242,2345,TRECCOVID
6,3e-05,0.3108153348283732,adamw,0.9757460497623791,1.0,0.1,verified-v3-adamw-3e-5,1.0,2345,Touche2020
7,3e-05,0.24918178533042223,adamw,0.9884901519389565,1.0,0.1,verified-v3-adamw-3e-5,1.0,2345,ArguAna
7,3e-05,0.006430053085386597,adamw,0.6752071914024056,1.0042878642511837,0.1,verified-v3-adamw-3e-5,0.7532248915804752,2345,ClimateFEVER
7,3e-05,0.30349934572525916,adamw,1.003111644094006,1.0,0.1,verified-v3-adamw-3e-5,1.0,2345,DBPedia
7,3e-05,0.4196061172133545,adamw,0.9999969919072679,1.0,0.1,verified-v3-adamw-3e-5,1.0,2345,FEVER
7,3e-05,0.23297049934059993,adamw,1.0176856776581324,1.0,0.1,verified-v3-adamw-3e-5,0.9769331095982161,2345,FiQA2018
7,3e-05,0.29902896590011174,adamw,0.9963454750615871,1.0,0.1,verified-v3-adamw-3e-5,1.0,2345,HotpotQA
7,3e-05,0.449466125828182,adamw,1.0024093143174093,1.0,0.1,verified-v3-adamw-3e-5,1.0,2345,MSMARCO
7,3e-05,0.0002526996149319165,adamw,0.1419397911650194,0.9663874341854249,0.1,verified-v3-adamw-3e-5,0.7182588961191603,2345,NFCorpus
7,3e-05,0.4284993622011185,adamw,0.9947150441880265,1.0,0.1,verified-v3-adamw-3e-5,1.0,2345,NQ
7,3e-05,0.4922343493707183,adamw,1.0091108606648618,1.0,0.1,verified-v3-adamw-3e-5,1.0,2345,QuoraRetrieval
7,3e-05,0.10456248125771679,adamw,0.980581535339081,1.0,0.1,verified-v3-adamw-3e-5,0.86024524972907,2345,SCIDOCS
7,3e-05,0.27605066631839126,adamw,1.0122843346132129,1.0,0.1,verified-v3-adamw-3e-5,1.0,2345,SciFact
7,3e-05,0.0853809407058823,adamw,1.0307544773782171,1.0,0.1,verified-v3-adamw-3e-5,0.9110827739955403,2345,TRECCOVID
7,3e-05,0.31467429195403535,adamw,0.9878605169383516,1.0,0.1,verified-v3-adamw-3e-5,1.0,2345,Touche2020
8,3e-05,0.2547691632223847,adamw,1.0106549663295532,1.0,0.1,verified-v3-adamw-3e-5,1.0,2345,ArguAna
8,3e-05,0.013082970030469421,adamw,1.373816877118984,1.0,0.1,verified-v3-adamw-3e-5,0.7500089549942875,2345,ClimateFEVER
8,3e-05,0.3037843950661102,adamw,1.0040537756569776,1.0,0.1,verified-v3-adamw-3e-5,1.0,2345,DBPedia
8,3e-05,0.41879270284391146,adamw,0.9980584788845809,1.0,0.1,verified-v3-adamw-3e-5,1.0,2345,FEVER
8,3e-05,0.22865987767825663,adamw,0.9988555771089804,0.9763884649059846,0.1,verified-v3-adamw-3e-5,0.9538662191964322,2345,FiQA2018
8,3e-05,0.2979236171906608,adamw,0.9926625235397787,1.0,0.1,verified-v3-adamw-3e-5,1.0,2345,HotpotQA
8,3e-05,0.44746791753264203,adamw,0.9979528658949507,1.0,0.1,verified-v3-adamw-3e-5,1.0,2345,MSMARCO
8,3e-05,0.00207185283298123,adamw,1.1637467612178258,0.9784719137242455,0.1,verified-v3-adamw-3e-5,0.7272405784410585,2345,NFCorpus
8,3e-05,0.43269801361413074,adamw,1.0044617605060413,1.0,0.1,verified-v3-adamw-3e-5,1.0,2345,NQ
8,3e-05,0.484566424016204,adamw,0.9933911394306568,1.0,0.1,verified-v3-adamw-3e-5,1.0,2345,QuoraRetrieval
8,3e-05,0.1026672099695837,adamw,0.9628077793297813,0.9977734823197099,0.1,verified-v3-adamw-3e-5,0.8583298984711626,2345,SCIDOCS
8,3e-05,0.26965103677328933,adamw,0.988816741427393,1.0,0.1,verified-v3-adamw-3e-5,1.0,2345,SciFact
8,3e-05,0.07810646601630344,adamw,0.9429339720655915,0.9746818938298829,0.1,verified-v3-adamw-3e-5,0.8880158835937564,2345,TRECCOVID
8,3e-05,0.31661942640341856,adamw,0.9939668992257327,1.0,0.1,verified-v3-adamw-3e-5,1.0,2345,Touche2020
9,3e-05,0.24930528441760097,adamw,0.9889800658838612,1.0,0.1,verified-v3-adamw-3e-5,1.0,2345,ArguAna
9,3e-05,0.010595038097013058,adamw,1.1125640521606301,1.0198448041246135,0.1,verified-v3-adamw-3e-5,0.7648927357978553,2345,ClimateFEVER
9,3e-05,0.3010609402981913,adamw,0.9950523421173618,1.0,0.1,verified-v3-adamw-3e-5,1.0,2345,DBPedia
9,3e-05,0.42576843360126687,adamw,1.0146829023320674,1.0,0.1,verified-v3-adamw-3e-5,1.0,2345,FEVER
9,3e-05,0.22371551726387326,adamw,0.9772571138136713,1.0,0.1,verified-v3-adamw-3e-5,0.9769331095982161,2345,FiQA2018
9,3e-05,0.2984325092285487,adamw,0.9943581194086212,1.0,0.1,verified-v3-adamw-3e-5,1.0,2345,HotpotQA
9,3e-05,0.44894534317840346,adamw,1.001247853310952,1.0,0.1,verified-v3-adamw-3e-5,1.0,2345,MSMARCO
9,3e-05,-0.0017029504569984356,adamw,-0.9565366068953316,0.9657192202027707,0.1,verified-v3-adamw-3e-5,0.7177622519984126,2345,NFCorpus
9,3e-05,0.4282285722461993,adamw,0.9940864345196493,1.0,0.1,verified-v3-adamw-3e-5,1.0,2345,NQ
9,3e-05,0.4831714313689576,adamw,0.9905313182241857,1.0,0.1,verified-v3-adamw-3e-5,1.0,2345,QuoraRetrieval
9,3e-05,0.10822861414105404,adamw,1.014962339698911,0.9968160423689747,0.1,verified-v3-adamw-3e-5,0.8575062653016419,2345,SCIDOCS
9,3e-05,0.27063996154194436,adamw,0.992443151987351,1.0,0.1,verified-v3-adamw-3e-5,1.0,2345,SciFact
9,3e-05,0.08203782717088184,adamw,0.9903950105452636,0.9746818938298829,0.1,verified-v3-adamw-3e-5,0.8880158835937564,2345,TRECCOVID
9,3e-05,0.3115247973896031,adamw,0.9779732734994467,1.0,0.1,verified-v3-adamw-3e-5,1.0,2345,Touche2020
10,3e-05,0.2556009084549813,adamw,1.0139544529684088,1.0,0.1,verified-v3-adamw-3e-5,1.0,2345,ArguAna
10,3e-05,0.002254715779907053,adamw,0.23676325668626946,0.9696496849566922,0.1,verified-v3-adamw-3e-5,0.7272459469249088,2345,ClimateFEVER
10,3e-05,0.29807916000553636,adamw,0.9851971033044259,1.0,0.1,verified-v3-adamw-3e-5,1.0,2345,DBPedia
10,3e-05,0.41866637069731644,adamw,0.9977574066137208,1.0,0.1,verified-v3-adamw-3e-5,1.0,2345,FEVER
10,3e-05,0.23074468513790108,adamw,1.0079626473104015,1.0,0.1,verified-v3-adamw-3e-5,0.9769331095982161,2345,FiQA2018
10,3e-05,0.293474477567205,adamw,0.9778382735932764,0.9769331095982161,0.1,verified-v3-adamw-3e-5,0.9769331095982161,2345,HotpotQA
10,3e-05,0.4488265395580113,adamw,1.0009828948439787,1.0,0.1,verified-v3-adamw-3e-5,1.0,2345,MSMARCO
10,3e-05,-0.003412637536393672,adamw,-1.916857132402558,0.968964459541733,0.1,verified-v3-adamw-3e-5,0.7201742473770677,2345,NFCorpus
10,3e-05,0.424679503745122,adamw,0.9858476548567323,1.0,0.1,verified-v3-adamw-3e-5,1.0,2345,NQ
10,3e-05,0.4891632580523738,adamw,1.0028149335167524,1.0,0.1,verified-v3-adamw-3e-5,1.0,2345,QuoraRetrieval
10,3e-05,0.11246361365143116,adamw,1.054677945833108,1.0268143188341332,0.1,verified-v3-adamw-3e-5,0.8833121401308539,2345,SCIDOCS
10,3e-05,0.2675443499537128,adamw,0.9810914709405113,1.0,0.1,verified-v3-adamw-3e-5,1.0,2345,SciFact
10,3e-05,0.08557185699288397,adamw,1.033059298758779,0.9910182588983335,0.1,verified-v3-adamw-3e-5,0.9028996643973242,2345,TRECCOVID
10,3e-05,0.3209150911205706,adamw,1.0074523274179394,1.0,0.1,verified-v3-adamw-3e-5,1.0,2345,Touche2020
11,3e-05,0.2531522617150181,adamw,1.004240808831774,1.0,0.1,verified-v3-adamw-3e-5,1.0,2345,ArguAna
11,3e-05,0.00892640561668436,adamw,0.9373442467306987,1.0384385028887213,0.1,verified-v3-adamw-3e-5,0.7788381763774024,2345,ClimateFEVER
11,3e-05,0.3005154537699404,adamw,0.9932494259137787,1.0,0.1,verified-v3-adamw-3e-5,1.0,2345,DBPedia
11,3e-05,0.42062540876695453,adamw,1.0024261473596376,1.0,0.1,verified-v3-adamw-3e-5,1.0,2345,FEVER
11,3e-05,0.22687438634901647,adamw,0.9910560103891874,1.0,0.1,verified-v3-adamw-3e-5,0.9769331095982161,2345,FiQA2018
11,3e-05,0.30799063055542397,adamw,1.0262051710996034,1.0,0.1,verified-v3-adamw-3e-5,1.0,2345,HotpotQA
11,3e-05,0.45078129773253306,adamw,1.0053424398436566,1.0,0.1,verified-v3-adamw-3e-5,1.0,2345,MSMARCO
11,3e-05,-1.8371828454783606e-05,adamw,-0.010319340988683829,0.9799744927359006,0.1,verified-v3-adamw-3e-5,0.7283573569752837,2345,NFCorpus
11,3e-05,0.43482251390814164,adamw,1.0093935587541858,1.0,0.1,verified-v3-adamw-3e-5,1.0,2345,NQ
11,3e-05,0.49140079524481517,adamw,1.0074020231518432,1.0,0.1,verified-v3-adamw-3e-5,1.0,2345,QuoraRetrieval
11,3e-05,0.11504385960437943,adamw,1.0788753587833457,1.0,0.1,verified-v3-adamw-3e-5,0.86024524972907,2345,SCIDOCS
11,3e-05,0.27130456575718115,adamw,0.9948802713929102,1.0,0.1,verified-v3-adamw-3e-5,1.0,2345,SciFact
11,3e-05,0.08357576358067001,adamw,1.0089616230375398,0.9746818938298829,0.1,verified-v3-adamw-3e-5,0.8880158835937564,2345,TRECCOVID
11,3e-05,0.3162835301604238,adamw,0.9929124164010255,1.0,0.1,verified-v3-adamw-3e-5,1.0,2345,Touche2020
12,3e-05,0.25350744564963623,adamw,1.0056498035583805,1.0,0.1,verified-v3-adamw-3e-5,1.0,2345,ArguAna
12,3e-05,0.007155802701852494,adamw,0.7514167271073272,0.9929600702717456,0.1,verified-v3-adamw-3e-5,0.7447289446555663,2345,ClimateFEVER
12,3e-05,0.30500981852688197,adamw,1.0081039871640525,1.0,0.1,verified-v3-adamw-3e-5,1.0,2345,DBPedia
12,3e-05,0.42178334326511285,adamw,1.0051857139328657,1.0,0.1,verified-v3-adamw-3e-5,1.0,2345,FEVER
12,3e-05,0.2288606638319673,adamw,0.9997326718204643,1.0,0.1,verified-v3-adamw-3e-5,0.9769331095982161,2345,FiQA2018
12,3e-05,0.30062607772278904,adamw,1.0016669499658726,1.0,0.1,verified-v3-adamw-3e-5,1.0,2345,HotpotQA
12,3e-05,0.45160075059528815,adamw,1.0071700017778427,1.0,0.1,verified-v3-adamw-3e-5,1.0,2345,MSMARCO
12,3e-05,0.006452556387865625,adamw,3.624360513651427,0.9642166411911154,0.1,verified-v3-adamw-3e-5,0.7166454734641873,2345,NFCorpus
12,3e-05,0.43151902890341676,adamw,1.001724874685277,1.0,0.1,verified-v3-adamw-3e-5,1.0,2345,NQ
12,3e-05,0.48833288553377197,adamw,1.0011126184954826,1.0,0.1,verified-v3-adamw-3e-5,1.0,2345,QuoraRetrieval
12,3e-05,0.10356672890585149,adamw,0.9712434213400167,0.9961116122177031,0.1,verified-v3-adamw-3e-5,0.8569002826102445,2345,SCIDOCS
12,3e-05,0.27037224335646387,adamw,0.9914614230574147,1.0,0.1,verified-v3-adamw-3e-5,1.0,2345,SciFact
12,3e-05,0.07673204304724139,adamw,0.9263413623161586,0.9910182588983335,0.1,verified-v3-adamw-3e-5,0.9028996643973242,2345,TRECCOVID
12,3e-05,0.31907552750284807,adamw,1.0016773648207096,1.0,0.1,verified-v3-adamw-3e-5,1.0,2345,Touche2020
13,3e-05,0.25133617541068,adamw,0.9970364964277636,1.0,0.1,verified-v3-adamw-3e-5,1.0,2345,ArguAna
13,3e-05,0.013718769946212126,adamw,1.4405809721741507,1.030755486648769,0.1,verified-v3-adamw-3e-5,0.7730758453960714,2345,ClimateFEVER
13,3e-05,0.30464871656376813,adamw,1.0069104900807586,1.0,0.1,verified-v3-adamw-3e-5,1.0,2345,DBPedia
13,3e-05,0.4164804668760827,adamw,0.9925480038996968,1.0,0.1,verified-v3-adamw-3e-5,1.0,2345,FEVER
13,3e-05,0.22854456091030084,adamw,0.9983518385520619,0.9763884649059846,0.1,verified-v3-adamw-3e-5,0.9538662191964322,2345,FiQA2018
13,3e-05,0.302106396383661,adamw,1.0065992774912993,1.0,0.1,verified-v3-adamw-3e-5,1.0,2345,HotpotQA
13,3e-05,0.44261633236432213,adamw,0.9871327531379169,1.0,0.1,verified-v3-adamw-3e-5,1.0,2345,MSMARCO
13,3e-05,-0.00407564109083041,adamw,-2.2892620768413168,0.9364263400718108,0.1,verified-v3-adamw-3e-5,0.6959905784410585,2345,NFCorpus
13,3e-05,0.4247183176973003,adamw,0.9859377572595872,1.0,0.1,verified-v3-adamw-3e-5,1.0,2345,NQ
13,3e-05,0.48813926700811483,adamw,1.000715688542674,1.0,0.1,verified-v3-adamw-3e-5,1.0,2345,QuoraRetrieval
13,3e-05,0.10946576383184543,adamw,1.0265642654436766,1.0031839576310255,0.1,verified-v3-adamw-3e-5,0.8629842341564983,2345,SCIDOCS
13,3e-05,0.2701717374891607,adamw,0.9907261632908798,1.0,0.1,verified-v3-adamw-3e-5,1.0,2345,SciFact
13,3e-05,0.0812833034840422,adamw,0.9812860845710584,1.0,0.1,verified-v3-adamw-3e-5,0.9110827739955403,2345,TRECCOVID
13,3e-05,0.31665964545171166,adamw,0.9940931593329403,1.0,0.1,verified-v3-adamw-3e-5,1.0,2345,Touche2020
14,3e-05,0.25007598334732406,adamw,0.9920373852667004,1.0,0.1,verified-v3-adamw-3e-5,1.0,2345,ArguAna
14,3e-05,0.00603789030938179,adamw,0.6340269518238926,1.0615109732975376,0.1,verified-v3-adamw-3e-5,0.7961427357978553,2345,ClimateFEVER
14,3e-05,0.3052050166037354,adamw,1.0087491465904377,1.0,0.1,verified-v3-adamw-3e-5,1.0,2345,DBPedia
14,3e-05,0.4166387003834644,adamw,0.9929251028620558,1.0,0.1,verified-v3-adamw-3e-5,1.0,2345,FEVER
14,3e-05,0.22471871482277647,adamw,0.9816393844893451,1.0,0.1,verified-v3-adamw-3e-5,0.9769331095982161,2345,FiQA2018
14,3e-05,0.2989160392320495,adamw,0.9959692105936988,1.0,0.1,verified-v3-adamw-3e-5,1.0,2345,HotpotQA
14,3e-05,0.44741061525084713,adamw,0.9978250690762316,1.0,0.1,verified-v3-adamw-3e-5,1.0,2345,MSMARCO
14,3e-05,0.008882129334963252,adamw,4.9890364227307895,1.0095074541825124,0.1,verified-v3-adamw-3e-5,0.7503074688428424,2345,NFCorpus
14,3e-05,0.4328313181070424,adamw,1.0047712125058668,1.0,0.1,verified-v3-adamw-3e-5,1.0,2345,NQ
14,3e-05,0.49132652951710665,adamw,1.0072497738167419,1.0,0.1,verified-v3-adamw-3e-5,1.0,2345,QuoraRetrieval
14,3e-05,0.10244391529677428,adamw,0.9607137334496264,0.9945895246886843,0.1,verified-v3-adamw-3e-5,0.8555909140437343,2345,SCIDOCS
14,3e-05,0.27372000135025343,adamw,1.00373773094823,1.0,0.1,verified-v3-adamw-3e-5,1.0,2345,SciFact
14,3e-05,0.0806351752231893,adamw,0.9734616087423041,1.0,0.1,verified-v3-adamw-3e-5,0.9110827739955403,2345,TRECCOVID
14,3e-05,0.3178266772333542,adamw,0.9977568352307645,1.0,0.1,verified-v3-adamw-3e-5,1.0,2345,Touche2020
15,3e-05,0.2527371973083842,adamw,1.0025942716347074,1.0,0.1,verified-v3-adamw-3e-5,1.0,2345,ArguAna
15,3e-05,0.009141652957965218,adamw,0.9599469454694363,0.9967723337157973,0.1,verified-v3-adamw-3e-5,0.7475881763774024,2345,ClimateFEVER
15,3e-05,0.303054915963584,adamw,1.0016427359227118,0.9769331095982161,0.1,verified-v3-adamw-3e-5,0.9769331095982161,2345,DBPedia
15,3e-05,0.41919683546179687,adamw,0.9990215997392073,1.0,0.1,verified-v3-adamw-3e-5,1.0,2345,FEVER
15,3e-05,0.23128937463743554,adamw,1.0103420159601488,1.0,0.1,verified-v3-adamw-3e-5,0.9769331095982161,2345,FiQA2018
15,3e-05,0.2960139989149064,adamw,0.9862997970312758,1.0,0.1,verified-v3-adamw-3e-5,1.0,2345,HotpotQA
15,3e-05,0.4455655665374152,adamw,0.9937102005479177,1.0,0.1,verified-v3-adamw-3e-5,1.0,2345,MSMARCO
15,3e-05,-0.0023719405924865454,adamw,-1.3323041764194241,0.9504415312892891,0.1,verified-v3-adamw-3e-5,0.7064072451077252,2345,NFCorpus
15,3e-05,0.42420047131308125,adamw,0.9847356327422601,1.0,0.1,verified-v3-adamw-3e-5,1.0,2345,NQ
15,3e-05,0.4811589127467961,adamw,0.9864055305754575,1.0,0.1,verified-v3-adamw-3e-5,1.0,2345,QuoraRetrieval
15,3e-05,0.1057660619723283,adamw,0.9918686529633212,0.9977734823197099,0.1,verified-v3-adamw-3e-5,0.8583298984711626,2345,SCIDOCS
15,3e-05,0.2688318616522515,adamw,0.9858128068475899,1.0,0.1,verified-v3-adamw-3e-5,1.0,2345,SciFact
15,3e-05,0.08173605359369346,adamw,0.9867518735258101,1.0,0.1,verified-v3-adamw-3e-5,0.9110827739955403,2345,TRECCOVID
15,3e-05,0.3170522728170784,adamw,0.9953257388033089,1.0,0.1,verified-v3-adamw-3e-5,1.0,2345,Touche2020
16,3e-05,0.255012033317881,adamw,1.011618418362294,1.0,0.1,verified-v3-adamw-3e-5,1.0,2345,ArguAna
16,3e-05,0.01124911268211236,adamw,1.1812471341986754,1.0446442097064101,0.1,verified-v3-adamw-3e-5,0.7834925120627381,2345,ClimateFEVER
16,3e-05,0.3096464123697181,adamw,1.0234286372438381,0.9769331095982161,0.1,verified-v3-adamw-3e-5,0.9769331095982161,2345,DBPedia
16,3e-05,0.417783295494059,adamw,0.9956528792709121,1.0,0.1,verified-v3-adamw-3e-5,1.0,2345,FEVER
16,3e-05,0.2258051706894851,adamw,0.9863853526616524,1.0,0.1,verified-v3-adamw-3e-5,0.9769331095982161,2345,FiQA2018
16,3e-05,0.30558029232628237,adamw,1.018174077587494,1.0,0.1,verified-v3-adamw-3e-5,1.0,2345,HotpotQA
16,3e-05,0.4485568352932331,adamw,1.0003813944158284,1.0,0.1,verified-v3-adamw-3e-5,1.0,2345,MSMARCO
16,3e-05,-0.0016591288230332676,adamw,-0.9319222695319697,1.0,0.1,verified-v3-adamw-3e-5,0.7432411377788516,2345,NFCorpus
16,3e-05,0.43089590268711375,adamw,1.0002783543950236,1.0,0.1,verified-v3-adamw-3e-5,1.0,2345,NQ
16,3e-05,0.4869981138326762,adamw,0.9983762539532564,1.0,0.1,verified-v3-adamw-3e-5,1.0,2345,QuoraRetrieval
16,3e-05,0.10442668281780604,adamw,0.9793080246007873,1.0,0.1,verified-v3-adamw-3e-5,0.86024524972907,2345,SCIDOCS
16,3e-05,0.27382301977922885,adamw,1.0041155019683805,1.0,0.1,verified-v3-adamw-3e-5,1.0,2345,SciFact
16,3e-05,0.08116063548034173,adamw,0.9798051850517985,0.9910182588983335,0.1,verified-v3-adamw-3e-5,0.9028996643973242,2345,TRECCOVID
16,3e-05,0.32155841396158025,adamw,1.0094719179931075,1.0,0.1,verified-v3-adamw-3e-5,1.0,2345,Touche2020
17,3e-05,0.25267292527150587,adamw,1.0023393080730048,1.0,0.1,verified-v3-adamw-3e-5,1.0,2345,ArguAna
17,3e-05,-0.0030974873853432065,adamw,-0.3252610406304635,0.938251111796225,0.1,verified-v3-adamw-3e-5,0.7036967358805152,2345,ClimateFEVER
17,3e-05,0.3018654863867814,adamw,0.9977114896939289,1.0,0.1,verified-v3-adamw-3e-5,1.0,2345,DBPedia
17,3e-05,0.42303142714016395,adamw,1.0081601227164831,1.0,0.1,verified-v3-adamw-3e-5,1.0,2345,FEVER
17,3e-05,0.2327513955898869,adamw,1.0167285661369185,1.0236115350940154,0.1,verified-v3-adamw-3e-5,1.0,2345,FiQA2018
17,3e-05,0.3005948272409048,adamw,1.0015628253499675,1.0,0.1,verified-v3-adamw-3e-5,1.0,2345,HotpotQA
17,3e-05,0.4442973519243032,adamw,0.9908818002131996,1.0,0.1,verified-v3-adamw-3e-5,1.0,2345,MSMARCO
17,3e-05,-0.004246097538067553,adamw,-2.385006395763567,0.9379289190834661,0.1,verified-v3-adamw-3e-5,0.6971073569752838,2345,NFCorpus
17,3e-05,0.42241665305020915,adamw,0.9805946910776995,1.0,0.1,verified-v3-adamw-3e-5,1.0,2345,NQ
17,3e-05,0.48631395199122485,adamw,0.9969736798632042,1.0,0.1,verified-v3-adamw-3e-5,1.0,2345,QuoraRetrieval
17,3e-05,0.10817965342602665,adamw,1.0145031886484062,1.0,0.1,verified-v3-adamw-3e-5,0.86024524972907,2345,SCIDOCS
17,3e-05,0.27855637891209506,adamw,1.0214728420690287,0.9769331095982161,0.1,verified-v3-adamw-3e-5,0.9769331095982161,2345,SciFact
17,3e-05,0.08683406755453155,adamw,1.0482972333265657,1.0,0.1,verified-v3-adamw-3e-5,0.9110827739955403,2345,TRECCOVID
17,3e-05,0.31671601605851474,adamw,0.9942701242080523,1.0,0.1,verified-v3-adamw-3e-5,1.0,2345,Touche2020
18,3e-05,0.2499909331963861,adamw,0.9916999960931233,1.0,0.1,verified-v3-adamw-3e-5,1.0,2345,ArguAna
18,3e-05,0.012101637953554645,adamw,1.2707691313713487,1.002978040533486,0.1,verified-v3-adamw-3e-5,0.7522425120627381,2345,ClimateFEVER
18,3e-05,0.299609898985723,adamw,0.990256429186742,1.0,0.1,verified-v3-adamw-3e-5,1.0,2345,DBPedia
18,3e-05,0.4206454664757087,adamw,1.0024739484940728,1.0,0.1,verified-v3-adamw-3e-5,1.0,2345,FEVER
18,3e-05,0.23279626476188578,adamw,1.0169245682652606,1.0236115350940154,0.1,verified-v3-adamw-3e-5,1.0,2345,FiQA2018
18,3e-05,0.3000011220280375,adamw,0.9995846373821892,1.0,0.1,verified-v3-adamw-3e-5,1.0,2345,HotpotQA
18,3e-05,0.44687276102123596,adamw,0.9966255346541129,1.0,0.1,verified-v3-adamw-3e-5,1.0,2345,MSMARCO
18,3e-05,0.002685015729805099,adamw,1.5081565204047045,0.9579472032761053,0.1,verified-v3-adamw-3e-5,0.7119857692950013,2345,NFCorpus
18,3e-05,0.4348855713791514,adamw,1.0095399398706937,1.0,0.1,verified-v3-adamw-3e-5,1.0,2345,NQ
18,3e-05,0.4870377547569743,adamw,0.9984575202998393,1.0,0.1,verified-v3-adamw-3e-5,1.0,2345,QuoraRetrieval
18,3e-05,0.10645159993182526,adamw,0.9982975924526195,1.0031839576310255,0.1,verified-v3-adamw-3e-5,0.8629842341564983,2345,SCIDOCS
18,3e-05,0.27441285473736,adamw,1.0062784407364207,1.0,0.1,verified-v3-adamw-3e-5,1.0,2345,SciFact
18,3e-05,0.08128551978069674,adamw,0.9813128406325515,0.9746818938298829,0.1,verified-v3-adamw-3e-5,0.8880158835937564,2345,TRECCOVID
18,3e-05,0.31488529238713703,adamw,0.988522912953049,1.0,0.1,verified-v3-adamw-3e-5,1.0,2345,Touche2020
19,3e-05,0.2529335885445716,adamw,1.0033733446421544,1.0,0.1,verified-v3-adamw-3e-5,1.0,2345,ArguAna
19,3e-05,0.012519399356825028,adamw,1.3146374323064667,1.022398575309815,0.1,verified-v3-adamw-3e-5,0.7668080870557628,2345,ClimateFEVER
19,3e-05,0.3008545779161804,adamw,0.9943702829590351,0.9769331095982161,0.1,verified-v3-adamw-3e-5,0.9769331095982161,2345,DBPedia
19,3e-05,0.4260525385625591,adamw,1.0153599756516007,1.0,0.1,verified-v3-adamw-3e-5,1.0,2345,FEVER
19,3e-05,0.23494956853042948,adamw,1.0263308510825988,1.0,0.1,verified-v3-adamw-3e-5,0.9769331095982161,2345,FiQA2018
19,3e-05,0.30055000819549127,adamw,1.0014134911442996,1.0,0.1,verified-v3-adamw-3e-5,1.0,2345,HotpotQA
19,3e-05,0.445347079631779,adamw,0.9932229262091395,1.0,0.1,verified-v3-adamw-3e-5,1.0,2345,MSMARCO
19,3e-05,0.0024782938735271355,adamw,1.3920421483379137,0.9726496490289749,0.1,verified-v3-adamw-3e-5,0.722913231804496,2345,NFCorpus
19,3e-05,0.4254079407103981,adamw,0.9875386426901348,1.0,0.1,verified-v3-adamw-3e-5,1.0,2345,NQ
19,3e-05,0.49365174401924083,adamw,1.0120166073595018,1.0,0.1,verified-v3-adamw-3e-5,1.0,2345,QuoraRetrieval
19,3e-05,0.10611258894675471,adamw,0.9951183649874836,1.0,0.1,verified-v3-adamw-3e-5,0.86024524972907,2345,SCIDOCS
19,3e-05,0.2696939620018228,adamw,0.98897414925757,1.0,0.1,verified-v3-adamw-3e-5,1.0,2345,SciFact
19,3e-05,0.08088647331959387,adamw,0.9764953846164528,0.9746818938298829,0.1,verified-v3-adamw-3e-5,0.8880158835937564,2345,TRECCOVID
19,3e-05,0.31602237002085964,adamw,0.9920925534599777,1.0,0.1,verified-v3-adamw-3e-5,1.0,2345,Touche2020
0,3e-05,0.2515638982376367,adamw,0.9979398600966606,1.0,0.25,verified-v3-adamw-3e-5,1.0,2345,ArguAna
0,3e-05,0.01416331959211535,adamw,1.4872622536291082,1.0384385028887213,0.25,verified-v3-adamw-3e-5,0.7788381763774024,2345,ClimateFEVER
0,3e-05,0.30485332007059585,adamw,1.0075867358882442,0.9769331095982161,0.25,verified-v3-adamw-3e-5,0.9769331095982161,2345,DBPedia
0,3e-05,0.4086009338689803,adamw,0.9737696568225258,1.0,0.25,verified-v3-adamw-3e-5,1.0,2345,FEVER
0,3e-05,0.22592576415515186,adamw,0.9869121414317996,1.0,0.25,verified-v3-adamw-3e-5,0.9769331095982161,2345,FiQA2018
0,3e-05,0.3029928574411409,adamw,1.009552909293422,1.0,0.25,verified-v3-adamw-3e-5,1.0,2345,HotpotQA
0,3e-05,0.4401499318951405,adamw,0.9816321321543245,1.0,0.25,verified-v3-adamw-3e-5,1.0,2345,MSMARCO
0,3e-05,-0.006828707010338764,adamw,-3.835641962635092,0.860520896217689,0.25,verified-v3-adamw-3e-5,0.6395745299873122,2345,NFCorpus
0,3e-05,0.4201992106712339,adamw,0.9754471378056097,1.0,0.25,verified-v3-adamw-3e-5,1.0,2345,NQ
0,3e-05,0.4854261768158204,adamw,0.9951536858451626,1.0,0.25,verified-v3-adamw-3e-5,1.0,2345,QuoraRetrieval
0,3e-05,0.10415708822262049,adamw,0.9767797804458442,0.9990716917949461,0.25,verified-v3-adamw-3e-5,0.8594466770053879,2345,SCIDOCS
0,3e-05,0.280619533096737,adamw,1.029038477352067,1.0,0.25,verified-v3-adamw-3e-5,1.0,2345,SciFact
0,3e-05,0.08250504589217245,adamw,0.9960354706397966,1.0163363650684505,0.25,verified-v3-adamw-3e-5,0.925966554799108,2345,TRECCOVID
0,3e-05,0.3060180824778081,adamw,0.9606859819141763,1.0,0.25,verified-v3-adamw-3e-5,1.0,2345,Touche2020
1,3e-05,0.25127047367427335,adamw,0.9967758613283034,1.0,0.25,verified-v3-adamw-3e-5,1.0,2345,ArguAna
1,3e-05,0.00689559470526397,adamw,0.724092798638326,1.0613317767484922,0.25,verified-v3-adamw-3e-5,0.7960083367813671,2345,ClimateFEVER
1,3e-05,0.30845575474198283,adamw,1.0194933321193527,1.0,0.25,verified-v3-adamw-3e-5,1.0,2345,DBPedia
1,3e-05,0.41180739457382315,adamw,0.9814112304983486,1.0,0.25,verified-v3-adamw-3e-5,1.0,2345,FEVER
1,3e-05,0.22283934156608554,adamw,0.9734297130857917,1.0236115350940154,0.25,verified-v3-adamw-3e-5,1.0,2345,FiQA2018
1,3e-05,0.3007421176623199,adamw,1.0020535876560708,1.0,0.25,verified-v3-adamw-3e-5,1.0,2345,HotpotQA
1,3e-05,0.4452182092912784,adamw,0.992935516719895,1.0,0.25,verified-v3-adamw-3e-5,1.0,2345,MSMARCO
1,3e-05,-0.007191339763391076,adamw,-4.039330509021318,0.8885512786526455,0.25,verified-v3-adamw-3e-5,0.6604078633206456,2345,NFCorpus
1,3e-05,0.4262708958799851,adamw,0.9895419000234448,1.0,0.25,verified-v3-adamw-3e-5,1.0,2345,NQ
1,3e-05,0.4864623714317317,adamw,0.9972779488959134,1.0,0.25,verified-v3-adamw-3e-5,1.0,2345,QuoraRetrieval
1,3e-05,0.10967373144742977,adamw,1.0285145749747584,1.0216277215766,0.25,verified-v3-adamw-3e-5,0.8788503944778032,2345,SCIDOCS
1,3e-05,0.2649431432738756,adamw,0.9715527844080419,1.0,0.25,verified-v3-adamw-3e-5,1.0,2345,SciFact
1,3e-05,0.07728185686843574,adamw,0.9329789450510775,1.0,0.25,verified-v3-adamw-3e-5,0.9110827739955403,2345,TRECCOVID
1,3e-05,0.31337404907169814,adamw,0.9837786499452937,1.0,0.25,verified-v3-adamw-3e-5,1.0,2345,Touche2020
2,3e-05,0.2554714000000383,adamw,1.0134407001989831,1.0,0.25,verified-v3-adamw-3e-5,1.0,2345,ArguAna
2,3e-05,0.01710573379301821,adamw,1.7962393650388695,1.045536921968825,0.25,verified-v3-adamw-3e-5,0.7841620542537824,2345,ClimateFEVER
2,3e-05,0.2885843223849913,adamw,0.9538152162918179,1.0,0.25,verified-v3-adamw-3e-5,1.0,2345,DBPedia
2,3e-05,0.4128926958480593,adamw,0.9839976990101921,1.0,0.25,verified-v3-adamw-3e-5,1.0,2345,FEVER
2,3e-05,0.22666176114718842,adamw,0.9901271991310151,1.0,0.25,verified-v3-adamw-3e-5,0.9769331095982161,2345,FiQA2018
2,3e-05,0.2998915443490998,adamw,0.999219531532832,1.0,0.25,verified-v3-adamw-3e-5,1.0,2345,HotpotQA
2,3e-05,0.4528331818081507,adamw,1.0099185971803384,1.0,0.25,verified-v3-adamw-3e-5,1.0,2345,MSMARCO
2,3e-05,0.00897841545703496,adamw,5.043119734502475,0.9599489854718014,0.25,verified-v3-adamw-3e-5,0.7134735761717159,2345,NFCorpus
2,3e-05,0.4255524729664014,adamw,0.9878741587307618,1.0,0.25,verified-v3-adamw-3e-5,1.0,2345,NQ
2,3e-05,0.48581576929490267,adamw,0.9959523745233865,1.0,0.25,verified-v3-adamw-3e-5,1.0,2345,QuoraRetrieval
2,3e-05,0.09664982434471782,adamw,0.9063770484999041,1.0258860106290795,0.25,verified-v3-adamw-3e-5,0.8825135674071718,2345,SCIDOCS
2,3e-05,0.2634774999118598,adamw,0.9661782354700321,1.0,0.25,verified-v3-adamw-3e-5,1.0,2345,SciFact
2,3e-05,0.08162142701666593,adamw,0.9853680534774379,1.0,0.25,verified-v3-adamw-3e-5,0.9110827739955403,2345,TRECCOVID
2,3e-05,0.3220515018951245,adamw,1.0110198744464367,1.0,0.25,verified-v3-adamw-3e-5,1.0,2345,Touche2020
3,3e-05,0.24275466248289518,adamw,0.9629941164576394,1.0,0.25,verified-v3-adamw-3e-5,1.0,2345,ArguAna
3,3e-05,0.010257848304424836,adamw,1.0771564171380703,0.9858662041431194,0.25,verified-v3-adamw-3e-5,0.739408481533566,2345,ClimateFEVER
3,3e-05,0.29868626338063387,adamw,0.9872036725880393,1.0,0.25,verified-v3-adamw-3e-5,1.0,2345,DBPedia
3,3e-05,0.42226873577241086,adamw,1.0063424917472976,1.0,0.25,verified-v3-adamw-3e-5,1.0,2345,FEVER
3,3e-05,0.22468618727362816,adamw,0.9814972943062908,0.9763884649059846,0.25,verified-v3-adamw-3e-5,0.9538662191964322,2345,FiQA2018
3,3e-05,0.3029188101890131,adamw,1.0093061885639563,1.0,0.25,verified-v3-adamw-3e-5,1.0,2345,HotpotQA
3,3e-05,0.4399574343315575,adamw,0.981202819822136,1.0,0.25,verified-v3-adamw-3e-5,1.0,2345,MSMARCO
3,3e-05,0.006157131543242194,adamw,3.4584222285372777,0.9083959576368545,0.25,verified-v3-adamw-3e-5,0.6751572451077252,2345,NFCorpus
3,3e-05,0.4301426945009898,adamw,0.9985298628446639,1.0,0.25,verified-v3-adamw-3e-5,1.0,2345,NQ
3,3e-05,0.4882139400004062,adamw,1.0008687727953594,1.0,0.25,verified-v3-adamw-3e-5,1.0,2345,QuoraRetrieval
3,3e-05,0.1089422437363633,adamw,1.0216547210943658,0.9974098216929392,0.25,verified-v3-adamw-3e-5,0.8580170611444697,2345,SCIDOCS
3,3e-05,0.2672876364333756,adamw,0.9801500963784191,1.0,0.25,verified-v3-adamw-3e-5,1.0,2345,SciFact
3,3e-05,0.07827055184033732,adamw,0.9449148848594647,0.9746818938298829,0.25,verified-v3-adamw-3e-5,0.8880158835937564,2345,TRECCOVID
3,3e-05,0.3072190605599747,adamw,0.9644562258121241,1.0,0.25,verified-v3-adamw-3e-5,1.0,2345,Touche2020
4,3e-05,0.24695458390332134,adamw,0.9796549689252612,1.0,0.25,verified-v3-adamw-3e-5,1.0,2345,ArguAna
4,3e-05,0.005497595046121358,adamw,0.5772916119457202,0.9326417129828646,0.25,verified-v3-adamw-3e-5,0.6994896365383605,2345,ClimateFEVER
4,3e-05,0.296973826279067,adamw,0.9815438066919352,1.0,0.25,verified-v3-adamw-3e-5,1.0,2345,DBPedia
4,3e-05,0.41524751971203244,adamw,0.989609668626086,1.0,0.25,verified-v3-adamw-3e-5,1.0,2345,FEVER
4,3e-05,0.22888727701388953,adamw,0.9998489262567807,1.0,0.25,verified-v3-adamw-3e-5,0.9769331095982161,2345,FiQA2018
4,3e-05,0.30454743039997195,adamw,1.0147326474118417,0.9769331095982161,0.25,verified-v3-adamw-3e-5,0.9769331095982161,2345,HotpotQA
4,3e-05,0.44566962060110793,adamw,0.9939422642266789,1.0,0.25,verified-v3-adamw-3e-5,1.0,2345,MSMARCO
4,3e-05,-0.019511130554289564,adamw,-10.959279843047787,0.905390799613544,0.25,verified-v3-adamw-3e-5,0.6729236880392746,2345,NFCorpus
4,3e-05,0.4234646554894946,adamw,0.9830275156852976,1.0,0.25,verified-v3-adamw-3e-5,1.0,2345,NQ
4,3e-05,0.48913798411376325,adamw,1.00276312037942,1.0,0.25,verified-v3-adamw-3e-5,1.0,2345,QuoraRetrieval
4,3e-05,0.10532884962013059,adamw,0.9877684981618053,0.9945895246886843,0.25,verified-v3-adamw-3e-5,0.8555909140437343,2345,SCIDOCS
4,3e-05,0.27531904000642804,adamw,1.00960144359082,1.0,0.25,verified-v3-adamw-3e-5,1.0,2345,SciFact
4,3e-05,0.08652907535374219,adamw,1.0446152397349044,0.9910182588983335,0.25,verified-v3-adamw-3e-5,0.9028996643973242,2345,TRECCOVID
4,3e-05,0.3263103608900251,adamw,1.024389758023976,1.0,0.25,verified-v3-adamw-3e-5,1.0,2345,Touche2020
5,3e-05,0.2537823739512795,adamw,1.0067404286949784,1.0,0.25,verified-v3-adamw-3e-5,1.0,2345,ArguAna
5,3e-05,-0.0005349489711568931,adamw,-0.05617393628978657,1.0179386724025878,0.25,verified-v3-adamw-3e-5,0.7634631199369373,2345,ClimateFEVER
5,3e-05,0.2930624385454354,adamw,0.9686160734515344,0.9769331095982161,0.25,verified-v3-adamw-3e-5,0.9769331095982161,2345,DBPedia
5,3e-05,0.4139553985244625,adamw,0.986530310991048,1.0,0.25,verified-v3-adamw-3e-5,1.0,2345,FEVER
5,3e-05,0.22871364288432977,adamw,0.9990904398076133,0.9763884649059846,0.25,verified-v3-adamw-3e-5,0.9538662191964322,2345,FiQA2018
5,3e-05,0.2965353063289933,adamw,0.9880367601431205,1.0,0.25,verified-v3-adamw-3e-5,1.0,2345,HotpotQA
5,3e-05,0.4425575467793447,adamw,0.9870016482235691,1.0,0.25,verified-v3-adamw-3e-5,1.0,2345,MSMARCO
5,3e-05,0.003582598023908078,adamw,2.012322873854516,0.9279933322339514,0.25,verified-v3-adamw-3e-5,0.6897228201007499,2345,NFCorpus
5,3e-05,0.4295451806753329,adamw,0.9971427989563115,1.0,0.25,verified-v3-adamw-3e-5,1.0,2345,NQ
5,3e-05,0.4857739915169967,adamw,0.995866727494744,1.0,0.25,verified-v3-adamw-3e-5,1.0,2345,QuoraRetrieval
5,3e-05,0.11947014110886789,adamw,1.1203847975543766,1.0268143188341332,0.25,verified-v3-adamw-3e-5,0.8833121401308539,2345,SCIDOCS
5,3e-05,0.2772096999971524,adamw,1.016534538577386,1.0,0.25,verified-v3-adamw-3e-5,1.0,2345,SciFact
5,3e-05,0.07719462005640321,adamw,0.931925785717726,1.0,0.25,verified-v3-adamw-3e-5,0.9110827739955403,2345,TRECCOVID
5,3e-05,0.31106395781581714,adamw,0.9765265546818436,1.0,0.25,verified-v3-adamw-3e-5,1.0,2345,Touche2020
6,3e-05,0.2569523818740643,adamw,1.0193156721425927,1.0,0.25,verified-v3-adamw-3e-5,1.0,2345,ArguAna
6,3e-05,0.010866786446262523,adamw,1.1410998102995444,0.9929600702717456,0.25,verified-v3-adamw-3e-5,0.7447289446555663,2345,ClimateFEVER
6,3e-05,0.30455353759031645,adamw,1.0065959090515502,1.0,0.25,verified-v3-adamw-3e-5,1.0,2345,DBPedia
6,3e-05,0.40741893195762946,adamw,0.9709527332666225,1.0,0.25,verified-v3-adamw-3e-5,1.0,2345,FEVER
6,3e-05,0.23488657880663405,adamw,1.0260556928976454,1.0,0.25,verified-v3-adamw-3e-5,0.9769331095982161,2345,FiQA2018
6,3e-05,0.29622268637964455,adamw,0.9869951303765525,1.0,0.25,verified-v3-adamw-3e-5,1.0,2345,HotpotQA
6,3e-05,0.4420755429690042,adamw,0.9859266726441935,1.0,0.25,verified-v3-adamw-3e-5,1.0,2345,MSMARCO
6,3e-05,-0.017507903261786723,adamw,-9.834079618146264,0.8590183172060337,0.25,verified-v3-adamw-3e-5,0.6384577514530869,2345,NFCorpus
6,3e-05,0.42230057526356884,adamw,0.9803252290181201,1.0,0.25,verified-v3-adamw-3e-5,1.0,2345,NQ
6,3e-05,0.4888141075614527,adamw,1.0020991534155763,1.0,0.25,verified-v3-adamw-3e-5,1.0,2345,QuoraRetrieval
6,3e-05,0.11036368773386362,adamw,1.0349849493053047,1.0245878011538432,0.25,verified-v3-adamw-3e-5,0.8813967888729465,2345,SCIDOCS
6,3e-05,0.2633209736321248,adamw,0.9656042498932385,1.0,0.25,verified-v3-adamw-3e-5,1.0,2345,SciFact
6,3e-05,0.08059826452774183,adamw,0.9730160073670898,1.0,0.25,verified-v3-adamw-3e-5,0.9110827739955403,2345,TRECCOVID
6,3e-05,0.31717256048166875,adamw,0.9957033592113367,1.0,0.25,verified-v3-adamw-3e-5,1.0,2345,Touche2020
7,3e-05,0.24819488319515598,adamw,0.9845751665785915,1.0,0.25,verified-v3-adamw-3e-5,1.0,2345,ArguAna
7,3e-05,0.01743048992752768,adamw,1.830341366151611,1.0365323711666956,0.25,verified-v3-adamw-3e-5,0.7774085605164843,2345,ClimateFEVER
7,3e-05,0.2951624300028053,adamw,0.9755568656247492,0.9769331095982161,0.25,verified-v3-adamw-3e-5,0.9769331095982161,2345,DBPedia
7,3e-05,0.41376054579949006,adamw,0.9860659418342507,1.0,0.25,verified-v3-adamw-3e-5,1.0,2345,FEVER
7,3e-05,0.2341154202528044,adamw,1.0226870388506426,1.0,0.25,verified-v3-adamw-3e-5,0.9769331095982161,2345,FiQA2018
7,3e-05,0.2881177841514951,adamw,0.9599901121953681,0.9769331095982161,0.25,verified-v3-adamw-3e-5,0.9769331095982161,2345,HotpotQA
7,3e-05,0.4397312294796606,adamw,0.9806983327485719,1.0,0.25,verified-v3-adamw-3e-5,1.0,2345,MSMARCO
7,3e-05,-0.00830681983244876,adamw,-4.665888678068972,0.8890504818366863,0.25,verified-v3-adamw-3e-5,0.660778891663135,2345,NFCorpus
7,3e-05,0.41752861843945566,adamw,0.9692476460346169,1.0,0.25,verified-v3-adamw-3e-5,1.0,2345,NQ
7,3e-05,0.4869229468878059,adamw,0.9982221570672333,1.0,0.25,verified-v3-adamw-3e-5,1.0,2345,QuoraRetrieval
7,3e-05,0.11669270192991577,adamw,1.094338116740681,1.0044821671062618,0.25,verified-v3-adamw-3e-5,0.8641010126907236,2345,SCIDOCS
7,3e-05,0.26513357259238934,adamw,0.9722510932313947,1.0,0.25,verified-v3-adamw-3e-5,1.0,2345,SciFact
7,3e-05,0.09630496565095238,adamw,1.1626338819623196,1.025318106170117,0.25,verified-v3-adamw-3e-5,0.9341496643973242,2345,TRECCOVID
7,3e-05,0.3142843620195705,adamw,0.9866364055429204,1.0,0.25,verified-v3-adamw-3e-5,1.0,2345,Touche2020
8,3e-05,0.25396651389668345,adamw,1.0074709015197436,1.0,0.25,verified-v3-adamw-3e-5,1.0,2345,ArguAna
8,3e-05,0.0033458794411117144,adamw,0.3513442004605569,1.030755486648769,0.25,verified-v3-adamw-3e-5,0.7730758453960714,2345,ClimateFEVER
8,3e-05,0.3071512966509675,adamw,1.0151818991005988,1.0,0.25,verified-v3-adamw-3e-5,1.0,2345,DBPedia
8,3e-05,0.42718817965661793,adamw,1.018066413025505,1.0,0.25,verified-v3-adamw-3e-5,1.0,2345,FEVER
8,3e-05,0.21832469083420292,adamw,0.9537083517869577,1.0236115350940154,0.25,verified-v3-adamw-3e-5,1.0,2345,FiQA2018
8,3e-05,0.303522508252792,adamw,1.0113176720747223,1.0,0.25,verified-v3-adamw-3e-5,1.0,2345,HotpotQA
8,3e-05,0.4386536443819326,adamw,0.9782950785835515,1.0,0.25,verified-v3-adamw-3e-5,1.0,2345,MSMARCO
8,3e-05,-0.0024046063890621056,adamw,-1.3506523497849563,0.8937390471515424,0.25,verified-v3-adamw-3e-5,0.6642636262822991,2345,NFCorpus
8,3e-05,0.4342668669903903,adamw,1.008103684376066,1.0,0.25,verified-v3-adamw-3e-5,1.0,2345,NQ
8,3e-05,0.4848783679370436,adamw,0.9940306437619577,1.0,0.25,verified-v3-adamw-3e-5,1.0,2345,QuoraRetrieval
8,3e-05,0.10184944002567203,adamw,0.9551387751371722,0.9977734823197099,0.25,verified-v3-adamw-3e-5,0.8583298984711626,2345,SCIDOCS
8,3e-05,0.2792891076713618,adamw,1.0241597757918068,1.0,0.25,verified-v3-adamw-3e-5,1.0,2345,SciFact
8,3e-05,0.08787003450996889,adamw,1.060803860319718,1.0,0.25,verified-v3-adamw-3e-5,0.9110827739955403,2345,TRECCOVID
8,3e-05,0.30510562097212496,adamw,0.9578214813250333,1.0,0.25,verified-v3-adamw-3e-5,1.0,2345,Touche2020
9,3e-05,0.24778409549864655,adamw,0.9829455948504701,1.0,0.25,verified-v3-adamw-3e-5,1.0,2345,ArguAna
9,3e-05,0.011966079593812866,adamw,1.2565344153998148,0.9835312501213317,0.25,verified-v3-adamw-3e-5,0.7376572451077252,2345,ClimateFEVER
9,3e-05,0.29973503432649334,adamw,0.9906700205805371,1.0,0.25,verified-v3-adamw-3e-5,1.0,2345,DBPedia
9,3e-05,0.4134946943956542,adamw,0.9854323700314951,1.0,0.25,verified-v3-adamw-3e-5,1.0,2345,FEVER
9,3e-05,0.21866562642643234,adamw,0.9551976616789732,0.9763884649059846,0.25,verified-v3-adamw-3e-5,0.9538662191964322,2345,FiQA2018
9,3e-05,0.2968494548377481,adamw,0.9890834829723054,0.9769331095982161,0.25,verified-v3-adamw-3e-5,0.9769331095982161,2345,HotpotQA
9,3e-05,0.43861690540552106,adamw,0.9782131425041961,1.0,0.25,verified-v3-adamw-3e-5,1.0,2345,MSMARCO
9,3e-05,-0.007851167409092225,adamw,-4.409951565412562,0.9090759891007856,0.25,verified-v3-adamw-3e-5,0.6756626724667028,2345,NFCorpus
9,3e-05,0.4308674488964198,adamw,1.000212301989433,1.0,0.25,verified-v3-adamw-3e-5,1.0,2345,NQ
9,3e-05,0.49337382261594265,adamw,1.0114468512934371,1.0,0.25,verified-v3-adamw-3e-5,1.0,2345,QuoraRetrieval
9,3e-05,0.10089689842128102,adamw,0.9462058892906137,1.0268143188341332,0.25,verified-v3-adamw-3e-5,0.8833121401308539,2345,SCIDOCS
9,3e-05,0.26869694121098,adamw,0.9853180503924082,1.0,0.25,verified-v3-adamw-3e-5,1.0,2345,SciFact
9,3e-05,0.08068172017979061,adamw,0.9740235189534066,1.0,0.25,verified-v3-adamw-3e-5,0.9110827739955403,2345,TRECCOVID
9,3e-05,0.3135377494472873,adamw,0.9842925563615068,1.0,0.25,verified-v3-adamw-3e-5,1.0,2345,Touche2020
10,3e-05,0.2565561973845623,adamw,1.0177440305167638,1.0,0.25,verified-v3-adamw-3e-5,1.0,2345,ArguAna
10,3e-05,0.01782480499458209,adamw,1.8717476135679108,1.0070279898784325,0.25,verified-v3-adamw-3e-5,0.7552800103387212,2345,ClimateFEVER
10,3e-05,0.30875517717942735,adamw,1.0204829689595436,1.0,0.25,verified-v3-adamw-3e-5,1.0,2345,DBPedia
10,3e-05,0.40736700092103584,adamw,0.9708289722482533,1.0,0.25,verified-v3-adamw-3e-5,1.0,2345,FEVER
10,3e-05,0.22489615281179662,adamw,0.982414487348331,1.0,0.25,verified-v3-adamw-3e-5,0.9769331095982161,2345,FiQA2018
10,3e-05,0.30448136296928957,adamw,1.0145125149393528,1.0,0.25,verified-v3-adamw-3e-5,1.0,2345,HotpotQA
10,3e-05,0.4454202493200068,adamw,0.9933861108693186,1.0,0.25,verified-v3-adamw-3e-5,1.0,2345,MSMARCO
10,3e-05,-0.010047299007090182,adamw,-5.643504930639157,0.9342820417923217,0.25,verified-v3-adamw-3e-5,0.6943968477480738,2345,NFCorpus
10,3e-05,0.43470825129086443,adamw,1.0091283104144682,1.0,0.25,verified-v3-adamw-3e-5,1.0,2345,NQ
10,3e-05,0.48663233526939187,adamw,0.9976263852752973,1.0,0.25,verified-v3-adamw-3e-5,1.0,2345,QuoraRetrieval
10,3e-05,0.1118097807278364,adamw,1.0485463345289197,0.9968160423689747,0.25,verified-v3-adamw-3e-5,0.8575062653016419,2345,SCIDOCS
10,3e-05,0.25831521156080345,adamw,0.9472480017624872,1.0,0.25,verified-v3-adamw-3e-5,1.0,2345,SciFact
10,3e-05,0.080357624970782,adamw,0.9701109058453685,1.0,0.25,verified-v3-adamw-3e-5,0.9110827739955403,2345,TRECCOVID
10,3e-05,0.315714855247253,adamw,0.9911271688988976,1.0,0.25,verified-v3-adamw-3e-5,1.0,2345,Touche2020
11,3e-05,0.24511294037636588,adamw,0.9723492724540539,1.0,0.25,verified-v3-adamw-3e-5,1.0,2345,ArguAna
11,3e-05,0.003325048789593334,adamw,0.34915681483247046,0.9555349868426353,0.25,verified-v3-adamw-3e-5,0.7166597969423252,2345,ClimateFEVER
11,3e-05,0.30473574475641363,adamw,1.0071981315357954,1.0,0.25,verified-v3-adamw-3e-5,1.0,2345,DBPedia
11,3e-05,0.4133109951146491,adamw,0.9849945815415639,1.0,0.25,verified-v3-adamw-3e-5,1.0,2345,FEVER
11,3e-05,0.2296903092624481,adamw,1.0033568142527662,1.0,0.25,verified-v3-adamw-3e-5,0.9769331095982161,2345,FiQA2018
11,3e-05,0.3002374621938668,adamw,1.0003721077668408,1.0,0.25,verified-v3-adamw-3e-5,1.0,2345,HotpotQA
11,3e-05,0.4295088503723444,adamw,0.9579001563280988,1.0,0.25,verified-v3-adamw-3e-5,1.0,2345,MSMARCO
11,3e-05,0.013206481713933932,adamw,7.417998072555326,0.9773974673795925,0.25,verified-v3-adamw-3e-5,0.7264420057173764,2345,NFCorpus
11,3e-05,0.43706726761652726,adamw,1.0146045123312417,1.0,0.25,verified-v3-adamw-3e-5,1.0,2345,NQ
11,3e-05,0.494305940566366,adamw,1.0133577507428464,1.0,0.25,verified-v3-adamw-3e-5,1.0,2345,QuoraRetrieval
11,3e-05,0.10705826352295712,adamw,1.0039868521992412,0.9968160423689747,0.25,verified-v3-adamw-3e-5,0.8575062653016419,2345,SCIDOCS
11,3e-05,0.2734040311646428,adamw,1.00257906079045,1.0,0.25,verified-v3-adamw-3e-5,1.0,2345,SciFact
11,3e-05,0.0743279194098828,adamw,0.8973177748165253,1.025318106170117,0.25,verified-v3-adamw-3e-5,0.9341496643973242,2345,TRECCOVID
11,3e-05,0.3152956040077469,adamw,0.9898110088032835,1.0,0.25,verified-v3-adamw-3e-5,1.0,2345,Touche2020
12,3e-05,0.2529436960190154,adamw,1.0034134404257824,1.0,0.25,verified-v3-adamw-3e-5,1.0,2345,ArguAna
12,3e-05,0.01274482617134575,adamw,1.3383090574514054,1.0446442097064101,0.25,verified-v3-adamw-3e-5,0.7834925120627381,2345,ClimateFEVER
12,3e-05,0.2931019413656596,adamw,0.968746636299526,1.0,0.25,verified-v3-adamw-3e-5,1.0,2345,DBPedia
12,3e-05,0.423460221673555,adamw,1.0091820173599289,1.0,0.25,verified-v3-adamw-3e-5,1.0,2345,FEVER
12,3e-05,0.22931170256328087,adamw,1.0017029455599555,1.0,0.25,verified-v3-adamw-3e-5,0.9769331095982161,2345,FiQA2018
12,3e-05,0.298216947776041,adamw,0.9936398823737665,0.9769331095982161,0.25,verified-v3-adamw-3e-5,0.9769331095982161,2345,HotpotQA
12,3e-05,0.4426652855693281,adamw,0.9872419296605598,1.0,0.25,verified-v3-adamw-3e-5,1.0,2345,MSMARCO
12,3e-05,-0.00493758268722411,adamw,-2.773409273589233,0.9247745876098095,0.25,verified-v3-adamw-3e-5,0.6873305166840831,2345,NFCorpus
12,3e-05,0.4246530742833228,adamw,0.9857863017122925,1.0,0.25,verified-v3-adamw-3e-5,1.0,2345,NQ
12,3e-05,0.484813999551273,adamw,0.9938986845899748,1.0,0.25,verified-v3-adamw-3e-5,1.0,2345,QuoraRetrieval
12,3e-05,0.11692203610724788,adamw,1.0964888007815443,1.0379949605709098,0.25,verified-v3-adamw-3e-5,0.8929302340738384,2345,SCIDOCS
12,3e-05,0.2769959066904691,adamw,1.0157505534557885,1.0,0.25,verified-v3-adamw-3e-5,1.0,2345,SciFact
12,3e-05,0.07871657766363363,adamw,0.9502994954129216,0.9657001527282164,0.25,verified-v3-adamw-3e-5,0.8798327739955403,2345,TRECCOVID
12,3e-05,0.3191902183073587,adamw,1.0020374149434204,1.0,0.25,verified-v3-adamw-3e-5,1.0,2345,Touche2020
13,3e-05,0.24855848890005003,adamw,0.986017569995037,1.0,0.25,verified-v3-adamw-3e-5,1.0,2345,ArguAna
13,3e-05,0.020531494996056162,adamw,2.1559717917548316,1.0369611934664578,0.25,verified-v3-adamw-3e-5,0.7777301810814072,2345,ClimateFEVER
13,3e-05,0.30915504470565436,adamw,1.0218045921435899,1.0,0.25,verified-v3-adamw-3e-5,1.0,2345,DBPedia
13,3e-05,0.41579252278352474,adamw,0.990908509157039,1.0,0.25,verified-v3-adamw-3e-5,1.0,2345,FEVER
13,3e-05,0.2391384818046042,adamw,1.0446292925425504,0.9763884649059846,0.25,verified-v3-adamw-3e-5,0.9538662191964322,2345,FiQA2018
13,3e-05,0.2854040660671744,adamw,0.9509481763221427,0.9769331095982161,0.25,verified-v3-adamw-3e-5,0.9769331095982161,2345,HotpotQA
13,3e-05,0.45486940201097414,adamw,1.0144598206007922,1.0,0.25,verified-v3-adamw-3e-5,1.0,2345,MSMARCO
13,3e-05,-0.008436625303726276,adamw,-4.738799598373191,0.879716632862604,0.25,verified-v3-adamw-3e-5,0.6538415911317821,2345,NFCorpus
13,3e-05,0.42231042257916196,adamw,0.9803480884989721,1.0,0.25,verified-v3-adamw-3e-5,1.0,2345,NQ
13,3e-05,0.48350167422363494,adamw,0.991208336501634,1.0,0.25,verified-v3-adamw-3e-5,1.0,2345,QuoraRetrieval
13,3e-05,0.10566094757290995,adamw,0.9908828955680482,1.0216277215766,0.25,verified-v3-adamw-3e-5,0.8788503944778032,2345,SCIDOCS
13,3e-05,0.27619927698842406,adamw,1.0128292934616625,1.0,0.25,verified-v3-adamw-3e-5,1.0,2345,SciFact
13,3e-05,0.08084079851814724,adamw,0.9759439792828356,1.025318106170117,0.25,verified-v3-adamw-3e-5,0.9341496643973242,2345,TRECCOVID
13,3e-05,0.32364912997568274,adamw,1.0160353261115065,1.0,0.25,verified-v3-adamw-3e-5,1.0,2345,Touche2020
14,3e-05,0.25155632566630026,adamw,0.9979098201313358,1.0,0.25,verified-v3-adamw-3e-5,1.0,2345,ArguAna
14,3e-05,0.008225986966312666,adamw,0.8637946658107302,0.9506508145871234,0.25,verified-v3-adamw-3e-5,0.7129966240129566,2345,ClimateFEVER
14,3e-05,0.2984620935337416,adamw,0.9864627570413022,1.0,0.25,verified-v3-adamw-3e-5,1.0,2345,DBPedia
14,3e-05,0.40715645877496776,adamw,0.9703272123736928,1.0,0.25,verified-v3-adamw-3e-5,1.0,2345,FEVER
14,3e-05,0.22386763670894166,adamw,0.9779216176069738,1.0,0.25,verified-v3-adamw-3e-5,0.9769331095982161,2345,FiQA2018
14,3e-05,0.3039086481922615,adamw,1.0126042657673195,1.0,0.25,verified-v3-adamw-3e-5,1.0,2345,HotpotQA
14,3e-05,0.4421887123866943,adamw,0.9861790655874425,1.0,0.25,verified-v3-adamw-3e-5,1.0,2345,MSMARCO
14,3e-05,0.001382712569471263,adamw,0.7766609909749022,0.9473653027489399,0.25,verified-v3-adamw-3e-5,0.7041208655073283,2345,NFCorpus
14,3e-05,0.42806360774543023,adamw,0.9937034872269647,1.0,0.25,verified-v3-adamw-3e-5,1.0,2345,NQ
14,3e-05,0.483486570557919,adamw,0.9911773730527619,1.0,0.25,verified-v3-adamw-3e-5,1.0,2345,QuoraRetrieval
14,3e-05,0.09955298114443394,adamw,0.9336027026518864,0.9907011369063874,0.25,verified-v3-adamw-3e-5,0.8522459469249088,2345,SCIDOCS
14,3e-05,0.2590520588010926,adamw,0.9499500380527651,1.0,0.25,verified-v3-adamw-3e-5,1.0,2345,SciFact
14,3e-05,0.08098901341490625,adamw,0.9777332915952259,0.9759076644910135,0.25,verified-v3-adamw-3e-5,0.8891326621279816,2345,TRECCOVID
14,3e-05,0.3157525293820097,adamw,0.9912454397306356,1.0,0.25,verified-v3-adamw-3e-5,1.0,2345,Touche2020
15,3e-05,0.2500665580946553,adamw,0.99199999581855,1.0,0.25,verified-v3-adamw-3e-5,1.0,2345,ArguAna
15,3e-05,0.005639766670118736,adamw,0.5922207737522618,0.9641107153450026,0.25,verified-v3-adamw-3e-5,0.7230916701147004,2345,ClimateFEVER
15,3e-05,0.2978977228168027,adamw,0.9845974257128467,1.0,0.25,verified-v3-adamw-3e-5,1.0,2345,DBPedia
15,3e-05,0.4126241325600095,adamw,0.9833576642986629,1.0,0.25,verified-v3-adamw-3e-5,1.0,2345,FEVER
15,3e-05,0.2319898147129384,adamw,1.0134017502823682,1.0236115350940154,0.25,verified-v3-adamw-3e-5,1.0,2345,FiQA2018
15,3e-05,0.29569326353781167,adamw,0.9852311271761715,1.0,0.25,verified-v3-adamw-3e-5,1.0,2345,HotpotQA
15,3e-05,0.4427988296109235,adamw,0.9875397625415586,1.0,0.25,verified-v3-adamw-3e-5,1.0,2345,MSMARCO
15,3e-05,-0.01304124786399553,adamw,-7.325187253829038,0.9650584603821997,0.25,verified-v3-adamw-3e-5,0.7172711481175729,2345,NFCorpus
15,3e-05,0.416589886067267,adamw,0.9670684801000732,1.0,0.25,verified-v3-adamw-3e-5,1.0,2345,NQ
15,3e-05,0.484690857499936,adamw,0.9936462357684579,1.0,0.25,verified-v3-adamw-3e-5,1.0,2345,QuoraRetrieval
15,3e-05,0.10293271021006975,adamw,0.9652976268383445,0.9974098216929392,0.25,verified-v3-adamw-3e-5,0.8580170611444697,2345,SCIDOCS
15,3e-05,0.2624302915897161,adamw,0.9623380977383593,1.0,0.25,verified-v3-adamw-3e-5,1.0,2345,SciFact
15,3e-05,0.08552454241617018,adamw,1.0324880973713289,1.0,0.25,verified-v3-adamw-3e-5,0.9110827739955403,2345,TRECCOVID
15,3e-05,0.3128942514000745,adamw,0.9822724157595497,1.0,0.25,verified-v3-adamw-3e-5,1.0,2345,Touche2020
16,3e-05,0.25380211289419813,adamw,1.0068187319732813,1.0,0.25,verified-v3-adamw-3e-5,1.0,2345,ArguAna
16,3e-05,0.004878491134560981,adamw,0.5122807313573537,1.0076830162399526,0.25,verified-v3-adamw-3e-5,0.7557712859756185,2345,ClimateFEVER
16,3e-05,0.2989595959225281,adamw,0.9881070783427658,1.0,0.25,verified-v3-adamw-3e-5,1.0,2345,DBPedia
16,3e-05,0.4192559570862604,adamw,0.9991624972242413,1.0,0.25,verified-v3-adamw-3e-5,1.0,2345,FEVER
16,3e-05,0.22603958897681037,adamw,0.9874093627155747,1.0,0.25,verified-v3-adamw-3e-5,0.9769331095982161,2345,FiQA2018
16,3e-05,0.2967444854577236,adamw,0.9887337316815145,1.0,0.25,verified-v3-adamw-3e-5,1.0,2345,HotpotQA
16,3e-05,0.4380744022048224,adamw,0.9770032398437335,1.0,0.25,verified-v3-adamw-3e-5,1.0,2345,MSMARCO
16,3e-05,-0.010463568854762816,adamw,-5.877321097168999,0.8937390471515425,0.25,verified-v3-adamw-3e-5,0.6642636262822992,2345,NFCorpus
16,3e-05,0.42919646928831323,adamw,0.9963333030892316,1.0,0.25,verified-v3-adamw-3e-5,1.0,2345,NQ
16,3e-05,0.48029450451070405,adamw,0.9846334402282402,1.0,0.25,verified-v3-adamw-3e-5,1.0,2345,QuoraRetrieval
16,3e-05,0.10276784865315168,adamw,0.9637515636935472,0.9929276545866778,0.25,verified-v3-adamw-3e-5,0.8541612981828164,2345,SCIDOCS
16,3e-05,0.2671330492274203,adamw,0.9795832214311235,0.9769331095982161,0.25,verified-v3-adamw-3e-5,0.9769331095982161,2345,SciFact
16,3e-05,0.07729173107746432,adamw,0.93309815063821,1.025318106170117,0.25,verified-v3-adamw-3e-5,0.9341496643973242,2345,TRECCOVID
16,3e-05,0.31235862435061923,adamw,0.9805909157848447,1.0,0.25,verified-v3-adamw-3e-5,1.0,2345,Touche2020
17,3e-05,0.24696355295707006,adamw,0.9796905486579092,1.0,0.25,verified-v3-adamw-3e-5,1.0,2345,ArguAna
17,3e-05,0.0015906746487506663,adamw,0.16703360730549408,0.9916430886610461,0.25,verified-v3-adamw-3e-5,0.7437411966539789,2345,ClimateFEVER
17,3e-05,0.2972854681112143,adamw,0.9825738304959956,0.9769331095982161,0.25,verified-v3-adamw-3e-5,0.9769331095982161,2345,DBPedia
17,3e-05,0.4270407996871941,adamw,1.0177151799999478,1.0,0.25,verified-v3-adamw-3e-5,1.0,2345,FEVER
17,3e-05,0.22059314152687293,adamw,0.9636176312319437,1.0,0.25,verified-v3-adamw-3e-5,0.9769331095982161,2345,FiQA2018
17,3e-05,0.3038975772013292,adamw,1.0125673779304285,1.0,0.25,verified-v3-adamw-3e-5,1.0,2345,HotpotQA
17,3e-05,0.4372115803992286,adamw,0.9750789555321411,1.0,0.25,verified-v3-adamw-3e-5,1.0,2345,MSMARCO
17,3e-05,0.003668135659751699,adamw,2.060368828224744,0.9715414848980413,0.25,verified-v3-adamw-3e-5,0.7220895986349751,2345,NFCorpus
17,3e-05,0.4345802404153586,adamw,1.0088311469763915,1.0,0.25,verified-v3-adamw-3e-5,1.0,2345,NQ
17,3e-05,0.4944828868589502,adamw,1.0137205015866861,1.0,0.25,verified-v3-adamw-3e-5,1.0,2345,QuoraRetrieval
17,3e-05,0.1064595233107825,adamw,0.9983718974902344,0.9977734823197099,0.25,verified-v3-adamw-3e-5,0.8583298984711626,2345,SCIDOCS
17,3e-05,0.28321471279023686,adamw,1.0385550627828237,0.9769331095982161,0.25,verified-v3-adamw-3e-5,0.9769331095982161,2345,SciFact
17,3e-05,0.07464365055684172,adamw,0.9011294134642738,1.0,0.25,verified-v3-adamw-3e-5,0.9110827739955403,2345,TRECCOVID
17,3e-05,0.3106327293676162,adamw,0.9751727944012913,1.0,0.25,verified-v3-adamw-3e-5,1.0,2345,Touche2020
18,3e-05,0.25439300404670084,adamw,1.009162763999307,1.0,0.25,verified-v3-adamw-3e-5,1.0,2345,ArguAna
18,3e-05,0.018017666062775356,adamw,1.8919995739259976,0.9980938682779742,0.25,verified-v3-adamw-3e-5,0.7485793391333695,2345,ClimateFEVER
18,3e-05,0.29827894777221087,adamw,0.9858574323559428,0.9769331095982161,0.25,verified-v3-adamw-3e-5,0.9769331095982161,2345,DBPedia
18,3e-05,0.41362161164732725,adamw,0.9857348367131942,1.0,0.25,verified-v3-adamw-3e-5,1.0,2345,FEVER
18,3e-05,0.21506111042342058,adamw,0.9394520444375746,1.0236115350940154,0.25,verified-v3-adamw-3e-5,1.0,2345,FiQA2018
18,3e-05,0.2997992190296663,adamw,0.9989119094468768,1.0,0.25,verified-v3-adamw-3e-5,1.0,2345,HotpotQA
18,3e-05,0.4527727534723677,adamw,1.0097838285667395,1.0,0.25,verified-v3-adamw-3e-5,1.0,2345,MSMARCO
18,3e-05,0.002081722781417385,adamw,1.1692906494434365,0.9094968986963278,0.25,verified-v3-adamw-3e-5,0.6759755097933956,2345,NFCorpus
18,3e-05,0.4316023525788216,adamw,1.0019183016090336,1.0,0.25,verified-v3-adamw-3e-5,1.0,2345,NQ
18,3e-05,0.4834675211024656,adamw,0.9911383204908829,1.0,0.25,verified-v3-adamw-3e-5,1.0,2345,QuoraRetrieval
18,3e-05,0.09295676415535327,adamw,0.8717437212583562,0.9977734823197099,0.25,verified-v3-adamw-3e-5,0.8583298984711626,2345,SCIDOCS
18,3e-05,0.2755956211120788,adamw,1.010615673059034,0.9769331095982161,0.25,verified-v3-adamw-3e-5,0.9769331095982161,2345,SciFact
18,3e-05,0.07471836491776264,adamw,0.9020313965228698,0.9746818938298829,0.25,verified-v3-adamw-3e-5,0.8880158835937564,2345,TRECCOVID
18,3e-05,0.322820450324508,adamw,1.013433842833345,1.0,0.25,verified-v3-adamw-3e-5,1.0,2345,Touche2020
19,3e-05,0.2553546690033352,adamw,1.0129776348889965,1.0,0.25,verified-v3-adamw-3e-5,1.0,2345,ArguAna
19,3e-05,0.003984435603835407,adamw,0.41839772357457944,0.9828953215026351,0.25,verified-v3-adamw-3e-5,0.7371802929489657,2345,ClimateFEVER
19,3e-05,0.3115670494717254,adamw,1.0297766359075538,1.0,0.25,verified-v3-adamw-3e-5,1.0,2345,DBPedia
19,3e-05,0.4162983979627831,adamw,0.9921141008698064,1.0,0.25,verified-v3-adamw-3e-5,1.0,2345,FEVER
19,3e-05,0.22525964892678763,adamw,0.9840023484344246,1.0236115350940154,0.25,verified-v3-adamw-3e-5,1.0,2345,FiQA2018
19,3e-05,0.30118515638300214,adamw,1.0035297644648964,0.9769331095982161,0.25,verified-v3-adamw-3e-5,0.9769331095982161,2345,HotpotQA
19,3e-05,0.44900639160185496,adamw,1.0013840048578109,1.0,0.25,verified-v3-adamw-3e-5,1.0,2345,MSMARCO
19,3e-05,-0.0010745848235247744,adamw,-0.6035875657400588,0.9818979813430981,0.25,verified-v3-adamw-3e-5,0.7297869728362019,2345,NFCorpus
19,3e-05,0.42108590937886914,adamw,0.9775055132011204,1.0,0.25,verified-v3-adamw-3e-5,1.0,2345,NQ
19,3e-05,0.48451080941434804,adamw,0.9932771260571162,1.0,0.25,verified-v3-adamw-3e-5,1.0,2345,QuoraRetrieval
19,3e-05,0.10200103281443482,adamw,0.9565604044612216,1.0012982094752363,0.25,verified-v3-adamw-3e-5,0.8613620282632953,2345,SCIDOCS
19,3e-05,0.2550242215655548,adamw,0.9351798634674809,0.9769331095982161,0.25,verified-v3-adamw-3e-5,0.9769331095982161,2345,SciFact
19,3e-05,0.07895279255831848,adamw,0.9531511805584223,0.9746818938298829,0.25,verified-v3-adamw-3e-5,0.8880158835937564,2345,TRECCOVID
19,3e-05,0.31403914034458613,adamw,0.9858665784016237,1.0,0.25,verified-v3-adamw-3e-5,1.0,2345,Touche2020
0,3e-05,0.2435817750195946,adamw,0.9662752254519766,1.0,0.5,verified-v3-adamw-3e-5,1.0,2345,ArguAna
0,3e-05,0.000462979411903007,adamw,0.04861655483041347,1.0094025645145885,0.5,verified-v3-adamw-3e-5,0.7570609625801404,2345,ClimateFEVER
0,3e-05,0.2816703701465201,adamw,0.9309635492460556,0.9769331095982161,0.5,verified-v3-adamw-3e-5,0.9769331095982161,2345,DBPedia
0,3e-05,0.41694262375007984,adamw,0.993649407012825,1.0,0.5,verified-v3-adamw-3e-5,1.0,2345,FEVER
0,3e-05,0.21603727488620783,adamw,0.9437162263645964,1.0236115350940154,0.5,verified-v3-adamw-3e-5,1.0,2345,FiQA2018
0,3e-05,0.3002561628037761,adamw,1.0004344170083816,0.9769331095982161,0.5,verified-v3-adamw-3e-5,0.9769331095982161,2345,HotpotQA
0,3e-05,0.44002041799030545,adamw,0.9813432873736393,1.0,0.5,verified-v3-adamw-3e-5,1.0,2345,MSMARCO
0,3e-05,-0.013527652619178621,adamw,-7.598397758684621,0.8963160725078506,0.5,verified-v3-adamw-3e-5,0.6661789775402065,2345,NFCorpus
0,3e-05,0.425727241588467,adamw,0.9882798652333984,1.0,0.5,verified-v3-adamw-3e-5,1.0,2345,NQ
0,3e-05,0.4811795811562576,adamw,0.9864479020931846,1.0,0.5,verified-v3-adamw-3e-5,1.0,2345,QuoraRetrieval
0,3e-05,0.07817194384786143,adamw,0.733092441923276,0.9998500072709748,0.5,verified-v3-adamw-3e-5,0.8601162191964322,2345,SCIDOCS
0,3e-05,0.2822177164352119,adamw,1.0348990535243847,1.0,0.5,verified-v3-adamw-3e-5,1.0,2345,SciFact
0,3e-05,0.06248325394597312,adamw,0.7543240122855053,0.9403820465580993,0.5,verified-v3-adamw-3e-5,0.8567658835937564,2345,TRECCOVID
0,3e-05,0.32649866887445933,adamw,1.024980915381292,1.0,0.5,verified-v3-adamw-3e-5,1.0,2345,Touche2020
1,3e-05,0.2584863851514294,adamw,1.0254009770163288,1.0,0.5,verified-v3-adamw-3e-5,1.0,2345,ArguAna
1,3e-05,0.005528997941672931,adamw,0.5805891680662862,0.9812271046868468,0.5,verified-v3-adamw-3e-5,0.7359291153982523,2345,ClimateFEVER
1,3e-05,0.2923358737296187,adamw,0.9662146658794915,1.0,0.5,verified-v3-adamw-3e-5,1.0,2345,DBPedia
1,3e-05,0.40232434872972406,adamw,0.9588114233716186,1.0,0.5,verified-v3-adamw-3e-5,1.0,2345,FEVER
1,3e-05,0.23412946008013516,adamw,1.0227483690672654,0.9763884649059846,0.5,verified-v3-adamw-3e-5,0.9538662191964322,2345,FiQA2018
1,3e-05,0.2936654456279578,adamw,0.9784745670126767,0.9769331095982161,0.5,verified-v3-adamw-3e-5,0.9769331095982161,2345,HotpotQA
1,3e-05,0.42119974403995647,adamw,0.9393690032497835,1.0,0.5,verified-v3-adamw-3e-5,1.0,2345,MSMARCO
1,3e-05,-0.025111357610379144,adamw,-14.104892308789813,0.815230083226292,0.5,verified-v3-adamw-3e-5,0.6059125346086571,2345,NFCorpus
1,3e-05,0.4300049351034193,adamw,0.9982100692642542,1.0,0.5,verified-v3-adamw-3e-5,1.0,2345,NQ
1,3e-05,0.4955784181937023,adamw,1.0159664085810076,1.0,0.5,verified-v3-adamw-3e-5,1.0,2345,QuoraRetrieval
1,3e-05,0.08707395216395553,adamw,0.8165750149953702,1.0659512555078423,0.5,verified-v3-adamw-3e-5,0.9169795039933595,2345,SCIDOCS
1,3e-05,0.26073185323643877,adamw,0.9561098840511448,0.9769331095982161,0.5,verified-v3-adamw-3e-5,0.9769331095982161,2345,SciFact
1,3e-05,0.07354307509891174,adamw,0.887842805568236,0.9684950627713249,0.5,verified-v3-adamw-3e-5,0.8823791683906836,2345,TRECCOVID
1,3e-05,0.28628162811270597,adamw,0.8987271104392612,1.0,0.5,verified-v3-adamw-3e-5,1.0,2345,Touche2020
2,3e-05,0.23958985274886382,adamw,0.9504394939329545,1.0,0.5,verified-v3-adamw-3e-5,1.0,2345,ArguAna
2,3e-05,-0.006821699738127438,adamw,-0.7163332338950077,0.9980162811833013,0.5,verified-v3-adamw-3e-5,0.7485211481175729,2345,ClimateFEVER
2,3e-05,0.284946825416033,adamw,0.9417927338175993,1.0,0.5,verified-v3-adamw-3e-5,1.0,2345,DBPedia
2,3e-05,0.3965003469724621,adamw,0.9449317776772178,1.0,0.5,verified-v3-adamw-3e-5,1.0,2345,FEVER
2,3e-05,0.21409086760435883,adamw,0.9352137300432434,1.0,0.5,verified-v3-adamw-3e-5,0.9769331095982161,2345,FiQA2018
2,3e-05,0.3172457356329517,adamw,1.0570425919409496,1.0,0.5,verified-v3-adamw-3e-5,1.0,2345,HotpotQA
2,3e-05,0.43386203937546663,adamw,0.9676087349126883,1.0,0.5,verified-v3-adamw-3e-5,1.0,2345,MSMARCO
2,3e-05,-0.008706943025618493,adamw,-4.890635369883657,0.9426885549153609,0.5,verified-v3-adamw-3e-5,0.7006449141263942,2345,NFCorpus
2,3e-05,0.4326477299031665,adamw,1.0043450322954863,1.0,0.5,verified-v3-adamw-3e-5,1.0,2345,NQ
2,3e-05,0.47701707181114317,adamw,0.9779145004865233,1.0,0.5,verified-v3-adamw-3e-5,1.0,2345,QuoraRetrieval
2,3e-05,0.10851039829407098,adamw,1.017604896896062,0.9919993463816237,0.5,verified-v3-adamw-3e-5,0.853362725459134,2345,SCIDOCS
2,3e-05,0.26639616532504906,adamw,0.9768810507001218,1.0,0.5,verified-v3-adamw-3e-5,1.0,2345,SciFact
2,3e-05,0.08081323504159266,adamw,0.97561122144911,0.9746818938298829,0.5,verified-v3-adamw-3e-5,0.8880158835937564,2345,TRECCOVID
2,3e-05,0.3079315672921257,adamw,0.9666930061489414,1.0,0.5,verified-v3-adamw-3e-5,1.0,2345,Touche2020
3,3e-05,0.25140294480900466,adamw,0.997301366882108,1.0,0.5,verified-v3-adamw-3e-5,1.0,2345,ArguAna
3,3e-05,-0.005387583213104315,adamw,-0.5657394863557645,0.9455170165808948,0.5,verified-v3-adamw-3e-5,0.7091462295351534,2345,ClimateFEVER
3,3e-05,0.2970650180479515,adamw,0.9818452094017004,1.0,0.5,verified-v3-adamw-3e-5,1.0,2345,DBPedia
3,3e-05,0.40773488888468845,adamw,0.9717057155604211,1.0,0.5,verified-v3-adamw-3e-5,1.0,2345,FEVER
3,3e-05,0.2295899183743432,adamw,1.0029182764581488,1.0236115350940154,0.5,verified-v3-adamw-3e-5,1.0,2345,FiQA2018
3,3e-05,0.3069945869580102,adamw,1.022886417251594,1.0,0.5,verified-v3-adamw-3e-5,1.0,2345,HotpotQA
3,3e-05,0.4481726013866619,adamw,0.9995244674424911,1.0,0.5,verified-v3-adamw-3e-5,1.0,2345,MSMARCO
3,3e-05,0.009575849324957492,adamw,5.378694596659194,1.0086066130462894,0.5,verified-v3-adamw-3e-5,0.7496379266517981,2345,NFCorpus
3,3e-05,0.42746816233444446,adamw,0.9923212249401371,1.0,0.5,verified-v3-adamw-3e-5,1.0,2345,NQ
3,3e-05,0.4886082436942125,adamw,1.001677119755154,1.0,0.5,verified-v3-adamw-3e-5,1.0,2345,QuoraRetrieval
3,3e-05,0.09716892285800609,adamw,0.9112451274803355,1.0292607450555806,0.5,verified-v3-adamw-3e-5,0.8854166666666666,2345,SCIDOCS
3,3e-05,0.2786497923346689,adamw,1.0218153913031067,0.9769331095982161,0.5,verified-v3-adamw-3e-5,0.9769331095982161,2345,SciFact
3,3e-05,0.0837103899107356,adamw,1.0105868884813363,1.025318106170117,0.5,verified-v3-adamw-3e-5,0.9341496643973242,2345,TRECCOVID
3,3e-05,0.3085031331538889,adamw,0.9684873292382524,1.0,0.5,verified-v3-adamw-3e-5,1.0,2345,Touche2020
4,3e-05,0.24454794093192478,adamw,0.9701079513802023,1.0,0.5,verified-v3-adamw-3e-5,1.0,2345,ArguAna
4,3e-05,-0.004072301912190612,adamw,-0.42762439130120344,0.9589814702902516,0.5,verified-v3-adamw-3e-5,0.719244690391277,2345,ClimateFEVER
4,3e-05,0.3019605484303564,adamw,0.9980256842520542,0.9769331095982161,0.5,verified-v3-adamw-3e-5,0.9769331095982161,2345,DBPedia
4,3e-05,0.41239110968167825,adamw,0.9828023287880074,1.0,0.5,verified-v3-adamw-3e-5,1.0,2345,FEVER
4,3e-05,0.21843655578212187,adamw,0.9541970117488469,1.0,0.5,verified-v3-adamw-3e-5,0.9769331095982161,2345,FiQA2018
4,3e-05,0.29511403365188316,adamw,0.9833011700761021,0.9769331095982161,0.5,verified-v3-adamw-3e-5,0.9769331095982161,2345,HotpotQA
4,3e-05,0.4301954794468499,adamw,0.9594314917062594,1.0,0.5,verified-v3-adamw-3e-5,1.0,2345,MSMARCO
4,3e-05,-0.016514137627356228,adamw,-9.275887684786804,0.8260120836767079,0.5,verified-v3-adamw-3e-5,0.6139261608909563,2345,NFCorpus
4,3e-05,0.4083713113971736,adamw,0.9479899455974068,1.0,0.5,verified-v3-adamw-3e-5,1.0,2345,NQ
4,3e-05,0.4722414174910977,adamw,0.9681241137585352,1.0,0.5,verified-v3-adamw-3e-5,1.0,2345,QuoraRetrieval
4,3e-05,0.11446932404786599,adamw,1.0734873940818934,1.036333090468903,0.5,verified-v3-adamw-3e-5,0.8915006182129204,2345,SCIDOCS
4,3e-05,0.2598690636196564,adamw,0.952946014081969,1.0,0.5,verified-v3-adamw-3e-5,1.0,2345,SciFact
4,3e-05,0.08349735494519692,adamw,1.0080150411492304,0.9774768038729915,0.5,verified-v3-adamw-3e-5,0.8905622779888998,2345,TRECCOVID
4,3e-05,0.304149075086763,adamw,0.9548185861507209,1.0,0.5,verified-v3-adamw-3e-5,1.0,2345,Touche2020
5,3e-05,0.23764562473249415,adamw,0.9427268505519112,1.0,0.5,verified-v3-adamw-3e-5,1.0,2345,ArguAna
5,3e-05,0.0017121801063618236,adamw,0.17979265574323508,1.0055318117186876,0.5,verified-v3-adamw-3e-5,0.7541578633206456,2345,ClimateFEVER
5,3e-05,0.2927272155564883,adamw,0.9675081103263512,0.9769331095982161,0.5,verified-v3-adamw-3e-5,0.9769331095982161,2345,DBPedia
5,3e-05,0.40202742314237744,adamw,0.958103796189873,1.0,0.5,verified-v3-adamw-3e-5,1.0,2345,FEVER
5,3e-05,0.22720349537474877,adamw,0.9924936582580111,1.0236115350940154,0.5,verified-v3-adamw-3e-5,1.0,2345,FiQA2018
5,3e-05,0.2858560385623858,adamw,0.9524541198988816,1.0,0.5,verified-v3-adamw-3e-5,1.0,2345,HotpotQA
5,3e-05,0.44140262334773717,adamw,0.9844259123924569,1.0,0.5,verified-v3-adamw-3e-5,1.0,2345,MSMARCO
5,3e-05,-0.022915557949253096,adamw,-12.871525390425399,0.8279827767477668,0.5,verified-v3-adamw-3e-5,0.615390861051303,2345,NFCorpus
5,3e-05,0.4147820863317607,adamw,0.9628718680338382,1.0,0.5,verified-v3-adamw-3e-5,1.0,2345,NQ
5,3e-05,0.4845690074653356,adamw,0.9933964356611618,1.0,0.5,verified-v3-adamw-3e-5,1.0,2345,QuoraRetrieval
5,3e-05,0.09959461152061674,adamw,0.933993110164247,0.9945895246886843,0.5,verified-v3-adamw-3e-5,0.8555909140437343,2345,SCIDOCS
5,3e-05,0.26888627086462613,adamw,0.986012326718634,1.0,0.5,verified-v3-adamw-3e-5,1.0,2345,SciFact
5,3e-05,0.08148840239001087,adamw,0.9837621244680751,0.9746818938298829,0.5,verified-v3-adamw-3e-5,0.8880158835937564,2345,TRECCOVID
5,3e-05,0.28917368776889196,adamw,0.9078061855973735,1.0,0.5,verified-v3-adamw-3e-5,1.0,2345,Touche2020
6,3e-05,0.23237814044909383,adamw,0.9218310361458542,1.0,0.5,verified-v3-adamw-3e-5,1.0,2345,ArguAna
6,3e-05,0.023893222931775378,adamw,2.5089802113734243,1.0740898726374815,0.5,verified-v3-adamw-3e-5,0.8055770229467849,2345,ClimateFEVER
6,3e-05,0.2737269836314279,adamw,0.904709444849925,0.9769331095982161,0.5,verified-v3-adamw-3e-5,0.9769331095982161,2345,DBPedia
6,3e-05,0.40573374252225214,adamw,0.9669366231646948,1.0,0.5,verified-v3-adamw-3e-5,1.0,2345,FEVER
6,3e-05,0.23145828478242197,adamw,1.011079866614418,1.0,0.5,verified-v3-adamw-3e-5,0.9769331095982161,2345,FiQA2018
6,3e-05,0.27342002175116187,adamw,0.9110181036910345,0.9769331095982161,0.5,verified-v3-adamw-3e-5,0.9769331095982161,2345,HotpotQA
6,3e-05,0.42548275421233994,adamw,0.9489210674508454,1.0,0.5,verified-v3-adamw-3e-5,1.0,2345,MSMARCO
6,3e-05,-0.011087479282200344,adamw,-6.227767676994697,0.8674513250438933,0.5,verified-v3-adamw-3e-5,0.6447255097933957,2345,NFCorpus
6,3e-05,0.40124916732660515,adamw,0.9314566564520572,1.0,0.5,verified-v3-adamw-3e-5,1.0,2345,NQ
6,3e-05,0.46253036932401836,adamw,0.9482158643924208,1.0,0.5,verified-v3-adamw-3e-5,1.0,2345,QuoraRetrieval
6,3e-05,0.10671682033117717,adamw,1.000784815625516,1.0191773258425274,0.5,verified-v3-adamw-3e-5,0.8767424531876108,2345,SCIDOCS
6,3e-05,0.26877145182568196,adamw,0.9855912825821042,1.0,0.5,verified-v3-adamw-3e-5,1.0,2345,SciFact
6,3e-05,0.08964516967348823,adamw,1.0822340355159843,1.0265438768312476,0.5,verified-v3-adamw-3e-5,0.9352664429315494,2345,TRECCOVID
6,3e-05,0.2990658299511898,adamw,0.938860697960461,0.9769331095982161,0.5,verified-v3-adamw-3e-5,0.9769331095982161,2345,Touche2020
7,3e-05,0.2383364576416968,adamw,0.9454673459154733,1.0,0.5,verified-v3-adamw-3e-5,1.0,2345,ArguAna
7,3e-05,-0.005436843972672199,adamw,-0.5709122615525623,0.9897369569390205,0.5,verified-v3-adamw-3e-5,0.7423115807930609,2345,ClimateFEVER
7,3e-05,0.2977481605460274,adamw,0.9841030995884414,1.0,0.5,verified-v3-adamw-3e-5,1.0,2345,DBPedia
7,3e-05,0.3985244458897266,adamw,0.9497555701472357,1.0,0.5,verified-v3-adamw-3e-5,1.0,2345,FEVER
7,3e-05,0.21247372389916586,adamw,0.9281495567159422,0.968012139528312,0.5,verified-v3-adamw-3e-5,0.9456831095982161,2345,FiQA2018
7,3e-05,0.2854229996484582,adamw,0.95101126180947,1.0,0.5,verified-v3-adamw-3e-5,1.0,2345,HotpotQA
7,3e-05,0.43430180810015306,adamw,0.9685895168680779,1.0,0.5,verified-v3-adamw-3e-5,1.0,2345,MSMARCO
7,3e-05,-0.011513345602987307,adamw,-6.466974122374531,0.8545105801710678,0.5,verified-v3-adamw-3e-5,0.6351074158504111,2345,NFCorpus
7,3e-05,0.4202010734176843,adamw,0.9754514619705471,1.0,0.5,verified-v3-adamw-3e-5,1.0,2345,NQ
7,3e-05,0.500324121612975,adamw,1.025695394109963,1.0,0.5,verified-v3-adamw-3e-5,1.0,2345,QuoraRetrieval
7,3e-05,0.10168434824442674,adamw,0.9535905529605544,1.0297743984113763,0.5,verified-v3-adamw-3e-5,0.8858585345259973,2345,SCIDOCS
7,3e-05,0.2510805623550602,adamw,0.9207183716946902,1.0,0.5,verified-v3-adamw-3e-5,1.0,2345,SciFact
7,3e-05,0.07037096967291626,adamw,0.8495478202526746,0.9746818938298829,0.5,verified-v3-adamw-3e-5,0.8880158835937564,2345,TRECCOVID
7,3e-05,0.30051174843471723,adamw,0.9433998859942797,1.0,0.5,verified-v3-adamw-3e-5,1.0,2345,Touche2020
8,3e-05,0.23971123519248275,adamw,0.9509210112716977,1.0,0.5,verified-v3-adamw-3e-5,1.0,2345,ArguAna
8,3e-05,0.005649479009442727,adamw,0.5932406473473653,0.9871831857538189,0.5,verified-v3-adamw-3e-5,0.7403962295351534,2345,ClimateFEVER
8,3e-05,0.28643854930463397,adamw,0.9467231088694895,1.0,0.5,verified-v3-adamw-3e-5,1.0,2345,DBPedia
8,3e-05,0.4025021988260167,adamw,0.9592352722003349,1.0,0.5,verified-v3-adamw-3e-5,1.0,2345,FEVER
8,3e-05,0.19951531814466406,adamw,0.8715433169604138,0.9763884649059846,0.5,verified-v3-adamw-3e-5,0.9538662191964322,2345,FiQA2018
8,3e-05,0.2703370302572495,adamw,0.9007457723288647,0.9769331095982161,0.5,verified-v3-adamw-3e-5,0.9769331095982161,2345,HotpotQA
8,3e-05,0.4387009346112958,adamw,0.978400546301063,1.0,0.5,verified-v3-adamw-3e-5,1.0,2345,MSMARCO
8,3e-05,-0.013310026876326115,adamw,-7.476158741814969,0.848008284011866,0.5,verified-v3-adamw-3e-5,0.6302746418548708,2345,NFCorpus
8,3e-05,0.42149423426599997,adamw,0.9784533953777916,1.0,0.5,verified-v3-adamw-3e-5,1.0,2345,NQ
8,3e-05,0.49084449649010103,adamw,1.0062615762978722,1.0,0.5,verified-v3-adamw-3e-5,1.0,2345,QuoraRetrieval
8,3e-05,0.10886735091570543,adamw,1.0209523800999363,1.0245878011538432,0.5,verified-v3-adamw-3e-5,0.8813967888729465,2345,SCIDOCS
8,3e-05,0.28320712427462036,adamw,1.0385272355162425,1.0,0.5,verified-v3-adamw-3e-5,1.0,2345,SciFact
8,3e-05,0.07688654788043447,adamw,0.9282066093756745,0.9746818938298829,0.5,verified-v3-adamw-3e-5,0.8880158835937564,2345,TRECCOVID
8,3e-05,0.300426191479093,adamw,0.9431312960885528,1.0,0.5,verified-v3-adamw-3e-5,1.0,2345,Touche2020
9,3e-05,0.24634093701711998,adamw,0.9772206661812877,1.0,0.5,verified-v3-adamw-3e-5,1.0,2345,ArguAna
9,3e-05,0.004647664106094979,adamw,0.48804204039778737,0.967755493084488,0.5,verified-v3-adamw-3e-5,0.7258252860582783,2345,ClimateFEVER
9,3e-05,0.29012609056467065,adamw,0.9589109953612396,0.9769331095982161,0.5,verified-v3-adamw-3e-5,0.9769331095982161,2345,DBPedia
9,3e-05,0.39476801149869634,adamw,0.9408033100699184,1.0,0.5,verified-v3-adamw-3e-5,1.0,2345,FEVER
9,3e-05,0.21939926369756863,adamw,0.9584024114028431,1.0,0.5,verified-v3-adamw-3e-5,0.9769331095982161,2345,FiQA2018
9,3e-05,0.2902609854763566,adamw,0.9671311225511511,0.9769331095982161,0.5,verified-v3-adamw-3e-5,0.9769331095982161,2345,HotpotQA
9,3e-05,0.43034874560824204,adamw,0.9597733092958854,1.0,0.5,verified-v3-adamw-3e-5,1.0,2345,MSMARCO
9,3e-05,-0.009049361441840821,adamw,-5.082969649865637,0.8387481342164658,0.5,verified-v3-adamw-3e-5,0.623392117584935,2345,NFCorpus
9,3e-05,0.40609227748349364,adamw,0.9426994142218009,1.0,0.5,verified-v3-adamw-3e-5,1.0,2345,NQ
9,3e-05,0.49840357300618265,adamw,1.0217581506810423,1.0,0.5,verified-v3-adamw-3e-5,1.0,2345,QuoraRetrieval
9,3e-05,0.07371904326297296,adamw,0.6913333707945007,1.019741973420811,0.5,verified-v3-adamw-3e-5,0.8772281885846003,2345,SCIDOCS
9,3e-05,0.26800150889820595,adamw,0.9827678836226854,1.0,0.5,verified-v3-adamw-3e-5,1.0,2345,SciFact
9,3e-05,0.07480462056158672,adamw,0.9030727107826538,0.9403820465580993,0.5,verified-v3-adamw-3e-5,0.8567658835937564,2345,TRECCOVID
9,3e-05,0.30379225508422447,adamw,0.9536984171341394,1.0,0.5,verified-v3-adamw-3e-5,1.0,2345,Touche2020
10,3e-05,0.23929289309857127,adamw,0.9492614716732288,1.0,0.5,verified-v3-adamw-3e-5,1.0,2345,ArguAna
10,3e-05,0.01015632856561808,adamw,1.0664960296107262,0.9938060040267904,0.5,verified-v3-adamw-3e-5,0.7453634025471818,2345,ClimateFEVER
10,3e-05,0.30551970368739767,adamw,1.0097892354153848,0.9769331095982161,0.5,verified-v3-adamw-3e-5,0.9769331095982161,2345,DBPedia
10,3e-05,0.41234926263096905,adamw,0.9827025997251727,1.0,0.5,verified-v3-adamw-3e-5,1.0,2345,FEVER
10,3e-05,0.22419526861879227,adamw,0.9793528129863994,0.9763884649059846,0.5,verified-v3-adamw-3e-5,0.9538662191964322,2345,FiQA2018
10,3e-05,0.2926514253269298,adamw,0.9750959159328099,1.0,0.5,verified-v3-adamw-3e-5,1.0,2345,HotpotQA
10,3e-05,0.43595718495500174,adamw,0.9722813750141134,1.0,0.5,verified-v3-adamw-3e-5,1.0,2345,MSMARCO
10,3e-05,-0.012774101512689751,adamw,-7.17513282131613,0.8337457884072759,0.5,verified-v3-adamw-3e-5,0.6196741683941493,2345,NFCorpus
10,3e-05,0.4264681209004382,adamw,0.9899997366324124,1.0,0.5,verified-v3-adamw-3e-5,1.0,2345,NQ
10,3e-05,0.46855844480101705,adamw,0.9605737919538019,1.0,0.5,verified-v3-adamw-3e-5,1.0,2345,QuoraRetrieval
10,3e-05,0.10046357123388927,adamw,0.9421421693634873,1.0229259310518364,0.5,verified-v3-adamw-3e-5,0.8799671730120284,2345,SCIDOCS
10,3e-05,0.2704617755035089,adamw,0.991789739562159,1.0,0.5,verified-v3-adamw-3e-5,1.0,2345,SciFact
10,3e-05,0.050341374232515584,adamw,0.6077421548479488,0.9314003054564327,0.5,verified-v3-adamw-3e-5,0.8485827739955403,2345,TRECCOVID
10,3e-05,0.29503729542953494,adamw,0.9262138745725267,1.0,0.5,verified-v3-adamw-3e-5,1.0,2345,Touche2020
11,3e-05,0.24190299390711673,adamw,0.95961559503499,1.0,0.5,verified-v3-adamw-3e-5,1.0,2345,ArguAna
11,3e-05,-0.010433523509653422,adamw,-1.0956037239248546,0.9847897423801818,0.5,verified-v3-adamw-3e-5,0.7386011255716538,2345,ClimateFEVER
11,3e-05,0.28089129167597615,adamw,0.928388576032858,0.9769331095982161,0.5,verified-v3-adamw-3e-5,0.9769331095982161,2345,DBPedia
11,3e-05,0.41572001000132275,adamw,0.9907356981299777,1.0,0.5,verified-v3-adamw-3e-5,1.0,2345,FEVER
11,3e-05,0.22518395657886622,adamw,0.9836717013413121,1.0236115350940154,0.5,verified-v3-adamw-3e-5,1.0,2345,FiQA2018
11,3e-05,0.2827181123355732,adamw,0.941998749504409,0.9769331095982161,0.5,verified-v3-adamw-3e-5,0.9769331095982161,2345,HotpotQA
11,3e-05,0.43484417124172914,adamw,0.9697991071655815,1.0,0.5,verified-v3-adamw-3e-5,1.0,2345,MSMARCO
11,3e-05,-0.02314193320647448,adamw,-12.998678954721838,0.8637661355566514,0.5,verified-v3-adamw-3e-5,0.6419865253659673,2345,NFCorpus
11,3e-05,0.4270140965053324,adamw,0.9912671601010453,1.0,0.5,verified-v3-adamw-3e-5,1.0,2345,NQ
11,3e-05,0.4816281228037178,adamw,0.9873674402125606,1.0,0.5,verified-v3-adamw-3e-5,1.0,2345,QuoraRetrieval
11,3e-05,0.09904509243911531,adamw,0.9288397486701879,1.0177330931508912,0.5,verified-v3-adamw-3e-5,0.8755000588751274,2345,SCIDOCS
11,3e-05,0.2798163436289995,adamw,1.0260931625417082,1.0,0.5,verified-v3-adamw-3e-5,1.0,2345,SciFact
11,3e-05,0.07497146257535998,adamw,0.9050868974534707,0.9657001527282164,0.5,verified-v3-adamw-3e-5,0.8798327739955403,2345,TRECCOVID
11,3e-05,0.31457641094076727,adamw,0.9875532379809095,1.0,0.5,verified-v3-adamw-3e-5,1.0,2345,Touche2020
12,3e-05,0.2292421302350803,adamw,0.9093906597001129,1.0,0.5,verified-v3-adamw-3e-5,1.0,2345,ArguAna
12,3e-05,-0.0017109767952976796,adamw,-0.17966629842188564,0.9743078821557887,0.5,verified-v3-adamw-3e-5,0.7307396365383605,2345,ClimateFEVER
12,3e-05,0.27159777988326556,adamw,0.8976721015985702,0.96875,0.5,verified-v3-adamw-3e-5,0.96875,2345,DBPedia
12,3e-05,0.40305529614093144,adamw,0.9605534027719764,1.0,0.5,verified-v3-adamw-3e-5,1.0,2345,FEVER
12,3e-05,0.23092118411694448,adamw,1.0087336482895048,1.0236115350940154,0.5,verified-v3-adamw-3e-5,1.0,2345,FiQA2018
12,3e-05,0.29553787759273836,adamw,0.9847133911006848,0.9769331095982161,0.5,verified-v3-adamw-3e-5,0.9769331095982161,2345,HotpotQA
12,3e-05,0.43044382605809195,adamw,0.9599853598221925,1.0,0.5,verified-v3-adamw-3e-5,1.0,2345,MSMARCO
12,3e-05,-0.01588386911820682,adamw,-8.921869810281306,0.8666095058528088,0.5,verified-v3-adamw-3e-5,0.64409983514001,2345,NFCorpus
12,3e-05,0.4006824887359655,adamw,0.9301411732353893,1.0,0.5,verified-v3-adamw-3e-5,1.0,2345,NQ
12,3e-05,0.4825901913122647,adamw,0.9893397401585506,1.0,0.5,verified-v3-adamw-3e-5,1.0,2345,QuoraRetrieval
12,3e-05,0.10405566643484271,adamw,0.9758286521713454,1.0206931727281343,0.5,verified-v3-adamw-3e-5,0.8780464532702706,2345,SCIDOCS
12,3e-05,0.2501107703197481,adamw,0.9171621213212647,0.9769331095982161,0.5,verified-v3-adamw-3e-5,0.9769331095982161,2345,SciFact
12,3e-05,0.08085383242281573,adamw,0.9761013300391485,0.9657001527282164,0.5,verified-v3-adamw-3e-5,0.8798327739955403,2345,TRECCOVID
12,3e-05,0.30109774496313274,adamw,0.9452395114364788,1.0,0.5,verified-v3-adamw-3e-5,1.0,2345,Touche2020
13,3e-05,0.23842840370344864,adamw,0.9458320907800739,1.0,0.5,verified-v3-adamw-3e-5,1.0,2345,ArguAna
13,3e-05,0.009391474266113257,adamw,0.9861801882727452,0.9745266993192021,0.5,verified-v3-adamw-3e-5,0.7309037513704271,2345,ClimateFEVER
13,3e-05,0.297038993007939,adamw,0.9817591926736836,1.0,0.5,verified-v3-adamw-3e-5,1.0,2345,DBPedia
13,3e-05,0.4140019030064001,adamw,0.9866411395517866,1.0,0.5,verified-v3-adamw-3e-5,1.0,2345,FEVER
13,3e-05,0.21869983616248395,adamw,0.9553471001637374,1.0,0.5,verified-v3-adamw-3e-5,0.9769331095982161,2345,FiQA2018
13,3e-05,0.2998590003729363,adamw,0.9991110970763457,0.9769331095982161,0.5,verified-v3-adamw-3e-5,0.9769331095982161,2345,HotpotQA
13,3e-05,0.43798887124253527,adamw,0.9768124867962126,1.0,0.5,verified-v3-adamw-3e-5,1.0,2345,MSMARCO
13,3e-05,-0.007080575497657667,adamw,-3.977114914624854,0.9471890688788666,0.5,verified-v3-adamw-3e-5,0.7039898812452198,2345,NFCorpus
13,3e-05,0.43125779099072986,adamw,1.0011184390524976,1.0,0.5,verified-v3-adamw-3e-5,1.0,2345,NQ
13,3e-05,0.4905008602507574,adamw,1.0055571007534836,1.0,0.5,verified-v3-adamw-3e-5,1.0,2345,QuoraRetrieval
13,3e-05,0.09939753862903429,adamw,0.9321449707907624,1.0050366045285082,0.5,verified-v3-adamw-3e-5,0.864577964849483,2345,SCIDOCS
13,3e-05,0.26456385021089945,adamw,0.9701619077584802,0.9769331095982161,0.5,verified-v3-adamw-3e-5,0.9769331095982161,2345,SciFact
13,3e-05,0.05931087269558507,adamw,0.7160256971023498,0.9657001527282164,0.5,verified-v3-adamw-3e-5,0.8798327739955403,2345,TRECCOVID
13,3e-05,0.3118359164425817,adamw,0.978949973014988,1.0,0.5,verified-v3-adamw-3e-5,1.0,2345,Touche2020
14,3e-05,0.2405787645506385,adamw,0.9543624515275244,1.0,0.5,verified-v3-adamw-3e-5,1.0,2345,ArguAna
14,3e-05,0.008444255887073916,adamw,0.8867146546507254,1.0625828821089982,0.5,verified-v3-adamw-3e-5,0.7969466770053879,2345,ClimateFEVER
14,3e-05,0.3122630261368555,adamw,1.0320769449745846,1.0,0.5,verified-v3-adamw-3e-5,1.0,2345,DBPedia
14,3e-05,0.41417651229682584,adamw,0.9870572649561166,1.0,0.5,verified-v3-adamw-3e-5,1.0,2345,FEVER
14,3e-05,0.2245633217860043,adamw,0.9809605806563343,1.0,0.5,verified-v3-adamw-3e-5,0.9769331095982161,2345,FiQA2018
14,3e-05,0.30714869212792606,adamw,1.0233998858658035,0.96875,0.5,verified-v3-adamw-3e-5,0.96875,2345,HotpotQA
14,3e-05,0.4420725888240791,adamw,0.9859200842447157,1.0,0.5,verified-v3-adamw-3e-5,1.0,2345,MSMARCO
14,3e-05,-0.020877037163163838,adamw,-11.726501031203412,0.9297078286501342,0.5,verified-v3-adamw-3e-5,0.6909971043678313,2345,NFCorpus
14,3e-05,0.4079654680078983,adamw,0.9470478239503111,1.0,0.5,verified-v3-adamw-3e-5,1.0,2345,NQ
14,3e-05,0.48341264264677086,adamw,0.991025816262503,1.0,0.5,verified-v3-adamw-3e-5,1.0,2345,QuoraRetrieval
14,3e-05,0.10702498346855044,adamw,1.0036747535721453,1.0245878011538432,0.5,verified-v3-adamw-3e-5,0.8813967888729465,2345,SCIDOCS
14,3e-05,0.2541193642596984,adamw,0.9318617302856457,1.0,0.5,verified-v3-adamw-3e-5,1.0,2345,SciFact
14,3e-05,0.08061068241174763,adamw,0.9731659212639469,0.9669259233893469,0.5,verified-v3-adamw-3e-5,0.8809495525297655,2345,TRECCOVID
14,3e-05,0.301938968620361,adamw,0.947880374252853,1.0,0.5,verified-v3-adamw-3e-5,1.0,2345,Touche2020
15,3e-05,0.24698301290017785,adamw,0.9797677451596272,1.0,0.5,verified-v3-adamw-3e-5,1.0,2345,ArguAna
15,3e-05,0.015375895771265783,adamw,1.6145924864301953,1.0446442097064101,0.5,verified-v3-adamw-3e-5,0.7834925120627381,2345,ClimateFEVER
15,3e-05,0.29761224340847625,adamw,0.9836538727112512,1.0,0.5,verified-v3-adamw-3e-5,1.0,2345,DBPedia
15,3e-05,0.4114691356840814,adamw,0.9806050986085799,1.0,0.5,verified-v3-adamw-3e-5,1.0,2345,FEVER
15,3e-05,0.21773155670478256,adamw,0.9511173623262756,1.0236115350940154,0.5,verified-v3-adamw-3e-5,1.0,2345,FiQA2018
15,3e-05,0.2789082259300968,adamw,0.9293044505786551,0.9769331095982161,0.5,verified-v3-adamw-3e-5,0.9769331095982161,2345,HotpotQA
15,3e-05,0.44567790844359306,adamw,0.9939607479566538,1.0,0.5,verified-v3-adamw-3e-5,1.0,2345,MSMARCO
15,3e-05,-0.03894118943251824,adamw,-21.87302223336704,0.8114023776552574,0.5,verified-v3-adamw-3e-5,0.6030676263649589,2345,NFCorpus
15,3e-05,0.42509886867111035,adamw,0.9868211652926466,1.0,0.5,verified-v3-adamw-3e-5,1.0,2345,NQ
15,3e-05,0.4874710496619594,adamw,0.9993458016541378,1.0,0.5,verified-v3-adamw-3e-5,1.0,2345,QuoraRetrieval
15,3e-05,0.09840110202622246,adamw,0.9228004399217498,1.0,0.5,verified-v3-adamw-3e-5,0.86024524972907,2345,SCIDOCS
15,3e-05,0.26415340332834697,adamw,0.9686567893143193,1.0,0.5,verified-v3-adamw-3e-5,1.0,2345,SciFact
15,3e-05,0.062480992218886144,adamw,0.7542967077688035,0.9567184116265498,0.5,verified-v3-adamw-3e-5,0.8716496643973242,2345,TRECCOVID
15,3e-05,0.32486539130769954,adamw,1.0198535488862914,1.0,0.5,verified-v3-adamw-3e-5,1.0,2345,Touche2020
16,3e-05,0.25618174226318113,adamw,1.016258588074261,1.0,0.5,verified-v3-adamw-3e-5,1.0,2345,ArguAna
16,3e-05,-0.0021038793152489375,adamw,-0.22092421705309181,0.9999809022571764,0.5,verified-v3-adamw-3e-5,0.7499946315161496,2345,ClimateFEVER
16,3e-05,0.2863611675576102,adamw,0.9464673503890407,1.0,0.5,verified-v3-adamw-3e-5,1.0,2345,DBPedia
16,3e-05,0.40868976929226497,adamw,0.973981367644688,1.0,0.5,verified-v3-adamw-3e-5,1.0,2345,FEVER
16,3e-05,0.23726541779059276,adamw,1.0364471818212722,1.0,0.5,verified-v3-adamw-3e-5,0.9769331095982161,2345,FiQA2018
16,3e-05,0.2854780383012713,adamw,0.9511946470963059,0.9769331095982161,0.5,verified-v3-adamw-3e-5,0.9769331095982161,2345,HotpotQA
16,3e-05,0.43703952670641516,adamw,0.9746952375735939,1.0,0.5,verified-v3-adamw-3e-5,1.0,2345,MSMARCO
16,3e-05,0.0022379329780664887,adamw,1.2570329386281436,0.9450401761895607,0.5,verified-v3-adamw-3e-5,0.7023927357978554,2345,NFCorpus
16,3e-05,0.42807477017414347,adamw,0.9937293996010548,1.0,0.5,verified-v3-adamw-3e-5,1.0,2345,NQ
16,3e-05,0.485357222536742,adamw,0.9950123253082633,1.0,0.5,verified-v3-adamw-3e-5,1.0,2345,QuoraRetrieval
16,3e-05,0.09431294046214282,adamw,0.8844618724451524,1.0011482167462111,0.5,verified-v3-adamw-3e-5,0.8612329977306574,2345,SCIDOCS
16,3e-05,0.2715796250079269,adamw,0.9958889201831261,1.0,0.5,verified-v3-adamw-3e-5,1.0,2345,SciFact
16,3e-05,0.08697055373611857,adamw,1.0499449516769142,1.0,0.5,verified-v3-adamw-3e-5,0.9110827739955403,2345,TRECCOVID
16,3e-05,0.31170580481473087,adamw,0.9785415121294475,1.0,0.5,verified-v3-adamw-3e-5,1.0,2345,Touche2020
17,3e-05,0.24410010763258655,adamw,0.9683314218256076,1.0,0.5,verified-v3-adamw-3e-5,1.0,2345,ArguAna
17,3e-05,0.013384205598071141,adamw,1.4054490298943818,1.036466494916502,0.5,verified-v3-adamw-3e-5,0.7773591527389176,2345,ClimateFEVER
17,3e-05,0.29644363686271974,adamw,0.9797914497771537,1.0,0.5,verified-v3-adamw-3e-5,1.0,2345,DBPedia
17,3e-05,0.40833904385805464,adamw,0.973145525732933,1.0,0.5,verified-v3-adamw-3e-5,1.0,2345,FEVER
17,3e-05,0.23207919064858656,adamw,1.0137921714296547,0.9763884649059846,0.5,verified-v3-adamw-3e-5,0.9538662191964322,2345,FiQA2018
17,3e-05,0.28213912254899143,adamw,0.9400695924000757,1.0,0.5,verified-v3-adamw-3e-5,1.0,2345,HotpotQA
17,3e-05,0.4323906819298415,adamw,0.9643272809311066,1.0,0.5,verified-v3-adamw-3e-5,1.0,2345,MSMARCO
17,3e-05,-0.005085530318870799,adamw,-2.856510531756754,0.9364263400718108,0.5,verified-v3-adamw-3e-5,0.6959905784410585,2345,NFCorpus
17,3e-05,0.42043788017344813,adamw,0.9760011833080857,1.0,0.5,verified-v3-adamw-3e-5,1.0,2345,NQ
17,3e-05,0.4774954976180691,adamw,0.9788953029811247,1.0,0.5,verified-v3-adamw-3e-5,1.0,2345,QuoraRetrieval
17,3e-05,0.08164939101588235,adamw,0.765703761414385,0.9945895246886843,0.5,verified-v3-adamw-3e-5,0.8555909140437343,2345,SCIDOCS
17,3e-05,0.24109413227471166,adamw,0.8840978959542427,0.9769331095982161,0.5,verified-v3-adamw-3e-5,0.9769331095982161,2345,SciFact
17,3e-05,0.07011206824575844,adamw,0.8464222537850737,0.9657001527282164,0.5,verified-v3-adamw-3e-5,0.8798327739955403,2345,TRECCOVID
17,3e-05,0.2959143193033052,adamw,0.9289671254082719,0.9769331095982161,0.5,verified-v3-adamw-3e-5,0.9769331095982161,2345,Touche2020
18,3e-05,0.24027782536976805,adamw,0.9531686426934295,1.0,0.5,verified-v3-adamw-3e-5,1.0,2345,ArguAna
18,3e-05,0.016338038516978504,adamw,1.7156251983587043,0.9510488282995825,0.5,verified-v3-adamw-3e-5,0.7132951378615114,2345,ClimateFEVER
18,3e-05,0.30122588525326155,adamw,0.9955975103603777,1.0,0.5,verified-v3-adamw-3e-5,1.0,2345,DBPedia
18,3e-05,0.39743101590107865,adamw,0.9471497294441242,1.0,0.5,verified-v3-adamw-3e-5,1.0,2345,FEVER
18,3e-05,0.22928858822654438,adamw,1.0016019751387568,1.0,0.5,verified-v3-adamw-3e-5,0.9769331095982161,2345,FiQA2018
18,3e-05,0.31314888218554926,adamw,1.0433921371028272,0.9769331095982161,0.5,verified-v3-adamw-3e-5,0.9769331095982161,2345,HotpotQA
18,3e-05,0.4606684086901942,adamw,1.0273928938069834,1.0,0.5,verified-v3-adamw-3e-5,1.0,2345,MSMARCO
18,3e-05,-0.02140498950307139,adamw,-12.023048554205184,0.8182207951066821,0.5,verified-v3-adamw-3e-5,0.608135354709407,2345,NFCorpus
18,3e-05,0.4224977891450885,adamw,0.9807830397692555,1.0,0.5,verified-v3-adamw-3e-5,1.0,2345,NQ
18,3e-05,0.48001650227898146,adamw,0.9840635184589062,1.0,0.5,verified-v3-adamw-3e-5,1.0,2345,QuoraRetrieval
18,3e-05,0.09103899586631886,adamw,0.8537589895394235,0.9638868180722542,0.5,verified-v3-adamw-3e-5,0.829179056523125,2345,SCIDOCS
18,3e-05,0.28164025376303364,adamw,1.0327814842221041,0.96875,0.5,verified-v3-adamw-3e-5,0.96875,2345,SciFact
18,3e-05,0.0724145074890387,adamw,0.8742182646896355,0.9746818938298829,0.5,verified-v3-adamw-3e-5,0.8880158835937564,2345,TRECCOVID
18,3e-05,0.29503690636249374,adamw,0.9262126531700218,1.0,0.5,verified-v3-adamw-3e-5,1.0,2345,Touche2020
19,3e-05,0.2484029455484161,adamw,0.9854005382521838,1.0,0.5,verified-v3-adamw-3e-5,1.0,2345,ArguAna
19,3e-05,0.011753444735546353,adamw,1.2342060483493664,1.0471979808916116,0.5,verified-v3-adamw-3e-5,0.7854078633206456,2345,ClimateFEVER
19,3e-05,0.3048454012317987,adamw,1.0075605629178013,1.0,0.5,verified-v3-adamw-3e-5,1.0,2345,DBPedia
19,3e-05,0.41049906127798647,adamw,0.9782932364878285,1.0,0.5,verified-v3-adamw-3e-5,1.0,2345,FEVER
19,3e-05,0.22866417040090556,adamw,0.9988743290212196,1.0,0.5,verified-v3-adamw-3e-5,0.9769331095982161,2345,FiQA2018
19,3e-05,0.2976940466409947,adamw,0.9918976090851581,1.0,0.5,verified-v3-adamw-3e-5,1.0,2345,HotpotQA
19,3e-05,0.45479380389811763,adamw,1.0142912200141905,1.0,0.5,verified-v3-adamw-3e-5,1.0,2345,MSMARCO
19,3e-05,-0.013022060553170829,adamw,-7.314409861500165,0.9138356249326803,0.5,verified-v3-adamw-3e-5,0.6792002296178132,2345,NFCorpus
19,3e-05,0.4439552406134304,adamw,1.0305941985907152,1.0,0.5,verified-v3-adamw-3e-5,1.0,2345,NQ
19,3e-05,0.4844274024868004,adamw,0.9931061366969656,1.0,0.5,verified-v3-adamw-3e-5,1.0,2345,QuoraRetrieval
19,3e-05,0.09559313091448077,adamw,0.8964674322231949,0.9961116122177031,0.5,verified-v3-adamw-3e-5,0.8569002826102445,2345,SCIDOCS
19,3e-05,0.2621701923273545,adamw,0.9613843075800359,1.0,0.5,verified-v3-adamw-3e-5,1.0,2345,SciFact
19,3e-05,0.06631793850311635,adamw,0.8006179303886607,0.9493637876597658,0.5,verified-v3-adamw-3e-5,0.8649489931919725,2345,TRECCOVID
19,3e-05,0.30606180579504694,adamw,0.9608232430119978,1.0,0.5,verified-v3-adamw-3e-5,1.0,2345,Touche2020
0,3e-05,0.23023673968048222,adamw,0.9133362195270543,1.0,0.75,verified-v3-adamw-3e-5,1.0,2345,ArguAna
0,3e-05,-0.005497170635702422,adamw,-0.5772470454447651,0.9777543656034049,0.75,verified-v3-adamw-3e-5,0.7333245299873122,2345,ClimateFEVER
0,3e-05,0.2707288719516322,adamw,0.8948002283107244,1.0,0.75,verified-v3-adamw-3e-5,1.0,2345,DBPedia
0,3e-05,0.356866929055818,adamw,0.8504782006920767,1.0,0.75,verified-v3-adamw-3e-5,1.0,2345,FEVER
0,3e-05,0.2102700059540228,adamw,0.9185230495113047,1.0,0.75,verified-v3-adamw-3e-5,0.9769331095982161,2345,FiQA2018
0,3e-05,0.22972126927039865,adamw,0.765416642745647,0.9538662191964322,0.75,verified-v3-adamw-3e-5,0.9538662191964322,2345,HotpotQA
0,3e-05,0.4257434362174223,adamw,0.9495024462354824,1.0,0.75,verified-v3-adamw-3e-5,1.0,2345,MSMARCO
0,3e-05,-0.006670991743003094,adamw,-3.7470542846713104,0.8514271285592585,0.75,verified-v3-adamw-3e-5,0.6328156677661638,2345,NFCorpus
0,3e-05,0.38420698251471447,adamw,0.8918950628684855,1.0,0.75,verified-v3-adamw-3e-5,1.0,2345,NQ
0,3e-05,0.43792829065414535,adamw,0.8977800814925917,1.0,0.75,verified-v3-adamw-3e-5,1.0,2345,QuoraRetrieval
0,3e-05,0.05684703116885653,adamw,0.5331085149522697,0.9712999330100776,0.75,verified-v3-adamw-3e-5,0.8355561534340832,2345,SCIDOCS
0,3e-05,0.2445742539084187,adamw,0.8968595844490894,1.0,0.75,verified-v3-adamw-3e-5,1.0,2345,SciFact
0,3e-05,0.044605894969491036,adamw,0.5385010469215614,0.8798816911759151,0.75,verified-v3-adamw-3e-5,0.80164505198444,2345,TRECCOVID
0,3e-05,0.2968017933544751,adamw,0.9317531826025663,1.0,0.75,verified-v3-adamw-3e-5,1.0,2345,Touche2020
1,3e-05,0.22677247565993358,adamw,0.899593678660803,1.0,0.75,verified-v3-adamw-3e-5,1.0,2345,ArguAna
1,3e-05,-0.009213385545202136,adamw,-0.967479442964728,0.9594057396385363,0.75,verified-v3-adamw-3e-5,0.7195628962018201,2345,ClimateFEVER
1,3e-05,0.2638354526120854,adamw,0.8720164256287185,0.9769331095982161,0.75,verified-v3-adamw-3e-5,0.9769331095982161,2345,DBPedia
1,3e-05,0.4060733573153025,adamw,0.9677459864163864,1.0,0.75,verified-v3-adamw-3e-5,1.0,2345,FEVER
1,3e-05,0.2005806952515568,adamw,0.8761972067278236,1.0236115350940154,0.75,verified-v3-adamw-3e-5,1.0,2345,FiQA2018
1,3e-05,0.26364759145912475,adamw,0.8784569881732875,0.9769331095982161,0.75,verified-v3-adamw-3e-5,0.9769331095982161,2345,HotpotQA
1,3e-05,0.4260533663277242,adamw,0.9501936592357538,1.0,0.75,verified-v3-adamw-3e-5,1.0,2345,MSMARCO
1,3e-05,-0.04973606951163982,adamw,-27.936438770407527,0.753247090858229,0.75,verified-v3-adamw-3e-5,0.5598442248380802,2345,NFCorpus
1,3e-05,0.3967805407805711,adamw,0.9210832219867996,1.0,0.75,verified-v3-adamw-3e-5,1.0,2345,NQ
1,3e-05,0.48932990059250303,adamw,1.0031565610307773,1.0,0.75,verified-v3-adamw-3e-5,1.0,2345,QuoraRetrieval
1,3e-05,0.06469988349549441,adamw,0.6067521574770338,0.988260951328352,0.75,verified-v3-adamw-3e-5,0.8501467888729465,2345,SCIDOCS
1,3e-05,0.24073075315954587,adamw,0.8827653761283942,1.0,0.75,verified-v3-adamw-3e-5,1.0,2345,SciFact
1,3e-05,0.06665143492734922,adamw,0.8046440389045156,0.8983203364241431,0.75,verified-v3-adamw-3e-5,0.8184441840459152,2345,TRECCOVID
1,3e-05,0.3086982672582499,adamw,0.9690999159100436,1.0,0.75,verified-v3-adamw-3e-5,1.0,2345,Touche2020
2,3e-05,0.22820800804489455,adamw,0.9052883550330816,1.0,0.75,verified-v3-adamw-3e-5,1.0,2345,ArguAna
2,3e-05,-0.009990284059683422,adamw,-1.0490600235605212,1.0010719088114604,0.75,verified-v3-adamw-3e-5,0.7508128962018201,2345,ClimateFEVER
2,3e-05,0.27545533539449424,adamw,0.9104219111304676,0.96875,0.75,verified-v3-adamw-3e-5,0.96875,2345,DBPedia
2,3e-05,0.38730376727357413,adamw,0.9230146709967942,1.0,0.75,verified-v3-adamw-3e-5,1.0,2345,FEVER
2,3e-05,0.21236883100339266,adamw,0.9276913527887557,1.0236115350940154,0.75,verified-v3-adamw-3e-5,1.0,2345,FiQA2018
2,3e-05,0.2754422965484781,adamw,0.9177561945564867,1.0,0.75,verified-v3-adamw-3e-5,1.0,2345,HotpotQA
2,3e-05,0.4107321051912277,adamw,0.9160238431188783,1.0,0.75,verified-v3-adamw-3e-5,1.0,2345,MSMARCO
2,3e-05,-0.012655666702740927,adamw,-7.108608730270981,0.8245095046650524,0.75,verified-v3-adamw-3e-5,0.6128093823567309,2345,NFCorpus
2,3e-05,0.40913458468974523,adamw,0.9497618022065927,1.0,0.75,verified-v3-adamw-3e-5,1.0,2345,NQ
2,3e-05,0.4913153758766502,adamw,1.0072269081639589,1.0,0.75,verified-v3-adamw-3e-5,1.0,2345,QuoraRetrieval
2,3e-05,0.08677809213169206,adamw,0.813800454931447,1.0,0.75,verified-v3-adamw-3e-5,0.86024524972907,2345,SCIDOCS
2,3e-05,0.26517018688577965,adamw,0.9723853587128596,0.9644172848795871,0.75,verified-v3-adamw-3e-5,0.9644172848795871,2345,SciFact
2,3e-05,0.07657418030024007,adamw,0.9244355771147122,0.9609445857873424,0.75,verified-v3-adamw-3e-5,0.8755000588751274,2345,TRECCOVID
2,3e-05,0.2828425433484537,adamw,0.8879307532538281,1.0,0.75,verified-v3-adamw-3e-5,1.0,2345,Touche2020
3,3e-05,0.23755071439765815,adamw,0.9423503465824168,1.0,0.75,verified-v3-adamw-3e-5,1.0,2345,ArguAna
3,3e-05,-0.004092881023647767,adamw,-0.4297853632036162,1.0241443792202765,0.75,verified-v3-adamw-3e-5,0.768117455622273,2345,ClimateFEVER
3,3e-05,0.28326641949853926,adamw,0.936238735872021,1.0,0.75,verified-v3-adamw-3e-5,1.0,2345,DBPedia
3,3e-05,0.3928640577151995,adamw,0.9362658451042701,1.0,0.75,verified-v3-adamw-3e-5,1.0,2345,FEVER
3,3e-05,0.21843227188857176,adamw,0.9541782984047844,1.0,0.75,verified-v3-adamw-3e-5,0.9769331095982161,2345,FiQA2018
3,3e-05,0.27114416694662313,adamw,0.9034351003870777,0.9769331095982161,0.75,verified-v3-adamw-3e-5,0.9769331095982161,2345,HotpotQA
3,3e-05,0.43016390134064103,adamw,0.9593610655139987,1.0,0.75,verified-v3-adamw-3e-5,1.0,2345,MSMARCO
3,3e-05,-0.016715257592306347,adamw,-9.38885550957683,0.8870486996409901,0.75,verified-v3-adamw-3e-5,0.6592910847864203,2345,NFCorpus
3,3e-05,0.40316680254010256,adamw,0.9359082397317432,1.0,0.75,verified-v3-adamw-3e-5,1.0,2345,NQ
3,3e-05,0.4702692592616299,adamw,0.9640810674110998,1.0,0.75,verified-v3-adamw-3e-5,1.0,2345,QuoraRetrieval
3,3e-05,0.06301170523957544,adamw,0.5909205092012533,1.0031839576310255,0.75,verified-v3-adamw-3e-5,0.8629842341564983,2345,SCIDOCS
3,3e-05,0.23803253996872903,adamw,0.8728709644215218,0.96875,0.75,verified-v3-adamw-3e-5,0.96875,2345,SciFact
3,3e-05,0.06137765184018499,adamw,0.7409767205911495,0.9595133216696584,0.75,verified-v3-adamw-3e-5,0.8741960587924675,2345,TRECCOVID
3,3e-05,0.30788473971068514,adamw,0.9665459997998636,1.0,0.75,verified-v3-adamw-3e-5,1.0,2345,Touche2020
4,3e-05,0.22703804102239944,adamw,0.9006471615433721,1.0,0.75,verified-v3-adamw-3e-5,1.0,2345,ArguAna
4,3e-05,0.016593785477553653,adamw,1.7424806822352057,0.9932096960224622,0.75,verified-v3-adamw-3e-5,0.7449161662040009,2345,ClimateFEVER
4,3e-05,0.2738457340467232,adamw,0.9051019330908439,1.0,0.75,verified-v3-adamw-3e-5,1.0,2345,DBPedia
4,3e-05,0.36901327529345307,adamw,0.8794251325932703,1.0,0.75,verified-v3-adamw-3e-5,1.0,2345,FEVER
4,3e-05,0.2179106477708042,adamw,0.9518996863261067,1.0,0.75,verified-v3-adamw-3e-5,0.9769331095982161,2345,FiQA2018
4,3e-05,0.26867221390513485,adamw,0.8951987102432738,1.0,0.75,verified-v3-adamw-3e-5,1.0,2345,HotpotQA
4,3e-05,0.4032623310346306,adamw,0.8993645872592214,1.0,0.75,verified-v3-adamw-3e-5,1.0,2345,MSMARCO
4,3e-05,-0.015446100446272936,adamw,-8.675977888801233,0.9118220252557072,0.75,verified-v3-adamw-3e-5,0.6777036395028686,2345,NFCorpus
4,3e-05,0.4165075696002529,adamw,0.9668773913019413,1.0,0.75,verified-v3-adamw-3e-5,1.0,2345,NQ
4,3e-05,0.455361916831996,adamw,0.9335200934184779,1.0,0.75,verified-v3-adamw-3e-5,1.0,2345,QuoraRetrieval
4,3e-05,0.1000527259792002,adamw,0.9382892838372072,1.044323533931242,0.75,verified-v3-adamw-3e-5,0.8983743592446263,2345,SCIDOCS
4,3e-05,0.2296971570890392,adamw,0.8423049178886682,0.9769331095982161,0.75,verified-v3-adamw-3e-5,0.9769331095982161,2345,SciFact
4,3e-05,0.03936475672103302,adamw,0.47522783077410646,0.9403820465580993,0.75,verified-v3-adamw-3e-5,0.8567658835937564,2345,TRECCOVID
4,3e-05,0.267563992476459,adamw,0.8399666279712891,1.0,0.75,verified-v3-adamw-3e-5,1.0,2345,Touche2020
5,3e-05,0.24265647990733968,adamw,0.9626046316929329,1.0,0.75,verified-v3-adamw-3e-5,1.0,2345,ArguAna
5,3e-05,-0.010244848803430304,adamw,-1.075791365179775,0.98444306012657,0.75,verified-v3-adamw-3e-5,0.7383411107769073,2345,ClimateFEVER
5,3e-05,0.27686316121197907,adamw,0.9150749902565543,0.9769331095982161,0.75,verified-v3-adamw-3e-5,0.9769331095982161,2345,DBPedia
5,3e-05,0.3800098046654498,adamw,0.9056318437023587,1.0,0.75,verified-v3-adamw-3e-5,1.0,2345,FEVER
5,3e-05,0.22917527714533106,adamw,1.0011069980287917,0.9635771223527811,0.75,verified-v3-adamw-3e-5,0.9413503944778032,2345,FiQA2018
5,3e-05,0.2695272246252181,adamw,0.8980475515236488,1.0,0.75,verified-v3-adamw-3e-5,1.0,2345,HotpotQA
5,3e-05,0.42625198453800817,adamw,0.9506366219698528,1.0,0.75,verified-v3-adamw-3e-5,1.0,2345,MSMARCO
5,3e-05,-0.023486643485622245,adamw,-13.192300559756147,0.8678601860675353,0.75,verified-v3-adamw-3e-5,0.6450293921258008,2345,NFCorpus
5,3e-05,0.4113584577207517,adamw,0.9549242835436544,1.0,0.75,verified-v3-adamw-3e-5,1.0,2345,NQ
5,3e-05,0.4378991971111981,adamw,0.8977204379301283,1.0,0.75,verified-v3-adamw-3e-5,1.0,2345,QuoraRetrieval
5,3e-05,0.07665102971807977,adamw,0.7188293879620338,1.0011482167462111,0.75,verified-v3-adamw-3e-5,0.8612329977306574,2345,SCIDOCS
5,3e-05,0.2303554238077823,adamw,0.8447187975444135,1.0,0.75,verified-v3-adamw-3e-5,1.0,2345,SciFact
5,3e-05,0.02855395070071742,adamw,0.344715252470551,0.9266447385155588,0.75,verified-v3-adamw-3e-5,0.8442500588751274,2345,TRECCOVID
5,3e-05,0.2724291078041434,adamw,0.8552397388210088,1.0,0.75,verified-v3-adamw-3e-5,1.0,2345,Touche2020
6,3e-05,0.22601602536239057,adamw,0.8965928828018239,0.96875,0.75,verified-v3-adamw-3e-5,0.96875,2345,ArguAna
6,3e-05,-0.01550619151499074,adamw,-1.6282745854741607,1.0164496521358448,0.75,verified-v3-adamw-3e-5,0.7623463414027121,2345,ClimateFEVER
6,3e-05,0.28094091290741174,adamw,0.9285525817737217,1.0,0.75,verified-v3-adamw-3e-5,1.0,2345,DBPedia
6,3e-05,0.37508751949569874,adamw,0.8939011511286896,1.0,0.75,verified-v3-adamw-3e-5,1.0,2345,FEVER
6,3e-05,0.18215947993510723,adamw,0.7957277608294421,0.9763884649059846,0.75,verified-v3-adamw-3e-5,0.9538662191964322,2345,FiQA2018
6,3e-05,0.29207322852268847,adamw,0.9731694009951455,1.0,0.75,verified-v3-adamw-3e-5,1.0,2345,HotpotQA
6,3e-05,0.4401131879514903,adamw,0.9815501849969234,1.0,0.75,verified-v3-adamw-3e-5,1.0,2345,MSMARCO
6,3e-05,-0.03958424769469283,adamw,-22.234224032050403,0.9256754287460323,0.75,verified-v3-adamw-3e-5,0.6880000588751273,2345,NFCorpus
6,3e-05,0.39959439006409714,adamw,0.9276152695493052,1.0,0.75,verified-v3-adamw-3e-5,1.0,2345,NQ
6,3e-05,0.45539117514681615,adamw,0.9335800747734717,1.0,0.75,verified-v3-adamw-3e-5,1.0,2345,QuoraRetrieval
6,3e-05,0.08020791716066679,adamw,0.7521856942348717,0.9919993463816237,0.75,verified-v3-adamw-3e-5,0.853362725459134,2345,SCIDOCS
6,3e-05,0.2207217755809997,adamw,0.809391981220418,0.9769331095982161,0.75,verified-v3-adamw-3e-5,0.9769331095982161,2345,SciFact
6,3e-05,0.028065581847225723,adamw,0.3388194591215097,0.889745834217865,0.75,verified-v3-adamw-3e-5,0.8106321027901886,2345,TRECCOVID
6,3e-05,0.2998409438578005,adamw,0.9412940216988439,0.9769331095982161,0.75,verified-v3-adamw-3e-5,0.9769331095982161,2345,Touche2020
7,3e-05,0.23421232853588705,adamw,0.9291071573045282,1.0,0.75,verified-v3-adamw-3e-5,1.0,2345,ArguAna
7,3e-05,-0.012313836037605927,adamw,-1.2930516336229805,1.082003416885327,0.75,verified-v3-adamw-3e-5,0.8115122519984126,2345,ClimateFEVER
7,3e-05,0.2807869829446034,adamw,0.9280438197607459,1.0,0.75,verified-v3-adamw-3e-5,1.0,2345,DBPedia
7,3e-05,0.4072565645392498,adamw,0.9705657824494092,1.0,0.75,verified-v3-adamw-3e-5,1.0,2345,FEVER
7,3e-05,0.1988746652181307,adamw,0.8687447510066636,1.0,0.75,verified-v3-adamw-3e-5,0.9769331095982161,2345,FiQA2018
7,3e-05,0.3145581540277508,adamw,1.048087741152029,1.0,0.75,verified-v3-adamw-3e-5,1.0,2345,HotpotQA
7,3e-05,0.40467058565912906,adamw,0.9025053079307219,1.0,0.75,verified-v3-adamw-3e-5,1.0,2345,MSMARCO
7,3e-05,-0.04208219771835235,adamw,-23.63730691682019,0.8551787941537221,0.75,verified-v3-adamw-3e-5,0.6356040599711588,2345,NFCorpus
7,3e-05,0.41531603779189197,adamw,0.9641113787475307,1.0,0.75,verified-v3-adamw-3e-5,1.0,2345,NQ
7,3e-05,0.4581038635802539,adamw,0.9391412538404782,1.0,0.75,verified-v3-adamw-3e-5,1.0,2345,QuoraRetrieval
7,3e-05,0.09591723049884786,adamw,0.8995068213445964,1.0011482167462111,0.75,verified-v3-adamw-3e-5,0.8612329977306574,2345,SCIDOCS
7,3e-05,0.2518017481095712,adamw,0.9233629769455091,0.9769331095982161,0.75,verified-v3-adamw-3e-5,0.9769331095982161,2345,SciFact
7,3e-05,0.044266583904703886,adamw,0.534404741629516,0.9567184116265498,0.75,verified-v3-adamw-3e-5,0.8716496643973242,2345,TRECCOVID
7,3e-05,0.27487000381864307,adamw,0.8629024709231552,1.0,0.75,verified-v3-adamw-3e-5,1.0,2345,Touche2020
8,3e-05,0.23798519599748147,adamw,0.9440739106946753,1.0,0.75,verified-v3-adamw-3e-5,1.0,2345,ArguAna
8,3e-05,0.01597318697182791,adamw,1.677312857261578,1.0083306557031282,0.75,verified-v3-adamw-3e-5,0.7562570213726079,2345,ClimateFEVER
8,3e-05,0.31083755964489485,adamw,1.0273655607278256,1.0,0.75,verified-v3-adamw-3e-5,1.0,2345,DBPedia
8,3e-05,0.39490099067037265,adamw,0.941120223399366,1.0,0.75,verified-v3-adamw-3e-5,1.0,2345,FEVER
8,3e-05,0.1802693507916869,adamw,0.787471104456092,1.0,0.75,verified-v3-adamw-3e-5,0.9769331095982161,2345,FiQA2018
8,3e-05,0.26618801110318735,adamw,0.8869215046775678,1.0,0.75,verified-v3-adamw-3e-5,1.0,2345,HotpotQA
8,3e-05,0.41948557767945605,adamw,0.9355460314454254,1.0,0.75,verified-v3-adamw-3e-5,1.0,2345,MSMARCO
8,3e-05,-0.028536785687343087,adamw,-16.02893380772938,0.8586854961589626,0.75,verified-v3-adamw-3e-5,0.6382103851593851,2345,NFCorpus
8,3e-05,0.4320016033255166,adamw,1.0028451191475727,1.0,0.75,verified-v3-adamw-3e-5,1.0,2345,NQ
8,3e-05,0.46744000894690396,adamw,0.9582809292781569,1.0,0.75,verified-v3-adamw-3e-5,1.0,2345,QuoraRetrieval
8,3e-05,0.0627710776691773,adamw,0.5886639163049509,0.9743338979120777,0.75,verified-v3-adamw-3e-5,0.8381661073288735,2345,SCIDOCS
8,3e-05,0.24652066602262795,adamw,0.9039971237935621,0.9769331095982161,0.75,verified-v3-adamw-3e-5,0.9769331095982161,2345,SciFact
8,3e-05,0.06824973221189187,adamw,0.823939353158535,0.9746818938298829,0.75,verified-v3-adamw-3e-5,0.8880158835937564,2345,TRECCOVID
8,3e-05,0.2974634420718196,adamw,0.9338303038058549,0.96875,0.75,verified-v3-adamw-3e-5,0.96875,2345,Touche2020
9,3e-05,0.24026110943815893,adamw,0.9531023315312624,1.0,0.75,verified-v3-adamw-3e-5,1.0,2345,ArguAna
9,3e-05,0.01262361789653268,adamw,1.325581215593107,1.0504210942243368,0.75,verified-v3-adamw-3e-5,0.787825227183151,2345,ClimateFEVER
9,3e-05,0.2996397073694923,adamw,0.9903549504431196,0.9644172848795871,0.75,verified-v3-adamw-3e-5,0.9644172848795871,2345,DBPedia
9,3e-05,0.388596005838034,adamw,0.9260943083621126,1.0,0.75,verified-v3-adamw-3e-5,1.0,2345,FEVER
9,3e-05,0.20819316350668082,adamw,0.9094507728951896,1.0236115350940154,0.75,verified-v3-adamw-3e-5,1.0,2345,FiQA2018
9,3e-05,0.2477352427385627,adamw,0.8254380553832448,1.0,0.75,verified-v3-adamw-3e-5,1.0,2345,HotpotQA
9,3e-05,0.4309426301203464,adamw,0.9610978036956922,1.0,0.75,verified-v3-adamw-3e-5,1.0,2345,MSMARCO
9,3e-05,-0.029226435305458154,adamw,-16.416305679264134,0.854684185379498,0.75,verified-v3-adamw-3e-5,0.635236446383049,2345,NFCorpus
9,3e-05,0.41290778747913504,adamw,0.9585208854409257,1.0,0.75,verified-v3-adamw-3e-5,1.0,2345,NQ
9,3e-05,0.4520037318281498,adamw,0.9266356064584854,1.0,0.75,verified-v3-adamw-3e-5,1.0,2345,QuoraRetrieval
9,3e-05,0.04362658755363383,adamw,0.4091278792390932,0.9488177885531808,0.75,verified-v3-adamw-3e-5,0.816215995461315,2345,SCIDOCS
9,3e-05,0.2486095219446266,adamw,0.9116570079565093,0.9769331095982161,0.75,verified-v3-adamw-3e-5,0.9769331095982161,2345,SciFact
9,3e-05,0.04501016467749753,adamw,0.5433815601619991,0.8849902672769911,0.75,verified-v3-adamw-3e-5,0.8062993876697757,2345,TRECCOVID
9,3e-05,0.28438876313917233,adamw,0.8927848183008155,1.0,0.75,verified-v3-adamw-3e-5,1.0,2345,Touche2020
10,3e-05,0.23605168710064384,adamw,0.936403789458984,1.0,0.75,verified-v3-adamw-3e-5,1.0,2345,ArguAna
10,3e-05,0.011843671516782306,adamw,1.2436805846772332,0.9984847240974315,0.75,verified-v3-adamw-3e-5,0.7488724844980741,2345,ClimateFEVER
10,3e-05,0.2552756094643187,adamw,0.8437248380056074,0.9538662191964322,0.75,verified-v3-adamw-3e-5,0.9538662191964322,2345,DBPedia
10,3e-05,0.38436899967899446,adamw,0.9160205909628408,1.0,0.75,verified-v3-adamw-3e-5,1.0,2345,FEVER
10,3e-05,0.17042247093211882,adamw,0.7444569518871346,0.9763884649059846,0.75,verified-v3-adamw-3e-5,0.9538662191964322,2345,FiQA2018
10,3e-05,0.29022594567240195,adamw,0.9670143721553753,1.0,0.75,verified-v3-adamw-3e-5,1.0,2345,HotpotQA
10,3e-05,0.40970115871826684,adamw,0.9137246034483593,1.0,0.75,verified-v3-adamw-3e-5,1.0,2345,MSMARCO
10,3e-05,-0.03307938718315338,adamw,-18.58048461968822,0.7761824445257077,0.75,verified-v3-adamw-3e-5,0.5768907231932574,2345,NFCorpus
10,3e-05,0.4002362829638621,adamw,0.9291053546707247,1.0,0.75,verified-v3-adamw-3e-5,1.0,2345,NQ
10,3e-05,0.4556637000453806,adamw,0.9341387676710612,1.0,0.75,verified-v3-adamw-3e-5,1.0,2345,QuoraRetrieval
10,3e-05,0.0795693236898588,adamw,0.7461969977298699,0.9945895246886843,0.75,verified-v3-adamw-3e-5,0.8555909140437343,2345,SCIDOCS
10,3e-05,0.24579956897260852,adamw,0.9013528438242155,0.9769331095982161,0.75,verified-v3-adamw-3e-5,0.9769331095982161,2345,SciFact
10,3e-05,0.0469096586499593,adamw,0.5663130469865876,0.9013266323454416,0.75,verified-v3-adamw-3e-5,0.8211831684733434,2345,TRECCOVID
10,3e-05,0.2758547773795211,adamw,0.8659939815542755,0.9769331095982161,0.75,verified-v3-adamw-3e-5,0.9769331095982161,2345,Touche2020
11,3e-05,0.22337633515916835,adamw,0.886121379972695,1.0,0.75,verified-v3-adamw-3e-5,1.0,2345,ArguAna
11,3e-05,-0.020161750055860423,adamw,-2.1171456048960953,1.003453641340618,0.75,verified-v3-adamw-3e-5,0.7525992169270896,2345,ClimateFEVER
11,3e-05,0.2805160913703204,adamw,0.9271484817764056,0.9769331095982161,0.75,verified-v3-adamw-3e-5,0.9769331095982161,2345,DBPedia
11,3e-05,0.38323292966572076,adamw,0.9133131313971546,1.0,0.75,verified-v3-adamw-3e-5,1.0,2345,FEVER
11,3e-05,0.23822972012233923,adamw,1.0406595463684072,0.968012139528312,0.75,verified-v3-adamw-3e-5,0.9456831095982161,2345,FiQA2018
11,3e-05,0.2501045556854643,adamw,0.8333324552670299,0.96875,0.75,verified-v3-adamw-3e-5,0.96875,2345,HotpotQA
11,3e-05,0.4341252481334936,adamw,0.9681957489177371,1.0,0.75,verified-v3-adamw-3e-5,1.0,2345,MSMARCO
11,3e-05,0.014110281244607187,adamw,7.92565660885095,0.9210821750511075,0.75,verified-v3-adamw-3e-5,0.6845861637728045,2345,NFCorpus
11,3e-05,0.3978316740201097,adamw,0.9235233144094445,1.0,0.75,verified-v3-adamw-3e-5,1.0,2345,NQ
11,3e-05,0.4594060389520319,adamw,0.941810793891536,1.0,0.75,verified-v3-adamw-3e-5,1.0,2345,QuoraRetrieval
11,3e-05,0.08951897586951534,adamw,0.8395043207109549,1.0123226178395757,0.75,verified-v3-adamw-3e-5,0.8708457231897917,2345,SCIDOCS
11,3e-05,0.2363548204858162,adamw,0.8667187273228828,0.9769331095982161,0.75,verified-v3-adamw-3e-5,0.9769331095982161,2345,SciFact
11,3e-05,0.07518791003620398,adamw,0.9076999418582007,0.9410204466862438,0.75,verified-v3-adamw-3e-5,0.8573475189534254,2345,TRECCOVID
11,3e-05,0.2879476403505972,adamw,0.9039572412527097,1.0,0.75,verified-v3-adamw-3e-5,1.0,2345,Touche2020
12,3e-05,0.22655484042012253,adamw,0.8987303318837389,1.0,0.75,verified-v3-adamw-3e-5,1.0,2345,ArguAna
12,3e-05,-0.012629651574354027,adamw,-1.3262148001998715,0.9790054709639107,0.75,verified-v3-adamw-3e-5,0.734262870211333,2345,ClimateFEVER
12,3e-05,0.27984682974347896,adamw,0.9249364699869711,1.0,0.75,verified-v3-adamw-3e-5,1.0,2345,DBPedia
12,3e-05,0.414860698415625,adamw,0.9886878037701063,1.0,0.75,verified-v3-adamw-3e-5,1.0,2345,FEVER
12,3e-05,0.1995359891728646,adamw,0.8716336142701663,0.9763884649059846,0.75,verified-v3-adamw-3e-5,0.9538662191964322,2345,FiQA2018
12,3e-05,0.259266172309208,adamw,0.8638583785328223,0.9769331095982161,0.75,verified-v3-adamw-3e-5,0.9769331095982161,2345,HotpotQA
12,3e-05,0.3977231867587606,adamw,0.8870110649437208,1.0,0.75,verified-v3-adamw-3e-5,1.0,2345,MSMARCO
12,3e-05,-0.03913315433366895,adamw,-21.98084771615492,0.750917369889033,0.75,verified-v3-adamw-3e-5,0.5581126803742277,2345,NFCorpus
12,3e-05,0.4334615966572072,adamw,1.0062343361676092,1.0,0.75,verified-v3-adamw-3e-5,1.0,2345,NQ
12,3e-05,0.4622151678454078,adamw,0.947569681866211,1.0,0.75,verified-v3-adamw-3e-5,1.0,2345,QuoraRetrieval
12,3e-05,0.08013490245943342,adamw,0.7515009661471623,1.0050366045285082,0.75,verified-v3-adamw-3e-5,0.864577964849483,2345,SCIDOCS
12,3e-05,0.2698686463516241,adamw,0.9896147209075656,1.0,0.75,verified-v3-adamw-3e-5,1.0,2345,SciFact
12,3e-05,0.07228149944856797,adamw,0.8726125359156368,0.962170356448473,0.75,verified-v3-adamw-3e-5,0.8766168374093526,2345,TRECCOVID
12,3e-05,0.2661826711822195,adamw,0.8356302306147974,0.9769331095982161,0.75,verified-v3-adamw-3e-5,0.9769331095982161,2345,Touche2020
13,3e-05,0.20667089068541827,adamw,0.8198518196829327,1.0,0.75,verified-v3-adamw-3e-5,1.0,2345,ArguAna
13,3e-05,-0.013915651686704177,adamw,-1.4612551353996728,1.034696668646341,0.75,verified-v3-adamw-3e-5,0.7760317671875128,2345,ClimateFEVER
13,3e-05,0.2553536110453105,adamw,0.8439826451318918,0.9538662191964322,0.75,verified-v3-adamw-3e-5,0.9538662191964322,2345,DBPedia
13,3e-05,0.364958389872332,adamw,0.8697616099292573,1.0,0.75,verified-v3-adamw-3e-5,1.0,2345,FEVER
13,3e-05,0.20804106984530268,adamw,0.9087863817328526,1.0,0.75,verified-v3-adamw-3e-5,0.9769331095982161,2345,FiQA2018
13,3e-05,0.25388644547992567,adamw,0.8459334712674393,0.9769331095982161,0.75,verified-v3-adamw-3e-5,0.9769331095982161,2345,HotpotQA
13,3e-05,0.44304568651232223,adamw,0.9880903082735861,1.0,0.75,verified-v3-adamw-3e-5,1.0,2345,MSMARCO
13,3e-05,-0.05251925143532219,adamw,-29.49973462714307,0.842573211125857,0.75,verified-v3-adamw-3e-5,0.6262350720991625,2345,NFCorpus
13,3e-05,0.4234409309333873,adamw,0.982972441687625,1.0,0.75,verified-v3-adamw-3e-5,1.0,2345,NQ
13,3e-05,0.5117976790021069,adamw,1.0492168963916226,1.0,0.75,verified-v3-adamw-3e-5,1.0,2345,QuoraRetrieval
13,3e-05,0.06699337202324007,adamw,0.6282603741410625,0.9961116122177031,0.75,verified-v3-adamw-3e-5,0.8569002826102445,2345,SCIDOCS
13,3e-05,0.24206120959408936,adamw,0.8876441914000095,0.9769331095982161,0.75,verified-v3-adamw-3e-5,0.9769331095982161,2345,SciFact
13,3e-05,0.0649818721839685,adamw,0.7844883781823918,0.9746818938298829,0.75,verified-v3-adamw-3e-5,0.8880158835937564,2345,TRECCOVID
13,3e-05,0.3043382828072625,adamw,0.9554125680595089,1.0,0.75,verified-v3-adamw-3e-5,1.0,2345,Touche2020
14,3e-05,0.25087503275082634,adamw,0.9952071693872666,1.0,0.75,verified-v3-adamw-3e-5,1.0,2345,ArguAna
14,3e-05,0.00796680041307729,adamw,0.8365779970934756,1.0237083990275126,0.75,verified-v3-adamw-3e-5,0.7677904665734999,2345,ClimateFEVER
14,3e-05,0.2698427678720943,adamw,0.8918715191303486,1.0,0.75,verified-v3-adamw-3e-5,1.0,2345,DBPedia
14,3e-05,0.37386472832241036,adamw,0.8909870194112117,1.0,0.75,verified-v3-adamw-3e-5,1.0,2345,FEVER
14,3e-05,0.2059856423574384,adamw,0.8998076521435489,0.9635771223527811,0.75,verified-v3-adamw-3e-5,0.9413503944778032,2345,FiQA2018
14,3e-05,0.2439600393520549,adamw,0.8128593180684098,0.96875,0.75,verified-v3-adamw-3e-5,0.96875,2345,HotpotQA
14,3e-05,0.42027150110175104,adamw,0.9372988152784608,1.0,0.75,verified-v3-adamw-3e-5,1.0,2345,MSMARCO
14,3e-05,-0.046803870084367344,adamw,-26.28944071513396,0.7604320471430056,0.75,verified-v3-adamw-3e-5,0.5651843799220688,2345,NFCorpus
14,3e-05,0.3917703588821468,adamw,0.9094526251922538,1.0,0.75,verified-v3-adamw-3e-5,1.0,2345,NQ
14,3e-05,0.44936756205370465,adamw,0.9212312953750557,1.0,0.75,verified-v3-adamw-3e-5,1.0,2345,QuoraRetrieval
14,3e-05,0.07566223933798413,adamw,0.7095565629737578,0.9722573729608127,0.75,verified-v3-adamw-3e-5,0.8363797866036039,2345,SCIDOCS
14,3e-05,0.22649554093796867,adamw,0.830564515598042,1.0,0.75,verified-v3-adamw-3e-5,1.0,2345,SciFact
14,3e-05,0.0570801125692183,adamw,0.6890950265194367,0.9489565487643773,0.75,verified-v3-adamw-3e-5,0.864577964849483,2345,TRECCOVID
14,3e-05,0.2954329309963596,adamw,0.9274558977233079,1.0,0.75,verified-v3-adamw-3e-5,1.0,2345,Touche2020
15,3e-05,0.20960785301431042,adamw,0.8315025843440652,1.0,0.75,verified-v3-adamw-3e-5,1.0,2345,ArguAna
15,3e-05,-0.018973142649334796,adamw,-1.992332285630627,0.8884659461905844,0.75,verified-v3-adamw-3e-5,0.6663574158504111,2345,ClimateFEVER
15,3e-05,0.2816310780693673,adamw,0.9308336829360694,0.9769331095982161,0.75,verified-v3-adamw-3e-5,0.9769331095982161,2345,DBPedia
15,3e-05,0.380815586842034,adamw,0.9075521678341133,1.0,0.75,verified-v3-adamw-3e-5,1.0,2345,FEVER
15,3e-05,0.2328770636938363,adamw,1.017277522463534,1.0,0.75,verified-v3-adamw-3e-5,0.9769331095982161,2345,FiQA2018
15,3e-05,0.2679843036942705,adamw,0.8929066372202467,1.0,0.75,verified-v3-adamw-3e-5,1.0,2345,HotpotQA
15,3e-05,0.4444145629548421,adamw,0.9911432068509889,1.0,0.75,verified-v3-adamw-3e-5,1.0,2345,MSMARCO
15,3e-05,0.00014178498993411975,adamw,0.07963974091138006,0.9609523612994156,0.75,verified-v3-adamw-3e-5,0.7142193263634518,2345,NFCorpus
15,3e-05,0.422914051328511,adamw,0.9817493475230172,1.0,0.75,verified-v3-adamw-3e-5,1.0,2345,NQ
15,3e-05,0.46528924585970727,adamw,0.9538717319257537,1.0,0.75,verified-v3-adamw-3e-5,1.0,2345,QuoraRetrieval
15,3e-05,0.07553190375975116,adamw,0.7083342826694295,1.0177330931508912,0.75,verified-v3-adamw-3e-5,0.8755000588751274,2345,SCIDOCS
15,3e-05,0.22176152048620384,adamw,0.8132047504253221,0.9616783004521589,0.75,verified-v3-adamw-3e-5,0.9616783004521589,2345,SciFact
15,3e-05,0.0629661949463032,adamw,0.7601542783177634,0.9746818938298829,0.75,verified-v3-adamw-3e-5,0.8880158835937564,2345,TRECCOVID
15,3e-05,0.3121764189555593,adamw,0.9800189163544649,0.9769331095982161,0.75,verified-v3-adamw-3e-5,0.9769331095982161,2345,Touche2020
16,3e-05,0.2365604765042214,adamw,0.9384221284566776,1.0,0.75,verified-v3-adamw-3e-5,1.0,2345,ArguAna
16,3e-05,-0.010860716638568082,adamw,-1.1404624317660714,0.9871831857538189,0.75,verified-v3-adamw-3e-5,0.7403962295351534,2345,ClimateFEVER
16,3e-05,0.26918075014435305,adamw,0.8896834495326793,1.0,0.75,verified-v3-adamw-3e-5,1.0,2345,DBPedia
16,3e-05,0.3927266583694864,adamw,0.935938397703561,1.0,0.75,verified-v3-adamw-3e-5,1.0,2345,FEVER
16,3e-05,0.2223176491690195,adamw,0.9711508027424651,1.0236115350940154,0.75,verified-v3-adamw-3e-5,1.0,2345,FiQA2018
16,3e-05,0.2748761277410476,adamw,0.9158697561383675,0.9769331095982161,0.75,verified-v3-adamw-3e-5,0.9769331095982161,2345,HotpotQA
16,3e-05,0.4504609011789467,adamw,1.0046278843496281,1.0,0.75,verified-v3-adamw-3e-5,1.0,2345,MSMARCO
16,3e-05,-0.02464438657287131,adamw,-13.842597601447926,0.8152156370833715,0.75,verified-v3-adamw-3e-5,0.6059017976409564,2345,NFCorpus
16,3e-05,0.3916452954142895,adamw,0.9091623038430763,1.0,0.75,verified-v3-adamw-3e-5,1.0,2345,NQ
16,3e-05,0.4343471316499703,adamw,0.8904384840410917,1.0,0.75,verified-v3-adamw-3e-5,1.0,2345,QuoraRetrieval
16,3e-05,0.06852363797412023,adamw,0.6426111289963604,1.0391369366737089,0.75,verified-v3-adamw-3e-5,0.8939126135915756,2345,SCIDOCS
16,3e-05,0.23153033864962289,adamw,0.8490272381099147,0.9769331095982161,0.75,verified-v3-adamw-3e-5,0.9769331095982161,2345,SciFact
16,3e-05,0.04845667590143685,adamw,0.5849892872031816,0.9567184116265498,0.75,verified-v3-adamw-3e-5,0.8716496643973242,2345,TRECCOVID
16,3e-05,0.3006853317444462,adamw,0.9439448180159455,0.9769331095982161,0.75,verified-v3-adamw-3e-5,0.9769331095982161,2345,Touche2020
17,3e-05,0.24507781552272706,adamw,0.9722099341317755,1.0,0.75,verified-v3-adamw-3e-5,1.0,2345,ArguAna
17,3e-05,-0.011190077127861277,adamw,-1.1750479270926952,0.9715603696301953,0.75,verified-v3-adamw-3e-5,0.7286789775402065,2345,ClimateFEVER
17,3e-05,0.2543967534430004,adamw,0.840820084763521,1.0,0.75,verified-v3-adamw-3e-5,1.0,2345,DBPedia
17,3e-05,0.3800298932213264,adamw,0.9056797183510453,1.0,0.75,verified-v3-adamw-3e-5,1.0,2345,FEVER
17,3e-05,0.2166598897863307,adamw,0.9464359967576076,1.0,0.75,verified-v3-adamw-3e-5,0.9769331095982161,2345,FiQA2018
17,3e-05,0.27615650058838825,adamw,0.9201358769437538,1.0,0.75,verified-v3-adamw-3e-5,1.0,2345,HotpotQA
17,3e-05,0.4037259040715365,adamw,0.9003984581192438,1.0,0.75,verified-v3-adamw-3e-5,1.0,2345,MSMARCO
17,3e-05,-0.028657691176570015,adamw,-16.096845663852303,0.8432532425897882,0.75,verified-v3-adamw-3e-5,0.6267404994581401,2345,NFCorpus
17,3e-05,0.4143034584416776,adamw,0.9617607850198798,1.0,0.75,verified-v3-adamw-3e-5,1.0,2345,NQ
17,3e-05,0.4779730374330219,adamw,0.9798742891373831,1.0,0.75,verified-v3-adamw-3e-5,1.0,2345,QuoraRetrieval
17,3e-05,0.09064404991925687,adamw,0.8500552068968572,0.943002868548644,0.75,verified-v3-adamw-3e-5,0.8112137381498576,2345,SCIDOCS
17,3e-05,0.25123905903697485,adamw,0.9212995827829668,0.9769331095982161,0.75,verified-v3-adamw-3e-5,0.9769331095982161,2345,SciFact
17,3e-05,0.051339606735444396,adamw,0.6197932357256212,0.9103083734471082,0.75,verified-v3-adamw-3e-5,0.8293662780715596,2345,TRECCOVID
17,3e-05,0.315740038402322,adamw,0.9912062266586851,0.9769331095982161,0.75,verified-v3-adamw-3e-5,0.9769331095982161,2345,Touche2020
18,3e-05,0.21571949694969467,adamw,0.8557471326936721,1.0,0.75,verified-v3-adamw-3e-5,1.0,2345,ArguAna
18,3e-05,-0.022302152591022275,adamw,-2.3419050532312453,0.9514587818618634,0.75,verified-v3-adamw-3e-5,0.7136026067043539,2345,ClimateFEVER
18,3e-05,0.2603519165935654,adamw,0.8605028075863206,0.9769331095982161,0.75,verified-v3-adamw-3e-5,0.9769331095982161,2345,DBPedia
18,3e-05,0.4024982909650928,adamw,0.9592259590635422,1.0,0.75,verified-v3-adamw-3e-5,1.0,2345,FEVER
18,3e-05,0.20516845964508892,adamw,0.896237950637385,1.0,0.75,verified-v3-adamw-3e-5,0.9769331095982161,2345,FiQA2018
18,3e-05,0.289742505605342,adamw,0.9654035806327923,0.96875,0.75,verified-v3-adamw-3e-5,0.96875,2345,HotpotQA
18,3e-05,0.41492287609012934,adamw,0.9253701932481319,1.0,0.75,verified-v3-adamw-3e-5,1.0,2345,MSMARCO
18,3e-05,-0.039126049223435835,adamw,-21.97685682023304,0.8885512786526455,0.75,verified-v3-adamw-3e-5,0.6604078633206456,2345,NFCorpus
18,3e-05,0.4093879000352466,adamw,0.9503498464543123,1.0,0.75,verified-v3-adamw-3e-5,1.0,2345,NQ
18,3e-05,0.4593327366969321,adamw,0.9416605197348725,1.0,0.75,verified-v3-adamw-3e-5,1.0,2345,QuoraRetrieval
18,3e-05,0.08075565695803097,adamw,0.757322369694417,1.007996684105751,0.75,verified-v3-adamw-3e-5,0.8671243592446263,2345,SCIDOCS
18,3e-05,0.26229353125116917,adamw,0.9618365943362709,0.9769331095982161,0.75,verified-v3-adamw-3e-5,0.9769331095982161,2345,SciFact
18,3e-05,0.03510853068681062,adamw,0.42384488740011506,0.9060821992863156,0.75,verified-v3-adamw-3e-5,0.8255158835937564,2345,TRECCOVID
18,3e-05,0.2906673571148597,adamw,0.9124952784466177,1.0,0.75,verified-v3-adamw-3e-5,1.0,2345,Touche2020
19,3e-05,0.24324404547839829,adamw,0.9649354713240866,1.0,0.75,verified-v3-adamw-3e-5,1.0,2345,ArguAna
19,3e-05,-0.04344996540313045,adamw,-4.562595163180603,0.997419973178973,0.75,verified-v3-adamw-3e-5,0.7480739117743919,2345,ClimateFEVER
19,3e-05,0.2893173007805623,adamw,0.9562378217235019,1.0,0.75,verified-v3-adamw-3e-5,1.0,2345,DBPedia
19,3e-05,0.3907361721243991,adamw,0.9311947102884702,1.0,0.75,verified-v3-adamw-3e-5,1.0,2345,FEVER
19,3e-05,0.2004046170256345,adamw,0.875428043725745,1.0,0.75,verified-v3-adamw-3e-5,0.9769331095982161,2345,FiQA2018
19,3e-05,0.23861899560682323,adamw,0.7950633003761132,0.9538662191964322,0.75,verified-v3-adamw-3e-5,0.9538662191964322,2345,HotpotQA
19,3e-05,0.42988444688944094,adamw,0.9587378200040189,1.0,0.75,verified-v3-adamw-3e-5,1.0,2345,MSMARCO
19,3e-05,-0.022255954952916764,adamw,-12.501030518175497,0.8391736382218246,0.75,verified-v3-adamw-3e-5,0.6237083696660073,2345,NFCorpus
19,3e-05,0.38336321778320803,adamw,0.8899363540669756,1.0,0.75,verified-v3-adamw-3e-5,1.0,2345,NQ
19,3e-05,0.4630625217954536,adamw,0.9493068098722344,1.0,0.75,verified-v3-adamw-3e-5,1.0,2345,QuoraRetrieval
19,3e-05,0.05798178149717886,adamw,0.5437501447776972,0.9945895246886843,0.75,verified-v3-adamw-3e-5,0.8555909140437343,2345,SCIDOCS
19,3e-05,0.2686819026338076,adamw,0.9852629035735668,1.0,0.75,verified-v3-adamw-3e-5,1.0,2345,SciFact
19,3e-05,0.06319590836974658,adamw,0.7629274749793435,0.9264333526373686,0.75,verified-v3-adamw-3e-5,0.8440574688428424,2345,TRECCOVID
19,3e-05,0.26591525969291274,adamw,0.8347907427417288,1.0,0.75,verified-v3-adamw-3e-5,1.0,2345,Touche2020
