baseline,conditioned_on_displacement,feature,fold,run_id,stage,status,observed,baseline_prediction_exact,feature_prediction_exact
B0_original,False,margin_helpful_mass_share,1,verified-v3-adamw-1e-6,1,resolved,0.5425692857142858,227636909202589141384984106276591871226166311/376587718509180982637274889856833420850626560,442374861178234845557815839651553657994249605582563253426129318063034031799/731345654559579430126765276234281295162243300094917720024458217580836945920
B0_original,False,margin_helpful_mass_share,1,verified-v3-adamw-1e-6,2,resolved,0.55545,114640432016726277133356259434610218725955263/188293859254590491318637444928416710425313280,891622439034109788155274165979852923347234088628306392531970148713931162153/1462691309119158860253530552468562590324486600189835440048916435161673891840
B0_original,False,margin_helpful_mass_share,1,verified-v3-adamw-1e-6,3,resolved,0.5608178571428571,76542561129817001544288431398271277465125267/125529239503060327545758296618944473616875520,111505587531893657656784359285102189896799759617716301709947899492222093611/182836413639894857531691319058570323790560825023729430006114554395209236480
B0_original,False,margin_helpful_mass_share,1,verified-v3-adamw-1e-6,4,resolved,0.5633707142857143,230520196282317766537818407138564981175420571/376587718509180982637274889856833420850626560,895849107753195902323066376260030622190988565697430403142421338754249485763/1462691309119158860253530552468562590324486600189835440048916435161673891840
B0_original,False,margin_helpful_mass_share,1,verified-v3-adamw-1e-6,5,resolved,0.5649535714285714,77190780174917527572367348132438338570780187/125529239503060327545758296618944473616875520,37482136939518501101880061031439314534635574189004942288711865004009959187/60945471213298285843897106352856774596853608341243143335371518131736412160
B0_original,False,margin_helpful_mass_share,1,verified-v3-muon-1e-4,1,resolved,0.5822957142857142,112015200176710353776802230534202364595287901/188293859254590491318637444928416710425313280,1741182037844958152349250281373461045764589751195561345205664619548441597049/2925382618238317720507061104937125180648973200379670880097832870323347783680
B0_original,False,margin_helpful_mass_share,1,verified-v3-muon-1e-4,2,resolved,0.5879385714285714,225674355184284120435332873661033295416320017/376587718509180982637274889856833420850626560,27415095121428590932460801659357831124419132209310102043436696354295901431/45709103409973714382922829764642580947640206255932357501528638598802309120
B0_original,False,margin_helpful_mass_share,1,verified-v3-muon-1e-4,3,resolved,0.58963,18835097878356880900123804082218890863315441/31382309875765081886439574154736118404218880,878390347784857068994135031594457021905495758003593855111256978008890644607/1462691309119158860253530552468562590324486600189835440048916435161673891840
B0_original,False,margin_helpful_mass_share,1,verified-v3-muon-1e-4,4,resolved,0.5903421428571428,113456843716574666353219380965188919569915031/188293859254590491318637444928416710425313280,1762349981006323512481092531921842632815125628281326278247226742986114608079/2925382618238317720507061104937125180648973200379670880097832870323347783680
B0_original,False,margin_helpful_mass_share,1,verified-v3-muon-1e-4,5,resolved,0.5910157142857143,18997152639632012407143533265760656139729171/31382309875765081886439574154736118404218880,590383287534336771416068088607900214598029826247050566196679072019057529273/975127539412772573502353701645708393549657733459890293365944290107782594560
B0_original,False,margin_helpful_mass_share,1,verified-v3-normuon-1e-4,1,resolved,0.5801178571428572,224219465320860816687479036894805977211797413/376587718509180982637274889856833420850626560,2294217028889506950352210462786980984893866086218859669613013948358001135/3849187655576733842772448822285691027169701579446935368549780092530720768
B0_original,False,margin_helpful_mass_share,1,verified-v3-normuon-1e-4,2,resolved,0.5869142857142856,56465855037931057392301862371858635859385407/94146929627295245659318722464208355212656640,351200940197288469185518713939428222342368176474910061007021458229919681217/585076523647663544101412220987425036129794640075934176019566574064669556736
B0_original,False,margin_helpful_mass_share,1,verified-v3-normuon-1e-4,3,resolved,0.5895821428571428,75403413169240893311786741604342646127002301/125529239503060327545758296618944473616875520,351724404150425115720359730336922409248697779495649219036418264364662978107/585076523647663544101412220987425036129794640075934176019566574064669556736
B0_original,False,margin_helpful_mass_share,1,verified-v3-normuon-1e-4,4,resolved,0.5898942857142858,227102752400589441840313337756779087161051673/376587718509180982637274889856833420850626560,352939668355545009926497394080170385906216717360303165038471382752305322823/585076523647663544101412220987425036129794640075934176019566574064669556736
B0_original,False,margin_helpful_mass_share,1,verified-v3-normuon-1e-4,5,resolved,0.5909735714285714,76051632214341419339865658338509707232657221/125529239503060327545758296618944473616875520,118134738355835254230503641456852121234544353507233831764398863106202123539/195025507882554514700470740329141678709931546691978058673188858021556518912
B0_original,False,margin_helpful_mass_share,2,verified-v3-adamw-3e-6,1,resolved,0.5644085714285715,163668006670864129216995891293720244756217427/285131632457656660323933578583791494559170560,58791092552177483824448137764641043537041423344209052772361025854970967971/102120041443131065203642693925312447056257566936259256993196216884207288320
B0_original,False,margin_helpful_mass_share,2,verified-v3-adamw-3e-6,2,resolved,0.5754778571428572,41274949356549927825202351912932094247871193/71282908114414165080983394645947873639792640,79953031493781909751704108815448475490855445366296591770338765988607230883/136160055257508086938190258567083262741676755915012342657594955845609717760
B0_original,False,margin_helpful_mass_share,2,verified-v3-adamw-3e-6,3,resolved,0.5815735714285715,55172127931006068227255716303632708819198739/95043877485885553441311192861263831519723520,476223934715923081820248782575141414214281496881328320900664468742565410913/816960331545048521629141551402499576450060535490074055945569735073658306560
B0_original,False,margin_helpful_mass_share,2,verified-v3-adamw-3e-6,4,resolved,0.5840192857142857,20781234200346025342306268200800565971174419/35641454057207082540491697322973936819896320,158852858881052253594550989558269572921850480688991074307694520102799320971/272320110515016173876380517134166525483353511830024685315189911691219435520
B0_original,False,margin_helpful_mass_share,2,verified-v3-adamw-3e-6,5,resolved,0.5834164285714286,167045096673894753878169641990006161171314287/285131632457656660323933578583791494559170560,476518052329038902664411321971656927354282962429295705851917809232885582393/816960331545048521629141551402499576450060535490074055945569735073658306560
B0_original,False,margin_helpful_mass_share,2,verified-v3-muon-3e-4,1,resolved,0.5881207142857142,162591634758336472521664467902706501606613157/285131632457656660323933578583791494559170560,11667485368319738619676119667747960236524616462594060992636419671097463507/20424008288626213040728538785062489411251513387251851398639243376841457664
B0_original,False,margin_helpful_mass_share,2,verified-v3-muon-3e-4,2,resolved,0.5927621428571428,82011712756836027302738992130357316920940251/142565816228828330161966789291895747279585280,15664839152407073763298810592740820785586884928160438811437449197226855411/27232011051501617387638051713416652548335351183002468531518991169121943552
B0_original,False,margin_helpful_mass_share,2,verified-v3-muon-3e-4,3,resolved,0.5912535714285714,54813337293496849328811908506628127769330649/95043877485885553441311192861263831519723520,94902215152410468259128327567365754004029186177289181024641480210562040481/163392066309009704325828310280499915290012107098014811189113947014731661312
B0_original,False,margin_helpful_mass_share,2,verified-v3-muon-3e-4,4,resolved,0.591362142857143,82586750845120273021559361107695392309895541/142565816228828330161966789291895747279585280,10573225234128472977451492196422507883783053653077475768011279476488911645/18154674034334411591758701142277768365556900788668312354345994112747962368
B0_original,False,margin_helpful_mass_share,2,verified-v3-muon-3e-4,5,resolved,0.5924307142857143,165968724761367097182838218598992418021710017/285131632457656660323933578583791494559170560,95577465120599311385414945998845358785962287166746525846355616331792152817/163392066309009704325828310280499915290012107098014811189113947014731661312
B0_original,False,margin_helpful_mass_share,2,verified-v3-normuon-3e-4,1,resolved,0.5875385714285715,162687751273868269183445989645677541305264371/285131632457656660323933578583791494559170560,14538535668940463230372823884373806569571411416178588489150759458040147051/25530010360782766300910673481328111764064391734064814248299054221051822080
B0_original,False,margin_helpful_mass_share,2,verified-v3-normuon-3e-4,2,resolved,0.5912428571428572,41029885507300962816814876500921418385132929/71282908114414165080983394645947873639792640,17517276149764435011379039347856902106911131857887262138042689860902682871/30257790057224019319597835237129613942594834647780520590576656854579937280
B0_original,False,margin_helpful_mass_share,2,verified-v3-normuon-3e-4,3,resolved,0.5915221428571428,54845376132007448216072415754285141002214387/95043877485885553441311192861263831519723520,118743746541525056606404577556587400276049580795950386136508631848618014073/204240082886262130407285387850624894112515133872518513986392433768414576640
B0_original,False,margin_helpful_mass_share,2,verified-v3-normuon-3e-4,4,resolved,0.5907228571428572,20658702275721542838112530494795228039805287/35641454057207082540491697322973936819896320,159234486409390068630860756990960929022841467334703541129016716252403505249/272320110515016173876380517134166525483353511830024685315189911691219435520
B0_original,False,margin_helpful_mass_share,2,verified-v3-normuon-3e-4,5,resolved,0.5936371428571429,166064841276898893844619740341963457720361231/285131632457656660323933578583791494559170560,474090252219635081447420196711569011099391268112293966353479285727047315667/816960331545048521629141551402499576450060535490074055945569735073658306560
B0_original,False,margin_helpful_mass_share,3,verified-v3-adamw-1e-5,1,resolved,0.5820728571428572,53445610376895256274860583248092278962791727/95043877485885553441311192861263831519723520,29678161890183410150632987040894010711632596302046654509172630050570493379/52628319815972028338562692611591740184805930820975167858591344561791959040
B0_original,False,margin_helpful_mass_share,3,verified-v3-adamw-1e-5,2,resolved,0.585075,80943996235122345204140064630848573146758883/142565816228828330161966789291895747279585280,39750694961544922849718446693221630291378953346687217797475244952916966537/70171093087962704451416923482122320246407907761300223811455126082389278720
B0_original,False,margin_helpful_mass_share,3,verified-v3-adamw-1e-5,3,resolved,0.5896428571428572,162621776463425008872260456416408987066199321/285131632457656660323933578583791494559170560,29530510227461843379919609525941473663732240516709308126316084262763331589/52628319815972028338562692611591740184805930820975167858591344561791959040
B0_original,False,margin_helpful_mass_share,3,verified-v3-adamw-1e-5,4,resolved,0.587965,163203920213026065878462333390839049250831181/285131632457656660323933578583791494559170560,79703413385994906509915066437454672257197447762554256788588987811041994649/140342186175925408902833846964244640492815815522600447622910252164778557440
B0_original,False,margin_helpful_mass_share,3,verified-v3-adamw-1e-5,5,resolved,0.58863,81961803015522985020623967921018277229704373/142565816228828330161966789291895747279585280,13381830692084164137120625000688939987544735278607772400536447050818427089/23390364362654234817138974494040773415469302587100074603818375360796426240
B0_original,False,margin_helpful_mass_share,3,verified-v3-muon-1e-3,1,resolved,0.5818585714285714,26750578367218681362785584971768472728820019/47521938742942776720655596430631915759861760,236833015571110371450907790668272084169798305922918348651327587321589785181/421026558527776226708501540892733921478447446567801342868730756494335672320
B0_original,False,margin_helpful_mass_share,3,verified-v3-muon-1e-3,2,resolved,0.5876692857142858,162054631542871009760411889348031145778062699/285131632457656660323933578583791494559170560,6647938701284766004825394347317997885223383314837201115024762584753515661/11695182181327117408569487247020386707734651293550037301909187680398213120
B0_original,False,margin_helpful_mass_share,3,verified-v3-muon-1e-3,3,resolved,0.5850171428571428,81394207768025664112196108251371493275372127/142565816228828330161966789291895747279585280,242622551249481985700184818527288758742617177252119823326070477801822545321/421026558527776226708501540892733921478447446567801342868730756494335672320
B0_original,False,margin_helpful_mass_share,3,verified-v3-muon-1e-3,4,resolved,0.5885692857142857,81685279642826192615297046738586524367688057/142565816228828330161966789291895747279585280,19788203361197273955782161695424468539248138024173902368831493723288817463/35085546543981352225708461741061160123203953880650111905727563041194639360
B0_original,False,margin_helpful_mass_share,3,verified-v3-muon-1e-3,5,resolved,0.5919135714285714,164090245103672289393379695928370553943953679/285131632457656660323933578583791494559170560,5007528668915138953591815595331652245022232088820297864952594454947606237/8771386635995338056427115435265290030800988470162527976431890760298659840
B0_original,False,margin_helpful_mass_share,3,verified-v3-normuon-1e-3,1,resolved,0.5852614285714285,10694259875842002647433420551431867430558293/19008775497177110688262238572252766303944704,15041246294697066848333318582679816706730662326649720304063877401615626027/26314159907986014169281346305795870092402965410487583929295672280895979520
B0_original,False,margin_helpful_mass_share,3,verified-v3-normuon-1e-3,2,resolved,0.5920957142857143,8098252973859448064759984389444916043175849/14256581622882833016196678929189574727958528,78275561285220918776539159809037606271598700969339875165592842465426491489/140342186175925408902833846964244640492815815522600447622910252164778557440
B0_original,False,margin_helpful_mass_share,3,verified-v3-normuon-1e-3,3,resolved,0.5850342857142856,32539768694073855951836002988722032327239707/57026326491531332064786715716758298911834112,121298213337179113370985882074759571675077887475141466799627008399413841901/210513279263888113354250770446366960739223723283900671434365378247167836160
B0_original,False,margin_helpful_mass_share,3,verified-v3-normuon-1e-3,4,resolved,0.5896921428571428,32656197443994067353076378383608044764166079/57026326491531332064786715716758298911834112,79601807254294300353454586222582383756115549435972408178974198440276930699/140342186175925408902833846964244640492815815522600447622910252164778557440
B0_original,False,margin_helpful_mass_share,3,verified-v3-normuon-1e-3,5,resolved,0.5914471428571428,4100016825949756023204187359230943225735199/7128290811441416508098339464594787363979264,26924750955172019952397302365587898554158445092632737918357450117185640133/46780728725308469634277948988081546830938605174200149207636750721592852480
B0_original,False,margin_helpful_mass_share,4,verified-v3-adamw-3e-5,1,resolved,0.5857735714285714,27143650319407682122282441503779674665976021/47073464813647622829659361232104177606328320,297310946325048939654032332010683255903604076526704119702671846299282574261/515565325434571664859973966613975061477963468640507968081504625162463477760
B0_original,False,margin_helpful_mass_share,4,verified-v3-adamw-3e-5,2,resolved,0.5897585714285715,1716217010776579798339453022740872817920731/2942091550852976426853710077006511100395520,33423548144272425514657213330772349266000766296619252471539484103709252009/57285036159396851651108218512663895719773718737834218675722736129162608640
B0_original,False,margin_helpful_mass_share,4,verified-v3-adamw-3e-5,3,resolved,0.5879642857142857,73357034940031448796119840262352834748423671/125529239503060327545758296618944473616875520,75309107134452556071301025608104234133995175507768653186910522771447082489/128891331358642916214993491653493765369490867160126992020376156290615869440
B0_original,False,margin_helpful_mass_share,4,verified-v3-adamw-3e-5,4,resolved,0.58876,13785471442150924642387222807903124063348213/23536732406823811414829680616052088803164160,4718656772150267985637335020383626412800796300229792345619257555114399429/8055708209915182263437093228343360335593179197507937001273509768163491840
B0_original,False,margin_helpful_mass_share,4,verified-v3-adamw-3e-5,5,resolved,0.5892628571428571,110544872355373758950064416902071702770739739/188293859254590491318637444928416710425313280,302680658788851108291207653340683721221943595647538131331697585685357509651/515565325434571664859973966613975061477963468640507968081504625162463477760
B0_original,False,margin_helpful_mass_share,4,verified-v3-muon-3e-3,1,resolved,0.5424921428571429,222741189452901273369823675201493561979452087/376587718509180982637274889856833420850626560,30496777353380315229096532099276072425215239547502783862600891986090518389/51556532543457166485997396661397506147796346864050796808150462516246347776
B0_original,False,margin_helpful_mass_share,4,verified-v3-muon-3e-3,2,resolved,0.5378814285714285,225267764277042030579014130082087885345497487/376587718509180982637274889856833420850626560,5139866985794305506448363450565169591531984840986503414824631826646607399/8592755423909527747666232776899584357966057810675132801358410419374391296
B0_original,False,margin_helpful_mass_share,4,verified-v3-muon-3e-3,3,resolved,0.5432642857142858,6268419214381504521664546221064296358247637/10460769958588360628813191384912039468072960,30888558862216559016790372591916543269369036751115955931556987533382933923/51556532543457166485997396661397506147796346864050796808150462516246347776
B0_original,False,margin_helpful_mass_share,4,verified-v3-muon-3e-3,4,resolved,0.5483742857142857,226159529972054610669759708097706149665215327/376587718509180982637274889856833420850626560,30961699923175773118933839525173521629566830608730671267803869523822509889/51556532543457166485997396661397506147796346864050796808150462516246347776
B0_original,False,margin_helpful_mass_share,4,verified-v3-muon-3e-3,5,resolved,0.5571792857142858,226681731608387334291692976975399570193123397/376587718509180982637274889856833420850626560,62059760341508723236974556570901325395969860235661375888002721542493634885/103113065086914332971994793322795012295592693728101593616300925032492695552
B0_original,False,margin_helpful_mass_share,4,verified-v3-normuon-3e-3,1,resolved,0.5348342857142857,111414494094779708421528466300651562880197767/188293859254590491318637444928416710425313280,305017004209049505704645444250317640598872393145583744408937207336878780443/515565325434571664859973966613975061477963468640507968081504625162463477760
B0_original,False,margin_helpful_mass_share,4,verified-v3-normuon-3e-3,2,resolved,0.5396864285714286,112677781506850087026123693740948724563220467/188293859254590491318637444928416710425313280,51422105380829196884343453807524209612404853492310720092861214710386768793/85927554239095277476662327768995843579660578106751328013584104193743912960
B0_original,False,margin_helpful_mass_share,4,verified-v3-normuon-3e-3,3,resolved,0.5446657142857143,25083432272710256250350769039791581408650931/41843079834353442515252765539648157872291840,77258138334723445060260408387583511302362014995952757900518678260142019257/128891331358642916214993491653493765369490867160126992020376156290615869440
B0_original,False,margin_helpful_mass_share,4,verified-v3-normuon-3e-3,4,resolved,0.5518028571428572,113123664354356377071496482748757856723079387/188293859254590491318637444928416710425313280,309706401160256065199727688888039382899680911235062381754343045604164176893/515565325434571664859973966613975061477963468640507968081504625162463477760
B0_original,False,margin_helpful_mass_share,4,verified-v3-normuon-3e-3,5,resolved,0.5584957142857143,56692382586261369441231558593802283493516711/94146929627295245659318722464208355212656640,310513676837242629098765628381322066044756197722558936005014049838714052333/515565325434571664859973966613975061477963468640507968081504625162463477760
B0_original,False,margin_helpful_attribution_participation_ratio,1,verified-v3-adamw-1e-6,1,resolved,0.5425692857142858,227636909202589141384984106276591871226166311/376587718509180982637274889856833420850626560,6883600261304192452798058838831633624853588468713741259909926245727130727587/11311564891872079452513283203856459040651239090097093478532015869709013483520
B0_original,False,margin_helpful_attribution_participation_ratio,1,verified-v3-adamw-1e-6,2,resolved,0.55545,114640432016726277133356259434610218725955263/188293859254590491318637444928416710425313280,36591420841870565210993664470244690551716191413055037951803112846184036201/58914400478500413815173350020085724170058536927589028534020915988067778560
B0_original,False,margin_helpful_attribution_participation_ratio,1,verified-v3-adamw-1e-6,3,resolved,0.5608178571428571,76542561129817001544288431398271277465125267/125529239503060327545758296618944473616875520,3452875945244416221481029333419662117935816281458148106848576183531028860321/5655782445936039726256641601928229520325619545048546739266007934854506741760
B0_original,False,margin_helpful_attribution_participation_ratio,1,verified-v3-adamw-1e-6,4,resolved,0.5633707142857143,230520196282317766537818407138564981175420571/376587718509180982637274889856833420850626560,767417784039462719379474762716747510903728106654689025399328915150291623023/1256840543541342161390364800428495448961248787788565942059112874412112609280
B0_original,False,margin_helpful_attribution_participation_ratio,1,verified-v3-adamw-1e-6,5,resolved,0.5649535714285714,77190780174917527572367348132438338570780187/125529239503060327545758296618944473616875520,382078810223015011093158967886097371657133500706173054716400443977753120159/628420271770671080695182400214247724480624393894282971029556437206056304640
B0_original,False,margin_helpful_attribution_participation_ratio,1,verified-v3-muon-1e-4,1,resolved,0.5822957142857142,112015200176710353776802230534202364595287901/188293859254590491318637444928416710425313280,1685664205314038947445846212299718813715163124154109534486744637339768400071/2827891222968019863128320800964114760162809772524273369633003967427253370880
B0_original,False,margin_helpful_attribution_participation_ratio,1,verified-v3-muon-1e-4,2,resolved,0.5879385714285714,225674355184284120435332873661033295416320017/376587718509180982637274889856833420850626560,1138256600464967092900618418787105284055729211010475994227970330168248554069/1885260815312013242085547200642743173441873181682848913088669311618168913920
B0_original,False,margin_helpful_attribution_participation_ratio,1,verified-v3-muon-1e-4,3,resolved,0.58963,18835097878356880900123804082218890863315441/31382309875765081886439574154736118404218880,6768950853085737758029725576296098429408108508487087524909244218843985000439/11311564891872079452513283203856459040651239090097093478532015869709013483520
B0_original,False,margin_helpful_attribution_participation_ratio,1,verified-v3-muon-1e-4,4,resolved,0.5903421428571428,113456843716574666353219380965188919569915031/188293859254590491318637444928416710425313280,2236269897405789957842110480683438230813032370787167426459689929872371060793/3770521630624026484171094401285486346883746363365697826177338623236337827840
B0_original,False,margin_helpful_attribution_participation_ratio,1,verified-v3-muon-1e-4,5,resolved,0.5910157142857143,18997152639632012407143533265760656139729171/31382309875765081886439574154736118404218880,1127480210345372447742065221181090874930859746771256693578097369214506871989/1885260815312013242085547200642743173441873181682848913088669311618168913920
B0_original,False,margin_helpful_attribution_participation_ratio,1,verified-v3-normuon-1e-4,1,resolved,0.5801178571428572,224219465320860816687479036894805977211797413/376587718509180982637274889856833420850626560,1685505900864244509481110955483921759335544162084133237973863841805349008069/2827891222968019863128320800964114760162809772524273369633003967427253370880
B0_original,False,margin_helpful_attribution_participation_ratio,1,verified-v3-normuon-1e-4,2,resolved,0.5869142857142856,56465855037931057392301862371858635859385407/94146929627295245659318722464208355212656640,2253340355437514902440536921907158422010574801839690769706235484381934356827/3770521630624026484171094401285486346883746363365697826177338623236337827840
B0_original,False,margin_helpful_attribution_participation_ratio,1,verified-v3-normuon-1e-4,3,resolved,0.5895821428571428,75403413169240893311786741604342646127002301/125529239503060327545758296618944473616875520,3366137709368574249134249591719933790207207241976850832568035587059591882403/5655782445936039726256641601928229520325619545048546739266007934854506741760
B0_original,False,margin_helpful_attribution_participation_ratio,1,verified-v3-normuon-1e-4,4,resolved,0.5898942857142858,227102752400589441840313337756779087161051673/376587718509180982637274889856833420850626560,745112556058152678348580462753711969942949754672164068490779254008427394819/1256840543541342161390364800428495448961248787788565942059112874412112609280
B0_original,False,margin_helpful_attribution_participation_ratio,1,verified-v3-normuon-1e-4,5,resolved,0.5909735714285714,76051632214341419339865658338509707232657221/125529239503060327545758296618944473616875520,742037021826025164523869487218098666909340872596605595620635896144878851489/1256840543541342161390364800428495448961248787788565942059112874412112609280
B0_original,False,margin_helpful_attribution_participation_ratio,2,verified-v3-adamw-3e-6,1,resolved,0.5644085714285715,163668006670864129216995891293720244756217427/285131632457656660323933578583791494559170560,73272704046125899425851631602604811312973055716232390742154582945024481179/128101741414052381648223686179802246456248345570652326180989486806073344000
B0_original,False,margin_helpful_attribution_participation_ratio,2,verified-v3-adamw-3e-6,2,resolved,0.5754778571428572,41274949356549927825202351912932094247871193/71282908114414165080983394645947873639792640,2629784374178015296616051879993146375065414135235576654050328807476642763229/4611662690905885739336052702472880872424940440543483742515621525018640384000
B0_original,False,margin_helpful_attribution_participation_ratio,2,verified-v3-adamw-3e-6,3,resolved,0.5815735714285715,55172127931006068227255716303632708819198739/95043877485885553441311192861263831519723520,885586237049189109450952896094077895031868071544251514083805672590556992303/1537220896968628579778684234157626957474980146847827914171873841672880128000
B0_original,False,margin_helpful_attribution_participation_ratio,2,verified-v3-adamw-3e-6,4,resolved,0.5840192857142857,20781234200346025342306268200800565971174419/35641454057207082540491697322973936819896320,444223364054696338402349570165394383540278219363901510503261397723035760639/768610448484314289889342117078813478737490073423913957085936920836440064000
B0_original,False,margin_helpful_attribution_participation_ratio,2,verified-v3-adamw-3e-6,5,resolved,0.5834164285714286,167045096673894753878169641990006161171314287/285131632457656660323933578583791494559170560,2696438943065180337613270218492307046269197356925866105908702209191422858969/4611662690905885739336052702472880872424940440543483742515621525018640384000
B0_original,False,margin_helpful_attribution_participation_ratio,2,verified-v3-muon-3e-4,1,resolved,0.5881207142857142,162591634758336472521664467902706501606613157/285131632457656660323933578583791494559170560,174460077290068689515180065078045447229687591723767732542247504416316635193/307444179393725715955736846831525391494996029369565582834374768334576025600
B0_original,False,margin_helpful_attribution_participation_ratio,2,verified-v3-muon-3e-4,2,resolved,0.5927621428571428,82011712756836027302738992130357316920940251/142565816228828330161966789291895747279585280,535782667000373896328869228759374896400671917559496421373664093455934326059/922332538181177147867210540494576174484988088108696748503124305003728076800
B0_original,False,margin_helpful_attribution_participation_ratio,2,verified-v3-muon-3e-4,3,resolved,0.5912535714285714,54813337293496849328811908506628127769330649/95043877485885553441311192861263831519723520,35391120619016900137002794965688785199310428458050906271520886956840365483/61488835878745143191147369366305078298999205873913116566874953666915205120
B0_original,False,margin_helpful_attribution_participation_ratio,2,verified-v3-muon-3e-4,4,resolved,0.591362142857143,82586750845120273021559361107695392309895541/142565816228828330161966789291895747279585280,14774984561579435619831032691840748591989970376531786412807705130182067561/25620348282810476329644737235960449291249669114130465236197897361214668800
B0_original,False,margin_helpful_attribution_participation_ratio,2,verified-v3-muon-3e-4,5,resolved,0.5924307142857143,165968724761367097182838218598992418021710017/285131632457656660323933578583791494559170560,534590579367625494477438189724423209194170238656073424247364455858526481983/922332538181177147867210540494576174484988088108696748503124305003728076800
B0_original,False,margin_helpful_attribution_participation_ratio,2,verified-v3-normuon-3e-4,1,resolved,0.5875385714285715,162687751273868269183445989645677541305264371/285131632457656660323933578583791494559170560,871258267069985273108268241388477621461728061247907424990035631916489513357/1537220896968628579778684234157626957474980146847827914171873841672880128000
B0_original,False,margin_helpful_attribution_participation_ratio,2,verified-v3-normuon-3e-4,2,resolved,0.5912428571428572,41029885507300962816814876500921418385132929/71282908114414165080983394645947873639792640,2643950704066360096643919373191187437712461299223328745907804639829978307651/4611662690905885739336052702472880872424940440543483742515621525018640384000
B0_original,False,margin_helpful_attribution_participation_ratio,2,verified-v3-normuon-3e-4,3,resolved,0.5915221428571428,54845376132007448216072415754285141002214387/95043877485885553441311192861263831519723520,441032744929325205438836338178838385786030605883614151921116869461732384271/768610448484314289889342117078813478737490073423913957085936920836440064000
B0_original,False,margin_helpful_attribution_participation_ratio,2,verified-v3-normuon-3e-4,4,resolved,0.5907228571428572,20658702275721542838112530494795228039805287/35641454057207082540491697322973936819896320,73224845415105897781621737035546520628723447893945121160917011529211161081/128101741414052381648223686179802246456248345570652326180989486806073344000
B0_original,False,margin_helpful_attribution_participation_ratio,2,verified-v3-normuon-3e-4,5,resolved,0.5936371428571429,166064841276898893844619740341963457720361231/285131632457656660323933578583791494559170560,1345218628774228639801213656164278298514524774224385452916402830757292144503/2305831345452942869668026351236440436212470220271741871257810762509320192000
B0_original,False,margin_helpful_attribution_participation_ratio,3,verified-v3-adamw-1e-5,1,resolved,0.5820728571428572,53445610376895256274860583248092278962791727/95043877485885553441311192861263831519723520,17338350895212368385100382680983426481172682763476514194020580958017340679/31113250862241566267303768421882364037306193044805879345442998640548249600
B0_original,False,margin_helpful_attribution_participation_ratio,3,verified-v3-adamw-1e-5,2,resolved,0.585075,80943996235122345204140064630848573146758883/142565816228828330161966789291895747279585280,53241796971497112589209040000100621081916858266030944078728856306318130957/93339752586724698801911305265647092111918579134417638036328995921644748800
B0_original,False,margin_helpful_attribution_participation_ratio,3,verified-v3-adamw-1e-5,3,resolved,0.5896428571428572,162621776463425008872260456416408987066199321/285131632457656660323933578583791494559170560,17830210134926579417552185615594771532428380722462007041505648687785975089/31113250862241566267303768421882364037306193044805879345442998640548249600
B0_original,False,margin_helpful_attribution_participation_ratio,3,verified-v3-adamw-1e-5,4,resolved,0.587965,163203920213026065878462333390839049250831181/285131632457656660323933578583791494559170560,370347972109648063994679724720156385844197401819025810104716302745557363/648192726296699297235495175455882584110545688433455819696729138344755200
B0_original,False,margin_helpful_attribution_participation_ratio,3,verified-v3-adamw-1e-5,5,resolved,0.58863,81961803015522985020623967921018277229704373/142565816228828330161966789291895747279585280,6710369037573846604252251391671695260918445235950055423176082779672797649/11667469073340587350238913158205886513989822391802204754541124490205593600
B0_original,False,margin_helpful_attribution_participation_ratio,3,verified-v3-muon-1e-3,1,resolved,0.5818585714285714,26750578367218681362785584971768472728820019/47521938742942776720655596430631915759861760,710802137087862610180082340248262076762071551701919729546287319011125041/1244530034489662650692150736875294561492247721792235173817719945621929984
B0_original,False,margin_helpful_attribution_participation_ratio,3,verified-v3-muon-1e-3,2,resolved,0.5876692857142858,162054631542871009760411889348031145778062699/285131632457656660323933578583791494559170560,1348254831780990863150691455022248957583044858208674216646995786651328479/2333493814668117470047782631641177302797964478360440950908224898041118720
B0_original,False,margin_helpful_attribution_participation_ratio,3,verified-v3-muon-1e-3,3,resolved,0.5850171428571428,81394207768025664112196108251371493275372127/142565816228828330161966789291895747279585280,450930255292886231632029427146651223829208792565877128546863674060215903/777831271556039156682594210547059100932654826120146983636074966013706240
B0_original,False,margin_helpful_attribution_participation_ratio,3,verified-v3-muon-1e-3,4,resolved,0.5885692857142857,81685279642826192615297046738586524367688057/142565816228828330161966789291895747279585280,1217743424324443141740775356332288192565939785648603518721653461270550123/2074216724149437751153584561458824269153746202987058623029533242703216640
B0_original,False,margin_helpful_attribution_participation_ratio,3,verified-v3-muon-1e-3,5,resolved,0.5919135714285714,164090245103672289393379695928370553943953679/285131632457656660323933578583791494559170560,10949823366605026794533255446575516106575805107063797967166809198218782979/18667950517344939760382261053129418422383715826883527607265799184328949760
B0_original,False,margin_helpful_attribution_participation_ratio,3,verified-v3-normuon-1e-3,1,resolved,0.5852614285714285,10694259875842002647433420551431867430558293/19008775497177110688262238572252766303944704,17510254187846316394948099079576445766257718582939006254347302983122926111/31113250862241566267303768421882364037306193044805879345442998640548249600
B0_original,False,margin_helpful_attribution_participation_ratio,3,verified-v3-normuon-1e-3,2,resolved,0.5920957142857143,8098252973859448064759984389444916043175849/14256581622882833016196678929189574727958528,13571097015657224735979935096423476293764749298302544287949921570419169957/23334938146681174700477826316411773027979644783604409509082248980411187200
B0_original,False,margin_helpful_attribution_participation_ratio,3,verified-v3-normuon-1e-3,3,resolved,0.5850342857142856,32539768694073855951836002988722032327239707/57026326491531332064786715716758298911834112,1508054708727654893384643601049357325697199043487808542748591435147777163/2592770905186797188941980701823530336442182753733823278786916553379020800
B0_original,False,margin_helpful_attribution_participation_ratio,3,verified-v3-normuon-1e-3,4,resolved,0.5896921428571428,32656197443994067353076378383608044764166079/57026326491531332064786715716758298911834112,4512511852988531433194477344582118737622383182007109277035110769378110319/7778312715560391566825942105470591009326548261201469836360749660137062400
B0_original,False,margin_helpful_attribution_participation_ratio,3,verified-v3-normuon-1e-3,5,resolved,0.5914471428571428,4100016825949756023204187359230943225735199/7128290811441416508098339464594787363979264,54295551341289644454339930926019554695406668964810303943928022220253251223/93339752586724698801911305265647092111918579134417638036328995921644748800
B0_original,False,margin_helpful_attribution_participation_ratio,4,verified-v3-adamw-3e-5,1,resolved,0.5857735714285714,27143650319407682122282441503779674665976021/47073464813647622829659361232104177606328320,87131976622833635790484289734198217135050329905267330583976035060204271547/149659633785691117939460710769644382572700519927006140598012690578758696960
B0_original,False,margin_helpful_attribution_participation_ratio,4,verified-v3-adamw-3e-5,2,resolved,0.5897585714285715,1716217010776579798339453022740872817920731/2942091550852976426853710077006511100395520,44221004884743803915245811654937933555047024809731452734142578785268348441/74829816892845558969730355384822191286350259963503070299006345289379348480
B0_original,False,margin_helpful_attribution_participation_ratio,4,verified-v3-adamw-3e-5,3,resolved,0.5879642857142857,73357034940031448796119840262352834748423671/125529239503060327545758296618944473616875520,349792610946371528180622215356475751716407192808709330473025167218273338113/598638535142764471757842843078577530290802079708024562392050762315034787840
B0_original,False,margin_helpful_attribution_participation_ratio,4,verified-v3-adamw-3e-5,4,resolved,0.58876,13785471442150924642387222807903124063348213/23536732406823811414829680616052088803164160,353623666642590043594931993623831686601491106081993347858181030364165103473/598638535142764471757842843078577530290802079708024562392050762315034787840
B0_original,False,margin_helpful_attribution_participation_ratio,4,verified-v3-adamw-3e-5,5,resolved,0.5892628571428571,110544872355373758950064416902071702770739739/188293859254590491318637444928416710425313280,58849190643763821173381608521572893866091040878302982081297162898986558483/99773089190460745292973807179762921715133679951337427065341793719172464640
B0_original,False,margin_helpful_attribution_participation_ratio,4,verified-v3-muon-3e-3,1,resolved,0.5424921428571429,222741189452901273369823675201493561979452087/376587718509180982637274889856833420850626560,36493399042157033811727247184928360973466786479368044640560902018597119547/59863853514276447175784284307857753029080207970802456239205076231503478784
B0_original,False,margin_helpful_attribution_participation_ratio,4,verified-v3-muon-3e-3,2,resolved,0.5378814285714285,225267764277042030579014130082087885345497487/376587718509180982637274889856833420850626560,75109153610034748842076782788533366434085797804532041351215311326856953289/119727707028552894351568568615715506058160415941604912478410152463006957568
B0_original,False,margin_helpful_attribution_participation_ratio,4,verified-v3-muon-3e-3,3,resolved,0.5432642857142858,6268419214381504521664546221064296358247637/10460769958588360628813191384912039468072960,9267824436656123641826149432957872907512153349596728810348030251497534245/14965963378569111793946071076964438257270051992700614059801269057875869696
B0_original,False,margin_helpful_attribution_participation_ratio,4,verified-v3-muon-3e-3,4,resolved,0.5483742857142857,226159529972054610669759708097706149665215327/376587718509180982637274889856833420850626560,18303154885524050563671722369267245325195995291510636760957877895570362289/29931926757138223587892142153928876514540103985401228119602538115751739392
B0_original,False,margin_helpful_attribution_participation_ratio,4,verified-v3-muon-3e-3,5,resolved,0.5571792857142858,226681731608387334291692976975399570193123397/376587718509180982637274889856833420850626560,24446855892722917653516483254010310828335287912580846929481209764524421943/39909235676184298117189522871905168686053471980534970826136717487668985856
B0_original,False,margin_helpful_attribution_participation_ratio,4,verified-v3-normuon-3e-3,1,resolved,0.5348342857142857,111414494094779708421528466300651562880197767/188293859254590491318637444928416710425313280,353069068641845449745292138169876439610861094845578498466046837002421474247/598638535142764471757842843078577530290802079708024562392050762315034787840
B0_original,False,margin_helpful_attribution_participation_ratio,4,verified-v3-normuon-3e-3,2,resolved,0.5396864285714286,112677781506850087026123693740948724563220467/188293859254590491318637444928416710425313280,372622596695473898510164098931812067981856502003243790233175729077788890037/598638535142764471757842843078577530290802079708024562392050762315034787840
B0_original,False,margin_helpful_attribution_participation_ratio,4,verified-v3-normuon-3e-3,3,resolved,0.5446657142857143,25083432272710256250350769039791581408650931/41843079834353442515252765539648157872291840,369070554945049839882692669611454940032058537687301020321824805267572806307/598638535142764471757842843078577530290802079708024562392050762315034787840
B0_original,False,margin_helpful_attribution_participation_ratio,4,verified-v3-normuon-3e-3,4,resolved,0.5518028571428572,113123664354356377071496482748757856723079387/188293859254590491318637444928416710425313280,179996636776745506315465632987114381770454750439773202431637594606442529961/299319267571382235878921421539288765145401039854012281196025381157517393920
B0_original,False,margin_helpful_attribution_participation_ratio,4,verified-v3-normuon-3e-3,5,resolved,0.5584957142857143,56692382586261369441231558593802283493516711/94146929627295245659318722464208355212656640,15138081600927536019501585888485646437758618563976968320917631989196676883/24943272297615186323243451794940730428783419987834356766335448429793116160
B0_original,False,margin_degrading_attribution_mass,1,verified-v3-adamw-1e-6,1,resolved,0.5425692857142858,227636909202589141384984106276591871226166311/376587718509180982637274889856833420850626560,4249863836917749071680773301069429625855689505982522498366656287274472494707/7231885326433317881079348855177385353646150656035270475558002953638459211776
B0_original,False,margin_degrading_attribution_mass,1,verified-v3-adamw-1e-6,2,resolved,0.55545,114640432016726277133356259434610218725955263/188293859254590491318637444928416710425313280,178981574747396168454250546147303552146168182412945908258926905699920901203/301328555268054911711639535632391056401922944001469603148250123068269133824
B0_original,False,margin_degrading_attribution_mass,1,verified-v3-adamw-1e-6,3,resolved,0.5608178571428571,76542561129817001544288431398271277465125267/125529239503060327545758296618944473616875520,1413084706041581467773822278832795870141229799980121053730801703940868947175/2410628442144439293693116285059128451215383552011756825186000984546153070592
B0_original,False,margin_degrading_attribution_mass,1,verified-v3-adamw-1e-6,4,resolved,0.5633707142857143,230520196282317766537818407138564981175420571/376587718509180982637274889856833420850626560,176455977241202583380876184615539162988676229083649484053601026610437649901/301328555268054911711639535632391056401922944001469603148250123068269133824
B0_original,False,margin_degrading_attribution_mass,1,verified-v3-adamw-1e-6,5,resolved,0.5649535714285714,77190780174917527572367348132438338570780187/125529239503060327545758296618944473616875520,2117194082426481593556123324384559246412829300923977577322762487011109970075/3615942663216658940539674427588692676823075328017635237779001476819229605888
B0_original,False,margin_degrading_attribution_mass,1,verified-v3-muon-1e-4,1,resolved,0.5822957142857142,112015200176710353776802230534202364595287901/188293859254590491318637444928416710425313280,21386209243593357394499398630791060987419253105426443140645231196030267872919/36159426632166589405396744275886926768230753280176352377790014768192296058880
B0_original,False,margin_degrading_attribution_mass,1,verified-v3-muon-1e-4,2,resolved,0.5879385714285714,225674355184284120435332873661033295416320017/376587718509180982637274889856833420850626560,7257364507425412126949167865126337341042731713924473369111863851576007807133/12053142210722196468465581425295642256076917760058784125930004922730765352960
B0_original,False,margin_degrading_attribution_mass,1,verified-v3-muon-1e-4,3,resolved,0.58963,18835097878356880900123804082218890863315441/31382309875765081886439574154736118404218880,7216942831296815984319951674940600302576696643959709188830076141313836854363/12053142210722196468465581425295642256076917760058784125930004922730765352960
B0_original,False,margin_degrading_attribution_mass,1,verified-v3-muon-1e-4,4,resolved,0.5903421428571428,113456843716574666353219380965188919569915031/188293859254590491318637444928416710425313280,3543195012202780471442178276561859023429702333112700179149491072503271799929/6026571105361098234232790712647821128038458880029392062965002461365382676480
B0_original,False,margin_degrading_attribution_mass,1,verified-v3-muon-1e-4,5,resolved,0.5910157142857143,18997152639632012407143533265760656139729171/31382309875765081886439574154736118404218880,21458160353368788280264540089818798322315940613637020834855366485054565200949/36159426632166589405396744275886926768230753280176352377790014768192296058880
B0_original,False,margin_degrading_attribution_mass,1,verified-v3-normuon-1e-4,1,resolved,0.5801178571428572,224219465320860816687479036894805977211797413/376587718509180982637274889856833420850626560,674278851577056540092282235728526537802055890050327587760809557813821878119/1129982082255205918918648258621466461507211040005511011805937961506009251840
B0_original,False,margin_degrading_attribution_mass,1,verified-v3-normuon-1e-4,2,resolved,0.5869142857142856,56465855037931057392301862371858635859385407/94146929627295245659318722464208355212656640,151304922246041548739275406499253958311624717535046972447860690768880768797/251107129390045759759699613026992547001602453334558002623541769223557611520
B0_original,False,margin_degrading_attribution_mass,1,verified-v3-normuon-1e-4,3,resolved,0.5895821428571428,75403413169240893311786741604342646127002301/125529239503060327545758296618944473616875520,7268955825439556301574156287749132873387708782865285804639014621730828583011/12053142210722196468465581425295642256076917760058784125930004922730765352960
B0_original,False,margin_degrading_attribution_mass,1,verified-v3-normuon-1e-4,4,resolved,0.5898942857142858,227102752400589441840313337756779087161051673/376587718509180982637274889856833420850626560,7164376582587542246621693571034367471035051116635362101935782216617598954811/12053142210722196468465581425295642256076917760058784125930004922730765352960
B0_original,False,margin_degrading_attribution_mass,1,verified-v3-normuon-1e-4,5,resolved,0.5909735714285714,76051632214341419339865658338509707232657221/125529239503060327545758296618944473616875520,21424672587324671485297817516087909841150695259378188973764220060467183900783/36159426632166589405396744275886926768230753280176352377790014768192296058880
B0_original,False,margin_degrading_attribution_mass,2,verified-v3-adamw-3e-6,1,resolved,0.5644085714285715,163668006670864129216995891293720244756217427/285131632457656660323933578583791494559170560,3412064575901266914835440966639980917980248088023884725693606629391812852179/6026054321328824192916309316527386805953913134418794796138716267056862330880
B0_original,False,margin_degrading_attribution_mass,2,verified-v3-adamw-3e-6,2,resolved,0.5754778571428572,41274949356549927825202351912932094247871193/71282908114414165080983394645947873639792640,6722584378970646735872033330980994597818280871514406708274265244006070343463/12052108642657648385832618633054773611907826268837589592277432534113724661760
B0_original,False,margin_degrading_attribution_mass,2,verified-v3-adamw-3e-6,3,resolved,0.5815735714285715,55172127931006068227255716303632708819198739/95043877485885553441311192861263831519723520,1717119206667748852229096445526015994394291377821510807433389284645805375757/3013027160664412096458154658263693402976956567209397398069358133528431165440
B0_original,False,margin_degrading_attribution_mass,2,verified-v3-adamw-3e-6,4,resolved,0.5840192857142857,20781234200346025342306268200800565971174419/35641454057207082540491697322973936819896320,1718920870170467682458366080253189734106302433422214277352081437689068530977/3013027160664412096458154658263693402976956567209397398069358133528431165440
B0_original,False,margin_degrading_attribution_mass,2,verified-v3-adamw-3e-6,5,resolved,0.5834164285714286,167045096673894753878169641990006161171314287/285131632457656660323933578583791494559170560,6976241003514533119147591785807683964073930682819261144078125132809524599033/12052108642657648385832618633054773611907826268837589592277432534113724661760
B0_original,False,margin_degrading_attribution_mass,2,verified-v3-muon-3e-4,1,resolved,0.5881207142857142,162591634758336472521664467902706501606613157/285131632457656660323933578583791494559170560,3549359302833301610301395189391031546062993926017541414857611827162024572471/6026054321328824192916309316527386805953913134418794796138716267056862330880
B0_original,False,margin_degrading_attribution_mass,2,verified-v3-muon-3e-4,2,resolved,0.5927621428571428,82011712756836027302738992130357316920940251/142565816228828330161966789291895747279585280,154847587254057667068891870832370917730078228073147182198828935603830419417/262002361796905399692013448544668991563213614539947599832118098567689666560
B0_original,False,margin_degrading_attribution_mass,2,verified-v3-muon-3e-4,3,resolved,0.5912535714285714,54813337293496849328811908506628127769330649/95043877485885553441311192861263831519723520,7014199034630171950573732447708210784401323172440352531776080009719522871117/12052108642657648385832618633054773611907826268837589592277432534113724661760
B0_original,False,margin_degrading_attribution_mass,2,verified-v3-muon-3e-4,4,resolved,0.591362142857143,82586750845120273021559361107695392309895541/142565816228828330161966789291895747279585280,6972182135142715545159391390716371531415003435675265277606609565777855275897/12052108642657648385832618633054773611907826268837589592277432534113724661760
B0_original,False,margin_degrading_attribution_mass,2,verified-v3-muon-3e-4,5,resolved,0.5924307142857143,165968724761367097182838218598992418021710017/285131632457656660323933578583791494559170560,3515607196774912724031249203570771855154726555657573951936007011454167205751/6026054321328824192916309316527386805953913134418794796138716267056862330880
B0_original,False,margin_degrading_attribution_mass,2,verified-v3-normuon-3e-4,1,resolved,0.5875385714285715,162687751273868269183445989645677541305264371/285131632457656660323933578583791494559170560,178467934285228725239445379524742146317000404655108394081924057226853176955/301302716066441209645815465826369340297695656720939739806935813352843116544
B0_original,False,margin_degrading_attribution_mass,2,verified-v3-normuon-3e-4,2,resolved,0.5912428571428572,41029885507300962816814876500921418385132929/71282908114414165080983394645947873639792640,1407878331963320388955260587158204967922409180213942524633040131594349066237/2410421728531529677166523726610954722381565253767517918455486506822744932352
B0_original,False,margin_degrading_attribution_mass,2,verified-v3-normuon-3e-4,3,resolved,0.5915221428571428,54845376132007448216072415754285141002214387/95043877485885553441311192861263831519723520,701120514061530585087002280023683515511363776132896656410678648144921423317/1205210864265764838583261863305477361190782626883758959227743253411372466176
B0_original,False,margin_degrading_attribution_mass,2,verified-v3-normuon-3e-4,4,resolved,0.5907228571428572,20658702275721542838112530494795228039805287/35641454057207082540491697322973936819896320,1391074850115908349101623739730063637385577845678275890761319960095527364917/2410421728531529677166523726610954722381565253767517918455486506822744932352
B0_original,False,margin_degrading_attribution_mass,2,verified-v3-normuon-3e-4,5,resolved,0.5936371428571429,166064841276898893844619740341963457720361231/285131632457656660323933578583791494559170560,1430881093974986912871452644372885616928855534783812164717066195618501715693/2410421728531529677166523726610954722381565253767517918455486506822744932352
B0_original,False,margin_degrading_attribution_mass,3,verified-v3-adamw-1e-5,1,resolved,0.5820728571428572,53445610376895256274860583248092278962791727/95043877485885553441311192861263831519723520,779181715625627158769751898702527579783643123872203698459560558713849043421/1363766116779104744754703044358550895320588646245963859788247309072671440896
B0_original,False,margin_degrading_attribution_mass,3,verified-v3-adamw-1e-5,2,resolved,0.585075,80943996235122345204140064630848573146758883/142565816228828330161966789291895747279585280,176673860550093344296715984265396233459249272644426558767011002562218513443/303059137062023276612156232079677976737908588054658635508499402016149209088
B0_original,False,margin_degrading_attribution_mass,3,verified-v3-adamw-1e-5,3,resolved,0.5896428571428572,162621776463425008872260456416408987066199321/285131632457656660323933578583791494559170560,1577491237201516084466395201271605544065019817629079273245257998589879253/2663605696834188954599029383512794717423024699699148163648920525532561408
B0_original,False,margin_degrading_attribution_mass,3,verified-v3-adamw-1e-5,4,resolved,0.587965,163203920213026065878462333390839049250831181/285131632457656660323933578583791494559170560,530469977750765180451380827855759270703657504559169004861426057422791733885/909177411186069829836468696239033930213725764163975906525498206048447627264
B0_original,False,margin_degrading_attribution_mass,3,verified-v3-adamw-1e-5,5,resolved,0.58863,81961803015522985020623967921018277229704373/142565816228828330161966789291895747279585280,793219150027532737364004644817182492806482200048967142553661694501163096047/1363766116779104744754703044358550895320588646245963859788247309072671440896
B0_original,False,margin_degrading_attribution_mass,3,verified-v3-muon-1e-3,1,resolved,0.5818585714285714,26750578367218681362785584971768472728820019/47521938742942776720655596430631915759861760,3935195977068273560263893354701755571946865315990381750995721845083034160523/6818830583895523723773515221792754476602943231229819298941236545363357204480
B0_original,False,margin_degrading_attribution_mass,3,verified-v3-muon-1e-3,2,resolved,0.5876692857142858,162054631542871009760411889348031145778062699/285131632457656660323933578583791494559170560,441825002597834351365382534662561112228267012620126151486898032819467210057/757647842655058191530390580199194941844771470136646588771248505040373022720
B0_original,False,margin_degrading_attribution_mass,3,verified-v3-muon-1e-3,3,resolved,0.5850171428571428,81394207768025664112196108251371493275372127/142565816228828330161966789291895747279585280,3920211456975123733015194962232065983735457973194372548812555530169794499023/6818830583895523723773515221792754476602943231229819298941236545363357204480
B0_original,False,margin_degrading_attribution_mass,3,verified-v3-muon-1e-3,4,resolved,0.5885692857142857,81685279642826192615297046738586524367688057/142565816228828330161966789291895747279585280,2691121401751563581175770077962784615038358632138402853590264398177252259077/4545887055930349149182343481195169651068628820819879532627491030242238136320
B0_original,False,margin_degrading_attribution_mass,3,verified-v3-muon-1e-3,5,resolved,0.5919135714285714,164090245103672289393379695928370553943953679/285131632457656660323933578583791494559170560,8012810136349182739596520837666393737453610785954191502194482880946428043271/13637661167791047447547030443585508953205886462459638597882473090726714408960
B0_original,False,margin_degrading_attribution_mass,3,verified-v3-normuon-1e-3,1,resolved,0.5852614285714285,10694259875842002647433420551431867430558293/19008775497177110688262238572252766303944704,485381680701617372326045354877523943551349666414587160606943927306962933699/852353822986940465471689402724094309575367903903727412367654568170419650560
B0_original,False,margin_degrading_attribution_mass,3,verified-v3-normuon-1e-3,2,resolved,0.5920957142857143,8098252973859448064759984389444916043175849/14256581622882833016196678929189574727958528,1355330633847568994022019225466992044938764163725128239670746047883747824759/2272943527965174574591171740597584825534314410409939766313745515121119068160
B0_original,False,margin_degrading_attribution_mass,3,verified-v3-normuon-1e-3,3,resolved,0.5850342857142856,32539768694073855951836002988722032327239707/57026326491531332064786715716758298911834112,7851888518834732167939824068530935515132417491170651306499393089367184558839/13637661167791047447547030443585508953205886462459638597882473090726714408960
B0_original,False,margin_degrading_attribution_mass,3,verified-v3-normuon-1e-3,4,resolved,0.5896921428571428,32656197443994067353076378383608044764166079/57026326491531332064786715716758298911834112,2678220501195576943205469156325280881636834596435887411306049480942907228873/4545887055930349149182343481195169651068628820819879532627491030242238136320
B0_original,False,margin_degrading_attribution_mass,3,verified-v3-normuon-1e-3,5,resolved,0.5914471428571428,4100016825949756023204187359230943225735199/7128290811441416508098339464594787363979264,7933849083835162387435591788160107337139760530620122654002958775930532190709/13637661167791047447547030443585508953205886462459638597882473090726714408960
B0_original,False,margin_degrading_attribution_mass,4,verified-v3-adamw-3e-5,1,resolved,0.5857735714285714,27143650319407682122282441503779674665976021/47073464813647622829659361232104177606328320,9093696520239796310459661526512990385517885100365647289827740064411470449981/15669792319051798446796797435170777395589403977544535803384425899981767966720
B0_original,False,margin_degrading_attribution_mass,4,verified-v3-adamw-3e-5,2,resolved,0.5897585714285715,1716217010776579798339453022740872817920731/2942091550852976426853710077006511100395520,9121820705056149455891221584766667036141667831733789509350722217357506261021/15669792319051798446796797435170777395589403977544535803384425899981767966720
B0_original,False,margin_degrading_attribution_mass,4,verified-v3-adamw-3e-5,3,resolved,0.5879642857142857,73357034940031448796119840262352834748423671/125529239503060327545758296618944473616875520,9260595096101770256823628189290183908374271565961822445940679472858034563201/15669792319051798446796797435170777395589403977544535803384425899981767966720
B0_original,False,margin_degrading_attribution_mass,4,verified-v3-adamw-3e-5,4,resolved,0.58876,13785471442150924642387222807903124063348213/23536732406823811414829680616052088803164160,1022131765476361780511075177705415702412679174875896342011698583412870514869/1741088035450199827421866381685641932843267108616059533709380655553529774080
B0_original,False,margin_degrading_attribution_mass,4,verified-v3-adamw-3e-5,5,resolved,0.5892628571428571,110544872355373758950064416902071702770739739/188293859254590491318637444928416710425313280,4620185476266300563378817984739073680184280337994552898824198391188081788733/7834896159525899223398398717585388697794701988772267901692212949990883983360
B0_original,False,margin_degrading_attribution_mass,4,verified-v3-muon-3e-3,1,resolved,0.5424921428571429,222741189452901273369823675201493561979452087/376587718509180982637274889856833420850626560,4421939482173992135859502125099701196766688232906371234455404867117175103407/7834896159525899223398398717585388697794701988772267901692212949990883983360
B0_original,False,margin_degrading_attribution_mass,4,verified-v3-muon-3e-3,2,resolved,0.5378814285714285,225267764277042030579014130082087885345497487/376587718509180982637274889856833420850626560,4496605866261675039273498552766900381675230478458460614729181549222745074667/7834896159525899223398398717585388697794701988772267901692212949990883983360
B0_original,False,margin_degrading_attribution_mass,4,verified-v3-muon-3e-3,3,resolved,0.5432642857142858,6268419214381504521664546221064296358247637/10460769958588360628813191384912039468072960,4582203590983525938098664159364056816669491754761738771376344749318558523497/7834896159525899223398398717585388697794701988772267901692212949990883983360
B0_original,False,margin_degrading_attribution_mass,4,verified-v3-muon-3e-3,4,resolved,0.5483742857142857,226159529972054610669759708097706149665215327/376587718509180982637274889856833420850626560,1029035663399341816710231915391236836452304131502122230633298459191483630701/1741088035450199827421866381685641932843267108616059533709380655553529774080
B0_original,False,margin_degrading_attribution_mass,4,verified-v3-muon-3e-3,5,resolved,0.5571792857142858,226681731608387334291692976975399570193123397/376587718509180982637274889856833420850626560,2341676973754066100185165669660953829234587271999284050618236151580704594881/3917448079762949611699199358792694348897350994386133950846106474995441991680
B0_original,False,margin_degrading_attribution_mass,4,verified-v3-normuon-3e-3,1,resolved,0.5348342857142857,111414494094779708421528466300651562880197767/188293859254590491318637444928416710425313280,1782105918063943811816635844165300762110967998583726414650449798907933797451/3133958463810359689359359487034155479117880795508907160676885179996353593344
B0_original,False,margin_degrading_attribution_mass,4,verified-v3-normuon-3e-3,2,resolved,0.5396864285714286,112677781506850087026123693740948724563220467/188293859254590491318637444928416710425313280,447963843514753522459832918905170762729637358684287923490208154873480590183/783489615952589922339839871758538869779470198877226790169221294999088398336
B0_original,False,margin_degrading_attribution_mass,4,verified-v3-normuon-3e-3,3,resolved,0.5446657142857143,25083432272710256250350769039791581408650931/41843079834353442515252765539648157872291840,1810866929928714713723279435686709718982976145968144075576282282127171070369/3133958463810359689359359487034155479117880795508907160676885179996353593344
B0_original,False,margin_degrading_attribution_mass,4,verified-v3-normuon-3e-3,4,resolved,0.5518028571428572,113123664354356377071496482748757856723079387/188293859254590491318637444928416710425313280,206882352380860634449106360680609697354308290583429622056507201240722005713/348217607090039965484373276337128386568653421723211906741876131110705954816
B0_original,False,margin_degrading_attribution_mass,4,verified-v3-normuon-3e-3,5,resolved,0.5584957142857143,56692382586261369441231558593802283493516711/94146929627295245659318722464208355212656640,928091374871122056218331833658659856342517421895903562308067814747665923403/1566979231905179844679679743517077739558940397754453580338442589998176796672
B0_original,False,random_50pct_relative_shortlist_ndcg,1,verified-v3-adamw-1e-6,1,resolved,0.5425692857142858,227636909202589141384984106276591871226166311/376587718509180982637274889856833420850626560,71673119829888495843764054878133806004145725283612675381169143191086816673/118888588985712613312817468952196815685431786370944827345161310475040849920
B0_original,False,random_50pct_relative_shortlist_ndcg,1,verified-v3-adamw-1e-6,2,resolved,0.55545,114640432016726277133356259434610218725955263/188293859254590491318637444928416710425313280,24089821978397676044628179005824513861081766920947211542815415385766562071/39629529661904204437605822984065605228477262123648275781720436825013616640
B0_original,False,random_50pct_relative_shortlist_ndcg,1,verified-v3-adamw-1e-6,3,resolved,0.5608178571428571,76542561129817001544288431398271277465125267/125529239503060327545758296618944473616875520,71018094307505516258509944461062431789043351587418786802432961050166512903/118888588985712613312817468952196815685431786370944827345161310475040849920
B0_original,False,random_50pct_relative_shortlist_ndcg,1,verified-v3-adamw-1e-6,4,resolved,0.5633707142857143,230520196282317766537818407138564981175420571/376587718509180982637274889856833420850626560,440844721107730167588349639731537823886709158116740068021133820190217187/724930420644589105565960176537785461496535282749663581372934819969761280
B0_original,False,random_50pct_relative_shortlist_ndcg,1,verified-v3-adamw-1e-6,5,resolved,0.5649535714285714,77190780174917527572367348132438338570780187/125529239503060327545758296618944473616875520,96838263605424708232570487234675150618892210232428735704927485201235807099/158518118647616817750423291936262420913909048494593103126881747300054466560
B0_original,False,random_50pct_relative_shortlist_ndcg,1,verified-v3-muon-1e-4,1,resolved,0.5822957142857142,112015200176710353776802230534202364595287901/188293859254590491318637444928416710425313280,143346780628993757974457597219944695712801160609218748506874097790465447357/237777177971425226625634937904393631370863572741889654690322620950081699840
B0_original,False,random_50pct_relative_shortlist_ndcg,1,verified-v3-muon-1e-4,2,resolved,0.5879385714285714,225674355184284120435332873661033295416320017/376587718509180982637274889856833420850626560,96279260698099448149268371672719133507027732690922813435174225063621019253/158518118647616817750423291936262420913909048494593103126881747300054466560
B0_original,False,random_50pct_relative_shortlist_ndcg,1,verified-v3-muon-1e-4,3,resolved,0.58963,18835097878356880900123804082218890863315441/31382309875765081886439574154736118404218880,35862125275905058117363542660835115806581617257511657037602664651131173273/59444294492856306656408734476098407842715893185472413672580655237520424960
B0_original,False,random_50pct_relative_shortlist_ndcg,1,verified-v3-muon-1e-4,4,resolved,0.5903421428571428,113456843716574666353219380965188919569915031/188293859254590491318637444928416710425313280,289384820410287855554391687238302852328808326318323476492293553779475725469/475554355942850453251269875808787262741727145483779309380645241900163399680
B0_original,False,random_50pct_relative_shortlist_ndcg,1,verified-v3-muon-1e-4,5,resolved,0.5910157142857143,18997152639632012407143533265760656139729171/31382309875765081886439574154736118404218880,97267866009116914699270963666970179518073833022537142140552248328332462983/158518118647616817750423291936262420913909048494593103126881747300054466560
B0_original,False,random_50pct_relative_shortlist_ndcg,1,verified-v3-normuon-1e-4,1,resolved,0.5801178571428572,224219465320860816687479036894805977211797413/376587718509180982637274889856833420850626560,141586535841361258071014227843395949139776342347683244544730312581991063689/237777177971425226625634937904393631370863572741889654690322620950081699840
B0_original,False,random_50pct_relative_shortlist_ndcg,1,verified-v3-normuon-1e-4,2,resolved,0.5869142857142856,56465855037931057392301862371858635859385407/94146929627295245659318722464208355212656640,2974185245569431387257594751419693783817352718911487303226986083244231453/4953691207738025554700727873008200653559657765456034472715054603126702080
B0_original,False,random_50pct_relative_shortlist_ndcg,1,verified-v3-normuon-1e-4,3,resolved,0.5895821428571428,75403413169240893311786741604342646127002301/125529239503060327545758296618944473616875520,284172263275278520662910911571031986970422099141735300786031302270710491213/475554355942850453251269875808787262741727145483779309380645241900163399680
B0_original,False,random_50pct_relative_shortlist_ndcg,1,verified-v3-normuon-1e-4,4,resolved,0.5898942857142858,227102752400589441840313337756779087161051673/376587718509180982637274889856833420850626560,288033738734030755090689831784765253273497735225239352694215322921264097323/475554355942850453251269875808787262741727145483779309380645241900163399680
B0_original,False,random_50pct_relative_shortlist_ndcg,1,verified-v3-normuon-1e-4,5,resolved,0.5909735714285714,76051632214341419339865658338509707232657221/125529239503060327545758296618944473616875520,96492946011810731837127353425025370713727437713135443790418683909208547491/158518118647616817750423291936262420913909048494593103126881747300054466560
B0_original,False,random_50pct_relative_shortlist_ndcg,2,verified-v3-adamw-3e-6,1,resolved,0.5644085714285715,163668006670864129216995891293720244756217427/285131632457656660323933578583791494559170560,20229914396465430438295674943506296484035850315475487795569188949885324307/36024621272031407669205024549885252407670052660451585777616931256103075840
B0_original,False,random_50pct_relative_shortlist_ndcg,2,verified-v3-adamw-3e-6,2,resolved,0.5754778571428572,41274949356549927825202351912932094247871193/71282908114414165080983394645947873639792640,544632762807593074986431736424867247504877546522102757310401095766745639/948016349263984412347500646049611905465001385801357520463603454107975680
B0_original,False,random_50pct_relative_shortlist_ndcg,2,verified-v3-adamw-3e-6,3,resolved,0.5815735714285715,55172127931006068227255716303632708819198739/95043877485885553441311192861263831519723520,20895531536372670207116910346724657149225563549026634976445009792846114107/36024621272031407669205024549885252407670052660451585777616931256103075840
B0_original,False,random_50pct_relative_shortlist_ndcg,2,verified-v3-adamw-3e-6,4,resolved,0.5840192857142857,20781234200346025342306268200800565971174419/35641454057207082540491697322973936819896320,64028205947438714146679318995988189990469812865602419352411911586467610851/108073863816094223007615073649655757223010157981354757332850793768309227520
B0_original,False,random_50pct_relative_shortlist_ndcg,2,verified-v3-adamw-3e-6,5,resolved,0.5834164285714286,167045096673894753878169641990006161171314287/285131632457656660323933578583791494559170560,63996711005954710890988634308141821685897085038343721250132164398700274241/108073863816094223007615073649655757223010157981354757332850793768309227520
B0_original,False,random_50pct_relative_shortlist_ndcg,2,verified-v3-muon-3e-4,1,resolved,0.5881207142857142,162591634758336472521664467902706501606613157/285131632457656660323933578583791494559170560,681512006601204419697017886800556489229917841289672814324700750262073529/1200820709067713588973500818329508413589001755348386192587231041870102528
B0_original,False,random_50pct_relative_shortlist_ndcg,2,verified-v3-muon-3e-4,2,resolved,0.5927621428571428,82011712756836027302738992130357316920940251/142565816228828330161966789291895747279585280,4188534712857402327666839920100768513940733804707273492034506277141371739/7204924254406281533841004909977050481534010532090317155523386251220615168
B0_original,False,random_50pct_relative_shortlist_ndcg,2,verified-v3-muon-3e-4,3,resolved,0.5912535714285714,54813337293496849328811908506628127769330649/95043877485885553441311192861263831519723520,2071450931089953619235771605847236542066225186448573328239171833835650287/3602462127203140766920502454988525240767005266045158577761693125610307584
B0_original,False,random_50pct_relative_shortlist_ndcg,2,verified-v3-muon-3e-4,4,resolved,0.591362142857143,82586750845120273021559361107695392309895541/142565816228828330161966789291895747279585280,12337001646381981268118391634085495239945532475008649564710826247575939887/21614772763218844601523014729931151444602031596270951466570158753661845504
B0_original,False,random_50pct_relative_shortlist_ndcg,2,verified-v3-muon-3e-4,5,resolved,0.5924307142857143,165968724761367097182838218598992418021710017/285131632457656660323933578583791494559170560,12402872090674289589218240404588218520889783998617840006902002038916237387/21614772763218844601523014729931151444602031596270951466570158753661845504
B0_original,False,random_50pct_relative_shortlist_ndcg,2,verified-v3-normuon-3e-4,1,resolved,0.5875385714285715,162687751273868269183445989645677541305264371/285131632457656660323933578583791494559170560,857621713373187241193494336119287694482193458379540208913745598794849747/1501025886334641986216876022911885516986252194185482740734038802337628160
B0_original,False,random_50pct_relative_shortlist_ndcg,2,verified-v3-normuon-3e-4,2,resolved,0.5912428571428572,41029885507300962816814876500921418385132929/71282908114414165080983394645947873639792640,10285942933977187507896479241082751717041487117482707711293883114630863779/18012310636015703834602512274942626203835026330225792888808465628051537920
B0_original,False,random_50pct_relative_shortlist_ndcg,2,verified-v3-normuon-3e-4,3,resolved,0.5915221428571428,54845376132007448216072415754285141002214387/95043877485885553441311192861263831519723520,20367623500689545747317791191675819648077770160796402536124867992952068343/36024621272031407669205024549885252407670052660451585777616931256103075840
B0_original,False,random_50pct_relative_shortlist_ndcg,2,verified-v3-normuon-3e-4,4,resolved,0.5907228571428572,20658702275721542838112530494795228039805287/35641454057207082540491697322973936819896320,62601298070963037180137262340971676759981126260669089151723437183110761019/108073863816094223007615073649655757223010157981354757332850793768309227520
B0_original,False,random_50pct_relative_shortlist_ndcg,2,verified-v3-normuon-3e-4,5,resolved,0.5936371428571429,166064841276898893844619740341963457720361231/285131632457656660323933578583791494559170560,31548663472021733302640403247797836131684246575378694206578189417143264387/54036931908047111503807536824827878611505078990677378666425396884154613760
B0_original,False,random_50pct_relative_shortlist_ndcg,3,verified-v3-adamw-1e-5,1,resolved,0.5820728571428572,53445610376895256274860583248092278962791727/95043877485885553441311192861263831519723520,38768564408884387924260714519820463179140406483994582512519915849056207379/69610902541814980683900389554159311470024738460269885342842750048382484480
B0_original,False,random_50pct_relative_shortlist_ndcg,3,verified-v3-adamw-1e-5,2,resolved,0.585075,80943996235122345204140064630848573146758883/142565816228828330161966789291895747279585280,1106640584569608566021627160201806296084953466671107771500241287131523529/1933636181717082796775010820948869763056242735007496815078965279121735680
B0_original,False,random_50pct_relative_shortlist_ndcg,3,verified-v3-adamw-1e-5,3,resolved,0.5896428571428572,162621776463425008872260456416408987066199321/285131632457656660323933578583791494559170560,19933110947988726138920803358082769211783154459254826953408374602613543147/34805451270907490341950194777079655735012369230134942671421375024191242240
B0_original,False,random_50pct_relative_shortlist_ndcg,3,verified-v3-adamw-1e-5,4,resolved,0.587965,163203920213026065878462333390839049250831181/285131632457656660323933578583791494559170560,13451648367394424010889836795418758507821734375931877849761727154433363863/23203634180604993561300129851386437156674912820089961780947583349460828160
B0_original,False,random_50pct_relative_shortlist_ndcg,3,verified-v3-adamw-1e-5,5,resolved,0.58863,81961803015522985020623967921018277229704373/142565816228828330161966789291895747279585280,1127026296293888902980621533879979494206867612703058847330207016720168639/1933636181717082796775010820948869763056242735007496815078965279121735680
B0_original,False,random_50pct_relative_shortlist_ndcg,3,verified-v3-muon-1e-3,1,resolved,0.5818585714285714,26750578367218681362785584971768472728820019/47521938742942776720655596430631915759861760,19322941597637551837355573674919054437651910461983138983851261072149113471/34805451270907490341950194777079655735012369230134942671421375024191242240
B0_original,False,random_50pct_relative_shortlist_ndcg,3,verified-v3-muon-1e-3,2,resolved,0.5876692857142858,162054631542871009760411889348031145778062699/285131632457656660323933578583791494559170560,13292939094764898061065619298327517474572271990937631691888534978929181539/23203634180604993561300129851386437156674912820089961780947583349460828160
B0_original,False,random_50pct_relative_shortlist_ndcg,3,verified-v3-muon-1e-3,3,resolved,0.5850171428571428,81394207768025664112196108251371493275372127/142565816228828330161966789291895747279585280,40754433603296621686904327013307870720336931327983058584580813361349016537/69610902541814980683900389554159311470024738460269885342842750048382484480
B0_original,False,random_50pct_relative_shortlist_ndcg,3,verified-v3-muon-1e-3,4,resolved,0.5885692857142857,81685279642826192615297046738586524367688057/142565816228828330161966789291895747279585280,4271747808456600238192692474779792176320934743527754078089148420407784923/7734544726868331187100043283795479052224970940029987260315861116486942720
B0_original,False,random_50pct_relative_shortlist_ndcg,3,verified-v3-muon-1e-3,5,resolved,0.5919135714285714,164090245103672289393379695928370553943953679/285131632457656660323933578583791494559170560,13474201050505585408709144784736578678115551485825441692192754626174457039/23203634180604993561300129851386437156674912820089961780947583349460828160
B0_original,False,random_50pct_relative_shortlist_ndcg,3,verified-v3-normuon-1e-3,1,resolved,0.5852614285714285,10694259875842002647433420551431867430558293/19008775497177110688262238572252766303944704,40048044181077918084603945503771267052536504654152180222862725252572814639/69610902541814980683900389554159311470024738460269885342842750048382484480
B0_original,False,random_50pct_relative_shortlist_ndcg,3,verified-v3-normuon-1e-3,2,resolved,0.5920957142857143,8098252973859448064759984389444916043175849/14256581622882833016196678929189574727958528,3295741396438888120321521271353457964681805198501624243108133476667382237/5800908545151248390325032462846609289168728205022490445236895837365207040
B0_original,False,random_50pct_relative_shortlist_ndcg,3,verified-v3-normuon-1e-3,3,resolved,0.5850342857142856,32539768694073855951836002988722032327239707/57026326491531332064786715716758298911834112,20211434515365237728932425505243559227632122740112322351338709397607677717/34805451270907490341950194777079655735012369230134942671421375024191242240
B0_original,False,random_50pct_relative_shortlist_ndcg,3,verified-v3-normuon-1e-3,4,resolved,0.5896921428571428,32656197443994067353076378383608044764166079/57026326491531332064786715716758298911834112,1105632686639967195900239726767237208440533839971325893317501861505920699/1933636181717082796775010820948869763056242735007496815078965279121735680
B0_original,False,random_50pct_relative_shortlist_ndcg,3,verified-v3-normuon-1e-3,5,resolved,0.5914471428571428,4100016825949756023204187359230943225735199/7128290811441416508098339464594787363979264,13321683814866454968712003839613340820011300190945367423834626997723642613/23203634180604993561300129851386437156674912820089961780947583349460828160
B0_original,False,random_50pct_relative_shortlist_ndcg,4,verified-v3-adamw-3e-5,1,resolved,0.5857735714285714,27143650319407682122282441503779674665976021/47073464813647622829659361232104177606328320,149078988306650657848640349810989694579498900397811049997348584521338554493/257576912610716877181886256835395295123049826377100621802557136558463385600
B0_original,False,random_50pct_relative_shortlist_ndcg,4,verified-v3-adamw-3e-5,2,resolved,0.5897585714285715,1716217010776579798339453022740872817920731/2942091550852976426853710077006511100395520,37648546761695619265612193545594686325454233415857638831184888396490036827/64394228152679219295471564208848823780762456594275155450639284139615846400
B0_original,False,random_50pct_relative_shortlist_ndcg,4,verified-v3-adamw-3e-5,3,resolved,0.5879642857142857,73357034940031448796119840262352834748423671/125529239503060327545758296618944473616875520,4199173842201346122338615889096368500694509768498843691894429605698953923/7154914239186579921719062689872091531195828510475017272293253793290649600
B0_original,False,random_50pct_relative_shortlist_ndcg,4,verified-v3-adamw-3e-5,4,resolved,0.58876,13785471442150924642387222807903124063348213/23536732406823811414829680616052088803164160,8396287505066864497044577040848418116572642843777653073941724931646929501/14309828478373159843438125379744183062391657020950034544586507586581299200
B0_original,False,random_50pct_relative_shortlist_ndcg,4,verified-v3-adamw-3e-5,5,resolved,0.5892628571428571,110544872355373758950064416902071702770739739/188293859254590491318637444928416710425313280,151017120656206464500270233477233302592583093366716225397997653699138985593/257576912610716877181886256835395295123049826377100621802557136558463385600
B0_original,False,random_50pct_relative_shortlist_ndcg,4,verified-v3-muon-3e-3,1,resolved,0.5424921428571429,222741189452901273369823675201493561979452087/376587718509180982637274889856833420850626560,151919016897903906667641624389905954850815494784283287992065602430113671523/257576912610716877181886256835395295123049826377100621802557136558463385600
B0_original,False,random_50pct_relative_shortlist_ndcg,4,verified-v3-muon-3e-3,2,resolved,0.5378814285714285,225267764277042030579014130082087885345497487/376587718509180982637274889856833420850626560,153138952712980742181434298304147720437482800738614426885660236427608401723/257576912610716877181886256835395295123049826377100621802557136558463385600
B0_original,False,random_50pct_relative_shortlist_ndcg,4,verified-v3-muon-3e-3,3,resolved,0.5432642857142858,6268419214381504521664546221064296358247637/10460769958588360628813191384912039468072960,51261254496944142887295711897644134334348976212413463394669421394614060391/85858970870238959060628752278465098374349942125700207267519045519487795200
B0_original,False,random_50pct_relative_shortlist_ndcg,4,verified-v3-muon-3e-3,4,resolved,0.5483742857142857,226159529972054610669759708097706149665215327/376587718509180982637274889856833420850626560,12928304574733491973097802493783034093622922077142127935166715668960010119/21464742717559739765157188069616274593587485531425051816879761379871948800
B0_original,False,random_50pct_relative_shortlist_ndcg,4,verified-v3-muon-3e-3,5,resolved,0.5571792857142858,226681731608387334291692976975399570193123397/376587718509180982637274889856833420850626560,76898170798634449774334062921065255055738436761108689682905210629191741739/128788456305358438590943128417697647561524913188550310901278568279231692800
B0_original,False,random_50pct_relative_shortlist_ndcg,4,verified-v3-normuon-3e-3,1,resolved,0.5348342857142857,111414494094779708421528466300651562880197767/188293859254590491318637444928416710425313280,152500142701323193843188787381273063371637718720408306495933119483206496057/257576912610716877181886256835395295123049826377100621802557136558463385600
B0_original,False,random_50pct_relative_shortlist_ndcg,4,verified-v3-normuon-3e-3,2,resolved,0.5396864285714286,112677781506850087026123693740948724563220467/188293859254590491318637444928416710425313280,76659952046837603451325002746271455668071249246771845677738088033370285161/128788456305358438590943128417697647561524913188550310901278568279231692800
B0_original,False,random_50pct_relative_shortlist_ndcg,4,verified-v3-normuon-3e-3,3,resolved,0.5446657142857143,25083432272710256250350769039791581408650931/41843079834353442515252765539648157872291840,51609333570762323405168792899280585832912626208780004666728365279192102509/85858970870238959060628752278465098374349942125700207267519045519487795200
B0_original,False,random_50pct_relative_shortlist_ndcg,4,verified-v3-normuon-3e-3,4,resolved,0.5518028571428572,113123664354356377071496482748757856723079387/188293859254590491318637444928416710425313280,51464224683213599575927975028023465874297527174409323012562940388587166429/85858970870238959060628752278465098374349942125700207267519045519487795200
B0_original,False,random_50pct_relative_shortlist_ndcg,4,verified-v3-normuon-3e-3,5,resolved,0.5584957142857143,56692382586261369441231558593802283493516711/94146929627295245659318722464208355212656640,154846373869152403077842616474663844285709285851353964384897649856373184167/257576912610716877181886256835395295123049826377100621802557136558463385600
B0_original,True,margin_helpful_mass_share,1,verified-v3-adamw-1e-6,1,resolved,0.5425692857142858,30202332741845610582192846173934053485210626218263406972415496507229710626264446977/53635717019820328331822737394423397376266031388163406531321376137875471087666462720,2134765830258942780837359691283861606816254657691527733892601676417499695994833770593780818273222990052763154819/3787484519524475192205346753865836986283027898091501487495157696281002088485054133298281870221383145283123150848
B0_original,True,margin_helpful_mass_share,1,verified-v3-adamw-1e-6,2,resolved,0.55545,7686078564770513970228015443033440151522334765919494758978504941102708817723099183/13408929254955082082955684348605849344066507847040851632830344034468867771916615680,373783797208450913774893187559407393313539473303318689956713081838344569283806896152217753913529160377153498337/650973901793269173660293973320690732017395419984476818163230229048297233958368679160642196444300228095536791552
B0_original,True,margin_helpful_mass_share,1,verified-v3-adamw-1e-6,3,resolved,0.5608178571428571,1933212126240622712035423086447893531694361431555421829781185846718957692871778577/3352232313738770520738921087151462336016626961760212908207586008617216942979153920,6008012906864989187242689107087459523483425662475193964704473715498743275512801373600221364909197337046643656717/10415582428692306778564703573131051712278326719751629090611683664772755743333898866570275143108803649528588664832
B0_original,True,margin_helpful_mass_share,1,verified-v3-adamw-1e-6,4,resolved,0.5633707142857143,7778263615095182709873039785718297695669036271065973804220163962283597640765027293/13408929254955082082955684348605849344066507847040851632830344034468867771916615680,6046530159271971316826043474435083719547576247327278131654759547435238010275009449816446757149175895179699485777/10415582428692306778564703573131051712278326719751629090611683664772755743333898866570275143108803649528588664832
B0_original,True,margin_helpful_mass_share,1,verified-v3-adamw-1e-6,5,resolved,0.5649535714285714,3909203054191357864985460664261149817044173991055088097818173373159715689654140619/6704464627477541041477842174302924672033253923520425816415172017234433885958307840,2024739755717462577718962791130081327553855356706113669386759854560950741470932549444975101730903387439121676949/3471860809564102259521567857710350570759442239917209696870561221590918581111299622190091714369601216509529554944
B0_original,True,margin_helpful_mass_share,1,verified-v3-muon-1e-4,1,resolved,0.5822957142857142,15544436571916251700253841588863444306153477705825024961021636498221691408441093617/26817858509910164165911368697211698688133015694081703265660688068937735543833231360,23599160564089777554060075511380944008800391828794413463892098796545622521608495345256706180416345013429074815/40685868862079323353768373332543170751087213749029801135201889315518577122398042447540137277768764255971049472
B0_original,True,margin_helpful_mass_share,1,verified-v3-muon-1e-4,2,resolved,0.5879385714285714,15798394985914402612946810731318418044740249698449522603617005210934457143253985107/26817858509910164165911368697211698688133015694081703265660688068937735543833231360,12285942740105469940262793207713205704483898390519965114795053831584572482250865737276712656671213758430938739321/20831164857384613557129407146262103424556653439503258181223367329545511486667797733140550286217607299057177329664
B0_original,True,margin_helpful_mass_share,1,verified-v3-muon-1e-4,3,resolved,0.58963,1985519359255299957050374214333288288114148497551317206138392861455125056412064929/3352232313738770520738921087151462336016626961760212908207586008617216942979153920,212896095950350822608250717359308308851439413509975032497080684819676160434463340343817579864640133312725943901/359158014782493337191886330107967300423390576543159623814195988440439853218410305743802591141682884466503057408
B0_original,True,margin_helpful_mass_share,1,verified-v3-muon-1e-4,4,resolved,0.5903421428571428,998227957392183881886183191249084772120014846598295960398363486861989334132325597/1676116156869385260369460543575731168008313480880106454103793004308608471489576960,12402867458307127982106635255100763167028811126328995884673226359338319038972592815856305925446055649113633194469/20831164857384613557129407146262103424556653439503258181223367329545511486667797733140550286217607299057177329664
B0_original,True,margin_helpful_mass_share,1,verified-v3-muon-1e-4,5,resolved,0.5910157142857143,501596583635837282783436100183462913388594389168617660677511220096713717913065231/838058078434692630184730271787865584004156740440053227051896502154304235744788480,4156861139821177282664645057540268709923778308888875058652499906865969647666722591397891712528379876702900841303/6943721619128204519043135715420701141518884479834419393741122443181837162222599244380183428739202433019059109888
B0_original,True,margin_helpful_mass_share,1,verified-v3-normuon-1e-4,1,resolved,0.5801178571428572,7779263049717212494504924857985729120519275508201805124223633750120274883259801459/13408929254955082082955684348605849344066507847040851632830344034468867771916615680,17191562588166345088195887145869962714878525396543617652025135075562925280744747297307856599571096507656203609/29589722808784962439104271514576851455336155453839855371055919502195328816289485416392827111104555822524399616
B0_original,True,margin_helpful_mass_share,1,verified-v3-normuon-1e-4,2,resolved,0.5869142857142856,3953090268185598980804146604635127850219230500771302692269798405681651964185482427/6704464627477541041477842174302924672033253923520425816415172017234433885958307840,12296503017320849880231908987585012726982727895833545912519570187916272034003913903406380537798802236664878359911/20831164857384613557129407146262103424556653439503258181223367329545511486667797733140550286217607299057177329664
B0_original,True,margin_helpful_mass_share,1,verified-v3-normuon-1e-4,3,resolved,0.5895821428571428,15898051432551074385668573288544842822267779370427734977830651944194730453748741433/26817858509910164165911368697211698688133015694081703265660688068937735543833231360,3090584876358481732462115177653409168324458914459101196012797527202266021497123344397135900514427060923300025053/5207791214346153389282351786565525856139163359875814545305841832386377871666949433285137571554401824764294332416
B0_original,True,margin_helpful_mass_share,1,verified-v3-normuon-1e-4,4,resolved,0.5898942857142858,15985500384140544173266083462438240636569770348360737878778545831955079351029348553/26817858509910164165911368697211698688133015694081703265660688068937735543833231360,3105514787899359378365108880568958109954781498568738838858490824278250897991002033563488072029728857469515600883/5207791214346153389282351786565525856139163359875814545305841832386377871666949433285137571554401824764294332416
B0_original,True,margin_helpful_mass_share,1,verified-v3-normuon-1e-4,5,resolved,0.5909735714285714,16064929484003810842520056194738813720278772540104845360587862469544963361486578593/26817858509910164165911368697211698688133015694081703265660688068937735543833231360,2079267785189513983779953911497100756693605169348140885990485224501358322449513963710119170814556055817381628481/3471860809564102259521567857710350570759442239917209696870561221590918581111299622190091714369601216509529554944
B0_original,True,margin_helpful_mass_share,2,verified-v3-adamw-3e-6,1,resolved,0.5644085714285715,11432058380458388412213122540009472461614608238405324897468966061696882451010058027/20503439112088836483073994194815796784561663598518211414788076536977892421484412928,574971720187893205881844939315474771347269879214726825843488605322303375276987326638984734031461055040874049895/1031379136211692329337142604616389627472549179398502177911609868491847544606466179359998989821716171027795410944
B0_original,True,margin_helpful_mass_share,2,verified-v3-adamw-3e-6,2,resolved,0.5754778571428572,11666507928117978336103079688928041941986258289224340960272088379866631469973294971/20503439112088836483073994194815796784561663598518211414788076536977892421484412928,1368421091305690860069573548255852415368363781681520673342737586804380468431396821276015149557997920835349670923/2406551317827282101786666077438242464102614751929838415127089693147644270748421085173330976250671065731522625536
B0_original,True,margin_helpful_mass_share,2,verified-v3-adamw-3e-6,3,resolved,0.5815735714285715,122453906353833725618547235777702347025567336010383593057572022353149512579497573/213577490750925380032020772862664549839183995817898035570709130593519712723795968,4729744728532783092368066758686285619963138376224538077844503499658155536751911624427464114993576930206737037329/8251033089693538634697140836931117019780393435188017423292878947934780356851729434879991918573729368222363287552
B0_original,True,margin_helpful_mass_share,2,verified-v3-adamw-3e-6,4,resolved,0.5840192857142857,11831721626115815096682032362646010531167254413254876351688992562976778216927060305/20503439112088836483073994194815796784561663598518211414788076536977892421484412928,11109483174387431242150404331833207835766344466966838534281616707406876548090441167697660865151322880596901081113/19252410542618256814293328619505939712820918015438707321016717545181154165987368681386647810005368525852181004288
B0_original,True,margin_helpful_mass_share,2,verified-v3-adamw-3e-6,5,resolved,0.5834164285714286,5946727837164092832220778305189014128955768566097113488790765309522646389646901225/10251719556044418241536997097407898392280831799259105707394038268488946210742206464,33509824091374539531712914566238521949588756204537563781756089183412270064912397953477314099751001002446468416999/57757231627854770442879985858517819138462754046316121963050152635543462497962106044159943430016105577556543012864
B0_original,True,margin_helpful_mass_share,2,verified-v3-muon-3e-4,1,resolved,0.5881207142857142,1487928389954313136489889371958835639888759126285698274342097564166942709726638509/2562929889011104560384249274351974598070207949814776426848509567122236552685551616,16764564654840628147315187416142291877081480177563558496644127137199545683452424667995730776296938154427385084947/28878615813927385221439992929258909569231377023158060981525076317771731248981053022079971715008052788778271506432
B0_original,True,margin_helpful_mass_share,2,verified-v3-muon-3e-4,2,resolved,0.5927621428571428,6048023402234706043691557105371693973520683173413147102438415312468699083378738045/10251719556044418241536997097407898392280831799259105707394038268488946210742206464,5679112023004840758043421406590898486856125047707541071517907674069352019417960594060875601968679572144462804283/9626205271309128407146664309752969856410459007719353660508358772590577082993684340693323905002684262926090502144
B0_original,True,margin_helpful_mass_share,2,verified-v3-muon-3e-4,3,resolved,0.5912535714285714,4055358582757683535624396030308085519623806238150701816226405132733611655075209149/6834479704029612161024664731605265594853887866172737138262692178992630807161470976,34261170192366069768464017020215068343045093720846516968345026221861641805205907343288068262806705299841334289629/57757231627854770442879985858517819138462754046316121963050152635543462497962106044159943430016105577556543012864
B0_original,True,margin_helpful_mass_share,2,verified-v3-muon-3e-4,4,resolved,0.591362142857143,3058601005332394988592802539161050723023528550882597897448927351260968122012708029/5125859778022209120768498548703949196140415899629552853697019134244473105371103232,3828479004581420701654306926017247339171345711640336774540971082611395148239526534624352183410546604829493183989/6417470180872752271431109539835313237606972671812902440338905848393718055329122893795549270001789508617393668096
B0_original,True,margin_helpful_mass_share,2,verified-v3-muon-3e-4,5,resolved,0.5924307142857143,12294458431620710994246482494126026252447759182168806737517633392670206562481594921/20503439112088836483073994194815796784561663598518211414788076536977892421484412928,4946583853215506708747495618319569156093584663952362534660190428173653275036374324227136629934960160930836509843/8251033089693538634697140836931117019780393435188017423292878947934780356851729434879991918573729368222363287552
B0_original,True,margin_helpful_mass_share,2,verified-v3-normuon-3e-4,1,resolved,0.5875385714285715,5955364690016239980163331175776704770104434509106615299716389312778292413065321897/10251719556044418241536997097407898392280831799259105707394038268488946210742206464,2396807531505783261682021573079814877718136214943623423414455156175969175849951411057669987170023307900494021685/4125516544846769317348570418465558509890196717594008711646439473967390178425864717439995959286864684111181643776
B0_original,True,margin_helpful_mass_share,2,verified-v3-normuon-3e-4,2,resolved,0.5912428571428572,3025789751377919234143213136561030596968436610235174814260198247092196741874047357/5125859778022209120768498548703949196140415899629552853697019134244473105371103232,3787318912688710614774373650249454846589099079574478111419010685295724122275329060331587667524016557913249694853/6417470180872752271431109539835313237606972671812902440338905848393718055329122893795549270001789508617393668096
B0_original,True,margin_helpful_mass_share,2,verified-v3-normuon-3e-4,3,resolved,0.5915221428571428,4057672125513619144951712890088897362711720009667678372535756312444970859442556075/6834479704029612161024664731605265594853887866172737138262692178992630807161470976,8570028743818619004005449263548165194122322006942654080153834428536066818947362432386886104560000494837735931357/14439307906963692610719996464629454784615688511579030490762538158885865624490526511039985857504026394389135753216
B0_original,True,margin_helpful_mass_share,2,verified-v3-normuon-3e-4,4,resolved,0.5907228571428572,6120618381936290718553928552998752927116097789125350324953603117108333301861639727/10251719556044418241536997097407898392280831799259105707394038268488946210742206464,11490101048129509093486508677212540282005520710896524310910023589181620574645938786275994201969276224598788928725/19252410542618256814293328619505939712820918015438707321016717545181154165987368681386647810005368525852181004288
B0_original,True,margin_helpful_mass_share,2,verified-v3-normuon-3e-4,5,resolved,0.5936371428571429,12301239447392570393529290728579290425125939137048408733596342069575116966853061875/20503439112088836483073994194815796784561663598518211414788076536977892421484412928,3150754082390518140554904277385382084617287322680225422587987524505571293194001397148133402874697687218097934353/5250657420714070040261816896228892648951159458756011087550013875958496590723827822196358493637827779777867546624
B0_original,True,margin_helpful_mass_share,3,verified-v3-adamw-1e-5,1,resolved,0.5820728571428572,9692986450682957977087817395884142158443579213000460854901959437304123074440062221/17064692443726336429870419195803398225135499716790759700326108987869759991143464960,3664392987226029117566640851449704986565892483315631663328209903860625878626891461200262035782675863055705212813/6449459386153417684645213116826614028727718947393791771215633709410703935910381699488380985059925719035391508480
B0_original,True,margin_helpful_mass_share,3,verified-v3-adamw-1e-5,2,resolved,0.585075,2466446882792172449065177769840717196821765616399336274209474234455954331242732239/4266173110931584107467604798950849556283874929197689925081527246967439997785866240,8384877086357267721967951425843852284848179725924718783888017198580084660466073266790301600481170820607415813403/14511283618845189790451729512859881564637367631636031485235175846174083855798358823848857216384832867829630894080
B0_original,True,margin_helpful_mass_share,3,verified-v3-adamw-1e-5,3,resolved,0.5896428571428572,3729626920440543065289512608072331290091952840867224439351519153872244509847592501/6399259666397376161201407198426274334425812393796534887622290870451159996678799360,12653534338951107882339313317597292975309987073271478837809937745889251149083184344827589102231525645824454010127/21766925428267784685677594269289822346956051447454047227852763769261125783697538235773285824577249301744446341120
B0_original,True,margin_helpful_mass_share,3,verified-v3-adamw-1e-5,4,resolved,0.587965,1874025405621799658226978520483672160012545647207468720531583315029010430242177643/3199629833198688080600703599213137167212906196898267443811145435225579998339399680,12731010635959034190576051404294134147042675317362091984622086557317011839166652967820990173081595724772862342197/21766925428267784685677594269289822346956051447454047227852763769261125783697538235773285824577249301744446341120
B0_original,True,margin_helpful_mass_share,3,verified-v3-adamw-1e-5,5,resolved,0.58863,15060974387696338402810324874319238910384807280552131299720528969045264649566799329/25597038665589504644805628793705097337703249575186139550489163481804639986715197440,51178778095829545618787569051234544267693654524919386012160556361402119753705973135071179028004870438212266506433/87067701713071138742710377077159289387824205789816188911411055077044503134790152943093143298308997206977785364480
B0_original,True,margin_helpful_mass_share,3,verified-v3-muon-1e-3,1,resolved,0.5818585714285714,548523050290599331392873867239624145761239510886543820035833839117719370999832493/948038469095907579437245510877966568063083317599486650018117165992764443952414720,16784433821759775829158506391347010533742617234025177492240876652133364695535734823375844543991986595949238938209/29022567237690379580903459025719763129274735263272062970470351692348167711596717647697714432769665735659261788160
B0_original,True,margin_helpful_mass_share,3,verified-v3-muon-1e-3,2,resolved,0.5876692857142858,3313775742856354602481301635439463082125469301993022524169911824679085029562796703/5688230814575445476623473065267799408378499905596919900108702995956586663714488320,33805031030804916714071348803214980239959905794295800668585106145175055795771969325214724004712343871787349359813/58045134475380759161806918051439526258549470526544125940940703384696335423193435295395428865539331471318523576320
B0_original,True,margin_helpful_mass_share,3,verified-v3-muon-1e-3,3,resolved,0.5850171428571428,29923517839217047209575997809255197588044229430909050509425254308264993701806059467/51194077331179009289611257587410194675406499150372279100978326963609279973430394880,101887885462120441159585001214675749745343741649287997523789454606286002471008763593389742133777191208408466141419/174135403426142277485420754154318578775648411579632377822822110154089006269580305886186286596617994413955570728960
B0_original,True,margin_helpful_mass_share,3,verified-v3-muon-1e-3,4,resolved,0.5885692857142857,30015726735611694533998932015210080193428752809187930775802336021801689231328371747/51194077331179009289611257587410194675406499150372279100978326963609279973430394880,101840697629342725847173014988506596926441314071252195964294162655739164082099907064599923641069267254468417783979/174135403426142277485420754154318578775648411579632377822822110154089006269580305886186286596617994413955570728960
B0_original,True,margin_helpful_mass_share,3,verified-v3-muon-1e-3,5,resolved,0.5919135714285714,30142652663294341530677868313714226265693410084511401039814972068739717989252864117/51194077331179009289611257587410194675406499150372279100978326963609279973430394880,102382938829514598597610585091652388193259022300204364555890146751911072114199183350513507346650610926560367304669/174135403426142277485420754154318578775648411579632377822822110154089006269580305886186286596617994413955570728960
B0_original,True,margin_helpful_mass_share,3,verified-v3-normuon-1e-3,1,resolved,0.5852614285714285,246710368187178152412138667301324557547299062662174110674281993258516619152882983/426617311093158410746760479895084955628387492919768992508152724696743999778586624,10379944166199339196558085835316359456819393809150558757167991520071124875874263190382190862236683492353975953/17915164961537271346236703102296150079799219298316088253376760303918622044195504720801058291833126997320531968
B0_original,True,margin_helpful_mass_share,3,verified-v3-normuon-1e-3,2,resolved,0.5920957142857143,1987219779017094446011907320612023879934326969600122605655892867339727249839048911/3412938488745267285974083839160679645027099943358151940065221797573951998228692992,6739982628469584760672950054107419488614007205502115323005255076636086523215512603893863568204275065900098000783/11609026895076151832361383610287905251709894105308825188188140676939267084638687059079085773107866294263704715264
B0_original,True,margin_helpful_mass_share,3,verified-v3-normuon-1e-3,3,resolved,0.5850342857142856,5981307219427765622484227476972669838871757459493746137648786686826751807381655761/10238815466235801857922251517482038935081299830074455820195665392721855994686078976,20367306069266122193418382064476120815197763251745941004811289745738939200952837182727011217287399598257289092105/34827080685228455497084150830863715755129682315926475564564422030817801253916061177237257319323598882791114145792
B0_original,True,margin_helpful_mass_share,3,verified-v3-normuon-1e-3,4,resolved,0.5896921428571428,5999553771446281998499474753228451745355187115086777146293306744812964797052323017/10238815466235801857922251517482038935081299830074455820195665392721855994686078976,20373688747216786786222399524917748464638134971266141966303032802251567870701646625114363350553182178756988700137/34827080685228455497084150830863715755129682315926475564564422030817801253916061177237257319323598882791114145792
B0_original,True,margin_helpful_mass_share,3,verified-v3-normuon-1e-3,5,resolved,0.5914471428571428,6024871928895066333021223491644578910303967958928579737907282667647683466570074291/10238815466235801857922251517482038935081299830074455820195665392721855994686078976,20489284043058472235495800329106997894484825227277788877474399789744673483432679562667761697742835160764725220275/34827080685228455497084150830863715755129682315926475564564422030817801253916061177237257319323598882791114145792
B0_original,True,margin_helpful_mass_share,4,verified-v3-adamw-3e-5,1,resolved,0.5857735714285714,33127222193821690732505428307319754868198920020113802037085125700132838330917351/56267347267610292909446216397867755510663558768048503412607818672403455403884544,265637365593400779281162749763845931821629637866964101252111363450958860412316552852031149409094137200784705977/451368495636941351144734249997643561204379930160365641317263926575759434198029179782092720252299587119206105088
B0_original,True,margin_helpful_mass_share,4,verified-v3-adamw-3e-5,2,resolved,0.5897585714285715,22391467061744706316328844453505130411562594768024717904714633669515096313548459/37511564845073528606297477598578503673775705845365668941738545781602303602589696,806850322364232957206255688806084594926503153915101719990284536256772921135839822530940431206638607318741599781/1354105486910824053434202749992930683613139790481096923951791779727278302594087539346278160756898761357618315264
B0_original,True,margin_helpful_mass_share,4,verified-v3-adamw-3e-5,3,resolved,0.5879642857142857,707397474077313041913399376579911021178786649917941879982162542414945718686854591/1181614292619816151098370544355222865723934734129018571664764192120472563481575424,2843765824205940622817007029733500900639055611065054735034960095064030444447627389572107869256255078100395250091/4739369204187884187019709624975257392645989266683839233831271229045474059079306387711973562649145664751664103424
B0_original,True,margin_helpful_mass_share,4,verified-v3-adamw-3e-5,4,resolved,0.58876,1418608911522352677738771815234906945665255688068292513972622217012375542687511435/2363228585239632302196741088710445731447869468258037143329528384240945126963150848,2843811640881063696432814553259010452609128811727717869205772083252724819054478099285828426859790000947046081105/4739369204187884187019709624975257392645989266683839233831271229045474059079306387711973562649145664751664103424
B0_original,True,margin_helpful_mass_share,4,verified-v3-adamw-3e-5,5,resolved,0.5892628571428571,1422043533712926903643782345229643385246583223139139549204713299316872627389400381/2363228585239632302196741088710445731447869468258037143329528384240945126963150848,5706953728306644887583474752425198678097691132602536258939291582006789920299030282852325825479000665374034589281/9478738408375768374039419249950514785291978533367678467662542458090948118158612775423947125298291329503328206848
B0_original,True,margin_helpful_mass_share,4,verified-v3-muon-3e-3,1,resolved,0.5424921428571429,18446202405770167689556570592615407194311181514891929066399386597385728832409051/32822619239439337530510292898756190714553742614694960324021227558902015652265984,147665930735972389126310319564925188026627180592706814973212419567843719986043736406770842616999484894581211497/263298289121549121501094979165292077369221625926879957435070623835859669948850354872887420147174759152870227968
B0_original,True,margin_helpful_mass_share,4,verified-v3-muon-3e-3,2,resolved,0.5378814285714285,430555886563425848238243118677943093213094804791683024381594254029553383890349445/787742861746544100732247029570148577149289822752679047776509461413648375654383616,646494097523775537484040536345409880253144778539958538581181330703246039549019995761634093117539501181760812235/1184842301046971046754927406243814348161497316670959808457817807261368514769826596927993390662286416187916025856
B0_original,True,margin_helpful_mass_share,4,verified-v3-muon-3e-3,3,resolved,0.5432642857142858,158836976238956438045506898155738813822284056820648396788745938103257940370812425/295403573154954037774592636088805716430983683532254642916191048030118140870393856,2547554848813239371437216231148010221889629788187920866958123477384590057154676308693538570635279378431215487535/4739369204187884187019709624975257392645989266683839233831271229045474059079306387711973562649145664751664103424
B0_original,True,margin_helpful_mass_share,4,verified-v3-muon-3e-3,4,resolved,0.5483742857142857,1264546060102756145104734452071342008422623694281049046985650390773538787155588421/2363228585239632302196741088710445731447869468258037143329528384240945126963150848,2529746451490599288086991742194825570249252878928222291341526874254220043867803297536107132701409756578599865133/4739369204187884187019709624975257392645989266683839233831271229045474059079306387711973562649145664751664103424
B0_original,True,margin_helpful_mass_share,4,verified-v3-muon-3e-3,5,resolved,0.5571792857142858,115096551141122436246682127915021907526322941518924303735645410944958457260778901/214838962294512027472431008064585975586169951659821558484502580385540466087559168,5071904011115743213669512917334915484420139977640134529338317588071939519680911298942060572712059656063977959781/9478738408375768374039419249950514785291978533367678467662542458090948118158612775423947125298291329503328206848
B0_original,True,margin_helpful_mass_share,4,verified-v3-normuon-3e-3,1,resolved,0.5348342857142857,21091262733418552533106648241824374599805225489542547542032625417864934603264799/37511564845073528606297477598578503673775705845365668941738545781602303602589696,84640905276458202400079703105233040344508628365862361494351457540873981823501310213705341621830419930344929999/150456165212313783714911416665881187068126643386788547105754642191919811399343059927364240084099862373068701696
B0_original,True,margin_helpful_mass_share,4,verified-v3-normuon-3e-3,2,resolved,0.5396864285714286,53844312068325509195406982142237966877433248951828660614512719782498282835830449/98467857718318012591530878696268572143661227844084880972063682676706046956797952,2585174488339908743632117898275494590542596111389304511035395867731469463291988791801022955790950187093267266513/4739369204187884187019709624975257392645989266683839233831271229045474059079306387711973562649145664751664103424
B0_original,True,margin_helpful_mass_share,4,verified-v3-normuon-3e-3,3,resolved,0.5446657142857143,16508894592320144462754886087427497523570122360309460892226792258687415273581589/30691280327787432496061572580655139369452850237117365497786082912220066583937024,181850873548854609441413515092961216957401286246886332688805204355640766761607935295851136518305317386778735701/338526371727706013358550687498232670903284947620274230987947944931819575648521884836569540189224690339404578816
B0_original,True,margin_helpful_mass_share,4,verified-v3-normuon-3e-3,4,resolved,0.5518028571428572,90358349730694412176626851639755136706490224277685192810143814593803727014465377/168802041802830878728338649193603266531990676304145510237823456017210366211653632,723915118535685586038005608432005854583988187345634098313474177313066320170601024466015232549934537903455670079/1354105486910824053434202749992930683613139790481096923951791779727278302594087539346278160756898761357618315264
B0_original,True,margin_helpful_mass_share,4,verified-v3-normuon-3e-3,5,resolved,0.5584957142857143,79156185843650824910451545496203439709544897685738881570233436190440648686569479/147701786577477018887296318044402858215491841766127321458095524015059070435196928,5055105612052695307523305775668485206660818377525121067285564447394296592677466171715567533795349606625587508089/9478738408375768374039419249950514785291978533367678467662542458090948118158612775423947125298291329503328206848
B0_original,True,margin_helpful_attribution_participation_ratio,1,verified-v3-adamw-1e-6,1,resolved,0.5425692857142858,30202332741845610582192846173934053485210626218263406972415496507229710626264446977/53635717019820328331822737394423397376266031388163406531321376137875471087666462720,141843846055528159052072417266565178524362074255297073730863568350690216657620216702915398857525283507280195917/248850814322368011219249108765023340491887362935718264533226632197377169721428888463727444521767424345893765120
B0_original,True,margin_helpful_attribution_participation_ratio,1,verified-v3-adamw-1e-6,2,resolved,0.55545,7686078564770513970228015443033440151522334765919494758978504941102708817723099183/13408929254955082082955684348605849344066507847040851632830344034468867771916615680,652086583231059940147876796292456048055483888625062754306792265321204693157636276126061760015426889676199962299/1119828664450656050486620989442605032213493133210732190399519844888197263746429998086773500347953409556521943040
B0_original,True,margin_helpful_attribution_participation_ratio,1,verified-v3-adamw-1e-6,3,resolved,0.5608178571428571,1933212126240622712035423086447893531694361431555421829781185846718957692871778577/3352232313738770520738921087151462336016626961760212908207586008617216942979153920,1301903589012997566696468979350717472082486939072576340055046307919451469349052540899357140829047894909323961223/2239657328901312100973241978885210064426986266421464380799039689776394527492859996173547000695906819113043886080
B0_original,True,margin_helpful_attribution_participation_ratio,1,verified-v3-adamw-1e-6,4,resolved,0.5633707142857143,7778263615095182709873039785718297695669036271065973804220163962283597640765027293/13408929254955082082955684348605849344066507847040851632830344034468867771916615680,2614685076819250520976798843011011093073437674774396565644151780801892631830020185684092875875902936769739552441/4479314657802624201946483957770420128853972532842928761598079379552789054985719992347094001391813638226087772160
B0_original,True,margin_helpful_attribution_participation_ratio,1,verified-v3-adamw-1e-6,5,resolved,0.5649535714285714,3909203054191357864985460664261149817044173991055088097818173373159715689654140619/6704464627477541041477842174302924672033253923520425816415172017234433885958307840,1309623047630122402857594700243679706768745513096421003352682602133334736759625060626902776859217464596596468253/2239657328901312100973241978885210064426986266421464380799039689776394527492859996173547000695906819113043886080
B0_original,True,margin_helpful_attribution_participation_ratio,1,verified-v3-muon-1e-4,1,resolved,0.5822957142857142,15544436571916251700253841588863444306153477705825024961021636498221691408441093617/26817858509910164165911368697211698688133015694081703265660688068937735543833231360,434538808124077486248606801292706688857305932843452708672071615189585562361426728036085149866212294280703236417/746552442967104033657747326295070021475662088807154793599679896592131509164286665391182333565302273037681295360
B0_original,True,margin_helpful_attribution_participation_ratio,1,verified-v3-muon-1e-4,2,resolved,0.5879385714285714,15798394985914402612946810731318418044740249698449522603617005210934457143253985107/26817858509910164165911368697211698688133015694081703265660688068937735543833231360,331503507448605049255819736533164372007353261375886469846875993500386136555111377784688279938620051189567848499/559914332225328025243310494721302516106746566605366095199759922444098631873214999043386750173976704778260971520
B0_original,True,margin_helpful_attribution_participation_ratio,1,verified-v3-muon-1e-4,3,resolved,0.58963,1985519359255299957050374214333288288114148497551317206138392861455125056412064929/3352232313738770520738921087151462336016626961760212908207586008617216942979153920,2654842964313383262113128344635682789790545695008748756236654700476020336611060134132767338965915007378061179117/4479314657802624201946483957770420128853972532842928761598079379552789054985719992347094001391813638226087772160
B0_original,True,margin_helpful_attribution_participation_ratio,1,verified-v3-muon-1e-4,4,resolved,0.5903421428571428,998227957392183881886183191249084772120014846598295960398363486861989334132325597/1676116156869385260369460543575731168008313480880106454103793004308608471489576960,2656475613282061790745846130611564263144632002939214465338288104978399352743091963181106309232851018608129040137/4479314657802624201946483957770420128853972532842928761598079379552789054985719992347094001391813638226087772160
B0_original,True,margin_helpful_attribution_participation_ratio,1,verified-v3-muon-1e-4,5,resolved,0.5910157142857143,501596583635837282783436100183462913388594389168617660677511220096713717913065231/838058078434692630184730271787865584004156740440053227051896502154304235744788480,1336575755556548176790873007439550542976767193748537787901854367883811759445627721710903017224047058338336691301/2239657328901312100973241978885210064426986266421464380799039689776394527492859996173547000695906819113043886080
B0_original,True,margin_helpful_attribution_participation_ratio,1,verified-v3-normuon-1e-4,1,resolved,0.5801178571428572,7779263049717212494504924857985729120519275508201805124223633750120274883259801459/13408929254955082082955684348605849344066507847040851632830344034468867771916615680,54347253219449967870198851380630493681341675100110172594480251266317508099191819759203470817215557988044812801/93319055370888004207218415786883752684457761100894349199959987074016438645535833173897791695662784129710161920
B0_original,True,margin_helpful_attribution_participation_ratio,1,verified-v3-normuon-1e-4,2,resolved,0.5869142857142856,3953090268185598980804146604635127850219230500771302692269798405681651964185482427/6704464627477541041477842174302924672033253923520425816415172017234433885958307840,2643576323191122104576093921220738790344747558631074247257530730474653091696009093649242453566878531566010738963/4479314657802624201946483957770420128853972532842928761598079379552789054985719992347094001391813638226087772160
B0_original,True,margin_helpful_attribution_participation_ratio,1,verified-v3-normuon-1e-4,3,resolved,0.5895821428571428,15898051432551074385668573288544842822267779370427734977830651944194730453748741433/26817858509910164165911368697211698688133015694081703265660688068937735543833231360,662771633118674824153281561360642437434343007878199516065386237230409950842378875418702080136561401751984538347/1119828664450656050486620989442605032213493133210732190399519844888197263746429998086773500347953409556521943040
B0_original,True,margin_helpful_attribution_participation_ratio,1,verified-v3-normuon-1e-4,4,resolved,0.5898942857142858,15985500384140544173266083462438240636569770348360737878778545831955079351029348553/26817858509910164165911368697211698688133015694081703265660688068937735543833231360,2657566640552370350723118184113976767946627536229838644855112292115382545814062017316766503176824206374025341283/4479314657802624201946483957770420128853972532842928761598079379552789054985719992347094001391813638226087772160
B0_original,True,margin_helpful_attribution_participation_ratio,1,verified-v3-normuon-1e-4,5,resolved,0.5909735714285714,16064929484003810842520056194738813720278772540104845360587862469544963361486578593/26817858509910164165911368697211698688133015694081703265660688068937735543833231360,2662241498780169550710984671318752678775540335164929016637849329798032609008641795143457815732729375307156001373/4479314657802624201946483957770420128853972532842928761598079379552789054985719992347094001391813638226087772160
B0_original,True,margin_helpful_attribution_participation_ratio,2,verified-v3-adamw-3e-6,1,resolved,0.5644085714285715,11432058380458388412213122540009472461614608238405324897468966061696882451010058027/20503439112088836483073994194815796784561663598518211414788076536977892421484412928,4353239577904539978564675878708326089192916802635411421972685479197444806812076234668079907866155558905180510085/7804745826097970234400517267728597620184304275020670654737580590782967483655085854487625160408362507657264758784
B0_original,True,margin_helpful_attribution_participation_ratio,2,verified-v3-adamw-3e-6,2,resolved,0.5754778571428572,11666507928117978336103079688928041941986258289224340960272088379866631469973294971/20503439112088836483073994194815796784561663598518211414788076536977892421484412928,159483356022247703123532064877339830263130098691127129487059264137842518899781700136499139831284518087062328888007/280970849739526928438418621638229514326634953900744143570552901268186829411583090761554505774701050275661531316224
B0_original,True,margin_helpful_attribution_participation_ratio,2,verified-v3-adamw-3e-6,3,resolved,0.5815735714285715,122453906353833725618547235777702347025567336010383593057572022353149512579497573/213577490750925380032020772862664549839183995817898035570709130593519712723795968,53640190222484369557151465756302523139553666655887883635426189702824110053168332366798977980438373382450536079941/93656949913175642812806207212743171442211651300248047856850967089395609803861030253851501924900350091887177105408
B0_original,True,margin_helpful_attribution_participation_ratio,2,verified-v3-adamw-3e-6,4,resolved,0.5840192857142857,11831721626115815096682032362646010531167254413254876351688992562976778216927060305/20503439112088836483073994194815796784561663598518211414788076536977892421484412928,13492691625878853624391246657375742412384308574692120480106947695626926984378399643624446204523550975783321061737/23414237478293910703201551803185792860552912825062011964212741772348902450965257563462875481225087522971794276352
B0_original,True,margin_helpful_attribution_participation_ratio,2,verified-v3-adamw-3e-6,5,resolved,0.5834164285714286,5946727837164092832220778305189014128955768566097113488790765309522646389646901225/10251719556044418241536997097407898392280831799259105707394038268488946210742206464,162978080899282954171306559210062814589189833611485669845360456089084181341516511025434899963621267194455173423219/280970849739526928438418621638229514326634953900744143570552901268186829411583090761554505774701050275661531316224
B0_original,True,margin_helpful_attribution_participation_ratio,2,verified-v3-muon-3e-4,1,resolved,0.5881207142857142,1487928389954313136489889371958835639888759126285698274342097564166942709726638509/2562929889011104560384249274351974598070207949814776426848509567122236552685551616,54285658821985044004267684716567837242957722657206324067501177448881725644052887454973026827405240927696671121171/93656949913175642812806207212743171442211651300248047856850967089395609803861030253851501924900350091887177105408
B0_original,True,margin_helpful_attribution_participation_ratio,2,verified-v3-muon-3e-4,2,resolved,0.5927621428571428,6048023402234706043691557105371693973520683173413147102438415312468699083378738045/10251719556044418241536997097407898392280831799259105707394038268488946210742206464,165924584054384540112900286218831324976050144134506699102797700788070325971101577812216754995386966129853500665067/280970849739526928438418621638229514326634953900744143570552901268186829411583090761554505774701050275661531316224
B0_original,True,margin_helpful_attribution_participation_ratio,2,verified-v3-muon-3e-4,3,resolved,0.5912535714285714,4055358582757683535624396030308085519623806238150701816226405132733611655075209149/6834479704029612161024664731605265594853887866172737138262692178992630807161470976,55494220768668050714248113167064059551447511568989136542317359198933510769160894108840533156800250230416876906431/93656949913175642812806207212743171442211651300248047856850967089395609803861030253851501924900350091887177105408
B0_original,True,margin_helpful_attribution_participation_ratio,2,verified-v3-muon-3e-4,4,resolved,0.591362142857143,3058601005332394988592802539161050723023528550882597897448927351260968122012708029/5125859778022209120768498548703949196140415899629552853697019134244473105371103232,2324021672702885632327441636947044635743111883075638150120265510060452048382211821084815049986326833418212421995/3902372913048985117200258633864298810092152137510335327368790295391483741827542927243812580204181253828632379392
B0_original,True,margin_helpful_attribution_participation_ratio,2,verified-v3-muon-3e-4,5,resolved,0.5924307142857143,12294458431620710994246482494126026252447759182168806737517633392670206562481594921/20503439112088836483073994194815796784561663598518211414788076536977892421484412928,168158308487886908922307667097019743786807706937660937641039405850597948917896479681055144556974322599053263332495/280970849739526928438418621638229514326634953900744143570552901268186829411583090761554505774701050275661531316224
B0_original,True,margin_helpful_attribution_participation_ratio,2,verified-v3-normuon-3e-4,1,resolved,0.5875385714285715,5955364690016239980163331175776704770104434509106615299716389312778292413065321897/10251719556044418241536997097407898392280831799259105707394038268488946210742206464,54299947117936664245018190232056867462075200359879700947313126672658705797392469697790459331053773485804358432507/93656949913175642812806207212743171442211651300248047856850967089395609803861030253851501924900350091887177105408
B0_original,True,margin_helpful_attribution_participation_ratio,2,verified-v3-normuon-3e-4,2,resolved,0.5912428571428572,3025789751377919234143213136561030596968436610235174814260198247092196741874047357/5125859778022209120768498548703949196140415899629552853697019134244473105371103232,165577229502831694669476302061430741070098224099079926131329885322191750161612433329884373396681049717871288739023/280970849739526928438418621638229514326634953900744143570552901268186829411583090761554505774701050275661531316224
B0_original,True,margin_helpful_attribution_participation_ratio,2,verified-v3-normuon-3e-4,3,resolved,0.5915221428571428,4057672125513619144951712890088897362711720009667678372535756312444970859442556075/6834479704029612161024664731605265594853887866172737138262692178992630807161470976,27743287616997976360804881422645583529694585832319830721442920174842325376372879980416063166302945542622407186759/46828474956587821406403103606371585721105825650124023928425483544697804901930515126925750962450175045943588552704
B0_original,True,margin_helpful_attribution_participation_ratio,2,verified-v3-normuon-3e-4,4,resolved,0.5907228571428572,6120618381936290718553928552998752927116097789125350324953603117108333301861639727/10251719556044418241536997097407898392280831799259105707394038268488946210742206464,1160550666201568715326465748176543386265095442372492746592601514610607499193239111614820664036598838178755192619/1951186456524492558600129316932149405046076068755167663684395147695741870913771463621906290102090626914316189696
B0_original,True,margin_helpful_attribution_participation_ratio,2,verified-v3-normuon-3e-4,5,resolved,0.5936371428571429,12301239447392570393529290728579290425125939137048408733596342069575116966853061875/20503439112088836483073994194815796784561663598518211414788076536977892421484412928,84222647915472096951085672137617252228028849181003285879687759641799678180099955927415463227593990285794399417307/140485424869763464219209310819114757163317476950372071785276450634093414705791545380777252887350525137830765658112
B0_original,True,margin_helpful_attribution_participation_ratio,3,verified-v3-adamw-1e-5,1,resolved,0.5820728571428572,9692986450682957977087817395884142158443579213000460854901959437304123074440062221/17064692443726336429870419195803398225135499716790759700326108987869759991143464960,149980731387834024884569749105888228909602238341853484659003621343325916392916350027101345899585760913155633809943/264737009935037065436632610053169617113735831258462683165024891583936282894004932617358850998160714395500622643200
B0_original,True,margin_helpful_attribution_participation_ratio,3,verified-v3-adamw-1e-5,2,resolved,0.585075,2466446882792172449065177769840717196821765616399336274209474234455954331242732239/4266173110931584107467604798950849556283874929197689925081527246967439997785866240,76608130667371536895714936678685062675618658118676480980290752087819804638245804401142741670441087030422659639799/132368504967518532718316305026584808556867915629231341582512445791968141447002466308679425499080357197750311321600
B0_original,True,margin_helpful_attribution_participation_ratio,3,verified-v3-adamw-1e-5,3,resolved,0.5896428571428572,3729626920440543065289512608072331290091952840867224439351519153872244509847592501/6399259666397376161201407198426274334425812393796534887622290870451159996678799360,3620047965029054350051059472554652894268154177609459370843054929060559173804217408417025070369172909178304198163/6204773670352431221171076798121162901103183545120219136680270896498506630328240608219348070269391743644545843200
B0_original,True,margin_helpful_attribution_participation_ratio,3,verified-v3-adamw-1e-5,4,resolved,0.587965,1874025405621799658226978520483672160012545647207468720531583315029010430242177643/3199629833198688080600703599213137167212906196898267443811145435225579998339399680,232404388016835383553657947759243341738002110729695815535800113068767693962509881542106193548222347803813676157937/397105514902555598154948915079754425670603746887694024747537337375904424341007398926038276497241071593250933964800
B0_original,True,margin_helpful_attribution_participation_ratio,3,verified-v3-adamw-1e-5,5,resolved,0.58863,15060974387696338402810324874319238910384807280552131299720528969045264649566799329/25597038665589504644805628793705097337703249575186139550489163481804639986715197440,233609996007485698399555461935712334682037123776181715698240035596875917416345030103593835005821583895277855533857/397105514902555598154948915079754425670603746887694024747537337375904424341007398926038276497241071593250933964800
B0_original,True,margin_helpful_attribution_participation_ratio,3,verified-v3-muon-1e-3,1,resolved,0.5818585714285714,548523050290599331392873867239624145761239510886543820035833839117719370999832493/948038469095907579437245510877966568063083317599486650018117165992764443952414720,854059463051438181124428869530847180586835722192229588594905540485655254460326070452760852933722841726131583323/1470761166305761474647958944739831206187421284769237128694582731021868238300027403429771394434226191086114570240
B0_original,True,margin_helpful_attribution_participation_ratio,3,verified-v3-muon-1e-3,2,resolved,0.5876692857142858,3313775742856354602481301635439463082125469301993022524169911824679085029562796703/5688230814575445476623473065267799408378499905596919900108702995956586663714488320,10325212952640991351455149172707844362430019015927282357793031517911591533156144228909398589722733121063525759067/17649133995669137695775507336877974474249055417230845544334992772262418859600328841157256733210714293033374842880
B0_original,True,margin_helpful_attribution_participation_ratio,3,verified-v3-muon-1e-3,3,resolved,0.5850171428571428,29923517839217047209575997809255197588044229430909050509425254308264993701806059467/51194077331179009289611257587410194675406499150372279100978326963609279973430394880,93209035733044405806455321442407199637434468622933522514317557236694282119154157532341337235491828452050188905093/158842205961022239261979566031901770268241498755077609899014934950361769736402959570415310598896428637300373585920
B0_original,True,margin_helpful_attribution_participation_ratio,3,verified-v3-muon-1e-3,4,resolved,0.5885692857142857,30015726735611694533998932015210080193428752809187930775802336021801689231328371747/51194077331179009289611257587410194675406499150372279100978326963609279973430394880,93731828736506278667834031837646234672359315325065134626249298505305339738273288969887326123671226613957760330563/158842205961022239261979566031901770268241498755077609899014934950361769736402959570415310598896428637300373585920
B0_original,True,margin_helpful_attribution_participation_ratio,3,verified-v3-muon-1e-3,5,resolved,0.5919135714285714,30142652663294341530677868313714226265693410084511401039814972068739717989252864117/51194077331179009289611257587410194675406499150372279100978326963609279973430394880,93990113302770849445814975583714467827027885448596481242562395662250521181993080147197767371148642622060624488627/158842205961022239261979566031901770268241498755077609899014934950361769736402959570415310598896428637300373585920
B0_original,True,margin_helpful_attribution_participation_ratio,3,verified-v3-normuon-1e-3,1,resolved,0.5852614285714285,246710368187178152412138667301324557547299062662174110674281993258516619152882983/426617311093158410746760479895084955628387492919768992508152724696743999778586624,19132252088549440139515703893346768413160927006577005737477894154246297857478335239101237058658480272391426724309/33092126241879633179579076256646202139216978907307835395628111447992035361750616577169856374770089299437577830400
B0_original,True,margin_helpful_attribution_participation_ratio,3,verified-v3-normuon-1e-3,2,resolved,0.5920957142857143,1987219779017094446011907320612023879934326969600122605655892867339727249839048911/3412938488745267285974083839160679645027099943358151940065221797573951998228692992,155101306346041319510045349425630563678530615312328352786375624123688928984503727832622057622248067641207953967277/264737009935037065436632610053169617113735831258462683165024891583936282894004932617358850998160714395500622643200
B0_original,True,margin_helpful_attribution_participation_ratio,3,verified-v3-normuon-1e-3,3,resolved,0.5850342857142856,5981307219427765622484227476972669838871757459493746137648786686826751807381655761/10238815466235801857922251517482038935081299830074455820195665392721855994686078976,466276124493568448838809450623769595646360776856534574883134785165621973499994279370542458745483601887787895920561/794211029805111196309897830159508851341207493775388049495074674751808848682014797852076552994482143186501867929600
B0_original,True,margin_helpful_attribution_participation_ratio,3,verified-v3-normuon-1e-3,4,resolved,0.5896921428571428,5999553771446281998499474753228451745355187115086777146293306744812964797052323017/10238815466235801857922251517482038935081299830074455820195665392721855994686078976,466907758338663703451742287470079893098477277076665934528636591610004462039285952087639451680493746994650841024881/794211029805111196309897830159508851341207493775388049495074674751808848682014797852076552994482143186501867929600
B0_original,True,margin_helpful_attribution_participation_ratio,3,verified-v3-normuon-1e-3,5,resolved,0.5914471428571428,6024871928895066333021223491644578910303967958928579737907282667647683466570074291/10238815466235801857922251517482038935081299830074455820195665392721855994686078976,468657531832398339776384582824216210403539977631425790321425806279418746088843034027118494073098999809816497244671/794211029805111196309897830159508851341207493775388049495074674751808848682014797852076552994482143186501867929600
B0_original,True,margin_helpful_attribution_participation_ratio,4,verified-v3-adamw-3e-5,1,resolved,0.5857735714285714,33127222193821690732505428307319754868198920020113802037085125700132838330917351/56267347267610292909446216397867755510663558768048503412607818672403455403884544,36769135334848488549849230443157015928766146509524886098617215300661969206875130812517632731765698786367843437/62465989457051271956438199664711957115209544427551236429744560533806482235167372860893995039923000911123709952
B0_original,True,margin_helpful_attribution_participation_ratio,4,verified-v3-adamw-3e-5,2,resolved,0.5897585714285715,22391467061744706316328844453505130411562594768024717904714633669515096313548459/37511564845073528606297477598578503673775705845365668941738545781602303602589696,149149426966723019640545128219849797047085755646087792253271138561014121920898674819686718237299629275721332193/249863957828205087825752798658847828460838177710204945718978242135225928940669491443575980159692003644494839808
B0_original,True,margin_helpful_attribution_participation_ratio,4,verified-v3-adamw-3e-5,3,resolved,0.5879642857142857,707397474077313041913399376579911021178786649917941879982162542414945718686854591/1181614292619816151098370544355222865723934734129018571664764192120472563481575424,1045703904078829646921355515669960912499474660669986615964863376120439995978535987876185768725030346278385120101/1749047704797435614780269590611934799225867243971434620032847694946581502584686440105031861117844025511463878656
B0_original,True,margin_helpful_attribution_participation_ratio,4,verified-v3-adamw-3e-5,4,resolved,0.58876,1418608911522352677738771815234906945665255688068292513972622217012375542687511435/2363228585239632302196741088710445731447869468258037143329528384240945126963150848,2098757068466859691057996806169918081744370286579838304477302672730817663181021428083557357048713176869365853159/3498095409594871229560539181223869598451734487942869240065695389893163005169372880210063722235688051022927757312
B0_original,True,margin_helpful_attribution_participation_ratio,4,verified-v3-adamw-3e-5,5,resolved,0.5892628571428571,1422043533712926903643782345229643385246583223139139549204713299316872627389400381/2363228585239632302196741088710445731447869468258037143329528384240945126963150848,350506917068982574737886448687277365259785461720663876489243643311457207659991306413395082691821660059532977533/583015901599145204926756530203978266408622414657144873344282564982193834194895480035010620372614675170487959552
B0_original,True,margin_helpful_attribution_participation_ratio,4,verified-v3-muon-3e-3,1,resolved,0.5424921428571429,18446202405770167689556570592615407194311181514891929066399386597385728832409051/32822619239439337530510292898756190714553742614694960324021227558902015652265984,1977926829829207122529135964387496034274526790293019405804048213056217816967102936593184804480545670397537656185/3498095409594871229560539181223869598451734487942869240065695389893163005169372880210063722235688051022927757312
B0_original,True,margin_helpful_attribution_participation_ratio,4,verified-v3-muon-3e-3,2,resolved,0.5378814285714285,430555886563425848238243118677943093213094804791683024381594254029553383890349445/787742861746544100732247029570148577149289822752679047776509461413648375654383616,966038392913361437379897048461205996684611986723473634900297527254544814260284000285708743698466222420635879971/1749047704797435614780269590611934799225867243971434620032847694946581502584686440105031861117844025511463878656
B0_original,True,margin_helpful_attribution_participation_ratio,4,verified-v3-muon-3e-3,3,resolved,0.5432642857142858,158836976238956438045506898155738813822284056820648396788745938103257940370812425/295403573154954037774592636088805716430983683532254642916191048030118140870393856,474949763303748007367393392779420774427969454782078759280601399204563168586820554368361931226305071467897423383/874523852398717807390134795305967399612933621985717310016423847473290751292343220052515930558922012755731939328
B0_original,True,margin_helpful_attribution_participation_ratio,4,verified-v3-muon-3e-3,4,resolved,0.5483742857142857,1264546060102756145104734452071342008422623694281049046985650390773538787155588421/2363228585239632302196741088710445731447869468258037143329528384240945126963150848,1888308341002518698088129736559575848744402695254393566850455799819387322043042922187401940477387384113548872581/3498095409594871229560539181223869598451734487942869240065695389893163005169372880210063722235688051022927757312
B0_original,True,margin_helpful_attribution_participation_ratio,4,verified-v3-muon-3e-3,5,resolved,0.5571792857142858,115096551141122436246682127915021907526322941518924303735645410944958457260778901/214838962294512027472431008064585975586169951659821558484502580385540466087559168,9846806440219345899353170921125660452036046157807969079427020352391858288064447532755408619816933331742532473/18219246924973287653961141568874320825269450458035777292008830155693557318590483751094081886644208599077748736
B0_original,True,margin_helpful_attribution_participation_ratio,4,verified-v3-normuon-3e-3,1,resolved,0.5348342857142857,21091262733418552533106648241824374599805225489542547542032625417864934603264799/37511564845073528606297477598578503673775705845365668941738545781602303602589696,281698975512022774095912824170148547793325562026623322210617606209395471455974359887120523682035151541332633433/499727915656410175651505597317695656921676355420409891437956484270451857881338982887151960319384007288989679616
B0_original,True,margin_helpful_attribution_participation_ratio,4,verified-v3-normuon-3e-3,2,resolved,0.5396864285714286,53844312068325509195406982142237966877433248951828660614512719782498282835830449/98467857718318012591530878696268572143661227844084880972063682676706046956797952,1931181826625019635245726703318632392421732282799474383762922528673075022106229539168967188587361654064755196607/3498095409594871229560539181223869598451734487942869240065695389893163005169372880210063722235688051022927757312
B0_original,True,margin_helpful_attribution_participation_ratio,4,verified-v3-normuon-3e-3,3,resolved,0.5446657142857143,16508894592320144462754886087427497523570122360309460892226792258687415273581589/30691280327787432496061572580655139369452850237117365497786082912220066583937024,67839155624337868949271770186309657707823759445615546156931143230978166830572582677978923385261716448898010965/124931978914102543912876399329423914230419088855102472859489121067612964470334745721787990079846001822247419904
B0_original,True,margin_helpful_attribution_participation_ratio,4,verified-v3-normuon-3e-3,4,resolved,0.5518028571428572,90358349730694412176626851639755136706490224277685192810143814593803727014465377/168802041802830878728338649193603266531990676304145510237823456017210366211653632,67336314971596569391653019804886530579697990085267447274083142228217740935621233193829358750260867774489758265/124931978914102543912876399329423914230419088855102472859489121067612964470334745721787990079846001822247419904
B0_original,True,margin_helpful_attribution_participation_ratio,4,verified-v3-normuon-3e-3,5,resolved,0.5584957142857143,79156185843650824910451545496203439709544897685738881570233436190440648686569479/147701786577477018887296318044402858215491841766127321458095524015059070435196928,157433339135802670609686318947077918228671308217767678240111609912769225248424083357145590959743586567329237607/291507950799572602463378265101989133204311207328572436672141282491096917097447740017505310186307337585243979776
B0_original,True,margin_degrading_attribution_mass,1,verified-v3-adamw-1e-6,1,resolved,0.5425692857142858,30202332741845610582192846173934053485210626218263406972415496507229710626264446977/53635717019820328331822737394423397376266031388163406531321376137875471087666462720,948876360987372574915339927656915382595577953614580339653893048460170072907566496760547607421638036197670685547769/1673404656068665102799788318930253808699651523851600094970705093415786024604786328170824355972559675990042487029760
B0_original,True,margin_degrading_attribution_mass,1,verified-v3-adamw-1e-6,2,resolved,0.55545,7686078564770513970228015443033440151522334765919494758978504941102708817723099183/13408929254955082082955684348605849344066507847040851632830344034468867771916615680,40187422654795278367514085715131095772807571952712981625993658822060153815182640236595045930222612475233284244871/69725194002861045949991179955427242029152146827150003957112712225657751025199430340451014832189986499585103626240
B0_original,True,margin_degrading_attribution_mass,1,verified-v3-adamw-1e-6,3,resolved,0.5608178571428571,1933212126240622712035423086447893531694361431555421829781185846718957692871778577/3352232313738770520738921087151462336016626961760212908207586008617216942979153920,960306220518077877995533209122858577222147783063536193669142469418300891961201609412271630915091671970776031836929/1673404656068665102799788318930253808699651523851600094970705093415786024604786328170824355972559675990042487029760
B0_original,True,margin_degrading_attribution_mass,1,verified-v3-adamw-1e-6,4,resolved,0.5633707142857143,7778263615095182709873039785718297695669036271065973804220163962283597640765027293/13408929254955082082955684348605849344066507847040851632830344034468867771916615680,80206468845489373544240496167486102819234447748700060569076170370963510189401458304796287106745740809915686282587/139450388005722091899982359910854484058304293654300007914225424451315502050398860680902029664379972999170207252480
B0_original,True,margin_degrading_attribution_mass,1,verified-v3-adamw-1e-6,5,resolved,0.5649535714285714,3909203054191357864985460664261149817044173991055088097818173373159715689654140619/6704464627477541041477842174302924672033253923520425816415172017234433885958307840,160757137946712348887911822956186433460528957661041886090902878205189899130688468713318807975338674472220998491619/278900776011444183799964719821708968116608587308600015828450848902631004100797721361804059328759945998340414504960
B0_original,True,margin_degrading_attribution_mass,1,verified-v3-muon-1e-4,1,resolved,0.5822957142857142,15544436571916251700253841588863444306153477705825024961021636498221691408441093617/26817858509910164165911368697211698688133015694081703265660688068937735543833231360,51320979713087044616911814599137963143266425367310565085241679956784098708781930058448001894995631781415107164637/88073929266771847515778332575276516247350080202715794472142373337672948663409806745832860840661035578423288791040
B0_original,True,margin_degrading_attribution_mass,1,verified-v3-muon-1e-4,2,resolved,0.5879385714285714,15798394985914402612946810731318418044740249698449522603617005210934457143253985107/26817858509910164165911368697211698688133015694081703265660688068937735543833231360,331436299342640755734220012553674191958844968287793994863511695405057730693604151978555752504702310884247640771041/557801552022888367599929439643417936233217174617200031656901697805262008201595442723608118657519891996680829009920
B0_original,True,margin_degrading_attribution_mass,1,verified-v3-muon-1e-4,3,resolved,0.58963,1985519359255299957050374214333288288114148497551317206138392861455125056412064929/3352232313738770520738921087151462336016626961760212908207586008617216942979153920,994167032151646805053938310168241267612364800099849154609441595316096713995864840034771655063033843286409935251693/1673404656068665102799788318930253808699651523851600094970705093415786024604786328170824355972559675990042487029760
B0_original,True,margin_degrading_attribution_mass,1,verified-v3-muon-1e-4,4,resolved,0.5903421428571428,998227957392183881886183191249084772120014846598295960398363486861989334132325597/1676116156869385260369460543575731168008313480880106454103793004308608471489576960,164350062823628030304444100482124279808679102390059769630603068295307568673234448989281740871674581966983000906273/278900776011444183799964719821708968116608587308600015828450848902631004100797721361804059328759945998340414504960
B0_original,True,margin_degrading_attribution_mass,1,verified-v3-muon-1e-4,5,resolved,0.5910157142857143,501596583635837282783436100183462913388594389168617660677511220096713717913065231/838058078434692630184730271787865584004156740440053227051896502154304235744788480,331212163508401098634018402722760855130022468286135246672147276572370298018619314555961125344665118629246479539691/557801552022888367599929439643417936233217174617200031656901697805262008201595442723608118657519891996680829009920
B0_original,True,margin_degrading_attribution_mass,1,verified-v3-normuon-1e-4,1,resolved,0.5801178571428572,7779263049717212494504924857985729120519275508201805124223633750120274883259801459/13408929254955082082955684348605849344066507847040851632830344034468867771916615680,22288035806243540163838733862924926693451525114981961465543365429294007333279204916356938460178014203477358008959/38031924001560570518177007248414859288628443723900002158425115759449682377381507458427826272103628999773692887040
B0_original,True,margin_degrading_attribution_mass,1,verified-v3-normuon-1e-4,2,resolved,0.5869142857142856,3953090268185598980804146604635127850219230500771302692269798405681651964185482427/6704464627477541041477842174302924672033253923520425816415172017234433885958307840,20731376325688755959540951950787768207926602381593564949622384321766801262570658774027800862483530910105809016387/34862597001430522974995589977713621014576073413575001978556356112828875512599715170225507416094993249792551813120
B0_original,True,margin_degrading_attribution_mass,1,verified-v3-normuon-1e-4,3,resolved,0.5895821428571428,15898051432551074385668573288544842822267779370427734977830651944194730453748741433/26817858509910164165911368697211698688133015694081703265660688068937735543833231360,998787763514327615665271203809959808956695373381651027278826816105512773945526264946383569278051891134516917233261/1673404656068665102799788318930253808699651523851600094970705093415786024604786328170824355972559675990042487029760
B0_original,True,margin_degrading_attribution_mass,1,verified-v3-normuon-1e-4,4,resolved,0.5898942857142858,15985500384140544173266083462438240636569770348360737878778545831955079351029348553/26817858509910164165911368697211698688133015694081703265660688068937735543833231360,330948539349982036630770788186645761711369667007546231082749005656602634304725543903386793222019124631886624310607/557801552022888367599929439643417936233217174617200031656901697805262008201595442723608118657519891996680829009920
B0_original,True,margin_degrading_attribution_mass,1,verified-v3-normuon-1e-4,5,resolved,0.5909735714285714,16064929484003810842520056194738813720278772540104845360587862469544963361486578593/26817858509910164165911368697211698688133015694081703265660688068937735543833231360,331027660383010092569386858906938316490651116376488684575462406297532656703288358358024129981184416706424411912617/557801552022888367599929439643417936233217174617200031656901697805262008201595442723608118657519891996680829009920
B0_original,True,margin_degrading_attribution_mass,2,verified-v3-adamw-3e-6,1,resolved,0.5644085714285715,11432058380458388412213122540009472461614608238405324897468966061696882451010058027/20503439112088836483073994194815796784561663598518211414788076536977892421484412928,717965504052647773715730798686209936502170418232539048418025282962931911589591846109436070428199324059365837374487/1285668445783872371161956244010533900451772758301688590264048259338459779957167023525136792079499231158027912478720
B0_original,True,margin_degrading_attribution_mass,2,verified-v3-adamw-3e-6,2,resolved,0.5754778571428572,11666507928117978336103079688928041941986258289224340960272088379866631469973294971/20503439112088836483073994194815796784561663598518211414788076536977892421484412928,51542016447803854642122873080957994986839612631244302312304387087124549291824376124192092211066222287386867856153/91833460413133740797282588857895278603698054164406327876003447095604269996940501680366913719964230797001993748480
B0_original,True,margin_degrading_attribution_mass,2,verified-v3-adamw-3e-6,3,resolved,0.5815735714285715,122453906353833725618547235777702347025567336010383593057572022353149512579497573/213577490750925380032020772862664549839183995817898035570709130593519712723795968,366483292420432325258859128417486269348047137829857388433699135987070565402935284417558247616658553421856037295481/642834222891936185580978122005266950225886379150844295132024129669229889978583511762568396039749615579013956239360
B0_original,True,margin_degrading_attribution_mass,2,verified-v3-adamw-3e-6,4,resolved,0.5840192857142857,11831721626115815096682032362646010531167254413254876351688992562976778216927060305/20503439112088836483073994194815796784561663598518211414788076536977892421484412928,81782219930112187063988107508351871256287933986725760734983033735992654016876250490270092489081077030695103550273/142852049531541374573550693778948211161308084255743176696005362148717753328574113725015199119944359017558656942080
B0_original,True,margin_degrading_attribution_mass,2,verified-v3-adamw-3e-6,5,resolved,0.5834164285714286,5946727837164092832220778305189014128955768566097113488790765309522646389646901225/10251719556044418241536997097407898392280831799259105707394038268488946210742206464,247804598468491828189981005348512895987363774057918225894782042752724145771466567887083911880956804688651986128079/428556148594624123720652081336844633483924252767229530088016086446153259985722341175045597359833077052675970826240
B0_original,True,margin_degrading_attribution_mass,2,verified-v3-muon-3e-4,1,resolved,0.5881207142857142,1487928389954313136489889371958835639888759126285698274342097564166942709726638509/2562929889011104560384249274351974598070207949814776426848509567122236552685551616,770061922941025358113086877594160555994423223092522828273180144646726328489068254033339357947331003699250754599/1311906577330482011389751269398503980052829345205804683942906387080060999956292881148098767428060439957171339264
B0_original,True,margin_degrading_attribution_mass,2,verified-v3-muon-3e-4,2,resolved,0.5927621428571428,6048023402234706043691557105371693973520683173413147102438415312468699083378738045/10251719556044418241536997097407898392280831799259105707394038268488946210742206464,38158114732967643029171281769903740022783377747838872893849976427319302480351871993980172031269633068098572932029/64283422289193618558097812200526695022588637915084429513202412966922988997858351176256839603974961557901395623936
B0_original,True,margin_degrading_attribution_mass,2,verified-v3-muon-3e-4,3,resolved,0.5912535714285714,4055358582757683535624396030308085519623806238150701816226405132733611655075209149/6834479704029612161024664731605265594853887866172737138262692178992630807161470976,76005243115509561012127745524602441909052789259701061511382644068259228690050566461618289421269492668764593559069/128566844578387237116195624401053390045177275830168859026404825933845977995716702352513679207949923115802791247872
B0_original,True,margin_degrading_attribution_mass,2,verified-v3-muon-3e-4,4,resolved,0.591362142857143,3058601005332394988592802539161050723023528550882597897448927351260968122012708029/5125859778022209120768498548703949196140415899629552853697019134244473105371103232,2413147859221602729943409785226039992098684575262128035717659140196071062858887715614744564778216187287151123331/4081487129472610702101448393684234604608802407306947905600153204249078666530688963571862831998410257644533055488
B0_original,True,margin_degrading_attribution_mass,2,verified-v3-muon-3e-4,5,resolved,0.5924307142857143,12294458431620710994246482494126026252447759182168806737517633392670206562481594921/20503439112088836483073994194815796784561663598518211414788076536977892421484412928,51014431623336840475438624889189925200667726139792243300291288964552203566818249841865344033349872723357145202327/85711229718924824744130416267368926696784850553445906017603217289230651997144468235009119471966615410535194165248
B0_original,True,margin_degrading_attribution_mass,2,verified-v3-normuon-3e-4,1,resolved,0.5875385714285715,5955364690016239980163331175776704770104434509106615299716389312778292413065321897/10251719556044418241536997097407898392280831799259105707394038268488946210742206464,189259074420289255545099736548682849473968564546511903597583442402069761310947244579252344002716116671204610772207/321417111445968092790489061002633475112943189575422147566012064834614944989291755881284198019874807789506978119680
B0_original,True,margin_degrading_attribution_mass,2,verified-v3-normuon-3e-4,2,resolved,0.5912428571428572,3025789751377919234143213136561030596968436610235174814260198247092196741874047357/5125859778022209120768498548703949196140415899629552853697019134244473105371103232,758909258704370772487826406926407656416396703972109700310340799455502207004522421294904402656002436536934175267093/1285668445783872371161956244010533900451772758301688590264048259338459779957167023525136792079499231158027912478720
B0_original,True,margin_degrading_attribution_mass,2,verified-v3-normuon-3e-4,3,resolved,0.5915221428571428,4057672125513619144951712890088897362711720009667678372535756312444970859442556075/6834479704029612161024664731605265594853887866172737138262692178992630807161470976,760109140392990291504347700888405560387602993987459969249303653856202043315853645054870136401511499974389050039653/1285668445783872371161956244010533900451772758301688590264048259338459779957167023525136792079499231158027912478720
B0_original,True,margin_degrading_attribution_mass,2,verified-v3-normuon-3e-4,4,resolved,0.5907228571428572,6120618381936290718553928552998752927116097789125350324953603117108333301861639727/10251719556044418241536997097407898392280831799259105707394038268488946210742206464,36164455542842422777837144440678293398854091924132084593414333133972051463533236429065120212064924071379091912763/61222306942089160531521725905263519069132036109604218584002298063736179997960334453577942479976153864667995832320
B0_original,True,margin_degrading_attribution_mass,2,verified-v3-normuon-3e-4,5,resolved,0.5936371428571429,12301239447392570393529290728579290425125939137048408733596342069575116966853061875/20503439112088836483073994194815796784561663598518211414788076536977892421484412928,128670824972615377862700273735591939329884138464868214136074239128945652677551591604959629628711336275684970996863/214278074297312061860326040668422316741962126383614765044008043223076629992861170587522798679916538526337985413120
B0_original,True,margin_degrading_attribution_mass,3,verified-v3-adamw-1e-5,1,resolved,0.5820728571428572,9692986450682957977087817395884142158443579213000460854901959437304123074440062221/17064692443726336429870419195803398225135499716790759700326108987869759991143464960,151453845933123493919391077004450849480433006356766442036647401036057181076949993281964959583882667136934566728237/265228923975402884050221279369025580682464425513246188768582800510183177439912638896463657129114361869052841820160
B0_original,True,margin_degrading_attribution_mass,3,verified-v3-adamw-1e-5,2,resolved,0.585075,2466446882792172449065177769840717196821765616399336274209474234455954331242732239/4266173110931584107467604798950849556283874929197689925081527246967439997785866240,77317257031257147550434314243661321793292846423523075104088888389972243553372478184161382114321025436726886575421/132614461987701442025110639684512790341232212756623094384291400255091588719956319448231828564557180934526420910080
B0_original,True,margin_degrading_attribution_mass,3,verified-v3-adamw-1e-5,3,resolved,0.5896428571428572,3729626920440543065289512608072331290091952840867224439351519153872244509847592501/6399259666397376161201407198426274334425812393796534887622290870451159996678799360,117460499682913367769461217403495521008271278345766752284464245098644206107691158782584397180095111671013856160619/198921692981552163037665959526769185511848319134934641576437100382637383079934479172347742846835771401789631365120
B0_original,True,margin_degrading_attribution_mass,3,verified-v3-adamw-1e-5,4,resolved,0.587965,1874025405621799658226978520483672160012545647207468720531583315029010430242177643/3199629833198688080600703599213137167212906196898267443811145435225579998339399680,233845808670946259118798118601751374703676612624778559778268859093748890517919987063494641385180231620950556238663/397843385963104326075331919053538371023696638269869283152874200765274766159868958344695485693671542803579262730240
B0_original,True,margin_degrading_attribution_mass,3,verified-v3-adamw-1e-5,5,resolved,0.58863,15060974387696338402810324874319238910384807280552131299720528969045264649566799329/25597038665589504644805628793705097337703249575186139550489163481804639986715197440,234040243310412740499364786631848250548844190069070872087295663502146428986375771780699712590766245075060319881983/397843385963104326075331919053538371023696638269869283152874200765274766159868958344695485693671542803579262730240
B0_original,True,margin_degrading_attribution_mass,3,verified-v3-muon-1e-3,1,resolved,0.5818585714285714,548523050290599331392873867239624145761239510886543820035833839117719370999832493/948038469095907579437245510877966568063083317599486650018117165992764443952414720,25710055432981373078809197370189056524654105360101359080340725903228857558602032831565260182941632103039035844581/44204820662567147341703546561504263447077404252207698128097133418363862906652106482743942854852393644842140303360
B0_original,True,margin_degrading_attribution_mass,3,verified-v3-muon-1e-3,2,resolved,0.5876692857142858,3313775742856354602481301635439463082125469301993022524169911824679085029562796703/5688230814575445476623473065267799408378499905596919900108702995956586663714488320,51831631905873322326868149975919093686467627306447488914338419697293259332886903706561995926023411566511862028407/88409641325134294683407093123008526894154808504415396256194266836727725813304212965487885709704787289684280606720
B0_original,True,margin_degrading_attribution_mass,3,verified-v3-muon-1e-3,3,resolved,0.5850171428571428,29923517839217047209575997809255197588044229430909050509425254308264993701806059467/51194077331179009289611257587410194675406499150372279100978326963609279973430394880,463890333395719879608271819115845604946012330027616912262171917841554255457321047345401770465235820242981388527383/795686771926208652150663838107076742047393276539738566305748401530549532319737916689390971387343085607158525460480
B0_original,True,margin_degrading_attribution_mass,3,verified-v3-muon-1e-3,4,resolved,0.5885692857142857,30015726735611694533998932015210080193428752809187930775802336021801689231328371747/51194077331179009289611257587410194675406499150372279100978326963609279973430394880,471308596043646425106964597154815470459293168579140726413609928052535233351497400434980759429980436872940647653613/795686771926208652150663838107076742047393276539738566305748401530549532319737916689390971387343085607158525460480
B0_original,True,margin_degrading_attribution_mass,3,verified-v3-muon-1e-3,5,resolved,0.5919135714285714,30142652663294341530677868313714226265693410084511401039814972068739717989252864117/51194077331179009289611257587410194675406499150372279100978326963609279973430394880,470541617962404148859836135012625404607369001398496238105491830303426553255793087302382088251073391535973078875523/795686771926208652150663838107076742047393276539738566305748401530549532319737916689390971387343085607158525460480
B0_original,True,margin_degrading_attribution_mass,3,verified-v3-normuon-1e-3,1,resolved,0.5852614285714285,246710368187178152412138667301324557547299062662174110674281993258516619152882983/426617311093158410746760479895084955628387492919768992508152724696743999778586624,38304104947621077833466456634940465427475318506761589436869471686198118014627836290187272237320078031168324124303/66307230993850721012555319842256395170616106378311547192145700127545794359978159724115914282278590467263210455040
B0_original,True,margin_degrading_attribution_mass,3,verified-v3-normuon-1e-3,2,resolved,0.5920957142857143,1987219779017094446011907320612023879934326969600122605655892867339727249839048911/3412938488745267285974083839160679645027099943358151940065221797573951998228692992,157182635436253849911933747926958898408194067145730149260474544160315983644187925751875510439514903335589246592367/265228923975402884050221279369025580682464425513246188768582800510183177439912638896463657129114361869052841820160
B0_original,True,margin_degrading_attribution_mass,3,verified-v3-normuon-1e-3,3,resolved,0.5850342857142856,5981307219427765622484227476972669838871757459493746137648786686826751807381655761/10238815466235801857922251517482038935081299830074455820195665392721855994686078976,464085815850433496368631038052360031084531681887913755648838903894775760501976028420952888944104241451840685639971/795686771926208652150663838107076742047393276539738566305748401530549532319737916689390971387343085607158525460480
B0_original,True,margin_degrading_attribution_mass,3,verified-v3-normuon-1e-3,4,resolved,0.5896921428571428,5999553771446281998499474753228451745355187115086777146293306744812964797052323017/10238815466235801857922251517482038935081299830074455820195665392721855994686078976,470040795386699797155139723477186086036891943123932753257705197945634741171214878778551358184725072234562149101891/795686771926208652150663838107076742047393276539738566305748401530549532319737916689390971387343085607158525460480
B0_original,True,margin_degrading_attribution_mass,3,verified-v3-normuon-1e-3,5,resolved,0.5914471428571428,6024871928895066333021223491644578910303967958928579737907282667647683466570074291/10238815466235801857922251517482038935081299830074455820195665392721855994686078976,468104763166741106300864943611291952874891839281934639497980179819632253730927876883254609431668284010623129622261/795686771926208652150663838107076742047393276539738566305748401530549532319737916689390971387343085607158525460480
B0_original,True,margin_degrading_attribution_mass,4,verified-v3-adamw-3e-5,1,resolved,0.5857735714285714,33127222193821690732505428307319754868198920020113802037085125700132838330917351/56267347267610292909446216397867755510663558768048503412607818672403455403884544,875136403284397505192086627781884201310653914210044942308768775659502221436423104932034623555620120611670677589/1485516596357240339899555564780384000651307616358621573020262680478366137058799269552884360630151059985020223488
B0_original,True,margin_degrading_attribution_mass,4,verified-v3-adamw-3e-5,2,resolved,0.5897585714285715,22391467061744706316328844453505130411562594768024717904714633669515096313548459/37511564845073528606297477598578503673775705845365668941738545781602303602589696,884868910994502391850466144799217835558270465637940690266285303445366739646994353037855536037202653798951146849/1485516596357240339899555564780384000651307616358621573020262680478366137058799269552884360630151059985020223488
B0_original,True,margin_degrading_attribution_mass,4,verified-v3-adamw-3e-5,3,resolved,0.5879642857142857,707397474077313041913399376579911021178786649917941879982162542414945718686854591/1181614292619816151098370544355222865723934734129018571664764192120472563481575424,6237034229663240879035863340333960399041978528489521849667761226825311620671448125473660281084023635115206249903/10398616174500682379296888953462688004559153314510351011141838763348562959411594886870190524411057419895141564416
B0_original,True,margin_degrading_attribution_mass,4,verified-v3-adamw-3e-5,4,resolved,0.58876,1418608911522352677738771815234906945665255688068292513972622217012375542687511435/2363228585239632302196741088710445731447869468258037143329528384240945126963150848,692964801966895084955067859135306427997750221290198297376973322363806985745408235652131638606257796838622605111/1155401797166742486588543217051409778284350368278927890126870973705395884379066098541132280490117491099460173824
B0_original,True,margin_degrading_attribution_mass,4,verified-v3-adamw-3e-5,5,resolved,0.5892628571428571,1422043533712926903643782345229643385246583223139139549204713299316872627389400381/2363228585239632302196741088710445731447869468258037143329528384240945126963150848,3127882831443393121726650175506969894264320241678865670322056610540944149611294414427358170703511773896067400473/5199308087250341189648444476731344002279576657255175505570919381674281479705797443435095262205528709947570782208
B0_original,True,margin_degrading_attribution_mass,4,verified-v3-muon-3e-3,1,resolved,0.5424921428571429,18446202405770167689556570592615407194311181514891929066399386597385728832409051/32822619239439337530510292898756190714553742614694960324021227558902015652265984,2888170623311281940149963215873073413528334221431135010405383820505326842657571659940883440667060476891787926985/5199308087250341189648444476731344002279576657255175505570919381674281479705797443435095262205528709947570782208
B0_original,True,margin_degrading_attribution_mass,4,verified-v3-muon-3e-3,2,resolved,0.5378814285714285,430555886563425848238243118677943093213094804791683024381594254029553383890349445/787742861746544100732247029570148577149289822752679047776509461413648375654383616,2819997224507416200183279145029857538135014873970575950176097885882079654346236389165475751319327427362363015223/5199308087250341189648444476731344002279576657255175505570919381674281479705797443435095262205528709947570782208
B0_original,True,margin_degrading_attribution_mass,4,verified-v3-muon-3e-3,3,resolved,0.5432642857142858,158836976238956438045506898155738813822284056820648396788745938103257940370812425/295403573154954037774592636088805716430983683532254642916191048030118140870393856,2793175246310572335194394644171624879611392853436415892431593157765312128888321410010024613761613362748787151023/5199308087250341189648444476731344002279576657255175505570919381674281479705797443435095262205528709947570782208
B0_original,True,margin_degrading_attribution_mass,4,verified-v3-muon-3e-3,4,resolved,0.5483742857142857,1264546060102756145104734452071342008422623694281049046985650390773538787155588421/2363228585239632302196741088710445731447869468258037143329528384240945126963150848,619741603782803188810297194109806879934405266061384886657333428006716951884325985072707175359333091212932106967/1155401797166742486588543217051409778284350368278927890126870973705395884379066098541132280490117491099460173824
B0_original,True,margin_degrading_attribution_mass,4,verified-v3-muon-3e-3,5,resolved,0.5571792857142858,115096551141122436246682127915021907526322941518924303735645410944958457260778901/214838962294512027472431008064585975586169951659821558484502580385540466087559168,350131907091553602986189990060689446613841336837440800478303757142129369528194664261992366097193211226736345573/649913510906292648706055559591418000284947082156896938196364922709285184963224680429386907775691088743446347776
B0_original,True,margin_degrading_attribution_mass,4,verified-v3-normuon-3e-3,1,resolved,0.5348342857142857,21091262733418552533106648241824374599805225489542547542032625417864934603264799/37511564845073528606297477598578503673775705845365668941738545781602303602589696,35975531894275854304089543884072247741522433204388353045389500978784115966639869871555678899763232621728209037/64587678102488710430415459338277565245709026798200937957402725238189832046034750850125406983919611303696531456
B0_original,True,margin_degrading_attribution_mass,4,verified-v3-normuon-3e-3,2,resolved,0.5396864285714286,53844312068325509195406982142237966877433248951828660614512719782498282835830449/98467857718318012591530878696268572143661227844084880972063682676706046956797952,1408711874821447699462902815940312692744222720674845771316838606038228519851197744156893876158424038111396283405/2599654043625170594824222238365672001139788328627587752785459690837140739852898721717547631102764354973785391104
B0_original,True,margin_degrading_attribution_mass,4,verified-v3-normuon-3e-3,3,resolved,0.5446657142857143,16508894592320144462754886087427497523570122360309460892226792258687415273581589/30691280327787432496061572580655139369452850237117365497786082912220066583937024,795007743277976684325809332358166366436122861383952182685695710593805625830629681953257820734340412249160015097/1485516596357240339899555564780384000651307616358621573020262680478366137058799269552884360630151059985020223488
B0_original,True,margin_degrading_attribution_mass,4,verified-v3-normuon-3e-3,4,resolved,0.5518028571428572,90358349730694412176626851639755136706490224277685192810143814593803727014465377/168802041802830878728338649193603266531990676304145510237823456017210366211653632,88714269009811298023097333076163556340546011632722199069984287852211151239264941109952981772688001955502501453/165057399595248926655506173864487111183478624039846841446695853386485126339866585505876040070016784442780024832
B0_original,True,margin_degrading_attribution_mass,4,verified-v3-normuon-3e-3,5,resolved,0.5584957142857143,79156185843650824910451545496203439709544897685738881570233436190440648686569479/147701786577477018887296318044402858215491841766127321458095524015059070435196928,2792804587403048475402034558360830393826519756857582041830391093850985918178479728085620148976552041079251095233/5199308087250341189648444476731344002279576657255175505570919381674281479705797443435095262205528709947570782208
B0_original,True,random_50pct_relative_shortlist_ndcg,1,verified-v3-adamw-1e-6,1,resolved,0.5425692857142858,30202332741845610582192846173934053485210626218263406972415496507229710626264446977/53635717019820328331822737394423397376266031388163406531321376137875471087666462720,1113451449106524922463955783501208238854223440573258155077982862919224526862154447305960699369600536389109706367/1975880226220263955539882605743116572495590807611678348293040257479395249152889525983447590842015352661873786880
B0_original,True,random_50pct_relative_shortlist_ndcg,1,verified-v3-adamw-1e-6,2,resolved,0.55545,7686078564770513970228015443033440151522334765919494758978504941102708817723099183/13408929254955082082955684348605849344066507847040851632830344034468867771916615680,66675997132296051771996100943032247556059472294452333212135506154906800912059678893439328664682996354171916631/116228248601191997384698976808418621911505341624216373429002368087023249950169972116673387696589138391874928640
B0_original,True,random_50pct_relative_shortlist_ndcg,1,verified-v3-adamw-1e-6,3,resolved,0.5608178571428571,1933212126240622712035423086447893531694361431555421829781185846718957692871778577/3352232313738770520738921087151462336016626961760212908207586008617216942979153920,1135197958801337583788935234347258392408214054267233869216323908902853509836509560409531498605228519761548837837/1975880226220263955539882605743116572495590807611678348293040257479395249152889525983447590842015352661873786880
B0_original,True,random_50pct_relative_shortlist_ndcg,1,verified-v3-adamw-1e-6,4,resolved,0.5633707142857143,7778263615095182709873039785718297695669036271065973804220163962283597640765027293/13408929254955082082955684348605849344066507847040851632830344034468867771916615680,31821866462699909771875644951921666901525297871333076241546342916902765606693386445157407282659586194550943677/54885561839451776542774516826197682569321966878102176341473340485538756920913597943984655301167093129496494080
B0_original,True,random_50pct_relative_shortlist_ndcg,1,verified-v3-adamw-1e-6,5,resolved,0.5649535714285714,3909203054191357864985460664261149817044173991055088097818173373159715689654140619/6704464627477541041477842174302924672033253923520425816415172017234433885958307840,270938226119017807608970071834787035278825711146369385177082073883539543442225285374193437221045019086153148939/464912994404767989538795907233674487646021366496865493716009472348092999800679888466693550786356553567499714560
B0_original,True,random_50pct_relative_shortlist_ndcg,1,verified-v3-muon-1e-4,1,resolved,0.5822957142857142,15544436571916251700253841588863444306153477705825024961021636498221691408441093617/26817858509910164165911368697211698688133015694081703265660688068937735543833231360,2298786026245291861145714346327820024881794521921058344633354391927239066904639239596137332801464952689593265743/3951760452440527911079765211486233144991181615223356696586080514958790498305779051966895181684030705323747573760
B0_original,True,random_50pct_relative_shortlist_ndcg,1,verified-v3-muon-1e-4,2,resolved,0.5879385714285714,15798394985914402612946810731318418044740249698449522603617005210934457143253985107/26817858509910164165911368697211698688133015694081703265660688068937735543833231360,4671907540887530267692011217115590163309106122740676994271596162492807761079111817733065909435457682917199912341/7903520904881055822159530422972466289982363230446713393172161029917580996611558103933790363368061410647495147520
B0_original,True,random_50pct_relative_shortlist_ndcg,1,verified-v3-muon-1e-4,3,resolved,0.58963,1985519359255299957050374214333288288114148497551317206138392861455125056412064929/3352232313738770520738921087151462336016626961760212908207586008617216942979153920,585993050066575203589485215071821041954289398877703131638574968110982997645741700117657794143742810294346358227/987940113110131977769941302871558286247795403805839174146520128739697624576444762991723795421007676330936893440
B0_original,True,random_50pct_relative_shortlist_ndcg,1,verified-v3-muon-1e-4,4,resolved,0.5903421428571428,998227957392183881886183191249084772120014846598295960398363486861989334132325597/1676116156869385260369460543575731168008313480880106454103793004308608471489576960,524298347886354303657001599576184581909326687298913466048247992013633223722604859171231365397472071068935741159/878168989431228424684392269219162921109151470049634821463573447768620110734617567103754484818673490071943905280
B0_original,True,random_50pct_relative_shortlist_ndcg,1,verified-v3-muon-1e-4,5,resolved,0.5910157142857143,501596583635837282783436100183462913388594389168617660677511220096713717913065231/838058078434692630184730271787865584004156740440053227051896502154304235744788480,4746149937681027436268718228343174587651128177126052350494301828585371421242228170525115264185979916046096209351/7903520904881055822159530422972466289982363230446713393172161029917580996611558103933790363368061410647495147520
B0_original,True,random_50pct_relative_shortlist_ndcg,1,verified-v3-normuon-1e-4,1,resolved,0.5801178571428572,7779263049717212494504924857985729120519275508201805124223633750120274883259801459/13408929254955082082955684348605849344066507847040851632830344034468867771916615680,2293830517175705972607583515329262774258313311947557919966443259173619347910718715820070679176066101755832335331/3951760452440527911079765211486233144991181615223356696586080514958790498305779051966895181684030705323747573760
B0_original,True,random_50pct_relative_shortlist_ndcg,1,verified-v3-normuon-1e-4,2,resolved,0.5869142857142856,3953090268185598980804146604635127850219230500771302692269798405681651964185482427/6704464627477541041477842174302924672033253923520425816415172017234433885958307840,145710176426725450499059780315187234157429734853845991936218475431762952117681630567418899668984448987715531561/246985028277532994442485325717889571561948850951459793536630032184924406144111190747930948855251919082734223360
B0_original,True,random_50pct_relative_shortlist_ndcg,1,verified-v3-normuon-1e-4,3,resolved,0.5895821428571428,15898051432551074385668573288544842822267779370427734977830651944194730453748741433/26817858509910164165911368697211698688133015694081703265660688068937735543833231360,4680953761689678124277907938397418309846302174139252678473217867023838480856323474001362999661213373485280389327/7903520904881055822159530422972466289982363230446713393172161029917580996611558103933790363368061410647495147520
B0_original,True,random_50pct_relative_shortlist_ndcg,1,verified-v3-normuon-1e-4,4,resolved,0.5898942857142858,15985500384140544173266083462438240636569770348360737878778545831955079351029348553/26817858509910164165911368697211698688133015694081703265660688068937735543833231360,1572273169086748259458777698374029587403771900699723124196257764384245962109340936751921995619231712221310719539/2634506968293685274053176807657488763327454410148904464390720343305860332203852701311263454456020470215831715840
B0_original,True,random_50pct_relative_shortlist_ndcg,1,verified-v3-normuon-1e-4,5,resolved,0.5909735714285714,16064929484003810842520056194738813720278772540104845360587862469544963361486578593/26817858509910164165911368697211698688133015694081703265660688068937735543833231360,4740638555221845587378826141045595350731576666807118927136090992878215933732654223825280190918517348119614731267/7903520904881055822159530422972466289982363230446713393172161029917580996611558103933790363368061410647495147520
B0_original,True,random_50pct_relative_shortlist_ndcg,2,verified-v3-adamw-3e-6,1,resolved,0.5644085714285715,11432058380458388412213122540009472461614608238405324897468966061696882451010058027/20503439112088836483073994194815796784561663598518211414788076536977892421484412928,2389892481602175850864926190261759770496341049494613074852538349853008827184135476047800828840561627230627345949/4294339826257281168279444725715268093289685000567569892103705334418464333350170310323944383080614293898224730112
B0_original,True,random_50pct_relative_shortlist_ndcg,2,verified-v3-adamw-3e-6,2,resolved,0.5754778571428572,11666507928117978336103079688928041941986258289224340960272088379866631469973294971/20503439112088836483073994194815796784561663598518211414788076536977892421484412928,1221110305407556616781746863449199961979076321682270364437005492398173636497961737348897278580918998583301076475/2147169913128640584139722362857634046644842500283784946051852667209232166675085155161972191540307146949112365056
B0_original,True,random_50pct_relative_shortlist_ndcg,2,verified-v3-adamw-3e-6,3,resolved,0.5815735714285715,122453906353833725618547235777702347025567336010383593057572022353149512579497573/213577490750925380032020772862664549839183995817898035570709130593519712723795968,820857684660415271361512868916246442372679364858250681265809022676439136076409759619992980695321735867803870311/1431446608752427056093148241905089364429895000189189964034568444806154777783390103441314794360204764632741576704
B0_original,True,random_50pct_relative_shortlist_ndcg,2,verified-v3-adamw-3e-6,4,resolved,0.5840192857142857,11831721626115815096682032362646010531167254413254876351688992562976778216927060305/20503439112088836483073994194815796784561663598518211414788076536977892421484412928,2483147876036468556801053496480083713066250853477224742148572054643416441597696816262501444134898599020932367191/4294339826257281168279444725715268093289685000567569892103705334418464333350170310323944383080614293898224730112
B0_original,True,random_50pct_relative_shortlist_ndcg,2,verified-v3-adamw-3e-6,5,resolved,0.5834164285714286,5946727837164092832220778305189014128955768566097113488790765309522646389646901225/10251719556044418241536997097407898392280831799259105707394038268488946210742206464,2494577195726608550226669934457531208014632702533367668839433567844831110160697314508786962353373558551865197941/4294339826257281168279444725715268093289685000567569892103705334418464333350170310323944383080614293898224730112
B0_original,True,random_50pct_relative_shortlist_ndcg,2,verified-v3-muon-3e-4,1,resolved,0.5881207142857142,1487928389954313136489889371958835639888759126285698274342097564166942709726638509/2562929889011104560384249274351974598070207949814776426848509567122236552685551616,1245440191232014337282862267717858978081400313198273279609484951516105611117249448388942914592373705793350391485/2147169913128640584139722362857634046644842500283784946051852667209232166675085155161972191540307146949112365056
B0_original,True,random_50pct_relative_shortlist_ndcg,2,verified-v3-muon-3e-4,2,resolved,0.5927621428571428,6048023402234706043691557105371693973520683173413147102438415312468699083378738045/10251719556044418241536997097407898392280831799259105707394038268488946210742206464,2535048418421933439601373884174019746055585967719543944225996313486282010139262577642296136270455748052056307297/4294339826257281168279444725715268093289685000567569892103705334418464333350170310323944383080614293898224730112
B0_original,True,random_50pct_relative_shortlist_ndcg,2,verified-v3-muon-3e-4,3,resolved,0.5912535714285714,4055358582757683535624396030308085519623806238150701816226405132733611655075209149/6834479704029612161024664731605265594853887866172737138262692178992630807161470976,1272896173567619881687347592057010742487294882439118932292555955548772660265901725178506547789490636610971075705/2147169913128640584139722362857634046644842500283784946051852667209232166675085155161972191540307146949112365056
B0_original,True,random_50pct_relative_shortlist_ndcg,2,verified-v3-muon-3e-4,4,resolved,0.591362142857143,3058601005332394988592802539161050723023528550882597897448927351260968122012708029/5125859778022209120768498548703949196140415899629552853697019134244473105371103232,852253032369898544479574298792345530027475923539904758528398822809288932037505655897541950261923119517626300117/1431446608752427056093148241905089364429895000189189964034568444806154777783390103441314794360204764632741576704
B0_original,True,random_50pct_relative_shortlist_ndcg,2,verified-v3-muon-3e-4,5,resolved,0.5924307142857143,12294458431620710994246482494126026252447759182168806737517633392670206562481594921/20503439112088836483073994194815796784561663598518211414788076536977892421484412928,2569448728308710957178183536351841429222573394523093409531683311764644228912581168253123287336279948089167433331/4294339826257281168279444725715268093289685000567569892103705334418464333350170310323944383080614293898224730112
B0_original,True,random_50pct_relative_shortlist_ndcg,2,verified-v3-normuon-3e-4,1,resolved,0.5875385714285715,5955364690016239980163331175776704770104434509106615299716389312778292413065321897/10251719556044418241536997097407898392280831799259105707394038268488946210742206464,25980013079604513667757297791531459875072297809283656812752466977370758350193559157809093657416199771536517693/44732706523513345502910882559534042638434218755912186376080263900192336805730940732541087323756398894773174272
B0_original,True,random_50pct_relative_shortlist_ndcg,2,verified-v3-normuon-3e-4,2,resolved,0.5912428571428572,3025789751377919234143213136561030596968436610235174814260198247092196741874047357/5125859778022209120768498548703949196140415899629552853697019134244473105371103232,421904748603335424763302748332353505468758085089837107633455724732154188415559784885245119938075555417657931479/715723304376213528046574120952544682214947500094594982017284222403077388891695051720657397180102382316370788352
B0_original,True,random_50pct_relative_shortlist_ndcg,2,verified-v3-normuon-3e-4,3,resolved,0.5915221428571428,4057672125513619144951712890088897362711720009667678372535756312444970859442556075/6834479704029612161024664731605265594853887866172737138262692178992630807161470976,2542456116823665096959246025832525500124051999736660098891271542602782709968481581147345958326019377184284622217/4294339826257281168279444725715268093289685000567569892103705334418464333350170310323944383080614293898224730112
B0_original,True,random_50pct_relative_shortlist_ndcg,2,verified-v3-normuon-3e-4,4,resolved,0.5907228571428572,6120618381936290718553928552998752927116097789125350324953603117108333301861639727/10251719556044418241536997097407898392280831799259105707394038268488946210742206464,2562103233746156361641775725026188279491875641821441429463958855626508303505493503920036782888271752437033477183/4294339826257281168279444725715268093289685000567569892103705334418464333350170310323944383080614293898224730112
B0_original,True,random_50pct_relative_shortlist_ndcg,2,verified-v3-normuon-3e-4,5,resolved,0.5936371428571429,12301239447392570393529290728579290425125939137048408733596342069575116966853061875/20503439112088836483073994194815796784561663598518211414788076536977892421484412928,429253910972990619631690435026418134968490974653769981188303402289308281324212422019632849579477810479185657057/715723304376213528046574120952544682214947500094594982017284222403077388891695051720657397180102382316370788352
B0_original,True,random_50pct_relative_shortlist_ndcg,3,verified-v3-adamw-1e-5,1,resolved,0.5820728571428572,9692986450682957977087817395884142158443579213000460854901959437304123074440062221/17064692443726336429870419195803398225135499716790759700326108987869759991143464960,129716410420147934425626186590742554410340923357064308545783229988198112066260857944131665824517814176730054741/229064021171297518468835838400684599874549463903438602265438813803955709640076692199979365134893808480954613760
B0_original,True,random_50pct_relative_shortlist_ndcg,3,verified-v3-adamw-1e-5,2,resolved,0.585075,2466446882792172449065177769840717196821765616399336274209474234455954331242732239/4266173110931584107467604798950849556283874929197689925081527246967439997785866240,1342820794558085212370021575785669106265457140069847917255261390314883301227070038380577602630041651228906040957/2319273214359387374496962863806931573729813322022315847937567989765051560105776508524791071990799810869665464320
B0_original,True,random_50pct_relative_shortlist_ndcg,3,verified-v3-adamw-1e-5,3,resolved,0.5896428571428572,3729626920440543065289512608072331290091952840867224439351519153872244509847592501/6399259666397376161201407198426274334425812393796534887622290870451159996678799360,16224915857848904360707821897076541203653207764521118376920994419007816957270174542992809932731889658456632216179/27831278572312648493963554365683178884757759864267790175250815877180618721269318102297492863889597730435985571840
B0_original,True,random_50pct_relative_shortlist_ndcg,3,verified-v3-adamw-1e-5,4,resolved,0.587965,1874025405621799658226978520483672160012545647207468720531583315029010430242177643/3199629833198688080600703599213137167212906196898267443811145435225579998339399680,2042818581652669342982691005805951900547083910476486563388232026227376084579733606065556826217339818029538171393/3478909821539081061745444295710397360594719983033473771906351984647577340158664762787186607986199716304498196480
B0_original,True,random_50pct_relative_shortlist_ndcg,3,verified-v3-adamw-1e-5,5,resolved,0.58863,15060974387696338402810324874319238910384807280552131299720528969045264649566799329/25597038665589504644805628793705097337703249575186139550489163481804639986715197440,16421831962529973932348602154400518079243876623726617051493379693707595760748895384593162061770021365190007502579/27831278572312648493963554365683178884757759864267790175250815877180618721269318102297492863889597730435985571840
B0_original,True,random_50pct_relative_shortlist_ndcg,3,verified-v3-muon-1e-3,1,resolved,0.5818585714285714,548523050290599331392873867239624145761239510886543820035833839117719370999832493/948038469095907579437245510877966568063083317599486650018117165992764443952414720,5341832107073760152030143510970700523596787206765431142499630592952584136512702443368729098063362088777222566477/9277092857437549497987851455227726294919253288089263391750271959060206240423106034099164287963199243478661857280
B0_original,True,random_50pct_relative_shortlist_ndcg,3,verified-v3-muon-1e-3,2,resolved,0.5876692857142858,3313775742856354602481301635439463082125469301993022524169911824679085029562796703/5688230814575445476623473065267799408378499905596919900108702995956586663714488320,10821760526865868849072617209189769443159372582341522895462839821575942572020126787493827833031139590200851321989/18554185714875098995975702910455452589838506576178526783500543918120412480846212068198328575926398486957323714560
B0_original,True,random_50pct_relative_shortlist_ndcg,3,verified-v3-muon-1e-3,3,resolved,0.5850171428571428,29923517839217047209575997809255197588044229430909050509425254308264993701806059467/51194077331179009289611257587410194675406499150372279100978326963609279973430394880,32729414188510912394526478202085180261583241340905097387391103391826405370153207843819513735908797013216847094257/55662557144625296987927108731366357769515519728535580350501631754361237442538636204594985727779195460871971143680
B0_original,True,random_50pct_relative_shortlist_ndcg,3,verified-v3-muon-1e-3,4,resolved,0.5885692857142857,30015726735611694533998932015210080193428752809187930775802336021801689231328371747/51194077331179009289611257587410194675406499150372279100978326963609279973430394880,32286545500300188045181072351638508365129683959351860316575671123001376292677918248756682415753656906272535935437/55662557144625296987927108731366357769515519728535580350501631754361237442538636204594985727779195460871971143680
B0_original,True,random_50pct_relative_shortlist_ndcg,3,verified-v3-muon-1e-3,5,resolved,0.5919135714285714,30142652663294341530677868313714226265693410084511401039814972068739717989252864117/51194077331179009289611257587410194675406499150372279100978326963609279973430394880,32824203203581434975618142495394160257434994146019334737327686204417387239145492535454911344598930490960945119957/55662557144625296987927108731366357769515519728535580350501631754361237442538636204594985727779195460871971143680
B0_original,True,random_50pct_relative_shortlist_ndcg,3,verified-v3-normuon-1e-3,1,resolved,0.5852614285714285,246710368187178152412138667301324557547299062662174110674281993258516619152882983/426617311093158410746760479895084955628387492919768992508152724696743999778586624,44931287253436940292940491581024130970035997643183738934083683281664463405783595711019196612642075866577375741/77309107145312912483232095460231052457660444067410528264585599658835052003525883617493035733026660362322182144
B0_original,True,random_50pct_relative_shortlist_ndcg,3,verified-v3-normuon-1e-3,2,resolved,0.5920957142857143,1987219779017094446011907320612023879934326969600122605655892867339727249839048911/3412938488745267285974083839160679645027099943358151940065221797573951998228692992,2158658331575751567480788867324097163895767365975561191346404198399844208904111357685989403543799727558075055955/3710837142975019799195140582091090517967701315235705356700108783624082496169242413639665715185279697391464742912
B0_original,True,random_50pct_relative_shortlist_ndcg,3,verified-v3-normuon-1e-3,3,resolved,0.5850342857142856,5981307219427765622484227476972669838871757459493746137648786686826751807381655761/10238815466235801857922251517482038935081299830074455820195665392721855994686078976,6528457945545779694056759627622608146265243883978913986968076562520264825093257075785016384975249678223158935703/11132511428925059397585421746273271553903103945707116070100326350872247488507727240918997145555839092174394228736
B0_original,True,random_50pct_relative_shortlist_ndcg,3,verified-v3-normuon-1e-3,4,resolved,0.5896921428571428,5999553771446281998499474753228451745355187115086777146293306744812964797052323017/10238815466235801857922251517482038935081299830074455820195665392721855994686078976,6514597189155828955715693722380183081849246416940620754383928010138946261570678728050043443195646670642853595699/11132511428925059397585421746273271553903103945707116070100326350872247488507727240918997145555839092174394228736
B0_original,True,random_50pct_relative_shortlist_ndcg,3,verified-v3-normuon-1e-3,5,resolved,0.5914471428571428,6024871928895066333021223491644578910303967958928579737907282667647683466570074291/10238815466235801857922251517482038935081299830074455820195665392721855994686078976,6541552554616983392073586533095277695407711026383267171547237110526263232750455548400596841222015993796461636953/11132511428925059397585421746273271553903103945707116070100326350872247488507727240918997145555839092174394228736
B0_original,True,random_50pct_relative_shortlist_ndcg,4,verified-v3-adamw-3e-5,1,resolved,0.5857735714285714,33127222193821690732505428307319754868198920020113802037085125700132838330917351/56267347267610292909446216397867755510663558768048503412607818672403455403884544,909526258734884751163797447662413425506372287432952403822220401201689659474274275931132695772631432071607841237/1543556584390589930101674981290212889360931424065756025493837570004150024659812019647819075955987900628348174336
B0_original,True,random_50pct_relative_shortlist_ndcg,4,verified-v3-adamw-3e-5,2,resolved,0.5897585714285715,22391467061744706316328844453505130411562594768024717904714633669515096313548459/37511564845073528606297477598578503673775705845365668941738545781602303602589696,230398758562441979082992897938030180172566425602545585694071448897828448224426404816407239933206132904330103193/385889146097647482525418745322553222340232856016439006373459392501037506164953004911954768988996975157087043584
B0_original,True,random_50pct_relative_shortlist_ndcg,4,verified-v3-adamw-3e-5,3,resolved,0.5879642857142857,707397474077313041913399376579911021178786649917941879982162542414945718686854591/1181614292619816151098370544355222865723934734129018571664764192120472563481575424,25693492386524412956640859807696264691243024868181516755302983368670656541552339916358747010747512921914292377/42876571788627498058379860591394802482248095112937667374828821389004167351661444990217196554332997239676338176
B0_original,True,random_50pct_relative_shortlist_ndcg,4,verified-v3-adamw-3e-5,4,resolved,0.58876,1418608911522352677738771815234906945665255688068292513972622217012375542687511435/2363228585239632302196741088710445731447869468258037143329528384240945126963150848,51476719264625899312477554462871280463987512441817265559839951921909082207919119684438197055155948214197215161/85753143577254996116759721182789604964496190225875334749657642778008334703322889980434393108665994479352676352
B0_original,True,random_50pct_relative_shortlist_ndcg,4,verified-v3-adamw-3e-5,5,resolved,0.5892628571428571,1422043533712926903643782345229643385246583223139139549204713299316872627389400381/2363228585239632302196741088710445731447869468258037143329528384240945126963150848,927736542705990642936689596505366145707504761010820914194773287048555877357259929705127128168399310563863842345/1543556584390589930101674981290212889360931424065756025493837570004150024659812019647819075955987900628348174336
B0_original,True,random_50pct_relative_shortlist_ndcg,4,verified-v3-muon-3e-3,1,resolved,0.5424921428571429,18446202405770167689556570592615407194311181514891929066399386597385728832409051/32822619239439337530510292898756190714553742614694960324021227558902015652265984,867722307413853684054102323137301887004777698093969490655180981018481177646562901222135312021384757014000006675/1543556584390589930101674981290212889360931424065756025493837570004150024659812019647819075955987900628348174336
B0_original,True,random_50pct_relative_shortlist_ndcg,4,verified-v3-muon-3e-3,2,resolved,0.5378814285714285,430555886563425848238243118677943093213094804791683024381594254029553383890349445/787742861746544100732247029570148577149289822752679047776509461413648375654383616,843672007553883148238836652472314194281024056043304152307168188599786341593767745513038071986307858769009590771/1543556584390589930101674981290212889360931424065756025493837570004150024659812019647819075955987900628348174336
B0_original,True,random_50pct_relative_shortlist_ndcg,4,verified-v3-muon-3e-3,3,resolved,0.5432642857142858,158836976238956438045506898155738813822284056820648396788745938103257940370812425/295403573154954037774592636088805716430983683532254642916191048030118140870393856,277082873520127396798271853902698659958090836903175275847615652493228281235292945366083687269697525859653898847/514518861463529976700558327096737629786977141355252008497945856668050008219937339882606358651995966876116058112
B0_original,True,random_50pct_relative_shortlist_ndcg,4,verified-v3-muon-3e-3,4,resolved,0.5483742857142857,1264546060102756145104734452071342008422623694281049046985650390773538787155588421/2363228585239632302196741088710445731447869468258037143329528384240945126963150848,69143864730365331110865119131487001999350792709721473358689843305884627121890725621130565325228548142742760459/128629715365882494175139581774184407446744285338813002124486464167012502054984334970651589662998991719029014528
B0_original,True,random_50pct_relative_shortlist_ndcg,4,verified-v3-muon-3e-3,5,resolved,0.5571792857142858,115096551141122436246682127915021907526322941518924303735645410944958457260778901/214838962294512027472431008064585975586169951659821558484502580385540466087559168,413424582276617983066520599261102854072641035957398830501837394705083522895203766106184854178207855204001862139/771778292195294965050837490645106444680465712032878012746918785002075012329906009823909537977993950314174087168
B0_original,True,random_50pct_relative_shortlist_ndcg,4,verified-v3-normuon-3e-3,1,resolved,0.5348342857142857,21091262733418552533106648241824374599805225489542547542032625417864934603264799/37511564845073528606297477598578503673775705845365668941738545781602303602589696,869322577906068849778413123459964319301809607436363932909523678467412572478380694137566909077896061120581924745/1543556584390589930101674981290212889360931424065756025493837570004150024659812019647819075955987900628348174336
B0_original,True,random_50pct_relative_shortlist_ndcg,4,verified-v3-normuon-3e-3,2,resolved,0.5396864285714286,53844312068325509195406982142237966877433248951828660614512719782498282835830449/98467857718318012591530878696268572143661227844084880972063682676706046956797952,422168781207452035364288601803605697234515525239881389126171876352172191575932332230663241232688669981302852809/771778292195294965050837490645106444680465712032878012746918785002075012329906009823909537977993950314174087168
B0_original,True,random_50pct_relative_shortlist_ndcg,4,verified-v3-normuon-3e-3,3,resolved,0.5446657142857143,16508894592320144462754886087427497523570122360309460892226792258687415273581589/30691280327787432496061572580655139369452850237117365497786082912220066583937024,277941854579763979123950054272116927582915739787603205717291015494322429805818569451606056867836150679112310629/514518861463529976700558327096737629786977141355252008497945856668050008219937339882606358651995966876116058112
B0_original,True,random_50pct_relative_shortlist_ndcg,4,verified-v3-normuon-3e-3,4,resolved,0.5518028571428572,90358349730694412176626851639755136706490224277685192810143814593803727014465377/168802041802830878728338649193603266531990676304145510237823456017210366211653632,276061691231729239464888168846400642720597727379402887799027800609978786106313818662771388251215211048666972389/514518861463529976700558327096737629786977141355252008497945856668050008219937339882606358651995966876116058112
B0_original,True,random_50pct_relative_shortlist_ndcg,4,verified-v3-normuon-3e-3,5,resolved,0.5584957142857143,79156185843650824910451545496203439709544897685738881570233436190440648686569479/147701786577477018887296318044402858215491841766127321458095524015059070435196928,829406248872154590369309655006156413544469486939152383070095696232253404026213719464594722819419639660277033439/1543556584390589930101674981290212889360931424065756025493837570004150024659812019647819075955987900628348174336
B1_raw_rate,False,margin_helpful_mass_share,1,verified-v3-adamw-1e-6,1,resolved,0.5425692857142858,130224372348772038478581814590100946882861204679283096887181137322758128715658129/233011145687479238354158943970038900104151402662089270191925086032799790362787840,1190608211334160934662100738583724095988896263937281009671727849199309588478281281676345115267388800260579256803272504102929990593054271146999589/2129180257981700628514731188654558483001805689476919470829836472670811960182931448942556275692226385596506497136157162691879299343444304398909440
B1_raw_rate,False,margin_helpful_mass_share,1,verified-v3-adamw-1e-6,2,resolved,0.55545,131241558464438238095028142771596823211778010229488801008484946345150687105976139/233011145687479238354158943970038900104151402662089270191925086032799790362787840,400089831826399107267286898137145351622729709667016833194125315405246197612593174577442627905673052220339849823670286590588782877406214560454583/709726752660566876171577062884852827667268563158973156943278824223603986727643816314185425230742128532168832378719054230626433114481434799636480
B1_raw_rate,False,margin_helpful_mass_share,1,verified-v3-adamw-1e-6,3,resolved,0.5608178571428571,43818716877949187064045844890233083240088764275182086599257266193069355068701663/77670381895826412784719647990012966701383800887363090063975028677599930120929280,3604604877927359767431093297366658106994463031471640453246017647427269641266892584928817228686936269355824980529946806058321080284728701795336047/6387540773945101885544193565963675449005417068430758412489509418012435880548794346827668827076679156789519491408471488075637898030332913196728320
B1_raw_rate,False,margin_helpful_mass_share,1,verified-v3-adamw-1e-6,4,resolved,0.5633707142857143,132008387049126888828480683548976521817963766471388986869711569087888013184453769/233011145687479238354158943970038900104151402662089270191925086032799790362787840,3620505441935716129691005804198687812342028650731350555641590937532286773333254019879356491740150036687133165215355677473357716665147262344591487/6387540773945101885544193565963675449005417068430758412489509418012435880548794346827668827076679156789519491408471488075637898030332913196728320
B1_raw_rate,False,margin_helpful_mass_share,1,verified-v3-adamw-1e-6,5,resolved,0.5649535714285714,14739932700005600723416527382205684538140086472103981515373167677230398609794181/25890127298608804261573215996670988900461266962454363354658342892533310040309760,3637529447675130749055795087735196904364056702087985717927806492178555858097268897555631779973914431028454783175848852278026873612617775203414767/6387540773945101885544193565963675449005417068430758412489509418012435880548794346827668827076679156789519491408471488075637898030332913196728320
B1_raw_rate,False,margin_helpful_mass_share,1,verified-v3-muon-1e-4,1,resolved,0.5822957142857142,134470182481516030299122335383426868070045588820917241450206787152518694212101361/233011145687479238354158943970038900104151402662089270191925086032799790362787840,1844108670682545854855994738833463105043268965040335087521269212217413065285133315770093153927965355359952422284889567504230433145188140930073689/3193770386972550942772096782981837724502708534215379206244754709006217940274397173413834413538339578394759745704235744037818949015166456598364160
B1_raw_rate,False,margin_helpful_mass_share,1,verified-v3-muon-1e-4,2,resolved,0.5879385714285714,135487368597182229915568663564922744398962394371122945571510596174911252602419371/233011145687479238354158943970038900104151402662089270191925086032799790362787840,1858396790035219971259823859116931857427823777313476145031846900922720094316485854061253011070831366082700114985401946104479116199443276677782429/3193770386972550942772096782981837724502708534215379206244754709006217940274397173413834413538339578394759745704235744037818949015166456598364160
B1_raw_rate,False,margin_helpful_mass_share,1,verified-v3-muon-1e-4,3,resolved,0.58963,45233986922197184337559351821341723635816892322393468120265816136322876900849407/77670381895826412784719647990012966701383800887363090063975028677599930120929280,620355887720144998189499874132660391929941409211319804619807127576027926151042121758473675239447582261114678577637705214644993917253289572974943/1064590128990850314257365594327279241500902844738459735414918236335405980091465724471278137846113192798253248568078581345939649671722152199454720
B1_raw_rate,False,margin_helpful_mass_share,1,verified-v3-muon-1e-4,4,resolved,0.5903421428571428,136254197181870880649021204342302443005148150613023131432737218917648578680897001/233011145687479238354158943970038900104151402662089270191925086032799790362787840,1867867726056006273185910950339389153616781901979772559054548685945154679183022561950980765685169426303546219828656182267158942014264783473020049/3193770386972550942772096782981837724502708534215379206244754709006217940274397173413834413538339578394759745704235744037818949015166456598364160
B1_raw_rate,False,margin_helpful_mass_share,1,verified-v3-muon-1e-4,5,resolved,0.5910157142857143,45635068144264799443763089077725694010148387463523326067128052974944717661530287/77670381895826412784719647990012966701383800887363090063975028677599930120929280,1877144194244122741195533655529699845731496494636300380918228036845841545829191979100881764136308140575857460352222150037016951527843745165436689/3193770386972550942772096782981837724502708534215379206244754709006217940274397173413834413538339578394759745704235744037818949015166456598364160
B1_raw_rate,False,margin_helpful_mass_share,1,verified-v3-normuon-1e-4,1,resolved,0.5801178571428572,67307746551777788335802341046343877212218778561782634042391037349327160790812853/116505572843739619177079471985019450052075701331044635095962543016399895181393920,923299569945298386715199888187092572517705877549773385566673475607782935464807896601770594066092013287416534279219591404724660668011687344373047/1596885193486275471386048391490918862251354267107689603122377354503108970137198586706917206769169789197379872852117872018909474507583228299182080
B1_raw_rate,False,margin_helpful_mass_share,1,verified-v3-normuon-1e-4,2,resolved,0.5869142857142856,33908169804805444072012752568545907688338590668442743051521470930261719992985929/58252786421869809588539735992509725026037850665522317547981271508199947590696960,930166077822544016133911177366178750551874202998700627477949855682679286151944341166029168794825075994880867467476970724225681119325372107614917/1596885193486275471386048391490918862251354267107689603122377354503108970137198586706917206769169789197379872852117872018909474507583228299182080
B1_raw_rate,False,margin_helpful_mass_share,1,verified-v3-normuon-1e-4,3,resolved,0.5895821428571428,22641211898105183230860067028881009543640440878304738499228789325850709678678761/38835190947913206392359823995006483350691900443681545031987514338799965060464640,310538357233293189385851232494451233142257815158416907628950018352393931426286037206583001564510617757744204236261052934675102316774745769277039/532295064495425157128682797163639620750451422369229867707459118167702990045732862235639068923056596399126624284039290672969824835861076099727360
B1_raw_rate,False,margin_helpful_mass_share,1,verified-v3-normuon-1e-4,4,resolved,0.5898942857142858,68199753901955213510751775525781664679770059457835579033656253231892103025210673/116505572843739619177079471985019450052075701331044635095962543016399895181393920,935158077791128512032066863438192969509566547024541327195875692927238122378456742410998106803124363034245276161583868240240258044931026037712477/1596885193486275471386048391490918862251354267107689603122377354503108970137198586706917206769169789197379872852117872018909474507583228299182080
B1_raw_rate,False,margin_helpful_mass_share,1,verified-v3-normuon-1e-4,5,resolved,0.5909735714285714,22841752509138990783961935657072994730806188448869667472659907745161630059019201/38835190947913206392359823995006483350691900443681545031987514338799965060464640,939379783502363508582736124494377496045774755476042163774767652691328073667730849580122664537146165845614800417363945616030872131455572828638297/1596885193486275471386048391490918862251354267107689603122377354503108970137198586706917206769169789197379872852117872018909474507583228299182080
B1_raw_rate,False,margin_helpful_mass_share,2,verified-v3-adamw-3e-6,1,resolved,0.5644085714285715,31183576763943463691757900085230975085311098677666359658291194868123315684043397381821517297554743926265004640191/55142763619365545738073990462216406258743188044747189783731509563070997567722658311315731069558980391294740725760,15851253196000631706824035909583755151093276879211881730159757404516476506616841001580232284952361922301668617147518345203459412261831177638269261210149341936757677187082959427/28022789309957385922179765999691953920549059453362221255044510152102161230054194543882880018220616371158537251372802170112793392756014855958752548196672666228602992657201889280
B1_raw_rate,False,margin_helpful_mass_share,2,verified-v3-adamw-3e-6,2,resolved,0.5754778571428572,15730238294549543980119676280343210978186745982091038352368790068521596366821784971673430632400526232179924288093/27571381809682772869036995231108203129371594022373594891865754781535498783861329155657865534779490195647370362880,762100009515830168031314745054495533281501113833856970649051546708638304128659083921537155461563137639634572810897567283520816293913926265442160824828473196817927696827526057/1334418538569399329627607904747235900978526640636296250240214769147721963335914025899184762772410303388501773874895341433942542512191183617083454676032031725171571078914375680
B1_raw_rate,False,margin_helpful_mass_share,2,verified-v3-adamw-3e-6,3,resolved,0.5815735714285715,10513680639103635226416027962527727557496276545147246775049408026916473514083276571273740924927762428100139484427/18380921206455181912691330154072135419581062681582396594577169854356999189240886103771910356519660130431580241920,16034286845663735774816544667529856962268359499405831052766277598481155433866714814278518022824435665828768918404094512289944033204488375801975401838233656204404849851712197977/28022789309957385922179765999691953920549059453362221255044510152102161230054194543882880018220616371158537251372802170112793392756014855958752548196672666228602992657201889280
B1_raw_rate,False,margin_helpful_mass_share,2,verified-v3-adamw-3e-6,4,resolved,0.5840192857142857,15841447244258408625327246895171378430204506126087658520059006334378037807118420735261269615326861294483227682683/27571381809682772869036995231108203129371594022373594891865754781535498783861329155657865534779490195647370362880,5367440120857546024996003228441730231074349705281825921840379191111622847506394338161728217560182391945738447540987721192542697219581460644498068725240480251674467518267571249/9340929769985795307393255333230651306849686484454073751681503384034053743351398181294293339406872123719512417124267390037597797585338285319584182732224222076200997552400629760
B1_raw_rate,False,margin_helpful_mass_share,2,verified-v3-adamw-3e-6,5,resolved,0.5834164285714286,31836685905687303819356229113313258888034966664177734873181474521523241227267651037533238913050605609146807563251/55142763619365545738073990462216406258743188044747189783731509563070997567722658311315731069558980391294740725760,16175154458145963578457506179342102181746018717943472047309767568473185208522259767466632422661271002915058177183289680477479914202935207508773186732359917292452283700243000397/28022789309957385922179765999691953920549059453362221255044510152102161230054194543882880018220616371158537251372802170112793392756014855958752548196672666228602992657201889280
B1_raw_rate,False,margin_helpful_mass_share,2,verified-v3-muon-3e-4,1,resolved,0.5881207142857142,92734900904937342077943148380727437056849526356525086996751562320841971009666295766166746153117785845671495939762910022739559383392769557217806353/157713277070061300606381996990453549278565380026682743527400433246874829791895527910737712327183923126129127893924857579833459623486246319879618560,510840762797761887416053060865172274425166067943018305805218735604561585152678073470473852651476039922522619117764431201941308443328990072922080530703410158659628015442984030277/868706468608678963587572745990450571537020843054228858906379814715166998131680030860369280564839107505914654792556867273496595175436460534721328994096852653086692772373258567680
B1_raw_rate,False,margin_helpful_mass_share,2,verified-v3-muon-3e-4,2,resolved,0.5927621428571428,46763429688718663705544843403357607346651777401621953952334779162133673349791814543584434285172410653332519216809976693779355597244502358831224849/78856638535030650303190998495226774639282690013341371763700216623437414895947763955368856163591961563064563946962428789916729811743123159939809280,57238005893879762357135602727530835836277151840571836524039728000902824582914164481612955158802698677896531870003069767157764416535376889440001184704322873084037488274817732163/96522940956519884843063638443383396837446760339358762100708868301685222014631114540041031173871011945101628310284096363721843908381828948302369888232983628120743641374806507520
B1_raw_rate,False,margin_helpful_mass_share,2,verified-v3-muon-3e-4,3,resolved,0.5912535714285714,31252427827335796090925607017731415150305280544428637299399777416991429218025092944850358565835738480171306869241755753301258086572375985001072381/52571092356687100202127332330151183092855126675560914509133477748958276597298509303579237442394641042043042631308285859944486541162082106626539520,516651113701597496926007061254160304464314294222799113314296402762529308104543107953794664835473844114094975367221895777265347149110791058611454581385228855899001932980990820007/868706468608678963587572745990450571537020843054228858906379814715166998131680030860369280564839107505914654792556867273496595175436460534721328994096852653086692772373258567680
B1_raw_rate,False,margin_helpful_mass_share,2,verified-v3-muon-3e-4,4,resolved,0.591362142857143,47081497314403371492802050879561679895413287897894671660553831930051767499142881735443278024160856862571092515464550164777672269895629643715412139/78856638535030650303190998495226774639282690013341371763700216623437414895947763955368856163591961563064563946962428789916729811743123159939809280,172942559869473112668972571164289462983887485747451196880226312063968908185907649869221387688309663055726078466611989190798131960792751436402191757133510122996498564597758632599/289568822869559654529190915330150190512340281018076286302126604905055666043893343620123093521613035835304884930852289091165531725145486844907109664698950884362230924124419522560
B1_raw_rate,False,margin_helpful_mass_share,2,verified-v3-muon-3e-4,5,resolved,0.5924307142857143,94602851951784444705964519175807719990896390763770293702268293688463667686951745690200889274961943902572505829007264193051899720612525265264391213/157713277070061300606381996990453549278565380026682743527400433246874829791895527910737712327183923126129127893924857579833459623486246319879618560,521237224844461220112705884984282794311838864007304829076030194966245192092414049686319231704485795478024187078010885180590431583345572232504262920946155590080083817815642188227/868706468608678963587572745990450571537020843054228858906379814715166998131680030860369280564839107505914654792556867273496595175436460534721328994096852653086692772373258567680
B1_raw_rate,False,margin_helpful_mass_share,2,verified-v3-normuon-3e-4,1,resolved,0.5875385714285715,92772038240307794478337667997164964596426048959992799732583899940943940378737029583955612063648759566617499897111409923960545405064846800612263049/157713277070061300606381996990453549278565380026682743527400433246874829791895527910737712327183923126129127893924857579833459623486246319879618560,255469695893222672120070517501734836554773789796995560603205037351152135956626508588364688191916691077756132451603471057101198568289874490239604978271169937001792899368310078183/434353234304339481793786372995225285768510421527114429453189907357583499065840015430184640282419553752957327396278433636748297587718230267360664497048426326543346386186629283840
B1_raw_rate,False,margin_helpful_mass_share,2,verified-v3-normuon-3e-4,2,resolved,0.5912428571428572,46781998356403889905742103211576371116440038703355810320250947972184658034327181452478867240437897513805521195484226644389848608080540980528453197/78856638535030650303190998495226774639282690013341371763700216623437414895947763955368856163591961563064563946962428789916729811743123159939809280,85926642864399085385271342324441941934625344679171981790388130884719484998693173670263945095210857590885571662385139432473713432094910964656915715526203459213066458687460804861/144784411434779827264595457665075095256170140509038143151063302452527833021946671810061546760806517917652442465426144545582765862572743422453554832349475442181115462062209761280
B1_raw_rate,False,margin_helpful_mass_share,2,verified-v3-normuon-3e-4,3,resolved,0.5915221428571428,10421602313041982297019037852181308110054707137417069403781296652341806335905112516926660178670909906828880507230418573458306697932133910933074871/17523697452229033400709110776717061030951708891853638169711159249652758865766169767859745814131547014014347543769428619981495513720694035542179840,258443513034756890310160643230688349802078129471596367098252831934117229592844825050378998013874268985642331157704301103166968880501876241173550150476731175473390882175540971953/434353234304339481793786372995225285768510421527114429453189907357583499065840015430184640282419553752957327396278433636748297587718230267360664497048426326543346386186629283840
B1_raw_rate,False,margin_helpful_mass_share,2,verified-v3-normuon-3e-4,4,resolved,0.5907228571428572,47100065982088597692999310687780443665201549199628528028470000740102752183678248644337710979426343723044094494138800115388165280731668265412640487/78856638535030650303190998495226774639282690013341371763700216623437414895947763955368856163591961563064563946962428789916729811743123159939809280,86527720861512453769035217503595685527335449261735843856773823432237415175183780041520116578673275685941144656920000543436838374507122380415834577660280256764709143037323930551/144784411434779827264595457665075095256170140509038143151063302452527833021946671810061546760806517917652442465426144545582765862572743422453554832349475442181115462062209761280
B1_raw_rate,False,margin_helpful_mass_share,2,verified-v3-normuon-3e-4,5,resolved,0.5936371428571429,94639989287154897106359038792245247530472913367238006438100631308565637056022479507989755185492917623518509786355764094272885742284602508658847909/157713277070061300606381996990453549278565380026682743527400433246874829791895527910737712327183923126129127893924857579833459623486246319879618560,16286564900391985950068903925954271082056392851956242457705728981565492517957974544594400556999567119473354001695722137442652806374931777570472653819973653879313695729351856453/27147077144021217612111648312201580360531901345444651840824369209848968691615000964386540017651222109559832962267402102296768599232389391710041531065526645408959149136664330240
B1_raw_rate,False,margin_helpful_mass_share,3,verified-v3-adamw-1e-5,1,resolved,0.5820728571428572,606515719868766024139864361770546270873510534461327578521138793964543187104486514165022064468472694534793560459/1050639470112680070049392183674852760450329216333861488928476520154382339149785622177129239766063147402028646400,186506021141696427432540346391058258156697342684601537983059449397249511530292969095778964157945870917879781341087526026698258117218318275373659754289714242623795394003323656129/323129982087322996299241988656308964000691983629997213154250883488722873115081231959329892785639484388391127674020978313736664163568835308952970896323034605357524842170359480320
B1_raw_rate,False,margin_helpful_mass_share,3,verified-v3-adamw-1e-5,2,resolved,0.585075,1836694096063046482048943935748202995761194178975956301397508413539996002456823169636854034300857966607697006077/3151918410338040210148176551024558281350987649001584466785429560463147017449356866531387719298189442206085939200,62745209836624668181514952641398876022564393480432114570305726783341763192947602368025304708785825024992408227511341985961339307351879937788282802510966657990815133897661121463/107709994029107665433080662885436321333563994543332404384750294496240957705027077319776630928546494796130375891340326104578888054522945102984323632107678201785841614056786493440
B1_raw_rate,False,margin_helpful_mass_share,3,verified-v3-adamw-1e-5,3,resolved,0.5896428571428572,1844805533076825982800324234829932479223730900387948659474762923363934509614199725465775422994314591156117496177/3151918410338040210148176551024558281350987649001584466785429560463147017449356866531387719298189442206085939200,188989184971901476423652422852016652933843018975645268907760962411556873126303441574194984499472191918357434015280277915542659455708561273354907845922650307620141566084123903409/323129982087322996299241988656308964000691983629997213154250883488722873115081231959329892785639484388391127674020978313736664163568835308952970896323034605357524842170359480320
B1_raw_rate,False,margin_helpful_mass_share,3,verified-v3-adamw-1e-5,4,resolved,0.587965,1851240699831266236568078896604616833221952527236166224268129839501473000313084121775500250607119010280402601377/3151918410338040210148176551024558281350987649001584466785429560463147017449356866531387719298189442206085939200,63231909438256533460691453325379335784664387695722117731793329113090433985689567821839128539531447368354336960896885218961968332191980389414093574646728669198306544223753462403/107709994029107665433080662885436321333563994543332404384750294496240957705027077319776630928546494796130375891340326104578888054522945102984323632107678201785841614056786493440
B1_raw_rate,False,margin_helpful_mass_share,3,verified-v3-adamw-1e-5,5,resolved,0.58863,1859196291990312268626266704903409330852911126196049906034878725494169450582778428991463253584407977884320749677/3151918410338040210148176551024558281350987649001584466785429560463147017449356866531387719298189442206085939200,21169739727658115911156449070854385162973330077176604903707524396415309786673029259374887954098944775525212539207157755947745237572864656747014827928889835061745137327420328621/35903331343035888477693554295145440444521331514444134794916764832080319235009025773258876976182164932043458630446775368192962684840981700994774544035892733928613871352262164480
B1_raw_rate,False,margin_helpful_mass_share,3,verified-v3-muon-1e-3,1,resolved,0.5818585714285714,472401229314012893234723613003118276509575655783079892430497230188972300915932326679794915316210388586165182687642514927352869914539658067528781/813118863604823444174021619245144989912996309840595291918072973068028362719743094524692515372526736717438682255644773584935601715277037830144000,93838806510281402597957732716922574219071714902401305044113934908532102708737164360725590111515578245015531871219825479983987177256078309049906344526011350050602662942178034751/161564991043661498149620994328154482000345991814998606577125441744361436557540615979664946392819742194195563837010489156868332081784417654476485448161517302678762421085179740160
B1_raw_rate,False,margin_helpful_mass_share,3,verified-v3-muon-1e-3,2,resolved,0.5876692857142858,1430474174995528175267194884067931285606906016911844252670663483039425557952189884787308400355531378749804018325259136947239769720195851770254593/2439356590814470332522064857735434969738988929521785875754218919204085088159229283574077546117580210152316046766934320754806805145831113490432000,31573368724320407585684006958365988950100534966894438409655896845039072470248923401937276855761726267058668701920772457577141724121310692747995687845848260686982930071557605727/53854997014553832716540331442718160666781997271666202192375147248120478852513538659888315464273247398065187945670163052289444027261472551492161816053839100892920807028393246720
B1_raw_rate,False,margin_helpful_mass_share,3,verified-v3-muon-1e-3,3,resolved,0.5850171428571428,1436751839822016297346931204987091933409855027728866375752630252005930148865886081704640875600624293737455415530505037130603262259892881708869343/2439356590814470332522064857735434969738988929521785875754218919204085088159229283574077546117580210152316046766934320754806805145831113490432000,95161713550475308714504767308473249215313892116440276217857166211497818120585428854220842367930930954615081288491995033478799015314727836741086159474545904894070663577913721351/161564991043661498149620994328154482000345991814998606577125441744361436557540615979664946392819742194195563837010489156868332081784417654476485448161517302678762421085179740160
B1_raw_rate,False,margin_helpful_mass_share,3,verified-v3-muon-1e-3,4,resolved,0.5885692857142857,1441732192861595909310255138934911128069684265441442456217886852246729165006397659338878914046222664409288871469402896703111146786461989875786343/2439356590814470332522064857735434969738988929521785875754218919204085088159229283574077546117580210152316046766934320754806805145831113490432000,31807099689824278327056034301464633191867503231225425573615285892450295122108914966056595625871813683261149106416413188111467816544671814997475617722627464444908947490698690417/53854997014553832716540331442718160666781997271666202192375147248120478852513538659888315464273247398065187945670163052289444027261472551492161816053839100892920807028393246720
B1_raw_rate,False,margin_helpful_mass_share,3,verified-v3-muon-1e-3,5,resolved,0.5919135714285714,1447889245056649247949109919741348237106328324850174996917654814517216647751605140228123186182800561699751386853706837927290927396063332085135593/2439356590814470332522064857735434969738988929521785875754218919204085088159229283574077546117580210152316046766934320754806805145831113490432000,10650062916444341880567736912014334906139348139059577220494730403598634184436215422566872970995143984477562143406539269261080255680680863093923055844350382447170348848063720109/17951665671517944238846777147572720222260665757222067397458382416040159617504512886629438488091082466021729315223387684096481342420490850497387272017946366964306935676131082240
B1_raw_rate,False,margin_helpful_mass_share,3,verified-v3-normuon-1e-3,1,resolved,0.5852614285714285,29507699894200465972586878557225258553099873484079240015228860329101682285910812746491671805739096977054107404816335018105743141037256807776791/50819928975301465260876351202821561869562269365037205744879560816751772669983943407793282210782921044839917640977798349058475107204814864384000,46915087039368194428425909453130104660614225127176269207278667841221057070381776205937566342318502982020725696778292183968003528805655154831564910751955986153783552588939545177/80782495521830749074810497164077241000172995907499303288562720872180718278770307989832473196409871097097781918505244578434166040892208827238242724080758651339381210542589870080
B1_raw_rate,False,margin_helpful_mass_share,3,verified-v3-normuon-1e-3,2,resolved,0.5920957142857143,714820040987555931123597107902694433313486488399204048055078544134694702464055958289761950541188433944952812846757836517128415373182602170477109/1219678295407235166261032428867717484869494464760892937877109459602042544079614641787038773058790105076158023383467160377403402572915556745216000,328522003492703389219941633458075452774616089687331269466282491677504218655797673851065589900108366081411213957137065068881494917599503108061306889482691466248235205286720683/560989552234935757463961785861647506945645804913189606170574450501254988047016027707169952752846327063179041100730865128015041950640339078043352250560823967634591739879096320
B1_raw_rate,False,margin_helpful_mass_share,3,verified-v3-normuon-1e-3,3,resolved,0.5850342857142856,179489718350199998040866317090568689303740248451928777399015482154486749480226014187107047040933722859694627862345196652202540410757779284946121/304919573851808791565258107216929371217373616190223234469277364900510636019903660446759693264697526269039505845866790094350850643228889186304000,47554064513398427323857245934609847196371399885493055933469844767795111630452214618214310276848378887733739933912343973175405544596032945770473685421477938842526295188772719217/80782495521830749074810497164077241000172995907499303288562720872180718278770307989832473196409871097097781918505244578434166040892208827238242724080758651339381210542589870080
B1_raw_rate,False,margin_helpful_mass_share,3,verified-v3-normuon-1e-3,4,resolved,0.5896921428571428,90056131240073724768140904417023044318109451583000393728586278592293313248894980695693400923316759596836904927353714549383012988289458902905373/152459786925904395782629053608464685608686808095111617234638682450255318009951830223379846632348763134519752922933395047175425321614444593152000,5299096336708097533754154663148740929076733107916869850634642124374138546470223023638725211443984199176414169541381380055756865801549024433708582502262856391268190333800533383/8975832835758972119423388573786360111130332878611033698729191208020079808752256443314719244045541233010864657611693842048240671210245425248693636008973183482153467838065541120
B1_raw_rate,False,margin_helpful_mass_share,3,verified-v3-normuon-1e-3,5,resolved,0.5914471428571428,723527576018116467464554625739402909063197642368369420178574209873590247363763586010169343454823025419926497110981687007153994211116342327917609/1219678295407235166261032428867717484869494464760892937877109459602042544079614641787038773058790105076158023383467160377403402572915556745216000,249531690695284380505479793805390351175151462071738397591629350925540836554338895035369032458189578129123973837468162787463155769061416782146526737926488455620378814137109031/420742164176201818097971339396235630209234353684892204627930837875941241035262020780377464564634745297384280825548148846011281462980254308532514187920617975725943804909322240
B1_raw_rate,False,margin_helpful_mass_share,4,verified-v3-adamw-3e-5,1,resolved,0.5857735714285714,5250034302326036265898876854284016739550150992534710038493676189571215917319423066404745480987300207444594157/8833307687247650589947538519773583074893474891608942886334882309132201658060319216768966371721215692305858560,3397252413287456979438632776061755962147522201801262182868927175312266171239925404215455892326800065127616773223984353654331250828478748566782642577682427885553934824315877/5760846711214037549091879226877867203594595808136827811924624277865801593893526373757159807506190707512651348358170217739329834600479225745623451598307493697760653675069440
B1_raw_rate,False,margin_helpful_mass_share,4,verified-v3-adamw-3e-5,2,resolved,0.5897585714285715,5309298085289645664141320184930175042476593824358183080224417682616698418995273730222462137704799816031894557/8833307687247650589947538519773583074893474891608942886334882309132201658060319216768966371721215692305858560,10295974997576970383836927337545571337534480938258547667697438583165292930700870249126830415125687871332448219876675609911785732949981176758997874600830368955877826114945191/17282540133642112647275637680633601610783787424410483435773872833597404781680579121271479422518572122537954045074510653217989503801437677236870354794922481093281961025208320
B1_raw_rate,False,margin_helpful_mass_share,4,verified-v3-adamw-3e-5,3,resolved,0.5879642857142857,1772856985064252867042133869909093401752764061218556133451764443683426020786780107087066100355231839530039709/2944435895749216863315846173257861024964491630536314295444960769710733886020106405589655457240405230768619520,10346730539471836389972482414973556492717994722632539801990791149639731546452920325600393157543825045339736018105901478036018590664591810463022463148146860863209328956912321/17282540133642112647275637680633601610783787424410483435773872833597404781680579121271479422518572122537954045074510653217989503801437677236870354794922481093281961025208320
B1_raw_rate,False,margin_helpful_mass_share,4,verified-v3-adamw-3e-5,4,resolved,0.58876,5330215498104281373441232025480445950966498532097716186424011373780724748634930969592406358275610493217310397/8833307687247650589947538519773583074893474891608942886334882309132201658060319216768966371721215692305858560,10347731710927170244334011196992050853988159055428715907722751206977019671398713158103393164603112864170422990763614180463525954425408155885054220074788383967992893934201501/17282540133642112647275637680633601610783787424410483435773872833597404781680579121271479422518572122537954045074510653217989503801437677236870354794922481093281961025208320
B1_raw_rate,False,margin_helpful_mass_share,4,verified-v3-adamw-3e-5,5,resolved,0.5892628571428571,5342464351430597943408883680427476687407898148645884497090996953332963350509333318779026930979792156853666217/8833307687247650589947538519773583074893474891608942886334882309132201658060319216768966371721215692305858560,10379601549956760928881022669687858159638127229562103116481060747056705402038332071830759427943120850718342964412657848809784634930112175512847106847174526043154264295089091/17282540133642112647275637680633601610783787424410483435773872833597404781680579121271479422518572122537954045074510653217989503801437677236870354794922481093281961025208320
B1_raw_rate,False,margin_helpful_mass_share,4,verified-v3-muon-3e-3,1,resolved,0.5424921428571429,683014935528271039047129846614242339034995939090704294890070304919055644550641092197230276081026643340919427403024533360735887409647694902999/1280402264826176594151930204750150169497585521402563769540892583070673537524033970271767861380161612605519972319298789148280204384948841349120,9139038727109767961119684883063622780164595263295834504765325765531227025522762598904638390154942174892825949133443816009138900357106469619090038190767932166240554066489149/17282540133642112647275637680633601610783787424410483435773872833597404781680579121271479422518572122537954045074510653217989503801437677236870354794922481093281961025208320
B1_raw_rate,False,margin_helpful_mass_share,4,verified-v3-muon-3e-3,2,resolved,0.5378814285714285,2074815950741260876279233418807657595490198492536658982639330222016648812277436973752608958286602496332995132860166500627798427671097835276397/3841206794478529782455790614250450508492756564207691308622677749212020612572101910815303584140484837816559916957896367444840613154846524047360,441176091757562551902403008299538907250670508690909608900113690155985960776427133410766318540534380979351179081379640526789707181442665136946293755401036608371510114136269/822978101602005364155982746696838171942085115448118258846374896837971656270503767679594258215170101073235906908310031105618547800068460820803350228329641956822950525009920
B1_raw_rate,False,margin_helpful_mass_share,4,verified-v3-muon-3e-3,3,resolved,0.5432642857142858,129928018956401060660042645229620457892861176371991842455598683122915206242089566543154879141141254858370472116428298901071081137802081629387/240075424654908111403486913390653156780797285262980706788917359325751288285756369425956474008780302363534994809868522965302538322177907752960,9296154211907520430983398681558743308187559550620520404925532616692898648342099454547600869464984712635949607641877258729895654642557576966031237595465237859575671334429649/17282540133642112647275637680633601610783787424410483435773872833597404781680579121271479422518572122537954045074510653217989503801437677236870354794922481093281961025208320
B1_raw_rate,False,margin_helpful_mass_share,4,verified-v3-muon-3e-3,4,resolved,0.5483742857142857,231545776600235835195037593265810916383063847617680304891696509196808904573823365502783123923175023898021751426501813434161119104194826629493/426800754942058864717310068250050056499195173800854589846964194356891179174677990090589287126720537535173324106432929716093401461649613783040,3101491343484363630952249392865076646454341465302451899519393731861448753971871550593347252047682371927128196539489476443908274555475334921432786608748691302473576786629103/5760846711214037549091879226877867203594595808136827811924624277865801593893526373757159807506190707512651348358170217739329834600479225745623451598307493697760653675069440
B1_raw_rate,False,margin_helpful_mass_share,4,verified-v3-muon-3e-3,5,resolved,0.5571792857142858,232137606980422148501341433835503110202725567733891452719474058106542516211149192692399718011517420143779146231610215054048908650906918032623/426800754942058864717310068250050056499195173800854589846964194356891179174677990090589287126720537535173324106432929716093401461649613783040,1037521264508621518470785854986575218751798224124072894803550429807738574296755036046015285740848920328241247227750742293969393964281368118962701186992310095019645785709491/1920282237071345849697293075625955734531531936045609270641541425955267197964508791252386602502063569170883782786056739246443278200159741915207817199435831232586884558356480
B1_raw_rate,False,margin_helpful_mass_share,4,verified-v3-normuon-3e-3,1,resolved,0.5348342857142857,1384395939302657827360806544608244246140387872704452751802487369802724367168596443127562591550878905564191332837089854202624604611012352047261/2560804529652353188303860409500300338995171042805127539081785166141347075048067940543535722760323225211039944638597578296560408769897682698240,94876605234485109832392374216837834582424713826605367745484766994260843422046796179733298307376951760076239783587344990379806992435740525013936591852879790994218268390243/176352450343286863747710588577893893987589667596025341181366049322422497772250807359913055331822164515693408623209292379775403100014670175886432191784923276462060826787840
B1_raw_rate,False,margin_helpful_mass_share,4,verified-v3-normuon-3e-3,2,resolved,0.5396864285714286,4204730106220869000358107391754593895191584968642450451345700723927136858756816723704524034739681849313047699813455363699055344717346557276583/7682413588957059564911581228500901016985513128415382617245355498424041225144203821630607168280969675633119833915792734889681226309693048094720,783169530378316137733838183743723421281385316648300511864817836166032842287325897570596868600633907993289651375836614348341355973416405242422718306741481871326124692650207/1440211677803509387272969806719466800898648952034206952981156069466450398473381593439289951876547676878162837089542554434832458650119806436405862899576873424440163418767360
B1_raw_rate,False,margin_helpful_mass_share,4,verified-v3-normuon-3e-3,3,resolved,0.5446657142857143,4212794811343181188921005201487133356782745627472871444646198139827125833948808905580262250682997012114912541818827927277733085784817498864173/7682413588957059564911581228500901016985513128415382617245355498424041225144203821630607168280969675633119833915792734889681226309693048094720,2356929006503052167277428034989588216322879239806217181639015159286591793768394351972485862443462205505446555129130385739884078247633154765568412527953187352987704348821231/4320635033410528161818909420158400402695946856102620858943468208399351195420144780317869855629643030634488511268627663304497375950359419309217588698730620273320490256302080
B1_raw_rate,False,margin_helpful_mass_share,4,verified-v3-normuon-3e-3,4,resolved,0.5518028571428572,469213575949176920145590803658208355456259693409708663790841938381822168503418150583266927642625254090160995530017222695373181472295307339407/853601509884117729434620136500100112998390347601709179693928388713782358349355980181178574253441075070346648212865859432186802923299227566080,1575353136208506959280405731373967988380423493896060613019279327764146534563162461063839063389779432425708254338883942577173215890747105614805536963854414059525219911121679/2880423355607018774545939613438933601797297904068413905962312138932900796946763186878579903753095353756325674179085108869664917300239612872811725799153746848880326837534720
B1_raw_rate,False,margin_helpful_mass_share,4,verified-v3-normuon-3e-3,5,resolved,0.5584957142857143,470397236709549546758198484797592743095583133642130959446397036201289391778069804962500115819310046581675785140234025935148760565719490145667/853601509884117729434620136500100112998390347601709179693928388713782358349355980181178574253441075070346648212865859432186802923299227566080,525015506015586066264301662669800333442725007791736789041071406218083056895361290061529172426702601463375636145615350391066146467889330064939310809738196373299126955476793/960141118535672924848646537812977867265765968022804635320770712977633598982254395626193301251031784585441891393028369623221639100079870957603908599717915616293442279178240
B1_raw_rate,False,margin_helpful_attribution_participation_ratio,1,verified-v3-adamw-1e-6,1,resolved,0.5425692857142858,130224372348772038478581814590100946882861204679283096887181137322758128715658129/233011145687479238354158943970038900104151402662089270191925086032799790362787840,77126644312750975694806497554642536175733304255726882792055875685397687377972423541542252494022843213551757130766663929463502246748599045242363/136882919974058995650198583662641278541129576838651218982652682346643826336282483100636548522631543194410390776816454701482784478054671659827200
B1_raw_rate,False,margin_helpful_attribution_participation_ratio,1,verified-v3-adamw-1e-6,2,resolved,0.55545,131241558464438238095028142771596823211778010229488801008484946345150687105976139/233011145687479238354158943970038900104151402662089270191925086032799790362787840,55651823899873196553328110021157787966222481828404831249604331969153372047545248131339292036726516479188415465659817918814809536376109816378519/97773514267184996892998988330458056100806840599036584987609058819031304525916059357597534659022530853150279126297467643916274627181908328448000
B1_raw_rate,False,margin_helpful_attribution_participation_ratio,1,verified-v3-adamw-1e-6,3,resolved,0.5608178571428571,43818716877949187064045844890233083240088764275182086599257266193069355068701663/77670381895826412784719647990012966701383800887363090063975028677599930120929280,388868287167523515352643404757762513582688863192202949631641548608211351731186611885845073853782157927624549090452246498695681853259091501547063/684414599870294978250992918313206392705647884193256094913263411733219131681412415503182742613157715972051953884082273507413922390273358299136000
B1_raw_rate,False,margin_helpful_attribution_participation_ratio,1,verified-v3-adamw-1e-6,4,resolved,0.5633707142857143,132008387049126888828480683548976521817963766471388986869711569087888013184453769/233011145687479238354158943970038900104151402662089270191925086032799790362787840,390227867576072434236809409381205658348809181622465951898418048904279785737896563178504463932790879907416851769768817337572824893190850216076031/684414599870294978250992918313206392705647884193256094913263411733219131681412415503182742613157715972051953884082273507413922390273358299136000
B1_raw_rate,False,margin_helpful_attribution_participation_ratio,1,verified-v3-adamw-1e-6,5,resolved,0.5649535714285714,14739932700005600723416527382205684538140086472103981515373167677230398609794181/25890127298608804261573215996670988900461266962454363354658342892533310040309760,130506672216991846838610055178076688731647105627141876464997144357549414737773843414372689859656939053390237705456731094308031149846928405975069/228138199956764992750330972771068797568549294731085364971087803911073043893804138501060914204385905324017317961360757835804640796757786099712000
B1_raw_rate,False,margin_helpful_attribution_participation_ratio,1,verified-v3-muon-1e-4,1,resolved,0.5822957142857142,134470182481516030299122335383426868070045588820917241450206787152518694212101361/233011145687479238354158943970038900104151402662089270191925086032799790362787840,991558806947706594443784288705070080005499227036462075937242883649478504089695099349565218728641769560412812744686274483763912323227986968083687/1711036499675737445627482295783015981764119710483140237283158529333047829203531038757956856532894289930129884710205683768534805975683395747840000
B1_raw_rate,False,margin_helpful_attribution_participation_ratio,1,verified-v3-muon-1e-4,2,resolved,0.5879385714285714,135487368597182229915568663564922744398962394371122945571510596174911252602419371/233011145687479238354158943970038900104151402662089270191925086032799790362787840,23809095774983571319820844921216158380413705968866590404824035203859947468126914441724393644261770644578818594178663884891223168664612980012121/40738964277993748705416245137690856708669516916265243744837107841263043552465024732332306107926054522145949635957278184965114427992461803520000
B1_raw_rate,False,margin_helpful_attribution_participation_ratio,1,verified-v3-muon-1e-4,3,resolved,0.58963,45233986922197184337559351821341723635816892322393468120265816136322876900849407/77670381895826412784719647990012966701383800887363090063975028677599930120929280,111083536573761123639401869501005799722665738267456314771705485496881307766704040220371275905417838033698805020536735659785934470578697361604303/190115166630637493958609143975890664640457745609237804142573169925894203244836782084217428503654921103347764967800631529837200663964821749760000
B1_raw_rate,False,margin_helpful_attribution_participation_ratio,1,verified-v3-muon-1e-4,4,resolved,0.5903421428571428,136254197181870880649021204342302443005148150613023131432737218917648578680897001/233011145687479238354158943970038900104151402662089270191925086032799790362787840,333865167740590118633515002401816737240771795316968197962629419246424667535898210395117260333250779904464626056751107490778571197683403558290699/570345499891912481875827431927671993921373236827713412427719509777682609734510346252652285510964763310043294903401894589511601991894465249280000
B1_raw_rate,False,margin_helpful_attribution_participation_ratio,1,verified-v3-muon-1e-4,5,resolved,0.5910157142857143,45635068144264799443763089077725694010148387463523326067128052974944717661530287/77670381895826412784719647990012966701383800887363090063975028677599930120929280,1006998278190442614779069250179832964647960650490096921671952650907066504119431912917307237648360081895411480787484316633421622717165388303163317/1711036499675737445627482295783015981764119710483140237283158529333047829203531038757956856532894289930129884710205683768534805975683395747840000
B1_raw_rate,False,margin_helpful_attribution_participation_ratio,1,verified-v3-normuon-1e-4,1,resolved,0.5801178571428572,67307746551777788335802341046343877212218778561782634042391037349327160790812853/116505572843739619177079471985019450052075701331044635095962543016399895181393920,1988280320513413341841470007744891972961111343185758598372059286481221683531047724744676391429783441550664683199787263431204927624741171917111071/3422072999351474891254964591566031963528239420966280474566317058666095658407062077515913713065788579860259769420411367537069611951366791495680000
B1_raw_rate,False,margin_helpful_attribution_participation_ratio,1,verified-v3-normuon-1e-4,2,resolved,0.5869142857142856,33908169804805444072012752568545907688338590668442743051521470930261719992985929/58252786421869809588539735992509725026037850665522317547981271508199947590696960,667207560696553229366886431604077841258285163721958296473935410449104767027420635237008174166587712422480703572719387644777583818568912808992747/1140690999783824963751654863855343987842746473655426824855439019555365219469020692505304571021929526620086589806803789179023203983788930498560000
B1_raw_rate,False,margin_helpful_attribution_participation_ratio,1,verified-v3-normuon-1e-4,3,resolved,0.5895821428571428,22641211898105183230860067028881009543640440878304738499228789325850709678678761/38835190947913206392359823995006483350691900443681545031987514338799965060464640,222536995955014022847908081747396695678762828311100107241136808417463846109677411920179968549689505881204460804215269520468033073163590532047539/380230333261274987917218287951781329280915491218475608285146339851788406489673564168434857007309842206695529935601263059674401327929643499520000
B1_raw_rate,False,margin_helpful_attribution_participation_ratio,1,verified-v3-normuon-1e-4,4,resolved,0.5898942857142858,68199753901955213510751775525781664679770059457835579033656253231892103025210673/116505572843739619177079471985019450052075701331044635095962543016399895181393920,669414553774010037907870388375424804887312101835583128591482858364069604009232255430638090162083205083609072341282567956650173016888054947484497/1140690999783824963751654863855343987842746473655426824855439019555365219469020692505304571021929526620086589806803789179023203983788930498560000
B1_raw_rate,False,margin_helpful_attribution_participation_ratio,1,verified-v3-normuon-1e-4,5,resolved,0.5909735714285714,22841752509138990783961935657072994730806188448869667472659907745161630059019201/38835190947913206392359823995006483350691900443681545031987514338799965060464640,2014788932504751047341313082148882037973940382192557403597973790897982590289886320802165475771098361208982503033775080964143076163721926528614871/3422072999351474891254964591566031963528239420966280474566317058666095658407062077515913713065788579860259769420411367537069611951366791495680000
B1_raw_rate,False,margin_helpful_attribution_participation_ratio,2,verified-v3-adamw-3e-6,1,resolved,0.5644085714285715,31183576763943463691757900085230975085311098677666359658291194868123315684043397381821517297554743926265004640191/55142763619365545738073990462216406258743188044747189783731509563070997567722658311315731069558980391294740725760,306903258128864456926471993558892626644491091523294327777878958796057399538773380217819855798620617644391846965085968219357779739975650270420958774310309166709426393282861022979/542551987171066952572780243986775735381034498469994118924645410718635054515028056828555241499531095146044168807185345078507881151614867860606906157952647671675886601840613130240
B1_raw_rate,False,margin_helpful_attribution_participation_ratio,2,verified-v3-adamw-3e-6,2,resolved,0.5754778571428572,15730238294549543980119676280343210978186745982091038352368790068521596366821784971673430632400526232179924288093/27571381809682772869036995231108203129371594022373594891865754781535498783861329155657865534779490195647370362880,464672013691352138932863398871874054768326971348583591854531367795449001236572945905902235008171545825926820884048033159062259991508963039278462129036791039803908961230123845781/813827980756600428859170365980163603071551747704991178386968116077952581772542085242832862249296642719066253210778017617761821727422301790910359236928971507513829902760919695360
B1_raw_rate,False,margin_helpful_attribution_participation_ratio,2,verified-v3-adamw-3e-6,3,resolved,0.5815735714285715,10513680639103635226416027962527727557496276545147246775049408026916473514083276571273740924927762428100139484427/18380921206455181912691330154072135419581062681582396594577169854356999189240886103771910356519660130431580241920,103491445259210361054254616491488572962086926089787460896046312865422555491764809637868368179711736182745676540123597292829919147356693292079829638465728509187493620320591444673/180850662390355650857593414662258578460344832823331372974881803572878351505009352276185080499843698382014722935728448359502627050538289286868968719317549223891962200613537710080
B1_raw_rate,False,margin_helpful_attribution_participation_ratio,2,verified-v3-adamw-3e-6,4,resolved,0.5840192857142857,15841447244258408625327246895171378430204506126087658520059006334378037807118420735261269615326861294483227682683/27571381809682772869036995231108203129371594022373594891865754781535498783861329155657865534779490195647370362880,77971549190352419195565701453100173291556744744231273414897142242495381661714321947129135088607830904615673695648175985641605543183999058437135718296047238524035394034619933821/135637996792766738143195060996693933845258624617498529731161352679658763628757014207138810374882773786511042201796336269626970287903716965151726539488161917918971650460153282560
B1_raw_rate,False,margin_helpful_attribution_participation_ratio,2,verified-v3-adamw-3e-6,5,resolved,0.5834164285714286,31836685905687303819356229113313258888034966664177734873181474521523241227267651037533238913050605609146807563251/55142763619365545738073990462216406258743188044747189783731509563070997567722658311315731069558980391294740725760,939928545812109668770180545987494742789744495685874987082383873008042570471420741381982312350848944097756472278184953378831035732764466536471700922081324521608799892483293013907/1627655961513200857718340731960327206143103495409982356773936232155905163545084170485665724498593285438132506421556035235523643454844603581820718473857943015027659805521839390720
B1_raw_rate,False,margin_helpful_attribution_participation_ratio,2,verified-v3-muon-3e-4,1,resolved,0.5881207142857142,92734900904937342077943148380727437056849526356525086996751562320841971009666295766166746153117785845671495939762910022739559383392769557217806353/157713277070061300606381996990453549278565380026682743527400433246874829791895527910737712327183923126129127893924857579833459623486246319879618560,31922690913976688608963892102945071473344049545815226373308156254763620279262441491503572382635878198116598283449432809251194745691165989481523049209108208390927717462948111029/54255198717106695257278024398677573538103449846999411892464541071863505451502805682855524149953109514604416880718534507850788115161486786060690615795264767167588660184061313024
B1_raw_rate,False,margin_helpful_attribution_participation_ratio,2,verified-v3-muon-3e-4,2,resolved,0.5927621428571428,46763429688718663705544843403357607346651777401621953952334779162133673349791814543584434285172410653332519216809976693779355597244502358831224849/78856638535030650303190998495226774639282690013341371763700216623437414895947763955368856163591961563064563946962428789916729811743123159939809280,193055955883717758175861765304089075640925973450243686564740331633620728097323289624582485853066622493263786700796700145152080327567266278173267481846588446730098037705403620757/325531192302640171543668146392065441228620699081996471354787246431181032709016834097133144899718657087626501284311207047104728690968920716364143694771588603005531961104367878144
B1_raw_rate,False,margin_helpful_attribution_participation_ratio,2,verified-v3-muon-3e-4,3,resolved,0.5912535714285714,31252427827335796090925607017731415150305280544428637299399777416991429218025092944850358565835738480171306869241755753301258086572375985001072381/52571092356687100202127332330151183092855126675560914509133477748958276597298509303579237442394641042043042631308285859944486541162082106626539520,5378448184297179956489560245518748032839716981308647799362296500970302704854585922769818886365752274842077003447925351265008834602687588591767152659216019001591764061523882821/9042533119517782542879670733112928923017241641166568648744090178643917575250467613809254024992184919100736146786422417975131352526914464343448435965877461194598110030676885504
B1_raw_rate,False,margin_helpful_attribution_participation_ratio,2,verified-v3-muon-3e-4,4,resolved,0.591362142857143,47081497314403371492802050879561679895413287897894671660553831930051767499142881735443278024160856862571092515464550164777672269895629643715412139/78856638535030650303190998495226774639282690013341371763700216623437414895947763955368856163591961563064563946962428789916729811743123159939809280,64827118356169643086922423703845679819243647895360378852883973819044576400275928904264248306894595714025548170368013013905952220918370555575830058396140164124627275995706444917/108510397434213390514556048797355147076206899693998823784929082143727010903005611365711048299906219029208833761437069015701576230322973572121381231590529534335177320368122626048
B1_raw_rate,False,margin_helpful_attribution_participation_ratio,2,verified-v3-muon-3e-4,5,resolved,0.5924307142857143,94602851951784444705964519175807719990896390763770293702268293688463667686951745690200889274961943902572505829007264193051899720612525265264391213/157713277070061300606381996990453549278565380026682743527400433246874829791895527910737712327183923126129127893924857579833459623486246319879618560,97693747894275691244907544491728991304092195612972927357334604063480949724519806888337113331563859578373192574264996571283774348497931054842535424959297171736060499005091027661/162765596151320085771834073196032720614310349540998235677393623215590516354508417048566572449859328543813250642155603523552364345484460358182071847385794301502765980552183939072
B1_raw_rate,False,margin_helpful_attribution_participation_ratio,2,verified-v3-normuon-3e-4,1,resolved,0.5875385714285715,92772038240307794478337667997164964596426048959992799732583899940943940378737029583955612063648759566617499897111409923960545405064846800612263049/157713277070061300606381996990453549278565380026682743527400433246874829791895527910737712327183923126129127893924857579833459623486246319879618560,31928825280776829680833233942705101904734135101050381946724185910137844485499158660728434684013155122896512527417220109717169518378335348607254483194407889538527686808699577233/54255198717106695257278024398677573538103449846999411892464541071863505451502805682855524149953109514604416880718534507850788115161486786060690615795264767167588660184061313024
B1_raw_rate,False,margin_helpful_attribution_participation_ratio,2,verified-v3-normuon-3e-4,2,resolved,0.5912428571428572,46781998356403889905742103211576371116440038703355810320250947972184658034327181452478867240437897513805521195484226644389848608080540980528453197/78856638535030650303190998495226774639282690013341371763700216623437414895947763955368856163591961563064563946962428789916729811743123159939809280,193186864082103605921778714809363323620765785957569182590917818005357105496221043542268438854867474046179906719633571428574717736390860025460764541671847780910890004075221200037/325531192302640171543668146392065441228620699081996471354787246431181032709016834097133144899718657087626501284311207047104728690968920716364143694771588603005531961104367878144
B1_raw_rate,False,margin_helpful_attribution_participation_ratio,2,verified-v3-normuon-3e-4,3,resolved,0.5915221428571428,10421602313041982297019037852181308110054707137417069403781296652341806335905112516926660178670909906828880507230418573458306697932133910933074871/17523697452229033400709110776717061030951708891853638169711159249652758865766169767859745814131547014014347543769428619981495513720694035542179840,10759764058314734358947281002258049071099808283792984157972260186897322290409932940174436886721112812984425228844550124494701239064627183316339992830017648336487351046145204625/18085066239035565085759341466225857846034483282333137297488180357287835150500935227618508049984369838201472293572844835950262705053828928686896871931754922389196220061353771008
B1_raw_rate,False,margin_helpful_attribution_participation_ratio,2,verified-v3-normuon-3e-4,4,resolved,0.5907228571428572,47100065982088597692999310687780443665201549199628528028470000740102752183678248644337710979426343723044094494138800115388165280731668265412640487/78856638535030650303190998495226774639282690013341371763700216623437414895947763955368856163591961563064563946962428789916729811743123159939809280,64859364851100565014115788529158210582709313611818405135395620355287954364446582857433599587963237349858765876603463477292761456645390761944513761580940561101168219110389828589/108510397434213390514556048797355147076206899693998823784929082143727010903005611365711048299906219029208833761437069015701576230322973572121381231590529534335177320368122626048
B1_raw_rate,False,margin_helpful_attribution_participation_ratio,2,verified-v3-normuon-3e-4,5,resolved,0.5936371428571429,94639989287154897106359038792245247530472913367238006438100631308565637056022479507989755185492917623518509786355764094272885742284602508658847909/157713277070061300606381996990453549278565380026682743527400433246874829791895527910737712327183923126129127893924857579833459623486246319879618560,48840845151216015053519657504052845100334146472734976030073168748816983203022849407864697457174724737776412859759591553154943857692524449766490924322509519000016699372319168841/81382798075660042885917036598016360307155174770499117838696811607795258177254208524283286224929664271906625321077801761776182172742230179091035923692897150751382990276091969536
B1_raw_rate,False,margin_helpful_attribution_participation_ratio,3,verified-v3-adamw-1e-5,1,resolved,0.5820728571428572,606515719868766024139864361770546270873510534461327578521138793964543187104486514165022064468472694534793560459/1050639470112680070049392183674852760450329216333861488928476520154382339149785622177129239766063147402028646400,9014427691263669442797538558829190930179393842551224788077078029380928111064315979660085300578749319287503028151039428538883636136571229690696304571535069366515893179365116457/15625143713070621859566849074701639175544456339808101968024701851922664501224162350344174326607035863112311511533104431941820552814481342631587983752510373159736706822517555200
B1_raw_rate,False,margin_helpful_attribution_participation_ratio,3,verified-v3-adamw-1e-5,2,resolved,0.585075,1836694096063046482048943935748202995761194178975956301397508413539996002456823169636854034300857966607697006077/3151918410338040210148176551024558281350987649001584466785429560463147017449356866531387719298189442206085939200,81979784935481694157671397585739142426872246772890983758111445702131315722163204868204018584338175627191578140844498322885201468101598824154665839708026995913579654134555288013/140626293417635596736101641672314752579900107058272917712222316667303980511017461153097568939463322768010803603797939887476384975330332083684291853772593358437630361402657996800
B1_raw_rate,False,margin_helpful_attribution_participation_ratio,3,verified-v3-adamw-1e-5,3,resolved,0.5896428571428572,1844805533076825982800324234829932479223730900387948659474762923363934509614199725465775422994314591156117496177/3151918410338040210148176551024558281350987649001584466785429560463147017449356866531387719298189442206085939200,9149189342472139610609656075889336041809008374683129779283238959278674095547151543546062551949281145124906870796459812159960088792030110277765036126569170413597343191620125357/15625143713070621859566849074701639175544456339808101968024701851922664501224162350344174326607035863112311511533104431941820552814481342631587983752510373159736706822517555200
B1_raw_rate,False,margin_helpful_attribution_participation_ratio,3,verified-v3-adamw-1e-5,4,resolved,0.587965,1851240699831266236568078896604616833221952527236166224268129839501473000313084121775500250607119010280402601377/3151918410338040210148176551024558281350987649001584466785429560463147017449356866531387719298189442206085939200,9176483743134771923314296423658409427359434999180370733827524237409588747866613694576322842310359536460861388418270024152218423656083843984606967452609923328549229424971128907/15625143713070621859566849074701639175544456339808101968024701851922664501224162350344174326607035863112311511533104431941820552814481342631587983752510373159736706822517555200
B1_raw_rate,False,margin_helpful_attribution_participation_ratio,3,verified-v3-adamw-1e-5,5,resolved,0.58863,1859196291990312268626266704903409330852911126196049906034878725494169450582778428991463253584407977884320749677/3151918410338040210148176551024558281350987649001584466785429560463147017449356866531387719298189442206085939200,82957147930765245352384341833152697407663794514448544013389763018618857332538358287093547615200560420784424937737648601288497220236341874033197192524315127853137598752725412463/140626293417635596736101641672314752579900107058272917712222316667303980511017461153097568939463322768010803603797939887476384975330332083684291853772593358437630361402657996800
B1_raw_rate,False,margin_helpful_attribution_participation_ratio,3,verified-v3-muon-1e-3,1,resolved,0.5818585714285714,472401229314012893234723613003118276509575655783079892430497230188972300915932326679794915316210388586165182687642514927352869914539658067528781/813118863604823444174021619245144989912996309840595291918072973068028362719743094524692515372526736717438682255644773584935601715277037830144000,136319330740814657459941002923739684901317715700297868168520484031310850073397023720699305753114173260954807352437402218584525690641011545167837225009489639238683807814260458447/234377155696059327893502736120524587633166845097121529520370527778839967518362435255162614899105537946684672672996566479127308292217220139473819756287655597396050602337763328000
B1_raw_rate,False,margin_helpful_attribution_participation_ratio,3,verified-v3-muon-1e-3,2,resolved,0.5876692857142858,1430474174995528175267194884067931285606906016911844252670663483039425557952189884787308400355531378749804018325259136947239769720195851770254593/2439356590814470332522064857735434969738988929521785875754218919204085088159229283574077546117580210152316046766934320754806805145831113490432000,412849420275896077914103339896529035616115516562099943318449271799211229863943486870087102387471633359512728299426560646153969097180320046297039505868816245782885183907108974591/703131467088177983680508208361573762899500535291364588561111583336519902555087305765487844697316613840054018018989699437381924876651660418421459268862966792188151807013289984000
B1_raw_rate,False,margin_helpful_attribution_participation_ratio,3,verified-v3-muon-1e-3,3,resolved,0.5850171428571428,1436751839822016297346931204987091933409855027728866375752630252005930148865886081704640875600624293737455415530505037130603262259892881708869343/2439356590814470332522064857735434969738988929521785875754218919204085088159229283574077546117580210152316046766934320754806805145831113490432000,138208073339896476310850543797602547950048765338835015783495483478521693382940676047329170580874730864027213850437419438358358276597633630240187344429323069254988584773520119697/234377155696059327893502736120524587633166845097121529520370527778839967518362435255162614899105537946684672672996566479127308292217220139473819756287655597396050602337763328000
B1_raw_rate,False,margin_helpful_attribution_participation_ratio,3,verified-v3-muon-1e-3,4,resolved,0.5885692857142857,1441732192861595909310255138934911128069684265441442456217886852246729165006397659338878914046222664409288871469402896703111146786461989875786343/2439356590814470332522064857735434969738988929521785875754218919204085088159229283574077546117580210152316046766934320754806805145831113490432000,138784269443168904480189776182340105514149147707696332930140174879607736803210332311689883246077431927079217411107741386277530727588958521828194436650778985563392370008174231447/234377155696059327893502736120524587633166845097121529520370527778839967518362435255162614899105537946684672672996566479127308292217220139473819756287655597396050602337763328000
B1_raw_rate,False,margin_helpful_attribution_participation_ratio,3,verified-v3-muon-1e-3,5,resolved,0.5919135714285714,1447889245056649247949109919741348237106328324850174996917654814517216647751605140228123186182800561699751386853706837927290927396063332085135593/2439356590814470332522064857735434969738988929521785875754218919204085088159229283574077546117580210152316046766934320754806805145831113490432000,417959299608537121611522198205049599726330565778933062359895906539455158263269718643854439440960130939570969247272780074733102536917524707407878721011170539688445934366490921841/703131467088177983680508208361573762899500535291364588561111583336519902555087305765487844697316613840054018018989699437381924876651660418421459268862966792188151807013289984000
B1_raw_rate,False,margin_helpful_attribution_participation_ratio,3,verified-v3-normuon-1e-3,1,resolved,0.5852614285714285,29507699894200465972586878557225258553099873484079240015228860329101682285910812746491671805739096977054107404816335018105743141037256807776791/50819928975301465260876351202821561869562269365037205744879560816751772669983943407793282210782921044839917640977798349058475107204814864384000,45365788072228765246492575600346342108655372668847355502311278314191366512800181673258655057748747181144346978130874792022019286278963868557454807404725596588170350637353778499/78125718565353109297834245373508195877722281699040509840123509259613322506120811751720871633035179315561557557665522159709102764072406713157939918762551865798683534112587776000
B1_raw_rate,False,margin_helpful_attribution_participation_ratio,3,verified-v3-normuon-1e-3,2,resolved,0.5920957142857143,714820040987555931123597107902694433313486488399204048055078544134694702464055958289761950541188433944952812846757836517128415373182602170477109/1219678295407235166261032428867717484869494464760892937877109459602042544079614641787038773058790105076158023383467160377403402572915556745216000,412852883718860270959136797718451212165657592663671417196364527079955255188891022500065491244332801598710009310475090406913134192322339626372698685481291936282766000184738217241/703131467088177983680508208361573762899500535291364588561111583336519902555087305765487844697316613840054018018989699437381924876651660418421459268862966792188151807013289984000
B1_raw_rate,False,margin_helpful_attribution_participation_ratio,3,verified-v3-normuon-1e-3,3,resolved,0.5850342857142856,179489718350199998040866317090568689303740248451928777399015482154486749480226014187107047040933722859694627862345196652202540410757779284946121/304919573851808791565258107216929371217373616190223234469277364900510636019903660446759693264697526269039505845866790094350850643228889186304000,46058204907835291111783708227984365205098138018457568768025034795270069386522338174411531789490397112243487888162584460489746279005469348755782177756596512133247370136638569749/78125718565353109297834245373508195877722281699040509840123509259613322506120811751720871633035179315561557557665522159709102764072406713157939918762551865798683534112587776000
B1_raw_rate,False,margin_helpful_attribution_participation_ratio,3,verified-v3-normuon-1e-3,4,resolved,0.5896921428571428,90056131240073724768140904417023044318109451583000393728586278592293313248894980695693400923316759596836904927353714549383012988289458902905373/152459786925904395782629053608464685608686808095111617234638682450255318009951830223379846632348763134519752922933395047175425321614444593152000,46196034695064705307523125718151622822199250132921713917492134882704958068906954984716101357586269428528211907909325893094920137274587808795979158334823017112144717785048661749/78125718565353109297834245373508195877722281699040509840123509259613322506120811751720871633035179315561557557665522159709102764072406713157939918762551865798683534112587776000
B1_raw_rate,False,margin_helpful_attribution_participation_ratio,3,verified-v3-normuon-1e-3,5,resolved,0.5914471428571428,723527576018116467464554625739402909063197642368369420178574209873590247363763586010169343454823025419926497110981687007153994211116342327917609/1219678295407235166261032428867717484869494464760892937877109459602042544079614641787038773058790105076158023383467160377403402572915556745216000,417485797250925526111399916463327857445630530810251673504703256187589082264517976814958213996864319395060252396204226883871834981964952494982769039320907124043750640903208813491/703131467088177983680508208361573762899500535291364588561111583336519902555087305765487844697316613840054018018989699437381924876651660418421459268862966792188151807013289984000
B1_raw_rate,False,margin_helpful_attribution_participation_ratio,4,verified-v3-adamw-3e-5,1,resolved,0.5857735714285714,5250034302326036265898876854284016739550150992534710038493676189571215917319423066404745480987300207444594157/8833307687247650589947538519773583074893474891608942886334882309132201658060319216768966371721215692305858560,7311901350397800523851351140184386899548278886929777743828403491985488690802204066766925317028421173929912792331784625492887062853103106502462416049738060784768886691189729/12236586490570609523480832683352760805704079475900988147262870305671439444356306732283470466944600196649909514676808815639959001982185163854055635963440874793134052836638720
B1_raw_rate,False,margin_helpful_attribution_participation_ratio,4,verified-v3-adamw-3e-5,2,resolved,0.5897585714285715,5309298085289645664141320184930175042476593824358183080224417682616698418995273730222462137704799816031894557/8833307687247650589947538519773583074893474891608942886334882309132201658060319216768966371721215692305858560,7400620560491456716614561443991076609020660566880511715010918006887160005048049780305946015856154109006981991519688274924114168674450614044952292695547483067653573899438849/12236586490570609523480832683352760805704079475900988147262870305671439444356306732283470466944600196649909514676808815639959001982185163854055635963440874793134052836638720
B1_raw_rate,False,margin_helpful_attribution_participation_ratio,4,verified-v3-adamw-3e-5,3,resolved,0.5879642857142857,1772856985064252867042133869909093401752764061218556133451764443683426020786780107087066100355231839530039709/2944435895749216863315846173257861024964491630536314295444960769710733886020106405589655457240405230768619520,820950315925933983872707547407212528030671321794567359694115150539712397298240884531341153047720663573046147970200095788310075333126600285830022655901855702327032539176231/1359620721174512169275648075928084533967119941766776460806985589519048827150700748031496718549400021849989946075200979515551000220242795983783959551493430532570450315182080
B1_raw_rate,False,margin_helpful_attribution_participation_ratio,4,verified-v3-adamw-3e-5,4,resolved,0.58876,5330215498104281373441232025480445950966498532097716186424011373780724748634930969592406358275610493217310397/8833307687247650589947538519773583074893474891608942886334882309132201658060319216768966371721215692305858560,7421144641651788767853287019178018061286778701871198606168274488178522473402933273824834158960211270579874694107998694474589235221879864064246972532147817749153148052777509/12236586490570609523480832683352760805704079475900988147262870305671439444356306732283470466944600196649909514676808815639959001982185163854055635963440874793134052836638720
B1_raw_rate,False,margin_helpful_attribution_participation_ratio,4,verified-v3-adamw-3e-5,5,resolved,0.5892628571428571,5342464351430597943408883680427476687407898148645884497090996953332963350509333318779026930979792156853666217/8833307687247650589947538519773583074893474891608942886334882309132201658060319216768966371721215692305858560,7430760617180368781669562965271687562851970460499889838645836623371692823175406152291318718497073574889912553084378705948150652565893247495314307746616127246598954681005109/12236586490570609523480832683352760805704079475900988147262870305671439444356306732283470466944600196649909514676808815639959001982185163854055635963440874793134052836638720
B1_raw_rate,False,margin_helpful_attribution_participation_ratio,4,verified-v3-muon-3e-3,1,resolved,0.5424921428571429,683014935528271039047129846614242339034995939090704294890070304919055644550641092197230276081026643340919427403024533360735887409647694902999/1280402264826176594151930204750150169497585521402563769540892583070673537524033970271767861380161612605519972319298789148280204384948841349120,373193989385840256892525748412204791407154457331949650918265386137171531467355469386282466841141056764619276574137099840303675865092176713812794078657683166931070494082457/679810360587256084637824037964042266983559970883388230403492794759524413575350374015748359274700010924994973037600489757775500110121397991891979775746715266285225157591040
B1_raw_rate,False,margin_helpful_attribution_participation_ratio,4,verified-v3-muon-3e-3,2,resolved,0.5378814285714285,2074815950741260876279233418807657595490198492536658982639330222016648812277436973752608958286602496332995132860166500627798427671097835276397/3841206794478529782455790614250450508492756564207691308622677749212020612572101910815303584140484837816559916957896367444840613154846524047360,3417639518646697912412240750169388108816979303593457022231502388523089746871398708493301843893723880057128089307221107565454909877249791096975586680303476289142138713432263/6118293245285304761740416341676380402852039737950494073631435152835719722178153366141735233472300098324954757338404407819979500991092581927027817981720437396567026418319360
B1_raw_rate,False,margin_helpful_attribution_participation_ratio,4,verified-v3-muon-3e-3,3,resolved,0.5432642857142858,129928018956401060660042645229620457892861176371991842455598683122915206242089566543154879141141254858370472116428298901071081137802081629387/240075424654908111403486913390653156780797285262980706788917359325751288285756369425956474008780302363534994809868522965302538322177907752960,58780791424112164448475359323663629578537635132587263807252452713666338953562771736549499003853933575103767888454784801321954210653268136730350373023528354518106475062001/105487814573884564857593385201316903497448960999146449545369571600615857278933678726581641956418967212499219954110420824482405189501596240121169275546904093044259076177920
B1_raw_rate,False,margin_helpful_attribution_participation_ratio,4,verified-v3-muon-3e-3,4,resolved,0.5483742857142857,231545776600235835195037593265810916383063847617680304891696509196808904573823365502783123923175023898021751426501813434161119104194826629493/426800754942058864717310068250050056499195173800854589846964194356891179174677990090589287126720537535173324106432929716093401461649613783040,1134211671669726509898636935144483302901913365908242354116482272351901029666406379068099340385294364234650779501108401832485363091553162178337241157345931524205769385142951/2039431081761768253913472113892126800950679912650164691210478384278573240726051122047245077824100032774984919112801469273326500330364193975675939327240145798855675472773120
B1_raw_rate,False,margin_helpful_attribution_participation_ratio,4,verified-v3-muon-3e-3,5,resolved,0.5571792857142858,232137606980422148501341433835503110202725567733891452719474058106542516211149192692399718011517420143779146231610215054048908650906918032623/426800754942058864717310068250050056499195173800854589846964194356891179174677990090589287126720537535173324106432929716093401461649613783040,1136867987385396743484500767249844797999515527452480816780862718648617570241065866318986646046302854670940329701879842469443934045275823573690419857962322063576458421158871/2039431081761768253913472113892126800950679912650164691210478384278573240726051122047245077824100032774984919112801469273326500330364193975675939327240145798855675472773120
B1_raw_rate,False,margin_helpful_attribution_participation_ratio,4,verified-v3-normuon-3e-3,1,resolved,0.5348342857142857,1384395939302657827360806544608244246140387872704452751802487369802724367168596443127562591550878905564191332837089854202624604611012352047261/2560804529652353188303860409500300338995171042805127539081785166141347075048067940543535722760323225211039944638597578296560408769897682698240,149704482993591177683084175342553408282448856691274014383065421790676818508463047583331333841395015492385903307218729029417269105385513457158760119210513503582496897974057/271924144234902433855129615185616906793423988353355292161397117903809765430140149606299343709880004369997989215040195903110200044048559196756791910298686106514090063036416
B1_raw_rate,False,margin_helpful_attribution_participation_ratio,4,verified-v3-normuon-3e-3,2,resolved,0.5396864285714286,4204730106220869000358107391754593895191584968642450451345700723927136858756816723704524034739681849313047699813455363699055344717346557276583/7682413588957059564911581228500901016985513128415382617245355498424041225144203821630607168280969675633119833915792734889681226309693048094720,1380575236395068480999732361578521433621438952297738689224015667992032415238494443298375107333083038693384596631714719062325546901558273453394341132821933908573587477076857/2447317298114121904696166536670552161140815895180197629452574061134287888871261346456694093388920039329981902935361763127991800396437032770811127192688174958626810567327744
B1_raw_rate,False,margin_helpful_attribution_participation_ratio,4,verified-v3-normuon-3e-3,3,resolved,0.5446657142857143,4212794811343181188921005201487133356782745627472871444646198139827125833948808905580262250682997012114912541818827927277733085784817498864173/7682413588957059564911581228500901016985513128415382617245355498424041225144203821630607168280969675633119833915792734889681226309693048094720,47538617723188882036169627835141323264907545924631124370276800188939116606117226416128677919549713743646968961132130468885301423005589064224909119047919958596959571920511/84390251659107651886074708161053522797959168799317159636295657280492685823146942981265313565135173769999375963288336659585924151601276992096935420437523274435407260942336
B1_raw_rate,False,margin_helpful_attribution_participation_ratio,4,verified-v3-normuon-3e-3,4,resolved,0.5518028571428572,469213575949176920145590803658208355456259693409708663790841938381822168503418150583266927642625254090160995530017222695373181472295307339407/853601509884117729434620136500100112998390347601709179693928388713782358349355980181178574253441075070346648212865859432186802923299227566080,457055962487718009171930627827006051374535633587780889262751766803687108442134873523460576964302017997769873942831163603532201998782171010013028738196364525544028217640991/815772432704707301565388845556850720380271965060065876484191353711429296290420448818898031129640013109993967645120587709330600132145677590270375730896058319542270189109248
B1_raw_rate,False,margin_helpful_attribution_participation_ratio,4,verified-v3-normuon-3e-3,5,resolved,0.5584957142857143,470397236709549546758198484797592743095583133642130959446397036201289391778069804962500115819310046581675785140234025935148760565719490145667/853601509884117729434620136500100112998390347601709179693928388713782358349355980181178574253441075070346648212865859432186802923299227566080,459085662814701538197199119965981163456080796630595463378449399940397985139379597629150619407818618064593393646851725023891438088517819294760617979914621214295248850295195/815772432704707301565388845556850720380271965060065876484191353711429296290420448818898031129640013109993967645120587709330600132145677590270375730896058319542270189109248
B1_raw_rate,False,margin_degrading_attribution_mass,1,verified-v3-adamw-1e-6,1,resolved,0.5425692857142858,130224372348772038478581814590100946882861204679283096887181137322758128715658129/233011145687479238354158943970038900104151402662089270191925086032799790362787840,38278151114749102983448392794312983271517393491833808031302212955741821556621821811739738134297161468819210678919696397683500205306946139009233941/68007114174034556302547083135550526792607277952707683787204449851104597166081559448063583528587085133482470750857704047742568725304346707293634560
B1_raw_rate,False,margin_degrading_attribution_mass,1,verified-v3-adamw-1e-6,2,resolved,0.55545,131241558464438238095028142771596823211778010229488801008484946345150687105976139/233011145687479238354158943970038900104151402662089270191925086032799790362787840,12870567903858417959563280058490915193336314222583573806355042109905076567892115145255435030508771502818145302904625096387853926013863130404308327/22669038058011518767515694378516842264202425984235894595734816617034865722027186482687861176195695044494156916952568015914189575101448902431211520
B1_raw_rate,False,margin_degrading_attribution_mass,1,verified-v3-adamw-1e-6,3,resolved,0.5608178571428571,43818716877949187064045844890233083240088764275182086599257266193069355068701663/77670381895826412784719647990012966701383800887363090063975028677599930120929280,38510841106650477505856896227535038828107034613199912235568120249889476509450805825011966842747909766452217172093918423477754213398343927158012981/68007114174034556302547083135550526792607277952707683787204449851104597166081559448063583528587085133482470750857704047742568725304346707293634560
B1_raw_rate,False,margin_degrading_attribution_mass,1,verified-v3-adamw-1e-6,4,resolved,0.5633707142857143,132008387049126888828480683548976521817963766471388986869711569087888013184453769/233011145687479238354158943970038900104151402662089270191925086032799790362787840,12872106553064124732796787591627350217760521790848555925393793342088846266679638139246738079023793447883231240447121774855798866375985375809903967/22669038058011518767515694378516842264202425984235894595734816617034865722027186482687861176195695044494156916952568015914189575101448902431211520
B1_raw_rate,False,margin_degrading_attribution_mass,1,verified-v3-adamw-1e-6,5,resolved,0.5649535714285714,14739932700005600723416527382205684538140086472103981515373167677230398609794181/25890127298608804261573215996670988900461266962454363354658342892533310040309760,993651717475358151530984781232781860281391895348712203145351727197476697681078008664857620185362869737023138847420348598374869166662370016276219/1743772158308578366731976490655141712630955844941222661210370509002681978617475883283681628938130388038012070534812924301091505777034530956247040
B1_raw_rate,False,margin_degrading_attribution_mass,1,verified-v3-muon-1e-4,1,resolved,0.5822957142857142,134470182481516030299122335383426868070045588820917241450206787152518694212101361/233011145687479238354158943970038900104151402662089270191925086032799790362787840,19716304651375373537994800301550407728396753445119714307828889212122649826212243960730257058397658470008077774409207405911541711989050090601073447/34003557087017278151273541567775263396303638976353841893602224925552298583040779724031791764293542566741235375428852023871284362652173353646817280
B1_raw_rate,False,margin_degrading_attribution_mass,1,verified-v3-muon-1e-4,2,resolved,0.5879385714285714,135487368597182229915568663564922744398962394371122945571510596174911252602419371/233011145687479238354158943970038900104151402662089270191925086032799790362787840,510870658015283326978676612151829901326686643768076916675325939629630710564595803342115126725610474126614118147118988130703754741170127862018053/871886079154289183365988245327570856315477922470611330605185254501340989308737941641840814469065194019006035267406462150545752888517265478123520
B1_raw_rate,False,margin_degrading_attribution_mass,1,verified-v3-muon-1e-4,3,resolved,0.58963,45233986922197184337559351821341723635816892322393468120265816136322876900849407/77670381895826412784719647990012966701383800887363090063975028677599930120929280,19915136218967494445754434142366094529105655586365728135237146562739854753386186479155954432835201121237742090937111768641813066577607323142136567/34003557087017278151273541567775263396303638976353841893602224925552298583040779724031791764293542566741235375428852023871284362652173353646817280
B1_raw_rate,False,margin_degrading_attribution_mass,1,verified-v3-muon-1e-4,4,resolved,0.5903421428571428,136254197181870880649021204342302443005148150613023131432737218917648578680897001/233011145687479238354158943970038900104151402662089270191925086032799790362787840,6623924303666652739009598980442483246943637907979403383499708473712497290089473376743341458957432297254579382592714409089764735218495910271120609/11334519029005759383757847189258421132101212992117947297867408308517432861013593241343930588097847522247078458476284007957094787550724451215605760
B1_raw_rate,False,margin_degrading_attribution_mass,1,verified-v3-muon-1e-4,5,resolved,0.5910157142857143,45635068144264799443763089077725694010148387463523326067128052974944717661530287/77670381895826412784719647990012966701383800887363090063975028677599930120929280,2221356990719566747931348845710199381560210299675341443126569571140533966915305355601525137062540012538248041374855315160725962098335032789732783/3778173009668586461252615729752807044033737664039315765955802769505810953671197747114643529365949174082359486158761335985698262516908150405201920
B1_raw_rate,False,margin_degrading_attribution_mass,1,verified-v3-normuon-1e-4,1,resolved,0.5801178571428572,67307746551777788335802341046343877212218778561782634042391037349327160790812853/116505572843739619177079471985019450052075701331044635095962543016399895181393920,4942416193461397731475209656783206232246367077808397062965621110421064924861635163340524869138942824692133122562081591664091842912787398806970053/8500889271754319537818385391943815849075909744088460473400556231388074645760194931007947941073385641685308843857213005967821090663043338411704320
B1_raw_rate,False,margin_degrading_attribution_mass,1,verified-v3-normuon-1e-4,2,resolved,0.5869142857142856,33908169804805444072012752568545907688338590668442743051521470930261719992985929/58252786421869809588539735992509725026037850665522317547981271508199947590696960,415247938851033612620111658872143565050372288692241275121734854027562930321044429291335212671593691000358923941547712769253966197738062734766509/708407439312859961484865449328651320756325812007371706116713019282339553813349577583995661756115470140442403654767750497318424221920278200975360
B1_raw_rate,False,margin_degrading_attribution_mass,1,verified-v3-normuon-1e-4,3,resolved,0.5895821428571428,22641211898105183230860067028881009543640440878304738499228789325850709678678761/38835190947913206392359823995006483350691900443681545031987514338799965060464640,1247468282629508584804602684446017488112961045601114165718141614654536251284128807942508068218760215767179237678541467500176306160992913944907277/2125222317938579884454596347985953962268977436022115118350139057847018661440048732751986985268346410421327210964303251491955272665760834602926080
B1_raw_rate,False,margin_degrading_attribution_mass,1,verified-v3-normuon-1e-4,4,resolved,0.5898942857142858,68199753901955213510751775525781664679770059457835579033656253231892103025210673/116505572843739619177079471985019450052075701331044635095962543016399895181393920,830681763808174204451851219193519316058982072185835575338900806127438698714882669857649219438133691488646663304055024451987721519191625620987333/1416814878625719922969730898657302641512651624014743412233426038564679107626699155167991323512230940280884807309535500994636848443840556401950720
B1_raw_rate,False,margin_degrading_attribution_mass,1,verified-v3-normuon-1e-4,5,resolved,0.5909735714285714,22841752509138990783961935657072994730806188448869667472659907745161630059019201/38835190947913206392359823995006483350691900443681545031987514338799965060464640,277602168662880909868954742565485967531323334817040891517857805370829927504065146581540130500820808291014205985867839304676017681660432372142621/472271626208573307656576966219100880504217208004914470744475346188226369208899718389330441170743646760294935769845166998212282814613518800650240
B1_raw_rate,False,margin_degrading_attribution_mass,2,verified-v3-adamw-3e-6,1,resolved,0.5644085714285715,31183576763943463691757900085230975085311098677666359658291194868123315684043397381821517297554743926265004640191/55142763619365545738073990462216406258743188044747189783731509563070997567722658311315731069558980391294740725760,106574190663450808857161574000177643479005198451829225472796829261542817468587612238247353041376699158590234639294480786726941743772544097078351912841704990132988941893133251593/188608844000554919175702914233611586769428869183610129363384968272149210177284588306721483600234953662264243534586848541167437946294943377417404913965948541603239502598918635520
B1_raw_rate,False,margin_degrading_attribution_mass,2,verified-v3-adamw-3e-6,2,resolved,0.5754778571428572,15730238294549543980119676280343210978186745982091038352368790068521596366821784971673430632400526232179924288093/27571381809682772869036995231108203129371594022373594891865754781535498783861329155657865534779490195647370362880,3426199809597327913764589274889694070382768818524526622813761908547163915199483648532421653011983774065437660708040256479533110829523172836906582480094357705315463523124250209101/6035483008017757413622493255475570776621723813875524139628318984708774725673106825815087475207518517192455793106779153317358014281438188077356957246910353331303664083165396336640
B1_raw_rate,False,margin_degrading_attribution_mass,2,verified-v3-adamw-3e-6,3,resolved,0.5815735714285715,10513680639103635226416027962527727557496276545147246775049408026916473514083276571273740924927762428100139484427/18380921206455181912691330154072135419581062681582396594577169854356999189240886103771910356519660130431580241920,1723240421876748133865899463411202360686249530135433687256296317392254807540635172056675473045897021664317854141832380723172049965815900167317107286253663489495291629789801582223/3017741504008878706811246627737785388310861906937762069814159492354387362836553412907543737603759258596227896553389576658679007140719094038678478623455176665651832041582698168320
B1_raw_rate,False,margin_degrading_attribution_mass,2,verified-v3-adamw-3e-6,4,resolved,0.5840192857142857,15841447244258408625327246895171378430204506126087658520059006334378037807118420735261269615326861294483227682683/27571381809682772869036995231108203129371594022373594891865754781535498783861329155657865534779490195647370362880,3459880475333991074547776478792631715827700726980387454488445838425513857774160961137302235208928883250603078160100107296342266304919176893728891584302401699147503452874064821551/6035483008017757413622493255475570776621723813875524139628318984708774725673106825815087475207518517192455793106779153317358014281438188077356957246910353331303664083165396336640
B1_raw_rate,False,margin_degrading_attribution_mass,2,verified-v3-adamw-3e-6,5,resolved,0.5834164285714286,31836685905687303819356229113313258888034966664177734873181474521523241227267651037533238913050605609146807563251/55142763619365545738073990462216406258743188044747189783731509563070997567722658311315731069558980391294740725760,1741347588961086730531104214859679923146688325718187415339028447925838191157642293777590961453761012903294863975630225194168688399481074961707390076967957148212199064821047953223/3017741504008878706811246627737785388310861906937762069814159492354387362836553412907543737603759258596227896553389576658679007140719094038678478623455176665651832041582698168320
B1_raw_rate,False,margin_degrading_attribution_mass,2,verified-v3-muon-3e-4,1,resolved,0.5881207142857142,92734900904937342077943148380727437056849526356525086996751562320841971009666295766166746153117785845671495939762910022739559383392769557217806353/157713277070061300606381996990453549278565380026682743527400433246874829791895527910737712327183923126129127893924857579833459623486246319879618560,222310397310001010749655258216413025298201949528983312918961107188760690401160536356500274396253857458922486753375732389849458880750832385804777615173802813390943535895224956191/377217688001109838351405828467223173538857738367220258726769936544298420354569176613442967200469907324528487069173697082334875892589886754834809827931897083206479005197837271040
B1_raw_rate,False,margin_degrading_attribution_mass,2,verified-v3-muon-3e-4,2,resolved,0.5927621428571428,46763429688718663705544843403357607346651777401621953952334779162133673349791814543584434285172410653332519216809976693779355597244502358831224849/78856638535030650303190998495226774639282690013341371763700216623437414895947763955368856163591961563064563946962428789916729811743123159939809280,3584034468061199715222861606549389423939000582106120133843749055647486660747168202144543285230924957080101196438336891541717954981335681683056358686777095774379148191408043557551/6035483008017757413622493255475570776621723813875524139628318984708774725673106825815087475207518517192455793106779153317358014281438188077356957246910353331303664083165396336640
B1_raw_rate,False,margin_degrading_attribution_mass,2,verified-v3-muon-3e-4,3,resolved,0.5912535714285714,31252427827335796090925607017731415150305280544428637299399777416991429218025092944850358565835738480171306869241755753301258086572375985001072381/52571092356687100202127332330151183092855126675560914509133477748958276597298509303579237442394641042043042631308285859944486541162082106626539520,895389493733411385951269476648379725261635826111059293622224191389857272384092331757170563236002110505391432814926690703756807861208316072855344718910665746890766186387657089959/1508870752004439353405623313868892694155430953468881034907079746177193681418276706453771868801879629298113948276694788329339503570359547019339239311727588332825916020791349084160
B1_raw_rate,False,margin_degrading_attribution_mass,2,verified-v3-muon-3e-4,4,resolved,0.591362142857143,47081497314403371492802050879561679895413287897894671660553831930051767499142881735443278024160856862571092515464550164777672269895629643715412139/78856638535030650303190998495226774639282690013341371763700216623437414895947763955368856163591961563064563946962428789916729811743123159939809280,3590559162632460081302411579150517569381914735546289981762218671382144441915984239572158256783677042459056552967566892892192025731254417831390281891927906060988672524771593378741/6035483008017757413622493255475570776621723813875524139628318984708774725673106825815087475207518517192455793106779153317358014281438188077356957246910353331303664083165396336640
B1_raw_rate,False,margin_degrading_attribution_mass,2,verified-v3-muon-3e-4,5,resolved,0.5924307142857143,94602851951784444705964519175807719990896390763770293702268293688463667686951745690200889274961943902572505829007264193051899720612525265264391213/157713277070061300606381996990453549278565380026682743527400433246874829791895527910737712327183923126129127893924857579833459623486246319879618560,902415828354083411134911398304979780804351717091887648420884553541611309721587432525980078325900830024308389395058356011673588603615415233514109955157584380665213135449554961349/1508870752004439353405623313868892694155430953468881034907079746177193681418276706453771868801879629298113948276694788329339503570359547019339239311727588332825916020791349084160
B1_raw_rate,False,margin_degrading_attribution_mass,2,verified-v3-normuon-3e-4,1,resolved,0.5875385714285715,92772038240307794478337667997164964596426048959992799732583899940943940378737029583955612063648759566617499897111409923960545405064846800612263049/157713277070061300606381996990453549278565380026682743527400433246874829791895527910737712327183923126129127893924857579833459623486246319879618560,711930284696249499978423530526477790319795681155977408977960593136679086150468342464952685179294529621159328977655221139595378696747284820408137294428312643416590423955669115747/1207096601603551482724498651095114155324344762775104827925663796941754945134621365163017495041503703438491158621355830663471602856287637615471391449382070666260732816633079267328
B1_raw_rate,False,margin_degrading_attribution_mass,2,verified-v3-normuon-3e-4,2,resolved,0.5912428571428572,46781998356403889905742103211576371116440038703355810320250947972184658034327181452478867240437897513805521195484226644389848608080540980528453197/78856638535030650303190998495226774639282690013341371763700216623437414895947763955368856163591961563064563946962428789916729811743123159939809280,178783770968389677577119513324322819130236956044404519305694834638114204258222948434665194523010408752843459243176983585597972941521459327267150558306588826949139565728747739471/301774150400887870681124662773778538831086190693776206981415949235438736283655341290754373760375925859622789655338957665867900714071909403867847862345517666565183204158269816832
B1_raw_rate,False,margin_degrading_attribution_mass,2,verified-v3-normuon-3e-4,3,resolved,0.5915221428571428,10421602313041982297019037852181308110054707137417069403781296652341806335905112516926660178670909906828880507230418573458306697932133910933074871/17523697452229033400709110776717061030951708891853638169711159249652758865766169767859745814131547014014347543769428619981495513720694035542179840,716080273671356500966890625192344036803025588647258205763249648591812735027819080133800713529808656536172044778665186606542325598025350844735379842069827523341396344780493140561/1207096601603551482724498651095114155324344762775104827925663796941754945134621365163017495041503703438491158621355830663471602856287637615471391449382070666260732816633079267328
B1_raw_rate,False,margin_degrading_attribution_mass,2,verified-v3-normuon-3e-4,4,resolved,0.5907228571428572,47100065982088597692999310687780443665201549199628528028470000740102752183678248644337710979426343723044094494138800115388165280731668265412640487/78856638535030650303190998495226774639282690013341371763700216623437414895947763955368856163591961563064563946962428789916729811743123159939809280,89704204659273825918287621073604735745426357138322432085866864085144076842372223334301614924530832724074649367911838306027226800411944401138108163014862157378751353017543245677/150887075200443935340562331386889269415543095346888103490707974617719368141827670645377186880187962929811394827669478832933950357035954701933923931172758833282591602079134908416
B1_raw_rate,False,margin_degrading_attribution_mass,2,verified-v3-normuon-3e-4,5,resolved,0.5936371428571429,94639989287154897106359038792245247530472913367238006438100631308565637056022479507989755185492917623518509786355764094272885742284602508658847909/157713277070061300606381996990453549278565380026682743527400433246874829791895527910737712327183923126129127893924857579833459623486246319879618560,723956430532761833363252651712064547422681175227857457952674034691338936286596492171492763189910460914097337827198198315969010823231645396881672042841466847634934114433507827357/1207096601603551482724498651095114155324344762775104827925663796941754945134621365163017495041503703438491158621355830663471602856287637615471391449382070666260732816633079267328
B1_raw_rate,False,margin_degrading_attribution_mass,3,verified-v3-adamw-1e-5,1,resolved,0.5820728571428572,606515719868766024139864361770546270873510534461327578521138793964543187104486514165022064468472694534793560459/1050639470112680070049392183674852760450329216333861488928476520154382339149785622177129239766063147402028646400,1180588792949642403437358813301280588957537535369370578826294464044300699300911184784573228887995759241039964203706999179478507181453834612448609672685074587469001963221614485253/2042673099508569386421612670909453192513599581378743532409759902879981197030130249779669793933215219341079302806880614986377852491513791753523633161147654004311274700204366888960
B1_raw_rate,False,margin_degrading_attribution_mass,3,verified-v3-adamw-1e-5,2,resolved,0.585075,1836694096063046482048943935748202995761194178975956301397508413539996002456823169636854034300857966607697006077/3151918410338040210148176551024558281350987649001584466785429560463147017449356866531387719298189442206085939200,132652225396621787116101344071144239202097450036459570619182234345275092477773390388455831848439569897448558402941715487425171203001370626616862325752928413645474902990983113977/226963677723174376269068074545494799168177731264304836934417766986664577447792249975518865992579468815675478089653401665153094721279310194835959240127517111590141633356040765440
B1_raw_rate,False,margin_degrading_attribution_mass,3,verified-v3-adamw-1e-5,3,resolved,0.5896428571428572,1844805533076825982800324234829932479223730900387948659474762923363934509614199725465775422994314591156117496177/3151918410338040210148176551024558281350987649001584466785429560463147017449356866531387719298189442206085939200,32472328556400213709915552861638380887690693474782670459536794549252985308929847806034672999479383099041208717135971403969902263067855590846016354284803140034153818064365791699/55207381067799172605989531646201437635502691388614690065128646023783275595408925669720805241438249171380521697483259864496698715986859236581719815166152810927331748654172078080
B1_raw_rate,False,margin_degrading_attribution_mass,3,verified-v3-adamw-1e-5,4,resolved,0.587965,1851240699831266236568078896604616833221952527236166224268129839501473000313084121775500250607119010280402601377/3151918410338040210148176551024558281350987649001584466785429560463147017449356866531387719298189442206085939200,200308558010880989644239597968754948374370012981107623307559091769460335305660948087223266255461009880238895881133158499942327855388575087765746207408921783341010750691689400743/340445516584761564403602111818242198752266596896457255401626650479996866171688374963278298988869203223513217134480102497729642081918965292253938860191275667385212450034061148160
B1_raw_rate,False,margin_degrading_attribution_mass,3,verified-v3-adamw-1e-5,5,resolved,0.58863,1859196291990312268626266704903409330852911126196049906034878725494169450582778428991463253584407977884320749677/3151918410338040210148176551024558281350987649001584466785429560463147017449356866531387719298189442206085939200,150685292630364894758229277472075078930682597035020898129956885920781240885858458686131630527081794610086555097878658128458232966428033407910116855056498821078108245826663404401/255334137438571173302701583863681649064199947672342941551219987859997649628766281222458724241651902417634912850860076873297231561439223969190454145143456750538909337525545861120
B1_raw_rate,False,margin_degrading_attribution_mass,3,verified-v3-muon-1e-3,1,resolved,0.5818585714285714,472401229314012893234723613003118276509575655783079892430497230188972300915932326679794915316210388586165182687642514927352869914539658067528781/813118863604823444174021619245144989912996309840595291918072973068028362719743094524692515372526736717438682255644773584935601715277037830144000,37163990708699974538600658529661368671546958793679418108135906350525429128388585618265538824690675199723607897379219980249672540336005931552153222402725807430560562792298012823/63833534359642793325675395965920412266049986918085735387804996964999412407191570305614681060412975604408728212715019218324307890359805992297613536285864187634727334381386465280
B1_raw_rate,False,margin_degrading_attribution_mass,3,verified-v3-muon-1e-3,2,resolved,0.5876692857142858,1430474174995528175267194884067931285606906016911844252670663483039425557952189884787308400355531378749804018325259136947239769720195851770254593/2439356590814470332522064857735434969738988929521785875754218919204085088159229283574077546117580210152316046766934320754806805145831113490432000,400190938075406731168593031108250625819929610531377215928045161373971920854568891076357311491989476260371811525367753186519562394877322161223337974289527492129757266344001557637/680891033169523128807204223636484397504533193792914510803253300959993732343376749926556597977738406447026434268960204995459284163837930584507877720382551334770424900068122296320
B1_raw_rate,False,margin_degrading_attribution_mass,3,verified-v3-muon-1e-3,3,resolved,0.5850171428571428,1436751839822016297346931204987091933409855027728866375752630252005930148865886081704640875600624293737455415530505037130603262259892881708869343/2439356590814470332522064857735434969738988929521785875754218919204085088159229283574077546117580210152316046766934320754806805145831113490432000,300508751639064275418931714581874571779379112208202148707103157215522542948414499721421575982077799518369051464000254290762995828707020185616409198873499705874322413218699244099/510668274877142346605403167727363298128399895344685883102439975719995299257532562444917448483303804835269825701720153746594463122878447938380908290286913501077818675051091722240
B1_raw_rate,False,margin_degrading_attribution_mass,3,verified-v3-muon-1e-3,4,resolved,0.5885692857142857,1441732192861595909310255138934911128069684265441442456217886852246729165006397659338878914046222664409288871469402896703111146786461989875786343/2439356590814470332522064857735434969738988929521785875754218919204085088159229283574077546117580210152316046766934320754806805145831113490432000,403827000661148392821977214939476934104602693271649765125709408949308765988390037954620955290174697484212573600388889135064551127830663178955469199729117611564957457263832746127/680891033169523128807204223636484397504533193792914510803253300959993732343376749926556597977738406447026434268960204995459284163837930584507877720382551334770424900068122296320
B1_raw_rate,False,margin_degrading_attribution_mass,3,verified-v3-muon-1e-3,5,resolved,0.5919135714285714,1447889245056649247949109919741348237106328324850174996917654814517216647751605140228123186182800561699751386853706837927290927396063332085135593/2439356590814470332522064857735434969738988929521785875754218919204085088159229283574077546117580210152316046766934320754806805145831113490432000,303548455629197741616086834005281463187772609823166532463024025229990902537602493461678138072728547715827899271359230085201187913649106459534143427512712963377638928762578528449/510668274877142346605403167727363298128399895344685883102439975719995299257532562444917448483303804835269825701720153746594463122878447938380908290286913501077818675051091722240
B1_raw_rate,False,margin_degrading_attribution_mass,3,verified-v3-normuon-1e-3,1,resolved,0.5852614285714285,29507699894200465972586878557225258553099873484079240015228860329101682285910812746491671805739096977054107404816335018105743141037256807776791/50819928975301465260876351202821561869562269365037205744879560816751772669983943407793282210782921044839917640977798349058475107204814864384000,592955209427439844396131171734802849625370471069723648252619474801633883057751881178965674553652079739448304949892122570009225125798809272229194799627274288687353760333860266379/1021336549754284693210806335454726596256799790689371766204879951439990598515065124889834896966607609670539651403440307493188926245756895876761816580573827002155637350102183444480
B1_raw_rate,False,margin_degrading_attribution_mass,3,verified-v3-normuon-1e-3,2,resolved,0.5920957142857143,714820040987555931123597107902694433313486488399204048055078544134694702464055958289761950541188433944952812846757836517128415373182602170477109/1219678295407235166261032428867717484869494464760892937877109459602042544079614641787038773058790105076158023383467160377403402572915556745216000,133836183173334935772372672223078921557355695247843124753893982636887494178219320811853336456136703938189442776986246035353448225544276142623132904950544629534715344817503183507/226963677723174376269068074545494799168177731264304836934417766986664577447792249975518865992579468815675478089653401665153094721279310194835959240127517111590141633356040765440
B1_raw_rate,False,margin_degrading_attribution_mass,3,verified-v3-normuon-1e-3,3,resolved,0.5850342857142856,179489718350199998040866317090568689303740248451928777399015482154486749480226014187107047040933722859694627862345196652202540410757779284946121/304919573851808791565258107216929371217373616190223234469277364900510636019903660446759693264697526269039505845866790094350850643228889186304000,1201675069287536321100100872776584225205342654641160333617545073109087099674642727811902075188338178748343536507962214527486384499672437255207884287159675624759075986791044024653/2042673099508569386421612670909453192513599581378743532409759902879981197030130249779669793933215219341079302806880614986377852491513791753523633161147654004311274700204366888960
B1_raw_rate,False,margin_degrading_attribution_mass,3,verified-v3-normuon-1e-3,4,resolved,0.5896921428571428,90056131240073724768140904417023044318109451583000393728586278592293313248894980695693400923316759596836904927353714549383012988289458902905373/152459786925904395782629053608464685608686808095111617234638682450255318009951830223379846632348763134519752922933395047175425321614444593152000,403276877373074084671515351796153349271083402699063330359414476597286209022592448583401783502157631482000937792558553663314247420788013708676239182289638067630624693642315612351/680891033169523128807204223636484397504533193792914510803253300959993732343376749926556597977738406447026434268960204995459284163837930584507877720382551334770424900068122296320
B1_raw_rate,False,margin_degrading_attribution_mass,3,verified-v3-normuon-1e-3,5,resolved,0.5914471428571428,723527576018116467464554625739402909063197642368369420178574209873590247363763586010169343454823025419926497110981687007153994211116342327917609/1219678295407235166261032428867717484869494464760892937877109459602042544079614641787038773058790105076158023383467160377403402572915556745216000,605753962306099187470840439881396519325988750373036984700470763558283994892931881230924467406613398311469241603163907512107472097971269416259334167244453498533654030201154038159/1021336549754284693210806335454726596256799790689371766204879951439990598515065124889834896966607609670539651403440307493188926245756895876761816580573827002155637350102183444480
B1_raw_rate,False,margin_degrading_attribution_mass,4,verified-v3-adamw-3e-5,1,resolved,0.5857735714285714,5250034302326036265898876854284016739550150992534710038493676189571215917319423066404745480987300207444594157/8833307687247650589947538519773583074893474891608942886334882309132201658060319216768966371721215692305858560,16634707954502394241055647447577385211498843842712413908138336385860885680099666749812185395169001280915733362705655616610842773466915697094602586431147803324607874651358077/28156057070133162915323661164037091560015762387345521255554340247440897699985885125248269650588167718213784161634700768792273188497886307365190087630631564659671452677570560
B1_raw_rate,False,margin_degrading_attribution_mass,4,verified-v3-adamw-3e-5,2,resolved,0.5897585714285715,5309298085289645664141320184930175042476593824358183080224417682616698418995273730222462137704799816031894557/8833307687247650589947538519773583074893474891608942886334882309132201658060319216768966371721215692305858560,5597471960254997705750263947655670470919798320396856724567108290546320151305407512362999560253510344763159029186882484504973325307941386616982494895469634148152998074024939/9385352356711054305107887054679030520005254129115173751851446749146965899995295041749423216862722572737928053878233589597424396165962102455063362543543854886557150892523520
B1_raw_rate,False,margin_degrading_attribution_mass,4,verified-v3-adamw-3e-5,3,resolved,0.5879642857142857,1772856985064252867042133869909093401752764061218556133451764443683426020786780107087066100355231839530039709/2944435895749216863315846173257861024964491630536314295444960769710733886020106405589655457240405230768619520,33743051519315794362344302138806008589982712869623833642512169323019120622985958688406268864466127110353434049628331860945715485118989869768435463514360429837396929038140529/56312114140266325830647322328074183120031524774691042511108680494881795399971770250496539301176335436427568323269401537584546376995772614730380175261263129319342905355141120
B1_raw_rate,False,margin_degrading_attribution_mass,4,verified-v3-adamw-3e-5,4,resolved,0.58876,5330215498104281373441232025480445950966498532097716186424011373780724748634930969592406358275610493217310397/8833307687247650589947538519773583074893474891608942886334882309132201658060319216768966371721215692305858560,16875398385850339730758595677108056869133397530463707481349262193620352966508429128125127794766522176620992545849444747689568474844970171776198344903847046899703805592973177/28156057070133162915323661164037091560015762387345521255554340247440897699985885125248269650588167718213784161634700768792273188497886307365190087630631564659671452677570560
B1_raw_rate,False,margin_degrading_attribution_mass,4,verified-v3-adamw-3e-5,5,resolved,0.5892628571428571,5342464351430597943408883680427476687407898148645884497090996953332963350509333318779026930979792156853666217/8833307687247650589947538519773583074893474891608942886334882309132201658060319216768966371721215692305858560,11281548681572683921069144136171176786862243381362324817781305473543955913840469267019690954174845213562830507128884901927354376251307357522401553581768906166140724597927793/18770704713422108610215774109358061040010508258230347503702893498293931799990590083498846433725445145475856107756467179194848792331924204910126725087087709773114301785047040
B1_raw_rate,False,margin_degrading_attribution_mass,4,verified-v3-muon-3e-3,1,resolved,0.5424921428571429,683014935528271039047129846614242339034995939090704294890070304919055644550641092197230276081026643340919427403024533360735887409647694902999/1280402264826176594151930204750150169497585521402563769540892583070673537524033970271767861380161612605519972319298789148280204384948841349120,5942988594852437423804201598523198023613034755822896820486130016828207888311248682604167339464639583634334714599480697208902115298124729719863085304804264990490886982758377/11262422828053265166129464465614836624006304954938208502221736098976359079994354050099307860235267087285513664653880307516909275399154522946076035052252625863868581071028224
B1_raw_rate,False,margin_degrading_attribution_mass,4,verified-v3-muon-3e-3,2,resolved,0.5378814285714285,2074815950741260876279233418807657595490198492536658982639330222016648812277436973752608958286602496332995132860166500627798427671097835276397/3841206794478529782455790614250450508492756564207691308622677749212020612572101910815303584140484837816559916957896367444840613154846524047360,6025711980151399535544247137031566529525119992510622955755106211865339453576696134051926518130819550578609453251930040972461654394786366640266255197889699753673659143978745/11262422828053265166129464465614836624006304954938208502221736098976359079994354050099307860235267087285513664653880307516909275399154522946076035052252625863868581071028224
B1_raw_rate,False,margin_degrading_attribution_mass,4,verified-v3-muon-3e-3,3,resolved,0.5432642857142858,129928018956401060660042645229620457892861176371991842455598683122915206242089566543154879141141254858370472116428298901071081137802081629387/240075424654908111403486913390653156780797285262980706788917359325751288285756369425956474008780302363534994809868522965302538322177907752960,1515652331646221063648816070545746511532853172708801082333975273136541722533138460800212247348092814345163056218813484019169956062412990480390709777249271052910744553310049/2815605707013316291532366116403709156001576238734552125555434024744089769998588512524826965058816771821378416163470076879227318849788630736519008763063156465967145267757056
B1_raw_rate,False,margin_degrading_attribution_mass,4,verified-v3-muon-3e-3,4,resolved,0.5483742857142857,231545776600235835195037593265810916383063847617680304891696509196808904573823365502783123923175023898021751426501813434161119104194826629493/426800754942058864717310068250050056499195173800854589846964194356891179174677990090589287126720537535173324106432929716093401461649613783040,338322915630179425171099332686942639582707664696376056188786973824012906339462407842061182870098238212290976279237581247844001684543183289134815639616620636923751666197913/625690157114070287007192470311935368000350275274344916790096449943131059999686336116628214457514838182528536925215572639828293077730806830337557502902923659103810059501568
B1_raw_rate,False,margin_degrading_attribution_mass,4,verified-v3-muon-3e-3,5,resolved,0.5571792857142858,232137606980422148501341433835503110202725567733891452719474058106542516211149192692399718011517420143779146231610215054048908650906918032623/426800754942058864717310068250050056499195173800854589846964194356891179174677990090589287126720537535173324106432929716093401461649613783040,6118985380918758349445959493956855641898295429872221699477913986138560202151799187460258433817652598617720175305961832671436273187412219005240635610534925277292878779214637/11262422828053265166129464465614836624006304954938208502221736098976359079994354050099307860235267087285513664653880307516909275399154522946076035052252625863868581071028224
B1_raw_rate,False,margin_degrading_attribution_mass,4,verified-v3-normuon-3e-3,1,resolved,0.5348342857142857,1384395939302657827360806544608244246140387872704452751802487369802724367168596443127562591550878905564191332837089854202624604611012352047261/2560804529652353188303860409500300338995171042805127539081785166141347075048067940543535722760323225211039944638597578296560408769897682698240,3775463745687078892158165795740502275365543843396628704698684514047771613084077794123970144806438494667234090742521043022443391887797103879428697330475625219557102698555047/7039014267533290728830915291009272890003940596836380313888585061860224424996471281312067412647041929553446040408675192198068297124471576841297521907657891164917863169392640
B1_raw_rate,False,margin_degrading_attribution_mass,4,verified-v3-normuon-3e-3,2,resolved,0.5396864285714286,4204730106220869000358107391754593895191584968642450451345700723927136858756816723704524034739681849313047699813455363699055344717346557276583/7682413588957059564911581228500901016985513128415382617245355498424041225144203821630607168280969675633119833915792734889681226309693048094720,30535834288965611788127431605585152931961231043735466484368850183634537088090733609195902629149246523803679958378221345420415082835892341364377893735794450738698968030122911/56312114140266325830647322328074183120031524774691042511108680494881795399971770250496539301176335436427568323269401537584546376995772614730380175261263129319342905355141120
B1_raw_rate,False,margin_degrading_attribution_mass,4,verified-v3-normuon-3e-3,3,resolved,0.5446657142857143,4212794811343181188921005201487133356782745627472871444646198139827125833948808905580262250682997012114912541818827927277733085784817498864173/7682413588957059564911581228500901016985513128415382617245355498424041225144203821630607168280969675633119833915792734889681226309693048094720,30658635612676880593930340764397443908621044170071335488949559950147210054616966083269978244407843566032231577641587015284380201472939174271444713285454904273647058442911341/56312114140266325830647322328074183120031524774691042511108680494881795399971770250496539301176335436427568323269401537584546376995772614730380175261263129319342905355141120
B1_raw_rate,False,margin_degrading_attribution_mass,4,verified-v3-normuon-3e-3,4,resolved,0.5518028571428572,469213575949176920145590803658208355456259693409708663790841938381822168503418150583266927642625254090160995530017222695373181472295307339407/853601509884117729434620136500100112998390347601709179693928388713782358349355980181178574253441075070346648212865859432186802923299227566080,1717946156410235707758452037098066440804499665456301843493210103519057383208687326242686017398058977932758990714514838256518330757590099754857616833158187129083016495273417/3128450785570351435035962351559676840001751376371724583950482249715655299998431680583141072287574190912642684626077863199141465388654034151687787514514618295519050297507840
B1_raw_rate,False,margin_degrading_attribution_mass,4,verified-v3-normuon-3e-3,5,resolved,0.5584957142857143,470397236709549546758198484797592743095583133642130959446397036201289391778069804962500115819310046581675785140234025935148760565719490145667/853601509884117729434620136500100112998390347601709179693928388713782358349355980181178574253441075070346648212865859432186802923299227566080,30960185808003368196569893580945121763510335021497276325133656961663493513101812119514478893650290791645783205262525229459288989543676435707199956834296784926865156789821631/56312114140266325830647322328074183120031524774691042511108680494881795399971770250496539301176335436427568323269401537584546376995772614730380175261263129319342905355141120
B1_raw_rate,False,random_50pct_relative_shortlist_ndcg,1,verified-v3-adamw-1e-6,1,resolved,0.5425692857142858,130224372348772038478581814590100946882861204679283096887181137322758128715658129/233011145687479238354158943970038900104151402662089270191925086032799790362787840,146119997902925198477538364599586907093833130318554677050409147560560673358903933848805198865691545248586305807767600458839741401929024779867857/261264474021694558438875907229997985825183032226717145854860064468114726644310586609019103831884963327987834869941877806104725915386747331543040
B1_raw_rate,False,random_50pct_relative_shortlist_ndcg,1,verified-v3-adamw-1e-6,2,resolved,0.55545,131241558464438238095028142771596823211778010229488801008484946345150687105976139/233011145687479238354158943970038900104151402662089270191925086032799790362787840,147290332220788902376446780666363117340220304679611500326369714243964102992451311982310753000448198101455167307889977105545254727007959105899097/261264474021694558438875907229997985825183032226717145854860064468114726644310586609019103831884963327987834869941877806104725915386747331543040
B1_raw_rate,False,random_50pct_relative_shortlist_ndcg,1,verified-v3-adamw-1e-6,3,resolved,0.5608178571428571,43818716877949187064045844890233083240088764275182086599257266193069355068701663/77670381895826412784719647990012966701383800887363090063975028677599930120929280,147006460420105925812833620827505601661810218258678360513893367870626697969131763469535473765578609813539742873571485621060842523082152634520417/261264474021694558438875907229997985825183032226717145854860064468114726644310586609019103831884963327987834869941877806104725915386747331543040
B1_raw_rate,False,random_50pct_relative_shortlist_ndcg,1,verified-v3-adamw-1e-6,4,resolved,0.5633707142857143,132008387049126888828480683548976521817963766471388986869711569087888013184453769/233011145687479238354158943970038900104151402662089270191925086032799790362787840,148010551750795895893871796963387632930626014370136064333124214540431927630607637137019010195864242659073155076319060811247272500415931081820097/261264474021694558438875907229997985825183032226717145854860064468114726644310586609019103831884963327987834869941877806104725915386747331543040
B1_raw_rate,False,random_50pct_relative_shortlist_ndcg,1,verified-v3-adamw-1e-6,5,resolved,0.5649535714285714,14739932700005600723416527382205684538140086472103981515373167677230398609794181/25890127298608804261573215996670988900461266962454363354658342892533310040309760,148739725596287601523230645625129831282328579001152917525080278235290703584466853640156530495298371096235774283876821556063164403975364889653117/261264474021694558438875907229997985825183032226717145854860064468114726644310586609019103831884963327987834869941877806104725915386747331543040
B1_raw_rate,False,random_50pct_relative_shortlist_ndcg,1,verified-v3-muon-1e-4,1,resolved,0.5822957142857142,134470182481516030299122335383426868070045588820917241450206787152518694212101361/233011145687479238354158943970038900104151402662089270191925086032799790362787840,15121972187712115432266216734017956726845008028020590281652360396867151608713688096803554725935209898422728794632811883303680786014833471768151/26126447402169455843887590722999798582518303222671714585486006446811472664431058660901910383188496332798783486994187780610472591538674733154304
B1_raw_rate,False,random_50pct_relative_shortlist_ndcg,1,verified-v3-muon-1e-4,2,resolved,0.5879385714285714,135487368597182229915568663564922744398962394371122945571510596174911252602419371/233011145687479238354158943970038900104151402662089270191925086032799790362787840,390684153198497104955617716151998797791991025281662147540847360135478416920511167407060157886182064354386784875263852521211929610233255036983/669908907747934765227886941615379450833802646735172168858615549918242888831565606689792573927910162379455986846004814887448015167658326491136
B1_raw_rate,False,random_50pct_relative_shortlist_ndcg,1,verified-v3-muon-1e-4,3,resolved,0.58963,45233986922197184337559351821341723635816892322393468120265816136322876900849407/77670381895826412784719647990012966701383800887363090063975028677599930120929280,15237823670191030341789083933262453691968231143279399256938773193004440982494020280155809948820256106591541921386436937925239444560889081557267/26126447402169455843887590722999798582518303222671714585486006446811472664431058660901910383188496332798783486994187780610472591538674733154304
B1_raw_rate,False,random_50pct_relative_shortlist_ndcg,1,verified-v3-muon-1e-4,4,resolved,0.5903421428571428,136254197181870880649021204342302443005148150613023131432737218917648578680897001/233011145687479238354158943970038900104151402662089270191925086032799790362787840,15312854408659939067276589240541694561135759122775665039701338394739892028053106154564894310293578789349305736687640572405790111329061812288705/26126447402169455843887590722999798582518303222671714585486006446811472664431058660901910383188496332798783486994187780610472591538674733154304
B1_raw_rate,False,random_50pct_relative_shortlist_ndcg,1,verified-v3-muon-1e-4,5,resolved,0.5910157142857143,45635068144264799443763089077725694010148387463523326067128052974944717661530287/77670381895826412784719647990012966701383800887363090063975028677599930120929280,5132117456516722576090270959269629551371869444712695178106268454305776448948236554751701955831169287540666697543749918137697264312317760234611/8708815800723151947962530240999932860839434407557238195162002148937157554810352886967303461062832110932927828998062593536824197179558244384768
B1_raw_rate,False,random_50pct_relative_shortlist_ndcg,1,verified-v3-normuon-1e-4,1,resolved,0.5801178571428572,67307746551777788335802341046343877212218778561782634042391037349327160790812853/116505572843739619177079471985019450052075701331044635095962543016399895181393920,18882472053756307444103896718598233417550481901547877416704577286024289384244278602445610699653184065194933692679452681849253825209212204569649/32658059252711819804859488403749748228147879028339643231857508058514340830538823326127387978985620415998479358742734725763090739423343416442880
B1_raw_rate,False,random_50pct_relative_shortlist_ndcg,1,verified-v3-normuon-1e-4,2,resolved,0.5869142857142856,33908169804805444072012752568545907688338590668442743051521470930261719992985929/58252786421869809588539735992509725026037850665522317547981271508199947590696960,6342774054108314755541190710066530882645911160421113052691108652969833864269825062166904931249485113896500193745195530279797029233475672116493/10886019750903939934953162801249916076049293009446547743952502686171446943512941108709129326328540138666159786247578241921030246474447805480960
B1_raw_rate,False,random_50pct_relative_shortlist_ndcg,1,verified-v3-normuon-1e-4,3,resolved,0.5895821428571428,22641211898105183230860067028881009543640440878304738499228789325850709678678761/38835190947913206392359823995006483350691900443681545031987514338799965060464640,38073740734635648758022945218073722464668294650015756689303650653311343313142290259380893715859079940033416413241821383736229260997146673656183/65316118505423639609718976807499496456295758056679286463715016117028681661077646652254775957971240831996958717485469451526181478846686832885760
B1_raw_rate,False,random_50pct_relative_shortlist_ndcg,1,verified-v3-normuon-1e-4,4,resolved,0.5898942857142858,68199753901955213510751775525781664679770059457835579033656253231892103025210673/116505572843739619177079471985019450052075701331044635095962543016399895181393920,38294406028650244063561803373625490864306512735943477561808094404164262332357195880360255016740975613817255280291327443726369845910685653420253/65316118505423639609718976807499496456295758056679286463715016117028681661077646652254775957971240831996958717485469451526181478846686832885760
B1_raw_rate,False,random_50pct_relative_shortlist_ndcg,1,verified-v3-normuon-1e-4,5,resolved,0.5909735714285714,22841752509138990783961935657072994730806188448869667472659907745161630059019201/38835190947913206392359823995006483350691900443681545031987514338799965060464640,12826565705045817955120048613767829456848748167527903760904319684486074506729220008972652461524273138251243484469888417426569574827362720656361/21772039501807879869906325602499832152098586018893095487905005372342893887025882217418258652657080277332319572495156483842060492948895610961920
B1_raw_rate,False,random_50pct_relative_shortlist_ndcg,2,verified-v3-adamw-3e-6,1,resolved,0.5644085714285715,31183576763943463691757900085230975085311098677666359658291194868123315684043397381821517297554743926265004640191/55142763619365545738073990462216406258743188044747189783731509563070997567722658311315731069558980391294740725760,1670464869479654026826553355987893341469861544586962013551978890690865845367605166811385352916739169376990998962492468433700702927874413623547831087171426264567090129956471567/2954148376221133330514939753112559296077014626261363997271935926741719974952115928243878092061490380196086797114897298199089505242936564772458151231578012891921052813322354688
B1_raw_rate,False,random_50pct_relative_shortlist_ndcg,2,verified-v3-adamw-3e-6,2,resolved,0.5754778571428572,15730238294549543980119676280343210978186745982091038352368790068521596366821784971673430632400526232179924288093/27571381809682772869036995231108203129371594022373594891865754781535498783861329155657865534779490195647370362880,3370813526221174510174409415799459408675057235893258983604070830412625207494176226331108713746502091716241328770856760460519934591562527405838549105280492415994677381614174757/5908296752442266661029879506225118592154029252522727994543871853483439949904231856487756184122980760392173594229794596398179010485873129544916302463156025783842105626644709376
B1_raw_rate,False,random_50pct_relative_shortlist_ndcg,2,verified-v3-adamw-3e-6,3,resolved,0.5815735714285715,10513680639103635226416027962527727557496276545147246775049408026916473514083276571273740924927762428100139484427/18380921206455181912691330154072135419581062681582396594577169854356999189240886103771910356519660130431580241920,1689778273323678104952088005934655427537667683701317117313016774021028301831135685017579510550637351902978424555625744670857931641888548993161027059650624830768193335634716575/2954148376221133330514939753112559296077014626261363997271935926741719974952115928243878092061490380196086797114897298199089505242936564772458151231578012891921052813322354688
B1_raw_rate,False,random_50pct_relative_shortlist_ndcg,2,verified-v3-adamw-3e-6,4,resolved,0.5840192857142857,15841447244258408625327246895171378430204506126087658520059006334378037807118420735261269615326861294483227682683/27571381809682772869036995231108203129371594022373594891865754781535498783861329155657865534779490195647370362880,1273133596862204284547111336401568258266090244719906983835666095247726404719769457249782279478639591146786176529013257211609039617299968693636286676946603632553554327052784717/2215611282165849997886204814834419472057760969696022997953951945056289981214086946182908569046117785147065097836172973649317128932202423579343613423683509668940789609991766016
B1_raw_rate,False,random_50pct_relative_shortlist_ndcg,2,verified-v3-adamw-3e-6,5,resolved,0.5834164285714286,31836685905687303819356229113313258888034966664177734873181474521523241227267651037533238913050605609146807563251/55142763619365545738073990462216406258743188044747189783731509563070997567722658311315731069558980391294740725760,5117125863673579495740896043009172588953110758343913787066929710456095504479701040963227167306326401295054196889732181755422928466244705421246124100341708613416467904600828265/8862445128663399991544819259337677888231043878784091991815807780225159924856347784731634276184471140588260391344691894597268515728809694317374453694734038675763158439967064064
B1_raw_rate,False,random_50pct_relative_shortlist_ndcg,2,verified-v3-muon-3e-4,1,resolved,0.5881207142857142,92734900904937342077943148380727437056849526356525086996751562320841971009666295766166746153117785845671495939762910022739559383392769557217806353/157713277070061300606381996990453549278565380026682743527400433246874829791895527910737712327183923126129127893924857579833459623486246319879618560,1157953955736953968201857615738496757047032779014849588913276941095629296464421425219075348717900428879960060853837917751000126171469603095586657912895332525638323303557853115/1969432250814088887009959835408372864051343084174242664847957284494479983301410618829252061374326920130724531409931532132726336828624376514972100821052008594614035208881569792
B1_raw_rate,False,random_50pct_relative_shortlist_ndcg,2,verified-v3-muon-3e-4,2,resolved,0.5927621428571428,46763429688718663705544843403357607346651777401621953952334779162133673349791814543584434285172410653332519216809976693779355597244502358831224849/78856638535030650303190998495226774639282690013341371763700216623437414895947763955368856163591961563064563946962428789916729811743123159939809280,1751884592041687676390001227999834506946264575031271720283845765103458450472103425062512852115192331805506067247029198750125395860474083885464476674230353193356298489771066049/2954148376221133330514939753112559296077014626261363997271935926741719974952115928243878092061490380196086797114897298199089505242936564772458151231578012891921052813322354688
B1_raw_rate,False,random_50pct_relative_shortlist_ndcg,2,verified-v3-muon-3e-4,3,resolved,0.5912535714285714,31252427827335796090925607017731415150305280544428637299399777416991429218025092944850358565835738480171306869241755753301258086572375985001072381/52571092356687100202127332330151183092855126675560914509133477748958276597298509303579237442394641042043042631308285859944486541162082106626539520,3512189511722994809690688254556896596480786911692706236498101812073352028509944336365119098243046355120653881514938465927797527995607308045757673549570433603127656256336090321/5908296752442266661029879506225118592154029252522727994543871853483439949904231856487756184122980760392173594229794596398179010485873129544916302463156025783842105626644709376
B1_raw_rate,False,random_50pct_relative_shortlist_ndcg,2,verified-v3-muon-3e-4,4,resolved,0.591362142857143,47081497314403371492802050879561679895413287897894671660553831930051767499142881735443278024160856862571092515464550164777672269895629643715412139/78856638535030650303190998495226774639282690013341371763700216623437414895947763955368856163591961563064563946962428789916729811743123159939809280,2645402335974751354649092872192919615642093505096424964652067278712352637517777202889244503284323124547508540322083353150716540111892517242281118430380167712890515430024352545/4431222564331699995772409629668838944115521939392045995907903890112579962428173892365817138092235570294130195672345947298634257864404847158687226847367019337881579219983532032
B1_raw_rate,False,random_50pct_relative_shortlist_ndcg,2,verified-v3-muon-3e-4,5,resolved,0.5924307142857143,94602851951784444705964519175807719990896390763770293702268293688463667686951745690200889274961943902572505829007264193051899720612525265264391213/157713277070061300606381996990453549278565380026682743527400433246874829791895527910737712327183923126129127893924857579833459623486246319879618560,2657766145265590299340643015832813235642321697471720417973370043104822429237368303809493351580319600853439025440574938541856407838641385993060569409755148269213517076915289693/4431222564331699995772409629668838944115521939392045995907903890112579962428173892365817138092235570294130195672345947298634257864404847158687226847367019337881579219983532032
B1_raw_rate,False,random_50pct_relative_shortlist_ndcg,2,verified-v3-normuon-3e-4,1,resolved,0.5875385714285715,92772038240307794478337667997164964596426048959992799732583899940943940378737029583955612063648759566617499897111409923960545405064846800612263049/157713277070061300606381996990453549278565380026682743527400433246874829791895527910737712327183923126129127893924857579833459623486246319879618560,1448102320402125223848549851629077159714266850151508358662687485664561206278647469700608545793186062772228672707208692158485815765507646144323955579458096079807245818879427487/2461790313517611108762449794260466080064178855217803331059946605618099979126763273536565076717908650163405664262414415165907921035780470643715126026315010743267544011101962240
B1_raw_rate,False,random_50pct_relative_shortlist_ndcg,2,verified-v3-normuon-3e-4,2,resolved,0.5912428571428572,46781998356403889905742103211576371116440038703355810320250947972184658034327181452478867240437897513805521195484226644389848608080540980528453197/78856638535030650303190998495226774639282690013341371763700216623437414895947763955368856163591961563064563946962428789916729811743123159939809280,8762423252098737425155608951228041147945634126210293291578517614238131767754187242463270164379228826964285317558692751302650459068988805590066300116113770102593224962136668427/14770741881105666652574698765562796480385073131306819986359679633708599874760579641219390460307451900980433985574486490995447526214682823862290756157890064459605264066611773440
B1_raw_rate,False,random_50pct_relative_shortlist_ndcg,2,verified-v3-normuon-3e-4,3,resolved,0.5915221428571428,10421602313041982297019037852181308110054707137417069403781296652341806335905112516926660178670909906828880507230418573458306697932133910933074871/17523697452229033400709110776717061030951708891853638169711159249652758865766169767859745814131547014014347543769428619981495513720694035542179840,17567038320716080498135701956128488543511516041942165063523736686705533212141593799415756162149153855536583926556224817226597938912041415023240524962335310143953796404183829459/29541483762211333305149397531125592960770146262613639972719359267417199749521159282438780920614903801960867971148972981990895052429365647724581512315780128919210528133223546880
B1_raw_rate,False,random_50pct_relative_shortlist_ndcg,2,verified-v3-normuon-3e-4,4,resolved,0.5907228571428572,47100065982088597692999310687780443665201549199628528028470000740102752183678248644337710979426343723044094494138800115388165280731668265412640487/78856638535030650303190998495226774639282690013341371763700216623437414895947763955368856163591961563064563946962428789916729811743123159939809280,25075178721756731189187891833388180442550163335113295811147438138932109921736806692105642675433605708943544670573366522200745612977995885247485469736449119270450986062792477/41982212831186167652983511413252855936670032585429142547682651730104973590034807128051322956818906397860068173115546634757311775124631427367950988606035237687177444054794240
B1_raw_rate,False,random_50pct_relative_shortlist_ndcg,2,verified-v3-normuon-3e-4,5,resolved,0.5936371428571429,94639989287154897106359038792245247530472913367238006438100631308565637056022479507989755185492917623518509786355764094272885742284602508658847909/157713277070061300606381996990453549278565380026682743527400433246874829791895527910737712327183923126129127893924857579833459623486246319879618560,26590803657037035143035037554089888042112146016717110704286710581248960465367152526752038524099225816730755213006034056630128960903216193646194418849134678742663179201852620101/44312225643316999957724096296688389441155219393920459959079038901125799624281738923658171380922355702941301956723459472986342578644048471586872268473670193378815792199835320320
B1_raw_rate,False,random_50pct_relative_shortlist_ndcg,3,verified-v3-adamw-1e-5,1,resolved,0.5820728571428572,606515719868766024139864361770546270873510534461327578521138793964543187104486514165022064468472694534793560459/1050639470112680070049392183674852760450329216333861488928476520154382339149785622177129239766063147402028646400,28646131831395036467693022184574665438274630604061346085362404224309329214582898394363211344994116314846214821353661007932344023903467625935724109480834411994587569944786608421/49691555467038678387057639036469368427151243428559692422517708629400247347672381711381452746036421731504670849470026237915548628279064499877537470968750671828498678506502225920
B1_raw_rate,False,random_50pct_relative_shortlist_ndcg,3,verified-v3-adamw-1e-5,2,resolved,0.585075,1836694096063046482048943935748202995761194178975956301397508413539996002456823169636854034300857966607697006077/3151918410338040210148176551024558281350987649001584466785429560463147017449356866531387719298189442206085939200,1382892006754117493720922511925936761612309947288955643722975437421758045803614931522375056983138895544316063752141786382901600301700227128794276744959035275812628625405347341/2366264546049460875574173287450922306054821115645699639167509934733345111793922938637212035525543891976412897593810773234073744203764976184644641474702412944214222786023915520
B1_raw_rate,False,random_50pct_relative_shortlist_ndcg,3,verified-v3-adamw-1e-5,3,resolved,0.5896428571428572,1844805533076825982800324234829932479223730900387948659474762923363934509614199725465775422994314591156117496177/3151918410338040210148176551024558281350987649001584466785429560463147017449356866531387719298189442206085939200,29141311971794402180109137450936162801620760281292788020075501644242317375459271998862481298294864661221275143138080768092495650863641740875456122452656297263624869848411273341/49691555467038678387057639036469368427151243428559692422517708629400247347672381711381452746036421731504670849470026237915548628279064499877537470968750671828498678506502225920
B1_raw_rate,False,random_50pct_relative_shortlist_ndcg,3,verified-v3-adamw-1e-5,4,resolved,0.587965,1851240699831266236568078896604616833221952527236166224268129839501473000313084121775500250607119010280402601377/3151918410338040210148176551024558281350987649001584466785429560463147017449356866531387719298189442206085939200,9768342151115524998996170270028234306552216140737368607491165882102160002619105897235128945755714719013445754182032798156987416430004262095556365869694953839999309050408743047/16563851822346226129019213012156456142383747809519897474172569543133415782557460570460484248678807243834890283156675412638516209426354833292512490322916890609499559502167408640
B1_raw_rate,False,random_50pct_relative_shortlist_ndcg,3,verified-v3-adamw-1e-5,5,resolved,0.58863,1859196291990312268626266704903409330852911126196049906034878725494169450582778428991463253584407977884320749677/3151918410338040210148176551024558281350987649001584466785429560463147017449356866531387719298189442206085939200,9812682943820551418536225161565543325792513374198395140783224463222645357980601220993766567356528181546828273752978031602993898233378669468822890955806863044928984625372331787/16563851822346226129019213012156456142383747809519897474172569543133415782557460570460484248678807243834890283156675412638516209426354833292512490322916890609499559502167408640
B1_raw_rate,False,random_50pct_relative_shortlist_ndcg,3,verified-v3-muon-1e-3,1,resolved,0.5818585714285714,472401229314012893234723613003118276509575655783079892430497230188972300915932326679794915316210388586165182687642514927352869914539658067528781/813118863604823444174021619245144989912996309840595291918072973068028362719743094524692515372526736717438682255644773584935601715277037830144000,2056467792919918450343534446773336110136423535411799475467730442970611336063281985085701207240890128684134212298906782576158586196194734445476319648715767411779697966157039319/3549396819074191313361259931176383459082231673468549458751264902100017667690884407955818053288315837964619346390716159851110616305647464276966962212053619416321334179035873280
B1_raw_rate,False,random_50pct_relative_shortlist_ndcg,3,verified-v3-muon-1e-3,2,resolved,0.5876692857142858,1430474174995528175267194884067931285606906016911844252670663483039425557952189884787308400355531378749804018325259136947239769720195851770254593/2439356590814470332522064857735434969738988929521785875754218919204085088159229283574077546117580210152316046766934320754806805145831113490432000,231859750011761695232926634244254943453731524328550944966723797137866788594697472158060287947313009855594740963433751377550253356994258145080461458461253914957603706938152401/394377424341576812595695547908487051009136852607616606527918322455557518632320489772868672587590648662735482932301795539012290700627496030774106912450402157369037131003985920
B1_raw_rate,False,random_50pct_relative_shortlist_ndcg,3,verified-v3-muon-1e-3,3,resolved,0.5850171428571428,1436751839822016297346931204987091933409855027728866375752630252005930148865886081704640875600624293737455415530505037130603262259892881708869343/2439356590814470332522064857735434969738988929521785875754218919204085088159229283574077546117580210152316046766934320754806805145831113490432000,14733659369838037519000521914618296984282431830567886097323982909775164407088026870055110485062394185627265049324757911141251313477579335099222670126517767470375440107474358573/24845777733519339193528819518234684213575621714279846211258854314700123673836190855690726373018210865752335424735013118957774314139532249938768735484375335914249339253251112960
B1_raw_rate,False,random_50pct_relative_shortlist_ndcg,3,verified-v3-muon-1e-3,4,resolved,0.5885692857142857,1441732192861595909310255138934911128069684265441442456217886852246729165006397659338878914046222664409288871469402896703111146786461989875786343/2439356590814470332522064857735434969738988929521785875754218919204085088159229283574077546117580210152316046766934320754806805145831113490432000,1618251318683865755346902361781185074160529945007415957812741439046911841871782790635938496443235937966354384032934733614408768116704549639145665314476754148406629847750575397/2760641970391037688169868835359409357063957968253316245695428257188902630426243428410080708113134540639148380526112568773086034904392472215418748387152815101583259917027901440
B1_raw_rate,False,random_50pct_relative_shortlist_ndcg,3,verified-v3-muon-1e-3,5,resolved,0.5919135714285714,1447889245056649247949109919741348237106328324850174996917654814517216647751605140228123186182800561699751386853706837927290927396063332085135593/2439356590814470332522064857735434969738988929521785875754218919204085088159229283574077546117580210152316046766934320754806805145831113490432000,4929582840838844052045502328406463964874627222608115880051507984074363127676853854208444165651723435542247692001482582026857232451473790005630808478806700772214032475899627501/8281925911173113064509606506078228071191873904759948737086284771566707891278730285230242124339403621917445141578337706319258104713177416646256245161458445304749779751083704320
B1_raw_rate,False,random_50pct_relative_shortlist_ndcg,3,verified-v3-normuon-1e-3,1,resolved,0.5852614285714285,29507699894200465972586878557225258553099873484079240015228860329101682285910812746491671805739096977054107404816335018105743141037256807776791/50819928975301465260876351202821561869562269365037205744879560816751772669983943407793282210782921044839917640977798349058475107204814864384000,3629270488602313319820320663781931141611649998136833849791095083329434172401709501142058750462086198054882176386167969368914577122019816108225462081510477357386764490165547003/6211444433379834798382204879558671053393905428569961552814713578675030918459047713922681593254552716438083856183753279739443578534883062484692183871093833978562334813312778240
B1_raw_rate,False,random_50pct_relative_shortlist_ndcg,3,verified-v3-normuon-1e-3,2,resolved,0.5920957142857143,714820040987555931123597107902694433313486488399204048055078544134694702464055958289761950541188433944952812846757836517128415373182602170477109/1219678295407235166261032428867717484869494464760892937877109459602042544079614641787038773058790105076158023383467160377403402572915556745216000,809633464015089072199356244562140530133060859111664862084156498970443575812010586986440358367038061498840951178032182090711487503987593466063576803982076043660216956798524529/1380320985195518844084934417679704678531978984126658122847714128594451315213121714205040354056567270319574190263056284386543017452196236107709374193576407550791629958513950720
B1_raw_rate,False,random_50pct_relative_shortlist_ndcg,3,verified-v3-normuon-1e-3,3,resolved,0.5850342857142856,179489718350199998040866317090568689303740248451928777399015482154486749480226014187107047040933722859694627862345196652202540410757779284946121/304919573851808791565258107216929371217373616190223234469277364900510636019903660446759693264697526269039505845866790094350850643228889186304000,1837468726142417226982067573059385361804319887286602805785853829931348361390854309316204072692081659048047600014929031414062484791475396199178351261523479208614904900968311319/3105722216689917399191102439779335526696952714284980776407356789337515459229523856961340796627276358219041928091876639869721789267441531242346091935546916989281167406656389120
B1_raw_rate,False,random_50pct_relative_shortlist_ndcg,3,verified-v3-normuon-1e-3,4,resolved,0.5896921428571428,90056131240073724768140904417023044318109451583000393728586278592293313248894980695693400923316759596836904927353714549383012988289458902905373/152459786925904395782629053608464685608686808095111617234638682450255318009951830223379846632348763134519752922933395047175425321614444593152000,203916906207075976503591706170459902489262285517531308092768629197069673560253046618933149666516923213065072786685153910410720612751518607344153129901072439392455305879189471/345080246298879711021233604419926169632994746031664530711928532148612828803280428551260088514141817579893547565764071096635754363049059026927343548394101887697907489628487680
B1_raw_rate,False,random_50pct_relative_shortlist_ndcg,3,verified-v3-normuon-1e-3,5,resolved,0.5914471428571428,723527576018116467464554625739402909063197642368369420178574209873590247363763586010169343454823025419926497110981687007153994211116342327917609/1219678295407235166261032428867717484869494464760892937877109459602042544079614641787038773058790105076158023383467160377403402572915556745216000,2457253875446173309360726047752493181367307425464367670594631158477411257591055861693679252043240341633007774492685128090931017503294379760311738414837631935927301573017481197/4140962955586556532254803253039114035595936952379974368543142385783353945639365142615121062169701810958722570789168853159629052356588708323128122580729222652374889875541852160
B1_raw_rate,False,random_50pct_relative_shortlist_ndcg,4,verified-v3-adamw-3e-5,1,resolved,0.5857735714285714,5250034302326036265898876854284016739550150992534710038493676189571215917319423066404745480987300207444594157/8833307687247650589947538519773583074893474891608942886334882309132201658060319216768966371721215692305858560,2644230792519969574228632326780112608502326275289886376468066532208996721125458054134554679824254002168618118991424206080723121392085222029905837762805862636725856814836383/4475939292916629486723340337488254885402258575346112934832303576524085306642380527773771898519089071966775777948705664241763155944029236398220468980036500959194334562877440
B1_raw_rate,False,random_50pct_relative_shortlist_ndcg,4,verified-v3-adamw-3e-5,2,resolved,0.5897585714285715,5309298085289645664141320184930175042476593824358183080224417682616698418995273730222462137704799816031894557/8833307687247650589947538519773583074893474891608942886334882309132201658060319216768966371721215692305858560,1336171202464928616139059296345557742739279669233104195849601782167429362885127534191779596667043561102238464676561661432750493997531778180215304781033610654248067415513069/2237969646458314743361670168744127442701129287673056467416151788262042653321190263886885949259544535983387888974352832120881577972014618199110234490018250479597167281438720
B1_raw_rate,False,random_50pct_relative_shortlist_ndcg,4,verified-v3-adamw-3e-5,3,resolved,0.5879642857142857,1772856985064252867042133869909093401752764061218556133451764443683426020786780107087066100355231839530039709/2944435895749216863315846173257861024964491630536314295444960769710733886020106405589655457240405230768619520,334974339493054704773536016306569803901841398402805643936983452874544887149156323544953729127184513525773039419516395862459139771648265383338030206223437903857593450018401/559492411614578685840417542186031860675282321918264116854037947065510663330297565971721487314886133995846972243588208030220394493003654549777558622504562619899291820359680
B1_raw_rate,False,random_50pct_relative_shortlist_ndcg,4,verified-v3-adamw-3e-5,4,resolved,0.58876,5330215498104281373441232025480445950966498532097716186424011373780724748634930969592406358275610493217310397/8833307687247650589947538519773583074893474891608942886334882309132201658060319216768966371721215692305858560,167643892811300551461420865900644402759374539038763065961302279284418243307740619117934437506122437645212111575853248970009595611478774258186888165682645316484543427249173/279746205807289342920208771093015930337641160959132058427018973532755331665148782985860743657443066997923486121794104015110197246501827274888779311252281309949645910179840
B1_raw_rate,False,random_50pct_relative_shortlist_ndcg,4,verified-v3-adamw-3e-5,5,resolved,0.5892628571428571,5342464351430597943408883680427476687407898148645884497090996953332963350509333318779026930979792156853666217/8833307687247650589947538519773583074893474891608942886334882309132201658060319216768966371721215692305858560,2684245925018797604977943657693275746050989551547076534635383828990385950149408912655737461090057918527985336161744611660154865344170620446980764098395073270789421306213823/4475939292916629486723340337488254885402258575346112934832303576524085306642380527773771898519089071966775777948705664241763155944029236398220468980036500959194334562877440
B1_raw_rate,False,random_50pct_relative_shortlist_ndcg,4,verified-v3-muon-3e-3,1,resolved,0.5424921428571429,683014935528271039047129846614242339034995939090704294890070304919055644550641092197230276081026643340919427403024533360735887409647694902999/1280402264826176594151930204750150169497585521402563769540892583070673537524033970271767861380161612605519972319298789148280204384948841349120,4773019619556866877099250702533315134492989708789366704691798440108724951228969201669059483462514749880276322061632016595089145994478938563808374184663153867306513736972671/8951878585833258973446680674976509770804517150692225869664607153048170613284761055547543797038178143933551555897411328483526311888058472796440937960073001918388669125754880
B1_raw_rate,False,random_50pct_relative_shortlist_ndcg,4,verified-v3-muon-3e-3,2,resolved,0.5378814285714285,2074815950741260876279233418807657595490198492536658982639330222016648812277436973752608958286602496332995132860166500627798427671097835276397/3841206794478529782455790614250450508492756564207691308622677749212020612572101910815303584140484837816559916957896367444840613154846524047360,4823923187641398015250667992487430987865750406545128842601627518150425009304609231365125480157389054844939588583602242284152280050624278232433971543333526668505665245030671/8951878585833258973446680674976509770804517150692225869664607153048170613284761055547543797038178143933551555897411328483526311888058472796440937960073001918388669125754880
B1_raw_rate,False,random_50pct_relative_shortlist_ndcg,4,verified-v3-muon-3e-3,3,resolved,0.5432642857142858,129928018956401060660042645229620457892861176371991842455598683122915206242089566543154879141141254858370472116428298901071081137802081629387/240075424654908111403486913390653156780797285262980706788917359325751288285756369425956474008780302363534994809868522965302538322177907752960,1613355422377537805034701240887435269089619505047679229105596127695796811544259515550591497045094310337830739696756601248462365054377293457822078196844983014032752924312677/2983959528611086324482226891658836590268172383564075289888202384349390204428253685182514599012726047977850518632470442827842103962686157598813645986691000639462889708584960
B1_raw_rate,False,random_50pct_relative_shortlist_ndcg,4,verified-v3-muon-3e-3,4,resolved,0.5483742857142857,231545776600235835195037593265810916383063847617680304891696509196808904573823365502783123923175023898021751426501813434161119104194826629493/426800754942058864717310068250050056499195173800854589846964194356891179174677990090589287126720537535173324106432929716093401461649613783040,1623392726394080261782646920807144116148300375126113678327926947777708547626889351723107844647700453154645991619725374364358068088914862919776319509445428738545920041253187/2983959528611086324482226891658836590268172383564075289888202384349390204428253685182514599012726047977850518632470442827842103962686157598813645986691000639462889708584960
B1_raw_rate,False,random_50pct_relative_shortlist_ndcg,4,verified-v3-muon-3e-3,5,resolved,0.5571792857142858,232137606980422148501341433835503110202725567733891452719474058106542516211149192692399718011517420143779146231610215054048908650906918032623/426800754942058864717310068250050056499195173800854589846964194356891179174677990090589287126720537535173324106432929716093401461649613783040,4851954332765107803236061999770200222029575243984826405990106907091789444714731410695042859815630836338213535932992411676531353450330112117811654685971183508797514269886821/8951878585833258973446680674976509770804517150692225869664607153048170613284761055547543797038178143933551555897411328483526311888058472796440937960073001918388669125754880
B1_raw_rate,False,random_50pct_relative_shortlist_ndcg,4,verified-v3-normuon-3e-3,1,resolved,0.5348342857142857,1384395939302657827360806544608244246140387872704452751802487369802724367168596443127562591550878905564191332837089854202624604611012352047261/2560804529652353188303860409500300338995171042805127539081785166141347075048067940543535722760323225211039944638597578296560408769897682698240,4811930706280267303061328655348182214384686674289858838258780977713512812030510362370483611583607387416915596322065657834695912417040892802332837198164777933355249327460817/8951878585833258973446680674976509770804517150692225869664607153048170613284761055547543797038178143933551555897411328483526311888058472796440937960073001918388669125754880
B1_raw_rate,False,random_50pct_relative_shortlist_ndcg,4,verified-v3-normuon-3e-3,2,resolved,0.5396864285714286,4204730106220869000358107391754593895191584968642450451345700723927136858756816723704524034739681849313047699813455363699055344717346557276583/7682413588957059564911581228500901016985513128415382617245355498424041225144203821630607168280969675633119833915792734889681226309693048094720,4855624461067974499031090482713071864359453559117243347505634522096737296627221969702183859366411443639843417777230282778347134169902162307614025033194439333620366371707627/8951878585833258973446680674976509770804517150692225869664607153048170613284761055547543797038178143933551555897411328483526311888058472796440937960073001918388669125754880
B1_raw_rate,False,random_50pct_relative_shortlist_ndcg,4,verified-v3-normuon-3e-3,3,resolved,0.5446657142857143,4212794811343181188921005201487133356782745627472871444646198139827125833948808905580262250682997012114912541818827927277733085784817498864173/7682413588957059564911581228500901016985513128415382617245355498424041225144203821630607168280969675633119833915792734889681226309693048094720,1629107027555127495815369123969448275230654100402340486050789977143904018233251522975527055927380081092410958413473925074907960582751198268988190312103878983957330744581619/2983959528611086324482226891658836590268172383564075289888202384349390204428253685182514599012726047977850518632470442827842103962686157598813645986691000639462889708584960
B1_raw_rate,False,random_50pct_relative_shortlist_ndcg,4,verified-v3-normuon-3e-3,4,resolved,0.5518028571428572,469213575949176920145590803658208355456259693409708663790841938381822168503418150583266927642625254090160995530017222695373181472295307339407/853601509884117729434620136500100112998390347601709179693928388713782358349355980181178574253441075070346648212865859432186802923299227566080,1628387065810170695387845127773181861773490224777264722979825942115517470030076163970212567692023900361305286214578327479207398612504604566807810958149987809971084733477919/2983959528611086324482226891658836590268172383564075289888202384349390204428253685182514599012726047977850518632470442827842103962686157598813645986691000639462889708584960
B1_raw_rate,False,random_50pct_relative_shortlist_ndcg,4,verified-v3-normuon-3e-3,5,resolved,0.5584957142857143,470397236709549546758198484797592743095583133642130959446397036201289391778069804962500115819310046581675785140234025935148760565719490145667/853601509884117729434620136500100112998390347601709179693928388713782358349355980181178574253441075070346648212865859432186802923299227566080,4899313555849349064381829533736424428373042468924414362468267815567264555004041344528112501936809056597068523759871218688436045231210320417370193897459341455280143136546437/8951878585833258973446680674976509770804517150692225869664607153048170613284761055547543797038178143933551555897411328483526311888058472796440937960073001918388669125754880
B2_optimizer_stage_rate,False,margin_helpful_mass_share,1,verified-v3-adamw-1e-6,1,resolved,0.5425692857142858,3797561557131083752454844784394199824528880049/6772505457166466673011364193840831648539607040,39419005536475829423385303724063734282664643152200486453939906658768383330953/70238100153540553766744264047445251958691116328671836189739418316683073290240
B2_optimizer_stage_rate,False,margin_helpful_mass_share,1,verified-v3-adamw-1e-6,2,resolved,0.55545,959580994369182289746547607223941115754197781/1693126364291616668252841048460207912134901760,13288702957849999279844290124732074128759434036705847148305840065591775106271/23412700051180184588914754682481750652897038776223945396579806105561024430080
B2_optimizer_stage_rate,False,margin_helpful_mass_share,1,verified-v3-adamw-1e-6,3,resolved,0.5608178571428571,2893759804582839163083264740596411735828323593/5079379092874850004758523145380623736404705280,40024371279863543054282128734829320961136455987773011688313005505346015680393/70238100153540553766744264047445251958691116328671836189739418316683073290240
B2_optimizer_stage_rate,False,margin_helpful_mass_share,1,verified-v3-adamw-1e-6,4,resolved,0.5633707142857143,3861876171454674935761884724924302655062015689/6772505457166466673011364193840831648539607040,40080877237192596500459346346148460962679304569490460001454896771118602579233/70238100153540553766744264047445251958691116328671836189739418316683073290240
B2_optimizer_stage_rate,False,margin_helpful_mass_share,1,verified-v3-adamw-1e-6,5,resolved,0.5649535714285714,1931575829991220686040117460672660175729663987/3386252728583233336505682096920415824269803520,4453237729462061426804075678171034076488144087048265894989389682113507127757/7804233350393394862971584894160583550965679592074648465526602035187008143360
B2_optimizer_stage_rate,False,margin_helpful_mass_share,1,verified-v3-muon-1e-4,1,resolved,0.5822957142857142,23532092640327700715083132854762393386855080717/40635032742998800038068185163044989891237642240,20350574184776035325056133540649049142211238756563609125115293119214523962461/35119050076770276883372132023722625979345558164335918094869709158341536645120
B2_optimizer_stage_rate,False,margin_helpful_mass_share,1,verified-v3-muon-1e-4,2,resolved,0.5879385714285714,7870404951360998900064944470655343629459482259/13545010914332933346022728387681663297079214080,6806650011562147119680151362478106793776210384808609570775862366626762245957/11706350025590092294457377341240875326448519388111972698289903052780512215040
B2_optimizer_stage_rate,False,margin_helpful_mass_share,1,verified-v3-muon-1e-4,3,resolved,0.58963,23627768792421870480256021307311571399042194337/40635032742998800038068185163044989891237642240,6811912210160271954937898452236744926153311890576313093635670801847012631727/11706350025590092294457377341240875326448519388111972698289903052780512215040
B2_optimizer_stage_rate,False,margin_helpful_mass_share,1,verified-v3-muon-1e-4,4,resolved,0.5903421428571428,23746568213148367932631908298472022493138567007/40635032742998800038068185163044989891237642240,20526259650253714553395586442080021909547546821569687444012491661913803104391/35119050076770276883372132023722625979345558164335918094869709158341536645120
B2_optimizer_stage_rate,False,margin_helpful_mass_share,1,verified-v3-muon-1e-4,5,resolved,0.5910157142857143,23925604232412460319855837521350322650460007857/40635032742998800038068185163044989891237642240,20686020453372883513020702706111607955827600753371524392668582279138185441031/35119050076770276883372132023722625979345558164335918094869709158341536645120
B2_optimizer_stage_rate,False,margin_helpful_mass_share,1,verified-v3-normuon-1e-4,1,resolved,0.5801178571428572,2331859265507409059150941922555392973064294191/4063503274299880003806818516304498989123764224,6722288897059689294302843942576557833565839172261028615389493030677168701073/11706350025590092294457377341240875326448519388111972698289903052780512215040
B2_optimizer_stage_rate,False,margin_helpful_mass_share,1,verified-v3-normuon-1e-4,2,resolved,0.5869142857142856,784235334935115717022728305482681731983958191/1354501091433293334602272838768166329707921408,20342491163427723421105336276418744399314609382945291823266732327530122688829/35119050076770276883372132023722625979345558164335918094869709158341536645120
B2_optimizer_stage_rate,False,margin_helpful_mass_share,1,verified-v3-normuon-1e-4,3,resolved,0.5895821428571428,1175132016418824295643845453080230896773353911/2031751637149940001903409258152249494561882112,6775853601023579089232539801463483086567164246878230146250048218220138903493/11706350025590092294457377341240875326448519388111972698289903052780512215040
B2_optimizer_stage_rate,False,margin_helpful_mass_share,1,verified-v3-normuon-1e-4,4,resolved,0.5898942857142858,1182578869919368729112991922516489795489729295/2031751637149940001903409258152249494561882112,2921076806640131491680703929334428779086119620461776247031432433511223942077/5017007153824325269053161717674660854192222594905131156409958451191648092160
B2_optimizer_stage_rate,False,margin_helpful_mass_share,1,verified-v3-normuon-1e-4,5,resolved,0.5909735714285714,297568471842469810242817155328201614292229759/507937909287485000475852314538062373640470528,6858751501917962053373734884674978283864026931516962906473218432037477366183/11706350025590092294457377341240875326448519388111972698289903052780512215040
B2_optimizer_stage_rate,False,margin_helpful_mass_share,2,verified-v3-adamw-3e-6,1,resolved,0.5644085714285715,101474399163338923068734545318755941779223500237/179329775717301587086253024797048546334007623680,224882368781577475850506936815781211476956346982499551198025216912525728862563/397130472731747605819555118171775070260812240228999002508638616563606943170560
B2_optimizer_stage_rate,False,margin_helpful_mass_share,2,verified-v3-adamw-3e-6,2,resolved,0.5754778571428572,76996523963857180487215561554730975259276245639/134497331787976190314689768597786409750505717760,56992636436878565675623945535407791932877171209657266731758163313120707150047/99282618182936901454888779542943767565203060057249750627159654140901735792640
B2_optimizer_stage_rate,False,margin_helpful_mass_share,2,verified-v3-adamw-3e-6,3,resolved,0.5815735714285715,103148698805053816574239042833494283991362067547/179329775717301587086253024797048546334007623680,228751801788061323163127642207269193139413955827089327502247399651948829148263/397130472731747605819555118171775070260812240228999002508638616563606943170560
B2_optimizer_stage_rate,False,margin_helpful_mass_share,2,verified-v3-adamw-3e-6,4,resolved,0.5840192857142857,9679553288540820237756359174770637412963493493/16812166473497023789336221074723301218813214720,25410586696837726873732063733334493501686704182630233899226704889315626827367/44125608081305289535506124241308341140090248914333222500959846284845215907840
B2_optimizer_stage_rate,False,margin_helpful_mass_share,2,verified-v3-adamw-3e-6,5,resolved,0.5834164285714286,310238990209225765624281908078256558146738148541/537989327151904761258759074391145639002022871040,57224442357919020103522697581215513704803908864613385340501734287711775069017/99282618182936901454888779542943767565203060057249750627159654140901735792640
B2_optimizer_stage_rate,False,margin_helpful_mass_share,2,verified-v3-muon-3e-4,1,resolved,0.5881207142857142,26395826476673795605911131877831363127927328813/44832443929325396960570457738957832689234739200,4871892317026648616125054718205536664999983387303958227713003841802884229203/8273551515244741822787513712465395413283106444059094166453993066690982707200
B2_optimizer_stage_rate,False,margin_helpful_mass_share,2,verified-v3-muon-3e-4,2,resolved,0.5927621428571428,13249043573199152301038698334926048318200590419/22416221964662698480285228869478916344617369600,39114327431345748024229323190500324188757130098375761030073140807353939015949/66188412121957934582300109699723163306264851552472753331631944533527861657600
B2_optimizer_stage_rate,False,margin_helpful_mass_share,2,verified-v3-muon-3e-4,3,resolved,0.5912535714285714,53128344607256824030870795808474759235092402051/89664887858650793921140915477915665378469478400,6543657941484532336963039853263747598928829413709007403506433872096821596929/11031402020326322430383351616620527217710808592078792221938657422254643609600
B2_optimizer_stage_rate,False,margin_helpful_mass_share,2,verified-v3-muon-3e-4,4,resolved,0.591362142857143,8901421005505380483538421650311264287190610021/14944147976441798986856819246319277563078246400,4384173920157058838791482952953565479351276664855022357813997598992816722961/7354268013550881620255567744413684811807205728052528147959104948169762406400
B2_optimizer_stage_rate,False,margin_helpful_mass_share,2,verified-v3-muon-3e-4,5,resolved,0.5924307142857143,6723972422784943461146384552513923355662169497/11208110982331349240142614434739458172308684800,13253334285797618301195344697480280692805819846806766391309067032929164635783/22062804040652644860766703233241054435421617184157584443877314844509287219200
B2_optimizer_stage_rate,False,margin_helpful_mass_share,2,verified-v3-normuon-3e-4,1,resolved,0.5875385714285715,4386970607429079024627702036029267614961237717/7472073988220899493428409623159638781539123200,38852101991887161207521942503860819807728277003684831354786610898186354825651/66188412121957934582300109699723163306264851552472753331631944533527861657600
B2_optimizer_stage_rate,False,margin_helpful_mass_share,2,verified-v3-normuon-3e-4,2,resolved,0.5912428571428572,26598034196744763781312213392401478945407211127/44832443929325396960570457738957832689234739200,102402793610065930066212942593660938523959938634723827071338151635485536939/172365656567598787974739869009695737776731384251231128467791522222728806400
B2_optimizer_stage_rate,False,margin_helpful_mass_share,2,verified-v3-normuon-3e-4,3,resolved,0.5915221428571428,53213574395404788397906153608455245240026474679/89664887858650793921140915477915665378469478400,39327043925556507860880312969824530441525231150254127247067326995588526158451/66188412121957934582300109699723163306264851552472753331631944533527861657600
B2_optimizer_stage_rate,False,margin_helpful_mass_share,2,verified-v3-normuon-3e-4,4,resolved,0.5907228571428572,4464619688688576547867137117626003542742173017/7472073988220899493428409623159638781539123200,13206906697901635508612373276884472156949320627629166843583275893139797072417/22062804040652644860766703233241054435421617184157584443877314844509287219200
B2_optimizer_stage_rate,False,margin_helpful_mass_share,2,verified-v3-normuon-3e-4,5,resolved,0.5936371428571429,2244174430398441872973235312117561313671825621/3736036994110449746714204811579819390769561600,4963208261730047814651292855986338856212680579796996759586485822506379964997/8273551515244741822787513712465395413283106444059094166453993066690982707200
B2_optimizer_stage_rate,False,margin_helpful_mass_share,3,verified-v3-adamw-1e-5,1,resolved,0.5820728571428572,18111560024601903485115713644631175472471030481/31063400565915155778292364832923667557704007680,5167778192083576435368797382217746845005203751086371072817848753889610217467/8863416858781565738837376727428941637755794351132994571275698291825201643520
B2_optimizer_stage_rate,False,margin_helpful_mass_share,3,verified-v3-adamw-1e-5,2,resolved,0.585075,27601218084307274111523106871651437121943877189/46595100848872733667438547249385501336556011520,1750087717843560122534923275187433160904501176081015172029455443029512447829/2954472286260521912945792242476313879251931450377664857091899430608400547840
B2_optimizer_stage_rate,False,margin_helpful_mass_share,3,verified-v3-adamw-1e-5,3,resolved,0.5896428571428572,9250466177323947731668773197619990576366096843/15531700282957577889146182416461833778852003840,5278790016188425684335914228039757444344922022425403646581342295602260966107/8863416858781565738837376727428941637755794351132994571275698291825201643520
B2_optimizer_stage_rate,False,margin_helpful_mass_share,3,verified-v3-adamw-1e-5,4,resolved,0.587965,13920696820519975266492783913099131207299516527/23297550424436366833719273624692750668278005760,5295974588644563742628435057326302733228715026066930661851927227925699031827/8863416858781565738837376727428941637755794351132994571275698291825201643520
B2_optimizer_stage_rate,False,margin_helpful_mass_share,3,verified-v3-adamw-1e-5,5,resolved,0.58863,9288141644581750038480128204007822618382070593/15531700282957577889146182416461833778852003840,5300376278286055984613580190402711983618471192992682285196730111640672300887/8863416858781565738837376727428941637755794351132994571275698291825201643520
B2_optimizer_stage_rate,False,margin_helpful_mass_share,3,verified-v3-muon-1e-3,1,resolved,0.5818585714285714,3999792678816465413438914348460887849353338889/6902977903536701372096261645387856783427502080,285314451787380289609169293434175542720018600828693312840076504834667966303/492412047710086991770526051137571668177225605885273609233483948239387361280
B2_optimizer_stage_rate,False,margin_helpful_mass_share,3,verified-v3-muon-1e-3,2,resolved,0.5876692857142858,4012847524884987231587300878311452952923237729/6902977903536701372096261645387856783427502080,95416410568674694051155819664403941673314807348640247333633782108589766651/164137349236695663923508683712523889392408535295091203077827982746462453760
B2_optimizer_stage_rate,False,margin_helpful_mass_share,3,verified-v3-muon-1e-3,3,resolved,0.5850171428571428,4025654192462215575069047362575700323832605769/6902977903536701372096261645387856783427502080,287163852907045673728964304394746612858175198745908978345542698232335510303/492412047710086991770526051137571668177225605885273609233483948239387361280
B2_optimizer_stage_rate,False,margin_helpful_mass_share,3,verified-v3-muon-1e-3,4,resolved,0.5885692857142857,12117902167053122297522246593251121660078921627/20708933710610104116288784936163570350282506240,96042755657277267232958192683946773818367678404856103637778360065950909811/164137349236695663923508683712523889392408535295091203077827982746462453760
B2_optimizer_stage_rate,False,margin_helpful_mass_share,3,verified-v3-muon-1e-3,5,resolved,0.5919135714285714,12190708861141424453517628517378807411476640587/20708933710610104116288784936163570350282506240,289862727206516575155940455184798989948153042682106825245536308823445058833/492412047710086991770526051137571668177225605885273609233483948239387361280
B2_optimizer_stage_rate,False,margin_helpful_mass_share,3,verified-v3-normuon-1e-3,1,resolved,0.5852614285714285,5968395673934511277201361024856770567915877341/10354466855305052058144392468081785175141253120,56766871153392374510837853588976241203269801776878744734368542107339913597/98482409542017398354105210227514333635445121177054721846696789647877472256
B2_optimizer_stage_rate,False,margin_helpful_mass_share,3,verified-v3-normuon-1e-3,2,resolved,0.5920957142857143,6021385890741159833304475259878562807019498911/10354466855305052058144392468081785175141253120,57268299563123269692365710805664143763682073208399619997280387307045150927/98482409542017398354105210227514333635445121177054721846696789647877472256
B2_optimizer_stage_rate,False,margin_helpful_mass_share,3,verified-v3-normuon-1e-3,3,resolved,0.5850342857142856,1008123978563737747864686112122724444664023211/1725744475884175343024065411346964195856875520,57530198759920846284238857852862938054399833032469726379844357903984898017/98482409542017398354105210227514333635445121177054721846696789647877472256
B2_optimizer_stage_rate,False,margin_helpful_mass_share,3,verified-v3-normuon-1e-3,4,resolved,0.5896921428571428,505974689409307245011496065170127061104934093/862872237942087671512032705673482097928437760,1480700184516577085872530514018247051855750619587627088562681008332403059/2525189988256856368053979749423444452190900543001403124274276657637883904
B2_optimizer_stage_rate,False,margin_helpful_mass_share,3,verified-v3-normuon-1e-3,5,resolved,0.5914471428571428,6108580363059833805872961518543493663766346051/10354466855305052058144392468081785175141253120,58098540678964241136379146143827992966302825695243464546062450135106972911/98482409542017398354105210227514333635445121177054721846696789647877472256
B2_optimizer_stage_rate,False,margin_helpful_mass_share,4,verified-v3-adamw-3e-5,1,resolved,0.5857735714285714,3574896383049347004293067184737628366530177359/6548473008089159025763201215184025919820922880,7075647469784996622557387389579159671698506697551596661791209248895876768917/13000386811154868992535355608484045124341089851729506758652562959792613621760
B2_optimizer_stage_rate,False,margin_helpful_mass_share,4,verified-v3-adamw-3e-5,2,resolved,0.5897585714285715,14534912705544271186610394448408397598422002391/26193892032356636103052804860736103679283691520,7190850931311438209603879811823805119226438843116049410017408266515152148357/13000386811154868992535355608484045124341089851729506758652562959792613621760
B2_optimizer_stage_rate,False,margin_helpful_mass_share,4,verified-v3-adamw-3e-5,3,resolved,0.5879642857142857,14674887875252418072936457043292720830266095761/26193892032356636103052804860736103679283691520,3632689091625430223585992334090784999068908556396132020908736049074515241091/6500193405577434496267677804242022562170544925864753379326281479896306810880
B2_optimizer_stage_rate,False,margin_helpful_mass_share,4,verified-v3-adamw-3e-5,4,resolved,0.58876,14703882019075851400604408097469195784883567101/26193892032356636103052804860736103679283691520,909314716816602415898808287142164670661500902848382071151555211009545015429/1625048351394358624066919451060505640542636231466188344831570369974076702720
B2_optimizer_stage_rate,False,margin_helpful_mass_share,4,verified-v3-adamw-3e-5,5,resolved,0.5892628571428571,1839780625400865877767469375555260045212950057/3274236504044579512881600607592012959910461440,1820978147042092153514032866752429022617898065875815308603831080604351893183/3250096702788717248133838902121011281085272462932376689663140739948153405440
B2_optimizer_stage_rate,False,margin_helpful_mass_share,4,verified-v3-muon-3e-3,1,resolved,0.5424921428571429,912709387973789787207440227090518342172188121/1637118252022289808224203061702504445451960320,361443931862750131898100440488934108600074953223583253760762002954180225919/650019340557743470187416512396267169918884394294043593510666948312383356928
B2_optimizer_stage_rate,False,margin_helpful_mass_share,4,verified-v3-muon-3e-3,2,resolved,0.5378814285714285,7371940219167115331870505972792718469530133263/13096946016178318465793624493620035563615682560,365028931790479281332861750281678877556783134493960482648090111077146873389/650019340557743470187416512396267169918884394294043593510666948312383356928
B2_optimizer_stage_rate,False,margin_helpful_mass_share,4,verified-v3-muon-3e-3,3,resolved,0.5432642857142858,7361160185267608008100377524045728409441030033/13096946016178318465793624493620035563615682560,729469494615826768553084155891891930881400432589023108451122846210756548923/1300038681115486940374833024792534339837768788588087187021333896624766713856
B2_optimizer_stage_rate,False,margin_helpful_mass_share,4,verified-v3-muon-3e-3,4,resolved,0.5483742857142857,115316414738225446373773646522077043971257467/204639781502786226028025382712813055681495040,730951623527279196571567520397077261414201558782015809722842971170690380859/1300038681115486940374833024792534339837768788588087187021333896624766713856
B2_optimizer_stage_rate,False,margin_helpful_mass_share,4,verified-v3-muon-3e-3,5,resolved,0.5571792857142858,925307012923101319379447277819313190995335091/1637118252022289808224203061702504445451960320,733414065598878835011104471180515575370027353574619766560129997317346631355/1300038681115486940374833024792534339837768788588087187021333896624766713856
B2_optimizer_stage_rate,False,margin_helpful_mass_share,4,verified-v3-normuon-3e-3,1,resolved,0.5348342857142857,2466460739055931256723445695737837954273958507/4365648672059439488597874831206678521205227520,122222659393198242313865115998202055866169436351227834308556622172220847525/216673113519247823395805504132089056639628131431347864503555649437461118976
B2_optimizer_stage_rate,False,margin_helpful_mass_share,4,verified-v3-normuon-3e-3,2,resolved,0.5396864285714286,7475060736897943622336015673220511017072348811/13096946016178318465793624493620035563615682560,740361212271960661709795219322968266869806054727104758786565989852170804593/1300038681115486940374833024792534339837768788588087187021333896624766713856
B2_optimizer_stage_rate,False,margin_helpful_mass_share,4,verified-v3-normuon-3e-3,3,resolved,0.5446657142857143,3728549605466449243785528622111197226269604883/6548473008089159232896812246810017781807841280,739042394135720538106420821268268642800261444939295387278842474351571098829/1300038681115486940374833024792534339837768788588087187021333896624766713856
B2_optimizer_stage_rate,False,margin_helpful_mass_share,4,verified-v3-normuon-3e-3,4,resolved,0.5518028571428572,1868826771053966922541218344619851052749511019/3274236504044579616448406123405008890903920640,740913183258684811707748837017434376364034331659518428460121942473341690097/1300038681115486940374833024792534339837768788588087187021333896624766713856
B2_optimizer_stage_rate,False,margin_helpful_mass_share,4,verified-v3-normuon-3e-3,5,resolved,0.5584957142857143,7500403327439248930994830175358460381775725631/13096946016178318465793624493620035563615682560,742701007544172650317357699725715744598695149712622693893754123420537860649/1300038681115486940374833024792534339837768788588087187021333896624766713856
B2_optimizer_stage_rate,False,margin_helpful_attribution_participation_ratio,1,verified-v3-adamw-1e-6,1,resolved,0.5425692857142858,3797561557131083752454844784394199824528880049/6772505457166466673011364193840831648539607040,5355414184083299827429842854765011643542931044303022960320730896136268144011/9517689657065928421284452689531010475344477190550833437074909444257192345600
B2_optimizer_stage_rate,False,margin_helpful_attribution_participation_ratio,1,verified-v3-adamw-1e-6,2,resolved,0.55545,959580994369182289746547607223941115754197781/1693126364291616668252841048460207912134901760,21690698032043684497679502127444777912257331434727649216452957797629164121779/38070758628263713685137810758124041901377908762203333748299637777028769382400
B2_optimizer_stage_rate,False,margin_helpful_attribution_participation_ratio,1,verified-v3-adamw-1e-6,3,resolved,0.5608178571428571,2893759804582839163083264740596411735828323593/5079379092874850004758523145380623736404705280,1809594405421728851202962262778435600691383542548765926780580972276085180897/3172563219021976140428150896510336825114825730183611145691636481419064115200
B2_optimizer_stage_rate,False,margin_helpful_attribution_participation_ratio,1,verified-v3-adamw-1e-6,4,resolved,0.5633707142857143,3861876171454674935761884724924302655062015689/6772505457166466673011364193840831648539607040,1813247058753975788443374545786040867530849421646932747810198608115656136217/3172563219021976140428150896510336825114825730183611145691636481419064115200
B2_optimizer_stage_rate,False,margin_helpful_attribution_participation_ratio,1,verified-v3-adamw-1e-6,5,resolved,0.5649535714285714,1931575829991220686040117460672660175729663987/3386252728583233336505682096920415824269803520,10859330296482814703337590007388672194532580761530977998848646685587618282427/19035379314131856842568905379062020950688954381101666874149818888514384691200
B2_optimizer_stage_rate,False,margin_helpful_attribution_participation_ratio,1,verified-v3-muon-1e-4,1,resolved,0.5822957142857142,23532092640327700715083132854762393386855080717/40635032742998800038068185163044989891237642240,34710387680727313016237180038511681929361393960330397442204702667909319289/59485560356662052633027829309568815470902982440942708981718184026607452160
B2_optimizer_stage_rate,False,margin_helpful_attribution_participation_ratio,1,verified-v3-muon-1e-4,2,resolved,0.5879385714285714,7870404951360998900064944470655343629459482259/13545010914332933346022728387681663297079214080,1487204889937310598255749051766669040024707137204860769760840933125761609219/2538050575217580912342520717208269460091860584146888916553309185135251292160
B2_optimizer_stage_rate,False,margin_helpful_attribution_participation_ratio,1,verified-v3-muon-1e-4,3,resolved,0.58963,23627768792421870480256021307311571399042194337/40635032742998800038068185163044989891237642240,4458707438566276586010673267752697681257730112063387501225401163620811681909/7614151725652742737027562151624808380275581752440666749659927555405753876480
B2_optimizer_stage_rate,False,margin_helpful_attribution_participation_ratio,1,verified-v3-muon-1e-4,4,resolved,0.5903421428571428,23746568213148367932631908298472022493138567007/40635032742998800038068185163044989891237642240,2232830727140605954727630575174463237640214534011792214080762821440542326927/3807075862826371368513781075812404190137790876220333374829963777702876938240
B2_optimizer_stage_rate,False,margin_helpful_attribution_participation_ratio,1,verified-v3-muon-1e-4,5,resolved,0.5910157142857143,23925604232412460319855837521350322650460007857/40635032742998800038068185163044989891237642240,225247865723149894598328902852085651263264512371877516698265624474917089669/380707586282637136851378107581240419013779087622033337482996377770287693824
B2_optimizer_stage_rate,False,margin_helpful_attribution_participation_ratio,1,verified-v3-normuon-1e-4,1,resolved,0.5801178571428572,2331859265507409059150941922555392973064294191/4063503274299880003806818516304498989123764224,43972659130079365900330900783526585524416637122157379245811128223800532716847/76141517256527427370275621516248083802755817524406667496599275554057538764800
B2_optimizer_stage_rate,False,margin_helpful_attribution_participation_ratio,1,verified-v3-normuon-1e-4,2,resolved,0.5869142857142856,784235334935115717022728305482681731983958191/1354501091433293334602272838768166329707921408,44353638679984118033759203499974665660882039560529571024220664851396756282777/76141517256527427370275621516248083802755817524406667496599275554057538764800
B2_optimizer_stage_rate,False,margin_helpful_attribution_participation_ratio,1,verified-v3-normuon-1e-4,3,resolved,0.5895821428571428,1175132016418824295643845453080230896773353911/2031751637149940001903409258152249494561882112,44280434480697493506969413013053004786660666950818994718782977961400535746737/76141517256527427370275621516248083802755817524406667496599275554057538764800
B2_optimizer_stage_rate,False,margin_helpful_attribution_participation_ratio,1,verified-v3-normuon-1e-4,4,resolved,0.5898942857142858,1182578869919368729112991922516489795489729295/2031751637149940001903409258152249494561882112,14827294445862495901836491265698481984296029662048336050067535140269679426829/25380505752175809123425207172082694600918605841468889165533091851352512921600
B2_optimizer_stage_rate,False,margin_helpful_attribution_participation_ratio,1,verified-v3-normuon-1e-4,5,resolved,0.5909735714285714,297568471842469810242817155328201614292229759/507937909287485000475852314538062373640470528,14900736957398667718988735872559606160808708991398280448625753635761823085209/25380505752175809123425207172082694600918605841468889165533091851352512921600
B2_optimizer_stage_rate,False,margin_helpful_attribution_participation_ratio,2,verified-v3-adamw-3e-6,1,resolved,0.5644085714285715,101474399163338923068734545318755941779223500237/179329775717301587086253024797048546334007623680,41837188356947929900554869551659428298112137779137841213447060173797479486819/73919942874894083358619612712654768080171260441105232149969997168104118943744
B2_optimizer_stage_rate,False,margin_helpful_attribution_participation_ratio,2,verified-v3-adamw-3e-6,2,resolved,0.5754778571428572,76996523963857180487215561554730975259276245639/134497331787976190314689768597786409750505717760,63340926174847643284531295526250862204004305480403965625104989738054411083607/110879914312341125037929419068982152120256890661657848224954995752156178415616
B2_optimizer_stage_rate,False,margin_helpful_attribution_participation_ratio,2,verified-v3-adamw-3e-6,3,resolved,0.5815735714285715,103148698805053816574239042833494283991362067547/179329775717301587086253024797048546334007623680,127409105163690406647537834752558882579155901097389081938805859234380598013043/221759828624682250075858838137964304240513781323315696449909991504312356831232
B2_optimizer_stage_rate,False,margin_helpful_attribution_participation_ratio,2,verified-v3-adamw-3e-6,4,resolved,0.5840192857142857,9679553288540820237756359174770637412963493493/16812166473497023789336221074723301218813214720,42545967689960456248367369956685149616381898147060005626072313912423564618407/73919942874894083358619612712654768080171260441105232149969997168104118943744
B2_optimizer_stage_rate,False,margin_helpful_attribution_participation_ratio,2,verified-v3-adamw-3e-6,5,resolved,0.5834164285714286,310238990209225765624281908078256558146738148541/537989327151904761258759074391145639002022871040,127904150254989865020441963997878085814353526016159731336869362004763831720813/221759828624682250075858838137964304240513781323315696449909991504312356831232
B2_optimizer_stage_rate,False,margin_helpful_attribution_participation_ratio,2,verified-v3-muon-3e-4,1,resolved,0.5881207142857142,26395826476673795605911131877831363127927328813/44832443929325396960570457738957832689234739200,27146709196123074118296494695413525518074647551088054074727024015940364864197/46199964296808802293909730682767783125674728237619229513859836384094086758400
B2_optimizer_stage_rate,False,margin_helpful_attribution_participation_ratio,2,verified-v3-muon-3e-4,2,resolved,0.5927621428571428,13249043573199152301038698334926048318200590419/22416221964662698480285228869478916344617369600,36406501164277097444295630073832675557542939538990184002163310572240531926021/61599952395745069725212974243690377500899637650158972685146448512125449011200
B2_optimizer_stage_rate,False,margin_helpful_attribution_participation_ratio,2,verified-v3-muon-3e-4,3,resolved,0.5912535714285714,53128344607256824030870795808474759235092402051/89664887858650793921140915477915665378469478400,109339333395000605049492218568167066523231953069177822835011071088991608176163/184799857187235209175638922731071132502698912950476918055439345536376347033600
B2_optimizer_stage_rate,False,margin_helpful_attribution_participation_ratio,2,verified-v3-muon-3e-4,4,resolved,0.591362142857143,8901421005505380483538421650311264287190610021/14944147976441798986856819246319277563078246400,27457484867069799474487129402180801685635196014346470891216666244184223402697/46199964296808802293909730682767783125674728237619229513859836384094086758400
B2_optimizer_stage_rate,False,margin_helpful_attribution_participation_ratio,2,verified-v3-muon-3e-4,5,resolved,0.5924307142857143,6723972422784943461146384552513923355662169497/11208110982331349240142614434739458172308684800,27651973750828620692894234503922388165701448626227968872898804399096420180697/46199964296808802293909730682767783125674728237619229513859836384094086758400
B2_optimizer_stage_rate,False,margin_helpful_attribution_participation_ratio,2,verified-v3-normuon-3e-4,1,resolved,0.5875385714285715,4386970607429079024627702036029267614961237717/7472073988220899493428409623159638781539123200,108308899841435677414872712494608053743779163868603833850558837241768724992851/184799857187235209175638922731071132502698912950476918055439345536376347033600
B2_optimizer_stage_rate,False,margin_helpful_attribution_participation_ratio,2,verified-v3-normuon-3e-4,2,resolved,0.5912428571428572,26598034196744763781312213392401478945407211127/44832443929325396960570457738957832689234739200,18258084299543902691817718933441406776492350771617680812274398519781232061371/30799976197872534862606487121845188750449818825079486342573224256062724505600
B2_optimizer_stage_rate,False,margin_helpful_attribution_participation_ratio,2,verified-v3-normuon-3e-4,3,resolved,0.5915221428571428,53213574395404788397906153608455245240026474679/89664887858650793921140915477915665378469478400,27391295682273718873829996059889365615402520582095981841340590055212021323469/46199964296808802293909730682767783125674728237619229513859836384094086758400
B2_optimizer_stage_rate,False,margin_helpful_attribution_participation_ratio,2,verified-v3-normuon-3e-4,4,resolved,0.5907228571428572,4464619688688576547867137117626003542742173017/7472073988220899493428409623159638781539123200,110171718999998447225729725811086558380299528253831418626068370230152713646601/184799857187235209175638922731071132502698912950476918055439345536376347033600
B2_optimizer_stage_rate,False,margin_helpful_attribution_participation_ratio,2,verified-v3-normuon-3e-4,5,resolved,0.5936371428571429,2244174430398441872973235312117561313671825621/3736036994110449746714204811579819390769561600,110979303918164763840259172678579079242425243432528016010206953597934975796151/184799857187235209175638922731071132502698912950476918055439345536376347033600
B2_optimizer_stage_rate,False,margin_helpful_attribution_participation_ratio,3,verified-v3-adamw-1e-5,1,resolved,0.5820728571428572,18111560024601903485115713644631175472471030481/31063400565915155778292364832923667557704007680,126803143519915889723609699394076118694153817262717418090545306748389980327/217551891400004918113944098821424058390621651563527503089880914761739141120
B2_optimizer_stage_rate,False,margin_helpful_attribution_participation_ratio,3,verified-v3-adamw-1e-5,2,resolved,0.585075,27601218084307274111523106871651437121943877189/46595100848872733667438547249385501336556011520,49614968127175912073690276409456340535643907523317417247568563810490606858683/83539926297601888555754533947426838421998714200394561186514271268507830190080
B2_optimizer_stage_rate,False,margin_helpful_attribution_participation_ratio,3,verified-v3-adamw-1e-5,3,resolved,0.5896428571428572,9250466177323947731668773197619990576366096843/15531700282957577889146182416461833778852003840,8313081931673208564980968308215492077596077551907895242949288041423343480763/13923321049600314759292422324571139736999785700065760197752378544751305031680
B2_optimizer_stage_rate,False,margin_helpful_attribution_participation_ratio,3,verified-v3-adamw-1e-5,4,resolved,0.587965,13920696820519975266492783913099131207299516527/23297550424436366833719273624692750668278005760,12499561585912344889284392430221373115544142051805379679918833726024708094997/20884981574400472138938633486856709605499678550098640296628567817126957547520
B2_optimizer_stage_rate,False,margin_helpful_attribution_participation_ratio,3,verified-v3-adamw-1e-5,5,resolved,0.58863,9288141644581750038480128204007822618382070593/15531700282957577889146182416461833778852003840,2086208983460165419251473698947219588073719979849001237093762489623248473317/3480830262400078689823105581142784934249946425016440049438094636187826257920
B2_optimizer_stage_rate,False,margin_helpful_attribution_participation_ratio,3,verified-v3-muon-1e-3,1,resolved,0.5818585714285714,3999792678816465413438914348460887849353338889/6902977903536701372096261645387856783427502080,1800541775786955970955719443915567415080387437819308285601536710459016327387/3094071344355625541522605348585577196639170114642826641783063919785494446080
B2_optimizer_stage_rate,False,margin_helpful_attribution_participation_ratio,3,verified-v3-muon-1e-3,2,resolved,0.5876692857142858,4012847524884987231587300878311452952923237729/6902977903536701372096261645387856783427502080,451342512888075735251342681731353061347403500583557461719051272776712798303/773517836088906385380651337146394299159792528660706660445765979946373611520
B2_optimizer_stage_rate,False,margin_helpful_attribution_participation_ratio,3,verified-v3-muon-1e-3,3,resolved,0.5850171428571428,4025654192462215575069047362575700323832605769/6902977903536701372096261645387856783427502080,452829436087432677061484972545178390825624989879463145567275551676050948273/773517836088906385380651337146394299159792528660706660445765979946373611520
B2_optimizer_stage_rate,False,margin_helpful_attribution_participation_ratio,3,verified-v3-muon-1e-3,4,resolved,0.5885692857142857,12117902167053122297522246593251121660078921627/20708933710610104116288784936163570350282506240,5466786967970421480776110518626584326744901847339979709446023988274181205101/9282214033066876624567816045756731589917510343928479925349191759356483338240
B2_optimizer_stage_rate,False,margin_helpful_attribution_participation_ratio,3,verified-v3-muon-1e-3,5,resolved,0.5919135714285714,12190708861141424453517628517378807411476640587/20708933710610104116288784936163570350282506240,5490091991647115577998357200839601044674758997389803496028705603329967794121/9282214033066876624567816045756731589917510343928479925349191759356483338240
B2_optimizer_stage_rate,False,margin_helpful_attribution_participation_ratio,3,verified-v3-normuon-1e-3,1,resolved,0.5852614285714285,5968395673934511277201361024856770567915877341/10354466855305052058144392468081785175141253120,10681526898014848449135077497208449464361383926849705908043467107067216026091/18564428066133753249135632091513463179835020687856959850698383518712966676480
B2_optimizer_stage_rate,False,margin_helpful_attribution_participation_ratio,3,verified-v3-normuon-1e-3,2,resolved,0.5920957142857143,6021385890741159833304475259878562807019498911/10354466855305052058144392468081785175141253120,10876724842303626234714863763634945654026545049189063929019857392700744462041/18564428066133753249135632091513463179835020687856959850698383518712966676480
B2_optimizer_stage_rate,False,margin_helpful_attribution_participation_ratio,3,verified-v3-normuon-1e-3,3,resolved,0.5850342857142856,1008123978563737747864686112122724444664023211/1725744475884175343024065411346964195856875520,3636167111006818100302357979827437450258678500497295821799965995114080088087/6188142688711251083045210697171154393278340229285653283566127839570988892160
B2_optimizer_stage_rate,False,margin_helpful_attribution_participation_ratio,3,verified-v3-normuon-1e-3,4,resolved,0.5896921428571428,505974689409307245011496065170127061104934093/862872237942087671512032705673482097928437760,3639558063321805964377630982948413477294417738876280474458514795074459673637/6188142688711251083045210697171154393278340229285653283566127839570988892160
B2_optimizer_stage_rate,False,margin_helpful_attribution_participation_ratio,3,verified-v3-normuon-1e-3,5,resolved,0.5914471428571428,6108580363059833805872961518543493663766346051/10354466855305052058144392468081785175141253120,10981242331683421278451326080426224212775120139056672049629748346173107632811/18564428066133753249135632091513463179835020687856959850698383518712966676480
B2_optimizer_stage_rate,False,margin_helpful_attribution_participation_ratio,4,verified-v3-adamw-3e-5,1,resolved,0.5857735714285714,3574896383049347004293067184737628366530177359/6548473008089159025763201215184025919820922880,7091001764300453466582891512072768290351247680369479021890346887816709314681/12897185981517584320995521624240193637901547438901718205433711059534159544320
B2_optimizer_stage_rate,False,margin_helpful_attribution_participation_ratio,4,verified-v3-adamw-3e-5,2,resolved,0.5897585714285715,14534912705544271186610394448408397598422002391/26193892032356636103052804860736103679283691520,7209521785623833803506588932328604615574887438105535640741916749839017508411/12897185981517584320995521624240193637901547438901718205433711059534159544320
B2_optimizer_stage_rate,False,margin_helpful_attribution_participation_ratio,4,verified-v3-adamw-3e-5,3,resolved,0.5879642857142857,14674887875252418072936457043292720830266095761/26193892032356636103052804860736103679283691520,3631731458497207044935000748874016402955188719975402199777303924734686239353/6448592990758792160497760812120096818950773719450859102716855529767079772160
B2_optimizer_stage_rate,False,margin_helpful_attribution_participation_ratio,4,verified-v3-adamw-3e-5,4,resolved,0.58876,14703882019075851400604408097469195784883567101/26193892032356636103052804860736103679283691520,1822167091201899257410577773604928768531622430529307049743325470515484523549/3224296495379396080248880406060048409475386859725429551358427764883539886080
B2_optimizer_stage_rate,False,margin_helpful_attribution_participation_ratio,4,verified-v3-adamw-3e-5,5,resolved,0.5892628571428571,1839780625400865877767469375555260045212950057/3274236504044579512881600607592012959910461440,7291017910263727883104784404598320142099130357639387062084512127962475925401/12897185981517584320995521624240193637901547438901718205433711059534159544320
B2_optimizer_stage_rate,False,margin_helpful_attribution_participation_ratio,4,verified-v3-muon-3e-3,1,resolved,0.5424921428571429,912709387973789787207440227090518342172188121/1637118252022289808224203061702504445451960320,914390507083706213358527712840833094532461062458046129084964809138697459857/1612148247689698091118021095824445862644068445718094903433664739443726090240
B2_optimizer_stage_rate,False,margin_helpful_attribution_participation_ratio,4,verified-v3-muon-3e-3,2,resolved,0.5378814285714285,7371940219167115331870505972792718469530133263/13096946016178318465793624493620035563615682560,1852016589389838809040748064452193802080791369585711341271692876619908670649/3224296495379396182236042191648891725288136891436189806867329478887452180480
B2_optimizer_stage_rate,False,margin_helpful_attribution_participation_ratio,4,verified-v3-muon-3e-3,3,resolved,0.5432642857142858,7361160185267608008100377524045728409441030033/13096946016178318465793624493620035563615682560,230440032931422981429979642842459242011288455019964087914267877286784951523/403037061922424522779505273956111465661017111429523725858416184860931522560
B2_optimizer_stage_rate,False,margin_helpful_attribution_participation_ratio,4,verified-v3-muon-3e-3,4,resolved,0.5483742857142857,115316414738225446373773646522077043971257467/204639781502786226028025382712813055681495040,922171110721196593099831885387036065288714459995330647843419107727489347237/1612148247689698091118021095824445862644068445718094903433664739443726090240
B2_optimizer_stage_rate,False,margin_helpful_attribution_participation_ratio,4,verified-v3-muon-3e-3,5,resolved,0.5571792857142858,925307012923101319379447277819313190995335091/1637118252022289808224203061702504445451960320,924563752963012142037847199534943846138175886092121682680268014805379443647/1612148247689698091118021095824445862644068445718094903433664739443726090240
B2_optimizer_stage_rate,False,margin_helpful_attribution_participation_ratio,4,verified-v3-normuon-3e-3,1,resolved,0.5348342857142857,2466460739055931256723445695737837954273958507/4365648672059439488597874831206678521205227520,87537721335357521255166313310767456302926997198636666943256290246586143273/153537928351399818201716294840423415489911280544580466993682356137497722880
B2_optimizer_stage_rate,False,margin_helpful_attribution_participation_ratio,4,verified-v3-normuon-3e-3,2,resolved,0.5396864285714286,7475060736897943622336015673220511017072348811/13096946016178318465793624493620035563615682560,534886979707678197530009577702442431644522474575836699292694108180682045083/921227570108398909210297769042540492939467683267482801962094136824986337280
B2_optimizer_stage_rate,False,margin_helpful_attribution_participation_ratio,4,verified-v3-normuon-3e-3,3,resolved,0.5446657142857143,3728549605466449243785528622111197226269604883/6548473008089159232896812246810017781807841280,931992450801347243492862050011278667908952190817777816065575453881348091909/1612148247689698091118021095824445862644068445718094903433664739443726090240
B2_optimizer_stage_rate,False,margin_helpful_attribution_participation_ratio,4,verified-v3-normuon-3e-3,4,resolved,0.5518028571428572,1868826771053966922541218344619851052749511019/3274236504044579616448406123405008890903920640,3716352808277140787800497634399968957275755526783531267822098547736753065221/6448592990758792364472084383297783450576273782872379613734658957774904360960
B2_optimizer_stage_rate,False,margin_helpful_attribution_participation_ratio,4,verified-v3-normuon-3e-3,5,resolved,0.5584957142857143,7500403327439248930994830175358460381775725631/13096946016178318465793624493620035563615682560,133363919456185420967108906526031324994844465303285074590750741573633782767/230306892527099727302574442260635123234866920816870700490523534206246584320
B2_optimizer_stage_rate,False,margin_degrading_attribution_mass,1,verified-v3-adamw-1e-6,1,resolved,0.5425692857142858,3797561557131083752454844784394199824528880049/6772505457166466673011364193840831648539607040,16586790670050058825814697919314962865635164550625774299184645257122957547763/29335257725183892991518651128288061704266435509147296004640835060026329530368
B2_optimizer_stage_rate,False,margin_degrading_attribution_mass,1,verified-v3-adamw-1e-6,2,resolved,0.55545,959580994369182289746547607223941115754197781/1693126364291616668252841048460207912134901760,16812389600171093128559323465543046126301392221417687419804915453610370887435/29335257725183892991518651128288061704266435509147296004640835060026329530368
B2_optimizer_stage_rate,False,margin_degrading_attribution_mass,1,verified-v3-adamw-1e-6,3,resolved,0.5608178571428571,2893759804582839163083264740596411735828323593/5079379092874850004758523145380623736404705280,50262130985817098187210063845915486082939227523693850946431214764996507432813/88005773175551678974555953384864185112799306527441888013922505180078988591104
B2_optimizer_stage_rate,False,margin_degrading_attribution_mass,1,verified-v3-adamw-1e-6,4,resolved,0.5633707142857143,3861876171454674935761884724924302655062015689/6772505457166466673011364193840831648539607040,16829034170750749375971008772796954948197437364939632688142156292097537529395/29335257725183892991518651128288061704266435509147296004640835060026329530368
B2_optimizer_stage_rate,False,margin_degrading_attribution_mass,1,verified-v3-adamw-1e-6,5,resolved,0.5649535714285714,1931575829991220686040117460672660175729663987/3386252728583233336505682096920415824269803520,16805843615985907109272027978420528994630842503165657688654215010491367490091/29335257725183892991518651128288061704266435509147296004640835060026329530368
B2_optimizer_stage_rate,False,margin_degrading_attribution_mass,1,verified-v3-muon-1e-4,1,resolved,0.5822957142857142,23532092640327700715083132854762393386855080717/40635032742998800038068185163044989891237642240,64028747539398726878951657711643255335506113182529081697249134273963244763023/110007216469439598718194941731080231390999133159302360017403131475098735738880
B2_optimizer_stage_rate,False,margin_degrading_attribution_mass,1,verified-v3-muon-1e-4,2,resolved,0.5879385714285714,7870404951360998900064944470655343629459482259/13545010914332933346022728387681663297079214080,64379355751813839665014169799326419565310564380915867620904213919102748296523/110007216469439598718194941731080231390999133159302360017403131475098735738880
B2_optimizer_stage_rate,False,margin_degrading_attribution_mass,1,verified-v3-muon-1e-4,3,resolved,0.58963,23627768792421870480256021307311571399042194337/40635032742998800038068185163044989891237642240,2680836133873220959826605085173386077034805578674509365540630348895885554127/4583634019559983279924789238795009641291630548304265000725130478129113989120
B2_optimizer_stage_rate,False,margin_degrading_attribution_mass,1,verified-v3-muon-1e-4,4,resolved,0.5903421428571428,23746568213148367932631908298472022493138567007/40635032742998800038068185163044989891237642240,32073713738670739979983895165227903116370955360251980843499234055566701282679/55003608234719799359097470865540115695499566579651180008701565737549367869440
B2_optimizer_stage_rate,False,margin_degrading_attribution_mass,1,verified-v3-muon-1e-4,5,resolved,0.5910157142857143,23925604232412460319855837521350322650460007857/40635032742998800038068185163044989891237642240,32341233116517734488183535304620221848938677582217101471199880011796107966539/55003608234719799359097470865540115695499566579651180008701565737549367869440
B2_optimizer_stage_rate,False,margin_degrading_attribution_mass,1,verified-v3-normuon-1e-4,1,resolved,0.5801178571428572,2331859265507409059150941922555392973064294191/4063503274299880003806818516304498989123764224,5292687441055142846883477438617055423518948988983564107272286103049669072289/9167268039119966559849578477590019282583261096608530001450260956258227978240
B2_optimizer_stage_rate,False,margin_degrading_attribution_mass,1,verified-v3-normuon-1e-4,2,resolved,0.5869142857142856,784235334935115717022728305482681731983958191/1354501091433293334602272838768166329707921408,1001131581068501206565610173259527457179920375047222558637206574644368487607/1718862757334993729971795964548128615484361455614099375271923929298417745920
B2_optimizer_stage_rate,False,margin_degrading_attribution_mass,1,verified-v3-normuon-1e-4,3,resolved,0.5895821428571428,1175132016418824295643845453080230896773353911/2031751637149940001903409258152249494561882112,21399928783530367808208869901155449658714617637617337920849096401616967768291/36669072156479866239398313910360077130333044386434120005801043825032911912960
B2_optimizer_stage_rate,False,margin_degrading_attribution_mass,1,verified-v3-normuon-1e-4,4,resolved,0.5898942857142858,1182578869919368729112991922516489795489729295/2031751637149940001903409258152249494561882112,10668191514566245470018400542885080731144261495387127243063378848154471441413/18334536078239933119699156955180038565166522193217060002900521912516455956480
B2_optimizer_stage_rate,False,margin_degrading_attribution_mass,1,verified-v3-normuon-1e-4,5,resolved,0.5909735714285714,297568471842469810242817155328201614292229759/507937909287485000475852314538062373640470528,64325584949249861810124935827975146805125650461971658621354830809620888265693/110007216469439598718194941731080231390999133159302360017403131475098735738880
B2_optimizer_stage_rate,False,margin_degrading_attribution_mass,2,verified-v3-adamw-3e-6,1,resolved,0.5644085714285715,101474399163338923068734545318755941779223500237/179329775717301587086253024797048546334007623680,15467633659631018157524180574938454604719054857986812562170398891594701230671/27401614656505812960346859279465637821245667140094069654486867786317682442240
B2_optimizer_stage_rate,False,margin_degrading_attribution_mass,2,verified-v3-adamw-3e-6,2,resolved,0.5754778571428572,76996523963857180487215561554730975259276245639/134497331787976190314689768597786409750505717760,62404254173733279872483067164783859301125512337724952762433220402148217695359/109606458626023251841387437117862551284982668560376278617947471145270729768960
B2_optimizer_stage_rate,False,margin_degrading_attribution_mass,2,verified-v3-adamw-3e-6,3,resolved,0.5815735714285715,103148698805053816574239042833494283991362067547/179329775717301587086253024797048546334007623680,62832846723930324697572242136545472549161789517782052986005727452598149237169/109606458626023251841387437117862551284982668560376278617947471145270729768960
B2_optimizer_stage_rate,False,margin_degrading_attribution_mass,2,verified-v3-adamw-3e-6,4,resolved,0.5840192857142857,9679553288540820237756359174770637412963493493/16812166473497023789336221074723301218813214720,126130434307651912365813111120081360894731751055947569209587527256471080255513/219212917252046503682774874235725102569965337120752557235894942290541459537920
B2_optimizer_stage_rate,False,margin_degrading_attribution_mass,2,verified-v3-adamw-3e-6,5,resolved,0.5834164285714286,310238990209225765624281908078256558146738148541/537989327151904761258759074391145639002022871040,42177165583204400081988615109811792445472370789909979205750548818161205596631/73070972417348834560924958078575034189988445706917519078631647430180486512640
B2_optimizer_stage_rate,False,margin_degrading_attribution_mass,2,verified-v3-muon-3e-4,1,resolved,0.5881207142857142,26395826476673795605911131877831363127927328813/44832443929325396960570457738957832689234739200,744314057698132965834972193326149564185014501463245411013468818576460289449/1259844352023255773603134066611429488568322554698331285983084792744037580800
B2_optimizer_stage_rate,False,margin_degrading_attribution_mass,2,verified-v3-muon-3e-4,2,resolved,0.5927621428571428,13249043573199152301038698334926048318200590419/22416221964662698480285228869478916344617369600,248716814306099140194536012490077844410693921367844131637280916049072706883/419948117341085257867711355537143162856107518232777095327694930914679193600
B2_optimizer_stage_rate,False,margin_degrading_attribution_mass,2,verified-v3-muon-3e-4,3,resolved,0.5912535714285714,53128344607256824030870795808474759235092402051/89664887858650793921140915477915665378469478400,248446026500067718529662645745767698724512137480340757905303557080258041633/419948117341085257867711355537143162856107518232777095327694930914679193600
B2_optimizer_stage_rate,False,margin_degrading_attribution_mass,2,verified-v3-muon-3e-4,4,resolved,0.591362142857143,8901421005505380483538421650311264287190610021/14944147976441798986856819246319277563078246400,249152332390777142900559835541222529297572967554733244643856457287794003533/419948117341085257867711355537143162856107518232777095327694930914679193600
B2_optimizer_stage_rate,False,margin_degrading_attribution_mass,2,verified-v3-muon-3e-4,5,resolved,0.5924307142857143,6723972422784943461146384552513923355662169497/11208110982331349240142614434739458172308684800,376107640262216582460515025849697231825057317958251982210319823142074876937/629922176011627886801567033305714744284161277349165642991542396372018790400
B2_optimizer_stage_rate,False,margin_degrading_attribution_mass,2,verified-v3-normuon-3e-4,1,resolved,0.5875385714285715,4386970607429079024627702036029267614961237717/7472073988220899493428409623159638781539123200,7172687296326273105661112956708617409538658862286472414781898171493110791769/12178495402891472478163629310577151722827118028750535764503152996525696614400
B2_optimizer_stage_rate,False,margin_degrading_attribution_mass,2,verified-v3-normuon-3e-4,2,resolved,0.5912428571428572,26598034196744763781312213392401478945407211127/44832443929325396960570457738957832689234739200,7213019559321763399623759956604133282512351079454638405040174732426964872269/12178495402891472478163629310577151722827118028750535764503152996525696614400
B2_optimizer_stage_rate,False,margin_degrading_attribution_mass,2,verified-v3-normuon-3e-4,3,resolved,0.5915221428571428,53213574395404788397906153608455245240026474679/89664887858650793921140915477915665378469478400,5413897203392019504766513174674958060316370146854029801906005487672817779983/9133871552168604358622721982932863792120338521562901823377364747394272460800
B2_optimizer_stage_rate,False,margin_degrading_attribution_mass,2,verified-v3-normuon-3e-4,4,resolved,0.5907228571428572,4464619688688576547867137117626003542742173017/7472073988220899493428409623159638781539123200,1808082955965083174897222541084122299813976250303710539651857074842538051111/3044623850722868119540907327644287930706779507187633941125788249131424153600
B2_optimizer_stage_rate,False,margin_degrading_attribution_mass,2,verified-v3-normuon-3e-4,5,resolved,0.5936371428571429,2244174430398441872973235312117561313671825621/3736036994110449746714204811579819390769561600,21940525692820182351592534539441046490917339271775516308527243980748355353807/36535486208674417434490887931731455168481354086251607293509458989577089843200
B2_optimizer_stage_rate,False,margin_degrading_attribution_mass,3,verified-v3-adamw-1e-5,1,resolved,0.5820728571428572,18111560024601903485115713644631175472471030481/31063400565915155778292364832923667557704007680,2556699194062821560257375973070069171851544708236889283224676655679183625807189/4381115640080217553315346886059243118234106915235281279909311616493885985914880
B2_optimizer_stage_rate,False,margin_degrading_attribution_mass,3,verified-v3-adamw-1e-5,2,resolved,0.585075,27601218084307274111523106871651437121943877189/46595100848872733667438547249385501336556011520,2607106457238994574033070649079606335018960961895888633190983019690069624124369/4381115640080217553315346886059243118234106915235281279909311616493885985914880
B2_optimizer_stage_rate,False,margin_degrading_attribution_mass,3,verified-v3-adamw-1e-5,3,resolved,0.5896428571428572,9250466177323947731668773197619990576366096843/15531700282957577889146182416461833778852003840,875198247497488799494625940557504477640953490394936194030453212768627039475063/1460371880026739184438448962019747706078035638411760426636437205497961995304960
B2_optimizer_stage_rate,False,margin_degrading_attribution_mass,3,verified-v3-adamw-1e-5,4,resolved,0.587965,13920696820519975266492783913099131207299516527/23297550424436366833719273624692750668278005760,875633851361028489087657102188364281830888490359560833634031990889136329120263/1460371880026739184438448962019747706078035638411760426636437205497961995304960
B2_optimizer_stage_rate,False,margin_degrading_attribution_mass,3,verified-v3-adamw-1e-5,5,resolved,0.58863,9288141644581750038480128204007822618382070593/15531700282957577889146182416461833778852003840,875222515951063024066852968110658900682342092178485142200228808403844100855203/1460371880026739184438448962019747706078035638411760426636437205497961995304960
B2_optimizer_stage_rate,False,margin_degrading_attribution_mass,3,verified-v3-muon-1e-3,1,resolved,0.5818585714285714,3999792678816465413438914348460887849353338889/6902977903536701372096261645387856783427502080,47189572252269965325340136933996921323963912733347508788309525308581894554891/81131771112596622392337048597953018737551929944276662963070247260774664765440
B2_optimizer_stage_rate,False,margin_degrading_attribution_mass,3,verified-v3-muon-1e-3,2,resolved,0.5876692857142858,4012847524884987231587300878311452952923237729/6902977903536701372096261645387856783427502080,141709266537873498877901853116192391599384055181256908911747400841979555169493/243395313337789867177011145793859056212655789832829988889210741782323994296320
B2_optimizer_stage_rate,False,margin_degrading_attribution_mass,3,verified-v3-muon-1e-3,3,resolved,0.5850171428571428,4025654192462215575069047362575700323832605769/6902977903536701372096261645387856783427502080,141640061761490722992883232662789347008270741308601743027235170782797660319083/243395313337789867177011145793859056212655789832829988889210741782323994296320
B2_optimizer_stage_rate,False,margin_degrading_attribution_mass,3,verified-v3-muon-1e-3,4,resolved,0.5885692857142857,12117902167053122297522246593251121660078921627/20708933710610104116288784936163570350282506240,47680810353724902104003933197994281793796075782427038553761877394675134418271/81131771112596622392337048597953018737551929944276662963070247260774664765440
B2_optimizer_stage_rate,False,margin_degrading_attribution_mass,3,verified-v3-muon-1e-3,5,resolved,0.5919135714285714,12190708861141424453517628517378807411476640587/20708933710610104116288784936163570350282506240,143360060888305206412899722991384123488933063845340608999413540922522396895743/243395313337789867177011145793859056212655789832829988889210741782323994296320
B2_optimizer_stage_rate,False,margin_degrading_attribution_mass,3,verified-v3-normuon-1e-3,1,resolved,0.5852614285714285,5968395673934511277201361024856770567915877341/10354466855305052058144392468081785175141253120,14021472817268384955833493236963045683419045042485120991130085455150986386411/24339531333778986717701114579385905621265578983282998888921074178232399429632
B2_optimizer_stage_rate,False,margin_degrading_attribution_mass,3,verified-v3-normuon-1e-3,2,resolved,0.5920957142857143,6021385890741159833304475259878562807019498911/10354466855305052058144392468081785175141253120,4759383769506216547051031729079975711568774658149090665488922739287846398759/8113177111259662239233704859795301873755192994427666296307024726077466476544
B2_optimizer_stage_rate,False,margin_degrading_attribution_mass,3,verified-v3-normuon-1e-3,3,resolved,0.5850342857142856,1008123978563737747864686112122724444664023211/1725744475884175343024065411346964195856875520,14221880487248574772475487288620813232984747157317431910473817686691303091381/24339531333778986717701114579385905621265578983282998888921074178232399429632
B2_optimizer_stage_rate,False,margin_degrading_attribution_mass,3,verified-v3-normuon-1e-3,4,resolved,0.5896921428571428,505974689409307245011496065170127061104934093/862872237942087671512032705673482097928437760,3577090605235725948021687568107768175218632173973377413147187976907920035441/6084882833444746679425278644846476405316394745820749722230268544558099857408
B2_optimizer_stage_rate,False,margin_degrading_attribution_mass,3,verified-v3-normuon-1e-3,5,resolved,0.5914471428571428,6108580363059833805872961518543493663766346051/10354466855305052058144392468081785175141253120,14352086331096490368476666253277485242452662751928606966341642640408791908203/24339531333778986717701114579385905621265578983282998888921074178232399429632
B2_optimizer_stage_rate,False,margin_degrading_attribution_mass,4,verified-v3-adamw-3e-5,1,resolved,0.5857735714285714,3574896383049347004293067184737628366530177359/6548473008089159025763201215184025919820922880,59964779227910857871906520965123207765280667295782864142883640346829706616849/110372397810397878466504464665620301337608949609129075960004374968697618432000
B2_optimizer_stage_rate,False,margin_degrading_attribution_mass,4,verified-v3-adamw-3e-5,2,resolved,0.5897585714285715,14534912705544271186610394448408397598422002391/26193892032356636103052804860736103679283691520,3806507956880910001740026616709551888114873733448838833426625948322258276709/6898274863149867404156529041601268833600559350570567247500273435543601152000
B2_optimizer_stage_rate,False,margin_degrading_attribution_mass,4,verified-v3-adamw-3e-5,3,resolved,0.5879642857142857,14674887875252418072936457043292720830266095761/26193892032356636103052804860736103679283691520,61554467286865333115450097159042169980963254823309667433952779042456550068129/110372397810397878466504464665620301337608949609129075960004374968697618432000
B2_optimizer_stage_rate,False,margin_degrading_attribution_mass,4,verified-v3-adamw-3e-5,4,resolved,0.58876,14703882019075851400604408097469195784883567101/26193892032356636103052804860736103679283691520,61615445075616967996509588894292606616322707033796404685758632684098111813569/110372397810397878466504464665620301337608949609129075960004374968697618432000
B2_optimizer_stage_rate,False,margin_degrading_attribution_mass,4,verified-v3-adamw-3e-5,5,resolved,0.5892628571428571,1839780625400865877767469375555260045212950057/3274236504044579512881600607592012959910461440,30847194621728875531426103467302058689036229553058946876943375081950875547627/55186198905198939233252232332810150668804474804564537980002187484348809216000
B2_optimizer_stage_rate,False,margin_degrading_attribution_mass,4,verified-v3-muon-3e-3,1,resolved,0.5424921428571429,912709387973789787207440227090518342172188121/1637118252022289808224203061702504445451960320,6121813148566135016108614895767340286200154207811427504594444912303425097497/11037239781039788195767458760057203100523510266771550422636358995520205619200
B2_optimizer_stage_rate,False,margin_degrading_attribution_mass,4,verified-v3-muon-3e-3,2,resolved,0.5378814285714285,7371940219167115331870505972792718469530133263/13096946016178318465793624493620035563615682560,6184856778367916340630787822000128531469503672078302393378209544368723012847/11037239781039788195767458760057203100523510266771550422636358995520205619200
B2_optimizer_stage_rate,False,margin_degrading_attribution_mass,4,verified-v3-muon-3e-3,3,resolved,0.5432642857142858,7361160185267608008100377524045728409441030033/13096946016178318465793624493620035563615682560,3096280093722946566347305803549251210467674332758092694679215393453355076869/5518619890519894097883729380028601550261755133385775211318179497760102809600
B2_optimizer_stage_rate,False,margin_degrading_attribution_mass,4,verified-v3-muon-3e-3,4,resolved,0.5483742857142857,115316414738225446373773646522077043971257467/204639781502786226028025382712813055681495040,1242939278815957074794098535196057645042288316052961717339068529525440128139/2207447956207957639153491752011440620104702053354310084527271799104041123840
B2_optimizer_stage_rate,False,margin_degrading_attribution_mass,4,verified-v3-muon-3e-3,5,resolved,0.5571792857142858,925307012923101319379447277819313190995335091/1637118252022289808224203061702504445451960320,1560271394157610605922087352044584515066495408009421066978439916518428378541/2759309945259947048941864690014300775130877566692887605659089748880051404800
B2_optimizer_stage_rate,False,margin_degrading_attribution_mass,4,verified-v3-normuon-3e-3,1,resolved,0.5348342857142857,2466460739055931256723445695737837954273958507/4365648672059439488597874831206678521205227520,2069633428251846208824175230302451081009161171744854461061545424009313827017/3679079927013262731922486253352401033507836755590516807545452998506735206400
B2_optimizer_stage_rate,False,margin_degrading_attribution_mass,4,verified-v3-normuon-3e-3,2,resolved,0.5396864285714286,7475060736897943622336015673220511017072348811/13096946016178318465793624493620035563615682560,6265805097977410352878787029795695117257540397861478261118860494073385270341/11037239781039788195767458760057203100523510266771550422636358995520205619200
B2_optimizer_stage_rate,False,margin_degrading_attribution_mass,4,verified-v3-normuon-3e-3,3,resolved,0.5446657142857143,3728549605466449243785528622111197226269604883/6548473008089159232896812246810017781807841280,6260797690265206593079620248434306866002758416790789495141441521197215776653/11037239781039788195767458760057203100523510266771550422636358995520205619200
B2_optimizer_stage_rate,False,margin_degrading_attribution_mass,4,verified-v3-normuon-3e-3,4,resolved,0.5518028571428572,1868826771053966922541218344619851052749511019/3274236504044579616448406123405008890903920640,1574358086002172611959419004468973380788762777529183511469991878350499021879/2759309945259947048941864690014300775130877566692887605659089748880051404800
B2_optimizer_stage_rate,False,margin_degrading_attribution_mass,4,verified-v3-normuon-3e-3,5,resolved,0.5584957142857143,7500403327439248930994830175358460381775725631/13096946016178318465793624493620035563615682560,6313938956045150437084764829237297946839971538481798573482495680355614692479/11037239781039788195767458760057203100523510266771550422636358995520205619200
B2_optimizer_stage_rate,False,random_50pct_relative_shortlist_ndcg,1,verified-v3-adamw-1e-6,1,resolved,0.5425692857142858,3797561557131083752454844784394199824528880049/6772505457166466673011364193840831648539607040,139270195704324945178984443364409403027095288962380416383850124985125793973/247971474421055706980836910611950031539714590764588573270355888946513182720
B2_optimizer_stage_rate,False,random_50pct_relative_shortlist_ndcg,1,verified-v3-adamw-1e-6,2,resolved,0.55545,959580994369182289746547607223941115754197781/1693126364291616668252841048460207912134901760,140616283325216672163067990921819019141606576320836898376093085655417935663/247971474421055706980836910611950031539714590764588573270355888946513182720
B2_optimizer_stage_rate,False,random_50pct_relative_shortlist_ndcg,1,verified-v3-adamw-1e-6,3,resolved,0.5608178571428571,2893759804582839163083264740596411735828323593/5079379092874850004758523145380623736404705280,422136787880195277833516517652856643573236039672978713164494327390651037589/743914423263167120942510731835850094619143772293765719811067666839539548160
B2_optimizer_stage_rate,False,random_50pct_relative_shortlist_ndcg,1,verified-v3-adamw-1e-6,4,resolved,0.5633707142857143,3861876171454674935761884724924302655062015689/6772505457166466673011364193840831648539607040,141127283004552930781056285686037685514463820587047124842619915638157599073/247971474421055706980836910611950031539714590764588573270355888946513182720
B2_optimizer_stage_rate,False,random_50pct_relative_shortlist_ndcg,1,verified-v3-adamw-1e-6,5,resolved,0.5649535714285714,1931575829991220686040117460672660175729663987/3386252728583233336505682096920415824269803520,141265904113326915533868571489812995663905057538167383180812069696271233903/247971474421055706980836910611950031539714590764588573270355888946513182720
B2_optimizer_stage_rate,False,random_50pct_relative_shortlist_ndcg,1,verified-v3-muon-1e-4,1,resolved,0.5822957142857142,23532092640327700715083132854762393386855080717/40635032742998800038068185163044989891237642240,144182613966409989224697237678366403754902860413759441420356071058308687359/247971474421055706980836910611950031539714590764588573270355888946513182720
B2_optimizer_stage_rate,False,random_50pct_relative_shortlist_ndcg,1,verified-v3-muon-1e-4,2,resolved,0.5879385714285714,7870404951360998900064944470655343629459482259/13545010914332933346022728387681663297079214080,433500471808290077204488670723339629727098874062832197886974396066288559597/743914423263167120942510731835850094619143772293765719811067666839539548160
B2_optimizer_stage_rate,False,random_50pct_relative_shortlist_ndcg,1,verified-v3-muon-1e-4,3,resolved,0.58963,23627768792421870480256021307311571399042194337/40635032742998800038068185163044989891237642240,433023874660589740678967386712015285573440083912253818595870126875368828897/743914423263167120942510731835850094619143772293765719811067666839539548160
B2_optimizer_stage_rate,False,random_50pct_relative_shortlist_ndcg,1,verified-v3-muon-1e-4,4,resolved,0.5903421428571428,23746568213148367932631908298472022493138567007/40635032742998800038068185163044989891237642240,436366103240449167727681754939955029755228169011445515195229133339170811167/743914423263167120942510731835850094619143772293765719811067666839539548160
B2_optimizer_stage_rate,False,random_50pct_relative_shortlist_ndcg,1,verified-v3-muon-1e-4,5,resolved,0.5910157142857143,23925604232412460319855837521350322650460007857/40635032742998800038068185163044989891237642240,146647841764971711217778146364736388668214085013254820140426667415564544099/247971474421055706980836910611950031539714590764588573270355888946513182720
B2_optimizer_stage_rate,False,random_50pct_relative_shortlist_ndcg,1,verified-v3-normuon-1e-4,1,resolved,0.5801178571428572,2331859265507409059150941922555392973064294191/4063503274299880003806818516304498989123764224,71195703695091015386203379850801511916943983565654290899712013803219274809/123985737210527853490418455305975015769857295382294286635177944473256591360
B2_optimizer_stage_rate,False,random_50pct_relative_shortlist_ndcg,1,verified-v3-normuon-1e-4,2,resolved,0.5869142857142856,784235334935115717022728305482681731983958191/1354501091433293334602272838768166329707921408,216088342745868336616855863511213015819593659092655743067624368213708217377/371957211631583560471255365917925047309571886146882859905533833419769774080
B2_optimizer_stage_rate,False,random_50pct_relative_shortlist_ndcg,1,verified-v3-normuon-1e-4,3,resolved,0.5895821428571428,1175132016418824295643845453080230896773353911/2031751637149940001903409258152249494561882112,107678316686341416439653136292893729837923187876690891631606091508053506011/185978605815791780235627682958962523654785943073441429952766916709884887040
B2_optimizer_stage_rate,False,random_50pct_relative_shortlist_ndcg,1,verified-v3-normuon-1e-4,4,resolved,0.5898942857142858,1182578869919368729112991922516489795489729295/2031751637149940001903409258152249494561882112,54317034087161814081757209896880048517775679834928691450877783268471562363/92989302907895890117813841479481261827392971536720714976383458354942443520
B2_optimizer_stage_rate,False,random_50pct_relative_shortlist_ndcg,1,verified-v3-normuon-1e-4,5,resolved,0.5909735714285714,297568471842469810242817155328201614292229759/507937909287485000475852314538062373640470528,109310161593847992085246498391426310435055689690495394975967979644819256521/185978605815791780235627682958962523654785943073441429952766916709884887040
B2_optimizer_stage_rate,False,random_50pct_relative_shortlist_ndcg,2,verified-v3-adamw-3e-6,1,resolved,0.5644085714285715,101474399163338923068734545318755941779223500237/179329775717301587086253024797048546334007623680,814775719948043709293902642634774814167170301174637991637350023850984115/1438944328968620034855216870385639664870738740098671023799275592601305088
B2_optimizer_stage_rate,False,random_50pct_relative_shortlist_ndcg,2,verified-v3-adamw-3e-6,2,resolved,0.5754778571428572,76996523963857180487215561554730975259276245639/134497331787976190314689768597786409750505717760,39555508756039513323600524645932431085191322861247638496692893440288826815/69069327790493761673050409778510703913795459524736209142365228444862644224
B2_optimizer_stage_rate,False,random_50pct_relative_shortlist_ndcg,2,verified-v3-adamw-3e-6,3,resolved,0.5815735714285715,103148698805053816574239042833494283991362067547/179329775717301587086253024797048546334007623680,39711687740213678434887924583230898121039958436494478044442498874701761445/69069327790493761673050409778510703913795459524736209142365228444862644224
B2_optimizer_stage_rate,False,random_50pct_relative_shortlist_ndcg,2,verified-v3-adamw-3e-6,4,resolved,0.5840192857142857,9679553288540820237756359174770637412963493493/16812166473497023789336221074723301218813214720,39740087419857049260861758467629212594753577486582781990972778921944995757/69069327790493761673050409778510703913795459524736209142365228444862644224
B2_optimizer_stage_rate,False,random_50pct_relative_shortlist_ndcg,2,verified-v3-adamw-3e-6,5,resolved,0.5834164285714286,310238990209225765624281908078256558146738148541/537989327151904761258759074391145639002022871040,9951484899991401822258481487756132246930813726983590447382184002795340021/17267331947623440418262602444627675978448864881184052285591307111215661056
B2_optimizer_stage_rate,False,random_50pct_relative_shortlist_ndcg,2,verified-v3-muon-3e-4,1,resolved,0.5881207142857142,26395826476673795605911131877831363127927328813/44832443929325396960570457738957832689234739200,2564851238635774648251264891292497946486127489377583702197749240880963958029/4355204835678356657189380001863760812666915496206950081792072151630400716800
B2_optimizer_stage_rate,False,random_50pct_relative_shortlist_ndcg,2,verified-v3-muon-3e-4,2,resolved,0.5927621428571428,13249043573199152301038698334926048318200590419/22416221964662698480285228869478916344617369600,965162085255146086341225124860353776702804355136587075607081509105619982739/1633201813379383746446017500698910304750093311077606280672027056861400268800
B2_optimizer_stage_rate,False,random_50pct_relative_shortlist_ndcg,2,verified-v3-muon-3e-4,3,resolved,0.5912535714285714,53128344607256824030870795808474759235092402051/89664887858650793921140915477915665378469478400,7745291065501751131565765448574967842891194671145508363020020214796842113387/13065614507035069971568140005591282438000746488620850245376216454891202150400
B2_optimizer_stage_rate,False,random_50pct_relative_shortlist_ndcg,2,verified-v3-muon-3e-4,4,resolved,0.591362142857143,8901421005505380483538421650311264287190610021/14944147976441798986856819246319277563078246400,7787749846740155417924523180716636492648990689262822558727475421633144443187/13065614507035069971568140005591282438000746488620850245376216454891202150400
B2_optimizer_stage_rate,False,random_50pct_relative_shortlist_ndcg,2,verified-v3-muon-3e-4,5,resolved,0.5924307142857143,6723972422784943461146384552513923355662169497/11208110982331349240142614434739458172308684800,7844396427700401475608247284094575288588774636011834349764495601053729020237/13065614507035069971568140005591282438000746488620850245376216454891202150400
B2_optimizer_stage_rate,False,random_50pct_relative_shortlist_ndcg,2,verified-v3-normuon-3e-4,1,resolved,0.5875385714285715,4386970607429079024627702036029267614961237717/7472073988220899493428409623159638781539123200,959122458003902377107560890754839140295111498533340758783275523822930307901/1633201813379383746446017500698910304750093311077606280672027056861400268800
B2_optimizer_stage_rate,False,random_50pct_relative_shortlist_ndcg,2,verified-v3-normuon-3e-4,2,resolved,0.5912428571428572,26598034196744763781312213392401478945407211127/44832443929325396960570457738957832689234739200,215349570199621873806416753654451712869671225375056608910591968240042437453/362933736306529721432448333488646734388909624683912506816006012635866726400
B2_optimizer_stage_rate,False,random_50pct_relative_shortlist_ndcg,2,verified-v3-normuon-3e-4,3,resolved,0.5915221428571428,53213574395404788397906153608455245240026474679/89664887858650793921140915477915665378469478400,121282721868618104460645778399317214327280773536808109653948204015990337747/204150226672422968305752187587363788093761663884700785084003382107675033600
B2_optimizer_stage_rate,False,random_50pct_relative_shortlist_ndcg,2,verified-v3-normuon-3e-4,4,resolved,0.5907228571428572,4464619688688576547867137117626003542742173017/7472073988220899493428409623159638781539123200,7807467005834512821043138467055759697131786143560644233430605940420791292583/13065614507035069971568140005591282438000746488620850245376216454891202150400
B2_optimizer_stage_rate,False,random_50pct_relative_shortlist_ndcg,2,verified-v3-normuon-3e-4,5,resolved,0.5936371428571429,2244174430398441872973235312117561313671825621/3736036994110449746714204811579819390769561600,7848226161692056036810092240179083684182137418863454406289981475892216022233/13065614507035069971568140005591282438000746488620850245376216454891202150400
B2_optimizer_stage_rate,False,random_50pct_relative_shortlist_ndcg,3,verified-v3-adamw-1e-5,1,resolved,0.5820728571428572,18111560024601903485115713644631175472471030481/31063400565915155778292364832923667557704007680,1964322562192265124854986927991819104459568318931493413624630370178995352071/3373631327843032344447075013557857861111562399803497558051974686320508272640
B2_optimizer_stage_rate,False,random_50pct_relative_shortlist_ndcg,3,verified-v3-adamw-1e-5,2,resolved,0.585075,27601218084307274111523106871651437121943877189/46595100848872733667438547249385501336556011520,5993141843073260841416021525990337194078214916021272508886077420164674010413/10120893983529097033341225040673573583334687199410492674155924058961524817920
B2_optimizer_stage_rate,False,random_50pct_relative_shortlist_ndcg,3,verified-v3-adamw-1e-5,3,resolved,0.5896428571428572,9250466177323947731668773197619990576366096843/15531700282957577889146182416461833778852003840,6025356800658512280685846310905022285434031253383518963225199045496414467893/10120893983529097033341225040673573583334687199410492674155924058961524817920
B2_optimizer_stage_rate,False,random_50pct_relative_shortlist_ndcg,3,verified-v3-adamw-1e-5,4,resolved,0.587965,13920696820519975266492783913099131207299516527/23297550424436366833719273624692750668278005760,6047769469817318718940738728200842106981792220288911538223184285275022155453/10120893983529097033341225040673573583334687199410492674155924058961524817920
B2_optimizer_stage_rate,False,random_50pct_relative_shortlist_ndcg,3,verified-v3-adamw-1e-5,5,resolved,0.58863,9288141644581750038480128204007822618382070593/15531700282957577889146182416461833778852003840,6053596065968713245082680000108588970220720404864226024194241639771967183833/10120893983529097033341225040673573583334687199410492674155924058961524817920
B2_optimizer_stage_rate,False,random_50pct_relative_shortlist_ndcg,3,verified-v3-muon-1e-3,1,resolved,0.5818585714285714,3999792678816465413438914348460887849353338889/6902977903536701372096261645387856783427502080,108615035341842898612865389859076222578867743985061514946733669110565394987/187423962657946243748323860156844372535814670316609928682685983462743080960
B2_optimizer_stage_rate,False,random_50pct_relative_shortlist_ndcg,3,verified-v3-muon-1e-3,2,resolved,0.5876692857142858,4012847524884987231587300878311452952923237729/6902977903536701372096261645387856783427502080,109138823047267901210073281710935193797027091994374567471016516370385167277/187423962657946243748323860156844372535814670316609928682685983462743080960
B2_optimizer_stage_rate,False,random_50pct_relative_shortlist_ndcg,3,verified-v3-muon-1e-3,3,resolved,0.5850171428571428,4025654192462215575069047362575700323832605769/6902977903536701372096261645387856783427502080,329016566839717068014870142468115422062621637044155960571800360061181240481/562271887973838731244971580470533117607444010949829786048057950388229242880
B2_optimizer_stage_rate,False,random_50pct_relative_shortlist_ndcg,3,verified-v3-muon-1e-3,4,resolved,0.5885692857142857,12117902167053122297522246593251121660078921627/20708933710610104116288784936163570350282506240,46923507004765878961859650370511844997109768816954609232001556444258324943/80324555424834104463567368638647588229634858707118540864008278626889891840
B2_optimizer_stage_rate,False,random_50pct_relative_shortlist_ndcg,3,verified-v3-muon-1e-3,5,resolved,0.5919135714285714,12190708861141424453517628517378807411476640587/20708933710610104116288784936163570350282506240,331857080082603599271249392468453007967917547442710069988657823668640539021/562271887973838731244971580470533117607444010949829786048057950388229242880
B2_optimizer_stage_rate,False,random_50pct_relative_shortlist_ndcg,3,verified-v3-normuon-1e-3,1,resolved,0.5852614285714285,5968395673934511277201361024856770567915877341/10354466855305052058144392468081785175141253120,4639085838819516047432676375908987062870285010199800950765719289961941577/8032455542483410446356736863864758822963485870711854086400827862688989184
B2_optimizer_stage_rate,False,random_50pct_relative_shortlist_ndcg,3,verified-v3-normuon-1e-3,2,resolved,0.5920957142857143,6021385890741159833304475259878562807019498911/10354466855305052058144392468081785175141253120,10907816944256476575473432322480021384004882679086236058112566320857793531/18742396265794624374832386015684437253581467031660992868268598346274308096
B2_optimizer_stage_rate,False,random_50pct_relative_shortlist_ndcg,3,verified-v3-normuon-1e-3,3,resolved,0.5850342857142856,1008123978563737747864686112122724444664023211/1725744475884175343024065411346964195856875520,16451808701266247647406959877794139211553850347801367666860937637143451167/28113594398691936562248579023526655880372200547491489302402897519411462144
B2_optimizer_stage_rate,False,random_50pct_relative_shortlist_ndcg,3,verified-v3-normuon-1e-3,4,resolved,0.5896921428571428,505974689409307245011496065170127061104934093/862872237942087671512032705673482097928437760,32981988091035650160559917908425642098273254464430767685645425660427973029/56227188797383873124497158047053311760744401094982978604805795038822924288
B2_optimizer_stage_rate,False,random_50pct_relative_shortlist_ndcg,3,verified-v3-normuon-1e-3,5,resolved,0.5914471428571428,6108580363059833805872961518543493663766346051/10354466855305052058144392468081785175141253120,2763475930396031479745307024781153620869076312321459985805181666259022851/4685599066448656093708096503921109313395366757915248217067149586568577024
B2_optimizer_stage_rate,False,random_50pct_relative_shortlist_ndcg,4,verified-v3-adamw-3e-5,1,resolved,0.5857735714285714,3574896383049347004293067184737628366530177359/6548473008089159025763201215184025919820922880,732261400828275277409706576051399380234194105552165834874493902506376142181/1344528084440493906973230350795728692572480332831636081047472698795239669760
B2_optimizer_stage_rate,False,random_50pct_relative_shortlist_ndcg,4,verified-v3-adamw-3e-5,2,resolved,0.5897585714285715,14534912705544271186610394448408397598422002391/26193892032356636103052804860736103679283691520,1489863906526688973564735638675831278954501561915967811929951730905434460207/2689056168880987813946460701591457385144960665663272162094945397590479339520
B2_optimizer_stage_rate,False,random_50pct_relative_shortlist_ndcg,4,verified-v3-adamw-3e-5,3,resolved,0.5879642857142857,14674887875252418072936457043292720830266095761/26193892032356636103052804860736103679283691520,1502974833762435916245444981462505951746186958478644440377196656811283123397/2689056168880987813946460701591457385144960665663272162094945397590479339520
B2_optimizer_stage_rate,False,random_50pct_relative_shortlist_ndcg,4,verified-v3-adamw-3e-5,4,resolved,0.58876,14703882019075851400604408097469195784883567101/26193892032356636103052804860736103679283691520,1508547071216385201786877412054844619226217845854872998798022295709708090477/2689056168880987813946460701591457385144960665663272162094945397590479339520
B2_optimizer_stage_rate,False,random_50pct_relative_shortlist_ndcg,4,verified-v3-adamw-3e-5,5,resolved,0.5892628571428571,1839780625400865877767469375555260045212950057/3274236504044579512881600607592012959910461440,755240833811488215457466505306693989540289915737128023898815717647978347111/1344528084440493906973230350795728692572480332831636081047472698795239669760
B2_optimizer_stage_rate,False,random_50pct_relative_shortlist_ndcg,4,verified-v3-muon-3e-3,1,resolved,0.5424921428571429,912709387973789787207440227090518342172188121/1637118252022289808224203061702504445451960320,752934297192887900489045222756414521595941485929755640494696612088407881401/1344528084440493949501764395232405275580256520741360421269058989666661826560
B2_optimizer_stage_rate,False,random_50pct_relative_shortlist_ndcg,4,verified-v3-muon-3e-3,2,resolved,0.5378814285714285,7371940219167115331870505972792718469530133263/13096946016178318465793624493620035563615682560,95146881980029173595160946542479026914243997560964607879862527728461906627/168066010555061743687720549404050659447532065092670052658632373708332728320
B2_optimizer_stage_rate,False,random_50pct_relative_shortlist_ndcg,4,verified-v3-muon-3e-3,3,resolved,0.5432642857142858,7361160185267608008100377524045728409441030033/13096946016178318465793624493620035563615682560,759685649591982680470627261928861568071127177663438398668183217598379670981/1344528084440493949501764395232405275580256520741360421269058989666661826560
B2_optimizer_stage_rate,False,random_50pct_relative_shortlist_ndcg,4,verified-v3-muon-3e-3,4,resolved,0.5483742857142857,115316414738225446373773646522077043971257467/204639781502786226028025382712813055681495040,759276469159830098806434686966821515661935761625862060626835600026905249141/1344528084440493949501764395232405275580256520741360421269058989666661826560
B2_optimizer_stage_rate,False,random_50pct_relative_shortlist_ndcg,4,verified-v3-muon-3e-3,5,resolved,0.5571792857142858,925307012923101319379447277819313190995335091/1637118252022289808224203061702504445451960320,764265194618191574788960724070669079168943458333023459179291793764679572771/1344528084440493949501764395232405275580256520741360421269058989666661826560
B2_optimizer_stage_rate,False,random_50pct_relative_shortlist_ndcg,4,verified-v3-normuon-3e-3,1,resolved,0.5348342857142857,2466460739055931256723445695737837954273958507/4365648672059439488597874831206678521205227520,15880923164244190878350570757265428907547566720205696778271046174794160131/28011001759176957281286758234008443241255344182111675443105395618055454720
B2_optimizer_stage_rate,False,random_50pct_relative_shortlist_ndcg,4,verified-v3-normuon-3e-3,2,resolved,0.5396864285714286,7475060736897943622336015673220511017072348811/13096946016178318465793624493620035563615682560,96308288994811742331724370176342926477766702739235912934642889282545582381/168066010555061743687720549404050659447532065092670052658632373708332728320
B2_optimizer_stage_rate,False,random_50pct_relative_shortlist_ndcg,4,verified-v3-normuon-3e-3,3,resolved,0.5446657142857143,3728549605466449243785528622111197226269604883/6548473008089159232896812246810017781807841280,191810897738888659673438791268474165516098032970246033959990649045027690387/336132021110123487375441098808101318895064130185340105317264747416665456640
B2_optimizer_stage_rate,False,random_50pct_relative_shortlist_ndcg,4,verified-v3-normuon-3e-3,4,resolved,0.5518028571428572,1868826771053966922541218344619851052749511019/3274236504044579616448406123405008890903920640,770352465953614523029842655401401413908453116280585626132605884212696503393/1344528084440493949501764395232405275580256520741360421269058989666661826560
B2_optimizer_stage_rate,False,random_50pct_relative_shortlist_ndcg,4,verified-v3-normuon-3e-3,5,resolved,0.5584957142857143,7500403327439248930994830175358460381775725631/13096946016178318465793624493620035563615682560,772579364724712581518446960493517588575443233413398095520495876601171997323/1344528084440493949501764395232405275580256520741360421269058989666661826560
B3_nominal_schedule,False,margin_helpful_mass_share,1,verified-v3-adamw-1e-6,1,resolved,0.5425692857142858,475252587047739630358479750175792730085252422406665760527619067088623231847035811/854389857311610094406936584402485011168956085244594944695293543516847843433250816,198541347946180091206540766494671002145514300069103421864960749492534647322563434249306459602422561804279331094378148388066605448446857173591523121/356872042075305882217001492084516210235606157481025322279168434731708509781651726648123753892574835145393807738149276383869411670417990760792064000
B3_nominal_schedule,False,margin_helpful_mass_share,1,verified-v3-adamw-1e-6,2,resolved,0.55545,966151779419081289380308038165135778300098066590762820089979591724958520836943277/1708779714623220188813873168804970022337912170489189889390587087033695686866501632,403656130537196584038996843639225382112546120750580283778037799153817146367403888995476900694496090712358043331580684713645171975558647744521214527/713744084150611764434002984169032420471212314962050644558336869463417019563303453296247507785149670290787615476298552767738823340835981521584128000
B3_nominal_schedule,False,margin_helpful_mass_share,1,verified-v3-adamw-1e-6,3,resolved,0.5608178571428571,325012758361165799386301447309359809841073687983263970837775638062361753705093193/569593238207740062937957722934990007445970723496396629796862362344565228955500544,45253405850978447497617392376584663281703637633798409281795787328913023932108642530886494984933072672560844040214400777057230401976830431565822353/79304898238956862714889220463225824496801368329116738284259652162601891062589272588471945309461074476754179497366505863082091482315109057953792000
B3_nominal_schedule,False,margin_helpful_mass_share,1,verified-v3-adamw-1e-6,4,resolved,0.5633707142857143,326075500964406717130873485626900281946433980724099136287466211598765726935483329/569593238207740062937957722934990007445970723496396629796862362344565228955500544,45404981298981382478612809636202290001080296622314914702234629335749721817548416231560082201303757388194170898748802648235358281088411967719278793/79304898238956862714889220463225824496801368329116738284259652162601891062589272588471945309461074476754179497366505863082091482315109057953792000
B3_nominal_schedule,False,margin_helpful_mass_share,1,verified-v3-adamw-1e-6,5,resolved,0.5649535714285714,326438284194278432698786813170599125407431851089469718601394184638609656142468649/569593238207740062937957722934990007445970723496396629796862362344565228955500544,136357750616325632047883171830805883853633597631766004861184273068444472186458009944162600766887187005771598382292844795328769604937720475276075859/237914694716870588144667661389677473490404104987350214852778956487805673187767817765415835928383223430262538492099517589246274446945327173861376000
B3_nominal_schedule,False,margin_helpful_mass_share,1,verified-v3-muon-1e-4,1,resolved,0.5822957142857142,34514465627293470877462282687573614333602365194568605350243932019090894785068683/59332628979972923222703929472394792442288617030874648937173162744225544682864640,720875151248101943501287219100764637401360503159407794869044006722571911144225959917892542228178699191614006498929143736426468188985171069523209/1239139034983700979920144069737903507762521380142449035691557065040654547852957384194874145460329288699284054646351654110657679411173579030528000
B3_nominal_schedule,False,margin_helpful_mass_share,1,verified-v3-muon-1e-4,2,resolved,0.5879385714285714,207131578387602730313150121099176037585684343229018039382566778857632726733551903/355995773879837539336223576834368754653731702185247893623038976465353268097187840,1442105346599467165895632912564806975916582063484785891382178304437977350648799650171093806983105818060837184617420119145665422786397488036483423/2478278069967401959840288139475807015525042760284898071383114130081309095705914768389748290920658577398568109292703308221315358822347158061056000
B3_nominal_schedule,False,margin_helpful_mass_share,1,verified-v3-muon-1e-4,3,resolved,0.58963,620438677558254818210302101722995837948601712292226119159489879080473609755235419/1067987321639512618008670730503106263961195106555743680869116929396059804291563520,4319780695033717677753300320836743784334566247102963419299777130430526068529908799905496371465339625043142971990392015450689977431270807897109819/7434834209902205879520864418427421046575128280854694214149342390243927287117744305169244872761975732195704327878109924663946076467041474183168000
B3_nominal_schedule,False,margin_helpful_mass_share,1,verified-v3-muon-1e-4,4,resolved,0.5903421428571428,622727472088437735035528085842809418896024321876243767648074782365026253981209959/1067987321639512618008670730503106263961195106555743680869116929396059804291563520,1445107004484516631054752692714293248822101670395521045547467662360411219473010470772278858391815442368617315146750963682190119732441288696885453/2478278069967401959840288139475807015525042760284898071383114130081309095705914768389748290920658577398568109292703308221315358822347158061056000
B3_nominal_schedule,False,margin_helpful_mass_share,1,verified-v3-muon-1e-4,5,resolved,0.5910157142857143,627154888736596348482776021727071432602318469636696040425459807567833349582676619/1067987321639512618008670730503106263961195106555743680869116929396059804291563520,4366335579373663051833014333411359623625358304603786293507581910597708736682691808666687648026526398241504539512277814680852256866125035857450219/7434834209902205879520864418427421046575128280854694214149342390243927287117744305169244872761975732195704327878109924663946076467041474183168000
B3_nominal_schedule,False,margin_helpful_mass_share,1,verified-v3-normuon-1e-4,1,resolved,0.5801178571428572,68769934949764189238264206759627428724878060002369258885597417578652357596740437/118665257959945846445407858944789584884577234061749297874346325488451089365729280,3447404300370974223945322799438633568782715924781269214313132394826649914960160515143074939941413139210732495074739388246391664458896357134814821/5947867367921764703616691534741936837260102624683755371319473912195141829694195444135395898209580585756563462302487939731156861173633179346534400
B3_nominal_schedule,False,margin_helpful_mass_share,1,verified-v3-normuon-1e-4,2,resolved,0.5869142857142856,413445265602133030477268231474651501549299939943331253561915162335188590912606177/711991547759675078672447153668737509307463404370495787246077952930706536194375680,6908267970847243581385681662726222048894311661568947825966978994421652249216661417491365050240923663827859774563505273616706682215631504571388731/11895734735843529407233383069483873674520205249367510742638947824390283659388390888270791796419161171513126924604975879462313722347266358693068800
B3_nominal_schedule,False,margin_helpful_mass_share,1,verified-v3-normuon-1e-4,3,resolved,0.5895821428571428,1232986720934471859270913630175914952088424606599479125934056709280884122788754981/2135974643279025236017341461006212527922390213111487361738233858792119608583127040,2289212525526852390896830431213073766611169514646340787867826554929158697539195184619810776472663167090054779024048670071911924349352360431353583/3965244911947843135744461023161291224840068416455836914212982608130094553129463629423597265473053723837708974868325293154104574115755452897689600
B3_nominal_schedule,False,margin_helpful_mass_share,1,verified-v3-normuon-1e-4,4,resolved,0.5898942857142858,1237181266370760819847446197195530872387168995795747035778074781394941321533466521/2135974643279025236017341461006212527922390213111487361738233858792119608583127040,275618647126156014503225669535976879096296379432911675553171605287325487909143872099448090412136513594790894834344336954859466715859996356654857/475829389433741176289335322779354946980808209974700429705557912975611346375535635530831671856766446860525076984199035178492548893890654347722752
B3_nominal_schedule,False,margin_helpful_mass_share,1,verified-v3-normuon-1e-4,5,resolved,0.5909735714285714,1244058545668155557483125580190222121521442922123280765845420261123119844041001461/2135974643279025236017341461006212527922390213111487361738233858792119608583127040,989787337647582456161423356003226158846543235183409811283487543447853684141181525336919408882345518926829422227132643569486188184199953001515707/1699390676549075629604769009926267667788600749909644391805563974912897665626912984038684542345594453073303846372139411351759103192466622670438400
B3_nominal_schedule,False,margin_helpful_mass_share,2,verified-v3-adamw-3e-6,1,resolved,0.5644085714285715,57069660929474738992755074724260564408839376542031627006027631174165539666891744417/101555928647047186760324589431735447359789447071284705829490639424469699652308959232,1442482041591266686802752048802822579518498342373037277369500524633400415466020764127099502432331290580565603943894616922017997066634924603312129261/2565688362952851174519842206182574461034890434565803776878380288689656752082594809537433492889221363652124272403779581795290475044181426449678336000
B3_nominal_schedule,False,margin_helpful_mass_share,2,verified-v3-adamw-3e-6,2,resolved,0.5754778571428572,116038825100798857829969896193354238217620199729776210152637209627706787032817304989/203111857294094373520649178863470894719578894142569411658981278848939399304617918464,8806437664693764110975975922909727689986652717257217674403314469997682976933917836393160041424054473935743078028082774546441167904762362874483748651/15394130177717107047119053237095446766209342607394822661270281732137940512495568857224600957335328181912745634422677490771742850265088558698070016000
B3_nominal_schedule,False,margin_helpful_mass_share,2,verified-v3-adamw-3e-6,3,resolved,0.5815735714285715,6157184402412244403279701912089280533690471372172783117487711099097949440993696145/10690097752320756501086798887551099722083099691714179560999014676259968384453574656,466963140729194929495519973429005576151618754093444104600299731521307761479850424721167116991386865373500518611826771146514975320184268881002821719/810217377774584581427318591426076145589965400389201192698435880638838974341872045117084260912385693784881349180140920566933834224478345194635264000
B3_nominal_schedule,False,margin_helpful_mass_share,2,verified-v3-adamw-3e-6,4,resolved,0.5840192857142857,117337176130047975701787694199763057030724125882452752099937801963498042537029922395/203111857294094373520649178863470894719578894142569411658981278848939399304617918464,2964493132356622782372422087495625589314607531394256439933344951598208030504472648772881867223447730742174018592043460652515866392398392673940776927/5131376725905702349039684412365148922069780869131607553756760577379313504165189619074866985778442727304248544807559163590580950088362852899356672000
B3_nominal_schedule,False,margin_helpful_mass_share,2,verified-v3-adamw-3e-6,5,resolved,0.5834164285714286,117602664098758592838782679760017943942100147458664770991395061824236323296690745891/203111857294094373520649178863470894719578894142569411658981278848939399304617918464,8910541530069837802547198243574909822534323043375084099062537392430431076648957908155584291538021377292646433264088326043466851173264707094777926421/15394130177717107047119053237095446766209342607394822661270281732137940512495568857224600957335328181912745634422677490771742850265088558698070016000
B3_nominal_schedule,False,margin_helpful_mass_share,2,verified-v3-muon-3e-4,1,resolved,0.5881207142857142,1559764649440485740286268794387345247301199508361721148062998059029859594630332379/2644685641850187141811325186224151171639934586137614108672696606654993905011916800,48949492317830528376297971253145548586849586878001166196025351925981819159909007693320106985029985557373567205448404606286665174295233764209404185361487519882055112862850010566107/82977570280130597187385388376343086233133742952426777509607862951357729309964055724475858106099295947011161233944424015540652455114223866837263503398025072019542305818604994560000
B3_nominal_schedule,False,margin_helpful_mass_share,2,verified-v3-muon-3e-4,2,resolved,0.5927621428571428,3127867009363504549735141144078213809409765838850886043726249645747257663330463633/5289371283700374283622650372448302343279869172275228217345393213309987810023833600,294405526802943301276762361894069756539906096127285728106328465263387178249879218142408405790771164097783145554331223487799545525213574599466430175896065831590885268344147185573667/497865421680783583124312330258058517398802457714560665057647177708146375859784334346855148636595775682066967403666544093243914730685343201023581020388150432117253834911629967360000
B3_nominal_schedule,False,margin_helpful_mass_share,2,verified-v3-muon-3e-4,3,resolved,0.5912535714285714,3132998273582552275251294136295371578105646199542560852051590634200420984869934083/5289371283700374283622650372448302343279869172275228217345393213309987810023833600,98347001110136192097442242116366076915562630319932516064460230447678755358865548936425788180647966239331803129299743244803096622488078520226099527972210911969471600248313893018339/165955140560261194374770776752686172466267485904853555019215725902715458619928111448951716212198591894022322467888848031081304910228447733674527006796050144039084611637209989120000
B3_nominal_schedule,False,margin_helpful_mass_share,2,verified-v3-muon-3e-4,4,resolved,0.591362142857143,1049309722781313340299774742106526315674567390071948734198240709755602879670179161/1763123761233458094540883457482767447759956390758409405781797737769995936674611200,98797310936295041045303868330103164442690508300103619915151440444556658963302171147371989351497593011000750216694576950056227949541906340437907576236471994424200976824878619779739/165955140560261194374770776752686172466267485904853555019215725902715458619928111448951716212198591894022322467888848031081304910228447733674527006796050144039084611637209989120000
B3_nominal_schedule,False,margin_helpful_mass_share,2,verified-v3-muon-3e-4,5,resolved,0.5924307142857143,3170004621170770693949380657911818031213005654336061911764871127125662852807894183/5289371283700374283622650372448302343279869172275228217345393213309987810023833600,298533990581305820691446570481858403086885482837723276692273618944776757146675461758736008573571622877756515525366770161015541660064331352731896147134595256269736038159985328734917/497865421680783583124312330258058517398802457714560665057647177708146375859784334346855148636595775682066967403666544093243914730685343201023581020388150432117253834911629967360000
B3_nominal_schedule,False,margin_helpful_mass_share,2,verified-v3-normuon-3e-4,1,resolved,0.5875385714285715,480279992511042455934087554215518506634776278220771667044827947887580477168297199/813749428261596043634253903453584975889210641888496648822368186663075047695974400,117523807079618688844052865478427759876262914842893783338204153726296029150335121033869538912757132248856489642514257895533318481708330814233124087524658401621520376389178524459929/199146168672313433249724932103223406959520983085824266023058871083258550343913733738742059454638310272826786961466617637297565892274137280409432408155260172846901533964651986944000
B3_nominal_schedule,False,margin_helpful_mass_share,2,verified-v3-normuon-3e-4,2,resolved,0.5912428571428572,967067138408006141712564524416559392017964914230532512737446844989357992505694073/1627498856523192087268507806907169951778421283776993297644736373326150095391948800,78940215309165867359380885945981624238049849725004428950703322124775130965913842817872302377602388855090369202551017124476049031237343807769213831453729441906493208870944278444181/132764112448208955499816621402148937973013988723882844015372580722172366895942489159161372969758873515217857974311078424865043928182758186939621605436840115231267689309767991296000
B3_nominal_schedule,False,margin_helpful_mass_share,2,verified-v3-normuon-3e-4,3,resolved,0.5915221428571428,964867625696977373584915452584346120118552128752088510986620695500766351012841423/1627498856523192087268507806907169951778421283776993297644736373326150095391948800,236260131150426613329790550714048399937610777333499978906158651633518612246047934267319331715029377599780964259644011733451908491724458058949312094468892419047004846092017027266233/398292337344626866499449864206446813919041966171648532046117742166517100687827467477484118909276620545653573922933235274595131784548274560818864816310520345693803067929303973888000
B3_nominal_schedule,False,margin_helpful_mass_share,2,verified-v3-normuon-3e-4,4,resolved,0.5907228571428572,323309149562441636347614017104023178473921455921318104049130121022913185896715241/542499618841064029089502602302389983926140427925664432548245457775383365130649600,79191598369422427223384462019330968868623642632586890676602684556449883783615713540998323324514240911855129025434026157256199535276162565197834649118031558795754719693802580654031/132764112448208955499816621402148937973013988723882844015372580722172366895942489159161372969758873515217857974311078424865043928182758186939621605436840115231267689309767991296000
B3_nominal_schedule,False,margin_helpful_mass_share,2,verified-v3-normuon-3e-4,5,resolved,0.5936371428571429,974592725276610414597920931651634099970310153559692027526008525913786229458100623/1627498856523192087268507806907169951778421283776993297644736373326150095391948800,79454081948234259069069293058805666096888078688699425109335100425671518028323394938855241383007198965785301085612622784279765038754199765333370292428731884826615442114082198320211/132764112448208955499816621402148937973013988723882844015372580722172366895942489159161372969758873515217857974311078424865043928182758186939621605436840115231267689309767991296000
B3_nominal_schedule,False,margin_helpful_mass_share,3,verified-v3-adamw-1e-5,1,resolved,0.5820728571428572,61002906564304708819030789748950566600463625731198305178093341328190354108700477659/104723741658589233901957308384388399442187096256137976288615995708829975440386949120,169946191182373954107776108709576460736561405764770015173454237948671779802108265986534855506594655311210268441006649718212006994729173455640369053/291810299014864119582558707073356783736146316394753726744107558108188860865858955546014523532500036168715692133675007261637826595796069000329297920
B3_nominal_schedule,False,margin_helpful_mass_share,3,verified-v3-adamw-1e-5,2,resolved,0.585075,41345025810663890886884148778157509386153165454420551864149733193664377565305327691/69815827772392822601304872256258932961458064170758650859077330472553316960257966080,345473197706951953936670967714642895682899052722071298362266131534994276325164512310163928209173260957355504069890490182589989740534545977585146931/583620598029728239165117414146713567472292632789507453488215116216377721731717911092029047065000072337431384267350014523275653191592138000658595840
B3_nominal_schedule,False,margin_helpful_mass_share,3,verified-v3-adamw-1e-5,3,resolved,0.5896428571428572,124766616163777016101078324324573606892207869551573304124747666855979648364615871543/209447483317178467803914616768776798884374192512275952577231991417659950880773898240,347449409562171603321639227933184981149032641312296146031394930026915227205293103519446405473532973635543707409010553991288700734778260156765331141/583620598029728239165117414146713567472292632789507453488215116216377721731717911092029047065000072337431384267350014523275653191592138000658595840
B3_nominal_schedule,False,margin_helpful_mass_share,3,verified-v3-adamw-1e-5,4,resolved,0.587965,125204984530668107083797189500245697855884271014496947580842438743020990497630892383/209447483317178467803914616768776798884374192512275952577231991417659950880773898240,348769668689706208657074054084048053987969565557420857812666277404598928562620072338075765193373952038314160526093761294222408093275727905388539261/583620598029728239165117414146713567472292632789507453488215116216377721731717911092029047065000072337431384267350014523275653191592138000658595840
B3_nominal_schedule,False,margin_helpful_mass_share,3,verified-v3-adamw-1e-5,5,resolved,0.58863,125319799557328371183978198057478070266491602511981494614803854492918546646464224343/209447483317178467803914616768776798884374192512275952577231991417659950880773898240,349120687747255190066783220390272334283703562660761076542870749369182148348656022982982118404298473664787752273673668753900951604875340615215863621/583620598029728239165117414146713567472292632789507453488215116216377721731717911092029047065000072337431384267350014523275653191592138000658595840
B3_nominal_schedule,False,margin_helpful_mass_share,3,verified-v3-muon-1e-3,1,resolved,0.5818585714285714,1686093719127831912905194396210082574110722012029574763663351321068376577491827057/2908992823849700960312322884100640469661480497912084216383701677503838692615127040,45524216754121481835926867142266647578695304115876045399835565650173290108836359334972051700139369888931528639991110779957688189481556478908101857499379710595378729235322467034218167/78565543198672216827352271836027747483555536560385931760643701705727577982865774670675126038445324334368610631420599064613851402101106153280576309174720455960038673987375777510850560
B3_nominal_schedule,False,margin_helpful_mass_share,3,verified-v3-muon-1e-3,2,resolved,0.5876692857142858,1127480113484594577038154043328637970458759388859998246926418515260043372030629193/1939328549233133973541548589400426979774320331941389477589134451669225795076751360,30450086903967498067670713280844815626554359297784163061548341158247431254916124194706055833951795318438487683618734671532859900989279775031666729532100771334165575541581172682326103/52377028799114811218234847890685164989037024373590621173762467803818385321910516447116750692296882889579073754280399376409234268067404102187050872783146970640025782658250518340567040
B3_nominal_schedule,False,margin_helpful_mass_share,3,verified-v3-muon-1e-3,3,resolved,0.5850171428571428,1130899232135871359435742736411793144513533279744288172801851506416098100848054623/1939328549233133973541548589400426979774320331941389477589134451669225795076751360,91634494764424313343928906243513730848228715373832497529528359748137238509650332797384492248684350099620533720623882281607447007860342625513890896751498411730695251459659707192338179/157131086397344433654704543672055494967111073120771863521287403411455155965731549341350252076890648668737221262841198129227702804202212306561152618349440911920077347974751555021701120
B3_nominal_schedule,False,margin_helpful_mass_share,3,verified-v3-muon-1e-3,4,resolved,0.5885692857142857,3403877903322234613572758626174342914212149662098722623043073660713836790650285809/5817985647699401920624645768201280939322960995824168432767403355007677385230254080,91869787195273184861371008915981649219686278336376101468434516195287748580985035824673759910870536001123031986921670711107461316061106375249277819642671457372121431735116752425104399/157131086397344433654704543672055494967111073120771863521287403411455155965731549341350252076890648668737221262841198129227702804202212306561152618349440911920077347974751555021701120
B3_nominal_schedule,False,margin_helpful_mass_share,3,verified-v3-muon-1e-3,5,resolved,0.5919135714285714,3424225054962530269746547260185860294368856982943611969893262235791018918740655629/5817985647699401920624645768201280939322960995824168432767403355007677385230254080,30814406072831862631576788501678316489122848620655577246247118403333649628479114246800009258211379483468782495238547910281662736282833684418863072626084417122845580479271446866059153/52377028799114811218234847890685164989037024373590621173762467803818385321910516447116750692296882889579073754280399376409234268067404102187050872783146970640025782658250518340567040
B3_nominal_schedule,False,margin_helpful_mass_share,3,verified-v3-normuon-1e-3,1,resolved,0.5852614285714285,152539681189601456900766059819190369032086596234467088265261915590959737479582257/264453893077245541846574807645512769969225499810189474216700152500348972055920640,4121164041437758321683094855884241155603851800656020972174958449657424716692008192516830705276870834829728960297564665200585264035190153204385893323563822852729998782328937588025189/7142322108970201529759297439638886134868685141853266523694881973247961634805979515515920548949574939488055511947327187692168309281918741207325119015883677814548970362488707046440960
B3_nominal_schedule,False,margin_helpful_mass_share,3,verified-v3-normuon-1e-3,2,resolved,0.5920957142857143,307637221866116884228549479702705901044940426398869137474819192858670552336287079/528907786154491083693149615291025539938450999620378948433400305000697944111841280,8302857070127502558924356798098730850954669879971305799615536227988525567234792350129161472122252006124530820680795256967077916608711683318645979629344166950759088997653875387161803/14284644217940403059518594879277772269737370283706533047389763946495923269611959031031841097899149878976111023894654375384336618563837482414650238031767355629097940724977414092881920
B3_nominal_schedule,False,margin_helpful_mass_share,3,verified-v3-normuon-1e-3,3,resolved,0.5850342857142856,102976063393189975121666585840487207270956575331852340103734220334981627451796923/176302595384830361231049871763675179979483666540126316144466768333565981370613760,8343367571015223373883494755402400047318013714035750831827050469169322397732613159918943139184539294088315526173229808837156083636391184045684791515983267173894832845804367624236173/14284644217940403059518594879277772269737370283706533047389763946495923269611959031031841097899149878976111023894654375384336618563837482414650238031767355629097940724977414092881920
B3_nominal_schedule,False,margin_helpful_mass_share,3,verified-v3-normuon-1e-3,4,resolved,0.5896921428571428,310036800612677028743168527011196667517730722475759731604288702650967795895490709/528907786154491083693149615291025539938450999620378948433400305000697944111841280,8369329655148934509286985542695160807119443236806484717565341488471907212197092306785802562054800871951423698167476135221717470734742543621109016455279256615088370845359784579312673/14284644217940403059518594879277772269737370283706533047389763946495923269611959031031841097899149878976111023894654375384336618563837482414650238031767355629097940724977414092881920
B3_nominal_schedule,False,margin_helpful_mass_share,3,verified-v3-normuon-1e-3,5,resolved,0.5914471428571428,311899560283674357024537032393066159982518263175411136859034874298028386641866609/528907786154491083693149615291025539938450999620378948433400305000697944111841280,2807018192586392748088097627696545118470575648141212775578703963609940501612284217768924914749393330734031059385132751136168507098931252497439200997779412794992459075313620345427631/4761548072646801019839531626425924089912456761235511015796587982165307756537319677010613699299716626325370341298218125128112206187945827471550079343922451876365980241659138030960640
B3_nominal_schedule,False,margin_helpful_mass_share,4,verified-v3-adamw-3e-5,1,resolved,0.5857735714285714,717572401083193294520614400890996743805433501328419834895735487581561181819806767/1252982503822918730312489899151692061623920927738225976727392703389545955149742080,1834701905531719690127284071187094113925339869280569395036383349623743134844225581408691955469783737560543688952881786063157208896058581775777297/3224376998666477536603817424861091933531268539274150002713924301317902908197488431289439100467355381958013204052865968060992922084108719190179840
B3_nominal_schedule,False,margin_helpful_mass_share,4,verified-v3-adamw-3e-5,2,resolved,0.5897585714285715,1410701840219939021827391729130558299241316477429904657246687502085849772616595699/2505965007645837460624979798303384123247841855476451953454785406779091910299484160,3599272125347106669522797705463406563414189163106800055919596092703074745928222297993779433362305798574555888211390508508615307723219543540373589/6448753997332955073207634849722183867062537078548300005427848602635805816394976862578878200934710763916026408105731936121985844168217438380359680
B3_nominal_schedule,False,margin_helpful_mass_share,4,verified-v3-adamw-3e-5,3,resolved,0.5879642857142857,1390511043032160177988531882019035762231659533207576155900009359914041309310753629/2505965007645837460624979798303384123247841855476451953454785406779091910299484160,1775523073571145612239509247141805843487082290652509564534104742556608596361155274129106862355958245059732694861005780282670330930102782787325287/3224376998666477536603817424861091933531268539274150002713924301317902908197488431289439100467355381958013204052865968060992922084108719190179840
B3_nominal_schedule,False,margin_helpful_mass_share,4,verified-v3-adamw-3e-5,4,resolved,0.58876,1373163072786668318424839453620068545679268136368604023357470582960765721261543669/2505965007645837460624979798303384123247841855476451953454785406779091910299484160,1748369474825301422936488215006131214565498609713920655716127615947602467162497721613603122666379323777063177620217147307948358128664652953107267/3224376998666477536603817424861091933531268539274150002713924301317902908197488431289439100467355381958013204052865968060992922084108719190179840
B3_nominal_schedule,False,margin_helpful_mass_share,4,verified-v3-adamw-3e-5,5,resolved,0.5892628571428571,1367824175716965975866887524313576700582564723344363790584852775385139876773872869/2505965007645837460624979798303384123247841855476451953454785406779091910299484160,6971101882370638888954273918780498017299476431208500548876495740953485176085003378166044114660638130996533555830708769202943439823078742632015053/12897507994665910146415269699444367734125074157096600010855697205271611632789953725157756401869421527832052816211463872243971688336434876760719360
B3_nominal_schedule,False,margin_helpful_mass_share,4,verified-v3-muon-3e-3,1,resolved,0.5424921428571429,58032182210885740712163787191691558432826966038844241185484199965653889829445709/104415208651909894726804897767283249907317841815606528270870911264461773487472640,17075673876850543552599624335113907103750036437524298769028027271225849776133169506328246067969048277979907808415831103334394839237597695420150283109107727393368127539434943103365/30847557591422725223086135731296211547695664876751070525165310382261807030424920758283592177038520912736033315337574198839630770373610616326289882113386682141071667390784745766912
B3_nominal_schedule,False,margin_helpful_mass_share,4,verified-v3-muon-3e-3,2,resolved,0.5378814285714285,352311258078013768941174487534248092466007522087123617944420857963157126763426689/626491251911459368360829386603699499443907050893639169625225467586770640924835840,34497659563271018548832613308858684049685679224007834477688377007889352649435411511200956595600063435442844435762462683316703052161968786751709867178687404546912712795053175362835/61695115182845450446172271462592423095391329753502141050330620764523614060849841516567184354077041825472066630675148397679261540747221232652579764226773364282143334781569491533824
B3_nominal_schedule,False,margin_helpful_mass_share,4,verified-v3-muon-3e-3,3,resolved,0.5432642857142858,352337011005779042860088013478351501000050255930366562811408652958796435681222039/626491251911459368360829386603699499443907050893639169625225467586770640924835840,11501621252078618670766150925058843571114196351233308694069110909634424676855970213322632196927309914764458428082683170652861689660623811287570594625322206560313376767277257816775/20565038394281816815390757154197474365130443251167380350110206921507871353616613838855728118025680608490688876891716132559753846915740410884193254742257788094047778260523163844608
B3_nominal_schedule,False,margin_helpful_mass_share,4,verified-v3-muon-3e-3,4,resolved,0.5483742857142857,353574602436558154372765740514285115489136637607277604137825664748010510114392419/626491251911459368360829386603699499443907050893639169625225467586770640924835840,34533080056233558952603092870810814523057587742912492685116579304714165667472966562951368919810971759212042678707583618293657385749359724815455951150756819168582669842027796435769/61695115182845450446172271462592423095391329753502141050330620764523614060849841516567184354077041825472066630675148397679261540747221232652579764226773364282143334781569491533824
B3_nominal_schedule,False,margin_helpful_mass_share,4,verified-v3-muon-3e-3,5,resolved,0.5571792857142858,354745030986257496572892924665372004663059210649156818747769905094418455979286359/626491251911459368360829386603699499443907050893639169625225467586770640924835840,34671545912718156761212330934869532293327144009691721931812345764114038463230680041815687608961610279583990698602736538774297533045705176973352998833453495541495073584310694007893/61695115182845450446172271462592423095391329753502141050330620764523614060849841516567184354077041825472066630675148397679261540747221232652579764226773364282143334781569491533824
B3_nominal_schedule,False,margin_helpful_mass_share,4,verified-v3-normuon-3e-3,1,resolved,0.5348342857142857,179942649504203141321948583582645340416898747192866401660021917118596934010952883/313245625955729684180414693301849749721953525446819584812612733793385320462417920,29551348965860920868224943134506454579001365760831395186029966271962979331416767156459100315348909627369013298683503139469167061385249882380831306455197696515092545403301864072371/51412595985704542038476892885493685912826108127918450875275517303769678384041534597139320295064201521226722192229290331399384617289351027210483136855644470235119445651307909611520
B3_nominal_schedule,False,margin_helpful_mass_share,4,verified-v3-normuon-3e-3,2,resolved,0.5396864285714286,119783789933707083069216207902769727292490857922337909646584519511165069030873727/208830417303819789453609795534566499814635683631213056541741822528923546974945280,176084817724871517354864331795347432322886519254201056377601694293080575246840021507751256884224378248034362347187425773689726563077440221030447544692834882595646313720663115477751/308475575914227252230861357312962115476956648767510705251653103822618070304249207582835921770385209127360333153375741988396307703736106163262898821133866821410716673907847457669120
B3_nominal_schedule,False,margin_helpful_mass_share,4,verified-v3-normuon-3e-3,3,resolved,0.5446657142857143,355521345197510259361135130313293813677316906853139615839476556135938857377234571/626491251911459368360829386603699499443907050893639169625225467586770640924835840,174070579258984273810315989516006766832553648637258086703028827497813826861757474060378102945798132548548851670960478208450810804861020429302554138016317254155982833711380644800481/308475575914227252230861357312962115476956648767510705251653103822618070304249207582835921770385209127360333153375741988396307703736106163262898821133866821410716673907847457669120
B3_nominal_schedule,False,margin_helpful_mass_share,4,verified-v3-normuon-3e-3,4,resolved,0.5518028571428572,118204082179697188726820304550734354444478621949212432252993981230979514100478557/208830417303819789453609795534566499814635683631213056541741822528923546974945280,173398443540953861609771709463142766867684230863123105834063062588643932856361288468845672319058235805167327406257066843154096973708878831464523155761776828912101071358760427468421/308475575914227252230861357312962115476956648767510705251653103822618070304249207582835921770385209127360333153375741988396307703736106163262898821133866821410716673907847457669120
B3_nominal_schedule,False,margin_helpful_mass_share,4,verified-v3-normuon-3e-3,5,resolved,0.5584957142857143,355218859944493154493219564081760317064943733799942445258865963069433892075872171/626491251911459368360829386603699499443907050893639169625225467586770640924835840,19236015168701283475979292615594765522983576922942074687695351152978380186561233891204298754350629889983470013099520416387435169516405141259343860025516018283863104342450126928889/34275063990469694692317928590329123941884072085278967250183678202513118922694356398092880196709467680817814794819526887599589744859567351473655424570429646823412963767538606407680
B3_nominal_schedule,False,margin_helpful_attribution_participation_ratio,1,verified-v3-adamw-1e-6,1,resolved,0.5425692857142858,475252587047739630358479750175792730085252422406665760527619067088623231847035811/854389857311610094406936584402485011168956085244594944695293543516847843433250816,147696687843188324405923856442962358809254770796587656806380701140764933908915419964042864119439394621249095034938827663920773026082104628472234191/264551740626239749054844295392275805019943714237333125149170533789128869587725377009035443275125457631450725094618706523790355260255482388561264640
B3_nominal_schedule,False,margin_helpful_attribution_participation_ratio,1,verified-v3-adamw-1e-6,2,resolved,0.55545,966151779419081289380308038165135778300098066590762820089979591724958520836943277/1708779714623220188813873168804970022337912170489189889390587087033695686866501632,300865573227912994075857045138302070697480889109266721997772346189064869281356547539595671571540274772500663186426183112441220683299754948270113217/529103481252479498109688590784551610039887428474666250298341067578257739175450754018070886550250915262901450189237413047580710520510964777122529280
B3_nominal_schedule,False,margin_helpful_attribution_participation_ratio,1,verified-v3-adamw-1e-6,3,resolved,0.5608178571428571,325012758361165799386301447309359809841073687983263970837775638062361753705093193/569593238207740062937957722934990007445970723496396629796862362344565228955500544,33589726062241189194727808078404061880480936978140604791268093703269105989566769865695638528358642391498635704217265794992266233222382782943688303/58789275694719944234409843420505734448876380941629583366482340842028637686161194890896765172250101695877938909915268116397856724501218308569169920
B3_nominal_schedule,False,margin_helpful_attribution_participation_ratio,1,verified-v3-adamw-1e-6,4,resolved,0.5633707142857143,326075500964406717130873485626900281946433980724099136287466211598765726935483329/569593238207740062937957722934990007445970723496396629796862362344565228955500544,101222488636306128536828415357837088064262749753336965117304371530521554997555637266472784036661485593052129188559482240352106841697668986069680549/176367827084159832703229530261517203346629142824888750099447022526085913058483584672690295516750305087633816729745804349193570173503654925707509760
B3_nominal_schedule,False,margin_helpful_attribution_participation_ratio,1,verified-v3-adamw-1e-6,5,resolved,0.5649535714285714,326438284194278432698786813170599125407431851089469718601394184638609656142468649/569593238207740062937957722934990007445970723496396629796862362344565228955500544,101097531224006068989709811823189599511705129951463032303261076814051697966957564091037820592453175851066243026090846978401256148582605099636079789/176367827084159832703229530261517203346629142824888750099447022526085913058483584672690295516750305087633816729745804349193570173503654925707509760
B3_nominal_schedule,False,margin_helpful_attribution_participation_ratio,1,verified-v3-muon-1e-4,1,resolved,0.5822957142857142,34514465627293470877462282687573614333602365194568605350243932019090894785068683/59332628979972923222703929472394792442288617030874648937173162744225544682864640,8609699243224019428356220628145599607560177952365460774066942587217706755946021631423055789853033547026947347027796773419776104795285930756043483/14697318923679986058602460855126433612219095235407395841620585210507159421540298722724191293062525423969484727478817029099464181125304577142292480
B3_nominal_schedule,False,margin_helpful_attribution_participation_ratio,1,verified-v3-muon-1e-4,2,resolved,0.5879385714285714,207131578387602730313150121099176037585684343229018039382566778857632726733551903/355995773879837539336223576834368754653731702185247893623038976465353268097187840,51759960531395397817340613906433786135724580313667110881756189822486593931542167848357944926970867466286278187742791195613684820862729037362942223/88183913542079916351614765130758601673314571412444375049723511263042956529241792336345147758375152543816908364872902174596785086751827462853754880
B3_nominal_schedule,False,margin_helpful_attribution_participation_ratio,1,verified-v3-muon-1e-4,3,resolved,0.58963,620438677558254818210302101722995837948601712292226119159489879080473609755235419/1067987321639512618008670730503106263961195106555743680869116929396059804291563520,154907150135791336992282628086130092351582838202568348011787014718880330944387229726052524063233793778891549064616801818832658161703252185418717579/264551740626239749054844295392275805019943714237333125149170533789128869587725377009035443275125457631450725094618706523790355260255482388561264640
B3_nominal_schedule,False,margin_helpful_attribution_participation_ratio,1,verified-v3-muon-1e-4,4,resolved,0.5903421428571428,622727472088437735035528085842809418896024321876243767648074782365026253981209959/1067987321639512618008670730503106263961195106555743680869116929396059804291563520,154951563673946867259785478142185723697654985658844708215547884225075058715044152135494662604193262165155829097277274211956475297420965169724808919/264551740626239749054844295392275805019943714237333125149170533789128869587725377009035443275125457631450725094618706523790355260255482388561264640
B3_nominal_schedule,False,margin_helpful_attribution_participation_ratio,1,verified-v3-muon-1e-4,5,resolved,0.5910157142857143,627154888736596348482776021727071432602318469636696040425459807567833349582676619/1067987321639512618008670730503106263961195106555743680869116929396059804291563520,156282989450144668101254002690511141558823057188932991703247742976075444197434183266204720782903203820305353680874079261149678662916779037018944699/264551740626239749054844295392275805019943714237333125149170533789128869587725377009035443275125457631450725094618706523790355260255482388561264640
B3_nominal_schedule,False,margin_helpful_attribution_participation_ratio,1,verified-v3-normuon-1e-4,1,resolved,0.5801178571428572,68769934949764189238264206759627428724878060002369258885597417578652357596740437/118665257959945846445407858944789584884577234061749297874346325488451089365729280,6435118322730923553684061930215541405827030473491712606141070070248794244848201184000300311464594963238084312394618166292523895106438797342139689/11022989192759989543951845641344825209164321426555546881215438907880369566155224042043143469796894067977113545609112771824598135843978432856719360
B3_nominal_schedule,False,margin_helpful_attribution_participation_ratio,1,verified-v3-normuon-1e-4,2,resolved,0.5869142857142856,413445265602133030477268231474651501549299939943331253561915162335188590912606177/711991547759675078672447153668737509307463404370495787246077952930706536194375680,12888226954378375757507206692653438666753854818544590401044205856250343978061768022131857379327030008260962989494834245267795154166322575602154903/22045978385519979087903691282689650418328642853111093762430877815760739132310448084086286939593788135954227091218225543649196271687956865713438720
B3_nominal_schedule,False,margin_helpful_attribution_participation_ratio,1,verified-v3-normuon-1e-4,3,resolved,0.5895821428571428,1232986720934471859270913630175914952088424606599479125934056709280884122788754981/2135974643279025236017341461006212527922390213111487361738233858792119608583127040,2953962612119732010285965694457107733034438677258536310280690441240468781530653088837150259145346411080541328024760305286007569561274531824812223/5087533473581533635670082603697611634998917581487175483637894880560170568994718788635296986060104954450975482588821279303660678081836199780024320
B3_nominal_schedule,False,margin_helpful_attribution_participation_ratio,1,verified-v3-normuon-1e-4,4,resolved,0.5898942857142858,1237181266370760819847446197195530872387168995795747035778074781394941321533466521/2135974643279025236017341461006212527922390213111487361738233858792119608583127040,38452417448058419514499801694496025792645185259279040279818801317393163714627536546486447536977855158846855887353134996651926670318711429992913439/66137935156559937263711073848068951254985928559333281287292633447282217396931344252258860818781364407862681273654676630947588815063870597140316160
B3_nominal_schedule,False,margin_helpful_attribution_participation_ratio,1,verified-v3-normuon-1e-4,5,resolved,0.5909735714285714,1244058545668155557483125580190222121521442922123280765845420261123119844041001461/2135974643279025236017341461006212527922390213111487361738233858792119608583127040,576109062088773344650011222768215747950114742444206424880292862098938699649190609521376061508974442743055793408034046191093649536589929373737697/987133360545670705428523490269685839626655650139302705780487066377346528312408123168042698787781558326308675726189203446978937538266725330452480
B3_nominal_schedule,False,margin_helpful_attribution_participation_ratio,2,verified-v3-adamw-3e-6,1,resolved,0.5644085714285715,57069660929474738992755074724260564408839376542031627006027631174165539666891744417/101555928647047186760324589431735447359789447071284705829490639424469699652308959232,35103604481698854486555957390459452152713272800382056615619488453873362535574471326471940093167427761243345154476952955632567565739252636258462674677/62476329173891984067780412340943959795366543152833189152730188530624462459209858199532808348263313651312660173575867426021593807107344204978842501120
B3_nominal_schedule,False,margin_helpful_attribution_participation_ratio,2,verified-v3-adamw-3e-6,2,resolved,0.5754778571428572,116038825100798857829969896193354238217620199729776210152637209627706787032817304989/203111857294094373520649178863470894719578894142569411658981278848939399304617918464,71199023703114272484850989783415419277891060847379147656047105438927669802649042164902955612525649005792835562062142082473250903374543829393307795169/124952658347783968135560824681887919590733086305666378305460377061248924918419716399065616696526627302625320347151734852043187614214688409957685002240
B3_nominal_schedule,False,margin_helpful_attribution_participation_ratio,2,verified-v3-adamw-3e-6,3,resolved,0.5815735714285715,6157184402412244403279701912089280533690471372172783117487711099097949440993696145/10690097752320756501086798887551099722083099691714179560999014676259968384453574656,3783115871973775027047285544907039979192271664864363560945731208064225602767294756445056946427518307244343086276025776831457239862789676233916692261/6576455702514945691345306562204627346880688752929809384497914582170996048337879810477137720869822489611858965639564992212799348116562547892509736960
B3_nominal_schedule,False,margin_helpful_attribution_participation_ratio,2,verified-v3-adamw-3e-6,4,resolved,0.5840192857142857,117337176130047975701787694199763057030724125882452752099937801963498042537029922395/203111857294094373520649178863470894719578894142569411658981278848939399304617918464,72173045227236680941402492970541024315780139729327163325120036669025701168108317117235102515921424499646566082294724294670686561783778412770715345239/124952658347783968135560824681887919590733086305666378305460377061248924918419716399065616696526627302625320347151734852043187614214688409957685002240
B3_nominal_schedule,False,margin_helpful_attribution_participation_ratio,2,verified-v3-adamw-3e-6,5,resolved,0.5834164285714286,117602664098758592838782679760017943942100147458664770991395061824236323296690745891/203111857294094373520649178863470894719578894142569411658981278848939399304617918464,72380766159154308466898316840066283007383456533328375299308854426011817463989476048450813155410512359715375260370226076043418711288421098116242271839/124952658347783968135560824681887919590733086305666378305460377061248924918419716399065616696526627302625320347151734852043187614214688409957685002240
B3_nominal_schedule,False,margin_helpful_attribution_participation_ratio,2,verified-v3-muon-3e-4,1,resolved,0.5881207142857142,1559764649440485740286268794387345247301199508361721148062998059029859594630332379/2644685641850187141811325186224151171639934586137614108672696606654993905011916800,4751927238614809213236563070480512111456954935852636099522333522486484600414489154198745643810887012699565414688773773404003330159893410229784655093892140340845467845407628211779537/8082250470832357805280676523164601055994855935819547892680780891879171814928358132781070937569239167628402329929092843538795983315385076584018785538216480659424283571596559174860800
B3_nominal_schedule,False,margin_helpful_attribution_participation_ratio,2,verified-v3-muon-3e-4,2,resolved,0.5927621428571428,3127867009363504549735141144078213809409765838850886043726249645747257663330463633/5289371283700374283622650372448302343279869172275228217345393213309987810023833600,9556071528500199188432057602841945013940969207724045175901584401727896011437875623752584739101097067069884079197752629335307623754122531875690267958991321501027704414564908634718999/16164500941664715610561353046329202111989711871639095785361561783758343629856716265562141875138478335256804659858185687077591966630770153168037571076432961318848567143193118349721600
B3_nominal_schedule,False,margin_helpful_attribution_participation_ratio,2,verified-v3-muon-3e-4,3,resolved,0.5912535714285714,3132998273582552275251294136295371578105646199542560852051590634200420984869934083/5289371283700374283622650372448302343279869172275228217345393213309987810023833600,9559775249783541065860464177922337431046309983568668954535914775816451018783759963892366820534543097418850405553910806224385840917715767629585444685592593312527179994420164317942849/16164500941664715610561353046329202111989711871639095785361561783758343629856716265562141875138478335256804659858185687077591966630770153168037571076432961318848567143193118349721600
B3_nominal_schedule,False,margin_helpful_attribution_participation_ratio,2,verified-v3-muon-3e-4,4,resolved,0.591362142857143,1049309722781313340299774742106526315674567390071948734198240709755602879670179161/1763123761233458094540883457482767447759956390758409405781797737769995936674611200,3199565324702131997623128616828688209007289807024945060376671115130443452026093070423367182769286812788293193108277485892712452644317497420438384062244466790303545511295382478018183/5388166980554905203520451015443067370663237290546365261787187261252781209952238755187380625046159445085601553286061895692530655543590051056012523692144320439616189047731039449907200
B3_nominal_schedule,False,margin_helpful_attribution_participation_ratio,2,verified-v3-muon-3e-4,5,resolved,0.5924307142857143,3170004621170770693949380657911818031213005654336061911764871127125662852807894183/5289371283700374283622650372448302343279869172275228217345393213309987810023833600,9665667071596493660265480717590551113713720354952692390601482765067677628926315848216571576337601482750117189259533045867349157402649736040185823452261835746997247164892951902527649/16164500941664715610561353046329202111989711871639095785361561783758343629856716265562141875138478335256804659858185687077591966630770153168037571076432961318848567143193118349721600
B3_nominal_schedule,False,margin_helpful_attribution_participation_ratio,2,verified-v3-normuon-3e-4,1,resolved,0.5875385714285715,480279992511042455934087554215518506634776278220771667044827947887580477168297199/813749428261596043634253903453584975889210641888496648822368186663075047695974400,4759500796118973178812424686440148481739910036001896602380140261101985716244729829210655804757235473684988905980188892424857460539089539801968973981364753858633290358640939406063653/8082250470832357805280676523164601055994855935819547892680780891879171814928358132781070937569239167628402329929092843538795983315385076584018785538216480659424283571596559174860800
B3_nominal_schedule,False,margin_helpful_attribution_participation_ratio,2,verified-v3-normuon-3e-4,2,resolved,0.5912428571428572,967067138408006141712564524416559392017964914230532512737446844989357992505694073/1627498856523192087268507806907169951778421283776993297644736373326150095391948800,9595333190757950732133747725946968866675436300608330922022405644965193762550773929259806324704468981208811118889453587255294936600815794130651641516776863603190727725536989188332131/16164500941664715610561353046329202111989711871639095785361561783758343629856716265562141875138478335256804659858185687077591966630770153168037571076432961318848567143193118349721600
B3_nominal_schedule,False,margin_helpful_attribution_participation_ratio,2,verified-v3-normuon-3e-4,3,resolved,0.5915221428571428,964867625696977373584915452584346120118552128752088510986620695500766351012841423/1627498856523192087268507806907169951778421283776993297644736373326150095391948800,9572464408758686885544522544469438971520272564584531577994291328249702964765421390451509496637119848324114977239390042490662254610902594522309747235415298655707897872946141168963381/16164500941664715610561353046329202111989711871639095785361561783758343629856716265562141875138478335256804659858185687077591966630770153168037571076432961318848567143193118349721600
B3_nominal_schedule,False,margin_helpful_attribution_participation_ratio,2,verified-v3-normuon-3e-4,4,resolved,0.5907228571428572,323309149562441636347614017104023178473921455921318104049130121022913185896715241/542499618841064029089502602302389983926140427925664432548245457775383365130649600,3203010317352321988180361260037618852266484441757815624037904002770990827754789141698459639012097280432072475815622312105966731670244227277455475125040570372816810309774765294279827/5388166980554905203520451015443067370663237290546365261787187261252781209952238755187380625046159445085601553286061895692530655543590051056012523692144320439616189047731039449907200
B3_nominal_schedule,False,margin_helpful_attribution_participation_ratio,2,verified-v3-normuon-3e-4,5,resolved,0.5936371428571429,974592725276610414597920931651634099970310153559692027526008525913786229458100623/1627498856523192087268507806907169951778421283776993297644736373326150095391948800,9678169859081732754884502764871917933048106218928297261364467253223352221579356604562958881244730604122415060444129745525353608773531208937687968210154664331892413370683159832973781/16164500941664715610561353046329202111989711871639095785361561783758343629856716265562141875138478335256804659858185687077591966630770153168037571076432961318848567143193118349721600
B3_nominal_schedule,False,margin_helpful_attribution_participation_ratio,3,verified-v3-adamw-1e-5,1,resolved,0.5820728571428572,61002906564304708819030789748950566600463625731198305178093341328190354108700477659/104723741658589233901957308384388399442187096256137976288615995708829975440386949120,1656930530747149477891530003275198691950179634297690892670445403466300794669129643946145256693566138270763221977705898736369835838667631396859553603/2845708222472490070680363061617399999730030210511675409327357495230912757650470648026524166847596791617775783086340007652854603779419739493928796160
B3_nominal_schedule,False,margin_helpful_attribution_participation_ratio,3,verified-v3-adamw-1e-5,2,resolved,0.585075,41345025810663890886884148778157509386153165454420551864149733193664377565305327691/69815827772392822601304872256258932961458064170758650859077330472553316960257966080,4507047392854845880473111701934370700445151181711743195639939640659619037970369430532406349453340492636435310083761002560843390010162350653890631273/7588555259926640188480968164313066665946747228031134424872953320615767353734588394737397778260258110980735421563573353740945610078452638650476789760
B3_nominal_schedule,False,margin_helpful_attribution_participation_ratio,3,verified-v3-adamw-1e-5,3,resolved,0.5896428571428572,124766616163777016101078324324573606892207869551573304124747666855979648364615871543/209447483317178467803914616768776798884374192512275952577231991417659950880773898240,13599414452369897051857998110914021916535293890441897897275367970383612643704689425788810395612910440687056307620065592765608644578803573743147866359/22765665779779920565442904492939199997840241684093403274618859961847302061203765184212193334780774332942206264690720061222836830235357915951430369280
B3_nominal_schedule,False,margin_helpful_attribution_participation_ratio,3,verified-v3-adamw-1e-5,4,resolved,0.587965,125204984530668107083797189500245697855884271014496947580842438743020990497630892383/209447483317178467803914616768776798884374192512275952577231991417659950880773898240,13634605103489982854316862900958512747727283655156548615057323502910339550994595535127422687472323354908723233321580357208310524474782353632841888239/22765665779779920565442904492939199997840241684093403274618859961847302061203765184212193334780774332942206264690720061222836830235357915951430369280
B3_nominal_schedule,False,margin_helpful_attribution_participation_ratio,3,verified-v3-adamw-1e-5,5,resolved,0.58863,125319799557328371183978198057478070266491602511981494614803854492918546646464224343/209447483317178467803914616768776798884374192512275952577231991417659950880773898240,13656236177748874258284252257004188358187950686320663057518603731837061842360791206876683652015316735556595711978840403466781221697458574743973491179/22765665779779920565442904492939199997840241684093403274618859961847302061203765184212193334780774332942206264690720061222836830235357915951430369280
B3_nominal_schedule,False,margin_helpful_attribution_participation_ratio,3,verified-v3-muon-1e-3,1,resolved,0.5818585714285714,1686093719127831912905194396210082574110722012029574763663351321068376577491827057/2908992823849700960312322884100640469661480497912084216383701677503838692615127040,1309588881416605098450576351807343718870149552603267886133283772029246179104541155029395132913000131423993342363301212257288506308529582392990017367636811367062298716761955522310921/2248876836897462084603816647887653889167886550038638415032272713590770267136040898016782750232530441657687424008000642430005447152813232114635643696641170122055130356129785268142080
B3_nominal_schedule,False,margin_helpful_attribution_participation_ratio,3,verified-v3-muon-1e-3,2,resolved,0.5876692857142858,1127480113484594577038154043328637970458759388859998246926418515260043372030629193/1939328549233133973541548589400426979774320331941389477589134451669225795076751360,875251111309438500709558983965708903569471313964572412133878486805005950228455190067482697375712735050610955709229428122674469379057466198190017346731049260176086634852516648582179/1499251224598308056402544431925102592778591033359092276688181809060513511424027265344521833488353627771791616005333761620003631435208821409757095797760780081370086904086523512094720
B3_nominal_schedule,False,margin_helpful_attribution_participation_ratio,3,verified-v3-muon-1e-3,3,resolved,0.5850171428571428,1130899232135871359435742736411793144513533279744288172801851506416098100848054623/1939328549233133973541548589400426979774320331941389477589134451669225795076751360,878084967198648317013539373957523074727405386353359616625966349901819098030445485388289401965042735230083411548523015354138580830241313900289857054629607762826641509629194206764669/1499251224598308056402544431925102592778591033359092276688181809060513511424027265344521833488353627771791616005333761620003631435208821409757095797760780081370086904086523512094720
B3_nominal_schedule,False,margin_helpful_attribution_participation_ratio,3,verified-v3-muon-1e-3,4,resolved,0.5885692857142857,3403877903322234613572758626174342914212149662098722623043073660713836790650285809/5817985647699401920624645768201280939322960995824168432767403355007677385230254080,2650942125948868502833264380917966695229769546754608514058271498026308774761126794257299080215377868686330133111247920439191331641303423633070525125962255280981270619800710971842507/4497753673794924169207633295775307778335773100077276830064545427181540534272081796033565500465060883315374848016001284860010894305626464229271287393282340244110260712259570536284160
B3_nominal_schedule,False,margin_helpful_attribution_participation_ratio,3,verified-v3-muon-1e-3,5,resolved,0.5919135714285714,3424225054962530269746547260185860294368856982943611969893262235791018918740655629/5817985647699401920624645768201280939322960995824168432767403355007677385230254080,2661627071957453951638493167589060990503364080098691829730102161294528739438408684126852243463976788374291990260845474723310255839043097532003346679907286805267456338001360574960367/4497753673794924169207633295775307778335773100077276830064545427181540534272081796033565500465060883315374848016001284860010894305626464229271287393282340244110260712259570536284160
B3_nominal_schedule,False,margin_helpful_attribution_participation_ratio,3,verified-v3-normuon-1e-3,1,resolved,0.5852614285714285,152539681189601456900766059819190369032086596234467088265261915590959737479582257/264453893077245541846574807645512769969225499810189474216700152500348972055920640,1294517347271389699845351431153748082972739028486353436039258470784792405076117699521747408932440239874846652513434179749643521015309439419526003449482375520269218925445493576286637/2248876836897462084603816647887653889167886550038638415032272713590770267136040898016782750232530441657687424008000642430005447152813232114635643696641170122055130356129785268142080
B3_nominal_schedule,False,margin_helpful_attribution_participation_ratio,3,verified-v3-normuon-1e-3,2,resolved,0.5920957142857143,307637221866116884228549479702705901044940426398869137474819192858670552336287079/528907786154491083693149615291025539938450999620378948433400305000697944111841280,2638189558778981207317283321907430991756634590495157420818215019440835601956708742014799830267809945811863523518028643309061042862580726722049440771668729627382335758658946430075089/4497753673794924169207633295775307778335773100077276830064545427181540534272081796033565500465060883315374848016001284860010894305626464229271287393282340244110260712259570536284160
B3_nominal_schedule,False,margin_helpful_attribution_participation_ratio,3,verified-v3-normuon-1e-3,3,resolved,0.5850342857142856,102976063393189975121666585840487207270956575331852340103734220334981627451796923/176302595384830361231049871763675179979483666540126316144466768333565981370613760,881499345856488961457981726593545441982671525996832014860111181760609509406573594517516074487603384022159677660340744241274078687256363871568359297855847440486374351874261782416573/1499251224598308056402544431925102592778591033359092276688181809060513511424027265344521833488353627771791616005333761620003631435208821409757095797760780081370086904086523512094720
B3_nominal_schedule,False,margin_helpful_attribution_participation_ratio,3,verified-v3-normuon-1e-3,4,resolved,0.5896921428571428,310036800612677028743168527011196667517730722475759731604288702650967795895490709/528907786154491083693149615291025539938450999620378948433400305000697944111841280,2645498166060551374269004412008634928088628465138739270826329440929193923761008977342172826341369707157749907873877377299861757481889452435230345983765254665813374646859546797529499/4497753673794924169207633295775307778335773100077276830064545427181540534272081796033565500465060883315374848016001284860010894305626464229271287393282340244110260712259570536284160
B3_nominal_schedule,False,margin_helpful_attribution_participation_ratio,3,verified-v3-normuon-1e-3,5,resolved,0.5914471428571428,311899560283674357024537032393066159982518263175411136859034874298028386641866609/528907786154491083693149615291025539938450999620378948433400305000697944111841280,2660375833827579089788736477599933244680015246644297328048491878687212556716505740617184973655853704559923135759963848389226055400810524046620150593550907217739497988082105561467479/4497753673794924169207633295775307778335773100077276830064545427181540534272081796033565500465060883315374848016001284860010894305626464229271287393282340244110260712259570536284160
B3_nominal_schedule,False,margin_helpful_attribution_participation_ratio,4,verified-v3-adamw-3e-5,1,resolved,0.5857735714285714,717572401083193294520614400890996743805433501328419834895735487581561181819806767/1252982503822918730312489899151692061623920927738225976727392703389545955149742080,2155336648471093968263005576915048337363586656522187763290030526555401582791313623008764092920423190170515454097635300519948531897020636222243317/3764163107651687311821420448467183415534175131523420834037804783717729022919399269796139285430675287263966603434467742669217321029655497078210560
B3_nominal_schedule,False,margin_helpful_attribution_participation_ratio,4,verified-v3-adamw-3e-5,2,resolved,0.5897585714285715,1410701840219939021827391729130558299241316477429904657246687502085849772616595699/2505965007645837460624979798303384123247841855476451953454785406779091910299484160,46595030400850656206123614562750712483744363087908880455463258021199051386275986384128878477224163087654016239318577198134251421605441770877059719/82811588368337120860071249866278035141751852893515258348831705241790038504226783935515064279474856319807265275558290338722781062652420935720632320
B3_nominal_schedule,False,margin_helpful_attribution_participation_ratio,4,verified-v3-adamw-3e-5,3,resolved,0.5879642857142857,1390511043032160177988531882019035762231659533207576155900009359914041309310753629/2505965007645837460624979798303384123247841855476451953454785406779091910299484160,45926396046828595553497984976896808133913971741057703945192497614470566878055081351021850364370270294372970015061209254334546522060522518637420529/82811588368337120860071249866278035141751852893515258348831705241790038504226783935515064279474856319807265275558290338722781062652420935720632320
B3_nominal_schedule,False,margin_helpful_attribution_participation_ratio,4,verified-v3-adamw-3e-5,4,resolved,0.58876,1373163072786668318424839453620068545679268136368604023357470582960765721261543669/2505965007645837460624979798303384123247841855476451953454785406779091910299484160,45341590052694703610499700807620193595451404391531960147274267523708848768568559101848026876368705179105781298631777390570622490720073873029818969/82811588368337120860071249866278035141751852893515258348831705241790038504226783935515064279474856319807265275558290338722781062652420935720632320
B3_nominal_schedule,False,margin_helpful_attribution_participation_ratio,4,verified-v3-adamw-3e-5,5,resolved,0.5892628571428571,1367824175716965975866887524313576700582564723344363790584852775385139876773872869/2505965007645837460624979798303384123247841855476451953454785406779091910299484160,45165806826364261496359450766457444326263168928481608814904369942978405649931341724550311030665125052772359149089382962669428949432978969239770649/82811588368337120860071249866278035141751852893515258348831705241790038504226783935515064279474856319807265275558290338722781062652420935720632320
B3_nominal_schedule,False,margin_helpful_attribution_participation_ratio,4,verified-v3-muon-3e-3,1,resolved,0.5424921428571429,58032182210885740712163787191691558432826966038844241185484199965653889829445709/104415208651909894726804897767283249907317841815606528270870911264461773487472640,22909896179850206327546964483574834016666931608347358260085136111014471623321184931838796232390442397309555650430089123657007246618717253512799517365948978535773745764348893970609/41263385313238484187475567847848726595704335192221838318656668546333809680475841358424196482131825773244765103635180672702721997616907930192353192268470822025134341496233032417280
B3_nominal_schedule,False,margin_helpful_attribution_participation_ratio,4,verified-v3-muon-3e-3,2,resolved,0.5378814285714285,352311258078013768941174487534248092466007522087123617944420857963157126763426689/626491251911459368360829386603699499443907050893639169625225467586770640924835840,139007610260775376447153192642268967797411551664954825278838093884244317078040773582771566701088552701717391037227005221189254206839033583366905460076954102594341080142374200236069/247580311879430905124853407087092359574226011153331029911940011278002858082855048150545178892790954639468590621811084036216331985701447581154119153610824932150806048977398194503680
B3_nominal_schedule,False,margin_helpful_attribution_participation_ratio,4,verified-v3-muon-3e-3,3,resolved,0.5432642857142858,352337011005779042860088013478351501000050255930366562811408652958796435681222039/626491251911459368360829386603699499443907050893639169625225467586770640924835840,139025885324773145417386996657116971438536753111722595720051818171617450647122649260513912786930366607792925966649854253478765996586734571215275379313792413878253458291176120564339/247580311879430905124853407087092359574226011153331029911940011278002858082855048150545178892790954639468590621811084036216331985701447581154119153610824932150806048977398194503680
B3_nominal_schedule,False,margin_helpful_attribution_participation_ratio,4,verified-v3-muon-3e-3,4,resolved,0.5483742857142857,353574602436558154372765740514285115489136637607277604137825664748010510114392419/626491251911459368360829386603699499443907050893639169625225467586770640924835840,139522236204188613546133848278514646803979267884899865612891988312658111074975075966171278607259959692394212445860148615106513507412305385005447598485863464295337462963069176791199/247580311879430905124853407087092359574226011153331029911940011278002858082855048150545178892790954639468590621811084036216331985701447581154119153610824932150806048977398194503680
B3_nominal_schedule,False,margin_helpful_attribution_participation_ratio,4,verified-v3-muon-3e-3,5,resolved,0.5571792857142858,354745030986257496572892924665372004663059210649156818747769905094418455979286359/626491251911459368360829386603699499443907050893639169625225467586770640924835840,139983269596998219279949162823791424075630350737380390246818612287798548134427838554412715372238359838960717604931396856344120008147048337915341352455661825393311541095054056150179/247580311879430905124853407087092359574226011153331029911940011278002858082855048150545178892790954639468590621811084036216331985701447581154119153610824932150806048977398194503680
B3_nominal_schedule,False,margin_helpful_attribution_participation_ratio,4,verified-v3-normuon-3e-3,1,resolved,0.5348342857142857,179942649504203141321948583582645340416898747192866401660021917118596934010952883/313245625955729684180414693301849749721953525446819584812612733793385320462417920,1777384039709226045109538922194414095339938247681077613250802637465413445031949190918736224150106035282915086841114452766327498708375630486383566181652143607802755051026234188231/3094753898492886314060667588588654494677825139416637873899250140975035726035688101881814736159886932993357382772638550452704149821268094764426489420135311651885075612217477431296
B3_nominal_schedule,False,margin_helpful_attribution_participation_ratio,4,verified-v3-normuon-3e-3,2,resolved,0.5396864285714286,119783789933707083069216207902769727292490857922337909646584519511165069030873727/208830417303819789453609795534566499814635683631213056541741822528923546974945280,1181908331778794787302371957046396261169056959645547518096104539125058062403074908701272795080402641646082223894973498635097046446640130312858730398215181348470430834136286383741/2063169265661924209373778392392436329785216759611091915932833427316690484023792067921209824106591288662238255181759033635136099880845396509617659613423541101256717074811651620864
B3_nominal_schedule,False,margin_helpful_attribution_participation_ratio,4,verified-v3-normuon-3e-3,3,resolved,0.5446657142857143,355521345197510259361135130313293813677316906853139615839476556135938857377234571/626491251911459368360829386603699499443907050893639169625225467586770640924835840,3507526085017982096859858203321975860826041644167207891304262148342858016929211097838792923229981823771373599159441737991398855820738054608815842205462585449350925554518528228111/6189507796985772628121335177177308989355650278833275747798500281950071452071376203763629472319773865986714765545277100905408299642536189528852978840270623303770151224434954862592
B3_nominal_schedule,False,margin_helpful_attribution_participation_ratio,4,verified-v3-normuon-3e-3,4,resolved,0.5518028571428572,118204082179697188726820304550734354444478621949212432252993981230979514100478557/208830417303819789453609795534566499814635683631213056541741822528923546974945280,1166541549204865568703652840802281807868009094349521036861240961050862233682662017287014116125158868170373545716734489966718637209009733441104743320212822546897720332496457171447/2063169265661924209373778392392436329785216759611091915932833427316690484023792067921209824106591288662238255181759033635136099880845396509617659613423541101256717074811651620864
B3_nominal_schedule,False,margin_helpful_attribution_participation_ratio,4,verified-v3-normuon-3e-3,5,resolved,0.5584957142857143,355218859944493154493219564081760317064943733799942445258865963069433892075872171/626491251911459368360829386603699499443907050893639169625225467586770640924835840,3504987668637251162849269342859431146794420480690963608911815110344428811768065087061153588871556464497685050944861502010015464552245357867209065643734847401691784255178886349851/6189507796985772628121335177177308989355650278833275747798500281950071452071376203763629472319773865986714765545277100905408299642536189528852978840270623303770151224434954862592
B3_nominal_schedule,False,margin_degrading_attribution_mass,1,verified-v3-adamw-1e-6,1,resolved,0.5425692857142858,475252587047739630358479750175792730085252422406665760527619067088623231847035811/854389857311610094406936584402485011168956085244594944695293543516847843433250816,41480209440416980773401450111953472195849180653881945977348566145236436407642194549375314410708965733277010157901694431160509786271128128454187343/73983062360418950839407650597213038350907168141073862207442586591634661882220347956482483883217387202163807107133288665522428932334620384260259840
B3_nominal_schedule,False,margin_degrading_attribution_mass,1,verified-v3-adamw-1e-6,2,resolved,0.55545,966151779419081289380308038165135778300098066590762820089979591724958520836943277/1708779714623220188813873168804970022337912170489189889390587087033695686866501632,84448378255925256845208444710279801233769297964594923484752323446727343962264505674577719791653819788024768068146408141652537215014865151182518481/147966124720837901678815301194426076701814336282147724414885173183269323764440695912964967766434774404327614214266577331044857864669240768520519680
B3_nominal_schedule,False,margin_degrading_attribution_mass,1,verified-v3-adamw-1e-6,3,resolved,0.5608178571428571,325012758361165799386301447309359809841073687983263970837775638062361753705093193/569593238207740062937957722934990007445970723496396629796862362344565228955500544,28193392762751461538122335198032978005604147382962130009262081413916957901365103848003883588536270338184449906901440295199643128512995456468045277/49322041573612633892938433731475358900604778760715908138295057727756441254813565304321655922144924801442538071422192443681619288223080256173506560
B3_nominal_schedule,False,margin_degrading_attribution_mass,1,verified-v3-adamw-1e-6,4,resolved,0.5633707142857143,326075500964406717130873485626900281946433980724099136287466211598765726935483329/569593238207740062937957722934990007445970723496396629796862362344565228955500544,28356894566501322552123182920766587172785232214048299103431569060658914831467472102201514308594602996920741939874746177681843924527434845141074997/49322041573612633892938433731475358900604778760715908138295057727756441254813565304321655922144924801442538071422192443681619288223080256173506560
B3_nominal_schedule,False,margin_degrading_attribution_mass,1,verified-v3-adamw-1e-6,5,resolved,0.5649535714285714,326438284194278432698786813170599125407431851089469718601394184638609656142468649/569593238207740062937957722934990007445970723496396629796862362344565228955500544,28346203036012120021674797094798358535335885219403047385193736479709042112247067367817043190711257519656128718700656864494193310184265033573591997/49322041573612633892938433731475358900604778760715908138295057727756441254813565304321655922144924801442538071422192443681619288223080256173506560
B3_nominal_schedule,False,margin_degrading_attribution_mass,1,verified-v3-muon-1e-4,1,resolved,0.5822957142857142,34514465627293470877462282687573614333602365194568605350243932019090894785068683/59332628979972923222703929472394792442288617030874648937173162744225544682864640,57268549303751824582078797330514483106761139578355419288932825106400233395991861136835937973448879839386433832086878916089429205329876666211348587/98644083147225267785876867462950717801209557521431816276590115455512882509627130608643311844289849602885076142844384887363238576446160512347013120
B3_nominal_schedule,False,margin_degrading_attribution_mass,1,verified-v3-muon-1e-4,2,resolved,0.5879385714285714,207131578387602730313150121099176037585684343229018039382566778857632726733551903/355995773879837539336223576834368754653731702185247893623038976465353268097187840,38415037845827836498363722144098174742062737658500908400407009238960522203400164043448764385237204382403672436673654114221495803018719919400978983/65762722098150178523917911641967145200806371680954544184393410303675255006418087072428874562859899735256717428562923258242159050964107008231342080
B3_nominal_schedule,False,margin_degrading_attribution_mass,1,verified-v3-muon-1e-4,3,resolved,0.58963,620438677558254818210302101722995837948601712292226119159489879080473609755235419/1067987321639512618008670730503106263961195106555743680869116929396059804291563520,345882996210908125412162003491068751655860388862821505817690001057338415941584946672318054458987171306983578240327057170942470065053693266758930697/591864498883351606715261204777704306807257345128590897659540692733077295057762783651859871065739097617310456857066309324179431458676963074082078720
B3_nominal_schedule,False,margin_degrading_attribution_mass,1,verified-v3-muon-1e-4,4,resolved,0.5903421428571428,622727472088437735035528085842809418896024321876243767648074782365026253981209959/1067987321639512618008670730503106263961195106555743680869116929396059804291563520,345544402456131736735226169050389584964687840207426903112871915995932633581910714371095835733989823956452767264279265171884579662666346634005988237/591864498883351606715261204777704306807257345128590897659540692733077295057762783651859871065739097617310456857066309324179431458676963074082078720
B3_nominal_schedule,False,margin_degrading_attribution_mass,1,verified-v3-muon-1e-4,5,resolved,0.5910157142857143,627154888736596348482776021727071432602318469636696040425459807567833349582676619/1067987321639512618008670730503106263961195106555743680869116929396059804291563520,348424910826760745887132005758020642904746488611482288071672084478011655370043910742966869538848733385987466467077837167384476675533354986933941017/591864498883351606715261204777704306807257345128590897659540692733077295057762783651859871065739097617310456857066309324179431458676963074082078720
B3_nominal_schedule,False,margin_degrading_attribution_mass,1,verified-v3-normuon-1e-4,1,resolved,0.5801178571428572,68769934949764189238264206759627428724878060002369258885597417578652357596740437/118665257959945846445407858944789584884577234061749297874346325488451089365729280,57200018864936191422504791739107209778764614651352056770750535307892199263342378126491828642476311933208675260729465211060659067454810209328468051/98644083147225267785876867462950717801209557521431816276590115455512882509627130608643311844289849602885076142844384887363238576446160512347013120
B3_nominal_schedule,False,margin_degrading_attribution_mass,1,verified-v3-normuon-1e-4,2,resolved,0.5869142857142856,413445265602133030477268231474651501549299939943331253561915162335188590912606177/711991547759675078672447153668737509307463404370495787246077952930706536194375680,114965476739805098544967770468639294391170227354356161652794474052583857109906999993214638357321604000624978751786648583498306111262458663461569677/197288166294450535571753734925901435602419115042863632553180230911025765019254261217286623688579699205770152285688769774726477152892321024694026240
B3_nominal_schedule,False,margin_degrading_attribution_mass,1,verified-v3-normuon-1e-4,3,resolved,0.5895821428571428,1232986720934471859270913630175914952088424606599479125934056709280884122788754981/2135974643279025236017341461006212527922390213111487361738233858792119608583127040,344434953241382236377697039409955598154821857100730674500741015257476063817488112413796350205660732585457420184932718251029413217725274778003496321/591864498883351606715261204777704306807257345128590897659540692733077295057762783651859871065739097617310456857066309324179431458676963074082078720
B3_nominal_schedule,False,margin_degrading_attribution_mass,1,verified-v3-normuon-1e-4,4,resolved,0.5898942857142858,1237181266370760819847446197195530872387168995795747035778074781394941321533466521/2135974643279025236017341461006212527922390213111487361738233858792119608583127040,343460810536885631763447625998070453624476978827943502026704839651754629252688375282270442863981213618919451570821053562374962208841973243024791781/591864498883351606715261204777704306807257345128590897659540692733077295057762783651859871065739097617310456857066309324179431458676963074082078720
B3_nominal_schedule,False,margin_degrading_attribution_mass,1,verified-v3-normuon-1e-4,5,resolved,0.5909735714285714,1244058545668155557483125580190222121521442922123280765845420261123119844041001461/2135974643279025236017341461006212527922390213111487361738233858792119608583127040,345078606734120739269902911075083017616908805429321249705618614729665291872595501702326806789383276832434809117143791894760359791507057581693378321/591864498883351606715261204777704306807257345128590897659540692733077295057762783651859871065739097617310456857066309324179431458676963074082078720
B3_nominal_schedule,False,margin_degrading_attribution_mass,2,verified-v3-adamw-3e-6,1,resolved,0.5644085714285715,57069660929474738992755074724260564408839376542031627006027631174165539666891744417/101555928647047186760324589431735447359789447071284705829490639424469699652308959232,3431561941473880754081378930147385873110682750753498314599785978802758986449052225223444686251515140164468591785807441059461005246975034105475560713/6124876884409098861038737127048200322515556709341810484263704669953718863901304927753306908527744429777350851643500590232343796151961400991138447360
B3_nominal_schedule,False,margin_degrading_attribution_mass,2,verified-v3-adamw-3e-6,2,resolved,0.5754778571428572,116038825100798857829969896193354238217620199729776210152637209627706787032817304989/203111857294094373520649178863470894719578894142569411658981278848939399304617918464,6954838489609583140466971076293645650414706497630648043705459856586700839292313419716930365369953199315998396407629348217606466452728989292270296061/12249753768818197722077474254096400645031113418683620968527409339907437727802609855506613817055488859554701703287001180464687592303922801982276894720
B3_nominal_schedule,False,margin_degrading_attribution_mass,2,verified-v3-adamw-3e-6,3,resolved,0.5815735714285715,6157184402412244403279701912089280533690471372172783117487711099097949440993696145/10690097752320756501086798887551099722083099691714179560999014676259968384453574656,369964224590345025081115500244795938628761532078187664035559087088271683626667543452637684414506311096327595682066462014510834195517638180014888249/644723882569378827477761802847178981317427022035980050975126807363549354094874202921400727213446782081826405436157956866562504858101200104330362880
B3_nominal_schedule,False,margin_degrading_attribution_mass,2,verified-v3-adamw-3e-6,4,resolved,0.5840192857142857,117337176130047975701787694199763057030724125882452752099937801963498042537029922395/203111857294094373520649178863470894719578894142569411658981278848939399304617918464,7072477893743914484700892378023166712810618117191068341256247740359213038973106633324232580353753160116827762212189870260071631860303332501322927061/12249753768818197722077474254096400645031113418683620968527409339907437727802609855506613817055488859554701703287001180464687592303922801982276894720
B3_nominal_schedule,False,margin_degrading_attribution_mass,2,verified-v3-adamw-3e-6,5,resolved,0.5834164285714286,117602664098758592838782679760017943942100147458664770991395061824236323296690745891/203111857294094373520649178863470894719578894142569411658981278848939399304617918464,7101206178602660021751197792489644788418243902231018066246274297923432182964144127087078922387104735746383649952489788655711168327037081666866229981/12249753768818197722077474254096400645031113418683620968527409339907437727802609855506613817055488859554701703287001180464687592303922801982276894720
B3_nominal_schedule,False,margin_degrading_attribution_mass,2,verified-v3-muon-3e-4,1,resolved,0.5881207142857142,1559764649440485740286268794387345247301199508361721148062998059029859594630332379/2644685641850187141811325186224151171639934586137614108672696606654993905011916800,1724843871300107037818183322911364985816783219801977300080204131439740213254697751317975265119261303522692752831322983565286920783729831144393705156673978163183523162251521442379031/2925580477245928003952173871965162187183290349951302353089374273569953461958707460239855865196047312121105663831676124868429370562115076430140940384010513749989248960234657310310400
B3_nominal_schedule,False,margin_degrading_attribution_mass,2,verified-v3-muon-3e-4,2,resolved,0.5927621428571428,3127867009363504549735141144078213809409765838850886043726249645747257663330463633/5289371283700374283622650372448302343279869172275228217345393213309987810023833600,3463658865161126196116439644760416506743307415301872966260364199706364155672124220223818278967782727054050424424913767729800755202913415167009238930668562625942711970964470437360737/5851160954491856007904347743930324374366580699902604706178748547139906923917414920479711730392094624242211327663352249736858741124230152860281880768021027499978497920469314620620800
B3_nominal_schedule,False,margin_degrading_attribution_mass,2,verified-v3-muon-3e-4,3,resolved,0.5912535714285714,3132998273582552275251294136295371578105646199542560852051590634200420984869934083/5289371283700374283622650372448302343279869172275228217345393213309987810023833600,3462689699737314526466515795805017256886445710741156057588281663659481678186630605009592627824471379224489949221355675931887275944515455224845805286357589595707994831675722937620887/5851160954491856007904347743930324374366580699902604706178748547139906923917414920479711730392094624242211327663352249736858741124230152860281880768021027499978497920469314620620800
B3_nominal_schedule,False,margin_degrading_attribution_mass,2,verified-v3-muon-3e-4,4,resolved,0.591362142857143,1049309722781313340299774742106526315674567390071948734198240709755602879670179161/1763123761233458094540883457482767447759956390758409405781797737769995936674611200,1158029123026255766743320900297952055845385642367510669366409077335210103820663882409975641172695854237196945185063091671595799542975980734973623670423994862922167963065538418386929/1950386984830618669301449247976774791455526899967534902059582849046635641305804973493237243464031541414070442554450749912286247041410050953427293589340342499992832640156438206873600
B3_nominal_schedule,False,margin_degrading_attribution_mass,2,verified-v3-muon-3e-4,5,resolved,0.5924307142857143,3170004621170770693949380657911818031213005654336061911764871127125662852807894183/5289371283700374283622650372448302343279869172275228217345393213309987810023833600,3496694437987118409317813550882135370790395873775108134822473100905902087843273477509399926085888037882526589469183025568088852751468455387490521506187711129521283885635125187445287/5851160954491856007904347743930324374366580699902604706178748547139906923917414920479711730392094624242211327663352249736858741124230152860281880768021027499978497920469314620620800
B3_nominal_schedule,False,margin_degrading_attribution_mass,2,verified-v3-normuon-3e-4,1,resolved,0.5875385714285715,480279992511042455934087554215518506634776278220771667044827947887580477168297199/813749428261596043634253903453584975889210641888496648822368186663075047695974400,22453865425237229749883896333379285820605409746993093496706955538340500750868589190695026787325364816332013181221184155977697074095602215639872772083529495523598558552835323323367249/38032546204197064051378260335547108433382774549366930590161865556409395005463196983118126247548615057574373629811789623289581817307495993591832224992136678749860236483050545034035200
B3_nominal_schedule,False,margin_degrading_attribution_mass,2,verified-v3-normuon-3e-4,2,resolved,0.5912428571428572,967067138408006141712564524416559392017964914230532512737446844989357992505694073/1627498856523192087268507806907169951778421283776993297644736373326150095391948800,45069550466203042728712228902746843573975853248992036916216990094400161996523847396731333172751244910787036459947675308758408811286262077370018248823593095576336467047211522639290423/76065092408394128102756520671094216866765549098733861180323731112818790010926393966236252495097230115148747259623579246579163634614991987183664449984273357499720472966101090068070400
B3_nominal_schedule,False,margin_degrading_attribution_mass,2,verified-v3-normuon-3e-4,3,resolved,0.5915221428571428,964867625696977373584915452584346120118552128752088510986620695500766351012841423/1627498856523192087268507806907169951778421283776993297644736373326150095391948800,45060758694356827584638124951188795721274168405096502514294202157917322295573140267076098711647496767940415749938418375529089326602065158811478706898083848229794933216433982872925873/76065092408394128102756520671094216866765549098733861180323731112818790010926393966236252495097230115148747259623579246579163634614991987183664449984273357499720472966101090068070400
B3_nominal_schedule,False,margin_degrading_attribution_mass,2,verified-v3-normuon-3e-4,4,resolved,0.5907228571428572,323309149562441636347614017104023178473921455921318104049130121022913185896715241/542499618841064029089502602302389983926140427925664432548245457775383365130649600,15030936631603502900672860095377696388172959230695084664918233360763849092508442698604324742621438499068076956600466143853860419439424351847975887959942092623500004498757588452275591/25355030802798042700918840223698072288921849699577953726774577037606263336975464655412084165032410038382915753207859748859721211538330662394554816661424452499906824322033696689356800
B3_nominal_schedule,False,margin_degrading_attribution_mass,2,verified-v3-normuon-3e-4,5,resolved,0.5936371428571429,974592725276610414597920931651634099970310153559692027526008525913786229458100623/1627498856523192087268507806907169951778421283776993297644736373326150095391948800,45622990081261486427864345090026499470106946562720929311242112657551713914957080792161934513449357320099771320120542321032484957821370331658541164304853120730510964493165491694642273/76065092408394128102756520671094216866765549098733861180323731112818790010926393966236252495097230115148747259623579246579163634614991987183664449984273357499720472966101090068070400
B3_nominal_schedule,False,margin_degrading_attribution_mass,3,verified-v3-adamw-1e-5,1,resolved,0.5820728571428572,61002906564304708819030789748950566600463625731198305178093341328190354108700477659/104723741658589233901957308384388399442187096256137976288615995708829975440386949120,9080858312687598827467671692875937051120542804465437951176747149959580704423319261603449161256386740315136991676554198551813960687185328722279429741/15573792911082772826030084058954188330896851569835491385442589373082466950846491900928881774152004606060529072790347483504014844267968487749750620160
B3_nominal_schedule,False,margin_degrading_attribution_mass,3,verified-v3-adamw-1e-5,2,resolved,0.585075,41345025810663890886884148778157509386153165454420551864149733193664377565305327691/69815827772392822601304872256258932961458064170758650859077330472553316960257966080,148295505987130183783913978457148821901531640247977958169693109812881758880369885878453827860176053119592278518457289556600743575520598500762935317501/249180686577324365216481344943267013294349625117367862167081429969319471213543870414862108386432073696968465164645559736064237508287495803996009922560
B3_nominal_schedule,False,margin_degrading_attribution_mass,3,verified-v3-adamw-1e-5,3,resolved,0.5896428571428572,124766616163777016101078324324573606892207869551573304124747666855979648364615871543/209447483317178467803914616768776798884374192512275952577231991417659950880773898240,49810763966876693594232627383195550240046324968606974960251895993800367465966087895375728698253104923063030429270273729814077759580902603427483224517/83060228859108121738827114981089004431449875039122620722360476656439823737847956804954036128810691232322821721548519912021412502762498601332003307520
B3_nominal_schedule,False,margin_degrading_attribution_mass,3,verified-v3-adamw-1e-5,4,resolved,0.587965,125204984530668107083797189500245697855884271014496947580842438743020990497630892383/209447483317178467803914616768776798884374192512275952577231991417659950880773898240,49838056469391569306200227572144787950309960505045896642845860941534485788515508436676570181787565523586514994984973308316774159110938174578844940317/83060228859108121738827114981089004431449875039122620722360476656439823737847956804954036128810691232322821721548519912021412502762498601332003307520
B3_nominal_schedule,False,margin_degrading_attribution_mass,3,verified-v3-adamw-1e-5,5,resolved,0.58863,125319799557328371183978198057478070266491602511981494614803854492918546646464224343/209447483317178467803914616768776798884374192512275952577231991417659950880773898240,49813997787527105801198726824146555863668262367581930603327776654510552077632475570384795522804326498658852541763888177075748386094480236025877631437/83060228859108121738827114981089004431449875039122620722360476656439823737847956804954036128810691232322821721548519912021412502762498601332003307520
B3_nominal_schedule,False,margin_degrading_attribution_mass,3,verified-v3-muon-1e-3,1,resolved,0.5818585714285714,1686093719127831912905194396210082574110722012029574763663351321068376577491827057/2908992823849700960312322884100640469661480497912084216383701677503838692615127040,3250112947166046355090043805608350572666464845994181798667447408199947648089868362779794293098459680321304940282451792054931550495115694616223063994372278963978122510438236999192691/5587886047155125600500328133522106732905737982925894956352187231913216250592101005648932214215557649476587109700270131027769092404286887708334625669663800090827673842267419500871680
B3_nominal_schedule,False,margin_degrading_attribution_mass,3,verified-v3-muon-1e-3,2,resolved,0.5876692857142858,1127480113484594577038154043328637970458759388859998246926418515260043372030629193/1939328549233133973541548589400426979774320331941389477589134451669225795076751360,19520782166753808957868957031201976588299371076800447955857107168884473106773409644519931386244371600835191986455170531903418785721615156876912420140593618850394107788542145224859391/33527316282930753603001968801132640397434427897555369738113123391479297503552606033893593285293345896859522658201620786166614554425721326250007754017982800544966043053604517005230080
B3_nominal_schedule,False,margin_degrading_attribution_mass,3,verified-v3-muon-1e-3,3,resolved,0.5850171428571428,1130899232135871359435742736411793144513533279744288172801851506416098100848054623/1939328549233133973541548589400426979774320331941389477589134451669225795076751360,19508630569994035981489084327492793499126957372100252594622551551765927959055304402398597903700484760504329504091490987879756809648146684646844485657478784605961770655649169079992801/33527316282930753603001968801132640397434427897555369738113123391479297503552606033893593285293345896859522658201620786166614554425721326250007754017982800544966043053604517005230080
B3_nominal_schedule,False,margin_degrading_attribution_mass,3,verified-v3-muon-1e-3,4,resolved,0.5885692857142857,3403877903322234613572758626174342914212149662098722623043073660713836790650285809/5817985647699401920624645768201280939322960995824168432767403355007677385230254080,6571179716984676500951335426445892200272170692992373940460363137406422906073583221997496212944805365457448305449393569775161388802244207410723001292724019279620727774533563697599247/11175772094310251201000656267044213465811475965851789912704374463826432501184202011297864428431115298953174219400540262055538184808573775416669251339327600181655347684534839001743360
B3_nominal_schedule,False,margin_degrading_attribution_mass,3,verified-v3-muon-1e-3,5,resolved,0.5919135714285714,3424225054962530269746547260185860294368856982943611969893262235791018918740655629/5817985647699401920624645768201280939322960995824168432767403355007677385230254080,19752087087715907028626587794337125255554854011333168307532026989491821075500593727891178531273361219532265274281820468533240211295943575160161660417406940799305836119046120835776481/33527316282930753603001968801132640397434427897555369738113123391479297503552606033893593285293345896859522658201620786166614554425721326250007754017982800544966043053604517005230080
B3_nominal_schedule,False,margin_degrading_attribution_mass,3,verified-v3-normuon-1e-3,1,resolved,0.5852614285714285,152539681189601456900766059819190369032086596234467088265261915590959737479582257/264453893077245541846574807645512769969225499810189474216700152500348972055920640,1609828007956689161739957487625522090911749792122458701425051162889740101867239211102025606495906566918542820635427526131800991313740445086535728892448382215079076247314867118741039/2793943023577562800250164066761053366452868991462947478176093615956608125296050502824466107107778824738293554850135065513884546202143443854167312834831900045413836921133709750435840
B3_nominal_schedule,False,margin_degrading_attribution_mass,3,verified-v3-normuon-1e-3,2,resolved,0.5920957142857143,307637221866116884228549479702705901044940426398869137474819192858670552336287079/528907786154491083693149615291025539938450999620378948433400305000697944111841280,3280441269393439324732937045036770132406925165158066666267787336933987460126902415545287489108094018243525938280931809350541344529942852554218147330638878637021972704277312137903273/5587886047155125600500328133522106732905737982925894956352187231913216250592101005648932214215557649476587109700270131027769092404286887708334625669663800090827673842267419500871680
B3_nominal_schedule,False,margin_degrading_attribution_mass,3,verified-v3-normuon-1e-3,3,resolved,0.5850342857142856,102976063393189975121666585840487207270956575331852340103734220334981627451796923/176302595384830361231049871763675179979483666540126316144466768333565981370613760,9794951371197698148064854478727972454341994114397421445590084852684480901648889713818022264713588349071147974280142857085426763649579774099793853231511900032225815749217222499590409/16763658141465376801500984400566320198717213948777684869056561695739648751776303016946796642646672948429761329100810393083307277212860663125003877008991400272483021526802258502615040
B3_nominal_schedule,False,margin_degrading_attribution_mass,3,verified-v3-normuon-1e-3,4,resolved,0.5896921428571428,310036800612677028743168527011196667517730722475759731604288702650967795895490709/528907786154491083693149615291025539938450999620378948433400305000697944111841280,3285201013926895935092990286130781984612165024495236015307342380968196709588856736439226204287001242979796950812878918024184691960425707891304929863258750093666110314206318097615083/5587886047155125600500328133522106732905737982925894956352187231913216250592101005648932214215557649476587109700270131027769092404286887708334625669663800090827673842267419500871680
B3_nominal_schedule,False,margin_degrading_attribution_mass,3,verified-v3-normuon-1e-3,5,resolved,0.5914471428571428,311899560283674357024537032393066159982518263175411136859034874298028386641866609/528907786154491083693149615291025539938450999620378948433400305000697944111841280,9883177051486961971633501487740299601419272152636291550836237452864737971880274594202559847323852242790118159997083135514941196870858692510169535241555388581671896974414117266195909/16763658141465376801500984400566320198717213948777684869056561695739648751776303016946796642646672948429761329100810393083307277212860663125003877008991400272483021526802258502615040
B3_nominal_schedule,False,margin_degrading_attribution_mass,4,verified-v3-adamw-3e-5,1,resolved,0.5857735714285714,717572401083193294520614400890996743805433501328419834895735487581561181819806767/1252982503822918730312489899151692061623920927738225976727392703389545955149742080,12774852893464376453429061634401095418750153890998723022609982295117077507274336970238636583865705357266828966121210535602011929096846996106088099/22454065052312863685010781445240409525298374788413917787425513835203277050262943130055811894085095510876102342060982341616451210903590559411077120
B3_nominal_schedule,False,margin_degrading_attribution_mass,4,verified-v3-adamw-3e-5,2,resolved,0.5897585714285715,1410701840219939021827391729130558299241316477429904657246687502085849772616595699/2505965007645837460624979798303384123247841855476451953454785406779091910299484160,25005586201034600476762569809103642475119362220716671839819700351659299581531484557672030642970091792976356556402012528465672482527005582755592963/44908130104625727370021562890480819050596749576827835574851027670406554100525886260111623788170191021752204684121964683232902421807181118822154240
B3_nominal_schedule,False,margin_degrading_attribution_mass,4,verified-v3-adamw-3e-5,3,resolved,0.5879642857142857,1390511043032160177988531882019035762231659533207576155900009359914041309310753629/2505965007645837460624979798303384123247841855476451953454785406779091910299484160,24654148910176115155729396262576097909449849998819358699526845518300407955949385702296600329476340604823561030392519996481533074619878720243131493/44908130104625727370021562890480819050596749576827835574851027670406554100525886260111623788170191021752204684121964683232902421807181118822154240
B3_nominal_schedule,False,margin_degrading_attribution_mass,4,verified-v3-adamw-3e-5,4,resolved,0.58876,1373163072786668318424839453620068545679268136368604023357470582960765721261543669/2505965007645837460624979798303384123247841855476451953454785406779091910299484160,24263606434937276695706071331929456404692907909071988880938736891946219728335940653930152914762164371708923897682819204318238505951804015492978333/44908130104625727370021562890480819050596749576827835574851027670406554100525886260111623788170191021752204684121964683232902421807181118822154240
B3_nominal_schedule,False,margin_degrading_attribution_mass,4,verified-v3-adamw-3e-5,5,resolved,0.5892628571428571,1367824175716965975866887524313576700582564723344363790584852775385139876773872869/2505965007645837460624979798303384123247841855476451953454785406779091910299484160,24175580192516336721617541397648308468984090121762338764505644924728694066299334813322608566688705414179436679520127695046560538546146908312732733/44908130104625727370021562890480819050596749576827835574851027670406554100525886260111623788170191021752204684121964683232902421807181118822154240
B3_nominal_schedule,False,margin_degrading_attribution_mass,4,verified-v3-muon-3e-3,1,resolved,0.5424921428571429,58032182210885740712163787191691558432826966038844241185484199965653889829445709/104415208651909894726804897767283249907317841815606528270870911264461773487472640,237714063984086064586390885936317262657653896565564173132352276718461845736731592004441792597318288167965127170630755632286804767212809608173845746122054869996969061801346967903/430323802760642880314810097517563642222070212857371561081925121216038607522752967916857137760293345405846025481706218950718215273485559480676666099782613656034668210802896404480
B3_nominal_schedule,False,margin_degrading_attribution_mass,4,verified-v3-muon-3e-3,2,resolved,0.5378814285714285,352311258078013768941174487534248092466007522087123617944420857963157126763426689/626491251911459368360829386603699499443907050893639169625225467586770640924835840,1440107694169451847952113156338011695112770801344266333715328358520066808416562964566920961258021417158014088534093466528840301108665784105081084049969640237538661897711811014413/2581942816563857281888860585105381853332421277144229366491550727296231645136517807501142826561760072435076152890237313704309291640913356884059996598695681936208009264817378426880
B3_nominal_schedule,False,margin_degrading_attribution_mass,4,verified-v3-muon-3e-3,3,resolved,0.5432642857142858,352337011005779042860088013478351501000050255930366562811408652958796435681222039/626491251911459368360829386603699499443907050893639169625225467586770640924835840,1445080090586993420545083294677837366893176088668119947786991735431981934091639234161698250184675331636453152601498912843783708772553651868855576633044281296626952858153414751143/2581942816563857281888860585105381853332421277144229366491550727296231645136517807501142826561760072435076152890237313704309291640913356884059996598695681936208009264817378426880
B3_nominal_schedule,False,margin_degrading_attribution_mass,4,verified-v3-muon-3e-3,4,resolved,0.5483742857142857,353574602436558154372765740514285115489136637607277604137825664748010510114392419/626491251911459368360829386603699499443907050893639169625225467586770640924835840,1451064185686434516574505692315192273361101898108347737107066369400530153648779469317242979856591636681267420011582022642871735324947481730278045213756834245252940658591497383663/2581942816563857281888860585105381853332421277144229366491550727296231645136517807501142826561760072435076152890237313704309291640913356884059996598695681936208009264817378426880
B3_nominal_schedule,False,margin_degrading_attribution_mass,4,verified-v3-muon-3e-3,5,resolved,0.5571792857142858,354745030986257496572892924665372004663059210649156818747769905094418455979286359/626491251911459368360829386603699499443907050893639169625225467586770640924835840,1459049228728635733737204319332464600022888291629293028841052684192956262655548443034932696777277808303886759736283983096410923412008339955893777362169345578815938309562196725263/2581942816563857281888860585105381853332421277144229366491550727296231645136517807501142826561760072435076152890237313704309291640913356884059996598695681936208009264817378426880
B3_nominal_schedule,False,margin_degrading_attribution_mass,4,verified-v3-normuon-3e-3,1,resolved,0.5348342857142857,179942649504203141321948583582645340416898747192866401660021917118596934010952883/313245625955729684180414693301849749721953525446819584812612733793385320462417920,1476380257600159143590860374900527509567484966119695758392851235326556996273899901932613228283403719801922503664223773458549271192151033979743448888444361628403387581703115201041/2581942816563857281888860585105381853332421277144229366491550727296231645136517807501142826561760072435076152890237313704309291640913356884059996598695681936208009264817378426880
B3_nominal_schedule,False,margin_degrading_attribution_mass,4,verified-v3-normuon-3e-3,2,resolved,0.5396864285714286,119783789933707083069216207902769727292490857922337909646584519511165069030873727/208830417303819789453609795534566499814635683631213056541741822528923546974945280,977304144153423559108638731943377710613697341792416783565703365225295549625787863852166344437917971994114696616342236699803637753702405260734615195102240832032422200919573771329/1721295211042571521259240390070254568888280851429486244327700484864154430091011871667428551041173381623384101926824875802872861093942237922706664399130454624138672843211585617920
B3_nominal_schedule,False,margin_degrading_attribution_mass,4,verified-v3-normuon-3e-3,3,resolved,0.5446657142857143,355521345197510259361135130313293813677316906853139615839476556135938857377234571/626491251911459368360829386603699499443907050893639169625225467586770640924835840,2903824525810218355435231499626460892862681361192591024312383608593120038427850882192002923491878877644549341340366851397924472642422946977615449842541780549667827371228867532597/5163885633127714563777721170210763706664842554288458732983101454592463290273035615002285653123520144870152305780474627408618583281826713768119993197391363872416018529634756853760
B3_nominal_schedule,False,margin_degrading_attribution_mass,4,verified-v3-normuon-3e-3,4,resolved,0.5518028571428572,118204082179697188726820304550734354444478621949212432252993981230979514100478557/208830417303819789453609795534566499814635683631213056541741822528923546974945280,971280057144936435184608783149416724527657193203975919313729980340910674553409945554685590710167297309298057862724459281146149453236229714632976583452368903021858754236032212539/1721295211042571521259240390070254568888280851429486244327700484864154430091011871667428551041173381623384101926824875802872861093942237922706664399130454624138672843211585617920
B3_nominal_schedule,False,margin_degrading_attribution_mass,4,verified-v3-normuon-3e-3,5,resolved,0.5584957142857143,355218859944493154493219564081760317064943733799942445258865963069433892075872171/626491251911459368360829386603699499443907050893639169625225467586770640924835840,2912779895866461782549274342029430173770213920097808742543424203119831439636928637566374260210886004937403441814368337626383744220321431876814759754056552123184820931861639541717/5163885633127714563777721170210763706664842554288458732983101454592463290273035615002285653123520144870152305780474627408618583281826713768119993197391363872416018529634756853760
B3_nominal_schedule,False,random_50pct_relative_shortlist_ndcg,1,verified-v3-adamw-1e-6,1,resolved,0.5425692857142858,475252587047739630358479750175792730085252422406665760527619067088623231847035811/854389857311610094406936584402485011168956085244594944695293543516847843433250816,825915174712526759121998018159348189383569470704349009874374534074475142347623815901935671131663044137596887093276237535009347586405064548886917/1484282777920483661321998544800349591817311599084997450222054016686688947930551462712121656985002240861311064255023429917656643363135653108776960
B3_nominal_schedule,False,random_50pct_relative_shortlist_ndcg,1,verified-v3-adamw-1e-6,2,resolved,0.55545,966151779419081289380308038165135778300098066590762820089979591724958520836943277/1708779714623220188813873168804970022337912170489189889390587087033695686866501632,1678624348071863029820382432550021520545994505440435826748868424790306652686187480474033546881579145506279679590379477129531294966289319881250219/2968565555840967322643997089600699183634623198169994900444108033373377895861102925424243313970004481722622128510046859835313286726271306217553920
B3_nominal_schedule,False,random_50pct_relative_shortlist_ndcg,1,verified-v3-adamw-1e-6,3,resolved,0.5608178571428571,325012758361165799386301447309359809841073687983263970837775638062361753705093193/569593238207740062937957722934990007445970723496396629796862362344565228955500544,1693180034883758715041724209661959774242134721970954945611746054636462986052941063642046898723521271354040354539041347433367243534270962847547789/2968565555840967322643997089600699183634623198169994900444108033373377895861102925424243313970004481722622128510046859835313286726271306217553920
B3_nominal_schedule,False,random_50pct_relative_shortlist_ndcg,1,verified-v3-adamw-1e-6,4,resolved,0.5633707142857143,326075500964406717130873485626900281946433980724099136287466211598765726935483329/569593238207740062937957722934990007445970723496396629796862362344565228955500544,1698948445930420371471570659175902259777183504783937497337085820798508361334382626206842490053436201978637939035306592929788082730863754999456229/2968565555840967322643997089600699183634623198169994900444108033373377895861102925424243313970004481722622128510046859835313286726271306217553920
B3_nominal_schedule,False,random_50pct_relative_shortlist_ndcg,1,verified-v3-adamw-1e-6,5,resolved,0.5649535714285714,326438284194278432698786813170599125407431851089469718601394184638609656142468649/569593238207740062937957722934990007445970723496396629796862362344565228955500544,1700911913728940583698226316383608695757861412379188359684099838263080938012901036455335435407769917375220097075069001346272692800056881173474029/2968565555840967322643997089600699183634623198169994900444108033373377895861102925424243313970004481722622128510046859835313286726271306217553920
B3_nominal_schedule,False,random_50pct_relative_shortlist_ndcg,1,verified-v3-muon-1e-4,1,resolved,0.5822957142857142,34514465627293470877462282687573614333602365194568605350243932019090894785068683/59332628979972923222703929472394792442288617030874648937173162744225544682864640,80972121307653082089555567343832084025463511382862686326808775906164298518871930408795327238315642309043007849913555727950121278951581725671969/139151510430045343248937363575032774232872962414218510958317564064377088868489199629261405342343960080747912273908446554780310315293967478947840
B3_nominal_schedule,False,random_50pct_relative_shortlist_ndcg,1,verified-v3-muon-1e-4,2,resolved,0.5879385714285714,207131578387602730313150121099176037585684343229018039382566778857632726733551903/355995773879837539336223576834368754653731702185247893623038976465353268097187840,53989452942709526007374769519381219664280109905595868548734758711209656430935543444194894899759047313164278436445706516096065134004598659453021/92767673620030228832624909050021849488581974942812340638878376042918059245659466419507603561562640053831941515938964369853540210195978319298560
B3_nominal_schedule,False,random_50pct_relative_shortlist_ndcg,1,verified-v3-muon-1e-4,3,resolved,0.58963,620438677558254818210302101722995837948601712292226119159489879080473609755235419/1067987321639512618008670730503106263961195106555743680869116929396059804291563520,485089029094080026872201140860292548050670244828196591465765658900992311886922967818954538203769387553886793824840520440309861941225937803024339/834909062580272059493624181450196645397237774485311065749905384386262533210935197775568432054063760484487473643450679328681861891763804873687040
B3_nominal_schedule,False,random_50pct_relative_shortlist_ndcg,1,verified-v3-muon-1e-4,4,resolved,0.5903421428571428,622727472088437735035528085842809418896024321876243767648074782365026253981209959/1067987321639512618008670730503106263961195106555743680869116929396059804291563520,487011268155588119725980623362331004682893079128468789662555617071919234712114519367122898576250005172272063307852285582598670426876443285106079/834909062580272059493624181450196645397237774485311065749905384386262533210935197775568432054063760484487473643450679328681861891763804873687040
B3_nominal_schedule,False,random_50pct_relative_shortlist_ndcg,1,verified-v3-muon-1e-4,5,resolved,0.5910157142857143,627154888736596348482776021727071432602318469636696040425459807567833349582676619/1067987321639512618008670730503106263961195106555743680869116929396059804291563520,490507247001534803415749637982107823198339990448652613583149353687633734040472152307631475142572181705386237979437158387016082219179027168591619/834909062580272059493624181450196645397237774485311065749905384386262533210935197775568432054063760484487473643450679328681861891763804873687040
B3_nominal_schedule,False,random_50pct_relative_shortlist_ndcg,1,verified-v3-normuon-1e-4,1,resolved,0.5801178571428572,68769934949764189238264206759627428724878060002369258885597417578652357596740437/118665257959945846445407858944789584884577234061749297874346325488451089365729280,645158112591657304365596319915097949011991483499894550881285002113391894472481777408923995097691040833938640520547262773998809028404097994976441/1113212083440362745991498908600262193862983699313748087666540512515016710947913597034091242738751680645983298191267572438242482522351739831582720
B3_nominal_schedule,False,random_50pct_relative_shortlist_ndcg,1,verified-v3-normuon-1e-4,2,resolved,0.5869142857142856,413445265602133030477268231474651501549299939943331253561915162335188590912606177/711991547759675078672447153668737509307463404370495787246077952930706536194375680,1293262207868132406843276574808717265390738324751963851089663354074097679011304065907471392475334405800790867671975973251244977233865369782229607/2226424166880725491982997817200524387725967398627496175333081025030033421895827194068182485477503361291966596382535144876484965044703479663165440
B3_nominal_schedule,False,random_50pct_relative_shortlist_ndcg,1,verified-v3-normuon-1e-4,3,resolved,0.5895821428571428,1232986720934471859270913630175914952088424606599479125934056709280884122788754981/2135974643279025236017341461006212527922390213111487361738233858792119608583127040,428444262200179496304877479134828394962505546504780230127772988028547590717192645472267541469965259682404189803986695098888052539597727511459819/742141388960241830660999272400174795908655799542498725111027008343344473965275731356060828492501120430655532127511714958828321681567826554388480
B3_nominal_schedule,False,random_50pct_relative_shortlist_ndcg,1,verified-v3-normuon-1e-4,4,resolved,0.5898942857142858,1237181266370760819847446197195530872387168995795747035778074781394941321533466521/2135974643279025236017341461006212527922390213111487361738233858792119608583127040,1290028031270032937578791886201940390817586401512174044313520488653508922556484035528512335342228964090337196563941479947194082212761319306065957/2226424166880725491982997817200524387725967398627496175333081025030033421895827194068182485477503361291966596382535144876484965044703479663165440
B3_nominal_schedule,False,random_50pct_relative_shortlist_ndcg,1,verified-v3-normuon-1e-4,5,resolved,0.5909735714285714,1244058545668155557483125580190222121521442922123280765845420261123119844041001461/2135974643279025236017341461006212527922390213111487361738233858792119608583127040,1297168309832762233018749658644214702726184149287932955327313757641598300738327671075419298753067711278015802213422098370158940730521531832448337/2226424166880725491982997817200524387725967398627496175333081025030033421895827194068182485477503361291966596382535144876484965044703479663165440
B3_nominal_schedule,False,random_50pct_relative_shortlist_ndcg,2,verified-v3-adamw-3e-6,1,resolved,0.5644085714285715,57069660929474738992755074724260564408839376542031627006027631174165539666891744417/101555928647047186760324589431735447359789447071284705829490639424469699652308959232,1219999834273721499005345785252969708116230697654779431147051595867900518500873561680500490447622039811176708709755423769851686276324568607548500341/2169205981090863624449727331637960793293102770737593684319897208909275105859071200698278808576026323119892218651676511834583025051026149271425515520
B3_nominal_schedule,False,random_50pct_relative_shortlist_ndcg,2,verified-v3-adamw-3e-6,2,resolved,0.5754778571428572,116038825100798857829969896193354238217620199729776210152637209627706787032817304989/203111857294094373520649178863470894719578894142569411658981278848939399304617918464,2479763129945475084756400111477174249248230471795310969877569981685778334369497265720553110283490587027375748891800230131098924943265091441298952497/4338411962181727248899454663275921586586205541475187368639794417818550211718142401396557617152052646239784437303353023669166050102052298542851031040
B3_nominal_schedule,False,random_50pct_relative_shortlist_ndcg,2,verified-v3-adamw-3e-6,3,resolved,0.5815735714285715,6157184402412244403279701912089280533690471372172783117487711099097949440993696145/10690097752320756501086798887551099722083099691714179560999014676259968384453574656,11949570491279202783282386309116418692740261605540512115392211777419332739613040518932366333695731757396742043528486274032530634609039940852691063/20757951972161374396648108436726897543474667662560705113109064200088756993866710054528983814124653809759734149776808725689789713406948796855746560
B3_nominal_schedule,False,random_50pct_relative_shortlist_ndcg,2,verified-v3-adamw-3e-6,4,resolved,0.5840192857142857,117337176130047975701787694199763057030724125882452752099937801963498042537029922395/203111857294094373520649178863470894719578894142569411658981278848939399304617918464,2504157148483222968386510249469104086874400220730816544576403340859793072397479111561764796018604352699258099091832272904433849171079126893555510167/4338411962181727248899454663275921586586205541475187368639794417818550211718142401396557617152052646239784437303353023669166050102052298542851031040
B3_nominal_schedule,False,random_50pct_relative_shortlist_ndcg,2,verified-v3-adamw-3e-6,5,resolved,0.5834164285714286,117602664098758592838782679760017943942100147458664770991395061824236323296690745891/203111857294094373520649178863470894719578894142569411658981278848939399304617918464,193081508948675341518683017217746943032039730924774078474061026706310603091832680085607610797288628391459411362142494309812561459528020248998500079/333723997090902096069188820251993968198938887805783643741522647524503862439857107799735201319388665095368033638719463359166619238619407580219310080
B3_nominal_schedule,False,random_50pct_relative_shortlist_ndcg,2,verified-v3-muon-3e-4,1,resolved,0.5881207142857142,1559764649440485740286268794387345247301199508361721148062998059029859594630332379/2644685641850187141811325186224151171639934586137614108672696606654993905011916800,331139471675525754706773209726197489341425023629994211521911263832921909986402865227264682087743345501204616798262986244549661051356598675553403639828772965468370631507202873570019/561238673712936812189496967089642148875335997506224851324301113433048819354420339660329591755708304721113727604242915587237819419345443854671944801573085580004053254307151714713600
B3_nominal_schedule,False,random_50pct_relative_shortlist_ndcg,2,verified-v3-muon-3e-4,2,resolved,0.5927621428571428,3127867009363504549735141144078213809409765838850886043726249645747257663330463633/5289371283700374283622650372448302343279869172275228217345393213309987810023833600,663663348409459447721766947697151081637583099568087389020388317043513627789861841264147850347840861863796529169784732507991903337123630210798586794979052113057618788359810025611713/1122477347425873624378993934179284297750671995012449702648602226866097638708840679320659183511416609442227455208485831174475638838690887709343889603146171160008106508614303429427200
B3_nominal_schedule,False,random_50pct_relative_shortlist_ndcg,2,verified-v3-muon-3e-4,3,resolved,0.5912535714285714,3132998273582552275251294136295371578105646199542560852051590634200420984869934083/5289371283700374283622650372448302343279869172275228217345393213309987810023833600,665276275920788554689197255664113308040018619200245908577537239392691906295843159060666201316490551857434147873782636884064237307660812298044438073057322617735201667933814696636063/1122477347425873624378993934179284297750671995012449702648602226866097638708840679320659183511416609442227455208485831174475638838690887709343889603146171160008106508614303429427200
B3_nominal_schedule,False,random_50pct_relative_shortlist_ndcg,2,verified-v3-muon-3e-4,4,resolved,0.591362142857143,1049309722781313340299774742106526315674567390071948734198240709755602879670179161/1763123761233458094540883457482767447759956390758409405781797737769995936674611200,222873207538936798544244309407219298117392911319565758219453389229371511141118328468418697097077418695344458598399910294914455876922934437475820477276298190657983798245802092642521/374159115808624541459664644726428099250223998337483234216200742288699212902946893106886394503805536480742485069495277058158546279563629236447963201048723720002702169538101143142400
B3_nominal_schedule,False,random_50pct_relative_shortlist_ndcg,2,verified-v3-muon-3e-4,5,resolved,0.5924307142857143,3170004621170770693949380657911818031213005654336061911764871127125662852807894183/5289371283700374283622650372448302343279869172275228217345393213309987810023833600,673392213744467605022349891775659538146679926759940008189316250535503977475871700406088330851044721006589505923967490210473144736431447489910292932537261045184889409932211459946863/1122477347425873624378993934179284297750671995012449702648602226866097638708840679320659183511416609442227455208485831174475638838690887709343889603146171160008106508614303429427200
B3_nominal_schedule,False,random_50pct_relative_shortlist_ndcg,2,verified-v3-normuon-3e-4,1,resolved,0.5875385714285715,480279992511042455934087554215518506634776278220771667044827947887580477168297199/813749428261596043634253903453584975889210641888496648822368186663075047695974400,331349864400070493217038184058050537324464139338338260683717124549070732558600145660583163811756311093842529270248484670146509018514511343794339976837456605626790072206879848581027/561238673712936812189496967089642148875335997506224851324301113433048819354420339660329591755708304721113727604242915587237819419345443854671944801573085580004053254307151714713600
B3_nominal_schedule,False,random_50pct_relative_shortlist_ndcg,2,verified-v3-normuon-3e-4,2,resolved,0.5912428571428572,967067138408006141712564524416559392017964914230532512737446844989357992505694073/1627498856523192087268507806907169951778421283776993297644736373326150095391948800,60645279286647369683718446414681680267624544430685054085241873487299488095051456798606509462755917174503811324022969216568726941500495737400104945973103952538808467579958787295439/102043395220533965852635812198116754340970181364768154786236566078736148973530970847332653046492419040202495928044166470406876258062807973576717236649651923637100591692209402675200
B3_nominal_schedule,False,random_50pct_relative_shortlist_ndcg,2,verified-v3-normuon-3e-4,3,resolved,0.5915221428571428,964867625696977373584915452584346120118552128752088510986620695500766351012841423/1627498856523192087268507806907169951778421283776993297644736373326150095391948800,666394109287560502846414553378704082506561959359494911958740680102797116801610025433475367060421793837908176919310353013750526843319894799295011063128558108578953612411905899036579/1122477347425873624378993934179284297750671995012449702648602226866097638708840679320659183511416609442227455208485831174475638838690887709343889603146171160008106508614303429427200
B3_nominal_schedule,False,random_50pct_relative_shortlist_ndcg,2,verified-v3-normuon-3e-4,4,resolved,0.5907228571428572,323309149562441636347614017104023178473921455921318104049130121022913185896715241/542499618841064029089502602302389983926140427925664432548245457775383365130649600,223013398060468819365434205191652454760309068511121977031623473917325470500540296030892546189668708152331834479635613464097323849536127037039088967265462265379862048946410049103293/374159115808624541459664644726428099250223998337483234216200742288699212902946893106886394503805536480742485069495277058158546279563629236447963201048723720002702169538101143142400
B3_nominal_schedule,False,random_50pct_relative_shortlist_ndcg,2,verified-v3-normuon-3e-4,5,resolved,0.5936371428571429,974592725276610414597920931651634099970310153559692027526008525913786229458100623/1627498856523192087268507806907169951778421283776993297644736373326150095391948800,672175028726864459938992146071111766618944670030243778734437984635159838413776759858356026090177629463209167022792250212629859995554117312583615012302182515558020464981466173151179/1122477347425873624378993934179284297750671995012449702648602226866097638708840679320659183511416609442227455208485831174475638838690887709343889603146171160008106508614303429427200
B3_nominal_schedule,False,random_50pct_relative_shortlist_ndcg,3,verified-v3-adamw-1e-5,1,resolved,0.5820728571428572,61002906564304708819030789748950566600463625731198305178093341328190354108700477659/104723741658589233901957308384388399442187096256137976288615995708829975440386949120,191844337615668886627625413777832510347903575055194025303917965646051024715207455408352151125899639958627071139089310484846067785810333847579489733/329299639409764392625459678405407822443532538325290491787646250791865031538337871437300432677749232631401067176290446329461379849682535177498132480
B3_nominal_schedule,False,random_50pct_relative_shortlist_ndcg,3,verified-v3-adamw-1e-5,2,resolved,0.585075,41345025810663890886884148778157509386153165454420551864149733193664377565305327691/69815827772392822601304872256258932961458064170758650859077330472553316960257966080,13929835906289128196316308997318393799823356537774555152673604008153801355297626648329288750500699257484821987793662179353284578895302289339866477/23521402814983170901818548457529130174538038451806463699117589342276073681309847959807173762696373759385790512592174737818669989263038226964152320
B3_nominal_schedule,False,random_50pct_relative_shortlist_ndcg,3,verified-v3-adamw-1e-5,3,resolved,0.5896428571428572,124766616163777016101078324324573606892207869551573304124747666855979648364615871543/209447483317178467803914616768776798884374192512275952577231991417659950880773898240,1313634828830298270921441960367919986470376926647343205482897219868921805975121963352135371812912362248117393850153820111926467787163546880564043/2205131513904672272045488917893355953862941104856855971792274000838381907622798246231922540252785039942417860555516381670500311493409833777889280
B3_nominal_schedule,False,random_50pct_relative_shortlist_ndcg,3,verified-v3-adamw-1e-5,4,resolved,0.587965,125204984530668107083797189500245697855884271014496947580842438743020990497630892383/209447483317178467803914616768776798884374192512275952577231991417659950880773898240,12303149446172756169239850406057564976068598120297179449881707317127144677450629666707637343744762284149723677298888299193059263261772640501756403/20581227463110274539091229900337988902720783645330655736727890674491564471146116964831277042359327039462566698518152895591336240605158448593633280
B3_nominal_schedule,False,random_50pct_relative_shortlist_ndcg,3,verified-v3-adamw-1e-5,5,resolved,0.58863,125319799557328371183978198057478070266491602511981494614803854492918546646464224343/209447483317178467803914616768776798884374192512275952577231991417659950880773898240,147771399740755166514456544072521944407065472594621665145888775251631568865387732182143617056886037098304982305588243720875464902287781939956787381/246974729557323294469094758804055866832649403743967868840734688093898773653753403577975324508311924473550800382217834747096034887261901383123599360
B3_nominal_schedule,False,random_50pct_relative_shortlist_ndcg,3,verified-v3-muon-1e-3,1,resolved,0.5818585714285714,1686093719127831912905194396210082574110722012029574763663351321068376577491827057/2908992823849700960312322884100640469661480497912084216383701677503838692615127040,1489491572235074600650274112022328451298581199287943017533337737804697647705683636618716271161970011219537358991176522967722464956677872552794305637142051438184537974331577882292017/2569825664307135569062732300739725740954483064691127916794887540583644962214252584854232301133803443054656415510653142094054361216592499387168236687978624187541167786762270010245120
B3_nominal_schedule,False,random_50pct_relative_shortlist_ndcg,3,verified-v3-muon-1e-3,2,resolved,0.5876692857142858,1127480113484594577038154043328637970458759388859998246926418515260043372030629193/1939328549233133973541548589400426979774320331941389477589134451669225795076751360,2987609690861400175867911910713920793278237542552255654394465742100346192075090029270842968578956015724293432971556847474190088231124004557338188942307837856611851111698704983234219/5139651328614271138125464601479451481908966129382255833589775081167289924428505169708464602267606886109312831021306284188108722433184998774336473375957248375082335573524540020490240
B3_nominal_schedule,False,random_50pct_relative_shortlist_ndcg,3,verified-v3-muon-1e-3,3,resolved,0.5850171428571428,1130899232135871359435742736411793144513533279744288172801851506416098100848054623/1939328549233133973541548589400426979774320331941389477589134451669225795076751360,8988602378979645309099260468334682189542467154196671267087074314290404048343692607505959919519044757310913091303350167395648194187436885410375803960245353127107543295293835689628407/15418953985842813414376393804438354445726898388146767500769325243501869773285515509125393806802820658327938493063918852564326167299554996323009420127871745125247006720573620061470720
B3_nominal_schedule,False,random_50pct_relative_shortlist_ndcg,3,verified-v3-muon-1e-3,4,resolved,0.5885692857142857,3403877903322234613572758626174342914212149662098722623043073660713836790650285809/5817985647699401920624645768201280939322960995824168432767403355007677385230254080,429638265089640918623014593116175974903806806801194247220081004209078405925984848968941341231541454548843533898846321626766183874365367095190186526611976430851852350157941715147687/734235904087753019732209228782778783129852304197465119084253583023898560632643595672637800323943840872758975860186612026872674633312142682048067625136749767868905081932077145784320
B3_nominal_schedule,False,random_50pct_relative_shortlist_ndcg,3,verified-v3-muon-1e-3,5,resolved,0.5919135714285714,3424225054962530269746547260185860294368856982943611969893262235791018918740655629/5817985647699401920624645768201280939322960995824168432767403355007677385230254080,9072769707556857381125166768027048982776370012650759884434481382965930738326935518381136931557076942578138479971884401386360390754908767838018520636213720334331681247517229129459687/15418953985842813414376393804438354445726898388146767500769325243501869773285515509125393806802820658327938493063918852564326167299554996323009420127871745125247006720573620061470720
B3_nominal_schedule,False,random_50pct_relative_shortlist_ndcg,3,verified-v3-normuon-1e-3,1,resolved,0.5852614285714285,152539681189601456900766059819190369032086596234467088265261915590959737479582257/264453893077245541846574807645512769969225499810189474216700152500348972055920640,1482033151277046712665856266761422734391252801809373664714175029679975658704756658511964842630951684296221147614080269408615654578575588822894194972280264851739792901517536322471919/2569825664307135569062732300739725740954483064691127916794887540583644962214252584854232301133803443054656415510653142094054361216592499387168236687978624187541167786762270010245120
B3_nominal_schedule,False,random_50pct_relative_shortlist_ndcg,3,verified-v3-normuon-1e-3,2,resolved,0.5920957142857143,307637221866116884228549479702705901044940426398869137474819192858670552336287079/528907786154491083693149615291025539938450999620378948433400305000697944111841280,8967723613487491981123472642481184241071692726733651284668702155223068735976265354440101463891821535206765077087281987799195489184164138238339915622053047681573110723880986531999339/15418953985842813414376393804438354445726898388146767500769325243501869773285515509125393806802820658327938493063918852564326167299554996323009420127871745125247006720573620061470720
B3_nominal_schedule,False,random_50pct_relative_shortlist_ndcg,3,verified-v3-normuon-1e-3,3,resolved,0.5850342857142856,102976063393189975121666585840487207270956575331852340103734220334981627451796923/176302595384830361231049871763675179979483666540126316144466768333565981370613760,9004568170577947039117757540450245566308947175382077411380670096986869562093733682323246592242220909661378076497145213723796027317939328215017570650288274458612198434199407334475789/15418953985842813414376393804438354445726898388146767500769325243501869773285515509125393806802820658327938493063918852564326167299554996323009420127871745125247006720573620061470720
B3_nominal_schedule,False,random_50pct_relative_shortlist_ndcg,3,verified-v3-normuon-1e-3,4,resolved,0.5896921428571428,310036800612677028743168527011196667517730722475759731604288702650967795895490709/528907786154491083693149615291025539938450999620378948433400305000697944111841280,430383383576749984102504562958269471325098369925531118149492666209718917479823165383555122054948685737614620227869497074700079891919586431861537019204214088853624526208630508768909/734235904087753019732209228782778783129852304197465119084253583023898560632643595672637800323943840872758975860186612026872674633312142682048067625136749767868905081932077145784320
B3_nominal_schedule,False,random_50pct_relative_shortlist_ndcg,3,verified-v3-normuon-1e-3,5,resolved,0.5914471428571428,311899560283674357024537032393066159982518263175411136859034874298028386641866609/528907786154491083693149615291025539938450999620378948433400305000697944111841280,9092872315887681436345983502083516308979149067124431258353168583875665641079662519853607128312144521021010680343273603101579085052334380264500776804005598835304192343776090634623069/15418953985842813414376393804438354445726898388146767500769325243501869773285515509125393806802820658327938493063918852564326167299554996323009420127871745125247006720573620061470720
B3_nominal_schedule,False,random_50pct_relative_shortlist_ndcg,4,verified-v3-adamw-3e-5,1,resolved,0.5857735714285714,717572401083193294520614400890996743805433501328419834895735487581561181819806767/1252982503822918730312489899151692061623920927738225976727392703389545955149742080,3011862451743516013267174372323064816801050223532431840297841320015271021724674309778135736054884119694958068986724569571314459531354400990181189/5272164536010810615178693166646197705687964367043222955688129929263352785042775522176235165542286578318380020431185521712684492865854211107061760
B3_nominal_schedule,False,random_50pct_relative_shortlist_ndcg,4,verified-v3-adamw-3e-5,2,resolved,0.5897585714285715,1410701840219939021827391729130558299241316477429904657246687502085849772616595699/2505965007645837460624979798303384123247841855476451953454785406779091910299484160,5928655996002699968448000326417726654488030270218935862761340052631903013844752923502205216905528825765877955881850620683907626162500737965677153/10544329072021621230357386333292395411375928734086445911376259858526705570085551044352470331084573156636760040862371043425368985731708422214123520
B3_nominal_schedule,False,random_50pct_relative_shortlist_ndcg,4,verified-v3-adamw-3e-5,3,resolved,0.5879642857142857,1390511043032160177988531882019035762231659533207576155900009359914041309310753629/2505965007645837460624979798303384123247841855476451953454785406779091910299484160,5844759408942313380148983873409682296461986942844032875233931033507788298642564190118465766990959362676791190285732346782631447270816533602632463/10544329072021621230357386333292395411375928734086445911376259858526705570085551044352470331084573156636760040862371043425368985731708422214123520
B3_nominal_schedule,False,random_50pct_relative_shortlist_ndcg,4,verified-v3-adamw-3e-5,4,resolved,0.58876,1373163072786668318424839453620068545679268136368604023357470582960765721261543669/2505965007645837460624979798303384123247841855476451953454785406779091910299484160,5779568497829474358135682271585244884355949664386701243079373172283643227765592513384246297520747521570973205320713021103634960488376192547609303/10544329072021621230357386333292395411375928734086445911376259858526705570085551044352470331084573156636760040862371043425368985731708422214123520
B3_nominal_schedule,False,random_50pct_relative_shortlist_ndcg,4,verified-v3-adamw-3e-5,5,resolved,0.5892628571428571,1367824175716965975866887524313576700582564723344363790584852775385139876773872869/2505965007645837460624979798303384123247841855476451953454785406779091910299484160,5758839062301447423858759787477378294606966737504161185280859345373730737278503805613751781140229506538003839930105840223492649460378628777803543/10544329072021621230357386333292395411375928734086445911376259858526705570085551044352470331084573156636760040862371043425368985731708422214123520
B3_nominal_schedule,False,random_50pct_relative_shortlist_ndcg,4,verified-v3-muon-3e-3,1,resolved,0.5424921428571429,58032182210885740712163787191691558432826966038844241185484199965653889829445709/104415208651909894726804897767283249907317841815606528270870911264461773487472640,225009552460169249463434283147852376086997263894295959536618450023720588352826809157953552917652424471863041199768751466942337804525388898380190454315370209740879236643680331071/404156287359162657305130443504160362987014108838699965554866581381510822099656755062641523331603581456949909385168584283205938033753079465677463766551230930011483700512067420160
B3_nominal_schedule,False,random_50pct_relative_shortlist_ndcg,4,verified-v3-muon-3e-3,2,resolved,0.5378814285714285,352311258078013768941174487534248092466007522087123617944420857963157126763426689/626491251911459368360829386603699499443907050893639169625225467586770640924835840,1367691237777079387398845052726107840079148555141253821206477693352093506222190350633158522986348246852278100763755232178804302527847902040742891509580043245165324388707415782491/2424937724154975943830782661024962177922084653032199793329199488289064932597940530375849139989621488741699456311011505699235628202518476794064782599307385580068902203072404520960
B3_nominal_schedule,False,random_50pct_relative_shortlist_ndcg,4,verified-v3-muon-3e-3,3,resolved,0.5432642857142858,352337011005779042860088013478351501000050255930366562811408652958796435681222039/626491251911459368360829386603699499443907050893639169625225467586770640924835840,1367902442928479019324926105352515849579531247825124922822167912875832244035161499967362836899506802971028890018170094756546851919595413191946521870230562098922157545225442346861/2424937724154975943830782661024962177922084653032199793329199488289064932597940530375849139989621488741699456311011505699235628202518476794064782599307385580068902203072404520960
B3_nominal_schedule,False,random_50pct_relative_shortlist_ndcg,4,verified-v3-muon-3e-3,4,resolved,0.5483742857142857,353574602436558154372765740514285115489136637607277604137825664748010510114392419/626491251911459368360829386603699499443907050893639169625225467586770640924835840,1370653558518316409507197523633920213228432569033013060777678069537010293366792796659882371668551317573654319176170201382464712411905150092933964159170747155080372281431683506801/2424937724154975943830782661024962177922084653032199793329199488289064932597940530375849139989621488741699456311011505699235628202518476794064782599307385580068902203072404520960
B3_nominal_schedule,False,random_50pct_relative_shortlist_ndcg,4,verified-v3-muon-3e-3,5,resolved,0.5571792857142858,354745030986257496572892924665372004663059210649156818747769905094418455979286359/626491251911459368360829386603699499443907050893639169625225467586770640924835840,1377947990631470819615201526736858444564699262794182477865090058591813453544507163765948816738567064629825014676205182434585065887843185428400421838885943556348256671980936021421/2424937724154975943830782661024962177922084653032199793329199488289064932597940530375849139989621488741699456311011505699235628202518476794064782599307385580068902203072404520960
B3_nominal_schedule,False,random_50pct_relative_shortlist_ndcg,4,verified-v3-normuon-3e-3,1,resolved,0.5348342857142857,179942649504203141321948583582645340416898747192866401660021917118596934010952883/313245625955729684180414693301849749721953525446819584812612733793385320462417920,139777486012817674389306127152388665602406822704387528398310543014156132647582344814187355760122528075847137728316288881627374169911651602259284006549869381732021936694454010117/242493772415497594383078266102496217792208465303219979332919948828906493259794053037584913998962148874169945631101150569923562820251847679406478259930738558006890220307240452096
B3_nominal_schedule,False,random_50pct_relative_shortlist_ndcg,4,verified-v3-normuon-3e-3,2,resolved,0.5396864285714286,119783789933707083069216207902769727292490857922337909646584519511165069030873727/208830417303819789453609795534566499814635683631213056541741822528923546974945280,92973767718485540301101409329387025185589045454538919426758639269679194432483894566290330605204526923009708558581837658586682608874367077713366256178028970793324148769738542361/161662514943665062922052177401664145194805643535479986221946632552604328839862702025056609332641432582779963754067433713282375213501231786270985506620492372004593480204826968064
B3_nominal_schedule,False,random_50pct_relative_shortlist_ndcg,4,verified-v3-normuon-3e-3,3,resolved,0.5446657142857143,355521345197510259361135130313293813677316906853139615839476556135938857377234571/626491251911459368360829386603699499443907050893639169625225467586770640924835840,275469228064245646928199914356980323500049168748372042675326013159209649351064298592283461706901638911260294010472705549062158271525382312537003488845416589368477910348328796397/484987544830995188766156532204992435584416930606439958665839897657812986519588106075169827997924297748339891262202301139847125640503695358812956519861477116013780440614480904192
B3_nominal_schedule,False,random_50pct_relative_shortlist_ndcg,4,verified-v3-normuon-3e-3,4,resolved,0.5518028571428572,118204082179697188726820304550734354444478621949212432252993981230979514100478557/208830417303819789453609795534566499814635683631213056541741822528923546974945280,91626750289541997936549521066159078418797258420866365521093116936111462756289220274398645747941678737822226724622892142566270183214223523380239875812458920504372532509006166571/161662514943665062922052177401664145194805643535479986221946632552604328839862702025056609332641432582779963754067433713282375213501231786270985506620492372004593480204826968064
B3_nominal_schedule,False,random_50pct_relative_shortlist_ndcg,4,verified-v3-normuon-3e-3,5,resolved,0.5584957142857143,355218859944493154493219564081760317064943733799942445258865963069433892075872171/626491251911459368360829386603699499443907050893639169625225467586770640924835840,275237936194168244071842667043904009407504712399729148776201171228003984334225408262219512534387682920821293983986868451859731188131454597621903666399743693951641309607467812493/484987544830995188766156532204992435584416930606439958665839897657812986519588106075169827997924297748339891262202301139847125640503695358812956519861477116013780440614480904192
B3_nominal_schedule,True,margin_helpful_mass_share,1,verified-v3-adamw-1e-6,1,resolved,0.5425692857142858,19421885002758383996839020032254984069282431305222222473987935651244289587799557377631741828662968719032131523102624307530086089520403234769778275007/34931275822203448598316204916005742699697040594201444826620318159619222655627924074069860035171560710010948351290802431396911031540299724569318522880,4799183762396436834228805657030807938036692293210054575970811080151073064671612208435702982708188232263852274634739030077712250356245750271084410726656732319673416837959781156604391524421955820149690821529692201939/8617812787812476530251298173279449688855649796503976844061035807760623906066595149987390902047354462326476263584834899212786406007502663222876921536753329739018456867080977533974710320920672018085840490720300892160
B3_nominal_schedule,True,margin_helpful_mass_share,1,verified-v3-adamw-1e-6,2,resolved,0.55545,39513305986261704896152426689105652422584017397020504685064532041192771784991033496384037764489385981168127314176359234315090083700658550141959126629/69862551644406897196632409832011485399394081188402889653240636319238445311255848148139720070343121420021896702581604862793822063080599449138637045760,9772801411713277223919277853813611769087164166885136986871238760014671294604918452119358987865121644354454660452596948765285921167027143150379905840935056319271541728240336550977432002455956992791133368382542963713/17235625575624953060502596346558899377711299593007953688122071615521247812133190299974781804094708924652952527169669798425572812015005326445753843073506659478036913734161955067949420641841344036171680981440601784320
B3_nominal_schedule,True,margin_helpful_mass_share,1,verified-v3-adamw-1e-6,3,resolved,0.5608178571428571,39875093077875370260157183842202512352331589911219881170812494967849128434550495929476191374043705698895581974361970054912029874168318815193299947539/69862551644406897196632409832011485399394081188402889653240636319238445311255848148139720070343121420021896702581604862793822063080599449138637045760,1093452358393581577112596192016180804467149690993438741575111718569495411709453724455446394892134859313322056442601138028193009512182012721110348389039169884216496337001054749291067412655561887391688226154840672287/1915069508402772562278066260728766597523477732556439298680230179502360868014798922219420200454967658294772503018852199825063645779445036271750427008167406608670768192684661674216602293537927115130186775715622420480
B3_nominal_schedule,True,margin_helpful_mass_share,1,verified-v3-adamw-1e-6,4,resolved,0.5633707142857143,39997848558761453520152078259852046311141679468813182428308103117582971849167178660166183651200096571492591545934726852441573895831749735419613917819/69862551644406897196632409832011485399394081188402889653240636319238445311255848148139720070343121420021896702581604862793822063080599449138637045760,173318044824532968196160066246628114977662819099549077787425196727722118140653253134656867471379834985883306092690801516601015104932603766807634277667771268843258405710496759961124191970160644346406827211892375639/302379396063595667728115725378226304872128063035227257686352133605635926528652461403066347440258051309700921529292452603957417754649216253434277948658011569790121293581788685402621414769146386599503175112993013760
B3_nominal_schedule,True,margin_helpful_mass_share,1,verified-v3-adamw-1e-6,5,resolved,0.5649535714285714,40038353583658654478833760685587282078407064405162978581120176839118322280794536893167031112565665906204279612869323680880059631052817081127334798899/69862551644406897196632409832011485399394081188402889653240636319238445311255848148139720070343121420021896702581604862793822063080599449138637045760,3294271268566027144147809692782139643634062172175900401691107238549402990019772475746827833030385977002548217827736890632775987474997770730414800583170329047456096057388151753740499798772179873141142910289327244861/5745208525208317686834198782186299792570433197669317896040690538507082604044396766658260601364902974884317509056556599475190937338335108815251281024502219826012304578053985022649806880613781345390560327146867261440
B3_nominal_schedule,True,margin_helpful_mass_share,1,verified-v3-muon-1e-4,1,resolved,0.5822957142857142,6750391101546029478483943368219652979024022020033284503243221302465691155933117311780633076146641003684914250835209587342412362719854464368145015681/11643758607401149532772068305335247566565680198067148275540106053206407551875974691356620011723853570003649450430267477132303677180099908189772840960,10287136798048524055368674203701871930936338344131129768215956760051473578187420663274317765737525649206369751136421151601217132951422597500746519287065340513231647431938392336177702916255759706475342358044798693/17732125077803449650722835747488579606698867894041104617409538699095933963099990020550187041249700539766412064989372220602441164624491076590281731557105616746951557339672793279783354569795621436390618293663170560
B3_nominal_schedule,True,margin_helpful_mass_share,1,verified-v3-muon-1e-4,2,resolved,0.5879385714285714,13629111896027383995311892486952241501100278786540968090836090521029064077596259141121774321425176893872833064565456795224152628803255822205055254207/23287517214802299065544136610670495133131360396134296551080212106412815103751949382713240023447707140007298900860534954264607354360199816379545681920,1683118161498029783471584982091946534536650490000306235861234158069797581207415356933609707908820000356024939491810594045680064912599613033353140122856312519778548014749156587498787761896104438426401244057797273851/2872604262604158843417099391093149896285216598834658948020345269253541302022198383329130300682451487442158754528278299737595468669167554407625640512251109913006152289026992511324903440306890672695280163573433630720
B3_nominal_schedule,True,margin_helpful_mass_share,1,verified-v3-muon-1e-4,3,resolved,0.58963,40730223905532071748599368823754571285726175079885227109465923203531129109143613464663432047839880067726594457511660966133039970011352395386449869691/69862551644406897196632409832011485399394081188402889653240636319238445311255848148139720070343121420021896702581604862793822063080599449138637045760,5031155881850320827918185983202211690424375969306367586666221692438441691143235668247242157970482428314694331947154925624136212923225390430633869919732706490580989208737977917502726026096027408594051131953316784103/8617812787812476530251298173279449688855649796503976844061035807760623906066595149987390902047354462326476263584834899212786406007502663222876921536753329739018456867080977533974710320920672018085840490720300892160
B3_nominal_schedule,True,margin_helpful_mass_share,1,verified-v3-muon-1e-4,4,resolved,0.5903421428571428,13566369040693459570553221581364716342251589044864599195942381215964629015305000218546816785184098663978035977355301608101772581581775353245809936557/23287517214802299065544136610670495133131360396134296551080212106412815103751949382713240023447707140007298900860534954264607354360199816379545681920,5022388259626385886862211930834329585040014058796154557292362368690336711179530997653645054199767940507721004663008762040637991742714110863258087612323582859590888315236095762555931105480260757314277382640364662243/8617812787812476530251298173279449688855649796503976844061035807760623906066595149987390902047354462326476263584834899212786406007502663222876921536753329739018456867080977533974710320920672018085840490720300892160
B3_nominal_schedule,True,margin_helpful_mass_share,1,verified-v3-muon-1e-4,5,resolved,0.5910157142857143,40894132445198820938567280310962736434427060963456935533328112576430453130455669663548966557731043147998141767843199716785794168291400008513984642731/69862551644406897196632409832011485399394081188402889653240636319238445311255848148139720070343121420021896702581604862793822063080599449138637045760,5048465098855094851452599696447593268453894108572496469242726124396300189398408532181350134700149837312752708119742069088566687968022589104977641658454975621193525703416790158468217718691197565927709538428496251223/8617812787812476530251298173279449688855649796503976844061035807760623906066595149987390902047354462326476263584834899212786406007502663222876921536753329739018456867080977533974710320920672018085840490720300892160
B3_nominal_schedule,True,margin_helpful_mass_share,1,verified-v3-normuon-1e-4,1,resolved,0.5801178571428572,8069448764902162861597139636933239188022108731670001773512074364957297671365789022266807374322844071518106756748450945153239930714192711781766893011/13972510328881379439326481966402297079878816237680577930648127263847689062251169629627944014068624284004379340516320972558764412616119889827727409152,3322054385468901893423268536696917904761342254983998448640958739712234297559970118961680644202774062337746603006315212376519867401379194508527934546954877988769109901701259996371889755839949085309760791416352305113/5745208525208317686834198782186299792570433197669317896040690538507082604044396766658260601364902974884317509056556599475190937338335108815251281024502219826012304578053985022649806880613781345390560327146867261440
B3_nominal_schedule,True,margin_helpful_mass_share,1,verified-v3-normuon-1e-4,2,resolved,0.5869142857142856,5440568858699788309958263933912376909618361831242598266632556373241577558772135086249347338633630547363771081227744531245988976487285061760030819631/9315006885920919626217654644268198053252544158453718620432084842565126041500779753085296009379082856002919560344213981705842941744079926551818272768,2239047534473435927929545386501959344865885926134529981185640003353614243195714559233465923311071246864616976826247149532274624844761649128033692437145708276368138315571073810516072421105005571658488021898007003757/3830139016805545124556132521457533195046955465112878597360460359004721736029597844438840400909935316589545006037704399650127291558890072543500854016334813217341536385369323348433204587075854230260373551431244840960
B3_nominal_schedule,True,margin_helpful_mass_share,1,verified-v3-normuon-1e-4,3,resolved,0.5895821428571428,48566083838528575116777235692955867395111816755711655311613550846798926745977325050219945859216706926816543814432815680838567041347277024718632038273/83835061973288276635958891798413782479272897426083467583888763583086134373507017777767664084411745704026276043097925835352586475696719338966364454912,19995152703438351375051732699155227697532784917153013527582021538148391607411102652354835384833077371807539096017304600336901278460221255315734880603418966276300857856130692827191556167724162593004554766000683618723/34471251151249906121005192693117798755422599186015907376244143231042495624266380599949563608189417849305905054339339596851145624030010652891507686147013318956073827468323910135898841283682688072343361962881203568640
B3_nominal_schedule,True,margin_helpful_mass_share,1,verified-v3-normuon-1e-4,4,resolved,0.5898942857142858,48514737441384084434627758397182647303120363348882399488475884192171947303188257110065583585685284661222031781583623987678361448054763737976575542501/83835061973288276635958891798413782479272897426083467583888763583086134373507017777767664084411745704026276043097925835352586475696719338966364454912,19957137956747865576113291737506233696728621750723583964637254957974872479499388140508477664018381109486552296947213962862391370193053894107410035800973892245747106411333991372619024508090961560870889234323068906063/34471251151249906121005192693117798755422599186015907376244143231042495624266380599949563608189417849305905054339339596851145624030010652891507686147013318956073827468323910135898841283682688072343361962881203568640
B3_nominal_schedule,True,margin_helpful_mass_share,1,verified-v3-normuon-1e-4,5,resolved,0.5909735714285714,2116179621953509060061314301865456341756369865513338563302071865954766276727618958504243811657727876763187172920004290111811729111643939301635822871/3645002694490794636346038773844077499098821627221020329734294068829831929282913816424681047148336769740272871439040253710982020682466058215928889344,20013657306448790793127404285167500883596132644170307129301481443219153475675047923506626908124009913054139177353298301879389919909916776543515710919166457411106661178192996123229222439200386418248483597888513146963/34471251151249906121005192693117798755422599186015907376244143231042495624266380599949563608189417849305905054339339596851145624030010652891507686147013318956073827468323910135898841283682688072343361962881203568640
B3_nominal_schedule,True,margin_helpful_mass_share,2,verified-v3-adamw-3e-6,1,resolved,0.5644085714285715,23551016195454025660838125258386131804292633069021346363985619297387925240337993965459088837938754405497569659670216076149342957209045016593752358896697/41911456193351312347076812382715058562394876584025778078207006775210500047973622134465351286518741358728127314969760555803011699726269345607473189355520,1064346793518476847253120954946587136640046522343487180876720038807963348181268192552920966494119705394106070963861480725600058628598245905974920781240079632556670072107931438298735253919111385953428368988468181057509/1892453442143900343648581922857437711821982001170027182702296090520489697817883517931212783275987451016220827506552208521275754446280740706760686631890219086988949520103347773479320872544090430527520466174069692170240
B3_nominal_schedule,True,margin_helpful_mass_share,2,verified-v3-adamw-3e-6,2,resolved,0.5754778571428572,35923926300557527056570760397091413095536930053545052146710787640583636136206763974604803285814955593786723659038153535512280809293378540523788699800293/62867184290026968520615218574072587843592314876038667117310510162815750071960433201698026929778112038092190972454640833704517549589404018411209784033280,271013935996578472236852842914746909008154473069410299076655138912538438700553784711655854264003352705911186016189131318228367266579973190675192614980088523538348582272794263800854599530543934545322567585449798556211/473113360535975085912145480714359427955495500292506795675574022630122424454470879482803195818996862754055206876638052130318938611570185176690171657972554771747237380025836943369830218136022607631880116543517423042560
B3_nominal_schedule,True,margin_helpful_mass_share,2,verified-v3-adamw-3e-6,3,resolved,0.5815735714285715,476478669505383945290239129725599041735399727135702805447916442233274279621635643766374892682590054132512880193909061525386521240994696212107999183683/827199793289828533165989718079902471626214669421561409438296186352838816736321489496026670128659368922265670690192642548743651968281631821200128737280,28720584125923296021777995112527411464639186049394457731448006994357080765123222101648964986006657352200504214971147719717105489318590568421447049299204598681310857862762003056703514586794850400222080652132217059383/49801406372207903780225840075195729258473210557105978492165686592644465732049566261347704823052301342532127039646110750559888274902124755441070700839216291762867092634298625617876865066949748171776854373001834004480
B3_nominal_schedule,True,margin_helpful_mass_share,2,verified-v3-adamw-3e-6,4,resolved,0.5840192857142857,2269612882427221135159795398738425818572485205956683225756303560640509050175396876354866748077529105967630980977232696117098233878452641419516420836573/3929199018126685532538451160879536740224519679752416694831906885175984379497527075106126683111132002380761935778415052106532346849337751150700611502080,546603067636846438527231212503347812144215115857163441113457406598947513728219886188128980481444330898508985846607592584658250137148391498227561951812430299897240531605629631891819013637043257578939353449199236916017/946226721071950171824290961428718855910991000585013591351148045260244848908941758965606391637993725508110413753276104260637877223140370353380343315945109543494474760051673886739660436272045215263760233087034846085120
B3_nominal_schedule,True,margin_helpful_mass_share,2,verified-v3-adamw-3e-6,5,resolved,0.5834164285714286,18196230444987907327536763448929875308604434032853970846516760600297743114435397854062386620105293546566945423321808037332226747606298505745291504686219/31433592145013484260307609287036293921796157438019333558655255081407875035980216600849013464889056019046095486227320416852258774794702009205604892016640,182479560093116663326431598505695335502786372309167921936067958095002941634066002330925843332382122694017521111529008904883061655824637160590812362610457532375436349104098549857345014157297511755347971020043253467329/315408907023983390608096987142906285303663666861671197117049348420081616302980586321868797212664575169370137917758701420212625741046790117793447771981703181164824920017224628913220145424015071754586744362344948695040
B3_nominal_schedule,True,margin_helpful_mass_share,2,verified-v3-muon-3e-4,1,resolved,0.5881207142857142,9565113021018369696087831385664569025815408298994481613707513407080640690973640284429112985303132520732094978672672058410870917069692730280890494365114738190916671985741270508751210161/16265626887704750014157607973942052417747916727268883526544235535416918729572258650806067210508639340319051170187594812297359983198495100641301741398476288120336102634946292812768870400,30925162992782202783627573514108076421204246236072004103407403333181471494195542555814677643935725345262089640376607446310875958490115788909436200178958887691311071790424889189838299623940183302069386077725730862753/52568151170663898656302673252758659288899544112233942105164037226508569808291003057531492743614236912686607718232032693527361969822860622392543548709225543987272041606441999705175155206503473171067004962197628518400
B3_nominal_schedule,True,margin_helpful_mass_share,2,verified-v3-muon-3e-4,2,resolved,0.5927621428571428,19314620139253157232219340231951521294529790148949020167593259702217052509307285153440047352720926564645721742468198129302567368372873630250615985317811992032781553702026658266984828247/32531253775409500028315215947884104835495833454537767053088471070833837459144517301612134421017278680638102340375189624594719966396990201282603482796952576240672205269892585625537740800,187269769993625494883187181489008332406495698878540629714243392152245073398940176934894448117548606839609574561841573678998097648204881189525039260101668802824593348715316283071316267845943604185910745922528238386893/315408907023983391937816039516551955733397264673403652630984223359051418849746018345188956461685421476119646309392196161164171818937163734355261292255353263923632249638651998231050931239020839026402029773185771110400
B3_nominal_schedule,True,margin_helpful_mass_share,2,verified-v3-muon-3e-4,3,resolved,0.5912535714285714,19311598556553818814722292655021318169310814726168395257821492424057879908454193533121205547195820707785279943214644531122647426003729273767100194589476951847277296575056850705989740697/32531253775409500028315215947884104835495833454537767053088471070833837459144517301612134421017278680638102340375189624594719966396990201282603482796952576240672205269892585625537740800,187413694012328703779560093916909113854556301207827976133169713868570644677556766728279337607884924159501866058515797171471783307645723472853993763102429925296867965494577031838329262913512992035735884955877670154543/315408907023983391937816039516551955733397264673403652630984223359051418849746018345188956461685421476119646309392196161164171818937163734355261292255353263923632249638651998231050931239020839026402029773185771110400
B3_nominal_schedule,True,margin_helpful_mass_share,2,verified-v3-muon-3e-4,4,resolved,0.591362142857143,19337931442120119480500455902004109248393920184091297670944697935873865502995978445738846485920435806581442183240592237153713481792534557388392382334986466804480473273004067057844851397/32531253775409500028315215947884104835495833454537767053088471070833837459144517301612134421017278680638102340375189624594719966396990201282603482796952576240672205269892585625537740800,187595349486166382167001434225802523502152850379939785342487580463865845405191888380804372674786459907697496417222304465432387954013176028316305345500379835613190923839290984478889883705983137488318235391808082754543/315408907023983391937816039516551955733397264673403652630984223359051418849746018345188956461685421476119646309392196161164171818937163734355261292255353263923632249638651998231050931239020839026402029773185771110400
B3_nominal_schedule,True,margin_helpful_mass_share,2,verified-v3-muon-3e-4,5,resolved,0.5924307142857143,19439431067954361330368759632233342135526759240657184970354165554629531322791356704171368322460563099174056537500969853338310291390354724138171402122472385137514169584686869290385447297/32531253775409500028315215947884104835495833454537767053088471070833837459144517301612134421017278680638102340375189624594719966396990201282603482796952576240672205269892585625537740800,62883124255606346027287095550692473943590868090969918314579270372174038963934413570242087110085209457914195586563010598289220481101164253591047663440209036545943454365930382758953359299676784097626378512769830049481/105136302341327797312605346505517318577799088224467884210328074453017139616582006115062985487228473825373215436464065387054723939645721244785087097418451087974544083212883999410350310413006946342134009924395257036800
B3_nominal_schedule,True,margin_helpful_mass_share,2,verified-v3-normuon-3e-4,1,resolved,0.5875385714285715,3828881747877564498686850226416450275546723249389638028928598141107606819223442793770069801306304126992235145072630008635553942482471690840457892709326198541907644924711646599856202307/6506250755081900005663043189576820967099166690907553410617694214166767491828903460322426884203455736127620468075037924918943993279398040256520696559390515248134441053978517125107548160,28548908696133597237808059512521454325316979773359742106488822130598888109065468032538192110995719147272785099939319640664516007346081199897879526129644366130654584974238266627126341137783921933631058496245571439923/48524447234458983375048621464084916266676502257446715789382188209084833669191695130029070224874680227095330201444953255563718741374948266823886352654669732911328038405946461266315527882926282927138773811259349401600
B3_nominal_schedule,True,margin_helpful_mass_share,2,verified-v3-normuon-3e-4,2,resolved,0.5912428571428572,2587619176566203895423884840406327231396402747875661710209587145244742698852749879495995199808951289282051522433930042890714997110210592110834821647799422576553467011785031628809704263/4337500503387933337108695459717880644732777793938368940411796142777844994552602306881617922802303824085080312050025283279295995519598693504347131039593676832089627369319011416738365440,57969085324700999166738270485014471186032597090157479682012269713723061779867386025257337063056518790734973220225122808428341264330991234076279126659694103780517051502466140753695747700021649808655654941222590638021/97048894468917966750097242928169832533353004514893431578764376418169667338383390260058140449749360454190660402889906511127437482749896533647772705309339465822656076811892922532631055765852565854277547622518698803200
B3_nominal_schedule,True,margin_helpful_mass_share,2,verified-v3-normuon-3e-4,3,resolved,0.5915221428571428,7731679019659925639265940376818773023846490643075334043644216808059181184503072412463450979671830376715134163815445213740523923119779864441796741670420181829054966473666445012629386899/13012501510163800011326086379153641934198333381815106821235388428333534983657806920644853768406911472255240936150075849837887986558796080513041393118781030496268882107957034250215096320,57724957774970843051298072524091921904413583661264910350623458439387203309446138428670344834757006063068910818832268346401557091086783671961708218246989402116663180601116858871267181035783342793929667953717411993571/97048894468917966750097242928169832533353004514893431578764376418169667338383390260058140449749360454190660402889906511127437482749896533647772705309339465822656076811892922532631055765852565854277547622518698803200
B3_nominal_schedule,True,margin_helpful_mass_share,2,verified-v3-normuon-3e-4,4,resolved,0.5907228571428572,2581989288126880036118308127403563477466368297166520116956523446096121360327492807968052940849254307744367565815976114919292237974658011298727283631101685299994912947194623717708453573/4337500503387933337108695459717880644732777793938368940411796142777844994552602306881617922802303824085080312050025283279295995519598693504347131039593676832089627369319011416738365440,19287619378859265459327983675796083228861184445845337045360012858709149827101880288187471809343687726950730609060671959835898608372924907891400136759947658054856158201356852467731653780766274836725698342335747591157/32349631489639322250032414309389944177784334838297810526254792139389889112794463420019380149916453484730220134296635503709145827583298844549257568436446488607552025603964307510877018588617521951425849207506232934400
B3_nominal_schedule,True,margin_helpful_mass_share,2,verified-v3-normuon-3e-4,5,resolved,0.5936371428571429,2589879704576311424716002813311429583838419571380575234835129569127384228648749090613229100064229415860676727599367029298883777179276884515863343960091264214287332142996071818921451153/4337500503387933337108695459717880644732777793938368940411796142777844994552602306881617922802303824085080312050025283279295995519598693504347131039593676832089627369319011416738365440,57878348991625051921703341133283131189802393190334660019027415132170202906918932079624504310169836266496218992160332238078609593255049667477960203185222675784094990661635083780800364697585725543597542634829193256771/97048894468917966750097242928169832533353004514893431578764376418169667338383390260058140449749360454190660402889906511127437482749896533647772705309339465822656076811892922532631055765852565854277547622518698803200
B3_nominal_schedule,True,margin_helpful_mass_share,3,verified-v3-adamw-1e-5,1,resolved,0.5820728571428572,171472367020190775411631671164637910752689431740626806492180513391818393291655391423022333057016867470124431606308820616782919510844060840185931041739487/294326248637519758923509091917942803280351032623558495483789482834628090654015276099616057315925258135945931021428881443108281297420471340513366701506560,26046732154908124119473748457643746649899370121184327122922101735143611677724734326717426810585544129672309738859779993450947186758619188000518270699853710831641668632703160159599115200460442785720618230777331233535/44714381499784281941799393511408553775531849404034859075527695250236174265517217311770867821823878069469618138196205814594059370969962096651912806881033261495844182579226745244055319272062858155168158298151780876288
B3_nominal_schedule,True,margin_helpful_mass_share,3,verified-v3-adamw-1e-5,2,resolved,0.585075,19368578680546882801953853764813765712274083649184700608119504744997759464877503621376767567479788113088457807006876340466519068815931195814273049625073/32702916515279973213723232435326978142261225847062055053754386981625343406001697344401784146213917570660659002380986827012031255268941260057040744611840,8825132077289537043855563039599783252095432269819950353686470908949165624035305912754070138586649684433305483029027027506656434107613177142129371865938318779939976101077332750076505689231631733016654027552805600687/14904793833261427313933131170469517925177283134678286358509231750078724755172405770590289273941292689823206046065401938198019790323320698883970935627011087165281394193075581748018439757354286051722719432717260292096
B3_nominal_schedule,True,margin_helpful_mass_share,3,verified-v3-adamw-1e-5,3,resolved,0.5896428571428572,175331961887051141207529012393197923006649675200273343528686342061322942894945025011407224293369716146894953716021887782330157061573758902457191341532637/294326248637519758923509091917942803280351032623558495483789482834628090654015276099616057315925258135945931021428881443108281297420471340513366701506560,8875527244470162012287016747161757690409298780467916044893103847151625408103550867492841170358696481986481547211493535894725159750301486513612284775567661284722375712592320206744906148029161783978884190626424875483/14904793833261427313933131170469517925177283134678286358509231750078724755172405770590289273941292689823206046065401938198019790323320698883970935627011087165281394193075581748018439757354286051722719432717260292096
B3_nominal_schedule,True,margin_helpful_mass_share,3,verified-v3-adamw-1e-5,4,resolved,0.587965,175937883240256332357192254595041001752111321337603018112460077939783739281594379376458059603442576540131861025660010101723802281477243930750837408017597/294326248637519758923509091917942803280351032623558495483789482834628090654015276099616057315925258135945931021428881443108281297420471340513366701506560,26723363953501799778028149790696863141257789604530208444907103149582637444180555323065543800523726413615292138310070464282275590168099583005930912034174109604491305035568241218464437399490010577050101383373253456689/44714381499784281941799393511408553775531849404034859075527695250236174265517217311770867821823878069469618138196205814594059370969962096651912806881033261495844182579226745244055319272062858155168158298151780876288
B3_nominal_schedule,True,margin_helpful_mass_share,3,verified-v3-adamw-1e-5,5,resolved,0.58863,58697996581922994904143031107866458650657871869226107357746988819669066032590729064165011017102842462727333615003433257847054520450313952809149067499279/98108749545839919641169697305980934426783677541186165161263160944876030218005092033205352438641752711981977007142960481036093765806823780171122233835520,26748569119872816708554355432780771813151398592390009271008476188702255326796776610594199447029295008656236212793314761655101364313158374716463121882300031493938645209130828665313032346180968069333909450848369849721/44714381499784281941799393511408553775531849404034859075527695250236174265517217311770867821823878069469618138196205814594059370969962096651912806881033261495844182579226745244055319272062858155168158298151780876288
B3_nominal_schedule,True,margin_helpful_mass_share,3,verified-v3-muon-1e-3,1,resolved,0.5818585714285714,332737215361432244855608714575744703534559713350423633871852492653399064171280686066978013768604959392039493916807270644748102079581862468150020964435573288912513010429732630464331655473/574224093278428269398701567539198064500003730027981466418744837683860854407988803313910447616816284456715500608294061009385915803895996416160683822640711579753429118326155369867546460160,728223760701722024617518491236985775692445458153498831306275559260618770526193733200235184186566128729853745129797354964237648403824041755661220143004376624218054736034017076415282545482885581925597032422857684166445/1256970946605047052838076828531491093610379322476251241149644161725683676085609859032782869377912345961685634802924273472091860373515413257671896747144494471463275171399724967066467178347799823339300216381417027796992
B3_nominal_schedule,True,margin_helpful_mass_share,3,verified-v3-muon-1e-3,2,resolved,0.5876692857142858,668108330305453564515554470216286754366670628778263721603797517830739851102562399164665321231735606060794559200974127083651369715624147866521724126375578071562988214151667047481597888731/1148448186556856538797403135078396129000007460055962932837489675367721708815977606627820895233632568913431001216588122018771831607791992832321367645281423159506858236652310739735092920320,1462461266694647479239672155717782728129046984106265375443403544618283866453271710324908828605273951967757586900624584958922159755810606583579309468640346573282964905339212137963525681163097581672504573959626851033075/2513941893210094105676153657062982187220758644952502482299288323451367352171219718065565738755824691923371269605848546944183720747030826515343793494288988942926550342799449934132934356695599646678600432762834055593984
B3_nominal_schedule,True,margin_helpful_mass_share,3,verified-v3-muon-1e-3,3,resolved,0.5850171428571428,74452202823303382266140203819307181902678530457673571808857668995670687402205084204290152605463682642419105984276950373214928719566824758242841000032890459880867887956354731154653324949/127605354061872948755267015008710681000000828895106992537498852818635745423997511847535655025959174323714555690732013557641314623087999203591263071697935906611873137405812304415010324480,1466827111245488588467076820454286752326470052918734444398010812506356089816690380042556929140685829584510757907023320067705852576080471585128032496296423812935370289584294715829647401443244934058825676927671323907717/2513941893210094105676153657062982187220758644952502482299288323451367352171219718065565738755824691923371269605848546944183720747030826515343793494288988942926550342799449934132934356695599646678600432762834055593984
B3_nominal_schedule,True,margin_helpful_mass_share,3,verified-v3-muon-1e-3,4,resolved,0.5885692857142857,672063006554110090050891406596918325719199220663680867228721562782921156672351758536984569943867617748738458785618092074843495496452973791141431871721684539754768144337385856071224806001/1148448186556856538797403135078396129000007460055962932837489675367721708815977606627820895233632568913431001216588122018771831607791992832321367645281423159506858236652310739735092920320,1470523964589687754758484351796572565524508850169541988657388651351267289255044732583167008978599606331239763960302457566583751879329712023247588447367088580367077509562889327449438630737373929668369730756372896979881/2513941893210094105676153657062982187220758644952502482299288323451367352171219718065565738755824691923371269605848546944183720747030826515343793494288988942926550342799449934132934356695599646678600432762834055593984
B3_nominal_schedule,True,margin_helpful_mass_share,3,verified-v3-muon-1e-3,5,resolved,0.5919135714285714,75105775032990722048799724149041116036058455649702467878374391193324746319211013523947230061616403115379032168810721060214450816081186534640534415014247322582094928787579625716160929509/127605354061872948755267015008710681000000828895106992537498852818635745423997511847535655025959174323714555690732013557641314623087999203591263071697935906611873137405812304415010324480,1479276058533295901490445126324433039203080375476216362953264842626387159980009907411135948159678735156204497739212363408560269709059217702799101333836196626894122578753413985601395979405330204707590855207220008874821/2513941893210094105676153657062982187220758644952502482299288323451367352171219718065565738755824691923371269605848546944183720747030826515343793494288988942926550342799449934132934356695599646678600432762834055593984
B3_nominal_schedule,True,margin_helpful_mass_share,3,verified-v3-normuon-1e-3,1,resolved,0.5852614285714285,10034705082499580110924093028897482008102249819105980560157084446806251114918154787820279567174804158409245320559220075027587464606275151699996080723585644409135273817157866544025633501/17400730099346311193900047501187820136363749394787317164204389020723056194181478888300316594448978316870166685099820030587451994057454436853354055231536714537982700555338041511137771520,16477907165681398343099652196831190002986501560189742908929708298901443164404058264757629876680481871727740980408812820297142238575434445603417383836743265765681639474997786369768777017840851841731683298084100924841/28567521513751069382683564284806615763872257329005710026128276402856447183763860432563247031316189680947400790975551669820269553943532119492543107889647601624165344804539203796965163144268177803165914008668568813568
B3_nominal_schedule,True,margin_helpful_mass_share,3,verified-v3-normuon-1e-3,2,resolved,0.5920957142857143,60767090581753130484565009728098315500909627977893601118782731617819655954615269102634527909931341789972752365815382809939095922224291792825318657086943311792779476950092782063048966241/104404380596077867163400285007126920818182496368723902985226334124338337165088873329801899566693869901221000110598920183524711964344726621120124331389220287227896203332028249066826629120,16620122838746744777186951986258683738593165589568153523316747251769275130260816513389682983538523519324888195184385355062752696088174593158889092985090942604728509308254703864169306406920556404331295142029233838545/28567521513751069382683564284806615763872257329005710026128276402856447183763860432563247031316189680947400790975551669820269553943532119492543107889647601624165344804539203796965163144268177803165914008668568813568
B3_nominal_schedule,True,margin_helpful_mass_share,3,verified-v3-normuon-1e-3,3,resolved,0.5850342857142856,61013787827791389782029996296002011862952384117838087128014136470441454071486046342187491954230486495524810817134917830351655631792851871494351064762978023451118108342475670882778322151/104404380596077867163400285007126920818182496368723902985226334124338337165088873329801899566693869901221000110598920183524711964344726621120124331389220287227896203332028249066826629120,16694681510244566906981859978630961621528899674760905933938600936072220624520798652331317630599873684914709218560852713143506684857562584463785183842076639461681617819481645542493989866481039210496401054382470785769/28567521513751069382683564284806615763872257329005710026128276402856447183763860432563247031316189680947400790975551669820269553943532119492543107889647601624165344804539203796965163144268177803165914008668568813568
B3_nominal_schedule,True,margin_helpful_mass_share,3,verified-v3-normuon-1e-3,4,resolved,0.5896921428571428,20403269221381943771020701127533501599834268672091031639753840933482248049912311056249298548223845416674001901230420182542776863619997992097496524413493822374960078344841109842523002337/34801460198692622387800095002375640272727498789574634328408778041446112388362957776600633188897956633740333370199640061174903988114908873706708110463073429075965401110676083022275543040,16743348455880091933310538794996700534053325068199121019377190967749029333677566988457367455953102233047261833836014236930107545872515419773444861969615170892073909626963736035605289030515472880007286641018347792993/28567521513751069382683564284806615763872257329005710026128276402856447183763860432563247031316189680947400790975551669820269553943532119492543107889647601624165344804539203796965163144268177803165914008668568813568
B3_nominal_schedule,True,margin_helpful_mass_share,3,verified-v3-normuon-1e-3,5,resolved,0.5914471428571428,20521826961745914506820470196379908111943446678166125208305765945188438212500974832360545349051919572499784181847376676998602712249235594827376920550914851108480309197286514952090701837/34801460198692622387800095002375640272727498789574634328408778041446112388362957776600633188897956633740333370199640061174903988114908873706708110463073429075965401110676083022275543040,16842441251574019505428846754180136655507795933607504177393640835650422322788365090181923577299525838281499494416032476465644895777508073488433805642189639508301449938665434963120800494837345894791328792474168562141/28567521513751069382683564284806615763872257329005710026128276402856447183763860432563247031316189680947400790975551669820269553943532119492543107889647601624165344804539203796965163144268177803165914008668568813568
B3_nominal_schedule,True,margin_helpful_mass_share,4,verified-v3-adamw-3e-5,1,resolved,0.5857735714285714,3745632834815614442303820402408309460354316759015189172360753412433227856844766487709148053191122542669018426656705028731820046218864922163990183899/6541383605258059545534563283829137568973718660449775016756283928741850452567763427831662298914124239047419604348460939822956235559552361841997905920,478090654302400371266192954184267302952183841894963238529562645804680959111622295447684861468010658833836356347991708056108952011721224474292511692489942073318708925080495618325004224299662745053705152024097181/840234855758738012610946331691484239057915089450808034488419493762577103094943845226962723658564033380289917266421941136335725132350849736290111436396332062255170146535688389073404507699800229557793958941163520
B3_nominal_schedule,True,margin_helpful_mass_share,4,verified-v3-adamw-3e-5,2,resolved,0.5897585714285715,1840436127217824374827863870808324544897354041617484990726553756968361896780196824207473901111246045285446113774197919674236451902439301848707399257/3270691802629029772767281641914568784486859330224887508378141964370925226283881713915831149457062119523709802174230469911478117779776180920998952960,60013737852871541379410782001010379193436722058148162516190262641083502008325654613846509514604090104527845359717146182130848333283527986637623369313290942177140509456257591701524326968455622478232032546820219733/107550061537118465614201130456509982599413131449703428414517695201609869196152812189051228628296196272677109410102008465450972816940908766245134263858730503968661778756568113801395776985574429383397626744468930560
B3_nominal_schedule,True,margin_helpful_mass_share,4,verified-v3-adamw-3e-5,3,resolved,0.5879642857142857,907271697966989429343411293363752026873304228319559845092150465286631264806218827479230981921023727352538603648042501340212824047479711284696546611/1635345901314514886383640820957284392243429665112443754189070982185462613141940856957915574728531059761854901087115234955739058889888090460499476480,59222147237740990675735138484174996016001648840569697140048253695111339037626738956934846679562739091448125520203747212313345962119753354539939960508659797140738394399514805703338572183188569567699902896209653703/107550061537118465614201130456509982599413131449703428414517695201609869196152812189051228628296196272677109410102008465450972816940908766245134263858730503968661778756568113801395776985574429383397626744468930560
B3_nominal_schedule,True,margin_helpful_mass_share,4,verified-v3-adamw-3e-5,4,resolved,0.58876,224053551523200478407922354229349169524752532466049374792237459220303158956713715455073661136373908077360942819445274581097366159362125498490221429/408836475328628721595910205239321098060857416278110938547267745546365653285485214239478893682132764940463725271778808738934764722472022615124869120,58335117562139925167552117991266540135561507981765421624114922150789340320733148834631912343478378862779135709155267069756709040249454283885498416422638491568355844569480093598770548869898208982748580688957403223/107550061537118465614201130456509982599413131449703428414517695201609869196152812189051228628296196272677109410102008465450972816940908766245134263858730503968661778756568113801395776985574429383397626744468930560
B3_nominal_schedule,True,margin_helpful_mass_share,4,verified-v3-adamw-3e-5,5,resolved,0.5892628571428571,111606495490645877360419104030248248843549538893140091146325069145811432132578219110484533214800266434261159623200475214018071990472453449776031397/204418237664314360797955102619660549030428708139055469273633872773182826642742607119739446841066382470231862635889404369467382361236011307562434560,58155095171714694964058414134286105661890155156540617653140258220931222879087443232196827113214041185537394984413081486296022171802727423204069613530490586930268006194631154713577810358455309687025409239226421583/107550061537118465614201130456509982599413131449703428414517695201609869196152812189051228628296196272677109410102008465450972816940908766245134263858730503968661778756568113801395776985574429383397626744468930560
B3_nominal_schedule,True,margin_helpful_mass_share,4,verified-v3-muon-3e-3,1,resolved,0.5424921428571429,363426459140692544589967453113597540797222199462782359725993034894152656283580412599956634042884929069523133949340620105721970110709646970567464860105080295630067532641744198007621/651888552082567619404879707943133729364231811691070727566653765745856889605757869775228467613648343614716397037734992023765109362070627312758088575462742904678004645192080174350336,2985357692438710919133978873848346631417450254428832869787473924451026817327663056716234923600968726114740888963142988816003999508350398073008640398981789651243434607680767027820638658929759952750778265161841415/5377503076855923450804921274794755775685251268293344238933137986788774633297363967000046559449919728155892848447844555728993440217746888092829894042765203275117891323372643890145956604761996447242261790424301568
B3_nominal_schedule,True,margin_helpful_mass_share,4,verified-v3-muon-3e-3,2,resolved,0.5378814285714285,2188066322111516421087744329806386855635003817255340201046571191877461908827424096357665823369825260529947645046602722998819667020340664322165628001605460063699045588781590133287953/3911331312495405716429278247658802376185390870146424365399922594475141337634547218651370805681890061688298382226409952142590656172423763876548531452776457428068027871152481046102016,5985533658401758491708488767592228074648193463004217737255921140459763481183486154198830248734645275651290459845225153048100550471875683014895514311924215429645866102700353346849211311149356084207262975654161385/10755006153711846901609842549589511551370502536586688477866275973577549266594727934000093118899839456311785696895689111457986880435493776185659788085530406550235782646745287780291913209523992894484523580848603136
B3_nominal_schedule,True,margin_helpful_mass_share,4,verified-v3-muon-3e-3,3,resolved,0.5432642857142858,2192306903183926513175705111541662977321989601129203237526595336273195769264013616970876172793344490598011098444396006393198219932720947926084866738713300596605878419963705427629175/3911331312495405716429278247658802376185390870146424365399922594475141337634547218651370805681890061688298382226409952142590656172423763876548531452776457428068027871152481046102016,1999008548105400267873912121772342269342288311008968064242249724172659964652770338122216372650058951480035550911445405160746990144637186206708250624304793205768782161669223927738020774804946750441472445751190885/3585002051237282300536614183196503850456834178862229492622091991192516422198242644666697706299946485437261898965229703819328960145164592061886596028510135516745260882248429260097304403174664298161507860282867712
B3_nominal_schedule,True,margin_helpful_mass_share,4,verified-v3-muon-3e-3,4,resolved,0.5483742857142857,2208350844429112754531267325271969124305618415303476614861830055808617388456805942783107007145186667901923145749675456903727801462286499942021882166599861325642238559806089323314355/3911331312495405716429278247658802376185390870146424365399922594475141337634547218651370805681890061688298382226409952142590656172423763876548531452776457428068027871152481046102016,6023131011153156535104676026053363937993925948641642375286747499109740416628901107013481396514904843044697327425921938982494176115483286975191317267732692813666951051944538328620050957581616635829050760037950891/10755006153711846901609842549589511551370502536586688477866275973577549266594727934000093118899839456311785696895689111457986880435493776185659788085530406550235782646745287780291913209523992894484523580848603136
B3_nominal_schedule,True,margin_helpful_mass_share,4,verified-v3-muon-3e-3,5,resolved,0.5571792857142858,2220069390174146637117196998213883606979955050904039332787286548881174255035383558921650278039428884526211787231673675259495459435960598176717457415726171280628765239288131171861991/3911331312495405716429278247658802376185390870146424365399922594475141337634547218651370805681890061688298382226409952142590656172423763876548531452776457428068027871152481046102016,6058280839406434855699568928836700118469004065651990109914177774714769415770019031894046294367346524232039731938477417803279331758227562877218599245384793715269266695250040520683361779937678567735673295157435327/10755006153711846901609842549589511551370502536586688477866275973577549266594727934000093118899839456311785696895689111457986880435493776185659788085530406550235782646745287780291913209523992894484523580848603136
B3_nominal_schedule,True,margin_helpful_mass_share,4,verified-v3-normuon-3e-3,1,resolved,0.5348342857142857,122461759939717830109921257063210109176068858177327810837330101309891036235607493317624384893211841959105783438003735896348123089328005849397904791782758003847145768025134834114413/212572353939967701979852078677108824792684286421001324206517532308431594436660174926704935091407068570016216425348366964271231313718682819377637578955242251525436297345243535114240,322811771465898437503503425529294066120739487756861777303269570565335355120519057009902610886657731963530899482828557457572138250027805818551363034511064170404975550035842618686010172122401552905548695135921319/560156570505825359458845966124453726633880340447223358222201873623830690968475413229171516609366638349572171713317141221770150022681967509669780629454708674491447012851317071890203812996041296587735603169198080
B3_nominal_schedule,True,margin_helpful_mass_share,4,verified-v3-normuon-3e-3,2,resolved,0.5396864285714286,80870513885460721886904150646204055958124762982843083896020360676718205059943060784222785026206335273319863877995947159897761354227690742984689969333380365111123755132426208072897/141714902626645134653234719118072549861789524280667549471011688205621062957773449951136623394271379046677477616898911309514154209145788546251758385970161501016957531563495690076160,1909644739344927250105518352010142304746190030723988970394843464977768613055774139460132096772432135444747277561897789231979953485481026074791760174922819076051680162624245662780130696131636944491855141860390339/3360939423034952156753075796746722359803282042683340149333211241742984145810852479375029099656199830097433030279902847330620900136091805058018683776728252046948682077107902431341222877976247779526413619015188480
B3_nominal_schedule,True,margin_helpful_mass_share,4,verified-v3-normuon-3e-3,3,resolved,0.5446657142857143,240466642558089564422835509319976070662159503446701866788974195598147013769612689824787153104376389652455437485492050791114740358803540628453295116107427590304156812094268786240141/425144707879935403959704157354217649585368572842002648413035064616863188873320349853409870182814137140032432850696733928542462627437365638755275157910484503050872594690487070228480,472751164143706973530613433562301325215122793375774284260044380392762069145443654079223844785447609129423922782457834643875732756676833603233744352707957896521161954240024288333420495965360714965052632980167571/840234855758738039188268949186680589950820510670835037333302810435746036452713119843757274914049957524358257569975711832655225034022951264504670944182063011737170519276975607835305719494061944881603404753797120
B3_nominal_schedule,True,margin_helpful_mass_share,4,verified-v3-normuon-3e-3,4,resolved,0.5518028571428572,80255756197863117766489971572361427222128789747536078140320200844129023459126661943938420577677620082415416256520861095646725627769692193841514230211480839085757552771489904504027/141714902626645134653234719118072549861789524280667549471011688205621062957773449951136623394271379046677477616898911309514154209145788546251758385970161501016957531563495690076160,945176366823489908796165793777748493572438025094768984675905256652185047070448963553873791222992688639184936541948147896024179646831784548910780127462500949891785330507566404050794887651367279430652604944166847/1680469711517476078376537898373361179901641021341670074666605620871492072905426239687514549828099915048716515139951423665310450068045902529009341888364126023474341038553951215670611438988123889763206809507594240
B3_nominal_schedule,True,margin_helpful_mass_share,4,verified-v3-normuon-3e-3,5,resolved,0.5584957142857143,241659109462418868445233807778482427110321370008487956956063161488040552322638978598515463666908668023942617616988395576286485471965710105899113455162421193830895864950049447380301/425144707879935403959704157354217649585368572842002648413035064616863188873320349853409870182814137140032432850696733928542462627437365638755275157910484503050872594690487070228480,52526200528213234691792017315849154681827687853931187617547437873235475332395911769481382092320038452231590597827669955947264765276567651176296968367356623592676079440003176512025636464313620045434252610308549/93359428417637559909807661020742287772313390074537226370366978937305115161412568871528586101561106391595361952219523536961691670446994584944963438242451445748574502141886178648367302166006882764622600528199680
B3_nominal_schedule,True,margin_helpful_attribution_participation_ratio,1,verified-v3-adamw-1e-6,1,resolved,0.5425692857142858,19421885002758383996839020032254984069282431305222222473987935651244289587799557377631741828662968719032131523102624307530086089520403234769778275007/34931275822203448598316204916005742699697040594201444826620318159619222655627924074069860035171560710010948351290802431396911031540299724569318522880,201803017643104066934846570694795419291936295237433899159497392927308628033696895702563859022354208052181304018572624678267781769753907276959551381794537483276799731871740727151215749754610209888663794865399077889/363485002442753176944788568444067641385181501198984729440928763872972675497703213067565178768815599373476024123389349270812726576263727417805180064676281109243413606001490313853650412968004974719996638438317096960
B3_nominal_schedule,True,margin_helpful_attribution_participation_ratio,1,verified-v3-adamw-1e-6,2,resolved,0.55545,39513305986261704896152426689105652422584017397020504685064532041192771784991033496384037764489385981168127314176359234315090083700658550141959126629/69862551644406897196632409832011485399394081188402889653240636319238445311255848148139720070343121420021896702581604862793822063080599449138637045760,1230885326916694867896904788966555293376807729411459904583754727559561639584291031195370335565865320605185205536536503475759969785098597102417613765233797394928907036948860069274175396205086778330784357903706438849/2180910014656519061668731410664405848311089007193908376645572583237836052986219278405391072612893596240856144740336095624876359457582364506831080388057686655460481636008941883121902477808029848319979830629902581760
B3_nominal_schedule,True,margin_helpful_attribution_participation_ratio,1,verified-v3-adamw-1e-6,3,resolved,0.5608178571428571,39875093077875370260157183842202512352331589911219881170812494967849128434550495929476191374043705698895581974361970054912029874168318815193299947539/69862551644406897196632409832011485399394081188402889653240636319238445311255848148139720070343121420021896702581604862793822063080599449138637045760,1244219097220240040454196466081579898162103298186506326944207768739916746351386367172990062319335748684988847098778826427616713421175634002902250270060215933984975488450536195719487840572963831544096004520259243159/2180910014656519061668731410664405848311089007193908376645572583237836052986219278405391072612893596240856144740336095624876359457582364506831080388057686655460481636008941883121902477808029848319979830629902581760
B3_nominal_schedule,True,margin_helpful_attribution_participation_ratio,1,verified-v3-adamw-1e-6,4,resolved,0.5633707142857143,39997848558761453520152078259852046311141679468813182428308103117582971849167178660166183651200096571492591545934726852441573895831749735419613917819/69862551644406897196632409832011485399394081188402889653240636319238445311255848148139720070343121420021896702581604862793822063080599449138637045760,1247431048269068995534808003410973863434965839132911251381796404629948662373808064643098317995177483152954769749487378215530795801983912541223112756431041761349587611862605369805780885950935450202552817982868035039/2180910014656519061668731410664405848311089007193908376645572583237836052986219278405391072612893596240856144740336095624876359457582364506831080388057686655460481636008941883121902477808029848319979830629902581760
B3_nominal_schedule,True,margin_helpful_attribution_participation_ratio,1,verified-v3-adamw-1e-6,5,resolved,0.5649535714285714,40038353583658654478833760685587282078407064405162978581120176839118322280794536893167031112565665906204279612869323680880059631052817081127334798899/69862551644406897196632409832011485399394081188402889653240636319238445311255848148139720070343121420021896702581604862793822063080599449138637045760,416596229859937635684040100870492747130988838617716779745591481407553287458757496671005508221500164090998980320688532294297264963504965261839984608566834089020309497032174285681568710874717657423871401441652342973/726970004885506353889577136888135282770363002397969458881857527745945350995406426135130357537631198746952048246778698541625453152527454835610360129352562218486827212002980627707300825936009949439993276876634193920
B3_nominal_schedule,True,margin_helpful_attribution_participation_ratio,1,verified-v3-muon-1e-4,1,resolved,0.5822957142857142,6750391101546029478483943368219652979024022020033284503243221302465691155933117311780633076146641003684914250835209587342412362719854464368145015681/11643758607401149532772068305335247566565680198067148275540106053206407551875974691356620011723853570003649450430267477132303677180099908189772840960,105025650981416877322841779051208835515334413551769589415822441885853993162915741747585773908863217683002606727412418023121059165810895115591480643850206661159513108420433856754810659385140967467030464227310343863/181742501221376588472394284222033820692590750599492364720464381936486337748851606533782589384407799686738012061694674635406363288131863708902590032338140554621706803000745156926825206484002487359998319219158548480
B3_nominal_schedule,True,margin_helpful_attribution_participation_ratio,1,verified-v3-muon-1e-4,2,resolved,0.5879385714285714,13629111896027383995311892486952241501100278786540968090836090521029064077596259141121774321425176893872833064565456795224152628803255822205055254207/23287517214802299065544136610670495133131360396134296551080212106412815103751949382713240023447707140007298900860534954264607354360199816379545681920,212221649873435770875770305163044641291878810948003926680280934528080223019754516845504023557309273912152407879217242650608929965565246309210341665322559175024574630176209869651234061250222173627693701942616360761/363485002442753176944788568444067641385181501198984729440928763872972675497703213067565178768815599373476024123389349270812726576263727417805180064676281109243413606001490313853650412968004974719996638438317096960
B3_nominal_schedule,True,margin_helpful_attribution_participation_ratio,1,verified-v3-muon-1e-4,3,resolved,0.58963,40730223905532071748599368823754571285726175079885227109465923203531129109143613464663432047839880067726594457511660966133039970011352395386449869691/69862551644406897196632409832011485399394081188402889653240636319238445311255848148139720070343121420021896702581604862793822063080599449138637045760,12435138197171398297510561647046868655136441402167186295229428224993666177969210432544716134547763456092473619659543723644589459837264409284486896648753106291973540958333787598444119148296907276889880606300002543/21381470731926657467340504026121625963834205952881454672995809639586627970453130180445010515812682316086824948434667604165454504486101612812069415569193006426083153294205312579626494880470880865882155202253946880
B3_nominal_schedule,True,margin_helpful_attribution_participation_ratio,1,verified-v3-muon-1e-4,4,resolved,0.5903421428571428,13566369040693459570553221581364716342251589044864599195942381215964629015305000218546816785184098663978035977355301608101772581581775353245809936557/23287517214802299065544136610670495133131360396134296551080212106412815103751949382713240023447707140007298900860534954264607354360199816379545681920,211359191895443242691040677476266140662396005750982228209043418835023338845179561942756720767058147675681689325923475088983527341217411501448082649565178362935259914136826511626206066157501176650231922618366730811/363485002442753176944788568444067641385181501198984729440928763872972675497703213067565178768815599373476024123389349270812726576263727417805180064676281109243413606001490313853650412968004974719996638438317096960
B3_nominal_schedule,True,margin_helpful_attribution_participation_ratio,1,verified-v3-muon-1e-4,5,resolved,0.5910157142857143,40894132445198820938567280310962736434427060963456935533328112576430453130455669663548966557731043147998141767843199716785794168291400008513984642731/69862551644406897196632409832011485399394081188402889653240636319238445311255848148139720070343121420021896702581604862793822063080599449138637045760,212173864273104789000538350332282295000190221905981479858808139373457669066777112117584949165127948836889119923653827878838702296032646464652067747598474704836997926959042817408625602569791042036173189022200529871/363485002442753176944788568444067641385181501198984729440928763872972675497703213067565178768815599373476024123389349270812726576263727417805180064676281109243413606001490313853650412968004974719996638438317096960
B3_nominal_schedule,True,margin_helpful_attribution_participation_ratio,1,verified-v3-normuon-1e-4,1,resolved,0.5801178571428572,8069448764902162861597139636933239188022108731670001773512074364957297671365789022266807374322844071518106756748450945153239930714192711781766893011/13972510328881379439326481966402297079878816237680577930648127263847689062251169629627944014068624284004379340516320972558764412616119889827727409152,83687350871574339461348395392833935978011932315308977560191014899004419183808540134730518015963964866422154224071504039434360715125979193777763377884011693112219810081427986749801476076610706198828494455284461413/145394000977101270777915427377627056554072600479593891776371505549189070199081285227026071507526239749390409649355739708325090630505490967122072025870512443697365442400596125541460165187201989887998655375326838784
B3_nominal_schedule,True,margin_helpful_attribution_participation_ratio,1,verified-v3-normuon-1e-4,2,resolved,0.5869142857142856,5440568858699788309958263933912376909618361831242598266632556373241577558772135086249347338633630547363771081227744531245988976487285061760030819631/9315006885920919626217654644268198053252544158453718620432084842565126041500779753085296009379082856002919560344213981705842941744079926551818272768,508685910558953096289485103769755990328803075129595802115510712212332508648246714036775377183667698869812291462272645876825963087038383573851915664071457019299776591844142675222321759198113790160395356705928027569/872364005862607624667492564265762339324435602877563350658229033295134421194487711362156429045157438496342457896134438249950543783032945802732432155223074662184192654403576753248760991123211939327991932251961032704
B3_nominal_schedule,True,margin_helpful_attribution_participation_ratio,1,verified-v3-normuon-1e-4,3,resolved,0.5895821428571428,48566083838528575116777235692955867395111816755711655311613550846798926745977325050219945859216706926816543814432815680838567041347277024718632038273/83835061973288276635958891798413782479272897426083467583888763583086134373507017777767664084411745704026276043097925835352586475696719338966364454912,1513590304237011396122876101959346983341578130913952899062247601211102086770838076249383383684578778878966997986120800171788273011445677102048430468404808850492680620259456749174282039846550418514857959589024310581/2617092017587822874002477692797287017973306808632690051974687099885403263583463134086469287135472315489027373688403314749851631349098837408197296465669223986552577963210730259746282973369635817983975796755883098112
B3_nominal_schedule,True,margin_helpful_attribution_participation_ratio,1,verified-v3-normuon-1e-4,4,resolved,0.5898942857142858,48514737441384084434627758397182647303120363348882399488475884192171947303188257110065583585685284661222031781583623987678361448054763737976575542501/83835061973288276635958891798413782479272897426083467583888763583086134373507017777767664084411745704026276043097925835352586475696719338966364454912,1512108093675273438712658161682861903478942505582205243899704424631558922227657744267854057173709190564881950460639548883554964841587598609358246042187507437330534330179121384657673212225550144373898305115446752489/2617092017587822874002477692797287017973306808632690051974687099885403263583463134086469287135472315489027373688403314749851631349098837408197296465669223986552577963210730259746282973369635817983975796755883098112
B3_nominal_schedule,True,margin_helpful_attribution_participation_ratio,1,verified-v3-normuon-1e-4,5,resolved,0.5909735714285714,2116179621953509060061314301865456341756369865513338563302071865954766276727618958504243811657727876763187172920004290111811729111643939301635822871/3645002694490794636346038773844077499098821627221020329734294068829831929282913816424681047148336769740272871439040253710982020682466058215928889344,1517458168756624127977277795853967818800996700456864794557820421130269927049373430472194247841057493708274587075730344663801035065541301700084624041585570715109602167763125610974763958871202576968470296434051977221/2617092017587822874002477692797287017973306808632690051974687099885403263583463134086469287135472315489027373688403314749851631349098837408197296465669223986552577963210730259746282973369635817983975796755883098112
B3_nominal_schedule,True,margin_helpful_attribution_participation_ratio,2,verified-v3-adamw-3e-6,1,resolved,0.5644085714285715,23551016195454025660838125258386131804292633069021346363985619297387925240337993965459088837938754405497569659670216076149342957209045016593752358896697/41911456193351312347076812382715058562394876584025778078207006775210500047973622134465351286518741358728127314969760555803011699726269345607473189355520,10455300013446413469528069071132991649675960568414012520796861799392049969099444150309015724790146819697936389296273975976653615228031291310454697566697614778712751146982403674947011907776447226876137964125327085129671/18601898158934968439081414352032282911392137645925027758639239009048107591787039537125079194082602148680900106289911211052879822763264808118833249196902170914379470813737642380081800106083883512066549706573426416680960
B3_nominal_schedule,True,margin_helpful_attribution_participation_ratio,2,verified-v3-adamw-3e-6,2,resolved,0.5754778571428572,35923926300557527056570760397091413095536930053545052146710787640583636136206763974604803285814955593786723659038153535512280809293378540523788699800293/62867184290026968520615218574072587843592314876038667117310510162815750071960433201698026929778112038092190972454640833704517549589404018411209784033280,8009852197592335671352063523369070200697069262223265579208278963391672873199576070389208859439032417261554442110102595542305892664542047541563525790337284558284671855916418892922698845468809968980775806364467690425237/13951423619201226329311060764024212183544103234443770818979429256786080693840279652843809395561951611510675079717433408289659867072448606089124936897676628185784603110303231785061350079562912634049912279930069812510720
B3_nominal_schedule,True,margin_helpful_attribution_participation_ratio,2,verified-v3-adamw-3e-6,3,resolved,0.5815735714285715,476478669505383945290239129725599041735399727135702805447916442233274279621635643766374892682590054132512880193909061525386521240994696212107999183683/827199793289828533165989718079902471626214669421561409438296186352838816736321489496026670128659368922265670690192642548743651968281631821200128737280,847812011110156569552852885048104802609587810286148144380049905061242756674636585910657255250896525463777753415909733850265853796898537747563664133144321163521644596537879938153614029919529188495073556909643216496851/1468570907284339613611690606739390756162537182573028507260992553345903230930555752930927304795994906474807903128150885083122091270784063798855256515544908230082589801084550714216984218901359224636832871571586296053760
B3_nominal_schedule,True,margin_helpful_attribution_participation_ratio,2,verified-v3-adamw-3e-6,4,resolved,0.5840192857142857,2269612882427221135159795398738425818572485205956683225756303560640509050175396876354866748077529105967630980977232696117098233878452641419516420836573/3929199018126685532538451160879536740224519679752416694831906885175984379497527075106126683111132002380761935778415052106532346849337751150700611502080,16121216721477770222794288433837980799673565129122779592207931866206815297408976544940118841014738492317077410063967728745714766996690284674231451887843402470528569239707575888307928352035368520765518895146595773866349/27902847238402452658622121528048424367088206468887541637958858513572161387680559305687618791123903223021350159434866816579319734144897212178249873795353256371569206220606463570122700159125825268099824559860139625021440
B3_nominal_schedule,True,margin_helpful_attribution_participation_ratio,2,verified-v3-adamw-3e-6,5,resolved,0.5834164285714286,18196230444987907327536763448929875308604434032853970846516760600297743114435397854062386620105293546566945423321808037332226747606298505745291504686219/31433592145013484260307609287036293921796157438019333558655255081407875035980216600849013464889056019046095486227320416852258774794702009205604892016640,16137913823871906863951264763296540176942729157394027544181148763753629858734290350662135266039211612299618009084316778724580976660241142902944983215165238742025050299016499237014105491301176779995625083546408894855359/27902847238402452658622121528048424367088206468887541637958858513572161387680559305687618791123903223021350159434866816579319734144897212178249873795353256371569206220606463570122700159125825268099824559860139625021440
B3_nominal_schedule,True,margin_helpful_attribution_participation_ratio,2,verified-v3-muon-3e-4,1,resolved,0.5881207142857142,9565113021018369696087831385664569025815408298994481613707513407080640690973640284429112985303132520732094978672672058410870917069692730280890494365114738190916671985741270508751210161/16265626887704750014157607973942052417747916727268883526544235535416918729572258650806067210508639340319051170187594812297359983198495100641301741398476288120336102634946292812768870400,2746176198115846386374490828235269110213834859866838849437079766636668304144362333970961397526435956666730614089789183550039253602106507723007720413191135902743012571016081336117520997573996258766804964472441148743401/4650474539733742129376092235053651719316922256745077223392701891808527709258771419183941895008705411733136994217281449518686601224647174404046977016903237368815173637597154865026252206761855746959614230770831746662400
B3_nominal_schedule,True,margin_helpful_attribution_participation_ratio,2,verified-v3-muon-3e-4,2,resolved,0.5927621428571428,19314620139253157232219340231951521294529790148949020167593259702217052509307285153440047352720926564645721742468198129302567368372873630250615985317811992032781553702026658266984828247/32531253775409500028315215947884104835495833454537767053088471070833837459144517301612134421017278680638102340375189624594719966396990201282603482796952576240672205269892585625537740800,5534952811476727797955361603193609790414193314972476117412953423206908968596305962012357687744756395109106119787591529093759477543196927696498618031461399123562596747627181437339367922846048376212579158782231282622727/9300949079467484258752184470107303438633844513490154446785403783617055418517542838367883790017410823466273988434562899037373202449294348808093954033806474737630347275194309730052504413523711493919228461541663493324800
B3_nominal_schedule,True,margin_helpful_attribution_participation_ratio,2,verified-v3-muon-3e-4,3,resolved,0.5912535714285714,19311598556553818814722292655021318169310814726168395257821492424057879908454193533121205547195820707785279943214644531122647426003729273767100194589476951847277296575056850705989740697/32531253775409500028315215947884104835495833454537767053088471070833837459144517301612134421017278680638102340375189624594719966396990201282603482796952576240672205269892585625537740800,5541832427281944583648592935892088975068015379262499937732566022080267907555755428047049003389198286217139708146771886941193469485710776426953879037210735375691477986117376836696716294625885915807069985143045934364677/9300949079467484258752184470107303438633844513490154446785403783617055418517542838367883790017410823466273988434562899037373202449294348808093954033806474737630347275194309730052504413523711493919228461541663493324800
B3_nominal_schedule,True,margin_helpful_attribution_participation_ratio,2,verified-v3-muon-3e-4,4,resolved,0.591362142857143,19337931442120119480500455902004109248393920184091297670944697935873865502995978445738846485920435806581442183240592237153713481792534557388392382334986466804480473273004067057844851397/32531253775409500028315215947884104835495833454537767053088471070833837459144517301612134421017278680638102340375189624594719966396990201282603482796952576240672205269892585625537740800,5547787505320830297778415292744489329629344585322468424919108068115768553272155082943643518992985006985276578197528745800607439188138789608758368129961030276860793167358954594975006190404420874750964693924707237516877/9300949079467484258752184470107303438633844513490154446785403783617055418517542838367883790017410823466273988434562899037373202449294348808093954033806474737630347275194309730052504413523711493919228461541663493324800
B3_nominal_schedule,True,margin_helpful_attribution_participation_ratio,2,verified-v3-muon-3e-4,5,resolved,0.5924307142857143,19439431067954361330368759632233342135526759240657184970354165554629531322791356704171368322460563099174056537500969853338310291390354724138171402122472385137514169584686869290385447297/32531253775409500028315215947884104835495833454537767053088471070833837459144517301612134421017278680638102340375189624594719966396990201282603482796952576240672205269892585625537740800,5572915956829575981653415631725357875662398783734887222073793018530168298571113096804852573673778294331729446407269068626134194069649037984523382298670980354778678979742586250428374428474535407935609326966756091879777/9300949079467484258752184470107303438633844513490154446785403783617055418517542838367883790017410823466273988434562899037373202449294348808093954033806474737630347275194309730052504413523711493919228461541663493324800
B3_nominal_schedule,True,margin_helpful_attribution_participation_ratio,2,verified-v3-normuon-3e-4,1,resolved,0.5875385714285715,3828881747877564498686850226416450275546723249389638028928598141107606819223442793770069801306304126992235145072630008635553942482471690840457892709326198541907644924711646599856202307/6506250755081900005663043189576820967099166690907553410617694214166767491828903460322426884203455736127620468075037924918943993279398040256520696559390515248134441053978517125107548160,439051092617666867459439666466244349921784757126614089233462463379325881649441657814176873034382998106626228475133989412953672417091320368112918261887240494246853457525726026816603441095062659485149309523210583404771/744075926357398740700174757608584275090707561079212355742832302689364433481403427069430703201392865877301919074765031922989856195943547904647516322704517979010427782015544778404200353081896919513538276923333079465984
B3_nominal_schedule,True,margin_helpful_attribution_participation_ratio,2,verified-v3-normuon-3e-4,2,resolved,0.5912428571428572,2587619176566203895423884840406327231396402747875661710209587145244742698852749879495995199808951289282051522433930042890714997110210592110834821647799422576553467011785031628809704263/4337500503387933337108695459717880644732777793938368940411796142777844994552602306881617922802303824085080312050025283279295995519598693504347131039593676832089627369319011416738365440,296979317428861223376372792637397125509785745937108309447429966272106435175391043203535374060383717780526085239528840440773890072084741272252130185107854356251179842577090605969156270000321365636727278531819449180679/496050617571599160466783171739056183393805040719474903828554868459576288987602284712953802134261910584867946049843354615326570797295698603098344215136345319340285188010363185602800235387931279675692184615555386310656
B3_nominal_schedule,True,margin_helpful_attribution_participation_ratio,2,verified-v3-normuon-3e-4,3,resolved,0.5915221428571428,7731679019659925639265940376818773023846490643075334043644216808059181184503072412463450979671830376715134163815445213740523923119779864441796741670420181829054966473666445012629386899/13012501510163800011326086379153641934198333381815106821235388428333534983657806920644853768406911472255240936150075849837887986558796080513041393118781030496268882107957034250215096320,886841954198040265630471815306485006694570839907485695355028790419333943900998142726283334195781508094703879412432027131545500160535695653531504597441142937019175721377844524461965792520829818259281904487878210302291/1488151852714797481400349515217168550181415122158424711485664605378728866962806854138861406402785731754603838149530063845979712391887095809295032645409035958020855564031089556808400706163793839027076553846666158931968
B3_nominal_schedule,True,margin_helpful_attribution_participation_ratio,2,verified-v3-normuon-3e-4,4,resolved,0.5907228571428572,2581989288126880036118308127403563477466368297166520116956523446096121360327492807968052940849254307744367565815976114919292237974658011298727283631101685299994912947194623717708453573/4337500503387933337108695459717880644732777793938368940411796142777844994552602306881617922802303824085080312050025283279295995519598693504347131039593676832089627369319011416738365440,296453677028824250057726022675994421138959465444981824252237609934922592218227602871315367922704815624776446086717284057819599371853219520619097530034101922298274023856197660205386839700811222390383276772889860429253/496050617571599160466783171739056183393805040719474903828554868459576288987602284712953802134261910584867946049843354615326570797295698603098344215136345319340285188010363185602800235387931279675692184615555386310656
B3_nominal_schedule,True,margin_helpful_attribution_participation_ratio,2,verified-v3-normuon-3e-4,5,resolved,0.5936371428571429,2589879704576311424716002813311429583838419571380575234835129569127384228648749090613229100064229415860676727599367029298883777179276884515863343960091264214287332142996071818921451153/4337500503387933337108695459717880644732777793938368940411796142777844994552602306881617922802303824085080312050025283279295995519598693504347131039593676832089627369319011416738365440,295887034270473955816162863554292697721280417013260313045247728869100803698639264571472351772133919515522342079191508566295024950716325739810147522122164997545464422354025781916567572519351308277121662010900553006225/496050617571599160466783171739056183393805040719474903828554868459576288987602284712953802134261910584867946049843354615326570797295698603098344215136345319340285188010363185602800235387931279675692184615555386310656
B3_nominal_schedule,True,margin_helpful_attribution_participation_ratio,3,verified-v3-adamw-1e-5,1,resolved,0.5820728571428572,171472367020190775411631671164637910752689431740626806492180513391818393291655391423022333057016867470124431606308820616782919510844060840185931041739487/294326248637519758923509091917942803280351032623558495483789482834628090654015276099616057315925258135945931021428881443108281297420471340513366701506560,3818889004431639436142154116455204548290572132921096578064671147570934937822190266367439773999992694494103580127623630872464862659082725615195518231601340474880653692548525178315418831929416458866165300691743256475933/6552589171662188832713952038743293752969170405828903526997376418759981793578996793521114497963396513409405480222597271077065995279956324027778664676442650449747150137331569430436052044308559747594944175069978595164160
B3_nominal_schedule,True,margin_helpful_attribution_participation_ratio,3,verified-v3-adamw-1e-5,2,resolved,0.585075,19368578680546882801953853764813765712274083649184700608119504744997759464877503621376767567479788113088457807006876340466519068815931195814273049625073/32702916515279973213723232435326978142261225847062055053754386981625343406001697344401784146213917570660659002380986827012031255268941260057040744611840,1936362732392696055315935863417949676036770067248442985704983829892044323234261100830266797289872854005319536067348348036698616576859242000716641564964999194203525809042511567487407801784554090748305013574861117374499/3276294585831094416356976019371646876484585202914451763498688209379990896789498396760557248981698256704702740111298635538532997639978162013889332338221325224873575068665784715218026022154279873797472087534989297582080
B3_nominal_schedule,True,margin_helpful_attribution_participation_ratio,3,verified-v3-adamw-1e-5,3,resolved,0.5896428571428572,175331961887051141207529012393197923006649675200273343528686342061322942894945025011407224293369716146894953716021887782330157061573758902457191341532637/294326248637519758923509091917942803280351032623558495483789482834628090654015276099616057315925258135945931021428881443108281297420471340513366701506560,649246556602793627079832335520619760204747693833616801910237332870594472594864871010499023580752746240206989272384335496564659832991297503202936308752304219146879466559477093538418129040526522232044141749514948813263/1092098195277031472118992006457215625494861734304817254499562736459996965596499465586852416327232752234900913370432878512844332546659387337963110779407108408291191689555261571739342007384759957932490695844996432527360
B3_nominal_schedule,True,margin_helpful_attribution_participation_ratio,3,verified-v3-adamw-1e-5,4,resolved,0.587965,175937883240256332357192254595041001752111321337603018112460077939783739281594379376458059603442576540131861025660010101723802281477243930750837408017597/294326248637519758923509091917942803280351032623558495483789482834628090654015276099616057315925258135945931021428881443108281297420471340513366701506560,651917114914789767859577918159824498173218065837380089483531051432537038633927351544085362755161264124189601125677336890782789812640309847218893469114509245747968075017140922282512856819048540823537259933217362720323/1092098195277031472118992006457215625494861734304817254499562736459996965596499465586852416327232752234900913370432878512844332546659387337963110779407108408291191689555261571739342007384759957932490695844996432527360
B3_nominal_schedule,True,margin_helpful_attribution_participation_ratio,3,verified-v3-adamw-1e-5,5,resolved,0.58863,58697996581922994904143031107866458650657871869226107357746988819669066032590729064165011017102842462727333615003433257847054520450313952809149067499279/98108749545839919641169697305980934426783677541186165161263160944876030218005092033205352438641752711981977007142960481036093765806823780171122233835520,652170595554638014798844458767093695851195433918580889368040037764910588306643018573509965527053959448592384993401432001308564147713518453630805859733891575894910814308650486331693420465349945771185837808524589012353/1092098195277031472118992006457215625494861734304817254499562736459996965596499465586852416327232752234900913370432878512844332546659387337963110779407108408291191689555261571739342007384759957932490695844996432527360
B3_nominal_schedule,True,margin_helpful_attribution_participation_ratio,3,verified-v3-muon-1e-3,1,resolved,0.5818585714285714,332737215361432244855608714575744703534559713350423633871852492653399064171280686066978013768604959392039493916807270644748102079581862468150020964435573288912513010429732630464331655473/574224093278428269398701567539198064500003730027981466418744837683860854407988803313910447616816284456715500608294061009385915803895996416160683822640711579753429118326155369867546460160,280269885370345737839452247621009452801006816851864564769403071812176714212510937347376136465227184577282994850389745568512015936124511002832576706810077810900336721918332765845502338299542876358981943483364660816169/485376975678680660464952393370612067251069349572437017376422770298303100869879631311392012443608618105637669881446808796238861344453791455329835182888618323283997051915936408073448250247168274597629961941348064952320
B3_nominal_schedule,True,margin_helpful_attribution_participation_ratio,3,verified-v3-muon-1e-3,2,resolved,0.5876692857142858,668108330305453564515554470216286754366670628778263721603797517830739851102562399164665321231735606060794559200974127083651369715624147866521724126375578071562988214151667047481597888731/1148448186556856538797403135078396129000007460055962932837489675367721708815977606627820895233632568913431001216588122018771831607791992832321367645281423159506858236652310739735092920320,1689446336206744463645873036074984579412959305973485041422512499559854579869658736382524533877131187637796086472965592260802202549679379708881061778925830501810306231831346035951782010773488287060164352939446695740179/2912261854072083962789714360223672403506416097434622104258536621789818605219277787868352074661651708633826019288680852777433168066722748731979011097331709939703982311495618448440689501483009647585779771648088389713920
B3_nominal_schedule,True,margin_helpful_attribution_participation_ratio,3,verified-v3-muon-1e-3,3,resolved,0.5850171428571428,74452202823303382266140203819307181902678530457673571808857668995670687402205084204290152605463682642419105984276950373214928719566824758242841000032890459880867887956354731154653324949/127605354061872948755267015008710681000000828895106992537498852818635745423997511847535655025959174323714555690732013557641314623087999203591263071697935906611873137405812304415010324480,1694097942798716129116507288578838975177224810295906169378522811266006816185518295255260697815102703243132746972029204006958417269505086979107382714365786025198236311897162842118032282985891217006982689763658692890669/2912261854072083962789714360223672403506416097434622104258536621789818605219277787868352074661651708633826019288680852777433168066722748731979011097331709939703982311495618448440689501483009647585779771648088389713920
B3_nominal_schedule,True,margin_helpful_attribution_participation_ratio,3,verified-v3-muon-1e-3,4,resolved,0.5885692857142857,672063006554110090050891406596918325719199220663680867228721562782921156672351758536984569943867617748738458785618092074843495496452973791141431871721684539754768144337385856071224806001/1148448186556856538797403135078396129000007460055962932837489675367721708815977606627820895233632568913431001216588122018771831607791992832321367645281423159506858236652310739735092920320,565061475069045847476353519098179627560944050610697063562739597651992938542910966365857590463817130811150326258786453777351911276807765584595576165540826703968749557100591395935020113896731967206525403936059253444323/970753951357361320929904786741224134502138699144874034752845540596606201739759262622784024887217236211275339762893617592477722688907582910659670365777236646567994103831872816146896500494336549195259923882696129904640
B3_nominal_schedule,True,margin_helpful_attribution_participation_ratio,3,verified-v3-muon-1e-3,5,resolved,0.5919135714285714,75105775032990722048799724149041116036058455649702467878374391193324746319211013523947230061616403115379032168810721060214450816081186534640534415014247322582094928787579625716160929509/127605354061872948755267015008710681000000828895106992537498852818635745423997511847535655025959174323714555690732013557641314623087999203591263071697935906611873137405812304415010324480,1707315273410882217062339530655590251579861544286614004324869994617789382061963863285979318785563035692003832587519610547648331015171670407037643688294904795712959105615062860025499206374693538304638961638026945175989/2912261854072083962789714360223672403506416097434622104258536621789818605219277787868352074661651708633826019288680852777433168066722748731979011097331709939703982311495618448440689501483009647585779771648088389713920
B3_nominal_schedule,True,margin_helpful_attribution_participation_ratio,3,verified-v3-normuon-1e-3,1,resolved,0.5852614285714285,10034705082499580110924093028897482008102249819105980560157084446806251114918154787820279567174804158409245320559220075027587464606275151699996080723585644409135273817157866544025633501/17400730099346311193900047501187820136363749394787317164204389020723056194181478888300316594448978316870166685099820030587451994057454436853354055231536714537982700555338041511137771520,840916343946934204682142277516665682026126412185276787477261478606882521554206699698142515083104057515976392625702093233356280102971792186554848024774608120225769575977721740748611061803326355692752249033365906626519/1456130927036041981394857180111836201753208048717311052129268310894909302609638893934176037330825854316913009644340426388716584033361374365989505548665854969851991155747809224220344750741504823792889885824044194856960
B3_nominal_schedule,True,margin_helpful_attribution_participation_ratio,3,verified-v3-normuon-1e-3,2,resolved,0.5920957142857143,60767090581753130484565009728098315500909627977893601118782731617819655954615269102634527909931341789972752365815382809939095922224291792825318657086943311792779476950092782063048966241/104404380596077867163400285007126920818182496368723902985226334124338337165088873329801899566693869901221000110598920183524711964344726621120124331389220287227896203332028249066826629120,1685013190683912041330312870362834861763639847023746029062908403346660273105324604630466632029514038999460225341330858863925887323267565700417825262179863329032084370519107375694295677094310054438757390840397417042843/2912261854072083962789714360223672403506416097434622104258536621789818605219277787868352074661651708633826019288680852777433168066722748731979011097331709939703982311495618448440689501483009647585779771648088389713920
B3_nominal_schedule,True,margin_helpful_attribution_participation_ratio,3,verified-v3-normuon-1e-3,3,resolved,0.5850342857142856,61013787827791389782029996296002011862952384117838087128014136470441454071486046342187491954230486495524810817134917830351655631792851871494351064762978023451118108342475670882778322151/104404380596077867163400285007126920818182496368723902985226334124338337165088873329801899566693869901221000110598920183524711964344726621120124331389220287227896203332028249066826629120,564672943260191021334716213956018399300609750881304362095605056527900806179103853465475635729942749726365052517732158324882732125385771321915453681115910557628797540025294710266603889260267110185425043190830470706751/970753951357361320929904786741224134502138699144874034752845540596606201739759262622784024887217236211275339762893617592477722688907582910659670365777236646567994103831872816146896500494336549195259923882696129904640
B3_nominal_schedule,True,margin_helpful_attribution_participation_ratio,3,verified-v3-normuon-1e-3,4,resolved,0.5896921428571428,20403269221381943771020701127533501599834268672091031639753840933482248049912311056249298548223845416674001901230420182542776863619997992097496524413493822374960078344841109842523002337/34801460198692622387800095002375640272727498789574634328408778041446112388362957776600633188897956633740333370199640061174903988114908873706708110463073429075965401110676083022275543040,1703245130996517684657781615895152171632022708347735302481356147915737887632956638528972792306082480428249875759309576607134019445477028090845896171068072190525614740217196041954598787852397416640194185068347421297513/2912261854072083962789714360223672403506416097434622104258536621789818605219277787868352074661651708633826019288680852777433168066722748731979011097331709939703982311495618448440689501483009647585779771648088389713920
B3_nominal_schedule,True,margin_helpful_attribution_participation_ratio,3,verified-v3-normuon-1e-3,5,resolved,0.5914471428571428,20521826961745914506820470196379908111943446678166125208305765945188438212500974832360545349051919572499784181847376676998602712249235594827376920550914851108480309197286514952090701837/34801460198692622387800095002375640272727498789574634328408778041446112388362957776600633188897956633740333370199640061174903988114908873706708110463073429075965401110676083022275543040,1713508830787347168240879135585873960034261245645687554057110784761800361437795922533279330360607956232567686256867771251505794892851928740047004785948971657188296209410355759609907780987118039884706769970277222601373/2912261854072083962789714360223672403506416097434622104258536621789818605219277787868352074661651708633826019288680852777433168066722748731979011097331709939703982311495618448440689501483009647585779771648088389713920
B3_nominal_schedule,True,margin_helpful_attribution_participation_ratio,4,verified-v3-adamw-3e-5,1,resolved,0.5857735714285714,3745632834815614442303820402408309460354316759015189172360753412433227856844766487709148053191122542669018426656705028731820046218864922163990183899/6541383605258059545534563283829137568973718660449775016756283928741850452567763427831662298914124239047419604348460939822956235559552361841997905920,61510293919029477426971875998097607023906959269243528448959015783873834973326225630646012670145552098631003904506171104563363460165593422466162858688536129167135701661418920671670032626722268273185476008593764109/107449495027270414685071712155485114829073826068600566222629018923802358182070935203539415591462777786209201184207972304839299003888304779670274459148425322787459836511553360774282814739721669643613168343648829440
B3_nominal_schedule,True,margin_helpful_attribution_participation_ratio,4,verified-v3-adamw-3e-5,2,resolved,0.5897585714285715,1840436127217824374827863870808324544897354041617484990726553756968361896780196824207473901111246045285446113774197919674236451902439301848707399257/3270691802629029772767281641914568784486859330224887508378141964370925226283881713915831149457062119523709802174230469911478117779776180920998952960,60417778944730167877765547858358531593820185597270035115781775272769919780173359758582419043844853008231437979660982940276040173421258516769838718304756451388572808712576555533966730706723384442350661942619531919/107449495027270414685071712155485114829073826068600566222629018923802358182070935203539415591462777786209201184207972304839299003888304779670274459148425322787459836511553360774282814739721669643613168343648829440
B3_nominal_schedule,True,margin_helpful_attribution_participation_ratio,4,verified-v3-adamw-3e-5,3,resolved,0.5879642857142857,907271697966989429343411293363752026873304228319559845092150465286631264806218827479230981921023727352538603648042501340212824047479711284696546611/1635345901314514886383640820957284392243429665112443754189070982185462613141940856957915574728531059761854901087115234955739058889888090460499476480,59564666646799732394630572846767255891285522066252586677517854063219901963571684744745191962741386008896535796475489489949975399292432098314780354451802842693259995977066859850497684035873090031298014398523371319/107449495027270414685071712155485114829073826068600566222629018923802358182070935203539415591462777786209201184207972304839299003888304779670274459148425322787459836511553360774282814739721669643613168343648829440
B3_nominal_schedule,True,margin_helpful_attribution_participation_ratio,4,verified-v3-adamw-3e-5,4,resolved,0.58876,224053551523200478407922354229349169524752532466049374792237459220303158956713715455073661136373908077360942819445274581097366159362125498490221429/408836475328628721595910205239321098060857416278110938547267745546365653285485214239478893682132764940463725271778808738934764722472022615124869120,58816030125937420757908349593588504338508181703900367800214203118760730024350988164265898951927390971049027979447271255872675230151602486728056291482452147186544410907276080548603162785827745961766844363668763379/107449495027270414685071712155485114829073826068600566222629018923802358182070935203539415591462777786209201184207972304839299003888304779670274459148425322787459836511553360774282814739721669643613168343648829440
B3_nominal_schedule,True,margin_helpful_attribution_participation_ratio,4,verified-v3-adamw-3e-5,5,resolved,0.5892628571428571,111606495490645877360419104030248248843549538893140091146325069145811432132578219110484533214800266434261159623200475214018071990472453449776031397/204418237664314360797955102619660549030428708139055469273633872773182826642742607119739446841066382470231862635889404369467382361236011307562434560,58596513309249675017620564073847730987243556864018164707677106135692392103729654976336604964879807985619796547500518618831236084819174216011380253278976009464629287608857444175325326971841908942899472616339271459/107449495027270414685071712155485114829073826068600566222629018923802358182070935203539415591462777786209201184207972304839299003888304779670274459148425322787459836511553360774282814739721669643613168343648829440
B3_nominal_schedule,True,margin_helpful_attribution_participation_ratio,4,verified-v3-muon-3e-3,1,resolved,0.5424921428571429,363426459140692544589967453113597540797222199462782359725993034894152656283580412599956634042884929069523133949340620105721970110709646970567464860105080295630067532641744198007621/651888552082567619404879707943133729364231811691070727566653765745856889605757869775228467613648343614716397037734992023765109362070627312758088575462742904678004645192080174350336,1246127285306815327317365565177398354274650727010111906592621659546360587708497018707936107588126965677211778327385639341584281238219818782192461019775468022368282344348817483890221101041128568954818714407197249/2238531146401467043412250112686801243821872196668168480710950401811483290011564386386953619113717277103331709005197737770689690069715820836369865986559797881997449860951653945896172774701166547138848564633927680
B3_nominal_schedule,True,margin_helpful_attribution_participation_ratio,4,verified-v3-muon-3e-3,2,resolved,0.5378814285714285,2188066322111516421087744329806386855635003817255340201046571191877461908827424096357665823369825260529947645046602722998819667020340664322165628001605460063699045588781590133287953/3911331312495405716429278247658802376185390870146424365399922594475141337634547218651370805681890061688298382226409952142590656172423763876548531452776457428068027871152481046102016,3747491950209784876466588880643486143153728957622271468526775782802749292294796094291711188116150641189395889018377456273355617664980436747773281115161690333756103834724285882511795197248235969784359660026943717/6715593439204401130236750338060403731465616590004505442132851205434449870034693159160860857341151831309995127015593213312069070209147462509109597959679393645992349582854961837688518324103499641416545693901783040
B3_nominal_schedule,True,margin_helpful_attribution_participation_ratio,4,verified-v3-muon-3e-3,3,resolved,0.5432642857142858,2192306903183926513175705111541662977321989601129203237526595336273195769264013616970876172793344490598011098444396006393198219932720947926084866738713300596605878419963705427629175/3911331312495405716429278247658802376185390870146424365399922594475141337634547218651370805681890061688298382226409952142590656172423763876548531452776457428068027871152481046102016,938806892328580443864260185134447575285077033153264815481825759669540701555146715942824988114708288169557883664096707972796848459973808744631124411627578589184459727103058809452919412795521198023971540661526843/1678898359801100282559187584515100932866404147501126360533212801358612467508673289790215214335287957827498781753898303328017267552286865627277399489919848411498087395713740459422129581025874910354136423475445760
B3_nominal_schedule,True,margin_helpful_attribution_participation_ratio,4,verified-v3-muon-3e-3,4,resolved,0.5483742857142857,2208350844429112754531267325271969124305618415303476614861830055808617388456805942783107007145186667901923145749675456903727801462286499942021882166599861325642238559806089323314355/3911331312495405716429278247658802376185390870146424365399922594475141337634547218651370805681890061688298382226409952142590656172423763876548531452776457428068027871152481046102016,1891662931712016953105242781158247496140848109914947888253252109457543665251646465940719800855323168189384371681362520801786084824285344183340618149376291657728092457478720206562700210791674146117321563366604471/3357796719602200565118375169030201865732808295002252721066425602717224935017346579580430428670575915654997563507796606656034535104573731254554798979839696822996174791427480918844259162051749820708272846950891520
B3_nominal_schedule,True,margin_helpful_attribution_participation_ratio,4,verified-v3-muon-3e-3,5,resolved,0.5571792857142858,2220069390174146637117196998213883606979955050904039332787286548881174255035383558921650278039428884526211787231673675259495459435960598176717457415726171280628765239288131171861991/3911331312495405716429278247658802376185390870146424365399922594475141337634547218651370805681890061688298382226409952142590656172423763876548531452776457428068027871152481046102016,1901760351354081346867729891411170588043736679590142849199027844101878142612359819214926912948218863293485778384345148791374212128884525353129347412468052419847202694271902551394818009064957069027816018057122791/3357796719602200565118375169030201865732808295002252721066425602717224935017346579580430428670575915654997563507796606656034535104573731254554798979839696822996174791427480918844259162051749820708272846950891520
B3_nominal_schedule,True,margin_helpful_attribution_participation_ratio,4,verified-v3-normuon-3e-3,1,resolved,0.5348342857142857,122461759939717830109921257063210109176068858177327810837330101309891036235607493317624384893211841959105783438003735896348123089328005849397904791782758003847145768025134834114413/212572353939967701979852078677108824792684286421001324206517532308431594436660174926704935091407068570016216425348366964271231313718682819377637578955242251525436297345243535114240,7735528283064280576678018842550006345230745814843282247748706430070774115282528247565722295039996270080366423138041500484905141548785303980951660736103439598973370267517839523803072127808676449378508194263519081/13431186878408802260473500676120807462931233180009010884265702410868899740069386318321721714682303662619990254031186426624138140418294925018219195919358787291984699165709923675377036648206999282833091387803566080
B3_nominal_schedule,True,margin_helpful_attribution_participation_ratio,4,verified-v3-normuon-3e-3,2,resolved,0.5396864285714286,80870513885460721886904150646204055958124762982843083896020360676718205059943060784222785026206335273319863877995947159897761354227690742984689969333380365111123755132426208072897/141714902626645134653234719118072549861789524280667549471011688205621062957773449951136623394271379046677477616898911309514154209145788546251758385970161501016957531563495690076160,5099419582120178575497219893095006886673230527337489472624817487690729837769853546740001838286650788770018899760651729999056411381809922750807341921185603936519406007159442665749445964449966803718457218284906209/8954124585605868173649000450747204975287488786672673922843801607245933160046257545547814476454869108413326836020790951082758760278863283345479463946239191527989799443806615783584691098804666188555394258535710720
B3_nominal_schedule,True,margin_helpful_attribution_participation_ratio,4,verified-v3-normuon-3e-3,3,resolved,0.5446657142857143,240466642558089564422835509319976070662159503446701866788974195598147013769612689824787153104376389652455437485492050791114740358803540628453295116107427590304156812094268786240141/425144707879935403959704157354217649585368572842002648413035064616863188873320349853409870182814137140032432850696733928542462627437365638755275157910484503050872594690487070228480,15160909977462310260077182009899424133416460170174942722300331669467644207160261063236420449109250660709357443505860486100368364698729728100695834728435720501591023898049272243450063308438840899590469647323783877/26862373756817604520947001352241614925862466360018021768531404821737799480138772636643443429364607325239980508062372853248276280836589850036438391838717574583969398331419847350754073296413998565666182775607132160
B3_nominal_schedule,True,margin_helpful_attribution_participation_ratio,4,verified-v3-normuon-3e-3,4,resolved,0.5518028571428572,80255756197863117766489971572361427222128789747536078140320200844129023459126661943938420577677620082415416256520861095646725627769692193841514230211480839085757552771489904504027/141714902626645134653234719118072549861789524280667549471011688205621062957773449951136623394271379046677477616898911309514154209145788546251758385970161501016957531563495690076160,5062656496778888142708775177698687478084987338183095431153957757239968427749966363627863773282656711356411331985815376274315996274900140298489104033439134105630982854836165452444154950232357409182934313285804279/8954124585605868173649000450747204975287488786672673922843801607245933160046257545547814476454869108413326836020790951082758760278863283345479463946239191527989799443806615783584691098804666188555394258535710720
B3_nominal_schedule,True,margin_helpful_attribution_participation_ratio,4,verified-v3-normuon-3e-3,5,resolved,0.5584957142857143,241659109462418868445233807778482427110321370008487956956063161488040552322638978598515463666908668023942617616988395576286485471965710105899113455162421193830895864950049447380301/425144707879935403959704157354217649585368572842002648413035064616863188873320349853409870182814137140032432850696733928542462627437365638755275157910484503050872594690487070228480,15240764468455829235724839046287229972427106406255126176979193900286959776489691018625194393260772298318518710261589093529824463356347933251567041154372069587661955016131860208906088153040654156333243973524619117/26862373756817604520947001352241614925862466360018021768531404821737799480138772636643443429364607325239980508062372853248276280836589850036438391838717574583969398331419847350754073296413998565666182775607132160
B3_nominal_schedule,True,margin_degrading_attribution_mass,1,verified-v3-adamw-1e-6,1,resolved,0.5425692857142858,19421885002758383996839020032254984069282431305222222473987935651244289587799557377631741828662968719032131523102624307530086089520403234769778275007/34931275822203448598316204916005742699697040594201444826620318159619222655627924074069860035171560710010948351290802431396911031540299724569318522880,2064458462036071187173419250690101199441745359033473595819393815103051193593813576363197118315412983241525030379781632193141356758849600929336199011439844380616772273374603910837509964107025059661220748344597467177/3703471046439872725879981230534834521324319083897591385978858282258453864956283955492978607318241529868025090475553974116981184707818584592852276852660718571271202381407334139752187340939875393112280334906593116160
B3_nominal_schedule,True,margin_degrading_attribution_mass,1,verified-v3-adamw-1e-6,2,resolved,0.55545,39513305986261704896152426689105652422584017397020504685064532041192771784991033496384037764489385981168127314176359234315090083700658550141959126629/69862551644406897196632409832011485399394081188402889653240636319238445311255848148139720070343121420021896702581604862793822063080599449138637045760,4201714878383088388990142973109810100214356017796400304229906959933525246752652332035583977989708656226590834527699171512114833507083040721471735270195367812292183320571959395253844010097566941065544016541412659159/7406942092879745451759962461069669042648638167795182771957716564516907729912567910985957214636483059736050180951107948233962369415637169185704553705321437142542404762814668279504374681879750786224560669813186232320
B3_nominal_schedule,True,margin_degrading_attribution_mass,1,verified-v3-adamw-1e-6,3,resolved,0.5608178571428571,39875093077875370260157183842202512352331589911219881170812494967849128434550495929476191374043705698895581974361970054912029874168318815193299947539/69862551644406897196632409832011485399394081188402889653240636319238445311255848148139720070343121420021896702581604862793822063080599449138637045760,4229900962164421434417692585079718672955106797911112605536186534694354926446087535220958235121091115832626478652012362818344046572514650790647283341526059048235293540592783840215691855887024063626935451106719422209/7406942092879745451759962461069669042648638167795182771957716564516907729912567910985957214636483059736050180951107948233962369415637169185704553705321437142542404762814668279504374681879750786224560669813186232320
B3_nominal_schedule,True,margin_degrading_attribution_mass,1,verified-v3-adamw-1e-6,4,resolved,0.5633707142857143,39997848558761453520152078259852046311141679468813182428308103117582971849167178660166183651200096571492591545934726852441573895831749735419613917819/69862551644406897196632409832011485399394081188402889653240636319238445311255848148139720070343121420021896702581604862793822063080599449138637045760,4246421071213599449005495833088290936298189694098653096637690845290005260009119350879090031806678812811359822390436650866690802171340939595633912692426603852369809241628423895807948719720259429041153472825011557049/7406942092879745451759962461069669042648638167795182771957716564516907729912567910985957214636483059736050180951107948233962369415637169185704553705321437142542404762814668279504374681879750786224560669813186232320
B3_nominal_schedule,True,margin_degrading_attribution_mass,1,verified-v3-adamw-1e-6,5,resolved,0.5649535714285714,40038353583658654478833760685587282078407064405162978581120176839118322280794536893167031112565665906204279612869323680880059631052817081127334798899/69862551644406897196632409832011485399394081188402889653240636319238445311255848148139720070343121420021896702581604862793822063080599449138637045760,4248739506144977679400978722994876042422264633584565343453985420667683375731009346970813092759712548728700036425964256208357432466212663586389170737525650908579103203701947595593850833065457116800758029620143860449/7406942092879745451759962461069669042648638167795182771957716564516907729912567910985957214636483059736050180951107948233962369415637169185704553705321437142542404762814668279504374681879750786224560669813186232320
B3_nominal_schedule,True,margin_degrading_attribution_mass,1,verified-v3-muon-1e-4,1,resolved,0.5822957142857142,6750391101546029478483943368219652979024022020033284503243221302465691155933117311780633076146641003684914250835209587342412362719854464368145015681/11643758607401149532772068305335247566565680198067148275540106053206407551875974691356620011723853570003649450430267477132303677180099908189772840960,1430947422376821632920981009849573578892275663605613061905095340324070561376588323624272112776938075825350098565354843394442720898304853095154207920427379493987435181243419368201834485425984250109932951282956463239/2468980697626581817253320820356556347549546055931727590652572188172302576637522636995319071545494353245350060317035982744654123138545723061901517901773812380847468254271556093168124893959916928741520223271062077440
B3_nominal_schedule,True,margin_degrading_attribution_mass,1,verified-v3-muon-1e-4,2,resolved,0.5879385714285714,13629111896027383995311892486952241501100278786540968090836090521029064077596259141121774321425176893872833064565456795224152628803255822205055254207/23287517214802299065544136610670495133131360396134296551080212106412815103751949382713240023447707140007298900860534954264607354360199816379545681920,2891927567313270176359911149176470353631597639656211751023050914765946774218239569267134741614510687880728537154847564103840383719136242216326364131817056877860997301534828981240254406532943618939904020772258600153/4937961395253163634506641640713112695099092111863455181305144376344605153275045273990638143090988706490700120634071965489308246277091446123803035803547624761694936508543112186336249787919833857483040446542124154880
B3_nominal_schedule,True,margin_degrading_attribution_mass,1,verified-v3-muon-1e-4,3,resolved,0.58963,40730223905532071748599368823754571285726175079885227109465923203531129109143613464663432047839880067726594457511660966133039970011352395386449869691/69862551644406897196632409832011485399394081188402889653240636319238445311255848148139720070343121420021896702581604862793822063080599449138637045760,8649867497445671924780799282115095055142036749846328537628621687452214570683142436692568968372103646460072547425005626280635672756969126183410325722211818250452647892021281323038797805748925777378942415689518963709/14813884185759490903519924922139338085297276335590365543915433129033815459825135821971914429272966119472100361902215896467924738831274338371409107410642874285084809525629336559008749363759501572449121339626372464640
B3_nominal_schedule,True,margin_degrading_attribution_mass,1,verified-v3-muon-1e-4,4,resolved,0.5903421428571428,13566369040693459570553221581364716342251589044864599195942381215964629015305000218546816785184098663978035977355301608101772581581775353245809936557/23287517214802299065544136610670495133131360396134296551080212106412815103751949382713240023447707140007298900860534954264607354360199816379545681920,2878078111684303292202312078576450472931285861102326181245747972719414291576832432623479924415665739991086123854114835385116504370672494481119697585350614205220106249165766538794619840667469444561320589353084228763/4937961395253163634506641640713112695099092111863455181305144376344605153275045273990638143090988706490700120634071965489308246277091446123803035803547624761694936508543112186336249787919833857483040446542124154880
B3_nominal_schedule,True,margin_degrading_attribution_mass,1,verified-v3-muon-1e-4,5,resolved,0.5910157142857143,40894132445198820938567280310962736434427060963456935533328112576430453130455669663548966557731043147998141767843199716785794168291400008513984642731/69862551644406897196632409832011485399394081188402889653240636319238445311255848148139720070343121420021896702581604862793822063080599449138637045760,8680986268339005277692111103194383641094002193498029194876775222293320957508159765343791052925367448392106478735422203143931266699461714978232034612673644600224033403344749470212041643244997175846631988328141411149/14813884185759490903519924922139338085297276335590365543915433129033815459825135821971914429272966119472100361902215896467924738831274338371409107410642874285084809525629336559008749363759501572449121339626372464640
B3_nominal_schedule,True,margin_degrading_attribution_mass,1,verified-v3-normuon-1e-4,1,resolved,0.5801178571428572,8069448764902162861597139636933239188022108731670001773512074364957297671365789022266807374322844071518106756748450945153239930714192711781766893011/13972510328881379439326481966402297079878816237680577930648127263847689062251169629627944014068624284004379340516320972558764412616119889827727409152,4279942531516387795912109564127805298365403558239264735668901335129306999366522399663581626467634554795362176324528241849449560023644495976182387429998200344297073153957134749229391265290506110229727129847744935281/7406942092879745451759962461069669042648638167795182771957716564516907729912567910985957214636483059736050180951107948233962369415637169185704553705321437142542404762814668279504374681879750786224560669813186232320
B3_nominal_schedule,True,margin_degrading_attribution_mass,1,verified-v3-normuon-1e-4,2,resolved,0.5869142857142856,5440568858699788309958263933912376909618361831242598266632556373241577558772135086249347338633630547363771081227744531245988976487285061760030819631/9315006885920919626217654644268198053252544158453718620432084842565126041500779753085296009379082856002919560344213981705842941744079926551818272768,2885652491830641930751004682393377119567387742614375634554418241419895667070451690178066123444508353882441094510362274493387853649081145514826032803471494686376636651000333410667316664743592737637089173992116137829/4937961395253163634506641640713112695099092111863455181305144376344605153275045273990638143090988706490700120634071965489308246277091446123803035803547624761694936508543112186336249787919833857483040446542124154880
B3_nominal_schedule,True,margin_degrading_attribution_mass,1,verified-v3-normuon-1e-4,3,resolved,0.5895821428571428,48566083838528575116777235692955867395111816755711655311613550846798926745977325050219945859216706926816543814432815680838567041347277024718632038273/83835061973288276635958891798413782479272897426083467583888763583086134373507017777767664084411745704026276043097925835352586475696719338966364454912,25802890472547038898813774227729491146074730615561032213610763456440058913059164361702452763784874223577101009893389678208803290622145213346825807118423070204852680821437947201552984179464206401388721357950107825451/44441652557278472710559774766418014255891829006771096631746299387101446379475407465915743287818898358416301085706647689403774216493823015114227322231928622855254428576888009677026248091278504717347364018879117393920
B3_nominal_schedule,True,margin_degrading_attribution_mass,1,verified-v3-normuon-1e-4,4,resolved,0.5898942857142858,48514737441384084434627758397182647303120363348882399488475884192171947303188257110065583585685284661222031781583623987678361448054763737976575542501/83835061973288276635958891798413782479272897426083467583888763583086134373507017777767664084411745704026276043097925835352586475696719338966364454912,25735826055472634013658677813144020378547089718615348365506854729612599017516510691400449325321437009679538475022550187510038129773712749445822347468461964502613652482537058107556774916880544385578723651573084965111/44441652557278472710559774766418014255891829006771096631746299387101446379475407465915743287818898358416301085706647689403774216493823015114227322231928622855254428576888009677026248091278504717347364018879117393920
B3_nominal_schedule,True,margin_degrading_attribution_mass,1,verified-v3-normuon-1e-4,5,resolved,0.5909735714285714,2116179621953509060061314301865456341756369865513338563302071865954766276727618958504243811657727876763187172920004290111811729111643939301635822871/3645002694490794636346038773844077499098821627221020329734294068829831929282913816424681047148336769740272871439040253710982020682466058215928889344,25818277465744480244946085704295935821752271127617185885857720465848027652002044424356337340644461637388615904160598257714156838180166251338009348985902276016740846877691578042759838066082613080417085926507160002651/44441652557278472710559774766418014255891829006771096631746299387101446379475407465915743287818898358416301085706647689403774216493823015114227322231928622855254428576888009677026248091278504717347364018879117393920
B3_nominal_schedule,True,margin_degrading_attribution_mass,2,verified-v3-adamw-3e-6,1,resolved,0.5644085714285715,23551016195454025660838125258386131804292633069021346363985619297387925240337993965459088837938754405497569659670216076149342957209045016593752358896697/41911456193351312347076812382715058562394876584025778078207006775210500047973622134465351286518741358728127314969760555803011699726269345607473189355520,46371395392580492038363389391411647124711444322642316742870299389186408090650273260153031106239557866624029918587459984337107067495054065544378932503502711672726463478460354246742952792450056810856172410480503305782149/82565520483183023652324752778326527317670026691464794133265505540025780626688824426013932816533416666654203944023717170692353359639860285022575778663685115916621486141967836413978546446333771494892603408808474973306880
B3_nominal_schedule,True,margin_degrading_attribution_mass,2,verified-v3-adamw-3e-6,2,resolved,0.5754778571428572,35923926300557527056570760397091413095536930053545052146710787640583636136206763974604803285814955593786723659038153535512280809293378540523788699800293/62867184290026968520615218574072587843592314876038667117310510162815750071960433201698026929778112038092190972454640833704517549589404018411209784033280,10472908700405816959185850190570893875340750624271096627776612629257630785298748022308032926915262269766825600589719860053311055750130108530509428318977088980306200883909314026699443887732967296399982511668506686692817/18347893440707338589405500617405894959482228153658843140725667897783506805930849872447540625896314814812045320894159371264967413253302285560572395258596692425915885809326185869773010321407504776642800757512994438512640
B3_nominal_schedule,True,margin_degrading_attribution_mass,2,verified-v3-adamw-3e-6,3,resolved,0.5815735714285715,476478669505383945290239129725599041735399727135702805447916442233274279621635643766374892682590054132512880193909061525386521240994696212107999183683/827199793289828533165989718079902471626214669421561409438296186352838816736321489496026670128659368922265670690192642548743651968281631821200128737280,5002928990724951154724917619285440530598874066257385655380665163801420099766341927384255977062467606913588800368617432279920605527735173270035749974158694099765209094688295937189572661933237636253831130162395799468477/8691107419282423542349973976665950243965265967522609908764790056844819013335665729054098191214043859647810941476180754809721406277880030002376397754072117464907524857049245938313531204877239104725537200927207891927040
B3_nominal_schedule,True,margin_degrading_attribution_mass,2,verified-v3-adamw-3e-6,4,resolved,0.5840192857142857,2269612882427221135159795398738425818572485205956683225756303560640509050175396876354866748077529105967630980977232696117098233878452641419516420836573/3929199018126685532538451160879536740224519679752416694831906885175984379497527075106126683111132002380761935778415052106532346849337751150700611502080,10597263172605892592840825910763958783981643821838007699968950308824859408007170024463294603522708985040016188992309051043213149969399077640001017999696928115316588078348595185901630407975228463650051078990017877177967/18347893440707338589405500617405894959482228153658843140725667897783506805930849872447540625896314814812045320894159371264967413253302285560572395258596692425915885809326185869773010321407504776642800757512994438512640
B3_nominal_schedule,True,margin_degrading_attribution_mass,2,verified-v3-adamw-3e-6,5,resolved,0.5834164285714286,18196230444987907327536763448929875308604434032853970846516760600297743114435397854062386620105293546566945423321808037332226747606298505745291504686219/31433592145013484260307609287036293921796157438019333558655255081407875035980216600849013464889056019046095486227320416852258774794702009205604892016640,10623626299357681048113509968601727730857099266311099072052408787254142638773623423109344058473251041197295443841101496778119501734609992777095849290169736530232770877781277888642482577609137776002865410581171077821207/18347893440707338589405500617405894959482228153658843140725667897783506805930849872447540625896314814812045320894159371264967413253302285560572395258596692425915885809326185869773010321407504776642800757512994438512640
B3_nominal_schedule,True,margin_degrading_attribution_mass,2,verified-v3-muon-3e-4,1,resolved,0.5881207142857142,9565113021018369696087831385664569025815408298994481613707513407080640690973640284429112985303132520732094978672672058410870917069692730280890494365114738190916671985741270508751210161/16265626887704750014157607973942052417747916727268883526544235535416918729572258650806067210508639340319051170187594812297359983198495100641301741398476288120336102634946292812768870400,32374807726538214346767663396457668320370158899378251369264662471805747136454716186127035271718583589024738600070557883656513402576223390784039210378121139782241735329498904715792277886588993604208915701228290223127183/55043680322122016000272822416191095094657129429517890854995583335542591818864849045703228370794959881113408958765782477039950252940895481366569394935829112191693261171417936687826234213908443287521424835174905099059200
B3_nominal_schedule,True,margin_degrading_attribution_mass,2,verified-v3-muon-3e-4,2,resolved,0.5927621428571428,19314620139253157232219340231951521294529790148949020167593259702217052509307285153440047352720926564645721742468198129302567368372873630250615985317811992032781553702026658266984828247/32531253775409500028315215947884104835495833454537767053088471070833837459144517301612134421017278680638102340375189624594719966396990201282603482796952576240672205269892585625537740800,65351452417234384328498748505301195403916142431285112028839592538949187547486334708357311853006761788731665480592241950188069340819843413746201006662858065047693420302181709599028443269146314212289720766741158491393641/110087360644244032000545644832382190189314258859035781709991166671085183637729698091406456741589919762226817917531564954079900505881790962733138789871658224383386522342835873375652468427816886575042849670349810198118400
B3_nominal_schedule,True,margin_degrading_attribution_mass,2,verified-v3-muon-3e-4,3,resolved,0.5912535714285714,19311598556553818814722292655021318169310814726168395257821492424057879908454193533121205547195820707785279943214644531122647426003729273767100194589476951847277296575056850705989740697/32531253775409500028315215947884104835495833454537767053088471070833837459144517301612134421017278680638102340375189624594719966396990201282603482796952576240672205269892585625537740800,65329227486457034572174448954195859267670046756723067886009867301377632080518260108891287429681176136088767388884450424588428114145189953492947116799913940852240825146331014876032989101759481113352793240567239477256591/110087360644244032000545644832382190189314258859035781709991166671085183637729698091406456741589919762226817917531564954079900505881790962733138789871658224383386522342835873375652468427816886575042849670349810198118400
B3_nominal_schedule,True,margin_degrading_attribution_mass,2,verified-v3-muon-3e-4,4,resolved,0.591362142857143,19337931442120119480500455902004109248393920184091297670944697935873865502995978445738846485920435806581442183240592237153713481792534557388392382334986466804480473273004067057844851397/32531253775409500028315215947884104835495833454537767053088471070833837459144517301612134421017278680638102340375189624594719966396990201282603482796952576240672205269892585625537740800,65420112661300403992972470422321215857754429878684779984059027827539645023999279755602159562866516560746460870456956453689154180870759506512492141047668217038065312749789706919523564677773174550286537806437308485933291/110087360644244032000545644832382190189314258859035781709991166671085183637729698091406456741589919762226817917531564954079900505881790962733138789871658224383386522342835873375652468427816886575042849670349810198118400
B3_nominal_schedule,True,margin_degrading_attribution_mass,2,verified-v3-muon-3e-4,5,resolved,0.5924307142857143,19439431067954361330368759632233342135526759240657184970354165554629531322791356704171368322460563099174056537500969853338310291390354724138171402122472385137514169584686869290385447297/32531253775409500028315215947884104835495833454537767053088471070833837459144517301612134421017278680638102340375189624594719966396990201282603482796952576240672205269892585625537740800,65767360037043630480012236387769748523174581052748311278531604628543072659824345237038685009746781177144380087287542037162020259447958297543604516526671099267879424172904676118785854972653240240714222720895531042877791/110087360644244032000545644832382190189314258859035781709991166671085183637729698091406456741589919762226817917531564954079900505881790962733138789871658224383386522342835873375652468427816886575042849670349810198118400
B3_nominal_schedule,True,margin_degrading_attribution_mass,2,verified-v3-normuon-3e-4,1,resolved,0.5875385714285715,3828881747877564498686850226416450275546723249389638028928598141107606819223442793770069801306304126992235145072630008635553942482471690840457892709326198541907644924711646599856202307/6506250755081900005663043189576820967099166690907553410617694214166767491828903460322426884203455736127620468075037924918943993279398040256520696559390515248134441053978517125107548160,32402432321346705416506128198293591824885523364511944040291021025098557114691761604923547972341753858550270272843016237105257210524187966575153784365959906220184633021669187256066391974030280625976928418048501516159169/55043680322122016000272822416191095094657129429517890854995583335542591818864849045703228370794959881113408958765782477039950252940895481366569394935829112191693261171417936687826234213908443287521424835174905099059200
B3_nominal_schedule,True,margin_degrading_attribution_mass,2,verified-v3-normuon-3e-4,2,resolved,0.5912428571428572,2587619176566203895423884840406327231396402747875661710209587145244742698852749879495995199808951289282051522433930042890714997110210592110834821647799422576553467011785031628809704263/4337500503387933337108695459717880644732777793938368940411796142777844994552602306881617922802303824085080312050025283279295995519598693504347131039593676832089627369319011416738365440,7291160464227505112639796790423633425477666340520679810506253199952885394116355498056703553918704447409613801088025473114178631191660716052996153695187567631493404451251397666620284896753295822107875090475359627489807/12231928960471559111171738314709132243257139873226197967776796296787242626414410899045161860176657751358535324170173883786655611764643440303682087763517580487042946926981763708405829825312987397226983296705534466457600
B3_nominal_schedule,True,margin_degrading_attribution_mass,2,verified-v3-normuon-3e-4,3,resolved,0.5915221428571428,7731679019659925639265940376818773023846490643075334043644216808059181184503072412463450979671830376715134163815445213740523923119779864441796741670420181829054966473666445012629386899/13012501510163800011326086379153641934198333381815106821235388428333534983657806920644853768406911472255240936150075849837887986558796080513041393118781030496268882107957034250215096320,65390030382516923900143808153782341993676211222394119490010526887356035695789178954447369445336300649970191810498637345048824885969229721913653215519721598058027879122815052310587140389204324371958171493110853828231713/110087360644244032000545644832382190189314258859035781709991166671085183637729698091406456741589919762226817917531564954079900505881790962733138789871658224383386522342835873375652468427816886575042849670349810198118400
B3_nominal_schedule,True,margin_degrading_attribution_mass,2,verified-v3-normuon-3e-4,4,resolved,0.5907228571428572,2581989288126880036118308127403563477466368297166520116956523446096121360327492807968052940849254307744367565815976114919292237974658011298727283631101685299994912947194623717708453573/4337500503387933337108695459717880644732777793938368940411796142777844994552602306881617922802303824085080312050025283279295995519598693504347131039593676832089627369319011416738365440,2425106163820979183393479570322192006519257088612761858274844991068882030156311763121832015528775741922302918848416991584001436191146117585628628909599049463997180691829014006542743056485426756687684297100259079556319/4077309653490519703723912771569710747752379957742065989258932098929080875471470299681720620058885917119511774723391294595551870588214480101227362587839193495680982308993921236135276608437662465742327765568511488819200
B3_nominal_schedule,True,margin_degrading_attribution_mass,2,verified-v3-normuon-3e-4,5,resolved,0.5936371428571429,2589879704576311424716002813311429583838419571380575234835129569127384228648749090613229100064229415860676727599367029298883777179276884515863343960091264214287332142996071818921451153/4337500503387933337108695459717880644732777793938368940411796142777844994552602306881617922802303824085080312050025283279295995519598693504347131039593676832089627369319011416738365440,21922189041205902287983471407972702483427092454734745320015108771980355123503721821489427082566361150201135348388761360601606270217210235385349529348010762957199814666688498579537379102504626005899006471418316837313371/36695786881414677333515214944127396729771419619678593903330388890361727879243232697135485580529973254075605972510521651359966835293930320911046263290552741461128840780945291125217489475938962191680949890116603399372800
B3_nominal_schedule,True,margin_degrading_attribution_mass,3,verified-v3-adamw-1e-5,1,resolved,0.5820728571428572,171472367020190775411631671164637910752689431740626806492180513391818393291655391423022333057016867470124431606308820616782919510844060840185931041739487/294326248637519758923509091917942803280351032623558495483789482834628090654015276099616057315925258135945931021428881443108281297420471340513366701506560,40548611942709676290431735998901019616895950359630664934378789971733756122645547329571667950644521293012043350731857745514066686710070861533261946341421775549504780907438548569482058424969063732170320773607302675847429/69590430120083457405361130043334789318704995242092435369880469022784277218987616313301253648415950553706756385951324058186379223122978674254114486707587624737715239293509632193350586094875034602977956185416264077803520
B3_nominal_schedule,True,margin_degrading_attribution_mass,3,verified-v3-adamw-1e-5,2,resolved,0.585075,19368578680546882801953853764813765712274083649184700608119504744997759464877503621376767567479788113088457807006876340466519068815931195814273049625073/32702916515279973213723232435326978142261225847062055053754386981625343406001697344401784146213917570660659002380986827012031255268941260057040744611840,123739401700737347619053450534098573145545539106325414110031092185766430800190679816879677926324582917239803813563497777465965135267896449202098900126967429441320559105744975364162020185892361451060153241088143438627097/208771290360250372216083390130004367956114985726277306109641407068352831656962848939903760945247851661120269157853972174559137669368936022762343460122762874213145717880528896580051758284625103808933868556248792233410560
B3_nominal_schedule,True,margin_degrading_attribution_mass,3,verified-v3-adamw-1e-5,3,resolved,0.5896428571428572,175331961887051141207529012393197923006649675200273343528686342061322942894945025011407224293369716146894953716021887782330157061573758902457191341532637/294326248637519758923509091917942803280351032623558495483789482834628090654015276099616057315925258135945931021428881443108281297420471340513366701506560,41497997632091700813629177559822803739885421867949993519888706860295228646636735508986629793170410180113413981658860406390410174049981707102801697191465266645811118377191699537621102266903462621777546108387923733846239/69590430120083457405361130043334789318704995242092435369880469022784277218987616313301253648415950553706756385951324058186379223122978674254114486707587624737715239293509632193350586094875034602977956185416264077803520
B3_nominal_schedule,True,margin_degrading_attribution_mass,3,verified-v3-adamw-1e-5,4,resolved,0.587965,175937883240256332357192254595041001752111321337603018112460077939783739281594379376458059603442576540131861025660010101723802281477243930750837408017597/294326248637519758923509091917942803280351032623558495483789482834628090654015276099616057315925258135945931021428881443108281297420471340513366701506560,124867897546696840649496750714746416199491243772836994530851700559544947298482804337360659374902665492445943293745719201144326156988829080652098553305739484154452878910632314990895797282479110696857148469385401999002237/208771290360250372216083390130004367956114985726277306109641407068352831656962848939903760945247851661120269157853972174559137669368936022762343460122762874213145717880528896580051758284625103808933868556248792233410560
B3_nominal_schedule,True,margin_degrading_attribution_mass,3,verified-v3-adamw-1e-5,5,resolved,0.58863,58697996581922994904143031107866458650657871869226107357746988819669066032590729064165011017102842462727333615003433257847054520450313952809149067499279/98108749545839919641169697305980934426783677541186165161263160944876030218005092033205352438641752711981977007142960481036093765806823780171122233835520,124952109858603199526621185617980736611173128627596802265146225634572034420291903853101689081807744092107992013261885163594034737897125409822520913253406305553583514426718653111118025319823087163944578384944847421632557/208771290360250372216083390130004367956114985726277306109641407068352831656962848939903760945247851661120269157853972174559137669368936022762343460122762874213145717880528896580051758284625103808933868556248792233410560
B3_nominal_schedule,True,margin_degrading_attribution_mass,3,verified-v3-muon-1e-3,1,resolved,0.5818585714285714,332737215361432244855608714575744703534559713350423633871852492653399064171280686066978013768604959392039493916807270644748102079581862468150020964435573288912513010429732630464331655473/574224093278428269398701567539198064500003730027981466418744837683860854407988803313910447616816284456715500608294061009385915803895996416160683822640711579753429118326155369867546460160,2241490289245555481344418551656157017225000090861850722501250492381855596796452934220553787306343505094969502419987569674911637998410946769235984829123378053766630627017572903288321806638964041737571069065003209109129/3866135006671303238490213133493240177203085812886224683309608846758294584286618640544056837190230130625488904904310810233718521799759492903634167405611100713290938881577409559955576406229227053426936226425471269601280
B3_nominal_schedule,True,margin_degrading_attribution_mass,3,verified-v3-muon-1e-3,2,resolved,0.5876692857142858,668108330305453564515554470216286754366670628778263721603797517830739851102562399164665321231735606060794559200974127083651369715624147866521724126375578071562988214151667047481597888731/1148448186556856538797403135078396129000007460055962932837489675367721708815977606627820895233632568913431001216588122018771831607791992832321367645281423159506858236652310739735092920320,4499058976610965478663686826584828606272941659134753516165734205940147429579176250708662191507855204899280282313718110058254577913711918704236519654211314451700335131806334934282142478398708463654502380811873399519683/7732270013342606476980426266986480354406171625772449366619217693516589168573237281088113674380460261250977809808621620467437043599518985807268334811222201426581877763154819119911152812458454106853872452850942539202560
B3_nominal_schedule,True,margin_degrading_attribution_mass,3,verified-v3-muon-1e-3,3,resolved,0.5850171428571428,74452202823303382266140203819307181902678530457673571808857668995670687402205084204290152605463682642419105984276950373214928719566824758242841000032890459880867887956354731154653324949/127605354061872948755267015008710681000000828895106992537498852818635745423997511847535655025959174323714555690732013557641314623087999203591263071697935906611873137405812304415010324480,13529337177076114112056171668601426996250883248535599306436305769236097997264019036749549537421346906420123894858433384061588693334429690180100724492111493208649571818264320207982534006755316134902147766402649415594239/23196810040027819430941278800959441063218514877317348099857653080549767505719711843264341023141380783752933429425864861402311130798556957421805004433666604279745633289464457359733458437375362320561617358552827617607680
B3_nominal_schedule,True,margin_degrading_attribution_mass,3,verified-v3-muon-1e-3,4,resolved,0.5885692857142857,672063006554110090050891406596918325719199220663680867228721562782921156672351758536984569943867617748738458785618092074843495496452973791141431871721684539754768144337385856071224806001/1148448186556856538797403135078396129000007460055962932837489675367721708815977606627820895233632568913431001216588122018771831607791992832321367645281423159506858236652310739735092920320,4528254970540361156709055576169911489623838654388968963833640221145511500483388209220474985937536298073827617909411912651899897064144556644376748213824544492572603380035192278934875089512889692548281373925532112524713/7732270013342606476980426266986480354406171625772449366619217693516589168573237281088113674380460261250977809808621620467437043599518985807268334811222201426581877763154819119911152812458454106853872452850942539202560
B3_nominal_schedule,True,margin_degrading_attribution_mass,3,verified-v3-muon-1e-3,5,resolved,0.5919135714285714,75105775032990722048799724149041116036058455649702467878374391193324746319211013523947230061616403115379032168810721060214450816081186534640534415014247322582094928787579625716160929509/127605354061872948755267015008710681000000828895106992537498852818635745423997511847535655025959174323714555690732013557641314623087999203591263071697935906611873137405812304415010324480,13655156905933631165467605257263816963611804710045391425407898757282277756093037302892326499226100777698165684834278018536236599933464037340530765759859221341005863298202238333678082116417070246421175434266443993159279/23196810040027819430941278800959441063218514877317348099857653080549767505719711843264341023141380783752933429425864861402311130798556957421805004433666604279745633289464457359733458437375362320561617358552827617607680
B3_nominal_schedule,True,margin_degrading_attribution_mass,3,verified-v3-normuon-1e-3,1,resolved,0.5852614285714285,10034705082499580110924093028897482008102249819105980560157084446806251114918154787820279567174804158409245320559220075027587464606275151699996080723585644409135273817157866544025633501/17400730099346311193900047501187820136363749394787317164204389020723056194181478888300316594448978316870166685099820030587451994057454436853354055231536714537982700555338041511137771520,1337518702374891577146846749866355871707687158750458679529689115885506423650907777930795254980378287419028406307160758490956520252704753620846162329483403612719183469686875367058914168646385940675578375496025198162891/2319681004002781943094127880095944106321851487731734809985765308054976750571971184326434102314138078375293342942586486140231113079855695742180500443366660427974563328946445735973345843737536232056161735855282761760768
B3_nominal_schedule,True,margin_degrading_attribution_mass,3,verified-v3-normuon-1e-3,2,resolved,0.5920957142857143,60767090581753130484565009728098315500909627977893601118782731617819655954615269102634527909931341789972752365815382809939095922224291792825318657086943311792779476950092782063048966241/104404380596077867163400285007126920818182496368723902985226334124338337165088873329801899566693869901221000110598920183524711964344726621120124331389220287227896203332028249066826629120,901332687413822896138352218503443757688227984999210607448040118923575304110508071602242412583473342362300989123353757410122795624418696154378447772436170426762173048326226257501649198262885659528186331177574958754415/1546454002668521295396085253397296070881234325154489873323843538703317833714647456217622734876092052250195561961724324093487408719903797161453666962244440285316375552630963823982230562491690821370774490570188507840512
B3_nominal_schedule,True,margin_degrading_attribution_mass,3,verified-v3-normuon-1e-3,3,resolved,0.5850342857142856,61013787827791389782029996296002011862952384117838087128014136470441454071486046342187491954230486495524810817134917830351655631792851871494351064762978023451118108342475670882778322151/104404380596077867163400285007126920818182496368723902985226334124338337165088873329801899566693869901221000110598920183524711964344726621120124331389220287227896203332028249066826629120,903762619900845946776620582708024258545637972710292979343009086825989066441668391181594644394720725229760145690791107378099393580100960081790497344852011464704033677659294329014032225346994126232967958038943722342153/1546454002668521295396085253397296070881234325154489873323843538703317833714647456217622734876092052250195561961724324093487408719903797161453666962244440285316375552630963823982230562491690821370774490570188507840512
B3_nominal_schedule,True,margin_degrading_attribution_mass,3,verified-v3-normuon-1e-3,4,resolved,0.5896921428571428,20403269221381943771020701127533501599834268672091031639753840933482248049912311056249298548223845416674001901230420182542776863619997992097496524413493822374960078344841109842523002337/34801460198692622387800095002375640272727498789574634328408778041446112388362957776600633188897956633740333370199640061174903988114908873706708110463073429075965401110676083022275543040,2721147893133206031462199700887898728291755168169872087884017537240739700394401943796747160253390129978140338416922419076592438265288401625573083783709576867582025560717786545435271484313592693502629086280006313452135/4639362008005563886188255760191888212643702975463469619971530616109953501143942368652868204628276156750586685885172972280462226159711391484361000886733320855949126657892891471946691687475072464112323471710565523521536
B3_nominal_schedule,True,margin_degrading_attribution_mass,3,verified-v3-normuon-1e-3,5,resolved,0.5914471428571428,20521826961745914506820470196379908111943446678166125208305765945188438212500974832360545349051919572499784181847376676998602712249235594827376920550914851108480309197286514952090701837/34801460198692622387800095002375640272727498789574634328408778041446112388362957776600633188897956633740333370199640061174903988114908873706708110463073429075965401110676083022275543040,911885455599542429468133438978525915447290740184176438636913734768731652146777926225439530151901097207515018648993928678482965057698432438184693379536137138935406007033917039073882903320800062055941706427047601424905/1546454002668521295396085253397296070881234325154489873323843538703317833714647456217622734876092052250195561961724324093487408719903797161453666962244440285316375552630963823982230562491690821370774490570188507840512
B3_nominal_schedule,True,margin_degrading_attribution_mass,4,verified-v3-adamw-3e-5,1,resolved,0.5857735714285714,3745632834815614442303820402408309460354316759015189172360753412433227856844766487709148053191122542669018426656705028731820046218864922163990183899/6541383605258059545534563283829137568973718660449775016756283928741850452567763427831662298914124239047419604348460939822956235559552361841997905920,1221909104941487428198463315209970501002059579009802639302442951930782194012631735354639636557956411077248239312726882000541035783610483533076571379790656819991196113359300407160577900763153933579774148421782579/2147570063321385309805474625376376758821798001721486983033707144204348948075241320152128157389582996389616805191996278907070357150972277791942917097273044507327566187341607002381376953535421718721223356391096320
B3_nominal_schedule,True,margin_degrading_attribution_mass,4,verified-v3-adamw-3e-5,2,resolved,0.5897585714285715,1840436127217824374827863870808324544897354041617484990726553756968361896780196824207473901111246045285446113774197919674236451902439301848707399257/3270691802629029772767281641914568784486859330224887508378141964370925226283881713915831149457062119523709802174230469911478117779776180920998952960,2391598981354817573588197943938129551814662277675997752111371890385203936046063426546417065205208081619153535736670746617518000993617460648912463586464779417421678881048162527940888674513554018468304819703679113/4295140126642770619610949250752753517643596003442973966067414288408697896150482640304256314779165992779233610383992557814140714301944555583885834194546089014655132374683214004762753907070843437442446712782192640
B3_nominal_schedule,True,margin_degrading_attribution_mass,4,verified-v3-adamw-3e-5,3,resolved,0.5879642857142857,907271697966989429343411293363752026873304228319559845092150465286631264806218827479230981921023727352538603648042501340212824047479711284696546611/1635345901314514886383640820957284392243429665112443754189070982185462613141940856957915574728531059761854901087115234955739058889888090460499476480,2358395758578279980955468461257808448440417791085639071185939168317547278215670828805850580372172271173878333568367617492703208079383333129806356367982808899770829082593559715603303387100795229616313379938042423/4295140126642770619610949250752753517643596003442973966067414288408697896150482640304256314779165992779233610383992557814140714301944555583885834194546089014655132374683214004762753907070843437442446712782192640
B3_nominal_schedule,True,margin_degrading_attribution_mass,4,verified-v3-adamw-3e-5,4,resolved,0.58876,224053551523200478407922354229349169524752532466049374792237459220303158956713715455073661136373908077360942819445274581097366159362125498490221429/408836475328628721595910205239321098060857416278110938547267745546365653285485214239478893682132764940463725271778808738934764722472022615124869120,2321750590739975934733204469408303580412125722514567900439982731824832095915567324508350089436748248745908386396878497244842289238306099744267860080090467191842518916355608173833162702278715350819755168855210063/4295140126642770619610949250752753517643596003442973966067414288408697896150482640304256314779165992779233610383992557814140714301944555583885834194546089014655132374683214004762753907070843437442446712782192640
B3_nominal_schedule,True,margin_degrading_attribution_mass,4,verified-v3-adamw-3e-5,5,resolved,0.5892628571428571,111606495490645877360419104030248248843549538893140091146325069145811432132578219110484533214800266434261159623200475214018071990472453449776031397/204418237664314360797955102619660549030428708139055469273633872773182826642742607119739446841066382470231862635889404369467382361236011307562434560,2313542917141033579565202525273269726467138203103788827573197078983926037585899682734692830915403609627211182334497167032914843724802886115305102699332108000806635976168769121423181607638478731740136269916695343/4295140126642770619610949250752753517643596003442973966067414288408697896150482640304256314779165992779233610383992557814140714301944555583885834194546089014655132374683214004762753907070843437442446712782192640
B3_nominal_schedule,True,margin_degrading_attribution_mass,4,verified-v3-muon-3e-3,1,resolved,0.5424921428571429,363426459140692544589967453113597540797222199462782359725993034894152656283580412599956634042884929069523133949340620105721970110709646970567464860105080295630067532641744198007621/651888552082567619404879707943133729364231811691070727566653765745856889605757869775228467613648343614716397037734992023765109362070627312758088575462742904678004645192080174350336,178378989581601720039929649276974828445765778627306773051194715198994397571610155752992644616188687407608976812787830757751534460299281504822379723562634531029879333741638817470672311026679324243575177493144743/322135509498207806660233479915394819257377341843117844479338765529130362276951615540694212742220646088666658800111780458574280905686536907458528556757094668261045066632071842879566072888510916153201776905945088
B3_nominal_schedule,True,margin_degrading_attribution_mass,4,verified-v3-muon-3e-3,2,resolved,0.5378814285714285,2188066322111516421087744329806386855635003817255340201046571191877461908827424096357665823369825260529947645046602722998819667020340664322165628001605460063699045588781590133287953/3911331312495405716429278247658802376185390870146424365399922594475141337634547218651370805681890061688298382226409952142590656172423763876548531452776457428068027871152481046102016,1074183360340294832553870618543744674868171466955730133081030546469322679437810708673458334597188273025968962640318749220939205962557988904897663326088109172550012400614588638219906135874884446667730880043314449/1932813056989246839961400879492368915544264051058707066876032593174782173661709693244165276453323876531999952800670682751445685434119221444751171340542568009566270399792431057277396437331065496919210661435670528
B3_nominal_schedule,True,margin_degrading_attribution_mass,4,verified-v3-muon-3e-3,3,resolved,0.5432642857142858,2192306903183926513175705111541662977321989601129203237526595336273195769264013616970876172793344490598011098444396006393198219932720947926084866738713300596605878419963705427629175/3911331312495405716429278247658802376185390870146424365399922594475141337634547218651370805681890061688298382226409952142590656172423763876548531452776457428068027871152481046102016,1079263997014385611311430250368869792353590455664863165156734675575320694460386986149705125345631267020100431858971367971013015912850491240458228082010243411621285890516708277794709716286718953811115939188325675/1932813056989246839961400879492368915544264051058707066876032593174782173661709693244165276453323876531999952800670682751445685434119221444751171340542568009566270399792431057277396437331065496919210661435670528
B3_nominal_schedule,True,margin_degrading_attribution_mass,4,verified-v3-muon-3e-3,4,resolved,0.5483742857142857,2208350844429112754531267325271969124305618415303476614861830055808617388456805942783107007145186667901923145749675456903727801462286499942021882166599861325642238559806089323314355/3911331312495405716429278247658802376185390870146424365399922594475141337634547218651370805681890061688298382226409952142590656172423763876548531452776457428068027871152481046102016,362232276010193423281607304673854571264700598847881924318433847040404225027230442238551673997306746233253894749405574991407758271306381657054660405081862411741760518608590975244629188059734105817680621504317305/644271018996415613320466959830789638514754683686235688958677531058260724553903231081388425484441292177333317600223560917148561811373073814917057113514189336522090133264143685759132145777021832306403553811890176
B3_nominal_schedule,True,margin_degrading_attribution_mass,4,verified-v3-muon-3e-3,5,resolved,0.5571792857142858,2220069390174146637117196998213883606979955050904039332787286548881174255035383558921650278039428884526211787231673675259495459435960598176717457415726171280628765239288131171861991/3911331312495405716429278247658802376185390870146424365399922594475141337634547218651370805681890061688298382226409952142590656172423763876548531452776457428068027871152481046102016,1094185819241362821099494822615474912901508788145506847016222587106036964660681196785996016794418785945417776111903279663528225583067029206255422617354519255209567147213111385093433976947242823847716601576998003/1932813056989246839961400879492368915544264051058707066876032593174782173661709693244165276453323876531999952800670682751445685434119221444751171340542568009566270399792431057277396437331065496919210661435670528
B3_nominal_schedule,True,margin_degrading_attribution_mass,4,verified-v3-normuon-3e-3,1,resolved,0.5348342857142857,122461759939717830109921257063210109176068858177327810837330101309891036235607493317624384893211841959105783438003735896348123089328005849397904791782758003847145768025134834114413/212572353939967701979852078677108824792684286421001324206517532308431594436660174926704935091407068570016216425348366964271231313718682819377637578955242251525436297345243535114240,1846072601261005562533104723631571604683722603653198596602159738188959170124169313595914358249967605118471873609244558955049728561755084327673280782742632320520816411960405793081088049044119332514686011495081031/3221355094982078066602334799153948192573773418431178444793387655291303622769516155406942127422206460886666588001117804585742809056865369074585285567570946682610450666320718428795660728885109161532017769059450880
B3_nominal_schedule,True,margin_degrading_attribution_mass,4,verified-v3-normuon-3e-3,2,resolved,0.5396864285714286,80870513885460721886904150646204055958124762982843083896020360676718205059943060784222785026206335273319863877995947159897761354227690742984689969333380365111123755132426208072897/141714902626645134653234719118072549861789524280667549471011688205621062957773449951136623394271379046677477616898911309514154209145788546251758385970161501016957531563495690076160,10936001413141116912602658772856256254702757443439651196612810162947212889587210832105573069580602427234230238439549084613506546579566526416131156069682106532426015740631735308662790442630644394001362721931684951/19328130569892468399614008794923689155442640510587070668760325931747821736617096932441652764533238765319999528006706827514456854341192214447511713405425680095662703997924310572773964373310654969192106614356705280
B3_nominal_schedule,True,margin_degrading_attribution_mass,4,verified-v3-normuon-3e-3,3,resolved,0.5446657142857143,240466642558089564422835509319976070662159503446701866788974195598147013769612689824787153104376389652455437485492050791114740358803540628453295116107427590304156812094268786240141/425144707879935403959704157354217649585368572842002648413035064616863188873320349853409870182814137140032432850696733928542462627437365638755275157910484503050872594690487070228480,10845442993862327554797932833739723155507084185441958017512146953400696198671875370849885357275008963182544644144399623986258915251723040036537489384833903088504651625047493341750388013352444580145942024230778401/19328130569892468399614008794923689155442640510587070668760325931747821736617096932441652764533238765319999528006706827514456854341192214447511713405425680095662703997924310572773964373310654969192106614356705280
B3_nominal_schedule,True,margin_degrading_attribution_mass,4,verified-v3-normuon-3e-3,4,resolved,0.5518028571428572,80255756197863117766489971572361427222128789747536078140320200844129023459126661943938420577677620082415416256520861095646725627769692193841514230211480839085757552771489904504027/141714902626645134653234719118072549861789524280667549471011688205621062957773449951136623394271379046677477616898911309514154209145788546251758385970161501016957531563495690076160,10911304165572260497680417638289179614537803096257360253295577661290697844071271771208740343475477884864352650347064438344610015301328730065289130127101903601166535343867397828179531529456686684943922466524983741/19328130569892468399614008794923689155442640510587070668760325931747821736617096932441652764533238765319999528006706827514456854341192214447511713405425680095662703997924310572773964373310654969192106614356705280
B3_nominal_schedule,True,margin_degrading_attribution_mass,4,verified-v3-normuon-3e-3,5,resolved,0.5584957142857143,241659109462418868445233807778482427110321370008487956956063161488040552322638978598515463666908668023942617616988395576286485471965710105899113455162421193830895864950049447380301/425144707879935403959704157354217649585368572842002648413035064616863188873320349853409870182814137140032432850696733928542462627437365638755275157910484503050872594690487070228480,3641244570106537338153322616200929615781251803800273730140612793805461669969598936617823377135503591415102857811842894611182769811218823501497504803467702993782828219271115420459650531238539289616799196083297387/6442710189964156133204669598307896385147546836862356889586775310582607245539032310813884254844412921773333176002235609171485618113730738149170571135141893365220901332641436857591321457770218323064035538118901760
B3_nominal_schedule,True,random_50pct_relative_shortlist_ndcg,1,verified-v3-adamw-1e-6,1,resolved,0.5425692857142858,19421885002758383996839020032254984069282431305222222473987935651244289587799557377631741828662968719032131523102624307530086089520403234769778275007/34931275822203448598316204916005742699697040594201444826620318159619222655627924074069860035171560710010948351290802431396911031540299724569318522880,178191174110260586144832792858696147401152685131752411722501298982889535594031875176735270766375770657078038726132582434360775220654762896187666473901049280516719842969244001498036305451367684685731179760137406647/320735633766070595305479802219783549625058978732111075993128786818289626625658455213720938502845235555509878164045366192153019899507851631519185940409547873365889009120454943894734098556418746374010138517055733760
B3_nominal_schedule,True,random_50pct_relative_shortlist_ndcg,1,verified-v3-adamw-1e-6,2,resolved,0.55545,39513305986261704896152426689105652422584017397020504685064532041192771784991033496384037764489385981168127314176359234315090083700658550141959126629/69862551644406897196632409832011485399394081188402889653240636319238445311255848148139720070343121420021896702581604862793822063080599449138637045760,362720646800047837140160225031978660870817537930477383112644071639145088294948392219814569384860109612398661037475686858556813384859201124542595361491891053916861440496019631921280978990285476650873858660743961229/641471267532141190610959604439567099250117957464222151986257573636579253251316910427441877005690471111019756328090732384306039799015703263038371880819095746731778018240909887789468197112837492748020277034111467520
B3_nominal_schedule,True,random_50pct_relative_shortlist_ndcg,1,verified-v3-adamw-1e-6,3,resolved,0.5608178571428571,39875093077875370260157183842202512352331589911219881170812494967849128434550495929476191374043705698895581974361970054912029874168318815193299947539/69862551644406897196632409832011485399394081188402889653240636319238445311255848148139720070343121420021896702581604862793822063080599449138637045760,13572841930135183482147478000477012397039515066857764271587328865372996483364864814540866129471879120172464389378201357803127347901289048040693639445656363651738918809168284833250896844993728290862336045512866737/23758195093783007059665170534798781453708072498674894518009539764317750120419144830645995444655202633741472456595953051270594066630211231964384143734040583212288074749663329177387711004179166398074825075337461760
B3_nominal_schedule,True,random_50pct_relative_shortlist_ndcg,1,verified-v3-adamw-1e-6,4,resolved,0.5633707142857143,39997848558761453520152078259852046311141679468813182428308103117582971849167178660166183651200096571492591545934726852441573895831749735419613917819/69862551644406897196632409832011485399394081188402889653240636319238445311255848148139720070343121420021896702581604862793822063080599449138637045760,122494114797646745941508133958770644417039636781010476784100754232145059201088370370732434334576429788108060948646742342632168808567497508953081073997703798721313947553334559096162596587856736986389487817010022513/213823755844047063536986534813189033083372652488074050662085857878859751083772303475813959001896823703673252109363577461435346599671901087679457293606365248910592672746969962596489399037612497582673425678037155840
B3_nominal_schedule,True,random_50pct_relative_shortlist_ndcg,1,verified-v3-adamw-1e-6,5,resolved,0.5649535714285714,40038353583658654478833760685587282078407064405162978581120176839118322280794536893167031112565665906204279612869323680880059631052817081127334798899/69862551644406897196632409832011485399394081188402889653240636319238445311255848148139720070343121420021896702581604862793822063080599449138637045760,40868747134740942295334394442333750277849245308392450881690010025020318068479182579011204206523648629025595767224444843476748584677866658024035628252425392404193014841552775160004428282631402237101618121479665971/71274585281349021178995511604396344361124217496024683554028619292953250361257434491937986333965607901224417369787859153811782199890633695893152431202121749636864224248989987532163133012537499194224475226012385280
B3_nominal_schedule,True,random_50pct_relative_shortlist_ndcg,1,verified-v3-muon-1e-4,1,resolved,0.5822957142857142,6750391101546029478483943368219652979024022020033284503243221302465691155933117311780633076146641003684914250835209587342412362719854464368145015681/11643758607401149532772068305335247566565680198067148275540106053206407551875974691356620011723853570003649450430267477132303677180099908189772840960,61933672611847537549889656019658779882129986158541213592095601145239653635030357773443011268285417438424102468607607601769247569154839596790093029246565111478639622575486522806596576819739109895472178266513349657/106911877922023531768493267406594516541686326244037025331042928939429875541886151737906979500948411851836626054681788730717673299835950543839728646803182624455296336373484981298244699518806248791336712839018577920
B3_nominal_schedule,True,random_50pct_relative_shortlist_ndcg,1,verified-v3-muon-1e-4,2,resolved,0.5879385714285714,13629111896027383995311892486952241501100278786540968090836090521029064077596259141121774321425176893872833064565456795224152628803255822205055254207/23287517214802299065544136610670495133131360396134296551080212106412815103751949382713240023447707140007298900860534954264607354360199816379545681920,125081410557602919837750064895160073340193139596393720623102383116501737950805306839677695259107856019030911394322736721254930635623997406469532174328928270974151527780179037104651963934843185754521946560050342439/213823755844047063536986534813189033083372652488074050662085857878859751083772303475813959001896823703673252109363577461435346599671901087679457293606365248910592672746969962596489399037612497582673425678037155840
B3_nominal_schedule,True,random_50pct_relative_shortlist_ndcg,1,verified-v3-muon-1e-4,3,resolved,0.58963,40730223905532071748599368823754571285726175079885227109465923203531129109143613464663432047839880067726594457511660966133039970011352395386449869691/69862551644406897196632409832011485399394081188402889653240636319238445311255848148139720070343121420021896702581604862793822063080599449138637045760,53415160840635835148100694377019193841229394225954441133922377705370839760222440002182514660245955706850809780343596122342879848261602686448576871593898871331236327144829078270139284335782836930799417609712713381/91638752504591598658708514919938157035731136780603164569465367662368464750188130061063125286527210158717108046870104626329434257002243323291195982974156535247396859748701412541352599587548213249717182433444495360
B3_nominal_schedule,True,random_50pct_relative_shortlist_ndcg,1,verified-v3-muon-1e-4,4,resolved,0.5903421428571428,13566369040693459570553221581364716342251589044864599195942381215964629015305000218546816785184098663978035977355301608101772581581775353245809936557/23287517214802299065544136610670495133131360396134296551080212106412815103751949382713240023447707140007298900860534954264607354360199816379545681920,373368341286131022118675603461029674935110686285721160296852192818574977477753906131163693486104746842654605609214043931626520147718397897211851474253493374122368599802003013438737924749587726163928550146790205487/641471267532141190610959604439567099250117957464222151986257573636579253251316910427441877005690471111019756328090732384306039799015703263038371880819095746731778018240909887789468197112837492748020277034111467520
B3_nominal_schedule,True,random_50pct_relative_shortlist_ndcg,1,verified-v3-muon-1e-4,5,resolved,0.5910157142857143,40894132445198820938567280310962736434427060963456935533328112576430453130455669663548966557731043147998141767843199716785794168291400008513984642731/69862551644406897196632409832011485399394081188402889653240636319238445311255848148139720070343121420021896702581604862793822063080599449138637045760,375086604945554202669699742626100247209263146993816080925357161621643966104527890187646281221202679792625193871469272766716754633762557280219362870619601106079862283339670843454691487966914681254729398273860742707/641471267532141190610959604439567099250117957464222151986257573636579253251316910427441877005690471111019756328090732384306039799015703263038371880819095746731778018240909887789468197112837492748020277034111467520
B3_nominal_schedule,True,random_50pct_relative_shortlist_ndcg,1,verified-v3-normuon-1e-4,1,resolved,0.5801178571428572,8069448764902162861597139636933239188022108731670001773512074364957297671365789022266807374322844071518106756748450945153239930714192711781766893011/13972510328881379439326481966402297079878816237680577930648127263847689062251169629627944014068624284004379340516320972558764412616119889827727409152,41157800336158060876636452526033180205563136568766067586597170832944133797888632828445783043066222283689708750041477450282812282201748688008077062283095574054609456819400330559726141664867479639700593976362983839/71274585281349021178995511604396344361124217496024683554028619292953250361257434491937986333965607901224417369787859153811782199890633695893152431202121749636864224248989987532163133012537499194224475226012385280
B3_nominal_schedule,True,random_50pct_relative_shortlist_ndcg,1,verified-v3-normuon-1e-4,2,resolved,0.5869142857142856,5440568858699788309958263933912376909618361831242598266632556373241577558772135086249347338633630547363771081227744531245988976487285061760030819631/9315006885920919626217654644268198053252544158453718620432084842565126041500779753085296009379082856002919560344213981705842941744079926551818272768,249622900529969718085757354844175400381608024171805252593224902293106609239376198791151026888403666119082807376286710582426039415701507892132518893784447335382328313537412443997399187403999358693209175015830021059/427647511688094127073973069626378066166745304976148101324171715757719502167544606951627918003793647407346504218727154922870693199343802175358914587212730497821185345493939925192978798075224995165346851356074311680
B3_nominal_schedule,True,random_50pct_relative_shortlist_ndcg,1,verified-v3-normuon-1e-4,3,resolved,0.5895821428571428,48566083838528575116777235692955867395111816755711655311613550846798926745977325050219945859216706926816543814432815680838567041347277024718632038273/83835061973288276635958891798413782479272897426083467583888763583086134373507017777767664084411745704026276043097925835352586475696719338966364454912,743082245336601926481596445709917519018084580802779488894368130367716638848068670469422294187611713777710351104285105968878718881687726013428170255374025308897825390934388542121729100412594448685683489101838355727/1282942535064282381221919208879134198500235914928444303972515147273158506502633820854883754011380942222039512656181464768612079598031406526076743761638191493463556036481819775578936394225674985496040554068222935040
B3_nominal_schedule,True,random_50pct_relative_shortlist_ndcg,1,verified-v3-normuon-1e-4,4,resolved,0.5898942857142858,48514737441384084434627758397182647303120363348882399488475884192171947303188257110065583585685284661222031781583623987678361448054763737976575542501/83835061973288276635958891798413782479272897426083467583888763583086134373507017777767664084411745704026276043097925835352586475696719338966364454912,741832926049827493139828655519151649478501530477034920228386186373807909027098601509326659934067507136754392176925527475218042642400991023181539142090565328089073861226970496624827439417911699780616067587345870827/1282942535064282381221919208879134198500235914928444303972515147273158506502633820854883754011380942222039512656181464768612079598031406526076743761638191493463556036481819775578936394225674985496040554068222935040
B3_nominal_schedule,True,random_50pct_relative_shortlist_ndcg,1,verified-v3-normuon-1e-4,5,resolved,0.5909735714285714,2116179621953509060061314301865456341756369865513338563302071865954766276727618958504243811657727876763187172920004290111811729111643939301635822871/3645002694490794636346038773844077499098821627221020329734294068829831929282913816424681047148336769740272871439040253710982020682466058215928889344,744252146452849012779467168099067944813285870596077383278854966826477494586809795196954035480375062530559118977794970823990215315203704517377721128559295799711150549282847903313295658665610795348759759565731092607/1282942535064282381221919208879134198500235914928444303972515147273158506502633820854883754011380942222039512656181464768612079598031406526076743761638191493463556036481819775578936394225674985496040554068222935040
B3_nominal_schedule,True,random_50pct_relative_shortlist_ndcg,2,verified-v3-adamw-3e-6,1,resolved,0.5644085714285715,23551016195454025660838125258386131804292633069021346363985619297387925240337993965459088837938754405497569659670216076149342957209045016593752358896697/41911456193351312347076812382715058562394876584025778078207006775210500047973622134465351286518741358728127314969760555803011699726269345607473189355520,100502319367945759649582828413243415161256968440035764794944752440151965875068292434278711105739340076674622354102973715683701348012411957093647961908102371784153455573058026457642467984007645143408123924708009835911/178672394226688899402670674510080278907640042168911870938739626927432213813482521098797504776591398210576938882598144833673655055742827060518780265227135147203179996766071244769104648524099488119917426990029020856320
B3_nominal_schedule,True,random_50pct_relative_shortlist_ndcg,2,verified-v3-adamw-3e-6,2,resolved,0.5754778571428572,35923926300557527056570760397091413095536930053545052146710787640583636136206763974604803285814955593786723659038153535512280809293378540523788699800293/62867184290026968520615218574072587843592314876038667117310510162815750071960433201698026929778112038092190972454640833704517549589404018411209784033280,153239142167997472892523850522621247891773921973252132382436777441003256891857172946436010016640699992628811545539200316218806807702417884708233192059274913865518287383949901604854940627158252928924116241326638786609/268008591340033349104006011765120418361460063253367806408109440391148320720223781648196257164887097315865408323897217250510482583614240590778170397840702720804769995149106867153656972786149232179876140485043531284480
B3_nominal_schedule,True,random_50pct_relative_shortlist_ndcg,2,verified-v3-adamw-3e-6,3,resolved,0.5815735714285715,476478669505383945290239129725599041735399727135702805447916442233274279621635643766374892682590054132512880193909061525386521240994696212107999183683/827199793289828533165989718079902471626214669421561409438296186352838816736321489496026670128659368922265670690192642548743651968281631821200128737280,4059868961272159641880008758196516000133484251703472785491218949084217508857768636880490055941330069722640575892819307437103811636283933515412102674791005528444931551831337845735638924157750511171144670025260237473/7052857666842982871158052941187379430564738506667573852844985273451271597900625832847269925391765718838563376944663611855539015358269489231004484153702703179072894609187022819833078231214453478417793170659040296960
B3_nominal_schedule,True,random_50pct_relative_shortlist_ndcg,2,verified-v3-adamw-3e-6,4,resolved,0.5840192857142857,2269612882427221135159795398738425818572485205956683225756303560640509050175396876354866748077529105967630980977232696117098233878452641419516420836573/3929199018126685532538451160879536740224519679752416694831906885175984379497527075106126683111132002380761935778415052106532346849337751150700611502080,77323364755728758294873355606696969654060667479501425974185305215823433664172872000734410699006228557135542841485031296070915841792540181319522251338977733883396302521562997238117998581085245950119149430973232475337/134004295670016674552003005882560209180730031626683903204054720195574160360111890824098128582443548657932704161948608625255241291807120295389085198920351360402384997574553433576828486393074616089938070242521765642240
B3_nominal_schedule,True,random_50pct_relative_shortlist_ndcg,2,verified-v3-adamw-3e-6,5,resolved,0.5834164285714286,18196230444987907327536763448929875308604434032853970846516760600297743114435397854062386620105293546566945423321808037332226747606298505745291504686219/31433592145013484260307609287036293921796157438019333558655255081407875035980216600849013464889056019046095486227320416852258774794702009205604892016640,19374937573823015583956997852976877931994888849258652692855202360443607792861016303528126414433795735771349747849807824194376904394907328676392526285425415309047225595737775863485694324082269593777166786214344497343/33501073917504168638000751470640052295182507906670975801013680048893540090027972706024532145610887164483176040487152156313810322951780073847271299730087840100596249393638358394207121598268654022484517560630441410560
B3_nominal_schedule,True,random_50pct_relative_shortlist_ndcg,2,verified-v3-muon-3e-4,1,resolved,0.5881207142857142,9565113021018369696087831385664569025815408298994481613707513407080640690973640284429112985303132520732094978672672058410870917069692730280890494365114738190916671985741270508751210161/16265626887704750014157607973942052417747916727268883526544235535416918729572258650806067210508639340319051170187594812297359983198495100641301741398476288120336102634946292812768870400,4043053704162044292901611650300848577186801648410147939147206858205294321807948993261370383788020361402638427995022150754623758969229892156203793117467941760046731206029938766056193578754274443280367718007142261823/6872015162564957698304925149429145302053805744133370120332970283623684973983677525788387255661692017506693894675461398126978824263320232796077835805827376934192225785095490762123965556102857261883324809685971763200
B3_nominal_schedule,True,random_50pct_relative_shortlist_ndcg,2,verified-v3-muon-3e-4,2,resolved,0.5927621428571428,19314620139253157232219340231951521294529790148949020167593259702217052509307285153440047352720926564645721742468198129302567368372873630250615985317811992032781553702026658266984828247/32531253775409500028315215947884104835495833454537767053088471070833837459144517301612134421017278680638102340375189624594719966396990201282603482796952576240672205269892585625537740800,8158834620176007790784304691258090893777208255882000998794207651314526046530305193098232181671978508634062245675946016375419823484326801667391252796047578879416421850141471041219277562848313144732167808946715355121/13744030325129915396609850298858290604107611488266740240665940567247369947967355051576774511323384035013387789350922796253957648526640465592155671611654753868384451570190981524247931112205714523766649619371943526400
B3_nominal_schedule,True,random_50pct_relative_shortlist_ndcg,2,verified-v3-muon-3e-4,3,resolved,0.5912535714285714,19311598556553818814722292655021318169310814726168395257821492424057879908454193533121205547195820707785279943214644531122647426003729273767100194589476951847277296575056850705989740697/32531253775409500028315215947884104835495833454537767053088471070833837459144517301612134421017278680638102340375189624594719966396990201282603482796952576240672205269892585625537740800,8165295329345234705652414526853487312231292775267622216220934775800039858428600371492325741586638101556400108324806438743403585931698530142442825466074208236544892713845391829273682907121339126577771889160764963071/13744030325129915396609850298858290604107611488266740240665940567247369947967355051576774511323384035013387789350922796253957648526640465592155671611654753868384451570190981524247931112205714523766649619371943526400
B3_nominal_schedule,True,random_50pct_relative_shortlist_ndcg,2,verified-v3-muon-3e-4,4,resolved,0.591362142857143,19337931442120119480500455902004109248393920184091297670944697935873865502995978445738846485920435806581442183240592237153713481792534557388392382334986466804480473273004067057844851397/32531253775409500028315215947884104835495833454537767053088471070833837459144517301612134421017278680638102340375189624594719966396990201282603482796952576240672205269892585625537740800,8178747508902264522409719830304034877404791393683605707488518868945900591344722811187870441521242495638035133404052825448811923204343873946849676249942088418008029718891317962199917976175255039064651946028546809571/13744030325129915396609850298858290604107611488266740240665940567247369947967355051576774511323384035013387789350922796253957648526640465592155671611654753868384451570190981524247931112205714523766649619371943526400
B3_nominal_schedule,True,random_50pct_relative_shortlist_ndcg,2,verified-v3-muon-3e-4,5,resolved,0.5924307142857143,19439431067954361330368759632233342135526759240657184970354165554629531322791356704171368322460563099174056537500969853338310291390354724138171402122472385137514169584686869290385447297/32531253775409500028315215947884104835495833454537767053088471070833837459144517301612134421017278680638102340375189624594719966396990201282603482796952576240672205269892585625537740800,8222793181909001431625123558792323326784010682118442781934007967968019290986521685739198899614888440526057786709594571566661466242814911096890699535305132485518887576759628893930405629291760005247249087728257433671/13744030325129915396609850298858290604107611488266740240665940567247369947967355051576774511323384035013387789350922796253957648526640465592155671611654753868384451570190981524247931112205714523766649619371943526400
B3_nominal_schedule,True,random_50pct_relative_shortlist_ndcg,2,verified-v3-normuon-3e-4,1,resolved,0.5875385714285715,3828881747877564498686850226416450275546723249389638028928598141107606819223442793770069801306304126992235145072630008635553942482471690840457892709326198541907644924711646599856202307/6506250755081900005663043189576820967099166690907553410617694214166767491828903460322426884203455736127620468075037924918943993279398040256520696559390515248134441053978517125107548160,105184495142674025111673024313350708093127247868422446131222374134491019410878972815765769473229757274537996095860699324207822134341675318868409970835124422316490859961655785314140783183485807271417130139244572989639/178672394226688900155928053885157777853398949347467623128657227374215809323575615670498068647203992455174041261561996351301449430846326052698023730951511800288997870412482759815223104458674288808966445051835265843200
B3_nominal_schedule,True,random_50pct_relative_shortlist_ndcg,2,verified-v3-normuon-3e-4,2,resolved,0.5912428571428572,2587619176566203895423884840406327231396402747875661710209587145244742698852749879495995199808951289282051522433930042890714997110210592110834821647799422576553467011785031628809704263/4337500503387933337108695459717880644732777793938368940411796142777844994552602306881617922802303824085080312050025283279295995519598693504347131039593676832089627369319011416738365440,71078724584396568387901854551169125716461700535621323184831086861914078547142505844482335769095764075397943740756328099874584021346836665397065617784032767613669799927982954050762844061764312113866994093487147246651/119114929484459266770618702590105185235599299564978415419104818249477206215717077113665379098135994970116027507707997567534299620564217368465349153967674533525998580274988506543482069639116192539310963367890177228800
B3_nominal_schedule,True,random_50pct_relative_shortlist_ndcg,2,verified-v3-normuon-3e-4,3,resolved,0.5915221428571428,7731679019659925639265940376818773023846490643075334043644216808059181184503072412463450979671830376715134163815445213740523923119779864441796741670420181829054966473666445012629386899/13012501510163800011326086379153641934198333381815106821235388428333534983657806920644853768406911472255240936150075849837887986558796080513041393118781030496268882107957034250215096320,212694499980017393207567134462224007518171052953658287764009426274485649502142387628357908427090702911358201795856151422888528912579147889188027124280610087570227272837643048272682423710052583139919620641226618055703/357344788453377800311856107770315555706797898694935246257314454748431618647151231340996137294407984910348082523123992702602898861692652105396047461903023600577995740824965519630446208917348577617932890103670531686400
B3_nominal_schedule,True,random_50pct_relative_shortlist_ndcg,2,verified-v3-normuon-3e-4,4,resolved,0.5907228571428572,2581989288126880036118308127403563477466368297166520116956523446096121360327492807968052940849254307744367565815976114919292237974658011298727283631101685299994912947194623717708453573/4337500503387933337108695459717880644732777793938368940411796142777844994552602306881617922802303824085080312050025283279295995519598693504347131039593676832089627369319011416738365440,70916058781329007441631353642991868716320975394965358479285952742499850243735465781088890875690403493564230990548819011385965211467046924007839454080512967150015259237710759963824200491807626770697210422812464233601/119114929484459266770618702590105185235599299564978415419104818249477206215717077113665379098135994970116027507707997567534299620564217368465349153967674533525998580274988506543482069639116192539310963367890177228800
B3_nominal_schedule,True,random_50pct_relative_shortlist_ndcg,2,verified-v3-normuon-3e-4,5,resolved,0.5936371428571429,2589879704576311424716002813311429583838419571380575234835129569127384228648749090613229100064229415860676727599367029298883777179276884515863343960091264214287332142996071818921451153/4337500503387933337108695459717880644732777793938368940411796142777844994552602306881617922802303824085080312050025283279295995519598693504347131039593676832089627369319011416738365440,71120534543200646074637126349923522130448683113843167175939434115148651338982428914846772125700882430943107427314475822387327587225226994775645931780746249711328217425644137177251627396775459991508396274531649222301/119114929484459266770618702590105185235599299564978415419104818249477206215717077113665379098135994970116027507707997567534299620564217368465349153967674533525998580274988506543482069639116192539310963367890177228800
B3_nominal_schedule,True,random_50pct_relative_shortlist_ndcg,3,verified-v3-adamw-1e-5,1,resolved,0.5820728571428572,171472367020190775411631671164637910752689431740626806492180513391818393291655391423022333057016867470124431606308820616782919510844060840185931041739487/294326248637519758923509091917942803280351032623558495483789482834628090654015276099616057315925258135945931021428881443108281297420471340513366701506560,1613980414613159710872677918419020143515156015739590787424080840053901935834151679204239227659763393738323700200129045064335180291353145981192810241466868963738371615888029028258977475052294290723187314446636521404337/2769221573781143294697131482649718718954550793971705458533587306582283664312540808784217035814030483109457010981507799536682611619955576483546346739298877811546675473514582746031174003275382295377636877162269617684480
B3_nominal_schedule,True,random_50pct_relative_shortlist_ndcg,3,verified-v3-adamw-1e-5,2,resolved,0.585075,19368578680546882801953853764813765712274083649184700608119504744997759464877503621376767567479788113088457807006876340466519068815931195814273049625073/32702916515279973213723232435326978142261225847062055053754386981625343406001697344401784146213917570660659002380986827012031255268941260057040744611840,1640264904506980683174788050674437911987599666774365204221502522480840284946756717406482896537436542947581974290005679325201491727334995008383650907660983486328496824911491515278620526773281285697705287933246877966717/2769221573781143294697131482649718718954550793971705458533587306582283664312540808784217035814030483109457010981507799536682611619955576483546346739298877811546675473514582746031174003275382295377636877162269617684480
B3_nominal_schedule,True,random_50pct_relative_shortlist_ndcg,3,verified-v3-adamw-1e-5,3,resolved,0.5896428571428572,175331961887051141207529012393197923006649675200273343528686342061322942894945025011407224293369716146894953716021887782330157061573758902457191341532637/294326248637519758923509091917942803280351032623558495483789482834628090654015276099616057315925258135945931021428881443108281297420471340513366701506560,4949572409802094332127112799556027103690825226887881514821702515710852169076175258422445368608966732992692510222348133838684038182159876963226408735276843053752103954288377766418203892485597070615965971010884053549071/8307664721343429884091394447949156156863652381915116375600761919746850992937622426352651107442091449328371032944523398610047834859866729450639040217896633434640026420543748238093522009826146886132910631486808853053440
B3_nominal_schedule,True,random_50pct_relative_shortlist_ndcg,3,verified-v3-adamw-1e-5,4,resolved,0.587965,175937883240256332357192254595041001752111321337603018112460077939783739281594379376458059603442576540131861025660010101723802281477243930750837408017597/294326248637519758923509091917942803280351032623558495483789482834628090654015276099616057315925258135945931021428881443108281297420471340513366701506560,1655324619785618467204647091410261295044032990258016206009980643591937912745092224614955306711662149834825736432716490533913446544628256647342497024592362715300324516299320412876811664897453918940645007453851942870357/2769221573781143294697131482649718718954550793971705458533587306582283664312540808784217035814030483109457010981507799536682611619955576483546346739298877811546675473514582746031174003275382295377636877162269617684480
B3_nominal_schedule,True,random_50pct_relative_shortlist_ndcg,3,verified-v3-adamw-1e-5,5,resolved,0.58863,58697996581922994904143031107866458650657871869226107357746988819669066032590729064165011017102842462727333615003433257847054520450313952809149067499279/98108749545839919641169697305980934426783677541186165161263160944876030218005092033205352438641752711981977007142960481036093765806823780171122233835520,4970179125685313418069378491523375291549363332637842421729218534316682746829514326223606152045473883555336447690049478047331024138525631859623609858529181071500794257889202775078709710430205579775722041504078153128111/8307664721343429884091394447949156156863652381915116375600761919746850992937622426352651107442091449328371032944523398610047834859866729450639040217896633434640026420543748238093522009826146886132910631486808853053440
B3_nominal_schedule,True,random_50pct_relative_shortlist_ndcg,3,verified-v3-muon-1e-3,1,resolved,0.5818585714285714,332737215361432244855608714575744703534559713350423633871852492653399064171280686066978013768604959392039493916807270644748102079581862468150020964435573288912513010429732630464331655473/574224093278428269398701567539198064500003730027981466418744837683860854407988803313910447616816284456715500608294061009385915803895996416160683822640711579753429118326155369867546460160,44571688062722577233188411444529734143563382410616198688716897946273283760854531152296337087376128546759349728449167568774462263013627119516716026234408541900228744488695965113136224230538249644039920548610953340831/76922821493920648055890478595197354538500896727714653019546138429997339364616754345145792537825232803498891116457081833147295561778860579028075794058217365752734466431239387125847723167545961582222968369765008015360
B3_nominal_schedule,True,random_50pct_relative_shortlist_ndcg,3,verified-v3-muon-1e-3,2,resolved,0.5876692857142858,668108330305453564515554470216286754366670628778263721603797517830739851102562399164665321231735606060794559200974127083651369715624147866521724126375578071562988214151667047481597888731/1148448186556856538797403135078396129000007460055962932837489675367721708815977606627820895233632568913431001216588122018771831607791992832321367645281423159506858236652310739735092920320,89453342450707863044298784682297635359141221165359074582984280607419165979827922592623994960158685089803960973194896179090157796551405106337764105244553640719832197156791967570593921177264513569591562591887124015117/153845642987841296111780957190394709077001793455429306039092276859994678729233508690291585075650465606997782232914163666294591123557721158056151588116434731505468932862478774251695446335091923164445936739530016030720
B3_nominal_schedule,True,random_50pct_relative_shortlist_ndcg,3,verified-v3-muon-1e-3,3,resolved,0.5850171428571428,74452202823303382266140203819307181902678530457673571808857668995670687402205084204290152605463682642419105984276950373214928719566824758242841000032890459880867887956354731154653324949/127605354061872948755267015008710681000000828895106992537498852818635745423997511847535655025959174323714555690732013557641314623087999203591263071697935906611873137405812304415010324480,269006851096348233621775543224496705805141936912440263829429578515957822731591194386874064994525793753562236028516351497127351330463263923482885893828280018579159460222207241857826744832305238616096656852280838992121/461536928963523888335342871571184127231005380366287918117276830579984036187700526070874755226951396820993346698742490998883773370673163474168454764349304194516406798587436322755086339005275769493337810218590048092160
B3_nominal_schedule,True,random_50pct_relative_shortlist_ndcg,3,verified-v3-muon-1e-3,4,resolved,0.5885692857142857,672063006554110090050891406596918325719199220663680867228721562782921156672351758536984569943867617748738458785618092074843495496452973791141431871721684539754768144337385856071224806001/1148448186556856538797403135078396129000007460055962932837489675367721708815977606627820895233632568913431001216588122018771831607791992832321367645281423159506858236652310739735092920320,90075151117011451799967911161010994298967403359457934901562807121230692921909719759719714258904965884099843903901056326605072569309583189825092254172226253709312809191846438647590440512814993662745526010004926082767/153845642987841296111780957190394709077001793455429306039092276859994678729233508690291585075650465606997782232914163666294591123557721158056151588116434731505468932862478774251695446335091923164445936739530016030720
B3_nominal_schedule,True,random_50pct_relative_shortlist_ndcg,3,verified-v3-muon-1e-3,5,resolved,0.5919135714285714,75105775032990722048799724149041116036058455649702467878374391193324746319211013523947230061616403115379032168810721060214450816081186534640534415014247322582094928787579625716160929509/127605354061872948755267015008710681000000828895106992537498852818635745423997511847535655025959174323714555690732013557641314623087999203591263071697935906611873137405812304415010324480,271431647176971299173110771277949582877768937654065733768901132177409444791788723814600299040490520943585528323191200350580351111143319331932907726471309521850311752146806531447028076119013594166017916145189993145321/461536928963523888335342871571184127231005380366287918117276830579984036187700526070874755226951396820993346698742490998883773370673163474168454764349304194516406798587436322755086339005275769493337810218590048092160
B3_nominal_schedule,True,random_50pct_relative_shortlist_ndcg,3,verified-v3-normuon-1e-3,1,resolved,0.5852614285714285,10034705082499580110924093028897482008102249819105980560157084446806251114918154787820279567174804158409245320559220075027587464606275151699996080723585644409135273817157866544025633501/17400730099346311193900047501187820136363749394787317164204389020723056194181478888300316594448978316870166685099820030587451994057454436853354055231536714537982700555338041511137771520,1385411436774294030066780557997216551485489041606886927766925847550181670341017980325545838305341341648427764348583297528944469576890198750163640066707517047192943744021311154966403149396394034040099548854135356707/2403838171685020251746577456099917329328153022741082906860816825937416855144273573285806016807038525109340347389283807285852986305589393094627368564319292679772952075976230847682741348985811299444467761555156500480
B3_nominal_schedule,True,random_50pct_relative_shortlist_ndcg,3,verified-v3-normuon-1e-3,2,resolved,0.5920957142857143,60767090581753130484565009728098315500909627977893601118782731617819655954615269102634527909931341789972752365815382809939095922224291792825318657086943311792779476950092782063048966241/104404380596077867163400285007126920818182496368723902985226334124338337165088873329801899566693869901221000110598920183524711964344726621120124331389220287227896203332028249066826629120,33570786318967180963635828316252396288416673512959725319157821136484349235590392848927746002254842483806724963839086464953033196617014423034297614290624861342139373438142986020489562995754317903508705999511946629893/57692116120440486041917858946398015903875672545785989764659603822498004523462565758859344403368924602624168337342811374860471671334145434271056845543663024314550849823429540344385792375659471186667226277323756011520
B3_nominal_schedule,True,random_50pct_relative_shortlist_ndcg,3,verified-v3-normuon-1e-3,3,resolved,0.5850342857142856,61013787827791389782029996296002011862952384117838087128014136470441454071486046342187491954230486495524810817134917830351655631792851871494351064762978023451118108342475670882778322151/104404380596077867163400285007126920818182496368723902985226334124338337165088873329801899566693869901221000110598920183524711964344726621120124331389220287227896203332028249066826629120,33697192468261880163066990550012496033345250398337821090735392692914278924483153759405894185996440560155452200283469670803226811131317041939911401958394263257587474175117205133953303556719261763710595561544790433633/57692116120440486041917858946398015903875672545785989764659603822498004523462565758859344403368924602624168337342811374860471671334145434271056845543663024314550849823429540344385792375659471186667226277323756011520
B3_nominal_schedule,True,random_50pct_relative_shortlist_ndcg,3,verified-v3-normuon-1e-3,4,resolved,0.5896921428571428,20403269221381943771020701127533501599834268672091031639753840933482248049912311056249298548223845416674001901230420182542776863619997992097496524413493822374960078344841109842523002337/34801460198692622387800095002375640272727498789574634328408778041446112388362957776600633188897956633740333370199640061174903988114908873706708110463073429075965401110676083022275543040,5636673731602841282587773592306849786240265575924618423908932431257663634020915993815807540534099349177225290475130615037773096485926464501525461457294007853166257291769260450580499100850870851298156290006661720343/9615352686740081006986309824399669317312612090964331627443267303749667420577094293143224067228154100437361389557135229143411945222357572378509474257277170719091808303904923390730965395943245197777871046220626001920
B3_nominal_schedule,True,random_50pct_relative_shortlist_ndcg,3,verified-v3-normuon-1e-3,5,resolved,0.5914471428571428,20521826961745914506820470196379908111943446678166125208305765945188438212500974832360545349051919572499784181847376676998602712249235594827376920550914851108480309197286514952090701837/34801460198692622387800095002375640272727498789574634328408778041446112388362957776600633188897956633740333370199640061174903988114908873706708110463073429075965401110676083022275543040,8505758662244115779392869496971609768350504293775266583623280081877111367121352889410002099673946962247584044188567319401830972660503816136137848931868561095033037811193553939342670871741262874146748051400510411287/14423029030110121510479464736599503975968918136446497441164900955624501130865641439714836100842231150656042084335702843715117917833536358567764211385915756078637712455857385086096448093914867796666806569330939002880
B3_nominal_schedule,True,random_50pct_relative_shortlist_ndcg,4,verified-v3-adamw-3e-5,1,resolved,0.5857735714285714,3745632834815614442303820402408309460354316759015189172360753412433227856844766487709148053191122542669018426656705028731820046218864922163990183899/6541383605258059545534563283829137568973718660449775016756283928741850452567763427831662298914124239047419604348460939822956235559552361841997905920,14692469491356432295590237680413280783126006917365139541227895592483495782247676516580768261156266300775703728738451689461803330338771901157087788551902106207620460361021543660789570700145991229396630345432022593/25700344494252231539357872003311357260059460080777142629746981119973845041042564657228423379287709254678562245607399044107260608334268376967896237888132061402764465407995992531747922448413699462759305712637050880
B3_nominal_schedule,True,random_50pct_relative_shortlist_ndcg,4,verified-v3-adamw-3e-5,2,resolved,0.5897585714285715,1840436127217824374827863870808324544897354041617484990726553756968361896780196824207473901111246045285446113774197919674236451902439301848707399257/3270691802629029772767281641914568784486859330224887508378141964370925226283881713915831149457062119523709802174230469911478117779776180920998952960,14450939273829157770666271142153149421860057489812185002180135373756629939275786210314404555014484202645873669746262342759874061768792242365560031113553954324837827613902736434807426327333459680837010150918347943/25700344494252231539357872003311357260059460080777142629746981119973845041042564657228423379287709254678562245607399044107260608334268376967896237888132061402764465407995992531747922448413699462759305712637050880
B3_nominal_schedule,True,random_50pct_relative_shortlist_ndcg,4,verified-v3-adamw-3e-5,3,resolved,0.5879642857142857,907271697966989429343411293363752026873304228319559845092150465286631264806218827479230981921023727352538603648042501340212824047479711284696546611/1635345901314514886383640820957284392243429665112443754189070982185462613141940856957915574728531059761854901087115234955739058889888090460499476480,14248772208539926452150116925158229053646810247020072342304941690201190666835272853827043492952772960654277585962250483090722476793417905124925615188667727075394905493653857582872868689068680923252562523854063503/25700344494252231539357872003311357260059460080777142629746981119973845041042564657228423379287709254678562245607399044107260608334268376967896237888132061402764465407995992531747922448413699462759305712637050880
B3_nominal_schedule,True,random_50pct_relative_shortlist_ndcg,4,verified-v3-adamw-3e-5,4,resolved,0.58876,224053551523200478407922354229349169524752532466049374792237459220303158956713715455073661136373908077360942819445274581097366159362125498490221429/408836475328628721595910205239321098060857416278110938547267745546365653285485214239478893682132764940463725271778808738934764722472022615124869120,14087049697985182059933272176440266575472442096338795474304334537331694589687750062718145743326451396842584401596168319372319207773055578340095540682618851207757872414670422456400273479642643530346693977940520523/25700344494252231539357872003311357260059460080777142629746981119973845041042564657228423379287709254678562245607399044107260608334268376967896237888132061402764465407995992531747922448413699462759305712637050880
B3_nominal_schedule,True,random_50pct_relative_shortlist_ndcg,4,verified-v3-adamw-3e-5,5,resolved,0.5892628571428571,111606495490645877360419104030248248843549538893140091146325069145811432132578219110484533214800266434261159623200475214018071990472453449776031397/204418237664314360797955102619660549030428708139055469273633872773182826642742607119739446841066382470231862635889404369467382361236011307562434560,14036777158550740367756874577869287612434574190266133426149912505491881082529532057264816276080172614132419997096587969355880861430317664310610613958577625751855348115836455090605949202176569367084115333043400803/25700344494252231539357872003311357260059460080777142629746981119973845041042564657228423379287709254678562245607399044107260608334268376967896237888132061402764465407995992531747922448413699462759305712637050880
B3_nominal_schedule,True,random_50pct_relative_shortlist_ndcg,4,verified-v3-muon-3e-3,1,resolved,0.5424921428571429,363426459140692544589967453113597540797222199462782359725993034894152656283580412599956634042884929069523133949340620105721970110709646970567464860105080295630067532641744198007621/651888552082567619404879707943133729364231811691070727566653765745856889605757869775228467613648343614716397037734992023765109362070627312758088575462742904678004645192080174350336,2389845454084640427223813543192863714467985910087695542355004503094885224262333669317082445110338658049281151479894559019641332867165218736495196454734781791693835532246425847127830574123514423177422535075339401/4283390749042038725380166628833628510081055783361851809004808994534378829499947033729464771946449782024648588625233052724839763215925076900432794975343200805845465585686602431047749168698786584514864599667834880
B3_nominal_schedule,True,random_50pct_relative_shortlist_ndcg,4,verified-v3-muon-3e-3,2,resolved,0.5378814285714285,2188066322111516421087744329806386855635003817255340201046571191877461908827424096357665823369825260529947645046602722998819667020340664322165628001605460063699045588781590133287953/3911331312495405716429278247658802376185390870146424365399922594475141337634547218651370805681890061688298382226409952142590656172423763876548531452776457428068027871152481046102016,14413757152950340864792457653957671507836987332742735880939384356952187671357399835186427228154188589308656171239315804462693279071873552501350338687464000326208491546841859172795104256940302289326884826766794261/25700344494252232352280999773001771060486334700171110854028853967206272976999682202376788631678698692147891531751398316349038579295550461402596769852059204835072793514119614586286495012192719507089187598007009280
B3_nominal_schedule,True,random_50pct_relative_shortlist_ndcg,4,verified-v3-muon-3e-3,3,resolved,0.5432642857142858,2192306903183926513175705111541662977321989601129203237526595336273195769264013616970876172793344490598011098444396006393198219932720947926084866738713300596605878419963705427629175/3911331312495405716429278247658802376185390870146424365399922594475141337634547218651370805681890061688298382226409952142590656172423763876548531452776457428068027871152481046102016,14439364915481839882559328267783324127409855063498862790577949682813293107443488995778894982541210939704577605758246418093954006730702295498447334790622386319188748672070677408100277154766437639473404506879869491/25700344494252232352280999773001771060486334700171110854028853967206272976999682202376788631678698692147891531751398316349038579295550461402596769852059204835072793514119614586286495012192719507089187598007009280
B3_nominal_schedule,True,random_50pct_relative_shortlist_ndcg,4,verified-v3-muon-3e-3,4,resolved,0.5483742857142857,2208350844429112754531267325271969124305618415303476614861830055808617388456805942783107007145186667901923145749675456903727801462286499942021882166599861325642238559806089323314355/3911331312495405716429278247658802376185390870146424365399922594475141337634547218651370805681890061688298382226409952142590656172423763876548531452776457428068027871152481046102016,14524374151990682341682919650762425318457928387971757593631253209986178459897797407653133181537778336452804845895706652203655845351720339768311470559118018824611695340530199322000139172708992921250939992274952351/25700344494252232352280999773001771060486334700171110854028853967206272976999682202376788631678698692147891531751398316349038579295550461402596769852059204835072793514119614586286495012192719507089187598007009280
B3_nominal_schedule,True,random_50pct_relative_shortlist_ndcg,4,verified-v3-muon-3e-3,5,resolved,0.5571792857142858,2220069390174146637117196998213883606979955050904039332787286548881174255035383558921650278039428884526211787231673675259495459435960598176717457415726171280628765239288131171861991/3911331312495405716429278247658802376185390870146424365399922594475141337634547218651370805681890061688298382226409952142590656172423763876548531452776457428068027871152481046102016,14617376291701240745753053113929951367062691722429911565368990464233941381165687271925089424943660188091967243813466129066888063609574010175023095645041734576323755161082652476029247377767279072456167434126711651/25700344494252232352280999773001771060486334700171110854028853967206272976999682202376788631678698692147891531751398316349038579295550461402596769852059204835072793514119614586286495012192719507089187598007009280
B3_nominal_schedule,True,random_50pct_relative_shortlist_ndcg,4,verified-v3-normuon-3e-3,1,resolved,0.5348342857142857,122461759939717830109921257063210109176068858177327810837330101309891036235607493317624384893211841959105783438003735896348123089328005849397904791782758003847145768025134834114413/212572353939967701979852078677108824792684286421001324206517532308431594436660174926704935091407068570016216425348366964271231313718682819377637578955242251525436297345243535114240,741718702863007537405986595553308311438311520794089824949189538119737361048913771182158473763779193429024075649007788105911283591415172301741928504941626624440226315380733585684142691327926295053075834509614953/1285017224712611617614049988650088553024316735008555542701442698360313648849984110118839431583934934607394576587569915817451928964777523070129838492602960241753639675705980729314324750609635975354459379900350464
B3_nominal_schedule,True,random_50pct_relative_shortlist_ndcg,4,verified-v3-normuon-3e-3,2,resolved,0.5396864285714286,80870513885460721886904150646204055958124762982843083896020360676718205059943060784222785026206335273319863877995947159897761354227690742984689969333380365111123755132426208072897/141714902626645134653234719118072549861789524280667549471011688205621062957773449951136623394271379046677477616898911309514154209145788546251758385970161501016957531563495690076160,490008881186237286192913856385324227678624103105283953888141787657458760251695742951841212430614240396596342808580039759141784968232853348415559012083960202235023530489365059751316405916258386772395662369749165/856678149808407745076033325766725702016211156672370361800961798906875765899989406745892954389289956404929717725046610544967952643185015380086558995068640161169093117137320486209549833739757316902972919933566976
B3_nominal_schedule,True,random_50pct_relative_shortlist_ndcg,4,verified-v3-normuon-3e-3,3,resolved,0.5446657142857143,240466642558089564422835509319976070662159503446701866788974195598147013769612689824787153104376389652455437485492050791114740358803540628453295116107427590304156812094268786240141/425144707879935403959704157354217649585368572842002648413035064616863188873320349853409870182814137140032432850696733928542462627437365638755275157910484503050872594690487070228480,1455050628296432928983125016051335101338899623189118277924261701368017259773251598963944933788784901471639138446319926578377539188177202090729698647739513338448978248004011878120911711795638958068482662920792153/2570034449425223235228099977300177106048633470017111085402885396720627297699968220237678863167869869214789153175139831634903857929555046140259676985205920483507279351411961458628649501219271950708918759800700928
B3_nominal_schedule,True,random_50pct_relative_shortlist_ndcg,4,verified-v3-normuon-3e-3,4,resolved,0.5518028571428572,80255756197863117766489971572361427222128789747536078140320200844129023459126661943938420577677620082415416256520861095646725627769692193841514230211480839085757552771489904504027/141714902626645134653234719118072549861789524280667549471011688205621062957773449951136623394271379046677477616898911309514154209145788546251758385970161501016957531563495690076160,485546853759262298341000913527505729010031890079347444887777399573147093119312052968022566786763369647557924859093848276396132940299448643921384464008541480262037834432452624450228726556586331287546582746969535/856678149808407745076033325766725702016211156672370361800961798906875765899989406745892954389289956404929717725046610544967952643185015380086558995068640161169093117137320486209549833739757316902972919933566976
B3_nominal_schedule,True,random_50pct_relative_shortlist_ndcg,4,verified-v3-normuon-3e-3,5,resolved,0.5584957142857143,241659109462418868445233807778482427110321370008487956956063161488040552322638978598515463666908668023942617616988395576286485471965710105899113455162421193830895864950049447380301/425144707879935403959704157354217649585368572842002648413035064616863188873320349853409870182814137140032432850696733928542462627437365638755275157910484503050872594690487070228480,1461312907572005011131847829250608839510081411871233056868400302240202065374788354615913111487165775558905373549959937854366590009016791745812546013527729656487850976589043765288107951311101026452903193493054793/2570034449425223235228099977300177106048633470017111085402885396720627297699968220237678863167869869214789153175139831634903857929555046140259676985205920483507279351411961458628649501219271950708918759800700928
