2026-09-13T12:52:50.2608888Z Current runner version: '2.337.0'
2026-09-13T12:52:50.2625993Z ##[group]Runner Image Provisioner
2026-09-13T12:52:50.2626778Z Hosted Compute Agent
2026-09-13T12:52:50.2627237Z Version: 20260828.587
2026-09-13T12:52:50.2627677Z Commit: abac92662cab4cc7352de4f9f9d2e2419aad9c29
2026-09-13T12:52:50.2628506Z Build Date: 2026-08-28T16:44:25Z
2026-09-13T12:52:50.2629062Z Worker ID: {af80544e-4316-4651-a00e-af066dbe64fd}
2026-09-13T12:52:50.2629545Z Azure Region: centralus
2026-09-13T12:52:50.2629961Z ##[endgroup]
2026-09-13T12:52:50.2631244Z ##[group]Operating System
2026-09-13T12:52:50.2631680Z Ubuntu
2026-09-13T12:52:50.2632076Z 24.04.5
2026-09-13T12:52:50.2632436Z LTS
2026-09-13T12:52:50.2632821Z ##[endgroup]
2026-09-13T12:52:50.2633187Z ##[group]Runner Image
2026-09-13T12:52:50.2633584Z Image: ubuntu-24.04
2026-09-13T12:52:50.2634000Z Version: 20260907.300.1
2026-09-13T12:52:50.2634863Z Included Software: https://github.com/actions/runner-images/blob/ubuntu24/20260907.300/images/ubuntu/Ubuntu2404-Readme.md
2026-09-13T12:52:50.2635896Z Image Release: https://github.com/actions/runner-images/releases/tag/ubuntu24%2F20260907.300
2026-09-13T12:52:50.2636564Z ##[endgroup]
2026-09-13T12:52:50.2637402Z ##[group]GITHUB_TOKEN Permissions
2026-09-13T12:52:50.2638998Z Contents: read
2026-09-13T12:52:50.2639377Z Metadata: read
2026-09-13T12:52:50.2639740Z Packages: read
2026-09-13T12:52:50.2640134Z ##[endgroup]
2026-09-13T12:52:50.2641778Z Secret source: Actions
2026-09-13T12:52:50.2642471Z Cache mode: write
2026-09-13T12:52:50.2642933Z Prepare workflow directory
2026-09-13T12:52:50.2895573Z Prepare all required actions
2026-09-13T12:52:50.2930063Z Getting action download info
2026-09-13T12:52:50.5214995Z Download action repository 'actions/checkout@v7.0.1' (SHA:3d3c42e5aac5ba805825da76410c181273ba90b1)
2026-09-13T12:52:50.6262797Z Download action repository 'astral-sh/setup-uv@v10.0.1' (SHA:20cfd1bf945f4377ade1205e4dbc17946fc9a30d)
2026-09-13T12:52:51.2521783Z Download action repository 'actions/upload-artifact@v4' (SHA:ea165f8d65b6e75b540449e92b4886f43607fa02)
2026-09-13T12:52:51.6420963Z Complete job name: test
2026-09-13T12:52:51.7166926Z ##[group]Run actions/checkout@v7.0.1
2026-09-13T12:52:51.7168040Z with:
2026-09-13T12:52:51.7168787Z   fetch-depth: 0
2026-09-13T12:52:51.7169612Z   repository: qcznlp/embedding-optimizer-study
2026-09-13T12:52:51.7176684Z   token: ***
2026-09-13T12:52:51.7177460Z   ssh-strict: true
2026-09-13T12:52:51.7178158Z   ssh-user: git
2026-09-13T12:52:51.7178920Z   persist-credentials: true
2026-09-13T12:52:51.7179689Z   clean: true
2026-09-13T12:52:51.7180839Z   sparse-checkout-cone-mode: true
2026-09-13T12:52:51.7181734Z   fetch-tags: false
2026-09-13T12:52:51.7182482Z   show-progress: true
2026-09-13T12:52:51.7183233Z   lfs: false
2026-09-13T12:52:51.7183935Z   submodules: false
2026-09-13T12:52:51.7184660Z   set-safe-directory: true
2026-09-13T12:52:51.7185552Z   allow-unsafe-pr-checkout: false
2026-09-13T12:52:51.7186672Z ##[endgroup]
2026-09-13T12:52:51.8065082Z Syncing repository: qcznlp/embedding-optimizer-study
2026-09-13T12:52:51.8068385Z ##[group]Getting Git version info
2026-09-13T12:52:51.8070769Z Working directory is '/home/runner/work/embedding-optimizer-study/embedding-optimizer-study'
2026-09-13T12:52:51.8073458Z [command]/usr/bin/git version
2026-09-13T12:52:51.8088653Z git version 2.55.0
2026-09-13T12:52:51.8105525Z ##[endgroup]
2026-09-13T12:52:51.8112672Z Temporarily overriding HOME='/home/runner/work/_temp/d6f7cb23-5a75-4a62-8f3e-c4b81fc4b5c0' before making global git config changes
2026-09-13T12:52:51.8115966Z Adding repository directory to the temporary git global config as a safe directory
2026-09-13T12:52:51.8119772Z [command]/usr/bin/git config --global --add safe.directory /home/runner/work/embedding-optimizer-study/embedding-optimizer-study
2026-09-13T12:52:51.8390260Z Deleting the contents of '/home/runner/work/embedding-optimizer-study/embedding-optimizer-study'
2026-09-13T12:52:51.8394820Z ##[group]Determining repository object format
2026-09-13T12:52:51.8396668Z ##[endgroup]
2026-09-13T12:52:51.8398231Z ##[group]Initializing the repository
2026-09-13T12:52:51.8400099Z [command]/usr/bin/git init /home/runner/work/embedding-optimizer-study/embedding-optimizer-study
2026-09-13T12:52:51.8479201Z hint: Using 'master' as the name for the initial branch. This default branch name
2026-09-13T12:52:51.8480717Z hint: will change to "main" in Git 3.0. To configure the initial branch name
2026-09-13T12:52:51.8482116Z hint: to use in all of your new repositories, which will suppress this warning,
2026-09-13T12:52:51.8483158Z hint: call:
2026-09-13T12:52:51.8483734Z hint:
2026-09-13T12:52:51.8484453Z hint: 	git config --global init.defaultBranch <name>
2026-09-13T12:52:51.8485281Z hint:
2026-09-13T12:52:51.8486114Z hint: Names commonly chosen instead of 'master' are 'main', 'trunk' and
2026-09-13T12:52:51.8487375Z hint: 'development'. The just-created branch can be renamed via this command:
2026-09-13T12:52:51.8488370Z hint:
2026-09-13T12:52:51.8488974Z hint: 	git branch -m <name>
2026-09-13T12:52:51.8489654Z hint:
2026-09-13T12:52:51.8490516Z hint: Disable this message with "git config set advice.defaultBranchName false"
2026-09-13T12:52:51.8495669Z Initialized empty Git repository in /home/runner/work/embedding-optimizer-study/embedding-optimizer-study/.git/
2026-09-13T12:52:51.8503183Z [command]/usr/bin/git remote add origin https://github.com/qcznlp/embedding-optimizer-study
2026-09-13T12:52:51.8539404Z ##[endgroup]
2026-09-13T12:52:51.8540879Z ##[group]Disabling automatic garbage collection
2026-09-13T12:52:51.8542207Z [command]/usr/bin/git config --local gc.auto 0
2026-09-13T12:52:51.8564342Z ##[endgroup]
2026-09-13T12:52:51.8568054Z ##[group]Setting up auth
2026-09-13T12:52:51.8570449Z Removing SSH command configuration
2026-09-13T12:52:51.8583854Z [command]/usr/bin/git config --local --name-only --get-regexp core\.sshCommand
2026-09-13T12:52:51.8608871Z [command]/usr/bin/git submodule foreach --recursive sh -c "git config --local --name-only --get-regexp 'core\.sshCommand' && git config --local --unset-all 'core.sshCommand' || :"
2026-09-13T12:52:51.9998911Z Removing HTTP extra header
2026-09-13T12:52:52.0003085Z [command]/usr/bin/git config --local --name-only --get-regexp http\.https\:\/\/github\.com\/\.extraheader
2026-09-13T12:52:52.0025518Z [command]/usr/bin/git submodule foreach --recursive sh -c "git config --local --name-only --get-regexp 'http\.https\:\/\/github\.com\/\.extraheader' && git config --local --unset-all 'http.https://github.com/.extraheader' || :"
2026-09-13T12:52:52.0156782Z Removing includeIf entries pointing to credentials config files
2026-09-13T12:52:52.0159906Z [command]/usr/bin/git config --local --name-only --get-regexp ^includeIf\.gitdir:
2026-09-13T12:52:52.0181101Z [command]/usr/bin/git submodule foreach --recursive git config --local --show-origin --name-only --get-regexp remote.origin.url
2026-09-13T12:52:52.0323672Z [command]/usr/bin/git config --file /home/runner/work/_temp/git-credentials-695c3d85-f480-4f17-8e2d-aa29878c0aab.config http.https://github.com/.extraheader AUTHORIZATION: basic ***
2026-09-13T12:52:52.0348902Z [command]/usr/bin/git config --local includeIf.gitdir:/home/runner/work/embedding-optimizer-study/embedding-optimizer-study/.git.path /home/runner/work/_temp/git-credentials-695c3d85-f480-4f17-8e2d-aa29878c0aab.config
2026-09-13T12:52:52.0368504Z [command]/usr/bin/git config --local includeIf.gitdir:/home/runner/work/embedding-optimizer-study/embedding-optimizer-study/.git/worktrees/*.path /home/runner/work/_temp/git-credentials-695c3d85-f480-4f17-8e2d-aa29878c0aab.config
2026-09-13T12:52:52.0390669Z [command]/usr/bin/git config --local includeIf.gitdir:/github/workspace/.git.path /github/runner_temp/git-credentials-695c3d85-f480-4f17-8e2d-aa29878c0aab.config
2026-09-13T12:52:52.0411732Z [command]/usr/bin/git config --local includeIf.gitdir:/github/workspace/.git/worktrees/*.path /github/runner_temp/git-credentials-695c3d85-f480-4f17-8e2d-aa29878c0aab.config
2026-09-13T12:52:52.0429002Z ##[endgroup]
2026-09-13T12:52:52.0430505Z ##[group]Fetching the repository
2026-09-13T12:52:52.0435321Z [command]/usr/bin/git -c protocol.version=2 fetch --no-tags --prune --no-recurse-submodules origin +refs/heads/*:refs/remotes/origin/* +refs/tags/*:refs/tags/*
2026-09-13T12:52:57.9353794Z From https://github.com/qcznlp/embedding-optimizer-study
2026-09-13T12:52:57.9354615Z  * [new branch]        agent/audit-run-identity -> origin/agent/audit-run-identity
2026-09-13T12:52:57.9355270Z  * [new branch]        agent/audit-training-dynamics -> origin/agent/audit-training-dynamics
2026-09-13T12:52:57.9355986Z  * [new branch]        agent/checkpoint-artifact-audit -> origin/agent/checkpoint-artifact-audit
2026-09-13T12:52:57.9356639Z  * [new branch]        agent/ci-build-wheel -> origin/agent/ci-build-wheel
2026-09-13T12:52:57.9357311Z  * [new branch]        agent/corrected-execution-sensitivity -> origin/agent/corrected-execution-sensitivity
2026-09-13T12:52:57.9358527Z  * [new branch]        agent/corrected-retrieval-bridge -> origin/agent/corrected-retrieval-bridge
2026-09-13T12:52:57.9359460Z  * [new branch]        agent/dense-no-packing-retrain -> origin/agent/dense-no-packing-retrain
2026-09-13T12:52:57.9360182Z  * [new branch]        agent/document-optimizer-routing -> origin/agent/document-optimizer-routing
2026-09-13T12:52:57.9361069Z  * [new branch]        agent/document-third-muon-recovery -> origin/agent/document-third-muon-recovery
2026-09-13T12:52:57.9361909Z  * [new branch]        agent/finalize-public-handoff -> origin/agent/finalize-public-handoff
2026-09-13T12:52:57.9362616Z  * [new branch]        agent/handoff-live-status -> origin/agent/handoff-live-status
2026-09-13T12:52:57.9363337Z  * [new branch]        agent/package-evaluation-workers -> origin/agent/package-evaluation-workers
2026-09-13T12:52:57.9364091Z  * [new branch]        agent/package-study-metadata -> origin/agent/package-study-metadata
2026-09-13T12:52:57.9364861Z  * [new branch]        agent/posthoc-task-stability -> origin/agent/posthoc-task-stability
2026-09-13T12:52:57.9365553Z  * [new branch]        agent/shortlist-corpus-story -> origin/agent/shortlist-corpus-story
2026-09-13T12:52:57.9366660Z  * [new branch]        agent/upgrade-ci-actions -> origin/agent/upgrade-ci-actions
2026-09-13T12:52:57.9367484Z  * [new branch]        analysis/state-operator-completion -> origin/analysis/state-operator-completion
2026-09-13T12:52:57.9368263Z  * [new branch]        codex/checkpoint-1563-handoff -> origin/codex/checkpoint-1563-handoff
2026-09-13T12:52:57.9368983Z  * [new branch]        codex/state-operator-factorial -> origin/codex/state-operator-factorial
2026-09-13T12:52:57.9369597Z  * [new branch]        feat/muon-embedding-study -> origin/feat/muon-embedding-study
2026-09-13T12:52:57.9370090Z  * [new branch]        main                 -> origin/main
2026-09-13T12:52:57.9370822Z  * [new branch]        ops/publication-narrative-receipt -> origin/ops/publication-narrative-receipt
2026-09-13T12:52:57.9371596Z  * [new branch]        paper/corrected-layout-fixture -> origin/paper/corrected-layout-fixture
2026-09-13T12:52:57.9372490Z  * [new branch]        paper/corrected-outcome-propagation -> origin/paper/corrected-outcome-propagation
2026-09-13T12:52:57.9374686Z [command]/usr/bin/git branch --list --remote origin/main
2026-09-13T12:52:57.9375976Z   origin/main
2026-09-13T12:52:57.9381836Z [command]/usr/bin/git rev-parse refs/remotes/origin/main
2026-09-13T12:52:57.9399462Z 0878698e52a20b691c5705cbe1ebc0495da58357
2026-09-13T12:52:57.9401126Z ##[endgroup]
2026-09-13T12:52:57.9401869Z ##[group]Determining the checkout info
2026-09-13T12:52:57.9402418Z ##[endgroup]
2026-09-13T12:52:57.9404858Z [command]/usr/bin/git sparse-checkout disable
2026-09-13T12:52:57.9533779Z [command]/usr/bin/git config --local --unset-all extensions.worktreeConfig
2026-09-13T12:52:57.9555718Z ##[group]Checking out the ref
2026-09-13T12:52:57.9558241Z [command]/usr/bin/git checkout --progress --force -B main refs/remotes/origin/main
2026-09-13T12:52:58.9984250Z Updating files:  12% (1935/15314)
2026-09-13T12:52:59.0051780Z Updating files:  13% (1991/15314)
2026-09-13T12:52:59.0126427Z Updating files:  14% (2144/15314)
2026-09-13T12:52:59.0151319Z Updating files:  15% (2298/15314)
2026-09-13T12:52:59.1207091Z Updating files:  16% (2451/15314)
2026-09-13T12:52:59.1541269Z Updating files:  17% (2604/15314)
2026-09-13T12:52:59.2081179Z Updating files:  18% (2757/15314)
2026-09-13T12:52:59.3465091Z Updating files:  19% (2910/15314)
2026-09-13T12:52:59.3892713Z Updating files:  20% (3063/15314)
2026-09-13T12:52:59.3926084Z Updating files:  21% (3216/15314)
2026-09-13T12:52:59.4862103Z Updating files:  22% (3370/15314)
2026-09-13T12:52:59.5230473Z Updating files:  23% (3523/15314)
2026-09-13T12:52:59.5268513Z Updating files:  24% (3676/15314)
2026-09-13T12:52:59.5300830Z Updating files:  25% (3829/15314)
2026-09-13T12:52:59.5334646Z Updating files:  26% (3982/15314)
2026-09-13T12:52:59.5361404Z Updating files:  27% (4135/15314)
2026-09-13T12:52:59.5527120Z Updating files:  28% (4288/15314)
2026-09-13T12:52:59.6002362Z Updating files:  29% (4442/15314)
2026-09-13T12:52:59.6096078Z Updating files:  30% (4595/15314)
2026-09-13T12:52:59.6185290Z Updating files:  31% (4748/15314)
2026-09-13T12:52:59.6284263Z Updating files:  32% (4901/15314)
2026-09-13T12:52:59.6320842Z Updating files:  33% (5054/15314)
2026-09-13T12:52:59.6346313Z Updating files:  34% (5207/15314)
2026-09-13T12:52:59.6371920Z Updating files:  35% (5360/15314)
2026-09-13T12:52:59.6392799Z Updating files:  36% (5514/15314)
2026-09-13T12:52:59.6466215Z Updating files:  37% (5667/15314)
2026-09-13T12:52:59.6546029Z Updating files:  38% (5820/15314)
2026-09-13T12:52:59.6632181Z Updating files:  39% (5973/15314)
2026-09-13T12:52:59.6709686Z Updating files:  40% (6126/15314)
2026-09-13T12:52:59.6794591Z Updating files:  41% (6279/15314)
2026-09-13T12:52:59.6879273Z Updating files:  42% (6432/15314)
2026-09-13T12:52:59.7281387Z Updating files:  43% (6586/15314)
2026-09-13T12:52:59.7427606Z Updating files:  44% (6739/15314)
2026-09-13T12:52:59.8407002Z Updating files:  45% (6892/15314)
2026-09-13T12:52:59.8639085Z Updating files:  46% (7045/15314)
2026-09-13T12:52:59.8658490Z Updating files:  47% (7198/15314)
2026-09-13T12:52:59.8678170Z Updating files:  48% (7351/15314)
2026-09-13T12:52:59.8732808Z Updating files:  49% (7504/15314)
2026-09-13T12:52:59.9021146Z Updating files:  50% (7657/15314)
2026-09-13T12:52:59.9126224Z Updating files:  51% (7811/15314)
2026-09-13T12:52:59.9493553Z Updating files:  52% (7964/15314)
2026-09-13T12:52:59.9738479Z Updating files:  53% (8117/15314)
2026-09-13T12:53:00.0598378Z Updating files:  53% (8143/15314)
2026-09-13T12:53:00.1510394Z Updating files:  54% (8270/15314)
2026-09-13T12:53:00.2087324Z Updating files:  55% (8423/15314)
2026-09-13T12:53:00.2653916Z Updating files:  56% (8576/15314)
2026-09-13T12:53:00.2706091Z Updating files:  57% (8729/15314)
2026-09-13T12:53:00.3400873Z Updating files:  58% (8883/15314)
2026-09-13T12:53:00.3942146Z Updating files:  59% (9036/15314)
2026-09-13T12:53:00.5140880Z Updating files:  60% (9189/15314)
2026-09-13T12:53:00.5550333Z Updating files:  61% (9342/15314)
2026-09-13T12:53:00.5571078Z Updating files:  62% (9495/15314)
2026-09-13T12:53:00.5929157Z Updating files:  63% (9648/15314)
2026-09-13T12:53:00.5959613Z Updating files:  64% (9801/15314)
2026-09-13T12:53:00.5985875Z Updating files:  65% (9955/15314)
2026-09-13T12:53:00.6056151Z Updating files:  66% (10108/15314)
2026-09-13T12:53:00.6109243Z Updating files:  67% (10261/15314)
2026-09-13T12:53:00.6622165Z Updating files:  68% (10414/15314)
2026-09-13T12:53:00.6954823Z Updating files:  69% (10567/15314)
2026-09-13T12:53:00.7151342Z Updating files:  70% (10720/15314)
2026-09-13T12:53:00.7488613Z Updating files:  71% (10873/15314)
2026-09-13T12:53:00.7720482Z Updating files:  72% (11027/15314)
2026-09-13T12:53:00.7836223Z Updating files:  73% (11180/15314)
2026-09-13T12:53:00.8536432Z Updating files:  74% (11333/15314)
2026-09-13T12:53:00.8823019Z Updating files:  75% (11486/15314)
2026-09-13T12:53:00.8946589Z Updating files:  76% (11639/15314)
2026-09-13T12:53:00.9068861Z Updating files:  77% (11792/15314)
2026-09-13T12:53:00.9141414Z Updating files:  78% (11945/15314)
2026-09-13T12:53:00.9202676Z Updating files:  79% (12099/15314)
2026-09-13T12:53:00.9260227Z Updating files:  80% (12252/15314)
2026-09-13T12:53:00.9312820Z Updating files:  81% (12405/15314)
2026-09-13T12:53:00.9363548Z Updating files:  82% (12558/15314)
2026-09-13T12:53:00.9418447Z Updating files:  83% (12711/15314)
2026-09-13T12:53:00.9470028Z Updating files:  84% (12864/15314)
2026-09-13T12:53:00.9520182Z Updating files:  85% (13017/15314)
2026-09-13T12:53:00.9571986Z Updating files:  86% (13171/15314)
2026-09-13T12:53:00.9634957Z Updating files:  87% (13324/15314)
2026-09-13T12:53:00.9690765Z Updating files:  88% (13477/15314)
2026-09-13T12:53:00.9691337Z Updating files:  89% (13630/15314)
2026-09-13T12:53:00.9740622Z Updating files:  89% (13631/15314)
2026-09-13T12:53:00.9789755Z Updating files:  90% (13783/15314)
2026-09-13T12:53:00.9835208Z Updating files:  91% (13936/15314)
2026-09-13T12:53:00.9957678Z Updating files:  92% (14089/15314)
2026-09-13T12:53:01.0134532Z Updating files:  93% (14243/15314)
2026-09-13T12:53:01.0235431Z Updating files:  94% (14396/15314)
2026-09-13T12:53:01.1156259Z Updating files:  95% (14549/15314)
2026-09-13T12:53:01.1231601Z Updating files:  96% (14702/15314)
2026-09-13T12:53:01.1340126Z Updating files:  97% (14855/15314)
2026-09-13T12:53:01.1437882Z Updating files:  98% (15008/15314)
2026-09-13T12:53:01.1523650Z Updating files:  99% (15161/15314)
2026-09-13T12:53:01.1524289Z Updating files: 100% (15314/15314)
2026-09-13T12:53:01.1524650Z Updating files: 100% (15314/15314), done.
2026-09-13T12:53:01.2408986Z Switched to a new branch 'main'
2026-09-13T12:53:01.2414712Z branch 'main' set up to track 'origin/main'.
2026-09-13T12:53:01.2452560Z ##[endgroup]
2026-09-13T12:53:01.2556563Z [command]/usr/bin/git log -1 --format=%H
2026-09-13T12:53:01.2575361Z 0878698e52a20b691c5705cbe1ebc0495da58357
2026-09-13T12:53:01.2770999Z ##[group]Run astral-sh/setup-uv@v10.0.1
2026-09-13T12:53:01.2771310Z with:
2026-09-13T12:53:01.2771568Z   python-version: 3.12
2026-09-13T12:53:01.2771833Z   enable-cache: true
2026-09-13T12:53:01.2772086Z   activate-environment: false
2026-09-13T12:53:01.2772333Z   no-project: false
2026-09-13T12:53:01.2772705Z   working-directory: /home/runner/work/embedding-optimizer-study/embedding-optimizer-study
2026-09-13T12:53:01.2774878Z   github-token: ***
2026-09-13T12:53:01.2775372Z   cache-dependency-glob: **/*requirements*.txt
**/*requirements*.in
**/*constraints*.txt
**/*constraints*.in
**/pyproject.toml
**/uv.lock
**/*.py.lock

2026-09-13T12:53:01.2775871Z   restore-cache: true
2026-09-13T12:53:01.2776102Z   save-cache: true
2026-09-13T12:53:01.2776341Z   prune-cache: false
2026-09-13T12:53:01.2776591Z   cache-python: false
2026-09-13T12:53:01.2776837Z   ignore-nothing-to-cache: false
2026-09-13T12:53:01.2777095Z   ignore-empty-workdir: false
2026-09-13T12:53:01.2777484Z   download-from-astral-mirror: true
2026-09-13T12:53:01.2777759Z   add-problem-matchers: true
2026-09-13T12:53:01.2778016Z   quiet: false
2026-09-13T12:53:01.2778265Z   resolution-strategy: highest
2026-09-13T12:53:01.2778533Z ##[endgroup]
2026-09-13T12:53:01.4021510Z Trying to find version for uv in: /home/runner/work/embedding-optimizer-study/embedding-optimizer-study/uv.toml
2026-09-13T12:53:01.4022384Z Could not find file: /home/runner/work/embedding-optimizer-study/embedding-optimizer-study/uv.toml
2026-09-13T12:53:01.4023270Z Trying to find version for uv in: /home/runner/work/embedding-optimizer-study/embedding-optimizer-study/pyproject.toml
2026-09-13T12:53:01.4043833Z Could not determine uv version from uv.toml or pyproject.toml. Falling back to latest.
2026-09-13T12:53:01.4062303Z Fetching manifest data from https://raw.githubusercontent.com/astral-sh/versions/main/v1/uv.ndjson ...
2026-09-13T12:53:01.4819074Z Downloading uv from "https://releases.astral.sh/github/uv/releases/download/0.12.13/uv-x86_64-unknown-linux-gnu.tar.gz" ...
2026-09-13T12:53:01.7886155Z [command]/usr/bin/tar xz --warning=no-unknown-keyword --overwrite -C /home/runner/work/_temp/3354d5bc-9c19-4c61-8ef5-43aeaa72f2f7 -f /home/runner/work/_temp/5a06c955-6fa6-42e0-b0e5-c9c76d0cc1ad
2026-09-13T12:53:02.6215487Z Added /home/runner/.local/bin to the path
2026-09-13T12:53:02.6215983Z Added /opt/hostedtoolcache/uv/0.12.13/x86_64 to the path
2026-09-13T12:53:02.6216514Z Set UV_PYTHON_INSTALL_DIR to /home/runner/work/_temp/uv-python-dir
2026-09-13T12:53:02.6217044Z Added /home/runner/work/_temp/uv-python-dir to the path
2026-09-13T12:53:02.6217497Z Set UV_PYTHON to 3.12
2026-09-13T12:53:02.6246562Z Set UV_CACHE_DIR to /home/runner/work/_temp/setup-uv-cache
2026-09-13T12:53:02.6247049Z Successfully installed uv version 0.12.13
2026-09-13T12:53:02.6249647Z Searching files using cache dependency glob: /home/runner/work/embedding-optimizer-study/embedding-optimizer-study/**/*requirements*.txt,/home/runner/work/embedding-optimizer-study/embedding-optimizer-study/**/*requirements*.in,/home/runner/work/embedding-optimizer-study/embedding-optimizer-study/**/*constraints*.txt,/home/runner/work/embedding-optimizer-study/embedding-optimizer-study/**/*constraints*.in,/home/runner/work/embedding-optimizer-study/embedding-optimizer-study/**/pyproject.toml,/home/runner/work/embedding-optimizer-study/embedding-optimizer-study/**/uv.lock,/home/runner/work/embedding-optimizer-study/embedding-optimizer-study/**/*.py.lock
2026-09-13T12:53:02.6430314Z /home/runner/work/embedding-optimizer-study/embedding-optimizer-study/configs/formal_runtime_constraints.txt
2026-09-13T12:53:02.6531669Z /home/runner/work/embedding-optimizer-study/embedding-optimizer-study/pyproject.toml
2026-09-13T12:53:02.8605755Z /home/runner/work/embedding-optimizer-study/embedding-optimizer-study/reports/engineering-archive/dense-v3-current-paper-entry-v1/actual/before/pyproject.toml
2026-09-13T12:53:02.8667358Z /home/runner/work/embedding-optimizer-study/embedding-optimizer-study/reports/engineering-archive/dense-v3-current-paper-entry-v1/source-current/pyproject.toml
2026-09-13T12:53:02.9141764Z /home/runner/work/embedding-optimizer-study/embedding-optimizer-study/reports/engineering-archive/dense-v3-distribution-recovery-surface-v1/baseline/pyproject.toml
2026-09-13T12:53:02.9150839Z /home/runner/work/embedding-optimizer-study/embedding-optimizer-study/reports/engineering-archive/dense-v3-distribution-recovery-surface-v1/expanded/pyproject.toml
2026-09-13T12:53:02.9869287Z /home/runner/work/embedding-optimizer-study/embedding-optimizer-study/reports/engineering-archive/dense-v3-factorial-calibration-v1/actual/source-first/configs/formal_runtime_constraints.txt
2026-09-13T12:53:02.9881145Z /home/runner/work/embedding-optimizer-study/embedding-optimizer-study/reports/engineering-archive/dense-v3-factorial-calibration-v1/actual/source-first/requirements-formal-flash.txt
2026-09-13T12:53:02.9929637Z /home/runner/work/embedding-optimizer-study/embedding-optimizer-study/reports/engineering-archive/dense-v3-factorial-calibration-v1/actual/source-second/configs/formal_runtime_constraints.txt
2026-09-13T12:53:02.9940192Z /home/runner/work/embedding-optimizer-study/embedding-optimizer-study/reports/engineering-archive/dense-v3-factorial-calibration-v1/actual/source-second/requirements-formal-flash.txt
2026-09-13T12:53:02.9984946Z /home/runner/work/embedding-optimizer-study/embedding-optimizer-study/reports/engineering-archive/dense-v3-factorial-calibration-v1/actual/source-third/configs/formal_runtime_constraints.txt
2026-09-13T12:53:02.9994471Z /home/runner/work/embedding-optimizer-study/embedding-optimizer-study/reports/engineering-archive/dense-v3-factorial-calibration-v1/actual/source-third/requirements-formal-flash.txt
2026-09-13T12:53:03.0056047Z /home/runner/work/embedding-optimizer-study/embedding-optimizer-study/reports/engineering-archive/dense-v3-factorial-factory-v1/actual/source-first/configs/formal_runtime_constraints.txt
2026-09-13T12:53:03.0066602Z /home/runner/work/embedding-optimizer-study/embedding-optimizer-study/reports/engineering-archive/dense-v3-factorial-factory-v1/actual/source-first/requirements-formal-flash.txt
2026-09-13T12:53:03.0808193Z /home/runner/work/embedding-optimizer-study/embedding-optimizer-study/reports/engineering-archive/dense-v3-factorial-run-contract-v1/actual/source-fifth/configs/formal_runtime_constraints.txt
2026-09-13T12:53:03.0819039Z /home/runner/work/embedding-optimizer-study/embedding-optimizer-study/reports/engineering-archive/dense-v3-factorial-run-contract-v1/actual/source-fifth/requirements-formal-flash.txt
2026-09-13T12:53:03.0869301Z /home/runner/work/embedding-optimizer-study/embedding-optimizer-study/reports/engineering-archive/dense-v3-factorial-run-contract-v1/actual/source-first/configs/formal_runtime_constraints.txt
2026-09-13T12:53:03.0880812Z /home/runner/work/embedding-optimizer-study/embedding-optimizer-study/reports/engineering-archive/dense-v3-factorial-run-contract-v1/actual/source-first/requirements-formal-flash.txt
2026-09-13T12:53:03.0930394Z /home/runner/work/embedding-optimizer-study/embedding-optimizer-study/reports/engineering-archive/dense-v3-factorial-run-contract-v1/actual/source-fourth/configs/formal_runtime_constraints.txt
2026-09-13T12:53:03.0942075Z /home/runner/work/embedding-optimizer-study/embedding-optimizer-study/reports/engineering-archive/dense-v3-factorial-run-contract-v1/actual/source-fourth/requirements-formal-flash.txt
2026-09-13T12:53:03.0986014Z /home/runner/work/embedding-optimizer-study/embedding-optimizer-study/reports/engineering-archive/dense-v3-factorial-run-contract-v1/actual/source-second/configs/formal_runtime_constraints.txt
2026-09-13T12:53:03.0995858Z /home/runner/work/embedding-optimizer-study/embedding-optimizer-study/reports/engineering-archive/dense-v3-factorial-run-contract-v1/actual/source-second/requirements-formal-flash.txt
2026-09-13T12:53:03.1044519Z /home/runner/work/embedding-optimizer-study/embedding-optimizer-study/reports/engineering-archive/dense-v3-factorial-run-contract-v1/actual/source-third/configs/formal_runtime_constraints.txt
2026-09-13T12:53:03.1054457Z /home/runner/work/embedding-optimizer-study/embedding-optimizer-study/reports/engineering-archive/dense-v3-factorial-run-contract-v1/actual/source-third/requirements-formal-flash.txt
2026-09-13T12:53:03.1176304Z /home/runner/work/embedding-optimizer-study/embedding-optimizer-study/reports/engineering-archive/dense-v3-factorial-trainer-integration-v2/actual/source-first/configs/formal_runtime_constraints.txt
2026-09-13T12:53:03.1188237Z /home/runner/work/embedding-optimizer-study/embedding-optimizer-study/reports/engineering-archive/dense-v3-factorial-trainer-integration-v2/actual/source-first/requirements-formal-flash.txt
2026-09-13T12:53:03.1232324Z /home/runner/work/embedding-optimizer-study/embedding-optimizer-study/reports/engineering-archive/dense-v3-factorial-trainer-integration-v2/actual/source-gradient/configs/formal_runtime_constraints.txt
2026-09-13T12:53:03.1246099Z /home/runner/work/embedding-optimizer-study/embedding-optimizer-study/reports/engineering-archive/dense-v3-factorial-trainer-integration-v2/actual/source-gradient/requirements-formal-flash.txt
2026-09-13T12:53:03.1287375Z /home/runner/work/embedding-optimizer-study/embedding-optimizer-study/reports/engineering-archive/dense-v3-factorial-trainer-integration-v2/actual/source-second/configs/formal_runtime_constraints.txt
2026-09-13T12:53:03.1298336Z /home/runner/work/embedding-optimizer-study/embedding-optimizer-study/reports/engineering-archive/dense-v3-factorial-trainer-integration-v2/actual/source-second/requirements-formal-flash.txt
2026-09-13T12:53:03.1339193Z /home/runner/work/embedding-optimizer-study/embedding-optimizer-study/reports/engineering-archive/dense-v3-factorial-trainer-integration-v2/actual/source-third/configs/formal_runtime_constraints.txt
2026-09-13T12:53:03.1442219Z /home/runner/work/embedding-optimizer-study/embedding-optimizer-study/reports/engineering-archive/dense-v3-factorial-trainer-integration-v2/actual/source-third/requirements-formal-flash.txt
2026-09-13T12:53:03.1535689Z /home/runner/work/embedding-optimizer-study/embedding-optimizer-study/reports/engineering-archive/dense-v3-factorial-worker-v1/actual/source-final/configs/formal_runtime_constraints.txt
2026-09-13T12:53:03.1545813Z /home/runner/work/embedding-optimizer-study/embedding-optimizer-study/reports/engineering-archive/dense-v3-factorial-worker-v1/actual/source-final/requirements-formal-flash.txt
2026-09-13T12:53:03.3200355Z /home/runner/work/embedding-optimizer-study/embedding-optimizer-study/reports/engineering-archive/dense-v3-numerical-source-integration-v1/after/pyproject.toml
2026-09-13T12:53:03.3218257Z /home/runner/work/embedding-optimizer-study/embedding-optimizer-study/reports/engineering-archive/dense-v3-numerical-source-integration-v1/before/pyproject.toml
2026-09-13T12:53:03.3541617Z /home/runner/work/embedding-optimizer-study/embedding-optimizer-study/reports/engineering-archive/dense-v3-portable-factorial-checkpoint-v1/after/pyproject.toml
2026-09-13T12:53:03.3554573Z /home/runner/work/embedding-optimizer-study/embedding-optimizer-study/reports/engineering-archive/dense-v3-portable-factorial-checkpoint-v1/before/pyproject.toml
2026-09-13T12:53:03.3588187Z /home/runner/work/embedding-optimizer-study/embedding-optimizer-study/reports/engineering-archive/dense-v3-portable-handoff-v1/after/pyproject.toml
2026-09-13T12:53:03.3605488Z /home/runner/work/embedding-optimizer-study/embedding-optimizer-study/reports/engineering-archive/dense-v3-portable-handoff-v1/before/pyproject.toml
2026-09-13T12:53:03.3650025Z /home/runner/work/embedding-optimizer-study/embedding-optimizer-study/reports/engineering-archive/dense-v3-portable-input-roles-v1/after/pyproject.toml
2026-09-13T12:53:03.3715559Z /home/runner/work/embedding-optimizer-study/embedding-optimizer-study/reports/engineering-archive/dense-v3-portable-restore-v1/after/pyproject.toml
2026-09-13T12:53:03.4895119Z /home/runner/work/embedding-optimizer-study/embedding-optimizer-study/reports/engineering-archive/dense-v3-portable-restore-v1/before/pyproject.toml
2026-09-13T12:53:03.4896535Z /home/runner/work/embedding-optimizer-study/embedding-optimizer-study/reports/engineering-archive/dense-v3-primary-launch-v1/assembled-source/configs/formal_runtime_constraints.txt
2026-09-13T12:53:03.4897682Z /home/runner/work/embedding-optimizer-study/embedding-optimizer-study/reports/engineering-archive/dense-v3-primary-launch-v1/assembled-source/requirements-formal-flash.txt
2026-09-13T12:53:03.5522513Z /home/runner/work/embedding-optimizer-study/embedding-optimizer-study/reports/engineering-archive/dense-v3-release-transition-v1/actual/before/pyproject.toml
2026-09-13T12:53:03.5948956Z /home/runner/work/embedding-optimizer-study/embedding-optimizer-study/reports/engineering-archive/dense-v3-versioned-paper-reproduction-v1/source/pyproject.toml
2026-09-13T12:53:03.6671406Z /home/runner/work/embedding-optimizer-study/embedding-optimizer-study/requirements-formal-flash.txt
2026-09-13T12:53:03.9427947Z /home/runner/work/embedding-optimizer-study/embedding-optimizer-study/uv.lock
2026-09-13T12:53:03.9444415Z Found 49 files to hash.
2026-09-13T12:53:03.9494632Z Trying to restore cache from GitHub Actions cache with key: setup-uv-2-x86_64-unknown-linux-gnu-ubuntu-24.04-3.12-12cc3a526960571176e9042ac3aec8b835a06dd8b3fb327f0810b58942a8753c
2026-09-13T12:53:04.0613548Z No GitHub Actions cache found for key: setup-uv-2-x86_64-unknown-linux-gnu-ubuntu-24.04-3.12-12cc3a526960571176e9042ac3aec8b835a06dd8b3fb327f0810b58942a8753c
2026-09-13T12:53:04.1728515Z ##[group]Run uv sync --extra dev --extra eval --extra analysis
2026-09-13T12:53:04.1728945Z [36;1muv sync --extra dev --extra eval --extra analysis[0m
2026-09-13T12:53:04.1754415Z shell: /usr/bin/bash -e {0}
2026-09-13T12:53:04.1754744Z env:
2026-09-13T12:53:04.1755018Z   UV_PYTHON_INSTALL_DIR: /home/runner/work/_temp/uv-python-dir
2026-09-13T12:53:04.1755310Z   UV_PYTHON: 3.12
2026-09-13T12:53:04.1755582Z   UV_CACHE_DIR: /home/runner/work/_temp/setup-uv-cache
2026-09-13T12:53:04.1755904Z ##[endgroup]
2026-09-13T12:53:04.3181371Z Using CPython 3.12.3 interpreter at: /usr/bin/python3.12
2026-09-13T12:53:04.3182000Z Creating virtual environment at: .venv
2026-09-13T12:53:04.3220096Z Resolved 135 packages in 0.91ms
2026-09-13T12:53:04.3906570Z    Building embedding-optimizer-study @ file:///home/runner/work/embedding-optimizer-study/embedding-optimizer-study
2026-09-13T12:53:04.3911500Z Downloading nvidia-cuda-nvrtc-cu12 (84.0MiB)
2026-09-13T12:53:04.3912120Z Downloading numpy (15.9MiB)
2026-09-13T12:53:04.3912389Z Downloading pillow (6.6MiB)
2026-09-13T12:53:04.3912668Z Downloading sympy (6.0MiB)
2026-09-13T12:53:04.3912968Z Downloading fonttools (4.8MiB)
2026-09-13T12:53:04.3913335Z Downloading matplotlib (9.6MiB)
2026-09-13T12:53:04.4041999Z Downloading setuptools (1.0MiB)
2026-09-13T12:53:04.4042661Z Downloading scipy (33.7MiB)
2026-09-13T12:53:04.4043799Z Downloading nvidia-curand-cu12 (60.7MiB)
2026-09-13T12:53:04.4045239Z Downloading nvidia-cuda-cupti-cu12 (9.8MiB)
2026-09-13T12:53:04.4045907Z Downloading nvidia-cufile-cu12 (1.1MiB)
2026-09-13T12:53:04.4048943Z Downloading scikit-learn (8.7MiB)
2026-09-13T12:53:04.4049241Z Downloading nvidia-cudnn-cu12 (674.0MiB)
2026-09-13T12:53:04.4049894Z Downloading wandb (28.3MiB)
2026-09-13T12:53:04.4050802Z Downloading nvidia-nvshmem-cu12 (118.9MiB)
2026-09-13T12:53:04.4051618Z Downloading nvidia-cusparselt-cu12 (273.9MiB)
2026-09-13T12:53:04.4052256Z Downloading ruff (10.5MiB)
2026-09-13T12:53:04.4053868Z Downloading tokenizers (3.1MiB)
2026-09-13T12:53:04.4054453Z Downloading hf-xet (4.3MiB)
2026-09-13T12:53:04.4055596Z Downloading pandas (10.5MiB)
2026-09-13T12:53:04.4055974Z Downloading networkx (2.0MiB)
2026-09-13T12:53:04.4056891Z Downloading pydantic-core (2.0MiB)
2026-09-13T12:53:04.4057419Z Downloading nvidia-cufft-cu12 (184.2MiB)
2026-09-13T12:53:04.4058547Z Downloading aiohttp (1.7MiB)
2026-09-13T12:53:04.4059207Z Downloading pygments (1.2MiB)
2026-09-13T12:53:04.4059718Z Downloading nvidia-cublas-cu12 (566.8MiB)
2026-09-13T12:53:04.4060830Z Downloading nvidia-cusolver-cu12 (255.1MiB)
2026-09-13T12:53:04.4061334Z Downloading nvidia-nccl-cu12 (307.4MiB)
2026-09-13T12:53:04.4063489Z Downloading kiwisolver (1.4MiB)
2026-09-13T12:53:04.4064207Z Downloading pyarrow (45.4MiB)
2026-09-13T12:53:04.4065209Z Downloading nvidia-nvjitlink-cu12 (37.4MiB)
2026-09-13T12:53:04.4066007Z Downloading polars-runtime-32 (54.6MiB)
2026-09-13T12:53:04.4066943Z Downloading mteb (5.9MiB)
2026-09-13T12:53:04.4067888Z Downloading nvidia-cusparse-cu12 (274.9MiB)
2026-09-13T12:53:04.4068762Z Downloading transformers (10.2MiB)
2026-09-13T12:53:04.4069683Z Downloading fast-plaid (2.0MiB)
2026-09-13T12:53:04.4070454Z Downloading numkong (10.0MiB)
2026-09-13T12:53:04.4071507Z Downloading usearch (2.3MiB)
2026-09-13T12:53:04.4072217Z Downloading torch (858.1MiB)
2026-09-13T12:53:04.4073406Z Downloading triton (162.6MiB)
2026-09-13T12:53:04.6974883Z  Downloaded nvidia-cufile-cu12
2026-09-13T12:53:04.7752008Z  Downloaded setuptools
2026-09-13T12:53:04.7756165Z  Downloaded pygments
2026-09-13T12:53:04.8124448Z  Downloaded kiwisolver
2026-09-13T12:53:04.8532595Z  Downloaded aiohttp
2026-09-13T12:53:04.9365739Z  Downloaded networkx
2026-09-13T12:53:04.9666624Z  Downloaded fast-plaid
2026-09-13T12:53:04.9738324Z  Downloaded pydantic-core
2026-09-13T12:53:05.0100947Z  Downloaded usearch
2026-09-13T12:53:05.2423287Z    Building docopt==0.6.2
2026-09-13T12:53:05.2625254Z  Downloaded tokenizers
2026-09-13T12:53:05.4610446Z  Downloaded fonttools
2026-09-13T12:53:05.4618213Z  Downloaded hf-xet
2026-09-13T12:53:05.9624493Z  Downloaded sympy
2026-09-13T12:53:05.9884459Z  Downloaded pillow
2026-09-13T12:53:06.0412353Z  Downloaded mteb
2026-09-13T12:53:06.1655247Z  Downloaded scikit-learn
2026-09-13T12:53:06.2334754Z  Downloaded matplotlib
2026-09-13T12:53:06.2507262Z  Downloaded nvidia-cuda-cupti-cu12
2026-09-13T12:53:06.2966040Z  Downloaded numkong
2026-09-13T12:53:06.3340800Z  Downloaded ruff
2026-09-13T12:53:06.3341603Z  Downloaded transformers
2026-09-13T12:53:06.3651228Z  Downloaded pandas
2026-09-13T12:53:06.8391907Z  Downloaded numpy
2026-09-13T12:53:07.4053282Z       Built docopt==0.6.2
2026-09-13T12:53:07.4510981Z       Built embedding-optimizer-study @ file:///home/runner/work/embedding-optimizer-study/embedding-optimizer-study
2026-09-13T12:53:08.0744784Z  Downloaded wandb
2026-09-13T12:53:09.9911769Z  Downloaded scipy
2026-09-13T12:53:10.3821615Z  Downloaded nvidia-nvjitlink-cu12
2026-09-13T12:53:14.6508651Z  Downloaded pyarrow
2026-09-13T12:53:16.8420719Z  Downloaded nvidia-curand-cu12
2026-09-13T12:53:17.5927927Z  Downloaded polars-runtime-32
2026-09-13T12:53:18.4298439Z  Downloaded nvidia-cuda-nvrtc-cu12
2026-09-13T12:53:21.9326634Z  Downloaded nvidia-nvshmem-cu12
2026-09-13T12:53:26.6344807Z  Downloaded nvidia-cufft-cu12
2026-09-13T12:53:29.5106216Z  Downloaded triton
2026-09-13T12:53:29.7783928Z  Downloaded nvidia-cusolver-cu12
2026-09-13T12:53:30.6833488Z  Downloaded nvidia-cusparselt-cu12
2026-09-13T12:53:30.7830076Z  Downloaded nvidia-cusparse-cu12
2026-09-13T12:53:32.1160087Z  Downloaded nvidia-nccl-cu12
2026-09-13T12:53:37.2804361Z  Downloaded nvidia-cublas-cu12
2026-09-13T12:53:39.5793488Z  Downloaded nvidia-cudnn-cu12
2026-09-13T12:53:41.6150995Z  Downloaded torch
2026-09-13T12:53:41.6198857Z Prepared 118 packages in 37.29s
2026-09-13T12:53:42.9997117Z Installed 118 packages in 1.37s
2026-09-13T12:53:42.9997750Z  + accelerate==1.14.0
2026-09-13T12:53:42.9998049Z  + aiohappyeyeballs==2.7.1
2026-09-13T12:53:42.9998306Z  + aiohttp==3.14.3
2026-09-13T12:53:42.9998624Z  + aiosignal==1.4.0
2026-09-13T12:53:42.9998903Z  + annotated-doc==0.0.5
2026-09-13T12:53:42.9999270Z  + annotated-types==0.8.0
2026-09-13T12:53:42.9999578Z  + anyio==4.14.2
2026-09-13T12:53:42.9999970Z  + attrs==26.1.0
2026-09-13T12:53:43.0001401Z  + certifi==2026.7.22
2026-09-13T12:53:43.0001878Z  + cffconvert==2.0.0
2026-09-13T12:53:43.0002540Z  + charset-normalizer==3.5.1
2026-09-13T12:53:43.0002966Z  + click==8.4.2
2026-09-13T12:53:43.0003361Z  + contourpy==1.3.3
2026-09-13T12:53:43.0003791Z  + coverage==7.15.4
2026-09-13T12:53:43.0004196Z  + cycler==0.12.1
2026-09-13T12:53:43.0004631Z  + datasets==4.8.5
2026-09-13T12:53:43.0005001Z  + dill==0.4.1
2026-09-13T12:53:43.0005403Z  + docopt==0.6.2
2026-09-13T12:53:43.0006115Z  + embedding-optimizer-study==0.1.0 (from file:///home/runner/work/embedding-optimizer-study/embedding-optimizer-study)
2026-09-13T12:53:43.0006836Z  + fast-plaid==1.6.0.290
2026-09-13T12:53:43.0007269Z  + fastkmeans==0.5.0
2026-09-13T12:53:43.0007684Z  + filelock==3.32.3
2026-09-13T12:53:43.0008158Z  + fonttools==4.63.0
2026-09-13T12:53:43.0008534Z  + frozenlist==1.8.0
2026-09-13T12:53:43.0008897Z  + fsspec==2026.2.0
2026-09-13T12:53:43.0009345Z  + h11==0.16.0
2026-09-13T12:53:43.0009710Z  + hf-xet==1.6.0
2026-09-13T12:53:43.0010125Z  + httpcore==1.0.9
2026-09-13T12:53:43.0010537Z  + httpx==0.28.1
2026-09-13T12:53:43.0011002Z  + huggingface-hub==1.27.0
2026-09-13T12:53:43.0011407Z  + idna==3.18
2026-09-13T12:53:43.0011756Z  + iniconfig==2.3.0
2026-09-13T12:53:43.0012327Z  + jinja2==3.1.6
2026-09-13T12:53:43.0012965Z  + joblib==1.5.3
2026-09-13T12:53:43.0013358Z  + jsonschema==3.2.0
2026-09-13T12:53:43.0013745Z  + kiwisolver==1.5.0
2026-09-13T12:53:43.0014182Z  + late-interaction-kernels==0.4.5
2026-09-13T12:53:43.0014648Z  + markdown-it-py==4.2.0
2026-09-13T12:53:43.0015048Z  + markupsafe==3.0.3
2026-09-13T12:53:43.0015400Z  + matplotlib==3.11.1
2026-09-13T12:53:43.0015775Z  + mdurl==0.1.2
2026-09-13T12:53:43.0016126Z  + mpmath==1.3.0
2026-09-13T12:53:43.0016507Z  + mteb==2.19.3
2026-09-13T12:53:43.0017149Z  + multidict==6.7.1
2026-09-13T12:53:43.0017523Z  + multiprocess==0.70.19
2026-09-13T12:53:43.0017946Z  + narwhals==2.24.0
2026-09-13T12:53:43.0018394Z  + networkx==3.6.1
2026-09-13T12:53:43.0018747Z  + ninja==1.11.1.4
2026-09-13T12:53:43.0019142Z  + numkong==7.8.0
2026-09-13T12:53:43.0019513Z  + numpy==2.5.2
2026-09-13T12:53:43.0019946Z  + nvidia-cublas-cu12==12.8.4.1
2026-09-13T12:53:43.0020389Z  + nvidia-cuda-cupti-cu12==12.8.90
2026-09-13T12:53:43.0020981Z  + nvidia-cuda-nvrtc-cu12==12.8.93
2026-09-13T12:53:43.0021459Z  + nvidia-cuda-runtime-cu12==12.8.90
2026-09-13T12:53:43.0021900Z  + nvidia-cudnn-cu12==9.10.2.21
2026-09-13T12:53:43.0022487Z  + nvidia-cufft-cu12==11.3.3.83
2026-09-13T12:53:43.0022926Z  + nvidia-cufile-cu12==1.13.1.3
2026-09-13T12:53:43.0023365Z  + nvidia-curand-cu12==10.3.9.90
2026-09-13T12:53:43.0023820Z  + nvidia-cusolver-cu12==11.7.3.90
2026-09-13T12:53:43.0024253Z  + nvidia-cusparse-cu12==12.5.8.93
2026-09-13T12:53:43.0024679Z  + nvidia-cusparselt-cu12==0.7.1
2026-09-13T12:53:43.0025142Z  + nvidia-nccl-cu12==2.27.5
2026-09-13T12:53:43.0025558Z  + nvidia-nvjitlink-cu12==12.8.93
2026-09-13T12:53:43.0026002Z  + nvidia-nvshmem-cu12==3.3.20
2026-09-13T12:53:43.0026687Z  + nvidia-nvtx-cu12==12.8.90
2026-09-13T12:53:43.0027131Z  + opentelemetry-api==1.44.0
2026-09-13T12:53:43.0027611Z  + packaging==26.3
2026-09-13T12:53:43.0027984Z  + pandas==3.0.5
2026-09-13T12:53:43.0028355Z  + pillow==12.3.0
2026-09-13T12:53:43.0028758Z  + platformdirs==4.11.3
2026-09-13T12:53:43.0029151Z  + pluggy==1.6.0
2026-09-13T12:53:43.0029540Z  + polars==1.43.2
2026-09-13T12:53:43.0029904Z  + polars-runtime-32==1.43.2
2026-09-13T12:53:43.0030316Z  + propcache==0.5.2
2026-09-13T12:53:43.0030823Z  + protobuf==7.35.1
2026-09-13T12:53:43.0031205Z  + psutil==7.2.2
2026-09-13T12:53:43.0031618Z  + pyarrow==23.0.1
2026-09-13T12:53:43.0032024Z  + pydantic==2.13.4
2026-09-13T12:53:43.0032428Z  + pydantic-core==2.46.4
2026-09-13T12:53:43.0032986Z  + pygments==2.20.0
2026-09-13T12:53:43.0033394Z  + pykwalify==1.8.0
2026-09-13T12:53:43.0033786Z  + pylate==1.6.0
2026-09-13T12:53:43.0034150Z  + pyparsing==3.3.2
2026-09-13T12:53:43.0034534Z  + pyrsistent==0.20.0
2026-09-13T12:53:43.0034942Z  + pytest==9.1.1
2026-09-13T12:53:43.0035333Z  + pytest-cov==7.1.0
2026-09-13T12:53:43.0035730Z  + python-dateutil==2.9.0.post0
2026-09-13T12:53:43.0036152Z  + pytrec-eval-terrier==0.5.10
2026-09-13T12:53:43.0036563Z  + pyyaml==6.0.3
2026-09-13T12:53:43.0036921Z  + regex==2026.7.19
2026-09-13T12:53:43.0037289Z  + requests==2.34.2
2026-09-13T12:53:43.0037715Z  + rich==15.0.0
2026-09-13T12:53:43.0038084Z  + ruamel-yaml==0.19.1
2026-09-13T12:53:43.0038460Z  + ruff==0.16.3
2026-09-13T12:53:43.0038848Z  + safetensors==0.8.0
2026-09-13T12:53:43.0039233Z  + scikit-learn==1.9.0
2026-09-13T12:53:43.0039644Z  + scipy==1.18.0
2026-09-13T12:53:43.0040022Z  + sentence-transformers==5.7.0
2026-09-13T12:53:43.0040481Z  + sentry-sdk==2.68.0
2026-09-13T12:53:43.0040986Z  + setuptools==81.0.0
2026-09-13T12:53:43.0041375Z  + shellingham==1.5.4
2026-09-13T12:53:43.0041783Z  + six==1.17.0
2026-09-13T12:53:43.0042140Z  + sympy==1.14.0
2026-09-13T12:53:43.0042514Z  + threadpoolctl==3.6.0
2026-09-13T12:53:43.0042923Z  + tokenizers==0.22.2
2026-09-13T12:53:43.0043316Z  + torch==2.9.0
2026-09-13T12:53:43.0043724Z  + tqdm==4.70.0
2026-09-13T12:53:43.0044098Z  + transformers==5.3.0
2026-09-13T12:53:43.0044481Z  + triton==3.5.0
2026-09-13T12:53:43.0044865Z  + typer==0.27.1
2026-09-13T12:53:43.0045278Z  + typing-extensions==4.16.0
2026-09-13T12:53:43.0045697Z  + typing-inspection==0.4.4
2026-09-13T12:53:43.0046084Z  + ujson==5.12.0
2026-09-13T12:53:43.0046494Z  + urllib3==2.7.0
2026-09-13T12:53:43.0046887Z  + usearch==2.26.0
2026-09-13T12:53:43.0047265Z  + wandb==0.28.2
2026-09-13T12:53:43.0047742Z  + xxhash==4.0.0
2026-09-13T12:53:43.0048284Z  + yarl==1.24.5
2026-09-13T12:53:43.0152888Z ##[group]Run sudo apt-get update && sudo apt-get install -y latexmk texlive-latex-extra texlive-fonts-recommended poppler-utils
2026-09-13T12:53:43.0153555Z [36;1msudo apt-get update && sudo apt-get install -y latexmk texlive-latex-extra texlive-fonts-recommended poppler-utils[0m
2026-09-13T12:53:43.0173033Z shell: /usr/bin/bash -e {0}
2026-09-13T12:53:43.0173326Z env:
2026-09-13T12:53:43.0173598Z   UV_PYTHON_INSTALL_DIR: /home/runner/work/_temp/uv-python-dir
2026-09-13T12:53:43.0173885Z   UV_PYTHON: 3.12
2026-09-13T12:53:43.0174155Z   UV_CACHE_DIR: /home/runner/work/_temp/setup-uv-cache
2026-09-13T12:53:43.0174441Z ##[endgroup]
2026-09-13T12:53:43.1344992Z Get:1 file:/etc/apt/apt-mirrors.txt Mirrorlist [144 B]
2026-09-13T12:53:43.1698304Z Get:6 https://packages.microsoft.com/ubuntu/24.04/prod noble InRelease [3600 B]
2026-09-13T12:53:43.2017423Z Hit:2 http://azure.archive.ubuntu.com/ubuntu noble InRelease
2026-09-13T12:53:43.2029052Z Get:3 http://azure.archive.ubuntu.com/ubuntu noble-updates InRelease [126 kB]
2026-09-13T12:53:43.2219550Z Get:4 http://azure.archive.ubuntu.com/ubuntu noble-backports InRelease [126 kB]
2026-09-13T12:53:43.2378812Z Get:7 https://packages.microsoft.com/ubuntu/24.04/prod noble/main amd64 Packages [463 kB]
2026-09-13T12:53:43.2481449Z Get:8 https://dl.google.com/linux/chrome-stable/deb stable InRelease [2548 B]
2026-09-13T12:53:43.2756642Z Get:5 http://azure.archive.ubuntu.com/ubuntu noble-security InRelease [126 kB]
2026-09-13T12:53:43.3202244Z Get:9 https://packages.microsoft.com/ubuntu/24.04/prod noble/main arm64 Packages [414 kB]
2026-09-13T12:53:43.3233303Z Get:10 http://azure.archive.ubuntu.com/ubuntu noble-updates/main amd64 Packages [1263 kB]
2026-09-13T12:53:43.3408007Z Get:11 http://azure.archive.ubuntu.com/ubuntu noble-updates/main Translation-en [292 kB]
2026-09-13T12:53:43.4511423Z Get:12 http://azure.archive.ubuntu.com/ubuntu noble-updates/main amd64 Components [181 kB]
2026-09-13T12:53:43.4515265Z Get:27 https://dl.google.com/linux/chrome-stable/deb stable/main amd64 Packages [1408 B]
2026-09-13T12:53:43.5097340Z Get:13 http://azure.archive.ubuntu.com/ubuntu noble-updates/universe amd64 Packages [1690 kB]
2026-09-13T12:53:43.6301877Z Get:14 http://azure.archive.ubuntu.com/ubuntu noble-updates/universe amd64 Components [388 kB]
2026-09-13T12:53:43.7534731Z Get:15 http://azure.archive.ubuntu.com/ubuntu noble-updates/restricted amd64 Packages [1544 kB]
2026-09-13T12:53:43.8102521Z Get:16 http://azure.archive.ubuntu.com/ubuntu noble-updates/restricted Translation-en [354 kB]
2026-09-13T12:53:43.8693139Z Get:17 http://azure.archive.ubuntu.com/ubuntu noble-updates/multiverse amd64 Components [940 B]
2026-09-13T12:53:43.9209981Z Get:18 http://azure.archive.ubuntu.com/ubuntu noble-backports/main amd64 Components [5772 B]
2026-09-13T12:53:43.9801221Z Get:19 http://azure.archive.ubuntu.com/ubuntu noble-backports/universe amd64 Components [12.6 kB]
2026-09-13T12:53:44.0813388Z Get:20 http://azure.archive.ubuntu.com/ubuntu noble-security/main amd64 Packages [1006 kB]
2026-09-13T12:53:44.0903005Z Get:21 http://azure.archive.ubuntu.com/ubuntu noble-security/main Translation-en [213 kB]
2026-09-13T12:53:44.1271544Z Get:22 http://azure.archive.ubuntu.com/ubuntu noble-security/main amd64 Components [46.4 kB]
2026-09-13T12:53:44.1401525Z Get:23 http://azure.archive.ubuntu.com/ubuntu noble-security/universe amd64 Packages [1206 kB]
2026-09-13T12:53:44.1796152Z Get:24 http://azure.archive.ubuntu.com/ubuntu noble-security/universe amd64 Components [76.3 kB]
2026-09-13T12:53:44.1939774Z Get:25 http://azure.archive.ubuntu.com/ubuntu noble-security/restricted amd64 Packages [1445 kB]
2026-09-13T12:53:44.2185739Z Get:26 http://azure.archive.ubuntu.com/ubuntu noble-security/restricted Translation-en [336 kB]
2026-09-13T12:53:52.3551093Z Fetched 11.3 MB in 1s (8736 kB/s)
2026-09-13T12:53:52.9628061Z Reading package lists...
2026-09-13T12:53:53.0024787Z Reading package lists...
2026-09-13T12:53:53.1367063Z Building dependency tree...
2026-09-13T12:53:53.1373564Z Reading state information...
2026-09-13T12:53:53.2686246Z The following additional packages will be installed:
2026-09-13T12:53:53.2686761Z   ca-certificates-java cups-bsd cups-client cups-common default-jre
2026-09-13T12:53:53.2687216Z   default-jre-headless dvisvgm fonts-droid-fallback fonts-lmodern
2026-09-13T12:53:53.2687644Z   fonts-noto-mono fonts-texgyre fonts-texgyre-math fonts-urw-base35
2026-09-13T12:53:53.2688058Z   ghostscript gv libapache-pom-java libatk-wrapper-java
2026-09-13T12:53:53.2688745Z   libatk-wrapper-java-jni libbit-vector-perl libcarp-clan-perl
2026-09-13T12:53:53.2689315Z   libcommons-logging-java libcommons-parent-java libcrypt-rc4-perl
2026-09-13T12:53:53.2689867Z   libdate-calc-perl libdate-calc-xs-perl libdate-manip-perl
2026-09-13T12:53:53.2690441Z   libdigest-perl-md5-perl libfontbox-java libgif7 libgs-common libgs10
2026-09-13T12:53:53.2692410Z   libgs10-common libgumbo2 libidn12 libijs-0.35 libio-stringy-perl
2026-09-13T12:53:53.2692896Z   libjbig2dec0 libjcode-pm-perl libkpathsea6 libmotif-common libmujs3
2026-09-13T12:53:53.2693366Z   libole-storage-lite-perl libpaper-utils libpaper1 libparse-recdescent-perl
2026-09-13T12:53:53.2693842Z   libpcsclite1 libpdfbox-java libpoppler134 libpotrace0 libptexenc1
2026-09-13T12:53:53.2694311Z   libspreadsheet-parseexcel-perl libspreadsheet-writeexcel-perl libsynctex2
2026-09-13T12:53:53.2694806Z   libteckit0 libtexlua53-5 libunicode-map-perl libwoff1 libxcb-shape0 libxm4
2026-09-13T12:53:53.2695298Z   libxv1 libxxf86dga1 libzzip-0-13t64 lmodern mupdf-tools openjdk-21-jre
2026-09-13T12:53:53.2695804Z   openjdk-21-jre-headless poppler-data preview-latex-style t1utils tex-gyre
2026-09-13T12:53:53.2696334Z   texlive-base texlive-binaries texlive-latex-base texlive-latex-recommended
2026-09-13T12:53:53.2701569Z   texlive-pictures texlive-plain-generic tipa x11-utils xaw3dg
2026-09-13T12:53:53.2701953Z   xfonts-encodings xfonts-utils xpdf
2026-09-13T12:53:53.2703658Z Suggested packages:
2026-09-13T12:53:53.2704005Z   cups inetutils-inetd | inet-superserver update-inetd smbclient fonts-noto
2026-09-13T12:53:53.2704481Z   fonts-freefont-otf | fonts-freefont-ttf libavalon-framework-java
2026-09-13T12:53:53.2704884Z   libexcalibur-logkit-java liblog4j1.2-java pcscd libwww-perl libnss-mdns
2026-09-13T12:53:53.2705223Z   fonts-ipafont-gothic fonts-ipafont-mincho fonts-wqy-microhei
2026-09-13T12:53:53.2705550Z   | fonts-wqy-zenhei fonts-indic fonts-japanese-mincho | fonts-ipafont-mincho
2026-09-13T12:53:53.2705931Z   fonts-japanese-gothic | fonts-ipafont-gothic fonts-arphic-ukai
2026-09-13T12:53:53.2706260Z   fonts-arphic-uming fonts-nanum perl-tk xzdec texlive-binaries-sse2 hintview
2026-09-13T12:53:53.2706625Z   texlive-fonts-recommended-doc texlive-latex-base-doc wp2latex icc-profiles
2026-09-13T12:53:53.2706960Z   libfile-which-perl texlive-latex-extra-doc texlive-science
2026-09-13T12:53:53.2707298Z   texlive-latex-recommended-doc texlive-luatex texlive-pstricks dot2tex prerex
2026-09-13T12:53:53.2707610Z   texlive-pictures-doc vprerex tipa-doc mesa-utils
2026-09-13T12:53:53.2707840Z Recommended packages:
2026-09-13T12:53:53.2707991Z   luit
2026-09-13T12:53:53.4384660Z The following NEW packages will be installed:
2026-09-13T12:53:53.4385080Z   ca-certificates-java cups-bsd cups-client cups-common default-jre
2026-09-13T12:53:53.4385496Z   default-jre-headless dvisvgm fonts-droid-fallback fonts-lmodern
2026-09-13T12:53:53.4385901Z   fonts-noto-mono fonts-texgyre fonts-texgyre-math fonts-urw-base35
2026-09-13T12:53:53.4386303Z   ghostscript gv latexmk libapache-pom-java libatk-wrapper-java
2026-09-13T12:53:53.4386693Z   libatk-wrapper-java-jni libbit-vector-perl libcarp-clan-perl
2026-09-13T12:53:53.4387090Z   libcommons-logging-java libcommons-parent-java libcrypt-rc4-perl
2026-09-13T12:53:53.4387475Z   libdate-calc-perl libdate-calc-xs-perl libdate-manip-perl
2026-09-13T12:53:53.4387876Z   libdigest-perl-md5-perl libfontbox-java libgif7 libgs-common libgs10
2026-09-13T12:53:53.4388325Z   libgs10-common libgumbo2 libidn12 libijs-0.35 libio-stringy-perl
2026-09-13T12:53:53.4389003Z   libjbig2dec0 libjcode-pm-perl libkpathsea6 libmotif-common libmujs3
2026-09-13T12:53:53.4389348Z   libole-storage-lite-perl libpaper-utils libpaper1 libparse-recdescent-perl
2026-09-13T12:53:53.4390640Z   libpcsclite1 libpdfbox-java libpoppler134 libpotrace0 libptexenc1
2026-09-13T12:53:53.4391066Z   libspreadsheet-parseexcel-perl libspreadsheet-writeexcel-perl libsynctex2
2026-09-13T12:53:53.4392127Z   libteckit0 libtexlua53-5 libunicode-map-perl libwoff1 libxcb-shape0 libxm4
2026-09-13T12:53:53.4392553Z   libxv1 libxxf86dga1 libzzip-0-13t64 lmodern mupdf-tools openjdk-21-jre
2026-09-13T12:53:53.4393607Z   openjdk-21-jre-headless poppler-data poppler-utils preview-latex-style
2026-09-13T12:53:53.4394007Z   t1utils tex-gyre texlive-base texlive-binaries texlive-fonts-recommended
2026-09-13T12:53:53.4394400Z   texlive-latex-base texlive-latex-extra texlive-latex-recommended
2026-09-13T12:53:53.4394945Z   texlive-pictures texlive-plain-generic tipa x11-utils xaw3dg
2026-09-13T12:53:53.4395267Z   xfonts-encodings xfonts-utils xpdf
2026-09-13T12:53:53.4537291Z 0 upgraded, 86 newly installed, 0 to remove and 50 not upgraded.
2026-09-13T12:53:53.4537858Z Need to get 276 MB of archives.
2026-09-13T12:53:53.4538293Z After this operation, 873 MB of additional disk space will be used.
2026-09-13T12:53:53.4538674Z Get:1 file:/etc/apt/apt-mirrors.txt Mirrorlist [144 B]
2026-09-13T12:53:53.5106883Z Get:2 http://azure.archive.ubuntu.com/ubuntu noble/main amd64 fonts-droid-fallback all 1:6.0.1r16-1.1build1 [1805 kB]
2026-09-13T12:53:53.5722337Z Get:3 http://azure.archive.ubuntu.com/ubuntu noble/universe amd64 libmotif-common all 2.3.8-3.1build1 [10.1 kB]
2026-09-13T12:53:53.6067737Z Get:4 http://azure.archive.ubuntu.com/ubuntu noble/universe amd64 libxm4 amd64 2.3.8-3.1build1 [1091 kB]
2026-09-13T12:53:53.6523109Z Get:5 http://azure.archive.ubuntu.com/ubuntu noble/main amd64 poppler-data all 0.4.12-1 [2060 kB]
2026-09-13T12:53:53.7090169Z Get:6 http://azure.archive.ubuntu.com/ubuntu noble/main amd64 ca-certificates-java all 20240118 [11.6 kB]
2026-09-13T12:53:53.7434776Z Get:7 http://azure.archive.ubuntu.com/ubuntu noble-updates/main amd64 cups-common all 2.4.7-1.2ubuntu7.14 [264 kB]
2026-09-13T12:53:53.7800443Z Get:8 http://azure.archive.ubuntu.com/ubuntu noble-updates/main amd64 cups-client amd64 2.4.7-1.2ubuntu7.14 [154 kB]
2026-09-13T12:53:53.8192898Z Get:9 http://azure.archive.ubuntu.com/ubuntu noble/main amd64 libpcsclite1 amd64 2.0.3-1build1 [21.4 kB]
2026-09-13T12:53:53.8540820Z Get:10 http://azure.archive.ubuntu.com/ubuntu noble-updates/main amd64 openjdk-21-jre-headless amd64 21.0.12+8-1~24.04 [46.5 MB]
2026-09-13T12:53:54.5165711Z Get:11 http://azure.archive.ubuntu.com/ubuntu noble/main amd64 default-jre-headless amd64 2:1.21-75+exp1 [3094 B]
2026-09-13T12:53:54.5509417Z Get:12 http://azure.archive.ubuntu.com/ubuntu noble-updates/main amd64 libgif7 amd64 5.2.2-1ubuntu1.2 [35.6 kB]
2026-09-13T12:53:54.5856057Z Get:13 http://azure.archive.ubuntu.com/ubuntu noble-updates/main amd64 openjdk-21-jre amd64 21.0.12+8-1~24.04 [233 kB]
2026-09-13T12:53:54.6216219Z Get:14 http://azure.archive.ubuntu.com/ubuntu noble/main amd64 default-jre amd64 2:1.21-75+exp1 [922 B]
2026-09-13T12:53:54.6564121Z Get:15 http://azure.archive.ubuntu.com/ubuntu noble/main amd64 xfonts-encodings all 1:1.0.5-0ubuntu2 [578 kB]
2026-09-13T12:53:54.6962280Z Get:16 http://azure.archive.ubuntu.com/ubuntu noble/main amd64 xfonts-utils amd64 1:7.7+6build3 [94.4 kB]
2026-09-13T12:53:54.7309148Z Get:17 http://azure.archive.ubuntu.com/ubuntu noble/main amd64 fonts-urw-base35 all 20200910-8 [11.0 MB]
2026-09-13T12:53:54.8877462Z Get:18 http://azure.archive.ubuntu.com/ubuntu noble-updates/main amd64 libgs-common all 10.02.1~dfsg1-0ubuntu7.8 [176 kB]
2026-09-13T12:53:54.9228421Z Get:19 http://azure.archive.ubuntu.com/ubuntu noble-updates/main amd64 libgs10-common all 10.02.1~dfsg1-0ubuntu7.8 [488 kB]
2026-09-13T12:53:55.0054662Z Get:20 http://azure.archive.ubuntu.com/ubuntu noble-updates/main amd64 libidn12 amd64 1.42-1ubuntu0.1 [56.1 kB]
2026-09-13T12:53:55.0398599Z Get:21 http://azure.archive.ubuntu.com/ubuntu noble/main amd64 libijs-0.35 amd64 0.35-15.1build1 [15.3 kB]
2026-09-13T12:53:55.0744931Z Get:22 http://azure.archive.ubuntu.com/ubuntu noble-updates/main amd64 libjbig2dec0 amd64 0.20-1ubuntu0.24.04.1 [65.2 kB]
2026-09-13T12:53:55.1090368Z Get:23 http://azure.archive.ubuntu.com/ubuntu noble/main amd64 libpaper1 amd64 1.1.29build1 [13.4 kB]
2026-09-13T12:53:55.1367418Z Get:24 http://azure.archive.ubuntu.com/ubuntu noble-updates/main amd64 libgs10 amd64 10.02.1~dfsg1-0ubuntu7.8 [3897 kB]
2026-09-13T12:53:55.1977233Z Get:25 http://azure.archive.ubuntu.com/ubuntu noble/main amd64 libkpathsea6 amd64 2023.20230311.66589-9build3 [63.0 kB]
2026-09-13T12:53:55.2255181Z Get:26 http://azure.archive.ubuntu.com/ubuntu noble/universe amd64 libpotrace0 amd64 1.16-2build1 [17.7 kB]
2026-09-13T12:53:55.2530780Z Get:27 http://azure.archive.ubuntu.com/ubuntu noble/main amd64 libwoff1 amd64 1.0.2-2build1 [45.3 kB]
2026-09-13T12:53:55.2807071Z Get:28 http://azure.archive.ubuntu.com/ubuntu noble/universe amd64 dvisvgm amd64 3.2.1+ds-1build1 [1042 kB]
2026-09-13T12:53:55.3165673Z Get:29 http://azure.archive.ubuntu.com/ubuntu noble/universe amd64 fonts-lmodern all 2.005-1 [4799 kB]
2026-09-13T12:53:55.3871914Z Get:30 http://azure.archive.ubuntu.com/ubuntu noble/main amd64 fonts-noto-mono all 20201225-2 [435 kB]
2026-09-13T12:53:55.4176325Z Get:31 http://azure.archive.ubuntu.com/ubuntu noble/universe amd64 fonts-texgyre all 20180621-6 [8350 kB]
2026-09-13T12:53:55.5217169Z Get:32 http://azure.archive.ubuntu.com/ubuntu noble/universe amd64 fonts-texgyre-math all 20180621-6 [2373 kB]
2026-09-13T12:53:55.5691051Z Get:33 http://azure.archive.ubuntu.com/ubuntu noble-updates/main amd64 ghostscript amd64 10.02.1~dfsg1-0ubuntu7.8 [43.4 kB]
2026-09-13T12:53:55.5966393Z Get:34 http://azure.archive.ubuntu.com/ubuntu noble/universe amd64 xaw3dg amd64 1.5+F-1.1build2 [148 kB]
2026-09-13T12:53:55.6249113Z Get:35 http://azure.archive.ubuntu.com/ubuntu noble/universe amd64 gv amd64 1:3.7.4-2build2 [212 kB]
2026-09-13T12:53:55.6538912Z Get:36 http://azure.archive.ubuntu.com/ubuntu noble/main amd64 libpaper-utils amd64 1.1.29build1 [8650 B]
2026-09-13T12:53:55.6816938Z Get:37 http://azure.archive.ubuntu.com/ubuntu noble/main amd64 libptexenc1 amd64 2023.20230311.66589-9build3 [40.4 kB]
2026-09-13T12:53:55.7096866Z Get:38 http://azure.archive.ubuntu.com/ubuntu noble/main amd64 libsynctex2 amd64 2023.20230311.66589-9build3 [59.6 kB]
2026-09-13T12:53:55.7785660Z Get:39 http://azure.archive.ubuntu.com/ubuntu noble/main amd64 libtexlua53-5 amd64 2023.20230311.66589-9build3 [123 kB]
2026-09-13T12:53:55.8065221Z Get:40 http://azure.archive.ubuntu.com/ubuntu noble/main amd64 t1utils amd64 1.41-4build3 [61.3 kB]
2026-09-13T12:53:55.8343647Z Get:41 http://azure.archive.ubuntu.com/ubuntu noble/universe amd64 libteckit0 amd64 2.5.12+ds1-1 [411 kB]
2026-09-13T12:53:55.8647171Z Get:42 http://azure.archive.ubuntu.com/ubuntu noble/universe amd64 libzzip-0-13t64 amd64 0.13.72+dfsg.1-1.2build1 [28.1 kB]
2026-09-13T12:53:55.8925132Z Get:43 http://azure.archive.ubuntu.com/ubuntu noble/universe amd64 texlive-binaries amd64 2023.20230311.66589-9build3 [8529 kB]
2026-09-13T12:53:55.9933786Z Get:44 http://azure.archive.ubuntu.com/ubuntu noble/universe amd64 texlive-base all 2023.20240207-1 [21.7 MB]
2026-09-13T12:53:56.2390421Z Get:45 http://azure.archive.ubuntu.com/ubuntu noble/universe amd64 texlive-latex-base all 2023.20240207-1 [1238 kB]
2026-09-13T12:53:56.4525171Z Get:46 http://azure.archive.ubuntu.com/ubuntu noble/universe amd64 latexmk all 1:4.83-1 [203 kB]
2026-09-13T12:53:56.4824891Z Get:47 http://azure.archive.ubuntu.com/ubuntu noble/universe amd64 libapache-pom-java all 29-2 [5284 B]
2026-09-13T12:53:56.5101074Z Get:48 http://azure.archive.ubuntu.com/ubuntu noble/main amd64 libxcb-shape0 amd64 1.15-1ubuntu2 [6100 B]
2026-09-13T12:53:56.5399077Z Get:49 http://azure.archive.ubuntu.com/ubuntu noble/main amd64 libxv1 amd64 2:1.0.11-1.1build1 [10.7 kB]
2026-09-13T12:53:56.5687962Z Get:50 http://azure.archive.ubuntu.com/ubuntu noble/main amd64 libxxf86dga1 amd64 2:1.1.5-1build1 [11.6 kB]
2026-09-13T12:53:56.5962483Z Get:51 http://azure.archive.ubuntu.com/ubuntu noble/main amd64 x11-utils amd64 7.7+6build2 [189 kB]
2026-09-13T12:53:56.6260762Z Get:52 http://azure.archive.ubuntu.com/ubuntu noble/main amd64 libatk-wrapper-java all 0.40.0-3build2 [54.3 kB]
2026-09-13T12:53:56.6541694Z Get:53 http://azure.archive.ubuntu.com/ubuntu noble/main amd64 libatk-wrapper-java-jni amd64 0.40.0-3build2 [46.4 kB]
2026-09-13T12:53:56.6818950Z Get:54 http://azure.archive.ubuntu.com/ubuntu noble/universe amd64 libcarp-clan-perl all 6.08-2 [11.9 kB]
2026-09-13T12:53:56.7093704Z Get:55 http://azure.archive.ubuntu.com/ubuntu noble/universe amd64 libbit-vector-perl amd64 7.4-3build1 [139 kB]
2026-09-13T12:53:56.7385470Z Get:56 http://azure.archive.ubuntu.com/ubuntu noble/universe amd64 libcommons-parent-java all 56-1 [10.7 kB]
2026-09-13T12:53:56.8176325Z Get:57 http://azure.archive.ubuntu.com/ubuntu noble/universe amd64 libcommons-logging-java all 1.3.0-1ubuntu1 [63.8 kB]
2026-09-13T12:53:56.8523316Z Get:58 http://azure.archive.ubuntu.com/ubuntu noble/universe amd64 libcrypt-rc4-perl all 2.02-5 [7064 B]
2026-09-13T12:53:56.8871609Z Get:59 http://azure.archive.ubuntu.com/ubuntu noble/universe amd64 libdate-calc-perl all 6.4-2 [187 kB]
2026-09-13T12:53:56.9230185Z Get:60 http://azure.archive.ubuntu.com/ubuntu noble/universe amd64 libdate-calc-xs-perl amd64 6.4-2build4 [46.8 kB]
2026-09-13T12:53:56.9579155Z Get:61 http://azure.archive.ubuntu.com/ubuntu noble/main amd64 libdate-manip-perl all 6.95-1 [923 kB]
2026-09-13T12:53:57.0010246Z Get:62 http://azure.archive.ubuntu.com/ubuntu noble/universe amd64 libdigest-perl-md5-perl all 1.9-5 [11.1 kB]
2026-09-13T12:53:57.0357804Z Get:63 http://azure.archive.ubuntu.com/ubuntu noble/universe amd64 libgumbo2 amd64 0.12.0+dfsg-2build1 [126 kB]
2026-09-13T12:53:57.0711381Z Get:64 http://azure.archive.ubuntu.com/ubuntu noble/main amd64 libio-stringy-perl all 2.111-3 [55.8 kB]
2026-09-13T12:53:57.1057590Z Get:65 http://azure.archive.ubuntu.com/ubuntu noble/universe amd64 libjcode-pm-perl amd64 2.06-1.1build1 [26.8 kB]
2026-09-13T12:53:57.1361060Z Get:66 http://azure.archive.ubuntu.com/ubuntu noble/universe amd64 libmujs3 amd64 1.3.3-3build2 [134 kB]
2026-09-13T12:53:57.1664083Z Get:67 http://azure.archive.ubuntu.com/ubuntu noble/universe amd64 libole-storage-lite-perl all 0.22-1 [21.6 kB]
2026-09-13T12:53:57.1962966Z Get:68 http://azure.archive.ubuntu.com/ubuntu noble/universe amd64 libparse-recdescent-perl all 1.967015+dfsg-4 [139 kB]
2026-09-13T12:53:57.2266893Z Get:69 http://azure.archive.ubuntu.com/ubuntu noble-updates/main amd64 libpoppler134 amd64 24.02.0-1ubuntu9.9 [1118 kB]
2026-09-13T12:53:57.2639554Z Get:70 http://azure.archive.ubuntu.com/ubuntu noble/universe amd64 libspreadsheet-writeexcel-perl all 2.40-4 [497 kB]
2026-09-13T12:53:57.2968865Z Get:71 http://azure.archive.ubuntu.com/ubuntu noble/universe amd64 libunicode-map-perl amd64 0.112-13build4 [203 kB]
2026-09-13T12:53:57.3263642Z Get:72 http://azure.archive.ubuntu.com/ubuntu noble/universe amd64 libspreadsheet-parseexcel-perl all 0.6600-1 [144 kB]
2026-09-13T12:53:57.3544310Z Get:73 http://azure.archive.ubuntu.com/ubuntu noble/universe amd64 lmodern all 2.005-1 [9542 kB]
2026-09-13T12:53:57.4647962Z Get:74 http://azure.archive.ubuntu.com/ubuntu noble/universe amd64 mupdf-tools amd64 1.23.10+ds1-1build3 [49.3 MB]
2026-09-13T12:53:58.1857338Z Get:75 http://azure.archive.ubuntu.com/ubuntu noble-updates/main amd64 poppler-utils amd64 24.02.0-1ubuntu9.9 [212 kB]
2026-09-13T12:53:58.2164193Z Get:76 http://azure.archive.ubuntu.com/ubuntu noble/universe amd64 preview-latex-style all 13.2-1 [347 kB]
2026-09-13T12:53:58.2456224Z Get:77 http://azure.archive.ubuntu.com/ubuntu noble/universe amd64 tex-gyre all 20180621-6 [6396 kB]
2026-09-13T12:53:58.3283480Z Get:78 http://azure.archive.ubuntu.com/ubuntu noble/universe amd64 texlive-fonts-recommended all 2023.20240207-1 [4973 kB]
2026-09-13T12:53:58.3987147Z Get:79 http://azure.archive.ubuntu.com/ubuntu noble/universe amd64 libfontbox-java all 1:1.8.16-5 [208 kB]
2026-09-13T12:53:58.4274861Z Get:80 http://azure.archive.ubuntu.com/ubuntu noble/universe amd64 libpdfbox-java all 1:1.8.16-5 [5521 kB]
2026-09-13T12:53:58.5026167Z Get:81 http://azure.archive.ubuntu.com/ubuntu noble/universe amd64 texlive-latex-recommended all 2023.20240207-1 [8826 kB]
2026-09-13T12:53:58.6061894Z Get:82 http://azure.archive.ubuntu.com/ubuntu noble/universe amd64 texlive-pictures all 2023.20240207-1 [16.7 MB]
2026-09-13T12:53:58.7828353Z Get:83 http://azure.archive.ubuntu.com/ubuntu noble/universe amd64 texlive-latex-extra all 2023.20240207-1 [19.2 MB]
2026-09-13T12:53:58.9954136Z Get:84 http://azure.archive.ubuntu.com/ubuntu noble/universe amd64 texlive-plain-generic all 2023.20240207-1 [29.0 MB]
2026-09-13T12:53:59.4178840Z Get:85 http://azure.archive.ubuntu.com/ubuntu noble/universe amd64 tipa all 2:1.3-21 [2967 kB]
2026-09-13T12:53:59.4706982Z Get:86 http://azure.archive.ubuntu.com/ubuntu noble/universe amd64 xpdf amd64 3.04+git20240202-1build3 [125 kB]
2026-09-13T12:53:59.4989135Z Get:87 http://azure.archive.ubuntu.com/ubuntu noble-updates/main amd64 cups-bsd amd64 2.4.7-1.2ubuntu7.14 [42.2 kB]
2026-09-13T12:53:59.7843786Z Preconfiguring packages ...
2026-09-13T12:54:00.1202956Z Fetched 276 MB in 6s (45.6 MB/s)
2026-09-13T12:54:00.3066501Z Selecting previously unselected package fonts-droid-fallback.
2026-09-13T12:54:00.4227305Z (Reading database ... 
2026-09-13T12:54:00.4227686Z (Reading database ... 5%
2026-09-13T12:54:00.4227922Z (Reading database ... 10%
2026-09-13T12:54:00.4228141Z (Reading database ... 15%
2026-09-13T12:54:00.4228351Z (Reading database ... 20%
2026-09-13T12:54:00.4228552Z (Reading database ... 25%
2026-09-13T12:54:00.4228753Z (Reading database ... 30%
2026-09-13T12:54:00.4228957Z (Reading database ... 35%
2026-09-13T12:54:00.4229154Z (Reading database ... 40%
2026-09-13T12:54:00.4229390Z (Reading database ... 45%
2026-09-13T12:54:00.4229599Z (Reading database ... 50%
2026-09-13T12:54:00.5881879Z (Reading database ... 55%
2026-09-13T12:54:01.2845901Z (Reading database ... 60%
2026-09-13T12:54:01.6437814Z (Reading database ... 65%
2026-09-13T12:54:01.9682800Z (Reading database ... 70%
2026-09-13T12:54:02.1122986Z (Reading database ... 75%
2026-09-13T12:54:02.3324699Z (Reading database ... 80%
2026-09-13T12:54:02.8388723Z (Reading database ... 85%
2026-09-13T12:54:02.9764965Z (Reading database ... 90%
2026-09-13T12:54:03.3832622Z (Reading database ... 95%
2026-09-13T12:54:03.3832922Z (Reading database ... 100%
2026-09-13T12:54:03.3833185Z (Reading database ... 201818 files and directories currently installed.)
2026-09-13T12:54:03.3879899Z Preparing to unpack .../00-fonts-droid-fallback_1%3a6.0.1r16-1.1build1_all.deb ...
2026-09-13T12:54:03.4153080Z Unpacking fonts-droid-fallback (1:6.0.1r16-1.1build1) ...
2026-09-13T12:54:03.9503246Z Selecting previously unselected package libmotif-common.
2026-09-13T12:54:03.9611039Z Preparing to unpack .../01-libmotif-common_2.3.8-3.1build1_all.deb ...
2026-09-13T12:54:03.9620309Z Unpacking libmotif-common (2.3.8-3.1build1) ...
2026-09-13T12:54:03.9958797Z Selecting previously unselected package libxm4:amd64.
2026-09-13T12:54:04.0065493Z Preparing to unpack .../02-libxm4_2.3.8-3.1build1_amd64.deb ...
2026-09-13T12:54:04.1574638Z Unpacking libxm4:amd64 (2.3.8-3.1build1) ...
2026-09-13T12:54:04.1936532Z Selecting previously unselected package poppler-data.
2026-09-13T12:54:04.2041060Z Preparing to unpack .../03-poppler-data_0.4.12-1_all.deb ...
2026-09-13T12:54:04.2050472Z Unpacking poppler-data (0.4.12-1) ...
2026-09-13T12:54:04.3400382Z Selecting previously unselected package ca-certificates-java.
2026-09-13T12:54:04.3508674Z Preparing to unpack .../04-ca-certificates-java_20240118_all.deb ...
2026-09-13T12:54:04.3771564Z Unpacking ca-certificates-java (20240118) ...
2026-09-13T12:54:04.4073410Z Selecting previously unselected package cups-common.
2026-09-13T12:54:04.4178317Z Preparing to unpack .../05-cups-common_2.4.7-1.2ubuntu7.14_all.deb ...
2026-09-13T12:54:04.4189706Z Unpacking cups-common (2.4.7-1.2ubuntu7.14) ...
2026-09-13T12:54:04.5269836Z Selecting previously unselected package cups-client.
2026-09-13T12:54:04.5382740Z Preparing to unpack .../06-cups-client_2.4.7-1.2ubuntu7.14_amd64.deb ...
2026-09-13T12:54:04.5436457Z Unpacking cups-client (2.4.7-1.2ubuntu7.14) ...
2026-09-13T12:54:04.7422682Z Selecting previously unselected package libpcsclite1:amd64.
2026-09-13T12:54:04.7529799Z Preparing to unpack .../07-libpcsclite1_2.0.3-1build1_amd64.deb ...
2026-09-13T12:54:04.7540093Z Unpacking libpcsclite1:amd64 (2.0.3-1build1) ...
2026-09-13T12:54:04.7707834Z Selecting previously unselected package openjdk-21-jre-headless:amd64.
2026-09-13T12:54:04.7814760Z Preparing to unpack .../08-openjdk-21-jre-headless_21.0.12+8-1~24.04_amd64.deb ...
2026-09-13T12:54:04.7828329Z Unpacking openjdk-21-jre-headless:amd64 (21.0.12+8-1~24.04) ...
2026-09-13T12:54:06.1326782Z Selecting previously unselected package default-jre-headless.
2026-09-13T12:54:06.1434305Z Preparing to unpack .../09-default-jre-headless_2%3a1.21-75+exp1_amd64.deb ...
2026-09-13T12:54:06.1444449Z Unpacking default-jre-headless (2:1.21-75+exp1) ...
2026-09-13T12:54:06.1604818Z Selecting previously unselected package libgif7:amd64.
2026-09-13T12:54:06.1708555Z Preparing to unpack .../10-libgif7_5.2.2-1ubuntu1.2_amd64.deb ...
2026-09-13T12:54:06.1719720Z Unpacking libgif7:amd64 (5.2.2-1ubuntu1.2) ...
2026-09-13T12:54:06.1875697Z Selecting previously unselected package openjdk-21-jre:amd64.
2026-09-13T12:54:06.1972604Z Preparing to unpack .../11-openjdk-21-jre_21.0.12+8-1~24.04_amd64.deb ...
2026-09-13T12:54:06.1982052Z Unpacking openjdk-21-jre:amd64 (21.0.12+8-1~24.04) ...
2026-09-13T12:54:06.2399971Z Selecting previously unselected package default-jre.
2026-09-13T12:54:06.2500242Z Preparing to unpack .../12-default-jre_2%3a1.21-75+exp1_amd64.deb ...
2026-09-13T12:54:06.4304235Z Unpacking default-jre (2:1.21-75+exp1) ...
2026-09-13T12:54:06.4621391Z Selecting previously unselected package xfonts-encodings.
2026-09-13T12:54:06.4729722Z Preparing to unpack .../13-xfonts-encodings_1%3a1.0.5-0ubuntu2_all.deb ...
2026-09-13T12:54:06.4739861Z Unpacking xfonts-encodings (1:1.0.5-0ubuntu2) ...
2026-09-13T12:54:06.4975625Z Selecting previously unselected package xfonts-utils.
2026-09-13T12:54:06.5081321Z Preparing to unpack .../14-xfonts-utils_1%3a7.7+6build3_amd64.deb ...
2026-09-13T12:54:06.5091963Z Unpacking xfonts-utils (1:7.7+6build3) ...
2026-09-13T12:54:06.5352321Z Selecting previously unselected package fonts-urw-base35.
2026-09-13T12:54:06.5455884Z Preparing to unpack .../15-fonts-urw-base35_20200910-8_all.deb ...
2026-09-13T12:54:06.5889855Z Unpacking fonts-urw-base35 (20200910-8) ...
2026-09-13T12:54:06.8994945Z Selecting previously unselected package libgs-common.
2026-09-13T12:54:06.9103616Z Preparing to unpack .../16-libgs-common_10.02.1~dfsg1-0ubuntu7.8_all.deb ...
2026-09-13T12:54:06.9112834Z Unpacking libgs-common (10.02.1~dfsg1-0ubuntu7.8) ...
2026-09-13T12:54:06.9297828Z Selecting previously unselected package libgs10-common.
2026-09-13T12:54:06.9409123Z Preparing to unpack .../17-libgs10-common_10.02.1~dfsg1-0ubuntu7.8_all.deb ...
2026-09-13T12:54:06.9418993Z Unpacking libgs10-common (10.02.1~dfsg1-0ubuntu7.8) ...
2026-09-13T12:54:07.0116021Z Selecting previously unselected package libidn12:amd64.
2026-09-13T12:54:07.0222159Z Preparing to unpack .../18-libidn12_1.42-1ubuntu0.1_amd64.deb ...
2026-09-13T12:54:07.0232080Z Unpacking libidn12:amd64 (1.42-1ubuntu0.1) ...
2026-09-13T12:54:07.0393460Z Selecting previously unselected package libijs-0.35:amd64.
2026-09-13T12:54:07.0499649Z Preparing to unpack .../19-libijs-0.35_0.35-15.1build1_amd64.deb ...
2026-09-13T12:54:07.0509884Z Unpacking libijs-0.35:amd64 (0.35-15.1build1) ...
2026-09-13T12:54:07.0675947Z Selecting previously unselected package libjbig2dec0:amd64.
2026-09-13T12:54:07.0780032Z Preparing to unpack .../20-libjbig2dec0_0.20-1ubuntu0.24.04.1_amd64.deb ...
2026-09-13T12:54:07.0789275Z Unpacking libjbig2dec0:amd64 (0.20-1ubuntu0.24.04.1) ...
2026-09-13T12:54:07.4130427Z Selecting previously unselected package libpaper1:amd64.
2026-09-13T12:54:07.4248666Z Preparing to unpack .../21-libpaper1_1.1.29build1_amd64.deb ...
2026-09-13T12:54:07.4264262Z Unpacking libpaper1:amd64 (1.1.29build1) ...
2026-09-13T12:54:07.4441994Z Selecting previously unselected package libgs10:amd64.
2026-09-13T12:54:07.4553382Z Preparing to unpack .../22-libgs10_10.02.1~dfsg1-0ubuntu7.8_amd64.deb ...
2026-09-13T12:54:07.4563219Z Unpacking libgs10:amd64 (10.02.1~dfsg1-0ubuntu7.8) ...
2026-09-13T12:54:07.6797595Z Selecting previously unselected package libkpathsea6:amd64.
2026-09-13T12:54:07.6904629Z Preparing to unpack .../23-libkpathsea6_2023.20230311.66589-9build3_amd64.deb ...
2026-09-13T12:54:07.6917299Z Unpacking libkpathsea6:amd64 (2023.20230311.66589-9build3) ...
2026-09-13T12:54:07.7657109Z Selecting previously unselected package libpotrace0:amd64.
2026-09-13T12:54:07.7767809Z Preparing to unpack .../24-libpotrace0_1.16-2build1_amd64.deb ...
2026-09-13T12:54:07.7776279Z Unpacking libpotrace0:amd64 (1.16-2build1) ...
2026-09-13T12:54:07.7960183Z Selecting previously unselected package libwoff1:amd64.
2026-09-13T12:54:07.8064498Z Preparing to unpack .../25-libwoff1_1.0.2-2build1_amd64.deb ...
2026-09-13T12:54:07.8541149Z Unpacking libwoff1:amd64 (1.0.2-2build1) ...
2026-09-13T12:54:07.8712455Z Selecting previously unselected package dvisvgm.
2026-09-13T12:54:07.8818989Z Preparing to unpack .../26-dvisvgm_3.2.1+ds-1build1_amd64.deb ...
2026-09-13T12:54:07.8829591Z Unpacking dvisvgm (3.2.1+ds-1build1) ...
2026-09-13T12:54:07.9267562Z Selecting previously unselected package fonts-lmodern.
2026-09-13T12:54:07.9374411Z Preparing to unpack .../27-fonts-lmodern_2.005-1_all.deb ...
2026-09-13T12:54:07.9422174Z Unpacking fonts-lmodern (2.005-1) ...
2026-09-13T12:54:08.2370181Z Selecting previously unselected package fonts-noto-mono.
2026-09-13T12:54:08.2478619Z Preparing to unpack .../28-fonts-noto-mono_20201225-2_all.deb ...
2026-09-13T12:54:08.3928668Z Unpacking fonts-noto-mono (20201225-2) ...
2026-09-13T12:54:08.4134446Z Selecting previously unselected package fonts-texgyre.
2026-09-13T12:54:08.4234969Z Preparing to unpack .../29-fonts-texgyre_20180621-6_all.deb ...
2026-09-13T12:54:08.4244924Z Unpacking fonts-texgyre (20180621-6) ...
2026-09-13T12:54:08.5313506Z Selecting previously unselected package fonts-texgyre-math.
2026-09-13T12:54:08.5418259Z Preparing to unpack .../30-fonts-texgyre-math_20180621-6_all.deb ...
2026-09-13T12:54:08.5428212Z Unpacking fonts-texgyre-math (20180621-6) ...
2026-09-13T12:54:08.5977173Z Selecting previously unselected package ghostscript.
2026-09-13T12:54:08.6077688Z Preparing to unpack .../31-ghostscript_10.02.1~dfsg1-0ubuntu7.8_amd64.deb ...
2026-09-13T12:54:08.6087243Z Unpacking ghostscript (10.02.1~dfsg1-0ubuntu7.8) ...
2026-09-13T12:54:08.6304285Z Selecting previously unselected package xaw3dg:amd64.
2026-09-13T12:54:08.6404043Z Preparing to unpack .../32-xaw3dg_1.5+F-1.1build2_amd64.deb ...
2026-09-13T12:54:08.6414329Z Unpacking xaw3dg:amd64 (1.5+F-1.1build2) ...
2026-09-13T12:54:08.6906264Z Selecting previously unselected package gv.
2026-09-13T12:54:08.7006081Z Preparing to unpack .../33-gv_1%3a3.7.4-2build2_amd64.deb ...
2026-09-13T12:54:08.7015067Z Unpacking gv (1:3.7.4-2build2) ...
2026-09-13T12:54:08.7285519Z Selecting previously unselected package libpaper-utils.
2026-09-13T12:54:08.7383072Z Preparing to unpack .../34-libpaper-utils_1.1.29build1_amd64.deb ...
2026-09-13T12:54:08.7394642Z Unpacking libpaper-utils (1.1.29build1) ...
2026-09-13T12:54:08.7559862Z Selecting previously unselected package libptexenc1:amd64.
2026-09-13T12:54:08.7657148Z Preparing to unpack .../35-libptexenc1_2023.20230311.66589-9build3_amd64.deb ...
2026-09-13T12:54:08.7666324Z Unpacking libptexenc1:amd64 (2023.20230311.66589-9build3) ...
2026-09-13T12:54:08.7815987Z Selecting previously unselected package libsynctex2:amd64.
2026-09-13T12:54:08.7911218Z Preparing to unpack .../36-libsynctex2_2023.20230311.66589-9build3_amd64.deb ...
2026-09-13T12:54:08.7922580Z Unpacking libsynctex2:amd64 (2023.20230311.66589-9build3) ...
2026-09-13T12:54:08.8657607Z Selecting previously unselected package libtexlua53-5:amd64.
2026-09-13T12:54:08.8755151Z Preparing to unpack .../37-libtexlua53-5_2023.20230311.66589-9build3_amd64.deb ...
2026-09-13T12:54:08.8767157Z Unpacking libtexlua53-5:amd64 (2023.20230311.66589-9build3) ...
2026-09-13T12:54:09.0131469Z Selecting previously unselected package t1utils.
2026-09-13T12:54:09.0243951Z Preparing to unpack .../38-t1utils_1.41-4build3_amd64.deb ...
2026-09-13T12:54:09.0253345Z Unpacking t1utils (1.41-4build3) ...
2026-09-13T12:54:09.0747162Z Selecting previously unselected package libteckit0:amd64.
2026-09-13T12:54:09.0858159Z Preparing to unpack .../39-libteckit0_2.5.12+ds1-1_amd64.deb ...
2026-09-13T12:54:09.1742381Z Unpacking libteckit0:amd64 (2.5.12+ds1-1) ...
2026-09-13T12:54:09.2075162Z Selecting previously unselected package libzzip-0-13t64:amd64.
2026-09-13T12:54:09.2186703Z Preparing to unpack .../40-libzzip-0-13t64_0.13.72+dfsg.1-1.2build1_amd64.deb ...
2026-09-13T12:54:09.2198103Z Unpacking libzzip-0-13t64:amd64 (0.13.72+dfsg.1-1.2build1) ...
2026-09-13T12:54:09.2622747Z Selecting previously unselected package texlive-binaries.
2026-09-13T12:54:09.2732578Z Preparing to unpack .../41-texlive-binaries_2023.20230311.66589-9build3_amd64.deb ...
2026-09-13T12:54:09.3031662Z Unpacking texlive-binaries (2023.20230311.66589-9build3) ...
2026-09-13T12:54:09.6742612Z Selecting previously unselected package texlive-base.
2026-09-13T12:54:09.6851578Z Preparing to unpack .../42-texlive-base_2023.20240207-1_all.deb ...
2026-09-13T12:54:09.7831885Z Unpacking texlive-base (2023.20240207-1) ...
2026-09-13T12:54:11.7784758Z Selecting previously unselected package texlive-latex-base.
2026-09-13T12:54:11.7901897Z Preparing to unpack .../43-texlive-latex-base_2023.20240207-1_all.deb ...
2026-09-13T12:54:11.8027271Z Unpacking texlive-latex-base (2023.20240207-1) ...
2026-09-13T12:54:12.3163611Z Selecting previously unselected package latexmk.
2026-09-13T12:54:12.3279800Z Preparing to unpack .../44-latexmk_1%3a4.83-1_all.deb ...
2026-09-13T12:54:12.3289553Z Unpacking latexmk (1:4.83-1) ...
2026-09-13T12:54:12.3816948Z Selecting previously unselected package libapache-pom-java.
2026-09-13T12:54:12.3918656Z Preparing to unpack .../45-libapache-pom-java_29-2_all.deb ...
2026-09-13T12:54:12.3928487Z Unpacking libapache-pom-java (29-2) ...
2026-09-13T12:54:12.4348964Z Selecting previously unselected package libxcb-shape0:amd64.
2026-09-13T12:54:12.4456839Z Preparing to unpack .../46-libxcb-shape0_1.15-1ubuntu2_amd64.deb ...
2026-09-13T12:54:12.4468425Z Unpacking libxcb-shape0:amd64 (1.15-1ubuntu2) ...
2026-09-13T12:54:12.5493703Z Selecting previously unselected package libxv1:amd64.
2026-09-13T12:54:12.5607825Z Preparing to unpack .../47-libxv1_2%3a1.0.11-1.1build1_amd64.deb ...
2026-09-13T12:54:12.5618593Z Unpacking libxv1:amd64 (2:1.0.11-1.1build1) ...
2026-09-13T12:54:12.5815263Z Selecting previously unselected package libxxf86dga1:amd64.
2026-09-13T12:54:12.5926445Z Preparing to unpack .../48-libxxf86dga1_2%3a1.1.5-1build1_amd64.deb ...
2026-09-13T12:54:12.5936284Z Unpacking libxxf86dga1:amd64 (2:1.1.5-1build1) ...
2026-09-13T12:54:12.6131432Z Selecting previously unselected package x11-utils.
2026-09-13T12:54:12.6242024Z Preparing to unpack .../49-x11-utils_7.7+6build2_amd64.deb ...
2026-09-13T12:54:12.6260336Z Unpacking x11-utils (7.7+6build2) ...
2026-09-13T12:54:12.6530451Z Selecting previously unselected package libatk-wrapper-java.
2026-09-13T12:54:12.6635582Z Preparing to unpack .../50-libatk-wrapper-java_0.40.0-3build2_all.deb ...
2026-09-13T12:54:12.6645962Z Unpacking libatk-wrapper-java (0.40.0-3build2) ...
2026-09-13T12:54:12.8039310Z Selecting previously unselected package libatk-wrapper-java-jni:amd64.
2026-09-13T12:54:12.8142692Z Preparing to unpack .../51-libatk-wrapper-java-jni_0.40.0-3build2_amd64.deb ...
2026-09-13T12:54:12.8151985Z Unpacking libatk-wrapper-java-jni:amd64 (0.40.0-3build2) ...
2026-09-13T12:54:12.8299411Z Selecting previously unselected package libcarp-clan-perl.
2026-09-13T12:54:12.8403083Z Preparing to unpack .../52-libcarp-clan-perl_6.08-2_all.deb ...
2026-09-13T12:54:12.8413074Z Unpacking libcarp-clan-perl (6.08-2) ...
2026-09-13T12:54:12.8560857Z Selecting previously unselected package libbit-vector-perl:amd64.
2026-09-13T12:54:12.8657237Z Preparing to unpack .../53-libbit-vector-perl_7.4-3build1_amd64.deb ...
2026-09-13T12:54:12.8668018Z Unpacking libbit-vector-perl:amd64 (7.4-3build1) ...
2026-09-13T12:54:12.9157997Z Selecting previously unselected package libcommons-parent-java.
2026-09-13T12:54:12.9254091Z Preparing to unpack .../54-libcommons-parent-java_56-1_all.deb ...
2026-09-13T12:54:13.0020228Z Unpacking libcommons-parent-java (56-1) ...
2026-09-13T12:54:13.0679505Z Selecting previously unselected package libcommons-logging-java.
2026-09-13T12:54:13.0782783Z Preparing to unpack .../55-libcommons-logging-java_1.3.0-1ubuntu1_all.deb ...
2026-09-13T12:54:13.2863739Z Unpacking libcommons-logging-java (1.3.0-1ubuntu1) ...
2026-09-13T12:54:13.3036154Z Selecting previously unselected package libcrypt-rc4-perl.
2026-09-13T12:54:13.3142689Z Preparing to unpack .../56-libcrypt-rc4-perl_2.02-5_all.deb ...
2026-09-13T12:54:13.3158205Z Unpacking libcrypt-rc4-perl (2.02-5) ...
2026-09-13T12:54:13.3308731Z Selecting previously unselected package libdate-calc-perl.
2026-09-13T12:54:13.3410502Z Preparing to unpack .../57-libdate-calc-perl_6.4-2_all.deb ...
2026-09-13T12:54:13.3419915Z Unpacking libdate-calc-perl (6.4-2) ...
2026-09-13T12:54:13.3612501Z Selecting previously unselected package libdate-calc-xs-perl:amd64.
2026-09-13T12:54:13.3706245Z Preparing to unpack .../58-libdate-calc-xs-perl_6.4-2build4_amd64.deb ...
2026-09-13T12:54:13.3716014Z Unpacking libdate-calc-xs-perl:amd64 (6.4-2build4) ...
2026-09-13T12:54:13.4058868Z Selecting previously unselected package libdate-manip-perl.
2026-09-13T12:54:13.4153582Z Preparing to unpack .../59-libdate-manip-perl_6.95-1_all.deb ...
2026-09-13T12:54:13.4172562Z Unpacking libdate-manip-perl (6.95-1) ...
2026-09-13T12:54:13.8414846Z Selecting previously unselected package libdigest-perl-md5-perl.
2026-09-13T12:54:13.8525192Z Preparing to unpack .../60-libdigest-perl-md5-perl_1.9-5_all.deb ...
2026-09-13T12:54:13.8533323Z Unpacking libdigest-perl-md5-perl (1.9-5) ...
2026-09-13T12:54:13.8708302Z Selecting previously unselected package libgumbo2:amd64.
2026-09-13T12:54:13.8817114Z Preparing to unpack .../61-libgumbo2_0.12.0+dfsg-2build1_amd64.deb ...
2026-09-13T12:54:13.8910172Z Unpacking libgumbo2:amd64 (0.12.0+dfsg-2build1) ...
2026-09-13T12:54:14.2476784Z Selecting previously unselected package libio-stringy-perl.
2026-09-13T12:54:14.2592583Z Preparing to unpack .../62-libio-stringy-perl_2.111-3_all.deb ...
2026-09-13T12:54:14.2606034Z Unpacking libio-stringy-perl (2.111-3) ...
2026-09-13T12:54:14.2812585Z Selecting previously unselected package libjcode-pm-perl.
2026-09-13T12:54:14.2915449Z Preparing to unpack .../63-libjcode-pm-perl_2.06-1.1build1_amd64.deb ...
2026-09-13T12:54:14.2925762Z Unpacking libjcode-pm-perl (2.06-1.1build1) ...
2026-09-13T12:54:14.3094807Z Selecting previously unselected package libmujs3:amd64.
2026-09-13T12:54:14.3196102Z Preparing to unpack .../64-libmujs3_1.3.3-3build2_amd64.deb ...
2026-09-13T12:54:14.3209080Z Unpacking libmujs3:amd64 (1.3.3-3build2) ...
2026-09-13T12:54:14.3366868Z Selecting previously unselected package libole-storage-lite-perl.
2026-09-13T12:54:14.3466277Z Preparing to unpack .../65-libole-storage-lite-perl_0.22-1_all.deb ...
2026-09-13T12:54:14.3476127Z Unpacking libole-storage-lite-perl (0.22-1) ...
2026-09-13T12:54:14.3625680Z Selecting previously unselected package libparse-recdescent-perl.
2026-09-13T12:54:14.3724344Z Preparing to unpack .../66-libparse-recdescent-perl_1.967015+dfsg-4_all.deb ...
2026-09-13T12:54:14.3733147Z Unpacking libparse-recdescent-perl (1.967015+dfsg-4) ...
2026-09-13T12:54:14.7550939Z Selecting previously unselected package libpoppler134:amd64.
2026-09-13T12:54:14.7664331Z Preparing to unpack .../67-libpoppler134_24.02.0-1ubuntu9.9_amd64.deb ...
2026-09-13T12:54:14.7685780Z Unpacking libpoppler134:amd64 (24.02.0-1ubuntu9.9) ...
2026-09-13T12:54:14.9107747Z Selecting previously unselected package libspreadsheet-writeexcel-perl.
2026-09-13T12:54:14.9220818Z Preparing to unpack .../68-libspreadsheet-writeexcel-perl_2.40-4_all.deb ...
2026-09-13T12:54:14.9231453Z Unpacking libspreadsheet-writeexcel-perl (2.40-4) ...
2026-09-13T12:54:15.2435138Z Selecting previously unselected package libunicode-map-perl.
2026-09-13T12:54:15.2544774Z Preparing to unpack .../69-libunicode-map-perl_0.112-13build4_amd64.deb ...
2026-09-13T12:54:15.2554434Z Unpacking libunicode-map-perl (0.112-13build4) ...
2026-09-13T12:54:15.3931331Z Selecting previously unselected package libspreadsheet-parseexcel-perl.
2026-09-13T12:54:15.4040187Z Preparing to unpack .../70-libspreadsheet-parseexcel-perl_0.6600-1_all.deb ...
2026-09-13T12:54:15.4047992Z Unpacking libspreadsheet-parseexcel-perl (0.6600-1) ...
2026-09-13T12:54:15.7123195Z Selecting previously unselected package lmodern.
2026-09-13T12:54:15.7229734Z Preparing to unpack .../71-lmodern_2.005-1_all.deb ...
2026-09-13T12:54:15.7241371Z Unpacking lmodern (2.005-1) ...
2026-09-13T12:54:16.4281552Z Selecting previously unselected package mupdf-tools.
2026-09-13T12:54:16.4393344Z Preparing to unpack .../72-mupdf-tools_1.23.10+ds1-1build3_amd64.deb ...
2026-09-13T12:54:16.4401679Z Unpacking mupdf-tools (1.23.10+ds1-1build3) ...
2026-09-13T12:54:17.5299217Z Selecting previously unselected package poppler-utils.
2026-09-13T12:54:17.5406947Z Preparing to unpack .../73-poppler-utils_24.02.0-1ubuntu9.9_amd64.deb ...
2026-09-13T12:54:17.5416010Z Unpacking poppler-utils (24.02.0-1ubuntu9.9) ...
2026-09-13T12:54:17.5699094Z Selecting previously unselected package preview-latex-style.
2026-09-13T12:54:17.5808385Z Preparing to unpack .../74-preview-latex-style_13.2-1_all.deb ...
2026-09-13T12:54:17.5817921Z Unpacking preview-latex-style (13.2-1) ...
2026-09-13T12:54:17.6006871Z Selecting previously unselected package tex-gyre.
2026-09-13T12:54:17.6110980Z Preparing to unpack .../75-tex-gyre_20180621-6_all.deb ...
2026-09-13T12:54:17.6123975Z Unpacking tex-gyre (20180621-6) ...
2026-09-13T12:54:18.0914530Z Selecting previously unselected package texlive-fonts-recommended.
2026-09-13T12:54:18.1036790Z Preparing to unpack .../76-texlive-fonts-recommended_2023.20240207-1_all.deb ...
2026-09-13T12:54:18.1051070Z Unpacking texlive-fonts-recommended (2023.20240207-1) ...
2026-09-13T12:54:18.8181673Z Selecting previously unselected package libfontbox-java.
2026-09-13T12:54:18.8301932Z Preparing to unpack .../77-libfontbox-java_1%3a1.8.16-5_all.deb ...
2026-09-13T12:54:18.8398223Z Unpacking libfontbox-java (1:1.8.16-5) ...
2026-09-13T12:54:18.8655089Z Selecting previously unselected package libpdfbox-java.
2026-09-13T12:54:18.8760342Z Preparing to unpack .../78-libpdfbox-java_1%3a1.8.16-5_all.deb ...
2026-09-13T12:54:18.8770496Z Unpacking libpdfbox-java (1:1.8.16-5) ...
2026-09-13T12:54:18.9260751Z Selecting previously unselected package texlive-latex-recommended.
2026-09-13T12:54:18.9369751Z Preparing to unpack .../79-texlive-latex-recommended_2023.20240207-1_all.deb ...
2026-09-13T12:54:18.9814079Z Unpacking texlive-latex-recommended (2023.20240207-1) ...
2026-09-13T12:54:20.1071760Z Selecting previously unselected package texlive-pictures.
2026-09-13T12:54:20.1203021Z Preparing to unpack .../80-texlive-pictures_2023.20240207-1_all.deb ...
2026-09-13T12:54:20.1739681Z Unpacking texlive-pictures (2023.20240207-1) ...
2026-09-13T12:54:22.1679192Z Selecting previously unselected package texlive-latex-extra.
2026-09-13T12:54:22.1823152Z Preparing to unpack .../81-texlive-latex-extra_2023.20240207-1_all.deb ...
2026-09-13T12:54:22.1839771Z Unpacking texlive-latex-extra (2023.20240207-1) ...
2026-09-13T12:54:29.6599186Z Selecting previously unselected package texlive-plain-generic.
2026-09-13T12:54:29.6762744Z Preparing to unpack .../82-texlive-plain-generic_2023.20240207-1_all.deb ...
2026-09-13T12:54:29.6775831Z Unpacking texlive-plain-generic (2023.20240207-1) ...
2026-09-13T12:54:33.4785717Z Selecting previously unselected package tipa.
2026-09-13T12:54:33.4972220Z Preparing to unpack .../83-tipa_2%3a1.3-21_all.deb ...
2026-09-13T12:54:33.7917974Z Unpacking tipa (2:1.3-21) ...
2026-09-13T12:54:34.4264717Z Selecting previously unselected package xpdf.
2026-09-13T12:54:34.4402406Z Preparing to unpack .../84-xpdf_3.04+git20240202-1build3_amd64.deb ...
2026-09-13T12:54:34.4488673Z Unpacking xpdf (3.04+git20240202-1build3) ...
2026-09-13T12:54:34.7517766Z Selecting previously unselected package cups-bsd.
2026-09-13T12:54:34.7662016Z Preparing to unpack .../85-cups-bsd_2.4.7-1.2ubuntu7.14_amd64.deb ...
2026-09-13T12:54:34.7704880Z Unpacking cups-bsd (2.4.7-1.2ubuntu7.14) ...
2026-09-13T12:54:34.8883195Z Setting up libjcode-pm-perl (2.06-1.1build1) ...
2026-09-13T12:54:34.8917382Z Setting up libpaper1:amd64 (1.1.29build1) ...
2026-09-13T12:54:35.1676255Z 
2026-09-13T12:54:35.1676984Z Creating config file /etc/papersize with new version
2026-09-13T12:54:35.2318488Z Setting up fonts-noto-mono (20201225-2) ...
2026-09-13T12:54:35.2384888Z Setting up fonts-texgyre-math (20180621-6) ...
2026-09-13T12:54:35.2427471Z Setting up libwoff1:amd64 (1.0.2-2build1) ...
2026-09-13T12:54:35.2554514Z Setting up libmujs3:amd64 (1.3.3-3build2) ...
2026-09-13T12:54:35.2651007Z Setting up libpoppler134:amd64 (24.02.0-1ubuntu9.9) ...
2026-09-13T12:54:35.2681924Z Setting up libio-stringy-perl (2.111-3) ...
2026-09-13T12:54:35.2708857Z Setting up libijs-0.35:amd64 (0.35-15.1build1) ...
2026-09-13T12:54:35.2736277Z Setting up cups-common (2.4.7-1.2ubuntu7.14) ...
2026-09-13T12:54:35.2762769Z Setting up preview-latex-style (13.2-1) ...
2026-09-13T12:54:35.2859306Z Setting up libgs-common (10.02.1~dfsg1-0ubuntu7.8) ...
2026-09-13T12:54:35.2884636Z Setting up libfontbox-java (1:1.8.16-5) ...
2026-09-13T12:54:35.2923084Z Setting up libxcb-shape0:amd64 (1.15-1ubuntu2) ...
2026-09-13T12:54:35.2949936Z Setting up libxxf86dga1:amd64 (2:1.1.5-1build1) ...
2026-09-13T12:54:35.2981737Z Setting up libpaper-utils (1.1.29build1) ...
2026-09-13T12:54:35.3018921Z Setting up libmotif-common (2.3.8-3.1build1) ...
2026-09-13T12:54:35.3045933Z Setting up cups-client (2.4.7-1.2ubuntu7.14) ...
2026-09-13T12:54:35.3689196Z info: Selecting GID from range 100 to 999 ...
2026-09-13T12:54:35.3706455Z info: Adding group `lpadmin' (GID 119) ...
2026-09-13T12:54:35.3816783Z Setting up poppler-data (0.4.12-1) ...
2026-09-13T12:54:35.4032191Z Setting up libdigest-perl-md5-perl (1.9-5) ...
2026-09-13T12:54:35.4058951Z Setting up libunicode-map-perl (0.112-13build4) ...
2026-09-13T12:54:35.4084249Z Setting up libzzip-0-13t64:amd64 (0.13.72+dfsg.1-1.2build1) ...
2026-09-13T12:54:35.4113180Z Setting up libjbig2dec0:amd64 (0.20-1ubuntu0.24.04.1) ...
2026-09-13T12:54:35.4139679Z Setting up libgumbo2:amd64 (0.12.0+dfsg-2build1) ...
2026-09-13T12:54:35.4174844Z Setting up libteckit0:amd64 (2.5.12+ds1-1) ...
2026-09-13T12:54:35.4201580Z Setting up libapache-pom-java (29-2) ...
2026-09-13T12:54:35.4229756Z Setting up xfonts-encodings (1:1.0.5-0ubuntu2) ...
2026-09-13T12:54:35.4257013Z Setting up t1utils (1.41-4build3) ...
2026-09-13T12:54:35.4484501Z Setting up libtexlua53-5:amd64 (2023.20230311.66589-9build3) ...
2026-09-13T12:54:35.4517296Z Setting up libcrypt-rc4-perl (2.02-5) ...
2026-09-13T12:54:35.4541858Z Setting up libxv1:amd64 (2:1.0.11-1.1build1) ...
2026-09-13T12:54:35.4574742Z Setting up libidn12:amd64 (1.42-1ubuntu0.1) ...
2026-09-13T12:54:35.4599111Z Setting up libpcsclite1:amd64 (2.0.3-1build1) ...
2026-09-13T12:54:35.4625797Z Setting up fonts-texgyre (20180621-6) ...
2026-09-13T12:54:35.4659198Z Setting up xaw3dg:amd64 (1.5+F-1.1build2) ...
2026-09-13T12:54:35.5929587Z Setting up libkpathsea6:amd64 (2023.20230311.66589-9build3) ...
2026-09-13T12:54:35.5977446Z Setting up libole-storage-lite-perl (0.22-1) ...
2026-09-13T12:54:35.6004967Z Setting up libgif7:amd64 (5.2.2-1ubuntu1.2) ...
2026-09-13T12:54:35.6030674Z Setting up libparse-recdescent-perl (1.967015+dfsg-4) ...
2026-09-13T12:54:35.6057863Z Setting up x11-utils (7.7+6build2) ...
2026-09-13T12:54:35.6186111Z Setting up fonts-lmodern (2.005-1) ...
2026-09-13T12:54:35.6236522Z Setting up libcarp-clan-perl (6.08-2) ...
2026-09-13T12:54:35.6277518Z Setting up fonts-droid-fallback (1:6.0.1r16-1.1build1) ...
2026-09-13T12:54:35.6426066Z Setting up poppler-utils (24.02.0-1ubuntu9.9) ...
2026-09-13T12:54:35.6453604Z Setting up libatk-wrapper-java (0.40.0-3build2) ...
2026-09-13T12:54:35.6487801Z Setting up ca-certificates-java (20240118) ...
2026-09-13T12:54:36.5118089Z Adding debian:ACCVRAIZ1.pem
2026-09-13T12:54:36.5129857Z Adding debian:AC_RAIZ_FNMT-RCM.pem
2026-09-13T12:54:36.5663680Z Adding debian:AC_RAIZ_FNMT-RCM_SERVIDORES_SEGUROS.pem
2026-09-13T12:54:36.5676103Z Adding debian:ANF_Secure_Server_Root_CA.pem
2026-09-13T12:54:36.5688707Z Adding debian:Actalis_Authentication_Root_CA.pem
2026-09-13T12:54:36.5697195Z Adding debian:Amazon_Root_CA_1.pem
2026-09-13T12:54:36.5709585Z Adding debian:Amazon_Root_CA_2.pem
2026-09-13T12:54:36.5715627Z Adding debian:Amazon_Root_CA_3.pem
2026-09-13T12:54:36.5721162Z Adding debian:Amazon_Root_CA_4.pem
2026-09-13T12:54:36.5728607Z Adding debian:Atos_TrustedRoot_2011.pem
2026-09-13T12:54:36.5734884Z Adding debian:Atos_TrustedRoot_Root_CA_ECC_TLS_2021.pem
2026-09-13T12:54:36.5743752Z Adding debian:Atos_TrustedRoot_Root_CA_RSA_TLS_2021.pem
2026-09-13T12:54:36.5757180Z Adding debian:Autoridad_de_Certificacion_Firmaprofesional_CIF_A62634068.pem
2026-09-13T12:54:36.5767120Z Adding debian:BJCA_Global_Root_CA1.pem
2026-09-13T12:54:36.5771903Z Adding debian:BJCA_Global_Root_CA2.pem
2026-09-13T12:54:36.5944287Z Adding debian:Buypass_Class_2_Root_CA.pem
2026-09-13T12:54:36.5953276Z Adding debian:Buypass_Class_3_Root_CA.pem
2026-09-13T12:54:36.5962339Z Adding debian:CA_Disig_Root_R2.pem
2026-09-13T12:54:36.5975845Z Adding debian:CFCA_EV_ROOT.pem
2026-09-13T12:54:36.5978023Z Adding debian:COMODO_ECC_Certification_Authority.pem
2026-09-13T12:54:36.5986909Z Adding debian:COMODO_RSA_Certification_Authority.pem
2026-09-13T12:54:36.5991902Z Adding debian:Certainly_Root_E1.pem
2026-09-13T12:54:36.6003648Z Adding debian:Certainly_Root_R1.pem
2026-09-13T12:54:36.6015729Z Adding debian:Certigna_Root_CA.pem
2026-09-13T12:54:36.6021171Z Adding debian:Certum_EC-384_CA.pem
2026-09-13T12:54:36.6027297Z Adding debian:Certum_Trusted_Network_CA.pem
2026-09-13T12:54:36.6036011Z Adding debian:Certum_Trusted_Network_CA_2.pem
2026-09-13T12:54:36.6044251Z Adding debian:Certum_Trusted_Root_CA.pem
2026-09-13T12:54:36.6050246Z Adding debian:D-TRUST_BR_Root_CA_1_2020.pem
2026-09-13T12:54:36.6059155Z Adding debian:D-TRUST_BR_Root_CA_2_2023.pem
2026-09-13T12:54:36.6065193Z Adding debian:D-TRUST_EV_Root_CA_1_2020.pem
2026-09-13T12:54:36.6075259Z Adding debian:D-TRUST_EV_Root_CA_2_2023.pem
2026-09-13T12:54:36.6084984Z Adding debian:D-TRUST_Root_Class_3_CA_2_2009.pem
2026-09-13T12:54:36.6095105Z Adding debian:D-TRUST_Root_Class_3_CA_2_EV_2009.pem
2026-09-13T12:54:36.6103079Z Adding debian:DigiCert_Assured_ID_Root_G2.pem
2026-09-13T12:54:36.6109846Z Adding debian:DigiCert_Assured_ID_Root_G3.pem
2026-09-13T12:54:36.6118877Z Adding debian:DigiCert_Global_Root_G2.pem
2026-09-13T12:54:36.6123642Z Adding debian:DigiCert_Global_Root_G3.pem
2026-09-13T12:54:36.6127906Z Adding debian:DigiCert_TLS_ECC_P384_Root_G5.pem
2026-09-13T12:54:36.6136257Z Adding debian:DigiCert_TLS_RSA4096_Root_G5.pem
2026-09-13T12:54:36.6145780Z Adding debian:DigiCert_Trusted_Root_G4.pem
2026-09-13T12:54:36.6161484Z Adding debian:Entrust_Root_Certification_Authority.pem
2026-09-13T12:54:36.6172793Z Adding debian:GDCA_TrustAUTH_R5_ROOT.pem
2026-09-13T12:54:36.6180387Z Adding debian:GTS_Root_R1.pem
2026-09-13T12:54:36.6184834Z Adding debian:GTS_Root_R3.pem
2026-09-13T12:54:36.6188830Z Adding debian:GTS_Root_R4.pem
2026-09-13T12:54:36.6193224Z Adding debian:GlobalSign_ECC_Root_CA_-_R4.pem
2026-09-13T12:54:36.6198413Z Adding debian:GlobalSign_ECC_Root_CA_-_R5.pem
2026-09-13T12:54:36.6206265Z Adding debian:GlobalSign_Root_CA_-_R3.pem
2026-09-13T12:54:36.6216218Z Adding debian:GlobalSign_Root_CA_-_R6.pem
2026-09-13T12:54:36.6220925Z Adding debian:GlobalSign_Root_E46.pem
2026-09-13T12:54:36.6230270Z Adding debian:GlobalSign_Root_R46.pem
2026-09-13T12:54:36.6236485Z Adding debian:Go_Daddy_Root_Certificate_Authority_-_G2.pem
2026-09-13T12:54:36.6240844Z Adding debian:HARICA_TLS_ECC_Root_CA_2021.pem
2026-09-13T12:54:36.6248669Z Adding debian:HARICA_TLS_RSA_Root_CA_2021.pem
2026-09-13T12:54:36.6254560Z Adding debian:Hellenic_Academic_and_Research_Institutions_ECC_RootCA_2015.pem
2026-09-13T12:54:36.6264876Z Adding debian:Hellenic_Academic_and_Research_Institutions_RootCA_2015.pem
2026-09-13T12:54:36.6272235Z Adding debian:HiPKI_Root_CA_-_G1.pem
2026-09-13T12:54:36.6280171Z Adding debian:Hongkong_Post_Root_CA_3.pem
2026-09-13T12:54:36.6287730Z Adding debian:ISRG_Root_X1.pem
2026-09-13T12:54:36.6292186Z Adding debian:ISRG_Root_X2.pem
2026-09-13T12:54:36.6299890Z Adding debian:IdenTrust_Commercial_Root_CA_1.pem
2026-09-13T12:54:36.6308616Z Adding debian:IdenTrust_Public_Sector_Root_CA_1.pem
2026-09-13T12:54:36.6317730Z Adding debian:Izenpe.com.pem
2026-09-13T12:54:36.6326251Z Adding debian:Microsec_e-Szigno_Root_CA_2009.pem
2026-09-13T12:54:36.6331846Z Adding debian:Microsoft_ECC_Root_Certificate_Authority_2017.pem
2026-09-13T12:54:36.6342887Z Adding debian:Microsoft_RSA_Root_Certificate_Authority_2017.pem
2026-09-13T12:54:36.6353326Z Adding debian:NAVER_Global_Root_Certification_Authority.pem
2026-09-13T12:54:36.6371545Z Adding debian:NetLock_Arany_=Class_Gold=_Főtanúsítvány.pem
2026-09-13T12:54:36.6375452Z Adding debian:OISTE_Server_Root_ECC_G1.pem
2026-09-13T12:54:36.6386403Z Adding debian:OISTE_Server_Root_RSA_G1.pem
2026-09-13T12:54:36.6397226Z Adding debian:OISTE_WISeKey_Global_Root_GB_CA.pem
2026-09-13T12:54:36.6400265Z Adding debian:OISTE_WISeKey_Global_Root_GC_CA.pem
2026-09-13T12:54:36.6426725Z Adding debian:QuoVadis_Root_CA_1_G3.pem
2026-09-13T12:54:36.6427008Z Adding debian:QuoVadis_Root_CA_2_G3.pem
2026-09-13T12:54:36.6435178Z Adding debian:QuoVadis_Root_CA_3_G3.pem
2026-09-13T12:54:36.6441560Z Adding debian:SSL.com_EV_Root_Certification_Authority_ECC.pem
2026-09-13T12:54:36.6452244Z Adding debian:SSL.com_EV_Root_Certification_Authority_RSA_R2.pem
2026-09-13T12:54:36.6457975Z Adding debian:SSL.com_Root_Certification_Authority_ECC.pem
2026-09-13T12:54:36.6473242Z Adding debian:SSL.com_Root_Certification_Authority_RSA.pem
2026-09-13T12:54:36.6478164Z Adding debian:SSL.com_TLS_ECC_Root_CA_2022.pem
2026-09-13T12:54:36.6488381Z Adding debian:SSL.com_TLS_RSA_Root_CA_2022.pem
2026-09-13T12:54:36.6495766Z Adding debian:SZAFIR_ROOT_CA2.pem
2026-09-13T12:54:36.6503353Z Adding debian:Sectigo_Public_Server_Authentication_Root_E46.pem
2026-09-13T12:54:36.6512192Z Adding debian:Sectigo_Public_Server_Authentication_Root_R46.pem
2026-09-13T12:54:36.6520953Z Adding debian:SecureSign_Root_CA12.pem
2026-09-13T12:54:36.6530938Z Adding debian:SecureSign_Root_CA14.pem
2026-09-13T12:54:36.6535223Z Adding debian:SecureSign_Root_CA15.pem
2026-09-13T12:54:36.6540772Z Adding debian:Security_Communication_ECC_RootCA1.pem
2026-09-13T12:54:36.6547867Z Adding debian:Security_Communication_RootCA2.pem
2026-09-13T12:54:36.6556941Z Adding debian:Starfield_Root_Certificate_Authority_-_G2.pem
2026-09-13T12:54:36.6564002Z Adding debian:Starfield_Services_Root_Certificate_Authority_-_G2.pem
2026-09-13T12:54:36.6575421Z Adding debian:SwissSign_RSA_TLS_Root_CA_2022_-_1.pem
2026-09-13T12:54:36.6582427Z Adding debian:T-TeleSec_GlobalRoot_Class_2.pem
2026-09-13T12:54:36.6590662Z Adding debian:T-TeleSec_GlobalRoot_Class_3.pem
2026-09-13T12:54:36.6600807Z Adding debian:TUBITAK_Kamu_SM_SSL_Kok_Sertifikasi_-_Surum_1.pem
2026-09-13T12:54:36.6609007Z Adding debian:TWCA_CYBER_Root_CA.pem
2026-09-13T12:54:36.6620224Z Adding debian:TWCA_Global_Root_CA.pem
2026-09-13T12:54:36.6626187Z Adding debian:TWCA_Root_Certification_Authority.pem
2026-09-13T12:54:36.6631708Z Adding debian:Telekom_Security_TLS_ECC_Root_2020.pem
2026-09-13T12:54:36.6646717Z Adding debian:Telekom_Security_TLS_RSA_Root_2023.pem
2026-09-13T12:54:36.6667351Z Adding debian:Telia_Root_CA_v2.pem
2026-09-13T12:54:36.6668194Z Adding debian:TrustAsia_Global_Root_CA_G3.pem
2026-09-13T12:54:36.6671480Z Adding debian:TrustAsia_Global_Root_CA_G4.pem
2026-09-13T12:54:36.6676811Z Adding debian:TrustAsia_TLS_ECC_Root_CA.pem
2026-09-13T12:54:36.6687881Z Adding debian:TrustAsia_TLS_RSA_Root_CA.pem
2026-09-13T12:54:36.6697606Z Adding debian:TunTrust_Root_CA.pem
2026-09-13T12:54:36.6707461Z Adding debian:UCA_Extended_Validation_Root.pem
2026-09-13T12:54:36.6717245Z Adding debian:UCA_Global_G2_Root.pem
2026-09-13T12:54:36.6723292Z Adding debian:USERTrust_ECC_Certification_Authority.pem
2026-09-13T12:54:36.6734385Z Adding debian:USERTrust_RSA_Certification_Authority.pem
2026-09-13T12:54:36.6751345Z Adding debian:certSIGN_Root_CA_G2.pem
2026-09-13T12:54:36.6751679Z Adding debian:e-Szigno_Root_CA_2017.pem
2026-09-13T12:54:36.6751990Z Adding debian:e-Szigno_TLS_Root_CA_2023.pem
2026-09-13T12:54:36.6759025Z Adding debian:ePKI_Root_Certification_Authority.pem
2026-09-13T12:54:36.6781207Z Adding debian:emSign_ECC_Root_CA_-_C3.pem
2026-09-13T12:54:36.6781526Z Adding debian:emSign_ECC_Root_CA_-_G3.pem
2026-09-13T12:54:36.6781796Z Adding debian:emSign_Root_CA_-_C1.pem
2026-09-13T12:54:36.6781994Z Adding debian:emSign_Root_CA_-_G1.pem
2026-09-13T12:54:36.6782183Z Adding debian:vTrus_ECC_Root_CA.pem
2026-09-13T12:54:36.6791398Z Adding debian:vTrus_Root_CA.pem
2026-09-13T12:54:36.7567727Z done.
2026-09-13T12:54:36.7593362Z Setting up libdate-manip-perl (6.95-1) ...
2026-09-13T12:54:36.7619593Z Setting up libxm4:amd64 (2.3.8-3.1build1) ...
2026-09-13T12:54:36.7647929Z Setting up libsynctex2:amd64 (2023.20230311.66589-9build3) ...
2026-09-13T12:54:36.7674537Z Setting up libpotrace0:amd64 (1.16-2build1) ...
2026-09-13T12:54:36.8002715Z Setting up libpdfbox-java (1:1.8.16-5) ...
2026-09-13T12:54:36.8028731Z Setting up openjdk-21-jre-headless:amd64 (21.0.12+8-1~24.04) ...
2026-09-13T12:54:36.8747357Z Setting up cups-bsd (2.4.7-1.2ubuntu7.14) ...
2026-09-13T12:54:36.9388199Z Setting up libcommons-parent-java (56-1) ...
2026-09-13T12:54:36.9574448Z Setting up libcommons-logging-java (1.3.0-1ubuntu1) ...
2026-09-13T12:54:36.9600305Z Setting up xfonts-utils (1:7.7+6build3) ...
2026-09-13T12:54:36.9786236Z Setting up mupdf-tools (1.23.10+ds1-1build3) ...
2026-09-13T12:54:36.9811960Z Setting up libspreadsheet-writeexcel-perl (2.40-4) ...
2026-09-13T12:54:36.9839867Z Setting up libatk-wrapper-java-jni:amd64 (0.40.0-3build2) ...
2026-09-13T12:54:36.9864868Z Setting up libbit-vector-perl:amd64 (7.4-3build1) ...
2026-09-13T12:54:36.9891951Z Setting up libptexenc1:amd64 (2023.20230311.66589-9build3) ...
2026-09-13T12:54:36.9917503Z Setting up libspreadsheet-parseexcel-perl (0.6600-1) ...
2026-09-13T12:54:36.9942706Z Setting up texlive-binaries (2023.20230311.66589-9build3) ...
2026-09-13T12:54:36.9990507Z update-alternatives: using /usr/bin/xdvi-xaw to provide /usr/bin/xdvi.bin (xdvi.bin) in auto mode
2026-09-13T12:54:37.0020214Z update-alternatives: using /usr/bin/bibtex.original to provide /usr/bin/bibtex (bibtex) in auto mode
2026-09-13T12:54:37.0061597Z Setting up lmodern (2.005-1) ...
2026-09-13T12:54:37.2026669Z Setting up xpdf (3.04+git20240202-1build3) ...
2026-09-13T12:54:37.2070029Z Setting up texlive-base (2023.20240207-1) ...
2026-09-13T12:54:37.7344557Z tl-paper: setting paper size for dvips to a4: /var/lib/texmf/dvips/config/config-paper.ps
2026-09-13T12:54:37.8697718Z tl-paper: setting paper size for dvipdfmx to a4: /var/lib/texmf/dvipdfmx/dvipdfmx-paper.cfg
2026-09-13T12:54:38.0050990Z tl-paper: setting paper size for xdvi to a4: /var/lib/texmf/xdvi/XDvi-paper
2026-09-13T12:54:38.1395331Z tl-paper: setting paper size for pdftex to a4: /var/lib/texmf/tex/generic/tex-ini-files/pdftexconfig.tex
2026-09-13T12:54:38.6190789Z Setting up tex-gyre (20180621-6) ...
2026-09-13T12:54:38.7887057Z Setting up libdate-calc-perl (6.4-2) ...
2026-09-13T12:54:38.9404758Z Setting up libdate-calc-xs-perl:amd64 (6.4-2build4) ...
2026-09-13T12:54:38.9441094Z Setting up texlive-plain-generic (2023.20240207-1) ...
2026-09-13T12:54:38.9482330Z Setting up fonts-urw-base35 (20200910-8) ...
2026-09-13T12:54:39.0955421Z Setting up texlive-latex-base (2023.20240207-1) ...
2026-09-13T12:54:39.1016715Z Setting up texlive-latex-recommended (2023.20240207-1) ...
2026-09-13T12:54:39.1053721Z Setting up texlive-pictures (2023.20240207-1) ...
2026-09-13T12:54:39.1103407Z Setting up texlive-fonts-recommended (2023.20240207-1) ...
2026-09-13T12:54:39.1692791Z Setting up tipa (2:1.3-21) ...
2026-09-13T12:54:39.1781807Z Setting up libgs10-common (10.02.1~dfsg1-0ubuntu7.8) ...
2026-09-13T12:54:39.1806409Z Setting up latexmk (1:4.83-1) ...
2026-09-13T12:54:39.1852167Z Setting up texlive-latex-extra (2023.20240207-1) ...
2026-09-13T12:54:39.1939655Z Setting up libgs10:amd64 (10.02.1~dfsg1-0ubuntu7.8) ...
2026-09-13T12:54:39.1971725Z Setting up dvisvgm (3.2.1+ds-1build1) ...
2026-09-13T12:54:39.2419349Z Setting up ghostscript (10.02.1~dfsg1-0ubuntu7.8) ...
2026-09-13T12:54:39.2479005Z Setting up gv (1:3.7.4-2build2) ...
2026-09-13T12:54:39.2574180Z Processing triggers for man-db (2.12.0-4build2) ...
2026-09-13T12:54:39.2839547Z Not building database; man-db/auto-update is not 'true'.
2026-09-13T12:54:39.2857155Z Processing triggers for tex-common (6.18) ...
2026-09-13T12:54:39.4047851Z Running mktexlsr. This may take some time... done.
2026-09-13T12:54:39.7286430Z Running updmap-sys. This may take some time... done.
2026-09-13T12:54:39.7436773Z Running mktexlsr /var/lib/texmf ... done.
2026-09-13T12:54:39.8024813Z Building format(s) --all.
2026-09-13T12:55:09.1803426Z 	This may take some time... done.
2026-09-13T12:55:09.2608309Z Processing triggers for install-info (7.1-3build2) ...
2026-09-13T12:55:09.6085140Z Processing triggers for fontconfig (2.15.0-1.1ubuntu2) ...
2026-09-13T12:55:09.8787782Z Processing triggers for hicolor-icon-theme (0.17-2) ...
2026-09-13T12:55:10.5980914Z Processing triggers for libc-bin (2.39-0ubuntu8.8) ...
2026-09-13T12:55:12.2152973Z Processing triggers for ca-certificates-java (20240118) ...
2026-09-13T12:55:12.2553543Z done.
2026-09-13T12:55:12.2593275Z Setting up openjdk-21-jre:amd64 (21.0.12+8-1~24.04) ...
2026-09-13T12:55:12.2983639Z Setting up default-jre-headless (2:1.21-75+exp1) ...
2026-09-13T12:55:12.3022881Z Setting up default-jre (2:1.21-75+exp1) ...
2026-09-13T12:55:13.3571724Z 
2026-09-13T12:55:13.3572773Z Running kernel seems to be up-to-date.
2026-09-13T12:55:13.3573343Z 
2026-09-13T12:55:13.3573609Z No services need to be restarted.
2026-09-13T12:55:13.3573866Z 
2026-09-13T12:55:13.3574120Z No containers need to be restarted.
2026-09-13T12:55:13.3574293Z 
2026-09-13T12:55:13.3574399Z No user sessions are running outdated binaries.
2026-09-13T12:55:13.3574554Z 
2026-09-13T12:55:13.3574687Z No VM guests are running outdated hypervisor (qemu) binaries on this host.
2026-09-13T12:55:14.0770027Z ##[group]Run uv run cffconvert --validate --infile CITATION.cff
2026-09-13T12:55:14.0770369Z [36;1muv run cffconvert --validate --infile CITATION.cff[0m
2026-09-13T12:55:14.0794047Z shell: /usr/bin/bash -e {0}
2026-09-13T12:55:14.0794258Z env:
2026-09-13T12:55:14.0794466Z   UV_PYTHON_INSTALL_DIR: /home/runner/work/_temp/uv-python-dir
2026-09-13T12:55:14.0794695Z   UV_PYTHON: 3.12
2026-09-13T12:55:14.0794877Z   UV_CACHE_DIR: /home/runner/work/_temp/setup-uv-cache
2026-09-13T12:55:14.0795079Z ##[endgroup]
2026-09-13T12:55:14.6521246Z Citation metadata are valid according to schema version 1.2.0.
2026-09-13T12:55:14.6847163Z ##[group]Run uv pip sync --python .venv/bin/python --no-config --require-hashes --torch-backend cu129 --dry-run requirements-formal.lock
2026-09-13T12:55:14.6847798Z [36;1muv pip sync --python .venv/bin/python --no-config --require-hashes --torch-backend cu129 --dry-run requirements-formal.lock[0m
2026-09-13T12:55:14.6848465Z [36;1muv pip install --python .venv/bin/python --no-config --no-deps --require-hashes --no-build-isolation-package flash-attn --dry-run -r requirements-formal-flash.txt[0m
2026-09-13T12:55:14.6870883Z shell: /usr/bin/bash -e {0}
2026-09-13T12:55:14.6871112Z env:
2026-09-13T12:55:14.6871318Z   UV_PYTHON_INSTALL_DIR: /home/runner/work/_temp/uv-python-dir
2026-09-13T12:55:14.6871559Z   UV_PYTHON: 3.12
2026-09-13T12:55:14.6871736Z   UV_CACHE_DIR: /home/runner/work/_temp/setup-uv-cache
2026-09-13T12:55:14.6871943Z ##[endgroup]
2026-09-13T12:55:15.3652243Z Resolved 113 packages in 637ms
2026-09-13T12:55:15.3665333Z Would download 41 packages
2026-09-13T12:55:15.3665762Z Would uninstall 47 packages
2026-09-13T12:55:15.3666054Z Would install 42 packages
2026-09-13T12:55:15.3681038Z  - accelerate==1.14.0
2026-09-13T12:55:15.3681322Z  + accelerate==1.13.0
2026-09-13T12:55:15.3681539Z  - cffconvert==2.0.0
2026-09-13T12:55:15.3681748Z  - click==8.4.2
2026-09-13T12:55:15.3681945Z  + click==8.5.0
2026-09-13T12:55:15.3682227Z  - coverage==7.15.4
2026-09-13T12:55:15.3682511Z  + coverage==7.16.0
2026-09-13T12:55:15.3682725Z  - datasets==4.8.5
2026-09-13T12:55:15.3682935Z  + datasets==4.8.4
2026-09-13T12:55:15.3683145Z  - docopt==0.6.2
2026-09-13T12:55:15.3683965Z  - embedding-optimizer-study==0.1.0 (from file:///home/runner/work/embedding-optimizer-study/embedding-optimizer-study)
2026-09-13T12:55:15.3685455Z  - filelock==3.32.3
2026-09-13T12:55:15.3685879Z  + filelock==3.32.4
2026-09-13T12:55:15.3686103Z  + gitdb==4.0.12
2026-09-13T12:55:15.3686298Z  + gitpython==3.1.61
2026-09-13T12:55:15.3686517Z  - huggingface-hub==1.27.0
2026-09-13T12:55:15.3686763Z  + huggingface-hub==1.29.0
2026-09-13T12:55:15.3686957Z  - idna==3.18
2026-09-13T12:55:15.3687126Z  + idna==3.19
2026-09-13T12:55:15.3687301Z  - jsonschema==3.2.0
2026-09-13T12:55:15.3687491Z  - kiwisolver==1.5.0
2026-09-13T12:55:15.3687679Z  + kiwisolver==1.5.1
2026-09-13T12:55:15.3687861Z  - mteb==2.19.3
2026-09-13T12:55:15.3688036Z  + mteb==2.18.16
2026-09-13T12:55:15.3688215Z  - narwhals==2.24.0
2026-09-13T12:55:15.3688398Z  + narwhals==2.25.0
2026-09-13T12:55:15.3688576Z  - numkong==7.8.0
2026-09-13T12:55:15.3688759Z  + numkong==7.8.1
2026-09-13T12:55:15.3688952Z  - nvidia-cublas-cu12==12.8.4.1
2026-09-13T12:55:15.3689189Z  + nvidia-cublas-cu12==12.9.1.4
2026-09-13T12:55:15.3689425Z  - nvidia-cuda-cupti-cu12==12.8.90
2026-09-13T12:55:15.3689670Z  + nvidia-cuda-cupti-cu12==12.9.79
2026-09-13T12:55:15.3689905Z  - nvidia-cuda-nvrtc-cu12==12.8.93
2026-09-13T12:55:15.3690136Z  + nvidia-cuda-nvrtc-cu12==12.9.86
2026-09-13T12:55:15.3690368Z  - nvidia-cuda-runtime-cu12==12.8.90
2026-09-13T12:55:15.3690861Z  + nvidia-cuda-runtime-cu12==12.9.79
2026-09-13T12:55:15.3691111Z  - nvidia-cufft-cu12==11.3.3.83
2026-09-13T12:55:15.3691351Z  + nvidia-cufft-cu12==11.4.1.4
2026-09-13T12:55:15.3691576Z  - nvidia-cufile-cu12==1.13.1.3
2026-09-13T12:55:15.3691791Z  + nvidia-cufile-cu12==1.14.1.1
2026-09-13T12:55:15.3692015Z  - nvidia-curand-cu12==10.3.9.90
2026-09-13T12:55:15.3692250Z  + nvidia-curand-cu12==10.3.10.19
2026-09-13T12:55:15.3692481Z  - nvidia-cusolver-cu12==11.7.3.90
2026-09-13T12:55:15.3692740Z  + nvidia-cusolver-cu12==11.7.5.82
2026-09-13T12:55:15.3692963Z  - nvidia-cusparse-cu12==12.5.8.93
2026-09-13T12:55:15.3693207Z  + nvidia-cusparse-cu12==12.5.10.65
2026-09-13T12:55:15.3693460Z  - nvidia-nvjitlink-cu12==12.8.93
2026-09-13T12:55:15.3693692Z  + nvidia-nvjitlink-cu12==12.9.86
2026-09-13T12:55:15.3693923Z  - nvidia-nvtx-cu12==12.8.90
2026-09-13T12:55:15.3694144Z  + nvidia-nvtx-cu12==12.9.79
2026-09-13T12:55:15.3694369Z  - opentelemetry-api==1.44.0
2026-09-13T12:55:15.3694585Z  - platformdirs==4.11.3
2026-09-13T12:55:15.3695021Z  + platformdirs==4.11.5
2026-09-13T12:55:15.3695224Z  - polars==1.43.2
2026-09-13T12:55:15.3695416Z  + polars==1.44.1
2026-09-13T12:55:15.3695616Z  - polars-runtime-32==1.43.2
2026-09-13T12:55:15.3695857Z  + polars-runtime-32==1.44.1
2026-09-13T12:55:15.3696068Z  - protobuf==7.35.1
2026-09-13T12:55:15.3696258Z  + protobuf==7.36.0
2026-09-13T12:55:15.3696442Z  - pydantic==2.13.4
2026-09-13T12:55:15.3696630Z  + pydantic==2.13.5
2026-09-13T12:55:15.3696834Z  - pydantic-core==2.46.4
2026-09-13T12:55:15.3697033Z  + pydantic-core==2.46.5
2026-09-13T12:55:15.3697195Z  - pygments==2.20.0
2026-09-13T12:55:15.3697351Z  + pygments==2.21.0
2026-09-13T12:55:15.3697502Z  - pykwalify==1.8.0
2026-09-13T12:55:15.3697665Z  - pyrsistent==0.20.0
2026-09-13T12:55:15.3697819Z  - regex==2026.7.19
2026-09-13T12:55:15.3697972Z  + regex==2026.8.31
2026-09-13T12:55:15.3698115Z  - ruamel-yaml==0.19.1
2026-09-13T12:55:15.3698268Z  - ruff==0.16.3
2026-09-13T12:55:15.3698406Z  + ruff==0.16.5
2026-09-13T12:55:15.3698535Z  - scipy==1.18.0
2026-09-13T12:55:15.3698676Z  + scipy==1.18.1
2026-09-13T12:55:15.3698819Z  - sentry-sdk==2.68.0
2026-09-13T12:55:15.3698970Z  + sentry-sdk==2.68.1
2026-09-13T12:55:15.3699125Z  - setuptools==81.0.0
2026-09-13T12:55:15.3699271Z  + setuptools==84.0.0
2026-09-13T12:55:15.3699415Z  + smmap==5.0.3
2026-09-13T12:55:15.3699560Z  - torch==2.9.0
2026-09-13T12:55:15.3699699Z  + torch==2.9.1+cu129
2026-09-13T12:55:15.3699848Z  - triton==3.5.0
2026-09-13T12:55:15.3699989Z  + triton==3.5.1
2026-09-13T12:55:15.3700131Z  - typer==0.27.1
2026-09-13T12:55:15.3700274Z  + typer==0.27.2
2026-09-13T12:55:15.3700524Z  - wandb==0.28.2
2026-09-13T12:55:15.3700828Z  + wandb==0.26.1
2026-09-13T12:55:15.3700972Z  - xxhash==4.0.0
2026-09-13T12:55:15.3701470Z  + xxhash==4.0.1
2026-09-13T12:55:15.4475823Z Resolved 1 package in 65ms
2026-09-13T12:55:15.4476159Z Would download 1 package
2026-09-13T12:55:15.4476379Z Would install 1 package
2026-09-13T12:55:15.4476632Z  + flash-attn==2.7.4.post1
2026-09-13T12:55:15.4513840Z ##[group]Run curl --fail --location --output "$RUNNER_TEMP/cuda-keyring.deb" https://developer.download.nvidia.com/compute/cuda/repos/ubuntu2404/x86_64/cuda-keyring_1.1-1_all.deb
2026-09-13T12:55:15.4515108Z [36;1mcurl --fail --location --output "$RUNNER_TEMP/cuda-keyring.deb" https://developer.download.nvidia.com/compute/cuda/repos/ubuntu2404/x86_64/cuda-keyring_1.1-1_all.deb[0m
2026-09-13T12:55:15.4515899Z [36;1msudo dpkg -i "$RUNNER_TEMP/cuda-keyring.deb"[0m
2026-09-13T12:55:15.4516205Z [36;1msudo apt-get update[0m
2026-09-13T12:55:15.4516597Z [36;1msudo apt-get install -y --no-install-recommends cuda-nvcc-12-9 cuda-cudart-dev-12-9[0m
2026-09-13T12:55:15.4545769Z shell: /usr/bin/bash -e {0}
2026-09-13T12:55:15.4546028Z env:
2026-09-13T12:55:15.4546309Z   UV_PYTHON_INSTALL_DIR: /home/runner/work/_temp/uv-python-dir
2026-09-13T12:55:15.4546629Z   UV_PYTHON: 3.12
2026-09-13T12:55:15.4546876Z   UV_CACHE_DIR: /home/runner/work/_temp/setup-uv-cache
2026-09-13T12:55:15.4547215Z ##[endgroup]
2026-09-13T12:55:15.4654831Z   % Total    % Received % Xferd  Average Speed   Time    Time     Time  Current
2026-09-13T12:55:15.4655211Z                                  Dload  Upload   Total   Spent    Left  Speed
2026-09-13T12:55:15.4655387Z 
2026-09-13T12:55:15.4979119Z   0     0    0     0    0     0      0      0 --:--:-- --:--:-- --:--:--     0
2026-09-13T12:55:15.7543786Z   0     0    0     0    0     0      0      0 --:--:-- --:--:-- --:--:--     0
2026-09-13T12:55:15.7544523Z 100  4328  100  4328    0     0  14991      0 --:--:-- --:--:-- --:--:-- 14975
2026-09-13T12:55:15.7769724Z Selecting previously unselected package cuda-keyring.
2026-09-13T12:55:15.8619759Z (Reading database ... 241038 files and directories currently installed.)
2026-09-13T12:55:15.8666743Z Preparing to unpack .../work/_temp/cuda-keyring.deb ...
2026-09-13T12:55:15.8678397Z Unpacking cuda-keyring (1.1-1) ...
2026-09-13T12:55:15.8791281Z Setting up cuda-keyring (1.1-1) ...
2026-09-13T12:55:15.9620268Z Get:1 file:/etc/apt/apt-mirrors.txt Mirrorlist [144 B]
2026-09-13T12:55:16.0018054Z Hit:2 http://azure.archive.ubuntu.com/ubuntu noble InRelease
2026-09-13T12:55:16.0022139Z Hit:3 http://azure.archive.ubuntu.com/ubuntu noble-updates InRelease
2026-09-13T12:55:16.0028300Z Hit:4 http://azure.archive.ubuntu.com/ubuntu noble-backports InRelease
2026-09-13T12:55:16.0034765Z Hit:5 http://azure.archive.ubuntu.com/ubuntu noble-security InRelease
2026-09-13T12:55:16.0045106Z Hit:6 https://packages.microsoft.com/ubuntu/24.04/prod noble InRelease
2026-09-13T12:55:16.0960905Z Get:7 https://developer.download.nvidia.com/compute/cuda/repos/ubuntu2404/x86_64  InRelease [1578 B]
2026-09-13T12:55:16.1211358Z Hit:8 https://dl.google.com/linux/chrome-stable/deb stable InRelease
2026-09-13T12:55:16.2278320Z Get:9 https://developer.download.nvidia.com/compute/cuda/repos/ubuntu2404/x86_64  Packages [1847 kB]
2026-09-13T12:55:18.5220097Z Fetched 1849 kB in 1s (3447 kB/s)
2026-09-13T12:55:19.2388832Z Reading package lists...
2026-09-13T12:55:19.2648139Z Reading package lists...
2026-09-13T12:55:19.4448144Z Building dependency tree...
2026-09-13T12:55:19.4455863Z Reading state information...
2026-09-13T12:55:19.5937177Z The following additional packages will be installed:
2026-09-13T12:55:19.5937674Z   build-essential cuda-cccl-12-9 cuda-crt-12-9 cuda-cudart-12-9
2026-09-13T12:55:19.5938090Z   cuda-driver-dev-12-9 cuda-nvvm-12-9 cuda-toolkit-12-9-config-common
2026-09-13T12:55:19.5945845Z   cuda-toolkit-12-config-common cuda-toolkit-config-common
2026-09-13T12:55:19.6098163Z The following NEW packages will be installed:
2026-09-13T12:55:19.6098598Z   build-essential cuda-cccl-12-9 cuda-crt-12-9 cuda-cudart-12-9
2026-09-13T12:55:19.6099404Z   cuda-cudart-dev-12-9 cuda-driver-dev-12-9 cuda-nvcc-12-9 cuda-nvvm-12-9
2026-09-13T12:55:19.6099776Z   cuda-toolkit-12-9-config-common cuda-toolkit-12-config-common
2026-09-13T12:55:19.6104600Z   cuda-toolkit-config-common
2026-09-13T12:55:19.6270145Z 0 upgraded, 11 newly installed, 0 to remove and 50 not upgraded.
2026-09-13T12:55:19.6270704Z Need to get 84.5 MB of archives.
2026-09-13T12:55:19.6271056Z After this operation, 358 MB of additional disk space will be used.
2026-09-13T12:55:19.6271440Z Get:1 file:/etc/apt/apt-mirrors.txt Mirrorlist [144 B]
2026-09-13T12:55:19.6716472Z Get:2 http://azure.archive.ubuntu.com/ubuntu noble/main amd64 build-essential amd64 12.10ubuntu1 [4928 B]
2026-09-13T12:55:20.1479305Z Get:3 https://developer.download.nvidia.com/compute/cuda/repos/ubuntu2404/x86_64  cuda-cccl-12-9 12.9.27-1 [1040 kB]
2026-09-13T12:55:20.3426824Z Get:4 https://developer.download.nvidia.com/compute/cuda/repos/ubuntu2404/x86_64  cuda-toolkit-config-common 13.4.49-1 [17.4 kB]
2026-09-13T12:55:20.3696177Z Get:5 https://developer.download.nvidia.com/compute/cuda/repos/ubuntu2404/x86_64  cuda-toolkit-12-config-common 12.9.79-1 [16.6 kB]
2026-09-13T12:55:20.3967912Z Get:6 https://developer.download.nvidia.com/compute/cuda/repos/ubuntu2404/x86_64  cuda-toolkit-12-9-config-common 12.9.79-1 [16.6 kB]
2026-09-13T12:55:20.4240316Z Get:7 https://developer.download.nvidia.com/compute/cuda/repos/ubuntu2404/x86_64  cuda-cudart-12-9 12.9.79-1 [173 kB]
2026-09-13T12:55:20.8389075Z Get:8 https://developer.download.nvidia.com/compute/cuda/repos/ubuntu2404/x86_64  cuda-driver-dev-12-9 12.9.79-1 [29.3 kB]
2026-09-13T12:55:21.2518713Z Get:9 https://developer.download.nvidia.com/compute/cuda/repos/ubuntu2404/x86_64  cuda-cudart-dev-12-9 12.9.79-1 [1415 kB]
2026-09-13T12:55:21.7491290Z Get:10 https://developer.download.nvidia.com/compute/cuda/repos/ubuntu2404/x86_64  cuda-crt-12-9 12.9.86-1 [82.1 kB]
2026-09-13T12:55:22.1612540Z Get:11 https://developer.download.nvidia.com/compute/cuda/repos/ubuntu2404/x86_64  cuda-nvvm-12-9 12.9.86-1 [43.1 MB]
2026-09-13T12:55:23.1466283Z Get:12 https://developer.download.nvidia.com/compute/cuda/repos/ubuntu2404/x86_64  cuda-nvcc-12-9 12.9.86-1 [38.6 MB]
2026-09-13T12:55:23.7715344Z Fetched 84.5 MB in 4s (21.4 MB/s)
2026-09-13T12:55:23.7865502Z Selecting previously unselected package build-essential.
2026-09-13T12:55:23.7899517Z (Reading database ... 
2026-09-13T12:55:23.7899815Z (Reading database ... 5%
2026-09-13T12:55:23.7900065Z (Reading database ... 10%
2026-09-13T12:55:23.7900260Z (Reading database ... 15%
2026-09-13T12:55:23.7900805Z (Reading database ... 20%
2026-09-13T12:55:23.7901085Z (Reading database ... 25%
2026-09-13T12:55:23.7901354Z (Reading database ... 30%
2026-09-13T12:55:23.7901541Z (Reading database ... 35%
2026-09-13T12:55:23.7901785Z (Reading database ... 40%
2026-09-13T12:55:23.7901976Z (Reading database ... 45%
2026-09-13T12:55:23.7902155Z (Reading database ... 50%
2026-09-13T12:55:23.7914993Z (Reading database ... 55%
2026-09-13T12:55:23.8030906Z (Reading database ... 60%
2026-09-13T12:55:23.8049435Z (Reading database ... 65%
2026-09-13T12:55:23.8087822Z (Reading database ... 70%
2026-09-13T12:55:23.8115618Z (Reading database ... 75%
2026-09-13T12:55:23.8242217Z (Reading database ... 80%
2026-09-13T12:55:23.8273872Z (Reading database ... 85%
2026-09-13T12:55:23.8355875Z (Reading database ... 90%
2026-09-13T12:55:23.8754356Z (Reading database ... 95%
2026-09-13T12:55:23.8754638Z (Reading database ... 100%
2026-09-13T12:55:23.8754949Z (Reading database ... 241043 files and directories currently installed.)
2026-09-13T12:55:23.8807132Z Preparing to unpack .../00-build-essential_12.10ubuntu1_amd64.deb ...
2026-09-13T12:55:23.8823204Z Unpacking build-essential (12.10ubuntu1) ...
2026-09-13T12:55:23.9137958Z Selecting previously unselected package cuda-cccl-12-9.
2026-09-13T12:55:23.9274418Z Preparing to unpack .../01-cuda-cccl-12-9_12.9.27-1_amd64.deb ...
2026-09-13T12:55:23.9285922Z Unpacking cuda-cccl-12-9 (12.9.27-1) ...
2026-09-13T12:55:24.4393727Z Selecting previously unselected package cuda-toolkit-config-common.
2026-09-13T12:55:24.4535560Z Preparing to unpack .../02-cuda-toolkit-config-common_13.4.49-1_all.deb ...
2026-09-13T12:55:24.4629516Z Unpacking cuda-toolkit-config-common (13.4.49-1) ...
2026-09-13T12:55:24.4844119Z Selecting previously unselected package cuda-toolkit-12-config-common.
2026-09-13T12:55:24.4978301Z Preparing to unpack .../03-cuda-toolkit-12-config-common_12.9.79-1_all.deb ...
2026-09-13T12:55:24.4988927Z Unpacking cuda-toolkit-12-config-common (12.9.79-1) ...
2026-09-13T12:55:24.5286833Z Selecting previously unselected package cuda-toolkit-12-9-config-common.
2026-09-13T12:55:24.5422149Z Preparing to unpack .../04-cuda-toolkit-12-9-config-common_12.9.79-1_all.deb ...
2026-09-13T12:55:24.5460168Z Unpacking cuda-toolkit-12-9-config-common (12.9.79-1) ...
2026-09-13T12:55:24.5680158Z Selecting previously unselected package cuda-cudart-12-9.
2026-09-13T12:55:24.5813383Z Preparing to unpack .../05-cuda-cudart-12-9_12.9.79-1_amd64.deb ...
2026-09-13T12:55:24.5823224Z Unpacking cuda-cudart-12-9 (12.9.79-1) ...
2026-09-13T12:55:24.6261932Z Selecting previously unselected package cuda-driver-dev-12-9.
2026-09-13T12:55:24.6411623Z Preparing to unpack .../06-cuda-driver-dev-12-9_12.9.79-1_amd64.deb ...
2026-09-13T12:55:24.6422567Z Unpacking cuda-driver-dev-12-9 (12.9.79-1) ...
2026-09-13T12:55:24.6614727Z Selecting previously unselected package cuda-cudart-dev-12-9.
2026-09-13T12:55:24.6755972Z Preparing to unpack .../07-cuda-cudart-dev-12-9_12.9.79-1_amd64.deb ...
2026-09-13T12:55:24.7318759Z Unpacking cuda-cudart-dev-12-9 (12.9.79-1) ...
2026-09-13T12:55:24.8464862Z Selecting previously unselected package cuda-crt-12-9.
2026-09-13T12:55:24.8610400Z Preparing to unpack .../08-cuda-crt-12-9_12.9.86-1_amd64.deb ...
2026-09-13T12:55:24.8621445Z Unpacking cuda-crt-12-9 (12.9.86-1) ...
2026-09-13T12:55:24.8871992Z Selecting previously unselected package cuda-nvvm-12-9.
2026-09-13T12:55:24.9008942Z Preparing to unpack .../09-cuda-nvvm-12-9_12.9.86-1_amd64.deb ...
2026-09-13T12:55:24.9021581Z Unpacking cuda-nvvm-12-9 (12.9.86-1) ...
2026-09-13T12:55:26.2942207Z Selecting previously unselected package cuda-nvcc-12-9.
2026-09-13T12:55:26.3067812Z Preparing to unpack .../10-cuda-nvcc-12-9_12.9.86-1_amd64.deb ...
2026-09-13T12:55:26.3115569Z Unpacking cuda-nvcc-12-9 (12.9.86-1) ...
2026-09-13T12:55:28.0677220Z Setting up cuda-toolkit-config-common (13.4.49-1) ...
2026-09-13T12:55:28.1531051Z Setting up cuda-toolkit-12-9-config-common (12.9.79-1) ...
2026-09-13T12:55:28.1554195Z Setting alternatives
2026-09-13T12:55:28.1577581Z update-alternatives: using /usr/local/cuda-12.9 to provide /usr/local/cuda (cuda) in auto mode
2026-09-13T12:55:28.1608438Z update-alternatives: using /usr/local/cuda-12.9 to provide /usr/local/cuda-12 (cuda-12) in auto mode
2026-09-13T12:55:28.1649785Z Setting up cuda-driver-dev-12-9 (12.9.79-1) ...
2026-09-13T12:55:28.1677422Z Setting up build-essential (12.10ubuntu1) ...
2026-09-13T12:55:28.1705277Z Setting up cuda-cccl-12-9 (12.9.27-1) ...
2026-09-13T12:55:28.1731353Z Setting up cuda-toolkit-12-config-common (12.9.79-1) ...
2026-09-13T12:55:28.1804072Z Setting up cuda-nvvm-12-9 (12.9.86-1) ...
2026-09-13T12:55:28.1830324Z Setting up cuda-cudart-12-9 (12.9.79-1) ...
2026-09-13T12:55:28.1855071Z Setting up cuda-cudart-dev-12-9 (12.9.79-1) ...
2026-09-13T12:55:28.1881337Z Setting up cuda-crt-12-9 (12.9.86-1) ...
2026-09-13T12:55:28.1909374Z Setting up cuda-nvcc-12-9 (12.9.86-1) ...
2026-09-13T12:55:28.1940676Z Processing triggers for libc-bin (2.39-0ubuntu8.8) ...
2026-09-13T12:55:28.5602807Z 
2026-09-13T12:55:28.5603659Z Running kernel seems to be up-to-date.
2026-09-13T12:55:28.5603888Z 
2026-09-13T12:55:28.5603965Z No services need to be restarted.
2026-09-13T12:55:28.5604091Z 
2026-09-13T12:55:28.5604162Z No containers need to be restarted.
2026-09-13T12:55:28.5604288Z 
2026-09-13T12:55:28.5604377Z No user sessions are running outdated binaries.
2026-09-13T12:55:28.5604527Z 
2026-09-13T12:55:28.5604980Z No VM guests are running outdated hypervisor (qemu) binaries on this host.
2026-09-13T12:55:29.3765656Z ##[group]Run uv pip install --python .venv/bin/python --no-config --require-hashes --torch-backend cu129 -r requirements-formal.lock
2026-09-13T12:55:29.3766291Z [36;1muv pip install --python .venv/bin/python --no-config --require-hashes --torch-backend cu129 -r requirements-formal.lock[0m
2026-09-13T12:55:29.3766934Z [36;1muv pip install --python .venv/bin/python --no-config --no-deps --require-hashes --no-build-isolation-package flash-attn -r requirements-formal-flash.txt[0m
2026-09-13T12:55:29.3767525Z [36;1m.venv/bin/python -c 'import torch; import flash_attn_2_cuda; assert torch.version.cuda == "12.9"'[0m
2026-09-13T12:55:29.3767927Z [36;1m.venv/bin/python -m embed_optim.runtime --spec configs/formal_runtime.json[0m
2026-09-13T12:55:29.3788018Z shell: /usr/bin/bash -e {0}
2026-09-13T12:55:29.3788215Z env:
2026-09-13T12:55:29.3788418Z   UV_PYTHON_INSTALL_DIR: /home/runner/work/_temp/uv-python-dir
2026-09-13T12:55:29.3788667Z   UV_PYTHON: 3.12
2026-09-13T12:55:29.3788903Z   UV_CACHE_DIR: /home/runner/work/_temp/setup-uv-cache
2026-09-13T12:55:29.3789124Z   CUDA_HOME: /usr/local/cuda-12.9
2026-09-13T12:55:29.3789314Z   FLASH_ATTENTION_FORCE_BUILD: TRUE
2026-09-13T12:55:29.3789496Z   FLASH_ATTN_CUDA_ARCHS: 80;90
2026-09-13T12:55:29.3789659Z   MAX_JOBS: 2
2026-09-13T12:55:29.3789797Z   NVCC_THREADS: 1
2026-09-13T12:55:29.3789943Z ##[endgroup]
2026-09-13T12:55:29.5911600Z   × No solution found when resolving dependencies:
2026-09-13T12:55:29.5912058Z   ╰─▶ Because fast-plaid==1.6.0.290 depends on torch==2.9.0 and you require
2026-09-13T12:55:29.5912390Z       fast-plaid==1.6.0.290, we can conclude that you require torch==2.9.0.
2026-09-13T12:55:29.5912689Z       And because you require torch==2.9.1+cu129, we can conclude that your
2026-09-13T12:55:29.5912944Z       requirements are unsatisfiable.
2026-09-13T12:55:29.5953943Z ##[error]Process completed with exit code 1.
2026-09-13T12:55:29.6046730Z Node 20 is being deprecated. This workflow is running with Node 24 by default. If you need to temporarily use Node 20, you can set the ACTIONS_ALLOW_USE_UNSECURE_NODE_VERSION=true environment variable. For more information see: https://github.blog/changelog/2025-09-19-deprecation-of-node-20-on-github-actions-runners/
2026-09-13T12:55:29.6047649Z ##[group]Run actions/upload-artifact@v4
2026-09-13T12:55:29.6047851Z with:
2026-09-13T12:55:29.6048023Z   name: verification-receipts
2026-09-13T12:55:29.6048744Z   path: /home/runner/work/_temp/source-role-tests/*.json
/home/runner/work/_temp/source-role-tests/*.xml
/home/runner/work/_temp/source-role-tests/*.log
/home/runner/work/_temp/complete-paper/complete.json
/home/runner/work/_temp/complete-paper/reviewed/paper/build/main.pdf

2026-09-13T12:55:29.6049471Z   if-no-files-found: warn
2026-09-13T12:55:29.6049649Z   compression-level: 6
2026-09-13T12:55:29.6049820Z   overwrite: false
2026-09-13T12:55:29.6050038Z   include-hidden-files: false
2026-09-13T12:55:29.6050220Z env:
2026-09-13T12:55:29.6050418Z   UV_PYTHON_INSTALL_DIR: /home/runner/work/_temp/uv-python-dir
2026-09-13T12:55:29.6051030Z   UV_PYTHON: 3.12
2026-09-13T12:55:29.6051228Z   UV_CACHE_DIR: /home/runner/work/_temp/setup-uv-cache
2026-09-13T12:55:29.6051447Z ##[endgroup]
2026-09-13T12:55:29.7249340Z (node:5556) [DEP0040] DeprecationWarning: The `punycode` module is deprecated. Please use a userland alternative instead.
2026-09-13T12:55:29.7249967Z (Use `node --trace-deprecation ...` to show where the warning was created)
2026-09-13T12:55:29.7285427Z Multiple search paths detected. Calculating the least common ancestor of all paths
2026-09-13T12:55:29.7292862Z The least common ancestor is /home/runner/work/_temp. This will be the root directory of the artifact
2026-09-13T12:55:29.7337838Z ##[warning]No files were found with the provided path: /home/runner/work/_temp/source-role-tests/*.json
/home/runner/work/_temp/source-role-tests/*.xml
/home/runner/work/_temp/source-role-tests/*.log
/home/runner/work/_temp/complete-paper/complete.json
/home/runner/work/_temp/complete-paper/reviewed/paper/build/main.pdf. No artifacts will be uploaded.
2026-09-13T12:55:29.7486860Z Post job cleanup.
2026-09-13T12:55:29.8190414Z [command]/usr/bin/git version
2026-09-13T12:55:29.8227036Z git version 2.55.0
2026-09-13T12:55:29.8250857Z Temporarily overriding HOME='/home/runner/work/_temp/30ce798b-d276-45f4-be83-d4444f965b1b' before making global git config changes
2026-09-13T12:55:29.8251669Z Adding repository directory to the temporary git global config as a safe directory
2026-09-13T12:55:29.8254713Z [command]/usr/bin/git config --global --add safe.directory /home/runner/work/embedding-optimizer-study/embedding-optimizer-study
2026-09-13T12:55:29.8278360Z Removing SSH command configuration
2026-09-13T12:55:29.8283599Z [command]/usr/bin/git config --local --name-only --get-regexp core\.sshCommand
2026-09-13T12:55:29.8308280Z [command]/usr/bin/git submodule foreach --recursive sh -c "git config --local --name-only --get-regexp 'core\.sshCommand' && git config --local --unset-all 'core.sshCommand' || :"
2026-09-13T12:55:29.8494071Z Removing HTTP extra header
2026-09-13T12:55:29.8498226Z [command]/usr/bin/git config --local --name-only --get-regexp http\.https\:\/\/github\.com\/\.extraheader
2026-09-13T12:55:29.8521197Z [command]/usr/bin/git submodule foreach --recursive sh -c "git config --local --name-only --get-regexp 'http\.https\:\/\/github\.com\/\.extraheader' && git config --local --unset-all 'http.https://github.com/.extraheader' || :"
2026-09-13T12:55:29.8703336Z Removing includeIf entries pointing to credentials config files
2026-09-13T12:55:29.8708439Z [command]/usr/bin/git config --local --name-only --get-regexp ^includeIf\.gitdir:
2026-09-13T12:55:29.8976221Z includeif.gitdir:/home/runner/work/embedding-optimizer-study/embedding-optimizer-study/.git.path
2026-09-13T12:55:29.8976959Z includeif.gitdir:/home/runner/work/embedding-optimizer-study/embedding-optimizer-study/.git/worktrees/*.path
2026-09-13T12:55:29.8977522Z includeif.gitdir:/github/workspace/.git.path
2026-09-13T12:55:29.8977854Z includeif.gitdir:/github/workspace/.git/worktrees/*.path
2026-09-13T12:55:29.8984831Z [command]/usr/bin/git config --local --get-all includeif.gitdir:/home/runner/work/embedding-optimizer-study/embedding-optimizer-study/.git.path
2026-09-13T12:55:29.9006390Z /home/runner/work/_temp/git-credentials-695c3d85-f480-4f17-8e2d-aa29878c0aab.config
2026-09-13T12:55:29.9014895Z [command]/usr/bin/git config --local --unset includeif.gitdir:/home/runner/work/embedding-optimizer-study/embedding-optimizer-study/.git.path \/home\/runner\/work\/_temp\/git\-credentials\-695c3d85\-f480\-4f17\-8e2d\-aa29878c0aab\.config
2026-09-13T12:55:29.9042771Z [command]/usr/bin/git config --local --get-all includeif.gitdir:/home/runner/work/embedding-optimizer-study/embedding-optimizer-study/.git/worktrees/*.path
2026-09-13T12:55:29.9059319Z /home/runner/work/_temp/git-credentials-695c3d85-f480-4f17-8e2d-aa29878c0aab.config
2026-09-13T12:55:29.9065542Z [command]/usr/bin/git config --local --unset includeif.gitdir:/home/runner/work/embedding-optimizer-study/embedding-optimizer-study/.git/worktrees/*.path \/home\/runner\/work\/_temp\/git\-credentials\-695c3d85\-f480\-4f17\-8e2d\-aa29878c0aab\.config
2026-09-13T12:55:29.9277891Z [command]/usr/bin/git config --local --get-all includeif.gitdir:/github/workspace/.git.path
2026-09-13T12:55:29.9298107Z /github/runner_temp/git-credentials-695c3d85-f480-4f17-8e2d-aa29878c0aab.config
2026-09-13T12:55:29.9303990Z [command]/usr/bin/git config --local --unset includeif.gitdir:/github/workspace/.git.path \/github\/runner_temp\/git\-credentials\-695c3d85\-f480\-4f17\-8e2d\-aa29878c0aab\.config
2026-09-13T12:55:29.9329361Z [command]/usr/bin/git config --local --get-all includeif.gitdir:/github/workspace/.git/worktrees/*.path
2026-09-13T12:55:29.9346880Z /github/runner_temp/git-credentials-695c3d85-f480-4f17-8e2d-aa29878c0aab.config
2026-09-13T12:55:29.9353189Z [command]/usr/bin/git config --local --unset includeif.gitdir:/github/workspace/.git/worktrees/*.path \/github\/runner_temp\/git\-credentials\-695c3d85\-f480\-4f17\-8e2d\-aa29878c0aab\.config
2026-09-13T12:55:29.9380691Z [command]/usr/bin/git submodule foreach --recursive git config --local --show-origin --name-only --get-regexp remote.origin.url
2026-09-13T12:55:29.9560414Z Removing credentials config '/home/runner/work/_temp/git-credentials-695c3d85-f480-4f17-8e2d-aa29878c0aab.config'
2026-09-13T12:55:29.9665946Z Cleaning up orphan processes
2026-09-13T12:55:29.9842339Z ##[warning]Node.js 20 is deprecated. The following actions target Node.js 20 but are being forced to run on Node.js 24: actions/upload-artifact@v4. For more information see: https://github.blog/changelog/2025-09-19-deprecation-of-node-20-on-github-actions-runners/
