2026-09-13T15:24:32.4818687Z Current runner version: '2.337.0'
2026-09-13T15:24:32.4839816Z ##[group]Runner Image Provisioner
2026-09-13T15:24:32.4840731Z Hosted Compute Agent
2026-09-13T15:24:32.4841301Z Version: 20260828.587
2026-09-13T15:24:32.4841874Z Commit: abac92662cab4cc7352de4f9f9d2e2419aad9c29
2026-09-13T15:24:32.4842533Z Build Date: 2026-08-28T16:44:25Z
2026-09-13T15:24:32.4843149Z Worker ID: {8336321d-639c-4a7a-9b9d-54e07757cdae}
2026-09-13T15:24:32.4843747Z Azure Region: westus3
2026-09-13T15:24:32.4844605Z ##[endgroup]
2026-09-13T15:24:32.4845807Z ##[group]Operating System
2026-09-13T15:24:32.4846322Z Ubuntu
2026-09-13T15:24:32.4846786Z 24.04.5
2026-09-13T15:24:32.4847207Z LTS
2026-09-13T15:24:32.4847636Z ##[endgroup]
2026-09-13T15:24:32.4848136Z ##[group]Runner Image
2026-09-13T15:24:32.4848643Z Image: ubuntu-24.04
2026-09-13T15:24:32.4849135Z Version: 20260907.300.1
2026-09-13T15:24:32.4850358Z Included Software: https://github.com/actions/runner-images/blob/ubuntu24/20260907.300/images/ubuntu/Ubuntu2404-Readme.md
2026-09-13T15:24:32.4851654Z Image Release: https://github.com/actions/runner-images/releases/tag/ubuntu24%2F20260907.300
2026-09-13T15:24:32.4852511Z ##[endgroup]
2026-09-13T15:24:32.4853553Z ##[group]GITHUB_TOKEN Permissions
2026-09-13T15:24:32.4855305Z Contents: read
2026-09-13T15:24:32.4855822Z Metadata: read
2026-09-13T15:24:32.4856305Z Packages: read
2026-09-13T15:24:32.4856769Z ##[endgroup]
2026-09-13T15:24:32.4858525Z Secret source: Actions
2026-09-13T15:24:32.4859299Z Cache mode: write
2026-09-13T15:24:32.4860323Z Prepare workflow directory
2026-09-13T15:24:32.5121761Z Prepare all required actions
2026-09-13T15:24:32.5163657Z Getting action download info
2026-09-13T15:24:32.8295824Z Download action repository 'actions/checkout@v7.0.1' (SHA:3d3c42e5aac5ba805825da76410c181273ba90b1)
2026-09-13T15:24:32.9825739Z Download action repository 'astral-sh/setup-uv@v10.0.1' (SHA:20cfd1bf945f4377ade1205e4dbc17946fc9a30d)
2026-09-13T15:24:34.0134073Z Download action repository 'actions/upload-artifact@v4' (SHA:ea165f8d65b6e75b540449e92b4886f43607fa02)
2026-09-13T15:24:34.3129436Z Complete job name: test
2026-09-13T15:24:34.3750759Z ##[group]Run actions/checkout@v7.0.1
2026-09-13T15:24:34.3751568Z with:
2026-09-13T15:24:34.3751972Z   fetch-depth: 0
2026-09-13T15:24:34.3752488Z   repository: qcznlp/embedding-optimizer-study
2026-09-13T15:24:34.3755772Z   token: ***
2026-09-13T15:24:34.3756226Z   ssh-strict: true
2026-09-13T15:24:34.3756663Z   ssh-user: git
2026-09-13T15:24:34.3757079Z   persist-credentials: true
2026-09-13T15:24:34.3757568Z   clean: true
2026-09-13T15:24:34.3757998Z   sparse-checkout-cone-mode: true
2026-09-13T15:24:34.3758507Z   fetch-tags: false
2026-09-13T15:24:34.3758946Z   show-progress: true
2026-09-13T15:24:34.3759400Z   lfs: false
2026-09-13T15:24:34.3760040Z   submodules: false
2026-09-13T15:24:34.3760479Z   set-safe-directory: true
2026-09-13T15:24:34.3760974Z   allow-unsafe-pr-checkout: false
2026-09-13T15:24:34.3761642Z ##[endgroup]
2026-09-13T15:24:34.4610992Z Syncing repository: qcznlp/embedding-optimizer-study
2026-09-13T15:24:34.4613311Z ##[group]Getting Git version info
2026-09-13T15:24:34.4614563Z Working directory is '/home/runner/work/embedding-optimizer-study/embedding-optimizer-study'
2026-09-13T15:24:34.4615778Z [command]/usr/bin/git version
2026-09-13T15:24:34.5465016Z git version 2.55.0
2026-09-13T15:24:34.5489660Z ##[endgroup]
2026-09-13T15:24:34.5501477Z Temporarily overriding HOME='/home/runner/work/_temp/28486325-17ce-4937-8afe-886b5668312a' before making global git config changes
2026-09-13T15:24:34.5502820Z Adding repository directory to the temporary git global config as a safe directory
2026-09-13T15:24:34.5512588Z [command]/usr/bin/git config --global --add safe.directory /home/runner/work/embedding-optimizer-study/embedding-optimizer-study
2026-09-13T15:24:34.5550374Z Deleting the contents of '/home/runner/work/embedding-optimizer-study/embedding-optimizer-study'
2026-09-13T15:24:34.5553473Z ##[group]Determining repository object format
2026-09-13T15:24:34.5555066Z ##[endgroup]
2026-09-13T15:24:34.5556520Z ##[group]Initializing the repository
2026-09-13T15:24:34.5558249Z [command]/usr/bin/git init /home/runner/work/embedding-optimizer-study/embedding-optimizer-study
2026-09-13T15:24:34.5636318Z hint: Using 'master' as the name for the initial branch. This default branch name
2026-09-13T15:24:34.5638441Z hint: will change to "main" in Git 3.0. To configure the initial branch name
2026-09-13T15:24:34.5640059Z hint: to use in all of your new repositories, which will suppress this warning,
2026-09-13T15:24:34.5641639Z hint: call:
2026-09-13T15:24:34.5642430Z hint:
2026-09-13T15:24:34.5643350Z hint: 	git config --global init.defaultBranch <name>
2026-09-13T15:24:34.5644354Z hint:
2026-09-13T15:24:34.5645218Z hint: Names commonly chosen instead of 'master' are 'main', 'trunk' and
2026-09-13T15:24:34.5646718Z hint: 'development'. The just-created branch can be renamed via this command:
2026-09-13T15:24:34.5647839Z hint:
2026-09-13T15:24:34.5648797Z hint: 	git branch -m <name>
2026-09-13T15:24:34.5649886Z hint:
2026-09-13T15:24:34.5650923Z hint: Disable this message with "git config set advice.defaultBranchName false"
2026-09-13T15:24:34.5652684Z Initialized empty Git repository in /home/runner/work/embedding-optimizer-study/embedding-optimizer-study/.git/
2026-09-13T15:24:34.5655978Z [command]/usr/bin/git remote add origin https://github.com/qcznlp/embedding-optimizer-study
2026-09-13T15:24:34.5687363Z ##[endgroup]
2026-09-13T15:24:34.5688767Z ##[group]Disabling automatic garbage collection
2026-09-13T15:24:34.5690065Z [command]/usr/bin/git config --local gc.auto 0
2026-09-13T15:24:34.5715332Z ##[endgroup]
2026-09-13T15:24:34.5716644Z ##[group]Setting up auth
2026-09-13T15:24:34.5717683Z Removing SSH command configuration
2026-09-13T15:24:34.5719887Z [command]/usr/bin/git config --local --name-only --get-regexp core\.sshCommand
2026-09-13T15:24:34.5753922Z [command]/usr/bin/git submodule foreach --recursive sh -c "git config --local --name-only --get-regexp 'core\.sshCommand' && git config --local --unset-all 'core.sshCommand' || :"
2026-09-13T15:24:34.6822322Z Removing HTTP extra header
2026-09-13T15:24:34.6827397Z [command]/usr/bin/git config --local --name-only --get-regexp http\.https\:\/\/github\.com\/\.extraheader
2026-09-13T15:24:34.6853492Z [command]/usr/bin/git submodule foreach --recursive sh -c "git config --local --name-only --get-regexp 'http\.https\:\/\/github\.com\/\.extraheader' && git config --local --unset-all 'http.https://github.com/.extraheader' || :"
2026-09-13T15:24:34.7010431Z Removing includeIf entries pointing to credentials config files
2026-09-13T15:24:34.7014995Z [command]/usr/bin/git config --local --name-only --get-regexp ^includeIf\.gitdir:
2026-09-13T15:24:34.7041553Z [command]/usr/bin/git submodule foreach --recursive git config --local --show-origin --name-only --get-regexp remote.origin.url
2026-09-13T15:24:34.7210706Z [command]/usr/bin/git config --file /home/runner/work/_temp/git-credentials-438ded8a-5994-4d0a-a538-236ed8279ed3.config http.https://github.com/.extraheader AUTHORIZATION: basic ***
2026-09-13T15:24:34.7241626Z [command]/usr/bin/git config --local includeIf.gitdir:/home/runner/work/embedding-optimizer-study/embedding-optimizer-study/.git.path /home/runner/work/_temp/git-credentials-438ded8a-5994-4d0a-a538-236ed8279ed3.config
2026-09-13T15:24:34.7272466Z [command]/usr/bin/git config --local includeIf.gitdir:/home/runner/work/embedding-optimizer-study/embedding-optimizer-study/.git/worktrees/*.path /home/runner/work/_temp/git-credentials-438ded8a-5994-4d0a-a538-236ed8279ed3.config
2026-09-13T15:24:34.7299461Z [command]/usr/bin/git config --local includeIf.gitdir:/github/workspace/.git.path /github/runner_temp/git-credentials-438ded8a-5994-4d0a-a538-236ed8279ed3.config
2026-09-13T15:24:34.7323654Z [command]/usr/bin/git config --local includeIf.gitdir:/github/workspace/.git/worktrees/*.path /github/runner_temp/git-credentials-438ded8a-5994-4d0a-a538-236ed8279ed3.config
2026-09-13T15:24:34.7345722Z ##[endgroup]
2026-09-13T15:24:34.7346754Z ##[group]Fetching the repository
2026-09-13T15:24:34.7352685Z [command]/usr/bin/git -c protocol.version=2 fetch --no-tags --prune --no-recurse-submodules origin +refs/heads/*:refs/remotes/origin/* +refs/tags/*:refs/tags/*
2026-09-13T15:24:41.9344893Z From https://github.com/qcznlp/embedding-optimizer-study
2026-09-13T15:24:41.9347253Z  * [new branch]        agent/audit-run-identity -> origin/agent/audit-run-identity
2026-09-13T15:24:41.9349147Z  * [new branch]        agent/audit-training-dynamics -> origin/agent/audit-training-dynamics
2026-09-13T15:24:41.9351942Z  * [new branch]        agent/checkpoint-artifact-audit -> origin/agent/checkpoint-artifact-audit
2026-09-13T15:24:41.9354051Z  * [new branch]        agent/ci-build-wheel -> origin/agent/ci-build-wheel
2026-09-13T15:24:41.9356690Z  * [new branch]        agent/corrected-execution-sensitivity -> origin/agent/corrected-execution-sensitivity
2026-09-13T15:24:41.9359163Z  * [new branch]        agent/corrected-retrieval-bridge -> origin/agent/corrected-retrieval-bridge
2026-09-13T15:24:41.9361629Z  * [new branch]        agent/dense-no-packing-retrain -> origin/agent/dense-no-packing-retrain
2026-09-13T15:24:41.9363878Z  * [new branch]        agent/document-optimizer-routing -> origin/agent/document-optimizer-routing
2026-09-13T15:24:41.9366231Z  * [new branch]        agent/document-third-muon-recovery -> origin/agent/document-third-muon-recovery
2026-09-13T15:24:41.9368562Z  * [new branch]        agent/finalize-public-handoff -> origin/agent/finalize-public-handoff
2026-09-13T15:24:41.9371026Z  * [new branch]        agent/handoff-live-status -> origin/agent/handoff-live-status
2026-09-13T15:24:41.9373367Z  * [new branch]        agent/package-evaluation-workers -> origin/agent/package-evaluation-workers
2026-09-13T15:24:41.9376381Z  * [new branch]        agent/package-study-metadata -> origin/agent/package-study-metadata
2026-09-13T15:24:41.9379372Z  * [new branch]        agent/posthoc-task-stability -> origin/agent/posthoc-task-stability
2026-09-13T15:24:41.9382527Z  * [new branch]        agent/shortlist-corpus-story -> origin/agent/shortlist-corpus-story
2026-09-13T15:24:41.9385150Z  * [new branch]        agent/upgrade-ci-actions -> origin/agent/upgrade-ci-actions
2026-09-13T15:24:41.9387907Z  * [new branch]        analysis/state-operator-completion -> origin/analysis/state-operator-completion
2026-09-13T15:24:41.9390864Z  * [new branch]        codex/checkpoint-1563-handoff -> origin/codex/checkpoint-1563-handoff
2026-09-13T15:24:41.9393336Z  * [new branch]        codex/state-operator-factorial -> origin/codex/state-operator-factorial
2026-09-13T15:24:41.9395620Z  * [new branch]        feat/muon-embedding-study -> origin/feat/muon-embedding-study
2026-09-13T15:24:41.9397410Z  * [new branch]        main                 -> origin/main
2026-09-13T15:24:41.9399711Z  * [new branch]        ops/publication-narrative-receipt -> origin/ops/publication-narrative-receipt
2026-09-13T15:24:41.9403042Z  * [new branch]        paper/corrected-layout-fixture -> origin/paper/corrected-layout-fixture
2026-09-13T15:24:41.9406135Z  * [new branch]        paper/corrected-outcome-propagation -> origin/paper/corrected-outcome-propagation
2026-09-13T15:24:41.9411156Z [command]/usr/bin/git branch --list --remote origin/main
2026-09-13T15:24:41.9413180Z   origin/main
2026-09-13T15:24:41.9417136Z [command]/usr/bin/git rev-parse refs/remotes/origin/main
2026-09-13T15:24:41.9418672Z 2651e1e44dad067a6ff05b8c4a13f902fdb5dacf
2026-09-13T15:24:41.9422189Z ##[endgroup]
2026-09-13T15:24:41.9424707Z ##[group]Determining the checkout info
2026-09-13T15:24:41.9426525Z ##[endgroup]
2026-09-13T15:24:41.9427705Z [command]/usr/bin/git sparse-checkout disable
2026-09-13T15:24:41.9452289Z [command]/usr/bin/git config --local --unset-all extensions.worktreeConfig
2026-09-13T15:24:41.9477340Z ##[group]Checking out the ref
2026-09-13T15:24:41.9480263Z [command]/usr/bin/git checkout --progress --force -B main refs/remotes/origin/main
2026-09-13T15:24:43.1162944Z Updating files:  12% (1929/15354)
2026-09-13T15:24:43.1250530Z Updating files:  13% (1997/15354)
2026-09-13T15:24:43.1337841Z Updating files:  14% (2150/15354)
2026-09-13T15:24:43.1365469Z Updating files:  15% (2304/15354)
2026-09-13T15:24:43.1793783Z Updating files:  16% (2457/15354)
2026-09-13T15:24:43.2832081Z Updating files:  17% (2611/15354)
2026-09-13T15:24:43.3409502Z Updating files:  18% (2764/15354)
2026-09-13T15:24:43.4602148Z Updating files:  19% (2918/15354)
2026-09-13T15:24:43.5211046Z Updating files:  20% (3071/15354)
2026-09-13T15:24:43.5234144Z Updating files:  21% (3225/15354)
2026-09-13T15:24:43.6220655Z Updating files:  22% (3378/15354)
2026-09-13T15:24:43.6669803Z Updating files:  23% (3532/15354)
2026-09-13T15:24:43.6722880Z Updating files:  24% (3685/15354)
2026-09-13T15:24:43.6760158Z Updating files:  25% (3839/15354)
2026-09-13T15:24:43.6797210Z Updating files:  26% (3993/15354)
2026-09-13T15:24:43.6829106Z Updating files:  27% (4146/15354)
2026-09-13T15:24:43.6981263Z Updating files:  28% (4300/15354)
2026-09-13T15:24:43.7523228Z Updating files:  29% (4453/15354)
2026-09-13T15:24:43.7630997Z Updating files:  30% (4607/15354)
2026-09-13T15:24:43.7734698Z Updating files:  31% (4760/15354)
2026-09-13T15:24:43.7854315Z Updating files:  32% (4914/15354)
2026-09-13T15:24:43.7903955Z Updating files:  33% (5067/15354)
2026-09-13T15:24:43.7935934Z Updating files:  34% (5221/15354)
2026-09-13T15:24:43.7966913Z Updating files:  35% (5374/15354)
2026-09-13T15:24:43.7990467Z Updating files:  36% (5528/15354)
2026-09-13T15:24:43.8072758Z Updating files:  37% (5681/15354)
2026-09-13T15:24:43.8173696Z Updating files:  38% (5835/15354)
2026-09-13T15:24:43.8273700Z Updating files:  39% (5989/15354)
2026-09-13T15:24:43.8368666Z Updating files:  40% (6142/15354)
2026-09-13T15:24:43.8472845Z Updating files:  41% (6296/15354)
2026-09-13T15:24:43.8570440Z Updating files:  42% (6449/15354)
2026-09-13T15:24:43.8994352Z Updating files:  43% (6603/15354)
2026-09-13T15:24:43.9151355Z Updating files:  44% (6756/15354)
2026-09-13T15:24:44.0000940Z Updating files:  45% (6910/15354)
2026-09-13T15:24:44.0233301Z Updating files:  45% (7023/15354)
2026-09-13T15:24:44.0498434Z Updating files:  46% (7063/15354)
2026-09-13T15:24:44.0521227Z Updating files:  47% (7217/15354)
2026-09-13T15:24:44.0544816Z Updating files:  48% (7370/15354)
2026-09-13T15:24:44.0613558Z Updating files:  49% (7524/15354)
2026-09-13T15:24:44.0937053Z Updating files:  50% (7677/15354)
2026-09-13T15:24:44.1067158Z Updating files:  51% (7831/15354)
2026-09-13T15:24:44.1481736Z Updating files:  52% (7985/15354)
2026-09-13T15:24:44.2635673Z Updating files:  53% (8138/15354)
2026-09-13T15:24:44.3405052Z Updating files:  54% (8292/15354)
2026-09-13T15:24:44.4277106Z Updating files:  55% (8445/15354)
2026-09-13T15:24:44.4925317Z Updating files:  56% (8599/15354)
2026-09-13T15:24:44.4998052Z Updating files:  57% (8752/15354)
2026-09-13T15:24:44.5519097Z Updating files:  58% (8906/15354)
2026-09-13T15:24:44.6417553Z Updating files:  59% (9059/15354)
2026-09-13T15:24:44.6651993Z Updating files:  60% (9213/15354)
2026-09-13T15:24:44.7078648Z Updating files:  61% (9366/15354)
2026-09-13T15:24:44.7100567Z Updating files:  62% (9520/15354)
2026-09-13T15:24:44.7489153Z Updating files:  63% (9674/15354)
2026-09-13T15:24:44.7525694Z Updating files:  64% (9827/15354)
2026-09-13T15:24:44.7564293Z Updating files:  65% (9981/15354)
2026-09-13T15:24:44.7650367Z Updating files:  66% (10134/15354)
2026-09-13T15:24:44.7711720Z Updating files:  67% (10288/15354)
2026-09-13T15:24:44.8300502Z Updating files:  68% (10441/15354)
2026-09-13T15:24:44.8641294Z Updating files:  69% (10595/15354)
2026-09-13T15:24:44.8815334Z Updating files:  70% (10748/15354)
2026-09-13T15:24:44.9238484Z Updating files:  71% (10902/15354)
2026-09-13T15:24:44.9502359Z Updating files:  72% (11055/15354)
2026-09-13T15:24:44.9632132Z Updating files:  73% (11209/15354)
2026-09-13T15:24:44.9634846Z Updating files:  74% (11362/15354)
2026-09-13T15:24:45.0416307Z Updating files:  74% (11368/15354)
2026-09-13T15:24:45.0745320Z Updating files:  75% (11516/15354)
2026-09-13T15:24:45.0892409Z Updating files:  76% (11670/15354)
2026-09-13T15:24:45.1034756Z Updating files:  77% (11823/15354)
2026-09-13T15:24:45.1120686Z Updating files:  78% (11977/15354)
2026-09-13T15:24:45.1194125Z Updating files:  79% (12130/15354)
2026-09-13T15:24:45.1263158Z Updating files:  80% (12284/15354)
2026-09-13T15:24:45.1327675Z Updating files:  81% (12437/15354)
2026-09-13T15:24:45.1388534Z Updating files:  82% (12591/15354)
2026-09-13T15:24:45.1453507Z Updating files:  83% (12744/15354)
2026-09-13T15:24:45.1514980Z Updating files:  84% (12898/15354)
2026-09-13T15:24:45.1574899Z Updating files:  85% (13051/15354)
2026-09-13T15:24:45.1634018Z Updating files:  86% (13205/15354)
2026-09-13T15:24:45.1708003Z Updating files:  87% (13358/15354)
2026-09-13T15:24:45.1772673Z Updating files:  88% (13512/15354)
2026-09-13T15:24:45.1833644Z Updating files:  89% (13666/15354)
2026-09-13T15:24:45.1891516Z Updating files:  90% (13819/15354)
2026-09-13T15:24:45.1945395Z Updating files:  91% (13973/15354)
2026-09-13T15:24:45.1997145Z Updating files:  92% (14126/15354)
2026-09-13T15:24:45.2264321Z Updating files:  93% (14280/15354)
2026-09-13T15:24:45.2358171Z Updating files:  94% (14433/15354)
2026-09-13T15:24:45.4438467Z Updating files:  95% (14587/15354)
2026-09-13T15:24:45.4533327Z Updating files:  96% (14740/15354)
2026-09-13T15:24:45.4665206Z Updating files:  97% (14894/15354)
2026-09-13T15:24:45.4783913Z Updating files:  98% (15047/15354)
2026-09-13T15:24:45.4887243Z Updating files:  99% (15201/15354)
2026-09-13T15:24:45.4887724Z Updating files: 100% (15354/15354)
2026-09-13T15:24:45.4888196Z Updating files: 100% (15354/15354), done.
2026-09-13T15:24:45.5192274Z Switched to a new branch 'main'
2026-09-13T15:24:45.5198973Z branch 'main' set up to track 'origin/main'.
2026-09-13T15:24:45.5235173Z ##[endgroup]
2026-09-13T15:24:45.5273793Z [command]/usr/bin/git log -1 --format=%H
2026-09-13T15:24:45.5295829Z 2651e1e44dad067a6ff05b8c4a13f902fdb5dacf
2026-09-13T15:24:45.5513569Z ##[group]Run astral-sh/setup-uv@v10.0.1
2026-09-13T15:24:45.5513935Z with:
2026-09-13T15:24:45.5514186Z   python-version: 3.12
2026-09-13T15:24:45.5514433Z   enable-cache: true
2026-09-13T15:24:45.5514714Z   activate-environment: false
2026-09-13T15:24:45.5514985Z   no-project: false
2026-09-13T15:24:45.5515435Z   working-directory: /home/runner/work/embedding-optimizer-study/embedding-optimizer-study
2026-09-13T15:24:45.5517757Z   github-token: ***
2026-09-13T15:24:45.5518278Z   cache-dependency-glob: **/*requirements*.txt
**/*requirements*.in
**/*constraints*.txt
**/*constraints*.in
**/pyproject.toml
**/uv.lock
**/*.py.lock

2026-09-13T15:24:45.5518854Z   restore-cache: true
2026-09-13T15:24:45.5519123Z   save-cache: true
2026-09-13T15:24:45.5519363Z   prune-cache: false
2026-09-13T15:24:45.5519865Z   cache-python: false
2026-09-13T15:24:45.5520191Z   ignore-nothing-to-cache: false
2026-09-13T15:24:45.5520505Z   ignore-empty-workdir: false
2026-09-13T15:24:45.5520901Z   download-from-astral-mirror: true
2026-09-13T15:24:45.5521230Z   add-problem-matchers: true
2026-09-13T15:24:45.5521500Z   quiet: false
2026-09-13T15:24:45.5521749Z   resolution-strategy: highest
2026-09-13T15:24:45.5522025Z ##[endgroup]
2026-09-13T15:24:45.7000908Z Trying to find version for uv in: /home/runner/work/embedding-optimizer-study/embedding-optimizer-study/uv.toml
2026-09-13T15:24:45.7040859Z Could not find file: /home/runner/work/embedding-optimizer-study/embedding-optimizer-study/uv.toml
2026-09-13T15:24:45.7050874Z Trying to find version for uv in: /home/runner/work/embedding-optimizer-study/embedding-optimizer-study/pyproject.toml
2026-09-13T15:24:45.7060595Z Could not determine uv version from uv.toml or pyproject.toml. Falling back to latest.
2026-09-13T15:24:45.7081754Z Fetching manifest data from https://raw.githubusercontent.com/astral-sh/versions/main/v1/uv.ndjson ...
2026-09-13T15:24:45.7799283Z Downloading uv from "https://releases.astral.sh/github/uv/releases/download/0.12.13/uv-x86_64-unknown-linux-gnu.tar.gz" ...
2026-09-13T15:24:45.9933481Z [command]/usr/bin/tar xz --warning=no-unknown-keyword --overwrite -C /home/runner/work/_temp/3c3b8a7c-215b-4e6b-902b-5a8110bc46cf -f /home/runner/work/_temp/a4456a6c-140c-4282-978f-3b6925de85ca
2026-09-13T15:24:46.6950186Z Added /home/runner/.local/bin to the path
2026-09-13T15:24:46.6952738Z Added /opt/hostedtoolcache/uv/0.12.13/x86_64 to the path
2026-09-13T15:24:46.6953862Z Set UV_PYTHON_INSTALL_DIR to /home/runner/work/_temp/uv-python-dir
2026-09-13T15:24:46.6954505Z Added /home/runner/work/_temp/uv-python-dir to the path
2026-09-13T15:24:46.6955101Z Set UV_PYTHON to 3.12
2026-09-13T15:24:46.6978569Z Set UV_CACHE_DIR to /home/runner/work/_temp/setup-uv-cache
2026-09-13T15:24:46.6979017Z Successfully installed uv version 0.12.13
2026-09-13T15:24:46.6981123Z Searching files using cache dependency glob: /home/runner/work/embedding-optimizer-study/embedding-optimizer-study/**/*requirements*.txt,/home/runner/work/embedding-optimizer-study/embedding-optimizer-study/**/*requirements*.in,/home/runner/work/embedding-optimizer-study/embedding-optimizer-study/**/*constraints*.txt,/home/runner/work/embedding-optimizer-study/embedding-optimizer-study/**/*constraints*.in,/home/runner/work/embedding-optimizer-study/embedding-optimizer-study/**/pyproject.toml,/home/runner/work/embedding-optimizer-study/embedding-optimizer-study/**/uv.lock,/home/runner/work/embedding-optimizer-study/embedding-optimizer-study/**/*.py.lock
2026-09-13T15:24:46.7209375Z /home/runner/work/embedding-optimizer-study/embedding-optimizer-study/configs/formal_runtime_constraints.txt
2026-09-13T15:24:46.7323536Z /home/runner/work/embedding-optimizer-study/embedding-optimizer-study/pyproject.toml
2026-09-13T15:24:47.0022129Z /home/runner/work/embedding-optimizer-study/embedding-optimizer-study/reports/engineering-archive/dense-v3-current-paper-entry-v1/actual/before/pyproject.toml
2026-09-13T15:24:47.0093726Z /home/runner/work/embedding-optimizer-study/embedding-optimizer-study/reports/engineering-archive/dense-v3-current-paper-entry-v1/source-current/pyproject.toml
2026-09-13T15:24:47.0649332Z /home/runner/work/embedding-optimizer-study/embedding-optimizer-study/reports/engineering-archive/dense-v3-distribution-recovery-surface-v1/baseline/pyproject.toml
2026-09-13T15:24:47.0659008Z /home/runner/work/embedding-optimizer-study/embedding-optimizer-study/reports/engineering-archive/dense-v3-distribution-recovery-surface-v1/expanded/pyproject.toml
2026-09-13T15:24:47.1450528Z /home/runner/work/embedding-optimizer-study/embedding-optimizer-study/reports/engineering-archive/dense-v3-factorial-calibration-v1/actual/source-first/configs/formal_runtime_constraints.txt
2026-09-13T15:24:47.1464153Z /home/runner/work/embedding-optimizer-study/embedding-optimizer-study/reports/engineering-archive/dense-v3-factorial-calibration-v1/actual/source-first/requirements-formal-flash.txt
2026-09-13T15:24:47.1520629Z /home/runner/work/embedding-optimizer-study/embedding-optimizer-study/reports/engineering-archive/dense-v3-factorial-calibration-v1/actual/source-second/configs/formal_runtime_constraints.txt
2026-09-13T15:24:47.1534311Z /home/runner/work/embedding-optimizer-study/embedding-optimizer-study/reports/engineering-archive/dense-v3-factorial-calibration-v1/actual/source-second/requirements-formal-flash.txt
2026-09-13T15:24:47.1588163Z /home/runner/work/embedding-optimizer-study/embedding-optimizer-study/reports/engineering-archive/dense-v3-factorial-calibration-v1/actual/source-third/configs/formal_runtime_constraints.txt
2026-09-13T15:24:47.1599981Z /home/runner/work/embedding-optimizer-study/embedding-optimizer-study/reports/engineering-archive/dense-v3-factorial-calibration-v1/actual/source-third/requirements-formal-flash.txt
2026-09-13T15:24:47.1672290Z /home/runner/work/embedding-optimizer-study/embedding-optimizer-study/reports/engineering-archive/dense-v3-factorial-factory-v1/actual/source-first/configs/formal_runtime_constraints.txt
2026-09-13T15:24:47.1685195Z /home/runner/work/embedding-optimizer-study/embedding-optimizer-study/reports/engineering-archive/dense-v3-factorial-factory-v1/actual/source-first/requirements-formal-flash.txt
2026-09-13T15:24:47.2479841Z /home/runner/work/embedding-optimizer-study/embedding-optimizer-study/reports/engineering-archive/dense-v3-factorial-run-contract-v1/actual/source-fifth/configs/formal_runtime_constraints.txt
2026-09-13T15:24:47.2493473Z /home/runner/work/embedding-optimizer-study/embedding-optimizer-study/reports/engineering-archive/dense-v3-factorial-run-contract-v1/actual/source-fifth/requirements-formal-flash.txt
2026-09-13T15:24:47.2547030Z /home/runner/work/embedding-optimizer-study/embedding-optimizer-study/reports/engineering-archive/dense-v3-factorial-run-contract-v1/actual/source-first/configs/formal_runtime_constraints.txt
2026-09-13T15:24:47.2560233Z /home/runner/work/embedding-optimizer-study/embedding-optimizer-study/reports/engineering-archive/dense-v3-factorial-run-contract-v1/actual/source-first/requirements-formal-flash.txt
2026-09-13T15:24:47.2616328Z /home/runner/work/embedding-optimizer-study/embedding-optimizer-study/reports/engineering-archive/dense-v3-factorial-run-contract-v1/actual/source-fourth/configs/formal_runtime_constraints.txt
2026-09-13T15:24:47.2629129Z /home/runner/work/embedding-optimizer-study/embedding-optimizer-study/reports/engineering-archive/dense-v3-factorial-run-contract-v1/actual/source-fourth/requirements-formal-flash.txt
2026-09-13T15:24:47.2681180Z /home/runner/work/embedding-optimizer-study/embedding-optimizer-study/reports/engineering-archive/dense-v3-factorial-run-contract-v1/actual/source-second/configs/formal_runtime_constraints.txt
2026-09-13T15:24:47.2692256Z /home/runner/work/embedding-optimizer-study/embedding-optimizer-study/reports/engineering-archive/dense-v3-factorial-run-contract-v1/actual/source-second/requirements-formal-flash.txt
2026-09-13T15:24:47.2748588Z /home/runner/work/embedding-optimizer-study/embedding-optimizer-study/reports/engineering-archive/dense-v3-factorial-run-contract-v1/actual/source-third/configs/formal_runtime_constraints.txt
2026-09-13T15:24:47.2760061Z /home/runner/work/embedding-optimizer-study/embedding-optimizer-study/reports/engineering-archive/dense-v3-factorial-run-contract-v1/actual/source-third/requirements-formal-flash.txt
2026-09-13T15:24:47.2894643Z /home/runner/work/embedding-optimizer-study/embedding-optimizer-study/reports/engineering-archive/dense-v3-factorial-trainer-integration-v2/actual/source-first/configs/formal_runtime_constraints.txt
2026-09-13T15:24:47.2907384Z /home/runner/work/embedding-optimizer-study/embedding-optimizer-study/reports/engineering-archive/dense-v3-factorial-trainer-integration-v2/actual/source-first/requirements-formal-flash.txt
2026-09-13T15:24:47.2958744Z /home/runner/work/embedding-optimizer-study/embedding-optimizer-study/reports/engineering-archive/dense-v3-factorial-trainer-integration-v2/actual/source-gradient/configs/formal_runtime_constraints.txt
2026-09-13T15:24:47.2970688Z /home/runner/work/embedding-optimizer-study/embedding-optimizer-study/reports/engineering-archive/dense-v3-factorial-trainer-integration-v2/actual/source-gradient/requirements-formal-flash.txt
2026-09-13T15:24:47.3013372Z /home/runner/work/embedding-optimizer-study/embedding-optimizer-study/reports/engineering-archive/dense-v3-factorial-trainer-integration-v2/actual/source-second/configs/formal_runtime_constraints.txt
2026-09-13T15:24:47.3025092Z /home/runner/work/embedding-optimizer-study/embedding-optimizer-study/reports/engineering-archive/dense-v3-factorial-trainer-integration-v2/actual/source-second/requirements-formal-flash.txt
2026-09-13T15:24:47.3073816Z /home/runner/work/embedding-optimizer-study/embedding-optimizer-study/reports/engineering-archive/dense-v3-factorial-trainer-integration-v2/actual/source-third/configs/formal_runtime_constraints.txt
2026-09-13T15:24:47.3086864Z /home/runner/work/embedding-optimizer-study/embedding-optimizer-study/reports/engineering-archive/dense-v3-factorial-trainer-integration-v2/actual/source-third/requirements-formal-flash.txt
2026-09-13T15:24:47.3192895Z /home/runner/work/embedding-optimizer-study/embedding-optimizer-study/reports/engineering-archive/dense-v3-factorial-worker-v1/actual/source-final/configs/formal_runtime_constraints.txt
2026-09-13T15:24:47.3291666Z /home/runner/work/embedding-optimizer-study/embedding-optimizer-study/reports/engineering-archive/dense-v3-factorial-worker-v1/actual/source-final/requirements-formal-flash.txt
2026-09-13T15:24:47.5140358Z /home/runner/work/embedding-optimizer-study/embedding-optimizer-study/reports/engineering-archive/dense-v3-numerical-source-integration-v1/after/pyproject.toml
2026-09-13T15:24:47.5159795Z /home/runner/work/embedding-optimizer-study/embedding-optimizer-study/reports/engineering-archive/dense-v3-numerical-source-integration-v1/before/pyproject.toml
2026-09-13T15:24:47.5494608Z /home/runner/work/embedding-optimizer-study/embedding-optimizer-study/reports/engineering-archive/dense-v3-portable-factorial-checkpoint-v1/after/pyproject.toml
2026-09-13T15:24:47.5508092Z /home/runner/work/embedding-optimizer-study/embedding-optimizer-study/reports/engineering-archive/dense-v3-portable-factorial-checkpoint-v1/before/pyproject.toml
2026-09-13T15:24:47.5541866Z /home/runner/work/embedding-optimizer-study/embedding-optimizer-study/reports/engineering-archive/dense-v3-portable-handoff-v1/after/pyproject.toml
2026-09-13T15:24:47.5549956Z /home/runner/work/embedding-optimizer-study/embedding-optimizer-study/reports/engineering-archive/dense-v3-portable-handoff-v1/before/pyproject.toml
2026-09-13T15:24:47.5596543Z /home/runner/work/embedding-optimizer-study/embedding-optimizer-study/reports/engineering-archive/dense-v3-portable-input-roles-v1/after/pyproject.toml
2026-09-13T15:24:47.5673557Z /home/runner/work/embedding-optimizer-study/embedding-optimizer-study/reports/engineering-archive/dense-v3-portable-restore-v1/after/pyproject.toml
2026-09-13T15:24:47.5681783Z /home/runner/work/embedding-optimizer-study/embedding-optimizer-study/reports/engineering-archive/dense-v3-portable-restore-v1/before/pyproject.toml
2026-09-13T15:24:47.5815886Z /home/runner/work/embedding-optimizer-study/embedding-optimizer-study/reports/engineering-archive/dense-v3-primary-launch-v1/assembled-source/configs/formal_runtime_constraints.txt
2026-09-13T15:24:47.5827404Z /home/runner/work/embedding-optimizer-study/embedding-optimizer-study/reports/engineering-archive/dense-v3-primary-launch-v1/assembled-source/requirements-formal-flash.txt
2026-09-13T15:24:47.6895649Z /home/runner/work/embedding-optimizer-study/embedding-optimizer-study/reports/engineering-archive/dense-v3-release-transition-v1/actual/before/pyproject.toml
2026-09-13T15:24:47.7374021Z /home/runner/work/embedding-optimizer-study/embedding-optimizer-study/reports/engineering-archive/dense-v3-versioned-paper-reproduction-v1/source/pyproject.toml
2026-09-13T15:24:47.8277262Z /home/runner/work/embedding-optimizer-study/embedding-optimizer-study/requirements-ci-flash-wheel.txt
2026-09-13T15:24:47.8283280Z /home/runner/work/embedding-optimizer-study/embedding-optimizer-study/requirements-formal-flash.txt
2026-09-13T15:24:48.1192623Z /home/runner/work/embedding-optimizer-study/embedding-optimizer-study/uv.lock
2026-09-13T15:24:48.1208829Z Found 50 files to hash.
2026-09-13T15:24:48.1261948Z Trying to restore cache from GitHub Actions cache with key: setup-uv-2-x86_64-unknown-linux-gnu-ubuntu-24.04-3.12-5630604a541e95390f283344bf9fd74b5feda216ff86c86210d075fc626b3c6e
2026-09-13T15:24:48.3191448Z No GitHub Actions cache found for key: setup-uv-2-x86_64-unknown-linux-gnu-ubuntu-24.04-3.12-5630604a541e95390f283344bf9fd74b5feda216ff86c86210d075fc626b3c6e
2026-09-13T15:24:48.4303181Z ##[group]Run uv sync --extra dev --extra eval --extra analysis
2026-09-13T15:24:48.4303783Z [36;1muv sync --extra dev --extra eval --extra analysis[0m
2026-09-13T15:24:48.4332093Z shell: /usr/bin/bash -e {0}
2026-09-13T15:24:48.4332407Z env:
2026-09-13T15:24:48.4333070Z   UV_PYTHON_INSTALL_DIR: /home/runner/work/_temp/uv-python-dir
2026-09-13T15:24:48.4333439Z   UV_PYTHON: 3.12
2026-09-13T15:24:48.4333733Z   UV_CACHE_DIR: /home/runner/work/_temp/setup-uv-cache
2026-09-13T15:24:48.4334261Z ##[endgroup]
2026-09-13T15:24:48.5368850Z Using CPython 3.12.3 interpreter at: /usr/bin/python3.12
2026-09-13T15:24:48.5369486Z Creating virtual environment at: .venv
2026-09-13T15:24:48.5412650Z Resolved 135 packages in 1ms
2026-09-13T15:24:48.6035045Z    Building embedding-optimizer-study @ file:///home/runner/work/embedding-optimizer-study/embedding-optimizer-study
2026-09-13T15:24:48.6242514Z Downloading pandas (10.5MiB)
2026-09-13T15:24:48.6243045Z Downloading pillow (6.6MiB)
2026-09-13T15:24:48.6244051Z Downloading sympy (6.0MiB)
2026-09-13T15:24:48.6251696Z Downloading hf-xet (4.3MiB)
2026-09-13T15:24:48.6252893Z Downloading pydantic-core (2.0MiB)
2026-09-13T15:24:48.6253375Z Downloading networkx (2.0MiB)
2026-09-13T15:24:48.6253846Z Downloading aiohttp (1.7MiB)
2026-09-13T15:24:48.6254377Z Downloading setuptools (1.0MiB)
2026-09-13T15:24:48.6258207Z Downloading pyarrow (45.4MiB)
2026-09-13T15:24:48.6423435Z Downloading fonttools (4.8MiB)
2026-09-13T15:24:48.6424549Z Downloading kiwisolver (1.4MiB)
2026-09-13T15:24:48.6425343Z Downloading nvidia-cudnn-cu12 (674.0MiB)
2026-09-13T15:24:48.6426467Z Downloading usearch (2.3MiB)
2026-09-13T15:24:48.6428135Z Downloading nvidia-cusparselt-cu12 (273.9MiB)
2026-09-13T15:24:48.6428576Z Downloading tokenizers (3.1MiB)
2026-09-13T15:24:48.6429347Z Downloading nvidia-nccl-cu12 (307.4MiB)
2026-09-13T15:24:48.6430882Z Downloading nvidia-cufft-cu12 (184.2MiB)
2026-09-13T15:24:48.6431916Z Downloading nvidia-cuda-cupti-cu12 (9.8MiB)
2026-09-13T15:24:48.6432695Z Downloading nvidia-cublas-cu12 (566.8MiB)
2026-09-13T15:24:48.6433616Z Downloading nvidia-cufile-cu12 (1.1MiB)
2026-09-13T15:24:48.6434850Z Downloading nvidia-cusolver-cu12 (255.1MiB)
2026-09-13T15:24:48.6435438Z Downloading nvidia-nvjitlink-cu12 (37.4MiB)
2026-09-13T15:24:48.6436476Z Downloading nvidia-curand-cu12 (60.7MiB)
2026-09-13T15:24:48.6437253Z Downloading polars-runtime-32 (54.6MiB)
2026-09-13T15:24:48.6438874Z Downloading triton (162.6MiB)
2026-09-13T15:24:48.6439957Z Downloading transformers (10.2MiB)
2026-09-13T15:24:48.6440695Z Downloading scipy (33.7MiB)
2026-09-13T15:24:48.6441511Z Downloading numkong (10.0MiB)
2026-09-13T15:24:48.6442490Z Downloading nvidia-nvshmem-cu12 (118.9MiB)
2026-09-13T15:24:48.6443170Z Downloading scikit-learn (8.7MiB)
2026-09-13T15:24:48.6444062Z Downloading pygments (1.2MiB)
2026-09-13T15:24:48.6444997Z Downloading nvidia-cusparse-cu12 (274.9MiB)
2026-09-13T15:24:48.6446213Z Downloading ruff (10.5MiB)
2026-09-13T15:24:48.6449287Z Downloading wandb (28.3MiB)
2026-09-13T15:24:48.6450586Z Downloading torch (858.1MiB)
2026-09-13T15:24:48.6451574Z Downloading numpy (15.9MiB)
2026-09-13T15:24:48.6452509Z Downloading matplotlib (9.6MiB)
2026-09-13T15:24:48.6454880Z Downloading nvidia-cuda-nvrtc-cu12 (84.0MiB)
2026-09-13T15:24:48.7038080Z Downloading fast-plaid (2.0MiB)
2026-09-13T15:24:48.7162977Z Downloading mteb (5.9MiB)
2026-09-13T15:24:49.2081157Z  Downloaded setuptools
2026-09-13T15:24:49.2340396Z  Downloaded nvidia-cufile-cu12
2026-09-13T15:24:49.2400377Z  Downloaded pygments
2026-09-13T15:24:49.2678805Z  Downloaded kiwisolver
2026-09-13T15:24:49.3273438Z  Downloaded aiohttp
2026-09-13T15:24:49.3758222Z  Downloaded pydantic-core
2026-09-13T15:24:49.3767135Z  Downloaded networkx
2026-09-13T15:24:49.3977243Z  Downloaded usearch
2026-09-13T15:24:49.4116100Z  Downloaded fast-plaid
2026-09-13T15:24:49.6283194Z  Downloaded tokenizers
2026-09-13T15:24:49.6878755Z    Building docopt==0.6.2
2026-09-13T15:24:49.8257274Z  Downloaded hf-xet
2026-09-13T15:24:49.9428547Z  Downloaded fonttools
2026-09-13T15:24:50.1391103Z  Downloaded sympy
2026-09-13T15:24:50.1897305Z  Downloaded pillow
2026-09-13T15:24:50.3594955Z  Downloaded mteb
2026-09-13T15:24:50.3951464Z  Downloaded scikit-learn
2026-09-13T15:24:50.4920688Z  Downloaded matplotlib
2026-09-13T15:24:50.5056888Z  Downloaded nvidia-cuda-cupti-cu12
2026-09-13T15:24:50.5088556Z  Downloaded numkong
2026-09-13T15:24:50.5147094Z  Downloaded transformers
2026-09-13T15:24:50.6650951Z  Downloaded pandas
2026-09-13T15:24:50.6651657Z  Downloaded ruff
2026-09-13T15:24:51.3288972Z  Downloaded numpy
2026-09-13T15:24:51.9713699Z       Built docopt==0.6.2
2026-09-13T15:24:52.0401284Z  Downloaded wandb
2026-09-13T15:24:52.2540499Z       Built embedding-optimizer-study @ file:///home/runner/work/embedding-optimizer-study/embedding-optimizer-study
2026-09-13T15:24:52.2724342Z  Downloaded scipy
2026-09-13T15:24:52.4400064Z  Downloaded nvidia-nvjitlink-cu12
2026-09-13T15:24:52.7340352Z  Downloaded pyarrow
2026-09-13T15:24:53.2790665Z  Downloaded nvidia-curand-cu12
2026-09-13T15:24:54.4974834Z  Downloaded polars-runtime-32
2026-09-13T15:24:57.4870485Z  Downloaded nvidia-cuda-nvrtc-cu12
2026-09-13T15:25:00.4772377Z  Downloaded nvidia-nvshmem-cu12
2026-09-13T15:25:05.2758181Z  Downloaded nvidia-cufft-cu12
2026-09-13T15:25:09.3895586Z  Downloaded triton
2026-09-13T15:25:09.9074943Z  Downloaded nvidia-cusolver-cu12
2026-09-13T15:25:10.4177185Z  Downloaded nvidia-cusparse-cu12
2026-09-13T15:25:10.5957474Z  Downloaded nvidia-cusparselt-cu12
2026-09-13T15:25:12.2207195Z  Downloaded nvidia-nccl-cu12
2026-09-13T15:25:18.4803458Z  Downloaded nvidia-cublas-cu12
2026-09-13T15:25:20.7517263Z  Downloaded nvidia-cudnn-cu12
2026-09-13T15:25:22.9891917Z  Downloaded torch
2026-09-13T15:25:23.0958156Z Prepared 118 packages in 34.55s
2026-09-13T15:25:25.7931203Z Installed 118 packages in 2.69s
2026-09-13T15:25:25.7932005Z  + accelerate==1.14.0
2026-09-13T15:25:25.7940595Z  + aiohappyeyeballs==2.7.1
2026-09-13T15:25:25.7950490Z  + aiohttp==3.14.3
2026-09-13T15:25:25.7970770Z  + aiosignal==1.4.0
2026-09-13T15:25:25.7971275Z  + annotated-doc==0.0.5
2026-09-13T15:25:25.7971609Z  + annotated-types==0.8.0
2026-09-13T15:25:25.7971903Z  + anyio==4.14.2
2026-09-13T15:25:25.7972741Z  + attrs==26.1.0
2026-09-13T15:25:25.7973039Z  + certifi==2026.7.22
2026-09-13T15:25:25.7973318Z  + cffconvert==2.0.0
2026-09-13T15:25:25.7973608Z  + charset-normalizer==3.5.1
2026-09-13T15:25:25.7973897Z  + click==8.4.2
2026-09-13T15:25:25.7974180Z  + contourpy==1.3.3
2026-09-13T15:25:25.7974483Z  + coverage==7.15.4
2026-09-13T15:25:25.7974740Z  + cycler==0.12.1
2026-09-13T15:25:25.7974992Z  + datasets==4.8.5
2026-09-13T15:25:25.7975239Z  + dill==0.4.1
2026-09-13T15:25:25.7975490Z  + docopt==0.6.2
2026-09-13T15:25:25.7976009Z  + embedding-optimizer-study==0.1.0 (from file:///home/runner/work/embedding-optimizer-study/embedding-optimizer-study)
2026-09-13T15:25:25.7976502Z  + fast-plaid==1.6.0.290
2026-09-13T15:25:25.7976792Z  + fastkmeans==0.5.0
2026-09-13T15:25:25.7977037Z  + filelock==3.32.3
2026-09-13T15:25:25.7977359Z  + fonttools==4.63.0
2026-09-13T15:25:25.7977602Z  + frozenlist==1.8.0
2026-09-13T15:25:25.7977828Z  + fsspec==2026.2.0
2026-09-13T15:25:25.7978093Z  + h11==0.16.0
2026-09-13T15:25:25.7978329Z  + hf-xet==1.6.0
2026-09-13T15:25:25.7978570Z  + httpcore==1.0.9
2026-09-13T15:25:25.7978840Z  + httpx==0.28.1
2026-09-13T15:25:25.7979091Z  + huggingface-hub==1.27.0
2026-09-13T15:25:25.7979379Z  + idna==3.18
2026-09-13T15:25:25.7979816Z  + iniconfig==2.3.0
2026-09-13T15:25:25.7980152Z  + jinja2==3.1.6
2026-09-13T15:25:25.7980503Z  + joblib==1.5.3
2026-09-13T15:25:25.7980816Z  + jsonschema==3.2.0
2026-09-13T15:25:25.7981165Z  + kiwisolver==1.5.0
2026-09-13T15:25:25.7981510Z  + late-interaction-kernels==0.4.5
2026-09-13T15:25:25.7981879Z  + markdown-it-py==4.2.0
2026-09-13T15:25:25.7982263Z  + markupsafe==3.0.3
2026-09-13T15:25:25.7982517Z  + matplotlib==3.11.1
2026-09-13T15:25:25.7982766Z  + mdurl==0.1.2
2026-09-13T15:25:25.7983017Z  + mpmath==1.3.0
2026-09-13T15:25:25.7983254Z  + mteb==2.19.3
2026-09-13T15:25:25.7983804Z  + multidict==6.7.1
2026-09-13T15:25:25.7984070Z  + multiprocess==0.70.19
2026-09-13T15:25:25.7984330Z  + narwhals==2.24.0
2026-09-13T15:25:25.7984585Z  + networkx==3.6.1
2026-09-13T15:25:25.7984864Z  + ninja==1.11.1.4
2026-09-13T15:25:25.7985119Z  + numkong==7.8.0
2026-09-13T15:25:25.7985367Z  + numpy==2.5.2
2026-09-13T15:25:25.7985607Z  + nvidia-cublas-cu12==12.8.4.1
2026-09-13T15:25:25.7985923Z  + nvidia-cuda-cupti-cu12==12.8.90
2026-09-13T15:25:25.7986276Z  + nvidia-cuda-nvrtc-cu12==12.8.93
2026-09-13T15:25:25.7986695Z  + nvidia-cuda-runtime-cu12==12.8.90
2026-09-13T15:25:25.7986980Z  + nvidia-cudnn-cu12==9.10.2.21
2026-09-13T15:25:25.7987239Z  + nvidia-cufft-cu12==11.3.3.83
2026-09-13T15:25:25.7987537Z  + nvidia-cufile-cu12==1.13.1.3
2026-09-13T15:25:25.7987836Z  + nvidia-curand-cu12==10.3.9.90
2026-09-13T15:25:25.7988119Z  + nvidia-cusolver-cu12==11.7.3.90
2026-09-13T15:25:25.7988417Z  + nvidia-cusparse-cu12==12.5.8.93
2026-09-13T15:25:25.7988704Z  + nvidia-cusparselt-cu12==0.7.1
2026-09-13T15:25:25.7989003Z  + nvidia-nccl-cu12==2.27.5
2026-09-13T15:25:25.7989331Z  + nvidia-nvjitlink-cu12==12.8.93
2026-09-13T15:25:25.7989963Z  + nvidia-nvshmem-cu12==3.3.20
2026-09-13T15:25:25.7990432Z  + nvidia-nvtx-cu12==12.8.90
2026-09-13T15:25:25.7990752Z  + opentelemetry-api==1.44.0
2026-09-13T15:25:25.7991051Z  + packaging==26.3
2026-09-13T15:25:25.7991330Z  + pandas==3.0.5
2026-09-13T15:25:25.7991625Z  + pillow==12.3.0
2026-09-13T15:25:25.7991898Z  + platformdirs==4.11.3
2026-09-13T15:25:25.7992222Z  + pluggy==1.6.0
2026-09-13T15:25:25.7992495Z  + polars==1.43.2
2026-09-13T15:25:25.7992777Z  + polars-runtime-32==1.43.2
2026-09-13T15:25:25.7993044Z  + propcache==0.5.2
2026-09-13T15:25:25.7993322Z  + protobuf==7.35.1
2026-09-13T15:25:25.7993579Z  + psutil==7.2.2
2026-09-13T15:25:25.7993828Z  + pyarrow==23.0.1
2026-09-13T15:25:25.7994112Z  + pydantic==2.13.4
2026-09-13T15:25:25.7994375Z  + pydantic-core==2.46.4
2026-09-13T15:25:25.7994937Z  + pygments==2.20.0
2026-09-13T15:25:25.7995345Z  + pykwalify==1.8.0
2026-09-13T15:25:25.7995712Z  + pylate==1.6.0
2026-09-13T15:25:25.7996091Z  + pyparsing==3.3.2
2026-09-13T15:25:25.7996432Z  + pyrsistent==0.20.0
2026-09-13T15:25:25.7996792Z  + pytest==9.1.1
2026-09-13T15:25:25.7997105Z  + pytest-cov==7.1.0
2026-09-13T15:25:25.7997406Z  + python-dateutil==2.9.0.post0
2026-09-13T15:25:25.7997755Z  + pytrec-eval-terrier==0.5.10
2026-09-13T15:25:25.7998033Z  + pyyaml==6.0.3
2026-09-13T15:25:25.7998338Z  + regex==2026.7.19
2026-09-13T15:25:25.7998584Z  + requests==2.34.2
2026-09-13T15:25:25.7998824Z  + rich==15.0.0
2026-09-13T15:25:25.7999124Z  + ruamel-yaml==0.19.1
2026-09-13T15:25:25.7999383Z  + ruff==0.16.3
2026-09-13T15:25:25.7999806Z  + safetensors==0.8.0
2026-09-13T15:25:25.8000090Z  + scikit-learn==1.9.0
2026-09-13T15:25:25.8000350Z  + scipy==1.18.0
2026-09-13T15:25:25.8000645Z  + sentence-transformers==5.7.0
2026-09-13T15:25:25.8000927Z  + sentry-sdk==2.68.0
2026-09-13T15:25:25.8001215Z  + setuptools==81.0.0
2026-09-13T15:25:25.8001555Z  + shellingham==1.5.4
2026-09-13T15:25:25.8001811Z  + six==1.17.0
2026-09-13T15:25:25.8002087Z  + sympy==1.14.0
2026-09-13T15:25:25.8002342Z  + threadpoolctl==3.6.0
2026-09-13T15:25:25.8002588Z  + tokenizers==0.22.2
2026-09-13T15:25:25.8002860Z  + torch==2.9.0
2026-09-13T15:25:25.8003095Z  + tqdm==4.70.0
2026-09-13T15:25:25.8003360Z  + transformers==5.3.0
2026-09-13T15:25:25.8003620Z  + triton==3.5.0
2026-09-13T15:25:25.8003875Z  + typer==0.27.1
2026-09-13T15:25:25.8004156Z  + typing-extensions==4.16.0
2026-09-13T15:25:25.8004441Z  + typing-inspection==0.4.4
2026-09-13T15:25:25.8004741Z  + ujson==5.12.0
2026-09-13T15:25:25.8004991Z  + urllib3==2.7.0
2026-09-13T15:25:25.8005237Z  + usearch==2.26.0
2026-09-13T15:25:25.8005491Z  + wandb==0.28.2
2026-09-13T15:25:25.8005727Z  + xxhash==4.0.0
2026-09-13T15:25:25.8005971Z  + yarl==1.24.5
2026-09-13T15:25:25.8090779Z ##[group]Run sudo apt-get update && sudo apt-get install -y latexmk texlive-latex-extra texlive-fonts-recommended poppler-utils
2026-09-13T15:25:25.8091547Z [36;1msudo apt-get update && sudo apt-get install -y latexmk texlive-latex-extra texlive-fonts-recommended poppler-utils[0m
2026-09-13T15:25:25.8112784Z shell: /usr/bin/bash -e {0}
2026-09-13T15:25:25.8113067Z env:
2026-09-13T15:25:25.8113435Z   UV_PYTHON_INSTALL_DIR: /home/runner/work/_temp/uv-python-dir
2026-09-13T15:25:25.8113791Z   UV_PYTHON: 3.12
2026-09-13T15:25:25.8114114Z   UV_CACHE_DIR: /home/runner/work/_temp/setup-uv-cache
2026-09-13T15:25:25.8114475Z ##[endgroup]
2026-09-13T15:25:26.0390929Z Get:1 file:/etc/apt/apt-mirrors.txt Mirrorlist [144 B]
2026-09-13T15:25:26.1121505Z Hit:2 http://azure.archive.ubuntu.com/ubuntu noble InRelease
2026-09-13T15:25:26.1130738Z Get:6 https://packages.microsoft.com/ubuntu/24.04/prod noble InRelease [3600 B]
2026-09-13T15:25:26.1181626Z Get:3 http://azure.archive.ubuntu.com/ubuntu noble-updates InRelease [126 kB]
2026-09-13T15:25:26.1306911Z Get:4 http://azure.archive.ubuntu.com/ubuntu noble-backports InRelease [126 kB]
2026-09-13T15:25:26.1461050Z Get:7 https://dl.google.com/linux/chrome-stable/deb stable InRelease [2548 B]
2026-09-13T15:25:26.2433878Z Get:5 http://azure.archive.ubuntu.com/ubuntu noble-security InRelease [126 kB]
2026-09-13T15:25:26.2533821Z Get:8 https://packages.microsoft.com/ubuntu/24.04/prod noble/main arm64 Packages [414 kB]
2026-09-13T15:25:26.2856968Z Get:9 http://azure.archive.ubuntu.com/ubuntu noble-updates/main amd64 Packages [1263 kB]
2026-09-13T15:25:26.3620407Z Get:10 http://azure.archive.ubuntu.com/ubuntu noble-updates/main Translation-en [292 kB]
2026-09-13T15:25:26.3654540Z Get:19 https://packages.microsoft.com/ubuntu/24.04/prod noble/main amd64 Packages [463 kB]
2026-09-13T15:25:26.3693374Z Get:11 http://azure.archive.ubuntu.com/ubuntu noble-updates/main amd64 Components [181 kB]
2026-09-13T15:25:26.4287756Z Get:12 http://azure.archive.ubuntu.com/ubuntu noble-updates/universe amd64 Packages [1690 kB]
2026-09-13T15:25:26.4433896Z Get:27 https://dl.google.com/linux/chrome-stable/deb stable/main amd64 Packages [1408 B]
2026-09-13T15:25:26.4862051Z Get:13 http://azure.archive.ubuntu.com/ubuntu noble-updates/universe amd64 Components [388 kB]
2026-09-13T15:25:26.5461412Z Get:14 http://azure.archive.ubuntu.com/ubuntu noble-updates/restricted amd64 Packages [1544 kB]
2026-09-13T15:25:26.7242554Z Get:15 http://azure.archive.ubuntu.com/ubuntu noble-updates/restricted Translation-en [354 kB]
2026-09-13T15:25:26.7822051Z Get:16 http://azure.archive.ubuntu.com/ubuntu noble-updates/multiverse amd64 Components [940 B]
2026-09-13T15:25:26.8534069Z Get:17 http://azure.archive.ubuntu.com/ubuntu noble-backports/main amd64 Components [5772 B]
2026-09-13T15:25:26.8567024Z Get:18 http://azure.archive.ubuntu.com/ubuntu noble-backports/universe amd64 Components [12.6 kB]
2026-09-13T15:25:26.9018366Z Get:20 http://azure.archive.ubuntu.com/ubuntu noble-security/main amd64 Packages [1006 kB]
2026-09-13T15:25:26.9120812Z Get:21 http://azure.archive.ubuntu.com/ubuntu noble-security/main Translation-en [213 kB]
2026-09-13T15:25:26.9159236Z Get:22 http://azure.archive.ubuntu.com/ubuntu noble-security/main amd64 Components [46.4 kB]
2026-09-13T15:25:26.9210074Z Get:23 http://azure.archive.ubuntu.com/ubuntu noble-security/universe amd64 Packages [1206 kB]
2026-09-13T15:25:26.9430967Z Get:24 http://azure.archive.ubuntu.com/ubuntu noble-security/universe amd64 Components [76.3 kB]
2026-09-13T15:25:26.9524298Z Get:25 http://azure.archive.ubuntu.com/ubuntu noble-security/restricted amd64 Packages [1445 kB]
2026-09-13T15:25:26.9729901Z Get:26 http://azure.archive.ubuntu.com/ubuntu noble-security/restricted Translation-en [336 kB]
2026-09-13T15:25:31.6014800Z Fetched 11.3 MB in 1s (8752 kB/s)
2026-09-13T15:25:32.3338312Z Reading package lists...
2026-09-13T15:25:32.3628300Z Reading package lists...
2026-09-13T15:25:32.4964144Z Building dependency tree...
2026-09-13T15:25:32.4971127Z Reading state information...
2026-09-13T15:25:32.6438432Z The following additional packages will be installed:
2026-09-13T15:25:32.6439262Z   ca-certificates-java cups-bsd cups-client cups-common default-jre
2026-09-13T15:25:32.6440510Z   default-jre-headless dvisvgm fonts-droid-fallback fonts-lmodern
2026-09-13T15:25:32.6441301Z   fonts-noto-mono fonts-texgyre fonts-texgyre-math fonts-urw-base35
2026-09-13T15:25:32.6441963Z   ghostscript gv libapache-pom-java libatk-wrapper-java
2026-09-13T15:25:32.6442740Z   libatk-wrapper-java-jni libbit-vector-perl libcarp-clan-perl
2026-09-13T15:25:32.6443465Z   libcommons-logging-java libcommons-parent-java libcrypt-rc4-perl
2026-09-13T15:25:32.6444192Z   libdate-calc-perl libdate-calc-xs-perl libdate-manip-perl
2026-09-13T15:25:32.6445394Z   libdigest-perl-md5-perl libfontbox-java libgif7 libgs-common libgs10
2026-09-13T15:25:32.6446187Z   libgs10-common libgumbo2 libidn12 libijs-0.35 libio-stringy-perl
2026-09-13T15:25:32.6447054Z   libjbig2dec0 libjcode-pm-perl libkpathsea6 libmotif-common libmujs3
2026-09-13T15:25:32.6447822Z   libole-storage-lite-perl libpaper-utils libpaper1 libparse-recdescent-perl
2026-09-13T15:25:32.6448646Z   libpcsclite1 libpdfbox-java libpoppler134 libpotrace0 libptexenc1
2026-09-13T15:25:32.6449482Z   libspreadsheet-parseexcel-perl libspreadsheet-writeexcel-perl libsynctex2
2026-09-13T15:25:32.6450570Z   libteckit0 libtexlua53-5 libunicode-map-perl libwoff1 libxcb-shape0 libxm4
2026-09-13T15:25:32.6451553Z   libxv1 libxxf86dga1 libzzip-0-13t64 lmodern mupdf-tools openjdk-21-jre
2026-09-13T15:25:32.6452439Z   openjdk-21-jre-headless poppler-data preview-latex-style t1utils tex-gyre
2026-09-13T15:25:32.6453465Z   texlive-base texlive-binaries texlive-latex-base texlive-latex-recommended
2026-09-13T15:25:32.6454488Z   texlive-pictures texlive-plain-generic tipa x11-utils xaw3dg
2026-09-13T15:25:32.6455221Z   xfonts-encodings xfonts-utils xpdf
2026-09-13T15:25:32.6458575Z Suggested packages:
2026-09-13T15:25:32.6459076Z   cups inetutils-inetd | inet-superserver update-inetd smbclient fonts-noto
2026-09-13T15:25:32.6459531Z   fonts-freefont-otf | fonts-freefont-ttf libavalon-framework-java
2026-09-13T15:25:32.6460227Z   libexcalibur-logkit-java liblog4j1.2-java pcscd libwww-perl libnss-mdns
2026-09-13T15:25:32.6460745Z   fonts-ipafont-gothic fonts-ipafont-mincho fonts-wqy-microhei
2026-09-13T15:25:32.6461358Z   | fonts-wqy-zenhei fonts-indic fonts-japanese-mincho | fonts-ipafont-mincho
2026-09-13T15:25:32.6461832Z   fonts-japanese-gothic | fonts-ipafont-gothic fonts-arphic-ukai
2026-09-13T15:25:32.6462286Z   fonts-arphic-uming fonts-nanum perl-tk xzdec texlive-binaries-sse2 hintview
2026-09-13T15:25:32.6462819Z   texlive-fonts-recommended-doc texlive-latex-base-doc wp2latex icc-profiles
2026-09-13T15:25:32.6463382Z   libfile-which-perl texlive-latex-extra-doc texlive-science
2026-09-13T15:25:32.6463847Z   texlive-latex-recommended-doc texlive-luatex texlive-pstricks dot2tex prerex
2026-09-13T15:25:32.6464300Z   texlive-pictures-doc vprerex tipa-doc mesa-utils
2026-09-13T15:25:32.6464661Z Recommended packages:
2026-09-13T15:25:32.6464940Z   luit
2026-09-13T15:25:32.6747239Z The following NEW packages will be installed:
2026-09-13T15:25:32.6747931Z   ca-certificates-java cups-bsd cups-client cups-common default-jre
2026-09-13T15:25:32.6748622Z   default-jre-headless dvisvgm fonts-droid-fallback fonts-lmodern
2026-09-13T15:25:32.6749243Z   fonts-noto-mono fonts-texgyre fonts-texgyre-math fonts-urw-base35
2026-09-13T15:25:32.6750198Z   ghostscript gv latexmk libapache-pom-java libatk-wrapper-java
2026-09-13T15:25:32.6751004Z   libatk-wrapper-java-jni libbit-vector-perl libcarp-clan-perl
2026-09-13T15:25:32.6751742Z   libcommons-logging-java libcommons-parent-java libcrypt-rc4-perl
2026-09-13T15:25:32.6752420Z   libdate-calc-perl libdate-calc-xs-perl libdate-manip-perl
2026-09-13T15:25:32.6753072Z   libdigest-perl-md5-perl libfontbox-java libgif7 libgs-common libgs10
2026-09-13T15:25:32.6753794Z   libgs10-common libgumbo2 libidn12 libijs-0.35 libio-stringy-perl
2026-09-13T15:25:32.6754754Z   libjbig2dec0 libjcode-pm-perl libkpathsea6 libmotif-common libmujs3
2026-09-13T15:25:32.6755516Z   libole-storage-lite-perl libpaper-utils libpaper1 libparse-recdescent-perl
2026-09-13T15:25:32.6756337Z   libpcsclite1 libpdfbox-java libpoppler134 libpotrace0 libptexenc1
2026-09-13T15:25:32.6757104Z   libspreadsheet-parseexcel-perl libspreadsheet-writeexcel-perl libsynctex2
2026-09-13T15:25:32.6758091Z   libteckit0 libtexlua53-5 libunicode-map-perl libwoff1 libxcb-shape0 libxm4
2026-09-13T15:25:32.6758923Z   libxv1 libxxf86dga1 libzzip-0-13t64 lmodern mupdf-tools openjdk-21-jre
2026-09-13T15:25:32.6759959Z   openjdk-21-jre-headless poppler-data poppler-utils preview-latex-style
2026-09-13T15:25:32.6761026Z   t1utils tex-gyre texlive-base texlive-binaries texlive-fonts-recommended
2026-09-13T15:25:32.6761810Z   texlive-latex-base texlive-latex-extra texlive-latex-recommended
2026-09-13T15:25:32.6762652Z   texlive-pictures texlive-plain-generic tipa x11-utils xaw3dg
2026-09-13T15:25:32.6763264Z   xfonts-encodings xfonts-utils xpdf
2026-09-13T15:25:32.6917004Z 0 upgraded, 86 newly installed, 0 to remove and 50 not upgraded.
2026-09-13T15:25:32.6917674Z Need to get 276 MB of archives.
2026-09-13T15:25:32.6918268Z After this operation, 873 MB of additional disk space will be used.
2026-09-13T15:25:32.6918979Z Get:1 file:/etc/apt/apt-mirrors.txt Mirrorlist [144 B]
2026-09-13T15:25:32.7739356Z Get:2 http://azure.archive.ubuntu.com/ubuntu noble/main amd64 fonts-droid-fallback all 1:6.0.1r16-1.1build1 [1805 kB]
2026-09-13T15:25:32.8326140Z Get:3 http://azure.archive.ubuntu.com/ubuntu noble/universe amd64 libmotif-common all 2.3.8-3.1build1 [10.1 kB]
2026-09-13T15:25:32.8790228Z Get:4 http://azure.archive.ubuntu.com/ubuntu noble/universe amd64 libxm4 amd64 2.3.8-3.1build1 [1091 kB]
2026-09-13T15:25:32.9312155Z Get:5 http://azure.archive.ubuntu.com/ubuntu noble/main amd64 poppler-data all 0.4.12-1 [2060 kB]
2026-09-13T15:25:32.9882030Z Get:6 http://azure.archive.ubuntu.com/ubuntu noble/main amd64 ca-certificates-java all 20240118 [11.6 kB]
2026-09-13T15:25:33.0344662Z Get:7 http://azure.archive.ubuntu.com/ubuntu noble-updates/main amd64 cups-common all 2.4.7-1.2ubuntu7.14 [264 kB]
2026-09-13T15:25:33.0823017Z Get:8 http://azure.archive.ubuntu.com/ubuntu noble-updates/main amd64 cups-client amd64 2.4.7-1.2ubuntu7.14 [154 kB]
2026-09-13T15:25:33.1295821Z Get:9 http://azure.archive.ubuntu.com/ubuntu noble/main amd64 libpcsclite1 amd64 2.0.3-1build1 [21.4 kB]
2026-09-13T15:25:33.1759935Z Get:10 http://azure.archive.ubuntu.com/ubuntu noble-updates/main amd64 openjdk-21-jre-headless amd64 21.0.12+8-1~24.04 [46.5 MB]
2026-09-13T15:25:34.0153748Z Get:11 http://azure.archive.ubuntu.com/ubuntu noble/main amd64 default-jre-headless amd64 2:1.21-75+exp1 [3094 B]
2026-09-13T15:25:34.0614446Z Get:12 http://azure.archive.ubuntu.com/ubuntu noble-updates/main amd64 libgif7 amd64 5.2.2-1ubuntu1.2 [35.6 kB]
2026-09-13T15:25:34.1247443Z Get:13 http://azure.archive.ubuntu.com/ubuntu noble-updates/main amd64 openjdk-21-jre amd64 21.0.12+8-1~24.04 [233 kB]
2026-09-13T15:25:34.2720543Z Get:14 http://azure.archive.ubuntu.com/ubuntu noble/main amd64 default-jre amd64 2:1.21-75+exp1 [922 B]
2026-09-13T15:25:34.3176068Z Get:15 http://azure.archive.ubuntu.com/ubuntu noble/main amd64 xfonts-encodings all 1:1.0.5-0ubuntu2 [578 kB]
2026-09-13T15:25:34.4436204Z Get:16 http://azure.archive.ubuntu.com/ubuntu noble/main amd64 xfonts-utils amd64 1:7.7+6build3 [94.4 kB]
2026-09-13T15:25:34.4937831Z Get:17 http://azure.archive.ubuntu.com/ubuntu noble/main amd64 fonts-urw-base35 all 20200910-8 [11.0 MB]
2026-09-13T15:25:34.6836821Z Get:18 http://azure.archive.ubuntu.com/ubuntu noble-updates/main amd64 libgs-common all 10.02.1~dfsg1-0ubuntu7.8 [176 kB]
2026-09-13T15:25:34.7307636Z Get:19 http://azure.archive.ubuntu.com/ubuntu noble-updates/main amd64 libgs10-common all 10.02.1~dfsg1-0ubuntu7.8 [488 kB]
2026-09-13T15:25:34.7835009Z Get:20 http://azure.archive.ubuntu.com/ubuntu noble-updates/main amd64 libidn12 amd64 1.42-1ubuntu0.1 [56.1 kB]
2026-09-13T15:25:34.8297570Z Get:21 http://azure.archive.ubuntu.com/ubuntu noble/main amd64 libijs-0.35 amd64 0.35-15.1build1 [15.3 kB]
2026-09-13T15:25:34.8760587Z Get:22 http://azure.archive.ubuntu.com/ubuntu noble-updates/main amd64 libjbig2dec0 amd64 0.20-1ubuntu0.24.04.1 [65.2 kB]
2026-09-13T15:25:34.9224138Z Get:23 http://azure.archive.ubuntu.com/ubuntu noble/main amd64 libpaper1 amd64 1.1.29build1 [13.4 kB]
2026-09-13T15:25:34.9685379Z Get:24 http://azure.archive.ubuntu.com/ubuntu noble-updates/main amd64 libgs10 amd64 10.02.1~dfsg1-0ubuntu7.8 [3897 kB]
2026-09-13T15:25:35.0731914Z Get:25 http://azure.archive.ubuntu.com/ubuntu noble/main amd64 libkpathsea6 amd64 2023.20230311.66589-9build3 [63.0 kB]
2026-09-13T15:25:35.1921462Z Get:26 http://azure.archive.ubuntu.com/ubuntu noble/universe amd64 libpotrace0 amd64 1.16-2build1 [17.7 kB]
2026-09-13T15:25:35.3123580Z Get:27 http://azure.archive.ubuntu.com/ubuntu noble/main amd64 libwoff1 amd64 1.0.2-2build1 [45.3 kB]
2026-09-13T15:25:35.4341475Z Get:28 http://azure.archive.ubuntu.com/ubuntu noble/universe amd64 dvisvgm amd64 3.2.1+ds-1build1 [1042 kB]
2026-09-13T15:25:35.5531728Z Get:29 http://azure.archive.ubuntu.com/ubuntu noble/universe amd64 fonts-lmodern all 2.005-1 [4799 kB]
2026-09-13T15:25:35.6711269Z Get:30 http://azure.archive.ubuntu.com/ubuntu noble/main amd64 fonts-noto-mono all 20201225-2 [435 kB]
2026-09-13T15:25:35.7874270Z Get:31 http://azure.archive.ubuntu.com/ubuntu noble/universe amd64 fonts-texgyre all 20180621-6 [8350 kB]
2026-09-13T15:25:36.0310425Z Get:32 http://azure.archive.ubuntu.com/ubuntu noble/universe amd64 fonts-texgyre-math all 20180621-6 [2373 kB]
2026-09-13T15:25:36.1465919Z Get:33 http://azure.archive.ubuntu.com/ubuntu noble-updates/main amd64 ghostscript amd64 10.02.1~dfsg1-0ubuntu7.8 [43.4 kB]
2026-09-13T15:25:36.2672963Z Get:34 http://azure.archive.ubuntu.com/ubuntu noble/universe amd64 xaw3dg amd64 1.5+F-1.1build2 [148 kB]
2026-09-13T15:25:36.3860799Z Get:35 http://azure.archive.ubuntu.com/ubuntu noble/universe amd64 gv amd64 1:3.7.4-2build2 [212 kB]
2026-09-13T15:25:36.5059703Z Get:36 http://azure.archive.ubuntu.com/ubuntu noble/main amd64 libpaper-utils amd64 1.1.29build1 [8650 B]
2026-09-13T15:25:36.6324755Z Get:37 http://azure.archive.ubuntu.com/ubuntu noble/main amd64 libptexenc1 amd64 2023.20230311.66589-9build3 [40.4 kB]
2026-09-13T15:25:36.7532534Z Get:38 http://azure.archive.ubuntu.com/ubuntu noble/main amd64 libsynctex2 amd64 2023.20230311.66589-9build3 [59.6 kB]
2026-09-13T15:25:36.8760378Z Get:39 http://azure.archive.ubuntu.com/ubuntu noble/main amd64 libtexlua53-5 amd64 2023.20230311.66589-9build3 [123 kB]
2026-09-13T15:25:36.9951245Z Get:40 http://azure.archive.ubuntu.com/ubuntu noble/main amd64 t1utils amd64 1.41-4build3 [61.3 kB]
2026-09-13T15:25:37.1204137Z Get:41 http://azure.archive.ubuntu.com/ubuntu noble/universe amd64 libteckit0 amd64 2.5.12+ds1-1 [411 kB]
2026-09-13T15:25:37.2407623Z Get:42 http://azure.archive.ubuntu.com/ubuntu noble/universe amd64 libzzip-0-13t64 amd64 0.13.72+dfsg.1-1.2build1 [28.1 kB]
2026-09-13T15:25:37.3620844Z Get:43 http://azure.archive.ubuntu.com/ubuntu noble/universe amd64 texlive-binaries amd64 2023.20230311.66589-9build3 [8529 kB]
2026-09-13T15:25:37.6088076Z Get:44 http://azure.archive.ubuntu.com/ubuntu noble/universe amd64 texlive-base all 2023.20240207-1 [21.7 MB]
2026-09-13T15:25:38.0624559Z Get:45 http://azure.archive.ubuntu.com/ubuntu noble/universe amd64 texlive-latex-base all 2023.20240207-1 [1238 kB]
2026-09-13T15:25:38.1236957Z Get:46 http://azure.archive.ubuntu.com/ubuntu noble/universe amd64 latexmk all 1:4.83-1 [203 kB]
2026-09-13T15:25:38.1731867Z Get:47 http://azure.archive.ubuntu.com/ubuntu noble/universe amd64 libapache-pom-java all 29-2 [5284 B]
2026-09-13T15:25:38.2192302Z Get:48 http://azure.archive.ubuntu.com/ubuntu noble/main amd64 libxcb-shape0 amd64 1.15-1ubuntu2 [6100 B]
2026-09-13T15:25:38.2649492Z Get:49 http://azure.archive.ubuntu.com/ubuntu noble/main amd64 libxv1 amd64 2:1.0.11-1.1build1 [10.7 kB]
2026-09-13T15:25:38.3108953Z Get:50 http://azure.archive.ubuntu.com/ubuntu noble/main amd64 libxxf86dga1 amd64 2:1.1.5-1build1 [11.6 kB]
2026-09-13T15:25:38.3569436Z Get:51 http://azure.archive.ubuntu.com/ubuntu noble/main amd64 x11-utils amd64 7.7+6build2 [189 kB]
2026-09-13T15:25:38.4046890Z Get:52 http://azure.archive.ubuntu.com/ubuntu noble/main amd64 libatk-wrapper-java all 0.40.0-3build2 [54.3 kB]
2026-09-13T15:25:38.4507740Z Get:53 http://azure.archive.ubuntu.com/ubuntu noble/main amd64 libatk-wrapper-java-jni amd64 0.40.0-3build2 [46.4 kB]
2026-09-13T15:25:38.4965889Z Get:54 http://azure.archive.ubuntu.com/ubuntu noble/universe amd64 libcarp-clan-perl all 6.08-2 [11.9 kB]
2026-09-13T15:25:38.5425816Z Get:55 http://azure.archive.ubuntu.com/ubuntu noble/universe amd64 libbit-vector-perl amd64 7.4-3build1 [139 kB]
2026-09-13T15:25:38.5896374Z Get:56 http://azure.archive.ubuntu.com/ubuntu noble/universe amd64 libcommons-parent-java all 56-1 [10.7 kB]
2026-09-13T15:25:38.6363614Z Get:57 http://azure.archive.ubuntu.com/ubuntu noble/universe amd64 libcommons-logging-java all 1.3.0-1ubuntu1 [63.8 kB]
2026-09-13T15:25:38.6824702Z Get:58 http://azure.archive.ubuntu.com/ubuntu noble/universe amd64 libcrypt-rc4-perl all 2.02-5 [7064 B]
2026-09-13T15:25:38.7282814Z Get:59 http://azure.archive.ubuntu.com/ubuntu noble/universe amd64 libdate-calc-perl all 6.4-2 [187 kB]
2026-09-13T15:25:38.7759314Z Get:60 http://azure.archive.ubuntu.com/ubuntu noble/universe amd64 libdate-calc-xs-perl amd64 6.4-2build4 [46.8 kB]
2026-09-13T15:25:38.8222561Z Get:61 http://azure.archive.ubuntu.com/ubuntu noble/main amd64 libdate-manip-perl all 6.95-1 [923 kB]
2026-09-13T15:25:38.9287711Z Get:62 http://azure.archive.ubuntu.com/ubuntu noble/universe amd64 libdigest-perl-md5-perl all 1.9-5 [11.1 kB]
2026-09-13T15:25:38.9748999Z Get:63 http://azure.archive.ubuntu.com/ubuntu noble/universe amd64 libgumbo2 amd64 0.12.0+dfsg-2build1 [126 kB]
2026-09-13T15:25:39.1441851Z Get:64 http://azure.archive.ubuntu.com/ubuntu noble/main amd64 libio-stringy-perl all 2.111-3 [55.8 kB]
2026-09-13T15:25:39.2029305Z Get:65 http://azure.archive.ubuntu.com/ubuntu noble/universe amd64 libjcode-pm-perl amd64 2.06-1.1build1 [26.8 kB]
2026-09-13T15:25:39.2545479Z Get:66 http://azure.archive.ubuntu.com/ubuntu noble/universe amd64 libmujs3 amd64 1.3.3-3build2 [134 kB]
2026-09-13T15:25:39.3330405Z Get:67 http://azure.archive.ubuntu.com/ubuntu noble/universe amd64 libole-storage-lite-perl all 0.22-1 [21.6 kB]
2026-09-13T15:25:39.3835532Z Get:68 http://azure.archive.ubuntu.com/ubuntu noble/universe amd64 libparse-recdescent-perl all 1.967015+dfsg-4 [139 kB]
2026-09-13T15:25:39.4546499Z Get:69 http://azure.archive.ubuntu.com/ubuntu noble-updates/main amd64 libpoppler134 amd64 24.02.0-1ubuntu9.9 [1118 kB]
2026-09-13T15:25:39.5065892Z Get:70 http://azure.archive.ubuntu.com/ubuntu noble/universe amd64 libspreadsheet-writeexcel-perl all 2.40-4 [497 kB]
2026-09-13T15:25:39.5551597Z Get:71 http://azure.archive.ubuntu.com/ubuntu noble/universe amd64 libunicode-map-perl amd64 0.112-13build4 [203 kB]
2026-09-13T15:25:39.6063625Z Get:72 http://azure.archive.ubuntu.com/ubuntu noble/universe amd64 libspreadsheet-parseexcel-perl all 0.6600-1 [144 kB]
2026-09-13T15:25:39.6527089Z Get:73 http://azure.archive.ubuntu.com/ubuntu noble/universe amd64 lmodern all 2.005-1 [9542 kB]
2026-09-13T15:25:39.8334243Z Get:74 http://azure.archive.ubuntu.com/ubuntu noble/universe amd64 mupdf-tools amd64 1.23.10+ds1-1build3 [49.3 MB]
2026-09-13T15:25:40.7904767Z Get:75 http://azure.archive.ubuntu.com/ubuntu noble-updates/main amd64 poppler-utils amd64 24.02.0-1ubuntu9.9 [212 kB]
2026-09-13T15:25:40.8379836Z Get:76 http://azure.archive.ubuntu.com/ubuntu noble/universe amd64 preview-latex-style all 13.2-1 [347 kB]
2026-09-13T15:25:40.8875079Z Get:77 http://azure.archive.ubuntu.com/ubuntu noble/universe amd64 tex-gyre all 20180621-6 [6396 kB]
2026-09-13T15:25:41.0248548Z Get:78 http://azure.archive.ubuntu.com/ubuntu noble/universe amd64 texlive-fonts-recommended all 2023.20240207-1 [4973 kB]
2026-09-13T15:25:41.1477801Z Get:79 http://azure.archive.ubuntu.com/ubuntu noble/universe amd64 libfontbox-java all 1:1.8.16-5 [208 kB]
2026-09-13T15:25:41.1944300Z Get:80 http://azure.archive.ubuntu.com/ubuntu noble/universe amd64 libpdfbox-java all 1:1.8.16-5 [5521 kB]
2026-09-13T15:25:41.3189759Z Get:81 http://azure.archive.ubuntu.com/ubuntu noble/universe amd64 texlive-latex-recommended all 2023.20240207-1 [8826 kB]
2026-09-13T15:25:41.4912136Z Get:82 http://azure.archive.ubuntu.com/ubuntu noble/universe amd64 texlive-pictures all 2023.20240207-1 [16.7 MB]
2026-09-13T15:25:41.7795247Z Get:83 http://azure.archive.ubuntu.com/ubuntu noble/universe amd64 texlive-latex-extra all 2023.20240207-1 [19.2 MB]
2026-09-13T15:25:42.1041321Z Get:84 http://azure.archive.ubuntu.com/ubuntu noble/universe amd64 texlive-plain-generic all 2023.20240207-1 [29.0 MB]
2026-09-13T15:25:42.6476018Z Get:85 http://azure.archive.ubuntu.com/ubuntu noble/universe amd64 tipa all 2:1.3-21 [2967 kB]
2026-09-13T15:25:42.7350006Z Get:86 http://azure.archive.ubuntu.com/ubuntu noble/universe amd64 xpdf amd64 3.04+git20240202-1build3 [125 kB]
2026-09-13T15:25:42.7823155Z Get:87 http://azure.archive.ubuntu.com/ubuntu noble-updates/main amd64 cups-bsd amd64 2.4.7-1.2ubuntu7.14 [42.2 kB]
2026-09-13T15:25:43.0769059Z Preconfiguring packages ...
2026-09-13T15:25:43.1398979Z Fetched 276 MB in 10s (27.3 MB/s)
2026-09-13T15:25:43.1602754Z Selecting previously unselected package fonts-droid-fallback.
2026-09-13T15:25:43.1798484Z (Reading database ... 
2026-09-13T15:25:43.1799224Z (Reading database ... 5%
2026-09-13T15:25:43.1799853Z (Reading database ... 10%
2026-09-13T15:25:43.1800617Z (Reading database ... 15%
2026-09-13T15:25:43.1801388Z (Reading database ... 20%
2026-09-13T15:25:43.1837851Z (Reading database ... 25%
2026-09-13T15:25:43.1838296Z (Reading database ... 30%
2026-09-13T15:25:43.1838643Z (Reading database ... 35%
2026-09-13T15:25:43.1838989Z (Reading database ... 40%
2026-09-13T15:25:43.1839264Z (Reading database ... 45%
2026-09-13T15:25:43.1839666Z (Reading database ... 50%
2026-09-13T15:25:43.1840111Z (Reading database ... 55%
2026-09-13T15:25:43.3145937Z (Reading database ... 60%
2026-09-13T15:25:43.4570770Z (Reading database ... 65%
2026-09-13T15:25:43.6593201Z (Reading database ... 70%
2026-09-13T15:25:43.7578402Z (Reading database ... 75%
2026-09-13T15:25:43.9772485Z (Reading database ... 80%
2026-09-13T15:25:44.1667911Z (Reading database ... 85%
2026-09-13T15:25:44.3197219Z (Reading database ... 90%
2026-09-13T15:25:44.4674316Z (Reading database ... 95%
2026-09-13T15:25:44.4674990Z (Reading database ... 100%
2026-09-13T15:25:44.4675652Z (Reading database ... 201818 files and directories currently installed.)
2026-09-13T15:25:44.4715519Z Preparing to unpack .../00-fonts-droid-fallback_1%3a6.0.1r16-1.1build1_all.deb ...
2026-09-13T15:25:44.4937170Z Unpacking fonts-droid-fallback (1:6.0.1r16-1.1build1) ...
2026-09-13T15:25:44.6442799Z Selecting previously unselected package libmotif-common.
2026-09-13T15:25:44.6551117Z Preparing to unpack .../01-libmotif-common_2.3.8-3.1build1_all.deb ...
2026-09-13T15:25:44.6559867Z Unpacking libmotif-common (2.3.8-3.1build1) ...
2026-09-13T15:25:44.6774083Z Selecting previously unselected package libxm4:amd64.
2026-09-13T15:25:44.6881418Z Preparing to unpack .../02-libxm4_2.3.8-3.1build1_amd64.deb ...
2026-09-13T15:25:44.6902369Z Unpacking libxm4:amd64 (2.3.8-3.1build1) ...
2026-09-13T15:25:44.7291070Z Selecting previously unselected package poppler-data.
2026-09-13T15:25:44.7391783Z Preparing to unpack .../03-poppler-data_0.4.12-1_all.deb ...
2026-09-13T15:25:44.7402873Z Unpacking poppler-data (0.4.12-1) ...
2026-09-13T15:25:44.8798485Z Selecting previously unselected package ca-certificates-java.
2026-09-13T15:25:44.8909804Z Preparing to unpack .../04-ca-certificates-java_20240118_all.deb ...
2026-09-13T15:25:44.8935512Z Unpacking ca-certificates-java (20240118) ...
2026-09-13T15:25:44.9105814Z Selecting previously unselected package cups-common.
2026-09-13T15:25:44.9214663Z Preparing to unpack .../05-cups-common_2.4.7-1.2ubuntu7.14_all.deb ...
2026-09-13T15:25:44.9225392Z Unpacking cups-common (2.4.7-1.2ubuntu7.14) ...
2026-09-13T15:25:44.9692875Z Selecting previously unselected package cups-client.
2026-09-13T15:25:44.9799064Z Preparing to unpack .../06-cups-client_2.4.7-1.2ubuntu7.14_amd64.deb ...
2026-09-13T15:25:44.9879813Z Unpacking cups-client (2.4.7-1.2ubuntu7.14) ...
2026-09-13T15:25:45.0441993Z Selecting previously unselected package libpcsclite1:amd64.
2026-09-13T15:25:45.0547976Z Preparing to unpack .../07-libpcsclite1_2.0.3-1build1_amd64.deb ...
2026-09-13T15:25:45.0558575Z Unpacking libpcsclite1:amd64 (2.0.3-1build1) ...
2026-09-13T15:25:45.0720404Z Selecting previously unselected package openjdk-21-jre-headless:amd64.
2026-09-13T15:25:45.0821177Z Preparing to unpack .../08-openjdk-21-jre-headless_21.0.12+8-1~24.04_amd64.deb ...
2026-09-13T15:25:45.0831466Z Unpacking openjdk-21-jre-headless:amd64 (21.0.12+8-1~24.04) ...
2026-09-13T15:25:46.5012175Z Selecting previously unselected package default-jre-headless.
2026-09-13T15:25:46.5122795Z Preparing to unpack .../09-default-jre-headless_2%3a1.21-75+exp1_amd64.deb ...
2026-09-13T15:25:46.5134891Z Unpacking default-jre-headless (2:1.21-75+exp1) ...
2026-09-13T15:25:46.5292262Z Selecting previously unselected package libgif7:amd64.
2026-09-13T15:25:46.5401690Z Preparing to unpack .../10-libgif7_5.2.2-1ubuntu1.2_amd64.deb ...
2026-09-13T15:25:46.5410762Z Unpacking libgif7:amd64 (5.2.2-1ubuntu1.2) ...
2026-09-13T15:25:46.7102724Z Selecting previously unselected package openjdk-21-jre:amd64.
2026-09-13T15:25:46.7217932Z Preparing to unpack .../11-openjdk-21-jre_21.0.12+8-1~24.04_amd64.deb ...
2026-09-13T15:25:46.7228109Z Unpacking openjdk-21-jre:amd64 (21.0.12+8-1~24.04) ...
2026-09-13T15:25:46.7602658Z Selecting previously unselected package default-jre.
2026-09-13T15:25:46.7712615Z Preparing to unpack .../12-default-jre_2%3a1.21-75+exp1_amd64.deb ...
2026-09-13T15:25:46.7724860Z Unpacking default-jre (2:1.21-75+exp1) ...
2026-09-13T15:25:46.7967283Z Selecting previously unselected package xfonts-encodings.
2026-09-13T15:25:46.8073200Z Preparing to unpack .../13-xfonts-encodings_1%3a1.0.5-0ubuntu2_all.deb ...
2026-09-13T15:25:46.8085183Z Unpacking xfonts-encodings (1:1.0.5-0ubuntu2) ...
2026-09-13T15:25:46.8380128Z Selecting previously unselected package xfonts-utils.
2026-09-13T15:25:46.8483327Z Preparing to unpack .../14-xfonts-utils_1%3a7.7+6build3_amd64.deb ...
2026-09-13T15:25:46.8493488Z Unpacking xfonts-utils (1:7.7+6build3) ...
2026-09-13T15:25:46.8832512Z Selecting previously unselected package fonts-urw-base35.
2026-09-13T15:25:46.8936082Z Preparing to unpack .../15-fonts-urw-base35_20200910-8_all.deb ...
2026-09-13T15:25:46.9400506Z Unpacking fonts-urw-base35 (20200910-8) ...
2026-09-13T15:25:47.0643359Z Selecting previously unselected package libgs-common.
2026-09-13T15:25:47.0754068Z Preparing to unpack .../16-libgs-common_10.02.1~dfsg1-0ubuntu7.8_all.deb ...
2026-09-13T15:25:47.0766049Z Unpacking libgs-common (10.02.1~dfsg1-0ubuntu7.8) ...
2026-09-13T15:25:47.0971002Z Selecting previously unselected package libgs10-common.
2026-09-13T15:25:47.1082020Z Preparing to unpack .../17-libgs10-common_10.02.1~dfsg1-0ubuntu7.8_all.deb ...
2026-09-13T15:25:47.1091358Z Unpacking libgs10-common (10.02.1~dfsg1-0ubuntu7.8) ...
2026-09-13T15:25:47.1804496Z Selecting previously unselected package libidn12:amd64.
2026-09-13T15:25:47.1915223Z Preparing to unpack .../18-libidn12_1.42-1ubuntu0.1_amd64.deb ...
2026-09-13T15:25:47.1926762Z Unpacking libidn12:amd64 (1.42-1ubuntu0.1) ...
2026-09-13T15:25:47.2195299Z Selecting previously unselected package libijs-0.35:amd64.
2026-09-13T15:25:47.2303683Z Preparing to unpack .../19-libijs-0.35_0.35-15.1build1_amd64.deb ...
2026-09-13T15:25:47.2315058Z Unpacking libijs-0.35:amd64 (0.35-15.1build1) ...
2026-09-13T15:25:47.2473795Z Selecting previously unselected package libjbig2dec0:amd64.
2026-09-13T15:25:47.2571118Z Preparing to unpack .../20-libjbig2dec0_0.20-1ubuntu0.24.04.1_amd64.deb ...
2026-09-13T15:25:47.2582550Z Unpacking libjbig2dec0:amd64 (0.20-1ubuntu0.24.04.1) ...
2026-09-13T15:25:47.2760417Z Selecting previously unselected package libpaper1:amd64.
2026-09-13T15:25:47.2854746Z Preparing to unpack .../21-libpaper1_1.1.29build1_amd64.deb ...
2026-09-13T15:25:47.2866977Z Unpacking libpaper1:amd64 (1.1.29build1) ...
2026-09-13T15:25:47.3025375Z Selecting previously unselected package libgs10:amd64.
2026-09-13T15:25:47.3120240Z Preparing to unpack .../22-libgs10_10.02.1~dfsg1-0ubuntu7.8_amd64.deb ...
2026-09-13T15:25:47.3131345Z Unpacking libgs10:amd64 (10.02.1~dfsg1-0ubuntu7.8) ...
2026-09-13T15:25:47.5150099Z Selecting previously unselected package libkpathsea6:amd64.
2026-09-13T15:25:47.5261174Z Preparing to unpack .../23-libkpathsea6_2023.20230311.66589-9build3_amd64.deb ...
2026-09-13T15:25:47.5271781Z Unpacking libkpathsea6:amd64 (2023.20230311.66589-9build3) ...
2026-09-13T15:25:47.5438970Z Selecting previously unselected package libpotrace0:amd64.
2026-09-13T15:25:47.5556163Z Preparing to unpack .../24-libpotrace0_1.16-2build1_amd64.deb ...
2026-09-13T15:25:47.5567448Z Unpacking libpotrace0:amd64 (1.16-2build1) ...
2026-09-13T15:25:47.5724442Z Selecting previously unselected package libwoff1:amd64.
2026-09-13T15:25:47.5829643Z Preparing to unpack .../25-libwoff1_1.0.2-2build1_amd64.deb ...
2026-09-13T15:25:47.5839360Z Unpacking libwoff1:amd64 (1.0.2-2build1) ...
2026-09-13T15:25:47.5997044Z Selecting previously unselected package dvisvgm.
2026-09-13T15:25:47.6098734Z Preparing to unpack .../26-dvisvgm_3.2.1+ds-1build1_amd64.deb ...
2026-09-13T15:25:47.6108856Z Unpacking dvisvgm (3.2.1+ds-1build1) ...
2026-09-13T15:25:47.6445928Z Selecting previously unselected package fonts-lmodern.
2026-09-13T15:25:47.6546010Z Preparing to unpack .../27-fonts-lmodern_2.005-1_all.deb ...
2026-09-13T15:25:47.6554905Z Unpacking fonts-lmodern (2.005-1) ...
2026-09-13T15:25:47.7466143Z Selecting previously unselected package fonts-noto-mono.
2026-09-13T15:25:47.7575439Z Preparing to unpack .../28-fonts-noto-mono_20201225-2_all.deb ...
2026-09-13T15:25:47.7584194Z Unpacking fonts-noto-mono (20201225-2) ...
2026-09-13T15:25:47.7809106Z Selecting previously unselected package fonts-texgyre.
2026-09-13T15:25:47.7915493Z Preparing to unpack .../29-fonts-texgyre_20180621-6_all.deb ...
2026-09-13T15:25:47.7924422Z Unpacking fonts-texgyre (20180621-6) ...
2026-09-13T15:25:47.9032744Z Selecting previously unselected package fonts-texgyre-math.
2026-09-13T15:25:47.9144182Z Preparing to unpack .../30-fonts-texgyre-math_20180621-6_all.deb ...
2026-09-13T15:25:47.9152897Z Unpacking fonts-texgyre-math (20180621-6) ...
2026-09-13T15:25:47.9705235Z Selecting previously unselected package ghostscript.
2026-09-13T15:25:47.9817425Z Preparing to unpack .../31-ghostscript_10.02.1~dfsg1-0ubuntu7.8_amd64.deb ...
2026-09-13T15:25:47.9827942Z Unpacking ghostscript (10.02.1~dfsg1-0ubuntu7.8) ...
2026-09-13T15:25:48.0051179Z Selecting previously unselected package xaw3dg:amd64.
2026-09-13T15:25:48.0162490Z Preparing to unpack .../32-xaw3dg_1.5+F-1.1build2_amd64.deb ...
2026-09-13T15:25:48.0172033Z Unpacking xaw3dg:amd64 (1.5+F-1.1build2) ...
2026-09-13T15:25:48.0377911Z Selecting previously unselected package gv.
2026-09-13T15:25:48.0487197Z Preparing to unpack .../33-gv_1%3a3.7.4-2build2_amd64.deb ...
2026-09-13T15:25:48.0497821Z Unpacking gv (1:3.7.4-2build2) ...
2026-09-13T15:25:48.0863474Z Selecting previously unselected package libpaper-utils.
2026-09-13T15:25:48.0970443Z Preparing to unpack .../34-libpaper-utils_1.1.29build1_amd64.deb ...
2026-09-13T15:25:48.0981059Z Unpacking libpaper-utils (1.1.29build1) ...
2026-09-13T15:25:48.1132618Z Selecting previously unselected package libptexenc1:amd64.
2026-09-13T15:25:48.1238464Z Preparing to unpack .../35-libptexenc1_2023.20230311.66589-9build3_amd64.deb ...
2026-09-13T15:25:48.1251085Z Unpacking libptexenc1:amd64 (2023.20230311.66589-9build3) ...
2026-09-13T15:25:48.1405828Z Selecting previously unselected package libsynctex2:amd64.
2026-09-13T15:25:48.1513637Z Preparing to unpack .../36-libsynctex2_2023.20230311.66589-9build3_amd64.deb ...
2026-09-13T15:25:48.1525320Z Unpacking libsynctex2:amd64 (2023.20230311.66589-9build3) ...
2026-09-13T15:25:48.1688909Z Selecting previously unselected package libtexlua53-5:amd64.
2026-09-13T15:25:48.1796472Z Preparing to unpack .../37-libtexlua53-5_2023.20230311.66589-9build3_amd64.deb ...
2026-09-13T15:25:48.1807859Z Unpacking libtexlua53-5:amd64 (2023.20230311.66589-9build3) ...
2026-09-13T15:25:48.1964716Z Selecting previously unselected package t1utils.
2026-09-13T15:25:48.2071938Z Preparing to unpack .../38-t1utils_1.41-4build3_amd64.deb ...
2026-09-13T15:25:48.2084818Z Unpacking t1utils (1.41-4build3) ...
2026-09-13T15:25:48.2263952Z Selecting previously unselected package libteckit0:amd64.
2026-09-13T15:25:48.2369421Z Preparing to unpack .../39-libteckit0_2.5.12+ds1-1_amd64.deb ...
2026-09-13T15:25:48.2378402Z Unpacking libteckit0:amd64 (2.5.12+ds1-1) ...
2026-09-13T15:25:48.2722984Z Selecting previously unselected package libzzip-0-13t64:amd64.
2026-09-13T15:25:48.2829228Z Preparing to unpack .../40-libzzip-0-13t64_0.13.72+dfsg.1-1.2build1_amd64.deb ...
2026-09-13T15:25:48.2849197Z Unpacking libzzip-0-13t64:amd64 (0.13.72+dfsg.1-1.2build1) ...
2026-09-13T15:25:48.3015452Z Selecting previously unselected package texlive-binaries.
2026-09-13T15:25:48.3120803Z Preparing to unpack .../41-texlive-binaries_2023.20230311.66589-9build3_amd64.deb ...
2026-09-13T15:25:48.3215028Z Unpacking texlive-binaries (2023.20230311.66589-9build3) ...
2026-09-13T15:25:48.5879363Z Selecting previously unselected package texlive-base.
2026-09-13T15:25:48.5994037Z Preparing to unpack .../42-texlive-base_2023.20240207-1_all.deb ...
2026-09-13T15:25:48.6005123Z Unpacking texlive-base (2023.20240207-1) ...
2026-09-13T15:25:50.2668302Z Selecting previously unselected package texlive-latex-base.
2026-09-13T15:25:50.2794492Z Preparing to unpack .../43-texlive-latex-base_2023.20240207-1_all.deb ...
2026-09-13T15:25:50.2805579Z Unpacking texlive-latex-base (2023.20240207-1) ...
2026-09-13T15:25:50.7406474Z Selecting previously unselected package latexmk.
2026-09-13T15:25:50.7530963Z Preparing to unpack .../44-latexmk_1%3a4.83-1_all.deb ...
2026-09-13T15:25:50.7543423Z Unpacking latexmk (1:4.83-1) ...
2026-09-13T15:25:50.7858824Z Selecting previously unselected package libapache-pom-java.
2026-09-13T15:25:50.7972776Z Preparing to unpack .../45-libapache-pom-java_29-2_all.deb ...
2026-09-13T15:25:50.7987737Z Unpacking libapache-pom-java (29-2) ...
2026-09-13T15:25:50.8421449Z Selecting previously unselected package libxcb-shape0:amd64.
2026-09-13T15:25:50.8536454Z Preparing to unpack .../46-libxcb-shape0_1.15-1ubuntu2_amd64.deb ...
2026-09-13T15:25:50.8547370Z Unpacking libxcb-shape0:amd64 (1.15-1ubuntu2) ...
2026-09-13T15:25:50.8782906Z Selecting previously unselected package libxv1:amd64.
2026-09-13T15:25:50.8896750Z Preparing to unpack .../47-libxv1_2%3a1.0.11-1.1build1_amd64.deb ...
2026-09-13T15:25:50.8907588Z Unpacking libxv1:amd64 (2:1.0.11-1.1build1) ...
2026-09-13T15:25:50.9061045Z Selecting previously unselected package libxxf86dga1:amd64.
2026-09-13T15:25:50.9172119Z Preparing to unpack .../48-libxxf86dga1_2%3a1.1.5-1build1_amd64.deb ...
2026-09-13T15:25:50.9189163Z Unpacking libxxf86dga1:amd64 (2:1.1.5-1build1) ...
2026-09-13T15:25:50.9396386Z Selecting previously unselected package x11-utils.
2026-09-13T15:25:50.9498922Z Preparing to unpack .../49-x11-utils_7.7+6build2_amd64.deb ...
2026-09-13T15:25:50.9509724Z Unpacking x11-utils (7.7+6build2) ...
2026-09-13T15:25:51.0030346Z Selecting previously unselected package libatk-wrapper-java.
2026-09-13T15:25:51.0138419Z Preparing to unpack .../50-libatk-wrapper-java_0.40.0-3build2_all.deb ...
2026-09-13T15:25:51.0148216Z Unpacking libatk-wrapper-java (0.40.0-3build2) ...
2026-09-13T15:25:51.0469051Z Selecting previously unselected package libatk-wrapper-java-jni:amd64.
2026-09-13T15:25:51.0578535Z Preparing to unpack .../51-libatk-wrapper-java-jni_0.40.0-3build2_amd64.deb ...
2026-09-13T15:25:51.0595475Z Unpacking libatk-wrapper-java-jni:amd64 (0.40.0-3build2) ...
2026-09-13T15:25:51.0749868Z Selecting previously unselected package libcarp-clan-perl.
2026-09-13T15:25:51.0858059Z Preparing to unpack .../52-libcarp-clan-perl_6.08-2_all.deb ...
2026-09-13T15:25:51.0869182Z Unpacking libcarp-clan-perl (6.08-2) ...
2026-09-13T15:25:51.1018005Z Selecting previously unselected package libbit-vector-perl:amd64.
2026-09-13T15:25:51.1125436Z Preparing to unpack .../53-libbit-vector-perl_7.4-3build1_amd64.deb ...
2026-09-13T15:25:51.1137893Z Unpacking libbit-vector-perl:amd64 (7.4-3build1) ...
2026-09-13T15:25:51.1576662Z Selecting previously unselected package libcommons-parent-java.
2026-09-13T15:25:51.1686956Z Preparing to unpack .../54-libcommons-parent-java_56-1_all.deb ...
2026-09-13T15:25:51.1696082Z Unpacking libcommons-parent-java (56-1) ...
2026-09-13T15:25:51.1856278Z Selecting previously unselected package libcommons-logging-java.
2026-09-13T15:25:51.1966955Z Preparing to unpack .../55-libcommons-logging-java_1.3.0-1ubuntu1_all.deb ...
2026-09-13T15:25:51.1977517Z Unpacking libcommons-logging-java (1.3.0-1ubuntu1) ...
2026-09-13T15:25:51.2141573Z Selecting previously unselected package libcrypt-rc4-perl.
2026-09-13T15:25:51.2249096Z Preparing to unpack .../56-libcrypt-rc4-perl_2.02-5_all.deb ...
2026-09-13T15:25:51.2261460Z Unpacking libcrypt-rc4-perl (2.02-5) ...
2026-09-13T15:25:51.2722482Z Selecting previously unselected package libdate-calc-perl.
2026-09-13T15:25:51.2832959Z Preparing to unpack .../57-libdate-calc-perl_6.4-2_all.deb ...
2026-09-13T15:25:51.2845146Z Unpacking libdate-calc-perl (6.4-2) ...
2026-09-13T15:25:51.3069990Z Selecting previously unselected package libdate-calc-xs-perl:amd64.
2026-09-13T15:25:51.3180968Z Preparing to unpack .../58-libdate-calc-xs-perl_6.4-2build4_amd64.deb ...
2026-09-13T15:25:51.3193008Z Unpacking libdate-calc-xs-perl:amd64 (6.4-2build4) ...
2026-09-13T15:25:51.3391892Z Selecting previously unselected package libdate-manip-perl.
2026-09-13T15:25:51.3502343Z Preparing to unpack .../59-libdate-manip-perl_6.95-1_all.deb ...
2026-09-13T15:25:51.3513262Z Unpacking libdate-manip-perl (6.95-1) ...
2026-09-13T15:25:51.6464715Z Selecting previously unselected package libdigest-perl-md5-perl.
2026-09-13T15:25:51.6583542Z Preparing to unpack .../60-libdigest-perl-md5-perl_1.9-5_all.deb ...
2026-09-13T15:25:51.6592800Z Unpacking libdigest-perl-md5-perl (1.9-5) ...
2026-09-13T15:25:51.6764208Z Selecting previously unselected package libgumbo2:amd64.
2026-09-13T15:25:51.6879139Z Preparing to unpack .../61-libgumbo2_0.12.0+dfsg-2build1_amd64.deb ...
2026-09-13T15:25:51.6934144Z Unpacking libgumbo2:amd64 (0.12.0+dfsg-2build1) ...
2026-09-13T15:25:51.7104987Z Selecting previously unselected package libio-stringy-perl.
2026-09-13T15:25:51.7211571Z Preparing to unpack .../62-libio-stringy-perl_2.111-3_all.deb ...
2026-09-13T15:25:51.7225983Z Unpacking libio-stringy-perl (2.111-3) ...
2026-09-13T15:25:51.7460410Z Selecting previously unselected package libjcode-pm-perl.
2026-09-13T15:25:51.7564678Z Preparing to unpack .../63-libjcode-pm-perl_2.06-1.1build1_amd64.deb ...
2026-09-13T15:25:51.7574468Z Unpacking libjcode-pm-perl (2.06-1.1build1) ...
2026-09-13T15:25:51.7736528Z Selecting previously unselected package libmujs3:amd64.
2026-09-13T15:25:51.7842151Z Preparing to unpack .../64-libmujs3_1.3.3-3build2_amd64.deb ...
2026-09-13T15:25:51.7854112Z Unpacking libmujs3:amd64 (1.3.3-3build2) ...
2026-09-13T15:25:51.8153648Z Selecting previously unselected package libole-storage-lite-perl.
2026-09-13T15:25:51.8257268Z Preparing to unpack .../65-libole-storage-lite-perl_0.22-1_all.deb ...
2026-09-13T15:25:51.8267248Z Unpacking libole-storage-lite-perl (0.22-1) ...
2026-09-13T15:25:51.8439870Z Selecting previously unselected package libparse-recdescent-perl.
2026-09-13T15:25:51.8540000Z Preparing to unpack .../66-libparse-recdescent-perl_1.967015+dfsg-4_all.deb ...
2026-09-13T15:25:51.8551412Z Unpacking libparse-recdescent-perl (1.967015+dfsg-4) ...
2026-09-13T15:25:51.8990676Z Selecting previously unselected package libpoppler134:amd64.
2026-09-13T15:25:51.9094213Z Preparing to unpack .../67-libpoppler134_24.02.0-1ubuntu9.9_amd64.deb ...
2026-09-13T15:25:51.9107251Z Unpacking libpoppler134:amd64 (24.02.0-1ubuntu9.9) ...
2026-09-13T15:25:51.9527755Z Selecting previously unselected package libspreadsheet-writeexcel-perl.
2026-09-13T15:25:51.9628922Z Preparing to unpack .../68-libspreadsheet-writeexcel-perl_2.40-4_all.deb ...
2026-09-13T15:25:51.9640047Z Unpacking libspreadsheet-writeexcel-perl (2.40-4) ...
2026-09-13T15:25:52.0273727Z Selecting previously unselected package libunicode-map-perl.
2026-09-13T15:25:52.0384704Z Preparing to unpack .../69-libunicode-map-perl_0.112-13build4_amd64.deb ...
2026-09-13T15:25:52.0396229Z Unpacking libunicode-map-perl (0.112-13build4) ...
2026-09-13T15:25:52.0844321Z Selecting previously unselected package libspreadsheet-parseexcel-perl.
2026-09-13T15:25:52.0954259Z Preparing to unpack .../70-libspreadsheet-parseexcel-perl_0.6600-1_all.deb ...
2026-09-13T15:25:52.1004399Z Unpacking libspreadsheet-parseexcel-perl (0.6600-1) ...
2026-09-13T15:25:52.1431238Z Selecting previously unselected package lmodern.
2026-09-13T15:25:52.1539825Z Preparing to unpack .../71-lmodern_2.005-1_all.deb ...
2026-09-13T15:25:52.1550970Z Unpacking lmodern (2.005-1) ...
2026-09-13T15:25:52.5685935Z Selecting previously unselected package mupdf-tools.
2026-09-13T15:25:52.5805697Z Preparing to unpack .../72-mupdf-tools_1.23.10+ds1-1build3_amd64.deb ...
2026-09-13T15:25:52.5818515Z Unpacking mupdf-tools (1.23.10+ds1-1build3) ...
2026-09-13T15:25:53.2921659Z Selecting previously unselected package poppler-utils.
2026-09-13T15:25:53.3036149Z Preparing to unpack .../73-poppler-utils_24.02.0-1ubuntu9.9_amd64.deb ...
2026-09-13T15:25:53.3046511Z Unpacking poppler-utils (24.02.0-1ubuntu9.9) ...
2026-09-13T15:25:53.4243214Z Selecting previously unselected package preview-latex-style.
2026-09-13T15:25:53.4364364Z Preparing to unpack .../74-preview-latex-style_13.2-1_all.deb ...
2026-09-13T15:25:53.4376237Z Unpacking preview-latex-style (13.2-1) ...
2026-09-13T15:25:53.4620797Z Selecting previously unselected package tex-gyre.
2026-09-13T15:25:53.4735616Z Preparing to unpack .../75-tex-gyre_20180621-6_all.deb ...
2026-09-13T15:25:53.4783463Z Unpacking tex-gyre (20180621-6) ...
2026-09-13T15:25:53.8068800Z Selecting previously unselected package texlive-fonts-recommended.
2026-09-13T15:25:53.8190292Z Preparing to unpack .../76-texlive-fonts-recommended_2023.20240207-1_all.deb ...
2026-09-13T15:25:53.8204991Z Unpacking texlive-fonts-recommended (2023.20240207-1) ...
2026-09-13T15:25:54.3948033Z Selecting previously unselected package libfontbox-java.
2026-09-13T15:25:54.4075487Z Preparing to unpack .../77-libfontbox-java_1%3a1.8.16-5_all.deb ...
2026-09-13T15:25:54.4089390Z Unpacking libfontbox-java (1:1.8.16-5) ...
2026-09-13T15:25:54.4260054Z Selecting previously unselected package libpdfbox-java.
2026-09-13T15:25:54.4375481Z Preparing to unpack .../78-libpdfbox-java_1%3a1.8.16-5_all.deb ...
2026-09-13T15:25:54.4384767Z Unpacking libpdfbox-java (1:1.8.16-5) ...
2026-09-13T15:25:54.4980764Z Selecting previously unselected package texlive-latex-recommended.
2026-09-13T15:25:54.5096805Z Preparing to unpack .../79-texlive-latex-recommended_2023.20240207-1_all.deb ...
2026-09-13T15:25:54.5108469Z Unpacking texlive-latex-recommended (2023.20240207-1) ...
2026-09-13T15:25:55.4248338Z Selecting previously unselected package texlive-pictures.
2026-09-13T15:25:55.4375615Z Preparing to unpack .../80-texlive-pictures_2023.20240207-1_all.deb ...
2026-09-13T15:25:55.4531868Z Unpacking texlive-pictures (2023.20240207-1) ...
2026-09-13T15:25:57.2935109Z Selecting previously unselected package texlive-latex-extra.
2026-09-13T15:25:57.3076920Z Preparing to unpack .../81-texlive-latex-extra_2023.20240207-1_all.deb ...
2026-09-13T15:25:57.3096387Z Unpacking texlive-latex-extra (2023.20240207-1) ...
2026-09-13T15:25:59.5529089Z Selecting previously unselected package texlive-plain-generic.
2026-09-13T15:25:59.5690582Z Preparing to unpack .../82-texlive-plain-generic_2023.20240207-1_all.deb ...
2026-09-13T15:25:59.5711154Z Unpacking texlive-plain-generic (2023.20240207-1) ...
2026-09-13T15:26:03.8173662Z Selecting previously unselected package tipa.
2026-09-13T15:26:03.8361146Z Preparing to unpack .../83-tipa_2%3a1.3-21_all.deb ...
2026-09-13T15:26:03.8415212Z Unpacking tipa (2:1.3-21) ...
2026-09-13T15:26:04.0610754Z Selecting previously unselected package xpdf.
2026-09-13T15:26:04.0743431Z Preparing to unpack .../84-xpdf_3.04+git20240202-1build3_amd64.deb ...
2026-09-13T15:26:04.0778061Z Unpacking xpdf (3.04+git20240202-1build3) ...
2026-09-13T15:26:04.0981760Z Selecting previously unselected package cups-bsd.
2026-09-13T15:26:04.1110919Z Preparing to unpack .../85-cups-bsd_2.4.7-1.2ubuntu7.14_amd64.deb ...
2026-09-13T15:26:04.1121525Z Unpacking cups-bsd (2.4.7-1.2ubuntu7.14) ...
2026-09-13T15:26:04.1514770Z Setting up libjcode-pm-perl (2.06-1.1build1) ...
2026-09-13T15:26:04.1545249Z Setting up libpaper1:amd64 (1.1.29build1) ...
2026-09-13T15:26:04.2595634Z 
2026-09-13T15:26:04.2596574Z Creating config file /etc/papersize with new version
2026-09-13T15:26:04.3018960Z Setting up fonts-noto-mono (20201225-2) ...
2026-09-13T15:26:04.3048233Z Setting up fonts-texgyre-math (20180621-6) ...
2026-09-13T15:26:04.3077343Z Setting up libwoff1:amd64 (1.0.2-2build1) ...
2026-09-13T15:26:04.3098245Z Setting up libmujs3:amd64 (1.3.3-3build2) ...
2026-09-13T15:26:04.3120266Z Setting up libpoppler134:amd64 (24.02.0-1ubuntu9.9) ...
2026-09-13T15:26:04.3142115Z Setting up libio-stringy-perl (2.111-3) ...
2026-09-13T15:26:04.3164377Z Setting up libijs-0.35:amd64 (0.35-15.1build1) ...
2026-09-13T15:26:04.3186875Z Setting up cups-common (2.4.7-1.2ubuntu7.14) ...
2026-09-13T15:26:04.3208685Z Setting up preview-latex-style (13.2-1) ...
2026-09-13T15:26:04.3302323Z Setting up libgs-common (10.02.1~dfsg1-0ubuntu7.8) ...
2026-09-13T15:26:04.3323707Z Setting up libfontbox-java (1:1.8.16-5) ...
2026-09-13T15:26:04.3345909Z Setting up libxcb-shape0:amd64 (1.15-1ubuntu2) ...
2026-09-13T15:26:04.3368965Z Setting up libxxf86dga1:amd64 (2:1.1.5-1build1) ...
2026-09-13T15:26:04.3398049Z Setting up libpaper-utils (1.1.29build1) ...
2026-09-13T15:26:04.3419985Z Setting up libmotif-common (2.3.8-3.1build1) ...
2026-09-13T15:26:04.3441881Z Setting up cups-client (2.4.7-1.2ubuntu7.14) ...
2026-09-13T15:26:04.3988938Z info: Selecting GID from range 100 to 999 ...
2026-09-13T15:26:04.4006703Z info: Adding group `lpadmin' (GID 119) ...
2026-09-13T15:26:04.4112530Z Setting up poppler-data (0.4.12-1) ...
2026-09-13T15:26:04.4205176Z Setting up libdigest-perl-md5-perl (1.9-5) ...
2026-09-13T15:26:04.4226517Z Setting up libunicode-map-perl (0.112-13build4) ...
2026-09-13T15:26:04.4247927Z Setting up libzzip-0-13t64:amd64 (0.13.72+dfsg.1-1.2build1) ...
2026-09-13T15:26:04.4270234Z Setting up libjbig2dec0:amd64 (0.20-1ubuntu0.24.04.1) ...
2026-09-13T15:26:04.4295906Z Setting up libgumbo2:amd64 (0.12.0+dfsg-2build1) ...
2026-09-13T15:26:04.4317282Z Setting up libteckit0:amd64 (2.5.12+ds1-1) ...
2026-09-13T15:26:04.4339220Z Setting up libapache-pom-java (29-2) ...
2026-09-13T15:26:04.4360728Z Setting up xfonts-encodings (1:1.0.5-0ubuntu2) ...
2026-09-13T15:26:04.4381684Z Setting up t1utils (1.41-4build3) ...
2026-09-13T15:26:04.4789793Z Setting up libtexlua53-5:amd64 (2023.20230311.66589-9build3) ...
2026-09-13T15:26:04.4814816Z Setting up libcrypt-rc4-perl (2.02-5) ...
2026-09-13T15:26:04.4837619Z Setting up libxv1:amd64 (2:1.0.11-1.1build1) ...
2026-09-13T15:26:04.4861128Z Setting up libidn12:amd64 (1.42-1ubuntu0.1) ...
2026-09-13T15:26:04.4883486Z Setting up libpcsclite1:amd64 (2.0.3-1build1) ...
2026-09-13T15:26:04.4905582Z Setting up fonts-texgyre (20180621-6) ...
2026-09-13T15:26:04.4935506Z Setting up xaw3dg:amd64 (1.5+F-1.1build2) ...
2026-09-13T15:26:04.4958999Z Setting up libkpathsea6:amd64 (2023.20230311.66589-9build3) ...
2026-09-13T15:26:04.4982483Z Setting up libole-storage-lite-perl (0.22-1) ...
2026-09-13T15:26:04.5005062Z Setting up libgif7:amd64 (5.2.2-1ubuntu1.2) ...
2026-09-13T15:26:04.5027844Z Setting up libparse-recdescent-perl (1.967015+dfsg-4) ...
2026-09-13T15:26:04.5050676Z Setting up x11-utils (7.7+6build2) ...
2026-09-13T15:26:04.5149025Z Setting up fonts-lmodern (2.005-1) ...
2026-09-13T15:26:04.5231074Z Setting up libcarp-clan-perl (6.08-2) ...
2026-09-13T15:26:04.5253363Z Setting up fonts-droid-fallback (1:6.0.1r16-1.1build1) ...
2026-09-13T15:26:04.5412064Z Setting up poppler-utils (24.02.0-1ubuntu9.9) ...
2026-09-13T15:26:04.5467215Z Setting up libatk-wrapper-java (0.40.0-3build2) ...
2026-09-13T15:26:04.5490070Z Setting up ca-certificates-java (20240118) ...
2026-09-13T15:26:05.1612411Z Adding debian:ACCVRAIZ1.pem
2026-09-13T15:26:05.1626016Z Adding debian:AC_RAIZ_FNMT-RCM.pem
2026-09-13T15:26:05.2106174Z Adding debian:AC_RAIZ_FNMT-RCM_SERVIDORES_SEGUROS.pem
2026-09-13T15:26:05.2122778Z Adding debian:ANF_Secure_Server_Root_CA.pem
2026-09-13T15:26:05.2138681Z Adding debian:Actalis_Authentication_Root_CA.pem
2026-09-13T15:26:05.2149800Z Adding debian:Amazon_Root_CA_1.pem
2026-09-13T15:26:05.2161346Z Adding debian:Amazon_Root_CA_2.pem
2026-09-13T15:26:05.2167407Z Adding debian:Amazon_Root_CA_3.pem
2026-09-13T15:26:05.2174246Z Adding debian:Amazon_Root_CA_4.pem
2026-09-13T15:26:05.2182640Z Adding debian:Atos_TrustedRoot_2011.pem
2026-09-13T15:26:05.2189451Z Adding debian:Atos_TrustedRoot_Root_CA_ECC_TLS_2021.pem
2026-09-13T15:26:05.2200990Z Adding debian:Atos_TrustedRoot_Root_CA_RSA_TLS_2021.pem
2026-09-13T15:26:05.2216298Z Adding debian:Autoridad_de_Certificacion_Firmaprofesional_CIF_A62634068.pem
2026-09-13T15:26:05.2227663Z Adding debian:BJCA_Global_Root_CA1.pem
2026-09-13T15:26:05.2234019Z Adding debian:BJCA_Global_Root_CA2.pem
2026-09-13T15:26:05.2405629Z Adding debian:Buypass_Class_2_Root_CA.pem
2026-09-13T15:26:05.2417224Z Adding debian:Buypass_Class_3_Root_CA.pem
2026-09-13T15:26:05.2429060Z Adding debian:CA_Disig_Root_R2.pem
2026-09-13T15:26:05.2442017Z Adding debian:CFCA_EV_ROOT.pem
2026-09-13T15:26:05.2448774Z Adding debian:COMODO_ECC_Certification_Authority.pem
2026-09-13T15:26:05.2460150Z Adding debian:COMODO_RSA_Certification_Authority.pem
2026-09-13T15:26:05.2466074Z Adding debian:Certainly_Root_E1.pem
2026-09-13T15:26:05.2479162Z Adding debian:Certainly_Root_R1.pem
2026-09-13T15:26:05.2492696Z Adding debian:Certigna_Root_CA.pem
2026-09-13T15:26:05.2498815Z Adding debian:Certum_EC-384_CA.pem
2026-09-13T15:26:05.2506157Z Adding debian:Certum_Trusted_Network_CA.pem
2026-09-13T15:26:05.2515972Z Adding debian:Certum_Trusted_Network_CA_2.pem
2026-09-13T15:26:05.2525914Z Adding debian:Certum_Trusted_Root_CA.pem
2026-09-13T15:26:05.2532793Z Adding debian:D-TRUST_BR_Root_CA_1_2020.pem
2026-09-13T15:26:05.2543385Z Adding debian:D-TRUST_BR_Root_CA_2_2023.pem
2026-09-13T15:26:05.2550119Z Adding debian:D-TRUST_EV_Root_CA_1_2020.pem
2026-09-13T15:26:05.2562485Z Adding debian:D-TRUST_EV_Root_CA_2_2023.pem
2026-09-13T15:26:05.2571594Z Adding debian:D-TRUST_Root_Class_3_CA_2_2009.pem
2026-09-13T15:26:05.2581246Z Adding debian:D-TRUST_Root_Class_3_CA_2_EV_2009.pem
2026-09-13T15:26:05.2589798Z Adding debian:DigiCert_Assured_ID_Root_G2.pem
2026-09-13T15:26:05.2597766Z Adding debian:DigiCert_Assured_ID_Root_G3.pem
2026-09-13T15:26:05.2606429Z Adding debian:DigiCert_Global_Root_G2.pem
2026-09-13T15:26:05.2613974Z Adding debian:DigiCert_Global_Root_G3.pem
2026-09-13T15:26:05.2619895Z Adding debian:DigiCert_TLS_ECC_P384_Root_G5.pem
2026-09-13T15:26:05.2632338Z Adding debian:DigiCert_TLS_RSA4096_Root_G5.pem
2026-09-13T15:26:05.2647006Z Adding debian:DigiCert_Trusted_Root_G4.pem
2026-09-13T15:26:05.2664153Z Adding debian:Entrust_Root_Certification_Authority.pem
2026-09-13T15:26:05.2675248Z Adding debian:GDCA_TrustAUTH_R5_ROOT.pem
2026-09-13T15:26:05.2685037Z Adding debian:GTS_Root_R1.pem
2026-09-13T15:26:05.2691990Z Adding debian:GTS_Root_R3.pem
2026-09-13T15:26:05.2696946Z Adding debian:GTS_Root_R4.pem
2026-09-13T15:26:05.2702189Z Adding debian:GlobalSign_ECC_Root_CA_-_R4.pem
2026-09-13T15:26:05.2708376Z Adding debian:GlobalSign_ECC_Root_CA_-_R5.pem
2026-09-13T15:26:05.2718336Z Adding debian:GlobalSign_Root_CA_-_R3.pem
2026-09-13T15:26:05.2728145Z Adding debian:GlobalSign_Root_CA_-_R6.pem
2026-09-13T15:26:05.2733833Z Adding debian:GlobalSign_Root_E46.pem
2026-09-13T15:26:05.2743597Z Adding debian:GlobalSign_Root_R46.pem
2026-09-13T15:26:05.2751818Z Adding debian:Go_Daddy_Root_Certificate_Authority_-_G2.pem
2026-09-13T15:26:05.2757065Z Adding debian:HARICA_TLS_ECC_Root_CA_2021.pem
2026-09-13T15:26:05.2767691Z Adding debian:HARICA_TLS_RSA_Root_CA_2021.pem
2026-09-13T15:26:05.2774882Z Adding debian:Hellenic_Academic_and_Research_Institutions_ECC_RootCA_2015.pem
2026-09-13T15:26:05.2788595Z Adding debian:Hellenic_Academic_and_Research_Institutions_RootCA_2015.pem
2026-09-13T15:26:05.2801481Z Adding debian:HiPKI_Root_CA_-_G1.pem
2026-09-13T15:26:05.2811497Z Adding debian:Hongkong_Post_Root_CA_3.pem
2026-09-13T15:26:05.2821409Z Adding debian:ISRG_Root_X1.pem
2026-09-13T15:26:05.2826732Z Adding debian:ISRG_Root_X2.pem
2026-09-13T15:26:05.2837568Z Adding debian:IdenTrust_Commercial_Root_CA_1.pem
2026-09-13T15:26:05.2850436Z Adding debian:IdenTrust_Public_Sector_Root_CA_1.pem
2026-09-13T15:26:05.2861974Z Adding debian:Izenpe.com.pem
2026-09-13T15:26:05.2871844Z Adding debian:Microsec_e-Szigno_Root_CA_2009.pem
2026-09-13T15:26:05.2877346Z Adding debian:Microsoft_ECC_Root_Certificate_Authority_2017.pem
2026-09-13T15:26:05.2888299Z Adding debian:Microsoft_RSA_Root_Certificate_Authority_2017.pem
2026-09-13T15:26:05.2900244Z Adding debian:NAVER_Global_Root_Certification_Authority.pem
2026-09-13T15:26:05.2916365Z Adding debian:NetLock_Arany_=Class_Gold=_Főtanúsítvány.pem
2026-09-13T15:26:05.2922420Z Adding debian:OISTE_Server_Root_ECC_G1.pem
2026-09-13T15:26:05.2934799Z Adding debian:OISTE_Server_Root_RSA_G1.pem
2026-09-13T15:26:05.2942198Z Adding debian:OISTE_WISeKey_Global_Root_GB_CA.pem
2026-09-13T15:26:05.2949514Z Adding debian:OISTE_WISeKey_Global_Root_GC_CA.pem
2026-09-13T15:26:05.2962751Z Adding debian:QuoVadis_Root_CA_1_G3.pem
2026-09-13T15:26:05.2975604Z Adding debian:QuoVadis_Root_CA_2_G3.pem
2026-09-13T15:26:05.2985257Z Adding debian:QuoVadis_Root_CA_3_G3.pem
2026-09-13T15:26:05.2993483Z Adding debian:SSL.com_EV_Root_Certification_Authority_ECC.pem
2026-09-13T15:26:05.3004891Z Adding debian:SSL.com_EV_Root_Certification_Authority_RSA_R2.pem
2026-09-13T15:26:05.3010438Z Adding debian:SSL.com_Root_Certification_Authority_ECC.pem
2026-09-13T15:26:05.3023591Z Adding debian:SSL.com_Root_Certification_Authority_RSA.pem
2026-09-13T15:26:05.3029503Z Adding debian:SSL.com_TLS_ECC_Root_CA_2022.pem
2026-09-13T15:26:05.3039024Z Adding debian:SSL.com_TLS_RSA_Root_CA_2022.pem
2026-09-13T15:26:05.3044942Z Adding debian:SZAFIR_ROOT_CA2.pem
2026-09-13T15:26:05.3050027Z Adding debian:Sectigo_Public_Server_Authentication_Root_E46.pem
2026-09-13T15:26:05.3060186Z Adding debian:Sectigo_Public_Server_Authentication_Root_R46.pem
2026-09-13T15:26:05.3066409Z Adding debian:SecureSign_Root_CA12.pem
2026-09-13T15:26:05.3076935Z Adding debian:SecureSign_Root_CA14.pem
2026-09-13T15:26:05.3082612Z Adding debian:SecureSign_Root_CA15.pem
2026-09-13T15:26:05.3087150Z Adding debian:Security_Communication_ECC_RootCA1.pem
2026-09-13T15:26:05.3093659Z Adding debian:Security_Communication_RootCA2.pem
2026-09-13T15:26:05.3102667Z Adding debian:Starfield_Root_Certificate_Authority_-_G2.pem
2026-09-13T15:26:05.3108090Z Adding debian:Starfield_Services_Root_Certificate_Authority_-_G2.pem
2026-09-13T15:26:05.3119233Z Adding debian:SwissSign_RSA_TLS_Root_CA_2022_-_1.pem
2026-09-13T15:26:05.3125993Z Adding debian:T-TeleSec_GlobalRoot_Class_2.pem
2026-09-13T15:26:05.3133561Z Adding debian:T-TeleSec_GlobalRoot_Class_3.pem
2026-09-13T15:26:05.3142443Z Adding debian:TUBITAK_Kamu_SM_SSL_Kok_Sertifikasi_-_Surum_1.pem
2026-09-13T15:26:05.3153509Z Adding debian:TWCA_CYBER_Root_CA.pem
2026-09-13T15:26:05.3163578Z Adding debian:TWCA_Global_Root_CA.pem
2026-09-13T15:26:05.3169302Z Adding debian:TWCA_Root_Certification_Authority.pem
2026-09-13T15:26:05.3174022Z Adding debian:Telekom_Security_TLS_ECC_Root_2020.pem
2026-09-13T15:26:05.3190874Z Adding debian:Telekom_Security_TLS_RSA_Root_2023.pem
2026-09-13T15:26:05.3217468Z Adding debian:Telia_Root_CA_v2.pem
2026-09-13T15:26:05.3218221Z Adding debian:TrustAsia_Global_Root_CA_G3.pem
2026-09-13T15:26:05.3218739Z Adding debian:TrustAsia_Global_Root_CA_G4.pem
2026-09-13T15:26:05.3230445Z Adding debian:TrustAsia_TLS_ECC_Root_CA.pem
2026-09-13T15:26:05.3238311Z Adding debian:TrustAsia_TLS_RSA_Root_CA.pem
2026-09-13T15:26:05.3248406Z Adding debian:TunTrust_Root_CA.pem
2026-09-13T15:26:05.3257736Z Adding debian:UCA_Extended_Validation_Root.pem
2026-09-13T15:26:05.3270606Z Adding debian:UCA_Global_G2_Root.pem
2026-09-13T15:26:05.3276379Z Adding debian:USERTrust_ECC_Certification_Authority.pem
2026-09-13T15:26:05.3288720Z Adding debian:USERTrust_RSA_Certification_Authority.pem
2026-09-13T15:26:05.3300009Z Adding debian:certSIGN_Root_CA_G2.pem
2026-09-13T15:26:05.3306236Z Adding debian:e-Szigno_Root_CA_2017.pem
2026-09-13T15:26:05.3314894Z Adding debian:e-Szigno_TLS_Root_CA_2023.pem
2026-09-13T15:26:05.3328725Z Adding debian:ePKI_Root_Certification_Authority.pem
2026-09-13T15:26:05.3333604Z Adding debian:emSign_ECC_Root_CA_-_C3.pem
2026-09-13T15:26:05.3338198Z Adding debian:emSign_ECC_Root_CA_-_G3.pem
2026-09-13T15:26:05.3343961Z Adding debian:emSign_Root_CA_-_C1.pem
2026-09-13T15:26:05.3352643Z Adding debian:emSign_Root_CA_-_G1.pem
2026-09-13T15:26:05.3356947Z Adding debian:vTrus_ECC_Root_CA.pem
2026-09-13T15:26:05.3365143Z Adding debian:vTrus_Root_CA.pem
2026-09-13T15:26:05.4641294Z done.
2026-09-13T15:26:05.4666907Z Setting up libdate-manip-perl (6.95-1) ...
2026-09-13T15:26:05.4690265Z Setting up libxm4:amd64 (2.3.8-3.1build1) ...
2026-09-13T15:26:05.4711724Z Setting up libsynctex2:amd64 (2023.20230311.66589-9build3) ...
2026-09-13T15:26:05.4733555Z Setting up libpotrace0:amd64 (1.16-2build1) ...
2026-09-13T15:26:05.4756732Z Setting up libpdfbox-java (1:1.8.16-5) ...
2026-09-13T15:26:05.4779088Z Setting up openjdk-21-jre-headless:amd64 (21.0.12+8-1~24.04) ...
2026-09-13T15:26:05.5295446Z Setting up cups-bsd (2.4.7-1.2ubuntu7.14) ...
2026-09-13T15:26:05.6121365Z Setting up libcommons-parent-java (56-1) ...
2026-09-13T15:26:05.6146607Z Setting up libcommons-logging-java (1.3.0-1ubuntu1) ...
2026-09-13T15:26:05.6170418Z Setting up xfonts-utils (1:7.7+6build3) ...
2026-09-13T15:26:05.6211121Z Setting up mupdf-tools (1.23.10+ds1-1build3) ...
2026-09-13T15:26:05.6233491Z Setting up libspreadsheet-writeexcel-perl (2.40-4) ...
2026-09-13T15:26:05.6255739Z Setting up libatk-wrapper-java-jni:amd64 (0.40.0-3build2) ...
2026-09-13T15:26:05.6279113Z Setting up libbit-vector-perl:amd64 (7.4-3build1) ...
2026-09-13T15:26:05.6301375Z Setting up libptexenc1:amd64 (2023.20230311.66589-9build3) ...
2026-09-13T15:26:05.6323403Z Setting up libspreadsheet-parseexcel-perl (0.6600-1) ...
2026-09-13T15:26:05.6352969Z Setting up texlive-binaries (2023.20230311.66589-9build3) ...
2026-09-13T15:26:05.6400966Z update-alternatives: using /usr/bin/xdvi-xaw to provide /usr/bin/xdvi.bin (xdvi.bin) in auto mode
2026-09-13T15:26:05.6432399Z update-alternatives: using /usr/bin/bibtex.original to provide /usr/bin/bibtex (bibtex) in auto mode
2026-09-13T15:26:05.6477365Z Setting up lmodern (2.005-1) ...
2026-09-13T15:26:05.7820167Z Setting up xpdf (3.04+git20240202-1build3) ...
2026-09-13T15:26:05.7856141Z Setting up texlive-base (2023.20240207-1) ...
2026-09-13T15:26:06.2843217Z tl-paper: setting paper size for dvips to a4: /var/lib/texmf/dvips/config/config-paper.ps
2026-09-13T15:26:06.4493442Z tl-paper: setting paper size for dvipdfmx to a4: /var/lib/texmf/dvipdfmx/dvipdfmx-paper.cfg
2026-09-13T15:26:06.6131791Z tl-paper: setting paper size for xdvi to a4: /var/lib/texmf/xdvi/XDvi-paper
2026-09-13T15:26:06.7744610Z tl-paper: setting paper size for pdftex to a4: /var/lib/texmf/tex/generic/tex-ini-files/pdftexconfig.tex
2026-09-13T15:26:07.3013604Z Setting up tex-gyre (20180621-6) ...
2026-09-13T15:26:07.4176619Z Setting up libdate-calc-perl (6.4-2) ...
2026-09-13T15:26:07.4196954Z Setting up libdate-calc-xs-perl:amd64 (6.4-2build4) ...
2026-09-13T15:26:07.4218869Z Setting up texlive-plain-generic (2023.20240207-1) ...
2026-09-13T15:26:07.4257429Z Setting up fonts-urw-base35 (20200910-8) ...
2026-09-13T15:26:07.5985994Z Setting up texlive-latex-base (2023.20240207-1) ...
2026-09-13T15:26:07.6046310Z Setting up texlive-latex-recommended (2023.20240207-1) ...
2026-09-13T15:26:07.6081094Z Setting up texlive-pictures (2023.20240207-1) ...
2026-09-13T15:26:07.6131182Z Setting up texlive-fonts-recommended (2023.20240207-1) ...
2026-09-13T15:26:07.6181026Z Setting up tipa (2:1.3-21) ...
2026-09-13T15:26:07.6252781Z Setting up libgs10-common (10.02.1~dfsg1-0ubuntu7.8) ...
2026-09-13T15:26:07.6276890Z Setting up latexmk (1:4.83-1) ...
2026-09-13T15:26:07.6317776Z Setting up texlive-latex-extra (2023.20240207-1) ...
2026-09-13T15:26:07.6380044Z Setting up libgs10:amd64 (10.02.1~dfsg1-0ubuntu7.8) ...
2026-09-13T15:26:07.6401547Z Setting up dvisvgm (3.2.1+ds-1build1) ...
2026-09-13T15:26:07.6422666Z Setting up ghostscript (10.02.1~dfsg1-0ubuntu7.8) ...
2026-09-13T15:26:07.6477678Z Setting up gv (1:3.7.4-2build2) ...
2026-09-13T15:26:07.6618615Z Processing triggers for man-db (2.12.0-4build2) ...
2026-09-13T15:26:07.6639207Z Not building database; man-db/auto-update is not 'true'.
2026-09-13T15:26:07.6847956Z Processing triggers for tex-common (6.18) ...
2026-09-13T15:26:07.8246068Z Running mktexlsr. This may take some time... done.
2026-09-13T15:26:08.2123268Z Running updmap-sys. This may take some time... done.
2026-09-13T15:26:08.2298529Z Running mktexlsr /var/lib/texmf ... done.
2026-09-13T15:26:08.2969999Z Building format(s) --all.
2026-09-13T15:26:41.0785487Z 	This may take some time... done.
2026-09-13T15:26:41.0859131Z Processing triggers for install-info (7.1-3build2) ...
2026-09-13T15:26:41.3065114Z Processing triggers for fontconfig (2.15.0-1.1ubuntu2) ...
2026-09-13T15:26:41.5918372Z Processing triggers for hicolor-icon-theme (0.17-2) ...
2026-09-13T15:26:41.7799750Z Processing triggers for libc-bin (2.39-0ubuntu8.8) ...
2026-09-13T15:26:41.9674629Z Processing triggers for ca-certificates-java (20240118) ...
2026-09-13T15:26:42.0057667Z done.
2026-09-13T15:26:42.0098910Z Setting up openjdk-21-jre:amd64 (21.0.12+8-1~24.04) ...
2026-09-13T15:26:42.0204070Z Setting up default-jre-headless (2:1.21-75+exp1) ...
2026-09-13T15:26:42.0240646Z Setting up default-jre (2:1.21-75+exp1) ...
2026-09-13T15:26:42.4857225Z 
2026-09-13T15:26:42.4858153Z Running kernel seems to be up-to-date.
2026-09-13T15:26:42.4858507Z 
2026-09-13T15:26:42.4858696Z No services need to be restarted.
2026-09-13T15:26:42.4859006Z 
2026-09-13T15:26:42.4859172Z No containers need to be restarted.
2026-09-13T15:26:42.4859334Z 
2026-09-13T15:26:42.4859522Z No user sessions are running outdated binaries.
2026-09-13T15:26:42.4859835Z 
2026-09-13T15:26:42.4860024Z No VM guests are running outdated hypervisor (qemu) binaries on this host.
2026-09-13T15:26:43.2183404Z ##[group]Run uv run cffconvert --validate --infile CITATION.cff
2026-09-13T15:26:43.2183857Z [36;1muv run cffconvert --validate --infile CITATION.cff[0m
2026-09-13T15:26:43.2206691Z shell: /usr/bin/bash -e {0}
2026-09-13T15:26:43.2207050Z env:
2026-09-13T15:26:43.2207366Z   UV_PYTHON_INSTALL_DIR: /home/runner/work/_temp/uv-python-dir
2026-09-13T15:26:43.2207738Z   UV_PYTHON: 3.12
2026-09-13T15:26:43.2208042Z   UV_CACHE_DIR: /home/runner/work/_temp/setup-uv-cache
2026-09-13T15:26:43.2208385Z ##[endgroup]
2026-09-13T15:26:43.7716244Z Citation metadata are valid according to schema version 1.2.0.
2026-09-13T15:26:43.8033439Z ##[group]Run uv pip install --python .venv/bin/python --no-config --require-hashes --torch-backend cu129 --overrides requirements-formal.lock --dry-run -r requirements-formal.lock
2026-09-13T15:26:43.8034470Z [36;1muv pip install --python .venv/bin/python --no-config --require-hashes --torch-backend cu129 --overrides requirements-formal.lock --dry-run -r requirements-formal.lock[0m
2026-09-13T15:26:43.8035406Z [36;1muv pip install --python .venv/bin/python --no-config --no-deps --require-hashes --no-build-isolation-package flash-attn --dry-run -r requirements-formal-flash.txt[0m
2026-09-13T15:26:43.8057942Z shell: /usr/bin/bash -e {0}
2026-09-13T15:26:43.8058326Z env:
2026-09-13T15:26:43.8058650Z   UV_PYTHON_INSTALL_DIR: /home/runner/work/_temp/uv-python-dir
2026-09-13T15:26:43.8059018Z   UV_PYTHON: 3.12
2026-09-13T15:26:43.8059344Z   UV_CACHE_DIR: /home/runner/work/_temp/setup-uv-cache
2026-09-13T15:26:43.8059985Z ##[endgroup]
2026-09-13T15:26:44.4187321Z Resolved 113 packages in 564ms
2026-09-13T15:26:44.4202398Z Would download 41 packages
2026-09-13T15:26:44.4202790Z Would uninstall 39 packages
2026-09-13T15:26:44.4203221Z Would install 42 packages
2026-09-13T15:26:44.4221988Z  - accelerate==1.14.0
2026-09-13T15:26:44.4222351Z  + accelerate==1.13.0
2026-09-13T15:26:44.4222720Z  - click==8.4.2
2026-09-13T15:26:44.4223047Z  + click==8.5.0
2026-09-13T15:26:44.4223384Z  - coverage==7.15.4
2026-09-13T15:26:44.4223783Z  + coverage==7.16.0
2026-09-13T15:26:44.4224380Z  - datasets==4.8.5
2026-09-13T15:26:44.4224716Z  + datasets==4.8.4
2026-09-13T15:26:44.4225053Z  - filelock==3.32.3
2026-09-13T15:26:44.4225405Z  + filelock==3.32.4
2026-09-13T15:26:44.4225753Z  + gitdb==4.0.12
2026-09-13T15:26:44.4226069Z  + gitpython==3.1.61
2026-09-13T15:26:44.4226446Z  - huggingface-hub==1.27.0
2026-09-13T15:26:44.4226812Z  + huggingface-hub==1.29.0
2026-09-13T15:26:44.4227161Z  - idna==3.18
2026-09-13T15:26:44.4227545Z  + idna==3.19
2026-09-13T15:26:44.4227852Z  - kiwisolver==1.5.0
2026-09-13T15:26:44.4228220Z  + kiwisolver==1.5.1
2026-09-13T15:26:44.4228538Z  - mteb==2.19.3
2026-09-13T15:26:44.4228853Z  + mteb==2.18.16
2026-09-13T15:26:44.4229212Z  - narwhals==2.24.0
2026-09-13T15:26:44.4229625Z  + narwhals==2.25.0
2026-09-13T15:26:44.4229977Z  - numkong==7.8.0
2026-09-13T15:26:44.4230295Z  + numkong==7.8.1
2026-09-13T15:26:44.4230684Z  - nvidia-cublas-cu12==12.8.4.1
2026-09-13T15:26:44.4231105Z  + nvidia-cublas-cu12==12.9.1.4
2026-09-13T15:26:44.4231502Z  - nvidia-cuda-cupti-cu12==12.8.90
2026-09-13T15:26:44.4231938Z  + nvidia-cuda-cupti-cu12==12.9.79
2026-09-13T15:26:44.4232328Z  - nvidia-cuda-nvrtc-cu12==12.8.93
2026-09-13T15:26:44.4232699Z  + nvidia-cuda-nvrtc-cu12==12.9.86
2026-09-13T15:26:44.4233159Z  - nvidia-cuda-runtime-cu12==12.8.90
2026-09-13T15:26:44.4233573Z  + nvidia-cuda-runtime-cu12==12.9.79
2026-09-13T15:26:44.4233974Z  - nvidia-cufft-cu12==11.3.3.83
2026-09-13T15:26:44.4234406Z  + nvidia-cufft-cu12==11.4.1.4
2026-09-13T15:26:44.4234766Z  - nvidia-cufile-cu12==1.13.1.3
2026-09-13T15:26:44.4235203Z  + nvidia-cufile-cu12==1.14.1.1
2026-09-13T15:26:44.4235579Z  - nvidia-curand-cu12==10.3.9.90
2026-09-13T15:26:44.4235972Z  + nvidia-curand-cu12==10.3.10.19
2026-09-13T15:26:44.4236371Z  - nvidia-cusolver-cu12==11.7.3.90
2026-09-13T15:26:44.4236761Z  + nvidia-cusolver-cu12==11.7.5.82
2026-09-13T15:26:44.4237198Z  - nvidia-cusparse-cu12==12.5.8.93
2026-09-13T15:26:44.4237584Z  + nvidia-cusparse-cu12==12.5.10.65
2026-09-13T15:26:44.4238083Z  - nvidia-nvjitlink-cu12==12.8.93
2026-09-13T15:26:44.4238474Z  + nvidia-nvjitlink-cu12==12.9.86
2026-09-13T15:26:44.4238870Z  - nvidia-nvtx-cu12==12.8.90
2026-09-13T15:26:44.4239275Z  + nvidia-nvtx-cu12==12.9.79
2026-09-13T15:26:44.4239730Z  - platformdirs==4.11.3
2026-09-13T15:26:44.4240118Z  + platformdirs==4.11.5
2026-09-13T15:26:44.4240469Z  - polars==1.43.2
2026-09-13T15:26:44.4240818Z  + polars==1.44.1
2026-09-13T15:26:44.4241176Z  - polars-runtime-32==1.43.2
2026-09-13T15:26:44.4241549Z  + polars-runtime-32==1.44.1
2026-09-13T15:26:44.4241962Z  - protobuf==7.35.1
2026-09-13T15:26:44.4242224Z  + protobuf==7.36.0
2026-09-13T15:26:44.4242502Z  - pydantic==2.13.4
2026-09-13T15:26:44.4242774Z  + pydantic==2.13.5
2026-09-13T15:26:44.4243036Z  - pydantic-core==2.46.4
2026-09-13T15:26:44.4243303Z  + pydantic-core==2.46.5
2026-09-13T15:26:44.4243592Z  - pygments==2.20.0
2026-09-13T15:26:44.4243866Z  + pygments==2.21.0
2026-09-13T15:26:44.4244118Z  - regex==2026.7.19
2026-09-13T15:26:44.4244406Z  + regex==2026.8.31
2026-09-13T15:26:44.4244639Z  - ruff==0.16.3
2026-09-13T15:26:44.4244907Z  + ruff==0.16.5
2026-09-13T15:26:44.4245171Z  - scipy==1.18.0
2026-09-13T15:26:44.4245420Z  + scipy==1.18.1
2026-09-13T15:26:44.4245679Z  - sentry-sdk==2.68.0
2026-09-13T15:26:44.4245937Z  + sentry-sdk==2.68.1
2026-09-13T15:26:44.4246220Z  - setuptools==81.0.0
2026-09-13T15:26:44.4246594Z  + setuptools==84.0.0
2026-09-13T15:26:44.4246937Z  + smmap==5.0.3
2026-09-13T15:26:44.4247195Z  - torch==2.9.0
2026-09-13T15:26:44.4247465Z  + torch==2.9.1+cu129
2026-09-13T15:26:44.4247783Z  - triton==3.5.0
2026-09-13T15:26:44.4248050Z  + triton==3.5.1
2026-09-13T15:26:44.4248282Z  - typer==0.27.1
2026-09-13T15:26:44.4248552Z  + typer==0.27.2
2026-09-13T15:26:44.4248793Z  - wandb==0.28.2
2026-09-13T15:26:44.4249079Z  + wandb==0.26.1
2026-09-13T15:26:44.4249375Z  - xxhash==4.0.0
2026-09-13T15:26:44.4249826Z  + xxhash==4.0.1
2026-09-13T15:26:44.5647367Z Resolved 1 package in 127ms
2026-09-13T15:26:44.5647854Z Would download 1 package
2026-09-13T15:26:44.5648582Z Would install 1 package
2026-09-13T15:26:44.5649200Z  + flash-attn==2.7.4.post1
2026-09-13T15:26:44.5902432Z ##[group]Run uv pip install --python .venv/bin/python --no-config --require-hashes --torch-backend cu129 --overrides requirements-formal.lock -r requirements-formal.lock
2026-09-13T15:26:44.5903308Z [36;1muv pip install --python .venv/bin/python --no-config --require-hashes --torch-backend cu129 --overrides requirements-formal.lock -r requirements-formal.lock[0m
2026-09-13T15:26:44.5904028Z [36;1muv pip install --python .venv/bin/python --no-config --no-deps --require-hashes -r requirements-ci-flash-wheel.txt[0m
2026-09-13T15:26:44.5904934Z [36;1m.venv/bin/python -c 'import torch; import flash_attn_2_cuda; assert torch.version.cuda == "12.9"; assert torch._C._GLIBCXX_USE_CXX11_ABI; assert all(callable(getattr(flash_attn_2_cuda, n)) for n in ("fwd", "varlen_fwd", "bwd", "varlen_bwd", "fwd_kvcache"))'[0m
2026-09-13T15:26:44.5905731Z [36;1m.venv/bin/python -m embed_optim.runtime --spec configs/formal_runtime.json[0m
2026-09-13T15:26:44.5927881Z shell: /usr/bin/bash -e {0}
2026-09-13T15:26:44.5928151Z env:
2026-09-13T15:26:44.5928388Z   UV_PYTHON_INSTALL_DIR: /home/runner/work/_temp/uv-python-dir
2026-09-13T15:26:44.5928658Z   UV_PYTHON: 3.12
2026-09-13T15:26:44.5928867Z   UV_CACHE_DIR: /home/runner/work/_temp/setup-uv-cache
2026-09-13T15:26:44.5929116Z   CUDA_VISIBLE_DEVICES: 
2026-09-13T15:26:44.5929302Z ##[endgroup]
2026-09-13T15:26:44.6250743Z Resolved 113 packages in 17ms
2026-09-13T15:26:44.6886354Z Downloading nvidia-cusparse-cu12 (349.5MiB)
2026-09-13T15:26:44.6886780Z Downloading wandb (25.9MiB)
2026-09-13T15:26:44.6887018Z Downloading nvidia-curand-cu12 (65.1MiB)
2026-09-13T15:26:44.6887935Z Downloading nvidia-cusolver-cu12 (322.5MiB)
2026-09-13T15:26:44.6888653Z Downloading nvidia-cublas-cu12 (554.3MiB)
2026-09-13T15:26:44.6889440Z Downloading nvidia-nvjitlink-cu12 (37.9MiB)
2026-09-13T15:26:44.6890187Z Downloading nvidia-cufile-cu12 (1.2MiB)
2026-09-13T15:26:44.6891871Z Downloading ruff (9.8MiB)
2026-09-13T15:26:44.6893838Z Downloading kiwisolver (1.4MiB)
2026-09-13T15:26:44.6895869Z Downloading pygments (1.2MiB)
2026-09-13T15:26:44.6897372Z Downloading scipy (33.7MiB)
2026-09-13T15:26:44.6899209Z Downloading pydantic-core (2.0MiB)
2026-09-13T15:26:44.6900645Z Downloading numkong (10.0MiB)
2026-09-13T15:26:44.6901763Z Downloading nvidia-cuda-nvrtc-cu12 (85.4MiB)
2026-09-13T15:26:44.6904094Z Downloading nvidia-cuda-cupti-cu12 (10.3MiB)
2026-09-13T15:26:44.6905211Z Downloading polars-runtime-32 (55.8MiB)
2026-09-13T15:26:44.6906299Z Downloading nvidia-cuda-runtime-cu12 (3.3MiB)
2026-09-13T15:26:44.6907622Z Downloading nvidia-cufft-cu12 (191.6MiB)
2026-09-13T15:26:44.7020295Z Downloading triton (162.6MiB)
2026-09-13T15:26:44.7130804Z Downloading torch (1.2GiB)
2026-09-13T15:26:44.7415665Z Downloading mteb (5.8MiB)
2026-09-13T15:26:44.8589708Z  Downloaded nvidia-cufile-cu12
2026-09-13T15:26:44.8623998Z  Downloaded pygments
2026-09-13T15:26:44.8778643Z  Downloaded kiwisolver
2026-09-13T15:26:44.9072562Z  Downloaded pydantic-core
2026-09-13T15:26:44.9740944Z  Downloaded nvidia-cuda-runtime-cu12
2026-09-13T15:26:45.2542735Z  Downloaded ruff
2026-09-13T15:26:45.2884906Z  Downloaded nvidia-cuda-cupti-cu12
2026-09-13T15:26:45.3490644Z  Downloaded numkong
2026-09-13T15:26:45.4013536Z  Downloaded mteb
2026-09-13T15:26:45.8680644Z  Downloaded wandb
2026-09-13T15:26:46.0520655Z  Downloaded scipy
2026-09-13T15:26:46.3240710Z  Downloaded nvidia-nvjitlink-cu12
2026-09-13T15:26:46.6870792Z  Downloaded polars-runtime-32
2026-09-13T15:26:46.7631103Z  Downloaded nvidia-curand-cu12
2026-09-13T15:26:47.3191902Z  Downloaded nvidia-cuda-nvrtc-cu12
2026-09-13T15:26:49.3000834Z  Downloaded nvidia-cufft-cu12
2026-09-13T15:26:51.5019887Z  Downloaded triton
2026-09-13T15:26:55.6788797Z  Downloaded nvidia-cusparse-cu12
2026-09-13T15:26:55.6906232Z  Downloaded nvidia-cusolver-cu12
2026-09-13T15:26:59.7178075Z  Downloaded nvidia-cublas-cu12
2026-09-13T15:27:05.3324035Z  Downloaded torch
2026-09-13T15:27:05.4075702Z Prepared 41 packages in 20.78s
2026-09-13T15:27:05.6406210Z Uninstalled 39 packages in 232ms
2026-09-13T15:27:05.8550637Z Installed 42 packages in 214ms
2026-09-13T15:27:05.8614989Z  - accelerate==1.14.0
2026-09-13T15:27:05.8615278Z  + accelerate==1.13.0
2026-09-13T15:27:05.8615534Z  - click==8.4.2
2026-09-13T15:27:05.8615773Z  + click==8.5.0
2026-09-13T15:27:05.8616015Z  - coverage==7.15.4
2026-09-13T15:27:05.8616421Z  + coverage==7.16.0
2026-09-13T15:27:05.8616693Z  - datasets==4.8.5
2026-09-13T15:27:05.8616936Z  + datasets==4.8.4
2026-09-13T15:27:05.8617180Z  - filelock==3.32.3
2026-09-13T15:27:05.8617417Z  + filelock==3.32.4
2026-09-13T15:27:05.8617644Z  + gitdb==4.0.12
2026-09-13T15:27:05.8617885Z  + gitpython==3.1.61
2026-09-13T15:27:05.8618154Z  - huggingface-hub==1.27.0
2026-09-13T15:27:05.8618489Z  + huggingface-hub==1.29.0
2026-09-13T15:27:05.8618804Z  - idna==3.18
2026-09-13T15:27:05.8619055Z  + idna==3.19
2026-09-13T15:27:05.8619303Z  - kiwisolver==1.5.0
2026-09-13T15:27:05.8619712Z  + kiwisolver==1.5.1
2026-09-13T15:27:05.8620037Z  - mteb==2.19.3
2026-09-13T15:27:05.8620329Z  + mteb==2.18.16
2026-09-13T15:27:05.8620621Z  - narwhals==2.24.0
2026-09-13T15:27:05.8620889Z  + narwhals==2.25.0
2026-09-13T15:27:05.8621127Z  - numkong==7.8.0
2026-09-13T15:27:05.8621402Z  + numkong==7.8.1
2026-09-13T15:27:05.8621706Z  - nvidia-cublas-cu12==12.8.4.1
2026-09-13T15:27:05.8622075Z  + nvidia-cublas-cu12==12.9.1.4
2026-09-13T15:27:05.8622425Z  - nvidia-cuda-cupti-cu12==12.8.90
2026-09-13T15:27:05.8622769Z  + nvidia-cuda-cupti-cu12==12.9.79
2026-09-13T15:27:05.8623148Z  - nvidia-cuda-nvrtc-cu12==12.8.93
2026-09-13T15:27:05.8623486Z  + nvidia-cuda-nvrtc-cu12==12.9.86
2026-09-13T15:27:05.8623822Z  - nvidia-cuda-runtime-cu12==12.8.90
2026-09-13T15:27:05.8624199Z  + nvidia-cuda-runtime-cu12==12.9.79
2026-09-13T15:27:05.8624569Z  - nvidia-cufft-cu12==11.3.3.83
2026-09-13T15:27:05.8624904Z  + nvidia-cufft-cu12==11.4.1.4
2026-09-13T15:27:05.8625247Z  - nvidia-cufile-cu12==1.13.1.3
2026-09-13T15:27:05.8625575Z  + nvidia-cufile-cu12==1.14.1.1
2026-09-13T15:27:05.8625920Z  - nvidia-curand-cu12==10.3.9.90
2026-09-13T15:27:05.8626278Z  + nvidia-curand-cu12==10.3.10.19
2026-09-13T15:27:05.8626631Z  - nvidia-cusolver-cu12==11.7.3.90
2026-09-13T15:27:05.8626982Z  + nvidia-cusolver-cu12==11.7.5.82
2026-09-13T15:27:05.8627344Z  - nvidia-cusparse-cu12==12.5.8.93
2026-09-13T15:27:05.8627712Z  + nvidia-cusparse-cu12==12.5.10.65
2026-09-13T15:27:05.8628077Z  - nvidia-nvjitlink-cu12==12.8.93
2026-09-13T15:27:05.8628421Z  + nvidia-nvjitlink-cu12==12.9.86
2026-09-13T15:27:05.8628805Z  - nvidia-nvtx-cu12==12.8.90
2026-09-13T15:27:05.8629139Z  + nvidia-nvtx-cu12==12.9.79
2026-09-13T15:27:05.8629428Z  - platformdirs==4.11.3
2026-09-13T15:27:05.8629808Z  + platformdirs==4.11.5
2026-09-13T15:27:05.8630098Z  - polars==1.43.2
2026-09-13T15:27:05.8630341Z  + polars==1.44.1
2026-09-13T15:27:05.8630612Z  - polars-runtime-32==1.43.2
2026-09-13T15:27:05.8630963Z  + polars-runtime-32==1.44.1
2026-09-13T15:27:05.8631283Z  - protobuf==7.35.1
2026-09-13T15:27:05.8631580Z  + protobuf==7.36.0
2026-09-13T15:27:05.8631864Z  - pydantic==2.13.4
2026-09-13T15:27:05.8632117Z  + pydantic==2.13.5
2026-09-13T15:27:05.8632513Z  - pydantic-core==2.46.4
2026-09-13T15:27:05.8632715Z  + pydantic-core==2.46.5
2026-09-13T15:27:05.8633026Z  - pygments==2.20.0
2026-09-13T15:27:05.8633361Z  + pygments==2.21.0
2026-09-13T15:27:05.8633548Z  - regex==2026.7.19
2026-09-13T15:27:05.8633715Z  + regex==2026.8.31
2026-09-13T15:27:05.8633920Z  - ruff==0.16.3
2026-09-13T15:27:05.8634264Z  + ruff==0.16.5
2026-09-13T15:27:05.8634560Z  - scipy==1.18.0
2026-09-13T15:27:05.8634819Z  + scipy==1.18.1
2026-09-13T15:27:05.8635124Z  - sentry-sdk==2.68.0
2026-09-13T15:27:05.8635624Z  + sentry-sdk==2.68.1
2026-09-13T15:27:05.8636018Z  - setuptools==81.0.0
2026-09-13T15:27:05.8636424Z  + setuptools==84.0.0
2026-09-13T15:27:05.8636613Z  + smmap==5.0.3
2026-09-13T15:27:05.8636777Z  - torch==2.9.0
2026-09-13T15:27:05.8636943Z  + torch==2.9.1+cu129
2026-09-13T15:27:05.8637137Z  - triton==3.5.0
2026-09-13T15:27:05.8637635Z  + triton==3.5.1
2026-09-13T15:27:05.8637806Z  - typer==0.27.1
2026-09-13T15:27:05.8638057Z  + typer==0.27.2
2026-09-13T15:27:05.8638369Z  - wandb==0.28.2
2026-09-13T15:27:05.8638536Z  + wandb==0.26.1
2026-09-13T15:27:05.8638697Z  - xxhash==4.0.0
2026-09-13T15:27:05.8638859Z  + xxhash==4.0.1
2026-09-13T15:27:12.2764055Z Resolved 1 package in 6.39s
2026-09-13T15:27:12.4450257Z Downloading flash-attn (183.9MiB)
2026-09-13T15:27:17.4193008Z  Downloaded flash-attn
2026-09-13T15:27:17.5058916Z Prepared 1 package in 5.22s
2026-09-13T15:27:17.6222622Z Installed 1 package in 116ms
2026-09-13T15:27:17.6224755Z  + flash-attn==2.7.4.post1 (from https://huggingface.co/datasets/qcz/embedding-optimizer-study-analysis-artifacts/resolve/18c1ab7abc636d2542be6831591f31c171c7dcf6/runtime/flash-attention-2.7.4.post1-cu129-cp312-v1/c097029fa6c92cdcb690eba43c2c5ae93cec52dd70caeafd834ae2aaa4a97a2d/flash_attn-2.7.4.post1-cp312-cp312-linux_x86_64.whl)
2026-09-13T15:27:22.2248533Z {
2026-09-13T15:27:22.2248992Z   "problems": [],
2026-09-13T15:27:22.2249420Z   "runtime": {
2026-09-13T15:27:22.2250032Z     "packages": {
2026-09-13T15:27:22.2250494Z       "accelerate": "1.13.0",
2026-09-13T15:27:22.2250961Z       "datasets": "4.8.4",
2026-09-13T15:27:22.2251400Z       "fast-plaid": "1.6.0.290",
2026-09-13T15:27:22.2251869Z       "flash-attn": "2.7.4.post1",
2026-09-13T15:27:22.2252372Z       "late-interaction-kernels": "0.4.5",
2026-09-13T15:27:22.2252880Z       "mteb": "2.18.16",
2026-09-13T15:27:22.2253270Z       "pylate": "1.6.0",
2026-09-13T15:27:22.2253712Z       "sentence-transformers": "5.7.0",
2026-09-13T15:27:22.2254215Z       "torch": "2.9.1+cu129",
2026-09-13T15:27:22.2254657Z       "transformers": "5.3.0",
2026-09-13T15:27:22.2255105Z       "usearch": "2.26.0",
2026-09-13T15:27:22.2255527Z       "wandb": "0.26.1"
2026-09-13T15:27:22.2255919Z     },
2026-09-13T15:27:22.2256261Z     "python": "3.12.3",
2026-09-13T15:27:22.2256721Z     "python_executable": "/usr/bin/python3.12",
2026-09-13T15:27:22.2257259Z     "torch_cuda": "12.9"
2026-09-13T15:27:22.2257673Z   },
2026-09-13T15:27:22.2258009Z   "valid": true
2026-09-13T15:27:22.2258388Z }
2026-09-13T15:27:22.4414071Z ##[group]Run uv build
2026-09-13T15:27:22.4414322Z [36;1muv build[0m
2026-09-13T15:27:22.4631265Z shell: /usr/bin/bash -e {0}
2026-09-13T15:27:22.4631506Z env:
2026-09-13T15:27:22.4631746Z   UV_PYTHON_INSTALL_DIR: /home/runner/work/_temp/uv-python-dir
2026-09-13T15:27:22.4632029Z   UV_PYTHON: 3.12
2026-09-13T15:27:22.4632243Z   UV_CACHE_DIR: /home/runner/work/_temp/setup-uv-cache
2026-09-13T15:27:22.4632489Z ##[endgroup]
2026-09-13T15:27:22.6372362Z Building source distribution...
2026-09-13T15:27:23.5161551Z running egg_info
2026-09-13T15:27:23.5171580Z writing src/embedding_optimizer_study.egg-info/PKG-INFO
2026-09-13T15:27:23.5249816Z writing dependency_links to src/embedding_optimizer_study.egg-info/dependency_links.txt
2026-09-13T15:27:23.5257657Z writing entry points to src/embedding_optimizer_study.egg-info/entry_points.txt
2026-09-13T15:27:23.5333222Z writing requirements to src/embedding_optimizer_study.egg-info/requires.txt
2026-09-13T15:27:23.5398426Z writing top-level names to src/embedding_optimizer_study.egg-info/top_level.txt
2026-09-13T15:27:23.5558599Z reading manifest file 'src/embedding_optimizer_study.egg-info/SOURCES.txt'
2026-09-13T15:27:23.5604626Z reading manifest template 'MANIFEST.in'
2026-09-13T15:27:23.5610497Z adding license file 'LICENSE'
2026-09-13T15:27:23.5655291Z writing manifest file 'src/embedding_optimizer_study.egg-info/SOURCES.txt'
2026-09-13T15:27:23.7158983Z running sdist
2026-09-13T15:27:23.7159355Z running egg_info
2026-09-13T15:27:23.7176014Z writing src/embedding_optimizer_study.egg-info/PKG-INFO
2026-09-13T15:27:23.7904049Z writing dependency_links to src/embedding_optimizer_study.egg-info/dependency_links.txt
2026-09-13T15:27:23.7913437Z writing entry points to src/embedding_optimizer_study.egg-info/entry_points.txt
2026-09-13T15:27:23.8952767Z writing requirements to src/embedding_optimizer_study.egg-info/requires.txt
2026-09-13T15:27:23.9806721Z writing top-level names to src/embedding_optimizer_study.egg-info/top_level.txt
2026-09-13T15:27:23.9892102Z reading manifest file 'src/embedding_optimizer_study.egg-info/SOURCES.txt'
2026-09-13T15:27:23.9934986Z reading manifest template 'MANIFEST.in'
2026-09-13T15:27:23.9940476Z adding license file 'LICENSE'
2026-09-13T15:27:23.9982351Z writing manifest file 'src/embedding_optimizer_study.egg-info/SOURCES.txt'
2026-09-13T15:27:24.1025163Z running check
2026-09-13T15:27:24.1162298Z creating embedding_optimizer_study-0.1.0
2026-09-13T15:27:24.1170399Z creating embedding_optimizer_study-0.1.0/configs
2026-09-13T15:27:24.1171043Z creating embedding_optimizer_study-0.1.0/configs/generated/confirmatory
2026-09-13T15:27:24.1171986Z creating embedding_optimizer_study-0.1.0/configs/generated/short-branch
2026-09-13T15:27:24.1172930Z creating embedding_optimizer_study-0.1.0/docs
2026-09-13T15:27:24.1173550Z creating embedding_optimizer_study-0.1.0/paper
2026-09-13T15:27:24.1174530Z creating embedding_optimizer_study-0.1.0/paper/current
2026-09-13T15:27:24.1175373Z creating embedding_optimizer_study-0.1.0/paper/current/figures
2026-09-13T15:27:24.1176201Z creating embedding_optimizer_study-0.1.0/paper/current/generated
2026-09-13T15:27:24.1177042Z creating embedding_optimizer_study-0.1.0/paper/current/vendor
2026-09-13T15:27:24.1177876Z creating embedding_optimizer_study-0.1.0/paper/generated
2026-09-13T15:27:24.1178796Z creating embedding_optimizer_study-0.1.0/reports/candidate-breadth
2026-09-13T15:27:24.1180037Z creating embedding_optimizer_study-0.1.0/reports/confirmatory-data
2026-09-13T15:27:24.1180880Z creating embedding_optimizer_study-0.1.0/reports/dense-discovery
2026-09-13T15:27:24.1181776Z creating embedding_optimizer_study-0.1.0/reports/dense-discovery/figures
2026-09-13T15:27:24.1182605Z creating embedding_optimizer_study-0.1.0/reports/dense-retrieval-dynamics
2026-09-13T15:27:24.1183488Z creating embedding_optimizer_study-0.1.0/reports/retrieval-dynamics-dense
2026-09-13T15:27:24.1184312Z creating embedding_optimizer_study-0.1.0/reports/short-branch
2026-09-13T15:27:24.1185514Z creating embedding_optimizer_study-0.1.0/reports/state-operator-factorial
2026-09-13T15:27:24.1186191Z creating embedding_optimizer_study-0.1.0/reports/tail-stability
2026-09-13T15:27:24.1186858Z creating embedding_optimizer_study-0.1.0/reports/three-regime-diagnostic
2026-09-13T15:27:24.1187538Z creating embedding_optimizer_study-0.1.0/reports/training-dynamics
2026-09-13T15:27:24.1188536Z creating embedding_optimizer_study-0.1.0/reports/wandb
2026-09-13T15:27:24.1189109Z creating embedding_optimizer_study-0.1.0/reports/weight-space
2026-09-13T15:27:24.1190000Z creating embedding_optimizer_study-0.1.0/scripts
2026-09-13T15:27:24.1191074Z creating embedding_optimizer_study-0.1.0/scripts/eval
2026-09-13T15:27:24.1191910Z creating embedding_optimizer_study-0.1.0/src/embed_optim
2026-09-13T15:27:24.1193502Z creating embedding_optimizer_study-0.1.0/src/embed_optim_restore
2026-09-13T15:27:24.1194197Z creating embedding_optimizer_study-0.1.0/src/embed_optim_restore/references
2026-09-13T15:27:24.1194973Z creating embedding_optimizer_study-0.1.0/src/embedding_optimizer_study.egg-info
2026-09-13T15:27:24.1195595Z creating embedding_optimizer_study-0.1.0/tests
2026-09-13T15:27:24.1196031Z copying files to embedding_optimizer_study-0.1.0...
2026-09-13T15:27:24.1196706Z copying AGENTS.md -> embedding_optimizer_study-0.1.0
2026-09-13T15:27:24.1201466Z copying CITATION.cff -> embedding_optimizer_study-0.1.0
2026-09-13T15:27:24.1204146Z copying CODE_OF_CONDUCT.md -> embedding_optimizer_study-0.1.0
2026-09-13T15:27:24.1206951Z copying CONTRIBUTING.md -> embedding_optimizer_study-0.1.0
2026-09-13T15:27:24.1210086Z copying CURRENT_EXPERIMENT.md -> embedding_optimizer_study-0.1.0
2026-09-13T15:27:24.1212218Z copying CURRENT_PROGRESS.json -> embedding_optimizer_study-0.1.0
2026-09-13T15:27:24.1215911Z copying LICENSE -> embedding_optimizer_study-0.1.0
2026-09-13T15:27:24.1218799Z copying MANIFEST.in -> embedding_optimizer_study-0.1.0
2026-09-13T15:27:24.1219739Z copying PROJECT_STATUS.md -> embedding_optimizer_study-0.1.0
2026-09-13T15:27:24.1222739Z copying README.md -> embedding_optimizer_study-0.1.0
2026-09-13T15:27:24.1223725Z copying SECURITY.md -> embedding_optimizer_study-0.1.0
2026-09-13T15:27:24.1226494Z copying THIRD_PARTY_NOTICES.md -> embedding_optimizer_study-0.1.0
2026-09-13T15:27:24.1228678Z copying pyproject.toml -> embedding_optimizer_study-0.1.0
2026-09-13T15:27:24.1229740Z copying requirements-formal-flash.txt -> embedding_optimizer_study-0.1.0
2026-09-13T15:27:24.1230492Z copying requirements-formal.lock -> embedding_optimizer_study-0.1.0
2026-09-13T15:27:24.1233046Z copying configs/basis_sensitivity.json -> embedding_optimizer_study-0.1.0/configs
2026-09-13T15:27:24.1234836Z copying configs/beir_representation_probe.json -> embedding_optimizer_study-0.1.0/configs
2026-09-13T15:27:24.1237548Z copying configs/candidate_breadth_probe.json -> embedding_optimizer_study-0.1.0/configs
2026-09-13T15:27:24.1240235Z copying configs/causal_chain_analysis.json -> embedding_optimizer_study-0.1.0/configs
2026-09-13T15:27:24.1242370Z copying configs/common_state_probe.json -> embedding_optimizer_study-0.1.0/configs
2026-09-13T15:27:24.1244584Z copying configs/common_state_spectrum_probe.json -> embedding_optimizer_study-0.1.0/configs
2026-09-13T15:27:24.1247248Z copying configs/confirmatory_protocol.json -> embedding_optimizer_study-0.1.0/configs
2026-09-13T15:27:24.1249445Z copying configs/corpus_size_diagnostic.json -> embedding_optimizer_study-0.1.0/configs
2026-09-13T15:27:24.1251774Z copying configs/dense_correctness_candidate.yaml -> embedding_optimizer_study-0.1.0/configs
2026-09-13T15:27:24.1254052Z copying configs/dense_dimension_utilization_protocol.json -> embedding_optimizer_study-0.1.0/configs
2026-09-13T15:27:24.1256467Z copying configs/dense_no_packing_analysis_protocol.json -> embedding_optimizer_study-0.1.0/configs
2026-09-13T15:27:24.1258726Z copying configs/dense_no_packing_backup_provenance_migration.json -> embedding_optimizer_study-0.1.0/configs
2026-09-13T15:27:24.1260503Z copying configs/dense_no_packing_bridge_implementation_protocol.json -> embedding_optimizer_study-0.1.0/configs
2026-09-13T15:27:24.1261734Z copying configs/dense_no_packing_bridge_implementation_protocol_v2.json -> embedding_optimizer_study-0.1.0/configs
2026-09-13T15:27:24.1263929Z copying configs/dense_no_packing_completion_contract_migration.json -> embedding_optimizer_study-0.1.0/configs
2026-09-13T15:27:24.1266030Z copying configs/dense_no_packing_evaluation_protocol.json -> embedding_optimizer_study-0.1.0/configs
2026-09-13T15:27:24.1268302Z copying configs/dense_no_packing_execution_protocol.json -> embedding_optimizer_study-0.1.0/configs
2026-09-13T15:27:24.1269959Z copying configs/dense_no_packing_matrix_handoff_guard.json -> embedding_optimizer_study-0.1.0/configs
2026-09-13T15:27:24.1272052Z copying configs/dense_no_packing_outcome_protocol.json -> embedding_optimizer_study-0.1.0/configs
2026-09-13T15:27:24.1273913Z copying configs/dense_no_packing_preflight.yaml -> embedding_optimizer_study-0.1.0/configs
2026-09-13T15:27:24.1275451Z copying configs/dense_no_packing_preflight_protocol.json -> embedding_optimizer_study-0.1.0/configs
2026-09-13T15:27:24.1277512Z copying configs/dense_no_packing_publication_layout_migration.json -> embedding_optimizer_study-0.1.0/configs
2026-09-13T15:27:24.1279088Z copying configs/dense_no_packing_publication_narrative_migration.json -> embedding_optimizer_study-0.1.0/configs
2026-09-13T15:27:24.1281170Z copying configs/dense_no_packing_publication_protocol.json -> embedding_optimizer_study-0.1.0/configs
2026-09-13T15:27:24.1283438Z copying configs/dense_no_packing_retrain.yaml -> embedding_optimizer_study-0.1.0/configs
2026-09-13T15:27:24.1284944Z copying configs/dense_no_packing_sensitivity_implementation_protocol.json -> embedding_optimizer_study-0.1.0/configs
2026-09-13T15:27:24.1287332Z copying configs/dense_no_packing_state_operator_abstract_compliance_migration.json -> embedding_optimizer_study-0.1.0/configs
2026-09-13T15:27:24.1289686Z copying configs/dense_no_packing_state_operator_claim_wording_amendment.json -> embedding_optimizer_study-0.1.0/configs
2026-09-13T15:27:24.1291751Z copying configs/dense_no_packing_state_operator_factorial_completion_protocol.json -> embedding_optimizer_study-0.1.0/configs
2026-09-13T15:27:24.1293821Z copying configs/dense_no_packing_state_operator_factorial_implementation_protocol.json -> embedding_optimizer_study-0.1.0/configs
2026-09-13T15:27:24.1295589Z copying configs/dense_no_packing_state_operator_factorial_protocol.json -> embedding_optimizer_study-0.1.0/configs
2026-09-13T15:27:24.1297797Z copying configs/dense_no_packing_state_operator_factorial_publication_protocol.json -> embedding_optimizer_study-0.1.0/configs
2026-09-13T15:27:24.1300192Z copying configs/dense_no_packing_state_operator_weight_space_narrative_migration.json -> embedding_optimizer_study-0.1.0/configs
2026-09-13T15:27:24.1302231Z copying configs/dense_primary_dimension_archive_protocol.json -> embedding_optimizer_study-0.1.0/configs
2026-09-13T15:27:24.1304558Z copying configs/dense_primary_dimension_export_protocol.json -> embedding_optimizer_study-0.1.0/configs
2026-09-13T15:27:24.1306696Z copying configs/dense_primary_dimension_handoff_protocol.json -> embedding_optimizer_study-0.1.0/configs
2026-09-13T15:27:24.1308915Z copying configs/dense_primary_v2_protocol.json -> embedding_optimizer_study-0.1.0/configs
2026-09-13T15:27:24.1311188Z copying configs/dense_primary_v3_bridge_protocol.json -> embedding_optimizer_study-0.1.0/configs
2026-09-13T15:27:24.1313500Z copying configs/dense_primary_v3_data_amendment.json -> embedding_optimizer_study-0.1.0/configs
2026-09-13T15:27:24.1316151Z copying configs/dense_primary_v3_dimension_inference_protocol.json -> embedding_optimizer_study-0.1.0/configs
2026-09-13T15:27:24.1318252Z copying configs/dense_primary_v3_dimensions_protocol.json -> embedding_optimizer_study-0.1.0/configs
2026-09-13T15:27:24.1321161Z copying configs/dense_primary_v3_exact_bridge_protocol.json -> embedding_optimizer_study-0.1.0/configs
2026-09-13T15:27:24.1322859Z copying configs/dense_primary_v3_exact_geometry_protocol.json -> embedding_optimizer_study-0.1.0/configs
2026-09-13T15:27:24.1325505Z copying configs/dense_primary_v3_exact_publication_protocol.json -> embedding_optimizer_study-0.1.0/configs
2026-09-13T15:27:24.1327875Z copying configs/dense_primary_v3_geometry_protocol.json -> embedding_optimizer_study-0.1.0/configs
2026-09-13T15:27:24.1329450Z copying configs/dense_primary_v3_geometry_protocol_v2.json -> embedding_optimizer_study-0.1.0/configs
2026-09-13T15:27:24.1332293Z copying configs/dense_primary_v3_outcome_protocol.json -> embedding_optimizer_study-0.1.0/configs
2026-09-13T15:27:24.1334854Z copying configs/dense_primary_v3_outcome_protocol_v2.json -> embedding_optimizer_study-0.1.0/configs
2026-09-13T15:27:24.1336796Z copying configs/dense_primary_v3_protocol.json -> embedding_optimizer_study-0.1.0/configs
2026-09-13T15:27:24.1339201Z copying configs/dense_primary_v3_publication_protocol.json -> embedding_optimizer_study-0.1.0/configs
2026-09-13T15:27:24.1342051Z copying configs/dense_primary_v3_validation_protocol.json -> embedding_optimizer_study-0.1.0/configs
2026-09-13T15:27:24.1345734Z copying configs/dense_retrieval_dynamics_extension.json -> embedding_optimizer_study-0.1.0/configs
2026-09-13T15:27:24.1347287Z copying configs/dense_scope_amendment.json -> embedding_optimizer_study-0.1.0/configs
2026-09-13T15:27:24.1349486Z copying configs/dense_training_queue.json -> embedding_optimizer_study-0.1.0/configs
2026-09-13T15:27:24.1351905Z copying configs/dense_weight_entry_measurement_amendment.json -> embedding_optimizer_study-0.1.0/configs
2026-09-13T15:27:24.1353481Z copying configs/experiment.yaml -> embedding_optimizer_study-0.1.0/configs
2026-09-13T15:27:24.1355462Z copying configs/formal_runtime.json -> embedding_optimizer_study-0.1.0/configs
2026-09-13T15:27:24.1356307Z copying configs/formal_runtime_constraints.txt -> embedding_optimizer_study-0.1.0/configs
2026-09-13T15:27:24.1357025Z copying configs/functional_intervention.json -> embedding_optimizer_study-0.1.0/configs
2026-09-13T15:27:24.1358676Z copying configs/hybrid_adamw.yaml -> embedding_optimizer_study-0.1.0/configs
2026-09-13T15:27:24.1360760Z copying configs/hybrid_adamw_control.json -> embedding_optimizer_study-0.1.0/configs
2026-09-13T15:27:24.1362977Z copying configs/local_global_reversal.json -> embedding_optimizer_study-0.1.0/configs
2026-09-13T15:27:24.1365321Z copying configs/loss_retrieval_diagnostic.json -> embedding_optimizer_study-0.1.0/configs
2026-09-13T15:27:24.1367516Z copying configs/mechanism_analysis_integration.json -> embedding_optimizer_study-0.1.0/configs
2026-09-13T15:27:24.1369879Z copying configs/paper_claim_protocol.json -> embedding_optimizer_study-0.1.0/configs
2026-09-13T15:27:24.1375445Z copying configs/portable_paper_evidence.json -> embedding_optimizer_study-0.1.0/configs
2026-09-13T15:27:24.1411919Z copying configs/representation_probe.json -> embedding_optimizer_study-0.1.0/configs
2026-09-13T15:27:24.2073644Z copying configs/retrieval_dynamics_protocol.json -> embedding_optimizer_study-0.1.0/configs
2026-09-13T15:27:24.2076068Z copying configs/short_branch_protocol.json -> embedding_optimizer_study-0.1.0/configs
2026-09-13T15:27:24.2078675Z copying configs/smoke.yaml -> embedding_optimizer_study-0.1.0/configs
2026-09-13T15:27:24.2081223Z copying configs/spectral_transplant_intervention.json -> embedding_optimizer_study-0.1.0/configs
2026-09-13T15:27:24.2084812Z copying configs/stress.yaml -> embedding_optimizer_study-0.1.0/configs
2026-09-13T15:27:24.2087105Z copying configs/tail_stability_analysis.json -> embedding_optimizer_study-0.1.0/configs
2026-09-13T15:27:24.2089931Z copying configs/three_regime_diagnostic.json -> embedding_optimizer_study-0.1.0/configs
2026-09-13T15:27:24.2092212Z copying configs/training_data_contract.json -> embedding_optimizer_study-0.1.0/configs
2026-09-13T15:27:24.2094374Z copying configs/validation_probe.json -> embedding_optimizer_study-0.1.0/configs
2026-09-13T15:27:24.2097236Z copying configs/generated/confirmatory/seed161803.yaml -> embedding_optimizer_study-0.1.0/configs/generated/confirmatory
2026-09-13T15:27:24.2098927Z copying configs/generated/confirmatory/seed271828.yaml -> embedding_optimizer_study-0.1.0/configs/generated/confirmatory
2026-09-13T15:27:24.2101456Z copying configs/generated/confirmatory/seed314159.yaml -> embedding_optimizer_study-0.1.0/configs/generated/confirmatory
2026-09-13T15:27:24.2103414Z copying configs/generated/short-branch/seed161803.yaml -> embedding_optimizer_study-0.1.0/configs/generated/short-branch
2026-09-13T15:27:24.2105720Z copying configs/generated/short-branch/seed271828.yaml -> embedding_optimizer_study-0.1.0/configs/generated/short-branch
2026-09-13T15:27:24.2107439Z copying configs/generated/short-branch/seed314159.yaml -> embedding_optimizer_study-0.1.0/configs/generated/short-branch
2026-09-13T15:27:24.2108943Z copying docs/checkpoint-restoration.md -> embedding_optimizer_study-0.1.0/docs
2026-09-13T15:27:24.2111017Z copying docs/completion-gates.md -> embedding_optimizer_study-0.1.0/docs
2026-09-13T15:27:24.2113568Z copying docs/continuation-outcomes-restoration.md -> embedding_optimizer_study-0.1.0/docs
2026-09-13T15:27:24.2115636Z copying docs/continuation-probe-restoration.md -> embedding_optimizer_study-0.1.0/docs
2026-09-13T15:27:24.2116946Z copying docs/current-training-source.md -> embedding_optimizer_study-0.1.0/docs
2026-09-13T15:27:24.2119116Z copying docs/dense-eval-handoff.md -> embedding_optimizer_study-0.1.0/docs
2026-09-13T15:27:24.2120766Z copying docs/dense-no-packing-retrain.md -> embedding_optimizer_study-0.1.0/docs
2026-09-13T15:27:24.2123158Z copying docs/endpoint-statistics-restoration.md -> embedding_optimizer_study-0.1.0/docs
2026-09-13T15:27:24.2125128Z copying docs/evaluation-analysis-restoration.md -> embedding_optimizer_study-0.1.0/docs
2026-09-13T15:27:24.2127483Z copying docs/first-stage-evaluation-restoration.md -> embedding_optimizer_study-0.1.0/docs
2026-09-13T15:27:24.2129846Z copying docs/fourth-stage-evaluation-restoration.md -> embedding_optimizer_study-0.1.0/docs
2026-09-13T15:27:24.2131971Z copying docs/fourth-stage-pool-b-evaluation-restoration.md -> embedding_optimizer_study-0.1.0/docs
2026-09-13T15:27:24.2134101Z copying docs/functional-analysis-restoration.md -> embedding_optimizer_study-0.1.0/docs
2026-09-13T15:27:24.2135939Z copying docs/naacl-dense-paper-plan.md -> embedding_optimizer_study-0.1.0/docs
2026-09-13T15:27:24.2137994Z copying docs/naacl-paper-plan.md -> embedding_optimizer_study-0.1.0/docs
2026-09-13T15:27:24.2141994Z copying docs/paper-results-reproduction.md -> embedding_optimizer_study-0.1.0/docs
2026-09-13T15:27:24.2144005Z copying docs/predictor-analysis-restoration.md -> embedding_optimizer_study-0.1.0/docs
2026-09-13T15:27:24.2146101Z copying docs/pretrained-vector-restoration.md -> embedding_optimizer_study-0.1.0/docs
2026-09-13T15:27:24.2147827Z copying docs/retrieval-trajectories-restoration.md -> embedding_optimizer_study-0.1.0/docs
2026-09-13T15:27:24.2149917Z copying docs/saved-factorial-checkpoints.md -> embedding_optimizer_study-0.1.0/docs
2026-09-13T15:27:24.2151656Z copying docs/second-stage-evaluation-restoration.md -> embedding_optimizer_study-0.1.0/docs
2026-09-13T15:27:24.2153905Z copying docs/second-stage-pool-b-evaluation-restoration.md -> embedding_optimizer_study-0.1.0/docs
2026-09-13T15:27:24.2155973Z copying docs/source-version-testing.md -> embedding_optimizer_study-0.1.0/docs
2026-09-13T15:27:24.2158147Z copying docs/state-operator-factorial.md -> embedding_optimizer_study-0.1.0/docs
2026-09-13T15:27:24.2160698Z copying docs/third-stage-evaluation-restoration.md -> embedding_optimizer_study-0.1.0/docs
2026-09-13T15:27:24.2163032Z copying docs/third-stage-pool-b-evaluation-restoration.md -> embedding_optimizer_study-0.1.0/docs
2026-09-13T15:27:24.2165062Z copying docs/training-analysis-restoration.md -> embedding_optimizer_study-0.1.0/docs
2026-09-13T15:27:24.2167276Z copying docs/training-completion-evidence-restoration.md -> embedding_optimizer_study-0.1.0/docs
2026-09-13T15:27:24.2169495Z copying docs/training-restoration.md -> embedding_optimizer_study-0.1.0/docs
2026-09-13T15:27:24.2171808Z copying docs/versioned-paper-reproduction.md -> embedding_optimizer_study-0.1.0/docs
2026-09-13T15:27:24.2173458Z copying docs/weight-analysis-restoration.md -> embedding_optimizer_study-0.1.0/docs
2026-09-13T15:27:24.2174686Z copying paper/Makefile -> embedding_optimizer_study-0.1.0/paper
2026-09-13T15:27:24.2176905Z copying paper/README.md -> embedding_optimizer_study-0.1.0/paper
2026-09-13T15:27:24.2179249Z copying paper/legacy.Makefile -> embedding_optimizer_study-0.1.0/paper
2026-09-13T15:27:24.2181414Z copying paper/main.tex -> embedding_optimizer_study-0.1.0/paper
2026-09-13T15:27:24.2183917Z copying paper/references.bib -> embedding_optimizer_study-0.1.0/paper
2026-09-13T15:27:24.2185514Z copying paper/results.tex -> embedding_optimizer_study-0.1.0/paper
2026-09-13T15:27:24.2187583Z copying paper/current/README.md -> embedding_optimizer_study-0.1.0/paper/current
2026-09-13T15:27:24.2189135Z copying paper/current/document-snapshot.json -> embedding_optimizer_study-0.1.0/paper/current
2026-09-13T15:27:24.2191185Z copying paper/current/main.tex -> embedding_optimizer_study-0.1.0/paper/current
2026-09-13T15:27:24.2193793Z copying paper/current/references.bib -> embedding_optimizer_study-0.1.0/paper/current
2026-09-13T15:27:24.2195307Z copying paper/current/results.tex -> embedding_optimizer_study-0.1.0/paper/current
2026-09-13T15:27:24.2198179Z copying paper/current/figures/full-rate-retrieval-trajectories.pdf -> embedding_optimizer_study-0.1.0/paper/current/figures
2026-09-13T15:27:24.2200734Z copying paper/current/figures/optimizer-weight-dimension-map.pdf -> embedding_optimizer_study-0.1.0/paper/current/figures
2026-09-13T15:27:24.2204503Z copying paper/current/figures/weight-to-retrieval-map.pdf -> embedding_optimizer_study-0.1.0/paper/current/figures
2026-09-13T15:27:24.2207223Z copying paper/current/generated/dimension-utilization.tex -> embedding_optimizer_study-0.1.0/paper/current/generated
2026-09-13T15:27:24.2209519Z copying paper/current/generated/optimizer-primary.tex -> embedding_optimizer_study-0.1.0/paper/current/generated
2026-09-13T15:27:24.2211753Z copying paper/current/generated/recipe-sensitivity.tex -> embedding_optimizer_study-0.1.0/paper/current/generated
2026-09-13T15:27:24.2213481Z copying paper/current/generated/state-operator-factorial.tex -> embedding_optimizer_study-0.1.0/paper/current/generated
2026-09-13T15:27:24.2215058Z copying paper/current/vendor/acl.sty -> embedding_optimizer_study-0.1.0/paper/current/vendor
2026-09-13T15:27:24.2216879Z copying paper/current/vendor/acl_natbib.bst -> embedding_optimizer_study-0.1.0/paper/current/vendor
2026-09-13T15:27:24.2221035Z copying paper/generated/dimension-utilization.tex -> embedding_optimizer_study-0.1.0/paper/generated
2026-09-13T15:27:24.2223476Z copying paper/generated/optimizer-primary.tex -> embedding_optimizer_study-0.1.0/paper/generated
2026-09-13T15:27:24.2225313Z copying paper/generated/state-operator-factorial.tex -> embedding_optimizer_study-0.1.0/paper/generated
2026-09-13T15:27:24.2227389Z copying reports/candidate-breadth/calibration_by_width.csv -> embedding_optimizer_study-0.1.0/reports/candidate-breadth
2026-09-13T15:27:24.2229634Z copying reports/candidate-breadth/candidate_breadth_calibration.pdf -> embedding_optimizer_study-0.1.0/reports/candidate-breadth
2026-09-13T15:27:24.2233005Z copying reports/candidate-breadth/candidate_breadth_calibration.svg -> embedding_optimizer_study-0.1.0/reports/candidate-breadth
2026-09-13T15:27:24.2237528Z copying reports/candidate-breadth/data-audit.json -> embedding_optimizer_study-0.1.0/reports/candidate-breadth
2026-09-13T15:27:24.2239244Z copying reports/candidate-breadth/high_dose_contrasts.csv -> embedding_optimizer_study-0.1.0/reports/candidate-breadth
2026-09-13T15:27:24.2242537Z copying reports/candidate-breadth/packing_invariance.json -> embedding_optimizer_study-0.1.0/reports/candidate-breadth
2026-09-13T15:27:24.2245638Z copying reports/candidate-breadth/publication_manifest.json -> embedding_optimizer_study-0.1.0/reports/candidate-breadth
2026-09-13T15:27:24.2375369Z copying reports/candidate-breadth/summary.json -> embedding_optimizer_study-0.1.0/reports/candidate-breadth
2026-09-13T15:27:24.2380194Z copying reports/confirmatory-data/receipt.json -> embedding_optimizer_study-0.1.0/reports/confirmatory-data
2026-09-13T15:27:24.2386603Z copying reports/dense-discovery/best_config_dynamics.csv -> embedding_optimizer_study-0.1.0/reports/dense-discovery
2026-09-13T15:27:24.2396260Z copying reports/dense-discovery/best_config_task_comparison.csv -> embedding_optimizer_study-0.1.0/reports/dense-discovery
2026-09-13T15:27:24.2399890Z copying reports/dense-discovery/checkpoint_summary.csv -> embedding_optimizer_study-0.1.0/reports/dense-discovery
2026-09-13T15:27:24.2402839Z copying reports/dense-discovery/coverage.json -> embedding_optimizer_study-0.1.0/reports/dense-discovery
2026-09-13T15:27:24.2405689Z copying reports/dense-discovery/evaluation_long.csv -> embedding_optimizer_study-0.1.0/reports/dense-discovery
2026-09-13T15:27:24.2412738Z copying reports/dense-discovery/optimizer_summary.csv -> embedding_optimizer_study-0.1.0/reports/dense-discovery
2026-09-13T15:27:24.2414976Z copying reports/dense-discovery/paired_comparison.csv -> embedding_optimizer_study-0.1.0/reports/dense-discovery
2026-09-13T15:27:24.2417230Z copying reports/dense-discovery/system_metrics.csv -> embedding_optimizer_study-0.1.0/reports/dense-discovery
2026-09-13T15:27:24.2419971Z copying reports/dense-discovery/system_summary.csv -> embedding_optimizer_study-0.1.0/reports/dense-discovery
2026-09-13T15:27:24.2422682Z copying reports/dense-discovery/training_history.csv -> embedding_optimizer_study-0.1.0/reports/dense-discovery
2026-09-13T15:27:24.2432923Z copying reports/dense-discovery/figures/dense-lr-sensitivity.png -> embedding_optimizer_study-0.1.0/reports/dense-discovery/figures
2026-09-13T15:27:24.2441596Z copying reports/dense-discovery/figures/dense-training-dynamics-by-run.png -> embedding_optimizer_study-0.1.0/reports/dense-discovery/figures
2026-09-13T15:27:24.2447060Z copying reports/dense-discovery/figures/dense-training-dynamics.png -> embedding_optimizer_study-0.1.0/reports/dense-discovery/figures
2026-09-13T15:27:24.2451957Z copying reports/dense-retrieval-dynamics/README.md -> embedding_optimizer_study-0.1.0/reports/dense-retrieval-dynamics
2026-09-13T15:27:24.2454300Z copying reports/dense-retrieval-dynamics/confirmatory-evaluation-receipt.json -> embedding_optimizer_study-0.1.0/reports/dense-retrieval-dynamics
2026-09-13T15:27:24.2462256Z copying reports/dense-retrieval-dynamics/evaluation-receipt.json -> embedding_optimizer_study-0.1.0/reports/dense-retrieval-dynamics
2026-09-13T15:27:24.2473349Z copying reports/dense-retrieval-dynamics/five_stage_retrieval_dynamics.csv -> embedding_optimizer_study-0.1.0/reports/dense-retrieval-dynamics
2026-09-13T15:27:24.2475948Z copying reports/dense-retrieval-dynamics/five_stage_retrieval_dynamics.pdf -> embedding_optimizer_study-0.1.0/reports/dense-retrieval-dynamics
2026-09-13T15:27:24.2481533Z copying reports/dense-retrieval-dynamics/five_stage_retrieval_dynamics.svg -> embedding_optimizer_study-0.1.0/reports/dense-retrieval-dynamics
2026-09-13T15:27:24.2486379Z copying reports/dense-retrieval-dynamics/hybrid-evaluation-receipt.json -> embedding_optimizer_study-0.1.0/reports/dense-retrieval-dynamics
2026-09-13T15:27:24.2490741Z copying reports/dense-retrieval-dynamics/summary_manifest.json -> embedding_optimizer_study-0.1.0/reports/dense-retrieval-dynamics
2026-09-13T15:27:24.2502271Z copying reports/retrieval-dynamics-dense/best_config_task_comparison.csv -> embedding_optimizer_study-0.1.0/reports/retrieval-dynamics-dense
2026-09-13T15:27:24.2504464Z copying reports/retrieval-dynamics-dense/best_config_task_delta_dynamics.csv -> embedding_optimizer_study-0.1.0/reports/retrieval-dynamics-dense
2026-09-13T15:27:24.2506737Z copying reports/retrieval-dynamics-dense/checkpoint_dynamics.csv -> embedding_optimizer_study-0.1.0/reports/retrieval-dynamics-dense
2026-09-13T15:27:24.2509287Z copying reports/retrieval-dynamics-dense/optimizer_first_passage.csv -> embedding_optimizer_study-0.1.0/reports/retrieval-dynamics-dense
2026-09-13T15:27:24.2511313Z copying reports/retrieval-dynamics-dense/quality_vs_useful_wall_time.svg -> embedding_optimizer_study-0.1.0/reports/retrieval-dynamics-dense
2026-09-13T15:27:24.2516514Z copying reports/retrieval-dynamics-dense/run_first_passage.csv -> embedding_optimizer_study-0.1.0/reports/retrieval-dynamics-dense
2026-09-13T15:27:24.2518815Z copying reports/retrieval-dynamics-dense/summary_manifest.json -> embedding_optimizer_study-0.1.0/reports/retrieval-dynamics-dense
2026-09-13T15:27:24.2521242Z copying reports/retrieval-dynamics-dense/task_delta_stability.csv -> embedding_optimizer_study-0.1.0/reports/retrieval-dynamics-dense
2026-09-13T15:27:24.2523214Z copying reports/short-branch/subset-receipt.json -> embedding_optimizer_study-0.1.0/reports/short-branch
2026-09-13T15:27:24.2525538Z copying reports/state-operator-factorial/abstract-compliance-runtime-migration.json -> embedding_optimizer_study-0.1.0/reports/state-operator-factorial
2026-09-13T15:27:24.2527724Z copying reports/tail-stability/README.md -> embedding_optimizer_study-0.1.0/reports/tail-stability
2026-09-13T15:27:24.2529864Z copying reports/tail-stability/discovery_anchor_tail.csv -> embedding_optimizer_study-0.1.0/reports/tail-stability
2026-09-13T15:27:24.2532008Z copying reports/tail-stability/discovery_cross_tail.csv -> embedding_optimizer_study-0.1.0/reports/tail-stability
2026-09-13T15:27:24.2534159Z copying reports/tail-stability/discovery_cross_tail_summary.csv -> embedding_optimizer_study-0.1.0/reports/tail-stability
2026-09-13T15:27:24.2536754Z copying reports/tail-stability/discovery_family_contrasts.csv -> embedding_optimizer_study-0.1.0/reports/tail-stability
2026-09-13T15:27:24.2538880Z copying reports/tail-stability/summary_manifest.json -> embedding_optimizer_study-0.1.0/reports/tail-stability
2026-09-13T15:27:24.2543043Z copying reports/three-regime-diagnostic/README.md -> embedding_optimizer_study-0.1.0/reports/three-regime-diagnostic
2026-09-13T15:27:24.2545122Z copying reports/three-regime-diagnostic/high_dose_contrasts.csv -> embedding_optimizer_study-0.1.0/reports/three-regime-diagnostic
2026-09-13T15:27:24.2547455Z copying reports/three-regime-diagnostic/run_metrics.csv -> embedding_optimizer_study-0.1.0/reports/three-regime-diagnostic
2026-09-13T15:27:24.2549686Z copying reports/three-regime-diagnostic/summary.json -> embedding_optimizer_study-0.1.0/reports/three-regime-diagnostic
2026-09-13T15:27:24.2551613Z copying reports/three-regime-diagnostic/summary_manifest.json -> embedding_optimizer_study-0.1.0/reports/three-regime-diagnostic
2026-09-13T15:27:24.2553084Z copying reports/training-dynamics/optimizer_system_summary.csv -> embedding_optimizer_study-0.1.0/reports/training-dynamics
2026-09-13T15:27:24.2555429Z copying reports/training-dynamics/plot_manifest.json -> embedding_optimizer_study-0.1.0/reports/training-dynamics
2026-09-13T15:27:24.2558060Z copying reports/training-dynamics/run_summary.csv -> embedding_optimizer_study-0.1.0/reports/training-dynamics
2026-09-13T15:27:24.2561212Z copying reports/training-dynamics/stage_dynamics.csv -> embedding_optimizer_study-0.1.0/reports/training-dynamics
2026-09-13T15:27:24.2564136Z copying reports/training-dynamics/summary_manifest.json -> embedding_optimizer_study-0.1.0/reports/training-dynamics
2026-09-13T15:27:24.2566428Z copying reports/training-dynamics/system_tradeoffs.svg -> embedding_optimizer_study-0.1.0/reports/training-dynamics
2026-09-13T15:27:24.2570787Z copying reports/training-dynamics/training_loss_dynamics.svg -> embedding_optimizer_study-0.1.0/reports/training-dynamics
2026-09-13T15:27:24.2575572Z copying reports/wandb/dense_source_provenance_audit.json -> embedding_optimizer_study-0.1.0/reports/wandb
2026-09-13T15:27:24.2579804Z copying reports/weight-space/README.md -> embedding_optimizer_study-0.1.0/reports/weight-space
2026-09-13T15:27:24.2582544Z copying reports/weight-space/checkpoint_trajectory.csv -> embedding_optimizer_study-0.1.0/reports/weight-space
2026-09-13T15:27:24.2586910Z copying reports/weight-space/optimizer_geometry_phase.svg -> embedding_optimizer_study-0.1.0/reports/weight-space
2026-09-13T15:27:24.2596117Z copying reports/weight-space/optimizer_pair_contrast_trajectory.csv -> embedding_optimizer_study-0.1.0/reports/weight-space
2026-09-13T15:27:24.2598771Z copying reports/weight-space/optimizer_pair_contrast_trajectory.svg -> embedding_optimizer_study-0.1.0/reports/weight-space
2026-09-13T15:27:24.2605026Z copying reports/weight-space/optimizer_pair_contrasts.csv -> embedding_optimizer_study-0.1.0/reports/weight-space
2026-09-13T15:27:24.2606750Z copying reports/weight-space/run_trajectory_summary.csv -> embedding_optimizer_study-0.1.0/reports/weight-space
2026-09-13T15:27:24.2608999Z copying reports/weight-space/summary_manifest.json -> embedding_optimizer_study-0.1.0/reports/weight-space
2026-09-13T15:27:24.2611254Z copying scripts/restore_factorial_probes.py -> embedding_optimizer_study-0.1.0/scripts
2026-09-13T15:27:24.2613610Z copying scripts/restore_functional_analysis.py -> embedding_optimizer_study-0.1.0/scripts
2026-09-13T15:27:24.2615855Z copying scripts/restore_primary_v3.py -> embedding_optimizer_study-0.1.0/scripts
2026-09-13T15:27:24.2618955Z copying scripts/eval/dense_no_packing_parallel.py -> embedding_optimizer_study-0.1.0/scripts/eval
2026-09-13T15:27:24.2620972Z copying scripts/eval/dense_parallel.py -> embedding_optimizer_study-0.1.0/scripts/eval
2026-09-13T15:27:24.2623295Z copying scripts/eval/dense_sequential.py -> embedding_optimizer_study-0.1.0/scripts/eval
2026-09-13T15:27:24.2625656Z copying src/embed_optim/__init__.py -> embedding_optimizer_study-0.1.0/src/embed_optim
2026-09-13T15:27:24.2626346Z copying src/embed_optim/aggregate.py -> embedding_optimizer_study-0.1.0/src/embed_optim
2026-09-13T15:27:24.2632050Z copying src/embed_optim/artifact_inventory.py -> embedding_optimizer_study-0.1.0/src/embed_optim
2026-09-13T15:27:24.2633967Z copying src/embed_optim/basis_sensitivity.py -> embedding_optimizer_study-0.1.0/src/embed_optim
2026-09-13T15:27:24.2637809Z copying src/embed_optim/beir_probe.py -> embedding_optimizer_study-0.1.0/src/embed_optim
2026-09-13T15:27:24.2639983Z copying src/embed_optim/bridge_exact_arithmetic.py -> embedding_optimizer_study-0.1.0/src/embed_optim
2026-09-13T15:27:24.2642161Z copying src/embed_optim/bridge_named_features.py -> embedding_optimizer_study-0.1.0/src/embed_optim
2026-09-13T15:27:24.2645238Z copying src/embed_optim/bridge_numerics.py -> embedding_optimizer_study-0.1.0/src/embed_optim
2026-09-13T15:27:24.2647627Z copying src/embed_optim/callbacks.py -> embedding_optimizer_study-0.1.0/src/embed_optim
2026-09-13T15:27:24.2651320Z copying src/embed_optim/candidate_breadth_data.py -> embedding_optimizer_study-0.1.0/src/embed_optim
2026-09-13T15:27:24.2657823Z copying src/embed_optim/candidate_breadth_evaluation.py -> embedding_optimizer_study-0.1.0/src/embed_optim
2026-09-13T15:27:24.2660777Z copying src/embed_optim/candidate_breadth_matrix.py -> embedding_optimizer_study-0.1.0/src/embed_optim
2026-09-13T15:27:24.2663893Z copying src/embed_optim/candidate_breadth_publication.py -> embedding_optimizer_study-0.1.0/src/embed_optim
2026-09-13T15:27:24.2667577Z copying src/embed_optim/candidate_breadth_release.py -> embedding_optimizer_study-0.1.0/src/embed_optim
2026-09-13T15:27:24.2671287Z copying src/embed_optim/candidate_breadth_summary.py -> embedding_optimizer_study-0.1.0/src/embed_optim
2026-09-13T15:27:24.2674589Z copying src/embed_optim/causal_chain_rendering.py -> embedding_optimizer_study-0.1.0/src/embed_optim
2026-09-13T15:27:24.2679763Z copying src/embed_optim/causal_chain_reporting.py -> embedding_optimizer_study-0.1.0/src/embed_optim
2026-09-13T15:27:24.2688039Z copying src/embed_optim/checkpoint_watch.py -> embedding_optimizer_study-0.1.0/src/embed_optim
2026-09-13T15:27:24.2691151Z copying src/embed_optim/collators.py -> embedding_optimizer_study-0.1.0/src/embed_optim
2026-09-13T15:27:24.2693422Z copying src/embed_optim/common_state_matrix.py -> embedding_optimizer_study-0.1.0/src/embed_optim
2026-09-13T15:27:24.2697060Z copying src/embed_optim/common_state_spectra.py -> embedding_optimizer_study-0.1.0/src/embed_optim
2026-09-13T15:27:24.2701805Z copying src/embed_optim/common_state_spectrum_plot.py -> embedding_optimizer_study-0.1.0/src/embed_optim
2026-09-13T15:27:24.2704738Z copying src/embed_optim/common_state_summary.py -> embedding_optimizer_study-0.1.0/src/embed_optim
2026-09-13T15:27:24.2708563Z copying src/embed_optim/complete_paper_document.py -> embedding_optimizer_study-0.1.0/src/embed_optim
2026-09-13T15:27:24.2711824Z copying src/embed_optim/completion_backup_contract_migration.py -> embedding_optimizer_study-0.1.0/src/embed_optim
2026-09-13T15:27:24.2714226Z copying src/embed_optim/completion_contract_migration.py -> embedding_optimizer_study-0.1.0/src/embed_optim
2026-09-13T15:27:24.2716749Z copying src/embed_optim/config.py -> embedding_optimizer_study-0.1.0/src/embed_optim
2026-09-13T15:27:24.2719649Z copying src/embed_optim/confirmatory_data.py -> embedding_optimizer_study-0.1.0/src/embed_optim
2026-09-13T15:27:24.2724278Z copying src/embed_optim/confirmatory_evaluation.py -> embedding_optimizer_study-0.1.0/src/embed_optim
2026-09-13T15:27:24.2727126Z copying src/embed_optim/confirmatory_matrix.py -> embedding_optimizer_study-0.1.0/src/embed_optim
2026-09-13T15:27:24.2729473Z copying src/embed_optim/confirmatory_summary.py -> embedding_optimizer_study-0.1.0/src/embed_optim
2026-09-13T15:27:24.2731782Z copying src/embed_optim/corpus_size_diagnostic.py -> embedding_optimizer_study-0.1.0/src/embed_optim
2026-09-13T15:27:24.2734284Z copying src/embed_optim/corrected_beir_evaluation.py -> embedding_optimizer_study-0.1.0/src/embed_optim
2026-09-13T15:27:24.2736843Z copying src/embed_optim/corrected_checkpoint_backup.py -> embedding_optimizer_study-0.1.0/src/embed_optim
2026-09-13T15:27:24.2739215Z copying src/embed_optim/corrected_completion_pipeline.py -> embedding_optimizer_study-0.1.0/src/embed_optim
2026-09-13T15:27:24.2741330Z copying src/embed_optim/corrected_execution_sensitivity.py -> embedding_optimizer_study-0.1.0/src/embed_optim
2026-09-13T15:27:24.2743652Z copying src/embed_optim/corrected_geometry_matrix.py -> embedding_optimizer_study-0.1.0/src/embed_optim
2026-09-13T15:27:24.2745262Z copying src/embed_optim/corrected_geometry_summary.py -> embedding_optimizer_study-0.1.0/src/embed_optim
2026-09-13T15:27:24.2748259Z copying src/embed_optim/corrected_input_execution.py -> embedding_optimizer_study-0.1.0/src/embed_optim
2026-09-13T15:27:24.2750844Z copying src/embed_optim/corrected_outcome_summary.py -> embedding_optimizer_study-0.1.0/src/embed_optim
2026-09-13T15:27:24.2752827Z copying src/embed_optim/corrected_progress.py -> embedding_optimizer_study-0.1.0/src/embed_optim
2026-09-13T15:27:24.2754456Z copying src/embed_optim/corrected_publication.py -> embedding_optimizer_study-0.1.0/src/embed_optim
2026-09-13T15:27:24.2759306Z copying src/embed_optim/corrected_retrieval_bridge.py -> embedding_optimizer_study-0.1.0/src/embed_optim
2026-09-13T15:27:24.2761810Z copying src/embed_optim/corrected_validation_evaluation.py -> embedding_optimizer_study-0.1.0/src/embed_optim
2026-09-13T15:27:24.2763793Z copying src/embed_optim/corrected_validation_matrix.py -> embedding_optimizer_study-0.1.0/src/embed_optim
2026-09-13T15:27:24.2766069Z copying src/embed_optim/corrected_wandb_audit.py -> embedding_optimizer_study-0.1.0/src/embed_optim
2026-09-13T15:27:24.2768303Z copying src/embed_optim/current_paper.py -> embedding_optimizer_study-0.1.0/src/embed_optim
2026-09-13T15:27:24.2770982Z copying src/embed_optim/data.py -> embedding_optimizer_study-0.1.0/src/embed_optim
2026-09-13T15:27:24.2773048Z copying src/embed_optim/decontamination.py -> embedding_optimizer_study-0.1.0/src/embed_optim
2026-09-13T15:27:24.2774450Z copying src/embed_optim/dense_completion_pipeline.py -> embedding_optimizer_study-0.1.0/src/embed_optim
2026-09-13T15:27:24.2778143Z copying src/embed_optim/dense_eval_handoff.py -> embedding_optimizer_study-0.1.0/src/embed_optim
2026-09-13T15:27:24.2783413Z copying src/embed_optim/dense_finalization_pipeline.py -> embedding_optimizer_study-0.1.0/src/embed_optim
2026-09-13T15:27:24.2785793Z copying src/embed_optim/dense_no_packing_preflight.py -> embedding_optimizer_study-0.1.0/src/embed_optim
2026-09-13T15:27:24.2787673Z copying src/embed_optim/dense_numerical_contract.py -> embedding_optimizer_study-0.1.0/src/embed_optim
2026-09-13T15:27:24.2789294Z copying src/embed_optim/dense_retrieval_dynamics_evaluation.py -> embedding_optimizer_study-0.1.0/src/embed_optim
2026-09-13T15:27:24.2791658Z copying src/embed_optim/dense_retrieval_dynamics_publication.py -> embedding_optimizer_study-0.1.0/src/embed_optim
2026-09-13T15:27:24.2793696Z copying src/embed_optim/dense_retrieval_dynamics_summary.py -> embedding_optimizer_study-0.1.0/src/embed_optim
2026-09-13T15:27:24.2795799Z copying src/embed_optim/dense_run_contract.py -> embedding_optimizer_study-0.1.0/src/embed_optim
2026-09-13T15:27:24.2797953Z copying src/embed_optim/dimension_archive.py -> embedding_optimizer_study-0.1.0/src/embed_optim
2026-09-13T15:27:24.2800130Z copying src/embed_optim/dimension_inference.py -> embedding_optimizer_study-0.1.0/src/embed_optim
2026-09-13T15:27:24.2802475Z copying src/embed_optim/dimension_inference_render.py -> embedding_optimizer_study-0.1.0/src/embed_optim
2026-09-13T15:27:24.2804663Z copying src/embed_optim/dimension_intervention_io.py -> embedding_optimizer_study-0.1.0/src/embed_optim
2026-09-13T15:27:24.2806418Z copying src/embed_optim/dimension_interventions.py -> embedding_optimizer_study-0.1.0/src/embed_optim
2026-09-13T15:27:24.2808412Z copying src/embed_optim/dimension_publication.py -> embedding_optimizer_study-0.1.0/src/embed_optim
2026-09-13T15:27:24.2812097Z copying src/embed_optim/dimension_release.py -> embedding_optimizer_study-0.1.0/src/embed_optim
2026-09-13T15:27:24.2813684Z copying src/embed_optim/dimension_replay.py -> embedding_optimizer_study-0.1.0/src/embed_optim
2026-09-13T15:27:24.2816142Z copying src/embed_optim/dimension_utilization.py -> embedding_optimizer_study-0.1.0/src/embed_optim
2026-09-13T15:27:24.2818511Z copying src/embed_optim/distribution_audit.py -> embedding_optimizer_study-0.1.0/src/embed_optim
2026-09-13T15:27:24.2821200Z copying src/embed_optim/dose_band_analysis.py -> embedding_optimizer_study-0.1.0/src/embed_optim
2026-09-13T15:27:24.2824895Z copying src/embed_optim/evaluate_matrix.py -> embedding_optimizer_study-0.1.0/src/embed_optim
2026-09-13T15:27:24.2827170Z copying src/embed_optim/evaluation_progress.py -> embedding_optimizer_study-0.1.0/src/embed_optim
2026-09-13T15:27:24.2829440Z copying src/embed_optim/evaluation_source_archive.py -> embedding_optimizer_study-0.1.0/src/embed_optim
2026-09-13T15:27:24.2835467Z copying src/embed_optim/evaluation_source_provenance.py -> embedding_optimizer_study-0.1.0/src/embed_optim
2026-09-13T15:27:24.2838964Z copying src/embed_optim/evaluation_supervisor.py -> embedding_optimizer_study-0.1.0/src/embed_optim
2026-09-13T15:27:24.2843184Z copying src/embed_optim/evaluation_utils.py -> embedding_optimizer_study-0.1.0/src/embed_optim
2026-09-13T15:27:24.2849931Z copying src/embed_optim/exact_bridge_measurements.py -> embedding_optimizer_study-0.1.0/src/embed_optim
2026-09-13T15:27:24.2854522Z copying src/embed_optim/factorial_v3_batches.py -> embedding_optimizer_study-0.1.0/src/embed_optim
2026-09-13T15:27:24.2859527Z copying src/embed_optim/factorial_v3_bound_trainer.py -> embedding_optimizer_study-0.1.0/src/embed_optim
2026-09-13T15:27:24.2864617Z copying src/embed_optim/factorial_v3_calibration.py -> embedding_optimizer_study-0.1.0/src/embed_optim
2026-09-13T15:27:24.2868535Z copying src/embed_optim/factorial_v3_checkpoint.py -> embedding_optimizer_study-0.1.0/src/embed_optim
2026-09-13T15:27:24.2870862Z copying src/embed_optim/factorial_v3_factory.py -> embedding_optimizer_study-0.1.0/src/embed_optim
2026-09-13T15:27:24.2873691Z copying src/embed_optim/factorial_v3_inputs.py -> embedding_optimizer_study-0.1.0/src/embed_optim
2026-09-13T15:27:24.2876766Z copying src/embed_optim/factorial_v3_optimizer.py -> embedding_optimizer_study-0.1.0/src/embed_optim
2026-09-13T15:27:24.2879120Z copying src/embed_optim/factorial_v3_run_contract.py -> embedding_optimizer_study-0.1.0/src/embed_optim
2026-09-13T15:27:24.2882038Z copying src/embed_optim/factorial_v3_trainer.py -> embedding_optimizer_study-0.1.0/src/embed_optim
2026-09-13T15:27:24.2884305Z copying src/embed_optim/factorial_v3_worker.py -> embedding_optimizer_study-0.1.0/src/embed_optim
2026-09-13T15:27:24.2887234Z copying src/embed_optim/family_training_queue.py -> embedding_optimizer_study-0.1.0/src/embed_optim
2026-09-13T15:27:24.2890014Z copying src/embed_optim/functional_intervention.py -> embedding_optimizer_study-0.1.0/src/embed_optim
2026-09-13T15:27:24.2892636Z copying src/embed_optim/functional_intervention_matrix.py -> embedding_optimizer_study-0.1.0/src/embed_optim
2026-09-13T15:27:24.2895059Z copying src/embed_optim/functional_intervention_summary.py -> embedding_optimizer_study-0.1.0/src/embed_optim
2026-09-13T15:27:24.2897112Z copying src/embed_optim/geometry.py -> embedding_optimizer_study-0.1.0/src/embed_optim
2026-09-13T15:27:24.2900018Z copying src/embed_optim/geometry_plot.py -> embedding_optimizer_study-0.1.0/src/embed_optim
2026-09-13T15:27:24.2903116Z copying src/embed_optim/geometry_robustness.py -> embedding_optimizer_study-0.1.0/src/embed_optim
2026-09-13T15:27:24.2904471Z copying src/embed_optim/geometry_summary.py -> embedding_optimizer_study-0.1.0/src/embed_optim
2026-09-13T15:27:24.2907517Z copying src/embed_optim/gpu_lease.py -> embedding_optimizer_study-0.1.0/src/embed_optim
2026-09-13T15:27:24.2909808Z copying src/embed_optim/gradient_probe.py -> embedding_optimizer_study-0.1.0/src/embed_optim
2026-09-13T15:27:24.2912752Z copying src/embed_optim/hybrid_control.py -> embedding_optimizer_study-0.1.0/src/embed_optim
2026-09-13T15:27:24.2915884Z copying src/embed_optim/hybrid_evaluation.py -> embedding_optimizer_study-0.1.0/src/embed_optim
2026-09-13T15:27:24.2917407Z copying src/embed_optim/incremental_checkpoint_backup.py -> embedding_optimizer_study-0.1.0/src/embed_optim
2026-09-13T15:27:24.2919066Z copying src/embed_optim/local_global_reversal.py -> embedding_optimizer_study-0.1.0/src/embed_optim
2026-09-13T15:27:24.2921447Z copying src/embed_optim/losses.py -> embedding_optimizer_study-0.1.0/src/embed_optim
2026-09-13T15:27:24.2923398Z copying src/embed_optim/matrix.py -> embedding_optimizer_study-0.1.0/src/embed_optim
2026-09-13T15:27:24.2926361Z copying src/embed_optim/matrix_handoff_guard.py -> embedding_optimizer_study-0.1.0/src/embed_optim
2026-09-13T15:27:24.2928607Z copying src/embed_optim/mechanism_bridge.py -> embedding_optimizer_study-0.1.0/src/embed_optim
2026-09-13T15:27:24.2930867Z copying src/embed_optim/mechanism_report.py -> embedding_optimizer_study-0.1.0/src/embed_optim
2026-09-13T15:27:24.2935421Z copying src/embed_optim/optimizer_state_devices.py -> embedding_optimizer_study-0.1.0/src/embed_optim
2026-09-13T15:27:24.2937436Z copying src/embed_optim/optimizers.py -> embedding_optimizer_study-0.1.0/src/embed_optim
2026-09-13T15:27:24.2939832Z copying src/embed_optim/outcome_report.py -> embedding_optimizer_study-0.1.0/src/embed_optim
2026-09-13T15:27:24.2943697Z copying src/embed_optim/packing_invariance.py -> embedding_optimizer_study-0.1.0/src/embed_optim
2026-09-13T15:27:24.2945656Z copying src/embed_optim/paper_audit.py -> embedding_optimizer_study-0.1.0/src/embed_optim
2026-09-13T15:27:24.2949956Z copying src/embed_optim/paper_layout.py -> embedding_optimizer_study-0.1.0/src/embed_optim
2026-09-13T15:27:24.2952014Z copying src/embed_optim/paper_reproduction.py -> embedding_optimizer_study-0.1.0/src/embed_optim
2026-09-13T15:27:24.2954260Z copying src/embed_optim/paper_results.py -> embedding_optimizer_study-0.1.0/src/embed_optim
2026-09-13T15:27:24.2958037Z copying src/embed_optim/post_eval_pipeline.py -> embedding_optimizer_study-0.1.0/src/embed_optim
2026-09-13T15:27:24.2961458Z copying src/embed_optim/primary_completion.py -> embedding_optimizer_study-0.1.0/src/embed_optim
2026-09-13T15:27:24.2964058Z copying src/embed_optim/primary_contract.py -> embedding_optimizer_study-0.1.0/src/embed_optim
2026-09-13T15:27:24.2966084Z copying src/embed_optim/primary_data_revision.py -> embedding_optimizer_study-0.1.0/src/embed_optim
2026-09-13T15:27:24.2967693Z copying src/embed_optim/primary_dimension_probe.py -> embedding_optimizer_study-0.1.0/src/embed_optim
2026-09-13T15:27:24.2970067Z copying src/embed_optim/primary_exact_geometry_kernels.py -> embedding_optimizer_study-0.1.0/src/embed_optim
2026-09-13T15:27:24.2971690Z copying src/embed_optim/primary_geometry_kernels.py -> embedding_optimizer_study-0.1.0/src/embed_optim
2026-09-13T15:27:24.2973710Z copying src/embed_optim/primary_geometry_reductions.py -> embedding_optimizer_study-0.1.0/src/embed_optim
2026-09-13T15:27:24.2975803Z copying src/embed_optim/primary_io.py -> embedding_optimizer_study-0.1.0/src/embed_optim
2026-09-13T15:27:24.2977598Z copying src/embed_optim/primary_training.py -> embedding_optimizer_study-0.1.0/src/embed_optim
2026-09-13T15:27:24.2979708Z copying src/embed_optim/primary_v3_bridge.py -> embedding_optimizer_study-0.1.0/src/embed_optim
2026-09-13T15:27:24.2981840Z copying src/embed_optim/primary_v3_completion.py -> embedding_optimizer_study-0.1.0/src/embed_optim
2026-09-13T15:27:24.2984272Z copying src/embed_optim/primary_v3_contract.py -> embedding_optimizer_study-0.1.0/src/embed_optim
2026-09-13T15:27:24.2986430Z copying src/embed_optim/primary_v3_dimension_contract.py -> embedding_optimizer_study-0.1.0/src/embed_optim
2026-09-13T15:27:24.2988753Z copying src/embed_optim/primary_v3_dimension_exports.py -> embedding_optimizer_study-0.1.0/src/embed_optim
2026-09-13T15:27:24.2990891Z copying src/embed_optim/primary_v3_dimension_inference.py -> embedding_optimizer_study-0.1.0/src/embed_optim
2026-09-13T15:27:24.2992693Z copying src/embed_optim/primary_v3_dimension_vector_io.py -> embedding_optimizer_study-0.1.0/src/embed_optim
2026-09-13T15:27:24.2994613Z copying src/embed_optim/primary_v3_dimensions.py -> embedding_optimizer_study-0.1.0/src/embed_optim
2026-09-13T15:27:24.3006752Z copying src/embed_optim/primary_v3_exact_bridge.py -> embedding_optimizer_study-0.1.0/src/embed_optim
2026-09-13T15:27:24.3008379Z copying src/embed_optim/primary_v3_exact_geometry.py -> embedding_optimizer_study-0.1.0/src/embed_optim
2026-09-13T15:27:24.3010762Z copying src/embed_optim/primary_v3_exact_geometry_io.py -> embedding_optimizer_study-0.1.0/src/embed_optim
2026-09-13T15:27:24.3012812Z copying src/embed_optim/primary_v3_exact_geometry_primitives.py -> embedding_optimizer_study-0.1.0/src/embed_optim
2026-09-13T15:27:24.3014992Z copying src/embed_optim/primary_v3_exact_publication.py -> embedding_optimizer_study-0.1.0/src/embed_optim
2026-09-13T15:27:24.3017120Z copying src/embed_optim/primary_v3_exact_publication_contract.py -> embedding_optimizer_study-0.1.0/src/embed_optim
2026-09-13T15:27:24.3018820Z copying src/embed_optim/primary_v3_exact_publication_render.py -> embedding_optimizer_study-0.1.0/src/embed_optim
2026-09-13T15:27:24.3020431Z copying src/embed_optim/primary_v3_exact_reconstruction.py -> embedding_optimizer_study-0.1.0/src/embed_optim
2026-09-13T15:27:24.3022664Z copying src/embed_optim/primary_v3_exact_reconstruction_archive.py -> embedding_optimizer_study-0.1.0/src/embed_optim
2026-09-13T15:27:24.3024824Z copying src/embed_optim/primary_v3_geometry.py -> embedding_optimizer_study-0.1.0/src/embed_optim
2026-09-13T15:27:24.3026397Z copying src/embed_optim/primary_v3_geometry_io.py -> embedding_optimizer_study-0.1.0/src/embed_optim
2026-09-13T15:27:24.3028362Z copying src/embed_optim/primary_v3_geometry_primitives.py -> embedding_optimizer_study-0.1.0/src/embed_optim
2026-09-13T15:27:24.3966415Z copying src/embed_optim/primary_v3_geometry_reconstruction.py -> embedding_optimizer_study-0.1.0/src/embed_optim
2026-09-13T15:27:24.3969925Z copying src/embed_optim/primary_v3_io.py -> embedding_optimizer_study-0.1.0/src/embed_optim
2026-09-13T15:27:24.3973447Z copying src/embed_optim/primary_v3_joint_reconstruction.py -> embedding_optimizer_study-0.1.0/src/embed_optim
2026-09-13T15:27:24.3978159Z copying src/embed_optim/primary_v3_manuscript.py -> embedding_optimizer_study-0.1.0/src/embed_optim
2026-09-13T15:27:24.3982097Z copying src/embed_optim/primary_v3_manuscript_build.py -> embedding_optimizer_study-0.1.0/src/embed_optim
2026-09-13T15:27:24.3985446Z copying src/embed_optim/primary_v3_outcome_primitives.py -> embedding_optimizer_study-0.1.0/src/embed_optim
2026-09-13T15:27:24.3989234Z copying src/embed_optim/primary_v3_outcome_reconstruction.py -> embedding_optimizer_study-0.1.0/src/embed_optim
2026-09-13T15:27:24.3993694Z copying src/embed_optim/primary_v3_outcomes.py -> embedding_optimizer_study-0.1.0/src/embed_optim
2026-09-13T15:27:24.3999141Z copying src/embed_optim/primary_v3_paper_layout.py -> embedding_optimizer_study-0.1.0/src/embed_optim
2026-09-13T15:27:24.4001919Z copying src/embed_optim/primary_v3_publication.py -> embedding_optimizer_study-0.1.0/src/embed_optim
2026-09-13T15:27:24.4006112Z copying src/embed_optim/primary_v3_publication_archive.py -> embedding_optimizer_study-0.1.0/src/embed_optim
2026-09-13T15:27:24.4009148Z copying src/embed_optim/primary_v3_publication_bridge.py -> embedding_optimizer_study-0.1.0/src/embed_optim
2026-09-13T15:27:24.4011640Z copying src/embed_optim/primary_v3_publication_contract.py -> embedding_optimizer_study-0.1.0/src/embed_optim
2026-09-13T15:27:24.4014764Z copying src/embed_optim/primary_v3_publication_reconstruction.py -> embedding_optimizer_study-0.1.0/src/embed_optim
2026-09-13T15:27:24.4017148Z copying src/embed_optim/primary_v3_publication_render.py -> embedding_optimizer_study-0.1.0/src/embed_optim
2026-09-13T15:27:24.4019474Z copying src/embed_optim/primary_v3_publication_tables.py -> embedding_optimizer_study-0.1.0/src/embed_optim
2026-09-13T15:27:24.4021829Z copying src/embed_optim/primary_v3_reconstruction_authoring.py -> embedding_optimizer_study-0.1.0/src/embed_optim
2026-09-13T15:27:24.4024449Z copying src/embed_optim/primary_v3_reconstruction_inputs.py -> embedding_optimizer_study-0.1.0/src/embed_optim
2026-09-13T15:27:24.4027529Z copying src/embed_optim/primary_v3_reconstruction_sources.py -> embedding_optimizer_study-0.1.0/src/embed_optim
2026-09-13T15:27:24.4029729Z copying src/embed_optim/primary_v3_training.py -> embedding_optimizer_study-0.1.0/src/embed_optim
2026-09-13T15:27:24.4031848Z copying src/embed_optim/primary_v3_validation.py -> embedding_optimizer_study-0.1.0/src/embed_optim
2026-09-13T15:27:24.4034243Z copying src/embed_optim/primary_v3_validation_io.py -> embedding_optimizer_study-0.1.0/src/embed_optim
2026-09-13T15:27:24.4036386Z copying src/embed_optim/primary_v3_vector_reconstruction.py -> embedding_optimizer_study-0.1.0/src/embed_optim
2026-09-13T15:27:24.4037986Z copying src/embed_optim/primary_weight_entries.py -> embedding_optimizer_study-0.1.0/src/embed_optim
2026-09-13T15:27:24.4040325Z copying src/embed_optim/probe_export.py -> embedding_optimizer_study-0.1.0/src/embed_optim
2026-09-13T15:27:24.4042382Z copying src/embed_optim/probe_matrix.py -> embedding_optimizer_study-0.1.0/src/embed_optim
2026-09-13T15:27:24.4044542Z copying src/embed_optim/probes.py -> embedding_optimizer_study-0.1.0/src/embed_optim
2026-09-13T15:27:24.4046852Z copying src/embed_optim/pylate_compat.py -> embedding_optimizer_study-0.1.0/src/embed_optim
2026-09-13T15:27:24.4048989Z copying src/embed_optim/reconstruction_files.py -> embedding_optimizer_study-0.1.0/src/embed_optim
2026-09-13T15:27:24.4050811Z copying src/embed_optim/representation_geometry.py -> embedding_optimizer_study-0.1.0/src/embed_optim
2026-09-13T15:27:24.4055085Z copying src/embed_optim/representation_plot.py -> embedding_optimizer_study-0.1.0/src/embed_optim
2026-09-13T15:27:24.4057699Z copying src/embed_optim/representation_summary.py -> embedding_optimizer_study-0.1.0/src/embed_optim
2026-09-13T15:27:24.4059178Z copying src/embed_optim/retrieval_dynamics.py -> embedding_optimizer_study-0.1.0/src/embed_optim
2026-09-13T15:27:24.4063427Z copying src/embed_optim/runtime.py -> embedding_optimizer_study-0.1.0/src/embed_optim
2026-09-13T15:27:24.4064105Z copying src/embed_optim/saved_factorial_checkpoint.py -> embedding_optimizer_study-0.1.0/src/embed_optim
2026-09-13T15:27:24.4066070Z copying src/embed_optim/scope.py -> embedding_optimizer_study-0.1.0/src/embed_optim
2026-09-13T15:27:24.4069822Z copying src/embed_optim/sealed_checkpoint_supervisor.py -> embedding_optimizer_study-0.1.0/src/embed_optim
2026-09-13T15:27:24.4072732Z copying src/embed_optim/short_branch.py -> embedding_optimizer_study-0.1.0/src/embed_optim
2026-09-13T15:27:24.4075515Z copying src/embed_optim/short_branch_evaluation.py -> embedding_optimizer_study-0.1.0/src/embed_optim
2026-09-13T15:27:24.4956193Z copying src/embed_optim/short_branch_summary.py -> embedding_optimizer_study-0.1.0/src/embed_optim
2026-09-13T15:27:24.4965484Z copying src/embed_optim/spectral_transplant.py -> embedding_optimizer_study-0.1.0/src/embed_optim
2026-09-13T15:27:24.4975602Z copying src/embed_optim/spectral_transplant_matrix.py -> embedding_optimizer_study-0.1.0/src/embed_optim
2026-09-13T15:27:24.4979256Z copying src/embed_optim/spectral_transplant_summary.py -> embedding_optimizer_study-0.1.0/src/embed_optim
2026-09-13T15:27:24.4983012Z copying src/embed_optim/state_operator_factorial.py -> embedding_optimizer_study-0.1.0/src/embed_optim
2026-09-13T15:27:24.4992125Z copying src/embed_optim/state_operator_factorial_backup.py -> embedding_optimizer_study-0.1.0/src/embed_optim
2026-09-13T15:27:24.6100413Z copying src/embed_optim/state_operator_factorial_completion.py -> embedding_optimizer_study-0.1.0/src/embed_optim
2026-09-13T15:27:24.6103583Z copying src/embed_optim/state_operator_factorial_contract.py -> embedding_optimizer_study-0.1.0/src/embed_optim
2026-09-13T15:27:24.6106685Z copying src/embed_optim/state_operator_factorial_evaluation.py -> embedding_optimizer_study-0.1.0/src/embed_optim
2026-09-13T15:27:24.6110782Z copying src/embed_optim/state_operator_factorial_probe.py -> embedding_optimizer_study-0.1.0/src/embed_optim
2026-09-13T15:27:24.6116589Z copying src/embed_optim/state_operator_factorial_publication.py -> embedding_optimizer_study-0.1.0/src/embed_optim
2026-09-13T15:27:24.6120217Z copying src/embed_optim/state_operator_factorial_summary.py -> embedding_optimizer_study-0.1.0/src/embed_optim
2026-09-13T15:27:24.6123829Z copying src/embed_optim/state_operator_factorial_training.py -> embedding_optimizer_study-0.1.0/src/embed_optim
2026-09-13T15:27:24.6126874Z copying src/embed_optim/supervisor.py -> embedding_optimizer_study-0.1.0/src/embed_optim
2026-09-13T15:27:24.6130172Z copying src/embed_optim/supplemental_training_audit.py -> embedding_optimizer_study-0.1.0/src/embed_optim
2026-09-13T15:27:24.6132806Z copying src/embed_optim/tail_stability.py -> embedding_optimizer_study-0.1.0/src/embed_optim
2026-09-13T15:27:24.6138870Z copying src/embed_optim/temporal_short_branch.py -> embedding_optimizer_study-0.1.0/src/embed_optim
2026-09-13T15:27:24.6143625Z copying src/embed_optim/temporal_short_branch_predictors.py -> embedding_optimizer_study-0.1.0/src/embed_optim
2026-09-13T15:27:24.6150057Z copying src/embed_optim/three_regime_diagnostic.py -> embedding_optimizer_study-0.1.0/src/embed_optim
2026-09-13T15:27:24.6153800Z copying src/embed_optim/train.py -> embedding_optimizer_study-0.1.0/src/embed_optim
2026-09-13T15:27:24.6157750Z copying src/embed_optim/training_dynamics.py -> embedding_optimizer_study-0.1.0/src/embed_optim
2026-09-13T15:27:24.6161263Z copying src/embed_optim/training_dynamics_plot.py -> embedding_optimizer_study-0.1.0/src/embed_optim
2026-09-13T15:27:24.6164930Z copying src/embed_optim/update_geometry.py -> embedding_optimizer_study-0.1.0/src/embed_optim
2026-09-13T15:27:24.6168208Z copying src/embed_optim/validation_data.py -> embedding_optimizer_study-0.1.0/src/embed_optim
2026-09-13T15:27:24.6171709Z copying src/embed_optim/validation_evaluation.py -> embedding_optimizer_study-0.1.0/src/embed_optim
2026-09-13T15:27:24.6176268Z copying src/embed_optim/validation_matrix.py -> embedding_optimizer_study-0.1.0/src/embed_optim
2026-09-13T15:27:24.6180260Z copying src/embed_optim/validation_summary.py -> embedding_optimizer_study-0.1.0/src/embed_optim
2026-09-13T15:27:24.6182934Z copying src/embed_optim/wandb_dense_provenance_audit.py -> embedding_optimizer_study-0.1.0/src/embed_optim
2026-09-13T15:27:24.6186296Z copying src/embed_optim/wandb_sync.py -> embedding_optimizer_study-0.1.0/src/embed_optim
2026-09-13T15:27:24.6189213Z copying src/embed_optim_restore/__init__.py -> embedding_optimizer_study-0.1.0/src/embed_optim_restore
2026-09-13T15:27:24.6191453Z copying src/embed_optim_restore/__main__.py -> embedding_optimizer_study-0.1.0/src/embed_optim_restore
2026-09-13T15:27:24.6193644Z copying src/embed_optim_restore/entry.py -> embedding_optimizer_study-0.1.0/src/embed_optim_restore
2026-09-13T15:27:24.6196474Z copying src/embed_optim_restore/equality.py -> embedding_optimizer_study-0.1.0/src/embed_optim_restore
2026-09-13T15:27:24.6198821Z copying src/embed_optim_restore/gate.py -> embedding_optimizer_study-0.1.0/src/embed_optim_restore
2026-09-13T15:27:24.6206911Z copying src/embed_optim_restore/paired.py -> embedding_optimizer_study-0.1.0/src/embed_optim_restore
2026-09-13T15:27:24.6208542Z copying src/embed_optim_restore/reference.py -> embedding_optimizer_study-0.1.0/src/embed_optim_restore
2026-09-13T15:27:24.6210932Z copying src/embed_optim_restore/step_devices.py -> embedding_optimizer_study-0.1.0/src/embed_optim_restore
2026-09-13T15:27:24.6213034Z copying src/embed_optim_restore/trace.py -> embedding_optimizer_study-0.1.0/src/embed_optim_restore
2026-09-13T15:27:24.6215276Z copying src/embed_optim_restore/references/a-0-cold.json -> embedding_optimizer_study-0.1.0/src/embed_optim_restore/references
2026-09-13T15:27:24.6231509Z copying src/embed_optim_restore/references/a-0-warm.json -> embedding_optimizer_study-0.1.0/src/embed_optim_restore/references
2026-09-13T15:27:24.6237699Z copying src/embed_optim_restore/references/a-1-cold.json -> embedding_optimizer_study-0.1.0/src/embed_optim_restore/references
2026-09-13T15:27:24.6935909Z copying src/embed_optim_restore/references/a-1-warm.json -> embedding_optimizer_study-0.1.0/src/embed_optim_restore/references
2026-09-13T15:27:24.7000268Z copying src/embed_optim_restore/references/a-2-cold.json -> embedding_optimizer_study-0.1.0/src/embed_optim_restore/references
2026-09-13T15:27:24.7012072Z copying src/embed_optim_restore/references/a-2-warm.json -> embedding_optimizer_study-0.1.0/src/embed_optim_restore/references
2026-09-13T15:27:24.7020650Z copying src/embed_optim_restore/references/a-3-cold.json -> embedding_optimizer_study-0.1.0/src/embed_optim_restore/references
2026-09-13T15:27:24.7027745Z copying src/embed_optim_restore/references/a-3-warm.json -> embedding_optimizer_study-0.1.0/src/embed_optim_restore/references
2026-09-13T15:27:24.7033503Z copying src/embed_optim_restore/references/b-0-cold.json -> embedding_optimizer_study-0.1.0/src/embed_optim_restore/references
2026-09-13T15:27:24.7926576Z copying src/embed_optim_restore/references/b-0-warm.json -> embedding_optimizer_study-0.1.0/src/embed_optim_restore/references
2026-09-13T15:27:24.7931496Z copying src/embed_optim_restore/references/b-1-cold.json -> embedding_optimizer_study-0.1.0/src/embed_optim_restore/references
2026-09-13T15:27:24.7937217Z copying src/embed_optim_restore/references/b-1-warm.json -> embedding_optimizer_study-0.1.0/src/embed_optim_restore/references
2026-09-13T15:27:24.8477946Z copying src/embed_optim_restore/references/b-2-cold.json -> embedding_optimizer_study-0.1.0/src/embed_optim_restore/references
2026-09-13T15:27:24.8483872Z copying src/embed_optim_restore/references/b-2-warm.json -> embedding_optimizer_study-0.1.0/src/embed_optim_restore/references
2026-09-13T15:27:24.8492276Z copying src/embed_optim_restore/references/b-3-cold.json -> embedding_optimizer_study-0.1.0/src/embed_optim_restore/references
2026-09-13T15:27:24.8500292Z copying src/embed_optim_restore/references/b-3-warm.json -> embedding_optimizer_study-0.1.0/src/embed_optim_restore/references
2026-09-13T15:27:24.8917807Z copying src/embedding_optimizer_study.egg-info/PKG-INFO -> embedding_optimizer_study-0.1.0/src/embedding_optimizer_study.egg-info
2026-09-13T15:27:24.8919051Z copying src/embedding_optimizer_study.egg-info/SOURCES.txt -> embedding_optimizer_study-0.1.0/src/embedding_optimizer_study.egg-info
2026-09-13T15:27:24.8920139Z copying src/embedding_optimizer_study.egg-info/dependency_links.txt -> embedding_optimizer_study-0.1.0/src/embedding_optimizer_study.egg-info
2026-09-13T15:27:24.8920867Z copying src/embedding_optimizer_study.egg-info/entry_points.txt -> embedding_optimizer_study-0.1.0/src/embedding_optimizer_study.egg-info
2026-09-13T15:27:24.8921561Z copying src/embedding_optimizer_study.egg-info/requires.txt -> embedding_optimizer_study-0.1.0/src/embedding_optimizer_study.egg-info
2026-09-13T15:27:24.8922249Z copying src/embedding_optimizer_study.egg-info/top_level.txt -> embedding_optimizer_study-0.1.0/src/embedding_optimizer_study.egg-info
2026-09-13T15:27:24.8922810Z copying tests/test_aggregate.py -> embedding_optimizer_study-0.1.0/tests
2026-09-13T15:27:24.8929409Z copying tests/test_basis_sensitivity.py -> embedding_optimizer_study-0.1.0/tests
2026-09-13T15:27:24.8932385Z copying tests/test_beir_probe.py -> embedding_optimizer_study-0.1.0/tests
2026-09-13T15:27:24.8935368Z copying tests/test_bridge_numerics.py -> embedding_optimizer_study-0.1.0/tests
2026-09-13T15:27:24.8938287Z copying tests/test_candidate_breadth_data.py -> embedding_optimizer_study-0.1.0/tests
2026-09-13T15:27:24.8941465Z copying tests/test_candidate_breadth_evaluation.py -> embedding_optimizer_study-0.1.0/tests
2026-09-13T15:27:24.8943855Z copying tests/test_candidate_breadth_matrix.py -> embedding_optimizer_study-0.1.0/tests
2026-09-13T15:27:24.8946548Z copying tests/test_candidate_breadth_publication.py -> embedding_optimizer_study-0.1.0/tests
2026-09-13T15:27:24.8949066Z copying tests/test_candidate_breadth_release.py -> embedding_optimizer_study-0.1.0/tests
2026-09-13T15:27:24.8951948Z copying tests/test_candidate_breadth_summary.py -> embedding_optimizer_study-0.1.0/tests
2026-09-13T15:27:24.8954901Z copying tests/test_causal_chain_reporting.py -> embedding_optimizer_study-0.1.0/tests
2026-09-13T15:27:24.8958566Z copying tests/test_checkpoint_download.py -> embedding_optimizer_study-0.1.0/tests
2026-09-13T15:27:24.8961062Z copying tests/test_checkpoint_optimizer_resume.py -> embedding_optimizer_study-0.1.0/tests
2026-09-13T15:27:24.8963151Z copying tests/test_checkpoint_watch.py -> embedding_optimizer_study-0.1.0/tests
2026-09-13T15:27:24.8965458Z copying tests/test_collators.py -> embedding_optimizer_study-0.1.0/tests
2026-09-13T15:27:24.8967563Z copying tests/test_common_state_matrix.py -> embedding_optimizer_study-0.1.0/tests
2026-09-13T15:27:24.8969853Z copying tests/test_common_state_spectra.py -> embedding_optimizer_study-0.1.0/tests
2026-09-13T15:27:24.8972308Z copying tests/test_common_state_spectrum_plot.py -> embedding_optimizer_study-0.1.0/tests
2026-09-13T15:27:24.8974466Z copying tests/test_common_state_summary.py -> embedding_optimizer_study-0.1.0/tests
2026-09-13T15:27:24.8976855Z copying tests/test_completion_backup_contract_migration.py -> embedding_optimizer_study-0.1.0/tests
2026-09-13T15:27:24.8978936Z copying tests/test_completion_contract_migration.py -> embedding_optimizer_study-0.1.0/tests
2026-09-13T15:27:24.8981069Z copying tests/test_config.py -> embedding_optimizer_study-0.1.0/tests
2026-09-13T15:27:24.8983401Z copying tests/test_confirmatory_data.py -> embedding_optimizer_study-0.1.0/tests
2026-09-13T15:27:24.8985678Z copying tests/test_confirmatory_evaluation.py -> embedding_optimizer_study-0.1.0/tests
2026-09-13T15:27:24.8987923Z copying tests/test_confirmatory_matrix.py -> embedding_optimizer_study-0.1.0/tests
2026-09-13T15:27:24.8989860Z copying tests/test_corpus_size_diagnostic.py -> embedding_optimizer_study-0.1.0/tests
2026-09-13T15:27:24.8992322Z copying tests/test_corrected_checkpoint_backup.py -> embedding_optimizer_study-0.1.0/tests
2026-09-13T15:27:24.8994335Z copying tests/test_corrected_completion_pipeline.py -> embedding_optimizer_study-0.1.0/tests
2026-09-13T15:27:24.8996777Z copying tests/test_corrected_execution_sensitivity.py -> embedding_optimizer_study-0.1.0/tests
2026-09-13T15:27:24.8999284Z copying tests/test_corrected_geometry.py -> embedding_optimizer_study-0.1.0/tests
2026-09-13T15:27:24.9001789Z copying tests/test_corrected_input_execution.py -> embedding_optimizer_study-0.1.0/tests
2026-09-13T15:27:24.9003823Z copying tests/test_corrected_outcome_summary.py -> embedding_optimizer_study-0.1.0/tests
2026-09-13T15:27:24.9006313Z copying tests/test_corrected_progress.py -> embedding_optimizer_study-0.1.0/tests
2026-09-13T15:27:24.9008770Z copying tests/test_corrected_publication.py -> embedding_optimizer_study-0.1.0/tests
2026-09-13T15:27:24.9011324Z copying tests/test_corrected_retrieval_bridge.py -> embedding_optimizer_study-0.1.0/tests
2026-09-13T15:27:24.9014195Z copying tests/test_corrected_wandb_audit.py -> embedding_optimizer_study-0.1.0/tests
2026-09-13T15:27:24.9016511Z copying tests/test_current_distribution_surface.py -> embedding_optimizer_study-0.1.0/tests
2026-09-13T15:27:24.9018277Z copying tests/test_current_paper.py -> embedding_optimizer_study-0.1.0/tests
2026-09-13T15:27:24.9020970Z copying tests/test_current_primary_source.py -> embedding_optimizer_study-0.1.0/tests
2026-09-13T15:27:24.9023278Z copying tests/test_data.py -> embedding_optimizer_study-0.1.0/tests
2026-09-13T15:27:24.9025503Z copying tests/test_decontamination.py -> embedding_optimizer_study-0.1.0/tests
2026-09-13T15:27:24.9027867Z copying tests/test_dense_canonical_reduction_control.py -> embedding_optimizer_study-0.1.0/tests
2026-09-13T15:27:24.9030223Z copying tests/test_dense_canonical_replay_fingerprint.py -> embedding_optimizer_study-0.1.0/tests
2026-09-13T15:27:24.9032264Z copying tests/test_dense_completion_pipeline.py -> embedding_optimizer_study-0.1.0/tests
2026-09-13T15:27:24.9035461Z copying tests/test_dense_correction_candidate.py -> embedding_optimizer_study-0.1.0/tests
2026-09-13T15:27:24.9037663Z copying tests/test_dense_data_protection.py -> embedding_optimizer_study-0.1.0/tests
2026-09-13T15:27:24.9039914Z copying tests/test_dense_ddp_accumulation_audit.py -> embedding_optimizer_study-0.1.0/tests
2026-09-13T15:27:24.9042130Z copying tests/test_dense_eval_handoff.py -> embedding_optimizer_study-0.1.0/tests
2026-09-13T15:27:24.9044531Z copying tests/test_dense_evaluation_pause.py -> embedding_optimizer_study-0.1.0/tests
2026-09-13T15:27:24.9046488Z copying tests/test_dense_finalization_pipeline.py -> embedding_optimizer_study-0.1.0/tests
2026-09-13T15:27:24.9048946Z copying tests/test_dense_full_identity_validation.py -> embedding_optimizer_study-0.1.0/tests
2026-09-13T15:27:24.9051712Z copying tests/test_dense_full_model_normalization.py -> embedding_optimizer_study-0.1.0/tests
2026-09-13T15:27:24.9053916Z copying tests/test_dense_gpu_deterministic_control.py -> embedding_optimizer_study-0.1.0/tests
2026-09-13T15:27:24.9056222Z copying tests/test_dense_gpu_fresh_replay.py -> embedding_optimizer_study-0.1.0/tests
2026-09-13T15:27:24.9058099Z copying tests/test_dense_gpu_gradient_origin.py -> embedding_optimizer_study-0.1.0/tests
2026-09-13T15:27:24.9060100Z copying tests/test_dense_gpu_max_context_audit.py -> embedding_optimizer_study-0.1.0/tests
2026-09-13T15:27:24.9061871Z copying tests/test_dense_gpu_normalization_audit.py -> embedding_optimizer_study-0.1.0/tests
2026-09-13T15:27:24.9064038Z copying tests/test_dense_gpu_replay_update.py -> embedding_optimizer_study-0.1.0/tests
2026-09-13T15:27:24.9066005Z copying tests/test_dense_loss_contract_audit.py -> embedding_optimizer_study-0.1.0/tests
2026-09-13T15:27:24.9068205Z copying tests/test_dense_natural_data_audit.py -> embedding_optimizer_study-0.1.0/tests
2026-09-13T15:27:24.9070046Z copying tests/test_dense_no_packing_preflight.py -> embedding_optimizer_study-0.1.0/tests
2026-09-13T15:27:24.9072140Z copying tests/test_dense_numerical_contract.py -> embedding_optimizer_study-0.1.0/tests
2026-09-13T15:27:24.9074380Z copying tests/test_dense_partition_cache.py -> embedding_optimizer_study-0.1.0/tests
2026-09-13T15:27:24.9076238Z copying tests/test_dense_partition_reconstruction.py -> embedding_optimizer_study-0.1.0/tests
2026-09-13T15:27:24.9078664Z copying tests/test_dense_partition_revision.py -> embedding_optimizer_study-0.1.0/tests
2026-09-13T15:27:24.9080722Z copying tests/test_dense_predeployment_checks.py -> embedding_optimizer_study-0.1.0/tests
2026-09-13T15:27:24.9082703Z copying tests/test_dense_probe_coupling.py -> embedding_optimizer_study-0.1.0/tests
2026-09-13T15:27:24.9084963Z copying tests/test_dense_retrieval_dynamics_evaluation.py -> embedding_optimizer_study-0.1.0/tests
2026-09-13T15:27:24.9087253Z copying tests/test_dense_retrieval_dynamics_publication.py -> embedding_optimizer_study-0.1.0/tests
2026-09-13T15:27:24.9089513Z copying tests/test_dense_retrieval_dynamics_summary.py -> embedding_optimizer_study-0.1.0/tests
2026-09-13T15:27:24.9091830Z copying tests/test_dense_run_contract.py -> embedding_optimizer_study-0.1.0/tests
2026-09-13T15:27:24.9094164Z copying tests/test_dense_run_identity_proposal.py -> embedding_optimizer_study-0.1.0/tests
2026-09-13T15:27:24.9096491Z copying tests/test_dense_text_integrity.py -> embedding_optimizer_study-0.1.0/tests
2026-09-13T15:27:24.9098646Z copying tests/test_dense_trainer_normalization_candidate.py -> embedding_optimizer_study-0.1.0/tests
2026-09-13T15:27:24.9101024Z copying tests/test_dense_trainer_resume_audit.py -> embedding_optimizer_study-0.1.0/tests
2026-09-13T15:27:24.9102797Z copying tests/test_dimension_archive.py -> embedding_optimizer_study-0.1.0/tests
2026-09-13T15:27:24.9105220Z copying tests/test_dimension_inference.py -> embedding_optimizer_study-0.1.0/tests
2026-09-13T15:27:24.9107611Z copying tests/test_dimension_inference_reference.py -> embedding_optimizer_study-0.1.0/tests
2026-09-13T15:27:24.9109771Z copying tests/test_dimension_intervention_io.py -> embedding_optimizer_study-0.1.0/tests
2026-09-13T15:27:24.9111948Z copying tests/test_dimension_interventions.py -> embedding_optimizer_study-0.1.0/tests
2026-09-13T15:27:24.9114164Z copying tests/test_dimension_probe_inputs.py -> embedding_optimizer_study-0.1.0/tests
2026-09-13T15:27:24.9116311Z copying tests/test_dimension_publication.py -> embedding_optimizer_study-0.1.0/tests
2026-09-13T15:27:24.9118872Z copying tests/test_dimension_release.py -> embedding_optimizer_study-0.1.0/tests
2026-09-13T15:27:24.9121603Z copying tests/test_dimension_replay.py -> embedding_optimizer_study-0.1.0/tests
2026-09-13T15:27:24.9123894Z copying tests/test_dimension_utilization.py -> embedding_optimizer_study-0.1.0/tests
2026-09-13T15:27:24.9125713Z copying tests/test_distribution.py -> embedding_optimizer_study-0.1.0/tests
2026-09-13T15:27:24.9127731Z copying tests/test_distribution_audit.py -> embedding_optimizer_study-0.1.0/tests
2026-09-13T15:27:24.9130117Z copying tests/test_dose_band_analysis.py -> embedding_optimizer_study-0.1.0/tests
2026-09-13T15:27:24.9132530Z copying tests/test_evaluate_matrix.py -> embedding_optimizer_study-0.1.0/tests
2026-09-13T15:27:24.9135238Z copying tests/test_evaluation_progress.py -> embedding_optimizer_study-0.1.0/tests
2026-09-13T15:27:24.9137683Z copying tests/test_evaluation_source_provenance.py -> embedding_optimizer_study-0.1.0/tests
2026-09-13T15:27:24.9140102Z copying tests/test_evaluation_supervisor.py -> embedding_optimizer_study-0.1.0/tests
2026-09-13T15:27:24.9142119Z copying tests/test_exact_bridge_measurements.py -> embedding_optimizer_study-0.1.0/tests
2026-09-13T15:27:24.9144225Z copying tests/test_factorial_resume_order.py -> embedding_optimizer_study-0.1.0/tests
2026-09-13T15:27:24.9146005Z copying tests/test_factorial_v3_batches.py -> embedding_optimizer_study-0.1.0/tests
2026-09-13T15:27:24.9148009Z copying tests/test_factorial_v3_calibration.py -> embedding_optimizer_study-0.1.0/tests
2026-09-13T15:27:24.9150763Z copying tests/test_factorial_v3_factory.py -> embedding_optimizer_study-0.1.0/tests
2026-09-13T15:27:24.9907259Z copying tests/test_factorial_v3_input_roles.py -> embedding_optimizer_study-0.1.0/tests
2026-09-13T15:27:24.9910552Z copying tests/test_factorial_v3_optimizer.py -> embedding_optimizer_study-0.1.0/tests
2026-09-13T15:27:24.9913701Z copying tests/test_factorial_v3_run_contract.py -> embedding_optimizer_study-0.1.0/tests
2026-09-13T15:27:24.9917502Z copying tests/test_factorial_v3_trainer.py -> embedding_optimizer_study-0.1.0/tests
2026-09-13T15:27:24.9921125Z copying tests/test_factorial_v3_worker.py -> embedding_optimizer_study-0.1.0/tests
2026-09-13T15:27:24.9924922Z copying tests/test_family_training_queue.py -> embedding_optimizer_study-0.1.0/tests
2026-09-13T15:27:24.9929283Z copying tests/test_functional_intervention.py -> embedding_optimizer_study-0.1.0/tests
2026-09-13T15:27:24.9932326Z copying tests/test_geometry.py -> embedding_optimizer_study-0.1.0/tests
2026-09-13T15:27:25.1009366Z copying tests/test_geometry_plot.py -> embedding_optimizer_study-0.1.0/tests
2026-09-13T15:27:25.1011493Z copying tests/test_geometry_robustness.py -> embedding_optimizer_study-0.1.0/tests
2026-09-13T15:27:25.1015432Z copying tests/test_geometry_summary.py -> embedding_optimizer_study-0.1.0/tests
2026-09-13T15:27:25.1020525Z copying tests/test_gpu_lease.py -> embedding_optimizer_study-0.1.0/tests
2026-09-13T15:27:25.1024585Z copying tests/test_gradient_probe.py -> embedding_optimizer_study-0.1.0/tests
2026-09-13T15:27:25.1026940Z copying tests/test_hf_obsolete_cleanup.py -> embedding_optimizer_study-0.1.0/tests
2026-09-13T15:27:25.1030004Z copying tests/test_hf_withdrawal_dependencies.py -> embedding_optimizer_study-0.1.0/tests
2026-09-13T15:27:25.1032796Z copying tests/test_hybrid_control.py -> embedding_optimizer_study-0.1.0/tests
2026-09-13T15:27:25.1035895Z copying tests/test_incremental_checkpoint_backup.py -> embedding_optimizer_study-0.1.0/tests
2026-09-13T15:27:25.1038350Z copying tests/test_live_publication_header_hotfix.py -> embedding_optimizer_study-0.1.0/tests
2026-09-13T15:27:25.1041292Z copying tests/test_local_global_reversal.py -> embedding_optimizer_study-0.1.0/tests
2026-09-13T15:27:25.1043650Z copying tests/test_losses.py -> embedding_optimizer_study-0.1.0/tests
2026-09-13T15:27:25.1045869Z copying tests/test_main_handoff_recovery_migration.py -> embedding_optimizer_study-0.1.0/tests
2026-09-13T15:27:25.1048859Z copying tests/test_main_handoff_repair.py -> embedding_optimizer_study-0.1.0/tests
2026-09-13T15:27:25.1053434Z copying tests/test_main_resume_repair.py -> embedding_optimizer_study-0.1.0/tests
2026-09-13T15:27:25.1055720Z copying tests/test_matrix.py -> embedding_optimizer_study-0.1.0/tests
2026-09-13T15:27:25.1058528Z copying tests/test_matrix_handoff_guard.py -> embedding_optimizer_study-0.1.0/tests
2026-09-13T15:27:25.1060892Z copying tests/test_mechanism_bridge.py -> embedding_optimizer_study-0.1.0/tests
2026-09-13T15:27:25.1063193Z copying tests/test_mechanism_report.py -> embedding_optimizer_study-0.1.0/tests
2026-09-13T15:27:25.1066090Z copying tests/test_normuon_full_model_reference_audit.py -> embedding_optimizer_study-0.1.0/tests
2026-09-13T15:27:25.1068380Z copying tests/test_normuon_reference_edge_audit.py -> embedding_optimizer_study-0.1.0/tests
2026-09-13T15:27:25.1070643Z copying tests/test_optimizer_state_devices.py -> embedding_optimizer_study-0.1.0/tests
2026-09-13T15:27:25.1072765Z copying tests/test_optimizers.py -> embedding_optimizer_study-0.1.0/tests
2026-09-13T15:27:25.1075088Z copying tests/test_outcome_report.py -> embedding_optimizer_study-0.1.0/tests
2026-09-13T15:27:25.1078077Z copying tests/test_packing_invariance.py -> embedding_optimizer_study-0.1.0/tests
2026-09-13T15:27:25.1080519Z copying tests/test_paper_audit.py -> embedding_optimizer_study-0.1.0/tests
2026-09-13T15:27:25.1085019Z copying tests/test_paper_layout.py -> embedding_optimizer_study-0.1.0/tests
2026-09-13T15:27:25.1087254Z copying tests/test_paper_only_surface.py -> embedding_optimizer_study-0.1.0/tests
2026-09-13T15:27:25.1090007Z copying tests/test_paper_reproduction.py -> embedding_optimizer_study-0.1.0/tests
2026-09-13T15:27:25.1092119Z copying tests/test_paper_results.py -> embedding_optimizer_study-0.1.0/tests
2026-09-13T15:27:25.1095552Z copying tests/test_post_eval_pipeline.py -> embedding_optimizer_study-0.1.0/tests
2026-09-13T15:27:25.1098519Z copying tests/test_primary_completion.py -> embedding_optimizer_study-0.1.0/tests
2026-09-13T15:27:25.1102543Z copying tests/test_primary_contract.py -> embedding_optimizer_study-0.1.0/tests
2026-09-13T15:27:25.1105274Z copying tests/test_primary_data_revision.py -> embedding_optimizer_study-0.1.0/tests
2026-09-13T15:27:25.1107973Z copying tests/test_primary_dimension_probe.py -> embedding_optimizer_study-0.1.0/tests
2026-09-13T15:27:25.1110161Z copying tests/test_primary_geometry_reductions.py -> embedding_optimizer_study-0.1.0/tests
2026-09-13T15:27:25.1111865Z copying tests/test_primary_v3_bridge.py -> embedding_optimizer_study-0.1.0/tests
2026-09-13T15:27:25.1118660Z copying tests/test_primary_v3_chain.py -> embedding_optimizer_study-0.1.0/tests
2026-09-13T15:27:25.1121321Z copying tests/test_primary_v3_dimension_inference.py -> embedding_optimizer_study-0.1.0/tests
2026-09-13T15:27:25.1123023Z copying tests/test_primary_v3_dimension_vectors.py -> embedding_optimizer_study-0.1.0/tests
2026-09-13T15:27:25.1124594Z copying tests/test_primary_v3_dimensions.py -> embedding_optimizer_study-0.1.0/tests
2026-09-13T15:27:25.1126571Z copying tests/test_primary_v3_exact_bridge.py -> embedding_optimizer_study-0.1.0/tests
2026-09-13T15:27:25.1128424Z copying tests/test_primary_v3_exact_geometry.py -> embedding_optimizer_study-0.1.0/tests
2026-09-13T15:27:25.1130578Z copying tests/test_primary_v3_exact_publication.py -> embedding_optimizer_study-0.1.0/tests
2026-09-13T15:27:25.1133300Z copying tests/test_primary_v3_exact_reconstruction.py -> embedding_optimizer_study-0.1.0/tests
2026-09-13T15:27:25.1135536Z copying tests/test_primary_v3_geometry.py -> embedding_optimizer_study-0.1.0/tests
2026-09-13T15:27:25.1137805Z copying tests/test_primary_v3_geometry_reconstruction.py -> embedding_optimizer_study-0.1.0/tests
2026-09-13T15:27:25.1140208Z copying tests/test_primary_v3_joint_reconstruction.py -> embedding_optimizer_study-0.1.0/tests
2026-09-13T15:27:25.1142460Z copying tests/test_primary_v3_manuscript.py -> embedding_optimizer_study-0.1.0/tests
2026-09-13T15:27:25.1144063Z copying tests/test_primary_v3_manuscript_build.py -> embedding_optimizer_study-0.1.0/tests
2026-09-13T15:27:25.1145581Z copying tests/test_primary_v3_outcome_reconstruction.py -> embedding_optimizer_study-0.1.0/tests
2026-09-13T15:27:25.1147596Z copying tests/test_primary_v3_outcomes.py -> embedding_optimizer_study-0.1.0/tests
2026-09-13T15:27:25.1150408Z copying tests/test_primary_v3_paper_layout.py -> embedding_optimizer_study-0.1.0/tests
2026-09-13T15:27:25.1152100Z copying tests/test_primary_v3_publication.py -> embedding_optimizer_study-0.1.0/tests
2026-09-13T15:27:25.1154398Z copying tests/test_primary_v3_publication_reconstruction.py -> embedding_optimizer_study-0.1.0/tests
2026-09-13T15:27:25.1156697Z copying tests/test_primary_v3_reconstruction_sources.py -> embedding_optimizer_study-0.1.0/tests
2026-09-13T15:27:25.1158953Z copying tests/test_primary_v3_training_observations.py -> embedding_optimizer_study-0.1.0/tests
2026-09-13T15:27:25.1160857Z copying tests/test_primary_v3_validation.py -> embedding_optimizer_study-0.1.0/tests
2026-09-13T15:27:25.1162983Z copying tests/test_primary_v3_vector_reconstruction.py -> embedding_optimizer_study-0.1.0/tests
2026-09-13T15:27:25.1164973Z copying tests/test_primary_weight_entries.py -> embedding_optimizer_study-0.1.0/tests
2026-09-13T15:27:25.1166458Z copying tests/test_probe_export.py -> embedding_optimizer_study-0.1.0/tests
2026-09-13T15:27:25.1168969Z copying tests/test_probe_matrix.py -> embedding_optimizer_study-0.1.0/tests
2026-09-13T15:27:25.1171082Z copying tests/test_probes.py -> embedding_optimizer_study-0.1.0/tests
2026-09-13T15:27:25.1173177Z copying tests/test_reconstruction_files.py -> embedding_optimizer_study-0.1.0/tests
2026-09-13T15:27:25.1175311Z copying tests/test_repository_hygiene.py -> embedding_optimizer_study-0.1.0/tests
2026-09-13T15:27:25.1177654Z copying tests/test_representation_geometry.py -> embedding_optimizer_study-0.1.0/tests
2026-09-13T15:27:25.1180115Z copying tests/test_representation_plot.py -> embedding_optimizer_study-0.1.0/tests
2026-09-13T15:27:25.1182143Z copying tests/test_representation_summary.py -> embedding_optimizer_study-0.1.0/tests
2026-09-13T15:27:25.1184304Z copying tests/test_restore_entry.py -> embedding_optimizer_study-0.1.0/tests
2026-09-13T15:27:25.1186355Z copying tests/test_restore_gate.py -> embedding_optimizer_study-0.1.0/tests
2026-09-13T15:27:25.1187661Z copying tests/test_restore_paired.py -> embedding_optimizer_study-0.1.0/tests
2026-09-13T15:27:25.1189747Z copying tests/test_restore_primary_v3.py -> embedding_optimizer_study-0.1.0/tests
2026-09-13T15:27:25.1191375Z copying tests/test_restore_step_devices.py -> embedding_optimizer_study-0.1.0/tests
2026-09-13T15:27:25.1193366Z copying tests/test_restore_trace.py -> embedding_optimizer_study-0.1.0/tests
2026-09-13T15:27:25.1195186Z copying tests/test_retrieval_dynamics.py -> embedding_optimizer_study-0.1.0/tests
2026-09-13T15:27:25.1197200Z copying tests/test_runtime.py -> embedding_optimizer_study-0.1.0/tests
2026-09-13T15:27:25.1199058Z copying tests/test_saved_factorial_checkpoint.py -> embedding_optimizer_study-0.1.0/tests
2026-09-13T15:27:25.1200632Z copying tests/test_scope.py -> embedding_optimizer_study-0.1.0/tests
2026-09-13T15:27:25.1202466Z copying tests/test_sealed_checkpoint_supervisor.py -> embedding_optimizer_study-0.1.0/tests
2026-09-13T15:27:25.1204131Z copying tests/test_short_branch.py -> embedding_optimizer_study-0.1.0/tests
2026-09-13T15:27:25.1205670Z copying tests/test_short_branch_evaluation.py -> embedding_optimizer_study-0.1.0/tests
2026-09-13T15:27:25.1207672Z copying tests/test_short_branch_summary.py -> embedding_optimizer_study-0.1.0/tests
2026-09-13T15:27:25.1210051Z copying tests/test_source_roles.py -> embedding_optimizer_study-0.1.0/tests
2026-09-13T15:27:25.1212407Z copying tests/test_specialized_evaluation_entrypoints.py -> embedding_optimizer_study-0.1.0/tests
2026-09-13T15:27:25.1214385Z copying tests/test_spectral_transplant.py -> embedding_optimizer_study-0.1.0/tests
2026-09-13T15:27:25.1216665Z copying tests/test_state_operator_claim_wording.py -> embedding_optimizer_study-0.1.0/tests
2026-09-13T15:27:25.1218890Z copying tests/test_state_operator_factorial.py -> embedding_optimizer_study-0.1.0/tests
2026-09-13T15:27:25.1221220Z copying tests/test_state_operator_factorial_completion.py -> embedding_optimizer_study-0.1.0/tests
2026-09-13T15:27:25.1223622Z copying tests/test_state_operator_factorial_protocol.py -> embedding_optimizer_study-0.1.0/tests
2026-09-13T15:27:25.1225720Z copying tests/test_successor_parent_publication.py -> embedding_optimizer_study-0.1.0/tests
2026-09-13T15:27:25.1228296Z copying tests/test_supervisor.py -> embedding_optimizer_study-0.1.0/tests
2026-09-13T15:27:25.1230413Z copying tests/test_supplemental_training_audit.py -> embedding_optimizer_study-0.1.0/tests
2026-09-13T15:27:25.1232459Z copying tests/test_tail_stability.py -> embedding_optimizer_study-0.1.0/tests
2026-09-13T15:27:25.1234126Z copying tests/test_temporal_short_branch.py -> embedding_optimizer_study-0.1.0/tests
2026-09-13T15:27:25.1235842Z copying tests/test_temporal_short_branch_predictors.py -> embedding_optimizer_study-0.1.0/tests
2026-09-13T15:27:25.1237755Z copying tests/test_three_regime_diagnostic.py -> embedding_optimizer_study-0.1.0/tests
2026-09-13T15:27:25.1240096Z copying tests/test_train.py -> embedding_optimizer_study-0.1.0/tests
2026-09-13T15:27:25.1241560Z copying tests/test_training_artifact_backup.py -> embedding_optimizer_study-0.1.0/tests
2026-09-13T15:27:25.1243846Z copying tests/test_training_dynamics.py -> embedding_optimizer_study-0.1.0/tests
2026-09-13T15:27:25.1246026Z copying tests/test_training_dynamics_plot.py -> embedding_optimizer_study-0.1.0/tests
2026-09-13T15:27:25.1247655Z copying tests/test_update_geometry.py -> embedding_optimizer_study-0.1.0/tests
2026-09-13T15:27:25.1250067Z copying tests/test_validation_data.py -> embedding_optimizer_study-0.1.0/tests
2026-09-13T15:27:25.1251991Z copying tests/test_validation_pipeline.py -> embedding_optimizer_study-0.1.0/tests
2026-09-13T15:27:25.1254308Z copying tests/test_wandb_dense_provenance_audit.py -> embedding_optimizer_study-0.1.0/tests
2026-09-13T15:27:25.1256483Z copying tests/test_wandb_sync.py -> embedding_optimizer_study-0.1.0/tests
2026-09-13T15:27:25.1259179Z copying tests/test_weight_artifact_backup.py -> embedding_optimizer_study-0.1.0/tests
2026-09-13T15:27:25.1273137Z Writing embedding_optimizer_study-0.1.0/setup.cfg
2026-09-13T15:27:25.1274651Z Creating tar archive
2026-09-13T15:27:25.9818190Z removing 'embedding_optimizer_study-0.1.0' (and everything under it)
2026-09-13T15:27:26.1001125Z Building wheel from source distribution...
2026-09-13T15:27:26.4262159Z running egg_info
2026-09-13T15:27:26.4272656Z writing src/embedding_optimizer_study.egg-info/PKG-INFO
2026-09-13T15:27:26.4283954Z writing dependency_links to src/embedding_optimizer_study.egg-info/dependency_links.txt
2026-09-13T15:27:26.4292329Z writing entry points to src/embedding_optimizer_study.egg-info/entry_points.txt
2026-09-13T15:27:26.4298805Z writing requirements to src/embedding_optimizer_study.egg-info/requires.txt
2026-09-13T15:27:26.4299697Z writing top-level names to src/embedding_optimizer_study.egg-info/top_level.txt
2026-09-13T15:27:26.4381264Z reading manifest file 'src/embedding_optimizer_study.egg-info/SOURCES.txt'
2026-09-13T15:27:26.4424477Z reading manifest template 'MANIFEST.in'
2026-09-13T15:27:26.4424912Z adding license file 'LICENSE'
2026-09-13T15:27:26.4470131Z writing manifest file 'src/embedding_optimizer_study.egg-info/SOURCES.txt'
2026-09-13T15:27:26.5858619Z running bdist_wheel
2026-09-13T15:27:26.5892769Z running build
2026-09-13T15:27:26.5893100Z running build_py
2026-09-13T15:27:26.5903313Z creating build/lib/embed_optim_restore
2026-09-13T15:27:26.5905095Z copying src/embed_optim_restore/reference.py -> build/lib/embed_optim_restore
2026-09-13T15:27:26.5906973Z copying src/embed_optim_restore/step_devices.py -> build/lib/embed_optim_restore
2026-09-13T15:27:26.5908079Z copying src/embed_optim_restore/__init__.py -> build/lib/embed_optim_restore
2026-09-13T15:27:26.5909143Z copying src/embed_optim_restore/entry.py -> build/lib/embed_optim_restore
2026-09-13T15:27:26.5910528Z copying src/embed_optim_restore/trace.py -> build/lib/embed_optim_restore
2026-09-13T15:27:26.5911586Z copying src/embed_optim_restore/paired.py -> build/lib/embed_optim_restore
2026-09-13T15:27:26.5912588Z copying src/embed_optim_restore/__main__.py -> build/lib/embed_optim_restore
2026-09-13T15:27:26.5913656Z copying src/embed_optim_restore/gate.py -> build/lib/embed_optim_restore
2026-09-13T15:27:26.5914627Z copying src/embed_optim_restore/equality.py -> build/lib/embed_optim_restore
2026-09-13T15:27:26.5924412Z creating build/lib/embed_optim
2026-09-13T15:27:26.5925243Z copying src/embed_optim/dense_retrieval_dynamics_publication.py -> build/lib/embed_optim
2026-09-13T15:27:26.5927017Z copying src/embed_optim/primary_v3_publication_bridge.py -> build/lib/embed_optim
2026-09-13T15:27:26.5928041Z copying src/embed_optim/primary_v3_exact_geometry_io.py -> build/lib/embed_optim
2026-09-13T15:27:26.5929183Z copying src/embed_optim/dense_eval_handoff.py -> build/lib/embed_optim
2026-09-13T15:27:26.5931036Z copying src/embed_optim/primary_v3_publication.py -> build/lib/embed_optim
2026-09-13T15:27:26.5931992Z copying src/embed_optim/dimension_inference.py -> build/lib/embed_optim
2026-09-13T15:27:26.5933114Z copying src/embed_optim/gradient_probe.py -> build/lib/embed_optim
2026-09-13T15:27:26.5934566Z copying src/embed_optim/pylate_compat.py -> build/lib/embed_optim
2026-09-13T15:27:26.5935420Z copying src/embed_optim/dimension_inference_render.py -> build/lib/embed_optim
2026-09-13T15:27:26.5936489Z copying src/embed_optim/corrected_outcome_summary.py -> build/lib/embed_optim
2026-09-13T15:27:26.5937648Z copying src/embed_optim/functional_intervention.py -> build/lib/embed_optim
2026-09-13T15:27:26.5938944Z copying src/embed_optim/dimension_archive.py -> build/lib/embed_optim
2026-09-13T15:27:26.5939976Z copying src/embed_optim/primary_v3_completion.py -> build/lib/embed_optim
2026-09-13T15:27:26.5941106Z copying src/embed_optim/dimension_replay.py -> build/lib/embed_optim
2026-09-13T15:27:26.5942234Z copying src/embed_optim/common_state_summary.py -> build/lib/embed_optim
2026-09-13T15:27:26.5943949Z copying src/embed_optim/functional_intervention_matrix.py -> build/lib/embed_optim
2026-09-13T15:27:26.5944712Z copying src/embed_optim/short_branch_summary.py -> build/lib/embed_optim
2026-09-13T15:27:26.5946430Z copying src/embed_optim/primary_v3_exact_geometry.py -> build/lib/embed_optim
2026-09-13T15:27:26.5947183Z copying src/embed_optim/temporal_short_branch.py -> build/lib/embed_optim
2026-09-13T15:27:26.5948485Z copying src/embed_optim/primary_v3_publication_tables.py -> build/lib/embed_optim
2026-09-13T15:27:26.5949672Z copying src/embed_optim/distribution_audit.py -> build/lib/embed_optim
2026-09-13T15:27:26.5950837Z copying src/embed_optim/train.py -> build/lib/embed_optim
2026-09-13T15:27:26.5952257Z copying src/embed_optim/validation_evaluation.py -> build/lib/embed_optim
2026-09-13T15:27:26.5953117Z copying src/embed_optim/evaluation_source_provenance.py -> build/lib/embed_optim
2026-09-13T15:27:26.5954208Z copying src/embed_optim/validation_summary.py -> build/lib/embed_optim
2026-09-13T15:27:26.5955245Z copying src/embed_optim/factorial_v3_worker.py -> build/lib/embed_optim
2026-09-13T15:27:26.5956440Z copying src/embed_optim/spectral_transplant_matrix.py -> build/lib/embed_optim
2026-09-13T15:27:26.5957509Z copying src/embed_optim/primary_v3_validation.py -> build/lib/embed_optim
2026-09-13T15:27:26.5958678Z copying src/embed_optim/primary_v3_geometry_reconstruction.py -> build/lib/embed_optim
2026-09-13T15:27:26.5959897Z copying src/embed_optim/wandb_dense_provenance_audit.py -> build/lib/embed_optim
2026-09-13T15:27:26.5961149Z copying src/embed_optim/dose_band_analysis.py -> build/lib/embed_optim
2026-09-13T15:27:26.5962843Z copying src/embed_optim/complete_paper_document.py -> build/lib/embed_optim
2026-09-13T15:27:26.5963593Z copying src/embed_optim/validation_data.py -> build/lib/embed_optim
2026-09-13T15:27:26.5964858Z copying src/embed_optim/primary_v3_exact_publication_render.py -> build/lib/embed_optim
2026-09-13T15:27:26.5965906Z copying src/embed_optim/primary_v3_exact_publication.py -> build/lib/embed_optim
2026-09-13T15:27:26.5967014Z copying src/embed_optim/state_operator_factorial_backup.py -> build/lib/embed_optim
2026-09-13T15:27:26.5968079Z copying src/embed_optim/primary_v3_exact_bridge.py -> build/lib/embed_optim
2026-09-13T15:27:26.5969140Z copying src/embed_optim/dense_run_contract.py -> build/lib/embed_optim
2026-09-13T15:27:26.5970438Z copying src/embed_optim/short_branch.py -> build/lib/embed_optim
2026-09-13T15:27:26.5971913Z copying src/embed_optim/short_branch_evaluation.py -> build/lib/embed_optim
2026-09-13T15:27:26.5972613Z copying src/embed_optim/__init__.py -> build/lib/embed_optim
2026-09-13T15:27:26.5973747Z copying src/embed_optim/local_global_reversal.py -> build/lib/embed_optim
2026-09-13T15:27:26.5975017Z copying src/embed_optim/optimizer_state_devices.py -> build/lib/embed_optim
2026-09-13T15:27:26.5976005Z copying src/embed_optim/evaluation_supervisor.py -> build/lib/embed_optim
2026-09-13T15:27:26.5977337Z copying src/embed_optim/primary_v3_reconstruction_authoring.py -> build/lib/embed_optim
2026-09-13T15:27:26.5978240Z copying src/embed_optim/common_state_spectra.py -> build/lib/embed_optim
2026-09-13T15:27:26.5980203Z copying src/embed_optim/paper_audit.py -> build/lib/embed_optim
2026-09-13T15:27:26.5981783Z copying src/embed_optim/primary_v3_publication_contract.py -> build/lib/embed_optim
2026-09-13T15:27:26.5982607Z copying src/embed_optim/data.py -> build/lib/embed_optim
2026-09-13T15:27:26.5984132Z copying src/embed_optim/training_dynamics_plot.py -> build/lib/embed_optim
2026-09-13T15:27:26.5985225Z copying src/embed_optim/primary_v3_outcome_reconstruction.py -> build/lib/embed_optim
2026-09-13T15:27:26.5986065Z copying src/embed_optim/config.py -> build/lib/embed_optim
2026-09-13T15:27:26.5987709Z copying src/embed_optim/dimension_publication.py -> build/lib/embed_optim
2026-09-13T15:27:26.5988660Z copying src/embed_optim/matrix.py -> build/lib/embed_optim
2026-09-13T15:27:26.5990223Z copying src/embed_optim/runtime.py -> build/lib/embed_optim
2026-09-13T15:27:26.5991104Z copying src/embed_optim/primary_v3_io.py -> build/lib/embed_optim
2026-09-13T15:27:26.5992179Z copying src/embed_optim/supervisor.py -> build/lib/embed_optim
2026-09-13T15:27:26.5993285Z copying src/embed_optim/hybrid_evaluation.py -> build/lib/embed_optim
2026-09-13T15:27:26.5994419Z copying src/embed_optim/primary_v3_manuscript.py -> build/lib/embed_optim
2026-09-13T15:27:26.5995588Z copying src/embed_optim/dense_no_packing_preflight.py -> build/lib/embed_optim
2026-09-13T15:27:26.5996680Z copying src/embed_optim/exact_bridge_measurements.py -> build/lib/embed_optim
2026-09-13T15:27:26.5997766Z copying src/embed_optim/validation_matrix.py -> build/lib/embed_optim
2026-09-13T15:27:26.5998914Z copying src/embed_optim/primary_v3_joint_reconstruction.py -> build/lib/embed_optim
2026-09-13T15:27:26.6000039Z copying src/embed_optim/matrix_handoff_guard.py -> build/lib/embed_optim
2026-09-13T15:27:26.6001126Z copying src/embed_optim/callbacks.py -> build/lib/embed_optim
2026-09-13T15:27:26.6002246Z copying src/embed_optim/factorial_v3_batches.py -> build/lib/embed_optim
2026-09-13T15:27:26.6003278Z copying src/embed_optim/training_dynamics.py -> build/lib/embed_optim
2026-09-13T15:27:26.6004348Z copying src/embed_optim/retrieval_dynamics.py -> build/lib/embed_optim
2026-09-13T15:27:26.6006044Z copying src/embed_optim/basis_sensitivity.py -> build/lib/embed_optim
2026-09-13T15:27:26.6007180Z copying src/embed_optim/checkpoint_watch.py -> build/lib/embed_optim
2026-09-13T15:27:26.6008266Z copying src/embed_optim/scope.py -> build/lib/embed_optim
2026-09-13T15:27:26.6009409Z copying src/embed_optim/primary_completion.py -> build/lib/embed_optim
2026-09-13T15:27:26.6010756Z copying src/embed_optim/primary_v3_paper_layout.py -> build/lib/embed_optim
2026-09-13T15:27:26.6011790Z copying src/embed_optim/causal_chain_reporting.py -> build/lib/embed_optim
2026-09-13T15:27:26.6013595Z copying src/embed_optim/representation_plot.py -> build/lib/embed_optim
2026-09-13T15:27:26.6014457Z copying src/embed_optim/candidate_breadth_data.py -> build/lib/embed_optim
2026-09-13T15:27:26.6015980Z copying src/embed_optim/factorial_v3_calibration.py -> build/lib/embed_optim
2026-09-13T15:27:26.6016932Z copying src/embed_optim/factorial_v3_optimizer.py -> build/lib/embed_optim
2026-09-13T15:27:26.6018169Z copying src/embed_optim/state_operator_factorial_training.py -> build/lib/embed_optim
2026-09-13T15:27:26.6019233Z copying src/embed_optim/corrected_checkpoint_backup.py -> build/lib/embed_optim
2026-09-13T15:27:26.6020366Z copying src/embed_optim/update_geometry.py -> build/lib/embed_optim
2026-09-13T15:27:26.6021652Z copying src/embed_optim/primary_v3_dimension_vector_io.py -> build/lib/embed_optim
2026-09-13T15:27:26.6022634Z copying src/embed_optim/wandb_sync.py -> build/lib/embed_optim
2026-09-13T15:27:26.6024236Z copying src/embed_optim/supplemental_training_audit.py -> build/lib/embed_optim
2026-09-13T15:27:26.6025066Z copying src/embed_optim/state_operator_factorial_evaluation.py -> build/lib/embed_optim
2026-09-13T15:27:26.6026209Z copying src/embed_optim/factorial_v3_checkpoint.py -> build/lib/embed_optim
2026-09-13T15:27:26.6027365Z copying src/embed_optim/primary_v3_publication_reconstruction.py -> build/lib/embed_optim
2026-09-13T15:27:26.6028502Z copying src/embed_optim/primary_v3_dimension_exports.py -> build/lib/embed_optim
2026-09-13T15:27:26.6029671Z copying src/embed_optim/spectral_transplant_summary.py -> build/lib/embed_optim
2026-09-13T15:27:26.6030869Z copying src/embed_optim/dimension_interventions.py -> build/lib/embed_optim
2026-09-13T15:27:26.6032100Z copying src/embed_optim/paper_reproduction.py -> build/lib/embed_optim
2026-09-13T15:27:26.6033101Z copying src/embed_optim/primary_v3_geometry_io.py -> build/lib/embed_optim
2026-09-13T15:27:26.6034179Z copying src/embed_optim/primary_v3_validation_io.py -> build/lib/embed_optim
2026-09-13T15:27:26.6035401Z copying src/embed_optim/primary_v3_outcome_primitives.py -> build/lib/embed_optim
2026-09-13T15:27:26.6036511Z copying src/embed_optim/primary_v3_publication_archive.py -> build/lib/embed_optim
2026-09-13T15:27:26.6037675Z copying src/embed_optim/completion_backup_contract_migration.py -> build/lib/embed_optim
2026-09-13T15:27:26.6038655Z copying src/embed_optim/confirmatory_data.py -> build/lib/embed_optim
2026-09-13T15:27:26.6040493Z copying src/embed_optim/mechanism_bridge.py -> build/lib/embed_optim
2026-09-13T15:27:26.6041457Z copying src/embed_optim/candidate_breadth_matrix.py -> build/lib/embed_optim
2026-09-13T15:27:26.6042649Z copying src/embed_optim/dense_retrieval_dynamics_evaluation.py -> build/lib/embed_optim
2026-09-13T15:27:26.6043847Z copying src/embed_optim/primary_v3_contract.py -> build/lib/embed_optim
2026-09-13T15:27:26.6044982Z copying src/embed_optim/corrected_geometry_matrix.py -> build/lib/embed_optim
2026-09-13T15:27:26.6046096Z copying src/embed_optim/saved_factorial_checkpoint.py -> build/lib/embed_optim
2026-09-13T15:27:26.6047199Z copying src/embed_optim/primary_v3_reconstruction_inputs.py -> build/lib/embed_optim
2026-09-13T15:27:26.6048300Z copying src/embed_optim/primary_v3_training.py -> build/lib/embed_optim
2026-09-13T15:27:26.6049315Z copying src/embed_optim/mechanism_report.py -> build/lib/embed_optim
2026-09-13T15:27:26.6051220Z copying src/embed_optim/primary_geometry_reductions.py -> build/lib/embed_optim
2026-09-13T15:27:26.6051997Z copying src/embed_optim/primary_v3_outcomes.py -> build/lib/embed_optim
2026-09-13T15:27:26.6053157Z copying src/embed_optim/beir_probe.py -> build/lib/embed_optim
2026-09-13T15:27:26.6054422Z copying src/embed_optim/primary_v3_dimension_inference.py -> build/lib/embed_optim
2026-09-13T15:27:26.6055569Z copying src/embed_optim/state_operator_factorial_probe.py -> build/lib/embed_optim
2026-09-13T15:27:26.6056745Z copying src/embed_optim/outcome_report.py -> build/lib/embed_optim
2026-09-13T15:27:26.6058348Z copying src/embed_optim/gpu_lease.py -> build/lib/embed_optim
2026-09-13T15:27:26.6059241Z copying src/embed_optim/artifact_inventory.py -> build/lib/embed_optim
2026-09-13T15:27:26.6060424Z copying src/embed_optim/collators.py -> build/lib/embed_optim
2026-09-13T15:27:26.6061540Z copying src/embed_optim/primary_weight_entries.py -> build/lib/embed_optim
2026-09-13T15:27:26.6062795Z copying src/embed_optim/geometry_plot.py -> build/lib/embed_optim
2026-09-13T15:27:26.6064046Z copying src/embed_optim/primary_exact_geometry_kernels.py -> build/lib/embed_optim
2026-09-13T15:27:26.6065077Z copying src/embed_optim/paper_results.py -> build/lib/embed_optim
2026-09-13T15:27:26.6066859Z copying src/embed_optim/primary_v3_exact_geometry_primitives.py -> build/lib/embed_optim
2026-09-13T15:27:26.6068164Z copying src/embed_optim/dimension_intervention_io.py -> build/lib/embed_optim
2026-09-13T15:27:26.6069254Z copying src/embed_optim/primary_v3_dimension_contract.py -> build/lib/embed_optim
2026-09-13T15:27:26.6070474Z copying src/embed_optim/causal_chain_rendering.py -> build/lib/embed_optim
2026-09-13T15:27:26.6071960Z copying src/embed_optim/primary_dimension_probe.py -> build/lib/embed_optim
2026-09-13T15:27:26.6072891Z copying src/embed_optim/evaluate_matrix.py -> build/lib/embed_optim
2026-09-13T15:27:26.6074550Z copying src/embed_optim/factorial_v3_inputs.py -> build/lib/embed_optim
2026-09-13T15:27:26.6075262Z copying src/embed_optim/dimension_utilization.py -> build/lib/embed_optim
2026-09-13T15:27:26.6076766Z copying src/embed_optim/candidate_breadth_release.py -> build/lib/embed_optim
2026-09-13T15:27:26.6077711Z copying src/embed_optim/probe_matrix.py -> build/lib/embed_optim
2026-09-13T15:27:26.6078972Z copying src/embed_optim/state_operator_factorial_summary.py -> build/lib/embed_optim
2026-09-13T15:27:26.6080225Z copying src/embed_optim/family_training_queue.py -> build/lib/embed_optim
2026-09-13T15:27:26.6081462Z copying src/embed_optim/dense_numerical_contract.py -> build/lib/embed_optim
2026-09-13T15:27:26.6082570Z copying src/embed_optim/packing_invariance.py -> build/lib/embed_optim
2026-09-13T15:27:26.6083721Z copying src/embed_optim/primary_v3_geometry_primitives.py -> build/lib/embed_optim
2026-09-13T15:27:26.6084827Z copying src/embed_optim/evaluation_source_archive.py -> build/lib/embed_optim
2026-09-13T15:27:26.6086737Z copying src/embed_optim/completion_contract_migration.py -> build/lib/embed_optim
2026-09-13T15:27:26.6087613Z copying src/embed_optim/primary_v3_vector_reconstruction.py -> build/lib/embed_optim
2026-09-13T15:27:26.6088675Z copying src/embed_optim/common_state_spectrum_plot.py -> build/lib/embed_optim
2026-09-13T15:27:26.6089947Z copying src/embed_optim/geometry_robustness.py -> build/lib/embed_optim
2026-09-13T15:27:26.6090971Z copying src/embed_optim/geometry_summary.py -> build/lib/embed_optim
2026-09-13T15:27:26.6092167Z copying src/embed_optim/evaluation_progress.py -> build/lib/embed_optim
2026-09-13T15:27:26.6093304Z copying src/embed_optim/reconstruction_files.py -> build/lib/embed_optim
2026-09-13T15:27:26.6094436Z copying src/embed_optim/candidate_breadth_evaluation.py -> build/lib/embed_optim
2026-09-13T15:27:26.6095678Z copying src/embed_optim/primary_v3_exact_reconstruction_archive.py -> build/lib/embed_optim
2026-09-13T15:27:26.6096649Z copying src/embed_optim/primary_data_revision.py -> build/lib/embed_optim
2026-09-13T15:27:26.6097877Z copying src/embed_optim/corrected_geometry_summary.py -> build/lib/embed_optim
2026-09-13T15:27:26.6098942Z copying src/embed_optim/losses.py -> build/lib/embed_optim
2026-09-13T15:27:26.6100259Z copying src/embed_optim/state_operator_factorial_publication.py -> build/lib/embed_optim
2026-09-13T15:27:26.6101406Z copying src/embed_optim/factorial_v3_run_contract.py -> build/lib/embed_optim
2026-09-13T15:27:26.6102721Z copying src/embed_optim/primary_v3_exact_reconstruction.py -> build/lib/embed_optim
2026-09-13T15:27:26.6103759Z copying src/embed_optim/hybrid_control.py -> build/lib/embed_optim
2026-09-13T15:27:26.6105097Z copying src/embed_optim/state_operator_factorial_completion.py -> build/lib/embed_optim
2026-09-13T15:27:26.6106266Z copying src/embed_optim/post_eval_pipeline.py -> build/lib/embed_optim
2026-09-13T15:27:26.6107825Z copying src/embed_optim/spectral_transplant.py -> build/lib/embed_optim
2026-09-13T15:27:26.6108920Z copying src/embed_optim/corrected_completion_pipeline.py -> build/lib/embed_optim
2026-09-13T15:27:26.6110077Z copying src/embed_optim/corrected_wandb_audit.py -> build/lib/embed_optim
2026-09-13T15:27:26.6111283Z copying src/embed_optim/dense_completion_pipeline.py -> build/lib/embed_optim
2026-09-13T15:27:26.6112542Z copying src/embed_optim/primary_geometry_kernels.py -> build/lib/embed_optim
2026-09-13T15:27:26.6113622Z copying src/embed_optim/candidate_breadth_summary.py -> build/lib/embed_optim
2026-09-13T15:27:26.6114818Z copying src/embed_optim/primary_io.py -> build/lib/embed_optim
2026-09-13T15:27:26.6115997Z copying src/embed_optim/candidate_breadth_publication.py -> build/lib/embed_optim
2026-09-13T15:27:26.6117143Z copying src/embed_optim/decontamination.py -> build/lib/embed_optim
2026-09-13T15:27:26.6118263Z copying src/embed_optim/dense_finalization_pipeline.py -> build/lib/embed_optim
2026-09-13T15:27:26.6119358Z copying src/embed_optim/dimension_release.py -> build/lib/embed_optim
2026-09-13T15:27:26.6120641Z copying src/embed_optim/tail_stability.py -> build/lib/embed_optim
2026-09-13T15:27:26.6122561Z copying src/embed_optim/corrected_execution_sensitivity.py -> build/lib/embed_optim
2026-09-13T15:27:26.6123356Z copying src/embed_optim/primary_v3_geometry.py -> build/lib/embed_optim
2026-09-13T15:27:26.6124528Z copying src/embed_optim/corrected_progress.py -> build/lib/embed_optim
2026-09-13T15:27:26.6125555Z copying src/embed_optim/probes.py -> build/lib/embed_optim
2026-09-13T15:27:26.6127326Z copying src/embed_optim/sealed_checkpoint_supervisor.py -> build/lib/embed_optim
2026-09-13T15:27:26.6128122Z copying src/embed_optim/factorial_v3_bound_trainer.py -> build/lib/embed_optim
2026-09-13T15:27:26.6129107Z copying src/embed_optim/common_state_matrix.py -> build/lib/embed_optim
2026-09-13T15:27:26.6130400Z copying src/embed_optim/primary_v3_dimensions.py -> build/lib/embed_optim
2026-09-13T15:27:26.6131515Z copying src/embed_optim/representation_geometry.py -> build/lib/embed_optim
2026-09-13T15:27:26.6133175Z copying src/embed_optim/representation_summary.py -> build/lib/embed_optim
2026-09-13T15:27:26.6134182Z copying src/embed_optim/primary_v3_manuscript_build.py -> build/lib/embed_optim
2026-09-13T15:27:26.6135313Z copying src/embed_optim/bridge_named_features.py -> build/lib/embed_optim
2026-09-13T15:27:26.6136463Z copying src/embed_optim/corrected_beir_evaluation.py -> build/lib/embed_optim
2026-09-13T15:27:26.6138395Z copying src/embed_optim/corrected_validation_evaluation.py -> build/lib/embed_optim
2026-09-13T15:27:26.6139198Z copying src/embed_optim/factorial_v3_trainer.py -> build/lib/embed_optim
2026-09-13T15:27:26.6140518Z copying src/embed_optim/bridge_exact_arithmetic.py -> build/lib/embed_optim
2026-09-13T15:27:26.6141612Z copying src/embed_optim/corrected_input_execution.py -> build/lib/embed_optim
2026-09-13T15:27:26.6142600Z copying src/embed_optim/corrected_publication.py -> build/lib/embed_optim
2026-09-13T15:27:26.6144312Z copying src/embed_optim/confirmatory_matrix.py -> build/lib/embed_optim
2026-09-13T15:27:26.6145008Z copying src/embed_optim/geometry.py -> build/lib/embed_optim
2026-09-13T15:27:26.6146696Z copying src/embed_optim/bridge_numerics.py -> build/lib/embed_optim
2026-09-13T15:27:26.6147676Z copying src/embed_optim/corrected_retrieval_bridge.py -> build/lib/embed_optim
2026-09-13T15:27:26.6148831Z copying src/embed_optim/confirmatory_summary.py -> build/lib/embed_optim
2026-09-13T15:27:26.6150035Z copying src/embed_optim/factorial_v3_factory.py -> build/lib/embed_optim
2026-09-13T15:27:26.6151352Z copying src/embed_optim/primary_v3_publication_render.py -> build/lib/embed_optim
2026-09-13T15:27:26.6152411Z copying src/embed_optim/state_operator_factorial.py -> build/lib/embed_optim
2026-09-13T15:27:26.6154248Z copying src/embed_optim/three_regime_diagnostic.py -> build/lib/embed_optim
2026-09-13T15:27:26.6155083Z copying src/embed_optim/paper_layout.py -> build/lib/embed_optim
2026-09-13T15:27:26.6156278Z copying src/embed_optim/corpus_size_diagnostic.py -> build/lib/embed_optim
2026-09-13T15:27:26.6157541Z copying src/embed_optim/state_operator_factorial_contract.py -> build/lib/embed_optim
2026-09-13T15:27:26.6158498Z copying src/embed_optim/primary_contract.py -> build/lib/embed_optim
2026-09-13T15:27:26.6159921Z copying src/embed_optim/temporal_short_branch_predictors.py -> build/lib/embed_optim
2026-09-13T15:27:26.6161093Z copying src/embed_optim/primary_v3_bridge.py -> build/lib/embed_optim
2026-09-13T15:27:26.6162297Z copying src/embed_optim/primary_v3_reconstruction_sources.py -> build/lib/embed_optim
2026-09-13T15:27:26.6163265Z copying src/embed_optim/optimizers.py -> build/lib/embed_optim
2026-09-13T15:27:26.6164489Z copying src/embed_optim/incremental_checkpoint_backup.py -> build/lib/embed_optim
2026-09-13T15:27:26.6165625Z copying src/embed_optim/dense_retrieval_dynamics_summary.py -> build/lib/embed_optim
2026-09-13T15:27:26.6166773Z copying src/embed_optim/probe_export.py -> build/lib/embed_optim
2026-09-13T15:27:26.6168578Z copying src/embed_optim/confirmatory_evaluation.py -> build/lib/embed_optim
2026-09-13T15:27:26.6169285Z copying src/embed_optim/aggregate.py -> build/lib/embed_optim
2026-09-13T15:27:26.6171474Z copying src/embed_optim/functional_intervention_summary.py -> build/lib/embed_optim
2026-09-13T15:27:26.6172404Z copying src/embed_optim/evaluation_utils.py -> build/lib/embed_optim
2026-09-13T15:27:26.6173501Z copying src/embed_optim/primary_v3_exact_publication_contract.py -> build/lib/embed_optim
2026-09-13T15:27:26.6174650Z copying src/embed_optim/primary_training.py -> build/lib/embed_optim
2026-09-13T15:27:26.6175445Z copying src/embed_optim/corrected_validation_matrix.py -> build/lib/embed_optim
2026-09-13T15:27:26.6176384Z copying src/embed_optim/current_paper.py -> build/lib/embed_optim
2026-09-13T15:27:26.6178099Z running egg_info
2026-09-13T15:27:26.6186519Z writing src/embedding_optimizer_study.egg-info/PKG-INFO
2026-09-13T15:27:26.6197728Z writing dependency_links to src/embedding_optimizer_study.egg-info/dependency_links.txt
2026-09-13T15:27:26.6205678Z writing entry points to src/embedding_optimizer_study.egg-info/entry_points.txt
2026-09-13T15:27:26.6211988Z writing requirements to src/embedding_optimizer_study.egg-info/requires.txt
2026-09-13T15:27:26.6212942Z writing top-level names to src/embedding_optimizer_study.egg-info/top_level.txt
2026-09-13T15:27:26.6278519Z reading manifest file 'src/embedding_optimizer_study.egg-info/SOURCES.txt'
2026-09-13T15:27:26.6321827Z reading manifest template 'MANIFEST.in'
2026-09-13T15:27:26.6322475Z adding license file 'LICENSE'
2026-09-13T15:27:26.6367031Z writing manifest file 'src/embedding_optimizer_study.egg-info/SOURCES.txt'
2026-09-13T15:27:26.6386807Z creating build/lib/embed_optim_restore/references
2026-09-13T15:27:26.6388347Z copying src/embed_optim_restore/references/a-3-warm.json -> build/lib/embed_optim_restore/references
2026-09-13T15:27:26.6390382Z copying src/embed_optim_restore/references/b-2-warm.json -> build/lib/embed_optim_restore/references
2026-09-13T15:27:26.6392423Z copying src/embed_optim_restore/references/a-0-cold.json -> build/lib/embed_optim_restore/references
2026-09-13T15:27:26.6394378Z copying src/embed_optim_restore/references/b-3-warm.json -> build/lib/embed_optim_restore/references
2026-09-13T15:27:26.6396762Z copying src/embed_optim_restore/references/b-0-cold.json -> build/lib/embed_optim_restore/references
2026-09-13T15:27:26.6398261Z copying src/embed_optim_restore/references/a-1-cold.json -> build/lib/embed_optim_restore/references
2026-09-13T15:27:26.6400835Z copying src/embed_optim_restore/references/b-3-cold.json -> build/lib/embed_optim_restore/references
2026-09-13T15:27:26.6402746Z copying src/embed_optim_restore/references/a-2-cold.json -> build/lib/embed_optim_restore/references
2026-09-13T15:27:26.6405124Z copying src/embed_optim_restore/references/b-2-cold.json -> build/lib/embed_optim_restore/references
2026-09-13T15:27:26.6407063Z copying src/embed_optim_restore/references/b-0-warm.json -> build/lib/embed_optim_restore/references
2026-09-13T15:27:26.6409291Z copying src/embed_optim_restore/references/a-0-warm.json -> build/lib/embed_optim_restore/references
2026-09-13T15:27:26.6411416Z copying src/embed_optim_restore/references/a-2-warm.json -> build/lib/embed_optim_restore/references
2026-09-13T15:27:26.6413836Z copying src/embed_optim_restore/references/b-1-warm.json -> build/lib/embed_optim_restore/references
2026-09-13T15:27:26.6415800Z copying src/embed_optim_restore/references/a-3-cold.json -> build/lib/embed_optim_restore/references
2026-09-13T15:27:26.6417908Z copying src/embed_optim_restore/references/b-1-cold.json -> build/lib/embed_optim_restore/references
2026-09-13T15:27:26.6420183Z copying src/embed_optim_restore/references/a-1-warm.json -> build/lib/embed_optim_restore/references
2026-09-13T15:27:26.6451561Z installing to build/bdist.linux-x86_64/wheel
2026-09-13T15:27:26.6451991Z running install
2026-09-13T15:27:26.6494644Z running install_lib
2026-09-13T15:27:26.6504424Z creating build/bdist.linux-x86_64/wheel
2026-09-13T15:27:26.6506142Z creating build/bdist.linux-x86_64/wheel/embed_optim_restore
2026-09-13T15:27:26.6507123Z copying build/lib/embed_optim_restore/reference.py -> build/bdist.linux-x86_64/wheel/./embed_optim_restore
2026-09-13T15:27:26.6508286Z copying build/lib/embed_optim_restore/step_devices.py -> build/bdist.linux-x86_64/wheel/./embed_optim_restore
2026-09-13T15:27:26.6509261Z copying build/lib/embed_optim_restore/__init__.py -> build/bdist.linux-x86_64/wheel/./embed_optim_restore
2026-09-13T15:27:26.6510495Z copying build/lib/embed_optim_restore/entry.py -> build/bdist.linux-x86_64/wheel/./embed_optim_restore
2026-09-13T15:27:26.6511435Z copying build/lib/embed_optim_restore/trace.py -> build/bdist.linux-x86_64/wheel/./embed_optim_restore
2026-09-13T15:27:26.6512246Z creating build/bdist.linux-x86_64/wheel/embed_optim_restore/references
2026-09-13T15:27:26.6513453Z copying build/lib/embed_optim_restore/references/a-3-warm.json -> build/bdist.linux-x86_64/wheel/./embed_optim_restore/references
2026-09-13T15:27:26.6515560Z copying build/lib/embed_optim_restore/references/b-2-warm.json -> build/bdist.linux-x86_64/wheel/./embed_optim_restore/references
2026-09-13T15:27:26.6516945Z copying build/lib/embed_optim_restore/references/a-0-cold.json -> build/bdist.linux-x86_64/wheel/./embed_optim_restore/references
2026-09-13T15:27:26.6519158Z copying build/lib/embed_optim_restore/references/b-3-warm.json -> build/bdist.linux-x86_64/wheel/./embed_optim_restore/references
2026-09-13T15:27:26.6520708Z copying build/lib/embed_optim_restore/references/b-0-cold.json -> build/bdist.linux-x86_64/wheel/./embed_optim_restore/references
2026-09-13T15:27:26.6522845Z copying build/lib/embed_optim_restore/references/a-1-cold.json -> build/bdist.linux-x86_64/wheel/./embed_optim_restore/references
2026-09-13T15:27:26.6524282Z copying build/lib/embed_optim_restore/references/b-3-cold.json -> build/bdist.linux-x86_64/wheel/./embed_optim_restore/references
2026-09-13T15:27:26.6526415Z copying build/lib/embed_optim_restore/references/a-2-cold.json -> build/bdist.linux-x86_64/wheel/./embed_optim_restore/references
2026-09-13T15:27:26.6527864Z copying build/lib/embed_optim_restore/references/b-2-cold.json -> build/bdist.linux-x86_64/wheel/./embed_optim_restore/references
2026-09-13T15:27:26.6530079Z copying build/lib/embed_optim_restore/references/b-0-warm.json -> build/bdist.linux-x86_64/wheel/./embed_optim_restore/references
2026-09-13T15:27:26.6531454Z copying build/lib/embed_optim_restore/references/a-0-warm.json -> build/bdist.linux-x86_64/wheel/./embed_optim_restore/references
2026-09-13T15:27:26.6533423Z copying build/lib/embed_optim_restore/references/a-2-warm.json -> build/bdist.linux-x86_64/wheel/./embed_optim_restore/references
2026-09-13T15:27:26.6534820Z copying build/lib/embed_optim_restore/references/b-1-warm.json -> build/bdist.linux-x86_64/wheel/./embed_optim_restore/references
2026-09-13T15:27:26.6536711Z copying build/lib/embed_optim_restore/references/a-3-cold.json -> build/bdist.linux-x86_64/wheel/./embed_optim_restore/references
2026-09-13T15:27:26.6538184Z copying build/lib/embed_optim_restore/references/b-1-cold.json -> build/bdist.linux-x86_64/wheel/./embed_optim_restore/references
2026-09-13T15:27:26.6540150Z copying build/lib/embed_optim_restore/references/a-1-warm.json -> build/bdist.linux-x86_64/wheel/./embed_optim_restore/references
2026-09-13T15:27:26.6541670Z copying build/lib/embed_optim_restore/paired.py -> build/bdist.linux-x86_64/wheel/./embed_optim_restore
2026-09-13T15:27:26.6542713Z copying build/lib/embed_optim_restore/__main__.py -> build/bdist.linux-x86_64/wheel/./embed_optim_restore
2026-09-13T15:27:26.6543679Z copying build/lib/embed_optim_restore/gate.py -> build/bdist.linux-x86_64/wheel/./embed_optim_restore
2026-09-13T15:27:26.6544555Z copying build/lib/embed_optim_restore/equality.py -> build/bdist.linux-x86_64/wheel/./embed_optim_restore
2026-09-13T15:27:26.6546764Z creating build/bdist.linux-x86_64/wheel/embed_optim
2026-09-13T15:27:26.6547703Z copying build/lib/embed_optim/dense_retrieval_dynamics_publication.py -> build/bdist.linux-x86_64/wheel/./embed_optim
2026-09-13T15:27:26.6548785Z copying build/lib/embed_optim/primary_v3_publication_bridge.py -> build/bdist.linux-x86_64/wheel/./embed_optim
2026-09-13T15:27:26.6549764Z copying build/lib/embed_optim/primary_v3_exact_geometry_io.py -> build/bdist.linux-x86_64/wheel/./embed_optim
2026-09-13T15:27:26.6550766Z copying build/lib/embed_optim/dense_eval_handoff.py -> build/bdist.linux-x86_64/wheel/./embed_optim
2026-09-13T15:27:26.6551906Z copying build/lib/embed_optim/primary_v3_publication.py -> build/bdist.linux-x86_64/wheel/./embed_optim
2026-09-13T15:27:26.6552837Z copying build/lib/embed_optim/dimension_inference.py -> build/bdist.linux-x86_64/wheel/./embed_optim
2026-09-13T15:27:26.6553696Z copying build/lib/embed_optim/gradient_probe.py -> build/bdist.linux-x86_64/wheel/./embed_optim
2026-09-13T15:27:26.6554681Z copying build/lib/embed_optim/pylate_compat.py -> build/bdist.linux-x86_64/wheel/./embed_optim
2026-09-13T15:27:26.6555443Z copying build/lib/embed_optim/dimension_inference_render.py -> build/bdist.linux-x86_64/wheel/./embed_optim
2026-09-13T15:27:26.6556348Z copying build/lib/embed_optim/corrected_outcome_summary.py -> build/bdist.linux-x86_64/wheel/./embed_optim
2026-09-13T15:27:26.6557224Z copying build/lib/embed_optim/functional_intervention.py -> build/bdist.linux-x86_64/wheel/./embed_optim
2026-09-13T15:27:26.6558007Z copying build/lib/embed_optim/dimension_archive.py -> build/bdist.linux-x86_64/wheel/./embed_optim
2026-09-13T15:27:26.6558796Z copying build/lib/embed_optim/primary_v3_completion.py -> build/bdist.linux-x86_64/wheel/./embed_optim
2026-09-13T15:27:26.6559960Z copying build/lib/embed_optim/dimension_replay.py -> build/bdist.linux-x86_64/wheel/./embed_optim
2026-09-13T15:27:26.6560734Z copying build/lib/embed_optim/common_state_summary.py -> build/bdist.linux-x86_64/wheel/./embed_optim
2026-09-13T15:27:26.6561744Z copying build/lib/embed_optim/functional_intervention_matrix.py -> build/bdist.linux-x86_64/wheel/./embed_optim
2026-09-13T15:27:26.6562646Z copying build/lib/embed_optim/short_branch_summary.py -> build/bdist.linux-x86_64/wheel/./embed_optim
2026-09-13T15:27:26.6563510Z copying build/lib/embed_optim/primary_v3_exact_geometry.py -> build/bdist.linux-x86_64/wheel/./embed_optim
2026-09-13T15:27:26.6564290Z copying build/lib/embed_optim/temporal_short_branch.py -> build/bdist.linux-x86_64/wheel/./embed_optim
2026-09-13T15:27:26.6565390Z copying build/lib/embed_optim/primary_v3_publication_tables.py -> build/bdist.linux-x86_64/wheel/./embed_optim
2026-09-13T15:27:26.6566104Z copying build/lib/embed_optim/distribution_audit.py -> build/bdist.linux-x86_64/wheel/./embed_optim
2026-09-13T15:27:26.6566912Z copying build/lib/embed_optim/train.py -> build/bdist.linux-x86_64/wheel/./embed_optim
2026-09-13T15:27:26.6567687Z copying build/lib/embed_optim/validation_evaluation.py -> build/bdist.linux-x86_64/wheel/./embed_optim
2026-09-13T15:27:26.6568578Z copying build/lib/embed_optim/evaluation_source_provenance.py -> build/bdist.linux-x86_64/wheel/./embed_optim
2026-09-13T15:27:26.6569336Z copying build/lib/embed_optim/validation_summary.py -> build/bdist.linux-x86_64/wheel/./embed_optim
2026-09-13T15:27:26.6570144Z copying build/lib/embed_optim/factorial_v3_worker.py -> build/bdist.linux-x86_64/wheel/./embed_optim
2026-09-13T15:27:26.6571288Z copying build/lib/embed_optim/spectral_transplant_matrix.py -> build/bdist.linux-x86_64/wheel/./embed_optim
2026-09-13T15:27:26.6572073Z copying build/lib/embed_optim/primary_v3_validation.py -> build/bdist.linux-x86_64/wheel/./embed_optim
2026-09-13T15:27:26.6572959Z copying build/lib/embed_optim/primary_v3_geometry_reconstruction.py -> build/bdist.linux-x86_64/wheel/./embed_optim
2026-09-13T15:27:26.6573906Z copying build/lib/embed_optim/wandb_dense_provenance_audit.py -> build/bdist.linux-x86_64/wheel/./embed_optim
2026-09-13T15:27:26.6574735Z copying build/lib/embed_optim/dose_band_analysis.py -> build/bdist.linux-x86_64/wheel/./embed_optim
2026-09-13T15:27:26.6575541Z copying build/lib/embed_optim/complete_paper_document.py -> build/bdist.linux-x86_64/wheel/./embed_optim
2026-09-13T15:27:26.6576351Z copying build/lib/embed_optim/validation_data.py -> build/bdist.linux-x86_64/wheel/./embed_optim
2026-09-13T15:27:26.6577213Z copying build/lib/embed_optim/primary_v3_exact_publication_render.py -> build/bdist.linux-x86_64/wheel/./embed_optim
2026-09-13T15:27:26.6578128Z copying build/lib/embed_optim/primary_v3_exact_publication.py -> build/bdist.linux-x86_64/wheel/./embed_optim
2026-09-13T15:27:26.6579102Z copying build/lib/embed_optim/state_operator_factorial_backup.py -> build/bdist.linux-x86_64/wheel/./embed_optim
2026-09-13T15:27:26.6580053Z copying build/lib/embed_optim/primary_v3_exact_bridge.py -> build/bdist.linux-x86_64/wheel/./embed_optim
2026-09-13T15:27:26.6580873Z copying build/lib/embed_optim/dense_run_contract.py -> build/bdist.linux-x86_64/wheel/./embed_optim
2026-09-13T15:27:26.6581654Z copying build/lib/embed_optim/short_branch.py -> build/bdist.linux-x86_64/wheel/./embed_optim
2026-09-13T15:27:26.6582445Z copying build/lib/embed_optim/short_branch_evaluation.py -> build/bdist.linux-x86_64/wheel/./embed_optim
2026-09-13T15:27:26.6583223Z copying build/lib/embed_optim/__init__.py -> build/bdist.linux-x86_64/wheel/./embed_optim
2026-09-13T15:27:26.6583975Z copying build/lib/embed_optim/local_global_reversal.py -> build/bdist.linux-x86_64/wheel/./embed_optim
2026-09-13T15:27:26.6584806Z copying build/lib/embed_optim/optimizer_state_devices.py -> build/bdist.linux-x86_64/wheel/./embed_optim
2026-09-13T15:27:26.6585635Z copying build/lib/embed_optim/evaluation_supervisor.py -> build/bdist.linux-x86_64/wheel/./embed_optim
2026-09-13T15:27:26.6586516Z copying build/lib/embed_optim/primary_v3_reconstruction_authoring.py -> build/bdist.linux-x86_64/wheel/./embed_optim
2026-09-13T15:27:26.6587400Z copying build/lib/embed_optim/common_state_spectra.py -> build/bdist.linux-x86_64/wheel/./embed_optim
2026-09-13T15:27:26.6588163Z copying build/lib/embed_optim/paper_audit.py -> build/bdist.linux-x86_64/wheel/./embed_optim
2026-09-13T15:27:26.6588993Z copying build/lib/embed_optim/primary_v3_publication_contract.py -> build/bdist.linux-x86_64/wheel/./embed_optim
2026-09-13T15:27:26.6589881Z copying build/lib/embed_optim/data.py -> build/bdist.linux-x86_64/wheel/./embed_optim
2026-09-13T15:27:26.6590635Z copying build/lib/embed_optim/training_dynamics_plot.py -> build/bdist.linux-x86_64/wheel/./embed_optim
2026-09-13T15:27:26.6591584Z copying build/lib/embed_optim/primary_v3_outcome_reconstruction.py -> build/bdist.linux-x86_64/wheel/./embed_optim
2026-09-13T15:27:26.6592400Z copying build/lib/embed_optim/config.py -> build/bdist.linux-x86_64/wheel/./embed_optim
2026-09-13T15:27:26.6593154Z copying build/lib/embed_optim/dimension_publication.py -> build/bdist.linux-x86_64/wheel/./embed_optim
2026-09-13T15:27:26.6593910Z copying build/lib/embed_optim/matrix.py -> build/bdist.linux-x86_64/wheel/./embed_optim
2026-09-13T15:27:26.6594591Z copying build/lib/embed_optim/runtime.py -> build/bdist.linux-x86_64/wheel/./embed_optim
2026-09-13T15:27:26.6595320Z copying build/lib/embed_optim/primary_v3_io.py -> build/bdist.linux-x86_64/wheel/./embed_optim
2026-09-13T15:27:26.6596050Z copying build/lib/embed_optim/supervisor.py -> build/bdist.linux-x86_64/wheel/./embed_optim
2026-09-13T15:27:26.6596821Z copying build/lib/embed_optim/hybrid_evaluation.py -> build/bdist.linux-x86_64/wheel/./embed_optim
2026-09-13T15:27:26.6597621Z copying build/lib/embed_optim/primary_v3_manuscript.py -> build/bdist.linux-x86_64/wheel/./embed_optim
2026-09-13T15:27:26.6598452Z copying build/lib/embed_optim/dense_no_packing_preflight.py -> build/bdist.linux-x86_64/wheel/./embed_optim
2026-09-13T15:27:26.6599299Z copying build/lib/embed_optim/exact_bridge_measurements.py -> build/bdist.linux-x86_64/wheel/./embed_optim
2026-09-13T15:27:26.6600197Z copying build/lib/embed_optim/validation_matrix.py -> build/bdist.linux-x86_64/wheel/./embed_optim
2026-09-13T15:27:26.6601036Z copying build/lib/embed_optim/primary_v3_joint_reconstruction.py -> build/bdist.linux-x86_64/wheel/./embed_optim
2026-09-13T15:27:26.6601869Z copying build/lib/embed_optim/matrix_handoff_guard.py -> build/bdist.linux-x86_64/wheel/./embed_optim
2026-09-13T15:27:26.6602624Z copying build/lib/embed_optim/callbacks.py -> build/bdist.linux-x86_64/wheel/./embed_optim
2026-09-13T15:27:26.6603385Z copying build/lib/embed_optim/factorial_v3_batches.py -> build/bdist.linux-x86_64/wheel/./embed_optim
2026-09-13T15:27:26.6604277Z copying build/lib/embed_optim/training_dynamics.py -> build/bdist.linux-x86_64/wheel/./embed_optim
2026-09-13T15:27:26.6605068Z copying build/lib/embed_optim/retrieval_dynamics.py -> build/bdist.linux-x86_64/wheel/./embed_optim
2026-09-13T15:27:26.6605852Z copying build/lib/embed_optim/basis_sensitivity.py -> build/bdist.linux-x86_64/wheel/./embed_optim
2026-09-13T15:27:26.6606618Z copying build/lib/embed_optim/checkpoint_watch.py -> build/bdist.linux-x86_64/wheel/./embed_optim
2026-09-13T15:27:26.6607356Z copying build/lib/embed_optim/scope.py -> build/bdist.linux-x86_64/wheel/./embed_optim
2026-09-13T15:27:26.6608100Z copying build/lib/embed_optim/primary_completion.py -> build/bdist.linux-x86_64/wheel/./embed_optim
2026-09-13T15:27:26.6608914Z copying build/lib/embed_optim/primary_v3_paper_layout.py -> build/bdist.linux-x86_64/wheel/./embed_optim
2026-09-13T15:27:26.6609806Z copying build/lib/embed_optim/causal_chain_reporting.py -> build/bdist.linux-x86_64/wheel/./embed_optim
2026-09-13T15:27:26.6610633Z copying build/lib/embed_optim/representation_plot.py -> build/bdist.linux-x86_64/wheel/./embed_optim
2026-09-13T15:27:26.6611429Z copying build/lib/embed_optim/candidate_breadth_data.py -> build/bdist.linux-x86_64/wheel/./embed_optim
2026-09-13T15:27:26.6612272Z copying build/lib/embed_optim/factorial_v3_calibration.py -> build/bdist.linux-x86_64/wheel/./embed_optim
2026-09-13T15:27:26.6613104Z copying build/lib/embed_optim/factorial_v3_optimizer.py -> build/bdist.linux-x86_64/wheel/./embed_optim
2026-09-13T15:27:26.6613961Z copying build/lib/embed_optim/state_operator_factorial_training.py -> build/bdist.linux-x86_64/wheel/./embed_optim
2026-09-13T15:27:26.6614861Z copying build/lib/embed_optim/corrected_checkpoint_backup.py -> build/bdist.linux-x86_64/wheel/./embed_optim
2026-09-13T15:27:26.6615671Z copying build/lib/embed_optim/update_geometry.py -> build/bdist.linux-x86_64/wheel/./embed_optim
2026-09-13T15:27:26.6616491Z copying build/lib/embed_optim/primary_v3_dimension_vector_io.py -> build/bdist.linux-x86_64/wheel/./embed_optim
2026-09-13T15:27:26.6617386Z copying build/lib/embed_optim/wandb_sync.py -> build/bdist.linux-x86_64/wheel/./embed_optim
2026-09-13T15:27:26.6618198Z copying build/lib/embed_optim/supplemental_training_audit.py -> build/bdist.linux-x86_64/wheel/./embed_optim
2026-09-13T15:27:26.6619105Z copying build/lib/embed_optim/state_operator_factorial_evaluation.py -> build/bdist.linux-x86_64/wheel/./embed_optim
2026-09-13T15:27:26.6620084Z copying build/lib/embed_optim/factorial_v3_checkpoint.py -> build/bdist.linux-x86_64/wheel/./embed_optim
2026-09-13T15:27:26.6620985Z copying build/lib/embed_optim/primary_v3_publication_reconstruction.py -> build/bdist.linux-x86_64/wheel/./embed_optim
2026-09-13T15:27:26.6621921Z copying build/lib/embed_optim/primary_v3_dimension_exports.py -> build/bdist.linux-x86_64/wheel/./embed_optim
2026-09-13T15:27:26.6622803Z copying build/lib/embed_optim/spectral_transplant_summary.py -> build/bdist.linux-x86_64/wheel/./embed_optim
2026-09-13T15:27:26.6623688Z copying build/lib/embed_optim/dimension_interventions.py -> build/bdist.linux-x86_64/wheel/./embed_optim
2026-09-13T15:27:26.6624509Z copying build/lib/embed_optim/paper_reproduction.py -> build/bdist.linux-x86_64/wheel/./embed_optim
2026-09-13T15:27:26.6625319Z copying build/lib/embed_optim/primary_v3_geometry_io.py -> build/bdist.linux-x86_64/wheel/./embed_optim
2026-09-13T15:27:26.6626151Z copying build/lib/embed_optim/primary_v3_validation_io.py -> build/bdist.linux-x86_64/wheel/./embed_optim
2026-09-13T15:27:26.6626996Z copying build/lib/embed_optim/primary_v3_outcome_primitives.py -> build/bdist.linux-x86_64/wheel/./embed_optim
2026-09-13T15:27:26.6627883Z copying build/lib/embed_optim/primary_v3_publication_archive.py -> build/bdist.linux-x86_64/wheel/./embed_optim
2026-09-13T15:27:26.6628806Z copying build/lib/embed_optim/completion_backup_contract_migration.py -> build/bdist.linux-x86_64/wheel/./embed_optim
2026-09-13T15:27:26.6629751Z copying build/lib/embed_optim/confirmatory_data.py -> build/bdist.linux-x86_64/wheel/./embed_optim
2026-09-13T15:27:26.6630622Z copying build/lib/embed_optim/mechanism_bridge.py -> build/bdist.linux-x86_64/wheel/./embed_optim
2026-09-13T15:27:26.6631433Z copying build/lib/embed_optim/candidate_breadth_matrix.py -> build/bdist.linux-x86_64/wheel/./embed_optim
2026-09-13T15:27:26.6632330Z copying build/lib/embed_optim/dense_retrieval_dynamics_evaluation.py -> build/bdist.linux-x86_64/wheel/./embed_optim
2026-09-13T15:27:26.6633207Z copying build/lib/embed_optim/primary_v3_contract.py -> build/bdist.linux-x86_64/wheel/./embed_optim
2026-09-13T15:27:26.6634052Z copying build/lib/embed_optim/corrected_geometry_matrix.py -> build/bdist.linux-x86_64/wheel/./embed_optim
2026-09-13T15:27:26.6634903Z copying build/lib/embed_optim/saved_factorial_checkpoint.py -> build/bdist.linux-x86_64/wheel/./embed_optim
2026-09-13T15:27:26.6635799Z copying build/lib/embed_optim/primary_v3_reconstruction_inputs.py -> build/bdist.linux-x86_64/wheel/./embed_optim
2026-09-13T15:27:26.6636659Z copying build/lib/embed_optim/primary_v3_training.py -> build/bdist.linux-x86_64/wheel/./embed_optim
2026-09-13T15:27:26.6637450Z copying build/lib/embed_optim/mechanism_report.py -> build/bdist.linux-x86_64/wheel/./embed_optim
2026-09-13T15:27:26.6638285Z copying build/lib/embed_optim/primary_geometry_reductions.py -> build/bdist.linux-x86_64/wheel/./embed_optim
2026-09-13T15:27:26.6639123Z copying build/lib/embed_optim/primary_v3_outcomes.py -> build/bdist.linux-x86_64/wheel/./embed_optim
2026-09-13T15:27:26.6639968Z copying build/lib/embed_optim/beir_probe.py -> build/bdist.linux-x86_64/wheel/./embed_optim
2026-09-13T15:27:26.6640779Z copying build/lib/embed_optim/primary_v3_dimension_inference.py -> build/bdist.linux-x86_64/wheel/./embed_optim
2026-09-13T15:27:26.6641690Z copying build/lib/embed_optim/state_operator_factorial_probe.py -> build/bdist.linux-x86_64/wheel/./embed_optim
2026-09-13T15:27:26.6642529Z copying build/lib/embed_optim/outcome_report.py -> build/bdist.linux-x86_64/wheel/./embed_optim
2026-09-13T15:27:26.6643361Z copying build/lib/embed_optim/gpu_lease.py -> build/bdist.linux-x86_64/wheel/./embed_optim
2026-09-13T15:27:26.6644120Z copying build/lib/embed_optim/artifact_inventory.py -> build/bdist.linux-x86_64/wheel/./embed_optim
2026-09-13T15:27:26.6644900Z copying build/lib/embed_optim/collators.py -> build/bdist.linux-x86_64/wheel/./embed_optim
2026-09-13T15:27:26.6645677Z copying build/lib/embed_optim/primary_weight_entries.py -> build/bdist.linux-x86_64/wheel/./embed_optim
2026-09-13T15:27:26.6646458Z copying build/lib/embed_optim/geometry_plot.py -> build/bdist.linux-x86_64/wheel/./embed_optim
2026-09-13T15:27:26.6647279Z copying build/lib/embed_optim/primary_exact_geometry_kernels.py -> build/bdist.linux-x86_64/wheel/./embed_optim
2026-09-13T15:27:26.6648101Z copying build/lib/embed_optim/paper_results.py -> build/bdist.linux-x86_64/wheel/./embed_optim
2026-09-13T15:27:26.6648954Z copying build/lib/embed_optim/primary_v3_exact_geometry_primitives.py -> build/bdist.linux-x86_64/wheel/./embed_optim
2026-09-13T15:27:26.6649930Z copying build/lib/embed_optim/dimension_intervention_io.py -> build/bdist.linux-x86_64/wheel/./embed_optim
2026-09-13T15:27:26.6650810Z copying build/lib/embed_optim/primary_v3_dimension_contract.py -> build/bdist.linux-x86_64/wheel/./embed_optim
2026-09-13T15:27:26.6651653Z copying build/lib/embed_optim/causal_chain_rendering.py -> build/bdist.linux-x86_64/wheel/./embed_optim
2026-09-13T15:27:26.6652462Z copying build/lib/embed_optim/primary_dimension_probe.py -> build/bdist.linux-x86_64/wheel/./embed_optim
2026-09-13T15:27:26.6653156Z copying build/lib/embed_optim/evaluate_matrix.py -> build/bdist.linux-x86_64/wheel/./embed_optim
2026-09-13T15:27:26.6653706Z copying build/lib/embed_optim/factorial_v3_inputs.py -> build/bdist.linux-x86_64/wheel/./embed_optim
2026-09-13T15:27:26.6654337Z copying build/lib/embed_optim/dimension_utilization.py -> build/bdist.linux-x86_64/wheel/./embed_optim
2026-09-13T15:27:26.6655072Z copying build/lib/embed_optim/candidate_breadth_release.py -> build/bdist.linux-x86_64/wheel/./embed_optim
2026-09-13T15:27:26.6656051Z copying build/lib/embed_optim/probe_matrix.py -> build/bdist.linux-x86_64/wheel/./embed_optim
2026-09-13T15:27:26.6656752Z copying build/lib/embed_optim/state_operator_factorial_summary.py -> build/bdist.linux-x86_64/wheel/./embed_optim
2026-09-13T15:27:26.6657545Z copying build/lib/embed_optim/family_training_queue.py -> build/bdist.linux-x86_64/wheel/./embed_optim
2026-09-13T15:27:26.6658395Z copying build/lib/embed_optim/dense_numerical_contract.py -> build/bdist.linux-x86_64/wheel/./embed_optim
2026-09-13T15:27:26.6659194Z copying build/lib/embed_optim/packing_invariance.py -> build/bdist.linux-x86_64/wheel/./embed_optim
2026-09-13T15:27:26.6660083Z copying build/lib/embed_optim/primary_v3_geometry_primitives.py -> build/bdist.linux-x86_64/wheel/./embed_optim
2026-09-13T15:27:26.6660905Z copying build/lib/embed_optim/evaluation_source_archive.py -> build/bdist.linux-x86_64/wheel/./embed_optim
2026-09-13T15:27:26.6661688Z copying build/lib/embed_optim/completion_contract_migration.py -> build/bdist.linux-x86_64/wheel/./embed_optim
2026-09-13T15:27:26.6662579Z copying build/lib/embed_optim/primary_v3_vector_reconstruction.py -> build/bdist.linux-x86_64/wheel/./embed_optim
2026-09-13T15:27:26.6663532Z copying build/lib/embed_optim/common_state_spectrum_plot.py -> build/bdist.linux-x86_64/wheel/./embed_optim
2026-09-13T15:27:26.6664206Z copying build/lib/embed_optim/geometry_robustness.py -> build/bdist.linux-x86_64/wheel/./embed_optim
2026-09-13T15:27:26.6664803Z copying build/lib/embed_optim/geometry_summary.py -> build/bdist.linux-x86_64/wheel/./embed_optim
2026-09-13T15:27:26.6665522Z copying build/lib/embed_optim/evaluation_progress.py -> build/bdist.linux-x86_64/wheel/./embed_optim
2026-09-13T15:27:26.6666141Z copying build/lib/embed_optim/reconstruction_files.py -> build/bdist.linux-x86_64/wheel/./embed_optim
2026-09-13T15:27:26.6666950Z copying build/lib/embed_optim/candidate_breadth_evaluation.py -> build/bdist.linux-x86_64/wheel/./embed_optim
2026-09-13T15:27:26.6667932Z copying build/lib/embed_optim/primary_v3_exact_reconstruction_archive.py -> build/bdist.linux-x86_64/wheel/./embed_optim
2026-09-13T15:27:26.6668689Z copying build/lib/embed_optim/primary_data_revision.py -> build/bdist.linux-x86_64/wheel/./embed_optim
2026-09-13T15:27:26.6669351Z copying build/lib/embed_optim/corrected_geometry_summary.py -> build/bdist.linux-x86_64/wheel/./embed_optim
2026-09-13T15:27:26.6670188Z copying build/lib/embed_optim/losses.py -> build/bdist.linux-x86_64/wheel/./embed_optim
2026-09-13T15:27:26.6670839Z copying build/lib/embed_optim/state_operator_factorial_publication.py -> build/bdist.linux-x86_64/wheel/./embed_optim
2026-09-13T15:27:26.6671703Z copying build/lib/embed_optim/factorial_v3_run_contract.py -> build/bdist.linux-x86_64/wheel/./embed_optim
2026-09-13T15:27:26.6672514Z copying build/lib/embed_optim/primary_v3_exact_reconstruction.py -> build/bdist.linux-x86_64/wheel/./embed_optim
2026-09-13T15:27:26.6673154Z copying build/lib/embed_optim/hybrid_control.py -> build/bdist.linux-x86_64/wheel/./embed_optim
2026-09-13T15:27:26.6673981Z copying build/lib/embed_optim/state_operator_factorial_completion.py -> build/bdist.linux-x86_64/wheel/./embed_optim
2026-09-13T15:27:26.6674661Z copying build/lib/embed_optim/post_eval_pipeline.py -> build/bdist.linux-x86_64/wheel/./embed_optim
2026-09-13T15:27:26.6675245Z copying build/lib/embed_optim/spectral_transplant.py -> build/bdist.linux-x86_64/wheel/./embed_optim
2026-09-13T15:27:26.6676199Z copying build/lib/embed_optim/corrected_completion_pipeline.py -> build/bdist.linux-x86_64/wheel/./embed_optim
2026-09-13T15:27:26.6676909Z copying build/lib/embed_optim/corrected_wandb_audit.py -> build/bdist.linux-x86_64/wheel/./embed_optim
2026-09-13T15:27:26.6677704Z copying build/lib/embed_optim/dense_completion_pipeline.py -> build/bdist.linux-x86_64/wheel/./embed_optim
2026-09-13T15:27:26.6678511Z copying build/lib/embed_optim/primary_geometry_kernels.py -> build/bdist.linux-x86_64/wheel/./embed_optim
2026-09-13T15:27:26.6679404Z copying build/lib/embed_optim/candidate_breadth_summary.py -> build/bdist.linux-x86_64/wheel/./embed_optim
2026-09-13T15:27:26.6680221Z copying build/lib/embed_optim/primary_io.py -> build/bdist.linux-x86_64/wheel/./embed_optim
2026-09-13T15:27:26.6680901Z copying build/lib/embed_optim/candidate_breadth_publication.py -> build/bdist.linux-x86_64/wheel/./embed_optim
2026-09-13T15:27:26.6681830Z copying build/lib/embed_optim/decontamination.py -> build/bdist.linux-x86_64/wheel/./embed_optim
2026-09-13T15:27:26.6682744Z copying build/lib/embed_optim/dense_finalization_pipeline.py -> build/bdist.linux-x86_64/wheel/./embed_optim
2026-09-13T15:27:26.6685044Z copying build/lib/embed_optim/dimension_release.py -> build/bdist.linux-x86_64/wheel/./embed_optim
2026-09-13T15:27:26.6685797Z copying build/lib/embed_optim/tail_stability.py -> build/bdist.linux-x86_64/wheel/./embed_optim
2026-09-13T15:27:26.6686572Z copying build/lib/embed_optim/corrected_execution_sensitivity.py -> build/bdist.linux-x86_64/wheel/./embed_optim
2026-09-13T15:27:26.6687361Z copying build/lib/embed_optim/primary_v3_geometry.py -> build/bdist.linux-x86_64/wheel/./embed_optim
2026-09-13T15:27:26.6688294Z copying build/lib/embed_optim/corrected_progress.py -> build/bdist.linux-x86_64/wheel/./embed_optim
2026-09-13T15:27:26.6688965Z copying build/lib/embed_optim/probes.py -> build/bdist.linux-x86_64/wheel/./embed_optim
2026-09-13T15:27:26.6689694Z copying build/lib/embed_optim/sealed_checkpoint_supervisor.py -> build/bdist.linux-x86_64/wheel/./embed_optim
2026-09-13T15:27:26.6690370Z copying build/lib/embed_optim/factorial_v3_bound_trainer.py -> build/bdist.linux-x86_64/wheel/./embed_optim
2026-09-13T15:27:26.6691114Z copying build/lib/embed_optim/common_state_matrix.py -> build/bdist.linux-x86_64/wheel/./embed_optim
2026-09-13T15:27:26.6692973Z copying build/lib/embed_optim/primary_v3_dimensions.py -> build/bdist.linux-x86_64/wheel/./embed_optim
2026-09-13T15:27:26.6693606Z copying build/lib/embed_optim/representation_geometry.py -> build/bdist.linux-x86_64/wheel/./embed_optim
2026-09-13T15:27:26.6694285Z copying build/lib/embed_optim/representation_summary.py -> build/bdist.linux-x86_64/wheel/./embed_optim
2026-09-13T15:27:26.6696195Z copying build/lib/embed_optim/primary_v3_manuscript_build.py -> build/bdist.linux-x86_64/wheel/./embed_optim
2026-09-13T15:27:26.6696820Z copying build/lib/embed_optim/bridge_named_features.py -> build/bdist.linux-x86_64/wheel/./embed_optim
2026-09-13T15:27:26.6697441Z copying build/lib/embed_optim/corrected_beir_evaluation.py -> build/bdist.linux-x86_64/wheel/./embed_optim
2026-09-13T15:27:26.6698428Z copying build/lib/embed_optim/corrected_validation_evaluation.py -> build/bdist.linux-x86_64/wheel/./embed_optim
2026-09-13T15:27:26.6699669Z copying build/lib/embed_optim/factorial_v3_trainer.py -> build/bdist.linux-x86_64/wheel/./embed_optim
2026-09-13T15:27:26.6700915Z copying build/lib/embed_optim/bridge_exact_arithmetic.py -> build/bdist.linux-x86_64/wheel/./embed_optim
2026-09-13T15:27:26.6703427Z copying build/lib/embed_optim/corrected_input_execution.py -> build/bdist.linux-x86_64/wheel/./embed_optim
2026-09-13T15:27:26.6704016Z copying build/lib/embed_optim/corrected_publication.py -> build/bdist.linux-x86_64/wheel/./embed_optim
2026-09-13T15:27:26.6704535Z copying build/lib/embed_optim/confirmatory_matrix.py -> build/bdist.linux-x86_64/wheel/./embed_optim
2026-09-13T15:27:26.6720584Z copying build/lib/embed_optim/geometry.py -> build/bdist.linux-x86_64/wheel/./embed_optim
2026-09-13T15:27:26.6721351Z copying build/lib/embed_optim/bridge_numerics.py -> build/bdist.linux-x86_64/wheel/./embed_optim
2026-09-13T15:27:26.6722003Z copying build/lib/embed_optim/corrected_retrieval_bridge.py -> build/bdist.linux-x86_64/wheel/./embed_optim
2026-09-13T15:27:26.6722527Z copying build/lib/embed_optim/confirmatory_summary.py -> build/bdist.linux-x86_64/wheel/./embed_optim
2026-09-13T15:27:26.6723042Z copying build/lib/embed_optim/factorial_v3_factory.py -> build/bdist.linux-x86_64/wheel/./embed_optim
2026-09-13T15:27:26.6723788Z copying build/lib/embed_optim/primary_v3_publication_render.py -> build/bdist.linux-x86_64/wheel/./embed_optim
2026-09-13T15:27:26.6724332Z copying build/lib/embed_optim/state_operator_factorial.py -> build/bdist.linux-x86_64/wheel/./embed_optim
2026-09-13T15:27:26.6724852Z copying build/lib/embed_optim/three_regime_diagnostic.py -> build/bdist.linux-x86_64/wheel/./embed_optim
2026-09-13T15:27:26.6725344Z copying build/lib/embed_optim/paper_layout.py -> build/bdist.linux-x86_64/wheel/./embed_optim
2026-09-13T15:27:26.6725845Z copying build/lib/embed_optim/corpus_size_diagnostic.py -> build/bdist.linux-x86_64/wheel/./embed_optim
2026-09-13T15:27:26.6726402Z copying build/lib/embed_optim/state_operator_factorial_contract.py -> build/bdist.linux-x86_64/wheel/./embed_optim
2026-09-13T15:27:26.6726934Z copying build/lib/embed_optim/primary_contract.py -> build/bdist.linux-x86_64/wheel/./embed_optim
2026-09-13T15:27:26.6727466Z copying build/lib/embed_optim/temporal_short_branch_predictors.py -> build/bdist.linux-x86_64/wheel/./embed_optim
2026-09-13T15:27:26.6728002Z copying build/lib/embed_optim/primary_v3_bridge.py -> build/bdist.linux-x86_64/wheel/./embed_optim
2026-09-13T15:27:26.6728530Z copying build/lib/embed_optim/primary_v3_reconstruction_sources.py -> build/bdist.linux-x86_64/wheel/./embed_optim
2026-09-13T15:27:26.6729043Z copying build/lib/embed_optim/optimizers.py -> build/bdist.linux-x86_64/wheel/./embed_optim
2026-09-13T15:27:26.6729702Z copying build/lib/embed_optim/incremental_checkpoint_backup.py -> build/bdist.linux-x86_64/wheel/./embed_optim
2026-09-13T15:27:26.6730272Z copying build/lib/embed_optim/dense_retrieval_dynamics_summary.py -> build/bdist.linux-x86_64/wheel/./embed_optim
2026-09-13T15:27:26.6730782Z copying build/lib/embed_optim/probe_export.py -> build/bdist.linux-x86_64/wheel/./embed_optim
2026-09-13T15:27:26.6731270Z copying build/lib/embed_optim/confirmatory_evaluation.py -> build/bdist.linux-x86_64/wheel/./embed_optim
2026-09-13T15:27:26.6731823Z copying build/lib/embed_optim/aggregate.py -> build/bdist.linux-x86_64/wheel/./embed_optim
2026-09-13T15:27:26.6732327Z copying build/lib/embed_optim/functional_intervention_summary.py -> build/bdist.linux-x86_64/wheel/./embed_optim
2026-09-13T15:27:26.6732849Z copying build/lib/embed_optim/evaluation_utils.py -> build/bdist.linux-x86_64/wheel/./embed_optim
2026-09-13T15:27:26.6733389Z copying build/lib/embed_optim/primary_v3_exact_publication_contract.py -> build/bdist.linux-x86_64/wheel/./embed_optim
2026-09-13T15:27:26.6733931Z copying build/lib/embed_optim/primary_training.py -> build/bdist.linux-x86_64/wheel/./embed_optim
2026-09-13T15:27:26.6734440Z copying build/lib/embed_optim/corrected_validation_matrix.py -> build/bdist.linux-x86_64/wheel/./embed_optim
2026-09-13T15:27:26.6734936Z copying build/lib/embed_optim/current_paper.py -> build/bdist.linux-x86_64/wheel/./embed_optim
2026-09-13T15:27:26.6735280Z running install_data
2026-09-13T15:27:26.6742400Z creating build/bdist.linux-x86_64/wheel/embedding_optimizer_study-0.1.0.data/data
2026-09-13T15:27:26.6744226Z creating build/bdist.linux-x86_64/wheel/embedding_optimizer_study-0.1.0.data/data/share/embedding-optimizer-study/configs
2026-09-13T15:27:26.6745604Z copying configs/candidate_breadth_probe.json -> build/bdist.linux-x86_64/wheel/embedding_optimizer_study-0.1.0.data/data/share/embedding-optimizer-study/configs
2026-09-13T15:27:26.6746999Z copying configs/corpus_size_diagnostic.json -> build/bdist.linux-x86_64/wheel/embedding_optimizer_study-0.1.0.data/data/share/embedding-optimizer-study/configs
2026-09-13T15:27:26.6750882Z copying configs/three_regime_diagnostic.json -> build/bdist.linux-x86_64/wheel/embedding_optimizer_study-0.1.0.data/data/share/embedding-optimizer-study/configs
2026-09-13T15:27:26.6752355Z copying configs/beir_representation_probe.json -> build/bdist.linux-x86_64/wheel/embedding_optimizer_study-0.1.0.data/data/share/embedding-optimizer-study/configs
2026-09-13T15:27:26.6753276Z copying configs/basis_sensitivity.json -> build/bdist.linux-x86_64/wheel/embedding_optimizer_study-0.1.0.data/data/share/embedding-optimizer-study/configs
2026-09-13T15:27:26.6754410Z copying configs/causal_chain_analysis.json -> build/bdist.linux-x86_64/wheel/embedding_optimizer_study-0.1.0.data/data/share/embedding-optimizer-study/configs
2026-09-13T15:27:26.6755370Z copying configs/experiment.yaml -> build/bdist.linux-x86_64/wheel/embedding_optimizer_study-0.1.0.data/data/share/embedding-optimizer-study/configs
2026-09-13T15:27:26.6756345Z copying configs/common_state_probe.json -> build/bdist.linux-x86_64/wheel/embedding_optimizer_study-0.1.0.data/data/share/embedding-optimizer-study/configs
2026-09-13T15:27:26.6757416Z copying configs/common_state_spectrum_probe.json -> build/bdist.linux-x86_64/wheel/embedding_optimizer_study-0.1.0.data/data/share/embedding-optimizer-study/configs
2026-09-13T15:27:26.6761045Z copying configs/confirmatory_protocol.json -> build/bdist.linux-x86_64/wheel/embedding_optimizer_study-0.1.0.data/data/share/embedding-optimizer-study/configs
2026-09-13T15:27:26.6762107Z copying configs/dense_scope_amendment.json -> build/bdist.linux-x86_64/wheel/embedding_optimizer_study-0.1.0.data/data/share/embedding-optimizer-study/configs
2026-09-13T15:27:26.6763509Z copying configs/dense_primary_v2_protocol.json -> build/bdist.linux-x86_64/wheel/embedding_optimizer_study-0.1.0.data/data/share/embedding-optimizer-study/configs
2026-09-13T15:27:26.6764964Z copying configs/dense_primary_v3_protocol.json -> build/bdist.linux-x86_64/wheel/embedding_optimizer_study-0.1.0.data/data/share/embedding-optimizer-study/configs
2026-09-13T15:27:26.6766049Z copying configs/dense_primary_v3_data_amendment.json -> build/bdist.linux-x86_64/wheel/embedding_optimizer_study-0.1.0.data/data/share/embedding-optimizer-study/configs
2026-09-13T15:27:26.6767333Z copying configs/dense_primary_v3_validation_protocol.json -> build/bdist.linux-x86_64/wheel/embedding_optimizer_study-0.1.0.data/data/share/embedding-optimizer-study/configs
2026-09-13T15:27:26.6768864Z copying configs/dense_primary_v3_outcome_protocol.json -> build/bdist.linux-x86_64/wheel/embedding_optimizer_study-0.1.0.data/data/share/embedding-optimizer-study/configs
2026-09-13T15:27:26.6770189Z copying configs/dense_primary_v3_outcome_protocol_v2.json -> build/bdist.linux-x86_64/wheel/embedding_optimizer_study-0.1.0.data/data/share/embedding-optimizer-study/configs
2026-09-13T15:27:26.6771300Z copying configs/dense_primary_v3_geometry_protocol.json -> build/bdist.linux-x86_64/wheel/embedding_optimizer_study-0.1.0.data/data/share/embedding-optimizer-study/configs
2026-09-13T15:27:26.6772756Z copying configs/dense_primary_v3_geometry_protocol_v2.json -> build/bdist.linux-x86_64/wheel/embedding_optimizer_study-0.1.0.data/data/share/embedding-optimizer-study/configs
2026-09-13T15:27:26.6774249Z copying configs/dense_primary_v3_exact_geometry_protocol.json -> build/bdist.linux-x86_64/wheel/embedding_optimizer_study-0.1.0.data/data/share/embedding-optimizer-study/configs
2026-09-13T15:27:26.6775751Z copying configs/dense_primary_v3_bridge_protocol.json -> build/bdist.linux-x86_64/wheel/embedding_optimizer_study-0.1.0.data/data/share/embedding-optimizer-study/configs
2026-09-13T15:27:26.6776885Z copying configs/dense_primary_v3_exact_bridge_protocol.json -> build/bdist.linux-x86_64/wheel/embedding_optimizer_study-0.1.0.data/data/share/embedding-optimizer-study/configs
2026-09-13T15:27:26.6778370Z copying configs/dense_primary_v3_dimensions_protocol.json -> build/bdist.linux-x86_64/wheel/embedding_optimizer_study-0.1.0.data/data/share/embedding-optimizer-study/configs
2026-09-13T15:27:26.6779769Z copying configs/dense_primary_v3_dimension_inference_protocol.json -> build/bdist.linux-x86_64/wheel/embedding_optimizer_study-0.1.0.data/data/share/embedding-optimizer-study/configs
2026-09-13T15:27:26.6781168Z copying configs/dense_primary_v3_publication_protocol.json -> build/bdist.linux-x86_64/wheel/embedding_optimizer_study-0.1.0.data/data/share/embedding-optimizer-study/configs
2026-09-13T15:27:26.6782728Z copying configs/dense_primary_v3_exact_publication_protocol.json -> build/bdist.linux-x86_64/wheel/embedding_optimizer_study-0.1.0.data/data/share/embedding-optimizer-study/configs
2026-09-13T15:27:26.6784178Z copying configs/dense_weight_entry_measurement_amendment.json -> build/bdist.linux-x86_64/wheel/embedding_optimizer_study-0.1.0.data/data/share/embedding-optimizer-study/configs
2026-09-13T15:27:26.6785437Z copying configs/dense_no_packing_retrain.yaml -> build/bdist.linux-x86_64/wheel/embedding_optimizer_study-0.1.0.data/data/share/embedding-optimizer-study/configs
2026-09-13T15:27:26.6786734Z copying configs/dense_correctness_candidate.yaml -> build/bdist.linux-x86_64/wheel/embedding_optimizer_study-0.1.0.data/data/share/embedding-optimizer-study/configs
2026-09-13T15:27:26.6787987Z copying configs/dense_dimension_utilization_protocol.json -> build/bdist.linux-x86_64/wheel/embedding_optimizer_study-0.1.0.data/data/share/embedding-optimizer-study/configs
2026-09-13T15:27:26.6789297Z copying configs/dense_primary_dimension_export_protocol.json -> build/bdist.linux-x86_64/wheel/embedding_optimizer_study-0.1.0.data/data/share/embedding-optimizer-study/configs
2026-09-13T15:27:26.6790937Z copying configs/dense_primary_dimension_handoff_protocol.json -> build/bdist.linux-x86_64/wheel/embedding_optimizer_study-0.1.0.data/data/share/embedding-optimizer-study/configs
2026-09-13T15:27:26.6792334Z copying configs/dense_primary_dimension_archive_protocol.json -> build/bdist.linux-x86_64/wheel/embedding_optimizer_study-0.1.0.data/data/share/embedding-optimizer-study/configs
2026-09-13T15:27:26.6793599Z copying configs/dense_no_packing_preflight.yaml -> build/bdist.linux-x86_64/wheel/embedding_optimizer_study-0.1.0.data/data/share/embedding-optimizer-study/configs
2026-09-13T15:27:26.6794793Z copying configs/dense_no_packing_preflight_protocol.json -> build/bdist.linux-x86_64/wheel/embedding_optimizer_study-0.1.0.data/data/share/embedding-optimizer-study/configs
2026-09-13T15:27:26.6796290Z copying configs/dense_no_packing_execution_protocol.json -> build/bdist.linux-x86_64/wheel/embedding_optimizer_study-0.1.0.data/data/share/embedding-optimizer-study/configs
2026-09-13T15:27:26.6797665Z copying configs/dense_no_packing_completion_contract_migration.json -> build/bdist.linux-x86_64/wheel/embedding_optimizer_study-0.1.0.data/data/share/embedding-optimizer-study/configs
2026-09-13T15:27:26.6799042Z copying configs/dense_no_packing_backup_provenance_migration.json -> build/bdist.linux-x86_64/wheel/embedding_optimizer_study-0.1.0.data/data/share/embedding-optimizer-study/configs
2026-09-13T15:27:26.6800307Z copying configs/dense_no_packing_publication_layout_migration.json -> build/bdist.linux-x86_64/wheel/embedding_optimizer_study-0.1.0.data/data/share/embedding-optimizer-study/configs
2026-09-13T15:27:26.6801645Z copying configs/dense_no_packing_publication_narrative_migration.json -> build/bdist.linux-x86_64/wheel/embedding_optimizer_study-0.1.0.data/data/share/embedding-optimizer-study/configs
2026-09-13T15:27:26.6803167Z copying configs/dense_no_packing_matrix_handoff_guard.json -> build/bdist.linux-x86_64/wheel/embedding_optimizer_study-0.1.0.data/data/share/embedding-optimizer-study/configs
2026-09-13T15:27:26.6804274Z copying configs/dense_no_packing_evaluation_protocol.json -> build/bdist.linux-x86_64/wheel/embedding_optimizer_study-0.1.0.data/data/share/embedding-optimizer-study/configs
2026-09-13T15:27:26.6805713Z copying configs/dense_no_packing_analysis_protocol.json -> build/bdist.linux-x86_64/wheel/embedding_optimizer_study-0.1.0.data/data/share/embedding-optimizer-study/configs
2026-09-13T15:27:26.6806615Z copying configs/dense_no_packing_state_operator_factorial_protocol.json -> build/bdist.linux-x86_64/wheel/embedding_optimizer_study-0.1.0.data/data/share/embedding-optimizer-study/configs
2026-09-13T15:27:26.6807543Z copying configs/dense_no_packing_state_operator_claim_wording_amendment.json -> build/bdist.linux-x86_64/wheel/embedding_optimizer_study-0.1.0.data/data/share/embedding-optimizer-study/configs
2026-09-13T15:27:26.6808585Z copying configs/dense_no_packing_state_operator_factorial_implementation_protocol.json -> build/bdist.linux-x86_64/wheel/embedding_optimizer_study-0.1.0.data/data/share/embedding-optimizer-study/configs
2026-09-13T15:27:26.6810266Z copying configs/dense_no_packing_state_operator_abstract_compliance_migration.json -> build/bdist.linux-x86_64/wheel/embedding_optimizer_study-0.1.0.data/data/share/embedding-optimizer-study/configs
2026-09-13T15:27:26.6811983Z copying configs/dense_no_packing_state_operator_weight_space_narrative_migration.json -> build/bdist.linux-x86_64/wheel/embedding_optimizer_study-0.1.0.data/data/share/embedding-optimizer-study/configs
2026-09-13T15:27:26.6813673Z copying configs/dense_no_packing_state_operator_factorial_publication_protocol.json -> build/bdist.linux-x86_64/wheel/embedding_optimizer_study-0.1.0.data/data/share/embedding-optimizer-study/configs
2026-09-13T15:27:26.6815242Z copying configs/dense_no_packing_state_operator_factorial_completion_protocol.json -> build/bdist.linux-x86_64/wheel/embedding_optimizer_study-0.1.0.data/data/share/embedding-optimizer-study/configs
2026-09-13T15:27:26.6816588Z copying configs/dense_no_packing_outcome_protocol.json -> build/bdist.linux-x86_64/wheel/embedding_optimizer_study-0.1.0.data/data/share/embedding-optimizer-study/configs
2026-09-13T15:27:26.6817894Z copying configs/dense_no_packing_bridge_implementation_protocol.json -> build/bdist.linux-x86_64/wheel/embedding_optimizer_study-0.1.0.data/data/share/embedding-optimizer-study/configs
2026-09-13T15:27:26.6819438Z copying configs/dense_no_packing_bridge_implementation_protocol_v2.json -> build/bdist.linux-x86_64/wheel/embedding_optimizer_study-0.1.0.data/data/share/embedding-optimizer-study/configs
2026-09-13T15:27:26.6820783Z copying configs/dense_no_packing_sensitivity_implementation_protocol.json -> build/bdist.linux-x86_64/wheel/embedding_optimizer_study-0.1.0.data/data/share/embedding-optimizer-study/configs
2026-09-13T15:27:26.6822086Z copying configs/dense_no_packing_publication_protocol.json -> build/bdist.linux-x86_64/wheel/embedding_optimizer_study-0.1.0.data/data/share/embedding-optimizer-study/configs
2026-09-13T15:27:26.6823501Z copying configs/dense_retrieval_dynamics_extension.json -> build/bdist.linux-x86_64/wheel/embedding_optimizer_study-0.1.0.data/data/share/embedding-optimizer-study/configs
2026-09-13T15:27:26.6824692Z copying configs/dense_training_queue.json -> build/bdist.linux-x86_64/wheel/embedding_optimizer_study-0.1.0.data/data/share/embedding-optimizer-study/configs
2026-09-13T15:27:26.6825738Z copying configs/functional_intervention.json -> build/bdist.linux-x86_64/wheel/embedding_optimizer_study-0.1.0.data/data/share/embedding-optimizer-study/configs
2026-09-13T15:27:26.6827016Z copying configs/formal_runtime.json -> build/bdist.linux-x86_64/wheel/embedding_optimizer_study-0.1.0.data/data/share/embedding-optimizer-study/configs
2026-09-13T15:27:26.6828149Z copying configs/formal_runtime_constraints.txt -> build/bdist.linux-x86_64/wheel/embedding_optimizer_study-0.1.0.data/data/share/embedding-optimizer-study/configs
2026-09-13T15:27:26.6829337Z copying configs/hybrid_adamw_control.json -> build/bdist.linux-x86_64/wheel/embedding_optimizer_study-0.1.0.data/data/share/embedding-optimizer-study/configs
2026-09-13T15:27:26.6830289Z copying configs/hybrid_adamw.yaml -> build/bdist.linux-x86_64/wheel/embedding_optimizer_study-0.1.0.data/data/share/embedding-optimizer-study/configs
2026-09-13T15:27:26.6831455Z copying configs/local_global_reversal.json -> build/bdist.linux-x86_64/wheel/embedding_optimizer_study-0.1.0.data/data/share/embedding-optimizer-study/configs
2026-09-13T15:27:26.6832724Z copying configs/loss_retrieval_diagnostic.json -> build/bdist.linux-x86_64/wheel/embedding_optimizer_study-0.1.0.data/data/share/embedding-optimizer-study/configs
2026-09-13T15:27:26.6833624Z copying configs/mechanism_analysis_integration.json -> build/bdist.linux-x86_64/wheel/embedding_optimizer_study-0.1.0.data/data/share/embedding-optimizer-study/configs
2026-09-13T15:27:26.6834762Z copying configs/tail_stability_analysis.json -> build/bdist.linux-x86_64/wheel/embedding_optimizer_study-0.1.0.data/data/share/embedding-optimizer-study/configs
2026-09-13T15:27:26.6835856Z copying configs/spectral_transplant_intervention.json -> build/bdist.linux-x86_64/wheel/embedding_optimizer_study-0.1.0.data/data/share/embedding-optimizer-study/configs
2026-09-13T15:27:26.6837223Z copying configs/paper_claim_protocol.json -> build/bdist.linux-x86_64/wheel/embedding_optimizer_study-0.1.0.data/data/share/embedding-optimizer-study/configs
2026-09-13T15:27:26.6838491Z copying configs/portable_paper_evidence.json -> build/bdist.linux-x86_64/wheel/embedding_optimizer_study-0.1.0.data/data/share/embedding-optimizer-study/configs
2026-09-13T15:27:26.6839773Z copying configs/representation_probe.json -> build/bdist.linux-x86_64/wheel/embedding_optimizer_study-0.1.0.data/data/share/embedding-optimizer-study/configs
2026-09-13T15:27:26.6841087Z copying configs/retrieval_dynamics_protocol.json -> build/bdist.linux-x86_64/wheel/embedding_optimizer_study-0.1.0.data/data/share/embedding-optimizer-study/configs
2026-09-13T15:27:26.6842426Z copying configs/short_branch_protocol.json -> build/bdist.linux-x86_64/wheel/embedding_optimizer_study-0.1.0.data/data/share/embedding-optimizer-study/configs
2026-09-13T15:27:26.6843722Z copying configs/smoke.yaml -> build/bdist.linux-x86_64/wheel/embedding_optimizer_study-0.1.0.data/data/share/embedding-optimizer-study/configs
2026-09-13T15:27:26.6844933Z copying configs/stress.yaml -> build/bdist.linux-x86_64/wheel/embedding_optimizer_study-0.1.0.data/data/share/embedding-optimizer-study/configs
2026-09-13T15:27:26.6845732Z copying configs/training_data_contract.json -> build/bdist.linux-x86_64/wheel/embedding_optimizer_study-0.1.0.data/data/share/embedding-optimizer-study/configs
2026-09-13T15:27:26.6846909Z copying configs/validation_probe.json -> build/bdist.linux-x86_64/wheel/embedding_optimizer_study-0.1.0.data/data/share/embedding-optimizer-study/configs
2026-09-13T15:27:26.6848280Z creating build/bdist.linux-x86_64/wheel/embedding_optimizer_study-0.1.0.data/data/share/embedding-optimizer-study/configs/generated/confirmatory
2026-09-13T15:27:26.6849665Z copying configs/generated/confirmatory/seed161803.yaml -> build/bdist.linux-x86_64/wheel/embedding_optimizer_study-0.1.0.data/data/share/embedding-optimizer-study/configs/generated/confirmatory
2026-09-13T15:27:26.6851122Z copying configs/generated/confirmatory/seed271828.yaml -> build/bdist.linux-x86_64/wheel/embedding_optimizer_study-0.1.0.data/data/share/embedding-optimizer-study/configs/generated/confirmatory
2026-09-13T15:27:26.6852544Z copying configs/generated/confirmatory/seed314159.yaml -> build/bdist.linux-x86_64/wheel/embedding_optimizer_study-0.1.0.data/data/share/embedding-optimizer-study/configs/generated/confirmatory
2026-09-13T15:27:26.6853860Z creating build/bdist.linux-x86_64/wheel/embedding_optimizer_study-0.1.0.data/data/share/embedding-optimizer-study/configs/generated/short-branch
2026-09-13T15:27:26.6855327Z copying configs/generated/short-branch/seed161803.yaml -> build/bdist.linux-x86_64/wheel/embedding_optimizer_study-0.1.0.data/data/share/embedding-optimizer-study/configs/generated/short-branch
2026-09-13T15:27:26.6857125Z copying configs/generated/short-branch/seed271828.yaml -> build/bdist.linux-x86_64/wheel/embedding_optimizer_study-0.1.0.data/data/share/embedding-optimizer-study/configs/generated/short-branch
2026-09-13T15:27:26.6858391Z copying configs/generated/short-branch/seed314159.yaml -> build/bdist.linux-x86_64/wheel/embedding_optimizer_study-0.1.0.data/data/share/embedding-optimizer-study/configs/generated/short-branch
2026-09-13T15:27:26.6859785Z creating build/bdist.linux-x86_64/wheel/embedding_optimizer_study-0.1.0.data/data/share/embedding-optimizer-study/scripts/eval
2026-09-13T15:27:26.6860965Z copying scripts/eval/dense_no_packing_parallel.py -> build/bdist.linux-x86_64/wheel/embedding_optimizer_study-0.1.0.data/data/share/embedding-optimizer-study/scripts/eval
2026-09-13T15:27:26.6862141Z copying scripts/eval/dense_parallel.py -> build/bdist.linux-x86_64/wheel/embedding_optimizer_study-0.1.0.data/data/share/embedding-optimizer-study/scripts/eval
2026-09-13T15:27:26.6863403Z copying scripts/eval/dense_sequential.py -> build/bdist.linux-x86_64/wheel/embedding_optimizer_study-0.1.0.data/data/share/embedding-optimizer-study/scripts/eval
2026-09-13T15:27:26.6864620Z copying scripts/restore_primary_v3.py -> build/bdist.linux-x86_64/wheel/embedding_optimizer_study-0.1.0.data/data/share/embedding-optimizer-study/scripts
2026-09-13T15:27:26.6865899Z copying scripts/restore_functional_analysis.py -> build/bdist.linux-x86_64/wheel/embedding_optimizer_study-0.1.0.data/data/share/embedding-optimizer-study/scripts
2026-09-13T15:27:26.6867178Z copying scripts/restore_factorial_probes.py -> build/bdist.linux-x86_64/wheel/embedding_optimizer_study-0.1.0.data/data/share/embedding-optimizer-study/scripts
2026-09-13T15:27:26.6868416Z copying AGENTS.md -> build/bdist.linux-x86_64/wheel/embedding_optimizer_study-0.1.0.data/data/share/embedding-optimizer-study
2026-09-13T15:27:26.6869760Z copying CITATION.cff -> build/bdist.linux-x86_64/wheel/embedding_optimizer_study-0.1.0.data/data/share/embedding-optimizer-study
2026-09-13T15:27:26.6870767Z copying CODE_OF_CONDUCT.md -> build/bdist.linux-x86_64/wheel/embedding_optimizer_study-0.1.0.data/data/share/embedding-optimizer-study
2026-09-13T15:27:26.6871866Z copying CONTRIBUTING.md -> build/bdist.linux-x86_64/wheel/embedding_optimizer_study-0.1.0.data/data/share/embedding-optimizer-study
2026-09-13T15:27:26.6872830Z copying CURRENT_EXPERIMENT.md -> build/bdist.linux-x86_64/wheel/embedding_optimizer_study-0.1.0.data/data/share/embedding-optimizer-study
2026-09-13T15:27:26.6873916Z copying CURRENT_PROGRESS.json -> build/bdist.linux-x86_64/wheel/embedding_optimizer_study-0.1.0.data/data/share/embedding-optimizer-study
2026-09-13T15:27:26.6874893Z copying PROJECT_STATUS.md -> build/bdist.linux-x86_64/wheel/embedding_optimizer_study-0.1.0.data/data/share/embedding-optimizer-study
2026-09-13T15:27:26.6876409Z copying requirements-formal.lock -> build/bdist.linux-x86_64/wheel/embedding_optimizer_study-0.1.0.data/data/share/embedding-optimizer-study
2026-09-13T15:27:26.6877287Z copying requirements-formal-flash.txt -> build/bdist.linux-x86_64/wheel/embedding_optimizer_study-0.1.0.data/data/share/embedding-optimizer-study
2026-09-13T15:27:26.6878053Z copying SECURITY.md -> build/bdist.linux-x86_64/wheel/embedding_optimizer_study-0.1.0.data/data/share/embedding-optimizer-study
2026-09-13T15:27:26.6878966Z copying THIRD_PARTY_NOTICES.md -> build/bdist.linux-x86_64/wheel/embedding_optimizer_study-0.1.0.data/data/share/embedding-optimizer-study
2026-09-13T15:27:26.6880056Z creating build/bdist.linux-x86_64/wheel/embedding_optimizer_study-0.1.0.data/data/share/embedding-optimizer-study/docs
2026-09-13T15:27:26.6880772Z copying docs/checkpoint-restoration.md -> build/bdist.linux-x86_64/wheel/embedding_optimizer_study-0.1.0.data/data/share/embedding-optimizer-study/docs
2026-09-13T15:27:26.6881890Z copying docs/continuation-probe-restoration.md -> build/bdist.linux-x86_64/wheel/embedding_optimizer_study-0.1.0.data/data/share/embedding-optimizer-study/docs
2026-09-13T15:27:26.6883223Z copying docs/continuation-outcomes-restoration.md -> build/bdist.linux-x86_64/wheel/embedding_optimizer_study-0.1.0.data/data/share/embedding-optimizer-study/docs
2026-09-13T15:27:26.6884341Z copying docs/current-training-source.md -> build/bdist.linux-x86_64/wheel/embedding_optimizer_study-0.1.0.data/data/share/embedding-optimizer-study/docs
2026-09-13T15:27:26.6885588Z copying docs/saved-factorial-checkpoints.md -> build/bdist.linux-x86_64/wheel/embedding_optimizer_study-0.1.0.data/data/share/embedding-optimizer-study/docs
2026-09-13T15:27:26.6886890Z copying docs/endpoint-statistics-restoration.md -> build/bdist.linux-x86_64/wheel/embedding_optimizer_study-0.1.0.data/data/share/embedding-optimizer-study/docs
2026-09-13T15:27:26.6887993Z copying docs/evaluation-analysis-restoration.md -> build/bdist.linux-x86_64/wheel/embedding_optimizer_study-0.1.0.data/data/share/embedding-optimizer-study/docs
2026-09-13T15:27:26.6889445Z copying docs/first-stage-evaluation-restoration.md -> build/bdist.linux-x86_64/wheel/embedding_optimizer_study-0.1.0.data/data/share/embedding-optimizer-study/docs
2026-09-13T15:27:26.6890754Z copying docs/fourth-stage-evaluation-restoration.md -> build/bdist.linux-x86_64/wheel/embedding_optimizer_study-0.1.0.data/data/share/embedding-optimizer-study/docs
2026-09-13T15:27:26.6891966Z copying docs/fourth-stage-pool-b-evaluation-restoration.md -> build/bdist.linux-x86_64/wheel/embedding_optimizer_study-0.1.0.data/data/share/embedding-optimizer-study/docs
2026-09-13T15:27:26.6893468Z copying docs/functional-analysis-restoration.md -> build/bdist.linux-x86_64/wheel/embedding_optimizer_study-0.1.0.data/data/share/embedding-optimizer-study/docs
2026-09-13T15:27:26.6894288Z copying docs/paper-results-reproduction.md -> build/bdist.linux-x86_64/wheel/embedding_optimizer_study-0.1.0.data/data/share/embedding-optimizer-study/docs
2026-09-13T15:27:26.6895318Z copying docs/predictor-analysis-restoration.md -> build/bdist.linux-x86_64/wheel/embedding_optimizer_study-0.1.0.data/data/share/embedding-optimizer-study/docs
2026-09-13T15:27:26.6896504Z copying docs/pretrained-vector-restoration.md -> build/bdist.linux-x86_64/wheel/embedding_optimizer_study-0.1.0.data/data/share/embedding-optimizer-study/docs
2026-09-13T15:27:26.6897595Z copying docs/retrieval-trajectories-restoration.md -> build/bdist.linux-x86_64/wheel/embedding_optimizer_study-0.1.0.data/data/share/embedding-optimizer-study/docs
2026-09-13T15:27:26.6898730Z copying docs/second-stage-evaluation-restoration.md -> build/bdist.linux-x86_64/wheel/embedding_optimizer_study-0.1.0.data/data/share/embedding-optimizer-study/docs
2026-09-13T15:27:26.6899887Z copying docs/second-stage-pool-b-evaluation-restoration.md -> build/bdist.linux-x86_64/wheel/embedding_optimizer_study-0.1.0.data/data/share/embedding-optimizer-study/docs
2026-09-13T15:27:26.6901056Z copying docs/third-stage-evaluation-restoration.md -> build/bdist.linux-x86_64/wheel/embedding_optimizer_study-0.1.0.data/data/share/embedding-optimizer-study/docs
2026-09-13T15:27:26.6902018Z copying docs/third-stage-pool-b-evaluation-restoration.md -> build/bdist.linux-x86_64/wheel/embedding_optimizer_study-0.1.0.data/data/share/embedding-optimizer-study/docs
2026-09-13T15:27:26.6902899Z copying docs/training-analysis-restoration.md -> build/bdist.linux-x86_64/wheel/embedding_optimizer_study-0.1.0.data/data/share/embedding-optimizer-study/docs
2026-09-13T15:27:26.6903905Z copying docs/training-completion-evidence-restoration.md -> build/bdist.linux-x86_64/wheel/embedding_optimizer_study-0.1.0.data/data/share/embedding-optimizer-study/docs
2026-09-13T15:27:26.6904851Z copying docs/weight-analysis-restoration.md -> build/bdist.linux-x86_64/wheel/embedding_optimizer_study-0.1.0.data/data/share/embedding-optimizer-study/docs
2026-09-13T15:27:26.6905822Z copying docs/completion-gates.md -> build/bdist.linux-x86_64/wheel/embedding_optimizer_study-0.1.0.data/data/share/embedding-optimizer-study/docs
2026-09-13T15:27:26.6906669Z copying docs/training-restoration.md -> build/bdist.linux-x86_64/wheel/embedding_optimizer_study-0.1.0.data/data/share/embedding-optimizer-study/docs
2026-09-13T15:27:26.6907442Z copying docs/versioned-paper-reproduction.md -> build/bdist.linux-x86_64/wheel/embedding_optimizer_study-0.1.0.data/data/share/embedding-optimizer-study/docs
2026-09-13T15:27:26.6908336Z copying docs/source-version-testing.md -> build/bdist.linux-x86_64/wheel/embedding_optimizer_study-0.1.0.data/data/share/embedding-optimizer-study/docs
2026-09-13T15:27:26.6909154Z copying docs/dense-eval-handoff.md -> build/bdist.linux-x86_64/wheel/embedding_optimizer_study-0.1.0.data/data/share/embedding-optimizer-study/docs
2026-09-13T15:27:26.6910075Z copying docs/dense-no-packing-retrain.md -> build/bdist.linux-x86_64/wheel/embedding_optimizer_study-0.1.0.data/data/share/embedding-optimizer-study/docs
2026-09-13T15:27:26.6911133Z copying docs/naacl-dense-paper-plan.md -> build/bdist.linux-x86_64/wheel/embedding_optimizer_study-0.1.0.data/data/share/embedding-optimizer-study/docs
2026-09-13T15:27:26.6912280Z copying docs/naacl-paper-plan.md -> build/bdist.linux-x86_64/wheel/embedding_optimizer_study-0.1.0.data/data/share/embedding-optimizer-study/docs
2026-09-13T15:27:26.6913486Z copying docs/state-operator-factorial.md -> build/bdist.linux-x86_64/wheel/embedding_optimizer_study-0.1.0.data/data/share/embedding-optimizer-study/docs
2026-09-13T15:27:26.6914571Z creating build/bdist.linux-x86_64/wheel/embedding_optimizer_study-0.1.0.data/data/share/embedding-optimizer-study/paper
2026-09-13T15:27:26.6915687Z copying paper/Makefile -> build/bdist.linux-x86_64/wheel/embedding_optimizer_study-0.1.0.data/data/share/embedding-optimizer-study/paper
2026-09-13T15:27:26.6916697Z copying paper/legacy.Makefile -> build/bdist.linux-x86_64/wheel/embedding_optimizer_study-0.1.0.data/data/share/embedding-optimizer-study/paper
2026-09-13T15:27:26.6917516Z copying paper/README.md -> build/bdist.linux-x86_64/wheel/embedding_optimizer_study-0.1.0.data/data/share/embedding-optimizer-study/paper
2026-09-13T15:27:26.6918299Z copying paper/main.tex -> build/bdist.linux-x86_64/wheel/embedding_optimizer_study-0.1.0.data/data/share/embedding-optimizer-study/paper
2026-09-13T15:27:26.6919008Z copying paper/references.bib -> build/bdist.linux-x86_64/wheel/embedding_optimizer_study-0.1.0.data/data/share/embedding-optimizer-study/paper
2026-09-13T15:27:26.6919981Z copying paper/results.tex -> build/bdist.linux-x86_64/wheel/embedding_optimizer_study-0.1.0.data/data/share/embedding-optimizer-study/paper
2026-09-13T15:27:26.6920824Z creating build/bdist.linux-x86_64/wheel/embedding_optimizer_study-0.1.0.data/data/share/embedding-optimizer-study/paper/generated
2026-09-13T15:27:26.6921758Z copying paper/generated/optimizer-primary.tex -> build/bdist.linux-x86_64/wheel/embedding_optimizer_study-0.1.0.data/data/share/embedding-optimizer-study/paper/generated
2026-09-13T15:27:26.6923098Z copying paper/generated/dimension-utilization.tex -> build/bdist.linux-x86_64/wheel/embedding_optimizer_study-0.1.0.data/data/share/embedding-optimizer-study/paper/generated
2026-09-13T15:27:26.6924542Z copying paper/generated/state-operator-factorial.tex -> build/bdist.linux-x86_64/wheel/embedding_optimizer_study-0.1.0.data/data/share/embedding-optimizer-study/paper/generated
2026-09-13T15:27:26.6925363Z creating build/bdist.linux-x86_64/wheel/embedding_optimizer_study-0.1.0.data/data/share/embedding-optimizer-study/paper/current
2026-09-13T15:27:26.6926138Z copying paper/current/README.md -> build/bdist.linux-x86_64/wheel/embedding_optimizer_study-0.1.0.data/data/share/embedding-optimizer-study/paper/current
2026-09-13T15:27:26.6927328Z copying paper/current/document-snapshot.json -> build/bdist.linux-x86_64/wheel/embedding_optimizer_study-0.1.0.data/data/share/embedding-optimizer-study/paper/current
2026-09-13T15:27:26.6928278Z copying paper/current/main.tex -> build/bdist.linux-x86_64/wheel/embedding_optimizer_study-0.1.0.data/data/share/embedding-optimizer-study/paper/current
2026-09-13T15:27:26.6929166Z copying paper/current/references.bib -> build/bdist.linux-x86_64/wheel/embedding_optimizer_study-0.1.0.data/data/share/embedding-optimizer-study/paper/current
2026-09-13T15:27:26.6930028Z copying paper/current/results.tex -> build/bdist.linux-x86_64/wheel/embedding_optimizer_study-0.1.0.data/data/share/embedding-optimizer-study/paper/current
2026-09-13T15:27:26.6930874Z creating build/bdist.linux-x86_64/wheel/embedding_optimizer_study-0.1.0.data/data/share/embedding-optimizer-study/paper/current/generated
2026-09-13T15:27:26.6932288Z copying paper/current/generated/optimizer-primary.tex -> build/bdist.linux-x86_64/wheel/embedding_optimizer_study-0.1.0.data/data/share/embedding-optimizer-study/paper/current/generated
2026-09-13T15:27:26.6933265Z copying paper/current/generated/dimension-utilization.tex -> build/bdist.linux-x86_64/wheel/embedding_optimizer_study-0.1.0.data/data/share/embedding-optimizer-study/paper/current/generated
2026-09-13T15:27:26.6934373Z copying paper/current/generated/recipe-sensitivity.tex -> build/bdist.linux-x86_64/wheel/embedding_optimizer_study-0.1.0.data/data/share/embedding-optimizer-study/paper/current/generated
2026-09-13T15:27:26.6935806Z copying paper/current/generated/state-operator-factorial.tex -> build/bdist.linux-x86_64/wheel/embedding_optimizer_study-0.1.0.data/data/share/embedding-optimizer-study/paper/current/generated
2026-09-13T15:27:26.6937139Z creating build/bdist.linux-x86_64/wheel/embedding_optimizer_study-0.1.0.data/data/share/embedding-optimizer-study/paper/current/figures
2026-09-13T15:27:26.6938405Z copying paper/current/figures/optimizer-weight-dimension-map.pdf -> build/bdist.linux-x86_64/wheel/embedding_optimizer_study-0.1.0.data/data/share/embedding-optimizer-study/paper/current/figures
2026-09-13T15:27:26.6939983Z copying paper/current/figures/weight-to-retrieval-map.pdf -> build/bdist.linux-x86_64/wheel/embedding_optimizer_study-0.1.0.data/data/share/embedding-optimizer-study/paper/current/figures
2026-09-13T15:27:26.6941427Z copying paper/current/figures/full-rate-retrieval-trajectories.pdf -> build/bdist.linux-x86_64/wheel/embedding_optimizer_study-0.1.0.data/data/share/embedding-optimizer-study/paper/current/figures
2026-09-13T15:27:26.6942659Z creating build/bdist.linux-x86_64/wheel/embedding_optimizer_study-0.1.0.data/data/share/embedding-optimizer-study/paper/current/vendor
2026-09-13T15:27:26.6943450Z copying paper/current/vendor/acl.sty -> build/bdist.linux-x86_64/wheel/embedding_optimizer_study-0.1.0.data/data/share/embedding-optimizer-study/paper/current/vendor
2026-09-13T15:27:26.6944277Z copying paper/current/vendor/acl_natbib.bst -> build/bdist.linux-x86_64/wheel/embedding_optimizer_study-0.1.0.data/data/share/embedding-optimizer-study/paper/current/vendor
2026-09-13T15:27:26.6945259Z creating build/bdist.linux-x86_64/wheel/embedding_optimizer_study-0.1.0.data/data/share/embedding-optimizer-study/reports/state-operator-factorial
2026-09-13T15:27:26.6946861Z copying reports/state-operator-factorial/abstract-compliance-runtime-migration.json -> build/bdist.linux-x86_64/wheel/embedding_optimizer_study-0.1.0.data/data/share/embedding-optimizer-study/reports/state-operator-factorial
2026-09-13T15:27:26.6947991Z creating build/bdist.linux-x86_64/wheel/embedding_optimizer_study-0.1.0.data/data/share/embedding-optimizer-study/reports/candidate-breadth
2026-09-13T15:27:26.6949320Z copying reports/candidate-breadth/calibration_by_width.csv -> build/bdist.linux-x86_64/wheel/embedding_optimizer_study-0.1.0.data/data/share/embedding-optimizer-study/reports/candidate-breadth
2026-09-13T15:27:26.6950572Z copying reports/candidate-breadth/high_dose_contrasts.csv -> build/bdist.linux-x86_64/wheel/embedding_optimizer_study-0.1.0.data/data/share/embedding-optimizer-study/reports/candidate-breadth
2026-09-13T15:27:26.6951718Z copying reports/candidate-breadth/data-audit.json -> build/bdist.linux-x86_64/wheel/embedding_optimizer_study-0.1.0.data/data/share/embedding-optimizer-study/reports/candidate-breadth
2026-09-13T15:27:26.6952928Z copying reports/candidate-breadth/packing_invariance.json -> build/bdist.linux-x86_64/wheel/embedding_optimizer_study-0.1.0.data/data/share/embedding-optimizer-study/reports/candidate-breadth
2026-09-13T15:27:26.6954231Z copying reports/candidate-breadth/publication_manifest.json -> build/bdist.linux-x86_64/wheel/embedding_optimizer_study-0.1.0.data/data/share/embedding-optimizer-study/reports/candidate-breadth
2026-09-13T15:27:26.6955638Z copying reports/candidate-breadth/summary.json -> build/bdist.linux-x86_64/wheel/embedding_optimizer_study-0.1.0.data/data/share/embedding-optimizer-study/reports/candidate-breadth
2026-09-13T15:27:26.6956592Z copying reports/candidate-breadth/candidate_breadth_calibration.pdf -> build/bdist.linux-x86_64/wheel/embedding_optimizer_study-0.1.0.data/data/share/embedding-optimizer-study/reports/candidate-breadth
2026-09-13T15:27:26.6957660Z copying reports/candidate-breadth/candidate_breadth_calibration.svg -> build/bdist.linux-x86_64/wheel/embedding_optimizer_study-0.1.0.data/data/share/embedding-optimizer-study/reports/candidate-breadth
2026-09-13T15:27:26.6959150Z creating build/bdist.linux-x86_64/wheel/embedding_optimizer_study-0.1.0.data/data/share/embedding-optimizer-study/reports/three-regime-diagnostic
2026-09-13T15:27:26.6960315Z copying reports/three-regime-diagnostic/high_dose_contrasts.csv -> build/bdist.linux-x86_64/wheel/embedding_optimizer_study-0.1.0.data/data/share/embedding-optimizer-study/reports/three-regime-diagnostic
2026-09-13T15:27:26.6961514Z copying reports/three-regime-diagnostic/run_metrics.csv -> build/bdist.linux-x86_64/wheel/embedding_optimizer_study-0.1.0.data/data/share/embedding-optimizer-study/reports/three-regime-diagnostic
2026-09-13T15:27:26.6962579Z copying reports/three-regime-diagnostic/summary.json -> build/bdist.linux-x86_64/wheel/embedding_optimizer_study-0.1.0.data/data/share/embedding-optimizer-study/reports/three-regime-diagnostic
2026-09-13T15:27:26.6963601Z copying reports/three-regime-diagnostic/summary_manifest.json -> build/bdist.linux-x86_64/wheel/embedding_optimizer_study-0.1.0.data/data/share/embedding-optimizer-study/reports/three-regime-diagnostic
2026-09-13T15:27:26.6964789Z copying reports/three-regime-diagnostic/README.md -> build/bdist.linux-x86_64/wheel/embedding_optimizer_study-0.1.0.data/data/share/embedding-optimizer-study/reports/three-regime-diagnostic
2026-09-13T15:27:26.6965942Z creating build/bdist.linux-x86_64/wheel/embedding_optimizer_study-0.1.0.data/data/share/embedding-optimizer-study/reports/weight-space
2026-09-13T15:27:26.6967263Z copying reports/weight-space/README.md -> build/bdist.linux-x86_64/wheel/embedding_optimizer_study-0.1.0.data/data/share/embedding-optimizer-study/reports/weight-space
2026-09-13T15:27:26.6968589Z copying reports/weight-space/checkpoint_trajectory.csv -> build/bdist.linux-x86_64/wheel/embedding_optimizer_study-0.1.0.data/data/share/embedding-optimizer-study/reports/weight-space
2026-09-13T15:27:26.6969964Z copying reports/weight-space/optimizer_geometry_phase.svg -> build/bdist.linux-x86_64/wheel/embedding_optimizer_study-0.1.0.data/data/share/embedding-optimizer-study/reports/weight-space
2026-09-13T15:27:26.6971180Z copying reports/weight-space/optimizer_pair_contrasts.csv -> build/bdist.linux-x86_64/wheel/embedding_optimizer_study-0.1.0.data/data/share/embedding-optimizer-study/reports/weight-space
2026-09-13T15:27:26.6972542Z copying reports/weight-space/optimizer_pair_contrast_trajectory.csv -> build/bdist.linux-x86_64/wheel/embedding_optimizer_study-0.1.0.data/data/share/embedding-optimizer-study/reports/weight-space
2026-09-13T15:27:26.6973631Z copying reports/weight-space/optimizer_pair_contrast_trajectory.svg -> build/bdist.linux-x86_64/wheel/embedding_optimizer_study-0.1.0.data/data/share/embedding-optimizer-study/reports/weight-space
2026-09-13T15:27:26.6975057Z copying reports/weight-space/run_trajectory_summary.csv -> build/bdist.linux-x86_64/wheel/embedding_optimizer_study-0.1.0.data/data/share/embedding-optimizer-study/reports/weight-space
2026-09-13T15:27:26.6976251Z copying reports/weight-space/summary_manifest.json -> build/bdist.linux-x86_64/wheel/embedding_optimizer_study-0.1.0.data/data/share/embedding-optimizer-study/reports/weight-space
2026-09-13T15:27:26.6977053Z creating build/bdist.linux-x86_64/wheel/embedding_optimizer_study-0.1.0.data/data/share/embedding-optimizer-study/reports/training-dynamics
2026-09-13T15:27:26.6977997Z copying reports/training-dynamics/optimizer_system_summary.csv -> build/bdist.linux-x86_64/wheel/embedding_optimizer_study-0.1.0.data/data/share/embedding-optimizer-study/reports/training-dynamics
2026-09-13T15:27:26.6978940Z copying reports/training-dynamics/plot_manifest.json -> build/bdist.linux-x86_64/wheel/embedding_optimizer_study-0.1.0.data/data/share/embedding-optimizer-study/reports/training-dynamics
2026-09-13T15:27:26.6979935Z copying reports/training-dynamics/run_summary.csv -> build/bdist.linux-x86_64/wheel/embedding_optimizer_study-0.1.0.data/data/share/embedding-optimizer-study/reports/training-dynamics
2026-09-13T15:27:26.6981017Z copying reports/training-dynamics/stage_dynamics.csv -> build/bdist.linux-x86_64/wheel/embedding_optimizer_study-0.1.0.data/data/share/embedding-optimizer-study/reports/training-dynamics
2026-09-13T15:27:26.6982042Z copying reports/training-dynamics/summary_manifest.json -> build/bdist.linux-x86_64/wheel/embedding_optimizer_study-0.1.0.data/data/share/embedding-optimizer-study/reports/training-dynamics
2026-09-13T15:27:26.6983005Z copying reports/training-dynamics/system_tradeoffs.svg -> build/bdist.linux-x86_64/wheel/embedding_optimizer_study-0.1.0.data/data/share/embedding-optimizer-study/reports/training-dynamics
2026-09-13T15:27:26.6984130Z copying reports/training-dynamics/training_loss_dynamics.svg -> build/bdist.linux-x86_64/wheel/embedding_optimizer_study-0.1.0.data/data/share/embedding-optimizer-study/reports/training-dynamics
2026-09-13T15:27:26.6985067Z creating build/bdist.linux-x86_64/wheel/embedding_optimizer_study-0.1.0.data/data/share/embedding-optimizer-study/reports/dense-discovery
2026-09-13T15:27:26.6986055Z copying reports/dense-discovery/best_config_dynamics.csv -> build/bdist.linux-x86_64/wheel/embedding_optimizer_study-0.1.0.data/data/share/embedding-optimizer-study/reports/dense-discovery
2026-09-13T15:27:26.6987012Z copying reports/dense-discovery/best_config_task_comparison.csv -> build/bdist.linux-x86_64/wheel/embedding_optimizer_study-0.1.0.data/data/share/embedding-optimizer-study/reports/dense-discovery
2026-09-13T15:27:26.6987952Z copying reports/dense-discovery/checkpoint_summary.csv -> build/bdist.linux-x86_64/wheel/embedding_optimizer_study-0.1.0.data/data/share/embedding-optimizer-study/reports/dense-discovery
2026-09-13T15:27:26.6989053Z copying reports/dense-discovery/coverage.json -> build/bdist.linux-x86_64/wheel/embedding_optimizer_study-0.1.0.data/data/share/embedding-optimizer-study/reports/dense-discovery
2026-09-13T15:27:26.6990446Z copying reports/dense-discovery/evaluation_long.csv -> build/bdist.linux-x86_64/wheel/embedding_optimizer_study-0.1.0.data/data/share/embedding-optimizer-study/reports/dense-discovery
2026-09-13T15:27:26.6991909Z copying reports/dense-discovery/optimizer_summary.csv -> build/bdist.linux-x86_64/wheel/embedding_optimizer_study-0.1.0.data/data/share/embedding-optimizer-study/reports/dense-discovery
2026-09-13T15:27:26.6992966Z copying reports/dense-discovery/paired_comparison.csv -> build/bdist.linux-x86_64/wheel/embedding_optimizer_study-0.1.0.data/data/share/embedding-optimizer-study/reports/dense-discovery
2026-09-13T15:27:26.6994011Z copying reports/dense-discovery/system_metrics.csv -> build/bdist.linux-x86_64/wheel/embedding_optimizer_study-0.1.0.data/data/share/embedding-optimizer-study/reports/dense-discovery
2026-09-13T15:27:26.6995465Z copying reports/dense-discovery/system_summary.csv -> build/bdist.linux-x86_64/wheel/embedding_optimizer_study-0.1.0.data/data/share/embedding-optimizer-study/reports/dense-discovery
2026-09-13T15:27:26.6996606Z copying reports/dense-discovery/training_history.csv -> build/bdist.linux-x86_64/wheel/embedding_optimizer_study-0.1.0.data/data/share/embedding-optimizer-study/reports/dense-discovery
2026-09-13T15:27:26.6997961Z creating build/bdist.linux-x86_64/wheel/embedding_optimizer_study-0.1.0.data/data/share/embedding-optimizer-study/reports/dense-discovery/figures
2026-09-13T15:27:26.6999179Z copying reports/dense-discovery/figures/dense-lr-sensitivity.png -> build/bdist.linux-x86_64/wheel/embedding_optimizer_study-0.1.0.data/data/share/embedding-optimizer-study/reports/dense-discovery/figures
2026-09-13T15:27:26.7000877Z copying reports/dense-discovery/figures/dense-training-dynamics-by-run.png -> build/bdist.linux-x86_64/wheel/embedding_optimizer_study-0.1.0.data/data/share/embedding-optimizer-study/reports/dense-discovery/figures
2026-09-13T15:27:26.7002068Z copying reports/dense-discovery/figures/dense-training-dynamics.png -> build/bdist.linux-x86_64/wheel/embedding_optimizer_study-0.1.0.data/data/share/embedding-optimizer-study/reports/dense-discovery/figures
2026-09-13T15:27:26.7003028Z creating build/bdist.linux-x86_64/wheel/embedding_optimizer_study-0.1.0.data/data/share/embedding-optimizer-study/reports/retrieval-dynamics-dense
2026-09-13T15:27:26.7003935Z copying reports/retrieval-dynamics-dense/best_config_task_comparison.csv -> build/bdist.linux-x86_64/wheel/embedding_optimizer_study-0.1.0.data/data/share/embedding-optimizer-study/reports/retrieval-dynamics-dense
2026-09-13T15:27:26.7005014Z copying reports/retrieval-dynamics-dense/best_config_task_delta_dynamics.csv -> build/bdist.linux-x86_64/wheel/embedding_optimizer_study-0.1.0.data/data/share/embedding-optimizer-study/reports/retrieval-dynamics-dense
2026-09-13T15:27:26.7006075Z copying reports/retrieval-dynamics-dense/checkpoint_dynamics.csv -> build/bdist.linux-x86_64/wheel/embedding_optimizer_study-0.1.0.data/data/share/embedding-optimizer-study/reports/retrieval-dynamics-dense
2026-09-13T15:27:26.7007121Z copying reports/retrieval-dynamics-dense/optimizer_first_passage.csv -> build/bdist.linux-x86_64/wheel/embedding_optimizer_study-0.1.0.data/data/share/embedding-optimizer-study/reports/retrieval-dynamics-dense
2026-09-13T15:27:26.7008177Z copying reports/retrieval-dynamics-dense/quality_vs_useful_wall_time.svg -> build/bdist.linux-x86_64/wheel/embedding_optimizer_study-0.1.0.data/data/share/embedding-optimizer-study/reports/retrieval-dynamics-dense
2026-09-13T15:27:26.7009194Z copying reports/retrieval-dynamics-dense/run_first_passage.csv -> build/bdist.linux-x86_64/wheel/embedding_optimizer_study-0.1.0.data/data/share/embedding-optimizer-study/reports/retrieval-dynamics-dense
2026-09-13T15:27:26.7010479Z copying reports/retrieval-dynamics-dense/summary_manifest.json -> build/bdist.linux-x86_64/wheel/embedding_optimizer_study-0.1.0.data/data/share/embedding-optimizer-study/reports/retrieval-dynamics-dense
2026-09-13T15:27:26.7011520Z copying reports/retrieval-dynamics-dense/task_delta_stability.csv -> build/bdist.linux-x86_64/wheel/embedding_optimizer_study-0.1.0.data/data/share/embedding-optimizer-study/reports/retrieval-dynamics-dense
2026-09-13T15:27:26.7012473Z creating build/bdist.linux-x86_64/wheel/embedding_optimizer_study-0.1.0.data/data/share/embedding-optimizer-study/reports/dense-retrieval-dynamics
2026-09-13T15:27:26.7013323Z copying reports/dense-retrieval-dynamics/README.md -> build/bdist.linux-x86_64/wheel/embedding_optimizer_study-0.1.0.data/data/share/embedding-optimizer-study/reports/dense-retrieval-dynamics
2026-09-13T15:27:26.7014378Z copying reports/dense-retrieval-dynamics/confirmatory-evaluation-receipt.json -> build/bdist.linux-x86_64/wheel/embedding_optimizer_study-0.1.0.data/data/share/embedding-optimizer-study/reports/dense-retrieval-dynamics
2026-09-13T15:27:26.7015595Z copying reports/dense-retrieval-dynamics/evaluation-receipt.json -> build/bdist.linux-x86_64/wheel/embedding_optimizer_study-0.1.0.data/data/share/embedding-optimizer-study/reports/dense-retrieval-dynamics
2026-09-13T15:27:26.7016677Z copying reports/dense-retrieval-dynamics/five_stage_retrieval_dynamics.csv -> build/bdist.linux-x86_64/wheel/embedding_optimizer_study-0.1.0.data/data/share/embedding-optimizer-study/reports/dense-retrieval-dynamics
2026-09-13T15:27:26.7017769Z copying reports/dense-retrieval-dynamics/five_stage_retrieval_dynamics.pdf -> build/bdist.linux-x86_64/wheel/embedding_optimizer_study-0.1.0.data/data/share/embedding-optimizer-study/reports/dense-retrieval-dynamics
2026-09-13T15:27:26.7018852Z copying reports/dense-retrieval-dynamics/five_stage_retrieval_dynamics.svg -> build/bdist.linux-x86_64/wheel/embedding_optimizer_study-0.1.0.data/data/share/embedding-optimizer-study/reports/dense-retrieval-dynamics
2026-09-13T15:27:26.7020139Z copying reports/dense-retrieval-dynamics/hybrid-evaluation-receipt.json -> build/bdist.linux-x86_64/wheel/embedding_optimizer_study-0.1.0.data/data/share/embedding-optimizer-study/reports/dense-retrieval-dynamics
2026-09-13T15:27:26.7021679Z copying reports/dense-retrieval-dynamics/summary_manifest.json -> build/bdist.linux-x86_64/wheel/embedding_optimizer_study-0.1.0.data/data/share/embedding-optimizer-study/reports/dense-retrieval-dynamics
2026-09-13T15:27:26.7022651Z creating build/bdist.linux-x86_64/wheel/embedding_optimizer_study-0.1.0.data/data/share/embedding-optimizer-study/reports/wandb
2026-09-13T15:27:26.7023421Z copying reports/wandb/dense_source_provenance_audit.json -> build/bdist.linux-x86_64/wheel/embedding_optimizer_study-0.1.0.data/data/share/embedding-optimizer-study/reports/wandb
2026-09-13T15:27:26.7024230Z creating build/bdist.linux-x86_64/wheel/embedding_optimizer_study-0.1.0.data/data/share/embedding-optimizer-study/reports/confirmatory-data
2026-09-13T15:27:26.7025347Z copying reports/confirmatory-data/receipt.json -> build/bdist.linux-x86_64/wheel/embedding_optimizer_study-0.1.0.data/data/share/embedding-optimizer-study/reports/confirmatory-data
2026-09-13T15:27:26.7026143Z creating build/bdist.linux-x86_64/wheel/embedding_optimizer_study-0.1.0.data/data/share/embedding-optimizer-study/reports/short-branch
2026-09-13T15:27:26.7026938Z copying reports/short-branch/subset-receipt.json -> build/bdist.linux-x86_64/wheel/embedding_optimizer_study-0.1.0.data/data/share/embedding-optimizer-study/reports/short-branch
2026-09-13T15:27:26.7027720Z creating build/bdist.linux-x86_64/wheel/embedding_optimizer_study-0.1.0.data/data/share/embedding-optimizer-study/reports/tail-stability
2026-09-13T15:27:26.7028482Z copying reports/tail-stability/README.md -> build/bdist.linux-x86_64/wheel/embedding_optimizer_study-0.1.0.data/data/share/embedding-optimizer-study/reports/tail-stability
2026-09-13T15:27:26.7029625Z copying reports/tail-stability/discovery_anchor_tail.csv -> build/bdist.linux-x86_64/wheel/embedding_optimizer_study-0.1.0.data/data/share/embedding-optimizer-study/reports/tail-stability
2026-09-13T15:27:26.7030551Z copying reports/tail-stability/discovery_cross_tail.csv -> build/bdist.linux-x86_64/wheel/embedding_optimizer_study-0.1.0.data/data/share/embedding-optimizer-study/reports/tail-stability
2026-09-13T15:27:26.7031766Z copying reports/tail-stability/discovery_cross_tail_summary.csv -> build/bdist.linux-x86_64/wheel/embedding_optimizer_study-0.1.0.data/data/share/embedding-optimizer-study/reports/tail-stability
2026-09-13T15:27:26.7032741Z copying reports/tail-stability/discovery_family_contrasts.csv -> build/bdist.linux-x86_64/wheel/embedding_optimizer_study-0.1.0.data/data/share/embedding-optimizer-study/reports/tail-stability
2026-09-13T15:27:26.7033687Z copying reports/tail-stability/summary_manifest.json -> build/bdist.linux-x86_64/wheel/embedding_optimizer_study-0.1.0.data/data/share/embedding-optimizer-study/reports/tail-stability
2026-09-13T15:27:26.7034271Z running install_egg_info
2026-09-13T15:27:26.7034698Z Copying src/embedding_optimizer_study.egg-info to build/bdist.linux-x86_64/wheel/./embedding_optimizer_study-0.1.0-py3.12.egg-info
2026-09-13T15:27:26.7035143Z running install_scripts
2026-09-13T15:27:26.7035461Z creating build/bdist.linux-x86_64/wheel/embedding_optimizer_study-0.1.0.dist-info/WHEEL
2026-09-13T15:27:26.7036219Z creating '/home/runner/work/embedding-optimizer-study/embedding-optimizer-study/dist/.tmp-_01l_t0q/embedding_optimizer_study-0.1.0-py3-none-any.whl' and adding 'build/bdist.linux-x86_64/wheel' to it
2026-09-13T15:27:26.7036850Z adding 'embed_optim/__init__.py'
2026-09-13T15:27:26.7057525Z adding 'embed_optim/aggregate.py'
2026-09-13T15:27:26.7060702Z adding 'embed_optim/artifact_inventory.py'
2026-09-13T15:27:26.7072961Z adding 'embed_optim/basis_sensitivity.py'
2026-09-13T15:27:26.7078000Z adding 'embed_optim/beir_probe.py'
2026-09-13T15:27:26.7081234Z adding 'embed_optim/bridge_exact_arithmetic.py'
2026-09-13T15:27:26.7084396Z adding 'embed_optim/bridge_named_features.py'
2026-09-13T15:27:26.7087617Z adding 'embed_optim/bridge_numerics.py'
2026-09-13T15:27:26.7090890Z adding 'embed_optim/callbacks.py'
2026-09-13T15:27:26.7100040Z adding 'embed_optim/candidate_breadth_data.py'
2026-09-13T15:27:26.7105813Z adding 'embed_optim/candidate_breadth_evaluation.py'
2026-09-13T15:27:26.7109286Z adding 'embed_optim/candidate_breadth_matrix.py'
2026-09-13T15:27:26.7115463Z adding 'embed_optim/candidate_breadth_publication.py'
2026-09-13T15:27:26.7121369Z adding 'embed_optim/candidate_breadth_release.py'
2026-09-13T15:27:26.7128917Z adding 'embed_optim/candidate_breadth_summary.py'
2026-09-13T15:27:26.7137078Z adding 'embed_optim/causal_chain_rendering.py'
2026-09-13T15:27:26.7152303Z adding 'embed_optim/causal_chain_reporting.py'
2026-09-13T15:27:26.7156740Z adding 'embed_optim/checkpoint_watch.py'
2026-09-13T15:27:26.7158717Z adding 'embed_optim/collators.py'
2026-09-13T15:27:26.7164967Z adding 'embed_optim/common_state_matrix.py'
2026-09-13T15:27:26.7175403Z adding 'embed_optim/common_state_spectra.py'
2026-09-13T15:27:26.7179956Z adding 'embed_optim/common_state_spectrum_plot.py'
2026-09-13T15:27:26.7186706Z adding 'embed_optim/common_state_summary.py'
2026-09-13T15:27:26.7191372Z adding 'embed_optim/complete_paper_document.py'
2026-09-13T15:27:26.7194183Z adding 'embed_optim/completion_backup_contract_migration.py'
2026-09-13T15:27:26.7197333Z adding 'embed_optim/completion_contract_migration.py'
2026-09-13T15:27:26.7200474Z adding 'embed_optim/config.py'
2026-09-13T15:27:26.7209973Z adding 'embed_optim/confirmatory_data.py'
2026-09-13T15:27:26.7213827Z adding 'embed_optim/confirmatory_evaluation.py'
2026-09-13T15:27:26.7217576Z adding 'embed_optim/confirmatory_matrix.py'
2026-09-13T15:27:26.7221996Z adding 'embed_optim/confirmatory_summary.py'
2026-09-13T15:27:26.7228691Z adding 'embed_optim/corpus_size_diagnostic.py'
2026-09-13T15:27:26.7232609Z adding 'embed_optim/corrected_beir_evaluation.py'
2026-09-13T15:27:26.7235539Z adding 'embed_optim/corrected_checkpoint_backup.py'
2026-09-13T15:27:26.7240870Z adding 'embed_optim/corrected_completion_pipeline.py'
2026-09-13T15:27:26.7245790Z adding 'embed_optim/corrected_execution_sensitivity.py'
2026-09-13T15:27:26.7248735Z adding 'embed_optim/corrected_geometry_matrix.py'
2026-09-13T15:27:26.7254498Z adding 'embed_optim/corrected_geometry_summary.py'
2026-09-13T15:27:26.7256474Z adding 'embed_optim/corrected_input_execution.py'
2026-09-13T15:27:26.7261761Z adding 'embed_optim/corrected_outcome_summary.py'
2026-09-13T15:27:26.7264628Z adding 'embed_optim/corrected_progress.py'
2026-09-13T15:27:26.7273888Z adding 'embed_optim/corrected_publication.py'
2026-09-13T15:27:26.7280145Z adding 'embed_optim/corrected_retrieval_bridge.py'
2026-09-13T15:27:26.7282586Z adding 'embed_optim/corrected_validation_evaluation.py'
2026-09-13T15:27:26.7285755Z adding 'embed_optim/corrected_validation_matrix.py'
2026-09-13T15:27:26.7289337Z adding 'embed_optim/corrected_wandb_audit.py'
2026-09-13T15:27:26.7292104Z adding 'embed_optim/current_paper.py'
2026-09-13T15:27:26.7296209Z adding 'embed_optim/data.py'
2026-09-13T15:27:26.7298815Z adding 'embed_optim/decontamination.py'
2026-09-13T15:27:26.7307211Z adding 'embed_optim/dense_completion_pipeline.py'
2026-09-13T15:27:26.7318366Z adding 'embed_optim/dense_eval_handoff.py'
2026-09-13T15:27:26.7324664Z adding 'embed_optim/dense_finalization_pipeline.py'
2026-09-13T15:27:26.7327244Z adding 'embed_optim/dense_no_packing_preflight.py'
2026-09-13T15:27:26.7330040Z adding 'embed_optim/dense_numerical_contract.py'
2026-09-13T15:27:26.7336396Z adding 'embed_optim/dense_retrieval_dynamics_evaluation.py'
2026-09-13T15:27:26.7340806Z adding 'embed_optim/dense_retrieval_dynamics_publication.py'
2026-09-13T15:27:26.7347538Z adding 'embed_optim/dense_retrieval_dynamics_summary.py'
2026-09-13T15:27:26.7351754Z adding 'embed_optim/dense_run_contract.py'
2026-09-13T15:27:26.7356183Z adding 'embed_optim/dimension_archive.py'
2026-09-13T15:27:26.7359967Z adding 'embed_optim/dimension_inference.py'
2026-09-13T15:27:26.7362685Z adding 'embed_optim/dimension_inference_render.py'
2026-09-13T15:27:26.7364966Z adding 'embed_optim/dimension_intervention_io.py'
2026-09-13T15:27:26.7367988Z adding 'embed_optim/dimension_interventions.py'
2026-09-13T15:27:26.7379118Z adding 'embed_optim/dimension_publication.py'
2026-09-13T15:27:26.7382243Z adding 'embed_optim/dimension_release.py'
2026-09-13T15:27:26.7386246Z adding 'embed_optim/dimension_replay.py'
2026-09-13T15:27:26.7393753Z adding 'embed_optim/dimension_utilization.py'
2026-09-13T15:27:26.7400453Z adding 'embed_optim/distribution_audit.py'
2026-09-13T15:27:26.7411662Z adding 'embed_optim/dose_band_analysis.py'
2026-09-13T15:27:26.7418816Z adding 'embed_optim/evaluate_matrix.py'
2026-09-13T15:27:26.7423579Z adding 'embed_optim/evaluation_progress.py'
2026-09-13T15:27:26.7441331Z adding 'embed_optim/evaluation_source_archive.py'
2026-09-13T15:27:26.7445562Z adding 'embed_optim/evaluation_source_provenance.py'
2026-09-13T15:27:26.7449237Z adding 'embed_optim/evaluation_supervisor.py'
2026-09-13T15:27:26.7451896Z adding 'embed_optim/evaluation_utils.py'
2026-09-13T15:27:26.7455365Z adding 'embed_optim/exact_bridge_measurements.py'
2026-09-13T15:27:26.7457543Z adding 'embed_optim/factorial_v3_batches.py'
2026-09-13T15:27:26.7460837Z adding 'embed_optim/factorial_v3_bound_trainer.py'
2026-09-13T15:27:26.7465764Z adding 'embed_optim/factorial_v3_calibration.py'
2026-09-13T15:27:26.7468128Z adding 'embed_optim/factorial_v3_checkpoint.py'
2026-09-13T15:27:26.7472512Z adding 'embed_optim/factorial_v3_factory.py'
2026-09-13T15:27:26.7476789Z adding 'embed_optim/factorial_v3_inputs.py'
2026-09-13T15:27:26.7482518Z adding 'embed_optim/factorial_v3_optimizer.py'
2026-09-13T15:27:26.7490035Z adding 'embed_optim/factorial_v3_run_contract.py'
2026-09-13T15:27:26.7494523Z adding 'embed_optim/factorial_v3_trainer.py'
2026-09-13T15:27:26.7500539Z adding 'embed_optim/factorial_v3_worker.py'
2026-09-13T15:27:26.7506928Z adding 'embed_optim/family_training_queue.py'
2026-09-13T15:27:26.7513167Z adding 'embed_optim/functional_intervention.py'
2026-09-13T15:27:26.7517351Z adding 'embed_optim/functional_intervention_matrix.py'
2026-09-13T15:27:26.7521910Z adding 'embed_optim/functional_intervention_summary.py'
2026-09-13T15:27:26.7528196Z adding 'embed_optim/geometry.py'
2026-09-13T15:27:26.7532754Z adding 'embed_optim/geometry_plot.py'
2026-09-13T15:27:26.7535565Z adding 'embed_optim/geometry_robustness.py'
2026-09-13T15:27:26.7539903Z adding 'embed_optim/geometry_summary.py'
2026-09-13T15:27:26.7544423Z adding 'embed_optim/gpu_lease.py'
2026-09-13T15:27:26.7549133Z adding 'embed_optim/gradient_probe.py'
2026-09-13T15:27:26.7555237Z adding 'embed_optim/hybrid_control.py'
2026-09-13T15:27:26.7557353Z adding 'embed_optim/hybrid_evaluation.py'
2026-09-13T15:27:26.7561497Z adding 'embed_optim/incremental_checkpoint_backup.py'
2026-09-13T15:27:26.7567452Z adding 'embed_optim/local_global_reversal.py'
2026-09-13T15:27:26.7569764Z adding 'embed_optim/losses.py'
2026-09-13T15:27:26.7574266Z adding 'embed_optim/matrix.py'
2026-09-13T15:27:26.7577482Z adding 'embed_optim/matrix_handoff_guard.py'
2026-09-13T15:27:26.7584800Z adding 'embed_optim/mechanism_bridge.py'
2026-09-13T15:27:26.7596528Z adding 'embed_optim/mechanism_report.py'
2026-09-13T15:27:26.7599221Z adding 'embed_optim/optimizer_state_devices.py'
2026-09-13T15:27:26.7602508Z adding 'embed_optim/optimizers.py'
2026-09-13T15:27:26.7614258Z adding 'embed_optim/outcome_report.py'
2026-09-13T15:27:26.7618174Z adding 'embed_optim/packing_invariance.py'
2026-09-13T15:27:26.7645029Z adding 'embed_optim/paper_audit.py'
2026-09-13T15:27:26.7648840Z adding 'embed_optim/paper_layout.py'
2026-09-13T15:27:26.7653204Z adding 'embed_optim/paper_reproduction.py'
2026-09-13T15:27:26.7666375Z adding 'embed_optim/paper_results.py'
2026-09-13T15:27:26.7674856Z adding 'embed_optim/post_eval_pipeline.py'
2026-09-13T15:27:26.7682890Z adding 'embed_optim/primary_completion.py'
2026-09-13T15:27:26.7686793Z adding 'embed_optim/primary_contract.py'
2026-09-13T15:27:26.7689970Z adding 'embed_optim/primary_data_revision.py'
2026-09-13T15:27:26.7695032Z adding 'embed_optim/primary_dimension_probe.py'
2026-09-13T15:27:26.7698584Z adding 'embed_optim/primary_exact_geometry_kernels.py'
2026-09-13T15:27:26.7701613Z adding 'embed_optim/primary_geometry_kernels.py'
2026-09-13T15:27:26.7703521Z adding 'embed_optim/primary_geometry_reductions.py'
2026-09-13T15:27:26.7707080Z adding 'embed_optim/primary_io.py'
2026-09-13T15:27:26.7709068Z adding 'embed_optim/primary_training.py'
2026-09-13T15:27:26.7712768Z adding 'embed_optim/primary_v3_bridge.py'
2026-09-13T15:27:26.7715417Z adding 'embed_optim/primary_v3_completion.py'
2026-09-13T15:27:26.7718497Z adding 'embed_optim/primary_v3_contract.py'
2026-09-13T15:27:26.7722530Z adding 'embed_optim/primary_v3_dimension_contract.py'
2026-09-13T15:27:26.7726103Z adding 'embed_optim/primary_v3_dimension_exports.py'
2026-09-13T15:27:26.7729106Z adding 'embed_optim/primary_v3_dimension_inference.py'
2026-09-13T15:27:26.7732589Z adding 'embed_optim/primary_v3_dimension_vector_io.py'
2026-09-13T15:27:26.7735722Z adding 'embed_optim/primary_v3_dimensions.py'
2026-09-13T15:27:26.7739432Z adding 'embed_optim/primary_v3_exact_bridge.py'
2026-09-13T15:27:26.7743859Z adding 'embed_optim/primary_v3_exact_geometry.py'
2026-09-13T15:27:26.7746998Z adding 'embed_optim/primary_v3_exact_geometry_io.py'
2026-09-13T15:27:26.7750363Z adding 'embed_optim/primary_v3_exact_geometry_primitives.py'
2026-09-13T15:27:26.7753825Z adding 'embed_optim/primary_v3_exact_publication.py'
2026-09-13T15:27:26.7756370Z adding 'embed_optim/primary_v3_exact_publication_contract.py'
2026-09-13T15:27:26.7759346Z adding 'embed_optim/primary_v3_exact_publication_render.py'
2026-09-13T15:27:26.7763291Z adding 'embed_optim/primary_v3_exact_reconstruction.py'
2026-09-13T15:27:26.7765878Z adding 'embed_optim/primary_v3_exact_reconstruction_archive.py'
2026-09-13T15:27:26.7769961Z adding 'embed_optim/primary_v3_geometry.py'
2026-09-13T15:27:26.7773562Z adding 'embed_optim/primary_v3_geometry_io.py'
2026-09-13T15:27:26.7777767Z adding 'embed_optim/primary_v3_geometry_primitives.py'
2026-09-13T15:27:26.7781065Z adding 'embed_optim/primary_v3_geometry_reconstruction.py'
2026-09-13T15:27:26.7784367Z adding 'embed_optim/primary_v3_io.py'
2026-09-13T15:27:26.7788138Z adding 'embed_optim/primary_v3_joint_reconstruction.py'
2026-09-13T15:27:26.7792645Z adding 'embed_optim/primary_v3_manuscript.py'
2026-09-13T15:27:26.7796341Z adding 'embed_optim/primary_v3_manuscript_build.py'
2026-09-13T15:27:26.7800837Z adding 'embed_optim/primary_v3_outcome_primitives.py'
2026-09-13T15:27:26.7803379Z adding 'embed_optim/primary_v3_outcome_reconstruction.py'
2026-09-13T15:27:26.7808621Z adding 'embed_optim/primary_v3_outcomes.py'
2026-09-13T15:27:26.7810658Z adding 'embed_optim/primary_v3_paper_layout.py'
2026-09-13T15:27:26.7813999Z adding 'embed_optim/primary_v3_publication.py'
2026-09-13T15:27:26.7817068Z adding 'embed_optim/primary_v3_publication_archive.py'
2026-09-13T15:27:26.7819964Z adding 'embed_optim/primary_v3_publication_bridge.py'
2026-09-13T15:27:26.7822551Z adding 'embed_optim/primary_v3_publication_contract.py'
2026-09-13T15:27:26.7825663Z adding 'embed_optim/primary_v3_publication_reconstruction.py'
2026-09-13T15:27:26.7827906Z adding 'embed_optim/primary_v3_publication_render.py'
2026-09-13T15:27:26.7830309Z adding 'embed_optim/primary_v3_publication_tables.py'
2026-09-13T15:27:26.7832964Z adding 'embed_optim/primary_v3_reconstruction_authoring.py'
2026-09-13T15:27:26.7836432Z adding 'embed_optim/primary_v3_reconstruction_inputs.py'
2026-09-13T15:27:26.7839041Z adding 'embed_optim/primary_v3_reconstruction_sources.py'
2026-09-13T15:27:26.7841530Z adding 'embed_optim/primary_v3_training.py'
2026-09-13T15:27:26.7845926Z adding 'embed_optim/primary_v3_validation.py'
2026-09-13T15:27:26.7849388Z adding 'embed_optim/primary_v3_validation_io.py'
2026-09-13T15:27:26.7852285Z adding 'embed_optim/primary_v3_vector_reconstruction.py'
2026-09-13T15:27:26.7856068Z adding 'embed_optim/primary_weight_entries.py'
2026-09-13T15:27:26.7861524Z adding 'embed_optim/probe_export.py'
2026-09-13T15:27:26.7866668Z adding 'embed_optim/probe_matrix.py'
2026-09-13T15:27:26.7870815Z adding 'embed_optim/probes.py'
2026-09-13T15:27:26.7872731Z adding 'embed_optim/pylate_compat.py'
2026-09-13T15:27:26.7875625Z adding 'embed_optim/reconstruction_files.py'
2026-09-13T15:27:26.7884082Z adding 'embed_optim/representation_geometry.py'
2026-09-13T15:27:26.7889946Z adding 'embed_optim/representation_plot.py'
2026-09-13T15:27:26.7894456Z adding 'embed_optim/representation_summary.py'
2026-09-13T15:27:26.7904716Z adding 'embed_optim/retrieval_dynamics.py'
2026-09-13T15:27:26.7907654Z adding 'embed_optim/runtime.py'
2026-09-13T15:27:26.7911068Z adding 'embed_optim/saved_factorial_checkpoint.py'
2026-09-13T15:27:26.7913419Z adding 'embed_optim/scope.py'
2026-09-13T15:27:26.7918892Z adding 'embed_optim/sealed_checkpoint_supervisor.py'
2026-09-13T15:27:26.7925280Z adding 'embed_optim/short_branch.py'
2026-09-13T15:27:26.7930480Z adding 'embed_optim/short_branch_evaluation.py'
2026-09-13T15:27:26.7935696Z adding 'embed_optim/short_branch_summary.py'
2026-09-13T15:27:26.7944312Z adding 'embed_optim/spectral_transplant.py'
2026-09-13T15:27:26.7948956Z adding 'embed_optim/spectral_transplant_matrix.py'
2026-09-13T15:27:26.7954941Z adding 'embed_optim/spectral_transplant_summary.py'
2026-09-13T15:27:26.7965195Z adding 'embed_optim/state_operator_factorial.py'
2026-09-13T15:27:26.7968438Z adding 'embed_optim/state_operator_factorial_backup.py'
2026-09-13T15:27:26.7975217Z adding 'embed_optim/state_operator_factorial_completion.py'
2026-09-13T15:27:26.7977261Z adding 'embed_optim/state_operator_factorial_contract.py'
2026-09-13T15:27:26.7980888Z adding 'embed_optim/state_operator_factorial_evaluation.py'
2026-09-13T15:27:26.7987502Z adding 'embed_optim/state_operator_factorial_probe.py'
2026-09-13T15:27:26.7992529Z adding 'embed_optim/state_operator_factorial_publication.py'
2026-09-13T15:27:26.7999469Z adding 'embed_optim/state_operator_factorial_summary.py'
2026-09-13T15:27:26.8002426Z adding 'embed_optim/state_operator_factorial_training.py'
2026-09-13T15:27:26.8005385Z adding 'embed_optim/supervisor.py'
2026-09-13T15:27:26.8008848Z adding 'embed_optim/supplemental_training_audit.py'
2026-09-13T15:27:26.8021170Z adding 'embed_optim/tail_stability.py'
2026-09-13T15:27:26.8028549Z adding 'embed_optim/temporal_short_branch.py'
2026-09-13T15:27:26.8034721Z adding 'embed_optim/temporal_short_branch_predictors.py'
2026-09-13T15:27:26.8039245Z adding 'embed_optim/three_regime_diagnostic.py'
2026-09-13T15:27:26.8045443Z adding 'embed_optim/train.py'
2026-09-13T15:27:26.8049063Z adding 'embed_optim/training_dynamics.py'
2026-09-13T15:27:26.8053655Z adding 'embed_optim/training_dynamics_plot.py'
2026-09-13T15:27:26.8059464Z adding 'embed_optim/update_geometry.py'
2026-09-13T15:27:26.8065080Z adding 'embed_optim/validation_data.py'
2026-09-13T15:27:26.8068319Z adding 'embed_optim/validation_evaluation.py'
2026-09-13T15:27:26.8072232Z adding 'embed_optim/validation_matrix.py'
2026-09-13T15:27:26.8075606Z adding 'embed_optim/validation_summary.py'
2026-09-13T15:27:26.8083599Z adding 'embed_optim/wandb_dense_provenance_audit.py'
2026-09-13T15:27:26.8090347Z adding 'embed_optim/wandb_sync.py'
2026-09-13T15:27:26.8092488Z adding 'embed_optim_restore/__init__.py'
2026-09-13T15:27:26.8094253Z adding 'embed_optim_restore/__main__.py'
2026-09-13T15:27:26.8097376Z adding 'embed_optim_restore/entry.py'
2026-09-13T15:27:26.8099215Z adding 'embed_optim_restore/equality.py'
2026-09-13T15:27:26.8100853Z adding 'embed_optim_restore/gate.py'
2026-09-13T15:27:26.8102680Z adding 'embed_optim_restore/paired.py'
2026-09-13T15:27:26.8104318Z adding 'embed_optim_restore/reference.py'
2026-09-13T15:27:26.8106484Z adding 'embed_optim_restore/step_devices.py'
2026-09-13T15:27:26.8108718Z adding 'embed_optim_restore/trace.py'
2026-09-13T15:27:26.8131868Z adding 'embed_optim_restore/references/a-0-cold.json'
2026-09-13T15:27:26.8154723Z adding 'embed_optim_restore/references/a-0-warm.json'
2026-09-13T15:27:26.8177511Z adding 'embed_optim_restore/references/a-1-cold.json'
2026-09-13T15:27:26.8198504Z adding 'embed_optim_restore/references/a-1-warm.json'
2026-09-13T15:27:26.8221417Z adding 'embed_optim_restore/references/a-2-cold.json'
2026-09-13T15:27:26.8242667Z adding 'embed_optim_restore/references/a-2-warm.json'
2026-09-13T15:27:26.8265288Z adding 'embed_optim_restore/references/a-3-cold.json'
2026-09-13T15:27:26.8286086Z adding 'embed_optim_restore/references/a-3-warm.json'
2026-09-13T15:27:26.8308615Z adding 'embed_optim_restore/references/b-0-cold.json'
2026-09-13T15:27:26.8330174Z adding 'embed_optim_restore/references/b-0-warm.json'
2026-09-13T15:27:26.8352749Z adding 'embed_optim_restore/references/b-1-cold.json'
2026-09-13T15:27:26.8373930Z adding 'embed_optim_restore/references/b-1-warm.json'
2026-09-13T15:27:26.8395502Z adding 'embed_optim_restore/references/b-2-cold.json'
2026-09-13T15:27:26.8416860Z adding 'embed_optim_restore/references/b-2-warm.json'
2026-09-13T15:27:26.8438546Z adding 'embed_optim_restore/references/b-3-cold.json'
2026-09-13T15:27:26.8459815Z adding 'embed_optim_restore/references/b-3-warm.json'
2026-09-13T15:27:26.8465932Z adding 'embedding_optimizer_study-0.1.0.data/data/share/embedding-optimizer-study/AGENTS.md'
2026-09-13T15:27:26.8467671Z adding 'embedding_optimizer_study-0.1.0.data/data/share/embedding-optimizer-study/CITATION.cff'
2026-09-13T15:27:26.8469291Z adding 'embedding_optimizer_study-0.1.0.data/data/share/embedding-optimizer-study/CODE_OF_CONDUCT.md'
2026-09-13T15:27:26.8471425Z adding 'embedding_optimizer_study-0.1.0.data/data/share/embedding-optimizer-study/CONTRIBUTING.md'
2026-09-13T15:27:26.8473922Z adding 'embedding_optimizer_study-0.1.0.data/data/share/embedding-optimizer-study/CURRENT_EXPERIMENT.md'
2026-09-13T15:27:26.8475655Z adding 'embedding_optimizer_study-0.1.0.data/data/share/embedding-optimizer-study/CURRENT_PROGRESS.json'
2026-09-13T15:27:26.8479492Z adding 'embedding_optimizer_study-0.1.0.data/data/share/embedding-optimizer-study/PROJECT_STATUS.md'
2026-09-13T15:27:26.8481384Z adding 'embedding_optimizer_study-0.1.0.data/data/share/embedding-optimizer-study/SECURITY.md'
2026-09-13T15:27:26.8483530Z adding 'embedding_optimizer_study-0.1.0.data/data/share/embedding-optimizer-study/THIRD_PARTY_NOTICES.md'
2026-09-13T15:27:26.8484982Z adding 'embedding_optimizer_study-0.1.0.data/data/share/embedding-optimizer-study/requirements-formal-flash.txt'
2026-09-13T15:27:26.8552022Z adding 'embedding_optimizer_study-0.1.0.data/data/share/embedding-optimizer-study/requirements-formal.lock'
2026-09-13T15:27:26.8556812Z adding 'embedding_optimizer_study-0.1.0.data/data/share/embedding-optimizer-study/configs/basis_sensitivity.json'
2026-09-13T15:27:26.8559236Z adding 'embedding_optimizer_study-0.1.0.data/data/share/embedding-optimizer-study/configs/beir_representation_probe.json'
2026-09-13T15:27:26.8562117Z adding 'embedding_optimizer_study-0.1.0.data/data/share/embedding-optimizer-study/configs/candidate_breadth_probe.json'
2026-09-13T15:27:26.8565896Z adding 'embedding_optimizer_study-0.1.0.data/data/share/embedding-optimizer-study/configs/causal_chain_analysis.json'
2026-09-13T15:27:26.8567883Z adding 'embedding_optimizer_study-0.1.0.data/data/share/embedding-optimizer-study/configs/common_state_probe.json'
2026-09-13T15:27:26.8569848Z adding 'embedding_optimizer_study-0.1.0.data/data/share/embedding-optimizer-study/configs/common_state_spectrum_probe.json'
2026-09-13T15:27:26.8571823Z adding 'embedding_optimizer_study-0.1.0.data/data/share/embedding-optimizer-study/configs/confirmatory_protocol.json'
2026-09-13T15:27:26.8573623Z adding 'embedding_optimizer_study-0.1.0.data/data/share/embedding-optimizer-study/configs/corpus_size_diagnostic.json'
2026-09-13T15:27:26.8575296Z adding 'embedding_optimizer_study-0.1.0.data/data/share/embedding-optimizer-study/configs/dense_correctness_candidate.yaml'
2026-09-13T15:27:26.8578155Z adding 'embedding_optimizer_study-0.1.0.data/data/share/embedding-optimizer-study/configs/dense_dimension_utilization_protocol.json'
2026-09-13T15:27:26.8581109Z adding 'embedding_optimizer_study-0.1.0.data/data/share/embedding-optimizer-study/configs/dense_no_packing_analysis_protocol.json'
2026-09-13T15:27:26.8582710Z adding 'embedding_optimizer_study-0.1.0.data/data/share/embedding-optimizer-study/configs/dense_no_packing_backup_provenance_migration.json'
2026-09-13T15:27:26.8585227Z adding 'embedding_optimizer_study-0.1.0.data/data/share/embedding-optimizer-study/configs/dense_no_packing_bridge_implementation_protocol.json'
2026-09-13T15:27:26.8587690Z adding 'embedding_optimizer_study-0.1.0.data/data/share/embedding-optimizer-study/configs/dense_no_packing_bridge_implementation_protocol_v2.json'
2026-09-13T15:27:26.8589251Z adding 'embedding_optimizer_study-0.1.0.data/data/share/embedding-optimizer-study/configs/dense_no_packing_completion_contract_migration.json'
2026-09-13T15:27:26.8591285Z adding 'embedding_optimizer_study-0.1.0.data/data/share/embedding-optimizer-study/configs/dense_no_packing_evaluation_protocol.json'
2026-09-13T15:27:26.8593444Z adding 'embedding_optimizer_study-0.1.0.data/data/share/embedding-optimizer-study/configs/dense_no_packing_execution_protocol.json'
2026-09-13T15:27:26.8595127Z adding 'embedding_optimizer_study-0.1.0.data/data/share/embedding-optimizer-study/configs/dense_no_packing_matrix_handoff_guard.json'
2026-09-13T15:27:26.8597765Z adding 'embedding_optimizer_study-0.1.0.data/data/share/embedding-optimizer-study/configs/dense_no_packing_outcome_protocol.json'
2026-09-13T15:27:26.8599266Z adding 'embedding_optimizer_study-0.1.0.data/data/share/embedding-optimizer-study/configs/dense_no_packing_preflight.yaml'
2026-09-13T15:27:26.8601500Z adding 'embedding_optimizer_study-0.1.0.data/data/share/embedding-optimizer-study/configs/dense_no_packing_preflight_protocol.json'
2026-09-13T15:27:26.8603265Z adding 'embedding_optimizer_study-0.1.0.data/data/share/embedding-optimizer-study/configs/dense_no_packing_publication_layout_migration.json'
2026-09-13T15:27:26.8604712Z adding 'embedding_optimizer_study-0.1.0.data/data/share/embedding-optimizer-study/configs/dense_no_packing_publication_narrative_migration.json'
2026-09-13T15:27:26.8607959Z adding 'embedding_optimizer_study-0.1.0.data/data/share/embedding-optimizer-study/configs/dense_no_packing_publication_protocol.json'
2026-09-13T15:27:26.8609989Z adding 'embedding_optimizer_study-0.1.0.data/data/share/embedding-optimizer-study/configs/dense_no_packing_retrain.yaml'
2026-09-13T15:27:26.8612337Z adding 'embedding_optimizer_study-0.1.0.data/data/share/embedding-optimizer-study/configs/dense_no_packing_sensitivity_implementation_protocol.json'
2026-09-13T15:27:26.8614527Z adding 'embedding_optimizer_study-0.1.0.data/data/share/embedding-optimizer-study/configs/dense_no_packing_state_operator_abstract_compliance_migration.json'
2026-09-13T15:27:26.8617016Z adding 'embedding_optimizer_study-0.1.0.data/data/share/embedding-optimizer-study/configs/dense_no_packing_state_operator_claim_wording_amendment.json'
2026-09-13T15:27:26.8620026Z adding 'embedding_optimizer_study-0.1.0.data/data/share/embedding-optimizer-study/configs/dense_no_packing_state_operator_factorial_completion_protocol.json'
2026-09-13T15:27:26.8623917Z adding 'embedding_optimizer_study-0.1.0.data/data/share/embedding-optimizer-study/configs/dense_no_packing_state_operator_factorial_implementation_protocol.json'
2026-09-13T15:27:26.8627424Z adding 'embedding_optimizer_study-0.1.0.data/data/share/embedding-optimizer-study/configs/dense_no_packing_state_operator_factorial_protocol.json'
2026-09-13T15:27:26.8630088Z adding 'embedding_optimizer_study-0.1.0.data/data/share/embedding-optimizer-study/configs/dense_no_packing_state_operator_factorial_publication_protocol.json'
2026-09-13T15:27:26.8632240Z adding 'embedding_optimizer_study-0.1.0.data/data/share/embedding-optimizer-study/configs/dense_no_packing_state_operator_weight_space_narrative_migration.json'
2026-09-13T15:27:26.8634391Z adding 'embedding_optimizer_study-0.1.0.data/data/share/embedding-optimizer-study/configs/dense_primary_dimension_archive_protocol.json'
2026-09-13T15:27:26.8636628Z adding 'embedding_optimizer_study-0.1.0.data/data/share/embedding-optimizer-study/configs/dense_primary_dimension_export_protocol.json'
2026-09-13T15:27:26.8639226Z adding 'embedding_optimizer_study-0.1.0.data/data/share/embedding-optimizer-study/configs/dense_primary_dimension_handoff_protocol.json'
2026-09-13T15:27:26.8642692Z adding 'embedding_optimizer_study-0.1.0.data/data/share/embedding-optimizer-study/configs/dense_primary_v2_protocol.json'
2026-09-13T15:27:26.8645672Z adding 'embedding_optimizer_study-0.1.0.data/data/share/embedding-optimizer-study/configs/dense_primary_v3_bridge_protocol.json'
2026-09-13T15:27:26.8649988Z adding 'embedding_optimizer_study-0.1.0.data/data/share/embedding-optimizer-study/configs/dense_primary_v3_data_amendment.json'
2026-09-13T15:27:26.8654397Z adding 'embedding_optimizer_study-0.1.0.data/data/share/embedding-optimizer-study/configs/dense_primary_v3_dimension_inference_protocol.json'
2026-09-13T15:27:26.8657799Z adding 'embedding_optimizer_study-0.1.0.data/data/share/embedding-optimizer-study/configs/dense_primary_v3_dimensions_protocol.json'
2026-09-13T15:27:26.8661617Z adding 'embedding_optimizer_study-0.1.0.data/data/share/embedding-optimizer-study/configs/dense_primary_v3_exact_bridge_protocol.json'
2026-09-13T15:27:26.8664203Z adding 'embedding_optimizer_study-0.1.0.data/data/share/embedding-optimizer-study/configs/dense_primary_v3_exact_geometry_protocol.json'
2026-09-13T15:27:26.8667297Z adding 'embedding_optimizer_study-0.1.0.data/data/share/embedding-optimizer-study/configs/dense_primary_v3_exact_publication_protocol.json'
2026-09-13T15:27:26.8669959Z adding 'embedding_optimizer_study-0.1.0.data/data/share/embedding-optimizer-study/configs/dense_primary_v3_geometry_protocol.json'
2026-09-13T15:27:26.8673082Z adding 'embedding_optimizer_study-0.1.0.data/data/share/embedding-optimizer-study/configs/dense_primary_v3_geometry_protocol_v2.json'
2026-09-13T15:27:26.8675465Z adding 'embedding_optimizer_study-0.1.0.data/data/share/embedding-optimizer-study/configs/dense_primary_v3_outcome_protocol.json'
2026-09-13T15:27:26.8678135Z adding 'embedding_optimizer_study-0.1.0.data/data/share/embedding-optimizer-study/configs/dense_primary_v3_outcome_protocol_v2.json'
2026-09-13T15:27:26.8683065Z adding 'embedding_optimizer_study-0.1.0.data/data/share/embedding-optimizer-study/configs/dense_primary_v3_protocol.json'
2026-09-13T15:27:26.8686395Z adding 'embedding_optimizer_study-0.1.0.data/data/share/embedding-optimizer-study/configs/dense_primary_v3_publication_protocol.json'
2026-09-13T15:27:26.8688971Z adding 'embedding_optimizer_study-0.1.0.data/data/share/embedding-optimizer-study/configs/dense_primary_v3_validation_protocol.json'
2026-09-13T15:27:26.8691098Z adding 'embedding_optimizer_study-0.1.0.data/data/share/embedding-optimizer-study/configs/dense_retrieval_dynamics_extension.json'
2026-09-13T15:27:26.8692800Z adding 'embedding_optimizer_study-0.1.0.data/data/share/embedding-optimizer-study/configs/dense_scope_amendment.json'
2026-09-13T15:27:26.8694346Z adding 'embedding_optimizer_study-0.1.0.data/data/share/embedding-optimizer-study/configs/dense_training_queue.json'
2026-09-13T15:27:26.8696222Z adding 'embedding_optimizer_study-0.1.0.data/data/share/embedding-optimizer-study/configs/dense_weight_entry_measurement_amendment.json'
2026-09-13T15:27:26.8697957Z adding 'embedding_optimizer_study-0.1.0.data/data/share/embedding-optimizer-study/configs/experiment.yaml'
2026-09-13T15:27:26.8699423Z adding 'embedding_optimizer_study-0.1.0.data/data/share/embedding-optimizer-study/configs/formal_runtime.json'
2026-09-13T15:27:26.8700889Z adding 'embedding_optimizer_study-0.1.0.data/data/share/embedding-optimizer-study/configs/formal_runtime_constraints.txt'
2026-09-13T15:27:26.8702600Z adding 'embedding_optimizer_study-0.1.0.data/data/share/embedding-optimizer-study/configs/functional_intervention.json'
2026-09-13T15:27:26.8704052Z adding 'embedding_optimizer_study-0.1.0.data/data/share/embedding-optimizer-study/configs/hybrid_adamw.yaml'
2026-09-13T15:27:26.8705519Z adding 'embedding_optimizer_study-0.1.0.data/data/share/embedding-optimizer-study/configs/hybrid_adamw_control.json'
2026-09-13T15:27:26.8707143Z adding 'embedding_optimizer_study-0.1.0.data/data/share/embedding-optimizer-study/configs/local_global_reversal.json'
2026-09-13T15:27:26.8708574Z adding 'embedding_optimizer_study-0.1.0.data/data/share/embedding-optimizer-study/configs/loss_retrieval_diagnostic.json'
2026-09-13T15:27:26.8709948Z adding 'embedding_optimizer_study-0.1.0.data/data/share/embedding-optimizer-study/configs/mechanism_analysis_integration.json'
2026-09-13T15:27:26.8713111Z adding 'embedding_optimizer_study-0.1.0.data/data/share/embedding-optimizer-study/configs/paper_claim_protocol.json'
2026-09-13T15:27:26.8799793Z adding 'embedding_optimizer_study-0.1.0.data/data/share/embedding-optimizer-study/configs/portable_paper_evidence.json'
2026-09-13T15:27:26.8806596Z adding 'embedding_optimizer_study-0.1.0.data/data/share/embedding-optimizer-study/configs/representation_probe.json'
2026-09-13T15:27:26.8808368Z adding 'embedding_optimizer_study-0.1.0.data/data/share/embedding-optimizer-study/configs/retrieval_dynamics_protocol.json'
2026-09-13T15:27:26.8810483Z adding 'embedding_optimizer_study-0.1.0.data/data/share/embedding-optimizer-study/configs/short_branch_protocol.json'
2026-09-13T15:27:26.8811737Z adding 'embedding_optimizer_study-0.1.0.data/data/share/embedding-optimizer-study/configs/smoke.yaml'
2026-09-13T15:27:26.8814497Z adding 'embedding_optimizer_study-0.1.0.data/data/share/embedding-optimizer-study/configs/spectral_transplant_intervention.json'
2026-09-13T15:27:26.8815913Z adding 'embedding_optimizer_study-0.1.0.data/data/share/embedding-optimizer-study/configs/stress.yaml'
2026-09-13T15:27:26.8818375Z adding 'embedding_optimizer_study-0.1.0.data/data/share/embedding-optimizer-study/configs/tail_stability_analysis.json'
2026-09-13T15:27:26.8820403Z adding 'embedding_optimizer_study-0.1.0.data/data/share/embedding-optimizer-study/configs/three_regime_diagnostic.json'
2026-09-13T15:27:26.8821895Z adding 'embedding_optimizer_study-0.1.0.data/data/share/embedding-optimizer-study/configs/training_data_contract.json'
2026-09-13T15:27:26.8823956Z adding 'embedding_optimizer_study-0.1.0.data/data/share/embedding-optimizer-study/configs/validation_probe.json'
2026-09-13T15:27:26.8826093Z adding 'embedding_optimizer_study-0.1.0.data/data/share/embedding-optimizer-study/configs/generated/confirmatory/seed161803.yaml'
2026-09-13T15:27:26.8827650Z adding 'embedding_optimizer_study-0.1.0.data/data/share/embedding-optimizer-study/configs/generated/confirmatory/seed271828.yaml'
2026-09-13T15:27:26.8829311Z adding 'embedding_optimizer_study-0.1.0.data/data/share/embedding-optimizer-study/configs/generated/confirmatory/seed314159.yaml'
2026-09-13T15:27:26.8831743Z adding 'embedding_optimizer_study-0.1.0.data/data/share/embedding-optimizer-study/configs/generated/short-branch/seed161803.yaml'
2026-09-13T15:27:26.8833396Z adding 'embedding_optimizer_study-0.1.0.data/data/share/embedding-optimizer-study/configs/generated/short-branch/seed271828.yaml'
2026-09-13T15:27:26.8835114Z adding 'embedding_optimizer_study-0.1.0.data/data/share/embedding-optimizer-study/configs/generated/short-branch/seed314159.yaml'
2026-09-13T15:27:26.8838201Z adding 'embedding_optimizer_study-0.1.0.data/data/share/embedding-optimizer-study/docs/checkpoint-restoration.md'
2026-09-13T15:27:26.8846231Z adding 'embedding_optimizer_study-0.1.0.data/data/share/embedding-optimizer-study/docs/completion-gates.md'
2026-09-13T15:27:26.8849083Z adding 'embedding_optimizer_study-0.1.0.data/data/share/embedding-optimizer-study/docs/continuation-outcomes-restoration.md'
2026-09-13T15:27:26.8851517Z adding 'embedding_optimizer_study-0.1.0.data/data/share/embedding-optimizer-study/docs/continuation-probe-restoration.md'
2026-09-13T15:27:26.8853640Z adding 'embedding_optimizer_study-0.1.0.data/data/share/embedding-optimizer-study/docs/current-training-source.md'
2026-09-13T15:27:26.8856108Z adding 'embedding_optimizer_study-0.1.0.data/data/share/embedding-optimizer-study/docs/dense-eval-handoff.md'
2026-09-13T15:27:26.8862460Z adding 'embedding_optimizer_study-0.1.0.data/data/share/embedding-optimizer-study/docs/dense-no-packing-retrain.md'
2026-09-13T15:27:26.8864810Z adding 'embedding_optimizer_study-0.1.0.data/data/share/embedding-optimizer-study/docs/endpoint-statistics-restoration.md'
2026-09-13T15:27:26.8867614Z adding 'embedding_optimizer_study-0.1.0.data/data/share/embedding-optimizer-study/docs/evaluation-analysis-restoration.md'
2026-09-13T15:27:26.8870117Z adding 'embedding_optimizer_study-0.1.0.data/data/share/embedding-optimizer-study/docs/first-stage-evaluation-restoration.md'
2026-09-13T15:27:26.8872133Z adding 'embedding_optimizer_study-0.1.0.data/data/share/embedding-optimizer-study/docs/fourth-stage-evaluation-restoration.md'
2026-09-13T15:27:26.8874697Z adding 'embedding_optimizer_study-0.1.0.data/data/share/embedding-optimizer-study/docs/fourth-stage-pool-b-evaluation-restoration.md'
2026-09-13T15:27:26.8876447Z adding 'embedding_optimizer_study-0.1.0.data/data/share/embedding-optimizer-study/docs/functional-analysis-restoration.md'
2026-09-13T15:27:26.8880925Z adding 'embedding_optimizer_study-0.1.0.data/data/share/embedding-optimizer-study/docs/naacl-dense-paper-plan.md'
2026-09-13T15:27:26.8902160Z adding 'embedding_optimizer_study-0.1.0.data/data/share/embedding-optimizer-study/docs/naacl-paper-plan.md'
2026-09-13T15:27:26.8905529Z adding 'embedding_optimizer_study-0.1.0.data/data/share/embedding-optimizer-study/docs/paper-results-reproduction.md'
2026-09-13T15:27:26.8907771Z adding 'embedding_optimizer_study-0.1.0.data/data/share/embedding-optimizer-study/docs/predictor-analysis-restoration.md'
2026-09-13T15:27:26.8909980Z adding 'embedding_optimizer_study-0.1.0.data/data/share/embedding-optimizer-study/docs/pretrained-vector-restoration.md'
2026-09-13T15:27:26.8912486Z adding 'embedding_optimizer_study-0.1.0.data/data/share/embedding-optimizer-study/docs/retrieval-trajectories-restoration.md'
2026-09-13T15:27:26.8914539Z adding 'embedding_optimizer_study-0.1.0.data/data/share/embedding-optimizer-study/docs/saved-factorial-checkpoints.md'
2026-09-13T15:27:26.8916966Z adding 'embedding_optimizer_study-0.1.0.data/data/share/embedding-optimizer-study/docs/second-stage-evaluation-restoration.md'
2026-09-13T15:27:26.8919484Z adding 'embedding_optimizer_study-0.1.0.data/data/share/embedding-optimizer-study/docs/second-stage-pool-b-evaluation-restoration.md'
2026-09-13T15:27:26.8921537Z adding 'embedding_optimizer_study-0.1.0.data/data/share/embedding-optimizer-study/docs/source-version-testing.md'
2026-09-13T15:27:26.8924677Z adding 'embedding_optimizer_study-0.1.0.data/data/share/embedding-optimizer-study/docs/state-operator-factorial.md'
2026-09-13T15:27:26.8927489Z adding 'embedding_optimizer_study-0.1.0.data/data/share/embedding-optimizer-study/docs/third-stage-evaluation-restoration.md'
2026-09-13T15:27:26.8930163Z adding 'embedding_optimizer_study-0.1.0.data/data/share/embedding-optimizer-study/docs/third-stage-pool-b-evaluation-restoration.md'
2026-09-13T15:27:26.8933085Z adding 'embedding_optimizer_study-0.1.0.data/data/share/embedding-optimizer-study/docs/training-analysis-restoration.md'
2026-09-13T15:27:26.8935318Z adding 'embedding_optimizer_study-0.1.0.data/data/share/embedding-optimizer-study/docs/training-completion-evidence-restoration.md'
2026-09-13T15:27:26.8937608Z adding 'embedding_optimizer_study-0.1.0.data/data/share/embedding-optimizer-study/docs/training-restoration.md'
2026-09-13T15:27:26.8939893Z adding 'embedding_optimizer_study-0.1.0.data/data/share/embedding-optimizer-study/docs/versioned-paper-reproduction.md'
2026-09-13T15:27:26.8942666Z adding 'embedding_optimizer_study-0.1.0.data/data/share/embedding-optimizer-study/docs/weight-analysis-restoration.md'
2026-09-13T15:27:26.8944491Z adding 'embedding_optimizer_study-0.1.0.data/data/share/embedding-optimizer-study/paper/Makefile'
2026-09-13T15:27:26.8948319Z adding 'embedding_optimizer_study-0.1.0.data/data/share/embedding-optimizer-study/paper/README.md'
2026-09-13T15:27:26.8950238Z adding 'embedding_optimizer_study-0.1.0.data/data/share/embedding-optimizer-study/paper/legacy.Makefile'
2026-09-13T15:27:26.8958781Z adding 'embedding_optimizer_study-0.1.0.data/data/share/embedding-optimizer-study/paper/main.tex'
2026-09-13T15:27:26.8961684Z adding 'embedding_optimizer_study-0.1.0.data/data/share/embedding-optimizer-study/paper/references.bib'
2026-09-13T15:27:26.8963987Z adding 'embedding_optimizer_study-0.1.0.data/data/share/embedding-optimizer-study/paper/results.tex'
2026-09-13T15:27:26.8965916Z adding 'embedding_optimizer_study-0.1.0.data/data/share/embedding-optimizer-study/paper/current/README.md'
2026-09-13T15:27:26.8967722Z adding 'embedding_optimizer_study-0.1.0.data/data/share/embedding-optimizer-study/paper/current/document-snapshot.json'
2026-09-13T15:27:26.8977674Z adding 'embedding_optimizer_study-0.1.0.data/data/share/embedding-optimizer-study/paper/current/main.tex'
2026-09-13T15:27:26.8980903Z adding 'embedding_optimizer_study-0.1.0.data/data/share/embedding-optimizer-study/paper/current/references.bib'
2026-09-13T15:27:26.8982337Z adding 'embedding_optimizer_study-0.1.0.data/data/share/embedding-optimizer-study/paper/current/results.tex'
2026-09-13T15:27:26.8986846Z adding 'embedding_optimizer_study-0.1.0.data/data/share/embedding-optimizer-study/paper/current/figures/full-rate-retrieval-trajectories.pdf'
2026-09-13T15:27:26.8996218Z adding 'embedding_optimizer_study-0.1.0.data/data/share/embedding-optimizer-study/paper/current/figures/optimizer-weight-dimension-map.pdf'
2026-09-13T15:27:26.9001238Z adding 'embedding_optimizer_study-0.1.0.data/data/share/embedding-optimizer-study/paper/current/figures/weight-to-retrieval-map.pdf'
2026-09-13T15:27:26.9004274Z adding 'embedding_optimizer_study-0.1.0.data/data/share/embedding-optimizer-study/paper/current/generated/dimension-utilization.tex'
2026-09-13T15:27:26.9006676Z adding 'embedding_optimizer_study-0.1.0.data/data/share/embedding-optimizer-study/paper/current/generated/optimizer-primary.tex'
2026-09-13T15:27:26.9008653Z adding 'embedding_optimizer_study-0.1.0.data/data/share/embedding-optimizer-study/paper/current/generated/recipe-sensitivity.tex'
2026-09-13T15:27:26.9010664Z adding 'embedding_optimizer_study-0.1.0.data/data/share/embedding-optimizer-study/paper/current/generated/state-operator-factorial.tex'
2026-09-13T15:27:26.9014266Z adding 'embedding_optimizer_study-0.1.0.data/data/share/embedding-optimizer-study/paper/current/vendor/acl.sty'
2026-09-13T15:27:26.9025098Z adding 'embedding_optimizer_study-0.1.0.data/data/share/embedding-optimizer-study/paper/current/vendor/acl_natbib.bst'
2026-09-13T15:27:26.9027261Z adding 'embedding_optimizer_study-0.1.0.data/data/share/embedding-optimizer-study/paper/generated/dimension-utilization.tex'
2026-09-13T15:27:26.9028870Z adding 'embedding_optimizer_study-0.1.0.data/data/share/embedding-optimizer-study/paper/generated/optimizer-primary.tex'
2026-09-13T15:27:26.9032289Z adding 'embedding_optimizer_study-0.1.0.data/data/share/embedding-optimizer-study/paper/generated/state-operator-factorial.tex'
2026-09-13T15:27:26.9034798Z adding 'embedding_optimizer_study-0.1.0.data/data/share/embedding-optimizer-study/reports/candidate-breadth/calibration_by_width.csv'
2026-09-13T15:27:26.9041042Z adding 'embedding_optimizer_study-0.1.0.data/data/share/embedding-optimizer-study/reports/candidate-breadth/candidate_breadth_calibration.pdf'
2026-09-13T15:27:26.9057356Z adding 'embedding_optimizer_study-0.1.0.data/data/share/embedding-optimizer-study/reports/candidate-breadth/candidate_breadth_calibration.svg'
2026-09-13T15:27:26.9059628Z adding 'embedding_optimizer_study-0.1.0.data/data/share/embedding-optimizer-study/reports/candidate-breadth/data-audit.json'
2026-09-13T15:27:26.9062181Z adding 'embedding_optimizer_study-0.1.0.data/data/share/embedding-optimizer-study/reports/candidate-breadth/high_dose_contrasts.csv'
2026-09-13T15:27:26.9064285Z adding 'embedding_optimizer_study-0.1.0.data/data/share/embedding-optimizer-study/reports/candidate-breadth/packing_invariance.json'
2026-09-13T15:27:26.9065856Z adding 'embedding_optimizer_study-0.1.0.data/data/share/embedding-optimizer-study/reports/candidate-breadth/publication_manifest.json'
2026-09-13T15:27:26.9068104Z adding 'embedding_optimizer_study-0.1.0.data/data/share/embedding-optimizer-study/reports/candidate-breadth/summary.json'
2026-09-13T15:27:26.9070134Z adding 'embedding_optimizer_study-0.1.0.data/data/share/embedding-optimizer-study/reports/confirmatory-data/receipt.json'
2026-09-13T15:27:26.9071648Z adding 'embedding_optimizer_study-0.1.0.data/data/share/embedding-optimizer-study/reports/dense-discovery/best_config_dynamics.csv'
2026-09-13T15:27:26.9073050Z adding 'embedding_optimizer_study-0.1.0.data/data/share/embedding-optimizer-study/reports/dense-discovery/best_config_task_comparison.csv'
2026-09-13T15:27:26.9074475Z adding 'embedding_optimizer_study-0.1.0.data/data/share/embedding-optimizer-study/reports/dense-discovery/checkpoint_summary.csv'
2026-09-13T15:27:26.9076512Z adding 'embedding_optimizer_study-0.1.0.data/data/share/embedding-optimizer-study/reports/dense-discovery/coverage.json'
2026-09-13T15:27:26.9090236Z adding 'embedding_optimizer_study-0.1.0.data/data/share/embedding-optimizer-study/reports/dense-discovery/evaluation_long.csv'
2026-09-13T15:27:26.9092616Z adding 'embedding_optimizer_study-0.1.0.data/data/share/embedding-optimizer-study/reports/dense-discovery/optimizer_summary.csv'
2026-09-13T15:27:26.9093975Z adding 'embedding_optimizer_study-0.1.0.data/data/share/embedding-optimizer-study/reports/dense-discovery/paired_comparison.csv'
2026-09-13T15:27:26.9095898Z adding 'embedding_optimizer_study-0.1.0.data/data/share/embedding-optimizer-study/reports/dense-discovery/system_metrics.csv'
2026-09-13T15:27:26.9097222Z adding 'embedding_optimizer_study-0.1.0.data/data/share/embedding-optimizer-study/reports/dense-discovery/system_summary.csv'
2026-09-13T15:27:26.9255601Z adding 'embedding_optimizer_study-0.1.0.data/data/share/embedding-optimizer-study/reports/dense-discovery/training_history.csv'
2026-09-13T15:27:26.9282198Z adding 'embedding_optimizer_study-0.1.0.data/data/share/embedding-optimizer-study/reports/dense-discovery/figures/dense-lr-sensitivity.png'
2026-09-13T15:27:26.9332003Z adding 'embedding_optimizer_study-0.1.0.data/data/share/embedding-optimizer-study/reports/dense-discovery/figures/dense-training-dynamics-by-run.png'
2026-09-13T15:27:26.9359726Z adding 'embedding_optimizer_study-0.1.0.data/data/share/embedding-optimizer-study/reports/dense-discovery/figures/dense-training-dynamics.png'
2026-09-13T15:27:26.9362221Z adding 'embedding_optimizer_study-0.1.0.data/data/share/embedding-optimizer-study/reports/dense-retrieval-dynamics/README.md'
2026-09-13T15:27:26.9394751Z adding 'embedding_optimizer_study-0.1.0.data/data/share/embedding-optimizer-study/reports/dense-retrieval-dynamics/confirmatory-evaluation-receipt.json'
2026-09-13T15:27:26.9436140Z adding 'embedding_optimizer_study-0.1.0.data/data/share/embedding-optimizer-study/reports/dense-retrieval-dynamics/evaluation-receipt.json'
2026-09-13T15:27:26.9442447Z adding 'embedding_optimizer_study-0.1.0.data/data/share/embedding-optimizer-study/reports/dense-retrieval-dynamics/five_stage_retrieval_dynamics.csv'
2026-09-13T15:27:26.9448286Z adding 'embedding_optimizer_study-0.1.0.data/data/share/embedding-optimizer-study/reports/dense-retrieval-dynamics/five_stage_retrieval_dynamics.pdf'
2026-09-13T15:27:26.9464994Z adding 'embedding_optimizer_study-0.1.0.data/data/share/embedding-optimizer-study/reports/dense-retrieval-dynamics/five_stage_retrieval_dynamics.svg'
2026-09-13T15:27:26.9473878Z adding 'embedding_optimizer_study-0.1.0.data/data/share/embedding-optimizer-study/reports/dense-retrieval-dynamics/hybrid-evaluation-receipt.json'
2026-09-13T15:27:26.9506321Z adding 'embedding_optimizer_study-0.1.0.data/data/share/embedding-optimizer-study/reports/dense-retrieval-dynamics/summary_manifest.json'
2026-09-13T15:27:26.9510747Z adding 'embedding_optimizer_study-0.1.0.data/data/share/embedding-optimizer-study/reports/retrieval-dynamics-dense/best_config_task_comparison.csv'
2026-09-13T15:27:26.9514077Z adding 'embedding_optimizer_study-0.1.0.data/data/share/embedding-optimizer-study/reports/retrieval-dynamics-dense/best_config_task_delta_dynamics.csv'
2026-09-13T15:27:26.9516620Z adding 'embedding_optimizer_study-0.1.0.data/data/share/embedding-optimizer-study/reports/retrieval-dynamics-dense/checkpoint_dynamics.csv'
2026-09-13T15:27:26.9518214Z adding 'embedding_optimizer_study-0.1.0.data/data/share/embedding-optimizer-study/reports/retrieval-dynamics-dense/optimizer_first_passage.csv'
2026-09-13T15:27:26.9533721Z adding 'embedding_optimizer_study-0.1.0.data/data/share/embedding-optimizer-study/reports/retrieval-dynamics-dense/quality_vs_useful_wall_time.svg'
2026-09-13T15:27:26.9535966Z adding 'embedding_optimizer_study-0.1.0.data/data/share/embedding-optimizer-study/reports/retrieval-dynamics-dense/run_first_passage.csv'
2026-09-13T15:27:26.9538021Z adding 'embedding_optimizer_study-0.1.0.data/data/share/embedding-optimizer-study/reports/retrieval-dynamics-dense/summary_manifest.json'
2026-09-13T15:27:26.9539794Z adding 'embedding_optimizer_study-0.1.0.data/data/share/embedding-optimizer-study/reports/retrieval-dynamics-dense/task_delta_stability.csv'
2026-09-13T15:27:26.9541282Z adding 'embedding_optimizer_study-0.1.0.data/data/share/embedding-optimizer-study/reports/short-branch/subset-receipt.json'
2026-09-13T15:27:26.9543205Z adding 'embedding_optimizer_study-0.1.0.data/data/share/embedding-optimizer-study/reports/state-operator-factorial/abstract-compliance-runtime-migration.json'
2026-09-13T15:27:26.9545057Z adding 'embedding_optimizer_study-0.1.0.data/data/share/embedding-optimizer-study/reports/tail-stability/README.md'
2026-09-13T15:27:26.9547407Z adding 'embedding_optimizer_study-0.1.0.data/data/share/embedding-optimizer-study/reports/tail-stability/discovery_anchor_tail.csv'
2026-09-13T15:27:26.9549754Z adding 'embedding_optimizer_study-0.1.0.data/data/share/embedding-optimizer-study/reports/tail-stability/discovery_cross_tail.csv'
2026-09-13T15:27:26.9551304Z adding 'embedding_optimizer_study-0.1.0.data/data/share/embedding-optimizer-study/reports/tail-stability/discovery_cross_tail_summary.csv'
2026-09-13T15:27:26.9552772Z adding 'embedding_optimizer_study-0.1.0.data/data/share/embedding-optimizer-study/reports/tail-stability/discovery_family_contrasts.csv'
2026-09-13T15:27:26.9559301Z adding 'embedding_optimizer_study-0.1.0.data/data/share/embedding-optimizer-study/reports/tail-stability/summary_manifest.json'
2026-09-13T15:27:26.9561705Z adding 'embedding_optimizer_study-0.1.0.data/data/share/embedding-optimizer-study/reports/three-regime-diagnostic/README.md'
2026-09-13T15:27:26.9563242Z adding 'embedding_optimizer_study-0.1.0.data/data/share/embedding-optimizer-study/reports/three-regime-diagnostic/high_dose_contrasts.csv'
2026-09-13T15:27:26.9564633Z adding 'embedding_optimizer_study-0.1.0.data/data/share/embedding-optimizer-study/reports/three-regime-diagnostic/run_metrics.csv'
2026-09-13T15:27:26.9566267Z adding 'embedding_optimizer_study-0.1.0.data/data/share/embedding-optimizer-study/reports/three-regime-diagnostic/summary.json'
2026-09-13T15:27:26.9567814Z adding 'embedding_optimizer_study-0.1.0.data/data/share/embedding-optimizer-study/reports/three-regime-diagnostic/summary_manifest.json'
2026-09-13T15:27:26.9569889Z adding 'embedding_optimizer_study-0.1.0.data/data/share/embedding-optimizer-study/reports/training-dynamics/optimizer_system_summary.csv'
2026-09-13T15:27:26.9571441Z adding 'embedding_optimizer_study-0.1.0.data/data/share/embedding-optimizer-study/reports/training-dynamics/plot_manifest.json'
2026-09-13T15:27:26.9574070Z adding 'embedding_optimizer_study-0.1.0.data/data/share/embedding-optimizer-study/reports/training-dynamics/run_summary.csv'
2026-09-13T15:27:26.9578352Z adding 'embedding_optimizer_study-0.1.0.data/data/share/embedding-optimizer-study/reports/training-dynamics/stage_dynamics.csv'
2026-09-13T15:27:26.9581680Z adding 'embedding_optimizer_study-0.1.0.data/data/share/embedding-optimizer-study/reports/training-dynamics/summary_manifest.json'
2026-09-13T15:27:26.9591347Z adding 'embedding_optimizer_study-0.1.0.data/data/share/embedding-optimizer-study/reports/training-dynamics/system_tradeoffs.svg'
2026-09-13T15:27:26.9610067Z adding 'embedding_optimizer_study-0.1.0.data/data/share/embedding-optimizer-study/reports/training-dynamics/training_loss_dynamics.svg'
2026-09-13T15:27:26.9615872Z adding 'embedding_optimizer_study-0.1.0.data/data/share/embedding-optimizer-study/reports/wandb/dense_source_provenance_audit.json'
2026-09-13T15:27:26.9618451Z adding 'embedding_optimizer_study-0.1.0.data/data/share/embedding-optimizer-study/reports/weight-space/README.md'
2026-09-13T15:27:26.9626631Z adding 'embedding_optimizer_study-0.1.0.data/data/share/embedding-optimizer-study/reports/weight-space/checkpoint_trajectory.csv'
2026-09-13T15:27:26.9651261Z adding 'embedding_optimizer_study-0.1.0.data/data/share/embedding-optimizer-study/reports/weight-space/optimizer_geometry_phase.svg'
2026-09-13T15:27:26.9655549Z adding 'embedding_optimizer_study-0.1.0.data/data/share/embedding-optimizer-study/reports/weight-space/optimizer_pair_contrast_trajectory.csv'
2026-09-13T15:27:26.9675005Z adding 'embedding_optimizer_study-0.1.0.data/data/share/embedding-optimizer-study/reports/weight-space/optimizer_pair_contrast_trajectory.svg'
2026-09-13T15:27:26.9677366Z adding 'embedding_optimizer_study-0.1.0.data/data/share/embedding-optimizer-study/reports/weight-space/optimizer_pair_contrasts.csv'
2026-09-13T15:27:26.9679137Z adding 'embedding_optimizer_study-0.1.0.data/data/share/embedding-optimizer-study/reports/weight-space/run_trajectory_summary.csv'
2026-09-13T15:27:26.9681389Z adding 'embedding_optimizer_study-0.1.0.data/data/share/embedding-optimizer-study/reports/weight-space/summary_manifest.json'
2026-09-13T15:27:26.9684674Z adding 'embedding_optimizer_study-0.1.0.data/data/share/embedding-optimizer-study/scripts/restore_factorial_probes.py'
2026-09-13T15:27:26.9687045Z adding 'embedding_optimizer_study-0.1.0.data/data/share/embedding-optimizer-study/scripts/restore_functional_analysis.py'
2026-09-13T15:27:26.9690942Z adding 'embedding_optimizer_study-0.1.0.data/data/share/embedding-optimizer-study/scripts/restore_primary_v3.py'
2026-09-13T15:27:26.9692814Z adding 'embedding_optimizer_study-0.1.0.data/data/share/embedding-optimizer-study/scripts/eval/dense_no_packing_parallel.py'
2026-09-13T15:27:26.9696107Z adding 'embedding_optimizer_study-0.1.0.data/data/share/embedding-optimizer-study/scripts/eval/dense_parallel.py'
2026-09-13T15:27:26.9703611Z adding 'embedding_optimizer_study-0.1.0.data/data/share/embedding-optimizer-study/scripts/eval/dense_sequential.py'
2026-09-13T15:27:26.9708106Z adding 'embedding_optimizer_study-0.1.0.dist-info/licenses/LICENSE'
2026-09-13T15:27:26.9713493Z adding 'embedding_optimizer_study-0.1.0.dist-info/METADATA'
2026-09-13T15:27:26.9714680Z adding 'embedding_optimizer_study-0.1.0.dist-info/WHEEL'
2026-09-13T15:27:26.9716580Z adding 'embedding_optimizer_study-0.1.0.dist-info/entry_points.txt'
2026-09-13T15:27:26.9717648Z adding 'embedding_optimizer_study-0.1.0.dist-info/top_level.txt'
2026-09-13T15:27:26.9735004Z adding 'embedding_optimizer_study-0.1.0.dist-info/RECORD'
2026-09-13T15:27:26.9742364Z removing build/bdist.linux-x86_64/wheel
2026-09-13T15:27:27.1014259Z Successfully built dist/embedding_optimizer_study-0.1.0.tar.gz
2026-09-13T15:27:27.1014824Z Successfully built dist/embedding_optimizer_study-0.1.0-py3-none-any.whl
2026-09-13T15:27:27.1064459Z ##[group]Run uv run --no-sync embed-optim-audit-distribution
2026-09-13T15:27:27.1065051Z [36;1muv run --no-sync embed-optim-audit-distribution[0m
2026-09-13T15:27:27.1096258Z shell: /usr/bin/bash -e {0}
2026-09-13T15:27:27.1096580Z env:
2026-09-13T15:27:27.1096919Z   UV_PYTHON_INSTALL_DIR: /home/runner/work/_temp/uv-python-dir
2026-09-13T15:27:27.1097340Z   UV_PYTHON: 3.12
2026-09-13T15:27:27.1097663Z   UV_CACHE_DIR: /home/runner/work/_temp/setup-uv-cache
2026-09-13T15:27:27.1098040Z ##[endgroup]
2026-09-13T15:27:28.0518095Z {
2026-09-13T15:27:28.0518527Z   "complete": true,
2026-09-13T15:27:28.0518988Z   "declared_console_scripts": 105,
2026-09-13T15:27:28.0519494Z   "declared_data_files": 220,
2026-09-13T15:27:28.0520147Z   "package_modules": 211,
2026-09-13T15:27:28.0520580Z   "problems": [],
2026-09-13T15:27:28.0521018Z   "project": "embedding-optimizer-study",
2026-09-13T15:27:28.0521658Z   "repository_only_provenance_config_references": [
2026-09-13T15:27:28.0522575Z     "configs/dense_no_packing_state_operator_handoff_repairs_amendment.json",
2026-09-13T15:27:28.0523373Z     "configs/dense_no_packing_state_operator_main_recovery_amendment.json",
2026-09-13T15:27:28.0523959Z     "configs/dense_no_packing_state_operator_parent_publication_amendment.json",
2026-09-13T15:27:28.0524467Z     "configs/generated/confirmatory/manifest.json",
2026-09-13T15:27:28.0524853Z     "configs/generated/short-branch/manifest.json"
2026-09-13T15:27:28.0525184Z   ],
2026-09-13T15:27:28.0525401Z   "runtime_config_references": 64,
2026-09-13T15:27:28.0525690Z   "schema_version": 1,
2026-09-13T15:27:28.0525930Z   "sdist": {
2026-09-13T15:27:28.0526149Z     "bytes": 3431880,
2026-09-13T15:27:28.0526739Z     "path": "/home/runner/work/embedding-optimizer-study/embedding-optimizer-study/dist/embedding_optimizer_study-0.1.0.tar.gz",
2026-09-13T15:27:28.0527530Z     "sha256": "b083d1036ec8236f26b8760329ccc4284ae9c46615b7dd2ba5d3e2a411b2411d"
2026-09-13T15:27:28.0527948Z   },
2026-09-13T15:27:28.0528197Z   "transitive_executable_config_references": 50,
2026-09-13T15:27:28.0528527Z   "version": "0.1.0",
2026-09-13T15:27:28.0528754Z   "wheel": {
2026-09-13T15:27:28.0528970Z     "bytes": 3343455,
2026-09-13T15:27:28.0529746Z     "path": "/home/runner/work/embedding-optimizer-study/embedding-optimizer-study/dist/embedding_optimizer_study-0.1.0-py3-none-any.whl",
2026-09-13T15:27:28.0530559Z     "sha256": "b0b0f85ae9b67a40a6e87a1e42401df81ecfe3770b98be2db99babd6cdf1ddad"
2026-09-13T15:27:28.0530988Z   }
2026-09-13T15:27:28.0531178Z }
2026-09-13T15:27:28.0635424Z ##[group]Run uv run --no-sync python scripts/portable_evidence.py --audit-only
2026-09-13T15:27:28.0635885Z [36;1muv run --no-sync python scripts/portable_evidence.py --audit-only[0m
2026-09-13T15:27:28.0657718Z shell: /usr/bin/bash -e {0}
2026-09-13T15:27:28.0657947Z env:
2026-09-13T15:27:28.0658195Z   UV_PYTHON_INSTALL_DIR: /home/runner/work/_temp/uv-python-dir
2026-09-13T15:27:28.0658595Z   UV_PYTHON: 3.12
2026-09-13T15:27:28.0658816Z   UV_CACHE_DIR: /home/runner/work/_temp/setup-uv-cache
2026-09-13T15:27:28.0659067Z ##[endgroup]
2026-09-13T15:27:29.2318010Z {
2026-09-13T15:27:29.2318374Z   "bytes": 107442256,
2026-09-13T15:27:29.2318696Z   "complete": true,
2026-09-13T15:27:29.2318976Z   "files": 2785,
2026-09-13T15:27:29.2319323Z   "manifest": "configs/portable_paper_evidence.json"
2026-09-13T15:27:29.2319831Z }
2026-09-13T15:27:29.2402824Z ##[group]Run uv run --no-sync python scripts/test_source_roles.py --output "$RUNNER_TEMP/source-role-tests"
2026-09-13T15:27:29.2403424Z [36;1muv run --no-sync python scripts/test_source_roles.py --output "$RUNNER_TEMP/source-role-tests"[0m
2026-09-13T15:27:29.2425255Z shell: /usr/bin/bash -e {0}
2026-09-13T15:27:29.2425482Z env:
2026-09-13T15:27:29.2425724Z   UV_PYTHON_INSTALL_DIR: /home/runner/work/_temp/uv-python-dir
2026-09-13T15:27:29.2426010Z   UV_PYTHON: 3.12
2026-09-13T15:27:29.2426241Z   UV_CACHE_DIR: /home/runner/work/_temp/setup-uv-cache
2026-09-13T15:27:29.2426487Z ##[endgroup]
2026-09-13T15:28:22.5868860Z {"role": "original-factorial", "cwd": "/home/runner/work/_temp/source-role-tests/original-factorial", "exit_code": 0, "cases": 194, "failure": 0, "error": 0, "skipped": 0, "complete": true}
2026-09-13T15:33:48.9231141Z {"role": "current", "cwd": "/home/runner/work/embedding-optimizer-study/embedding-optimizer-study", "exit_code": 1, "cases": 2873, "failure": 1, "error": 0, "skipped": 0, "complete": false}
2026-09-13T15:41:11.1350480Z {"role": "original-analysis", "cwd": "/home/runner/work/_temp/source-role-tests/original-analysis", "exit_code": 0, "cases": 733, "failure": 0, "error": 0, "skipped": 0, "complete": true}
2026-09-13T15:41:11.1466758Z {"complete": false, "cases": 3800, "test_modules": 211, "roles": [{"role": "current", "cwd": "/home/runner/work/embedding-optimizer-study/embedding-optimizer-study", "exit_code": 1, "cases": 2873, "failure": 1, "error": 0, "skipped": 0, "complete": false}, {"role": "original-analysis", "cwd": "/home/runner/work/_temp/source-role-tests/original-analysis", "exit_code": 0, "cases": 733, "failure": 0, "error": 0, "skipped": 0, "complete": true}, {"role": "original-factorial", "cwd": "/home/runner/work/_temp/source-role-tests/original-factorial", "exit_code": 0, "cases": 194, "failure": 0, "error": 0, "skipped": 0, "complete": true}], "role_file_sha256": "16fef314c00a848ce5e6e1592f8955ecb7a83f5c4d70c32a67c7d82d4fc7caf3", "fresh_training_worker_admission": false, "remote_publication": false}
2026-09-13T15:41:11.4363871Z ##[error]Process completed with exit code 1.
2026-09-13T15:41:11.6531459Z Node 20 is being deprecated. This workflow is running with Node 24 by default. If you need to temporarily use Node 20, you can set the ACTIONS_ALLOW_USE_UNSECURE_NODE_VERSION=true environment variable. For more information see: https://github.blog/changelog/2025-09-19-deprecation-of-node-20-on-github-actions-runners/
2026-09-13T15:41:11.6535525Z ##[group]Run actions/upload-artifact@v4
2026-09-13T15:41:11.6537499Z with:
2026-09-13T15:41:11.6539685Z   name: verification-receipts
2026-09-13T15:41:11.6540561Z   path: /home/runner/work/_temp/source-role-tests/*.json
/home/runner/work/_temp/source-role-tests/*.xml
/home/runner/work/_temp/source-role-tests/*.log
/home/runner/work/_temp/complete-paper/complete.json
/home/runner/work/_temp/complete-paper/reviewed/paper/build/main.pdf

2026-09-13T15:41:11.6542913Z   if-no-files-found: warn
2026-09-13T15:41:11.6545019Z   compression-level: 6
2026-09-13T15:41:11.6546797Z   overwrite: false
2026-09-13T15:41:11.6548773Z   include-hidden-files: false
2026-09-13T15:41:11.6550942Z env:
2026-09-13T15:41:11.6553196Z   UV_PYTHON_INSTALL_DIR: /home/runner/work/_temp/uv-python-dir
2026-09-13T15:41:11.6553542Z   UV_PYTHON: 3.12
2026-09-13T15:41:11.6555575Z   UV_CACHE_DIR: /home/runner/work/_temp/setup-uv-cache
2026-09-13T15:41:11.6557760Z ##[endgroup]
2026-09-13T15:41:12.1323411Z (node:5897) [DEP0040] DeprecationWarning: The `punycode` module is deprecated. Please use a userland alternative instead.
2026-09-13T15:41:12.1330865Z (Use `node --trace-deprecation ...` to show where the warning was created)
2026-09-13T15:41:12.1419460Z Multiple search paths detected. Calculating the least common ancestor of all paths
2026-09-13T15:41:12.1425873Z The least common ancestor is /home/runner/work/_temp. This will be the root directory of the artifact
2026-09-13T15:41:12.1428472Z With the provided path, there will be 11 files uploaded
2026-09-13T15:41:12.1440523Z Artifact name is valid!
2026-09-13T15:41:12.1441238Z Root directory input is valid!
2026-09-13T15:41:12.5794046Z Beginning upload of artifact content to blob storage
2026-09-13T15:41:12.8075329Z (node:5897) [DEP0169] DeprecationWarning: `url.parse()` behavior is not standardized and prone to errors that have security implications. Use the WHATWG URL API instead. CVEs are not issued for `url.parse()` vulnerabilities.
2026-09-13T15:41:13.2938940Z Uploaded bytes 776430
2026-09-13T15:41:13.3503737Z Finished uploading artifact content to blob storage!
2026-09-13T15:41:13.3505375Z SHA256 digest of uploaded artifact zip is f01ef820e5a450ee59e4169634ccb7ae643027788888e4a2cd7c8dbdf371224c
2026-09-13T15:41:13.3506404Z Finalizing artifact upload
2026-09-13T15:41:13.5782242Z Artifact verification-receipts.zip successfully finalized. Artifact ID 10320587578
2026-09-13T15:41:13.5783357Z Artifact verification-receipts has been successfully uploaded! Final size is 776430 bytes. Artifact ID is 10320587578
2026-09-13T15:41:13.5788409Z Artifact download URL: https://github.com/qcznlp/embedding-optimizer-study/actions/runs/34765504737/artifacts/10320587578
2026-09-13T15:41:13.9129912Z Post job cleanup.
2026-09-13T15:41:13.9946805Z [command]/usr/bin/git version
2026-09-13T15:41:14.0035444Z git version 2.55.0
2026-09-13T15:41:14.0080502Z Temporarily overriding HOME='/home/runner/work/_temp/a8c32a35-31db-4fb5-933a-4c2d0a3841e7' before making global git config changes
2026-09-13T15:41:14.0081622Z Adding repository directory to the temporary git global config as a safe directory
2026-09-13T15:41:14.0086099Z [command]/usr/bin/git config --global --add safe.directory /home/runner/work/embedding-optimizer-study/embedding-optimizer-study
2026-09-13T15:41:14.0148150Z Removing SSH command configuration
2026-09-13T15:41:14.0154736Z [command]/usr/bin/git config --local --name-only --get-regexp core\.sshCommand
2026-09-13T15:41:14.0186060Z [command]/usr/bin/git submodule foreach --recursive sh -c "git config --local --name-only --get-regexp 'core\.sshCommand' && git config --local --unset-all 'core.sshCommand' || :"
2026-09-13T15:41:14.0587843Z Removing HTTP extra header
2026-09-13T15:41:14.0593198Z [command]/usr/bin/git config --local --name-only --get-regexp http\.https\:\/\/github\.com\/\.extraheader
2026-09-13T15:41:14.0622995Z [command]/usr/bin/git submodule foreach --recursive sh -c "git config --local --name-only --get-regexp 'http\.https\:\/\/github\.com\/\.extraheader' && git config --local --unset-all 'http.https://github.com/.extraheader' || :"
2026-09-13T15:41:14.0812875Z Removing includeIf entries pointing to credentials config files
2026-09-13T15:41:14.0818446Z [command]/usr/bin/git config --local --name-only --get-regexp ^includeIf\.gitdir:
2026-09-13T15:41:14.0840121Z includeif.gitdir:/home/runner/work/embedding-optimizer-study/embedding-optimizer-study/.git.path
2026-09-13T15:41:14.0841475Z includeif.gitdir:/home/runner/work/embedding-optimizer-study/embedding-optimizer-study/.git/worktrees/*.path
2026-09-13T15:41:14.0842441Z includeif.gitdir:/github/workspace/.git.path
2026-09-13T15:41:14.0843094Z includeif.gitdir:/github/workspace/.git/worktrees/*.path
2026-09-13T15:41:14.0848461Z [command]/usr/bin/git config --local --get-all includeif.gitdir:/home/runner/work/embedding-optimizer-study/embedding-optimizer-study/.git.path
2026-09-13T15:41:14.0866325Z /home/runner/work/_temp/git-credentials-438ded8a-5994-4d0a-a538-236ed8279ed3.config
2026-09-13T15:41:14.0901483Z [command]/usr/bin/git config --local --unset includeif.gitdir:/home/runner/work/embedding-optimizer-study/embedding-optimizer-study/.git.path \/home\/runner\/work\/_temp\/git\-credentials\-438ded8a\-5994\-4d0a\-a538\-236ed8279ed3\.config
2026-09-13T15:41:14.0908383Z [command]/usr/bin/git config --local --get-all includeif.gitdir:/home/runner/work/embedding-optimizer-study/embedding-optimizer-study/.git/worktrees/*.path
2026-09-13T15:41:14.0930848Z /home/runner/work/_temp/git-credentials-438ded8a-5994-4d0a-a538-236ed8279ed3.config
2026-09-13T15:41:14.0941861Z [command]/usr/bin/git config --local --unset includeif.gitdir:/home/runner/work/embedding-optimizer-study/embedding-optimizer-study/.git/worktrees/*.path \/home\/runner\/work\/_temp\/git\-credentials\-438ded8a\-5994\-4d0a\-a538\-236ed8279ed3\.config
2026-09-13T15:41:14.0970739Z [command]/usr/bin/git config --local --get-all includeif.gitdir:/github/workspace/.git.path
2026-09-13T15:41:14.0987921Z /github/runner_temp/git-credentials-438ded8a-5994-4d0a-a538-236ed8279ed3.config
2026-09-13T15:41:14.0992712Z [command]/usr/bin/git config --local --unset includeif.gitdir:/github/workspace/.git.path \/github\/runner_temp\/git\-credentials\-438ded8a\-5994\-4d0a\-a538\-236ed8279ed3\.config
2026-09-13T15:41:14.1016531Z [command]/usr/bin/git config --local --get-all includeif.gitdir:/github/workspace/.git/worktrees/*.path
2026-09-13T15:41:14.1035544Z /github/runner_temp/git-credentials-438ded8a-5994-4d0a-a538-236ed8279ed3.config
2026-09-13T15:41:14.1043623Z [command]/usr/bin/git config --local --unset includeif.gitdir:/github/workspace/.git/worktrees/*.path \/github\/runner_temp\/git\-credentials\-438ded8a\-5994\-4d0a\-a538\-236ed8279ed3\.config
2026-09-13T15:41:14.1070636Z [command]/usr/bin/git submodule foreach --recursive git config --local --show-origin --name-only --get-regexp remote.origin.url
2026-09-13T15:41:14.1244832Z Removing credentials config '/home/runner/work/_temp/git-credentials-438ded8a-5994-4d0a-a538-236ed8279ed3.config'
2026-09-13T15:41:14.1404509Z Cleaning up orphan processes
2026-09-13T15:41:14.1930463Z ##[warning]Node.js 20 is deprecated. The following actions target Node.js 20 but are being forced to run on Node.js 24: actions/upload-artifact@v4. For more information see: https://github.blog/changelog/2025-09-19-deprecation-of-node-20-on-github-actions-runners/
