draw,learning_rate,margin,optimizer,relative_margin,relative_shortlist_ndcg,removed_fraction,run_id,shortlist_ndcg,step,task
0,1e-06,0.20913989421641205,adamw,0.9919672366898307,1.0,0.1,verified-v3-adamw-1e-6,1.0,1563,ArguAna
0,1e-06,0.007053680566092962,adamw,1.0919742075071677,1.0269763122072992,0.1,verified-v3-adamw-1e-6,0.7738744181197537,1563,ClimateFEVER
0,1e-06,0.26527690647995344,adamw,0.9913091386474254,0.9769331095982161,0.1,verified-v3-adamw-1e-6,0.9769331095982161,1563,DBPedia
0,1e-06,0.3485209005135129,adamw,0.9924082183788207,1.0,0.1,verified-v3-adamw-1e-6,1.0,1563,FEVER
0,1e-06,0.20651168102766138,adamw,1.0103406856722308,1.0,0.1,verified-v3-adamw-1e-6,0.9769331095982161,1563,FiQA2018
0,1e-06,0.26114108584557905,adamw,0.976861323122339,1.0,0.1,verified-v3-adamw-1e-6,1.0,1563,HotpotQA
0,1e-06,0.3465512467181241,adamw,0.9994668239186671,1.0,0.1,verified-v3-adamw-1e-6,1.0,1563,MSMARCO
0,1e-06,0.006976055942842814,adamw,1.4091261583357808,1.0118780978160828,0.1,verified-v3-adamw-1e-6,0.6971073569752838,1563,NFCorpus
0,1e-06,0.3589485646019188,adamw,1.00222951747386,1.0,0.1,verified-v3-adamw-1e-6,1.0,1563,NQ
0,1e-06,0.46100364830888296,adamw,0.9855365093407319,1.0,0.1,verified-v3-adamw-1e-6,1.0,1563,QuoraRetrieval
0,1e-06,0.10005344547828263,adamw,1.0059535837971874,0.9896052742827961,0.1,verified-v3-adamw-1e-6,0.8555909140437343,1563,SCIDOCS
0,1e-06,0.2643660228500396,adamw,1.0047801632293196,1.0,0.1,verified-v3-adamw-1e-6,0.9769331095982161,1563,SciFact
0,1e-06,0.05806494038706475,adamw,1.0203453361642032,0.9648091880141458,0.1,verified-v3-adamw-1e-6,0.8567658835937564,1563,TRECCOVID
0,1e-06,0.26309733630352006,adamw,1.00627915311155,1.0,0.1,verified-v3-adamw-1e-6,1.0,1563,Touche2020
1,1e-06,0.21237670917448281,adamw,1.007319708783516,1.0,0.1,verified-v3-adamw-1e-6,1.0,1563,ArguAna
1,1e-06,0.007891911704008348,adamw,1.2217400473345281,1.0421106330281669,0.1,verified-v3-adamw-1e-6,0.7852788327880078,1563,ClimateFEVER
1,1e-06,0.26235608210425454,adamw,0.9803943555461181,0.9769331095982161,0.1,verified-v3-adamw-1e-6,0.9769331095982161,1563,DBPedia
1,1e-06,0.3491489233997474,adamw,0.994196504454952,1.0,0.1,verified-v3-adamw-1e-6,1.0,1563,FEVER
1,1e-06,0.20898294088220148,adamw,1.0224311125356675,1.0,0.1,verified-v3-adamw-1e-6,0.9769331095982161,1563,FiQA2018
1,1e-06,0.26745584177251375,adamw,1.000483193307974,1.0,0.1,verified-v3-adamw-1e-6,1.0,1563,HotpotQA
1,1e-06,0.3430824227920764,adamw,0.9894626053076174,1.0,0.1,verified-v3-adamw-1e-6,1.0,1563,MSMARCO
1,1e-06,0.0064361973477150055,adamw,1.3000775964506828,0.9802117528817463,0.1,verified-v3-adamw-1e-6,0.6752916441242134,1563,NFCorpus
1,1e-06,0.36241669809527977,adamw,1.0119129821826294,1.0,0.1,verified-v3-adamw-1e-6,1.0,1563,NQ
1,1e-06,0.46648736213735487,adamw,0.9972596273779988,1.0,0.1,verified-v3-adamw-1e-6,1.0,1563,QuoraRetrieval
1,1e-06,0.0962354845684718,adamw,0.9675671849914068,1.0216685782463035,0.1,verified-v3-adamw-1e-6,0.8833121401308539,1563,SCIDOCS
1,1e-06,0.2635874376249885,adamw,1.0018209819355928,1.0,0.1,verified-v3-adamw-1e-6,0.9769331095982161,1563,SciFact
1,1e-06,0.05629157204024912,adamw,0.9891828462018842,0.9740242366967207,0.1,verified-v3-adamw-1e-6,0.8649489931919725,1563,TRECCOVID
1,1e-06,0.26040287886503766,adamw,0.9959735514380947,1.0,0.1,verified-v3-adamw-1e-6,1.0,1563,Touche2020
2,1e-06,0.21260793316295423,adamw,1.0084164226446364,1.0,0.1,verified-v3-adamw-1e-6,1.0,1563,ArguAna
2,1e-06,0.005756004189917497,adamw,0.8910820464293561,1.003852581377133,0.1,verified-v3-adamw-1e-6,0.7564496114048929,1563,ClimateFEVER
2,1e-06,0.26666796570481144,adamw,0.9965073661912383,0.9769331095982161,0.1,verified-v3-adamw-1e-6,0.9769331095982161,1563,DBPedia
2,1e-06,0.3512444123530313,adamw,1.0001633789112525,1.0,0.1,verified-v3-adamw-1e-6,1.0,1563,FEVER
2,1e-06,0.20444108664660066,adamw,1.0002104802702916,0.9763884649059846,0.1,verified-v3-adamw-1e-6,0.9538662191964322,1563,FiQA2018
2,1e-06,0.2669702066205273,adamw,0.9986665576928311,1.0,0.1,verified-v3-adamw-1e-6,1.0,1563,HotpotQA
2,1e-06,0.3488601637977097,adamw,1.006125827578527,1.0,0.1,verified-v3-adamw-1e-6,1.0,1563,MSMARCO
2,1e-06,0.004843288265720714,adamw,0.9783184429003616,0.990197044503789,0.1,verified-v3-adamw-1e-6,0.6821707536397696,1563,NFCorpus
2,1e-06,0.3588810462730499,adamw,1.0020409978116127,1.0,0.1,verified-v3-adamw-1e-6,1.0,1563,NQ
2,1e-06,0.4612522036141015,adamw,0.9860678724411799,1.0,0.1,verified-v3-adamw-1e-6,1.0,1563,QuoraRetrieval
2,1e-06,0.10267083033166592,adamw,1.0322691960267423,1.0031680016595208,0.1,verified-v3-adamw-1e-6,0.8673169492769113,1563,SCIDOCS
2,1e-06,0.2633582041058343,adamw,1.000949730439995,1.0,0.1,verified-v3-adamw-1e-6,0.9769331095982161,1563,SciFact
2,1e-06,0.05983460046974048,adamw,1.0514426627078532,0.9752818476864089,0.1,verified-v3-adamw-1e-6,0.8660657717261977,1563,TRECCOVID
2,1e-06,0.25897735559831925,adamw,0.9905212942403276,1.0,0.1,verified-v3-adamw-1e-6,1.0,1563,Touche2020
3,1e-06,0.20950998538506563,adamw,0.9937226086874502,1.0,0.1,verified-v3-adamw-1e-6,1.0,1563,ArguAna
3,1e-06,0.0029519680721404873,adamw,0.4569916323766209,1.0301842944931214,0.1,verified-v3-adamw-1e-6,0.7762917819822591,1563,ClimateFEVER
3,1e-06,0.2698859586793707,adamw,1.008532633999557,1.0,0.1,verified-v3-adamw-1e-6,1.0,1563,DBPedia
3,1e-06,0.34343013851254844,adamw,0.9779123472843642,1.0,0.1,verified-v3-adamw-1e-6,1.0,1563,FEVER
3,1e-06,0.202924914507196,adamw,0.9927927381295065,1.0,0.1,verified-v3-adamw-1e-6,0.9769331095982161,1563,FiQA2018
3,1e-06,0.26523860192710313,adamw,0.9921890719825073,1.0,0.1,verified-v3-adamw-1e-6,1.0,1563,HotpotQA
3,1e-06,0.3473226303694059,adamw,1.0016915233686636,1.0,0.1,verified-v3-adamw-1e-6,1.0,1563,MSMARCO
3,1e-06,0.00523493264558671,adamw,1.057428522428978,1.0497618278390617,0.1,verified-v3-adamw-1e-6,0.7232063771692004,1563,NFCorpus
3,1e-06,0.3572269423846024,adamw,0.9974225318099199,1.0,0.1,verified-v3-adamw-1e-6,1.0,1563,NQ
3,1e-06,0.46379349488852545,adamw,0.9915006609689958,1.0,0.1,verified-v3-adamw-1e-6,1.0,1563,QuoraRetrieval
3,1e-06,0.09505392735627033,adamw,0.955687616962603,0.9981566373909816,0.1,verified-v3-adamw-1e-6,0.8629842341564983,1563,SCIDOCS
3,1e-06,0.2622750187352868,adamw,0.996832850510823,1.0,0.1,verified-v3-adamw-1e-6,0.9769331095982161,1563,SciFact
3,1e-06,0.056317623348074566,adamw,0.9896406324368046,1.0012576109896882,0.1,verified-v3-adamw-1e-6,0.8891326621279816,1563,TRECCOVID
3,1e-06,0.2636353182800241,adamw,1.008336794801549,1.0,0.1,verified-v3-adamw-1e-6,1.0,1563,Touche2020
4,1e-06,0.21129064957400684,adamw,1.0021684412800056,1.0,0.1,verified-v3-adamw-1e-6,1.0,1563,ArguAna
4,1e-06,0.00805633924252318,adamw,1.2471949328201548,1.032726076887488,0.1,verified-v3-adamw-1e-6,0.7782071332401665,1563,ClimateFEVER
4,1e-06,0.2710916394001567,adamw,1.0130381234998143,0.9769331095982161,0.1,verified-v3-adamw-1e-6,0.9769331095982161,1563,DBPedia
4,1e-06,0.34745242907439844,adamw,0.9893657614251116,1.0,0.1,verified-v3-adamw-1e-6,1.0,1563,FEVER
4,1e-06,0.20404692377027703,adamw,0.9982820722076116,1.0,0.1,verified-v3-adamw-1e-6,0.9769331095982161,1563,FiQA2018
4,1e-06,0.26245787762606043,adamw,0.9817871009132697,1.0,0.1,verified-v3-adamw-1e-6,1.0,1563,HotpotQA
4,1e-06,0.34599697255107986,adamw,0.997868276383311,1.0,0.1,verified-v3-adamw-1e-6,1.0,1563,MSMARCO
4,1e-06,0.004370620628919301,adamw,0.8828420968571552,0.966517522805147,0.1,verified-v3-adamw-1e-6,0.6658573569752838,1563,NFCorpus
4,1e-06,0.35370078217816137,adamw,0.9875770492234212,1.0,0.1,verified-v3-adamw-1e-6,1.0,1563,NQ
4,1e-06,0.47080171215500793,adamw,1.0064828720791406,1.0,0.1,verified-v3-adamw-1e-6,1.0,1563,QuoraRetrieval
4,1e-06,0.0974579819867809,adamw,0.9798583724987655,1.0,0.1,verified-v3-adamw-1e-6,0.864577964849483,1563,SCIDOCS
4,1e-06,0.260830309405914,adamw,0.9913419207001887,1.0,0.1,verified-v3-adamw-1e-6,0.9769331095982161,1563,SciFact
4,1e-06,0.05096650916408137,adamw,0.8956082548174881,1.0,0.1,verified-v3-adamw-1e-6,0.8880158835937564,1563,TRECCOVID
4,1e-06,0.2623523586315969,adamw,1.0034298065110774,1.0,0.1,verified-v3-adamw-1e-6,1.0,1563,Touche2020
5,1e-06,0.21758281467468232,adamw,1.0320126833415157,1.0,0.1,verified-v3-adamw-1e-6,1.0,1563,ArguAna
5,1e-06,-0.0009473287844439064,adamw,-0.14665515243410723,0.9693888963322106,0.1,verified-v3-adamw-1e-6,0.730479621743614,1563,ClimateFEVER
5,1e-06,0.27140583028199905,adamw,1.0142122185108837,1.0,0.1,verified-v3-adamw-1e-6,1.0,1563,DBPedia
5,1e-06,0.3459356373834218,adamw,0.9850467190449387,1.0,0.1,verified-v3-adamw-1e-6,1.0,1563,FEVER
5,1e-06,0.19940287493089162,adamw,0.9755614616090686,1.0,0.1,verified-v3-adamw-1e-6,0.9769331095982161,1563,FiQA2018
5,1e-06,0.2646691479762489,adamw,0.9900588918996319,1.0,0.1,verified-v3-adamw-1e-6,1.0,1563,HotpotQA
5,1e-06,0.3419781808712944,adamw,0.9862779300947778,1.0,0.1,verified-v3-adamw-1e-6,1.0,1563,MSMARCO
5,1e-06,0.002721506800043766,adamw,0.549729883683759,1.0292685171396687,0.1,verified-v3-adamw-1e-6,0.7090880385193568,1563,NFCorpus
5,1e-06,0.35889092576910975,adamw,1.0020685826066096,1.0,0.1,verified-v3-adamw-1e-6,1.0,1563,NQ
5,1e-06,0.4709397625011451,adamw,1.0067779969805257,1.0,0.1,verified-v3-adamw-1e-6,1.0,1563,QuoraRetrieval
5,1e-06,0.09219173204063971,adamw,0.9269106406023926,0.9949886357314608,0.1,verified-v3-adamw-1e-6,0.86024524972907,1563,SCIDOCS
5,1e-06,0.2647968104134011,adamw,1.006417464398226,1.0236115350940154,0.1,verified-v3-adamw-1e-6,1.0,1563,SciFact
5,1e-06,0.05845098881760953,adamw,1.027129166699705,1.0,0.1,verified-v3-adamw-1e-6,0.8880158835937564,1563,TRECCOVID
5,1e-06,0.26436326926842624,adamw,1.0111210187485027,1.0,0.1,verified-v3-adamw-1e-6,1.0,1563,Touche2020
6,1e-06,0.21158373220401416,adamw,1.003558555622845,1.0,0.1,verified-v3-adamw-1e-6,1.0,1563,ArguAna
6,1e-06,0.008170944243430293,adamw,1.264936834210399,1.0669719720157675,0.1,verified-v3-adamw-1e-6,0.8040130080693787,1563,ClimateFEVER
6,1e-06,0.266821746398111,adamw,0.9970820268680315,0.9769331095982161,0.1,verified-v3-adamw-1e-6,0.9769331095982161,1563,DBPedia
6,1e-06,0.353307977280527,adamw,1.0060393501663125,1.0,0.1,verified-v3-adamw-1e-6,1.0,1563,FEVER
6,1e-06,0.20259445097427273,adamw,0.9911759736405349,1.0,0.1,verified-v3-adamw-1e-6,0.9769331095982161,1563,FiQA2018
6,1e-06,0.2714798070395117,adamw,1.0155358075765784,1.0,0.1,verified-v3-adamw-1e-6,1.0,1563,HotpotQA
6,1e-06,0.3442446228787727,adamw,0.9928144340498558,1.0,0.1,verified-v3-adamw-1e-6,1.0,1563,MSMARCO
6,1e-06,-0.0012389267870163666,adamw,-0.2502566146475356,0.968592665125019,0.1,verified-v3-adamw-1e-6,0.6672869728362019,1563,NFCorpus
6,1e-06,0.3580775953068107,adamw,0.9997976617082887,1.0,0.1,verified-v3-adamw-1e-6,1.0,1563,NQ
6,1e-06,0.47132013509209636,adamw,1.007591159906481,1.0,0.1,verified-v3-adamw-1e-6,1.0,1563,QuoraRetrieval
6,1e-06,0.09586506779724499,adamw,0.9638429546389892,0.9949886357314608,0.1,verified-v3-adamw-1e-6,0.86024524972907,1563,SCIDOCS
6,1e-06,0.26319120073178603,adamw,1.0003149980503063,1.0,0.1,verified-v3-adamw-1e-6,0.9769331095982161,1563,SciFact
6,1e-06,0.06149149120060518,adamw,1.080558351426413,1.0012576109896882,0.1,verified-v3-adamw-1e-6,0.8891326621279816,1563,TRECCOVID
6,1e-06,0.25694049344025766,adamw,0.9827308241572151,1.0,0.1,verified-v3-adamw-1e-6,1.0,1563,Touche2020
7,1e-06,0.2055881330499934,adamw,0.9751209495534854,1.0,0.1,verified-v3-adamw-1e-6,1.0,1563,ArguAna
7,1e-06,0.005976608512130426,adamw,0.925233611369665,0.9948903028336754,0.1,verified-v3-adamw-1e-6,0.7496961176675948,1563,ClimateFEVER
7,1e-06,0.26767492840087914,adamw,1.000270269401075,1.0,0.1,verified-v3-adamw-1e-6,1.0,1563,DBPedia
7,1e-06,0.3487466193515096,adamw,0.9930509495020925,1.0,0.1,verified-v3-adamw-1e-6,1.0,1563,FEVER
7,1e-06,0.2038497396410497,adamw,0.9973173657690418,1.0,0.1,verified-v3-adamw-1e-6,0.9769331095982161,1563,FiQA2018
7,1e-06,0.26258624617635035,adamw,0.9822672944893875,1.0,0.1,verified-v3-adamw-1e-6,1.0,1563,HotpotQA
7,1e-06,0.3470867429423762,adamw,1.0010112151610655,1.0,0.1,verified-v3-adamw-1e-6,1.0,1563,MSMARCO
7,1e-06,0.00428520464189695,adamw,0.8655885222529045,0.9867804070841888,0.1,verified-v3-adamw-1e-6,0.6798169492769113,1563,NFCorpus
7,1e-06,0.3580365278297769,adamw,0.9996829961496254,1.0,0.1,verified-v3-adamw-1e-6,1.0,1563,NQ
7,1e-06,0.47344149005467284,adamw,1.0121262059360723,1.0,0.1,verified-v3-adamw-1e-6,1.0,1563,QuoraRetrieval
7,1e-06,0.09370141473428238,adamw,0.9420892354904224,0.9949886357314608,0.1,verified-v3-adamw-1e-6,0.86024524972907,1563,SCIDOCS
7,1e-06,0.26261926295340776,adamw,0.9981412250059469,1.0,0.1,verified-v3-adamw-1e-6,0.9769331095982161,1563,SciFact
7,1e-06,0.058744314799601585,adamw,1.0322836333314844,1.0,0.1,verified-v3-adamw-1e-6,0.8880158835937564,1563,TRECCOVID
7,1e-06,0.2575673269608727,adamw,0.9851282999854719,1.0,0.1,verified-v3-adamw-1e-6,1.0,1563,Touche2020
8,1e-06,0.21632661271486137,adamw,1.0260544170266324,1.0,0.1,verified-v3-adamw-1e-6,1.0,1563,ArguAna
8,1e-06,0.013216816783007065,adamw,2.0460840120501373,1.0669719720157675,0.1,verified-v3-adamw-1e-6,0.8040130080693787,1563,ClimateFEVER
8,1e-06,0.26792204854833684,adamw,1.0011937288298256,1.0,0.1,verified-v3-adamw-1e-6,1.0,1563,DBPedia
8,1e-06,0.35024359521051235,adamw,0.9973135665876106,1.0,0.1,verified-v3-adamw-1e-6,1.0,1563,FEVER
8,1e-06,0.20156512250008624,adamw,0.9861400723723048,1.0,0.1,verified-v3-adamw-1e-6,0.9769331095982161,1563,FiQA2018
8,1e-06,0.2648922508054739,adamw,0.9908934619338469,1.0,0.1,verified-v3-adamw-1e-6,1.0,1563,HotpotQA
8,1e-06,0.3455228571229163,adamw,0.9965009096644059,1.0,0.1,verified-v3-adamw-1e-6,1.0,1563,MSMARCO
8,1e-06,0.005347403989865419,adamw,1.0801471351500986,0.9839079421287329,0.1,verified-v3-adamw-1e-6,0.6778380385193568,1563,NFCorpus
8,1e-06,0.3587095522100173,adamw,1.0015621648283037,1.0,0.1,verified-v3-adamw-1e-6,1.0,1563,NQ
8,1e-06,0.46501474108746893,adamw,0.9941114488019502,1.0,0.1,verified-v3-adamw-1e-6,1.0,1563,QuoraRetrieval
8,1e-06,0.09539865451150317,adamw,0.9591535597452926,0.9981566373909816,0.1,verified-v3-adamw-1e-6,0.8629842341564983,1563,SCIDOCS
8,1e-06,0.26016694715321165,adamw,0.9888206691968193,1.0,0.1,verified-v3-adamw-1e-6,0.9769331095982161,1563,SciFact
8,1e-06,0.05338083318301554,adamw,0.9380339291794562,0.9648091880141458,0.1,verified-v3-adamw-1e-6,0.8567658835937564,1563,TRECCOVID
8,1e-06,0.25873204847771064,adamw,0.9895830580534988,1.0,0.1,verified-v3-adamw-1e-6,1.0,1563,Touche2020
9,1e-06,0.2068017351741599,adamw,0.980877161442474,1.0,0.1,verified-v3-adamw-1e-6,1.0,1563,ArguAna
9,1e-06,0.00950832503706314,adamw,1.4719756019258818,1.0301842944931214,0.1,verified-v3-adamw-1e-6,0.7762917819822591,1563,ClimateFEVER
9,1e-06,0.26457222053899704,adamw,0.9886758087341062,1.0,0.1,verified-v3-adamw-1e-6,1.0,1563,DBPedia
9,1e-06,0.35463854053495747,adamw,1.0098281097696078,1.0,0.1,verified-v3-adamw-1e-6,1.0,1563,FEVER
9,1e-06,0.20191071816371983,adamw,0.9878308695128024,1.0,0.1,verified-v3-adamw-1e-6,0.9769331095982161,1563,FiQA2018
9,1e-06,0.2660416018405726,adamw,0.995192887163098,1.0,0.1,verified-v3-adamw-1e-6,1.0,1563,HotpotQA
9,1e-06,0.3470207067703455,adamw,1.0008207643583393,1.0,0.1,verified-v3-adamw-1e-6,1.0,1563,MSMARCO
9,1e-06,0.003102067149502971,adamw,0.6266010480841181,0.9918102988704431,0.1,verified-v3-adamw-1e-6,0.6832821636901446,1563,NFCorpus
9,1e-06,0.3541890949918126,adamw,0.9889404799872263,1.0,0.1,verified-v3-adamw-1e-6,1.0,1563,NQ
9,1e-06,0.46461465396252766,adamw,0.9932561400207871,1.0,0.1,verified-v3-adamw-1e-6,1.0,1563,QuoraRetrieval
9,1e-06,0.10128232416080846,adamw,1.0183089295709333,1.0,0.1,verified-v3-adamw-1e-6,0.864577964849483,1563,SCIDOCS
9,1e-06,0.2608999596129471,adamw,0.9916066413539142,1.0,0.1,verified-v3-adamw-1e-6,0.9769331095982161,1563,SciFact
9,1e-06,0.0534117804774638,adamw,0.9385777500694232,1.0,0.1,verified-v3-adamw-1e-6,0.8880158835937564,1563,TRECCOVID
9,1e-06,0.2544076617656145,adamw,0.9730433991595189,1.0,0.1,verified-v3-adamw-1e-6,1.0,1563,Touche2020
10,1e-06,0.21339946286755873,adamw,1.0121707113076208,1.0,0.1,verified-v3-adamw-1e-6,1.0,1563,ArguAna
10,1e-06,0.0010840398319701284,adamw,0.16781927184398432,0.9836085633899408,0.1,verified-v3-adamw-1e-6,0.7411948022588355,1563,ClimateFEVER
10,1e-06,0.2665027862848962,adamw,0.995890109790554,1.0,0.1,verified-v3-adamw-1e-6,1.0,1563,DBPedia
10,1e-06,0.3494890403241887,adamw,0.9951649824731367,1.0,0.1,verified-v3-adamw-1e-6,1.0,1563,FEVER
10,1e-06,0.20361233249675953,adamw,0.9961558716794485,1.0,0.1,verified-v3-adamw-1e-6,0.9769331095982161,1563,FiQA2018
10,1e-06,0.2598523177782195,adamw,0.9720403748008515,1.0,0.1,verified-v3-adamw-1e-6,1.0,1563,HotpotQA
10,1e-06,0.3494973304462835,adamw,1.007963440146907,1.0,0.1,verified-v3-adamw-1e-6,1.0,1563,MSMARCO
10,1e-06,-6.184443241833391e-05,adamw,-0.012492246074590761,0.9914484625321304,0.1,verified-v3-adamw-1e-6,0.6830328858630988,1563,NFCorpus
10,1e-06,0.35330455866021415,adamw,0.9864707433501982,1.0,0.1,verified-v3-adamw-1e-6,1.0,1563,NQ
10,1e-06,0.4674022949556241,adamw,0.9992155765322106,1.0,0.1,verified-v3-adamw-1e-6,1.0,1563,QuoraRetrieval
10,1e-06,0.10424876579005553,adamw,1.048134015291884,1.0298479441743635,0.1,verified-v3-adamw-1e-6,0.8903838396786952,1563,SCIDOCS
10,1e-06,0.2603702543752138,adamw,0.9895933822009595,1.0,0.1,verified-v3-adamw-1e-6,0.9769331095982161,1563,SciFact
10,1e-06,0.062163474732426734,adamw,1.0923667724478183,0.9859058548953222,0.1,verified-v3-adamw-1e-6,0.8755000588751274,1563,TRECCOVID
10,1e-06,0.2659780358220333,adamw,1.0172970824930705,1.0,0.1,verified-v3-adamw-1e-6,1.0,1563,Touche2020
11,1e-06,0.2120707881542595,adamw,1.0058687009295948,1.0,0.1,verified-v3-adamw-1e-6,1.0,1563,ArguAna
11,1e-06,0.003597509016655032,adamw,0.5569272694804925,1.0306111036677894,0.1,verified-v3-adamw-1e-6,0.7766134025471818,1563,ClimateFEVER
11,1e-06,0.2647682070935722,adamw,0.9894081878363069,1.0,0.1,verified-v3-adamw-1e-6,1.0,1563,DBPedia
11,1e-06,0.3475394263510395,adamw,0.9896134849108136,1.0,0.1,verified-v3-adamw-1e-6,1.0,1563,FEVER
11,1e-06,0.2031153458464663,adamw,0.993724407122439,1.0,0.1,verified-v3-adamw-1e-6,0.9769331095982161,1563,FiQA2018
11,1e-06,0.2716980404484178,adamw,1.0163521623676415,1.0,0.1,verified-v3-adamw-1e-6,1.0,1563,HotpotQA
11,1e-06,0.3489520469789146,adamw,1.0063908221274143,1.0,0.1,verified-v3-adamw-1e-6,1.0,1563,MSMARCO
11,1e-06,0.0010191631077436942,adamw,0.2058655215065821,1.0342161244149963,0.1,verified-v3-adamw-1e-6,0.7124965651378292,1563,NFCorpus
11,1e-06,0.3607973117512939,adamw,1.0073914519295786,1.0,0.1,verified-v3-adamw-1e-6,1.0,1563,NQ
11,1e-06,0.4737942239191226,adamw,1.0128802826180494,1.0,0.1,verified-v3-adamw-1e-6,1.0,1563,QuoraRetrieval
11,1e-06,0.10537265055648604,adamw,1.0594337351881993,0.9981566373909816,0.1,verified-v3-adamw-1e-6,0.8629842341564983,1563,SCIDOCS
11,1e-06,0.2607335302851466,adamw,0.9909740907509633,1.0,0.1,verified-v3-adamw-1e-6,0.9769331095982161,1563,SciFact
11,1e-06,0.05467189768445899,adamw,0.9607211417031161,0.9388334247108665,0.1,verified-v3-adamw-1e-6,0.8336989931919725,1563,TRECCOVID
11,1e-06,0.26116699060122806,adamw,0.9988960808775005,1.0,0.1,verified-v3-adamw-1e-6,1.0,1563,Touche2020
12,1e-06,0.21014165892179618,adamw,0.996718686767476,1.0,0.1,verified-v3-adamw-1e-6,1.0,1563,ArguAna
12,1e-06,0.004155436612315313,adamw,0.6432995595791035,0.9963652085395099,0.1,verified-v3-adamw-1e-6,0.7508075277179698,1563,ClimateFEVER
12,1e-06,0.2677908617149731,adamw,1.0007034987962002,0.9769331095982161,0.1,verified-v3-adamw-1e-6,0.9769331095982161,1563,DBPedia
12,1e-06,0.35389818513710714,adamw,1.0077199584929837,1.0,0.1,verified-v3-adamw-1e-6,1.0,1563,FEVER
12,1e-06,0.2071354930585289,adamw,1.0133926325251201,1.0,0.1,verified-v3-adamw-1e-6,0.9769331095982161,1563,FiQA2018
12,1e-06,0.2660777013012194,adamw,0.9953279259172536,1.0,0.1,verified-v3-adamw-1e-6,1.0,1563,HotpotQA
12,1e-06,0.3482263462856924,adamw,1.0042978740458848,1.0,0.1,verified-v3-adamw-1e-6,1.0,1563,MSMARCO
12,1e-06,0.008617830286042748,adamw,1.7407558344798073,0.9621162699770213,0.1,verified-v3-adamw-1e-6,0.6628252271831511,1563,NFCorpus
12,1e-06,0.35562139890388567,adamw,0.9929396525713677,1.0,0.1,verified-v3-adamw-1e-6,1.0,1563,NQ
12,1e-06,0.46805283200783815,adamw,1.0006062987488085,1.0,0.1,verified-v3-adamw-1e-6,1.0,1563,QuoraRetrieval
12,1e-06,0.09683682706573851,adamw,0.9736131800825635,0.9949886357314608,0.1,verified-v3-adamw-1e-6,0.86024524972907,1563,SCIDOCS
12,1e-06,0.25987213353426575,adamw,0.987700166369061,1.0,0.1,verified-v3-adamw-1e-6,0.9769331095982161,1563,SciFact
12,1e-06,0.04965982724031498,adamw,0.8726466053629729,1.0,0.1,verified-v3-adamw-1e-6,0.8880158835937564,1563,TRECCOVID
12,1e-06,0.2608080069965473,adamw,0.9975230615882352,1.0,0.1,verified-v3-adamw-1e-6,1.0,1563,Touche2020
13,1e-06,0.20974620276928263,adamw,0.9948430066237587,1.0,0.1,verified-v3-adamw-1e-6,1.0,1563,ArguAna
13,1e-06,0.009047773100326171,adamw,1.4006779536383005,0.9763838930039179,0.1,verified-v3-adamw-1e-6,0.7357506770880478,1563,ClimateFEVER
13,1e-06,0.26834468362603625,adamw,1.0027730672667658,1.0,0.1,verified-v3-adamw-1e-6,1.0,1563,DBPedia
13,1e-06,0.349465255725231,adamw,0.9950972561719545,1.0,0.1,verified-v3-adamw-1e-6,1.0,1563,FEVER
13,1e-06,0.20358923685101749,adamw,0.9960428782137087,1.0,0.1,verified-v3-adamw-1e-6,0.9769331095982161,1563,FiQA2018
13,1e-06,0.26936249175614296,adamw,1.0076154782171385,1.0,0.1,verified-v3-adamw-1e-6,1.0,1563,HotpotQA
13,1e-06,0.3407985667671421,adamw,0.9828758786715269,1.0,0.1,verified-v3-adamw-1e-6,1.0,1563,MSMARCO
13,1e-06,0.002419344625109761,adamw,0.48869473312766604,1.0,0.1,verified-v3-adamw-1e-6,0.6889242473770677,1563,NFCorpus
13,1e-06,0.35134489326342405,adamw,0.9809991112036446,1.0,0.1,verified-v3-adamw-1e-6,1.0,1563,NQ
13,1e-06,0.4661632917782739,adamw,0.9965668277187314,1.0,0.1,verified-v3-adamw-1e-6,1.0,1563,QuoraRetrieval
13,1e-06,0.10011183266330692,adamw,1.0065406180341618,0.9949886357314608,0.1,verified-v3-adamw-1e-6,0.86024524972907,1563,SCIDOCS
13,1e-06,0.2589928024029182,adamw,0.9843580785010252,1.0,0.1,verified-v3-adamw-1e-6,0.9769331095982161,1563,SciFact
13,1e-06,0.05537568380989637,adamw,0.9730884133469027,0.9740242366967207,0.1,verified-v3-adamw-1e-6,0.8649489931919725,1563,TRECCOVID
13,1e-06,0.2617652736515796,adamw,1.0011843585533118,1.0,0.1,verified-v3-adamw-1e-6,1.0,1563,Touche2020
14,1e-06,0.2118439992365267,adamw,1.0047930229635225,1.0,0.1,verified-v3-adamw-1e-6,1.0,1563,ArguAna
14,1e-06,0.0018779192817864002,adamw,0.2907190650720074,1.0135750679664195,0.1,verified-v3-adamw-1e-6,0.76377595726363,1563,ClimateFEVER
14,1e-06,0.27010836812230155,adamw,1.0093637523815693,1.0,0.1,verified-v3-adamw-1e-6,1.0,1563,DBPedia
14,1e-06,0.34716310664150996,adamw,0.9885419199862285,1.0,0.1,verified-v3-adamw-1e-6,1.0,1563,FEVER
14,1e-06,0.1986932125190922,adamw,0.9720894991313762,1.0,0.1,verified-v3-adamw-1e-6,0.9769331095982161,1563,FiQA2018
14,1e-06,0.2636216242572411,adamw,0.9861403763476323,1.0,0.1,verified-v3-adamw-1e-6,1.0,1563,HotpotQA
14,1e-06,0.3468416950376869,adamw,1.0003044877915144,1.0,0.1,verified-v3-adamw-1e-6,1.0,1563,MSMARCO
14,1e-06,0.011799621593867032,adamw,2.383460738075165,1.0788430522057888,0.1,verified-v3-adamw-1e-6,0.7432411377788516,1563,NFCorpus
14,1e-06,0.3636883374065423,adamw,1.0154635590034082,1.0,0.1,verified-v3-adamw-1e-6,1.0,1563,NQ
14,1e-06,0.47077259186301323,adamw,1.0064206185350988,1.0,0.1,verified-v3-adamw-1e-6,1.0,1563,QuoraRetrieval
14,1e-06,0.09185081966369388,adamw,0.9234830522199023,0.9949886357314608,0.1,verified-v3-adamw-1e-6,0.86024524972907,1563,SCIDOCS
14,1e-06,0.2651119085344872,adamw,1.0076150628570784,1.0,0.1,verified-v3-adamw-1e-6,0.9769331095982161,1563,SciFact
14,1e-06,0.05888841725687881,adamw,1.034815871705148,0.9660667990038341,0.1,verified-v3-adamw-1e-6,0.8578826621279816,1563,TRECCOVID
14,1e-06,0.258428941372166,adamw,0.9884237518980092,1.0,0.1,verified-v3-adamw-1e-6,1.0,1563,Touche2020
15,1e-06,0.20951591173979503,adamw,0.9937507178616783,1.0,0.1,verified-v3-adamw-1e-6,1.0,1563,ArguAna
15,1e-06,0.005437180708881741,adamw,0.8417252581857491,1.0057497646801887,0.1,verified-v3-adamw-1e-6,0.7578792272658109,1563,ClimateFEVER
15,1e-06,0.26615355311782773,adamw,0.9945850658098035,0.96875,0.1,verified-v3-adamw-1e-6,0.96875,1563,DBPedia
15,1e-06,0.35029683606766804,adamw,0.9974651691575482,1.0,0.1,verified-v3-adamw-1e-6,1.0,1563,FEVER
15,1e-06,0.20334458373641162,adamw,0.9948459338358766,1.0,0.1,verified-v3-adamw-1e-6,0.9769331095982161,1563,FiQA2018
15,1e-06,0.26444959595567324,adamw,0.9892376045230429,1.0,0.1,verified-v3-adamw-1e-6,1.0,1563,HotpotQA
15,1e-06,0.34592509817849904,adamw,0.9976609879907146,1.0,0.1,verified-v3-adamw-1e-6,1.0,1563,MSMARCO
15,1e-06,0.005465393691265266,adamw,1.1039804266286928,1.0055889954410266,0.1,verified-v3-adamw-1e-6,0.6927746418548708,1563,NFCorpus
15,1e-06,0.3482662681772198,adamw,0.9724032029345829,1.0,0.1,verified-v3-adamw-1e-6,1.0,1563,NQ
15,1e-06,0.4597321963841329,adamw,0.9828183913902354,1.0,0.1,verified-v3-adamw-1e-6,1.0,1563,QuoraRetrieval
15,1e-06,0.09903339441951611,adamw,0.995697824854383,0.9918206340719402,0.1,verified-v3-adamw-1e-6,0.8575062653016419,1563,SCIDOCS
15,1e-06,0.26248118932232467,adamw,0.9976164463521634,1.0236115350940154,0.1,verified-v3-adamw-1e-6,1.0,1563,SciFact
15,1e-06,0.055877765371523,adamw,0.9819112344221467,1.0,0.1,verified-v3-adamw-1e-6,0.8880158835937564,1563,TRECCOVID
15,1e-06,0.2605439609774509,adamw,0.9965131539692075,1.0,0.1,verified-v3-adamw-1e-6,1.0,1563,Touche2020
16,1e-06,0.21418424216389215,adamw,1.015892982244555,1.0,0.1,verified-v3-adamw-1e-6,1.0,1563,ArguAna
16,1e-06,0.007980689317935136,adamw,1.2354836332119614,1.0397400816468274,0.1,verified-v3-adamw-1e-6,0.7834925120627381,1563,ClimateFEVER
16,1e-06,0.272403356342925,adamw,1.0179398581058878,0.9769331095982161,0.1,verified-v3-adamw-1e-6,0.9769331095982161,1563,DBPedia
16,1e-06,0.34965282927244545,adamw,0.9956313691319859,1.0,0.1,verified-v3-adamw-1e-6,1.0,1563,FEVER
16,1e-06,0.19862737773485567,adamw,0.9717674080965465,1.0,0.1,verified-v3-adamw-1e-6,0.9769331095982161,1563,FiQA2018
16,1e-06,0.2747586571485559,adamw,1.0278011385775176,1.0,0.1,verified-v3-adamw-1e-6,1.0,1563,HotpotQA
16,1e-06,0.35096174964403537,adamw,1.0121868801671734,1.0,0.1,verified-v3-adamw-1e-6,1.0,1563,MSMARCO
16,1e-06,0.0025704343071123407,adamw,0.5192140444561398,0.9818327998088607,0.1,verified-v3-adamw-1e-6,0.6764084226584386,1563,NFCorpus
16,1e-06,0.36037865275386927,adamw,1.0062225033771854,1.0,0.1,verified-v3-adamw-1e-6,1.0,1563,NQ
16,1e-06,0.4679513601991477,adamw,1.000389371675671,1.0,0.1,verified-v3-adamw-1e-6,1.0,1563,QuoraRetrieval
16,1e-06,0.0983413622119865,adamw,0.9887400206934198,1.0,0.1,verified-v3-adamw-1e-6,0.864577964849483,1563,SCIDOCS
16,1e-06,0.2657496675639831,adamw,1.0100390037812923,1.0,0.1,verified-v3-adamw-1e-6,0.9769331095982161,1563,SciFact
16,1e-06,0.05977214725597438,adamw,1.0503452045003718,0.9907849513174253,0.1,verified-v3-adamw-1e-6,0.8798327739955403,1563,TRECCOVID
16,1e-06,0.2655586249182058,adamw,1.0156929444389233,1.0,0.1,verified-v3-adamw-1e-6,1.0,1563,Touche2020
17,1e-06,0.20695704502720866,adamw,0.9816138084907894,1.0,0.1,verified-v3-adamw-1e-6,1.0,1563,ArguAna
17,1e-06,-0.002181756244856347,adamw,-0.3377558033891019,0.9774319895350844,0.1,verified-v3-adamw-1e-6,0.7365404665734999,1563,ClimateFEVER
17,1e-06,0.26553228363276776,adamw,0.992263453550844,1.0,0.1,verified-v3-adamw-1e-6,1.0,1563,DBPedia
17,1e-06,0.35441681505238753,adamw,1.0091967496680982,1.0,0.1,verified-v3-adamw-1e-6,1.0,1563,FEVER
17,1e-06,0.2066453490251935,adamw,1.0109946448846443,1.0,0.1,verified-v3-adamw-1e-6,0.9769331095982161,1563,FiQA2018
17,1e-06,0.2638739681753679,adamw,0.9870843297395124,1.0,0.1,verified-v3-adamw-1e-6,1.0,1563,HotpotQA
17,1e-06,0.34404068984894254,adamw,0.9922262835250872,1.0,0.1,verified-v3-adamw-1e-6,1.0,1563,MSMARCO
17,1e-06,0.002128383426274581,adamw,0.4299221201069753,1.0252927760652961,0.1,verified-v3-adamw-1e-6,0.7063490540919285,1563,NFCorpus
17,1e-06,0.35207733149631,adamw,0.9830441708281029,1.0,0.1,verified-v3-adamw-1e-6,1.0,1563,NQ
17,1e-06,0.461660830859451,adamw,0.9869414383456592,1.0,0.1,verified-v3-adamw-1e-6,1.0,1563,QuoraRetrieval
17,1e-06,0.10038117417910539,adamw,1.009248621359661,0.9918206340719402,0.1,verified-v3-adamw-1e-6,0.8575062653016419,1563,SCIDOCS
17,1e-06,0.26886328566491746,adamw,1.0218729818014756,1.0,0.1,verified-v3-adamw-1e-6,0.9769331095982161,1563,SciFact
17,1e-06,0.0612863101019403,adamw,1.0769528094987681,1.0,0.1,verified-v3-adamw-1e-6,0.8880158835937564,1563,TRECCOVID
17,1e-06,0.25860430010484,adamw,0.9890944536218851,1.0,0.1,verified-v3-adamw-1e-6,1.0,1563,Touche2020
18,1e-06,0.20652412385958877,adamw,0.9795604287855091,1.0,0.1,verified-v3-adamw-1e-6,1.0,1563,ArguAna
18,1e-06,0.008659978301072777,adamw,1.3406437750811218,0.9821336576841065,0.1,verified-v3-adamw-1e-6,0.7400833922084606,1563,ClimateFEVER
18,1e-06,0.26498186695790865,adamw,0.9902066100543937,0.9769331095982161,0.1,verified-v3-adamw-1e-6,0.9769331095982161,1563,DBPedia
18,1e-06,0.3525545187865855,adamw,1.0038938880132735,1.0,0.1,verified-v3-adamw-1e-6,1.0,1563,FEVER
18,1e-06,0.20627355655848972,adamw,1.009175682132184,1.0,0.1,verified-v3-adamw-1e-6,0.9769331095982161,1563,FiQA2018
18,1e-06,0.26807819691157525,adamw,1.0028112630662316,1.0,0.1,verified-v3-adamw-1e-6,1.0,1563,HotpotQA
18,1e-06,0.34671143903783586,adamw,0.9999288245910488,1.0,0.1,verified-v3-adamw-1e-6,1.0,1563,MSMARCO
18,1e-06,0.0018454192601708727,adamw,0.3727648651200093,0.9955987471718742,0.1,verified-v3-adamw-1e-6,0.685892117584935,1563,NFCorpus
18,1e-06,0.3578053758459926,adamw,0.9990375907517011,1.0,0.1,verified-v3-adamw-1e-6,1.0,1563,NQ
18,1e-06,0.46548933749981725,adamw,0.9951260440080558,1.0,0.1,verified-v3-adamw-1e-6,1.0,1563,QuoraRetrieval
18,1e-06,0.09769096900247698,adamw,0.9822008617783431,1.0031680016595208,0.1,verified-v3-adamw-1e-6,0.8673169492769113,1563,SCIDOCS
18,1e-06,0.2615830981808762,adamw,0.9942030570142633,1.0,0.1,verified-v3-adamw-1e-6,0.9769331095982161,1563,SciFact
18,1e-06,0.05753442821787261,adamw,1.0110229186433173,0.9752818476864089,0.1,verified-v3-adamw-1e-6,0.8660657717261977,1563,TRECCOVID
18,1e-06,0.26118768291341166,adamw,0.9989752236110324,1.0,0.1,verified-v3-adamw-1e-6,1.0,1563,Touche2020
19,1e-06,0.21077029967389316,adamw,0.9997003801075471,1.0,0.1,verified-v3-adamw-1e-6,1.0,1563,ArguAna
19,1e-06,0.007280273313133747,adamw,1.127052835332497,1.0306111036677894,0.1,verified-v3-adamw-1e-6,0.7766134025471818,1563,ClimateFEVER
19,1e-06,0.26839915382474877,adamw,1.0029766161036553,0.9769331095982161,0.1,verified-v3-adamw-1e-6,0.9769331095982161,1563,DBPedia
19,1e-06,0.35481885578782113,adamw,1.01034155484156,1.0,0.1,verified-v3-adamw-1e-6,1.0,1563,FEVER
19,1e-06,0.20593984892082395,adamw,1.0075430461390262,1.0,0.1,verified-v3-adamw-1e-6,0.9769331095982161,1563,FiQA2018
19,1e-06,0.2652354471605256,adamw,0.9921772708159345,1.0,0.1,verified-v3-adamw-1e-6,1.0,1563,HotpotQA
19,1e-06,0.34376366288674826,adamw,0.9914273273514586,1.0,0.1,verified-v3-adamw-1e-6,1.0,1563,MSMARCO
19,1e-06,0.008029264925772123,adamw,1.6218687653618256,1.035557619514725,0.1,verified-v3-adamw-1e-6,0.7134207536397696,1563,NFCorpus
19,1e-06,0.35222773672992913,adamw,0.983464121148514,1.0,0.1,verified-v3-adamw-1e-6,1.0,1563,NQ
19,1e-06,0.47287275243117827,adamw,1.0109103550545322,1.0,0.1,verified-v3-adamw-1e-6,1.0,1563,QuoraRetrieval
19,1e-06,0.09686439857692491,adamw,0.9738903885320684,1.0,0.1,verified-v3-adamw-1e-6,0.864577964849483,1563,SCIDOCS
19,1e-06,0.26098783713647117,adamw,0.991940638860397,1.0,0.1,verified-v3-adamw-1e-6,0.9769331095982161,1563,SciFact
19,1e-06,0.05299030944747557,adamw,0.9311714564108042,0.9493060843831295,0.1,verified-v3-adamw-1e-6,0.8429988813244138,1563,TRECCOVID
19,1e-06,0.2611918363701373,adamw,0.9989911095070096,1.0,0.1,verified-v3-adamw-1e-6,1.0,1563,Touche2020
0,1e-06,0.21068502672532124,adamw,0.9992959236958414,1.0,0.25,verified-v3-adamw-1e-6,1.0,1563,ArguAna
0,1e-06,0.008956550403902619,adamw,1.386555846647432,1.0269834364972588,0.25,verified-v3-adamw-1e-6,0.773879786603604,1563,ClimateFEVER
0,1e-06,0.2673022722147361,adamw,0.9988776963052899,0.9769331095982161,0.25,verified-v3-adamw-1e-6,0.9769331095982161,1563,DBPedia
0,1e-06,0.3478989969556982,adamw,0.9906373570017698,1.0,0.25,verified-v3-adamw-1e-6,1.0,1563,FEVER
0,1e-06,0.20293648665524366,adamw,0.9928493538712166,1.0,0.25,verified-v3-adamw-1e-6,0.9769331095982161,1563,FiQA2018
0,1e-06,0.2650121375516261,adamw,0.9913419272723893,1.0,0.25,verified-v3-adamw-1e-6,1.0,1563,HotpotQA
0,1e-06,0.3450819479911306,adamw,0.9952293111526249,1.0,0.25,verified-v3-adamw-1e-6,1.0,1563,MSMARCO
0,1e-06,-0.001842306522692511,adamw,-0.37213610872230696,0.9502509213685085,0.25,verified-v3-adamw-1e-6,0.6546509008231649,1563,NFCorpus
0,1e-06,0.3418767685536819,adamw,0.9545629167317402,1.0,0.25,verified-v3-adamw-1e-6,1.0,1563,NQ
0,1e-06,0.47113216237553146,adamw,1.0071893106464715,1.0,0.25,verified-v3-adamw-1e-6,1.0,1563,QuoraRetrieval
0,1e-06,0.09418233037875012,adamw,0.9469244394531032,1.0126328618929652,0.25,verified-v3-adamw-1e-6,0.8755000588751274,1563,SCIDOCS
0,1e-06,0.2630138026856401,adamw,0.9996407584644419,1.0236115350940154,0.25,verified-v3-adamw-1e-6,1.0,1563,SciFact
0,1e-06,0.053814759020954755,adamw,0.9456590847730207,0.9648091880141458,0.25,verified-v3-adamw-1e-6,0.8567658835937564,1563,TRECCOVID
0,1e-06,0.25140258987855374,adamw,0.9615497776883296,1.0,0.25,verified-v3-adamw-1e-6,1.0,1563,Touche2020
1,1e-06,0.20905161244907355,adamw,0.9915485092101933,1.0,0.25,verified-v3-adamw-1e-6,1.0,1563,ArguAna
1,1e-06,0.003937897529502462,adamw,0.6096225217077986,0.9823704556883818,0.25,verified-v3-adamw-1e-6,0.7402618305186652,1563,ClimateFEVER
1,1e-06,0.27218601862773906,adamw,1.017127692184265,0.9769331095982161,0.25,verified-v3-adamw-1e-6,0.9769331095982161,1563,DBPedia
1,1e-06,0.3453116637265813,adamw,0.9832699630908824,1.0,0.25,verified-v3-adamw-1e-6,1.0,1563,FEVER
1,1e-06,0.19950381308837684,adamw,0.976055292886489,1.0,0.25,verified-v3-adamw-1e-6,0.9769331095982161,1563,FiQA2018
1,1e-06,0.273006747787558,adamw,1.0212476983525398,1.0,0.25,verified-v3-adamw-1e-6,1.0,1563,HotpotQA
1,1e-06,0.3409540783382169,adamw,0.9833243798888698,1.0,0.25,verified-v3-adamw-1e-6,1.0,1563,MSMARCO
1,1e-06,-0.0015762514532086398,adamw,-0.3183944012246476,0.9821123516362471,0.25,verified-v3-adamw-1e-6,0.6766010126907236,1563,NFCorpus
1,1e-06,0.3558720412055922,adamw,0.9936394773871501,1.0,0.25,verified-v3-adamw-1e-6,1.0,1563,NQ
1,1e-06,0.46802681135162916,adamw,1.000550671625715,1.0,0.25,verified-v3-adamw-1e-6,1.0,1563,QuoraRetrieval
1,1e-06,0.09620359292819558,adamw,0.9672465412626909,1.0162852167976388,0.25,verified-v3-adamw-1e-6,0.8786578044455182,1563,SCIDOCS
1,1e-06,0.25230641189556335,adamw,0.9589450073621294,1.0,0.25,verified-v3-adamw-1e-6,0.9769331095982161,1563,SciFact
1,1e-06,0.05264288893587223,adamw,0.9250664144295466,0.9480484733934413,0.25,verified-v3-adamw-1e-6,0.8418821027901886,1563,TRECCOVID
1,1e-06,0.2570312827249217,adamw,0.9830780696510956,1.0,0.25,verified-v3-adamw-1e-6,1.0,1563,Touche2020
2,1e-06,0.21161531857830881,adamw,1.0037083723211058,1.0,0.25,verified-v3-adamw-1e-6,1.0,1563,ArguAna
2,1e-06,0.011414881766289318,adamw,1.767128005547894,1.0301842944931214,0.25,verified-v3-adamw-1e-6,0.7762917819822591,1563,ClimateFEVER
2,1e-06,0.25692199976716906,adamw,0.9600878179270115,1.0,0.25,verified-v3-adamw-1e-6,1.0,1563,DBPedia
2,1e-06,0.34350560361948135,adamw,0.9781272330837831,1.0,0.25,verified-v3-adamw-1e-6,1.0,1563,FEVER
2,1e-06,0.19920665625185532,adamw,0.9746014785527461,0.9763884649059846,0.25,verified-v3-adamw-1e-6,0.9538662191964322,1563,FiQA2018
2,1e-06,0.26275293419152657,adamw,0.9828908312818706,1.0,0.25,verified-v3-adamw-1e-6,1.0,1563,HotpotQA
2,1e-06,0.34663843567557573,adamw,0.9997182801497736,1.0,0.25,verified-v3-adamw-1e-6,1.0,1563,MSMARCO
2,1e-06,0.004478897161341197,adamw,0.9047133799173381,0.9986585049002717,0.25,verified-v3-adamw-1e-6,0.6880000588751274,1563,NFCorpus
2,1e-06,0.3547108309068775,adamw,0.9903972322519531,1.0,0.25,verified-v3-adamw-1e-6,1.0,1563,NQ
2,1e-06,0.45897665226766965,adamw,0.9812031844088512,1.0,0.25,verified-v3-adamw-1e-6,1.0,1563,QuoraRetrieval
2,1e-06,0.09397972586097714,adamw,0.9448874207400247,1.0207449221318186,0.25,verified-v3-adamw-1e-6,0.8825135674071718,1563,SCIDOCS
2,1e-06,0.2527987431331257,adamw,0.9608162185560181,1.0,0.25,verified-v3-adamw-1e-6,0.9769331095982161,1563,SciFact
2,1e-06,0.04907246993528863,adamw,0.8623252775040172,0.9507150429094682,0.25,verified-v3-adamw-1e-6,0.8442500588751274,1563,TRECCOVID
2,1e-06,0.2638026144817923,adamw,1.008976659433397,1.0,0.25,verified-v3-adamw-1e-6,1.0,1563,Touche2020
3,1e-06,0.20628323608425497,adamw,0.9784178788107876,1.0,0.25,verified-v3-adamw-1e-6,1.0,1563,ArguAna
3,1e-06,0.009732305692266609,adamw,1.5066498540657427,1.0221221932026154,0.25,verified-v3-adamw-1e-6,0.7702166136742354,1563,ClimateFEVER
3,1e-06,0.2573819637489212,adamw,0.9618066501638991,1.0,0.25,verified-v3-adamw-1e-6,1.0,1563,DBPedia
3,1e-06,0.35335168166671793,adamw,1.0061637977732458,1.0,0.25,verified-v3-adamw-1e-6,1.0,1563,FEVER
3,1e-06,0.20223139271111273,adamw,0.9893997422297272,1.0,0.25,verified-v3-adamw-1e-6,0.9769331095982161,1563,FiQA2018
3,1e-06,0.26552368690352396,adamw,0.9932555012131548,1.0,0.25,verified-v3-adamw-1e-6,1.0,1563,HotpotQA
3,1e-06,0.33617011173174144,adamw,0.9695272403454761,1.0,0.25,verified-v3-adamw-1e-6,1.0,1563,MSMARCO
3,1e-06,0.008037855417228559,adamw,1.6236039988982829,1.0432854326910639,0.25,verified-v3-adamw-1e-6,0.7187446315161496,1563,NFCorpus
3,1e-06,0.36042069372992425,adamw,1.006339887067499,1.0,0.25,verified-v3-adamw-1e-6,1.0,1563,NQ
3,1e-06,0.4747911770260112,adamw,1.0150115752630071,1.0,0.25,verified-v3-adamw-1e-6,1.0,1563,QuoraRetrieval
3,1e-06,0.10088466396454217,adamw,1.0143107894003942,0.9896052742827961,0.25,verified-v3-adamw-1e-6,0.8555909140437343,1563,SCIDOCS
3,1e-06,0.2559303816479446,adamw,0.9727186870509194,1.0236115350940154,0.25,verified-v3-adamw-1e-6,1.0,1563,SciFact
3,1e-06,0.051224432237629514,adamw,0.9001406043459587,0.9752818476864089,0.25,verified-v3-adamw-1e-6,0.8660657717261977,1563,TRECCOVID
3,1e-06,0.2517279985811387,adamw,0.9627943816750251,1.0,0.25,verified-v3-adamw-1e-6,1.0,1563,Touche2020
4,1e-06,0.20227753547299787,adamw,0.9594185206001355,1.0,0.25,verified-v3-adamw-1e-6,1.0,1563,ArguAna
4,1e-06,0.0032176843502698897,adamw,0.498126940321651,1.0142196670577304,0.25,verified-v3-adamw-1e-6,0.7642616926606195,1563,ClimateFEVER
4,1e-06,0.2626975687470889,adamw,0.9816704516611536,1.0,0.25,verified-v3-adamw-1e-6,1.0,1563,DBPedia
4,1e-06,0.3525529612530818,adamw,1.0038894529591713,1.0,0.25,verified-v3-adamw-1e-6,1.0,1563,FEVER
4,1e-06,0.20593426856607414,adamw,1.0075157447320735,1.0,0.25,verified-v3-adamw-1e-6,0.9769331095982161,1563,FiQA2018
4,1e-06,0.27303462762275194,adamw,1.0213519896118328,1.0,0.25,verified-v3-adamw-1e-6,1.0,1563,HotpotQA
4,1e-06,0.3415019713987353,adamw,0.9849045240731116,1.0,0.25,verified-v3-adamw-1e-6,1.0,1563,MSMARCO
4,1e-06,-0.011129316549250012,adamw,-2.2480626879199987,0.9853339037224454,0.25,verified-v3-adamw-1e-6,0.6788204180370938,1563,NFCorpus
4,1e-06,0.35808452756634424,adamw,0.9998170174483931,1.0,0.25,verified-v3-adamw-1e-6,1.0,1563,NQ
4,1e-06,0.46711614171431015,adamw,0.9986038363266492,1.0,0.25,verified-v3-adamw-1e-6,1.0,1563,QuoraRetrieval
4,1e-06,0.10013406267456391,adamw,1.0067641221762225,1.0,0.25,verified-v3-adamw-1e-6,0.864577964849483,1563,SCIDOCS
4,1e-06,0.2614027769678896,adamw,0.9935177073015237,1.0,0.25,verified-v3-adamw-1e-6,0.9769331095982161,1563,SciFact
4,1e-06,0.059369662402718765,adamw,1.0432725451613882,1.0075456659381299,0.25,verified-v3-adamw-1e-6,0.894716554799108,1563,TRECCOVID
4,1e-06,0.27200362235688,adamw,1.0403433899946066,1.0,0.25,verified-v3-adamw-1e-6,1.0,1563,Touche2020
5,1e-06,0.20881277348287924,adamw,0.990415676901,1.0,0.25,verified-v3-adamw-1e-6,1.0,1563,ArguAna
5,1e-06,-0.0018648293088933433,adamw,-0.2886926176532092,1.011677884663364,0.25,verified-v3-adamw-1e-6,0.7623463414027121,1563,ClimateFEVER
5,1e-06,0.2554004035094031,adamw,0.9544017885787722,0.96875,0.25,verified-v3-adamw-1e-6,0.96875,1563,DBPedia
5,1e-06,0.3497909893697141,adamw,0.9960247780086972,1.0,0.25,verified-v3-adamw-1e-6,1.0,1563,FEVER
5,1e-06,0.19856953010448863,adamw,0.9714843935269168,1.0,0.25,verified-v3-adamw-1e-6,0.9769331095982161,1563,FiQA2018
5,1e-06,0.2638157512238485,adamw,0.9868665551671764,1.0,0.25,verified-v3-adamw-1e-6,1.0,1563,HotpotQA
5,1e-06,0.3478251278054085,adamw,1.003140744865181,1.0,0.25,verified-v3-adamw-1e-6,1.0,1563,MSMARCO
5,1e-06,0.0017070167737517584,adamw,0.34480829974986243,0.9816455070359195,0.25,verified-v3-adamw-1e-6,0.6762793921258008,1563,NFCorpus
5,1e-06,0.358472332124531,adamw,1.000899816527578,1.0,0.25,verified-v3-adamw-1e-6,1.0,1563,NQ
5,1e-06,0.4662308930999039,adamw,0.9967113462508307,1.0,0.25,verified-v3-adamw-1e-6,1.0,1563,QuoraRetrieval
5,1e-06,0.10646262916199356,adamw,1.0703925570381732,1.0361448027482871,0.25,verified-v3-adamw-1e-6,0.895827964849483,1563,SCIDOCS
5,1e-06,0.26113461405360594,adamw,0.9924984962324113,1.0,0.25,verified-v3-adamw-1e-6,0.9769331095982161,1563,SciFact
5,1e-06,0.05565432784404215,adamw,0.9779848816597155,1.0012576109896882,0.25,verified-v3-adamw-1e-6,0.8891326621279816,1563,TRECCOVID
5,1e-06,0.25780595707221754,adamw,0.9860409983416194,1.0,0.25,verified-v3-adamw-1e-6,1.0,1563,Touche2020
6,1e-06,0.21190428559778088,adamw,1.005078965994179,1.0,0.25,verified-v3-adamw-1e-6,1.0,1563,ArguAna
6,1e-06,0.002672488786138568,adamw,0.41372568504784124,0.9657541048717205,0.25,verified-v3-adamw-1e-6,0.7277406373161859,1563,ClimateFEVER
6,1e-06,0.26646818228022595,adamw,0.9957607986246534,0.9769331095982161,0.25,verified-v3-adamw-1e-6,0.9769331095982161,1563,DBPedia
6,1e-06,0.3513824960488604,adamw,1.0005565702359709,1.0,0.25,verified-v3-adamw-1e-6,1.0,1563,FEVER
6,1e-06,0.19966311153360217,adamw,0.976834646865763,0.9763884649059846,0.25,verified-v3-adamw-1e-6,0.9538662191964322,1563,FiQA2018
6,1e-06,0.2570226407034947,adamw,0.9614552840546975,1.0,0.25,verified-v3-adamw-1e-6,1.0,1563,HotpotQA
6,1e-06,0.34056712304680253,adamw,0.9822083862810816,1.0,0.25,verified-v3-adamw-1e-6,1.0,1563,MSMARCO
6,1e-06,-0.01210280184083487,adamw,-2.4447015337616436,0.9719192254732322,0.25,verified-v3-adamw-1e-6,0.669578720920449,1563,NFCorpus
6,1e-06,0.3525217765701394,adamw,0.9842851173475066,1.0,0.25,verified-v3-adamw-1e-6,1.0,1563,NQ
6,1e-06,0.46999164722848025,adamw,1.0047511101658497,1.0,0.25,verified-v3-adamw-1e-6,1.0,1563,QuoraRetrieval
6,1e-06,0.10422767675635444,adamw,1.0479219827234003,1.0248365799058243,0.25,verified-v3-adamw-1e-6,0.8860511245582822,1563,SCIDOCS
6,1e-06,0.26102413185558165,adamw,0.9920785847787077,1.0236115350940154,0.25,verified-v3-adamw-1e-6,1.0,1563,SciFact
6,1e-06,0.05672069341963379,adamw,0.9967235755160753,1.0012576109896882,0.25,verified-v3-adamw-1e-6,0.8891326621279816,1563,TRECCOVID
6,1e-06,0.2608157862783507,adamw,0.997552815325825,1.0,0.25,verified-v3-adamw-1e-6,1.0,1563,Touche2020
7,1e-06,0.2075409945620195,adamw,0.9843835278147037,1.0,0.25,verified-v3-adamw-1e-6,1.0,1563,ArguAna
7,1e-06,0.013488859510019628,adamw,2.0881987120927814,1.057172262567827,0.25,verified-v3-adamw-1e-6,0.7966284711948448,1563,ClimateFEVER
7,1e-06,0.26054732458595886,adamw,0.9736352377575547,0.9769331095982161,0.25,verified-v3-adamw-1e-6,0.9769331095982161,1563,DBPedia
7,1e-06,0.35240003336053705,adamw,1.0034539929992172,1.0,0.25,verified-v3-adamw-1e-6,1.0,1563,FEVER
7,1e-06,0.20976431952312433,adamw,1.0262539405128117,1.0,0.25,verified-v3-adamw-1e-6,0.9769331095982161,1563,FiQA2018
7,1e-06,0.25595706072772456,adamw,0.9574692247118984,0.9769331095982161,0.25,verified-v3-adamw-1e-6,0.9769331095982161,1563,HotpotQA
7,1e-06,0.339412789632875,adamw,0.9788792453188512,1.0,0.25,verified-v3-adamw-1e-6,1.0,1563,MSMARCO
7,1e-06,-0.004051363262875956,adamw,-0.8183538087156856,1.0198217874043676,0.25,verified-v3-adamw-1e-6,0.7025799573462899,1563,NFCorpus
7,1e-06,0.341799371549548,adamw,0.9543468145662585,1.0,0.25,verified-v3-adamw-1e-6,1.0,1563,NQ
7,1e-06,0.46396324330477423,adamw,0.9918635502047527,1.0,0.25,verified-v3-adamw-1e-6,1.0,1563,QuoraRetrieval
7,1e-06,0.10558408036674138,adamw,1.0615594848246184,0.9949886357314608,0.25,verified-v3-adamw-1e-6,0.86024524972907,1563,SCIDOCS
7,1e-06,0.25321746251586774,adamw,0.9624076519981948,1.0,0.25,verified-v3-adamw-1e-6,0.9769331095982161,1563,SciFact
7,1e-06,0.06869494913448654,adamw,1.2071410131512883,1.0272333742929676,0.25,verified-v3-adamw-1e-6,0.9121995525297655,1563,TRECCOVID
7,1e-06,0.25703766819389484,adamw,0.983102492415692,1.0,0.25,verified-v3-adamw-1e-6,1.0,1563,Touche2020
8,1e-06,0.21394877582964267,adamw,1.0147761465982807,1.0,0.25,verified-v3-adamw-1e-6,1.0,1563,ArguAna
8,1e-06,-0.0010153158063787911,adamw,-0.15718016468870097,0.9566322511826418,0.25,verified-v3-adamw-1e-6,0.72086689628448,1563,ClimateFEVER
8,1e-06,0.2694295633610418,adamw,1.0068271374454139,0.96875,0.25,verified-v3-adamw-1e-6,0.96875,1563,DBPedia
8,1e-06,0.3540581407987118,adamw,1.0081754299235888,1.0,0.25,verified-v3-adamw-1e-6,1.0,1563,FEVER
8,1e-06,0.191811738775611,adamw,0.9384224791070078,1.0,0.25,verified-v3-adamw-1e-6,0.9769331095982161,1563,FiQA2018
8,1e-06,0.2697411996841905,adamw,1.0090321267175901,1.0,0.25,verified-v3-adamw-1e-6,1.0,1563,HotpotQA
8,1e-06,0.3381200509576357,adamw,0.9751509383797358,1.0,0.25,verified-v3-adamw-1e-6,1.0,1563,MSMARCO
8,1e-06,-0.0031048256085045656,adamw,-0.6271582421157731,0.9920976432582898,0.25,verified-v3-adamw-1e-6,0.6834801222062798,1563,NFCorpus
8,1e-06,0.3639597295839374,adamw,1.0162213200806771,1.0,0.25,verified-v3-adamw-1e-6,1.0,1563,NQ
8,1e-06,0.4696464081037961,adamw,1.0040130557858524,1.0,0.25,verified-v3-adamw-1e-6,1.0,1563,QuoraRetrieval
8,1e-06,0.09511073906495149,adamw,0.9562588111046564,1.0,0.25,verified-v3-adamw-1e-6,0.864577964849483,1563,SCIDOCS
8,1e-06,0.2641352907464063,adamw,1.0039032160397694,1.0,0.25,verified-v3-adamw-1e-6,0.9769331095982161,1563,SciFact
8,1e-06,0.05780650113061229,adamw,1.0158039160190142,0.9400910357005547,0.25,verified-v3-adamw-1e-6,0.8348157717261977,1563,TRECCOVID
8,1e-06,0.24959927598877057,adamw,0.9546525692281427,1.0,0.25,verified-v3-adamw-1e-6,1.0,1563,Touche2020
9,1e-06,0.20680133638517345,adamw,0.9808752699544326,1.0,0.25,verified-v3-adamw-1e-6,1.0,1563,ArguAna
9,1e-06,0.008198086944582891,adamw,1.2691387723762961,1.032726076887488,0.25,verified-v3-adamw-1e-6,0.7782071332401665,1563,ClimateFEVER
9,1e-06,0.26828261725493563,adamw,1.0025411324116322,1.0,0.25,verified-v3-adamw-1e-6,1.0,1563,DBPedia
9,1e-06,0.3487440158042744,adamw,0.9930435359390342,1.0,0.25,verified-v3-adamw-1e-6,1.0,1563,FEVER
9,1e-06,0.19953714662689404,adamw,0.9762183743644652,1.0,0.25,verified-v3-adamw-1e-6,0.9769331095982161,1563,FiQA2018
9,1e-06,0.26793237498551525,adamw,1.0022657809213213,1.0,0.25,verified-v3-adamw-1e-6,1.0,1563,HotpotQA
9,1e-06,0.34499388481669147,adamw,0.9949753336468609,1.0,0.25,verified-v3-adamw-1e-6,1.0,1563,MSMARCO
9,1e-06,2.6537908664761578e-05,adamw,0.005360516256382308,1.0074768449879572,0.25,verified-v3-adamw-1e-6,0.6940752271831511,1563,NFCorpus
9,1e-06,0.3497611451847893,adamw,0.9765770874677073,1.0,0.25,verified-v3-adamw-1e-6,1.0,1563,NQ
9,1e-06,0.47375395001053566,adamw,1.0127941848020519,1.0,0.25,verified-v3-adamw-1e-6,1.0,1563,QuoraRetrieval
9,1e-06,0.09253328602564798,adamw,0.9303446798165029,1.0031680016595208,0.25,verified-v3-adamw-1e-6,0.8673169492769113,1563,SCIDOCS
9,1e-06,0.2573397007536702,adamw,0.978075108673589,1.0,0.25,verified-v3-adamw-1e-6,0.9769331095982161,1563,SciFact
9,1e-06,0.05422235524917733,adamw,0.9528215636756543,0.9648091880141458,0.25,verified-v3-adamw-1e-6,0.8567658835937564,1563,TRECCOVID
9,1e-06,0.2578256218769117,adamw,0.9861162111251913,1.0,0.25,verified-v3-adamw-1e-6,1.0,1563,Touche2020
10,1e-06,0.21322683372245746,adamw,1.0113519174726147,1.0,0.25,verified-v3-adamw-1e-6,1.0,1563,ArguAna
10,1e-06,0.011071471157429872,adamw,1.713964905242296,1.088198519542878,0.25,verified-v3-adamw-1e-6,0.8200081989233214,1563,ClimateFEVER
10,1e-06,0.26997704582536053,adamw,1.0088730161362127,1.0,0.25,verified-v3-adamw-1e-6,1.0,1563,DBPedia
10,1e-06,0.33983887271882757,adamw,0.9676862699305524,1.0,0.25,verified-v3-adamw-1e-6,1.0,1563,FEVER
10,1e-06,0.1964785655890155,adamw,0.9612545289896345,0.9763884649059846,0.25,verified-v3-adamw-1e-6,0.9538662191964322,1563,FiQA2018
10,1e-06,0.26886380705668256,adamw,1.005750027616907,1.0,0.25,verified-v3-adamw-1e-6,1.0,1563,HotpotQA
10,1e-06,0.3426637101463672,adamw,0.9882550222961445,1.0,0.25,verified-v3-adamw-1e-6,1.0,1563,MSMARCO
10,1e-06,-0.007850664196270299,adamw,-1.5857923689136177,0.9595283134960614,0.25,verified-v3-adamw-1e-6,0.6610423212122611,1563,NFCorpus
10,1e-06,0.36223790415017987,adamw,1.011413767010886,1.0,0.25,verified-v3-adamw-1e-6,1.0,1563,NQ
10,1e-06,0.46424458304474914,adamw,0.9924650000767674,1.0,0.25,verified-v3-adamw-1e-6,1.0,1563,QuoraRetrieval
10,1e-06,0.10206775448285228,adamw,1.0262057735377357,0.9981566373909816,0.25,verified-v3-adamw-1e-6,0.8629842341564983,1563,SCIDOCS
10,1e-06,0.25230840500911134,adamw,0.9589525826206081,1.0,0.25,verified-v3-adamw-1e-6,0.9769331095982161,1563,SciFact
10,1e-06,0.05669971085970066,adamw,0.996354859781144,1.0,0.25,verified-v3-adamw-1e-6,0.8880158835937564,1563,TRECCOVID
10,1e-06,0.25624513507617785,adamw,0.9800712585548176,1.0,0.25,verified-v3-adamw-1e-6,1.0,1563,Touche2020
11,1e-06,0.1996682140417499,adamw,0.9470423004653379,1.0,0.25,verified-v3-adamw-1e-6,1.0,1563,ArguAna
11,1e-06,0.001627238253097369,adamw,0.2519113511310556,0.9966207867011505,0.25,verified-v3-adamw-1e-6,0.7510001177502545,1563,ClimateFEVER
11,1e-06,0.26600781292309383,adamw,0.9940404515468244,0.9769331095982161,0.25,verified-v3-adamw-1e-6,0.9769331095982161,1563,DBPedia
11,1e-06,0.3457592921426667,adamw,0.9845445785249884,1.0,0.25,verified-v3-adamw-1e-6,1.0,1563,FEVER
11,1e-06,0.20458944130042653,adamw,1.000936292688859,1.0,0.25,verified-v3-adamw-1e-6,0.9769331095982161,1563,FiQA2018
11,1e-06,0.2634994076586062,adamw,0.9856831956329873,1.0,0.25,verified-v3-adamw-1e-6,1.0,1563,HotpotQA
11,1e-06,0.3316246108776617,adamw,0.9564178449969669,1.0,0.25,verified-v3-adamw-1e-6,1.0,1563,MSMARCO
11,1e-06,0.008464471860597076,adamw,1.709778249055138,1.0425803691099247,0.25,verified-v3-adamw-1e-6,0.7182588961191603,1563,NFCorpus
11,1e-06,0.35424643377713694,adamw,0.9891005770841792,1.0,0.25,verified-v3-adamw-1e-6,1.0,1563,NQ
11,1e-06,0.4713237224874409,adamw,1.0075988290628934,1.0,0.25,verified-v3-adamw-1e-6,1.0,1563,QuoraRetrieval
11,1e-06,0.09830177594243017,adamw,0.9883420139127539,0.9981566373909816,0.25,verified-v3-adamw-1e-6,0.8629842341564983,1563,SCIDOCS
11,1e-06,0.2609087095476423,adamw,0.9916398973703889,1.0236115350940154,0.25,verified-v3-adamw-1e-6,1.0,1563,SciFact
11,1e-06,0.05398852406764412,adamw,0.9487125685757416,0.9388334247108665,0.25,verified-v3-adamw-1e-6,0.8336989931919725,1563,TRECCOVID
11,1e-06,0.25544864563698977,adamw,0.9770248927892446,1.0,0.25,verified-v3-adamw-1e-6,1.0,1563,Touche2020
12,1e-06,0.2075684895835903,adamw,0.984513938899937,1.0,0.25,verified-v3-adamw-1e-6,1.0,1563,ArguAna
12,1e-06,0.003677149995083723,adamw,0.5692564206930965,0.9657612291616798,0.25,verified-v3-adamw-1e-6,0.7277460058000362,1563,ClimateFEVER
12,1e-06,0.2567962746569347,adamw,0.9596179977214514,1.0,0.25,verified-v3-adamw-1e-6,1.0,1563,DBPedia
12,1e-06,0.3546405879392192,adamw,1.0098339397236011,1.0,0.25,verified-v3-adamw-1e-6,1.0,1563,FEVER
12,1e-06,0.21046376853739002,adamw,1.029675934819135,1.0,0.25,verified-v3-adamw-1e-6,0.9769331095982161,1563,FiQA2018
12,1e-06,0.2659361364524408,adamw,0.9947983683984217,1.0,0.25,verified-v3-adamw-1e-6,1.0,1563,HotpotQA
12,1e-06,0.34290276024499156,adamw,0.9889444517675203,1.0,0.25,verified-v3-adamw-1e-6,1.0,1563,MSMARCO
12,1e-06,-0.007684270148363437,adamw,-1.5521816571564258,0.9885759975766745,0.25,verified-v3-adamw-1e-6,0.6810539751055443,1563,NFCorpus
12,1e-06,0.3496734993437811,adamw,0.9763323692612433,1.0,0.25,verified-v3-adamw-1e-6,1.0,1563,NQ
12,1e-06,0.4631688719087489,adamw,0.9901653380200318,1.0,0.25,verified-v3-adamw-1e-6,1.0,1563,QuoraRetrieval
12,1e-06,0.10479450938247484,adamw,1.053621009967622,1.0266799425148427,0.25,verified-v3-adamw-1e-6,0.8876448552512669,1563,SCIDOCS
12,1e-06,0.26527562228632984,adamw,1.0082372923271365,1.0,0.25,verified-v3-adamw-1e-6,0.9769331095982161,1563,SciFact
12,1e-06,0.052595734592058976,adamw,0.9242377953959438,0.9296183760282918,0.25,verified-v3-adamw-1e-6,0.8255158835937564,1563,TRECCOVID
12,1e-06,0.26631076057436964,adamw,1.0185696684747623,1.0,0.25,verified-v3-adamw-1e-6,1.0,1563,Touche2020
13,1e-06,0.20698636828830896,adamw,0.9817528910622585,1.0,0.25,verified-v3-adamw-1e-6,1.0,1563,ArguAna
13,1e-06,0.01828221949839099,adamw,2.8302546395697505,1.0612222073355788,0.25,verified-v3-adamw-1e-6,0.7996802929489657,1563,ClimateFEVER
13,1e-06,0.26698262864607025,adamw,0.9976832252337859,1.0,0.25,verified-v3-adamw-1e-6,1.0,1563,DBPedia
13,1e-06,0.35134893690716384,adamw,1.0004610110658543,1.0,0.25,verified-v3-adamw-1e-6,1.0,1563,FEVER
13,1e-06,0.2114447789094483,adamw,1.0344754439172388,0.9763884649059846,0.25,verified-v3-adamw-1e-6,0.9538662191964322,1563,FiQA2018
13,1e-06,0.2527912396081334,adamw,0.9456267059537387,1.0,0.25,verified-v3-adamw-1e-6,1.0,1563,HotpotQA
13,1e-06,0.348336211870537,adamw,1.0046147305229065,1.0,0.25,verified-v3-adamw-1e-6,1.0,1563,MSMARCO
13,1e-06,0.0027619334970861806,adamw,0.5578958612453392,1.0263059751128256,0.25,verified-v3-adamw-1e-6,0.707047071483191,1563,NFCorpus
13,1e-06,0.3470634517296957,adamw,0.9690447882014064,1.0,0.25,verified-v3-adamw-1e-6,1.0,1563,NQ
13,1e-06,0.4678328999208746,adamw,1.0001361265450242,1.0,0.25,verified-v3-adamw-1e-6,1.0,1563,QuoraRetrieval
13,1e-06,0.10315678435595967,adamw,1.0371550566781385,1.0165079729169422,0.25,verified-v3-adamw-1e-6,0.8788503944778032,1563,SCIDOCS
13,1e-06,0.26624623626771854,adamw,1.0119263203805093,1.0236115350940154,0.25,verified-v3-adamw-1e-6,1.0,1563,SciFact
13,1e-06,0.056768967926327296,adamw,0.9975718785959028,0.9400910357005547,0.25,verified-v3-adamw-1e-6,0.8348157717261977,1563,TRECCOVID
13,1e-06,0.26090390759138926,adamw,0.9978898565194051,1.0,0.25,verified-v3-adamw-1e-6,1.0,1563,Touche2020
14,1e-06,0.20366161977042874,adamw,0.9659833430650814,1.0,0.25,verified-v3-adamw-1e-6,1.0,1563,ArguAna
14,1e-06,-0.0032156021534595954,adamw,-0.49780459722849696,0.9759570838292498,0.25,verified-v3-adamw-1e-6,0.735429056523125,1563,ClimateFEVER
14,1e-06,0.261424820984404,adamw,0.9769143403769702,0.9769331095982161,0.25,verified-v3-adamw-1e-6,0.9769331095982161,1563,DBPedia
14,1e-06,0.34243592044437127,adamw,0.97508132572937,1.0,0.25,verified-v3-adamw-1e-6,1.0,1563,FEVER
14,1e-06,0.20047773351124315,adamw,0.9808201150163187,1.0,0.25,verified-v3-adamw-1e-6,0.9769331095982161,1563,FiQA2018
14,1e-06,0.2693598945814528,adamw,1.0076057628577344,1.0,0.25,verified-v3-adamw-1e-6,1.0,1563,HotpotQA
14,1e-06,0.33298518556686396,adamw,0.9603417935506051,1.0,0.25,verified-v3-adamw-1e-6,1.0,1563,MSMARCO
14,1e-06,0.001095255226807007,adamw,0.221235724425514,1.0129527902959954,0.25,verified-v3-adamw-1e-6,0.6978477386831693,1563,NFCorpus
14,1e-06,0.3601247140239613,adamw,1.0055134745194554,1.0,0.25,verified-v3-adamw-1e-6,1.0,1563,NQ
14,1e-06,0.4624920155621888,adamw,0.988718350249846,1.0,0.25,verified-v3-adamw-1e-6,1.0,1563,QuoraRetrieval
14,1e-06,0.09226843194437535,adamw,0.9276817938862294,0.9892434360918966,0.25,verified-v3-adamw-1e-6,0.8552780767170416,1563,SCIDOCS
14,1e-06,0.2522599191788807,adamw,0.9587683017516513,1.0,0.25,verified-v3-adamw-1e-6,0.9769331095982161,1563,SciFact
14,1e-06,0.056635984313664484,adamw,0.9952350259605215,0.9530728718704081,0.25,verified-v3-adamw-1e-6,0.8463438484432394,1563,TRECCOVID
14,1e-06,0.2586726535366266,adamw,0.989355887790763,1.0,0.25,verified-v3-adamw-1e-6,1.0,1563,Touche2020
15,1e-06,0.20933315945052117,adamw,0.9928839091446281,1.0,0.25,verified-v3-adamw-1e-6,1.0,1563,ArguAna
15,1e-06,0.005782995299863597,adamw,0.8952605168912607,1.0250791289042438,0.25,verified-v3-adamw-1e-6,0.7724448022588356,1563,ClimateFEVER
15,1e-06,0.2622938790723698,adamw,0.9801619100054295,1.0,0.25,verified-v3-adamw-1e-6,1.0,1563,DBPedia
15,1e-06,0.34811727652141095,adamw,0.991258904904918,1.0,0.25,verified-v3-adamw-1e-6,1.0,1563,FEVER
15,1e-06,0.20365365768473012,adamw,0.9963580516168834,1.0,0.25,verified-v3-adamw-1e-6,0.9769331095982161,1563,FiQA2018
15,1e-06,0.26157034199638096,adamw,0.9784670594624212,1.0,0.25,verified-v3-adamw-1e-6,1.0,1563,HotpotQA
15,1e-06,0.34267376873360667,adamw,0.9882840316398895,1.0,0.25,verified-v3-adamw-1e-6,1.0,1563,MSMARCO
15,1e-06,-0.007389611041832946,adamw,-1.492662086469789,1.0167334460369661,0.25,verified-v3-adamw-1e-6,0.7004523240941094,1563,NFCorpus
15,1e-06,0.35119702441715633,adamw,0.9805862427955798,1.0,0.25,verified-v3-adamw-1e-6,1.0,1563,NQ
15,1e-06,0.4626529096555415,adamw,0.9890623106582247,1.0,0.25,verified-v3-adamw-1e-6,1.0,1563,QuoraRetrieval
15,1e-06,0.09127023995994435,adamw,0.9176458096254579,0.9918206340719402,0.25,verified-v3-adamw-1e-6,0.8575062653016419,1563,SCIDOCS
15,1e-06,0.2478352034756705,adamw,0.9419512141449101,1.0,0.25,verified-v3-adamw-1e-6,0.9769331095982161,1563,SciFact
15,1e-06,0.05522718069513585,adamw,0.9704788444824265,0.9400910357005547,0.25,verified-v3-adamw-1e-6,0.8348157717261977,1563,TRECCOVID
15,1e-06,0.2569124506684226,adamw,0.9826235678197336,1.0,0.25,verified-v3-adamw-1e-6,1.0,1563,Touche2020
16,1e-06,0.21313748560812606,adamw,1.0109281322239474,1.0,0.25,verified-v3-adamw-1e-6,1.0,1563,ArguAna
16,1e-06,0.0021667885756642136,adamw,0.3354386714249928,1.0255014065014647,0.25,verified-v3-adamw-1e-6,0.7727630080693787,1563,ClimateFEVER
16,1e-06,0.261582849126081,adamw,0.9775048732774272,1.0,0.25,verified-v3-adamw-1e-6,1.0,1563,DBPedia
16,1e-06,0.3527028588322777,adamw,1.004316284145737,1.0,0.25,verified-v3-adamw-1e-6,1.0,1563,FEVER
16,1e-06,0.2005885406073326,adamw,0.9813622292293418,1.0,0.25,verified-v3-adamw-1e-6,0.9769331095982161,1563,FiQA2018
16,1e-06,0.26341397209298395,adamw,0.9853636032586002,1.0,0.25,verified-v3-adamw-1e-6,1.0,1563,HotpotQA
16,1e-06,0.33945072151635824,adamw,0.9789886422968429,1.0,0.25,verified-v3-adamw-1e-6,1.0,1563,MSMARCO
16,1e-06,-0.0033205385859339295,adamw,-0.670731115051242,1.0072100423681412,0.25,verified-v3-adamw-1e-6,0.6938914203890961,1563,NFCorpus
16,1e-06,0.3537369797419433,adamw,0.9876781173720656,1.0,0.25,verified-v3-adamw-1e-6,1.0,1563,NQ
16,1e-06,0.4607611064415739,adamw,0.9850180018058055,1.0,0.25,verified-v3-adamw-1e-6,1.0,1563,QuoraRetrieval
16,1e-06,0.09711187866770069,adamw,0.976378593541344,0.9896052742827961,0.25,verified-v3-adamw-1e-6,0.8555909140437343,1563,SCIDOCS
16,1e-06,0.2540981648586573,adamw,0.9657549514514476,1.0,0.25,verified-v3-adamw-1e-6,0.9769331095982161,1563,SciFact
16,1e-06,0.051854285994954286,adamw,0.911208700506357,1.0167607146207045,0.25,verified-v3-adamw-1e-6,0.9028996643973242,1563,TRECCOVID
16,1e-06,0.25349488939824705,adamw,0.9695522813180272,1.0,0.25,verified-v3-adamw-1e-6,1.0,1563,Touche2020
17,1e-06,0.2057485090982774,adamw,0.9758816259707878,1.0,0.25,verified-v3-adamw-1e-6,1.0,1563,ArguAna
17,1e-06,-0.00238323838885042,adamw,-0.36894708040444857,0.9642791991658859,0.25,verified-v3-adamw-1e-6,0.7266292272658108,1563,ClimateFEVER
17,1e-06,0.26019250795451576,adamw,0.9723093290157765,0.9769331095982161,0.25,verified-v3-adamw-1e-6,0.9769331095982161,1563,DBPedia
17,1e-06,0.35591332729121283,adamw,1.0134580466018732,1.0,0.25,verified-v3-adamw-1e-6,1.0,1563,FEVER
17,1e-06,0.19994549820240975,adamw,0.9782161994208921,1.0,0.25,verified-v3-adamw-1e-6,0.9769331095982161,1563,FiQA2018
17,1e-06,0.2694689877401366,adamw,1.0080138521746274,1.0,0.25,verified-v3-adamw-1e-6,1.0,1563,HotpotQA
17,1e-06,0.33668713699591674,adamw,0.9710183606446084,1.0,0.25,verified-v3-adamw-1e-6,1.0,1563,MSMARCO
17,1e-06,-0.00013415750225020083,adamw,-0.027099101169293614,1.0362912667348683,0.25,verified-v3-adamw-1e-6,0.7139261809987473,1563,NFCorpus
17,1e-06,0.3610376300688366,adamw,1.008062450883699,1.0,0.25,verified-v3-adamw-1e-6,1.0,1563,NQ
17,1e-06,0.47166270588672066,adamw,1.0083235099136332,1.0,0.25,verified-v3-adamw-1e-6,1.0,1563,QuoraRetrieval
17,1e-06,0.10348042169955983,adamw,1.0404089590708938,1.0,0.25,verified-v3-adamw-1e-6,0.864577964849483,1563,SCIDOCS
17,1e-06,0.27242152162136235,adamw,1.0353968260027144,1.0,0.25,verified-v3-adamw-1e-6,0.9769331095982161,1563,SciFact
17,1e-06,0.05019836604434129,adamw,0.8821100708099141,0.9480484733934413,0.25,verified-v3-adamw-1e-6,0.8418821027901886,1563,TRECCOVID
17,1e-06,0.2515887352114628,adamw,0.9622617353637175,0.9769331095982161,0.25,verified-v3-adamw-1e-6,0.9769331095982161,1563,Touche2020
18,1e-06,0.21110613430839192,adamw,1.0012932706252393,1.0,0.25,verified-v3-adamw-1e-6,1.0,1563,ArguAna
18,1e-06,0.010295294464437015,adamw,1.5938056605366804,0.9906225681492805,0.25,verified-v3-adamw-1e-6,0.7464801810814071,1563,ClimateFEVER
18,1e-06,0.2645548828110421,adamw,0.988611019648644,0.96875,0.25,verified-v3-adamw-1e-6,0.96875,1563,DBPedia
18,1e-06,0.35115545608624743,adamw,0.999910077229481,1.0,0.25,verified-v3-adamw-1e-6,1.0,1563,FEVER
18,1e-06,0.18658517590579066,adamw,0.9128519685803128,1.0,0.25,verified-v3-adamw-1e-6,0.9769331095982161,1563,FiQA2018
18,1e-06,0.2647354852209566,adamw,0.9903070423904963,1.0,0.25,verified-v3-adamw-1e-6,1.0,1563,HotpotQA
18,1e-06,0.35315705041723244,adamw,1.0185182101280728,1.0,0.25,verified-v3-adamw-1e-6,1.0,1563,MSMARCO
18,1e-06,0.007858319430362463,adamw,1.5873386854420166,1.0320487230406798,0.25,verified-v3-adamw-1e-6,0.7110033897772642,1563,NFCorpus
18,1e-06,0.3532995942022551,adamw,0.9864568819594712,1.0,0.25,verified-v3-adamw-1e-6,1.0,1563,NQ
18,1e-06,0.4667095658315664,adamw,0.9977346558380971,1.0,0.25,verified-v3-adamw-1e-6,1.0,1563,QuoraRetrieval
18,1e-06,0.08365743924410902,adamw,0.84110547534491,0.9879517324172377,0.25,verified-v3-adamw-1e-6,0.8541612981828164,1563,SCIDOCS
18,1e-06,0.26521592992305865,adamw,1.008010418609158,1.0,0.25,verified-v3-adamw-1e-6,0.9769331095982161,1563,SciFact
18,1e-06,0.05105165621346992,adamw,0.8971045001275256,0.9907849513174253,0.25,verified-v3-adamw-1e-6,0.8798327739955403,1563,TRECCOVID
18,1e-06,0.2617888689738104,adamw,1.0012746045482175,1.0,0.25,verified-v3-adamw-1e-6,1.0,1563,Touche2020
19,1e-06,0.2101244305560604,adamw,0.9966369712515739,1.0,0.25,verified-v3-adamw-1e-6,1.0,1563,ArguAna
19,1e-06,0.0022972103019197193,adamw,0.3556291464309311,1.0269763122072992,0.25,verified-v3-adamw-1e-6,0.7738744181197537,1563,ClimateFEVER
19,1e-06,0.2733670394398324,adamw,1.0215410304559454,1.0,0.25,verified-v3-adamw-1e-6,1.0,1563,DBPedia
19,1e-06,0.3481052198719849,adamw,0.9912245737702317,1.0,0.25,verified-v3-adamw-1e-6,1.0,1563,FEVER
19,1e-06,0.20287702168482075,adamw,0.9925584266040927,1.0,0.25,verified-v3-adamw-1e-6,0.9769331095982161,1563,FiQA2018
19,1e-06,0.26925198794903416,adamw,1.007202112029,0.9769331095982161,0.25,verified-v3-adamw-1e-6,0.9769331095982161,1563,HotpotQA
19,1e-06,0.3441078615821508,adamw,0.9924200093289403,1.0,0.25,verified-v3-adamw-1e-6,1.0,1563,MSMARCO
19,1e-06,0.00019277787603066456,adamw,0.03894010456466068,1.0126117450362264,0.25,verified-v3-adamw-1e-6,0.6976127843342614,1563,NFCorpus
19,1e-06,0.35143029659380587,adamw,0.9812375680385232,1.0,0.25,verified-v3-adamw-1e-6,1.0,1563,NQ
19,1e-06,0.46725306779731246,adamw,0.9988965577712078,1.0,0.25,verified-v3-adamw-1e-6,1.0,1563,QuoraRetrieval
19,1e-06,0.09869574439438945,adamw,0.9923030366867022,0.9949886357314608,0.25,verified-v3-adamw-1e-6,0.86024524972907,1563,SCIDOCS
19,1e-06,0.24171222680113105,adamw,0.9186795189544019,1.0,0.25,verified-v3-adamw-1e-6,0.9769331095982161,1563,SciFact
19,1e-06,0.054174089422640154,adamw,0.95197341312775,1.0,0.25,verified-v3-adamw-1e-6,0.8880158835937564,1563,TRECCOVID
19,1e-06,0.25787116650952174,adamw,0.9862904075460883,1.0,0.25,verified-v3-adamw-1e-6,1.0,1563,Touche2020
0,1e-06,0.20515351861025677,adamw,0.973059538523197,1.0,0.5,verified-v3-adamw-1e-6,1.0,1563,ArguAna
0,1e-06,-0.008780829572858329,adamw,-1.3593526562811897,0.9375206768752296,0.5,verified-v3-adamw-1e-6,0.7064654361235219,1563,ClimateFEVER
0,1e-06,0.23864489933266042,adamw,0.8917884060817727,0.9769331095982161,0.5,verified-v3-adamw-1e-6,0.9769331095982161,1563,DBPedia
0,1e-06,0.3489203270210306,adamw,0.99354557957614,1.0,0.5,verified-v3-adamw-1e-6,1.0,1563,FEVER
0,1e-06,0.18983897907426112,adamw,0.9287709214836819,1.0236115350940154,0.5,verified-v3-adamw-1e-6,1.0,1563,FiQA2018
0,1e-06,0.2718012271027423,adamw,1.0167381569779712,0.9769331095982161,0.5,verified-v3-adamw-1e-6,0.9769331095982161,1563,HotpotQA
0,1e-06,0.34620834997165245,adamw,0.9984778968108481,1.0,0.5,verified-v3-adamw-1e-6,1.0,1563,MSMARCO
0,1e-06,-0.013711860652272569,adamw,-2.7697228466746773,0.9425997821256932,0.5,verified-v3-adamw-1e-6,0.6493798454787312,1563,NFCorpus
0,1e-06,0.34870746657733964,adamw,0.973635084332835,1.0,0.5,verified-v3-adamw-1e-6,1.0,1563,NQ
0,1e-06,0.4563833879689209,adamw,0.9756592876215652,1.0,0.5,verified-v3-adamw-1e-6,1.0,1563,QuoraRetrieval
0,1e-06,0.074706940537407,adamw,0.7511157082985234,0.9961310983452973,0.5,verified-v3-adamw-1e-6,0.8612329977306574,1563,SCIDOCS
0,1e-06,0.27450357891791183,adamw,1.0433101344064442,1.0236115350940154,0.5,verified-v3-adamw-1e-6,1.0,1563,SciFact
0,1e-06,0.04032282101976469,adamw,0.7085721968237197,0.9388334247108665,0.5,verified-v3-adamw-1e-6,0.8336989931919725,1563,TRECCOVID
0,1e-06,0.2632703656605434,adamw,1.0069409455770124,1.0,0.5,verified-v3-adamw-1e-6,1.0,1563,Touche2020
1,1e-06,0.21363657199407293,adamw,1.0132953388489299,1.0,0.5,verified-v3-adamw-1e-6,1.0,1563,ArguAna
1,1e-06,0.0019824692199161675,adamw,0.3069043508620914,0.9696066862488536,0.5,verified-v3-adamw-1e-6,0.7306437365756808,1563,ClimateFEVER
1,1e-06,0.25147921215820046,adamw,0.9397487497130383,1.0,0.5,verified-v3-adamw-1e-6,1.0,1563,DBPedia
1,1e-06,0.3213339767208636,adamw,0.9149938464874632,1.0,0.5,verified-v3-adamw-1e-6,1.0,1563,FEVER
1,1e-06,0.2020371866698287,adamw,0.9884496058309715,0.9763884649059846,0.5,verified-v3-adamw-1e-6,0.9538662191964322,1563,FiQA2018
1,1e-06,0.26146066419085934,adamw,0.9780567831327809,0.9769331095982161,0.5,verified-v3-adamw-1e-6,0.9769331095982161,1563,HotpotQA
1,1e-06,0.3236346558456879,adamw,0.9333745143072487,1.0,0.5,verified-v3-adamw-1e-6,1.0,1563,MSMARCO
1,1e-06,-0.029909695090668653,adamw,-6.041599162252896,0.8951513155873153,0.5,verified-v3-adamw-1e-6,0.6166914463795832,1563,NFCorpus
1,1e-06,0.3341792176077737,adamw,0.9330703867955813,1.0,0.5,verified-v3-adamw-1e-6,1.0,1563,NQ
1,1e-06,0.4775528509144291,adamw,1.0209154991341371,1.0,0.5,verified-v3-adamw-1e-6,1.0,1563,QuoraRetrieval
1,1e-06,0.07714207958204855,adamw,0.7755989915806902,1.0606093854739858,0.5,verified-v3-adamw-1e-6,0.9169795039933595,1563,SCIDOCS
1,1e-06,0.2531671861664231,adamw,0.9622165658742785,1.0,0.5,verified-v3-adamw-1e-6,0.9769331095982161,1563,SciFact
1,1e-06,0.048787262359369504,adamw,0.8573134714470767,0.9434400059512903,0.5,verified-v3-adamw-1e-6,0.8377897105025338,1563,TRECCOVID
1,1e-06,0.2331558407756453,adamw,0.8917606893901066,1.0,0.5,verified-v3-adamw-1e-6,1.0,1563,Touche2020
2,1e-06,0.20273975037222244,adamw,0.9616108428161267,1.0,0.5,verified-v3-adamw-1e-6,1.0,1563,ArguAna
2,1e-06,-0.012651973870137709,adamw,-1.9586411676560371,0.9346506250380152,0.5,verified-v3-adamw-1e-6,0.7043027185719125,1563,ClimateFEVER
2,1e-06,0.25484586365560635,adamw,0.9523295372391916,1.0,0.5,verified-v3-adamw-1e-6,1.0,1563,DBPedia
2,1e-06,0.3385638630688912,adamw,0.9640556984117573,1.0,0.5,verified-v3-adamw-1e-6,1.0,1563,FEVER
2,1e-06,0.194194657184056,adamw,0.9500807030230043,1.0,0.5,verified-v3-adamw-1e-6,0.9769331095982161,1563,FiQA2018
2,1e-06,0.2820205659026567,adamw,1.0549660627446762,1.0,0.5,verified-v3-adamw-1e-6,1.0,1563,HotpotQA
2,1e-06,0.3359117102540883,adamw,0.9687820007694778,1.0,0.5,verified-v3-adamw-1e-6,1.0,1563,MSMARCO
2,1e-06,0.00345297931071732,adamw,0.6974834363127561,1.0402306316097765,0.5,verified-v3-adamw-1e-6,0.716640104980337,1563,NFCorpus
2,1e-06,0.35013734834193466,adamw,0.9776274939767182,1.0,0.5,verified-v3-adamw-1e-6,1.0,1563,NQ
2,1e-06,0.4559900989560854,adamw,0.9748185118873733,1.0,0.5,verified-v3-adamw-1e-6,1.0,1563,QuoraRetrieval
2,1e-06,0.09338770079911321,adamw,0.9389351046570265,0.9918206340719402,0.5,verified-v3-adamw-1e-6,0.8575062653016419,1563,SCIDOCS
2,1e-06,0.2548157944821129,adamw,0.9684824578171309,1.0,0.5,verified-v3-adamw-1e-6,0.9769331095982161,1563,SciFact
2,1e-06,0.0575514492033188,adamw,1.0113220196671222,0.9388334247108665,0.5,verified-v3-adamw-1e-6,0.8336989931919725,1563,TRECCOVID
2,1e-06,0.25292341846512817,adamw,0.967366553044658,1.0,0.5,verified-v3-adamw-1e-6,1.0,1563,Touche2020
3,1e-06,0.20535146263274623,adamw,0.9739984028452998,1.0,0.5,verified-v3-adamw-1e-6,1.0,1563,ArguAna
3,1e-06,-0.018827912026883067,adamw,-2.914732829467819,0.9468280101572542,0.5,verified-v3-adamw-1e-6,0.7134789446555663,1563,ClimateFEVER
3,1e-06,0.2574652372170246,adamw,0.9621178334894027,1.0,0.5,verified-v3-adamw-1e-6,1.0,1563,DBPedia
3,1e-06,0.33262332567035735,adamw,0.9471401041756431,1.0,0.5,verified-v3-adamw-1e-6,1.0,1563,FEVER
3,1e-06,0.2045007116110626,adamw,1.000502190294528,1.0,0.5,verified-v3-adamw-1e-6,0.9769331095982161,1563,FiQA2018
3,1e-06,0.2763787595097136,adamw,1.0338615228751076,1.0,0.5,verified-v3-adamw-1e-6,1.0,1563,HotpotQA
3,1e-06,0.34422252537832354,adamw,0.9927507040278183,1.0,0.5,verified-v3-adamw-1e-6,1.0,1563,MSMARCO
3,1e-06,0.012962370268308682,adamw,2.618329779572314,1.0104521362223702,0.5,verified-v3-adamw-1e-6,0.6961249774575466,1563,NFCorpus
3,1e-06,0.34752835341379174,adamw,0.9703428521483707,1.0,0.5,verified-v3-adamw-1e-6,1.0,1563,NQ
3,1e-06,0.45770487043664765,adamw,0.9784843611826441,1.0,0.5,verified-v3-adamw-1e-6,1.0,1563,QuoraRetrieval
3,1e-06,0.08963313522562891,adamw,0.9011860928544506,1.0244645827256988,0.5,verified-v3-adamw-1e-6,0.8857295039933595,1563,SCIDOCS
3,1e-06,0.2772716698863017,adamw,1.053830861938174,1.0,0.5,verified-v3-adamw-1e-6,0.9769331095982161,1563,SciFact
3,1e-06,0.06206445811881145,adamw,1.0906268044183733,1.0075456659381299,0.5,verified-v3-adamw-1e-6,0.894716554799108,1563,TRECCOVID
3,1e-06,0.2575532755483586,adamw,0.9850745569727779,1.0,0.5,verified-v3-adamw-1e-6,1.0,1563,Touche2020
4,1e-06,0.20438942474328847,adamw,0.9694353802313129,1.0,0.5,verified-v3-adamw-1e-6,1.0,1563,ArguAna
4,1e-06,-0.003129420977472156,adamw,-0.48446296367008274,0.9799808962194102,0.5,verified-v3-adamw-1e-6,0.7384611863152577,1563,ClimateFEVER
4,1e-06,0.276026050237277,adamw,1.0314774464758907,0.9769331095982161,0.5,verified-v3-adamw-1e-6,0.9769331095982161,1563,DBPedia
4,1e-06,0.35588760935393166,adamw,1.0133848151478055,1.0,0.5,verified-v3-adamw-1e-6,1.0,1563,FEVER
4,1e-06,0.20567021973336647,adamw,1.0062239084671163,1.0,0.5,verified-v3-adamw-1e-6,0.9769331095982161,1563,FiQA2018
4,1e-06,0.25405044028306367,adamw,0.9503370503003817,1.0,0.5,verified-v3-adamw-1e-6,1.0,1563,HotpotQA
4,1e-06,0.33278267773774645,adamw,0.9597577533582714,1.0,0.5,verified-v3-adamw-1e-6,1.0,1563,MSMARCO
4,1e-06,-0.013253609969150773,adamw,-2.6771586485155927,1.00254977948066,0.5,verified-v3-adamw-1e-6,0.6906808522867588,1563,NFCorpus
4,1e-06,0.33341338662071585,adamw,0.9309320904035154,1.0,0.5,verified-v3-adamw-1e-6,1.0,1563,NQ
4,1e-06,0.4585832096766934,adamw,0.9803620803543408,1.0,0.5,verified-v3-adamw-1e-6,1.0,1563,QuoraRetrieval
4,1e-06,0.09697780495706021,adamw,0.9750305946886603,1.0393128044078077,0.5,verified-v3-adamw-1e-6,0.8985669492769113,1563,SCIDOCS
4,1e-06,0.24134872682141495,adamw,0.9172979587787957,1.0,0.5,verified-v3-adamw-1e-6,0.9769331095982161,1563,SciFact
4,1e-06,0.06372109763455065,adamw,1.1197380786627258,0.9469422099404032,0.5,verified-v3-adamw-1e-6,0.8408997232724515,1563,TRECCOVID
4,1e-06,0.254642794825958,adamw,0.9739427222015354,1.0,0.5,verified-v3-adamw-1e-6,1.0,1563,Touche2020
5,1e-06,0.19938216327700245,adamw,0.9456855388215459,1.0,0.5,verified-v3-adamw-1e-6,1.0,1563,ArguAna
5,1e-06,0.0011933869305977025,adamw,0.1847472019151346,0.9912555113731852,0.5,verified-v3-adamw-1e-6,0.7469571332401665,1563,ClimateFEVER
5,1e-06,0.2506227579830935,adamw,0.9365482794501646,0.9769331095982161,0.5,verified-v3-adamw-1e-6,0.9769331095982161,1563,DBPedia
5,1e-06,0.3293415846300324,adamw,0.9377953940758731,1.0,0.5,verified-v3-adamw-1e-6,1.0,1563,FEVER
5,1e-06,0.19019258434153336,adamw,0.9305009049229493,1.0236115350940154,0.5,verified-v3-adamw-1e-6,1.0,1563,FiQA2018
5,1e-06,0.25609005202322255,adamw,0.9579667107833194,1.0,0.5,verified-v3-adamw-1e-6,1.0,1563,HotpotQA
5,1e-06,0.333696279551251,adamw,0.9623926153347236,1.0,0.5,verified-v3-adamw-1e-6,1.0,1563,MSMARCO
5,1e-06,-0.015129888396863385,adamw,-3.0561569011777623,0.9276333429422089,0.5,verified-v3-adamw-1e-6,0.6390691026283346,1563,NFCorpus
5,1e-06,0.34187246456680853,adamw,0.9545508994593155,1.0,0.5,verified-v3-adamw-1e-6,1.0,1563,NQ
5,1e-06,0.4753814134043831,adamw,1.0162733863184303,1.0,0.5,verified-v3-adamw-1e-6,1.0,1563,QuoraRetrieval
5,1e-06,0.0920968290939114,adamw,0.925956470969174,0.9977846402108561,0.5,verified-v3-adamw-1e-6,0.8626626135915756,1563,SCIDOCS
5,1e-06,0.2602477752853136,adamw,0.9891278739687919,1.0236115350940154,0.5,verified-v3-adamw-1e-6,1.0,1563,SciFact
5,1e-06,0.039099005091303846,adamw,0.6870667088889268,0.9648091880141458,0.5,verified-v3-adamw-1e-6,0.8567658835937564,1563,TRECCOVID
5,1e-06,0.23507421501045378,adamw,0.8990979738623716,1.0,0.5,verified-v3-adamw-1e-6,1.0,1563,Touche2020
6,1e-06,0.1918651346850883,adamw,0.9100316713068021,1.0,0.5,verified-v3-adamw-1e-6,1.0,1563,ArguAna
6,1e-06,0.016385920853438735,adamw,2.53669028113076,1.0708174291029413,0.5,verified-v3-adamw-1e-6,0.8069107388450233,1563,ClimateFEVER
6,1e-06,0.2431034332419098,adamw,0.9084494319805436,0.9769331095982161,0.5,verified-v3-adamw-1e-6,0.9769331095982161,1563,DBPedia
6,1e-06,0.34774555536817586,adamw,0.9902004343028042,1.0,0.5,verified-v3-adamw-1e-6,1.0,1563,FEVER
6,1e-06,0.19972485387889327,adamw,0.9771367159940855,1.0236115350940154,0.5,verified-v3-adamw-1e-6,1.0,1563,FiQA2018
6,1e-06,0.23733685214859818,adamw,0.8878158358913616,0.9769331095982161,0.5,verified-v3-adamw-1e-6,0.9769331095982161,1563,HotpotQA
6,1e-06,0.3243526760387474,adamw,0.9354453115375653,1.0,0.5,verified-v3-adamw-1e-6,1.0,1563,MSMARCO
6,1e-06,-0.0021961148712429223,adamw,-0.44360351137286536,0.9834538467359754,0.5,verified-v3-adamw-1e-6,0.6775252011926639,1563,NFCorpus
6,1e-06,0.33027295597289175,adamw,0.9221636132365446,1.0,0.5,verified-v3-adamw-1e-6,1.0,1563,NQ
6,1e-06,0.4393624358248933,adamw,0.9392717886869772,1.0,0.5,verified-v3-adamw-1e-6,1.0,1563,QuoraRetrieval
6,1e-06,0.10035071986277759,adamw,1.0089424287192619,1.0146316749320803,0.5,verified-v3-adamw-1e-6,0.8772281885846003,1563,SCIDOCS
6,1e-06,0.25404377594886574,adamw,0.9655482346537703,1.0,0.5,verified-v3-adamw-1e-6,0.9769331095982161,1563,SciFact
6,1e-06,0.0611167675775563,adamw,1.0739735259089884,1.0012576109896882,0.5,verified-v3-adamw-1e-6,0.8891326621279816,1563,TRECCOVID
6,1e-06,0.24616819151511052,adamw,0.9415295599764422,0.9769331095982161,0.5,verified-v3-adamw-1e-6,0.9769331095982161,1563,Touche2020
7,1e-06,0.20071108623863318,adamw,0.951988726661253,1.0,0.5,verified-v3-adamw-1e-6,1.0,1563,ArguAna
7,1e-06,-0.018432903061372734,adamw,-2.853581832051687,0.8993566333785692,0.5,verified-v3-adamw-1e-6,0.6777070542572482,1563,ClimateFEVER
7,1e-06,0.2619488585927871,adamw,0.9788726083509084,1.0,0.5,verified-v3-adamw-1e-6,1.0,1563,DBPedia
7,1e-06,0.32485700787527216,adamw,0.925025626693724,1.0,0.5,verified-v3-adamw-1e-6,1.0,1563,FEVER
7,1e-06,0.1927451550723439,adamw,0.9429891382740138,0.968012139528312,0.5,verified-v3-adamw-1e-6,0.9456831095982161,1563,FiQA2018
7,1e-06,0.26032253200512856,adamw,0.973799324720057,1.0,0.5,verified-v3-adamw-1e-6,1.0,1563,HotpotQA
7,1e-06,0.32985129618033093,adamw,0.9513035387431761,1.0,0.5,verified-v3-adamw-1e-6,1.0,1563,MSMARCO
7,1e-06,-0.012967331080937589,adamw,-2.6193318373108516,0.923783401208395,0.5,verified-v3-adamw-1e-6,0.6364167844169213,1563,NFCorpus
7,1e-06,0.3529138163351327,adamw,0.985379741656523,1.0,0.5,verified-v3-adamw-1e-6,1.0,1563,NQ
7,1e-06,0.47587247577272834,adamw,1.017323182549204,1.0,0.5,verified-v3-adamw-1e-6,1.0,1563,QuoraRetrieval
7,1e-06,0.09686612963136626,adamw,0.973907792834446,1.026829183575665,0.5,verified-v3-adamw-1e-6,0.8877738857839048,1563,SCIDOCS
7,1e-06,0.23595941768783504,adamw,0.8968147255230481,1.0,0.5,verified-v3-adamw-1e-6,0.9769331095982161,1563,SciFact
7,1e-06,0.04479801644844219,adamw,0.7872125046176408,0.9840790791324407,0.5,verified-v3-adamw-1e-6,0.8738778529819244,1563,TRECCOVID
7,1e-06,0.24384199108537427,adamw,0.9326324459604255,1.0,0.5,verified-v3-adamw-1e-6,1.0,1563,Touche2020
8,1e-06,0.19483175770761943,adamw,0.924102601451366,1.0,0.5,verified-v3-adamw-1e-6,1.0,1563,ArguAna
8,1e-06,-0.004279840259429412,adamw,-0.6625583809413053,1.014463589351965,0.5,verified-v3-adamw-1e-6,0.7644454994546743,1563,ClimateFEVER
8,1e-06,0.25220532067576945,adamw,0.9424621333191242,0.96875,0.5,verified-v3-adamw-1e-6,0.96875,1563,DBPedia
8,1e-06,0.33049236603455695,adamw,0.9410722274644159,1.0,0.5,verified-v3-adamw-1e-6,1.0,1563,FEVER
8,1e-06,0.17550201344603444,adamw,0.8586285469158166,1.0,0.5,verified-v3-adamw-1e-6,0.9769331095982161,1563,FiQA2018
8,1e-06,0.23852888411195436,adamw,0.8922749194444445,0.9769331095982161,0.5,verified-v3-adamw-1e-6,0.9769331095982161,1563,HotpotQA
8,1e-06,0.3317793744888953,adamw,0.9568641890700085,1.0,0.5,verified-v3-adamw-1e-6,1.0,1563,MSMARCO
8,1e-06,-0.010685741985883814,adamw,-2.1584629878125243,0.9383522817843952,0.5,verified-v3-adamw-1e-6,0.6464536395028686,1563,NFCorpus
8,1e-06,0.33868310639764715,adamw,0.9456458105018631,1.0,0.5,verified-v3-adamw-1e-6,1.0,1563,NQ
8,1e-06,0.4737817769294689,adamw,1.0128536733649987,1.0,0.5,verified-v3-adamw-1e-6,1.0,1563,QuoraRetrieval
8,1e-06,0.09309219540806711,adamw,0.9359640454822704,1.018500576586783,0.5,verified-v3-adamw-1e-6,0.8805731557034258,1563,SCIDOCS
8,1e-06,0.2714087579348805,adamw,1.031547598892341,1.0,0.5,verified-v3-adamw-1e-6,0.9769331095982161,1563,SciFact
8,1e-06,0.05308139552800498,adamw,0.9327720652607939,0.9821330219262574,0.5,verified-v3-adamw-1e-6,0.8721497232724515,1563,TRECCOVID
8,1e-06,0.23774402312416254,adamw,0.9093092982542456,1.0,0.5,verified-v3-adamw-1e-6,1.0,1563,Touche2020
9,1e-06,0.20309389988128834,adamw,0.9632906022479625,1.0,0.5,verified-v3-adamw-1e-6,1.0,1563,ArguAna
9,1e-06,-0.006419025790155417,adamw,-0.9937238487758099,1.0021149732196986,0.5,verified-v3-adamw-1e-6,0.7551402428383827,1563,ClimateFEVER
9,1e-06,0.24785007259377612,adamw,0.9261870746189697,0.9769331095982161,0.5,verified-v3-adamw-1e-6,0.9769331095982161,1563,DBPedia
9,1e-06,0.3265356791915236,adamw,0.929805618963198,1.0,0.5,verified-v3-adamw-1e-6,1.0,1563,FEVER
9,1e-06,0.193409240200443,adamw,0.9462381178006416,1.0,0.5,verified-v3-adamw-1e-6,0.9769331095982161,1563,FiQA2018
9,1e-06,0.27264081185544087,adamw,1.0198788265885719,0.9769331095982161,0.5,verified-v3-adamw-1e-6,0.9769331095982161,1563,HotpotQA
9,1e-06,0.3359860732367965,adamw,0.9689964664072396,1.0,0.5,verified-v3-adamw-1e-6,1.0,1563,MSMARCO
9,1e-06,-0.015118234720647394,adamw,-3.0538029206289714,0.9473784564130527,0.5,verified-v3-adamw-1e-6,0.6526719900656105,1563,NFCorpus
9,1e-06,0.3456112700966815,adamw,0.9649901145214759,1.0,0.5,verified-v3-adamw-1e-6,1.0,1563,NQ
9,1e-06,0.4713030388237359,adamw,1.0075546113960636,1.0,0.5,verified-v3-adamw-1e-6,1.0,1563,QuoraRetrieval
9,1e-06,0.05952110101459909,adamw,0.5984348124241938,1.0162852167976388,0.5,verified-v3-adamw-1e-6,0.8786578044455182,1563,SCIDOCS
9,1e-06,0.24830719815698354,adamw,0.9437451318648211,1.0,0.5,verified-v3-adamw-1e-6,0.9769331095982161,1563,SciFact
9,1e-06,0.047997596818647625,adamw,0.8434370850039995,0.9806645796306279,0.5,verified-v3-adamw-1e-6,0.8708457231897917,1563,TRECCOVID
9,1e-06,0.24568565753122143,adamw,0.9396839924937852,1.0,0.5,verified-v3-adamw-1e-6,1.0,1563,Touche2020
10,1e-06,0.19435883915134108,adamw,0.9218595109343298,1.0,0.5,verified-v3-adamw-1e-6,1.0,1563,ArguAna
10,1e-06,0.0010646987841072385,adamw,0.1648251008981152,0.9623820158628305,0.5,verified-v3-adamw-1e-6,0.7251996114048929,1563,ClimateFEVER
10,1e-06,0.26530856535630154,adamw,0.9914274442091858,0.9769331095982161,0.5,verified-v3-adamw-1e-6,0.9769331095982161,1563,DBPedia
10,1e-06,0.33886137108707864,adamw,0.9649028481862696,1.0,0.5,verified-v3-adamw-1e-6,1.0,1563,FEVER
10,1e-06,0.19767502229501926,adamw,0.9671080907964317,0.9763884649059846,0.5,verified-v3-adamw-1e-6,0.9538662191964322,1563,FiQA2018
10,1e-06,0.2618721028506217,adamw,0.9795958688429353,1.0,0.5,verified-v3-adamw-1e-6,1.0,1563,HotpotQA
10,1e-06,0.34038153274159116,adamw,0.9816731368636973,1.0,0.5,verified-v3-adamw-1e-6,1.0,1563,MSMARCO
10,1e-06,-0.00904320991210169,adamw,-1.8266802541252265,0.9120798469576833,0.5,verified-v3-adamw-1e-6,0.628353922113113,1563,NFCorpus
10,1e-06,0.35783028505666137,adamw,0.9991071403993418,1.0,0.5,verified-v3-adamw-1e-6,1.0,1563,NQ
10,1e-06,0.4634036861291606,adamw,0.990667325342642,1.0,0.5,verified-v3-adamw-1e-6,1.0,1563,QuoraRetrieval
10,1e-06,0.09440034412585685,adamw,0.9491163850594808,1.0248365799058243,0.5,verified-v3-adamw-1e-6,0.8860511245582822,1563,SCIDOCS
10,1e-06,0.25223733887489463,adamw,0.958682480429833,1.0,0.5,verified-v3-adamw-1e-6,0.9769331095982161,1563,SciFact
10,1e-06,0.03456475120805668,adamw,0.6073885972450488,0.9229125038433073,0.5,verified-v3-adamw-1e-6,0.8195609625801406,1563,TRECCOVID
10,1e-06,0.23668593793735687,adamw,0.9052623965232817,1.0,0.5,verified-v3-adamw-1e-6,1.0,1563,Touche2020
11,1e-06,0.19741570930879118,adamw,0.9363584904540748,1.0,0.5,verified-v3-adamw-1e-6,1.0,1563,ArguAna
11,1e-06,-0.009659536334140194,adamw,-1.4953844924681574,1.0080430932028739,0.5,verified-v3-adamw-1e-6,0.7596073569752838,1563,ClimateFEVER
11,1e-06,0.24883847149870247,adamw,0.9298806070869255,0.96875,0.5,verified-v3-adamw-1e-6,0.96875,1563,DBPedia
11,1e-06,0.3543350063327354,adamw,1.0089638005233033,1.0,0.5,verified-v3-adamw-1e-6,1.0,1563,FEVER
11,1e-06,0.1948310261799056,adamw,0.9531940837499817,1.0,0.5,verified-v3-adamw-1e-6,0.9769331095982161,1563,FiQA2018
11,1e-06,0.25598961530150366,adamw,0.9575910029602831,1.0,0.5,verified-v3-adamw-1e-6,1.0,1563,HotpotQA
11,1e-06,0.3432797704363627,adamw,0.9900317633329039,1.0,0.5,verified-v3-adamw-1e-6,1.0,1563,MSMARCO
11,1e-06,-0.012023181834668328,adamw,-2.428618716431138,0.9856134555498314,0.5,verified-v3-adamw-1e-6,0.6790130080693786,1563,NFCorpus
11,1e-06,0.3370978617076493,adamw,0.9412196080388543,1.0,0.5,verified-v3-adamw-1e-6,1.0,1563,NQ
11,1e-06,0.4680408466304843,adamw,1.0005806763334464,1.0,0.5,verified-v3-adamw-1e-6,1.0,1563,QuoraRetrieval
11,1e-06,0.09722110617182919,adamw,0.9774767846001531,1.0126328618929652,0.5,verified-v3-adamw-1e-6,0.8755000588751274,1563,SCIDOCS
11,1e-06,0.26763503990067505,adamw,1.0172047685183288,1.0,0.5,verified-v3-adamw-1e-6,0.9769331095982161,1563,SciFact
11,1e-06,0.04558986199999977,adamw,0.8011271992700121,0.8947798520279033,0.5,verified-v3-adamw-1e-6,0.7945787209204491,1563,TRECCOVID
11,1e-06,0.267848561052959,adamw,1.024451356921293,1.0,0.5,verified-v3-adamw-1e-6,1.0,1563,Touche2020
12,1e-06,0.19391798262667526,adamw,0.9197684931962367,1.0,0.5,verified-v3-adamw-1e-6,1.0,1563,ArguAna
12,1e-06,-0.015232107035766027,adamw,-2.3580693587118344,0.89912718759452,0.5,verified-v3-adamw-1e-6,0.6775341561869515,1563,ClimateFEVER
12,1e-06,0.2375834565067273,adamw,0.8878219169234759,0.9769331095982161,0.5,verified-v3-adamw-1e-6,0.9769331095982161,1563,DBPedia
12,1e-06,0.33985413581279933,adamw,0.9677297313696601,1.0,0.5,verified-v3-adamw-1e-6,1.0,1563,FEVER
12,1e-06,0.20198834144307273,adamw,0.9882106347488184,1.0,0.5,verified-v3-adamw-1e-6,0.9769331095982161,1563,FiQA2018
12,1e-06,0.2687148267832282,adamw,1.0051927309105135,1.0,0.5,verified-v3-adamw-1e-6,1.0,1563,HotpotQA
12,1e-06,0.33037231886154944,adamw,0.9528061877433415,1.0,0.5,verified-v3-adamw-1e-6,1.0,1563,MSMARCO
12,1e-06,-0.011337478756746695,adamw,-2.2901103455310934,0.9746562977268337,0.5,verified-v3-adamw-1e-6,0.6714643563627781,1563,NFCorpus
12,1e-06,0.33158795679736586,adamw,0.9258352608533892,1.0,0.5,verified-v3-adamw-1e-6,1.0,1563,NQ
12,1e-06,0.4630012721053881,adamw,0.9898070421024695,1.0,0.5,verified-v3-adamw-1e-6,1.0,1563,QuoraRetrieval
12,1e-06,0.09659352719399794,adamw,0.9711670036740964,1.0406045080824666,0.5,verified-v3-adamw-1e-6,0.8996837278111365,1563,SCIDOCS
12,1e-06,0.2419746821071732,adamw,0.9196770370257579,1.0,0.5,verified-v3-adamw-1e-6,0.9769331095982161,1563,SciFact
12,1e-06,0.060812474439215815,adamw,1.0686263390788155,0.9480484733934413,0.5,verified-v3-adamw-1e-6,0.8418821027901886,1563,TRECCOVID
12,1e-06,0.24932343605140167,adamw,0.9535975529270665,1.0,0.5,verified-v3-adamw-1e-6,1.0,1563,Touche2020
13,1e-06,0.19618732183932308,adamw,0.9305321504903957,1.0,0.5,verified-v3-adamw-1e-6,1.0,1563,ArguAna
13,1e-06,0.001371873290471011,adamw,0.21237852141525365,0.9778587987097523,0.5,verified-v3-adamw-1e-6,0.7368620871384226,1563,ClimateFEVER
13,1e-06,0.25817378682153075,adamw,0.9647656014668428,0.9769331095982161,0.5,verified-v3-adamw-1e-6,0.9769331095982161,1563,DBPedia
13,1e-06,0.3352664862876515,adamw,0.9546664657661045,1.0,0.5,verified-v3-adamw-1e-6,1.0,1563,FEVER
13,1e-06,0.19135274447608222,adamw,0.9361768888672798,1.0,0.5,verified-v3-adamw-1e-6,0.9769331095982161,1563,FiQA2018
13,1e-06,0.2656145004146304,adamw,0.9935952110919338,0.9769331095982161,0.5,verified-v3-adamw-1e-6,0.9769331095982161,1563,HotpotQA
13,1e-06,0.33176815468249343,adamw,0.9568318307265437,1.0,0.5,verified-v3-adamw-1e-6,1.0,1563,MSMARCO
13,1e-06,-0.0031418193768737255,adamw,-0.6346307863630538,1.0195422355769816,0.5,verified-v3-adamw-1e-6,0.7023873673140051,1563,NFCorpus
13,1e-06,0.3519277058406596,adamw,0.982626397187385,1.0,0.5,verified-v3-adamw-1e-6,1.0,1563,NQ
13,1e-06,0.46576808188850616,adamw,0.9957219455217088,1.0,0.5,verified-v3-adamw-1e-6,1.0,1563,QuoraRetrieval
13,1e-06,0.09246271423999747,adamw,0.9296351396267499,1.0031680016595208,0.5,verified-v3-adamw-1e-6,0.8673169492769113,1563,SCIDOCS
13,1e-06,0.25640628731135406,adamw,0.9745274693029168,1.0,0.5,verified-v3-adamw-1e-6,0.9769331095982161,1563,SciFact
13,1e-06,0.038957629301337546,adamw,0.6845823848376655,0.9555941393315711,0.5,verified-v3-adamw-1e-6,0.8485827739955403,1563,TRECCOVID
13,1e-06,0.26279672242369756,adamw,1.0051293828985504,1.0,0.5,verified-v3-adamw-1e-6,1.0,1563,Touche2020
14,1e-06,0.20728863223034003,adamw,0.9831865531019709,1.0,0.5,verified-v3-adamw-1e-6,1.0,1563,ArguAna
14,1e-06,-0.006315753221369024,adamw,-0.9777363114325623,1.0,0.5,verified-v3-adamw-1e-6,0.7535465121453979,1563,ClimateFEVER
14,1e-06,0.2717172797787095,adamw,1.0153760692825662,1.0,0.5,verified-v3-adamw-1e-6,1.0,1563,DBPedia
14,1e-06,0.34232188572571065,adamw,0.9747566135189615,1.0,0.5,verified-v3-adamw-1e-6,1.0,1563,FEVER
14,1e-06,0.1993103877906131,adamw,0.9751089762084373,1.0,0.5,verified-v3-adamw-1e-6,0.9769331095982161,1563,FiQA2018
14,1e-06,0.26484523612434885,adamw,0.9907175921603821,0.96875,0.5,verified-v3-adamw-1e-6,0.96875,1563,HotpotQA
14,1e-06,0.3481647324264425,adamw,1.0041201773594726,1.0,0.5,verified-v3-adamw-1e-6,1.0,1563,MSMARCO
14,1e-06,-0.015112282344413494,adamw,-3.0526005723215373,0.9976866386993163,0.5,verified-v3-adamw-1e-6,0.687330516684083,1563,NFCorpus
14,1e-06,0.31422811872971557,adamw,0.8773644105819559,1.0,0.5,verified-v3-adamw-1e-6,1.0,1563,NQ
14,1e-06,0.47069879898294154,adamw,1.00626286365028,1.0,0.5,verified-v3-adamw-1e-6,1.0,1563,QuoraRetrieval
14,1e-06,0.08888228175428502,adamw,0.8936368901578888,1.0261282835804835,0.5,verified-v3-adamw-1e-6,0.8871679030925075,1563,SCIDOCS
14,1e-06,0.24540157620092462,adamw,0.9327016881127939,1.0236115350940154,0.5,verified-v3-adamw-1e-6,1.0,1563,SciFact
14,1e-06,0.055553018048742644,adamw,0.9762046167278561,0.9049002237147006,0.5,verified-v3-adamw-1e-6,0.8035657717261977,1563,TRECCOVID
14,1e-06,0.24203100662608415,adamw,0.9257058995590195,0.9769331095982161,0.5,verified-v3-adamw-1e-6,0.9769331095982161,1563,Touche2020
15,1e-06,0.1981181706035292,adamw,0.9396903205290283,1.0,0.5,verified-v3-adamw-1e-6,1.0,1563,ArguAna
15,1e-06,0.015519354148774655,adamw,2.402537836642932,1.02123367181707,0.5,verified-v3-adamw-1e-6,0.7695470714831911,1563,ClimateFEVER
15,1e-06,0.2561544102666501,adamw,0.9572194246820391,0.9538662191964322,0.5,verified-v3-adamw-1e-6,0.9538662191964322,1563,DBPedia
15,1e-06,0.3279381688729497,adamw,0.9337991880260232,1.0,0.5,verified-v3-adamw-1e-6,1.0,1563,FEVER
15,1e-06,0.19124208360955575,adamw,0.9356354900698507,1.0236115350940154,0.5,verified-v3-adamw-1e-6,1.0,1563,FiQA2018
15,1e-06,0.24128637957737092,adamw,0.9025899974419509,1.0,0.5,verified-v3-adamw-1e-6,1.0,1563,HotpotQA
15,1e-06,0.3351988321158915,adamw,0.9667260334186978,1.0,0.5,verified-v3-adamw-1e-6,1.0,1563,MSMARCO
15,1e-06,-0.03631596417706208,adamw,-7.335631409261533,0.9023405668769129,0.5,verified-v3-adamw-1e-6,0.6216442959134738,1563,NFCorpus
15,1e-06,0.33218908248152423,adamw,0.9275136793338847,1.0,0.5,verified-v3-adamw-1e-6,1.0,1563,NQ
15,1e-06,0.47421821433123074,adamw,1.0137866919974021,1.0,0.5,verified-v3-adamw-1e-6,1.0,1563,QuoraRetrieval
15,1e-06,0.08449435742031822,adamw,0.8495199865561743,1.0031680016595208,0.5,verified-v3-adamw-1e-6,0.8673169492769113,1563,SCIDOCS
15,1e-06,0.24600263243520237,adamw,0.9349861321373203,1.0236115350940154,0.5,verified-v3-adamw-1e-6,1.0,1563,SciFact
15,1e-06,0.031731481335874105,adamw,0.5576010028566792,0.915524230923614,0.5,verified-v3-adamw-1e-6,0.8130000588751274,1563,TRECCOVID
15,1e-06,0.27122144711248497,adamw,1.0373517723158678,1.0,0.5,verified-v3-adamw-1e-6,1.0,1563,Touche2020
16,1e-06,0.21130313850450227,adamw,1.0022276772756973,1.0,0.5,verified-v3-adamw-1e-6,1.0,1563,ArguAna
16,1e-06,-0.011127168279734312,adamw,-1.7225873287301388,0.986394268078542,0.5,verified-v3-adamw-1e-6,0.743293960310798,1563,ClimateFEVER
16,1e-06,0.24576114733275845,adamw,0.9183810023578143,1.0,0.5,verified-v3-adamw-1e-6,1.0,1563,DBPedia
16,1e-06,0.3348713147819529,adamw,0.9535412206248617,1.0,0.5,verified-v3-adamw-1e-6,1.0,1563,FEVER
16,1e-06,0.20873028885424183,adamw,1.021195034160367,0.9763884649059846,0.5,verified-v3-adamw-1e-6,0.9538662191964322,1563,FiQA2018
16,1e-06,0.26071152896775984,adamw,0.9752544618401933,1.0,0.5,verified-v3-adamw-1e-6,1.0,1563,HotpotQA
16,1e-06,0.33863534015072605,adamw,0.9766370517845926,1.0,0.5,verified-v3-adamw-1e-6,1.0,1563,MSMARCO
16,1e-06,-0.0025232683454296037,adamw,-0.509686771318602,0.9950937255712465,0.5,verified-v3-adamw-1e-6,0.6855441959588133,1563,NFCorpus
16,1e-06,0.34902258614025866,adamw,0.9745149377676611,1.0,0.5,verified-v3-adamw-1e-6,1.0,1563,NQ
16,1e-06,0.4796680373587533,adamw,1.025437358066471,1.0,0.5,verified-v3-adamw-1e-6,1.0,1563,QuoraRetrieval
16,1e-06,0.08809125484245768,adamw,0.8856837771688368,0.9961310983452973,0.5,verified-v3-adamw-1e-6,0.8612329977306574,1563,SCIDOCS
16,1e-06,0.25553467930909207,adamw,0.9712147348548839,1.0,0.5,verified-v3-adamw-1e-6,0.9769331095982161,1563,SciFact
16,1e-06,0.06642607090261995,adamw,1.1672711828065512,1.0288432732681216,0.5,verified-v3-adamw-1e-6,0.9136291683906836,1563,TRECCOVID
16,1e-06,0.2593548226761287,adamw,0.991965008025964,1.0,0.5,verified-v3-adamw-1e-6,1.0,1563,Touche2020
17,1e-06,0.21098258543875298,adamw,1.000707268460176,1.0,0.5,verified-v3-adamw-1e-6,1.0,1563,ArguAna
17,1e-06,0.005692815627189955,adamw,0.8812998795079322,0.9642019763072319,0.5,verified-v3-adamw-1e-6,0.7265710362500142,1563,ClimateFEVER
17,1e-06,0.2639831959331532,adamw,0.9864746918618945,1.0,0.5,verified-v3-adamw-1e-6,1.0,1563,DBPedia
17,1e-06,0.3409032760815066,adamw,0.9707171430955085,1.0,0.5,verified-v3-adamw-1e-6,1.0,1563,FEVER
17,1e-06,0.18695630850048822,adamw,0.9146677029655839,0.9763884649059846,0.5,verified-v3-adamw-1e-6,0.9538662191964322,1563,FiQA2018
17,1e-06,0.25269159983933714,adamw,0.9452539793256528,0.9769331095982161,0.5,verified-v3-adamw-1e-6,0.9769331095982161,1563,HotpotQA
17,1e-06,0.3265428399720358,adamw,0.9417618266590517,1.0,0.5,verified-v3-adamw-1e-6,1.0,1563,MSMARCO
17,1e-06,-0.00995402966275762,adamw,-2.01066099434491,0.9613875794039877,0.5,verified-v3-adamw-1e-6,0.6623232145785531,1563,NFCorpus
17,1e-06,0.35171754370136077,adamw,0.9820395980739959,1.0,0.5,verified-v3-adamw-1e-6,1.0,1563,NQ
17,1e-06,0.4566957224234598,adamw,0.9763269981900222,1.0,0.5,verified-v3-adamw-1e-6,1.0,1563,QuoraRetrieval
17,1e-06,0.07542008571459483,adamw,0.7582857856839692,0.9855237754980165,0.5,verified-v3-adamw-1e-6,0.8520621401308539,1563,SCIDOCS
17,1e-06,0.23424204006577104,adamw,0.8902874609796665,1.0,0.5,verified-v3-adamw-1e-6,0.9769331095982161,1563,SciFact
17,1e-06,0.043531257000295705,adamw,0.7649523922961246,0.9740242366967207,0.5,verified-v3-adamw-1e-6,0.8649489931919725,1563,TRECCOVID
17,1e-06,0.2419938230328331,adamw,0.9255636819476517,1.0,0.5,verified-v3-adamw-1e-6,1.0,1563,Touche2020
18,1e-06,0.20116165928823454,adamw,0.954125830653844,1.0,0.5,verified-v3-adamw-1e-6,1.0,1563,ArguAna
18,1e-06,0.012350618490556515,adamw,1.9119886011394804,0.9963723328294692,0.5,verified-v3-adamw-1e-6,0.7508128962018201,1563,ClimateFEVER
18,1e-06,0.26492649858710654,adamw,0.9899997048522166,1.0,0.5,verified-v3-adamw-1e-6,1.0,1563,DBPedia
18,1e-06,0.3254171923998953,adamw,0.9266207440173208,1.0,0.5,verified-v3-adamw-1e-6,1.0,1563,FEVER
18,1e-06,0.20105778206766686,adamw,0.9836579528243496,1.0,0.5,verified-v3-adamw-1e-6,0.9769331095982161,1563,FiQA2018
18,1e-06,0.27465705011065344,adamw,1.027421052904049,1.0,0.5,verified-v3-adamw-1e-6,1.0,1563,HotpotQA
18,1e-06,0.34898966398459075,adamw,1.0064993109859728,1.0,0.5,verified-v3-adamw-1e-6,1.0,1563,MSMARCO
18,1e-06,-0.012972073152903541,adamw,-2.6202897106000975,0.8966928526675554,0.5,verified-v3-adamw-1e-6,0.6177534486523915,1563,NFCorpus
18,1e-06,0.35606699959021637,adamw,0.9941838257061525,1.0,0.5,verified-v3-adamw-1e-6,1.0,1563,NQ
18,1e-06,0.467905210319838,adamw,1.0002907121723719,1.0,0.5,verified-v3-adamw-1e-6,1.0,1563,QuoraRetrieval
18,1e-06,0.08635147152971104,adamw,0.8681917133011522,0.9879517324172377,0.5,verified-v3-adamw-1e-6,0.8541612981828164,1563,SCIDOCS
18,1e-06,0.26618207576479525,adamw,1.0116824645328284,0.9916236746223275,0.5,verified-v3-adamw-1e-6,0.96875,1563,SciFact
18,1e-06,0.04836481107195731,adamw,0.8498899522288667,0.9388334247108665,0.5,verified-v3-adamw-1e-6,0.8336989931919725,1563,TRECCOVID
18,1e-06,0.2548328365695705,adamw,0.9746695826384563,1.0,0.5,verified-v3-adamw-1e-6,1.0,1563,Touche2020
19,1e-06,0.20566415341181404,adamw,0.9754815202065878,1.0,0.5,verified-v3-adamw-1e-6,1.0,1563,ArguAna
19,1e-06,0.0038507109169187825,adamw,0.5961252373767005,1.022530222219918,0.5,verified-v3-adamw-1e-6,0.7705240825170778,1563,ClimateFEVER
19,1e-06,0.26215011016235457,adamw,0.9796246622056017,0.9769331095982161,0.5,verified-v3-adamw-1e-6,0.9769331095982161,1563,DBPedia
19,1e-06,0.3316210066928106,adamw,0.9442860153985027,1.0,0.5,verified-v3-adamw-1e-6,1.0,1563,FEVER
19,1e-06,0.1979259487647758,adamw,0.9683357270262348,1.0,0.5,verified-v3-adamw-1e-6,0.9769331095982161,1563,FiQA2018
19,1e-06,0.265273706897588,adamw,0.992320390605944,1.0,0.5,verified-v3-adamw-1e-6,1.0,1563,HotpotQA
19,1e-06,0.3392313315294218,adamw,0.9783559133266849,1.0,0.5,verified-v3-adamw-1e-6,1.0,1563,MSMARCO
19,1e-06,-0.003858314467829497,adamw,-0.7793589799522693,1.0074895941955273,0.5,verified-v3-adamw-1e-6,0.694084010421381,1563,NFCorpus
19,1e-06,0.3678087455901906,adamw,1.0269682566479663,1.0,0.5,verified-v3-adamw-1e-6,1.0,1563,NQ
19,1e-06,0.46809454377275356,adamw,1.0006954704231412,1.0,0.5,verified-v3-adamw-1e-6,1.0,1563,QuoraRetrieval
19,1e-06,0.0855664830905061,adamw,0.8602993120961485,1.0072495004443005,0.5,verified-v3-adamw-1e-6,0.8708457231897917,1563,SCIDOCS
19,1e-06,0.25657491155268186,adamw,0.9751683621487492,1.0,0.5,verified-v3-adamw-1e-6,0.9769331095982161,1563,SciFact
19,1e-06,0.04431046993387201,adamw,0.7786451004493311,0.9388334247108665,0.5,verified-v3-adamw-1e-6,0.8336989931919725,1563,TRECCOVID
19,1e-06,0.2440985083862178,adamw,0.9336135581825329,1.0,0.5,verified-v3-adamw-1e-6,1.0,1563,Touche2020
0,1e-06,0.17265123862568307,adamw,0.8188986263585649,1.0,0.75,verified-v3-adamw-1e-6,1.0,1563,ArguAna
0,1e-06,-0.01626126469464189,adamw,-2.517392368652641,0.9425531511829002,0.75,verified-v3-adamw-1e-6,0.7102576395855283,1563,ClimateFEVER
0,1e-06,0.2496939913129518,adamw,0.9330775857512685,0.9769331095982161,0.75,verified-v3-adamw-1e-6,0.9769331095982161,1563,DBPedia
0,1e-06,0.3015007483115457,adamw,0.8585190157344414,1.0,0.75,verified-v3-adamw-1e-6,1.0,1563,FEVER
0,1e-06,0.18033889561923544,adamw,0.8822925780595712,0.9763884649059846,0.75,verified-v3-adamw-1e-6,0.9538662191964322,1563,FiQA2018
0,1e-06,0.21347827535304018,adamw,0.7985670651708989,0.9769331095982161,0.75,verified-v3-adamw-1e-6,0.9769331095982161,1563,HotpotQA
0,1e-06,0.2917756707523805,adamw,0.8414920035789593,1.0,0.75,verified-v3-adamw-1e-6,1.0,1563,MSMARCO
0,1e-06,-0.019378309066596773,adamw,-3.914315256899914,0.9306244686080559,0.75,verified-v3-adamw-1e-6,0.6411297616264885,1563,NFCorpus
0,1e-06,0.3160349281128575,adamw,0.8824092495221585,1.0,0.75,verified-v3-adamw-1e-6,1.0,1563,NQ
0,1e-06,0.41378161815466974,adamw,0.8845849551981845,1.0,0.75,verified-v3-adamw-1e-6,1.0,1563,QuoraRetrieval
0,1e-06,0.057351006253775,adamw,0.5766163273995643,0.9957185214825345,0.75,verified-v3-adamw-1e-6,0.8608762928663058,1563,SCIDOCS
0,1e-06,0.23371633077583426,adamw,0.8882893892892909,1.0236115350940154,0.75,verified-v3-adamw-1e-6,1.0,1563,SciFact
0,1e-06,0.02338857546271841,adamw,0.410995408482768,0.8314007498326936,0.75,verified-v3-adamw-1e-6,0.738297071483191,1563,TRECCOVID
0,1e-06,0.24980071819491206,adamw,0.9554230334808218,1.0,0.75,verified-v3-adamw-1e-6,1.0,1563,Touche2020
1,1e-06,0.17688608046644272,adamw,0.8389848197380544,1.0,0.75,verified-v3-adamw-1e-6,1.0,1563,ArguAna
1,1e-06,-0.006689072971307587,adamw,-1.0355296200841528,0.9704441171533366,0.75,verified-v3-adamw-1e-6,0.7312747797129167,1563,ClimateFEVER
1,1e-06,0.22411376900920982,adamw,0.8374872515800262,1.0,0.75,verified-v3-adamw-1e-6,1.0,1563,DBPedia
1,1e-06,0.31830889837038234,adamw,0.9063799796810992,1.0,0.75,verified-v3-adamw-1e-6,1.0,1563,FEVER
1,1e-06,0.1549678658688012,adamw,0.7581669912322052,1.0236115350940154,0.75,verified-v3-adamw-1e-6,1.0,1563,FiQA2018
1,1e-06,0.22587505491063356,adamw,0.8449402141599769,0.9769331095982161,0.75,verified-v3-adamw-1e-6,0.9769331095982161,1563,HotpotQA
1,1e-06,0.3275925995202407,adamw,0.9447893726611472,1.0,0.75,verified-v3-adamw-1e-6,1.0,1563,MSMARCO
1,1e-06,-0.04707819411767186,adamw,-9.509544556689326,0.9056699018891783,0.75,verified-v3-adamw-1e-6,0.6239379555310649,1563,NFCorpus
1,1e-06,0.32079182501803244,adamw,0.8956911036931973,1.0,0.75,verified-v3-adamw-1e-6,1.0,1563,NQ
1,1e-06,0.4658277917769752,adamw,0.9958495936981836,1.0,0.75,verified-v3-adamw-1e-6,1.0,1563,QuoraRetrieval
1,1e-06,0.05366582997648667,adamw,0.5395649668457967,0.9801404140493518,0.75,verified-v3-adamw-1e-6,0.8474078044455182,1563,SCIDOCS
1,1e-06,0.23794387769229067,adamw,0.9043570943407309,1.0236115350940154,0.75,verified-v3-adamw-1e-6,1.0,1563,SciFact
1,1e-06,0.03672273515468092,adamw,0.6453097393452099,0.8987635163029093,0.75,verified-v3-adamw-1e-6,0.7981162780715595,1563,TRECCOVID
1,1e-06,0.2504830190344031,adamw,0.9580326574343623,1.0,0.75,verified-v3-adamw-1e-6,1.0,1563,Touche2020
2,1e-06,0.19488643688135107,adamw,0.9243619491433703,1.0,0.75,verified-v3-adamw-1e-6,1.0,1563,ArguAna
2,1e-06,-0.0034468917257948293,adamw,-0.533610336528559,1.0174276493435526,0.75,verified-v3-adamw-1e-6,0.766679056523125,1563,ClimateFEVER
2,1e-06,0.23151880954973192,adamw,0.8651590322008129,0.96875,0.75,verified-v3-adamw-1e-6,0.96875,1563,DBPedia
2,1e-06,0.32169841844958036,adamw,0.9160315890336513,1.0,0.75,verified-v3-adamw-1e-6,1.0,1563,FEVER
2,1e-06,0.19184341400927232,adamw,0.9385774474707196,1.0236115350940154,0.75,verified-v3-adamw-1e-6,1.0,1563,FiQA2018
2,1e-06,0.245132760471844,adamw,0.9169783144608566,1.0,0.75,verified-v3-adamw-1e-6,1.0,1563,HotpotQA
2,1e-06,0.3174176621732495,adamw,0.915444470831836,1.0,0.75,verified-v3-adamw-1e-6,1.0,1563,MSMARCO
2,1e-06,-0.021087632442289367,adamw,-4.259589477960948,0.9650837686509739,0.75,verified-v3-adamw-1e-6,0.6648696089736963,1563,NFCorpus
2,1e-06,0.3486173572682201,adamw,0.9733834878137099,1.0,0.75,verified-v3-adamw-1e-6,1.0,1563,NQ
2,1e-06,0.4773342279518398,adamw,1.0204481255847033,1.0,0.75,verified-v3-adamw-1e-6,1.0,1563,QuoraRetrieval
2,1e-06,0.06644713642598356,adamw,0.6680702968423764,0.9683086932166182,0.75,verified-v3-adamw-1e-6,0.8371783593272861,1563,SCIDOCS
2,1e-06,0.25496738653996526,adamw,0.9690586161713366,0.9916236746223275,0.75,verified-v3-adamw-1e-6,0.96875,1563,SciFact
2,1e-06,0.06654756231857481,adamw,1.1694060889793152,0.9091766922058815,0.75,verified-v3-adamw-1e-6,0.8073633436720545,1563,TRECCOVID
2,1e-06,0.23187135891708774,adamw,0.8868478790402317,1.0,0.75,verified-v3-adamw-1e-6,1.0,1563,Touche2020
3,1e-06,0.1981004314653015,adamw,0.9396061823783665,1.0,0.75,verified-v3-adamw-1e-6,1.0,1563,ArguAna
3,1e-06,-0.015422303101645246,adamw,-2.387513447703871,0.9406630921698038,0.75,verified-v3-adamw-1e-6,0.7088333922084606,1563,ClimateFEVER
3,1e-06,0.2426516971892401,adamw,0.906761346563648,0.9538662191964322,0.75,verified-v3-adamw-1e-6,0.9538662191964322,1563,DBPedia
3,1e-06,0.30389389465803174,adamw,0.8653334653084459,0.9769331095982161,0.75,verified-v3-adamw-1e-6,0.9769331095982161,1563,FEVER
3,1e-06,0.1885454216893709,adamw,0.9224423029343453,1.0,0.75,verified-v3-adamw-1e-6,0.9769331095982161,1563,FiQA2018
3,1e-06,0.24575126856417187,adamw,0.9192919934113629,0.96875,0.75,verified-v3-adamw-1e-6,0.96875,1563,HotpotQA
3,1e-06,0.3350029951432227,adamw,0.9661612322271489,1.0,0.75,verified-v3-adamw-1e-6,1.0,1563,MSMARCO
3,1e-06,-0.02665781816553292,adamw,-5.384737337112493,0.8874076679795423,0.75,verified-v3-adamw-1e-6,0.611356659779445,1563,NFCorpus
3,1e-06,0.3247719658423156,adamw,0.9068041572367411,1.0,0.75,verified-v3-adamw-1e-6,1.0,1563,NQ
3,1e-06,0.44752370173816314,adamw,0.9567189944725946,1.0,0.75,verified-v3-adamw-1e-6,1.0,1563,QuoraRetrieval
3,1e-06,0.05748504933927452,adamw,0.577964018342109,0.9325930343484368,0.75,verified-v3-adamw-1e-6,0.8062993876697755,1563,SCIDOCS
3,1e-06,0.21939340098143847,adamw,0.8338520013769323,0.9916236746223275,0.75,verified-v3-adamw-1e-6,0.96875,1563,SciFact
3,1e-06,0.030752028524880418,adamw,0.5403895823156712,0.8881395090939961,0.75,verified-v3-adamw-1e-6,0.7886819909226299,1563,TRECCOVID
3,1e-06,0.2773105590789401,adamw,1.0606410481363462,1.0,0.75,verified-v3-adamw-1e-6,1.0,1563,Touche2020
4,1e-06,0.18542621645065444,adamw,0.8794913674005859,0.9769331095982161,0.75,verified-v3-adamw-1e-6,0.9769331095982161,1563,ArguAna
4,1e-06,-0.014313582030440544,adamw,-2.2158732944915096,0.9559615197137392,0.75,verified-v3-adamw-1e-6,0.7203614689255022,1563,ClimateFEVER
4,1e-06,0.2331211736560456,adamw,0.8711468816638773,1.0,0.75,verified-v3-adamw-1e-6,1.0,1563,DBPedia
4,1e-06,0.2926938784153452,adamw,0.833441581209554,0.9769331095982161,0.75,verified-v3-adamw-1e-6,0.9769331095982161,1563,FEVER
4,1e-06,0.17818184111324678,adamw,0.8717393739126298,1.0,0.75,verified-v3-adamw-1e-6,0.9769331095982161,1563,FiQA2018
4,1e-06,0.2210022005688353,adamw,0.8267121252160323,1.0,0.75,verified-v3-adamw-1e-6,1.0,1563,HotpotQA
4,1e-06,0.33346105139639237,adamw,0.9617142084928518,1.0,0.75,verified-v3-adamw-1e-6,1.0,1563,MSMARCO
4,1e-06,-0.02605056994423154,adamw,-5.262076429538126,1.0086437965223143,0.75,verified-v3-adamw-1e-6,0.6948791683906836,1563,NFCorpus
4,1e-06,0.3444302869081245,adamw,0.9616926609920966,1.0,0.75,verified-v3-adamw-1e-6,1.0,1563,NQ
4,1e-06,0.4436690696842557,adamw,0.9484785377362186,1.0,0.75,verified-v3-adamw-1e-6,1.0,1563,QuoraRetrieval
4,1e-06,0.08363693162936753,adamw,0.8408992884570349,1.0390900482885046,0.75,verified-v3-adamw-1e-6,0.8983743592446263,1563,SCIDOCS
4,1e-06,0.21987130266831334,adamw,0.8356683699471781,1.0,0.75,verified-v3-adamw-1e-6,0.9769331095982161,1563,SciFact
4,1e-06,0.016378010671051903,adamw,0.2878023587462109,0.8660818808146454,0.75,verified-v3-adamw-1e-6,0.7690944666561598,1563,TRECCOVID
4,1e-06,0.22505223928351298,adamw,0.8607665130095101,1.0,0.75,verified-v3-adamw-1e-6,1.0,1563,Touche2020
5,1e-06,0.19851967184724173,adamw,0.9415946730235405,1.0,0.75,verified-v3-adamw-1e-6,1.0,1563,ArguAna
5,1e-06,-0.02493865848056987,adamw,-3.860732219930427,0.914734876493671,0.75,verified-v3-adamw-1e-6,0.6892952757195572,1563,ClimateFEVER
5,1e-06,0.2414446967653627,adamw,0.9022509254854703,0.96875,0.75,verified-v3-adamw-1e-6,0.96875,1563,DBPedia
5,1e-06,0.3068442202253279,adamw,0.8737344746469501,1.0,0.75,verified-v3-adamw-1e-6,1.0,1563,FEVER
5,1e-06,0.19398223874464718,adamw,0.9490414640286106,1.0,0.75,verified-v3-adamw-1e-6,0.9769331095982161,1563,FiQA2018
5,1e-06,0.21999609013934834,adamw,0.8229485260789092,1.0,0.75,verified-v3-adamw-1e-6,1.0,1563,HotpotQA
5,1e-06,0.34387893565657335,adamw,0.9917597783532438,1.0,0.75,verified-v3-adamw-1e-6,1.0,1563,MSMARCO
5,1e-06,-0.027680424034418442,adamw,-5.591298278039676,0.9291006373824959,0.75,verified-v3-adamw-1e-6,0.6400799573462899,1563,NFCorpus
5,1e-06,0.34415241682322767,adamw,0.9609168127827148,1.0,0.75,verified-v3-adamw-1e-6,1.0,1563,NQ
5,1e-06,0.4365961249092708,adamw,0.9333579517498191,1.0,0.75,verified-v3-adamw-1e-6,1.0,1563,QuoraRetrieval
5,1e-06,0.07033618611517489,adamw,0.7071714337768014,0.9961310983452973,0.75,verified-v3-adamw-1e-6,0.8612329977306574,1563,SCIDOCS
5,1e-06,0.20172616306734806,adamw,0.766703848207489,1.0236115350940154,0.75,verified-v3-adamw-1e-6,1.0,1563,SciFact
5,1e-06,0.013142664518939808,adamw,0.23094928466779877,0.8323000273551299,0.75,verified-v3-adamw-1e-6,0.7390956442068732,1563,TRECCOVID
5,1e-06,0.22085055529828773,adamw,0.8446961602583247,1.0,0.75,verified-v3-adamw-1e-6,1.0,1563,Touche2020
6,1e-06,0.19220040416941458,adamw,0.9116218812720487,0.96875,0.75,verified-v3-adamw-1e-6,0.96875,1563,ArguAna
6,1e-06,-0.0138259509477083,adamw,-2.140383546957146,0.9627199463114382,0.75,verified-v3-adamw-1e-6,0.725454257715789,1563,ClimateFEVER
6,1e-06,0.2460984161437771,adamw,0.9196413369228541,1.0,0.75,verified-v3-adamw-1e-6,1.0,1563,DBPedia
6,1e-06,0.28263901241059086,adamw,0.8048104958338603,1.0,0.75,verified-v3-adamw-1e-6,1.0,1563,FEVER
6,1e-06,0.16571301944556693,adamw,0.8107367334297362,1.0,0.75,verified-v3-adamw-1e-6,0.9769331095982161,1563,FiQA2018
6,1e-06,0.2541763074571066,adamw,0.9508078868743169,1.0,0.75,verified-v3-adamw-1e-6,1.0,1563,HotpotQA
6,1e-06,0.3059767014282041,adamw,0.882448309927156,1.0,0.75,verified-v3-adamw-1e-6,1.0,1563,MSMARCO
6,1e-06,-0.042959625956854194,adamw,-8.677615716403674,1.0000844664939843,0.75,verified-v3-adamw-1e-6,0.6889824383928644,1563,NFCorpus
6,1e-06,0.31954434977313506,adamw,0.8922079959834879,1.0,0.75,verified-v3-adamw-1e-6,1.0,1563,NQ
6,1e-06,0.43172971785674424,adamw,0.9229545160347838,1.0,0.75,verified-v3-adamw-1e-6,1.0,1563,QuoraRetrieval
6,1e-06,0.05873955581540958,adamw,0.5905770301132904,0.9857363726280937,0.75,verified-v3-adamw-1e-6,0.8522459469249088,1563,SCIDOCS
6,1e-06,0.22696724544718289,adamw,0.8626380329422705,0.968012139528312,0.75,verified-v3-adamw-1e-6,0.9456831095982161,1563,SciFact
6,1e-06,0.009841196275611227,adamw,0.17293428108527584,0.8516910861184537,0.75,verified-v3-adamw-1e-6,0.7563152123884047,1563,TRECCOVID
6,1e-06,0.2438332721563642,adamw,0.9325990983156961,1.0,0.75,verified-v3-adamw-1e-6,1.0,1563,Touche2020
7,1e-06,0.18378192817058356,adamw,0.871692376645548,1.0,0.75,verified-v3-adamw-1e-6,1.0,1563,ArguAna
7,1e-06,-0.017127967345699456,adamw,-2.651565858884446,1.0588982148578552,0.75,verified-v3-adamw-1e-6,0.797929056523125,1563,ClimateFEVER
7,1e-06,0.24352658477949468,adamw,0.9100307003683831,1.0,0.75,verified-v3-adamw-1e-6,1.0,1563,DBPedia
7,1e-06,0.34081028457591844,adamw,0.9704523511296632,1.0,0.75,verified-v3-adamw-1e-6,1.0,1563,FEVER
7,1e-06,0.1684094359786218,adamw,0.8239287200297565,1.0,0.75,verified-v3-adamw-1e-6,0.9769331095982161,1563,FiQA2018
7,1e-06,0.276653971572027,adamw,1.0348910200852466,1.0,0.75,verified-v3-adamw-1e-6,1.0,1563,HotpotQA
7,1e-06,0.3193802477638114,adamw,0.9211046414572296,1.0,0.75,verified-v3-adamw-1e-6,1.0,1563,MSMARCO
7,1e-06,-0.03500014470477162,adamw,-7.069842881582885,0.9762360118073738,0.75,verified-v3-adamw-1e-6,0.6725526596967852,1563,NFCorpus
7,1e-06,0.3452947622131282,adamw,0.9641063847209066,1.0,0.75,verified-v3-adamw-1e-6,1.0,1563,NQ
7,1e-06,0.4398970489476269,adamw,0.940414687995387,1.0,0.75,verified-v3-adamw-1e-6,1.0,1563,QuoraRetrieval
7,1e-06,0.0863398809179682,adamw,0.868075179409037,1.0094648602334444,0.75,verified-v3-adamw-1e-6,0.8727610744476991,1563,SCIDOCS
7,1e-06,0.2368968494260788,adamw,0.9003776372951982,1.0,0.75,verified-v3-adamw-1e-6,0.9769331095982161,1563,SciFact
7,1e-06,0.02463495771952282,adamw,0.43289744290027854,0.9648091880141458,0.75,verified-v3-adamw-1e-6,0.8567658835937564,1563,TRECCOVID
7,1e-06,0.21099634228777742,adamw,0.8070063483350389,0.9644172848795871,0.75,verified-v3-adamw-1e-6,0.9644172848795871,1563,Touche2020
8,1e-06,0.19045343172607032,adamw,0.903335851322142,1.0,0.75,verified-v3-adamw-1e-6,1.0,1563,ArguAna
8,1e-06,0.00895841481583803,adamw,1.3868444746518562,0.9944680252364542,0.75,verified-v3-adamw-1e-6,0.7493779118570516,1563,ClimateFEVER
8,1e-06,0.26316664381069377,adamw,0.9834233309578605,0.9769331095982161,0.75,verified-v3-adamw-1e-6,0.9769331095982161,1563,DBPedia
8,1e-06,0.3185424582668256,adamw,0.9070450381047761,1.0,0.75,verified-v3-adamw-1e-6,1.0,1563,FEVER
8,1e-06,0.16617163336357554,adamw,0.8129804626855044,0.9763884649059846,0.75,verified-v3-adamw-1e-6,0.9538662191964322,1563,FiQA2018
8,1e-06,0.23395690446466424,adamw,0.8751723249864386,0.9769331095982161,0.75,verified-v3-adamw-1e-6,0.9769331095982161,1563,HotpotQA
8,1e-06,0.3298345409151423,adamw,0.9512552159284681,1.0,0.75,verified-v3-adamw-1e-6,1.0,1563,MSMARCO
8,1e-06,-0.011895337995511322,adamw,-2.4027949415912824,1.0048839318598872,0.75,verified-v3-adamw-1e-6,0.6922889064578814,1563,NFCorpus
8,1e-06,0.35380711654869723,adamw,0.9878739481537491,1.0,0.75,verified-v3-adamw-1e-6,1.0,1563,NQ
8,1e-06,0.4513501346936915,adamw,0.964899166998455,1.0,0.75,verified-v3-adamw-1e-6,1.0,1563,QuoraRetrieval
8,1e-06,0.07137031210190031,adamw,0.7175687043302682,0.9961310983452973,0.75,verified-v3-adamw-1e-6,0.8612329977306574,1563,SCIDOCS
8,1e-06,0.23319577133688957,adamw,0.8863108907197902,1.0236115350940154,0.75,verified-v3-adamw-1e-6,1.0,1563,SciFact
8,1e-06,0.049996483009621506,adamw,0.8785624840638698,0.9611877025817311,0.75,verified-v3-adamw-1e-6,0.8535499470075687,1563,TRECCOVID
8,1e-06,0.22876166163183398,adamw,0.8749540925253106,0.9538662191964322,0.75,verified-v3-adamw-1e-6,0.9538662191964322,1563,Touche2020
9,1e-06,0.20575926694040222,adamw,0.9759326512759562,1.0,0.75,verified-v3-adamw-1e-6,1.0,1563,ArguAna
9,1e-06,0.007274339704101362,adamw,1.126134258433517,0.9919191185521286,0.75,verified-v3-adamw-1e-6,0.7474571921152939,1563,ClimateFEVER
9,1e-06,0.25586059306029385,adamw,0.9561214637414595,0.9644172848795871,0.75,verified-v3-adamw-1e-6,0.9644172848795871,1563,DBPedia
9,1e-06,0.3144838270669481,adamw,0.8954881445233797,1.0,0.75,verified-v3-adamw-1e-6,1.0,1563,FEVER
9,1e-06,0.1756056428696221,adamw,0.8591355449817969,1.0236115350940154,0.75,verified-v3-adamw-1e-6,1.0,1563,FiQA2018
9,1e-06,0.22112429513573342,adamw,0.827168849441483,1.0,0.75,verified-v3-adamw-1e-6,1.0,1563,HotpotQA
9,1e-06,0.324947504411851,adamw,0.9371608189278074,1.0,0.75,verified-v3-adamw-1e-6,1.0,1563,MSMARCO
9,1e-06,-0.010454632315662212,adamw,-2.1117800649085394,0.9278206357151503,0.75,verified-v3-adamw-1e-6,0.6391981331609724,1563,NFCorpus
9,1e-06,0.30914873599753195,adamw,0.8631821354407052,1.0,0.75,verified-v3-adamw-1e-6,1.0,1563,NQ
9,1e-06,0.4410880947547081,adamw,0.9429609132399848,1.0,0.75,verified-v3-adamw-1e-6,1.0,1563,QuoraRetrieval
9,1e-06,0.05257397091206103,adamw,0.5285872385565813,0.978916016063899,0.75,verified-v3-adamw-1e-6,0.8463492169270896,1563,SCIDOCS
9,1e-06,0.24279671225357508,adamw,0.9228013401255917,0.9763884649059846,0.75,verified-v3-adamw-1e-6,0.9538662191964322,1563,SciFact
9,1e-06,0.022799435753179217,adamw,0.40064275934595145,0.8864640808677647,0.75,verified-v3-adamw-1e-6,0.7871941840459152,1563,TRECCOVID
9,1e-06,0.2360849083603368,adamw,0.9029636140944812,1.0,0.75,verified-v3-adamw-1e-6,1.0,1563,Touche2020
10,1e-06,0.18987225216904904,adamw,0.9005792702243126,1.0,0.75,verified-v3-adamw-1e-6,1.0,1563,ArguAna
10,1e-06,-0.0007433233767541632,adamw,-0.11507325114132219,0.9762055377009312,0.75,verified-v3-adamw-1e-6,0.7356162780715595,1563,ClimateFEVER
10,1e-06,0.21529704023013596,adamw,0.8045401551755672,0.9413503944778032,0.75,verified-v3-adamw-1e-6,0.9413503944778032,1563,DBPedia
10,1e-06,0.3098440349975828,adamw,0.8822764037800767,0.9769331095982161,0.75,verified-v3-adamw-1e-6,0.9769331095982161,1563,FEVER
10,1e-06,0.14591483997417556,adamw,0.7138758385755214,0.9763884649059846,0.75,verified-v3-adamw-1e-6,0.9538662191964322,1563,FiQA2018
10,1e-06,0.2538389409675227,adamw,0.9495458860125032,0.9769331095982161,0.75,verified-v3-adamw-1e-6,0.9769331095982161,1563,HotpotQA
10,1e-06,0.31454072039168135,adamw,0.9071472625769148,1.0,0.75,verified-v3-adamw-1e-6,1.0,1563,MSMARCO
10,1e-06,-0.032257893926966444,adamw,-6.515922824837007,0.8918325477995623,0.75,verified-v3-adamw-1e-6,0.6144050667791863,1563,NFCorpus
10,1e-06,0.30477093776854125,adamw,0.8509587724318429,1.0,0.75,verified-v3-adamw-1e-6,1.0,1563,NQ
10,1e-06,0.4447776332818172,adamw,0.9508484319926539,1.0,0.75,verified-v3-adamw-1e-6,1.0,1563,QuoraRetrieval
10,1e-06,0.06582795165186464,adamw,0.6618449126031821,0.9805695579294577,0.75,verified-v3-adamw-1e-6,0.8477788327880077,1563,SCIDOCS
10,1e-06,0.24539951092199164,adamw,0.9326938385741843,1.0,0.75,verified-v3-adamw-1e-6,0.9769331095982161,1563,SciFact
10,1e-06,0.014359425118731442,adamw,0.25233079294025584,0.8463941724598075,0.75,verified-v3-adamw-1e-6,0.7516114689255022,1563,TRECCOVID
10,1e-06,0.216778605199427,adamw,0.829122006013498,0.9769331095982161,0.75,verified-v3-adamw-1e-6,0.9769331095982161,1563,Touche2020
11,1e-06,0.1846239433323382,adamw,0.8756861218675495,1.0,0.75,verified-v3-adamw-1e-6,1.0,1563,ArguAna
11,1e-06,-0.024046835701893407,adamw,-3.7226699043978297,1.0114995293603772,0.75,verified-v3-adamw-1e-6,0.7622119423862238,1563,ClimateFEVER
11,1e-06,0.230689446746434,adamw,0.862059799263152,0.9769331095982161,0.75,verified-v3-adamw-1e-6,0.9769331095982161,1563,DBPedia
11,1e-06,0.30516255238858553,adamw,0.8689459498287612,1.0,0.75,verified-v3-adamw-1e-6,1.0,1563,FEVER
11,1e-06,0.20787205421026533,adamw,1.016996194780687,0.9916236746223275,0.75,verified-v3-adamw-1e-6,0.96875,1563,FiQA2018
11,1e-06,0.1973725470411163,adamw,0.7383196972866345,0.9456831095982161,0.75,verified-v3-adamw-1e-6,0.9456831095982161,1563,HotpotQA
11,1e-06,0.32663527385013674,adamw,0.9420284094384902,1.0,0.75,verified-v3-adamw-1e-6,1.0,1563,MSMARCO
11,1e-06,0.01032792537097971,adamw,2.0861859366994477,1.069765951369261,0.75,verified-v3-adamw-1e-6,0.7369877029166809,1563,NFCorpus
11,1e-06,0.3255216893538251,adamw,0.9088974795321297,1.0,0.75,verified-v3-adamw-1e-6,1.0,1563,NQ
11,1e-06,0.4346541265177305,adamw,0.9292063353299386,1.0,0.75,verified-v3-adamw-1e-6,1.0,1563,QuoraRetrieval
11,1e-06,0.06831965035817593,adamw,0.6868968559058315,1.0126328618929652,0.75,verified-v3-adamw-1e-6,0.8755000588751274,1563,SCIDOCS
11,1e-06,0.22695623602821072,adamw,0.862596189267835,0.9916236746223275,0.75,verified-v3-adamw-1e-6,0.96875,1563,SciFact
11,1e-06,0.0434798888662493,adamw,0.7640497264937951,0.9037879147798761,0.75,verified-v3-adamw-1e-6,0.8025780237246103,1563,TRECCOVID
11,1e-06,0.2409822215795941,adamw,0.9216945684554596,0.9769331095982161,0.75,verified-v3-adamw-1e-6,0.9769331095982161,1563,Touche2020
12,1e-06,0.19213834887360948,adamw,0.9113275480434104,1.0,0.75,verified-v3-adamw-1e-6,1.0,1563,ArguAna
12,1e-06,-0.025634021349674588,adamw,-3.968380746228963,0.9380486184942302,0.75,verified-v3-adamw-1e-6,0.7068632646891362,1563,ClimateFEVER
12,1e-06,0.23977260753405005,adamw,0.8960025212891576,1.0,0.75,verified-v3-adamw-1e-6,1.0,1563,DBPedia
12,1e-06,0.3411235160611711,adamw,0.9713442732490016,1.0,0.75,verified-v3-adamw-1e-6,1.0,1563,FEVER
12,1e-06,0.1776928115534253,adamw,0.8693468387382256,1.0236115350940154,0.75,verified-v3-adamw-1e-6,1.0,1563,FiQA2018
12,1e-06,0.23044407929465266,adamw,0.8620317537417278,1.0,0.75,verified-v3-adamw-1e-6,1.0,1563,HotpotQA
12,1e-06,0.28997014931988097,adamw,0.8362848118901492,1.0,0.75,verified-v3-adamw-1e-6,1.0,1563,MSMARCO
12,1e-06,-0.031401505119017195,adamw,-6.342936845241276,0.8902242500800182,0.75,verified-v3-adamw-1e-6,0.613297071483191,1563,NFCorpus
12,1e-06,0.356788710247023,adamw,0.9961989325895837,1.0,0.75,verified-v3-adamw-1e-6,1.0,1563,NQ
12,1e-06,0.43629554643310237,adamw,0.9327153731861294,1.0,0.75,verified-v3-adamw-1e-6,1.0,1563,QuoraRetrieval
12,1e-06,0.07282741914534595,adamw,0.7322186950959377,1.0,0.75,verified-v3-adamw-1e-6,0.864577964849483,1563,SCIDOCS
12,1e-06,0.25474758014697596,adamw,0.9682231945046427,1.0236115350940154,0.75,verified-v3-adamw-1e-6,1.0,1563,SciFact
12,1e-06,0.039821063158756845,adamw,0.6997550639729792,0.9456190696996375,0.75,verified-v3-adamw-1e-6,0.8397247537224295,1563,TRECCOVID
12,1e-06,0.2058830557547882,adamw,0.7874493519992907,0.9769331095982161,0.75,verified-v3-adamw-1e-6,0.9769331095982161,1563,Touche2020
13,1e-06,0.18321644508147608,adamw,0.8690102451497927,1.0,0.75,verified-v3-adamw-1e-6,1.0,1563,ArguAna
13,1e-06,-0.021608533970688782,adamw,-3.345198515433257,0.9251791850329226,0.75,verified-v3-adamw-1e-6,0.6971655479910805,1563,ClimateFEVER
13,1e-06,0.20835481976538595,adamw,0.7785978796849116,0.9375,0.75,verified-v3-adamw-1e-6,0.9375,1563,DBPedia
13,1e-06,0.293165033237264,adamw,0.8347831877436588,1.0,0.75,verified-v3-adamw-1e-6,1.0,1563,FEVER
13,1e-06,0.19460473784370752,adamw,0.9520869874752514,1.0,0.75,verified-v3-adamw-1e-6,0.9769331095982161,1563,FiQA2018
13,1e-06,0.23692512395694687,adamw,0.8862756671172258,0.9769331095982161,0.75,verified-v3-adamw-1e-6,0.9769331095982161,1563,HotpotQA
13,1e-06,0.3289290124472947,adamw,0.948643637784403,1.0,0.75,verified-v3-adamw-1e-6,1.0,1563,MSMARCO
13,1e-06,-0.046017412343049374,adamw,-9.295272286060536,0.9129799958722246,0.75,verified-v3-adamw-1e-6,0.6289740565265907,1563,NFCorpus
13,1e-06,0.324701423405627,adamw,0.9066071938852864,1.0,0.75,verified-v3-adamw-1e-6,1.0,1563,NQ
13,1e-06,0.4948546450862359,adamw,1.057903383928466,1.0,0.75,verified-v3-adamw-1e-6,1.0,1563,QuoraRetrieval
13,1e-06,0.06142370960230622,adamw,0.6175639480398456,0.9270032851389697,0.75,verified-v3-adamw-1e-6,0.8014666136742354,1563,SCIDOCS
13,1e-06,0.21951931066429237,adamw,0.834330548318503,1.0,0.75,verified-v3-adamw-1e-6,0.9769331095982161,1563,SciFact
13,1e-06,0.04087871562695888,adamw,0.7183406468741013,0.9611877025817311,0.75,verified-v3-adamw-1e-6,0.8535499470075687,1563,TRECCOVID
13,1e-06,0.263557634712271,adamw,1.0080396752796732,1.0,0.75,verified-v3-adamw-1e-6,1.0,1563,Touche2020
14,1e-06,0.2093782612983718,adamw,0.9930978308143776,1.0,0.75,verified-v3-adamw-1e-6,1.0,1563,ArguAna
14,1e-06,0.005660030923877721,adamw,0.8762245078516333,0.9512598515647173,0.75,verified-v3-adamw-1e-6,0.7168185432905416,1563,ClimateFEVER
14,1e-06,0.23235915626611425,adamw,0.868299310752143,0.9769331095982161,0.75,verified-v3-adamw-1e-6,0.9769331095982161,1563,DBPedia
14,1e-06,0.31236819673130617,adamw,0.8894639177724184,1.0,0.75,verified-v3-adamw-1e-6,1.0,1563,FEVER
14,1e-06,0.17660683812100264,adamw,0.8640338068706056,0.9635771223527811,0.75,verified-v3-adamw-1e-6,0.9413503944778032,1563,FiQA2018
14,1e-06,0.2140827505268526,adamw,0.8008282505993543,0.9769331095982161,0.75,verified-v3-adamw-1e-6,0.9769331095982161,1563,HotpotQA
14,1e-06,0.3107235175755417,adamw,0.896138306149747,1.0,0.75,verified-v3-adamw-1e-6,1.0,1563,MSMARCO
14,1e-06,-0.026541447314372794,adamw,-5.361231044763193,0.8354784387661642,0.75,verified-v3-adamw-1e-6,0.5755813546267472,1563,NFCorpus
14,1e-06,0.3190471070305806,adamw,0.8908196317355616,1.0,0.75,verified-v3-adamw-1e-6,1.0,1563,NQ
14,1e-06,0.4310252223312789,adamw,0.9214484410534681,1.0,0.75,verified-v3-adamw-1e-6,1.0,1563,QuoraRetrieval
14,1e-06,0.0631426615475129,adamw,0.6348465699564605,0.9244198777896515,0.75,verified-v3-adamw-1e-6,0.7992330566057847,1563,SCIDOCS
14,1e-06,0.20099663994748085,adamw,0.7639311380401331,0.9916236746223275,0.75,verified-v3-adamw-1e-6,0.96875,1563,SciFact
14,1e-06,0.025071823079440073,adamw,0.4405742532018451,0.9718117097906445,0.75,verified-v3-adamw-1e-6,0.8629842341564983,1563,TRECCOVID
14,1e-06,0.2378072873729011,adamw,0.9095512676163733,0.96875,0.75,verified-v3-adamw-1e-6,0.96875,1563,Touche2020
15,1e-06,0.18863827457187254,adamw,0.8947264158380437,1.0,0.75,verified-v3-adamw-1e-6,1.0,1563,ArguAna
15,1e-06,-0.04046631718125581,adamw,-6.264555677095448,0.8812608452786266,0.75,verified-v3-adamw-1e-6,0.6640710362500142,1563,ClimateFEVER
15,1e-06,0.2433338547411489,adamw,0.9093104904909415,0.9769331095982161,0.75,verified-v3-adamw-1e-6,0.9769331095982161,1563,DBPedia
15,1e-06,0.2982487851326521,adamw,0.8492590976639777,1.0,0.75,verified-v3-adamw-1e-6,1.0,1563,FEVER
15,1e-06,0.20600336204360972,adamw,1.0078537786443509,1.0,0.75,verified-v3-adamw-1e-6,0.9769331095982161,1563,FiQA2018
15,1e-06,0.22918526721499388,adamw,0.8573228630295823,0.9769331095982161,0.75,verified-v3-adamw-1e-6,0.9769331095982161,1563,HotpotQA
15,1e-06,0.334357208541349,adamw,0.9642987593893901,1.0,0.75,verified-v3-adamw-1e-6,1.0,1563,MSMARCO
15,1e-06,0.006569983026075633,adamw,1.327101591173958,1.1340065827129355,0.75,verified-v3-adamw-1e-6,0.7812446315161496,1563,NFCorpus
15,1e-06,0.3361148694524287,adamw,0.9384749700857177,1.0,0.75,verified-v3-adamw-1e-6,1.0,1563,NQ
15,1e-06,0.4353176471461262,adamw,0.9306248139176536,1.0,0.75,verified-v3-adamw-1e-6,1.0,1563,QuoraRetrieval
15,1e-06,0.05558658493886625,adamw,0.558876549058339,0.971476694876139,0.75,verified-v3-adamw-1e-6,0.8399173437547144,1563,SCIDOCS
15,1e-06,0.22020745996351354,adamw,0.8369460083452621,0.9871886574467965,0.75,verified-v3-adamw-1e-6,0.9644172848795871,1563,SciFact
15,1e-06,0.04637079167849166,adamw,0.8148500748987438,0.9388334247108665,0.75,verified-v3-adamw-1e-6,0.8336989931919725,1563,TRECCOVID
15,1e-06,0.25875944175717647,adamw,0.9896878302509262,0.9616783004521589,0.75,verified-v3-adamw-1e-6,0.9616783004521589,1563,Touche2020
16,1e-06,0.19591792621016033,adamw,0.9292543854860759,1.0,0.75,verified-v3-adamw-1e-6,1.0,1563,ArguAna
16,1e-06,-0.011980226373020885,adamw,-1.8546485167362963,1.0528928720160258,0.75,verified-v3-adamw-1e-6,0.7934037513704271,1563,ClimateFEVER
16,1e-06,0.21932415124435112,adamw,0.8195890035797191,0.9226162191964322,0.75,verified-v3-adamw-1e-6,0.9226162191964322,1563,DBPedia
16,1e-06,0.3107577875046693,adamw,0.8848783008148337,1.0,0.75,verified-v3-adamw-1e-6,1.0,1563,FEVER
16,1e-06,0.20002787494520052,adamw,0.9786192205690446,1.0236115350940154,0.75,verified-v3-adamw-1e-6,1.0,1563,FiQA2018
16,1e-06,0.23126322840126218,adamw,0.8650959788808935,0.9769331095982161,0.75,verified-v3-adamw-1e-6,0.9769331095982161,1563,HotpotQA
16,1e-06,0.336940341477844,adamw,0.9717486118895554,1.0,0.75,verified-v3-adamw-1e-6,1.0,1563,MSMARCO
16,1e-06,-0.017763264797342616,adamw,-3.588084913375903,0.9569785340154013,0.75,verified-v3-adamw-1e-6,0.6592857163025699,1563,NFCorpus
16,1e-06,0.3147936512039188,adamw,0.8789434483456675,1.0,0.75,verified-v3-adamw-1e-6,1.0,1563,NQ
16,1e-06,0.4164346516092522,adamw,0.8902566268640918,1.0,0.75,verified-v3-adamw-1e-6,1.0,1563,QuoraRetrieval
16,1e-06,0.0528700031090045,adamw,0.5315635943233527,0.9805695579294577,0.75,verified-v3-adamw-1e-6,0.8477788327880077,1563,SCIDOCS
16,1e-06,0.2243406382562193,adamw,0.852655045061968,0.9843850013924381,0.75,verified-v3-adamw-1e-6,0.9616783004521589,1563,SciFact
16,1e-06,0.014684043478649655,adamw,0.2580351444364921,0.9366208978047903,0.75,verified-v3-adamw-1e-6,0.8317342341564983,1563,TRECCOVID
16,1e-06,0.2610993450114544,adamw,0.9986373540209479,1.0,0.75,verified-v3-adamw-1e-6,1.0,1563,Touche2020
17,1e-06,0.21686434400562418,adamw,1.0286049195243896,1.0,0.75,verified-v3-adamw-1e-6,1.0,1563,ArguAna
17,1e-06,-0.03169897670728537,adamw,-4.907291256584232,0.9362170021824224,0.75,verified-v3-adamw-1e-6,0.7054830566057848,1563,ClimateFEVER
17,1e-06,0.22094034101097587,adamw,0.8256285179373876,0.9538662191964322,0.75,verified-v3-adamw-1e-6,0.9538662191964322,1563,DBPedia
17,1e-06,0.2990486561456914,adamw,0.8515367187931945,1.0,0.75,verified-v3-adamw-1e-6,1.0,1563,FEVER
17,1e-06,0.18300809940867718,adamw,0.8953514286456659,1.0,0.75,verified-v3-adamw-1e-6,0.9769331095982161,1563,FiQA2018
17,1e-06,0.24647534389402476,adamw,0.9220005721188077,1.0,0.75,verified-v3-adamw-1e-6,1.0,1563,HotpotQA
17,1e-06,0.3032688704077198,adamw,0.874638823464817,1.0,0.75,verified-v3-adamw-1e-6,1.0,1563,MSMARCO
17,1e-06,-0.027855842959662744,adamw,-5.626731966968518,0.9772414182944431,0.75,verified-v3-adamw-1e-6,0.6732453086041974,1563,NFCorpus
17,1e-06,0.3385644522389767,adamw,0.9453145131742852,1.0,0.75,verified-v3-adamw-1e-6,1.0,1563,NQ
17,1e-06,0.45389273518956946,adamw,0.9703347543881596,1.0,0.75,verified-v3-adamw-1e-6,1.0,1563,QuoraRetrieval
17,1e-06,0.09223687368967173,adamw,0.9273645020701831,1.0055897492094674,0.75,verified-v3-adamw-1e-6,0.8694107388450233,1563,SCIDOCS
17,1e-06,0.24545493061452267,adamw,0.9329044730842743,1.0,0.75,verified-v3-adamw-1e-6,0.9769331095982161,1563,SciFact
17,1e-06,0.013150114130540458,adamw,0.23108019286131948,0.8556152666241688,0.75,verified-v3-adamw-1e-6,0.7597999470075687,1563,TRECCOVID
17,1e-06,0.26756387541236515,adamw,1.023362508096958,0.9769331095982161,0.75,verified-v3-adamw-1e-6,0.9769331095982161,1563,Touche2020
18,1e-06,0.1753901739881324,adamw,0.8318896157302508,1.0,0.75,verified-v3-adamw-1e-6,1.0,1563,ArguAna
18,1e-06,-0.02592163187867819,adamw,-4.012905484276945,0.9753170163153859,0.75,verified-v3-adamw-1e-6,0.7349467358805152,1563,ClimateFEVER
18,1e-06,0.22365956726815434,adamw,0.8357899521706187,0.9538662191964322,0.75,verified-v3-adamw-1e-6,0.9538662191964322,1563,DBPedia
18,1e-06,0.32690312523814047,adamw,0.9308519162611107,1.0,0.75,verified-v3-adamw-1e-6,1.0,1563,FEVER
18,1e-06,0.16767536917474438,adamw,0.8203373611571347,0.968012139528312,0.75,verified-v3-adamw-1e-6,0.9456831095982161,1563,FiQA2018
18,1e-06,0.2423214990750549,adamw,0.906462112007237,0.96875,0.75,verified-v3-adamw-1e-6,0.96875,1563,HotpotQA
18,1e-06,0.32472952461256427,adamw,0.9365321569918463,1.0,0.75,verified-v3-adamw-1e-6,1.0,1563,MSMARCO
18,1e-06,-0.0403253830652696,adamw,-8.145512677615645,0.9376649240579358,0.75,verified-v3-adamw-1e-6,0.6459801020984888,1563,NFCorpus
18,1e-06,0.29645551455260777,adamw,0.8277410654421564,1.0,0.75,verified-v3-adamw-1e-6,1.0,1563,NQ
18,1e-06,0.44886760823522465,adamw,0.9595920062651323,1.0,0.75,verified-v3-adamw-1e-6,1.0,1563,QuoraRetrieval
18,1e-06,0.07806354118114542,adamw,0.784863516090685,1.0111246114682775,0.75,verified-v3-adamw-1e-6,0.8741960587924675,1563,SCIDOCS
18,1e-06,0.2567940079737602,adamw,0.9760010854138675,0.968012139528312,0.75,verified-v3-adamw-1e-6,0.9456831095982161,1563,SciFact
18,1e-06,0.00891540140535252,adamw,0.15666576394194898,0.8516910861184537,0.75,verified-v3-adamw-1e-6,0.7563152123884047,1563,TRECCOVID
18,1e-06,0.2367429686116646,adamw,0.9054805240780873,0.96875,0.75,verified-v3-adamw-1e-6,0.96875,1563,Touche2020
19,1e-06,0.2007577938968887,adamw,0.9522102648181195,1.0,0.75,verified-v3-adamw-1e-6,1.0,1563,ArguAna
19,1e-06,-0.042751398706761215,adamw,-6.618307178105813,0.9292220055107151,0.75,verified-v3-adamw-1e-6,0.7002120012613511,1563,ClimateFEVER
19,1e-06,0.23910925478424896,adamw,0.8935236487338701,1.0,0.75,verified-v3-adamw-1e-6,1.0,1563,DBPedia
19,1e-06,0.32267292520591007,adamw,0.9188064829135373,1.0,0.75,verified-v3-adamw-1e-6,1.0,1563,FEVER
19,1e-06,0.16606038125766587,adamw,0.8124361713001071,0.9763884649059846,0.75,verified-v3-adamw-1e-6,0.9538662191964322,1563,FiQA2018
19,1e-06,0.20413669964909387,adamw,0.7636226443316572,0.9538662191964322,0.75,verified-v3-adamw-1e-6,0.9538662191964322,1563,HotpotQA
19,1e-06,0.33499163599277887,adamw,0.9661284720102286,1.0,0.75,verified-v3-adamw-1e-6,1.0,1563,MSMARCO
19,1e-06,-0.02769463722425703,adamw,-5.594169266712795,0.9372058720180686,0.75,verified-v3-adamw-1e-6,0.6456638500174163,1563,NFCorpus
19,1e-06,0.2941434693337319,adamw,0.8212855445330214,1.0,0.75,verified-v3-adamw-1e-6,1.0,1563,NQ
19,1e-06,0.44452852981182267,adamw,0.9503158970220879,1.0,0.75,verified-v3-adamw-1e-6,1.0,1563,QuoraRetrieval
19,1e-06,0.05375492920025725,adamw,0.5404607849062054,0.977779762819337,0.75,verified-v3-adamw-1e-6,0.8453668374093526,1563,SCIDOCS
19,1e-06,0.2691258203338026,adamw,1.0228708015084558,1.0236115350940154,0.75,verified-v3-adamw-1e-6,1.0,1563,SciFact
19,1e-06,0.028624164390386356,adamw,0.5029977201842539,0.9025363492719742,0.75,verified-v3-adamw-1e-6,0.8014666136742353,1563,TRECCOVID
19,1e-06,0.2160943064256678,adamw,0.8265047404789686,0.9769331095982161,0.75,verified-v3-adamw-1e-6,0.9769331095982161,1563,Touche2020
