draw,learning_rate,margin,optimizer,relative_margin,relative_shortlist_ndcg,removed_fraction,run_id,shortlist_ndcg,step,task
0,0.003,0.16895041105607295,muon,0.990041822149153,1.0,0.1,verified-v3-muon-3e-3,1.0,782,ArguAna
0,0.003,-0.01659289541367936,muon,0.8608503516936996,1.0,0.1,verified-v3-muon-3e-3,0.6802534486523915,782,ClimateFEVER
0,0.003,0.1753929905019008,muon,0.9799862385047529,1.0,0.1,verified-v3-muon-3e-3,0.9769331095982161,782,DBPedia
0,0.003,0.2886317643633252,muon,0.9721307590469673,1.0,0.1,verified-v3-muon-3e-3,1.0,782,FEVER
0,0.003,0.12720849970489173,muon,0.9874223086920197,1.0,0.1,verified-v3-muon-3e-3,1.0,782,FiQA2018
0,0.003,0.20102383775931812,muon,0.991662163101522,0.9763884649059846,0.1,verified-v3-muon-3e-3,0.9538662191964322,782,HotpotQA
0,0.003,0.3291887529238722,muon,0.9916998830572048,1.0,0.1,verified-v3-muon-3e-3,1.0,782,MSMARCO
0,0.003,-0.04105898819797779,muon,1.024774262590132,0.9675264220010625,0.1,verified-v3-muon-3e-3,0.5547533897772642,782,NFCorpus
0,0.003,0.3105543636963377,muon,1.0101359015416476,1.0,0.1,verified-v3-muon-3e-3,1.0,782,NQ
0,0.003,0.36141886780902094,muon,0.9824498289072588,1.0,0.1,verified-v3-muon-3e-3,1.0,782,QuoraRetrieval
0,0.003,0.030633247998775044,muon,1.0860073240581,1.0304115714254405,0.1,verified-v3-muon-3e-3,0.7815574688428424,782,SCIDOCS
0,0.003,0.17076741572031806,muon,0.9871947850783205,1.0,0.1,verified-v3-muon-3e-3,1.0,782,SciFact
0,0.003,0.031577455671559534,muon,0.9819361486249806,1.0103952871655602,0.1,verified-v3-muon-3e-3,0.7953772936441313,782,TRECCOVID
0,0.003,0.23226173561025001,muon,0.9854182438695983,1.0,0.1,verified-v3-muon-3e-3,1.0,782,Touche2020
1,0.003,0.17844537941351107,muon,1.0456819103566135,1.0,0.1,verified-v3-muon-3e-3,1.0,782,ArguAna
1,0.003,-0.020848578309566185,muon,1.0816379855746918,0.9753045984628892,0.1,verified-v3-muon-3e-3,0.6634543165909162,782,ClimateFEVER
1,0.003,0.18779952110396514,muon,1.049306165275027,1.0236115350940154,0.1,verified-v3-muon-3e-3,1.0,782,DBPedia
1,0.003,0.31218818542289883,muon,1.0514703339395186,1.0,0.1,verified-v3-muon-3e-3,1.0,782,FEVER
1,0.003,0.1325840990856169,muon,1.0291489760407655,1.0,0.1,verified-v3-muon-3e-3,1.0,782,FiQA2018
1,0.003,0.2065799130724405,muon,1.0190706024427438,1.0,0.1,verified-v3-muon-3e-3,0.9769331095982161,782,HotpotQA
1,0.003,0.34347300182168317,muon,1.0347319971124354,1.0,0.1,verified-v3-muon-3e-3,1.0,782,MSMARCO
1,0.003,-0.042140435807801815,muon,1.0517656650948302,1.0919029978014778,0.1,verified-v3-muon-3e-3,0.6260675425127162,782,NFCorpus
1,0.003,0.3222075292617327,muon,1.048039992677602,1.0,0.1,verified-v3-muon-3e-3,1.0,782,NQ
1,0.003,0.38247012591892143,muon,1.0396737504300357,1.0,0.1,verified-v3-muon-3e-3,1.0,782,QuoraRetrieval
1,0.003,0.030215658101778245,muon,1.071202962254568,0.9968200061448191,0.1,verified-v3-muon-3e-3,0.7560785830624034,782,SCIDOCS
1,0.003,0.1806267909146807,muon,1.0441911607331833,1.0,0.1,verified-v3-muon-3e-3,1.0,782,SciFact
1,0.003,0.03386059036153956,muon,1.0529327642988093,0.9944960021196495,0.1,verified-v3-muon-3e-3,0.7828614689255022,782,TRECCOVID
1,0.003,0.24624707323465464,muon,1.0447539187949346,1.0,0.1,verified-v3-muon-3e-3,1.0,782,Touche2020
2,0.003,0.17044105717061442,muon,0.9987769414435973,1.0,0.1,verified-v3-muon-3e-3,1.0,782,ArguAna
2,0.003,-0.018384991862146795,muon,0.953825496746466,1.001210773971308,0.1,verified-v3-muon-3e-3,0.6810770818219123,782,ClimateFEVER
2,0.003,0.17549019710548344,muon,0.9805293681562297,1.0,0.1,verified-v3-muon-3e-3,0.9769331095982161,782,DBPedia
2,0.003,0.30203097955298286,muon,1.017260196763874,1.0,0.1,verified-v3-muon-3e-3,1.0,782,FEVER
2,0.003,0.12889384742030055,muon,1.0005043742454884,1.0,0.1,verified-v3-muon-3e-3,1.0,782,FiQA2018
2,0.003,0.20207818430355762,muon,0.9968633152950791,1.0,0.1,verified-v3-muon-3e-3,0.9769331095982161,782,HotpotQA
2,0.003,0.33162174309958337,muon,0.9990294046502165,1.0,0.1,verified-v3-muon-3e-3,1.0,782,MSMARCO
2,0.003,-0.04442454144054333,muon,1.1087737105484667,1.0169996265772874,0.1,verified-v3-muon-3e-3,0.5831199824797575,782,NFCorpus
2,0.003,0.3103689435933335,muon,1.0095327881263898,1.0,0.1,verified-v3-muon-3e-3,1.0,782,NQ
2,0.003,0.36112053741059247,muon,0.9816388733235875,1.0,0.1,verified-v3-muon-3e-3,1.0,782,QuoraRetrieval
2,0.003,0.02708161190991892,muon,0.9600950210257526,0.9561089247745315,0.1,verified-v3-muon-3e-3,0.7251996114048929,782,SCIDOCS
2,0.003,0.17180893793778998,muon,0.9932157539926446,1.0,0.1,verified-v3-muon-3e-3,1.0,782,SciFact
2,0.003,0.030244954548565458,muon,0.9405005423380018,0.9924714308953125,0.1,verified-v3-muon-3e-3,0.7812677382325175,782,TRECCOVID
2,0.003,0.23684054495446227,muon,1.0048447854440523,1.0,0.1,verified-v3-muon-3e-3,1.0,782,Touche2020
3,0.003,0.17207765691840396,muon,1.0083673424748953,1.0,0.1,verified-v3-muon-3e-3,1.0,782,ArguAna
3,0.003,-0.01911021898721835,muon,0.9914507580472134,0.9753045984628892,0.1,verified-v3-muon-3e-3,0.6634543165909162,782,ClimateFEVER
3,0.003,0.17648576538979047,muon,0.9860919805235815,1.0,0.1,verified-v3-muon-3e-3,0.9769331095982161,782,DBPedia
3,0.003,0.29521283012550975,muon,0.9942962212193054,1.0,0.1,verified-v3-muon-3e-3,1.0,782,FEVER
3,0.003,0.12451650227934864,muon,0.9665263912093885,1.0,0.1,verified-v3-muon-3e-3,1.0,782,FiQA2018
3,0.003,0.19936496841983037,muon,0.9834788651611613,0.9763884649059846,0.1,verified-v3-muon-3e-3,0.9538662191964322,782,HotpotQA
3,0.003,0.32609700690680865,muon,0.9823858219408047,1.0,0.1,verified-v3-muon-3e-3,1.0,782,MSMARCO
3,0.003,-0.040016026670579144,muon,0.9987434182596213,1.0360141333008992,0.1,verified-v3-muon-3e-3,0.5940223845434136,782,NFCorpus
3,0.003,0.30820339683313125,muon,1.002488944005473,1.0,0.1,verified-v3-muon-3e-3,1.0,782,NQ
3,0.003,0.36484146539521756,muon,0.9917535225228176,1.0,0.1,verified-v3-muon-3e-3,1.0,782,QuoraRetrieval
3,0.003,0.0230726802246883,muon,0.8179707130848144,1.0,0.1,verified-v3-muon-3e-3,0.7584905784410585,782,SCIDOCS
3,0.003,0.16989684556425477,muon,0.9821620783732073,1.0,0.1,verified-v3-muon-3e-3,1.0,782,SciFact
3,0.003,0.03210485866522368,muon,0.9983363320266562,1.0103952871655602,0.1,verified-v3-muon-3e-3,0.7953772936441313,782,TRECCOVID
3,0.003,0.2349623446791315,muon,0.9968761339910309,1.0,0.1,verified-v3-muon-3e-3,1.0,782,Touche2020
4,0.003,0.17153459294191709,muon,1.0051850119587171,1.0,0.1,verified-v3-muon-3e-3,1.0,782,ArguAna
4,0.003,-0.015724767579849662,muon,0.8158113074259173,0.9971843564164183,0.1,verified-v3-muon-3e-3,0.678338097394484,782,ClimateFEVER
4,0.003,0.17830310089206325,muon,0.9962461136954778,1.0,0.1,verified-v3-muon-3e-3,0.9769331095982161,782,DBPedia
4,0.003,0.2943643327756164,muon,0.9914384263587133,1.0,0.1,verified-v3-muon-3e-3,1.0,782,FEVER
4,0.003,0.12768500573850955,muon,0.9911210606536583,1.0,0.1,verified-v3-muon-3e-3,1.0,782,FiQA2018
4,0.003,0.20026186539673582,muon,0.9879033095758688,0.9763884649059846,0.1,verified-v3-muon-3e-3,0.9538662191964322,782,HotpotQA
4,0.003,0.32593123018022097,muon,0.9818864101021243,1.0,0.1,verified-v3-muon-3e-3,1.0,782,MSMARCO
4,0.003,-0.039349654261859685,muon,0.9821117056011607,0.9823498681419803,0.1,verified-v3-muon-3e-3,0.5632527514565526,782,NFCorpus
4,0.003,0.30374367688559795,muon,0.9879828743556845,1.0,0.1,verified-v3-muon-3e-3,1.0,782,NQ
4,0.003,0.36224910038271096,muon,0.9847066614155329,1.0,0.1,verified-v3-muon-3e-3,1.0,782,QuoraRetrieval
4,0.003,0.02455672940990095,muon,0.8705830996155486,0.9834990373323383,0.1,verified-v3-muon-3e-3,0.7459747537224295,782,SCIDOCS
4,0.003,0.17348424139027913,muon,1.0029005690069426,1.0,0.1,verified-v3-muon-3e-3,1.0,782,SciFact
4,0.003,0.028109077793610576,muon,0.8740830761395785,0.9855125775832856,0.1,verified-v3-muon-3e-3,0.7757897693776612,782,TRECCOVID
4,0.003,0.23706907512878211,muon,1.0058143717706927,1.0,0.1,verified-v3-muon-3e-3,1.0,782,Touche2020
5,0.003,0.1809532167251952,muon,1.0603777243898174,1.0,0.1,verified-v3-muon-3e-3,1.0,782,ArguAna
5,0.003,-0.024519522291624386,muon,1.272088979160623,0.954061239877714,0.1,verified-v3-muon-3e-3,0.6490034486523915,782,ClimateFEVER
5,0.003,0.19605179465043882,muon,1.0954147040984947,1.0,0.1,verified-v3-muon-3e-3,0.9769331095982161,782,DBPedia
5,0.003,0.3121832049499521,muon,1.051453559379183,1.0,0.1,verified-v3-muon-3e-3,1.0,782,FEVER
5,0.003,0.14523694703313983,muon,1.1273633592058532,1.0,0.1,verified-v3-muon-3e-3,1.0,782,FiQA2018
5,0.003,0.21088026757734155,muon,1.04028449875458,1.0,0.1,verified-v3-muon-3e-3,0.9769331095982161,782,HotpotQA
5,0.003,0.3543841612752894,muon,1.0676024869394742,1.0,0.1,verified-v3-muon-3e-3,1.0,782,MSMARCO
5,0.003,-0.039823953878141985,muon,0.9939495530702421,1.042464137302956,0.1,verified-v3-muon-3e-3,0.5977206417722111,782,NFCorpus
5,0.003,0.33184619630242385,muon,1.0793915522078639,1.0,0.1,verified-v3-muon-3e-3,1.0,782,NQ
5,0.003,0.39654781792025684,muon,1.0779413322581912,1.0,0.1,verified-v3-muon-3e-3,1.0,782,QuoraRetrieval
5,0.003,0.023405696773985917,muon,0.8297767876996979,1.0050834684981564,0.1,verified-v3-muon-3e-3,0.7623463414027121,782,SCIDOCS
5,0.003,0.1836661941109231,muon,1.061761743343598,1.0,0.1,verified-v3-muon-3e-3,1.0,782,SciFact
5,0.003,0.03845822905797851,muon,1.195901459475113,1.0,0.1,verified-v3-muon-3e-3,0.7871941840459152,782,TRECCOVID
5,0.003,0.25239596731424757,muon,1.0708418681927658,1.0,0.1,verified-v3-muon-3e-3,1.0,782,Touche2020
6,0.003,0.1760076371891684,muon,1.0313968503876434,1.0,0.1,verified-v3-muon-3e-3,1.0,782,ArguAna
6,0.003,-0.015183796747577472,muon,0.7877453840528559,0.9660907409620925,0.1,verified-v3-muon-3e-3,0.6571865582506076,782,ClimateFEVER
6,0.003,0.1904847811744812,muon,1.0643097176312628,1.0,0.1,verified-v3-muon-3e-3,0.9769331095982161,782,DBPedia
6,0.003,0.31417297190166926,muon,1.058155225293765,1.0,0.1,verified-v3-muon-3e-3,1.0,782,FEVER
6,0.003,0.12903940435305555,muon,1.0016342214091647,1.0,0.1,verified-v3-muon-3e-3,1.0,782,FiQA2018
6,0.003,0.20952619072375928,muon,1.0336047596918088,0.9763884649059846,0.1,verified-v3-muon-3e-3,0.9538662191964322,782,HotpotQA
6,0.003,0.3418493735398282,muon,1.029840724361035,1.0,0.1,verified-v3-muon-3e-3,1.0,782,MSMARCO
6,0.003,-0.045130953098298406,muon,1.1264047462225677,0.9675607660787658,0.1,verified-v3-muon-3e-3,0.5547730817392524,782,NFCorpus
6,0.003,0.3175109403856013,muon,1.0327634627261493,1.0,0.1,verified-v3-muon-3e-3,1.0,782,NQ
6,0.003,0.382641258924579,muon,1.0401389436092072,1.0,0.1,verified-v3-muon-3e-3,1.0,782,QuoraRetrieval
6,0.003,0.029049077797188152,muon,1.0298454557003356,1.0036110988129314,0.1,verified-v3-muon-3e-3,0.7612295628684866,782,SCIDOCS
6,0.003,0.18842713951448953,muon,1.0892844440568357,1.0,0.1,verified-v3-muon-3e-3,1.0,782,SciFact
6,0.003,0.03841652416593915,muon,1.194604599414762,1.0048912892852095,0.1,verified-v3-muon-3e-3,0.7910445785237183,782,TRECCOVID
6,0.003,0.24409560652299564,muon,1.0356258782109937,1.0,0.1,verified-v3-muon-3e-3,1.0,782,Touche2020
7,0.003,0.16945829870347534,muon,0.9930180209564731,1.0,0.1,verified-v3-muon-3e-3,1.0,782,ArguAna
7,0.003,-0.022272494744434056,muon,1.1555117088266265,0.9569058314394756,0.1,verified-v3-muon-3e-3,0.6509384918722873,782,ClimateFEVER
7,0.003,0.17596562087316092,muon,0.98318573856447,1.0,0.1,verified-v3-muon-3e-3,0.9769331095982161,782,DBPedia
7,0.003,0.2965592869153937,muon,0.9988311762131229,1.0,0.1,verified-v3-muon-3e-3,1.0,782,FEVER
7,0.003,0.12412619661586058,muon,0.9634967468048792,1.0,0.1,verified-v3-muon-3e-3,1.0,782,FiQA2018
7,0.003,0.19823793434235087,muon,0.977919141182055,0.9763884649059846,0.1,verified-v3-muon-3e-3,0.9538662191964322,782,HotpotQA
7,0.003,0.32884065213148467,muon,0.990651209577213,1.0,0.1,verified-v3-muon-3e-3,1.0,782,MSMARCO
7,0.003,-0.03458718933862845,muon,0.8632473181914382,1.0077909410509085,0.1,verified-v3-muon-3e-3,0.5778399721410363,782,NFCorpus
7,0.003,0.3039064727891957,muon,0.9885123983491352,1.0,0.1,verified-v3-muon-3e-3,1.0,782,NQ
7,0.003,0.36871140020144616,muon,1.002273218993868,1.0,0.1,verified-v3-muon-3e-3,1.0,782,QuoraRetrieval
7,0.003,0.026918776811135636,muon,0.9543222048392536,1.0257592078850348,0.1,verified-v3-muon-3e-3,0.778028694929962,782,SCIDOCS
7,0.003,0.17101807447037692,muon,0.9886438262191529,1.0,0.1,verified-v3-muon-3e-3,1.0,782,SciFact
7,0.003,0.03388837169050502,muon,1.053796655660158,1.0103952871655602,0.1,verified-v3-muon-3e-3,0.7953772936441313,782,TRECCOVID
7,0.003,0.22917238295360318,muon,0.9723110290216246,1.0,0.1,verified-v3-muon-3e-3,1.0,782,Touche2020
8,0.003,0.16857196231252758,muon,0.9878241295060416,1.0,0.1,verified-v3-muon-3e-3,1.0,782,ArguAna
8,0.003,-0.01494302237818633,muon,0.7752538510562508,0.9936307340609648,0.1,verified-v3-muon-3e-3,0.6759207335319786,782,ClimateFEVER
8,0.003,0.17850587720324712,muon,0.9973791007885555,1.0,0.1,verified-v3-muon-3e-3,0.9769331095982161,782,DBPedia
8,0.003,0.29770039434978257,muon,1.00267450107653,1.0,0.1,verified-v3-muon-3e-3,1.0,782,FEVER
8,0.003,0.12452704638124107,muon,0.9666082370094558,1.0,0.1,verified-v3-muon-3e-3,1.0,782,FiQA2018
8,0.003,0.19942143003453255,muon,0.9837573935565589,0.9763884649059846,0.1,verified-v3-muon-3e-3,0.9538662191964322,782,HotpotQA
8,0.003,0.3284895812011396,muon,0.9895935883873161,1.0,0.1,verified-v3-muon-3e-3,1.0,782,MSMARCO
8,0.003,-0.03829503138121963,muon,0.9557898103901185,1.0519743684429492,0.1,verified-v3-muon-3e-3,0.6031735501812289,782,NFCorpus
8,0.003,0.30860602452135794,muon,1.0037985655415922,1.0,0.1,verified-v3-muon-3e-3,1.0,782,NQ
8,0.003,0.3620615005352167,muon,0.9841967061960085,1.0,0.1,verified-v3-muon-3e-3,1.0,782,QuoraRetrieval
8,0.003,0.028870915647925058,muon,1.0235292662131028,1.0139106087577787,0.1,verified-v3-muon-3e-3,0.7690416441242134,782,SCIDOCS
8,0.003,0.17051199464415978,muon,0.9857182132550664,1.0,0.1,verified-v3-muon-3e-3,1.0,782,SciFact
8,0.003,0.02810761078892126,muon,0.8740374579951141,1.0,0.1,verified-v3-muon-3e-3,0.7871941840459152,782,TRECCOVID
8,0.003,0.23152754953322932,muon,0.9823033082441051,1.0,0.1,verified-v3-muon-3e-3,1.0,782,Touche2020
9,0.003,0.16884525025782893,muon,0.9894255845936397,1.0,0.1,verified-v3-muon-3e-3,1.0,782,ArguAna
9,0.003,-0.018322533276623948,muon,0.9505851041583643,0.9823392117484582,0.1,verified-v3-muon-3e-3,0.6682396365383605,782,ClimateFEVER
9,0.003,0.18047537054588098,muon,1.0083833967246978,1.0,0.1,verified-v3-muon-3e-3,0.9769331095982161,782,DBPedia
9,0.003,0.29826034145058616,muon,1.004560439726876,1.0,0.1,verified-v3-muon-3e-3,1.0,782,FEVER
9,0.003,0.12231057101536126,muon,0.949403433651085,1.0,0.1,verified-v3-muon-3e-3,1.0,782,FiQA2018
9,0.003,0.19990026671738198,muon,0.986119522476092,1.0,0.1,verified-v3-muon-3e-3,0.9769331095982161,782,HotpotQA
9,0.003,0.32312330615804863,muon,0.973427378924149,1.0,0.1,verified-v3-muon-3e-3,1.0,782,MSMARCO
9,0.003,-0.036884863617608385,muon,0.9205940178607189,1.0368459692556384,0.1,verified-v3-muon-3e-3,0.5944993367021731,782,NFCorpus
9,0.003,0.3009566393711185,muon,0.9789175158180988,1.0,0.1,verified-v3-muon-3e-3,1.0,782,NQ
9,0.003,0.3592359744380977,muon,0.9765160401380472,1.0,0.1,verified-v3-muon-3e-3,1.0,782,QuoraRetrieval
9,0.003,0.026659063275914534,muon,0.94511486249611,0.9968200061448191,0.1,verified-v3-muon-3e-3,0.7560785830624034,782,SCIDOCS
9,0.003,0.1696235494377294,muon,0.9805821721027405,1.0,0.1,verified-v3-muon-3e-3,1.0,782,SciFact
9,0.003,0.03215170293898885,muon,0.9997930068849644,0.9896047128344398,0.1,verified-v3-muon-3e-3,0.7790110744476991,782,TRECCOVID
9,0.003,0.23740226472530696,muon,1.0072279972489508,1.0,0.1,verified-v3-muon-3e-3,1.0,782,Touche2020
10,0.003,0.1704512728888884,muon,0.9988368050939508,1.0,0.1,verified-v3-muon-3e-3,1.0,782,ArguAna
10,0.003,-0.02113101495442256,muon,1.0962909848851892,1.0,0.1,verified-v3-muon-3e-3,0.6802534486523915,782,ClimateFEVER
10,0.003,0.17084301984395978,muon,0.9545638506566234,1.0,0.1,verified-v3-muon-3e-3,0.9769331095982161,782,DBPedia
10,0.003,0.29670889779336984,muon,0.9993350754866123,1.0,0.1,verified-v3-muon-3e-3,1.0,782,FEVER
10,0.003,0.12579327311231014,muon,0.9764369868573065,1.0,0.1,verified-v3-muon-3e-3,1.0,782,FiQA2018
10,0.003,0.19687343789775408,muon,0.9711880016770316,0.9763884649059846,0.1,verified-v3-muon-3e-3,0.9538662191964322,782,HotpotQA
10,0.003,0.32752862464625077,muon,0.9866986519879347,1.0,0.1,verified-v3-muon-3e-3,1.0,782,MSMARCO
10,0.003,-0.041493228453216596,muon,1.0356122850763072,1.0088478147465116,0.1,verified-v3-muon-3e-3,0.5784459548324337,782,NFCorpus
10,0.003,0.30176605241980636,muon,0.9815502824935507,1.0,0.1,verified-v3-muon-3e-3,1.0,782,NQ
10,0.003,0.36320526397164743,muon,0.9873058139170408,1.0,0.1,verified-v3-muon-3e-3,1.0,782,QuoraRetrieval
10,0.003,0.028890531720757926,muon,1.0242246935725068,1.0025252143037087,0.1,verified-v3-muon-3e-3,0.760405929698966,782,SCIDOCS
10,0.003,0.171633878433612,muon,0.9922037469368844,1.0,0.1,verified-v3-muon-3e-3,1.0,782,SciFact
10,0.003,0.030720298660090836,muon,0.9552818968270268,1.0034794266560134,0.1,verified-v3-muon-3e-3,0.7899331684733434,782,TRECCOVID
10,0.003,0.2342007862649729,muon,0.9936450655883408,1.0,0.1,verified-v3-muon-3e-3,1.0,782,Touche2020
11,0.003,0.1667353197188662,muon,0.9770614863807653,1.0,0.1,verified-v3-muon-3e-3,1.0,782,ArguAna
11,0.003,-0.01996745194122229,muon,1.0359245687679963,0.9632750973785107,0.1,verified-v3-muon-3e-3,0.6552712069927001,782,ClimateFEVER
11,0.003,0.17665947838209647,muon,0.987062579983812,1.0,0.1,verified-v3-muon-3e-3,0.9769331095982161,782,DBPedia
11,0.003,0.29586636497201796,muon,0.9964973695502976,1.0,0.1,verified-v3-muon-3e-3,1.0,782,FEVER
11,0.003,0.1262600022730193,muon,0.98005984843079,1.0,0.1,verified-v3-muon-3e-3,1.0,782,FiQA2018
11,0.003,0.20195499874447526,muon,0.9962556338412569,0.9763884649059846,0.1,verified-v3-muon-3e-3,0.9538662191964322,782,HotpotQA
11,0.003,0.3262900647059515,muon,0.982967419565671,1.0,0.1,verified-v3-muon-3e-3,1.0,782,MSMARCO
11,0.003,-0.04173993987037944,muon,1.0417698530459942,1.030180290501871,0.1,verified-v3-muon-3e-3,0.5906774174245881,782,NFCorpus
11,0.003,0.3058958265328998,muon,0.9949831418719881,1.0,0.1,verified-v3-muon-3e-3,1.0,782,NQ
11,0.003,0.36246914392767754,muon,0.9853048087796012,1.0,0.1,verified-v3-muon-3e-3,1.0,782,QuoraRetrieval
11,0.003,0.02954759951541987,muon,1.0475190056034775,1.0397349562489882,0.1,verified-v3-muon-3e-3,0.7886291683906836,782,SCIDOCS
11,0.003,0.16501069313856176,muon,0.953915564403341,1.0,0.1,verified-v3-muon-3e-3,1.0,782,SciFact
11,0.003,0.030328898349512752,muon,0.943110868307911,0.9944960021196495,0.1,verified-v3-muon-3e-3,0.7828614689255022,782,TRECCOVID
11,0.003,0.22959301707280255,muon,0.9740956558951129,1.0,0.1,verified-v3-muon-3e-3,1.0,782,Touche2020
12,0.003,0.16940129439538404,muon,0.9926839782708099,1.0,0.1,verified-v3-muon-3e-3,1.0,782,ArguAna
12,0.003,-0.020764355198155178,muon,1.0772684350368678,0.9597214750230573,0.1,verified-v3-muon-3e-3,0.6528538431301947,782,ClimateFEVER
12,0.003,0.1776441663420924,muon,0.9925643999097735,1.0,0.1,verified-v3-muon-3e-3,0.9769331095982161,782,DBPedia
12,0.003,0.29451904078765334,muon,0.9919594931148406,1.0,0.1,verified-v3-muon-3e-3,1.0,782,FEVER
12,0.003,0.12517502189085655,muon,0.9716379753930129,0.9769331095982161,0.1,verified-v3-muon-3e-3,0.9769331095982161,782,FiQA2018
12,0.003,0.20374739688618448,muon,1.005097637049228,0.9763884649059846,0.1,verified-v3-muon-3e-3,0.9538662191964322,782,HotpotQA
12,0.003,0.33535679526571555,muon,1.0102814622113157,1.0,0.1,verified-v3-muon-3e-3,1.0,782,MSMARCO
12,0.003,-0.040994572576321844,muon,1.023166539797172,1.0687395942902194,0.1,verified-v3-muon-3e-3,0.612786275640363,782,NFCorpus
12,0.003,0.304431086372745,muon,0.9902188017268632,1.0,0.1,verified-v3-muon-3e-3,1.0,782,NQ
12,0.003,0.37050864477859236,muon,1.0071586933965346,1.0,0.1,verified-v3-muon-3e-3,1.0,782,QuoraRetrieval
12,0.003,0.021977591670155495,muon,0.779147726023097,1.0,0.1,verified-v3-muon-3e-3,0.7584905784410585,782,SCIDOCS
12,0.003,0.16961514404235803,muon,0.9805335810852905,1.0,0.1,verified-v3-muon-3e-3,1.0,782,SciFact
12,0.003,0.031206468873056656,muon,0.970399900996242,1.0,0.1,verified-v3-muon-3e-3,0.7871941840459152,782,TRECCOVID
12,0.003,0.2312028129754542,muon,0.9809255465235089,1.0,0.1,verified-v3-muon-3e-3,1.0,782,Touche2020
13,0.003,0.16848384003234557,muon,0.9873077369012648,1.0,0.1,verified-v3-muon-3e-3,1.0,782,ArguAna
13,0.003,-0.022751188010603794,muon,1.18034663101844,0.9660907409620925,0.1,verified-v3-muon-3e-3,0.6571865582506076,782,ClimateFEVER
13,0.003,0.17699601448824684,muon,0.9889429330802703,1.0,0.1,verified-v3-muon-3e-3,0.9769331095982161,782,DBPedia
13,0.003,0.29978698619857025,muon,1.0097022796103914,1.0,0.1,verified-v3-muon-3e-3,1.0,782,FEVER
13,0.003,0.12713594172606846,muon,0.9868590965864614,1.0,0.1,verified-v3-muon-3e-3,1.0,782,FiQA2018
13,0.003,0.20085489150846014,muon,0.9908287415210708,0.9763884649059846,0.1,verified-v3-muon-3e-3,0.9538662191964322,782,HotpotQA
13,0.003,0.32785303171104496,muon,0.9876759467629289,1.0,0.1,verified-v3-muon-3e-3,1.0,782,MSMARCO
13,0.003,-0.04498195429784989,muon,1.1226859469399306,1.0192489074536288,0.1,verified-v3-muon-3e-3,0.5844096590842794,782,NFCorpus
13,0.003,0.3066967998717408,muon,0.997588456819461,1.0,0.1,verified-v3-muon-3e-3,1.0,782,NQ
13,0.003,0.3638163929395196,muon,0.9889670541106312,1.0,0.1,verified-v3-muon-3e-3,1.0,782,QuoraRetrieval
13,0.003,0.03164330194990626,muon,1.1218156715329155,1.0519960025912585,0.1,verified-v3-muon-3e-3,0.797929056523125,782,SCIDOCS
13,0.003,0.1733256362583923,muon,1.0019836835553189,1.0,0.1,verified-v3-muon-3e-3,1.0,782,SciFact
13,0.003,0.03175994100510242,muon,0.9876107332863734,1.0,0.1,verified-v3-muon-3e-3,0.7871941840459152,782,TRECCOVID
13,0.003,0.23676205239977222,muon,1.0045117646165092,1.0,0.1,verified-v3-muon-3e-3,1.0,782,Touche2020
14,0.003,0.17665225685942637,muon,1.0351742927090093,1.0,0.1,verified-v3-muon-3e-3,1.0,782,ArguAna
14,0.003,-0.024431191936701617,muon,1.2675063421220136,0.9655742623154979,0.1,verified-v3-muon-3e-3,0.6568352218701063,782,ClimateFEVER
14,0.003,0.18629345879010673,muon,1.0408912318293493,1.0,0.1,verified-v3-muon-3e-3,0.9769331095982161,782,DBPedia
14,0.003,0.3046808734939419,muon,1.0261852137795888,1.0,0.1,verified-v3-muon-3e-3,1.0,782,FEVER
14,0.003,0.1307927673419161,muon,1.015244237520134,1.0,0.1,verified-v3-muon-3e-3,1.0,782,FiQA2018
14,0.003,0.20745574773216086,muon,1.0233911452343776,1.0,0.1,verified-v3-muon-3e-3,0.9769331095982161,782,HotpotQA
14,0.003,0.34727732365100084,muon,1.046192733482486,1.0,0.1,verified-v3-muon-3e-3,1.0,782,MSMARCO
14,0.003,-0.039223240597421535,muon,0.9789565993639763,1.0941429156886657,0.1,verified-v3-muon-3e-3,0.6273518506333877,782,NFCorpus
14,0.003,0.31760288405740544,muon,1.03306252664109,1.0,0.1,verified-v3-muon-3e-3,1.0,782,NQ
14,0.003,0.38120124496864016,muon,1.0362245340676894,1.0,0.1,verified-v3-muon-3e-3,1.0,782,QuoraRetrieval
14,0.003,0.0348461716834533,muon,1.2353635391561981,1.056413111646933,0.1,verified-v3-muon-3e-3,0.8012793921258008,782,SCIDOCS
14,0.003,0.17692270379378153,muon,1.0227780856813462,1.0,0.1,verified-v3-muon-3e-3,1.0,782,SciFact
14,0.003,0.029096931335193636,muon,0.904801482084528,0.9944960021196495,0.1,verified-v3-muon-3e-3,0.7828614689255022,782,TRECCOVID
14,0.003,0.24502818048986585,muon,1.0395825153139466,1.0,0.1,verified-v3-muon-3e-3,1.0,782,Touche2020
15,0.003,0.16959482041729662,muon,0.9938180320690219,1.0,0.1,verified-v3-muon-3e-3,1.0,782,ArguAna
15,0.003,-0.01827808529599876,muon,0.9482791136245046,0.9936307340609648,0.1,verified-v3-muon-3e-3,0.6759207335319786,782,ClimateFEVER
15,0.003,0.17435111190754593,muon,0.9741648731141594,1.0,0.1,verified-v3-muon-3e-3,0.9769331095982161,782,DBPedia
15,0.003,0.300279639650747,muon,1.011361568827807,1.0,0.1,verified-v3-muon-3e-3,1.0,782,FEVER
15,0.003,0.13096884846007467,muon,1.016611020593691,1.0,0.1,verified-v3-muon-3e-3,1.0,782,FiQA2018
15,0.003,0.1989047104866517,muon,0.9812083862831934,1.0236115350940154,0.1,verified-v3-muon-3e-3,1.0,782,HotpotQA
15,0.003,0.3286006325661782,muon,0.9899281369547991,1.0,0.1,verified-v3-muon-3e-3,1.0,782,MSMARCO
15,0.003,-0.044076925567503394,muon,1.1000977101014644,1.0315730538887917,0.1,verified-v3-muon-3e-3,0.5914759901482702,782,NFCorpus
15,0.003,0.304654471775608,muon,0.9909454043500769,1.0,0.1,verified-v3-muon-3e-3,1.0,782,NQ
15,0.003,0.36021788819593087,muon,0.9791851896742431,1.0,0.1,verified-v3-muon-3e-3,1.0,782,QuoraRetrieval
15,0.003,0.030999955049346828,muon,1.0990077914822736,0.9829093973870405,0.1,verified-v3-muon-3e-3,0.7455275173792486,782,SCIDOCS
15,0.003,0.17172163965279755,muon,0.9927110885602651,1.0,0.1,verified-v3-muon-3e-3,1.0,782,SciFact
15,0.003,0.032306311334860456,muon,1.004600727125832,0.9944960021196495,0.1,verified-v3-muon-3e-3,0.7828614689255022,782,TRECCOVID
15,0.003,0.23153718933860634,muon,0.982344207103579,1.0,0.1,verified-v3-muon-3e-3,1.0,782,Touche2020
16,0.003,0.17270533873168442,muon,1.0120455297149598,1.0,0.1,verified-v3-muon-3e-3,1.0,782,ArguAna
16,0.003,-0.022120956785806514,muon,1.1476498196429028,0.9597214750230573,0.1,verified-v3-muon-3e-3,0.6528538431301947,782,ClimateFEVER
16,0.003,0.1823434705748692,muon,1.018821170294326,1.0,0.1,verified-v3-muon-3e-3,0.9769331095982161,782,DBPedia
16,0.003,0.29981852064130654,muon,1.0098084896868222,1.0,0.1,verified-v3-muon-3e-3,1.0,782,FEVER
16,0.003,0.13314262853668046,muon,1.0334844130699035,0.9769331095982161,0.1,verified-v3-muon-3e-3,0.9769331095982161,782,FiQA2018
16,0.003,0.20976572113599232,muon,1.0347863770033239,1.0,0.1,verified-v3-muon-3e-3,0.9769331095982161,782,HotpotQA
16,0.003,0.33864311407525804,muon,1.020181684956367,1.0,0.1,verified-v3-muon-3e-3,1.0,782,MSMARCO
16,0.003,-0.04623966558628064,muon,1.1540766415166759,1.0254033213984461,0.1,verified-v3-muon-3e-3,0.5879384329971599,782,NFCorpus
16,0.003,0.3162233022887363,muon,1.028575180023067,1.0,0.1,verified-v3-muon-3e-3,1.0,782,NQ
16,0.003,0.37504188019857765,muon,1.0194814489564747,1.0,0.1,verified-v3-muon-3e-3,1.0,782,QuoraRetrieval
16,0.003,0.028328321739674638,muon,1.0042932727470222,0.9974747856962916,0.1,verified-v3-muon-3e-3,0.7565752271831511,782,SCIDOCS
16,0.003,0.17229655694394194,muon,0.9960346462148393,1.0,0.1,verified-v3-muon-3e-3,1.0,782,SciFact
16,0.003,0.028614054162588172,muon,0.8897858786724336,0.9792094256688797,0.1,verified-v3-muon-3e-3,0.770827964849483,782,TRECCOVID
16,0.003,0.24403395864682736,muon,1.035364324400968,1.0,0.1,verified-v3-muon-3e-3,1.0,782,Touche2020
17,0.003,0.17330785164446516,muon,1.0155762283282934,1.0,0.1,verified-v3-muon-3e-3,1.0,782,ArguAna
17,0.003,-0.02475595789831143,muon,1.2843554142881328,0.9851548553320398,0.1,verified-v3-muon-3e-3,0.6701549877962679,782,ClimateFEVER
17,0.003,0.17497852492028082,muon,0.977670464281626,1.0,0.1,verified-v3-muon-3e-3,0.9769331095982161,782,DBPedia
17,0.003,0.29911139227629124,muon,1.0074268348618853,1.0,0.1,verified-v3-muon-3e-3,1.0,782,FEVER
17,0.003,0.127708551737095,muon,0.9913038302353895,1.0,0.1,verified-v3-muon-3e-3,1.0,782,FiQA2018
17,0.003,0.20416965217621444,muon,1.007180646701016,0.9763884649059846,0.1,verified-v3-muon-3e-3,0.9538662191964322,782,HotpotQA
17,0.003,0.32624336064411136,muon,0.9828267209170879,1.0,0.1,verified-v3-muon-3e-3,1.0,782,MSMARCO
17,0.003,-0.04055965348945301,muon,1.0123115746337992,1.021742251603009,0.1,verified-v3-muon-3e-3,0.5858392749451975,782,NFCorpus
17,0.003,0.31147431213182597,muon,1.0131282051473454,1.0,0.1,verified-v3-muon-3e-3,1.0,782,NQ
17,0.003,0.36828105449138804,muon,1.0011034043912694,1.0,0.1,verified-v3-muon-3e-3,1.0,782,QuoraRetrieval
17,0.003,0.029906238211414703,muon,1.0602334344017756,1.011848599127256,0.1,verified-v3-muon-3e-3,0.7674776292468072,782,SCIDOCS
17,0.003,0.1712114792391874,muon,0.9897618859987286,1.0,0.1,verified-v3-muon-3e-3,1.0,782,SciFact
17,0.003,0.03071756680737603,muon,0.9551969468246805,0.9841007149540892,0.1,verified-v3-muon-3e-3,0.7746783593272861,782,TRECCOVID
17,0.003,0.23296505082601385,muon,0.9884022035088552,1.0,0.1,verified-v3-muon-3e-3,1.0,782,Touche2020
18,0.003,0.1631539371990719,muon,0.9560747456350828,1.0,0.1,verified-v3-muon-3e-3,1.0,782,ArguAna
18,0.003,-0.01725178300378757,muon,0.895033874191145,0.9936307340609648,0.1,verified-v3-muon-3e-3,0.6759207335319786,782,ClimateFEVER
18,0.003,0.17687851277635225,muon,0.9882864070678684,1.0,0.1,verified-v3-muon-3e-3,0.9769331095982161,782,DBPedia
18,0.003,0.29302984139690813,muon,0.9869437716564252,1.0,0.1,verified-v3-muon-3e-3,1.0,782,FEVER
18,0.003,0.12808604884881664,muon,0.9942340516470521,1.0,0.1,verified-v3-muon-3e-3,1.0,782,FiQA2018
18,0.003,0.2020769886891981,muon,0.996857417260621,0.9763884649059846,0.1,verified-v3-muon-3e-3,0.9538662191964322,782,HotpotQA
18,0.003,0.32994885373385474,muon,0.9939897300755982,1.0,0.1,verified-v3-muon-3e-3,1.0,782,MSMARCO
18,0.003,-0.04375652917971623,muon,1.0921010695011657,1.0067765307042211,0.1,verified-v3-muon-3e-3,0.5772583367813672,782,NFCorpus
18,0.003,0.302563804217857,muon,0.9841451187796649,1.0,0.1,verified-v3-muon-3e-3,1.0,782,NQ
18,0.003,0.36735111043206214,muon,0.9985755247940681,1.0,0.1,verified-v3-muon-3e-3,1.0,782,QuoraRetrieval
18,0.003,0.02839006963843677,muon,1.0064823540453407,0.9892113233429544,0.1,verified-v3-muon-3e-3,0.7503074688428424,782,SCIDOCS
18,0.003,0.17127459751513222,muon,0.9901267684477194,1.0,0.1,verified-v3-muon-3e-3,1.0,782,SciFact
18,0.003,0.03199747102682336,muon,0.9949969938241894,1.0,0.1,verified-v3-muon-3e-3,0.7871941840459152,782,TRECCOVID
18,0.003,0.23208474584088923,muon,0.9846673283249083,1.0,0.1,verified-v3-muon-3e-3,1.0,782,Touche2020
19,0.003,0.16703862940068775,muon,0.9788388674962597,1.0,0.1,verified-v3-muon-3e-3,1.0,782,ArguAna
19,0.003,-0.017289961321220303,muon,0.8970145904657709,0.9851548553320398,0.1,verified-v3-muon-3e-3,0.6701549877962679,782,ClimateFEVER
19,0.003,0.1785357274505301,muon,0.9975458852847292,1.0,0.1,verified-v3-muon-3e-3,0.9769331095982161,782,DBPedia
19,0.003,0.30380789146327003,muon,1.0232449529043404,1.0,0.1,verified-v3-muon-3e-3,1.0,782,FEVER
19,0.003,0.1289333162681256,muon,1.0008107407298918,1.0,0.1,verified-v3-muon-3e-3,1.0,782,FiQA2018
19,0.003,0.20457668884252667,muon,1.0091885820059827,1.0,0.1,verified-v3-muon-3e-3,0.9769331095982161,782,HotpotQA
19,0.003,0.3285472790860486,muon,0.9897674065545794,1.0,0.1,verified-v3-muon-3e-3,1.0,782,MSMARCO
19,0.003,-0.04518883370600525,muon,1.1278493643119138,0.993275295633848,0.1,verified-v3-muon-3e-3,0.5695170950424817,782,NFCorpus
19,0.003,0.3046985530969097,muon,0.9910887870567445,1.0,0.1,verified-v3-muon-3e-3,1.0,782,NQ
19,0.003,0.3620512426483873,muon,0.984168822042584,1.0,0.1,verified-v3-muon-3e-3,1.0,782,QuoraRetrieval
19,0.003,0.026437525103347494,muon,0.9372609098895868,1.034022670238372,0.1,verified-v3-muon-3e-3,0.7842964532702706,782,SCIDOCS
19,0.003,0.16798885213436865,muon,0.9711320984674847,1.0,0.1,verified-v3-muon-3e-3,1.0,782,SciFact
19,0.003,0.031268113218490906,muon,0.972316800564396,1.0,0.1,verified-v3-muon-3e-3,0.7871941840459152,782,TRECCOVID
19,0.003,0.23534674496437466,muon,0.9985070313621888,1.0,0.1,verified-v3-muon-3e-3,1.0,782,Touche2020
0,0.003,0.16533623805747372,muon,0.968862930670115,1.0,0.25,verified-v3-muon-3e-3,1.0,782,ArguAna
0,0.003,-0.022987130740468546,muon,1.192587495371517,0.9971843564164183,0.25,verified-v3-muon-3e-3,0.678338097394484,782,ClimateFEVER
0,0.003,0.17754793613398243,muon,0.9920267257449943,1.0,0.25,verified-v3-muon-3e-3,0.9769331095982161,782,DBPedia
0,0.003,0.2909995230679398,muon,0.98010552603713,1.0,0.25,verified-v3-muon-3e-3,1.0,782,FEVER
0,0.003,0.11715976765858008,muon,0.9094216859379178,0.9769331095982161,0.25,verified-v3-muon-3e-3,0.9769331095982161,782,FiQA2018
0,0.003,0.20383787102060724,muon,1.0055439511622528,1.0,0.25,verified-v3-muon-3e-3,0.9769331095982161,782,HotpotQA
0,0.003,0.31798062833760954,muon,0.9579347688400197,1.0,0.25,verified-v3-muon-3e-3,1.0,782,MSMARCO
0,0.003,-0.047982998905167926,muon,1.1975877750033874,0.9544035399709226,0.25,verified-v3-muon-3e-3,0.5472290854023918,782,NFCorpus
0,0.003,0.2989924965938221,muon,0.9725287756584505,1.0,0.25,verified-v3-muon-3e-3,1.0,782,NQ
0,0.003,0.3554443783770147,muon,0.9662092929444702,1.0,0.25,verified-v3-muon-3e-3,1.0,782,QuoraRetrieval
0,0.003,0.025917092313621964,muon,0.9188105705281023,0.9757247416911995,0.25,verified-v3-muon-3e-3,0.7400780237246103,782,SCIDOCS
0,0.003,0.16539091451536356,muon,0.9561135982540657,1.0,0.25,verified-v3-muon-3e-3,1.0,782,SciFact
0,0.003,0.0303124751199982,muon,0.9426001696973189,0.9651933333890095,0.25,verified-v3-muon-3e-3,0.7597945785237183,782,TRECCOVID
0,0.003,0.21912872179721055,muon,0.9296987282362646,1.0,0.25,verified-v3-muon-3e-3,1.0,782,Touche2020
1,0.003,0.1780489215542146,muon,1.0433586851038914,1.0,0.25,verified-v3-muon-3e-3,1.0,782,ArguAna
1,0.003,-0.01876178040674134,muon,0.973373534809851,1.0068420611384714,0.25,verified-v3-muon-3e-3,0.6849077843377271,782,ClimateFEVER
1,0.003,0.18224936644188777,muon,1.0182953753064856,1.0,0.25,verified-v3-muon-3e-3,0.9769331095982161,782,DBPedia
1,0.003,0.30602713583562796,muon,1.0307195138590914,1.0,0.25,verified-v3-muon-3e-3,1.0,782,FEVER
1,0.003,0.1306511553553828,muon,1.014145011957333,1.0,0.25,verified-v3-muon-3e-3,1.0,782,FiQA2018
1,0.003,0.20273007391537118,muon,1.0000791242745517,1.0,0.25,verified-v3-muon-3e-3,0.9769331095982161,782,HotpotQA
1,0.003,0.3378317830530803,muon,1.0177375040034398,1.0,0.25,verified-v3-muon-3e-3,1.0,782,MSMARCO
1,0.003,-0.04592664224828552,muon,1.1462640218091291,1.0295850189919864,0.25,verified-v3-muon-3e-3,0.5903361048976771,782,NFCorpus
1,0.003,0.311864756020082,muon,1.014398196605107,1.0,0.25,verified-v3-muon-3e-3,1.0,782,NQ
1,0.003,0.3783369849491141,muon,1.0284385770611055,1.0,0.25,verified-v3-muon-3e-3,1.0,782,QuoraRetrieval
1,0.003,0.027157813684955977,muon,0.9627965199265477,0.9710607982597844,0.25,verified-v3-muon-3e-3,0.7365404665734999,782,SCIDOCS
1,0.003,0.18364666849630612,muon,1.0616488670970141,1.0,0.25,verified-v3-muon-3e-3,1.0,782,SciFact
1,0.003,0.031987320035871195,muon,0.9946813374564322,0.9562099088526456,0.25,verified-v3-muon-3e-3,0.7527228789758773,782,TRECCOVID
1,0.003,0.24291564573967742,muon,1.0306196515939516,1.0,0.25,verified-v3-muon-3e-3,1.0,782,Touche2020
2,0.003,0.16046309287757382,muon,0.9403065187422137,1.0,0.25,verified-v3-muon-3e-3,1.0,782,ArguAna
2,0.003,-0.012389789650367706,muon,0.6427904541082707,1.0270671978994361,0.25,verified-v3-muon-3e-3,0.6986660033688397,782,ClimateFEVER
2,0.003,0.1668420232533494,muon,0.9322087862502149,1.0236115350940154,0.25,verified-v3-muon-3e-3,1.0,782,DBPedia
2,0.003,0.28808001739469064,muon,0.9702724389809007,1.0,0.25,verified-v3-muon-3e-3,1.0,782,FEVER
2,0.003,0.11312617446807435,muon,0.8781119864309406,1.0,0.25,verified-v3-muon-3e-3,1.0,782,FiQA2018
2,0.003,0.20197462311637254,muon,0.9963524419974542,1.0,0.25,verified-v3-muon-3e-3,0.9769331095982161,782,HotpotQA
2,0.003,0.3177670817022793,muon,0.9572914474282058,1.0,0.25,verified-v3-muon-3e-3,1.0,782,MSMARCO
2,0.003,-0.034448467079643566,muon,0.859785006846341,0.9851294393594467,0.25,verified-v3-muon-3e-3,0.5648464821495374,782,NFCorpus
2,0.003,0.2885112730312798,muon,0.9384366441340625,1.0,0.25,verified-v3-muon-3e-3,1.0,782,NQ
2,0.003,0.3464924355325823,muon,0.9418751048341043,1.0,0.25,verified-v3-muon-3e-3,1.0,782,QuoraRetrieval
2,0.003,0.017400231268806736,muon,0.6168715311867852,0.9624108507304454,0.25,verified-v3-muon-3e-3,0.7299795628684868,782,SCIDOCS
2,0.003,0.16335568723885596,muon,0.9443480881575257,1.0,0.25,verified-v3-muon-3e-3,1.0,782,SciFact
2,0.003,0.029746866412085876,muon,0.9250119370653782,0.9944960021196495,0.25,verified-v3-muon-3e-3,0.7828614689255022,782,TRECCOVID
2,0.003,0.23131191575298238,muon,0.9813884375251225,1.0,0.25,verified-v3-muon-3e-3,1.0,782,Touche2020
3,0.003,0.1642443463055152,muon,0.9624644940345282,1.0,0.25,verified-v3-muon-3e-3,1.0,782,ArguAna
3,0.003,-0.021464576097421688,muon,1.113596356859355,0.9903422952779469,0.25,verified-v3-muon-3e-3,0.6736837617091483,782,ClimateFEVER
3,0.003,0.1706494141975186,muon,0.9534821034974796,1.0,0.25,verified-v3-muon-3e-3,0.9769331095982161,782,DBPedia
3,0.003,0.28759447015271855,muon,0.9686370839466664,1.0,0.25,verified-v3-muon-3e-3,1.0,782,FEVER
3,0.003,0.12053403475954037,muon,0.9356135411889678,0.9769331095982161,0.25,verified-v3-muon-3e-3,0.9769331095982161,782,FiQA2018
3,0.003,0.19751009028739178,muon,0.974328644562418,1.0,0.25,verified-v3-muon-3e-3,0.9769331095982161,782,HotpotQA
3,0.003,0.318569209895339,muon,0.9597079043338224,1.0,0.25,verified-v3-muon-3e-3,1.0,782,MSMARCO
3,0.003,-0.038380605736452245,muon,0.957925625241602,1.0350090859433652,0.25,verified-v3-muon-3e-3,0.5934461176675948,782,NFCorpus
3,0.003,0.30013585552903743,muon,0.9762477635195864,1.0,0.25,verified-v3-muon-3e-3,1.0,782,NQ
3,0.003,0.3570219693675014,muon,0.9704976800120438,1.0,0.25,verified-v3-muon-3e-3,1.0,782,QuoraRetrieval
3,0.003,0.02817164215094746,muon,0.9987386811837988,1.0659066113490374,0.25,verified-v3-muon-3e-3,0.8084801222062798,782,SCIDOCS
3,0.003,0.17053562785675658,muon,0.9858548352454607,1.0,0.25,verified-v3-muon-3e-3,1.0,782,SciFact
3,0.003,0.030421125987524732,muon,0.9459787894161917,1.0168828103407428,0.25,verified-v3-muon-3e-3,0.8004842341564982,782,TRECCOVID
3,0.003,0.2256966728504135,muon,0.9575646131426336,1.0,0.25,verified-v3-muon-3e-3,1.0,782,Touche2020
4,0.003,0.1703680682601501,muon,0.9983492297058094,1.0,0.25,verified-v3-muon-3e-3,1.0,782,ArguAna
4,0.003,-0.027286913909387513,muon,1.4156630804872414,0.9775748154216969,0.25,verified-v3-muon-3e-3,0.6649986395063343,782,ClimateFEVER
4,0.003,0.17536128273497514,muon,0.979809075351585,1.0,0.25,verified-v3-muon-3e-3,0.9769331095982161,782,DBPedia
4,0.003,0.29455261329025223,muon,0.9920725675108848,1.0,0.25,verified-v3-muon-3e-3,1.0,782,FEVER
4,0.003,0.1264587607951476,muon,0.9816026588502779,1.0,0.25,verified-v3-muon-3e-3,1.0,782,FiQA2018
4,0.003,0.20538930408455267,muon,1.0131972597710623,0.9763884649059846,0.25,verified-v3-muon-3e-3,0.9538662191964322,782,HotpotQA
4,0.003,0.34254779227780535,muon,1.0319447506214252,1.0,0.25,verified-v3-muon-3e-3,1.0,782,MSMARCO
4,0.003,-0.05028607171992318,muon,1.2550692144887479,0.9862890457342914,0.25,verified-v3-muon-3e-3,0.5655113689708419,782,NFCorpus
4,0.003,0.3132362248770242,muon,1.0188591544668946,1.0,0.25,verified-v3-muon-3e-3,1.0,782,NQ
4,0.003,0.38120590368571466,muon,1.0362371979217393,1.0,0.25,verified-v3-muon-3e-3,1.0,782,QuoraRetrieval
4,0.003,0.04175000653910083,muon,1.480117710102114,1.0659066113490374,0.25,verified-v3-muon-3e-3,0.8084801222062798,782,SCIDOCS
4,0.003,0.16793788475512653,muon,0.970837459523722,1.0,0.25,verified-v3-muon-3e-3,1.0,782,SciFact
4,0.003,0.033408206559890144,muon,1.038865386213879,0.9944960021196495,0.25,verified-v3-muon-3e-3,0.7828614689255022,782,TRECCOVID
4,0.003,0.23947741941721085,muon,1.016032268373856,1.0,0.25,verified-v3-muon-3e-3,1.0,782,Touche2020
5,0.003,0.1780475860326428,muon,1.0433508590074518,1.0,0.25,verified-v3-muon-3e-3,1.0,782,ArguAna
5,0.003,-0.023329369904182704,muon,1.2103430887807183,0.9757773936623254,0.25,verified-v3-muon-3e-3,0.663775937155839,782,ClimateFEVER
5,0.003,0.1664309897083711,muon,0.929912188099457,1.0,0.25,verified-v3-muon-3e-3,0.9769331095982161,782,DBPedia
5,0.003,0.287417004699018,muon,0.9680393686307825,1.0,0.25,verified-v3-muon-3e-3,1.0,782,FEVER
5,0.003,0.12357719783808721,muon,0.9592352891045237,1.0,0.25,verified-v3-muon-3e-3,1.0,782,FiQA2018
5,0.003,0.19753695953107248,muon,0.9744611920881556,1.0,0.25,verified-v3-muon-3e-3,0.9769331095982161,782,HotpotQA
5,0.003,0.3248366744927087,muon,0.9785889987001116,1.0,0.25,verified-v3-muon-3e-3,1.0,782,MSMARCO
5,0.003,-0.040135271885762,muon,1.0017196101440193,0.9851731464263037,0.25,verified-v3-muon-3e-3,0.5648715425953761,782,NFCorpus
5,0.003,0.2985388395716497,muon,0.9710531717106312,1.0,0.25,verified-v3-muon-3e-3,1.0,782,NQ
5,0.003,0.3489997928990518,muon,0.9486908884998286,1.0,0.25,verified-v3-muon-3e-3,1.0,782,QuoraRetrieval
5,0.003,0.03407569031442885,muon,1.208048498653659,0.9974747856962916,0.25,verified-v3-muon-3e-3,0.7565752271831511,782,SCIDOCS
5,0.003,0.17576473140092713,muon,1.0160839262442627,1.0,0.25,verified-v3-muon-3e-3,1.0,782,SciFact
5,0.003,0.031838068141605294,muon,0.9900401835979711,0.9944960021196495,0.25,verified-v3-muon-3e-3,0.7828614689255022,782,TRECCOVID
5,0.003,0.22767427124026288,muon,0.965954981565932,1.0,0.25,verified-v3-muon-3e-3,1.0,782,Touche2020
6,0.003,0.17284650267779064,muon,1.012872744100241,1.0,0.25,verified-v3-muon-3e-3,1.0,782,ArguAna
6,0.003,-0.017301326353026683,muon,0.8976042158074378,0.9597214750230573,0.25,verified-v3-muon-3e-3,0.6528538431301947,782,ClimateFEVER
6,0.003,0.1770445162177131,muon,0.9892139303834385,1.0,0.25,verified-v3-muon-3e-3,0.9769331095982161,782,DBPedia
6,0.003,0.2927975804065096,muon,0.9861615013703007,1.0,0.25,verified-v3-muon-3e-3,1.0,782,FEVER
6,0.003,0.12226960100315903,muon,0.9490854147755404,1.0,0.25,verified-v3-muon-3e-3,1.0,782,FiQA2018
6,0.003,0.19213168922990542,muon,0.947796682551623,0.9763884649059846,0.25,verified-v3-muon-3e-3,0.9538662191964322,782,HotpotQA
6,0.003,0.3185323936256263,muon,0.9595969932226608,1.0,0.25,verified-v3-muon-3e-3,1.0,782,MSMARCO
6,0.003,-0.045398895432999846,muon,1.1330922078603551,1.062585180345402,0.25,verified-v3-muon-3e-3,0.6092575017274826,782,NFCorpus
6,0.003,0.2982162091019634,muon,0.9700037560254599,1.0,0.25,verified-v3-muon-3e-3,1.0,782,NQ
6,0.003,0.3578214377050917,muon,0.9726708856784879,1.0,0.25,verified-v3-muon-3e-3,1.0,782,QuoraRetrieval
6,0.003,0.021661981782536567,muon,0.7679587509097491,1.0025252143037087,0.25,verified-v3-muon-3e-3,0.760405929698966,782,SCIDOCS
6,0.003,0.16447482353060305,muon,0.9508177387424713,1.0,0.25,verified-v3-muon-3e-3,1.0,782,SciFact
6,0.003,0.030782571351948146,muon,0.9572183355269297,1.0341939580158497,0.25,verified-v3-muon-3e-3,0.8141114689255022,782,TRECCOVID
6,0.003,0.22713645101569457,muon,0.9636731685078354,1.0,0.25,verified-v3-muon-3e-3,1.0,782,Touche2020
7,0.003,0.16601809796726025,muon,0.9728585991228627,1.0,0.25,verified-v3-muon-3e-3,1.0,782,ArguAna
7,0.003,-0.017736135404180977,muon,0.9201623959968456,0.9781202420464709,0.25,verified-v3-muon-3e-3,0.6653696678488237,782,ClimateFEVER
7,0.003,0.16799544251070078,muon,0.9386533710434621,1.0,0.25,verified-v3-muon-3e-3,0.9769331095982161,782,DBPedia
7,0.003,0.28753577290419685,muon,0.9684393877544776,1.0,0.25,verified-v3-muon-3e-3,1.0,782,FEVER
7,0.003,0.1272164759687458,muon,0.9874842223289841,1.0,0.25,verified-v3-muon-3e-3,1.0,782,FiQA2018
7,0.003,0.19118476227339576,muon,0.9431254373676772,0.968012139528312,0.25,verified-v3-muon-3e-3,0.9456831095982161,782,HotpotQA
7,0.003,0.3267009974697439,muon,0.9842053779411553,1.0,0.25,verified-v3-muon-3e-3,1.0,782,MSMARCO
7,0.003,-0.045007349210647626,muon,1.123319768039232,0.9359593236686458,0.25,verified-v3-muon-3e-3,0.5366536723875088,782,NFCorpus
7,0.003,0.2996984560419481,muon,0.9748250402322174,1.0,0.25,verified-v3-muon-3e-3,1.0,782,NQ
7,0.003,0.3527986682129989,muon,0.9590174229855697,1.0,0.25,verified-v3-muon-3e-3,1.0,782,QuoraRetrieval
7,0.003,0.03183338404620156,muon,1.128554445976855,0.9892113233429544,0.25,verified-v3-muon-3e-3,0.7503074688428424,782,SCIDOCS
7,0.003,0.16152410934022154,muon,0.9337598612269388,1.0,0.25,verified-v3-muon-3e-3,1.0,782,SciFact
7,0.003,0.03286311145848113,muon,1.0219150470200222,0.9820761437297524,0.25,verified-v3-muon-3e-3,0.7730846286343014,782,TRECCOVID
7,0.003,0.2283594163155957,muon,0.9688618506425642,1.0,0.25,verified-v3-muon-3e-3,1.0,782,Touche2020
8,0.003,0.1824542790480561,muon,1.0691738821972785,1.0,0.25,verified-v3-muon-3e-3,1.0,782,ArguAna
8,0.003,-0.02913222657248118,muon,1.5113991178336477,0.9660907409620925,0.25,verified-v3-muon-3e-3,0.6571865582506076,782,ClimateFEVER
8,0.003,0.19808937237417926,muon,1.1067994129368326,1.0236115350940154,0.25,verified-v3-muon-3e-3,1.0,782,DBPedia
8,0.003,0.30906589983562077,muon,1.04095427080067,1.0,0.25,verified-v3-muon-3e-3,1.0,782,FEVER
8,0.003,0.14360609166433125,muon,1.1147042760695254,1.0,0.25,verified-v3-muon-3e-3,1.0,782,FiQA2018
8,0.003,0.20686211984586822,muon,1.0204627447005905,0.9763884649059846,0.25,verified-v3-muon-3e-3,0.9538662191964322,782,HotpotQA
8,0.003,0.35239763196326845,muon,1.061617954148111,1.0,0.25,verified-v3-muon-3e-3,1.0,782,MSMARCO
8,0.003,-0.04455118711379222,muon,1.1119346073973633,1.0399707931535758,0.25,verified-v3-muon-3e-3,0.596291025911293,782,NFCorpus
8,0.003,0.33352656874188263,muon,1.0848572764979858,1.0,0.25,verified-v3-muon-3e-3,1.0,782,NQ
8,0.003,0.4008337527251515,muon,1.089591847189253,1.0,0.25,verified-v3-muon-3e-3,1.0,782,QuoraRetrieval
8,0.003,0.034677027934577234,muon,1.2293670692387608,1.041207325934213,0.25,verified-v3-muon-3e-3,0.7897459469249088,782,SCIDOCS
8,0.003,0.18932199320862947,muon,1.0944575322395944,1.0,0.25,verified-v3-muon-3e-3,1.0,782,SciFact
8,0.003,0.03555628202435453,muon,1.1056621848689303,1.0396979558962,0.25,verified-v3-muon-3e-3,0.8184441840459152,782,TRECCOVID
8,0.003,0.2496980085460777,muon,1.0593952225178886,1.0,0.25,verified-v3-muon-3e-3,1.0,782,Touche2020
9,0.003,0.17551594319941738,muon,1.0285155456869917,1.0,0.25,verified-v3-muon-3e-3,1.0,782,ArguAna
9,0.003,-0.020176312082064083,muon,1.0467603705503798,1.006398213917215,0.25,verified-v3-muon-3e-3,0.6846058557347927,782,ClimateFEVER
9,0.003,0.1808742626351872,muon,1.0106121560214625,1.0,0.25,verified-v3-muon-3e-3,0.9769331095982161,782,DBPedia
9,0.003,0.30421283122325044,muon,1.0246088166395269,1.0,0.25,verified-v3-muon-3e-3,1.0,782,FEVER
9,0.003,0.1286124214903321,muon,0.9983198799535198,0.9769331095982161,0.25,verified-v3-muon-3e-3,0.9769331095982161,782,FiQA2018
9,0.003,0.21188102970625988,muon,1.045221315942905,0.9763884649059846,0.25,verified-v3-muon-3e-3,0.9538662191964322,782,HotpotQA
9,0.003,0.33808404613217624,muon,1.0184974609090662,1.0,0.25,verified-v3-muon-3e-3,1.0,782,MSMARCO
9,0.003,-0.04068014818359253,muon,1.0153189517454186,1.0463845889169603,0.25,verified-v3-muon-3e-3,0.5999685223187996,782,NFCorpus
9,0.003,0.32637575467605295,muon,1.0615979220739515,1.0,0.25,verified-v3-muon-3e-3,1.0,782,NQ
9,0.003,0.376146272988112,muon,1.0224835349120363,1.0,0.25,verified-v3-muon-3e-3,1.0,782,QuoraRetrieval
9,0.003,0.024612457061705194,muon,0.8725587516265397,1.0578854813321579,0.25,verified-v3-muon-3e-3,0.802396170660026,782,SCIDOCS
9,0.003,0.18522267139419024,muon,1.070759632376777,1.0,0.25,verified-v3-muon-3e-3,1.0,782,SciFact
9,0.003,0.03420157865415572,muon,1.0635361749807941,1.0193787117019242,0.25,verified-v3-muon-3e-3,0.8024489931919725,782,TRECCOVID
9,0.003,0.24420000824882282,muon,1.0360688240326603,1.0,0.25,verified-v3-muon-3e-3,1.0,782,Touche2020
10,0.003,0.17711385811997576,muon,1.0378792553678393,1.0,0.25,verified-v3-muon-3e-3,1.0,782,ArguAna
10,0.003,-0.016515319239783843,muon,0.8568256486556781,0.9787855893930048,0.25,verified-v3-muon-3e-3,0.665822272675855,782,ClimateFEVER
10,0.003,0.1889010894215542,muon,1.0554610394745088,1.0,0.25,verified-v3-muon-3e-3,0.9769331095982161,782,DBPedia
10,0.003,0.30397104819273923,muon,1.0237944754962574,1.0,0.25,verified-v3-muon-3e-3,1.0,782,FEVER
10,0.003,0.13190014940094655,muon,1.0238399976451935,1.0,0.25,verified-v3-muon-3e-3,1.0,782,FiQA2018
10,0.003,0.2023912100822679,muon,0.9984074894800036,1.0,0.25,verified-v3-muon-3e-3,0.9769331095982161,782,HotpotQA
10,0.003,0.34377722013408074,muon,1.0356484721200072,1.0,0.25,verified-v3-muon-3e-3,1.0,782,MSMARCO
10,0.003,-0.04809485455619337,muon,1.2003795338198353,0.9800662431879358,0.25,verified-v3-muon-3e-3,0.5619433828900425,782,NFCorpus
10,0.003,0.3191906712935365,muon,1.0382271003155203,1.0,0.25,verified-v3-muon-3e-3,1.0,782,NQ
10,0.003,0.3782964584473567,muon,1.0283284133196298,1.0,0.25,verified-v3-muon-3e-3,1.0,782,QuoraRetrieval
10,0.003,0.02521340638222281,muon,0.8938635562458855,1.0084146930446078,0.25,verified-v3-muon-3e-3,0.7648730438358671,782,SCIDOCS
10,0.003,0.16788716507801849,muon,0.9705442525291047,1.0,0.25,verified-v3-muon-3e-3,1.0,782,SciFact
10,0.003,0.02776463237208589,muon,0.8633721621843391,0.9755886205545696,0.25,verified-v3-muon-3e-3,0.7679776881219345,782,TRECCOVID
10,0.003,0.23936740490855643,muon,1.0155655091651832,1.0,0.25,verified-v3-muon-3e-3,1.0,782,Touche2020
11,0.003,0.17014957248732432,muon,0.9970688542885011,1.0,0.25,verified-v3-muon-3e-3,1.0,782,ArguAna
11,0.003,-0.02157799347992643,muon,1.1194805254256737,0.9740938244915813,0.25,verified-v3-muon-3e-3,0.6626306834213955,782,ClimateFEVER
11,0.003,0.17530428688887256,muon,0.9794906182417962,1.0236115350940154,0.25,verified-v3-muon-3e-3,1.0,782,DBPedia
11,0.003,0.2935250938640086,muon,0.9886118145269812,1.0,0.25,verified-v3-muon-3e-3,1.0,782,FEVER
11,0.003,0.13059027692502814,muon,1.0136724592553532,1.0,0.25,verified-v3-muon-3e-3,1.0,782,FiQA2018
11,0.003,0.19719928885694932,muon,0.9727954432155377,1.0,0.25,verified-v3-muon-3e-3,0.9769331095982161,782,HotpotQA
11,0.003,0.3217059380188336,muon,0.9691574766099785,1.0,0.25,verified-v3-muon-3e-3,1.0,782,MSMARCO
11,0.003,-0.03958085412194737,muon,0.9878821270491974,1.0511178509535284,0.25,verified-v3-muon-3e-3,0.6026824463003891,782,NFCorpus
11,0.003,0.3094177773798741,muon,1.0064389428842464,1.0,0.25,verified-v3-muon-3e-3,1.0,782,NQ
11,0.003,0.36190208733102786,muon,0.9837633711127288,1.0,0.25,verified-v3-muon-3e-3,1.0,782,QuoraRetrieval
11,0.003,0.029016811497705512,muon,1.0287015535728237,1.0584680434257292,0.25,verified-v3-muon-3e-3,0.8028380385193568,782,SCIDOCS
11,0.003,0.16323754557396492,muon,0.9436651192492655,1.0,0.25,verified-v3-muon-3e-3,1.0,782,SciFact
11,0.003,0.029268675411848778,muon,0.9101420554015794,0.9944960021196495,0.25,verified-v3-muon-3e-3,0.7828614689255022,782,TRECCOVID
11,0.003,0.22998529770391776,muon,0.9757599872564624,1.0,0.25,verified-v3-muon-3e-3,1.0,782,Touche2020
12,0.003,0.17682781716184945,muon,1.036203068197755,1.0,0.25,verified-v3-muon-3e-3,1.0,782,ArguAna
12,0.003,-0.022809670189724178,muon,1.1833807250212318,0.9832787340141983,0.25,verified-v3-muon-3e-3,0.668878749799716,782,ClimateFEVER
12,0.003,0.19606618149858218,muon,1.0954950888000476,1.0,0.25,verified-v3-muon-3e-3,0.9769331095982161,782,DBPedia
12,0.003,0.31889928919123445,muon,1.0740737726661818,1.0,0.25,verified-v3-muon-3e-3,1.0,782,FEVER
12,0.003,0.13524680569706726,muon,1.0498175313318607,1.0,0.25,verified-v3-muon-3e-3,1.0,782,FiQA2018
12,0.003,0.20939796008054135,muon,1.0329721905475382,1.0,0.25,verified-v3-muon-3e-3,0.9769331095982161,782,HotpotQA
12,0.003,0.351825268268842,muon,1.059893675891982,1.0,0.25,verified-v3-muon-3e-3,1.0,782,MSMARCO
12,0.003,-0.045943124525835016,muon,1.1466753961406189,0.9622441436450624,0.25,verified-v3-muon-3e-3,0.551724674739511,782,NFCorpus
12,0.003,0.33376777105732164,muon,1.085641831947344,1.0,0.25,verified-v3-muon-3e-3,1.0,782,NQ
12,0.003,0.39289315919359236,muon,1.0680068236850992,1.0,0.25,verified-v3-muon-3e-3,1.0,782,QuoraRetrieval
12,0.003,0.03783411433285591,muon,1.3412918299220535,0.9545598355921228,0.25,verified-v3-muon-3e-3,0.7240246418548709,782,SCIDOCS
12,0.003,0.1822101267229274,muon,1.0533443170676966,1.0,0.25,verified-v3-muon-3e-3,1.0,782,SciFact
12,0.003,0.029917011374779423,muon,0.9303027841530275,1.0048912892852095,0.25,verified-v3-muon-3e-3,0.7910445785237183,782,TRECCOVID
12,0.003,0.25198076274371206,muon,1.0690802772976116,1.0,0.25,verified-v3-muon-3e-3,1.0,782,Touche2020
13,0.003,0.17129636821779565,muon,1.0037890257727355,1.0,0.25,verified-v3-muon-3e-3,1.0,782,ArguAna
13,0.003,-0.013078906681233855,muon,0.6785422999187481,1.0339092590379075,0.25,verified-v3-muon-3e-3,0.7033203390541753,782,ClimateFEVER
13,0.003,0.1802658195862455,muon,1.0072125571368635,1.0236115350940154,0.25,verified-v3-muon-3e-3,1.0,782,DBPedia
13,0.003,0.2978384935688684,muon,1.0031396283260197,1.0,0.25,verified-v3-muon-3e-3,1.0,782,FEVER
13,0.003,0.13690228253052916,muon,1.0626677320706108,1.0,0.25,verified-v3-muon-3e-3,1.0,782,FiQA2018
13,0.003,0.19997592182950114,muon,0.9864927334990733,0.9763884649059846,0.25,verified-v3-muon-3e-3,0.9538662191964322,782,HotpotQA
13,0.003,0.3413219749656698,muon,1.0282519060928776,1.0,0.25,verified-v3-muon-3e-3,1.0,782,MSMARCO
13,0.003,-0.04177178490661691,muon,1.0425646601018832,0.9652427970470178,0.25,verified-v3-muon-3e-3,0.553444021210754,782,NFCorpus
13,0.003,0.32198452876571654,muon,1.0473146420355877,1.0,0.25,verified-v3-muon-3e-3,1.0,782,NQ
13,0.003,0.3767239862986297,muon,1.0240539408693021,1.0,0.25,verified-v3-muon-3e-3,1.0,782,QuoraRetrieval
13,0.003,0.02844269924068968,muon,1.0083481742649665,0.9674872413768751,0.25,verified-v3-muon-3e-3,0.73382995734629,782,SCIDOCS
13,0.003,0.18274739992534655,muon,1.0564502568124263,1.0,0.25,verified-v3-muon-3e-3,1.0,782,SciFact
13,0.003,0.02770191199215343,muon,0.8614218021251959,0.9785967170737389,0.25,verified-v3-muon-3e-3,0.7703456442068732,782,TRECCOVID
13,0.003,0.24772626692685643,muon,1.051029702650087,1.0,0.25,verified-v3-muon-3e-3,1.0,782,Touche2020
14,0.003,0.1643426162963691,muon,0.9630403517681637,1.0,0.25,verified-v3-muon-3e-3,1.0,782,ArguAna
14,0.003,-0.022290389121035765,muon,1.15644008088026,1.0040264175548896,0.25,verified-v3-muon-3e-3,0.6829924330798197,782,ClimateFEVER
14,0.003,0.17326156857120897,muon,0.9680771869825224,1.0,0.25,verified-v3-muon-3e-3,0.9769331095982161,782,DBPedia
14,0.003,0.28902217313141676,muon,0.9734456814461032,1.0,0.25,verified-v3-muon-3e-3,1.0,782,FEVER
14,0.003,0.12261672341649911,muon,0.9517798606307636,0.9538662191964322,0.25,verified-v3-muon-3e-3,0.9538662191964322,782,FiQA2018
14,0.003,0.20023340788013114,muon,0.9877629270083721,0.9763884649059846,0.25,verified-v3-muon-3e-3,0.9538662191964322,782,HotpotQA
14,0.003,0.3131628322341058,muon,0.9434208834475166,1.0,0.25,verified-v3-muon-3e-3,1.0,782,MSMARCO
14,0.003,-0.04293704458761518,muon,1.0716478933409288,1.0137109542657088,0.25,verified-v3-muon-3e-3,0.5812343470374286,782,NFCorpus
14,0.003,0.3044035863765907,muon,0.9901293528681284,1.0,0.25,verified-v3-muon-3e-3,1.0,782,NQ
14,0.003,0.3562050698029047,muon,0.9682770908039104,1.0,0.25,verified-v3-muon-3e-3,1.0,782,QuoraRetrieval
14,0.003,0.02434801761907629,muon,0.8631838668126174,0.9989471553815163,0.25,verified-v3-muon-3e-3,0.7576920057173763,782,SCIDOCS
14,0.003,0.16627421777639878,muon,0.9612199141707087,1.0,0.25,verified-v3-muon-3e-3,1.0,782,SciFact
14,0.003,0.0223732398163346,muon,0.6957208068318591,0.9945028218903733,0.25,verified-v3-muon-3e-3,0.7828668374093526,782,TRECCOVID
14,0.003,0.22235307958324815,muon,0.9433787301477987,1.0,0.25,verified-v3-muon-3e-3,1.0,782,Touche2020
15,0.003,0.16683861787929255,muon,0.977666808962308,1.0,0.25,verified-v3-muon-3e-3,1.0,782,ArguAna
15,0.003,-0.02626899465966645,muon,1.3628527588241668,0.9512455962941323,0.25,verified-v3-muon-3e-3,0.647088097394484,782,ClimateFEVER
15,0.003,0.17821479147122268,muon,0.9957526959317095,1.0,0.25,verified-v3-muon-3e-3,0.9769331095982161,782,DBPedia
15,0.003,0.28755386756309725,muon,0.9685003317553236,1.0,0.25,verified-v3-muon-3e-3,1.0,782,FEVER
15,0.003,0.12948917178643266,muon,1.005125422063759,1.0,0.25,verified-v3-muon-3e-3,1.0,782,FiQA2018
15,0.003,0.18941338677596095,muon,0.9343871400740279,0.9916236746223275,0.25,verified-v3-muon-3e-3,0.96875,782,HotpotQA
15,0.003,0.3196480850397522,muon,0.9629580772059051,1.0,0.25,verified-v3-muon-3e-3,1.0,782,MSMARCO
15,0.003,-0.04892146008210209,muon,1.2210104384145022,0.9801864581275429,0.25,verified-v3-muon-3e-3,0.5620123108735399,782,NFCorpus
15,0.003,0.29706648836461635,muon,0.966264075218151,1.0,0.25,verified-v3-muon-3e-3,1.0,782,NQ
15,0.003,0.36256061029630576,muon,0.9855534430547135,1.0,0.25,verified-v3-muon-3e-3,1.0,782,QuoraRetrieval
15,0.003,0.025038048387199443,muon,0.887646779398222,1.0128577641392953,0.25,verified-v3-muon-3e-3,0.7682430714005313,782,SCIDOCS
15,0.003,0.16709498080134433,muon,0.965964689247345,1.0,0.25,verified-v3-muon-3e-3,1.0,782,SciFact
15,0.003,0.03213960758735111,muon,0.9994168884564578,0.9875801416101028,0.25,verified-v3-muon-3e-3,0.7774173437547143,782,TRECCOVID
15,0.003,0.2336399253658467,muon,0.9912654977235785,1.0,0.25,verified-v3-muon-3e-3,1.0,782,Touche2020
16,0.003,0.17437831516998425,muon,1.0218490965191698,1.0,0.25,verified-v3-muon-3e-3,1.0,782,ArguAna
16,0.003,-0.026371888886545534,muon,1.3681909791400186,0.9846870799592381,0.25,verified-v3-muon-3e-3,0.6698367819857248,782,ClimateFEVER
16,0.003,0.1717876928707186,muon,0.9598420921841846,1.0,0.25,verified-v3-muon-3e-3,0.9769331095982161,782,DBPedia
16,0.003,0.29055552164682047,muon,0.9786101000590407,1.0,0.25,verified-v3-muon-3e-3,1.0,782,FEVER
16,0.003,0.13414296582613058,muon,1.0412492665043125,1.0,0.25,verified-v3-muon-3e-3,1.0,782,FiQA2018
16,0.003,0.20454513633867058,muon,1.0090329316882196,1.0,0.25,verified-v3-muon-3e-3,0.9769331095982161,782,HotpotQA
16,0.003,0.3294114157072202,muon,0.9923706673845736,1.0,0.25,verified-v3-muon-3e-3,1.0,782,MSMARCO
16,0.003,-0.04630638008907141,muon,1.1557417411307196,1.0441316010539718,0.25,verified-v3-muon-3e-3,0.5986767202287493,782,NFCorpus
16,0.003,0.3074219613420004,muon,0.999947179546153,1.0,0.25,verified-v3-muon-3e-3,1.0,782,NQ
16,0.003,0.37679634928212535,muon,1.0242506461525251,1.0,0.25,verified-v3-muon-3e-3,1.0,782,QuoraRetrieval
16,0.003,0.02827111965312736,muon,1.0022653491998934,0.9237358169516677,0.25,verified-v3-muon-3e-3,0.7006449141263942,782,SCIDOCS
16,0.003,0.16926274910952238,muon,0.978496410009556,1.0,0.25,verified-v3-muon-3e-3,1.0,782,SciFact
16,0.003,0.032616452862416566,muon,1.0142449232974506,1.0189073815650798,0.25,verified-v3-muon-3e-3,0.802077964849483,782,TRECCOVID
16,0.003,0.23667621164448827,muon,1.0041475675347036,1.0,0.25,verified-v3-muon-3e-3,1.0,782,Touche2020
17,0.003,0.17432882244896158,muon,1.0215590713964247,1.0,0.25,verified-v3-muon-3e-3,1.0,782,ArguAna
17,0.003,-0.019512857320730395,muon,1.0123399001991888,1.0183987670234138,0.25,verified-v3-muon-3e-3,0.6927692733710206,782,ClimateFEVER
17,0.003,0.17332394135636192,muon,0.968425687061871,1.0236115350940154,0.25,verified-v3-muon-3e-3,1.0,782,DBPedia
17,0.003,0.30085395846418284,muon,1.0132959123511953,1.0,0.25,verified-v3-muon-3e-3,1.0,782,FEVER
17,0.003,0.12169574069637415,muon,0.9446309760367236,0.9769331095982161,0.25,verified-v3-muon-3e-3,0.9769331095982161,782,FiQA2018
17,0.003,0.20401693128218526,muon,1.0064272657397737,1.0236115350940154,0.25,verified-v3-muon-3e-3,1.0,782,HotpotQA
17,0.003,0.3352887866593617,muon,1.0100765824079536,1.0,0.25,verified-v3-muon-3e-3,1.0,782,MSMARCO
17,0.003,-0.04252043979967532,muon,1.061250027171065,0.9684079205790331,0.25,verified-v3-muon-3e-3,0.5552588171362418,782,NFCorpus
17,0.003,0.31231419201392263,muon,1.0158600708722076,1.0,0.25,verified-v3-muon-3e-3,1.0,782,NQ
17,0.003,0.37468336135668123,muon,1.018506882307488,1.0,0.25,verified-v3-muon-3e-3,1.0,782,QuoraRetrieval
17,0.003,0.02836024715481564,muon,1.0054250898716088,0.9860242516360469,0.25,verified-v3-muon-3e-3,0.747890104980337,782,SCIDOCS
17,0.003,0.16571576297503215,muon,0.9579915250469077,0.9769331095982161,0.25,verified-v3-muon-3e-3,0.9769331095982161,782,SciFact
17,0.003,0.022920054626810227,muon,0.7127246222942029,0.9930841394904534,0.25,verified-v3-muon-3e-3,0.7817500588751273,782,TRECCOVID
17,0.003,0.23343080231054222,muon,0.9903782500959426,1.0,0.25,verified-v3-muon-3e-3,1.0,782,Touche2020
18,0.003,0.16296715229640374,muon,0.9549801944929364,1.0,0.25,verified-v3-muon-3e-3,1.0,782,ArguAna
18,0.003,-0.013104321861008548,muon,0.6798608561985259,0.969571731892208,0.25,verified-v3-muon-3e-3,0.6595545143355463,782,ClimateFEVER
18,0.003,0.17238713687559631,muon,0.9631914100437713,1.0,0.25,verified-v3-muon-3e-3,0.9769331095982161,782,DBPedia
18,0.003,0.28751284398687554,muon,0.968362161653432,1.0,0.25,verified-v3-muon-3e-3,1.0,782,FEVER
18,0.003,0.11994204089709622,muon,0.9310183455240382,1.0,0.25,verified-v3-muon-3e-3,1.0,782,FiQA2018
18,0.003,0.19595622445199132,muon,0.9666633349519842,0.9763884649059846,0.25,verified-v3-muon-3e-3,0.9538662191964322,782,HotpotQA
18,0.003,0.3189248846765823,muon,0.9607793948869852,1.0,0.25,verified-v3-muon-3e-3,1.0,782,MSMARCO
18,0.003,-0.04623504818865504,muon,1.1539613978038,1.0105705122683748,0.25,verified-v3-muon-3e-3,0.5794337028340211,782,NFCorpus
18,0.003,0.30240742047905045,muon,0.9836364515463161,1.0,0.25,verified-v3-muon-3e-3,1.0,782,NQ
18,0.003,0.35987359550603065,muon,0.97824929416791,1.0,0.25,verified-v3-muon-3e-3,1.0,782,QuoraRetrieval
18,0.003,0.026331142883406745,muon,0.9334894564018654,0.9638832204156703,0.25,verified-v3-muon-3e-3,0.7310963414027121,782,SCIDOCS
18,0.003,0.1676701119331862,muon,0.9692894831004087,1.0,0.25,verified-v3-muon-3e-3,1.0,782,SciFact
18,0.003,0.028468799978067633,muon,0.8852690380503369,1.0237986708502895,0.25,verified-v3-muon-3e-3,0.8059283593272861,782,TRECCOVID
18,0.003,0.23114971836023573,muon,0.9807002816844684,1.0,0.25,verified-v3-muon-3e-3,1.0,782,Touche2020
19,0.003,0.16843795029525632,muon,0.9870388251025791,1.0,0.25,verified-v3-muon-3e-3,1.0,782,ArguAna
19,0.003,-0.024850174355361042,muon,1.2892434261850576,0.9436655563837892,0.25,verified-v3-muon-3e-3,0.6419317491045504,782,ClimateFEVER
19,0.003,0.1818890434693912,muon,1.0162821160909759,1.0236115350940154,0.25,verified-v3-muon-3e-3,1.0,782,DBPedia
19,0.003,0.28813491827259036,muon,0.9704573487472348,1.0,0.25,verified-v3-muon-3e-3,1.0,782,FEVER
19,0.003,0.12555148774575509,muon,0.9745601919465451,1.0,0.25,verified-v3-muon-3e-3,1.0,782,FiQA2018
19,0.003,0.19188063292512716,muon,0.9465582073487231,0.9763884649059846,0.25,verified-v3-muon-3e-3,0.9538662191964322,782,HotpotQA
19,0.003,0.31874901025392083,muon,0.9602495631632796,1.0,0.25,verified-v3-muon-3e-3,1.0,782,MSMARCO
19,0.003,-0.03977577491874307,muon,0.9927470743985243,1.0545020566700327,0.25,verified-v3-muon-3e-3,0.6046228580041352,782,NFCorpus
19,0.003,0.2862674398823041,muon,0.9311381589546176,1.0,0.25,verified-v3-muon-3e-3,1.0,782,NQ
19,0.003,0.34955919015155923,muon,0.950211505667241,1.0,0.25,verified-v3-muon-3e-3,1.0,782,QuoraRetrieval
19,0.003,0.01856993282690122,muon,0.6583396921569695,0.930913394795782,0.25,verified-v3-muon-3e-3,0.7060890392971821,782,SCIDOCS
19,0.003,0.15843342553646997,muon,0.9158928289215096,1.0,0.25,verified-v3-muon-3e-3,1.0,782,SciFact
19,0.003,0.02498199293912446,muon,0.7768428902811858,0.988992004239299,0.25,verified-v3-muon-3e-3,0.7785287538050893,782,TRECCOVID
19,0.003,0.22927751191151352,muon,0.9727570602751656,1.0,0.25,verified-v3-muon-3e-3,1.0,782,Touche2020
0,0.003,0.1651092084090443,muon,0.967532547124979,1.0,0.5,verified-v3-muon-3e-3,1.0,782,ArguAna
0,0.003,-0.027815539310217206,muon,1.4430885147392587,0.963747892577947,0.5,verified-v3-muon-3e-3,0.6555928275576229,782,ClimateFEVER
0,0.003,0.1882320277326349,muon,1.0517227415757422,1.0236115350940154,0.5,verified-v3-muon-3e-3,1.0,782,DBPedia
0,0.003,0.3043037632951593,muon,1.0249150818362265,1.0,0.5,verified-v3-muon-3e-3,1.0,782,FEVER
0,0.003,0.14308835401967746,muon,1.1106854746406365,1.0,0.5,verified-v3-muon-3e-3,1.0,782,FiQA2018
0,0.003,0.21285596759804004,muon,1.0500307406829195,0.9763884649059846,0.5,verified-v3-muon-3e-3,0.9538662191964322,782,HotpotQA
0,0.003,0.3546329649090051,muon,1.0683520220686928,1.0,0.5,verified-v3-muon-3e-3,1.0,782,MSMARCO
0,0.003,-0.07668960782686293,muon,1.9140641247698964,0.9452291985222468,0.5,verified-v3-muon-3e-3,0.5419687670256588,782,NFCorpus
0,0.003,0.3311178002330225,muon,1.0770223083450936,1.0,0.5,verified-v3-muon-3e-3,1.0,782,NQ
0,0.003,0.40028579863056324,muon,1.0881023361138054,1.0,0.5,verified-v3-muon-3e-3,1.0,782,QuoraRetrieval
0,0.003,0.025502628227975218,muon,0.9041170247248819,0.9510254562763751,0.5,verified-v3-muon-3e-3,0.7213438484432394,782,SCIDOCS
0,0.003,0.18386157299716058,muon,1.0628912153613974,0.9769331095982161,0.5,verified-v3-muon-3e-3,0.9769331095982161,782,SciFact
0,0.003,0.0231561748367864,muon,0.7200670431658548,0.9944960021196495,0.5,verified-v3-muon-3e-3,0.7828614689255022,782,TRECCOVID
0,0.003,0.2725109734575511,muon,1.156183924115496,1.0,0.5,verified-v3-muon-3e-3,1.0,782,Touche2020
1,0.003,0.17950448429057714,muon,1.0518882173776098,1.0,0.5,verified-v3-muon-3e-3,1.0,782,ArguAna
1,0.003,-0.01913071809026423,muon,0.9925142650257425,0.9604305058167492,0.5,verified-v3-muon-3e-3,0.6533361637728043,782,ClimateFEVER
1,0.003,0.17924475820576524,muon,1.001507505306252,0.9763884649059846,0.5,verified-v3-muon-3e-3,0.9538662191964322,782,DBPedia
1,0.003,0.2993586218678198,muon,1.0082595203807563,1.0,0.5,verified-v3-muon-3e-3,1.0,782,FEVER
1,0.003,0.15116493105543222,muon,1.1733777661264644,1.0,0.5,verified-v3-muon-3e-3,1.0,782,FiQA2018
1,0.003,0.21040506488991906,muon,1.03794029654367,0.9527769298119692,0.5,verified-v3-muon-3e-3,0.9307993287946483,782,HotpotQA
1,0.003,0.34390808271388706,muon,1.0360427031012842,1.0,0.5,verified-v3-muon-3e-3,1.0,782,MSMARCO
1,0.003,-0.051911707617570656,muon,1.2956427868383409,0.9588446193830299,0.5,verified-v3-muon-3e-3,0.549775479797535,782,NFCorpus
1,0.003,0.32392995697183646,muon,1.0536425095673254,1.0,0.5,verified-v3-muon-3e-3,1.0,782,NQ
1,0.003,0.38870230199748623,muon,1.0566147595124427,1.0,0.5,verified-v3-muon-3e-3,1.0,782,QuoraRetrieval
1,0.003,0.030928633461111667,muon,1.096479304552323,1.001230037348767,0.5,verified-v3-muon-3e-3,0.759423550181229,782,SCIDOCS
1,0.003,0.1760186190825032,muon,1.0175516336180044,1.0,0.5,verified-v3-muon-3e-3,1.0,782,SciFact
1,0.003,0.02556071265760465,muon,0.7948388243870987,1.0222092567310403,0.5,verified-v3-muon-3e-3,0.8046771817765728,782,TRECCOVID
1,0.003,0.23367401406125432,muon,0.99141012603386,1.0,0.5,verified-v3-muon-3e-3,1.0,782,Touche2020
2,0.003,0.15754577103131234,muon,0.9232111437240987,1.0,0.5,verified-v3-muon-3e-3,1.0,782,ArguAna
2,0.003,-0.017573697013188685,muon,0.9117349851967395,0.9562404840929417,0.5,verified-v3-muon-3e-3,0.6504858870452559,782,ClimateFEVER
2,0.003,0.14968417733614903,muon,0.8363414837250372,1.0,0.5,verified-v3-muon-3e-3,0.9769331095982161,782,DBPedia
2,0.003,0.2656783091200225,muon,0.8948220126668072,1.0,0.5,verified-v3-muon-3e-3,1.0,782,FEVER
2,0.003,0.10500123637427577,muon,0.8150443050325268,0.9769331095982161,0.5,verified-v3-muon-3e-3,0.9769331095982161,782,FiQA2018
2,0.003,0.1817417506755737,muon,0.896542517592259,0.9871886574467965,0.5,verified-v3-muon-3e-3,0.9644172848795871,782,HotpotQA
2,0.003,0.30069827531921467,muon,0.9058706952194394,1.0,0.5,verified-v3-muon-3e-3,1.0,782,MSMARCO
2,0.003,-0.05029740877432071,muon,1.2553521713288958,0.9527279569486944,0.5,verified-v3-muon-3e-3,0.5462683515761135,782,NFCorpus
2,0.003,0.28117692939968086,muon,0.9145803256191962,1.0,0.5,verified-v3-muon-3e-3,1.0,782,NQ
2,0.003,0.3425642070849858,muon,0.9311969479640841,1.0,0.5,verified-v3-muon-3e-3,1.0,782,QuoraRetrieval
2,0.003,0.024434113949243948,muon,0.8662361466472709,1.0488160087360778,0.5,verified-v3-muon-3e-3,0.7955170611444699,782,SCIDOCS
2,0.003,0.1487426521022021,muon,0.8598711285442373,1.0,0.5,verified-v3-muon-3e-3,1.0,782,SciFact
2,0.003,0.01920066956749443,muon,0.5970662019836891,0.9777907432689597,0.5,verified-v3-muon-3e-3,0.7697111863152577,782,TRECCOVID
2,0.003,0.2020800304072199,muon,0.8573661441123306,1.0,0.5,verified-v3-muon-3e-3,1.0,782,Touche2020
3,0.003,0.18212281353660048,muon,1.0672315091844526,1.0,0.5,verified-v3-muon-3e-3,1.0,782,ArguAna
3,0.003,-0.03197847696217533,muon,1.6590644642298271,0.9908150904773831,0.5,verified-v3-muon-3e-3,0.6740053822740711,782,ClimateFEVER
3,0.003,0.19086651016960643,muon,1.0664425803014899,1.0236115350940154,0.5,verified-v3-muon-3e-3,1.0,782,DBPedia
3,0.003,0.30654962481052994,muon,1.0324792910786416,1.0,0.5,verified-v3-muon-3e-3,1.0,782,FEVER
3,0.003,0.14341468344531633,muon,1.113218520432435,0.9769331095982161,0.5,verified-v3-muon-3e-3,0.9769331095982161,782,FiQA2018
3,0.003,0.2040015973203588,muon,1.0063516224234226,0.9916236746223275,0.5,verified-v3-muon-3e-3,0.96875,782,HotpotQA
3,0.003,0.35314465473737244,muon,1.063868402837928,1.0,0.5,verified-v3-muon-3e-3,1.0,782,MSMARCO
3,0.003,-0.04122591685650281,muon,1.0289405657664374,0.9988994192375404,0.5,verified-v3-muon-3e-3,0.5727418148668993,782,NFCorpus
3,0.003,0.33940011869021897,muon,1.1039620915187596,1.0,0.5,verified-v3-muon-3e-3,1.0,782,NQ
3,0.003,0.40368298118492685,muon,1.0973369437023193,1.0,0.5,verified-v3-muon-3e-3,1.0,782,QuoraRetrieval
3,0.003,0.013359720133775097,muon,0.47362767125531025,0.9546365550893067,0.5,verified-v3-muon-3e-3,0.7240828328706677,782,SCIDOCS
3,0.003,0.19920646888559146,muon,1.1515990120726782,0.9769331095982161,0.5,verified-v3-muon-3e-3,0.9769331095982161,782,SciFact
3,0.003,0.023612678298777723,muon,0.7342625266767526,0.9896047128344398,0.5,verified-v3-muon-3e-3,0.7790110744476991,782,TRECCOVID
3,0.003,0.24197606053584353,muon,1.0266332678743297,1.0,0.5,verified-v3-muon-3e-3,1.0,782,Touche2020
4,0.003,0.16891743174224538,muon,0.9898485648510442,1.0,0.5,verified-v3-muon-3e-3,1.0,782,ArguAna
4,0.003,-0.015753631556237935,muon,0.8173087895473703,0.9925423430952854,0.5,verified-v3-muon-3e-3,0.6751803518240931,782,ClimateFEVER
4,0.003,0.17959039774827257,muon,1.0034387227065082,1.0,0.5,verified-v3-muon-3e-3,0.9769331095982161,782,DBPedia
4,0.003,0.30582270119173643,muon,1.0300309645375012,1.0,0.5,verified-v3-muon-3e-3,1.0,782,FEVER
4,0.003,0.13157479633451163,muon,1.0213145305832876,0.9769331095982161,0.5,verified-v3-muon-3e-3,0.9769331095982161,782,FiQA2018
4,0.003,0.1930919267256379,muon,0.9525335893917429,0.9763884649059846,0.5,verified-v3-muon-3e-3,0.9538662191964322,782,HotpotQA
4,0.003,0.3228459976237416,muon,0.9725919711570233,1.0,0.5,verified-v3-muon-3e-3,1.0,782,MSMARCO
4,0.003,-0.047065105816030864,muon,1.174678461967677,0.9098842228875642,0.5,verified-v3-muon-3e-3,0.5217029173299143,782,NFCorpus
4,0.003,0.3011294691746932,muon,0.979479676939808,1.0,0.5,verified-v3-muon-3e-3,1.0,782,NQ
4,0.003,0.3594979040339935,muon,0.9772280469246148,1.0,0.5,verified-v3-muon-3e-3,1.0,782,QuoraRetrieval
4,0.003,0.031225826104321543,muon,1.1070153530704239,0.9808082101893559,0.5,verified-v3-muon-3e-3,0.7439337866862639,782,SCIDOCS
4,0.003,0.17099297804040692,muon,0.9884987454689057,0.9769331095982161,0.5,verified-v3-muon-3e-3,0.9769331095982161,782,SciFact
4,0.003,0.03469879834822211,muon,1.078997775069486,0.9825113008348401,0.5,verified-v3-muon-3e-3,0.7734271817765727,782,TRECCOVID
4,0.003,0.23678429316497418,muon,1.0046061256430039,1.0,0.5,verified-v3-muon-3e-3,1.0,782,Touche2020
5,0.003,0.1794481921191713,muon,1.0515583477809454,1.0,0.5,verified-v3-muon-3e-3,1.0,782,ArguAna
5,0.003,-0.019635294260164672,muon,1.0186920093244838,1.029882841483018,0.5,verified-v3-muon-3e-3,0.7005813546267472,782,ClimateFEVER
5,0.003,0.17221285234397787,muon,0.9622176171796347,0.9763884649059846,0.5,verified-v3-muon-3e-3,0.9538662191964322,782,DBPedia
5,0.003,0.3149194464452406,muon,1.0606694006349717,1.0,0.5,verified-v3-muon-3e-3,1.0,782,FEVER
5,0.003,0.12740755578361646,muon,0.9889674288158284,1.0,0.5,verified-v3-muon-3e-3,1.0,782,FiQA2018
5,0.003,0.19691956045141096,muon,0.9714155268891504,1.0,0.5,verified-v3-muon-3e-3,0.9769331095982161,782,HotpotQA
5,0.003,0.3261451518933292,muon,0.9825308614571252,1.0,0.5,verified-v3-muon-3e-3,1.0,782,MSMARCO
5,0.003,-0.05287740222353071,muon,1.3197451581130117,1.040608528012376,0.5,verified-v3-muon-3e-3,0.5966566857699321,782,NFCorpus
5,0.003,0.3159211137596122,muon,1.027592255556416,1.0,0.5,verified-v3-muon-3e-3,1.0,782,NQ
5,0.003,0.37164537267695597,muon,1.0102486763186536,1.0,0.5,verified-v3-muon-3e-3,1.0,782,QuoraRetrieval
5,0.003,0.03343864710327968,muon,1.1854640964682572,1.053880819491498,0.5,verified-v3-muon-3e-3,0.799358672384043,782,SCIDOCS
5,0.003,0.16799012304260047,muon,0.9711394455013055,1.0,0.5,verified-v3-muon-3e-3,1.0,782,SciFact
5,0.003,0.032960726542369756,muon,1.0249504967572736,0.9804867296105032,0.5,verified-v3-muon-3e-3,0.771833451083588,782,TRECCOVID
5,0.003,0.23386647007779177,muon,0.9922266603172201,1.0,0.5,verified-v3-muon-3e-3,1.0,782,Touche2020
6,0.003,0.15554389363518445,muon,0.9114802320761604,1.0,0.5,verified-v3-muon-3e-3,1.0,782,ArguAna
6,0.003,-0.02306419334224982,muon,1.1965855539497172,0.989895323507256,0.5,verified-v3-muon-3e-3,0.6733797076206856,782,ClimateFEVER
6,0.003,0.15440392706493647,muon,0.8627124907428354,1.0,0.5,verified-v3-muon-3e-3,0.9769331095982161,782,DBPedia
6,0.003,0.27612950124977376,muon,0.9300223148942904,1.0,0.5,verified-v3-muon-3e-3,1.0,782,FEVER
6,0.003,0.11702110073791695,muon,0.9083453206694174,1.0,0.5,verified-v3-muon-3e-3,1.0,782,FiQA2018
6,0.003,0.18043338587917762,muon,0.8900882787388877,1.0,0.5,verified-v3-muon-3e-3,0.9769331095982161,782,HotpotQA
6,0.003,0.3028767450942835,muon,0.9124334595969908,1.0,0.5,verified-v3-muon-3e-3,1.0,782,MSMARCO
6,0.003,-0.044182304979736436,muon,1.1027278311590654,0.9652334340578645,0.5,verified-v3-muon-3e-3,0.5534386527269037,782,NFCorpus
6,0.003,0.2748668352349341,muon,0.8940555692382112,1.0,0.5,verified-v3-muon-3e-3,1.0,782,NQ
6,0.003,0.32971203542694594,muon,0.8962607147699719,1.0,0.5,verified-v3-muon-3e-3,1.0,782,QuoraRetrieval
6,0.003,0.024147383876996165,muon,0.8560710163123729,1.034022670238372,0.5,verified-v3-muon-3e-3,0.7842964532702706,782,SCIDOCS
6,0.003,0.16219993769120367,muon,0.9376667788369724,1.0,0.5,verified-v3-muon-3e-3,1.0,782,SciFact
6,0.003,0.03266559367804252,muon,1.015773011682339,0.997975428775663,0.5,verified-v3-muon-3e-3,0.7856004533529305,782,TRECCOVID
6,0.003,0.21123271264341703,muon,0.8961982833460814,1.0,0.5,verified-v3-muon-3e-3,1.0,782,Touche2020
7,0.003,0.16282800963062477,muon,0.9541648247196082,1.0,0.5,verified-v3-muon-3e-3,1.0,782,ArguAna
7,0.003,-0.01013234891344552,muon,0.525672940626865,1.025240828161885,0.5,verified-v3-muon-3e-3,0.6974236090563561,782,ClimateFEVER
7,0.003,0.1557271513348332,muon,0.8701058396517259,1.0,0.5,verified-v3-muon-3e-3,0.9769331095982161,782,DBPedia
7,0.003,0.2685384651182486,muon,0.9044552061154959,1.0,0.5,verified-v3-muon-3e-3,1.0,782,FEVER
7,0.003,0.12085883582023423,muon,0.9381347234524168,0.9769331095982161,0.5,verified-v3-muon-3e-3,0.9769331095982161,782,FiQA2018
7,0.003,0.18393110537058793,muon,0.9073427303274955,0.9916236746223275,0.5,verified-v3-muon-3e-3,0.96875,782,HotpotQA
7,0.003,0.29366193441924077,muon,0.8846733171630011,1.0,0.5,verified-v3-muon-3e-3,1.0,782,MSMARCO
7,0.003,-0.05537216025547781,muon,1.3820107894578997,0.9751326249451854,0.5,verified-v3-muon-3e-3,0.5591145800978954,782,NFCorpus
7,0.003,0.27632791623200637,muon,0.8988080072739751,1.0,0.5,verified-v3-muon-3e-3,1.0,782,NQ
7,0.003,0.3532062433035441,muon,0.9601253399031352,1.0,0.5,verified-v3-muon-3e-3,1.0,782,QuoraRetrieval
7,0.003,0.013288772414117534,muon,0.4711124386826358,1.011131482226603,0.5,verified-v3-muon-3e-3,0.7669337028340211,782,SCIDOCS
7,0.003,0.1539206274064851,muon,0.8898046506748547,1.0,0.5,verified-v3-muon-3e-3,1.0,782,SciFact
7,0.003,0.019554527663645353,muon,0.6080698135383449,0.9737054277885291,0.5,verified-v3-muon-3e-3,0.76649524972907,782,TRECCOVID
7,0.003,0.2181469146755802,muon,0.925533209335471,1.0,0.5,verified-v3-muon-3e-3,1.0,782,Touche2020
8,0.003,0.16699897471576847,muon,0.9786064928233078,1.0,0.5,verified-v3-muon-3e-3,1.0,782,ArguAna
8,0.003,-0.022190732113507427,muon,1.1512698096382206,1.0238772139705015,0.5,verified-v3-muon-3e-3,0.6964960058000361,782,ClimateFEVER
8,0.003,0.17695621034784276,muon,0.988720532460269,0.9763884649059846,0.5,verified-v3-muon-3e-3,0.9538662191964322,782,DBPedia
8,0.003,0.2876750853656377,muon,0.968908601283986,1.0,0.5,verified-v3-muon-3e-3,1.0,782,FEVER
8,0.003,0.1305139660482507,muon,1.0130801162727638,1.0,0.5,verified-v3-muon-3e-3,1.0,782,FiQA2018
8,0.003,0.18061378888617588,muon,0.8909782171568583,0.9444006044342966,0.5,verified-v3-muon-3e-3,0.9226162191964322,782,HotpotQA
8,0.003,0.35778560192108694,muon,1.0778495207785785,1.0,0.5,verified-v3-muon-3e-3,1.0,782,MSMARCO
8,0.003,-0.06679879191997765,muon,1.6672033514717293,0.9340056328495436,0.5,verified-v3-muon-3e-3,0.5355334790989038,782,NFCorpus
8,0.003,0.3265335298499555,muon,1.062111115209073,1.0,0.5,verified-v3-muon-3e-3,1.0,782,NQ
8,0.003,0.3901233467562278,muon,1.0604776048269626,1.0,0.5,verified-v3-muon-3e-3,1.0,782,QuoraRetrieval
8,0.003,0.023281526212434726,muon,0.8253747034256962,0.9887917982762131,0.5,verified-v3-muon-3e-3,0.7499892630322993,782,SCIDOCS
8,0.003,0.1906678289236587,muon,1.1022377167311428,0.9616783004521589,0.5,verified-v3-muon-3e-3,0.9616783004521589,782,SciFact
8,0.003,0.040639474841393755,muon,1.263729726136265,1.0193787117019242,0.5,verified-v3-muon-3e-3,0.8024489931919725,782,TRECCOVID
8,0.003,0.2297174367180664,muon,0.9746235318623558,1.0,0.5,verified-v3-muon-3e-3,1.0,782,Touche2020
9,0.003,0.17327416221878647,muon,1.0153788098066243,1.0,0.5,verified-v3-muon-3e-3,1.0,782,ArguAna
9,0.003,-0.02021004490526005,muon,1.048510451653641,0.9724600069011277,0.5,verified-v3-muon-3e-3,0.6615192733710205,782,ClimateFEVER
9,0.003,0.17850148104622957,muon,0.9973545378150456,1.0,0.5,verified-v3-muon-3e-3,0.9769331095982161,782,DBPedia
9,0.003,0.28349814931806816,muon,0.9548404060547768,1.0,0.5,verified-v3-muon-3e-3,1.0,782,FEVER
9,0.003,0.13585797337175956,muon,1.054561558639333,1.0,0.5,verified-v3-muon-3e-3,1.0,782,FiQA2018
9,0.003,0.19292550434667138,muon,0.9517126182166127,0.968012139528312,0.5,verified-v3-muon-3e-3,0.9456831095982161,782,HotpotQA
9,0.003,0.3176761714765248,muon,0.9570175751909297,1.0,0.5,verified-v3-muon-3e-3,1.0,782,MSMARCO
9,0.003,-0.04874588887273078,muon,1.2166284293949912,1.0489510335063124,0.5,verified-v3-muon-3e-3,0.6014400519879057,782,NFCorpus
9,0.003,0.3116032008305255,muon,1.0135474396424262,1.0,0.5,verified-v3-muon-3e-3,1.0,782,NQ
9,0.003,0.3754480746042679,muon,1.0205856127396016,1.0,0.5,verified-v3-muon-3e-3,1.0,782,QuoraRetrieval
9,0.003,0.01358807558956856,muon,0.48172330961172105,1.006968285398396,0.5,verified-v3-muon-3e-3,0.7637759572636301,782,SCIDOCS
9,0.003,0.17446913405946415,muon,1.0085941663643783,1.0,0.5,verified-v3-muon-3e-3,1.0,782,SciFact
9,0.003,0.03364624068547725,muon,1.0462673224227812,1.0325374416072073,0.5,verified-v3-muon-3e-3,0.8128074688428424,782,TRECCOVID
9,0.003,0.22884770379153369,muon,0.9709335108141294,1.0,0.5,verified-v3-muon-3e-3,1.0,782,Touche2020
10,0.003,0.16418919526018544,muon,0.9621413113854276,1.0,0.5,verified-v3-muon-3e-3,1.0,782,ArguAna
10,0.003,-0.020570898420171253,muon,1.0672317698730713,1.0482816085064317,0.5,verified-v3-muon-3e-3,0.7130971793453762,782,ClimateFEVER
10,0.003,0.17273924841255955,muon,0.9651587888977112,1.0,0.5,verified-v3-muon-3e-3,0.9769331095982161,782,DBPedia
10,0.003,0.29044160231762317,muon,0.9782264122684505,1.0,0.5,verified-v3-muon-3e-3,1.0,782,FEVER
10,0.003,0.1278070076255417,muon,0.992068068009594,1.0,0.5,verified-v3-muon-3e-3,1.0,782,FiQA2018
10,0.003,0.19807415372058446,muon,0.9771112019472592,1.0,0.5,verified-v3-muon-3e-3,0.9769331095982161,782,HotpotQA
10,0.003,0.32078558215641306,muon,0.9663848521110348,1.0,0.5,verified-v3-muon-3e-3,1.0,782,MSMARCO
10,0.003,-0.05372165782261618,muon,1.3408165835660386,0.9857187553129566,0.5,verified-v3-muon-3e-3,0.5651843799220687,782,NFCorpus
10,0.003,0.3026430382842833,muon,0.984402842336242,1.0,0.5,verified-v3-muon-3e-3,1.0,782,NQ
10,0.003,0.36758357847256196,muon,0.999207445833498,1.0,0.5,verified-v3-muon-3e-3,1.0,782,QuoraRetrieval
10,0.003,0.025435627999369353,muon,0.901741738271991,0.9938823446260963,0.5,verified-v3-muon-3e-3,0.7538503944778032,782,SCIDOCS
10,0.003,0.1709342642740405,muon,0.9881593251894293,1.0,0.5,verified-v3-muon-3e-3,1.0,782,SciFact
10,0.003,0.021875082193893267,muon,0.6802300408158756,0.9959146845195694,0.5,verified-v3-muon-3e-3,0.7839782474597276,782,TRECCOVID
10,0.003,0.2118781687455192,muon,0.8989367637804814,1.0,0.5,verified-v3-muon-3e-3,1.0,782,Touche2020
11,0.003,0.1516842176154705,muon,0.8888627039175887,1.0,0.5,verified-v3-muon-3e-3,1.0,782,ArguAna
11,0.003,-0.03396681687387765,muon,1.7622208495141245,1.0174094931773832,0.5,verified-v3-muon-3e-3,0.6920963164255967,782,ClimateFEVER
11,0.003,0.17046012254037318,muon,0.9524244602100516,0.9763884649059846,0.5,verified-v3-muon-3e-3,0.9538662191964322,782,DBPedia
11,0.003,0.28993809278125277,muon,0.9765305590457158,1.0,0.5,verified-v3-muon-3e-3,1.0,782,FEVER
11,0.003,0.12086360511238947,muon,0.9381717438204086,1.0,0.5,verified-v3-muon-3e-3,1.0,782,FiQA2018
11,0.003,0.19405746473059832,muon,0.9572966439489947,0.9444006044342966,0.5,verified-v3-muon-3e-3,0.9226162191964322,782,HotpotQA
11,0.003,0.3187272538401118,muon,0.9601840207264907,1.0,0.5,verified-v3-muon-3e-3,1.0,782,MSMARCO
11,0.003,-0.053204763377945184,muon,1.3279156294358356,0.9432296369214509,0.5,verified-v3-muon-3e-3,0.540822272675855,782,NFCorpus
11,0.003,0.2924432403433431,muon,0.9512261000551746,1.0,0.5,verified-v3-muon-3e-3,1.0,782,NQ
11,0.003,0.36116775523137257,muon,0.9817672261686617,1.0,0.5,verified-v3-muon-3e-3,1.0,782,QuoraRetrieval
11,0.003,0.032262109296228025,muon,1.1437535773766987,1.0581323157078986,0.5,verified-v3-muon-3e-3,0.8025833922084606,782,SCIDOCS
11,0.003,0.15795788993201743,muon,0.9131437900205317,0.96875,0.5,verified-v3-muon-3e-3,0.96875,782,SciFact
11,0.003,0.027391456689977632,muon,0.8517678487823599,1.0024581523328209,0.5,verified-v3-muon-3e-3,0.7891292272658108,782,TRECCOVID
11,0.003,0.22211067791732939,muon,0.9423502911614408,1.0,0.5,verified-v3-muon-3e-3,1.0,782,Touche2020
12,0.003,0.1428398449643336,muon,0.8370350773343567,1.0,0.5,verified-v3-muon-3e-3,1.0,782,ArguAna
12,0.003,-0.029491705698747525,muon,1.5300491318642193,1.0091412260754589,0.5,verified-v3-muon-3e-3,0.6864717992151335,782,ClimateFEVER
12,0.003,0.15657690138025157,muon,0.874853710979399,1.0,0.5,verified-v3-muon-3e-3,0.9769331095982161,782,DBPedia
12,0.003,0.2887247279699247,muon,0.9724438665860723,1.0,0.5,verified-v3-muon-3e-3,1.0,782,FEVER
12,0.003,0.1212926676215253,muon,0.941502227980877,0.9538662191964322,0.5,verified-v3-muon-3e-3,0.9538662191964322,782,FiQA2018
12,0.003,0.19216557778773938,muon,0.947963856758128,0.968012139528312,0.5,verified-v3-muon-3e-3,0.9456831095982161,782,HotpotQA
12,0.003,0.29539382571993067,muon,0.8898907384300004,1.0,0.5,verified-v3-muon-3e-3,1.0,782,MSMARCO
12,0.003,-0.04679943897200363,muon,1.168047793358165,0.9656130308160387,0.5,verified-v3-muon-3e-3,0.5536563032050271,782,NFCorpus
12,0.003,0.27329807681978147,muon,0.8889528903476941,1.0,0.5,verified-v3-muon-3e-3,1.0,782,NQ
12,0.003,0.33070572016367483,muon,0.8989618615183561,1.0,0.5,verified-v3-muon-3e-3,1.0,782,QuoraRetrieval
12,0.003,0.017389357790133987,muon,0.6164860455380852,1.0107957545087725,0.5,verified-v3-muon-3e-3,0.766679056523125,782,SCIDOCS
12,0.003,0.1589794408300318,muon,0.9190493060989826,0.9769331095982161,0.5,verified-v3-muon-3e-3,0.9769331095982161,782,SciFact
12,0.003,0.03409008736766203,muon,1.0600692292710594,0.9855125775832856,0.5,verified-v3-muon-3e-3,0.7757897693776612,782,TRECCOVID
12,0.003,0.21747693003849727,muon,0.9226906615401607,1.0,0.5,verified-v3-muon-3e-3,1.0,782,Touche2020
13,0.003,0.15170948858690358,muon,0.8890107906754054,1.0,0.5,verified-v3-muon-3e-3,1.0,782,ArguAna
13,0.003,-0.020813309465584323,muon,1.079808214700551,0.9327970776904282,0.5,verified-v3-muon-3e-3,0.6345384289917865,782,ClimateFEVER
13,0.003,0.17535648654676939,muon,0.9797822772542069,1.0236115350940154,0.5,verified-v3-muon-3e-3,1.0,782,DBPedia
13,0.003,0.2793094627026468,muon,0.9407326341404779,1.0,0.5,verified-v3-muon-3e-3,1.0,782,FEVER
13,0.003,0.12530241411700083,muon,0.9726268238295609,1.0,0.5,verified-v3-muon-3e-3,1.0,782,FiQA2018
13,0.003,0.19870479512883582,muon,0.9802221923154597,0.9763884649059846,0.5,verified-v3-muon-3e-3,0.9538662191964322,782,HotpotQA
13,0.003,0.31425960077084214,muon,0.9467249611839567,1.0,0.5,verified-v3-muon-3e-3,1.0,782,MSMARCO
13,0.003,-0.04539442744885887,muon,1.1329806932966924,0.9941224501341154,0.5,verified-v3-muon-3e-3,0.5700028304394711,782,NFCorpus
13,0.003,0.2925666107755271,muon,0.9516273853607632,1.0,0.5,verified-v3-muon-3e-3,1.0,782,NQ
13,0.003,0.3622499072717847,muon,0.9847088547930873,1.0,0.5,verified-v3-muon-3e-3,1.0,782,QuoraRetrieval
13,0.003,0.019349065917554427,muon,0.685961452764896,0.9924099749408712,0.5,verified-v3-muon-3e-3,0.7527336159435778,782,SCIDOCS
13,0.003,0.16619164323605212,muon,0.9607425563839985,1.0,0.5,verified-v3-muon-3e-3,1.0,782,SciFact
13,0.003,0.027365867038637637,muon,0.8509721100774179,0.9572561985562704,0.5,verified-v3-muon-3e-3,0.7535465121453979,782,TRECCOVID
13,0.003,0.2328414976491403,muon,0.9878780037121934,1.0,0.5,verified-v3-muon-3e-3,1.0,782,Touche2020
14,0.003,0.157817149471546,muon,0.9248014091977456,1.0,0.5,verified-v3-muon-3e-3,1.0,782,ArguAna
14,0.003,-0.013785252645900893,muon,0.7151879941717086,1.0172377446323964,0.5,verified-v3-muon-3e-3,0.6919794838855684,782,ClimateFEVER
14,0.003,0.18709338889727206,muon,1.0453607405283254,1.0236115350940154,0.5,verified-v3-muon-3e-3,1.0,782,DBPedia
14,0.003,0.2798929448162469,muon,0.9426978402612789,1.0,0.5,verified-v3-muon-3e-3,1.0,782,FEVER
14,0.003,0.11812533146172725,muon,0.9169166193889439,1.0,0.5,verified-v3-muon-3e-3,1.0,782,FiQA2018
14,0.003,0.1846095639569107,muon,0.9106896055875986,0.9527769298119692,0.5,verified-v3-muon-3e-3,0.9307993287946483,782,HotpotQA
14,0.003,0.29653533720850256,muon,0.8933296068593449,1.0,0.5,verified-v3-muon-3e-3,1.0,782,MSMARCO
14,0.003,-0.05218257894908125,muon,1.30240335209307,1.0052538898346715,0.5,verified-v3-muon-3e-3,0.5763852958342797,782,NFCorpus
14,0.003,0.28979949651017844,muon,0.942626830901223,1.0,0.5,verified-v3-muon-3e-3,1.0,782,NQ
14,0.003,0.34605975499243724,muon,0.940698943431093,1.0,0.5,verified-v3-muon-3e-3,1.0,782,QuoraRetrieval
14,0.003,0.03896741054159836,muon,1.3814693515178957,0.9993711824875403,0.5,verified-v3-muon-3e-3,0.7580136262822991,782,SCIDOCS
14,0.003,0.16165451454304397,muon,0.9345137248116886,1.0,0.5,verified-v3-muon-3e-3,1.0,782,SciFact
14,0.003,0.03486423560298163,muon,1.0841422307364434,1.0138747138215738,0.5,verified-v3-muon-3e-3,0.7981162780715596,782,TRECCOVID
14,0.003,0.22516284472106918,muon,0.9552997373706321,1.0,0.5,verified-v3-muon-3e-3,1.0,782,Touche2020
15,0.003,0.17090685445417875,muon,1.0015064926088744,1.0,0.5,verified-v3-muon-3e-3,1.0,782,ArguAna
15,0.003,-0.025241755604021348,muon,1.3095589194863642,0.9568768834612958,0.5,verified-v3-muon-3e-3,0.650918799910299,782,ClimateFEVER
15,0.003,0.16589116678409707,muon,0.9268959955167082,0.9763884649059846,0.5,verified-v3-muon-3e-3,0.9538662191964322,782,DBPedia
15,0.003,0.30209319878310675,muon,1.0174697552216587,1.0,0.5,verified-v3-muon-3e-3,1.0,782,FEVER
15,0.003,0.13104682250580663,muon,1.0172162734850725,0.9769331095982161,0.5,verified-v3-muon-3e-3,0.9769331095982161,782,FiQA2018
15,0.003,0.19143716999344235,muon,0.9443705791798865,0.968012139528312,0.5,verified-v3-muon-3e-3,0.9456831095982161,782,HotpotQA
15,0.003,0.3405715728140793,muon,1.0259912768357466,1.0,0.5,verified-v3-muon-3e-3,1.0,782,MSMARCO
15,0.003,-0.06656042419048064,muon,1.6612540301430412,0.9222177323118805,0.5,verified-v3-muon-3e-3,0.5287746168777554,782,NFCorpus
15,0.003,0.33650129199230944,muon,1.094533117843899,1.0,0.5,verified-v3-muon-3e-3,1.0,782,NQ
15,0.003,0.4033557566238889,muon,1.0964474447230466,1.0,0.5,verified-v3-muon-3e-3,1.0,782,QuoraRetrieval
15,0.003,0.02309498935736673,muon,0.8187616145746964,0.9526750186918834,0.5,verified-v3-muon-3e-3,0.7225950259939529,782,SCIDOCS
15,0.003,0.1732855756216329,muon,1.0017520957460815,1.0,0.5,verified-v3-muon-3e-3,1.0,782,SciFact
15,0.003,0.022594669054472074,muon,0.7026063955743842,0.9875801416101029,0.5,verified-v3-muon-3e-3,0.7774173437547144,782,TRECCOVID
15,0.003,0.2409688964735569,muon,1.0223601669309503,1.0,0.5,verified-v3-muon-3e-3,1.0,782,Touche2020
16,0.003,0.16456150470676367,muon,0.9643230280239939,0.9769331095982161,0.5,verified-v3-muon-3e-3,0.9769331095982161,782,ArguAna
16,0.003,-0.03319698663295782,muon,1.7222815491618826,0.9387772678151318,0.5,verified-v3-muon-3e-3,0.6386064739477131,782,ClimateFEVER
16,0.003,0.1539720044462374,muon,0.8602991775242582,1.0,0.5,verified-v3-muon-3e-3,0.9769331095982161,782,DBPedia
16,0.003,0.29430093094659926,muon,0.9912248848301037,1.0,0.5,verified-v3-muon-3e-3,1.0,782,FEVER
16,0.003,0.13393794328716807,muon,1.0396578333121445,0.9769331095982161,0.5,verified-v3-muon-3e-3,0.9769331095982161,782,FiQA2018
16,0.003,0.18090839912140594,muon,0.8924315464057501,0.9444006044342966,0.5,verified-v3-muon-3e-3,0.9226162191964322,782,HotpotQA
16,0.003,0.31452783165665255,muon,0.9475330220175296,1.0,0.5,verified-v3-muon-3e-3,1.0,782,MSMARCO
16,0.003,-0.04980029206963833,muon,1.242944841610839,0.9602964083823354,0.5,verified-v3-muon-3e-3,0.5506078962052858,782,NFCorpus
16,0.003,0.29147192941177563,muon,0.9480667303658935,1.0,0.5,verified-v3-muon-3e-3,1.0,782,NQ
16,0.003,0.3634315140950604,muon,0.9879208327077996,1.0,0.5,verified-v3-muon-3e-3,1.0,782,QuoraRetrieval
16,0.003,0.022982159467492054,muon,0.8147615788363554,1.0188168845256518,0.5,verified-v3-muon-3e-3,0.7727630080693787,782,SCIDOCS
16,0.003,0.15939954006092688,muon,0.9214778711048165,1.0,0.5,verified-v3-muon-3e-3,1.0,782,SciFact
16,0.003,0.027480530500788882,muon,0.8545376981217455,1.038286093267004,0.5,verified-v3-muon-3e-3,0.8173327739955403,782,TRECCOVID
16,0.003,0.2222984163629209,muon,0.9431468101785553,1.0,0.5,verified-v3-muon-3e-3,1.0,782,Touche2020
17,0.003,0.15946168978817848,muon,0.9344383416058959,1.0,0.5,verified-v3-muon-3e-3,1.0,782,ArguAna
17,0.003,-0.019476722404686137,muon,1.0104651969355571,0.949144003330877,0.5,verified-v3-muon-3e-3,0.645658481533566,782,ClimateFEVER
17,0.003,0.16682223722552156,muon,0.932098234312361,1.0,0.5,verified-v3-muon-3e-3,0.9769331095982161,782,DBPedia
17,0.003,0.27759950551682994,muon,0.9349733859140995,1.0,0.5,verified-v3-muon-3e-3,1.0,782,FEVER
17,0.003,0.13354517477266192,muon,1.0366090716784886,1.0,0.5,verified-v3-muon-3e-3,1.0,782,FiQA2018
17,0.003,0.18022043498895746,muon,0.8890377797394459,0.968012139528312,0.5,verified-v3-muon-3e-3,0.9456831095982161,782,HotpotQA
17,0.003,0.320431145282315,muon,0.9653170908237119,1.0,0.5,verified-v3-muon-3e-3,1.0,782,MSMARCO
17,0.003,-0.046406651891523695,muon,1.1582443834735157,1.0011677256460567,0.5,verified-v3-muon-3e-3,0.5740424001951795,782,NFCorpus
17,0.003,0.2892316776776318,muon,0.9407798944051458,1.0,0.5,verified-v3-muon-3e-3,1.0,782,NQ
17,0.003,0.3612505898734383,muon,0.9819923967039422,1.0,0.5,verified-v3-muon-3e-3,1.0,782,QuoraRetrieval
17,0.003,0.01680276171305208,muon,0.5956900908942885,0.9512026490066584,0.5,verified-v3-muon-3e-3,0.7214782474597274,782,SCIDOCS
17,0.003,0.16090393898625072,muon,0.9301746987021227,0.9769331095982161,0.5,verified-v3-muon-3e-3,0.9769331095982161,782,SciFact
17,0.003,0.028196125885708034,muon,0.8767899334997271,1.0779840491632042,0.5,verified-v3-muon-3e-3,0.8485827739955403,782,TRECCOVID
17,0.003,0.2220018822901722,muon,0.9418887033085289,1.0,0.5,verified-v3-muon-3e-3,1.0,782,Touche2020
18,0.003,0.15972194891063296,muon,0.9359634483766646,1.0,0.5,verified-v3-muon-3e-3,1.0,782,ArguAna
18,0.003,-0.018930156643481397,muon,0.9821090049614343,0.959248679823621,0.5,verified-v3-muon-3e-3,0.6525322225652719,782,ClimateFEVER
18,0.003,0.15727716679650783,muon,0.8787663557736304,1.0,0.5,verified-v3-muon-3e-3,0.9769331095982161,782,DBPedia
18,0.003,0.26968593725162443,muon,0.908319967703551,1.0,0.5,verified-v3-muon-3e-3,1.0,782,FEVER
18,0.003,0.12143733268970136,muon,0.9426251522818229,1.0,0.5,verified-v3-muon-3e-3,1.0,782,FiQA2018
18,0.003,0.18525068952943202,muon,0.9138523149416375,0.968012139528312,0.5,verified-v3-muon-3e-3,0.9456831095982161,782,HotpotQA
18,0.003,0.3361605740606937,muon,1.0127028916493015,1.0,0.5,verified-v3-muon-3e-3,1.0,782,MSMARCO
18,0.003,-0.042400103186666024,muon,1.0582465955408313,1.0024496370825238,0.5,verified-v3-muon-3e-3,0.5747774134192147,782,NFCorpus
18,0.003,0.29514016735903265,muon,0.9599983574144348,1.0,0.5,verified-v3-muon-3e-3,1.0,782,NQ
18,0.003,0.35475662572360844,muon,0.9643397655432983,1.0,0.5,verified-v3-muon-3e-3,1.0,782,QuoraRetrieval
18,0.003,0.02037728216755565,muon,0.7224136885272133,1.015212863564447,0.5,verified-v3-muon-3e-3,0.7700293921258008,782,SCIDOCS
18,0.003,0.17099284489933078,muon,0.9884979757894239,1.0,0.5,verified-v3-muon-3e-3,1.0,782,SciFact
18,0.003,0.01984312411200346,muon,0.6170440414797949,0.9975668630476116,0.5,verified-v3-muon-3e-3,0.7852788327880078,782,TRECCOVID
18,0.003,0.2197005671015723,muon,0.9321248997022991,1.0,0.5,verified-v3-muon-3e-3,1.0,782,Touche2020
19,0.003,0.18667241152843422,muon,1.093891949119022,1.0,0.5,verified-v3-muon-3e-3,1.0,782,ArguAna
19,0.003,-0.015336295310154367,muon,0.7956571100026787,1.0634467081537522,0.5,verified-v3-muon-3e-3,0.7234132906796232,782,ClimateFEVER
19,0.003,0.2017429986554764,muon,1.127213589501498,1.0,0.5,verified-v3-muon-3e-3,0.9769331095982161,782,DBPedia
19,0.003,0.30750212373407887,muon,1.0356873700770968,1.0,0.5,verified-v3-muon-3e-3,1.0,782,FEVER
19,0.003,0.13255339438511346,muon,1.0289106389302018,0.9769331095982161,0.5,verified-v3-muon-3e-3,0.9769331095982161,782,FiQA2018
19,0.003,0.19927696087240754,muon,0.98304471886379,0.968012139528312,0.5,verified-v3-muon-3e-3,0.9456831095982161,782,HotpotQA
19,0.003,0.35780388670716046,muon,1.0779046047389198,1.0,0.5,verified-v3-muon-3e-3,1.0,782,MSMARCO
19,0.003,-0.0459365206806957,muon,1.1465105735078676,0.9449429714541607,0.5,verified-v3-muon-3e-3,0.5418046521935921,782,NFCorpus
19,0.003,0.32710210119687005,muon,1.0639604993982703,1.0,0.5,verified-v3-muon-3e-3,1.0,782,NQ
19,0.003,0.39597966556791675,muon,1.0763969159837075,1.0,0.5,verified-v3-muon-3e-3,1.0,782,QuoraRetrieval
19,0.003,0.028441532515358296,muon,1.0083068116169347,0.9874966213212717,0.5,verified-v3-muon-3e-3,0.7490068835145622,782,SCIDOCS
19,0.003,0.1894341488220384,muon,1.0951058961924454,1.0,0.5,verified-v3-muon-3e-3,1.0,782,SciFact
19,0.003,0.03192128323987846,muon,0.9926278497467481,0.998514215310687,0.5,verified-v3-muon-3e-3,0.7860245829797435,782,TRECCOVID
19,0.003,0.2521287649715093,muon,1.0697082072277035,1.0,0.5,verified-v3-muon-3e-3,1.0,782,Touche2020
0,0.003,0.1605602601703572,muon,0.9408759147146725,0.9538662191964322,0.75,verified-v3-muon-3e-3,0.9538662191964322,782,ArguAna
0,0.003,-0.025373753478469162,muon,1.3164070562224965,0.9519885948926383,0.75,verified-v3-muon-3e-3,0.6475935247534617,782,ClimateFEVER
0,0.003,0.14307986912276593,muon,0.7994407435903327,0.968012139528312,0.75,verified-v3-muon-3e-3,0.9456831095982161,782,DBPedia
0,0.003,0.2407115187511679,muon,0.810732221213053,1.0,0.75,verified-v3-muon-3e-3,1.0,782,FEVER
0,0.003,0.10949594965274873,muon,0.8499333271704693,0.9769331095982161,0.75,verified-v3-muon-3e-3,0.9769331095982161,782,FiQA2018
0,0.003,0.16353960764176478,muon,0.8067502982456082,0.9635771223527811,0.75,verified-v3-muon-3e-3,0.9413503944778032,782,HotpotQA
0,0.003,0.29973466371289614,muon,0.902967760326279,1.0,0.75,verified-v3-muon-3e-3,1.0,782,MSMARCO
0,0.003,-0.023101694801862957,muon,0.5765856221544049,1.1592651472503046,0.75,verified-v3-muon-3e-3,0.6646911706634918,782,NFCorpus
0,0.003,0.28315368797922075,muon,0.9210101010250449,1.0,0.75,verified-v3-muon-3e-3,1.0,782,NQ
0,0.003,0.31172225419406274,muon,0.8473588475225089,1.0,0.75,verified-v3-muon-3e-3,1.0,782,QuoraRetrieval
0,0.003,-0.006360501672814038,muon,-0.22549196877967564,0.9646821528066868,0.75,verified-v3-muon-3e-3,0.7317023240941094,782,SCIDOCS
0,0.003,0.1589337283969177,muon,0.9187850456404336,0.9583333333333333,0.75,verified-v3-muon-3e-3,0.9583333333333333,782,SciFact
0,0.003,0.018012790415904718,muon,0.5601277769479298,0.9857528934821314,0.75,verified-v3-muon-3e-3,0.7759789446555664,782,TRECCOVID
0,0.003,0.2097665490956164,muon,0.8899777825618982,1.0,0.75,verified-v3-muon-3e-3,1.0,782,Touche2020
1,0.003,0.17345907280030706,muon,1.0164623775110115,1.0,0.75,verified-v3-muon-3e-3,1.0,782,ArguAna
1,0.003,-0.055997361555855246,muon,2.905180029612929,0.9411330279136499,0.75,verified-v3-muon-3e-3,0.6402089878789278,782,ClimateFEVER
1,0.003,0.17902098264048122,muon,1.0002571875263657,0.9843850013924381,0.75,verified-v3-muon-3e-3,0.9616783004521589,782,DBPedia
1,0.003,0.29320860733729276,muon,0.9875458670969641,1.0,0.75,verified-v3-muon-3e-3,1.0,782,FEVER
1,0.003,0.13035339099414625,muon,1.0118336949171942,0.9769331095982161,0.75,verified-v3-muon-3e-3,0.9769331095982161,782,FiQA2018
1,0.003,0.19531698477635198,muon,0.9635099288358211,0.9763884649059846,0.75,verified-v3-muon-3e-3,0.9538662191964322,782,HotpotQA
1,0.003,0.32628575828357265,muon,0.9829544462227741,1.0,0.75,verified-v3-muon-3e-3,1.0,782,MSMARCO
1,0.003,-0.08391906611634666,muon,2.0945011767451973,0.9560590926091888,0.75,verified-v3-muon-3e-3,0.5481783343501707,782,NFCorpus
1,0.003,0.30744146049610727,muon,1.0000106041761554,1.0,0.75,verified-v3-muon-3e-3,1.0,782,NQ
1,0.003,0.35857318037421504,muon,0.9747143580105764,1.0,0.75,verified-v3-muon-3e-3,1.0,782,QuoraRetrieval
1,0.003,0.008193132594121041,muon,0.29046224561464706,0.9476175122327397,0.75,verified-v3-muon-3e-3,0.7187589549942875,782,SCIDOCS
1,0.003,0.14600462227388322,muon,0.8440427648221311,0.96875,0.75,verified-v3-muon-3e-3,0.96875,782,SciFact
1,0.003,0.019283598071736345,muon,0.5996449561719145,0.9957507725709639,0.75,verified-v3-muon-3e-3,0.7838492169270896,782,TRECCOVID
1,0.003,0.24949692105233073,muon,1.0585420674149542,1.0,0.75,verified-v3-muon-3e-3,1.0,782,Touche2020
2,0.003,0.18298574135834011,muon,1.0722882274704755,1.0,0.75,verified-v3-muon-3e-3,1.0,782,ArguAna
2,0.003,-0.020032541445130975,muon,1.0393014551361923,1.0028156435835818,0.75,verified-v3-muon-3e-3,0.682168799910299,782,ClimateFEVER
2,0.003,0.16092534636092326,muon,0.899150099493894,1.0236115350940154,0.75,verified-v3-muon-3e-3,1.0,782,DBPedia
2,0.003,0.29191855898068964,muon,0.9832008994151213,1.0,0.75,verified-v3-muon-3e-3,1.0,782,FEVER
2,0.003,0.1350489473122974,muon,1.0482817079903641,0.9769331095982161,0.75,verified-v3-muon-3e-3,0.9769331095982161,782,FiQA2018
2,0.003,0.20221507805393515,muon,0.9975386200456381,0.9916236746223275,0.75,verified-v3-muon-3e-3,0.96875,782,HotpotQA
2,0.003,0.3261609376946978,muon,0.9825784170835922,1.0,0.75,verified-v3-muon-3e-3,1.0,782,MSMARCO
2,0.003,-0.040504923163795094,muon,1.010945583127945,0.9725037473106697,0.75,verified-v3-muon-3e-3,0.5576072530152499,782,NFCorpus
2,0.003,0.3334314060522622,muon,1.0845477421281295,1.0,0.75,verified-v3-muon-3e-3,1.0,782,NQ
2,0.003,0.38762143574773056,muon,1.053676626070264,1.0,0.75,verified-v3-muon-3e-3,1.0,782,QuoraRetrieval
2,0.003,0.02113710271409929,muon,0.749350782450431,0.991350052470661,0.75,verified-v3-muon-3e-3,0.7519296747360453,782,SCIDOCS
2,0.003,0.1669592186136315,muon,0.9651798572982545,0.9644172848795871,0.75,verified-v3-muon-3e-3,0.9644172848795871,782,SciFact
2,0.003,0.032328967185980856,muon,1.0053052360458783,0.9944960021196495,0.75,verified-v3-muon-3e-3,0.7828614689255022,782,TRECCOVID
2,0.003,0.23214779222755685,muon,0.9849348156037281,1.0,0.75,verified-v3-muon-3e-3,1.0,782,Touche2020
3,0.003,0.14490935442616332,muon,0.8491623098503213,1.0,0.75,verified-v3-muon-3e-3,1.0,782,ArguAna
3,0.003,-0.03744673271293003,muon,1.9427611771198203,1.0023717963623253,0.75,verified-v3-muon-3e-3,0.6818668713073645,782,ClimateFEVER
3,0.003,0.15462496528035824,muon,0.8639475139252164,0.9763884649059846,0.75,verified-v3-muon-3e-3,0.9538662191964322,782,DBPedia
3,0.003,0.266093279501263,muon,0.8962196601938809,1.0,0.75,verified-v3-muon-3e-3,1.0,782,FEVER
3,0.003,0.09600045875914207,muon,0.7451781511719211,0.9769331095982161,0.75,verified-v3-muon-3e-3,0.9769331095982161,782,FiQA2018
3,0.003,0.1767119588440243,muon,0.87173026495983,0.9635771223527811,0.75,verified-v3-muon-3e-3,0.9413503944778032,782,HotpotQA
3,0.003,0.31167645732093563,muon,0.9389430942931863,1.0,0.75,verified-v3-muon-3e-3,1.0,782,MSMARCO
3,0.003,-0.04416878778871257,muon,1.102390461192787,0.972007801047248,0.75,verified-v3-muon-3e-3,0.5573228908887754,782,NFCorpus
3,0.003,0.29980882753524607,muon,0.9751840440683253,1.0,0.75,verified-v3-muon-3e-3,1.0,782,NQ
3,0.003,0.33129192588612205,muon,0.9005553525145901,1.0,0.75,verified-v3-muon-3e-3,1.0,782,QuoraRetrieval
3,0.003,-0.00587970893621146,muon,-0.20844694523776403,0.8905451189950516,0.75,verified-v3-muon-3e-3,0.675470082434418,782,SCIDOCS
3,0.003,0.17830665475221846,muon,1.0307786117958286,0.96875,0.75,verified-v3-muon-3e-3,0.96875,782,SciFact
3,0.003,0.010724010856270911,muon,0.33347505978777525,0.9549576202914546,0.75,verified-v3-muon-3e-3,0.7517370847037605,782,TRECCOVID
3,0.003,0.22421734603250104,muon,0.9512882644742386,0.9769331095982161,0.75,verified-v3-muon-3e-3,0.9769331095982161,782,Touche2020
4,0.003,0.11648129305588958,muon,0.6825751467693584,0.9769331095982161,0.75,verified-v3-muon-3e-3,0.9769331095982161,782,ArguAna
4,0.003,-0.018799775767358938,muon,0.9753447591643072,1.0602384781654721,0.75,verified-v3-muon-3e-3,0.7212308811660256,782,ClimateFEVER
4,0.003,0.13936673114487477,muon,0.778694052918203,0.9843850013924381,0.75,verified-v3-muon-3e-3,0.9616783004521589,782,DBPedia
4,0.003,0.2254138718952758,muon,0.7592087408280908,1.0,0.75,verified-v3-muon-3e-3,1.0,782,FEVER
4,0.003,0.0969538276978083,muon,0.7525784252152197,0.9538662191964322,0.75,verified-v3-muon-3e-3,0.9538662191964322,782,FiQA2018
4,0.003,0.16991000413746,muon,0.8381758308548256,0.968012139528312,0.75,verified-v3-muon-3e-3,0.9456831095982161,782,HotpotQA
4,0.003,0.23399662089914905,muon,0.7049281590587386,1.0,0.75,verified-v3-muon-3e-3,1.0,782,MSMARCO
4,0.003,-0.04333523318075372,muon,1.0815861173404535,1.0749954971963374,0.75,verified-v3-muon-3e-3,0.6163732405690402,782,NFCorpus
4,0.003,0.2604131832164013,muon,0.8470423743871285,1.0,0.75,verified-v3-muon-3e-3,1.0,782,NQ
4,0.003,0.30133342599143453,muon,0.8191187543804646,1.0,0.75,verified-v3-muon-3e-3,1.0,782,QuoraRetrieval
4,0.003,0.008171535251925661,muon,0.28969657846092867,0.9816212982838257,0.75,verified-v3-muon-3e-3,0.7445505063453618,782,SCIDOCS
4,0.003,0.12918058038740032,muon,0.7467841259640212,1.0,0.75,verified-v3-muon-3e-3,1.0,782,SciFact
4,0.003,0.009136925758112108,muon,0.2841228812894375,1.0077354738557736,0.75,verified-v3-muon-3e-3,0.7932835040760193,782,TRECCOVID
4,0.003,0.16328680377445912,muon,0.6927778912860505,1.0,0.75,verified-v3-muon-3e-3,1.0,782,Touche2020
5,0.003,0.1572100950612284,muon,0.9212440976127798,0.9538662191964322,0.75,verified-v3-muon-3e-3,0.9538662191964322,782,ArguAna
5,0.003,-0.014524059414970869,muon,0.7535177763544643,1.0622359341824443,0.75,verified-v3-muon-3e-3,0.7225896575101025,782,ClimateFEVER
5,0.003,0.15309568876993856,muon,0.855402874080766,0.9763884649059846,0.75,verified-v3-muon-3e-3,0.9538662191964322,782,DBPedia
5,0.003,0.28047616801108866,muon,0.9446621743266786,1.0,0.75,verified-v3-muon-3e-3,1.0,782,FEVER
5,0.003,0.11595561599597169,muon,0.9000747773786121,0.9769331095982161,0.75,verified-v3-muon-3e-3,0.9769331095982161,782,FiQA2018
5,0.003,0.15483699457506445,muon,0.7638198070434046,0.9552007969751085,0.75,verified-v3-muon-3e-3,0.9331672848795871,782,HotpotQA
5,0.003,0.2971154145126531,muon,0.8950771228044698,1.0,0.75,verified-v3-muon-3e-3,1.0,782,MSMARCO
5,0.003,-0.061820627938609415,muon,1.5429554207029277,0.9772960349596228,0.75,verified-v3-muon-3e-3,0.5603550206809081,782,NFCorpus
5,0.003,0.2748385851191106,muon,0.8939636804755597,1.0,0.75,verified-v3-muon-3e-3,1.0,782,NQ
5,0.003,0.3266203714947653,muon,0.8878566026116255,1.0,0.75,verified-v3-muon-3e-3,1.0,782,QuoraRetrieval
5,0.003,-8.22025603679083e-05,muon,-0.0029142382361624316,0.9293643056133731,0.75,verified-v3-muon-3e-3,0.7049140697471601,782,SCIDOCS
5,0.003,0.15135887845495027,muon,0.8749953546802551,0.9769331095982161,0.75,verified-v3-muon-3e-3,0.9769331095982161,782,SciFact
5,0.003,0.010086464312990838,muon,0.31364984005541274,0.934007471892329,0.75,verified-v3-muon-3e-3,0.73524524972907,782,TRECCOVID
5,0.003,0.19336778235403804,muon,0.8204026376003095,1.0,0.75,verified-v3-muon-3e-3,1.0,782,Touche2020
6,0.003,0.15414721675621346,muon,0.9032957682825145,1.0,0.75,verified-v3-muon-3e-3,1.0,782,ArguAna
6,0.003,-0.04896729355416895,muon,2.540455467636056,1.0023717963623253,0.75,verified-v3-muon-3e-3,0.6818668713073645,782,ClimateFEVER
6,0.003,0.160987247580484,muon,0.8994959647599038,1.0236115350940154,0.75,verified-v3-muon-3e-3,1.0,782,DBPedia
6,0.003,0.2765512475128357,muon,0.9314427840368328,1.0,0.75,verified-v3-muon-3e-3,1.0,782,FEVER
6,0.003,0.08389679045648829,muon,0.651226629640147,0.9538662191964322,0.75,verified-v3-muon-3e-3,0.9538662191964322,782,FiQA2018
6,0.003,0.18468187511892764,muon,0.9110463207122395,0.9763884649059846,0.75,verified-v3-muon-3e-3,0.9538662191964322,782,HotpotQA
6,0.003,0.2912634477145413,muon,0.877447739243227,1.0,0.75,verified-v3-muon-3e-3,1.0,782,MSMARCO
6,0.003,-0.06952367397593864,muon,1.7352125529181506,1.0270823118534527,0.75,verified-v3-muon-3e-3,0.5889011205529087,782,NFCorpus
6,0.003,0.29374234580577663,muon,0.955451682500302,1.0,0.75,verified-v3-muon-3e-3,1.0,782,NQ
6,0.003,0.3171705541617015,muon,0.8621690355004938,1.0,0.75,verified-v3-muon-3e-3,1.0,782,QuoraRetrieval
6,0.003,0.018926730324603076,muon,0.670988846948695,0.9924028970891445,0.75,verified-v3-muon-3e-3,0.7527282474597274,782,SCIDOCS
6,0.003,0.1498913384337524,muon,0.8665116058941693,0.9644172848795871,0.75,verified-v3-muon-3e-3,0.9644172848795871,782,SciFact
6,0.003,-0.0008016164690725809,muon,-0.024927156782439123,0.9433814847346967,0.75,verified-v3-muon-3e-3,0.7426244181197537,782,TRECCOVID
6,0.003,0.21194756027074466,muon,0.8992311716163113,1.0,0.75,verified-v3-muon-3e-3,1.0,782,Touche2020
7,0.003,0.16638454863171706,muon,0.9750059835612834,0.9769331095982161,0.75,verified-v3-muon-3e-3,0.9769331095982161,782,ArguAna
7,0.003,-0.026830547837711462,muon,1.3919865078633027,1.0433206885124362,0.75,verified-v3-muon-3e-3,0.7097224964109723,782,ClimateFEVER
7,0.003,0.16027774587442034,muon,0.8955317133599568,0.9763884649059846,0.75,verified-v3-muon-3e-3,0.9538662191964322,782,DBPedia
7,0.003,0.29272655191641683,muon,0.9859222727457584,1.0,0.75,verified-v3-muon-3e-3,1.0,782,FEVER
7,0.003,0.11638990771522602,muon,0.9034458518985282,0.9769331095982161,0.75,verified-v3-muon-3e-3,0.9769331095982161,782,FiQA2018
7,0.003,0.1907339301566206,muon,0.9409014565846013,0.9635771223527811,0.75,verified-v3-muon-3e-3,0.9413503944778032,782,HotpotQA
7,0.003,0.3403529973368999,muon,1.025332805751201,1.0,0.75,verified-v3-muon-3e-3,1.0,782,MSMARCO
7,0.003,-0.07391919442604414,muon,1.844918525365337,1.0077722150726016,0.75,verified-v3-muon-3e-3,0.5778292351733356,782,NFCorpus
7,0.003,0.3036798509883906,muon,0.98777526873891,1.0,0.75,verified-v3-muon-3e-3,1.0,782,NQ
7,0.003,0.359758382356296,muon,0.9779361086944152,1.0,0.75,verified-v3-muon-3e-3,1.0,782,QuoraRetrieval
7,0.003,0.013130434222081282,muon,0.4654990464548066,0.998292375830044,0.75,verified-v3-muon-3e-3,0.7571953615966287,782,SCIDOCS
7,0.003,0.17576555563488183,muon,1.0160886910845475,1.0,0.75,verified-v3-muon-3e-3,1.0,782,SciFact
7,0.003,-0.00716025859137033,muon,-0.2226562145316083,0.929758244463293,0.75,verified-v3-muon-3e-3,0.7319002826102445,782,TRECCOVID
7,0.003,0.2461334193245939,muon,1.0442717186763197,1.0,0.75,verified-v3-muon-3e-3,1.0,782,Touche2020
8,0.003,0.16852130024171683,muon,0.9875272520460472,1.0,0.75,verified-v3-muon-3e-3,1.0,782,ArguAna
8,0.003,-0.014408152563720779,muon,0.7475044525086398,0.9910563458982734,0.75,verified-v3-muon-3e-3,0.6741694971061378,782,ClimateFEVER
8,0.003,0.1750260269580633,muon,0.9779358759334517,1.0,0.75,verified-v3-muon-3e-3,0.9769331095982161,782,DBPedia
8,0.003,0.27992210473265655,muon,0.9427960527769235,1.0,0.75,verified-v3-muon-3e-3,1.0,782,FEVER
8,0.003,0.10575317203241215,muon,0.8208810065522155,0.9538662191964322,0.75,verified-v3-muon-3e-3,0.9538662191964322,782,FiQA2018
8,0.003,0.19064032102804418,muon,0.9404396773649583,0.968012139528312,0.75,verified-v3-muon-3e-3,0.9456831095982161,782,HotpotQA
8,0.003,0.33411331171580044,muon,1.0065353971344217,1.0,0.75,verified-v3-muon-3e-3,1.0,782,MSMARCO
8,0.003,-0.07888628572168807,muon,1.9688900975620935,0.88871226170589,0.75,verified-v3-muon-3e-3,0.5095634894376251,782,NFCorpus
8,0.003,0.287808255340977,muon,0.9361499481754503,1.0,0.75,verified-v3-muon-3e-3,1.0,782,NQ
8,0.003,0.3381105008599734,muon,0.9190903776975902,1.0,0.75,verified-v3-muon-3e-3,1.0,782,QuoraRetrieval
8,0.003,-0.012077828731432235,muon,-0.42818216539033876,0.9146618423163048,0.75,verified-v3-muon-3e-3,0.6937623898564582,782,SCIDOCS
8,0.003,0.17252873482827086,muon,0.9973768507311588,0.9538662191964322,0.75,verified-v3-muon-3e-3,0.9538662191964322,782,SciFact
8,0.003,0.008877449690088753,muon,0.276054184002826,1.00141868239992,0.75,verified-v3-muon-3e-3,0.7883109625801406,782,TRECCOVID
8,0.003,0.23604103583599595,muon,1.0014527033630034,1.0,0.75,verified-v3-muon-3e-3,1.0,782,Touche2020
9,0.003,0.17544067572616134,muon,1.028074481673562,1.0,0.75,verified-v3-muon-3e-3,1.0,782,ArguAna
9,0.003,-0.008259029969138763,muon,0.428483918950066,1.0573186976356073,0.75,verified-v3-muon-3e-3,0.719244690391277,782,ClimateFEVER
9,0.003,0.18122401862252194,muon,1.0125663735386043,0.9763884649059846,0.75,verified-v3-muon-3e-3,0.9538662191964322,782,DBPedia
9,0.003,0.2811354555430538,muon,0.9468826980805116,1.0,0.75,verified-v3-muon-3e-3,1.0,782,FEVER
9,0.003,0.11653419162397168,muon,0.9045658175502831,1.0,0.75,verified-v3-muon-3e-3,1.0,782,FiQA2018
9,0.003,0.20730749478480925,muon,1.0226598049112818,1.0236115350940154,0.75,verified-v3-muon-3e-3,1.0,782,HotpotQA
9,0.003,0.382569086322827,muon,1.1525111802813852,1.0,0.75,verified-v3-muon-3e-3,1.0,782,MSMARCO
9,0.003,-0.05802522017707835,muon,1.4482274120316516,1.0295581737424675,0.75,verified-v3-muon-3e-3,0.5903207125602365,782,NFCorpus
9,0.003,0.3205910825225045,muon,1.042782198632174,1.0,0.75,verified-v3-muon-3e-3,1.0,782,NQ
9,0.003,0.39116865621439234,muon,1.063319083758471,1.0,0.75,verified-v3-muon-3e-3,1.0,782,QuoraRetrieval
9,0.003,0.013098270798255332,muon,0.4643587914663978,0.9729456151600239,0.75,verified-v3-muon-3e-3,0.737970082434418,782,SCIDOCS
9,0.003,0.168926593921024,muon,0.9765531197883927,0.9644172848795871,0.75,verified-v3-muon-3e-3,0.9644172848795871,782,SciFact
9,0.003,0.018476294705527554,muon,0.5745409589901208,0.9712722908361405,0.75,verified-v3-muon-3e-3,0.7645798984711625,782,TRECCOVID
9,0.003,0.22205263848639326,muon,0.9421040469234134,1.0,0.75,verified-v3-muon-3e-3,1.0,782,Touche2020
10,0.003,0.14369575075292185,muon,0.8420506468214334,0.9538662191964322,0.75,verified-v3-muon-3e-3,0.9538662191964322,782,ArguAna
10,0.003,-0.022784789867702136,muon,1.1820899175142268,0.9938719894818551,0.75,verified-v3-muon-3e-3,0.6760848483640453,782,ClimateFEVER
10,0.003,0.1529669284751895,muon,0.8546834421550157,0.9635771223527811,0.75,verified-v3-muon-3e-3,0.9413503944778032,782,DBPedia
10,0.003,0.27612686836578526,muon,0.930013447167913,1.0,0.75,verified-v3-muon-3e-3,1.0,782,FEVER
10,0.003,0.08623106855797556,muon,0.6693458455529745,0.9644172848795871,0.75,verified-v3-muon-3e-3,0.9644172848795871,782,FiQA2018
10,0.003,0.19565300543498498,muon,0.965167538087047,1.0,0.75,verified-v3-muon-3e-3,0.9769331095982161,782,HotpotQA
10,0.003,0.29137381748317404,muon,0.8777802344626838,1.0,0.75,verified-v3-muon-3e-3,1.0,782,MSMARCO
10,0.003,-0.07028224448277769,muon,1.75414539968048,0.9329453517211621,0.75,verified-v3-muon-3e-3,0.5349255426780358,782,NFCorpus
10,0.003,0.28509749432627796,muon,0.927332693158147,1.0,0.75,verified-v3-muon-3e-3,1.0,782,NQ
10,0.003,0.32325954987512917,muon,0.8787208354470177,1.0,0.75,verified-v3-muon-3e-3,1.0,782,QuoraRetrieval
10,0.003,0.020218004323215775,muon,0.7167669838251782,1.029999124210426,0.75,verified-v3-muon-3e-3,0.7812446315161496,782,SCIDOCS
10,0.003,0.15686244386281195,muon,0.9068110909965836,0.9769331095982161,0.75,verified-v3-muon-3e-3,0.9769331095982161,782,SciFact
10,0.003,0.018448773196800005,muon,0.5736851470284049,0.9696201123080985,0.75,verified-v3-muon-3e-3,0.7632793131428823,782,TRECCOVID
10,0.003,0.21772946367693186,muon,0.9237620875064325,1.0,0.75,verified-v3-muon-3e-3,1.0,782,Touche2020
11,0.003,0.14947631739289285,muon,0.8759245077580138,1.0,0.75,verified-v3-muon-3e-3,1.0,782,ArguAna
11,0.003,-0.04130173257170794,muon,2.142761110915115,0.9387483198369523,0.75,verified-v3-muon-3e-3,0.6385867819857249,782,ClimateFEVER
11,0.003,0.1658189210741478,muon,0.9264923317138466,1.0236115350940154,0.75,verified-v3-muon-3e-3,1.0,782,DBPedia
11,0.003,0.2704209283963689,muon,0.9107954662025096,1.0,0.75,verified-v3-muon-3e-3,1.0,782,FEVER
11,0.003,0.11850043156671565,muon,0.9198282346702931,0.9769331095982161,0.75,verified-v3-muon-3e-3,0.9769331095982161,782,FiQA2018
11,0.003,0.1721657765266811,muon,0.8493036858987532,0.9871886574467965,0.75,verified-v3-muon-3e-3,0.9644172848795871,782,HotpotQA
11,0.003,0.29457702918255696,muon,0.8874300923009926,1.0,0.75,verified-v3-muon-3e-3,1.0,782,MSMARCO
11,0.003,-0.04614130962175957,muon,1.151621815778462,1.061824196260907,0.75,verified-v3-muon-3e-3,0.6088211741080599,782,NFCorpus
11,0.003,0.30829230533032614,muon,1.0027781354497656,1.0,0.75,verified-v3-muon-3e-3,1.0,782,NQ
11,0.003,0.3269023385715596,muon,0.8886230775553199,1.0,0.75,verified-v3-muon-3e-3,1.0,782,QuoraRetrieval
11,0.003,-0.008781847973028412,muon,-0.3113333335679914,0.894542702983985,0.75,verified-v3-muon-3e-3,0.6785022122265507,782,SCIDOCS
11,0.003,0.1418479818645063,muon,0.8200135100707255,0.9331672848795871,0.75,verified-v3-muon-3e-3,0.9331672848795871,782,SciFact
11,0.003,0.023137545972630295,muon,0.7194877578898983,0.9716378637617118,0.75,verified-v3-muon-3e-3,0.7648676753520168,782,TRECCOVID
11,0.003,0.21058593374766593,muon,0.893454190687218,1.0,0.75,verified-v3-muon-3e-3,1.0,782,Touche2020
12,0.003,0.1655709935557207,muon,0.9702385873482561,1.0,0.75,verified-v3-muon-3e-3,1.0,782,ArguAna
12,0.003,-0.038748201014691994,muon,2.0102822105113973,0.8951524080988116,0.75,verified-v3-muon-3e-3,0.6089305126787095,782,ClimateFEVER
12,0.003,0.17619142025445383,muon,0.9844473641613466,0.9635771223527811,0.75,verified-v3-muon-3e-3,0.9413503944778032,782,DBPedia
12,0.003,0.279633834437338,muon,0.941825139469385,1.0,0.75,verified-v3-muon-3e-3,1.0,782,FEVER
12,0.003,0.11027534723037717,muon,0.8559831945714388,0.9307993287946483,0.75,verified-v3-muon-3e-3,0.9307993287946483,782,FiQA2018
12,0.003,0.19008953223133515,muon,0.9377226045260122,0.9399655872587657,0.75,verified-v3-muon-3e-3,0.9182835040760193,782,HotpotQA
12,0.003,0.34228772645118233,muon,1.0311612874940903,1.0,0.75,verified-v3-muon-3e-3,1.0,782,MSMARCO
12,0.003,-0.0824114469367679,muon,2.056873134729889,0.9798505684362253,0.75,verified-v3-muon-3e-3,0.561819720841255,782,NFCorpus
12,0.003,0.3324355419558525,muon,1.081308508697736,1.0,0.75,verified-v3-muon-3e-3,1.0,782,NQ
12,0.003,0.3967056922290283,muon,1.0783704841411066,1.0,0.75,verified-v3-muon-3e-3,1.0,782,QuoraRetrieval
12,0.003,0.01672728157405063,muon,0.593014175373356,0.9932089073318876,0.75,verified-v3-muon-3e-3,0.7533395986349751,782,SCIDOCS
12,0.003,0.18211058857237195,muon,1.0527688938071746,1.0,0.75,verified-v3-muon-3e-3,1.0,782,SciFact
12,0.003,0.006117214513171581,muon,0.19022159739065134,1.0020607442560936,0.75,verified-v3-muon-3e-3,0.7888163899391181,782,TRECCOVID
12,0.003,0.23434622030949856,muon,0.994262099472027,1.0,0.75,verified-v3-muon-3e-3,1.0,782,Touche2020
13,0.003,0.1489530533943697,muon,0.872858204223594,0.9307993287946483,0.75,verified-v3-muon-3e-3,0.9307993287946483,782,ArguAna
13,0.003,-0.04087389035958894,muon,2.1205643749272287,1.025906175508419,0.75,verified-v3-muon-3e-3,0.6978762138833875,782,ClimateFEVER
13,0.003,0.1579609541217219,muon,0.8825869313100655,1.0,0.75,verified-v3-muon-3e-3,0.9769331095982161,782,DBPedia
13,0.003,0.27487973976065483,muon,0.9258130360308751,1.0,0.75,verified-v3-muon-3e-3,1.0,782,FEVER
13,0.003,0.12105893754358865,muon,0.9396879601158965,0.9538662191964322,0.75,verified-v3-muon-3e-3,0.9538662191964322,782,FiQA2018
13,0.003,0.18988831726537464,muon,0.9367299995164923,1.0,0.75,verified-v3-muon-3e-3,0.9769331095982161,782,HotpotQA
13,0.003,0.3553248444215325,muon,1.0704363485396575,1.0,0.75,verified-v3-muon-3e-3,1.0,782,MSMARCO
13,0.003,-0.06718279916537995,muon,1.6767876290929637,1.0364018493302858,0.75,verified-v3-muon-3e-3,0.594244690391277,782,NFCorpus
13,0.003,0.3303939350794872,muon,1.0746678021299565,1.0,0.75,verified-v3-muon-3e-3,1.0,782,NQ
13,0.003,0.3970768706960617,muon,1.0793794636214575,1.0,0.75,verified-v3-muon-3e-3,1.0,782,QuoraRetrieval
13,0.003,0.015994672228893475,muon,0.5670417706663561,1.0601943253384214,0.75,verified-v3-muon-3e-3,0.804147407085867,782,SCIDOCS
13,0.003,0.18348658837143073,muon,1.060723454811508,1.0,0.75,verified-v3-muon-3e-3,1.0,782,SciFact
13,0.003,0.003205182883702015,muon,0.09966873104648805,0.9757661720446228,0.75,verified-v3-muon-3e-3,0.768117455622273,782,TRECCOVID
13,0.003,0.24471032147572652,muon,1.0382339329885442,1.0,0.75,verified-v3-muon-3e-3,1.0,782,Touche2020
14,0.003,0.15283539847726885,muon,0.8956085720744872,1.0,0.75,verified-v3-muon-3e-3,1.0,782,ArguAna
14,0.003,-0.013749464635102994,muon,0.7133312885809298,0.9870796799236742,0.75,verified-v3-muon-3e-3,0.6714643563627781,782,ClimateFEVER
14,0.003,0.13860567177822533,muon,0.7744417295849424,0.9763884649059846,0.75,verified-v3-muon-3e-3,0.9538662191964322,782,DBPedia
14,0.003,0.24748902585762383,muon,0.8335593107483252,1.0,0.75,verified-v3-muon-3e-3,1.0,782,FEVER
14,0.003,0.10482238595841542,muon,0.8136560260185532,0.9538662191964322,0.75,verified-v3-muon-3e-3,0.9538662191964322,782,FiQA2018
14,0.003,0.14220562649870092,muon,0.7015085412295693,0.9763884649059846,0.75,verified-v3-muon-3e-3,0.9538662191964322,782,HotpotQA
14,0.003,0.2631090448042317,muon,0.7926309955795807,1.0,0.75,verified-v3-muon-3e-3,1.0,782,MSMARCO
14,0.003,-0.049889351453583905,muon,1.2451676378490095,0.9806212150637423,0.75,verified-v3-muon-3e-3,0.5622615887005856,782,NFCorpus
14,0.003,0.24396786483199287,muon,0.7935509137789074,1.0,0.75,verified-v3-muon-3e-3,1.0,782,NQ
14,0.003,0.2967481688784348,muon,0.8066545875441532,1.0,0.75,verified-v3-muon-3e-3,1.0,782,QuoraRetrieval
14,0.003,0.0010621204105807011,muon,0.037654203203276476,0.9989587352725258,0.75,verified-v3-muon-3e-3,0.7577007889556063,782,SCIDOCS
14,0.003,0.13501295805075497,muon,0.7805007035065478,1.0,0.75,verified-v3-muon-3e-3,1.0,782,SciFact
14,0.003,0.02651993661281984,muon,0.824666961462156,1.031760821063461,0.75,verified-v3-muon-3e-3,0.8121961176675947,782,TRECCOVID
14,0.003,0.21188990912934152,muon,0.8989865747765895,1.0,0.75,verified-v3-muon-3e-3,1.0,782,Touche2020
15,0.003,0.16138235958464067,muon,0.9456933803663826,1.0,0.75,verified-v3-muon-3e-3,1.0,782,ArguAna
15,0.003,-0.04619922288784324,muon,2.3968461368223983,0.9121280937082069,0.75,verified-v3-muon-3e-3,0.6204782813577394,782,ClimateFEVER
15,0.003,0.14796501289651787,muon,0.8267358689981077,0.9399655872587657,0.75,verified-v3-muon-3e-3,0.9182835040760193,782,DBPedia
15,0.003,0.28373851585630466,muon,0.955649976358935,1.0,0.75,verified-v3-muon-3e-3,1.0,782,FEVER
15,0.003,0.14217428310355662,muon,1.103590241095723,0.9769331095982161,0.75,verified-v3-muon-3e-3,0.9769331095982161,782,FiQA2018
15,0.003,0.18559955109831255,muon,0.9155732691422694,0.9763884649059846,0.75,verified-v3-muon-3e-3,0.9538662191964322,782,HotpotQA
15,0.003,0.36294179998023124,muon,1.0933828613525067,1.0,0.75,verified-v3-muon-3e-3,1.0,782,MSMARCO
15,0.003,-0.05558578219263473,muon,1.387342490815651,1.067892439789952,0.75,verified-v3-muon-3e-3,0.6123005402433737,782,NFCorpus
15,0.003,0.3072891640756639,muon,0.999515231706952,1.0,0.75,verified-v3-muon-3e-3,1.0,782,NQ
15,0.003,0.3721160667496767,muon,1.011528170424801,1.0,0.75,verified-v3-muon-3e-3,1.0,782,QuoraRetrieval
15,0.003,0.015011881258032682,muon,0.5321999480683844,0.9919066525252195,0.75,verified-v3-muon-3e-3,0.7523518506333877,782,SCIDOCS
15,0.003,0.14809319310910765,muon,0.8561166503939376,0.9644172848795871,0.75,verified-v3-muon-3e-3,0.9644172848795871,782,SciFact
15,0.003,0.02231089067241241,muon,0.693781990769862,1.0061460597365242,0.75,verified-v3-muon-3e-3,0.7920323265253058,782,TRECCOVID
15,0.003,0.24813622636586916,muon,1.052769039994606,1.0,0.75,verified-v3-muon-3e-3,1.0,782,Touche2020
16,0.003,0.18217207402204116,muon,1.067520173417116,1.0,0.75,verified-v3-muon-3e-3,1.0,782,ArguAna
16,0.003,-0.012865305300366624,muon,0.6674605194785349,1.1244231650910959,0.75,verified-v3-muon-3e-3,0.7648927357978553,782,ClimateFEVER
16,0.003,0.1589781221429209,muon,0.8882702294861766,1.0,0.75,verified-v3-muon-3e-3,0.9769331095982161,782,DBPedia
16,0.003,0.3033253703140838,muon,1.0216197899495654,1.0,0.75,verified-v3-muon-3e-3,1.0,782,FEVER
16,0.003,0.15530902385374068,muon,1.2055451895913476,0.9769331095982161,0.75,verified-v3-muon-3e-3,0.9769331095982161,782,FiQA2018
16,0.003,0.17448014581121973,muon,0.8607206028002657,0.968012139528312,0.75,verified-v3-muon-3e-3,0.9456831095982161,782,HotpotQA
16,0.003,0.3484487235625733,muon,1.0497216424898612,1.0,0.75,verified-v3-muon-3e-3,1.0,782,MSMARCO
16,0.003,-0.06859881306648162,muon,1.712129332944066,0.9629935161706763,0.75,verified-v3-muon-3e-3,0.552154344606232,782,NFCorpus
16,0.003,0.3085589613320733,muon,1.0036454837540054,1.0,0.75,verified-v3-muon-3e-3,1.0,782,NQ
16,0.003,0.35421051598091247,muon,0.9628552679947094,1.0,0.75,verified-v3-muon-3e-3,1.0,782,QuoraRetrieval
16,0.003,0.02156659581744061,muon,0.7645771357212224,0.9345244936087134,0.75,verified-v3-muon-3e-3,0.7088280237246103,782,SCIDOCS
16,0.003,0.17117299247054088,muon,0.9895393966137245,1.0,0.75,verified-v3-muon-3e-3,1.0,782,SciFact
16,0.003,0.028716235833793843,muon,0.8929633315276404,0.9725202415167313,0.75,verified-v3-muon-3e-3,0.7655622779888998,782,TRECCOVID
16,0.003,0.22424774164411326,muon,0.9514172241159875,1.0,0.75,verified-v3-muon-3e-3,1.0,782,Touche2020
17,0.003,0.14804687721332105,muon,0.8675480524940677,1.0,0.75,verified-v3-muon-3e-3,1.0,782,ArguAna
17,0.003,-0.03174270972276174,muon,1.6468327044370352,0.9767566278550873,0.75,verified-v3-muon-3e-3,0.6644420645925037,782,ClimateFEVER
17,0.003,0.14442841995695405,muon,0.806975601486573,0.9763884649059846,0.75,verified-v3-muon-3e-3,0.9538662191964322,782,DBPedia
17,0.003,0.2539339573417032,muon,0.8552662637215853,1.0,0.75,verified-v3-muon-3e-3,1.0,782,FEVER
17,0.003,0.10391388204237514,muon,0.8066040048382599,1.0,0.75,verified-v3-muon-3e-3,1.0,782,FiQA2018
17,0.003,0.15664304981676327,muon,0.7727291815117611,0.9444006044342966,0.75,verified-v3-muon-3e-3,0.9226162191964322,782,HotpotQA
17,0.003,0.27317436169102627,muon,0.8229533364582081,1.0,0.75,verified-v3-muon-3e-3,1.0,782,MSMARCO
17,0.003,-0.052196826630372534,muon,1.3027589540630575,0.9887327272604403,0.75,verified-v3-muon-3e-3,0.5669125096315417,782,NFCorpus
17,0.003,0.2525150291875429,muon,0.8213521575584357,1.0,0.75,verified-v3-muon-3e-3,1.0,782,NQ
17,0.003,0.31732678852077945,muon,0.8625937294858302,1.0,0.75,verified-v3-muon-3e-3,1.0,782,QuoraRetrieval
17,0.003,0.01627568844867998,muon,0.5770043339857752,1.0716118195079265,0.75,verified-v3-muon-3e-3,0.8128074688428424,782,SCIDOCS
17,0.003,0.14593286321616641,muon,0.8436279306029603,1.0,0.75,verified-v3-muon-3e-3,1.0,782,SciFact
17,0.003,-0.011283342279845652,muon,-0.350868093272882,0.9358235623689765,0.75,verified-v3-muon-3e-3,0.7366748655899881,782,TRECCOVID
17,0.003,0.1970586959460081,muon,0.8360620985981247,1.0,0.75,verified-v3-muon-3e-3,1.0,782,Touche2020
18,0.003,0.13570770822663147,muon,0.7952410763166969,0.9769331095982161,0.75,verified-v3-muon-3e-3,0.9769331095982161,782,ArguAna
18,0.003,-0.017094882443364164,muon,0.8868937696913554,1.0408239516017168,0.75,verified-v3-muon-3e-3,0.7080240825170777,782,ClimateFEVER
18,0.003,0.13786727137862212,muon,0.7703160103754868,1.0,0.75,verified-v3-muon-3e-3,0.9769331095982161,782,DBPedia
18,0.003,0.24826767684695727,muon,0.8361818584743633,1.0,0.75,verified-v3-muon-3e-3,1.0,782,FEVER
18,0.003,0.07749510550709249,muon,0.6015352446547435,0.96875,0.75,verified-v3-muon-3e-3,0.96875,782,FiQA2018
18,0.003,0.1574221674537891,muon,0.7765726136631689,0.9315892618810931,0.75,verified-v3-muon-3e-3,0.9101003944778032,782,HotpotQA
18,0.003,0.28351814043229173,muon,0.854114559546698,1.0,0.75,verified-v3-muon-3e-3,1.0,782,MSMARCO
18,0.003,-0.04259965698247681,muon,1.0632271759916456,1.0225740875577483,0.75,verified-v3-muon-3e-3,0.5863162271039569,782,NFCorpus
18,0.003,0.25653625910145617,muon,0.8344319567151748,1.0,0.75,verified-v3-muon-3e-3,1.0,782,NQ
18,0.003,0.32841101346613427,muon,0.8927241290611166,1.0,0.75,verified-v3-muon-3e-3,1.0,782,QuoraRetrieval
18,0.003,0.0063003585515643175,muon,0.2233597799183599,0.9710607982597844,0.75,verified-v3-muon-3e-3,0.7365404665734999,782,SCIDOCS
18,0.003,0.13596459013512105,muon,0.7860020236912956,0.9456831095982161,0.75,verified-v3-muon-3e-3,0.9456831095982161,782,SciFact
18,0.003,-0.005073465496931034,muon,-0.15776505941626875,0.9853554854054037,0.75,verified-v3-muon-3e-3,0.7756661073288735,782,TRECCOVID
18,0.003,0.17580804758213753,muon,0.7459018466875145,1.0,0.75,verified-v3-muon-3e-3,1.0,782,Touche2020
19,0.003,0.1585531070742608,muon,0.9291140877018214,1.0,0.75,verified-v3-muon-3e-3,1.0,782,ArguAna
19,0.003,-0.03983203849752172,muon,2.066512413559841,0.9643634883441901,0.75,verified-v3-muon-3e-3,0.6560115887005856,782,ClimateFEVER
19,0.003,0.133309714018045,muon,0.7448512327821473,1.0,0.75,verified-v3-muon-3e-3,0.9769331095982161,782,DBPedia
19,0.003,0.2338774726689693,muon,0.7877147046902117,1.0,0.75,verified-v3-muon-3e-3,1.0,782,FEVER
19,0.003,0.08332614353772994,muon,0.6467971339753483,0.8905622779888998,0.75,verified-v3-muon-3e-3,0.8905622779888998,782,FiQA2018
19,0.003,0.14542429125226974,muon,0.7173863997333165,0.9635771223527811,0.75,verified-v3-muon-3e-3,0.9413503944778032,782,HotpotQA
19,0.003,0.28847373795903286,muon,0.8690435795818516,1.0,0.75,verified-v3-muon-3e-3,1.0,782,MSMARCO
19,0.003,-0.05425830397010892,muon,1.354210512257535,0.9823498681419803,0.75,verified-v3-muon-3e-3,0.5632527514565526,782,NFCorpus
19,0.003,0.24505993182948843,muon,0.797103065060664,1.0,0.75,verified-v3-muon-3e-3,1.0,782,NQ
19,0.003,0.32706309904968894,muon,0.8890600749516946,1.0,0.75,verified-v3-muon-3e-3,1.0,782,QuoraRetrieval
19,0.003,-0.006526966859957212,muon,-0.23139347855250214,0.9562861175048148,0.75,verified-v3-muon-3e-3,0.725334010421381,782,SCIDOCS
19,0.003,0.15114958590321448,muon,0.8737854487110291,0.96875,0.75,verified-v3-muon-3e-3,0.96875,782,SciFact
19,0.003,0.01619488418461988,muon,0.5035979582736242,0.9397003971017175,0.75,verified-v3-muon-3e-3,0.7397266873441091,782,TRECCOVID
19,0.003,0.19647242846586419,muon,0.8335747380813209,1.0,0.75,verified-v3-muon-3e-3,1.0,782,Touche2020
