baseline_margin,baseline_shortlist_ndcg,learning_rate,margin_absolute_attribution_participation_ratio,margin_degrading_attribution_mass,margin_degrading_coordinate_fraction,margin_helpful_attribution_mass,margin_helpful_attribution_participation_ratio,margin_helpful_mass_share,ndcg_absolute_attribution_participation_ratio,ndcg_degrading_attribution_mass,ndcg_degrading_coordinate_fraction,ndcg_helpful_attribution_mass,ndcg_helpful_attribution_participation_ratio,ndcg_helpful_mass_share,optimizer,rotation_seed,run_id,step,task
0.190245406035234,1.0,,0.5831564132144966,0.10276132794021375,0.4934895833333333,0.10818774903338002,0.3027675940516613,0.5128619218700007,0.0,0.0,0.0,0.0,0.0,0.0,pretrained,314159,pretrained,0,ArguAna
-0.0018040639779453999,0.7195575277179698,,0.5711330637184343,0.09666212707718674,0.4661458333333333,0.11526401184189318,0.31969783051451817,0.5438876602470666,0.06745350017357035,0.34207374086221376,0.06380208333333333,0.16877486386680826,0.09900205400249884,0.33038137386385613,pretrained,314159,pretrained,0,ClimateFEVER
0.2506115116867823,1.0,,0.5777328527334041,0.10294052036304842,0.4986979166666667,0.10453695853591426,0.28671399034642236,0.5038472565343906,0.09635416666666667,0.0,0.0,1.7069498897320088,0.09635416666666667,1.0,pretrained,314159,pretrained,0,DBPedia
0.32469088164214505,1.0,,0.6018842852685209,0.09520250325904116,0.4869791666666667,0.10544266706591313,0.3055078712395307,0.525518091938838,0.0,0.0,0.0,0.0,0.0,0.0,pretrained,314159,pretrained,0,FEVER
0.19578933184320824,0.9769331095982161,,0.6061194031298167,0.10551192740421245,0.4609375,0.11896223873723127,0.33288757692489235,0.529959597498947,0.0013020833333333333,0.0,0.0,0.023066890401783904,0.0013020833333333333,1.0,pretrained,314159,pretrained,0,FiQA2018
0.23889121863320334,1.0,,0.6039525851044399,0.11039171853903515,0.5052083333333334,0.11877820842245394,0.3063670300065884,0.518297535794974,0.0,0.0,0.0,0.0,0.0,0.0,pretrained,314159,pretrained,0,HotpotQA
0.31414601232921247,1.0,,0.5854911096986448,0.09654162276355463,0.4856770833333333,0.12112359884408212,0.2944122736990274,0.5564673949723556,0.0,0.0,0.0,0.0,0.0,0.0,pretrained,314159,pretrained,0,MSMARCO
0.003657188598679719,0.6750990540919285,,0.5971893333101905,0.09917580919339278,0.4270833333333333,0.13645887800580128,0.3386841189934752,0.5791120128695043,0.25923718797045475,1.0595270081763153,0.3841145833333333,0.13818860148369605,0.1427784532539866,0.11537680595389657,pretrained,314159,pretrained,0,NFCorpus
0.33538111920136693,1.0,,0.5818741669141385,0.10748263743324296,0.4518229166666667,0.13108512599999594,0.32514776956164737,0.5494670533585271,0.0,0.0,0.0,0.0,0.0,0.0,pretrained,314159,pretrained,0,NQ
0.44661883461962,1.0,,0.5773314423821412,0.10432579777493306,0.5286458333333334,0.10450107790323855,0.2730861611251679,0.5004196780891738,0.0,0.0,0.0,0.0,0.0,0.0,pretrained,314159,pretrained,0,QuoraRetrieval
0.10251803338526402,0.8755000588751274,,0.6034069166927145,0.1087082302250457,0.4986979166666667,0.11758669403044697,0.3109200535245871,0.5196170193269055,0.03201053621403738,0.23066890401783907,0.013020833333333334,0.17194683261474364,0.03024456797775718,0.42707429682923237,pretrained,314159,pretrained,0,SCIDOCS
0.2533379311569489,0.9769331095982161,,0.5995930498928719,0.0857780136853464,0.4296875,0.1319719469258251,0.34641088058859804,0.6060710484420375,0.0,0.0,0.0,0.0,0.0,0.0,pretrained,314159,pretrained,0,SciFact
0.04729423046175617,0.8578826621279816,,0.5777267050927871,0.09557590120784987,0.51171875,0.09592392244313018,0.2829865305233232,0.5009086724693664,0.20390055520019792,1.2274664397324144,0.1953125,0.06509921692708967,0.008835282473939944,0.05036434055917248,pretrained,314159,pretrained,0,TRECCOVID
0.2461289736486518,1.0,,0.5515305295206233,0.11012909491203668,0.4986979166666667,0.1118443090603921,0.29195777053716104,0.5038635577903928,0.0,0.0,0.0,0.0,0.0,0.0,pretrained,314159,pretrained,0,Touche2020
0.19024540603523393,1.0,,0.5951438628804522,0.0983619177331038,0.4869791666666667,0.1040779550940649,0.3173332498573611,0.5141178644333597,0.0,0.0,0.0,0.0,0.0,0.0,pretrained,271828,pretrained,0,ArguAna
-0.0018040639779454068,0.7195575277179698,,0.5846808021652508,0.09482858945938163,0.4674479166666667,0.11438899462110874,0.3230553807429872,0.5467465611164926,0.0577332774755299,0.35647520102317176,0.06380208333333333,0.14328227295909907,0.07710675070143341,0.28670361208881506,pretrained,271828,pretrained,0,ClimateFEVER
0.25061151168678225,1.0,,0.61261924397293,0.10466181787447448,0.5,0.10523902615126685,0.3043369498133193,0.5013749546350599,0.07812500000000001,0.0,0.0,1.3840134241070343,0.07812500000000001,1.0,pretrained,271828,pretrained,0,DBPedia
0.3246908816421451,1.0,,0.5887729348965933,0.10089192731264299,0.49609375,0.10915648404378916,0.28772428423899393,0.519672980808986,0.0,0.0,0.0,0.0,0.0,0.0,pretrained,271828,pretrained,0,FEVER
0.1957893318432082,0.9769331095982161,,0.5784906507720469,0.10780834797501496,0.5,0.12004886320135527,0.28806808483214535,0.5268600567064469,0.0026041666666666665,0.0,0.0,0.04613378080356781,0.0026041666666666665,1.0,pretrained,271828,pretrained,0,FiQA2018
0.23889121863320337,1.0,,0.5707004244458979,0.10436887565159754,0.4713541666666667,0.11342056795753803,0.2921979221386244,0.5207808334415543,0.0,0.0,0.0,0.0,0.0,0.0,pretrained,271828,pretrained,0,HotpotQA
0.31414601232921247,1.0,,0.6031629397617377,0.09373884019354461,0.4752604166666667,0.1176565813971499,0.31700360799161315,0.5565710955886145,0.0,0.0,0.0,0.0,0.0,0.0,pretrained,271828,pretrained,0,MSMARCO
0.0036571885986797434,0.6750990540919285,,0.5996916961679648,0.09685979649898763,0.4361979166666667,0.1354489625213569,0.34287892221111654,0.5830557706586298,0.26891063071811533,1.122814186871116,0.40625,0.14122609975967912,0.14436591871799473,0.11172594833674702,pretrained,271828,pretrained,0,NFCorpus
0.335381119201367,1.0,,0.5833163171519413,0.10958526429891108,0.44140625,0.13176958172236933,0.3319736468041522,0.5459578868814224,0.0,0.0,0.0,0.0,0.0,0.0,pretrained,271828,pretrained,0,NQ
0.4466188346196199,1.0,,0.5924412166436918,0.10310426603706878,0.5,0.10326187496272707,0.30366259123435924,0.5003818672115851,0.0,0.0,0.0,0.0,0.0,0.0,pretrained,271828,pretrained,0,QuoraRetrieval
0.10251803338526401,0.8755000588751274,,0.6106302868076372,0.10860957031709356,0.49609375,0.11868620157535503,0.32952747532248755,0.5221663411826013,0.032943162755090814,0.20760201361605513,0.01171875,0.18831305181117583,0.03282254184261685,0.4756400254887186,pretrained,271828,pretrained,0,SCIDOCS
0.2533379311569489,0.9769331095982161,,0.582394822662816,0.0908359737449332,0.4466145833333333,0.1398174019206778,0.32015794179158485,0.6061797340585104,0.0,0.0,0.0,0.0,0.0,0.0,pretrained,271828,pretrained,0,SciFact
0.04729423046175617,0.8578826621279816,,0.5567732842643354,0.10078361953536477,0.5078125,0.10130909507299699,0.2834108040011082,0.5013000853065153,0.19642596281692132,1.202917110937766,0.19140625,0.07216554799108048,0.007261332250505262,0.05659676059880251,pretrained,271828,pretrained,0,TRECCOVID
0.24612897364865183,1.0,,0.5634005493023321,0.10289937262863878,0.4765625,0.10454365550193431,0.3267193423960763,0.5039632155587811,0.0,0.0,0.0,0.0,0.0,0.0,pretrained,271828,pretrained,0,Touche2020
0.19024540603523393,1.0,,0.5564406349295283,0.09953330589790416,0.4830729166666667,0.10517978390233429,0.30866808707958515,0.5137911992094399,0.0,0.0,0.0,0.0,0.0,0.0,pretrained,161803,pretrained,0,ArguAna
-0.0018040639779454137,0.7195575277179698,,0.5798952259167259,0.10686805165930789,0.4596354166666667,0.12609607496820568,0.3228508167324719,0.541268206369905,0.061678055956143056,0.37719795517049515,0.0703125,0.1517397208301995,0.0864744733680732,0.2868763707238737,pretrained,161803,pretrained,0,ClimateFEVER
0.2506115116867823,1.0,,0.6006970584783338,0.10355554979579275,0.4869791666666667,0.10429624318573136,0.29730135836388677,0.5017817825367628,0.07682291666666667,0.0,0.0,1.3609465337052504,0.07682291666666667,1.0,pretrained,161803,pretrained,0,DBPedia
0.32469088164214505,1.0,,0.5899939679898492,0.09982857365701628,0.4869791666666667,0.10873934849500988,0.29530041926284073,0.5213618056555659,0.0,0.0,0.0,0.0,0.0,0.0,pretrained,161803,pretrained,0,FEVER
0.19578933184320824,0.9769331095982161,,0.5881111922353195,0.10340686778639824,0.5013020833333334,0.11757161442347358,0.3029693690527283,0.532050058665039,0.0026041666666666665,0.0,0.0,0.04613378080356781,0.0026041666666666665,1.0,pretrained,161803,pretrained,0,FiQA2018
0.23889121863320328,1.0,,0.5637544318713147,0.09749544164266694,0.4830729166666667,0.10774063786206162,0.2918025555457283,0.5249595398726145,0.0,0.0,0.0,0.0,0.0,0.0,pretrained,161803,pretrained,0,HotpotQA
0.31414601232921247,1.0,,0.6222556041500832,0.10023189064990448,0.4739583333333333,0.12396134834817135,0.3157311443980878,0.5529218851654811,0.0,0.0,0.0,0.0,0.0,0.0,pretrained,161803,pretrained,0,MSMARCO
0.003657188598679707,0.6750990540919285,,0.6062982917562662,0.09854073400916774,0.4348958333333333,0.13710247935090925,0.3493908678831931,0.5818223126222966,0.26069479694360237,1.0723238711166572,0.3893229166666667,0.1302802767531744,0.1304799741262031,0.10833180393061126,pretrained,161803,pretrained,0,NFCorpus
0.33538111920136693,1.0,,0.596893785233327,0.10955561287483798,0.4700520833333333,0.13135198823418187,0.3306198694784369,0.5452380399352369,0.0,0.0,0.0,0.0,0.0,0.0,pretrained,161803,pretrained,0,NQ
0.44661883461962,1.0,,0.5590098502105935,0.10415317044911013,0.5052083333333334,0.1043139839515217,0.27083479868202487,0.5003857046518285,0.0,0.0,0.0,0.0,0.0,0.0,pretrained,161803,pretrained,0,QuoraRetrieval
0.10251803338526405,0.8755000588751274,,0.6155549274002755,0.11222125369669665,0.4869791666666667,0.12268730389357824,0.3144545899854837,0.5222768602051875,0.024922715027492427,0.18453512321427123,0.010416666666666666,0.1337025816829543,0.022501204293091374,0.42013431980391314,pretrained,161803,pretrained,0,SCIDOCS
0.25333793115694897,0.9769331095982161,,0.5787518093543598,0.08906982800236737,0.4466145833333333,0.137314181855014,0.32667588875664344,0.6065542435683506,0.0,0.0,0.0,0.0,0.0,0.0,pretrained,161803,pretrained,0,SciFact
0.047294230461756175,0.8578826621279816,,0.6002460826295031,0.0960606913865994,0.4934895833333333,0.09637492249563419,0.3030682625706472,0.5008164577821522,0.18598635458132465,1.136335455617812,0.18098958333333334,0.07216554799108048,0.007261332250505265,0.05971492599143546,pretrained,161803,pretrained,0,TRECCOVID
0.24612897364865183,1.0,,0.5764971037985372,0.10692743498115921,0.4986979166666667,0.10838460013287612,0.2976566016012203,0.5033838451040258,0.0,0.0,0.0,0.0,0.0,0.0,pretrained,161803,pretrained,0,Touche2020
0.23957443218798563,1.0,1e-05,0.5841569829431359,0.09748029457165978,0.4986979166666667,0.09846993196776405,0.3057534964406701,0.5025252264658779,0.0,0.0,0.0,0.0,0.0,0.0,adamw,314159,verified-v3-adamw-1e-5,3907,ArguAna
0.012751652966852529,0.776420812514897,1e-05,0.5868346126489623,0.103895512212452,0.4934895833333333,0.1039134352327605,0.3082280908114132,0.5000431237935826,0.15111521377675002,0.778802349338192,0.2903645833333333,0.48624336513681793,0.03070317897394039,0.3843682165577767,adamw,314159,verified-v3-adamw-1e-5,3907,ClimateFEVER
0.30419884026720656,1.0,1e-05,0.5968165541030929,0.099938552643178,0.4986979166666667,0.11588079898461652,0.30570802950124215,0.5369342374101206,0.0,0.0,0.0,0.0,0.0,0.0,adamw,314159,verified-v3-adamw-1e-5,3907,DBPedia
0.4115340850335541,1.0,1e-05,0.6125900878083627,0.11019971503220603,0.49609375,0.11348962830613818,0.30600669180405,0.507353755044459,0.0,0.0,0.0,0.0,0.0,0.0,adamw,314159,verified-v3-adamw-1e-5,3907,FEVER
0.22188416704637787,0.9769331095982161,1e-05,0.5872900811073282,0.11544062067435384,0.4856770833333333,0.11628557450218027,0.30130765717050073,0.5018231728769005,0.0,0.0,0.0,0.0,0.0,0.0,adamw,314159,verified-v3-adamw-1e-5,3907,FiQA2018
0.3035783062612313,1.0,1e-05,0.5921439860355601,0.11829417108133289,0.50390625,0.11858568427926637,0.28785812999020205,0.5006153186759796,0.0,0.0,0.0,0.0,0.0,0.0,adamw,314159,verified-v3-adamw-1e-5,3907,HotpotQA
0.4410899638366744,1.0,1e-05,0.6199386133150201,0.09605727545799617,0.4934895833333333,0.11533867209589883,0.3102840626692207,0.5456049343921007,0.0,0.0,0.0,0.0,0.0,0.0,adamw,314159,verified-v3-adamw-1e-5,3907,MSMARCO
0.0028906528922687906,0.7190574688428424,1e-05,0.6193487578615343,0.09486612812750028,0.4309895833333333,0.12872478624654815,0.3562750389695596,0.5757156394611036,0.025174397521704087,0.057687024962767716,0.05078125,0.0019153512579074654,0.0013020833333333335,0.03213548484738195,adamw,314159,verified-v3-adamw-1e-5,3907,NFCorpus
0.4256722070830016,1.0,1e-05,0.587141490519394,0.10709681135553353,0.4661458333333333,0.13317786413288216,0.31357077438780934,0.5542734117200089,0.0,0.0,0.0,0.0,0.0,0.0,adamw,314159,verified-v3-adamw-1e-5,3907,NQ
0.4811479393723614,1.0,1e-05,0.5889955231473645,0.09875375468019285,0.5052083333333334,0.09892378367760875,0.28945729606166576,0.5004300665589738,0.0,0.0,0.0,0.0,0.0,0.0,adamw,314159,verified-v3-adamw-1e-5,3907,QuoraRetrieval
0.10068813183032296,0.86024524972907,1e-05,0.5653577951086146,0.11241631423767691,0.4986979166666667,0.11438026003403137,0.2804430703501364,0.5043297518991658,0.06617493648950772,0.0,0.0,0.09850654732280148,0.06617493648950772,1.0,adamw,314159,verified-v3-adamw-1e-5,3907,SCIDOCS
0.26820145031575193,1.0,1e-05,0.5936250844596396,0.1126218102532068,0.51171875,0.112739054686591,0.28459232945517243,0.5002601259837539,0.0,0.0,0.0,0.0,0.0,0.0,adamw,314159,verified-v3-adamw-1e-5,3907,SciFact
0.0796722981070618,0.9110827739955403,1e-05,0.5859668525275866,0.10506100547509611,0.484375,0.11225322932310859,0.29574423756054175,0.5165479814396214,0.0,0.0,0.0,0.0,0.0,0.0,adamw,314159,verified-v3-adamw-1e-5,3907,TRECCOVID
0.30460331585950545,1.0,1e-05,0.5683315457575437,0.09456937978394633,0.4583333333333333,0.1269085245418429,0.3348667656644438,0.5730076096221463,0.0,0.0,0.0,0.0,0.0,0.0,adamw,314159,verified-v3-adamw-1e-5,3907,Touche2020
0.23957443218798563,1.0,1e-05,0.6003942353229809,0.09516414346892643,0.4830729166666667,0.09701393404870703,0.30760717105508095,0.5048126992518458,0.0,0.0,0.0,0.0,0.0,0.0,adamw,271828,verified-v3-adamw-1e-5,3907,ArguAna
0.012751652966852588,0.776420812514897,1e-05,0.6014869546909355,0.1082675569653434,0.49609375,0.10829246747686758,0.30711506878807304,0.5000575141039726,0.1561204536561848,0.7838375168100586,0.2942708333333333,0.5210525679793873,0.03176247620557235,0.3993076306219792,adamw,271828,verified-v3-adamw-1e-5,3907,ClimateFEVER
0.3041988402672066,1.0,1e-05,0.6034418913579508,0.1014402923843307,0.4791666666666667,0.11625899443393944,0.3133776517406305,0.5340347969581981,0.0,0.0,0.0,0.0,0.0,0.0,adamw,271828,verified-v3-adamw-1e-5,3907,DBPedia
0.4115340850335541,1.0,1e-05,0.6051038384015995,0.10697287266429886,0.5065104166666666,0.10929421133653065,0.30749465533400305,0.505366833059586,0.0,0.0,0.0,0.0,0.0,0.0,adamw,271828,verified-v3-adamw-1e-5,3907,FEVER
0.2218841670463778,0.9769331095982161,1e-05,0.586238795767667,0.11303055106630086,0.48828125,0.11333714529163243,0.29331708790009325,0.5006772040142308,0.0,0.0,0.0,0.0,0.0,0.0,adamw,271828,verified-v3-adamw-1e-5,3907,FiQA2018
0.3035783062612313,1.0,1e-05,0.6045975407532713,0.11210460217896898,0.5065104166666666,0.11240312585482742,0.3003747116562921,0.5006648405346062,0.0,0.0,0.0,0.0,0.0,0.0,adamw,271828,verified-v3-adamw-1e-5,3907,HotpotQA
0.4410899638366744,1.0,1e-05,0.628758497834379,0.10416342480435134,0.48046875,0.12310557643109665,0.3160950081497446,0.5416734167963397,0.0,0.0,0.0,0.0,0.0,0.0,adamw,271828,verified-v3-adamw-1e-5,3907,MSMARCO
0.002890652892268775,0.7190574688428424,1e-05,0.606819905134638,0.10427994626739401,0.4700520833333333,0.13644605658054826,0.3243689317633711,0.5668106268799561,0.05016329920673011,0.042437584300560806,0.049479166666666664,0.0019153512579074654,0.0013020833333333335,0.0431843176509152,adamw,271828,verified-v3-adamw-1e-5,3907,NFCorpus
0.42567220708300163,1.0,1e-05,0.5436417561382761,0.10776340105734522,0.4661458333333333,0.13697355299588726,0.3057798080159585,0.5596766272007058,0.0,0.0,0.0,0.0,0.0,0.0,adamw,271828,verified-v3-adamw-1e-5,3907,NQ
0.48114793937236144,1.0,1e-05,0.5902200482307558,0.10097383808275875,0.49609375,0.10112455220777089,0.29719438720513575,0.5003728731455889,0.0,0.0,0.0,0.0,0.0,0.0,adamw,271828,verified-v3-adamw-1e-5,3907,QuoraRetrieval
0.10068813183032296,0.86024524972907,1e-05,0.6084883832502923,0.11466379459332574,0.5,0.11596438856312043,0.29744871393133937,0.5028196770056338,0.05779084024322536,0.005477968854856428,0.0026041666666666665,0.0840073704290625,0.05555171433940175,0.9387836164147968,adamw,271828,verified-v3-adamw-1e-5,3907,SCIDOCS
0.268201450315752,1.0,1e-05,0.5811977705146004,0.11894689516242268,0.53515625,0.11906360230039079,0.2739237019508963,0.5002451722491491,0.0013020833333333333,0.0,0.0,0.023066890401783904,0.0013020833333333333,1.0,adamw,271828,verified-v3-adamw-1e-5,3907,SciFact
0.07967229810706182,0.9110827739955403,1e-05,0.5672062606206264,0.10676435573150134,0.4973958333333333,0.11313346547077181,0.28019422168047153,0.514481975547661,0.00390625,0.06920067120535171,0.00390625,0.0,0.0,0.0,adamw,271828,verified-v3-adamw-1e-5,3907,TRECCOVID
0.3046033158595055,1.0,1e-05,0.6055457967456909,0.0840014325480205,0.4388020833333333,0.11719538957212791,0.36877311413358205,0.5824912557621935,0.0,0.0,0.0,0.0,0.0,0.0,adamw,271828,verified-v3-adamw-1e-5,3907,Touche2020
0.23957443218798563,1.0,1e-05,0.5702289233209248,0.0964311398439345,0.46484375,0.09713932826940386,0.3112151527124684,0.5018292780721455,0.0,0.0,0.0,0.0,0.0,0.0,adamw,161803,verified-v3-adamw-1e-5,3907,ArguAna
0.012751652966852588,0.776420812514897,1e-05,0.5722473546832533,0.11026242730095938,0.4830729166666667,0.1103869186016164,0.3141379452357422,0.5002821021293941,0.15327549086532116,0.8370899237083138,0.30078125,0.5363039623710649,0.031827928832518414,0.3904953763133818,adamw,161803,verified-v3-adamw-1e-5,3907,ClimateFEVER
0.30419884026720667,1.0,1e-05,0.5932343503916979,0.10382676138748213,0.4778645833333333,0.11805235448991222,0.29216635148860337,0.5320570799243017,0.0,0.0,0.0,0.0,0.0,0.0,adamw,161803,verified-v3-adamw-1e-5,3907,DBPedia
0.4115340850335541,1.0,1e-05,0.5978849539303095,0.10792845173707133,0.5052083333333334,0.11028098621270074,0.3112687334997271,0.5053905424479644,0.0,0.0,0.0,0.0,0.0,0.0,adamw,161803,verified-v3-adamw-1e-5,3907,FEVER
0.22188416704637778,0.9769331095982161,1e-05,0.5842743021840524,0.10638539041724834,0.50390625,0.10690019102604566,0.29536288729692267,0.5012068340609658,0.0,0.0,0.0,0.0,0.0,0.0,adamw,161803,verified-v3-adamw-1e-5,3907,FiQA2018
0.30357830626123133,1.0,1e-05,0.5984475028172989,0.1158548230431165,0.5052083333333334,0.1160968142757354,0.28708282590148604,0.5005216415702344,0.0,0.0,0.0,0.0,0.0,0.0,adamw,161803,verified-v3-adamw-1e-5,3907,HotpotQA
0.44108996383667454,1.0,1e-05,0.5590663455020732,0.09472324125851173,0.4947916666666667,0.11375069963182412,0.2676717168394578,0.5456351002241606,0.0,0.0,0.0,0.0,0.0,0.0,adamw,161803,verified-v3-adamw-1e-5,3907,MSMARCO
0.002890652892268763,0.7190574688428424,1e-05,0.6017980146880002,0.10113695695594203,0.4700520833333333,0.133887971509534,0.3261679708059179,0.5696756185980564,0.06057214696504503,0.05137181257436308,0.059895833333333336,0.0019153512579074654,0.0013020833333333335,0.03594395197943589,adamw,161803,verified-v3-adamw-1e-5,3907,NFCorpus
0.4256722070830016,1.0,1e-05,0.5791293369265145,0.10934700736170785,0.45703125,0.1373634090576626,0.3296785931289328,0.5567799327295753,0.0,0.0,0.0,0.0,0.0,0.0,adamw,161803,verified-v3-adamw-1e-5,3907,NQ
0.48114793937236144,1.0,1e-05,0.5727696232235214,0.1024505676498172,0.5091145833333334,0.10262090429321491,0.2864089904838051,0.5004153104324648,0.0,0.0,0.0,0.0,0.0,0.0,adamw,161803,verified-v3-adamw-1e-5,3907,QuoraRetrieval
0.10068813183032305,0.86024524972907,1e-05,0.6124513013848331,0.11620715435877321,0.5091145833333334,0.11844257678746786,0.30167085985348624,0.5047633176858436,0.047264731027610245,0.008216953282284643,0.00390625,0.06676920910789533,0.04384385688722613,0.8904204053071969,adamw,161803,verified-v3-adamw-1e-5,3907,SCIDOCS
0.268201450315752,1.0,1e-05,0.5882170813414999,0.11637515218165187,0.5208333333333334,0.1164646442545566,0.28213668959676497,0.5001921752086079,0.0,0.0,0.0,0.0,0.0,0.0,adamw,161803,verified-v3-adamw-1e-5,3907,SciFact
0.0796722981070618,0.9110827739955403,1e-05,0.5869650754848644,0.10151455614959926,0.49609375,0.10778234087343623,0.29189161189610874,0.5149734296422634,0.0,0.0,0.0,0.0,0.0,0.0,adamw,161803,verified-v3-adamw-1e-5,3907,TRECCOVID
0.3046033158595054,1.0,1e-05,0.5756430457257958,0.09289916096558772,0.4518229166666667,0.12536065366816151,0.32328988216709786,0.5743643367356602,0.0,0.0,0.0,0.0,0.0,0.0,adamw,161803,verified-v3-adamw-1e-5,3907,Touche2020
0.21558743582826564,1.0,1e-06,0.5928282120336031,0.09868124416558566,0.4778645833333333,0.1007277432062656,0.3171057306104385,0.5051314112459327,0.0,0.0,0.0,0.0,0.0,0.0,adamw,314159,verified-v3-adamw-1e-6,3907,ArguAna
0.008895781316358025,0.7535465121453979,1e-06,0.584690820025952,0.10479862792379133,0.5091145833333334,0.10550157215848403,0.2983947860076316,0.5016712876031922,0.35905573885695075,0.8188831577580444,0.24609375,0.7629339632153109,0.13715641333673342,0.4823148979104785,adamw,314159,verified-v3-adamw-1e-6,3907,ClimateFEVER
0.27317924700372614,1.0,1e-06,0.5707582683396728,0.09665586137238949,0.4947916666666667,0.10653113519544143,0.2856295052168651,0.5243009493468133,0.006510416666666668,0.0,0.0,0.11533445200891952,0.006510416666666668,1.0,adamw,314159,verified-v3-adamw-1e-6,3907,DBPedia
0.3582333237664996,1.0,1e-06,0.6090589602523778,0.0870273715494343,0.4283854166666667,0.13434012258518516,0.34681663100488946,0.6068647210845209,0.0,0.0,0.0,0.0,0.0,0.0,adamw,314159,verified-v3-adamw-1e-6,3907,FEVER
0.2074345291459121,0.9769331095982161,1e-06,0.6137255745983928,0.10232069872438143,0.44921875,0.12656208701248356,0.35292816602083094,0.552955901008587,0.0,0.0,0.0,0.0,0.0,0.0,adamw,314159,verified-v3-adamw-1e-6,3907,FiQA2018
0.2746342320184353,1.0,1e-06,0.5943244185547194,0.10527429993419857,0.46484375,0.12833744867787766,0.3203546962296289,0.5493621337126683,0.0,0.0,0.0,0.0,0.0,0.0,adamw,314159,verified-v3-adamw-1e-6,3907,HotpotQA
0.3650974536681016,1.0,1e-06,0.6131846074630902,0.10721763148508857,0.5065104166666666,0.10842492352893364,0.28872465934738967,0.5027992898798815,0.0,0.0,0.0,0.0,0.0,0.0,adamw,314159,verified-v3-adamw-1e-6,3907,MSMARCO
0.006133223510150216,0.6959905784410585,1e-06,0.6053836951005156,0.10425566726980413,0.4609375,0.13208234964068377,0.32559452139947154,0.5588705167595167,0.44837400187080445,5.4163444748015035,0.4518229166666667,1.5643481741808785,0.14977511478289304,0.22409641175205197,adamw,314159,verified-v3-adamw-1e-6,3907,NFCorpus
0.37039686077187617,1.0,1e-06,0.5780719005777392,0.12213576336728314,0.4947916666666667,0.12368456319261519,0.29715475272235964,0.5031502680169019,0.0,0.0,0.0,0.0,0.0,0.0,adamw,314159,verified-v3-adamw-1e-6,3907,NQ
0.47414508072637473,1.0,1e-06,0.5859694702542886,0.10349572611373767,0.515625,0.10369565298726652,0.28472855526667257,0.5004824690930586,0.0,0.0,0.0,0.0,0.0,0.0,adamw,314159,verified-v3-adamw-1e-6,3907,QuoraRetrieval
0.09749206266095439,0.8575062653016419,1e-06,0.5864401343660314,0.11098992663142858,0.4817708333333333,0.11665710778323712,0.2977619697530883,0.5124472984380847,0.14046151774816026,0.5241469113446898,0.17578125,0.0,0.0,0.0,adamw,314159,verified-v3-adamw-1e-6,3907,SCIDOCS
0.26464375734319534,0.9769331095982161,1e-06,0.5993253005429942,0.10225278820469322,0.48828125,0.12493108509584955,0.30819439540718585,0.5499117665388932,0.0,0.0,0.0,0.0,0.0,0.0,adamw,314159,verified-v3-adamw-1e-6,3907,SciFact
0.06139649888431025,0.8880158835937564,1e-06,0.5782333127107205,0.09751985841907565,0.5065104166666666,0.10224700846998125,0.28526741032884884,0.511831666893817,0.0,0.0,0.0,0.0,0.0,0.0,adamw,314159,verified-v3-adamw-1e-6,3907,TRECCOVID
0.26715012401345367,1.0,1e-06,0.5700304228281907,0.11114658684579642,0.49609375,0.12261385283153806,0.30010598790865894,0.5245278157449784,0.0,0.0,0.0,0.0,0.0,0.0,adamw,314159,verified-v3-adamw-1e-6,3907,Touche2020
0.21558743582826564,1.0,1e-06,0.5919575948241901,0.09479166232581462,0.48828125,0.09662454041627325,0.30178284331437927,0.5047876774907301,0.0,0.0,0.0,0.0,0.0,0.0,adamw,271828,verified-v3-adamw-1e-6,3907,ArguAna
0.00889578131635803,0.7535465121453979,1e-06,0.5949429902639012,0.10502129121911633,0.4934895833333333,0.10609315120619606,0.3047385542511016,0.5025385757003786,0.38987725412788726,0.9358664660091938,0.28125,0.7552331742597047,0.1351266474865816,0.4465929483253965,adamw,271828,verified-v3-adamw-1e-6,3907,ClimateFEVER
0.2731792470037262,1.0,1e-06,0.5914218317982893,0.10281287437811379,0.484375,0.11442040335162212,0.3061538756999846,0.5267167376352657,0.0078125,0.0,0.0,0.13840134241070343,0.0078125,1.0,adamw,271828,verified-v3-adamw-1e-6,3907,DBPedia
0.3582333237664995,1.0,1e-06,0.5813463465049068,0.08246993792643972,0.4453125,0.12814441837881047,0.3208341182177485,0.6084315458205832,0.0,0.0,0.0,0.0,0.0,0.0,adamw,271828,verified-v3-adamw-1e-6,3907,FEVER
0.20743452914591198,0.9769331095982161,1e-06,0.5724509135102626,0.09989938330529664,0.46484375,0.12296642737785879,0.3082336088551836,0.5517509706891655,0.0,0.0,0.0,0.0,0.0,0.0,adamw,271828,verified-v3-adamw-1e-6,3907,FiQA2018
0.27463423201843534,1.0,1e-06,0.5887055882797594,0.09728936254668252,0.4544270833333333,0.12092254520731105,0.31829682669016535,0.5541519088116675,0.0,0.0,0.0,0.0,0.0,0.0,adamw,271828,verified-v3-adamw-1e-6,3907,HotpotQA
0.36509745366810153,1.0,1e-06,0.6020187106518422,0.1111813501615289,0.5169270833333334,0.11257090822554504,0.29158422978149884,0.5031051263438251,0.0,0.0,0.0,0.0,0.0,0.0,adamw,271828,verified-v3-adamw-1e-6,3907,MSMARCO
0.006133223510150214,0.6959905784410585,1e-06,0.6114047810357875,0.10624087322529704,0.4661458333333333,0.1334906243221827,0.32403619427383223,0.5568338982896662,0.43956616659790526,5.6308873754593485,0.4609375,1.5524239016791892,0.14251988031063048,0.2161153598647329,adamw,271828,verified-v3-adamw-1e-6,3907,NFCorpus
0.37039686077187617,1.0,1e-06,0.5526099999971434,0.1304694328880563,0.46875,0.13219971095733796,0.30558374932895477,0.5032936454658337,0.0,0.0,0.0,0.0,0.0,0.0,adamw,271828,verified-v3-adamw-1e-6,3907,NQ
0.47414508072637473,1.0,1e-06,0.5882659711798376,0.10234005027136041,0.50390625,0.1026074057133984,0.29747070869904874,0.5006522536246019,0.0,0.0,0.0,0.0,0.0,0.0,adamw,271828,verified-v3-adamw-1e-6,3907,QuoraRetrieval
0.09749206266095445,0.8575062653016419,1e-06,0.6133706779162471,0.11023541864254577,0.4895833333333333,0.1150391487985124,0.3191166826382456,0.510661945133295,0.13614726432891508,0.47031229938938884,0.16796875,0.0,0.0,0.0,adamw,271828,verified-v3-adamw-1e-6,3907,SCIDOCS
0.26464375734319534,0.9769331095982161,1e-06,0.5932696681163157,0.10898684590222549,0.484375,0.13110771020552336,0.3068335232389758,0.5460669843204828,0.0,0.0,0.0,0.0,0.0,0.0,adamw,271828,verified-v3-adamw-1e-6,3907,SciFact
0.0613964988843103,0.8880158835937564,1e-06,0.5732969359339936,0.10340443007250298,0.4986979166666667,0.10752788343642689,0.29364461748998416,0.5097743520073545,0.0013020833333333333,0.023066890401783904,0.0013020833333333333,0.0,0.0,0.0,adamw,271828,verified-v3-adamw-1e-6,3907,TRECCOVID
0.2671501240134537,1.0,1e-06,0.5810809935281344,0.09981442174236026,0.4674479166666667,0.1090114340665686,0.33155375495559297,0.5220207701019154,0.0,0.0,0.0,0.0,0.0,0.0,adamw,271828,verified-v3-adamw-1e-6,3907,Touche2020
0.21558743582826567,1.0,1e-06,0.5791984682463788,0.0952014376895805,0.47265625,0.09609216448620476,0.321767498675188,0.5023281667198828,0.0,0.0,0.0,0.0,0.0,0.0,adamw,161803,verified-v3-adamw-1e-6,3907,ArguAna
0.008895781316358056,0.7535465121453979,1e-06,0.5798697492944873,0.11089998812585244,0.4778645833333333,0.11224963778810379,0.30934573623987033,0.503024091249814,0.3708165988961136,0.8145504426376317,0.24479166666666666,0.865463993514317,0.15283154432049062,0.5151527123163603,adamw,161803,verified-v3-adamw-1e-6,3907,ClimateFEVER
0.2731792470037262,1.0,1e-06,0.6102597806751067,0.09971180381835607,0.4921875,0.11174910285284115,0.3013946054415997,0.5284622326272392,0.0026041666666666665,0.0,0.0,0.04613378080356781,0.0026041666666666665,1.0,adamw,161803,verified-v3-adamw-1e-6,3907,DBPedia
0.3582333237664995,1.0,1e-06,0.5817208471963303,0.08514535511395879,0.44140625,0.13193308224857475,0.3515913189249955,0.6077668692088422,0.0,0.0,0.0,0.0,0.0,0.0,adamw,161803,verified-v3-adamw-1e-6,3907,FEVER
0.20743452914591204,0.9769331095982161,1e-06,0.5899926182674669,0.10096368432497442,0.4856770833333333,0.12380672640213686,0.31656416096379714,0.5508141663381477,0.0,0.0,0.0,0.0,0.0,0.0,adamw,161803,verified-v3-adamw-1e-6,3907,FiQA2018
0.27463423201843534,1.0,1e-06,0.5884372241318555,0.10145336881250783,0.4752604166666667,0.12545665384888582,0.30534462307914506,0.5528916368586259,0.0,0.0,0.0,0.0,0.0,0.0,adamw,161803,verified-v3-adamw-1e-6,3907,HotpotQA
0.3650974536681016,1.0,1e-06,0.5977770068449342,0.11134125050138952,0.5221354166666666,0.1122078113291753,0.2727322168299341,0.5019381893636454,0.0,0.0,0.0,0.0,0.0,0.0,adamw,161803,verified-v3-adamw-1e-6,3907,MSMARCO
0.006133223510150179,0.6959905784410585,1e-06,0.5982596264423273,0.10634126786265738,0.4661458333333333,0.13421524724628658,0.3275567007720999,0.5579364465996807,0.42960275824487926,5.377436763276631,0.4713541666666667,1.4393716666459435,0.12730603727118764,0.21115037652045213,adamw,161803,verified-v3-adamw-1e-6,3907,NFCorpus
0.37039686077187617,1.0,1e-06,0.5850759964944089,0.1259800729587328,0.4739583333333333,0.12825217434341524,0.32249765823241733,0.5044685546558185,0.0,0.0,0.0,0.0,0.0,0.0,adamw,161803,verified-v3-adamw-1e-6,3907,NQ
0.4741450807263746,1.0,1e-06,0.5619166141940509,0.10378358588644632,0.515625,0.10434361020287121,0.27506845297715465,0.5013453895669275,0.0,0.0,0.0,0.0,0.0,0.0,adamw,161803,verified-v3-adamw-1e-6,3907,QuoraRetrieval
0.09749206266095448,0.8575062653016419,1e-06,0.6133414380763635,0.11458821303201264,0.4973958333333333,0.12103842253986188,0.3002393893931534,0.5136873522218622,0.12909827446960803,0.5117974200831724,0.15885416666666666,0.0019153512579074654,0.0013020833333333335,0.0037284478112298417,adamw,161803,verified-v3-adamw-1e-6,3907,SCIDOCS
0.2646437573431953,0.9769331095982161,1e-06,0.590481653946225,0.1057989269815502,0.4713541666666667,0.1286585146609465,0.30634880408726667,0.5487499725307351,0.0,0.0,0.0,0.0,0.0,0.0,adamw,161803,verified-v3-adamw-1e-6,3907,SciFact
0.06139649888431031,0.8880158835937564,1e-06,0.589383222304605,0.09643200300914728,0.5091145833333334,0.10056173551638994,0.29513085075334744,0.5104818877446384,0.0,0.0,0.0,0.0,0.0,0.0,adamw,161803,verified-v3-adamw-1e-6,3907,TRECCOVID
0.2671501240134536,1.0,1e-06,0.5688461646347267,0.106062324476532,0.48828125,0.1161136000799029,0.29371651159635015,0.5226200827642281,0.0,0.0,0.0,0.0,0.0,0.0,adamw,161803,verified-v3-adamw-1e-6,3907,Touche2020
0.24997550121694662,1.0,3e-05,0.5892593567839456,0.09692145999952109,0.5052083333333334,0.09715229027567557,0.3062514415669448,0.5005946973143641,0.0,0.0,0.0,0.0,0.0,0.0,adamw,314159,verified-v3-adamw-3e-5,3907,ArguAna
0.008762893147474336,0.7255124487315856,3e-05,0.5807917321902397,0.10382915309224755,0.4973958333333333,0.10404660807057742,0.30386545517457386,0.5005230407266182,0.029209964624938745,0.31354085319953584,0.05078125,0.07364798638394486,0.01171875,0.19021205896113083,adamw,314159,verified-v3-adamw-3e-5,3907,ClimateFEVER
0.30540892312826706,1.0,3e-05,0.5879642327939139,0.10883637388131852,0.51953125,0.11028629399317003,0.28541248266670866,0.5033084667276003,0.032552083333333336,0.0,0.0,0.5766722600445976,0.032552083333333336,1.0,adamw,314159,verified-v3-adamw-3e-5,3907,DBPedia
0.43071601124174996,1.0,3e-05,0.5673758794339898,0.10560597883678197,0.46484375,0.11843496031656262,0.3097738123863069,0.5286308866769208,0.0,0.0,0.0,0.0,0.0,0.0,adamw,314159,verified-v3-adamw-3e-5,3907,FEVER
0.23253583309919953,0.9769331095982161,3e-05,0.5857366397788492,0.11328835038812382,0.484375,0.11762214116634936,0.3024728393329448,0.5093841357078467,0.0026041666666666665,0.0,0.0,0.04613378080356781,0.0026041666666666665,1.0,adamw,314159,verified-v3-adamw-3e-5,3907,FiQA2018
0.3045079120218279,1.0,3e-05,0.5699996589842344,0.11581593068306631,0.4986979166666667,0.12518975264057997,0.2801824946624265,0.5194473047860152,0.0,0.0,0.0,0.0,0.0,0.0,adamw,314159,verified-v3-adamw-3e-5,3907,HotpotQA
0.4545424933942095,1.0,3e-05,0.627413518633265,0.09661931196040263,0.50390625,0.11522507537165327,0.3082921689826756,0.5439137511396207,0.0,0.0,0.0,0.0,0.0,0.0,adamw,314159,verified-v3-adamw-3e-5,3907,MSMARCO
0.0026768574140652052,0.7201742473770677,3e-05,0.6239834908206618,0.10160168530994718,0.4661458333333333,0.11740698909107941,0.3407909749697743,0.5360837392043001,0.045979174024194415,0.010416666666666664,0.00390625,0.16707192444192168,0.04418036504260401,0.9413107817150135,adamw,314159,verified-v3-adamw-3e-5,3907,NFCorpus
0.443033405495568,1.0,3e-05,0.5712981964414529,0.11506802348309739,0.50390625,0.11672041752351464,0.2785283220654803,0.5035644444417531,0.0,0.0,0.0,0.0,0.0,0.0,adamw,314159,verified-v3-adamw-3e-5,3907,NQ
0.4939423433127552,1.0,3e-05,0.6057924915323823,0.09800220832730144,0.4947916666666667,0.10625717075436081,0.3055571876826332,0.5202070584571763,0.0,0.0,0.0,0.0,0.0,0.0,adamw,314159,verified-v3-adamw-3e-5,3907,QuoraRetrieval
0.10707014459801437,0.86024524972907,3e-05,0.5721884227632965,0.11414566117151703,0.5065104166666666,0.11448535358565654,0.28218772630498096,0.500742883493957,0.010416666666666666,0.0,0.0,0.021911875419425714,0.010416666666666666,1.0,adamw,314159,verified-v3-adamw-3e-5,3907,SCIDOCS
0.27310254222378727,1.0,3e-05,0.5851940489174009,0.10626929673669148,0.4817708333333333,0.12061486975983124,0.2927507861905203,0.5316143106076106,0.0,0.0,0.0,0.0,0.0,0.0,adamw,314159,verified-v3-adamw-3e-5,3907,SciFact
0.08392188528688303,0.9110827739955403,3e-05,0.6005362769616525,0.09867547641832072,0.4830729166666667,0.10712691142103034,0.3087461721508818,0.5205328885914259,0.0,0.0,0.0,0.0,0.0,0.0,adamw,314159,verified-v3-adamw-3e-5,3907,TRECCOVID
0.3188702819769331,1.0,3e-05,0.5697650980870183,0.0912196698969117,0.42578125,0.13015976620476516,0.3409708275432747,0.5879487656883559,0.0,0.0,0.0,0.0,0.0,0.0,adamw,314159,verified-v3-adamw-3e-5,3907,Touche2020
0.24997550121694653,1.0,3e-05,0.6042286426286996,0.09974936196827941,0.4986979166666667,0.10045611517458755,0.31751977181995517,0.5017650696084698,0.0,0.0,0.0,0.0,0.0,0.0,adamw,271828,verified-v3-adamw-3e-5,3907,ArguAna
0.008762893147474346,0.7255124487315856,3e-05,0.5953810429613098,0.10957164682406748,0.4947916666666667,0.10976039408314786,0.3109108289110114,0.5004302774421368,0.03892994069428586,0.4818130563861906,0.0625,0.06546487678572877,0.010416666666666666,0.11961906888207009,adamw,271828,verified-v3-adamw-3e-5,3907,ClimateFEVER
0.30540892312826706,1.0,3e-05,0.5908776739153656,0.10791713866045208,0.5234375,0.1088791666979035,0.28634905875010974,0.50221873715943,0.02604166666666667,0.0,0.0,0.4613378080356781,0.02604166666666667,1.0,adamw,271828,verified-v3-adamw-3e-5,3907,DBPedia
0.43071601124174996,1.0,3e-05,0.5719432257404183,0.10561009210187318,0.4752604166666667,0.11835692964798997,0.31951029271512565,0.5284569519354351,0.0,0.0,0.0,0.0,0.0,0.0,adamw,271828,verified-v3-adamw-3e-5,3907,FEVER
0.2325358330991995,0.9769331095982161,3e-05,0.581600361145827,0.11174589150633352,0.4778645833333333,0.11601859926451571,0.2936440992023707,0.5093796617368265,0.0026041666666666665,0.0,0.0,0.04613378080356781,0.0026041666666666665,1.0,adamw,271828,verified-v3-adamw-3e-5,3907,FiQA2018
0.3045079120218279,1.0,3e-05,0.5987917979490985,0.10755920559110897,0.4921875,0.11481248445051861,0.298479622369205,0.5163089079775665,0.0,0.0,0.0,0.0,0.0,0.0,adamw,271828,verified-v3-adamw-3e-5,3907,HotpotQA
0.4545424933942095,1.0,3e-05,0.626706106388989,0.10391898949123911,0.4895833333333333,0.12393147823769655,0.3116744442704235,0.5439158386329614,0.0,0.0,0.0,0.0,0.0,0.0,adamw,271828,verified-v3-adamw-3e-5,3907,MSMARCO
0.002676857414065221,0.7201742473770677,3e-05,0.6138646511072612,0.11052051431908208,0.48828125,0.12679974102465721,0.3140223595952576,0.5342980136314028,0.041891592480450594,0.00929988813244138,0.0026041666666666665,0.14623859110858833,0.04072617061933627,0.9402084411663184,adamw,271828,verified-v3-adamw-3e-5,3907,NFCorpus
0.443033405495568,1.0,3e-05,0.5575043403524553,0.1198891927824424,0.47265625,0.12089096941923194,0.29224276455833215,0.5020802723688476,0.0,0.0,0.0,0.0,0.0,0.0,adamw,271828,verified-v3-adamw-3e-5,3907,NQ
0.49394234331275527,1.0,3e-05,0.5941248643649825,0.09982885117283369,0.48046875,0.10950051181132386,0.3018289120012331,0.5231015384096452,0.0,0.0,0.0,0.0,0.0,0.0,adamw,271828,verified-v3-adamw-3e-5,3907,QuoraRetrieval
0.1070701445980144,0.86024524972907,3e-05,0.6135025247303616,0.11544597066161218,0.4947916666666667,0.11591913113731368,0.300445889389276,0.5010225407203216,0.013020833333333334,0.0,0.0,0.027389844274282142,0.013020833333333334,1.0,adamw,271828,verified-v3-adamw-3e-5,3907,SCIDOCS
0.27310254222378727,1.0,3e-05,0.5795491040300647,0.10946436697942694,0.5182291666666666,0.12398497736988065,0.2871961194963173,0.5311001310175596,0.0,0.0,0.0,0.0,0.0,0.0,adamw,271828,verified-v3-adamw-3e-5,3907,SciFact
0.08392188528688316,0.9110827739955403,3e-05,0.5713254012965758,0.1012438205885978,0.48046875,0.11042188085332642,0.2888406150012292,0.5216805561841271,0.0,0.0,0.0,0.0,0.0,0.0,adamw,271828,verified-v3-adamw-3e-5,3907,TRECCOVID
0.31887028197693307,1.0,3e-05,0.6069517100540023,0.0812969603338611,0.4244791666666667,0.12133518755472944,0.37850367761879683,0.5987953482161227,0.0,0.0,0.0,0.0,0.0,0.0,adamw,271828,verified-v3-adamw-3e-5,3907,Touche2020
0.24997550121694656,1.0,3e-05,0.5493471243900846,0.09975737477108221,0.47265625,0.09994539731488439,0.30462379408522894,0.5004707559685783,0.0,0.0,0.0,0.0,0.0,0.0,adamw,161803,verified-v3-adamw-3e-5,3907,ArguAna
0.008762893147474356,0.7255124487315856,3e-05,0.5806006165189248,0.11092936885717725,0.48046875,0.1109568146549088,0.32284368540582287,0.5000618465676797,0.03642797374611873,0.4895070158330376,0.0625,0.08183109598216096,0.013020833333333332,0.14322709143658446,adamw,161803,verified-v3-adamw-3e-5,3907,ClimateFEVER
0.30540892312826706,1.0,3e-05,0.5872534200364348,0.11183863041021389,0.5130208333333334,0.1128990225192761,0.2767872230913129,0.502359177679485,0.024739583333333336,0.0,0.0,0.4382709176338942,0.024739583333333336,1.0,adamw,161803,verified-v3-adamw-3e-5,3907,DBPedia
0.43071601124174985,1.0,3e-05,0.5576072533394878,0.10415068644403122,0.4791666666666667,0.11576215125921771,0.3165143937652023,0.5264001522977367,0.0,0.0,0.0,0.0,0.0,0.0,adamw,161803,verified-v3-adamw-3e-5,3907,FEVER
0.23253583309919953,0.9769331095982161,3e-05,0.5872483850311868,0.10312892001012727,0.4921875,0.10823317470057203,0.30409308233082305,0.5120746690588754,0.0078125,0.0,0.0,0.13840134241070343,0.0078125,1.0,adamw,161803,verified-v3-adamw-3e-5,3907,FiQA2018
0.30450791202182803,1.0,3e-05,0.5892155206899212,0.11497958373582565,0.5091145833333334,0.1215203641340209,0.2810779409758127,0.5138282914163576,0.0,0.0,0.0,0.0,0.0,0.0,adamw,161803,verified-v3-adamw-3e-5,3907,HotpotQA
0.45454249339420943,1.0,3e-05,0.5841884011965585,0.09714820419773115,0.4947916666666667,0.11814660410479033,0.2838725758981443,0.5487666192989505,0.0,0.0,0.0,0.0,0.0,0.0,adamw,161803,verified-v3-adamw-3e-5,3907,MSMARCO
0.0026768574140652816,0.7201742473770677,3e-05,0.6003631840512725,0.10786190718657374,0.4817708333333333,0.12413061785964533,0.3119974081534262,0.5350630061676135,0.046212802034526046,0.01859977626488276,0.005208333333333333,0.11054127592999519,0.04771112258727439,0.8559731708177886,adamw,161803,verified-v3-adamw-3e-5,3907,NFCorpus
0.443033405495568,1.0,3e-05,0.572937516396474,0.12365922145107504,0.4934895833333333,0.124394377795517,0.3102598464949845,0.5014818497830204,0.0,0.0,0.0,0.0,0.0,0.0,adamw,161803,verified-v3-adamw-3e-5,3907,NQ
0.4939423433127552,1.0,3e-05,0.5774412230729412,0.10058110845120284,0.4908854166666667,0.10974949640171369,0.2836546368293796,0.5217951827717185,0.0,0.0,0.0,0.0,0.0,0.0,adamw,161803,verified-v3-adamw-3e-5,3907,QuoraRetrieval
0.10707014459801444,0.86024524972907,3e-05,0.6083720271853532,0.11516612861018355,0.4973958333333333,0.1162699318350897,0.2980239970072769,0.5023846828855937,0.018229166666666668,0.005477968854856428,0.0026041666666666665,0.03286781312913857,0.015625,0.8571428571428571,adamw,161803,verified-v3-adamw-3e-5,3907,SCIDOCS
0.27310254222378727,1.0,3e-05,0.5887851496527029,0.11308029366314655,0.5026041666666666,0.12640433121401487,0.2934894347053411,0.5278181481539841,0.0,0.0,0.0,0.0,0.0,0.0,adamw,161803,verified-v3-adamw-3e-5,3907,SciFact
0.08392188528688309,0.9110827739955403,3e-05,0.5884257079400537,0.09599707326850646,0.4817708333333333,0.10566820451084613,0.30449323208762413,0.5239781764834132,0.0,0.0,0.0,0.0,0.0,0.0,adamw,161803,verified-v3-adamw-3e-5,3907,TRECCOVID
0.318870281976933,1.0,3e-05,0.5844539789859001,0.08945943175586536,0.44921875,0.1265578830699181,0.33705907484350384,0.5858691613308229,0.0,0.0,0.0,0.0,0.0,0.0,adamw,161803,verified-v3-adamw-3e-5,3907,Touche2020
0.22906516512079778,1.0,3e-06,0.5817311306252771,0.09539215891730071,0.4700520833333333,0.09847471405465175,0.30287076097029825,0.5079501853258782,0.0,0.0,0.0,0.0,0.0,0.0,adamw,314159,verified-v3-adamw-3e-6,3907,ArguAna
0.009936496775792034,0.775309402464522,3e-06,0.606080968811896,0.10414772682592427,0.4830729166666667,0.10484912767058788,0.318086249716202,0.5016780177059442,0.30774981736770735,1.6946643788514733,0.26171875,0.3001268726183218,0.05868289840003275,0.1504552781636592,adamw,314159,verified-v3-adamw-3e-6,3907,ClimateFEVER
0.2902813379388025,1.0,3e-06,0.5971094691136838,0.10295361779271611,0.515625,0.10630564933740366,0.2931992391816174,0.5080092786108326,0.0013020833333333333,0.0,0.0,0.023066890401783904,0.0013020833333333333,1.0,adamw,314159,verified-v3-adamw-3e-6,3907,DBPedia
0.38022066694615675,1.0,3e-06,0.6186032650766522,0.11045918661927719,0.4921875,0.11148385780284183,0.3003394998517378,0.5023084102190104,0.0,0.0,0.0,0.0,0.0,0.0,adamw,314159,verified-v3-adamw-3e-6,3907,FEVER
0.2107024609232408,0.9769331095982161,3e-06,0.5919791736388694,0.11388508069286776,0.4791666666666667,0.11525362511673795,0.314187083902425,0.5029862794656075,0.0,0.0,0.0,0.0,0.0,0.0,adamw,314159,verified-v3-adamw-3e-6,3907,FiQA2018
0.29353562789220755,1.0,3e-06,0.5903110071000447,0.10978321383494204,0.4635416666666667,0.12345830842854372,0.30353210045971474,0.5293153090000702,0.0,0.0,0.0,0.0,0.0,0.0,adamw,314159,verified-v3-adamw-3e-6,3907,HotpotQA
0.40834926985620507,1.0,3e-06,0.6260998005532465,0.09975172391026609,0.4973958333333333,0.11350075780417201,0.3057200139393061,0.5322365155691763,0.0,0.0,0.0,0.0,0.0,0.0,adamw,314159,verified-v3-adamw-3e-6,3907,MSMARCO
0.007507404351502553,0.7421243592446263,3e-06,0.6130392336137273,0.09194196229759335,0.4270833333333333,0.1412942663833352,0.3557243068439153,0.6057989669204794,0.21764143922052653,0.32461944600828624,0.2838541666666667,3.137830837247781,0.181307611910922,0.9062457452232308,adamw,314159,verified-v3-adamw-3e-6,3907,NFCorpus
0.4019696192684652,1.0,3e-06,0.5824911287329899,0.12063195240296162,0.4817708333333333,0.13108300177767188,0.3051327485464697,0.5207596910734403,0.0,0.0,0.0,0.0,0.0,0.0,adamw,314159,verified-v3-adamw-3e-6,3907,NQ
0.4814508902776472,1.0,3e-06,0.5880811558252089,0.10089490743735467,0.51171875,0.10164820733913635,0.28609493282530785,0.50185960382463,0.0,0.0,0.0,0.0,0.0,0.0,adamw,314159,verified-v3-adamw-3e-6,3907,QuoraRetrieval
0.09780799892888488,0.8555909140437343,3e-06,0.5757796492425795,0.10886271201418375,0.4752604166666667,0.11903618115049219,0.29748300023229024,0.522320137221898,0.04834787569334241,0.09444651671396627,0.052083333333333336,0.0,0.0,0.0,adamw,314159,verified-v3-adamw-3e-6,3907,SCIDOCS
0.2660488616637198,0.9769331095982161,3e-06,0.6018476269307181,0.11325531557322707,0.5065104166666666,0.11348064702025301,0.28729401034313723,0.5004969027507779,0.07682291666666667,1.3609465337052504,0.07682291666666667,0.0,0.0,0.0,adamw,314159,verified-v3-adamw-3e-6,3907,SciFact
0.07354621524747486,0.9110827739955403,3e-06,0.5902269801699863,0.1011033210717226,0.4921875,0.11085300443122734,0.30126116377154827,0.5229992743466603,0.0,0.0,0.0,0.0,0.0,0.0,adamw,314159,verified-v3-adamw-3e-6,3907,TRECCOVID
0.2832516671256061,1.0,3e-06,0.5720366038472974,0.10319774167421127,0.4739583333333333,0.1181495952787707,0.320636309870449,0.5337746408210357,0.0,0.0,0.0,0.0,0.0,0.0,adamw,314159,verified-v3-adamw-3e-6,3907,Touche2020
0.22906516512079772,1.0,3e-06,0.6087750806164346,0.09504732912818839,0.4830729166666667,0.09853876063612986,0.31943397954056624,0.5090177747590029,0.0,0.0,0.0,0.0,0.0,0.0,adamw,271828,verified-v3-adamw-3e-6,3907,ArguAna
0.009936496775792041,0.775309402464522,3e-06,0.6032019193197867,0.10572709783442827,0.5,0.10581957328135791,0.3041373434510113,0.5002185698466487,0.31204427628821885,1.724383494544025,0.2682291666666667,0.30283201336168153,0.05589412605059184,0.1493832363558297,adamw,271828,verified-v3-adamw-3e-6,3907,ClimateFEVER
0.2902813379388025,1.0,3e-06,0.6047775916827322,0.10759868802393988,0.4947916666666667,0.11029939498761424,0.3064636147067872,0.5061971792646086,0.0,0.0,0.0,0.0,0.0,0.0,adamw,271828,verified-v3-adamw-3e-6,3907,DBPedia
0.38022066694615664,1.0,3e-06,0.6035331621067357,0.10681891703083612,0.51171875,0.1071226773574285,0.29481782470268486,0.5007099141414294,0.0,0.0,0.0,0.0,0.0,0.0,adamw,271828,verified-v3-adamw-3e-6,3907,FEVER
0.21070246092324083,0.9769331095982161,3e-06,0.5868780411380433,0.11189422810249904,0.50390625,0.11247938613002481,0.2943560647758361,0.5013039813739404,0.0,0.0,0.0,0.0,0.0,0.0,adamw,271828,verified-v3-adamw-3e-6,3907,FiQA2018
0.29353562789220744,1.0,3e-06,0.6006577900636182,0.10368648204069482,0.4791666666666667,0.11826117265824879,0.311358643085822,0.5328336215972264,0.0,0.0,0.0,0.0,0.0,0.0,adamw,271828,verified-v3-adamw-3e-6,3907,HotpotQA
0.40834926985620507,1.0,3e-06,0.6273827377035134,0.1046174172765443,0.4765625,0.11812692221999267,0.3222756711065304,0.5303251363737986,0.0,0.0,0.0,0.0,0.0,0.0,adamw,271828,verified-v3-adamw-3e-6,3907,MSMARCO
0.007507404351502548,0.7421243592446263,3e-06,0.6205901692720168,0.09899459923940537,0.4557291666666667,0.15004459097695771,0.3494591432973707,0.602493892011937,0.20245997020436052,0.3370637480994685,0.3190104166666667,2.8856921882755224,0.16454878371377762,0.8954113327990317,adamw,271828,verified-v3-adamw-3e-6,3907,NFCorpus
0.4019696192684652,1.0,3e-06,0.534751259825392,0.12603675233345857,0.4635416666666667,0.13884691608943622,0.3052056665185685,0.5241807353247725,0.0,0.0,0.0,0.0,0.0,0.0,adamw,271828,verified-v3-adamw-3e-6,3907,NQ
0.4814508902776472,1.0,3e-06,0.5806648578105328,0.1001540877019321,0.50390625,0.10068069787301673,0.29410005517447624,0.5013110531862721,0.0,0.0,0.0,0.0,0.0,0.0,adamw,271828,verified-v3-adamw-3e-6,3907,QuoraRetrieval
0.09780799892888489,0.8555909140437343,3e-06,0.6172942650707081,0.10821554688382587,0.49609375,0.1186163963133375,0.3155555369208189,0.5229263332203419,0.05325677180819175,0.10210792174559614,0.057291666666666664,0.0,0.0,0.0,adamw,271828,verified-v3-adamw-3e-6,3907,SCIDOCS
0.2660488616637199,0.9769331095982161,3e-06,0.5935159127798745,0.11997545561486611,0.5169270833333334,0.12018426216197806,0.28417574284689917,0.5004347243347986,0.07031250000000003,1.245612081696331,0.0703125,0.0,0.0,0.0,adamw,271828,verified-v3-adamw-3e-6,3907,SciFact
0.07354621524747498,0.9110827739955403,3e-06,0.5721647592028168,0.1024177740955276,0.5013020833333334,0.1118955718817789,0.28888425177874644,0.5221120102041029,0.0,0.0,0.0,0.0,0.0,0.0,adamw,271828,verified-v3-adamw-3e-6,3907,TRECCOVID
0.2832516671256061,1.0,3e-06,0.5939643619049759,0.09319262686355494,0.4479166666666667,0.10944022397776682,0.34778718211911763,0.5400912217509467,0.0,0.0,0.0,0.0,0.0,0.0,adamw,271828,verified-v3-adamw-3e-6,3907,Touche2020
0.22906516512079772,1.0,3e-06,0.5746826062713489,0.09366229063085797,0.46875,0.09643027090593118,0.31783801058575395,0.5072806117522318,0.0,0.0,0.0,0.0,0.0,0.0,adamw,161803,verified-v3-adamw-3e-6,3907,ArguAna
0.009936496775792092,0.775309402464522,3e-06,0.5758118244152357,0.10887230345427273,0.484375,0.10936628842744586,0.31420438836560544,0.5011317543998838,0.3058704172937982,1.6694461262166485,0.2591145833333333,0.3188475145284802,0.0589892542132634,0.16036238712154688,adamw,161803,verified-v3-adamw-3e-6,3907,ClimateFEVER
0.2902813379388026,1.0,3e-06,0.6054177297182056,0.10744566255977706,0.4934895833333333,0.10952963657712925,0.28614164077244575,0.5048023300938907,0.0,0.0,0.0,0.0,0.0,0.0,adamw,161803,verified-v3-adamw-3e-6,3907,DBPedia
0.3802206669461567,1.0,3e-06,0.5700663801103436,0.10497556888018345,0.5091145833333334,0.10640160879839217,0.30296982040363446,0.5033732116538551,0.0,0.0,0.0,0.0,0.0,0.0,adamw,161803,verified-v3-adamw-3e-6,3907,FEVER
0.2107024609232408,0.9769331095982161,3e-06,0.5972473777896972,0.11028377474425705,0.5104166666666666,0.11136736200212399,0.296032881126542,0.5024443530355245,0.0,0.0,0.0,0.0,0.0,0.0,adamw,161803,verified-v3-adamw-3e-6,3907,FiQA2018
0.29353562789220766,1.0,3e-06,0.5958833069294914,0.1046794087157017,0.4830729166666667,0.11999154736195919,0.29789132121931317,0.5340768092894139,0.0,0.0,0.0,0.0,0.0,0.0,adamw,161803,verified-v3-adamw-3e-6,3907,HotpotQA
0.408349269856205,1.0,3e-06,0.5799954322372257,0.10135738206154048,0.48828125,0.11370567711937098,0.2717883557792191,0.5287085450771047,0.0,0.0,0.0,0.0,0.0,0.0,adamw,161803,verified-v3-adamw-3e-6,3907,MSMARCO
0.007507404351502522,0.7421243592446263,3e-06,0.6134236030500944,0.09777157738240161,0.4401041666666667,0.1465405442728242,0.3554812635924217,0.5998087335168034,0.19749293082199226,0.31760183961125654,0.31640625,2.7880226940581645,0.16084044263458266,0.8977333427888666,adamw,161803,verified-v3-adamw-3e-6,3907,NFCorpus
0.40196961926846525,1.0,3e-06,0.5741686099906608,0.12346469962594435,0.44921875,0.13511649638296314,0.32377102114194467,0.5225302476298729,0.0,0.0,0.0,0.0,0.0,0.0,adamw,161803,verified-v3-adamw-3e-6,3907,NQ
0.4814508902776473,1.0,3e-06,0.573126950748508,0.10309279699316559,0.49609375,0.10330260516486367,0.28199535158624617,0.5005082675522429,0.0,0.0,0.0,0.0,0.0,0.0,adamw,161803,verified-v3-adamw-3e-6,3907,QuoraRetrieval
0.09780799892888492,0.8555909140437343,3e-06,0.613286705739318,0.11363685427989753,0.4934895833333333,0.12392550669555787,0.30505209386036714,0.5216546349628242,0.03958368003380259,0.09718550114139449,0.045572916666666664,0.0,0.0,0.0,adamw,161803,verified-v3-adamw-3e-6,3907,SCIDOCS
0.2660488616637198,0.9769331095982161,3e-06,0.5926376942472089,0.1165480486190232,0.5221354166666666,0.11665193294534311,0.2835642800573335,0.5002227365663218,0.07552083333333334,1.3378796433034665,0.07552083333333333,0.0,0.0,0.0,adamw,161803,verified-v3-adamw-3e-6,3907,SciFact
0.07354621524747496,0.9110827739955403,3e-06,0.5985882309809638,0.09701767449602827,0.4830729166666667,0.10722156615516248,0.3039487589451306,0.524980242843149,0.0,0.0,0.0,0.0,0.0,0.0,adamw,161803,verified-v3-adamw-3e-6,3907,TRECCOVID
0.2832516671256061,1.0,3e-06,0.5582624819003048,0.09893951131044551,0.4752604166666667,0.11427963989928774,0.3028437681620477,0.5359726799910034,0.0,0.0,0.0,0.0,0.0,0.0,adamw,161803,verified-v3-adamw-3e-6,3907,Touche2020
0.2553194057609029,1.0,0.001,0.6048217261464526,0.09295057636492238,0.49609375,0.09740175450200365,0.3123763464476547,0.5116919454487612,0.0,0.0,0.0,0.0,0.0,0.0,muon,314159,verified-v3-muon-1e-3,3907,ArguAna
0.0011075186670181977,0.7586249774575466,0.001,0.5862950476713805,0.10530145290009603,0.46484375,0.10863025612069693,0.3290034235138682,0.5077800603656127,0.0,0.0,0.0,0.0,0.0,0.0,muon,314159,verified-v3-muon-1e-3,3907,ClimateFEVER
0.2977946885704157,1.0,0.001,0.6173021282949271,0.11209865575340677,0.5130208333333334,0.11953863107107854,0.29937733583872667,0.5160595373475194,0.0,0.0,0.0,0.0,0.0,0.0,muon,314159,verified-v3-muon-1e-3,3907,DBPedia
0.4401322212956654,1.0,0.001,0.5253088585070468,0.11022220687524317,0.4739583333333333,0.11997524947702048,0.28639504304791114,0.5211840798684859,0.0,0.0,0.0,0.0,0.0,0.0,muon,314159,verified-v3-muon-1e-3,3907,FEVER
0.23321017936749233,0.9769331095982161,0.001,0.5759222166156427,0.11508323392491664,0.4921875,0.11522799958835941,0.3005782772842175,0.5003142826800814,0.0,0.0,0.0,0.0,0.0,0.0,muon,314159,verified-v3-muon-1e-3,3907,FiQA2018
0.2994847182686251,1.0,0.001,0.5780799957769247,0.10502820923033948,0.4934895833333333,0.13141130420529498,0.28881988349257026,0.5557924828037208,0.0,0.0,0.0,0.0,0.0,0.0,muon,314159,verified-v3-muon-1e-3,3907,HotpotQA
0.4710075665647789,1.0,0.001,0.6116855876277913,0.10476941294202358,0.50390625,0.1078950550308894,0.2924373951590553,0.5073487642732681,0.0,0.0,0.0,0.0,0.0,0.0,muon,314159,verified-v3-muon-1e-3,3907,MSMARCO
-0.016352298134809262,0.6963034157677512,0.001,0.6020638992872058,0.10307943419142342,0.48046875,0.11868092464567499,0.31843005253985524,0.5351764637649062,0.08492031784191997,0.0,0.0,0.8855435642334272,0.08492031784191997,1.0,muon,314159,verified-v3-muon-1e-3,3907,NFCorpus
0.4545429216010809,1.0,0.001,0.569111999319823,0.11790835272146577,0.49609375,0.11857880654022043,0.27936267240131474,0.5014175268983903,0.0,0.0,0.0,0.0,0.0,0.0,muon,314159,verified-v3-muon-1e-3,3907,NQ
0.49354055214421,1.0,0.001,0.6317889888444914,0.10134511483586374,0.49609375,0.10157223826147024,0.3100736190875656,0.5005596451514366,0.0,0.0,0.0,0.0,0.0,0.0,muon,314159,verified-v3-muon-1e-3,3907,QuoraRetrieval
0.09814730317229514,0.8555909140437343,0.001,0.5976314870767211,0.11177599562762551,0.5052083333333334,0.11799341790988038,0.3026482643483065,0.5135296995943281,0.11577029625105002,1.2378680013578067,0.10026041666666667,0.3275250651021766,0.22265625000000003,0.20922864175120534,muon,314159,verified-v3-muon-1e-3,3907,SCIDOCS
0.2579327002071148,1.0,0.001,0.5777566373216436,0.09997606108886878,0.4713541666666667,0.10897275135167389,0.3004790335853705,0.5215284551219097,0.0,0.0,0.0,0.0,0.0,0.0,muon,314159,verified-v3-muon-1e-3,3907,SciFact
0.07882890629790205,0.8798327739955403,0.001,0.5880734325179744,0.0957816909675778,0.5221354166666666,0.09864697802894747,0.2870623256366464,0.5073684788260853,0.1171875,0.7364798638394485,0.1171875,0.0,0.0,0.0,muon,314159,verified-v3-muon-1e-3,3907,TRECCOVID
0.3355695409075429,1.0,0.001,0.5735839956182665,0.10208803146364223,0.4700520833333333,0.12001312786040275,0.3052855737970511,0.5403534507683678,0.0,0.0,0.0,0.0,0.0,0.0,muon,314159,verified-v3-muon-1e-3,3907,Touche2020
0.2553194057609029,1.0,0.001,0.566317341631032,0.09509794390542849,0.4921875,0.10052223105236746,0.2777423207113623,0.5138643346682141,0.0,0.0,0.0,0.0,0.0,0.0,muon,271828,verified-v3-muon-1e-3,3907,ArguAna
0.0011075186670182029,0.7586249774575466,0.001,0.5975941301565271,0.10881476577688838,0.47265625,0.11088701432129733,0.32542646341569526,0.5047160485988845,0.002604166666666667,0.0,0.0,0.0038307025158149308,0.002604166666666667,1.0,muon,271828,verified-v3-muon-1e-3,3907,ClimateFEVER
0.2977946885704155,1.0,0.001,0.6155126394089548,0.11634551084303554,0.5260416666666666,0.1211739964435326,0.3010437964389383,0.510164397980734,0.0,0.0,0.0,0.0,0.0,0.0,muon,271828,verified-v3-muon-1e-3,3907,DBPedia
0.4401322212956653,1.0,0.001,0.5349954448576052,0.11552895112598632,0.4544270833333333,0.12408781202932856,0.3217386307246166,0.5178594785912256,0.0,0.0,0.0,0.0,0.0,0.0,muon,271828,verified-v3-muon-1e-3,3907,FEVER
0.23321017936749228,0.9769331095982161,0.001,0.5925743905939274,0.11275296976970799,0.5091145833333334,0.11300276583953887,0.2840310243232911,0.5005532441272351,0.0,0.0,0.0,0.0,0.0,0.0,muon,271828,verified-v3-muon-1e-3,3907,FiQA2018
0.299484718268625,1.0,0.001,0.6045867886683248,0.1028593218627779,0.4609375,0.1296086825994695,0.315129871847119,0.557533424435266,0.0,0.0,0.0,0.0,0.0,0.0,muon,271828,verified-v3-muon-1e-3,3907,HotpotQA
0.4710075665647789,1.0,0.001,0.6085100506471615,0.10916469309023669,0.5,0.11166257460286111,0.28776512469046833,0.5056557361296883,0.0,0.0,0.0,0.0,0.0,0.0,muon,271828,verified-v3-muon-1e-3,3907,MSMARCO
-0.01635229813480922,0.6963034157677512,0.001,0.6080386547301506,0.10477180845809034,0.4661458333333333,0.12062229171549675,0.3193335567321145,0.535161708414726,0.08147717461785109,0.0,0.0,0.796785904687614,0.08147717461785109,1.0,muon,271828,verified-v3-muon-1e-3,3907,NFCorpus
0.454542921601081,1.0,0.001,0.5837568378111568,0.1173803580722991,0.5052083333333334,0.1179130709097776,0.29189907385550373,0.501132018092862,0.0,0.0,0.0,0.0,0.0,0.0,muon,271828,verified-v3-muon-1e-3,3907,NQ
0.4935405521442102,1.0,0.001,0.583932011315512,0.10414659175107828,0.4921875,0.10435070213357425,0.28796568409514633,0.5004894796922613,0.0,0.0,0.0,0.0,0.0,0.0,muon,271828,verified-v3-muon-1e-3,3907,QuoraRetrieval
0.09814730317229524,0.8555909140437343,0.001,0.5998276673195144,0.1121913397537538,0.48828125,0.11855046363131685,0.3001499594488588,0.5137797394842899,0.12233156384722702,1.3224741579333124,0.09505208333333333,0.358170685228696,0.24348958333333334,0.21311503539012114,muon,271828,verified-v3-muon-1e-3,3907,SCIDOCS
0.25793270020711484,1.0,0.001,0.5909919734381053,0.10208025073301696,0.5065104166666666,0.11147024742037219,0.2896130320721228,0.5219854244512475,0.0,0.0,0.0,0.0,0.0,0.0,muon,271828,verified-v3-muon-1e-3,3907,SciFact
0.07882890629790197,0.8798327739955403,0.001,0.5556271005153127,0.09818541071734152,0.4934895833333333,0.10104295490433048,0.29385791034705433,0.5071715294608583,0.12369791666666666,0.7773954118305291,0.12369791666666667,0.0,0.0,0.0,muon,271828,verified-v3-muon-1e-3,3907,TRECCOVID
0.3355695409075429,1.0,0.001,0.5765062863083298,0.09283974553672872,0.45703125,0.11087397740226752,0.3390983580538188,0.5442636647285154,0.0,0.0,0.0,0.0,0.0,0.0,muon,271828,verified-v3-muon-1e-3,3907,Touche2020
0.25531940576090295,1.0,0.001,0.5885034714645689,0.09320278039756108,0.4986979166666667,0.09783828380664267,0.3080783714365157,0.5121322173020526,0.0,0.0,0.0,0.0,0.0,0.0,muon,161803,verified-v3-muon-1e-3,3907,ArguAna
0.0011075186670181543,0.7586249774575466,0.001,0.5492623712900571,0.11071288524120029,0.4583333333333333,0.11303717207561145,0.31821792166108226,0.5051939357296346,0.0,0.0,0.0,0.0,0.0,0.0,muon,161803,verified-v3-muon-1e-3,3907,ClimateFEVER
0.2977946885704156,1.0,0.001,0.5984587644433725,0.11404528189698301,0.5234375,0.12036344271843394,0.28432518168008725,0.5134768038856422,0.0,0.0,0.0,0.0,0.0,0.0,muon,161803,verified-v3-muon-1e-3,3907,DBPedia
0.4401322212956653,1.0,0.001,0.5532304921094423,0.11062412684093004,0.4791666666666667,0.12102318344026028,0.30708733583987446,0.5224458824639645,0.0,0.0,0.0,0.0,0.0,0.0,muon,161803,verified-v3-muon-1e-3,3907,FEVER
0.23321017936749233,0.9769331095982161,0.001,0.5817932321280821,0.10347956625742061,0.4856770833333333,0.10363782453031495,0.3027171015713575,0.5003820496972573,0.0013020833333333333,0.0,0.0,0.023066890401783904,0.0013020833333333333,1.0,muon,161803,verified-v3-muon-1e-3,3907,FiQA2018
0.2994847182686251,1.0,0.001,0.5780098017761318,0.1015400363125769,0.4518229166666667,0.12905042642929315,0.3056502430720425,0.5596520554007306,0.0,0.0,0.0,0.0,0.0,0.0,muon,161803,verified-v3-muon-1e-3,3907,HotpotQA
0.4710075665647789,1.0,0.001,0.6207656789031436,0.10684617247704828,0.5130208333333334,0.11011789784240603,0.29350161104556344,0.5075397861050001,0.0,0.0,0.0,0.0,0.0,0.0,muon,161803,verified-v3-muon-1e-3,3907,MSMARCO
-0.0163522981348092,0.6963034157677512,0.001,0.6346037164769758,0.10447681581494112,0.4752604166666667,0.12230925746344795,0.32786256038377254,0.5393155571475873,0.08347666756952273,0.0,0.0,0.6896345622769107,0.08347666756952273,1.0,muon,161803,verified-v3-muon-1e-3,3907,NFCorpus
0.454542921601081,1.0,0.001,0.5787561475643005,0.12553176034694585,0.4661458333333333,0.12606291452385782,0.322636793518167,0.5010555751571147,0.0,0.0,0.0,0.0,0.0,0.0,muon,161803,verified-v3-muon-1e-3,3907,NQ
0.49354055214421005,1.0,0.001,0.5805022963343376,0.10354851523931434,0.5104166666666666,0.10372240848929076,0.28491889825679795,0.5004194829811347,0.0,0.0,0.0,0.0,0.0,0.0,muon,161803,verified-v3-muon-1e-3,3907,QuoraRetrieval
0.0981473031722952,0.8555909140437343,0.001,0.5728028221345403,0.10719185595413275,0.4986979166666667,0.1138399707662698,0.28517240677842226,0.5150388179629594,0.11254597164296334,1.2518310084138138,0.1015625,0.29879479623356464,0.20312500000000008,0.1926930374420748,muon,161803,verified-v3-muon-1e-3,3907,SCIDOCS
0.25793270020711484,1.0,0.001,0.5901852493857916,0.10197304314061087,0.4869791666666667,0.11210440343962921,0.2852060130527853,0.5236628389885548,0.0,0.0,0.0,0.0,0.0,0.0,muon,161803,verified-v3-muon-1e-3,3907,SciFact
0.07882890629790197,0.8798327739955403,0.001,0.564077295727746,0.0953369834409428,0.48046875,0.09903106320509747,0.2831672172693254,0.5095027959273621,0.12630208333333331,0.7937616310269613,0.12630208333333334,0.0,0.0,0.0,muon,161803,verified-v3-muon-1e-3,3907,TRECCOVID
0.33556954090754293,1.0,0.001,0.5752924758132016,0.09868024481034282,0.48046875,0.11755769212702377,0.31320882219844354,0.5436497119424257,0.0,0.0,0.0,0.0,0.0,0.0,muon,161803,verified-v3-muon-1e-3,3907,Touche2020
0.24132165168649566,1.0,0.0001,0.5869142641893225,0.08797071303343114,0.4739583333333333,0.10541696878194215,0.32087020607419475,0.5451069467939713,0.0,0.0,0.0,0.0,0.0,0.0,muon,314159,verified-v3-muon-1e-4,3907,ArguAna
0.009033254835132353,0.7706550667791863,0.0001,0.5988302631761205,0.10253434485870719,0.4986979166666667,0.1047491840740859,0.3099458504320918,0.505342535479741,0.12230993204520703,0.008668844995205507,0.0026041666666666665,1.4696308686085837,0.12122983544577143,0.994135935415916,muon,314159,verified-v3-muon-1e-4,3907,ClimateFEVER
0.30190603274055555,1.0,0.0001,0.6065165285983951,0.09619303272647851,0.4791666666666667,0.12127513017674704,0.3218788706302058,0.5576684354974529,0.0,0.0,0.0,0.0,0.0,0.0,muon,314159,verified-v3-muon-1e-4,3907,DBPedia
0.4162816211487422,1.0,0.0001,0.6113558597050933,0.11279643591606611,0.4973958333333333,0.113070292610797,0.3023349654960064,0.5006062351381211,0.0,0.0,0.0,0.0,0.0,0.0,muon,314159,verified-v3-muon-1e-4,3907,FEVER
0.2246627581783894,0.9769331095982161,0.0001,0.5836337015457224,0.11273982053428283,0.4856770833333333,0.11624482750713899,0.3037673930854785,0.5076533667274981,0.00390625,0.06920067120535171,0.00390625,0.0,0.0,0.0,muon,314159,verified-v3-muon-1e-4,3907,FiQA2018
0.304091882292941,1.0,0.0001,0.591642327252086,0.11776246230181919,0.5013020833333334,0.11806441533198798,0.28811522402167855,0.5006402006276776,0.0,0.0,0.0,0.0,0.0,0.0,muon,314159,verified-v3-muon-1e-4,3907,HotpotQA
0.43668787274915993,1.0,0.0001,0.6286824241453308,0.09965134939119721,0.4973958333333333,0.11347074449935773,0.30448033620392656,0.5324213103763358,0.0,0.0,0.0,0.0,0.0,0.0,muon,314159,verified-v3-muon-1e-4,3907,MSMARCO
0.001884622148252843,0.7190574688428424,0.0001,0.6165610276816459,0.0931900260528035,0.42578125,0.13492935954090243,0.35978291472099355,0.5914857222227469,0.026465458381302945,0.16812930610122306,0.03125,0.05379518583519767,0.0034927677806721458,0.2424031046136606,muon,314159,verified-v3-muon-1e-4,3907,NFCorpus
0.426672725382656,1.0,0.0001,0.5851284266333174,0.10669552693078256,0.4674479166666667,0.13415677352518426,0.316341678953576,0.5570084789358744,0.0,0.0,0.0,0.0,0.0,0.0,muon,314159,verified-v3-muon-1e-4,3907,NQ
0.48718222512600357,1.0,0.0001,0.5901160041268073,0.09899421911822928,0.5130208333333334,0.0991685796908857,0.28874821960651115,0.500439942748347,0.0,0.0,0.0,0.0,0.0,0.0,muon,314159,verified-v3-muon-1e-4,3907,QuoraRetrieval
0.1002189335328677,0.86024524972907,0.0001,0.571422336292231,0.10533515322176354,0.4765625,0.11932378122496037,0.289208420953545,0.5311330329186488,0.08049620250367648,0.0,0.0,0.11957541115978361,0.08049620250367648,1.0,muon,314159,verified-v3-muon-1e-4,3907,SCIDOCS
0.26704105561860325,1.0,0.0001,0.5935743558862745,0.11228531661141085,0.5104166666666666,0.1125441499589046,0.2828573543567716,0.5005756214953541,0.0,0.0,0.0,0.0,0.0,0.0,muon,314159,verified-v3-muon-1e-4,3907,SciFact
0.07832989313951166,0.9110827739955403,0.0001,0.6040854447005187,0.10389467754150278,0.484375,0.10808813716827555,0.3042622392508685,0.5098910367628479,0.005208333333333333,0.09226756160713562,0.005208333333333333,0.0,0.0,0.0,muon,314159,verified-v3-muon-1e-4,3907,TRECCOVID
0.3044585106317026,1.0,0.0001,0.573071291485281,0.11047817060131315,0.484375,0.11657010242453136,0.3102571484224063,0.513415499140407,0.0,0.0,0.0,0.0,0.0,0.0,muon,314159,verified-v3-muon-1e-4,3907,Touche2020
0.24132165168649566,1.0,0.0001,0.6012518566701998,0.08684487151739181,0.4609375,0.10504412786651296,0.32203773319271245,0.547421312340867,0.0,0.0,0.0,0.0,0.0,0.0,muon,271828,verified-v3-muon-1e-4,3907,ArguAna
0.009033254835132395,0.7706550667791863,0.0001,0.6061928486515896,0.10343618103712585,0.4986979166666667,0.10586977830887447,0.3144694940668062,0.5058134925526074,0.11177494293953925,0.0004857353969894111,0.0013020833333333333,1.30347920264605,0.11169301511959491,0.9996274935139603,muon,271828,verified-v3-muon-1e-4,3907,ClimateFEVER
0.3019060327405555,1.0,0.0001,0.6100629700656741,0.09845181668131772,0.4622395833333333,0.12358639530941781,0.33073690541025075,0.556599669045139,0.0,0.0,0.0,0.0,0.0,0.0,muon,271828,verified-v3-muon-1e-4,3907,DBPedia
0.4162816211487421,1.0,0.0001,0.5950669452905886,0.1078385586229898,0.5130208333333334,0.10827369115900658,0.2971240293961196,0.501006728069454,0.0,0.0,0.0,0.0,0.0,0.0,muon,271828,verified-v3-muon-1e-4,3907,FEVER
0.22466275817838938,0.9769331095982161,0.0001,0.5894455564869006,0.1124530581199841,0.4986979166666667,0.11537937978010984,0.2896842395926598,0.5064220917949553,0.0026041666666666665,0.04613378080356781,0.0026041666666666665,0.0,0.0,0.0,muon,271828,verified-v3-muon-1e-4,3907,FiQA2018
0.30409188229294104,1.0,0.0001,0.6061309522395794,0.11179330406299237,0.50390625,0.11215966346367284,0.30141697052448335,0.5008179382589268,0.0,0.0,0.0,0.0,0.0,0.0,muon,271828,verified-v3-muon-1e-4,3907,HotpotQA
0.43668787274916,1.0,0.0001,0.6241256320424925,0.10547117307914933,0.4765625,0.12140016171087996,0.3119033819436522,0.5351057762464196,0.0,0.0,0.0,0.0,0.0,0.0,muon,271828,verified-v3-muon-1e-4,3907,MSMARCO
0.0018846221482527528,0.7190574688428424,0.0001,0.6146759559129535,0.10220565738290252,0.4479166666666667,0.1436797177467238,0.3430802277205519,0.5843361674966576,0.029861912628445866,0.179662751302115,0.036458333333333336,0.032643646691321235,0.002520800814671934,0.15375724424626366,muon,271828,verified-v3-muon-1e-4,3907,NFCorpus
0.42667272538265594,1.0,0.0001,0.5418662736699885,0.10694641365722524,0.45703125,0.1375713355997557,0.3104674571383039,0.5626231061663024,0.0,0.0,0.0,0.0,0.0,0.0,muon,271828,verified-v3-muon-1e-4,3907,NQ
0.4871822251260035,1.0,0.0001,0.5968266167788169,0.10086224226166318,0.5065104166666666,0.10105458704141485,0.29910745509496084,0.5004762970486798,0.0,0.0,0.0,0.0,0.0,0.0,muon,271828,verified-v3-muon-1e-4,3907,QuoraRetrieval
0.10021893353286776,0.86024524972907,0.0001,0.6125369188656584,0.10733730355536807,0.4895833333333333,0.12126003772345675,0.31093805859803025,0.5304525286475376,0.07161458333333336,0.0,0.0,0.1053443191849106,0.07161458333333336,1.0,muon,271828,verified-v3-muon-1e-4,3907,SCIDOCS
0.26704105561860325,1.0,0.0001,0.5843370521361235,0.11805057201889219,0.5221354166666666,0.11852170361457175,0.27500800518975255,0.5009957455801151,0.0,0.0,0.0,0.0,0.0,0.0,muon,271828,verified-v3-muon-1e-4,3907,SciFact
0.07832989313951169,0.9110827739955403,0.0001,0.5747274656936435,0.1047208171187699,0.4947916666666667,0.1075766785311336,0.28114505551600116,0.5067260836111633,0.0078125,0.13840134241070343,0.0078125,0.0,0.0,0.0,muon,271828,verified-v3-muon-1e-4,3907,TRECCOVID
0.3044585106317027,1.0,0.0001,0.6024593356475945,0.09997845999823421,0.4830729166666667,0.10688801667452828,0.3363500791593794,0.5167005229349562,0.0,0.0,0.0,0.0,0.0,0.0,muon,271828,verified-v3-muon-1e-4,3907,Touche2020
0.24132165168649578,1.0,0.0001,0.582100770231719,0.0866631648705951,0.4453125,0.10556076095764645,0.33125077284152527,0.5491551611112577,0.0,0.0,0.0,0.0,0.0,0.0,muon,161803,verified-v3-muon-1e-4,3907,ArguAna
0.009033254835132438,0.7706550667791863,0.0001,0.5848825754330846,0.10456882919010181,0.4817708333333333,0.10666532500331558,0.31592001110978957,0.5049624925032107,0.11231688777580612,0.0019153512579074654,0.0013020833333333333,1.2067297568290654,0.11198544926183505,0.9984152906050818,muon,161803,verified-v3-muon-1e-4,3907,ClimateFEVER
0.3019060327405556,1.0,0.0001,0.5948912834647402,0.10001042148173257,0.4778645833333333,0.1242603751673051,0.3014101398586945,0.5540640021971327,0.0,0.0,0.0,0.0,0.0,0.0,muon,161803,verified-v3-muon-1e-4,3907,DBPedia
0.4162816211487421,1.0,0.0001,0.5895850932575986,0.1079859249402564,0.5065104166666666,0.10834513251924856,0.30276786782277826,0.5008302265592618,0.0,0.0,0.0,0.0,0.0,0.0,muon,161803,verified-v3-muon-1e-4,3907,FEVER
0.2246627581783893,0.9769331095982161,0.0001,0.5944802918144656,0.10511792135631762,0.4895833333333333,0.10884727417392505,0.3075570417265214,0.5087148585272606,0.0,0.0,0.0,0.0,0.0,0.0,muon,161803,verified-v3-muon-1e-4,3907,FiQA2018
0.3040918822929411,1.0,0.0001,0.5949321464807273,0.11554101107983226,0.4986979166666667,0.11573136275298675,0.2853177433622556,0.5004115313688354,0.0,0.0,0.0,0.0,0.0,0.0,muon,161803,verified-v3-muon-1e-4,3907,HotpotQA
0.43668787274916,1.0,0.0001,0.5689852473158028,0.09829429496607495,0.4895833333333333,0.11420250998401571,0.26929231188593633,0.5374316569646239,0.0,0.0,0.0,0.0,0.0,0.0,muon,161803,verified-v3-muon-1e-4,3907,MSMARCO
0.001884622148252798,0.7190574688428424,0.0001,0.5959235332889775,0.09917719617638623,0.4518229166666667,0.14024930198759675,0.3400912169624585,0.5857718467382843,0.027366131986121048,0.14693031290925063,0.03125,0.009576756289537327,0.006510416666666667,0.06119056690898338,muon,161803,verified-v3-muon-1e-4,3907,NFCorpus
0.42667272538265594,1.0,0.0001,0.5816357824263301,0.10941919348502697,0.4453125,0.1387397750306565,0.3359662692618692,0.5590762077248408,0.0,0.0,0.0,0.0,0.0,0.0,muon,161803,verified-v3-muon-1e-4,3907,NQ
0.48718222512600357,1.0,0.0001,0.5754681577883091,0.1024511856265925,0.5091145833333334,0.10260562795705282,0.2914137734092355,0.500376584244535,0.0,0.0,0.0,0.0,0.0,0.0,muon,161803,verified-v3-muon-1e-4,3907,QuoraRetrieval
0.10021893353286776,0.86024524972907,0.0001,0.6169729428179265,0.10973169421868803,0.484375,0.12520178251981962,0.3172487603432364,0.532924401655943,0.0668854643803504,0.005477968854856428,0.0026041666666666665,0.09741482923441476,0.0646604279559629,0.9467604248637143,muon,161803,verified-v3-muon-1e-4,3907,SCIDOCS
0.26704105561860325,1.0,0.0001,0.589348362318738,0.1157490115543906,0.5221354166666666,0.11593635725317844,0.28101837164426474,0.5004043105953391,0.0,0.0,0.0,0.0,0.0,0.0,muon,161803,verified-v3-muon-1e-4,3907,SciFact
0.07832989313951166,0.9110827739955403,0.0001,0.593279919996596,0.10056825372836342,0.49609375,0.10384639903747145,0.2927657808558634,0.5080183716400782,0.0026041666666666665,0.04613378080356781,0.0026041666666666665,0.0,0.0,0.0,muon,161803,verified-v3-muon-1e-4,3907,TRECCOVID
0.30445851063170265,1.0,0.0001,0.5677679035133264,0.10426358955343766,0.4752604166666667,0.11148005571156741,0.299752765054679,0.5167246320262772,0.0,0.0,0.0,0.0,0.0,0.0,muon,161803,verified-v3-muon-1e-4,3907,Touche2020
0.22497302238176745,1.0,0.003,0.5757266289835905,0.08122074170678009,0.453125,0.09358860738513461,0.31679446050507587,0.5353752981250777,0.0,0.0,0.0,0.0,0.0,0.0,muon,314159,verified-v3-muon-3e-3,3907,ArguAna
0.008014899189564698,0.7487137381498576,0.003,0.5617932088373129,0.10310213216522102,0.4869791666666667,0.10320783198014696,0.3028753067719653,0.5002561674986562,0.033603863445978016,0.19736744230548084,0.044270833333333336,0.16146823281248734,0.009114583333333334,0.44997820453444104,muon,314159,verified-v3-muon-3e-3,3907,ClimateFEVER
0.2375662237518584,1.0,0.003,0.6012015267281434,0.11185337307243523,0.5104166666666666,0.11289119468682848,0.2879742239449064,0.5023088914333736,0.0,0.0,0.0,0.0,0.0,0.0,muon,314159,verified-v3-muon-3e-3,3907,DBPedia
0.37702150684363234,1.0,0.003,0.5406564761866894,0.1078500671161596,0.4869791666666667,0.11162830433599459,0.29937309837101095,0.5086073110412582,0.0,0.0,0.0,0.0,0.0,0.0,muon,314159,verified-v3-muon-3e-3,3907,FEVER
0.14974978106243797,0.9538662191964322,0.003,0.5907975366712164,0.10218443572839002,0.48828125,0.10256296570025597,0.2991132493272889,0.5009243828474128,0.47005208333333337,0.0,0.0,2.9541025649560106,0.47005208333333337,1.0,muon,314159,verified-v3-muon-3e-3,3907,FiQA2018
0.22981814758990968,0.9538662191964322,0.003,0.6022174509037107,0.11116901869862864,0.5221354166666666,0.11399002102152728,0.29711871473646106,0.5062644660556485,0.00390625,0.06920067120535171,0.00390625,0.0,0.0,0.0,muon,314159,verified-v3-muon-3e-3,3907,HotpotQA
0.4079223149164947,1.0,0.003,0.607278518149719,0.10602361854337344,0.5013020833333334,0.10622661280211473,0.2952192974640979,0.5004781956124487,0.0,0.0,0.0,0.0,0.0,0.0,muon,314159,verified-v3-muon-3e-3,3907,MSMARCO
-0.042925209953196375,0.6119823344328306,0.003,0.6011588693093336,0.0987816134593272,0.484375,0.10852508543018635,0.30723036046619545,0.5235001377742551,0.02669982771352256,0.14536635179487553,0.0546875,0.09774553046199205,0.005481080054744966,0.40205986459648196,muon,314159,verified-v3-muon-3e-3,3907,NFCorpus
0.3810859487260283,1.0,0.003,0.5764827845221393,0.1180101547722931,0.4921875,0.11875160224532218,0.2927156446787926,0.5015658091964866,0.0,0.0,0.0,0.0,0.0,0.0,muon,314159,verified-v3-muon-3e-3,3907,NQ
0.4246810276056939,1.0,0.003,0.5919146499789518,0.08529478963756533,0.4479166666666667,0.1069227766416424,0.3441299504355339,0.5562591323538586,0.0,0.0,0.0,0.0,0.0,0.0,muon,314159,verified-v3-muon-3e-3,3907,QuoraRetrieval
0.047249509672847606,0.7953826621279816,0.003,0.5771221084578576,0.09795774444318814,0.5026041666666666,0.10081627114007612,0.28950286670648034,0.5071903932928561,0.2144761800123438,3.719101744876691,0.24739583333333334,0.04613378080356781,0.0026041666666666665,0.012252561755810187,muon,314159,verified-v3-muon-3e-3,3907,SCIDOCS
0.18302595074010244,1.0,0.003,0.5645785434993323,0.09464684945669238,0.4973958333333333,0.10124343348613633,0.29185946176962624,0.516837445763885,0.0,0.0,0.0,0.0,0.0,0.0,muon,314159,verified-v3-muon-3e-3,3907,SciFact
0.04725858668071364,0.8255158835937564,0.003,0.5931220866004874,0.08690050089867785,0.4986979166666667,0.0872770725026202,0.3080596479832119,0.5010809991108176,0.32942708333333337,5.835923271651328,0.3294270833333333,0.0,0.0,0.0,muon,314159,verified-v3-muon-3e-3,3907,TRECCOVID
0.3037044453824732,1.0,0.003,0.5841331068068849,0.08641350338469948,0.4700520833333333,0.11117726304295748,0.3168684448927594,0.5626642633812665,0.0,0.0,0.0,0.0,0.0,0.0,muon,314159,verified-v3-muon-3e-3,3907,Touche2020
0.22497302238176747,1.0,0.003,0.5766181408497734,0.0816705329587596,0.4609375,0.09438894642513554,0.3067386038013188,0.5361196497651899,0.0,0.0,0.0,0.0,0.0,0.0,muon,271828,verified-v3-muon-3e-3,3907,ArguAna
0.008014899189564715,0.7487137381498576,0.003,0.5638751559791269,0.10792338602358104,0.4908854166666667,0.10871745170556604,0.3052591411436764,0.5018326777405139,0.029091683405472694,0.1463395021457452,0.03125,0.20760201361605515,0.01212995980121925,0.5865432687918123,muon,271828,verified-v3-muon-3e-3,3907,ClimateFEVER
0.23756622375185835,1.0,0.003,0.6138698936011023,0.11513124089402915,0.5182291666666666,0.11601970403907555,0.2945878102706223,0.5019218246010274,0.0,0.0,0.0,0.0,0.0,0.0,muon,271828,verified-v3-muon-3e-3,3907,DBPedia
0.37702150684363245,1.0,0.003,0.5739416096738601,0.11214259148708447,0.4817708333333333,0.1161954557501767,0.33166028353037014,0.5088747020308906,0.0,0.0,0.0,0.0,0.0,0.0,muon,271828,verified-v3-muon-3e-3,3907,FEVER
0.1497497810624379,0.9538662191964322,0.003,0.5868297658446562,0.09687481463910055,0.4817708333333333,0.09706469210477046,0.309257613142553,0.5004895275564475,0.4986979166666667,0.0,0.0,3.1341309761167646,0.4986979166666667,1.0,muon,271828,verified-v3-muon-3e-3,3907,FiQA2018
0.22981814758990968,0.9538662191964322,0.003,0.5996225772443178,0.11235544963955577,0.5026041666666666,0.11436609377890838,0.3025792713213045,0.5044341708975612,0.0013020833333333333,0.023066890401783904,0.0013020833333333333,0.0,0.0,0.0,muon,271828,verified-v3-muon-3e-3,3907,HotpotQA
0.4079223149164947,1.0,0.003,0.6174626479351348,0.10588761563694737,0.5208333333333334,0.10600553404351631,0.29282875241285794,0.5002782496903434,0.0,0.0,0.0,0.0,0.0,0.0,muon,271828,verified-v3-muon-3e-3,3907,MSMARCO
-0.04292520995319637,0.6119823344328306,0.003,0.5877634341238296,0.10371003878947838,0.5026041666666666,0.11266279437756907,0.28758173631847617,0.520688261684818,0.030729257300299965,0.16498771974541426,0.059895833333333336,0.06920067120535171,0.00390625,0.29549146703817586,muon,271828,verified-v3-muon-3e-3,3907,NFCorpus
0.38108594872602836,1.0,0.003,0.5952728727021932,0.11427545633827624,0.4947916666666667,0.11472691285673978,0.31231677030446814,0.5009857027244969,0.0,0.0,0.0,0.0,0.0,0.0,muon,271828,verified-v3-muon-3e-3,3907,NQ
0.42468102760569393,1.0,0.003,0.5834347908807107,0.08753802876698019,0.4479166666666667,0.11002285821331495,0.33515399084458536,0.5569060753624208,0.0,0.0,0.0,0.0,0.0,0.0,muon,271828,verified-v3-muon-3e-3,3907,QuoraRetrieval
0.047249509672847634,0.7953826621279816,0.003,0.5999976364137858,0.10332629176361428,0.4934895833333333,0.10588301923066847,0.2960361175268429,0.5061104533419262,0.2186845199967315,3.7940208795257147,0.25390625,0.04613378080356781,0.0026041666666666665,0.012013521559470724,muon,271828,verified-v3-muon-3e-3,3907,SCIDOCS
0.18302595074010247,1.0,0.003,0.5873894173343862,0.10071689474876067,0.50390625,0.10724988314526417,0.28215651460990676,0.5157068077475156,0.0,0.0,0.0,0.0,0.0,0.0,muon,271828,verified-v3-muon-3e-3,3907,SciFact
0.047258586680713706,0.8255158835937564,0.003,0.5891067031731309,0.09273781865828384,0.4869791666666667,0.09340705046494963,0.3008909494136043,0.5017976101351006,0.3346354166666667,5.928190833258464,0.3346354166666667,0.0,0.0,0.0,muon,271828,verified-v3-muon-3e-3,3907,TRECCOVID
0.3037044453824733,1.0,0.003,0.5731789899753704,0.09024151031140251,0.4466145833333333,0.11447027172912168,0.34010763466602606,0.559177740470558,0.0,0.0,0.0,0.0,0.0,0.0,muon,271828,verified-v3-muon-3e-3,3907,Touche2020
0.22497302238176753,1.0,0.003,0.576110151627933,0.08066911105999597,0.4622395833333333,0.09258983709465576,0.31994093118116,0.5344014729444718,0.0,0.0,0.0,0.0,0.0,0.0,muon,161803,verified-v3-muon-3e-3,3907,ArguAna
0.00801489918956469,0.7487137381498576,0.003,0.5513238241988874,0.10784147578084542,0.4700520833333333,0.10795700787537435,0.31163822772592586,0.5002676851397921,0.033372211842933576,0.16991842900571735,0.036458333333333336,0.23500161913825202,0.01388933967047825,0.5803654825574287,muon,161803,verified-v3-muon-3e-3,3907,ClimateFEVER
0.23756622375185837,1.0,0.003,0.5904682909268496,0.11411424829934613,0.5286458333333334,0.1149769974719029,0.28748563958417855,0.5018829815378851,0.0,0.0,0.0,0.0,0.0,0.0,muon,161803,verified-v3-muon-3e-3,3907,DBPedia
0.3770215068436324,1.0,0.003,0.5662760346863326,0.10572834861359717,0.4700520833333333,0.11095581523541397,0.31135718510743315,0.5120624103971423,0.0,0.0,0.0,0.0,0.0,0.0,muon,161803,verified-v3-muon-3e-3,3907,FEVER
0.14974978106243791,0.9538662191964322,0.003,0.5846745797211045,0.09739736398255591,0.4752604166666667,0.0974447513624906,0.32887765326354296,0.5001216045613412,0.5052083333333334,0.0,0.0,3.175046524107845,0.5052083333333334,1.0,muon,161803,verified-v3-muon-3e-3,3907,FiQA2018
0.2298181475899097,0.9538662191964322,0.003,0.567614886203182,0.10892641239866022,0.5,0.11183280412382471,0.27793712227163286,0.5065827188802069,0.0026041666666666665,0.04613378080356781,0.0026041666666666665,0.0,0.0,0.0,muon,161803,verified-v3-muon-3e-3,3907,HotpotQA
0.4079223149164947,1.0,0.003,0.5989888229739806,0.10395953770398508,0.5052083333333334,0.10411710711291543,0.28569496664948807,0.500378633097119,0.0,0.0,0.0,0.0,0.0,0.0,muon,161803,verified-v3-muon-3e-3,3907,MSMARCO
-0.04292520995319635,0.6119823344328306,0.003,0.6145777924240088,0.10143152887578871,0.4934895833333333,0.1097988764179045,0.30510432226134826,0.519806210025687,0.029304579527411414,0.13281668339217795,0.05078125,0.023066890401783904,0.0013020833333333333,0.14797511912494657,muon,161803,verified-v3-muon-3e-3,3907,NFCorpus
0.3810859487260283,1.0,0.003,0.5516549746732391,0.11762698389821068,0.4674479166666667,0.11821364000567097,0.31362729114041266,0.5012437554178524,0.0,0.0,0.0,0.0,0.0,0.0,muon,161803,verified-v3-muon-3e-3,3907,NQ
0.42468102760569393,1.0,0.003,0.5659469120312866,0.0852270611119689,0.4388020833333333,0.10714615879735032,0.3238196713610168,0.5569702417408037,0.0,0.0,0.0,0.0,0.0,0.0,muon,161803,verified-v3-muon-3e-3,3907,QuoraRetrieval
0.047249509672847564,0.7953826621279816,0.003,0.5906572001222636,0.09983220352851725,0.50390625,0.10162208156398025,0.29206577259068006,0.5044423925622659,0.22047319717590588,3.7851303470335136,0.24739583333333334,0.09226756160713562,0.005208333333333333,0.023796258155893802,muon,161803,verified-v3-muon-3e-3,3907,SCIDOCS
0.18302595074010247,1.0,0.003,0.581513284492855,0.09780850367107906,0.4973958333333333,0.10406440990554122,0.2900520391044304,0.5154946647463127,0.0,0.0,0.0,0.0,0.0,0.0,muon,161803,verified-v3-muon-3e-3,3907,SciFact
0.04725858668071361,0.8255158835937564,0.003,0.5879443553494643,0.08935632137835972,0.484375,0.08981262671384702,0.30425055419872216,0.501273394023758,0.34374999999999994,6.089659066070951,0.34375,0.0,0.0,0.0,muon,161803,verified-v3-muon-3e-3,3907,TRECCOVID
0.3037044453824732,1.0,0.003,0.5838385086269051,0.08847607253899409,0.4505208333333333,0.11233454115747776,0.3315562513879081,0.5594053974023159,0.0,0.0,0.0,0.0,0.0,0.0,muon,161803,verified-v3-muon-3e-3,3907,Touche2020
0.2564703859348946,1.0,0.0003,0.5886303287558368,0.09705115592696732,0.5013020833333334,0.09725242056849855,0.2982907855028803,0.5005179128587371,0.0,0.0,0.0,0.0,0.0,0.0,muon,314159,verified-v3-muon-3e-4,3907,ArguAna
0.008012114482752901,0.7403962295351534,0.0003,0.5940411516239297,0.10434883857429919,0.5052083333333334,0.10478000355851151,0.30647165553789907,0.5010308596839514,0.1064338691259422,1.1801995076637009,0.2565104166666667,0.22054937358454235,0.036257240894298874,0.15745104389303893,muon,314159,verified-v3-muon-3e-4,3907,ClimateFEVER
0.30495181779570163,1.0,0.0003,0.593813727553332,0.10931489345882264,0.5169270833333334,0.11067533471609049,0.29172654434824813,0.5030920492890851,0.0,0.0,0.0,0.0,0.0,0.0,muon,314159,verified-v3-muon-3e-4,3907,DBPedia
0.4427642701893829,1.0,0.0003,0.5626662123255053,0.10191310015010879,0.4557291666666667,0.12016925383784086,0.31166500837859584,0.5411022158219798,0.0,0.0,0.0,0.0,0.0,0.0,muon,314159,verified-v3-muon-3e-4,3907,FEVER
0.23531020984666268,0.9538662191964322,0.0003,0.5879031223126072,0.10946541531779315,0.4713541666666667,0.12200999255921517,0.31369028357545675,0.5270969978117231,0.0,0.0,0.0,0.0,0.0,0.0,muon,314159,verified-v3-muon-3e-4,3907,FiQA2018
0.30685411956640046,1.0,0.0003,0.5720179461221478,0.11243844147222576,0.4986979166666667,0.12625103021956013,0.2844903539748426,0.5289342228826295,0.0,0.0,0.0,0.0,0.0,0.0,muon,314159,verified-v3-muon-3e-4,3907,HotpotQA
0.45658650743517554,1.0,0.0003,0.6171856088730138,0.08262432563021668,0.4440104166666667,0.13531983220280033,0.34096422056556747,0.6208922209627604,0.0,0.0,0.0,0.0,0.0,0.0,muon,314159,verified-v3-muon-3e-4,3907,MSMARCO
-0.0011963713722510849,0.6959905784410585,0.0003,0.6210372979489378,0.10233663821488467,0.46875,0.11746558195585617,0.33366075316177546,0.5344149020178673,0.14748564749557466,2.570475841406041,0.15494791666666666,0.020698934316845125,0.0036534115757969167,0.007988243213378201,muon,314159,verified-v3-muon-3e-4,3907,NFCorpus
0.44756825766494,1.0,0.0003,0.5902450100499061,0.11675960857557015,0.50390625,0.11887714843429564,0.28294928615329146,0.504493229081906,0.0,0.0,0.0,0.0,0.0,0.0,muon,314159,verified-v3-muon-3e-4,3907,NQ
0.5001440776447599,1.0,0.0003,0.6152638941793152,0.10337294942616385,0.5052083333333334,0.10392112229440306,0.3030756377155669,0.501322210673198,0.0,0.0,0.0,0.0,0.0,0.0,muon,314159,verified-v3-muon-3e-4,3907,QuoraRetrieval
0.10478234916865636,0.86024524972907,0.0003,0.5731263381128435,0.10954817420832769,0.5,0.11757821614466504,0.2890331403972852,0.5176774744754612,0.0234375,0.03560679755656679,0.016927083333333332,0.013694922137141071,0.006510416666666667,0.2777777777777778,muon,314159,verified-v3-muon-3e-4,3907,SCIDOCS
0.26854278080954275,1.0,0.0003,0.5798242931639737,0.1044204879170248,0.4830729166666667,0.11867820359403294,0.2864395547318607,0.5319538307921933,0.0,0.0,0.0,0.0,0.0,0.0,muon,314159,verified-v3-muon-3e-4,3907,SciFact
0.08410060894521451,0.9110827739955403,0.0003,0.6034934431556586,0.0911385495113903,0.4739583333333333,0.11540085179493573,0.3217777609831057,0.558735287625728,0.0,0.0,0.0,0.0,0.0,0.0,muon,314159,verified-v3-muon-3e-4,3907,TRECCOVID
0.3221104983791515,1.0,0.0003,0.576802821126872,0.10079463270955161,0.4544270833333333,0.12253084994858443,0.3214817976618831,0.5486648836046766,0.0,0.0,0.0,0.0,0.0,0.0,muon,314159,verified-v3-muon-3e-4,3907,Touche2020
0.25647038593489474,1.0,0.0003,0.6051181424228022,0.09851132305786058,0.4973958333333333,0.09905935157375197,0.3030104182776485,0.5013869176610174,0.0,0.0,0.0,0.0,0.0,0.0,muon,271828,verified-v3-muon-3e-4,3907,ArguAna
0.008012114482752944,0.7403962295351534,0.0003,0.6011817699127197,0.10583160242625164,0.49609375,0.10623613426517903,0.3190247447372255,0.5009537797810234,0.10004738523990929,1.0646635067145842,0.23046875,0.23977482450281065,0.03891861277294569,0.18381461105871955,muon,271828,verified-v3-muon-3e-4,3907,ClimateFEVER
0.3049518177957015,1.0,0.0003,0.59690264240543,0.10821354765785227,0.5221354166666666,0.10912370014366603,0.2886837553923684,0.5020938713796655,0.0,0.0,0.0,0.0,0.0,0.0,muon,271828,verified-v3-muon-3e-4,3907,DBPedia
0.4427642701893829,1.0,0.0003,0.5687925389442782,0.10672765498630939,0.4739583333333333,0.12341535846027885,0.32329250534112797,0.5362550729306461,0.0,0.0,0.0,0.0,0.0,0.0,muon,271828,verified-v3-muon-3e-4,3907,FEVER
0.2353102098466627,0.9538662191964322,0.0003,0.5803725672423564,0.10757113286573951,0.484375,0.11934404471517732,0.2970290053246876,0.5259412172754281,0.0,0.0,0.0,0.0,0.0,0.0,muon,271828,verified-v3-muon-3e-4,3907,FiQA2018
0.30685411956640046,1.0,0.0003,0.6022435576244912,0.10670270852805502,0.4778645833333333,0.11743515406606239,0.3036123890714344,0.5239416165876497,0.0,0.0,0.0,0.0,0.0,0.0,muon,271828,verified-v3-muon-3e-4,3907,HotpotQA
0.4565865074351756,1.0,0.0003,0.6152089481488154,0.09101290145474888,0.4401041666666667,0.14175399769628702,0.3382028685882596,0.6089955153129691,0.0,0.0,0.0,0.0,0.0,0.0,muon,271828,verified-v3-muon-3e-4,3907,MSMARCO
-0.0011963713722510207,0.6959905784410585,0.0003,0.6101447166264633,0.11137329368152697,0.4713541666666667,0.1261825254737693,0.3154250464948967,0.5311700042644738,0.14490853365201323,2.512808615401581,0.15494791666666666,0.024549328794648287,0.00390625,0.009675153972974393,muon,271828,verified-v3-muon-3e-4,3907,NFCorpus
0.4475682576649399,1.0,0.0003,0.5589621720888682,0.11810087810088185,0.4908854166666667,0.11968005763506438,0.28953461182838536,0.5033206605258215,0.0,0.0,0.0,0.0,0.0,0.0,muon,271828,verified-v3-muon-3e-4,3907,NQ
0.5001440776447598,1.0,0.0003,0.5970626422786421,0.10407843676075718,0.4908854166666667,0.10453516142255649,0.2961229860245438,0.5010946665648277,0.0,0.0,0.0,0.0,0.0,0.0,muon,271828,verified-v3-muon-3e-4,3907,QuoraRetrieval
0.10478234916865643,0.86024524972907,0.0003,0.6097437071066996,0.11237406409430103,0.5065104166666666,0.11953926715742064,0.30195113727056777,0.5154480189311377,0.026041666666666668,0.03560679755656679,0.016927083333333332,0.0191728909919975,0.009114583333333334,0.35,muon,271828,verified-v3-muon-3e-4,3907,SCIDOCS
0.2685427808095427,1.0,0.0003,0.5847271969211042,0.10789551031145209,0.5091145833333334,0.1226799295156349,0.2850065118894381,0.5320598308633173,0.0,0.0,0.0,0.0,0.0,0.0,muon,271828,verified-v3-muon-3e-4,3907,SciFact
0.08410060894521454,0.9110827739955403,0.0003,0.5743379236925515,0.09434188250094705,0.4713541666666667,0.11743860928366509,0.30328481401647966,0.554529873332734,0.0,0.0,0.0,0.0,0.0,0.0,muon,271828,verified-v3-muon-3e-4,3907,TRECCOVID
0.3221104983791515,1.0,0.0003,0.5950694057879565,0.0909711956609172,0.46484375,0.11174105415476754,0.3495731911698639,0.5512299047362338,0.0,0.0,0.0,0.0,0.0,0.0,muon,271828,verified-v3-muon-3e-4,3907,Touche2020
0.25647038593489474,1.0,0.0003,0.5859697538827424,0.09710161648268772,0.4830729166666667,0.09826413411501303,0.3167860318505693,0.5029752339618606,0.0,0.0,0.0,0.0,0.0,0.0,muon,161803,verified-v3-muon-3e-4,3907,ArguAna
0.008012114482752944,0.7403962295351534,0.0003,0.5882906833022267,0.10667040469069647,0.4817708333333333,0.1068878077820253,0.314018943980934,0.5005090019456794,0.10105820791543871,0.9663701884906163,0.24609375,0.2686130008802131,0.04292983707501786,0.21750336619323526,muon,161803,verified-v3-muon-3e-4,3907,ClimateFEVER
0.30495181779570163,1.0,0.0003,0.5941581348124838,0.11259225681773677,0.5078125,0.11340440410486159,0.2796400259757642,0.5017968125807907,0.0,0.0,0.0,0.0,0.0,0.0,muon,161803,verified-v3-muon-3e-4,3907,DBPedia
0.44276427018938297,1.0,0.0003,0.57371518530701,0.10686600758270257,0.4739583333333333,0.12348017866052792,0.32969923382154137,0.5360634819894128,0.0,0.0,0.0,0.0,0.0,0.0,muon,161803,verified-v3-muon-3e-4,3907,FEVER
0.2353102098466627,0.9538662191964322,0.0003,0.5853482763588418,0.1000125188259956,0.4713541666666667,0.11277756881169596,0.31240897935843126,0.5299944657371326,0.0,0.0,0.0,0.0,0.0,0.0,muon,161803,verified-v3-muon-3e-4,3907,FiQA2018
0.3068541195664005,1.0,0.0003,0.5950327464118549,0.11275491107462307,0.4921875,0.12405701499162425,0.28855230768187207,0.52386303786457,0.0,0.0,0.0,0.0,0.0,0.0,muon,161803,verified-v3-muon-3e-4,3907,HotpotQA
0.4565865074351755,1.0,0.0003,0.5715033181871171,0.08112125753561278,0.4518229166666667,0.13442288536719554,0.31388754751505427,0.6236443429029225,0.0,0.0,0.0,0.0,0.0,0.0,muon,161803,verified-v3-muon-3e-4,3907,MSMARCO
-0.0011963713722510571,0.6959905784410585,0.0003,0.6059328630145366,0.10892363882691272,0.4856770833333333,0.12403549084471821,0.31242413848081263,0.5324345563084532,0.14183240160932017,2.5015933760112326,0.15885416666666666,0.0019153512579074654,0.0013020833333333335,0.0007650667389511182,muon,161803,verified-v3-muon-3e-4,3907,NFCorpus
0.4475682576649399,1.0,0.0003,0.5834175478072463,0.1220241877895992,0.5,0.12463568066402689,0.31532944200450486,0.5052937125337814,0.0,0.0,0.0,0.0,0.0,0.0,muon,161803,verified-v3-muon-3e-4,3907,NQ
0.5001440776447599,1.0,0.0003,0.5762436194059354,0.10493169521248331,0.5065104166666666,0.10514879897996185,0.27658560220578265,0.5005167156720406,0.0,0.0,0.0,0.0,0.0,0.0,muon,161803,verified-v3-muon-3e-4,3907,QuoraRetrieval
0.10478234916865642,0.86024524972907,0.0003,0.5967352746653399,0.11019968908218328,0.484375,0.11955778630648667,0.304196024830247,0.5203651637633829,0.01692708333333334,0.024650859846853928,0.01171875,0.010955937709712857,0.005208333333333333,0.30769230769230765,muon,161803,verified-v3-muon-3e-4,3907,SCIDOCS
0.26854278080954275,1.0,0.0003,0.5850041171715138,0.11199902562418236,0.5013020833333334,0.12585944179825986,0.292630207073381,0.5291358477254902,0.0,0.0,0.0,0.0,0.0,0.0,muon,161803,verified-v3-muon-3e-4,3907,SciFact
0.08410060894521455,0.9110827739955403,0.0003,0.588832598993244,0.08946513842739873,0.4609375,0.11268800522789722,0.31739905575772476,0.5574387970935967,0.0013020833333333333,0.023066890401783904,0.0013020833333333333,0.0,0.0,0.0,muon,161803,verified-v3-muon-3e-4,3907,TRECCOVID
0.3221104983791515,1.0,0.0003,0.5760337014338122,0.0997871085586951,0.4622395833333333,0.12009933365715984,0.31730106731731217,0.546187988885929,0.0,0.0,0.0,0.0,0.0,0.0,muon,161803,verified-v3-muon-3e-4,3907,Touche2020
0.2554551320921724,1.0,0.001,0.6008592322675677,0.08800473360206346,0.4713541666666667,0.10251842457828814,0.3275758309761875,0.5380890467984103,0.0,0.0,0.0,0.0,0.0,0.0,normuon,314159,verified-v3-normuon-1e-3,3907,ArguAna
0.006931395960412177,0.7663223516587734,0.001,0.5562417848256411,0.10362696492399535,0.4778645833333333,0.11585619213416122,0.31086301413976836,0.5278591473124415,0.35955065033471856,0.551684721776997,0.3736979166666667,0.0014296158609180543,0.0013020833333333335,0.0025846660692674414,normuon,314159,verified-v3-normuon-1e-3,3907,ClimateFEVER
0.295086489619399,1.0,0.001,0.6160669377970952,0.10445908208795958,0.4908854166666667,0.11692403775686483,0.3132275910559474,0.5281524528104095,0.0,0.0,0.0,0.0,0.0,0.0,normuon,314159,verified-v3-normuon-1e-3,3907,DBPedia
0.4461973982028349,1.0,0.001,0.542976586925128,0.11203602652784928,0.5052083333333334,0.1131300810632339,0.28689044726488894,0.5024294387532149,0.0,0.0,0.0,0.0,0.0,0.0,normuon,314159,verified-v3-normuon-1e-3,3907,FEVER
0.23162694529987254,0.9538662191964322,0.001,0.5941126183906288,0.11404776344116004,0.48828125,0.11842014342949549,0.30256998079550323,0.509404265834355,0.010416666666666666,0.18453512321427123,0.010416666666666666,0.0,0.0,0.0,normuon,314159,verified-v3-normuon-1e-3,3907,FiQA2018
0.2998169973823402,1.0,0.001,0.574362347338818,0.10235769070979922,0.484375,0.13177009469737427,0.2912617287164771,0.5628127155784259,0.0,0.0,0.0,0.0,0.0,0.0,normuon,314159,verified-v3-normuon-1e-3,3907,HotpotQA
0.474876313155037,1.0,0.001,0.6190018625993803,0.09616842298661812,0.4921875,0.11682081553411625,0.30839189776373876,0.5484822441991304,0.0,0.0,0.0,0.0,0.0,0.0,normuon,314159,verified-v3-normuon-1e-3,3907,MSMARCO
-0.013554493904539985,0.6732365253659673,0.001,0.6056927182172026,0.10504001503428734,0.4934895833333333,0.11648102373293107,0.31314117540840064,0.525823751916102,0.07767954264677276,1.3435430217702946,0.09114583333333333,0.008183109598216096,0.0013020833333333333,0.006053822152517962,normuon,314159,verified-v3-normuon-1e-3,3907,NFCorpus
0.4568555020952785,1.0,0.001,0.5677537115199808,0.11871430211962952,0.5026041666666666,0.11898141891943276,0.27878802054452106,0.5005618881119012,0.0,0.0,0.0,0.0,0.0,0.0,normuon,314159,verified-v3-normuon-1e-3,3907,NQ
0.5051924547683603,1.0,0.001,0.6398737635910317,0.10125079303516589,0.4921875,0.10142433155941238,0.3207178234226832,0.5004281199397155,0.0,0.0,0.0,0.0,0.0,0.0,normuon,314159,verified-v3-normuon-1e-3,3907,QuoraRetrieval
0.09518549268202284,0.8786578044455182,0.001,0.5864307069672441,0.11436276317109663,0.5078125,0.11441274580231041,0.29074149997836946,0.5001092394711263,0.4190273174606567,0.651238806101461,0.4309895833333333,0.0038307025158149308,0.002604166666666667,0.005847780220912429,normuon,314159,verified-v3-normuon-1e-3,3907,SCIDOCS
0.2628345526285878,1.0,0.001,0.5845381306023967,0.09622099833121564,0.4778645833333333,0.11639824097155137,0.30182209081980105,0.5474492400276243,0.0,0.0,0.0,0.0,0.0,0.0,normuon,314159,verified-v3-normuon-1e-3,3907,SciFact
0.08062958362309526,0.8798327739955403,0.001,0.5865694888110051,0.09530877274325544,0.5052083333333334,0.09762904309546971,0.2851405847551756,0.5060130004637188,0.29557291666666663,1.8575658787950535,0.2955729166666667,0.0,0.0,0.0,normuon,314159,verified-v3-normuon-1e-3,3907,TRECCOVID
0.3334306989623821,1.0,0.001,0.569831278738396,0.11115197551096484,0.4908854166666667,0.11224551878214242,0.2888392862905259,0.5024475280589827,0.0,0.0,0.0,0.0,0.0,0.0,normuon,314159,verified-v3-normuon-1e-3,3907,Touche2020
0.2554551320921724,1.0,0.001,0.5741996016837402,0.09118638546120725,0.484375,0.10470263998141593,0.29193773736439566,0.534499774782349,0.0,0.0,0.0,0.0,0.0,0.0,normuon,271828,verified-v3-normuon-1e-3,3907,ArguAna
0.006931395960412257,0.7663223516587734,0.001,0.5920590288482939,0.10703639234284743,0.4700520833333333,0.1194557425210898,0.3341069666109171,0.5274167360948387,0.37997730918728406,0.5564233355871437,0.3802083333333333,0.0014296158609180543,0.0013020833333333335,0.002562710938800432,normuon,271828,verified-v3-normuon-1e-3,3907,ClimateFEVER
0.295086489619399,1.0,0.001,0.6008187566753993,0.11076161471012769,0.4895833333333333,0.12294448772749529,0.3023161027669071,0.5260645162670051,0.0,0.0,0.0,0.0,0.0,0.0,normuon,271828,verified-v3-normuon-1e-3,3907,DBPedia
0.4461973982028349,1.0,0.001,0.5383292643944638,0.11647428083879698,0.4739583333333333,0.11700799648762836,0.30616551150688265,0.5011429468115158,0.0,0.0,0.0,0.0,0.0,0.0,normuon,271828,verified-v3-normuon-1e-3,3907,FEVER
0.23162694529987257,0.9538662191964322,0.001,0.6039575997979613,0.11149713547937995,0.5208333333333334,0.11660621840866908,0.29342012627716874,0.5111990526272503,0.01432291666666667,0.25373579441962296,0.014322916666666666,0.0,0.0,0.0,normuon,271828,verified-v3-normuon-1e-3,3907,FiQA2018
0.29981699738234013,1.0,0.001,0.5772832473481231,0.09411319392358891,0.4622395833333333,0.12470328426693758,0.3051655587652222,0.5698989641829293,0.0,0.0,0.0,0.0,0.0,0.0,normuon,271828,verified-v3-normuon-1e-3,3907,HotpotQA
0.4748763131550369,1.0,0.001,0.6106512269072817,0.10136568642693025,0.4778645833333333,0.1208600364650813,0.3058134162053284,0.5438615966334918,0.0,0.0,0.0,0.0,0.0,0.0,normuon,271828,verified-v3-normuon-1e-3,3907,MSMARCO
-0.013554493904539942,0.6732365253659673,0.001,0.6043735896704927,0.105879329538515,0.47265625,0.11841768738877857,0.312022663682443,0.527950344641293,0.0727474192009262,1.2609348917595904,0.08072916666666667,0.008183109598216096,0.0013020833333333333,0.006447871348023693,normuon,271828,verified-v3-normuon-1e-3,3907,NFCorpus
0.4568555020952785,1.0,0.001,0.5759982662348713,0.1205394131908083,0.4895833333333333,0.12064617278282694,0.2962902431134425,0.5002213224965075,0.0,0.0,0.0,0.0,0.0,0.0,normuon,271828,verified-v3-normuon-1e-3,3907,NQ
0.5051924547683603,1.0,0.001,0.582081283157488,0.10308729593503028,0.49609375,0.1032502911657784,0.2872013347763887,0.500394972222556,0.0,0.0,0.0,0.0,0.0,0.0,normuon,271828,verified-v3-normuon-1e-3,3907,QuoraRetrieval
0.09518549268202288,0.8786578044455182,0.001,0.591252145365882,0.11322470188109562,0.5091145833333334,0.11331551921829376,0.28523827564714993,0.500200444178869,0.41437893891933214,0.6323533784412525,0.421875,0.0038307025158149308,0.002604166666666667,0.006021374363929494,normuon,271828,verified-v3-normuon-1e-3,3907,SCIDOCS
0.2628345526285879,1.0,0.001,0.5931675915776126,0.09742527827064269,0.4752604166666667,0.11699341703741704,0.30493006912661996,0.5456306730592227,0.0,0.0,0.0,0.0,0.0,0.0,normuon,271828,verified-v3-normuon-1e-3,3907,SciFact
0.08062958362309519,0.8798327739955403,0.001,0.5655775771186999,0.10051375298744296,0.5,0.10231203310614548,0.29991602730736794,0.5044330658180533,0.281955561862666,1.8560834404021893,0.2916666666666667,0.0,0.0,0.0,normuon,271828,verified-v3-normuon-1e-3,3907,TRECCOVID
0.33343069896238214,1.0,0.001,0.5744011722751001,0.10135442121711252,0.46875,0.10177302035779909,0.3360557948358815,0.5010303854994702,0.0,0.0,0.0,0.0,0.0,0.0,normuon,271828,verified-v3-normuon-1e-3,3907,Touche2020
0.2554551320921724,1.0,0.001,0.5930169169358376,0.08775699958849692,0.4752604166666667,0.10261674307845485,0.323353818997173,0.5390278178119191,0.0,0.0,0.0,0.0,0.0,0.0,normuon,161803,verified-v3-normuon-1e-3,3907,ArguAna
0.006931395960412243,0.7663223516587734,0.001,0.5575536869821128,0.10979677397981592,0.44921875,0.12247402199232968,0.3290443438411303,0.5272898018871776,0.31686718320776147,0.5119840499275266,0.3424479166666667,0.0014296158609180543,0.0013020833333333335,0.0027845302066952324,normuon,161803,verified-v3-normuon-1e-3,3907,ClimateFEVER
0.295086489619399,1.0,0.001,0.5829729697671909,0.10925492040862388,0.4869791666666667,0.12232002695702762,0.2866659040583269,0.5282092400258096,0.0,0.0,0.0,0.0,0.0,0.0,normuon,161803,verified-v3-normuon-1e-3,3907,DBPedia
0.4461973982028349,1.0,0.001,0.5607463202030188,0.11539201945444988,0.4830729166666667,0.11654375682128336,0.30771513149920054,0.5024828799276405,0.0,0.0,0.0,0.0,0.0,0.0,normuon,161803,verified-v3-normuon-1e-3,3907,FEVER
0.23162694529987263,0.9538662191964322,0.001,0.5759488841593396,0.10227905948775584,0.4947916666666667,0.10642036208336689,0.3046779968916675,0.5099216915994177,0.006510416666666668,0.11533445200891952,0.006510416666666667,0.0,0.0,0.0,normuon,161803,verified-v3-normuon-1e-3,3907,FiQA2018
0.29981699738234024,1.0,0.001,0.5799747931512937,0.10014785408602574,0.4791666666666667,0.130861890149781,0.30152955070755616,0.5664777933185439,0.0,0.0,0.0,0.0,0.0,0.0,normuon,161803,verified-v3-normuon-1e-3,3907,HotpotQA
0.4748763131550369,1.0,0.001,0.6061151737000103,0.0994976943079284,0.4986979166666667,0.12102828276572376,0.30505587960607017,0.5488164449909783,0.0,0.0,0.0,0.0,0.0,0.0,normuon,161803,verified-v3-normuon-1e-3,3907,MSMARCO
-0.013554493904539963,0.6732365253659673,0.001,0.627001667497344,0.10889989141658192,0.48046875,0.12153981754784368,0.3191238865473645,0.5274256684927794,0.06185148415925788,1.0571635806593505,0.0703125,0.014450867938524726,0.002559207882003534,0.013485137268756102,normuon,161803,verified-v3-normuon-1e-3,3907,NFCorpus
0.4568555020952785,1.0,0.001,0.5638584715227172,0.1254725870689041,0.4778645833333333,0.12562584072934901,0.32348460131296836,0.5003051665073907,0.0,0.0,0.0,0.0,0.0,0.0,normuon,161803,verified-v3-normuon-1e-3,3907,NQ
0.5051924547683603,1.0,0.001,0.5880893067422484,0.1048448496266145,0.5,0.1050134508172959,0.2876015812812346,0.5004017024590516,0.0,0.0,0.0,0.0,0.0,0.0,normuon,161803,verified-v3-normuon-1e-3,3907,QuoraRetrieval
0.09518549268202287,0.8786578044455182,0.001,0.5760891504157095,0.11273778009883026,0.4895833333333333,0.11278541265889436,0.28657489774311745,0.5001056045710457,0.4212734985297691,0.6400147834728822,0.42578125,0.011006372150455381,0.007737153628235154,0.01690632025608605,normuon,161803,verified-v3-normuon-1e-3,3907,SCIDOCS
0.2628345526285878,1.0,0.001,0.5765321631070544,0.0995169874162235,0.4752604166666667,0.11956437993355895,0.2899048084309726,0.5457533033499102,0.0,0.0,0.0,0.0,0.0,0.0,normuon,161803,verified-v3-normuon-1e-3,3907,SciFact
0.08062958362309527,0.8798327739955403,0.001,0.5611216912683983,0.09777965679352729,0.5,0.09964959886613678,0.2835873020809152,0.5047357268971144,0.30208333333333326,1.898481426786134,0.3020833333333333,0.0,0.0,0.0,normuon,161803,verified-v3-normuon-1e-3,3907,TRECCOVID
0.33343069896238214,1.0,0.001,0.5794608951309395,0.10782283907325929,0.5104166666666666,0.10900859644842126,0.29691752193103343,0.5027342838281477,0.0,0.0,0.0,0.0,0.0,0.0,normuon,161803,verified-v3-normuon-1e-3,3907,Touche2020
0.23928987242115926,1.0,0.0001,0.5870253190710573,0.09742322529367115,0.5013020833333334,0.09790001422095286,0.3058658765974353,0.5012205125423542,0.0,0.0,0.0,0.0,0.0,0.0,normuon,314159,verified-v3-normuon-1e-4,3907,ArguAna
0.010235952109643514,0.7692254509182683,0.0001,0.5943537546594015,0.09771393678805755,0.48046875,0.10871632532147554,0.3160389448590887,0.5266491657303134,0.08795237484261478,0.3382785813449307,0.2760416666666667,0.17587842755818422,0.012578576222946818,0.34207143832075204,normuon,314159,verified-v3-normuon-1e-4,3907,ClimateFEVER
0.3007754294766283,1.0,0.0001,0.6031622597555287,0.10407617019873855,0.5065104166666666,0.11029924298103264,0.30207043962481034,0.514514427494247,0.0,0.0,0.0,0.0,0.0,0.0,normuon,314159,verified-v3-normuon-1e-4,3907,DBPedia
0.41415961999634093,1.0,0.0001,0.6152672645215475,0.10209685673719146,0.4661458333333333,0.12441605690530075,0.3273346872872492,0.549266948645886,0.0,0.0,0.0,0.0,0.0,0.0,normuon,314159,verified-v3-normuon-1e-4,3907,FEVER
0.22325744840300074,0.9769331095982161,0.0001,0.5826196003609317,0.11398190140038178,0.4817708333333333,0.1152067319006943,0.30186747425031774,0.5026721013225458,0.0,0.0,0.0,0.0,0.0,0.0,normuon,314159,verified-v3-normuon-1e-4,3907,FiQA2018
0.3031724418928221,1.0,0.0001,0.5944247761959215,0.11843555244150379,0.4947916666666667,0.11866831453341528,0.29004246581272236,0.500490844149615,0.0,0.0,0.0,0.0,0.0,0.0,normuon,314159,verified-v3-normuon-1e-4,3907,HotpotQA
0.43237313974261193,1.0,0.0001,0.6340089093414122,0.10630743814301213,0.51953125,0.10800862548232745,0.2941414771724638,0.5039688750123026,0.0,0.0,0.0,0.0,0.0,0.0,normuon,314159,verified-v3-normuon-1e-4,3907,MSMARCO
0.0026270871469377816,0.7190574688428424,0.0001,0.6220364138916137,0.08208813710545307,0.3971354166666667,0.14500020941888997,0.38205344326142154,0.6385189360800003,0.04571421986643077,0.15579728817664892,0.026041666666666668,0.06512194276885382,0.04427083333333332,0.2947771567470211,normuon,314159,verified-v3-normuon-1e-4,3907,NFCorpus
0.4242871322031083,1.0,0.0001,0.5922527602244595,0.10539589008583203,0.46875,0.13810602691113344,0.3207523484288782,0.5671660766139042,0.0,0.0,0.0,0.0,0.0,0.0,normuon,314159,verified-v3-normuon-1e-4,3907,NQ
0.4859349189601564,1.0,0.0001,0.5881482374129537,0.09879618226120739,0.5091145833333334,0.09920838508044284,0.2884764566797175,0.5010408921995325,0.0,0.0,0.0,0.0,0.0,0.0,normuon,314159,verified-v3-normuon-1e-4,3907,QuoraRetrieval
0.09923850556071345,0.8583298984711626,0.0001,0.5603739710435961,0.10630203783714676,0.4830729166666667,0.120589996598498,0.2896146987400259,0.5314862502707292,0.38759807457004986,0.5688593235985172,0.38671875,0.0008236331695207488,0.0013020833333333333,0.0014457746361124047,normuon,314159,verified-v3-normuon-1e-4,3907,SCIDOCS
0.2660604924796357,1.0,0.0001,0.5961281091746757,0.11162942344780016,0.5052083333333334,0.11269630092017492,0.28402306426612545,0.5023779650670486,0.0,0.0,0.0,0.0,0.0,0.0,normuon,314159,verified-v3-normuon-1e-4,3907,SciFact
0.07781306909719218,0.9110827739955403,0.0001,0.6020381833113013,0.10359981926600675,0.4778645833333333,0.10820265091957305,0.3041415107676804,0.5108658592355729,0.005208333333333333,0.09226756160713562,0.005208333333333333,0.0,0.0,0.0,normuon,314159,verified-v3-normuon-1e-4,3907,TRECCOVID
0.3030551818264349,1.0,0.0001,0.5792353731907092,0.09612644149448109,0.4518229166666667,0.12893126834763027,0.3408418885668464,0.5728809221336236,0.0,0.0,0.0,0.0,0.0,0.0,normuon,314159,verified-v3-normuon-1e-4,3907,Touche2020
0.23928987242115932,1.0,0.0001,0.6020263664935168,0.09484319652302438,0.4856770833333333,0.09593962154926507,0.3057201553279071,0.5028734899644507,0.0,0.0,0.0,0.0,0.0,0.0,normuon,271828,verified-v3-normuon-1e-4,3907,ArguAna
0.010235952109643528,0.7692254509182683,0.0001,0.6037341782551987,0.09925917996437328,0.49609375,0.11106119562816284,0.31880989263612114,0.5280572332341545,0.07937532687134187,0.3085403920412584,0.265625,0.26821615776417745,0.018979041508837363,0.465042239840463,normuon,271828,verified-v3-normuon-1e-4,3907,ClimateFEVER
0.3007754294766283,1.0,0.0001,0.605794557507491,0.1058407618512383,0.5065104166666666,0.11135385673361897,0.3053831658166462,0.5126916010127266,0.0,0.0,0.0,0.0,0.0,0.0,normuon,271828,verified-v3-normuon-1e-4,3907,DBPedia
0.414159619996341,1.0,0.0001,0.6041112553443148,0.09929018583645599,0.4856770833333333,0.1201027096230538,0.32104623400094734,0.5474320823903773,0.0,0.0,0.0,0.0,0.0,0.0,normuon,271828,verified-v3-normuon-1e-4,3907,FEVER
0.2232574484030007,0.9769331095982161,0.0001,0.5929449554766774,0.11352055579291478,0.4908854166666667,0.11426228297924976,0.289511573611108,0.5016281454527768,0.0,0.0,0.0,0.0,0.0,0.0,normuon,271828,verified-v3-normuon-1e-4,3907,FiQA2018
0.3031724418928221,1.0,0.0001,0.603326063852779,0.11168529408048355,0.5104166666666666,0.11198633942946193,0.29969631092077165,0.5006729627361644,0.0,0.0,0.0,0.0,0.0,0.0,normuon,271828,verified-v3-normuon-1e-4,3907,HotpotQA
0.4323731397426119,1.0,0.0001,0.6210624167933837,0.11144644054534758,0.4973958333333333,0.1137747829245152,0.2991038688655335,0.5051690119236902,0.0,0.0,0.0,0.0,0.0,0.0,normuon,271828,verified-v3-normuon-1e-4,3907,MSMARCO
0.002627087146937778,0.7190574688428424,0.0001,0.6123153558532446,0.0923324782810187,0.4296875,0.15477435147541227,0.35880243402691514,0.6263459072659817,0.04084202631225747,0.14729597276788972,0.0234375,0.05554518647931649,0.037760416666666664,0.273835875743653,normuon,271828,verified-v3-normuon-1e-4,3907,NFCorpus
0.4242871322031083,1.0,0.0001,0.5475053544456091,0.10644520933440682,0.46484375,0.1393255984321887,0.30790837888060624,0.5668923811509133,0.0,0.0,0.0,0.0,0.0,0.0,normuon,271828,verified-v3-normuon-1e-4,3907,NQ
0.4859349189601565,1.0,0.0001,0.594279965003295,0.10087793905054651,0.50390625,0.10129240167249393,0.2982489481036025,0.5010250331984037,0.0,0.0,0.0,0.0,0.0,0.0,normuon,271828,verified-v3-normuon-1e-4,3907,QuoraRetrieval
0.09923850556071348,0.8583298984711626,0.0001,0.6124379651802062,0.10735771004181571,0.4895833333333333,0.12220433950257044,0.3133149199256114,0.5323368550904232,0.39102669069175877,0.5707746748564247,0.3880208333333333,0.006301602024377177,0.0032970611850845913,0.010919877106088018,normuon,271828,verified-v3-normuon-1e-4,3907,SCIDOCS
0.2660604924796357,1.0,0.0001,0.5868422868732881,0.11754537932285843,0.5221354166666666,0.11949371773124792,0.2758238315669876,0.5041097406136861,0.0,0.0,0.0,0.0,0.0,0.0,normuon,271828,verified-v3-normuon-1e-4,3907,SciFact
0.07781306909719218,0.9110827739955403,0.0001,0.5751655712119551,0.10461234885805179,0.4986979166666667,0.10807891348084328,0.28103755014615955,0.5081492878096421,0.0078125,0.13840134241070343,0.0078125,0.0,0.0,0.0,normuon,271828,verified-v3-normuon-1e-4,3907,TRECCOVID
0.3030551818264349,1.0,0.0001,0.6025990591390189,0.08398440659642742,0.42578125,0.11806084356113072,0.36656980007739204,0.5843287257139922,0.0,0.0,0.0,0.0,0.0,0.0,normuon,271828,verified-v3-normuon-1e-4,3907,Touche2020
0.2392898724211593,1.0,0.0001,0.5724199796131283,0.09590107563241257,0.46875,0.09617521372980703,0.3092692620744895,0.5007136177461172,0.0,0.0,0.0,0.0,0.0,0.0,normuon,161803,verified-v3-normuon-1e-4,3907,ArguAna
0.010235952109643598,0.7692254509182683,0.0001,0.5844372573646609,0.10092339009986517,0.4765625,0.11280419236196898,0.3227943531212461,0.5277942653102001,0.07922206262571628,0.31828023649968656,0.2526041666666667,0.22450315557749473,0.01618076630231931,0.4136146368044575,normuon,161803,verified-v3-normuon-1e-4,3907,ClimateFEVER
0.30077542947662833,1.0,0.0001,0.5989580972935042,0.10785256407828611,0.4947916666666667,0.11244546399325361,0.2843251121519344,0.5104242873964264,0.0,0.0,0.0,0.0,0.0,0.0,normuon,161803,verified-v3-normuon-1e-4,3907,DBPedia
0.414159619996341,1.0,0.0001,0.5869377558256289,0.09770503337140068,0.4791666666666667,0.11959706513890463,0.321806338030439,0.5503723431977481,0.0,0.0,0.0,0.0,0.0,0.0,normuon,161803,verified-v3-normuon-1e-4,3907,FEVER
0.22325744840300074,0.9769331095982161,0.0001,0.5932469791553077,0.10703360155395913,0.48828125,0.10831351691787261,0.3049064940292283,0.5029717494550104,0.0,0.0,0.0,0.0,0.0,0.0,normuon,161803,verified-v3-normuon-1e-4,3907,FiQA2018
0.3031724418928222,1.0,0.0001,0.5966240434414549,0.11528898857859932,0.49609375,0.11544804036837039,0.2868428161726817,0.5003446603054935,0.0,0.0,0.0,0.0,0.0,0.0,normuon,161803,verified-v3-normuon-1e-4,3907,HotpotQA
0.43237313974261193,1.0,0.0001,0.5703794224694033,0.10549381904431894,0.5026041666666666,0.10954738530774713,0.2598317473246318,0.5094250919856077,0.0,0.0,0.0,0.0,0.0,0.0,normuon,161803,verified-v3-normuon-1e-4,3907,MSMARCO
0.002627087146937771,0.7190574688428424,0.0001,0.6052319147598969,0.09044506231843498,0.4192708333333333,0.15192523282665205,0.3654726644885347,0.6268310757129169,0.033522451862934594,0.17706353437502534,0.0234375,0.06400516423462854,0.04383048706583535,0.265505910156622,normuon,161803,verified-v3-normuon-1e-4,3907,NFCorpus
0.4242871322031084,1.0,0.0001,0.5799840747913086,0.10550079521718944,0.4361979166666667,0.13842519432458683,0.33309298119754727,0.5674885016747232,0.0,0.0,0.0,0.0,0.0,0.0,normuon,161803,verified-v3-normuon-1e-4,3907,NQ
0.4859349189601565,1.0,0.0001,0.5743648965783038,0.10243201146216396,0.5130208333333334,0.1026359262959343,0.29027417865401084,0.5004971884829965,0.0,0.0,0.0,0.0,0.0,0.0,normuon,161803,verified-v3-normuon-1e-4,3907,QuoraRetrieval
0.09923850556071348,0.8583298984711626,0.0001,0.6238873441883185,0.11195889961461367,0.4869791666666667,0.12659075325983377,0.3195154032702835,0.530668360798079,0.3653410253812367,0.5475223748426692,0.3684895833333333,0.003562617596948963,0.002020236764607654,0.006464733472739807,normuon,161803,verified-v3-normuon-1e-4,3907,SCIDOCS
0.2660604924796357,1.0,0.0001,0.590323723349507,0.114807834508408,0.5247395833333334,0.11580176960285163,0.2820363617012567,0.5021550166964514,0.0,0.0,0.0,0.0,0.0,0.0,normuon,161803,verified-v3-normuon-1e-4,3907,SciFact
0.07781306909719216,0.9110827739955403,0.0001,0.5947283150214261,0.10013684488222944,0.5013020833333334,0.10412639472856654,0.2948920873090649,0.5097657068739798,0.0013020833333333333,0.023066890401783904,0.0013020833333333333,0.0,0.0,0.0,normuon,161803,verified-v3-normuon-1e-4,3907,TRECCOVID
0.3030551818264349,1.0,0.0001,0.5695870547717475,0.09176002905740206,0.453125,0.12531359910582146,0.32282407688973674,0.5772861501701845,0.0,0.0,0.0,0.0,0.0,0.0,normuon,161803,verified-v3-normuon-1e-4,3907,Touche2020
0.22690953731200014,1.0,0.003,0.5841938788217478,0.08263359678735871,0.48828125,0.08271336696565865,0.3125728487595854,0.5002412205718489,0.0,0.0,0.0,0.0,0.0,0.0,normuon,314159,verified-v3-normuon-3e-3,3907,ArguAna
0.021838396658998095,0.871778694929962,0.003,0.5755138296492969,0.10423596258909591,0.4921875,0.10424156391088579,0.2987496744618126,0.5000134338743458,0.13754485902197397,0.17687371818264136,0.010416666666666666,1.6145307967104228,0.12826662406529998,0.9012653386143779,normuon,314159,verified-v3-normuon-3e-3,3907,ClimateFEVER
0.2393411746993718,1.0,0.003,0.5885110617764135,0.11127986058073107,0.48828125,0.11135348528357397,0.29914000324122303,0.5001653496751736,0.0,0.0,0.0,0.0,0.0,0.0,normuon,314159,verified-v3-normuon-3e-3,3907,DBPedia
0.39315631459092104,1.0,0.003,0.5625091301992683,0.09148662700984833,0.40625,0.13774995395720407,0.3757888710682217,0.600907383001854,0.0,0.0,0.0,0.0,0.0,0.0,normuon,314159,verified-v3-normuon-3e-3,3907,FEVER
0.18198108153978124,0.9538662191964322,0.003,0.5750819747479008,0.09429066579755645,0.4752604166666667,0.10770136113743944,0.3119232906941817,0.5331961007158931,0.0,0.0,0.0,0.0,0.0,0.0,normuon,314159,verified-v3-normuon-3e-3,3907,FiQA2018
0.25162397997913355,0.9769331095982161,0.003,0.6069100596798879,0.11391853169326785,0.4869791666666667,0.12482301088995515,0.29850243278151406,0.5228374146340411,0.00390625,0.06920067120535171,0.00390625,0.0,0.0,0.0,normuon,314159,verified-v3-normuon-3e-3,3907,HotpotQA
0.4255394210531001,1.0,0.003,0.6316519755311139,0.1007691471579284,0.5026041666666666,0.1140947143589666,0.3190731639561573,0.5310093263403217,0.0,0.0,0.0,0.0,0.0,0.0,normuon,314159,verified-v3-normuon-3e-3,3907,MSMARCO
-0.04029594616010147,0.6349201943019765,0.003,0.6211901453905013,0.09304115253999672,0.4661458333333333,0.12415064070307756,0.3344047524977262,0.5716175498589491,0.34585079410810365,6.28685344787831,0.7838541666666666,0.006300442315456577,0.010008815224044709,0.0010011581514436135,normuon,314159,verified-v3-normuon-3e-3,3907,NFCorpus
0.3759083283699416,1.0,0.003,0.5677669299978808,0.10783604756449183,0.4908854166666667,0.11530322897955016,0.2823296578826861,0.51673210904577,0.0,0.0,0.0,0.0,0.0,0.0,normuon,314159,verified-v3-normuon-3e-3,3907,NQ
0.4448856298736362,1.0,0.003,0.5930200415056651,0.09263699072873202,0.5169270833333334,0.09652932179135315,0.29753191833250564,0.5102881189857942,0.0,0.0,0.0,0.0,0.0,0.0,normuon,314159,verified-v3-normuon-3e-3,3907,QuoraRetrieval
0.052740298081805664,0.7723157717261977,0.003,0.6135357009965531,0.10687782045614935,0.5026041666666666,0.1073286917051853,0.30947863647175716,0.5010524218999849,0.0026041666666666665,0.0022335570684505687,0.0026041666666666665,0.0,0.0,0.0,normuon,314159,verified-v3-normuon-3e-3,3907,SCIDOCS
0.20546630087145484,1.0,0.003,0.5800689423475656,0.09192190594394589,0.5,0.10458499748096883,0.29745221692399737,0.532220474996853,0.0,0.0,0.0,0.0,0.0,0.0,normuon,314159,verified-v3-normuon-3e-3,3907,SciFact
0.03791632800936507,0.8211831684733435,0.003,0.6063997214643075,0.09304110473833302,0.49609375,0.09642538553188826,0.31195819737981473,0.5089310800784046,0.011718749999999997,0.0,0.0,0.0389944360837164,0.011718749999999997,1.0,normuon,314159,verified-v3-normuon-3e-3,3907,TRECCOVID
0.2844689192544424,1.0,0.003,0.5821465350363253,0.0981259119713376,0.4895833333333333,0.12069874556565074,0.29451774921327667,0.5515774452668746,0.0,0.0,0.0,0.0,0.0,0.0,normuon,314159,verified-v3-normuon-3e-3,3907,Touche2020
0.22690953731200006,1.0,0.003,0.559153520766024,0.08779841179888048,0.4973958333333333,0.08785559546886365,0.2897265310600463,0.5001627735992838,0.0,0.0,0.0,0.0,0.0,0.0,normuon,271828,verified-v3-normuon-3e-3,3907,ArguAna
0.02183839665899811,0.871778694929962,0.003,0.5890123422699163,0.10658362562188559,0.4973958333333333,0.10661823165126595,0.3021182361925671,0.5000811578984887,0.12822857426191397,0.1807044206984563,0.010416666666666666,1.4723814270907989,0.11929873239103268,0.8906866083572609,normuon,271828,verified-v3-normuon-3e-3,3907,ClimateFEVER
0.23934117469937172,1.0,0.003,0.6173242597424135,0.11295071696790814,0.4986979166666667,0.11341724614231977,0.3018539001830427,0.5010304664317372,0.0,0.0,0.0,0.0,0.0,0.0,normuon,271828,verified-v3-normuon-3e-3,3907,DBPedia
0.39315631459092104,1.0,0.003,0.5884303388784202,0.0944506358138186,0.41796875,0.14138105640066212,0.37248527440034745,0.5994998173192133,0.0,0.0,0.0,0.0,0.0,0.0,normuon,271828,verified-v3-normuon-3e-3,3907,FEVER
0.18198108153978115,0.9538662191964322,0.003,0.594701491107903,0.0944399234511904,0.4765625,0.10786132114638636,0.3035021409810075,0.533171811972522,0.0,0.0,0.0,0.0,0.0,0.0,normuon,271828,verified-v3-normuon-3e-3,3907,FiQA2018
0.25162397997913355,0.9769331095982161,0.003,0.6065401975685694,0.1095813665824609,0.484375,0.1194538194156569,0.31477260397216095,0.5215522623525565,0.0013020833333333333,0.023066890401783904,0.0013020833333333333,0.0,0.0,0.0,normuon,271828,verified-v3-normuon-3e-3,3907,HotpotQA
0.42553942105310016,1.0,0.003,0.6071694073622312,0.10044217574620692,0.4895833333333333,0.11355126326857572,0.3021680413581266,0.5306296482329611,0.0,0.0,0.0,0.0,0.0,0.0,normuon,271828,verified-v3-normuon-3e-3,3907,MSMARCO
-0.04029594616010146,0.6349201943019765,0.003,0.6041191235577785,0.09757219601264516,0.4557291666666667,0.12738394838067718,0.32572927665205326,0.5662612538288974,0.37326951611577,6.714999731531087,0.7825520833333334,0.008846836710599916,0.011132935277842674,0.0013157404204292246,normuon,271828,verified-v3-normuon-3e-3,3907,NFCorpus
0.3759083283699416,1.0,0.003,0.5744154180024252,0.10350522058513886,0.4856770833333333,0.1122190534184695,0.31582015834709914,0.5201966905986316,0.0,0.0,0.0,0.0,0.0,0.0,normuon,271828,verified-v3-normuon-3e-3,3907,NQ
0.4448856298736362,1.0,0.003,0.5924845559383422,0.0943987722301728,0.4622395833333333,0.09815918402361973,0.31020423126299723,0.5097643635885154,0.0,0.0,0.0,0.0,0.0,0.0,normuon,271828,verified-v3-normuon-3e-3,3907,QuoraRetrieval
0.052740298081805706,0.7723157717261977,0.003,0.6228860077252012,0.11183248877833515,0.4908854166666667,0.11185740741639037,0.3191726595615976,0.5000556990692899,0.0026041666666666665,0.01636621919643219,0.0026041666666666665,0.0,0.0,0.0,normuon,271828,verified-v3-normuon-3e-3,3907,SCIDOCS
0.20546630087145487,1.0,0.003,0.5949668112735481,0.09251222666214323,0.5182291666666666,0.10404829099222636,0.28789899195774427,0.5293448157029379,0.0,0.0,0.0,0.0,0.0,0.0,normuon,271828,verified-v3-normuon-3e-3,3907,SciFact
0.03791632800936515,0.8211831684733435,0.003,0.5849683029467264,0.09118368471235873,0.48046875,0.09375998821089443,0.29792647368255465,0.5069651030981871,0.011718749999999997,0.0,0.0,0.0389944360837164,0.011718749999999997,1.0,normuon,271828,verified-v3-normuon-3e-3,3907,TRECCOVID
0.28446891925444245,1.0,0.003,0.5932748115615082,0.08844660645124772,0.4466145833333333,0.10985913410905529,0.3445280964188963,0.5539886732408944,0.0,0.0,0.0,0.0,0.0,0.0,normuon,271828,verified-v3-normuon-3e-3,3907,Touche2020
0.22690953731200011,1.0,0.003,0.5973979707225617,0.08784999736858075,0.5026041666666666,0.08793714789440338,0.30218577013726206,0.5002478865155136,0.0,0.0,0.0,0.0,0.0,0.0,normuon,161803,verified-v3-normuon-3e-3,3907,ArguAna
0.021838396658998043,0.871778694929962,0.003,0.5855530195053463,0.10794567136791387,0.4869791666666667,0.10799792011489281,0.32127124366929205,0.5001209777669718,0.13138166111432,0.11150374949310458,0.006510416666666667,1.7183731411718974,0.12526048281327304,0.9390648900688708,normuon,161803,verified-v3-normuon-3e-3,3907,ClimateFEVER
0.23934117469937172,1.0,0.003,0.6005209140265536,0.11591228316004715,0.5130208333333334,0.11603303871496108,0.2923958090848691,0.5002603103911253,0.0,0.0,0.0,0.0,0.0,0.0,normuon,161803,verified-v3-normuon-3e-3,3907,DBPedia
0.393156314590921,1.0,0.003,0.5953494363687778,0.0926677016098575,0.4127604166666667,0.13964847121009552,0.35465605503031056,0.6011138592504459,0.0,0.0,0.0,0.0,0.0,0.0,normuon,161803,verified-v3-normuon-3e-3,3907,FEVER
0.1819810815397812,0.9538662191964322,0.003,0.559105220107803,0.08961715008022689,0.4752604166666667,0.10288392383017295,0.31466245337480947,0.534458960359154,0.0,0.0,0.0,0.0,0.0,0.0,normuon,161803,verified-v3-normuon-3e-3,3907,FiQA2018
0.2516239799791336,0.9769331095982161,0.003,0.5880045246067871,0.10866026070030817,0.4856770833333333,0.11736113151920899,0.29946977192572977,0.5192478922757239,0.00390625,0.06920067120535171,0.00390625,0.0,0.0,0.0,normuon,161803,verified-v3-normuon-3e-3,3907,HotpotQA
0.42553942105310016,1.0,0.003,0.5981643376129303,0.0989748840855386,0.4973958333333333,0.11317642811746699,0.2950529731687512,0.533470318624141,0.0,0.0,0.0,0.0,0.0,0.0,normuon,161803,verified-v3-normuon-3e-3,3907,MSMARCO
-0.04029594616010148,0.6349201943019765,0.003,0.615639522145266,0.09562611542952043,0.4583333333333333,0.12567663359629166,0.34349412426240344,0.5678945885196984,0.36856639969238986,6.66827225687835,0.7825520833333334,0.007417220849681862,0.010075043498110102,0.0011110793685697614,normuon,161803,verified-v3-normuon-3e-3,3907,NFCorpus
0.3759083283699415,1.0,0.003,0.5726870582462833,0.10898207523133806,0.47265625,0.11804178423489474,0.31890645748042806,0.5199532089377246,0.0,0.0,0.0,0.0,0.0,0.0,normuon,161803,verified-v3-normuon-3e-3,3907,NQ
0.4448856298736363,1.0,0.003,0.546007819866363,0.09421446928503172,0.4973958333333333,0.0986881127598776,0.2915460204127525,0.5115956028877944,0.0,0.0,0.0,0.0,0.0,0.0,normuon,161803,verified-v3-normuon-3e-3,3907,QuoraRetrieval
0.052740298081805664,0.7723157717261977,0.003,0.5774485271839103,0.10643391623503665,0.51171875,0.10646129969000219,0.28922204639668264,0.5000643120486445,0.00390625,0.024549328794648287,0.00390625,0.0,0.0,0.0,normuon,161803,verified-v3-normuon-3e-3,3907,SCIDOCS
0.2054663008714549,1.0,0.003,0.582727814870126,0.09624526708394678,0.5065104166666666,0.10852849414084961,0.28318610077612577,0.5299921898768529,0.0013020833333333333,0.0,0.0,0.023066890401783904,0.0013020833333333333,1.0,normuon,161803,verified-v3-normuon-3e-3,3907,SciFact
0.03791632800936506,0.8211831684733435,0.003,0.5901696215887265,0.08947014138598858,0.4908854166666667,0.09168814083161032,0.29061200995188263,0.5061217169275143,0.016927083333333332,0.0,0.0,0.05632529656536814,0.016927083333333332,1.0,normuon,161803,verified-v3-normuon-3e-3,3907,TRECCOVID
0.28446891925444245,1.0,0.003,0.5783944140170456,0.08805098389412869,0.453125,0.11130159808718343,0.3195079533736491,0.5583153073864735,0.0,0.0,0.0,0.0,0.0,0.0,normuon,161803,verified-v3-normuon-3e-3,3907,Touche2020
0.2558597424578803,1.0,0.0003,0.59371691274315,0.09747113155155276,0.4986979166666667,0.09952837757727087,0.3057533015628859,0.5052214496239501,0.0,0.0,0.0,0.0,0.0,0.0,normuon,314159,verified-v3-normuon-3e-4,3907,ArguAna
0.009258620857079685,0.7677958350573502,0.0003,0.5896515544198733,0.10016348660456612,0.4921875,0.109874387980164,0.31231798121450055,0.5231170244766509,0.07229787223435272,0.15163043108701094,0.13020833333333334,0.4085753413552622,0.04044964940877264,0.7293308306589507,normuon,314159,verified-v3-normuon-3e-4,3907,ClimateFEVER
0.30382702420116703,1.0,0.0003,0.5971736523716787,0.10787573729308148,0.515625,0.11164290218228681,0.2930678307836734,0.5085805125665149,0.0,0.0,0.0,0.0,0.0,0.0,normuon,314159,verified-v3-normuon-3e-4,3907,DBPedia
0.441502512563399,1.0,0.0003,0.5611189012193696,0.10668151350161989,0.47265625,0.11461667365945201,0.3020609699719316,0.5179286605544051,0.0,0.0,0.0,0.0,0.0,0.0,normuon,314159,verified-v3-normuon-3e-4,3907,FEVER
0.23436771343516383,0.9538662191964322,0.0003,0.5805147765043035,0.11235304514781709,0.4830729166666667,0.1166559343553602,0.30085383422516354,0.5093945862229464,0.009114583333333334,0.16146823281248734,0.009114583333333334,0.0,0.0,0.0,normuon,314159,verified-v3-normuon-3e-4,3907,FiQA2018
0.3050037737477962,1.0,0.0003,0.5733050059137622,0.11445102891263671,0.50390625,0.12343480443653138,0.2807077080137449,0.5188825357891496,0.0,0.0,0.0,0.0,0.0,0.0,normuon,314159,verified-v3-normuon-3e-4,3907,HotpotQA
0.4560594447698094,1.0,0.0003,0.6278491528945049,0.10246374541376187,0.515625,0.11331863839164572,0.29988749487328414,0.5251524076860528,0.0,0.0,0.0,0.0,0.0,0.0,normuon,314159,verified-v3-normuon-3e-4,3907,MSMARCO
0.0010708018329126465,0.7190574688428424,0.0003,0.6125030042224375,0.09932039750274799,0.47265625,0.11823570783609538,0.32571969458213657,0.543472258119088,0.010817748175627693,0.017482997730657476,0.00390625,0.15091716712933245,0.009046433679926061,0.8961818253254499,normuon,314159,verified-v3-normuon-3e-4,3907,NFCorpus
0.44576083759595125,1.0,0.0003,0.5826528745809908,0.10479758647907428,0.4752604166666667,0.1283464335303339,0.30281338813690406,0.5505027901858889,0.0,0.0,0.0,0.0,0.0,0.0,normuon,314159,verified-v3-normuon-3e-4,3907,NQ
0.4970121450534894,1.0,0.0003,0.6137335885955768,0.10302817408755863,0.4986979166666667,0.10389240633308866,0.3020910498569783,0.5020883187254094,0.0,0.0,0.0,0.0,0.0,0.0,normuon,314159,verified-v3-normuon-3e-4,3907,QuoraRetrieval
0.10372491387345642,0.86024524972907,0.0003,0.5724175031592056,0.11379270611388474,0.5091145833333334,0.11457400750581026,0.28360355010458077,0.5017106288818138,0.19519514426626797,0.4053696952593757,0.19270833333333334,0.00465433568533568,0.0025250933969789145,0.011351372929561978,normuon,314159,verified-v3-normuon-3e-4,3907,SCIDOCS
0.2710993283322659,1.0,0.0003,0.585203918300113,0.11040207255614856,0.5026041666666666,0.11152778053870906,0.2769146388805623,0.5025361797136849,0.0,0.0,0.0,0.0,0.0,0.0,normuon,314159,verified-v3-normuon-3e-4,3907,SciFact
0.08326146884951674,0.9110827739955403,0.0003,0.6075768506964977,0.10174951290998031,0.4908854166666667,0.10609508664998248,0.3070702720485579,0.5104539010135515,0.005208333333333333,0.09226756160713562,0.005208333333333333,0.0,0.0,0.0,normuon,314159,verified-v3-normuon-3e-4,3907,TRECCOVID
0.3219874036327179,1.0,0.0003,0.5700536096300175,0.10092187961050589,0.4583333333333333,0.12140910344975896,0.31806680678986765,0.5460737040723195,0.0,0.0,0.0,0.0,0.0,0.0,normuon,314159,verified-v3-normuon-3e-4,3907,Touche2020
0.2558597424578803,1.0,0.0003,0.6017537316620101,0.09801338815709472,0.50390625,0.10067574972590704,0.30481371323996764,0.5066998166008956,0.0,0.0,0.0,0.0,0.0,0.0,normuon,271828,verified-v3-normuon-3e-4,3907,ArguAna
0.009258620857079776,0.7677958350573502,0.0003,0.5974084657805067,0.10505633563929426,0.4921875,0.11285709988309342,0.3193655097305732,0.5178987684377949,0.07289103753548962,0.1425670005245132,0.12369791666666667,0.3484522524344885,0.03905777538867187,0.7096508952238234,normuon,271828,verified-v3-normuon-3e-4,3907,ClimateFEVER
0.303827024201167,1.0,0.0003,0.5961647106481132,0.1072852177797991,0.5104166666666666,0.1104098522700257,0.2937210544286979,0.5071766312611293,0.0,0.0,0.0,0.0,0.0,0.0,normuon,271828,verified-v3-normuon-3e-4,3907,DBPedia
0.44150251256339895,1.0,0.0003,0.5675010777958135,0.11033135705904587,0.48828125,0.11692947556523928,0.31530174003579314,0.5145166204620522,0.0,0.0,0.0,0.0,0.0,0.0,normuon,271828,verified-v3-normuon-3e-4,3907,FEVER
0.2343677134351637,0.9538662191964322,0.0003,0.5802033468090358,0.11175150025732254,0.5013020833333334,0.11493383011852572,0.28452266636848955,0.507019267316343,0.011718749999999998,0.20760201361605513,0.01171875,0.0,0.0,0.0,normuon,271828,verified-v3-normuon-3e-4,3907,FiQA2018
0.3050037737477962,1.0,0.0003,0.5984545487680285,0.10856583737299472,0.48046875,0.1147117553390381,0.2974901741021224,0.5137629528592463,0.0,0.0,0.0,0.0,0.0,0.0,normuon,271828,verified-v3-normuon-3e-4,3907,HotpotQA
0.45605944476980936,1.0,0.0003,0.633203420793854,0.1099404735363709,0.4973958333333333,0.11998760867235722,0.3050616984912771,0.5218484298209071,0.0,0.0,0.0,0.0,0.0,0.0,normuon,271828,verified-v3-normuon-3e-4,3907,MSMARCO
0.0010708018329126396,0.7190574688428424,0.0003,0.6209257761092893,0.1098686151754312,0.4635416666666667,0.12818538790538608,0.3285771164361829,0.5384718855656808,0.010188700366643487,0.008183109598216096,0.0013020833333333333,0.15476756160713562,0.009376099531120353,0.9497816760269512,normuon,271828,verified-v3-normuon-3e-4,3907,NFCorpus
0.44576083759595114,1.0,0.0003,0.5548534302368813,0.10814195023315851,0.4674479166666667,0.1325092530471437,0.3044758790047114,0.5506278432890339,0.0,0.0,0.0,0.0,0.0,0.0,normuon,271828,verified-v3-normuon-3e-4,3907,NQ
0.49701214505348945,1.0,0.0003,0.5995040768486403,0.10363448720721592,0.49609375,0.10441383531947009,0.2976379843014184,0.5018729978275941,0.0,0.0,0.0,0.0,0.0,0.0,normuon,271828,verified-v3-normuon-3e-4,3907,QuoraRetrieval
0.10372491387345648,0.86024524972907,0.0003,0.6134248480192126,0.11568607332164835,0.5026041666666666,0.11615593754558347,0.2993588603056009,0.5010133284778232,0.13243128624999545,0.3900908036771646,0.17578125,0.008216953282284643,0.00390625,0.020629659198731574,normuon,271828,verified-v3-normuon-3e-4,3907,SCIDOCS
0.2710993283322659,1.0,0.0003,0.5817625435071357,0.11552955752908581,0.5325520833333334,0.11781790409135598,0.2702074958760848,0.504903302882275,0.0,0.0,0.0,0.0,0.0,0.0,normuon,271828,verified-v3-normuon-3e-4,3907,SciFact
0.0832614688495167,0.9110827739955403,0.0003,0.5694961056485551,0.103945317431732,0.4895833333333333,0.10728804835816974,0.28072503145262967,0.5079124122127621,0.0013020833333333333,0.023066890401783904,0.0013020833333333333,0.0,0.0,0.0,normuon,271828,verified-v3-normuon-3e-4,3907,TRECCOVID
0.32198740363271794,1.0,0.0003,0.603974032349046,0.09139319471351384,0.46484375,0.11143279402460328,0.35366826634499043,0.5494009654181052,0.0,0.0,0.0,0.0,0.0,0.0,normuon,271828,verified-v3-normuon-3e-4,3907,Touche2020
0.25585974245788035,1.0,0.0003,0.5709879714639009,0.09854687843331411,0.4752604166666667,0.10002444759936663,0.3107286682450739,0.503720499821332,0.0,0.0,0.0,0.0,0.0,0.0,normuon,161803,verified-v3-normuon-3e-4,3907,ArguAna
0.00925862085707976,0.7677958350573502,0.0003,0.5823170296915259,0.10658873629412433,0.47265625,0.11482003214924721,0.3255681063193753,0.5185884595108711,0.0881142375836007,0.14399661638543126,0.125,0.3524432045195556,0.04784130163756701,0.7099414464316499,normuon,161803,verified-v3-normuon-3e-4,3907,ClimateFEVER
0.30382702420116703,1.0,0.0003,0.589733870634886,0.11106778300863523,0.5026041666666666,0.1142266065397252,0.27901006055441785,0.5070104354072517,0.0,0.0,0.0,0.0,0.0,0.0,normuon,161803,verified-v3-normuon-3e-4,3907,DBPedia
0.44150251256339906,1.0,0.0003,0.574226259001494,0.11235851622507426,0.48828125,0.11841404776948977,0.32227874448630706,0.5131201288394017,0.0,0.0,0.0,0.0,0.0,0.0,normuon,161803,verified-v3-normuon-3e-4,3907,FEVER
0.23436771343516374,0.9538662191964322,0.0003,0.5942340643258689,0.1046990383291405,0.484375,0.10896994402811762,0.3096019693444208,0.5099942107924587,0.009114583333333334,0.16146823281248734,0.009114583333333334,0.0,0.0,0.0,normuon,161803,verified-v3-normuon-3e-4,3907,FiQA2018
0.3050037737477963,1.0,0.0003,0.5977810785346167,0.11486416595379678,0.4895833333333333,0.12096392073357165,0.28563078623210636,0.512932630004884,0.0,0.0,0.0,0.0,0.0,0.0,normuon,161803,verified-v3-normuon-3e-4,3907,HotpotQA
0.45605944476980953,1.0,0.0003,0.5866292850713684,0.09952896542886,0.5,0.11077656548452462,0.2751060048353875,0.5267410942708325,0.0,0.0,0.0,0.0,0.0,0.0,normuon,161803,verified-v3-normuon-3e-4,3907,MSMARCO
0.0010708018329126674,0.7190574688428424,0.0003,0.6061143234711898,0.10461466618322991,0.4700520833333333,0.12620911620343522,0.31972875921137,0.5467769174322586,0.007628521533068624,0.024549328794648287,0.00390625,0.09226756160713562,0.005208333333333333,0.7898477804860881,normuon,161803,verified-v3-normuon-3e-4,3907,NFCorpus
0.4457608375959512,1.0,0.0003,0.5842127026186049,0.11168486418329138,0.4609375,0.13492666943692677,0.3300702114417066,0.5471222998220103,0.0,0.0,0.0,0.0,0.0,0.0,normuon,161803,verified-v3-normuon-3e-4,3907,NQ
0.49701214505348945,1.0,0.0003,0.5746262086480571,0.10425055688089957,0.5052083333333334,0.10510732715347972,0.2760580416840788,0.502046185832771,0.0,0.0,0.0,0.0,0.0,0.0,normuon,161803,verified-v3-normuon-3e-4,3907,QuoraRetrieval
0.1037249138734565,0.86024524972907,0.0003,0.5935224695721296,0.11284942933852139,0.4986979166666667,0.1144366910454496,0.2935189068263158,0.5034917699863211,0.18347641894006222,0.37797985098509357,0.1796875,0.007393320112763894,0.003811641389221983,0.01918483347375138,normuon,161803,verified-v3-normuon-3e-4,3907,SCIDOCS
0.2710993283322659,1.0,0.0003,0.5954858821583727,0.1166271477743474,0.5169270833333334,0.1174004185016978,0.285849244250207,0.5016520932547713,0.0,0.0,0.0,0.0,0.0,0.0,normuon,161803,verified-v3-normuon-3e-4,3907,SciFact
0.0832614688495167,0.9110827739955403,0.0003,0.5897885671923895,0.09858869261054762,0.4947916666666667,0.10288565847656594,0.29601952773215134,0.5106638037120674,0.00390625,0.06920067120535171,0.00390625,0.0,0.0,0.0,normuon,161803,verified-v3-normuon-3e-4,3907,TRECCOVID
0.3219874036327179,1.0,0.0003,0.5649266991216392,0.09738827808014645,0.4674479166666667,0.11649042500720108,0.3096897357655319,0.5446564960683659,0.0,0.0,0.0,0.0,0.0,0.0,normuon,161803,verified-v3-normuon-3e-4,3907,Touche2020
