2026-09-13T16:12:08.9844835Z Current runner version: '2.337.0'
2026-09-13T16:12:08.9866669Z ##[group]Runner Image Provisioner
2026-09-13T16:12:08.9867534Z Hosted Compute Agent
2026-09-13T16:12:08.9868240Z Version: 20260828.587
2026-09-13T16:12:08.9868910Z Commit: abac92662cab4cc7352de4f9f9d2e2419aad9c29
2026-09-13T16:12:08.9869685Z Build Date: 2026-08-28T16:44:25Z
2026-09-13T16:12:08.9870455Z Worker ID: {dea7725b-1b31-4b5d-925e-37d0d64ab58f}
2026-09-13T16:12:08.9871206Z Azure Region: westcentralus
2026-09-13T16:12:08.9872457Z ##[endgroup]
2026-09-13T16:12:08.9874117Z ##[group]Operating System
2026-09-13T16:12:08.9874711Z Ubuntu
2026-09-13T16:12:08.9875270Z 24.04.5
2026-09-13T16:12:08.9875752Z LTS
2026-09-13T16:12:08.9876250Z ##[endgroup]
2026-09-13T16:12:08.9876831Z ##[group]Runner Image
2026-09-13T16:12:08.9877432Z Image: ubuntu-24.04
2026-09-13T16:12:08.9878007Z Version: 20260907.300.1
2026-09-13T16:12:08.9879208Z Included Software: https://github.com/actions/runner-images/blob/ubuntu24/20260907.300/images/ubuntu/Ubuntu2404-Readme.md
2026-09-13T16:12:08.9880830Z Image Release: https://github.com/actions/runner-images/releases/tag/ubuntu24%2F20260907.300
2026-09-13T16:12:08.9882012Z ##[endgroup]
2026-09-13T16:12:08.9883184Z ##[group]GITHUB_TOKEN Permissions
2026-09-13T16:12:08.9884951Z Contents: read
2026-09-13T16:12:08.9885603Z Metadata: read
2026-09-13T16:12:08.9886145Z Packages: read
2026-09-13T16:12:08.9886665Z ##[endgroup]
2026-09-13T16:12:08.9888537Z Secret source: Actions
2026-09-13T16:12:08.9889454Z Cache mode: write
2026-09-13T16:12:08.9890185Z Prepare workflow directory
2026-09-13T16:12:09.0252947Z Prepare all required actions
2026-09-13T16:12:09.0296425Z Getting action download info
2026-09-13T16:12:09.3192868Z Download action repository 'actions/checkout@v7.0.1' (SHA:3d3c42e5aac5ba805825da76410c181273ba90b1)
2026-09-13T16:12:09.4093211Z Download action repository 'astral-sh/setup-uv@v10.0.1' (SHA:20cfd1bf945f4377ade1205e4dbc17946fc9a30d)
2026-09-13T16:12:10.2132419Z Download action repository 'actions/upload-artifact@v4' (SHA:ea165f8d65b6e75b540449e92b4886f43607fa02)
2026-09-13T16:12:10.4234017Z Complete job name: test
2026-09-13T16:12:10.5010482Z ##[group]Run actions/checkout@v7.0.1
2026-09-13T16:12:10.5011391Z with:
2026-09-13T16:12:10.5012033Z   fetch-depth: 0
2026-09-13T16:12:10.5012552Z   repository: qcznlp/embedding-optimizer-study
2026-09-13T16:12:10.5016460Z   token: ***
2026-09-13T16:12:10.5016896Z   ssh-strict: true
2026-09-13T16:12:10.5017336Z   ssh-user: git
2026-09-13T16:12:10.5017788Z   persist-credentials: true
2026-09-13T16:12:10.5018284Z   clean: true
2026-09-13T16:12:10.5018729Z   sparse-checkout-cone-mode: true
2026-09-13T16:12:10.5019259Z   fetch-tags: false
2026-09-13T16:12:10.5019716Z   show-progress: true
2026-09-13T16:12:10.5020169Z   lfs: false
2026-09-13T16:12:10.5020589Z   submodules: false
2026-09-13T16:12:10.5021041Z   set-safe-directory: true
2026-09-13T16:12:10.5021749Z   allow-unsafe-pr-checkout: false
2026-09-13T16:12:10.5022576Z ##[endgroup]
2026-09-13T16:12:10.5927740Z Syncing repository: qcznlp/embedding-optimizer-study
2026-09-13T16:12:10.5930528Z ##[group]Getting Git version info
2026-09-13T16:12:10.5932348Z Working directory is '/home/runner/work/embedding-optimizer-study/embedding-optimizer-study'
2026-09-13T16:12:10.5934439Z [command]/usr/bin/git version
2026-09-13T16:12:10.5977112Z git version 2.55.0
2026-09-13T16:12:10.5998027Z ##[endgroup]
2026-09-13T16:12:10.6007298Z Temporarily overriding HOME='/home/runner/work/_temp/64a616d3-c40e-4463-97fc-cc945908c13a' before making global git config changes
2026-09-13T16:12:10.6009799Z Adding repository directory to the temporary git global config as a safe directory
2026-09-13T16:12:10.6013722Z [command]/usr/bin/git config --global --add safe.directory /home/runner/work/embedding-optimizer-study/embedding-optimizer-study
2026-09-13T16:12:10.6056182Z Deleting the contents of '/home/runner/work/embedding-optimizer-study/embedding-optimizer-study'
2026-09-13T16:12:10.6059134Z ##[group]Determining repository object format
2026-09-13T16:12:10.6060866Z ##[endgroup]
2026-09-13T16:12:10.6062922Z ##[group]Initializing the repository
2026-09-13T16:12:10.6065352Z [command]/usr/bin/git init /home/runner/work/embedding-optimizer-study/embedding-optimizer-study
2026-09-13T16:12:10.6154503Z hint: Using 'master' as the name for the initial branch. This default branch name
2026-09-13T16:12:10.6156459Z hint: will change to "main" in Git 3.0. To configure the initial branch name
2026-09-13T16:12:10.6158492Z hint: to use in all of your new repositories, which will suppress this warning,
2026-09-13T16:12:10.6159979Z hint: call:
2026-09-13T16:12:10.6160826Z hint:
2026-09-13T16:12:10.6162395Z hint: 	git config --global init.defaultBranch <name>
2026-09-13T16:12:10.6163662Z hint:
2026-09-13T16:12:10.6164822Z hint: Names commonly chosen instead of 'master' are 'main', 'trunk' and
2026-09-13T16:12:10.6166569Z hint: 'development'. The just-created branch can be renamed via this command:
2026-09-13T16:12:10.6168005Z hint:
2026-09-13T16:12:10.6168858Z hint: 	git branch -m <name>
2026-09-13T16:12:10.6169861Z hint:
2026-09-13T16:12:10.6171244Z hint: Disable this message with "git config set advice.defaultBranchName false"
2026-09-13T16:12:10.6173745Z Initialized empty Git repository in /home/runner/work/embedding-optimizer-study/embedding-optimizer-study/.git/
2026-09-13T16:12:10.6177222Z [command]/usr/bin/git remote add origin https://github.com/qcznlp/embedding-optimizer-study
2026-09-13T16:12:10.6222308Z ##[endgroup]
2026-09-13T16:12:10.6223687Z ##[group]Disabling automatic garbage collection
2026-09-13T16:12:10.6225453Z [command]/usr/bin/git config --local gc.auto 0
2026-09-13T16:12:10.6254696Z ##[endgroup]
2026-09-13T16:12:10.6256264Z ##[group]Setting up auth
2026-09-13T16:12:10.6257557Z Removing SSH command configuration
2026-09-13T16:12:10.6259411Z [command]/usr/bin/git config --local --name-only --get-regexp core\.sshCommand
2026-09-13T16:12:10.6289884Z [command]/usr/bin/git submodule foreach --recursive sh -c "git config --local --name-only --get-regexp 'core\.sshCommand' && git config --local --unset-all 'core.sshCommand' || :"
2026-09-13T16:12:10.6603683Z Removing HTTP extra header
2026-09-13T16:12:10.6609625Z [command]/usr/bin/git config --local --name-only --get-regexp http\.https\:\/\/github\.com\/\.extraheader
2026-09-13T16:12:10.6648654Z [command]/usr/bin/git submodule foreach --recursive sh -c "git config --local --name-only --get-regexp 'http\.https\:\/\/github\.com\/\.extraheader' && git config --local --unset-all 'http.https://github.com/.extraheader' || :"
2026-09-13T16:12:10.6877852Z Removing includeIf entries pointing to credentials config files
2026-09-13T16:12:10.6883787Z [command]/usr/bin/git config --local --name-only --get-regexp ^includeIf\.gitdir:
2026-09-13T16:12:10.6920215Z [command]/usr/bin/git submodule foreach --recursive git config --local --show-origin --name-only --get-regexp remote.origin.url
2026-09-13T16:12:10.7143742Z [command]/usr/bin/git config --file /home/runner/work/_temp/git-credentials-adc33047-c3b8-4efc-b3bb-376287154a2f.config http.https://github.com/.extraheader AUTHORIZATION: basic ***
2026-09-13T16:12:10.7183886Z [command]/usr/bin/git config --local includeIf.gitdir:/home/runner/work/embedding-optimizer-study/embedding-optimizer-study/.git.path /home/runner/work/_temp/git-credentials-adc33047-c3b8-4efc-b3bb-376287154a2f.config
2026-09-13T16:12:10.7216198Z [command]/usr/bin/git config --local includeIf.gitdir:/home/runner/work/embedding-optimizer-study/embedding-optimizer-study/.git/worktrees/*.path /home/runner/work/_temp/git-credentials-adc33047-c3b8-4efc-b3bb-376287154a2f.config
2026-09-13T16:12:10.7254546Z [command]/usr/bin/git config --local includeIf.gitdir:/github/workspace/.git.path /github/runner_temp/git-credentials-adc33047-c3b8-4efc-b3bb-376287154a2f.config
2026-09-13T16:12:10.7288676Z [command]/usr/bin/git config --local includeIf.gitdir:/github/workspace/.git/worktrees/*.path /github/runner_temp/git-credentials-adc33047-c3b8-4efc-b3bb-376287154a2f.config
2026-09-13T16:12:10.7317267Z ##[endgroup]
2026-09-13T16:12:10.7318083Z ##[group]Fetching the repository
2026-09-13T16:12:10.7325710Z [command]/usr/bin/git -c protocol.version=2 fetch --no-tags --prune --no-recurse-submodules origin +refs/heads/*:refs/remotes/origin/* +refs/tags/*:refs/tags/*
2026-09-13T16:12:17.5656987Z From https://github.com/qcznlp/embedding-optimizer-study
2026-09-13T16:12:17.5659201Z  * [new branch]        agent/audit-run-identity -> origin/agent/audit-run-identity
2026-09-13T16:12:17.5661006Z  * [new branch]        agent/audit-training-dynamics -> origin/agent/audit-training-dynamics
2026-09-13T16:12:17.5663208Z  * [new branch]        agent/checkpoint-artifact-audit -> origin/agent/checkpoint-artifact-audit
2026-09-13T16:12:17.5665148Z  * [new branch]        agent/ci-build-wheel -> origin/agent/ci-build-wheel
2026-09-13T16:12:17.5667092Z  * [new branch]        agent/corrected-execution-sensitivity -> origin/agent/corrected-execution-sensitivity
2026-09-13T16:12:17.5669434Z  * [new branch]        agent/corrected-retrieval-bridge -> origin/agent/corrected-retrieval-bridge
2026-09-13T16:12:17.5671970Z  * [new branch]        agent/dense-no-packing-retrain -> origin/agent/dense-no-packing-retrain
2026-09-13T16:12:17.5674227Z  * [new branch]        agent/document-optimizer-routing -> origin/agent/document-optimizer-routing
2026-09-13T16:12:17.5676585Z  * [new branch]        agent/document-third-muon-recovery -> origin/agent/document-third-muon-recovery
2026-09-13T16:12:17.5679030Z  * [new branch]        agent/finalize-public-handoff -> origin/agent/finalize-public-handoff
2026-09-13T16:12:17.5681200Z  * [new branch]        agent/handoff-live-status -> origin/agent/handoff-live-status
2026-09-13T16:12:17.5684107Z  * [new branch]        agent/package-evaluation-workers -> origin/agent/package-evaluation-workers
2026-09-13T16:12:17.5686766Z  * [new branch]        agent/package-study-metadata -> origin/agent/package-study-metadata
2026-09-13T16:12:17.5689469Z  * [new branch]        agent/posthoc-task-stability -> origin/agent/posthoc-task-stability
2026-09-13T16:12:17.5692598Z  * [new branch]        agent/shortlist-corpus-story -> origin/agent/shortlist-corpus-story
2026-09-13T16:12:17.5695271Z  * [new branch]        agent/upgrade-ci-actions -> origin/agent/upgrade-ci-actions
2026-09-13T16:12:17.5697893Z  * [new branch]        analysis/state-operator-completion -> origin/analysis/state-operator-completion
2026-09-13T16:12:17.5700721Z  * [new branch]        codex/checkpoint-1563-handoff -> origin/codex/checkpoint-1563-handoff
2026-09-13T16:12:17.5703766Z  * [new branch]        codex/state-operator-factorial -> origin/codex/state-operator-factorial
2026-09-13T16:12:17.5706254Z  * [new branch]        feat/muon-embedding-study -> origin/feat/muon-embedding-study
2026-09-13T16:12:17.5708153Z  * [new branch]        main                 -> origin/main
2026-09-13T16:12:17.5710483Z  * [new branch]        ops/publication-narrative-receipt -> origin/ops/publication-narrative-receipt
2026-09-13T16:12:17.5713712Z  * [new branch]        paper/corrected-layout-fixture -> origin/paper/corrected-layout-fixture
2026-09-13T16:12:17.5717078Z  * [new branch]        paper/corrected-outcome-propagation -> origin/paper/corrected-outcome-propagation
2026-09-13T16:12:17.5722058Z [command]/usr/bin/git branch --list --remote origin/main
2026-09-13T16:12:17.5723768Z   origin/main
2026-09-13T16:12:17.5726725Z [command]/usr/bin/git rev-parse refs/remotes/origin/main
2026-09-13T16:12:17.5751274Z 73e343d2ef701c9afe4d285ad7f75e0544419222
2026-09-13T16:12:17.5757364Z ##[endgroup]
2026-09-13T16:12:17.5759133Z ##[group]Determining the checkout info
2026-09-13T16:12:17.5761412Z ##[endgroup]
2026-09-13T16:12:17.5762868Z [command]/usr/bin/git sparse-checkout disable
2026-09-13T16:12:17.5813662Z [command]/usr/bin/git config --local --unset-all extensions.worktreeConfig
2026-09-13T16:12:17.5847779Z ##[group]Checking out the ref
2026-09-13T16:12:17.5851434Z [command]/usr/bin/git checkout --progress --force -B main refs/remotes/origin/main
2026-09-13T16:12:18.7316667Z Updating files:  12% (1969/15385)
2026-09-13T16:12:18.7457513Z Updating files:  13% (2001/15385)
2026-09-13T16:12:18.7582075Z Updating files:  14% (2154/15385)
2026-09-13T16:12:18.7642556Z Updating files:  15% (2308/15385)
2026-09-13T16:12:18.7789807Z Updating files:  16% (2462/15385)
2026-09-13T16:12:18.9211225Z Updating files:  17% (2616/15385)
2026-09-13T16:12:18.9814619Z Updating files:  18% (2770/15385)
2026-09-13T16:12:19.0847643Z Updating files:  19% (2924/15385)
2026-09-13T16:12:19.1668068Z Updating files:  20% (3077/15385)
2026-09-13T16:12:19.1727776Z Updating files:  21% (3231/15385)
2026-09-13T16:12:19.2596897Z Updating files:  22% (3385/15385)
2026-09-13T16:12:19.3054655Z Updating files:  23% (3539/15385)
2026-09-13T16:12:19.3190460Z Updating files:  24% (3693/15385)
2026-09-13T16:12:19.3269248Z Updating files:  25% (3847/15385)
2026-09-13T16:12:19.3371163Z Updating files:  26% (4001/15385)
2026-09-13T16:12:19.3460130Z Updating files:  27% (4154/15385)
2026-09-13T16:12:19.3608216Z Updating files:  28% (4308/15385)
2026-09-13T16:12:19.4194647Z Updating files:  29% (4462/15385)
2026-09-13T16:12:19.4329219Z Updating files:  30% (4616/15385)
2026-09-13T16:12:19.4475869Z Updating files:  31% (4770/15385)
2026-09-13T16:12:19.4620632Z Updating files:  32% (4924/15385)
2026-09-13T16:12:19.4717202Z Updating files:  33% (5078/15385)
2026-09-13T16:12:19.4781543Z Updating files:  34% (5231/15385)
2026-09-13T16:12:19.4838994Z Updating files:  35% (5385/15385)
2026-09-13T16:12:19.4903642Z Updating files:  36% (5539/15385)
2026-09-13T16:12:19.5005700Z Updating files:  37% (5693/15385)
2026-09-13T16:12:19.5144664Z Updating files:  38% (5847/15385)
2026-09-13T16:12:19.5276655Z Updating files:  39% (6001/15385)
2026-09-13T16:12:19.5401613Z Updating files:  40% (6154/15385)
2026-09-13T16:12:19.5541282Z Updating files:  41% (6308/15385)
2026-09-13T16:12:19.5671763Z Updating files:  42% (6462/15385)
2026-09-13T16:12:19.6085990Z Updating files:  43% (6616/15385)
2026-09-13T16:12:19.6104943Z Updating files:  43% (6757/15385)
2026-09-13T16:12:19.6284778Z Updating files:  44% (6770/15385)
2026-09-13T16:12:19.7323647Z Updating files:  45% (6924/15385)
2026-09-13T16:12:19.7625233Z Updating files:  46% (7078/15385)
2026-09-13T16:12:19.7677933Z Updating files:  47% (7231/15385)
2026-09-13T16:12:19.7729664Z Updating files:  48% (7385/15385)
2026-09-13T16:12:19.7827548Z Updating files:  49% (7539/15385)
2026-09-13T16:12:19.8167174Z Updating files:  50% (7693/15385)
2026-09-13T16:12:19.8325496Z Updating files:  51% (7847/15385)
2026-09-13T16:12:19.8747450Z Updating files:  52% (8001/15385)
2026-09-13T16:12:19.9165505Z Updating files:  53% (8155/15385)
2026-09-13T16:12:20.0493513Z Updating files:  54% (8308/15385)
2026-09-13T16:12:20.1369234Z Updating files:  55% (8462/15385)
2026-09-13T16:12:20.2051649Z Updating files:  56% (8616/15385)
2026-09-13T16:12:20.2167247Z Updating files:  57% (8770/15385)
2026-09-13T16:12:20.2680096Z Updating files:  58% (8924/15385)
2026-09-13T16:12:20.3549973Z Updating files:  59% (9078/15385)
2026-09-13T16:12:20.3796234Z Updating files:  60% (9231/15385)
2026-09-13T16:12:20.4209242Z Updating files:  61% (9385/15385)
2026-09-13T16:12:20.4263856Z Updating files:  62% (9539/15385)
2026-09-13T16:12:20.5496338Z Updating files:  63% (9693/15385)
2026-09-13T16:12:20.5566380Z Updating files:  64% (9847/15385)
2026-09-13T16:12:20.5627563Z Updating files:  65% (10001/15385)
2026-09-13T16:12:20.5741630Z Updating files:  66% (10155/15385)
2026-09-13T16:12:20.5828681Z Updating files:  67% (10308/15385)
2026-09-13T16:12:20.6063733Z Updating files:  68% (10462/15385)
2026-09-13T16:12:20.6415373Z Updating files:  68% (10514/15385)
2026-09-13T16:12:20.6762770Z Updating files:  69% (10616/15385)
2026-09-13T16:12:20.6956672Z Updating files:  70% (10770/15385)
2026-09-13T16:12:20.7419380Z Updating files:  71% (10924/15385)
2026-09-13T16:12:20.7714417Z Updating files:  72% (11078/15385)
2026-09-13T16:12:20.7895998Z Updating files:  73% (11232/15385)
2026-09-13T16:12:20.8672361Z Updating files:  74% (11385/15385)
2026-09-13T16:12:20.9049452Z Updating files:  75% (11539/15385)
2026-09-13T16:12:20.9214285Z Updating files:  76% (11693/15385)
2026-09-13T16:12:20.9404356Z Updating files:  77% (11847/15385)
2026-09-13T16:12:20.9541827Z Updating files:  78% (12001/15385)
2026-09-13T16:12:20.9649341Z Updating files:  79% (12155/15385)
2026-09-13T16:12:20.9754182Z Updating files:  80% (12308/15385)
2026-09-13T16:12:20.9853440Z Updating files:  81% (12462/15385)
2026-09-13T16:12:20.9956265Z Updating files:  82% (12616/15385)
2026-09-13T16:12:21.0067845Z Updating files:  83% (12770/15385)
2026-09-13T16:12:21.0164061Z Updating files:  84% (12924/15385)
2026-09-13T16:12:21.0258076Z Updating files:  85% (13078/15385)
2026-09-13T16:12:21.0352074Z Updating files:  86% (13232/15385)
2026-09-13T16:12:21.0473597Z Updating files:  87% (13385/15385)
2026-09-13T16:12:21.0576845Z Updating files:  88% (13539/15385)
2026-09-13T16:12:21.0668771Z Updating files:  89% (13693/15385)
2026-09-13T16:12:21.0757696Z Updating files:  90% (13847/15385)
2026-09-13T16:12:21.0842462Z Updating files:  91% (14001/15385)
2026-09-13T16:12:21.0939563Z Updating files:  92% (14155/15385)
2026-09-13T16:12:21.1238231Z Updating files:  93% (14309/15385)
2026-09-13T16:12:21.1337052Z Updating files:  94% (14462/15385)
2026-09-13T16:12:21.2416763Z Updating files:  95% (14616/15385)
2026-09-13T16:12:21.2540999Z Updating files:  96% (14770/15385)
2026-09-13T16:12:21.2700009Z Updating files:  97% (14924/15385)
2026-09-13T16:12:21.2844751Z Updating files:  98% (15078/15385)
2026-09-13T16:12:21.2975156Z Updating files:  99% (15232/15385)
2026-09-13T16:12:21.2975653Z Updating files: 100% (15385/15385)
2026-09-13T16:12:21.2976128Z Updating files: 100% (15385/15385), done.
2026-09-13T16:12:21.3490467Z Switched to a new branch 'main'
2026-09-13T16:12:21.3495983Z branch 'main' set up to track 'origin/main'.
2026-09-13T16:12:21.3571374Z ##[endgroup]
2026-09-13T16:12:21.4381725Z [command]/usr/bin/git log -1 --format=%H
2026-09-13T16:12:21.4410660Z 73e343d2ef701c9afe4d285ad7f75e0544419222
2026-09-13T16:12:21.4676006Z ##[group]Run astral-sh/setup-uv@v10.0.1
2026-09-13T16:12:21.4676295Z with:
2026-09-13T16:12:21.4676485Z   python-version: 3.12
2026-09-13T16:12:21.4676695Z   enable-cache: true
2026-09-13T16:12:21.4676906Z   activate-environment: false
2026-09-13T16:12:21.4677139Z   no-project: false
2026-09-13T16:12:21.4677515Z   working-directory: /home/runner/work/embedding-optimizer-study/embedding-optimizer-study
2026-09-13T16:12:21.4679953Z   github-token: ***
2026-09-13T16:12:21.4680488Z   cache-dependency-glob: **/*requirements*.txt
**/*requirements*.in
**/*constraints*.txt
**/*constraints*.in
**/pyproject.toml
**/uv.lock
**/*.py.lock

2026-09-13T16:12:21.4681062Z   restore-cache: true
2026-09-13T16:12:21.4681256Z   save-cache: true
2026-09-13T16:12:21.4681443Z   prune-cache: false
2026-09-13T16:12:21.4681806Z   cache-python: false
2026-09-13T16:12:21.4682019Z   ignore-nothing-to-cache: false
2026-09-13T16:12:21.4682266Z   ignore-empty-workdir: false
2026-09-13T16:12:21.4682545Z   download-from-astral-mirror: true
2026-09-13T16:12:21.4682799Z   add-problem-matchers: true
2026-09-13T16:12:21.4683020Z   quiet: false
2026-09-13T16:12:21.4683215Z   resolution-strategy: highest
2026-09-13T16:12:21.4683439Z ##[endgroup]
2026-09-13T16:12:21.6610789Z Trying to find version for uv in: /home/runner/work/embedding-optimizer-study/embedding-optimizer-study/uv.toml
2026-09-13T16:12:21.6612925Z Could not find file: /home/runner/work/embedding-optimizer-study/embedding-optimizer-study/uv.toml
2026-09-13T16:12:21.6614587Z Trying to find version for uv in: /home/runner/work/embedding-optimizer-study/embedding-optimizer-study/pyproject.toml
2026-09-13T16:12:21.6616072Z Could not determine uv version from uv.toml or pyproject.toml. Falling back to latest.
2026-09-13T16:12:21.6618158Z Fetching manifest data from https://raw.githubusercontent.com/astral-sh/versions/main/v1/uv.ndjson ...
2026-09-13T16:12:21.7600145Z Downloading uv from "https://releases.astral.sh/github/uv/releases/download/0.12.13/uv-x86_64-unknown-linux-gnu.tar.gz" ...
2026-09-13T16:12:22.1347533Z [command]/usr/bin/tar xz --warning=no-unknown-keyword --overwrite -C /home/runner/work/_temp/9034f8c9-6b99-4aaf-8241-9b7aca84cc8e -f /home/runner/work/_temp/fa1ca498-b699-4080-a168-f38125ecf1a9
2026-09-13T16:12:22.4872092Z Added /home/runner/.local/bin to the path
2026-09-13T16:12:22.4875760Z Added /opt/hostedtoolcache/uv/0.12.13/x86_64 to the path
2026-09-13T16:12:22.4877398Z Set UV_PYTHON_INSTALL_DIR to /home/runner/work/_temp/uv-python-dir
2026-09-13T16:12:22.4878215Z Added /home/runner/work/_temp/uv-python-dir to the path
2026-09-13T16:12:22.4879002Z Set UV_PYTHON to 3.12
2026-09-13T16:12:22.4907700Z Set UV_CACHE_DIR to /home/runner/work/_temp/setup-uv-cache
2026-09-13T16:12:22.4908363Z Successfully installed uv version 0.12.13
2026-09-13T16:12:22.4913654Z Searching files using cache dependency glob: /home/runner/work/embedding-optimizer-study/embedding-optimizer-study/**/*requirements*.txt,/home/runner/work/embedding-optimizer-study/embedding-optimizer-study/**/*requirements*.in,/home/runner/work/embedding-optimizer-study/embedding-optimizer-study/**/*constraints*.txt,/home/runner/work/embedding-optimizer-study/embedding-optimizer-study/**/*constraints*.in,/home/runner/work/embedding-optimizer-study/embedding-optimizer-study/**/pyproject.toml,/home/runner/work/embedding-optimizer-study/embedding-optimizer-study/**/uv.lock,/home/runner/work/embedding-optimizer-study/embedding-optimizer-study/**/*.py.lock
2026-09-13T16:12:22.5230603Z /home/runner/work/embedding-optimizer-study/embedding-optimizer-study/configs/formal_runtime_constraints.txt
2026-09-13T16:12:22.5391982Z /home/runner/work/embedding-optimizer-study/embedding-optimizer-study/pyproject.toml
2026-09-13T16:12:22.9211247Z /home/runner/work/embedding-optimizer-study/embedding-optimizer-study/reports/engineering-archive/dense-v3-current-paper-entry-v1/actual/before/pyproject.toml
2026-09-13T16:12:22.9313309Z /home/runner/work/embedding-optimizer-study/embedding-optimizer-study/reports/engineering-archive/dense-v3-current-paper-entry-v1/source-current/pyproject.toml
2026-09-13T16:12:23.0125743Z /home/runner/work/embedding-optimizer-study/embedding-optimizer-study/reports/engineering-archive/dense-v3-distribution-recovery-surface-v1/baseline/pyproject.toml
2026-09-13T16:12:23.0137046Z /home/runner/work/embedding-optimizer-study/embedding-optimizer-study/reports/engineering-archive/dense-v3-distribution-recovery-surface-v1/expanded/pyproject.toml
2026-09-13T16:12:23.1228897Z /home/runner/work/embedding-optimizer-study/embedding-optimizer-study/reports/engineering-archive/dense-v3-factorial-calibration-v1/actual/source-first/configs/formal_runtime_constraints.txt
2026-09-13T16:12:23.1246548Z /home/runner/work/embedding-optimizer-study/embedding-optimizer-study/reports/engineering-archive/dense-v3-factorial-calibration-v1/actual/source-first/requirements-formal-flash.txt
2026-09-13T16:12:23.1322063Z /home/runner/work/embedding-optimizer-study/embedding-optimizer-study/reports/engineering-archive/dense-v3-factorial-calibration-v1/actual/source-second/configs/formal_runtime_constraints.txt
2026-09-13T16:12:23.1339802Z /home/runner/work/embedding-optimizer-study/embedding-optimizer-study/reports/engineering-archive/dense-v3-factorial-calibration-v1/actual/source-second/requirements-formal-flash.txt
2026-09-13T16:12:23.1415820Z /home/runner/work/embedding-optimizer-study/embedding-optimizer-study/reports/engineering-archive/dense-v3-factorial-calibration-v1/actual/source-third/configs/formal_runtime_constraints.txt
2026-09-13T16:12:23.1432454Z /home/runner/work/embedding-optimizer-study/embedding-optimizer-study/reports/engineering-archive/dense-v3-factorial-calibration-v1/actual/source-third/requirements-formal-flash.txt
2026-09-13T16:12:23.1540214Z /home/runner/work/embedding-optimizer-study/embedding-optimizer-study/reports/engineering-archive/dense-v3-factorial-factory-v1/actual/source-first/configs/formal_runtime_constraints.txt
2026-09-13T16:12:23.1557450Z /home/runner/work/embedding-optimizer-study/embedding-optimizer-study/reports/engineering-archive/dense-v3-factorial-factory-v1/actual/source-first/requirements-formal-flash.txt
2026-09-13T16:12:23.2625180Z /home/runner/work/embedding-optimizer-study/embedding-optimizer-study/reports/engineering-archive/dense-v3-factorial-run-contract-v1/actual/source-fifth/configs/formal_runtime_constraints.txt
2026-09-13T16:12:23.2640342Z /home/runner/work/embedding-optimizer-study/embedding-optimizer-study/reports/engineering-archive/dense-v3-factorial-run-contract-v1/actual/source-fifth/requirements-formal-flash.txt
2026-09-13T16:12:23.2708520Z /home/runner/work/embedding-optimizer-study/embedding-optimizer-study/reports/engineering-archive/dense-v3-factorial-run-contract-v1/actual/source-first/configs/formal_runtime_constraints.txt
2026-09-13T16:12:23.2728307Z /home/runner/work/embedding-optimizer-study/embedding-optimizer-study/reports/engineering-archive/dense-v3-factorial-run-contract-v1/actual/source-first/requirements-formal-flash.txt
2026-09-13T16:12:23.2805752Z /home/runner/work/embedding-optimizer-study/embedding-optimizer-study/reports/engineering-archive/dense-v3-factorial-run-contract-v1/actual/source-fourth/configs/formal_runtime_constraints.txt
2026-09-13T16:12:23.2821906Z /home/runner/work/embedding-optimizer-study/embedding-optimizer-study/reports/engineering-archive/dense-v3-factorial-run-contract-v1/actual/source-fourth/requirements-formal-flash.txt
2026-09-13T16:12:23.2902519Z /home/runner/work/embedding-optimizer-study/embedding-optimizer-study/reports/engineering-archive/dense-v3-factorial-run-contract-v1/actual/source-second/configs/formal_runtime_constraints.txt
2026-09-13T16:12:23.2918689Z /home/runner/work/embedding-optimizer-study/embedding-optimizer-study/reports/engineering-archive/dense-v3-factorial-run-contract-v1/actual/source-second/requirements-formal-flash.txt
2026-09-13T16:12:23.2996444Z /home/runner/work/embedding-optimizer-study/embedding-optimizer-study/reports/engineering-archive/dense-v3-factorial-run-contract-v1/actual/source-third/configs/formal_runtime_constraints.txt
2026-09-13T16:12:23.3015779Z /home/runner/work/embedding-optimizer-study/embedding-optimizer-study/reports/engineering-archive/dense-v3-factorial-run-contract-v1/actual/source-third/requirements-formal-flash.txt
2026-09-13T16:12:23.3204727Z /home/runner/work/embedding-optimizer-study/embedding-optimizer-study/reports/engineering-archive/dense-v3-factorial-trainer-integration-v2/actual/source-first/configs/formal_runtime_constraints.txt
2026-09-13T16:12:23.3222083Z /home/runner/work/embedding-optimizer-study/embedding-optimizer-study/reports/engineering-archive/dense-v3-factorial-trainer-integration-v2/actual/source-first/requirements-formal-flash.txt
2026-09-13T16:12:23.3285165Z /home/runner/work/embedding-optimizer-study/embedding-optimizer-study/reports/engineering-archive/dense-v3-factorial-trainer-integration-v2/actual/source-gradient/configs/formal_runtime_constraints.txt
2026-09-13T16:12:23.3302298Z /home/runner/work/embedding-optimizer-study/embedding-optimizer-study/reports/engineering-archive/dense-v3-factorial-trainer-integration-v2/actual/source-gradient/requirements-formal-flash.txt
2026-09-13T16:12:23.3359595Z /home/runner/work/embedding-optimizer-study/embedding-optimizer-study/reports/engineering-archive/dense-v3-factorial-trainer-integration-v2/actual/source-second/configs/formal_runtime_constraints.txt
2026-09-13T16:12:23.3376625Z /home/runner/work/embedding-optimizer-study/embedding-optimizer-study/reports/engineering-archive/dense-v3-factorial-trainer-integration-v2/actual/source-second/requirements-formal-flash.txt
2026-09-13T16:12:23.3441942Z /home/runner/work/embedding-optimizer-study/embedding-optimizer-study/reports/engineering-archive/dense-v3-factorial-trainer-integration-v2/actual/source-third/configs/formal_runtime_constraints.txt
2026-09-13T16:12:23.3458653Z /home/runner/work/embedding-optimizer-study/embedding-optimizer-study/reports/engineering-archive/dense-v3-factorial-trainer-integration-v2/actual/source-third/requirements-formal-flash.txt
2026-09-13T16:12:23.3607903Z /home/runner/work/embedding-optimizer-study/embedding-optimizer-study/reports/engineering-archive/dense-v3-factorial-worker-v1/actual/source-final/configs/formal_runtime_constraints.txt
2026-09-13T16:12:23.3621493Z /home/runner/work/embedding-optimizer-study/embedding-optimizer-study/reports/engineering-archive/dense-v3-factorial-worker-v1/actual/source-final/requirements-formal-flash.txt
2026-09-13T16:12:23.6054809Z /home/runner/work/embedding-optimizer-study/embedding-optimizer-study/reports/engineering-archive/dense-v3-numerical-source-integration-v1/after/pyproject.toml
2026-09-13T16:12:23.6086329Z /home/runner/work/embedding-optimizer-study/embedding-optimizer-study/reports/engineering-archive/dense-v3-numerical-source-integration-v1/before/pyproject.toml
2026-09-13T16:12:23.6587138Z /home/runner/work/embedding-optimizer-study/embedding-optimizer-study/reports/engineering-archive/dense-v3-portable-factorial-checkpoint-v1/after/pyproject.toml
2026-09-13T16:12:23.6611108Z /home/runner/work/embedding-optimizer-study/embedding-optimizer-study/reports/engineering-archive/dense-v3-portable-factorial-checkpoint-v1/before/pyproject.toml
2026-09-13T16:12:23.6663435Z /home/runner/work/embedding-optimizer-study/embedding-optimizer-study/reports/engineering-archive/dense-v3-portable-handoff-v1/after/pyproject.toml
2026-09-13T16:12:23.6676651Z /home/runner/work/embedding-optimizer-study/embedding-optimizer-study/reports/engineering-archive/dense-v3-portable-handoff-v1/before/pyproject.toml
2026-09-13T16:12:23.6738216Z /home/runner/work/embedding-optimizer-study/embedding-optimizer-study/reports/engineering-archive/dense-v3-portable-input-roles-v1/after/pyproject.toml
2026-09-13T16:12:23.6830147Z /home/runner/work/embedding-optimizer-study/embedding-optimizer-study/reports/engineering-archive/dense-v3-portable-restore-v1/after/pyproject.toml
2026-09-13T16:12:23.6840931Z /home/runner/work/embedding-optimizer-study/embedding-optimizer-study/reports/engineering-archive/dense-v3-portable-restore-v1/before/pyproject.toml
2026-09-13T16:12:23.7017523Z /home/runner/work/embedding-optimizer-study/embedding-optimizer-study/reports/engineering-archive/dense-v3-primary-launch-v1/assembled-source/configs/formal_runtime_constraints.txt
2026-09-13T16:12:23.7031120Z /home/runner/work/embedding-optimizer-study/embedding-optimizer-study/reports/engineering-archive/dense-v3-primary-launch-v1/assembled-source/requirements-formal-flash.txt
2026-09-13T16:12:23.8648987Z /home/runner/work/embedding-optimizer-study/embedding-optimizer-study/reports/engineering-archive/dense-v3-release-transition-v1/actual/before/pyproject.toml
2026-09-13T16:12:23.9330995Z /home/runner/work/embedding-optimizer-study/embedding-optimizer-study/reports/engineering-archive/dense-v3-versioned-paper-reproduction-v1/source/pyproject.toml
2026-09-13T16:12:24.0414213Z /home/runner/work/embedding-optimizer-study/embedding-optimizer-study/requirements-ci-flash-wheel.txt
2026-09-13T16:12:24.0420162Z /home/runner/work/embedding-optimizer-study/embedding-optimizer-study/requirements-formal-flash.txt
2026-09-13T16:12:24.0426273Z /home/runner/work/embedding-optimizer-study/embedding-optimizer-study/requirements-primary-replay.txt
2026-09-13T16:12:24.5172250Z /home/runner/work/embedding-optimizer-study/embedding-optimizer-study/uv.lock
2026-09-13T16:12:24.5196026Z Found 51 files to hash.
2026-09-13T16:12:24.5269575Z Trying to restore cache from GitHub Actions cache with key: setup-uv-2-x86_64-unknown-linux-gnu-ubuntu-24.04-3.12-8d71a381ddb771ef53d6cc61f2a42c25ec75ea515cdf2cf933dbb7b7e2393a20
2026-09-13T16:12:24.6844715Z No GitHub Actions cache found for key: setup-uv-2-x86_64-unknown-linux-gnu-ubuntu-24.04-3.12-8d71a381ddb771ef53d6cc61f2a42c25ec75ea515cdf2cf933dbb7b7e2393a20
2026-09-13T16:12:24.8007586Z ##[group]Run uv sync --extra dev --extra eval --extra analysis
2026-09-13T16:12:24.8008102Z [36;1muv sync --extra dev --extra eval --extra analysis[0m
2026-09-13T16:12:24.8050629Z shell: /usr/bin/bash -e {0}
2026-09-13T16:12:24.8050879Z env:
2026-09-13T16:12:24.8051152Z   UV_PYTHON_INSTALL_DIR: /home/runner/work/_temp/uv-python-dir
2026-09-13T16:12:24.8052111Z   UV_PYTHON: 3.12
2026-09-13T16:12:24.8052372Z   UV_CACHE_DIR: /home/runner/work/_temp/setup-uv-cache
2026-09-13T16:12:24.8052675Z ##[endgroup]
2026-09-13T16:12:24.8615292Z Using CPython 3.12.3 interpreter at: /usr/bin/python3.12
2026-09-13T16:12:24.8615941Z Creating virtual environment at: .venv
2026-09-13T16:12:24.8663634Z Resolved 135 packages in 1ms
2026-09-13T16:12:24.8888418Z    Building embedding-optimizer-study @ file:///home/runner/work/embedding-optimizer-study/embedding-optimizer-study
2026-09-13T16:12:24.9864539Z Downloading sympy (6.0MiB)
2026-09-13T16:12:25.0119026Z Downloading aiohttp (1.7MiB)
2026-09-13T16:12:25.0120625Z Downloading hf-xet (4.3MiB)
2026-09-13T16:12:25.0122280Z Downloading networkx (2.0MiB)
2026-09-13T16:12:25.0374976Z Downloading pillow (6.6MiB)
2026-09-13T16:12:25.0375690Z Downloading pygments (1.2MiB)
2026-09-13T16:12:25.0377581Z Downloading matplotlib (9.6MiB)
2026-09-13T16:12:25.0379848Z Downloading nvidia-nccl-cu12 (307.4MiB)
2026-09-13T16:12:25.0380990Z Downloading nvidia-curand-cu12 (60.7MiB)
2026-09-13T16:12:25.0382591Z Downloading nvidia-cudnn-cu12 (674.0MiB)
2026-09-13T16:12:25.0384653Z Downloading fast-plaid (2.0MiB)
2026-09-13T16:12:25.0385527Z Downloading nvidia-nvjitlink-cu12 (37.4MiB)
2026-09-13T16:12:25.0388380Z Downloading polars-runtime-32 (54.6MiB)
2026-09-13T16:12:25.0389438Z Downloading nvidia-cufile-cu12 (1.1MiB)
2026-09-13T16:12:25.0391042Z Downloading pydantic-core (2.0MiB)
2026-09-13T16:12:25.0393141Z Downloading nvidia-cuda-cupti-cu12 (9.8MiB)
2026-09-13T16:12:25.0394988Z Downloading mteb (5.9MiB)
2026-09-13T16:12:25.0396291Z Downloading tokenizers (3.1MiB)
2026-09-13T16:12:25.0398042Z Downloading torch (858.1MiB)
2026-09-13T16:12:25.0399813Z Downloading nvidia-cusolver-cu12 (255.1MiB)
2026-09-13T16:12:25.0401516Z Downloading pandas (10.5MiB)
2026-09-13T16:12:25.0403473Z Downloading nvidia-cusparse-cu12 (274.9MiB)
2026-09-13T16:12:25.0405183Z Downloading transformers (10.2MiB)
2026-09-13T16:12:25.0406899Z Downloading kiwisolver (1.4MiB)
2026-09-13T16:12:25.0408576Z Downloading triton (162.6MiB)
2026-09-13T16:12:25.0410157Z Downloading nvidia-nvshmem-cu12 (118.9MiB)
2026-09-13T16:12:25.0411702Z Downloading usearch (2.3MiB)
2026-09-13T16:12:25.0414548Z Downloading pyarrow (45.4MiB)
2026-09-13T16:12:25.0415790Z Downloading numkong (10.0MiB)
2026-09-13T16:12:25.0418474Z Downloading wandb (28.3MiB)
2026-09-13T16:12:25.0419858Z Downloading scikit-learn (8.7MiB)
2026-09-13T16:12:25.0422736Z Downloading nvidia-cuda-nvrtc-cu12 (84.0MiB)
2026-09-13T16:12:25.0425573Z Downloading setuptools (1.0MiB)
2026-09-13T16:12:25.0428543Z Downloading scipy (33.7MiB)
2026-09-13T16:12:25.0430339Z Downloading ruff (10.5MiB)
2026-09-13T16:12:25.0432398Z Downloading fonttools (4.8MiB)
2026-09-13T16:12:25.0434210Z Downloading nvidia-cufft-cu12 (184.2MiB)
2026-09-13T16:12:25.0436050Z Downloading nvidia-cusparselt-cu12 (273.9MiB)
2026-09-13T16:12:25.0437912Z Downloading nvidia-cublas-cu12 (566.8MiB)
2026-09-13T16:12:25.0440372Z Downloading numpy (15.9MiB)
2026-09-13T16:12:26.3027957Z  Downloaded setuptools
2026-09-13T16:12:26.3585467Z  Downloaded pygments
2026-09-13T16:12:26.3685383Z  Downloaded nvidia-cufile-cu12
2026-09-13T16:12:26.4911907Z  Downloaded kiwisolver
2026-09-13T16:12:26.5506662Z  Downloaded aiohttp
2026-09-13T16:12:26.5958514Z  Downloaded fast-plaid
2026-09-13T16:12:26.6096914Z  Downloaded pydantic-core
2026-09-13T16:12:26.6332113Z  Downloaded networkx
2026-09-13T16:12:26.6364258Z    Building docopt==0.6.2
2026-09-13T16:12:26.6749498Z  Downloaded usearch
2026-09-13T16:12:26.8208483Z  Downloaded tokenizers
2026-09-13T16:12:27.4453930Z  Downloaded hf-xet
2026-09-13T16:12:27.8021181Z  Downloaded fonttools
2026-09-13T16:12:28.0314626Z  Downloaded sympy
2026-09-13T16:12:28.1313036Z  Downloaded mteb
2026-09-13T16:12:28.1350199Z  Downloaded pillow
2026-09-13T16:12:28.4322980Z  Downloaded scikit-learn
2026-09-13T16:12:28.5612752Z  Downloaded matplotlib
2026-09-13T16:12:28.5870796Z  Downloaded nvidia-cuda-cupti-cu12
2026-09-13T16:12:28.6002030Z  Downloaded numkong
2026-09-13T16:12:28.6089003Z  Downloaded transformers
2026-09-13T16:12:28.7854456Z  Downloaded pandas
2026-09-13T16:12:28.7913948Z  Downloaded ruff
2026-09-13T16:12:29.3383843Z       Built docopt==0.6.2
2026-09-13T16:12:29.4481213Z  Downloaded numpy
2026-09-13T16:12:29.6825270Z       Built embedding-optimizer-study @ file:///home/runner/work/embedding-optimizer-study/embedding-optimizer-study
2026-09-13T16:12:30.5171971Z  Downloaded wandb
2026-09-13T16:12:30.9762458Z  Downloaded scipy
2026-09-13T16:12:31.2164168Z  Downloaded nvidia-nvjitlink-cu12
2026-09-13T16:12:31.9549277Z  Downloaded pyarrow
2026-09-13T16:12:32.5298080Z  Downloaded polars-runtime-32
2026-09-13T16:12:32.8818628Z  Downloaded nvidia-curand-cu12
2026-09-13T16:12:34.1162724Z  Downloaded nvidia-cuda-nvrtc-cu12
2026-09-13T16:12:35.7540381Z  Downloaded nvidia-nvshmem-cu12
2026-09-13T16:12:37.6828266Z  Downloaded triton
2026-09-13T16:12:38.5452618Z  Downloaded nvidia-cufft-cu12
2026-09-13T16:12:40.9562731Z  Downloaded nvidia-cusolver-cu12
2026-09-13T16:12:41.5725035Z  Downloaded nvidia-cusparse-cu12
2026-09-13T16:12:41.5725938Z  Downloaded nvidia-cusparselt-cu12
2026-09-13T16:12:42.1564772Z  Downloaded nvidia-nccl-cu12
2026-09-13T16:12:45.9558373Z  Downloaded nvidia-cublas-cu12
2026-09-13T16:12:47.3033401Z  Downloaded nvidia-cudnn-cu12
2026-09-13T16:12:49.7485378Z  Downloaded torch
2026-09-13T16:12:49.8978744Z Prepared 118 packages in 25.02s
2026-09-13T16:12:50.5824297Z Installed 118 packages in 686ms
2026-09-13T16:12:50.5825460Z  + accelerate==1.14.0
2026-09-13T16:12:50.5826461Z  + aiohappyeyeballs==2.7.1
2026-09-13T16:12:50.5827004Z  + aiohttp==3.14.3
2026-09-13T16:12:50.5827450Z  + aiosignal==1.4.0
2026-09-13T16:12:50.5827915Z  + annotated-doc==0.0.5
2026-09-13T16:12:50.5828388Z  + annotated-types==0.8.0
2026-09-13T16:12:50.5828864Z  + anyio==4.14.2
2026-09-13T16:12:50.5829261Z  + attrs==26.1.0
2026-09-13T16:12:50.5829664Z  + certifi==2026.7.22
2026-09-13T16:12:50.5830099Z  + cffconvert==2.0.0
2026-09-13T16:12:50.5830553Z  + charset-normalizer==3.5.1
2026-09-13T16:12:50.5830965Z  + click==8.4.2
2026-09-13T16:12:50.5831282Z  + contourpy==1.3.3
2026-09-13T16:12:50.5832167Z  + coverage==7.15.4
2026-09-13T16:12:50.5832517Z  + cycler==0.12.1
2026-09-13T16:12:50.5832846Z  + datasets==4.8.5
2026-09-13T16:12:50.5833173Z  + dill==0.4.1
2026-09-13T16:12:50.5833484Z  + docopt==0.6.2
2026-09-13T16:12:50.5834304Z  + embedding-optimizer-study==0.1.0 (from file:///home/runner/work/embedding-optimizer-study/embedding-optimizer-study)
2026-09-13T16:12:50.5835239Z  + fast-plaid==1.6.0.290
2026-09-13T16:12:50.5835609Z  + fastkmeans==0.5.0
2026-09-13T16:12:50.5835943Z  + filelock==3.32.3
2026-09-13T16:12:50.5836278Z  + fonttools==4.63.0
2026-09-13T16:12:50.5836615Z  + frozenlist==1.8.0
2026-09-13T16:12:50.5836938Z  + fsspec==2026.2.0
2026-09-13T16:12:50.5837249Z  + h11==0.16.0
2026-09-13T16:12:50.5837547Z  + hf-xet==1.6.0
2026-09-13T16:12:50.5837878Z  + httpcore==1.0.9
2026-09-13T16:12:50.5838202Z  + httpx==0.28.1
2026-09-13T16:12:50.5838524Z  + huggingface-hub==1.27.0
2026-09-13T16:12:50.5838889Z  + idna==3.18
2026-09-13T16:12:50.5839197Z  + iniconfig==2.3.0
2026-09-13T16:12:50.5839523Z  + jinja2==3.1.6
2026-09-13T16:12:50.5840009Z  + joblib==1.5.3
2026-09-13T16:12:50.5840413Z  + jsonschema==3.2.0
2026-09-13T16:12:50.5840876Z  + kiwisolver==1.5.0
2026-09-13T16:12:50.5841361Z  + late-interaction-kernels==0.4.5
2026-09-13T16:12:50.5842060Z  + markdown-it-py==4.2.0
2026-09-13T16:12:50.5842552Z  + markupsafe==3.0.3
2026-09-13T16:12:50.5843015Z  + matplotlib==3.11.1
2026-09-13T16:12:50.5843474Z  + mdurl==0.1.2
2026-09-13T16:12:50.5843931Z  + mpmath==1.3.0
2026-09-13T16:12:50.5844409Z  + mteb==2.19.3
2026-09-13T16:12:50.5845113Z  + multidict==6.7.1
2026-09-13T16:12:50.5845477Z  + multiprocess==0.70.19
2026-09-13T16:12:50.5845855Z  + narwhals==2.24.0
2026-09-13T16:12:50.5846300Z  + networkx==3.6.1
2026-09-13T16:12:50.5846879Z  + ninja==1.11.1.4
2026-09-13T16:12:50.5847340Z  + numkong==7.8.0
2026-09-13T16:12:50.5847689Z  + numpy==2.5.2
2026-09-13T16:12:50.5848079Z  + nvidia-cublas-cu12==12.8.4.1
2026-09-13T16:12:50.5848755Z  + nvidia-cuda-cupti-cu12==12.8.90
2026-09-13T16:12:50.5849202Z  + nvidia-cuda-nvrtc-cu12==12.8.93
2026-09-13T16:12:50.5849629Z  + nvidia-cuda-runtime-cu12==12.8.90
2026-09-13T16:12:50.5850071Z  + nvidia-cudnn-cu12==9.10.2.21
2026-09-13T16:12:50.5850456Z  + nvidia-cufft-cu12==11.3.3.83
2026-09-13T16:12:50.5850851Z  + nvidia-cufile-cu12==1.13.1.3
2026-09-13T16:12:50.5851247Z  + nvidia-curand-cu12==10.3.9.90
2026-09-13T16:12:50.5851844Z  + nvidia-cusolver-cu12==11.7.3.90
2026-09-13T16:12:50.5852266Z  + nvidia-cusparse-cu12==12.5.8.93
2026-09-13T16:12:50.5852681Z  + nvidia-cusparselt-cu12==0.7.1
2026-09-13T16:12:50.5853096Z  + nvidia-nccl-cu12==2.27.5
2026-09-13T16:12:50.5853482Z  + nvidia-nvjitlink-cu12==12.8.93
2026-09-13T16:12:50.5853891Z  + nvidia-nvshmem-cu12==3.3.20
2026-09-13T16:12:50.5854423Z  + nvidia-nvtx-cu12==12.8.90
2026-09-13T16:12:50.5854852Z  + opentelemetry-api==1.44.0
2026-09-13T16:12:50.5855235Z  + packaging==26.3
2026-09-13T16:12:50.5855550Z  + pandas==3.0.5
2026-09-13T16:12:50.5855859Z  + pillow==12.3.0
2026-09-13T16:12:50.5856177Z  + platformdirs==4.11.3
2026-09-13T16:12:50.5856522Z  + pluggy==1.6.0
2026-09-13T16:12:50.5856837Z  + polars==1.43.2
2026-09-13T16:12:50.5857163Z  + polars-runtime-32==1.43.2
2026-09-13T16:12:50.5857532Z  + propcache==0.5.2
2026-09-13T16:12:50.5857855Z  + protobuf==7.35.1
2026-09-13T16:12:50.5858175Z  + psutil==7.2.2
2026-09-13T16:12:50.5858483Z  + pyarrow==23.0.1
2026-09-13T16:12:50.5858795Z  + pydantic==2.13.4
2026-09-13T16:12:50.5859130Z  + pydantic-core==2.46.4
2026-09-13T16:12:50.5859559Z  + pygments==2.20.0
2026-09-13T16:12:50.5859877Z  + pykwalify==1.8.0
2026-09-13T16:12:50.5860200Z  + pylate==1.6.0
2026-09-13T16:12:50.5860517Z  + pyparsing==3.3.2
2026-09-13T16:12:50.5860837Z  + pyrsistent==0.20.0
2026-09-13T16:12:50.5861163Z  + pytest==9.1.1
2026-09-13T16:12:50.5861723Z  + pytest-cov==7.1.0
2026-09-13T16:12:50.5862099Z  + python-dateutil==2.9.0.post0
2026-09-13T16:12:50.5862512Z  + pytrec-eval-terrier==0.5.10
2026-09-13T16:12:50.5862896Z  + pyyaml==6.0.3
2026-09-13T16:12:50.5863203Z  + regex==2026.7.19
2026-09-13T16:12:50.5863515Z  + requests==2.34.2
2026-09-13T16:12:50.5863821Z  + rich==15.0.0
2026-09-13T16:12:50.5864138Z  + ruamel-yaml==0.19.1
2026-09-13T16:12:50.5864460Z  + ruff==0.16.3
2026-09-13T16:12:50.5864764Z  + safetensors==0.8.0
2026-09-13T16:12:50.5865096Z  + scikit-learn==1.9.0
2026-09-13T16:12:50.5865428Z  + scipy==1.18.0
2026-09-13T16:12:50.5865759Z  + sentence-transformers==5.7.0
2026-09-13T16:12:50.5866143Z  + sentry-sdk==2.68.0
2026-09-13T16:12:50.5866470Z  + setuptools==81.0.0
2026-09-13T16:12:50.5866811Z  + shellingham==1.5.4
2026-09-13T16:12:50.5867141Z  + six==1.17.0
2026-09-13T16:12:50.5867442Z  + sympy==1.14.0
2026-09-13T16:12:50.5867758Z  + threadpoolctl==3.6.0
2026-09-13T16:12:50.5868098Z  + tokenizers==0.22.2
2026-09-13T16:12:50.5868418Z  + torch==2.9.0
2026-09-13T16:12:50.5868712Z  + tqdm==4.70.0
2026-09-13T16:12:50.5869023Z  + transformers==5.3.0
2026-09-13T16:12:50.5869321Z  + triton==3.5.0
2026-09-13T16:12:50.5869604Z  + typer==0.27.1
2026-09-13T16:12:50.5869895Z  + typing-extensions==4.16.0
2026-09-13T16:12:50.5870353Z  + typing-inspection==0.4.4
2026-09-13T16:12:50.5870752Z  + ujson==5.12.0
2026-09-13T16:12:50.5871033Z  + urllib3==2.7.0
2026-09-13T16:12:50.5871445Z  + usearch==2.26.0
2026-09-13T16:12:50.5872053Z  + wandb==0.28.2
2026-09-13T16:12:50.5872332Z  + xxhash==4.0.0
2026-09-13T16:12:50.5872610Z  + yarl==1.24.5
2026-09-13T16:12:50.6114431Z ##[group]Run sudo apt-get update && sudo apt-get install -y latexmk texlive-latex-extra texlive-fonts-recommended poppler-utils
2026-09-13T16:12:50.6115284Z [36;1msudo apt-get update && sudo apt-get install -y latexmk texlive-latex-extra texlive-fonts-recommended poppler-utils[0m
2026-09-13T16:12:50.6148945Z shell: /usr/bin/bash -e {0}
2026-09-13T16:12:50.6149180Z env:
2026-09-13T16:12:50.6149439Z   UV_PYTHON_INSTALL_DIR: /home/runner/work/_temp/uv-python-dir
2026-09-13T16:12:50.6149759Z   UV_PYTHON: 3.12
2026-09-13T16:12:50.6149998Z   UV_CACHE_DIR: /home/runner/work/_temp/setup-uv-cache
2026-09-13T16:12:50.6150424Z ##[endgroup]
2026-09-13T16:12:50.6995065Z Get:1 file:/etc/apt/apt-mirrors.txt Mirrorlist [144 B]
2026-09-13T16:12:50.7311377Z Hit:2 http://azure.archive.ubuntu.com/ubuntu noble InRelease
2026-09-13T16:12:50.7334212Z Get:3 http://azure.archive.ubuntu.com/ubuntu noble-updates InRelease [126 kB]
2026-09-13T16:12:50.7398771Z Get:4 http://azure.archive.ubuntu.com/ubuntu noble-backports InRelease [126 kB]
2026-09-13T16:12:50.7409504Z Get:5 http://azure.archive.ubuntu.com/ubuntu noble-security InRelease [126 kB]
2026-09-13T16:12:50.7465100Z Get:6 https://packages.microsoft.com/ubuntu/24.04/prod noble InRelease [3600 B]
2026-09-13T16:12:50.8137265Z Get:7 https://dl.google.com/linux/chrome-stable/deb stable InRelease [2548 B]
2026-09-13T16:12:50.8683150Z Get:8 http://azure.archive.ubuntu.com/ubuntu noble-updates/main amd64 Packages [1263 kB]
2026-09-13T16:12:50.8814763Z Get:9 http://azure.archive.ubuntu.com/ubuntu noble-updates/main Translation-en [292 kB]
2026-09-13T16:12:50.8837772Z Get:10 http://azure.archive.ubuntu.com/ubuntu noble-updates/main amd64 Components [181 kB]
2026-09-13T16:12:50.8859473Z Get:11 http://azure.archive.ubuntu.com/ubuntu noble-updates/universe amd64 Packages [1690 kB]
2026-09-13T16:12:50.8938027Z Get:12 http://azure.archive.ubuntu.com/ubuntu noble-updates/universe amd64 Components [388 kB]
2026-09-13T16:12:50.8992603Z Get:13 http://azure.archive.ubuntu.com/ubuntu noble-updates/restricted amd64 Packages [1544 kB]
2026-09-13T16:12:50.9057860Z Get:14 http://azure.archive.ubuntu.com/ubuntu noble-updates/restricted Translation-en [354 kB]
2026-09-13T16:12:50.9076640Z Get:15 http://azure.archive.ubuntu.com/ubuntu noble-updates/multiverse amd64 Components [940 B]
2026-09-13T16:12:50.9274642Z Get:16 http://azure.archive.ubuntu.com/ubuntu noble-backports/main amd64 Components [5772 B]
2026-09-13T16:12:50.9286006Z Get:17 http://azure.archive.ubuntu.com/ubuntu noble-backports/universe amd64 Components [12.6 kB]
2026-09-13T16:12:51.0270240Z Get:25 https://packages.microsoft.com/ubuntu/24.04/prod noble/main arm64 Packages [414 kB]
2026-09-13T16:12:51.0311031Z Get:18 http://azure.archive.ubuntu.com/ubuntu noble-security/main amd64 Packages [1006 kB]
2026-09-13T16:12:51.0336930Z Get:26 https://packages.microsoft.com/ubuntu/24.04/prod noble/main amd64 Packages [463 kB]
2026-09-13T16:12:51.0380444Z Get:19 http://azure.archive.ubuntu.com/ubuntu noble-security/main Translation-en [213 kB]
2026-09-13T16:12:51.0402842Z Get:20 http://azure.archive.ubuntu.com/ubuntu noble-security/main amd64 Components [46.4 kB]
2026-09-13T16:12:51.0432928Z Get:21 http://azure.archive.ubuntu.com/ubuntu noble-security/universe amd64 Packages [1206 kB]
2026-09-13T16:12:51.0474441Z Get:22 http://azure.archive.ubuntu.com/ubuntu noble-security/universe amd64 Components [76.3 kB]
2026-09-13T16:12:51.0484669Z Get:23 http://azure.archive.ubuntu.com/ubuntu noble-security/restricted amd64 Packages [1445 kB]
2026-09-13T16:12:51.0559186Z Get:24 http://azure.archive.ubuntu.com/ubuntu noble-security/restricted Translation-en [336 kB]
2026-09-13T16:12:51.1164620Z Get:27 https://dl.google.com/linux/chrome-stable/deb stable/main amd64 Packages [1408 B]
2026-09-13T16:12:54.7339814Z Fetched 11.3 MB in 1s (9383 kB/s)
2026-09-13T16:12:55.4724846Z Reading package lists...
2026-09-13T16:12:55.6014284Z Reading package lists...
2026-09-13T16:12:55.7494695Z Building dependency tree...
2026-09-13T16:12:55.7498815Z Reading state information...
2026-09-13T16:12:55.8768292Z The following additional packages will be installed:
2026-09-13T16:12:55.8769191Z   ca-certificates-java cups-bsd cups-client cups-common default-jre
2026-09-13T16:12:55.8770143Z   default-jre-headless dvisvgm fonts-droid-fallback fonts-lmodern
2026-09-13T16:12:55.8771021Z   fonts-noto-mono fonts-texgyre fonts-texgyre-math fonts-urw-base35
2026-09-13T16:12:55.8772166Z   ghostscript gv libapache-pom-java libatk-wrapper-java
2026-09-13T16:12:55.8773027Z   libatk-wrapper-java-jni libbit-vector-perl libcarp-clan-perl
2026-09-13T16:12:55.8774359Z   libcommons-logging-java libcommons-parent-java libcrypt-rc4-perl
2026-09-13T16:12:55.8775261Z   libdate-calc-perl libdate-calc-xs-perl libdate-manip-perl
2026-09-13T16:12:55.8776128Z   libdigest-perl-md5-perl libfontbox-java libgif7 libgs-common libgs10
2026-09-13T16:12:55.8777059Z   libgs10-common libgumbo2 libidn12 libijs-0.35 libio-stringy-perl
2026-09-13T16:12:55.8778049Z   libjbig2dec0 libjcode-pm-perl libkpathsea6 libmotif-common libmujs3
2026-09-13T16:12:55.8779165Z   libole-storage-lite-perl libpaper-utils libpaper1 libparse-recdescent-perl
2026-09-13T16:12:55.8780258Z   libpcsclite1 libpdfbox-java libpoppler134 libpotrace0 libptexenc1
2026-09-13T16:12:55.8781150Z   libspreadsheet-parseexcel-perl libspreadsheet-writeexcel-perl libsynctex2
2026-09-13T16:12:55.8782331Z   libteckit0 libtexlua53-5 libunicode-map-perl libwoff1 libxcb-shape0 libxm4
2026-09-13T16:12:55.8783193Z   libxv1 libxxf86dga1 libzzip-0-13t64 lmodern mupdf-tools openjdk-21-jre
2026-09-13T16:12:55.8784059Z   openjdk-21-jre-headless poppler-data preview-latex-style t1utils tex-gyre
2026-09-13T16:12:55.8784989Z   texlive-base texlive-binaries texlive-latex-base texlive-latex-recommended
2026-09-13T16:12:55.8785816Z   texlive-pictures texlive-plain-generic tipa x11-utils xaw3dg
2026-09-13T16:12:55.8786429Z   xfonts-encodings xfonts-utils xpdf
2026-09-13T16:12:55.8786880Z Suggested packages:
2026-09-13T16:12:55.8787448Z   cups inetutils-inetd | inet-superserver update-inetd smbclient fonts-noto
2026-09-13T16:12:55.8788280Z   fonts-freefont-otf | fonts-freefont-ttf libavalon-framework-java
2026-09-13T16:12:55.8789110Z   libexcalibur-logkit-java liblog4j1.2-java pcscd libwww-perl libnss-mdns
2026-09-13T16:12:55.8789775Z   fonts-ipafont-gothic fonts-ipafont-mincho fonts-wqy-microhei
2026-09-13T16:12:55.8790226Z   | fonts-wqy-zenhei fonts-indic fonts-japanese-mincho | fonts-ipafont-mincho
2026-09-13T16:12:55.8790679Z   fonts-japanese-gothic | fonts-ipafont-gothic fonts-arphic-ukai
2026-09-13T16:12:55.8791136Z   fonts-arphic-uming fonts-nanum perl-tk xzdec texlive-binaries-sse2 hintview
2026-09-13T16:12:55.8791953Z   texlive-fonts-recommended-doc texlive-latex-base-doc wp2latex icc-profiles
2026-09-13T16:12:55.8792419Z   libfile-which-perl texlive-latex-extra-doc texlive-science
2026-09-13T16:12:55.8792870Z   texlive-latex-recommended-doc texlive-luatex texlive-pstricks dot2tex prerex
2026-09-13T16:12:55.8793304Z   texlive-pictures-doc vprerex tipa-doc mesa-utils
2026-09-13T16:12:55.8793596Z Recommended packages:
2026-09-13T16:12:55.8793789Z   luit
2026-09-13T16:12:56.4105871Z The following NEW packages will be installed:
2026-09-13T16:12:56.4106688Z   ca-certificates-java cups-bsd cups-client cups-common default-jre
2026-09-13T16:12:56.4107499Z   default-jre-headless dvisvgm fonts-droid-fallback fonts-lmodern
2026-09-13T16:12:56.4108060Z   fonts-noto-mono fonts-texgyre fonts-texgyre-math fonts-urw-base35
2026-09-13T16:12:56.4108603Z   ghostscript gv latexmk libapache-pom-java libatk-wrapper-java
2026-09-13T16:12:56.4109351Z   libatk-wrapper-java-jni libbit-vector-perl libcarp-clan-perl
2026-09-13T16:12:56.4110021Z   libcommons-logging-java libcommons-parent-java libcrypt-rc4-perl
2026-09-13T16:12:56.4110507Z   libdate-calc-perl libdate-calc-xs-perl libdate-manip-perl
2026-09-13T16:12:56.4111106Z   libdigest-perl-md5-perl libfontbox-java libgif7 libgs-common libgs10
2026-09-13T16:12:56.4111857Z   libgs10-common libgumbo2 libidn12 libijs-0.35 libio-stringy-perl
2026-09-13T16:12:56.4112844Z   libjbig2dec0 libjcode-pm-perl libkpathsea6 libmotif-common libmujs3
2026-09-13T16:12:56.4113389Z   libole-storage-lite-perl libpaper-utils libpaper1 libparse-recdescent-perl
2026-09-13T16:12:56.4113920Z   libpcsclite1 libpdfbox-java libpoppler134 libpotrace0 libptexenc1
2026-09-13T16:12:56.4114427Z   libspreadsheet-parseexcel-perl libspreadsheet-writeexcel-perl libsynctex2
2026-09-13T16:12:56.4114971Z   libteckit0 libtexlua53-5 libunicode-map-perl libwoff1 libxcb-shape0 libxm4
2026-09-13T16:12:56.4115472Z   libxv1 libxxf86dga1 libzzip-0-13t64 lmodern mupdf-tools openjdk-21-jre
2026-09-13T16:12:56.4116113Z   openjdk-21-jre-headless poppler-data poppler-utils preview-latex-style
2026-09-13T16:12:56.4116612Z   t1utils tex-gyre texlive-base texlive-binaries texlive-fonts-recommended
2026-09-13T16:12:56.4117100Z   texlive-latex-base texlive-latex-extra texlive-latex-recommended
2026-09-13T16:12:56.4117542Z   texlive-pictures texlive-plain-generic tipa x11-utils xaw3dg
2026-09-13T16:12:56.4117909Z   xfonts-encodings xfonts-utils xpdf
2026-09-13T16:12:56.4292956Z 0 upgraded, 86 newly installed, 0 to remove and 50 not upgraded.
2026-09-13T16:12:56.4293560Z Need to get 276 MB of archives.
2026-09-13T16:12:56.4294064Z After this operation, 873 MB of additional disk space will be used.
2026-09-13T16:12:56.4294475Z Get:1 file:/etc/apt/apt-mirrors.txt Mirrorlist [144 B]
2026-09-13T16:12:56.5590995Z Get:2 http://azure.archive.ubuntu.com/ubuntu noble/main amd64 fonts-droid-fallback all 1:6.0.1r16-1.1build1 [1805 kB]
2026-09-13T16:12:56.9400322Z Get:3 http://azure.archive.ubuntu.com/ubuntu noble/universe amd64 libmotif-common all 2.3.8-3.1build1 [10.1 kB]
2026-09-13T16:12:56.9867697Z Get:4 http://azure.archive.ubuntu.com/ubuntu noble/universe amd64 libxm4 amd64 2.3.8-3.1build1 [1091 kB]
2026-09-13T16:12:57.0524054Z Get:5 http://azure.archive.ubuntu.com/ubuntu noble/main amd64 poppler-data all 0.4.12-1 [2060 kB]
2026-09-13T16:12:57.1356021Z Get:6 http://azure.archive.ubuntu.com/ubuntu noble/main amd64 ca-certificates-java all 20240118 [11.6 kB]
2026-09-13T16:12:57.1820871Z Get:7 http://azure.archive.ubuntu.com/ubuntu noble-updates/main amd64 cups-common all 2.4.7-1.2ubuntu7.14 [264 kB]
2026-09-13T16:12:57.2321972Z Get:8 http://azure.archive.ubuntu.com/ubuntu noble-updates/main amd64 cups-client amd64 2.4.7-1.2ubuntu7.14 [154 kB]
2026-09-13T16:12:57.2797992Z Get:9 http://azure.archive.ubuntu.com/ubuntu noble/main amd64 libpcsclite1 amd64 2.0.3-1build1 [21.4 kB]
2026-09-13T16:12:57.3266927Z Get:10 http://azure.archive.ubuntu.com/ubuntu noble-updates/main amd64 openjdk-21-jre-headless amd64 21.0.12+8-1~24.04 [46.5 MB]
2026-09-13T16:12:58.0515209Z Get:11 http://azure.archive.ubuntu.com/ubuntu noble/main amd64 default-jre-headless amd64 2:1.21-75+exp1 [3094 B]
2026-09-13T16:12:58.0978674Z Get:12 http://azure.archive.ubuntu.com/ubuntu noble-updates/main amd64 libgif7 amd64 5.2.2-1ubuntu1.2 [35.6 kB]
2026-09-13T16:12:58.1447526Z Get:13 http://azure.archive.ubuntu.com/ubuntu noble-updates/main amd64 openjdk-21-jre amd64 21.0.12+8-1~24.04 [233 kB]
2026-09-13T16:12:58.1944357Z Get:14 http://azure.archive.ubuntu.com/ubuntu noble/main amd64 default-jre amd64 2:1.21-75+exp1 [922 B]
2026-09-13T16:12:58.2408781Z Get:15 http://azure.archive.ubuntu.com/ubuntu noble/main amd64 xfonts-encodings all 1:1.0.5-0ubuntu2 [578 kB]
2026-09-13T16:12:58.7086474Z Get:16 http://azure.archive.ubuntu.com/ubuntu noble/main amd64 xfonts-utils amd64 1:7.7+6build3 [94.4 kB]
2026-09-13T16:12:58.7568569Z Get:17 http://azure.archive.ubuntu.com/ubuntu noble/main amd64 fonts-urw-base35 all 20200910-8 [11.0 MB]
2026-09-13T16:12:58.9609789Z Get:18 http://azure.archive.ubuntu.com/ubuntu noble-updates/main amd64 libgs-common all 10.02.1~dfsg1-0ubuntu7.8 [176 kB]
2026-09-13T16:12:59.0089341Z Get:19 http://azure.archive.ubuntu.com/ubuntu noble-updates/main amd64 libgs10-common all 10.02.1~dfsg1-0ubuntu7.8 [488 kB]
2026-09-13T16:12:59.0616208Z Get:20 http://azure.archive.ubuntu.com/ubuntu noble-updates/main amd64 libidn12 amd64 1.42-1ubuntu0.1 [56.1 kB]
2026-09-13T16:12:59.1543908Z Get:21 http://azure.archive.ubuntu.com/ubuntu noble/main amd64 libijs-0.35 amd64 0.35-15.1build1 [15.3 kB]
2026-09-13T16:12:59.2453687Z Get:22 http://azure.archive.ubuntu.com/ubuntu noble-updates/main amd64 libjbig2dec0 amd64 0.20-1ubuntu0.24.04.1 [65.2 kB]
2026-09-13T16:12:59.3720993Z Get:23 http://azure.archive.ubuntu.com/ubuntu noble/main amd64 libpaper1 amd64 1.1.29build1 [13.4 kB]
2026-09-13T16:12:59.4226086Z Get:24 http://azure.archive.ubuntu.com/ubuntu noble-updates/main amd64 libgs10 amd64 10.02.1~dfsg1-0ubuntu7.8 [3897 kB]
2026-09-13T16:12:59.7544814Z Get:25 http://azure.archive.ubuntu.com/ubuntu noble/main amd64 libkpathsea6 amd64 2023.20230311.66589-9build3 [63.0 kB]
2026-09-13T16:12:59.8017252Z Get:26 http://azure.archive.ubuntu.com/ubuntu noble/universe amd64 libpotrace0 amd64 1.16-2build1 [17.7 kB]
2026-09-13T16:12:59.8484002Z Get:27 http://azure.archive.ubuntu.com/ubuntu noble/main amd64 libwoff1 amd64 1.0.2-2build1 [45.3 kB]
2026-09-13T16:12:59.8960305Z Get:28 http://azure.archive.ubuntu.com/ubuntu noble/universe amd64 dvisvgm amd64 3.2.1+ds-1build1 [1042 kB]
2026-09-13T16:12:59.9522665Z Get:29 http://azure.archive.ubuntu.com/ubuntu noble/universe amd64 fonts-lmodern all 2.005-1 [4799 kB]
2026-09-13T16:13:00.1047760Z Get:30 http://azure.archive.ubuntu.com/ubuntu noble/main amd64 fonts-noto-mono all 20201225-2 [435 kB]
2026-09-13T16:13:00.1550963Z Get:31 http://azure.archive.ubuntu.com/ubuntu noble/universe amd64 fonts-texgyre all 20180621-6 [8350 kB]
2026-09-13T16:13:00.3979461Z Get:32 http://azure.archive.ubuntu.com/ubuntu noble/universe amd64 fonts-texgyre-math all 20180621-6 [2373 kB]
2026-09-13T16:13:00.4955727Z Get:33 http://azure.archive.ubuntu.com/ubuntu noble-updates/main amd64 ghostscript amd64 10.02.1~dfsg1-0ubuntu7.8 [43.4 kB]
2026-09-13T16:13:00.5425628Z Get:34 http://azure.archive.ubuntu.com/ubuntu noble/universe amd64 xaw3dg amd64 1.5+F-1.1build2 [148 kB]
2026-09-13T16:13:00.5900448Z Get:35 http://azure.archive.ubuntu.com/ubuntu noble/universe amd64 gv amd64 1:3.7.4-2build2 [212 kB]
2026-09-13T16:13:00.6402759Z Get:36 http://azure.archive.ubuntu.com/ubuntu noble/main amd64 libpaper-utils amd64 1.1.29build1 [8650 B]
2026-09-13T16:13:00.6872776Z Get:37 http://azure.archive.ubuntu.com/ubuntu noble/main amd64 libptexenc1 amd64 2023.20230311.66589-9build3 [40.4 kB]
2026-09-13T16:13:00.7343694Z Get:38 http://azure.archive.ubuntu.com/ubuntu noble/main amd64 libsynctex2 amd64 2023.20230311.66589-9build3 [59.6 kB]
2026-09-13T16:13:00.7818021Z Get:39 http://azure.archive.ubuntu.com/ubuntu noble/main amd64 libtexlua53-5 amd64 2023.20230311.66589-9build3 [123 kB]
2026-09-13T16:13:00.8302875Z Get:40 http://azure.archive.ubuntu.com/ubuntu noble/main amd64 t1utils amd64 1.41-4build3 [61.3 kB]
2026-09-13T16:13:00.8774440Z Get:41 http://azure.archive.ubuntu.com/ubuntu noble/universe amd64 libteckit0 amd64 2.5.12+ds1-1 [411 kB]
2026-09-13T16:13:00.9319143Z Get:42 http://azure.archive.ubuntu.com/ubuntu noble/universe amd64 libzzip-0-13t64 amd64 0.13.72+dfsg.1-1.2build1 [28.1 kB]
2026-09-13T16:13:00.9789523Z Get:43 http://azure.archive.ubuntu.com/ubuntu noble/universe amd64 texlive-binaries amd64 2023.20230311.66589-9build3 [8529 kB]
2026-09-13T16:13:01.1882499Z Get:44 http://azure.archive.ubuntu.com/ubuntu noble/universe amd64 texlive-base all 2023.20240207-1 [21.7 MB]
2026-09-13T16:13:01.5535012Z Get:45 http://azure.archive.ubuntu.com/ubuntu noble/universe amd64 texlive-latex-base all 2023.20240207-1 [1238 kB]
2026-09-13T16:13:01.6170782Z Get:46 http://azure.archive.ubuntu.com/ubuntu noble/universe amd64 latexmk all 1:4.83-1 [203 kB]
2026-09-13T16:13:01.6662818Z Get:47 http://azure.archive.ubuntu.com/ubuntu noble/universe amd64 libapache-pom-java all 29-2 [5284 B]
2026-09-13T16:13:01.7129632Z Get:48 http://azure.archive.ubuntu.com/ubuntu noble/main amd64 libxcb-shape0 amd64 1.15-1ubuntu2 [6100 B]
2026-09-13T16:13:01.7600158Z Get:49 http://azure.archive.ubuntu.com/ubuntu noble/main amd64 libxv1 amd64 2:1.0.11-1.1build1 [10.7 kB]
2026-09-13T16:13:01.8070527Z Get:50 http://azure.archive.ubuntu.com/ubuntu noble/main amd64 libxxf86dga1 amd64 2:1.1.5-1build1 [11.6 kB]
2026-09-13T16:13:01.8537635Z Get:51 http://azure.archive.ubuntu.com/ubuntu noble/main amd64 x11-utils amd64 7.7+6build2 [189 kB]
2026-09-13T16:13:01.9019421Z Get:52 http://azure.archive.ubuntu.com/ubuntu noble/main amd64 libatk-wrapper-java all 0.40.0-3build2 [54.3 kB]
2026-09-13T16:13:01.9490301Z Get:53 http://azure.archive.ubuntu.com/ubuntu noble/main amd64 libatk-wrapper-java-jni amd64 0.40.0-3build2 [46.4 kB]
2026-09-13T16:13:01.9960306Z Get:54 http://azure.archive.ubuntu.com/ubuntu noble/universe amd64 libcarp-clan-perl all 6.08-2 [11.9 kB]
2026-09-13T16:13:02.0429503Z Get:55 http://azure.archive.ubuntu.com/ubuntu noble/universe amd64 libbit-vector-perl amd64 7.4-3build1 [139 kB]
2026-09-13T16:13:02.0907243Z Get:56 http://azure.archive.ubuntu.com/ubuntu noble/universe amd64 libcommons-parent-java all 56-1 [10.7 kB]
2026-09-13T16:13:02.1380408Z Get:57 http://azure.archive.ubuntu.com/ubuntu noble/universe amd64 libcommons-logging-java all 1.3.0-1ubuntu1 [63.8 kB]
2026-09-13T16:13:02.1852882Z Get:58 http://azure.archive.ubuntu.com/ubuntu noble/universe amd64 libcrypt-rc4-perl all 2.02-5 [7064 B]
2026-09-13T16:13:02.2322870Z Get:59 http://azure.archive.ubuntu.com/ubuntu noble/universe amd64 libdate-calc-perl all 6.4-2 [187 kB]
2026-09-13T16:13:02.2809362Z Get:60 http://azure.archive.ubuntu.com/ubuntu noble/universe amd64 libdate-calc-xs-perl amd64 6.4-2build4 [46.8 kB]
2026-09-13T16:13:02.3284596Z Get:61 http://azure.archive.ubuntu.com/ubuntu noble/main amd64 libdate-manip-perl all 6.95-1 [923 kB]
2026-09-13T16:13:02.3882470Z Get:62 http://azure.archive.ubuntu.com/ubuntu noble/universe amd64 libdigest-perl-md5-perl all 1.9-5 [11.1 kB]
2026-09-13T16:13:02.4349339Z Get:63 http://azure.archive.ubuntu.com/ubuntu noble/universe amd64 libgumbo2 amd64 0.12.0+dfsg-2build1 [126 kB]
2026-09-13T16:13:02.4832494Z Get:64 http://azure.archive.ubuntu.com/ubuntu noble/main amd64 libio-stringy-perl all 2.111-3 [55.8 kB]
2026-09-13T16:13:02.5302998Z Get:65 http://azure.archive.ubuntu.com/ubuntu noble/universe amd64 libjcode-pm-perl amd64 2.06-1.1build1 [26.8 kB]
2026-09-13T16:13:02.5769345Z Get:66 http://azure.archive.ubuntu.com/ubuntu noble/universe amd64 libmujs3 amd64 1.3.3-3build2 [134 kB]
2026-09-13T16:13:02.6245600Z Get:67 http://azure.archive.ubuntu.com/ubuntu noble/universe amd64 libole-storage-lite-perl all 0.22-1 [21.6 kB]
2026-09-13T16:13:02.6721854Z Get:68 http://azure.archive.ubuntu.com/ubuntu noble/universe amd64 libparse-recdescent-perl all 1.967015+dfsg-4 [139 kB]
2026-09-13T16:13:02.7195771Z Get:69 http://azure.archive.ubuntu.com/ubuntu noble-updates/main amd64 libpoppler134 amd64 24.02.0-1ubuntu9.9 [1118 kB]
2026-09-13T16:13:02.7828856Z Get:70 http://azure.archive.ubuntu.com/ubuntu noble/universe amd64 libspreadsheet-writeexcel-perl all 2.40-4 [497 kB]
2026-09-13T16:13:02.8342321Z Get:71 http://azure.archive.ubuntu.com/ubuntu noble/universe amd64 libunicode-map-perl amd64 0.112-13build4 [203 kB]
2026-09-13T16:13:02.8830368Z Get:72 http://azure.archive.ubuntu.com/ubuntu noble/universe amd64 libspreadsheet-parseexcel-perl all 0.6600-1 [144 kB]
2026-09-13T16:13:02.9306125Z Get:73 http://azure.archive.ubuntu.com/ubuntu noble/universe amd64 lmodern all 2.005-1 [9542 kB]
2026-09-13T16:13:03.1157872Z Get:74 http://azure.archive.ubuntu.com/ubuntu noble/universe amd64 mupdf-tools amd64 1.23.10+ds1-1build3 [49.3 MB]
2026-09-13T16:13:03.8987720Z Get:75 http://azure.archive.ubuntu.com/ubuntu noble-updates/main amd64 poppler-utils amd64 24.02.0-1ubuntu9.9 [212 kB]
2026-09-13T16:13:03.9479086Z Get:76 http://azure.archive.ubuntu.com/ubuntu noble/universe amd64 preview-latex-style all 13.2-1 [347 kB]
2026-09-13T16:13:03.9968494Z Get:77 http://azure.archive.ubuntu.com/ubuntu noble/universe amd64 tex-gyre all 20180621-6 [6396 kB]
2026-09-13T16:13:04.1375303Z Get:78 http://azure.archive.ubuntu.com/ubuntu noble/universe amd64 texlive-fonts-recommended all 2023.20240207-1 [4973 kB]
2026-09-13T16:13:04.2553516Z Get:79 http://azure.archive.ubuntu.com/ubuntu noble/universe amd64 libfontbox-java all 1:1.8.16-5 [208 kB]
2026-09-13T16:13:04.3042669Z Get:80 http://azure.archive.ubuntu.com/ubuntu noble/universe amd64 libpdfbox-java all 1:1.8.16-5 [5521 kB]
2026-09-13T16:13:04.4303695Z Get:81 http://azure.archive.ubuntu.com/ubuntu noble/universe amd64 texlive-latex-recommended all 2023.20240207-1 [8826 kB]
2026-09-13T16:13:04.6038199Z Get:82 http://azure.archive.ubuntu.com/ubuntu noble/universe amd64 texlive-pictures all 2023.20240207-1 [16.7 MB]
2026-09-13T16:13:04.8998984Z Get:83 http://azure.archive.ubuntu.com/ubuntu noble/universe amd64 texlive-latex-extra all 2023.20240207-1 [19.2 MB]
2026-09-13T16:13:05.2259372Z Get:84 http://azure.archive.ubuntu.com/ubuntu noble/universe amd64 texlive-plain-generic all 2023.20240207-1 [29.0 MB]
2026-09-13T16:13:05.6924474Z Get:85 http://azure.archive.ubuntu.com/ubuntu noble/universe amd64 tipa all 2:1.3-21 [2967 kB]
2026-09-13T16:13:05.7808722Z Get:86 http://azure.archive.ubuntu.com/ubuntu noble/universe amd64 xpdf amd64 3.04+git20240202-1build3 [125 kB]
2026-09-13T16:13:05.8282955Z Get:87 http://azure.archive.ubuntu.com/ubuntu noble-updates/main amd64 cups-bsd amd64 2.4.7-1.2ubuntu7.14 [42.2 kB]
2026-09-13T16:13:06.1128350Z Preconfiguring packages ...
2026-09-13T16:13:06.1839498Z Fetched 276 MB in 9s (29.4 MB/s)
2026-09-13T16:13:06.2053464Z Selecting previously unselected package fonts-droid-fallback.
2026-09-13T16:13:06.2288669Z (Reading database ... 
2026-09-13T16:13:06.2288926Z (Reading database ... 5%
2026-09-13T16:13:06.2289159Z (Reading database ... 10%
2026-09-13T16:13:06.2289377Z (Reading database ... 15%
2026-09-13T16:13:06.2289612Z (Reading database ... 20%
2026-09-13T16:13:06.2289817Z (Reading database ... 25%
2026-09-13T16:13:06.2290066Z (Reading database ... 30%
2026-09-13T16:13:06.2290669Z (Reading database ... 35%
2026-09-13T16:13:06.2291513Z (Reading database ... 40%
2026-09-13T16:13:06.2292104Z (Reading database ... 45%
2026-09-13T16:13:06.2292514Z (Reading database ... 50%
2026-09-13T16:13:06.2327768Z (Reading database ... 55%
2026-09-13T16:13:06.3968483Z (Reading database ... 60%
2026-09-13T16:13:06.5404390Z (Reading database ... 65%
2026-09-13T16:13:06.7450101Z (Reading database ... 70%
2026-09-13T16:13:06.8887564Z (Reading database ... 75%
2026-09-13T16:13:07.1092244Z (Reading database ... 80%
2026-09-13T16:13:07.3020434Z (Reading database ... 85%
2026-09-13T16:13:07.5351568Z (Reading database ... 90%
2026-09-13T16:13:07.7459715Z (Reading database ... 95%
2026-09-13T16:13:07.7460110Z (Reading database ... 100%
2026-09-13T16:13:07.7460631Z (Reading database ... 201818 files and directories currently installed.)
2026-09-13T16:13:07.7496294Z Preparing to unpack .../00-fonts-droid-fallback_1%3a6.0.1r16-1.1build1_all.deb ...
2026-09-13T16:13:07.7695683Z Unpacking fonts-droid-fallback (1:6.0.1r16-1.1build1) ...
2026-09-13T16:13:07.9016552Z Selecting previously unselected package libmotif-common.
2026-09-13T16:13:07.9139500Z Preparing to unpack .../01-libmotif-common_2.3.8-3.1build1_all.deb ...
2026-09-13T16:13:07.9146310Z Unpacking libmotif-common (2.3.8-3.1build1) ...
2026-09-13T16:13:07.9496443Z Selecting previously unselected package libxm4:amd64.
2026-09-13T16:13:07.9614223Z Preparing to unpack .../02-libxm4_2.3.8-3.1build1_amd64.deb ...
2026-09-13T16:13:07.9675063Z Unpacking libxm4:amd64 (2.3.8-3.1build1) ...
2026-09-13T16:13:07.9975161Z Selecting previously unselected package poppler-data.
2026-09-13T16:13:08.0093985Z Preparing to unpack .../03-poppler-data_0.4.12-1_all.deb ...
2026-09-13T16:13:08.0101774Z Unpacking poppler-data (0.4.12-1) ...
2026-09-13T16:13:08.1187265Z Selecting previously unselected package ca-certificates-java.
2026-09-13T16:13:08.1306992Z Preparing to unpack .../04-ca-certificates-java_20240118_all.deb ...
2026-09-13T16:13:08.1333928Z Unpacking ca-certificates-java (20240118) ...
2026-09-13T16:13:08.1603716Z Selecting previously unselected package cups-common.
2026-09-13T16:13:08.1717483Z Preparing to unpack .../05-cups-common_2.4.7-1.2ubuntu7.14_all.deb ...
2026-09-13T16:13:08.1725550Z Unpacking cups-common (2.4.7-1.2ubuntu7.14) ...
2026-09-13T16:13:08.2029977Z Selecting previously unselected package cups-client.
2026-09-13T16:13:08.2147695Z Preparing to unpack .../06-cups-client_2.4.7-1.2ubuntu7.14_amd64.deb ...
2026-09-13T16:13:08.2154743Z Unpacking cups-client (2.4.7-1.2ubuntu7.14) ...
2026-09-13T16:13:08.2773672Z Selecting previously unselected package libpcsclite1:amd64.
2026-09-13T16:13:08.2900086Z Preparing to unpack .../07-libpcsclite1_2.0.3-1build1_amd64.deb ...
2026-09-13T16:13:08.2910047Z Unpacking libpcsclite1:amd64 (2.0.3-1build1) ...
2026-09-13T16:13:08.3110040Z Selecting previously unselected package openjdk-21-jre-headless:amd64.
2026-09-13T16:13:08.3232407Z Preparing to unpack .../08-openjdk-21-jre-headless_21.0.12+8-1~24.04_amd64.deb ...
2026-09-13T16:13:08.3240670Z Unpacking openjdk-21-jre-headless:amd64 (21.0.12+8-1~24.04) ...
2026-09-13T16:13:08.9367978Z Selecting previously unselected package default-jre-headless.
2026-09-13T16:13:08.9488496Z Preparing to unpack .../09-default-jre-headless_2%3a1.21-75+exp1_amd64.deb ...
2026-09-13T16:13:08.9495666Z Unpacking default-jre-headless (2:1.21-75+exp1) ...
2026-09-13T16:13:08.9676637Z Selecting previously unselected package libgif7:amd64.
2026-09-13T16:13:08.9794066Z Preparing to unpack .../10-libgif7_5.2.2-1ubuntu1.2_amd64.deb ...
2026-09-13T16:13:08.9801474Z Unpacking libgif7:amd64 (5.2.2-1ubuntu1.2) ...
2026-09-13T16:13:08.9989535Z Selecting previously unselected package openjdk-21-jre:amd64.
2026-09-13T16:13:09.0111900Z Preparing to unpack .../11-openjdk-21-jre_21.0.12+8-1~24.04_amd64.deb ...
2026-09-13T16:13:09.0119213Z Unpacking openjdk-21-jre:amd64 (21.0.12+8-1~24.04) ...
2026-09-13T16:13:09.0688554Z Selecting previously unselected package default-jre.
2026-09-13T16:13:09.0809927Z Preparing to unpack .../12-default-jre_2%3a1.21-75+exp1_amd64.deb ...
2026-09-13T16:13:09.0818528Z Unpacking default-jre (2:1.21-75+exp1) ...
2026-09-13T16:13:09.0978158Z Selecting previously unselected package xfonts-encodings.
2026-09-13T16:13:09.1101418Z Preparing to unpack .../13-xfonts-encodings_1%3a1.0.5-0ubuntu2_all.deb ...
2026-09-13T16:13:09.1108084Z Unpacking xfonts-encodings (1:1.0.5-0ubuntu2) ...
2026-09-13T16:13:09.1379801Z Selecting previously unselected package xfonts-utils.
2026-09-13T16:13:09.1503742Z Preparing to unpack .../14-xfonts-utils_1%3a7.7+6build3_amd64.deb ...
2026-09-13T16:13:09.2454819Z Unpacking xfonts-utils (1:7.7+6build3) ...
2026-09-13T16:13:09.2755007Z Selecting previously unselected package fonts-urw-base35.
2026-09-13T16:13:09.2876374Z Preparing to unpack .../15-fonts-urw-base35_20200910-8_all.deb ...
2026-09-13T16:13:09.3460342Z Unpacking fonts-urw-base35 (20200910-8) ...
2026-09-13T16:13:09.4270007Z Selecting previously unselected package libgs-common.
2026-09-13T16:13:09.4395008Z Preparing to unpack .../16-libgs-common_10.02.1~dfsg1-0ubuntu7.8_all.deb ...
2026-09-13T16:13:09.4402282Z Unpacking libgs-common (10.02.1~dfsg1-0ubuntu7.8) ...
2026-09-13T16:13:09.4604304Z Selecting previously unselected package libgs10-common.
2026-09-13T16:13:09.4723577Z Preparing to unpack .../17-libgs10-common_10.02.1~dfsg1-0ubuntu7.8_all.deb ...
2026-09-13T16:13:09.4730688Z Unpacking libgs10-common (10.02.1~dfsg1-0ubuntu7.8) ...
2026-09-13T16:13:09.5319377Z Selecting previously unselected package libidn12:amd64.
2026-09-13T16:13:09.5438314Z Preparing to unpack .../18-libidn12_1.42-1ubuntu0.1_amd64.deb ...
2026-09-13T16:13:09.5446272Z Unpacking libidn12:amd64 (1.42-1ubuntu0.1) ...
2026-09-13T16:13:09.5635185Z Selecting previously unselected package libijs-0.35:amd64.
2026-09-13T16:13:09.5753092Z Preparing to unpack .../19-libijs-0.35_0.35-15.1build1_amd64.deb ...
2026-09-13T16:13:09.5759832Z Unpacking libijs-0.35:amd64 (0.35-15.1build1) ...
2026-09-13T16:13:09.5942695Z Selecting previously unselected package libjbig2dec0:amd64.
2026-09-13T16:13:09.6058079Z Preparing to unpack .../20-libjbig2dec0_0.20-1ubuntu0.24.04.1_amd64.deb ...
2026-09-13T16:13:09.6065780Z Unpacking libjbig2dec0:amd64 (0.20-1ubuntu0.24.04.1) ...
2026-09-13T16:13:09.6260703Z Selecting previously unselected package libpaper1:amd64.
2026-09-13T16:13:09.6375718Z Preparing to unpack .../21-libpaper1_1.1.29build1_amd64.deb ...
2026-09-13T16:13:09.6382534Z Unpacking libpaper1:amd64 (1.1.29build1) ...
2026-09-13T16:13:09.6568405Z Selecting previously unselected package libgs10:amd64.
2026-09-13T16:13:09.6679025Z Preparing to unpack .../22-libgs10_10.02.1~dfsg1-0ubuntu7.8_amd64.deb ...
2026-09-13T16:13:09.6690450Z Unpacking libgs10:amd64 (10.02.1~dfsg1-0ubuntu7.8) ...
2026-09-13T16:13:09.7550700Z Selecting previously unselected package libkpathsea6:amd64.
2026-09-13T16:13:09.7672794Z Preparing to unpack .../23-libkpathsea6_2023.20230311.66589-9build3_amd64.deb ...
2026-09-13T16:13:09.7679929Z Unpacking libkpathsea6:amd64 (2023.20230311.66589-9build3) ...
2026-09-13T16:13:09.7866309Z Selecting previously unselected package libpotrace0:amd64.
2026-09-13T16:13:09.7982414Z Preparing to unpack .../24-libpotrace0_1.16-2build1_amd64.deb ...
2026-09-13T16:13:09.7989536Z Unpacking libpotrace0:amd64 (1.16-2build1) ...
2026-09-13T16:13:09.8166557Z Selecting previously unselected package libwoff1:amd64.
2026-09-13T16:13:09.8284254Z Preparing to unpack .../25-libwoff1_1.0.2-2build1_amd64.deb ...
2026-09-13T16:13:09.8297073Z Unpacking libwoff1:amd64 (1.0.2-2build1) ...
2026-09-13T16:13:09.8470792Z Selecting previously unselected package dvisvgm.
2026-09-13T16:13:09.8587565Z Preparing to unpack .../26-dvisvgm_3.2.1+ds-1build1_amd64.deb ...
2026-09-13T16:13:09.8596102Z Unpacking dvisvgm (3.2.1+ds-1build1) ...
2026-09-13T16:13:09.8851340Z Selecting previously unselected package fonts-lmodern.
2026-09-13T16:13:09.8967938Z Preparing to unpack .../27-fonts-lmodern_2.005-1_all.deb ...
2026-09-13T16:13:09.8975156Z Unpacking fonts-lmodern (2.005-1) ...
2026-09-13T16:13:09.9637134Z Selecting previously unselected package fonts-noto-mono.
2026-09-13T16:13:09.9759862Z Preparing to unpack .../28-fonts-noto-mono_20201225-2_all.deb ...
2026-09-13T16:13:09.9766750Z Unpacking fonts-noto-mono (20201225-2) ...
2026-09-13T16:13:09.9997516Z Selecting previously unselected package fonts-texgyre.
2026-09-13T16:13:10.0118016Z Preparing to unpack .../29-fonts-texgyre_20180621-6_all.deb ...
2026-09-13T16:13:10.0124918Z Unpacking fonts-texgyre (20180621-6) ...
2026-09-13T16:13:10.0858765Z Selecting previously unselected package fonts-texgyre-math.
2026-09-13T16:13:10.0983207Z Preparing to unpack .../30-fonts-texgyre-math_20180621-6_all.deb ...
2026-09-13T16:13:10.0990366Z Unpacking fonts-texgyre-math (20180621-6) ...
2026-09-13T16:13:10.1464674Z Selecting previously unselected package ghostscript.
2026-09-13T16:13:10.1586774Z Preparing to unpack .../31-ghostscript_10.02.1~dfsg1-0ubuntu7.8_amd64.deb ...
2026-09-13T16:13:10.1594954Z Unpacking ghostscript (10.02.1~dfsg1-0ubuntu7.8) ...
2026-09-13T16:13:10.2016361Z Selecting previously unselected package xaw3dg:amd64.
2026-09-13T16:13:10.2135406Z Preparing to unpack .../32-xaw3dg_1.5+F-1.1build2_amd64.deb ...
2026-09-13T16:13:10.2143455Z Unpacking xaw3dg:amd64 (1.5+F-1.1build2) ...
2026-09-13T16:13:10.2378715Z Selecting previously unselected package gv.
2026-09-13T16:13:10.2493110Z Preparing to unpack .../33-gv_1%3a3.7.4-2build2_amd64.deb ...
2026-09-13T16:13:10.2502409Z Unpacking gv (1:3.7.4-2build2) ...
2026-09-13T16:13:10.2727454Z Selecting previously unselected package libpaper-utils.
2026-09-13T16:13:10.2839783Z Preparing to unpack .../34-libpaper-utils_1.1.29build1_amd64.deb ...
2026-09-13T16:13:10.2846609Z Unpacking libpaper-utils (1.1.29build1) ...
2026-09-13T16:13:10.3028258Z Selecting previously unselected package libptexenc1:amd64.
2026-09-13T16:13:10.3142550Z Preparing to unpack .../35-libptexenc1_2023.20230311.66589-9build3_amd64.deb ...
2026-09-13T16:13:10.3149849Z Unpacking libptexenc1:amd64 (2023.20230311.66589-9build3) ...
2026-09-13T16:13:10.3329050Z Selecting previously unselected package libsynctex2:amd64.
2026-09-13T16:13:10.3440608Z Preparing to unpack .../36-libsynctex2_2023.20230311.66589-9build3_amd64.deb ...
2026-09-13T16:13:10.3449385Z Unpacking libsynctex2:amd64 (2023.20230311.66589-9build3) ...
2026-09-13T16:13:10.3632896Z Selecting previously unselected package libtexlua53-5:amd64.
2026-09-13T16:13:10.3746039Z Preparing to unpack .../37-libtexlua53-5_2023.20230311.66589-9build3_amd64.deb ...
2026-09-13T16:13:10.3753495Z Unpacking libtexlua53-5:amd64 (2023.20230311.66589-9build3) ...
2026-09-13T16:13:10.3933596Z Selecting previously unselected package t1utils.
2026-09-13T16:13:10.4045940Z Preparing to unpack .../38-t1utils_1.41-4build3_amd64.deb ...
2026-09-13T16:13:10.4053118Z Unpacking t1utils (1.41-4build3) ...
2026-09-13T16:13:10.4255726Z Selecting previously unselected package libteckit0:amd64.
2026-09-13T16:13:10.4366076Z Preparing to unpack .../39-libteckit0_2.5.12+ds1-1_amd64.deb ...
2026-09-13T16:13:10.4374250Z Unpacking libteckit0:amd64 (2.5.12+ds1-1) ...
2026-09-13T16:13:10.4641414Z Selecting previously unselected package libzzip-0-13t64:amd64.
2026-09-13T16:13:10.4752396Z Preparing to unpack .../40-libzzip-0-13t64_0.13.72+dfsg.1-1.2build1_amd64.deb ...
2026-09-13T16:13:10.4766213Z Unpacking libzzip-0-13t64:amd64 (0.13.72+dfsg.1-1.2build1) ...
2026-09-13T16:13:10.4967393Z Selecting previously unselected package texlive-binaries.
2026-09-13T16:13:10.5078960Z Preparing to unpack .../41-texlive-binaries_2023.20230311.66589-9build3_amd64.deb ...
2026-09-13T16:13:10.5270019Z Unpacking texlive-binaries (2023.20230311.66589-9build3) ...
2026-09-13T16:13:10.6843271Z Selecting previously unselected package texlive-base.
2026-09-13T16:13:10.6963356Z Preparing to unpack .../42-texlive-base_2023.20240207-1_all.deb ...
2026-09-13T16:13:10.6972432Z Unpacking texlive-base (2023.20240207-1) ...
2026-09-13T16:13:11.9587013Z Selecting previously unselected package texlive-latex-base.
2026-09-13T16:13:11.9718015Z Preparing to unpack .../43-texlive-latex-base_2023.20240207-1_all.deb ...
2026-09-13T16:13:11.9724844Z Unpacking texlive-latex-base (2023.20240207-1) ...
2026-09-13T16:13:12.3234076Z Selecting previously unselected package latexmk.
2026-09-13T16:13:12.3367846Z Preparing to unpack .../44-latexmk_1%3a4.83-1_all.deb ...
2026-09-13T16:13:12.3376434Z Unpacking latexmk (1:4.83-1) ...
2026-09-13T16:13:12.3732406Z Selecting previously unselected package libapache-pom-java.
2026-09-13T16:13:12.3861362Z Preparing to unpack .../45-libapache-pom-java_29-2_all.deb ...
2026-09-13T16:13:12.3869542Z Unpacking libapache-pom-java (29-2) ...
2026-09-13T16:13:12.4244478Z Selecting previously unselected package libxcb-shape0:amd64.
2026-09-13T16:13:12.4365545Z Preparing to unpack .../46-libxcb-shape0_1.15-1ubuntu2_amd64.deb ...
2026-09-13T16:13:12.4373416Z Unpacking libxcb-shape0:amd64 (1.15-1ubuntu2) ...
2026-09-13T16:13:12.4554567Z Selecting previously unselected package libxv1:amd64.
2026-09-13T16:13:12.4680083Z Preparing to unpack .../47-libxv1_2%3a1.0.11-1.1build1_amd64.deb ...
2026-09-13T16:13:12.4688371Z Unpacking libxv1:amd64 (2:1.0.11-1.1build1) ...
2026-09-13T16:13:12.4869598Z Selecting previously unselected package libxxf86dga1:amd64.
2026-09-13T16:13:12.4988072Z Preparing to unpack .../48-libxxf86dga1_2%3a1.1.5-1build1_amd64.deb ...
2026-09-13T16:13:12.4996547Z Unpacking libxxf86dga1:amd64 (2:1.1.5-1build1) ...
2026-09-13T16:13:12.5177827Z Selecting previously unselected package x11-utils.
2026-09-13T16:13:12.5294897Z Preparing to unpack .../49-x11-utils_7.7+6build2_amd64.deb ...
2026-09-13T16:13:12.5301793Z Unpacking x11-utils (7.7+6build2) ...
2026-09-13T16:13:12.5554135Z Selecting previously unselected package libatk-wrapper-java.
2026-09-13T16:13:12.5671308Z Preparing to unpack .../50-libatk-wrapper-java_0.40.0-3build2_all.deb ...
2026-09-13T16:13:12.5678951Z Unpacking libatk-wrapper-java (0.40.0-3build2) ...
2026-09-13T16:13:12.5973703Z Selecting previously unselected package libatk-wrapper-java-jni:amd64.
2026-09-13T16:13:12.6088031Z Preparing to unpack .../51-libatk-wrapper-java-jni_0.40.0-3build2_amd64.deb ...
2026-09-13T16:13:12.6094673Z Unpacking libatk-wrapper-java-jni:amd64 (0.40.0-3build2) ...
2026-09-13T16:13:12.6288121Z Selecting previously unselected package libcarp-clan-perl.
2026-09-13T16:13:12.6397848Z Preparing to unpack .../52-libcarp-clan-perl_6.08-2_all.deb ...
2026-09-13T16:13:12.6404241Z Unpacking libcarp-clan-perl (6.08-2) ...
2026-09-13T16:13:12.6592266Z Selecting previously unselected package libbit-vector-perl:amd64.
2026-09-13T16:13:12.6712123Z Preparing to unpack .../53-libbit-vector-perl_7.4-3build1_amd64.deb ...
2026-09-13T16:13:12.6719318Z Unpacking libbit-vector-perl:amd64 (7.4-3build1) ...
2026-09-13T16:13:12.6979286Z Selecting previously unselected package libcommons-parent-java.
2026-09-13T16:13:12.7095269Z Preparing to unpack .../54-libcommons-parent-java_56-1_all.deb ...
2026-09-13T16:13:12.7103217Z Unpacking libcommons-parent-java (56-1) ...
2026-09-13T16:13:12.7283728Z Selecting previously unselected package libcommons-logging-java.
2026-09-13T16:13:12.7399306Z Preparing to unpack .../55-libcommons-logging-java_1.3.0-1ubuntu1_all.deb ...
2026-09-13T16:13:12.7406854Z Unpacking libcommons-logging-java (1.3.0-1ubuntu1) ...
2026-09-13T16:13:12.7592055Z Selecting previously unselected package libcrypt-rc4-perl.
2026-09-13T16:13:12.7704453Z Preparing to unpack .../56-libcrypt-rc4-perl_2.02-5_all.deb ...
2026-09-13T16:13:12.7710940Z Unpacking libcrypt-rc4-perl (2.02-5) ...
2026-09-13T16:13:12.7880014Z Selecting previously unselected package libdate-calc-perl.
2026-09-13T16:13:12.7991320Z Preparing to unpack .../57-libdate-calc-perl_6.4-2_all.deb ...
2026-09-13T16:13:12.7998376Z Unpacking libdate-calc-perl (6.4-2) ...
2026-09-13T16:13:12.8227182Z Selecting previously unselected package libdate-calc-xs-perl:amd64.
2026-09-13T16:13:12.8339250Z Preparing to unpack .../58-libdate-calc-xs-perl_6.4-2build4_amd64.deb ...
2026-09-13T16:13:12.8346275Z Unpacking libdate-calc-xs-perl:amd64 (6.4-2build4) ...
2026-09-13T16:13:12.8538269Z Selecting previously unselected package libdate-manip-perl.
2026-09-13T16:13:12.8647998Z Preparing to unpack .../59-libdate-manip-perl_6.95-1_all.deb ...
2026-09-13T16:13:12.8673930Z Unpacking libdate-manip-perl (6.95-1) ...
2026-09-13T16:13:13.0511791Z Selecting previously unselected package libdigest-perl-md5-perl.
2026-09-13T16:13:13.0643063Z Preparing to unpack .../60-libdigest-perl-md5-perl_1.9-5_all.deb ...
2026-09-13T16:13:13.0651107Z Unpacking libdigest-perl-md5-perl (1.9-5) ...
2026-09-13T16:13:13.0857238Z Selecting previously unselected package libgumbo2:amd64.
2026-09-13T16:13:13.0986389Z Preparing to unpack .../61-libgumbo2_0.12.0+dfsg-2build1_amd64.deb ...
2026-09-13T16:13:13.0994762Z Unpacking libgumbo2:amd64 (0.12.0+dfsg-2build1) ...
2026-09-13T16:13:13.1191842Z Selecting previously unselected package libio-stringy-perl.
2026-09-13T16:13:13.1320182Z Preparing to unpack .../62-libio-stringy-perl_2.111-3_all.deb ...
2026-09-13T16:13:13.1327709Z Unpacking libio-stringy-perl (2.111-3) ...
2026-09-13T16:13:13.1571526Z Selecting previously unselected package libjcode-pm-perl.
2026-09-13T16:13:13.1698294Z Preparing to unpack .../63-libjcode-pm-perl_2.06-1.1build1_amd64.deb ...
2026-09-13T16:13:13.1708255Z Unpacking libjcode-pm-perl (2.06-1.1build1) ...
2026-09-13T16:13:13.1903126Z Selecting previously unselected package libmujs3:amd64.
2026-09-13T16:13:13.2023980Z Preparing to unpack .../64-libmujs3_1.3.3-3build2_amd64.deb ...
2026-09-13T16:13:13.2031868Z Unpacking libmujs3:amd64 (1.3.3-3build2) ...
2026-09-13T16:13:13.2222278Z Selecting previously unselected package libole-storage-lite-perl.
2026-09-13T16:13:13.2342820Z Preparing to unpack .../65-libole-storage-lite-perl_0.22-1_all.deb ...
2026-09-13T16:13:13.2350712Z Unpacking libole-storage-lite-perl (0.22-1) ...
2026-09-13T16:13:13.2551346Z Selecting previously unselected package libparse-recdescent-perl.
2026-09-13T16:13:13.2671136Z Preparing to unpack .../66-libparse-recdescent-perl_1.967015+dfsg-4_all.deb ...
2026-09-13T16:13:13.2678383Z Unpacking libparse-recdescent-perl (1.967015+dfsg-4) ...
2026-09-13T16:13:13.2980957Z Selecting previously unselected package libpoppler134:amd64.
2026-09-13T16:13:13.3103629Z Preparing to unpack .../67-libpoppler134_24.02.0-1ubuntu9.9_amd64.deb ...
2026-09-13T16:13:13.3113685Z Unpacking libpoppler134:amd64 (24.02.0-1ubuntu9.9) ...
2026-09-13T16:13:13.3426170Z Selecting previously unselected package libspreadsheet-writeexcel-perl.
2026-09-13T16:13:13.3551818Z Preparing to unpack .../68-libspreadsheet-writeexcel-perl_2.40-4_all.deb ...
2026-09-13T16:13:13.3570837Z Unpacking libspreadsheet-writeexcel-perl (2.40-4) ...
2026-09-13T16:13:13.4057988Z Selecting previously unselected package libunicode-map-perl.
2026-09-13T16:13:13.4185028Z Preparing to unpack .../69-libunicode-map-perl_0.112-13build4_amd64.deb ...
2026-09-13T16:13:13.4192171Z Unpacking libunicode-map-perl (0.112-13build4) ...
2026-09-13T16:13:13.4547075Z Selecting previously unselected package libspreadsheet-parseexcel-perl.
2026-09-13T16:13:13.4670518Z Preparing to unpack .../70-libspreadsheet-parseexcel-perl_0.6600-1_all.deb ...
2026-09-13T16:13:13.4680553Z Unpacking libspreadsheet-parseexcel-perl (0.6600-1) ...
2026-09-13T16:13:13.4989713Z Selecting previously unselected package lmodern.
2026-09-13T16:13:13.5115620Z Preparing to unpack .../71-lmodern_2.005-1_all.deb ...
2026-09-13T16:13:13.5123903Z Unpacking lmodern (2.005-1) ...
2026-09-13T16:13:13.7698595Z Selecting previously unselected package mupdf-tools.
2026-09-13T16:13:13.7823870Z Preparing to unpack .../72-mupdf-tools_1.23.10+ds1-1build3_amd64.deb ...
2026-09-13T16:13:13.7833917Z Unpacking mupdf-tools (1.23.10+ds1-1build3) ...
2026-09-13T16:13:14.1093624Z Selecting previously unselected package poppler-utils.
2026-09-13T16:13:14.1224948Z Preparing to unpack .../73-poppler-utils_24.02.0-1ubuntu9.9_amd64.deb ...
2026-09-13T16:13:14.1232263Z Unpacking poppler-utils (24.02.0-1ubuntu9.9) ...
2026-09-13T16:13:14.1506987Z Selecting previously unselected package preview-latex-style.
2026-09-13T16:13:14.1638028Z Preparing to unpack .../74-preview-latex-style_13.2-1_all.deb ...
2026-09-13T16:13:14.1645538Z Unpacking preview-latex-style (13.2-1) ...
2026-09-13T16:13:14.1887852Z Selecting previously unselected package tex-gyre.
2026-09-13T16:13:14.2014532Z Preparing to unpack .../75-tex-gyre_20180621-6_all.deb ...
2026-09-13T16:13:14.2022288Z Unpacking tex-gyre (20180621-6) ...
2026-09-13T16:13:14.3962520Z Selecting previously unselected package texlive-fonts-recommended.
2026-09-13T16:13:14.4089910Z Preparing to unpack .../76-texlive-fonts-recommended_2023.20240207-1_all.deb ...
2026-09-13T16:13:14.4097095Z Unpacking texlive-fonts-recommended (2023.20240207-1) ...
2026-09-13T16:13:14.8514598Z Selecting previously unselected package libfontbox-java.
2026-09-13T16:13:14.8650974Z Preparing to unpack .../77-libfontbox-java_1%3a1.8.16-5_all.deb ...
2026-09-13T16:13:14.8659425Z Unpacking libfontbox-java (1:1.8.16-5) ...
2026-09-13T16:13:14.8864565Z Selecting previously unselected package libpdfbox-java.
2026-09-13T16:13:14.8989815Z Preparing to unpack .../78-libpdfbox-java_1%3a1.8.16-5_all.deb ...
2026-09-13T16:13:14.8997351Z Unpacking libpdfbox-java (1:1.8.16-5) ...
2026-09-13T16:13:14.9358021Z Selecting previously unselected package texlive-latex-recommended.
2026-09-13T16:13:14.9482145Z Preparing to unpack .../79-texlive-latex-recommended_2023.20240207-1_all.deb ...
2026-09-13T16:13:14.9489570Z Unpacking texlive-latex-recommended (2023.20240207-1) ...
2026-09-13T16:13:15.6269882Z Selecting previously unselected package texlive-pictures.
2026-09-13T16:13:15.6408248Z Preparing to unpack .../80-texlive-pictures_2023.20240207-1_all.deb ...
2026-09-13T16:13:15.6522069Z Unpacking texlive-pictures (2023.20240207-1) ...
2026-09-13T16:13:16.6807365Z Selecting previously unselected package texlive-latex-extra.
2026-09-13T16:13:16.6949698Z Preparing to unpack .../81-texlive-latex-extra_2023.20240207-1_all.deb ...
2026-09-13T16:13:16.6956219Z Unpacking texlive-latex-extra (2023.20240207-1) ...
2026-09-13T16:13:17.9870452Z Selecting previously unselected package texlive-plain-generic.
2026-09-13T16:13:18.0029211Z Preparing to unpack .../82-texlive-plain-generic_2023.20240207-1_all.deb ...
2026-09-13T16:13:18.0036257Z Unpacking texlive-plain-generic (2023.20240207-1) ...
2026-09-13T16:13:20.4863630Z Selecting previously unselected package tipa.
2026-09-13T16:13:20.5045557Z Preparing to unpack .../83-tipa_2%3a1.3-21_all.deb ...
2026-09-13T16:13:20.5105185Z Unpacking tipa (2:1.3-21) ...
2026-09-13T16:13:20.7091825Z Selecting previously unselected package xpdf.
2026-09-13T16:13:20.7238781Z Preparing to unpack .../84-xpdf_3.04+git20240202-1build3_amd64.deb ...
2026-09-13T16:13:20.7298699Z Unpacking xpdf (3.04+git20240202-1build3) ...
2026-09-13T16:13:20.7550741Z Selecting previously unselected package cups-bsd.
2026-09-13T16:13:20.7699580Z Preparing to unpack .../85-cups-bsd_2.4.7-1.2ubuntu7.14_amd64.deb ...
2026-09-13T16:13:20.7706483Z Unpacking cups-bsd (2.4.7-1.2ubuntu7.14) ...
2026-09-13T16:13:20.8124505Z Setting up libjcode-pm-perl (2.06-1.1build1) ...
2026-09-13T16:13:20.8149605Z Setting up libpaper1:amd64 (1.1.29build1) ...
2026-09-13T16:13:20.9669250Z 
2026-09-13T16:13:20.9671802Z Creating config file /etc/papersize with new version
2026-09-13T16:13:21.0179477Z Setting up fonts-noto-mono (20201225-2) ...
2026-09-13T16:13:21.0208706Z Setting up fonts-texgyre-math (20180621-6) ...
2026-09-13T16:13:21.0239793Z Setting up libwoff1:amd64 (1.0.2-2build1) ...
2026-09-13T16:13:21.0258930Z Setting up libmujs3:amd64 (1.3.3-3build2) ...
2026-09-13T16:13:21.0277897Z Setting up libpoppler134:amd64 (24.02.0-1ubuntu9.9) ...
2026-09-13T16:13:21.0296275Z Setting up libio-stringy-perl (2.111-3) ...
2026-09-13T16:13:21.0313889Z Setting up libijs-0.35:amd64 (0.35-15.1build1) ...
2026-09-13T16:13:21.0331389Z Setting up cups-common (2.4.7-1.2ubuntu7.14) ...
2026-09-13T16:13:21.0362362Z Setting up preview-latex-style (13.2-1) ...
2026-09-13T16:13:21.0451666Z Setting up libgs-common (10.02.1~dfsg1-0ubuntu7.8) ...
2026-09-13T16:13:21.0470728Z Setting up libfontbox-java (1:1.8.16-5) ...
2026-09-13T16:13:21.0490446Z Setting up libxcb-shape0:amd64 (1.15-1ubuntu2) ...
2026-09-13T16:13:21.0508146Z Setting up libxxf86dga1:amd64 (2:1.1.5-1build1) ...
2026-09-13T16:13:21.0527757Z Setting up libpaper-utils (1.1.29build1) ...
2026-09-13T16:13:21.0551326Z Setting up libmotif-common (2.3.8-3.1build1) ...
2026-09-13T16:13:21.0575563Z Setting up cups-client (2.4.7-1.2ubuntu7.14) ...
2026-09-13T16:13:21.1342685Z info: Selecting GID from range 100 to 999 ...
2026-09-13T16:13:21.1367283Z info: Adding group `lpadmin' (GID 119) ...
2026-09-13T16:13:21.1490556Z Setting up poppler-data (0.4.12-1) ...
2026-09-13T16:13:21.1581001Z Setting up libdigest-perl-md5-perl (1.9-5) ...
2026-09-13T16:13:21.1600175Z Setting up libunicode-map-perl (0.112-13build4) ...
2026-09-13T16:13:21.1619199Z Setting up libzzip-0-13t64:amd64 (0.13.72+dfsg.1-1.2build1) ...
2026-09-13T16:13:21.1637400Z Setting up libjbig2dec0:amd64 (0.20-1ubuntu0.24.04.1) ...
2026-09-13T16:13:21.1659533Z Setting up libgumbo2:amd64 (0.12.0+dfsg-2build1) ...
2026-09-13T16:13:21.1679952Z Setting up libteckit0:amd64 (2.5.12+ds1-1) ...
2026-09-13T16:13:21.1698813Z Setting up libapache-pom-java (29-2) ...
2026-09-13T16:13:21.1717714Z Setting up xfonts-encodings (1:1.0.5-0ubuntu2) ...
2026-09-13T16:13:21.1736428Z Setting up t1utils (1.41-4build3) ...
2026-09-13T16:13:21.1756628Z Setting up libtexlua53-5:amd64 (2023.20230311.66589-9build3) ...
2026-09-13T16:13:21.1775613Z Setting up libcrypt-rc4-perl (2.02-5) ...
2026-09-13T16:13:21.1793200Z Setting up libxv1:amd64 (2:1.0.11-1.1build1) ...
2026-09-13T16:13:21.1847682Z Setting up libidn12:amd64 (1.42-1ubuntu0.1) ...
2026-09-13T16:13:21.1866708Z Setting up libpcsclite1:amd64 (2.0.3-1build1) ...
2026-09-13T16:13:21.1886535Z Setting up fonts-texgyre (20180621-6) ...
2026-09-13T16:13:21.1912445Z Setting up xaw3dg:amd64 (1.5+F-1.1build2) ...
2026-09-13T16:13:21.1933101Z Setting up libkpathsea6:amd64 (2023.20230311.66589-9build3) ...
2026-09-13T16:13:21.1952722Z Setting up libole-storage-lite-perl (0.22-1) ...
2026-09-13T16:13:21.1973099Z Setting up libgif7:amd64 (5.2.2-1ubuntu1.2) ...
2026-09-13T16:13:21.1993751Z Setting up libparse-recdescent-perl (1.967015+dfsg-4) ...
2026-09-13T16:13:21.2013448Z Setting up x11-utils (7.7+6build2) ...
2026-09-13T16:13:21.2095635Z Setting up fonts-lmodern (2.005-1) ...
2026-09-13T16:13:21.2120207Z Setting up libcarp-clan-perl (6.08-2) ...
2026-09-13T16:13:21.2144563Z Setting up fonts-droid-fallback (1:6.0.1r16-1.1build1) ...
2026-09-13T16:13:21.2322472Z Setting up poppler-utils (24.02.0-1ubuntu9.9) ...
2026-09-13T16:13:21.2350904Z Setting up libatk-wrapper-java (0.40.0-3build2) ...
2026-09-13T16:13:21.2370425Z Setting up ca-certificates-java (20240118) ...
2026-09-13T16:13:23.3100455Z Adding debian:ACCVRAIZ1.pem
2026-09-13T16:13:23.3122956Z Adding debian:AC_RAIZ_FNMT-RCM.pem
2026-09-13T16:13:23.3688683Z Adding debian:AC_RAIZ_FNMT-RCM_SERVIDORES_SEGUROS.pem
2026-09-13T16:13:23.3712458Z Adding debian:ANF_Secure_Server_Root_CA.pem
2026-09-13T16:13:23.3737585Z Adding debian:Actalis_Authentication_Root_CA.pem
2026-09-13T16:13:23.3752438Z Adding debian:Amazon_Root_CA_1.pem
2026-09-13T16:13:23.3774716Z Adding debian:Amazon_Root_CA_2.pem
2026-09-13T16:13:23.3785617Z Adding debian:Amazon_Root_CA_3.pem
2026-09-13T16:13:23.3795975Z Adding debian:Amazon_Root_CA_4.pem
2026-09-13T16:13:23.3811668Z Adding debian:Atos_TrustedRoot_2011.pem
2026-09-13T16:13:23.3823706Z Adding debian:Atos_TrustedRoot_Root_CA_ECC_TLS_2021.pem
2026-09-13T16:13:23.3846173Z Adding debian:Atos_TrustedRoot_Root_CA_RSA_TLS_2021.pem
2026-09-13T16:13:23.3872379Z Adding debian:Autoridad_de_Certificacion_Firmaprofesional_CIF_A62634068.pem
2026-09-13T16:13:23.3894567Z Adding debian:BJCA_Global_Root_CA1.pem
2026-09-13T16:13:23.3905922Z Adding debian:BJCA_Global_Root_CA2.pem
2026-09-13T16:13:23.4152696Z Adding debian:Buypass_Class_2_Root_CA.pem
2026-09-13T16:13:23.4174036Z Adding debian:Buypass_Class_3_Root_CA.pem
2026-09-13T16:13:23.4195395Z Adding debian:CA_Disig_Root_R2.pem
2026-09-13T16:13:23.4217295Z Adding debian:CFCA_EV_ROOT.pem
2026-09-13T16:13:23.4228097Z Adding debian:COMODO_ECC_Certification_Authority.pem
2026-09-13T16:13:23.4249468Z Adding debian:COMODO_RSA_Certification_Authority.pem
2026-09-13T16:13:23.4260363Z Adding debian:Certainly_Root_E1.pem
2026-09-13T16:13:23.4285308Z Adding debian:Certainly_Root_R1.pem
2026-09-13T16:13:23.4327081Z Adding debian:Certigna_Root_CA.pem
2026-09-13T16:13:23.4327636Z Adding debian:Certum_EC-384_CA.pem
2026-09-13T16:13:23.4341045Z Adding debian:Certum_Trusted_Network_CA.pem
2026-09-13T16:13:23.4362943Z Adding debian:Certum_Trusted_Network_CA_2.pem
2026-09-13T16:13:23.4384494Z Adding debian:Certum_Trusted_Root_CA.pem
2026-09-13T16:13:23.4398388Z Adding debian:D-TRUST_BR_Root_CA_1_2020.pem
2026-09-13T16:13:23.4420306Z Adding debian:D-TRUST_BR_Root_CA_2_2023.pem
2026-09-13T16:13:23.4436790Z Adding debian:D-TRUST_EV_Root_CA_1_2020.pem
2026-09-13T16:13:23.4458213Z Adding debian:D-TRUST_EV_Root_CA_2_2023.pem
2026-09-13T16:13:23.4481087Z Adding debian:D-TRUST_Root_Class_3_CA_2_2009.pem
2026-09-13T16:13:23.4506453Z Adding debian:D-TRUST_Root_Class_3_CA_2_EV_2009.pem
2026-09-13T16:13:23.4522115Z Adding debian:DigiCert_Assured_ID_Root_G2.pem
2026-09-13T16:13:23.4542242Z Adding debian:DigiCert_Assured_ID_Root_G3.pem
2026-09-13T16:13:23.4572132Z Adding debian:DigiCert_Global_Root_G2.pem
2026-09-13T16:13:23.4602118Z Adding debian:DigiCert_Global_Root_G3.pem
2026-09-13T16:13:23.4602811Z Adding debian:DigiCert_TLS_ECC_P384_Root_G5.pem
2026-09-13T16:13:23.4610679Z Adding debian:DigiCert_TLS_RSA4096_Root_G5.pem
2026-09-13T16:13:23.4630956Z Adding debian:DigiCert_Trusted_Root_G4.pem
2026-09-13T16:13:23.4647576Z Adding debian:Entrust_Root_Certification_Authority.pem
2026-09-13T16:13:23.4667476Z Adding debian:GDCA_TrustAUTH_R5_ROOT.pem
2026-09-13T16:13:23.4684968Z Adding debian:GTS_Root_R1.pem
2026-09-13T16:13:23.4693936Z Adding debian:GTS_Root_R3.pem
2026-09-13T16:13:23.4703192Z Adding debian:GTS_Root_R4.pem
2026-09-13T16:13:23.4711638Z Adding debian:GlobalSign_ECC_Root_CA_-_R4.pem
2026-09-13T16:13:23.4721835Z Adding debian:GlobalSign_ECC_Root_CA_-_R5.pem
2026-09-13T16:13:23.4734651Z Adding debian:GlobalSign_Root_CA_-_R3.pem
2026-09-13T16:13:23.4751975Z Adding debian:GlobalSign_Root_CA_-_R6.pem
2026-09-13T16:13:23.4761036Z Adding debian:GlobalSign_Root_E46.pem
2026-09-13T16:13:23.4780443Z Adding debian:GlobalSign_Root_R46.pem
2026-09-13T16:13:23.4793960Z Adding debian:Go_Daddy_Root_Certificate_Authority_-_G2.pem
2026-09-13T16:13:23.4803714Z Adding debian:HARICA_TLS_ECC_Root_CA_2021.pem
2026-09-13T16:13:23.4822011Z Adding debian:HARICA_TLS_RSA_Root_CA_2021.pem
2026-09-13T16:13:23.4840601Z Adding debian:Hellenic_Academic_and_Research_Institutions_ECC_RootCA_2015.pem
2026-09-13T16:13:23.4854509Z Adding debian:Hellenic_Academic_and_Research_Institutions_RootCA_2015.pem
2026-09-13T16:13:23.4872143Z Adding debian:HiPKI_Root_CA_-_G1.pem
2026-09-13T16:13:23.4890642Z Adding debian:Hongkong_Post_Root_CA_3.pem
2026-09-13T16:13:23.4908423Z Adding debian:ISRG_Root_X1.pem
2026-09-13T16:13:23.4917496Z Adding debian:ISRG_Root_X2.pem
2026-09-13T16:13:23.4935133Z Adding debian:IdenTrust_Commercial_Root_CA_1.pem
2026-09-13T16:13:23.4953777Z Adding debian:IdenTrust_Public_Sector_Root_CA_1.pem
2026-09-13T16:13:23.4975949Z Adding debian:Izenpe.com.pem
2026-09-13T16:13:23.4994896Z Adding debian:Microsec_e-Szigno_Root_CA_2009.pem
2026-09-13T16:13:23.5007919Z Adding debian:Microsoft_ECC_Root_Certificate_Authority_2017.pem
2026-09-13T16:13:23.5032394Z Adding debian:Microsoft_RSA_Root_Certificate_Authority_2017.pem
2026-09-13T16:13:23.5054774Z Adding debian:NAVER_Global_Root_Certification_Authority.pem
2026-09-13T16:13:23.5089474Z Adding debian:NetLock_Arany_=Class_Gold=_Főtanúsítvány.pem
2026-09-13T16:13:23.5103644Z Adding debian:OISTE_Server_Root_ECC_G1.pem
2026-09-13T16:13:23.5121164Z Adding debian:OISTE_Server_Root_RSA_G1.pem
2026-09-13T16:13:23.5142691Z Adding debian:OISTE_WISeKey_Global_Root_GB_CA.pem
2026-09-13T16:13:23.5151643Z Adding debian:OISTE_WISeKey_Global_Root_GC_CA.pem
2026-09-13T16:13:23.5191137Z Adding debian:QuoVadis_Root_CA_1_G3.pem
2026-09-13T16:13:23.5198413Z Adding debian:QuoVadis_Root_CA_2_G3.pem
2026-09-13T16:13:23.5217064Z Adding debian:QuoVadis_Root_CA_3_G3.pem
2026-09-13T16:13:23.5228953Z Adding debian:SSL.com_EV_Root_Certification_Authority_ECC.pem
2026-09-13T16:13:23.5247841Z Adding debian:SSL.com_EV_Root_Certification_Authority_RSA_R2.pem
2026-09-13T16:13:23.5257541Z Adding debian:SSL.com_Root_Certification_Authority_ECC.pem
2026-09-13T16:13:23.5279114Z Adding debian:SSL.com_Root_Certification_Authority_RSA.pem
2026-09-13T16:13:23.5289168Z Adding debian:SSL.com_TLS_ECC_Root_CA_2022.pem
2026-09-13T16:13:23.5307265Z Adding debian:SSL.com_TLS_RSA_Root_CA_2022.pem
2026-09-13T16:13:23.5319200Z Adding debian:SZAFIR_ROOT_CA2.pem
2026-09-13T16:13:23.5328715Z Adding debian:Sectigo_Public_Server_Authentication_Root_E46.pem
2026-09-13T16:13:23.5346781Z Adding debian:Sectigo_Public_Server_Authentication_Root_R46.pem
2026-09-13T16:13:23.5359301Z Adding debian:SecureSign_Root_CA12.pem
2026-09-13T16:13:23.5377439Z Adding debian:SecureSign_Root_CA14.pem
2026-09-13T16:13:23.5387201Z Adding debian:SecureSign_Root_CA15.pem
2026-09-13T16:13:23.5396859Z Adding debian:Security_Communication_ECC_RootCA1.pem
2026-09-13T16:13:23.5410948Z Adding debian:Security_Communication_RootCA2.pem
2026-09-13T16:13:23.5427049Z Adding debian:Starfield_Root_Certificate_Authority_-_G2.pem
2026-09-13T16:13:23.5439508Z Adding debian:Starfield_Services_Root_Certificate_Authority_-_G2.pem
2026-09-13T16:13:23.5460447Z Adding debian:SwissSign_RSA_TLS_Root_CA_2022_-_1.pem
2026-09-13T16:13:23.5473413Z Adding debian:T-TeleSec_GlobalRoot_Class_2.pem
2026-09-13T16:13:23.5490818Z Adding debian:T-TeleSec_GlobalRoot_Class_3.pem
2026-09-13T16:13:23.5503234Z Adding debian:TUBITAK_Kamu_SM_SSL_Kok_Sertifikasi_-_Surum_1.pem
2026-09-13T16:13:23.5521160Z Adding debian:TWCA_CYBER_Root_CA.pem
2026-09-13T16:13:23.5539081Z Adding debian:TWCA_Global_Root_CA.pem
2026-09-13T16:13:23.5550781Z Adding debian:TWCA_Root_Certification_Authority.pem
2026-09-13T16:13:23.5560363Z Adding debian:Telekom_Security_TLS_ECC_Root_2020.pem
2026-09-13T16:13:23.5586492Z Adding debian:Telekom_Security_TLS_RSA_Root_2023.pem
2026-09-13T16:13:23.5596626Z Adding debian:Telia_Root_CA_v2.pem
2026-09-13T16:13:23.5616114Z Adding debian:TrustAsia_Global_Root_CA_G3.pem
2026-09-13T16:13:23.5626462Z Adding debian:TrustAsia_Global_Root_CA_G4.pem
2026-09-13T16:13:23.5653568Z Adding debian:TrustAsia_TLS_ECC_Root_CA.pem
2026-09-13T16:13:23.5654286Z Adding debian:TrustAsia_TLS_RSA_Root_CA.pem
2026-09-13T16:13:23.5670146Z Adding debian:TunTrust_Root_CA.pem
2026-09-13T16:13:23.5698781Z Adding debian:UCA_Extended_Validation_Root.pem
2026-09-13T16:13:23.5703915Z Adding debian:UCA_Global_G2_Root.pem
2026-09-13T16:13:23.5722246Z Adding debian:USERTrust_ECC_Certification_Authority.pem
2026-09-13T16:13:23.5738465Z Adding debian:USERTrust_RSA_Certification_Authority.pem
2026-09-13T16:13:23.5748466Z Adding debian:certSIGN_Root_CA_G2.pem
2026-09-13T16:13:23.5765533Z Adding debian:e-Szigno_Root_CA_2017.pem
2026-09-13T16:13:23.5766111Z Adding debian:e-Szigno_TLS_Root_CA_2023.pem
2026-09-13T16:13:23.5784272Z Adding debian:ePKI_Root_Certification_Authority.pem
2026-09-13T16:13:23.5792262Z Adding debian:emSign_ECC_Root_CA_-_C3.pem
2026-09-13T16:13:23.5801094Z Adding debian:emSign_ECC_Root_CA_-_G3.pem
2026-09-13T16:13:23.5817601Z Adding debian:emSign_Root_CA_-_C1.pem
2026-09-13T16:13:23.5825339Z Adding debian:emSign_Root_CA_-_G1.pem
2026-09-13T16:13:23.5833255Z Adding debian:vTrus_ECC_Root_CA.pem
2026-09-13T16:13:23.5848535Z Adding debian:vTrus_Root_CA.pem
2026-09-13T16:13:23.6721242Z done.
2026-09-13T16:13:23.6764022Z Setting up libdate-manip-perl (6.95-1) ...
2026-09-13T16:13:23.6782074Z Setting up libxm4:amd64 (2.3.8-3.1build1) ...
2026-09-13T16:13:23.6800870Z Setting up libsynctex2:amd64 (2023.20230311.66589-9build3) ...
2026-09-13T16:13:23.6820151Z Setting up libpotrace0:amd64 (1.16-2build1) ...
2026-09-13T16:13:23.6838478Z Setting up libpdfbox-java (1:1.8.16-5) ...
2026-09-13T16:13:23.6858711Z Setting up openjdk-21-jre-headless:amd64 (21.0.12+8-1~24.04) ...
2026-09-13T16:13:23.7480398Z Setting up cups-bsd (2.4.7-1.2ubuntu7.14) ...
2026-09-13T16:13:23.8313537Z Setting up libcommons-parent-java (56-1) ...
2026-09-13T16:13:23.8332876Z Setting up libcommons-logging-java (1.3.0-1ubuntu1) ...
2026-09-13T16:13:23.8351840Z Setting up xfonts-utils (1:7.7+6build3) ...
2026-09-13T16:13:23.8389726Z Setting up mupdf-tools (1.23.10+ds1-1build3) ...
2026-09-13T16:13:23.8408383Z Setting up libspreadsheet-writeexcel-perl (2.40-4) ...
2026-09-13T16:13:23.8431002Z Setting up libatk-wrapper-java-jni:amd64 (0.40.0-3build2) ...
2026-09-13T16:13:23.8450457Z Setting up libbit-vector-perl:amd64 (7.4-3build1) ...
2026-09-13T16:13:23.8468722Z Setting up libptexenc1:amd64 (2023.20230311.66589-9build3) ...
2026-09-13T16:13:23.8486689Z Setting up libspreadsheet-parseexcel-perl (0.6600-1) ...
2026-09-13T16:13:23.8506443Z Setting up texlive-binaries (2023.20230311.66589-9build3) ...
2026-09-13T16:13:23.8559812Z update-alternatives: using /usr/bin/xdvi-xaw to provide /usr/bin/xdvi.bin (xdvi.bin) in auto mode
2026-09-13T16:13:23.8600743Z update-alternatives: using /usr/bin/bibtex.original to provide /usr/bin/bibtex (bibtex) in auto mode
2026-09-13T16:13:23.8639144Z Setting up lmodern (2.005-1) ...
2026-09-13T16:13:24.0019510Z Setting up xpdf (3.04+git20240202-1build3) ...
2026-09-13T16:13:24.0053887Z Setting up texlive-base (2023.20240207-1) ...
2026-09-13T16:13:24.6573367Z tl-paper: setting paper size for dvips to a4: /var/lib/texmf/dvips/config/config-paper.ps
2026-09-13T16:13:24.8414501Z tl-paper: setting paper size for dvipdfmx to a4: /var/lib/texmf/dvipdfmx/dvipdfmx-paper.cfg
2026-09-13T16:13:25.0268836Z tl-paper: setting paper size for xdvi to a4: /var/lib/texmf/xdvi/XDvi-paper
2026-09-13T16:13:25.2206100Z tl-paper: setting paper size for pdftex to a4: /var/lib/texmf/tex/generic/tex-ini-files/pdftexconfig.tex
2026-09-13T16:13:25.6555634Z Setting up tex-gyre (20180621-6) ...
2026-09-13T16:13:25.7873190Z Setting up libdate-calc-perl (6.4-2) ...
2026-09-13T16:13:25.7892448Z Setting up libdate-calc-xs-perl:amd64 (6.4-2build4) ...
2026-09-13T16:13:25.7910207Z Setting up texlive-plain-generic (2023.20240207-1) ...
2026-09-13T16:13:25.7945247Z Setting up fonts-urw-base35 (20200910-8) ...
2026-09-13T16:13:26.0014806Z Setting up texlive-latex-base (2023.20240207-1) ...
2026-09-13T16:13:26.0072847Z Setting up texlive-latex-recommended (2023.20240207-1) ...
2026-09-13T16:13:26.0107555Z Setting up texlive-pictures (2023.20240207-1) ...
2026-09-13T16:13:26.0154920Z Setting up texlive-fonts-recommended (2023.20240207-1) ...
2026-09-13T16:13:26.0200733Z Setting up tipa (2:1.3-21) ...
2026-09-13T16:13:26.0276834Z Setting up libgs10-common (10.02.1~dfsg1-0ubuntu7.8) ...
2026-09-13T16:13:26.0294065Z Setting up latexmk (1:4.83-1) ...
2026-09-13T16:13:26.0323490Z Setting up texlive-latex-extra (2023.20240207-1) ...
2026-09-13T16:13:26.0383076Z Setting up libgs10:amd64 (10.02.1~dfsg1-0ubuntu7.8) ...
2026-09-13T16:13:26.0404809Z Setting up dvisvgm (3.2.1+ds-1build1) ...
2026-09-13T16:13:26.0423444Z Setting up ghostscript (10.02.1~dfsg1-0ubuntu7.8) ...
2026-09-13T16:13:26.0478834Z Setting up gv (1:3.7.4-2build2) ...
2026-09-13T16:13:26.0621361Z Processing triggers for man-db (2.12.0-4build2) ...
2026-09-13T16:13:26.0642622Z Not building database; man-db/auto-update is not 'true'.
2026-09-13T16:13:26.0653334Z Processing triggers for tex-common (6.18) ...
2026-09-13T16:13:26.2502610Z Running mktexlsr. This may take some time... done.
2026-09-13T16:13:26.6670900Z Running updmap-sys. This may take some time... done.
2026-09-13T16:13:26.6896272Z Running mktexlsr /var/lib/texmf ... done.
2026-09-13T16:13:26.7660396Z Building format(s) --all.
2026-09-13T16:14:06.5879338Z 	This may take some time... done.
2026-09-13T16:14:06.5957292Z Processing triggers for install-info (7.1-3build2) ...
2026-09-13T16:14:06.8443700Z Processing triggers for fontconfig (2.15.0-1.1ubuntu2) ...
2026-09-13T16:14:07.1631859Z Processing triggers for hicolor-icon-theme (0.17-2) ...
2026-09-13T16:14:07.3652649Z Processing triggers for libc-bin (2.39-0ubuntu8.8) ...
2026-09-13T16:14:07.4324882Z Processing triggers for ca-certificates-java (20240118) ...
2026-09-13T16:14:07.4684159Z done.
2026-09-13T16:14:07.4728714Z Setting up openjdk-21-jre:amd64 (21.0.12+8-1~24.04) ...
2026-09-13T16:14:07.4779351Z Setting up default-jre-headless (2:1.21-75+exp1) ...
2026-09-13T16:14:07.4809356Z Setting up default-jre (2:1.21-75+exp1) ...
2026-09-13T16:14:08.0422772Z 
2026-09-13T16:14:08.0423338Z Running kernel seems to be up-to-date.
2026-09-13T16:14:08.0423696Z 
2026-09-13T16:14:08.0423863Z No services need to be restarted.
2026-09-13T16:14:08.0424147Z 
2026-09-13T16:14:08.0424303Z No containers need to be restarted.
2026-09-13T16:14:08.0424602Z 
2026-09-13T16:14:08.0424795Z No user sessions are running outdated binaries.
2026-09-13T16:14:08.0425136Z 
2026-09-13T16:14:08.0425457Z No VM guests are running outdated hypervisor (qemu) binaries on this host.
2026-09-13T16:14:08.7823205Z ##[group]Run uv run cffconvert --validate --infile CITATION.cff
2026-09-13T16:14:08.7823998Z [36;1muv run cffconvert --validate --infile CITATION.cff[0m
2026-09-13T16:14:08.7875097Z shell: /usr/bin/bash -e {0}
2026-09-13T16:14:08.7875497Z env:
2026-09-13T16:14:08.7875941Z   UV_PYTHON_INSTALL_DIR: /home/runner/work/_temp/uv-python-dir
2026-09-13T16:14:08.7876517Z   UV_PYTHON: 3.12
2026-09-13T16:14:08.7876948Z   UV_CACHE_DIR: /home/runner/work/_temp/setup-uv-cache
2026-09-13T16:14:08.7877528Z ##[endgroup]
2026-09-13T16:14:09.4360780Z Citation metadata are valid according to schema version 1.2.0.
2026-09-13T16:14:09.4645245Z ##[group]Run uv pip install --python .venv/bin/python --no-config --require-hashes --torch-backend cu129 --overrides requirements-formal.lock --dry-run -r requirements-formal.lock
2026-09-13T16:14:09.4647522Z [36;1muv pip install --python .venv/bin/python --no-config --require-hashes --torch-backend cu129 --overrides requirements-formal.lock --dry-run -r requirements-formal.lock[0m
2026-09-13T16:14:09.4649715Z [36;1muv pip install --python .venv/bin/python --no-config --no-deps --require-hashes --no-build-isolation-package flash-attn --dry-run -r requirements-formal-flash.txt[0m
2026-09-13T16:14:09.4702035Z shell: /usr/bin/bash -e {0}
2026-09-13T16:14:09.4702296Z env:
2026-09-13T16:14:09.4702585Z   UV_PYTHON_INSTALL_DIR: /home/runner/work/_temp/uv-python-dir
2026-09-13T16:14:09.4702937Z   UV_PYTHON: 3.12
2026-09-13T16:14:09.4703191Z   UV_CACHE_DIR: /home/runner/work/_temp/setup-uv-cache
2026-09-13T16:14:09.4703495Z ##[endgroup]
2026-09-13T16:14:10.2961709Z Resolved 113 packages in 772ms
2026-09-13T16:14:10.2985030Z Would download 41 packages
2026-09-13T16:14:10.2985468Z Would uninstall 39 packages
2026-09-13T16:14:10.2985731Z Would install 42 packages
2026-09-13T16:14:10.3009142Z  - accelerate==1.14.0
2026-09-13T16:14:10.3009739Z  + accelerate==1.13.0
2026-09-13T16:14:10.3010122Z  - click==8.4.2
2026-09-13T16:14:10.3010762Z  + click==8.5.0
2026-09-13T16:14:10.3011115Z  - coverage==7.15.4
2026-09-13T16:14:10.3011478Z  + coverage==7.16.0
2026-09-13T16:14:10.3012016Z  - datasets==4.8.5
2026-09-13T16:14:10.3012364Z  + datasets==4.8.4
2026-09-13T16:14:10.3012710Z  - filelock==3.32.3
2026-09-13T16:14:10.3013071Z  + filelock==3.32.4
2026-09-13T16:14:10.3013411Z  + gitdb==4.0.12
2026-09-13T16:14:10.3013769Z  + gitpython==3.1.61
2026-09-13T16:14:10.3014154Z  - huggingface-hub==1.27.0
2026-09-13T16:14:10.3014564Z  + huggingface-hub==1.29.0
2026-09-13T16:14:10.3014949Z  - idna==3.18
2026-09-13T16:14:10.3015268Z  + idna==3.19
2026-09-13T16:14:10.3015597Z  - kiwisolver==1.5.0
2026-09-13T16:14:10.3015969Z  + kiwisolver==1.5.1
2026-09-13T16:14:10.3016317Z  - mteb==2.19.3
2026-09-13T16:14:10.3016639Z  + mteb==2.18.16
2026-09-13T16:14:10.3016983Z  - narwhals==2.24.0
2026-09-13T16:14:10.3017333Z  + narwhals==2.25.0
2026-09-13T16:14:10.3017674Z  - numkong==7.8.0
2026-09-13T16:14:10.3018015Z  + numkong==7.8.1
2026-09-13T16:14:10.3018385Z  - nvidia-cublas-cu12==12.8.4.1
2026-09-13T16:14:10.3018823Z  + nvidia-cublas-cu12==12.9.1.4
2026-09-13T16:14:10.3019268Z  - nvidia-cuda-cupti-cu12==12.8.90
2026-09-13T16:14:10.3019742Z  + nvidia-cuda-cupti-cu12==12.9.79
2026-09-13T16:14:10.3020201Z  - nvidia-cuda-nvrtc-cu12==12.8.93
2026-09-13T16:14:10.3020670Z  + nvidia-cuda-nvrtc-cu12==12.9.86
2026-09-13T16:14:10.3021130Z  - nvidia-cuda-runtime-cu12==12.8.90
2026-09-13T16:14:10.3021781Z  + nvidia-cuda-runtime-cu12==12.9.79
2026-09-13T16:14:10.3022266Z  - nvidia-cufft-cu12==11.3.3.83
2026-09-13T16:14:10.3022714Z  + nvidia-cufft-cu12==11.4.1.4
2026-09-13T16:14:10.3023148Z  - nvidia-cufile-cu12==1.13.1.3
2026-09-13T16:14:10.3023592Z  + nvidia-cufile-cu12==1.14.1.1
2026-09-13T16:14:10.3024027Z  - nvidia-curand-cu12==10.3.9.90
2026-09-13T16:14:10.3024476Z  + nvidia-curand-cu12==10.3.10.19
2026-09-13T16:14:10.3024944Z  - nvidia-cusolver-cu12==11.7.3.90
2026-09-13T16:14:10.3025406Z  + nvidia-cusolver-cu12==11.7.5.82
2026-09-13T16:14:10.3025874Z  - nvidia-cusparse-cu12==12.5.8.93
2026-09-13T16:14:10.3026334Z  + nvidia-cusparse-cu12==12.5.10.65
2026-09-13T16:14:10.3026809Z  - nvidia-nvjitlink-cu12==12.8.93
2026-09-13T16:14:10.3027276Z  + nvidia-nvjitlink-cu12==12.9.86
2026-09-13T16:14:10.3027729Z  - nvidia-nvtx-cu12==12.8.90
2026-09-13T16:14:10.3028154Z  + nvidia-nvtx-cu12==12.9.79
2026-09-13T16:14:10.3028578Z  - platformdirs==4.11.3
2026-09-13T16:14:10.3029169Z  + platformdirs==4.11.5
2026-09-13T16:14:10.3029722Z  - polars==1.43.2
2026-09-13T16:14:10.3030073Z  + polars==1.44.1
2026-09-13T16:14:10.3030518Z  - polars-runtime-32==1.43.2
2026-09-13T16:14:10.3030957Z  + polars-runtime-32==1.44.1
2026-09-13T16:14:10.3031799Z  - protobuf==7.35.1
2026-09-13T16:14:10.3032195Z  + protobuf==7.36.0
2026-09-13T16:14:10.3032556Z  - pydantic==2.13.4
2026-09-13T16:14:10.3044481Z  + pydantic==2.13.5
2026-09-13T16:14:10.3044917Z  - pydantic-core==2.46.4
2026-09-13T16:14:10.3045347Z  + pydantic-core==2.46.5
2026-09-13T16:14:10.3045738Z  - pygments==2.20.0
2026-09-13T16:14:10.3046102Z  + pygments==2.21.0
2026-09-13T16:14:10.3046440Z  - regex==2026.7.19
2026-09-13T16:14:10.3046765Z  + regex==2026.8.31
2026-09-13T16:14:10.3047091Z  - ruff==0.16.3
2026-09-13T16:14:10.3047421Z  + ruff==0.16.5
2026-09-13T16:14:10.3047743Z  - scipy==1.18.0
2026-09-13T16:14:10.3048071Z  + scipy==1.18.1
2026-09-13T16:14:10.3048412Z  - sentry-sdk==2.68.0
2026-09-13T16:14:10.3048779Z  + sentry-sdk==2.68.1
2026-09-13T16:14:10.3049133Z  - setuptools==81.0.0
2026-09-13T16:14:10.3049493Z  + setuptools==84.0.0
2026-09-13T16:14:10.3049834Z  + smmap==5.0.3
2026-09-13T16:14:10.3050157Z  - torch==2.9.0
2026-09-13T16:14:10.3050477Z  + torch==2.9.1+cu129
2026-09-13T16:14:10.3050825Z  - triton==3.5.0
2026-09-13T16:14:10.3051158Z  + triton==3.5.1
2026-09-13T16:14:10.3051467Z  - typer==0.27.1
2026-09-13T16:14:10.3051993Z  + typer==0.27.2
2026-09-13T16:14:10.3052308Z  - wandb==0.28.2
2026-09-13T16:14:10.3052668Z  + wandb==0.26.1
2026-09-13T16:14:10.3052994Z  - xxhash==4.0.0
2026-09-13T16:14:10.3053315Z  + xxhash==4.0.1
2026-09-13T16:14:10.4173145Z Resolved 1 package in 99ms
2026-09-13T16:14:10.4174315Z Would download 1 package
2026-09-13T16:14:10.4174921Z Would install 1 package
2026-09-13T16:14:10.4175500Z  + flash-attn==2.7.4.post1
2026-09-13T16:14:10.4219162Z ##[group]Run uv pip install --python .venv/bin/python --no-config --require-hashes --torch-backend cu129 --overrides requirements-formal.lock -r requirements-formal.lock
2026-09-13T16:14:10.4220311Z [36;1muv pip install --python .venv/bin/python --no-config --require-hashes --torch-backend cu129 --overrides requirements-formal.lock -r requirements-formal.lock[0m
2026-09-13T16:14:10.4221246Z [36;1muv pip install --python .venv/bin/python --no-config --no-deps --require-hashes -r requirements-ci-flash-wheel.txt[0m
2026-09-13T16:14:10.4222411Z [36;1muv pip install --python .venv/bin/python --no-config --no-deps --require-hashes -r requirements-primary-replay.txt[0m
2026-09-13T16:14:10.4223599Z [36;1m.venv/bin/python -c 'import torch; import flash_attn_2_cuda; assert torch.version.cuda == "12.9"; assert torch._C._GLIBCXX_USE_CXX11_ABI; assert all(callable(getattr(flash_attn_2_cuda, n)) for n in ("fwd", "varlen_fwd", "bwd", "varlen_bwd", "fwd_kvcache"))'[0m
2026-09-13T16:14:10.4224687Z [36;1m.venv/bin/python -m embed_optim.runtime --spec configs/formal_runtime.json[0m
2026-09-13T16:14:10.4260199Z shell: /usr/bin/bash -e {0}
2026-09-13T16:14:10.4260451Z env:
2026-09-13T16:14:10.4260734Z   UV_PYTHON_INSTALL_DIR: /home/runner/work/_temp/uv-python-dir
2026-09-13T16:14:10.4261093Z   UV_PYTHON: 3.12
2026-09-13T16:14:10.4261395Z   UV_CACHE_DIR: /home/runner/work/_temp/setup-uv-cache
2026-09-13T16:14:10.4261971Z   CUDA_VISIBLE_DEVICES: 
2026-09-13T16:14:10.4262199Z ##[endgroup]
2026-09-13T16:14:10.4573284Z Resolved 113 packages in 16ms
2026-09-13T16:14:10.5822411Z Downloading triton (162.6MiB)
2026-09-13T16:14:10.5865848Z Downloading kiwisolver (1.4MiB)
2026-09-13T16:14:10.6096095Z Downloading ruff (9.8MiB)
2026-09-13T16:14:10.6100960Z Downloading scipy (33.7MiB)
2026-09-13T16:14:10.6103493Z Downloading nvidia-cublas-cu12 (554.3MiB)
2026-09-13T16:14:10.6104614Z Downloading pygments (1.2MiB)
2026-09-13T16:14:10.6107194Z Downloading pydantic-core (2.0MiB)
2026-09-13T16:14:10.6108163Z Downloading polars-runtime-32 (55.8MiB)
2026-09-13T16:14:10.6111429Z Downloading nvidia-cuda-nvrtc-cu12 (85.4MiB)
2026-09-13T16:14:10.6113700Z Downloading wandb (25.9MiB)
2026-09-13T16:14:10.6115197Z Downloading nvidia-cuda-runtime-cu12 (3.3MiB)
2026-09-13T16:14:10.6116473Z Downloading nvidia-cufft-cu12 (191.6MiB)
2026-09-13T16:14:10.6119940Z Downloading nvidia-cusparse-cu12 (349.5MiB)
2026-09-13T16:14:10.6121066Z Downloading nvidia-nvjitlink-cu12 (37.9MiB)
2026-09-13T16:14:10.6123834Z Downloading nvidia-cuda-cupti-cu12 (10.3MiB)
2026-09-13T16:14:10.6126768Z Downloading nvidia-cusolver-cu12 (322.5MiB)
2026-09-13T16:14:10.6128886Z Downloading nvidia-curand-cu12 (65.1MiB)
2026-09-13T16:14:10.6130982Z Downloading mteb (5.8MiB)
2026-09-13T16:14:10.6133349Z Downloading numkong (10.0MiB)
2026-09-13T16:14:10.6138029Z Downloading nvidia-cufile-cu12 (1.2MiB)
2026-09-13T16:14:10.6186408Z Downloading torch (1.2GiB)
2026-09-13T16:14:10.9082202Z  Downloaded nvidia-cufile-cu12
2026-09-13T16:14:10.9111206Z  Downloaded pygments
2026-09-13T16:14:10.9137417Z  Downloaded kiwisolver
2026-09-13T16:14:10.9619724Z  Downloaded pydantic-core
2026-09-13T16:14:11.0652648Z  Downloaded nvidia-cuda-runtime-cu12
2026-09-13T16:14:11.2612766Z  Downloaded mteb
2026-09-13T16:14:11.5277286Z  Downloaded ruff
2026-09-13T16:14:11.5424812Z  Downloaded nvidia-cuda-cupti-cu12
2026-09-13T16:14:11.5433963Z  Downloaded numkong
2026-09-13T16:14:12.3942814Z  Downloaded wandb
2026-09-13T16:14:12.7678252Z  Downloaded scipy
2026-09-13T16:14:12.9350609Z  Downloaded nvidia-nvjitlink-cu12
2026-09-13T16:14:13.5348697Z  Downloaded triton
2026-09-13T16:14:13.6715699Z  Downloaded polars-runtime-32
2026-09-13T16:14:13.9752919Z  Downloaded nvidia-curand-cu12
2026-09-13T16:14:14.4627233Z  Downloaded nvidia-cuda-nvrtc-cu12
2026-09-13T16:14:16.5174499Z  Downloaded nvidia-cufft-cu12
2026-09-13T16:14:18.4279283Z  Downloaded nvidia-cusolver-cu12
2026-09-13T16:14:18.7509971Z  Downloaded nvidia-cusparse-cu12
2026-09-13T16:14:21.1988567Z  Downloaded nvidia-cublas-cu12
2026-09-13T16:14:27.6528428Z  Downloaded torch
2026-09-13T16:14:27.6530574Z Prepared 41 packages in 17.19s
2026-09-13T16:14:27.9800907Z Uninstalled 39 packages in 326ms
2026-09-13T16:14:28.2228272Z Installed 42 packages in 242ms
2026-09-13T16:14:28.2232392Z  - accelerate==1.14.0
2026-09-13T16:14:28.2232914Z  + accelerate==1.13.0
2026-09-13T16:14:28.2233346Z  - click==8.4.2
2026-09-13T16:14:28.2233766Z  + click==8.5.0
2026-09-13T16:14:28.2234187Z  - coverage==7.15.4
2026-09-13T16:14:28.2234607Z  + coverage==7.16.0
2026-09-13T16:14:28.2235020Z  - datasets==4.8.5
2026-09-13T16:14:28.2235444Z  + datasets==4.8.4
2026-09-13T16:14:28.2235845Z  - filelock==3.32.3
2026-09-13T16:14:28.2236246Z  + filelock==3.32.4
2026-09-13T16:14:28.2236647Z  + gitdb==4.0.12
2026-09-13T16:14:28.2237059Z  + gitpython==3.1.61
2026-09-13T16:14:28.2237501Z  - huggingface-hub==1.27.0
2026-09-13T16:14:28.2237939Z  + huggingface-hub==1.29.0
2026-09-13T16:14:28.2238374Z  - idna==3.18
2026-09-13T16:14:28.2238769Z  + idna==3.19
2026-09-13T16:14:28.2239185Z  - kiwisolver==1.5.0
2026-09-13T16:14:28.2239646Z  + kiwisolver==1.5.1
2026-09-13T16:14:28.2240106Z  - mteb==2.19.3
2026-09-13T16:14:28.2240531Z  + mteb==2.18.16
2026-09-13T16:14:28.2240962Z  - narwhals==2.24.0
2026-09-13T16:14:28.2241401Z  + narwhals==2.25.0
2026-09-13T16:14:28.2242114Z  - numkong==7.8.0
2026-09-13T16:14:28.2242552Z  + numkong==7.8.1
2026-09-13T16:14:28.2243008Z  - nvidia-cublas-cu12==12.8.4.1
2026-09-13T16:14:28.2243502Z  + nvidia-cublas-cu12==12.9.1.4
2026-09-13T16:14:28.2244001Z  - nvidia-cuda-cupti-cu12==12.8.90
2026-09-13T16:14:28.2244513Z  + nvidia-cuda-cupti-cu12==12.9.79
2026-09-13T16:14:28.2245021Z  - nvidia-cuda-nvrtc-cu12==12.8.93
2026-09-13T16:14:28.2245521Z  + nvidia-cuda-nvrtc-cu12==12.9.86
2026-09-13T16:14:28.2246027Z  - nvidia-cuda-runtime-cu12==12.8.90
2026-09-13T16:14:28.2246549Z  + nvidia-cuda-runtime-cu12==12.9.79
2026-09-13T16:14:28.2247051Z  - nvidia-cufft-cu12==11.3.3.83
2026-09-13T16:14:28.2247545Z  + nvidia-cufft-cu12==11.4.1.4
2026-09-13T16:14:28.2248049Z  - nvidia-cufile-cu12==1.13.1.3
2026-09-13T16:14:28.2248541Z  + nvidia-cufile-cu12==1.14.1.1
2026-09-13T16:14:28.2249018Z  - nvidia-curand-cu12==10.3.9.90
2026-09-13T16:14:28.2249505Z  + nvidia-curand-cu12==10.3.10.19
2026-09-13T16:14:28.2250006Z  - nvidia-cusolver-cu12==11.7.3.90
2026-09-13T16:14:28.2250506Z  + nvidia-cusolver-cu12==11.7.5.82
2026-09-13T16:14:28.2250999Z  - nvidia-cusparse-cu12==12.5.8.93
2026-09-13T16:14:28.2251702Z  + nvidia-cusparse-cu12==12.5.10.65
2026-09-13T16:14:28.2252301Z  - nvidia-nvjitlink-cu12==12.8.93
2026-09-13T16:14:28.2252885Z  + nvidia-nvjitlink-cu12==12.9.86
2026-09-13T16:14:28.2253451Z  - nvidia-nvtx-cu12==12.8.90
2026-09-13T16:14:28.2254002Z  + nvidia-nvtx-cu12==12.9.79
2026-09-13T16:14:28.2254539Z  - platformdirs==4.11.3
2026-09-13T16:14:28.2255066Z  + platformdirs==4.11.5
2026-09-13T16:14:28.2255577Z  - polars==1.43.2
2026-09-13T16:14:28.2256000Z  + polars==1.44.1
2026-09-13T16:14:28.2256402Z  - polars-runtime-32==1.43.2
2026-09-13T16:14:28.2256924Z  + polars-runtime-32==1.44.1
2026-09-13T16:14:28.2257462Z  - protobuf==7.35.1
2026-09-13T16:14:28.2257948Z  + protobuf==7.36.0
2026-09-13T16:14:28.2258357Z  - pydantic==2.13.4
2026-09-13T16:14:28.2258757Z  + pydantic==2.13.5
2026-09-13T16:14:28.2259379Z  - pydantic-core==2.46.4
2026-09-13T16:14:28.2260005Z  + pydantic-core==2.46.5
2026-09-13T16:14:28.2260534Z  - pygments==2.20.0
2026-09-13T16:14:28.2260939Z  + pygments==2.21.0
2026-09-13T16:14:28.2261348Z  - regex==2026.7.19
2026-09-13T16:14:28.2262192Z  + regex==2026.8.31
2026-09-13T16:14:28.2262450Z  - ruff==0.16.3
2026-09-13T16:14:28.2262651Z  + ruff==0.16.5
2026-09-13T16:14:28.2262889Z  - scipy==1.18.0
2026-09-13T16:14:28.2263270Z  + scipy==1.18.1
2026-09-13T16:14:28.2263672Z  - sentry-sdk==2.68.0
2026-09-13T16:14:28.2264006Z  + sentry-sdk==2.68.1
2026-09-13T16:14:28.2264761Z  - setuptools==81.0.0
2026-09-13T16:14:28.2265310Z  + setuptools==84.0.0
2026-09-13T16:14:28.2265864Z  + smmap==5.0.3
2026-09-13T16:14:28.2266283Z  - torch==2.9.0
2026-09-13T16:14:28.2266664Z  + torch==2.9.1+cu129
2026-09-13T16:14:28.2267437Z  - triton==3.5.0
2026-09-13T16:14:28.2267974Z  + triton==3.5.1
2026-09-13T16:14:28.2268418Z  - typer==0.27.1
2026-09-13T16:14:28.2268824Z  + typer==0.27.2
2026-09-13T16:14:28.2269254Z  - wandb==0.28.2
2026-09-13T16:14:28.2269666Z  + wandb==0.26.1
2026-09-13T16:14:28.2270075Z  - xxhash==4.0.0
2026-09-13T16:14:28.2270538Z  + xxhash==4.0.1
2026-09-13T16:14:36.3079401Z Resolved 1 package in 8.06s
2026-09-13T16:14:36.4770302Z Downloading flash-attn (183.9MiB)
2026-09-13T16:14:42.0840705Z  Downloaded flash-attn
2026-09-13T16:14:42.0843574Z Prepared 1 package in 5.77s
2026-09-13T16:14:42.0873963Z Installed 1 package in 2ms
2026-09-13T16:14:42.0877284Z  + flash-attn==2.7.4.post1 (from https://huggingface.co/datasets/qcz/embedding-optimizer-study-analysis-artifacts/resolve/18c1ab7abc636d2542be6831591f31c171c7dcf6/runtime/flash-attention-2.7.4.post1-cu129-cp312-v1/c097029fa6c92cdcb690eba43c2c5ae93cec52dd70caeafd834ae2aaa4a97a2d/flash_attn-2.7.4.post1-cp312-cp312-linux_x86_64.whl)
2026-09-13T16:14:42.0986573Z Resolved 1 package in 1ms
2026-09-13T16:14:42.3038089Z Prepared 1 package in 204ms
2026-09-13T16:14:42.3064717Z Uninstalled 1 package in 2ms
2026-09-13T16:14:42.3112323Z Installed 1 package in 4ms
2026-09-13T16:14:42.3112758Z  - huggingface-hub==1.29.0
2026-09-13T16:14:42.3113143Z  + huggingface-hub==1.28.0
2026-09-13T16:14:46.5785600Z {
2026-09-13T16:14:46.5785960Z   "problems": [],
2026-09-13T16:14:46.5786267Z   "runtime": {
2026-09-13T16:14:46.5786557Z     "packages": {
2026-09-13T16:14:46.5786863Z       "accelerate": "1.13.0",
2026-09-13T16:14:46.5787230Z       "datasets": "4.8.4",
2026-09-13T16:14:46.5787562Z       "fast-plaid": "1.6.0.290",
2026-09-13T16:14:46.5787918Z       "flash-attn": "2.7.4.post1",
2026-09-13T16:14:46.5788311Z       "late-interaction-kernels": "0.4.5",
2026-09-13T16:14:46.5788734Z       "mteb": "2.18.16",
2026-09-13T16:14:46.5789045Z       "pylate": "1.6.0",
2026-09-13T16:14:46.5789370Z       "sentence-transformers": "5.7.0",
2026-09-13T16:14:46.5789786Z       "torch": "2.9.1+cu129",
2026-09-13T16:14:46.5790160Z       "transformers": "5.3.0",
2026-09-13T16:14:46.5790497Z       "usearch": "2.26.0",
2026-09-13T16:14:46.5790809Z       "wandb": "0.26.1"
2026-09-13T16:14:46.5791083Z     },
2026-09-13T16:14:46.5791333Z     "python": "3.12.3",
2026-09-13T16:14:46.5792086Z     "python_executable": "/usr/bin/python3.12",
2026-09-13T16:14:46.5792514Z     "torch_cuda": "12.9"
2026-09-13T16:14:46.5792827Z   },
2026-09-13T16:14:46.5793076Z   "valid": true
2026-09-13T16:14:46.5793348Z }
2026-09-13T16:14:46.7891276Z ##[group]Run uv run --no-sync python -m pytest -q tests/test_current_primary_source.py
2026-09-13T16:14:46.7892197Z [36;1muv run --no-sync python -m pytest -q tests/test_current_primary_source.py[0m
2026-09-13T16:14:46.7975462Z shell: /usr/bin/bash -e {0}
2026-09-13T16:14:46.7975703Z env:
2026-09-13T16:14:46.7975955Z   UV_PYTHON_INSTALL_DIR: /home/runner/work/_temp/uv-python-dir
2026-09-13T16:14:46.7976272Z   UV_PYTHON: 3.12
2026-09-13T16:14:46.7976508Z   UV_CACHE_DIR: /home/runner/work/_temp/setup-uv-cache
2026-09-13T16:14:46.7976786Z ##[endgroup]
2026-09-13T16:15:00.1404578Z ...                                                                      [100%]
2026-09-13T16:15:00.8858981Z ##[group]Run uv build
2026-09-13T16:15:00.8859234Z [36;1muv build[0m
2026-09-13T16:15:00.8898182Z shell: /usr/bin/bash -e {0}
2026-09-13T16:15:00.8898433Z env:
2026-09-13T16:15:00.8898705Z   UV_PYTHON_INSTALL_DIR: /home/runner/work/_temp/uv-python-dir
2026-09-13T16:15:00.8899055Z   UV_PYTHON: 3.12
2026-09-13T16:15:00.8899302Z   UV_CACHE_DIR: /home/runner/work/_temp/setup-uv-cache
2026-09-13T16:15:00.8899608Z ##[endgroup]
2026-09-13T16:15:00.9029671Z Building source distribution...
2026-09-13T16:15:01.2924063Z running egg_info
2026-09-13T16:15:01.2936597Z writing src/embedding_optimizer_study.egg-info/PKG-INFO
2026-09-13T16:15:01.2949663Z writing dependency_links to src/embedding_optimizer_study.egg-info/dependency_links.txt
2026-09-13T16:15:01.2959443Z writing entry points to src/embedding_optimizer_study.egg-info/entry_points.txt
2026-09-13T16:15:01.2967762Z writing requirements to src/embedding_optimizer_study.egg-info/requires.txt
2026-09-13T16:15:01.2969119Z writing top-level names to src/embedding_optimizer_study.egg-info/top_level.txt
2026-09-13T16:15:01.3114592Z reading manifest file 'src/embedding_optimizer_study.egg-info/SOURCES.txt'
2026-09-13T16:15:01.3176965Z reading manifest template 'MANIFEST.in'
2026-09-13T16:15:01.3179287Z adding license file 'LICENSE'
2026-09-13T16:15:01.3246821Z writing manifest file 'src/embedding_optimizer_study.egg-info/SOURCES.txt'
2026-09-13T16:15:01.4836454Z running sdist
2026-09-13T16:15:01.4837448Z running egg_info
2026-09-13T16:15:01.4860261Z writing src/embedding_optimizer_study.egg-info/PKG-INFO
2026-09-13T16:15:01.4873057Z writing dependency_links to src/embedding_optimizer_study.egg-info/dependency_links.txt
2026-09-13T16:15:01.4882485Z writing entry points to src/embedding_optimizer_study.egg-info/entry_points.txt
2026-09-13T16:15:01.4890063Z writing requirements to src/embedding_optimizer_study.egg-info/requires.txt
2026-09-13T16:15:01.4891371Z writing top-level names to src/embedding_optimizer_study.egg-info/top_level.txt
2026-09-13T16:15:01.5001953Z reading manifest file 'src/embedding_optimizer_study.egg-info/SOURCES.txt'
2026-09-13T16:15:01.5062171Z reading manifest template 'MANIFEST.in'
2026-09-13T16:15:01.5063048Z adding license file 'LICENSE'
2026-09-13T16:15:01.5122037Z writing manifest file 'src/embedding_optimizer_study.egg-info/SOURCES.txt'
2026-09-13T16:15:01.5124148Z running check
2026-09-13T16:15:01.5148959Z creating embedding_optimizer_study-0.1.0
2026-09-13T16:15:01.5157846Z creating embedding_optimizer_study-0.1.0/configs
2026-09-13T16:15:01.5159254Z creating embedding_optimizer_study-0.1.0/configs/generated/confirmatory
2026-09-13T16:15:01.5161352Z creating embedding_optimizer_study-0.1.0/configs/generated/short-branch
2026-09-13T16:15:01.5162702Z creating embedding_optimizer_study-0.1.0/docs
2026-09-13T16:15:01.5164468Z creating embedding_optimizer_study-0.1.0/paper
2026-09-13T16:15:01.5166491Z creating embedding_optimizer_study-0.1.0/paper/current
2026-09-13T16:15:01.5167859Z creating embedding_optimizer_study-0.1.0/paper/current/figures
2026-09-13T16:15:01.5169306Z creating embedding_optimizer_study-0.1.0/paper/current/generated
2026-09-13T16:15:01.5170758Z creating embedding_optimizer_study-0.1.0/paper/current/vendor
2026-09-13T16:15:01.5172365Z creating embedding_optimizer_study-0.1.0/paper/generated
2026-09-13T16:15:01.5173897Z creating embedding_optimizer_study-0.1.0/reports/candidate-breadth
2026-09-13T16:15:01.5176252Z creating embedding_optimizer_study-0.1.0/reports/confirmatory-data
2026-09-13T16:15:01.5177497Z creating embedding_optimizer_study-0.1.0/reports/dense-discovery
2026-09-13T16:15:01.5179125Z creating embedding_optimizer_study-0.1.0/reports/dense-discovery/figures
2026-09-13T16:15:01.5180582Z creating embedding_optimizer_study-0.1.0/reports/dense-retrieval-dynamics
2026-09-13T16:15:01.5182271Z creating embedding_optimizer_study-0.1.0/reports/retrieval-dynamics-dense
2026-09-13T16:15:01.5183628Z creating embedding_optimizer_study-0.1.0/reports/short-branch
2026-09-13T16:15:01.5185394Z creating embedding_optimizer_study-0.1.0/reports/state-operator-factorial
2026-09-13T16:15:01.5186486Z creating embedding_optimizer_study-0.1.0/reports/tail-stability
2026-09-13T16:15:01.5187976Z creating embedding_optimizer_study-0.1.0/reports/three-regime-diagnostic
2026-09-13T16:15:01.5189319Z creating embedding_optimizer_study-0.1.0/reports/training-dynamics
2026-09-13T16:15:01.5190628Z creating embedding_optimizer_study-0.1.0/reports/wandb
2026-09-13T16:15:01.5192072Z creating embedding_optimizer_study-0.1.0/reports/weight-space
2026-09-13T16:15:01.5194158Z creating embedding_optimizer_study-0.1.0/scripts
2026-09-13T16:15:01.5195247Z creating embedding_optimizer_study-0.1.0/scripts/eval
2026-09-13T16:15:01.5196699Z creating embedding_optimizer_study-0.1.0/src/embed_optim
2026-09-13T16:15:01.5199018Z creating embedding_optimizer_study-0.1.0/src/embed_optim_restore
2026-09-13T16:15:01.5200313Z creating embedding_optimizer_study-0.1.0/src/embed_optim_restore/references
2026-09-13T16:15:01.5201974Z creating embedding_optimizer_study-0.1.0/src/embedding_optimizer_study.egg-info
2026-09-13T16:15:01.5203198Z creating embedding_optimizer_study-0.1.0/tests
2026-09-13T16:15:01.5204169Z copying files to embedding_optimizer_study-0.1.0...
2026-09-13T16:15:01.5204819Z copying AGENTS.md -> embedding_optimizer_study-0.1.0
2026-09-13T16:15:01.5208274Z copying CITATION.cff -> embedding_optimizer_study-0.1.0
2026-09-13T16:15:01.5212818Z copying CODE_OF_CONDUCT.md -> embedding_optimizer_study-0.1.0
2026-09-13T16:15:01.5215790Z copying CONTRIBUTING.md -> embedding_optimizer_study-0.1.0
2026-09-13T16:15:01.5219583Z copying CURRENT_EXPERIMENT.md -> embedding_optimizer_study-0.1.0
2026-09-13T16:15:01.5223436Z copying CURRENT_PROGRESS.json -> embedding_optimizer_study-0.1.0
2026-09-13T16:15:01.5226986Z copying LICENSE -> embedding_optimizer_study-0.1.0
2026-09-13T16:15:01.5230521Z copying MANIFEST.in -> embedding_optimizer_study-0.1.0
2026-09-13T16:15:01.5232170Z copying PROJECT_STATUS.md -> embedding_optimizer_study-0.1.0
2026-09-13T16:15:01.5236138Z copying README.md -> embedding_optimizer_study-0.1.0
2026-09-13T16:15:01.5237508Z copying SECURITY.md -> embedding_optimizer_study-0.1.0
2026-09-13T16:15:01.5240509Z copying THIRD_PARTY_NOTICES.md -> embedding_optimizer_study-0.1.0
2026-09-13T16:15:01.5243518Z copying pyproject.toml -> embedding_optimizer_study-0.1.0
2026-09-13T16:15:01.5245395Z copying requirements-formal-flash.txt -> embedding_optimizer_study-0.1.0
2026-09-13T16:15:01.5247203Z copying requirements-formal.lock -> embedding_optimizer_study-0.1.0
2026-09-13T16:15:01.5250125Z copying configs/basis_sensitivity.json -> embedding_optimizer_study-0.1.0/configs
2026-09-13T16:15:01.5253110Z copying configs/beir_representation_probe.json -> embedding_optimizer_study-0.1.0/configs
2026-09-13T16:15:01.5255796Z copying configs/candidate_breadth_probe.json -> embedding_optimizer_study-0.1.0/configs
2026-09-13T16:15:01.5258048Z copying configs/causal_chain_analysis.json -> embedding_optimizer_study-0.1.0/configs
2026-09-13T16:15:01.5260733Z copying configs/common_state_probe.json -> embedding_optimizer_study-0.1.0/configs
2026-09-13T16:15:01.5263468Z copying configs/common_state_spectrum_probe.json -> embedding_optimizer_study-0.1.0/configs
2026-09-13T16:15:01.5266055Z copying configs/confirmatory_protocol.json -> embedding_optimizer_study-0.1.0/configs
2026-09-13T16:15:01.5268653Z copying configs/corpus_size_diagnostic.json -> embedding_optimizer_study-0.1.0/configs
2026-09-13T16:15:01.5270816Z copying configs/dense_correctness_candidate.yaml -> embedding_optimizer_study-0.1.0/configs
2026-09-13T16:15:01.5272213Z copying configs/dense_dimension_utilization_protocol.json -> embedding_optimizer_study-0.1.0/configs
2026-09-13T16:15:01.5275326Z copying configs/dense_no_packing_analysis_protocol.json -> embedding_optimizer_study-0.1.0/configs
2026-09-13T16:15:01.5277847Z copying configs/dense_no_packing_backup_provenance_migration.json -> embedding_optimizer_study-0.1.0/configs
2026-09-13T16:15:01.5280378Z copying configs/dense_no_packing_bridge_implementation_protocol.json -> embedding_optimizer_study-0.1.0/configs
2026-09-13T16:15:01.5282828Z copying configs/dense_no_packing_bridge_implementation_protocol_v2.json -> embedding_optimizer_study-0.1.0/configs
2026-09-13T16:15:01.5285504Z copying configs/dense_no_packing_completion_contract_migration.json -> embedding_optimizer_study-0.1.0/configs
2026-09-13T16:15:01.5288034Z copying configs/dense_no_packing_evaluation_protocol.json -> embedding_optimizer_study-0.1.0/configs
2026-09-13T16:15:01.5290798Z copying configs/dense_no_packing_execution_protocol.json -> embedding_optimizer_study-0.1.0/configs
2026-09-13T16:15:01.5293392Z copying configs/dense_no_packing_matrix_handoff_guard.json -> embedding_optimizer_study-0.1.0/configs
2026-09-13T16:15:01.5295696Z copying configs/dense_no_packing_outcome_protocol.json -> embedding_optimizer_study-0.1.0/configs
2026-09-13T16:15:01.5298146Z copying configs/dense_no_packing_preflight.yaml -> embedding_optimizer_study-0.1.0/configs
2026-09-13T16:15:01.5300876Z copying configs/dense_no_packing_preflight_protocol.json -> embedding_optimizer_study-0.1.0/configs
2026-09-13T16:15:01.5303438Z copying configs/dense_no_packing_publication_layout_migration.json -> embedding_optimizer_study-0.1.0/configs
2026-09-13T16:15:01.5305878Z copying configs/dense_no_packing_publication_narrative_migration.json -> embedding_optimizer_study-0.1.0/configs
2026-09-13T16:15:01.5308437Z copying configs/dense_no_packing_publication_protocol.json -> embedding_optimizer_study-0.1.0/configs
2026-09-13T16:15:01.5311384Z copying configs/dense_no_packing_retrain.yaml -> embedding_optimizer_study-0.1.0/configs
2026-09-13T16:15:01.5314718Z copying configs/dense_no_packing_sensitivity_implementation_protocol.json -> embedding_optimizer_study-0.1.0/configs
2026-09-13T16:15:01.5316427Z copying configs/dense_no_packing_state_operator_abstract_compliance_migration.json -> embedding_optimizer_study-0.1.0/configs
2026-09-13T16:15:01.5319428Z copying configs/dense_no_packing_state_operator_claim_wording_amendment.json -> embedding_optimizer_study-0.1.0/configs
2026-09-13T16:15:01.5322349Z copying configs/dense_no_packing_state_operator_factorial_completion_protocol.json -> embedding_optimizer_study-0.1.0/configs
2026-09-13T16:15:01.5325724Z copying configs/dense_no_packing_state_operator_factorial_implementation_protocol.json -> embedding_optimizer_study-0.1.0/configs
2026-09-13T16:15:01.5328942Z copying configs/dense_no_packing_state_operator_factorial_protocol.json -> embedding_optimizer_study-0.1.0/configs
2026-09-13T16:15:01.5331911Z copying configs/dense_no_packing_state_operator_factorial_publication_protocol.json -> embedding_optimizer_study-0.1.0/configs
2026-09-13T16:15:01.5334563Z copying configs/dense_no_packing_state_operator_weight_space_narrative_migration.json -> embedding_optimizer_study-0.1.0/configs
2026-09-13T16:15:01.5337815Z copying configs/dense_primary_dimension_archive_protocol.json -> embedding_optimizer_study-0.1.0/configs
2026-09-13T16:15:01.5341070Z copying configs/dense_primary_dimension_export_protocol.json -> embedding_optimizer_study-0.1.0/configs
2026-09-13T16:15:01.5344329Z copying configs/dense_primary_dimension_handoff_protocol.json -> embedding_optimizer_study-0.1.0/configs
2026-09-13T16:15:01.5347449Z copying configs/dense_primary_v2_protocol.json -> embedding_optimizer_study-0.1.0/configs
2026-09-13T16:15:01.5348648Z copying configs/dense_primary_v3_bridge_protocol.json -> embedding_optimizer_study-0.1.0/configs
2026-09-13T16:15:01.5352457Z copying configs/dense_primary_v3_data_amendment.json -> embedding_optimizer_study-0.1.0/configs
2026-09-13T16:15:01.5354007Z copying configs/dense_primary_v3_dimension_inference_protocol.json -> embedding_optimizer_study-0.1.0/configs
2026-09-13T16:15:01.5357367Z copying configs/dense_primary_v3_dimensions_protocol.json -> embedding_optimizer_study-0.1.0/configs
2026-09-13T16:15:01.5360635Z copying configs/dense_primary_v3_exact_bridge_protocol.json -> embedding_optimizer_study-0.1.0/configs
2026-09-13T16:15:01.5364097Z copying configs/dense_primary_v3_exact_geometry_protocol.json -> embedding_optimizer_study-0.1.0/configs
2026-09-13T16:15:01.5367050Z copying configs/dense_primary_v3_exact_publication_protocol.json -> embedding_optimizer_study-0.1.0/configs
2026-09-13T16:15:01.5369634Z copying configs/dense_primary_v3_geometry_protocol.json -> embedding_optimizer_study-0.1.0/configs
2026-09-13T16:15:01.5372442Z copying configs/dense_primary_v3_geometry_protocol_v2.json -> embedding_optimizer_study-0.1.0/configs
2026-09-13T16:15:01.5376423Z copying configs/dense_primary_v3_outcome_protocol.json -> embedding_optimizer_study-0.1.0/configs
2026-09-13T16:15:01.5379638Z copying configs/dense_primary_v3_outcome_protocol_v2.json -> embedding_optimizer_study-0.1.0/configs
2026-09-13T16:15:01.5383194Z copying configs/dense_primary_v3_protocol.json -> embedding_optimizer_study-0.1.0/configs
2026-09-13T16:15:01.5384721Z copying configs/dense_primary_v3_publication_protocol.json -> embedding_optimizer_study-0.1.0/configs
2026-09-13T16:15:01.5387809Z copying configs/dense_primary_v3_validation_protocol.json -> embedding_optimizer_study-0.1.0/configs
2026-09-13T16:15:01.5390442Z copying configs/dense_retrieval_dynamics_extension.json -> embedding_optimizer_study-0.1.0/configs
2026-09-13T16:15:01.5393515Z copying configs/dense_scope_amendment.json -> embedding_optimizer_study-0.1.0/configs
2026-09-13T16:15:01.5396259Z copying configs/dense_training_queue.json -> embedding_optimizer_study-0.1.0/configs
2026-09-13T16:15:01.5399336Z copying configs/dense_weight_entry_measurement_amendment.json -> embedding_optimizer_study-0.1.0/configs
2026-09-13T16:15:01.5401378Z copying configs/experiment.yaml -> embedding_optimizer_study-0.1.0/configs
2026-09-13T16:15:01.5404228Z copying configs/formal_runtime.json -> embedding_optimizer_study-0.1.0/configs
2026-09-13T16:15:01.5405545Z copying configs/formal_runtime_constraints.txt -> embedding_optimizer_study-0.1.0/configs
2026-09-13T16:15:01.5407082Z copying configs/functional_intervention.json -> embedding_optimizer_study-0.1.0/configs
2026-09-13T16:15:01.5409707Z copying configs/hybrid_adamw.yaml -> embedding_optimizer_study-0.1.0/configs
2026-09-13T16:15:01.5413185Z copying configs/hybrid_adamw_control.json -> embedding_optimizer_study-0.1.0/configs
2026-09-13T16:15:01.5416157Z copying configs/local_global_reversal.json -> embedding_optimizer_study-0.1.0/configs
2026-09-13T16:15:01.5420487Z copying configs/loss_retrieval_diagnostic.json -> embedding_optimizer_study-0.1.0/configs
2026-09-13T16:15:01.5422505Z copying configs/mechanism_analysis_integration.json -> embedding_optimizer_study-0.1.0/configs
2026-09-13T16:15:01.5424610Z copying configs/paper_claim_protocol.json -> embedding_optimizer_study-0.1.0/configs
2026-09-13T16:15:01.5427157Z copying configs/portable_paper_evidence.json -> embedding_optimizer_study-0.1.0/configs
2026-09-13T16:15:01.5440566Z copying configs/representation_probe.json -> embedding_optimizer_study-0.1.0/configs
2026-09-13T16:15:01.5442972Z copying configs/retrieval_dynamics_protocol.json -> embedding_optimizer_study-0.1.0/configs
2026-09-13T16:15:01.5445352Z copying configs/short_branch_protocol.json -> embedding_optimizer_study-0.1.0/configs
2026-09-13T16:15:01.5447711Z copying configs/smoke.yaml -> embedding_optimizer_study-0.1.0/configs
2026-09-13T16:15:01.5450169Z copying configs/spectral_transplant_intervention.json -> embedding_optimizer_study-0.1.0/configs
2026-09-13T16:15:01.5452970Z copying configs/stress.yaml -> embedding_optimizer_study-0.1.0/configs
2026-09-13T16:15:01.5455898Z copying configs/tail_stability_analysis.json -> embedding_optimizer_study-0.1.0/configs
2026-09-13T16:15:01.5458990Z copying configs/three_regime_diagnostic.json -> embedding_optimizer_study-0.1.0/configs
2026-09-13T16:15:01.5461362Z copying configs/training_data_contract.json -> embedding_optimizer_study-0.1.0/configs
2026-09-13T16:15:01.5464463Z copying configs/validation_probe.json -> embedding_optimizer_study-0.1.0/configs
2026-09-13T16:15:01.5467299Z copying configs/generated/confirmatory/seed161803.yaml -> embedding_optimizer_study-0.1.0/configs/generated/confirmatory
2026-09-13T16:15:01.5469874Z copying configs/generated/confirmatory/seed271828.yaml -> embedding_optimizer_study-0.1.0/configs/generated/confirmatory
2026-09-13T16:15:01.5472177Z copying configs/generated/confirmatory/seed314159.yaml -> embedding_optimizer_study-0.1.0/configs/generated/confirmatory
2026-09-13T16:15:01.5474260Z copying configs/generated/short-branch/seed161803.yaml -> embedding_optimizer_study-0.1.0/configs/generated/short-branch
2026-09-13T16:15:01.5477189Z copying configs/generated/short-branch/seed271828.yaml -> embedding_optimizer_study-0.1.0/configs/generated/short-branch
2026-09-13T16:15:01.5479471Z copying configs/generated/short-branch/seed314159.yaml -> embedding_optimizer_study-0.1.0/configs/generated/short-branch
2026-09-13T16:15:01.5481486Z copying docs/checkpoint-restoration.md -> embedding_optimizer_study-0.1.0/docs
2026-09-13T16:15:01.5484268Z copying docs/completion-gates.md -> embedding_optimizer_study-0.1.0/docs
2026-09-13T16:15:01.5487567Z copying docs/continuation-outcomes-restoration.md -> embedding_optimizer_study-0.1.0/docs
2026-09-13T16:15:01.5490298Z copying docs/continuation-probe-restoration.md -> embedding_optimizer_study-0.1.0/docs
2026-09-13T16:15:01.5493357Z copying docs/current-training-source.md -> embedding_optimizer_study-0.1.0/docs
2026-09-13T16:15:01.5495553Z copying docs/dense-eval-handoff.md -> embedding_optimizer_study-0.1.0/docs
2026-09-13T16:15:01.5497895Z copying docs/dense-no-packing-retrain.md -> embedding_optimizer_study-0.1.0/docs
2026-09-13T16:15:01.5500911Z copying docs/endpoint-statistics-restoration.md -> embedding_optimizer_study-0.1.0/docs
2026-09-13T16:15:01.5503685Z copying docs/evaluation-analysis-restoration.md -> embedding_optimizer_study-0.1.0/docs
2026-09-13T16:15:01.5506510Z copying docs/first-stage-evaluation-restoration.md -> embedding_optimizer_study-0.1.0/docs
2026-09-13T16:15:01.5509421Z copying docs/fourth-stage-evaluation-restoration.md -> embedding_optimizer_study-0.1.0/docs
2026-09-13T16:15:01.5511807Z copying docs/fourth-stage-pool-b-evaluation-restoration.md -> embedding_optimizer_study-0.1.0/docs
2026-09-13T16:15:01.5514592Z copying docs/functional-analysis-restoration.md -> embedding_optimizer_study-0.1.0/docs
2026-09-13T16:15:01.5517098Z copying docs/naacl-dense-paper-plan.md -> embedding_optimizer_study-0.1.0/docs
2026-09-13T16:15:01.5519958Z copying docs/naacl-paper-plan.md -> embedding_optimizer_study-0.1.0/docs
2026-09-13T16:15:01.5536961Z copying docs/paper-results-reproduction.md -> embedding_optimizer_study-0.1.0/docs
2026-09-13T16:15:01.5538150Z copying docs/predictor-analysis-restoration.md -> embedding_optimizer_study-0.1.0/docs
2026-09-13T16:15:01.5539302Z copying docs/pretrained-vector-restoration.md -> embedding_optimizer_study-0.1.0/docs
2026-09-13T16:15:01.5540427Z copying docs/retrieval-trajectories-restoration.md -> embedding_optimizer_study-0.1.0/docs
2026-09-13T16:15:01.5541277Z copying docs/saved-factorial-checkpoints.md -> embedding_optimizer_study-0.1.0/docs
2026-09-13T16:15:01.5542666Z copying docs/second-stage-evaluation-restoration.md -> embedding_optimizer_study-0.1.0/docs
2026-09-13T16:15:01.5544814Z copying docs/second-stage-pool-b-evaluation-restoration.md -> embedding_optimizer_study-0.1.0/docs
2026-09-13T16:15:01.5548100Z copying docs/source-version-testing.md -> embedding_optimizer_study-0.1.0/docs
2026-09-13T16:15:01.5551142Z copying docs/state-operator-factorial.md -> embedding_optimizer_study-0.1.0/docs
2026-09-13T16:15:01.5554304Z copying docs/third-stage-evaluation-restoration.md -> embedding_optimizer_study-0.1.0/docs
2026-09-13T16:15:01.5556955Z copying docs/third-stage-pool-b-evaluation-restoration.md -> embedding_optimizer_study-0.1.0/docs
2026-09-13T16:15:01.5559307Z copying docs/training-analysis-restoration.md -> embedding_optimizer_study-0.1.0/docs
2026-09-13T16:15:01.5562111Z copying docs/training-completion-evidence-restoration.md -> embedding_optimizer_study-0.1.0/docs
2026-09-13T16:15:01.5564801Z copying docs/training-restoration.md -> embedding_optimizer_study-0.1.0/docs
2026-09-13T16:15:01.5567455Z copying docs/versioned-paper-reproduction.md -> embedding_optimizer_study-0.1.0/docs
2026-09-13T16:15:01.5570042Z copying docs/weight-analysis-restoration.md -> embedding_optimizer_study-0.1.0/docs
2026-09-13T16:15:01.5572937Z copying paper/Makefile -> embedding_optimizer_study-0.1.0/paper
2026-09-13T16:15:01.5575164Z copying paper/README.md -> embedding_optimizer_study-0.1.0/paper
2026-09-13T16:15:01.5578182Z copying paper/legacy.Makefile -> embedding_optimizer_study-0.1.0/paper
2026-09-13T16:15:01.5580730Z copying paper/main.tex -> embedding_optimizer_study-0.1.0/paper
2026-09-13T16:15:01.5583973Z copying paper/references.bib -> embedding_optimizer_study-0.1.0/paper
2026-09-13T16:15:01.5586674Z copying paper/results.tex -> embedding_optimizer_study-0.1.0/paper
2026-09-13T16:15:01.5588958Z copying paper/current/README.md -> embedding_optimizer_study-0.1.0/paper/current
2026-09-13T16:15:01.5591288Z copying paper/current/document-snapshot.json -> embedding_optimizer_study-0.1.0/paper/current
2026-09-13T16:15:01.5593765Z copying paper/current/main.tex -> embedding_optimizer_study-0.1.0/paper/current
2026-09-13T16:15:01.5596944Z copying paper/current/references.bib -> embedding_optimizer_study-0.1.0/paper/current
2026-09-13T16:15:01.5600198Z copying paper/current/results.tex -> embedding_optimizer_study-0.1.0/paper/current
2026-09-13T16:15:01.5603389Z copying paper/current/figures/full-rate-retrieval-trajectories.pdf -> embedding_optimizer_study-0.1.0/paper/current/figures
2026-09-13T16:15:01.5606468Z copying paper/current/figures/optimizer-weight-dimension-map.pdf -> embedding_optimizer_study-0.1.0/paper/current/figures
2026-09-13T16:15:01.5610996Z copying paper/current/figures/weight-to-retrieval-map.pdf -> embedding_optimizer_study-0.1.0/paper/current/figures
2026-09-13T16:15:01.5614131Z copying paper/current/generated/dimension-utilization.tex -> embedding_optimizer_study-0.1.0/paper/current/generated
2026-09-13T16:15:01.5617351Z copying paper/current/generated/optimizer-primary.tex -> embedding_optimizer_study-0.1.0/paper/current/generated
2026-09-13T16:15:01.5620222Z copying paper/current/generated/recipe-sensitivity.tex -> embedding_optimizer_study-0.1.0/paper/current/generated
2026-09-13T16:15:01.5622394Z copying paper/current/generated/state-operator-factorial.tex -> embedding_optimizer_study-0.1.0/paper/current/generated
2026-09-13T16:15:01.5624633Z copying paper/current/vendor/acl.sty -> embedding_optimizer_study-0.1.0/paper/current/vendor
2026-09-13T16:15:01.5626940Z copying paper/current/vendor/acl_natbib.bst -> embedding_optimizer_study-0.1.0/paper/current/vendor
2026-09-13T16:15:01.5631175Z copying paper/generated/dimension-utilization.tex -> embedding_optimizer_study-0.1.0/paper/generated
2026-09-13T16:15:01.5633968Z copying paper/generated/optimizer-primary.tex -> embedding_optimizer_study-0.1.0/paper/generated
2026-09-13T16:15:01.5636497Z copying paper/generated/state-operator-factorial.tex -> embedding_optimizer_study-0.1.0/paper/generated
2026-09-13T16:15:01.5638809Z copying reports/candidate-breadth/calibration_by_width.csv -> embedding_optimizer_study-0.1.0/reports/candidate-breadth
2026-09-13T16:15:01.5641440Z copying reports/candidate-breadth/candidate_breadth_calibration.pdf -> embedding_optimizer_study-0.1.0/reports/candidate-breadth
2026-09-13T16:15:01.5644579Z copying reports/candidate-breadth/candidate_breadth_calibration.svg -> embedding_optimizer_study-0.1.0/reports/candidate-breadth
2026-09-13T16:15:01.5649909Z copying reports/candidate-breadth/data-audit.json -> embedding_optimizer_study-0.1.0/reports/candidate-breadth
2026-09-13T16:15:01.5652518Z copying reports/candidate-breadth/high_dose_contrasts.csv -> embedding_optimizer_study-0.1.0/reports/candidate-breadth
2026-09-13T16:15:01.5655325Z copying reports/candidate-breadth/packing_invariance.json -> embedding_optimizer_study-0.1.0/reports/candidate-breadth
2026-09-13T16:15:01.5658339Z copying reports/candidate-breadth/publication_manifest.json -> embedding_optimizer_study-0.1.0/reports/candidate-breadth
2026-09-13T16:15:01.5660753Z copying reports/candidate-breadth/summary.json -> embedding_optimizer_study-0.1.0/reports/candidate-breadth
2026-09-13T16:15:01.5663552Z copying reports/confirmatory-data/receipt.json -> embedding_optimizer_study-0.1.0/reports/confirmatory-data
2026-09-13T16:15:01.5666254Z copying reports/dense-discovery/best_config_dynamics.csv -> embedding_optimizer_study-0.1.0/reports/dense-discovery
2026-09-13T16:15:01.5668872Z copying reports/dense-discovery/best_config_task_comparison.csv -> embedding_optimizer_study-0.1.0/reports/dense-discovery
2026-09-13T16:15:01.5671418Z copying reports/dense-discovery/checkpoint_summary.csv -> embedding_optimizer_study-0.1.0/reports/dense-discovery
2026-09-13T16:15:01.5674011Z copying reports/dense-discovery/coverage.json -> embedding_optimizer_study-0.1.0/reports/dense-discovery
2026-09-13T16:15:01.5676726Z copying reports/dense-discovery/evaluation_long.csv -> embedding_optimizer_study-0.1.0/reports/dense-discovery
2026-09-13T16:15:01.5683456Z copying reports/dense-discovery/optimizer_summary.csv -> embedding_optimizer_study-0.1.0/reports/dense-discovery
2026-09-13T16:15:01.5686245Z copying reports/dense-discovery/paired_comparison.csv -> embedding_optimizer_study-0.1.0/reports/dense-discovery
2026-09-13T16:15:01.5689223Z copying reports/dense-discovery/system_metrics.csv -> embedding_optimizer_study-0.1.0/reports/dense-discovery
2026-09-13T16:15:01.5692221Z copying reports/dense-discovery/system_summary.csv -> embedding_optimizer_study-0.1.0/reports/dense-discovery
2026-09-13T16:15:01.5694929Z copying reports/dense-discovery/training_history.csv -> embedding_optimizer_study-0.1.0/reports/dense-discovery
2026-09-13T16:15:01.5706448Z copying reports/dense-discovery/figures/dense-lr-sensitivity.png -> embedding_optimizer_study-0.1.0/reports/dense-discovery/figures
2026-09-13T16:15:01.5711781Z copying reports/dense-discovery/figures/dense-training-dynamics-by-run.png -> embedding_optimizer_study-0.1.0/reports/dense-discovery/figures
2026-09-13T16:15:01.5717624Z copying reports/dense-discovery/figures/dense-training-dynamics.png -> embedding_optimizer_study-0.1.0/reports/dense-discovery/figures
2026-09-13T16:15:01.5723339Z copying reports/dense-retrieval-dynamics/README.md -> embedding_optimizer_study-0.1.0/reports/dense-retrieval-dynamics
2026-09-13T16:15:01.5726181Z copying reports/dense-retrieval-dynamics/confirmatory-evaluation-receipt.json -> embedding_optimizer_study-0.1.0/reports/dense-retrieval-dynamics
2026-09-13T16:15:01.5736154Z copying reports/dense-retrieval-dynamics/evaluation-receipt.json -> embedding_optimizer_study-0.1.0/reports/dense-retrieval-dynamics
2026-09-13T16:15:01.5747623Z copying reports/dense-retrieval-dynamics/five_stage_retrieval_dynamics.csv -> embedding_optimizer_study-0.1.0/reports/dense-retrieval-dynamics
2026-09-13T16:15:01.5750587Z copying reports/dense-retrieval-dynamics/five_stage_retrieval_dynamics.pdf -> embedding_optimizer_study-0.1.0/reports/dense-retrieval-dynamics
2026-09-13T16:15:01.5754191Z copying reports/dense-retrieval-dynamics/five_stage_retrieval_dynamics.svg -> embedding_optimizer_study-0.1.0/reports/dense-retrieval-dynamics
2026-09-13T16:15:01.5760064Z copying reports/dense-retrieval-dynamics/hybrid-evaluation-receipt.json -> embedding_optimizer_study-0.1.0/reports/dense-retrieval-dynamics
2026-09-13T16:15:01.5764614Z copying reports/dense-retrieval-dynamics/summary_manifest.json -> embedding_optimizer_study-0.1.0/reports/dense-retrieval-dynamics
2026-09-13T16:15:01.5773409Z copying reports/retrieval-dynamics-dense/best_config_task_comparison.csv -> embedding_optimizer_study-0.1.0/reports/retrieval-dynamics-dense
2026-09-13T16:15:01.5776825Z copying reports/retrieval-dynamics-dense/best_config_task_delta_dynamics.csv -> embedding_optimizer_study-0.1.0/reports/retrieval-dynamics-dense
2026-09-13T16:15:01.5779760Z copying reports/retrieval-dynamics-dense/checkpoint_dynamics.csv -> embedding_optimizer_study-0.1.0/reports/retrieval-dynamics-dense
2026-09-13T16:15:01.5782997Z copying reports/retrieval-dynamics-dense/optimizer_first_passage.csv -> embedding_optimizer_study-0.1.0/reports/retrieval-dynamics-dense
2026-09-13T16:15:01.5785398Z copying reports/retrieval-dynamics-dense/quality_vs_useful_wall_time.svg -> embedding_optimizer_study-0.1.0/reports/retrieval-dynamics-dense
2026-09-13T16:15:01.5793420Z copying reports/retrieval-dynamics-dense/run_first_passage.csv -> embedding_optimizer_study-0.1.0/reports/retrieval-dynamics-dense
2026-09-13T16:15:01.5795643Z copying reports/retrieval-dynamics-dense/summary_manifest.json -> embedding_optimizer_study-0.1.0/reports/retrieval-dynamics-dense
2026-09-13T16:15:01.5797870Z copying reports/retrieval-dynamics-dense/task_delta_stability.csv -> embedding_optimizer_study-0.1.0/reports/retrieval-dynamics-dense
2026-09-13T16:15:01.5800025Z copying reports/short-branch/subset-receipt.json -> embedding_optimizer_study-0.1.0/reports/short-branch
2026-09-13T16:15:01.5803041Z copying reports/state-operator-factorial/abstract-compliance-runtime-migration.json -> embedding_optimizer_study-0.1.0/reports/state-operator-factorial
2026-09-13T16:15:01.5805520Z copying reports/tail-stability/README.md -> embedding_optimizer_study-0.1.0/reports/tail-stability
2026-09-13T16:15:01.5808174Z copying reports/tail-stability/discovery_anchor_tail.csv -> embedding_optimizer_study-0.1.0/reports/tail-stability
2026-09-13T16:15:01.5811081Z copying reports/tail-stability/discovery_cross_tail.csv -> embedding_optimizer_study-0.1.0/reports/tail-stability
2026-09-13T16:15:01.5813522Z copying reports/tail-stability/discovery_cross_tail_summary.csv -> embedding_optimizer_study-0.1.0/reports/tail-stability
2026-09-13T16:15:01.5816065Z copying reports/tail-stability/discovery_family_contrasts.csv -> embedding_optimizer_study-0.1.0/reports/tail-stability
2026-09-13T16:15:01.5818241Z copying reports/tail-stability/summary_manifest.json -> embedding_optimizer_study-0.1.0/reports/tail-stability
2026-09-13T16:15:01.5823848Z copying reports/three-regime-diagnostic/README.md -> embedding_optimizer_study-0.1.0/reports/three-regime-diagnostic
2026-09-13T16:15:01.5826464Z copying reports/three-regime-diagnostic/high_dose_contrasts.csv -> embedding_optimizer_study-0.1.0/reports/three-regime-diagnostic
2026-09-13T16:15:01.5829347Z copying reports/three-regime-diagnostic/run_metrics.csv -> embedding_optimizer_study-0.1.0/reports/three-regime-diagnostic
2026-09-13T16:15:01.5831942Z copying reports/three-regime-diagnostic/summary.json -> embedding_optimizer_study-0.1.0/reports/three-regime-diagnostic
2026-09-13T16:15:01.5834031Z copying reports/three-regime-diagnostic/summary_manifest.json -> embedding_optimizer_study-0.1.0/reports/three-regime-diagnostic
2026-09-13T16:15:01.5836625Z copying reports/training-dynamics/optimizer_system_summary.csv -> embedding_optimizer_study-0.1.0/reports/training-dynamics
2026-09-13T16:15:01.5839158Z copying reports/training-dynamics/plot_manifest.json -> embedding_optimizer_study-0.1.0/reports/training-dynamics
2026-09-13T16:15:01.5841692Z copying reports/training-dynamics/run_summary.csv -> embedding_optimizer_study-0.1.0/reports/training-dynamics
2026-09-13T16:15:01.5844616Z copying reports/training-dynamics/stage_dynamics.csv -> embedding_optimizer_study-0.1.0/reports/training-dynamics
2026-09-13T16:15:01.5847210Z copying reports/training-dynamics/summary_manifest.json -> embedding_optimizer_study-0.1.0/reports/training-dynamics
2026-09-13T16:15:01.5851062Z copying reports/training-dynamics/system_tradeoffs.svg -> embedding_optimizer_study-0.1.0/reports/training-dynamics
2026-09-13T16:15:01.5856399Z copying reports/training-dynamics/training_loss_dynamics.svg -> embedding_optimizer_study-0.1.0/reports/training-dynamics
2026-09-13T16:15:01.5862056Z copying reports/wandb/dense_source_provenance_audit.json -> embedding_optimizer_study-0.1.0/reports/wandb
2026-09-13T16:15:01.5866599Z copying reports/weight-space/README.md -> embedding_optimizer_study-0.1.0/reports/weight-space
2026-09-13T16:15:01.5869940Z copying reports/weight-space/checkpoint_trajectory.csv -> embedding_optimizer_study-0.1.0/reports/weight-space
2026-09-13T16:15:01.5873276Z copying reports/weight-space/optimizer_geometry_phase.svg -> embedding_optimizer_study-0.1.0/reports/weight-space
2026-09-13T16:15:01.5879639Z copying reports/weight-space/optimizer_pair_contrast_trajectory.csv -> embedding_optimizer_study-0.1.0/reports/weight-space
2026-09-13T16:15:01.5882658Z copying reports/weight-space/optimizer_pair_contrast_trajectory.svg -> embedding_optimizer_study-0.1.0/reports/weight-space
2026-09-13T16:15:01.5889013Z copying reports/weight-space/optimizer_pair_contrasts.csv -> embedding_optimizer_study-0.1.0/reports/weight-space
2026-09-13T16:15:01.5891776Z copying reports/weight-space/run_trajectory_summary.csv -> embedding_optimizer_study-0.1.0/reports/weight-space
2026-09-13T16:15:01.5894467Z copying reports/weight-space/summary_manifest.json -> embedding_optimizer_study-0.1.0/reports/weight-space
2026-09-13T16:15:01.5897210Z copying scripts/restore_factorial_probes.py -> embedding_optimizer_study-0.1.0/scripts
2026-09-13T16:15:01.5900044Z copying scripts/restore_functional_analysis.py -> embedding_optimizer_study-0.1.0/scripts
2026-09-13T16:15:01.5902673Z copying scripts/restore_primary_v3.py -> embedding_optimizer_study-0.1.0/scripts
2026-09-13T16:15:01.5906111Z copying scripts/eval/dense_no_packing_parallel.py -> embedding_optimizer_study-0.1.0/scripts/eval
2026-09-13T16:15:01.5907216Z copying scripts/eval/dense_parallel.py -> embedding_optimizer_study-0.1.0/scripts/eval
2026-09-13T16:15:01.5909059Z copying scripts/eval/dense_sequential.py -> embedding_optimizer_study-0.1.0/scripts/eval
2026-09-13T16:15:01.5910926Z copying src/embed_optim/__init__.py -> embedding_optimizer_study-0.1.0/src/embed_optim
2026-09-13T16:15:01.5912820Z copying src/embed_optim/aggregate.py -> embedding_optimizer_study-0.1.0/src/embed_optim
2026-09-13T16:15:01.5915168Z copying src/embed_optim/artifact_inventory.py -> embedding_optimizer_study-0.1.0/src/embed_optim
2026-09-13T16:15:01.5916976Z copying src/embed_optim/basis_sensitivity.py -> embedding_optimizer_study-0.1.0/src/embed_optim
2026-09-13T16:15:01.5921816Z copying src/embed_optim/beir_probe.py -> embedding_optimizer_study-0.1.0/src/embed_optim
2026-09-13T16:15:01.5925073Z copying src/embed_optim/bridge_exact_arithmetic.py -> embedding_optimizer_study-0.1.0/src/embed_optim
2026-09-13T16:15:01.5927503Z copying src/embed_optim/bridge_named_features.py -> embedding_optimizer_study-0.1.0/src/embed_optim
2026-09-13T16:15:01.5929999Z copying src/embed_optim/bridge_numerics.py -> embedding_optimizer_study-0.1.0/src/embed_optim
2026-09-13T16:15:01.5932983Z copying src/embed_optim/callbacks.py -> embedding_optimizer_study-0.1.0/src/embed_optim
2026-09-13T16:15:01.5934599Z copying src/embed_optim/candidate_breadth_data.py -> embedding_optimizer_study-0.1.0/src/embed_optim
2026-09-13T16:15:01.5938837Z copying src/embed_optim/candidate_breadth_evaluation.py -> embedding_optimizer_study-0.1.0/src/embed_optim
2026-09-13T16:15:01.5941942Z copying src/embed_optim/candidate_breadth_matrix.py -> embedding_optimizer_study-0.1.0/src/embed_optim
2026-09-13T16:15:01.5945267Z copying src/embed_optim/candidate_breadth_publication.py -> embedding_optimizer_study-0.1.0/src/embed_optim
2026-09-13T16:15:01.5948386Z copying src/embed_optim/candidate_breadth_release.py -> embedding_optimizer_study-0.1.0/src/embed_optim
2026-09-13T16:15:01.5951507Z copying src/embed_optim/candidate_breadth_summary.py -> embedding_optimizer_study-0.1.0/src/embed_optim
2026-09-13T16:15:01.5954614Z copying src/embed_optim/causal_chain_rendering.py -> embedding_optimizer_study-0.1.0/src/embed_optim
2026-09-13T16:15:01.5958887Z copying src/embed_optim/causal_chain_reporting.py -> embedding_optimizer_study-0.1.0/src/embed_optim
2026-09-13T16:15:01.5963801Z copying src/embed_optim/checkpoint_watch.py -> embedding_optimizer_study-0.1.0/src/embed_optim
2026-09-13T16:15:01.5966667Z copying src/embed_optim/collators.py -> embedding_optimizer_study-0.1.0/src/embed_optim
2026-09-13T16:15:01.5968027Z copying src/embed_optim/common_state_matrix.py -> embedding_optimizer_study-0.1.0/src/embed_optim
2026-09-13T16:15:01.5971177Z copying src/embed_optim/common_state_spectra.py -> embedding_optimizer_study-0.1.0/src/embed_optim
2026-09-13T16:15:01.5975926Z copying src/embed_optim/common_state_spectrum_plot.py -> embedding_optimizer_study-0.1.0/src/embed_optim
2026-09-13T16:15:01.5978780Z copying src/embed_optim/common_state_summary.py -> embedding_optimizer_study-0.1.0/src/embed_optim
2026-09-13T16:15:01.5982922Z copying src/embed_optim/complete_paper_document.py -> embedding_optimizer_study-0.1.0/src/embed_optim
2026-09-13T16:15:01.5985602Z copying src/embed_optim/completion_backup_contract_migration.py -> embedding_optimizer_study-0.1.0/src/embed_optim
2026-09-13T16:15:01.5988050Z copying src/embed_optim/completion_contract_migration.py -> embedding_optimizer_study-0.1.0/src/embed_optim
2026-09-13T16:15:01.5990771Z copying src/embed_optim/config.py -> embedding_optimizer_study-0.1.0/src/embed_optim
2026-09-13T16:15:01.5992702Z copying src/embed_optim/confirmatory_data.py -> embedding_optimizer_study-0.1.0/src/embed_optim
2026-09-13T16:15:01.5997394Z copying src/embed_optim/confirmatory_evaluation.py -> embedding_optimizer_study-0.1.0/src/embed_optim
2026-09-13T16:15:01.6000282Z copying src/embed_optim/confirmatory_matrix.py -> embedding_optimizer_study-0.1.0/src/embed_optim
2026-09-13T16:15:01.6003037Z copying src/embed_optim/confirmatory_summary.py -> embedding_optimizer_study-0.1.0/src/embed_optim
2026-09-13T16:15:01.6006193Z copying src/embed_optim/corpus_size_diagnostic.py -> embedding_optimizer_study-0.1.0/src/embed_optim
2026-09-13T16:15:01.6010147Z copying src/embed_optim/corrected_beir_evaluation.py -> embedding_optimizer_study-0.1.0/src/embed_optim
2026-09-13T16:15:01.6014236Z copying src/embed_optim/corrected_checkpoint_backup.py -> embedding_optimizer_study-0.1.0/src/embed_optim
2026-09-13T16:15:01.6018154Z copying src/embed_optim/corrected_completion_pipeline.py -> embedding_optimizer_study-0.1.0/src/embed_optim
2026-09-13T16:15:01.6021719Z copying src/embed_optim/corrected_execution_sensitivity.py -> embedding_optimizer_study-0.1.0/src/embed_optim
2026-09-13T16:15:01.6025063Z copying src/embed_optim/corrected_geometry_matrix.py -> embedding_optimizer_study-0.1.0/src/embed_optim
2026-09-13T16:15:01.6028262Z copying src/embed_optim/corrected_geometry_summary.py -> embedding_optimizer_study-0.1.0/src/embed_optim
2026-09-13T16:15:01.6031963Z copying src/embed_optim/corrected_input_execution.py -> embedding_optimizer_study-0.1.0/src/embed_optim
2026-09-13T16:15:01.6033579Z copying src/embed_optim/corrected_outcome_summary.py -> embedding_optimizer_study-0.1.0/src/embed_optim
2026-09-13T16:15:01.6037081Z copying src/embed_optim/corrected_progress.py -> embedding_optimizer_study-0.1.0/src/embed_optim
2026-09-13T16:15:01.6039856Z copying src/embed_optim/corrected_publication.py -> embedding_optimizer_study-0.1.0/src/embed_optim
2026-09-13T16:15:01.6044078Z copying src/embed_optim/corrected_retrieval_bridge.py -> embedding_optimizer_study-0.1.0/src/embed_optim
2026-09-13T16:15:01.6047418Z copying src/embed_optim/corrected_validation_evaluation.py -> embedding_optimizer_study-0.1.0/src/embed_optim
2026-09-13T16:15:01.6050023Z copying src/embed_optim/corrected_validation_matrix.py -> embedding_optimizer_study-0.1.0/src/embed_optim
2026-09-13T16:15:01.6053121Z copying src/embed_optim/corrected_wandb_audit.py -> embedding_optimizer_study-0.1.0/src/embed_optim
2026-09-13T16:15:01.6055819Z copying src/embed_optim/current_paper.py -> embedding_optimizer_study-0.1.0/src/embed_optim
2026-09-13T16:15:01.6058304Z copying src/embed_optim/data.py -> embedding_optimizer_study-0.1.0/src/embed_optim
2026-09-13T16:15:01.6061555Z copying src/embed_optim/decontamination.py -> embedding_optimizer_study-0.1.0/src/embed_optim
2026-09-13T16:15:01.6063468Z copying src/embed_optim/dense_completion_pipeline.py -> embedding_optimizer_study-0.1.0/src/embed_optim
2026-09-13T16:15:01.6067721Z copying src/embed_optim/dense_eval_handoff.py -> embedding_optimizer_study-0.1.0/src/embed_optim
2026-09-13T16:15:01.6072625Z copying src/embed_optim/dense_finalization_pipeline.py -> embedding_optimizer_study-0.1.0/src/embed_optim
2026-09-13T16:15:01.6076142Z copying src/embed_optim/dense_no_packing_preflight.py -> embedding_optimizer_study-0.1.0/src/embed_optim
2026-09-13T16:15:01.6078904Z copying src/embed_optim/dense_numerical_contract.py -> embedding_optimizer_study-0.1.0/src/embed_optim
2026-09-13T16:15:01.6080632Z copying src/embed_optim/dense_retrieval_dynamics_evaluation.py -> embedding_optimizer_study-0.1.0/src/embed_optim
2026-09-13T16:15:01.6083878Z copying src/embed_optim/dense_retrieval_dynamics_publication.py -> embedding_optimizer_study-0.1.0/src/embed_optim
2026-09-13T16:15:01.6086880Z copying src/embed_optim/dense_retrieval_dynamics_summary.py -> embedding_optimizer_study-0.1.0/src/embed_optim
2026-09-13T16:15:01.6090154Z copying src/embed_optim/dense_run_contract.py -> embedding_optimizer_study-0.1.0/src/embed_optim
2026-09-13T16:15:01.6091887Z copying src/embed_optim/dimension_archive.py -> embedding_optimizer_study-0.1.0/src/embed_optim
2026-09-13T16:15:01.6095112Z copying src/embed_optim/dimension_inference.py -> embedding_optimizer_study-0.1.0/src/embed_optim
2026-09-13T16:15:01.6098252Z copying src/embed_optim/dimension_inference_render.py -> embedding_optimizer_study-0.1.0/src/embed_optim
2026-09-13T16:15:01.6101109Z copying src/embed_optim/dimension_intervention_io.py -> embedding_optimizer_study-0.1.0/src/embed_optim
2026-09-13T16:15:01.6104198Z copying src/embed_optim/dimension_interventions.py -> embedding_optimizer_study-0.1.0/src/embed_optim
2026-09-13T16:15:01.6107219Z copying src/embed_optim/dimension_publication.py -> embedding_optimizer_study-0.1.0/src/embed_optim
2026-09-13T16:15:01.6112239Z copying src/embed_optim/dimension_release.py -> embedding_optimizer_study-0.1.0/src/embed_optim
2026-09-13T16:15:01.6115318Z copying src/embed_optim/dimension_replay.py -> embedding_optimizer_study-0.1.0/src/embed_optim
2026-09-13T16:15:01.6118391Z copying src/embed_optim/dimension_utilization.py -> embedding_optimizer_study-0.1.0/src/embed_optim
2026-09-13T16:15:01.6121867Z copying src/embed_optim/distribution_audit.py -> embedding_optimizer_study-0.1.0/src/embed_optim
2026-09-13T16:15:01.6125246Z copying src/embed_optim/dose_band_analysis.py -> embedding_optimizer_study-0.1.0/src/embed_optim
2026-09-13T16:15:01.6130117Z copying src/embed_optim/evaluate_matrix.py -> embedding_optimizer_study-0.1.0/src/embed_optim
2026-09-13T16:15:01.6131959Z copying src/embed_optim/evaluation_progress.py -> embedding_optimizer_study-0.1.0/src/embed_optim
2026-09-13T16:15:01.6135558Z copying src/embed_optim/evaluation_source_archive.py -> embedding_optimizer_study-0.1.0/src/embed_optim
2026-09-13T16:15:01.6139994Z copying src/embed_optim/evaluation_source_provenance.py -> embedding_optimizer_study-0.1.0/src/embed_optim
2026-09-13T16:15:01.6141885Z copying src/embed_optim/evaluation_supervisor.py -> embedding_optimizer_study-0.1.0/src/embed_optim
2026-09-13T16:15:01.6145026Z copying src/embed_optim/evaluation_utils.py -> embedding_optimizer_study-0.1.0/src/embed_optim
2026-09-13T16:15:01.6146731Z copying src/embed_optim/exact_bridge_measurements.py -> embedding_optimizer_study-0.1.0/src/embed_optim
2026-09-13T16:15:01.6149194Z copying src/embed_optim/factorial_v3_batches.py -> embedding_optimizer_study-0.1.0/src/embed_optim
2026-09-13T16:15:01.6152006Z copying src/embed_optim/factorial_v3_bound_trainer.py -> embedding_optimizer_study-0.1.0/src/embed_optim
2026-09-13T16:15:01.6155199Z copying src/embed_optim/factorial_v3_calibration.py -> embedding_optimizer_study-0.1.0/src/embed_optim
2026-09-13T16:15:01.6158876Z copying src/embed_optim/factorial_v3_checkpoint.py -> embedding_optimizer_study-0.1.0/src/embed_optim
2026-09-13T16:15:01.6161329Z copying src/embed_optim/factorial_v3_factory.py -> embedding_optimizer_study-0.1.0/src/embed_optim
2026-09-13T16:15:01.6163922Z copying src/embed_optim/factorial_v3_inputs.py -> embedding_optimizer_study-0.1.0/src/embed_optim
2026-09-13T16:15:01.6168578Z copying src/embed_optim/factorial_v3_optimizer.py -> embedding_optimizer_study-0.1.0/src/embed_optim
2026-09-13T16:15:01.6173299Z copying src/embed_optim/factorial_v3_run_contract.py -> embedding_optimizer_study-0.1.0/src/embed_optim
2026-09-13T16:15:01.6177391Z copying src/embed_optim/factorial_v3_trainer.py -> embedding_optimizer_study-0.1.0/src/embed_optim
2026-09-13T16:15:01.6181259Z copying src/embed_optim/factorial_v3_worker.py -> embedding_optimizer_study-0.1.0/src/embed_optim
2026-09-13T16:15:01.6185052Z copying src/embed_optim/family_training_queue.py -> embedding_optimizer_study-0.1.0/src/embed_optim
2026-09-13T16:15:01.6188625Z copying src/embed_optim/functional_intervention.py -> embedding_optimizer_study-0.1.0/src/embed_optim
2026-09-13T16:15:01.6192011Z copying src/embed_optim/functional_intervention_matrix.py -> embedding_optimizer_study-0.1.0/src/embed_optim
2026-09-13T16:15:01.6195412Z copying src/embed_optim/functional_intervention_summary.py -> embedding_optimizer_study-0.1.0/src/embed_optim
2026-09-13T16:15:01.6197914Z copying src/embed_optim/geometry.py -> embedding_optimizer_study-0.1.0/src/embed_optim
2026-09-13T16:15:01.6201417Z copying src/embed_optim/geometry_plot.py -> embedding_optimizer_study-0.1.0/src/embed_optim
2026-09-13T16:15:01.6204642Z copying src/embed_optim/geometry_robustness.py -> embedding_optimizer_study-0.1.0/src/embed_optim
2026-09-13T16:15:01.6207726Z copying src/embed_optim/geometry_summary.py -> embedding_optimizer_study-0.1.0/src/embed_optim
2026-09-13T16:15:01.6210896Z copying src/embed_optim/gpu_lease.py -> embedding_optimizer_study-0.1.0/src/embed_optim
2026-09-13T16:15:01.6212805Z copying src/embed_optim/gradient_probe.py -> embedding_optimizer_study-0.1.0/src/embed_optim
2026-09-13T16:15:01.6216126Z copying src/embed_optim/hybrid_control.py -> embedding_optimizer_study-0.1.0/src/embed_optim
2026-09-13T16:15:01.6219341Z copying src/embed_optim/hybrid_evaluation.py -> embedding_optimizer_study-0.1.0/src/embed_optim
2026-09-13T16:15:01.6221877Z copying src/embed_optim/incremental_checkpoint_backup.py -> embedding_optimizer_study-0.1.0/src/embed_optim
2026-09-13T16:15:01.6225109Z copying src/embed_optim/local_global_reversal.py -> embedding_optimizer_study-0.1.0/src/embed_optim
2026-09-13T16:15:01.6228435Z copying src/embed_optim/losses.py -> embedding_optimizer_study-0.1.0/src/embed_optim
2026-09-13T16:15:01.6230043Z copying src/embed_optim/matrix.py -> embedding_optimizer_study-0.1.0/src/embed_optim
2026-09-13T16:15:01.6233417Z copying src/embed_optim/matrix_handoff_guard.py -> embedding_optimizer_study-0.1.0/src/embed_optim
2026-09-13T16:15:01.6236722Z copying src/embed_optim/mechanism_bridge.py -> embedding_optimizer_study-0.1.0/src/embed_optim
2026-09-13T16:15:01.6240096Z copying src/embed_optim/mechanism_report.py -> embedding_optimizer_study-0.1.0/src/embed_optim
2026-09-13T16:15:01.6244816Z copying src/embed_optim/optimizer_state_devices.py -> embedding_optimizer_study-0.1.0/src/embed_optim
2026-09-13T16:15:01.6247676Z copying src/embed_optim/optimizers.py -> embedding_optimizer_study-0.1.0/src/embed_optim
2026-09-13T16:15:01.6249519Z copying src/embed_optim/outcome_report.py -> embedding_optimizer_study-0.1.0/src/embed_optim
2026-09-13T16:15:01.6254598Z copying src/embed_optim/packing_invariance.py -> embedding_optimizer_study-0.1.0/src/embed_optim
2026-09-13T16:15:01.6257681Z copying src/embed_optim/paper_audit.py -> embedding_optimizer_study-0.1.0/src/embed_optim
2026-09-13T16:15:01.6263490Z copying src/embed_optim/paper_layout.py -> embedding_optimizer_study-0.1.0/src/embed_optim
2026-09-13T16:15:01.6266638Z copying src/embed_optim/paper_reproduction.py -> embedding_optimizer_study-0.1.0/src/embed_optim
2026-09-13T16:15:01.6269788Z copying src/embed_optim/paper_results.py -> embedding_optimizer_study-0.1.0/src/embed_optim
2026-09-13T16:15:01.6274291Z copying src/embed_optim/post_eval_pipeline.py -> embedding_optimizer_study-0.1.0/src/embed_optim
2026-09-13T16:15:01.6278442Z copying src/embed_optim/primary_completion.py -> embedding_optimizer_study-0.1.0/src/embed_optim
2026-09-13T16:15:01.6280485Z copying src/embed_optim/primary_contract.py -> embedding_optimizer_study-0.1.0/src/embed_optim
2026-09-13T16:15:01.6282223Z copying src/embed_optim/primary_data_revision.py -> embedding_optimizer_study-0.1.0/src/embed_optim
2026-09-13T16:15:01.6285482Z copying src/embed_optim/primary_dimension_probe.py -> embedding_optimizer_study-0.1.0/src/embed_optim
2026-09-13T16:15:01.6288735Z copying src/embed_optim/primary_exact_geometry_kernels.py -> embedding_optimizer_study-0.1.0/src/embed_optim
2026-09-13T16:15:01.6291959Z copying src/embed_optim/primary_geometry_kernels.py -> embedding_optimizer_study-0.1.0/src/embed_optim
2026-09-13T16:15:01.6295368Z copying src/embed_optim/primary_geometry_reductions.py -> embedding_optimizer_study-0.1.0/src/embed_optim
2026-09-13T16:15:01.6297721Z copying src/embed_optim/primary_io.py -> embedding_optimizer_study-0.1.0/src/embed_optim
2026-09-13T16:15:01.6299566Z copying src/embed_optim/primary_training.py -> embedding_optimizer_study-0.1.0/src/embed_optim
2026-09-13T16:15:01.6301341Z copying src/embed_optim/primary_v3_bridge.py -> embedding_optimizer_study-0.1.0/src/embed_optim
2026-09-13T16:15:01.6304429Z copying src/embed_optim/primary_v3_completion.py -> embedding_optimizer_study-0.1.0/src/embed_optim
2026-09-13T16:15:01.6306761Z copying src/embed_optim/primary_v3_contract.py -> embedding_optimizer_study-0.1.0/src/embed_optim
2026-09-13T16:15:01.6308553Z copying src/embed_optim/primary_v3_dimension_contract.py -> embedding_optimizer_study-0.1.0/src/embed_optim
2026-09-13T16:15:01.6311797Z copying src/embed_optim/primary_v3_dimension_exports.py -> embedding_optimizer_study-0.1.0/src/embed_optim
2026-09-13T16:15:01.6316391Z copying src/embed_optim/primary_v3_dimension_inference.py -> embedding_optimizer_study-0.1.0/src/embed_optim
2026-09-13T16:15:01.6319419Z copying src/embed_optim/primary_v3_dimension_vector_io.py -> embedding_optimizer_study-0.1.0/src/embed_optim
2026-09-13T16:15:01.6322319Z copying src/embed_optim/primary_v3_dimensions.py -> embedding_optimizer_study-0.1.0/src/embed_optim
2026-09-13T16:15:01.6325828Z copying src/embed_optim/primary_v3_exact_bridge.py -> embedding_optimizer_study-0.1.0/src/embed_optim
2026-09-13T16:15:01.6329370Z copying src/embed_optim/primary_v3_exact_geometry.py -> embedding_optimizer_study-0.1.0/src/embed_optim
2026-09-13T16:15:01.6332221Z copying src/embed_optim/primary_v3_exact_geometry_io.py -> embedding_optimizer_study-0.1.0/src/embed_optim
2026-09-13T16:15:01.6335259Z copying src/embed_optim/primary_v3_exact_geometry_primitives.py -> embedding_optimizer_study-0.1.0/src/embed_optim
2026-09-13T16:15:01.6338340Z copying src/embed_optim/primary_v3_exact_publication.py -> embedding_optimizer_study-0.1.0/src/embed_optim
2026-09-13T16:15:01.6341562Z copying src/embed_optim/primary_v3_exact_publication_contract.py -> embedding_optimizer_study-0.1.0/src/embed_optim
2026-09-13T16:15:01.6344514Z copying src/embed_optim/primary_v3_exact_publication_render.py -> embedding_optimizer_study-0.1.0/src/embed_optim
2026-09-13T16:15:01.6347012Z copying src/embed_optim/primary_v3_exact_reconstruction.py -> embedding_optimizer_study-0.1.0/src/embed_optim
2026-09-13T16:15:01.6350104Z copying src/embed_optim/primary_v3_exact_reconstruction_archive.py -> embedding_optimizer_study-0.1.0/src/embed_optim
2026-09-13T16:15:01.6352781Z copying src/embed_optim/primary_v3_geometry.py -> embedding_optimizer_study-0.1.0/src/embed_optim
2026-09-13T16:15:01.6356221Z copying src/embed_optim/primary_v3_geometry_io.py -> embedding_optimizer_study-0.1.0/src/embed_optim
2026-09-13T16:15:01.6359232Z copying src/embed_optim/primary_v3_geometry_primitives.py -> embedding_optimizer_study-0.1.0/src/embed_optim
2026-09-13T16:15:01.6362467Z copying src/embed_optim/primary_v3_geometry_reconstruction.py -> embedding_optimizer_study-0.1.0/src/embed_optim
2026-09-13T16:15:01.6365093Z copying src/embed_optim/primary_v3_io.py -> embedding_optimizer_study-0.1.0/src/embed_optim
2026-09-13T16:15:01.6367103Z copying src/embed_optim/primary_v3_joint_reconstruction.py -> embedding_optimizer_study-0.1.0/src/embed_optim
2026-09-13T16:15:01.6370063Z copying src/embed_optim/primary_v3_manuscript.py -> embedding_optimizer_study-0.1.0/src/embed_optim
2026-09-13T16:15:01.6373105Z copying src/embed_optim/primary_v3_manuscript_build.py -> embedding_optimizer_study-0.1.0/src/embed_optim
2026-09-13T16:15:01.6376335Z copying src/embed_optim/primary_v3_outcome_primitives.py -> embedding_optimizer_study-0.1.0/src/embed_optim
2026-09-13T16:15:01.6379027Z copying src/embed_optim/primary_v3_outcome_reconstruction.py -> embedding_optimizer_study-0.1.0/src/embed_optim
2026-09-13T16:15:01.6381900Z copying src/embed_optim/primary_v3_outcomes.py -> embedding_optimizer_study-0.1.0/src/embed_optim
2026-09-13T16:15:01.6385262Z copying src/embed_optim/primary_v3_paper_layout.py -> embedding_optimizer_study-0.1.0/src/embed_optim
2026-09-13T16:15:01.6388164Z copying src/embed_optim/primary_v3_publication.py -> embedding_optimizer_study-0.1.0/src/embed_optim
2026-09-13T16:15:01.6391294Z copying src/embed_optim/primary_v3_publication_archive.py -> embedding_optimizer_study-0.1.0/src/embed_optim
2026-09-13T16:15:01.6393814Z copying src/embed_optim/primary_v3_publication_bridge.py -> embedding_optimizer_study-0.1.0/src/embed_optim
2026-09-13T16:15:01.6396339Z copying src/embed_optim/primary_v3_publication_contract.py -> embedding_optimizer_study-0.1.0/src/embed_optim
2026-09-13T16:15:01.6399306Z copying src/embed_optim/primary_v3_publication_reconstruction.py -> embedding_optimizer_study-0.1.0/src/embed_optim
2026-09-13T16:15:01.6402578Z copying src/embed_optim/primary_v3_publication_render.py -> embedding_optimizer_study-0.1.0/src/embed_optim
2026-09-13T16:15:01.6405486Z copying src/embed_optim/primary_v3_publication_tables.py -> embedding_optimizer_study-0.1.0/src/embed_optim
2026-09-13T16:15:01.6408438Z copying src/embed_optim/primary_v3_reconstruction_authoring.py -> embedding_optimizer_study-0.1.0/src/embed_optim
2026-09-13T16:15:01.6410966Z copying src/embed_optim/primary_v3_reconstruction_inputs.py -> embedding_optimizer_study-0.1.0/src/embed_optim
2026-09-13T16:15:01.6413800Z copying src/embed_optim/primary_v3_reconstruction_sources.py -> embedding_optimizer_study-0.1.0/src/embed_optim
2026-09-13T16:15:01.6417001Z copying src/embed_optim/primary_v3_training.py -> embedding_optimizer_study-0.1.0/src/embed_optim
2026-09-13T16:15:01.6418373Z copying src/embed_optim/primary_v3_validation.py -> embedding_optimizer_study-0.1.0/src/embed_optim
2026-09-13T16:15:01.6422020Z copying src/embed_optim/primary_v3_validation_io.py -> embedding_optimizer_study-0.1.0/src/embed_optim
2026-09-13T16:15:01.6425558Z copying src/embed_optim/primary_v3_vector_reconstruction.py -> embedding_optimizer_study-0.1.0/src/embed_optim
2026-09-13T16:15:01.6428474Z copying src/embed_optim/primary_weight_entries.py -> embedding_optimizer_study-0.1.0/src/embed_optim
2026-09-13T16:15:01.6431054Z copying src/embed_optim/probe_export.py -> embedding_optimizer_study-0.1.0/src/embed_optim
2026-09-13T16:15:01.6434779Z copying src/embed_optim/probe_matrix.py -> embedding_optimizer_study-0.1.0/src/embed_optim
2026-09-13T16:15:01.6437956Z copying src/embed_optim/probes.py -> embedding_optimizer_study-0.1.0/src/embed_optim
2026-09-13T16:15:01.6441480Z copying src/embed_optim/pylate_compat.py -> embedding_optimizer_study-0.1.0/src/embed_optim
2026-09-13T16:15:01.6444312Z copying src/embed_optim/reconstruction_files.py -> embedding_optimizer_study-0.1.0/src/embed_optim
2026-09-13T16:15:01.6447418Z copying src/embed_optim/representation_geometry.py -> embedding_optimizer_study-0.1.0/src/embed_optim
2026-09-13T16:15:01.6452592Z copying src/embed_optim/representation_plot.py -> embedding_optimizer_study-0.1.0/src/embed_optim
2026-09-13T16:15:01.6456280Z copying src/embed_optim/representation_summary.py -> embedding_optimizer_study-0.1.0/src/embed_optim
2026-09-13T16:15:01.6459407Z copying src/embed_optim/retrieval_dynamics.py -> embedding_optimizer_study-0.1.0/src/embed_optim
2026-09-13T16:15:01.6463696Z copying src/embed_optim/runtime.py -> embedding_optimizer_study-0.1.0/src/embed_optim
2026-09-13T16:15:01.6465546Z copying src/embed_optim/saved_factorial_checkpoint.py -> embedding_optimizer_study-0.1.0/src/embed_optim
2026-09-13T16:15:01.6468591Z copying src/embed_optim/scope.py -> embedding_optimizer_study-0.1.0/src/embed_optim
2026-09-13T16:15:01.6471502Z copying src/embed_optim/sealed_checkpoint_supervisor.py -> embedding_optimizer_study-0.1.0/src/embed_optim
2026-09-13T16:15:01.6474700Z copying src/embed_optim/short_branch.py -> embedding_optimizer_study-0.1.0/src/embed_optim
2026-09-13T16:15:01.6476602Z copying src/embed_optim/short_branch_evaluation.py -> embedding_optimizer_study-0.1.0/src/embed_optim
2026-09-13T16:15:01.6479892Z copying src/embed_optim/short_branch_summary.py -> embedding_optimizer_study-0.1.0/src/embed_optim
2026-09-13T16:15:01.6483205Z copying src/embed_optim/spectral_transplant.py -> embedding_optimizer_study-0.1.0/src/embed_optim
2026-09-13T16:15:01.6488433Z copying src/embed_optim/spectral_transplant_matrix.py -> embedding_optimizer_study-0.1.0/src/embed_optim
2026-09-13T16:15:01.6491953Z copying src/embed_optim/spectral_transplant_summary.py -> embedding_optimizer_study-0.1.0/src/embed_optim
2026-09-13T16:15:01.6495641Z copying src/embed_optim/state_operator_factorial.py -> embedding_optimizer_study-0.1.0/src/embed_optim
2026-09-13T16:15:01.6501065Z copying src/embed_optim/state_operator_factorial_backup.py -> embedding_optimizer_study-0.1.0/src/embed_optim
2026-09-13T16:15:01.6504782Z copying src/embed_optim/state_operator_factorial_completion.py -> embedding_optimizer_study-0.1.0/src/embed_optim
2026-09-13T16:15:01.6509239Z copying src/embed_optim/state_operator_factorial_contract.py -> embedding_optimizer_study-0.1.0/src/embed_optim
2026-09-13T16:15:01.6512063Z copying src/embed_optim/state_operator_factorial_evaluation.py -> embedding_optimizer_study-0.1.0/src/embed_optim
2026-09-13T16:15:01.6516343Z copying src/embed_optim/state_operator_factorial_probe.py -> embedding_optimizer_study-0.1.0/src/embed_optim
2026-09-13T16:15:01.6520775Z copying src/embed_optim/state_operator_factorial_publication.py -> embedding_optimizer_study-0.1.0/src/embed_optim
2026-09-13T16:15:01.6525026Z copying src/embed_optim/state_operator_factorial_summary.py -> embedding_optimizer_study-0.1.0/src/embed_optim
2026-09-13T16:15:01.6529267Z copying src/embed_optim/state_operator_factorial_training.py -> embedding_optimizer_study-0.1.0/src/embed_optim
2026-09-13T16:15:01.6532105Z copying src/embed_optim/supervisor.py -> embedding_optimizer_study-0.1.0/src/embed_optim
2026-09-13T16:15:01.6535345Z copying src/embed_optim/supplemental_training_audit.py -> embedding_optimizer_study-0.1.0/src/embed_optim
2026-09-13T16:15:01.6538305Z copying src/embed_optim/tail_stability.py -> embedding_optimizer_study-0.1.0/src/embed_optim
2026-09-13T16:15:01.6542779Z copying src/embed_optim/temporal_short_branch.py -> embedding_optimizer_study-0.1.0/src/embed_optim
2026-09-13T16:15:01.6546318Z copying src/embed_optim/temporal_short_branch_predictors.py -> embedding_optimizer_study-0.1.0/src/embed_optim
2026-09-13T16:15:01.6549632Z copying src/embed_optim/three_regime_diagnostic.py -> embedding_optimizer_study-0.1.0/src/embed_optim
2026-09-13T16:15:01.6552956Z copying src/embed_optim/train.py -> embedding_optimizer_study-0.1.0/src/embed_optim
2026-09-13T16:15:01.6554933Z copying src/embed_optim/training_dynamics.py -> embedding_optimizer_study-0.1.0/src/embed_optim
2026-09-13T16:15:01.6557610Z copying src/embed_optim/training_dynamics_plot.py -> embedding_optimizer_study-0.1.0/src/embed_optim
2026-09-13T16:15:01.6560236Z copying src/embed_optim/update_geometry.py -> embedding_optimizer_study-0.1.0/src/embed_optim
2026-09-13T16:15:01.6563701Z copying src/embed_optim/validation_data.py -> embedding_optimizer_study-0.1.0/src/embed_optim
2026-09-13T16:15:01.6567099Z copying src/embed_optim/validation_evaluation.py -> embedding_optimizer_study-0.1.0/src/embed_optim
2026-09-13T16:15:01.6571130Z copying src/embed_optim/validation_matrix.py -> embedding_optimizer_study-0.1.0/src/embed_optim
2026-09-13T16:15:01.6574367Z copying src/embed_optim/validation_summary.py -> embedding_optimizer_study-0.1.0/src/embed_optim
2026-09-13T16:15:01.6576837Z copying src/embed_optim/wandb_dense_provenance_audit.py -> embedding_optimizer_study-0.1.0/src/embed_optim
2026-09-13T16:15:01.6580149Z copying src/embed_optim/wandb_sync.py -> embedding_optimizer_study-0.1.0/src/embed_optim
2026-09-13T16:15:01.6583693Z copying src/embed_optim_restore/__init__.py -> embedding_optimizer_study-0.1.0/src/embed_optim_restore
2026-09-13T16:15:01.6586491Z copying src/embed_optim_restore/__main__.py -> embedding_optimizer_study-0.1.0/src/embed_optim_restore
2026-09-13T16:15:01.6589421Z copying src/embed_optim_restore/entry.py -> embedding_optimizer_study-0.1.0/src/embed_optim_restore
2026-09-13T16:15:01.6592278Z copying src/embed_optim_restore/equality.py -> embedding_optimizer_study-0.1.0/src/embed_optim_restore
2026-09-13T16:15:01.6595203Z copying src/embed_optim_restore/gate.py -> embedding_optimizer_study-0.1.0/src/embed_optim_restore
2026-09-13T16:15:01.6598100Z copying src/embed_optim_restore/paired.py -> embedding_optimizer_study-0.1.0/src/embed_optim_restore
2026-09-13T16:15:01.6600771Z copying src/embed_optim_restore/reference.py -> embedding_optimizer_study-0.1.0/src/embed_optim_restore
2026-09-13T16:15:01.6603441Z copying src/embed_optim_restore/step_devices.py -> embedding_optimizer_study-0.1.0/src/embed_optim_restore
2026-09-13T16:15:01.6606315Z copying src/embed_optim_restore/trace.py -> embedding_optimizer_study-0.1.0/src/embed_optim_restore
2026-09-13T16:15:01.6609118Z copying src/embed_optim_restore/references/a-0-cold.json -> embedding_optimizer_study-0.1.0/src/embed_optim_restore/references
2026-09-13T16:15:01.6615833Z copying src/embed_optim_restore/references/a-0-warm.json -> embedding_optimizer_study-0.1.0/src/embed_optim_restore/references
2026-09-13T16:15:01.6621045Z copying src/embed_optim_restore/references/a-1-cold.json -> embedding_optimizer_study-0.1.0/src/embed_optim_restore/references
2026-09-13T16:15:01.6626638Z copying src/embed_optim_restore/references/a-1-warm.json -> embedding_optimizer_study-0.1.0/src/embed_optim_restore/references
2026-09-13T16:15:01.6632498Z copying src/embed_optim_restore/references/a-2-cold.json -> embedding_optimizer_study-0.1.0/src/embed_optim_restore/references
2026-09-13T16:15:01.6638929Z copying src/embed_optim_restore/references/a-2-warm.json -> embedding_optimizer_study-0.1.0/src/embed_optim_restore/references
2026-09-13T16:15:01.6649585Z copying src/embed_optim_restore/references/a-3-cold.json -> embedding_optimizer_study-0.1.0/src/embed_optim_restore/references
2026-09-13T16:15:01.6657485Z copying src/embed_optim_restore/references/a-3-warm.json -> embedding_optimizer_study-0.1.0/src/embed_optim_restore/references
2026-09-13T16:15:01.6664040Z copying src/embed_optim_restore/references/b-0-cold.json -> embedding_optimizer_study-0.1.0/src/embed_optim_restore/references
2026-09-13T16:15:01.6669895Z copying src/embed_optim_restore/references/b-0-warm.json -> embedding_optimizer_study-0.1.0/src/embed_optim_restore/references
2026-09-13T16:15:01.6675804Z copying src/embed_optim_restore/references/b-1-cold.json -> embedding_optimizer_study-0.1.0/src/embed_optim_restore/references
2026-09-13T16:15:01.6682461Z copying src/embed_optim_restore/references/b-1-warm.json -> embedding_optimizer_study-0.1.0/src/embed_optim_restore/references
2026-09-13T16:15:01.6689715Z copying src/embed_optim_restore/references/b-2-cold.json -> embedding_optimizer_study-0.1.0/src/embed_optim_restore/references
2026-09-13T16:15:01.6696532Z copying src/embed_optim_restore/references/b-2-warm.json -> embedding_optimizer_study-0.1.0/src/embed_optim_restore/references
2026-09-13T16:15:01.6702569Z copying src/embed_optim_restore/references/b-3-cold.json -> embedding_optimizer_study-0.1.0/src/embed_optim_restore/references
2026-09-13T16:15:01.6709593Z copying src/embed_optim_restore/references/b-3-warm.json -> embedding_optimizer_study-0.1.0/src/embed_optim_restore/references
2026-09-13T16:15:01.6716038Z copying src/embedding_optimizer_study.egg-info/PKG-INFO -> embedding_optimizer_study-0.1.0/src/embedding_optimizer_study.egg-info
2026-09-13T16:15:01.6717451Z copying src/embedding_optimizer_study.egg-info/SOURCES.txt -> embedding_optimizer_study-0.1.0/src/embedding_optimizer_study.egg-info
2026-09-13T16:15:01.6719513Z copying src/embedding_optimizer_study.egg-info/dependency_links.txt -> embedding_optimizer_study-0.1.0/src/embedding_optimizer_study.egg-info
2026-09-13T16:15:01.6721329Z copying src/embedding_optimizer_study.egg-info/entry_points.txt -> embedding_optimizer_study-0.1.0/src/embedding_optimizer_study.egg-info
2026-09-13T16:15:01.6723023Z copying src/embedding_optimizer_study.egg-info/requires.txt -> embedding_optimizer_study-0.1.0/src/embedding_optimizer_study.egg-info
2026-09-13T16:15:01.6724193Z copying src/embedding_optimizer_study.egg-info/top_level.txt -> embedding_optimizer_study-0.1.0/src/embedding_optimizer_study.egg-info
2026-09-13T16:15:01.6725413Z copying tests/test_aggregate.py -> embedding_optimizer_study-0.1.0/tests
2026-09-13T16:15:01.6730808Z copying tests/test_basis_sensitivity.py -> embedding_optimizer_study-0.1.0/tests
2026-09-13T16:15:01.6733822Z copying tests/test_beir_probe.py -> embedding_optimizer_study-0.1.0/tests
2026-09-13T16:15:01.6736646Z copying tests/test_bridge_numerics.py -> embedding_optimizer_study-0.1.0/tests
2026-09-13T16:15:01.6739038Z copying tests/test_candidate_breadth_data.py -> embedding_optimizer_study-0.1.0/tests
2026-09-13T16:15:01.6741483Z copying tests/test_candidate_breadth_evaluation.py -> embedding_optimizer_study-0.1.0/tests
2026-09-13T16:15:01.6743936Z copying tests/test_candidate_breadth_matrix.py -> embedding_optimizer_study-0.1.0/tests
2026-09-13T16:15:01.6746811Z copying tests/test_candidate_breadth_publication.py -> embedding_optimizer_study-0.1.0/tests
2026-09-13T16:15:01.6749865Z copying tests/test_candidate_breadth_release.py -> embedding_optimizer_study-0.1.0/tests
2026-09-13T16:15:01.6753253Z copying tests/test_candidate_breadth_summary.py -> embedding_optimizer_study-0.1.0/tests
2026-09-13T16:15:01.6756443Z copying tests/test_causal_chain_reporting.py -> embedding_optimizer_study-0.1.0/tests
2026-09-13T16:15:01.6760900Z copying tests/test_checkpoint_download.py -> embedding_optimizer_study-0.1.0/tests
2026-09-13T16:15:01.6764094Z copying tests/test_checkpoint_optimizer_resume.py -> embedding_optimizer_study-0.1.0/tests
2026-09-13T16:15:01.6766618Z copying tests/test_checkpoint_watch.py -> embedding_optimizer_study-0.1.0/tests
2026-09-13T16:15:01.6769230Z copying tests/test_collators.py -> embedding_optimizer_study-0.1.0/tests
2026-09-13T16:15:01.6772050Z copying tests/test_common_state_matrix.py -> embedding_optimizer_study-0.1.0/tests
2026-09-13T16:15:01.6774229Z copying tests/test_common_state_spectra.py -> embedding_optimizer_study-0.1.0/tests
2026-09-13T16:15:01.6777435Z copying tests/test_common_state_spectrum_plot.py -> embedding_optimizer_study-0.1.0/tests
2026-09-13T16:15:01.6780215Z copying tests/test_common_state_summary.py -> embedding_optimizer_study-0.1.0/tests
2026-09-13T16:15:01.6783674Z copying tests/test_completion_backup_contract_migration.py -> embedding_optimizer_study-0.1.0/tests
2026-09-13T16:15:01.6785754Z copying tests/test_completion_contract_migration.py -> embedding_optimizer_study-0.1.0/tests
2026-09-13T16:15:01.6788895Z copying tests/test_config.py -> embedding_optimizer_study-0.1.0/tests
2026-09-13T16:15:01.6792125Z copying tests/test_confirmatory_data.py -> embedding_optimizer_study-0.1.0/tests
2026-09-13T16:15:01.6795398Z copying tests/test_confirmatory_evaluation.py -> embedding_optimizer_study-0.1.0/tests
2026-09-13T16:15:01.6798735Z copying tests/test_confirmatory_matrix.py -> embedding_optimizer_study-0.1.0/tests
2026-09-13T16:15:01.6801823Z copying tests/test_corpus_size_diagnostic.py -> embedding_optimizer_study-0.1.0/tests
2026-09-13T16:15:01.6805056Z copying tests/test_corrected_checkpoint_backup.py -> embedding_optimizer_study-0.1.0/tests
2026-09-13T16:15:01.6808257Z copying tests/test_corrected_completion_pipeline.py -> embedding_optimizer_study-0.1.0/tests
2026-09-13T16:15:01.6811258Z copying tests/test_corrected_execution_sensitivity.py -> embedding_optimizer_study-0.1.0/tests
2026-09-13T16:15:01.6814244Z copying tests/test_corrected_geometry.py -> embedding_optimizer_study-0.1.0/tests
2026-09-13T16:15:01.6817418Z copying tests/test_corrected_input_execution.py -> embedding_optimizer_study-0.1.0/tests
2026-09-13T16:15:01.6820141Z copying tests/test_corrected_outcome_summary.py -> embedding_optimizer_study-0.1.0/tests
2026-09-13T16:15:01.6823388Z copying tests/test_corrected_progress.py -> embedding_optimizer_study-0.1.0/tests
2026-09-13T16:15:01.6825852Z copying tests/test_corrected_publication.py -> embedding_optimizer_study-0.1.0/tests
2026-09-13T16:15:01.6829090Z copying tests/test_corrected_retrieval_bridge.py -> embedding_optimizer_study-0.1.0/tests
2026-09-13T16:15:01.6832482Z copying tests/test_corrected_wandb_audit.py -> embedding_optimizer_study-0.1.0/tests
2026-09-13T16:15:01.6835807Z copying tests/test_current_distribution_surface.py -> embedding_optimizer_study-0.1.0/tests
2026-09-13T16:15:01.6837795Z copying tests/test_current_paper.py -> embedding_optimizer_study-0.1.0/tests
2026-09-13T16:15:01.6840746Z copying tests/test_current_primary_source.py -> embedding_optimizer_study-0.1.0/tests
2026-09-13T16:15:01.6841939Z copying tests/test_data.py -> embedding_optimizer_study-0.1.0/tests
2026-09-13T16:15:01.6844744Z copying tests/test_decontamination.py -> embedding_optimizer_study-0.1.0/tests
2026-09-13T16:15:01.6847265Z copying tests/test_dense_canonical_reduction_control.py -> embedding_optimizer_study-0.1.0/tests
2026-09-13T16:15:01.6849901Z copying tests/test_dense_canonical_replay_fingerprint.py -> embedding_optimizer_study-0.1.0/tests
2026-09-13T16:15:01.6852260Z copying tests/test_dense_completion_pipeline.py -> embedding_optimizer_study-0.1.0/tests
2026-09-13T16:15:01.6855912Z copying tests/test_dense_correction_candidate.py -> embedding_optimizer_study-0.1.0/tests
2026-09-13T16:15:01.6858610Z copying tests/test_dense_data_protection.py -> embedding_optimizer_study-0.1.0/tests
2026-09-13T16:15:01.6861550Z copying tests/test_dense_ddp_accumulation_audit.py -> embedding_optimizer_study-0.1.0/tests
2026-09-13T16:15:01.6864565Z copying tests/test_dense_eval_handoff.py -> embedding_optimizer_study-0.1.0/tests
2026-09-13T16:15:01.6867195Z copying tests/test_dense_evaluation_pause.py -> embedding_optimizer_study-0.1.0/tests
2026-09-13T16:15:01.6869974Z copying tests/test_dense_finalization_pipeline.py -> embedding_optimizer_study-0.1.0/tests
2026-09-13T16:15:01.6873639Z copying tests/test_dense_full_identity_validation.py -> embedding_optimizer_study-0.1.0/tests
2026-09-13T16:15:01.6876525Z copying tests/test_dense_full_model_normalization.py -> embedding_optimizer_study-0.1.0/tests
2026-09-13T16:15:01.6878552Z copying tests/test_dense_gpu_deterministic_control.py -> embedding_optimizer_study-0.1.0/tests
2026-09-13T16:15:01.6881176Z copying tests/test_dense_gpu_fresh_replay.py -> embedding_optimizer_study-0.1.0/tests
2026-09-13T16:15:01.6884186Z copying tests/test_dense_gpu_gradient_origin.py -> embedding_optimizer_study-0.1.0/tests
2026-09-13T16:15:01.6887128Z copying tests/test_dense_gpu_max_context_audit.py -> embedding_optimizer_study-0.1.0/tests
2026-09-13T16:15:01.6889422Z copying tests/test_dense_gpu_normalization_audit.py -> embedding_optimizer_study-0.1.0/tests
2026-09-13T16:15:01.6891910Z copying tests/test_dense_gpu_replay_update.py -> embedding_optimizer_study-0.1.0/tests
2026-09-13T16:15:01.6895019Z copying tests/test_dense_loss_contract_audit.py -> embedding_optimizer_study-0.1.0/tests
2026-09-13T16:15:01.6897897Z copying tests/test_dense_natural_data_audit.py -> embedding_optimizer_study-0.1.0/tests
2026-09-13T16:15:01.6900758Z copying tests/test_dense_no_packing_preflight.py -> embedding_optimizer_study-0.1.0/tests
2026-09-13T16:15:01.6903893Z copying tests/test_dense_numerical_contract.py -> embedding_optimizer_study-0.1.0/tests
2026-09-13T16:15:01.6905333Z copying tests/test_dense_partition_cache.py -> embedding_optimizer_study-0.1.0/tests
2026-09-13T16:15:01.6907930Z copying tests/test_dense_partition_reconstruction.py -> embedding_optimizer_study-0.1.0/tests
2026-09-13T16:15:01.6910485Z copying tests/test_dense_partition_revision.py -> embedding_optimizer_study-0.1.0/tests
2026-09-13T16:15:01.6913444Z copying tests/test_dense_predeployment_checks.py -> embedding_optimizer_study-0.1.0/tests
2026-09-13T16:15:01.6916323Z copying tests/test_dense_probe_coupling.py -> embedding_optimizer_study-0.1.0/tests
2026-09-13T16:15:01.6918884Z copying tests/test_dense_retrieval_dynamics_evaluation.py -> embedding_optimizer_study-0.1.0/tests
2026-09-13T16:15:01.6922084Z copying tests/test_dense_retrieval_dynamics_publication.py -> embedding_optimizer_study-0.1.0/tests
2026-09-13T16:15:01.6925220Z copying tests/test_dense_retrieval_dynamics_summary.py -> embedding_optimizer_study-0.1.0/tests
2026-09-13T16:15:01.6928365Z copying tests/test_dense_run_contract.py -> embedding_optimizer_study-0.1.0/tests
2026-09-13T16:15:01.6929727Z copying tests/test_dense_run_identity_proposal.py -> embedding_optimizer_study-0.1.0/tests
2026-09-13T16:15:01.6933077Z copying tests/test_dense_text_integrity.py -> embedding_optimizer_study-0.1.0/tests
2026-09-13T16:15:01.6935657Z copying tests/test_dense_trainer_normalization_candidate.py -> embedding_optimizer_study-0.1.0/tests
2026-09-13T16:15:01.6938311Z copying tests/test_dense_trainer_resume_audit.py -> embedding_optimizer_study-0.1.0/tests
2026-09-13T16:15:01.6940959Z copying tests/test_dimension_archive.py -> embedding_optimizer_study-0.1.0/tests
2026-09-13T16:15:01.6944094Z copying tests/test_dimension_inference.py -> embedding_optimizer_study-0.1.0/tests
2026-09-13T16:15:01.6946981Z copying tests/test_dimension_inference_reference.py -> embedding_optimizer_study-0.1.0/tests
2026-09-13T16:15:01.6949817Z copying tests/test_dimension_intervention_io.py -> embedding_optimizer_study-0.1.0/tests
2026-09-13T16:15:01.6952906Z copying tests/test_dimension_interventions.py -> embedding_optimizer_study-0.1.0/tests
2026-09-13T16:15:01.6955573Z copying tests/test_dimension_probe_inputs.py -> embedding_optimizer_study-0.1.0/tests
2026-09-13T16:15:01.6958400Z copying tests/test_dimension_publication.py -> embedding_optimizer_study-0.1.0/tests
2026-09-13T16:15:01.6961588Z copying tests/test_dimension_release.py -> embedding_optimizer_study-0.1.0/tests
2026-09-13T16:15:01.6964845Z copying tests/test_dimension_replay.py -> embedding_optimizer_study-0.1.0/tests
2026-09-13T16:15:01.6968014Z copying tests/test_dimension_utilization.py -> embedding_optimizer_study-0.1.0/tests
2026-09-13T16:15:01.6971316Z copying tests/test_distribution.py -> embedding_optimizer_study-0.1.0/tests
2026-09-13T16:15:01.6974213Z copying tests/test_distribution_audit.py -> embedding_optimizer_study-0.1.0/tests
2026-09-13T16:15:01.6977153Z copying tests/test_dose_band_analysis.py -> embedding_optimizer_study-0.1.0/tests
2026-09-13T16:15:01.6980290Z copying tests/test_evaluate_matrix.py -> embedding_optimizer_study-0.1.0/tests
2026-09-13T16:15:01.6983807Z copying tests/test_evaluation_progress.py -> embedding_optimizer_study-0.1.0/tests
2026-09-13T16:15:01.6986863Z copying tests/test_evaluation_source_provenance.py -> embedding_optimizer_study-0.1.0/tests
2026-09-13T16:15:01.6989728Z copying tests/test_evaluation_supervisor.py -> embedding_optimizer_study-0.1.0/tests
2026-09-13T16:15:01.6993191Z copying tests/test_exact_bridge_measurements.py -> embedding_optimizer_study-0.1.0/tests
2026-09-13T16:15:01.6996271Z copying tests/test_factorial_resume_order.py -> embedding_optimizer_study-0.1.0/tests
2026-09-13T16:15:01.6998680Z copying tests/test_factorial_v3_batches.py -> embedding_optimizer_study-0.1.0/tests
2026-09-13T16:15:01.7001417Z copying tests/test_factorial_v3_calibration.py -> embedding_optimizer_study-0.1.0/tests
2026-09-13T16:15:01.7004368Z copying tests/test_factorial_v3_factory.py -> embedding_optimizer_study-0.1.0/tests
2026-09-13T16:15:01.7007712Z copying tests/test_factorial_v3_input_roles.py -> embedding_optimizer_study-0.1.0/tests
2026-09-13T16:15:01.7010691Z copying tests/test_factorial_v3_optimizer.py -> embedding_optimizer_study-0.1.0/tests
2026-09-13T16:15:01.7013997Z copying tests/test_factorial_v3_run_contract.py -> embedding_optimizer_study-0.1.0/tests
2026-09-13T16:15:01.7016961Z copying tests/test_factorial_v3_trainer.py -> embedding_optimizer_study-0.1.0/tests
2026-09-13T16:15:01.7020388Z copying tests/test_factorial_v3_worker.py -> embedding_optimizer_study-0.1.0/tests
2026-09-13T16:15:01.7023807Z copying tests/test_family_training_queue.py -> embedding_optimizer_study-0.1.0/tests
2026-09-13T16:15:01.7026842Z copying tests/test_functional_intervention.py -> embedding_optimizer_study-0.1.0/tests
2026-09-13T16:15:01.7029388Z copying tests/test_geometry.py -> embedding_optimizer_study-0.1.0/tests
2026-09-13T16:15:01.7032589Z copying tests/test_geometry_plot.py -> embedding_optimizer_study-0.1.0/tests
2026-09-13T16:15:01.7035724Z copying tests/test_geometry_robustness.py -> embedding_optimizer_study-0.1.0/tests
2026-09-13T16:15:01.7038749Z copying tests/test_geometry_summary.py -> embedding_optimizer_study-0.1.0/tests
2026-09-13T16:15:01.7041295Z copying tests/test_gpu_lease.py -> embedding_optimizer_study-0.1.0/tests
2026-09-13T16:15:01.7044112Z copying tests/test_gradient_probe.py -> embedding_optimizer_study-0.1.0/tests
2026-09-13T16:15:01.7046806Z copying tests/test_hf_obsolete_cleanup.py -> embedding_optimizer_study-0.1.0/tests
2026-09-13T16:15:01.7049316Z copying tests/test_hf_withdrawal_dependencies.py -> embedding_optimizer_study-0.1.0/tests
2026-09-13T16:15:01.7052297Z copying tests/test_hybrid_control.py -> embedding_optimizer_study-0.1.0/tests
2026-09-13T16:15:01.7055307Z copying tests/test_incremental_checkpoint_backup.py -> embedding_optimizer_study-0.1.0/tests
2026-09-13T16:15:01.7058235Z copying tests/test_live_publication_header_hotfix.py -> embedding_optimizer_study-0.1.0/tests
2026-09-13T16:15:01.7061159Z copying tests/test_local_global_reversal.py -> embedding_optimizer_study-0.1.0/tests
2026-09-13T16:15:01.7063859Z copying tests/test_losses.py -> embedding_optimizer_study-0.1.0/tests
2026-09-13T16:15:01.7066500Z copying tests/test_main_handoff_recovery_migration.py -> embedding_optimizer_study-0.1.0/tests
2026-09-13T16:15:01.7069131Z copying tests/test_main_handoff_repair.py -> embedding_optimizer_study-0.1.0/tests
2026-09-13T16:15:01.7072202Z copying tests/test_main_resume_repair.py -> embedding_optimizer_study-0.1.0/tests
2026-09-13T16:15:01.7075519Z copying tests/test_matrix.py -> embedding_optimizer_study-0.1.0/tests
2026-09-13T16:15:01.7078636Z copying tests/test_matrix_handoff_guard.py -> embedding_optimizer_study-0.1.0/tests
2026-09-13T16:15:01.7081165Z copying tests/test_mechanism_bridge.py -> embedding_optimizer_study-0.1.0/tests
2026-09-13T16:15:01.7083881Z copying tests/test_mechanism_report.py -> embedding_optimizer_study-0.1.0/tests
2026-09-13T16:15:01.7087451Z copying tests/test_normuon_full_model_reference_audit.py -> embedding_optimizer_study-0.1.0/tests
2026-09-13T16:15:01.7090249Z copying tests/test_normuon_reference_edge_audit.py -> embedding_optimizer_study-0.1.0/tests
2026-09-13T16:15:01.7093405Z copying tests/test_optimizer_state_devices.py -> embedding_optimizer_study-0.1.0/tests
2026-09-13T16:15:01.7096290Z copying tests/test_optimizers.py -> embedding_optimizer_study-0.1.0/tests
2026-09-13T16:15:01.7098938Z copying tests/test_outcome_report.py -> embedding_optimizer_study-0.1.0/tests
2026-09-13T16:15:01.7102117Z copying tests/test_packing_invariance.py -> embedding_optimizer_study-0.1.0/tests
2026-09-13T16:15:01.7105061Z copying tests/test_paper_audit.py -> embedding_optimizer_study-0.1.0/tests
2026-09-13T16:15:01.7110313Z copying tests/test_paper_layout.py -> embedding_optimizer_study-0.1.0/tests
2026-09-13T16:15:01.7113649Z copying tests/test_paper_only_surface.py -> embedding_optimizer_study-0.1.0/tests
2026-09-13T16:15:01.7116542Z copying tests/test_paper_reproduction.py -> embedding_optimizer_study-0.1.0/tests
2026-09-13T16:15:01.7119769Z copying tests/test_paper_results.py -> embedding_optimizer_study-0.1.0/tests
2026-09-13T16:15:01.7123633Z copying tests/test_post_eval_pipeline.py -> embedding_optimizer_study-0.1.0/tests
2026-09-13T16:15:01.7126991Z copying tests/test_primary_completion.py -> embedding_optimizer_study-0.1.0/tests
2026-09-13T16:15:01.7129938Z copying tests/test_primary_contract.py -> embedding_optimizer_study-0.1.0/tests
2026-09-13T16:15:01.7133588Z copying tests/test_primary_data_revision.py -> embedding_optimizer_study-0.1.0/tests
2026-09-13T16:15:01.7136726Z copying tests/test_primary_dimension_probe.py -> embedding_optimizer_study-0.1.0/tests
2026-09-13T16:15:01.7139914Z copying tests/test_primary_geometry_reductions.py -> embedding_optimizer_study-0.1.0/tests
2026-09-13T16:15:01.7143134Z copying tests/test_primary_v3_bridge.py -> embedding_optimizer_study-0.1.0/tests
2026-09-13T16:15:01.7146132Z copying tests/test_primary_v3_chain.py -> embedding_optimizer_study-0.1.0/tests
2026-09-13T16:15:01.7148791Z copying tests/test_primary_v3_dimension_inference.py -> embedding_optimizer_study-0.1.0/tests
2026-09-13T16:15:01.7151431Z copying tests/test_primary_v3_dimension_vectors.py -> embedding_optimizer_study-0.1.0/tests
2026-09-13T16:15:01.7154165Z copying tests/test_primary_v3_dimensions.py -> embedding_optimizer_study-0.1.0/tests
2026-09-13T16:15:01.7157555Z copying tests/test_primary_v3_exact_bridge.py -> embedding_optimizer_study-0.1.0/tests
2026-09-13T16:15:01.7160651Z copying tests/test_primary_v3_exact_geometry.py -> embedding_optimizer_study-0.1.0/tests
2026-09-13T16:15:01.7164029Z copying tests/test_primary_v3_exact_publication.py -> embedding_optimizer_study-0.1.0/tests
2026-09-13T16:15:01.7166794Z copying tests/test_primary_v3_exact_reconstruction.py -> embedding_optimizer_study-0.1.0/tests
2026-09-13T16:15:01.7169787Z copying tests/test_primary_v3_geometry.py -> embedding_optimizer_study-0.1.0/tests
2026-09-13T16:15:01.7173119Z copying tests/test_primary_v3_geometry_reconstruction.py -> embedding_optimizer_study-0.1.0/tests
2026-09-13T16:15:01.7176137Z copying tests/test_primary_v3_joint_reconstruction.py -> embedding_optimizer_study-0.1.0/tests
2026-09-13T16:15:01.7179111Z copying tests/test_primary_v3_manuscript.py -> embedding_optimizer_study-0.1.0/tests
2026-09-13T16:15:01.7181860Z copying tests/test_primary_v3_manuscript_build.py -> embedding_optimizer_study-0.1.0/tests
2026-09-13T16:15:01.7184833Z copying tests/test_primary_v3_outcome_reconstruction.py -> embedding_optimizer_study-0.1.0/tests
2026-09-13T16:15:01.7187813Z copying tests/test_primary_v3_outcomes.py -> embedding_optimizer_study-0.1.0/tests
2026-09-13T16:15:01.7190856Z copying tests/test_primary_v3_paper_layout.py -> embedding_optimizer_study-0.1.0/tests
2026-09-13T16:15:01.7193743Z copying tests/test_primary_v3_publication.py -> embedding_optimizer_study-0.1.0/tests
2026-09-13T16:15:01.7196648Z copying tests/test_primary_v3_publication_reconstruction.py -> embedding_optimizer_study-0.1.0/tests
2026-09-13T16:15:01.7199890Z copying tests/test_primary_v3_reconstruction_sources.py -> embedding_optimizer_study-0.1.0/tests
2026-09-13T16:15:01.7203579Z copying tests/test_primary_v3_training_observations.py -> embedding_optimizer_study-0.1.0/tests
2026-09-13T16:15:01.7206758Z copying tests/test_primary_v3_validation.py -> embedding_optimizer_study-0.1.0/tests
2026-09-13T16:15:01.7209679Z copying tests/test_primary_v3_vector_reconstruction.py -> embedding_optimizer_study-0.1.0/tests
2026-09-13T16:15:01.7212281Z copying tests/test_primary_weight_entries.py -> embedding_optimizer_study-0.1.0/tests
2026-09-13T16:15:01.7215155Z copying tests/test_probe_export.py -> embedding_optimizer_study-0.1.0/tests
2026-09-13T16:15:01.7218054Z copying tests/test_probe_matrix.py -> embedding_optimizer_study-0.1.0/tests
2026-09-13T16:15:01.7220872Z copying tests/test_probes.py -> embedding_optimizer_study-0.1.0/tests
2026-09-13T16:15:01.7223736Z copying tests/test_reconstruction_files.py -> embedding_optimizer_study-0.1.0/tests
2026-09-13T16:15:01.7226159Z copying tests/test_repository_hygiene.py -> embedding_optimizer_study-0.1.0/tests
2026-09-13T16:15:01.7228777Z copying tests/test_representation_geometry.py -> embedding_optimizer_study-0.1.0/tests
2026-09-13T16:15:01.7231543Z copying tests/test_representation_plot.py -> embedding_optimizer_study-0.1.0/tests
2026-09-13T16:15:01.7234458Z copying tests/test_representation_summary.py -> embedding_optimizer_study-0.1.0/tests
2026-09-13T16:15:01.7237204Z copying tests/test_restore_entry.py -> embedding_optimizer_study-0.1.0/tests
2026-09-13T16:15:01.7240226Z copying tests/test_restore_gate.py -> embedding_optimizer_study-0.1.0/tests
2026-09-13T16:15:01.7242509Z copying tests/test_restore_paired.py -> embedding_optimizer_study-0.1.0/tests
2026-09-13T16:15:01.7245484Z copying tests/test_restore_primary_v3.py -> embedding_optimizer_study-0.1.0/tests
2026-09-13T16:15:01.7247898Z copying tests/test_restore_step_devices.py -> embedding_optimizer_study-0.1.0/tests
2026-09-13T16:15:01.7250278Z copying tests/test_restore_trace.py -> embedding_optimizer_study-0.1.0/tests
2026-09-13T16:15:01.7252587Z copying tests/test_retrieval_dynamics.py -> embedding_optimizer_study-0.1.0/tests
2026-09-13T16:15:01.7255479Z copying tests/test_runtime.py -> embedding_optimizer_study-0.1.0/tests
2026-09-13T16:15:01.7258208Z copying tests/test_saved_factorial_checkpoint.py -> embedding_optimizer_study-0.1.0/tests
2026-09-13T16:15:01.7260966Z copying tests/test_scope.py -> embedding_optimizer_study-0.1.0/tests
2026-09-13T16:15:01.7263358Z copying tests/test_sealed_checkpoint_supervisor.py -> embedding_optimizer_study-0.1.0/tests
2026-09-13T16:15:01.7266005Z copying tests/test_short_branch.py -> embedding_optimizer_study-0.1.0/tests
2026-09-13T16:15:01.7268415Z copying tests/test_short_branch_evaluation.py -> embedding_optimizer_study-0.1.0/tests
2026-09-13T16:15:01.7270752Z copying tests/test_short_branch_summary.py -> embedding_optimizer_study-0.1.0/tests
2026-09-13T16:15:01.7273375Z copying tests/test_source_roles.py -> embedding_optimizer_study-0.1.0/tests
2026-09-13T16:15:01.7276365Z copying tests/test_specialized_evaluation_entrypoints.py -> embedding_optimizer_study-0.1.0/tests
2026-09-13T16:15:01.7279691Z copying tests/test_spectral_transplant.py -> embedding_optimizer_study-0.1.0/tests
2026-09-13T16:15:01.7283327Z copying tests/test_state_operator_claim_wording.py -> embedding_optimizer_study-0.1.0/tests
2026-09-13T16:15:01.7286103Z copying tests/test_state_operator_factorial.py -> embedding_optimizer_study-0.1.0/tests
2026-09-13T16:15:01.7289289Z copying tests/test_state_operator_factorial_completion.py -> embedding_optimizer_study-0.1.0/tests
2026-09-13T16:15:01.7292026Z copying tests/test_state_operator_factorial_protocol.py -> embedding_optimizer_study-0.1.0/tests
2026-09-13T16:15:01.7295048Z copying tests/test_successor_parent_publication.py -> embedding_optimizer_study-0.1.0/tests
2026-09-13T16:15:01.7298187Z copying tests/test_supervisor.py -> embedding_optimizer_study-0.1.0/tests
2026-09-13T16:15:01.7301169Z copying tests/test_supplemental_training_audit.py -> embedding_optimizer_study-0.1.0/tests
2026-09-13T16:15:01.7303775Z copying tests/test_tail_stability.py -> embedding_optimizer_study-0.1.0/tests
2026-09-13T16:15:01.7306997Z copying tests/test_temporal_short_branch.py -> embedding_optimizer_study-0.1.0/tests
2026-09-13T16:15:01.7310038Z copying tests/test_temporal_short_branch_predictors.py -> embedding_optimizer_study-0.1.0/tests
2026-09-13T16:15:01.7312549Z copying tests/test_three_regime_diagnostic.py -> embedding_optimizer_study-0.1.0/tests
2026-09-13T16:15:01.7315294Z copying tests/test_train.py -> embedding_optimizer_study-0.1.0/tests
2026-09-13T16:15:01.7318559Z copying tests/test_training_artifact_backup.py -> embedding_optimizer_study-0.1.0/tests
2026-09-13T16:15:01.7321562Z copying tests/test_training_dynamics.py -> embedding_optimizer_study-0.1.0/tests
2026-09-13T16:15:01.7324177Z copying tests/test_training_dynamics_plot.py -> embedding_optimizer_study-0.1.0/tests
2026-09-13T16:15:01.7326872Z copying tests/test_update_geometry.py -> embedding_optimizer_study-0.1.0/tests
2026-09-13T16:15:01.7330067Z copying tests/test_validation_data.py -> embedding_optimizer_study-0.1.0/tests
2026-09-13T16:15:01.7333192Z copying tests/test_validation_pipeline.py -> embedding_optimizer_study-0.1.0/tests
2026-09-13T16:15:01.7336150Z copying tests/test_wandb_dense_provenance_audit.py -> embedding_optimizer_study-0.1.0/tests
2026-09-13T16:15:01.7338748Z copying tests/test_wandb_sync.py -> embedding_optimizer_study-0.1.0/tests
2026-09-13T16:15:01.7341644Z copying tests/test_weight_artifact_backup.py -> embedding_optimizer_study-0.1.0/tests
2026-09-13T16:15:01.7358554Z Writing embedding_optimizer_study-0.1.0/setup.cfg
2026-09-13T16:15:01.7360333Z Creating tar archive
2026-09-13T16:15:02.6256058Z removing 'embedding_optimizer_study-0.1.0' (and everything under it)
2026-09-13T16:15:02.7736345Z Building wheel from source distribution...
2026-09-13T16:15:03.1422502Z running egg_info
2026-09-13T16:15:03.1435347Z writing src/embedding_optimizer_study.egg-info/PKG-INFO
2026-09-13T16:15:03.1448441Z writing dependency_links to src/embedding_optimizer_study.egg-info/dependency_links.txt
2026-09-13T16:15:03.1457805Z writing entry points to src/embedding_optimizer_study.egg-info/entry_points.txt
2026-09-13T16:15:03.1465891Z writing requirements to src/embedding_optimizer_study.egg-info/requires.txt
2026-09-13T16:15:03.1467177Z writing top-level names to src/embedding_optimizer_study.egg-info/top_level.txt
2026-09-13T16:15:03.1580198Z reading manifest file 'src/embedding_optimizer_study.egg-info/SOURCES.txt'
2026-09-13T16:15:03.1638027Z reading manifest template 'MANIFEST.in'
2026-09-13T16:15:03.1638606Z adding license file 'LICENSE'
2026-09-13T16:15:03.1697653Z writing manifest file 'src/embedding_optimizer_study.egg-info/SOURCES.txt'
2026-09-13T16:15:03.3240073Z running bdist_wheel
2026-09-13T16:15:03.3293496Z running build
2026-09-13T16:15:03.3293972Z running build_py
2026-09-13T16:15:03.3308390Z creating build/lib/embed_optim_restore
2026-09-13T16:15:03.3310838Z copying src/embed_optim_restore/reference.py -> build/lib/embed_optim_restore
2026-09-13T16:15:03.3313472Z copying src/embed_optim_restore/step_devices.py -> build/lib/embed_optim_restore
2026-09-13T16:15:03.3315127Z copying src/embed_optim_restore/__init__.py -> build/lib/embed_optim_restore
2026-09-13T16:15:03.3316874Z copying src/embed_optim_restore/entry.py -> build/lib/embed_optim_restore
2026-09-13T16:15:03.3318962Z copying src/embed_optim_restore/trace.py -> build/lib/embed_optim_restore
2026-09-13T16:15:03.3320589Z copying src/embed_optim_restore/paired.py -> build/lib/embed_optim_restore
2026-09-13T16:15:03.3322517Z copying src/embed_optim_restore/__main__.py -> build/lib/embed_optim_restore
2026-09-13T16:15:03.3324723Z copying src/embed_optim_restore/gate.py -> build/lib/embed_optim_restore
2026-09-13T16:15:03.3326417Z copying src/embed_optim_restore/equality.py -> build/lib/embed_optim_restore
2026-09-13T16:15:03.3340362Z creating build/lib/embed_optim
2026-09-13T16:15:03.3342003Z copying src/embed_optim/dense_retrieval_dynamics_publication.py -> build/lib/embed_optim
2026-09-13T16:15:03.3344668Z copying src/embed_optim/primary_v3_publication_bridge.py -> build/lib/embed_optim
2026-09-13T16:15:03.3346908Z copying src/embed_optim/primary_v3_exact_geometry_io.py -> build/lib/embed_optim
2026-09-13T16:15:03.3349257Z copying src/embed_optim/dense_eval_handoff.py -> build/lib/embed_optim
2026-09-13T16:15:03.3351937Z copying src/embed_optim/primary_v3_publication.py -> build/lib/embed_optim
2026-09-13T16:15:03.3354193Z copying src/embed_optim/dimension_inference.py -> build/lib/embed_optim
2026-09-13T16:15:03.3356420Z copying src/embed_optim/gradient_probe.py -> build/lib/embed_optim
2026-09-13T16:15:03.3358784Z copying src/embed_optim/pylate_compat.py -> build/lib/embed_optim
2026-09-13T16:15:03.3361027Z copying src/embed_optim/dimension_inference_render.py -> build/lib/embed_optim
2026-09-13T16:15:03.3363676Z copying src/embed_optim/corrected_outcome_summary.py -> build/lib/embed_optim
2026-09-13T16:15:03.3365718Z copying src/embed_optim/functional_intervention.py -> build/lib/embed_optim
2026-09-13T16:15:03.3367753Z copying src/embed_optim/dimension_archive.py -> build/lib/embed_optim
2026-09-13T16:15:03.3369450Z copying src/embed_optim/primary_v3_completion.py -> build/lib/embed_optim
2026-09-13T16:15:03.3371381Z copying src/embed_optim/dimension_replay.py -> build/lib/embed_optim
2026-09-13T16:15:03.3373796Z copying src/embed_optim/common_state_summary.py -> build/lib/embed_optim
2026-09-13T16:15:03.3375989Z copying src/embed_optim/functional_intervention_matrix.py -> build/lib/embed_optim
2026-09-13T16:15:03.3377708Z copying src/embed_optim/short_branch_summary.py -> build/lib/embed_optim
2026-09-13T16:15:03.3385823Z copying src/embed_optim/primary_v3_exact_geometry.py -> build/lib/embed_optim
2026-09-13T16:15:03.3386765Z copying src/embed_optim/temporal_short_branch.py -> build/lib/embed_optim
2026-09-13T16:15:03.3387705Z copying src/embed_optim/primary_v3_publication_tables.py -> build/lib/embed_optim
2026-09-13T16:15:03.3388621Z copying src/embed_optim/distribution_audit.py -> build/lib/embed_optim
2026-09-13T16:15:03.3389401Z copying src/embed_optim/train.py -> build/lib/embed_optim
2026-09-13T16:15:03.3390171Z copying src/embed_optim/validation_evaluation.py -> build/lib/embed_optim
2026-09-13T16:15:03.3391434Z copying src/embed_optim/evaluation_source_provenance.py -> build/lib/embed_optim
2026-09-13T16:15:03.3393820Z copying src/embed_optim/validation_summary.py -> build/lib/embed_optim
2026-09-13T16:15:03.3396028Z copying src/embed_optim/factorial_v3_worker.py -> build/lib/embed_optim
2026-09-13T16:15:03.3398367Z copying src/embed_optim/spectral_transplant_matrix.py -> build/lib/embed_optim
2026-09-13T16:15:03.3400661Z copying src/embed_optim/primary_v3_validation.py -> build/lib/embed_optim
2026-09-13T16:15:03.3403217Z copying src/embed_optim/primary_v3_geometry_reconstruction.py -> build/lib/embed_optim
2026-09-13T16:15:03.3405449Z copying src/embed_optim/wandb_dense_provenance_audit.py -> build/lib/embed_optim
2026-09-13T16:15:03.3407828Z copying src/embed_optim/dose_band_analysis.py -> build/lib/embed_optim
2026-09-13T16:15:03.3410281Z copying src/embed_optim/complete_paper_document.py -> build/lib/embed_optim
2026-09-13T16:15:03.3412769Z copying src/embed_optim/validation_data.py -> build/lib/embed_optim
2026-09-13T16:15:03.3415186Z copying src/embed_optim/primary_v3_exact_publication_render.py -> build/lib/embed_optim
2026-09-13T16:15:03.3417382Z copying src/embed_optim/primary_v3_exact_publication.py -> build/lib/embed_optim
2026-09-13T16:15:03.3419704Z copying src/embed_optim/state_operator_factorial_backup.py -> build/lib/embed_optim
2026-09-13T16:15:03.3421949Z copying src/embed_optim/primary_v3_exact_bridge.py -> build/lib/embed_optim
2026-09-13T16:15:03.3424337Z copying src/embed_optim/dense_run_contract.py -> build/lib/embed_optim
2026-09-13T16:15:03.3426610Z copying src/embed_optim/short_branch.py -> build/lib/embed_optim
2026-09-13T16:15:03.3429063Z copying src/embed_optim/short_branch_evaluation.py -> build/lib/embed_optim
2026-09-13T16:15:03.3431307Z copying src/embed_optim/__init__.py -> build/lib/embed_optim
2026-09-13T16:15:03.3433768Z copying src/embed_optim/local_global_reversal.py -> build/lib/embed_optim
2026-09-13T16:15:03.3436142Z copying src/embed_optim/optimizer_state_devices.py -> build/lib/embed_optim
2026-09-13T16:15:03.3438381Z copying src/embed_optim/evaluation_supervisor.py -> build/lib/embed_optim
2026-09-13T16:15:03.3440720Z copying src/embed_optim/primary_v3_reconstruction_authoring.py -> build/lib/embed_optim
2026-09-13T16:15:03.3443134Z copying src/embed_optim/common_state_spectra.py -> build/lib/embed_optim
2026-09-13T16:15:03.3445435Z copying src/embed_optim/paper_audit.py -> build/lib/embed_optim
2026-09-13T16:15:03.3448373Z copying src/embed_optim/primary_v3_publication_contract.py -> build/lib/embed_optim
2026-09-13T16:15:03.3450588Z copying src/embed_optim/data.py -> build/lib/embed_optim
2026-09-13T16:15:03.3453174Z copying src/embed_optim/training_dynamics_plot.py -> build/lib/embed_optim
2026-09-13T16:15:03.3455761Z copying src/embed_optim/primary_v3_outcome_reconstruction.py -> build/lib/embed_optim
2026-09-13T16:15:03.3457777Z copying src/embed_optim/config.py -> build/lib/embed_optim
2026-09-13T16:15:03.3460052Z copying src/embed_optim/dimension_publication.py -> build/lib/embed_optim
2026-09-13T16:15:03.3462646Z copying src/embed_optim/matrix.py -> build/lib/embed_optim
2026-09-13T16:15:03.3464954Z copying src/embed_optim/runtime.py -> build/lib/embed_optim
2026-09-13T16:15:03.3467220Z copying src/embed_optim/primary_v3_io.py -> build/lib/embed_optim
2026-09-13T16:15:03.3469474Z copying src/embed_optim/supervisor.py -> build/lib/embed_optim
2026-09-13T16:15:03.3471804Z copying src/embed_optim/hybrid_evaluation.py -> build/lib/embed_optim
2026-09-13T16:15:03.3474187Z copying src/embed_optim/primary_v3_manuscript.py -> build/lib/embed_optim
2026-09-13T16:15:03.3476559Z copying src/embed_optim/dense_no_packing_preflight.py -> build/lib/embed_optim
2026-09-13T16:15:03.3478837Z copying src/embed_optim/exact_bridge_measurements.py -> build/lib/embed_optim
2026-09-13T16:15:03.3481141Z copying src/embed_optim/validation_matrix.py -> build/lib/embed_optim
2026-09-13T16:15:03.3483743Z copying src/embed_optim/primary_v3_joint_reconstruction.py -> build/lib/embed_optim
2026-09-13T16:15:03.3485995Z copying src/embed_optim/matrix_handoff_guard.py -> build/lib/embed_optim
2026-09-13T16:15:03.3488233Z copying src/embed_optim/callbacks.py -> build/lib/embed_optim
2026-09-13T16:15:03.3490539Z copying src/embed_optim/factorial_v3_batches.py -> build/lib/embed_optim
2026-09-13T16:15:03.3492946Z copying src/embed_optim/training_dynamics.py -> build/lib/embed_optim
2026-09-13T16:15:03.3495331Z copying src/embed_optim/retrieval_dynamics.py -> build/lib/embed_optim
2026-09-13T16:15:03.3497830Z copying src/embed_optim/basis_sensitivity.py -> build/lib/embed_optim
2026-09-13T16:15:03.3500376Z copying src/embed_optim/checkpoint_watch.py -> build/lib/embed_optim
2026-09-13T16:15:03.3502941Z copying src/embed_optim/scope.py -> build/lib/embed_optim
2026-09-13T16:15:03.3505060Z copying src/embed_optim/primary_completion.py -> build/lib/embed_optim
2026-09-13T16:15:03.3507282Z copying src/embed_optim/primary_v3_paper_layout.py -> build/lib/embed_optim
2026-09-13T16:15:03.3509325Z copying src/embed_optim/causal_chain_reporting.py -> build/lib/embed_optim
2026-09-13T16:15:03.3512043Z copying src/embed_optim/representation_plot.py -> build/lib/embed_optim
2026-09-13T16:15:03.3514134Z copying src/embed_optim/candidate_breadth_data.py -> build/lib/embed_optim
2026-09-13T16:15:03.3516385Z copying src/embed_optim/factorial_v3_calibration.py -> build/lib/embed_optim
2026-09-13T16:15:03.3518607Z copying src/embed_optim/factorial_v3_optimizer.py -> build/lib/embed_optim
2026-09-13T16:15:03.3520804Z copying src/embed_optim/state_operator_factorial_training.py -> build/lib/embed_optim
2026-09-13T16:15:03.3523155Z copying src/embed_optim/corrected_checkpoint_backup.py -> build/lib/embed_optim
2026-09-13T16:15:03.3525200Z copying src/embed_optim/update_geometry.py -> build/lib/embed_optim
2026-09-13T16:15:03.3527432Z copying src/embed_optim/primary_v3_dimension_vector_io.py -> build/lib/embed_optim
2026-09-13T16:15:03.3529487Z copying src/embed_optim/wandb_sync.py -> build/lib/embed_optim
2026-09-13T16:15:03.3531871Z copying src/embed_optim/supplemental_training_audit.py -> build/lib/embed_optim
2026-09-13T16:15:03.3534100Z copying src/embed_optim/state_operator_factorial_evaluation.py -> build/lib/embed_optim
2026-09-13T16:15:03.3536180Z copying src/embed_optim/factorial_v3_checkpoint.py -> build/lib/embed_optim
2026-09-13T16:15:03.3538310Z copying src/embed_optim/primary_v3_publication_reconstruction.py -> build/lib/embed_optim
2026-09-13T16:15:03.3540387Z copying src/embed_optim/primary_v3_dimension_exports.py -> build/lib/embed_optim
2026-09-13T16:15:03.3542716Z copying src/embed_optim/spectral_transplant_summary.py -> build/lib/embed_optim
2026-09-13T16:15:03.3544952Z copying src/embed_optim/dimension_interventions.py -> build/lib/embed_optim
2026-09-13T16:15:03.3547192Z copying src/embed_optim/paper_reproduction.py -> build/lib/embed_optim
2026-09-13T16:15:03.3549224Z copying src/embed_optim/primary_v3_geometry_io.py -> build/lib/embed_optim
2026-09-13T16:15:03.3551321Z copying src/embed_optim/primary_v3_validation_io.py -> build/lib/embed_optim
2026-09-13T16:15:03.3553626Z copying src/embed_optim/primary_v3_outcome_primitives.py -> build/lib/embed_optim
2026-09-13T16:15:03.3555749Z copying src/embed_optim/primary_v3_publication_archive.py -> build/lib/embed_optim
2026-09-13T16:15:03.3557899Z copying src/embed_optim/completion_backup_contract_migration.py -> build/lib/embed_optim
2026-09-13T16:15:03.3559924Z copying src/embed_optim/confirmatory_data.py -> build/lib/embed_optim
2026-09-13T16:15:03.3562320Z copying src/embed_optim/mechanism_bridge.py -> build/lib/embed_optim
2026-09-13T16:15:03.3564700Z copying src/embed_optim/candidate_breadth_matrix.py -> build/lib/embed_optim
2026-09-13T16:15:03.3566959Z copying src/embed_optim/dense_retrieval_dynamics_evaluation.py -> build/lib/embed_optim
2026-09-13T16:15:03.3569141Z copying src/embed_optim/primary_v3_contract.py -> build/lib/embed_optim
2026-09-13T16:15:03.3571277Z copying src/embed_optim/corrected_geometry_matrix.py -> build/lib/embed_optim
2026-09-13T16:15:03.3573536Z copying src/embed_optim/saved_factorial_checkpoint.py -> build/lib/embed_optim
2026-09-13T16:15:03.3575665Z copying src/embed_optim/primary_v3_reconstruction_inputs.py -> build/lib/embed_optim
2026-09-13T16:15:03.3577722Z copying src/embed_optim/primary_v3_training.py -> build/lib/embed_optim
2026-09-13T16:15:03.3579813Z copying src/embed_optim/mechanism_report.py -> build/lib/embed_optim
2026-09-13T16:15:03.3582301Z copying src/embed_optim/primary_geometry_reductions.py -> build/lib/embed_optim
2026-09-13T16:15:03.3584459Z copying src/embed_optim/primary_v3_outcomes.py -> build/lib/embed_optim
2026-09-13T16:15:03.3586595Z copying src/embed_optim/beir_probe.py -> build/lib/embed_optim
2026-09-13T16:15:03.3588843Z copying src/embed_optim/primary_v3_dimension_inference.py -> build/lib/embed_optim
2026-09-13T16:15:03.3590960Z copying src/embed_optim/state_operator_factorial_probe.py -> build/lib/embed_optim
2026-09-13T16:15:03.3593336Z copying src/embed_optim/outcome_report.py -> build/lib/embed_optim
2026-09-13T16:15:03.3595685Z copying src/embed_optim/gpu_lease.py -> build/lib/embed_optim
2026-09-13T16:15:03.3597808Z copying src/embed_optim/artifact_inventory.py -> build/lib/embed_optim
2026-09-13T16:15:03.3599846Z copying src/embed_optim/collators.py -> build/lib/embed_optim
2026-09-13T16:15:03.3602020Z copying src/embed_optim/primary_weight_entries.py -> build/lib/embed_optim
2026-09-13T16:15:03.3604286Z copying src/embed_optim/geometry_plot.py -> build/lib/embed_optim
2026-09-13T16:15:03.3606547Z copying src/embed_optim/primary_exact_geometry_kernels.py -> build/lib/embed_optim
2026-09-13T16:15:03.3608606Z copying src/embed_optim/paper_results.py -> build/lib/embed_optim
2026-09-13T16:15:03.3611272Z copying src/embed_optim/primary_v3_exact_geometry_primitives.py -> build/lib/embed_optim
2026-09-13T16:15:03.3614282Z copying src/embed_optim/dimension_intervention_io.py -> build/lib/embed_optim
2026-09-13T16:15:03.3616524Z copying src/embed_optim/primary_v3_dimension_contract.py -> build/lib/embed_optim
2026-09-13T16:15:03.3618801Z copying src/embed_optim/causal_chain_rendering.py -> build/lib/embed_optim
2026-09-13T16:15:03.3621263Z copying src/embed_optim/primary_dimension_probe.py -> build/lib/embed_optim
2026-09-13T16:15:03.3623860Z copying src/embed_optim/evaluate_matrix.py -> build/lib/embed_optim
2026-09-13T16:15:03.3626241Z copying src/embed_optim/factorial_v3_inputs.py -> build/lib/embed_optim
2026-09-13T16:15:03.3628549Z copying src/embed_optim/dimension_utilization.py -> build/lib/embed_optim
2026-09-13T16:15:03.3630951Z copying src/embed_optim/candidate_breadth_release.py -> build/lib/embed_optim
2026-09-13T16:15:03.3633573Z copying src/embed_optim/probe_matrix.py -> build/lib/embed_optim
2026-09-13T16:15:03.3635960Z copying src/embed_optim/state_operator_factorial_summary.py -> build/lib/embed_optim
2026-09-13T16:15:03.3638503Z copying src/embed_optim/family_training_queue.py -> build/lib/embed_optim
2026-09-13T16:15:03.3640835Z copying src/embed_optim/dense_numerical_contract.py -> build/lib/embed_optim
2026-09-13T16:15:03.3643281Z copying src/embed_optim/packing_invariance.py -> build/lib/embed_optim
2026-09-13T16:15:03.3645594Z copying src/embed_optim/primary_v3_geometry_primitives.py -> build/lib/embed_optim
2026-09-13T16:15:03.3647888Z copying src/embed_optim/evaluation_source_archive.py -> build/lib/embed_optim
2026-09-13T16:15:03.3650591Z copying src/embed_optim/completion_contract_migration.py -> build/lib/embed_optim
2026-09-13T16:15:03.3653208Z copying src/embed_optim/primary_v3_vector_reconstruction.py -> build/lib/embed_optim
2026-09-13T16:15:03.3655475Z copying src/embed_optim/common_state_spectrum_plot.py -> build/lib/embed_optim
2026-09-13T16:15:03.3657776Z copying src/embed_optim/geometry_robustness.py -> build/lib/embed_optim
2026-09-13T16:15:03.3660033Z copying src/embed_optim/geometry_summary.py -> build/lib/embed_optim
2026-09-13T16:15:03.3662401Z copying src/embed_optim/evaluation_progress.py -> build/lib/embed_optim
2026-09-13T16:15:03.3664903Z copying src/embed_optim/reconstruction_files.py -> build/lib/embed_optim
2026-09-13T16:15:03.3667214Z copying src/embed_optim/candidate_breadth_evaluation.py -> build/lib/embed_optim
2026-09-13T16:15:03.3669635Z copying src/embed_optim/primary_v3_exact_reconstruction_archive.py -> build/lib/embed_optim
2026-09-13T16:15:03.3671850Z copying src/embed_optim/primary_data_revision.py -> build/lib/embed_optim
2026-09-13T16:15:03.3674266Z copying src/embed_optim/corrected_geometry_summary.py -> build/lib/embed_optim
2026-09-13T16:15:03.3676383Z copying src/embed_optim/losses.py -> build/lib/embed_optim
2026-09-13T16:15:03.3678594Z copying src/embed_optim/state_operator_factorial_publication.py -> build/lib/embed_optim
2026-09-13T16:15:03.3680755Z copying src/embed_optim/factorial_v3_run_contract.py -> build/lib/embed_optim
2026-09-13T16:15:03.3683239Z copying src/embed_optim/primary_v3_exact_reconstruction.py -> build/lib/embed_optim
2026-09-13T16:15:03.3685300Z copying src/embed_optim/hybrid_control.py -> build/lib/embed_optim
2026-09-13T16:15:03.3687561Z copying src/embed_optim/state_operator_factorial_completion.py -> build/lib/embed_optim
2026-09-13T16:15:03.3689763Z copying src/embed_optim/post_eval_pipeline.py -> build/lib/embed_optim
2026-09-13T16:15:03.3692029Z copying src/embed_optim/spectral_transplant.py -> build/lib/embed_optim
2026-09-13T16:15:03.3694447Z copying src/embed_optim/corrected_completion_pipeline.py -> build/lib/embed_optim
2026-09-13T16:15:03.3696592Z copying src/embed_optim/corrected_wandb_audit.py -> build/lib/embed_optim
2026-09-13T16:15:03.3698710Z copying src/embed_optim/dense_completion_pipeline.py -> build/lib/embed_optim
2026-09-13T16:15:03.3700983Z copying src/embed_optim/primary_geometry_kernels.py -> build/lib/embed_optim
2026-09-13T16:15:03.3703277Z copying src/embed_optim/candidate_breadth_summary.py -> build/lib/embed_optim
2026-09-13T16:15:03.3705527Z copying src/embed_optim/primary_io.py -> build/lib/embed_optim
2026-09-13T16:15:03.3707703Z copying src/embed_optim/candidate_breadth_publication.py -> build/lib/embed_optim
2026-09-13T16:15:03.3709885Z copying src/embed_optim/decontamination.py -> build/lib/embed_optim
2026-09-13T16:15:03.3712049Z copying src/embed_optim/dense_finalization_pipeline.py -> build/lib/embed_optim
2026-09-13T16:15:03.3714577Z copying src/embed_optim/dimension_release.py -> build/lib/embed_optim
2026-09-13T16:15:03.3716933Z copying src/embed_optim/tail_stability.py -> build/lib/embed_optim
2026-09-13T16:15:03.3719564Z copying src/embed_optim/corrected_execution_sensitivity.py -> build/lib/embed_optim
2026-09-13T16:15:03.3721903Z copying src/embed_optim/primary_v3_geometry.py -> build/lib/embed_optim
2026-09-13T16:15:03.3724390Z copying src/embed_optim/corrected_progress.py -> build/lib/embed_optim
2026-09-13T16:15:03.3726627Z copying src/embed_optim/probes.py -> build/lib/embed_optim
2026-09-13T16:15:03.3729203Z copying src/embed_optim/sealed_checkpoint_supervisor.py -> build/lib/embed_optim
2026-09-13T16:15:03.3731443Z copying src/embed_optim/factorial_v3_bound_trainer.py -> build/lib/embed_optim
2026-09-13T16:15:03.3733950Z copying src/embed_optim/common_state_matrix.py -> build/lib/embed_optim
2026-09-13T16:15:03.3736162Z copying src/embed_optim/primary_v3_dimensions.py -> build/lib/embed_optim
2026-09-13T16:15:03.3738295Z copying src/embed_optim/representation_geometry.py -> build/lib/embed_optim
2026-09-13T16:15:03.3740600Z copying src/embed_optim/representation_summary.py -> build/lib/embed_optim
2026-09-13T16:15:03.3743126Z copying src/embed_optim/primary_v3_manuscript_build.py -> build/lib/embed_optim
2026-09-13T16:15:03.3745218Z copying src/embed_optim/bridge_named_features.py -> build/lib/embed_optim
2026-09-13T16:15:03.3747371Z copying src/embed_optim/corrected_beir_evaluation.py -> build/lib/embed_optim
2026-09-13T16:15:03.3749871Z copying src/embed_optim/corrected_validation_evaluation.py -> build/lib/embed_optim
2026-09-13T16:15:03.3751912Z copying src/embed_optim/factorial_v3_trainer.py -> build/lib/embed_optim
2026-09-13T16:15:03.3754218Z copying src/embed_optim/bridge_exact_arithmetic.py -> build/lib/embed_optim
2026-09-13T16:15:03.3756291Z copying src/embed_optim/corrected_input_execution.py -> build/lib/embed_optim
2026-09-13T16:15:03.3758337Z copying src/embed_optim/corrected_publication.py -> build/lib/embed_optim
2026-09-13T16:15:03.3760634Z copying src/embed_optim/confirmatory_matrix.py -> build/lib/embed_optim
2026-09-13T16:15:03.3762951Z copying src/embed_optim/geometry.py -> build/lib/embed_optim
2026-09-13T16:15:03.3765176Z copying src/embed_optim/bridge_numerics.py -> build/lib/embed_optim
2026-09-13T16:15:03.3767304Z copying src/embed_optim/corrected_retrieval_bridge.py -> build/lib/embed_optim
2026-09-13T16:15:03.3769473Z copying src/embed_optim/confirmatory_summary.py -> build/lib/embed_optim
2026-09-13T16:15:03.3771594Z copying src/embed_optim/factorial_v3_factory.py -> build/lib/embed_optim
2026-09-13T16:15:03.3774278Z copying src/embed_optim/primary_v3_publication_render.py -> build/lib/embed_optim
2026-09-13T16:15:03.3776493Z copying src/embed_optim/state_operator_factorial.py -> build/lib/embed_optim
2026-09-13T16:15:03.3779028Z copying src/embed_optim/three_regime_diagnostic.py -> build/lib/embed_optim
2026-09-13T16:15:03.3781317Z copying src/embed_optim/paper_layout.py -> build/lib/embed_optim
2026-09-13T16:15:03.3783961Z copying src/embed_optim/corpus_size_diagnostic.py -> build/lib/embed_optim
2026-09-13T16:15:03.3786361Z copying src/embed_optim/state_operator_factorial_contract.py -> build/lib/embed_optim
2026-09-13T16:15:03.3788597Z copying src/embed_optim/primary_contract.py -> build/lib/embed_optim
2026-09-13T16:15:03.3790967Z copying src/embed_optim/temporal_short_branch_predictors.py -> build/lib/embed_optim
2026-09-13T16:15:03.3793589Z copying src/embed_optim/primary_v3_bridge.py -> build/lib/embed_optim
2026-09-13T16:15:03.3795922Z copying src/embed_optim/primary_v3_reconstruction_sources.py -> build/lib/embed_optim
2026-09-13T16:15:03.3798102Z copying src/embed_optim/optimizers.py -> build/lib/embed_optim
2026-09-13T16:15:03.3800467Z copying src/embed_optim/incremental_checkpoint_backup.py -> build/lib/embed_optim
2026-09-13T16:15:03.3803037Z copying src/embed_optim/dense_retrieval_dynamics_summary.py -> build/lib/embed_optim
2026-09-13T16:15:03.3805407Z copying src/embed_optim/probe_export.py -> build/lib/embed_optim
2026-09-13T16:15:03.3807819Z copying src/embed_optim/confirmatory_evaluation.py -> build/lib/embed_optim
2026-09-13T16:15:03.3810092Z copying src/embed_optim/aggregate.py -> build/lib/embed_optim
2026-09-13T16:15:03.3813242Z copying src/embed_optim/functional_intervention_summary.py -> build/lib/embed_optim
2026-09-13T16:15:03.3815350Z copying src/embed_optim/evaluation_utils.py -> build/lib/embed_optim
2026-09-13T16:15:03.3817570Z copying src/embed_optim/primary_v3_exact_publication_contract.py -> build/lib/embed_optim
2026-09-13T16:15:03.3819740Z copying src/embed_optim/primary_training.py -> build/lib/embed_optim
2026-09-13T16:15:03.3821792Z copying src/embed_optim/corrected_validation_matrix.py -> build/lib/embed_optim
2026-09-13T16:15:03.3823848Z copying src/embed_optim/current_paper.py -> build/lib/embed_optim
2026-09-13T16:15:03.3826255Z running egg_info
2026-09-13T16:15:03.3838019Z writing src/embedding_optimizer_study.egg-info/PKG-INFO
2026-09-13T16:15:03.3851760Z writing dependency_links to src/embedding_optimizer_study.egg-info/dependency_links.txt
2026-09-13T16:15:03.3862272Z writing entry points to src/embedding_optimizer_study.egg-info/entry_points.txt
2026-09-13T16:15:03.3871001Z writing requirements to src/embedding_optimizer_study.egg-info/requires.txt
2026-09-13T16:15:03.3872255Z writing top-level names to src/embedding_optimizer_study.egg-info/top_level.txt
2026-09-13T16:15:03.3963931Z reading manifest file 'src/embedding_optimizer_study.egg-info/SOURCES.txt'
2026-09-13T16:15:03.4021013Z reading manifest template 'MANIFEST.in'
2026-09-13T16:15:03.4021753Z adding license file 'LICENSE'
2026-09-13T16:15:03.4081113Z writing manifest file 'src/embedding_optimizer_study.egg-info/SOURCES.txt'
2026-09-13T16:15:03.4108423Z creating build/lib/embed_optim_restore/references
2026-09-13T16:15:03.4109547Z copying src/embed_optim_restore/references/a-3-warm.json -> build/lib/embed_optim_restore/references
2026-09-13T16:15:03.4113265Z copying src/embed_optim_restore/references/b-2-warm.json -> build/lib/embed_optim_restore/references
2026-09-13T16:15:03.4115827Z copying src/embed_optim_restore/references/a-0-cold.json -> build/lib/embed_optim_restore/references
2026-09-13T16:15:03.4118583Z copying src/embed_optim_restore/references/b-3-warm.json -> build/lib/embed_optim_restore/references
2026-09-13T16:15:03.4121284Z copying src/embed_optim_restore/references/b-0-cold.json -> build/lib/embed_optim_restore/references
2026-09-13T16:15:03.4124349Z copying src/embed_optim_restore/references/a-1-cold.json -> build/lib/embed_optim_restore/references
2026-09-13T16:15:03.4127081Z copying src/embed_optim_restore/references/b-3-cold.json -> build/lib/embed_optim_restore/references
2026-09-13T16:15:03.4129811Z copying src/embed_optim_restore/references/a-2-cold.json -> build/lib/embed_optim_restore/references
2026-09-13T16:15:03.4132635Z copying src/embed_optim_restore/references/b-2-cold.json -> build/lib/embed_optim_restore/references
2026-09-13T16:15:03.4135435Z copying src/embed_optim_restore/references/b-0-warm.json -> build/lib/embed_optim_restore/references
2026-09-13T16:15:03.4138124Z copying src/embed_optim_restore/references/a-0-warm.json -> build/lib/embed_optim_restore/references
2026-09-13T16:15:03.4140807Z copying src/embed_optim_restore/references/a-2-warm.json -> build/lib/embed_optim_restore/references
2026-09-13T16:15:03.4143746Z copying src/embed_optim_restore/references/b-1-warm.json -> build/lib/embed_optim_restore/references
2026-09-13T16:15:03.4146447Z copying src/embed_optim_restore/references/a-3-cold.json -> build/lib/embed_optim_restore/references
2026-09-13T16:15:03.4149148Z copying src/embed_optim_restore/references/b-1-cold.json -> build/lib/embed_optim_restore/references
2026-09-13T16:15:03.4151881Z copying src/embed_optim_restore/references/a-1-warm.json -> build/lib/embed_optim_restore/references
2026-09-13T16:15:03.4196076Z installing to build/bdist.linux-x86_64/wheel
2026-09-13T16:15:03.4196657Z running install
2026-09-13T16:15:03.4248523Z running install_lib
2026-09-13T16:15:03.4260191Z creating build/bdist.linux-x86_64/wheel
2026-09-13T16:15:03.4263021Z creating build/bdist.linux-x86_64/wheel/embed_optim_restore
2026-09-13T16:15:03.4264627Z copying build/lib/embed_optim_restore/reference.py -> build/bdist.linux-x86_64/wheel/./embed_optim_restore
2026-09-13T16:15:03.4266651Z copying build/lib/embed_optim_restore/step_devices.py -> build/bdist.linux-x86_64/wheel/./embed_optim_restore
2026-09-13T16:15:03.4268600Z copying build/lib/embed_optim_restore/__init__.py -> build/bdist.linux-x86_64/wheel/./embed_optim_restore
2026-09-13T16:15:03.4270636Z copying build/lib/embed_optim_restore/entry.py -> build/bdist.linux-x86_64/wheel/./embed_optim_restore
2026-09-13T16:15:03.4272290Z copying build/lib/embed_optim_restore/trace.py -> build/bdist.linux-x86_64/wheel/./embed_optim_restore
2026-09-13T16:15:03.4274961Z creating build/bdist.linux-x86_64/wheel/embed_optim_restore/references
2026-09-13T16:15:03.4277211Z copying build/lib/embed_optim_restore/references/a-3-warm.json -> build/bdist.linux-x86_64/wheel/./embed_optim_restore/references
2026-09-13T16:15:03.4279815Z copying build/lib/embed_optim_restore/references/b-2-warm.json -> build/bdist.linux-x86_64/wheel/./embed_optim_restore/references
2026-09-13T16:15:03.4282354Z copying build/lib/embed_optim_restore/references/a-0-cold.json -> build/bdist.linux-x86_64/wheel/./embed_optim_restore/references
2026-09-13T16:15:03.4285088Z copying build/lib/embed_optim_restore/references/b-3-warm.json -> build/bdist.linux-x86_64/wheel/./embed_optim_restore/references
2026-09-13T16:15:03.4287279Z copying build/lib/embed_optim_restore/references/b-0-cold.json -> build/bdist.linux-x86_64/wheel/./embed_optim_restore/references
2026-09-13T16:15:03.4289842Z copying build/lib/embed_optim_restore/references/a-1-cold.json -> build/bdist.linux-x86_64/wheel/./embed_optim_restore/references
2026-09-13T16:15:03.4292388Z copying build/lib/embed_optim_restore/references/b-3-cold.json -> build/bdist.linux-x86_64/wheel/./embed_optim_restore/references
2026-09-13T16:15:03.4295123Z copying build/lib/embed_optim_restore/references/a-2-cold.json -> build/bdist.linux-x86_64/wheel/./embed_optim_restore/references
2026-09-13T16:15:03.4297635Z copying build/lib/embed_optim_restore/references/b-2-cold.json -> build/bdist.linux-x86_64/wheel/./embed_optim_restore/references
2026-09-13T16:15:03.4300171Z copying build/lib/embed_optim_restore/references/b-0-warm.json -> build/bdist.linux-x86_64/wheel/./embed_optim_restore/references
2026-09-13T16:15:03.4302545Z copying build/lib/embed_optim_restore/references/a-0-warm.json -> build/bdist.linux-x86_64/wheel/./embed_optim_restore/references
2026-09-13T16:15:03.4305455Z copying build/lib/embed_optim_restore/references/a-2-warm.json -> build/bdist.linux-x86_64/wheel/./embed_optim_restore/references
2026-09-13T16:15:03.4307555Z copying build/lib/embed_optim_restore/references/b-1-warm.json -> build/bdist.linux-x86_64/wheel/./embed_optim_restore/references
2026-09-13T16:15:03.4309724Z copying build/lib/embed_optim_restore/references/a-3-cold.json -> build/bdist.linux-x86_64/wheel/./embed_optim_restore/references
2026-09-13T16:15:03.4312139Z copying build/lib/embed_optim_restore/references/b-1-cold.json -> build/bdist.linux-x86_64/wheel/./embed_optim_restore/references
2026-09-13T16:15:03.4314606Z copying build/lib/embed_optim_restore/references/a-1-warm.json -> build/bdist.linux-x86_64/wheel/./embed_optim_restore/references
2026-09-13T16:15:03.4316772Z copying build/lib/embed_optim_restore/paired.py -> build/bdist.linux-x86_64/wheel/./embed_optim_restore
2026-09-13T16:15:03.4318135Z copying build/lib/embed_optim_restore/__main__.py -> build/bdist.linux-x86_64/wheel/./embed_optim_restore
2026-09-13T16:15:03.4319508Z copying build/lib/embed_optim_restore/gate.py -> build/bdist.linux-x86_64/wheel/./embed_optim_restore
2026-09-13T16:15:03.4320884Z copying build/lib/embed_optim_restore/equality.py -> build/bdist.linux-x86_64/wheel/./embed_optim_restore
2026-09-13T16:15:03.4324337Z creating build/bdist.linux-x86_64/wheel/embed_optim
2026-09-13T16:15:03.4326539Z copying build/lib/embed_optim/dense_retrieval_dynamics_publication.py -> build/bdist.linux-x86_64/wheel/./embed_optim
2026-09-13T16:15:03.4327873Z copying build/lib/embed_optim/primary_v3_publication_bridge.py -> build/bdist.linux-x86_64/wheel/./embed_optim
2026-09-13T16:15:03.4329419Z copying build/lib/embed_optim/primary_v3_exact_geometry_io.py -> build/bdist.linux-x86_64/wheel/./embed_optim
2026-09-13T16:15:03.4330764Z copying build/lib/embed_optim/dense_eval_handoff.py -> build/bdist.linux-x86_64/wheel/./embed_optim
2026-09-13T16:15:03.4332639Z copying build/lib/embed_optim/primary_v3_publication.py -> build/bdist.linux-x86_64/wheel/./embed_optim
2026-09-13T16:15:03.4334099Z copying build/lib/embed_optim/dimension_inference.py -> build/bdist.linux-x86_64/wheel/./embed_optim
2026-09-13T16:15:03.4335456Z copying build/lib/embed_optim/gradient_probe.py -> build/bdist.linux-x86_64/wheel/./embed_optim
2026-09-13T16:15:03.4336985Z copying build/lib/embed_optim/pylate_compat.py -> build/bdist.linux-x86_64/wheel/./embed_optim
2026-09-13T16:15:03.4338299Z copying build/lib/embed_optim/dimension_inference_render.py -> build/bdist.linux-x86_64/wheel/./embed_optim
2026-09-13T16:15:03.4340228Z copying build/lib/embed_optim/corrected_outcome_summary.py -> build/bdist.linux-x86_64/wheel/./embed_optim
2026-09-13T16:15:03.4342013Z copying build/lib/embed_optim/functional_intervention.py -> build/bdist.linux-x86_64/wheel/./embed_optim
2026-09-13T16:15:03.4344040Z copying build/lib/embed_optim/dimension_archive.py -> build/bdist.linux-x86_64/wheel/./embed_optim
2026-09-13T16:15:03.4345828Z copying build/lib/embed_optim/primary_v3_completion.py -> build/bdist.linux-x86_64/wheel/./embed_optim
2026-09-13T16:15:03.4347518Z copying build/lib/embed_optim/dimension_replay.py -> build/bdist.linux-x86_64/wheel/./embed_optim
2026-09-13T16:15:03.4349207Z copying build/lib/embed_optim/common_state_summary.py -> build/bdist.linux-x86_64/wheel/./embed_optim
2026-09-13T16:15:03.4351145Z copying build/lib/embed_optim/functional_intervention_matrix.py -> build/bdist.linux-x86_64/wheel/./embed_optim
2026-09-13T16:15:03.4353143Z copying build/lib/embed_optim/short_branch_summary.py -> build/bdist.linux-x86_64/wheel/./embed_optim
2026-09-13T16:15:03.4355224Z copying build/lib/embed_optim/primary_v3_exact_geometry.py -> build/bdist.linux-x86_64/wheel/./embed_optim
2026-09-13T16:15:03.4357182Z copying build/lib/embed_optim/temporal_short_branch.py -> build/bdist.linux-x86_64/wheel/./embed_optim
2026-09-13T16:15:03.4359288Z copying build/lib/embed_optim/primary_v3_publication_tables.py -> build/bdist.linux-x86_64/wheel/./embed_optim
2026-09-13T16:15:03.4361066Z copying build/lib/embed_optim/distribution_audit.py -> build/bdist.linux-x86_64/wheel/./embed_optim
2026-09-13T16:15:03.4363281Z copying build/lib/embed_optim/train.py -> build/bdist.linux-x86_64/wheel/./embed_optim
2026-09-13T16:15:03.4365383Z copying build/lib/embed_optim/validation_evaluation.py -> build/bdist.linux-x86_64/wheel/./embed_optim
2026-09-13T16:15:03.4367188Z copying build/lib/embed_optim/evaluation_source_provenance.py -> build/bdist.linux-x86_64/wheel/./embed_optim
2026-09-13T16:15:03.4368967Z copying build/lib/embed_optim/validation_summary.py -> build/bdist.linux-x86_64/wheel/./embed_optim
2026-09-13T16:15:03.4370714Z copying build/lib/embed_optim/factorial_v3_worker.py -> build/bdist.linux-x86_64/wheel/./embed_optim
2026-09-13T16:15:03.4372868Z copying build/lib/embed_optim/spectral_transplant_matrix.py -> build/bdist.linux-x86_64/wheel/./embed_optim
2026-09-13T16:15:03.4374706Z copying build/lib/embed_optim/primary_v3_validation.py -> build/bdist.linux-x86_64/wheel/./embed_optim
2026-09-13T16:15:03.4376574Z copying build/lib/embed_optim/primary_v3_geometry_reconstruction.py -> build/bdist.linux-x86_64/wheel/./embed_optim
2026-09-13T16:15:03.4378378Z copying build/lib/embed_optim/wandb_dense_provenance_audit.py -> build/bdist.linux-x86_64/wheel/./embed_optim
2026-09-13T16:15:03.4380255Z copying build/lib/embed_optim/dose_band_analysis.py -> build/bdist.linux-x86_64/wheel/./embed_optim
2026-09-13T16:15:03.4382335Z copying build/lib/embed_optim/complete_paper_document.py -> build/bdist.linux-x86_64/wheel/./embed_optim
2026-09-13T16:15:03.4384297Z copying build/lib/embed_optim/validation_data.py -> build/bdist.linux-x86_64/wheel/./embed_optim
2026-09-13T16:15:03.4386297Z copying build/lib/embed_optim/primary_v3_exact_publication_render.py -> build/bdist.linux-x86_64/wheel/./embed_optim
2026-09-13T16:15:03.4388063Z copying build/lib/embed_optim/primary_v3_exact_publication.py -> build/bdist.linux-x86_64/wheel/./embed_optim
2026-09-13T16:15:03.4389971Z copying build/lib/embed_optim/state_operator_factorial_backup.py -> build/bdist.linux-x86_64/wheel/./embed_optim
2026-09-13T16:15:03.4391693Z copying build/lib/embed_optim/primary_v3_exact_bridge.py -> build/bdist.linux-x86_64/wheel/./embed_optim
2026-09-13T16:15:03.4393550Z copying build/lib/embed_optim/dense_run_contract.py -> build/bdist.linux-x86_64/wheel/./embed_optim
2026-09-13T16:15:03.4395304Z copying build/lib/embed_optim/short_branch.py -> build/bdist.linux-x86_64/wheel/./embed_optim
2026-09-13T16:15:03.4397249Z copying build/lib/embed_optim/short_branch_evaluation.py -> build/bdist.linux-x86_64/wheel/./embed_optim
2026-09-13T16:15:03.4399113Z copying build/lib/embed_optim/__init__.py -> build/bdist.linux-x86_64/wheel/./embed_optim
2026-09-13T16:15:03.4401032Z copying build/lib/embed_optim/local_global_reversal.py -> build/bdist.linux-x86_64/wheel/./embed_optim
2026-09-13T16:15:03.4402517Z copying build/lib/embed_optim/optimizer_state_devices.py -> build/bdist.linux-x86_64/wheel/./embed_optim
2026-09-13T16:15:03.4404206Z copying build/lib/embed_optim/evaluation_supervisor.py -> build/bdist.linux-x86_64/wheel/./embed_optim
2026-09-13T16:15:03.4405772Z copying build/lib/embed_optim/primary_v3_reconstruction_authoring.py -> build/bdist.linux-x86_64/wheel/./embed_optim
2026-09-13T16:15:03.4407023Z copying build/lib/embed_optim/common_state_spectra.py -> build/bdist.linux-x86_64/wheel/./embed_optim
2026-09-13T16:15:03.4408670Z copying build/lib/embed_optim/paper_audit.py -> build/bdist.linux-x86_64/wheel/./embed_optim
2026-09-13T16:15:03.4411013Z copying build/lib/embed_optim/primary_v3_publication_contract.py -> build/bdist.linux-x86_64/wheel/./embed_optim
2026-09-13T16:15:03.4412295Z copying build/lib/embed_optim/data.py -> build/bdist.linux-x86_64/wheel/./embed_optim
2026-09-13T16:15:03.4414500Z copying build/lib/embed_optim/training_dynamics_plot.py -> build/bdist.linux-x86_64/wheel/./embed_optim
2026-09-13T16:15:03.4416504Z copying build/lib/embed_optim/primary_v3_outcome_reconstruction.py -> build/bdist.linux-x86_64/wheel/./embed_optim
2026-09-13T16:15:03.4418459Z copying build/lib/embed_optim/config.py -> build/bdist.linux-x86_64/wheel/./embed_optim
2026-09-13T16:15:03.4420486Z copying build/lib/embed_optim/dimension_publication.py -> build/bdist.linux-x86_64/wheel/./embed_optim
2026-09-13T16:15:03.4422961Z copying build/lib/embed_optim/matrix.py -> build/bdist.linux-x86_64/wheel/./embed_optim
2026-09-13T16:15:03.4424975Z copying build/lib/embed_optim/runtime.py -> build/bdist.linux-x86_64/wheel/./embed_optim
2026-09-13T16:15:03.4426905Z copying build/lib/embed_optim/primary_v3_io.py -> build/bdist.linux-x86_64/wheel/./embed_optim
2026-09-13T16:15:03.4428890Z copying build/lib/embed_optim/supervisor.py -> build/bdist.linux-x86_64/wheel/./embed_optim
2026-09-13T16:15:03.4430859Z copying build/lib/embed_optim/hybrid_evaluation.py -> build/bdist.linux-x86_64/wheel/./embed_optim
2026-09-13T16:15:03.4432939Z copying build/lib/embed_optim/primary_v3_manuscript.py -> build/bdist.linux-x86_64/wheel/./embed_optim
2026-09-13T16:15:03.4434959Z copying build/lib/embed_optim/dense_no_packing_preflight.py -> build/bdist.linux-x86_64/wheel/./embed_optim
2026-09-13T16:15:03.4436753Z copying build/lib/embed_optim/exact_bridge_measurements.py -> build/bdist.linux-x86_64/wheel/./embed_optim
2026-09-13T16:15:03.4438612Z copying build/lib/embed_optim/validation_matrix.py -> build/bdist.linux-x86_64/wheel/./embed_optim
2026-09-13T16:15:03.4440485Z copying build/lib/embed_optim/primary_v3_joint_reconstruction.py -> build/bdist.linux-x86_64/wheel/./embed_optim
2026-09-13T16:15:03.4442262Z copying build/lib/embed_optim/matrix_handoff_guard.py -> build/bdist.linux-x86_64/wheel/./embed_optim
2026-09-13T16:15:03.4444216Z copying build/lib/embed_optim/callbacks.py -> build/bdist.linux-x86_64/wheel/./embed_optim
2026-09-13T16:15:03.4446127Z copying build/lib/embed_optim/factorial_v3_batches.py -> build/bdist.linux-x86_64/wheel/./embed_optim
2026-09-13T16:15:03.4447937Z copying build/lib/embed_optim/training_dynamics.py -> build/bdist.linux-x86_64/wheel/./embed_optim
2026-09-13T16:15:03.4449676Z copying build/lib/embed_optim/retrieval_dynamics.py -> build/bdist.linux-x86_64/wheel/./embed_optim
2026-09-13T16:15:03.4451673Z copying build/lib/embed_optim/basis_sensitivity.py -> build/bdist.linux-x86_64/wheel/./embed_optim
2026-09-13T16:15:03.4453835Z copying build/lib/embed_optim/checkpoint_watch.py -> build/bdist.linux-x86_64/wheel/./embed_optim
2026-09-13T16:15:03.4455632Z copying build/lib/embed_optim/scope.py -> build/bdist.linux-x86_64/wheel/./embed_optim
2026-09-13T16:15:03.4457473Z copying build/lib/embed_optim/primary_completion.py -> build/bdist.linux-x86_64/wheel/./embed_optim
2026-09-13T16:15:03.4459479Z copying build/lib/embed_optim/primary_v3_paper_layout.py -> build/bdist.linux-x86_64/wheel/./embed_optim
2026-09-13T16:15:03.4461092Z copying build/lib/embed_optim/causal_chain_reporting.py -> build/bdist.linux-x86_64/wheel/./embed_optim
2026-09-13T16:15:03.4463407Z copying build/lib/embed_optim/representation_plot.py -> build/bdist.linux-x86_64/wheel/./embed_optim
2026-09-13T16:15:03.4465331Z copying build/lib/embed_optim/candidate_breadth_data.py -> build/bdist.linux-x86_64/wheel/./embed_optim
2026-09-13T16:15:03.4467310Z copying build/lib/embed_optim/factorial_v3_calibration.py -> build/bdist.linux-x86_64/wheel/./embed_optim
2026-09-13T16:15:03.4469194Z copying build/lib/embed_optim/factorial_v3_optimizer.py -> build/bdist.linux-x86_64/wheel/./embed_optim
2026-09-13T16:15:03.4471114Z copying build/lib/embed_optim/state_operator_factorial_training.py -> build/bdist.linux-x86_64/wheel/./embed_optim
2026-09-13T16:15:03.4473158Z copying build/lib/embed_optim/corrected_checkpoint_backup.py -> build/bdist.linux-x86_64/wheel/./embed_optim
2026-09-13T16:15:03.4474977Z copying build/lib/embed_optim/update_geometry.py -> build/bdist.linux-x86_64/wheel/./embed_optim
2026-09-13T16:15:03.4476977Z copying build/lib/embed_optim/primary_v3_dimension_vector_io.py -> build/bdist.linux-x86_64/wheel/./embed_optim
2026-09-13T16:15:03.4478731Z copying build/lib/embed_optim/wandb_sync.py -> build/bdist.linux-x86_64/wheel/./embed_optim
2026-09-13T16:15:03.4480725Z copying build/lib/embed_optim/supplemental_training_audit.py -> build/bdist.linux-x86_64/wheel/./embed_optim
2026-09-13T16:15:03.4482758Z copying build/lib/embed_optim/state_operator_factorial_evaluation.py -> build/bdist.linux-x86_64/wheel/./embed_optim
2026-09-13T16:15:03.4484584Z copying build/lib/embed_optim/factorial_v3_checkpoint.py -> build/bdist.linux-x86_64/wheel/./embed_optim
2026-09-13T16:15:03.4486471Z copying build/lib/embed_optim/primary_v3_publication_reconstruction.py -> build/bdist.linux-x86_64/wheel/./embed_optim
2026-09-13T16:15:03.4488312Z copying build/lib/embed_optim/primary_v3_dimension_exports.py -> build/bdist.linux-x86_64/wheel/./embed_optim
2026-09-13T16:15:03.4490101Z copying build/lib/embed_optim/spectral_transplant_summary.py -> build/bdist.linux-x86_64/wheel/./embed_optim
2026-09-13T16:15:03.4492020Z copying build/lib/embed_optim/dimension_interventions.py -> build/bdist.linux-x86_64/wheel/./embed_optim
2026-09-13T16:15:03.4494010Z copying build/lib/embed_optim/paper_reproduction.py -> build/bdist.linux-x86_64/wheel/./embed_optim
2026-09-13T16:15:03.4495906Z copying build/lib/embed_optim/primary_v3_geometry_io.py -> build/bdist.linux-x86_64/wheel/./embed_optim
2026-09-13T16:15:03.4497748Z copying build/lib/embed_optim/primary_v3_validation_io.py -> build/bdist.linux-x86_64/wheel/./embed_optim
2026-09-13T16:15:03.4499636Z copying build/lib/embed_optim/primary_v3_outcome_primitives.py -> build/bdist.linux-x86_64/wheel/./embed_optim
2026-09-13T16:15:03.4501758Z copying build/lib/embed_optim/primary_v3_publication_archive.py -> build/bdist.linux-x86_64/wheel/./embed_optim
2026-09-13T16:15:03.4503949Z copying build/lib/embed_optim/completion_backup_contract_migration.py -> build/bdist.linux-x86_64/wheel/./embed_optim
2026-09-13T16:15:03.4505857Z copying build/lib/embed_optim/confirmatory_data.py -> build/bdist.linux-x86_64/wheel/./embed_optim
2026-09-13T16:15:03.4508328Z copying build/lib/embed_optim/mechanism_bridge.py -> build/bdist.linux-x86_64/wheel/./embed_optim
2026-09-13T16:15:03.4510313Z copying build/lib/embed_optim/candidate_breadth_matrix.py -> build/bdist.linux-x86_64/wheel/./embed_optim
2026-09-13T16:15:03.4512313Z copying build/lib/embed_optim/dense_retrieval_dynamics_evaluation.py -> build/bdist.linux-x86_64/wheel/./embed_optim
2026-09-13T16:15:03.4514508Z copying build/lib/embed_optim/primary_v3_contract.py -> build/bdist.linux-x86_64/wheel/./embed_optim
2026-09-13T16:15:03.4516383Z copying build/lib/embed_optim/corrected_geometry_matrix.py -> build/bdist.linux-x86_64/wheel/./embed_optim
2026-09-13T16:15:03.4518299Z copying build/lib/embed_optim/saved_factorial_checkpoint.py -> build/bdist.linux-x86_64/wheel/./embed_optim
2026-09-13T16:15:03.4520055Z copying build/lib/embed_optim/primary_v3_reconstruction_inputs.py -> build/bdist.linux-x86_64/wheel/./embed_optim
2026-09-13T16:15:03.4521860Z copying build/lib/embed_optim/primary_v3_training.py -> build/bdist.linux-x86_64/wheel/./embed_optim
2026-09-13T16:15:03.4523793Z copying build/lib/embed_optim/mechanism_report.py -> build/bdist.linux-x86_64/wheel/./embed_optim
2026-09-13T16:15:03.4525935Z copying build/lib/embed_optim/primary_geometry_reductions.py -> build/bdist.linux-x86_64/wheel/./embed_optim
2026-09-13T16:15:03.4527550Z copying build/lib/embed_optim/primary_v3_outcomes.py -> build/bdist.linux-x86_64/wheel/./embed_optim
2026-09-13T16:15:03.4529458Z copying build/lib/embed_optim/beir_probe.py -> build/bdist.linux-x86_64/wheel/./embed_optim
2026-09-13T16:15:03.4531481Z copying build/lib/embed_optim/primary_v3_dimension_inference.py -> build/bdist.linux-x86_64/wheel/./embed_optim
2026-09-13T16:15:03.4533525Z copying build/lib/embed_optim/state_operator_factorial_probe.py -> build/bdist.linux-x86_64/wheel/./embed_optim
2026-09-13T16:15:03.4535410Z copying build/lib/embed_optim/outcome_report.py -> build/bdist.linux-x86_64/wheel/./embed_optim
2026-09-13T16:15:03.4537479Z copying build/lib/embed_optim/gpu_lease.py -> build/bdist.linux-x86_64/wheel/./embed_optim
2026-09-13T16:15:03.4539398Z copying build/lib/embed_optim/artifact_inventory.py -> build/bdist.linux-x86_64/wheel/./embed_optim
2026-09-13T16:15:03.4541125Z copying build/lib/embed_optim/collators.py -> build/bdist.linux-x86_64/wheel/./embed_optim
2026-09-13T16:15:03.4543202Z copying build/lib/embed_optim/primary_weight_entries.py -> build/bdist.linux-x86_64/wheel/./embed_optim
2026-09-13T16:15:03.4545036Z copying build/lib/embed_optim/geometry_plot.py -> build/bdist.linux-x86_64/wheel/./embed_optim
2026-09-13T16:15:03.4547008Z copying build/lib/embed_optim/primary_exact_geometry_kernels.py -> build/bdist.linux-x86_64/wheel/./embed_optim
2026-09-13T16:15:03.4548801Z copying build/lib/embed_optim/paper_results.py -> build/bdist.linux-x86_64/wheel/./embed_optim
2026-09-13T16:15:03.4550990Z copying build/lib/embed_optim/primary_v3_exact_geometry_primitives.py -> build/bdist.linux-x86_64/wheel/./embed_optim
2026-09-13T16:15:03.4553538Z copying build/lib/embed_optim/dimension_intervention_io.py -> build/bdist.linux-x86_64/wheel/./embed_optim
2026-09-13T16:15:03.4555353Z copying build/lib/embed_optim/primary_v3_dimension_contract.py -> build/bdist.linux-x86_64/wheel/./embed_optim
2026-09-13T16:15:03.4557169Z copying build/lib/embed_optim/causal_chain_rendering.py -> build/bdist.linux-x86_64/wheel/./embed_optim
2026-09-13T16:15:03.4559194Z copying build/lib/embed_optim/primary_dimension_probe.py -> build/bdist.linux-x86_64/wheel/./embed_optim
2026-09-13T16:15:03.4561031Z copying build/lib/embed_optim/evaluate_matrix.py -> build/bdist.linux-x86_64/wheel/./embed_optim
2026-09-13T16:15:03.4563252Z copying build/lib/embed_optim/factorial_v3_inputs.py -> build/bdist.linux-x86_64/wheel/./embed_optim
2026-09-13T16:15:03.4565115Z copying build/lib/embed_optim/dimension_utilization.py -> build/bdist.linux-x86_64/wheel/./embed_optim
2026-09-13T16:15:03.4567113Z copying build/lib/embed_optim/candidate_breadth_release.py -> build/bdist.linux-x86_64/wheel/./embed_optim
2026-09-13T16:15:03.4569143Z copying build/lib/embed_optim/probe_matrix.py -> build/bdist.linux-x86_64/wheel/./embed_optim
2026-09-13T16:15:03.4571207Z copying build/lib/embed_optim/state_operator_factorial_summary.py -> build/bdist.linux-x86_64/wheel/./embed_optim
2026-09-13T16:15:03.4573450Z copying build/lib/embed_optim/family_training_queue.py -> build/bdist.linux-x86_64/wheel/./embed_optim
2026-09-13T16:15:03.4575598Z copying build/lib/embed_optim/dense_numerical_contract.py -> build/bdist.linux-x86_64/wheel/./embed_optim
2026-09-13T16:15:03.4577516Z copying build/lib/embed_optim/packing_invariance.py -> build/bdist.linux-x86_64/wheel/./embed_optim
2026-09-13T16:15:03.4579629Z copying build/lib/embed_optim/primary_v3_geometry_primitives.py -> build/bdist.linux-x86_64/wheel/./embed_optim
2026-09-13T16:15:03.4581550Z copying build/lib/embed_optim/evaluation_source_archive.py -> build/bdist.linux-x86_64/wheel/./embed_optim
2026-09-13T16:15:03.4584172Z copying build/lib/embed_optim/completion_contract_migration.py -> build/bdist.linux-x86_64/wheel/./embed_optim
2026-09-13T16:15:03.4586105Z copying build/lib/embed_optim/primary_v3_vector_reconstruction.py -> build/bdist.linux-x86_64/wheel/./embed_optim
2026-09-13T16:15:03.4587910Z copying build/lib/embed_optim/common_state_spectrum_plot.py -> build/bdist.linux-x86_64/wheel/./embed_optim
2026-09-13T16:15:03.4589781Z copying build/lib/embed_optim/geometry_robustness.py -> build/bdist.linux-x86_64/wheel/./embed_optim
2026-09-13T16:15:03.4591579Z copying build/lib/embed_optim/geometry_summary.py -> build/bdist.linux-x86_64/wheel/./embed_optim
2026-09-13T16:15:03.4593682Z copying build/lib/embed_optim/evaluation_progress.py -> build/bdist.linux-x86_64/wheel/./embed_optim
2026-09-13T16:15:03.4595566Z copying build/lib/embed_optim/reconstruction_files.py -> build/bdist.linux-x86_64/wheel/./embed_optim
2026-09-13T16:15:03.4597480Z copying build/lib/embed_optim/candidate_breadth_evaluation.py -> build/bdist.linux-x86_64/wheel/./embed_optim
2026-09-13T16:15:03.4599442Z copying build/lib/embed_optim/primary_v3_exact_reconstruction_archive.py -> build/bdist.linux-x86_64/wheel/./embed_optim
2026-09-13T16:15:03.4601213Z copying build/lib/embed_optim/primary_data_revision.py -> build/bdist.linux-x86_64/wheel/./embed_optim
2026-09-13T16:15:03.4603310Z copying build/lib/embed_optim/corrected_geometry_summary.py -> build/bdist.linux-x86_64/wheel/./embed_optim
2026-09-13T16:15:03.4605167Z copying build/lib/embed_optim/losses.py -> build/bdist.linux-x86_64/wheel/./embed_optim
2026-09-13T16:15:03.4607031Z copying build/lib/embed_optim/state_operator_factorial_publication.py -> build/bdist.linux-x86_64/wheel/./embed_optim
2026-09-13T16:15:03.4608917Z copying build/lib/embed_optim/factorial_v3_run_contract.py -> build/bdist.linux-x86_64/wheel/./embed_optim
2026-09-13T16:15:03.4610914Z copying build/lib/embed_optim/primary_v3_exact_reconstruction.py -> build/bdist.linux-x86_64/wheel/./embed_optim
2026-09-13T16:15:03.4612969Z copying build/lib/embed_optim/hybrid_control.py -> build/bdist.linux-x86_64/wheel/./embed_optim
2026-09-13T16:15:03.4614994Z copying build/lib/embed_optim/state_operator_factorial_completion.py -> build/bdist.linux-x86_64/wheel/./embed_optim
2026-09-13T16:15:03.4616874Z copying build/lib/embed_optim/post_eval_pipeline.py -> build/bdist.linux-x86_64/wheel/./embed_optim
2026-09-13T16:15:03.4618937Z copying build/lib/embed_optim/spectral_transplant.py -> build/bdist.linux-x86_64/wheel/./embed_optim
2026-09-13T16:15:03.4620951Z copying build/lib/embed_optim/corrected_completion_pipeline.py -> build/bdist.linux-x86_64/wheel/./embed_optim
2026-09-13T16:15:03.4623078Z copying build/lib/embed_optim/corrected_wandb_audit.py -> build/bdist.linux-x86_64/wheel/./embed_optim
2026-09-13T16:15:03.4624962Z copying build/lib/embed_optim/dense_completion_pipeline.py -> build/bdist.linux-x86_64/wheel/./embed_optim
2026-09-13T16:15:03.4626973Z copying build/lib/embed_optim/primary_geometry_kernels.py -> build/bdist.linux-x86_64/wheel/./embed_optim
2026-09-13T16:15:03.4628940Z copying build/lib/embed_optim/candidate_breadth_summary.py -> build/bdist.linux-x86_64/wheel/./embed_optim
2026-09-13T16:15:03.4630777Z copying build/lib/embed_optim/primary_io.py -> build/bdist.linux-x86_64/wheel/./embed_optim
2026-09-13T16:15:03.4632791Z copying build/lib/embed_optim/candidate_breadth_publication.py -> build/bdist.linux-x86_64/wheel/./embed_optim
2026-09-13T16:15:03.4634763Z copying build/lib/embed_optim/decontamination.py -> build/bdist.linux-x86_64/wheel/./embed_optim
2026-09-13T16:15:03.4636645Z copying build/lib/embed_optim/dense_finalization_pipeline.py -> build/bdist.linux-x86_64/wheel/./embed_optim
2026-09-13T16:15:03.4638623Z copying build/lib/embed_optim/dimension_release.py -> build/bdist.linux-x86_64/wheel/./embed_optim
2026-09-13T16:15:03.4640421Z copying build/lib/embed_optim/tail_stability.py -> build/bdist.linux-x86_64/wheel/./embed_optim
2026-09-13T16:15:03.4642800Z copying build/lib/embed_optim/corrected_execution_sensitivity.py -> build/bdist.linux-x86_64/wheel/./embed_optim
2026-09-13T16:15:03.4644735Z copying build/lib/embed_optim/primary_v3_geometry.py -> build/bdist.linux-x86_64/wheel/./embed_optim
2026-09-13T16:15:03.4646670Z copying build/lib/embed_optim/corrected_progress.py -> build/bdist.linux-x86_64/wheel/./embed_optim
2026-09-13T16:15:03.4648469Z copying build/lib/embed_optim/probes.py -> build/bdist.linux-x86_64/wheel/./embed_optim
2026-09-13T16:15:03.4650441Z copying build/lib/embed_optim/sealed_checkpoint_supervisor.py -> build/bdist.linux-x86_64/wheel/./embed_optim
2026-09-13T16:15:03.4652399Z copying build/lib/embed_optim/factorial_v3_bound_trainer.py -> build/bdist.linux-x86_64/wheel/./embed_optim
2026-09-13T16:15:03.4654378Z copying build/lib/embed_optim/common_state_matrix.py -> build/bdist.linux-x86_64/wheel/./embed_optim
2026-09-13T16:15:03.4656306Z copying build/lib/embed_optim/primary_v3_dimensions.py -> build/bdist.linux-x86_64/wheel/./embed_optim
2026-09-13T16:15:03.4658192Z copying build/lib/embed_optim/representation_geometry.py -> build/bdist.linux-x86_64/wheel/./embed_optim
2026-09-13T16:15:03.4660225Z copying build/lib/embed_optim/representation_summary.py -> build/bdist.linux-x86_64/wheel/./embed_optim
2026-09-13T16:15:03.4662155Z copying build/lib/embed_optim/primary_v3_manuscript_build.py -> build/bdist.linux-x86_64/wheel/./embed_optim
2026-09-13T16:15:03.4664103Z copying build/lib/embed_optim/bridge_named_features.py -> build/bdist.linux-x86_64/wheel/./embed_optim
2026-09-13T16:15:03.4666019Z copying build/lib/embed_optim/corrected_beir_evaluation.py -> build/bdist.linux-x86_64/wheel/./embed_optim
2026-09-13T16:15:03.4668336Z copying build/lib/embed_optim/corrected_validation_evaluation.py -> build/bdist.linux-x86_64/wheel/./embed_optim
2026-09-13T16:15:03.4670099Z copying build/lib/embed_optim/factorial_v3_trainer.py -> build/bdist.linux-x86_64/wheel/./embed_optim
2026-09-13T16:15:03.4671966Z copying build/lib/embed_optim/bridge_exact_arithmetic.py -> build/bdist.linux-x86_64/wheel/./embed_optim
2026-09-13T16:15:03.4673918Z copying build/lib/embed_optim/corrected_input_execution.py -> build/bdist.linux-x86_64/wheel/./embed_optim
2026-09-13T16:15:03.4675571Z copying build/lib/embed_optim/corrected_publication.py -> build/bdist.linux-x86_64/wheel/./embed_optim
2026-09-13T16:15:03.4677581Z copying build/lib/embed_optim/confirmatory_matrix.py -> build/bdist.linux-x86_64/wheel/./embed_optim
2026-09-13T16:15:03.4679395Z copying build/lib/embed_optim/geometry.py -> build/bdist.linux-x86_64/wheel/./embed_optim
2026-09-13T16:15:03.4681346Z copying build/lib/embed_optim/bridge_numerics.py -> build/bdist.linux-x86_64/wheel/./embed_optim
2026-09-13T16:15:03.4683458Z copying build/lib/embed_optim/corrected_retrieval_bridge.py -> build/bdist.linux-x86_64/wheel/./embed_optim
2026-09-13T16:15:03.4685301Z copying build/lib/embed_optim/confirmatory_summary.py -> build/bdist.linux-x86_64/wheel/./embed_optim
2026-09-13T16:15:03.4687190Z copying build/lib/embed_optim/factorial_v3_factory.py -> build/bdist.linux-x86_64/wheel/./embed_optim
2026-09-13T16:15:03.4689295Z copying build/lib/embed_optim/primary_v3_publication_render.py -> build/bdist.linux-x86_64/wheel/./embed_optim
2026-09-13T16:15:03.4690966Z copying build/lib/embed_optim/state_operator_factorial.py -> build/bdist.linux-x86_64/wheel/./embed_optim
2026-09-13T16:15:03.4693242Z copying build/lib/embed_optim/three_regime_diagnostic.py -> build/bdist.linux-x86_64/wheel/./embed_optim
2026-09-13T16:15:03.4695043Z copying build/lib/embed_optim/paper_layout.py -> build/bdist.linux-x86_64/wheel/./embed_optim
2026-09-13T16:15:03.4696950Z copying build/lib/embed_optim/corpus_size_diagnostic.py -> build/bdist.linux-x86_64/wheel/./embed_optim
2026-09-13T16:15:03.4698947Z copying build/lib/embed_optim/state_operator_factorial_contract.py -> build/bdist.linux-x86_64/wheel/./embed_optim
2026-09-13T16:15:03.4700391Z copying build/lib/embed_optim/primary_contract.py -> build/bdist.linux-x86_64/wheel/./embed_optim
2026-09-13T16:15:03.4702575Z copying build/lib/embed_optim/temporal_short_branch_predictors.py -> build/bdist.linux-x86_64/wheel/./embed_optim
2026-09-13T16:15:03.4704522Z copying build/lib/embed_optim/primary_v3_bridge.py -> build/bdist.linux-x86_64/wheel/./embed_optim
2026-09-13T16:15:03.4706393Z copying build/lib/embed_optim/primary_v3_reconstruction_sources.py -> build/bdist.linux-x86_64/wheel/./embed_optim
2026-09-13T16:15:03.4708147Z copying build/lib/embed_optim/optimizers.py -> build/bdist.linux-x86_64/wheel/./embed_optim
2026-09-13T16:15:03.4710080Z copying build/lib/embed_optim/incremental_checkpoint_backup.py -> build/bdist.linux-x86_64/wheel/./embed_optim
2026-09-13T16:15:03.4712234Z copying build/lib/embed_optim/dense_retrieval_dynamics_summary.py -> build/bdist.linux-x86_64/wheel/./embed_optim
2026-09-13T16:15:03.4714068Z copying build/lib/embed_optim/probe_export.py -> build/bdist.linux-x86_64/wheel/./embed_optim
2026-09-13T16:15:03.4716011Z copying build/lib/embed_optim/confirmatory_evaluation.py -> build/bdist.linux-x86_64/wheel/./embed_optim
2026-09-13T16:15:03.4717841Z copying build/lib/embed_optim/aggregate.py -> build/bdist.linux-x86_64/wheel/./embed_optim
2026-09-13T16:15:03.4720318Z copying build/lib/embed_optim/functional_intervention_summary.py -> build/bdist.linux-x86_64/wheel/./embed_optim
2026-09-13T16:15:03.4722267Z copying build/lib/embed_optim/evaluation_utils.py -> build/bdist.linux-x86_64/wheel/./embed_optim
2026-09-13T16:15:03.4724289Z copying build/lib/embed_optim/primary_v3_exact_publication_contract.py -> build/bdist.linux-x86_64/wheel/./embed_optim
2026-09-13T16:15:03.4726073Z copying build/lib/embed_optim/primary_training.py -> build/bdist.linux-x86_64/wheel/./embed_optim
2026-09-13T16:15:03.4727996Z copying build/lib/embed_optim/corrected_validation_matrix.py -> build/bdist.linux-x86_64/wheel/./embed_optim
2026-09-13T16:15:03.4730518Z copying build/lib/embed_optim/current_paper.py -> build/bdist.linux-x86_64/wheel/./embed_optim
2026-09-13T16:15:03.4732029Z running install_data
2026-09-13T16:15:03.4755648Z creating build/bdist.linux-x86_64/wheel/embedding_optimizer_study-0.1.0.data/data
2026-09-13T16:15:03.4758708Z creating build/bdist.linux-x86_64/wheel/embedding_optimizer_study-0.1.0.data/data/share/embedding-optimizer-study/configs
2026-09-13T16:15:03.4761207Z copying configs/candidate_breadth_probe.json -> build/bdist.linux-x86_64/wheel/embedding_optimizer_study-0.1.0.data/data/share/embedding-optimizer-study/configs
2026-09-13T16:15:03.4763495Z copying configs/corpus_size_diagnostic.json -> build/bdist.linux-x86_64/wheel/embedding_optimizer_study-0.1.0.data/data/share/embedding-optimizer-study/configs
2026-09-13T16:15:03.4765543Z copying configs/three_regime_diagnostic.json -> build/bdist.linux-x86_64/wheel/embedding_optimizer_study-0.1.0.data/data/share/embedding-optimizer-study/configs
2026-09-13T16:15:03.4767603Z copying configs/beir_representation_probe.json -> build/bdist.linux-x86_64/wheel/embedding_optimizer_study-0.1.0.data/data/share/embedding-optimizer-study/configs
2026-09-13T16:15:03.4769789Z copying configs/basis_sensitivity.json -> build/bdist.linux-x86_64/wheel/embedding_optimizer_study-0.1.0.data/data/share/embedding-optimizer-study/configs
2026-09-13T16:15:03.4772011Z copying configs/causal_chain_analysis.json -> build/bdist.linux-x86_64/wheel/embedding_optimizer_study-0.1.0.data/data/share/embedding-optimizer-study/configs
2026-09-13T16:15:03.4773959Z copying configs/experiment.yaml -> build/bdist.linux-x86_64/wheel/embedding_optimizer_study-0.1.0.data/data/share/embedding-optimizer-study/configs
2026-09-13T16:15:03.4775855Z copying configs/common_state_probe.json -> build/bdist.linux-x86_64/wheel/embedding_optimizer_study-0.1.0.data/data/share/embedding-optimizer-study/configs
2026-09-13T16:15:03.4778031Z copying configs/common_state_spectrum_probe.json -> build/bdist.linux-x86_64/wheel/embedding_optimizer_study-0.1.0.data/data/share/embedding-optimizer-study/configs
2026-09-13T16:15:03.4780055Z copying configs/confirmatory_protocol.json -> build/bdist.linux-x86_64/wheel/embedding_optimizer_study-0.1.0.data/data/share/embedding-optimizer-study/configs
2026-09-13T16:15:03.4782272Z copying configs/dense_scope_amendment.json -> build/bdist.linux-x86_64/wheel/embedding_optimizer_study-0.1.0.data/data/share/embedding-optimizer-study/configs
2026-09-13T16:15:03.4784308Z copying configs/dense_primary_v2_protocol.json -> build/bdist.linux-x86_64/wheel/embedding_optimizer_study-0.1.0.data/data/share/embedding-optimizer-study/configs
2026-09-13T16:15:03.4786350Z copying configs/dense_primary_v3_protocol.json -> build/bdist.linux-x86_64/wheel/embedding_optimizer_study-0.1.0.data/data/share/embedding-optimizer-study/configs
2026-09-13T16:15:03.4788431Z copying configs/dense_primary_v3_data_amendment.json -> build/bdist.linux-x86_64/wheel/embedding_optimizer_study-0.1.0.data/data/share/embedding-optimizer-study/configs
2026-09-13T16:15:03.4790584Z copying configs/dense_primary_v3_validation_protocol.json -> build/bdist.linux-x86_64/wheel/embedding_optimizer_study-0.1.0.data/data/share/embedding-optimizer-study/configs
2026-09-13T16:15:03.4793003Z copying configs/dense_primary_v3_outcome_protocol.json -> build/bdist.linux-x86_64/wheel/embedding_optimizer_study-0.1.0.data/data/share/embedding-optimizer-study/configs
2026-09-13T16:15:03.4795162Z copying configs/dense_primary_v3_outcome_protocol_v2.json -> build/bdist.linux-x86_64/wheel/embedding_optimizer_study-0.1.0.data/data/share/embedding-optimizer-study/configs
2026-09-13T16:15:03.4797307Z copying configs/dense_primary_v3_geometry_protocol.json -> build/bdist.linux-x86_64/wheel/embedding_optimizer_study-0.1.0.data/data/share/embedding-optimizer-study/configs
2026-09-13T16:15:03.4799446Z copying configs/dense_primary_v3_geometry_protocol_v2.json -> build/bdist.linux-x86_64/wheel/embedding_optimizer_study-0.1.0.data/data/share/embedding-optimizer-study/configs
2026-09-13T16:15:03.4801863Z copying configs/dense_primary_v3_exact_geometry_protocol.json -> build/bdist.linux-x86_64/wheel/embedding_optimizer_study-0.1.0.data/data/share/embedding-optimizer-study/configs
2026-09-13T16:15:03.4804060Z copying configs/dense_primary_v3_bridge_protocol.json -> build/bdist.linux-x86_64/wheel/embedding_optimizer_study-0.1.0.data/data/share/embedding-optimizer-study/configs
2026-09-13T16:15:03.4806218Z copying configs/dense_primary_v3_exact_bridge_protocol.json -> build/bdist.linux-x86_64/wheel/embedding_optimizer_study-0.1.0.data/data/share/embedding-optimizer-study/configs
2026-09-13T16:15:03.4808393Z copying configs/dense_primary_v3_dimensions_protocol.json -> build/bdist.linux-x86_64/wheel/embedding_optimizer_study-0.1.0.data/data/share/embedding-optimizer-study/configs
2026-09-13T16:15:03.4810608Z copying configs/dense_primary_v3_dimension_inference_protocol.json -> build/bdist.linux-x86_64/wheel/embedding_optimizer_study-0.1.0.data/data/share/embedding-optimizer-study/configs
2026-09-13T16:15:03.4813058Z copying configs/dense_primary_v3_publication_protocol.json -> build/bdist.linux-x86_64/wheel/embedding_optimizer_study-0.1.0.data/data/share/embedding-optimizer-study/configs
2026-09-13T16:15:03.4815475Z copying configs/dense_primary_v3_exact_publication_protocol.json -> build/bdist.linux-x86_64/wheel/embedding_optimizer_study-0.1.0.data/data/share/embedding-optimizer-study/configs
2026-09-13T16:15:03.4817738Z copying configs/dense_weight_entry_measurement_amendment.json -> build/bdist.linux-x86_64/wheel/embedding_optimizer_study-0.1.0.data/data/share/embedding-optimizer-study/configs
2026-09-13T16:15:03.4819874Z copying configs/dense_no_packing_retrain.yaml -> build/bdist.linux-x86_64/wheel/embedding_optimizer_study-0.1.0.data/data/share/embedding-optimizer-study/configs
2026-09-13T16:15:03.4822111Z copying configs/dense_correctness_candidate.yaml -> build/bdist.linux-x86_64/wheel/embedding_optimizer_study-0.1.0.data/data/share/embedding-optimizer-study/configs
2026-09-13T16:15:03.4824506Z copying configs/dense_dimension_utilization_protocol.json -> build/bdist.linux-x86_64/wheel/embedding_optimizer_study-0.1.0.data/data/share/embedding-optimizer-study/configs
2026-09-13T16:15:03.4826730Z copying configs/dense_primary_dimension_export_protocol.json -> build/bdist.linux-x86_64/wheel/embedding_optimizer_study-0.1.0.data/data/share/embedding-optimizer-study/configs
2026-09-13T16:15:03.4828958Z copying configs/dense_primary_dimension_handoff_protocol.json -> build/bdist.linux-x86_64/wheel/embedding_optimizer_study-0.1.0.data/data/share/embedding-optimizer-study/configs
2026-09-13T16:15:03.4831191Z copying configs/dense_primary_dimension_archive_protocol.json -> build/bdist.linux-x86_64/wheel/embedding_optimizer_study-0.1.0.data/data/share/embedding-optimizer-study/configs
2026-09-13T16:15:03.4833537Z copying configs/dense_no_packing_preflight.yaml -> build/bdist.linux-x86_64/wheel/embedding_optimizer_study-0.1.0.data/data/share/embedding-optimizer-study/configs
2026-09-13T16:15:03.4835656Z copying configs/dense_no_packing_preflight_protocol.json -> build/bdist.linux-x86_64/wheel/embedding_optimizer_study-0.1.0.data/data/share/embedding-optimizer-study/configs
2026-09-13T16:15:03.4837822Z copying configs/dense_no_packing_execution_protocol.json -> build/bdist.linux-x86_64/wheel/embedding_optimizer_study-0.1.0.data/data/share/embedding-optimizer-study/configs
2026-09-13T16:15:03.4840047Z copying configs/dense_no_packing_completion_contract_migration.json -> build/bdist.linux-x86_64/wheel/embedding_optimizer_study-0.1.0.data/data/share/embedding-optimizer-study/configs
2026-09-13T16:15:03.4842584Z copying configs/dense_no_packing_backup_provenance_migration.json -> build/bdist.linux-x86_64/wheel/embedding_optimizer_study-0.1.0.data/data/share/embedding-optimizer-study/configs
2026-09-13T16:15:03.4844883Z copying configs/dense_no_packing_publication_layout_migration.json -> build/bdist.linux-x86_64/wheel/embedding_optimizer_study-0.1.0.data/data/share/embedding-optimizer-study/configs
2026-09-13T16:15:03.4847202Z copying configs/dense_no_packing_publication_narrative_migration.json -> build/bdist.linux-x86_64/wheel/embedding_optimizer_study-0.1.0.data/data/share/embedding-optimizer-study/configs
2026-09-13T16:15:03.4849472Z copying configs/dense_no_packing_matrix_handoff_guard.json -> build/bdist.linux-x86_64/wheel/embedding_optimizer_study-0.1.0.data/data/share/embedding-optimizer-study/configs
2026-09-13T16:15:03.4851854Z copying configs/dense_no_packing_evaluation_protocol.json -> build/bdist.linux-x86_64/wheel/embedding_optimizer_study-0.1.0.data/data/share/embedding-optimizer-study/configs
2026-09-13T16:15:03.4854020Z copying configs/dense_no_packing_analysis_protocol.json -> build/bdist.linux-x86_64/wheel/embedding_optimizer_study-0.1.0.data/data/share/embedding-optimizer-study/configs
2026-09-13T16:15:03.4856269Z copying configs/dense_no_packing_state_operator_factorial_protocol.json -> build/bdist.linux-x86_64/wheel/embedding_optimizer_study-0.1.0.data/data/share/embedding-optimizer-study/configs
2026-09-13T16:15:03.4858647Z copying configs/dense_no_packing_state_operator_claim_wording_amendment.json -> build/bdist.linux-x86_64/wheel/embedding_optimizer_study-0.1.0.data/data/share/embedding-optimizer-study/configs
2026-09-13T16:15:03.4861303Z copying configs/dense_no_packing_state_operator_factorial_implementation_protocol.json -> build/bdist.linux-x86_64/wheel/embedding_optimizer_study-0.1.0.data/data/share/embedding-optimizer-study/configs
2026-09-13T16:15:03.4864063Z copying configs/dense_no_packing_state_operator_abstract_compliance_migration.json -> build/bdist.linux-x86_64/wheel/embedding_optimizer_study-0.1.0.data/data/share/embedding-optimizer-study/configs
2026-09-13T16:15:03.4866572Z copying configs/dense_no_packing_state_operator_weight_space_narrative_migration.json -> build/bdist.linux-x86_64/wheel/embedding_optimizer_study-0.1.0.data/data/share/embedding-optimizer-study/configs
2026-09-13T16:15:03.4869273Z copying configs/dense_no_packing_state_operator_factorial_publication_protocol.json -> build/bdist.linux-x86_64/wheel/embedding_optimizer_study-0.1.0.data/data/share/embedding-optimizer-study/configs
2026-09-13T16:15:03.4871996Z copying configs/dense_no_packing_state_operator_factorial_completion_protocol.json -> build/bdist.linux-x86_64/wheel/embedding_optimizer_study-0.1.0.data/data/share/embedding-optimizer-study/configs
2026-09-13T16:15:03.4874309Z copying configs/dense_no_packing_outcome_protocol.json -> build/bdist.linux-x86_64/wheel/embedding_optimizer_study-0.1.0.data/data/share/embedding-optimizer-study/configs
2026-09-13T16:15:03.4876543Z copying configs/dense_no_packing_bridge_implementation_protocol.json -> build/bdist.linux-x86_64/wheel/embedding_optimizer_study-0.1.0.data/data/share/embedding-optimizer-study/configs
2026-09-13T16:15:03.4878770Z copying configs/dense_no_packing_bridge_implementation_protocol_v2.json -> build/bdist.linux-x86_64/wheel/embedding_optimizer_study-0.1.0.data/data/share/embedding-optimizer-study/configs
2026-09-13T16:15:03.4881094Z copying configs/dense_no_packing_sensitivity_implementation_protocol.json -> build/bdist.linux-x86_64/wheel/embedding_optimizer_study-0.1.0.data/data/share/embedding-optimizer-study/configs
2026-09-13T16:15:03.4883609Z copying configs/dense_no_packing_publication_protocol.json -> build/bdist.linux-x86_64/wheel/embedding_optimizer_study-0.1.0.data/data/share/embedding-optimizer-study/configs
2026-09-13T16:15:03.4885767Z copying configs/dense_retrieval_dynamics_extension.json -> build/bdist.linux-x86_64/wheel/embedding_optimizer_study-0.1.0.data/data/share/embedding-optimizer-study/configs
2026-09-13T16:15:03.4887810Z copying configs/dense_training_queue.json -> build/bdist.linux-x86_64/wheel/embedding_optimizer_study-0.1.0.data/data/share/embedding-optimizer-study/configs
2026-09-13T16:15:03.4889942Z copying configs/functional_intervention.json -> build/bdist.linux-x86_64/wheel/embedding_optimizer_study-0.1.0.data/data/share/embedding-optimizer-study/configs
2026-09-13T16:15:03.4892253Z copying configs/formal_runtime.json -> build/bdist.linux-x86_64/wheel/embedding_optimizer_study-0.1.0.data/data/share/embedding-optimizer-study/configs
2026-09-13T16:15:03.4894392Z copying configs/formal_runtime_constraints.txt -> build/bdist.linux-x86_64/wheel/embedding_optimizer_study-0.1.0.data/data/share/embedding-optimizer-study/configs
2026-09-13T16:15:03.4896561Z copying configs/hybrid_adamw_control.json -> build/bdist.linux-x86_64/wheel/embedding_optimizer_study-0.1.0.data/data/share/embedding-optimizer-study/configs
2026-09-13T16:15:03.4898637Z copying configs/hybrid_adamw.yaml -> build/bdist.linux-x86_64/wheel/embedding_optimizer_study-0.1.0.data/data/share/embedding-optimizer-study/configs
2026-09-13T16:15:03.4900717Z copying configs/local_global_reversal.json -> build/bdist.linux-x86_64/wheel/embedding_optimizer_study-0.1.0.data/data/share/embedding-optimizer-study/configs
2026-09-13T16:15:03.4903122Z copying configs/loss_retrieval_diagnostic.json -> build/bdist.linux-x86_64/wheel/embedding_optimizer_study-0.1.0.data/data/share/embedding-optimizer-study/configs
2026-09-13T16:15:03.4905415Z copying configs/mechanism_analysis_integration.json -> build/bdist.linux-x86_64/wheel/embedding_optimizer_study-0.1.0.data/data/share/embedding-optimizer-study/configs
2026-09-13T16:15:03.4907849Z copying configs/tail_stability_analysis.json -> build/bdist.linux-x86_64/wheel/embedding_optimizer_study-0.1.0.data/data/share/embedding-optimizer-study/configs
2026-09-13T16:15:03.4910142Z copying configs/spectral_transplant_intervention.json -> build/bdist.linux-x86_64/wheel/embedding_optimizer_study-0.1.0.data/data/share/embedding-optimizer-study/configs
2026-09-13T16:15:03.4912593Z copying configs/paper_claim_protocol.json -> build/bdist.linux-x86_64/wheel/embedding_optimizer_study-0.1.0.data/data/share/embedding-optimizer-study/configs
2026-09-13T16:15:03.4914753Z copying configs/portable_paper_evidence.json -> build/bdist.linux-x86_64/wheel/embedding_optimizer_study-0.1.0.data/data/share/embedding-optimizer-study/configs
2026-09-13T16:15:03.4917169Z copying configs/representation_probe.json -> build/bdist.linux-x86_64/wheel/embedding_optimizer_study-0.1.0.data/data/share/embedding-optimizer-study/configs
2026-09-13T16:15:03.4919395Z copying configs/retrieval_dynamics_protocol.json -> build/bdist.linux-x86_64/wheel/embedding_optimizer_study-0.1.0.data/data/share/embedding-optimizer-study/configs
2026-09-13T16:15:03.4921816Z copying configs/short_branch_protocol.json -> build/bdist.linux-x86_64/wheel/embedding_optimizer_study-0.1.0.data/data/share/embedding-optimizer-study/configs
2026-09-13T16:15:03.4923949Z copying configs/smoke.yaml -> build/bdist.linux-x86_64/wheel/embedding_optimizer_study-0.1.0.data/data/share/embedding-optimizer-study/configs
2026-09-13T16:15:03.4925881Z copying configs/stress.yaml -> build/bdist.linux-x86_64/wheel/embedding_optimizer_study-0.1.0.data/data/share/embedding-optimizer-study/configs
2026-09-13T16:15:03.4927945Z copying configs/training_data_contract.json -> build/bdist.linux-x86_64/wheel/embedding_optimizer_study-0.1.0.data/data/share/embedding-optimizer-study/configs
2026-09-13T16:15:03.4930098Z copying configs/validation_probe.json -> build/bdist.linux-x86_64/wheel/embedding_optimizer_study-0.1.0.data/data/share/embedding-optimizer-study/configs
2026-09-13T16:15:03.4932382Z creating build/bdist.linux-x86_64/wheel/embedding_optimizer_study-0.1.0.data/data/share/embedding-optimizer-study/configs/generated/confirmatory
2026-09-13T16:15:03.4934719Z copying configs/generated/confirmatory/seed161803.yaml -> build/bdist.linux-x86_64/wheel/embedding_optimizer_study-0.1.0.data/data/share/embedding-optimizer-study/configs/generated/confirmatory
2026-09-13T16:15:03.4937407Z copying configs/generated/confirmatory/seed271828.yaml -> build/bdist.linux-x86_64/wheel/embedding_optimizer_study-0.1.0.data/data/share/embedding-optimizer-study/configs/generated/confirmatory
2026-09-13T16:15:03.4940005Z copying configs/generated/confirmatory/seed314159.yaml -> build/bdist.linux-x86_64/wheel/embedding_optimizer_study-0.1.0.data/data/share/embedding-optimizer-study/configs/generated/confirmatory
2026-09-13T16:15:03.4942579Z creating build/bdist.linux-x86_64/wheel/embedding_optimizer_study-0.1.0.data/data/share/embedding-optimizer-study/configs/generated/short-branch
2026-09-13T16:15:03.4944915Z copying configs/generated/short-branch/seed161803.yaml -> build/bdist.linux-x86_64/wheel/embedding_optimizer_study-0.1.0.data/data/share/embedding-optimizer-study/configs/generated/short-branch
2026-09-13T16:15:03.4947613Z copying configs/generated/short-branch/seed271828.yaml -> build/bdist.linux-x86_64/wheel/embedding_optimizer_study-0.1.0.data/data/share/embedding-optimizer-study/configs/generated/short-branch
2026-09-13T16:15:03.4950280Z copying configs/generated/short-branch/seed314159.yaml -> build/bdist.linux-x86_64/wheel/embedding_optimizer_study-0.1.0.data/data/share/embedding-optimizer-study/configs/generated/short-branch
2026-09-13T16:15:03.4952704Z creating build/bdist.linux-x86_64/wheel/embedding_optimizer_study-0.1.0.data/data/share/embedding-optimizer-study/scripts/eval
2026-09-13T16:15:03.4954778Z copying scripts/eval/dense_no_packing_parallel.py -> build/bdist.linux-x86_64/wheel/embedding_optimizer_study-0.1.0.data/data/share/embedding-optimizer-study/scripts/eval
2026-09-13T16:15:03.4957284Z copying scripts/eval/dense_parallel.py -> build/bdist.linux-x86_64/wheel/embedding_optimizer_study-0.1.0.data/data/share/embedding-optimizer-study/scripts/eval
2026-09-13T16:15:03.4959495Z copying scripts/eval/dense_sequential.py -> build/bdist.linux-x86_64/wheel/embedding_optimizer_study-0.1.0.data/data/share/embedding-optimizer-study/scripts/eval
2026-09-13T16:15:03.4961862Z copying scripts/restore_primary_v3.py -> build/bdist.linux-x86_64/wheel/embedding_optimizer_study-0.1.0.data/data/share/embedding-optimizer-study/scripts
2026-09-13T16:15:03.4964051Z copying scripts/restore_functional_analysis.py -> build/bdist.linux-x86_64/wheel/embedding_optimizer_study-0.1.0.data/data/share/embedding-optimizer-study/scripts
2026-09-13T16:15:03.4966501Z copying scripts/restore_factorial_probes.py -> build/bdist.linux-x86_64/wheel/embedding_optimizer_study-0.1.0.data/data/share/embedding-optimizer-study/scripts
2026-09-13T16:15:03.4968445Z copying AGENTS.md -> build/bdist.linux-x86_64/wheel/embedding_optimizer_study-0.1.0.data/data/share/embedding-optimizer-study
2026-09-13T16:15:03.4970158Z copying CITATION.cff -> build/bdist.linux-x86_64/wheel/embedding_optimizer_study-0.1.0.data/data/share/embedding-optimizer-study
2026-09-13T16:15:03.4972161Z copying CODE_OF_CONDUCT.md -> build/bdist.linux-x86_64/wheel/embedding_optimizer_study-0.1.0.data/data/share/embedding-optimizer-study
2026-09-13T16:15:03.4973977Z copying CONTRIBUTING.md -> build/bdist.linux-x86_64/wheel/embedding_optimizer_study-0.1.0.data/data/share/embedding-optimizer-study
2026-09-13T16:15:03.4975826Z copying CURRENT_EXPERIMENT.md -> build/bdist.linux-x86_64/wheel/embedding_optimizer_study-0.1.0.data/data/share/embedding-optimizer-study
2026-09-13T16:15:03.4977697Z copying CURRENT_PROGRESS.json -> build/bdist.linux-x86_64/wheel/embedding_optimizer_study-0.1.0.data/data/share/embedding-optimizer-study
2026-09-13T16:15:03.4979532Z copying PROJECT_STATUS.md -> build/bdist.linux-x86_64/wheel/embedding_optimizer_study-0.1.0.data/data/share/embedding-optimizer-study
2026-09-13T16:15:03.4981397Z copying requirements-formal.lock -> build/bdist.linux-x86_64/wheel/embedding_optimizer_study-0.1.0.data/data/share/embedding-optimizer-study
2026-09-13T16:15:03.4983606Z copying requirements-formal-flash.txt -> build/bdist.linux-x86_64/wheel/embedding_optimizer_study-0.1.0.data/data/share/embedding-optimizer-study
2026-09-13T16:15:03.4985490Z copying SECURITY.md -> build/bdist.linux-x86_64/wheel/embedding_optimizer_study-0.1.0.data/data/share/embedding-optimizer-study
2026-09-13T16:15:03.4987280Z copying THIRD_PARTY_NOTICES.md -> build/bdist.linux-x86_64/wheel/embedding_optimizer_study-0.1.0.data/data/share/embedding-optimizer-study
2026-09-13T16:15:03.4989019Z creating build/bdist.linux-x86_64/wheel/embedding_optimizer_study-0.1.0.data/data/share/embedding-optimizer-study/docs
2026-09-13T16:15:03.4990880Z copying docs/checkpoint-restoration.md -> build/bdist.linux-x86_64/wheel/embedding_optimizer_study-0.1.0.data/data/share/embedding-optimizer-study/docs
2026-09-13T16:15:03.4993228Z copying docs/continuation-probe-restoration.md -> build/bdist.linux-x86_64/wheel/embedding_optimizer_study-0.1.0.data/data/share/embedding-optimizer-study/docs
2026-09-13T16:15:03.4995510Z copying docs/continuation-outcomes-restoration.md -> build/bdist.linux-x86_64/wheel/embedding_optimizer_study-0.1.0.data/data/share/embedding-optimizer-study/docs
2026-09-13T16:15:03.4997739Z copying docs/current-training-source.md -> build/bdist.linux-x86_64/wheel/embedding_optimizer_study-0.1.0.data/data/share/embedding-optimizer-study/docs
2026-09-13T16:15:03.4999873Z copying docs/saved-factorial-checkpoints.md -> build/bdist.linux-x86_64/wheel/embedding_optimizer_study-0.1.0.data/data/share/embedding-optimizer-study/docs
2026-09-13T16:15:03.5002293Z copying docs/endpoint-statistics-restoration.md -> build/bdist.linux-x86_64/wheel/embedding_optimizer_study-0.1.0.data/data/share/embedding-optimizer-study/docs
2026-09-13T16:15:03.5004956Z copying docs/evaluation-analysis-restoration.md -> build/bdist.linux-x86_64/wheel/embedding_optimizer_study-0.1.0.data/data/share/embedding-optimizer-study/docs
2026-09-13T16:15:03.5007284Z copying docs/first-stage-evaluation-restoration.md -> build/bdist.linux-x86_64/wheel/embedding_optimizer_study-0.1.0.data/data/share/embedding-optimizer-study/docs
2026-09-13T16:15:03.5009593Z copying docs/fourth-stage-evaluation-restoration.md -> build/bdist.linux-x86_64/wheel/embedding_optimizer_study-0.1.0.data/data/share/embedding-optimizer-study/docs
2026-09-13T16:15:03.5012198Z copying docs/fourth-stage-pool-b-evaluation-restoration.md -> build/bdist.linux-x86_64/wheel/embedding_optimizer_study-0.1.0.data/data/share/embedding-optimizer-study/docs
2026-09-13T16:15:03.5014758Z copying docs/functional-analysis-restoration.md -> build/bdist.linux-x86_64/wheel/embedding_optimizer_study-0.1.0.data/data/share/embedding-optimizer-study/docs
2026-09-13T16:15:03.5016976Z copying docs/paper-results-reproduction.md -> build/bdist.linux-x86_64/wheel/embedding_optimizer_study-0.1.0.data/data/share/embedding-optimizer-study/docs
2026-09-13T16:15:03.5019228Z copying docs/predictor-analysis-restoration.md -> build/bdist.linux-x86_64/wheel/embedding_optimizer_study-0.1.0.data/data/share/embedding-optimizer-study/docs
2026-09-13T16:15:03.5021708Z copying docs/pretrained-vector-restoration.md -> build/bdist.linux-x86_64/wheel/embedding_optimizer_study-0.1.0.data/data/share/embedding-optimizer-study/docs
2026-09-13T16:15:03.5024063Z copying docs/retrieval-trajectories-restoration.md -> build/bdist.linux-x86_64/wheel/embedding_optimizer_study-0.1.0.data/data/share/embedding-optimizer-study/docs
2026-09-13T16:15:03.5026407Z copying docs/second-stage-evaluation-restoration.md -> build/bdist.linux-x86_64/wheel/embedding_optimizer_study-0.1.0.data/data/share/embedding-optimizer-study/docs
2026-09-13T16:15:03.5028791Z copying docs/second-stage-pool-b-evaluation-restoration.md -> build/bdist.linux-x86_64/wheel/embedding_optimizer_study-0.1.0.data/data/share/embedding-optimizer-study/docs
2026-09-13T16:15:03.5031178Z copying docs/third-stage-evaluation-restoration.md -> build/bdist.linux-x86_64/wheel/embedding_optimizer_study-0.1.0.data/data/share/embedding-optimizer-study/docs
2026-09-13T16:15:03.5033772Z copying docs/third-stage-pool-b-evaluation-restoration.md -> build/bdist.linux-x86_64/wheel/embedding_optimizer_study-0.1.0.data/data/share/embedding-optimizer-study/docs
2026-09-13T16:15:03.5036106Z copying docs/training-analysis-restoration.md -> build/bdist.linux-x86_64/wheel/embedding_optimizer_study-0.1.0.data/data/share/embedding-optimizer-study/docs
2026-09-13T16:15:03.5038451Z copying docs/training-completion-evidence-restoration.md -> build/bdist.linux-x86_64/wheel/embedding_optimizer_study-0.1.0.data/data/share/embedding-optimizer-study/docs
2026-09-13T16:15:03.5040785Z copying docs/weight-analysis-restoration.md -> build/bdist.linux-x86_64/wheel/embedding_optimizer_study-0.1.0.data/data/share/embedding-optimizer-study/docs
2026-09-13T16:15:03.5043088Z copying docs/completion-gates.md -> build/bdist.linux-x86_64/wheel/embedding_optimizer_study-0.1.0.data/data/share/embedding-optimizer-study/docs
2026-09-13T16:15:03.5045131Z copying docs/training-restoration.md -> build/bdist.linux-x86_64/wheel/embedding_optimizer_study-0.1.0.data/data/share/embedding-optimizer-study/docs
2026-09-13T16:15:03.5047279Z copying docs/versioned-paper-reproduction.md -> build/bdist.linux-x86_64/wheel/embedding_optimizer_study-0.1.0.data/data/share/embedding-optimizer-study/docs
2026-09-13T16:15:03.5049412Z copying docs/source-version-testing.md -> build/bdist.linux-x86_64/wheel/embedding_optimizer_study-0.1.0.data/data/share/embedding-optimizer-study/docs
2026-09-13T16:15:03.5051469Z copying docs/dense-eval-handoff.md -> build/bdist.linux-x86_64/wheel/embedding_optimizer_study-0.1.0.data/data/share/embedding-optimizer-study/docs
2026-09-13T16:15:03.5053804Z copying docs/dense-no-packing-retrain.md -> build/bdist.linux-x86_64/wheel/embedding_optimizer_study-0.1.0.data/data/share/embedding-optimizer-study/docs
2026-09-13T16:15:03.5056118Z copying docs/naacl-dense-paper-plan.md -> build/bdist.linux-x86_64/wheel/embedding_optimizer_study-0.1.0.data/data/share/embedding-optimizer-study/docs
2026-09-13T16:15:03.5058159Z copying docs/naacl-paper-plan.md -> build/bdist.linux-x86_64/wheel/embedding_optimizer_study-0.1.0.data/data/share/embedding-optimizer-study/docs
2026-09-13T16:15:03.5060240Z copying docs/state-operator-factorial.md -> build/bdist.linux-x86_64/wheel/embedding_optimizer_study-0.1.0.data/data/share/embedding-optimizer-study/docs
2026-09-13T16:15:03.5062359Z creating build/bdist.linux-x86_64/wheel/embedding_optimizer_study-0.1.0.data/data/share/embedding-optimizer-study/paper
2026-09-13T16:15:03.5064323Z copying paper/Makefile -> build/bdist.linux-x86_64/wheel/embedding_optimizer_study-0.1.0.data/data/share/embedding-optimizer-study/paper
2026-09-13T16:15:03.5066272Z copying paper/legacy.Makefile -> build/bdist.linux-x86_64/wheel/embedding_optimizer_study-0.1.0.data/data/share/embedding-optimizer-study/paper
2026-09-13T16:15:03.5068203Z copying paper/README.md -> build/bdist.linux-x86_64/wheel/embedding_optimizer_study-0.1.0.data/data/share/embedding-optimizer-study/paper
2026-09-13T16:15:03.5070072Z copying paper/main.tex -> build/bdist.linux-x86_64/wheel/embedding_optimizer_study-0.1.0.data/data/share/embedding-optimizer-study/paper
2026-09-13T16:15:03.5072205Z copying paper/references.bib -> build/bdist.linux-x86_64/wheel/embedding_optimizer_study-0.1.0.data/data/share/embedding-optimizer-study/paper
2026-09-13T16:15:03.5074118Z copying paper/results.tex -> build/bdist.linux-x86_64/wheel/embedding_optimizer_study-0.1.0.data/data/share/embedding-optimizer-study/paper
2026-09-13T16:15:03.5075934Z creating build/bdist.linux-x86_64/wheel/embedding_optimizer_study-0.1.0.data/data/share/embedding-optimizer-study/paper/generated
2026-09-13T16:15:03.5077988Z copying paper/generated/optimizer-primary.tex -> build/bdist.linux-x86_64/wheel/embedding_optimizer_study-0.1.0.data/data/share/embedding-optimizer-study/paper/generated
2026-09-13T16:15:03.5080388Z copying paper/generated/dimension-utilization.tex -> build/bdist.linux-x86_64/wheel/embedding_optimizer_study-0.1.0.data/data/share/embedding-optimizer-study/paper/generated
2026-09-13T16:15:03.5083084Z copying paper/generated/state-operator-factorial.tex -> build/bdist.linux-x86_64/wheel/embedding_optimizer_study-0.1.0.data/data/share/embedding-optimizer-study/paper/generated
2026-09-13T16:15:03.5085190Z creating build/bdist.linux-x86_64/wheel/embedding_optimizer_study-0.1.0.data/data/share/embedding-optimizer-study/paper/current
2026-09-13T16:15:03.5087116Z copying paper/current/README.md -> build/bdist.linux-x86_64/wheel/embedding_optimizer_study-0.1.0.data/data/share/embedding-optimizer-study/paper/current
2026-09-13T16:15:03.5089311Z copying paper/current/document-snapshot.json -> build/bdist.linux-x86_64/wheel/embedding_optimizer_study-0.1.0.data/data/share/embedding-optimizer-study/paper/current
2026-09-13T16:15:03.5091491Z copying paper/current/main.tex -> build/bdist.linux-x86_64/wheel/embedding_optimizer_study-0.1.0.data/data/share/embedding-optimizer-study/paper/current
2026-09-13T16:15:03.5093840Z copying paper/current/references.bib -> build/bdist.linux-x86_64/wheel/embedding_optimizer_study-0.1.0.data/data/share/embedding-optimizer-study/paper/current
2026-09-13T16:15:03.5095951Z copying paper/current/results.tex -> build/bdist.linux-x86_64/wheel/embedding_optimizer_study-0.1.0.data/data/share/embedding-optimizer-study/paper/current
2026-09-13T16:15:03.5097935Z creating build/bdist.linux-x86_64/wheel/embedding_optimizer_study-0.1.0.data/data/share/embedding-optimizer-study/paper/current/generated
2026-09-13T16:15:03.5100123Z copying paper/current/generated/optimizer-primary.tex -> build/bdist.linux-x86_64/wheel/embedding_optimizer_study-0.1.0.data/data/share/embedding-optimizer-study/paper/current/generated
2026-09-13T16:15:03.5102994Z copying paper/current/generated/dimension-utilization.tex -> build/bdist.linux-x86_64/wheel/embedding_optimizer_study-0.1.0.data/data/share/embedding-optimizer-study/paper/current/generated
2026-09-13T16:15:03.5105763Z copying paper/current/generated/recipe-sensitivity.tex -> build/bdist.linux-x86_64/wheel/embedding_optimizer_study-0.1.0.data/data/share/embedding-optimizer-study/paper/current/generated
2026-09-13T16:15:03.5108412Z copying paper/current/generated/state-operator-factorial.tex -> build/bdist.linux-x86_64/wheel/embedding_optimizer_study-0.1.0.data/data/share/embedding-optimizer-study/paper/current/generated
2026-09-13T16:15:03.5110683Z creating build/bdist.linux-x86_64/wheel/embedding_optimizer_study-0.1.0.data/data/share/embedding-optimizer-study/paper/current/figures
2026-09-13T16:15:03.5113235Z copying paper/current/figures/optimizer-weight-dimension-map.pdf -> build/bdist.linux-x86_64/wheel/embedding_optimizer_study-0.1.0.data/data/share/embedding-optimizer-study/paper/current/figures
2026-09-13T16:15:03.5116125Z copying paper/current/figures/weight-to-retrieval-map.pdf -> build/bdist.linux-x86_64/wheel/embedding_optimizer_study-0.1.0.data/data/share/embedding-optimizer-study/paper/current/figures
2026-09-13T16:15:03.5118810Z copying paper/current/figures/full-rate-retrieval-trajectories.pdf -> build/bdist.linux-x86_64/wheel/embedding_optimizer_study-0.1.0.data/data/share/embedding-optimizer-study/paper/current/figures
2026-09-13T16:15:03.5121146Z creating build/bdist.linux-x86_64/wheel/embedding_optimizer_study-0.1.0.data/data/share/embedding-optimizer-study/paper/current/vendor
2026-09-13T16:15:03.5123744Z copying paper/current/vendor/acl.sty -> build/bdist.linux-x86_64/wheel/embedding_optimizer_study-0.1.0.data/data/share/embedding-optimizer-study/paper/current/vendor
2026-09-13T16:15:03.5126027Z copying paper/current/vendor/acl_natbib.bst -> build/bdist.linux-x86_64/wheel/embedding_optimizer_study-0.1.0.data/data/share/embedding-optimizer-study/paper/current/vendor
2026-09-13T16:15:03.5128222Z creating build/bdist.linux-x86_64/wheel/embedding_optimizer_study-0.1.0.data/data/share/embedding-optimizer-study/reports/state-operator-factorial
2026-09-13T16:15:03.5141053Z copying reports/state-operator-factorial/abstract-compliance-runtime-migration.json -> build/bdist.linux-x86_64/wheel/embedding_optimizer_study-0.1.0.data/data/share/embedding-optimizer-study/reports/state-operator-factorial
2026-09-13T16:15:03.5143916Z creating build/bdist.linux-x86_64/wheel/embedding_optimizer_study-0.1.0.data/data/share/embedding-optimizer-study/reports/candidate-breadth
2026-09-13T16:15:03.5146207Z copying reports/candidate-breadth/calibration_by_width.csv -> build/bdist.linux-x86_64/wheel/embedding_optimizer_study-0.1.0.data/data/share/embedding-optimizer-study/reports/candidate-breadth
2026-09-13T16:15:03.5148792Z copying reports/candidate-breadth/high_dose_contrasts.csv -> build/bdist.linux-x86_64/wheel/embedding_optimizer_study-0.1.0.data/data/share/embedding-optimizer-study/reports/candidate-breadth
2026-09-13T16:15:03.5151308Z copying reports/candidate-breadth/data-audit.json -> build/bdist.linux-x86_64/wheel/embedding_optimizer_study-0.1.0.data/data/share/embedding-optimizer-study/reports/candidate-breadth
2026-09-13T16:15:03.5154181Z copying reports/candidate-breadth/packing_invariance.json -> build/bdist.linux-x86_64/wheel/embedding_optimizer_study-0.1.0.data/data/share/embedding-optimizer-study/reports/candidate-breadth
2026-09-13T16:15:03.5156811Z copying reports/candidate-breadth/publication_manifest.json -> build/bdist.linux-x86_64/wheel/embedding_optimizer_study-0.1.0.data/data/share/embedding-optimizer-study/reports/candidate-breadth
2026-09-13T16:15:03.5159150Z copying reports/candidate-breadth/summary.json -> build/bdist.linux-x86_64/wheel/embedding_optimizer_study-0.1.0.data/data/share/embedding-optimizer-study/reports/candidate-breadth
2026-09-13T16:15:03.5161760Z copying reports/candidate-breadth/candidate_breadth_calibration.pdf -> build/bdist.linux-x86_64/wheel/embedding_optimizer_study-0.1.0.data/data/share/embedding-optimizer-study/reports/candidate-breadth
2026-09-13T16:15:03.5164524Z copying reports/candidate-breadth/candidate_breadth_calibration.svg -> build/bdist.linux-x86_64/wheel/embedding_optimizer_study-0.1.0.data/data/share/embedding-optimizer-study/reports/candidate-breadth
2026-09-13T16:15:03.5166820Z creating build/bdist.linux-x86_64/wheel/embedding_optimizer_study-0.1.0.data/data/share/embedding-optimizer-study/reports/three-regime-diagnostic
2026-09-13T16:15:03.5169245Z copying reports/three-regime-diagnostic/high_dose_contrasts.csv -> build/bdist.linux-x86_64/wheel/embedding_optimizer_study-0.1.0.data/data/share/embedding-optimizer-study/reports/three-regime-diagnostic
2026-09-13T16:15:03.5172227Z copying reports/three-regime-diagnostic/run_metrics.csv -> build/bdist.linux-x86_64/wheel/embedding_optimizer_study-0.1.0.data/data/share/embedding-optimizer-study/reports/three-regime-diagnostic
2026-09-13T16:15:03.5175109Z copying reports/three-regime-diagnostic/summary.json -> build/bdist.linux-x86_64/wheel/embedding_optimizer_study-0.1.0.data/data/share/embedding-optimizer-study/reports/three-regime-diagnostic
2026-09-13T16:15:03.5177862Z copying reports/three-regime-diagnostic/summary_manifest.json -> build/bdist.linux-x86_64/wheel/embedding_optimizer_study-0.1.0.data/data/share/embedding-optimizer-study/reports/three-regime-diagnostic
2026-09-13T16:15:03.5180590Z copying reports/three-regime-diagnostic/README.md -> build/bdist.linux-x86_64/wheel/embedding_optimizer_study-0.1.0.data/data/share/embedding-optimizer-study/reports/three-regime-diagnostic
2026-09-13T16:15:03.5183051Z creating build/bdist.linux-x86_64/wheel/embedding_optimizer_study-0.1.0.data/data/share/embedding-optimizer-study/reports/weight-space
2026-09-13T16:15:03.5185035Z copying reports/weight-space/README.md -> build/bdist.linux-x86_64/wheel/embedding_optimizer_study-0.1.0.data/data/share/embedding-optimizer-study/reports/weight-space
2026-09-13T16:15:03.5187627Z copying reports/weight-space/checkpoint_trajectory.csv -> build/bdist.linux-x86_64/wheel/embedding_optimizer_study-0.1.0.data/data/share/embedding-optimizer-study/reports/weight-space
2026-09-13T16:15:03.5189881Z copying reports/weight-space/optimizer_geometry_phase.svg -> build/bdist.linux-x86_64/wheel/embedding_optimizer_study-0.1.0.data/data/share/embedding-optimizer-study/reports/weight-space
2026-09-13T16:15:03.5192402Z copying reports/weight-space/optimizer_pair_contrasts.csv -> build/bdist.linux-x86_64/wheel/embedding_optimizer_study-0.1.0.data/data/share/embedding-optimizer-study/reports/weight-space
2026-09-13T16:15:03.5194836Z copying reports/weight-space/optimizer_pair_contrast_trajectory.csv -> build/bdist.linux-x86_64/wheel/embedding_optimizer_study-0.1.0.data/data/share/embedding-optimizer-study/reports/weight-space
2026-09-13T16:15:03.5197303Z copying reports/weight-space/optimizer_pair_contrast_trajectory.svg -> build/bdist.linux-x86_64/wheel/embedding_optimizer_study-0.1.0.data/data/share/embedding-optimizer-study/reports/weight-space
2026-09-13T16:15:03.5199712Z copying reports/weight-space/run_trajectory_summary.csv -> build/bdist.linux-x86_64/wheel/embedding_optimizer_study-0.1.0.data/data/share/embedding-optimizer-study/reports/weight-space
2026-09-13T16:15:03.5202154Z copying reports/weight-space/summary_manifest.json -> build/bdist.linux-x86_64/wheel/embedding_optimizer_study-0.1.0.data/data/share/embedding-optimizer-study/reports/weight-space
2026-09-13T16:15:03.5204335Z creating build/bdist.linux-x86_64/wheel/embedding_optimizer_study-0.1.0.data/data/share/embedding-optimizer-study/reports/training-dynamics
2026-09-13T16:15:03.5206664Z copying reports/training-dynamics/optimizer_system_summary.csv -> build/bdist.linux-x86_64/wheel/embedding_optimizer_study-0.1.0.data/data/share/embedding-optimizer-study/reports/training-dynamics
2026-09-13T16:15:03.5209334Z copying reports/training-dynamics/plot_manifest.json -> build/bdist.linux-x86_64/wheel/embedding_optimizer_study-0.1.0.data/data/share/embedding-optimizer-study/reports/training-dynamics
2026-09-13T16:15:03.5212109Z copying reports/training-dynamics/run_summary.csv -> build/bdist.linux-x86_64/wheel/embedding_optimizer_study-0.1.0.data/data/share/embedding-optimizer-study/reports/training-dynamics
2026-09-13T16:15:03.5214837Z copying reports/training-dynamics/stage_dynamics.csv -> build/bdist.linux-x86_64/wheel/embedding_optimizer_study-0.1.0.data/data/share/embedding-optimizer-study/reports/training-dynamics
2026-09-13T16:15:03.5217364Z copying reports/training-dynamics/summary_manifest.json -> build/bdist.linux-x86_64/wheel/embedding_optimizer_study-0.1.0.data/data/share/embedding-optimizer-study/reports/training-dynamics
2026-09-13T16:15:03.5219785Z copying reports/training-dynamics/system_tradeoffs.svg -> build/bdist.linux-x86_64/wheel/embedding_optimizer_study-0.1.0.data/data/share/embedding-optimizer-study/reports/training-dynamics
2026-09-13T16:15:03.5222891Z copying reports/training-dynamics/training_loss_dynamics.svg -> build/bdist.linux-x86_64/wheel/embedding_optimizer_study-0.1.0.data/data/share/embedding-optimizer-study/reports/training-dynamics
2026-09-13T16:15:03.5224425Z creating build/bdist.linux-x86_64/wheel/embedding_optimizer_study-0.1.0.data/data/share/embedding-optimizer-study/reports/dense-discovery
2026-09-13T16:15:03.5225690Z copying reports/dense-discovery/best_config_dynamics.csv -> build/bdist.linux-x86_64/wheel/embedding_optimizer_study-0.1.0.data/data/share/embedding-optimizer-study/reports/dense-discovery
2026-09-13T16:15:03.5227138Z copying reports/dense-discovery/best_config_task_comparison.csv -> build/bdist.linux-x86_64/wheel/embedding_optimizer_study-0.1.0.data/data/share/embedding-optimizer-study/reports/dense-discovery
2026-09-13T16:15:03.5228366Z copying reports/dense-discovery/checkpoint_summary.csv -> build/bdist.linux-x86_64/wheel/embedding_optimizer_study-0.1.0.data/data/share/embedding-optimizer-study/reports/dense-discovery
2026-09-13T16:15:03.5229512Z copying reports/dense-discovery/coverage.json -> build/bdist.linux-x86_64/wheel/embedding_optimizer_study-0.1.0.data/data/share/embedding-optimizer-study/reports/dense-discovery
2026-09-13T16:15:03.5230638Z copying reports/dense-discovery/evaluation_long.csv -> build/bdist.linux-x86_64/wheel/embedding_optimizer_study-0.1.0.data/data/share/embedding-optimizer-study/reports/dense-discovery
2026-09-13T16:15:03.5232957Z copying reports/dense-discovery/optimizer_summary.csv -> build/bdist.linux-x86_64/wheel/embedding_optimizer_study-0.1.0.data/data/share/embedding-optimizer-study/reports/dense-discovery
2026-09-13T16:15:03.5234179Z copying reports/dense-discovery/paired_comparison.csv -> build/bdist.linux-x86_64/wheel/embedding_optimizer_study-0.1.0.data/data/share/embedding-optimizer-study/reports/dense-discovery
2026-09-13T16:15:03.5235349Z copying reports/dense-discovery/system_metrics.csv -> build/bdist.linux-x86_64/wheel/embedding_optimizer_study-0.1.0.data/data/share/embedding-optimizer-study/reports/dense-discovery
2026-09-13T16:15:03.5236504Z copying reports/dense-discovery/system_summary.csv -> build/bdist.linux-x86_64/wheel/embedding_optimizer_study-0.1.0.data/data/share/embedding-optimizer-study/reports/dense-discovery
2026-09-13T16:15:03.5237864Z copying reports/dense-discovery/training_history.csv -> build/bdist.linux-x86_64/wheel/embedding_optimizer_study-0.1.0.data/data/share/embedding-optimizer-study/reports/dense-discovery
2026-09-13T16:15:03.5239089Z creating build/bdist.linux-x86_64/wheel/embedding_optimizer_study-0.1.0.data/data/share/embedding-optimizer-study/reports/dense-discovery/figures
2026-09-13T16:15:03.5240204Z copying reports/dense-discovery/figures/dense-lr-sensitivity.png -> build/bdist.linux-x86_64/wheel/embedding_optimizer_study-0.1.0.data/data/share/embedding-optimizer-study/reports/dense-discovery/figures
2026-09-13T16:15:03.5241662Z copying reports/dense-discovery/figures/dense-training-dynamics-by-run.png -> build/bdist.linux-x86_64/wheel/embedding_optimizer_study-0.1.0.data/data/share/embedding-optimizer-study/reports/dense-discovery/figures
2026-09-13T16:15:03.5243032Z copying reports/dense-discovery/figures/dense-training-dynamics.png -> build/bdist.linux-x86_64/wheel/embedding_optimizer_study-0.1.0.data/data/share/embedding-optimizer-study/reports/dense-discovery/figures
2026-09-13T16:15:03.5244314Z creating build/bdist.linux-x86_64/wheel/embedding_optimizer_study-0.1.0.data/data/share/embedding-optimizer-study/reports/retrieval-dynamics-dense
2026-09-13T16:15:03.5245515Z copying reports/retrieval-dynamics-dense/best_config_task_comparison.csv -> build/bdist.linux-x86_64/wheel/embedding_optimizer_study-0.1.0.data/data/share/embedding-optimizer-study/reports/retrieval-dynamics-dense
2026-09-13T16:15:03.5247480Z copying reports/retrieval-dynamics-dense/best_config_task_delta_dynamics.csv -> build/bdist.linux-x86_64/wheel/embedding_optimizer_study-0.1.0.data/data/share/embedding-optimizer-study/reports/retrieval-dynamics-dense
2026-09-13T16:15:03.5249124Z copying reports/retrieval-dynamics-dense/checkpoint_dynamics.csv -> build/bdist.linux-x86_64/wheel/embedding_optimizer_study-0.1.0.data/data/share/embedding-optimizer-study/reports/retrieval-dynamics-dense
2026-09-13T16:15:03.5250586Z copying reports/retrieval-dynamics-dense/optimizer_first_passage.csv -> build/bdist.linux-x86_64/wheel/embedding_optimizer_study-0.1.0.data/data/share/embedding-optimizer-study/reports/retrieval-dynamics-dense
2026-09-13T16:15:03.5252198Z copying reports/retrieval-dynamics-dense/quality_vs_useful_wall_time.svg -> build/bdist.linux-x86_64/wheel/embedding_optimizer_study-0.1.0.data/data/share/embedding-optimizer-study/reports/retrieval-dynamics-dense
2026-09-13T16:15:03.5253638Z copying reports/retrieval-dynamics-dense/run_first_passage.csv -> build/bdist.linux-x86_64/wheel/embedding_optimizer_study-0.1.0.data/data/share/embedding-optimizer-study/reports/retrieval-dynamics-dense
2026-09-13T16:15:03.5255050Z copying reports/retrieval-dynamics-dense/summary_manifest.json -> build/bdist.linux-x86_64/wheel/embedding_optimizer_study-0.1.0.data/data/share/embedding-optimizer-study/reports/retrieval-dynamics-dense
2026-09-13T16:15:03.5256584Z copying reports/retrieval-dynamics-dense/task_delta_stability.csv -> build/bdist.linux-x86_64/wheel/embedding_optimizer_study-0.1.0.data/data/share/embedding-optimizer-study/reports/retrieval-dynamics-dense
2026-09-13T16:15:03.5258135Z creating build/bdist.linux-x86_64/wheel/embedding_optimizer_study-0.1.0.data/data/share/embedding-optimizer-study/reports/dense-retrieval-dynamics
2026-09-13T16:15:03.5259321Z copying reports/dense-retrieval-dynamics/README.md -> build/bdist.linux-x86_64/wheel/embedding_optimizer_study-0.1.0.data/data/share/embedding-optimizer-study/reports/dense-retrieval-dynamics
2026-09-13T16:15:03.5260871Z copying reports/dense-retrieval-dynamics/confirmatory-evaluation-receipt.json -> build/bdist.linux-x86_64/wheel/embedding_optimizer_study-0.1.0.data/data/share/embedding-optimizer-study/reports/dense-retrieval-dynamics
2026-09-13T16:15:03.5262773Z copying reports/dense-retrieval-dynamics/evaluation-receipt.json -> build/bdist.linux-x86_64/wheel/embedding_optimizer_study-0.1.0.data/data/share/embedding-optimizer-study/reports/dense-retrieval-dynamics
2026-09-13T16:15:03.5264258Z copying reports/dense-retrieval-dynamics/five_stage_retrieval_dynamics.csv -> build/bdist.linux-x86_64/wheel/embedding_optimizer_study-0.1.0.data/data/share/embedding-optimizer-study/reports/dense-retrieval-dynamics
2026-09-13T16:15:03.5265787Z copying reports/dense-retrieval-dynamics/five_stage_retrieval_dynamics.pdf -> build/bdist.linux-x86_64/wheel/embedding_optimizer_study-0.1.0.data/data/share/embedding-optimizer-study/reports/dense-retrieval-dynamics
2026-09-13T16:15:03.5267865Z copying reports/dense-retrieval-dynamics/five_stage_retrieval_dynamics.svg -> build/bdist.linux-x86_64/wheel/embedding_optimizer_study-0.1.0.data/data/share/embedding-optimizer-study/reports/dense-retrieval-dynamics
2026-09-13T16:15:03.5269251Z copying reports/dense-retrieval-dynamics/hybrid-evaluation-receipt.json -> build/bdist.linux-x86_64/wheel/embedding_optimizer_study-0.1.0.data/data/share/embedding-optimizer-study/reports/dense-retrieval-dynamics
2026-09-13T16:15:03.5270732Z copying reports/dense-retrieval-dynamics/summary_manifest.json -> build/bdist.linux-x86_64/wheel/embedding_optimizer_study-0.1.0.data/data/share/embedding-optimizer-study/reports/dense-retrieval-dynamics
2026-09-13T16:15:03.5271942Z creating build/bdist.linux-x86_64/wheel/embedding_optimizer_study-0.1.0.data/data/share/embedding-optimizer-study/reports/wandb
2026-09-13T16:15:03.5272906Z copying reports/wandb/dense_source_provenance_audit.json -> build/bdist.linux-x86_64/wheel/embedding_optimizer_study-0.1.0.data/data/share/embedding-optimizer-study/reports/wandb
2026-09-13T16:15:03.5273903Z creating build/bdist.linux-x86_64/wheel/embedding_optimizer_study-0.1.0.data/data/share/embedding-optimizer-study/reports/confirmatory-data
2026-09-13T16:15:03.5274939Z copying reports/confirmatory-data/receipt.json -> build/bdist.linux-x86_64/wheel/embedding_optimizer_study-0.1.0.data/data/share/embedding-optimizer-study/reports/confirmatory-data
2026-09-13T16:15:03.5276047Z creating build/bdist.linux-x86_64/wheel/embedding_optimizer_study-0.1.0.data/data/share/embedding-optimizer-study/reports/short-branch
2026-09-13T16:15:03.5277033Z copying reports/short-branch/subset-receipt.json -> build/bdist.linux-x86_64/wheel/embedding_optimizer_study-0.1.0.data/data/share/embedding-optimizer-study/reports/short-branch
2026-09-13T16:15:03.5278028Z creating build/bdist.linux-x86_64/wheel/embedding_optimizer_study-0.1.0.data/data/share/embedding-optimizer-study/reports/tail-stability
2026-09-13T16:15:03.5278993Z copying reports/tail-stability/README.md -> build/bdist.linux-x86_64/wheel/embedding_optimizer_study-0.1.0.data/data/share/embedding-optimizer-study/reports/tail-stability
2026-09-13T16:15:03.5280136Z copying reports/tail-stability/discovery_anchor_tail.csv -> build/bdist.linux-x86_64/wheel/embedding_optimizer_study-0.1.0.data/data/share/embedding-optimizer-study/reports/tail-stability
2026-09-13T16:15:03.5281312Z copying reports/tail-stability/discovery_cross_tail.csv -> build/bdist.linux-x86_64/wheel/embedding_optimizer_study-0.1.0.data/data/share/embedding-optimizer-study/reports/tail-stability
2026-09-13T16:15:03.5282620Z copying reports/tail-stability/discovery_cross_tail_summary.csv -> build/bdist.linux-x86_64/wheel/embedding_optimizer_study-0.1.0.data/data/share/embedding-optimizer-study/reports/tail-stability
2026-09-13T16:15:03.5283837Z copying reports/tail-stability/discovery_family_contrasts.csv -> build/bdist.linux-x86_64/wheel/embedding_optimizer_study-0.1.0.data/data/share/embedding-optimizer-study/reports/tail-stability
2026-09-13T16:15:03.5285020Z copying reports/tail-stability/summary_manifest.json -> build/bdist.linux-x86_64/wheel/embedding_optimizer_study-0.1.0.data/data/share/embedding-optimizer-study/reports/tail-stability
2026-09-13T16:15:03.5285723Z running install_egg_info
2026-09-13T16:15:03.5286233Z Copying src/embedding_optimizer_study.egg-info to build/bdist.linux-x86_64/wheel/./embedding_optimizer_study-0.1.0-py3.12.egg-info
2026-09-13T16:15:03.5286764Z running install_scripts
2026-09-13T16:15:03.5287112Z creating build/bdist.linux-x86_64/wheel/embedding_optimizer_study-0.1.0.dist-info/WHEEL
2026-09-13T16:15:03.5288050Z creating '/home/runner/work/embedding-optimizer-study/embedding-optimizer-study/dist/.tmp-6pxt6fvn/embedding_optimizer_study-0.1.0-py3-none-any.whl' and adding 'build/bdist.linux-x86_64/wheel' to it
2026-09-13T16:15:03.5288820Z adding 'embed_optim/__init__.py'
2026-09-13T16:15:03.5298206Z adding 'embed_optim/aggregate.py'
2026-09-13T16:15:03.5301076Z adding 'embed_optim/artifact_inventory.py'
2026-09-13T16:15:03.5314425Z adding 'embed_optim/basis_sensitivity.py'
2026-09-13T16:15:03.5319705Z adding 'embed_optim/beir_probe.py'
2026-09-13T16:15:03.5323057Z adding 'embed_optim/bridge_exact_arithmetic.py'
2026-09-13T16:15:03.5326066Z adding 'embed_optim/bridge_named_features.py'
2026-09-13T16:15:03.5329425Z adding 'embed_optim/bridge_numerics.py'
2026-09-13T16:15:03.5332962Z adding 'embed_optim/callbacks.py'
2026-09-13T16:15:03.5342767Z adding 'embed_optim/candidate_breadth_data.py'
2026-09-13T16:15:03.5348618Z adding 'embed_optim/candidate_breadth_evaluation.py'
2026-09-13T16:15:03.5352201Z adding 'embed_optim/candidate_breadth_matrix.py'
2026-09-13T16:15:03.5358647Z adding 'embed_optim/candidate_breadth_publication.py'
2026-09-13T16:15:03.5364961Z adding 'embed_optim/candidate_breadth_release.py'
2026-09-13T16:15:03.5373252Z adding 'embed_optim/candidate_breadth_summary.py'
2026-09-13T16:15:03.5382243Z adding 'embed_optim/causal_chain_rendering.py'
2026-09-13T16:15:03.5398924Z adding 'embed_optim/causal_chain_reporting.py'
2026-09-13T16:15:03.5403579Z adding 'embed_optim/checkpoint_watch.py'
2026-09-13T16:15:03.5405622Z adding 'embed_optim/collators.py'
2026-09-13T16:15:03.5411905Z adding 'embed_optim/common_state_matrix.py'
2026-09-13T16:15:03.5423011Z adding 'embed_optim/common_state_spectra.py'
2026-09-13T16:15:03.5427665Z adding 'embed_optim/common_state_spectrum_plot.py'
2026-09-13T16:15:03.5434844Z adding 'embed_optim/common_state_summary.py'
2026-09-13T16:15:03.5439441Z adding 'embed_optim/complete_paper_document.py'
2026-09-13T16:15:03.5442339Z adding 'embed_optim/completion_backup_contract_migration.py'
2026-09-13T16:15:03.5445756Z adding 'embed_optim/completion_contract_migration.py'
2026-09-13T16:15:03.5448846Z adding 'embed_optim/config.py'
2026-09-13T16:15:03.5458993Z adding 'embed_optim/confirmatory_data.py'
2026-09-13T16:15:03.5463090Z adding 'embed_optim/confirmatory_evaluation.py'
2026-09-13T16:15:03.5467063Z adding 'embed_optim/confirmatory_matrix.py'
2026-09-13T16:15:03.5471590Z adding 'embed_optim/confirmatory_summary.py'
2026-09-13T16:15:03.5478752Z adding 'embed_optim/corpus_size_diagnostic.py'
2026-09-13T16:15:03.5482177Z adding 'embed_optim/corrected_beir_evaluation.py'
2026-09-13T16:15:03.5485435Z adding 'embed_optim/corrected_checkpoint_backup.py'
2026-09-13T16:15:03.5490703Z adding 'embed_optim/corrected_completion_pipeline.py'
2026-09-13T16:15:03.5496032Z adding 'embed_optim/corrected_execution_sensitivity.py'
2026-09-13T16:15:03.5498750Z adding 'embed_optim/corrected_geometry_matrix.py'
2026-09-13T16:15:03.5504834Z adding 'embed_optim/corrected_geometry_summary.py'
2026-09-13T16:15:03.5506776Z adding 'embed_optim/corrected_input_execution.py'
2026-09-13T16:15:03.5511923Z adding 'embed_optim/corrected_outcome_summary.py'
2026-09-13T16:15:03.5515589Z adding 'embed_optim/corrected_progress.py'
2026-09-13T16:15:03.5526154Z adding 'embed_optim/corrected_publication.py'
2026-09-13T16:15:03.5534130Z adding 'embed_optim/corrected_retrieval_bridge.py'
2026-09-13T16:15:03.5537076Z adding 'embed_optim/corrected_validation_evaluation.py'
2026-09-13T16:15:03.5540518Z adding 'embed_optim/corrected_validation_matrix.py'
2026-09-13T16:15:03.5544892Z adding 'embed_optim/corrected_wandb_audit.py'
2026-09-13T16:15:03.5547867Z adding 'embed_optim/current_paper.py'
2026-09-13T16:15:03.5552822Z adding 'embed_optim/data.py'
2026-09-13T16:15:03.5555824Z adding 'embed_optim/decontamination.py'
2026-09-13T16:15:03.5564976Z adding 'embed_optim/dense_completion_pipeline.py'
2026-09-13T16:15:03.5577094Z adding 'embed_optim/dense_eval_handoff.py'
2026-09-13T16:15:03.5584113Z adding 'embed_optim/dense_finalization_pipeline.py'
2026-09-13T16:15:03.5586921Z adding 'embed_optim/dense_no_packing_preflight.py'
2026-09-13T16:15:03.5589977Z adding 'embed_optim/dense_numerical_contract.py'
2026-09-13T16:15:03.5597043Z adding 'embed_optim/dense_retrieval_dynamics_evaluation.py'
2026-09-13T16:15:03.5601615Z adding 'embed_optim/dense_retrieval_dynamics_publication.py'
2026-09-13T16:15:03.5609393Z adding 'embed_optim/dense_retrieval_dynamics_summary.py'
2026-09-13T16:15:03.5614138Z adding 'embed_optim/dense_run_contract.py'
2026-09-13T16:15:03.5618950Z adding 'embed_optim/dimension_archive.py'
2026-09-13T16:15:03.5623432Z adding 'embed_optim/dimension_inference.py'
2026-09-13T16:15:03.5626357Z adding 'embed_optim/dimension_inference_render.py'
2026-09-13T16:15:03.5629033Z adding 'embed_optim/dimension_intervention_io.py'
2026-09-13T16:15:03.5632533Z adding 'embed_optim/dimension_interventions.py'
2026-09-13T16:15:03.5644650Z adding 'embed_optim/dimension_publication.py'
2026-09-13T16:15:03.5647983Z adding 'embed_optim/dimension_release.py'
2026-09-13T16:15:03.5652583Z adding 'embed_optim/dimension_replay.py'
2026-09-13T16:15:03.5661385Z adding 'embed_optim/dimension_utilization.py'
2026-09-13T16:15:03.5668921Z adding 'embed_optim/distribution_audit.py'
2026-09-13T16:15:03.5681711Z adding 'embed_optim/dose_band_analysis.py'
2026-09-13T16:15:03.5690262Z adding 'embed_optim/evaluate_matrix.py'
2026-09-13T16:15:03.5695510Z adding 'embed_optim/evaluation_progress.py'
2026-09-13T16:15:03.5713953Z adding 'embed_optim/evaluation_source_archive.py'
2026-09-13T16:15:03.5718835Z adding 'embed_optim/evaluation_source_provenance.py'
2026-09-13T16:15:03.5723306Z adding 'embed_optim/evaluation_supervisor.py'
2026-09-13T16:15:03.5726450Z adding 'embed_optim/evaluation_utils.py'
2026-09-13T16:15:03.5730325Z adding 'embed_optim/exact_bridge_measurements.py'
2026-09-13T16:15:03.5732992Z adding 'embed_optim/factorial_v3_batches.py'
2026-09-13T16:15:03.5736641Z adding 'embed_optim/factorial_v3_bound_trainer.py'
2026-09-13T16:15:03.5742126Z adding 'embed_optim/factorial_v3_calibration.py'
2026-09-13T16:15:03.5745125Z adding 'embed_optim/factorial_v3_checkpoint.py'
2026-09-13T16:15:03.5749835Z adding 'embed_optim/factorial_v3_factory.py'
2026-09-13T16:15:03.5754823Z adding 'embed_optim/factorial_v3_inputs.py'
2026-09-13T16:15:03.5760802Z adding 'embed_optim/factorial_v3_optimizer.py'
2026-09-13T16:15:03.5769267Z adding 'embed_optim/factorial_v3_run_contract.py'
2026-09-13T16:15:03.5774375Z adding 'embed_optim/factorial_v3_trainer.py'
2026-09-13T16:15:03.5780956Z adding 'embed_optim/factorial_v3_worker.py'
2026-09-13T16:15:03.5788372Z adding 'embed_optim/family_training_queue.py'
2026-09-13T16:15:03.5795479Z adding 'embed_optim/functional_intervention.py'
2026-09-13T16:15:03.5800345Z adding 'embed_optim/functional_intervention_matrix.py'
2026-09-13T16:15:03.5805517Z adding 'embed_optim/functional_intervention_summary.py'
2026-09-13T16:15:03.5812569Z adding 'embed_optim/geometry.py'
2026-09-13T16:15:03.5817616Z adding 'embed_optim/geometry_plot.py'
2026-09-13T16:15:03.5820910Z adding 'embed_optim/geometry_robustness.py'
2026-09-13T16:15:03.5825900Z adding 'embed_optim/geometry_summary.py'
2026-09-13T16:15:03.5829022Z adding 'embed_optim/gpu_lease.py'
2026-09-13T16:15:03.5836516Z adding 'embed_optim/gradient_probe.py'
2026-09-13T16:15:03.5843721Z adding 'embed_optim/hybrid_control.py'
2026-09-13T16:15:03.5846027Z adding 'embed_optim/hybrid_evaluation.py'
2026-09-13T16:15:03.5850822Z adding 'embed_optim/incremental_checkpoint_backup.py'
2026-09-13T16:15:03.5857700Z adding 'embed_optim/local_global_reversal.py'
2026-09-13T16:15:03.5860252Z adding 'embed_optim/losses.py'
2026-09-13T16:15:03.5865642Z adding 'embed_optim/matrix.py'
2026-09-13T16:15:03.5869322Z adding 'embed_optim/matrix_handoff_guard.py'
2026-09-13T16:15:03.5877180Z adding 'embed_optim/mechanism_bridge.py'
2026-09-13T16:15:03.5889925Z adding 'embed_optim/mechanism_report.py'
2026-09-13T16:15:03.5893184Z adding 'embed_optim/optimizer_state_devices.py'
2026-09-13T16:15:03.5896890Z adding 'embed_optim/optimizers.py'
2026-09-13T16:15:03.5909773Z adding 'embed_optim/outcome_report.py'
2026-09-13T16:15:03.5914333Z adding 'embed_optim/packing_invariance.py'
2026-09-13T16:15:03.5943348Z adding 'embed_optim/paper_audit.py'
2026-09-13T16:15:03.5947547Z adding 'embed_optim/paper_layout.py'
2026-09-13T16:15:03.5952100Z adding 'embed_optim/paper_reproduction.py'
2026-09-13T16:15:03.5966705Z adding 'embed_optim/paper_results.py'
2026-09-13T16:15:03.5976301Z adding 'embed_optim/post_eval_pipeline.py'
2026-09-13T16:15:03.5985017Z adding 'embed_optim/primary_completion.py'
2026-09-13T16:15:03.5989349Z adding 'embed_optim/primary_contract.py'
2026-09-13T16:15:03.5993373Z adding 'embed_optim/primary_data_revision.py'
2026-09-13T16:15:03.5999516Z adding 'embed_optim/primary_dimension_probe.py'
2026-09-13T16:15:03.6004209Z adding 'embed_optim/primary_exact_geometry_kernels.py'
2026-09-13T16:15:03.6007671Z adding 'embed_optim/primary_geometry_kernels.py'
2026-09-13T16:15:03.6009610Z adding 'embed_optim/primary_geometry_reductions.py'
2026-09-13T16:15:03.6013871Z adding 'embed_optim/primary_io.py'
2026-09-13T16:15:03.6016488Z adding 'embed_optim/primary_training.py'
2026-09-13T16:15:03.6020427Z adding 'embed_optim/primary_v3_bridge.py'
2026-09-13T16:15:03.6023783Z adding 'embed_optim/primary_v3_completion.py'
2026-09-13T16:15:03.6027215Z adding 'embed_optim/primary_v3_contract.py'
2026-09-13T16:15:03.6031513Z adding 'embed_optim/primary_v3_dimension_contract.py'
2026-09-13T16:15:03.6036032Z adding 'embed_optim/primary_v3_dimension_exports.py'
2026-09-13T16:15:03.6039623Z adding 'embed_optim/primary_v3_dimension_inference.py'
2026-09-13T16:15:03.6043610Z adding 'embed_optim/primary_v3_dimension_vector_io.py'
2026-09-13T16:15:03.6047173Z adding 'embed_optim/primary_v3_dimensions.py'
2026-09-13T16:15:03.6051390Z adding 'embed_optim/primary_v3_exact_bridge.py'
2026-09-13T16:15:03.6056365Z adding 'embed_optim/primary_v3_exact_geometry.py'
2026-09-13T16:15:03.6059915Z adding 'embed_optim/primary_v3_exact_geometry_io.py'
2026-09-13T16:15:03.6063989Z adding 'embed_optim/primary_v3_exact_geometry_primitives.py'
2026-09-13T16:15:03.6067837Z adding 'embed_optim/primary_v3_exact_publication.py'
2026-09-13T16:15:03.6070805Z adding 'embed_optim/primary_v3_exact_publication_contract.py'
2026-09-13T16:15:03.6074367Z adding 'embed_optim/primary_v3_exact_publication_render.py'
2026-09-13T16:15:03.6078593Z adding 'embed_optim/primary_v3_exact_reconstruction.py'
2026-09-13T16:15:03.6081692Z adding 'embed_optim/primary_v3_exact_reconstruction_archive.py'
2026-09-13T16:15:03.6086527Z adding 'embed_optim/primary_v3_geometry.py'
2026-09-13T16:15:03.6090417Z adding 'embed_optim/primary_v3_geometry_io.py'
2026-09-13T16:15:03.6095076Z adding 'embed_optim/primary_v3_geometry_primitives.py'
2026-09-13T16:15:03.6098642Z adding 'embed_optim/primary_v3_geometry_reconstruction.py'
2026-09-13T16:15:03.6102360Z adding 'embed_optim/primary_v3_io.py'
2026-09-13T16:15:03.6106930Z adding 'embed_optim/primary_v3_joint_reconstruction.py'
2026-09-13T16:15:03.6111741Z adding 'embed_optim/primary_v3_manuscript.py'
2026-09-13T16:15:03.6116025Z adding 'embed_optim/primary_v3_manuscript_build.py'
2026-09-13T16:15:03.6120894Z adding 'embed_optim/primary_v3_outcome_primitives.py'
2026-09-13T16:15:03.6124141Z adding 'embed_optim/primary_v3_outcome_reconstruction.py'
2026-09-13T16:15:03.6129725Z adding 'embed_optim/primary_v3_outcomes.py'
2026-09-13T16:15:03.6132191Z adding 'embed_optim/primary_v3_paper_layout.py'
2026-09-13T16:15:03.6136088Z adding 'embed_optim/primary_v3_publication.py'
2026-09-13T16:15:03.6139341Z adding 'embed_optim/primary_v3_publication_archive.py'
2026-09-13T16:15:03.6142188Z adding 'embed_optim/primary_v3_publication_bridge.py'
2026-09-13T16:15:03.6145430Z adding 'embed_optim/primary_v3_publication_contract.py'
2026-09-13T16:15:03.6149157Z adding 'embed_optim/primary_v3_publication_reconstruction.py'
2026-09-13T16:15:03.6152043Z adding 'embed_optim/primary_v3_publication_render.py'
2026-09-13T16:15:03.6155365Z adding 'embed_optim/primary_v3_publication_tables.py'
2026-09-13T16:15:03.6158650Z adding 'embed_optim/primary_v3_reconstruction_authoring.py'
2026-09-13T16:15:03.6163109Z adding 'embed_optim/primary_v3_reconstruction_inputs.py'
2026-09-13T16:15:03.6166474Z adding 'embed_optim/primary_v3_reconstruction_sources.py'
2026-09-13T16:15:03.6169391Z adding 'embed_optim/primary_v3_training.py'
2026-09-13T16:15:03.6174529Z adding 'embed_optim/primary_v3_validation.py'
2026-09-13T16:15:03.6178466Z adding 'embed_optim/primary_v3_validation_io.py'
2026-09-13T16:15:03.6181738Z adding 'embed_optim/primary_v3_vector_reconstruction.py'
2026-09-13T16:15:03.6186243Z adding 'embed_optim/primary_weight_entries.py'
2026-09-13T16:15:03.6192036Z adding 'embed_optim/probe_export.py'
2026-09-13T16:15:03.6198057Z adding 'embed_optim/probe_matrix.py'
2026-09-13T16:15:03.6202805Z adding 'embed_optim/probes.py'
2026-09-13T16:15:03.6205177Z adding 'embed_optim/pylate_compat.py'
2026-09-13T16:15:03.6208366Z adding 'embed_optim/reconstruction_files.py'
2026-09-13T16:15:03.6217933Z adding 'embed_optim/representation_geometry.py'
2026-09-13T16:15:03.6224708Z adding 'embed_optim/representation_plot.py'
2026-09-13T16:15:03.6229649Z adding 'embed_optim/representation_summary.py'
2026-09-13T16:15:03.6240687Z adding 'embed_optim/retrieval_dynamics.py'
2026-09-13T16:15:03.6244073Z adding 'embed_optim/runtime.py'
2026-09-13T16:15:03.6247870Z adding 'embed_optim/saved_factorial_checkpoint.py'
2026-09-13T16:15:03.6250590Z adding 'embed_optim/scope.py'
2026-09-13T16:15:03.6256865Z adding 'embed_optim/sealed_checkpoint_supervisor.py'
2026-09-13T16:15:03.6264094Z adding 'embed_optim/short_branch.py'
2026-09-13T16:15:03.6269909Z adding 'embed_optim/short_branch_evaluation.py'
2026-09-13T16:15:03.6276150Z adding 'embed_optim/short_branch_summary.py'
2026-09-13T16:15:03.6285559Z adding 'embed_optim/spectral_transplant.py'
2026-09-13T16:15:03.6290849Z adding 'embed_optim/spectral_transplant_matrix.py'
2026-09-13T16:15:03.6297740Z adding 'embed_optim/spectral_transplant_summary.py'
2026-09-13T16:15:03.6309429Z adding 'embed_optim/state_operator_factorial.py'
2026-09-13T16:15:03.6313502Z adding 'embed_optim/state_operator_factorial_backup.py'
2026-09-13T16:15:03.6321685Z adding 'embed_optim/state_operator_factorial_completion.py'
2026-09-13T16:15:03.6324850Z adding 'embed_optim/state_operator_factorial_contract.py'
2026-09-13T16:15:03.6329317Z adding 'embed_optim/state_operator_factorial_evaluation.py'
2026-09-13T16:15:03.6337022Z adding 'embed_optim/state_operator_factorial_probe.py'
2026-09-13T16:15:03.6342777Z adding 'embed_optim/state_operator_factorial_publication.py'
2026-09-13T16:15:03.6350081Z adding 'embed_optim/state_operator_factorial_summary.py'
2026-09-13T16:15:03.6353429Z adding 'embed_optim/state_operator_factorial_training.py'
2026-09-13T16:15:03.6356769Z adding 'embed_optim/supervisor.py'
2026-09-13T16:15:03.6360783Z adding 'embed_optim/supplemental_training_audit.py'
2026-09-13T16:15:03.6374425Z adding 'embed_optim/tail_stability.py'
2026-09-13T16:15:03.6382835Z adding 'embed_optim/temporal_short_branch.py'
2026-09-13T16:15:03.6389647Z adding 'embed_optim/temporal_short_branch_predictors.py'
2026-09-13T16:15:03.6394853Z adding 'embed_optim/three_regime_diagnostic.py'
2026-09-13T16:15:03.6401619Z adding 'embed_optim/train.py'
2026-09-13T16:15:03.6405933Z adding 'embed_optim/training_dynamics.py'
2026-09-13T16:15:03.6410756Z adding 'embed_optim/training_dynamics_plot.py'
2026-09-13T16:15:03.6417394Z adding 'embed_optim/update_geometry.py'
2026-09-13T16:15:03.6423973Z adding 'embed_optim/validation_data.py'
2026-09-13T16:15:03.6427741Z adding 'embed_optim/validation_evaluation.py'
2026-09-13T16:15:03.6431731Z adding 'embed_optim/validation_matrix.py'
2026-09-13T16:15:03.6435719Z adding 'embed_optim/validation_summary.py'
2026-09-13T16:15:03.6444526Z adding 'embed_optim/wandb_dense_provenance_audit.py'
2026-09-13T16:15:03.6451878Z adding 'embed_optim/wandb_sync.py'
2026-09-13T16:15:03.6454322Z adding 'embed_optim_restore/__init__.py'
2026-09-13T16:15:03.6456146Z adding 'embed_optim_restore/__main__.py'
2026-09-13T16:15:03.6459753Z adding 'embed_optim_restore/entry.py'
2026-09-13T16:15:03.6462092Z adding 'embed_optim_restore/equality.py'
2026-09-13T16:15:03.6464299Z adding 'embed_optim_restore/gate.py'
2026-09-13T16:15:03.6466762Z adding 'embed_optim_restore/paired.py'
2026-09-13T16:15:03.6469364Z adding 'embed_optim_restore/reference.py'
2026-09-13T16:15:03.6472377Z adding 'embed_optim_restore/step_devices.py'
2026-09-13T16:15:03.6475351Z adding 'embed_optim_restore/trace.py'
2026-09-13T16:15:03.6500602Z adding 'embed_optim_restore/references/a-0-cold.json'
2026-09-13T16:15:03.6525649Z adding 'embed_optim_restore/references/a-0-warm.json'
2026-09-13T16:15:03.6552040Z adding 'embed_optim_restore/references/a-1-cold.json'
2026-09-13T16:15:03.6576772Z adding 'embed_optim_restore/references/a-1-warm.json'
2026-09-13T16:15:03.6603092Z adding 'embed_optim_restore/references/a-2-cold.json'
2026-09-13T16:15:03.6628034Z adding 'embed_optim_restore/references/a-2-warm.json'
2026-09-13T16:15:03.6656160Z adding 'embed_optim_restore/references/a-3-cold.json'
2026-09-13T16:15:03.6680956Z adding 'embed_optim_restore/references/a-3-warm.json'
2026-09-13T16:15:03.6707329Z adding 'embed_optim_restore/references/b-0-cold.json'
2026-09-13T16:15:03.6732053Z adding 'embed_optim_restore/references/b-0-warm.json'
2026-09-13T16:15:03.6758395Z adding 'embed_optim_restore/references/b-1-cold.json'
2026-09-13T16:15:03.6782953Z adding 'embed_optim_restore/references/b-1-warm.json'
2026-09-13T16:15:03.6810259Z adding 'embed_optim_restore/references/b-2-cold.json'
2026-09-13T16:15:03.6835296Z adding 'embed_optim_restore/references/b-2-warm.json'
2026-09-13T16:15:03.6861341Z adding 'embed_optim_restore/references/b-3-cold.json'
2026-09-13T16:15:03.6886101Z adding 'embed_optim_restore/references/b-3-warm.json'
2026-09-13T16:15:03.6894473Z adding 'embedding_optimizer_study-0.1.0.data/data/share/embedding-optimizer-study/AGENTS.md'
2026-09-13T16:15:03.6896690Z adding 'embedding_optimizer_study-0.1.0.data/data/share/embedding-optimizer-study/CITATION.cff'
2026-09-13T16:15:03.6898994Z adding 'embedding_optimizer_study-0.1.0.data/data/share/embedding-optimizer-study/CODE_OF_CONDUCT.md'
2026-09-13T16:15:03.6901714Z adding 'embedding_optimizer_study-0.1.0.data/data/share/embedding-optimizer-study/CONTRIBUTING.md'
2026-09-13T16:15:03.6905320Z adding 'embedding_optimizer_study-0.1.0.data/data/share/embedding-optimizer-study/CURRENT_EXPERIMENT.md'
2026-09-13T16:15:03.6907793Z adding 'embedding_optimizer_study-0.1.0.data/data/share/embedding-optimizer-study/CURRENT_PROGRESS.json'
2026-09-13T16:15:03.6912754Z adding 'embedding_optimizer_study-0.1.0.data/data/share/embedding-optimizer-study/PROJECT_STATUS.md'
2026-09-13T16:15:03.6915010Z adding 'embedding_optimizer_study-0.1.0.data/data/share/embedding-optimizer-study/SECURITY.md'
2026-09-13T16:15:03.6917917Z adding 'embedding_optimizer_study-0.1.0.data/data/share/embedding-optimizer-study/THIRD_PARTY_NOTICES.md'
2026-09-13T16:15:03.6919832Z adding 'embedding_optimizer_study-0.1.0.data/data/share/embedding-optimizer-study/requirements-formal-flash.txt'
2026-09-13T16:15:03.6990481Z adding 'embedding_optimizer_study-0.1.0.data/data/share/embedding-optimizer-study/requirements-formal.lock'
2026-09-13T16:15:03.6995571Z adding 'embedding_optimizer_study-0.1.0.data/data/share/embedding-optimizer-study/configs/basis_sensitivity.json'
2026-09-13T16:15:03.6998226Z adding 'embedding_optimizer_study-0.1.0.data/data/share/embedding-optimizer-study/configs/beir_representation_probe.json'
2026-09-13T16:15:03.7001093Z adding 'embedding_optimizer_study-0.1.0.data/data/share/embedding-optimizer-study/configs/candidate_breadth_probe.json'
2026-09-13T16:15:03.7005652Z adding 'embedding_optimizer_study-0.1.0.data/data/share/embedding-optimizer-study/configs/causal_chain_analysis.json'
2026-09-13T16:15:03.7008032Z adding 'embedding_optimizer_study-0.1.0.data/data/share/embedding-optimizer-study/configs/common_state_probe.json'
2026-09-13T16:15:03.7010293Z adding 'embedding_optimizer_study-0.1.0.data/data/share/embedding-optimizer-study/configs/common_state_spectrum_probe.json'
2026-09-13T16:15:03.7013015Z adding 'embedding_optimizer_study-0.1.0.data/data/share/embedding-optimizer-study/configs/confirmatory_protocol.json'
2026-09-13T16:15:03.7015353Z adding 'embedding_optimizer_study-0.1.0.data/data/share/embedding-optimizer-study/configs/corpus_size_diagnostic.json'
2026-09-13T16:15:03.7017497Z adding 'embedding_optimizer_study-0.1.0.data/data/share/embedding-optimizer-study/configs/dense_correctness_candidate.yaml'
2026-09-13T16:15:03.7020952Z adding 'embedding_optimizer_study-0.1.0.data/data/share/embedding-optimizer-study/configs/dense_dimension_utilization_protocol.json'
2026-09-13T16:15:03.7024663Z adding 'embedding_optimizer_study-0.1.0.data/data/share/embedding-optimizer-study/configs/dense_no_packing_analysis_protocol.json'
2026-09-13T16:15:03.7026883Z adding 'embedding_optimizer_study-0.1.0.data/data/share/embedding-optimizer-study/configs/dense_no_packing_backup_provenance_migration.json'
2026-09-13T16:15:03.7029812Z adding 'embedding_optimizer_study-0.1.0.data/data/share/embedding-optimizer-study/configs/dense_no_packing_bridge_implementation_protocol.json'
2026-09-13T16:15:03.7033177Z adding 'embedding_optimizer_study-0.1.0.data/data/share/embedding-optimizer-study/configs/dense_no_packing_bridge_implementation_protocol_v2.json'
2026-09-13T16:15:03.7035439Z adding 'embedding_optimizer_study-0.1.0.data/data/share/embedding-optimizer-study/configs/dense_no_packing_completion_contract_migration.json'
2026-09-13T16:15:03.7038148Z adding 'embedding_optimizer_study-0.1.0.data/data/share/embedding-optimizer-study/configs/dense_no_packing_evaluation_protocol.json'
2026-09-13T16:15:03.7041311Z adding 'embedding_optimizer_study-0.1.0.data/data/share/embedding-optimizer-study/configs/dense_no_packing_execution_protocol.json'
2026-09-13T16:15:03.7043831Z adding 'embedding_optimizer_study-0.1.0.data/data/share/embedding-optimizer-study/configs/dense_no_packing_matrix_handoff_guard.json'
2026-09-13T16:15:03.7047053Z adding 'embedding_optimizer_study-0.1.0.data/data/share/embedding-optimizer-study/configs/dense_no_packing_outcome_protocol.json'
2026-09-13T16:15:03.7049081Z adding 'embedding_optimizer_study-0.1.0.data/data/share/embedding-optimizer-study/configs/dense_no_packing_preflight.yaml'
2026-09-13T16:15:03.7051938Z adding 'embedding_optimizer_study-0.1.0.data/data/share/embedding-optimizer-study/configs/dense_no_packing_preflight_protocol.json'
2026-09-13T16:15:03.7054242Z adding 'embedding_optimizer_study-0.1.0.data/data/share/embedding-optimizer-study/configs/dense_no_packing_publication_layout_migration.json'
2026-09-13T16:15:03.7056456Z adding 'embedding_optimizer_study-0.1.0.data/data/share/embedding-optimizer-study/configs/dense_no_packing_publication_narrative_migration.json'
2026-09-13T16:15:03.7060269Z adding 'embedding_optimizer_study-0.1.0.data/data/share/embedding-optimizer-study/configs/dense_no_packing_publication_protocol.json'
2026-09-13T16:15:03.7062433Z adding 'embedding_optimizer_study-0.1.0.data/data/share/embedding-optimizer-study/configs/dense_no_packing_retrain.yaml'
2026-09-13T16:15:03.7065469Z adding 'embedding_optimizer_study-0.1.0.data/data/share/embedding-optimizer-study/configs/dense_no_packing_sensitivity_implementation_protocol.json'
2026-09-13T16:15:03.7068088Z adding 'embedding_optimizer_study-0.1.0.data/data/share/embedding-optimizer-study/configs/dense_no_packing_state_operator_abstract_compliance_migration.json'
2026-09-13T16:15:03.7071119Z adding 'embedding_optimizer_study-0.1.0.data/data/share/embedding-optimizer-study/configs/dense_no_packing_state_operator_claim_wording_amendment.json'
2026-09-13T16:15:03.7074844Z adding 'embedding_optimizer_study-0.1.0.data/data/share/embedding-optimizer-study/configs/dense_no_packing_state_operator_factorial_completion_protocol.json'
2026-09-13T16:15:03.7079370Z adding 'embedding_optimizer_study-0.1.0.data/data/share/embedding-optimizer-study/configs/dense_no_packing_state_operator_factorial_implementation_protocol.json'
2026-09-13T16:15:03.7083556Z adding 'embedding_optimizer_study-0.1.0.data/data/share/embedding-optimizer-study/configs/dense_no_packing_state_operator_factorial_protocol.json'
2026-09-13T16:15:03.7086753Z adding 'embedding_optimizer_study-0.1.0.data/data/share/embedding-optimizer-study/configs/dense_no_packing_state_operator_factorial_publication_protocol.json'
2026-09-13T16:15:03.7089427Z adding 'embedding_optimizer_study-0.1.0.data/data/share/embedding-optimizer-study/configs/dense_no_packing_state_operator_weight_space_narrative_migration.json'
2026-09-13T16:15:03.7092289Z adding 'embedding_optimizer_study-0.1.0.data/data/share/embedding-optimizer-study/configs/dense_primary_dimension_archive_protocol.json'
2026-09-13T16:15:03.7095329Z adding 'embedding_optimizer_study-0.1.0.data/data/share/embedding-optimizer-study/configs/dense_primary_dimension_export_protocol.json'
2026-09-13T16:15:03.7098374Z adding 'embedding_optimizer_study-0.1.0.data/data/share/embedding-optimizer-study/configs/dense_primary_dimension_handoff_protocol.json'
2026-09-13T16:15:03.7102978Z adding 'embedding_optimizer_study-0.1.0.data/data/share/embedding-optimizer-study/configs/dense_primary_v2_protocol.json'
2026-09-13T16:15:03.7106666Z adding 'embedding_optimizer_study-0.1.0.data/data/share/embedding-optimizer-study/configs/dense_primary_v3_bridge_protocol.json'
2026-09-13T16:15:03.7112060Z adding 'embedding_optimizer_study-0.1.0.data/data/share/embedding-optimizer-study/configs/dense_primary_v3_data_amendment.json'
2026-09-13T16:15:03.7117235Z adding 'embedding_optimizer_study-0.1.0.data/data/share/embedding-optimizer-study/configs/dense_primary_v3_dimension_inference_protocol.json'
2026-09-13T16:15:03.7121339Z adding 'embedding_optimizer_study-0.1.0.data/data/share/embedding-optimizer-study/configs/dense_primary_v3_dimensions_protocol.json'
2026-09-13T16:15:03.7125612Z adding 'embedding_optimizer_study-0.1.0.data/data/share/embedding-optimizer-study/configs/dense_primary_v3_exact_bridge_protocol.json'
2026-09-13T16:15:03.7128851Z adding 'embedding_optimizer_study-0.1.0.data/data/share/embedding-optimizer-study/configs/dense_primary_v3_exact_geometry_protocol.json'
2026-09-13T16:15:03.7132582Z adding 'embedding_optimizer_study-0.1.0.data/data/share/embedding-optimizer-study/configs/dense_primary_v3_exact_publication_protocol.json'
2026-09-13T16:15:03.7135942Z adding 'embedding_optimizer_study-0.1.0.data/data/share/embedding-optimizer-study/configs/dense_primary_v3_geometry_protocol.json'
2026-09-13T16:15:03.7139402Z adding 'embedding_optimizer_study-0.1.0.data/data/share/embedding-optimizer-study/configs/dense_primary_v3_geometry_protocol_v2.json'
2026-09-13T16:15:03.7142466Z adding 'embedding_optimizer_study-0.1.0.data/data/share/embedding-optimizer-study/configs/dense_primary_v3_outcome_protocol.json'
2026-09-13T16:15:03.7145784Z adding 'embedding_optimizer_study-0.1.0.data/data/share/embedding-optimizer-study/configs/dense_primary_v3_outcome_protocol_v2.json'
2026-09-13T16:15:03.7151083Z adding 'embedding_optimizer_study-0.1.0.data/data/share/embedding-optimizer-study/configs/dense_primary_v3_protocol.json'
2026-09-13T16:15:03.7155158Z adding 'embedding_optimizer_study-0.1.0.data/data/share/embedding-optimizer-study/configs/dense_primary_v3_publication_protocol.json'
2026-09-13T16:15:03.7158151Z adding 'embedding_optimizer_study-0.1.0.data/data/share/embedding-optimizer-study/configs/dense_primary_v3_validation_protocol.json'
2026-09-13T16:15:03.7160588Z adding 'embedding_optimizer_study-0.1.0.data/data/share/embedding-optimizer-study/configs/dense_retrieval_dynamics_extension.json'
2026-09-13T16:15:03.7163174Z adding 'embedding_optimizer_study-0.1.0.data/data/share/embedding-optimizer-study/configs/dense_scope_amendment.json'
2026-09-13T16:15:03.7165388Z adding 'embedding_optimizer_study-0.1.0.data/data/share/embedding-optimizer-study/configs/dense_training_queue.json'
2026-09-13T16:15:03.7167913Z adding 'embedding_optimizer_study-0.1.0.data/data/share/embedding-optimizer-study/configs/dense_weight_entry_measurement_amendment.json'
2026-09-13T16:15:03.7170021Z adding 'embedding_optimizer_study-0.1.0.data/data/share/embedding-optimizer-study/configs/experiment.yaml'
2026-09-13T16:15:03.7172076Z adding 'embedding_optimizer_study-0.1.0.data/data/share/embedding-optimizer-study/configs/formal_runtime.json'
2026-09-13T16:15:03.7174156Z adding 'embedding_optimizer_study-0.1.0.data/data/share/embedding-optimizer-study/configs/formal_runtime_constraints.txt'
2026-09-13T16:15:03.7176599Z adding 'embedding_optimizer_study-0.1.0.data/data/share/embedding-optimizer-study/configs/functional_intervention.json'
2026-09-13T16:15:03.7178624Z adding 'embedding_optimizer_study-0.1.0.data/data/share/embedding-optimizer-study/configs/hybrid_adamw.yaml'
2026-09-13T16:15:03.7180844Z adding 'embedding_optimizer_study-0.1.0.data/data/share/embedding-optimizer-study/configs/hybrid_adamw_control.json'
2026-09-13T16:15:03.7183361Z adding 'embedding_optimizer_study-0.1.0.data/data/share/embedding-optimizer-study/configs/local_global_reversal.json'
2026-09-13T16:15:03.7185658Z adding 'embedding_optimizer_study-0.1.0.data/data/share/embedding-optimizer-study/configs/loss_retrieval_diagnostic.json'
2026-09-13T16:15:03.7187682Z adding 'embedding_optimizer_study-0.1.0.data/data/share/embedding-optimizer-study/configs/mechanism_analysis_integration.json'
2026-09-13T16:15:03.7191266Z adding 'embedding_optimizer_study-0.1.0.data/data/share/embedding-optimizer-study/configs/paper_claim_protocol.json'
2026-09-13T16:15:03.7288295Z adding 'embedding_optimizer_study-0.1.0.data/data/share/embedding-optimizer-study/configs/portable_paper_evidence.json'
2026-09-13T16:15:03.7295293Z adding 'embedding_optimizer_study-0.1.0.data/data/share/embedding-optimizer-study/configs/representation_probe.json'
2026-09-13T16:15:03.7297464Z adding 'embedding_optimizer_study-0.1.0.data/data/share/embedding-optimizer-study/configs/retrieval_dynamics_protocol.json'
2026-09-13T16:15:03.7300078Z adding 'embedding_optimizer_study-0.1.0.data/data/share/embedding-optimizer-study/configs/short_branch_protocol.json'
2026-09-13T16:15:03.7301932Z adding 'embedding_optimizer_study-0.1.0.data/data/share/embedding-optimizer-study/configs/smoke.yaml'
2026-09-13T16:15:03.7305664Z adding 'embedding_optimizer_study-0.1.0.data/data/share/embedding-optimizer-study/configs/spectral_transplant_intervention.json'
2026-09-13T16:15:03.7307561Z adding 'embedding_optimizer_study-0.1.0.data/data/share/embedding-optimizer-study/configs/stress.yaml'
2026-09-13T16:15:03.7310887Z adding 'embedding_optimizer_study-0.1.0.data/data/share/embedding-optimizer-study/configs/tail_stability_analysis.json'
2026-09-13T16:15:03.7313461Z adding 'embedding_optimizer_study-0.1.0.data/data/share/embedding-optimizer-study/configs/three_regime_diagnostic.json'
2026-09-13T16:15:03.7315511Z adding 'embedding_optimizer_study-0.1.0.data/data/share/embedding-optimizer-study/configs/training_data_contract.json'
2026-09-13T16:15:03.7318201Z adding 'embedding_optimizer_study-0.1.0.data/data/share/embedding-optimizer-study/configs/validation_probe.json'
2026-09-13T16:15:03.7321122Z adding 'embedding_optimizer_study-0.1.0.data/data/share/embedding-optimizer-study/configs/generated/confirmatory/seed161803.yaml'
2026-09-13T16:15:03.7323537Z adding 'embedding_optimizer_study-0.1.0.data/data/share/embedding-optimizer-study/configs/generated/confirmatory/seed271828.yaml'
2026-09-13T16:15:03.7325690Z adding 'embedding_optimizer_study-0.1.0.data/data/share/embedding-optimizer-study/configs/generated/confirmatory/seed314159.yaml'
2026-09-13T16:15:03.7328372Z adding 'embedding_optimizer_study-0.1.0.data/data/share/embedding-optimizer-study/configs/generated/short-branch/seed161803.yaml'
2026-09-13T16:15:03.7330632Z adding 'embedding_optimizer_study-0.1.0.data/data/share/embedding-optimizer-study/configs/generated/short-branch/seed271828.yaml'
2026-09-13T16:15:03.7333208Z adding 'embedding_optimizer_study-0.1.0.data/data/share/embedding-optimizer-study/configs/generated/short-branch/seed314159.yaml'
2026-09-13T16:15:03.7336954Z adding 'embedding_optimizer_study-0.1.0.data/data/share/embedding-optimizer-study/docs/checkpoint-restoration.md'
2026-09-13T16:15:03.7345925Z adding 'embedding_optimizer_study-0.1.0.data/data/share/embedding-optimizer-study/docs/completion-gates.md'
2026-09-13T16:15:03.7348998Z adding 'embedding_optimizer_study-0.1.0.data/data/share/embedding-optimizer-study/docs/continuation-outcomes-restoration.md'
2026-09-13T16:15:03.7351811Z adding 'embedding_optimizer_study-0.1.0.data/data/share/embedding-optimizer-study/docs/continuation-probe-restoration.md'
2026-09-13T16:15:03.7354660Z adding 'embedding_optimizer_study-0.1.0.data/data/share/embedding-optimizer-study/docs/current-training-source.md'
2026-09-13T16:15:03.7357485Z adding 'embedding_optimizer_study-0.1.0.data/data/share/embedding-optimizer-study/docs/dense-eval-handoff.md'
2026-09-13T16:15:03.7364866Z adding 'embedding_optimizer_study-0.1.0.data/data/share/embedding-optimizer-study/docs/dense-no-packing-retrain.md'
2026-09-13T16:15:03.7367939Z adding 'embedding_optimizer_study-0.1.0.data/data/share/embedding-optimizer-study/docs/endpoint-statistics-restoration.md'
2026-09-13T16:15:03.7371511Z adding 'embedding_optimizer_study-0.1.0.data/data/share/embedding-optimizer-study/docs/evaluation-analysis-restoration.md'
2026-09-13T16:15:03.7374579Z adding 'embedding_optimizer_study-0.1.0.data/data/share/embedding-optimizer-study/docs/first-stage-evaluation-restoration.md'
2026-09-13T16:15:03.7377285Z adding 'embedding_optimizer_study-0.1.0.data/data/share/embedding-optimizer-study/docs/fourth-stage-evaluation-restoration.md'
2026-09-13T16:15:03.7380488Z adding 'embedding_optimizer_study-0.1.0.data/data/share/embedding-optimizer-study/docs/fourth-stage-pool-b-evaluation-restoration.md'
2026-09-13T16:15:03.7383231Z adding 'embedding_optimizer_study-0.1.0.data/data/share/embedding-optimizer-study/docs/functional-analysis-restoration.md'
2026-09-13T16:15:03.7388352Z adding 'embedding_optimizer_study-0.1.0.data/data/share/embedding-optimizer-study/docs/naacl-dense-paper-plan.md'
2026-09-13T16:15:03.7412164Z adding 'embedding_optimizer_study-0.1.0.data/data/share/embedding-optimizer-study/docs/naacl-paper-plan.md'
2026-09-13T16:15:03.7416669Z adding 'embedding_optimizer_study-0.1.0.data/data/share/embedding-optimizer-study/docs/paper-results-reproduction.md'
2026-09-13T16:15:03.7419853Z adding 'embedding_optimizer_study-0.1.0.data/data/share/embedding-optimizer-study/docs/predictor-analysis-restoration.md'
2026-09-13T16:15:03.7422914Z adding 'embedding_optimizer_study-0.1.0.data/data/share/embedding-optimizer-study/docs/pretrained-vector-restoration.md'
2026-09-13T16:15:03.7426198Z adding 'embedding_optimizer_study-0.1.0.data/data/share/embedding-optimizer-study/docs/retrieval-trajectories-restoration.md'
2026-09-13T16:15:03.7429077Z adding 'embedding_optimizer_study-0.1.0.data/data/share/embedding-optimizer-study/docs/saved-factorial-checkpoints.md'
2026-09-13T16:15:03.7432512Z adding 'embedding_optimizer_study-0.1.0.data/data/share/embedding-optimizer-study/docs/second-stage-evaluation-restoration.md'
2026-09-13T16:15:03.7435957Z adding 'embedding_optimizer_study-0.1.0.data/data/share/embedding-optimizer-study/docs/second-stage-pool-b-evaluation-restoration.md'
2026-09-13T16:15:03.7438653Z adding 'embedding_optimizer_study-0.1.0.data/data/share/embedding-optimizer-study/docs/source-version-testing.md'
2026-09-13T16:15:03.7442983Z adding 'embedding_optimizer_study-0.1.0.data/data/share/embedding-optimizer-study/docs/state-operator-factorial.md'
2026-09-13T16:15:03.7446490Z adding 'embedding_optimizer_study-0.1.0.data/data/share/embedding-optimizer-study/docs/third-stage-evaluation-restoration.md'
2026-09-13T16:15:03.7449937Z adding 'embedding_optimizer_study-0.1.0.data/data/share/embedding-optimizer-study/docs/third-stage-pool-b-evaluation-restoration.md'
2026-09-13T16:15:03.7453770Z adding 'embedding_optimizer_study-0.1.0.data/data/share/embedding-optimizer-study/docs/training-analysis-restoration.md'
2026-09-13T16:15:03.7456829Z adding 'embedding_optimizer_study-0.1.0.data/data/share/embedding-optimizer-study/docs/training-completion-evidence-restoration.md'
2026-09-13T16:15:03.7459781Z adding 'embedding_optimizer_study-0.1.0.data/data/share/embedding-optimizer-study/docs/training-restoration.md'
2026-09-13T16:15:03.7462985Z adding 'embedding_optimizer_study-0.1.0.data/data/share/embedding-optimizer-study/docs/versioned-paper-reproduction.md'
2026-09-13T16:15:03.7466377Z adding 'embedding_optimizer_study-0.1.0.data/data/share/embedding-optimizer-study/docs/weight-analysis-restoration.md'
2026-09-13T16:15:03.7468954Z adding 'embedding_optimizer_study-0.1.0.data/data/share/embedding-optimizer-study/paper/Makefile'
2026-09-13T16:15:03.7473943Z adding 'embedding_optimizer_study-0.1.0.data/data/share/embedding-optimizer-study/paper/README.md'
2026-09-13T16:15:03.7476473Z adding 'embedding_optimizer_study-0.1.0.data/data/share/embedding-optimizer-study/paper/legacy.Makefile'
2026-09-13T16:15:03.7486262Z adding 'embedding_optimizer_study-0.1.0.data/data/share/embedding-optimizer-study/paper/main.tex'
2026-09-13T16:15:03.7489259Z adding 'embedding_optimizer_study-0.1.0.data/data/share/embedding-optimizer-study/paper/references.bib'
2026-09-13T16:15:03.7491993Z adding 'embedding_optimizer_study-0.1.0.data/data/share/embedding-optimizer-study/paper/results.tex'
2026-09-13T16:15:03.7494778Z adding 'embedding_optimizer_study-0.1.0.data/data/share/embedding-optimizer-study/paper/current/README.md'
2026-09-13T16:15:03.7497006Z adding 'embedding_optimizer_study-0.1.0.data/data/share/embedding-optimizer-study/paper/current/document-snapshot.json'
2026-09-13T16:15:03.7508431Z adding 'embedding_optimizer_study-0.1.0.data/data/share/embedding-optimizer-study/paper/current/main.tex'
2026-09-13T16:15:03.7511940Z adding 'embedding_optimizer_study-0.1.0.data/data/share/embedding-optimizer-study/paper/current/references.bib'
2026-09-13T16:15:03.7514127Z adding 'embedding_optimizer_study-0.1.0.data/data/share/embedding-optimizer-study/paper/current/results.tex'
2026-09-13T16:15:03.7519572Z adding 'embedding_optimizer_study-0.1.0.data/data/share/embedding-optimizer-study/paper/current/figures/full-rate-retrieval-trajectories.pdf'
2026-09-13T16:15:03.7530373Z adding 'embedding_optimizer_study-0.1.0.data/data/share/embedding-optimizer-study/paper/current/figures/optimizer-weight-dimension-map.pdf'
2026-09-13T16:15:03.7536557Z adding 'embedding_optimizer_study-0.1.0.data/data/share/embedding-optimizer-study/paper/current/figures/weight-to-retrieval-map.pdf'
2026-09-13T16:15:03.7540222Z adding 'embedding_optimizer_study-0.1.0.data/data/share/embedding-optimizer-study/paper/current/generated/dimension-utilization.tex'
2026-09-13T16:15:03.7543426Z adding 'embedding_optimizer_study-0.1.0.data/data/share/embedding-optimizer-study/paper/current/generated/optimizer-primary.tex'
2026-09-13T16:15:03.7546051Z adding 'embedding_optimizer_study-0.1.0.data/data/share/embedding-optimizer-study/paper/current/generated/recipe-sensitivity.tex'
2026-09-13T16:15:03.7548340Z adding 'embedding_optimizer_study-0.1.0.data/data/share/embedding-optimizer-study/paper/current/generated/state-operator-factorial.tex'
2026-09-13T16:15:03.7552527Z adding 'embedding_optimizer_study-0.1.0.data/data/share/embedding-optimizer-study/paper/current/vendor/acl.sty'
2026-09-13T16:15:03.7564535Z adding 'embedding_optimizer_study-0.1.0.data/data/share/embedding-optimizer-study/paper/current/vendor/acl_natbib.bst'
2026-09-13T16:15:03.7567234Z adding 'embedding_optimizer_study-0.1.0.data/data/share/embedding-optimizer-study/paper/generated/dimension-utilization.tex'
2026-09-13T16:15:03.7569542Z adding 'embedding_optimizer_study-0.1.0.data/data/share/embedding-optimizer-study/paper/generated/optimizer-primary.tex'
2026-09-13T16:15:03.7571801Z adding 'embedding_optimizer_study-0.1.0.data/data/share/embedding-optimizer-study/paper/generated/state-operator-factorial.tex'
2026-09-13T16:15:03.7575078Z adding 'embedding_optimizer_study-0.1.0.data/data/share/embedding-optimizer-study/reports/candidate-breadth/calibration_by_width.csv'
2026-09-13T16:15:03.7582264Z adding 'embedding_optimizer_study-0.1.0.data/data/share/embedding-optimizer-study/reports/candidate-breadth/candidate_breadth_calibration.pdf'
2026-09-13T16:15:03.7601545Z adding 'embedding_optimizer_study-0.1.0.data/data/share/embedding-optimizer-study/reports/candidate-breadth/candidate_breadth_calibration.svg'
2026-09-13T16:15:03.7604276Z adding 'embedding_optimizer_study-0.1.0.data/data/share/embedding-optimizer-study/reports/candidate-breadth/data-audit.json'
2026-09-13T16:15:03.7606991Z adding 'embedding_optimizer_study-0.1.0.data/data/share/embedding-optimizer-study/reports/candidate-breadth/high_dose_contrasts.csv'
2026-09-13T16:15:03.7609701Z adding 'embedding_optimizer_study-0.1.0.data/data/share/embedding-optimizer-study/reports/candidate-breadth/packing_invariance.json'
2026-09-13T16:15:03.7611825Z adding 'embedding_optimizer_study-0.1.0.data/data/share/embedding-optimizer-study/reports/candidate-breadth/publication_manifest.json'
2026-09-13T16:15:03.7614513Z adding 'embedding_optimizer_study-0.1.0.data/data/share/embedding-optimizer-study/reports/candidate-breadth/summary.json'
2026-09-13T16:15:03.7617169Z adding 'embedding_optimizer_study-0.1.0.data/data/share/embedding-optimizer-study/reports/confirmatory-data/receipt.json'
2026-09-13T16:15:03.7619386Z adding 'embedding_optimizer_study-0.1.0.data/data/share/embedding-optimizer-study/reports/dense-discovery/best_config_dynamics.csv'
2026-09-13T16:15:03.7621717Z adding 'embedding_optimizer_study-0.1.0.data/data/share/embedding-optimizer-study/reports/dense-discovery/best_config_task_comparison.csv'
2026-09-13T16:15:03.7624415Z adding 'embedding_optimizer_study-0.1.0.data/data/share/embedding-optimizer-study/reports/dense-discovery/checkpoint_summary.csv'
2026-09-13T16:15:03.7627353Z adding 'embedding_optimizer_study-0.1.0.data/data/share/embedding-optimizer-study/reports/dense-discovery/coverage.json'
2026-09-13T16:15:03.7645674Z adding 'embedding_optimizer_study-0.1.0.data/data/share/embedding-optimizer-study/reports/dense-discovery/evaluation_long.csv'
2026-09-13T16:15:03.7648529Z adding 'embedding_optimizer_study-0.1.0.data/data/share/embedding-optimizer-study/reports/dense-discovery/optimizer_summary.csv'
2026-09-13T16:15:03.7650483Z adding 'embedding_optimizer_study-0.1.0.data/data/share/embedding-optimizer-study/reports/dense-discovery/paired_comparison.csv'
2026-09-13T16:15:03.7653125Z adding 'embedding_optimizer_study-0.1.0.data/data/share/embedding-optimizer-study/reports/dense-discovery/system_metrics.csv'
2026-09-13T16:15:03.7662681Z adding 'embedding_optimizer_study-0.1.0.data/data/share/embedding-optimizer-study/reports/dense-discovery/system_summary.csv'
2026-09-13T16:15:03.7822288Z adding 'embedding_optimizer_study-0.1.0.data/data/share/embedding-optimizer-study/reports/dense-discovery/training_history.csv'
2026-09-13T16:15:03.7851252Z adding 'embedding_optimizer_study-0.1.0.data/data/share/embedding-optimizer-study/reports/dense-discovery/figures/dense-lr-sensitivity.png'
2026-09-13T16:15:03.7902206Z adding 'embedding_optimizer_study-0.1.0.data/data/share/embedding-optimizer-study/reports/dense-discovery/figures/dense-training-dynamics-by-run.png'
2026-09-13T16:15:03.7932289Z adding 'embedding_optimizer_study-0.1.0.data/data/share/embedding-optimizer-study/reports/dense-discovery/figures/dense-training-dynamics.png'
2026-09-13T16:15:03.7935141Z adding 'embedding_optimizer_study-0.1.0.data/data/share/embedding-optimizer-study/reports/dense-retrieval-dynamics/README.md'
2026-09-13T16:15:03.7972422Z adding 'embedding_optimizer_study-0.1.0.data/data/share/embedding-optimizer-study/reports/dense-retrieval-dynamics/confirmatory-evaluation-receipt.json'
2026-09-13T16:15:03.8018986Z adding 'embedding_optimizer_study-0.1.0.data/data/share/embedding-optimizer-study/reports/dense-retrieval-dynamics/evaluation-receipt.json'
2026-09-13T16:15:03.8025948Z adding 'embedding_optimizer_study-0.1.0.data/data/share/embedding-optimizer-study/reports/dense-retrieval-dynamics/five_stage_retrieval_dynamics.csv'
2026-09-13T16:15:03.8032953Z adding 'embedding_optimizer_study-0.1.0.data/data/share/embedding-optimizer-study/reports/dense-retrieval-dynamics/five_stage_retrieval_dynamics.pdf'
2026-09-13T16:15:03.8052597Z adding 'embedding_optimizer_study-0.1.0.data/data/share/embedding-optimizer-study/reports/dense-retrieval-dynamics/five_stage_retrieval_dynamics.svg'
2026-09-13T16:15:03.8063200Z adding 'embedding_optimizer_study-0.1.0.data/data/share/embedding-optimizer-study/reports/dense-retrieval-dynamics/hybrid-evaluation-receipt.json'
2026-09-13T16:15:03.8101996Z adding 'embedding_optimizer_study-0.1.0.data/data/share/embedding-optimizer-study/reports/dense-retrieval-dynamics/summary_manifest.json'
2026-09-13T16:15:03.8106555Z adding 'embedding_optimizer_study-0.1.0.data/data/share/embedding-optimizer-study/reports/retrieval-dynamics-dense/best_config_task_comparison.csv'
2026-09-13T16:15:03.8110305Z adding 'embedding_optimizer_study-0.1.0.data/data/share/embedding-optimizer-study/reports/retrieval-dynamics-dense/best_config_task_delta_dynamics.csv'
2026-09-13T16:15:03.8113567Z adding 'embedding_optimizer_study-0.1.0.data/data/share/embedding-optimizer-study/reports/retrieval-dynamics-dense/checkpoint_dynamics.csv'
2026-09-13T16:15:03.8115834Z adding 'embedding_optimizer_study-0.1.0.data/data/share/embedding-optimizer-study/reports/retrieval-dynamics-dense/optimizer_first_passage.csv'
2026-09-13T16:15:03.8132216Z adding 'embedding_optimizer_study-0.1.0.data/data/share/embedding-optimizer-study/reports/retrieval-dynamics-dense/quality_vs_useful_wall_time.svg'
2026-09-13T16:15:03.8135303Z adding 'embedding_optimizer_study-0.1.0.data/data/share/embedding-optimizer-study/reports/retrieval-dynamics-dense/run_first_passage.csv'
2026-09-13T16:15:03.8137904Z adding 'embedding_optimizer_study-0.1.0.data/data/share/embedding-optimizer-study/reports/retrieval-dynamics-dense/summary_manifest.json'
2026-09-13T16:15:03.8140707Z adding 'embedding_optimizer_study-0.1.0.data/data/share/embedding-optimizer-study/reports/retrieval-dynamics-dense/task_delta_stability.csv'
2026-09-13T16:15:03.8142647Z adding 'embedding_optimizer_study-0.1.0.data/data/share/embedding-optimizer-study/reports/short-branch/subset-receipt.json'
2026-09-13T16:15:03.8144901Z adding 'embedding_optimizer_study-0.1.0.data/data/share/embedding-optimizer-study/reports/state-operator-factorial/abstract-compliance-runtime-migration.json'
2026-09-13T16:15:03.8147078Z adding 'embedding_optimizer_study-0.1.0.data/data/share/embedding-optimizer-study/reports/tail-stability/README.md'
2026-09-13T16:15:03.8149849Z adding 'embedding_optimizer_study-0.1.0.data/data/share/embedding-optimizer-study/reports/tail-stability/discovery_anchor_tail.csv'
2026-09-13T16:15:03.8152379Z adding 'embedding_optimizer_study-0.1.0.data/data/share/embedding-optimizer-study/reports/tail-stability/discovery_cross_tail.csv'
2026-09-13T16:15:03.8154198Z adding 'embedding_optimizer_study-0.1.0.data/data/share/embedding-optimizer-study/reports/tail-stability/discovery_cross_tail_summary.csv'
2026-09-13T16:15:03.8155861Z adding 'embedding_optimizer_study-0.1.0.data/data/share/embedding-optimizer-study/reports/tail-stability/discovery_family_contrasts.csv'
2026-09-13T16:15:03.8163789Z adding 'embedding_optimizer_study-0.1.0.data/data/share/embedding-optimizer-study/reports/tail-stability/summary_manifest.json'
2026-09-13T16:15:03.8166234Z adding 'embedding_optimizer_study-0.1.0.data/data/share/embedding-optimizer-study/reports/three-regime-diagnostic/README.md'
2026-09-13T16:15:03.8167847Z adding 'embedding_optimizer_study-0.1.0.data/data/share/embedding-optimizer-study/reports/three-regime-diagnostic/high_dose_contrasts.csv'
2026-09-13T16:15:03.8169596Z adding 'embedding_optimizer_study-0.1.0.data/data/share/embedding-optimizer-study/reports/three-regime-diagnostic/run_metrics.csv'
2026-09-13T16:15:03.8171437Z adding 'embedding_optimizer_study-0.1.0.data/data/share/embedding-optimizer-study/reports/three-regime-diagnostic/summary.json'
2026-09-13T16:15:03.8173997Z adding 'embedding_optimizer_study-0.1.0.data/data/share/embedding-optimizer-study/reports/three-regime-diagnostic/summary_manifest.json'
2026-09-13T16:15:03.8176019Z adding 'embedding_optimizer_study-0.1.0.data/data/share/embedding-optimizer-study/reports/training-dynamics/optimizer_system_summary.csv'
2026-09-13T16:15:03.8177675Z adding 'embedding_optimizer_study-0.1.0.data/data/share/embedding-optimizer-study/reports/training-dynamics/plot_manifest.json'
2026-09-13T16:15:03.8180820Z adding 'embedding_optimizer_study-0.1.0.data/data/share/embedding-optimizer-study/reports/training-dynamics/run_summary.csv'
2026-09-13T16:15:03.8186094Z adding 'embedding_optimizer_study-0.1.0.data/data/share/embedding-optimizer-study/reports/training-dynamics/stage_dynamics.csv'
2026-09-13T16:15:03.8189584Z adding 'embedding_optimizer_study-0.1.0.data/data/share/embedding-optimizer-study/reports/training-dynamics/summary_manifest.json'
2026-09-13T16:15:03.8200291Z adding 'embedding_optimizer_study-0.1.0.data/data/share/embedding-optimizer-study/reports/training-dynamics/system_tradeoffs.svg'
2026-09-13T16:15:03.8221727Z adding 'embedding_optimizer_study-0.1.0.data/data/share/embedding-optimizer-study/reports/training-dynamics/training_loss_dynamics.svg'
2026-09-13T16:15:03.8229724Z adding 'embedding_optimizer_study-0.1.0.data/data/share/embedding-optimizer-study/reports/wandb/dense_source_provenance_audit.json'
2026-09-13T16:15:03.8232313Z adding 'embedding_optimizer_study-0.1.0.data/data/share/embedding-optimizer-study/reports/weight-space/README.md'
2026-09-13T16:15:03.8241744Z adding 'embedding_optimizer_study-0.1.0.data/data/share/embedding-optimizer-study/reports/weight-space/checkpoint_trajectory.csv'
2026-09-13T16:15:03.8269175Z adding 'embedding_optimizer_study-0.1.0.data/data/share/embedding-optimizer-study/reports/weight-space/optimizer_geometry_phase.svg'
2026-09-13T16:15:03.8274336Z adding 'embedding_optimizer_study-0.1.0.data/data/share/embedding-optimizer-study/reports/weight-space/optimizer_pair_contrast_trajectory.csv'
2026-09-13T16:15:03.8296796Z adding 'embedding_optimizer_study-0.1.0.data/data/share/embedding-optimizer-study/reports/weight-space/optimizer_pair_contrast_trajectory.svg'
2026-09-13T16:15:03.8299273Z adding 'embedding_optimizer_study-0.1.0.data/data/share/embedding-optimizer-study/reports/weight-space/optimizer_pair_contrasts.csv'
2026-09-13T16:15:03.8301150Z adding 'embedding_optimizer_study-0.1.0.data/data/share/embedding-optimizer-study/reports/weight-space/run_trajectory_summary.csv'
2026-09-13T16:15:03.8303848Z adding 'embedding_optimizer_study-0.1.0.data/data/share/embedding-optimizer-study/reports/weight-space/summary_manifest.json'
2026-09-13T16:15:03.8307366Z adding 'embedding_optimizer_study-0.1.0.data/data/share/embedding-optimizer-study/scripts/restore_factorial_probes.py'
2026-09-13T16:15:03.8309982Z adding 'embedding_optimizer_study-0.1.0.data/data/share/embedding-optimizer-study/scripts/restore_functional_analysis.py'
2026-09-13T16:15:03.8314244Z adding 'embedding_optimizer_study-0.1.0.data/data/share/embedding-optimizer-study/scripts/restore_primary_v3.py'
2026-09-13T16:15:03.8316592Z adding 'embedding_optimizer_study-0.1.0.data/data/share/embedding-optimizer-study/scripts/eval/dense_no_packing_parallel.py'
2026-09-13T16:15:03.8320166Z adding 'embedding_optimizer_study-0.1.0.data/data/share/embedding-optimizer-study/scripts/eval/dense_parallel.py'
2026-09-13T16:15:03.8328500Z adding 'embedding_optimizer_study-0.1.0.data/data/share/embedding-optimizer-study/scripts/eval/dense_sequential.py'
2026-09-13T16:15:03.8333762Z adding 'embedding_optimizer_study-0.1.0.dist-info/licenses/LICENSE'
2026-09-13T16:15:03.8339145Z adding 'embedding_optimizer_study-0.1.0.dist-info/METADATA'
2026-09-13T16:15:03.8340427Z adding 'embedding_optimizer_study-0.1.0.dist-info/WHEEL'
2026-09-13T16:15:03.8343346Z adding 'embedding_optimizer_study-0.1.0.dist-info/entry_points.txt'
2026-09-13T16:15:03.8344626Z adding 'embedding_optimizer_study-0.1.0.dist-info/top_level.txt'
2026-09-13T16:15:03.8365101Z adding 'embedding_optimizer_study-0.1.0.dist-info/RECORD'
2026-09-13T16:15:03.8374251Z removing build/bdist.linux-x86_64/wheel
2026-09-13T16:15:03.8916605Z Successfully built dist/embedding_optimizer_study-0.1.0.tar.gz
2026-09-13T16:15:03.8917802Z Successfully built dist/embedding_optimizer_study-0.1.0-py3-none-any.whl
2026-09-13T16:15:03.8956206Z ##[group]Run uv run --no-sync embed-optim-audit-distribution
2026-09-13T16:15:03.8956636Z [36;1muv run --no-sync embed-optim-audit-distribution[0m
2026-09-13T16:15:03.8991406Z shell: /usr/bin/bash -e {0}
2026-09-13T16:15:03.8991833Z env:
2026-09-13T16:15:03.8992084Z   UV_PYTHON_INSTALL_DIR: /home/runner/work/_temp/uv-python-dir
2026-09-13T16:15:03.8992404Z   UV_PYTHON: 3.12
2026-09-13T16:15:03.8992638Z   UV_CACHE_DIR: /home/runner/work/_temp/setup-uv-cache
2026-09-13T16:15:03.8992918Z ##[endgroup]
2026-09-13T16:15:05.0298331Z {
2026-09-13T16:15:05.0298803Z   "complete": true,
2026-09-13T16:15:05.0299300Z   "declared_console_scripts": 105,
2026-09-13T16:15:05.0299841Z   "declared_data_files": 220,
2026-09-13T16:15:05.0300327Z   "package_modules": 211,
2026-09-13T16:15:05.0300770Z   "problems": [],
2026-09-13T16:15:05.0301223Z   "project": "embedding-optimizer-study",
2026-09-13T16:15:05.0302088Z   "repository_only_provenance_config_references": [
2026-09-13T16:15:05.0302965Z     "configs/dense_no_packing_state_operator_handoff_repairs_amendment.json",
2026-09-13T16:15:05.0303894Z     "configs/dense_no_packing_state_operator_main_recovery_amendment.json",
2026-09-13T16:15:05.0304837Z     "configs/dense_no_packing_state_operator_parent_publication_amendment.json",
2026-09-13T16:15:05.0305678Z     "configs/generated/confirmatory/manifest.json",
2026-09-13T16:15:05.0306318Z     "configs/generated/short-branch/manifest.json"
2026-09-13T16:15:05.0306860Z   ],
2026-09-13T16:15:05.0307245Z   "runtime_config_references": 64,
2026-09-13T16:15:05.0307747Z   "schema_version": 1,
2026-09-13T16:15:05.0308460Z   "sdist": {
2026-09-13T16:15:05.0308848Z     "bytes": 3432863,
2026-09-13T16:15:05.0309812Z     "path": "/home/runner/work/embedding-optimizer-study/embedding-optimizer-study/dist/embedding_optimizer_study-0.1.0.tar.gz",
2026-09-13T16:15:05.0311131Z     "sha256": "effe680dbd754db4ed61dc1b328e23302f889672abcf51f6525a5ec02ddc6531"
2026-09-13T16:15:05.0312199Z   },
2026-09-13T16:15:05.0312576Z   "transitive_executable_config_references": 50,
2026-09-13T16:15:05.0313059Z   "version": "0.1.0",
2026-09-13T16:15:05.0313394Z   "wheel": {
2026-09-13T16:15:05.0313710Z     "bytes": 3344174,
2026-09-13T16:15:05.0314692Z     "path": "/home/runner/work/embedding-optimizer-study/embedding-optimizer-study/dist/embedding_optimizer_study-0.1.0-py3-none-any.whl",
2026-09-13T16:15:05.0316019Z     "sha256": "3ee4b586eb8c0315f653f7af4c6d02fedc218df89e8462406bcdcb4152a0fbad"
2026-09-13T16:15:05.0316669Z   }
2026-09-13T16:15:05.0316950Z }
2026-09-13T16:15:05.0456560Z ##[group]Run uv run --no-sync python scripts/portable_evidence.py --audit-only
2026-09-13T16:15:05.0457630Z [36;1muv run --no-sync python scripts/portable_evidence.py --audit-only[0m
2026-09-13T16:15:05.0512635Z shell: /usr/bin/bash -e {0}
2026-09-13T16:15:05.0513064Z env:
2026-09-13T16:15:05.0513550Z   UV_PYTHON_INSTALL_DIR: /home/runner/work/_temp/uv-python-dir
2026-09-13T16:15:05.0514180Z   UV_PYTHON: 3.12
2026-09-13T16:15:05.0514654Z   UV_CACHE_DIR: /home/runner/work/_temp/setup-uv-cache
2026-09-13T16:15:05.0515217Z ##[endgroup]
2026-09-13T16:15:06.4791076Z {
2026-09-13T16:15:06.4791425Z   "bytes": 107442256,
2026-09-13T16:15:06.4791973Z   "complete": true,
2026-09-13T16:15:06.4792273Z   "files": 2785,
2026-09-13T16:15:06.4792635Z   "manifest": "configs/portable_paper_evidence.json"
2026-09-13T16:15:06.4793085Z }
2026-09-13T16:15:06.4898530Z ##[group]Run make -C paper release PYTHON="$GITHUB_WORKSPACE/.venv/bin/python" NUMERICAL_BUNDLE="$GITHUB_WORKSPACE/reports/engineering-archive/dense-v3-complete-replay-entry-v1/closed" RELEASE_OUTPUT="$RUNNER_TEMP/complete-paper"
2026-09-13T16:15:06.4901383Z [36;1mmake -C paper release PYTHON="$GITHUB_WORKSPACE/.venv/bin/python" NUMERICAL_BUNDLE="$GITHUB_WORKSPACE/reports/engineering-archive/dense-v3-complete-replay-entry-v1/closed" RELEASE_OUTPUT="$RUNNER_TEMP/complete-paper"[0m
2026-09-13T16:15:06.4945731Z shell: /usr/bin/bash -e {0}
2026-09-13T16:15:06.4946132Z env:
2026-09-13T16:15:06.4946581Z   UV_PYTHON_INSTALL_DIR: /home/runner/work/_temp/uv-python-dir
2026-09-13T16:15:06.4947180Z   UV_PYTHON: 3.12
2026-09-13T16:15:06.4947616Z   UV_CACHE_DIR: /home/runner/work/_temp/setup-uv-cache
2026-09-13T16:15:06.4948139Z ##[endgroup]
2026-09-13T16:15:06.5031844Z make: Entering directory '/home/runner/work/embedding-optimizer-study/embedding-optimizer-study/paper'
2026-09-13T16:15:06.5043788Z mkdir -p "/home/runner/work/_temp/"
2026-09-13T16:15:06.5064770Z CUDA_VISIBLE_DEVICES='' /home/runner/work/embedding-optimizer-study/embedding-optimizer-study/.venv/bin/python -m embed_optim.paper_reproduction \
2026-09-13T16:15:06.5066122Z 	--numerical-bundle "/home/runner/work/embedding-optimizer-study/embedding-optimizer-study/reports/engineering-archive/dense-v3-complete-replay-entry-v1/closed" \
2026-09-13T16:15:06.5067211Z 	--paper-dir "/home/runner/work/embedding-optimizer-study/embedding-optimizer-study/paper/current" --output "/home/runner/work/_temp/complete-paper"
2026-09-13T16:15:28.8941968Z Traceback (most recent call last):
2026-09-13T16:15:28.8951195Z   File "<frozen runpy>", line 198, in _run_module_as_main
2026-09-13T16:15:28.8952153Z   File "<frozen runpy>", line 88, in _run_code
2026-09-13T16:15:28.8953330Z   File "/home/runner/work/embedding-optimizer-study/embedding-optimizer-study/src/embed_optim/paper_reproduction.py", line 356, in <module>
2026-09-13T16:15:28.8954375Z     main()
2026-09-13T16:15:28.8955347Z   File "/home/runner/work/embedding-optimizer-study/embedding-optimizer-study/src/embed_optim/paper_reproduction.py", line 342, in main
2026-09-13T16:15:28.8956526Z     result = reproduce(args.numerical_bundle, args.paper_dir, args.output)
2026-09-13T16:15:28.8957404Z              ^^^^^^^^^^^^^^^^^^^^^^^^^^^^^^^^^^^^^^^^^^^^^^^^^^^^^^^^^^^^^
2026-09-13T16:15:28.8958521Z   File "/home/runner/work/embedding-optimizer-study/embedding-optimizer-study/src/embed_optim/paper_reproduction.py", line 290, in reproduce
2026-09-13T16:15:28.8959795Z     numerical_exit = execute_numerical(bundle, root / "numerical", root / "numerical.log")
2026-09-13T16:15:28.8960517Z                      ^^^^^^^^^^^^^^^^^^^^^^^^^^^^^^^^^^^^^^^^^^^^^^^^^^^^^^^^^^^^^^^^^^^^^
2026-09-13T16:15:28.8961996Z   File "/home/runner/work/embedding-optimizer-study/embedding-optimizer-study/src/embed_optim/paper_reproduction.py", line 222, in execute_numerical
2026-09-13T16:15:28.8963250Z     need(code == 0, "Original numerical replay failed; outputs retained, no retry")
2026-09-13T16:15:28.8964376Z   File "/home/runner/work/embedding-optimizer-study/embedding-optimizer-study/src/embed_optim/paper_reproduction.py", line 60, in need
2026-09-13T16:15:28.8965318Z     raise ValueError(message)
2026-09-13T16:15:28.8965820Z ValueError: Original numerical replay failed; outputs retained, no retry
2026-09-13T16:15:29.8002043Z make: *** [Makefile:25: release] Error 1
2026-09-13T16:15:29.8002981Z make: Leaving directory '/home/runner/work/embedding-optimizer-study/embedding-optimizer-study/paper'
2026-09-13T16:15:29.8019885Z ##[error]Process completed with exit code 2.
2026-09-13T16:15:29.8133989Z Node 20 is being deprecated. This workflow is running with Node 24 by default. If you need to temporarily use Node 20, you can set the ACTIONS_ALLOW_USE_UNSECURE_NODE_VERSION=true environment variable. For more information see: https://github.blog/changelog/2025-09-19-deprecation-of-node-20-on-github-actions-runners/
2026-09-13T16:15:29.8135293Z ##[group]Run actions/upload-artifact@v4
2026-09-13T16:15:29.8135722Z with:
2026-09-13T16:15:29.8136050Z   name: verification-receipts
2026-09-13T16:15:29.8136827Z   path: /home/runner/work/_temp/source-role-tests/*.json
/home/runner/work/_temp/source-role-tests/*.xml
/home/runner/work/_temp/source-role-tests/*.log
/home/runner/work/_temp/complete-paper/

2026-09-13T16:15:29.8137716Z   if-no-files-found: warn
2026-09-13T16:15:29.8138014Z   compression-level: 6
2026-09-13T16:15:29.8138351Z   overwrite: false
2026-09-13T16:15:29.8138648Z   include-hidden-files: false
2026-09-13T16:15:29.8138955Z env:
2026-09-13T16:15:29.8139407Z   UV_PYTHON_INSTALL_DIR: /home/runner/work/_temp/uv-python-dir
2026-09-13T16:15:29.8139824Z   UV_PYTHON: 3.12
2026-09-13T16:15:29.8140177Z   UV_CACHE_DIR: /home/runner/work/_temp/setup-uv-cache
2026-09-13T16:15:29.8140568Z ##[endgroup]
2026-09-13T16:15:30.1002044Z (node:5300) [DEP0040] DeprecationWarning: The `punycode` module is deprecated. Please use a userland alternative instead.
2026-09-13T16:15:30.1003173Z (Use `node --trace-deprecation ...` to show where the warning was created)
2026-09-13T16:15:30.1142238Z Multiple search paths detected. Calculating the least common ancestor of all paths
2026-09-13T16:15:30.1146582Z The least common ancestor is /home/runner/work/_temp. This will be the root directory of the artifact
2026-09-13T16:15:30.1147699Z With the provided path, there will be 7 files uploaded
2026-09-13T16:15:30.1148906Z Artifact name is valid!
2026-09-13T16:15:30.1149496Z Root directory input is valid!
2026-09-13T16:15:30.4710077Z Beginning upload of artifact content to blob storage
2026-09-13T16:15:30.5028354Z (node:5300) [DEP0169] DeprecationWarning: `url.parse()` behavior is not standardized and prone to errors that have security implications. Use the WHATWG URL API instead. CVEs are not issued for `url.parse()` vulnerabilities.
2026-09-13T16:15:30.7043993Z Uploaded bytes 4687
2026-09-13T16:15:30.7814987Z Finished uploading artifact content to blob storage!
2026-09-13T16:15:30.7816197Z SHA256 digest of uploaded artifact zip is c5c8f37b7c0feee0477b89fd2cc6df1784b2c8f795e541536b964f2fff775730
2026-09-13T16:15:30.7817874Z Finalizing artifact upload
2026-09-13T16:15:31.0244928Z Artifact verification-receipts.zip successfully finalized. Artifact ID 10320804257
2026-09-13T16:15:31.0246857Z Artifact verification-receipts has been successfully uploaded! Final size is 4687 bytes. Artifact ID is 10320804257
2026-09-13T16:15:31.0252761Z Artifact download URL: https://github.com/qcznlp/embedding-optimizer-study/actions/runs/34767862594/artifacts/10320804257
2026-09-13T16:15:31.0442577Z Post job cleanup.
2026-09-13T16:15:31.1326613Z [command]/usr/bin/git version
2026-09-13T16:15:31.1383858Z git version 2.55.0
2026-09-13T16:15:31.1424977Z Temporarily overriding HOME='/home/runner/work/_temp/3e543eab-d21a-4261-9e79-76188f0e3467' before making global git config changes
2026-09-13T16:15:31.1426299Z Adding repository directory to the temporary git global config as a safe directory
2026-09-13T16:15:31.1430172Z [command]/usr/bin/git config --global --add safe.directory /home/runner/work/embedding-optimizer-study/embedding-optimizer-study
2026-09-13T16:15:31.1462262Z Removing SSH command configuration
2026-09-13T16:15:31.1468749Z [command]/usr/bin/git config --local --name-only --get-regexp core\.sshCommand
2026-09-13T16:15:31.1503902Z [command]/usr/bin/git submodule foreach --recursive sh -c "git config --local --name-only --get-regexp 'core\.sshCommand' && git config --local --unset-all 'core.sshCommand' || :"
2026-09-13T16:15:31.1912359Z Removing HTTP extra header
2026-09-13T16:15:31.1922846Z [command]/usr/bin/git config --local --name-only --get-regexp http\.https\:\/\/github\.com\/\.extraheader
2026-09-13T16:15:31.1983665Z [command]/usr/bin/git submodule foreach --recursive sh -c "git config --local --name-only --get-regexp 'http\.https\:\/\/github\.com\/\.extraheader' && git config --local --unset-all 'http.https://github.com/.extraheader' || :"
2026-09-13T16:15:31.2261256Z Removing includeIf entries pointing to credentials config files
2026-09-13T16:15:31.2271418Z [command]/usr/bin/git config --local --name-only --get-regexp ^includeIf\.gitdir:
2026-09-13T16:15:31.2316471Z includeif.gitdir:/home/runner/work/embedding-optimizer-study/embedding-optimizer-study/.git.path
2026-09-13T16:15:31.2317680Z includeif.gitdir:/home/runner/work/embedding-optimizer-study/embedding-optimizer-study/.git/worktrees/*.path
2026-09-13T16:15:31.2318487Z includeif.gitdir:/github/workspace/.git.path
2026-09-13T16:15:31.2319210Z includeif.gitdir:/github/workspace/.git/worktrees/*.path
2026-09-13T16:15:31.2327642Z [command]/usr/bin/git config --local --get-all includeif.gitdir:/home/runner/work/embedding-optimizer-study/embedding-optimizer-study/.git.path
2026-09-13T16:15:31.2362772Z /home/runner/work/_temp/git-credentials-adc33047-c3b8-4efc-b3bb-376287154a2f.config
2026-09-13T16:15:31.2416660Z [command]/usr/bin/git config --local --unset includeif.gitdir:/home/runner/work/embedding-optimizer-study/embedding-optimizer-study/.git.path \/home\/runner\/work\/_temp\/git\-credentials\-adc33047\-c3b8\-4efc\-b3bb\-376287154a2f\.config
2026-09-13T16:15:31.2483369Z [command]/usr/bin/git config --local --get-all includeif.gitdir:/home/runner/work/embedding-optimizer-study/embedding-optimizer-study/.git/worktrees/*.path
2026-09-13T16:15:31.2506466Z /home/runner/work/_temp/git-credentials-adc33047-c3b8-4efc-b3bb-376287154a2f.config
2026-09-13T16:15:31.2510066Z [command]/usr/bin/git config --local --unset includeif.gitdir:/home/runner/work/embedding-optimizer-study/embedding-optimizer-study/.git/worktrees/*.path \/home\/runner\/work\/_temp\/git\-credentials\-adc33047\-c3b8\-4efc\-b3bb\-376287154a2f\.config
2026-09-13T16:15:31.2541817Z [command]/usr/bin/git config --local --get-all includeif.gitdir:/github/workspace/.git.path
2026-09-13T16:15:31.2569172Z /github/runner_temp/git-credentials-adc33047-c3b8-4efc-b3bb-376287154a2f.config
2026-09-13T16:15:31.2577767Z [command]/usr/bin/git config --local --unset includeif.gitdir:/github/workspace/.git.path \/github\/runner_temp\/git\-credentials\-adc33047\-c3b8\-4efc\-b3bb\-376287154a2f\.config
2026-09-13T16:15:31.2618226Z [command]/usr/bin/git config --local --get-all includeif.gitdir:/github/workspace/.git/worktrees/*.path
2026-09-13T16:15:31.2648645Z /github/runner_temp/git-credentials-adc33047-c3b8-4efc-b3bb-376287154a2f.config
2026-09-13T16:15:31.2657337Z [command]/usr/bin/git config --local --unset includeif.gitdir:/github/workspace/.git/worktrees/*.path \/github\/runner_temp\/git\-credentials\-adc33047\-c3b8\-4efc\-b3bb\-376287154a2f\.config
2026-09-13T16:15:31.2698010Z [command]/usr/bin/git submodule foreach --recursive git config --local --show-origin --name-only --get-regexp remote.origin.url
2026-09-13T16:15:31.2936327Z Removing credentials config '/home/runner/work/_temp/git-credentials-adc33047-c3b8-4efc-b3bb-376287154a2f.config'
2026-09-13T16:15:31.3085758Z Cleaning up orphan processes
2026-09-13T16:15:31.3564433Z ##[warning]Node.js 20 is deprecated. The following actions target Node.js 20 but are being forced to run on Node.js 24: actions/upload-artifact@v4. For more information see: https://github.blog/changelog/2025-09-19-deprecation-of-node-20-on-github-actions-runners/
