draw,learning_rate,margin,optimizer,relative_margin,relative_shortlist_ndcg,removed_fraction,run_id,shortlist_ndcg,step,task
0,0.0001,0.23873175991217405,normuon,0.9967772877062878,1.0,0.1,verified-v3-normuon-1e-4,1.0,2345,ArguAna
0,0.0001,0.012266045134668637,normuon,1.181294832993633,1.003545287734919,0.1,verified-v3-normuon-1e-4,0.775309402464522,2345,ClimateFEVER
0,0.0001,0.2987342440827103,normuon,0.9993214121955469,1.0,0.1,verified-v3-normuon-1e-4,1.0,2345,DBPedia
0,0.0001,0.40287988736826785,normuon,0.9942174535612112,1.0,0.1,verified-v3-normuon-1e-4,1.0,2345,FEVER
0,0.0001,0.2251830403625891,normuon,1.0122491481603795,1.0236115350940154,0.1,verified-v3-normuon-1e-4,1.0,2345,FiQA2018
0,0.0001,0.29491976628096084,normuon,0.9785064653994683,1.0,0.1,verified-v3-normuon-1e-4,1.0,2345,HotpotQA
0,0.0001,0.42683009564659735,normuon,0.9964202400197321,1.0,0.1,verified-v3-normuon-1e-4,1.0,2345,MSMARCO
0,0.0001,0.006517478663459799,normuon,2.0393417956490056,1.0336324563527965,0.1,verified-v3-normuon-1e-4,0.7432411377788516,2345,NFCorpus
0,0.0001,0.41993184919464094,normuon,1.0040327316282405,1.0,0.1,verified-v3-normuon-1e-4,1.0,2345,NQ
0,0.0001,0.47830828824911586,normuon,0.9841205622157209,1.0,0.1,verified-v3-normuon-1e-4,1.0,2345,QuoraRetrieval
0,0.0001,0.0988685661087723,normuon,1.0061592064296625,1.0,0.1,verified-v3-normuon-1e-4,0.8583298984711626,2345,SCIDOCS
0,0.0001,0.26700041023087984,normuon,1.0033489354161536,1.0,0.1,verified-v3-normuon-1e-4,1.0,2345,SciFact
0,0.0001,0.07510456736671212,normuon,0.9837216099786183,0.9746818938298829,0.1,verified-v3-normuon-1e-4,0.8880158835937564,2345,TRECCOVID
0,0.0001,0.29916473020228296,normuon,0.9927518896183625,1.0,0.1,verified-v3-normuon-1e-4,1.0,2345,Touche2020
1,0.0001,0.239919356112887,normuon,1.0017358609613605,1.0,0.1,verified-v3-normuon-1e-4,1.0,2345,ArguAna
1,0.0001,0.014131958389560278,normuon,1.360993640768921,0.9786718322215627,0.1,verified-v3-normuon-1e-4,0.7560929065405413,2345,ClimateFEVER
1,0.0001,0.2962611237295067,normuon,0.9910483662597461,1.0,0.1,verified-v3-normuon-1e-4,1.0,2345,DBPedia
1,0.0001,0.4041785438690172,normuon,0.9974222473464256,1.0,0.1,verified-v3-normuon-1e-4,1.0,2345,FEVER
1,0.0001,0.22470023281524282,normuon,1.0100788180691802,1.0236115350940154,0.1,verified-v3-normuon-1e-4,1.0,2345,FiQA2018
1,0.0001,0.2975022554934868,normuon,0.9870748378186762,1.0,0.1,verified-v3-normuon-1e-4,1.0,2345,HotpotQA
1,0.0001,0.42482749334501707,normuon,0.9917452335327085,1.0,0.1,verified-v3-normuon-1e-4,1.0,2345,MSMARCO
1,0.0001,0.005319008221615502,normuon,1.6643362161745707,0.9977835837022185,0.1,verified-v3-normuon-1e-4,0.7174637381498576,2345,NFCorpus
1,0.0001,0.41903747408865366,normuon,1.001894332546373,1.0,0.1,verified-v3-normuon-1e-4,1.0,2345,NQ
1,0.0001,0.48372660379719357,normuon,0.9952687607195678,1.0,0.1,verified-v3-normuon-1e-4,1.0,2345,QuoraRetrieval
1,0.0001,0.09984000770184448,normuon,1.016045310181819,1.0,0.1,verified-v3-normuon-1e-4,0.8583298984711626,2345,SCIDOCS
1,0.0001,0.270458187090481,normuon,1.016342760886262,1.0,0.1,verified-v3-normuon-1e-4,1.0,2345,SciFact
1,0.0001,0.07219509571950018,normuon,0.9456132733842847,1.0,0.1,verified-v3-normuon-1e-4,0.9110827739955403,2345,TRECCOVID
1,0.0001,0.3021269619443192,normuon,1.0025817955615046,1.0,0.1,verified-v3-normuon-1e-4,1.0,2345,Touche2020
2,0.0001,0.23956414044566934,normuon,1.0002527281370968,1.0,0.1,verified-v3-normuon-1e-4,1.0,2345,ArguAna
2,0.0001,0.011267905929657958,normuon,1.0851679499973443,1.003545287734919,0.1,verified-v3-normuon-1e-4,0.775309402464522,2345,ClimateFEVER
2,0.0001,0.2983890382992177,normuon,0.9981666348712492,1.0,0.1,verified-v3-normuon-1e-4,1.0,2345,DBPedia
2,0.0001,0.40405842936415276,normuon,0.9971258316133341,1.0,0.1,verified-v3-normuon-1e-4,1.0,2345,FEVER
2,0.0001,0.22164093819211106,normuon,0.9963265906756325,1.0,0.1,verified-v3-normuon-1e-4,0.9769331095982161,2345,FiQA2018
2,0.0001,0.30256631813914364,normuon,1.0038767568709328,1.0,0.1,verified-v3-normuon-1e-4,1.0,2345,HotpotQA
2,0.0001,0.43048557160779194,normuon,1.0049538234567716,1.0,0.1,verified-v3-normuon-1e-4,1.0,2345,MSMARCO
2,0.0001,-0.0010239582151417553,normuon,-0.32040009533812847,0.958093444861553,0.1,verified-v3-normuon-1e-4,0.6889242473770677,2345,NFCorpus
2,0.0001,0.42157119333821397,normuon,1.0079523085350814,1.0,0.1,verified-v3-normuon-1e-4,1.0,2345,NQ
2,0.0001,0.47864407267425224,normuon,0.984811439554389,1.0,0.1,verified-v3-normuon-1e-4,1.0,2345,QuoraRetrieval
2,0.0001,0.10091693428121554,normuon,1.0270049066959517,1.0,0.1,verified-v3-normuon-1e-4,0.8583298984711626,2345,SCIDOCS
2,0.0001,0.2649140389799694,normuon,0.9955086539286694,1.0,0.1,verified-v3-normuon-1e-4,1.0,2345,SciFact
2,0.0001,0.07612161505476134,normuon,0.9970429274988661,1.025318106170117,0.1,verified-v3-normuon-1e-4,0.9341496643973242,2345,TRECCOVID
2,0.0001,0.30083185431586645,normuon,0.9982840946108068,1.0,0.1,verified-v3-normuon-1e-4,1.0,2345,Touche2020
3,0.0001,0.2365260547444419,normuon,0.9875678016480415,1.0,0.1,verified-v3-normuon-1e-4,1.0,2345,ArguAna
3,0.0001,0.0055258785484177675,normuon,0.5321757506456957,0.9869971227351667,0.1,verified-v3-normuon-1e-4,0.7625247797129165,2345,ClimateFEVER
3,0.0001,0.3005045249668067,normuon,1.0052433298468362,1.0,0.1,verified-v3-normuon-1e-4,1.0,2345,DBPedia
3,0.0001,0.39984874629526845,normuon,0.9867372753406798,1.0,0.1,verified-v3-normuon-1e-4,1.0,2345,FEVER
3,0.0001,0.22007660708966256,normuon,0.9892945654247763,1.0236115350940154,0.1,verified-v3-normuon-1e-4,1.0,2345,FiQA2018
3,0.0001,0.30086490144325123,normuon,0.9982316715710778,1.0,0.1,verified-v3-normuon-1e-4,1.0,2345,HotpotQA
3,0.0001,0.4277856667968297,normuon,0.998650988143123,1.0,0.1,verified-v3-normuon-1e-4,1.0,2345,MSMARCO
3,0.0001,0.0047422645508060565,normuon,1.483871110879794,1.0024307120740625,0.1,verified-v3-normuon-1e-4,0.7208052905143035,2345,NFCorpus
3,0.0001,0.414293898036033,normuon,0.9905527169224734,1.0,0.1,verified-v3-normuon-1e-4,1.0,2345,NQ
3,0.0001,0.48223084912420433,normuon,0.992191241542329,1.0,0.1,verified-v3-normuon-1e-4,1.0,2345,QuoraRetrieval
3,0.0001,0.09392048912108808,normuon,0.9558039377004289,1.0022314861235977,0.1,verified-v3-normuon-1e-4,0.86024524972907,2345,SCIDOCS
3,0.0001,0.2663498404665452,normuon,1.000904188309231,1.0,0.1,verified-v3-normuon-1e-4,1.0,2345,SciFact
3,0.0001,0.07298128548507081,normuon,0.955910807729428,1.0,0.1,verified-v3-normuon-1e-4,0.9110827739955403,2345,TRECCOVID
3,0.0001,0.30178597986741823,normuon,1.001450276478555,1.0,0.1,verified-v3-normuon-1e-4,1.0,2345,Touche2020
4,0.0001,0.23922981529852963,normuon,0.9988568195512407,1.0,0.1,verified-v3-normuon-1e-4,1.0,2345,ArguAna
4,0.0001,0.007500992986342714,normuon,0.7223912972604191,0.9956703401518735,0.1,verified-v3-normuon-1e-4,0.7692254509182683,2345,ClimateFEVER
4,0.0001,0.30332092517147197,normuon,1.0146647105073496,1.0,0.1,verified-v3-normuon-1e-4,1.0,2345,DBPedia
4,0.0001,0.3998381192726876,normuon,0.9867110502257993,1.0,0.1,verified-v3-normuon-1e-4,1.0,2345,FEVER
4,0.0001,0.22156799535153582,normuon,0.9959986959633229,1.0,0.1,verified-v3-normuon-1e-4,0.9769331095982161,2345,FiQA2018
4,0.0001,0.29897652189894397,normuon,0.9919662671984444,1.0,0.1,verified-v3-normuon-1e-4,1.0,2345,HotpotQA
4,0.0001,0.42832380817032334,normuon,0.9999072607490385,1.0,0.1,verified-v3-normuon-1e-4,1.0,2345,MSMARCO
4,0.0001,0.004077274292038392,normuon,1.2757933405592636,0.9683631899021234,0.1,verified-v3-normuon-1e-4,0.6963087842516016,2345,NFCorpus
4,0.0001,0.4165372898246463,normuon,0.9959165367659873,1.0,0.1,verified-v3-normuon-1e-4,1.0,2345,NQ
4,0.0001,0.48808019201824837,normuon,1.004226279945178,1.0,0.1,verified-v3-normuon-1e-4,1.0,2345,QuoraRetrieval
4,0.0001,0.09863854738546396,normuon,1.0038183668158538,0.9968089374117028,0.1,verified-v3-normuon-1e-4,0.8555909140437343,2345,SCIDOCS
4,0.0001,0.26163418744324585,normuon,0.9831834460952845,1.0,0.1,verified-v3-normuon-1e-4,1.0,2345,SciFact
4,0.0001,0.07122706530539916,normuon,0.9329339854147785,1.0,0.1,verified-v3-normuon-1e-4,0.9110827739955403,2345,TRECCOVID
4,0.0001,0.3025857479505195,normuon,1.0041042366402972,1.0,0.1,verified-v3-normuon-1e-4,1.0,2345,Touche2020
5,0.0001,0.24581747682007432,normuon,1.0263622984459972,1.0,0.1,verified-v3-normuon-1e-4,1.0,2345,ArguAna
5,0.0001,0.004856465809086328,normuon,0.4677072278716104,0.9240851006550178,0.1,verified-v3-normuon-1e-4,0.713920812514897,2345,ClimateFEVER
5,0.0001,0.3015706173090401,normuon,1.0088096063152165,1.0,0.1,verified-v3-normuon-1e-4,1.0,2345,DBPedia
5,0.0001,0.4037076583826695,normuon,0.9962602072847742,1.0,0.1,verified-v3-normuon-1e-4,1.0,2345,FEVER
5,0.0001,0.21675150128521187,normuon,0.974347456119037,1.0236115350940154,0.1,verified-v3-normuon-1e-4,1.0,2345,FiQA2018
5,0.0001,0.30092566043798474,normuon,0.9984332622271659,1.0,0.1,verified-v3-normuon-1e-4,1.0,2345,HotpotQA
5,0.0001,0.4269835747890673,normuon,0.9967785318214061,1.0,0.1,verified-v3-normuon-1e-4,1.0,2345,MSMARCO
5,0.0001,0.0008686651138118395,normuon,0.2718083425344552,1.0260537941585106,0.1,verified-v3-normuon-1e-4,0.7377916441242134,2345,NFCorpus
5,0.0001,0.419771982206566,normuon,1.0036504989182378,1.0,0.1,verified-v3-normuon-1e-4,1.0,2345,NQ
5,0.0001,0.4882966157456711,normuon,1.0046715723340842,1.0,0.1,verified-v3-normuon-1e-4,1.0,2345,QuoraRetrieval
5,0.0001,0.09130860431253386,normuon,0.929223477907279,1.0,0.1,verified-v3-normuon-1e-4,0.8583298984711626,2345,SCIDOCS
5,0.0001,0.2664116190213218,normuon,1.0011363431853717,1.0,0.1,verified-v3-normuon-1e-4,1.0,2345,SciFact
5,0.0001,0.0757408537532467,normuon,0.9920557059000163,1.0,0.1,verified-v3-normuon-1e-4,0.9110827739955403,2345,TRECCOVID
5,0.0001,0.30567620738648427,normuon,1.0143596549269662,1.0,0.1,verified-v3-normuon-1e-4,1.0,2345,Touche2020
6,0.0001,0.24166749305220547,normuon,1.009034861301969,1.0,0.1,verified-v3-normuon-1e-4,1.0,2345,ArguAna
6,0.0001,0.014564507746974516,normuon,1.4026507776307413,1.0025046820001369,0.1,verified-v3-normuon-1e-4,0.7745054612569895,2345,ClimateFEVER
6,0.0001,0.3000179044957739,normuon,1.0036154941837072,1.0,0.1,verified-v3-normuon-1e-4,1.0,2345,DBPedia
6,0.0001,0.41088662013837585,normuon,1.013976279245069,1.0,0.1,verified-v3-normuon-1e-4,1.0,2345,FEVER
6,0.0001,0.2184066503867001,normuon,0.9817877289982117,1.0,0.1,verified-v3-normuon-1e-4,0.9769331095982161,2345,FiQA2018
6,0.0001,0.30123660586787104,normuon,0.9994649398165218,1.0,0.1,verified-v3-normuon-1e-4,1.0,2345,HotpotQA
6,0.0001,0.4246542003754439,normuon,0.9913406870302548,1.0,0.1,verified-v3-normuon-1e-4,1.0,2345,MSMARCO
6,0.0001,-0.0036057462383242214,normuon,-1.1282505686662645,0.9988894173855571,0.1,verified-v3-normuon-1e-4,0.7182588961191603,2345,NFCorpus
6,0.0001,0.41685821965172043,normuon,0.9966838613962963,1.0,0.1,verified-v3-normuon-1e-4,1.0,2345,NQ
6,0.0001,0.4880991885350997,normuon,1.004265365328608,1.0,0.1,verified-v3-normuon-1e-4,1.0,2345,QuoraRetrieval
6,0.0001,0.0967735736209178,normuon,0.9848390228564858,0.9929118727460265,0.1,verified-v3-normuon-1e-4,0.8522459469249088,2345,SCIDOCS
6,0.0001,0.2676672664490005,normuon,1.0058548846615067,1.0,0.1,verified-v3-normuon-1e-4,1.0,2345,SciFact
6,0.0001,0.08235029264992283,normuon,1.0786263113965777,1.0,0.1,verified-v3-normuon-1e-4,0.9110827739955403,2345,TRECCOVID
6,0.0001,0.29642082801112646,normuon,0.9836464911198272,1.0,0.1,verified-v3-normuon-1e-4,1.0,2345,Touche2020
7,0.0001,0.23446864921305766,normuon,0.9789775114158598,1.0,0.1,verified-v3-normuon-1e-4,1.0,2345,ArguAna
7,0.0001,0.007216331964222585,normuon,0.694976707562329,1.0081128634930565,0.1,verified-v3-normuon-1e-4,0.7788381763774024,2345,ClimateFEVER
7,0.0001,0.29973806963240385,normuon,1.0026793947027013,1.0,0.1,verified-v3-normuon-1e-4,1.0,2345,DBPedia
7,0.0001,0.40395633662318586,normuon,0.9968738895627784,1.0,0.1,verified-v3-normuon-1e-4,1.0,2345,FEVER
7,0.0001,0.22436794778261906,normuon,1.008585121027528,1.0,0.1,verified-v3-normuon-1e-4,0.9769331095982161,2345,FiQA2018
7,0.0001,0.3007636901160422,normuon,0.9978958651946706,1.0,0.1,verified-v3-normuon-1e-4,1.0,2345,HotpotQA
7,0.0001,0.42906817458027124,normuon,1.0016449586396694,1.0,0.1,verified-v3-normuon-1e-4,1.0,2345,MSMARCO
7,0.0001,0.0011791473900667343,normuon,0.36895932920737895,0.9953481226970516,0.1,verified-v3-normuon-1e-4,0.7157125017240169,2345,NFCorpus
7,0.0001,0.4163215575760701,normuon,0.9954007334534888,1.0,0.1,verified-v3-normuon-1e-4,1.0,2345,NQ
7,0.0001,0.49110117294802014,normuon,1.0104419561608944,1.0,0.1,verified-v3-normuon-1e-4,1.0,2345,QuoraRetrieval
7,0.0001,0.09614990864181494,normuon,0.9784921495766433,1.0,0.1,verified-v3-normuon-1e-4,0.8583298984711626,2345,SCIDOCS
7,0.0001,0.26916521650939246,normuon,1.0114839643962577,1.0,0.1,verified-v3-normuon-1e-4,1.0,2345,SciFact
7,0.0001,0.07802732834925057,normuon,1.0220040106385782,1.0,0.1,verified-v3-normuon-1e-4,0.9110827739955403,2345,TRECCOVID
7,0.0001,0.29901819832664106,normuon,0.9922656364549817,1.0,0.1,verified-v3-normuon-1e-4,1.0,2345,Touche2020
8,0.0001,0.24209419007996436,normuon,1.0108164504217338,1.0,0.1,verified-v3-normuon-1e-4,1.0,2345,ArguAna
8,0.0001,0.013717094689220938,normuon,1.3210397403693266,0.9782555328688902,0.1,verified-v3-normuon-1e-4,0.7557712859756185,2345,ClimateFEVER
8,0.0001,0.30000740440982676,normuon,1.0035803694501866,1.0,0.1,verified-v3-normuon-1e-4,1.0,2345,DBPedia
8,0.0001,0.40527752018906404,normuon,1.000134275106308,1.0,0.1,verified-v3-normuon-1e-4,1.0,2345,FEVER
8,0.0001,0.22035591920803566,normuon,0.9905501371296382,0.9763884649059846,0.1,verified-v3-normuon-1e-4,0.9538662191964322,2345,FiQA2018
8,0.0001,0.29948913523564125,normuon,0.9936670533835603,1.0,0.1,verified-v3-normuon-1e-4,1.0,2345,HotpotQA
8,0.0001,0.427281101974667,normuon,0.997473098846345,1.0,0.1,verified-v3-normuon-1e-4,1.0,2345,MSMARCO
8,0.0001,0.0020968221717393327,normuon,0.6561029676776193,0.9953481226970516,0.1,verified-v3-normuon-1e-4,0.7157125017240169,2345,NFCorpus
8,0.0001,0.42008615936012467,normuon,1.0044016782972434,1.0,0.1,verified-v3-normuon-1e-4,1.0,2345,NQ
8,0.0001,0.4819126315925349,normuon,0.9915365081332137,1.0,0.1,verified-v3-normuon-1e-4,1.0,2345,QuoraRetrieval
8,0.0001,0.0942490737487573,normuon,0.9591478564122358,1.0022314861235977,0.1,verified-v3-normuon-1e-4,0.86024524972907,2345,SCIDOCS
8,0.0001,0.2638495835517695,normuon,0.9915085843416648,1.0,0.1,verified-v3-normuon-1e-4,1.0,2345,SciFact
8,0.0001,0.07216388781189796,normuon,0.9452045113850228,0.9746818938298829,0.1,verified-v3-normuon-1e-4,0.8880158835937564,2345,TRECCOVID
8,0.0001,0.29844200751429073,normuon,0.9903535978354734,1.0,0.1,verified-v3-normuon-1e-4,1.0,2345,Touche2020
9,0.0001,0.2372157700735334,normuon,0.9904475717099477,1.0,0.1,verified-v3-normuon-1e-4,1.0,2345,ArguAna
9,0.0001,0.011587847279892186,normuon,1.1159802501106448,1.0006542152626834,0.1,verified-v3-normuon-1e-4,0.7730758453960714,2345,ClimateFEVER
9,0.0001,0.2967842847979374,normuon,0.9927984369934018,1.0,0.1,verified-v3-normuon-1e-4,1.0,2345,DBPedia
9,0.0001,0.40920363361551,normuon,1.0098230449248558,1.0,0.1,verified-v3-normuon-1e-4,1.0,2345,FEVER
9,0.0001,0.2169384534958694,normuon,0.9751878489642534,1.0,0.1,verified-v3-normuon-1e-4,0.9769331095982161,2345,FiQA2018
9,0.0001,0.2998760588484542,normuon,0.9949508169695945,1.0,0.1,verified-v3-normuon-1e-4,1.0,2345,HotpotQA
9,0.0001,0.4297425116146927,normuon,1.0032191753515312,1.0,0.1,verified-v3-normuon-1e-4,1.0,2345,MSMARCO
9,0.0001,-0.0014428275495734708,normuon,-0.45146577038382435,0.9948246640826165,0.1,verified-v3-normuon-1e-4,0.7153361048976772,2345,NFCorpus
9,0.0001,0.41518496696148,normuon,0.992683211118142,1.0,0.1,verified-v3-normuon-1e-4,1.0,2345,NQ
9,0.0001,0.4817855564845563,normuon,0.9912750507640233,1.0,0.1,verified-v3-normuon-1e-4,1.0,2345,QuoraRetrieval
9,0.0001,0.09993440309211789,normuon,1.0170059470627426,0.9990404235353006,0.1,verified-v3-normuon-1e-4,0.8575062653016419,2345,SCIDOCS
9,0.0001,0.2653884497970297,normuon,0.997291421182981,1.0,0.1,verified-v3-normuon-1e-4,1.0,2345,SciFact
9,0.0001,0.07366431081544353,normuon,0.9648570915735213,1.0,0.1,verified-v3-normuon-1e-4,0.9110827739955403,2345,TRECCOVID
9,0.0001,0.29521157330372366,normuon,0.9796336855494904,1.0,0.1,verified-v3-normuon-1e-4,1.0,2345,Touche2020
10,0.0001,0.24286970662206725,normuon,1.014054466493383,1.0,0.1,verified-v3-normuon-1e-4,1.0,2345,ArguAna
10,0.0001,0.0056686954522889264,normuon,0.5459298880840385,0.9427784295827941,0.1,verified-v3-normuon-1e-4,0.728362725459134,2345,ClimateFEVER
10,0.0001,0.2955048475993648,normuon,0.988518482440421,1.0,0.1,verified-v3-normuon-1e-4,1.0,2345,DBPedia
10,0.0001,0.40441243608228056,normuon,0.9979994410162252,1.0,0.1,verified-v3-normuon-1e-4,1.0,2345,FEVER
10,0.0001,0.22194630142532532,normuon,0.9976992680859867,1.0236115350940154,0.1,verified-v3-normuon-1e-4,1.0,2345,FiQA2018
10,0.0001,0.29658115596366774,normuon,0.9840187461345884,1.0,0.1,verified-v3-normuon-1e-4,1.0,2345,HotpotQA
10,0.0001,0.4272228330669112,normuon,0.9973370720768087,1.0,0.1,verified-v3-normuon-1e-4,1.0,2345,MSMARCO
10,0.0001,-0.00447651382303715,normuon,-1.4007167816755042,0.9953481226970516,0.1,verified-v3-normuon-1e-4,0.7157125017240169,2345,NFCorpus
10,0.0001,0.40934169707037427,normuon,0.9787122912137348,1.0,0.1,verified-v3-normuon-1e-4,1.0,2345,NQ
10,0.0001,0.48728579052083465,normuon,1.0025917967729931,1.0,0.1,verified-v3-normuon-1e-4,1.0,2345,QuoraRetrieval
10,0.0001,0.10428660881973581,normuon,1.0612971918280507,1.0,0.1,verified-v3-normuon-1e-4,0.8583298984711626,2345,SCIDOCS
10,0.0001,0.2618116283065228,normuon,0.9838502432028783,0.9769331095982161,0.1,verified-v3-normuon-1e-4,0.9769331095982161,2345,SciFact
10,0.0001,0.08079984418013601,normuon,1.0583184963280152,1.0,0.1,verified-v3-normuon-1e-4,0.9110827739955403,2345,TRECCOVID
10,0.0001,0.30546811901040694,normuon,1.0136691319217352,1.0,0.1,verified-v3-normuon-1e-4,1.0,2345,Touche2020
11,0.0001,0.24045806283051518,normuon,1.0039851244069287,1.0,0.1,verified-v3-normuon-1e-4,1.0,2345,ArguAna
11,0.0001,0.008660921065964519,normuon,0.834099433995437,0.9975208068893268,0.1,verified-v3-normuon-1e-4,0.7706550667791863,2345,ClimateFEVER
11,0.0001,0.2953038846942451,normuon,0.9878462242774515,1.0,0.1,verified-v3-normuon-1e-4,1.0,2345,DBPedia
11,0.0001,0.4050033645667783,normuon,0.9994577203483903,1.0,0.1,verified-v3-normuon-1e-4,1.0,2345,FEVER
11,0.0001,0.21802409110117016,normuon,0.9800680377182868,1.0,0.1,verified-v3-normuon-1e-4,0.9769331095982161,2345,FiQA2018
11,0.0001,0.30698152151760427,normuon,1.0185258429812258,1.0,0.1,verified-v3-normuon-1e-4,1.0,2345,HotpotQA
11,0.0001,0.4325134015129815,normuon,1.0096877229204149,1.0,0.1,verified-v3-normuon-1e-4,1.0,2345,MSMARCO
11,0.0001,0.001250562234005971,normuon,0.3913052828491702,1.006728450352065,0.1,verified-v3-normuon-1e-4,0.723895611322233,2345,NFCorpus
11,0.0001,0.4236212003632829,normuon,1.0128537566085831,1.0,0.1,verified-v3-normuon-1e-4,1.0,2345,NQ
11,0.0001,0.4889172392057912,normuon,1.0059485067370681,1.0,0.1,verified-v3-normuon-1e-4,1.0,2345,QuoraRetrieval
11,0.0001,0.1068650603122099,normuon,1.0875374096201333,1.0022314861235977,0.1,verified-v3-normuon-1e-4,0.86024524972907,2345,SCIDOCS
11,0.0001,0.26342478588271034,normuon,0.9899122561238571,1.0,0.1,verified-v3-normuon-1e-4,1.0,2345,SciFact
11,0.0001,0.07576013992150595,normuon,0.9923083166420191,1.0,0.1,verified-v3-normuon-1e-4,0.9110827739955403,2345,TRECCOVID
11,0.0001,0.3003585540155851,normuon,0.9967134891215048,1.0,0.1,verified-v3-normuon-1e-4,1.0,2345,Touche2020
12,0.0001,0.23935693486397164,normuon,0.9993875821766338,1.0,0.1,verified-v3-normuon-1e-4,1.0,2345,ArguAna
12,0.0001,0.007999450727093746,normuon,0.7703958127460684,0.9676634762651604,0.1,verified-v3-normuon-1e-4,0.7475881763774024,2345,ClimateFEVER
12,0.0001,0.3017098059546532,normuon,1.0092752181312397,1.0,0.1,verified-v3-normuon-1e-4,1.0,2345,DBPedia
12,0.0001,0.4088820628990314,normuon,1.009029480319371,1.0,0.1,verified-v3-normuon-1e-4,1.0,2345,FEVER
12,0.0001,0.22319199233980436,normuon,1.00329893298536,1.0,0.1,verified-v3-normuon-1e-4,0.9769331095982161,2345,FiQA2018
12,0.0001,0.30038420520214465,normuon,0.9966367822703454,1.0,0.1,verified-v3-normuon-1e-4,1.0,2345,HotpotQA
12,0.0001,0.4314281464802395,normuon,1.0071542322147764,1.0,0.1,verified-v3-normuon-1e-4,1.0,2345,MSMARCO
12,0.0001,0.00820937657322425,normuon,2.5687425500693064,1.0102697450405707,0.1,verified-v3-normuon-1e-4,0.7264420057173764,2345,NFCorpus
12,0.0001,0.4187199051312174,normuon,1.0011350435607278,1.0,0.1,verified-v3-normuon-1e-4,1.0,2345,NQ
12,0.0001,0.4866012545104729,normuon,1.0011833621296375,1.0,0.1,verified-v3-normuon-1e-4,1.0,2345,QuoraRetrieval
12,0.0001,0.09441472577437297,normuon,0.9608336531947397,0.9983344214579214,0.1,verified-v3-normuon-1e-4,0.8569002826102445,2345,SCIDOCS
12,0.0001,0.26212907851653067,normuon,0.9850431751911983,0.9769331095982161,0.1,verified-v3-normuon-1e-4,0.9769331095982161,2345,SciFact
12,0.0001,0.06852309984337995,normuon,0.897517374269994,0.9910182588983335,0.1,verified-v3-normuon-1e-4,0.9028996643973242,2345,TRECCOVID
12,0.0001,0.30131833115850093,normuon,0.9998984252989678,1.0,0.1,verified-v3-normuon-1e-4,1.0,2345,Touche2020
13,0.0001,0.2389452005714478,normuon,0.9976684670010554,1.0,0.1,verified-v3-normuon-1e-4,1.0,2345,ArguAna
13,0.0001,0.012901637193104012,normuon,1.242506218267227,0.9900621586589536,0.1,verified-v3-normuon-1e-4,0.7648927357978553,2345,ClimateFEVER
13,0.0001,0.30083344861917916,normuon,1.0063436404248975,1.0,0.1,verified-v3-normuon-1e-4,1.0,2345,DBPedia
13,0.0001,0.40367400518732865,normuon,0.9961771587255758,1.0,0.1,verified-v3-normuon-1e-4,1.0,2345,FEVER
13,0.0001,0.2212212547860806,normuon,0.9944400180031642,1.0,0.1,verified-v3-normuon-1e-4,0.9769331095982161,2345,FiQA2018
13,0.0001,0.3032477212435035,normuon,1.0061375661465113,1.0,0.1,verified-v3-normuon-1e-4,1.0,2345,HotpotQA
13,0.0001,0.4216641858015982,normuon,0.9843606004109631,1.0,0.1,verified-v3-normuon-1e-4,1.0,2345,MSMARCO
13,0.0001,-0.002726059531431787,normuon,-0.8529935312323678,0.967920658081885,0.1,verified-v3-normuon-1e-4,0.6959905784410585,2345,NFCorpus
13,0.0001,0.41207613615975636,normuon,0.9852501767150338,1.0,0.1,verified-v3-normuon-1e-4,1.0,2345,NQ
13,0.0001,0.4863300384953739,normuon,1.000625334464597,1.0,0.1,verified-v3-normuon-1e-4,1.0,2345,QuoraRetrieval
13,0.0001,0.10044023735641705,normuon,1.0221536883720708,1.0,0.1,verified-v3-normuon-1e-4,0.8583298984711626,2345,SCIDOCS
13,0.0001,0.2635202882276583,normuon,0.9902711401272577,0.9769331095982161,0.1,verified-v3-normuon-1e-4,0.9769331095982161,2345,SciFact
13,0.0001,0.0749091374128309,normuon,0.9811618632733162,1.0,0.1,verified-v3-normuon-1e-4,0.9110827739955403,2345,TRECCOVID
13,0.0001,0.29940881711647166,normuon,0.9935618706115367,1.0,0.1,verified-v3-normuon-1e-4,1.0,2345,Touche2020
14,0.0001,0.23815814137741015,normuon,0.9943822568671973,1.0,0.1,verified-v3-normuon-1e-4,1.0,2345,ArguAna
14,0.0001,0.0060766019602666015,normuon,0.5852137684976679,1.0323620126243032,0.1,verified-v3-normuon-1e-4,0.7975723516587734,2345,ClimateFEVER
14,0.0001,0.301802670570275,normuon,1.0095858674815046,1.0,0.1,verified-v3-normuon-1e-4,1.0,2345,DBPedia
14,0.0001,0.40549662575021717,normuon,1.0006749786258948,1.0,0.1,verified-v3-normuon-1e-4,1.0,2345,FEVER
14,0.0001,0.21744268936136543,normuon,0.9774545042349985,1.0,0.1,verified-v3-normuon-1e-4,0.9769331095982161,2345,FiQA2018
14,0.0001,0.3011999391146374,normuon,0.9993432841691002,1.0,0.1,verified-v3-normuon-1e-4,1.0,2345,HotpotQA
14,0.0001,0.42704011449173407,normuon,0.9969105218208847,1.0,0.1,verified-v3-normuon-1e-4,1.0,2345,MSMARCO
14,0.0001,0.009834558812582953,normuon,3.0772677386291494,1.0309687593036723,0.1,verified-v3-normuon-1e-4,0.7413257865209442,2345,NFCorpus
14,0.0001,0.4202270675951949,normuon,1.0047385817267829,1.0,0.1,verified-v3-normuon-1e-4,1.0,2345,NQ
14,0.0001,0.48981753607056844,normuon,1.0078008699063725,1.0,0.1,verified-v3-normuon-1e-4,1.0,2345,QuoraRetrieval
14,0.0001,0.09357487754385818,normuon,0.952286740233481,0.9968089374117028,0.1,verified-v3-normuon-1e-4,0.8555909140437343,2345,SCIDOCS
14,0.0001,0.2662412815981039,normuon,1.0004962397784165,0.9769331095982161,0.1,verified-v3-normuon-1e-4,0.9769331095982161,2345,SciFact
14,0.0001,0.07511159624745684,normuon,0.9838136744445353,1.0,0.1,verified-v3-normuon-1e-4,0.9110827739955403,2345,TRECCOVID
14,0.0001,0.3028638887175009,normuon,1.0050272223539338,1.0,0.1,verified-v3-normuon-1e-4,1.0,2345,Touche2020
15,0.0001,0.23934965553372833,normuon,0.9993571887716721,1.0,0.1,verified-v3-normuon-1e-4,1.0,2345,ArguAna
15,0.0001,0.009527877143384586,normuon,0.9175925830459128,1.0105920566037299,0.1,verified-v3-normuon-1e-4,0.7807535276353099,2345,ClimateFEVER
15,0.0001,0.29887563711628373,normuon,0.9997943980978463,0.9769331095982161,0.1,verified-v3-normuon-1e-4,0.9769331095982161,2345,DBPedia
15,0.0001,0.40388425644268516,normuon,0.9966960117988182,1.0,0.1,verified-v3-normuon-1e-4,1.0,2345,FEVER
15,0.0001,0.22281365500677996,normuon,1.0015982203453027,1.0236115350940154,0.1,verified-v3-normuon-1e-4,1.0,2345,FiQA2018
15,0.0001,0.29866547787005165,normuon,0.9909342624700632,1.0,0.1,verified-v3-normuon-1e-4,1.0,2345,HotpotQA
15,0.0001,0.42432930399766844,normuon,0.9905822275635339,1.0,0.1,verified-v3-normuon-1e-4,1.0,2345,MSMARCO
15,0.0001,-0.0008401507121084638,normuon,-0.26288608683185655,1.0129334420896947,0.1,verified-v3-normuon-1e-4,0.7283573569752838,2345,NFCorpus
15,0.0001,0.4096568920733348,normuon,0.9794659042117128,1.0,0.1,verified-v3-normuon-1e-4,1.0,2345,NQ
15,0.0001,0.47857400412087797,normuon,0.9846672733213665,1.0,0.1,verified-v3-normuon-1e-4,1.0,2345,QuoraRetrieval
15,0.0001,0.09636460904797212,normuon,0.9806770987347161,1.0,0.1,verified-v3-normuon-1e-4,0.8583298984711626,2345,SCIDOCS
15,0.0001,0.26421152968588874,normuon,0.9928687255790227,1.0,0.1,verified-v3-normuon-1e-4,1.0,2345,SciFact
15,0.0001,0.07568232419695095,normuon,0.9912890842234748,1.0,0.1,verified-v3-normuon-1e-4,0.9110827739955403,2345,TRECCOVID
15,0.0001,0.30020044690443065,normuon,0.9961888245554159,1.0,0.1,verified-v3-normuon-1e-4,1.0,2345,Touche2020
16,0.0001,0.24167299267232378,normuon,1.0090578238789927,1.0,0.1,verified-v3-normuon-1e-4,1.0,2345,ArguAna
16,0.0001,0.011121024196788202,normuon,1.0710223447761646,0.9842800137144825,0.1,verified-v3-normuon-1e-4,0.7604256216609542,2345,ClimateFEVER
16,0.0001,0.3059666701819831,normuon,1.0235152179151354,1.0,0.1,verified-v3-normuon-1e-4,1.0,2345,DBPedia
16,0.0001,0.4021865723486435,normuon,0.9925065071602146,1.0,0.1,verified-v3-normuon-1e-4,1.0,2345,FEVER
16,0.0001,0.2166209021223511,normuon,0.9737603830821715,1.0,0.1,verified-v3-normuon-1e-4,0.9769331095982161,2345,FiQA2018
16,0.0001,0.3079213827055437,normuon,1.0216441834728585,1.0,0.1,verified-v3-normuon-1e-4,1.0,2345,HotpotQA
16,0.0001,0.4295920130911387,normuon,1.0028678417026349,1.0,0.1,verified-v3-normuon-1e-4,1.0,2345,MSMARCO
16,0.0001,-0.0014648097511572485,normuon,-0.45834407789582504,1.0309687593036723,0.1,verified-v3-normuon-1e-4,0.7413257865209442,2345,NFCorpus
16,0.0001,0.4199822942916632,normuon,1.00415334293376,1.0,0.1,verified-v3-normuon-1e-4,1.0,2345,NQ
16,0.0001,0.48778362133369463,normuon,1.0036160849809885,1.0,0.1,verified-v3-normuon-1e-4,1.0,2345,QuoraRetrieval
16,0.0001,0.09570056670404171,normuon,0.973919315709223,0.9990404235353006,0.1,verified-v3-normuon-1e-4,0.8575062653016419,2345,SCIDOCS
16,0.0001,0.26926832814741286,normuon,1.0118714430227784,1.0,0.1,verified-v3-normuon-1e-4,1.0,2345,SciFact
16,0.0001,0.0767138597352863,normuon,1.0048001639899922,1.0,0.1,verified-v3-normuon-1e-4,0.9110827739955403,2345,TRECCOVID
16,0.0001,0.3051649797862145,normuon,1.012663191022783,1.0,0.1,verified-v3-normuon-1e-4,1.0,2345,Touche2020
17,0.0001,0.23810556603564098,normuon,0.9941627389170586,1.0,0.1,verified-v3-normuon-1e-4,1.0,2345,ArguAna
17,0.0001,-0.0012360986121752876,normuon,-0.11904382281344952,0.9496127714310575,0.1,verified-v3-normuon-1e-4,0.7336427357978553,2345,ClimateFEVER
17,0.0001,0.2973696795766377,normuon,0.994756691021958,1.0,0.1,verified-v3-normuon-1e-4,1.0,2345,DBPedia
17,0.0001,0.4075422192443934,normuon,1.0057230458503137,1.0,0.1,verified-v3-normuon-1e-4,1.0,2345,FEVER
17,0.0001,0.2246769684125986,normuon,1.0099742392708784,1.0236115350940154,0.1,verified-v3-normuon-1e-4,1.0,2345,FiQA2018
17,0.0001,0.29801878599390713,normuon,0.9887886206573476,1.0,0.1,verified-v3-normuon-1e-4,1.0,2345,HotpotQA
17,0.0001,0.4251193326974013,normuon,0.9924265225058054,1.0,0.1,verified-v3-normuon-1e-4,1.0,2345,MSMARCO
17,0.0001,-0.0033646406467956955,normuon,-1.0528077885118017,0.967920658081885,0.1,verified-v3-normuon-1e-4,0.6959905784410585,2345,NFCorpus
17,0.0001,0.4101569564086787,normuon,0.9806615290769574,1.0,0.1,verified-v3-normuon-1e-4,1.0,2345,NQ
17,0.0001,0.4837385753205729,normuon,0.9952933921604358,1.0,0.1,verified-v3-normuon-1e-4,1.0,2345,QuoraRetrieval
17,0.0001,0.10139137112061597,normuon,1.0318331247294463,1.0,0.1,verified-v3-normuon-1e-4,0.8583298984711626,2345,SCIDOCS
17,0.0001,0.27141794049611856,normuon,1.019949375411595,0.9769331095982161,0.1,verified-v3-normuon-1e-4,0.9769331095982161,2345,SciFact
17,0.0001,0.08084495688497155,normuon,1.0589093837292385,1.025318106170117,0.1,verified-v3-normuon-1e-4,0.9341496643973242,2345,TRECCOVID
17,0.0001,0.29778371185944275,normuon,0.9881691015051874,1.0,0.1,verified-v3-normuon-1e-4,1.0,2345,Touche2020
18,0.0001,0.23590959356752605,normuon,0.9849938898227842,1.0,0.1,verified-v3-normuon-1e-4,1.0,2345,ArguAna
18,0.0001,0.01145504678251224,normuon,1.1031907536061423,0.968079775617833,0.1,verified-v3-normuon-1e-4,0.7479097969423252,2345,ClimateFEVER
18,0.0001,0.29667070337717005,normuon,0.9924184860903879,1.0,0.1,verified-v3-normuon-1e-4,1.0,2345,DBPedia
18,0.0001,0.40669102524160977,normuon,1.0036224894302297,1.0,0.1,verified-v3-normuon-1e-4,1.0,2345,FEVER
18,0.0001,0.22426694090614724,normuon,1.0081310720702783,1.0236115350940154,0.1,verified-v3-normuon-1e-4,1.0,2345,FiQA2018
18,0.0001,0.3017038018805418,normuon,1.0010150370676218,1.0,0.1,verified-v3-normuon-1e-4,1.0,2345,HotpotQA
18,0.0001,0.4268638231530981,normuon,0.9964989757285434,1.0,0.1,verified-v3-normuon-1e-4,1.0,2345,MSMARCO
18,0.0001,0.0026057794161383,normuon,0.8153574638250867,0.9953481226970516,0.1,verified-v3-normuon-1e-4,0.7157125017240169,2345,NFCorpus
18,0.0001,0.42194680694440545,normuon,1.0088503789143215,1.0,0.1,verified-v3-normuon-1e-4,1.0,2345,NQ
18,0.0001,0.48617001600483534,normuon,1.000296087769056,1.0,0.1,verified-v3-normuon-1e-4,1.0,2345,QuoraRetrieval
18,0.0001,0.09846314934787294,normuon,1.0020333874512521,1.0104703923535183,0.1,verified-v3-normuon-1e-4,0.8673169492769113,2345,SCIDOCS
18,0.0001,0.2662252701771024,normuon,1.0004360711734228,0.9769331095982161,0.1,verified-v3-normuon-1e-4,0.9769331095982161,2345,SciFact
18,0.0001,0.07454693642729807,normuon,0.9764177451841397,0.9746818938298829,0.1,verified-v3-normuon-1e-4,0.8880158835937564,2345,TRECCOVID
18,0.0001,0.30014690557985363,normuon,0.9960111523708955,1.0,0.1,verified-v3-normuon-1e-4,1.0,2345,Touche2020
19,0.0001,0.24041681266976955,normuon,1.0038128925121836,1.0,0.1,verified-v3-normuon-1e-4,1.0,2345,ArguAna
19,0.0001,0.013751987830139296,normuon,1.3244001623000492,1.0298573306241663,0.1,verified-v3-normuon-1e-4,0.7956373084388777,2345,ClimateFEVER
19,0.0001,0.2988204615350353,normuon,0.9996098255526358,0.9769331095982161,0.1,verified-v3-normuon-1e-4,0.9769331095982161,2345,DBPedia
19,0.0001,0.41020835302522396,normuon,1.0123024677116186,1.0,0.1,verified-v3-normuon-1e-4,1.0,2345,FEVER
19,0.0001,0.22532087482701701,normuon,1.0128687455287233,1.0,0.1,verified-v3-normuon-1e-4,0.9769331095982161,2345,FiQA2018
19,0.0001,0.30250838727006213,normuon,1.0036845495778874,1.0,0.1,verified-v3-normuon-1e-4,1.0,2345,HotpotQA
19,0.0001,0.42554631709148305,normuon,0.9934233029502375,1.0,0.1,verified-v3-normuon-1e-4,1.0,2345,MSMARCO
19,0.0001,0.0045317577354670804,normuon,1.4180027944713978,1.0053622458965046,0.1,verified-v3-normuon-1e-4,0.722913231804496,2345,NFCorpus
19,0.0001,0.4120478874899418,normuon,0.9851826357814915,1.0,0.1,verified-v3-normuon-1e-4,1.0,2345,NQ
19,0.0001,0.49102105741320556,normuon,1.0102771182371098,1.0,0.1,verified-v3-normuon-1e-4,1.0,2345,QuoraRetrieval
19,0.0001,0.09598622383884603,normuon,0.9768263726978869,1.0,0.1,verified-v3-normuon-1e-4,0.8583298984711626,2345,SCIDOCS
19,0.0001,0.2627921437226511,normuon,0.9875348783616059,1.0,0.1,verified-v3-normuon-1e-4,1.0,2345,SciFact
19,0.0001,0.07481247122445231,normuon,0.9798957269809924,0.9493637876597658,0.1,verified-v3-normuon-1e-4,0.8649489931919725,2345,TRECCOVID
19,0.0001,0.29970653777750567,normuon,0.9945498304844137,1.0,0.1,verified-v3-normuon-1e-4,1.0,2345,Touche2020
0,0.0001,0.24045701365144628,normuon,1.0039807437670547,1.0,0.25,verified-v3-normuon-1e-4,1.0,2345,ArguAna
0,0.0001,0.013678075072245879,normuon,1.3172819136687097,1.0081128634930565,0.25,verified-v3-normuon-1e-4,0.7788381763774024,2345,ClimateFEVER
0,0.0001,0.30310113732420274,normuon,1.0139294794239802,0.9769331095982161,0.25,verified-v3-normuon-1e-4,0.9769331095982161,2345,DBPedia
0,0.0001,0.39744555607549986,normuon,0.9808067393778916,1.0,0.25,verified-v3-normuon-1e-4,1.0,2345,FEVER
0,0.0001,0.21773666673557052,normuon,0.9787759996111083,1.0236115350940154,0.25,verified-v3-normuon-1e-4,1.0,2345,FiQA2018
0,0.0001,0.303813763113187,normuon,1.0080156214432336,1.0,0.25,verified-v3-normuon-1e-4,1.0,2345,HotpotQA
0,0.0001,0.420615470750625,normuon,0.9819124110413263,1.0,0.25,verified-v3-normuon-1e-4,1.0,2345,MSMARCO
0,0.0001,-0.006819825640719349,normuon,-2.1339472189042343,0.9287051857897224,0.25,verified-v3-normuon-1e-4,0.6677924001951795,2345,NFCorpus
0,0.0001,0.40442506974223025,normuon,0.9669569200120939,1.0,0.25,verified-v3-normuon-1e-4,1.0,2345,NQ
0,0.0001,0.48551964157030125,normuon,0.998957940657896,1.0,0.25,verified-v3-normuon-1e-4,1.0,2345,QuoraRetrieval
0,0.0001,0.09611803392454699,normuon,0.9781677690228057,1.0054225487118948,0.25,verified-v3-normuon-1e-4,0.8629842341564983,2345,SCIDOCS
0,0.0001,0.272485939126782,normuon,1.0239627598411374,1.0,0.25,verified-v3-normuon-1e-4,1.0,2345,SciFact
0,0.0001,0.07736132039572756,normuon,1.0132806208465932,0.9746818938298829,0.25,verified-v3-normuon-1e-4,0.8880158835937564,2345,TRECCOVID
0,0.0001,0.2879140452385622,normuon,0.9554174794100381,1.0,0.25,verified-v3-normuon-1e-4,1.0,2345,Touche2020
1,0.0001,0.24001712778569007,normuon,1.0021440872604797,1.0,0.25,verified-v3-normuon-1e-4,1.0,2345,ArguAna
1,0.0001,0.009386496301407006,normuon,0.903976747111936,1.0247294009423786,0.25,verified-v3-normuon-1e-4,0.7916756216609542,2345,ClimateFEVER
1,0.0001,0.3057042502046469,normuon,1.0226373744554906,1.0,0.25,verified-v3-normuon-1e-4,1.0,2345,DBPedia
1,0.0001,0.397086747002266,normuon,0.9799212788366978,1.0,0.25,verified-v3-normuon-1e-4,1.0,2345,FEVER
1,0.0001,0.21796607830258363,normuon,0.9798072569514179,1.0,0.25,verified-v3-normuon-1e-4,0.9769331095982161,2345,FiQA2018
1,0.0001,0.3033376834262186,normuon,1.0064360492849533,1.0,0.25,verified-v3-normuon-1e-4,1.0,2345,HotpotQA
1,0.0001,0.4269202589770318,normuon,0.9966307232266773,1.0,0.25,verified-v3-normuon-1e-4,1.0,2345,MSMARCO
1,0.0001,-0.00657434808613888,normuon,-2.057136436268866,0.9657042417841035,0.25,verified-v3-normuon-1e-4,0.6943968477480738,2345,NFCorpus
1,0.0001,0.4145868352910614,normuon,0.9912531129341735,1.0,0.25,verified-v3-normuon-1e-4,1.0,2345,NQ
1,0.0001,0.4848334118218266,normuon,0.9975460211439146,1.0,0.25,verified-v3-normuon-1e-4,1.0,2345,QuoraRetrieval
1,0.0001,0.10088976678543811,normuon,1.026728430288253,1.023907469660781,0.25,verified-v3-normuon-1e-4,0.8788503944778032,2345,SCIDOCS
1,0.0001,0.25852221397862873,normuon,0.9714890997829815,1.0,0.25,verified-v3-normuon-1e-4,1.0,2345,SciFact
1,0.0001,0.07105363823311066,normuon,0.9306624330345814,1.0,0.25,verified-v3-normuon-1e-4,0.9110827739955403,2345,TRECCOVID
1,0.0001,0.2964125361649678,normuon,0.9836189753563986,1.0,0.25,verified-v3-normuon-1e-4,1.0,2345,Touche2020
2,0.0001,0.24281129719230526,normuon,1.013810589461705,1.0,0.25,verified-v3-normuon-1e-4,1.0,2345,ArguAna
2,0.0001,0.015243168883576243,normuon,1.4680099773743727,1.0062623967556033,0.25,verified-v3-normuon-1e-4,0.7774085605164844,2345,ClimateFEVER
2,0.0001,0.2855064140358065,normuon,0.955071869116399,1.0,0.25,verified-v3-normuon-1e-4,1.0,2345,DBPedia
2,0.0001,0.3992759382100789,normuon,0.9853237131011832,1.0,0.25,verified-v3-normuon-1e-4,1.0,2345,FEVER
2,0.0001,0.21842631214699912,normuon,0.9818761130971295,1.0,0.25,verified-v3-normuon-1e-4,0.9769331095982161,2345,FiQA2018
2,0.0001,0.30077670574896676,normuon,0.9979390494177172,1.0,0.25,verified-v3-normuon-1e-4,1.0,2345,HotpotQA
2,0.0001,0.4328089032819356,normuon,1.010377561679562,1.0,0.25,verified-v3-normuon-1e-4,1.0,2345,MSMARCO
2,0.0001,0.0065896041395791085,normuon,2.0619101085774147,0.9762022228686313,0.25,verified-v3-normuon-1e-4,0.7019454994546743,2345,NFCorpus
2,0.0001,0.4133824236360991,normuon,0.9883734344190626,1.0,0.25,verified-v3-normuon-1e-4,1.0,2345,NQ
2,0.0001,0.48183617109918864,normuon,0.9913791904668721,1.0,0.25,verified-v3-normuon-1e-4,1.0,2345,QuoraRetrieval
2,0.0001,0.09004631431157686,normuon,0.9163774869555168,1.0281752610261912,0.25,verified-v3-normuon-1e-4,0.8825135674071718,2345,SCIDOCS
2,0.0001,0.2594429627559882,normuon,0.9749491405550181,0.9769331095982161,0.25,verified-v3-normuon-1e-4,0.9769331095982161,2345,SciFact
2,0.0001,0.07336900556117158,normuon,0.9609891755418754,1.025318106170117,0.25,verified-v3-normuon-1e-4,0.9341496643973242,2345,TRECCOVID
2,0.0001,0.30615538491750705,normuon,1.015949763490445,1.0,0.25,verified-v3-normuon-1e-4,1.0,2345,Touche2020
3,0.0001,0.2312892148641712,normuon,0.9657024115804246,1.0,0.25,verified-v3-normuon-1e-4,1.0,2345,ArguAna
3,0.0001,0.011611335726488472,normuon,1.118242330536292,0.9458979402356973,0.25,verified-v3-normuon-1e-4,0.7307727671083186,2345,ClimateFEVER
3,0.0001,0.29352497650032405,normuon,0.981895446675861,1.0,0.25,verified-v3-normuon-1e-4,1.0,2345,DBPedia
3,0.0001,0.40967843492092715,normuon,1.010994748352155,1.0,0.25,verified-v3-normuon-1e-4,1.0,2345,FEVER
3,0.0001,0.22030741181825025,normuon,0.990332085344252,1.0,0.25,verified-v3-normuon-1e-4,0.9769331095982161,2345,FiQA2018
3,0.0001,0.3042178310178523,normuon,1.0093562676201968,1.0,0.25,verified-v3-normuon-1e-4,1.0,2345,HotpotQA
3,0.0001,0.4199093798657203,normuon,0.9802640660530315,1.0,0.25,verified-v3-normuon-1e-4,1.0,2345,MSMARCO
3,0.0001,0.007202983381882931,normuon,2.253838611915187,1.0015531144346814,0.25,verified-v3-normuon-1e-4,0.7201742473770677,2345,NFCorpus
3,0.0001,0.41637178597743085,normuon,0.9955208266522311,1.0,0.25,verified-v3-normuon-1e-4,1.0,2345,NQ
3,0.0001,0.4872426612536663,normuon,1.0025030581922567,1.0,0.25,verified-v3-normuon-1e-4,1.0,2345,QuoraRetrieval
3,0.0001,0.0997681766386461,normuon,1.0153143044801163,0.9951433588696244,0.25,verified-v3-normuon-1e-4,0.8541612981828164,2345,SCIDOCS
3,0.0001,0.2587683852844682,normuon,0.972414175955825,1.0,0.25,verified-v3-normuon-1e-4,1.0,2345,SciFact
3,0.0001,0.07253715525331733,normuon,0.9500935782061228,0.9746818938298829,0.25,verified-v3-normuon-1e-4,0.8880158835937564,2345,TRECCOVID
3,0.0001,0.28681290624240274,normuon,0.9517634463345797,1.0,0.25,verified-v3-normuon-1e-4,1.0,2345,Touche2020
4,0.0001,0.23448703191490844,normuon,0.9790542647548302,1.0,0.25,verified-v3-normuon-1e-4,1.0,2345,ArguAna
4,0.0001,0.0050872635499966505,normuon,0.489934455621929,0.9514632381685109,0.25,verified-v3-normuon-1e-4,0.7350723516587734,2345,ClimateFEVER
4,0.0001,0.2951344114042524,normuon,0.9872793047131914,1.0,0.25,verified-v3-normuon-1e-4,1.0,2345,DBPedia
4,0.0001,0.4022960195356781,normuon,0.9927765983387636,1.0,0.25,verified-v3-normuon-1e-4,1.0,2345,FEVER
4,0.0001,0.22129727731397186,normuon,0.994781756612675,1.0236115350940154,0.25,verified-v3-normuon-1e-4,1.0,2345,FiQA2018
4,0.0001,0.3075236958755588,normuon,1.0203247088942244,1.0,0.25,verified-v3-normuon-1e-4,1.0,2345,HotpotQA
4,0.0001,0.42365251918284186,normuon,0.989002296592149,1.0,0.25,verified-v3-normuon-1e-4,1.0,2345,MSMARCO
4,0.0001,-0.01880062091819603,normuon,-5.882779829811811,0.8991100969427066,0.25,verified-v3-normuon-1e-4,0.6465118305186652,2345,NFCorpus
4,0.0001,0.4188642480973804,normuon,1.0014801592333922,1.0,0.25,verified-v3-normuon-1e-4,1.0,2345,NQ
4,0.0001,0.4909405261776649,normuon,1.010111425007987,1.0,0.25,verified-v3-normuon-1e-4,1.0,2345,QuoraRetrieval
4,0.0001,0.09858000430938052,normuon,1.0032225894389546,0.9951433588696244,0.25,verified-v3-normuon-1e-4,0.8541612981828164,2345,SCIDOCS
4,0.0001,0.268400305619593,normuon,1.0086095398726964,1.0,0.25,verified-v3-normuon-1e-4,1.0,2345,SciFact
4,0.0001,0.08059256906396253,normuon,1.0556036013736898,1.0163363650684505,0.25,verified-v3-normuon-1e-4,0.925966554799108,2345,TRECCOVID
4,0.0001,0.3108167895657152,normuon,1.0314182255302566,1.0,0.25,verified-v3-normuon-1e-4,1.0,2345,Touche2020
5,0.0001,0.24364735127954115,normuon,1.0173013680902265,1.0,0.25,verified-v3-normuon-1e-4,1.0,2345,ArguAna
5,0.0001,0.0037023357459222677,normuon,0.3565574754249225,0.9465477355072706,0.25,verified-v3-normuon-1e-4,0.7312747797129165,2345,ClimateFEVER
5,0.0001,0.2907492053762083,normuon,0.9726099778197531,0.9769331095982161,0.25,verified-v3-normuon-1e-4,0.9769331095982161,2345,DBPedia
5,0.0001,0.40135508817373866,normuon,0.9904545901870183,1.0,0.25,verified-v3-normuon-1e-4,1.0,2345,FEVER
5,0.0001,0.218233578195412,normuon,0.9810097300071707,1.0,0.25,verified-v3-normuon-1e-4,0.9769331095982161,2345,FiQA2018
5,0.0001,0.2966056368805706,normuon,0.9840999707190591,1.0,0.25,verified-v3-normuon-1e-4,1.0,2345,HotpotQA
5,0.0001,0.42490342542542753,normuon,0.991922494373871,1.0,0.25,verified-v3-normuon-1e-4,1.0,2345,MSMARCO
5,0.0001,0.0024950635580047852,normuon,0.7807140858269815,0.967920658081885,0.25,verified-v3-normuon-1e-4,0.6959905784410585,2345,NFCorpus
5,0.0001,0.41536755300475847,normuon,0.9931197637733923,1.0,0.25,verified-v3-normuon-1e-4,1.0,2345,NQ
5,0.0001,0.4860726822517586,normuon,1.00009582331587,1.0,0.25,verified-v3-normuon-1e-4,1.0,2345,QuoraRetrieval
5,0.0001,0.10961712242860662,normuon,1.1155444167414106,1.0054225487118948,0.25,verified-v3-normuon-1e-4,0.8629842341564983,2345,SCIDOCS
5,0.0001,0.27192323420608383,normuon,1.0218481961120116,1.0,0.25,verified-v3-normuon-1e-4,1.0,2345,SciFact
5,0.0001,0.07170584177671425,normuon,0.9392050123002981,1.0,0.25,verified-v3-normuon-1e-4,0.9110827739955403,2345,TRECCOVID
5,0.0001,0.2946238110222475,normuon,0.9776832480256976,1.0,0.25,verified-v3-normuon-1e-4,1.0,2345,Touche2020
6,0.0001,0.24435352603171384,normuon,1.02024986122066,1.0,0.25,verified-v3-normuon-1e-4,1.0,2345,ArguAna
6,0.0001,0.01018239660654154,normuon,0.9806267926409654,0.9782555328688902,0.25,verified-v3-normuon-1e-4,0.7557712859756185,2345,ClimateFEVER
6,0.0001,0.2989073716227666,normuon,0.999900555903528,1.0,0.25,verified-v3-normuon-1e-4,1.0,2345,DBPedia
6,0.0001,0.3946916192080442,normuon,0.9740106391369101,1.0,0.25,verified-v3-normuon-1e-4,1.0,2345,FEVER
6,0.0001,0.22800671141925394,normuon,1.0249421938586334,1.0,0.25,verified-v3-normuon-1e-4,0.9769331095982161,2345,FiQA2018
6,0.0001,0.2955895049860972,normuon,0.9807285736744351,1.0,0.25,verified-v3-normuon-1e-4,1.0,2345,HotpotQA
6,0.0001,0.42060224447554506,normuon,0.9818815347551316,1.0,0.25,verified-v3-normuon-1e-4,1.0,2345,MSMARCO
6,0.0001,-0.012580024609964963,normuon,-3.9363335581333074,0.9327425532955029,0.25,verified-v3-normuon-1e-4,0.6706954994546743,2345,NFCorpus
6,0.0001,0.4109060081330402,normuon,0.9824524683695683,1.0,0.25,verified-v3-normuon-1e-4,1.0,2345,NQ
6,0.0001,0.48717732889379095,normuon,1.0023686366898261,1.0,0.25,verified-v3-normuon-1e-4,1.0,2345,QuoraRetrieval
6,0.0001,0.10152494640467569,normuon,1.033192485010451,1.0,0.25,verified-v3-normuon-1e-4,0.8583298984711626,2345,SCIDOCS
6,0.0001,0.2594330283695618,normuon,0.9749118085672644,1.0,0.25,verified-v3-normuon-1e-4,1.0,2345,SciFact
6,0.0001,0.07590794323320516,normuon,0.9942442483282372,1.025318106170117,0.25,verified-v3-normuon-1e-4,0.9341496643973242,2345,TRECCOVID
6,0.0001,0.2998483427884097,normuon,0.9950203979621948,1.0,0.25,verified-v3-normuon-1e-4,1.0,2345,Touche2020
7,0.0001,0.23632185447408027,normuon,0.9867152037711824,1.0,0.25,verified-v3-normuon-1e-4,1.0,2345,ArguAna
7,0.0001,0.01879450586367467,normuon,1.8100253522365013,0.9869971227351667,0.25,verified-v3-normuon-1e-4,0.7625247797129165,2345,ClimateFEVER
7,0.0001,0.2925870381408181,normuon,0.9787578690310487,1.0,0.25,verified-v3-normuon-1e-4,1.0,2345,DBPedia
7,0.0001,0.4037659180223215,normuon,0.996403979045034,1.0,0.25,verified-v3-normuon-1e-4,1.0,2345,FEVER
7,0.0001,0.22810984079109892,normuon,1.0254057839168913,1.0236115350940154,0.25,verified-v3-normuon-1e-4,1.0,2345,FiQA2018
7,0.0001,0.29187767190222036,normuon,0.968413181197157,1.0,0.25,verified-v3-normuon-1e-4,1.0,2345,HotpotQA
7,0.0001,0.4174483240992687,normuon,0.9745188156535843,1.0,0.25,verified-v3-normuon-1e-4,1.0,2345,MSMARCO
7,0.0001,-0.005107335515479853,normuon,-1.5981030884712566,0.9793009857368983,0.25,verified-v3-normuon-1e-4,0.7041736880392746,2345,NFCorpus
7,0.0001,0.40207907060016035,normuon,0.9613477719288338,1.0,0.25,verified-v3-normuon-1e-4,1.0,2345,NQ
7,0.0001,0.48558322982104024,normuon,0.9990887736511871,1.0,0.25,verified-v3-normuon-1e-4,1.0,2345,QuoraRetrieval
7,0.0001,0.1063621676369414,normuon,1.082419604083126,1.0054225487118948,0.25,verified-v3-normuon-1e-4,0.8629842341564983,2345,SCIDOCS
7,0.0001,0.25583108633720936,normuon,0.9613762312231457,1.0,0.25,verified-v3-normuon-1e-4,1.0,2345,SciFact
7,0.0001,0.08832652460153032,normuon,1.1569031555775169,1.0,0.25,verified-v3-normuon-1e-4,0.9110827739955403,2345,TRECCOVID
7,0.0001,0.29797930580204685,normuon,0.988818162829986,1.0,0.25,verified-v3-normuon-1e-4,1.0,2345,Touche2020
8,0.0001,0.2424230348646471,normuon,1.012189476837126,1.0,0.25,verified-v3-normuon-1e-4,1.0,2345,ArguAna
8,0.0001,0.004603816018147059,normuon,0.44337551464890806,0.9925413517696268,0.25,verified-v3-normuon-1e-4,0.7668080870557628,2345,ClimateFEVER
8,0.0001,0.3025640414165292,normuon,1.0121327940704519,1.0,0.25,verified-v3-normuon-1e-4,1.0,2345,DBPedia
8,0.0001,0.41199427412340606,normuon,1.0167097215412764,1.0,0.25,verified-v3-normuon-1e-4,1.0,2345,FEVER
8,0.0001,0.20856226849651285,normuon,0.9375349861341756,1.0236115350940154,0.25,verified-v3-normuon-1e-4,1.0,2345,FiQA2018
8,0.0001,0.30505396182960953,normuon,1.0121304438496892,1.0,0.25,verified-v3-normuon-1e-4,1.0,2345,HotpotQA
8,0.0001,0.41847868339569144,normuon,0.9769241541428791,1.0,0.25,verified-v3-normuon-1e-4,1.0,2345,MSMARCO
8,0.0001,-0.00027085066578045464,normuon,-0.08475011758799109,1.0053622458965046,0.25,verified-v3-normuon-1e-4,0.722913231804496,2345,NFCorpus
8,0.0001,0.42303137029686105,normuon,1.0114435070789947,1.0,0.25,verified-v3-normuon-1e-4,1.0,2345,NQ
8,0.0001,0.4883372236365979,normuon,1.0047551231765661,1.0,0.25,verified-v3-normuon-1e-4,1.0,2345,QuoraRetrieval
8,0.0001,0.09380586986415355,normuon,0.9546374878859153,1.0,0.25,verified-v3-normuon-1e-4,0.8583298984711626,2345,SCIDOCS
8,0.0001,0.26896523986036536,normuon,1.0107324810643183,1.0,0.25,verified-v3-normuon-1e-4,1.0,2345,SciFact
8,0.0001,0.0803849206002058,normuon,1.0528838163028436,0.9746818938298829,0.25,verified-v3-normuon-1e-4,0.8880158835937564,2345,TRECCOVID
8,0.0001,0.29087783862926936,normuon,0.9652525675471775,1.0,0.25,verified-v3-normuon-1e-4,1.0,2345,Touche2020
9,0.0001,0.2354733047948909,normuon,0.9831722522677142,1.0,0.25,verified-v3-normuon-1e-4,1.0,2345,ArguAna
9,0.0001,0.013711183133901522,normuon,1.3204704215972927,0.9602048280347873,0.25,verified-v3-normuon-1e-4,0.7418258453960714,2345,ClimateFEVER
9,0.0001,0.2992015651811601,normuon,1.0008846878805477,1.0,0.25,verified-v3-normuon-1e-4,1.0,2345,DBPedia
9,0.0001,0.4018110774165141,normuon,0.9915798696512402,1.0,0.25,verified-v3-normuon-1e-4,1.0,2345,FEVER
9,0.0001,0.21391527962369622,normuon,0.9615979925882114,0.9763884649059846,0.25,verified-v3-normuon-1e-4,0.9538662191964322,2345,FiQA2018
9,0.0001,0.2975337449300843,normuon,0.9871793157846361,1.0,0.25,verified-v3-normuon-1e-4,1.0,2345,HotpotQA
9,0.0001,0.4208731709249638,normuon,0.9825140032724898,1.0,0.25,verified-v3-normuon-1e-4,1.0,2345,MSMARCO
9,0.0001,-0.006592318640778746,normuon,-2.0627594854663327,0.9010982771965305,0.25,verified-v3-normuon-1e-4,0.6479414463795832,2345,NFCorpus
9,0.0001,0.41169911728628555,normuon,0.9843487464231132,1.0,0.25,verified-v3-normuon-1e-4,1.0,2345,NQ
9,0.0001,0.49347197456778247,normuon,1.0153198867346738,1.0,0.25,verified-v3-normuon-1e-4,1.0,2345,QuoraRetrieval
9,0.0001,0.09197059708409269,normuon,0.9359604029776903,0.9990404235353006,0.25,verified-v3-normuon-1e-4,0.8575062653016419,2345,SCIDOCS
9,0.0001,0.26246868878621704,normuon,0.9863193814796141,1.0,0.25,verified-v3-normuon-1e-4,1.0,2345,SciFact
9,0.0001,0.07543588521903515,normuon,0.9880612199721155,1.025318106170117,0.25,verified-v3-normuon-1e-4,0.9341496643973242,2345,TRECCOVID
9,0.0001,0.29828988474727913,normuon,0.9898487917899793,1.0,0.25,verified-v3-normuon-1e-4,1.0,2345,Touche2020
10,0.0001,0.24252742971063634,normuon,1.012625356887078,1.0,0.25,verified-v3-normuon-1e-4,1.0,2345,ArguAna
10,0.0001,0.019018490642146783,normuon,1.831596450220683,0.9764050661314371,0.25,verified-v3-normuon-1e-4,0.7543416701147005,2345,ClimateFEVER
10,0.0001,0.30295367087271374,normuon,1.0134361768131397,1.0,0.25,verified-v3-normuon-1e-4,1.0,2345,DBPedia
10,0.0001,0.39172610097812843,normuon,0.9666924034158474,1.0,0.25,verified-v3-normuon-1e-4,1.0,2345,FEVER
10,0.0001,0.2173583931480974,normuon,0.9770755735218493,1.0,0.25,verified-v3-normuon-1e-4,0.9769331095982161,2345,FiQA2018
10,0.0001,0.3046911183467848,normuon,1.0109265750878587,1.0,0.25,verified-v3-normuon-1e-4,1.0,2345,HotpotQA
10,0.0001,0.4233755370953857,normuon,0.9883556913951885,1.0,0.25,verified-v3-normuon-1e-4,1.0,2345,MSMARCO
10,0.0001,-0.011820059055476036,normuon,-3.6985376866697077,0.9217972914596323,0.25,verified-v3-normuon-1e-4,0.6628252271831511,2345,NFCorpus
10,0.0001,0.42171694312976415,normuon,1.0083007878457722,1.0,0.25,verified-v3-normuon-1e-4,1.0,2345,NQ
10,0.0001,0.48142821251206114,normuon,0.9905398145999091,1.0,0.25,verified-v3-normuon-1e-4,1.0,2345,QuoraRetrieval
10,0.0001,0.10229562050620661,normuon,1.0410354311856707,1.0022314861235977,0.25,verified-v3-normuon-1e-4,0.86024524972907,2345,SCIDOCS
10,0.0001,0.2544151329741153,normuon,0.9560552832207405,1.0,0.25,verified-v3-normuon-1e-4,1.0,2345,SciFact
10,0.0001,0.07552443619217479,normuon,0.9892210629605822,1.025318106170117,0.25,verified-v3-normuon-1e-4,0.9341496643973242,2345,TRECCOVID
10,0.0001,0.29812710225055866,normuon,0.9893086123674024,1.0,0.25,verified-v3-normuon-1e-4,1.0,2345,Touche2020
11,0.0001,0.23318122723100604,normuon,0.97360213533739,1.0,0.25,verified-v3-normuon-1e-4,1.0,2345,ArguAna
11,0.0001,0.006317631507084887,normuon,0.6084263814572018,0.9419801597491331,0.25,verified-v3-normuon-1e-4,0.7277460058000361,2345,ClimateFEVER
11,0.0001,0.3005717381772376,normuon,1.0054681704926491,1.0,0.25,verified-v3-normuon-1e-4,1.0,2345,DBPedia
11,0.0001,0.39882564066356896,normuon,0.984212479470335,1.0,0.25,verified-v3-normuon-1e-4,1.0,2345,FEVER
11,0.0001,0.22205760402324198,normuon,0.9981995986603843,1.0,0.25,verified-v3-normuon-1e-4,0.9769331095982161,2345,FiQA2018
11,0.0001,0.29780588044852985,normuon,0.9880822269988344,1.0,0.25,verified-v3-normuon-1e-4,1.0,2345,HotpotQA
11,0.0001,0.4087995499732694,normuon,0.9543285486635079,1.0,0.25,verified-v3-normuon-1e-4,1.0,2345,MSMARCO
11,0.0001,0.014085075075248404,normuon,4.407269095770213,1.0724402486229765,0.25,verified-v3-normuon-1e-4,0.771146170660026,2345,NFCorpus
11,0.0001,0.4237461490981236,normuon,1.0131525017973468,1.0,0.25,verified-v3-normuon-1e-4,1.0,2345,NQ
11,0.0001,0.4922651302832125,normuon,1.012836801442162,1.0,0.25,verified-v3-normuon-1e-4,1.0,2345,QuoraRetrieval
11,0.0001,0.09809640232528247,normuon,0.9983011001557724,0.9951433588696244,0.25,verified-v3-normuon-1e-4,0.8541612981828164,2345,SCIDOCS
11,0.0001,0.267836265518182,normuon,1.006489958727509,1.0,0.25,verified-v3-normuon-1e-4,1.0,2345,SciFact
11,0.0001,0.0705444520410484,normuon,0.9239930988223405,1.025318106170117,0.25,verified-v3-normuon-1e-4,0.9341496643973242,2345,TRECCOVID
11,0.0001,0.2968089827431487,normuon,0.9849345485168968,1.0,0.25,verified-v3-normuon-1e-4,1.0,2345,Touche2020
12,0.0001,0.23830738478939134,normuon,0.9950053932419192,1.0,0.25,verified-v3-normuon-1e-4,1.0,2345,ArguAna
12,0.0001,0.012487443812169997,normuon,1.2026168737078624,0.9832139190902368,0.25,verified-v3-normuon-1e-4,0.7596019884914336,2345,ClimateFEVER
12,0.0001,0.28932589298494016,normuon,0.9678487340821798,1.0,0.25,verified-v3-normuon-1e-4,1.0,2345,DBPedia
12,0.0001,0.4100656304975432,normuon,1.0119502604347463,1.0,0.25,verified-v3-normuon-1e-4,1.0,2345,FEVER
12,0.0001,0.22303181328345,normuon,1.0025788915777711,1.0,0.25,verified-v3-normuon-1e-4,0.9769331095982161,2345,FiQA2018
12,0.0001,0.2995981535333494,normuon,0.9940287623001904,1.0,0.25,verified-v3-normuon-1e-4,1.0,2345,HotpotQA
12,0.0001,0.42185076711721237,normuon,0.9847961681021443,1.0,0.25,verified-v3-normuon-1e-4,1.0,2345,MSMARCO
12,0.0001,-0.007877276934311936,normuon,-2.4648274152563756,0.9668100754674421,0.25,verified-v3-normuon-1e-4,0.6951920057173764,2345,NFCorpus
12,0.0001,0.41626820454929614,normuon,0.995273169456342,1.0,0.25,verified-v3-normuon-1e-4,1.0,2345,NQ
12,0.0001,0.48481705252670637,normuon,0.9975123618511389,1.0,0.25,verified-v3-normuon-1e-4,1.0,2345,QuoraRetrieval
12,0.0001,0.10685511991930516,normuon,1.0874362488748097,1.005198171077342,0.25,verified-v3-normuon-1e-4,0.8627916441242134,2345,SCIDOCS
12,0.0001,0.2725025457041793,normuon,1.0240251649578114,1.0,0.25,verified-v3-normuon-1e-4,1.0,2345,SciFact
12,0.0001,0.07364003085337889,normuon,0.9645390719881635,1.0163363650684505,0.25,verified-v3-normuon-1e-4,0.925966554799108,2345,TRECCOVID
12,0.0001,0.30189187756431785,normuon,1.0018016886875818,1.0,0.25,verified-v3-normuon-1e-4,1.0,2345,Touche2020
13,0.0001,0.23563714503061559,normuon,0.9838563347954973,1.0,0.25,verified-v3-normuon-1e-4,1.0,2345,ArguAna
13,0.0001,0.020398000490133454,normuon,1.964451648257137,1.0527362648290917,0.25,verified-v3-normuon-1e-4,0.8133128962018201,2345,ClimateFEVER
13,0.0001,0.30623409511425403,normuon,1.0244098038766272,1.0,0.25,verified-v3-normuon-1e-4,1.0,2345,DBPedia
13,0.0001,0.3994934509611448,normuon,0.985860485921724,1.0,0.25,verified-v3-normuon-1e-4,1.0,2345,FEVER
13,0.0001,0.23108593949955228,normuon,1.0387840266905137,0.9763884649059846,0.25,verified-v3-normuon-1e-4,0.9538662191964322,2345,FiQA2018
13,0.0001,0.2876120327000593,normuon,0.9542603300979885,1.0,0.25,verified-v3-normuon-1e-4,1.0,2345,HotpotQA
13,0.0001,0.43664849871711575,normuon,1.0193409657228152,1.0,0.25,verified-v3-normuon-1e-4,1.0,2345,MSMARCO
13,0.0001,-0.006386410464301041,normuon,-1.9983300991898394,0.9654438710118817,0.25,verified-v3-normuon-1e-4,0.6942096261996392,2345,NFCorpus
13,0.0001,0.41051287696555266,normuon,0.9815125145157759,1.0,0.25,verified-v3-normuon-1e-4,1.0,2345,NQ
13,0.0001,0.4843048373308027,normuon,0.9964584777371642,1.0,0.25,verified-v3-normuon-1e-4,1.0,2345,QuoraRetrieval
13,0.0001,0.0973087466004321,normuon,0.9902853364985618,0.9970333150462557,0.25,verified-v3-normuon-1e-4,0.8557835040760193,2345,SCIDOCS
13,0.0001,0.27195948665989755,normuon,1.021984427591614,1.0,0.25,verified-v3-normuon-1e-4,1.0,2345,SciFact
13,0.0001,0.07564372357896906,normuon,0.9907834923081137,0.9746818938298829,0.25,verified-v3-normuon-1e-4,0.8880158835937564,2345,TRECCOVID
13,0.0001,0.3046320874548806,normuon,1.0108948346107915,1.0,0.25,verified-v3-normuon-1e-4,1.0,2345,Touche2020
14,0.0001,0.23586358634952914,normuon,0.9848017957755291,1.0,0.25,verified-v3-normuon-1e-4,1.0,2345,ArguAna
14,0.0001,0.006030480543443604,normuon,0.5807719952296597,0.9166264524246446,0.25,verified-v3-normuon-1e-4,0.708158481533566,2345,ClimateFEVER
14,0.0001,0.29493492190732906,normuon,0.9866119753737119,1.0,0.25,verified-v3-normuon-1e-4,1.0,2345,DBPedia
14,0.0001,0.3930591805845081,normuon,0.969982145726656,1.0,0.25,verified-v3-normuon-1e-4,1.0,2345,FEVER
14,0.0001,0.218255343754355,normuon,0.9811075711610331,1.0,0.25,verified-v3-normuon-1e-4,0.9769331095982161,2345,FiQA2018
14,0.0001,0.30675753442178244,normuon,1.017782682140596,1.0,0.25,verified-v3-normuon-1e-4,1.0,2345,HotpotQA
14,0.0001,0.41918510858242974,normuon,0.9785732795473552,1.0,0.25,verified-v3-normuon-1e-4,1.0,2345,MSMARCO
14,0.0001,0.0035392950478935516,normuon,1.1074577595120636,0.9870665579103054,0.25,verified-v3-normuon-1e-4,0.7097575807104011,2345,NFCorpus
14,0.0001,0.4153722357849756,normuon,0.9931309600296945,1.0,0.25,verified-v3-normuon-1e-4,1.0,2345,NQ
14,0.0001,0.4815220710756485,normuon,0.990732928841572,1.0,0.25,verified-v3-normuon-1e-4,1.0,2345,QuoraRetrieval
14,0.0001,0.08965268216444852,normuon,0.9123715968696413,0.9916107663343608,0.25,verified-v3-normuon-1e-4,0.8511291683906836,2345,SCIDOCS
14,0.0001,0.2537897088411873,normuon,0.9537050297607768,1.0,0.25,verified-v3-normuon-1e-4,1.0,2345,SciFact
14,0.0001,0.07657430726908414,normuon,1.0029723020963395,1.0265438768312476,0.25,verified-v3-normuon-1e-4,0.9352664429315494,2345,TRECCOVID
14,0.0001,0.2918906959779924,normuon,0.9686136457270108,1.0,0.25,verified-v3-normuon-1e-4,1.0,2345,Touche2020
15,0.0001,0.2366383378801118,normuon,0.9880366176927494,1.0,0.25,verified-v3-normuon-1e-4,1.0,2345,ArguAna
15,0.0001,0.007680157351081069,normuon,0.739645916495743,1.0006542152626834,0.25,verified-v3-normuon-1e-4,0.7730758453960714,2345,ClimateFEVER
15,0.0001,0.2956565651368124,normuon,0.9890260057216654,1.0,0.25,verified-v3-normuon-1e-4,1.0,2345,DBPedia
15,0.0001,0.400024214353466,normuon,0.987170291262974,1.0,0.25,verified-v3-normuon-1e-4,1.0,2345,FEVER
15,0.0001,0.22111136084508892,normuon,0.9939460196630686,1.0,0.25,verified-v3-normuon-1e-4,0.9769331095982161,2345,FiQA2018
15,0.0001,0.29573428072000174,normuon,0.9812089212396219,1.0,0.25,verified-v3-normuon-1e-4,1.0,2345,HotpotQA
15,0.0001,0.4251884197153445,normuon,0.9925878037830708,1.0,0.25,verified-v3-normuon-1e-4,1.0,2345,MSMARCO
15,0.0001,-0.012787371379404866,normuon,-4.001213085163032,0.9917184352132536,0.25,verified-v3-normuon-1e-4,0.7131025478292266,2345,NFCorpus
15,0.0001,0.4053872386777313,normuon,0.969257410214139,1.0,0.25,verified-v3-normuon-1e-4,1.0,2345,NQ
15,0.0001,0.48102456194146637,normuon,0.9897093024883031,1.0,0.25,verified-v3-normuon-1e-4,1.0,2345,QuoraRetrieval
15,0.0001,0.09223451077615022,normuon,0.9386461827094849,0.9983344214579214,0.25,verified-v3-normuon-1e-4,0.8569002826102445,2345,SCIDOCS
15,0.0001,0.25601016987568015,normuon,0.9620492012665994,1.0,0.25,verified-v3-normuon-1e-4,1.0,2345,SciFact
15,0.0001,0.07842433311618104,normuon,1.0272039895771043,1.0,0.25,verified-v3-normuon-1e-4,0.9110827739955403,2345,TRECCOVID
15,0.0001,0.2961317141988391,normuon,0.9826870923188088,1.0,0.25,verified-v3-normuon-1e-4,1.0,2345,Touche2020
16,0.0001,0.24156275744453867,normuon,1.0085975584689704,1.0,0.25,verified-v3-normuon-1e-4,1.0,2345,ArguAna
16,0.0001,0.006414345871487849,normuon,0.6177405636317458,1.0141373443386488,0.25,verified-v3-normuon-1e-4,0.7834925120627381,2345,ClimateFEVER
16,0.0001,0.29639656992174945,normuon,0.9915014588756401,1.0,0.25,verified-v3-normuon-1e-4,1.0,2345,DBPedia
16,0.0001,0.4066544036393113,normuon,1.0035321155065764,1.0,0.25,verified-v3-normuon-1e-4,1.0,2345,FEVER
16,0.0001,0.2204309730280226,normuon,0.9908875211760816,1.0,0.25,verified-v3-normuon-1e-4,0.9769331095982161,2345,FiQA2018
16,0.0001,0.3010164246253792,normuon,0.9987344063156486,1.0,0.25,verified-v3-normuon-1e-4,1.0,2345,HotpotQA
16,0.0001,0.4210053543282982,normuon,0.982822580900498,1.0,0.25,verified-v3-normuon-1e-4,1.0,2345,MSMARCO
16,0.0001,-0.004401972251928617,normuon,-1.3773924642017472,0.958093444861553,0.25,verified-v3-normuon-1e-4,0.6889242473770677,2345,NFCorpus
16,0.0001,0.4177192829890569,normuon,0.9987426139685266,1.0,0.25,verified-v3-normuon-1e-4,1.0,2345,NQ
16,0.0001,0.4816720015352557,normuon,0.9910414111569048,1.0,0.25,verified-v3-normuon-1e-4,1.0,2345,QuoraRetrieval
16,0.0001,0.09115650316578894,normuon,0.9276755848293361,0.9951433588696244,0.25,verified-v3-normuon-1e-4,0.8541612981828164,2345,SCIDOCS
16,0.0001,0.2620311214106013,normuon,0.9846750665509694,0.9769331095982161,0.25,verified-v3-normuon-1e-4,0.9769331095982161,2345,SciFact
16,0.0001,0.07213309488410012,normuon,0.9448011848022154,1.0,0.25,verified-v3-normuon-1e-4,0.9110827739955403,2345,TRECCOVID
16,0.0001,0.29499277867853807,normuon,0.9789076347966343,1.0,0.25,verified-v3-normuon-1e-4,1.0,2345,Touche2020
17,0.0001,0.23342398757134905,normuon,0.9746157331665971,1.0,0.25,verified-v3-normuon-1e-4,1.0,2345,ArguAna
17,0.0001,0.0011824868477868771,normuon,0.11388068346703521,0.9662293088803796,0.25,verified-v3-normuon-1e-4,0.7464801810814071,2345,ClimateFEVER
17,0.0001,0.29515523309504793,normuon,0.9873489571278784,0.9769331095982161,0.25,verified-v3-normuon-1e-4,0.9769331095982161,2345,DBPedia
17,0.0001,0.4131577743610861,normuon,1.0195809798984024,1.0,0.25,verified-v3-normuon-1e-4,1.0,2345,FEVER
17,0.0001,0.21652771063913642,normuon,0.9733414661009105,1.0,0.25,verified-v3-normuon-1e-4,0.9769331095982161,2345,FiQA2018
17,0.0001,0.30458372999774824,normuon,1.0105702741346674,1.0,0.25,verified-v3-normuon-1e-4,1.0,2345,HotpotQA
17,0.0001,0.4174631055935664,normuon,0.9745533225457792,1.0,0.25,verified-v3-normuon-1e-4,1.0,2345,MSMARCO
17,0.0001,0.0028176551947112164,normuon,0.8816541336019923,1.006915360331186,0.25,verified-v3-normuon-1e-4,0.7240300103387212,2345,NFCorpus
17,0.0001,0.4238966168634779,normuon,1.013512261510168,1.0,0.25,verified-v3-normuon-1e-4,1.0,2345,NQ
17,0.0001,0.4924487333527696,normuon,1.0132145652411095,1.0,0.25,verified-v3-normuon-1e-4,1.0,2345,QuoraRetrieval
17,0.0001,0.10014079891973017,normuon,1.0191063827248952,1.0,0.25,verified-v3-normuon-1e-4,0.8583298984711626,2345,SCIDOCS
17,0.0001,0.277395727199076,normuon,1.042413033498752,0.9769331095982161,0.25,verified-v3-normuon-1e-4,0.9769331095982161,2345,SciFact
17,0.0001,0.06652620159910964,normuon,0.8713619482460938,1.0,0.25,verified-v3-normuon-1e-4,0.9110827739955403,2345,TRECCOVID
17,0.0001,0.293137743285896,normuon,0.9727518627238062,1.0,0.25,verified-v3-normuon-1e-4,1.0,2345,Touche2020
18,0.0001,0.24108047025634066,normuon,1.006583863619469,1.0,0.25,verified-v3-normuon-1e-4,1.0,2345,ArguAna
18,0.0001,0.018396354755106516,normuon,1.7716809761855035,1.00498387511081,0.25,verified-v3-normuon-1e-4,0.776420812514897,2345,ClimateFEVER
18,0.0001,0.29509789436586087,normuon,0.9871571484519074,1.0,0.25,verified-v3-normuon-1e-4,1.0,2345,DBPedia
18,0.0001,0.400642844444456,normuon,0.9886969319641966,1.0,0.25,verified-v3-normuon-1e-4,1.0,2345,FEVER
18,0.0001,0.20493281389640183,normuon,0.9212197595463588,1.0236115350940154,0.25,verified-v3-normuon-1e-4,1.0,2345,FiQA2018
18,0.0001,0.29940700173045043,normuon,0.9933945448065036,1.0,0.25,verified-v3-normuon-1e-4,1.0,2345,HotpotQA
18,0.0001,0.4328763813946416,normuon,1.0105350870226535,1.0,0.25,verified-v3-normuon-1e-4,1.0,2345,MSMARCO
18,0.0001,0.003377879145713308,normuon,1.0569501609764336,0.965436405010786,0.25,verified-v3-normuon-1e-4,0.694204257715789,2345,NFCorpus
18,0.0001,0.41437237592764553,normuon,0.9907403530163759,1.0,0.25,verified-v3-normuon-1e-4,1.0,2345,NQ
18,0.0001,0.48408946912113315,normuon,0.996015357078814,1.0,0.25,verified-v3-normuon-1e-4,1.0,2345,QuoraRetrieval
18,0.0001,0.08570726810619675,normuon,0.8722201631619887,0.9951433588696244,0.25,verified-v3-normuon-1e-4,0.8541612981828164,2345,SCIDOCS
18,0.0001,0.2677854698252019,normuon,1.006299075857961,0.9769331095982161,0.25,verified-v3-normuon-1e-4,0.9769331095982161,2345,SciFact
18,0.0001,0.06807852369649273,normuon,0.8916943041384718,0.9746818938298829,0.25,verified-v3-normuon-1e-4,0.8880158835937564,2345,TRECCOVID
18,0.0001,0.3049149448013998,normuon,1.0118334718794948,1.0,0.25,verified-v3-normuon-1e-4,1.0,2345,Touche2020
19,0.0001,0.24183316227061408,normuon,1.0097265803855233,1.0,0.25,verified-v3-normuon-1e-4,1.0,2345,ArguAna
19,0.0001,0.0033094468676291774,normuon,0.31871988419052255,0.954191716040532,0.25,verified-v3-normuon-1e-4,0.7371802929489657,2345,ClimateFEVER
19,0.0001,0.3058719349233796,normuon,1.023198310917402,1.0,0.25,verified-v3-normuon-1e-4,1.0,2345,DBPedia
19,0.0001,0.40097407939178487,normuon,0.9895143457299097,1.0,0.25,verified-v3-normuon-1e-4,1.0,2345,FEVER
19,0.0001,0.21878045276664831,normuon,0.9834680559894169,1.0236115350940154,0.25,verified-v3-normuon-1e-4,1.0,2345,FiQA2018
19,0.0001,0.3029963685100151,normuon,1.005303609582949,1.0,0.25,verified-v3-normuon-1e-4,1.0,2345,HotpotQA
19,0.0001,0.42603303274092436,normuon,0.9945595239646039,1.0,0.25,verified-v3-normuon-1e-4,1.0,2345,MSMARCO
19,0.0001,-0.0018478664666617284,normuon,-0.5782038596258393,1.0102697450405707,0.25,verified-v3-normuon-1e-4,0.7264420057173764,2345,NFCorpus
19,0.0001,0.4044060425647178,normuon,0.9669114271325954,1.0,0.25,verified-v3-normuon-1e-4,1.0,2345,NQ
19,0.0001,0.48280830033790245,normuon,0.993379348934649,1.0,0.25,verified-v3-normuon-1e-4,1.0,2345,QuoraRetrieval
19,0.0001,0.0965521281769495,normuon,0.9825854312354089,0.9983344214579214,0.25,verified-v3-normuon-1e-4,0.8569002826102445,2345,SCIDOCS
19,0.0001,0.24622315866328295,normuon,0.9252710282579012,0.9769331095982161,0.25,verified-v3-normuon-1e-4,0.9769331095982161,2345,SciFact
19,0.0001,0.07175731777850874,normuon,0.9398792463334067,0.9746818938298829,0.25,verified-v3-normuon-1e-4,0.8880158835937564,2345,TRECCOVID
19,0.0001,0.29656064595844966,normuon,0.9841104647015854,1.0,0.25,verified-v3-normuon-1e-4,1.0,2345,Touche2020
0,0.0001,0.23267159152351452,normuon,0.9714742521499224,1.0,0.5,verified-v3-normuon-1e-4,1.0,2345,ArguAna
0,0.0001,-0.0015148777030597298,normuon,-0.1458919467191464,1.0178950590941154,0.5,verified-v3-normuon-1e-4,0.786395611322233,2345,ClimateFEVER
0,0.0001,0.277948694212766,normuon,0.9297898956026828,0.9769331095982161,0.5,verified-v3-normuon-1e-4,0.9769331095982161,2345,DBPedia
0,0.0001,0.40362005605282686,normuon,0.9960440243279354,1.0,0.5,verified-v3-normuon-1e-4,1.0,2345,FEVER
0,0.0001,0.20833831704441091,normuon,0.9365282732562678,1.0236115350940154,0.5,verified-v3-normuon-1e-4,1.0,2345,FiQA2018
0,0.0001,0.3019864107758621,normuon,1.0019526976209903,0.9769331095982161,0.5,verified-v3-normuon-1e-4,0.9769331095982161,2345,HotpotQA
0,0.0001,0.42733170781197444,normuon,0.997591236440368,1.0,0.5,verified-v3-normuon-1e-4,1.0,2345,MSMARCO
0,0.0001,-0.012120677951697998,normuon,-3.792602387343676,0.9340325798879711,0.5,verified-v3-normuon-1e-4,0.6716231027109945,2345,NFCorpus
0,0.0001,0.41317282307014835,normuon,0.9878722916046131,1.0,0.5,verified-v3-normuon-1e-4,1.0,2345,NQ
0,0.0001,0.4848338662083634,normuon,0.9975469560454101,1.0,0.5,verified-v3-normuon-1e-4,1.0,2345,QuoraRetrieval
0,0.0001,0.07225385094459466,normuon,0.7353083005969694,1.002081158687879,0.5,verified-v3-normuon-1e-4,0.8601162191964322,2345,SCIDOCS
0,0.0001,0.2767442493871654,normuon,1.0399648740803358,1.0,0.5,verified-v3-normuon-1e-4,1.0,2345,SciFact
0,0.0001,0.05626125059495034,normuon,0.7369113484728661,0.9150639403879821,0.5,verified-v3-normuon-1e-4,0.8336989931919725,2345,TRECCOVID
0,0.0001,0.31201751426120156,normuon,1.0354027250050093,1.0,0.5,verified-v3-normuon-1e-4,1.0,2345,Touche2020
1,0.0001,0.24409638517195031,normuon,1.0191762203743486,1.0,0.5,verified-v3-normuon-1e-4,1.0,2345,ArguAna
1,0.0001,0.004862736226538695,normuon,0.4683111072521174,0.9805790802395759,0.5,verified-v3-normuon-1e-4,0.7575663899391181,2345,ClimateFEVER
1,0.0001,0.28646942436805145,normuon,0.958293317156723,1.0,0.5,verified-v3-normuon-1e-4,1.0,2345,DBPedia
1,0.0001,0.38398644640839236,normuon,0.9475926669955664,1.0,0.5,verified-v3-normuon-1e-4,1.0,2345,FEVER
1,0.0001,0.2237538821392719,normuon,1.0058247558446445,0.9763884649059846,0.5,verified-v3-normuon-1e-4,0.9538662191964322,2345,FiQA2018
1,0.0001,0.2936368456088586,normuon,0.9742498969500998,0.9769331095982161,0.5,verified-v3-normuon-1e-4,0.9769331095982161,2345,HotpotQA
1,0.0001,0.402771391581974,normuon,0.9402560193540827,1.0,0.5,verified-v3-normuon-1e-4,1.0,2345,MSMARCO
1,0.0001,-0.028063313391661522,normuon,-8.781108597236422,0.8078977684495517,0.5,verified-v3-normuon-1e-4,0.5809249244651155,2345,NFCorpus
1,0.0001,0.41890031397454236,normuon,1.001566390656979,1.0,0.5,verified-v3-normuon-1e-4,1.0,2345,NQ
1,0.0001,0.4951751256521589,normuon,1.0188241245743113,1.0,0.5,verified-v3-normuon-1e-4,1.0,2345,QuoraRetrieval
1,0.0001,0.0783487086842061,normuon,0.7973340532496623,1.0683299109429396,0.5,verified-v3-normuon-1e-4,0.9169795039933595,2345,SCIDOCS
1,0.0001,0.25787460500125603,normuon,0.9690554788853545,0.9769331095982161,0.5,verified-v3-normuon-1e-4,0.9769331095982161,2345,SciFact
1,0.0001,0.0692114216078509,normuon,0.9065330309480032,0.9959154491212194,0.5,verified-v3-normuon-1e-4,0.907361410050375,2345,TRECCOVID
1,0.0001,0.26874574977168764,normuon,0.8918091739368765,1.0,0.5,verified-v3-normuon-1e-4,1.0,2345,Touche2020
2,0.0001,0.22960339499059768,normuon,0.9586636038333525,1.0,0.5,verified-v3-normuon-1e-4,1.0,2345,ArguAna
2,0.0001,-0.007228246878367867,normuon,-0.6961241863430488,0.9520850156815039,0.5,verified-v3-normuon-1e-4,0.7355527185719125,2345,ClimateFEVER
2,0.0001,0.2806214223267125,normuon,0.9387306664923577,1.0,0.5,verified-v3-normuon-1e-4,1.0,2345,DBPedia
2,0.0001,0.3869549508207787,normuon,0.9549182719470743,1.0,0.5,verified-v3-normuon-1e-4,1.0,2345,FEVER
2,0.0001,0.20695679569717879,normuon,0.9303180195682044,1.0,0.5,verified-v3-normuon-1e-4,0.9769331095982161,2345,FiQA2018
2,0.0001,0.31659970873537496,normuon,1.0504377710852417,1.0,0.5,verified-v3-normuon-1e-4,1.0,2345,HotpotQA
2,0.0001,0.4172655506209516,normuon,0.9740921372281607,1.0,0.5,verified-v3-normuon-1e-4,1.0,2345,MSMARCO
2,0.0001,-0.007701574528545592,normuon,-2.409849519941691,1.0472688010349516,0.5,verified-v3-normuon-1e-4,0.7530464532702706,2345,NFCorpus
2,0.0001,0.4172242759804231,normuon,0.9975590808785576,1.0,0.5,verified-v3-normuon-1e-4,1.0,2345,NQ
2,0.0001,0.4753748797770991,normuon,0.9780850665623694,1.0,0.5,verified-v3-normuon-1e-4,1.0,2345,QuoraRetrieval
2,0.0001,0.09732971637478618,normuon,0.9904987403371479,0.9938422524579585,0.5,verified-v3-normuon-1e-4,0.8530445196485911,2345,SCIDOCS
2,0.0001,0.2622855819330481,normuon,0.9856312924012653,1.0,0.5,verified-v3-normuon-1e-4,1.0,2345,SciFact
2,0.0001,0.07352058636062589,normuon,0.9629745848626289,0.9746818938298829,0.5,verified-v3-normuon-1e-4,0.8880158835937564,2345,TRECCOVID
2,0.0001,0.29293055200880114,normuon,0.9720643166627807,1.0,0.5,verified-v3-normuon-1e-4,1.0,2345,Touche2020
3,0.0001,0.2370137482612492,normuon,0.9896040695543057,1.0,0.5,verified-v3-normuon-1e-4,1.0,2345,ArguAna
3,0.0001,-0.004831037591632487,normuon,-0.465258335701341,0.9956703401518735,0.5,verified-v3-normuon-1e-4,0.7692254509182683,2345,ClimateFEVER
3,0.0001,0.29829727363689473,normuon,0.9978596650686282,1.0,0.5,verified-v3-normuon-1e-4,1.0,2345,DBPedia
3,0.0001,0.3981205068466185,normuon,0.9824723669209399,1.0,0.5,verified-v3-normuon-1e-4,1.0,2345,FEVER
3,0.0001,0.22270474761498596,normuon,1.0011086567689589,1.0236115350940154,0.5,verified-v3-normuon-1e-4,1.0,2345,FiQA2018
3,0.0001,0.3071447789488875,normuon,1.019067510479643,1.0,0.5,verified-v3-normuon-1e-4,1.0,2345,HotpotQA
3,0.0001,0.4254990744825,normuon,0.9933130166975526,1.0,0.5,verified-v3-normuon-1e-4,1.0,2345,MSMARCO
3,0.0001,0.010321969963573962,normuon,3.229780387033232,1.0859882005098391,0.5,verified-v3-normuon-1e-4,0.7808879266517981,2345,NFCorpus
3,0.0001,0.41216506783375845,normuon,0.9854628071972128,1.0,0.5,verified-v3-normuon-1e-4,1.0,2345,NQ
3,0.0001,0.4828108301111716,normuon,0.9933845539498098,1.0,0.5,verified-v3-normuon-1e-4,1.0,2345,QuoraRetrieval
3,0.0001,0.08920106038975661,normuon,0.9077755617058417,1.0050478436416235,0.5,verified-v3-normuon-1e-4,0.8626626135915756,2345,SCIDOCS
3,0.0001,0.2743722964359765,normuon,1.0310514178561498,0.9769331095982161,0.5,verified-v3-normuon-1e-4,0.9769331095982161,2345,SciFact
3,0.0001,0.07677140710386585,normuon,1.0055539209458466,1.025318106170117,0.5,verified-v3-normuon-1e-4,0.9341496643973242,2345,TRECCOVID
3,0.0001,0.2975502057769876,normuon,0.9873942320730923,1.0,0.5,verified-v3-normuon-1e-4,1.0,2345,Touche2020
4,0.0001,0.23117640033353526,normuon,0.9652313768010449,1.0,0.5,verified-v3-normuon-1e-4,1.0,2345,ArguAna
4,0.0001,0.0012932517676863126,normuon,0.12454801968809108,0.9879737760114893,0.5,verified-v3-normuon-1e-4,0.7632793131428823,2345,ClimateFEVER
4,0.0001,0.3023659802469699,normuon,1.0114702427507234,0.9769331095982161,0.5,verified-v3-normuon-1e-4,0.9769331095982161,2345,DBPedia
4,0.0001,0.39878496615187037,normuon,0.9841121038727593,1.0,0.5,verified-v3-normuon-1e-4,1.0,2345,FEVER
4,0.0001,0.21623470012911522,normuon,0.972024316999924,1.0,0.5,verified-v3-normuon-1e-4,0.9769331095982161,2345,FiQA2018
4,0.0001,0.2921248127347098,normuon,0.9692331632061782,1.0,0.5,verified-v3-normuon-1e-4,1.0,2345,HotpotQA
4,0.0001,0.4085412699671971,normuon,0.9537256028350208,1.0,0.5,verified-v3-normuon-1e-4,1.0,2345,MSMARCO
4,0.0001,-0.017081319499411166,normuon,-5.344804421882309,0.8890347278823528,0.5,verified-v3-normuon-1e-4,0.6392670611444697,2345,NFCorpus
4,0.0001,0.3947470368338842,normuon,0.9438173038186796,1.0,0.5,verified-v3-normuon-1e-4,1.0,2345,NQ
4,0.0001,0.4711645214040079,normuon,0.9694222431259958,1.0,0.5,verified-v3-normuon-1e-4,1.0,2345,QuoraRetrieval
4,0.0001,0.1083541667041229,normuon,1.1026916508976712,1.0322967033264203,0.5,verified-v3-normuon-1e-4,0.8860511245582822,2345,SCIDOCS
4,0.0001,0.25082039618711827,normuon,0.9425467821468437,1.0,0.5,verified-v3-normuon-1e-4,1.0,2345,SciFact
4,0.0001,0.07829033158242789,normuon,1.025448833943498,0.9774768038729915,0.5,verified-v3-normuon-1e-4,0.8905622779888998,2345,TRECCOVID
4,0.0001,0.2845791759480419,normuon,0.9443510084809426,1.0,0.5,verified-v3-normuon-1e-4,1.0,2345,Touche2020
5,0.0001,0.22623176943816015,normuon,0.9445860476064127,1.0,0.5,verified-v3-normuon-1e-4,1.0,2345,ArguAna
5,0.0001,0.005485962629010954,normuon,0.5283316045634195,0.9438306264865863,0.5,verified-v3-normuon-1e-4,0.7291756216609542,2345,ClimateFEVER
5,0.0001,0.2882027138783159,normuon,0.9640914918067696,1.0,0.5,verified-v3-normuon-1e-4,1.0,2345,DBPedia
5,0.0001,0.3821512218246548,normuon,0.943063743190818,1.0,0.5,verified-v3-normuon-1e-4,1.0,2345,FEVER
5,0.0001,0.21695722824554992,normuon,0.9752722457480449,1.0236115350940154,0.5,verified-v3-normuon-1e-4,1.0,2345,FiQA2018
5,0.0001,0.28142420149232894,normuon,0.9337298891583449,1.0,0.5,verified-v3-normuon-1e-4,1.0,2345,HotpotQA
5,0.0001,0.41550300779890703,normuon,0.9699775413744492,1.0,0.5,verified-v3-normuon-1e-4,1.0,2345,MSMARCO
5,0.0001,-0.01664982153656115,normuon,-5.209787204977404,0.882111901550071,0.5,verified-v3-normuon-1e-4,0.6342891511647406,2345,NFCorpus
5,0.0001,0.396437180383846,normuon,0.947858339164216,1.0,0.5,verified-v3-normuon-1e-4,1.0,2345,NQ
5,0.0001,0.48561770174389307,normuon,0.999159699723204,1.0,0.5,verified-v3-normuon-1e-4,1.0,2345,QuoraRetrieval
5,0.0001,0.09472508714198284,normuon,0.9639921186163704,0.9968089374117028,0.5,verified-v3-normuon-1e-4,0.8555909140437343,2345,SCIDOCS
5,0.0001,0.2613153083825298,normuon,0.981985144692604,1.0,0.5,verified-v3-normuon-1e-4,1.0,2345,SciFact
5,0.0001,0.07608757740150512,normuon,0.9965971014161779,0.9746818938298829,0.5,verified-v3-normuon-1e-4,0.8880158835937564,2345,TRECCOVID
5,0.0001,0.2762574371650175,normuon,0.9167360490030261,1.0,0.5,verified-v3-normuon-1e-4,1.0,2345,Touche2020
6,0.0001,0.22080522601514627,normuon,0.9219285878834078,1.0,0.5,verified-v3-normuon-1e-4,1.0,2345,ArguAna
6,0.0001,0.026876164557029965,normuon,2.588338292688321,1.0265613276505952,0.5,verified-v3-normuon-1e-4,0.7930909140437343,2345,ClimateFEVER
6,0.0001,0.27193357721170197,normuon,0.9096682144258824,1.0,0.5,verified-v3-normuon-1e-4,1.0,2345,DBPedia
6,0.0001,0.39315968352294506,normuon,0.9702301645001443,1.0,0.5,verified-v3-normuon-1e-4,1.0,2345,FEVER
6,0.0001,0.21736448934428546,normuon,0.9771029773147301,1.0,0.5,verified-v3-normuon-1e-4,0.9769331095982161,2345,FiQA2018
6,0.0001,0.2722195643958346,normuon,0.9031900680261289,0.9769331095982161,0.5,verified-v3-normuon-1e-4,0.9769331095982161,2345,HotpotQA
6,0.0001,0.40337887964876556,normuon,0.9416741794404857,1.0,0.5,verified-v3-normuon-1e-4,1.0,2345,MSMARCO
6,0.0001,-0.004513166122568678,normuon,-1.412185413979643,0.9694737725165664,0.5,verified-v3-normuon-1e-4,0.6971073569752838,2345,NFCorpus
6,0.0001,0.38873932000470734,normuon,0.9294532008090707,1.0,0.5,verified-v3-normuon-1e-4,1.0,2345,NQ
6,0.0001,0.4622981053109439,normuon,0.9511795686737393,1.0,0.5,verified-v3-normuon-1e-4,1.0,2345,QuoraRetrieval
6,0.0001,0.0992099895692454,normuon,1.009633782541833,1.019786027360552,0.5,verified-v3-normuon-1e-4,0.8753128373266927,2345,SCIDOCS
6,0.0001,0.2654893295460721,normuon,0.9976705126934367,1.0,0.5,verified-v3-normuon-1e-4,1.0,2345,SciFact
6,0.0001,0.08384650253915657,normuon,1.0982237081023778,1.0265438768312476,0.5,verified-v3-normuon-1e-4,0.9352664429315494,2345,TRECCOVID
6,0.0001,0.28633408973424024,normuon,0.9501745357937637,0.9769331095982161,0.5,verified-v3-normuon-1e-4,0.9769331095982161,2345,Touche2020
7,0.0001,0.2302185795201846,normuon,0.9612321852699661,1.0,0.5,verified-v3-normuon-1e-4,1.0,2345,ArguAna
7,0.0001,-0.003891777332342739,normuon,-0.37480185368504415,0.9384348720142139,0.5,verified-v3-normuon-1e-4,0.7250070213726079,2345,ClimateFEVER
7,0.0001,0.29553853272985864,normuon,0.9886311654449371,1.0,0.5,verified-v3-normuon-1e-4,1.0,2345,DBPedia
7,0.0001,0.38328151597753257,normuon,0.9458530563575537,1.0,0.5,verified-v3-normuon-1e-4,1.0,2345,FEVER
7,0.0001,0.20659982106592786,normuon,0.9287133371471091,1.0,0.5,verified-v3-normuon-1e-4,0.9769331095982161,2345,FiQA2018
7,0.0001,0.2867536690328844,normuon,0.9514123880675636,1.0,0.5,verified-v3-normuon-1e-4,1.0,2345,HotpotQA
7,0.0001,0.4094130275265438,normuon,0.9557606910009745,1.0,0.5,verified-v3-normuon-1e-4,1.0,2345,MSMARCO
7,0.0001,-0.010515175251009626,normuon,-3.290234995042454,0.9392079158053547,0.5,verified-v3-normuon-1e-4,0.6753444666561598,2345,NFCorpus
7,0.0001,0.40645962390403717,normuon,0.9718214211844681,1.0,0.5,verified-v3-normuon-1e-4,1.0,2345,NQ
7,0.0001,0.4957028358255366,normuon,1.0199098896452292,1.0,0.5,verified-v3-normuon-1e-4,1.0,2345,QuoraRetrieval
7,0.0001,0.09406001289839944,normuon,0.9572238342214648,1.0304067471497889,0.5,verified-v3-normuon-1e-4,0.8844289186650792,2345,SCIDOCS
7,0.0001,0.2392330875316917,normuon,0.8990033516565784,1.0,0.5,verified-v3-normuon-1e-4,1.0,2345,SciFact
7,0.0001,0.06560306030001255,normuon,0.8592706190922821,1.0,0.5,verified-v3-normuon-1e-4,0.9110827739955403,2345,TRECCOVID
7,0.0001,0.2858099061613556,normuon,0.9484350786320311,1.0,0.5,verified-v3-normuon-1e-4,1.0,2345,Touche2020
8,0.0001,0.22369484897210756,normuon,0.9339936375215177,1.0,0.5,verified-v3-normuon-1e-4,1.0,2345,ArguAna
8,0.0001,0.0033113973113390064,normuon,0.31890772379580445,0.9569088250612162,0.5,verified-v3-normuon-1e-4,0.7392794510009281,2345,ClimateFEVER
8,0.0001,0.28402266087680567,normuon,0.950108439809005,1.0,0.5,verified-v3-normuon-1e-4,1.0,2345,DBPedia
8,0.0001,0.3891500649741489,normuon,0.960335322716464,1.0,0.5,verified-v3-normuon-1e-4,1.0,2345,FEVER
8,0.0001,0.19332311875942865,normuon,0.8690315308330422,0.9763884649059846,0.5,verified-v3-normuon-1e-4,0.9538662191964322,2345,FiQA2018
8,0.0001,0.2757782357727434,normuon,0.9149972893407556,0.9769331095982161,0.5,verified-v3-normuon-1e-4,0.9769331095982161,2345,HotpotQA
8,0.0001,0.4185603717205096,normuon,0.977114852739469,1.0,0.5,verified-v3-normuon-1e-4,1.0,2345,MSMARCO
8,0.0001,-0.011776146606902247,normuon,-3.684797328419225,0.8406404122307668,0.5,verified-v3-normuon-1e-4,0.6044687670256588,2345,NFCorpus
8,0.0001,0.4073540293750846,normuon,0.9739598928674357,1.0,0.5,verified-v3-normuon-1e-4,1.0,2345,NQ
8,0.0001,0.4926653851055539,normuon,1.0136603267927975,1.0,0.5,verified-v3-normuon-1e-4,1.0,2345,QuoraRetrieval
8,0.0001,0.10035976838158867,normuon,1.0213347769319427,1.0268741546145255,0.5,verified-v3-normuon-1e-4,0.8813967888729465,2345,SCIDOCS
8,0.0001,0.2766976688004059,normuon,1.0397898309704927,0.9769331095982161,0.5,verified-v3-normuon-1e-4,0.9769331095982161,2345,SciFact
8,0.0001,0.07141586047376923,normuon,0.9354068295239572,1.0027949100431086,0.5,verified-v3-normuon-1e-4,0.9136291683906836,2345,TRECCOVID
8,0.0001,0.2819051963225045,normuon,0.935477641877004,1.0,0.5,verified-v3-normuon-1e-4,1.0,2345,Touche2020
9,0.0001,0.23548778248922408,normuon,0.9832327010194638,1.0,0.5,verified-v3-normuon-1e-4,1.0,2345,ArguAna
9,0.0001,0.003852670265617102,normuon,0.3710356050409754,0.9346771572587477,0.5,verified-v3-normuon-1e-4,0.7221039221131131,2345,ClimateFEVER
9,0.0001,0.2835888107558656,normuon,0.9486571307470985,0.9769331095982161,0.5,verified-v3-normuon-1e-4,0.9769331095982161,2345,DBPedia
9,0.0001,0.3784017632334108,normuon,0.9338109179947757,1.0,0.5,verified-v3-normuon-1e-4,1.0,2345,FEVER
9,0.0001,0.21314726119324384,normuon,0.9581455744987094,1.0,0.5,verified-v3-normuon-1e-4,0.9769331095982161,2345,FiQA2018
9,0.0001,0.2942945160960012,normuon,0.9764319644048745,0.9769331095982161,0.5,verified-v3-normuon-1e-4,0.9769331095982161,2345,HotpotQA
9,0.0001,0.4086788160923298,normuon,0.9540466995534022,1.0,0.5,verified-v3-normuon-1e-4,1.0,2345,MSMARCO
9,0.0001,-0.013487066979046763,normuon,-4.2201502776361615,0.9384589382169536,0.5,verified-v3-normuon-1e-4,0.674805908727224,2345,NFCorpus
9,0.0001,0.3974634264168261,normuon,0.9503120339953934,1.0,0.5,verified-v3-normuon-1e-4,1.0,2345,NQ
9,0.0001,0.49112652020969294,normuon,1.0104941082185126,1.0,0.5,verified-v3-normuon-1e-4,1.0,2345,QuoraRetrieval
9,0.0001,0.06294964728825639,normuon,0.6406218847241831,1.0220175134841498,0.5,verified-v3-normuon-1e-4,0.8772281885846003,2345,SCIDOCS
9,0.0001,0.2600869167686637,normuon,0.9773690266237931,1.0,0.5,verified-v3-normuon-1e-4,1.0,2345,SciFact
9,0.0001,0.06685891968829676,normuon,0.8757198985790748,0.9493637876597658,0.5,verified-v3-normuon-1e-4,0.8649489931919725,2345,TRECCOVID
9,0.0001,0.2871970250642095,normuon,0.9530381109179643,1.0,0.5,verified-v3-normuon-1e-4,1.0,2345,Touche2020
10,0.0001,0.2262454632729558,normuon,0.9446432235075619,1.0,0.5,verified-v3-normuon-1e-4,1.0,2345,ArguAna
10,0.0001,0.008367789347233406,normuon,0.8058690646366207,0.9668466664022626,0.5,verified-v3-normuon-1e-4,0.7469571332401665,2345,ClimateFEVER
10,0.0001,0.29972128139023524,normuon,1.002623234921208,0.9769331095982161,0.5,verified-v3-normuon-1e-4,0.9769331095982161,2345,DBPedia
10,0.0001,0.39553114818156165,normuon,0.9760824088737757,1.0,0.5,verified-v3-normuon-1e-4,1.0,2345,FEVER
10,0.0001,0.21632225537787275,normuon,0.9724178978212374,1.0,0.5,verified-v3-normuon-1e-4,0.9769331095982161,2345,FiQA2018
10,0.0001,0.29633075398925446,normuon,0.9831879440693285,1.0,0.5,verified-v3-normuon-1e-4,1.0,2345,HotpotQA
10,0.0001,0.4127702067969938,normuon,0.9635979110296689,1.0,0.5,verified-v3-normuon-1e-4,1.0,2345,MSMARCO
10,0.0001,-0.015427602678526525,normuon,-4.827350663283035,0.8685151575972764,0.5,verified-v3-normuon-1e-4,0.6245123108735399,2345,NFCorpus
10,0.0001,0.4216275840728705,normuon,1.0080871355158507,1.0,0.5,verified-v3-normuon-1e-4,1.0,2345,NQ
10,0.0001,0.4733924625868793,normuon,0.974006237974793,1.0,0.5,verified-v3-normuon-1e-4,1.0,2345,QuoraRetrieval
10,0.0001,0.08959475295529373,normuon,0.9117820666538581,1.0252085760724468,0.5,verified-v3-normuon-1e-4,0.8799671730120284,2345,SCIDOCS
10,0.0001,0.2631108667137918,normuon,0.9887325932773889,1.0,0.5,verified-v3-normuon-1e-4,1.0,2345,SciFact
10,0.0001,0.04762329758561402,normuon,0.6237712114719549,0.9162897110491127,0.5,verified-v3-normuon-1e-4,0.8348157717261977,2345,TRECCOVID
10,0.0001,0.2805677239958047,normuon,0.9310393573949205,1.0,0.5,verified-v3-normuon-1e-4,1.0,2345,Touche2020
11,0.0001,0.23123605107980144,normuon,0.9654804367044894,1.0,0.5,verified-v3-normuon-1e-4,1.0,2345,ArguAna
11,0.0001,-0.004052064318087667,normuon,-0.3902384663811316,0.9865168709240345,0.5,verified-v3-normuon-1e-4,0.7621537513704271,2345,ClimateFEVER
11,0.0001,0.2775706105245778,normuon,0.9285251355937709,0.9769331095982161,0.5,verified-v3-normuon-1e-4,0.9769331095982161,2345,DBPedia
11,0.0001,0.40796779744750833,normuon,1.0067732776704128,1.0,0.5,verified-v3-normuon-1e-4,1.0,2345,FEVER
11,0.0001,0.21589968056472092,normuon,0.9705183276140043,1.0236115350940154,0.5,verified-v3-normuon-1e-4,1.0,2345,FiQA2018
11,0.0001,0.284561004844853,normuon,0.9441374057512051,1.0,0.5,verified-v3-normuon-1e-4,1.0,2345,HotpotQA
11,0.0001,0.4148191483447893,normuon,0.9683810948999346,1.0,0.5,verified-v3-normuon-1e-4,1.0,2345,MSMARCO
11,0.0001,-0.018955394992815722,normuon,-5.931209177348375,0.9405815862620107,0.5,verified-v3-normuon-1e-4,0.6763322146577471,2345,NFCorpus
11,0.0001,0.41128642738495647,normuon,0.9833620287694237,1.0,0.5,verified-v3-normuon-1e-4,1.0,2345,NQ
11,0.0001,0.48591013137989947,normuon,0.9997613744691061,1.0,0.5,verified-v3-normuon-1e-4,1.0,2345,QuoraRetrieval
11,0.0001,0.08793353391045065,normuon,0.8948762805010957,1.0213052568374494,0.5,verified-v3-normuon-1e-4,0.8766168374093526,2345,SCIDOCS
11,0.0001,0.2762270976237496,normuon,1.0380214925296365,1.0,0.5,verified-v3-normuon-1e-4,1.0,2345,SciFact
11,0.0001,0.06940320561148758,normuon,0.9090450229005623,0.9493637876597658,0.5,verified-v3-normuon-1e-4,0.8649489931919725,2345,TRECCOVID
11,0.0001,0.3029276011798818,normuon,1.0052386465662002,1.0,0.5,verified-v3-normuon-1e-4,1.0,2345,Touche2020
12,0.0001,0.2208277473427952,normuon,0.9220226212365641,1.0,0.5,verified-v3-normuon-1e-4,1.0,2345,ArguAna
12,0.0001,-0.0036854827070982206,normuon,-0.3549344251699696,0.9483342497862642,0.5,verified-v3-normuon-1e-4,0.7326549877962679,2345,ClimateFEVER
12,0.0001,0.2678338618507377,normuon,0.8959539067250744,0.96875,0.5,verified-v3-normuon-1e-4,0.96875,2345,DBPedia
12,0.0001,0.38782396269376385,normuon,0.9570627988856555,1.0,0.5,verified-v3-normuon-1e-4,1.0,2345,FEVER
12,0.0001,0.21718327957323644,normuon,0.9762883980458501,1.0236115350940154,0.5,verified-v3-normuon-1e-4,1.0,2345,FiQA2018
12,0.0001,0.2999227975741229,normuon,0.995105890147049,1.0,0.5,verified-v3-normuon-1e-4,1.0,2345,HotpotQA
12,0.0001,0.4058793162390436,normuon,0.9475113630244236,1.0,0.5,verified-v3-normuon-1e-4,1.0,2345,MSMARCO
12,0.0001,-0.01683941961889626,normuon,-5.269113105934882,0.9331898340468459,0.5,verified-v3-normuon-1e-4,0.6710171200195971,2345,NFCorpus
12,0.0001,0.3867759328592911,normuon,0.9247588558513433,1.0,0.5,verified-v3-normuon-1e-4,1.0,2345,NQ
12,0.0001,0.4847124100689652,normuon,0.997297059718866,1.0,0.5,verified-v3-normuon-1e-4,1.0,2345,QuoraRetrieval
12,0.0001,0.0928871991622246,normuon,0.9452884195136068,1.0067236551235608,0.5,verified-v3-normuon-1e-4,0.8641010126907236,2345,SCIDOCS
12,0.0001,0.24926829560784336,normuon,0.9367142125918844,0.9769331095982161,0.5,verified-v3-normuon-1e-4,0.9769331095982161,2345,SciFact
12,0.0001,0.07532480187033012,normuon,0.9866062473324841,0.9746818938298829,0.5,verified-v3-normuon-1e-4,0.8880158835937564,2345,TRECCOVID
12,0.0001,0.28538681025478846,normuon,0.9470310720151739,1.0,0.5,verified-v3-normuon-1e-4,1.0,2345,Touche2020
13,0.0001,0.2248396624445506,normuon,0.9387735799489985,1.0,0.5,verified-v3-normuon-1e-4,1.0,2345,ArguAna
13,0.0001,0.010799640037555102,normuon,1.0400710933711763,0.978404007430978,0.5,verified-v3-normuon-1e-4,0.7558859930301185,2345,ClimateFEVER
13,0.0001,0.29783339841965695,normuon,0.9963079164949219,1.0,0.5,verified-v3-normuon-1e-4,1.0,2345,DBPedia
13,0.0001,0.3981423672397477,normuon,0.9825263134818684,1.0,0.5,verified-v3-normuon-1e-4,1.0,2345,FEVER
13,0.0001,0.20652470368464448,normuon,0.928375667378135,1.0236115350940154,0.5,verified-v3-normuon-1e-4,1.0,2345,FiQA2018
13,0.0001,0.29703354492711465,normuon,0.9855197154700464,1.0,0.5,verified-v3-normuon-1e-4,1.0,2345,HotpotQA
13,0.0001,0.41594427310179305,normuon,0.9710076601113861,1.0,0.5,verified-v3-normuon-1e-4,1.0,2345,MSMARCO
13,0.0001,-0.00643027121331672,normuon,-2.01205428046835,0.9748285524119751,0.5,verified-v3-normuon-1e-4,0.7009577514530869,2345,NFCorpus
13,0.0001,0.4207848857506335,normuon,1.0060722926311378,1.0,0.5,verified-v3-normuon-1e-4,1.0,2345,NQ
13,0.0001,0.48836587834789974,normuon,1.004814080320503,1.0,0.5,verified-v3-normuon-1e-4,1.0,2345,QuoraRetrieval
13,0.0001,0.08996588397638516,normuon,0.9155589687407354,1.0072793297652212,0.5,verified-v3-normuon-1e-4,0.864577964849483,2345,SCIDOCS
13,0.0001,0.2568700609312627,normuon,0.9652805475197627,0.9769331095982161,0.5,verified-v3-normuon-1e-4,0.9769331095982161,2345,SciFact
13,0.0001,0.05338101413232622,normuon,0.6991859350995708,0.9657001527282164,0.5,verified-v3-normuon-1e-4,0.8798327739955403,2345,TRECCOVID
13,0.0001,0.29703051940165937,normuon,0.9856696984665834,1.0,0.5,verified-v3-normuon-1e-4,1.0,2345,Touche2020
14,0.0001,0.22710507561031068,normuon,0.9482323649541071,1.0,0.5,verified-v3-normuon-1e-4,1.0,2345,ArguAna
14,0.0001,0.0055974632672691135,normuon,0.5390697949421241,1.0141373443386488,0.5,verified-v3-normuon-1e-4,0.7834925120627381,2345,ClimateFEVER
14,0.0001,0.3039477705589573,normuon,1.0167616245045163,1.0,0.5,verified-v3-normuon-1e-4,1.0,2345,DBPedia
14,0.0001,0.39650832685216175,normuon,0.978493867276191,1.0,0.5,verified-v3-normuon-1e-4,1.0,2345,FEVER
14,0.0001,0.2160829506571102,normuon,0.9713421684974278,1.0,0.5,verified-v3-normuon-1e-4,0.9769331095982161,2345,FiQA2018
14,0.0001,0.3058531515162879,normuon,1.0147820541006969,0.9769331095982161,0.5,verified-v3-normuon-1e-4,0.9769331095982161,2345,HotpotQA
14,0.0001,0.42199950397405694,normuon,0.9851433892004419,1.0,0.5,verified-v3-normuon-1e-4,1.0,2345,MSMARCO
14,0.0001,-0.016528349208693033,normuon,-5.171778090099117,0.9540682922879727,0.5,verified-v3-normuon-1e-4,0.6860299313558028,2345,NFCorpus
14,0.0001,0.39039273246663597,normuon,0.933406414250352,1.0,0.5,verified-v3-normuon-1e-4,1.0,2345,NQ
14,0.0001,0.48109510536983646,normuon,0.9898544457778797,1.0,0.5,verified-v3-normuon-1e-4,1.0,2345,QuoraRetrieval
14,0.0001,0.0992485892353692,normuon,1.0100266011186982,1.0268741546145255,0.5,verified-v3-normuon-1e-4,0.8813967888729465,2345,SCIDOCS
14,0.0001,0.24984308087749485,normuon,0.9388741725256501,1.0,0.5,verified-v3-normuon-1e-4,1.0,2345,SciFact
14,0.0001,0.07337632237459502,normuon,0.9610850113576342,1.0012257706611305,0.5,verified-v3-normuon-1e-4,0.9121995525297655,2345,TRECCOVID
14,0.0001,0.2858850622564758,normuon,0.9486844775347577,1.0,0.5,verified-v3-normuon-1e-4,1.0,2345,Touche2020
15,0.0001,0.22908936399992474,normuon,0.9565173690095131,1.0,0.5,verified-v3-normuon-1e-4,1.0,2345,ArguAna
15,0.0001,0.013762515941448169,normuon,1.3254140835235413,1.0141373443386488,0.5,verified-v3-normuon-1e-4,0.7834925120627381,2345,ClimateFEVER
15,0.0001,0.29517085806070076,normuon,0.9874012255338311,1.0,0.5,verified-v3-normuon-1e-4,1.0,2345,DBPedia
15,0.0001,0.39422393487717156,normuon,0.9728564988109979,1.0,0.5,verified-v3-normuon-1e-4,1.0,2345,FEVER
15,0.0001,0.2075256639971978,normuon,0.9328752123798054,1.0236115350940154,0.5,verified-v3-normuon-1e-4,1.0,2345,FiQA2018
15,0.0001,0.27565995955529365,normuon,0.9146048638179193,1.0,0.5,verified-v3-normuon-1e-4,1.0,2345,HotpotQA
15,0.0001,0.4239317909250028,normuon,0.9896542469096008,1.0,0.5,verified-v3-normuon-1e-4,1.0,2345,MSMARCO
15,0.0001,-0.04175113778872204,normuon,-13.064076570868645,0.8212784912905892,0.5,verified-v3-normuon-1e-4,0.5905464331624795,2345,NFCorpus
15,0.0001,0.40499995854340387,normuon,0.9683314458417774,1.0,0.5,verified-v3-normuon-1e-4,1.0,2345,NQ
15,0.0001,0.48487692337647137,normuon,0.99763554628214,1.0,0.5,verified-v3-normuon-1e-4,1.0,2345,QuoraRetrieval
15,0.0001,0.08931685856473362,normuon,0.9089540090569713,1.0,0.5,verified-v3-normuon-1e-4,0.8583298984711626,2345,SCIDOCS
15,0.0001,0.25486215664567313,normuon,0.9577351335422271,1.0,0.5,verified-v3-normuon-1e-4,1.0,2345,SciFact
15,0.0001,0.05026355842314361,normuon,0.6583534177601077,0.9060821992863156,0.5,verified-v3-normuon-1e-4,0.8255158835937564,2345,TRECCOVID
15,0.0001,0.30581225695368397,normuon,1.0148111234701596,1.0,0.5,verified-v3-normuon-1e-4,1.0,2345,Touche2020
16,0.0001,0.2404891456229168,normuon,1.0041149044643278,1.0,0.5,verified-v3-normuon-1e-4,1.0,2345,ArguAna
16,0.0001,-0.0010806862805819682,normuon,-0.10407666899336529,0.9308092091925163,0.5,verified-v3-normuon-1e-4,0.719115659858639,2345,ClimateFEVER
16,0.0001,0.27958645292236944,normuon,0.9352685020193724,1.0,0.5,verified-v3-normuon-1e-4,1.0,2345,DBPedia
16,0.0001,0.39388730674477934,normuon,0.9720257758707929,1.0,0.5,verified-v3-normuon-1e-4,1.0,2345,FEVER
16,0.0001,0.23161911000193766,normuon,1.041180749756313,1.0,0.5,verified-v3-normuon-1e-4,0.9769331095982161,2345,FiQA2018
16,0.0001,0.29586514948291165,normuon,0.9816431272348355,1.0,0.5,verified-v3-normuon-1e-4,1.0,2345,HotpotQA
16,0.0001,0.42197590926668455,normuon,0.985088308164163,1.0,0.5,verified-v3-normuon-1e-4,1.0,2345,MSMARCO
16,0.0001,0.006119318446275519,normuon,1.914756075588121,0.9522473410799736,0.5,verified-v3-normuon-1e-4,0.6847205627892926,2345,NFCorpus
16,0.0001,0.4228391486264802,normuon,1.010983916197377,1.0,0.5,verified-v3-normuon-1e-4,1.0,2345,NQ
16,0.0001,0.48897733360398676,normuon,1.0060721511195536,1.0,0.5,verified-v3-normuon-1e-4,1.0,2345,QuoraRetrieval
16,0.0001,0.08486972315630949,normuon,0.863696690077524,1.0033822650995448,0.5,verified-v3-normuon-1e-4,0.8612329977306574,2345,SCIDOCS
16,0.0001,0.2702292276780786,normuon,1.0154823645202462,1.0,0.5,verified-v3-normuon-1e-4,1.0,2345,SciFact
16,0.0001,0.08181171812524775,normuon,1.071572048026416,1.0012257706611305,0.5,verified-v3-normuon-1e-4,0.9121995525297655,2345,TRECCOVID
16,0.0001,0.2944112700201207,normuon,0.9769779493718753,1.0,0.5,verified-v3-normuon-1e-4,1.0,2345,Touche2020
17,0.0001,0.2353033991377259,normuon,0.9824628447712958,1.0,0.5,verified-v3-normuon-1e-4,1.0,2345,ArguAna
17,0.0001,0.013253253259014958,normuon,1.2763689863638625,0.9781915804104305,0.5,verified-v3-normuon-1e-4,0.7557218781980518,2345,ClimateFEVER
17,0.0001,0.29745785008769376,normuon,0.9950516377224714,1.0,0.5,verified-v3-normuon-1e-4,1.0,2345,DBPedia
17,0.0001,0.402142904218845,normuon,0.9923987439827235,1.0,0.5,verified-v3-normuon-1e-4,1.0,2345,FEVER
17,0.0001,0.22028903988810403,normuon,0.9902494993261814,1.0,0.5,verified-v3-normuon-1e-4,0.9769331095982161,2345,FiQA2018
17,0.0001,0.29028154201667455,normuon,0.9631174242110485,1.0,0.5,verified-v3-normuon-1e-4,1.0,2345,HotpotQA
17,0.0001,0.41413561724930004,normuon,0.9667854149673925,1.0,0.5,verified-v3-normuon-1e-4,1.0,2345,MSMARCO
17,0.0001,-0.0036949982732644437,normuon,-1.1561778415579718,0.9773128054830743,0.5,verified-v3-normuon-1e-4,0.7027440721783565,2345,NFCorpus
17,0.0001,0.4080671683746878,normuon,0.9756649669149876,1.0,0.5,verified-v3-normuon-1e-4,1.0,2345,NQ
17,0.0001,0.47592405000913407,normuon,0.9792149857604681,1.0,0.5,verified-v3-normuon-1e-4,1.0,2345,QuoraRetrieval
17,0.0001,0.07388556523338594,normuon,0.7519138246633744,0.9872751793394375,0.5,verified-v3-normuon-1e-4,0.8474078044455182,2345,SCIDOCS
17,0.0001,0.2377005196729368,normuon,0.8932441832410503,0.9769331095982161,0.5,verified-v3-normuon-1e-4,0.9769331095982161,2345,SciFact
17,0.0001,0.06353055240772765,normuon,0.8321248558987173,0.9493637876597658,0.5,verified-v3-normuon-1e-4,0.8649489931919725,2345,TRECCOVID
17,0.0001,0.2786611202000612,normuon,0.9247124601042602,1.0,0.5,verified-v3-normuon-1e-4,1.0,2345,Touche2020
18,0.0001,0.2300655960153306,normuon,0.960593432876534,1.0,0.5,verified-v3-normuon-1e-4,1.0,2345,ArguAna
18,0.0001,0.012877671396992049,normuon,1.2401981661766943,0.9394754777489964,0.5,verified-v3-normuon-1e-4,0.7258109625801406,2345,ClimateFEVER
18,0.0001,0.2986676149638984,normuon,0.9990985254444517,1.0,0.5,verified-v3-normuon-1e-4,1.0,2345,DBPedia
18,0.0001,0.38658849744109935,normuon,0.9540139469673052,1.0,0.5,verified-v3-normuon-1e-4,1.0,2345,FEVER
18,0.0001,0.22000855675538103,normuon,0.9889886636446175,1.0,0.5,verified-v3-normuon-1e-4,0.9769331095982161,2345,FiQA2018
18,0.0001,0.3125970734693231,normuon,1.037157533765589,1.0,0.5,verified-v3-normuon-1e-4,1.0,2345,HotpotQA
18,0.0001,0.4387331729877415,normuon,1.024207566410738,1.0,0.5,verified-v3-normuon-1e-4,1.0,2345,MSMARCO
18,0.0001,-0.021632263466869254,normuon,-6.7688106552325555,0.8675840189608586,0.5,verified-v3-normuon-1e-4,0.6238427686824956,2345,NFCorpus
18,0.0001,0.41680464419001717,normuon,0.9965557655701156,1.0,0.5,verified-v3-normuon-1e-4,1.0,2345,NQ
18,0.0001,0.48297279557596096,normuon,0.993717798319987,1.0,0.5,verified-v3-normuon-1e-4,1.0,2345,QuoraRetrieval
18,0.0001,0.08161825104647843,normuon,0.830607319749683,0.9751392084438406,0.5,verified-v3-normuon-1e-4,0.8369911377788516,2345,SCIDOCS
18,0.0001,0.2777653496624347,normuon,1.0438020212714532,0.96875,0.5,verified-v3-normuon-1e-4,0.96875,2345,SciFact
18,0.0001,0.06693738508147981,normuon,0.8767476403744939,1.0,0.5,verified-v3-normuon-1e-4,0.9110827739955403,2345,TRECCOVID
18,0.0001,0.28010591275111174,normuon,0.9295068773278151,1.0,0.5,verified-v3-normuon-1e-4,1.0,2345,Touche2020
19,0.0001,0.23366047727023137,normuon,0.9756031491715271,1.0,0.5,verified-v3-normuon-1e-4,1.0,2345,ArguAna
19,0.0001,0.012354570737019321,normuon,1.189820387522121,1.0247294009423786,0.5,verified-v3-normuon-1e-4,0.7916756216609542,2345,ClimateFEVER
19,0.0001,0.3014157625419007,normuon,1.0082915884192163,1.0,0.5,verified-v3-normuon-1e-4,1.0,2345,DBPedia
19,0.0001,0.3938726500605406,normuon,0.9719896064522183,1.0,0.5,verified-v3-normuon-1e-4,1.0,2345,FEVER
19,0.0001,0.21871986185702286,normuon,0.9831956860251608,1.0,0.5,verified-v3-normuon-1e-4,0.9769331095982161,2345,FiQA2018
19,0.0001,0.3067303803084189,normuon,1.017692588228535,1.0,0.5,verified-v3-normuon-1e-4,1.0,2345,HotpotQA
19,0.0001,0.43248991668532377,normuon,1.0096328983945666,1.0,0.5,verified-v3-normuon-1e-4,1.0,2345,MSMARCO
19,0.0001,-0.011793732457928167,normuon,-3.690300002514698,0.9652691759649609,0.5,verified-v3-normuon-1e-4,0.694084010421381,2345,NFCorpus
19,0.0001,0.42811614667463094,normuon,1.0236009129201618,1.0,0.5,verified-v3-normuon-1e-4,1.0,2345,NQ
19,0.0001,0.4863930676454073,normuon,1.0007550171067146,1.0,0.5,verified-v3-normuon-1e-4,1.0,2345,QuoraRetrieval
19,0.0001,0.0848042248573943,normuon,0.8630301312403453,0.9951433588696244,0.5,verified-v3-normuon-1e-4,0.8541612981828164,2345,SCIDOCS
19,0.0001,0.2599689398702563,normuon,0.9769256864981417,1.0,0.5,verified-v3-normuon-1e-4,1.0,2345,SciFact
19,0.0001,0.060017448756301356,normuon,0.7861101313463652,0.9493637876597658,0.5,verified-v3-normuon-1e-4,0.8649489931919725,2345,TRECCOVID
19,0.0001,0.2858693704782202,normuon,0.9486324057464015,1.0,0.5,verified-v3-normuon-1e-4,1.0,2345,Touche2020
0,0.0001,0.2100205595956996,normuon,0.8768993444080199,1.0,0.75,verified-v3-normuon-1e-4,1.0,2345,ArguAna
0,0.0001,-0.011324673306976434,normuon,-1.0906349940830848,0.9865168709240345,0.75,verified-v3-normuon-1e-4,0.7621537513704271,2345,ClimateFEVER
0,0.0001,0.27121710695269624,normuon,0.9072714886229059,1.0,0.75,verified-v3-normuon-1e-4,1.0,2345,DBPedia
0,0.0001,0.3434062841544937,normuon,0.8474499027470932,1.0,0.75,verified-v3-normuon-1e-4,1.0,2345,FEVER
0,0.0001,0.19297165339068983,normuon,0.8674516138040294,1.0,0.75,verified-v3-normuon-1e-4,0.9769331095982161,2345,FiQA2018
0,0.0001,0.23530149671645906,normuon,0.7807005910749321,0.9769331095982161,0.75,verified-v3-normuon-1e-4,0.9769331095982161,2345,HotpotQA
0,0.0001,0.39996930502540395,normuon,0.9337146442548785,1.0,0.75,verified-v3-normuon-1e-4,1.0,2345,MSMARCO
0,0.0001,-0.009468386794918047,normuon,-2.9626912377181736,0.9197132524094199,0.75,verified-v3-normuon-1e-4,0.6613266833387357,2345,NFCorpus
0,0.0001,0.36568210088052333,normuon,0.8743247252114146,1.0,0.75,verified-v3-normuon-1e-4,1.0,2345,NQ
0,0.0001,0.43130598069297127,normuon,0.8874131906857131,1.0,0.75,verified-v3-normuon-1e-4,1.0,2345,QuoraRetrieval
0,0.0001,0.05000482553576653,normuon,0.5088858629078112,0.9751329538745197,0.75,verified-v3-normuon-1e-4,0.8369857692950013,2345,SCIDOCS
0,0.0001,0.23664489172059405,normuon,0.8892772860319308,1.0,0.75,verified-v3-normuon-1e-4,1.0,2345,SciFact
0,0.0001,0.039608448342869425,normuon,0.5187925040877335,0.8721257207353792,0.75,verified-v3-normuon-1e-4,0.7945787209204491,2345,TRECCOVID
0,0.0001,0.2846991849310605,normuon,0.9447492477539423,1.0,0.75,verified-v3-normuon-1e-4,1.0,2345,Touche2020
1,0.0001,0.2113613058871004,normuon,0.8824973656027549,1.0,0.75,verified-v3-normuon-1e-4,1.0,2345,ArguAna
1,0.0001,-0.004408740380749556,normuon,-0.4245885429746159,0.9792961386036726,0.75,verified-v3-normuon-1e-4,0.7565752271831511,2345,ClimateFEVER
1,0.0001,0.25974867553837544,normuon,0.8689074600468791,0.9769331095982161,0.75,verified-v3-normuon-1e-4,0.9769331095982161,2345,DBPedia
1,0.0001,0.3837936665699249,normuon,0.947116929471534,1.0,0.75,verified-v3-normuon-1e-4,1.0,2345,FEVER
1,0.0001,0.1867376980250765,normuon,0.8394285619864899,1.0236115350940154,0.75,verified-v3-normuon-1e-4,1.0,2345,FiQA2018
1,0.0001,0.25872124987809164,normuon,0.8584043685317655,0.9769331095982161,0.75,verified-v3-normuon-1e-4,0.9769331095982161,2345,HotpotQA
1,0.0001,0.40373350194454904,normuon,0.9425020330447299,1.0,0.75,verified-v3-normuon-1e-4,1.0,2345,MSMARCO
1,0.0001,-0.04536623780127836,normuon,-14.195253968102147,0.8432553172139589,0.75,verified-v3-normuon-1e-4,0.6063490339841374,2345,NFCorpus
1,0.0001,0.3877949684607696,normuon,0.9271953109583829,1.0,0.75,verified-v3-normuon-1e-4,1.0,2345,NQ
1,0.0001,0.4791859785588556,normuon,0.9859264123385237,1.0,0.75,verified-v3-normuon-1e-4,1.0,2345,QuoraRetrieval
1,0.0001,0.05606109710630937,normuon,0.5705189343395941,0.9917673483394005,0.75,verified-v3-normuon-1e-4,0.8512635674071718,2345,SCIDOCS
1,0.0001,0.24035215465009507,normuon,0.9032086440789321,1.0,0.75,verified-v3-normuon-1e-4,1.0,2345,SciFact
1,0.0001,0.061048505815811456,normuon,0.7996149439845729,0.8995461070852737,0.75,verified-v3-normuon-1e-4,0.8195609625801406,2345,TRECCOVID
1,0.0001,0.29435140138141536,normuon,0.9767792805509772,1.0,0.75,verified-v3-normuon-1e-4,1.0,2345,Touche2020
2,0.0001,0.21181463617609986,normuon,0.8843901566418284,1.0,0.75,verified-v3-normuon-1e-4,1.0,2345,ArguAna
2,0.0001,-0.0024390556321479528,normuon,-0.2348959085024785,0.9718374903732995,0.75,verified-v3-normuon-1e-4,0.7508128962018201,2345,ClimateFEVER
2,0.0001,0.26522973256602944,normuon,0.8872426116329257,0.9769331095982161,0.75,verified-v3-normuon-1e-4,0.9769331095982161,2345,DBPedia
2,0.0001,0.3730537230358742,normuon,0.9206131509345463,1.0,0.75,verified-v3-normuon-1e-4,1.0,2345,FEVER
2,0.0001,0.19649219715930388,normuon,0.8832772613532528,1.0236115350940154,0.75,verified-v3-normuon-1e-4,1.0,2345,FiQA2018
2,0.0001,0.2805444133420842,normuon,0.9308108634041464,1.0,0.75,verified-v3-normuon-1e-4,1.0,2345,HotpotQA
2,0.0001,0.3978629306779226,normuon,0.9287973854807302,1.0,0.75,verified-v3-normuon-1e-4,1.0,2345,MSMARCO
2,0.0001,-0.011765198184873229,normuon,-3.6813715289969178,0.9371388087573339,0.75,verified-v3-normuon-1e-4,0.6738566597794451,2345,NFCorpus
2,0.0001,0.39947383802338676,normuon,0.9551188117163579,1.0,0.75,verified-v3-normuon-1e-4,1.0,2345,NQ
2,0.0001,0.48910271274962613,normuon,1.0063301190417664,1.0,0.75,verified-v3-normuon-1e-4,1.0,2345,QuoraRetrieval
2,0.0001,0.0738052108189916,normuon,0.751096079074436,0.9721662689207753,0.75,verified-v3-normuon-1e-4,0.834439374899858,2345,SCIDOCS
2,0.0001,0.26277242449762117,normuon,0.9874607763651937,0.96875,0.75,verified-v3-normuon-1e-4,0.96875,2345,SciFact
2,0.0001,0.072618124286915,normuon,0.9511541127499169,0.9266447385155588,0.75,verified-v3-normuon-1e-4,0.8442500588751274,2345,TRECCOVID
2,0.0001,0.27021978083794695,normuon,0.8967006166059226,1.0,0.75,verified-v3-normuon-1e-4,1.0,2345,Touche2020
3,0.0001,0.22707844315748468,normuon,0.9481211664101739,1.0,0.75,verified-v3-normuon-1e-4,1.0,2345,ArguAna
3,0.0001,-8.184224622427051e-06,normuon,-0.0007881906639334667,0.990478458011626,0.75,verified-v3-normuon-1e-4,0.765214356362778,2345,ClimateFEVER
3,0.0001,0.27363018865753574,normuon,0.9153436941527004,0.9769331095982161,0.75,verified-v3-normuon-1e-4,0.9769331095982161,2345,DBPedia
3,0.0001,0.36937577745454364,normuon,0.9115368038523087,1.0,0.75,verified-v3-normuon-1e-4,1.0,2345,FEVER
3,0.0001,0.20914203184813723,normuon,0.9401411546887498,1.0,0.75,verified-v3-normuon-1e-4,0.9769331095982161,2345,FiQA2018
3,0.0001,0.28128971361003163,normuon,0.933283675382967,0.9769331095982161,0.75,verified-v3-normuon-1e-4,0.9769331095982161,2345,HotpotQA
3,0.0001,0.4161497760783376,normuon,0.9714873997719717,1.0,0.75,verified-v3-normuon-1e-4,1.0,2345,MSMARCO
3,0.0001,-0.013936529884398505,normuon,-4.360788787680943,0.8848029843963555,0.75,verified-v3-normuon-1e-4,0.6362241943846364,2345,NFCorpus
3,0.0001,0.38190646814382506,normuon,0.9131162477252552,1.0,0.75,verified-v3-normuon-1e-4,1.0,2345,NQ
3,0.0001,0.46972376367315727,normuon,0.9664578803019861,1.0,0.75,verified-v3-normuon-1e-4,1.0,2345,QuoraRetrieval
3,0.0001,0.0574150885608739,normuon,0.5842981466924707,0.9516742394828441,0.75,verified-v3-normuon-1e-4,0.8168504533529305,2345,SCIDOCS
3,0.0001,0.22760816121833782,normuon,0.8553185594470499,0.96875,0.75,verified-v3-normuon-1e-4,0.96875,2345,SciFact
3,0.0001,0.054387139552042156,normuon,0.7123641924602817,0.9088771093294242,0.75,verified-v3-normuon-1e-4,0.8280622779888998,2345,TRECCOVID
3,0.0001,0.2905245672243241,normuon,0.9640802674081524,1.0,0.75,verified-v3-normuon-1e-4,1.0,2345,Touche2020
4,0.0001,0.21130089483984307,normuon,0.8822451312127652,1.0,0.75,verified-v3-normuon-1e-4,1.0,2345,ArguAna
4,0.0001,0.008917135866105432,normuon,0.8587744793111848,0.9338672962560765,0.75,verified-v3-normuon-1e-4,0.7214782474597276,2345,ClimateFEVER
4,0.0001,0.2676790401665734,normuon,0.8954359994977572,1.0,0.75,verified-v3-normuon-1e-4,1.0,2345,DBPedia
4,0.0001,0.3515991713719817,normuon,0.8676681159716203,1.0,0.75,verified-v3-normuon-1e-4,1.0,2345,FEVER
4,0.0001,0.19816837835517398,normuon,0.8908120782957273,1.0,0.75,verified-v3-normuon-1e-4,0.9769331095982161,2345,FiQA2018
4,0.0001,0.26327503778106504,normuon,0.8735132605579187,1.0,0.75,verified-v3-normuon-1e-4,1.0,2345,HotpotQA
4,0.0001,0.38900993134093265,normuon,0.9081303617299921,1.0,0.75,verified-v3-normuon-1e-4,1.0,2345,MSMARCO
4,0.0001,-0.013588747335357483,normuon,-4.251966415613491,0.9492172900737031,0.75,verified-v3-normuon-1e-4,0.6825417819822591,2345,NFCorpus
4,0.0001,0.403044765984889,normuon,0.9636566936667524,1.0,0.75,verified-v3-normuon-1e-4,1.0,2345,NQ
4,0.0001,0.4542484358381036,normuon,0.9346173525426729,1.0,0.75,verified-v3-normuon-1e-4,1.0,2345,QuoraRetrieval
4,0.0001,0.08829853988167383,normuon,0.8985908495780252,1.0354545907914123,0.75,verified-v3-normuon-1e-4,0.8887616337854922,2345,SCIDOCS
4,0.0001,0.22438641599688697,normuon,0.843211706744728,0.9769331095982161,0.75,verified-v3-normuon-1e-4,0.9769331095982161,2345,SciFact
4,0.0001,0.0290317297712851,normuon,0.3802583644697321,0.9266447385155587,0.75,verified-v3-normuon-1e-4,0.8442500588751273,2345,TRECCOVID
4,0.0001,0.2507746302657712,normuon,0.832173591774525,1.0,0.75,verified-v3-normuon-1e-4,1.0,2345,Touche2020
5,0.0001,0.2310313991367695,normuon,0.9646259529576505,1.0,0.75,verified-v3-normuon-1e-4,1.0,2345,ArguAna
5,0.0001,-0.013423944893372543,normuon,-1.2928076300740465,0.9465477355072706,0.75,verified-v3-normuon-1e-4,0.7312747797129165,2345,ClimateFEVER
5,0.0001,0.2662979654119714,normuon,0.8908160484829202,0.96875,0.75,verified-v3-normuon-1e-4,0.96875,2345,DBPedia
5,0.0001,0.3606910447236611,normuon,0.8901048259073163,1.0,0.75,verified-v3-normuon-1e-4,1.0,2345,FEVER
5,0.0001,0.2253862572847825,normuon,1.0131626545951928,0.9763884649059846,0.75,verified-v3-normuon-1e-4,0.9538662191964322,2345,FiQA2018
5,0.0001,0.2553685468885577,normuon,0.8472805242632273,1.0,0.75,verified-v3-normuon-1e-4,1.0,2345,HotpotQA
5,0.0001,0.41076333741275706,normuon,0.9589129431843249,1.0,0.75,verified-v3-normuon-1e-4,1.0,2345,MSMARCO
5,0.0001,-0.02198687827751638,normuon,-6.8797708657758365,0.891022908136177,0.75,verified-v3-normuon-1e-4,0.6406966770053879,2345,NFCorpus
5,0.0001,0.3957055177825075,normuon,0.946108976257685,1.0,0.75,verified-v3-normuon-1e-4,1.0,2345,NQ
5,0.0001,0.43781740886537446,normuon,0.9008104712917211,1.0,0.75,verified-v3-normuon-1e-4,1.0,2345,QuoraRetrieval
5,0.0001,0.07187093447630041,normuon,0.7314114611359427,1.002081158687879,0.75,verified-v3-normuon-1e-4,0.8601162191964322,2345,SCIDOCS
5,0.0001,0.22296429379520236,normuon,0.8378675771388668,1.0,0.75,verified-v3-normuon-1e-4,1.0,2345,SciFact
5,0.0001,0.021227711434382377,normuon,0.27804112586696766,0.8875893243029012,0.75,verified-v3-normuon-1e-4,0.8086673437547144,2345,TRECCOVID
5,0.0001,0.25589191748439033,normuon,0.8491548600963924,1.0,0.75,verified-v3-normuon-1e-4,1.0,2345,Touche2020
6,0.0001,0.20891800352148535,normuon,0.8722958393963546,0.96875,0.75,verified-v3-normuon-1e-4,0.96875,2345,ArguAna
6,0.0001,-0.0096767329693235,normuon,-0.931928305449676,0.9799318138371192,0.75,verified-v3-normuon-1e-4,0.7570663310639908,2345,ClimateFEVER
6,0.0001,0.275532709071574,normuon,0.9217079775401824,1.0,0.75,verified-v3-normuon-1e-4,1.0,2345,DBPedia
6,0.0001,0.3468370253692946,normuon,0.8559162047426777,1.0,0.75,verified-v3-normuon-1e-4,1.0,2345,FEVER
6,0.0001,0.17577556651839485,normuon,0.7901512795508625,0.9763884649059846,0.75,verified-v3-normuon-1e-4,0.9538662191964322,2345,FiQA2018
6,0.0001,0.2813205178980509,normuon,0.9333858801126431,1.0,0.75,verified-v3-normuon-1e-4,1.0,2345,HotpotQA
6,0.0001,0.411281492491836,normuon,0.9601225584704287,1.0,0.75,verified-v3-normuon-1e-4,1.0,2345,MSMARCO
6,0.0001,-0.040321868919010226,normuon,-12.616853358683088,0.9549872159921903,0.75,verified-v3-normuon-1e-4,0.6866906903086172,2345,NFCorpus
6,0.0001,0.3773244637786467,normuon,0.90216094064882,1.0,0.75,verified-v3-normuon-1e-4,1.0,2345,NQ
6,0.0001,0.45017794785987253,normuon,0.9262423128119318,1.0,0.75,verified-v3-normuon-1e-4,1.0,2345,QuoraRetrieval
6,0.0001,0.06887517234950749,normuon,0.7009243835664162,1.0233186198958155,0.75,verified-v3-normuon-1e-4,0.8783449671188255,2345,SCIDOCS
6,0.0001,0.22576886919183764,normuon,0.8484067659591201,0.9538662191964322,0.75,verified-v3-normuon-1e-4,0.9538662191964322,2345,SciFact
6,0.0001,0.025459076690635588,normuon,0.33346365991825755,0.8807640931161985,0.75,verified-v3-normuon-1e-4,0.8024489931919725,2345,TRECCOVID
6,0.0001,0.27826858269023386,normuon,0.9234098588438655,0.9769331095982161,0.75,verified-v3-normuon-1e-4,0.9769331095982161,2345,Touche2020
7,0.0001,0.2154966315244527,normuon,0.899763600619406,1.0,0.75,verified-v3-normuon-1e-4,1.0,2345,ArguAna
7,0.0001,-0.00794511027761228,normuon,-0.7651624965883139,1.01556434054553,0.75,verified-v3-normuon-1e-4,0.7845949671188255,2345,ClimateFEVER
7,0.0001,0.27265308298591945,normuon,0.9120750945898276,1.0,0.75,verified-v3-normuon-1e-4,1.0,2345,DBPedia
7,0.0001,0.39143362577117413,normuon,0.9659706400203416,1.0,0.75,verified-v3-normuon-1e-4,1.0,2345,FEVER
7,0.0001,0.1840450084002226,normuon,0.8273243077112575,1.0,0.75,verified-v3-normuon-1e-4,0.9769331095982161,2345,FiQA2018
7,0.0001,0.317247832612585,normuon,1.0525881640962873,1.0,0.75,verified-v3-normuon-1e-4,1.0,2345,HotpotQA
7,0.0001,0.38027326367772085,normuon,0.8877349102875101,1.0,0.75,verified-v3-normuon-1e-4,1.0,2345,MSMARCO
7,0.0001,-0.04018637587625423,normuon,-12.574457113236038,0.8469537165597534,0.75,verified-v3-normuon-1e-4,0.6090083956564945,2345,NFCorpus
7,0.0001,0.4067547850050317,normuon,0.9725271342830822,1.0,0.75,verified-v3-normuon-1e-4,1.0,2345,NQ
7,0.0001,0.4524958123684547,normuon,0.9310113251401014,1.0,0.75,verified-v3-normuon-1e-4,1.0,2345,QuoraRetrieval
7,0.0001,0.08742033272679842,normuon,0.8896535680050511,1.0168130878374866,0.75,verified-v3-normuon-1e-4,0.8727610744476991,2345,SCIDOCS
7,0.0001,0.24937379085702605,normuon,0.9371106484845011,0.9769331095982161,0.75,verified-v3-normuon-1e-4,0.9769331095982161,2345,SciFact
7,0.0001,0.04323018030829731,normuon,0.5662300451702328,0.9567184116265498,0.75,verified-v3-normuon-1e-4,0.8716496643973242,2345,TRECCOVID
7,0.0001,0.2585445396498729,normuon,0.857957353844388,0.9769331095982161,0.75,verified-v3-normuon-1e-4,0.9769331095982161,2345,Touche2020
8,0.0001,0.2263620355954022,normuon,0.9451299482040685,1.0,0.75,verified-v3-normuon-1e-4,1.0,2345,ArguAna
8,0.0001,0.009198032356697366,normuon,0.8858265217013142,0.9805790802395759,0.75,verified-v3-normuon-1e-4,0.7575663899391181,2345,ClimateFEVER
8,0.0001,0.30122448327497287,normuon,1.00765172382071,1.0,0.75,verified-v3-normuon-1e-4,1.0,2345,DBPedia
8,0.0001,0.3708056615090653,normuon,0.9150654378897652,1.0,0.75,verified-v3-normuon-1e-4,1.0,2345,FEVER
8,0.0001,0.1759997966827285,normuon,0.7911592453038478,1.0,0.75,verified-v3-normuon-1e-4,0.9769331095982161,2345,FiQA2018
8,0.0001,0.27499882023604133,normuon,0.9124112872171501,1.0,0.75,verified-v3-normuon-1e-4,1.0,2345,HotpotQA
8,0.0001,0.406764116831707,normuon,0.9495768997049514,1.0,0.75,verified-v3-normuon-1e-4,1.0,2345,MSMARCO
8,0.0001,-0.024679121435104596,normuon,-7.7221831357387005,0.8920724837524875,0.75,verified-v3-normuon-1e-4,0.6414513821914113,2345,NFCorpus
8,0.0001,0.4125677974065213,normuon,0.9864257102821397,1.0,0.75,verified-v3-normuon-1e-4,1.0,2345,NQ
8,0.0001,0.4691350540868018,normuon,0.9652466087782859,1.0,0.75,verified-v3-normuon-1e-4,1.0,2345,QuoraRetrieval
8,0.0001,0.05843122749123845,normuon,0.5946391234056666,1.0033822650995448,0.75,verified-v3-normuon-1e-4,0.8612329977306574,2345,SCIDOCS
8,0.0001,0.2391272241360139,normuon,0.8986055323226643,1.0,0.75,verified-v3-normuon-1e-4,1.0,2345,SciFact
8,0.0001,0.06790657576754952,normuon,0.8894421256169367,0.9759076644910135,0.75,verified-v3-normuon-1e-4,0.8891326621279816,2345,TRECCOVID
8,0.0001,0.27764878428795436,normuon,0.9213531122660541,0.96875,0.75,verified-v3-normuon-1e-4,0.96875,2345,Touche2020
9,0.0001,0.23052968940334734,normuon,0.9625311631086569,1.0,0.75,verified-v3-normuon-1e-4,1.0,2345,ArguAna
9,0.0001,0.009029554556354574,normuon,0.8696010836865331,1.0141373443386488,0.75,verified-v3-normuon-1e-4,0.7834925120627381,2345,ClimateFEVER
9,0.0001,0.28857745380801464,normuon,0.9653450663238206,0.96875,0.75,verified-v3-normuon-1e-4,0.96875,2345,DBPedia
9,0.0001,0.37583576499889826,normuon,0.9274786082653808,1.0,0.75,verified-v3-normuon-1e-4,1.0,2345,FEVER
9,0.0001,0.19541139964665294,normuon,0.8784188299200811,1.0236115350940154,0.75,verified-v3-normuon-1e-4,1.0,2345,FiQA2018
9,0.0001,0.2511455743529755,normuon,0.8332692357647313,1.0,0.75,verified-v3-normuon-1e-4,1.0,2345,HotpotQA
9,0.0001,0.4117781081241631,normuon,0.961281890655783,1.0,0.75,verified-v3-normuon-1e-4,1.0,2345,MSMARCO
9,0.0001,-0.029267313596027345,normuon,-9.157844458682225,0.8568595271678494,0.75,verified-v3-normuon-1e-4,0.6161312427591885,2345,NFCorpus
9,0.0001,0.3891938199717859,normuon,0.9305398839085928,1.0,0.75,verified-v3-normuon-1e-4,1.0,2345,NQ
9,0.0001,0.4560005281797601,normuon,0.9382222871480017,1.0,0.75,verified-v3-normuon-1e-4,1.0,2345,QuoraRetrieval
9,0.0001,0.04234534927412775,normuon,0.4309374020330103,0.921458694844303,0.75,verified-v3-normuon-1e-4,0.7909155479910805,2345,SCIDOCS
9,0.0001,0.2403974132971527,normuon,0.9033787195305181,0.9769331095982161,0.75,verified-v3-normuon-1e-4,0.9769331095982161,2345,SciFact
9,0.0001,0.03954067620971607,normuon,0.5179048228950334,0.8760085261753247,0.75,verified-v3-normuon-1e-4,0.7981162780715596,2345,TRECCOVID
9,0.0001,0.27610217155893435,normuon,0.9162208137220237,1.0,0.75,verified-v3-normuon-1e-4,1.0,2345,Touche2020
10,0.0001,0.2203246232537383,normuon,0.9199219260251087,1.0,0.75,verified-v3-normuon-1e-4,1.0,2345,ArguAna
10,0.0001,0.009638233225299608,normuon,0.9282205456797027,0.9475883412420529,0.75,verified-v3-normuon-1e-4,0.7320787209204491,2345,ClimateFEVER
10,0.0001,0.2481519279892465,normuon,0.8301141902185224,0.96875,0.75,verified-v3-normuon-1e-4,0.96875,2345,DBPedia
10,0.0001,0.36239560780114344,normuon,0.8943113063384922,1.0,0.75,verified-v3-normuon-1e-4,1.0,2345,FEVER
10,0.0001,0.16034767203691613,normuon,0.7207993735563489,0.9763884649059846,0.75,verified-v3-normuon-1e-4,0.9538662191964322,2345,FiQA2018
10,0.0001,0.28611659094694397,normuon,0.9492986435942171,1.0,0.75,verified-v3-normuon-1e-4,1.0,2345,HotpotQA
10,0.0001,0.38738639009069664,normuon,0.9043402602850801,1.0,0.75,verified-v3-normuon-1e-4,1.0,2345,MSMARCO
10,0.0001,-0.025964610438703916,normuon,-8.124417126558647,0.849556167747977,0.75,verified-v3-normuon-1e-4,0.6108797076206856,2345,NFCorpus
10,0.0001,0.3781810398643796,normuon,0.9042089644623394,1.0,0.75,verified-v3-normuon-1e-4,1.0,2345,NQ
10,0.0001,0.4541538907012997,normuon,0.9344228256748094,1.0,0.75,verified-v3-normuon-1e-4,1.0,2345,QuoraRetrieval
10,0.0001,0.06531228435420468,normuon,0.6646658162680119,0.9877074470993634,0.75,verified-v3-normuon-1e-4,0.8477788327880078,2345,SCIDOCS
10,0.0001,0.24076556191779974,normuon,0.9047621688154152,0.9644172848795871,0.75,verified-v3-normuon-1e-4,0.9644172848795871,2345,SciFact
10,0.0001,0.04390622269554185,normuon,0.5750848662405256,0.862271218132784,0.75,verified-v3-normuon-1e-4,0.7856004533529304,2345,TRECCOVID
10,0.0001,0.2582882665349222,normuon,0.85710693401397,0.9769331095982161,0.75,verified-v3-normuon-1e-4,0.9769331095982161,2345,Touche2020
11,0.0001,0.20760545258158383,normuon,0.8668155423201186,1.0,0.75,verified-v3-normuon-1e-4,1.0,2345,ArguAna
11,0.0001,-0.016084690617621432,normuon,-1.5490536442910834,0.9687085019910527,0.75,verified-v3-normuon-1e-4,0.7483955323393146,2345,ClimateFEVER
11,0.0001,0.2731243838045202,normuon,0.9136516831763126,0.9769331095982161,0.75,verified-v3-normuon-1e-4,0.9769331095982161,2345,DBPedia
11,0.0001,0.36487721954766794,normuon,0.9004353690894875,1.0,0.75,verified-v3-normuon-1e-4,1.0,2345,FEVER
11,0.0001,0.22775361279768813,normuon,1.0238044578032537,0.968012139528312,0.75,verified-v3-normuon-1e-4,0.9456831095982161,2345,FiQA2018
11,0.0001,0.2409063404275254,normuon,0.7992967532718299,0.96875,0.75,verified-v3-normuon-1e-4,0.96875,2345,HotpotQA
11,0.0001,0.4128928283967749,normuon,0.9638841669547586,1.0,0.75,verified-v3-normuon-1e-4,1.0,2345,MSMARCO
11,0.0001,0.013010548182286023,normuon,4.07104588484469,1.027599442592096,0.75,verified-v3-normuon-1e-4,0.7389030541745883,2345,NFCorpus
11,0.0001,0.3799257466041904,normuon,0.9083804572348498,1.0,0.75,verified-v3-normuon-1e-4,1.0,2345,NQ
11,0.0001,0.45595158015327875,normuon,0.938121576454661,1.0,0.75,verified-v3-normuon-1e-4,1.0,2345,QuoraRetrieval
11,0.0001,0.07569831554320447,normuon,0.7703617043582769,1.0168130878374866,0.75,verified-v3-normuon-1e-4,0.8727610744476991,2345,SCIDOCS
11,0.0001,0.2290049989584073,normuon,0.8605676737021026,0.96875,0.75,verified-v3-normuon-1e-4,0.96875,2345,SciFact
11,0.0001,0.0655979361147088,normuon,0.8592035023776323,0.9469958918666118,0.75,verified-v3-normuon-1e-4,0.8627916441242134,2345,TRECCOVID
11,0.0001,0.27395791374739376,normuon,0.9091052824466741,1.0,0.75,verified-v3-normuon-1e-4,1.0,2345,Touche2020
12,0.0001,0.22121083087023655,normuon,0.9236221108042212,1.0,0.75,verified-v3-normuon-1e-4,1.0,2345,ArguAna
12,0.0001,-0.007501002089871462,normuon,-0.7223921739856678,0.957874109486202,0.75,verified-v3-normuon-1e-4,0.740025201192664,2345,ClimateFEVER
12,0.0001,0.2741185854092195,normuon,0.9169774718038131,1.0,0.75,verified-v3-normuon-1e-4,1.0,2345,DBPedia
12,0.0001,0.40051568411353944,normuon,0.9883831287082839,1.0,0.75,verified-v3-normuon-1e-4,1.0,2345,FEVER
12,0.0001,0.1930820352998669,normuon,0.8679478056724617,0.9763884649059846,0.75,verified-v3-normuon-1e-4,0.9538662191964322,2345,FiQA2018
12,0.0001,0.26130900130489754,normuon,0.8669902003120741,0.9769331095982161,0.75,verified-v3-normuon-1e-4,0.9769331095982161,2345,HotpotQA
12,0.0001,0.380189887473222,normuon,0.8875402713936129,1.0,0.75,verified-v3-normuon-1e-4,1.0,2345,MSMARCO
12,0.0001,-0.039930505482221115,normuon,-12.494394374903433,0.8236696026352915,0.75,verified-v3-normuon-1e-4,0.5922657796337225,2345,NFCorpus
12,0.0001,0.42099576941655514,normuon,1.0065765032633085,1.0,0.75,verified-v3-normuon-1e-4,1.0,2345,NQ
12,0.0001,0.45860220554525133,normuon,0.943575245176397,1.0,0.75,verified-v3-normuon-1e-4,1.0,2345,QuoraRetrieval
12,0.0001,0.07086723462215222,normuon,0.721197073606217,1.0009366342812531,0.75,verified-v3-normuon-1e-4,0.8591338396786952,2345,SCIDOCS
12,0.0001,0.26461911314830133,normuon,0.9944003652972961,1.0,0.75,verified-v3-normuon-1e-4,1.0,2345,SciFact
12,0.0001,0.07465312197284611,normuon,0.977808566268468,0.9684950627713249,0.75,verified-v3-normuon-1e-4,0.8823791683906836,2345,TRECCOVID
12,0.0001,0.2512858697440644,normuon,0.8338700950948861,0.9769331095982161,0.75,verified-v3-normuon-1e-4,0.9769331095982161,2345,Touche2020
13,0.0001,0.19810586561178342,normuon,0.8271518941420498,1.0,0.75,verified-v3-normuon-1e-4,1.0,2345,ArguAna
13,0.0001,-0.013973150697894643,normuon,-1.3456994930999193,0.984741725496378,0.75,verified-v3-normuon-1e-4,0.7607823265253058,2345,ClimateFEVER
13,0.0001,0.2470696284437559,normuon,0.826493697651494,0.9538662191964322,0.75,verified-v3-normuon-1e-4,0.9538662191964322,2345,DBPedia
13,0.0001,0.3426833054124503,normuon,0.8456657529137801,1.0,0.75,verified-v3-normuon-1e-4,1.0,2345,FEVER
13,0.0001,0.20062904208361237,normuon,0.9018733232234546,1.0,0.75,verified-v3-normuon-1e-4,0.9769331095982161,2345,FiQA2018
13,0.0001,0.2685701127364508,normuon,0.891081649221579,0.9769331095982161,0.75,verified-v3-normuon-1e-4,0.9769331095982161,2345,HotpotQA
13,0.0001,0.42764857656935495,normuon,0.9983309557022104,1.0,0.75,verified-v3-normuon-1e-4,1.0,2345,MSMARCO
13,0.0001,-0.050260521574888424,normuon,-15.726692423781152,0.884547362555238,0.75,verified-v3-normuon-1e-4,0.6360403875905815,2345,NFCorpus
13,0.0001,0.3978223642934162,normuon,0.9511702336709092,1.0,0.75,verified-v3-normuon-1e-4,1.0,2345,NQ
13,0.0001,0.5109771075710685,normuon,1.0513367439710728,1.0,0.75,verified-v3-normuon-1e-4,1.0,2345,QuoraRetrieval
13,0.0001,0.06213809598625888,normuon,0.6323629421084236,0.9983344214579214,0.75,verified-v3-normuon-1e-4,0.8569002826102445,2345,SCIDOCS
13,0.0001,0.23620484903353717,normuon,0.8876236692408015,0.9769331095982161,0.75,verified-v3-normuon-1e-4,0.9769331095982161,2345,SciFact
13,0.0001,0.057721745178374605,normuon,0.7560409451584594,0.9759076644910135,0.75,verified-v3-normuon-1e-4,0.8891326621279816,2345,TRECCOVID
13,0.0001,0.2910060664689303,normuon,0.9656780803743045,1.0,0.75,verified-v3-normuon-1e-4,1.0,2345,Touche2020
14,0.0001,0.23701626783790428,normuon,0.989614589548735,1.0,0.75,verified-v3-normuon-1e-4,1.0,2345,ArguAna
14,0.0001,0.007473307837227921,normuon,0.719725048829005,1.0184739530470024,0.75,verified-v3-normuon-1e-4,0.786842847665414,2345,ClimateFEVER
14,0.0001,0.2645482223680732,normuon,0.8849628337134624,1.0,0.75,verified-v3-normuon-1e-4,1.0,2345,DBPedia
14,0.0001,0.35965333756197027,normuon,0.8875439967267437,1.0,0.75,verified-v3-normuon-1e-4,1.0,2345,FEVER
14,0.0001,0.19023935261219338,normuon,0.855169298354795,0.968012139528312,0.75,verified-v3-normuon-1e-4,0.9456831095982161,2345,FiQA2018
14,0.0001,0.24312905018512057,normuon,0.8066714229860374,0.9769331095982161,0.75,verified-v3-normuon-1e-4,0.9769331095982161,2345,HotpotQA
14,0.0001,0.397884045826679,normuon,0.9288466780723411,1.0,0.75,verified-v3-normuon-1e-4,1.0,2345,MSMARCO
14,0.0001,-0.04088090551930697,normuon,-12.791777859882371,0.7828736301112874,0.75,verified-v3-normuon-1e-4,0.5629311308916299,2345,NFCorpus
14,0.0001,0.3827972717844328,normuon,0.9152461076402367,1.0,0.75,verified-v3-normuon-1e-4,1.0,2345,NQ
14,0.0001,0.4502601328652155,normuon,0.9264114086767764,1.0,0.75,verified-v3-normuon-1e-4,1.0,2345,QuoraRetrieval
14,0.0001,0.06454337882037967,normuon,0.6568408683378315,0.925726486209713,0.75,verified-v3-normuon-1e-4,0.794578720920449,2345,SCIDOCS
14,0.0001,0.2191197332908341,normuon,0.823420274657701,1.0,0.75,verified-v3-normuon-1e-4,1.0,2345,SciFact
14,0.0001,0.05459630642621349,normuon,0.7151038657109023,0.9236384425942602,0.75,verified-v3-normuon-1e-4,0.8415110744476991,2345,TRECCOVID
14,0.0001,0.27722521358699426,normuon,0.9199475300856921,0.9769331095982161,0.75,verified-v3-normuon-1e-4,0.9769331095982161,2345,Touche2020
15,0.0001,0.20740052335014325,normuon,0.8659599008103244,1.0,0.75,verified-v3-normuon-1e-4,1.0,2345,ArguAna
15,0.0001,-0.022485877453407542,normuon,-2.1655269126609107,0.8589746849343127,0.75,verified-v3-normuon-1e-4,0.6636184314229829,2345,ClimateFEVER
15,0.0001,0.27848057707735574,normuon,0.9315691423609395,0.9769331095982161,0.75,verified-v3-normuon-1e-4,0.9769331095982161,2345,DBPedia
15,0.0001,0.35131569597748963,normuon,0.8669685621003655,1.0,0.75,verified-v3-normuon-1e-4,1.0,2345,FEVER
15,0.0001,0.22955244981389494,normuon,1.031890640645455,1.0236115350940154,0.75,verified-v3-normuon-1e-4,1.0,2345,FiQA2018
15,0.0001,0.27041393821552495,normuon,0.8971992288436362,1.0,0.75,verified-v3-normuon-1e-4,1.0,2345,HotpotQA
15,0.0001,0.4251921571889281,normuon,0.9925965287871491,1.0,0.75,verified-v3-normuon-1e-4,1.0,2345,MSMARCO
15,0.0001,0.0029315497558740217,normuon,0.9172921388598584,1.0256187283393678,0.75,verified-v3-normuon-1e-4,0.7374788067975206,2345,NFCorpus
15,0.0001,0.4091953096264612,normuon,0.9783622873131733,1.0,0.75,verified-v3-normuon-1e-4,1.0,2345,NQ
15,0.0001,0.4673181118284966,normuon,0.9615082452987355,1.0,0.75,verified-v3-normuon-1e-4,1.0,2345,QuoraRetrieval
15,0.0001,0.060311634853085806,normuon,0.613775530996319,1.0054225487118948,0.75,verified-v3-normuon-1e-4,0.8629842341564983,2345,SCIDOCS
15,0.0001,0.22863548599349104,normuon,0.8591790974087156,0.9616783004521589,0.75,verified-v3-normuon-1e-4,0.9616783004521589,2345,SciFact
15,0.0001,0.05716782498488576,normuon,0.748785683812263,0.9493637876597658,0.75,verified-v3-normuon-1e-4,0.8649489931919725,2345,TRECCOVID
15,0.0001,0.29989007788025723,normuon,0.995158892200025,0.96875,0.75,verified-v3-normuon-1e-4,0.96875,2345,Touche2020
16,0.0001,0.22842287721246124,normuon,0.9537345851329802,1.0,0.75,verified-v3-normuon-1e-4,1.0,2345,ArguAna
16,0.0001,-0.011207505781178056,normuon,-1.0793510479292365,1.032990738997523,0.75,verified-v3-normuon-1e-4,0.7980580870557628,2345,ClimateFEVER
16,0.0001,0.27239693372403084,normuon,0.9112182278355345,1.0,0.75,verified-v3-normuon-1e-4,1.0,2345,DBPedia
16,0.0001,0.3749036193556029,normuon,0.9251782813022277,1.0,0.75,verified-v3-normuon-1e-4,1.0,2345,FEVER
16,0.0001,0.21516651612860282,normuon,0.9672225861819362,1.0236115350940154,0.75,verified-v3-normuon-1e-4,1.0,2345,FiQA2018
16,0.0001,0.2727807354488647,normuon,0.9050519625695481,0.9769331095982161,0.75,verified-v3-normuon-1e-4,0.9769331095982161,2345,HotpotQA
16,0.0001,0.43444324771786813,normuon,1.0141928827914901,1.0,0.75,verified-v3-normuon-1e-4,1.0,2345,MSMARCO
16,0.0001,-0.024051499099612295,normuon,-7.52579791888663,0.9101538759624057,0.75,verified-v3-normuon-1e-4,0.6544529423070298,2345,NFCorpus
16,0.0001,0.38171992763406715,normuon,0.9126702401696702,1.0,0.75,verified-v3-normuon-1e-4,1.0,2345,NQ
16,0.0001,0.4365270491341606,normuon,0.8981555527478858,1.0,0.75,verified-v3-normuon-1e-4,1.0,2345,QuoraRetrieval
16,0.0001,0.058136903661824106,normuon,0.5916438677618144,1.0129160231718102,0.75,verified-v3-normuon-1e-4,0.8694161073288735,2345,SCIDOCS
16,0.0001,0.22845716520676063,normuon,0.8585089936760142,1.0,0.75,verified-v3-normuon-1e-4,1.0,2345,SciFact
16,0.0001,0.041518654277286876,normuon,0.5438124319440613,0.9820365177966669,0.75,verified-v3-normuon-1e-4,0.894716554799108,2345,TRECCOVID
16,0.0001,0.2747362964513518,normuon,0.9116882771054298,1.0,0.75,verified-v3-normuon-1e-4,1.0,2345,Touche2020
17,0.0001,0.24089953515948143,normuon,1.005828404877136,1.0,0.75,verified-v3-normuon-1e-4,1.0,2345,ArguAna
17,0.0001,-0.01550782555057547,normuon,-1.4934980258701236,0.9467330678101589,0.75,verified-v3-normuon-1e-4,0.7314179619676348,2345,ClimateFEVER
17,0.0001,0.2542980528862575,normuon,0.8506741170875382,0.9769331095982161,0.75,verified-v3-normuon-1e-4,0.9769331095982161,2345,DBPedia
17,0.0001,0.36644549703409013,normuon,0.90430552716368,1.0,0.75,verified-v3-normuon-1e-4,1.0,2345,FEVER
17,0.0001,0.20637937225735317,normuon,0.9277223694510811,1.0,0.75,verified-v3-normuon-1e-4,0.9769331095982161,2345,FiQA2018
17,0.0001,0.27782025299611757,normuon,0.9217724440912348,1.0,0.75,verified-v3-normuon-1e-4,1.0,2345,HotpotQA
17,0.0001,0.393299229841088,normuon,0.918143582176799,1.0,0.75,verified-v3-normuon-1e-4,1.0,2345,MSMARCO
17,0.0001,-0.027528776399808448,normuon,-8.613850108932022,0.9324794654532897,0.75,verified-v3-normuon-1e-4,0.6705063241767693,2345,NFCorpus
17,0.0001,0.39509631423848635,normuon,0.9446524058651457,1.0,0.75,verified-v3-normuon-1e-4,1.0,2345,NQ
17,0.0001,0.4839403710783788,normuon,0.9957085874633472,1.0,0.75,verified-v3-normuon-1e-4,1.0,2345,QuoraRetrieval
17,0.0001,0.08286739004407266,normuon,0.8433194764239997,0.9555775587178416,0.75,verified-v3-normuon-1e-4,0.8202007889556063,2345,SCIDOCS
17,0.0001,0.25412114830178867,normuon,0.954950531330088,0.9769331095982161,0.75,verified-v3-normuon-1e-4,0.9769331095982161,2345,SciFact
17,0.0001,0.041054629182264143,normuon,0.5377346189754113,0.8760085261753247,0.75,verified-v3-normuon-1e-4,0.7981162780715596,2345,TRECCOVID
17,0.0001,0.30317505597884487,normuon,1.0060598035892878,0.9769331095982161,0.75,verified-v3-normuon-1e-4,0.9769331095982161,2345,Touche2020
18,0.0001,0.21164640222162961,normuon,0.8836877290096665,1.0,0.75,verified-v3-normuon-1e-4,1.0,2345,ArguAna
18,0.0001,-0.020651664640838476,normuon,-1.9888810505016004,0.9278358665502574,0.75,verified-v3-normuon-1e-4,0.7168185432905415,2345,ClimateFEVER
18,0.0001,0.255035723381446,normuon,0.8531417616096795,0.9769331095982161,0.75,verified-v3-normuon-1e-4,0.9769331095982161,2345,DBPedia
18,0.0001,0.3862584647474035,normuon,0.9531995000946613,1.0,0.75,verified-v3-normuon-1e-4,1.0,2345,FEVER
18,0.0001,0.18902819804482449,normuon,0.8497248822161034,1.0,0.75,verified-v3-normuon-1e-4,0.9769331095982161,2345,FiQA2018
18,0.0001,0.295263842087474,normuon,0.9796480653861573,0.96875,0.75,verified-v3-normuon-1e-4,0.96875,2345,HotpotQA
18,0.0001,0.39390963256887523,normuon,0.9195685464394738,1.0,0.75,verified-v3-normuon-1e-4,1.0,2345,MSMARCO
18,0.0001,-0.03771502928274929,normuon,-11.80116414828539,0.9256111718525599,0.75,verified-v3-normuon-1e-4,0.6655676263649589,2345,NFCorpus
18,0.0001,0.3801031482150432,normuon,0.90880461421242,1.0,0.75,verified-v3-normuon-1e-4,1.0,2345,NQ
18,0.0001,0.464205157600318,normuon,0.9551033337794281,1.0,0.75,verified-v3-normuon-1e-4,1.0,2345,QuoraRetrieval
18,0.0001,0.08187381931579624,normuon,0.8332081703250065,1.0102460147189656,0.75,verified-v3-normuon-1e-4,0.8671243592446263,2345,SCIDOCS
18,0.0001,0.2591371104167971,normuon,0.9737997916882632,0.96875,0.75,verified-v3-normuon-1e-4,0.96875,2345,SciFact
18,0.0001,0.025706059447942846,normuon,0.3366986466064698,0.9224185643547662,0.75,verified-v3-normuon-1e-4,0.8403996643973242,2345,TRECCOVID
18,0.0001,0.274393329720187,normuon,0.910550172121564,1.0,0.75,verified-v3-normuon-1e-4,1.0,2345,Touche2020
19,0.0001,0.22335309018838706,normuon,0.9325666912550802,1.0,0.75,verified-v3-normuon-1e-4,1.0,2345,ArguAna
19,0.0001,-0.043949871591090386,normuon,-4.232640239888639,0.9402853387516674,0.75,verified-v3-normuon-1e-4,0.726436637233526,2345,ClimateFEVER
19,0.0001,0.2779524125383388,normuon,0.9298023340908574,1.0,0.75,verified-v3-normuon-1e-4,1.0,2345,DBPedia
19,0.0001,0.3753297592615763,normuon,0.9262298992793505,1.0,0.75,verified-v3-normuon-1e-4,1.0,2345,FEVER
19,0.0001,0.18625965460481975,normuon,0.8372796477336252,1.0,0.75,verified-v3-normuon-1e-4,0.9769331095982161,2345,FiQA2018
19,0.0001,0.24759999877681388,normuon,0.8215054646598422,0.9769331095982161,0.75,verified-v3-normuon-1e-4,0.9769331095982161,2345,HotpotQA
19,0.0001,0.4119668211971671,normuon,0.9617224348615814,1.0,0.75,verified-v3-normuon-1e-4,1.0,2345,MSMARCO
19,0.0001,-0.02436394553844354,normuon,-7.623563498877345,0.9112993103751046,0.75,verified-v3-normuon-1e-4,0.6552765754765505,2345,NFCorpus
19,0.0001,0.3677288967704607,normuon,0.8792184956467853,1.0,0.75,verified-v3-normuon-1e-4,1.0,2345,NQ
19,0.0001,0.46107359725250796,normuon,0.9486601401199987,1.0,0.75,verified-v3-normuon-1e-4,1.0,2345,QuoraRetrieval
19,0.0001,0.04854006404098818,normuon,0.4939793731993078,0.9835962377389931,0.75,verified-v3-normuon-1e-4,0.8442500588751274,2345,SCIDOCS
19,0.0001,0.26520865125135007,normuon,0.9966157642458211,1.0,0.75,verified-v3-normuon-1e-4,1.0,2345,SciFact
19,0.0001,0.050603108479160414,normuon,0.662800853375338,0.8972420814666611,0.75,verified-v3-normuon-1e-4,0.8174618045281781,2345,TRECCOVID
19,0.0001,0.257809079159915,normuon,0.8555167927840931,1.0,0.75,verified-v3-normuon-1e-4,1.0,2345,Touche2020
