draw,learning_rate,margin,optimizer,relative_margin,relative_shortlist_ndcg,removed_fraction,run_id,shortlist_ndcg,step,task
0,0.0003,0.24217926451131772,muon,0.9913800728874016,1.0,0.1,verified-v3-muon-3e-4,1.0,782,ArguAna
0,0.0003,0.007076271283876482,muon,1.0285195411603274,0.9868115863892047,0.1,verified-v3-muon-3e-4,0.731543577745893,782,ClimateFEVER
0,0.0003,0.2929345393018427,muon,0.9987620248299722,1.0,0.1,verified-v3-muon-3e-4,1.0,782,DBPedia
0,0.0003,0.4072845027716719,muon,0.9897030430231133,1.0,0.1,verified-v3-muon-3e-4,1.0,782,FEVER
0,0.0003,0.22517103024746432,muon,1.0140373022380496,1.0236115350940154,0.1,verified-v3-muon-3e-4,1.0,782,FiQA2018
0,0.0003,0.286196779726408,muon,0.9796446773292957,1.0,0.1,verified-v3-muon-3e-4,1.0,782,HotpotQA
0,0.0003,0.4179136233404341,muon,0.9931721585597858,1.0,0.1,verified-v3-muon-3e-4,1.0,782,MSMARCO
0,0.0003,0.0029977190216992026,muon,-21.966304794042323,1.0347816668817795,0.1,verified-v3-muon-3e-4,0.7432411377788516,782,NFCorpus
0,0.0003,0.41464005679598215,muon,1.0007456450032537,1.0,0.1,verified-v3-muon-3e-4,1.0,782,NQ
0,0.0003,0.48060786162580593,muon,0.9859867511205784,1.0,0.1,verified-v3-muon-3e-4,1.0,782,QuoraRetrieval
0,0.0003,0.0990375885818306,muon,1.0131514024194084,0.9977734823197099,0.1,verified-v3-muon-3e-4,0.8583298984711626,782,SCIDOCS
0,0.0003,0.2666963143590928,muon,1.0054146928172458,1.0236115350940154,0.1,verified-v3-muon-3e-4,1.0,782,SciFact
0,0.0003,0.0809308993018014,muon,0.9828475852159777,0.9753070720025728,0.1,verified-v3-muon-3e-4,0.9110827739955403,782,TRECCOVID
0,0.0003,0.30658166469725334,muon,0.9906489485861035,1.0,0.1,verified-v3-muon-3e-4,1.0,782,Touche2020
1,0.0003,0.24373808227930283,muon,0.9977612173489706,1.0,0.1,verified-v3-muon-3e-4,1.0,782,ArguAna
1,0.0003,0.009871064505321058,muon,1.4347362231447804,1.0516938406327878,0.1,verified-v3-muon-3e-4,0.779642117584935,782,ClimateFEVER
1,0.0003,0.28996868546502635,muon,0.9886499288290421,1.0,0.1,verified-v3-muon-3e-4,1.0,782,DBPedia
1,0.0003,0.4103319168926996,muon,0.9971082720667127,1.0,0.1,verified-v3-muon-3e-4,1.0,782,FEVER
1,0.0003,0.22506978454338045,muon,1.013581351396951,1.0,0.1,verified-v3-muon-3e-4,0.9769331095982161,782,FiQA2018
1,0.0003,0.28955817448932425,muon,0.991150650565757,0.9769331095982161,0.1,verified-v3-muon-3e-4,0.9769331095982161,782,HotpotQA
1,0.0003,0.4135622953470046,muon,0.9828312230782077,1.0,0.1,verified-v3-muon-3e-4,1.0,782,MSMARCO
1,0.0003,0.004287245691489454,muon,-31.415534579628723,0.9928210450050893,0.1,verified-v3-muon-3e-4,0.7131025478292266,782,NFCorpus
1,0.0003,0.41459190886723407,muon,1.0006294385991186,1.0,0.1,verified-v3-muon-3e-4,1.0,782,NQ
1,0.0003,0.4854536958165394,muon,0.9959281788242941,1.0,0.1,verified-v3-muon-3e-4,1.0,782,QuoraRetrieval
1,0.0003,0.09784421085605505,muon,1.000943185985639,0.9977734823197099,0.1,verified-v3-muon-3e-4,0.8583298984711626,782,SCIDOCS
1,0.0003,0.26833907822149144,muon,1.0116077252483613,1.0,0.1,verified-v3-muon-3e-4,0.9769331095982161,782,SciFact
1,0.0003,0.0784000646780561,muon,0.9521124183021252,0.9753070720025728,0.1,verified-v3-muon-3e-4,0.9110827739955403,782,TRECCOVID
1,0.0003,0.3116305372385203,muon,1.0069632323495845,1.0,0.1,verified-v3-muon-3e-4,1.0,782,Touche2020
2,0.0003,0.24451390446381663,muon,1.000937107140291,1.0,0.1,verified-v3-muon-3e-4,1.0,782,ArguAna
2,0.0003,0.007592012553147396,muon,1.10348133280851,1.0516938406327878,0.1,verified-v3-muon-3e-4,0.779642117584935,782,ClimateFEVER
2,0.0003,0.2925587215965933,muon,0.9974806721661434,1.0,0.1,verified-v3-muon-3e-4,1.0,782,DBPedia
2,0.0003,0.4064863003267397,muon,0.9877634077477178,1.0,0.1,verified-v3-muon-3e-4,1.0,782,FEVER
2,0.0003,0.22305799496868534,muon,1.0045214396012263,1.0,0.1,verified-v3-muon-3e-4,0.9769331095982161,782,FiQA2018
2,0.0003,0.2944814306736361,muon,1.0080028377940697,1.0,0.1,verified-v3-muon-3e-4,1.0,782,HotpotQA
2,0.0003,0.4214134278688013,muon,1.0014894476450098,1.0,0.1,verified-v3-muon-3e-4,1.0,782,MSMARCO
2,0.0003,-0.002386147189695674,muon,17.484906381450088,0.9721064915201171,0.1,verified-v3-muon-3e-4,0.6982241355095091,782,NFCorpus
2,0.0003,0.4176709112652784,muon,1.0080606990147363,1.0,0.1,verified-v3-muon-3e-4,1.0,782,NQ
2,0.0003,0.48141314693997406,muon,0.9876388269895744,1.0,0.1,verified-v3-muon-3e-4,1.0,782,QuoraRetrieval
2,0.0003,0.0998998306330952,muon,1.0219721113640925,1.0031839576310255,0.1,verified-v3-muon-3e-4,0.8629842341564983,782,SCIDOCS
2,0.0003,0.2640426555670504,muon,0.9954107017772695,1.0,0.1,verified-v3-muon-3e-4,0.9769331095982161,782,SciFact
2,0.0003,0.08211312837467225,muon,0.9972049073199886,1.0,0.1,verified-v3-muon-3e-4,0.9341496643973242,782,TRECCOVID
2,0.0003,0.3087439329610264,muon,0.9976358268920295,1.0,0.1,verified-v3-muon-3e-4,1.0,782,Touche2020
3,0.0003,0.2430689940784207,muon,0.9950222516051564,1.0,0.1,verified-v3-muon-3e-4,1.0,782,ArguAna
3,0.0003,0.0029725330284004047,muon,0.4320507487354931,1.0065263850309172,0.1,verified-v3-muon-3e-4,0.7461585605164844,782,ClimateFEVER
3,0.0003,0.2965146820179986,muon,1.0109685423573698,1.0,0.1,verified-v3-muon-3e-4,1.0,782,DBPedia
3,0.0003,0.40667371779083233,muon,0.9882188329683335,1.0,0.1,verified-v3-muon-3e-4,1.0,782,FEVER
3,0.0003,0.21974418772615928,muon,0.9895980093861804,1.0236115350940154,0.1,verified-v3-muon-3e-4,1.0,782,FiQA2018
3,0.0003,0.2922736223963528,muon,1.000445563287097,1.0,0.1,verified-v3-muon-3e-4,1.0,782,HotpotQA
3,0.0003,0.41853502216982313,muon,0.9946489135212008,1.0,0.1,verified-v3-muon-3e-4,1.0,782,MSMARCO
3,0.0003,0.0017000930640887514,muon,-12.457726075622205,1.0001796434869585,0.1,verified-v3-muon-3e-4,0.7183879266517981,782,NFCorpus
3,0.0003,0.41173494267609434,muon,0.9937340689240383,1.0,0.1,verified-v3-muon-3e-4,1.0,782,NQ
3,0.0003,0.48365907517568973,muon,0.9922464409326593,1.0,0.1,verified-v3-muon-3e-4,1.0,782,QuoraRetrieval
3,0.0003,0.0924060610803699,muon,0.945311085581157,1.0,0.1,verified-v3-muon-3e-4,0.86024524972907,782,SCIDOCS
3,0.0003,0.26358964921681227,muon,0.9937029194947753,1.0236115350940154,0.1,verified-v3-muon-3e-4,1.0,782,SciFact
3,0.0003,0.0814569585269443,muon,0.9892361962850849,1.0,0.1,verified-v3-muon-3e-4,0.9341496643973242,782,TRECCOVID
3,0.0003,0.30917793107459046,muon,0.9990381931271894,1.0,0.1,verified-v3-muon-3e-4,1.0,782,Touche2020
4,0.0003,0.24253671247169903,muon,0.9928433145308649,1.0,0.1,verified-v3-muon-3e-4,1.0,782,ArguAna
4,0.0003,0.0047687990719207825,muon,0.6931338322929358,1.0421545113821975,0.1,verified-v3-muon-3e-4,0.7725704180370938,782,ClimateFEVER
4,0.0003,0.2974824864970634,muon,1.014268277388459,1.0,0.1,verified-v3-muon-3e-4,1.0,782,DBPedia
4,0.0003,0.4053185369568385,muon,0.9849257378809366,1.0,0.1,verified-v3-muon-3e-4,1.0,782,FEVER
4,0.0003,0.22190211048369252,muon,0.9993160187103916,1.0,0.1,verified-v3-muon-3e-4,0.9769331095982161,782,FiQA2018
4,0.0003,0.29081163411443023,muon,0.9954412126439052,1.0,0.1,verified-v3-muon-3e-4,1.0,782,HotpotQA
4,0.0003,0.42307719178075953,muon,1.005443384304374,1.0,0.1,verified-v3-muon-3e-4,1.0,782,MSMARCO
4,0.0003,0.0010028139737159238,muon,-7.348292898339249,0.973218308899612,0.1,verified-v3-muon-3e-4,0.6990227082331912,782,NFCorpus
4,0.0003,0.4111634490534265,muon,0.9923547527083033,1.0,0.1,verified-v3-muon-3e-4,1.0,782,NQ
4,0.0003,0.4901247380369067,muon,1.0055110136277599,1.0,0.1,verified-v3-muon-3e-4,1.0,782,QuoraRetrieval
4,0.0003,0.09864151206225939,muon,1.0090995521369532,0.9977734823197099,0.1,verified-v3-muon-3e-4,0.8583298984711626,782,SCIDOCS
4,0.0003,0.2603875740393872,muon,0.9816314612197511,1.0236115350940154,0.1,verified-v3-muon-3e-4,1.0,782,SciFact
4,0.0003,0.07714236355216696,muon,0.9368385423762704,0.9753070720025728,0.1,verified-v3-muon-3e-4,0.9110827739955403,782,TRECCOVID
4,0.0003,0.3106294473474994,muon,1.0037284379630405,1.0,0.1,verified-v3-muon-3e-4,1.0,782,Touche2020
5,0.0003,0.25138448499298627,muon,1.0290623747577778,1.0,0.1,verified-v3-muon-3e-4,1.0,782,ArguAna
5,0.0003,0.0017641027669597197,muon,0.25640822625996235,0.9926561780327011,0.1,verified-v3-muon-3e-4,0.7358762928663058,782,ClimateFEVER
5,0.0003,0.29594689691186027,muon,1.0090326757175856,1.0,0.1,verified-v3-muon-3e-4,1.0,782,DBPedia
5,0.0003,0.40900504835130647,muon,0.9938839759686001,1.0,0.1,verified-v3-muon-3e-4,1.0,782,FEVER
5,0.0003,0.21771278470103061,muon,0.980449770196193,1.0236115350940154,0.1,verified-v3-muon-3e-4,1.0,782,FiQA2018
5,0.0003,0.2909031679330175,muon,0.9957545306982186,1.0,0.1,verified-v3-muon-3e-4,1.0,782,HotpotQA
5,0.0003,0.4207729718977548,muon,0.999967403366715,1.0,0.1,verified-v3-muon-3e-4,1.0,782,MSMARCO
5,0.0003,-0.001111069850505731,muon,8.141556565847113,1.0287494198134548,0.1,verified-v3-muon-3e-4,0.7389084226584386,782,NFCorpus
5,0.0003,0.41522174941560014,muon,1.002149576790046,1.0,0.1,verified-v3-muon-3e-4,1.0,782,NQ
5,0.0003,0.49052195672960164,muon,1.006325924076727,1.0,0.1,verified-v3-muon-3e-4,1.0,782,QuoraRetrieval
5,0.0003,0.09082260177087254,muon,0.9291123468692811,0.9977734823197099,0.1,verified-v3-muon-3e-4,0.8583298984711626,782,SCIDOCS
5,0.0003,0.2652435484945469,muon,0.9999379311718969,1.0236115350940154,0.1,verified-v3-muon-3e-4,1.0,782,SciFact
5,0.0003,0.08076875378758312,muon,0.9808784445233882,1.0,0.1,verified-v3-muon-3e-4,0.9341496643973242,782,TRECCOVID
5,0.0003,0.3137120481258223,muon,1.013689161553513,1.0,0.1,verified-v3-muon-3e-4,1.0,782,Touche2020
6,0.0003,0.246067150720847,muon,1.0072954441788233,1.0,0.1,verified-v3-muon-3e-4,1.0,782,ArguAna
6,0.0003,0.009938952495567971,muon,1.4446035843266714,1.0110385595743927,0.1,verified-v3-muon-3e-4,0.7495035276353099,782,ClimateFEVER
6,0.0003,0.29441940279436685,muon,1.0038246755912106,1.0,0.1,verified-v3-muon-3e-4,1.0,782,DBPedia
6,0.0003,0.4158441846359453,muon,1.0105031057083622,1.0,0.1,verified-v3-muon-3e-4,1.0,782,FEVER
6,0.0003,0.21645872331660637,muon,0.9748022185475421,1.0,0.1,verified-v3-muon-3e-4,0.9769331095982161,782,FiQA2018
6,0.0003,0.29393717725223323,muon,1.0061398714535497,0.9769331095982161,0.1,verified-v3-muon-3e-4,0.9769331095982161,782,HotpotQA
6,0.0003,0.4175386993361936,muon,0.9922811512755269,1.0,0.1,verified-v3-muon-3e-4,1.0,782,MSMARCO
6,0.0003,-0.005945639977103479,muon,43.56770564129372,0.9618527446436929,0.1,verified-v3-muon-3e-4,0.6908592905969634,782,NFCorpus
6,0.0003,0.4124238520219332,muon,0.9953967713483473,1.0,0.1,verified-v3-muon-3e-4,1.0,782,NQ
6,0.0003,0.49112814970826507,muon,1.0075695538491627,1.0,0.1,verified-v3-muon-3e-4,1.0,782,QuoraRetrieval
6,0.0003,0.09603302322446937,muon,0.9824147937331407,0.9923630070083942,0.1,verified-v3-muon-3e-4,0.8536755627858269,782,SCIDOCS
6,0.0003,0.26845276321864814,muon,1.0120363047237428,1.0236115350940154,0.1,verified-v3-muon-3e-4,1.0,782,SciFact
6,0.0003,0.08857981881374913,muon,1.0757382133528859,1.0,0.1,verified-v3-muon-3e-4,0.9341496643973242,782,TRECCOVID
6,0.0003,0.30549218266122635,muon,0.9871285350787943,1.0,0.1,verified-v3-muon-3e-4,1.0,782,Touche2020
7,0.0003,0.23793339657869034,muon,0.9739992749524005,1.0,0.1,verified-v3-muon-3e-4,1.0,782,ArguAna
7,0.0003,0.001546720100189693,muon,0.22481216221533534,1.0110385595743927,0.1,verified-v3-muon-3e-4,0.7495035276353099,782,ClimateFEVER
7,0.0003,0.292645397464346,muon,0.9977761940441264,1.0,0.1,verified-v3-muon-3e-4,1.0,782,DBPedia
7,0.0003,0.4109378485359374,muon,0.9985806884908472,1.0,0.1,verified-v3-muon-3e-4,1.0,782,FEVER
7,0.0003,0.22392643622075123,muon,1.0084323859757636,1.0,0.1,verified-v3-muon-3e-4,0.9769331095982161,782,FiQA2018
7,0.0003,0.2900483662278742,muon,0.9928285650691988,1.0,0.1,verified-v3-muon-3e-4,1.0,782,HotpotQA
7,0.0003,0.4219023952771561,muon,1.0026514791972225,1.0,0.1,verified-v3-muon-3e-4,1.0,782,MSMARCO
7,0.0003,-0.0014748429471371834,muon,10.80716687109503,0.952946779249447,0.1,verified-v3-muon-3e-4,0.6844625017240169,782,NFCorpus
7,0.0003,0.41349349535412716,muon,0.9979783861461827,1.0,0.1,verified-v3-muon-3e-4,1.0,782,NQ
7,0.0003,0.4924849606892394,muon,1.0103531072569036,1.0,0.1,verified-v3-muon-3e-4,1.0,782,QuoraRetrieval
7,0.0003,0.09574689217231085,muon,0.9794876821089453,0.9945895246886843,0.1,verified-v3-muon-3e-4,0.8555909140437343,782,SCIDOCS
7,0.0003,0.2691512009453661,muon,1.0146693353081648,1.0236115350940154,0.1,verified-v3-muon-3e-4,1.0,782,SciFact
7,0.0003,0.08503709295690709,muon,1.0327143549314597,1.0,0.1,verified-v3-muon-3e-4,0.9341496643973242,782,TRECCOVID
7,0.0003,0.30797482497618967,muon,0.9951506292945799,1.0,0.1,verified-v3-muon-3e-4,1.0,782,Touche2020
8,0.0003,0.24659167805591004,muon,1.0094426385256041,1.0,0.1,verified-v3-muon-3e-4,1.0,782,ArguAna
8,0.0003,0.011111692938586748,muon,1.6150586748631472,1.008454857289517,0.1,verified-v3-muon-3e-4,0.7475881763774024,782,ClimateFEVER
8,0.0003,0.29219626408953336,muon,0.9962448711761722,1.0,0.1,verified-v3-muon-3e-4,1.0,782,DBPedia
8,0.0003,0.4092477152144456,muon,0.9944736574596839,1.0,0.1,verified-v3-muon-3e-4,1.0,782,FEVER
8,0.0003,0.22053923175480472,muon,0.9931784180252583,0.9763884649059846,0.1,verified-v3-muon-3e-4,0.9538662191964322,782,FiQA2018
8,0.0003,0.2905404034427115,muon,0.994512796593481,1.0,0.1,verified-v3-muon-3e-4,1.0,782,HotpotQA
8,0.0003,0.4207418508868636,muon,0.9998934442521106,1.0,0.1,verified-v3-muon-3e-4,1.0,782,MSMARCO
8,0.0003,0.0006608841387185649,muon,-4.842742872015851,0.9697004931832914,0.1,verified-v3-muon-3e-4,0.6964960058000362,782,NFCorpus
8,0.0003,0.4166123573929612,muon,1.0055058489457185,1.0,0.1,verified-v3-muon-3e-4,1.0,782,NQ
8,0.0003,0.4837840677352119,muon,0.9925028682979142,1.0,0.1,verified-v3-muon-3e-4,1.0,782,QuoraRetrieval
8,0.0003,0.0935096848244173,muon,0.9566011216173342,1.0,0.1,verified-v3-muon-3e-4,0.86024524972907,782,SCIDOCS
8,0.0003,0.26318837486978963,muon,0.9921901609652218,1.0,0.1,verified-v3-muon-3e-4,0.9769331095982161,782,SciFact
8,0.0003,0.07738670895134576,muon,0.9398059415725398,1.0,0.1,verified-v3-muon-3e-4,0.9341496643973242,782,TRECCOVID
8,0.0003,0.3047854648435743,muon,0.9848449371222909,1.0,0.1,verified-v3-muon-3e-4,1.0,782,Touche2020
9,0.0003,0.24118523678573528,muon,0.987310941366053,1.0,0.1,verified-v3-muon-3e-4,1.0,782,ArguAna
9,0.0003,0.010146325337915598,muon,1.4747447437175605,1.0065263850309172,0.1,verified-v3-muon-3e-4,0.7461585605164844,782,ClimateFEVER
9,0.0003,0.28970379367209553,muon,0.987746778711958,1.0,0.1,verified-v3-muon-3e-4,1.0,782,DBPedia
9,0.0003,0.4153230531708645,muon,1.009236754071372,1.0,0.1,verified-v3-muon-3e-4,1.0,782,FEVER
9,0.0003,0.21604633573434429,muon,0.9729450684917204,1.0,0.1,verified-v3-muon-3e-4,0.9769331095982161,782,FiQA2018
9,0.0003,0.2915887150201851,muon,0.9981011418503228,1.0,0.1,verified-v3-muon-3e-4,1.0,782,HotpotQA
9,0.0003,0.4211694759074564,muon,1.0009096955562955,1.0,0.1,verified-v3-muon-3e-4,1.0,782,MSMARCO
9,0.0003,-0.0031350773293866716,muon,22.97282155922818,0.9928285193070149,0.1,verified-v3-muon-3e-4,0.7131079163130769,782,NFCorpus
9,0.0003,0.41136654246599186,muon,0.9928449244725177,1.0,0.1,verified-v3-muon-3e-4,1.0,782,NQ
9,0.0003,0.4829118732261424,muon,0.990713525469785,1.0,0.1,verified-v3-muon-3e-4,1.0,782,QuoraRetrieval
9,0.0003,0.10003060998828923,muon,1.0233099800361762,0.9945895246886843,0.1,verified-v3-muon-3e-4,0.8555909140437343,782,SCIDOCS
9,0.0003,0.2635047558138246,muon,0.9933828810462044,1.0236115350940154,0.1,verified-v3-muon-3e-4,1.0,782,SciFact
9,0.0003,0.07965814624668599,muon,0.9673909144315398,0.9753070720025728,0.1,verified-v3-muon-3e-4,0.9110827739955403,782,TRECCOVID
9,0.0003,0.3034038728141628,muon,0.9803806365821297,1.0,0.1,verified-v3-muon-3e-4,1.0,782,Touche2020
10,0.0003,0.24481028017405232,muon,1.002150344672449,1.0,0.1,verified-v3-muon-3e-4,1.0,782,ArguAna
10,0.0003,0.0007767093424256837,muon,0.11289289294304396,0.984449265882132,0.1,verified-v3-muon-3e-4,0.7297923413200522,782,ClimateFEVER
10,0.0003,0.2871507662540808,muon,0.9790422168001399,1.0,0.1,verified-v3-muon-3e-4,1.0,782,DBPedia
10,0.0003,0.40934733221426634,muon,0.9947157271853633,1.0,0.1,verified-v3-muon-3e-4,1.0,782,FEVER
10,0.0003,0.22120890408948196,muon,0.9961942266170352,0.9763884649059846,0.1,verified-v3-muon-3e-4,0.9538662191964322,782,FiQA2018
10,0.0003,0.2863196298457908,muon,0.9800651903262542,1.0,0.1,verified-v3-muon-3e-4,1.0,782,HotpotQA
10,0.0003,0.4168038543926068,muon,0.9905347915062634,1.0,0.1,verified-v3-muon-3e-4,1.0,782,MSMARCO
10,0.0003,-0.006282050162511595,muon,46.03280948024733,0.9964547680385138,0.1,verified-v3-muon-3e-4,0.7157125017240169,782,NFCorpus
10,0.0003,0.4072268575370612,muon,0.9828536764094987,1.0,0.1,verified-v3-muon-3e-4,1.0,782,NQ
10,0.0003,0.489260399998234,muon,1.0037377886710603,1.0,0.1,verified-v3-muon-3e-4,1.0,782,QuoraRetrieval
10,0.0003,0.10364205853935593,muon,1.0602549846215366,0.9977734823197099,0.1,verified-v3-muon-3e-4,0.8583298984711626,782,SCIDOCS
10,0.0003,0.259844557217706,muon,0.9795843497241264,1.0,0.1,verified-v3-muon-3e-4,0.9769331095982161,782,SciFact
10,0.0003,0.08540683516904568,muon,1.0372046082647095,1.0,0.1,verified-v3-muon-3e-4,0.9341496643973242,782,TRECCOVID
10,0.0003,0.31189928962770996,muon,1.007831644594797,1.0,0.1,verified-v3-muon-3e-4,1.0,782,Touche2020
11,0.0003,0.24463944601997806,muon,1.0014510214811774,1.0,0.1,verified-v3-muon-3e-4,1.0,782,ArguAna
11,0.0003,0.004555857111881325,muon,0.6621832146233453,1.028532249522929,0.1,verified-v3-muon-3e-4,0.7624719571809702,782,ClimateFEVER
11,0.0003,0.29088763917478166,muon,0.9917831068764915,1.0,0.1,verified-v3-muon-3e-4,1.0,782,DBPedia
11,0.0003,0.4113057945210151,muon,0.9994747987715512,1.0,0.1,verified-v3-muon-3e-4,1.0,782,FEVER
11,0.0003,0.217676023114302,muon,0.9802842177261826,1.0,0.1,verified-v3-muon-3e-4,0.9769331095982161,782,FiQA2018
11,0.0003,0.2994958881946772,muon,1.0251672049993117,1.0,0.1,verified-v3-muon-3e-4,1.0,782,HotpotQA
11,0.0003,0.4212062978937109,muon,1.0009972030447531,1.0,0.1,verified-v3-muon-3e-4,1.0,782,MSMARCO
11,0.0003,-0.0014773887561695606,muon,10.82582172725327,1.0094025897539005,0.1,verified-v3-muon-3e-4,0.7250123898564582,782,NFCorpus
11,0.0003,0.4176739203979001,muon,1.0080679616424468,1.0,0.1,verified-v3-muon-3e-4,1.0,782,NQ
11,0.0003,0.4899685348069427,muon,1.0051905562912824,1.0,0.1,verified-v3-muon-3e-4,1.0,782,QuoraRetrieval
11,0.0003,0.1057176637040535,muon,1.0814883598843519,1.0031839576310255,0.1,verified-v3-muon-3e-4,0.8629842341564983,782,SCIDOCS
11,0.0003,0.26124334810163397,muon,0.9848576318475022,1.0,0.1,verified-v3-muon-3e-4,0.9769331095982161,782,SciFact
11,0.0003,0.08169804631692078,muon,0.9921640341597119,0.9506141440051457,0.1,verified-v3-muon-3e-4,0.8880158835937564,782,TRECCOVID
11,0.0003,0.30677789555875984,muon,0.9912830240022689,1.0,0.1,verified-v3-muon-3e-4,1.0,782,Touche2020
12,0.0003,0.2441834350510724,muon,0.9995843043264145,1.0,0.1,verified-v3-muon-3e-4,1.0,782,ArguAna
12,0.0003,0.0059772399122657565,muon,0.8687778923875528,1.0136222618592685,0.1,verified-v3-muon-3e-4,0.7514188788932175,782,ClimateFEVER
12,0.0003,0.2933790590965786,muon,1.0002776176696746,1.0,0.1,verified-v3-muon-3e-4,1.0,782,DBPedia
12,0.0003,0.4129618649525669,muon,1.0034990568378745,1.0,0.1,verified-v3-muon-3e-4,1.0,782,FEVER
12,0.0003,0.22231270672998793,muon,1.001165101647237,1.0,0.1,verified-v3-muon-3e-4,0.9769331095982161,782,FiQA2018
12,0.0003,0.2911032290276323,muon,0.9964393350019827,1.0,0.1,verified-v3-muon-3e-4,1.0,782,HotpotQA
12,0.0003,0.4231180918643545,muon,1.0055405833953837,1.0,0.1,verified-v3-muon-3e-4,1.0,782,MSMARCO
12,0.0003,0.006814790197077765,muon,-49.93655425771346,1.0167262976886788,0.1,verified-v3-muon-3e-4,0.7302727082331912,782,NFCorpus
12,0.0003,0.4157984330575749,muon,1.0035414192659282,1.0,0.1,verified-v3-muon-3e-4,1.0,782,NQ
12,0.0003,0.4889238966310602,muon,1.0030474382040113,1.0,0.1,verified-v3-muon-3e-4,1.0,782,QuoraRetrieval
12,0.0003,0.0942690385175409,muon,0.9643692859086616,0.9977734823197099,0.1,verified-v3-muon-3e-4,0.8583298984711626,782,SCIDOCS
12,0.0003,0.2598774110180723,muon,0.9797082048050734,1.0,0.1,verified-v3-muon-3e-4,0.9769331095982161,782,SciFact
12,0.0003,0.07425005607578682,muon,0.9017135475549282,1.0,0.1,verified-v3-muon-3e-4,0.9341496643973242,782,TRECCOVID
12,0.0003,0.30963079037866104,muon,1.0005015050114079,1.0,0.1,verified-v3-muon-3e-4,1.0,782,Touche2020
13,0.0003,0.24490640557034132,muon,1.0025438416242693,1.0,0.1,verified-v3-muon-3e-4,1.0,782,ArguAna
13,0.0003,0.006523717505433502,muon,0.9482071370887797,1.037642336838722,0.1,verified-v3-muon-3e-4,0.7692254509182683,782,ClimateFEVER
13,0.0003,0.2950964651233333,muon,1.0061331235612805,1.0,0.1,verified-v3-muon-3e-4,1.0,782,DBPedia
13,0.0003,0.40805866611183006,muon,0.9915842631734931,1.0,0.1,verified-v3-muon-3e-4,1.0,782,FEVER
13,0.0003,0.22203159118439436,muon,0.9998991232966578,1.0,0.1,verified-v3-muon-3e-4,0.9769331095982161,782,FiQA2018
13,0.0003,0.29497352236503427,muon,1.0096872557903067,1.0,0.1,verified-v3-muon-3e-4,1.0,782,HotpotQA
13,0.0003,0.41702233455180593,muon,0.9910540098308058,1.0,0.1,verified-v3-muon-3e-4,1.0,782,MSMARCO
13,0.0003,-0.004250039422030331,muon,31.142899202773062,0.9689968090915125,0.1,verified-v3-muon-3e-4,0.6959905784410585,782,NFCorpus
13,0.0003,0.409169654690317,muon,0.9875426729460829,1.0,0.1,verified-v3-muon-3e-4,1.0,782,NQ
13,0.0003,0.48739297601130294,muon,0.9999066917272648,1.0,0.1,verified-v3-muon-3e-4,1.0,782,QuoraRetrieval
13,0.0003,0.1003650106089073,muon,1.0267308878207917,1.0,0.1,verified-v3-muon-3e-4,0.86024524972907,782,SCIDOCS
13,0.0003,0.2633767724463667,muon,0.9929003983452807,1.0,0.1,verified-v3-muon-3e-4,0.9769331095982161,782,SciFact
13,0.0003,0.08182119301409048,muon,0.9936595622581852,1.0,0.1,verified-v3-muon-3e-4,0.9341496643973242,782,TRECCOVID
13,0.0003,0.3075187174876589,muon,0.9936768216407483,1.0,0.1,verified-v3-muon-3e-4,1.0,782,Touche2020
14,0.0003,0.24311665086150389,muon,0.9952173384354923,1.0,0.1,verified-v3-muon-3e-4,1.0,782,ArguAna
14,0.0003,0.003230041228398142,muon,0.46947896552957913,1.0395708090973215,0.1,verified-v3-muon-3e-4,0.7706550667791863,782,ClimateFEVER
14,0.0003,0.2938756116103828,muon,1.0019706163693276,1.0,0.1,verified-v3-muon-3e-4,1.0,782,DBPedia
14,0.0003,0.40960461756136657,muon,0.995340931653536,1.0,0.1,verified-v3-muon-3e-4,1.0,782,FEVER
14,0.0003,0.21727397118045433,muon,0.9784736133251171,1.0,0.1,verified-v3-muon-3e-4,0.9769331095982161,782,FiQA2018
14,0.0003,0.2941700982282558,muon,1.0069371543391816,1.0,0.1,verified-v3-muon-3e-4,1.0,782,HotpotQA
14,0.0003,0.41875300460422665,muon,0.9951669490022511,1.0,0.1,verified-v3-muon-3e-4,1.0,782,MSMARCO
14,0.0003,0.006619321332802842,muon,-48.504222334898884,1.0321150082879824,0.1,verified-v3-muon-3e-4,0.7413257865209442,782,NFCorpus
14,0.0003,0.41690961753984024,muon,1.0062232948184615,1.0,0.1,verified-v3-muon-3e-4,1.0,782,NQ
14,0.0003,0.49233255189443664,muon,1.010040434359874,1.0,0.1,verified-v3-muon-3e-4,1.0,782,QuoraRetrieval
14,0.0003,0.09127751031998238,muon,0.9337660469553086,0.9923630070083942,0.1,verified-v3-muon-3e-4,0.8536755627858269,782,SCIDOCS
14,0.0003,0.26465313893167175,muon,0.9977121544463318,1.0,0.1,verified-v3-muon-3e-4,0.9769331095982161,782,SciFact
14,0.0003,0.08045499632609564,muon,0.9770680857354981,1.0,0.1,verified-v3-muon-3e-4,0.9341496643973242,782,TRECCOVID
14,0.0003,0.30977959407760247,muon,1.0009823303342387,1.0,0.1,verified-v3-muon-3e-4,1.0,782,Touche2020
15,0.0003,0.2437548608357053,muon,0.9978299017035243,1.0,0.1,verified-v3-muon-3e-4,1.0,782,ArguAna
15,0.0003,0.006455541290583181,muon,0.938297883132438,1.05319307095659,0.1,verified-v3-muon-3e-4,0.7807535276353099,782,ClimateFEVER
15,0.0003,0.292875207876119,muon,0.9985597339869972,0.9769331095982161,0.1,verified-v3-muon-3e-4,0.9769331095982161,782,DBPedia
15,0.0003,0.4108150314214983,muon,0.9982822423897348,1.0,0.1,verified-v3-muon-3e-4,1.0,782,FEVER
15,0.0003,0.2241798929218352,muon,1.009573805229914,1.0236115350940154,0.1,verified-v3-muon-3e-4,1.0,782,FiQA2018
15,0.0003,0.2913259357093494,muon,0.9972016546044548,1.0,0.1,verified-v3-muon-3e-4,1.0,782,HotpotQA
15,0.0003,0.41844660128271777,muon,0.9944387811914474,1.0,0.1,verified-v3-muon-3e-4,1.0,782,MSMARCO
15,0.0003,-0.0024389202866518887,muon,17.871610380148628,1.015614480309184,0.1,verified-v3-muon-3e-4,0.7294741355095091,782,NFCorpus
15,0.0003,0.40585586822876535,muon,0.9795447544731452,1.0,0.1,verified-v3-muon-3e-4,1.0,782,NQ
15,0.0003,0.4808077107817891,muon,0.9863967498654085,1.0,0.1,verified-v3-muon-3e-4,1.0,782,QuoraRetrieval
15,0.0003,0.09532890710185447,muon,0.9752117080430649,0.9977734823197099,0.1,verified-v3-muon-3e-4,0.8583298984711626,782,SCIDOCS
15,0.0003,0.2626366580343847,muon,0.9901102514099518,1.0236115350940154,0.1,verified-v3-muon-3e-4,1.0,782,SciFact
15,0.0003,0.08193471987978374,muon,0.9950382644197374,1.0,0.1,verified-v3-muon-3e-4,0.9341496643973242,782,TRECCOVID
15,0.0003,0.3060204933298498,muon,0.9888356508938104,1.0,0.1,verified-v3-muon-3e-4,1.0,782,Touche2020
16,0.0003,0.2464549197874999,muon,1.0088828076813823,1.0,0.1,verified-v3-muon-3e-4,1.0,782,ArguAna
16,0.0003,0.006277661137670365,muon,0.9124434174236001,0.9894619370171781,0.1,verified-v3-muon-3e-4,0.7335083367813671,782,ClimateFEVER
16,0.0003,0.29955037071197527,muon,1.0213187407121822,1.0,0.1,verified-v3-muon-3e-4,1.0,782,DBPedia
16,0.0003,0.410354323757917,muon,0.9971627208427879,1.0,0.1,verified-v3-muon-3e-4,1.0,782,FEVER
16,0.0003,0.21846436773005634,muon,0.9838344561672238,1.0,0.1,verified-v3-muon-3e-4,0.9769331095982161,782,FiQA2018
16,0.0003,0.30001959626354724,muon,1.0269598450934225,1.0,0.1,verified-v3-muon-3e-4,1.0,782,HotpotQA
16,0.0003,0.41983985461111606,muon,0.9977498491689053,1.0,0.1,verified-v3-muon-3e-4,1.0,782,MSMARCO
16,0.0003,-0.003200170205691414,muon,23.449800872659758,0.9886070194989155,0.1,verified-v3-muon-3e-4,0.7100757865209442,782,NFCorpus
16,0.0003,0.41516642821066596,muon,1.0020160574785206,1.0,0.1,verified-v3-muon-3e-4,1.0,782,NQ
16,0.0003,0.4886233764517727,muon,1.0024309087235748,1.0,0.1,verified-v3-muon-3e-4,1.0,782,QuoraRetrieval
16,0.0003,0.0961036587128393,muon,0.9831373925476649,1.0,0.1,verified-v3-muon-3e-4,0.86024524972907,782,SCIDOCS
16,0.0003,0.2666939577327775,muon,1.0054058086047715,1.0236115350940154,0.1,verified-v3-muon-3e-4,1.0,782,SciFact
16,0.0003,0.08139362710365922,muon,0.988467081682615,1.0,0.1,verified-v3-muon-3e-4,0.9341496643973242,782,TRECCOVID
16,0.0003,0.3134099821959576,muon,1.0127131041753927,1.0,0.1,verified-v3-muon-3e-4,1.0,782,Touche2020
17,0.0003,0.2438722940705712,muon,0.998310623986564,1.0,0.1,verified-v3-muon-3e-4,1.0,782,ArguAna
17,0.0003,-0.004569510352848662,muon,-0.6641676813815762,0.9786046742386354,0.1,verified-v3-muon-3e-4,0.7254596261996392,782,ClimateFEVER
17,0.0003,0.29127410692430766,muon,0.9931007709285627,1.0,0.1,verified-v3-muon-3e-4,1.0,782,DBPedia
17,0.0003,0.4141559248474346,muon,1.0064006273701689,1.0,0.1,verified-v3-muon-3e-4,1.0,782,FEVER
17,0.0003,0.22640341681400672,muon,1.019587243311187,1.0,0.1,verified-v3-muon-3e-4,0.9769331095982161,782,FiQA2018
17,0.0003,0.29000646042930756,muon,0.9926851225309763,1.0,0.1,verified-v3-muon-3e-4,1.0,782,HotpotQA
17,0.0003,0.41619428453769614,muon,0.9890861481149437,1.0,0.1,verified-v3-muon-3e-4,1.0,782,MSMARCO
17,0.0003,-0.00631230673476341,muon,46.254519748386336,0.9678849917120177,0.1,verified-v3-muon-3e-4,0.6951920057173764,782,NFCorpus
17,0.0003,0.40697911730264913,muon,0.9822557482628653,1.0,0.1,verified-v3-muon-3e-4,1.0,782,NQ
17,0.0003,0.4857355441590119,muon,0.9965064022652571,1.0,0.1,verified-v3-muon-3e-4,1.0,782,QuoraRetrieval
17,0.0003,0.09900843237941345,muon,1.012853135389777,0.9977734823197099,0.1,verified-v3-muon-3e-4,0.8583298984711626,782,SCIDOCS
17,0.0003,0.26900911074878747,muon,1.014133671470107,1.0,0.1,verified-v3-muon-3e-4,0.9769331095982161,782,SciFact
17,0.0003,0.08667629650923142,muon,1.0526213035379675,1.0,0.1,verified-v3-muon-3e-4,0.9341496643973242,782,TRECCOVID
17,0.0003,0.30561471659201844,muon,0.987524475618243,1.0,0.1,verified-v3-muon-3e-4,1.0,782,Touche2020
18,0.0003,0.24051622979682322,muon,0.9845723080698947,1.0,0.1,verified-v3-muon-3e-4,1.0,782,ArguAna
18,0.0003,0.008024025212288457,muon,1.1662733660884728,0.9985007696761977,0.1,verified-v3-muon-3e-4,0.7402090079867188,782,ClimateFEVER
18,0.0003,0.2918021440958878,muon,0.994901116753025,1.0,0.1,verified-v3-muon-3e-4,1.0,782,DBPedia
18,0.0003,0.41222644807481273,muon,1.0017119907529863,1.0,0.1,verified-v3-muon-3e-4,1.0,782,FEVER
18,0.0003,0.2229416081858455,muon,1.0039973022858826,1.0236115350940154,0.1,verified-v3-muon-3e-4,1.0,782,FiQA2018
18,0.0003,0.2929057639779006,muon,1.0026093686809725,1.0,0.1,verified-v3-muon-3e-4,1.0,782,HotpotQA
18,0.0003,0.42092581190325506,muon,1.0003306277980308,1.0,0.1,verified-v3-muon-3e-4,1.0,782,MSMARCO
18,0.0003,-0.00034309816492609883,muon,2.5141111660195907,0.9580393781233095,0.1,verified-v3-muon-3e-4,0.6881203061695351,782,NFCorpus
18,0.0003,0.41548476898714787,muon,1.0027843820541849,1.0,0.1,verified-v3-muon-3e-4,1.0,782,NQ
18,0.0003,0.48645122830036375,muon,0.9979746576512031,1.0,0.1,verified-v3-muon-3e-4,1.0,782,QuoraRetrieval
18,0.0003,0.09724168394740602,muon,0.9947793547450511,1.0082205621595335,0.1,verified-v3-muon-3e-4,0.8673169492769113,782,SCIDOCS
18,0.0003,0.26669352314858963,muon,1.0054041702719403,1.0,0.1,verified-v3-muon-3e-4,0.9769331095982161,782,SciFact
18,0.0003,0.07965147361465093,muon,0.9673098801128892,0.9753070720025728,0.1,verified-v3-muon-3e-4,0.9110827739955403,782,TRECCOVID
18,0.0003,0.30737280368295594,muon,0.993205334354136,1.0,0.1,verified-v3-muon-3e-4,1.0,782,Touche2020
19,0.0003,0.24657787224927383,muon,1.0093861233585568,1.0,0.1,verified-v3-muon-3e-4,1.0,782,ArguAna
19,0.0003,0.011030071829995011,muon,1.6031952369323474,1.0311159518078048,0.1,verified-v3-muon-3e-4,0.7643873084388777,782,ClimateFEVER
19,0.0003,0.29384950812764365,muon,1.0018816163922755,0.9769331095982161,0.1,verified-v3-muon-3e-4,0.9769331095982161,782,DBPedia
19,0.0003,0.4169449404587149,muon,1.013177946955713,1.0,0.1,verified-v3-muon-3e-4,1.0,782,FEVER
19,0.0003,0.22515742846241982,muon,1.0139760478333557,1.0,0.1,verified-v3-muon-3e-4,0.9769331095982161,782,FiQA2018
19,0.0003,0.2935319668746241,muon,1.0047528460998651,1.0,0.1,verified-v3-muon-3e-4,1.0,782,HotpotQA
19,0.0003,0.42133789067121835,muon,1.0013099334167457,1.0,0.1,verified-v3-muon-3e-4,1.0,782,MSMARCO
19,0.0003,0.00056672004968371,muon,-4.152739217430337,1.0100252570756665,0.1,verified-v3-muon-3e-4,0.7254596261996392,782,NFCorpus
19,0.0003,0.4097783760421069,muon,0.9890118393515948,1.0,0.1,verified-v3-muon-3e-4,1.0,782,NQ
19,0.0003,0.49264203626574865,muon,1.0106753542481177,1.0,0.1,verified-v3-muon-3e-4,1.0,782,QuoraRetrieval
19,0.0003,0.09560743623201286,muon,0.9780610522453569,0.9977734823197099,0.1,verified-v3-muon-3e-4,0.8583298984711626,782,SCIDOCS
19,0.0003,0.2624970850049978,muon,0.9895840770051655,1.0236115350940154,0.1,verified-v3-muon-3e-4,1.0,782,SciFact
19,0.0003,0.0803298305374589,muon,0.9755480372228217,0.9753070720025728,0.1,verified-v3-muon-3e-4,0.9110827739955403,782,TRECCOVID
19,0.0003,0.3075071257704337,muon,0.9936393656418947,1.0,0.1,verified-v3-muon-3e-4,1.0,782,Touche2020
0,0.0003,0.24492962692033166,muon,1.0026389000665865,1.0,0.25,verified-v3-muon-3e-4,1.0,782,ArguAna
0,0.0003,0.008213377696481092,muon,1.1937953084146704,1.05319307095659,0.25,verified-v3-muon-3e-4,0.7807535276353099,782,ClimateFEVER
0,0.0003,0.29500329954056,muon,1.0058154749619825,0.9769331095982161,0.25,verified-v3-muon-3e-4,0.9769331095982161,782,DBPedia
0,0.0003,0.4030083139986504,muon,0.9793118864423945,1.0,0.25,verified-v3-muon-3e-4,1.0,782,FEVER
0,0.0003,0.21842821685119218,muon,0.983671653964664,1.0,0.25,verified-v3-muon-3e-4,0.9769331095982161,782,FiQA2018
0,0.0003,0.29317550053287145,muon,1.003532670405789,1.0,0.25,verified-v3-muon-3e-4,1.0,782,HotpotQA
0,0.0003,0.41275175412594023,muon,0.9809049710271459,1.0,0.25,verified-v3-muon-3e-4,1.0,782,MSMARCO
0,0.0003,-0.007799482918598891,muon,57.15206054527322,0.9549371699966308,0.25,verified-v3-muon-3e-4,0.685892117584935,782,NFCorpus
0,0.0003,0.3968940197830229,muon,0.9579150767411918,1.0,0.25,verified-v3-muon-3e-4,1.0,782,NQ
0,0.0003,0.48766450215052487,muon,1.0004637387446607,1.0,0.25,verified-v3-muon-3e-4,1.0,782,QuoraRetrieval
0,0.0003,0.09607757345566673,muon,0.9828705411908689,1.0044821671062618,0.25,verified-v3-muon-3e-4,0.8641010126907236,782,SCIDOCS
0,0.0003,0.27005323536490616,muon,1.018069902207681,1.0236115350940154,0.25,verified-v3-muon-3e-4,1.0,782,SciFact
0,0.0003,0.08167689396469191,muon,0.9919071540497769,0.9753070720025728,0.25,verified-v3-muon-3e-4,0.9110827739955403,782,TRECCOVID
0,0.0003,0.29497692379971474,muon,0.9531508666961993,1.0,0.25,verified-v3-muon-3e-4,1.0,782,Touche2020
1,0.0003,0.24161821088211305,muon,0.9890833552516576,1.0,0.25,verified-v3-muon-3e-4,1.0,782,ArguAna
1,0.0003,0.006782152289675259,muon,0.9857700307434994,1.0342001506842513,0.25,verified-v3-muon-3e-4,0.7666736880392746,782,ClimateFEVER
1,0.0003,0.30189569183974874,muon,1.029315126812757,1.0,0.25,verified-v3-muon-3e-4,1.0,782,DBPedia
1,0.0003,0.4022429252676577,muon,0.9774519886289397,1.0,0.25,verified-v3-muon-3e-4,1.0,782,FEVER
1,0.0003,0.2182266932009012,muon,0.9827641104922482,1.0,0.25,verified-v3-muon-3e-4,0.9769331095982161,782,FiQA2018
1,0.0003,0.2926363127151387,muon,1.0016870435045093,1.0,0.25,verified-v3-muon-3e-4,1.0,782,HotpotQA
1,0.0003,0.4209315776461599,muon,1.0003443300920138,1.0,0.25,verified-v3-muon-3e-4,1.0,782,MSMARCO
1,0.0003,-0.0068352616715399665,muon,50.08656252879061,0.9357699834240353,0.25,verified-v3-muon-3e-4,0.6721251153155925,782,NFCorpus
1,0.0003,0.41152317527151383,muon,0.9932229622318263,1.0,0.25,verified-v3-muon-3e-4,1.0,782,NQ
1,0.0003,0.486030472516637,muon,0.9971114598940783,1.0,0.25,verified-v3-muon-3e-4,1.0,782,QuoraRetrieval
1,0.0003,0.10034036318532619,muon,1.0264787454562125,1.0216277215766,0.25,verified-v3-muon-3e-4,0.8788503944778032,782,SCIDOCS
1,0.0003,0.2582872439926913,muon,0.9737134564517126,1.0,0.25,verified-v3-muon-3e-4,0.9769331095982161,782,SciFact
1,0.0003,0.07819635442296813,muon,0.9496385037154317,0.9753070720025728,0.25,verified-v3-muon-3e-4,0.9110827739955403,782,TRECCOVID
1,0.0003,0.30378866398396376,muon,0.9816240017656443,1.0,0.25,verified-v3-muon-3e-4,1.0,782,Touche2020
2,0.0003,0.24508289132679084,muon,1.0032663000991744,1.0,0.25,verified-v3-muon-3e-4,1.0,782,ArguAna
2,0.0003,0.01204585688623084,muon,1.7508372277556359,1.0175649446053099,0.25,verified-v3-muon-3e-4,0.7543416701147005,782,ClimateFEVER
2,0.0003,0.28132731610883477,muon,0.9591871294744039,1.0,0.25,verified-v3-muon-3e-4,1.0,782,DBPedia
2,0.0003,0.4013144425971776,muon,0.9751957718612628,1.0,0.25,verified-v3-muon-3e-4,1.0,782,FEVER
2,0.0003,0.21657091783925755,muon,0.9753074763995405,1.0,0.25,verified-v3-muon-3e-4,0.9769331095982161,782,FiQA2018
2,0.0003,0.29049810927026415,muon,0.994368024660828,1.0,0.25,verified-v3-muon-3e-4,1.0,782,HotpotQA
2,0.0003,0.42516243823637373,muon,1.0103989746651227,1.0,0.25,verified-v3-muon-3e-4,1.0,782,MSMARCO
2,0.0003,0.00271368075502539,muon,-19.884965250954718,1.0094025897539005,0.25,verified-v3-muon-3e-4,0.7250123898564582,782,NFCorpus
2,0.0003,0.4076763642949723,muon,0.9839385738356061,1.0,0.25,verified-v3-muon-3e-4,1.0,782,NQ
2,0.0003,0.48388359089707805,muon,0.9927070441486748,1.0,0.25,verified-v3-muon-3e-4,1.0,782,QuoraRetrieval
2,0.0003,0.08922401663754356,muon,0.9127588714574596,1.027547880731086,0.25,verified-v3-muon-3e-4,0.8839431832680897,782,SCIDOCS
2,0.0003,0.2566123021506209,muon,0.9673991167066026,1.0,0.25,verified-v3-muon-3e-4,0.9769331095982161,782,SciFact
2,0.0003,0.07884679184366641,muon,0.9575375985454974,1.0,0.25,verified-v3-muon-3e-4,0.9341496643973242,782,TRECCOVID
2,0.0003,0.3130341494874317,muon,1.0114986862227955,1.0,0.25,verified-v3-muon-3e-4,1.0,782,Touche2020
3,0.0003,0.23647431389598514,muon,0.9680264039915117,1.0,0.25,verified-v3-muon-3e-4,1.0,782,ArguAna
3,0.0003,0.008065303694804092,muon,1.172273097330195,0.9985053759898733,0.25,verified-v3-muon-3e-4,0.7402124227410984,782,ClimateFEVER
3,0.0003,0.28810328330310775,muon,0.9822898292491142,1.0,0.25,verified-v3-muon-3e-4,1.0,782,DBPedia
3,0.0003,0.4133324598208575,muon,1.0043996039158505,1.0,0.25,verified-v3-muon-3e-4,1.0,782,FEVER
3,0.0003,0.22088804217448466,muon,0.9947492540985134,0.9763884649059846,0.25,verified-v3-muon-3e-4,0.9538662191964322,782,FiQA2018
3,0.0003,0.29532447368262393,muon,1.01088855368963,1.0,0.25,verified-v3-muon-3e-4,1.0,782,HotpotQA
3,0.0003,0.41330130321967845,muon,0.9822109750173962,1.0,0.25,verified-v3-muon-3e-4,1.0,782,MSMARCO
3,0.0003,0.004379932011826366,muon,-32.0947096283979,1.0068881584018965,0.25,verified-v3-muon-3e-4,0.7232063771692004,782,NFCorpus
3,0.0003,0.41358239963870885,muon,0.9981929591816602,1.0,0.25,verified-v3-muon-3e-4,1.0,782,NQ
3,0.0003,0.4884024323361822,muon,1.0019776328034238,1.0,0.25,verified-v3-muon-3e-4,1.0,782,QuoraRetrieval
3,0.0003,0.10067128537883736,muon,1.029864069041414,0.9907011369063874,0.25,verified-v3-muon-3e-4,0.8522459469249088,782,SCIDOCS
3,0.0003,0.259508632762688,muon,0.9783179528353528,1.0236115350940154,0.25,verified-v3-muon-3e-4,1.0,782,SciFact
3,0.0003,0.07806279886096311,muon,0.9480165674371841,0.9506141440051457,0.25,verified-v3-muon-3e-4,0.8880158835937564,782,TRECCOVID
3,0.0003,0.29591504890439474,muon,0.9561822046906329,1.0,0.25,verified-v3-muon-3e-4,1.0,782,Touche2020
4,0.0003,0.23928734482313901,muon,0.9795417697319424,1.0,0.25,verified-v3-muon-3e-4,1.0,782,ArguAna
4,0.0003,0.00010088499692704252,muon,0.014663399209381417,0.969065344988045,0.25,verified-v3-muon-3e-4,0.7183879266517981,782,ClimateFEVER
4,0.0003,0.28721473676741227,muon,0.9792603246394429,1.0,0.25,verified-v3-muon-3e-4,1.0,782,DBPedia
4,0.0003,0.40819250612863567,muon,0.9919094949734004,1.0,0.25,verified-v3-muon-3e-4,1.0,782,FEVER
4,0.0003,0.22118820303593917,muon,0.9961010013008613,1.0,0.25,verified-v3-muon-3e-4,0.9769331095982161,782,FiQA2018
4,0.0003,0.2981287508141164,muon,1.0204875267048017,1.0,0.25,verified-v3-muon-3e-4,1.0,782,HotpotQA
4,0.0003,0.41553980268596147,muon,0.9875307713166717,1.0,0.25,verified-v3-muon-3e-4,1.0,782,MSMARCO
4,0.0003,-0.02023047922526352,muon,148.24233678171277,0.934215142209733,0.25,verified-v3-muon-3e-4,0.6710083367813672,782,NFCorpus
4,0.0003,0.4166951585006804,muon,1.0057056917891518,1.0,0.25,verified-v3-muon-3e-4,1.0,782,NQ
4,0.0003,0.49243219959570184,muon,1.0102448657083223,1.0,0.25,verified-v3-muon-3e-4,1.0,782,QuoraRetrieval
4,0.0003,0.0981763197771312,muon,1.0043406497563394,0.9945895246886843,0.25,verified-v3-muon-3e-4,0.8555909140437343,782,SCIDOCS
4,0.0003,0.26860206245312274,muon,1.0125991458125965,1.0236115350940154,0.25,verified-v3-muon-3e-4,1.0,782,SciFact
4,0.0003,0.08667059580324366,muon,1.0525520725623767,1.0,0.25,verified-v3-muon-3e-4,0.9341496643973242,782,TRECCOVID
4,0.0003,0.31695554893413036,muon,1.0241697970105013,1.0,0.25,verified-v3-muon-3e-4,1.0,782,Touche2020
5,0.0003,0.24832825266856742,muon,1.0165514447627717,1.0,0.25,verified-v3-muon-3e-4,1.0,782,ArguAna
5,0.0003,-0.0007356486696485018,muon,-0.10692481983924029,0.9754104332231124,0.25,verified-v3-muon-3e-4,0.7230916701147004,782,ClimateFEVER
5,0.0003,0.2830847874318809,muon,0.965179238228017,0.96875,0.25,verified-v3-muon-3e-4,0.96875,782,DBPedia
5,0.0003,0.4072731011549542,muon,0.9896753370468631,1.0,0.25,verified-v3-muon-3e-4,1.0,782,FEVER
5,0.0003,0.2216491222268386,muon,0.9981767090523236,1.0,0.25,verified-v3-muon-3e-4,0.9769331095982161,782,FiQA2018
5,0.0003,0.28940732399315716,muon,0.9906342929541031,1.0,0.25,verified-v3-muon-3e-4,1.0,782,HotpotQA
5,0.0003,0.416794630317513,muon,0.9905128704822528,1.0,0.25,verified-v3-muon-3e-4,1.0,782,MSMARCO
5,0.0003,0.0034087688151672613,muon,-24.978343275130342,0.9670064183443289,0.25,verified-v3-muon-3e-4,0.6945609625801406,782,NFCorpus
5,0.0003,0.4134390173141069,muon,0.9978469018373105,1.0,0.25,verified-v3-muon-3e-4,1.0,782,NQ
5,0.0003,0.4879630501865042,muon,1.0010762222921685,1.0,0.25,verified-v3-muon-3e-4,1.0,782,QuoraRetrieval
5,0.0003,0.10967562557342404,muon,1.1219781847689916,1.0050366045285082,0.25,verified-v3-muon-3e-4,0.864577964849483,782,SCIDOCS
5,0.0003,0.2730738443404993,muon,1.0294572535950266,1.0236115350940154,0.25,verified-v3-muon-3e-4,1.0,782,SciFact
5,0.0003,0.0783446776399189,muon,0.95143978254551,1.0,0.25,verified-v3-muon-3e-4,0.9341496643973242,782,TRECCOVID
5,0.0003,0.30599586964097875,muon,0.9887560850413823,1.0,0.25,verified-v3-muon-3e-4,1.0,782,Touche2020
6,0.0003,0.24578563241678153,muon,1.006143026620009,1.0,0.25,verified-v3-muon-3e-4,1.0,782,ArguAna
6,0.0003,0.009491726597629029,muon,1.3796003422390966,1.0395708090973215,0.25,verified-v3-muon-3e-4,0.7706550667791863,782,ClimateFEVER
6,0.0003,0.29690239271762714,muon,1.0122904442550844,1.0,0.25,verified-v3-muon-3e-4,1.0,782,DBPedia
6,0.0003,0.40109653241314813,muon,0.9746662492038279,1.0,0.25,verified-v3-muon-3e-4,1.0,782,FEVER
6,0.0003,0.2279266469189648,muon,1.02644697186784,1.0,0.25,verified-v3-muon-3e-4,0.9769331095982161,782,FiQA2018
6,0.0003,0.2886906991584057,muon,0.988181303421246,1.0,0.25,verified-v3-muon-3e-4,1.0,782,HotpotQA
6,0.0003,0.41557506770724656,muon,0.9876145786762677,1.0,0.25,verified-v3-muon-3e-4,1.0,782,MSMARCO
6,0.0003,-0.015283249817183635,muon,111.99065732900229,0.9571682790575464,0.25,verified-v3-muon-3e-4,0.6874946315161496,782,NFCorpus
6,0.0003,0.4069141201595018,muon,0.9820988757975155,1.0,0.25,verified-v3-muon-3e-4,1.0,782,NQ
6,0.0003,0.4898341211161007,muon,1.004914801088504,1.0,0.25,verified-v3-muon-3e-4,1.0,782,QuoraRetrieval
6,0.0003,0.10141523574728092,muon,1.0374746578078828,1.0,0.25,verified-v3-muon-3e-4,0.86024524972907,782,SCIDOCS
6,0.0003,0.2607554376323772,muon,0.983018265016547,1.0236115350940154,0.25,verified-v3-muon-3e-4,1.0,782,SciFact
6,0.0003,0.08199523121011239,muon,0.9957731310208108,1.0,0.25,verified-v3-muon-3e-4,0.9341496643973242,782,TRECCOVID
6,0.0003,0.3066039112783352,muon,0.9907208333551426,1.0,0.25,verified-v3-muon-3e-4,1.0,782,Touche2020
7,0.0003,0.2415713714311547,muon,0.9888916142353539,1.0,0.25,verified-v3-muon-3e-4,1.0,782,ArguAna
7,0.0003,0.01253373267644948,muon,1.8217488369589536,1.0486808964131145,0.25,verified-v3-muon-3e-4,0.7774085605164843,782,ClimateFEVER
7,0.0003,0.28423720137313113,muon,0.969108400300023,1.0,0.25,verified-v3-muon-3e-4,1.0,782,DBPedia
7,0.0003,0.4097176596868707,muon,0.9956156244907047,1.0,0.25,verified-v3-muon-3e-4,1.0,782,FEVER
7,0.0003,0.22791060838926286,muon,1.0263747438046964,1.0,0.25,verified-v3-muon-3e-4,0.9769331095982161,782,FiQA2018
7,0.0003,0.2819792805470307,muon,0.9652082793143798,0.9769331095982161,0.25,verified-v3-muon-3e-4,0.9769331095982161,782,HotpotQA
7,0.0003,0.4140595225111551,muon,0.9840128839486206,1.0,0.25,verified-v3-muon-3e-4,1.0,782,MSMARCO
7,0.0003,-0.007800546816557651,muon,57.15985644164066,0.9928606897632288,0.25,verified-v3-muon-3e-4,0.7131310230294448,782,NFCorpus
7,0.0003,0.40020645641762953,muon,0.9659097373681627,1.0,0.25,verified-v3-muon-3e-4,1.0,782,NQ
7,0.0003,0.48593296616836246,muon,0.9969114216191661,1.0,0.25,verified-v3-muon-3e-4,1.0,782,QuoraRetrieval
7,0.0003,0.10670161010160363,muon,1.0915541004466813,1.0012982094752363,0.25,verified-v3-muon-3e-4,0.8613620282632953,782,SCIDOCS
7,0.0003,0.2553732807566921,muon,0.9627281473414481,1.0,0.25,verified-v3-muon-3e-4,0.9769331095982161,782,SciFact
7,0.0003,0.09296033113598458,muon,1.1289363860540524,1.0,0.25,verified-v3-muon-3e-4,0.9341496643973242,782,TRECCOVID
7,0.0003,0.3031254627716532,muon,0.9794810178258668,1.0,0.25,verified-v3-muon-3e-4,1.0,782,Touche2020
8,0.0003,0.24712827879095384,muon,1.0116392562950594,1.0,0.25,verified-v3-muon-3e-4,1.0,782,ArguAna
8,0.0003,-0.00212142144771163,muon,-0.3083436638416659,1.036309919738701,0.25,verified-v3-muon-3e-4,0.7682377029166809,782,ClimateFEVER
8,0.0003,0.2965778103159345,muon,1.0111837786583564,0.9769331095982161,0.25,verified-v3-muon-3e-4,0.9769331095982161,782,DBPedia
8,0.0003,0.41570042515808964,muon,1.010153769576668,1.0,0.25,verified-v3-muon-3e-4,1.0,782,FEVER
8,0.0003,0.20658216186446016,muon,0.9303240202672576,1.0236115350940154,0.25,verified-v3-muon-3e-4,1.0,782,FiQA2018
8,0.0003,0.2957718191234535,muon,1.0124198063489198,1.0,0.25,verified-v3-muon-3e-4,1.0,782,HotpotQA
8,0.0003,0.41165129642583564,muon,0.9782897321634769,1.0,0.25,verified-v3-muon-3e-4,1.0,782,MSMARCO
8,0.0003,-0.0035402353905886856,muon,25.941687352754748,0.9852414310243879,0.25,verified-v3-muon-3e-4,0.7076584226584386,782,NFCorpus
8,0.0003,0.4155279269218265,muon,1.0028885449648084,1.0,0.25,verified-v3-muon-3e-4,1.0,782,NQ
8,0.0003,0.48977651689977986,muon,1.004796623674783,1.0,0.25,verified-v3-muon-3e-4,1.0,782,QuoraRetrieval
8,0.0003,0.09216254380492139,muon,0.9428199115464604,0.9977734823197099,0.25,verified-v3-muon-3e-4,0.8583298984711626,782,SCIDOCS
8,0.0003,0.2676833150989333,muon,1.009135573055287,1.0236115350940154,0.25,verified-v3-muon-3e-4,1.0,782,SciFact
8,0.0003,0.08213246885101363,muon,0.9974397834999525,0.9753070720025728,0.25,verified-v3-muon-3e-4,0.9110827739955403,782,TRECCOVID
8,0.0003,0.29794489192141294,muon,0.9627411809183523,1.0,0.25,verified-v3-muon-3e-4,1.0,782,Touche2020
9,0.0003,0.24184675516297577,muon,0.990018919434978,1.0,0.25,verified-v3-muon-3e-4,1.0,782,ArguAna
9,0.0003,0.007893080652202561,muon,1.1472408794222455,0.9954878254565247,0.25,verified-v3-muon-3e-4,0.7379754509182683,782,ClimateFEVER
9,0.0003,0.2939015169390615,muon,1.0020589407389522,1.0,0.25,verified-v3-muon-3e-4,1.0,782,DBPedia
9,0.0003,0.4076136783617449,muon,0.9905029410820061,1.0,0.25,verified-v3-muon-3e-4,1.0,782,FEVER
9,0.0003,0.21298674992964356,muon,0.9591665014533458,0.9763884649059846,0.25,verified-v3-muon-3e-4,0.9538662191964322,782,FiQA2018
9,0.0003,0.2918430465343955,muon,0.9989717124920036,1.0,0.25,verified-v3-muon-3e-4,1.0,782,HotpotQA
9,0.0003,0.4116290801589966,muon,0.978236935182332,1.0,0.25,verified-v3-muon-3e-4,1.0,782,MSMARCO
9,0.0003,-0.010026867804389382,muon,73.47360867595275,0.9281828951414083,0.25,verified-v3-muon-3e-4,0.6666756216609542,782,NFCorpus
9,0.0003,0.40604113584278273,muon,0.9799919031623497,1.0,0.25,verified-v3-muon-3e-4,1.0,782,NQ
9,0.0003,0.4941561209104508,muon,1.0137815610311305,1.0,0.25,verified-v3-muon-3e-4,1.0,782,QuoraRetrieval
9,0.0003,0.0907151134593648,muon,0.928012744838303,1.0,0.25,verified-v3-muon-3e-4,0.86024524972907,782,SCIDOCS
9,0.0003,0.2616679608255318,muon,0.9864583733965182,1.0,0.25,verified-v3-muon-3e-4,0.9769331095982161,782,SciFact
9,0.0003,0.08415663910999319,muon,1.0220218759796758,1.0,0.25,verified-v3-muon-3e-4,0.9341496643973242,782,TRECCOVID
9,0.0003,0.3056269255049682,muon,0.987563925944762,1.0,0.25,verified-v3-muon-3e-4,1.0,782,Touche2020
10,0.0003,0.24582699296887578,muon,1.006312339328232,1.0,0.25,verified-v3-muon-3e-4,1.0,782,ArguAna
10,0.0003,0.014432258343125224,muon,2.0976951184447508,0.9974162977151242,0.25,verified-v3-muon-3e-4,0.7394050667791863,782,ClimateFEVER
10,0.0003,0.3014599501930735,muon,1.0278294631202018,1.0,0.25,verified-v3-muon-3e-4,1.0,782,DBPedia
10,0.0003,0.39445067337984285,muon,0.9585167839921545,1.0,0.25,verified-v3-muon-3e-4,1.0,782,FEVER
10,0.0003,0.21576752256309734,muon,0.9716894586750892,0.9763884649059846,0.25,verified-v3-muon-3e-4,0.9538662191964322,782,FiQA2018
10,0.0003,0.29623211051545095,muon,1.0139953726869542,1.0,0.25,verified-v3-muon-3e-4,1.0,782,HotpotQA
10,0.0003,0.4142557539260742,muon,0.9844792281093463,1.0,0.25,verified-v3-muon-3e-4,1.0,782,MSMARCO
10,0.0003,-0.011943944949382664,muon,87.52132314678563,0.9254888203024456,0.25,verified-v3-muon-3e-4,0.6647405784410585,782,NFCorpus
10,0.0003,0.41727443566874817,muon,1.007103793814492,1.0,0.25,verified-v3-muon-3e-4,1.0,782,NQ
10,0.0003,0.4864979107156435,muon,0.998070428541884,1.0,0.25,verified-v3-muon-3e-4,1.0,782,QuoraRetrieval
10,0.0003,0.10165539158915701,muon,1.039931444483327,0.9968160423689747,0.25,verified-v3-muon-3e-4,0.8575062653016419,782,SCIDOCS
10,0.0003,0.25295063203108537,muon,0.9535950379090458,1.0236115350940154,0.25,verified-v3-muon-3e-4,1.0,782,SciFact
10,0.0003,0.07952981341118967,muon,0.9658324044117621,1.0,0.25,verified-v3-muon-3e-4,0.9341496643973242,782,TRECCOVID
10,0.0003,0.30779858449712455,muon,0.9945811482544904,1.0,0.25,verified-v3-muon-3e-4,1.0,782,Touche2020
11,0.0003,0.23569502868002384,muon,0.9648363380056451,1.0,0.25,verified-v3-muon-3e-4,1.0,782,ArguAna
11,0.0003,0.0032394964099799178,muon,0.4708532541389254,1.0036947376070937,0.25,verified-v3-muon-3e-4,0.744059402464522,782,ClimateFEVER
11,0.0003,0.2936745515581034,muon,1.0012851009452826,1.0,0.25,verified-v3-muon-3e-4,1.0,782,DBPedia
11,0.0003,0.40313460887664665,muon,0.979618783523478,1.0,0.25,verified-v3-muon-3e-4,1.0,782,FEVER
11,0.0003,0.22226606231634377,muon,1.0009550427630003,1.0,0.25,verified-v3-muon-3e-4,0.9769331095982161,782,FiQA2018
11,0.0003,0.29112044069490006,muon,0.9964982501240989,1.0,0.25,verified-v3-muon-3e-4,1.0,782,HotpotQA
11,0.0003,0.4033129658395507,muon,0.9584736808919929,1.0,0.25,verified-v3-muon-3e-4,1.0,782,MSMARCO
11,0.0003,0.008638376249769469,muon,-63.29919657396518,1.0094025897539005,0.25,verified-v3-muon-3e-4,0.7250123898564582,782,NFCorpus
11,0.0003,0.4199678672771989,muon,1.0136044680935268,1.0,0.25,verified-v3-muon-3e-4,1.0,782,NQ
11,0.0003,0.4933320016451336,muon,1.012090846538452,1.0,0.25,verified-v3-muon-3e-4,1.0,782,QuoraRetrieval
11,0.0003,0.09750106568175848,muon,0.9974328216931486,0.9958877341639207,0.25,verified-v3-muon-3e-4,0.8567076925779596,782,SCIDOCS
11,0.0003,0.2680505543054797,muon,1.0105200229863915,1.0236115350940154,0.25,verified-v3-muon-3e-4,1.0,782,SciFact
11,0.0003,0.07610636804515838,muon,0.9242571217922622,1.0,0.25,verified-v3-muon-3e-4,0.9341496643973242,782,TRECCOVID
11,0.0003,0.3052183602028413,muon,0.9862437400576495,1.0,0.25,verified-v3-muon-3e-4,1.0,782,Touche2020
12,0.0003,0.243892041320142,muon,0.9983914609226177,1.0,0.25,verified-v3-muon-3e-4,1.0,782,ArguAna
12,0.0003,0.006566589515311938,muon,0.954438483819262,1.0009343448400438,0.25,verified-v3-muon-3e-4,0.742013066944506,782,ClimateFEVER
12,0.0003,0.28466000083727916,muon,0.9705499375455657,1.0,0.25,verified-v3-muon-3e-4,1.0,782,DBPedia
12,0.0003,0.4162337857798606,muon,1.0114498381154982,1.0,0.25,verified-v3-muon-3e-4,1.0,782,FEVER
12,0.0003,0.22207758993370288,muon,1.0001062744901479,1.0,0.25,verified-v3-muon-3e-4,0.9769331095982161,782,FiQA2018
12,0.0003,0.2915249971545717,muon,0.997883037132448,0.9769331095982161,0.25,verified-v3-muon-3e-4,0.9769331095982161,782,HotpotQA
12,0.0003,0.4132609859103467,muon,0.9821151608900264,1.0,0.25,verified-v3-muon-3e-4,1.0,782,MSMARCO
12,0.0003,-0.011467063584679284,muon,84.02689243735392,0.959862353896509,0.25,verified-v3-muon-3e-4,0.6894296747360453,782,NFCorpus
12,0.0003,0.408406612358974,muon,0.9857010484394079,1.0,0.25,verified-v3-muon-3e-4,1.0,782,NQ
12,0.0003,0.4850493174398923,muon,0.9950985799898828,1.0,0.25,verified-v3-muon-3e-4,1.0,782,QuoraRetrieval
12,0.0003,0.10703894468580274,muon,1.0950050225860417,1.0152826974168185,0.25,verified-v3-muon-3e-4,0.873392117584935,782,SCIDOCS
12,0.0003,0.2688505390596906,muon,1.0135358742846978,1.0,0.25,verified-v3-muon-3e-4,0.9769331095982161,782,SciFact
12,0.0003,0.07752779615762603,muon,0.9415193442554919,0.9753070720025728,0.25,verified-v3-muon-3e-4,0.9110827739955403,782,TRECCOVID
12,0.0003,0.3097145748802517,muon,1.000772235580017,1.0,0.25,verified-v3-muon-3e-4,1.0,782,Touche2020
13,0.0003,0.23985704312878292,muon,0.9818738750379551,1.0,0.25,verified-v3-muon-3e-4,1.0,782,ArguAna
13,0.0003,0.01857702013763761,muon,2.700126586670686,1.0348106894148985,0.25,verified-v3-muon-3e-4,0.7671262928663058,782,ClimateFEVER
13,0.0003,0.2970322078945567,muon,1.0127330498599847,1.0,0.25,verified-v3-muon-3e-4,1.0,782,DBPedia
13,0.0003,0.4067097531687419,muon,0.9883063990871789,1.0,0.25,verified-v3-muon-3e-4,1.0,782,FEVER
13,0.0003,0.23322682814225637,muon,1.0503158570576117,0.9763884649059846,0.25,verified-v3-muon-3e-4,0.9538662191964322,782,FiQA2018
13,0.0003,0.28008491236751276,muon,0.9587239027055975,1.0,0.25,verified-v3-muon-3e-4,1.0,782,HotpotQA
13,0.0003,0.4293985114678007,muon,1.0204660070854719,1.0,0.25,verified-v3-muon-3e-4,1.0,782,MSMARCO
13,0.0003,-0.009242936511754963,muon,67.729216494115,0.9707312937927735,0.25,verified-v3-muon-3e-4,0.6972363875079217,782,NFCorpus
13,0.0003,0.40527539886085123,muon,0.9781437750393523,1.0,0.25,verified-v3-muon-3e-4,1.0,782,NQ
13,0.0003,0.48580180081285923,muon,0.9966423305096394,1.0,0.25,verified-v3-muon-3e-4,1.0,782,QuoraRetrieval
13,0.0003,0.09819809631085061,muon,1.0045634230083298,0.9948134027424669,0.25,verified-v3-muon-3e-4,0.8557835040760193,782,SCIDOCS
13,0.0003,0.2734443642626425,muon,1.0308540714498196,1.0236115350940154,0.25,verified-v3-muon-3e-4,1.0,782,SciFact
13,0.0003,0.07887191659118217,muon,0.9578427205401626,0.9753070720025728,0.25,verified-v3-muon-3e-4,0.9110827739955403,782,TRECCOVID
13,0.0003,0.3130313894804725,muon,1.0114897678877903,1.0,0.25,verified-v3-muon-3e-4,1.0,782,Touche2020
14,0.0003,0.2427566265696378,muon,0.993743550374274,1.0,0.25,verified-v3-muon-3e-4,1.0,782,ArguAna
14,0.0003,0.0007461811158468411,muon,0.10845568635023665,0.9922269360979037,0.25,verified-v3-muon-3e-4,0.7355580870557628,782,ClimateFEVER
14,0.0003,0.2924323875687578,muon,0.9970499355594372,0.9769331095982161,0.25,verified-v3-muon-3e-4,0.9769331095982161,782,DBPedia
14,0.0003,0.39648297315320447,muon,0.9634552809306416,1.0,0.25,verified-v3-muon-3e-4,1.0,782,FEVER
14,0.0003,0.2173656970032264,muon,0.9788866922445817,1.0,0.25,verified-v3-muon-3e-4,0.9769331095982161,782,FiQA2018
14,0.0003,0.2982015440007263,muon,1.0207366960276585,1.0,0.25,verified-v3-muon-3e-4,1.0,782,HotpotQA
14,0.0003,0.41230292288393167,muon,0.9798383231158104,1.0,0.25,verified-v3-muon-3e-4,1.0,782,MSMARCO
14,0.0003,0.000861187598534402,muon,-6.310501130133674,0.9870521782846132,0.25,verified-v3-muon-3e-4,0.7089590079867188,782,NFCorpus
14,0.0003,0.4140616314959789,muon,0.9993495989858695,1.0,0.25,verified-v3-muon-3e-4,1.0,782,NQ
14,0.0003,0.482244132569135,muon,0.9893436281094575,1.0,0.25,verified-v3-muon-3e-4,1.0,782,QuoraRetrieval
14,0.0003,0.08746986212898816,muon,0.8948139262517836,0.9907011369063874,0.25,verified-v3-muon-3e-4,0.8522459469249088,782,SCIDOCS
14,0.0003,0.2518370625962951,muon,0.9493970081241165,1.0,0.25,verified-v3-muon-3e-4,0.9769331095982161,782,SciFact
14,0.0003,0.0818358040679252,muon,0.9938370030021139,1.001195502794454,0.25,verified-v3-muon-3e-4,0.9352664429315494,782,TRECCOVID
14,0.0003,0.2989354557632937,muon,0.9659419627701816,1.0,0.25,verified-v3-muon-3e-4,1.0,782,Touche2020
15,0.0003,0.2436562834103152,muon,0.9974263671756385,1.0,0.25,verified-v3-muon-3e-4,1.0,782,ArguAna
15,0.0003,0.0016863331835460637,muon,0.24510459853852412,0.9896432338130281,0.25,verified-v3-muon-3e-4,0.7336427357978553,782,ClimateFEVER
15,0.0003,0.29135048913934813,muon,0.9933611965374262,1.0,0.25,verified-v3-muon-3e-4,1.0,782,DBPedia
15,0.0003,0.40306077500470605,muon,0.9794393669062472,1.0,0.25,verified-v3-muon-3e-4,1.0,782,FEVER
15,0.0003,0.22266247155704944,muon,1.0027402358075301,1.0,0.25,verified-v3-muon-3e-4,0.9769331095982161,782,FiQA2018
15,0.0003,0.2874220120498344,muon,0.9838386180343027,1.0,0.25,verified-v3-muon-3e-4,1.0,782,HotpotQA
15,0.0003,0.41848135303229234,muon,0.9945213687602918,1.0,0.25,verified-v3-muon-3e-4,1.0,782,MSMARCO
15,0.0003,-0.014045296839699753,muon,102.91934269702281,0.9638431353908767,0.25,verified-v3-muon-3e-4,0.6922889064578814,782,NFCorpus
15,0.0003,0.40013970645118546,muon,0.9657486344136165,1.0,0.25,verified-v3-muon-3e-4,1.0,782,NQ
15,0.0003,0.4807768658013293,muon,0.9863334701221911,1.0,0.25,verified-v3-muon-3e-4,1.0,782,QuoraRetrieval
15,0.0003,0.09010957792568833,muon,0.921818135458732,0.9977734823197099,0.25,verified-v3-muon-3e-4,0.8583298984711626,782,SCIDOCS
15,0.0003,0.25532313508509863,muon,0.9625391038778276,1.0,0.25,verified-v3-muon-3e-4,0.9769331095982161,782,SciFact
15,0.0003,0.08270700455167343,muon,1.0044171065111314,0.9753070720025728,0.25,verified-v3-muon-3e-4,0.9110827739955403,782,TRECCOVID
15,0.0003,0.3037147614120022,muon,0.9813852024059898,1.0,0.25,verified-v3-muon-3e-4,1.0,782,Touche2020
16,0.0003,0.2443981463847476,muon,1.0004632422406832,1.0,0.25,verified-v3-muon-3e-4,1.0,782,ArguAna
16,0.0003,0.003808235237940702,muon,0.5535181174415996,1.0194934168639094,0.25,verified-v3-muon-3e-4,0.7557712859756185,782,ClimateFEVER
16,0.0003,0.2902261716110212,muon,0.9895278293495898,1.0,0.25,verified-v3-muon-3e-4,1.0,782,DBPedia
16,0.0003,0.409785121637972,muon,0.9957795573136795,1.0,0.25,verified-v3-muon-3e-4,1.0,782,FEVER
16,0.0003,0.22098564261842435,muon,0.9951887888413313,1.0,0.25,verified-v3-muon-3e-4,0.9769331095982161,782,FiQA2018
16,0.0003,0.2923488723205581,muon,1.0007031419635155,1.0,0.25,verified-v3-muon-3e-4,1.0,782,HotpotQA
16,0.0003,0.4098004844488375,muon,0.9738912755838832,1.0,0.25,verified-v3-muon-3e-4,1.0,782,MSMARCO
16,0.0003,-0.007541448496054535,muon,55.261268669205,0.9852414310243879,0.25,verified-v3-muon-3e-4,0.7076584226584386,782,NFCorpus
16,0.0003,0.411597304186509,muon,0.9934018744899026,1.0,0.25,verified-v3-muon-3e-4,1.0,782,NQ
16,0.0003,0.480615127765064,muon,0.9860016579034513,1.0,0.25,verified-v3-muon-3e-4,1.0,782,QuoraRetrieval
16,0.0003,0.09325168005929738,muon,0.9539617410209846,0.9945895246886843,0.25,verified-v3-muon-3e-4,0.8555909140437343,782,SCIDOCS
16,0.0003,0.26204698439555496,muon,0.9878872490341178,1.0,0.25,verified-v3-muon-3e-4,0.9769331095982161,782,SciFact
16,0.0003,0.07708103392633349,muon,0.9360937381646202,1.0,0.25,verified-v3-muon-3e-4,0.9341496643973242,782,TRECCOVID
16,0.0003,0.30376016852604076,muon,0.9815319251717659,1.0,0.25,verified-v3-muon-3e-4,1.0,782,Touche2020
17,0.0003,0.23904812152186072,muon,0.9785624901295529,1.0,0.25,verified-v3-muon-3e-4,1.0,782,ArguAna
17,0.0003,-0.0006099292914883009,muon,-0.0886518011895855,1.0036947376070937,0.25,verified-v3-muon-3e-4,0.744059402464522,782,ClimateFEVER
17,0.0003,0.28625796000935905,muon,0.9759981886876328,0.9769331095982161,0.25,verified-v3-muon-3e-4,0.9769331095982161,782,DBPedia
17,0.0003,0.41639304773611896,muon,1.0118368453344668,1.0,0.25,verified-v3-muon-3e-4,1.0,782,FEVER
17,0.0003,0.21684022695555333,muon,0.9765202855671166,1.0,0.25,verified-v3-muon-3e-4,0.9769331095982161,782,FiQA2018
17,0.0003,0.2935038006712737,muon,1.0046564338648316,1.0,0.25,verified-v3-muon-3e-4,1.0,782,HotpotQA
17,0.0003,0.41089200544467885,muon,0.976485276360618,1.0,0.25,verified-v3-muon-3e-4,1.0,782,MSMARCO
17,0.0003,-0.001536189637018551,muon,11.256695355347658,1.0064800251141806,0.25,verified-v3-muon-3e-4,0.722913231804496,782,NFCorpus
17,0.0003,0.42106929978988455,muon,1.0162628069883566,1.0,0.25,verified-v3-muon-3e-4,1.0,782,NQ
17,0.0003,0.4955675777174191,muon,1.016677222593432,1.0,0.25,verified-v3-muon-3e-4,1.0,782,QuoraRetrieval
17,0.0003,0.09670120171622673,muon,0.9892502385948773,0.9977734823197099,0.25,verified-v3-muon-3e-4,0.8583298984711626,782,SCIDOCS
17,0.0003,0.27523788261364046,muon,1.037615431111891,1.0,0.25,verified-v3-muon-3e-4,0.9769331095982161,782,SciFact
17,0.0003,0.07177836150333719,muon,0.8716965940442005,0.9753070720025728,0.25,verified-v3-muon-3e-4,0.9110827739955403,782,TRECCOVID
17,0.0003,0.3009690896611903,muon,0.9725131883676084,1.0,0.25,verified-v3-muon-3e-4,1.0,782,Touche2020
18,0.0003,0.24636652294770564,muon,1.0085209481900048,1.0,0.25,verified-v3-muon-3e-4,1.0,782,ArguAna
18,0.0003,0.01374666996968716,muon,1.9980464460033676,1.0395708090973215,0.25,verified-v3-muon-3e-4,0.7706550667791863,782,ClimateFEVER
18,0.0003,0.29204702199649,muon,0.9957360293871735,1.0,0.25,verified-v3-muon-3e-4,1.0,782,DBPedia
18,0.0003,0.40473296126228725,muon,0.9835027864971403,1.0,0.25,verified-v3-muon-3e-4,1.0,782,FEVER
18,0.0003,0.206273927450073,muon,0.9289359145518884,1.0236115350940154,0.25,verified-v3-muon-3e-4,1.0,782,FiQA2018
18,0.0003,0.291173481398718,muon,0.9966798071745545,1.0,0.25,verified-v3-muon-3e-4,1.0,782,HotpotQA
18,0.0003,0.4233676951982392,muon,1.0061337659767902,1.0,0.25,verified-v3-muon-3e-4,1.0,782,MSMARCO
18,0.0003,-0.0010527949219526775,muon,7.714536944200979,0.9667657000305969,0.25,verified-v3-muon-3e-4,0.6943880645098438,782,NFCorpus
18,0.0003,0.4130328860264869,muon,0.9968666923502535,1.0,0.25,verified-v3-muon-3e-4,1.0,782,NQ
18,0.0003,0.48536370222858827,muon,0.9957435532854911,1.0,0.25,verified-v3-muon-3e-4,1.0,782,QuoraRetrieval
18,0.0003,0.08647274244715845,muon,0.8846134234074413,0.9945895246886843,0.25,verified-v3-muon-3e-4,0.8555909140437343,782,SCIDOCS
18,0.0003,0.26952455253798263,muon,1.016076828237737,1.0,0.25,verified-v3-muon-3e-4,0.9769331095982161,782,SciFact
18,0.0003,0.0727582731601412,muon,0.8835969165900217,0.9506141440051457,0.25,verified-v3-muon-3e-4,0.8880158835937564,782,TRECCOVID
18,0.0003,0.31294999208257956,muon,1.011226750702076,1.0,0.25,verified-v3-muon-3e-4,1.0,782,Touche2020
19,0.0003,0.24593028964869806,muon,1.0067351924993237,1.0,0.25,verified-v3-muon-3e-4,1.0,782,ArguAna
19,0.0003,-0.00030334124725304307,muon,-0.044089943407142444,0.989221233664265,0.25,verified-v3-muon-3e-4,0.7333298984711626,782,ClimateFEVER
19,0.0003,0.3006041849804002,muon,1.0249117266230798,1.0,0.25,verified-v3-muon-3e-4,1.0,782,DBPedia
19,0.0003,0.40410461702008366,muon,0.9819759073638982,1.0,0.25,verified-v3-muon-3e-4,1.0,782,FEVER
19,0.0003,0.21799477018383784,muon,0.9817196662300739,1.0,0.25,verified-v3-muon-3e-4,0.9769331095982161,782,FiQA2018
19,0.0003,0.2941579617083665,muon,1.0068956113241896,0.9769331095982161,0.25,verified-v3-muon-3e-4,0.9769331095982161,782,HotpotQA
19,0.0003,0.4201445066426299,muon,0.9984738550372226,1.0,0.25,verified-v3-muon-3e-4,1.0,782,MSMARCO
19,0.0003,-0.0036736782958865684,muon,26.919513329491654,1.00536073343276,0.25,verified-v3-muon-3e-4,0.7221092905969635,782,NFCorpus
19,0.0003,0.40046803112519097,muon,0.9665410554117155,1.0,0.25,verified-v3-muon-3e-4,1.0,782,NQ
19,0.0003,0.48426933149587237,muon,0.9934984068169713,1.0,0.25,verified-v3-muon-3e-4,1.0,782,QuoraRetrieval
19,0.0003,0.09538574438431643,muon,0.9757931516470604,1.0,0.25,verified-v3-muon-3e-4,0.86024524972907,782,SCIDOCS
19,0.0003,0.24693451601196087,muon,0.9309149665557659,1.0,0.25,verified-v3-muon-3e-4,0.9769331095982161,782,SciFact
19,0.0003,0.07688678215306305,muon,0.9337346900392458,0.9753070720025728,0.25,verified-v3-muon-3e-4,0.9110827739955403,782,TRECCOVID
19,0.0003,0.30234400569306197,muon,0.9769559169394976,1.0,0.25,verified-v3-muon-3e-4,1.0,782,Touche2020
0,0.0003,0.23274921447719504,muon,0.952777413369772,1.0,0.5,verified-v3-muon-3e-4,1.0,782,ArguAna
0,0.0003,-0.000904166909449191,muon,-0.13141855329345029,1.045238710258644,0.5,verified-v3-muon-3e-4,0.7748567976374907,782,ClimateFEVER
0,0.0003,0.2739092287004746,muon,0.9338951170746462,0.9769331095982161,0.5,verified-v3-muon-3e-4,0.9769331095982161,782,DBPedia
0,0.0003,0.40536581255563914,muon,0.9850406177834993,1.0,0.5,verified-v3-muon-3e-4,1.0,782,FEVER
0,0.0003,0.21220567672323193,muon,0.9556490091444568,1.0236115350940154,0.5,verified-v3-muon-3e-4,1.0,782,FiQA2018
0,0.0003,0.2918697371587175,muon,0.9990630738555962,0.9769331095982161,0.5,verified-v3-muon-3e-4,0.9769331095982161,782,HotpotQA
0,0.0003,0.41328373458389134,muon,0.9821692231362582,1.0,0.5,verified-v3-muon-3e-4,1.0,782,MSMARCO
0,0.0003,-0.015459250537193093,muon,113.28033305635155,0.8888964061604407,0.5,verified-v3-muon-3e-4,0.6384577514530869,782,NFCorpus
0,0.0003,0.41135990594507044,muon,0.9928289070393217,1.0,0.5,verified-v3-muon-3e-4,1.0,782,NQ
0,0.0003,0.48876207152519807,muon,1.0027154473584206,1.0,0.5,verified-v3-muon-3e-4,1.0,782,QuoraRetrieval
0,0.0003,0.07079961302008614,muon,0.7242778045103914,0.9998500072709748,0.5,verified-v3-muon-3e-4,0.8601162191964322,782,SCIDOCS
0,0.0003,0.2747405343851833,muon,1.0357404850049712,1.0236115350940154,0.5,verified-v3-muon-3e-4,1.0,782,SciFact
0,0.0003,0.05708600585203615,muon,0.6932684980067934,0.9259212160077185,0.5,verified-v3-muon-3e-4,0.8649489931919725,782,TRECCOVID
0,0.0003,0.31823650716509755,muon,1.0283089223099333,1.0,0.5,verified-v3-muon-3e-4,1.0,782,Touche2020
1,0.0003,0.25261152158495637,muon,1.0340853465982345,1.0,0.5,verified-v3-muon-3e-4,1.0,782,ArguAna
1,0.0003,0.003034420028701389,muon,0.44104588001294853,1.0238433844972796,0.5,verified-v3-muon-3e-4,0.7589960058000362,782,ClimateFEVER
1,0.0003,0.2791249663515606,muon,0.9516782050976426,1.0,0.5,verified-v3-muon-3e-4,1.0,782,DBPedia
1,0.0003,0.38947553335226504,muon,0.9464271729432404,1.0,0.5,verified-v3-muon-3e-4,1.0,782,FEVER
1,0.0003,0.2249089011171374,muon,1.0128568274857577,0.9763884649059846,0.5,verified-v3-muon-3e-4,0.9538662191964322,782,FiQA2018
1,0.0003,0.2867090775640407,muon,0.9813982604769605,0.9769331095982161,0.5,verified-v3-muon-3e-4,0.9769331095982161,782,HotpotQA
1,0.0003,0.3914767656508236,muon,0.9303449388887493,1.0,0.5,verified-v3-muon-3e-4,1.0,782,MSMARCO
1,0.0003,-0.026215736174800497,muon,192.10034264300447,0.8469432585856761,0.5,verified-v3-muon-3e-4,0.6083245299873122,782,NFCorpus
1,0.0003,0.40989497122164387,muon,0.9892932451546222,1.0,0.5,verified-v3-muon-3e-4,1.0,782,NQ
1,0.0003,0.4965937850869542,muon,1.0187825291251251,1.0,0.5,verified-v3-muon-3e-4,1.0,782,QuoraRetrieval
1,0.0003,0.07931136289266214,muon,0.8113527368055996,1.0391369366737089,0.5,verified-v3-muon-3e-4,0.8939126135915756,782,SCIDOCS
1,0.0003,0.2563333076623327,muon,0.9663473393004764,1.0,0.5,verified-v3-muon-3e-4,0.9769331095982161,782,SciFact
1,0.0003,0.07673043443217895,muon,0.9318359593782665,0.9692730119178761,0.5,verified-v3-muon-3e-4,0.9054460587924675,782,TRECCOVID
1,0.0003,0.2815621601274013,muon,0.9098041077155817,1.0,0.5,verified-v3-muon-3e-4,1.0,782,Touche2020
2,0.0003,0.23525869041768133,muon,0.9630501526392077,1.0,0.5,verified-v3-muon-3e-4,1.0,782,ArguAna
2,0.0003,-0.011025823546665935,muon,-1.6025777588503107,0.9848758723445707,0.5,verified-v3-muon-3e-4,0.7301085934011247,782,ClimateFEVER
2,0.0003,0.27597501838340277,muon,0.9409384390793218,1.0,0.5,verified-v3-muon-3e-4,1.0,782,DBPedia
2,0.0003,0.3866401492227938,muon,0.939537177664804,1.0,0.5,verified-v3-muon-3e-4,1.0,782,FEVER
2,0.0003,0.2054005160578444,muon,0.9250025856021292,1.0,0.5,verified-v3-muon-3e-4,0.9769331095982161,782,FiQA2018
2,0.0003,0.30791318052566286,muon,1.05397939372295,1.0,0.5,verified-v3-muon-3e-4,1.0,782,HotpotQA
2,0.0003,0.40671030313154716,muon,0.9665474564838912,1.0,0.5,verified-v3-muon-3e-4,1.0,782,MSMARCO
2,0.0003,-0.009207141599979643,muon,67.46692308487917,1.0397068507816578,0.5,verified-v3-muon-3e-4,0.746778694929962,782,NFCorpus
2,0.0003,0.413112889630993,muon,0.9970597833396111,1.0,0.5,verified-v3-muon-3e-4,1.0,782,NQ
2,0.0003,0.47723286639026874,muon,0.979062809893155,1.0,0.5,verified-v3-muon-3e-4,1.0,782,QuoraRetrieval
2,0.0003,0.09736582278138654,muon,0.9960492910949063,0.9919993463816237,0.5,verified-v3-muon-3e-4,0.853362725459134,782,SCIDOCS
2,0.0003,0.2605029140871121,muon,0.9820662800470437,1.0236115350940154,0.5,verified-v3-muon-3e-4,1.0,782,SciFact
2,0.0003,0.08026888313293125,muon,0.9748078748141252,0.9506141440051457,0.5,verified-v3-muon-3e-4,0.8880158835937564,782,TRECCOVID
2,0.0003,0.29941653838127646,muon,0.967496471876779,1.0,0.5,verified-v3-muon-3e-4,1.0,782,Touche2020
3,0.0003,0.24426350365363816,muon,0.99991207151659,1.0,0.5,verified-v3-muon-3e-4,1.0,782,ArguAna
3,0.0003,-0.006650903657445841,muon,-0.9666933478997956,0.9474887224308308,0.5,verified-v3-muon-3e-4,0.7023927357978554,782,ClimateFEVER
3,0.0003,0.29225815559732093,muon,0.9964558906339153,1.0,0.5,verified-v3-muon-3e-4,1.0,782,DBPedia
3,0.0003,0.39887811501960946,muon,0.9692754856708695,1.0,0.5,verified-v3-muon-3e-4,1.0,782,FEVER
3,0.0003,0.22139210085917913,muon,0.9970192366457155,1.0,0.5,verified-v3-muon-3e-4,0.9769331095982161,782,FiQA2018
3,0.0003,0.2992980567525853,muon,1.0244900327423807,1.0,0.5,verified-v3-muon-3e-4,1.0,782,HotpotQA
3,0.0003,0.41904055005768337,muon,0.9958503010701042,1.0,0.5,verified-v3-muon-3e-4,1.0,782,MSMARCO
3,0.0003,0.007181051962853681,muon,-52.620400716704644,1.084528962471295,0.5,verified-v3-muon-3e-4,0.7789725753938905,782,NFCorpus
3,0.0003,0.4070247288405284,muon,0.9823658330150412,1.0,0.5,verified-v3-muon-3e-4,1.0,782,NQ
3,0.0003,0.48702173331318055,muon,0.9991450720971556,1.0,0.5,verified-v3-muon-3e-4,1.0,782,QuoraRetrieval
3,0.0003,0.08805689497769269,muon,0.9008192537486241,1.004108296323454,0.5,verified-v3-muon-3e-4,0.8637793921258008,782,SCIDOCS
3,0.0003,0.2732272534328828,muon,1.0300355883795351,1.0,0.5,verified-v3-muon-3e-4,0.9769331095982161,782,SciFact
3,0.0003,0.08061368453597152,muon,0.9789952399525437,1.0,0.5,verified-v3-muon-3e-4,0.9341496643973242,782,TRECCOVID
3,0.0003,0.30505398036021303,muon,0.9857125839677077,1.0,0.5,verified-v3-muon-3e-4,1.0,782,Touche2020
4,0.0003,0.23386845947564813,muon,0.9573591317525751,1.0,0.5,verified-v3-muon-3e-4,1.0,782,ArguAna
4,0.0003,-0.0012979640497305222,muon,-0.1886560499614022,1.0450052486917651,0.5,verified-v3-muon-3e-4,0.7746837278111365,782,ClimateFEVER
4,0.0003,0.29693747175695895,muon,1.0124100464448285,0.9769331095982161,0.5,verified-v3-muon-3e-4,0.9769331095982161,782,DBPedia
4,0.0003,0.40351919343619513,muon,0.9805533256096477,1.0,0.5,verified-v3-muon-3e-4,1.0,782,FEVER
4,0.0003,0.21695834768535605,muon,0.9770522315552657,1.0,0.5,verified-v3-muon-3e-4,0.9769331095982161,782,FiQA2018
4,0.0003,0.2842892162648937,muon,0.9731151335883536,1.0,0.5,verified-v3-muon-3e-4,1.0,782,HotpotQA
4,0.0003,0.39923583177683364,muon,0.9487843675706424,1.0,0.5,verified-v3-muon-3e-4,1.0,782,MSMARCO
4,0.0003,-0.017543996242574997,muon,128.55666791328957,0.8642996978980465,0.5,verified-v3-muon-3e-4,0.6207909469283746,782,NFCorpus
4,0.0003,0.39012468333505035,muon,0.9415770894704549,1.0,0.5,verified-v3-muon-3e-4,1.0,782,NQ
4,0.0003,0.4736083557181691,muon,0.971626977508108,1.0,0.5,verified-v3-muon-3e-4,1.0,782,QuoraRetrieval
4,0.0003,0.1051887210897884,muon,1.0760772936506533,1.031296485940395,0.5,verified-v3-muon-3e-4,0.8871679030925075,782,SCIDOCS
4,0.0003,0.25004595113251027,muon,0.9426447221523727,1.0236115350940154,0.5,verified-v3-muon-3e-4,1.0,782,SciFact
4,0.0003,0.08510596974460971,muon,1.0335508139978358,0.9780329675332277,0.5,verified-v3-muon-3e-4,0.9136291683906836,782,TRECCOVID
4,0.0003,0.29108640912962436,muon,0.9405795530424954,1.0,0.5,verified-v3-muon-3e-4,1.0,782,Touche2020
5,0.0003,0.22924936313305652,muon,0.9384504936491739,1.0,0.5,verified-v3-muon-3e-4,1.0,782,ArguAna
5,0.0003,0.002671677749366167,muon,0.3883221350158615,1.0342001506842513,0.5,verified-v3-muon-3e-4,0.7666736880392746,782,ClimateFEVER
5,0.0003,0.2805069926638277,muon,0.9563902318914033,1.0,0.5,verified-v3-muon-3e-4,1.0,782,DBPedia
5,0.0003,0.38983920995041466,muon,0.9473109085958752,1.0,0.5,verified-v3-muon-3e-4,1.0,782,FEVER
5,0.0003,0.21605705996356867,muon,0.9729933640848938,1.0236115350940154,0.5,verified-v3-muon-3e-4,1.0,782,FiQA2018
5,0.0003,0.276845807154634,muon,0.94763652365074,1.0,0.5,verified-v3-muon-3e-4,1.0,782,HotpotQA
5,0.0003,0.40954845082361413,muon,0.9732923174125944,1.0,0.5,verified-v3-muon-3e-4,1.0,782,MSMARCO
5,0.0003,-0.0210704253643538,muon,154.39718744259218,0.877060401824549,0.5,verified-v3-muon-3e-4,0.6299564360443277,782,NFCorpus
5,0.0003,0.3935396737278793,muon,0.9498192665282135,1.0,0.5,verified-v3-muon-3e-4,1.0,782,NQ
5,0.0003,0.4868380840938854,muon,0.9987683081872477,1.0,0.5,verified-v3-muon-3e-4,1.0,782,QuoraRetrieval
5,0.0003,0.09476819255200174,muon,0.9694756159120365,1.0050366045285082,0.5,verified-v3-muon-3e-4,0.864577964849483,782,SCIDOCS
5,0.0003,0.26404036391376634,muon,0.9954020625057137,1.0236115350940154,0.5,verified-v3-muon-3e-4,1.0,782,SciFact
5,0.0003,0.08291831242543476,muon,1.0069832887141608,0.9753070720025728,0.5,verified-v3-muon-3e-4,0.9110827739955403,782,TRECCOVID
5,0.0003,0.2818697885323529,muon,0.9107981389673249,1.0,0.5,verified-v3-muon-3e-4,1.0,782,Touche2020
6,0.0003,0.2271972624808987,muon,0.9300500564845238,1.0,0.5,verified-v3-muon-3e-4,1.0,782,ArguAna
6,0.0003,0.02342058983374209,muon,3.4041281549495097,1.0639909271780694,0.5,verified-v3-muon-3e-4,0.7887581989233214,782,ClimateFEVER
6,0.0003,0.26921325462764606,muon,0.9178841660112945,0.9769331095982161,0.5,verified-v3-muon-3e-4,0.9769331095982161,782,DBPedia
6,0.0003,0.39658165388772787,muon,0.9636950755277376,1.0,0.5,verified-v3-muon-3e-4,1.0,782,FEVER
6,0.0003,0.21630698031788265,muon,0.974118857722261,0.9763884649059846,0.5,verified-v3-muon-3e-4,0.9538662191964322,782,FiQA2018
6,0.0003,0.26214545563763914,muon,0.8973175748063101,0.9769331095982161,0.5,verified-v3-muon-3e-4,0.9769331095982161,782,HotpotQA
6,0.0003,0.3971393466547153,muon,0.9438020685073103,1.0,0.5,verified-v3-muon-3e-4,1.0,782,MSMARCO
6,0.0003,-0.007719474021504202,muon,56.56578150874734,0.9558204975753682,0.5,verified-v3-muon-3e-4,0.6865265754765505,782,NFCorpus
6,0.0003,0.38770287956771654,muon,0.9357319967605524,1.0,0.5,verified-v3-muon-3e-4,1.0,782,NQ
6,0.0003,0.4625913769465209,muon,0.9490251934476566,1.0,0.5,verified-v3-muon-3e-4,1.0,782,QuoraRetrieval
6,0.0003,0.09836782038884562,muon,1.0062996949643346,1.0221374054197703,0.5,verified-v3-muon-3e-4,0.879288847582754,782,SCIDOCS
6,0.0003,0.26482510771813284,muon,0.9983604571610859,1.0236115350940154,0.5,verified-v3-muon-3e-4,1.0,782,SciFact
6,0.0003,0.08823097899479071,muon,1.0715018045566373,1.0,0.5,verified-v3-muon-3e-4,0.9341496643973242,782,TRECCOVID
6,0.0003,0.2963223534364431,muon,0.9574983166858707,1.0,0.5,verified-v3-muon-3e-4,1.0,782,Touche2020
7,0.0003,0.23311259365903322,muon,0.9542649349398098,1.0,0.5,verified-v3-muon-3e-4,1.0,782,ArguAna
7,0.0003,-0.002466637100344251,muon,-0.3585199544901158,1.0343814474801012,0.5,verified-v3-muon-3e-4,0.7668080870557628,782,ClimateFEVER
7,0.0003,0.2890630349417165,muon,0.9855621080735755,1.0,0.5,verified-v3-muon-3e-4,1.0,782,DBPedia
7,0.0003,0.3868497678276258,muon,0.940046551750154,1.0,0.5,verified-v3-muon-3e-4,1.0,782,FEVER
7,0.0003,0.20730845993281416,muon,0.9335948377123126,0.968012139528312,0.5,verified-v3-muon-3e-4,0.9456831095982161,782,FiQA2018
7,0.0003,0.27704904614183606,muon,0.9483322058042172,1.0,0.5,verified-v3-muon-3e-4,1.0,782,HotpotQA
7,0.0003,0.39766055788692756,muon,0.9450407275403043,1.0,0.5,verified-v3-muon-3e-4,1.0,782,MSMARCO
7,0.0003,-0.016407887108434792,muon,120.23163166433741,0.9391403261096112,0.5,verified-v3-muon-3e-4,0.6745458939324775,782,NFCorpus
7,0.0003,0.4027892496210645,muon,0.9721433826899732,1.0,0.5,verified-v3-muon-3e-4,1.0,782,NQ
7,0.0003,0.4958814608071087,muon,1.0173211666329403,1.0,0.5,verified-v3-muon-3e-4,1.0,782,QuoraRetrieval
7,0.0003,0.09178919193413106,muon,0.9390005337031216,1.027547880731086,0.5,verified-v3-muon-3e-4,0.8839431832680897,782,SCIDOCS
7,0.0003,0.24102691521858913,muon,0.908643985229202,1.0236115350940154,0.5,verified-v3-muon-3e-4,1.0,782,SciFact
7,0.0003,0.07192943289143405,muon,0.8735312474369984,0.9753070720025728,0.5,verified-v3-muon-3e-4,0.9110827739955403,782,TRECCOVID
7,0.0003,0.29083262106850893,muon,0.9397594946213371,1.0,0.5,verified-v3-muon-3e-4,1.0,782,Touche2020
8,0.0003,0.23243151782516866,muon,0.9514768968673474,1.0,0.5,verified-v3-muon-3e-4,1.0,782,ArguAna
8,0.0003,-0.0014676919437756394,muon,-0.21332560384116264,0.9825135518374979,0.5,verified-v3-muon-3e-4,0.7283573569752838,782,ClimateFEVER
8,0.0003,0.2753741524666241,muon,0.938889783222203,1.0,0.5,verified-v3-muon-3e-4,1.0,782,DBPedia
8,0.0003,0.3950921159570175,muon,0.9600754921340898,1.0,0.5,verified-v3-muon-3e-4,1.0,782,FEVER
8,0.0003,0.1949602995270035,muon,0.8779860178221618,0.9763884649059846,0.5,verified-v3-muon-3e-4,0.9538662191964322,782,FiQA2018
8,0.0003,0.2654077550127061,muon,0.9084843469191696,0.9769331095982161,0.5,verified-v3-muon-3e-4,0.9769331095982161,782,HotpotQA
8,0.0003,0.41246178497179575,muon,0.980215859032099,1.0,0.5,verified-v3-muon-3e-4,1.0,782,MSMARCO
8,0.0003,-0.018405694985277454,muon,134.87091454075235,0.8649911534768512,0.5,verified-v3-muon-3e-4,0.6212875910491222,782,NFCorpus
8,0.0003,0.40193587857240176,muon,0.970083747238637,1.0,0.5,verified-v3-muon-3e-4,1.0,782,NQ
8,0.0003,0.4931496920610844,muon,1.0117168309452265,1.0,0.5,verified-v3-muon-3e-4,1.0,782,QuoraRetrieval
8,0.0003,0.10006277497245761,muon,1.02363902680807,1.0,0.5,verified-v3-muon-3e-4,0.86024524972907,782,SCIDOCS
8,0.0003,0.2746407863309439,muon,1.0353644462151093,0.9916236746223275,0.5,verified-v3-muon-3e-4,0.96875,782,SciFact
8,0.0003,0.07615656520034297,muon,0.9248667301517827,1.001195502794454,0.5,verified-v3-muon-3e-4,0.9352664429315494,782,TRECCOVID
8,0.0003,0.29060562185973315,muon,0.9390259982861089,1.0,0.5,verified-v3-muon-3e-4,1.0,782,Touche2020
9,0.0003,0.23760692460797997,muon,0.9726628359852922,1.0,0.5,verified-v3-muon-3e-4,1.0,782,ArguAna
9,0.0003,1.848543853113019e-05,muon,0.002686815413578953,0.9403517986692661,0.5,verified-v3-muon-3e-4,0.6971019884914335,782,ClimateFEVER
9,0.0003,0.2783711352133045,muon,0.949108013423356,0.9769331095982161,0.5,verified-v3-muon-3e-4,0.9769331095982161,782,DBPedia
9,0.0003,0.3831794003770983,muon,0.9311275435137012,1.0,0.5,verified-v3-muon-3e-4,1.0,782,FEVER
9,0.0003,0.21582639168387285,muon,0.9719545704185969,1.0,0.5,verified-v3-muon-3e-4,0.9769331095982161,782,FiQA2018
9,0.0003,0.2873291042625529,muon,0.9835205969182728,0.9769331095982161,0.5,verified-v3-muon-3e-4,0.9769331095982161,782,HotpotQA
9,0.0003,0.4067037183882667,muon,0.9665318078346676,1.0,0.5,verified-v3-muon-3e-4,1.0,782,MSMARCO
9,0.0003,-0.017107310009123775,muon,125.35677398263205,0.9265545114590187,0.5,verified-v3-muon-3e-4,0.6655060205947826,782,NFCorpus
9,0.0003,0.39607972508171246,muon,0.9559497531726427,1.0,0.5,verified-v3-muon-3e-4,1.0,782,NQ
9,0.0003,0.4950786298885276,muon,1.0156741260572135,1.0,0.5,verified-v3-muon-3e-4,1.0,782,QuoraRetrieval
9,0.0003,0.06545732367479415,muon,0.6696263532804305,1.0216277215766,0.5,verified-v3-muon-3e-4,0.8788503944778032,782,SCIDOCS
9,0.0003,0.2609020048465207,muon,0.9835708067002943,1.0236115350940154,0.5,verified-v3-muon-3e-4,1.0,782,SciFact
9,0.0003,0.07341793303520118,muon,0.8916080114976517,0.9753070720025728,0.5,verified-v3-muon-3e-4,0.9110827739955403,782,TRECCOVID
9,0.0003,0.29515658665789507,muon,0.9537314063763268,1.0,0.5,verified-v3-muon-3e-4,1.0,782,Touche2020
10,0.0003,0.23545005740858116,muon,0.9638335286304154,1.0,0.5,verified-v3-muon-3e-4,1.0,782,ArguAna
10,0.0003,0.00568220899044853,muon,0.8258958354168184,0.9980715277414003,0.5,verified-v3-muon-3e-4,0.7398908021761758,782,ClimateFEVER
10,0.0003,0.2956962156317017,muon,1.0081779764269014,0.9769331095982161,0.5,verified-v3-muon-3e-4,0.9769331095982161,782,DBPedia
10,0.0003,0.397549656446879,muon,0.9660473257899655,1.0,0.5,verified-v3-muon-3e-4,1.0,782,FEVER
10,0.0003,0.21728470238458064,muon,0.9785219403291284,1.0,0.5,verified-v3-muon-3e-4,0.9769331095982161,782,FiQA2018
10,0.0003,0.29184394709209727,muon,0.9989747950793059,1.0,0.5,verified-v3-muon-3e-4,1.0,782,HotpotQA
10,0.0003,0.40346086095584816,muon,0.9588251537889986,1.0,0.5,verified-v3-muon-3e-4,1.0,782,MSMARCO
10,0.0003,-0.016960643494401344,muon,124.28204971990023,0.9011405437840488,0.5,verified-v3-muon-3e-4,0.6472522122265507,782,NFCorpus
10,0.0003,0.41552417239277345,muon,1.002879483301476,1.0,0.5,verified-v3-muon-3e-4,1.0,782,NQ
10,0.0003,0.47856161406109904,muon,0.9817887902684844,1.0,0.5,verified-v3-muon-3e-4,1.0,782,QuoraRetrieval
10,0.0003,0.09180411807583971,muon,0.939153227661258,1.0229259310518364,0.5,verified-v3-muon-3e-4,0.8799671730120284,782,SCIDOCS
10,0.0003,0.26438600621784436,muon,0.9967050945772832,1.0236115350940154,0.5,verified-v3-muon-3e-4,1.0,782,SciFact
10,0.0003,0.05552566649835051,muon,0.6743192983918417,0.8924683323949397,0.5,verified-v3-muon-3e-4,0.8336989931919725,782,TRECCOVID
10,0.0003,0.2889222103446059,muon,0.9335864366960662,1.0,0.5,verified-v3-muon-3e-4,1.0,782,Touche2020
11,0.0003,0.23487940180931738,muon,0.9614975045668636,1.0,0.5,verified-v3-muon-3e-4,1.0,782,ArguAna
11,0.0003,-0.012021873221888026,muon,-1.7473512580329347,0.9969870557803268,0.5,verified-v3-muon-3e-4,0.7390868609686432,782,ClimateFEVER
11,0.0003,0.2713527464424378,muon,0.9251787758655688,0.96875,0.5,verified-v3-muon-3e-4,0.96875,782,DBPedia
11,0.0003,0.4067821599144088,muon,0.9884823477816032,1.0,0.5,verified-v3-muon-3e-4,1.0,782,FEVER
11,0.0003,0.21765385472796722,muon,0.9801843844099287,1.0236115350940154,0.5,verified-v3-muon-3e-4,1.0,782,FiQA2018
11,0.0003,0.27576647975641616,muon,0.9439420119872245,1.0,0.5,verified-v3-muon-3e-4,1.0,782,HotpotQA
11,0.0003,0.4068465288031662,muon,0.9668711969335365,1.0,0.5,verified-v3-muon-3e-4,1.0,782,MSMARCO
11,0.0003,-0.01976945355577244,muon,144.86409142228675,0.9302343607153654,0.5,verified-v3-muon-3e-4,0.6681491050595311,782,NFCorpus
11,0.0003,0.4026368101567846,muon,0.9717754656797751,1.0,0.5,verified-v3-muon-3e-4,1.0,782,NQ
11,0.0003,0.48970090066232197,muon,1.0046414938605288,1.0,0.5,verified-v3-muon-3e-4,1.0,782,QuoraRetrieval
11,0.0003,0.0897173890012066,muon,0.9178060551512262,1.0175092150971088,0.5,verified-v3-muon-3e-4,0.8753074688428424,782,SCIDOCS
11,0.0003,0.27255038769685586,muon,1.0274838817400886,1.0236115350940154,0.5,verified-v3-muon-3e-4,1.0,782,SciFact
11,0.0003,0.07411868590645677,muon,0.9001181512994887,0.9506141440051457,0.5,verified-v3-muon-3e-4,0.8880158835937564,782,TRECCOVID
11,0.0003,0.3116242542650459,muon,1.0069429303492266,1.0,0.5,verified-v3-muon-3e-4,1.0,782,Touche2020
12,0.0003,0.22306467832635496,muon,0.9131329947013361,1.0,0.5,verified-v3-muon-3e-4,1.0,782,ArguAna
12,0.0003,-0.0065386751338113065,muon,-0.9503811935174866,0.9772722571386143,0.5,verified-v3-muon-3e-4,0.7244718781980518,782,ClimateFEVER
12,0.0003,0.26330642774724866,muon,0.897744805219473,0.9769331095982161,0.5,verified-v3-muon-3e-4,0.9769331095982161,782,DBPedia
12,0.0003,0.3925324657328112,muon,0.9538555313972288,1.0,0.5,verified-v3-muon-3e-4,1.0,782,FEVER
12,0.0003,0.21929472950730736,muon,0.9875739150823419,1.0,0.5,verified-v3-muon-3e-4,0.9769331095982161,782,FiQA2018
12,0.0003,0.29240545294134457,muon,1.0008968160644136,1.0,0.5,verified-v3-muon-3e-4,1.0,782,HotpotQA
12,0.0003,0.4028254023230114,muon,0.9573149856901333,1.0,0.5,verified-v3-muon-3e-4,1.0,782,MSMARCO
12,0.0003,-0.022273288688394444,muon,163.2113765677873,0.9212795490073205,0.5,verified-v3-muon-3e-4,0.6617172318871558,782,NFCorpus
12,0.0003,0.3886249981625301,muon,0.9379575563822323,1.0,0.5,verified-v3-muon-3e-4,1.0,782,NQ
12,0.0003,0.4859861910386346,muon,0.9970206146247507,1.0,0.5,verified-v3-muon-3e-4,1.0,782,QuoraRetrieval
12,0.0003,0.09121092638812935,muon,0.9330848954359563,1.0206931727281343,0.5,verified-v3-muon-3e-4,0.8780464532702706,782,SCIDOCS
12,0.0003,0.24372792840717827,muon,0.9188264969441716,1.0,0.5,verified-v3-muon-3e-4,0.9769331095982161,782,SciFact
12,0.0003,0.08240989599120221,muon,1.0008089366560409,0.9418541883897941,0.5,verified-v3-muon-3e-4,0.8798327739955403,782,TRECCOVID
12,0.0003,0.29167444598184766,muon,0.9424796604411559,1.0,0.5,verified-v3-muon-3e-4,1.0,782,Touche2020
13,0.0003,0.2322512873511537,muon,0.9507391090933774,1.0,0.5,verified-v3-muon-3e-4,1.0,782,ArguAna
13,0.0003,0.00391817159769732,muon,0.5694971111457205,0.9801039045624377,0.5,verified-v3-muon-3e-4,0.7265710362500142,782,ClimateFEVER
13,0.0003,0.2910837634255063,muon,0.9924517936562712,1.0,0.5,verified-v3-muon-3e-4,1.0,782,DBPedia
13,0.0003,0.39584181048614997,muon,0.9618972529714673,1.0,0.5,verified-v3-muon-3e-4,1.0,782,FEVER
13,0.0003,0.21001486085801213,muon,0.9457828686945673,1.0,0.5,verified-v3-muon-3e-4,0.9769331095982161,782,FiQA2018
13,0.0003,0.2882113311426502,muon,0.9865404382599898,0.9769331095982161,0.5,verified-v3-muon-3e-4,0.9769331095982161,782,HotpotQA
13,0.0003,0.40924323923604294,muon,0.9725669817587274,1.0,0.5,verified-v3-muon-3e-4,1.0,782,MSMARCO
13,0.0003,-0.012942577497718889,muon,94.83897592718883,0.9801338835466742,0.5,verified-v3-muon-3e-4,0.7039898812452198,782,NFCorpus
13,0.0003,0.41218511635296395,muon,0.994820575978141,1.0,0.5,verified-v3-muon-3e-4,1.0,782,NQ
13,0.0003,0.4906132487792991,muon,1.0065132134630883,1.0,0.5,verified-v3-muon-3e-4,1.0,782,QuoraRetrieval
13,0.0003,0.0875447630454024,muon,0.8955801602604487,1.0050366045285082,0.5,verified-v3-muon-3e-4,0.864577964849483,782,SCIDOCS
13,0.0003,0.2550602104248022,muon,0.9615479078907316,1.0,0.5,verified-v3-muon-3e-4,0.9769331095982161,782,SciFact
13,0.0003,0.06035453979660603,muon,0.7329624927891478,0.9418541883897941,0.5,verified-v3-muon-3e-4,0.8798327739955403,782,TRECCOVID
13,0.0003,0.30392559735407865,muon,0.9820664708195737,1.0,0.5,verified-v3-muon-3e-4,1.0,782,Touche2020
14,0.0003,0.23231170336946022,muon,0.9509864268674781,1.0,0.5,verified-v3-muon-3e-4,1.0,782,ArguAna
14,0.0003,0.004968946722045498,muon,0.722224826831209,1.0594715108485597,0.5,verified-v3-muon-3e-4,0.7854078633206456,782,ClimateFEVER
14,0.0003,0.30250796686914294,muon,1.0314026821060591,1.0,0.5,verified-v3-muon-3e-4,1.0,782,DBPedia
14,0.0003,0.3995828535842256,muon,0.9709880033266846,1.0,0.5,verified-v3-muon-3e-4,1.0,782,FEVER
14,0.0003,0.21647724709861893,muon,0.9748856387189497,1.0,0.5,verified-v3-muon-3e-4,0.9769331095982161,782,FiQA2018
14,0.0003,0.2971409986034945,muon,1.0171064747007192,0.96875,0.5,verified-v3-muon-3e-4,0.96875,782,HotpotQA
14,0.0003,0.414316741838452,muon,0.9846241659462566,1.0,0.5,verified-v3-muon-3e-4,1.0,782,MSMARCO
14,0.0003,-0.020860771171335488,muon,152.8609100690781,0.9551290419965636,0.5,verified-v3-muon-3e-4,0.6860299313558028,782,NFCorpus
14,0.0003,0.3881651527166266,muon,0.9368477062367386,1.0,0.5,verified-v3-muon-3e-4,1.0,782,NQ
14,0.0003,0.4837207423612969,muon,0.992372953694606,1.0,0.5,verified-v3-muon-3e-4,1.0,782,QuoraRetrieval
14,0.0003,0.09617738655044958,muon,0.9838916259972252,1.0,0.5,verified-v3-muon-3e-4,0.86024524972907,782,SCIDOCS
14,0.0003,0.252041104677272,muon,0.9501662235017648,1.0236115350940154,0.5,verified-v3-muon-3e-4,1.0,782,SciFact
14,0.0003,0.07630278067189575,muon,0.9266424119294058,0.9753070720025728,0.5,verified-v3-muon-3e-4,0.9110827739955403,782,TRECCOVID
14,0.0003,0.29706896684130046,muon,0.9599108281622261,1.0,0.5,verified-v3-muon-3e-4,1.0,782,Touche2020
15,0.0003,0.2349157848438331,muon,0.9616464414111587,1.0,0.5,verified-v3-muon-3e-4,1.0,782,ArguAna
15,0.0003,0.0037889195295337224,muon,0.5507106242363575,1.0458492489892912,0.5,verified-v3-muon-3e-4,0.775309402464522,782,ClimateFEVER
15,0.0003,0.2863953976400852,muon,0.9764667830933285,1.0,0.5,verified-v3-muon-3e-4,1.0,782,DBPedia
15,0.0003,0.39899286697861586,muon,0.9695543334105912,1.0,0.5,verified-v3-muon-3e-4,1.0,782,FEVER
15,0.0003,0.2098920155180164,muon,0.9452296458531347,1.0236115350940154,0.5,verified-v3-muon-3e-4,1.0,782,FiQA2018
15,0.0003,0.26807448081852714,muon,0.9176124850626758,0.9769331095982161,0.5,verified-v3-muon-3e-4,0.9769331095982161,782,HotpotQA
15,0.0003,0.4143965974829032,muon,0.9848139429679742,1.0,0.5,verified-v3-muon-3e-4,1.0,782,MSMARCO
15,0.0003,-0.04022554288054549,muon,294.75962524300394,0.7974840394982975,0.5,verified-v3-muon-3e-4,0.572800005882696,782,NFCorpus
15,0.0003,0.40366051803690517,muon,0.9742462139492561,1.0,0.5,verified-v3-muon-3e-4,1.0,782,NQ
15,0.0003,0.48943003093346465,muon,1.0040857934959333,1.0,0.5,verified-v3-muon-3e-4,1.0,782,QuoraRetrieval
15,0.0003,0.08682258829141504,muon,0.8881923353419368,1.0031839576310255,0.5,verified-v3-muon-3e-4,0.8629842341564983,782,SCIDOCS
15,0.0003,0.25421795994241325,muon,0.9583727196169032,1.0236115350940154,0.5,verified-v3-muon-3e-4,1.0,782,SciFact
15,0.0003,0.055517704424525846,muon,0.6742226047297251,0.9084013047770153,0.5,verified-v3-muon-3e-4,0.8485827739955403,782,TRECCOVID
15,0.0003,0.308515284904627,muon,0.9968970026805685,1.0,0.5,verified-v3-muon-3e-4,1.0,782,Touche2020
16,0.0003,0.24993193822553672,muon,1.023116259085603,1.0,0.5,verified-v3-muon-3e-4,1.0,782,ArguAna
16,0.0003,-0.007912247486149646,muon,-1.1500267340716663,0.9605076873454861,0.5,verified-v3-muon-3e-4,0.712043960310798,782,ClimateFEVER
16,0.0003,0.2737132758983536,muon,0.9332270148498832,1.0,0.5,verified-v3-muon-3e-4,1.0,782,DBPedia
16,0.0003,0.39641546482361134,muon,0.963291235407738,1.0,0.5,verified-v3-muon-3e-4,1.0,782,FEVER
16,0.0003,0.2357796900949441,muon,1.061812439209608,0.9763884649059846,0.5,verified-v3-muon-3e-4,0.9538662191964322,782,FiQA2018
16,0.0003,0.28342653527379946,muon,0.9701621973534788,1.0,0.5,verified-v3-muon-3e-4,1.0,782,HotpotQA
16,0.0003,0.41120203075957484,muon,0.9772220518424563,1.0,0.5,verified-v3-muon-3e-4,1.0,782,MSMARCO
16,0.0003,0.0033208322843142624,muon,-24.33397313060867,0.9968140550124311,0.5,verified-v3-muon-3e-4,0.7159705627892927,782,NFCorpus
16,0.0003,0.4110476080749541,muon,0.9920751671911322,1.0,0.5,verified-v3-muon-3e-4,1.0,782,NQ
16,0.0003,0.49061196886254793,muon,1.0065105876613487,1.0,0.5,verified-v3-muon-3e-4,1.0,782,QuoraRetrieval
16,0.0003,0.08684279604794623,muon,0.8883990600528521,1.002810086848218,0.5,verified-v3-muon-3e-4,0.8626626135915756,782,SCIDOCS
16,0.0003,0.2672608489455387,muon,1.007542923832287,1.0,0.5,verified-v3-muon-3e-4,0.9769331095982161,782,SciFact
16,0.0003,0.08538905993321065,muon,1.036988740805336,0.9765025747970267,0.5,verified-v3-muon-3e-4,0.9121995525297655,782,TRECCOVID
16,0.0003,0.3000748694543456,muon,0.9696237190688167,1.0,0.5,verified-v3-muon-3e-4,1.0,782,Touche2020
17,0.0003,0.23836664134248808,muon,0.9757727968366071,1.0,0.5,verified-v3-muon-3e-4,1.0,782,ArguAna
17,0.0003,0.011366797768650206,muon,1.6521375674378982,1.017064448013739,0.5,verified-v3-muon-3e-4,0.753970641772211,782,ClimateFEVER
17,0.0003,0.286597073136464,muon,0.9771543968776296,1.0,0.5,verified-v3-muon-3e-4,1.0,782,DBPedia
17,0.0003,0.40100370651410566,muon,0.9744406818814072,1.0,0.5,verified-v3-muon-3e-4,1.0,782,FEVER
17,0.0003,0.21985613997884854,muon,0.9901021761973893,1.0,0.5,verified-v3-muon-3e-4,0.9769331095982161,782,FiQA2018
17,0.0003,0.27880656387192015,muon,0.9543481466237982,1.0,0.5,verified-v3-muon-3e-4,1.0,782,HotpotQA
17,0.0003,0.40701129216814835,muon,0.9672627572410061,1.0,0.5,verified-v3-muon-3e-4,1.0,782,MSMARCO
17,0.0003,-0.006657400662503085,muon,48.78325521172743,0.9783993988454133,0.5,verified-v3-muon-3e-4,0.7027440721783565,782,NFCorpus
17,0.0003,0.4017936985457047,muon,0.9697405916746931,1.0,0.5,verified-v3-muon-3e-4,1.0,782,NQ
17,0.0003,0.47908154969633676,muon,0.9828554595610876,1.0,0.5,verified-v3-muon-3e-4,1.0,782,QuoraRetrieval
17,0.0003,0.07513249018078984,muon,0.7686030009811315,0.9850769936973266,0.5,verified-v3-muon-3e-4,0.8474078044455182,782,SCIDOCS
17,0.0003,0.2336107278878719,muon,0.880685804686262,1.0,0.5,verified-v3-muon-3e-4,0.9769331095982161,782,SciFact
17,0.0003,0.06893566153765579,muon,0.8371740467740343,0.9753070720025728,0.5,verified-v3-muon-3e-4,0.9110827739955403,782,TRECCOVID
17,0.0003,0.2898360723475203,muon,0.936539373993324,1.0,0.5,verified-v3-muon-3e-4,1.0,782,Touche2020
18,0.0003,0.23493783570512414,muon,0.9617367083649297,1.0,0.5,verified-v3-muon-3e-4,1.0,782,ArguAna
18,0.0003,0.01072916798941751,muon,1.559459564905566,0.9680400478946691,0.5,verified-v3-muon-3e-4,0.7176278529819244,782,ClimateFEVER
18,0.0003,0.2912005827614259,muon,0.9928500898652483,1.0,0.5,verified-v3-muon-3e-4,1.0,782,DBPedia
18,0.0003,0.39110498008745687,muon,0.9503867353161979,1.0,0.5,verified-v3-muon-3e-4,1.0,782,FEVER
18,0.0003,0.21832952785714121,muon,0.9832272170351973,1.0,0.5,verified-v3-muon-3e-4,0.9769331095982161,782,FiQA2018
18,0.0003,0.30672223194801795,muon,1.0499028054532356,0.9769331095982161,0.5,verified-v3-muon-3e-4,0.9769331095982161,782,HotpotQA
18,0.0003,0.4363922407015832,muon,1.0370866118505866,1.0,0.5,verified-v3-muon-3e-4,1.0,782,MSMARCO
18,0.0003,-0.02093462597452421,muon,153.40209391773246,0.8893441842062966,0.5,verified-v3-muon-3e-4,0.6387793720180097,782,NFCorpus
18,0.0003,0.4142989938951089,muon,0.9999224799300126,1.0,0.5,verified-v3-muon-3e-4,1.0,782,NQ
18,0.0003,0.48103288561053936,muon,0.9868587052672252,1.0,0.5,verified-v3-muon-3e-4,1.0,782,QuoraRetrieval
18,0.0003,0.08205084454744013,muon,0.8393775475889043,0.9444918548193563,0.5,verified-v3-muon-3e-4,0.8124946315161496,782,SCIDOCS
18,0.0003,0.2773425305537758,muon,1.0455497138458116,0.9916236746223275,0.5,verified-v3-muon-3e-4,0.96875,782,SciFact
18,0.0003,0.07235386280567409,muon,0.8786856435935101,0.9506141440051457,0.5,verified-v3-muon-3e-4,0.8880158835937564,782,TRECCOVID
18,0.0003,0.2937411892117554,muon,0.9491578713176196,1.0,0.5,verified-v3-muon-3e-4,1.0,782,Touche2020
19,0.0003,0.23446031902775843,muon,0.95978195588285,1.0,0.5,verified-v3-muon-3e-4,1.0,782,ArguAna
19,0.0003,0.00846953773865355,muon,1.2310275736104865,1.0425883596306706,0.5,verified-v3-muon-3e-4,0.7728920386020166,782,ClimateFEVER
19,0.0003,0.2955775020836258,muon,1.0077732218905004,1.0,0.5,verified-v3-muon-3e-4,1.0,782,DBPedia
19,0.0003,0.39822784372642794,muon,0.9676953237121586,1.0,0.5,verified-v3-muon-3e-4,1.0,782,FEVER
19,0.0003,0.22472354153765983,muon,1.012022077439489,1.0,0.5,verified-v3-muon-3e-4,0.9769331095982161,782,FiQA2018
19,0.0003,0.2982382957765401,muon,1.020862496470252,1.0,0.5,verified-v3-muon-3e-4,1.0,782,HotpotQA
19,0.0003,0.4344605423662914,muon,1.0324959287567617,1.0,0.5,verified-v3-muon-3e-4,1.0,782,MSMARCO
19,0.0003,-0.016387122605518452,muon,120.07947617656306,0.9522752656138821,0.5,verified-v3-muon-3e-4,0.6839801810814071,782,NFCorpus
19,0.0003,0.4209100235627784,muon,1.0158783892553938,1.0,0.5,verified-v3-muon-3e-4,1.0,782,NQ
19,0.0003,0.4918148313226852,muon,1.008978309360914,1.0,0.5,verified-v3-muon-3e-4,1.0,782,QuoraRetrieval
19,0.0003,0.08588339206180201,muon,0.8785843875838667,0.9929276545866778,0.5,verified-v3-muon-3e-4,0.8541612981828164,782,SCIDOCS
19,0.0003,0.2589121813421131,muon,0.9760693989952338,1.0236115350940154,0.5,verified-v3-muon-3e-4,1.0,782,SciFact
19,0.0003,0.06596843297706485,muon,0.8011391892508859,0.9506141440051457,0.5,verified-v3-muon-3e-4,0.8880158835937564,782,TRECCOVID
19,0.0003,0.2976468157295965,muon,0.961778015471674,1.0,0.5,verified-v3-muon-3e-4,1.0,782,Touche2020
0,0.0003,0.21749189863401813,muon,0.8903203779865136,1.0,0.75,verified-v3-muon-3e-4,1.0,782,ArguAna
0,0.0003,-0.015035990688297288,muon,-2.1854462079281167,1.0177462414011598,0.75,verified-v3-muon-3e-4,0.7544760691311887,782,ClimateFEVER
0,0.0003,0.2694371547109333,muon,0.9186475546546294,1.0,0.75,verified-v3-muon-3e-4,1.0,782,DBPedia
0,0.0003,0.3448403877953779,muon,0.8379635827923623,1.0,0.75,verified-v3-muon-3e-4,1.0,782,FEVER
0,0.0003,0.19566395147250232,muon,0.881154850507894,1.0,0.75,verified-v3-muon-3e-4,0.9769331095982161,782,FiQA2018
0,0.0003,0.23122285420480754,muon,0.7914702555883661,0.9769331095982161,0.75,verified-v3-muon-3e-4,0.9769331095982161,782,HotpotQA
0,0.0003,0.39199313105531186,muon,0.9315720818071399,1.0,0.75,verified-v3-muon-3e-4,1.0,782,MSMARCO
0,0.0003,-0.006724104912089959,muon,49.27204214168212,0.9566641803959659,0.75,verified-v3-muon-3e-4,0.6871325581679477,782,NFCorpus
0,0.0003,0.36978485647945936,muon,0.8924863351831327,1.0,0.75,verified-v3-muon-3e-4,1.0,782,NQ
0,0.0003,0.4296629603598201,muon,0.8814711955167105,1.0,0.75,verified-v3-muon-3e-4,1.0,782,QuoraRetrieval
0,0.0003,0.04671839703451808,muon,0.4779277257462666,0.9461474842779511,0.75,verified-v3-muon-3e-4,0.8139188788932175,782,SCIDOCS
0,0.0003,0.2359239449515962,muon,0.8894063692322439,1.0,0.75,verified-v3-muon-3e-4,0.9769331095982161,782,SciFact
0,0.0003,0.04496416818456933,muon,0.5460574947604145,0.8752833111059833,0.75,verified-v3-muon-3e-4,0.817645611322233,782,TRECCOVID
0,0.0003,0.29139420598697696,muon,0.941574128609875,1.0,0.75,verified-v3-muon-3e-4,1.0,782,Touche2020
1,0.0003,0.2168618137761396,muon,0.8877410755281082,1.0,0.75,verified-v3-muon-3e-4,1.0,782,ArguAna
1,0.0003,-0.005955437599724528,muon,-0.865608977065972,1.056887808563684,0.75,verified-v3-muon-3e-4,0.7834925120627381,782,ClimateFEVER
1,0.0003,0.2570552436854898,muon,0.876431356604,1.0,0.75,verified-v3-muon-3e-4,1.0,782,DBPedia
1,0.0003,0.3889556485030542,muon,0.9451638505880217,1.0,0.75,verified-v3-muon-3e-4,1.0,782,FEVER
1,0.0003,0.1857432489104427,muon,0.8364778667445694,1.0236115350940154,0.75,verified-v3-muon-3e-4,1.0,782,FiQA2018
1,0.0003,0.2553634775195766,muon,0.8741030272091115,0.9769331095982161,0.75,verified-v3-muon-3e-4,0.9769331095982161,782,HotpotQA
1,0.0003,0.3944815107552528,muon,0.9374857187404194,1.0,0.75,verified-v3-muon-3e-4,1.0,782,MSMARCO
1,0.0003,-0.04481431548013415,muon,328.38465041163323,0.853590698673841,0.75,verified-v3-muon-3e-4,0.6130991129670558,782,NFCorpus
1,0.0003,0.38860657275897686,muon,0.9379130861433803,1.0,0.75,verified-v3-muon-3e-4,1.0,782,NQ
1,0.0003,0.4812850724421715,muon,0.9873760769014619,1.0,0.75,verified-v3-muon-3e-4,1.0,782,QuoraRetrieval
1,0.0003,0.05498633418350725,muon,0.5625084615816571,0.9845225562750802,0.75,verified-v3-muon-3e-4,0.8469308522867588,782,SCIDOCS
1,0.0003,0.23588957430176608,muon,0.8892767958017902,1.0,0.75,verified-v3-muon-3e-4,0.9769331095982161,782,SciFact
1,0.0003,0.06910920985851399,muon,0.8392816663550016,0.8802657415052262,0.75,verified-v3-muon-3e-4,0.8222999470075687,782,TRECCOVID
1,0.0003,0.3095096408937113,muon,1.0001100379939472,1.0,0.75,verified-v3-muon-3e-4,1.0,782,Touche2020
2,0.0003,0.21594490143841671,muon,0.8839876219777503,1.0,0.75,verified-v3-muon-3e-4,1.0,782,ArguAna
2,0.0003,-0.007833164282991075,muon,-1.1385321747814545,1.0387268087997954,0.75,verified-v3-muon-3e-4,0.7700293921258008,782,ClimateFEVER
2,0.0003,0.2584018348120884,muon,0.8810225669249988,0.9769331095982161,0.75,verified-v3-muon-3e-4,0.9769331095982161,782,DBPedia
2,0.0003,0.37969100593432037,muon,0.9226507304462084,1.0,0.75,verified-v3-muon-3e-4,1.0,782,FEVER
2,0.0003,0.19670334637036913,muon,0.8858356711136111,1.0236115350940154,0.75,verified-v3-muon-3e-4,1.0,782,FiQA2018
2,0.0003,0.27285776784367927,muon,0.9339855612335821,1.0,0.75,verified-v3-muon-3e-4,1.0,782,HotpotQA
2,0.0003,0.3914270496806052,muon,0.9302267888340513,1.0,0.75,verified-v3-muon-3e-4,1.0,782,MSMARCO
2,0.0003,-0.010626665682466719,muon,77.86873140403232,0.9381807359719095,0.75,verified-v3-muon-3e-4,0.6738566597794451,782,NFCorpus
2,0.0003,0.3974910280298668,muon,0.9593559732326613,1.0,0.75,verified-v3-muon-3e-4,1.0,782,NQ
2,0.0003,0.494849781534431,muon,1.0152046342673962,1.0,0.75,verified-v3-muon-3e-4,1.0,782,QuoraRetrieval
2,0.0003,0.06913068613450947,muon,0.7072047351952964,0.9677752058545511,0.75,verified-v3-muon-3e-4,0.8325240236419504,782,SCIDOCS
2,0.0003,0.25580150271898777,muon,0.9643424953076498,0.9916236746223275,0.75,verified-v3-muon-3e-4,0.96875,782,SciFact
2,0.0003,0.08027350567109416,muon,0.9748640122166524,0.9137186251180048,0.75,verified-v3-muon-3e-4,0.8535499470075687,782,TRECCOVID
2,0.0003,0.2745154068077454,muon,0.8870341264319446,1.0,0.75,verified-v3-muon-3e-4,1.0,782,Touche2020
3,0.0003,0.22516142929270638,muon,0.921716211476904,1.0,0.75,verified-v3-muon-3e-4,1.0,782,ArguAna
3,0.0003,-0.003674492627578044,muon,-0.5340789406879873,0.9447283296637807,0.75,verified-v3-muon-3e-4,0.7003464002778393,782,ClimateFEVER
3,0.0003,0.2653157836931083,muon,0.9045957160675893,0.9769331095982161,0.75,verified-v3-muon-3e-4,0.9769331095982161,782,DBPedia
3,0.0003,0.3804814780797721,muon,0.9245715810615759,1.0,0.75,verified-v3-muon-3e-4,1.0,782,FEVER
3,0.0003,0.21440074982341442,muon,0.9655343216656905,1.0,0.75,verified-v3-muon-3e-4,0.9769331095982161,782,FiQA2018
3,0.0003,0.2720149427830739,muon,0.9311005913700809,0.9769331095982161,0.75,verified-v3-muon-3e-4,0.9769331095982161,782,HotpotQA
3,0.0003,0.4044550699300056,muon,0.9611878924454483,1.0,0.75,verified-v3-muon-3e-4,1.0,782,MSMARCO
3,0.0003,-0.018193879776418002,muon,133.3188019497654,0.8842318825175342,0.75,verified-v3-muon-3e-4,0.6351074158504111,782,NFCorpus
3,0.0003,0.3881506393676126,muon,0.9368126778534889,1.0,0.75,verified-v3-muon-3e-4,1.0,782,NQ
3,0.0003,0.4722144638992344,muon,0.9687673512395825,1.0,0.75,verified-v3-muon-3e-4,1.0,782,QuoraRetrieval
3,0.0003,0.05950968553651966,muon,0.6087822030222986,0.935006184442893,0.75,verified-v3-muon-3e-4,0.8043346286343014,782,SCIDOCS
3,0.0003,0.22762353268195684,muon,0.85811476150084,0.9916236746223275,0.75,verified-v3-muon-3e-4,0.96875,782,SciFact
3,0.0003,0.06624478059824743,muon,0.8044952324247868,0.9358201283050973,0.75,verified-v3-muon-3e-4,0.8741960587924675,782,TRECCOVID
3,0.0003,0.2964886271418228,muon,0.9580355923627268,1.0,0.75,verified-v3-muon-3e-4,1.0,782,Touche2020
4,0.0003,0.21495847853417283,muon,0.8799496213971456,1.0,0.75,verified-v3-muon-3e-4,1.0,782,ArguAna
4,0.0003,0.0021300509425362033,muon,0.30959794080496417,1.00434996763337,0.75,verified-v3-muon-3e-4,0.7445451378615114,782,ClimateFEVER
4,0.0003,0.2629467479765739,muon,0.8965184749379512,1.0,0.75,verified-v3-muon-3e-4,1.0,782,DBPedia
4,0.0003,0.3516620714078113,muon,0.8545403024657626,1.0,0.75,verified-v3-muon-3e-4,1.0,782,FEVER
4,0.0003,0.20420114802579314,muon,0.919601340502903,1.0,0.75,verified-v3-muon-3e-4,0.9769331095982161,782,FiQA2018
4,0.0003,0.2536776191410227,muon,0.868332374622244,1.0,0.75,verified-v3-muon-3e-4,1.0,782,HotpotQA
4,0.0003,0.3784260440259126,muon,0.8993298854349471,1.0,0.75,verified-v3-muon-3e-4,1.0,782,MSMARCO
4,0.0003,-0.020826103780063557,muon,152.60687876141344,0.9368892751054558,0.75,verified-v3-muon-3e-4,0.672929056523125,782,NFCorpus
4,0.0003,0.39827389807626146,muon,0.9612454524971271,1.0,0.75,verified-v3-muon-3e-4,1.0,782,NQ
4,0.0003,0.4596381705613445,muon,0.9429665693559521,1.0,0.75,verified-v3-muon-3e-4,1.0,782,QuoraRetrieval
4,0.0003,0.09286714654945774,muon,0.9500279753634194,1.0426616638292354,0.75,verified-v3-muon-3e-4,0.8969447433837083,782,SCIDOCS
4,0.0003,0.2207216779856469,muon,0.8320955563384603,1.0,0.75,verified-v3-muon-3e-4,0.9769331095982161,782,SciFact
4,0.0003,0.03912209428028539,muon,0.4751097074626779,0.9125231223235508,0.75,verified-v3-muon-3e-4,0.8524331684733434,782,TRECCOVID
4,0.0003,0.25399238036180544,muon,0.8207186323512663,1.0,0.75,verified-v3-muon-3e-4,1.0,782,Touche2020
5,0.0003,0.23618952174454072,muon,0.966860584678176,1.0,0.75,verified-v3-muon-3e-4,1.0,782,ArguAna
5,0.0003,-0.014526398875741139,muon,-2.1113782254832456,0.986448992797505,0.75,verified-v3-muon-3e-4,0.7312747797129165,782,ClimateFEVER
5,0.0003,0.26279057427441654,muon,0.8959859997871423,0.96875,0.75,verified-v3-muon-3e-4,0.96875,782,DBPedia
5,0.0003,0.35282852433860046,muon,0.8573747879600276,1.0,0.75,verified-v3-muon-3e-4,1.0,782,FEVER
5,0.0003,0.22360735950138966,muon,1.006995452923795,0.9763884649059846,0.75,verified-v3-muon-3e-4,0.9538662191964322,782,FiQA2018
5,0.0003,0.24747960321315546,muon,0.847116715523837,1.0,0.75,verified-v3-muon-3e-4,1.0,782,HotpotQA
5,0.0003,0.402138676414062,muon,0.9556829808565062,1.0,0.75,verified-v3-muon-3e-4,1.0,782,MSMARCO
5,0.0003,-0.021017839258341404,muon,154.0118536523875,0.8859813158226462,0.75,verified-v3-muon-3e-4,0.6363639618849749,782,NFCorpus
5,0.0003,0.3970708960804455,muon,0.9583419727476166,1.0,0.75,verified-v3-muon-3e-4,1.0,782,NQ
5,0.0003,0.4411265296798469,muon,0.9049891784141668,1.0,0.75,verified-v3-muon-3e-4,1.0,782,QuoraRetrieval
5,0.0003,0.06842182040970908,muon,0.6999530612249113,0.9743338979120777,0.75,verified-v3-muon-3e-4,0.8381661073288735,782,SCIDOCS
5,0.0003,0.22736503475039088,muon,0.8571402537762625,1.0236115350940154,0.75,verified-v3-muon-3e-4,1.0,782,SciFact
5,0.0003,0.030551690415477232,muon,0.3710283143789254,0.8363410789603613,0.75,verified-v3-muon-3e-4,0.7812677382325175,782,TRECCOVID
5,0.0003,0.2581878618124251,muon,0.834275376822509,1.0,0.75,verified-v3-muon-3e-4,1.0,782,Touche2020
6,0.0003,0.211776044913504,muon,0.8669220763627501,0.96875,0.75,verified-v3-muon-3e-4,0.96875,782,ArguAna
6,0.0003,-0.019849979887787486,muon,-2.885148319955971,1.0141300002368736,0.75,verified-v3-muon-3e-4,0.7517952757195572,782,ClimateFEVER
6,0.0003,0.27488687500153147,muon,0.9372284078553723,1.0,0.75,verified-v3-muon-3e-4,1.0,782,DBPedia
6,0.0003,0.3528811780767166,muon,0.8575027367635923,1.0,0.75,verified-v3-muon-3e-4,1.0,782,FEVER
6,0.0003,0.17130474811539406,muon,0.7714553885932623,1.0,0.75,verified-v3-muon-3e-4,0.9769331095982161,782,FiQA2018
6,0.0003,0.2848636988787533,muon,0.9750815737258834,1.0,0.75,verified-v3-muon-3e-4,1.0,782,HotpotQA
6,0.0003,0.39643949925793087,muon,0.9421388804442579,1.0,0.75,verified-v3-muon-3e-4,1.0,782,MSMARCO
6,0.0003,-0.04333827778008885,muon,317.568728781889,0.941989348281244,0.75,verified-v3-muon-3e-4,0.6765922294524935,782,NFCorpus
6,0.0003,0.3781341693856411,muon,0.9126376408582186,1.0,0.75,verified-v3-muon-3e-4,1.0,782,NQ
6,0.0003,0.4532630255228567,muon,0.9298876976888151,1.0,0.75,verified-v3-muon-3e-4,1.0,782,QuoraRetrieval
6,0.0003,0.07178924735046845,muon,0.7344017324459022,0.9929276545866778,0.75,verified-v3-muon-3e-4,0.8541612981828164,782,SCIDOCS
6,0.0003,0.22886491465866093,muon,0.8627946299938717,1.0,0.75,verified-v3-muon-3e-4,0.9769331095982161,782,SciFact
6,0.0003,0.03608897399576174,muon,0.43827464232647084,0.8749484211642367,0.75,verified-v3-muon-3e-4,0.8173327739955403,782,TRECCOVID
6,0.0003,0.28854828646153574,muon,0.9323781866789607,1.0,0.75,verified-v3-muon-3e-4,1.0,782,Touche2020
7,0.0003,0.2218328694595885,muon,0.9080904871745978,1.0,0.75,verified-v3-muon-3e-4,1.0,782,ArguAna
7,0.0003,-0.012154714374855609,muon,-1.7666594100548536,1.0484401930602014,0.75,verified-v3-muon-3e-4,0.7772301222062798,782,ClimateFEVER
7,0.0003,0.2677614465536401,muon,0.9129342178928017,1.0,0.75,verified-v3-muon-3e-4,1.0,782,DBPedia
7,0.0003,0.3928576463405933,muon,0.9546457216324671,1.0,0.75,verified-v3-muon-3e-4,1.0,782,FEVER
7,0.0003,0.18383646106452897,muon,0.8278908207063395,1.0,0.75,verified-v3-muon-3e-4,0.9769331095982161,782,FiQA2018
7,0.0003,0.30193596567143854,muon,1.033519531376518,1.0,0.75,verified-v3-muon-3e-4,1.0,782,HotpotQA
7,0.0003,0.37151983843942465,muon,0.8829172807082462,1.0,0.75,verified-v3-muon-3e-4,1.0,782,MSMARCO
7,0.0003,-0.0458225081190324,muon,335.77235640970764,0.8621373770941697,0.75,verified-v3-muon-3e-4,0.6192378407747265,782,NFCorpus
7,0.0003,0.40468016267490253,muon,0.9767071554675737,1.0,0.75,verified-v3-muon-3e-4,1.0,782,NQ
7,0.0003,0.45815664287012187,muon,0.9399271544990618,1.0,0.75,verified-v3-muon-3e-4,1.0,782,QuoraRetrieval
7,0.0003,0.09046144942876541,muon,0.925417769818967,1.0123226178395757,0.75,verified-v3-muon-3e-4,0.8708457231897917,782,SCIDOCS
7,0.0003,0.2477412911552549,muon,0.9339564168465839,0.9916236746223275,0.75,verified-v3-muon-3e-4,0.96875,782,SciFact
7,0.0003,0.04634045337938825,muon,0.5627714889451568,0.9084013047770153,0.75,verified-v3-muon-3e-4,0.8485827739955403,782,TRECCOVID
7,0.0003,0.26842225614226667,muon,0.8673454953251435,1.0,0.75,verified-v3-muon-3e-4,1.0,782,Touche2020
8,0.0003,0.23079235882714275,muon,0.9447668691933595,1.0,0.75,verified-v3-muon-3e-4,1.0,782,ArguAna
8,0.0003,0.011653272015250972,muon,1.6937759316056806,1.0804520782471954,0.75,verified-v3-muon-3e-4,0.8009611863152577,782,ClimateFEVER
8,0.0003,0.30034576202356544,muon,1.0240306320404948,1.0,0.75,verified-v3-muon-3e-4,1.0,782,DBPedia
8,0.0003,0.38241969955103877,muon,0.9292814673329932,1.0,0.75,verified-v3-muon-3e-4,1.0,782,FEVER
8,0.0003,0.18436150306846122,muon,0.8302552997276593,1.0,0.75,verified-v3-muon-3e-4,0.9769331095982161,782,FiQA2018
8,0.0003,0.26751915658798514,muon,0.9157116236093691,0.9769331095982161,0.75,verified-v3-muon-3e-4,0.9769331095982161,782,HotpotQA
8,0.0003,0.3964098250710655,muon,0.9420683597084487,1.0,0.75,verified-v3-muon-3e-4,1.0,782,MSMARCO
8,0.0003,-0.028461020693351116,muon,208.55305342971155,0.9490845664152648,0.75,verified-v3-muon-3e-4,0.68168843299716,782,NFCorpus
8,0.0003,0.4087637024014823,muon,0.9865628954777176,1.0,0.75,verified-v3-muon-3e-4,1.0,782,NQ
8,0.0003,0.47176632368345955,muon,0.9678479731963197,1.0,0.75,verified-v3-muon-3e-4,1.0,782,QuoraRetrieval
8,0.0003,0.054548730990251655,muon,0.5580317947393119,0.9743338979120777,0.75,verified-v3-muon-3e-4,0.8381661073288735,782,SCIDOCS
8,0.0003,0.24166225635309999,muon,0.911039148856129,1.0236115350940154,0.75,verified-v3-muon-3e-4,1.0,782,SciFact
8,0.0003,0.06733652754859021,muon,0.8177537142045318,0.9506141440051457,0.75,verified-v3-muon-3e-4,0.8880158835937564,782,TRECCOVID
8,0.0003,0.28946268745005665,muon,0.9353328655856684,0.9769331095982161,0.75,verified-v3-muon-3e-4,0.9769331095982161,782,Touche2020
9,0.0003,0.24028198804313639,muon,0.9836134208286113,1.0,0.75,verified-v3-muon-3e-4,1.0,782,ArguAna
9,0.0003,0.008267864622797461,muon,1.2017148561829758,1.0931711649412403,0.75,verified-v3-muon-3e-4,0.810390104980337,782,ClimateFEVER
9,0.0003,0.27983361100131476,muon,0.9540943331751313,0.96875,0.75,verified-v3-muon-3e-4,0.96875,782,DBPedia
9,0.0003,0.3735985595617249,muon,0.9078460603117466,1.0,0.75,verified-v3-muon-3e-4,1.0,782,FEVER
9,0.0003,0.19377194100245188,muon,0.872634353040935,1.0236115350940154,0.75,verified-v3-muon-3e-4,1.0,782,FiQA2018
9,0.0003,0.24548512429728497,muon,0.8402896622780044,1.0,0.75,verified-v3-muon-3e-4,1.0,782,HotpotQA
9,0.0003,0.412805830333307,muon,0.9810334831899413,1.0,0.75,verified-v3-muon-3e-4,1.0,782,MSMARCO
9,0.0003,-0.03026852574986504,muon,221.79785946415166,0.8491132928198186,0.75,verified-v3-muon-3e-4,0.6098831763808682,782,NFCorpus
9,0.0003,0.3854881523647957,muon,0.9303866892658552,1.0,0.75,verified-v3-muon-3e-4,1.0,782,NQ
9,0.0003,0.4598374747520089,muon,0.9433754500820667,1.0,0.75,verified-v3-muon-3e-4,1.0,782,QuoraRetrieval
9,0.0003,0.03655517506767984,muon,0.3739582860996822,0.8947578455767985,0.75,verified-v3-muon-3e-4,0.7697111863152577,782,SCIDOCS
9,0.0003,0.23868797927678695,muon,0.8998264634456803,1.0,0.75,verified-v3-muon-3e-4,0.9769331095982161,782,SciFact
9,0.0003,0.046510653002486135,muon,0.5648384409994349,0.8384443383312693,0.75,verified-v3-muon-3e-4,0.7832324972679917,782,TRECCOVID
9,0.0003,0.28222609362807294,muon,0.9119494578787134,1.0,0.75,verified-v3-muon-3e-4,1.0,782,Touche2020
10,0.0003,0.21970898630334088,muon,0.8993962026226406,1.0,0.75,verified-v3-muon-3e-4,1.0,782,ArguAna
10,0.0003,0.005436178724447993,muon,0.7901359095820075,0.9985720243329712,0.75,verified-v3-muon-3e-4,0.7402618305186652,782,ClimateFEVER
10,0.0003,0.24096348177768948,muon,0.8215664002747775,0.9769331095982161,0.75,verified-v3-muon-3e-4,0.9769331095982161,782,DBPedia
10,0.0003,0.36511968234414416,muon,0.8872423532554942,1.0,0.75,verified-v3-muon-3e-4,1.0,782,FEVER
10,0.0003,0.15970928669813797,muon,0.719236280296616,0.9763884649059846,0.75,verified-v3-muon-3e-4,0.9538662191964322,782,FiQA2018
10,0.0003,0.27583072912166373,muon,0.9441619360155338,0.9769331095982161,0.75,verified-v3-muon-3e-4,0.9769331095982161,782,HotpotQA
10,0.0003,0.38152557356512884,muon,0.9066959205940247,1.0,0.75,verified-v3-muon-3e-4,1.0,782,MSMARCO
10,0.0003,-0.030305430130514125,muon,222.06828269851925,0.7993934134754684,0.75,verified-v3-muon-3e-4,0.5741714307278174,782,NFCorpus
10,0.0003,0.3788089214877029,muon,0.9142661743694597,1.0,0.75,verified-v3-muon-3e-4,1.0,782,NQ
10,0.0003,0.46042636203285964,muon,0.9445835765052552,1.0,0.75,verified-v3-muon-3e-4,1.0,782,QuoraRetrieval
10,0.0003,0.06590790485431056,muon,0.6742357845122264,0.9491814491799513,0.75,verified-v3-muon-3e-4,0.8165288327880078,782,SCIDOCS
10,0.0003,0.23893810032645116,muon,0.9007693912807334,0.9843850013924381,0.75,verified-v3-muon-3e-4,0.9616783004521589,782,SciFact
10,0.0003,0.05274497962201859,muon,0.6405498555063385,0.8296843827159177,0.75,verified-v3-muon-3e-4,0.7750493876697756,782,TRECCOVID
10,0.0003,0.2663605706391958,muon,0.8606836273430866,0.9769331095982161,0.75,verified-v3-muon-3e-4,0.9769331095982161,782,Touche2020
11,0.0003,0.2139481088500454,muon,0.8758135927692832,1.0,0.75,verified-v3-muon-3e-4,1.0,782,ArguAna
11,0.0003,-0.013146438658407119,muon,-1.91080422363769,0.9563436228216418,0.75,verified-v3-muon-3e-4,0.7089570542572482,782,ClimateFEVER
11,0.0003,0.2666824505247062,muon,0.9092553746221859,0.9769331095982161,0.75,verified-v3-muon-3e-4,0.9769331095982161,782,DBPedia
11,0.0003,0.36489454855435466,muon,0.8866952772058883,1.0,0.75,verified-v3-muon-3e-4,1.0,782,FEVER
11,0.0003,0.2287652060543246,muon,1.0302233468413557,0.9763884649059846,0.75,verified-v3-muon-3e-4,0.9538662191964322,782,FiQA2018
11,0.0003,0.2310897318851536,muon,0.7910145810975233,0.96875,0.75,verified-v3-muon-3e-4,0.96875,782,HotpotQA
11,0.0003,0.4002970889383037,muon,0.9513064463136597,1.0,0.75,verified-v3-muon-3e-4,1.0,782,MSMARCO
11,0.0003,0.017657211846497385,muon,-129.38627483948878,1.0325553120319126,0.75,verified-v3-muon-3e-4,0.7416420386020166,782,NFCorpus
11,0.0003,0.3852312557176208,muon,0.9297666618549416,1.0,0.75,verified-v3-muon-3e-4,1.0,782,NQ
11,0.0003,0.45706891535056465,muon,0.9376956368549587,1.0,0.75,verified-v3-muon-3e-4,1.0,782,QuoraRetrieval
11,0.0003,0.07738436612962274,muon,0.7916396207969452,1.0123226178395757,0.75,verified-v3-muon-3e-4,0.8708457231897917,782,SCIDOCS
11,0.0003,0.23002689338100824,muon,0.8671751572726101,1.0,0.75,verified-v3-muon-3e-4,0.9769331095982161,782,SciFact
11,0.0003,0.07267556472352066,muon,0.8825924820920638,0.9265438521674652,0.75,verified-v3-muon-3e-4,0.8655306285516415,782,TRECCOVID
11,0.0003,0.273348468081804,muon,0.8832634292408396,1.0,0.75,verified-v3-muon-3e-4,1.0,782,Touche2020
12,0.0003,0.22739460906124156,muon,0.9308579104005028,1.0,0.75,verified-v3-muon-3e-4,1.0,782,ArguAna
12,0.0003,-0.014147047471402377,muon,-2.0562403828714104,0.9945580869301561,0.75,verified-v3-muon-3e-4,0.7372862167652356,782,ClimateFEVER
12,0.0003,0.26651733365795605,muon,0.9086924076993983,1.0,0.75,verified-v3-muon-3e-4,1.0,782,DBPedia
12,0.0003,0.40681465930693506,muon,0.9885613214411968,1.0,0.75,verified-v3-muon-3e-4,1.0,782,FEVER
12,0.0003,0.18402356112336465,muon,0.8287334088434626,0.9763884649059846,0.75,verified-v3-muon-3e-4,0.9538662191964322,782,FiQA2018
12,0.0003,0.25288228396302515,muon,0.8656099614820162,0.9769331095982161,0.75,verified-v3-muon-3e-4,0.9769331095982161,782,HotpotQA
12,0.0003,0.3746775376001761,muon,0.8904215560331288,1.0,0.75,verified-v3-muon-3e-4,1.0,782,MSMARCO
12,0.0003,-0.04296398227252331,muon,314.8260136899438,0.7792544082521967,0.75,verified-v3-muon-3e-4,0.5597064110672123,782,NFCorpus
12,0.0003,0.41666864130976466,muon,1.0056416917898954,1.0,0.75,verified-v3-muon-3e-4,1.0,782,NQ
12,0.0003,0.4624407683373436,muon,0.9487162137053128,1.0,0.75,verified-v3-muon-3e-4,1.0,782,QuoraRetrieval
12,0.0003,0.06674424298568853,muon,0.6827914971748211,1.0050366045285082,0.75,verified-v3-muon-3e-4,0.864577964849483,782,SCIDOCS
12,0.0003,0.2655789481160998,muon,1.0012023494983555,1.0236115350940154,0.75,verified-v3-muon-3e-4,1.0,782,SciFact
12,0.0003,0.07704740913502259,muon,0.9356853892493304,0.938411553115432,0.75,verified-v3-muon-3e-4,0.8766168374093526,782,TRECCOVID
12,0.0003,0.2634514413884341,muon,0.8512834375554356,1.0,0.75,verified-v3-muon-3e-4,1.0,782,Touche2020
13,0.0003,0.19560352081164858,muon,0.8007185632121789,1.0,0.75,verified-v3-muon-3e-4,1.0,782,ArguAna
13,0.0003,-0.012862518540267034,muon,-1.8695370960897402,1.0329534718130724,0.75,verified-v3-muon-3e-4,0.7657494995373342,782,ClimateFEVER
13,0.0003,0.24501330001879434,muon,0.8353742792511499,0.9538662191964322,0.75,verified-v3-muon-3e-4,0.9538662191964322,782,DBPedia
13,0.0003,0.3509628562692221,muon,0.8528412067582651,1.0,0.75,verified-v3-muon-3e-4,1.0,782,FEVER
13,0.0003,0.1988468386383748,muon,0.895488694037687,1.0,0.75,verified-v3-muon-3e-4,0.9769331095982161,782,FiQA2018
13,0.0003,0.2651845323805372,muon,0.9077202612307397,0.9769331095982161,0.75,verified-v3-muon-3e-4,0.9769331095982161,782,HotpotQA
13,0.0003,0.4197156134655907,muon,0.9974545899579299,1.0,0.75,verified-v3-muon-3e-4,1.0,782,MSMARCO
13,0.0003,-0.04437761158937155,muon,325.1846270939716,0.896923798186998,0.75,verified-v3-muon-3e-4,0.6442234971887977,782,NFCorpus
13,0.0003,0.38511379929543177,muon,0.9294831774181228,1.0,0.75,verified-v3-muon-3e-4,1.0,782,NQ
13,0.0003,0.5154710259012585,muon,1.0575099633324088,1.0,0.75,verified-v3-muon-3e-4,1.0,782,QuoraRetrieval
13,0.0003,0.06237319288451005,muon,0.6380757927289747,0.9661133357525444,0.75,verified-v3-muon-3e-4,0.8310944077810325,782,SCIDOCS
13,0.0003,0.23704982211198755,muon,0.8936507977391962,1.0,0.75,verified-v3-muon-3e-4,0.9769331095982161,782,SciFact
13,0.0003,0.06458875572566627,muon,0.784384000977767,0.9518096467995996,0.75,verified-v3-muon-3e-4,0.8891326621279816,782,TRECCOVID
13,0.0003,0.30009701369074815,muon,0.9696952731342925,1.0,0.75,verified-v3-muon-3e-4,1.0,782,Touche2020
14,0.0003,0.24515504461318272,muon,1.0035616653133128,1.0,0.75,verified-v3-muon-3e-4,1.0,782,ArguAna
14,0.0003,0.003916734345331544,muon,0.5692882098636076,1.0246680632196954,0.75,verified-v3-muon-3e-4,0.7596073569752838,782,ClimateFEVER
14,0.0003,0.2568186810658615,muon,0.8756247949689595,1.0,0.75,verified-v3-muon-3e-4,1.0,782,DBPedia
14,0.0003,0.3605022385100475,muon,0.8760219454508894,1.0,0.75,verified-v3-muon-3e-4,1.0,782,FEVER
14,0.0003,0.19532258400803115,muon,0.8796175331080325,0.968012139528312,0.75,verified-v3-muon-3e-4,0.9456831095982161,782,FiQA2018
14,0.0003,0.2324655490962262,muon,0.7957239702426203,0.96875,0.75,verified-v3-muon-3e-4,0.96875,782,HotpotQA
14,0.0003,0.38383696186421584,muon,0.9121889372799251,1.0,0.75,verified-v3-muon-3e-4,1.0,782,MSMARCO
14,0.0003,-0.042055468516056585,muon,308.1687219492335,0.8124934624326483,0.75,verified-v3-muon-3e-4,0.5835806574309084,782,NFCorpus
14,0.0003,0.3807572930977834,muon,0.9189686250171438,1.0,0.75,verified-v3-muon-3e-4,1.0,782,NQ
14,0.0003,0.4532012061181706,muon,0.9297608726431813,1.0,0.75,verified-v3-muon-3e-4,1.0,782,QuoraRetrieval
14,0.0003,0.06455898471001438,muon,0.6604363740508514,0.9154447776615207,0.75,verified-v3-muon-3e-4,0.7875070213726079,782,SCIDOCS
14,0.0003,0.21945334811611944,muon,0.8273140973624472,1.0,0.75,verified-v3-muon-3e-4,0.9769331095982161,782,SciFact
14,0.0003,0.0621153453963222,muon,0.7543462108331321,0.9037631667081993,0.75,verified-v3-muon-3e-4,0.8442500588751274,782,TRECCOVID
14,0.0003,0.28265872081580057,muon,0.9133473942787109,1.0,0.75,verified-v3-muon-3e-4,1.0,782,Touche2020
15,0.0003,0.21395921449616367,muon,0.8758590546145837,1.0,0.75,verified-v3-muon-3e-4,1.0,782,ArguAna
15,0.0003,-0.030011111114209416,muon,-4.362045065065522,0.9152617353008078,0.75,verified-v3-muon-3e-4,0.6785022122265507,782,ClimateFEVER
15,0.0003,0.26220497151093697,muon,0.8939893837404554,0.9769331095982161,0.75,verified-v3-muon-3e-4,0.9769331095982161,782,DBPedia
15,0.0003,0.3620141812970137,muon,0.8796959727388273,1.0,0.75,verified-v3-muon-3e-4,1.0,782,FEVER
15,0.0003,0.2317974034732852,muon,1.043878572769828,1.0236115350940154,0.75,verified-v3-muon-3e-4,1.0,782,FiQA2018
15,0.0003,0.25743490550593956,muon,0.8811934752681403,1.0,0.75,verified-v3-muon-3e-4,1.0,782,HotpotQA
15,0.0003,0.4162209711991828,muon,0.989149568993597,1.0,0.75,verified-v3-muon-3e-4,1.0,782,MSMARCO
15,0.0003,0.00031084211902453196,muon,-2.277749408764966,1.0229456625458877,0.75,verified-v3-muon-3e-4,0.7347398223700924,782,NFCorpus
15,0.0003,0.40657299763376037,muon,0.9812755668179487,1.0,0.75,verified-v3-muon-3e-4,1.0,782,NQ
15,0.0003,0.4701139897639678,muon,0.9644581423526567,1.0,0.75,verified-v3-muon-3e-4,1.0,782,QuoraRetrieval
15,0.0003,0.0650450591779469,muon,0.6654089005018483,1.0031839576310255,0.75,verified-v3-muon-3e-4,0.8629842341564983,782,SCIDOCS
15,0.0003,0.2253454690997489,muon,0.8495267215714998,0.9843850013924381,0.75,verified-v3-muon-3e-4,0.9616783004521589,782,SciFact
15,0.0003,0.061562665800804946,muon,0.7476343145050485,0.9506141440051457,0.75,verified-v3-muon-3e-4,0.8880158835937564,782,TRECCOVID
15,0.0003,0.31275201278287107,muon,1.0105870256053657,1.0,0.75,verified-v3-muon-3e-4,1.0,782,Touche2020
16,0.0003,0.22909220746326986,muon,0.9378071644207936,1.0,0.75,verified-v3-muon-3e-4,1.0,782,ArguAna
16,0.0003,-0.008863019134157733,muon,-1.2882191775108651,1.0065263850309172,0.75,verified-v3-muon-3e-4,0.7461585605164844,782,ClimateFEVER
16,0.0003,0.2612381702466148,muon,0.8906930691758979,1.0,0.75,verified-v3-muon-3e-4,1.0,782,DBPedia
16,0.0003,0.37852075293590565,muon,0.9198070107717398,1.0,0.75,verified-v3-muon-3e-4,1.0,782,FEVER
16,0.0003,0.21759946248353557,muon,0.9799394338727946,1.0236115350940154,0.75,verified-v3-muon-3e-4,1.0,782,FiQA2018
16,0.0003,0.2692452677819256,muon,0.9216200606128838,0.9769331095982161,0.75,verified-v3-muon-3e-4,0.9769331095982161,782,HotpotQA
16,0.0003,0.4288886930406117,muon,1.0192544230654113,1.0,0.75,verified-v3-muon-3e-4,1.0,782,MSMARCO
16,0.0003,-0.021069466839897327,muon,154.3901636887944,0.9051335537913906,0.75,verified-v3-muon-3e-4,0.6501202271866168,782,NFCorpus
16,0.0003,0.369178635399365,muon,0.8910232032549213,1.0,0.75,verified-v3-muon-3e-4,1.0,782,NQ
16,0.0003,0.44270224292894894,muon,0.9082218188081964,1.0,0.75,verified-v3-muon-3e-4,1.0,782,QuoraRetrieval
16,0.0003,0.063617910930589,muon,0.6508092190175161,1.013620827314812,0.75,verified-v3-muon-3e-4,0.8719625017240169,782,SCIDOCS
16,0.0003,0.23186022907737336,muon,0.8740866237862042,0.9916236746223275,0.75,verified-v3-muon-3e-4,0.96875,782,SciFact
16,0.0003,0.03981739462067618,muon,0.48355363019736236,0.9330942327744425,0.75,verified-v3-muon-3e-4,0.8716496643973242,782,TRECCOVID
16,0.0003,0.27616362806540246,muon,0.8923599787054248,1.0,0.75,verified-v3-muon-3e-4,1.0,782,Touche2020
17,0.0003,0.2462754873001204,muon,1.0081482865291458,1.0,0.75,verified-v3-muon-3e-4,1.0,782,ArguAna
17,0.0003,-0.016459259815948583,muon,-2.3923150589648237,0.9887919917294675,0.75,verified-v3-muon-3e-4,0.7330116926606195,782,ClimateFEVER
17,0.0003,0.2491881074559999,muon,0.8496083096225641,0.9769331095982161,0.75,verified-v3-muon-3e-4,0.9769331095982161,782,DBPedia
17,0.0003,0.3730379070859372,muon,0.9064836724536538,1.0,0.75,verified-v3-muon-3e-4,1.0,782,FEVER
17,0.0003,0.2124066903884039,muon,0.9565542559451663,1.0,0.75,verified-v3-muon-3e-4,0.9769331095982161,782,FiQA2018
17,0.0003,0.2726710516204765,muon,0.9333464361029413,1.0,0.75,verified-v3-muon-3e-4,1.0,782,HotpotQA
17,0.0003,0.3745157903399298,muon,0.8900371635016868,1.0,0.75,verified-v3-muon-3e-4,1.0,782,MSMARCO
17,0.0003,-0.026436613311560678,muon,193.7188580785703,0.9716634676853099,0.75,verified-v3-muon-3e-4,0.697905929698966,782,NFCorpus
17,0.0003,0.39476652805985735,muon,0.9527803145737584,1.0,0.75,verified-v3-muon-3e-4,1.0,782,NQ
17,0.0003,0.48496675145312307,muon,0.9949291924797155,1.0,0.75,verified-v3-muon-3e-4,1.0,782,QuoraRetrieval
17,0.0003,0.08385996489936637,muon,0.8578847916357956,0.9534499483884677,0.75,verified-v3-muon-3e-4,0.8202007889556063,782,SCIDOCS
17,0.0003,0.24939820834062937,muon,0.940202805691365,1.0,0.75,verified-v3-muon-3e-4,0.9769331095982161,782,SciFact
17,0.0003,0.035445088553620385,muon,0.43045511656531,0.8209244271005662,0.75,verified-v3-muon-3e-4,0.7668662780715596,782,TRECCOVID
17,0.0003,0.30633117306381763,muon,0.9898395418215543,0.9769331095982161,0.75,verified-v3-muon-3e-4,0.9769331095982161,782,Touche2020
18,0.0003,0.22112589865013343,muon,0.9051964459608668,1.0,0.75,verified-v3-muon-3e-4,1.0,782,ArguAna
18,0.0003,-0.020895742321557404,muon,-3.0371474527470648,0.9732267740395307,0.75,verified-v3-muon-3e-4,0.7214728789758772,782,ClimateFEVER
18,0.0003,0.2459774759836416,muon,0.8386616428417949,0.9769331095982161,0.75,verified-v3-muon-3e-4,0.9769331095982161,782,DBPedia
18,0.0003,0.3929389176296407,muon,0.9548432112043346,1.0,0.75,verified-v3-muon-3e-4,1.0,782,FEVER
18,0.0003,0.19228405111311997,muon,0.8659337759385108,1.0,0.75,verified-v3-muon-3e-4,0.9769331095982161,782,FiQA2018
18,0.0003,0.28673492777485743,muon,0.9814867451253855,0.96875,0.75,verified-v3-muon-3e-4,0.96875,782,HotpotQA
18,0.0003,0.3855252787320841,muon,0.9162012240644305,1.0,0.75,verified-v3-muon-3e-4,1.0,782,MSMARCO
18,0.0003,-0.03053734686082875,muon,223.76769266591543,0.9266402824400802,0.75,verified-v3-muon-3e-4,0.6655676263649589,782,NFCorpus
18,0.0003,0.3743411630851544,muon,0.9034831115876671,1.0,0.75,verified-v3-muon-3e-4,1.0,782,NQ
18,0.0003,0.469181501862655,muon,0.9625451051560441,1.0,0.75,verified-v3-muon-3e-4,1.0,782,QuoraRetrieval
18,0.0003,0.08095552907327536,muon,0.8281725048911531,0.9811823652716177,0.75,verified-v3-muon-3e-4,0.8440574688428424,782,SCIDOCS
18,0.0003,0.25489589545339825,muon,0.9609284591859515,1.0,0.75,verified-v3-muon-3e-4,0.9769331095982161,782,SciFact
18,0.0003,0.02786299904444122,muon,0.3383760907633285,0.9037631667081993,0.75,verified-v3-muon-3e-4,0.8442500588751274,782,TRECCOVID
18,0.0003,0.28164581793173715,muon,0.9100744288908162,0.9769331095982161,0.75,verified-v3-muon-3e-4,0.9769331095982161,782,Touche2020
19,0.0003,0.23511730461792485,muon,0.962471378627524,1.0,0.75,verified-v3-muon-3e-4,1.0,782,ArguAna
19,0.0003,-0.04580298319917242,muon,-6.657356872556175,0.9935593531979248,0.75,verified-v3-muon-3e-4,0.7365458350573502,782,ClimateFEVER
19,0.0003,0.2707298255163496,muon,0.9230549233252314,1.0,0.75,verified-v3-muon-3e-4,1.0,782,DBPedia
19,0.0003,0.38265591002048527,muon,0.9298554597604345,1.0,0.75,verified-v3-muon-3e-4,1.0,782,FEVER
19,0.0003,0.18972128433790264,muon,0.8543925883170363,1.0,0.75,verified-v3-muon-3e-4,0.9769331095982161,782,FiQA2018
19,0.0003,0.2463095231956196,muon,0.8431115598322735,0.9769331095982161,0.75,verified-v3-muon-3e-4,0.9769331095982161,782,HotpotQA
19,0.0003,0.40490840671395883,muon,0.9622652477818803,1.0,0.75,verified-v3-muon-3e-4,1.0,782,MSMARCO
19,0.0003,-0.02859399824857059,muon,209.52746947323448,0.8614533958172906,0.75,verified-v3-muon-3e-4,0.6187465651378292,782,NFCorpus
19,0.0003,0.36310544953167423,muon,0.8763653953350818,1.0,0.75,verified-v3-muon-3e-4,1.0,782,NQ
19,0.0003,0.46329052456639847,muon,0.9504595234811787,1.0,0.75,verified-v3-muon-3e-4,1.0,782,QuoraRetrieval
19,0.0003,0.050023798640485374,muon,0.5117418797518247,0.9700017235348414,0.75,verified-v3-muon-3e-4,0.834439374899858,782,SCIDOCS
19,0.0003,0.2714405281590775,muon,1.0232998378438416,1.0236115350940154,0.75,verified-v3-muon-3e-4,1.0,782,SciFact
19,0.0003,0.055090563955102125,muon,0.6690352908293125,0.8961987138873018,0.75,verified-v3-muon-3e-4,0.8371837278111365,782,TRECCOVID
19,0.0003,0.2683900256598137,muon,0.8672413498486486,1.0,0.75,verified-v3-muon-3e-4,1.0,782,Touche2020
