2026-09-13T16:46:47.1217449Z Current runner version: '2.337.0'
2026-09-13T16:46:47.1233712Z ##[group]Runner Image Provisioner
2026-09-13T16:46:47.1234222Z Hosted Compute Agent
2026-09-13T16:46:47.1234561Z Version: 20260828.587
2026-09-13T16:46:47.1234982Z Commit: abac92662cab4cc7352de4f9f9d2e2419aad9c29
2026-09-13T16:46:47.1235436Z Build Date: 2026-08-28T16:44:25Z
2026-09-13T16:46:47.1235850Z Worker ID: {413618e7-9052-4766-af7c-f9e60125753c}
2026-09-13T16:46:47.1236271Z Azure Region: westus3
2026-09-13T16:46:47.1236628Z ##[endgroup]
2026-09-13T16:46:47.1237610Z ##[group]Operating System
2026-09-13T16:46:47.1237964Z Ubuntu
2026-09-13T16:46:47.1238304Z 24.04.5
2026-09-13T16:46:47.1238622Z LTS
2026-09-13T16:46:47.1238932Z ##[endgroup]
2026-09-13T16:46:47.1239316Z ##[group]Runner Image
2026-09-13T16:46:47.1239865Z Image: ubuntu-24.04
2026-09-13T16:46:47.1240187Z Version: 20260907.300.1
2026-09-13T16:46:47.1240964Z Included Software: https://github.com/actions/runner-images/blob/ubuntu24/20260907.300/images/ubuntu/Ubuntu2404-Readme.md
2026-09-13T16:46:47.1241886Z Image Release: https://github.com/actions/runner-images/releases/tag/ubuntu24%2F20260907.300
2026-09-13T16:46:47.1242433Z ##[endgroup]
2026-09-13T16:46:47.1243164Z ##[group]GITHUB_TOKEN Permissions
2026-09-13T16:46:47.1244485Z Contents: read
2026-09-13T16:46:47.1244881Z Metadata: read
2026-09-13T16:46:47.1245255Z Packages: read
2026-09-13T16:46:47.1245583Z ##[endgroup]
2026-09-13T16:46:47.1246874Z Secret source: Actions
2026-09-13T16:46:47.1247392Z Cache mode: write
2026-09-13T16:46:47.1248011Z Prepare workflow directory
2026-09-13T16:46:47.1445238Z Prepare all required actions
2026-09-13T16:46:47.1475393Z Getting action download info
2026-09-13T16:46:47.4513538Z Download action repository 'actions/checkout@v7.0.1' (SHA:3d3c42e5aac5ba805825da76410c181273ba90b1)
2026-09-13T16:46:47.6142990Z Download action repository 'astral-sh/setup-uv@v10.0.1' (SHA:20cfd1bf945f4377ade1205e4dbc17946fc9a30d)
2026-09-13T16:46:48.4835920Z Download action repository 'actions/upload-artifact@v4' (SHA:ea165f8d65b6e75b540449e92b4886f43607fa02)
2026-09-13T16:46:48.7114561Z Complete job name: test
2026-09-13T16:46:48.7607345Z ##[group]Run actions/checkout@v7.0.1
2026-09-13T16:46:48.7607795Z with:
2026-09-13T16:46:48.7608034Z   fetch-depth: 0
2026-09-13T16:46:48.7608315Z   repository: qcznlp/embedding-optimizer-study
2026-09-13T16:46:48.7610701Z   token: ***
2026-09-13T16:46:48.7610933Z   ssh-strict: true
2026-09-13T16:46:48.7611176Z   ssh-user: git
2026-09-13T16:46:48.7611427Z   persist-credentials: true
2026-09-13T16:46:48.7611696Z   clean: true
2026-09-13T16:46:48.7611942Z   sparse-checkout-cone-mode: true
2026-09-13T16:46:48.7612226Z   fetch-tags: false
2026-09-13T16:46:48.7612470Z   show-progress: true
2026-09-13T16:46:48.7612723Z   lfs: false
2026-09-13T16:46:48.7612960Z   submodules: false
2026-09-13T16:46:48.7613210Z   set-safe-directory: true
2026-09-13T16:46:48.7613489Z   allow-unsafe-pr-checkout: false
2026-09-13T16:46:48.7613861Z ##[endgroup]
2026-09-13T16:46:48.8285903Z Syncing repository: qcznlp/embedding-optimizer-study
2026-09-13T16:46:48.8287068Z ##[group]Getting Git version info
2026-09-13T16:46:48.8287612Z Working directory is '/home/runner/work/embedding-optimizer-study/embedding-optimizer-study'
2026-09-13T16:46:48.8288309Z [command]/usr/bin/git version
2026-09-13T16:46:48.9556269Z git version 2.55.0
2026-09-13T16:46:48.9569436Z ##[endgroup]
2026-09-13T16:46:48.9577436Z Temporarily overriding HOME='/home/runner/work/_temp/61d179a8-899b-4ef3-a14e-b5cdfc84adfc' before making global git config changes
2026-09-13T16:46:48.9578231Z Adding repository directory to the temporary git global config as a safe directory
2026-09-13T16:46:48.9581919Z [command]/usr/bin/git config --global --add safe.directory /home/runner/work/embedding-optimizer-study/embedding-optimizer-study
2026-09-13T16:46:48.9626748Z Deleting the contents of '/home/runner/work/embedding-optimizer-study/embedding-optimizer-study'
2026-09-13T16:46:48.9628840Z ##[group]Determining repository object format
2026-09-13T16:46:48.9629932Z ##[endgroup]
2026-09-13T16:46:48.9630637Z ##[group]Initializing the repository
2026-09-13T16:46:48.9632846Z [command]/usr/bin/git init /home/runner/work/embedding-optimizer-study/embedding-optimizer-study
2026-09-13T16:46:48.9732071Z hint: Using 'master' as the name for the initial branch. This default branch name
2026-09-13T16:46:48.9732932Z hint: will change to "main" in Git 3.0. To configure the initial branch name
2026-09-13T16:46:48.9733591Z hint: to use in all of your new repositories, which will suppress this warning,
2026-09-13T16:46:48.9733987Z hint: call:
2026-09-13T16:46:48.9734214Z hint:
2026-09-13T16:46:48.9734521Z hint: 	git config --global init.defaultBranch <name>
2026-09-13T16:46:48.9734910Z hint:
2026-09-13T16:46:48.9735403Z hint: Names commonly chosen instead of 'master' are 'main', 'trunk' and
2026-09-13T16:46:48.9736217Z hint: 'development'. The just-created branch can be renamed via this command:
2026-09-13T16:46:48.9736627Z hint:
2026-09-13T16:46:48.9736961Z hint: 	git branch -m <name>
2026-09-13T16:46:48.9737346Z hint:
2026-09-13T16:46:48.9737845Z hint: Disable this message with "git config set advice.defaultBranchName false"
2026-09-13T16:46:48.9738854Z Initialized empty Git repository in /home/runner/work/embedding-optimizer-study/embedding-optimizer-study/.git/
2026-09-13T16:46:48.9741906Z [command]/usr/bin/git remote add origin https://github.com/qcznlp/embedding-optimizer-study
2026-09-13T16:46:49.1555845Z ##[endgroup]
2026-09-13T16:46:49.1556288Z ##[group]Disabling automatic garbage collection
2026-09-13T16:46:49.1558512Z [command]/usr/bin/git config --local gc.auto 0
2026-09-13T16:46:49.1643558Z ##[endgroup]
2026-09-13T16:46:49.1644409Z ##[group]Setting up auth
2026-09-13T16:46:49.1644886Z Removing SSH command configuration
2026-09-13T16:46:49.1645320Z [command]/usr/bin/git config --local --name-only --get-regexp core\.sshCommand
2026-09-13T16:46:49.1646462Z [command]/usr/bin/git submodule foreach --recursive sh -c "git config --local --name-only --get-regexp 'core\.sshCommand' && git config --local --unset-all 'core.sshCommand' || :"
2026-09-13T16:46:49.1971708Z Removing HTTP extra header
2026-09-13T16:46:49.1976118Z [command]/usr/bin/git config --local --name-only --get-regexp http\.https\:\/\/github\.com\/\.extraheader
2026-09-13T16:46:49.2005191Z [command]/usr/bin/git submodule foreach --recursive sh -c "git config --local --name-only --get-regexp 'http\.https\:\/\/github\.com\/\.extraheader' && git config --local --unset-all 'http.https://github.com/.extraheader' || :"
2026-09-13T16:46:49.2185217Z Removing includeIf entries pointing to credentials config files
2026-09-13T16:46:49.2188695Z [command]/usr/bin/git config --local --name-only --get-regexp ^includeIf\.gitdir:
2026-09-13T16:46:49.2216946Z [command]/usr/bin/git submodule foreach --recursive git config --local --show-origin --name-only --get-regexp remote.origin.url
2026-09-13T16:46:49.2395902Z [command]/usr/bin/git config --file /home/runner/work/_temp/git-credentials-c711dd2b-2993-4f34-befe-5087b6eb3dd2.config http.https://github.com/.extraheader AUTHORIZATION: basic ***
2026-09-13T16:46:49.2427529Z [command]/usr/bin/git config --local includeIf.gitdir:/home/runner/work/embedding-optimizer-study/embedding-optimizer-study/.git.path /home/runner/work/_temp/git-credentials-c711dd2b-2993-4f34-befe-5087b6eb3dd2.config
2026-09-13T16:46:49.2453916Z [command]/usr/bin/git config --local includeIf.gitdir:/home/runner/work/embedding-optimizer-study/embedding-optimizer-study/.git/worktrees/*.path /home/runner/work/_temp/git-credentials-c711dd2b-2993-4f34-befe-5087b6eb3dd2.config
2026-09-13T16:46:49.2485136Z [command]/usr/bin/git config --local includeIf.gitdir:/github/workspace/.git.path /github/runner_temp/git-credentials-c711dd2b-2993-4f34-befe-5087b6eb3dd2.config
2026-09-13T16:46:49.2512412Z [command]/usr/bin/git config --local includeIf.gitdir:/github/workspace/.git/worktrees/*.path /github/runner_temp/git-credentials-c711dd2b-2993-4f34-befe-5087b6eb3dd2.config
2026-09-13T16:46:49.2537227Z ##[endgroup]
2026-09-13T16:46:49.2537714Z ##[group]Fetching the repository
2026-09-13T16:46:49.2542006Z [command]/usr/bin/git -c protocol.version=2 fetch --no-tags --prune --no-recurse-submodules origin +refs/heads/*:refs/remotes/origin/* +refs/tags/*:refs/tags/*
2026-09-13T16:46:55.2324239Z From https://github.com/qcznlp/embedding-optimizer-study
2026-09-13T16:46:55.2325704Z  * [new branch]        agent/audit-run-identity -> origin/agent/audit-run-identity
2026-09-13T16:46:55.2326285Z  * [new branch]        agent/audit-training-dynamics -> origin/agent/audit-training-dynamics
2026-09-13T16:46:55.2326885Z  * [new branch]        agent/checkpoint-artifact-audit -> origin/agent/checkpoint-artifact-audit
2026-09-13T16:46:55.2327455Z  * [new branch]        agent/ci-build-wheel -> origin/agent/ci-build-wheel
2026-09-13T16:46:55.2328041Z  * [new branch]        agent/corrected-execution-sensitivity -> origin/agent/corrected-execution-sensitivity
2026-09-13T16:46:55.2328756Z  * [new branch]        agent/corrected-retrieval-bridge -> origin/agent/corrected-retrieval-bridge
2026-09-13T16:46:55.2329694Z  * [new branch]        agent/dense-no-packing-retrain -> origin/agent/dense-no-packing-retrain
2026-09-13T16:46:55.2330346Z  * [new branch]        agent/document-optimizer-routing -> origin/agent/document-optimizer-routing
2026-09-13T16:46:55.2330994Z  * [new branch]        agent/document-third-muon-recovery -> origin/agent/document-third-muon-recovery
2026-09-13T16:46:55.2331646Z  * [new branch]        agent/finalize-public-handoff -> origin/agent/finalize-public-handoff
2026-09-13T16:46:55.2332276Z  * [new branch]        agent/handoff-live-status -> origin/agent/handoff-live-status
2026-09-13T16:46:55.2332859Z  * [new branch]        agent/package-evaluation-workers -> origin/agent/package-evaluation-workers
2026-09-13T16:46:55.2333473Z  * [new branch]        agent/package-study-metadata -> origin/agent/package-study-metadata
2026-09-13T16:46:55.2334149Z  * [new branch]        agent/posthoc-task-stability -> origin/agent/posthoc-task-stability
2026-09-13T16:46:55.2334841Z  * [new branch]        agent/shortlist-corpus-story -> origin/agent/shortlist-corpus-story
2026-09-13T16:46:55.2335675Z  * [new branch]        agent/upgrade-ci-actions -> origin/agent/upgrade-ci-actions
2026-09-13T16:46:55.2336288Z  * [new branch]        analysis/state-operator-completion -> origin/analysis/state-operator-completion
2026-09-13T16:46:55.2336918Z  * [new branch]        codex/checkpoint-1563-handoff -> origin/codex/checkpoint-1563-handoff
2026-09-13T16:46:55.2337484Z  * [new branch]        codex/state-operator-factorial -> origin/codex/state-operator-factorial
2026-09-13T16:46:55.2338053Z  * [new branch]        feat/muon-embedding-study -> origin/feat/muon-embedding-study
2026-09-13T16:46:55.2338506Z  * [new branch]        main                 -> origin/main
2026-09-13T16:46:55.2339029Z  * [new branch]        ops/publication-narrative-receipt -> origin/ops/publication-narrative-receipt
2026-09-13T16:46:55.2339818Z  * [new branch]        paper/corrected-layout-fixture -> origin/paper/corrected-layout-fixture
2026-09-13T16:46:55.2340489Z  * [new branch]        paper/corrected-outcome-propagation -> origin/paper/corrected-outcome-propagation
2026-09-13T16:46:55.2342192Z [command]/usr/bin/git branch --list --remote origin/main
2026-09-13T16:46:55.2362643Z   origin/main
2026-09-13T16:46:55.2368536Z [command]/usr/bin/git rev-parse refs/remotes/origin/main
2026-09-13T16:46:55.2390480Z b0fa533fceee53906e7de36c7e3e255285be1745
2026-09-13T16:46:55.2394139Z ##[endgroup]
2026-09-13T16:46:55.2394743Z ##[group]Determining the checkout info
2026-09-13T16:46:55.2395218Z ##[endgroup]
2026-09-13T16:46:55.2397507Z [command]/usr/bin/git sparse-checkout disable
2026-09-13T16:46:55.2590086Z [command]/usr/bin/git config --local --unset-all extensions.worktreeConfig
2026-09-13T16:46:55.2616499Z ##[group]Checking out the ref
2026-09-13T16:46:55.2618894Z [command]/usr/bin/git checkout --progress --force -B main refs/remotes/origin/main
2026-09-13T16:46:56.2800489Z Updating files:  17% (2700/15413)
2026-09-13T16:46:56.3220392Z Updating files:  18% (2775/15413)
2026-09-13T16:46:56.4211326Z Updating files:  19% (2929/15413)
2026-09-13T16:46:56.4855237Z Updating files:  20% (3083/15413)
2026-09-13T16:46:56.4893339Z Updating files:  21% (3237/15413)
2026-09-13T16:46:56.5554730Z Updating files:  22% (3391/15413)
2026-09-13T16:46:56.5891289Z Updating files:  23% (3545/15413)
2026-09-13T16:46:56.5965853Z Updating files:  24% (3700/15413)
2026-09-13T16:46:56.6020103Z Updating files:  25% (3854/15413)
2026-09-13T16:46:56.6075087Z Updating files:  26% (4008/15413)
2026-09-13T16:46:56.6130325Z Updating files:  27% (4162/15413)
2026-09-13T16:46:56.6194671Z Updating files:  28% (4316/15413)
2026-09-13T16:46:56.6686726Z Updating files:  29% (4470/15413)
2026-09-13T16:46:56.6801679Z Updating files:  30% (4624/15413)
2026-09-13T16:46:56.6899959Z Updating files:  31% (4779/15413)
2026-09-13T16:46:56.7017185Z Updating files:  32% (4933/15413)
2026-09-13T16:46:56.7094459Z Updating files:  33% (5087/15413)
2026-09-13T16:46:56.7142315Z Updating files:  34% (5241/15413)
2026-09-13T16:46:56.7183718Z Updating files:  35% (5395/15413)
2026-09-13T16:46:56.7229693Z Updating files:  36% (5549/15413)
2026-09-13T16:46:56.7296878Z Updating files:  37% (5703/15413)
2026-09-13T16:46:56.7391003Z Updating files:  38% (5857/15413)
2026-09-13T16:46:56.7498513Z Updating files:  39% (6012/15413)
2026-09-13T16:46:56.7581951Z Updating files:  40% (6166/15413)
2026-09-13T16:46:56.7691190Z Updating files:  41% (6320/15413)
2026-09-13T16:46:56.7778106Z Updating files:  42% (6474/15413)
2026-09-13T16:46:56.7892614Z Updating files:  43% (6628/15413)
2026-09-13T16:46:56.8230061Z Updating files:  44% (6782/15413)
2026-09-13T16:46:56.8916711Z Updating files:  45% (6936/15413)
2026-09-13T16:46:56.9285805Z Updating files:  46% (7090/15413)
2026-09-13T16:46:56.9322648Z Updating files:  47% (7245/15413)
2026-09-13T16:46:56.9358825Z Updating files:  48% (7399/15413)
2026-09-13T16:46:56.9427400Z Updating files:  49% (7553/15413)
2026-09-13T16:46:56.9678921Z Updating files:  50% (7707/15413)
2026-09-13T16:46:56.9832564Z Updating files:  51% (7861/15413)
2026-09-13T16:46:57.0138482Z Updating files:  52% (8015/15413)
2026-09-13T16:46:57.0465378Z Updating files:  53% (8169/15413)
2026-09-13T16:46:57.1570108Z Updating files:  54% (8324/15413)
2026-09-13T16:46:57.2070820Z Updating files:  55% (8478/15413)
2026-09-13T16:46:57.2679148Z Updating files:  56% (8632/15413)
2026-09-13T16:46:57.2755387Z Updating files:  57% (8786/15413)
2026-09-13T16:46:57.2783511Z Updating files:  57% (8871/15413)
2026-09-13T16:46:57.3087165Z Updating files:  58% (8940/15413)
2026-09-13T16:46:57.3686641Z Updating files:  59% (9094/15413)
2026-09-13T16:46:57.3991707Z Updating files:  60% (9248/15413)
2026-09-13T16:46:57.4327208Z Updating files:  61% (9402/15413)
2026-09-13T16:46:57.4367490Z Updating files:  62% (9557/15413)
2026-09-13T16:46:57.4683131Z Updating files:  63% (9711/15413)
2026-09-13T16:46:57.4731332Z Updating files:  64% (9865/15413)
2026-09-13T16:46:57.4775256Z Updating files:  65% (10019/15413)
2026-09-13T16:46:57.4857876Z Updating files:  66% (10173/15413)
2026-09-13T16:46:57.4902140Z Updating files:  67% (10327/15413)
2026-09-13T16:46:57.5361487Z Updating files:  68% (10481/15413)
2026-09-13T16:46:57.5630508Z Updating files:  69% (10635/15413)
2026-09-13T16:46:57.5773511Z Updating files:  70% (10790/15413)
2026-09-13T16:46:57.6114543Z Updating files:  71% (10944/15413)
2026-09-13T16:46:57.6338931Z Updating files:  72% (11098/15413)
2026-09-13T16:46:57.6464750Z Updating files:  73% (11252/15413)
2026-09-13T16:46:57.7043486Z Updating files:  74% (11406/15413)
2026-09-13T16:46:57.7327928Z Updating files:  75% (11560/15413)
2026-09-13T16:46:57.7447545Z Updating files:  76% (11714/15413)
2026-09-13T16:46:57.7578590Z Updating files:  77% (11869/15413)
2026-09-13T16:46:57.7671779Z Updating files:  78% (12023/15413)
2026-09-13T16:46:57.7749165Z Updating files:  79% (12177/15413)
2026-09-13T16:46:57.7824505Z Updating files:  80% (12331/15413)
2026-09-13T16:46:57.7897644Z Updating files:  81% (12485/15413)
2026-09-13T16:46:57.7967916Z Updating files:  82% (12639/15413)
2026-09-13T16:46:57.8039875Z Updating files:  83% (12793/15413)
2026-09-13T16:46:57.8110553Z Updating files:  84% (12947/15413)
2026-09-13T16:46:57.8179786Z Updating files:  85% (13102/15413)
2026-09-13T16:46:57.8249416Z Updating files:  86% (13256/15413)
2026-09-13T16:46:57.8326707Z Updating files:  87% (13410/15413)
2026-09-13T16:46:57.8396723Z Updating files:  88% (13564/15413)
2026-09-13T16:46:57.8461954Z Updating files:  89% (13718/15413)
2026-09-13T16:46:57.8525625Z Updating files:  90% (13872/15413)
2026-09-13T16:46:57.8586821Z Updating files:  91% (14026/15413)
2026-09-13T16:46:57.8646742Z Updating files:  92% (14180/15413)
2026-09-13T16:46:57.8868071Z Updating files:  93% (14335/15413)
2026-09-13T16:46:57.8936114Z Updating files:  94% (14489/15413)
2026-09-13T16:46:58.1242126Z Updating files:  95% (14643/15413)
2026-09-13T16:46:58.1333445Z Updating files:  96% (14797/15413)
2026-09-13T16:46:58.1451257Z Updating files:  97% (14951/15413)
2026-09-13T16:46:58.1558480Z Updating files:  98% (15105/15413)
2026-09-13T16:46:58.1657286Z Updating files:  99% (15259/15413)
2026-09-13T16:46:58.1657475Z Updating files: 100% (15413/15413)
2026-09-13T16:46:58.1658643Z Updating files: 100% (15413/15413), done.
2026-09-13T16:46:58.2399913Z Switched to a new branch 'main'
2026-09-13T16:46:58.2406107Z branch 'main' set up to track 'origin/main'.
2026-09-13T16:46:58.2470799Z ##[endgroup]
2026-09-13T16:46:58.2513730Z [command]/usr/bin/git log -1 --format=%H
2026-09-13T16:46:58.2538692Z b0fa533fceee53906e7de36c7e3e255285be1745
2026-09-13T16:46:58.2730796Z ##[group]Run astral-sh/setup-uv@v10.0.1
2026-09-13T16:46:58.2730957Z with:
2026-09-13T16:46:58.2731075Z   python-version: 3.12
2026-09-13T16:46:58.2731204Z   enable-cache: true
2026-09-13T16:46:58.2731340Z   activate-environment: false
2026-09-13T16:46:58.2731481Z   no-project: false
2026-09-13T16:46:58.2731709Z   working-directory: /home/runner/work/embedding-optimizer-study/embedding-optimizer-study
2026-09-13T16:46:58.2733300Z   github-token: ***
2026-09-13T16:46:58.2733618Z   cache-dependency-glob: **/*requirements*.txt
**/*requirements*.in
**/*constraints*.txt
**/*constraints*.in
**/pyproject.toml
**/uv.lock
**/*.py.lock

2026-09-13T16:46:58.2733952Z   restore-cache: true
2026-09-13T16:46:58.2734073Z   save-cache: true
2026-09-13T16:46:58.2734209Z   prune-cache: false
2026-09-13T16:46:58.2734333Z   cache-python: false
2026-09-13T16:46:58.2734467Z   ignore-nothing-to-cache: false
2026-09-13T16:46:58.2734621Z   ignore-empty-workdir: false
2026-09-13T16:46:58.2734796Z   download-from-astral-mirror: true
2026-09-13T16:46:58.2734952Z   add-problem-matchers: true
2026-09-13T16:46:58.2735086Z   quiet: false
2026-09-13T16:46:58.2735208Z   resolution-strategy: highest
2026-09-13T16:46:58.2735346Z ##[endgroup]
2026-09-13T16:46:58.3813458Z Trying to find version for uv in: /home/runner/work/embedding-optimizer-study/embedding-optimizer-study/uv.toml
2026-09-13T16:46:58.3814974Z Could not find file: /home/runner/work/embedding-optimizer-study/embedding-optimizer-study/uv.toml
2026-09-13T16:46:58.3815940Z Trying to find version for uv in: /home/runner/work/embedding-optimizer-study/embedding-optimizer-study/pyproject.toml
2026-09-13T16:46:58.3850241Z Could not determine uv version from uv.toml or pyproject.toml. Falling back to latest.
2026-09-13T16:46:58.3856399Z Fetching manifest data from https://raw.githubusercontent.com/astral-sh/versions/main/v1/uv.ndjson ...
2026-09-13T16:46:58.4421786Z Downloading uv from "https://releases.astral.sh/github/uv/releases/download/0.12.13/uv-x86_64-unknown-linux-gnu.tar.gz" ...
2026-09-13T16:46:58.6990060Z [command]/usr/bin/tar xz --warning=no-unknown-keyword --overwrite -C /home/runner/work/_temp/ff2603f6-0265-4c2c-862c-29195a956674 -f /home/runner/work/_temp/c1ddcbe2-c8a5-4b30-bf7e-b5f76d8a7955
2026-09-13T16:46:59.2951018Z Added /home/runner/.local/bin to the path
2026-09-13T16:46:59.2952892Z Added /opt/hostedtoolcache/uv/0.12.13/x86_64 to the path
2026-09-13T16:46:59.2953651Z Set UV_PYTHON_INSTALL_DIR to /home/runner/work/_temp/uv-python-dir
2026-09-13T16:46:59.2954231Z Added /home/runner/work/_temp/uv-python-dir to the path
2026-09-13T16:46:59.2954517Z Set UV_PYTHON to 3.12
2026-09-13T16:46:59.2971719Z Set UV_CACHE_DIR to /home/runner/work/_temp/setup-uv-cache
2026-09-13T16:46:59.2971946Z Successfully installed uv version 0.12.13
2026-09-13T16:46:59.2973315Z Searching files using cache dependency glob: /home/runner/work/embedding-optimizer-study/embedding-optimizer-study/**/*requirements*.txt,/home/runner/work/embedding-optimizer-study/embedding-optimizer-study/**/*requirements*.in,/home/runner/work/embedding-optimizer-study/embedding-optimizer-study/**/*constraints*.txt,/home/runner/work/embedding-optimizer-study/embedding-optimizer-study/**/*constraints*.in,/home/runner/work/embedding-optimizer-study/embedding-optimizer-study/**/pyproject.toml,/home/runner/work/embedding-optimizer-study/embedding-optimizer-study/**/uv.lock,/home/runner/work/embedding-optimizer-study/embedding-optimizer-study/**/*.py.lock
2026-09-13T16:46:59.3154034Z /home/runner/work/embedding-optimizer-study/embedding-optimizer-study/configs/formal_runtime_constraints.txt
2026-09-13T16:46:59.3238506Z /home/runner/work/embedding-optimizer-study/embedding-optimizer-study/pyproject.toml
2026-09-13T16:46:59.5141082Z /home/runner/work/embedding-optimizer-study/embedding-optimizer-study/reports/engineering-archive/dense-v3-current-paper-entry-v1/actual/before/pyproject.toml
2026-09-13T16:46:59.5197936Z /home/runner/work/embedding-optimizer-study/embedding-optimizer-study/reports/engineering-archive/dense-v3-current-paper-entry-v1/source-current/pyproject.toml
2026-09-13T16:46:59.5587613Z /home/runner/work/embedding-optimizer-study/embedding-optimizer-study/reports/engineering-archive/dense-v3-distribution-recovery-surface-v1/baseline/pyproject.toml
2026-09-13T16:46:59.5594784Z /home/runner/work/embedding-optimizer-study/embedding-optimizer-study/reports/engineering-archive/dense-v3-distribution-recovery-surface-v1/expanded/pyproject.toml
2026-09-13T16:46:59.6181337Z /home/runner/work/embedding-optimizer-study/embedding-optimizer-study/reports/engineering-archive/dense-v3-factorial-calibration-v1/actual/source-first/configs/formal_runtime_constraints.txt
2026-09-13T16:46:59.6191946Z /home/runner/work/embedding-optimizer-study/embedding-optimizer-study/reports/engineering-archive/dense-v3-factorial-calibration-v1/actual/source-first/requirements-formal-flash.txt
2026-09-13T16:46:59.6232708Z /home/runner/work/embedding-optimizer-study/embedding-optimizer-study/reports/engineering-archive/dense-v3-factorial-calibration-v1/actual/source-second/configs/formal_runtime_constraints.txt
2026-09-13T16:46:59.6242158Z /home/runner/work/embedding-optimizer-study/embedding-optimizer-study/reports/engineering-archive/dense-v3-factorial-calibration-v1/actual/source-second/requirements-formal-flash.txt
2026-09-13T16:46:59.6281728Z /home/runner/work/embedding-optimizer-study/embedding-optimizer-study/reports/engineering-archive/dense-v3-factorial-calibration-v1/actual/source-third/configs/formal_runtime_constraints.txt
2026-09-13T16:46:59.6290133Z /home/runner/work/embedding-optimizer-study/embedding-optimizer-study/reports/engineering-archive/dense-v3-factorial-calibration-v1/actual/source-third/requirements-formal-flash.txt
2026-09-13T16:46:59.6336715Z /home/runner/work/embedding-optimizer-study/embedding-optimizer-study/reports/engineering-archive/dense-v3-factorial-factory-v1/actual/source-first/configs/formal_runtime_constraints.txt
2026-09-13T16:46:59.6346774Z /home/runner/work/embedding-optimizer-study/embedding-optimizer-study/reports/engineering-archive/dense-v3-factorial-factory-v1/actual/source-first/requirements-formal-flash.txt
2026-09-13T16:46:59.6995051Z /home/runner/work/embedding-optimizer-study/embedding-optimizer-study/reports/engineering-archive/dense-v3-factorial-run-contract-v1/actual/source-fifth/configs/formal_runtime_constraints.txt
2026-09-13T16:46:59.7005497Z /home/runner/work/embedding-optimizer-study/embedding-optimizer-study/reports/engineering-archive/dense-v3-factorial-run-contract-v1/actual/source-fifth/requirements-formal-flash.txt
2026-09-13T16:46:59.7045636Z /home/runner/work/embedding-optimizer-study/embedding-optimizer-study/reports/engineering-archive/dense-v3-factorial-run-contract-v1/actual/source-first/configs/formal_runtime_constraints.txt
2026-09-13T16:46:59.7055359Z /home/runner/work/embedding-optimizer-study/embedding-optimizer-study/reports/engineering-archive/dense-v3-factorial-run-contract-v1/actual/source-first/requirements-formal-flash.txt
2026-09-13T16:46:59.7097428Z /home/runner/work/embedding-optimizer-study/embedding-optimizer-study/reports/engineering-archive/dense-v3-factorial-run-contract-v1/actual/source-fourth/configs/formal_runtime_constraints.txt
2026-09-13T16:46:59.7108062Z /home/runner/work/embedding-optimizer-study/embedding-optimizer-study/reports/engineering-archive/dense-v3-factorial-run-contract-v1/actual/source-fourth/requirements-formal-flash.txt
2026-09-13T16:46:59.7152129Z /home/runner/work/embedding-optimizer-study/embedding-optimizer-study/reports/engineering-archive/dense-v3-factorial-run-contract-v1/actual/source-second/configs/formal_runtime_constraints.txt
2026-09-13T16:46:59.7161344Z /home/runner/work/embedding-optimizer-study/embedding-optimizer-study/reports/engineering-archive/dense-v3-factorial-run-contract-v1/actual/source-second/requirements-formal-flash.txt
2026-09-13T16:46:59.7201044Z /home/runner/work/embedding-optimizer-study/embedding-optimizer-study/reports/engineering-archive/dense-v3-factorial-run-contract-v1/actual/source-third/configs/formal_runtime_constraints.txt
2026-09-13T16:46:59.7210519Z /home/runner/work/embedding-optimizer-study/embedding-optimizer-study/reports/engineering-archive/dense-v3-factorial-run-contract-v1/actual/source-third/requirements-formal-flash.txt
2026-09-13T16:46:59.7320841Z /home/runner/work/embedding-optimizer-study/embedding-optimizer-study/reports/engineering-archive/dense-v3-factorial-trainer-integration-v2/actual/source-first/configs/formal_runtime_constraints.txt
2026-09-13T16:46:59.7331629Z /home/runner/work/embedding-optimizer-study/embedding-optimizer-study/reports/engineering-archive/dense-v3-factorial-trainer-integration-v2/actual/source-first/requirements-formal-flash.txt
2026-09-13T16:46:59.7371180Z /home/runner/work/embedding-optimizer-study/embedding-optimizer-study/reports/engineering-archive/dense-v3-factorial-trainer-integration-v2/actual/source-gradient/configs/formal_runtime_constraints.txt
2026-09-13T16:46:59.7381316Z /home/runner/work/embedding-optimizer-study/embedding-optimizer-study/reports/engineering-archive/dense-v3-factorial-trainer-integration-v2/actual/source-gradient/requirements-formal-flash.txt
2026-09-13T16:46:59.7415705Z /home/runner/work/embedding-optimizer-study/embedding-optimizer-study/reports/engineering-archive/dense-v3-factorial-trainer-integration-v2/actual/source-second/configs/formal_runtime_constraints.txt
2026-09-13T16:46:59.7425125Z /home/runner/work/embedding-optimizer-study/embedding-optimizer-study/reports/engineering-archive/dense-v3-factorial-trainer-integration-v2/actual/source-second/requirements-formal-flash.txt
2026-09-13T16:46:59.7458321Z /home/runner/work/embedding-optimizer-study/embedding-optimizer-study/reports/engineering-archive/dense-v3-factorial-trainer-integration-v2/actual/source-third/configs/formal_runtime_constraints.txt
2026-09-13T16:46:59.7467588Z /home/runner/work/embedding-optimizer-study/embedding-optimizer-study/reports/engineering-archive/dense-v3-factorial-trainer-integration-v2/actual/source-third/requirements-formal-flash.txt
2026-09-13T16:46:59.7621857Z /home/runner/work/embedding-optimizer-study/embedding-optimizer-study/reports/engineering-archive/dense-v3-factorial-worker-v1/actual/source-final/configs/formal_runtime_constraints.txt
2026-09-13T16:46:59.7631783Z /home/runner/work/embedding-optimizer-study/embedding-optimizer-study/reports/engineering-archive/dense-v3-factorial-worker-v1/actual/source-final/requirements-formal-flash.txt
2026-09-13T16:46:59.9093623Z /home/runner/work/embedding-optimizer-study/embedding-optimizer-study/reports/engineering-archive/dense-v3-numerical-source-integration-v1/after/pyproject.toml
2026-09-13T16:46:59.9115002Z /home/runner/work/embedding-optimizer-study/embedding-optimizer-study/reports/engineering-archive/dense-v3-numerical-source-integration-v1/before/pyproject.toml
2026-09-13T16:46:59.9407289Z /home/runner/work/embedding-optimizer-study/embedding-optimizer-study/reports/engineering-archive/dense-v3-portable-factorial-checkpoint-v1/after/pyproject.toml
2026-09-13T16:46:59.9420120Z /home/runner/work/embedding-optimizer-study/embedding-optimizer-study/reports/engineering-archive/dense-v3-portable-factorial-checkpoint-v1/before/pyproject.toml
2026-09-13T16:46:59.9450047Z /home/runner/work/embedding-optimizer-study/embedding-optimizer-study/reports/engineering-archive/dense-v3-portable-handoff-v1/after/pyproject.toml
2026-09-13T16:46:59.9457563Z /home/runner/work/embedding-optimizer-study/embedding-optimizer-study/reports/engineering-archive/dense-v3-portable-handoff-v1/before/pyproject.toml
2026-09-13T16:46:59.9493570Z /home/runner/work/embedding-optimizer-study/embedding-optimizer-study/reports/engineering-archive/dense-v3-portable-input-roles-v1/after/pyproject.toml
2026-09-13T16:46:59.9552324Z /home/runner/work/embedding-optimizer-study/embedding-optimizer-study/reports/engineering-archive/dense-v3-portable-restore-v1/after/pyproject.toml
2026-09-13T16:46:59.9558699Z /home/runner/work/embedding-optimizer-study/embedding-optimizer-study/reports/engineering-archive/dense-v3-portable-restore-v1/before/pyproject.toml
2026-09-13T16:46:59.9661324Z /home/runner/work/embedding-optimizer-study/embedding-optimizer-study/reports/engineering-archive/dense-v3-primary-launch-v1/assembled-source/configs/formal_runtime_constraints.txt
2026-09-13T16:46:59.9669912Z /home/runner/work/embedding-optimizer-study/embedding-optimizer-study/reports/engineering-archive/dense-v3-primary-launch-v1/assembled-source/requirements-formal-flash.txt
2026-09-13T16:47:00.0476179Z /home/runner/work/embedding-optimizer-study/embedding-optimizer-study/reports/engineering-archive/dense-v3-release-transition-v1/actual/before/pyproject.toml
2026-09-13T16:47:00.0842750Z /home/runner/work/embedding-optimizer-study/embedding-optimizer-study/reports/engineering-archive/dense-v3-versioned-paper-reproduction-v1/source/pyproject.toml
2026-09-13T16:47:00.1476846Z /home/runner/work/embedding-optimizer-study/embedding-optimizer-study/requirements-ci-flash-wheel.txt
2026-09-13T16:47:00.1482558Z /home/runner/work/embedding-optimizer-study/embedding-optimizer-study/requirements-formal-flash.txt
2026-09-13T16:47:00.1486770Z /home/runner/work/embedding-optimizer-study/embedding-optimizer-study/requirements-primary-replay.txt
2026-09-13T16:47:00.3743978Z /home/runner/work/embedding-optimizer-study/embedding-optimizer-study/uv.lock
2026-09-13T16:47:00.3758642Z Found 51 files to hash.
2026-09-13T16:47:00.3818421Z Trying to restore cache from GitHub Actions cache with key: setup-uv-2-x86_64-unknown-linux-gnu-ubuntu-24.04-3.12-8d71a381ddb771ef53d6cc61f2a42c25ec75ea515cdf2cf933dbb7b7e2393a20
2026-09-13T16:47:00.5888334Z No GitHub Actions cache found for key: setup-uv-2-x86_64-unknown-linux-gnu-ubuntu-24.04-3.12-8d71a381ddb771ef53d6cc61f2a42c25ec75ea515cdf2cf933dbb7b7e2393a20
2026-09-13T16:47:00.7017056Z ##[group]Run uv sync --extra dev --extra eval --extra analysis
2026-09-13T16:47:00.7017348Z [36;1muv sync --extra dev --extra eval --extra analysis[0m
2026-09-13T16:47:00.7053137Z shell: /usr/bin/bash -e {0}
2026-09-13T16:47:00.7053283Z env:
2026-09-13T16:47:00.7053444Z   UV_PYTHON_INSTALL_DIR: /home/runner/work/_temp/uv-python-dir
2026-09-13T16:47:00.7053632Z   UV_PYTHON: 3.12
2026-09-13T16:47:00.7053775Z   UV_CACHE_DIR: /home/runner/work/_temp/setup-uv-cache
2026-09-13T16:47:00.7053942Z ##[endgroup]
2026-09-13T16:47:00.8438338Z Using CPython 3.12.3 interpreter at: /usr/bin/python3.12
2026-09-13T16:47:00.8438697Z Creating virtual environment at: .venv
2026-09-13T16:47:00.8484813Z Resolved 135 packages in 0.85ms
2026-09-13T16:47:00.8632492Z    Building embedding-optimizer-study @ file:///home/runner/work/embedding-optimizer-study/embedding-optimizer-study
2026-09-13T16:47:00.9218830Z Downloading pandas (10.5MiB)
2026-09-13T16:47:00.9222046Z Downloading transformers (10.2MiB)
2026-09-13T16:47:00.9230239Z Downloading sympy (6.0MiB)
2026-09-13T16:47:00.9230832Z Downloading hf-xet (4.3MiB)
2026-09-13T16:47:00.9231194Z Downloading tokenizers (3.1MiB)
2026-09-13T16:47:00.9231443Z Downloading networkx (2.0MiB)
2026-09-13T16:47:00.9231678Z Downloading aiohttp (1.7MiB)
2026-09-13T16:47:00.9233646Z Downloading pygments (1.2MiB)
2026-09-13T16:47:00.9386786Z Downloading fonttools (4.8MiB)
2026-09-13T16:47:00.9389754Z Downloading mteb (5.9MiB)
2026-09-13T16:47:00.9390372Z Downloading numpy (15.9MiB)
2026-09-13T16:47:00.9390927Z Downloading setuptools (1.0MiB)
2026-09-13T16:47:00.9391617Z Downloading nvidia-cufile-cu12 (1.1MiB)
2026-09-13T16:47:00.9392198Z Downloading pyarrow (45.4MiB)
2026-09-13T16:47:00.9393609Z Downloading nvidia-nvjitlink-cu12 (37.4MiB)
2026-09-13T16:47:00.9394165Z Downloading kiwisolver (1.4MiB)
2026-09-13T16:47:00.9394882Z Downloading triton (162.6MiB)
2026-09-13T16:47:00.9395605Z Downloading polars-runtime-32 (54.6MiB)
2026-09-13T16:47:00.9396234Z Downloading pillow (6.6MiB)
2026-09-13T16:47:00.9396998Z Downloading nvidia-cudnn-cu12 (674.0MiB)
2026-09-13T16:47:00.9397629Z Downloading fast-plaid (2.0MiB)
2026-09-13T16:47:00.9398410Z Downloading usearch (2.3MiB)
2026-09-13T16:47:00.9399071Z Downloading wandb (28.3MiB)
2026-09-13T16:47:00.9399958Z Downloading scikit-learn (8.7MiB)
2026-09-13T16:47:00.9401333Z Downloading nvidia-cusparselt-cu12 (273.9MiB)
2026-09-13T16:47:00.9402710Z Downloading nvidia-cublas-cu12 (566.8MiB)
2026-09-13T16:47:00.9403593Z Downloading pydantic-core (2.0MiB)
2026-09-13T16:47:00.9404390Z Downloading nvidia-cuda-cupti-cu12 (9.8MiB)
2026-09-13T16:47:00.9405177Z Downloading numkong (10.0MiB)
2026-09-13T16:47:00.9406705Z Downloading nvidia-cuda-nvrtc-cu12 (84.0MiB)
2026-09-13T16:47:00.9407520Z Downloading scipy (33.7MiB)
2026-09-13T16:47:00.9408263Z Downloading nvidia-nvshmem-cu12 (118.9MiB)
2026-09-13T16:47:00.9410067Z Downloading nvidia-cusparse-cu12 (274.9MiB)
2026-09-13T16:47:00.9410895Z Downloading nvidia-cufft-cu12 (184.2MiB)
2026-09-13T16:47:00.9411796Z Downloading torch (858.1MiB)
2026-09-13T16:47:00.9412668Z Downloading nvidia-nccl-cu12 (307.4MiB)
2026-09-13T16:47:00.9413404Z Downloading ruff (10.5MiB)
2026-09-13T16:47:00.9414289Z Downloading nvidia-curand-cu12 (60.7MiB)
2026-09-13T16:47:00.9415187Z Downloading matplotlib (9.6MiB)
2026-09-13T16:47:00.9416083Z Downloading nvidia-cusolver-cu12 (255.1MiB)
2026-09-13T16:47:01.5184950Z  Downloaded setuptools
2026-09-13T16:47:01.5378341Z  Downloaded nvidia-cufile-cu12
2026-09-13T16:47:01.5420169Z  Downloaded pygments
2026-09-13T16:47:01.5721489Z  Downloaded kiwisolver
2026-09-13T16:47:01.7222028Z  Downloaded aiohttp
2026-09-13T16:47:01.7503641Z  Downloaded fast-plaid
2026-09-13T16:47:01.7504254Z  Downloaded pydantic-core
2026-09-13T16:47:01.7510583Z  Downloaded networkx
2026-09-13T16:47:01.7820685Z  Downloaded usearch
2026-09-13T16:47:01.8923013Z    Building docopt==0.6.2
2026-09-13T16:47:01.9289112Z  Downloaded tokenizers
2026-09-13T16:47:02.1723257Z  Downloaded hf-xet
2026-09-13T16:47:02.2550353Z  Downloaded fonttools
2026-09-13T16:47:02.3733603Z  Downloaded sympy
2026-09-13T16:47:02.3992399Z  Downloaded mteb
2026-09-13T16:47:02.4286798Z  Downloaded pillow
2026-09-13T16:47:02.6433830Z  Downloaded scikit-learn
2026-09-13T16:47:02.7391033Z  Downloaded matplotlib
2026-09-13T16:47:02.7582324Z  Downloaded nvidia-cuda-cupti-cu12
2026-09-13T16:47:02.7609168Z  Downloaded transformers
2026-09-13T16:47:02.7760449Z  Downloaded numkong
2026-09-13T16:47:02.8152966Z  Downloaded pandas
2026-09-13T16:47:02.8340620Z  Downloaded ruff
2026-09-13T16:47:03.3510438Z  Downloaded numpy
2026-09-13T16:47:03.5502637Z       Built embedding-optimizer-study @ file:///home/runner/work/embedding-optimizer-study/embedding-optimizer-study
2026-09-13T16:47:03.5775927Z       Built docopt==0.6.2
2026-09-13T16:47:04.0123982Z  Downloaded wandb
2026-09-13T16:47:05.6586803Z  Downloaded scipy
2026-09-13T16:47:06.1866778Z  Downloaded nvidia-nvjitlink-cu12
2026-09-13T16:47:07.0147600Z  Downloaded pyarrow
2026-09-13T16:47:10.5648720Z  Downloaded nvidia-curand-cu12
2026-09-13T16:47:10.9950745Z  Downloaded polars-runtime-32
2026-09-13T16:47:11.8064186Z  Downloaded nvidia-cuda-nvrtc-cu12
2026-09-13T16:47:15.5884857Z  Downloaded nvidia-nvshmem-cu12
2026-09-13T16:47:19.9900530Z  Downloaded nvidia-cufft-cu12
2026-09-13T16:47:24.8221059Z  Downloaded nvidia-cusolver-cu12
2026-09-13T16:47:24.9486541Z  Downloaded triton
2026-09-13T16:47:25.4713763Z  Downloaded nvidia-cusparse-cu12
2026-09-13T16:47:26.4571046Z  Downloaded nvidia-cusparselt-cu12
2026-09-13T16:47:26.9348889Z  Downloaded nvidia-nccl-cu12
2026-09-13T16:47:33.6347648Z  Downloaded nvidia-cublas-cu12
2026-09-13T16:47:35.7956029Z  Downloaded nvidia-cudnn-cu12
2026-09-13T16:47:38.0789194Z  Downloaded torch
2026-09-13T16:47:38.1407924Z Prepared 118 packages in 37.28s
2026-09-13T16:47:39.8648584Z Installed 118 packages in 1.72s
2026-09-13T16:47:39.8649205Z  + accelerate==1.14.0
2026-09-13T16:47:39.8649443Z  + aiohappyeyeballs==2.7.1
2026-09-13T16:47:39.8649818Z  + aiohttp==3.14.3
2026-09-13T16:47:39.8650074Z  + aiosignal==1.4.0
2026-09-13T16:47:39.8650280Z  + annotated-doc==0.0.5
2026-09-13T16:47:39.8650505Z  + annotated-types==0.8.0
2026-09-13T16:47:39.8650720Z  + anyio==4.14.2
2026-09-13T16:47:39.8650910Z  + attrs==26.1.0
2026-09-13T16:47:39.8653048Z  + certifi==2026.7.22
2026-09-13T16:47:39.8653543Z  + cffconvert==2.0.0
2026-09-13T16:47:39.8653755Z  + charset-normalizer==3.5.1
2026-09-13T16:47:39.8653967Z  + click==8.4.2
2026-09-13T16:47:39.8654147Z  + contourpy==1.3.3
2026-09-13T16:47:39.8654338Z  + coverage==7.15.4
2026-09-13T16:47:39.8654516Z  + cycler==0.12.1
2026-09-13T16:47:39.8654696Z  + datasets==4.8.5
2026-09-13T16:47:39.8654873Z  + dill==0.4.1
2026-09-13T16:47:39.8655047Z  + docopt==0.6.2
2026-09-13T16:47:39.8655509Z  + embedding-optimizer-study==0.1.0 (from file:///home/runner/work/embedding-optimizer-study/embedding-optimizer-study)
2026-09-13T16:47:39.8656023Z  + fast-plaid==1.6.0.290
2026-09-13T16:47:39.8656231Z  + fastkmeans==0.5.0
2026-09-13T16:47:39.8656423Z  + filelock==3.32.3
2026-09-13T16:47:39.8656610Z  + fonttools==4.63.0
2026-09-13T16:47:39.8656802Z  + frozenlist==1.8.0
2026-09-13T16:47:39.8656986Z  + fsspec==2026.2.0
2026-09-13T16:47:39.8657166Z  + h11==0.16.0
2026-09-13T16:47:39.8657345Z  + hf-xet==1.6.0
2026-09-13T16:47:39.8657519Z  + httpcore==1.0.9
2026-09-13T16:47:39.8657695Z  + httpx==0.28.1
2026-09-13T16:47:39.8657879Z  + huggingface-hub==1.27.0
2026-09-13T16:47:39.8658080Z  + idna==3.18
2026-09-13T16:47:39.8658254Z  + iniconfig==2.3.0
2026-09-13T16:47:39.8658430Z  + jinja2==3.1.6
2026-09-13T16:47:39.8658601Z  + joblib==1.5.3
2026-09-13T16:47:39.8658779Z  + jsonschema==3.2.0
2026-09-13T16:47:39.8658963Z  + kiwisolver==1.5.0
2026-09-13T16:47:39.8659168Z  + late-interaction-kernels==0.4.5
2026-09-13T16:47:39.8659409Z  + markdown-it-py==4.2.0
2026-09-13T16:47:39.8659791Z  + markupsafe==3.0.3
2026-09-13T16:47:39.8659980Z  + matplotlib==3.11.1
2026-09-13T16:47:39.8660168Z  + mdurl==0.1.2
2026-09-13T16:47:39.8670251Z  + mpmath==1.3.0
2026-09-13T16:47:39.8689904Z  + mteb==2.19.3
2026-09-13T16:47:39.8690322Z  + multidict==6.7.1
2026-09-13T16:47:39.8690457Z  + multiprocess==0.70.19
2026-09-13T16:47:39.8690593Z  + narwhals==2.24.0
2026-09-13T16:47:39.8690711Z  + networkx==3.6.1
2026-09-13T16:47:39.8690824Z  + ninja==1.11.1.4
2026-09-13T16:47:39.8690937Z  + numkong==7.8.0
2026-09-13T16:47:39.8691051Z  + numpy==2.5.2
2026-09-13T16:47:39.8691176Z  + nvidia-cublas-cu12==12.8.4.1
2026-09-13T16:47:39.8691334Z  + nvidia-cuda-cupti-cu12==12.8.90
2026-09-13T16:47:39.8691492Z  + nvidia-cuda-nvrtc-cu12==12.8.93
2026-09-13T16:47:39.8691650Z  + nvidia-cuda-runtime-cu12==12.8.90
2026-09-13T16:47:39.8691812Z  + nvidia-cudnn-cu12==9.10.2.21
2026-09-13T16:47:39.8691955Z  + nvidia-cufft-cu12==11.3.3.83
2026-09-13T16:47:39.8692094Z  + nvidia-cufile-cu12==1.13.1.3
2026-09-13T16:47:39.8692362Z  + nvidia-curand-cu12==10.3.9.90
2026-09-13T16:47:39.8692511Z  + nvidia-cusolver-cu12==11.7.3.90
2026-09-13T16:47:39.8692661Z  + nvidia-cusparse-cu12==12.5.8.93
2026-09-13T16:47:39.8692808Z  + nvidia-cusparselt-cu12==0.7.1
2026-09-13T16:47:39.8692960Z  + nvidia-nccl-cu12==2.27.5
2026-09-13T16:47:39.8693101Z  + nvidia-nvjitlink-cu12==12.8.93
2026-09-13T16:47:39.8693252Z  + nvidia-nvshmem-cu12==3.3.20
2026-09-13T16:47:39.8693442Z  + nvidia-nvtx-cu12==12.8.90
2026-09-13T16:47:39.8693594Z  + opentelemetry-api==1.44.0
2026-09-13T16:47:39.8693731Z  + packaging==26.3
2026-09-13T16:47:39.8693849Z  + pandas==3.0.5
2026-09-13T16:47:39.8693964Z  + pillow==12.3.0
2026-09-13T16:47:39.8694083Z  + platformdirs==4.11.3
2026-09-13T16:47:39.8694209Z  + pluggy==1.6.0
2026-09-13T16:47:39.8694322Z  + polars==1.43.2
2026-09-13T16:47:39.8694444Z  + polars-runtime-32==1.43.2
2026-09-13T16:47:39.8694582Z  + propcache==0.5.2
2026-09-13T16:47:39.8694699Z  + protobuf==7.35.1
2026-09-13T16:47:39.8694819Z  + psutil==7.2.2
2026-09-13T16:47:39.8695182Z  + pyarrow==23.0.1
2026-09-13T16:47:39.8695359Z  + pydantic==2.13.4
2026-09-13T16:47:39.8695562Z  + pydantic-core==2.46.4
2026-09-13T16:47:39.8695805Z  + pygments==2.20.0
2026-09-13T16:47:39.8695997Z  + pykwalify==1.8.0
2026-09-13T16:47:39.8696214Z  + pylate==1.6.0
2026-09-13T16:47:39.8696402Z  + pyparsing==3.3.2
2026-09-13T16:47:39.8696624Z  + pyrsistent==0.20.0
2026-09-13T16:47:39.8696815Z  + pytest==9.1.1
2026-09-13T16:47:39.8697030Z  + pytest-cov==7.1.0
2026-09-13T16:47:39.8697215Z  + python-dateutil==2.9.0.post0
2026-09-13T16:47:39.8697426Z  + pytrec-eval-terrier==0.5.10
2026-09-13T16:47:39.8697568Z  + pyyaml==6.0.3
2026-09-13T16:47:39.8697686Z  + regex==2026.7.19
2026-09-13T16:47:39.8697804Z  + requests==2.34.2
2026-09-13T16:47:39.8697921Z  + rich==15.0.0
2026-09-13T16:47:39.8698041Z  + ruamel-yaml==0.19.1
2026-09-13T16:47:39.8698167Z  + ruff==0.16.3
2026-09-13T16:47:39.8698287Z  + safetensors==0.8.0
2026-09-13T16:47:39.8698413Z  + scikit-learn==1.9.0
2026-09-13T16:47:39.8698543Z  + scipy==1.18.0
2026-09-13T16:47:39.8698672Z  + sentence-transformers==5.7.0
2026-09-13T16:47:39.8698816Z  + sentry-sdk==2.68.0
2026-09-13T16:47:39.8698940Z  + setuptools==81.0.0
2026-09-13T16:47:39.8699064Z  + shellingham==1.5.4
2026-09-13T16:47:39.8699188Z  + six==1.17.0
2026-09-13T16:47:39.8699303Z  + sympy==1.14.0
2026-09-13T16:47:39.8699425Z  + threadpoolctl==3.6.0
2026-09-13T16:47:39.8699729Z  + tokenizers==0.22.2
2026-09-13T16:47:39.8699897Z  + torch==2.9.0
2026-09-13T16:47:39.8700011Z  + tqdm==4.70.0
2026-09-13T16:47:39.8700127Z  + transformers==5.3.0
2026-09-13T16:47:39.8700252Z  + triton==3.5.0
2026-09-13T16:47:39.8700369Z  + typer==0.27.1
2026-09-13T16:47:39.8700495Z  + typing-extensions==4.16.0
2026-09-13T16:47:39.8700642Z  + typing-inspection==0.4.4
2026-09-13T16:47:39.8700778Z  + ujson==5.12.0
2026-09-13T16:47:39.8700895Z  + urllib3==2.7.0
2026-09-13T16:47:39.8701015Z  + usearch==2.26.0
2026-09-13T16:47:39.8701132Z  + wandb==0.28.2
2026-09-13T16:47:39.8701244Z  + xxhash==4.0.0
2026-09-13T16:47:39.8701360Z  + yarl==1.24.5
2026-09-13T16:47:39.8882580Z ##[group]Run sudo apt-get update && sudo apt-get install -y latexmk texlive-latex-extra texlive-fonts-recommended poppler-utils
2026-09-13T16:47:39.8883086Z [36;1msudo apt-get update && sudo apt-get install -y latexmk texlive-latex-extra texlive-fonts-recommended poppler-utils[0m
2026-09-13T16:47:39.8914211Z shell: /usr/bin/bash -e {0}
2026-09-13T16:47:39.8914346Z env:
2026-09-13T16:47:39.8914501Z   UV_PYTHON_INSTALL_DIR: /home/runner/work/_temp/uv-python-dir
2026-09-13T16:47:39.8914686Z   UV_PYTHON: 3.12
2026-09-13T16:47:39.8914828Z   UV_CACHE_DIR: /home/runner/work/_temp/setup-uv-cache
2026-09-13T16:47:39.8914997Z ##[endgroup]
2026-09-13T16:47:40.3539917Z Get:1 file:/etc/apt/apt-mirrors.txt Mirrorlist [144 B]
2026-09-13T16:47:40.3904929Z Get:6 https://packages.microsoft.com/ubuntu/24.04/prod noble InRelease [3600 B]
2026-09-13T16:47:40.4128240Z Hit:2 http://azure.archive.ubuntu.com/ubuntu noble InRelease
2026-09-13T16:47:40.4143445Z Get:3 http://azure.archive.ubuntu.com/ubuntu noble-updates InRelease [126 kB]
2026-09-13T16:47:40.4178796Z Get:4 http://azure.archive.ubuntu.com/ubuntu noble-backports InRelease [126 kB]
2026-09-13T16:47:40.4284864Z Get:5 http://azure.archive.ubuntu.com/ubuntu noble-security InRelease [126 kB]
2026-09-13T16:47:40.4595863Z Get:7 https://packages.microsoft.com/ubuntu/24.04/prod noble/main arm64 Packages [414 kB]
2026-09-13T16:47:40.4692324Z Get:8 https://dl.google.com/linux/chrome-stable/deb stable InRelease [2548 B]
2026-09-13T16:47:40.8249358Z Get:9 https://packages.microsoft.com/ubuntu/24.04/prod noble/main amd64 Packages [463 kB]
2026-09-13T16:47:40.8626046Z Get:10 http://azure.archive.ubuntu.com/ubuntu noble-updates/main amd64 Packages [1263 kB]
2026-09-13T16:47:40.8885982Z Get:11 http://azure.archive.ubuntu.com/ubuntu noble-updates/main Translation-en [292 kB]
2026-09-13T16:47:40.9009858Z Get:12 http://azure.archive.ubuntu.com/ubuntu noble-updates/main amd64 Components [181 kB]
2026-09-13T16:47:40.9053374Z Get:13 http://azure.archive.ubuntu.com/ubuntu noble-updates/universe amd64 Packages [1690 kB]
2026-09-13T16:47:40.9302384Z Get:14 http://azure.archive.ubuntu.com/ubuntu noble-updates/universe amd64 Components [388 kB]
2026-09-13T16:47:41.0095961Z Get:15 http://azure.archive.ubuntu.com/ubuntu noble-updates/restricted amd64 Packages [1544 kB]
2026-09-13T16:47:41.0236120Z Get:27 https://dl.google.com/linux/chrome-stable/deb stable/main amd64 Packages [1408 B]
2026-09-13T16:47:41.1122441Z Get:16 http://azure.archive.ubuntu.com/ubuntu noble-updates/restricted Translation-en [354 kB]
2026-09-13T16:47:41.2159722Z Get:17 http://azure.archive.ubuntu.com/ubuntu noble-updates/multiverse amd64 Components [940 B]
2026-09-13T16:47:41.2168498Z Get:18 http://azure.archive.ubuntu.com/ubuntu noble-backports/main amd64 Components [5772 B]
2026-09-13T16:47:41.2891328Z Get:19 http://azure.archive.ubuntu.com/ubuntu noble-backports/universe amd64 Components [12.6 kB]
2026-09-13T16:47:41.3332525Z Get:20 http://azure.archive.ubuntu.com/ubuntu noble-security/main amd64 Packages [1006 kB]
2026-09-13T16:47:41.3798013Z Get:21 http://azure.archive.ubuntu.com/ubuntu noble-security/main Translation-en [213 kB]
2026-09-13T16:47:41.3893269Z Get:22 http://azure.archive.ubuntu.com/ubuntu noble-security/main amd64 Components [46.4 kB]
2026-09-13T16:47:41.3993552Z Get:23 http://azure.archive.ubuntu.com/ubuntu noble-security/universe amd64 Packages [1206 kB]
2026-09-13T16:47:41.5698352Z Get:24 http://azure.archive.ubuntu.com/ubuntu noble-security/universe amd64 Components [76.3 kB]
2026-09-13T16:47:41.5786985Z Get:25 http://azure.archive.ubuntu.com/ubuntu noble-security/restricted amd64 Packages [1445 kB]
2026-09-13T16:47:41.5972033Z Get:26 http://azure.archive.ubuntu.com/ubuntu noble-security/restricted Translation-en [336 kB]
2026-09-13T16:47:47.4390706Z Fetched 11.3 MB in 1s (7746 kB/s)
2026-09-13T16:47:47.9255597Z Reading package lists...
2026-09-13T16:47:47.9499097Z Reading package lists...
2026-09-13T16:47:48.0868882Z Building dependency tree...
2026-09-13T16:47:48.0875415Z Reading state information...
2026-09-13T16:47:48.1937371Z The following additional packages will be installed:
2026-09-13T16:47:48.1937987Z   ca-certificates-java cups-bsd cups-client cups-common default-jre
2026-09-13T16:47:48.1938599Z   default-jre-headless dvisvgm fonts-droid-fallback fonts-lmodern
2026-09-13T16:47:48.1939170Z   fonts-noto-mono fonts-texgyre fonts-texgyre-math fonts-urw-base35
2026-09-13T16:47:48.1939854Z   ghostscript gv libapache-pom-java libatk-wrapper-java
2026-09-13T16:47:48.1940388Z   libatk-wrapper-java-jni libbit-vector-perl libcarp-clan-perl
2026-09-13T16:47:48.1940950Z   libcommons-logging-java libcommons-parent-java libcrypt-rc4-perl
2026-09-13T16:47:48.1941487Z   libdate-calc-perl libdate-calc-xs-perl libdate-manip-perl
2026-09-13T16:47:48.1941948Z   libdigest-perl-md5-perl libfontbox-java libgif7 libgs-common libgs10
2026-09-13T16:47:48.1942470Z   libgs10-common libgumbo2 libidn12 libijs-0.35 libio-stringy-perl
2026-09-13T16:47:48.1943022Z   libjbig2dec0 libjcode-pm-perl libkpathsea6 libmotif-common libmujs3
2026-09-13T16:47:48.1944119Z   libole-storage-lite-perl libpaper-utils libpaper1 libparse-recdescent-perl
2026-09-13T16:47:48.1944696Z   libpcsclite1 libpdfbox-java libpoppler134 libpotrace0 libptexenc1
2026-09-13T16:47:48.1945228Z   libspreadsheet-parseexcel-perl libspreadsheet-writeexcel-perl libsynctex2
2026-09-13T16:47:48.1945796Z   libteckit0 libtexlua53-5 libunicode-map-perl libwoff1 libxcb-shape0 libxm4
2026-09-13T16:47:48.1946258Z   libxv1 libxxf86dga1 libzzip-0-13t64 lmodern mupdf-tools openjdk-21-jre
2026-09-13T16:47:48.1946678Z   openjdk-21-jre-headless poppler-data preview-latex-style t1utils tex-gyre
2026-09-13T16:47:48.1947651Z   texlive-base texlive-binaries texlive-latex-base texlive-latex-recommended
2026-09-13T16:47:48.1948215Z   texlive-pictures texlive-plain-generic tipa x11-utils xaw3dg
2026-09-13T16:47:48.1948880Z   xfonts-encodings xfonts-utils xpdf
2026-09-13T16:47:48.1949129Z Suggested packages:
2026-09-13T16:47:48.1949429Z   cups inetutils-inetd | inet-superserver update-inetd smbclient fonts-noto
2026-09-13T16:47:48.1949904Z   fonts-freefont-otf | fonts-freefont-ttf libavalon-framework-java
2026-09-13T16:47:48.1950196Z   libexcalibur-logkit-java liblog4j1.2-java pcscd libwww-perl libnss-mdns
2026-09-13T16:47:48.1950460Z   fonts-ipafont-gothic fonts-ipafont-mincho fonts-wqy-microhei
2026-09-13T16:47:48.1950746Z   | fonts-wqy-zenhei fonts-indic fonts-japanese-mincho | fonts-ipafont-mincho
2026-09-13T16:47:48.1951018Z   fonts-japanese-gothic | fonts-ipafont-gothic fonts-arphic-ukai
2026-09-13T16:47:48.1951288Z   fonts-arphic-uming fonts-nanum perl-tk xzdec texlive-binaries-sse2 hintview
2026-09-13T16:47:48.1951612Z   texlive-fonts-recommended-doc texlive-latex-base-doc wp2latex icc-profiles
2026-09-13T16:47:48.1951888Z   libfile-which-perl texlive-latex-extra-doc texlive-science
2026-09-13T16:47:48.1952265Z   texlive-latex-recommended-doc texlive-luatex texlive-pstricks dot2tex prerex
2026-09-13T16:47:48.1952520Z   texlive-pictures-doc vprerex tipa-doc mesa-utils
2026-09-13T16:47:48.1952700Z Recommended packages:
2026-09-13T16:47:48.1952883Z   luit
2026-09-13T16:47:48.2451447Z The following NEW packages will be installed:
2026-09-13T16:47:48.2451879Z   ca-certificates-java cups-bsd cups-client cups-common default-jre
2026-09-13T16:47:48.2452239Z   default-jre-headless dvisvgm fonts-droid-fallback fonts-lmodern
2026-09-13T16:47:48.2452491Z   fonts-noto-mono fonts-texgyre fonts-texgyre-math fonts-urw-base35
2026-09-13T16:47:48.2459914Z   ghostscript gv latexmk libapache-pom-java libatk-wrapper-java
2026-09-13T16:47:48.2470114Z   libatk-wrapper-java-jni libbit-vector-perl libcarp-clan-perl
2026-09-13T16:47:48.2470514Z   libcommons-logging-java libcommons-parent-java libcrypt-rc4-perl
2026-09-13T16:47:48.2470871Z   libdate-calc-perl libdate-calc-xs-perl libdate-manip-perl
2026-09-13T16:47:48.2471123Z   libdigest-perl-md5-perl libfontbox-java libgif7 libgs-common libgs10
2026-09-13T16:47:48.2471385Z   libgs10-common libgumbo2 libidn12 libijs-0.35 libio-stringy-perl
2026-09-13T16:47:48.2471993Z   libjbig2dec0 libjcode-pm-perl libkpathsea6 libmotif-common libmujs3
2026-09-13T16:47:48.2472279Z   libole-storage-lite-perl libpaper-utils libpaper1 libparse-recdescent-perl
2026-09-13T16:47:48.2472562Z   libpcsclite1 libpdfbox-java libpoppler134 libpotrace0 libptexenc1
2026-09-13T16:47:48.2472842Z   libspreadsheet-parseexcel-perl libspreadsheet-writeexcel-perl libsynctex2
2026-09-13T16:47:48.2473136Z   libteckit0 libtexlua53-5 libunicode-map-perl libwoff1 libxcb-shape0 libxm4
2026-09-13T16:47:48.2473410Z   libxv1 libxxf86dga1 libzzip-0-13t64 lmodern mupdf-tools openjdk-21-jre
2026-09-13T16:47:48.2473686Z   openjdk-21-jre-headless poppler-data poppler-utils preview-latex-style
2026-09-13T16:47:48.2473959Z   t1utils tex-gyre texlive-base texlive-binaries texlive-fonts-recommended
2026-09-13T16:47:48.2474226Z   texlive-latex-base texlive-latex-extra texlive-latex-recommended
2026-09-13T16:47:48.2474472Z   texlive-pictures texlive-plain-generic tipa x11-utils xaw3dg
2026-09-13T16:47:48.2474786Z   xfonts-encodings xfonts-utils xpdf
2026-09-13T16:47:48.2619798Z 0 upgraded, 86 newly installed, 0 to remove and 50 not upgraded.
2026-09-13T16:47:48.2620150Z Need to get 276 MB of archives.
2026-09-13T16:47:48.2620457Z After this operation, 873 MB of additional disk space will be used.
2026-09-13T16:47:48.2620823Z Get:1 file:/etc/apt/apt-mirrors.txt Mirrorlist [144 B]
2026-09-13T16:47:48.3386045Z Get:2 http://azure.archive.ubuntu.com/ubuntu noble/main amd64 fonts-droid-fallback all 1:6.0.1r16-1.1build1 [1805 kB]
2026-09-13T16:47:48.4313406Z Get:3 http://azure.archive.ubuntu.com/ubuntu noble/universe amd64 libmotif-common all 2.3.8-3.1build1 [10.1 kB]
2026-09-13T16:47:48.5433160Z Get:4 http://azure.archive.ubuntu.com/ubuntu noble/universe amd64 libxm4 amd64 2.3.8-3.1build1 [1091 kB]
2026-09-13T16:47:48.6725494Z Get:5 http://azure.archive.ubuntu.com/ubuntu noble/main amd64 poppler-data all 0.4.12-1 [2060 kB]
2026-09-13T16:47:48.7937383Z Get:6 http://azure.archive.ubuntu.com/ubuntu noble/main amd64 ca-certificates-java all 20240118 [11.6 kB]
2026-09-13T16:47:48.9125483Z Get:7 http://azure.archive.ubuntu.com/ubuntu noble-updates/main amd64 cups-common all 2.4.7-1.2ubuntu7.14 [264 kB]
2026-09-13T16:47:49.0323355Z Get:8 http://azure.archive.ubuntu.com/ubuntu noble-updates/main amd64 cups-client amd64 2.4.7-1.2ubuntu7.14 [154 kB]
2026-09-13T16:47:49.1442634Z Get:9 http://azure.archive.ubuntu.com/ubuntu noble/main amd64 libpcsclite1 amd64 2.0.3-1build1 [21.4 kB]
2026-09-13T16:47:49.2633505Z Get:10 http://azure.archive.ubuntu.com/ubuntu noble-updates/main amd64 openjdk-21-jre-headless amd64 21.0.12+8-1~24.04 [46.5 MB]
2026-09-13T16:47:50.2059115Z Get:11 http://azure.archive.ubuntu.com/ubuntu noble/main amd64 default-jre-headless amd64 2:1.21-75+exp1 [3094 B]
2026-09-13T16:47:50.2516498Z Get:12 http://azure.archive.ubuntu.com/ubuntu noble-updates/main amd64 libgif7 amd64 5.2.2-1ubuntu1.2 [35.6 kB]
2026-09-13T16:47:50.2975603Z Get:13 http://azure.archive.ubuntu.com/ubuntu noble-updates/main amd64 openjdk-21-jre amd64 21.0.12+8-1~24.04 [233 kB]
2026-09-13T16:47:50.3457315Z Get:14 http://azure.archive.ubuntu.com/ubuntu noble/main amd64 default-jre amd64 2:1.21-75+exp1 [922 B]
2026-09-13T16:47:50.3915617Z Get:15 http://azure.archive.ubuntu.com/ubuntu noble/main amd64 xfonts-encodings all 1:1.0.5-0ubuntu2 [578 kB]
2026-09-13T16:47:50.4449181Z Get:16 http://azure.archive.ubuntu.com/ubuntu noble/main amd64 xfonts-utils amd64 1:7.7+6build3 [94.4 kB]
2026-09-13T16:47:50.4920147Z Get:17 http://azure.archive.ubuntu.com/ubuntu noble/main amd64 fonts-urw-base35 all 20200910-8 [11.0 MB]
2026-09-13T16:47:50.6969142Z Get:18 http://azure.archive.ubuntu.com/ubuntu noble-updates/main amd64 libgs-common all 10.02.1~dfsg1-0ubuntu7.8 [176 kB]
2026-09-13T16:47:50.7446323Z Get:19 http://azure.archive.ubuntu.com/ubuntu noble-updates/main amd64 libgs10-common all 10.02.1~dfsg1-0ubuntu7.8 [488 kB]
2026-09-13T16:47:50.7970469Z Get:20 http://azure.archive.ubuntu.com/ubuntu noble-updates/main amd64 libidn12 amd64 1.42-1ubuntu0.1 [56.1 kB]
2026-09-13T16:47:50.8430957Z Get:21 http://azure.archive.ubuntu.com/ubuntu noble/main amd64 libijs-0.35 amd64 0.35-15.1build1 [15.3 kB]
2026-09-13T16:47:50.8892746Z Get:22 http://azure.archive.ubuntu.com/ubuntu noble-updates/main amd64 libjbig2dec0 amd64 0.20-1ubuntu0.24.04.1 [65.2 kB]
2026-09-13T16:47:50.9355212Z Get:23 http://azure.archive.ubuntu.com/ubuntu noble/main amd64 libpaper1 amd64 1.1.29build1 [13.4 kB]
2026-09-13T16:47:50.9815928Z Get:24 http://azure.archive.ubuntu.com/ubuntu noble-updates/main amd64 libgs10 amd64 10.02.1~dfsg1-0ubuntu7.8 [3897 kB]
2026-09-13T16:47:51.0834247Z Get:25 http://azure.archive.ubuntu.com/ubuntu noble/main amd64 libkpathsea6 amd64 2023.20230311.66589-9build3 [63.0 kB]
2026-09-13T16:47:51.1294856Z Get:26 http://azure.archive.ubuntu.com/ubuntu noble/universe amd64 libpotrace0 amd64 1.16-2build1 [17.7 kB]
2026-09-13T16:47:51.1753634Z Get:27 http://azure.archive.ubuntu.com/ubuntu noble/main amd64 libwoff1 amd64 1.0.2-2build1 [45.3 kB]
2026-09-13T16:47:51.2214788Z Get:28 http://azure.archive.ubuntu.com/ubuntu noble/universe amd64 dvisvgm amd64 3.2.1+ds-1build1 [1042 kB]
2026-09-13T16:47:51.2816187Z Get:29 http://azure.archive.ubuntu.com/ubuntu noble/universe amd64 fonts-lmodern all 2.005-1 [4799 kB]
2026-09-13T16:47:51.3963172Z Get:30 http://azure.archive.ubuntu.com/ubuntu noble/main amd64 fonts-noto-mono all 20201225-2 [435 kB]
2026-09-13T16:47:51.4473233Z Get:31 http://azure.archive.ubuntu.com/ubuntu noble/universe amd64 fonts-texgyre all 20180621-6 [8350 kB]
2026-09-13T16:47:51.6144166Z Get:32 http://azure.archive.ubuntu.com/ubuntu noble/universe amd64 fonts-texgyre-math all 20180621-6 [2373 kB]
2026-09-13T16:47:51.6937766Z Get:33 http://azure.archive.ubuntu.com/ubuntu noble-updates/main amd64 ghostscript amd64 10.02.1~dfsg1-0ubuntu7.8 [43.4 kB]
2026-09-13T16:47:51.7396894Z Get:34 http://azure.archive.ubuntu.com/ubuntu noble/universe amd64 xaw3dg amd64 1.5+F-1.1build2 [148 kB]
2026-09-13T16:47:51.7869699Z Get:35 http://azure.archive.ubuntu.com/ubuntu noble/universe amd64 gv amd64 1:3.7.4-2build2 [212 kB]
2026-09-13T16:47:51.8351635Z Get:36 http://azure.archive.ubuntu.com/ubuntu noble/main amd64 libpaper-utils amd64 1.1.29build1 [8650 B]
2026-09-13T16:47:51.8851270Z Get:37 http://azure.archive.ubuntu.com/ubuntu noble/main amd64 libptexenc1 amd64 2023.20230311.66589-9build3 [40.4 kB]
2026-09-13T16:47:51.9311987Z Get:38 http://azure.archive.ubuntu.com/ubuntu noble/main amd64 libsynctex2 amd64 2023.20230311.66589-9build3 [59.6 kB]
2026-09-13T16:47:51.9782002Z Get:39 http://azure.archive.ubuntu.com/ubuntu noble/main amd64 libtexlua53-5 amd64 2023.20230311.66589-9build3 [123 kB]
2026-09-13T16:47:52.0246950Z Get:40 http://azure.archive.ubuntu.com/ubuntu noble/main amd64 t1utils amd64 1.41-4build3 [61.3 kB]
2026-09-13T16:47:52.0709048Z Get:41 http://azure.archive.ubuntu.com/ubuntu noble/universe amd64 libteckit0 amd64 2.5.12+ds1-1 [411 kB]
2026-09-13T16:47:52.1219921Z Get:42 http://azure.archive.ubuntu.com/ubuntu noble/universe amd64 libzzip-0-13t64 amd64 0.13.72+dfsg.1-1.2build1 [28.1 kB]
2026-09-13T16:47:52.1680300Z Get:43 http://azure.archive.ubuntu.com/ubuntu noble/universe amd64 texlive-binaries amd64 2023.20230311.66589-9build3 [8529 kB]
2026-09-13T16:47:52.3372309Z Get:44 http://azure.archive.ubuntu.com/ubuntu noble/universe amd64 texlive-base all 2023.20240207-1 [21.7 MB]
2026-09-13T16:47:52.7793983Z Get:45 http://azure.archive.ubuntu.com/ubuntu noble/universe amd64 texlive-latex-base all 2023.20240207-1 [1238 kB]
2026-09-13T16:47:52.8418739Z Get:46 http://azure.archive.ubuntu.com/ubuntu noble/universe amd64 latexmk all 1:4.83-1 [203 kB]
2026-09-13T16:47:52.8901271Z Get:47 http://azure.archive.ubuntu.com/ubuntu noble/universe amd64 libapache-pom-java all 29-2 [5284 B]
2026-09-13T16:47:52.9364658Z Get:48 http://azure.archive.ubuntu.com/ubuntu noble/main amd64 libxcb-shape0 amd64 1.15-1ubuntu2 [6100 B]
2026-09-13T16:47:52.9826260Z Get:49 http://azure.archive.ubuntu.com/ubuntu noble/main amd64 libxv1 amd64 2:1.0.11-1.1build1 [10.7 kB]
2026-09-13T16:47:53.0285204Z Get:50 http://azure.archive.ubuntu.com/ubuntu noble/main amd64 libxxf86dga1 amd64 2:1.1.5-1build1 [11.6 kB]
2026-09-13T16:47:53.0745127Z Get:51 http://azure.archive.ubuntu.com/ubuntu noble/main amd64 x11-utils amd64 7.7+6build2 [189 kB]
2026-09-13T16:47:53.1226687Z Get:52 http://azure.archive.ubuntu.com/ubuntu noble/main amd64 libatk-wrapper-java all 0.40.0-3build2 [54.3 kB]
2026-09-13T16:47:53.1690561Z Get:53 http://azure.archive.ubuntu.com/ubuntu noble/main amd64 libatk-wrapper-java-jni amd64 0.40.0-3build2 [46.4 kB]
2026-09-13T16:47:53.2152595Z Get:54 http://azure.archive.ubuntu.com/ubuntu noble/universe amd64 libcarp-clan-perl all 6.08-2 [11.9 kB]
2026-09-13T16:47:53.2613323Z Get:55 http://azure.archive.ubuntu.com/ubuntu noble/universe amd64 libbit-vector-perl amd64 7.4-3build1 [139 kB]
2026-09-13T16:47:53.3082136Z Get:56 http://azure.archive.ubuntu.com/ubuntu noble/universe amd64 libcommons-parent-java all 56-1 [10.7 kB]
2026-09-13T16:47:53.3547075Z Get:57 http://azure.archive.ubuntu.com/ubuntu noble/universe amd64 libcommons-logging-java all 1.3.0-1ubuntu1 [63.8 kB]
2026-09-13T16:47:53.4007880Z Get:58 http://azure.archive.ubuntu.com/ubuntu noble/universe amd64 libcrypt-rc4-perl all 2.02-5 [7064 B]
2026-09-13T16:47:53.4466340Z Get:59 http://azure.archive.ubuntu.com/ubuntu noble/universe amd64 libdate-calc-perl all 6.4-2 [187 kB]
2026-09-13T16:47:53.4943659Z Get:60 http://azure.archive.ubuntu.com/ubuntu noble/universe amd64 libdate-calc-xs-perl amd64 6.4-2build4 [46.8 kB]
2026-09-13T16:47:53.5407450Z Get:61 http://azure.archive.ubuntu.com/ubuntu noble/main amd64 libdate-manip-perl all 6.95-1 [923 kB]
2026-09-13T16:47:53.5987435Z Get:62 http://azure.archive.ubuntu.com/ubuntu noble/universe amd64 libdigest-perl-md5-perl all 1.9-5 [11.1 kB]
2026-09-13T16:47:53.6448784Z Get:63 http://azure.archive.ubuntu.com/ubuntu noble/universe amd64 libgumbo2 amd64 0.12.0+dfsg-2build1 [126 kB]
2026-09-13T16:47:53.6918043Z Get:64 http://azure.archive.ubuntu.com/ubuntu noble/main amd64 libio-stringy-perl all 2.111-3 [55.8 kB]
2026-09-13T16:47:53.7379751Z Get:65 http://azure.archive.ubuntu.com/ubuntu noble/universe amd64 libjcode-pm-perl amd64 2.06-1.1build1 [26.8 kB]
2026-09-13T16:47:53.7840801Z Get:66 http://azure.archive.ubuntu.com/ubuntu noble/universe amd64 libmujs3 amd64 1.3.3-3build2 [134 kB]
2026-09-13T16:47:53.8310633Z Get:67 http://azure.archive.ubuntu.com/ubuntu noble/universe amd64 libole-storage-lite-perl all 0.22-1 [21.6 kB]
2026-09-13T16:47:53.8772434Z Get:68 http://azure.archive.ubuntu.com/ubuntu noble/universe amd64 libparse-recdescent-perl all 1.967015+dfsg-4 [139 kB]
2026-09-13T16:47:53.9241549Z Get:69 http://azure.archive.ubuntu.com/ubuntu noble-updates/main amd64 libpoppler134 amd64 24.02.0-1ubuntu9.9 [1118 kB]
2026-09-13T16:47:53.9850422Z Get:70 http://azure.archive.ubuntu.com/ubuntu noble/universe amd64 libspreadsheet-writeexcel-perl all 2.40-4 [497 kB]
2026-09-13T16:47:54.0331914Z Get:71 http://azure.archive.ubuntu.com/ubuntu noble/universe amd64 libunicode-map-perl amd64 0.112-13build4 [203 kB]
2026-09-13T16:47:54.0811353Z Get:72 http://azure.archive.ubuntu.com/ubuntu noble/universe amd64 libspreadsheet-parseexcel-perl all 0.6600-1 [144 kB]
2026-09-13T16:47:54.1282803Z Get:73 http://azure.archive.ubuntu.com/ubuntu noble/universe amd64 lmodern all 2.005-1 [9542 kB]
2026-09-13T16:47:54.3124676Z Get:74 http://azure.archive.ubuntu.com/ubuntu noble/universe amd64 mupdf-tools amd64 1.23.10+ds1-1build3 [49.3 MB]
2026-09-13T16:47:55.2711701Z Get:75 http://azure.archive.ubuntu.com/ubuntu noble-updates/main amd64 poppler-utils amd64 24.02.0-1ubuntu9.9 [212 kB]
2026-09-13T16:47:55.3640272Z Get:76 http://azure.archive.ubuntu.com/ubuntu noble/universe amd64 preview-latex-style all 13.2-1 [347 kB]
2026-09-13T16:47:55.6346728Z Get:77 http://azure.archive.ubuntu.com/ubuntu noble/universe amd64 tex-gyre all 20180621-6 [6396 kB]
2026-09-13T16:47:55.8956595Z Get:78 http://azure.archive.ubuntu.com/ubuntu noble/universe amd64 texlive-fonts-recommended all 2023.20240207-1 [4973 kB]
2026-09-13T16:47:55.9971480Z Get:79 http://azure.archive.ubuntu.com/ubuntu noble/universe amd64 libfontbox-java all 1:1.8.16-5 [208 kB]
2026-09-13T16:47:56.0435217Z Get:80 http://azure.archive.ubuntu.com/ubuntu noble/universe amd64 libpdfbox-java all 1:1.8.16-5 [5521 kB]
2026-09-13T16:47:56.1684352Z Get:81 http://azure.archive.ubuntu.com/ubuntu noble/universe amd64 texlive-latex-recommended all 2023.20240207-1 [8826 kB]
2026-09-13T16:47:56.3414614Z Get:82 http://azure.archive.ubuntu.com/ubuntu noble/universe amd64 texlive-pictures all 2023.20240207-1 [16.7 MB]
2026-09-13T16:47:56.6349937Z Get:83 http://azure.archive.ubuntu.com/ubuntu noble/universe amd64 texlive-latex-extra all 2023.20240207-1 [19.2 MB]
2026-09-13T16:47:57.0398359Z Get:84 http://azure.archive.ubuntu.com/ubuntu noble/universe amd64 texlive-plain-generic all 2023.20240207-1 [29.0 MB]
2026-09-13T16:47:57.6155706Z Get:85 http://azure.archive.ubuntu.com/ubuntu noble/universe amd64 tipa all 2:1.3-21 [2967 kB]
2026-09-13T16:47:57.7026960Z Get:86 http://azure.archive.ubuntu.com/ubuntu noble/universe amd64 xpdf amd64 3.04+git20240202-1build3 [125 kB]
2026-09-13T16:47:57.7493239Z Get:87 http://azure.archive.ubuntu.com/ubuntu noble-updates/main amd64 cups-bsd amd64 2.4.7-1.2ubuntu7.14 [42.2 kB]
2026-09-13T16:47:57.9812805Z Preconfiguring packages ...
2026-09-13T16:47:58.0578750Z Fetched 276 MB in 9s (29.1 MB/s)
2026-09-13T16:47:58.0990696Z Selecting previously unselected package fonts-droid-fallback.
2026-09-13T16:47:58.1259137Z (Reading database ... 
2026-09-13T16:47:58.1259607Z (Reading database ... 5%
2026-09-13T16:47:58.1259896Z (Reading database ... 10%
2026-09-13T16:47:58.1260116Z (Reading database ... 15%
2026-09-13T16:47:58.1260319Z (Reading database ... 20%
2026-09-13T16:47:58.1260519Z (Reading database ... 25%
2026-09-13T16:47:58.1260719Z (Reading database ... 30%
2026-09-13T16:47:58.1260882Z (Reading database ... 35%
2026-09-13T16:47:58.1261010Z (Reading database ... 40%
2026-09-13T16:47:58.1261139Z (Reading database ... 45%
2026-09-13T16:47:58.1261396Z (Reading database ... 50%
2026-09-13T16:47:58.1388067Z (Reading database ... 55%
2026-09-13T16:47:58.2537299Z (Reading database ... 60%
2026-09-13T16:47:58.4974551Z (Reading database ... 65%
2026-09-13T16:47:58.7028144Z (Reading database ... 70%
2026-09-13T16:47:58.8545109Z (Reading database ... 75%
2026-09-13T16:47:59.0086895Z (Reading database ... 80%
2026-09-13T16:47:59.1590334Z (Reading database ... 85%
2026-09-13T16:47:59.2749113Z (Reading database ... 90%
2026-09-13T16:47:59.4590085Z (Reading database ... 95%
2026-09-13T16:47:59.4590334Z (Reading database ... 100%
2026-09-13T16:47:59.4590642Z (Reading database ... 201818 files and directories currently installed.)
2026-09-13T16:47:59.4625560Z Preparing to unpack .../00-fonts-droid-fallback_1%3a6.0.1r16-1.1build1_all.deb ...
2026-09-13T16:47:59.4798406Z Unpacking fonts-droid-fallback (1:6.0.1r16-1.1build1) ...
2026-09-13T16:47:59.7408536Z Selecting previously unselected package libmotif-common.
2026-09-13T16:47:59.7505370Z Preparing to unpack .../01-libmotif-common_2.3.8-3.1build1_all.deb ...
2026-09-13T16:47:59.7515863Z Unpacking libmotif-common (2.3.8-3.1build1) ...
2026-09-13T16:47:59.7774380Z Selecting previously unselected package libxm4:amd64.
2026-09-13T16:47:59.7868387Z Preparing to unpack .../02-libxm4_2.3.8-3.1build1_amd64.deb ...
2026-09-13T16:47:59.7886425Z Unpacking libxm4:amd64 (2.3.8-3.1build1) ...
2026-09-13T16:47:59.8272194Z Selecting previously unselected package poppler-data.
2026-09-13T16:47:59.8365626Z Preparing to unpack .../03-poppler-data_0.4.12-1_all.deb ...
2026-09-13T16:47:59.8384276Z Unpacking poppler-data (0.4.12-1) ...
2026-09-13T16:48:00.1005848Z Selecting previously unselected package ca-certificates-java.
2026-09-13T16:48:00.1106039Z Preparing to unpack .../04-ca-certificates-java_20240118_all.deb ...
2026-09-13T16:48:00.1142773Z Unpacking ca-certificates-java (20240118) ...
2026-09-13T16:48:00.1543365Z Selecting previously unselected package cups-common.
2026-09-13T16:48:00.1638213Z Preparing to unpack .../05-cups-common_2.4.7-1.2ubuntu7.14_all.deb ...
2026-09-13T16:48:00.1647087Z Unpacking cups-common (2.4.7-1.2ubuntu7.14) ...
2026-09-13T16:48:00.2053093Z Selecting previously unselected package cups-client.
2026-09-13T16:48:00.2148706Z Preparing to unpack .../06-cups-client_2.4.7-1.2ubuntu7.14_amd64.deb ...
2026-09-13T16:48:00.2159882Z Unpacking cups-client (2.4.7-1.2ubuntu7.14) ...
2026-09-13T16:48:00.3277914Z Selecting previously unselected package libpcsclite1:amd64.
2026-09-13T16:48:00.3453239Z Preparing to unpack .../07-libpcsclite1_2.0.3-1build1_amd64.deb ...
2026-09-13T16:48:00.3493814Z Unpacking libpcsclite1:amd64 (2.0.3-1build1) ...
2026-09-13T16:48:00.5840335Z Selecting previously unselected package openjdk-21-jre-headless:amd64.
2026-09-13T16:48:00.5943613Z Preparing to unpack .../08-openjdk-21-jre-headless_21.0.12+8-1~24.04_amd64.deb ...
2026-09-13T16:48:00.7060702Z Unpacking openjdk-21-jre-headless:amd64 (21.0.12+8-1~24.04) ...
2026-09-13T16:48:02.3884008Z Selecting previously unselected package default-jre-headless.
2026-09-13T16:48:02.3981167Z Preparing to unpack .../09-default-jre-headless_2%3a1.21-75+exp1_amd64.deb ...
2026-09-13T16:48:02.4781680Z Unpacking default-jre-headless (2:1.21-75+exp1) ...
2026-09-13T16:48:02.6134832Z Selecting previously unselected package libgif7:amd64.
2026-09-13T16:48:02.6231855Z Preparing to unpack .../10-libgif7_5.2.2-1ubuntu1.2_amd64.deb ...
2026-09-13T16:48:02.7247971Z Unpacking libgif7:amd64 (5.2.2-1ubuntu1.2) ...
2026-09-13T16:48:02.8628205Z Selecting previously unselected package openjdk-21-jre:amd64.
2026-09-13T16:48:02.8725607Z Preparing to unpack .../11-openjdk-21-jre_21.0.12+8-1~24.04_amd64.deb ...
2026-09-13T16:48:02.8745113Z Unpacking openjdk-21-jre:amd64 (21.0.12+8-1~24.04) ...
2026-09-13T16:48:03.0260829Z Selecting previously unselected package default-jre.
2026-09-13T16:48:03.0358132Z Preparing to unpack .../12-default-jre_2%3a1.21-75+exp1_amd64.deb ...
2026-09-13T16:48:03.0373057Z Unpacking default-jre (2:1.21-75+exp1) ...
2026-09-13T16:48:03.0546016Z Selecting previously unselected package xfonts-encodings.
2026-09-13T16:48:03.0641980Z Preparing to unpack .../13-xfonts-encodings_1%3a1.0.5-0ubuntu2_all.deb ...
2026-09-13T16:48:03.0660354Z Unpacking xfonts-encodings (1:1.0.5-0ubuntu2) ...
2026-09-13T16:48:03.1256483Z Selecting previously unselected package xfonts-utils.
2026-09-13T16:48:03.1357046Z Preparing to unpack .../14-xfonts-utils_1%3a7.7+6build3_amd64.deb ...
2026-09-13T16:48:03.1365380Z Unpacking xfonts-utils (1:7.7+6build3) ...
2026-09-13T16:48:03.2460987Z Selecting previously unselected package fonts-urw-base35.
2026-09-13T16:48:03.2560117Z Preparing to unpack .../15-fonts-urw-base35_20200910-8_all.deb ...
2026-09-13T16:48:03.3071569Z Unpacking fonts-urw-base35 (20200910-8) ...
2026-09-13T16:48:03.4757047Z Selecting previously unselected package libgs-common.
2026-09-13T16:48:03.4855311Z Preparing to unpack .../16-libgs-common_10.02.1~dfsg1-0ubuntu7.8_all.deb ...
2026-09-13T16:48:03.4863826Z Unpacking libgs-common (10.02.1~dfsg1-0ubuntu7.8) ...
2026-09-13T16:48:03.5077060Z Selecting previously unselected package libgs10-common.
2026-09-13T16:48:03.5174555Z Preparing to unpack .../17-libgs10-common_10.02.1~dfsg1-0ubuntu7.8_all.deb ...
2026-09-13T16:48:03.5190245Z Unpacking libgs10-common (10.02.1~dfsg1-0ubuntu7.8) ...
2026-09-13T16:48:03.6110986Z Selecting previously unselected package libidn12:amd64.
2026-09-13T16:48:03.6210539Z Preparing to unpack .../18-libidn12_1.42-1ubuntu0.1_amd64.deb ...
2026-09-13T16:48:03.6219242Z Unpacking libidn12:amd64 (1.42-1ubuntu0.1) ...
2026-09-13T16:48:03.6648985Z Selecting previously unselected package libijs-0.35:amd64.
2026-09-13T16:48:03.6745635Z Preparing to unpack .../19-libijs-0.35_0.35-15.1build1_amd64.deb ...
2026-09-13T16:48:03.6767920Z Unpacking libijs-0.35:amd64 (0.35-15.1build1) ...
2026-09-13T16:48:03.7680908Z Selecting previously unselected package libjbig2dec0:amd64.
2026-09-13T16:48:03.7777488Z Preparing to unpack .../20-libjbig2dec0_0.20-1ubuntu0.24.04.1_amd64.deb ...
2026-09-13T16:48:03.7786541Z Unpacking libjbig2dec0:amd64 (0.20-1ubuntu0.24.04.1) ...
2026-09-13T16:48:03.8738420Z Selecting previously unselected package libpaper1:amd64.
2026-09-13T16:48:03.8836254Z Preparing to unpack .../21-libpaper1_1.1.29build1_amd64.deb ...
2026-09-13T16:48:03.8845365Z Unpacking libpaper1:amd64 (1.1.29build1) ...
2026-09-13T16:48:03.9046756Z Selecting previously unselected package libgs10:amd64.
2026-09-13T16:48:03.9145082Z Preparing to unpack .../22-libgs10_10.02.1~dfsg1-0ubuntu7.8_amd64.deb ...
2026-09-13T16:48:03.9942358Z Unpacking libgs10:amd64 (10.02.1~dfsg1-0ubuntu7.8) ...
2026-09-13T16:48:04.2386541Z Selecting previously unselected package libkpathsea6:amd64.
2026-09-13T16:48:04.2484810Z Preparing to unpack .../23-libkpathsea6_2023.20230311.66589-9build3_amd64.deb ...
2026-09-13T16:48:04.3518738Z Unpacking libkpathsea6:amd64 (2023.20230311.66589-9build3) ...
2026-09-13T16:48:04.4645950Z Selecting previously unselected package libpotrace0:amd64.
2026-09-13T16:48:04.4740747Z Preparing to unpack .../24-libpotrace0_1.16-2build1_amd64.deb ...
2026-09-13T16:48:04.4750612Z Unpacking libpotrace0:amd64 (1.16-2build1) ...
2026-09-13T16:48:04.4975200Z Selecting previously unselected package libwoff1:amd64.
2026-09-13T16:48:04.5071299Z Preparing to unpack .../25-libwoff1_1.0.2-2build1_amd64.deb ...
2026-09-13T16:48:04.5080981Z Unpacking libwoff1:amd64 (1.0.2-2build1) ...
2026-09-13T16:48:04.6147035Z Selecting previously unselected package dvisvgm.
2026-09-13T16:48:04.6243358Z Preparing to unpack .../26-dvisvgm_3.2.1+ds-1build1_amd64.deb ...
2026-09-13T16:48:04.6251159Z Unpacking dvisvgm (3.2.1+ds-1build1) ...
2026-09-13T16:48:04.6558453Z Selecting previously unselected package fonts-lmodern.
2026-09-13T16:48:04.6655198Z Preparing to unpack .../27-fonts-lmodern_2.005-1_all.deb ...
2026-09-13T16:48:04.6664752Z Unpacking fonts-lmodern (2.005-1) ...
2026-09-13T16:48:04.7847073Z Selecting previously unselected package fonts-noto-mono.
2026-09-13T16:48:04.7945465Z Preparing to unpack .../28-fonts-noto-mono_20201225-2_all.deb ...
2026-09-13T16:48:04.7953919Z Unpacking fonts-noto-mono (20201225-2) ...
2026-09-13T16:48:04.8746339Z Selecting previously unselected package fonts-texgyre.
2026-09-13T16:48:04.8841819Z Preparing to unpack .../29-fonts-texgyre_20180621-6_all.deb ...
2026-09-13T16:48:04.9811809Z Unpacking fonts-texgyre (20180621-6) ...
2026-09-13T16:48:05.1367802Z Selecting previously unselected package fonts-texgyre-math.
2026-09-13T16:48:05.1465773Z Preparing to unpack .../30-fonts-texgyre-math_20180621-6_all.deb ...
2026-09-13T16:48:05.1477200Z Unpacking fonts-texgyre-math (20180621-6) ...
2026-09-13T16:48:05.2175331Z Selecting previously unselected package ghostscript.
2026-09-13T16:48:05.2273825Z Preparing to unpack .../31-ghostscript_10.02.1~dfsg1-0ubuntu7.8_amd64.deb ...
2026-09-13T16:48:05.2284647Z Unpacking ghostscript (10.02.1~dfsg1-0ubuntu7.8) ...
2026-09-13T16:48:05.2588125Z Selecting previously unselected package xaw3dg:amd64.
2026-09-13T16:48:05.2682804Z Preparing to unpack .../32-xaw3dg_1.5+F-1.1build2_amd64.deb ...
2026-09-13T16:48:05.2700533Z Unpacking xaw3dg:amd64 (1.5+F-1.1build2) ...
2026-09-13T16:48:05.4637362Z Selecting previously unselected package gv.
2026-09-13T16:48:05.4734468Z Preparing to unpack .../33-gv_1%3a3.7.4-2build2_amd64.deb ...
2026-09-13T16:48:05.4743611Z Unpacking gv (1:3.7.4-2build2) ...
2026-09-13T16:48:05.5404616Z Selecting previously unselected package libpaper-utils.
2026-09-13T16:48:05.5502632Z Preparing to unpack .../34-libpaper-utils_1.1.29build1_amd64.deb ...
2026-09-13T16:48:05.5511811Z Unpacking libpaper-utils (1.1.29build1) ...
2026-09-13T16:48:05.5875707Z Selecting previously unselected package libptexenc1:amd64.
2026-09-13T16:48:05.5970318Z Preparing to unpack .../35-libptexenc1_2023.20230311.66589-9build3_amd64.deb ...
2026-09-13T16:48:05.5979630Z Unpacking libptexenc1:amd64 (2023.20230311.66589-9build3) ...
2026-09-13T16:48:05.6189720Z Selecting previously unselected package libsynctex2:amd64.
2026-09-13T16:48:05.6283024Z Preparing to unpack .../36-libsynctex2_2023.20230311.66589-9build3_amd64.deb ...
2026-09-13T16:48:05.6423696Z Unpacking libsynctex2:amd64 (2023.20230311.66589-9build3) ...
2026-09-13T16:48:05.7214185Z Selecting previously unselected package libtexlua53-5:amd64.
2026-09-13T16:48:05.7307941Z Preparing to unpack .../37-libtexlua53-5_2023.20230311.66589-9build3_amd64.deb ...
2026-09-13T16:48:05.7317523Z Unpacking libtexlua53-5:amd64 (2023.20230311.66589-9build3) ...
2026-09-13T16:48:05.8332809Z Selecting previously unselected package t1utils.
2026-09-13T16:48:05.8427366Z Preparing to unpack .../38-t1utils_1.41-4build3_amd64.deb ...
2026-09-13T16:48:05.8436983Z Unpacking t1utils (1.41-4build3) ...
2026-09-13T16:48:05.8665394Z Selecting previously unselected package libteckit0:amd64.
2026-09-13T16:48:05.8760432Z Preparing to unpack .../39-libteckit0_2.5.12+ds1-1_amd64.deb ...
2026-09-13T16:48:05.8769172Z Unpacking libteckit0:amd64 (2.5.12+ds1-1) ...
2026-09-13T16:48:05.9097707Z Selecting previously unselected package libzzip-0-13t64:amd64.
2026-09-13T16:48:05.9195341Z Preparing to unpack .../40-libzzip-0-13t64_0.13.72+dfsg.1-1.2build1_amd64.deb ...
2026-09-13T16:48:05.9228478Z Unpacking libzzip-0-13t64:amd64 (0.13.72+dfsg.1-1.2build1) ...
2026-09-13T16:48:05.9625130Z Selecting previously unselected package texlive-binaries.
2026-09-13T16:48:05.9718755Z Preparing to unpack .../41-texlive-binaries_2023.20230311.66589-9build3_amd64.deb ...
2026-09-13T16:48:05.9828202Z Unpacking texlive-binaries (2023.20230311.66589-9build3) ...
2026-09-13T16:48:06.3074044Z Selecting previously unselected package texlive-base.
2026-09-13T16:48:06.3174169Z Preparing to unpack .../42-texlive-base_2023.20240207-1_all.deb ...
2026-09-13T16:48:06.3287554Z Unpacking texlive-base (2023.20240207-1) ...
2026-09-13T16:48:08.0254651Z Selecting previously unselected package texlive-latex-base.
2026-09-13T16:48:08.0366439Z Preparing to unpack .../43-texlive-latex-base_2023.20240207-1_all.deb ...
2026-09-13T16:48:08.0380539Z Unpacking texlive-latex-base (2023.20240207-1) ...
2026-09-13T16:48:08.8250850Z Selecting previously unselected package latexmk.
2026-09-13T16:48:08.8359443Z Preparing to unpack .../44-latexmk_1%3a4.83-1_all.deb ...
2026-09-13T16:48:08.8367807Z Unpacking latexmk (1:4.83-1) ...
2026-09-13T16:48:08.8681849Z Selecting previously unselected package libapache-pom-java.
2026-09-13T16:48:08.8780780Z Preparing to unpack .../45-libapache-pom-java_29-2_all.deb ...
2026-09-13T16:48:08.8788806Z Unpacking libapache-pom-java (29-2) ...
2026-09-13T16:48:08.9198204Z Selecting previously unselected package libxcb-shape0:amd64.
2026-09-13T16:48:08.9295673Z Preparing to unpack .../46-libxcb-shape0_1.15-1ubuntu2_amd64.deb ...
2026-09-13T16:48:08.9304592Z Unpacking libxcb-shape0:amd64 (1.15-1ubuntu2) ...
2026-09-13T16:48:08.9632367Z Selecting previously unselected package libxv1:amd64.
2026-09-13T16:48:08.9730622Z Preparing to unpack .../47-libxv1_2%3a1.0.11-1.1build1_amd64.deb ...
2026-09-13T16:48:08.9740762Z Unpacking libxv1:amd64 (2:1.0.11-1.1build1) ...
2026-09-13T16:48:08.9950862Z Selecting previously unselected package libxxf86dga1:amd64.
2026-09-13T16:48:09.0048422Z Preparing to unpack .../48-libxxf86dga1_2%3a1.1.5-1build1_amd64.deb ...
2026-09-13T16:48:09.0057419Z Unpacking libxxf86dga1:amd64 (2:1.1.5-1build1) ...
2026-09-13T16:48:09.0244681Z Selecting previously unselected package x11-utils.
2026-09-13T16:48:09.0341707Z Preparing to unpack .../49-x11-utils_7.7+6build2_amd64.deb ...
2026-09-13T16:48:09.0380685Z Unpacking x11-utils (7.7+6build2) ...
2026-09-13T16:48:09.0660986Z Selecting previously unselected package libatk-wrapper-java.
2026-09-13T16:48:09.0758237Z Preparing to unpack .../50-libatk-wrapper-java_0.40.0-3build2_all.deb ...
2026-09-13T16:48:09.0826205Z Unpacking libatk-wrapper-java (0.40.0-3build2) ...
2026-09-13T16:48:09.1048728Z Selecting previously unselected package libatk-wrapper-java-jni:amd64.
2026-09-13T16:48:09.1143678Z Preparing to unpack .../51-libatk-wrapper-java-jni_0.40.0-3build2_amd64.deb ...
2026-09-13T16:48:09.1152391Z Unpacking libatk-wrapper-java-jni:amd64 (0.40.0-3build2) ...
2026-09-13T16:48:09.1325263Z Selecting previously unselected package libcarp-clan-perl.
2026-09-13T16:48:09.1420682Z Preparing to unpack .../52-libcarp-clan-perl_6.08-2_all.deb ...
2026-09-13T16:48:09.1449687Z Unpacking libcarp-clan-perl (6.08-2) ...
2026-09-13T16:48:09.1646240Z Selecting previously unselected package libbit-vector-perl:amd64.
2026-09-13T16:48:09.1740351Z Preparing to unpack .../53-libbit-vector-perl_7.4-3build1_amd64.deb ...
2026-09-13T16:48:09.1748411Z Unpacking libbit-vector-perl:amd64 (7.4-3build1) ...
2026-09-13T16:48:09.1977219Z Selecting previously unselected package libcommons-parent-java.
2026-09-13T16:48:09.2073220Z Preparing to unpack .../54-libcommons-parent-java_56-1_all.deb ...
2026-09-13T16:48:09.2081436Z Unpacking libcommons-parent-java (56-1) ...
2026-09-13T16:48:09.2290629Z Selecting previously unselected package libcommons-logging-java.
2026-09-13T16:48:09.2386083Z Preparing to unpack .../55-libcommons-logging-java_1.3.0-1ubuntu1_all.deb ...
2026-09-13T16:48:09.2394610Z Unpacking libcommons-logging-java (1.3.0-1ubuntu1) ...
2026-09-13T16:48:09.2599082Z Selecting previously unselected package libcrypt-rc4-perl.
2026-09-13T16:48:09.2711839Z Preparing to unpack .../56-libcrypt-rc4-perl_2.02-5_all.deb ...
2026-09-13T16:48:09.2721527Z Unpacking libcrypt-rc4-perl (2.02-5) ...
2026-09-13T16:48:09.2903716Z Selecting previously unselected package libdate-calc-perl.
2026-09-13T16:48:09.2999709Z Preparing to unpack .../57-libdate-calc-perl_6.4-2_all.deb ...
2026-09-13T16:48:09.3019654Z Unpacking libdate-calc-perl (6.4-2) ...
2026-09-13T16:48:09.4143111Z Selecting previously unselected package libdate-calc-xs-perl:amd64.
2026-09-13T16:48:09.4239840Z Preparing to unpack .../58-libdate-calc-xs-perl_6.4-2build4_amd64.deb ...
2026-09-13T16:48:09.4249251Z Unpacking libdate-calc-xs-perl:amd64 (6.4-2build4) ...
2026-09-13T16:48:09.4448383Z Selecting previously unselected package libdate-manip-perl.
2026-09-13T16:48:09.4544891Z Preparing to unpack .../59-libdate-manip-perl_6.95-1_all.deb ...
2026-09-13T16:48:09.4554360Z Unpacking libdate-manip-perl (6.95-1) ...
2026-09-13T16:48:09.7424486Z Selecting previously unselected package libdigest-perl-md5-perl.
2026-09-13T16:48:09.7529873Z Preparing to unpack .../60-libdigest-perl-md5-perl_1.9-5_all.deb ...
2026-09-13T16:48:09.7540555Z Unpacking libdigest-perl-md5-perl (1.9-5) ...
2026-09-13T16:48:09.7763608Z Selecting previously unselected package libgumbo2:amd64.
2026-09-13T16:48:09.7865171Z Preparing to unpack .../61-libgumbo2_0.12.0+dfsg-2build1_amd64.deb ...
2026-09-13T16:48:09.7929205Z Unpacking libgumbo2:amd64 (0.12.0+dfsg-2build1) ...
2026-09-13T16:48:09.8135135Z Selecting previously unselected package libio-stringy-perl.
2026-09-13T16:48:09.8235065Z Preparing to unpack .../62-libio-stringy-perl_2.111-3_all.deb ...
2026-09-13T16:48:09.8263706Z Unpacking libio-stringy-perl (2.111-3) ...
2026-09-13T16:48:09.8642061Z Selecting previously unselected package libjcode-pm-perl.
2026-09-13T16:48:09.8741795Z Preparing to unpack .../63-libjcode-pm-perl_2.06-1.1build1_amd64.deb ...
2026-09-13T16:48:09.8751307Z Unpacking libjcode-pm-perl (2.06-1.1build1) ...
2026-09-13T16:48:09.8952516Z Selecting previously unselected package libmujs3:amd64.
2026-09-13T16:48:09.9052874Z Preparing to unpack .../64-libmujs3_1.3.3-3build2_amd64.deb ...
2026-09-13T16:48:09.9062431Z Unpacking libmujs3:amd64 (1.3.3-3build2) ...
2026-09-13T16:48:09.9258079Z Selecting previously unselected package libole-storage-lite-perl.
2026-09-13T16:48:09.9357406Z Preparing to unpack .../65-libole-storage-lite-perl_0.22-1_all.deb ...
2026-09-13T16:48:09.9367076Z Unpacking libole-storage-lite-perl (0.22-1) ...
2026-09-13T16:48:09.9593671Z Selecting previously unselected package libparse-recdescent-perl.
2026-09-13T16:48:09.9693382Z Preparing to unpack .../66-libparse-recdescent-perl_1.967015+dfsg-4_all.deb ...
2026-09-13T16:48:09.9701571Z Unpacking libparse-recdescent-perl (1.967015+dfsg-4) ...
2026-09-13T16:48:09.9998785Z Selecting previously unselected package libpoppler134:amd64.
2026-09-13T16:48:10.0096801Z Preparing to unpack .../67-libpoppler134_24.02.0-1ubuntu9.9_amd64.deb ...
2026-09-13T16:48:10.0141657Z Unpacking libpoppler134:amd64 (24.02.0-1ubuntu9.9) ...
2026-09-13T16:48:10.0574052Z Selecting previously unselected package libspreadsheet-writeexcel-perl.
2026-09-13T16:48:10.0672151Z Preparing to unpack .../68-libspreadsheet-writeexcel-perl_2.40-4_all.deb ...
2026-09-13T16:48:10.0758861Z Unpacking libspreadsheet-writeexcel-perl (2.40-4) ...
2026-09-13T16:48:10.1235883Z Selecting previously unselected package libunicode-map-perl.
2026-09-13T16:48:10.1337875Z Preparing to unpack .../69-libunicode-map-perl_0.112-13build4_amd64.deb ...
2026-09-13T16:48:10.1348734Z Unpacking libunicode-map-perl (0.112-13build4) ...
2026-09-13T16:48:10.1728052Z Selecting previously unselected package libspreadsheet-parseexcel-perl.
2026-09-13T16:48:10.1826534Z Preparing to unpack .../70-libspreadsheet-parseexcel-perl_0.6600-1_all.deb ...
2026-09-13T16:48:10.1835771Z Unpacking libspreadsheet-parseexcel-perl (0.6600-1) ...
2026-09-13T16:48:10.2613637Z Selecting previously unselected package lmodern.
2026-09-13T16:48:10.2711834Z Preparing to unpack .../71-lmodern_2.005-1_all.deb ...
2026-09-13T16:48:10.2721403Z Unpacking lmodern (2.005-1) ...
2026-09-13T16:48:10.6945803Z Selecting previously unselected package mupdf-tools.
2026-09-13T16:48:10.7050569Z Preparing to unpack .../72-mupdf-tools_1.23.10+ds1-1build3_amd64.deb ...
2026-09-13T16:48:10.7245703Z Unpacking mupdf-tools (1.23.10+ds1-1build3) ...
2026-09-13T16:48:11.3760591Z Selecting previously unselected package poppler-utils.
2026-09-13T16:48:11.3862515Z Preparing to unpack .../73-poppler-utils_24.02.0-1ubuntu9.9_amd64.deb ...
2026-09-13T16:48:11.4077967Z Unpacking poppler-utils (24.02.0-1ubuntu9.9) ...
2026-09-13T16:48:11.4689093Z Selecting previously unselected package preview-latex-style.
2026-09-13T16:48:11.4788928Z Preparing to unpack .../74-preview-latex-style_13.2-1_all.deb ...
2026-09-13T16:48:11.5290969Z Unpacking preview-latex-style (13.2-1) ...
2026-09-13T16:48:11.5530604Z Selecting previously unselected package tex-gyre.
2026-09-13T16:48:11.5629671Z Preparing to unpack .../75-tex-gyre_20180621-6_all.deb ...
2026-09-13T16:48:11.5639207Z Unpacking tex-gyre (20180621-6) ...
2026-09-13T16:48:11.9575758Z Selecting previously unselected package texlive-fonts-recommended.
2026-09-13T16:48:11.9680031Z Preparing to unpack .../76-texlive-fonts-recommended_2023.20240207-1_all.deb ...
2026-09-13T16:48:11.9689036Z Unpacking texlive-fonts-recommended (2023.20240207-1) ...
2026-09-13T16:48:12.7221934Z Selecting previously unselected package libfontbox-java.
2026-09-13T16:48:12.7336005Z Preparing to unpack .../77-libfontbox-java_1%3a1.8.16-5_all.deb ...
2026-09-13T16:48:12.7344843Z Unpacking libfontbox-java (1:1.8.16-5) ...
2026-09-13T16:48:12.8595273Z Selecting previously unselected package libpdfbox-java.
2026-09-13T16:48:12.8695847Z Preparing to unpack .../78-libpdfbox-java_1%3a1.8.16-5_all.deb ...
2026-09-13T16:48:12.8706300Z Unpacking libpdfbox-java (1:1.8.16-5) ...
2026-09-13T16:48:13.0139078Z Selecting previously unselected package texlive-latex-recommended.
2026-09-13T16:48:13.0240894Z Preparing to unpack .../79-texlive-latex-recommended_2023.20240207-1_all.deb ...
2026-09-13T16:48:13.0252992Z Unpacking texlive-latex-recommended (2023.20240207-1) ...
2026-09-13T16:48:13.9011772Z Selecting previously unselected package texlive-pictures.
2026-09-13T16:48:13.9122343Z Preparing to unpack .../80-texlive-pictures_2023.20240207-1_all.deb ...
2026-09-13T16:48:13.9225990Z Unpacking texlive-pictures (2023.20240207-1) ...
2026-09-13T16:48:15.9798373Z Selecting previously unselected package texlive-latex-extra.
2026-09-13T16:48:15.9922504Z Preparing to unpack .../81-texlive-latex-extra_2023.20240207-1_all.deb ...
2026-09-13T16:48:15.9930656Z Unpacking texlive-latex-extra (2023.20240207-1) ...
2026-09-13T16:48:18.2048836Z Selecting previously unselected package texlive-plain-generic.
2026-09-13T16:48:18.2187792Z Preparing to unpack .../82-texlive-plain-generic_2023.20240207-1_all.deb ...
2026-09-13T16:48:18.2198764Z Unpacking texlive-plain-generic (2023.20240207-1) ...
2026-09-13T16:48:24.9893276Z Selecting previously unselected package tipa.
2026-09-13T16:48:25.0053889Z Preparing to unpack .../83-tipa_2%3a1.3-21_all.deb ...
2026-09-13T16:48:25.1242975Z Unpacking tipa (2:1.3-21) ...
2026-09-13T16:48:25.3605696Z Selecting previously unselected package xpdf.
2026-09-13T16:48:25.3722998Z Preparing to unpack .../84-xpdf_3.04+git20240202-1build3_amd64.deb ...
2026-09-13T16:48:25.3761553Z Unpacking xpdf (3.04+git20240202-1build3) ...
2026-09-13T16:48:25.5390199Z Selecting previously unselected package cups-bsd.
2026-09-13T16:48:25.5502493Z Preparing to unpack .../85-cups-bsd_2.4.7-1.2ubuntu7.14_amd64.deb ...
2026-09-13T16:48:25.5511438Z Unpacking cups-bsd (2.4.7-1.2ubuntu7.14) ...
2026-09-13T16:48:25.5950076Z Setting up libjcode-pm-perl (2.06-1.1build1) ...
2026-09-13T16:48:25.5977143Z Setting up libpaper1:amd64 (1.1.29build1) ...
2026-09-13T16:48:25.9027692Z 
2026-09-13T16:48:25.9027934Z Creating config file /etc/papersize with new version
2026-09-13T16:48:25.9899108Z Setting up fonts-noto-mono (20201225-2) ...
2026-09-13T16:48:26.0759716Z Setting up fonts-texgyre-math (20180621-6) ...
2026-09-13T16:48:26.0792526Z Setting up libwoff1:amd64 (1.0.2-2build1) ...
2026-09-13T16:48:26.0867373Z Setting up libmujs3:amd64 (1.3.3-3build2) ...
2026-09-13T16:48:26.0913287Z Setting up libpoppler134:amd64 (24.02.0-1ubuntu9.9) ...
2026-09-13T16:48:26.0941374Z Setting up libio-stringy-perl (2.111-3) ...
2026-09-13T16:48:26.1994755Z Setting up libijs-0.35:amd64 (0.35-15.1build1) ...
2026-09-13T16:48:26.2016221Z Setting up cups-common (2.4.7-1.2ubuntu7.14) ...
2026-09-13T16:48:26.2043963Z Setting up preview-latex-style (13.2-1) ...
2026-09-13T16:48:26.2151505Z Setting up libgs-common (10.02.1~dfsg1-0ubuntu7.8) ...
2026-09-13T16:48:26.2187693Z Setting up libfontbox-java (1:1.8.16-5) ...
2026-09-13T16:48:26.2214380Z Setting up libxcb-shape0:amd64 (1.15-1ubuntu2) ...
2026-09-13T16:48:26.2848632Z Setting up libxxf86dga1:amd64 (2:1.1.5-1build1) ...
2026-09-13T16:48:26.2875382Z Setting up libpaper-utils (1.1.29build1) ...
2026-09-13T16:48:26.2901997Z Setting up libmotif-common (2.3.8-3.1build1) ...
2026-09-13T16:48:26.2927610Z Setting up cups-client (2.4.7-1.2ubuntu7.14) ...
2026-09-13T16:48:26.3284401Z info: Selecting GID from range 100 to 999 ...
2026-09-13T16:48:26.3305274Z info: Adding group `lpadmin' (GID 119) ...
2026-09-13T16:48:26.3420509Z Setting up poppler-data (0.4.12-1) ...
2026-09-13T16:48:26.3525282Z Setting up libdigest-perl-md5-perl (1.9-5) ...
2026-09-13T16:48:26.4042571Z Setting up libunicode-map-perl (0.112-13build4) ...
2026-09-13T16:48:26.4065676Z Setting up libzzip-0-13t64:amd64 (0.13.72+dfsg.1-1.2build1) ...
2026-09-13T16:48:26.4093957Z Setting up libjbig2dec0:amd64 (0.20-1ubuntu0.24.04.1) ...
2026-09-13T16:48:26.4118798Z Setting up libgumbo2:amd64 (0.12.0+dfsg-2build1) ...
2026-09-13T16:48:26.4141556Z Setting up libteckit0:amd64 (2.5.12+ds1-1) ...
2026-09-13T16:48:26.4163638Z Setting up libapache-pom-java (29-2) ...
2026-09-13T16:48:26.4215003Z Setting up xfonts-encodings (1:1.0.5-0ubuntu2) ...
2026-09-13T16:48:26.4354366Z Setting up t1utils (1.41-4build3) ...
2026-09-13T16:48:26.5025455Z Setting up libtexlua53-5:amd64 (2023.20230311.66589-9build3) ...
2026-09-13T16:48:26.5052216Z Setting up libcrypt-rc4-perl (2.02-5) ...
2026-09-13T16:48:26.5075813Z Setting up libxv1:amd64 (2:1.0.11-1.1build1) ...
2026-09-13T16:48:26.5098183Z Setting up libidn12:amd64 (1.42-1ubuntu0.1) ...
2026-09-13T16:48:26.5144650Z Setting up libpcsclite1:amd64 (2.0.3-1build1) ...
2026-09-13T16:48:26.5167585Z Setting up fonts-texgyre (20180621-6) ...
2026-09-13T16:48:26.5198569Z Setting up xaw3dg:amd64 (1.5+F-1.1build2) ...
2026-09-13T16:48:26.5220754Z Setting up libkpathsea6:amd64 (2023.20230311.66589-9build3) ...
2026-09-13T16:48:26.5244374Z Setting up libole-storage-lite-perl (0.22-1) ...
2026-09-13T16:48:26.5267016Z Setting up libgif7:amd64 (5.2.2-1ubuntu1.2) ...
2026-09-13T16:48:26.5519124Z Setting up libparse-recdescent-perl (1.967015+dfsg-4) ...
2026-09-13T16:48:26.5541683Z Setting up x11-utils (7.7+6build2) ...
2026-09-13T16:48:26.5688454Z Setting up fonts-lmodern (2.005-1) ...
2026-09-13T16:48:26.5732163Z Setting up libcarp-clan-perl (6.08-2) ...
2026-09-13T16:48:26.5754735Z Setting up fonts-droid-fallback (1:6.0.1r16-1.1build1) ...
2026-09-13T16:48:26.7431750Z Setting up poppler-utils (24.02.0-1ubuntu9.9) ...
2026-09-13T16:48:26.8282631Z Setting up libatk-wrapper-java (0.40.0-3build2) ...
2026-09-13T16:48:26.8306155Z Setting up ca-certificates-java (20240118) ...
2026-09-13T16:48:27.7963631Z Adding debian:ACCVRAIZ1.pem
2026-09-13T16:48:27.7980269Z Adding debian:AC_RAIZ_FNMT-RCM.pem
2026-09-13T16:48:27.8093498Z Adding debian:AC_RAIZ_FNMT-RCM_SERVIDORES_SEGUROS.pem
2026-09-13T16:48:27.8115473Z Adding debian:ANF_Secure_Server_Root_CA.pem
2026-09-13T16:48:27.8136893Z Adding debian:Actalis_Authentication_Root_CA.pem
2026-09-13T16:48:27.8148992Z Adding debian:Amazon_Root_CA_1.pem
2026-09-13T16:48:27.8164136Z Adding debian:Amazon_Root_CA_2.pem
2026-09-13T16:48:27.8171059Z Adding debian:Amazon_Root_CA_3.pem
2026-09-13T16:48:27.8178236Z Adding debian:Amazon_Root_CA_4.pem
2026-09-13T16:48:27.8189194Z Adding debian:Atos_TrustedRoot_2011.pem
2026-09-13T16:48:27.8197204Z Adding debian:Atos_TrustedRoot_Root_CA_ECC_TLS_2021.pem
2026-09-13T16:48:27.8212492Z Adding debian:Atos_TrustedRoot_Root_CA_RSA_TLS_2021.pem
2026-09-13T16:48:27.8230719Z Adding debian:Autoridad_de_Certificacion_Firmaprofesional_CIF_A62634068.pem
2026-09-13T16:48:27.8246049Z Adding debian:BJCA_Global_Root_CA1.pem
2026-09-13T16:48:27.8254596Z Adding debian:BJCA_Global_Root_CA2.pem
2026-09-13T16:48:27.8303118Z Adding debian:Buypass_Class_2_Root_CA.pem
2026-09-13T16:48:27.8318250Z Adding debian:Buypass_Class_3_Root_CA.pem
2026-09-13T16:48:27.8333569Z Adding debian:CA_Disig_Root_R2.pem
2026-09-13T16:48:27.8349925Z Adding debian:CFCA_EV_ROOT.pem
2026-09-13T16:48:27.8358259Z Adding debian:COMODO_ECC_Certification_Authority.pem
2026-09-13T16:48:27.8374057Z Adding debian:COMODO_RSA_Certification_Authority.pem
2026-09-13T16:48:27.8381287Z Adding debian:Certainly_Root_E1.pem
2026-09-13T16:48:27.8399067Z Adding debian:Certainly_Root_R1.pem
2026-09-13T16:48:27.8419985Z Adding debian:Certigna_Root_CA.pem
2026-09-13T16:48:27.8428127Z Adding debian:Certum_EC-384_CA.pem
2026-09-13T16:48:27.8439135Z Adding debian:Certum_Trusted_Network_CA.pem
2026-09-13T16:48:27.8454304Z Adding debian:Certum_Trusted_Network_CA_2.pem
2026-09-13T16:48:27.8469252Z Adding debian:Certum_Trusted_Root_CA.pem
2026-09-13T16:48:27.8478564Z Adding debian:D-TRUST_BR_Root_CA_1_2020.pem
2026-09-13T16:48:27.8494147Z Adding debian:D-TRUST_BR_Root_CA_2_2023.pem
2026-09-13T16:48:27.8504410Z Adding debian:D-TRUST_EV_Root_CA_1_2020.pem
2026-09-13T16:48:27.8522813Z Adding debian:D-TRUST_EV_Root_CA_2_2023.pem
2026-09-13T16:48:27.8539245Z Adding debian:D-TRUST_Root_Class_3_CA_2_2009.pem
2026-09-13T16:48:27.8554902Z Adding debian:D-TRUST_Root_Class_3_CA_2_EV_2009.pem
2026-09-13T16:48:27.8566044Z Adding debian:DigiCert_Assured_ID_Root_G2.pem
2026-09-13T16:48:27.8576231Z Adding debian:DigiCert_Assured_ID_Root_G3.pem
2026-09-13T16:48:27.8589785Z Adding debian:DigiCert_Global_Root_G2.pem
2026-09-13T16:48:27.8598355Z Adding debian:DigiCert_Global_Root_G3.pem
2026-09-13T16:48:27.8605293Z Adding debian:DigiCert_TLS_ECC_P384_Root_G5.pem
2026-09-13T16:48:27.8624601Z Adding debian:DigiCert_TLS_RSA4096_Root_G5.pem
2026-09-13T16:48:27.8634760Z Adding debian:DigiCert_Trusted_Root_G4.pem
2026-09-13T16:48:27.8651369Z Adding debian:Entrust_Root_Certification_Authority.pem
2026-09-13T16:48:27.8666189Z Adding debian:GDCA_TrustAUTH_R5_ROOT.pem
2026-09-13T16:48:27.8680117Z Adding debian:GTS_Root_R1.pem
2026-09-13T16:48:27.8687554Z Adding debian:GTS_Root_R3.pem
2026-09-13T16:48:27.8694439Z Adding debian:GTS_Root_R4.pem
2026-09-13T16:48:27.8700781Z Adding debian:GlobalSign_ECC_Root_CA_-_R4.pem
2026-09-13T16:48:27.8708232Z Adding debian:GlobalSign_ECC_Root_CA_-_R5.pem
2026-09-13T16:48:27.8720738Z Adding debian:GlobalSign_Root_CA_-_R3.pem
2026-09-13T16:48:27.8736393Z Adding debian:GlobalSign_Root_CA_-_R6.pem
2026-09-13T16:48:27.8743174Z Adding debian:GlobalSign_Root_E46.pem
2026-09-13T16:48:27.8758261Z Adding debian:GlobalSign_Root_R46.pem
2026-09-13T16:48:27.8768669Z Adding debian:Go_Daddy_Root_Certificate_Authority_-_G2.pem
2026-09-13T16:48:27.8775787Z Adding debian:HARICA_TLS_ECC_Root_CA_2021.pem
2026-09-13T16:48:27.8790082Z Adding debian:HARICA_TLS_RSA_Root_CA_2021.pem
2026-09-13T16:48:27.8799400Z Adding debian:Hellenic_Academic_and_Research_Institutions_ECC_RootCA_2015.pem
2026-09-13T16:48:27.8815795Z Adding debian:Hellenic_Academic_and_Research_Institutions_RootCA_2015.pem
2026-09-13T16:48:27.8829305Z Adding debian:HiPKI_Root_CA_-_G1.pem
2026-09-13T16:48:27.8843872Z Adding debian:Hongkong_Post_Root_CA_3.pem
2026-09-13T16:48:27.8857345Z Adding debian:ISRG_Root_X1.pem
2026-09-13T16:48:27.8864062Z Adding debian:ISRG_Root_X2.pem
2026-09-13T16:48:27.8877800Z Adding debian:IdenTrust_Commercial_Root_CA_1.pem
2026-09-13T16:48:27.8892435Z Adding debian:IdenTrust_Public_Sector_Root_CA_1.pem
2026-09-13T16:48:27.8914224Z Adding debian:Izenpe.com.pem
2026-09-13T16:48:27.8925607Z Adding debian:Microsec_e-Szigno_Root_CA_2009.pem
2026-09-13T16:48:27.8934489Z Adding debian:Microsoft_ECC_Root_Certificate_Authority_2017.pem
2026-09-13T16:48:27.8951600Z Adding debian:Microsoft_RSA_Root_Certificate_Authority_2017.pem
2026-09-13T16:48:27.8965788Z Adding debian:NAVER_Global_Root_Certification_Authority.pem
2026-09-13T16:48:27.8992283Z Adding debian:NetLock_Arany_=Class_Gold=_Főtanúsítvány.pem
2026-09-13T16:48:27.9001513Z Adding debian:OISTE_Server_Root_ECC_G1.pem
2026-09-13T16:48:27.9014645Z Adding debian:OISTE_Server_Root_RSA_G1.pem
2026-09-13T16:48:27.9027237Z Adding debian:OISTE_WISeKey_Global_Root_GB_CA.pem
2026-09-13T16:48:27.9036162Z Adding debian:OISTE_WISeKey_Global_Root_GC_CA.pem
2026-09-13T16:48:27.9066292Z Adding debian:QuoVadis_Root_CA_1_G3.pem
2026-09-13T16:48:27.9072412Z Adding debian:QuoVadis_Root_CA_2_G3.pem
2026-09-13T16:48:27.9092647Z Adding debian:QuoVadis_Root_CA_3_G3.pem
2026-09-13T16:48:27.9099000Z Adding debian:SSL.com_EV_Root_Certification_Authority_ECC.pem
2026-09-13T16:48:27.9116339Z Adding debian:SSL.com_EV_Root_Certification_Authority_RSA_R2.pem
2026-09-13T16:48:27.9123738Z Adding debian:SSL.com_Root_Certification_Authority_ECC.pem
2026-09-13T16:48:27.9140620Z Adding debian:SSL.com_Root_Certification_Authority_RSA.pem
2026-09-13T16:48:27.9147868Z Adding debian:SSL.com_TLS_ECC_Root_CA_2022.pem
2026-09-13T16:48:27.9161811Z Adding debian:SSL.com_TLS_RSA_Root_CA_2022.pem
2026-09-13T16:48:27.9172130Z Adding debian:SZAFIR_ROOT_CA2.pem
2026-09-13T16:48:27.9179026Z Adding debian:Sectigo_Public_Server_Authentication_Root_E46.pem
2026-09-13T16:48:27.9193056Z Adding debian:Sectigo_Public_Server_Authentication_Root_R46.pem
2026-09-13T16:48:27.9202792Z Adding debian:SecureSign_Root_CA12.pem
2026-09-13T16:48:27.9216602Z Adding debian:SecureSign_Root_CA14.pem
2026-09-13T16:48:27.9223495Z Adding debian:SecureSign_Root_CA15.pem
2026-09-13T16:48:27.9230600Z Adding debian:Security_Communication_ECC_RootCA1.pem
2026-09-13T16:48:27.9240761Z Adding debian:Security_Communication_RootCA2.pem
2026-09-13T16:48:27.9251330Z Adding debian:Starfield_Root_Certificate_Authority_-_G2.pem
2026-09-13T16:48:27.9261992Z Adding debian:Starfield_Services_Root_Certificate_Authority_-_G2.pem
2026-09-13T16:48:27.9276056Z Adding debian:SwissSign_RSA_TLS_Root_CA_2022_-_1.pem
2026-09-13T16:48:27.9286424Z Adding debian:T-TeleSec_GlobalRoot_Class_2.pem
2026-09-13T16:48:27.9296934Z Adding debian:T-TeleSec_GlobalRoot_Class_3.pem
2026-09-13T16:48:27.9308694Z Adding debian:TUBITAK_Kamu_SM_SSL_Kok_Sertifikasi_-_Surum_1.pem
2026-09-13T16:48:27.9322865Z Adding debian:TWCA_CYBER_Root_CA.pem
2026-09-13T16:48:27.9336162Z Adding debian:TWCA_Global_Root_CA.pem
2026-09-13T16:48:27.9345830Z Adding debian:TWCA_Root_Certification_Authority.pem
2026-09-13T16:48:27.9353040Z Adding debian:Telekom_Security_TLS_ECC_Root_2020.pem
2026-09-13T16:48:27.9367633Z Adding debian:Telekom_Security_TLS_RSA_Root_2023.pem
2026-09-13T16:48:27.9381511Z Adding debian:Telia_Root_CA_v2.pem
2026-09-13T16:48:27.9395835Z Adding debian:TrustAsia_Global_Root_CA_G3.pem
2026-09-13T16:48:27.9403026Z Adding debian:TrustAsia_Global_Root_CA_G4.pem
2026-09-13T16:48:27.9409983Z Adding debian:TrustAsia_TLS_ECC_Root_CA.pem
2026-09-13T16:48:27.9424145Z Adding debian:TrustAsia_TLS_RSA_Root_CA.pem
2026-09-13T16:48:27.9438812Z Adding debian:TunTrust_Root_CA.pem
2026-09-13T16:48:27.9451881Z Adding debian:UCA_Extended_Validation_Root.pem
2026-09-13T16:48:27.9464580Z Adding debian:UCA_Global_G2_Root.pem
2026-09-13T16:48:27.9471708Z Adding debian:USERTrust_ECC_Certification_Authority.pem
2026-09-13T16:48:27.9484531Z Adding debian:USERTrust_RSA_Certification_Authority.pem
2026-09-13T16:48:27.9496505Z Adding debian:certSIGN_Root_CA_G2.pem
2026-09-13T16:48:27.9502729Z Adding debian:e-Szigno_Root_CA_2017.pem
2026-09-13T16:48:27.9510539Z Adding debian:e-Szigno_TLS_Root_CA_2023.pem
2026-09-13T16:48:27.9523528Z Adding debian:ePKI_Root_Certification_Authority.pem
2026-09-13T16:48:27.9529104Z Adding debian:emSign_ECC_Root_CA_-_C3.pem
2026-09-13T16:48:27.9535108Z Adding debian:emSign_ECC_Root_CA_-_G3.pem
2026-09-13T16:48:27.9543367Z Adding debian:emSign_Root_CA_-_C1.pem
2026-09-13T16:48:27.9551701Z Adding debian:emSign_Root_CA_-_G1.pem
2026-09-13T16:48:27.9557242Z Adding debian:vTrus_ECC_Root_CA.pem
2026-09-13T16:48:27.9573046Z Adding debian:vTrus_Root_CA.pem
2026-09-13T16:48:28.1529956Z done.
2026-09-13T16:48:28.1556233Z Setting up libdate-manip-perl (6.95-1) ...
2026-09-13T16:48:28.1578963Z Setting up libxm4:amd64 (2.3.8-3.1build1) ...
2026-09-13T16:48:28.1603186Z Setting up libsynctex2:amd64 (2023.20230311.66589-9build3) ...
2026-09-13T16:48:28.1637659Z Setting up libpotrace0:amd64 (1.16-2build1) ...
2026-09-13T16:48:28.1660064Z Setting up libpdfbox-java (1:1.8.16-5) ...
2026-09-13T16:48:28.1685842Z Setting up openjdk-21-jre-headless:amd64 (21.0.12+8-1~24.04) ...
2026-09-13T16:48:28.4040231Z Setting up cups-bsd (2.4.7-1.2ubuntu7.14) ...
2026-09-13T16:48:28.6909214Z Setting up libcommons-parent-java (56-1) ...
2026-09-13T16:48:28.6938938Z Setting up libcommons-logging-java (1.3.0-1ubuntu1) ...
2026-09-13T16:48:28.6962510Z Setting up xfonts-utils (1:7.7+6build3) ...
2026-09-13T16:48:28.7006441Z Setting up mupdf-tools (1.23.10+ds1-1build3) ...
2026-09-13T16:48:28.7027820Z Setting up libspreadsheet-writeexcel-perl (2.40-4) ...
2026-09-13T16:48:28.7051390Z Setting up libatk-wrapper-java-jni:amd64 (0.40.0-3build2) ...
2026-09-13T16:48:28.7090453Z Setting up libbit-vector-perl:amd64 (7.4-3build1) ...
2026-09-13T16:48:28.7111467Z Setting up libptexenc1:amd64 (2023.20230311.66589-9build3) ...
2026-09-13T16:48:28.7137962Z Setting up libspreadsheet-parseexcel-perl (0.6600-1) ...
2026-09-13T16:48:28.7163399Z Setting up texlive-binaries (2023.20230311.66589-9build3) ...
2026-09-13T16:48:28.7215400Z update-alternatives: using /usr/bin/xdvi-xaw to provide /usr/bin/xdvi.bin (xdvi.bin) in auto mode
2026-09-13T16:48:28.7249168Z update-alternatives: using /usr/bin/bibtex.original to provide /usr/bin/bibtex (bibtex) in auto mode
2026-09-13T16:48:29.0581409Z Setting up lmodern (2.005-1) ...
2026-09-13T16:48:29.1955738Z Setting up xpdf (3.04+git20240202-1build3) ...
2026-09-13T16:48:29.2872756Z Setting up texlive-base (2023.20240207-1) ...
2026-09-13T16:48:29.9045145Z tl-paper: setting paper size for dvips to a4: /var/lib/texmf/dvips/config/config-paper.ps
2026-09-13T16:48:30.0329470Z tl-paper: setting paper size for dvipdfmx to a4: /var/lib/texmf/dvipdfmx/dvipdfmx-paper.cfg
2026-09-13T16:48:30.1606905Z tl-paper: setting paper size for xdvi to a4: /var/lib/texmf/xdvi/XDvi-paper
2026-09-13T16:48:30.2951300Z tl-paper: setting paper size for pdftex to a4: /var/lib/texmf/tex/generic/tex-ini-files/pdftexconfig.tex
2026-09-13T16:48:30.6274092Z Setting up tex-gyre (20180621-6) ...
2026-09-13T16:48:30.8366935Z Setting up libdate-calc-perl (6.4-2) ...
2026-09-13T16:48:30.8388873Z Setting up libdate-calc-xs-perl:amd64 (6.4-2build4) ...
2026-09-13T16:48:30.8411008Z Setting up texlive-plain-generic (2023.20240207-1) ...
2026-09-13T16:48:30.8448593Z Setting up fonts-urw-base35 (20200910-8) ...
2026-09-13T16:48:31.0082643Z Setting up texlive-latex-base (2023.20240207-1) ...
2026-09-13T16:48:31.0164574Z Setting up texlive-latex-recommended (2023.20240207-1) ...
2026-09-13T16:48:31.0212621Z Setting up texlive-pictures (2023.20240207-1) ...
2026-09-13T16:48:31.0271074Z Setting up texlive-fonts-recommended (2023.20240207-1) ...
2026-09-13T16:48:31.0320772Z Setting up tipa (2:1.3-21) ...
2026-09-13T16:48:31.0809008Z Setting up libgs10-common (10.02.1~dfsg1-0ubuntu7.8) ...
2026-09-13T16:48:31.0879700Z Setting up latexmk (1:4.83-1) ...
2026-09-13T16:48:31.0919797Z Setting up texlive-latex-extra (2023.20240207-1) ...
2026-09-13T16:48:31.0986455Z Setting up libgs10:amd64 (10.02.1~dfsg1-0ubuntu7.8) ...
2026-09-13T16:48:31.1027477Z Setting up dvisvgm (3.2.1+ds-1build1) ...
2026-09-13T16:48:31.1052107Z Setting up ghostscript (10.02.1~dfsg1-0ubuntu7.8) ...
2026-09-13T16:48:31.1113948Z Setting up gv (1:3.7.4-2build2) ...
2026-09-13T16:48:31.1532927Z Processing triggers for man-db (2.12.0-4build2) ...
2026-09-13T16:48:31.3171197Z Not building database; man-db/auto-update is not 'true'.
2026-09-13T16:48:31.3181445Z Processing triggers for tex-common (6.18) ...
2026-09-13T16:48:31.4564378Z Running mktexlsr. This may take some time... done.
2026-09-13T16:48:31.7621796Z Running updmap-sys. This may take some time... done.
2026-09-13T16:48:31.7814690Z Running mktexlsr /var/lib/texmf ... done.
2026-09-13T16:48:31.8406552Z Building format(s) --all.
2026-09-13T16:48:58.4487250Z 	This may take some time... done.
2026-09-13T16:48:58.4551181Z Processing triggers for install-info (7.1-3build2) ...
2026-09-13T16:48:58.5609705Z Processing triggers for fontconfig (2.15.0-1.1ubuntu2) ...
2026-09-13T16:48:58.8096067Z Processing triggers for hicolor-icon-theme (0.17-2) ...
2026-09-13T16:48:59.0016354Z Processing triggers for libc-bin (2.39-0ubuntu8.8) ...
2026-09-13T16:48:59.9849696Z Processing triggers for ca-certificates-java (20240118) ...
2026-09-13T16:49:00.0411313Z done.
2026-09-13T16:49:00.0472833Z Setting up openjdk-21-jre:amd64 (21.0.12+8-1~24.04) ...
2026-09-13T16:49:00.0662714Z Setting up default-jre-headless (2:1.21-75+exp1) ...
2026-09-13T16:49:00.0695239Z Setting up default-jre (2:1.21-75+exp1) ...
2026-09-13T16:49:01.6067544Z 
2026-09-13T16:49:01.6068089Z Running kernel seems to be up-to-date.
2026-09-13T16:49:01.6068333Z 
2026-09-13T16:49:01.6068433Z No services need to be restarted.
2026-09-13T16:49:01.6068593Z 
2026-09-13T16:49:01.6068683Z No containers need to be restarted.
2026-09-13T16:49:01.6068848Z 
2026-09-13T16:49:01.6068957Z No user sessions are running outdated binaries.
2026-09-13T16:49:01.6069145Z 
2026-09-13T16:49:01.6069316Z No VM guests are running outdated hypervisor (qemu) binaries on this host.
2026-09-13T16:49:02.2229785Z ##[group]Run uv run cffconvert --validate --infile CITATION.cff
2026-09-13T16:49:02.2230072Z [36;1muv run cffconvert --validate --infile CITATION.cff[0m
2026-09-13T16:49:02.2265042Z shell: /usr/bin/bash -e {0}
2026-09-13T16:49:02.2265183Z env:
2026-09-13T16:49:02.2265343Z   UV_PYTHON_INSTALL_DIR: /home/runner/work/_temp/uv-python-dir
2026-09-13T16:49:02.2265545Z   UV_PYTHON: 3.12
2026-09-13T16:49:02.2265688Z   UV_CACHE_DIR: /home/runner/work/_temp/setup-uv-cache
2026-09-13T16:49:02.2265858Z ##[endgroup]
2026-09-13T16:49:02.7273373Z Citation metadata are valid according to schema version 1.2.0.
2026-09-13T16:49:02.7535118Z ##[group]Run uv pip install --python .venv/bin/python --no-config --require-hashes --torch-backend cu129 --overrides requirements-formal.lock --dry-run -r requirements-formal.lock
2026-09-13T16:49:02.7535827Z [36;1muv pip install --python .venv/bin/python --no-config --require-hashes --torch-backend cu129 --overrides requirements-formal.lock --dry-run -r requirements-formal.lock[0m
2026-09-13T16:49:02.7536467Z [36;1muv pip install --python .venv/bin/python --no-config --no-deps --require-hashes --no-build-isolation-package flash-attn --dry-run -r requirements-formal-flash.txt[0m
2026-09-13T16:49:02.7569166Z shell: /usr/bin/bash -e {0}
2026-09-13T16:49:02.7569302Z env:
2026-09-13T16:49:02.7569472Z   UV_PYTHON_INSTALL_DIR: /home/runner/work/_temp/uv-python-dir
2026-09-13T16:49:02.7569788Z   UV_PYTHON: 3.12
2026-09-13T16:49:02.7569929Z   UV_CACHE_DIR: /home/runner/work/_temp/setup-uv-cache
2026-09-13T16:49:02.7570098Z ##[endgroup]
2026-09-13T16:49:03.3137617Z Resolved 113 packages in 514ms
2026-09-13T16:49:03.3158808Z Would download 41 packages
2026-09-13T16:49:03.3159051Z Would uninstall 39 packages
2026-09-13T16:49:03.3159274Z Would install 42 packages
2026-09-13T16:49:03.3174856Z  - accelerate==1.14.0
2026-09-13T16:49:03.3175078Z  + accelerate==1.13.0
2026-09-13T16:49:03.3175266Z  - click==8.4.2
2026-09-13T16:49:03.3175445Z  + click==8.5.0
2026-09-13T16:49:03.3175623Z  - coverage==7.15.4
2026-09-13T16:49:03.3175867Z  + coverage==7.16.0
2026-09-13T16:49:03.3176141Z  - datasets==4.8.5
2026-09-13T16:49:03.3176357Z  + datasets==4.8.4
2026-09-13T16:49:03.3176616Z  - filelock==3.32.3
2026-09-13T16:49:03.3176862Z  + filelock==3.32.4
2026-09-13T16:49:03.3177125Z  + gitdb==4.0.12
2026-09-13T16:49:03.3177501Z  + gitpython==3.1.61
2026-09-13T16:49:03.3177706Z  - huggingface-hub==1.27.0
2026-09-13T16:49:03.3177917Z  + huggingface-hub==1.29.0
2026-09-13T16:49:03.3178115Z  - idna==3.18
2026-09-13T16:49:03.3178284Z  + idna==3.19
2026-09-13T16:49:03.3178530Z  - kiwisolver==1.5.0
2026-09-13T16:49:03.3178797Z  + kiwisolver==1.5.1
2026-09-13T16:49:03.3178999Z  - mteb==2.19.3
2026-09-13T16:49:03.3179290Z  + mteb==2.18.16
2026-09-13T16:49:03.3179661Z  - narwhals==2.24.0
2026-09-13T16:49:03.3179910Z  + narwhals==2.25.0
2026-09-13T16:49:03.3180182Z  - numkong==7.8.0
2026-09-13T16:49:03.3180430Z  + numkong==7.8.1
2026-09-13T16:49:03.3180706Z  - nvidia-cublas-cu12==12.8.4.1
2026-09-13T16:49:03.3180993Z  + nvidia-cublas-cu12==12.9.1.4
2026-09-13T16:49:03.3181248Z  - nvidia-cuda-cupti-cu12==12.8.90
2026-09-13T16:49:03.3181530Z  + nvidia-cuda-cupti-cu12==12.9.79
2026-09-13T16:49:03.3181794Z  - nvidia-cuda-nvrtc-cu12==12.8.93
2026-09-13T16:49:03.3182033Z  + nvidia-cuda-nvrtc-cu12==12.9.86
2026-09-13T16:49:03.3182319Z  - nvidia-cuda-runtime-cu12==12.8.90
2026-09-13T16:49:03.3191039Z  + nvidia-cuda-runtime-cu12==12.9.79
2026-09-13T16:49:03.3191291Z  - nvidia-cufft-cu12==11.3.3.83
2026-09-13T16:49:03.3191520Z  + nvidia-cufft-cu12==11.4.1.4
2026-09-13T16:49:03.3191730Z  - nvidia-cufile-cu12==1.13.1.3
2026-09-13T16:49:03.3191884Z  + nvidia-cufile-cu12==1.14.1.1
2026-09-13T16:49:03.3192030Z  - nvidia-curand-cu12==10.3.9.90
2026-09-13T16:49:03.3192180Z  + nvidia-curand-cu12==10.3.10.19
2026-09-13T16:49:03.3192335Z  - nvidia-cusolver-cu12==11.7.3.90
2026-09-13T16:49:03.3192488Z  + nvidia-cusolver-cu12==11.7.5.82
2026-09-13T16:49:03.3192643Z  - nvidia-cusparse-cu12==12.5.8.93
2026-09-13T16:49:03.3192792Z  + nvidia-cusparse-cu12==12.5.10.65
2026-09-13T16:49:03.3192949Z  - nvidia-nvjitlink-cu12==12.8.93
2026-09-13T16:49:03.3193102Z  + nvidia-nvjitlink-cu12==12.9.86
2026-09-13T16:49:03.3193253Z  - nvidia-nvtx-cu12==12.8.90
2026-09-13T16:49:03.3193396Z  + nvidia-nvtx-cu12==12.9.79
2026-09-13T16:49:03.3193538Z  - platformdirs==4.11.3
2026-09-13T16:49:03.3193675Z  + platformdirs==4.11.5
2026-09-13T16:49:03.3193802Z  - polars==1.43.2
2026-09-13T16:49:03.3193919Z  + polars==1.44.1
2026-09-13T16:49:03.3194043Z  - polars-runtime-32==1.43.2
2026-09-13T16:49:03.3194189Z  + polars-runtime-32==1.44.1
2026-09-13T16:49:03.3194516Z  - protobuf==7.35.1
2026-09-13T16:49:03.3194638Z  + protobuf==7.36.0
2026-09-13T16:49:03.3194778Z  - pydantic==2.13.4
2026-09-13T16:49:03.3194895Z  + pydantic==2.13.5
2026-09-13T16:49:03.3195016Z  - pydantic-core==2.46.4
2026-09-13T16:49:03.3195152Z  + pydantic-core==2.46.5
2026-09-13T16:49:03.3195280Z  - pygments==2.20.0
2026-09-13T16:49:03.3195394Z  + pygments==2.21.0
2026-09-13T16:49:03.3195508Z  - regex==2026.7.19
2026-09-13T16:49:03.3195621Z  + regex==2026.8.31
2026-09-13T16:49:03.3195740Z  - ruff==0.16.3
2026-09-13T16:49:03.3195851Z  + ruff==0.16.5
2026-09-13T16:49:03.3195967Z  - scipy==1.18.0
2026-09-13T16:49:03.3196083Z  + scipy==1.18.1
2026-09-13T16:49:03.3196203Z  - sentry-sdk==2.68.0
2026-09-13T16:49:03.3196334Z  + sentry-sdk==2.68.1
2026-09-13T16:49:03.3196462Z  - setuptools==81.0.0
2026-09-13T16:49:03.3196604Z  + setuptools==84.0.0
2026-09-13T16:49:03.3196728Z  + smmap==5.0.3
2026-09-13T16:49:03.3196844Z  - torch==2.9.0
2026-09-13T16:49:03.3196960Z  + torch==2.9.1+cu129
2026-09-13T16:49:03.3197083Z  - triton==3.5.0
2026-09-13T16:49:03.3197201Z  + triton==3.5.1
2026-09-13T16:49:03.3197313Z  - typer==0.27.1
2026-09-13T16:49:03.3197426Z  + typer==0.27.2
2026-09-13T16:49:03.3197538Z  - wandb==0.28.2
2026-09-13T16:49:03.3197650Z  + wandb==0.26.1
2026-09-13T16:49:03.3197763Z  - xxhash==4.0.0
2026-09-13T16:49:03.3197874Z  + xxhash==4.0.1
2026-09-13T16:49:03.3857687Z Resolved 1 package in 55ms
2026-09-13T16:49:03.3858005Z Would download 1 package
2026-09-13T16:49:03.3858213Z Would install 1 package
2026-09-13T16:49:03.3858430Z  + flash-attn==2.7.4.post1
2026-09-13T16:49:03.3893117Z ##[group]Run uv pip install --python .venv/bin/python --no-config --require-hashes --torch-backend cu129 --overrides requirements-formal.lock -r requirements-formal.lock
2026-09-13T16:49:03.3893910Z [36;1muv pip install --python .venv/bin/python --no-config --require-hashes --torch-backend cu129 --overrides requirements-formal.lock -r requirements-formal.lock[0m
2026-09-13T16:49:03.3894447Z [36;1muv pip install --python .venv/bin/python --no-config --no-deps --require-hashes -r requirements-ci-flash-wheel.txt[0m
2026-09-13T16:49:03.3894900Z [36;1muv pip install --python .venv/bin/python --no-config --no-deps --require-hashes -r requirements-primary-replay.txt[0m
2026-09-13T16:49:03.3895589Z [36;1m.venv/bin/python -c 'import torch; import flash_attn_2_cuda; assert torch.version.cuda == "12.9"; assert torch._C._GLIBCXX_USE_CXX11_ABI; assert all(callable(getattr(flash_attn_2_cuda, n)) for n in ("fwd", "varlen_fwd", "bwd", "varlen_bwd", "fwd_kvcache"))'[0m
2026-09-13T16:49:03.3896221Z [36;1m.venv/bin/python -m embed_optim.runtime --spec configs/formal_runtime.json[0m
2026-09-13T16:49:03.3930001Z shell: /usr/bin/bash -e {0}
2026-09-13T16:49:03.3930149Z env:
2026-09-13T16:49:03.3930310Z   UV_PYTHON_INSTALL_DIR: /home/runner/work/_temp/uv-python-dir
2026-09-13T16:49:03.3930503Z   UV_PYTHON: 3.12
2026-09-13T16:49:03.3930653Z   UV_CACHE_DIR: /home/runner/work/_temp/setup-uv-cache
2026-09-13T16:49:03.3930830Z   CUDA_VISIBLE_DEVICES: 
2026-09-13T16:49:03.3930963Z ##[endgroup]
2026-09-13T16:49:03.4181099Z Resolved 113 packages in 11ms
2026-09-13T16:49:03.4653459Z Downloading scipy (33.7MiB)
2026-09-13T16:49:03.4654033Z Downloading pydantic-core (2.0MiB)
2026-09-13T16:49:03.4654533Z Downloading kiwisolver (1.4MiB)
2026-09-13T16:49:03.4661619Z Downloading pygments (1.2MiB)
2026-09-13T16:49:03.4773114Z Downloading polars-runtime-32 (55.8MiB)
2026-09-13T16:49:03.4773671Z Downloading nvidia-cusolver-cu12 (322.5MiB)
2026-09-13T16:49:03.4774588Z Downloading nvidia-cublas-cu12 (554.3MiB)
2026-09-13T16:49:03.4775294Z Downloading nvidia-cuda-runtime-cu12 (3.3MiB)
2026-09-13T16:49:03.4776125Z Downloading nvidia-cuda-nvrtc-cu12 (85.4MiB)
2026-09-13T16:49:03.4776948Z Downloading nvidia-cufft-cu12 (191.6MiB)
2026-09-13T16:49:03.4779428Z Downloading wandb (25.9MiB)
2026-09-13T16:49:03.4781058Z Downloading nvidia-cusparse-cu12 (349.5MiB)
2026-09-13T16:49:03.4782301Z Downloading numkong (10.0MiB)
2026-09-13T16:49:03.4783713Z Downloading nvidia-nvjitlink-cu12 (37.9MiB)
2026-09-13T16:49:03.4784836Z Downloading nvidia-curand-cu12 (65.1MiB)
2026-09-13T16:49:03.4785942Z Downloading mteb (5.8MiB)
2026-09-13T16:49:03.4787186Z Downloading ruff (9.8MiB)
2026-09-13T16:49:03.4788284Z Downloading nvidia-cuda-cupti-cu12 (10.3MiB)
2026-09-13T16:49:03.4789292Z Downloading nvidia-cufile-cu12 (1.2MiB)
2026-09-13T16:49:03.4934082Z Downloading triton (162.6MiB)
2026-09-13T16:49:03.5554447Z Downloading torch (1.2GiB)
2026-09-13T16:49:03.6300569Z  Downloaded pygments
2026-09-13T16:49:03.6301127Z  Downloaded nvidia-cufile-cu12
2026-09-13T16:49:03.6580078Z  Downloaded kiwisolver
2026-09-13T16:49:03.6786158Z  Downloaded pydantic-core
2026-09-13T16:49:03.8359646Z  Downloaded nvidia-cuda-runtime-cu12
2026-09-13T16:49:04.0230622Z  Downloaded ruff
2026-09-13T16:49:04.0347501Z  Downloaded nvidia-cuda-cupti-cu12
2026-09-13T16:49:04.0355880Z  Downloaded numkong
2026-09-13T16:49:04.1515008Z  Downloaded mteb
2026-09-13T16:49:04.4920261Z  Downloaded wandb
2026-09-13T16:49:04.6126910Z  Downloaded nvidia-nvjitlink-cu12
2026-09-13T16:49:04.6450627Z  Downloaded scipy
2026-09-13T16:49:04.9141108Z  Downloaded polars-runtime-32
2026-09-13T16:49:05.3594965Z  Downloaded nvidia-curand-cu12
2026-09-13T16:49:05.9543110Z  Downloaded nvidia-cuda-nvrtc-cu12
2026-09-13T16:49:07.6305880Z  Downloaded triton
2026-09-13T16:49:09.7158863Z  Downloaded nvidia-cufft-cu12
2026-09-13T16:49:14.6446947Z  Downloaded nvidia-cusolver-cu12
2026-09-13T16:49:14.7496134Z  Downloaded nvidia-cusparse-cu12
2026-09-13T16:49:18.2387484Z  Downloaded nvidia-cublas-cu12
2026-09-13T16:49:24.8066100Z  Downloaded torch
2026-09-13T16:49:24.8158706Z Prepared 41 packages in 21.39s
2026-09-13T16:49:25.1516683Z Uninstalled 39 packages in 335ms
2026-09-13T16:49:26.0196060Z Installed 42 packages in 867ms
2026-09-13T16:49:26.0578932Z  - accelerate==1.14.0
2026-09-13T16:49:26.0579140Z  + accelerate==1.13.0
2026-09-13T16:49:26.0581304Z  - click==8.4.2
2026-09-13T16:49:26.0581484Z  + click==8.5.0
2026-09-13T16:49:26.0581704Z  - coverage==7.15.4
2026-09-13T16:49:26.0581890Z  + coverage==7.16.0
2026-09-13T16:49:26.0582066Z  - datasets==4.8.5
2026-09-13T16:49:26.0582240Z  + datasets==4.8.4
2026-09-13T16:49:26.0582417Z  - filelock==3.32.3
2026-09-13T16:49:26.0582590Z  + filelock==3.32.4
2026-09-13T16:49:26.0582758Z  + gitdb==4.0.12
2026-09-13T16:49:26.0582933Z  + gitpython==3.1.61
2026-09-13T16:49:26.0583124Z  - huggingface-hub==1.27.0
2026-09-13T16:49:26.0583332Z  + huggingface-hub==1.29.0
2026-09-13T16:49:26.0583522Z  - idna==3.18
2026-09-13T16:49:26.0583683Z  + idna==3.19
2026-09-13T16:49:26.0583878Z  - kiwisolver==1.5.0
2026-09-13T16:49:26.0584057Z  + kiwisolver==1.5.1
2026-09-13T16:49:26.0584238Z  - mteb==2.19.3
2026-09-13T16:49:26.0584399Z  + mteb==2.18.16
2026-09-13T16:49:26.0584576Z  - narwhals==2.24.0
2026-09-13T16:49:26.0584746Z  + narwhals==2.25.0
2026-09-13T16:49:26.0584914Z  - numkong==7.8.0
2026-09-13T16:49:26.0585081Z  + numkong==7.8.1
2026-09-13T16:49:26.0585263Z  - nvidia-cublas-cu12==12.8.4.1
2026-09-13T16:49:26.0585481Z  + nvidia-cublas-cu12==12.9.1.4
2026-09-13T16:49:26.0585703Z  - nvidia-cuda-cupti-cu12==12.8.90
2026-09-13T16:49:26.0585936Z  + nvidia-cuda-cupti-cu12==12.9.79
2026-09-13T16:49:26.0586163Z  - nvidia-cuda-nvrtc-cu12==12.8.93
2026-09-13T16:49:26.0586388Z  + nvidia-cuda-nvrtc-cu12==12.9.86
2026-09-13T16:49:26.0586616Z  - nvidia-cuda-runtime-cu12==12.8.90
2026-09-13T16:49:26.0586855Z  + nvidia-cuda-runtime-cu12==12.9.79
2026-09-13T16:49:26.0587082Z  - nvidia-cufft-cu12==11.3.3.83
2026-09-13T16:49:26.0587299Z  + nvidia-cufft-cu12==11.4.1.4
2026-09-13T16:49:26.0587519Z  - nvidia-cufile-cu12==1.13.1.3
2026-09-13T16:49:26.0587733Z  + nvidia-cufile-cu12==1.14.1.1
2026-09-13T16:49:26.0587948Z  - nvidia-curand-cu12==10.3.9.90
2026-09-13T16:49:26.0588172Z  + nvidia-curand-cu12==10.3.10.19
2026-09-13T16:49:26.0588403Z  - nvidia-cusolver-cu12==11.7.3.90
2026-09-13T16:49:26.0588629Z  + nvidia-cusolver-cu12==11.7.5.82
2026-09-13T16:49:26.0588853Z  - nvidia-cusparse-cu12==12.5.8.93
2026-09-13T16:49:26.0589117Z  + nvidia-cusparse-cu12==12.5.10.65
2026-09-13T16:49:26.0589348Z  - nvidia-nvjitlink-cu12==12.8.93
2026-09-13T16:49:26.0589703Z  + nvidia-nvjitlink-cu12==12.9.86
2026-09-13T16:49:26.0589927Z  - nvidia-nvtx-cu12==12.8.90
2026-09-13T16:49:26.0590159Z  + nvidia-nvtx-cu12==12.9.79
2026-09-13T16:49:26.0590434Z  - platformdirs==4.11.3
2026-09-13T16:49:26.0590633Z  + platformdirs==4.11.5
2026-09-13T16:49:26.0590828Z  - polars==1.43.2
2026-09-13T16:49:26.0591057Z  + polars==1.44.1
2026-09-13T16:49:26.0591294Z  - polars-runtime-32==1.43.2
2026-09-13T16:49:26.0591526Z  + polars-runtime-32==1.44.1
2026-09-13T16:49:26.0591788Z  - protobuf==7.35.1
2026-09-13T16:49:26.0591969Z  + protobuf==7.36.0
2026-09-13T16:49:26.0592189Z  - pydantic==2.13.4
2026-09-13T16:49:26.0592429Z  + pydantic==2.13.5
2026-09-13T16:49:26.0592668Z  - pydantic-core==2.46.4
2026-09-13T16:49:26.0592894Z  + pydantic-core==2.46.5
2026-09-13T16:49:26.0593126Z  - pygments==2.20.0
2026-09-13T16:49:26.0593364Z  + pygments==2.21.0
2026-09-13T16:49:26.0593581Z  - regex==2026.7.19
2026-09-13T16:49:26.0593817Z  + regex==2026.8.31
2026-09-13T16:49:26.0594055Z  - ruff==0.16.3
2026-09-13T16:49:26.0594281Z  + ruff==0.16.5
2026-09-13T16:49:26.0594509Z  - scipy==1.18.0
2026-09-13T16:49:26.0594768Z  + scipy==1.18.1
2026-09-13T16:49:26.0594955Z  - sentry-sdk==2.68.0
2026-09-13T16:49:26.0595183Z  + sentry-sdk==2.68.1
2026-09-13T16:49:26.0595422Z  - setuptools==81.0.0
2026-09-13T16:49:26.0595611Z  + setuptools==84.0.0
2026-09-13T16:49:26.0595885Z  + smmap==5.0.3
2026-09-13T16:49:26.0596148Z  - torch==2.9.0
2026-09-13T16:49:26.0596338Z  + torch==2.9.1+cu129
2026-09-13T16:49:26.0596836Z  - triton==3.5.0
2026-09-13T16:49:26.0597005Z  + triton==3.5.1
2026-09-13T16:49:26.0597170Z  - typer==0.27.1
2026-09-13T16:49:26.0597470Z  + typer==0.27.2
2026-09-13T16:49:26.0597634Z  - wandb==0.28.2
2026-09-13T16:49:26.0597797Z  + wandb==0.26.1
2026-09-13T16:49:26.0598018Z  - xxhash==4.0.0
2026-09-13T16:49:26.0598194Z  + xxhash==4.0.1
2026-09-13T16:49:32.5346978Z Resolved 1 package in 6.29s
2026-09-13T16:49:32.7073841Z Downloading flash-attn (183.9MiB)
2026-09-13T16:49:38.3178153Z  Downloaded flash-attn
2026-09-13T16:49:38.3887612Z Prepared 1 package in 5.85s
2026-09-13T16:49:38.5090510Z Installed 1 package in 120ms
2026-09-13T16:49:38.5091965Z  + flash-attn==2.7.4.post1 (from https://huggingface.co/datasets/qcz/embedding-optimizer-study-analysis-artifacts/resolve/18c1ab7abc636d2542be6831591f31c171c7dcf6/runtime/flash-attention-2.7.4.post1-cu129-cp312-v1/c097029fa6c92cdcb690eba43c2c5ae93cec52dd70caeafd834ae2aaa4a97a2d/flash_attn-2.7.4.post1-cp312-cp312-linux_x86_64.whl)
2026-09-13T16:49:38.5327059Z Resolved 1 package in 0.95ms
2026-09-13T16:49:38.7095569Z Prepared 1 package in 161ms
2026-09-13T16:49:38.7118041Z Uninstalled 1 package in 2ms
2026-09-13T16:49:38.7161159Z Installed 1 package in 4ms
2026-09-13T16:49:38.7161385Z  - huggingface-hub==1.29.0
2026-09-13T16:49:38.7161521Z  + huggingface-hub==1.28.0
2026-09-13T16:49:43.3940433Z {
2026-09-13T16:49:43.3940641Z   "problems": [],
2026-09-13T16:49:43.3940795Z   "runtime": {
2026-09-13T16:49:43.3940922Z     "packages": {
2026-09-13T16:49:43.3941071Z       "accelerate": "1.13.0",
2026-09-13T16:49:43.3941229Z       "datasets": "4.8.4",
2026-09-13T16:49:43.3941374Z       "fast-plaid": "1.6.0.290",
2026-09-13T16:49:43.3941522Z       "flash-attn": "2.7.4.post1",
2026-09-13T16:49:43.3941720Z       "late-interaction-kernels": "0.4.5",
2026-09-13T16:49:43.3941882Z       "mteb": "2.18.16",
2026-09-13T16:49:43.3942011Z       "pylate": "1.6.0",
2026-09-13T16:49:43.3942149Z       "sentence-transformers": "5.7.0",
2026-09-13T16:49:43.3942334Z       "torch": "2.9.1+cu129",
2026-09-13T16:49:43.3942472Z       "transformers": "5.3.0",
2026-09-13T16:49:43.3942609Z       "usearch": "2.26.0",
2026-09-13T16:49:43.3942749Z       "wandb": "0.26.1"
2026-09-13T16:49:43.3942867Z     },
2026-09-13T16:49:43.3942980Z     "python": "3.12.3",
2026-09-13T16:49:43.3943129Z     "python_executable": "/usr/bin/python3.12",
2026-09-13T16:49:43.3943294Z     "torch_cuda": "12.9"
2026-09-13T16:49:43.3943415Z   },
2026-09-13T16:49:43.3943521Z   "valid": true
2026-09-13T16:49:43.3943630Z }
2026-09-13T16:49:43.6057411Z ##[group]Run uv run --no-sync python -m pytest -q tests/test_current_primary_source.py
2026-09-13T16:49:43.6057768Z [36;1muv run --no-sync python -m pytest -q tests/test_current_primary_source.py[0m
2026-09-13T16:49:43.9762060Z shell: /usr/bin/bash -e {0}
2026-09-13T16:49:43.9762225Z env:
2026-09-13T16:49:43.9762403Z   UV_PYTHON_INSTALL_DIR: /home/runner/work/_temp/uv-python-dir
2026-09-13T16:49:43.9762598Z   UV_PYTHON: 3.12
2026-09-13T16:49:43.9762740Z   UV_CACHE_DIR: /home/runner/work/_temp/setup-uv-cache
2026-09-13T16:49:43.9762910Z ##[endgroup]
2026-09-13T16:50:00.6200748Z ...                                                                      [100%]
2026-09-13T16:50:01.5167962Z ##[group]Run uv build
2026-09-13T16:50:01.5168219Z [36;1muv build[0m
2026-09-13T16:50:01.5207293Z shell: /usr/bin/bash -e {0}
2026-09-13T16:50:01.5207444Z env:
2026-09-13T16:50:01.5207612Z   UV_PYTHON_INSTALL_DIR: /home/runner/work/_temp/uv-python-dir
2026-09-13T16:50:01.5207807Z   UV_PYTHON: 3.12
2026-09-13T16:50:01.5207952Z   UV_CACHE_DIR: /home/runner/work/_temp/setup-uv-cache
2026-09-13T16:50:01.5208126Z ##[endgroup]
2026-09-13T16:50:01.5351763Z Building source distribution...
2026-09-13T16:50:02.2936207Z running egg_info
2026-09-13T16:50:02.2943188Z writing src/embedding_optimizer_study.egg-info/PKG-INFO
2026-09-13T16:50:02.2951913Z writing dependency_links to src/embedding_optimizer_study.egg-info/dependency_links.txt
2026-09-13T16:50:02.2958230Z writing entry points to src/embedding_optimizer_study.egg-info/entry_points.txt
2026-09-13T16:50:02.2963150Z writing requirements to src/embedding_optimizer_study.egg-info/requires.txt
2026-09-13T16:50:02.2964165Z writing top-level names to src/embedding_optimizer_study.egg-info/top_level.txt
2026-09-13T16:50:02.3049863Z reading manifest file 'src/embedding_optimizer_study.egg-info/SOURCES.txt'
2026-09-13T16:50:02.3143912Z reading manifest template 'MANIFEST.in'
2026-09-13T16:50:02.3146032Z adding license file 'LICENSE'
2026-09-13T16:50:02.3187471Z writing manifest file 'src/embedding_optimizer_study.egg-info/SOURCES.txt'
2026-09-13T16:50:02.4314892Z running sdist
2026-09-13T16:50:02.4320474Z running egg_info
2026-09-13T16:50:02.4327969Z writing src/embedding_optimizer_study.egg-info/PKG-INFO
2026-09-13T16:50:02.4337346Z writing dependency_links to src/embedding_optimizer_study.egg-info/dependency_links.txt
2026-09-13T16:50:02.4344219Z writing entry points to src/embedding_optimizer_study.egg-info/entry_points.txt
2026-09-13T16:50:02.4349262Z writing requirements to src/embedding_optimizer_study.egg-info/requires.txt
2026-09-13T16:50:02.4350267Z writing top-level names to src/embedding_optimizer_study.egg-info/top_level.txt
2026-09-13T16:50:02.4424105Z reading manifest file 'src/embedding_optimizer_study.egg-info/SOURCES.txt'
2026-09-13T16:50:02.4462411Z reading manifest template 'MANIFEST.in'
2026-09-13T16:50:02.4462782Z adding license file 'LICENSE'
2026-09-13T16:50:02.4504241Z writing manifest file 'src/embedding_optimizer_study.egg-info/SOURCES.txt'
2026-09-13T16:50:02.4505790Z running check
2026-09-13T16:50:02.4601786Z creating embedding_optimizer_study-0.1.0
2026-09-13T16:50:02.4607716Z creating embedding_optimizer_study-0.1.0/configs
2026-09-13T16:50:02.4608452Z creating embedding_optimizer_study-0.1.0/configs/generated/confirmatory
2026-09-13T16:50:02.4609796Z creating embedding_optimizer_study-0.1.0/configs/generated/short-branch
2026-09-13T16:50:02.4610378Z creating embedding_optimizer_study-0.1.0/docs
2026-09-13T16:50:02.4611076Z creating embedding_optimizer_study-0.1.0/paper
2026-09-13T16:50:02.4611773Z creating embedding_optimizer_study-0.1.0/paper/current
2026-09-13T16:50:02.4612595Z creating embedding_optimizer_study-0.1.0/paper/current/figures
2026-09-13T16:50:02.4613234Z creating embedding_optimizer_study-0.1.0/paper/current/generated
2026-09-13T16:50:02.4613881Z creating embedding_optimizer_study-0.1.0/paper/current/vendor
2026-09-13T16:50:02.4614502Z creating embedding_optimizer_study-0.1.0/paper/generated
2026-09-13T16:50:02.4615199Z creating embedding_optimizer_study-0.1.0/reports/candidate-breadth
2026-09-13T16:50:02.4616228Z creating embedding_optimizer_study-0.1.0/reports/confirmatory-data
2026-09-13T16:50:02.4616770Z creating embedding_optimizer_study-0.1.0/reports/dense-discovery
2026-09-13T16:50:02.4617473Z creating embedding_optimizer_study-0.1.0/reports/dense-discovery/figures
2026-09-13T16:50:02.4618204Z creating embedding_optimizer_study-0.1.0/reports/dense-retrieval-dynamics
2026-09-13T16:50:02.4618809Z creating embedding_optimizer_study-0.1.0/reports/retrieval-dynamics-dense
2026-09-13T16:50:02.4619617Z creating embedding_optimizer_study-0.1.0/reports/short-branch
2026-09-13T16:50:02.4620561Z creating embedding_optimizer_study-0.1.0/reports/state-operator-factorial
2026-09-13T16:50:02.4621006Z creating embedding_optimizer_study-0.1.0/reports/tail-stability
2026-09-13T16:50:02.4621602Z creating embedding_optimizer_study-0.1.0/reports/three-regime-diagnostic
2026-09-13T16:50:02.4622208Z creating embedding_optimizer_study-0.1.0/reports/training-dynamics
2026-09-13T16:50:02.4622863Z creating embedding_optimizer_study-0.1.0/reports/wandb
2026-09-13T16:50:02.4623592Z creating embedding_optimizer_study-0.1.0/reports/weight-space
2026-09-13T16:50:02.4624148Z creating embedding_optimizer_study-0.1.0/scripts
2026-09-13T16:50:02.4624779Z creating embedding_optimizer_study-0.1.0/scripts/eval
2026-09-13T16:50:02.4625415Z creating embedding_optimizer_study-0.1.0/src/embed_optim
2026-09-13T16:50:02.4626464Z creating embedding_optimizer_study-0.1.0/src/embed_optim_restore
2026-09-13T16:50:02.4627062Z creating embedding_optimizer_study-0.1.0/src/embed_optim_restore/references
2026-09-13T16:50:02.4627726Z creating embedding_optimizer_study-0.1.0/src/embedding_optimizer_study.egg-info
2026-09-13T16:50:02.4628234Z creating embedding_optimizer_study-0.1.0/tests
2026-09-13T16:50:02.4628750Z copying files to embedding_optimizer_study-0.1.0...
2026-09-13T16:50:02.4629207Z copying AGENTS.md -> embedding_optimizer_study-0.1.0
2026-09-13T16:50:02.4632677Z copying CITATION.cff -> embedding_optimizer_study-0.1.0
2026-09-13T16:50:02.4635042Z copying CODE_OF_CONDUCT.md -> embedding_optimizer_study-0.1.0
2026-09-13T16:50:02.4636725Z copying CONTRIBUTING.md -> embedding_optimizer_study-0.1.0
2026-09-13T16:50:02.4638635Z copying CURRENT_EXPERIMENT.md -> embedding_optimizer_study-0.1.0
2026-09-13T16:50:02.4640426Z copying CURRENT_PROGRESS.json -> embedding_optimizer_study-0.1.0
2026-09-13T16:50:02.4642423Z copying LICENSE -> embedding_optimizer_study-0.1.0
2026-09-13T16:50:02.4644220Z copying MANIFEST.in -> embedding_optimizer_study-0.1.0
2026-09-13T16:50:02.4644881Z copying PROJECT_STATUS.md -> embedding_optimizer_study-0.1.0
2026-09-13T16:50:02.4647734Z copying README.md -> embedding_optimizer_study-0.1.0
2026-09-13T16:50:02.4648586Z copying SECURITY.md -> embedding_optimizer_study-0.1.0
2026-09-13T16:50:02.4650827Z copying THIRD_PARTY_NOTICES.md -> embedding_optimizer_study-0.1.0
2026-09-13T16:50:02.4653046Z copying pyproject.toml -> embedding_optimizer_study-0.1.0
2026-09-13T16:50:02.4653925Z copying requirements-formal-flash.txt -> embedding_optimizer_study-0.1.0
2026-09-13T16:50:02.4654702Z copying requirements-formal.lock -> embedding_optimizer_study-0.1.0
2026-09-13T16:50:02.4656988Z copying configs/basis_sensitivity.json -> embedding_optimizer_study-0.1.0/configs
2026-09-13T16:50:02.4730671Z copying configs/beir_representation_probe.json -> embedding_optimizer_study-0.1.0/configs
2026-09-13T16:50:02.4734298Z copying configs/candidate_breadth_probe.json -> embedding_optimizer_study-0.1.0/configs
2026-09-13T16:50:02.4736894Z copying configs/causal_chain_analysis.json -> embedding_optimizer_study-0.1.0/configs
2026-09-13T16:50:02.4740112Z copying configs/common_state_probe.json -> embedding_optimizer_study-0.1.0/configs
2026-09-13T16:50:02.4742658Z copying configs/common_state_spectrum_probe.json -> embedding_optimizer_study-0.1.0/configs
2026-09-13T16:50:02.4744775Z copying configs/confirmatory_protocol.json -> embedding_optimizer_study-0.1.0/configs
2026-09-13T16:50:02.4746494Z copying configs/corpus_size_diagnostic.json -> embedding_optimizer_study-0.1.0/configs
2026-09-13T16:50:02.4748584Z copying configs/dense_correctness_candidate.yaml -> embedding_optimizer_study-0.1.0/configs
2026-09-13T16:50:02.4749241Z copying configs/dense_dimension_utilization_protocol.json -> embedding_optimizer_study-0.1.0/configs
2026-09-13T16:50:02.4751778Z copying configs/dense_no_packing_analysis_protocol.json -> embedding_optimizer_study-0.1.0/configs
2026-09-13T16:50:02.4754116Z copying configs/dense_no_packing_backup_provenance_migration.json -> embedding_optimizer_study-0.1.0/configs
2026-09-13T16:50:02.4756215Z copying configs/dense_no_packing_bridge_implementation_protocol.json -> embedding_optimizer_study-0.1.0/configs
2026-09-13T16:50:02.4758408Z copying configs/dense_no_packing_bridge_implementation_protocol_v2.json -> embedding_optimizer_study-0.1.0/configs
2026-09-13T16:50:02.4760819Z copying configs/dense_no_packing_completion_contract_migration.json -> embedding_optimizer_study-0.1.0/configs
2026-09-13T16:50:02.4762842Z copying configs/dense_no_packing_evaluation_protocol.json -> embedding_optimizer_study-0.1.0/configs
2026-09-13T16:50:02.4765085Z copying configs/dense_no_packing_execution_protocol.json -> embedding_optimizer_study-0.1.0/configs
2026-09-13T16:50:02.4767401Z copying configs/dense_no_packing_matrix_handoff_guard.json -> embedding_optimizer_study-0.1.0/configs
2026-09-13T16:50:02.4769133Z copying configs/dense_no_packing_outcome_protocol.json -> embedding_optimizer_study-0.1.0/configs
2026-09-13T16:50:02.4771488Z copying configs/dense_no_packing_preflight.yaml -> embedding_optimizer_study-0.1.0/configs
2026-09-13T16:50:02.4773367Z copying configs/dense_no_packing_preflight_protocol.json -> embedding_optimizer_study-0.1.0/configs
2026-09-13T16:50:02.4775638Z copying configs/dense_no_packing_publication_layout_migration.json -> embedding_optimizer_study-0.1.0/configs
2026-09-13T16:50:02.4777860Z copying configs/dense_no_packing_publication_narrative_migration.json -> embedding_optimizer_study-0.1.0/configs
2026-09-13T16:50:02.4779735Z copying configs/dense_no_packing_publication_protocol.json -> embedding_optimizer_study-0.1.0/configs
2026-09-13T16:50:02.4781676Z copying configs/dense_no_packing_retrain.yaml -> embedding_optimizer_study-0.1.0/configs
2026-09-13T16:50:02.4783409Z copying configs/dense_no_packing_sensitivity_implementation_protocol.json -> embedding_optimizer_study-0.1.0/configs
2026-09-13T16:50:02.4785336Z copying configs/dense_no_packing_state_operator_abstract_compliance_migration.json -> embedding_optimizer_study-0.1.0/configs
2026-09-13T16:50:02.4787032Z copying configs/dense_no_packing_state_operator_claim_wording_amendment.json -> embedding_optimizer_study-0.1.0/configs
2026-09-13T16:50:02.4789073Z copying configs/dense_no_packing_state_operator_factorial_completion_protocol.json -> embedding_optimizer_study-0.1.0/configs
2026-09-13T16:50:02.4791607Z copying configs/dense_no_packing_state_operator_factorial_implementation_protocol.json -> embedding_optimizer_study-0.1.0/configs
2026-09-13T16:50:02.4794529Z copying configs/dense_no_packing_state_operator_factorial_protocol.json -> embedding_optimizer_study-0.1.0/configs
2026-09-13T16:50:02.4796695Z copying configs/dense_no_packing_state_operator_factorial_publication_protocol.json -> embedding_optimizer_study-0.1.0/configs
2026-09-13T16:50:02.4798524Z copying configs/dense_no_packing_state_operator_weight_space_narrative_migration.json -> embedding_optimizer_study-0.1.0/configs
2026-09-13T16:50:02.4800735Z copying configs/dense_primary_dimension_archive_protocol.json -> embedding_optimizer_study-0.1.0/configs
2026-09-13T16:50:02.4802974Z copying configs/dense_primary_dimension_export_protocol.json -> embedding_optimizer_study-0.1.0/configs
2026-09-13T16:50:02.4804892Z copying configs/dense_primary_dimension_handoff_protocol.json -> embedding_optimizer_study-0.1.0/configs
2026-09-13T16:50:02.4806809Z copying configs/dense_primary_v2_protocol.json -> embedding_optimizer_study-0.1.0/configs
2026-09-13T16:50:02.4807522Z copying configs/dense_primary_v3_bridge_protocol.json -> embedding_optimizer_study-0.1.0/configs
2026-09-13T16:50:02.4809742Z copying configs/dense_primary_v3_data_amendment.json -> embedding_optimizer_study-0.1.0/configs
2026-09-13T16:50:02.4810596Z copying configs/dense_primary_v3_dimension_inference_protocol.json -> embedding_optimizer_study-0.1.0/configs
2026-09-13T16:50:02.4813287Z copying configs/dense_primary_v3_dimensions_protocol.json -> embedding_optimizer_study-0.1.0/configs
2026-09-13T16:50:02.4815757Z copying configs/dense_primary_v3_exact_bridge_protocol.json -> embedding_optimizer_study-0.1.0/configs
2026-09-13T16:50:02.4817787Z copying configs/dense_primary_v3_exact_geometry_protocol.json -> embedding_optimizer_study-0.1.0/configs
2026-09-13T16:50:02.4820006Z copying configs/dense_primary_v3_exact_publication_protocol.json -> embedding_optimizer_study-0.1.0/configs
2026-09-13T16:50:02.4822187Z copying configs/dense_primary_v3_geometry_protocol.json -> embedding_optimizer_study-0.1.0/configs
2026-09-13T16:50:02.4824346Z copying configs/dense_primary_v3_geometry_protocol_v2.json -> embedding_optimizer_study-0.1.0/configs
2026-09-13T16:50:02.4826220Z copying configs/dense_primary_v3_outcome_protocol.json -> embedding_optimizer_study-0.1.0/configs
2026-09-13T16:50:02.4828098Z copying configs/dense_primary_v3_outcome_protocol_v2.json -> embedding_optimizer_study-0.1.0/configs
2026-09-13T16:50:02.4830468Z copying configs/dense_primary_v3_protocol.json -> embedding_optimizer_study-0.1.0/configs
2026-09-13T16:50:02.4831319Z copying configs/dense_primary_v3_publication_protocol.json -> embedding_optimizer_study-0.1.0/configs
2026-09-13T16:50:02.4833841Z copying configs/dense_primary_v3_validation_protocol.json -> embedding_optimizer_study-0.1.0/configs
2026-09-13T16:50:02.4836501Z copying configs/dense_retrieval_dynamics_extension.json -> embedding_optimizer_study-0.1.0/configs
2026-09-13T16:50:02.4838170Z copying configs/dense_scope_amendment.json -> embedding_optimizer_study-0.1.0/configs
2026-09-13T16:50:02.4840318Z copying configs/dense_training_queue.json -> embedding_optimizer_study-0.1.0/configs
2026-09-13T16:50:02.4842548Z copying configs/dense_weight_entry_measurement_amendment.json -> embedding_optimizer_study-0.1.0/configs
2026-09-13T16:50:02.4844717Z copying configs/experiment.yaml -> embedding_optimizer_study-0.1.0/configs
2026-09-13T16:50:02.4846981Z copying configs/formal_runtime.json -> embedding_optimizer_study-0.1.0/configs
2026-09-13T16:50:02.4847591Z copying configs/formal_runtime_constraints.txt -> embedding_optimizer_study-0.1.0/configs
2026-09-13T16:50:02.4848465Z copying configs/functional_intervention.json -> embedding_optimizer_study-0.1.0/configs
2026-09-13T16:50:02.4850690Z copying configs/hybrid_adamw.yaml -> embedding_optimizer_study-0.1.0/configs
2026-09-13T16:50:02.4852959Z copying configs/hybrid_adamw_control.json -> embedding_optimizer_study-0.1.0/configs
2026-09-13T16:50:02.4855275Z copying configs/local_global_reversal.json -> embedding_optimizer_study-0.1.0/configs
2026-09-13T16:50:02.4857017Z copying configs/loss_retrieval_diagnostic.json -> embedding_optimizer_study-0.1.0/configs
2026-09-13T16:50:02.4868529Z copying configs/mechanism_analysis_integration.json -> embedding_optimizer_study-0.1.0/configs
2026-09-13T16:50:02.4869104Z copying configs/paper_claim_protocol.json -> embedding_optimizer_study-0.1.0/configs
2026-09-13T16:50:02.4869723Z copying configs/portable_paper_evidence.json -> embedding_optimizer_study-0.1.0/configs
2026-09-13T16:50:02.4879339Z copying configs/representation_probe.json -> embedding_optimizer_study-0.1.0/configs
2026-09-13T16:50:02.4881604Z copying configs/retrieval_dynamics_protocol.json -> embedding_optimizer_study-0.1.0/configs
2026-09-13T16:50:02.4883750Z copying configs/short_branch_protocol.json -> embedding_optimizer_study-0.1.0/configs
2026-09-13T16:50:02.4885251Z copying configs/smoke.yaml -> embedding_optimizer_study-0.1.0/configs
2026-09-13T16:50:02.4886839Z copying configs/spectral_transplant_intervention.json -> embedding_optimizer_study-0.1.0/configs
2026-09-13T16:50:02.4889736Z copying configs/stress.yaml -> embedding_optimizer_study-0.1.0/configs
2026-09-13T16:50:02.4891265Z copying configs/tail_stability_analysis.json -> embedding_optimizer_study-0.1.0/configs
2026-09-13T16:50:02.4895757Z copying configs/three_regime_diagnostic.json -> embedding_optimizer_study-0.1.0/configs
2026-09-13T16:50:02.4898672Z copying configs/training_data_contract.json -> embedding_optimizer_study-0.1.0/configs
2026-09-13T16:50:02.4900512Z copying configs/validation_probe.json -> embedding_optimizer_study-0.1.0/configs
2026-09-13T16:50:02.4902611Z copying configs/generated/confirmatory/seed161803.yaml -> embedding_optimizer_study-0.1.0/configs/generated/confirmatory
2026-09-13T16:50:02.4905474Z copying configs/generated/confirmatory/seed271828.yaml -> embedding_optimizer_study-0.1.0/configs/generated/confirmatory
2026-09-13T16:50:02.4908413Z copying configs/generated/confirmatory/seed314159.yaml -> embedding_optimizer_study-0.1.0/configs/generated/confirmatory
2026-09-13T16:50:02.4910662Z copying configs/generated/short-branch/seed161803.yaml -> embedding_optimizer_study-0.1.0/configs/generated/short-branch
2026-09-13T16:50:02.4912476Z copying configs/generated/short-branch/seed271828.yaml -> embedding_optimizer_study-0.1.0/configs/generated/short-branch
2026-09-13T16:50:02.4914479Z copying configs/generated/short-branch/seed314159.yaml -> embedding_optimizer_study-0.1.0/configs/generated/short-branch
2026-09-13T16:50:02.4915888Z copying docs/checkpoint-restoration.md -> embedding_optimizer_study-0.1.0/docs
2026-09-13T16:50:02.4918092Z copying docs/completion-gates.md -> embedding_optimizer_study-0.1.0/docs
2026-09-13T16:50:02.4920727Z copying docs/continuation-outcomes-restoration.md -> embedding_optimizer_study-0.1.0/docs
2026-09-13T16:50:02.4924340Z copying docs/continuation-probe-restoration.md -> embedding_optimizer_study-0.1.0/docs
2026-09-13T16:50:02.4926473Z copying docs/current-training-source.md -> embedding_optimizer_study-0.1.0/docs
2026-09-13T16:50:02.4928656Z copying docs/dense-eval-handoff.md -> embedding_optimizer_study-0.1.0/docs
2026-09-13T16:50:02.4931038Z copying docs/dense-no-packing-retrain.md -> embedding_optimizer_study-0.1.0/docs
2026-09-13T16:50:02.4933392Z copying docs/endpoint-statistics-restoration.md -> embedding_optimizer_study-0.1.0/docs
2026-09-13T16:50:02.4935645Z copying docs/evaluation-analysis-restoration.md -> embedding_optimizer_study-0.1.0/docs
2026-09-13T16:50:02.4938086Z copying docs/first-stage-evaluation-restoration.md -> embedding_optimizer_study-0.1.0/docs
2026-09-13T16:50:02.4940164Z copying docs/fourth-stage-evaluation-restoration.md -> embedding_optimizer_study-0.1.0/docs
2026-09-13T16:50:02.4941834Z copying docs/fourth-stage-pool-b-evaluation-restoration.md -> embedding_optimizer_study-0.1.0/docs
2026-09-13T16:50:02.4943403Z copying docs/functional-analysis-restoration.md -> embedding_optimizer_study-0.1.0/docs
2026-09-13T16:50:02.4945269Z copying docs/naacl-dense-paper-plan.md -> embedding_optimizer_study-0.1.0/docs
2026-09-13T16:50:02.4947612Z copying docs/naacl-paper-plan.md -> embedding_optimizer_study-0.1.0/docs
2026-09-13T16:50:02.4952096Z copying docs/paper-results-reproduction.md -> embedding_optimizer_study-0.1.0/docs
2026-09-13T16:50:02.4954495Z copying docs/predictor-analysis-restoration.md -> embedding_optimizer_study-0.1.0/docs
2026-09-13T16:50:02.4956043Z copying docs/pretrained-vector-restoration.md -> embedding_optimizer_study-0.1.0/docs
2026-09-13T16:50:02.4958088Z copying docs/retrieval-trajectories-restoration.md -> embedding_optimizer_study-0.1.0/docs
2026-09-13T16:50:02.4960431Z copying docs/saved-factorial-checkpoints.md -> embedding_optimizer_study-0.1.0/docs
2026-09-13T16:50:02.4962175Z copying docs/second-stage-evaluation-restoration.md -> embedding_optimizer_study-0.1.0/docs
2026-09-13T16:50:02.4964283Z copying docs/second-stage-pool-b-evaluation-restoration.md -> embedding_optimizer_study-0.1.0/docs
2026-09-13T16:50:02.4966589Z copying docs/source-version-testing.md -> embedding_optimizer_study-0.1.0/docs
2026-09-13T16:50:02.4968540Z copying docs/state-operator-factorial.md -> embedding_optimizer_study-0.1.0/docs
2026-09-13T16:50:02.4970991Z copying docs/third-stage-evaluation-restoration.md -> embedding_optimizer_study-0.1.0/docs
2026-09-13T16:50:02.4973116Z copying docs/third-stage-pool-b-evaluation-restoration.md -> embedding_optimizer_study-0.1.0/docs
2026-09-13T16:50:02.4976146Z copying docs/training-analysis-restoration.md -> embedding_optimizer_study-0.1.0/docs
2026-09-13T16:50:02.4977746Z copying docs/training-completion-evidence-restoration.md -> embedding_optimizer_study-0.1.0/docs
2026-09-13T16:50:02.4980111Z copying docs/training-restoration.md -> embedding_optimizer_study-0.1.0/docs
2026-09-13T16:50:02.4982100Z copying docs/versioned-paper-reproduction.md -> embedding_optimizer_study-0.1.0/docs
2026-09-13T16:50:02.4984388Z copying docs/weight-analysis-restoration.md -> embedding_optimizer_study-0.1.0/docs
2026-09-13T16:50:02.4986565Z copying paper/Makefile -> embedding_optimizer_study-0.1.0/paper
2026-09-13T16:50:02.4988316Z copying paper/README.md -> embedding_optimizer_study-0.1.0/paper
2026-09-13T16:50:02.4990545Z copying paper/legacy.Makefile -> embedding_optimizer_study-0.1.0/paper
2026-09-13T16:50:02.4992547Z copying paper/main.tex -> embedding_optimizer_study-0.1.0/paper
2026-09-13T16:50:02.4995270Z copying paper/references.bib -> embedding_optimizer_study-0.1.0/paper
2026-09-13T16:50:02.4997345Z copying paper/results.tex -> embedding_optimizer_study-0.1.0/paper
2026-09-13T16:50:02.4999324Z copying paper/current/README.md -> embedding_optimizer_study-0.1.0/paper/current
2026-09-13T16:50:02.5001186Z copying paper/current/document-snapshot.json -> embedding_optimizer_study-0.1.0/paper/current
2026-09-13T16:50:02.5003255Z copying paper/current/main.tex -> embedding_optimizer_study-0.1.0/paper/current
2026-09-13T16:50:02.5007060Z copying paper/current/references.bib -> embedding_optimizer_study-0.1.0/paper/current
2026-09-13T16:50:02.5009568Z copying paper/current/results.tex -> embedding_optimizer_study-0.1.0/paper/current
2026-09-13T16:50:02.5011473Z copying paper/current/figures/full-rate-retrieval-trajectories.pdf -> embedding_optimizer_study-0.1.0/paper/current/figures
2026-09-13T16:50:02.5014587Z copying paper/current/figures/optimizer-weight-dimension-map.pdf -> embedding_optimizer_study-0.1.0/paper/current/figures
2026-09-13T16:50:02.5018991Z copying paper/current/figures/weight-to-retrieval-map.pdf -> embedding_optimizer_study-0.1.0/paper/current/figures
2026-09-13T16:50:02.5021301Z copying paper/current/generated/dimension-utilization.tex -> embedding_optimizer_study-0.1.0/paper/current/generated
2026-09-13T16:50:02.5023461Z copying paper/current/generated/optimizer-primary.tex -> embedding_optimizer_study-0.1.0/paper/current/generated
2026-09-13T16:50:02.5025787Z copying paper/current/generated/recipe-sensitivity.tex -> embedding_optimizer_study-0.1.0/paper/current/generated
2026-09-13T16:50:02.5027235Z copying paper/current/generated/state-operator-factorial.tex -> embedding_optimizer_study-0.1.0/paper/current/generated
2026-09-13T16:50:02.5028781Z copying paper/current/vendor/acl.sty -> embedding_optimizer_study-0.1.0/paper/current/vendor
2026-09-13T16:50:02.5031009Z copying paper/current/vendor/acl_natbib.bst -> embedding_optimizer_study-0.1.0/paper/current/vendor
2026-09-13T16:50:02.5034745Z copying paper/generated/dimension-utilization.tex -> embedding_optimizer_study-0.1.0/paper/generated
2026-09-13T16:50:02.5036549Z copying paper/generated/optimizer-primary.tex -> embedding_optimizer_study-0.1.0/paper/generated
2026-09-13T16:50:02.5038589Z copying paper/generated/state-operator-factorial.tex -> embedding_optimizer_study-0.1.0/paper/generated
2026-09-13T16:50:02.5040762Z copying reports/candidate-breadth/calibration_by_width.csv -> embedding_optimizer_study-0.1.0/reports/candidate-breadth
2026-09-13T16:50:02.5043011Z copying reports/candidate-breadth/candidate_breadth_calibration.pdf -> embedding_optimizer_study-0.1.0/reports/candidate-breadth
2026-09-13T16:50:02.5045485Z copying reports/candidate-breadth/candidate_breadth_calibration.svg -> embedding_optimizer_study-0.1.0/reports/candidate-breadth
2026-09-13T16:50:02.5052457Z copying reports/candidate-breadth/data-audit.json -> embedding_optimizer_study-0.1.0/reports/candidate-breadth
2026-09-13T16:50:02.5054550Z copying reports/candidate-breadth/high_dose_contrasts.csv -> embedding_optimizer_study-0.1.0/reports/candidate-breadth
2026-09-13T16:50:02.5056552Z copying reports/candidate-breadth/packing_invariance.json -> embedding_optimizer_study-0.1.0/reports/candidate-breadth
2026-09-13T16:50:02.5058249Z copying reports/candidate-breadth/publication_manifest.json -> embedding_optimizer_study-0.1.0/reports/candidate-breadth
2026-09-13T16:50:02.5059762Z copying reports/candidate-breadth/summary.json -> embedding_optimizer_study-0.1.0/reports/candidate-breadth
2026-09-13T16:50:02.5061795Z copying reports/confirmatory-data/receipt.json -> embedding_optimizer_study-0.1.0/reports/confirmatory-data
2026-09-13T16:50:02.5064059Z copying reports/dense-discovery/best_config_dynamics.csv -> embedding_optimizer_study-0.1.0/reports/dense-discovery
2026-09-13T16:50:02.5066303Z copying reports/dense-discovery/best_config_task_comparison.csv -> embedding_optimizer_study-0.1.0/reports/dense-discovery
2026-09-13T16:50:02.5068495Z copying reports/dense-discovery/checkpoint_summary.csv -> embedding_optimizer_study-0.1.0/reports/dense-discovery
2026-09-13T16:50:02.5070201Z copying reports/dense-discovery/coverage.json -> embedding_optimizer_study-0.1.0/reports/dense-discovery
2026-09-13T16:50:02.5071836Z copying reports/dense-discovery/evaluation_long.csv -> embedding_optimizer_study-0.1.0/reports/dense-discovery
2026-09-13T16:50:02.5099149Z copying reports/dense-discovery/optimizer_summary.csv -> embedding_optimizer_study-0.1.0/reports/dense-discovery
2026-09-13T16:50:02.5101257Z copying reports/dense-discovery/paired_comparison.csv -> embedding_optimizer_study-0.1.0/reports/dense-discovery
2026-09-13T16:50:02.5103346Z copying reports/dense-discovery/system_metrics.csv -> embedding_optimizer_study-0.1.0/reports/dense-discovery
2026-09-13T16:50:02.5104902Z copying reports/dense-discovery/system_summary.csv -> embedding_optimizer_study-0.1.0/reports/dense-discovery
2026-09-13T16:50:02.5106399Z copying reports/dense-discovery/training_history.csv -> embedding_optimizer_study-0.1.0/reports/dense-discovery
2026-09-13T16:50:02.5116565Z copying reports/dense-discovery/figures/dense-lr-sensitivity.png -> embedding_optimizer_study-0.1.0/reports/dense-discovery/figures
2026-09-13T16:50:02.5123000Z copying reports/dense-discovery/figures/dense-training-dynamics-by-run.png -> embedding_optimizer_study-0.1.0/reports/dense-discovery/figures
2026-09-13T16:50:02.5130390Z copying reports/dense-discovery/figures/dense-training-dynamics.png -> embedding_optimizer_study-0.1.0/reports/dense-discovery/figures
2026-09-13T16:50:02.5135755Z copying reports/dense-retrieval-dynamics/README.md -> embedding_optimizer_study-0.1.0/reports/dense-retrieval-dynamics
2026-09-13T16:50:02.5137847Z copying reports/dense-retrieval-dynamics/confirmatory-evaluation-receipt.json -> embedding_optimizer_study-0.1.0/reports/dense-retrieval-dynamics
2026-09-13T16:50:02.5151340Z copying reports/dense-retrieval-dynamics/evaluation-receipt.json -> embedding_optimizer_study-0.1.0/reports/dense-retrieval-dynamics
2026-09-13T16:50:02.5201093Z copying reports/dense-retrieval-dynamics/five_stage_retrieval_dynamics.csv -> embedding_optimizer_study-0.1.0/reports/dense-retrieval-dynamics
2026-09-13T16:50:02.5204365Z copying reports/dense-retrieval-dynamics/five_stage_retrieval_dynamics.pdf -> embedding_optimizer_study-0.1.0/reports/dense-retrieval-dynamics
2026-09-13T16:50:02.5207940Z copying reports/dense-retrieval-dynamics/five_stage_retrieval_dynamics.svg -> embedding_optimizer_study-0.1.0/reports/dense-retrieval-dynamics
2026-09-13T16:50:02.5212928Z copying reports/dense-retrieval-dynamics/hybrid-evaluation-receipt.json -> embedding_optimizer_study-0.1.0/reports/dense-retrieval-dynamics
2026-09-13T16:50:02.5217575Z copying reports/dense-retrieval-dynamics/summary_manifest.json -> embedding_optimizer_study-0.1.0/reports/dense-retrieval-dynamics
2026-09-13T16:50:02.5227701Z copying reports/retrieval-dynamics-dense/best_config_task_comparison.csv -> embedding_optimizer_study-0.1.0/reports/retrieval-dynamics-dense
2026-09-13T16:50:02.5230544Z copying reports/retrieval-dynamics-dense/best_config_task_delta_dynamics.csv -> embedding_optimizer_study-0.1.0/reports/retrieval-dynamics-dense
2026-09-13T16:50:02.5234758Z copying reports/retrieval-dynamics-dense/checkpoint_dynamics.csv -> embedding_optimizer_study-0.1.0/reports/retrieval-dynamics-dense
2026-09-13T16:50:02.5236602Z copying reports/retrieval-dynamics-dense/optimizer_first_passage.csv -> embedding_optimizer_study-0.1.0/reports/retrieval-dynamics-dense
2026-09-13T16:50:02.5238162Z copying reports/retrieval-dynamics-dense/quality_vs_useful_wall_time.svg -> embedding_optimizer_study-0.1.0/reports/retrieval-dynamics-dense
2026-09-13T16:50:02.5243947Z copying reports/retrieval-dynamics-dense/run_first_passage.csv -> embedding_optimizer_study-0.1.0/reports/retrieval-dynamics-dense
2026-09-13T16:50:02.5245930Z copying reports/retrieval-dynamics-dense/summary_manifest.json -> embedding_optimizer_study-0.1.0/reports/retrieval-dynamics-dense
2026-09-13T16:50:02.5248224Z copying reports/retrieval-dynamics-dense/task_delta_stability.csv -> embedding_optimizer_study-0.1.0/reports/retrieval-dynamics-dense
2026-09-13T16:50:02.5250764Z copying reports/short-branch/subset-receipt.json -> embedding_optimizer_study-0.1.0/reports/short-branch
2026-09-13T16:50:02.5252935Z copying reports/state-operator-factorial/abstract-compliance-runtime-migration.json -> embedding_optimizer_study-0.1.0/reports/state-operator-factorial
2026-09-13T16:50:02.5254899Z copying reports/tail-stability/README.md -> embedding_optimizer_study-0.1.0/reports/tail-stability
2026-09-13T16:50:02.5257205Z copying reports/tail-stability/discovery_anchor_tail.csv -> embedding_optimizer_study-0.1.0/reports/tail-stability
2026-09-13T16:50:02.5259577Z copying reports/tail-stability/discovery_cross_tail.csv -> embedding_optimizer_study-0.1.0/reports/tail-stability
2026-09-13T16:50:02.5261225Z copying reports/tail-stability/discovery_cross_tail_summary.csv -> embedding_optimizer_study-0.1.0/reports/tail-stability
2026-09-13T16:50:02.5262826Z copying reports/tail-stability/discovery_family_contrasts.csv -> embedding_optimizer_study-0.1.0/reports/tail-stability
2026-09-13T16:50:02.5264702Z copying reports/tail-stability/summary_manifest.json -> embedding_optimizer_study-0.1.0/reports/tail-stability
2026-09-13T16:50:02.5269341Z copying reports/three-regime-diagnostic/README.md -> embedding_optimizer_study-0.1.0/reports/three-regime-diagnostic
2026-09-13T16:50:02.5271653Z copying reports/three-regime-diagnostic/high_dose_contrasts.csv -> embedding_optimizer_study-0.1.0/reports/three-regime-diagnostic
2026-09-13T16:50:02.5273843Z copying reports/three-regime-diagnostic/run_metrics.csv -> embedding_optimizer_study-0.1.0/reports/three-regime-diagnostic
2026-09-13T16:50:02.5275257Z copying reports/three-regime-diagnostic/summary.json -> embedding_optimizer_study-0.1.0/reports/three-regime-diagnostic
2026-09-13T16:50:02.5276751Z copying reports/three-regime-diagnostic/summary_manifest.json -> embedding_optimizer_study-0.1.0/reports/three-regime-diagnostic
2026-09-13T16:50:02.5278421Z copying reports/training-dynamics/optimizer_system_summary.csv -> embedding_optimizer_study-0.1.0/reports/training-dynamics
2026-09-13T16:50:02.5280174Z copying reports/training-dynamics/plot_manifest.json -> embedding_optimizer_study-0.1.0/reports/training-dynamics
2026-09-13T16:50:02.5282011Z copying reports/training-dynamics/run_summary.csv -> embedding_optimizer_study-0.1.0/reports/training-dynamics
2026-09-13T16:50:02.5283721Z copying reports/training-dynamics/stage_dynamics.csv -> embedding_optimizer_study-0.1.0/reports/training-dynamics
2026-09-13T16:50:02.5286041Z copying reports/training-dynamics/summary_manifest.json -> embedding_optimizer_study-0.1.0/reports/training-dynamics
2026-09-13T16:50:02.5288328Z copying reports/training-dynamics/system_tradeoffs.svg -> embedding_optimizer_study-0.1.0/reports/training-dynamics
2026-09-13T16:50:02.5293355Z copying reports/training-dynamics/training_loss_dynamics.svg -> embedding_optimizer_study-0.1.0/reports/training-dynamics
2026-09-13T16:50:02.5299047Z copying reports/wandb/dense_source_provenance_audit.json -> embedding_optimizer_study-0.1.0/reports/wandb
2026-09-13T16:50:02.5303267Z copying reports/weight-space/README.md -> embedding_optimizer_study-0.1.0/reports/weight-space
2026-09-13T16:50:02.5305684Z copying reports/weight-space/checkpoint_trajectory.csv -> embedding_optimizer_study-0.1.0/reports/weight-space
2026-09-13T16:50:02.5308539Z copying reports/weight-space/optimizer_geometry_phase.svg -> embedding_optimizer_study-0.1.0/reports/weight-space
2026-09-13T16:50:02.5315371Z copying reports/weight-space/optimizer_pair_contrast_trajectory.csv -> embedding_optimizer_study-0.1.0/reports/weight-space
2026-09-13T16:50:02.5317427Z copying reports/weight-space/optimizer_pair_contrast_trajectory.svg -> embedding_optimizer_study-0.1.0/reports/weight-space
2026-09-13T16:50:02.5323509Z copying reports/weight-space/optimizer_pair_contrasts.csv -> embedding_optimizer_study-0.1.0/reports/weight-space
2026-09-13T16:50:02.5325575Z copying reports/weight-space/run_trajectory_summary.csv -> embedding_optimizer_study-0.1.0/reports/weight-space
2026-09-13T16:50:02.5327843Z copying reports/weight-space/summary_manifest.json -> embedding_optimizer_study-0.1.0/reports/weight-space
2026-09-13T16:50:02.5330231Z copying scripts/restore_factorial_probes.py -> embedding_optimizer_study-0.1.0/scripts
2026-09-13T16:50:02.5336161Z copying scripts/restore_functional_analysis.py -> embedding_optimizer_study-0.1.0/scripts
2026-09-13T16:50:02.5338367Z copying scripts/restore_primary_v3.py -> embedding_optimizer_study-0.1.0/scripts
2026-09-13T16:50:02.5341637Z copying scripts/eval/dense_no_packing_parallel.py -> embedding_optimizer_study-0.1.0/scripts/eval
2026-09-13T16:50:02.5342441Z copying scripts/eval/dense_parallel.py -> embedding_optimizer_study-0.1.0/scripts/eval
2026-09-13T16:50:02.5343129Z copying scripts/eval/dense_sequential.py -> embedding_optimizer_study-0.1.0/scripts/eval
2026-09-13T16:50:02.5344055Z copying src/embed_optim/__init__.py -> embedding_optimizer_study-0.1.0/src/embed_optim
2026-09-13T16:50:02.5344795Z copying src/embed_optim/aggregate.py -> embedding_optimizer_study-0.1.0/src/embed_optim
2026-09-13T16:50:02.5346429Z copying src/embed_optim/artifact_inventory.py -> embedding_optimizer_study-0.1.0/src/embed_optim
2026-09-13T16:50:02.5347021Z copying src/embed_optim/basis_sensitivity.py -> embedding_optimizer_study-0.1.0/src/embed_optim
2026-09-13T16:50:02.5351460Z copying src/embed_optim/beir_probe.py -> embedding_optimizer_study-0.1.0/src/embed_optim
2026-09-13T16:50:02.5353663Z copying src/embed_optim/bridge_exact_arithmetic.py -> embedding_optimizer_study-0.1.0/src/embed_optim
2026-09-13T16:50:02.5356120Z copying src/embed_optim/bridge_named_features.py -> embedding_optimizer_study-0.1.0/src/embed_optim
2026-09-13T16:50:02.5358109Z copying src/embed_optim/bridge_numerics.py -> embedding_optimizer_study-0.1.0/src/embed_optim
2026-09-13T16:50:02.5360409Z copying src/embed_optim/callbacks.py -> embedding_optimizer_study-0.1.0/src/embed_optim
2026-09-13T16:50:02.5361257Z copying src/embed_optim/candidate_breadth_data.py -> embedding_optimizer_study-0.1.0/src/embed_optim
2026-09-13T16:50:02.5366240Z copying src/embed_optim/candidate_breadth_evaluation.py -> embedding_optimizer_study-0.1.0/src/embed_optim
2026-09-13T16:50:02.5369480Z copying src/embed_optim/candidate_breadth_matrix.py -> embedding_optimizer_study-0.1.0/src/embed_optim
2026-09-13T16:50:02.5373797Z copying src/embed_optim/candidate_breadth_publication.py -> embedding_optimizer_study-0.1.0/src/embed_optim
2026-09-13T16:50:02.5376130Z copying src/embed_optim/candidate_breadth_release.py -> embedding_optimizer_study-0.1.0/src/embed_optim
2026-09-13T16:50:02.5380754Z copying src/embed_optim/candidate_breadth_summary.py -> embedding_optimizer_study-0.1.0/src/embed_optim
2026-09-13T16:50:02.5384407Z copying src/embed_optim/causal_chain_rendering.py -> embedding_optimizer_study-0.1.0/src/embed_optim
2026-09-13T16:50:02.5391803Z copying src/embed_optim/causal_chain_reporting.py -> embedding_optimizer_study-0.1.0/src/embed_optim
2026-09-13T16:50:02.5397133Z copying src/embed_optim/checkpoint_watch.py -> embedding_optimizer_study-0.1.0/src/embed_optim
2026-09-13T16:50:02.5400150Z copying src/embed_optim/collators.py -> embedding_optimizer_study-0.1.0/src/embed_optim
2026-09-13T16:50:02.5400953Z copying src/embed_optim/common_state_matrix.py -> embedding_optimizer_study-0.1.0/src/embed_optim
2026-09-13T16:50:02.5771016Z copying src/embed_optim/common_state_spectra.py -> embedding_optimizer_study-0.1.0/src/embed_optim
2026-09-13T16:50:02.6207488Z copying src/embed_optim/common_state_spectrum_plot.py -> embedding_optimizer_study-0.1.0/src/embed_optim
2026-09-13T16:50:02.6210101Z copying src/embed_optim/common_state_summary.py -> embedding_optimizer_study-0.1.0/src/embed_optim
2026-09-13T16:50:02.6212811Z copying src/embed_optim/complete_paper_document.py -> embedding_optimizer_study-0.1.0/src/embed_optim
2026-09-13T16:50:02.6215685Z copying src/embed_optim/completion_backup_contract_migration.py -> embedding_optimizer_study-0.1.0/src/embed_optim
2026-09-13T16:50:02.6217833Z copying src/embed_optim/completion_contract_migration.py -> embedding_optimizer_study-0.1.0/src/embed_optim
2026-09-13T16:50:02.6220479Z copying src/embed_optim/config.py -> embedding_optimizer_study-0.1.0/src/embed_optim
2026-09-13T16:50:02.6221347Z copying src/embed_optim/confirmatory_data.py -> embedding_optimizer_study-0.1.0/src/embed_optim
2026-09-13T16:50:02.6225977Z copying src/embed_optim/confirmatory_evaluation.py -> embedding_optimizer_study-0.1.0/src/embed_optim
2026-09-13T16:50:02.6315330Z copying src/embed_optim/confirmatory_matrix.py -> embedding_optimizer_study-0.1.0/src/embed_optim
2026-09-13T16:50:02.6318097Z copying src/embed_optim/confirmatory_summary.py -> embedding_optimizer_study-0.1.0/src/embed_optim
2026-09-13T16:50:02.6321051Z copying src/embed_optim/corpus_size_diagnostic.py -> embedding_optimizer_study-0.1.0/src/embed_optim
2026-09-13T16:50:02.6323368Z copying src/embed_optim/corrected_beir_evaluation.py -> embedding_optimizer_study-0.1.0/src/embed_optim
2026-09-13T16:50:02.6333698Z copying src/embed_optim/corrected_checkpoint_backup.py -> embedding_optimizer_study-0.1.0/src/embed_optim
2026-09-13T16:50:02.6342668Z copying src/embed_optim/corrected_completion_pipeline.py -> embedding_optimizer_study-0.1.0/src/embed_optim
2026-09-13T16:50:02.6345277Z copying src/embed_optim/corrected_execution_sensitivity.py -> embedding_optimizer_study-0.1.0/src/embed_optim
2026-09-13T16:50:02.6347476Z copying src/embed_optim/corrected_geometry_matrix.py -> embedding_optimizer_study-0.1.0/src/embed_optim
2026-09-13T16:50:02.6350291Z copying src/embed_optim/corrected_geometry_summary.py -> embedding_optimizer_study-0.1.0/src/embed_optim
2026-09-13T16:50:02.6353375Z copying src/embed_optim/corrected_input_execution.py -> embedding_optimizer_study-0.1.0/src/embed_optim
2026-09-13T16:50:02.6354182Z copying src/embed_optim/corrected_outcome_summary.py -> embedding_optimizer_study-0.1.0/src/embed_optim
2026-09-13T16:50:02.6360051Z copying src/embed_optim/corrected_progress.py -> embedding_optimizer_study-0.1.0/src/embed_optim
2026-09-13T16:50:02.6362487Z copying src/embed_optim/corrected_publication.py -> embedding_optimizer_study-0.1.0/src/embed_optim
2026-09-13T16:50:02.6367360Z copying src/embed_optim/corrected_retrieval_bridge.py -> embedding_optimizer_study-0.1.0/src/embed_optim
2026-09-13T16:50:02.6370685Z copying src/embed_optim/corrected_validation_evaluation.py -> embedding_optimizer_study-0.1.0/src/embed_optim
2026-09-13T16:50:02.6538060Z copying src/embed_optim/corrected_validation_matrix.py -> embedding_optimizer_study-0.1.0/src/embed_optim
2026-09-13T16:50:02.6540609Z copying src/embed_optim/corrected_wandb_audit.py -> embedding_optimizer_study-0.1.0/src/embed_optim
2026-09-13T16:50:02.6543372Z copying src/embed_optim/current_paper.py -> embedding_optimizer_study-0.1.0/src/embed_optim
2026-09-13T16:50:02.6545722Z copying src/embed_optim/data.py -> embedding_optimizer_study-0.1.0/src/embed_optim
2026-09-13T16:50:02.6547945Z copying src/embed_optim/decontamination.py -> embedding_optimizer_study-0.1.0/src/embed_optim
2026-09-13T16:50:02.6548655Z copying src/embed_optim/dense_completion_pipeline.py -> embedding_optimizer_study-0.1.0/src/embed_optim
2026-09-13T16:50:02.6553995Z copying src/embed_optim/dense_eval_handoff.py -> embedding_optimizer_study-0.1.0/src/embed_optim
2026-09-13T16:50:02.6558418Z copying src/embed_optim/dense_finalization_pipeline.py -> embedding_optimizer_study-0.1.0/src/embed_optim
2026-09-13T16:50:02.6560898Z copying src/embed_optim/dense_no_packing_preflight.py -> embedding_optimizer_study-0.1.0/src/embed_optim
2026-09-13T16:50:02.6562950Z copying src/embed_optim/dense_numerical_contract.py -> embedding_optimizer_study-0.1.0/src/embed_optim
2026-09-13T16:50:02.6563724Z copying src/embed_optim/dense_retrieval_dynamics_evaluation.py -> embedding_optimizer_study-0.1.0/src/embed_optim
2026-09-13T16:50:02.6566712Z copying src/embed_optim/dense_retrieval_dynamics_publication.py -> embedding_optimizer_study-0.1.0/src/embed_optim
2026-09-13T16:50:02.6569217Z copying src/embed_optim/dense_retrieval_dynamics_summary.py -> embedding_optimizer_study-0.1.0/src/embed_optim
2026-09-13T16:50:02.6572051Z copying src/embed_optim/dense_run_contract.py -> embedding_optimizer_study-0.1.0/src/embed_optim
2026-09-13T16:50:02.6572940Z copying src/embed_optim/dimension_archive.py -> embedding_optimizer_study-0.1.0/src/embed_optim
2026-09-13T16:50:02.6576442Z copying src/embed_optim/dimension_inference.py -> embedding_optimizer_study-0.1.0/src/embed_optim
2026-09-13T16:50:02.6578951Z copying src/embed_optim/dimension_inference_render.py -> embedding_optimizer_study-0.1.0/src/embed_optim
2026-09-13T16:50:02.6581188Z copying src/embed_optim/dimension_intervention_io.py -> embedding_optimizer_study-0.1.0/src/embed_optim
2026-09-13T16:50:02.6583150Z copying src/embed_optim/dimension_interventions.py -> embedding_optimizer_study-0.1.0/src/embed_optim
2026-09-13T16:50:02.6585424Z copying src/embed_optim/dimension_publication.py -> embedding_optimizer_study-0.1.0/src/embed_optim
2026-09-13T16:50:02.6590188Z copying src/embed_optim/dimension_release.py -> embedding_optimizer_study-0.1.0/src/embed_optim
2026-09-13T16:50:02.6592206Z copying src/embed_optim/dimension_replay.py -> embedding_optimizer_study-0.1.0/src/embed_optim
2026-09-13T16:50:02.6594549Z copying src/embed_optim/dimension_utilization.py -> embedding_optimizer_study-0.1.0/src/embed_optim
2026-09-13T16:50:02.6597493Z copying src/embed_optim/distribution_audit.py -> embedding_optimizer_study-0.1.0/src/embed_optim
2026-09-13T16:50:02.6600080Z copying src/embed_optim/dose_band_analysis.py -> embedding_optimizer_study-0.1.0/src/embed_optim
2026-09-13T16:50:02.6604912Z copying src/embed_optim/evaluate_matrix.py -> embedding_optimizer_study-0.1.0/src/embed_optim
2026-09-13T16:50:02.6605808Z copying src/embed_optim/evaluation_progress.py -> embedding_optimizer_study-0.1.0/src/embed_optim
2026-09-13T16:50:02.6608360Z copying src/embed_optim/evaluation_source_archive.py -> embedding_optimizer_study-0.1.0/src/embed_optim
2026-09-13T16:50:02.6627609Z copying src/embed_optim/evaluation_source_provenance.py -> embedding_optimizer_study-0.1.0/src/embed_optim
2026-09-13T16:50:02.6628400Z copying src/embed_optim/evaluation_supervisor.py -> embedding_optimizer_study-0.1.0/src/embed_optim
2026-09-13T16:50:02.6635084Z copying src/embed_optim/evaluation_utils.py -> embedding_optimizer_study-0.1.0/src/embed_optim
2026-09-13T16:50:02.6635811Z copying src/embed_optim/exact_bridge_measurements.py -> embedding_optimizer_study-0.1.0/src/embed_optim
2026-09-13T16:50:02.6638769Z copying src/embed_optim/factorial_v3_batches.py -> embedding_optimizer_study-0.1.0/src/embed_optim
2026-09-13T16:50:02.6640995Z copying src/embed_optim/factorial_v3_bound_trainer.py -> embedding_optimizer_study-0.1.0/src/embed_optim
2026-09-13T16:50:02.6643643Z copying src/embed_optim/factorial_v3_calibration.py -> embedding_optimizer_study-0.1.0/src/embed_optim
2026-09-13T16:50:02.6646284Z copying src/embed_optim/factorial_v3_checkpoint.py -> embedding_optimizer_study-0.1.0/src/embed_optim
2026-09-13T16:50:02.6648701Z copying src/embed_optim/factorial_v3_factory.py -> embedding_optimizer_study-0.1.0/src/embed_optim
2026-09-13T16:50:02.6650890Z copying src/embed_optim/factorial_v3_inputs.py -> embedding_optimizer_study-0.1.0/src/embed_optim
2026-09-13T16:50:02.6653901Z copying src/embed_optim/factorial_v3_optimizer.py -> embedding_optimizer_study-0.1.0/src/embed_optim
2026-09-13T16:50:02.6656404Z copying src/embed_optim/factorial_v3_run_contract.py -> embedding_optimizer_study-0.1.0/src/embed_optim
2026-09-13T16:50:02.6658701Z copying src/embed_optim/factorial_v3_trainer.py -> embedding_optimizer_study-0.1.0/src/embed_optim
2026-09-13T16:50:02.6660790Z copying src/embed_optim/factorial_v3_worker.py -> embedding_optimizer_study-0.1.0/src/embed_optim
2026-09-13T16:50:02.6663681Z copying src/embed_optim/family_training_queue.py -> embedding_optimizer_study-0.1.0/src/embed_optim
2026-09-13T16:50:02.6665883Z copying src/embed_optim/functional_intervention.py -> embedding_optimizer_study-0.1.0/src/embed_optim
2026-09-13T16:50:02.6668926Z copying src/embed_optim/functional_intervention_matrix.py -> embedding_optimizer_study-0.1.0/src/embed_optim
2026-09-13T16:50:02.6671537Z copying src/embed_optim/functional_intervention_summary.py -> embedding_optimizer_study-0.1.0/src/embed_optim
2026-09-13T16:50:02.6673428Z copying src/embed_optim/geometry.py -> embedding_optimizer_study-0.1.0/src/embed_optim
2026-09-13T16:50:02.6677212Z copying src/embed_optim/geometry_plot.py -> embedding_optimizer_study-0.1.0/src/embed_optim
2026-09-13T16:50:02.6680313Z copying src/embed_optim/geometry_robustness.py -> embedding_optimizer_study-0.1.0/src/embed_optim
2026-09-13T16:50:02.6682336Z copying src/embed_optim/geometry_summary.py -> embedding_optimizer_study-0.1.0/src/embed_optim
2026-09-13T16:50:02.6684689Z copying src/embed_optim/gpu_lease.py -> embedding_optimizer_study-0.1.0/src/embed_optim
2026-09-13T16:50:02.6685360Z copying src/embed_optim/gradient_probe.py -> embedding_optimizer_study-0.1.0/src/embed_optim
2026-09-13T16:50:02.6688486Z copying src/embed_optim/hybrid_control.py -> embedding_optimizer_study-0.1.0/src/embed_optim
2026-09-13T16:50:02.6692176Z copying src/embed_optim/hybrid_evaluation.py -> embedding_optimizer_study-0.1.0/src/embed_optim
2026-09-13T16:50:02.6693788Z copying src/embed_optim/incremental_checkpoint_backup.py -> embedding_optimizer_study-0.1.0/src/embed_optim
2026-09-13T16:50:02.6695875Z copying src/embed_optim/local_global_reversal.py -> embedding_optimizer_study-0.1.0/src/embed_optim
2026-09-13T16:50:02.6698462Z copying src/embed_optim/losses.py -> embedding_optimizer_study-0.1.0/src/embed_optim
2026-09-13T16:50:02.6699124Z copying src/embed_optim/matrix.py -> embedding_optimizer_study-0.1.0/src/embed_optim
2026-09-13T16:50:02.6702178Z copying src/embed_optim/matrix_handoff_guard.py -> embedding_optimizer_study-0.1.0/src/embed_optim
2026-09-13T16:50:02.6704973Z copying src/embed_optim/mechanism_bridge.py -> embedding_optimizer_study-0.1.0/src/embed_optim
2026-09-13T16:50:02.6708813Z copying src/embed_optim/mechanism_report.py -> embedding_optimizer_study-0.1.0/src/embed_optim
2026-09-13T16:50:02.6720108Z copying src/embed_optim/optimizer_state_devices.py -> embedding_optimizer_study-0.1.0/src/embed_optim
2026-09-13T16:50:02.6722284Z copying src/embed_optim/optimizers.py -> embedding_optimizer_study-0.1.0/src/embed_optim
2026-09-13T16:50:02.6723195Z copying src/embed_optim/outcome_report.py -> embedding_optimizer_study-0.1.0/src/embed_optim
2026-09-13T16:50:02.6728388Z copying src/embed_optim/packing_invariance.py -> embedding_optimizer_study-0.1.0/src/embed_optim
2026-09-13T16:50:02.6730754Z copying src/embed_optim/paper_audit.py -> embedding_optimizer_study-0.1.0/src/embed_optim
2026-09-13T16:50:02.6737647Z copying src/embed_optim/paper_layout.py -> embedding_optimizer_study-0.1.0/src/embed_optim
2026-09-13T16:50:02.6740339Z copying src/embed_optim/paper_reproduction.py -> embedding_optimizer_study-0.1.0/src/embed_optim
2026-09-13T16:50:02.6742827Z copying src/embed_optim/paper_results.py -> embedding_optimizer_study-0.1.0/src/embed_optim
2026-09-13T16:50:02.6749351Z copying src/embed_optim/post_eval_pipeline.py -> embedding_optimizer_study-0.1.0/src/embed_optim
2026-09-13T16:50:02.6754495Z copying src/embed_optim/primary_completion.py -> embedding_optimizer_study-0.1.0/src/embed_optim
2026-09-13T16:50:02.6755477Z copying src/embed_optim/primary_contract.py -> embedding_optimizer_study-0.1.0/src/embed_optim
2026-09-13T16:50:02.6756321Z copying src/embed_optim/primary_data_revision.py -> embedding_optimizer_study-0.1.0/src/embed_optim
2026-09-13T16:50:02.6759110Z copying src/embed_optim/primary_dimension_probe.py -> embedding_optimizer_study-0.1.0/src/embed_optim
2026-09-13T16:50:02.6762161Z copying src/embed_optim/primary_exact_geometry_kernels.py -> embedding_optimizer_study-0.1.0/src/embed_optim
2026-09-13T16:50:02.6764290Z copying src/embed_optim/primary_geometry_kernels.py -> embedding_optimizer_study-0.1.0/src/embed_optim
2026-09-13T16:50:02.6767998Z copying src/embed_optim/primary_geometry_reductions.py -> embedding_optimizer_study-0.1.0/src/embed_optim
2026-09-13T16:50:02.6770380Z copying src/embed_optim/primary_io.py -> embedding_optimizer_study-0.1.0/src/embed_optim
2026-09-13T16:50:02.6771220Z copying src/embed_optim/primary_training.py -> embedding_optimizer_study-0.1.0/src/embed_optim
2026-09-13T16:50:02.6772129Z copying src/embed_optim/primary_v3_bridge.py -> embedding_optimizer_study-0.1.0/src/embed_optim
2026-09-13T16:50:02.6774865Z copying src/embed_optim/primary_v3_completion.py -> embedding_optimizer_study-0.1.0/src/embed_optim
2026-09-13T16:50:02.6776523Z copying src/embed_optim/primary_v3_contract.py -> embedding_optimizer_study-0.1.0/src/embed_optim
2026-09-13T16:50:02.6777376Z copying src/embed_optim/primary_v3_dimension_contract.py -> embedding_optimizer_study-0.1.0/src/embed_optim
2026-09-13T16:50:02.6780215Z copying src/embed_optim/primary_v3_dimension_exports.py -> embedding_optimizer_study-0.1.0/src/embed_optim
2026-09-13T16:50:02.6783201Z copying src/embed_optim/primary_v3_dimension_inference.py -> embedding_optimizer_study-0.1.0/src/embed_optim
2026-09-13T16:50:02.6785341Z copying src/embed_optim/primary_v3_dimension_vector_io.py -> embedding_optimizer_study-0.1.0/src/embed_optim
2026-09-13T16:50:02.6792229Z copying src/embed_optim/primary_v3_dimensions.py -> embedding_optimizer_study-0.1.0/src/embed_optim
2026-09-13T16:50:02.6794556Z copying src/embed_optim/primary_v3_exact_bridge.py -> embedding_optimizer_study-0.1.0/src/embed_optim
2026-09-13T16:50:02.6796919Z copying src/embed_optim/primary_v3_exact_geometry.py -> embedding_optimizer_study-0.1.0/src/embed_optim
2026-09-13T16:50:02.6799232Z copying src/embed_optim/primary_v3_exact_geometry_io.py -> embedding_optimizer_study-0.1.0/src/embed_optim
2026-09-13T16:50:02.6801906Z copying src/embed_optim/primary_v3_exact_geometry_primitives.py -> embedding_optimizer_study-0.1.0/src/embed_optim
2026-09-13T16:50:02.6804218Z copying src/embed_optim/primary_v3_exact_publication.py -> embedding_optimizer_study-0.1.0/src/embed_optim
2026-09-13T16:50:02.6806615Z copying src/embed_optim/primary_v3_exact_publication_contract.py -> embedding_optimizer_study-0.1.0/src/embed_optim
2026-09-13T16:50:02.6808571Z copying src/embed_optim/primary_v3_exact_publication_render.py -> embedding_optimizer_study-0.1.0/src/embed_optim
2026-09-13T16:50:02.6810860Z copying src/embed_optim/primary_v3_exact_reconstruction.py -> embedding_optimizer_study-0.1.0/src/embed_optim
2026-09-13T16:50:02.6813404Z copying src/embed_optim/primary_v3_exact_reconstruction_archive.py -> embedding_optimizer_study-0.1.0/src/embed_optim
2026-09-13T16:50:02.6815353Z copying src/embed_optim/primary_v3_geometry.py -> embedding_optimizer_study-0.1.0/src/embed_optim
2026-09-13T16:50:02.6817884Z copying src/embed_optim/primary_v3_geometry_io.py -> embedding_optimizer_study-0.1.0/src/embed_optim
2026-09-13T16:50:02.6820363Z copying src/embed_optim/primary_v3_geometry_primitives.py -> embedding_optimizer_study-0.1.0/src/embed_optim
2026-09-13T16:50:02.6822954Z copying src/embed_optim/primary_v3_geometry_reconstruction.py -> embedding_optimizer_study-0.1.0/src/embed_optim
2026-09-13T16:50:02.6825180Z copying src/embed_optim/primary_v3_io.py -> embedding_optimizer_study-0.1.0/src/embed_optim
2026-09-13T16:50:02.6826052Z copying src/embed_optim/primary_v3_joint_reconstruction.py -> embedding_optimizer_study-0.1.0/src/embed_optim
2026-09-13T16:50:02.6829036Z copying src/embed_optim/primary_v3_manuscript.py -> embedding_optimizer_study-0.1.0/src/embed_optim
2026-09-13T16:50:02.6831919Z copying src/embed_optim/primary_v3_manuscript_build.py -> embedding_optimizer_study-0.1.0/src/embed_optim
2026-09-13T16:50:02.6833698Z copying src/embed_optim/primary_v3_outcome_primitives.py -> embedding_optimizer_study-0.1.0/src/embed_optim
2026-09-13T16:50:02.6835675Z copying src/embed_optim/primary_v3_outcome_reconstruction.py -> embedding_optimizer_study-0.1.0/src/embed_optim
2026-09-13T16:50:02.6842361Z copying src/embed_optim/primary_v3_outcomes.py -> embedding_optimizer_study-0.1.0/src/embed_optim
2026-09-13T16:50:02.6845456Z copying src/embed_optim/primary_v3_paper_layout.py -> embedding_optimizer_study-0.1.0/src/embed_optim
2026-09-13T16:50:02.6847646Z copying src/embed_optim/primary_v3_publication.py -> embedding_optimizer_study-0.1.0/src/embed_optim
2026-09-13T16:50:02.6850782Z copying src/embed_optim/primary_v3_publication_archive.py -> embedding_optimizer_study-0.1.0/src/embed_optim
2026-09-13T16:50:02.6852992Z copying src/embed_optim/primary_v3_publication_bridge.py -> embedding_optimizer_study-0.1.0/src/embed_optim
2026-09-13T16:50:02.6859763Z copying src/embed_optim/primary_v3_publication_contract.py -> embedding_optimizer_study-0.1.0/src/embed_optim
2026-09-13T16:50:02.6862084Z copying src/embed_optim/primary_v3_publication_reconstruction.py -> embedding_optimizer_study-0.1.0/src/embed_optim
2026-09-13T16:50:02.6864902Z copying src/embed_optim/primary_v3_publication_render.py -> embedding_optimizer_study-0.1.0/src/embed_optim
2026-09-13T16:50:02.6866513Z copying src/embed_optim/primary_v3_publication_tables.py -> embedding_optimizer_study-0.1.0/src/embed_optim
2026-09-13T16:50:02.6868638Z copying src/embed_optim/primary_v3_reconstruction_authoring.py -> embedding_optimizer_study-0.1.0/src/embed_optim
2026-09-13T16:50:02.6870521Z copying src/embed_optim/primary_v3_reconstruction_inputs.py -> embedding_optimizer_study-0.1.0/src/embed_optim
2026-09-13T16:50:02.6875472Z copying src/embed_optim/primary_v3_reconstruction_sources.py -> embedding_optimizer_study-0.1.0/src/embed_optim
2026-09-13T16:50:02.6878488Z copying src/embed_optim/primary_v3_training.py -> embedding_optimizer_study-0.1.0/src/embed_optim
2026-09-13T16:50:02.6879102Z copying src/embed_optim/primary_v3_validation.py -> embedding_optimizer_study-0.1.0/src/embed_optim
2026-09-13T16:50:02.6882234Z copying src/embed_optim/primary_v3_validation_io.py -> embedding_optimizer_study-0.1.0/src/embed_optim
2026-09-13T16:50:02.6884734Z copying src/embed_optim/primary_v3_vector_reconstruction.py -> embedding_optimizer_study-0.1.0/src/embed_optim
2026-09-13T16:50:02.6887607Z copying src/embed_optim/primary_weight_entries.py -> embedding_optimizer_study-0.1.0/src/embed_optim
2026-09-13T16:50:02.6890956Z copying src/embed_optim/probe_export.py -> embedding_optimizer_study-0.1.0/src/embed_optim
2026-09-13T16:50:02.6893683Z copying src/embed_optim/probe_matrix.py -> embedding_optimizer_study-0.1.0/src/embed_optim
2026-09-13T16:50:02.6895770Z copying src/embed_optim/probes.py -> embedding_optimizer_study-0.1.0/src/embed_optim
2026-09-13T16:50:02.6898010Z copying src/embed_optim/pylate_compat.py -> embedding_optimizer_study-0.1.0/src/embed_optim
2026-09-13T16:50:02.6900326Z copying src/embed_optim/reconstruction_files.py -> embedding_optimizer_study-0.1.0/src/embed_optim
2026-09-13T16:50:02.6902696Z copying src/embed_optim/representation_geometry.py -> embedding_optimizer_study-0.1.0/src/embed_optim
2026-09-13T16:50:02.6906991Z copying src/embed_optim/representation_plot.py -> embedding_optimizer_study-0.1.0/src/embed_optim
2026-09-13T16:50:02.6909816Z copying src/embed_optim/representation_summary.py -> embedding_optimizer_study-0.1.0/src/embed_optim
2026-09-13T16:50:02.6970338Z copying src/embed_optim/retrieval_dynamics.py -> embedding_optimizer_study-0.1.0/src/embed_optim
2026-09-13T16:50:02.6974734Z copying src/embed_optim/runtime.py -> embedding_optimizer_study-0.1.0/src/embed_optim
2026-09-13T16:50:02.6975702Z copying src/embed_optim/saved_factorial_checkpoint.py -> embedding_optimizer_study-0.1.0/src/embed_optim
2026-09-13T16:50:02.6977637Z copying src/embed_optim/scope.py -> embedding_optimizer_study-0.1.0/src/embed_optim
2026-09-13T16:50:02.6979432Z copying src/embed_optim/sealed_checkpoint_supervisor.py -> embedding_optimizer_study-0.1.0/src/embed_optim
2026-09-13T16:50:02.6982550Z copying src/embed_optim/short_branch.py -> embedding_optimizer_study-0.1.0/src/embed_optim
2026-09-13T16:50:02.6983726Z copying src/embed_optim/short_branch_evaluation.py -> embedding_optimizer_study-0.1.0/src/embed_optim
2026-09-13T16:50:02.6986343Z copying src/embed_optim/short_branch_summary.py -> embedding_optimizer_study-0.1.0/src/embed_optim
2026-09-13T16:50:02.6989814Z copying src/embed_optim/spectral_transplant.py -> embedding_optimizer_study-0.1.0/src/embed_optim
2026-09-13T16:50:02.6993528Z copying src/embed_optim/spectral_transplant_matrix.py -> embedding_optimizer_study-0.1.0/src/embed_optim
2026-09-13T16:50:02.6996097Z copying src/embed_optim/spectral_transplant_summary.py -> embedding_optimizer_study-0.1.0/src/embed_optim
2026-09-13T16:50:02.7000475Z copying src/embed_optim/state_operator_factorial.py -> embedding_optimizer_study-0.1.0/src/embed_optim
2026-09-13T16:50:02.7004784Z copying src/embed_optim/state_operator_factorial_backup.py -> embedding_optimizer_study-0.1.0/src/embed_optim
2026-09-13T16:50:02.7881484Z copying src/embed_optim/state_operator_factorial_completion.py -> embedding_optimizer_study-0.1.0/src/embed_optim
2026-09-13T16:50:02.7886512Z copying src/embed_optim/state_operator_factorial_contract.py -> embedding_optimizer_study-0.1.0/src/embed_optim
2026-09-13T16:50:02.7888687Z copying src/embed_optim/state_operator_factorial_evaluation.py -> embedding_optimizer_study-0.1.0/src/embed_optim
2026-09-13T16:50:02.7891787Z copying src/embed_optim/state_operator_factorial_probe.py -> embedding_optimizer_study-0.1.0/src/embed_optim
2026-09-13T16:50:02.7895841Z copying src/embed_optim/state_operator_factorial_publication.py -> embedding_optimizer_study-0.1.0/src/embed_optim
2026-09-13T16:50:02.7897803Z copying src/embed_optim/state_operator_factorial_summary.py -> embedding_optimizer_study-0.1.0/src/embed_optim
2026-09-13T16:50:02.7900070Z copying src/embed_optim/state_operator_factorial_training.py -> embedding_optimizer_study-0.1.0/src/embed_optim
2026-09-13T16:50:02.7905023Z copying src/embed_optim/supervisor.py -> embedding_optimizer_study-0.1.0/src/embed_optim
2026-09-13T16:50:02.7907609Z copying src/embed_optim/supplemental_training_audit.py -> embedding_optimizer_study-0.1.0/src/embed_optim
2026-09-13T16:50:02.7909700Z copying src/embed_optim/tail_stability.py -> embedding_optimizer_study-0.1.0/src/embed_optim
2026-09-13T16:50:02.7914974Z copying src/embed_optim/temporal_short_branch.py -> embedding_optimizer_study-0.1.0/src/embed_optim
2026-09-13T16:50:02.7918260Z copying src/embed_optim/temporal_short_branch_predictors.py -> embedding_optimizer_study-0.1.0/src/embed_optim
2026-09-13T16:50:02.8009826Z copying src/embed_optim/three_regime_diagnostic.py -> embedding_optimizer_study-0.1.0/src/embed_optim
2026-09-13T16:50:02.8089023Z copying src/embed_optim/train.py -> embedding_optimizer_study-0.1.0/src/embed_optim
2026-09-13T16:50:02.8089834Z copying src/embed_optim/training_dynamics.py -> embedding_optimizer_study-0.1.0/src/embed_optim
2026-09-13T16:50:02.8888130Z copying src/embed_optim/training_dynamics_plot.py -> embedding_optimizer_study-0.1.0/src/embed_optim
2026-09-13T16:50:02.8891195Z copying src/embed_optim/update_geometry.py -> embedding_optimizer_study-0.1.0/src/embed_optim
2026-09-13T16:50:02.8893568Z copying src/embed_optim/validation_data.py -> embedding_optimizer_study-0.1.0/src/embed_optim
2026-09-13T16:50:02.8896513Z copying src/embed_optim/validation_evaluation.py -> embedding_optimizer_study-0.1.0/src/embed_optim
2026-09-13T16:50:02.8898963Z copying src/embed_optim/validation_matrix.py -> embedding_optimizer_study-0.1.0/src/embed_optim
2026-09-13T16:50:02.8900977Z copying src/embed_optim/validation_summary.py -> embedding_optimizer_study-0.1.0/src/embed_optim
2026-09-13T16:50:02.8902761Z copying src/embed_optim/wandb_dense_provenance_audit.py -> embedding_optimizer_study-0.1.0/src/embed_optim
2026-09-13T16:50:02.8905488Z copying src/embed_optim/wandb_sync.py -> embedding_optimizer_study-0.1.0/src/embed_optim
2026-09-13T16:50:02.8908711Z copying src/embed_optim_restore/__init__.py -> embedding_optimizer_study-0.1.0/src/embed_optim_restore
2026-09-13T16:50:02.8912321Z copying src/embed_optim_restore/__main__.py -> embedding_optimizer_study-0.1.0/src/embed_optim_restore
2026-09-13T16:50:02.8916522Z copying src/embed_optim_restore/entry.py -> embedding_optimizer_study-0.1.0/src/embed_optim_restore
2026-09-13T16:50:02.8919197Z copying src/embed_optim_restore/equality.py -> embedding_optimizer_study-0.1.0/src/embed_optim_restore
2026-09-13T16:50:02.8921066Z copying src/embed_optim_restore/gate.py -> embedding_optimizer_study-0.1.0/src/embed_optim_restore
2026-09-13T16:50:02.8922823Z copying src/embed_optim_restore/paired.py -> embedding_optimizer_study-0.1.0/src/embed_optim_restore
2026-09-13T16:50:02.8924777Z copying src/embed_optim_restore/reference.py -> embedding_optimizer_study-0.1.0/src/embed_optim_restore
2026-09-13T16:50:02.8926380Z copying src/embed_optim_restore/step_devices.py -> embedding_optimizer_study-0.1.0/src/embed_optim_restore
2026-09-13T16:50:02.8928645Z copying src/embed_optim_restore/trace.py -> embedding_optimizer_study-0.1.0/src/embed_optim_restore
2026-09-13T16:50:02.8930415Z copying src/embed_optim_restore/references/a-0-cold.json -> embedding_optimizer_study-0.1.0/src/embed_optim_restore/references
2026-09-13T16:50:02.8937398Z copying src/embed_optim_restore/references/a-0-warm.json -> embedding_optimizer_study-0.1.0/src/embed_optim_restore/references
2026-09-13T16:50:02.8945000Z copying src/embed_optim_restore/references/a-1-cold.json -> embedding_optimizer_study-0.1.0/src/embed_optim_restore/references
2026-09-13T16:50:02.8951269Z copying src/embed_optim_restore/references/a-1-warm.json -> embedding_optimizer_study-0.1.0/src/embed_optim_restore/references
2026-09-13T16:50:02.8957981Z copying src/embed_optim_restore/references/a-2-cold.json -> embedding_optimizer_study-0.1.0/src/embed_optim_restore/references
2026-09-13T16:50:02.8964294Z copying src/embed_optim_restore/references/a-2-warm.json -> embedding_optimizer_study-0.1.0/src/embed_optim_restore/references
2026-09-13T16:50:02.8970371Z copying src/embed_optim_restore/references/a-3-cold.json -> embedding_optimizer_study-0.1.0/src/embed_optim_restore/references
2026-09-13T16:50:02.8979413Z copying src/embed_optim_restore/references/a-3-warm.json -> embedding_optimizer_study-0.1.0/src/embed_optim_restore/references
2026-09-13T16:50:02.8985997Z copying src/embed_optim_restore/references/b-0-cold.json -> embedding_optimizer_study-0.1.0/src/embed_optim_restore/references
2026-09-13T16:50:02.9498373Z copying src/embed_optim_restore/references/b-0-warm.json -> embedding_optimizer_study-0.1.0/src/embed_optim_restore/references
2026-09-13T16:50:02.9505765Z copying src/embed_optim_restore/references/b-1-cold.json -> embedding_optimizer_study-0.1.0/src/embed_optim_restore/references
2026-09-13T16:50:02.9512441Z copying src/embed_optim_restore/references/b-1-warm.json -> embedding_optimizer_study-0.1.0/src/embed_optim_restore/references
2026-09-13T16:50:02.9523751Z copying src/embed_optim_restore/references/b-2-cold.json -> embedding_optimizer_study-0.1.0/src/embed_optim_restore/references
2026-09-13T16:50:02.9533712Z copying src/embed_optim_restore/references/b-2-warm.json -> embedding_optimizer_study-0.1.0/src/embed_optim_restore/references
2026-09-13T16:50:02.9540475Z copying src/embed_optim_restore/references/b-3-cold.json -> embedding_optimizer_study-0.1.0/src/embed_optim_restore/references
2026-09-13T16:50:02.9546957Z copying src/embed_optim_restore/references/b-3-warm.json -> embedding_optimizer_study-0.1.0/src/embed_optim_restore/references
2026-09-13T16:50:02.9554584Z copying src/embedding_optimizer_study.egg-info/PKG-INFO -> embedding_optimizer_study-0.1.0/src/embedding_optimizer_study.egg-info
2026-09-13T16:50:02.9555579Z copying src/embedding_optimizer_study.egg-info/SOURCES.txt -> embedding_optimizer_study-0.1.0/src/embedding_optimizer_study.egg-info
2026-09-13T16:50:02.9556468Z copying src/embedding_optimizer_study.egg-info/dependency_links.txt -> embedding_optimizer_study-0.1.0/src/embedding_optimizer_study.egg-info
2026-09-13T16:50:02.9557349Z copying src/embedding_optimizer_study.egg-info/entry_points.txt -> embedding_optimizer_study-0.1.0/src/embedding_optimizer_study.egg-info
2026-09-13T16:50:02.9558279Z copying src/embedding_optimizer_study.egg-info/requires.txt -> embedding_optimizer_study-0.1.0/src/embedding_optimizer_study.egg-info
2026-09-13T16:50:02.9559134Z copying src/embedding_optimizer_study.egg-info/top_level.txt -> embedding_optimizer_study-0.1.0/src/embedding_optimizer_study.egg-info
2026-09-13T16:50:02.9559851Z copying tests/test_aggregate.py -> embedding_optimizer_study-0.1.0/tests
2026-09-13T16:50:02.9563705Z copying tests/test_basis_sensitivity.py -> embedding_optimizer_study-0.1.0/tests
2026-09-13T16:50:02.9565490Z copying tests/test_beir_probe.py -> embedding_optimizer_study-0.1.0/tests
2026-09-13T16:50:02.9567432Z copying tests/test_bridge_numerics.py -> embedding_optimizer_study-0.1.0/tests
2026-09-13T16:50:02.9569860Z copying tests/test_candidate_breadth_data.py -> embedding_optimizer_study-0.1.0/tests
2026-09-13T16:50:02.9572867Z copying tests/test_candidate_breadth_evaluation.py -> embedding_optimizer_study-0.1.0/tests
2026-09-13T16:50:02.9575241Z copying tests/test_candidate_breadth_matrix.py -> embedding_optimizer_study-0.1.0/tests
2026-09-13T16:50:02.9577153Z copying tests/test_candidate_breadth_publication.py -> embedding_optimizer_study-0.1.0/tests
2026-09-13T16:50:02.9579033Z copying tests/test_candidate_breadth_release.py -> embedding_optimizer_study-0.1.0/tests
2026-09-13T16:50:02.9581099Z copying tests/test_candidate_breadth_summary.py -> embedding_optimizer_study-0.1.0/tests
2026-09-13T16:50:02.9583242Z copying tests/test_causal_chain_reporting.py -> embedding_optimizer_study-0.1.0/tests
2026-09-13T16:50:02.9586884Z copying tests/test_checkpoint_download.py -> embedding_optimizer_study-0.1.0/tests
2026-09-13T16:50:02.9588550Z copying tests/test_checkpoint_optimizer_resume.py -> embedding_optimizer_study-0.1.0/tests
2026-09-13T16:50:02.9590258Z copying tests/test_checkpoint_watch.py -> embedding_optimizer_study-0.1.0/tests
2026-09-13T16:50:02.9592321Z copying tests/test_collators.py -> embedding_optimizer_study-0.1.0/tests
2026-09-13T16:50:02.9594477Z copying tests/test_common_state_matrix.py -> embedding_optimizer_study-0.1.0/tests
2026-09-13T16:50:02.9596269Z copying tests/test_common_state_spectra.py -> embedding_optimizer_study-0.1.0/tests
2026-09-13T16:50:02.9598533Z copying tests/test_common_state_spectrum_plot.py -> embedding_optimizer_study-0.1.0/tests
2026-09-13T16:50:02.9600596Z copying tests/test_common_state_summary.py -> embedding_optimizer_study-0.1.0/tests
2026-09-13T16:50:02.9602404Z copying tests/test_completion_backup_contract_migration.py -> embedding_optimizer_study-0.1.0/tests
2026-09-13T16:50:02.9604434Z copying tests/test_completion_contract_migration.py -> embedding_optimizer_study-0.1.0/tests
2026-09-13T16:50:02.9606658Z copying tests/test_config.py -> embedding_optimizer_study-0.1.0/tests
2026-09-13T16:50:02.9608788Z copying tests/test_confirmatory_data.py -> embedding_optimizer_study-0.1.0/tests
2026-09-13T16:50:02.9610584Z copying tests/test_confirmatory_evaluation.py -> embedding_optimizer_study-0.1.0/tests
2026-09-13T16:50:02.9612701Z copying tests/test_confirmatory_matrix.py -> embedding_optimizer_study-0.1.0/tests
2026-09-13T16:50:02.9614938Z copying tests/test_corpus_size_diagnostic.py -> embedding_optimizer_study-0.1.0/tests
2026-09-13T16:50:02.9617048Z copying tests/test_corrected_checkpoint_backup.py -> embedding_optimizer_study-0.1.0/tests
2026-09-13T16:50:02.9619352Z copying tests/test_corrected_completion_pipeline.py -> embedding_optimizer_study-0.1.0/tests
2026-09-13T16:50:02.9621703Z copying tests/test_corrected_execution_sensitivity.py -> embedding_optimizer_study-0.1.0/tests
2026-09-13T16:50:02.9626741Z copying tests/test_corrected_geometry.py -> embedding_optimizer_study-0.1.0/tests
2026-09-13T16:50:02.9630825Z copying tests/test_corrected_input_execution.py -> embedding_optimizer_study-0.1.0/tests
2026-09-13T16:50:02.9634309Z copying tests/test_corrected_outcome_summary.py -> embedding_optimizer_study-0.1.0/tests
2026-09-13T16:50:02.9636541Z copying tests/test_corrected_progress.py -> embedding_optimizer_study-0.1.0/tests
2026-09-13T16:50:02.9638386Z copying tests/test_corrected_publication.py -> embedding_optimizer_study-0.1.0/tests
2026-09-13T16:50:02.9641191Z copying tests/test_corrected_retrieval_bridge.py -> embedding_optimizer_study-0.1.0/tests
2026-09-13T16:50:02.9643556Z copying tests/test_corrected_wandb_audit.py -> embedding_optimizer_study-0.1.0/tests
2026-09-13T16:50:02.9645688Z copying tests/test_current_distribution_surface.py -> embedding_optimizer_study-0.1.0/tests
2026-09-13T16:50:02.9647291Z copying tests/test_current_paper.py -> embedding_optimizer_study-0.1.0/tests
2026-09-13T16:50:02.9649358Z copying tests/test_current_primary_source.py -> embedding_optimizer_study-0.1.0/tests
2026-09-13T16:50:02.9650236Z copying tests/test_data.py -> embedding_optimizer_study-0.1.0/tests
2026-09-13T16:50:02.9652527Z copying tests/test_decontamination.py -> embedding_optimizer_study-0.1.0/tests
2026-09-13T16:50:02.9654828Z copying tests/test_dense_canonical_reduction_control.py -> embedding_optimizer_study-0.1.0/tests
2026-09-13T16:50:02.9657036Z copying tests/test_dense_canonical_replay_fingerprint.py -> embedding_optimizer_study-0.1.0/tests
2026-09-13T16:50:02.9658734Z copying tests/test_dense_completion_pipeline.py -> embedding_optimizer_study-0.1.0/tests
2026-09-13T16:50:02.9661728Z copying tests/test_dense_correction_candidate.py -> embedding_optimizer_study-0.1.0/tests
2026-09-13T16:50:02.9663680Z copying tests/test_dense_data_protection.py -> embedding_optimizer_study-0.1.0/tests
2026-09-13T16:50:02.9665531Z copying tests/test_dense_ddp_accumulation_audit.py -> embedding_optimizer_study-0.1.0/tests
2026-09-13T16:50:02.9668250Z copying tests/test_dense_eval_handoff.py -> embedding_optimizer_study-0.1.0/tests
2026-09-13T16:50:02.9670780Z copying tests/test_dense_evaluation_pause.py -> embedding_optimizer_study-0.1.0/tests
2026-09-13T16:50:02.9672700Z copying tests/test_dense_finalization_pipeline.py -> embedding_optimizer_study-0.1.0/tests
2026-09-13T16:50:02.9675329Z copying tests/test_dense_full_identity_validation.py -> embedding_optimizer_study-0.1.0/tests
2026-09-13T16:50:02.9677216Z copying tests/test_dense_full_model_normalization.py -> embedding_optimizer_study-0.1.0/tests
2026-09-13T16:50:02.9678920Z copying tests/test_dense_gpu_deterministic_control.py -> embedding_optimizer_study-0.1.0/tests
2026-09-13T16:50:02.9680961Z copying tests/test_dense_gpu_fresh_replay.py -> embedding_optimizer_study-0.1.0/tests
2026-09-13T16:50:02.9683240Z copying tests/test_dense_gpu_gradient_origin.py -> embedding_optimizer_study-0.1.0/tests
2026-09-13T16:50:02.9685473Z copying tests/test_dense_gpu_max_context_audit.py -> embedding_optimizer_study-0.1.0/tests
2026-09-13T16:50:02.9687348Z copying tests/test_dense_gpu_normalization_audit.py -> embedding_optimizer_study-0.1.0/tests
2026-09-13T16:50:02.9689221Z copying tests/test_dense_gpu_replay_update.py -> embedding_optimizer_study-0.1.0/tests
2026-09-13T16:50:02.9690998Z copying tests/test_dense_loss_contract_audit.py -> embedding_optimizer_study-0.1.0/tests
2026-09-13T16:50:02.9693282Z copying tests/test_dense_natural_data_audit.py -> embedding_optimizer_study-0.1.0/tests
2026-09-13T16:50:02.9695216Z copying tests/test_dense_no_packing_preflight.py -> embedding_optimizer_study-0.1.0/tests
2026-09-13T16:50:02.9696917Z copying tests/test_dense_numerical_contract.py -> embedding_optimizer_study-0.1.0/tests
2026-09-13T16:50:02.9697835Z copying tests/test_dense_partition_cache.py -> embedding_optimizer_study-0.1.0/tests
2026-09-13T16:50:02.9699892Z copying tests/test_dense_partition_reconstruction.py -> embedding_optimizer_study-0.1.0/tests
2026-09-13T16:50:02.9702129Z copying tests/test_dense_partition_revision.py -> embedding_optimizer_study-0.1.0/tests
2026-09-13T16:50:02.9704359Z copying tests/test_dense_predeployment_checks.py -> embedding_optimizer_study-0.1.0/tests
2026-09-13T16:50:02.9706829Z copying tests/test_dense_probe_coupling.py -> embedding_optimizer_study-0.1.0/tests
2026-09-13T16:50:02.9709630Z copying tests/test_dense_retrieval_dynamics_evaluation.py -> embedding_optimizer_study-0.1.0/tests
2026-09-13T16:50:02.9712214Z copying tests/test_dense_retrieval_dynamics_publication.py -> embedding_optimizer_study-0.1.0/tests
2026-09-13T16:50:02.9714150Z copying tests/test_dense_retrieval_dynamics_summary.py -> embedding_optimizer_study-0.1.0/tests
2026-09-13T16:50:02.9716434Z copying tests/test_dense_run_contract.py -> embedding_optimizer_study-0.1.0/tests
2026-09-13T16:50:02.9717077Z copying tests/test_dense_run_identity_proposal.py -> embedding_optimizer_study-0.1.0/tests
2026-09-13T16:50:02.9980969Z copying tests/test_dense_text_integrity.py -> embedding_optimizer_study-0.1.0/tests
2026-09-13T16:50:02.9983367Z copying tests/test_dense_trainer_normalization_candidate.py -> embedding_optimizer_study-0.1.0/tests
2026-09-13T16:50:02.9993008Z copying tests/test_dense_trainer_resume_audit.py -> embedding_optimizer_study-0.1.0/tests
2026-09-13T16:50:03.0686660Z copying tests/test_dimension_archive.py -> embedding_optimizer_study-0.1.0/tests
2026-09-13T16:50:03.0689219Z copying tests/test_dimension_inference.py -> embedding_optimizer_study-0.1.0/tests
2026-09-13T16:50:03.0693449Z copying tests/test_dimension_inference_reference.py -> embedding_optimizer_study-0.1.0/tests
2026-09-13T16:50:03.0696319Z copying tests/test_dimension_intervention_io.py -> embedding_optimizer_study-0.1.0/tests
2026-09-13T16:50:03.1108751Z copying tests/test_dimension_interventions.py -> embedding_optimizer_study-0.1.0/tests
2026-09-13T16:50:03.1111497Z copying tests/test_dimension_probe_inputs.py -> embedding_optimizer_study-0.1.0/tests
2026-09-13T16:50:03.1113578Z copying tests/test_dimension_publication.py -> embedding_optimizer_study-0.1.0/tests
2026-09-13T16:50:03.1116615Z copying tests/test_dimension_release.py -> embedding_optimizer_study-0.1.0/tests
2026-09-13T16:50:03.1118938Z copying tests/test_dimension_replay.py -> embedding_optimizer_study-0.1.0/tests
2026-09-13T16:50:03.1137164Z copying tests/test_dimension_utilization.py -> embedding_optimizer_study-0.1.0/tests
2026-09-13T16:50:03.1139147Z copying tests/test_distribution.py -> embedding_optimizer_study-0.1.0/tests
2026-09-13T16:50:03.1141581Z copying tests/test_distribution_audit.py -> embedding_optimizer_study-0.1.0/tests
2026-09-13T16:50:03.1317047Z copying tests/test_dose_band_analysis.py -> embedding_optimizer_study-0.1.0/tests
2026-09-13T16:50:03.1319960Z copying tests/test_evaluate_matrix.py -> embedding_optimizer_study-0.1.0/tests
2026-09-13T16:50:03.1323398Z copying tests/test_evaluation_progress.py -> embedding_optimizer_study-0.1.0/tests
2026-09-13T16:50:03.1326982Z copying tests/test_evaluation_source_provenance.py -> embedding_optimizer_study-0.1.0/tests
2026-09-13T16:50:03.1479375Z copying tests/test_evaluation_supervisor.py -> embedding_optimizer_study-0.1.0/tests
2026-09-13T16:50:03.1482139Z copying tests/test_exact_bridge_measurements.py -> embedding_optimizer_study-0.1.0/tests
2026-09-13T16:50:03.1484107Z copying tests/test_factorial_resume_order.py -> embedding_optimizer_study-0.1.0/tests
2026-09-13T16:50:03.1486208Z copying tests/test_factorial_v3_batches.py -> embedding_optimizer_study-0.1.0/tests
2026-09-13T16:50:03.1488141Z copying tests/test_factorial_v3_calibration.py -> embedding_optimizer_study-0.1.0/tests
2026-09-13T16:50:03.1491033Z copying tests/test_factorial_v3_factory.py -> embedding_optimizer_study-0.1.0/tests
2026-09-13T16:50:03.1493222Z copying tests/test_factorial_v3_input_roles.py -> embedding_optimizer_study-0.1.0/tests
2026-09-13T16:50:03.1495436Z copying tests/test_factorial_v3_optimizer.py -> embedding_optimizer_study-0.1.0/tests
2026-09-13T16:50:03.1497590Z copying tests/test_factorial_v3_run_contract.py -> embedding_optimizer_study-0.1.0/tests
2026-09-13T16:50:03.1500351Z copying tests/test_factorial_v3_trainer.py -> embedding_optimizer_study-0.1.0/tests
2026-09-13T16:50:03.2028382Z copying tests/test_factorial_v3_worker.py -> embedding_optimizer_study-0.1.0/tests
2026-09-13T16:50:03.2030800Z copying tests/test_family_training_queue.py -> embedding_optimizer_study-0.1.0/tests
2026-09-13T16:50:03.2038859Z copying tests/test_functional_intervention.py -> embedding_optimizer_study-0.1.0/tests
2026-09-13T16:50:03.2065295Z copying tests/test_geometry.py -> embedding_optimizer_study-0.1.0/tests
2026-09-13T16:50:03.2067576Z copying tests/test_geometry_plot.py -> embedding_optimizer_study-0.1.0/tests
2026-09-13T16:50:03.2069444Z copying tests/test_geometry_robustness.py -> embedding_optimizer_study-0.1.0/tests
2026-09-13T16:50:03.2071748Z copying tests/test_geometry_summary.py -> embedding_optimizer_study-0.1.0/tests
2026-09-13T16:50:03.2316563Z copying tests/test_gpu_lease.py -> embedding_optimizer_study-0.1.0/tests
2026-09-13T16:50:03.2324921Z copying tests/test_gradient_probe.py -> embedding_optimizer_study-0.1.0/tests
2026-09-13T16:50:03.2327435Z copying tests/test_hf_obsolete_cleanup.py -> embedding_optimizer_study-0.1.0/tests
2026-09-13T16:50:03.2521106Z copying tests/test_hf_withdrawal_dependencies.py -> embedding_optimizer_study-0.1.0/tests
2026-09-13T16:50:03.2523751Z copying tests/test_hybrid_control.py -> embedding_optimizer_study-0.1.0/tests
2026-09-13T16:50:03.2525785Z copying tests/test_incremental_checkpoint_backup.py -> embedding_optimizer_study-0.1.0/tests
2026-09-13T16:50:03.2528004Z copying tests/test_live_publication_header_hotfix.py -> embedding_optimizer_study-0.1.0/tests
2026-09-13T16:50:03.2530373Z copying tests/test_local_global_reversal.py -> embedding_optimizer_study-0.1.0/tests
2026-09-13T16:50:03.2532471Z copying tests/test_losses.py -> embedding_optimizer_study-0.1.0/tests
2026-09-13T16:50:03.2729588Z copying tests/test_main_handoff_recovery_migration.py -> embedding_optimizer_study-0.1.0/tests
2026-09-13T16:50:03.2734346Z copying tests/test_main_handoff_repair.py -> embedding_optimizer_study-0.1.0/tests
2026-09-13T16:50:03.2736300Z copying tests/test_main_resume_repair.py -> embedding_optimizer_study-0.1.0/tests
2026-09-13T16:50:03.2739175Z copying tests/test_matrix.py -> embedding_optimizer_study-0.1.0/tests
2026-09-13T16:50:03.2741454Z copying tests/test_matrix_handoff_guard.py -> embedding_optimizer_study-0.1.0/tests
2026-09-13T16:50:03.2743666Z copying tests/test_mechanism_bridge.py -> embedding_optimizer_study-0.1.0/tests
2026-09-13T16:50:03.2745906Z copying tests/test_mechanism_report.py -> embedding_optimizer_study-0.1.0/tests
2026-09-13T16:50:03.2749049Z copying tests/test_normuon_full_model_reference_audit.py -> embedding_optimizer_study-0.1.0/tests
2026-09-13T16:50:03.2751175Z copying tests/test_normuon_reference_edge_audit.py -> embedding_optimizer_study-0.1.0/tests
2026-09-13T16:50:03.2752895Z copying tests/test_optimizer_state_devices.py -> embedding_optimizer_study-0.1.0/tests
2026-09-13T16:50:03.2754978Z copying tests/test_optimizers.py -> embedding_optimizer_study-0.1.0/tests
2026-09-13T16:50:03.2757268Z copying tests/test_outcome_report.py -> embedding_optimizer_study-0.1.0/tests
2026-09-13T16:50:03.2760383Z copying tests/test_packing_invariance.py -> embedding_optimizer_study-0.1.0/tests
2026-09-13T16:50:03.2762584Z copying tests/test_paper_audit.py -> embedding_optimizer_study-0.1.0/tests
2026-09-13T16:50:03.2767032Z copying tests/test_paper_layout.py -> embedding_optimizer_study-0.1.0/tests
2026-09-13T16:50:03.2769619Z copying tests/test_paper_only_surface.py -> embedding_optimizer_study-0.1.0/tests
2026-09-13T16:50:03.2771749Z copying tests/test_paper_reproduction.py -> embedding_optimizer_study-0.1.0/tests
2026-09-13T16:50:03.2773675Z copying tests/test_paper_results.py -> embedding_optimizer_study-0.1.0/tests
2026-09-13T16:50:03.2776417Z copying tests/test_post_eval_pipeline.py -> embedding_optimizer_study-0.1.0/tests
2026-09-13T16:50:03.2779045Z copying tests/test_primary_completion.py -> embedding_optimizer_study-0.1.0/tests
2026-09-13T16:50:03.2781404Z copying tests/test_primary_contract.py -> embedding_optimizer_study-0.1.0/tests
2026-09-13T16:50:03.2783835Z copying tests/test_primary_data_revision.py -> embedding_optimizer_study-0.1.0/tests
2026-09-13T16:50:03.2786464Z copying tests/test_primary_dimension_probe.py -> embedding_optimizer_study-0.1.0/tests
2026-09-13T16:50:03.2788319Z copying tests/test_primary_geometry_reductions.py -> embedding_optimizer_study-0.1.0/tests
2026-09-13T16:50:03.2790930Z copying tests/test_primary_v3_bridge.py -> embedding_optimizer_study-0.1.0/tests
2026-09-13T16:50:03.2793247Z copying tests/test_primary_v3_chain.py -> embedding_optimizer_study-0.1.0/tests
2026-09-13T16:50:03.2795502Z copying tests/test_primary_v3_dimension_inference.py -> embedding_optimizer_study-0.1.0/tests
2026-09-13T16:50:03.2797963Z copying tests/test_primary_v3_dimension_vectors.py -> embedding_optimizer_study-0.1.0/tests
2026-09-13T16:50:03.2800449Z copying tests/test_primary_v3_dimensions.py -> embedding_optimizer_study-0.1.0/tests
2026-09-13T16:50:03.2802503Z copying tests/test_primary_v3_exact_bridge.py -> embedding_optimizer_study-0.1.0/tests
2026-09-13T16:50:03.2804514Z copying tests/test_primary_v3_exact_geometry.py -> embedding_optimizer_study-0.1.0/tests
2026-09-13T16:50:03.2806843Z copying tests/test_primary_v3_exact_publication.py -> embedding_optimizer_study-0.1.0/tests
2026-09-13T16:50:03.2809181Z copying tests/test_primary_v3_exact_reconstruction.py -> embedding_optimizer_study-0.1.0/tests
2026-09-13T16:50:03.2811446Z copying tests/test_primary_v3_geometry.py -> embedding_optimizer_study-0.1.0/tests
2026-09-13T16:50:03.2813887Z copying tests/test_primary_v3_geometry_reconstruction.py -> embedding_optimizer_study-0.1.0/tests
2026-09-13T16:50:03.2815892Z copying tests/test_primary_v3_joint_reconstruction.py -> embedding_optimizer_study-0.1.0/tests
2026-09-13T16:50:03.2821832Z copying tests/test_primary_v3_manuscript.py -> embedding_optimizer_study-0.1.0/tests
2026-09-13T16:50:03.2824439Z copying tests/test_primary_v3_manuscript_build.py -> embedding_optimizer_study-0.1.0/tests
2026-09-13T16:50:03.2827141Z copying tests/test_primary_v3_outcome_reconstruction.py -> embedding_optimizer_study-0.1.0/tests
2026-09-13T16:50:03.2829371Z copying tests/test_primary_v3_outcomes.py -> embedding_optimizer_study-0.1.0/tests
2026-09-13T16:50:03.2831746Z copying tests/test_primary_v3_paper_layout.py -> embedding_optimizer_study-0.1.0/tests
2026-09-13T16:50:03.2833801Z copying tests/test_primary_v3_publication.py -> embedding_optimizer_study-0.1.0/tests
2026-09-13T16:50:03.2836321Z copying tests/test_primary_v3_publication_reconstruction.py -> embedding_optimizer_study-0.1.0/tests
2026-09-13T16:50:03.2838392Z copying tests/test_primary_v3_reconstruction_sources.py -> embedding_optimizer_study-0.1.0/tests
2026-09-13T16:50:03.2840759Z copying tests/test_primary_v3_training_observations.py -> embedding_optimizer_study-0.1.0/tests
2026-09-13T16:50:03.2842950Z copying tests/test_primary_v3_validation.py -> embedding_optimizer_study-0.1.0/tests
2026-09-13T16:50:03.2845352Z copying tests/test_primary_v3_vector_reconstruction.py -> embedding_optimizer_study-0.1.0/tests
2026-09-13T16:50:03.2847693Z copying tests/test_primary_weight_entries.py -> embedding_optimizer_study-0.1.0/tests
2026-09-13T16:50:03.2850448Z copying tests/test_probe_export.py -> embedding_optimizer_study-0.1.0/tests
2026-09-13T16:50:03.2852601Z copying tests/test_probe_matrix.py -> embedding_optimizer_study-0.1.0/tests
2026-09-13T16:50:03.2854370Z copying tests/test_probes.py -> embedding_optimizer_study-0.1.0/tests
2026-09-13T16:50:03.2863878Z copying tests/test_reconstruction_files.py -> embedding_optimizer_study-0.1.0/tests
2026-09-13T16:50:03.2874373Z copying tests/test_repository_hygiene.py -> embedding_optimizer_study-0.1.0/tests
2026-09-13T16:50:03.2876898Z copying tests/test_representation_geometry.py -> embedding_optimizer_study-0.1.0/tests
2026-09-13T16:50:03.2955606Z copying tests/test_representation_plot.py -> embedding_optimizer_study-0.1.0/tests
2026-09-13T16:50:03.2959050Z copying tests/test_representation_summary.py -> embedding_optimizer_study-0.1.0/tests
2026-09-13T16:50:03.2960936Z copying tests/test_restore_entry.py -> embedding_optimizer_study-0.1.0/tests
2026-09-13T16:50:03.2963282Z copying tests/test_restore_gate.py -> embedding_optimizer_study-0.1.0/tests
2026-09-13T16:50:03.2965268Z copying tests/test_restore_paired.py -> embedding_optimizer_study-0.1.0/tests
2026-09-13T16:50:03.2967049Z copying tests/test_restore_primary_v3.py -> embedding_optimizer_study-0.1.0/tests
2026-09-13T16:50:03.2969214Z copying tests/test_restore_step_devices.py -> embedding_optimizer_study-0.1.0/tests
2026-09-13T16:50:03.2971433Z copying tests/test_restore_trace.py -> embedding_optimizer_study-0.1.0/tests
2026-09-13T16:50:03.2973583Z copying tests/test_retrieval_dynamics.py -> embedding_optimizer_study-0.1.0/tests
2026-09-13T16:50:03.2975868Z copying tests/test_runtime.py -> embedding_optimizer_study-0.1.0/tests
2026-09-13T16:50:03.2977622Z copying tests/test_saved_factorial_checkpoint.py -> embedding_optimizer_study-0.1.0/tests
2026-09-13T16:50:03.2979717Z copying tests/test_scope.py -> embedding_optimizer_study-0.1.0/tests
2026-09-13T16:50:03.2981993Z copying tests/test_sealed_checkpoint_supervisor.py -> embedding_optimizer_study-0.1.0/tests
2026-09-13T16:50:03.2984361Z copying tests/test_short_branch.py -> embedding_optimizer_study-0.1.0/tests
2026-09-13T16:50:03.2986351Z copying tests/test_short_branch_evaluation.py -> embedding_optimizer_study-0.1.0/tests
2026-09-13T16:50:03.2988675Z copying tests/test_short_branch_summary.py -> embedding_optimizer_study-0.1.0/tests
2026-09-13T16:50:03.2991010Z copying tests/test_source_roles.py -> embedding_optimizer_study-0.1.0/tests
2026-09-13T16:50:03.2993963Z copying tests/test_specialized_evaluation_entrypoints.py -> embedding_optimizer_study-0.1.0/tests
2026-09-13T16:50:03.2996165Z copying tests/test_spectral_transplant.py -> embedding_optimizer_study-0.1.0/tests
2026-09-13T16:50:03.2998460Z copying tests/test_state_operator_claim_wording.py -> embedding_optimizer_study-0.1.0/tests
2026-09-13T16:50:03.3001009Z copying tests/test_state_operator_factorial.py -> embedding_optimizer_study-0.1.0/tests
2026-09-13T16:50:03.3017287Z copying tests/test_state_operator_factorial_completion.py -> embedding_optimizer_study-0.1.0/tests
2026-09-13T16:50:03.3019634Z copying tests/test_state_operator_factorial_protocol.py -> embedding_optimizer_study-0.1.0/tests
2026-09-13T16:50:03.3021814Z copying tests/test_successor_parent_publication.py -> embedding_optimizer_study-0.1.0/tests
2026-09-13T16:50:03.3024807Z copying tests/test_supervisor.py -> embedding_optimizer_study-0.1.0/tests
2026-09-13T16:50:03.3027145Z copying tests/test_supplemental_training_audit.py -> embedding_optimizer_study-0.1.0/tests
2026-09-13T16:50:03.3029409Z copying tests/test_tail_stability.py -> embedding_optimizer_study-0.1.0/tests
2026-09-13T16:50:03.3031510Z copying tests/test_temporal_short_branch.py -> embedding_optimizer_study-0.1.0/tests
2026-09-13T16:50:03.3033788Z copying tests/test_temporal_short_branch_predictors.py -> embedding_optimizer_study-0.1.0/tests
2026-09-13T16:50:03.3035988Z copying tests/test_three_regime_diagnostic.py -> embedding_optimizer_study-0.1.0/tests
2026-09-13T16:50:03.3038236Z copying tests/test_train.py -> embedding_optimizer_study-0.1.0/tests
2026-09-13T16:50:03.3040691Z copying tests/test_training_artifact_backup.py -> embedding_optimizer_study-0.1.0/tests
2026-09-13T16:50:03.3042996Z copying tests/test_training_dynamics.py -> embedding_optimizer_study-0.1.0/tests
2026-09-13T16:50:03.3044936Z copying tests/test_training_dynamics_plot.py -> embedding_optimizer_study-0.1.0/tests
2026-09-13T16:50:03.3046796Z copying tests/test_update_geometry.py -> embedding_optimizer_study-0.1.0/tests
2026-09-13T16:50:03.3048802Z copying tests/test_validation_data.py -> embedding_optimizer_study-0.1.0/tests
2026-09-13T16:50:03.3050664Z copying tests/test_validation_pipeline.py -> embedding_optimizer_study-0.1.0/tests
2026-09-13T16:50:03.3052941Z copying tests/test_wandb_dense_provenance_audit.py -> embedding_optimizer_study-0.1.0/tests
2026-09-13T16:50:03.3055118Z copying tests/test_wandb_sync.py -> embedding_optimizer_study-0.1.0/tests
2026-09-13T16:50:03.3057864Z copying tests/test_weight_artifact_backup.py -> embedding_optimizer_study-0.1.0/tests
2026-09-13T16:50:03.3069994Z Writing embedding_optimizer_study-0.1.0/setup.cfg
2026-09-13T16:50:03.3071720Z Creating tar archive
2026-09-13T16:50:03.9352076Z removing 'embedding_optimizer_study-0.1.0' (and everything under it)
2026-09-13T16:50:04.0652630Z Building wheel from source distribution...
2026-09-13T16:50:04.3297322Z running egg_info
2026-09-13T16:50:04.3304163Z writing src/embedding_optimizer_study.egg-info/PKG-INFO
2026-09-13T16:50:04.3313080Z writing dependency_links to src/embedding_optimizer_study.egg-info/dependency_links.txt
2026-09-13T16:50:04.3319337Z writing entry points to src/embedding_optimizer_study.egg-info/entry_points.txt
2026-09-13T16:50:04.3324252Z writing requirements to src/embedding_optimizer_study.egg-info/requires.txt
2026-09-13T16:50:04.3325053Z writing top-level names to src/embedding_optimizer_study.egg-info/top_level.txt
2026-09-13T16:50:04.3399612Z reading manifest file 'src/embedding_optimizer_study.egg-info/SOURCES.txt'
2026-09-13T16:50:04.3437934Z reading manifest template 'MANIFEST.in'
2026-09-13T16:50:04.3438419Z adding license file 'LICENSE'
2026-09-13T16:50:04.3480059Z writing manifest file 'src/embedding_optimizer_study.egg-info/SOURCES.txt'
2026-09-13T16:50:04.4573973Z running bdist_wheel
2026-09-13T16:50:04.4598640Z running build
2026-09-13T16:50:04.4598826Z running build_py
2026-09-13T16:50:04.4606607Z creating build/lib/embed_optim_restore
2026-09-13T16:50:04.4608280Z copying src/embed_optim_restore/reference.py -> build/lib/embed_optim_restore
2026-09-13T16:50:04.4609857Z copying src/embed_optim_restore/step_devices.py -> build/lib/embed_optim_restore
2026-09-13T16:50:04.4610879Z copying src/embed_optim_restore/__init__.py -> build/lib/embed_optim_restore
2026-09-13T16:50:04.4611895Z copying src/embed_optim_restore/entry.py -> build/lib/embed_optim_restore
2026-09-13T16:50:04.4613186Z copying src/embed_optim_restore/trace.py -> build/lib/embed_optim_restore
2026-09-13T16:50:04.4614296Z copying src/embed_optim_restore/paired.py -> build/lib/embed_optim_restore
2026-09-13T16:50:04.4615010Z copying src/embed_optim_restore/__main__.py -> build/lib/embed_optim_restore
2026-09-13T16:50:04.4616139Z copying src/embed_optim_restore/gate.py -> build/lib/embed_optim_restore
2026-09-13T16:50:04.4616883Z copying src/embed_optim_restore/equality.py -> build/lib/embed_optim_restore
2026-09-13T16:50:04.4625926Z creating build/lib/embed_optim
2026-09-13T16:50:04.4626759Z copying src/embed_optim/dense_retrieval_dynamics_publication.py -> build/lib/embed_optim
2026-09-13T16:50:04.4628350Z copying src/embed_optim/primary_v3_publication_bridge.py -> build/lib/embed_optim
2026-09-13T16:50:04.4629344Z copying src/embed_optim/primary_v3_exact_geometry_io.py -> build/lib/embed_optim
2026-09-13T16:50:04.4630592Z copying src/embed_optim/dense_eval_handoff.py -> build/lib/embed_optim
2026-09-13T16:50:04.4632118Z copying src/embed_optim/primary_v3_publication.py -> build/lib/embed_optim
2026-09-13T16:50:04.4633006Z copying src/embed_optim/dimension_inference.py -> build/lib/embed_optim
2026-09-13T16:50:04.4634080Z copying src/embed_optim/gradient_probe.py -> build/lib/embed_optim
2026-09-13T16:50:04.4635164Z copying src/embed_optim/pylate_compat.py -> build/lib/embed_optim
2026-09-13T16:50:04.4636120Z copying src/embed_optim/dimension_inference_render.py -> build/lib/embed_optim
2026-09-13T16:50:04.4637065Z copying src/embed_optim/corrected_outcome_summary.py -> build/lib/embed_optim
2026-09-13T16:50:04.4638056Z copying src/embed_optim/functional_intervention.py -> build/lib/embed_optim
2026-09-13T16:50:04.4639272Z copying src/embed_optim/dimension_archive.py -> build/lib/embed_optim
2026-09-13T16:50:04.4640252Z copying src/embed_optim/primary_v3_completion.py -> build/lib/embed_optim
2026-09-13T16:50:04.4641246Z copying src/embed_optim/dimension_replay.py -> build/lib/embed_optim
2026-09-13T16:50:04.4642340Z copying src/embed_optim/common_state_summary.py -> build/lib/embed_optim
2026-09-13T16:50:04.4643572Z copying src/embed_optim/functional_intervention_matrix.py -> build/lib/embed_optim
2026-09-13T16:50:04.4644565Z copying src/embed_optim/short_branch_summary.py -> build/lib/embed_optim
2026-09-13T16:50:04.4645684Z copying src/embed_optim/primary_v3_exact_geometry.py -> build/lib/embed_optim
2026-09-13T16:50:04.4646688Z copying src/embed_optim/temporal_short_branch.py -> build/lib/embed_optim
2026-09-13T16:50:04.4647807Z copying src/embed_optim/primary_v3_publication_tables.py -> build/lib/embed_optim
2026-09-13T16:50:04.4648701Z copying src/embed_optim/distribution_audit.py -> build/lib/embed_optim
2026-09-13T16:50:04.4649848Z copying src/embed_optim/train.py -> build/lib/embed_optim
2026-09-13T16:50:04.4651487Z copying src/embed_optim/validation_evaluation.py -> build/lib/embed_optim
2026-09-13T16:50:04.4652271Z copying src/embed_optim/evaluation_source_provenance.py -> build/lib/embed_optim
2026-09-13T16:50:04.4653322Z copying src/embed_optim/validation_summary.py -> build/lib/embed_optim
2026-09-13T16:50:04.4654298Z copying src/embed_optim/factorial_v3_worker.py -> build/lib/embed_optim
2026-09-13T16:50:04.4655399Z copying src/embed_optim/spectral_transplant_matrix.py -> build/lib/embed_optim
2026-09-13T16:50:04.4656419Z copying src/embed_optim/primary_v3_validation.py -> build/lib/embed_optim
2026-09-13T16:50:04.4657470Z copying src/embed_optim/primary_v3_geometry_reconstruction.py -> build/lib/embed_optim
2026-09-13T16:50:04.4658407Z copying src/embed_optim/wandb_dense_provenance_audit.py -> build/lib/embed_optim
2026-09-13T16:50:04.4659477Z copying src/embed_optim/dose_band_analysis.py -> build/lib/embed_optim
2026-09-13T16:50:04.4661037Z copying src/embed_optim/complete_paper_document.py -> build/lib/embed_optim
2026-09-13T16:50:04.4661966Z copying src/embed_optim/validation_data.py -> build/lib/embed_optim
2026-09-13T16:50:04.4663138Z copying src/embed_optim/primary_v3_exact_publication_render.py -> build/lib/embed_optim
2026-09-13T16:50:04.4664077Z copying src/embed_optim/primary_v3_exact_publication.py -> build/lib/embed_optim
2026-09-13T16:50:04.4665060Z copying src/embed_optim/state_operator_factorial_backup.py -> build/lib/embed_optim
2026-09-13T16:50:04.4665992Z copying src/embed_optim/primary_v3_exact_bridge.py -> build/lib/embed_optim
2026-09-13T16:50:04.4666966Z copying src/embed_optim/dense_run_contract.py -> build/lib/embed_optim
2026-09-13T16:50:04.4667937Z copying src/embed_optim/short_branch.py -> build/lib/embed_optim
2026-09-13T16:50:04.4669111Z copying src/embed_optim/short_branch_evaluation.py -> build/lib/embed_optim
2026-09-13T16:50:04.4671344Z copying src/embed_optim/__init__.py -> build/lib/embed_optim
2026-09-13T16:50:04.4672131Z copying src/embed_optim/local_global_reversal.py -> build/lib/embed_optim
2026-09-13T16:50:04.4673442Z copying src/embed_optim/optimizer_state_devices.py -> build/lib/embed_optim
2026-09-13T16:50:04.4674386Z copying src/embed_optim/evaluation_supervisor.py -> build/lib/embed_optim
2026-09-13T16:50:04.4675480Z copying src/embed_optim/primary_v3_reconstruction_authoring.py -> build/lib/embed_optim
2026-09-13T16:50:04.4676414Z copying src/embed_optim/common_state_spectra.py -> build/lib/embed_optim
2026-09-13T16:50:04.4677665Z copying src/embed_optim/paper_audit.py -> build/lib/embed_optim
2026-09-13T16:50:04.4679476Z copying src/embed_optim/primary_v3_publication_contract.py -> build/lib/embed_optim
2026-09-13T16:50:04.4680423Z copying src/embed_optim/data.py -> build/lib/embed_optim
2026-09-13T16:50:04.4681718Z copying src/embed_optim/training_dynamics_plot.py -> build/lib/embed_optim
2026-09-13T16:50:04.4682916Z copying src/embed_optim/primary_v3_outcome_reconstruction.py -> build/lib/embed_optim
2026-09-13T16:50:04.4683709Z copying src/embed_optim/config.py -> build/lib/embed_optim
2026-09-13T16:50:04.4684771Z copying src/embed_optim/dimension_publication.py -> build/lib/embed_optim
2026-09-13T16:50:04.4685997Z copying src/embed_optim/matrix.py -> build/lib/embed_optim
2026-09-13T16:50:04.4686952Z copying src/embed_optim/runtime.py -> build/lib/embed_optim
2026-09-13T16:50:04.4687956Z copying src/embed_optim/primary_v3_io.py -> build/lib/embed_optim
2026-09-13T16:50:04.4688990Z copying src/embed_optim/supervisor.py -> build/lib/embed_optim
2026-09-13T16:50:04.4690140Z copying src/embed_optim/hybrid_evaluation.py -> build/lib/embed_optim
2026-09-13T16:50:04.4691142Z copying src/embed_optim/primary_v3_manuscript.py -> build/lib/embed_optim
2026-09-13T16:50:04.4692222Z copying src/embed_optim/dense_no_packing_preflight.py -> build/lib/embed_optim
2026-09-13T16:50:04.4693197Z copying src/embed_optim/exact_bridge_measurements.py -> build/lib/embed_optim
2026-09-13T16:50:04.4694222Z copying src/embed_optim/validation_matrix.py -> build/lib/embed_optim
2026-09-13T16:50:04.4695265Z copying src/embed_optim/primary_v3_joint_reconstruction.py -> build/lib/embed_optim
2026-09-13T16:50:04.4696240Z copying src/embed_optim/matrix_handoff_guard.py -> build/lib/embed_optim
2026-09-13T16:50:04.4697183Z copying src/embed_optim/callbacks.py -> build/lib/embed_optim
2026-09-13T16:50:04.4698215Z copying src/embed_optim/factorial_v3_batches.py -> build/lib/embed_optim
2026-09-13T16:50:04.4699129Z copying src/embed_optim/training_dynamics.py -> build/lib/embed_optim
2026-09-13T16:50:04.4700262Z copying src/embed_optim/retrieval_dynamics.py -> build/lib/embed_optim
2026-09-13T16:50:04.4701590Z copying src/embed_optim/basis_sensitivity.py -> build/lib/embed_optim
2026-09-13T16:50:04.4702868Z copying src/embed_optim/checkpoint_watch.py -> build/lib/embed_optim
2026-09-13T16:50:04.4703833Z copying src/embed_optim/scope.py -> build/lib/embed_optim
2026-09-13T16:50:04.4704867Z copying src/embed_optim/primary_completion.py -> build/lib/embed_optim
2026-09-13T16:50:04.4705980Z copying src/embed_optim/primary_v3_paper_layout.py -> build/lib/embed_optim
2026-09-13T16:50:04.4706904Z copying src/embed_optim/causal_chain_reporting.py -> build/lib/embed_optim
2026-09-13T16:50:04.4708406Z copying src/embed_optim/representation_plot.py -> build/lib/embed_optim
2026-09-13T16:50:04.4709423Z copying src/embed_optim/candidate_breadth_data.py -> build/lib/embed_optim
2026-09-13T16:50:04.4710943Z copying src/embed_optim/factorial_v3_calibration.py -> build/lib/embed_optim
2026-09-13T16:50:04.4711895Z copying src/embed_optim/factorial_v3_optimizer.py -> build/lib/embed_optim
2026-09-13T16:50:04.4712990Z copying src/embed_optim/state_operator_factorial_training.py -> build/lib/embed_optim
2026-09-13T16:50:04.4714038Z copying src/embed_optim/corrected_checkpoint_backup.py -> build/lib/embed_optim
2026-09-13T16:50:04.4715045Z copying src/embed_optim/update_geometry.py -> build/lib/embed_optim
2026-09-13T16:50:04.4716227Z copying src/embed_optim/primary_v3_dimension_vector_io.py -> build/lib/embed_optim
2026-09-13T16:50:04.4717171Z copying src/embed_optim/wandb_sync.py -> build/lib/embed_optim
2026-09-13T16:50:04.4718325Z copying src/embed_optim/supplemental_training_audit.py -> build/lib/embed_optim
2026-09-13T16:50:04.4719352Z copying src/embed_optim/state_operator_factorial_evaluation.py -> build/lib/embed_optim
2026-09-13T16:50:04.4720463Z copying src/embed_optim/factorial_v3_checkpoint.py -> build/lib/embed_optim
2026-09-13T16:50:04.4721508Z copying src/embed_optim/primary_v3_publication_reconstruction.py -> build/lib/embed_optim
2026-09-13T16:50:04.4722492Z copying src/embed_optim/primary_v3_dimension_exports.py -> build/lib/embed_optim
2026-09-13T16:50:04.4723499Z copying src/embed_optim/spectral_transplant_summary.py -> build/lib/embed_optim
2026-09-13T16:50:04.4724570Z copying src/embed_optim/dimension_interventions.py -> build/lib/embed_optim
2026-09-13T16:50:04.4725673Z copying src/embed_optim/paper_reproduction.py -> build/lib/embed_optim
2026-09-13T16:50:04.4726596Z copying src/embed_optim/primary_v3_geometry_io.py -> build/lib/embed_optim
2026-09-13T16:50:04.4727625Z copying src/embed_optim/primary_v3_validation_io.py -> build/lib/embed_optim
2026-09-13T16:50:04.4728639Z copying src/embed_optim/primary_v3_outcome_primitives.py -> build/lib/embed_optim
2026-09-13T16:50:04.4729793Z copying src/embed_optim/primary_v3_publication_archive.py -> build/lib/embed_optim
2026-09-13T16:50:04.4730825Z copying src/embed_optim/completion_backup_contract_migration.py -> build/lib/embed_optim
2026-09-13T16:50:04.4731763Z copying src/embed_optim/confirmatory_data.py -> build/lib/embed_optim
2026-09-13T16:50:04.4733262Z copying src/embed_optim/mechanism_bridge.py -> build/lib/embed_optim
2026-09-13T16:50:04.4734312Z copying src/embed_optim/candidate_breadth_matrix.py -> build/lib/embed_optim
2026-09-13T16:50:04.4735398Z copying src/embed_optim/dense_retrieval_dynamics_evaluation.py -> build/lib/embed_optim
2026-09-13T16:50:04.4736479Z copying src/embed_optim/primary_v3_contract.py -> build/lib/embed_optim
2026-09-13T16:50:04.4737504Z copying src/embed_optim/corrected_geometry_matrix.py -> build/lib/embed_optim
2026-09-13T16:50:04.4738514Z copying src/embed_optim/saved_factorial_checkpoint.py -> build/lib/embed_optim
2026-09-13T16:50:04.4739659Z copying src/embed_optim/primary_v3_reconstruction_inputs.py -> build/lib/embed_optim
2026-09-13T16:50:04.4740644Z copying src/embed_optim/primary_v3_training.py -> build/lib/embed_optim
2026-09-13T16:50:04.4741664Z copying src/embed_optim/mechanism_report.py -> build/lib/embed_optim
2026-09-13T16:50:04.4743162Z copying src/embed_optim/primary_geometry_reductions.py -> build/lib/embed_optim
2026-09-13T16:50:04.4744013Z copying src/embed_optim/primary_v3_outcomes.py -> build/lib/embed_optim
2026-09-13T16:50:04.4745301Z copying src/embed_optim/beir_probe.py -> build/lib/embed_optim
2026-09-13T16:50:04.4746366Z copying src/embed_optim/primary_v3_dimension_inference.py -> build/lib/embed_optim
2026-09-13T16:50:04.4747413Z copying src/embed_optim/state_operator_factorial_probe.py -> build/lib/embed_optim
2026-09-13T16:50:04.4748509Z copying src/embed_optim/outcome_report.py -> build/lib/embed_optim
2026-09-13T16:50:04.4749851Z copying src/embed_optim/gpu_lease.py -> build/lib/embed_optim
2026-09-13T16:50:04.4751063Z copying src/embed_optim/artifact_inventory.py -> build/lib/embed_optim
2026-09-13T16:50:04.4751985Z copying src/embed_optim/collators.py -> build/lib/embed_optim
2026-09-13T16:50:04.4752987Z copying src/embed_optim/primary_weight_entries.py -> build/lib/embed_optim
2026-09-13T16:50:04.4754041Z copying src/embed_optim/geometry_plot.py -> build/lib/embed_optim
2026-09-13T16:50:04.4755166Z copying src/embed_optim/primary_exact_geometry_kernels.py -> build/lib/embed_optim
2026-09-13T16:50:04.4756171Z copying src/embed_optim/paper_results.py -> build/lib/embed_optim
2026-09-13T16:50:04.4757722Z copying src/embed_optim/primary_v3_exact_geometry_primitives.py -> build/lib/embed_optim
2026-09-13T16:50:04.4759475Z copying src/embed_optim/dimension_intervention_io.py -> build/lib/embed_optim
2026-09-13T16:50:04.4760478Z copying src/embed_optim/primary_v3_dimension_contract.py -> build/lib/embed_optim
2026-09-13T16:50:04.4761538Z copying src/embed_optim/causal_chain_rendering.py -> build/lib/embed_optim
2026-09-13T16:50:04.4762715Z copying src/embed_optim/primary_dimension_probe.py -> build/lib/embed_optim
2026-09-13T16:50:04.4763744Z copying src/embed_optim/evaluate_matrix.py -> build/lib/embed_optim
2026-09-13T16:50:04.4764862Z copying src/embed_optim/factorial_v3_inputs.py -> build/lib/embed_optim
2026-09-13T16:50:04.4765889Z copying src/embed_optim/dimension_utilization.py -> build/lib/embed_optim
2026-09-13T16:50:04.4767000Z copying src/embed_optim/candidate_breadth_release.py -> build/lib/embed_optim
2026-09-13T16:50:04.4768068Z copying src/embed_optim/probe_matrix.py -> build/lib/embed_optim
2026-09-13T16:50:04.4769233Z copying src/embed_optim/state_operator_factorial_summary.py -> build/lib/embed_optim
2026-09-13T16:50:04.4770598Z copying src/embed_optim/family_training_queue.py -> build/lib/embed_optim
2026-09-13T16:50:04.4771555Z copying src/embed_optim/dense_numerical_contract.py -> build/lib/embed_optim
2026-09-13T16:50:04.4772547Z copying src/embed_optim/packing_invariance.py -> build/lib/embed_optim
2026-09-13T16:50:04.4773595Z copying src/embed_optim/primary_v3_geometry_primitives.py -> build/lib/embed_optim
2026-09-13T16:50:04.4774611Z copying src/embed_optim/evaluation_source_archive.py -> build/lib/embed_optim
2026-09-13T16:50:04.4776142Z copying src/embed_optim/completion_contract_migration.py -> build/lib/embed_optim
2026-09-13T16:50:04.4777037Z copying src/embed_optim/primary_v3_vector_reconstruction.py -> build/lib/embed_optim
2026-09-13T16:50:04.4778148Z copying src/embed_optim/common_state_spectrum_plot.py -> build/lib/embed_optim
2026-09-13T16:50:04.4779173Z copying src/embed_optim/geometry_robustness.py -> build/lib/embed_optim
2026-09-13T16:50:04.4780255Z copying src/embed_optim/geometry_summary.py -> build/lib/embed_optim
2026-09-13T16:50:04.4781377Z copying src/embed_optim/evaluation_progress.py -> build/lib/embed_optim
2026-09-13T16:50:04.4782436Z copying src/embed_optim/reconstruction_files.py -> build/lib/embed_optim
2026-09-13T16:50:04.4783459Z copying src/embed_optim/candidate_breadth_evaluation.py -> build/lib/embed_optim
2026-09-13T16:50:04.4784570Z copying src/embed_optim/primary_v3_exact_reconstruction_archive.py -> build/lib/embed_optim
2026-09-13T16:50:04.4785505Z copying src/embed_optim/primary_data_revision.py -> build/lib/embed_optim
2026-09-13T16:50:04.4786572Z copying src/embed_optim/corrected_geometry_summary.py -> build/lib/embed_optim
2026-09-13T16:50:04.4787642Z copying src/embed_optim/losses.py -> build/lib/embed_optim
2026-09-13T16:50:04.4788693Z copying src/embed_optim/state_operator_factorial_publication.py -> build/lib/embed_optim
2026-09-13T16:50:04.4789806Z copying src/embed_optim/factorial_v3_run_contract.py -> build/lib/embed_optim
2026-09-13T16:50:04.4791024Z copying src/embed_optim/primary_v3_exact_reconstruction.py -> build/lib/embed_optim
2026-09-13T16:50:04.4792025Z copying src/embed_optim/hybrid_control.py -> build/lib/embed_optim
2026-09-13T16:50:04.4793170Z copying src/embed_optim/state_operator_factorial_completion.py -> build/lib/embed_optim
2026-09-13T16:50:04.4794276Z copying src/embed_optim/post_eval_pipeline.py -> build/lib/embed_optim
2026-09-13T16:50:04.4795422Z copying src/embed_optim/spectral_transplant.py -> build/lib/embed_optim
2026-09-13T16:50:04.4796585Z copying src/embed_optim/corrected_completion_pipeline.py -> build/lib/embed_optim
2026-09-13T16:50:04.4797624Z copying src/embed_optim/corrected_wandb_audit.py -> build/lib/embed_optim
2026-09-13T16:50:04.4798648Z copying src/embed_optim/dense_completion_pipeline.py -> build/lib/embed_optim
2026-09-13T16:50:04.4799815Z copying src/embed_optim/primary_geometry_kernels.py -> build/lib/embed_optim
2026-09-13T16:50:04.4800929Z copying src/embed_optim/candidate_breadth_summary.py -> build/lib/embed_optim
2026-09-13T16:50:04.4802042Z copying src/embed_optim/primary_io.py -> build/lib/embed_optim
2026-09-13T16:50:04.4803104Z copying src/embed_optim/candidate_breadth_publication.py -> build/lib/embed_optim
2026-09-13T16:50:04.4804197Z copying src/embed_optim/decontamination.py -> build/lib/embed_optim
2026-09-13T16:50:04.4805262Z copying src/embed_optim/dense_finalization_pipeline.py -> build/lib/embed_optim
2026-09-13T16:50:04.4806357Z copying src/embed_optim/dimension_release.py -> build/lib/embed_optim
2026-09-13T16:50:04.4807339Z copying src/embed_optim/tail_stability.py -> build/lib/embed_optim
2026-09-13T16:50:04.4808882Z copying src/embed_optim/corrected_execution_sensitivity.py -> build/lib/embed_optim
2026-09-13T16:50:04.4809901Z copying src/embed_optim/primary_v3_geometry.py -> build/lib/embed_optim
2026-09-13T16:50:04.4811193Z copying src/embed_optim/corrected_progress.py -> build/lib/embed_optim
2026-09-13T16:50:04.4812125Z copying src/embed_optim/probes.py -> build/lib/embed_optim
2026-09-13T16:50:04.4813467Z copying src/embed_optim/sealed_checkpoint_supervisor.py -> build/lib/embed_optim
2026-09-13T16:50:04.4814448Z copying src/embed_optim/factorial_v3_bound_trainer.py -> build/lib/embed_optim
2026-09-13T16:50:04.4815539Z copying src/embed_optim/common_state_matrix.py -> build/lib/embed_optim
2026-09-13T16:50:04.4816657Z copying src/embed_optim/primary_v3_dimensions.py -> build/lib/embed_optim
2026-09-13T16:50:04.4817690Z copying src/embed_optim/representation_geometry.py -> build/lib/embed_optim
2026-09-13T16:50:04.4818861Z copying src/embed_optim/representation_summary.py -> build/lib/embed_optim
2026-09-13T16:50:04.4820182Z copying src/embed_optim/primary_v3_manuscript_build.py -> build/lib/embed_optim
2026-09-13T16:50:04.4821202Z copying src/embed_optim/bridge_named_features.py -> build/lib/embed_optim
2026-09-13T16:50:04.4822303Z copying src/embed_optim/corrected_beir_evaluation.py -> build/lib/embed_optim
2026-09-13T16:50:04.4823959Z copying src/embed_optim/corrected_validation_evaluation.py -> build/lib/embed_optim
2026-09-13T16:50:04.4824779Z copying src/embed_optim/factorial_v3_trainer.py -> build/lib/embed_optim
2026-09-13T16:50:04.4825838Z copying src/embed_optim/bridge_exact_arithmetic.py -> build/lib/embed_optim
2026-09-13T16:50:04.4826827Z copying src/embed_optim/corrected_input_execution.py -> build/lib/embed_optim
2026-09-13T16:50:04.4827738Z copying src/embed_optim/corrected_publication.py -> build/lib/embed_optim
2026-09-13T16:50:04.4828930Z copying src/embed_optim/confirmatory_matrix.py -> build/lib/embed_optim
2026-09-13T16:50:04.4830068Z copying src/embed_optim/geometry.py -> build/lib/embed_optim
2026-09-13T16:50:04.4831209Z copying src/embed_optim/bridge_numerics.py -> build/lib/embed_optim
2026-09-13T16:50:04.4832229Z copying src/embed_optim/corrected_retrieval_bridge.py -> build/lib/embed_optim
2026-09-13T16:50:04.4833302Z copying src/embed_optim/confirmatory_summary.py -> build/lib/embed_optim
2026-09-13T16:50:04.4834337Z copying src/embed_optim/factorial_v3_factory.py -> build/lib/embed_optim
2026-09-13T16:50:04.4835419Z copying src/embed_optim/primary_v3_publication_render.py -> build/lib/embed_optim
2026-09-13T16:50:04.4836359Z copying src/embed_optim/state_operator_factorial.py -> build/lib/embed_optim
2026-09-13T16:50:04.4837649Z copying src/embed_optim/three_regime_diagnostic.py -> build/lib/embed_optim
2026-09-13T16:50:04.4838606Z copying src/embed_optim/paper_layout.py -> build/lib/embed_optim
2026-09-13T16:50:04.4839769Z copying src/embed_optim/corpus_size_diagnostic.py -> build/lib/embed_optim
2026-09-13T16:50:04.4840910Z copying src/embed_optim/state_operator_factorial_contract.py -> build/lib/embed_optim
2026-09-13T16:50:04.4841875Z copying src/embed_optim/primary_contract.py -> build/lib/embed_optim
2026-09-13T16:50:04.4842947Z copying src/embed_optim/temporal_short_branch_predictors.py -> build/lib/embed_optim
2026-09-13T16:50:04.4843985Z copying src/embed_optim/primary_v3_bridge.py -> build/lib/embed_optim
2026-09-13T16:50:04.4845037Z copying src/embed_optim/primary_v3_reconstruction_sources.py -> build/lib/embed_optim
2026-09-13T16:50:04.4845952Z copying src/embed_optim/optimizers.py -> build/lib/embed_optim
2026-09-13T16:50:04.4847046Z copying src/embed_optim/incremental_checkpoint_backup.py -> build/lib/embed_optim
2026-09-13T16:50:04.4848071Z copying src/embed_optim/dense_retrieval_dynamics_summary.py -> build/lib/embed_optim
2026-09-13T16:50:04.4849113Z copying src/embed_optim/probe_export.py -> build/lib/embed_optim
2026-09-13T16:50:04.4850388Z copying src/embed_optim/confirmatory_evaluation.py -> build/lib/embed_optim
2026-09-13T16:50:04.4851376Z copying src/embed_optim/aggregate.py -> build/lib/embed_optim
2026-09-13T16:50:04.4853257Z copying src/embed_optim/functional_intervention_summary.py -> build/lib/embed_optim
2026-09-13T16:50:04.4854006Z copying src/embed_optim/evaluation_utils.py -> build/lib/embed_optim
2026-09-13T16:50:04.4855181Z copying src/embed_optim/primary_v3_exact_publication_contract.py -> build/lib/embed_optim
2026-09-13T16:50:04.4856231Z copying src/embed_optim/primary_training.py -> build/lib/embed_optim
2026-09-13T16:50:04.4857206Z copying src/embed_optim/corrected_validation_matrix.py -> build/lib/embed_optim
2026-09-13T16:50:04.4858180Z copying src/embed_optim/current_paper.py -> build/lib/embed_optim
2026-09-13T16:50:04.4860017Z running egg_info
2026-09-13T16:50:04.4866552Z writing src/embedding_optimizer_study.egg-info/PKG-INFO
2026-09-13T16:50:04.4875515Z writing dependency_links to src/embedding_optimizer_study.egg-info/dependency_links.txt
2026-09-13T16:50:04.4882569Z writing entry points to src/embedding_optimizer_study.egg-info/entry_points.txt
2026-09-13T16:50:04.4887623Z writing requirements to src/embedding_optimizer_study.egg-info/requires.txt
2026-09-13T16:50:04.4888238Z writing top-level names to src/embedding_optimizer_study.egg-info/top_level.txt
2026-09-13T16:50:04.4950958Z reading manifest file 'src/embedding_optimizer_study.egg-info/SOURCES.txt'
2026-09-13T16:50:04.4989437Z reading manifest template 'MANIFEST.in'
2026-09-13T16:50:04.4990179Z adding license file 'LICENSE'
2026-09-13T16:50:04.5031193Z writing manifest file 'src/embedding_optimizer_study.egg-info/SOURCES.txt'
2026-09-13T16:50:04.5048104Z creating build/lib/embed_optim_restore/references
2026-09-13T16:50:04.5049172Z copying src/embed_optim_restore/references/a-3-warm.json -> build/lib/embed_optim_restore/references
2026-09-13T16:50:04.5051763Z copying src/embed_optim_restore/references/b-2-warm.json -> build/lib/embed_optim_restore/references
2026-09-13T16:50:04.5053540Z copying src/embed_optim_restore/references/a-0-cold.json -> build/lib/embed_optim_restore/references
2026-09-13T16:50:04.5055303Z copying src/embed_optim_restore/references/b-3-warm.json -> build/lib/embed_optim_restore/references
2026-09-13T16:50:04.5056999Z copying src/embed_optim_restore/references/b-0-cold.json -> build/lib/embed_optim_restore/references
2026-09-13T16:50:04.5058720Z copying src/embed_optim_restore/references/a-1-cold.json -> build/lib/embed_optim_restore/references
2026-09-13T16:50:04.5060609Z copying src/embed_optim_restore/references/b-3-cold.json -> build/lib/embed_optim_restore/references
2026-09-13T16:50:04.5062324Z copying src/embed_optim_restore/references/a-2-cold.json -> build/lib/embed_optim_restore/references
2026-09-13T16:50:04.5064028Z copying src/embed_optim_restore/references/b-2-cold.json -> build/lib/embed_optim_restore/references
2026-09-13T16:50:04.5065727Z copying src/embed_optim_restore/references/b-0-warm.json -> build/lib/embed_optim_restore/references
2026-09-13T16:50:04.5067379Z copying src/embed_optim_restore/references/a-0-warm.json -> build/lib/embed_optim_restore/references
2026-09-13T16:50:04.5069048Z copying src/embed_optim_restore/references/a-2-warm.json -> build/lib/embed_optim_restore/references
2026-09-13T16:50:04.5070927Z copying src/embed_optim_restore/references/b-1-warm.json -> build/lib/embed_optim_restore/references
2026-09-13T16:50:04.5072692Z copying src/embed_optim_restore/references/a-3-cold.json -> build/lib/embed_optim_restore/references
2026-09-13T16:50:04.5074440Z copying src/embed_optim_restore/references/b-1-cold.json -> build/lib/embed_optim_restore/references
2026-09-13T16:50:04.5076223Z copying src/embed_optim_restore/references/a-1-warm.json -> build/lib/embed_optim_restore/references
2026-09-13T16:50:04.5103564Z installing to build/bdist.linux-x86_64/wheel
2026-09-13T16:50:04.5103814Z running install
2026-09-13T16:50:04.5134148Z running install_lib
2026-09-13T16:50:04.5140741Z creating build/bdist.linux-x86_64/wheel
2026-09-13T16:50:04.5142314Z creating build/bdist.linux-x86_64/wheel/embed_optim_restore
2026-09-13T16:50:04.5143248Z copying build/lib/embed_optim_restore/reference.py -> build/bdist.linux-x86_64/wheel/./embed_optim_restore
2026-09-13T16:50:04.5144165Z copying build/lib/embed_optim_restore/step_devices.py -> build/bdist.linux-x86_64/wheel/./embed_optim_restore
2026-09-13T16:50:04.5145077Z copying build/lib/embed_optim_restore/__init__.py -> build/bdist.linux-x86_64/wheel/./embed_optim_restore
2026-09-13T16:50:04.5146153Z copying build/lib/embed_optim_restore/entry.py -> build/bdist.linux-x86_64/wheel/./embed_optim_restore
2026-09-13T16:50:04.5147009Z copying build/lib/embed_optim_restore/trace.py -> build/bdist.linux-x86_64/wheel/./embed_optim_restore
2026-09-13T16:50:04.5148089Z creating build/bdist.linux-x86_64/wheel/embed_optim_restore/references
2026-09-13T16:50:04.5149033Z copying build/lib/embed_optim_restore/references/a-3-warm.json -> build/bdist.linux-x86_64/wheel/./embed_optim_restore/references
2026-09-13T16:50:04.5150827Z copying build/lib/embed_optim_restore/references/b-2-warm.json -> build/bdist.linux-x86_64/wheel/./embed_optim_restore/references
2026-09-13T16:50:04.5152462Z copying build/lib/embed_optim_restore/references/a-0-cold.json -> build/bdist.linux-x86_64/wheel/./embed_optim_restore/references
2026-09-13T16:50:04.5154146Z copying build/lib/embed_optim_restore/references/b-3-warm.json -> build/bdist.linux-x86_64/wheel/./embed_optim_restore/references
2026-09-13T16:50:04.5155830Z copying build/lib/embed_optim_restore/references/b-0-cold.json -> build/bdist.linux-x86_64/wheel/./embed_optim_restore/references
2026-09-13T16:50:04.5157467Z copying build/lib/embed_optim_restore/references/a-1-cold.json -> build/bdist.linux-x86_64/wheel/./embed_optim_restore/references
2026-09-13T16:50:04.5159150Z copying build/lib/embed_optim_restore/references/b-3-cold.json -> build/bdist.linux-x86_64/wheel/./embed_optim_restore/references
2026-09-13T16:50:04.5160954Z copying build/lib/embed_optim_restore/references/a-2-cold.json -> build/bdist.linux-x86_64/wheel/./embed_optim_restore/references
2026-09-13T16:50:04.5162608Z copying build/lib/embed_optim_restore/references/b-2-cold.json -> build/bdist.linux-x86_64/wheel/./embed_optim_restore/references
2026-09-13T16:50:04.5164263Z copying build/lib/embed_optim_restore/references/b-0-warm.json -> build/bdist.linux-x86_64/wheel/./embed_optim_restore/references
2026-09-13T16:50:04.5165840Z copying build/lib/embed_optim_restore/references/a-0-warm.json -> build/bdist.linux-x86_64/wheel/./embed_optim_restore/references
2026-09-13T16:50:04.5167441Z copying build/lib/embed_optim_restore/references/a-2-warm.json -> build/bdist.linux-x86_64/wheel/./embed_optim_restore/references
2026-09-13T16:50:04.5169032Z copying build/lib/embed_optim_restore/references/b-1-warm.json -> build/bdist.linux-x86_64/wheel/./embed_optim_restore/references
2026-09-13T16:50:04.5170725Z copying build/lib/embed_optim_restore/references/a-3-cold.json -> build/bdist.linux-x86_64/wheel/./embed_optim_restore/references
2026-09-13T16:50:04.5172735Z copying build/lib/embed_optim_restore/references/b-1-cold.json -> build/bdist.linux-x86_64/wheel/./embed_optim_restore/references
2026-09-13T16:50:04.5174395Z copying build/lib/embed_optim_restore/references/a-1-warm.json -> build/bdist.linux-x86_64/wheel/./embed_optim_restore/references
2026-09-13T16:50:04.5176264Z copying build/lib/embed_optim_restore/paired.py -> build/bdist.linux-x86_64/wheel/./embed_optim_restore
2026-09-13T16:50:04.5176973Z copying build/lib/embed_optim_restore/__main__.py -> build/bdist.linux-x86_64/wheel/./embed_optim_restore
2026-09-13T16:50:04.5177929Z copying build/lib/embed_optim_restore/gate.py -> build/bdist.linux-x86_64/wheel/./embed_optim_restore
2026-09-13T16:50:04.5178682Z copying build/lib/embed_optim_restore/equality.py -> build/bdist.linux-x86_64/wheel/./embed_optim_restore
2026-09-13T16:50:04.5181244Z creating build/bdist.linux-x86_64/wheel/embed_optim
2026-09-13T16:50:04.5182108Z copying build/lib/embed_optim/dense_retrieval_dynamics_publication.py -> build/bdist.linux-x86_64/wheel/./embed_optim
2026-09-13T16:50:04.5183087Z copying build/lib/embed_optim/primary_v3_publication_bridge.py -> build/bdist.linux-x86_64/wheel/./embed_optim
2026-09-13T16:50:04.5183995Z copying build/lib/embed_optim/primary_v3_exact_geometry_io.py -> build/bdist.linux-x86_64/wheel/./embed_optim
2026-09-13T16:50:04.5185018Z copying build/lib/embed_optim/dense_eval_handoff.py -> build/bdist.linux-x86_64/wheel/./embed_optim
2026-09-13T16:50:04.5186079Z copying build/lib/embed_optim/primary_v3_publication.py -> build/bdist.linux-x86_64/wheel/./embed_optim
2026-09-13T16:50:04.5186856Z copying build/lib/embed_optim/dimension_inference.py -> build/bdist.linux-x86_64/wheel/./embed_optim
2026-09-13T16:50:04.5187704Z copying build/lib/embed_optim/gradient_probe.py -> build/bdist.linux-x86_64/wheel/./embed_optim
2026-09-13T16:50:04.5188760Z copying build/lib/embed_optim/pylate_compat.py -> build/bdist.linux-x86_64/wheel/./embed_optim
2026-09-13T16:50:04.5189452Z copying build/lib/embed_optim/dimension_inference_render.py -> build/bdist.linux-x86_64/wheel/./embed_optim
2026-09-13T16:50:04.5190403Z copying build/lib/embed_optim/corrected_outcome_summary.py -> build/bdist.linux-x86_64/wheel/./embed_optim
2026-09-13T16:50:04.5191419Z copying build/lib/embed_optim/functional_intervention.py -> build/bdist.linux-x86_64/wheel/./embed_optim
2026-09-13T16:50:04.5192167Z copying build/lib/embed_optim/dimension_archive.py -> build/bdist.linux-x86_64/wheel/./embed_optim
2026-09-13T16:50:04.5193189Z copying build/lib/embed_optim/primary_v3_completion.py -> build/bdist.linux-x86_64/wheel/./embed_optim
2026-09-13T16:50:04.5193900Z copying build/lib/embed_optim/dimension_replay.py -> build/bdist.linux-x86_64/wheel/./embed_optim
2026-09-13T16:50:04.5194598Z copying build/lib/embed_optim/common_state_summary.py -> build/bdist.linux-x86_64/wheel/./embed_optim
2026-09-13T16:50:04.5195825Z copying build/lib/embed_optim/functional_intervention_matrix.py -> build/bdist.linux-x86_64/wheel/./embed_optim
2026-09-13T16:50:04.5196527Z copying build/lib/embed_optim/short_branch_summary.py -> build/bdist.linux-x86_64/wheel/./embed_optim
2026-09-13T16:50:04.5197591Z copying build/lib/embed_optim/primary_v3_exact_geometry.py -> build/bdist.linux-x86_64/wheel/./embed_optim
2026-09-13T16:50:04.5198313Z copying build/lib/embed_optim/temporal_short_branch.py -> build/bdist.linux-x86_64/wheel/./embed_optim
2026-09-13T16:50:04.5199216Z copying build/lib/embed_optim/primary_v3_publication_tables.py -> build/bdist.linux-x86_64/wheel/./embed_optim
2026-09-13T16:50:04.5200119Z copying build/lib/embed_optim/distribution_audit.py -> build/bdist.linux-x86_64/wheel/./embed_optim
2026-09-13T16:50:04.5201159Z copying build/lib/embed_optim/train.py -> build/bdist.linux-x86_64/wheel/./embed_optim
2026-09-13T16:50:04.5202018Z copying build/lib/embed_optim/validation_evaluation.py -> build/bdist.linux-x86_64/wheel/./embed_optim
2026-09-13T16:50:04.5202837Z copying build/lib/embed_optim/evaluation_source_provenance.py -> build/bdist.linux-x86_64/wheel/./embed_optim
2026-09-13T16:50:04.5203557Z copying build/lib/embed_optim/validation_summary.py -> build/bdist.linux-x86_64/wheel/./embed_optim
2026-09-13T16:50:04.5204427Z copying build/lib/embed_optim/factorial_v3_worker.py -> build/bdist.linux-x86_64/wheel/./embed_optim
2026-09-13T16:50:04.5205492Z copying build/lib/embed_optim/spectral_transplant_matrix.py -> build/bdist.linux-x86_64/wheel/./embed_optim
2026-09-13T16:50:04.5206276Z copying build/lib/embed_optim/primary_v3_validation.py -> build/bdist.linux-x86_64/wheel/./embed_optim
2026-09-13T16:50:04.5207143Z copying build/lib/embed_optim/primary_v3_geometry_reconstruction.py -> build/bdist.linux-x86_64/wheel/./embed_optim
2026-09-13T16:50:04.5207866Z copying build/lib/embed_optim/wandb_dense_provenance_audit.py -> build/bdist.linux-x86_64/wheel/./embed_optim
2026-09-13T16:50:04.5208725Z copying build/lib/embed_optim/dose_band_analysis.py -> build/bdist.linux-x86_64/wheel/./embed_optim
2026-09-13T16:50:04.5210007Z copying build/lib/embed_optim/complete_paper_document.py -> build/bdist.linux-x86_64/wheel/./embed_optim
2026-09-13T16:50:04.5210840Z copying build/lib/embed_optim/validation_data.py -> build/bdist.linux-x86_64/wheel/./embed_optim
2026-09-13T16:50:04.5211970Z copying build/lib/embed_optim/primary_v3_exact_publication_render.py -> build/bdist.linux-x86_64/wheel/./embed_optim
2026-09-13T16:50:04.5212655Z copying build/lib/embed_optim/primary_v3_exact_publication.py -> build/bdist.linux-x86_64/wheel/./embed_optim
2026-09-13T16:50:04.5213518Z copying build/lib/embed_optim/state_operator_factorial_backup.py -> build/bdist.linux-x86_64/wheel/./embed_optim
2026-09-13T16:50:04.5214286Z copying build/lib/embed_optim/primary_v3_exact_bridge.py -> build/bdist.linux-x86_64/wheel/./embed_optim
2026-09-13T16:50:04.5215341Z copying build/lib/embed_optim/dense_run_contract.py -> build/bdist.linux-x86_64/wheel/./embed_optim
2026-09-13T16:50:04.5216104Z copying build/lib/embed_optim/short_branch.py -> build/bdist.linux-x86_64/wheel/./embed_optim
2026-09-13T16:50:04.5216953Z copying build/lib/embed_optim/short_branch_evaluation.py -> build/bdist.linux-x86_64/wheel/./embed_optim
2026-09-13T16:50:04.5217915Z copying build/lib/embed_optim/__init__.py -> build/bdist.linux-x86_64/wheel/./embed_optim
2026-09-13T16:50:04.5218673Z copying build/lib/embed_optim/local_global_reversal.py -> build/bdist.linux-x86_64/wheel/./embed_optim
2026-09-13T16:50:04.5219655Z copying build/lib/embed_optim/optimizer_state_devices.py -> build/bdist.linux-x86_64/wheel/./embed_optim
2026-09-13T16:50:04.5220464Z copying build/lib/embed_optim/evaluation_supervisor.py -> build/bdist.linux-x86_64/wheel/./embed_optim
2026-09-13T16:50:04.5221526Z copying build/lib/embed_optim/primary_v3_reconstruction_authoring.py -> build/bdist.linux-x86_64/wheel/./embed_optim
2026-09-13T16:50:04.5222207Z copying build/lib/embed_optim/common_state_spectra.py -> build/bdist.linux-x86_64/wheel/./embed_optim
2026-09-13T16:50:04.5223138Z copying build/lib/embed_optim/paper_audit.py -> build/bdist.linux-x86_64/wheel/./embed_optim
2026-09-13T16:50:04.5224724Z copying build/lib/embed_optim/primary_v3_publication_contract.py -> build/bdist.linux-x86_64/wheel/./embed_optim
2026-09-13T16:50:04.5225565Z copying build/lib/embed_optim/data.py -> build/bdist.linux-x86_64/wheel/./embed_optim
2026-09-13T16:50:04.5226564Z copying build/lib/embed_optim/training_dynamics_plot.py -> build/bdist.linux-x86_64/wheel/./embed_optim
2026-09-13T16:50:04.5227513Z copying build/lib/embed_optim/primary_v3_outcome_reconstruction.py -> build/bdist.linux-x86_64/wheel/./embed_optim
2026-09-13T16:50:04.5228265Z copying build/lib/embed_optim/config.py -> build/bdist.linux-x86_64/wheel/./embed_optim
2026-09-13T16:50:04.5229225Z copying build/lib/embed_optim/dimension_publication.py -> build/bdist.linux-x86_64/wheel/./embed_optim
2026-09-13T16:50:04.5230448Z copying build/lib/embed_optim/matrix.py -> build/bdist.linux-x86_64/wheel/./embed_optim
2026-09-13T16:50:04.5231408Z copying build/lib/embed_optim/runtime.py -> build/bdist.linux-x86_64/wheel/./embed_optim
2026-09-13T16:50:04.5232324Z copying build/lib/embed_optim/primary_v3_io.py -> build/bdist.linux-x86_64/wheel/./embed_optim
2026-09-13T16:50:04.5233181Z copying build/lib/embed_optim/supervisor.py -> build/bdist.linux-x86_64/wheel/./embed_optim
2026-09-13T16:50:04.5234085Z copying build/lib/embed_optim/hybrid_evaluation.py -> build/bdist.linux-x86_64/wheel/./embed_optim
2026-09-13T16:50:04.5234923Z copying build/lib/embed_optim/primary_v3_manuscript.py -> build/bdist.linux-x86_64/wheel/./embed_optim
2026-09-13T16:50:04.5235780Z copying build/lib/embed_optim/dense_no_packing_preflight.py -> build/bdist.linux-x86_64/wheel/./embed_optim
2026-09-13T16:50:04.5236661Z copying build/lib/embed_optim/exact_bridge_measurements.py -> build/bdist.linux-x86_64/wheel/./embed_optim
2026-09-13T16:50:04.5237558Z copying build/lib/embed_optim/validation_matrix.py -> build/bdist.linux-x86_64/wheel/./embed_optim
2026-09-13T16:50:04.5238479Z copying build/lib/embed_optim/primary_v3_joint_reconstruction.py -> build/bdist.linux-x86_64/wheel/./embed_optim
2026-09-13T16:50:04.5239408Z copying build/lib/embed_optim/matrix_handoff_guard.py -> build/bdist.linux-x86_64/wheel/./embed_optim
2026-09-13T16:50:04.5240371Z copying build/lib/embed_optim/callbacks.py -> build/bdist.linux-x86_64/wheel/./embed_optim
2026-09-13T16:50:04.5241304Z copying build/lib/embed_optim/factorial_v3_batches.py -> build/bdist.linux-x86_64/wheel/./embed_optim
2026-09-13T16:50:04.5242282Z copying build/lib/embed_optim/training_dynamics.py -> build/bdist.linux-x86_64/wheel/./embed_optim
2026-09-13T16:50:04.5243067Z copying build/lib/embed_optim/retrieval_dynamics.py -> build/bdist.linux-x86_64/wheel/./embed_optim
2026-09-13T16:50:04.5244102Z copying build/lib/embed_optim/basis_sensitivity.py -> build/bdist.linux-x86_64/wheel/./embed_optim
2026-09-13T16:50:04.5245218Z copying build/lib/embed_optim/checkpoint_watch.py -> build/bdist.linux-x86_64/wheel/./embed_optim
2026-09-13T16:50:04.5246093Z copying build/lib/embed_optim/scope.py -> build/bdist.linux-x86_64/wheel/./embed_optim
2026-09-13T16:50:04.5247019Z copying build/lib/embed_optim/primary_completion.py -> build/bdist.linux-x86_64/wheel/./embed_optim
2026-09-13T16:50:04.5247956Z copying build/lib/embed_optim/primary_v3_paper_layout.py -> build/bdist.linux-x86_64/wheel/./embed_optim
2026-09-13T16:50:04.5248814Z copying build/lib/embed_optim/causal_chain_reporting.py -> build/bdist.linux-x86_64/wheel/./embed_optim
2026-09-13T16:50:04.5249998Z copying build/lib/embed_optim/representation_plot.py -> build/bdist.linux-x86_64/wheel/./embed_optim
2026-09-13T16:50:04.5251109Z copying build/lib/embed_optim/candidate_breadth_data.py -> build/bdist.linux-x86_64/wheel/./embed_optim
2026-09-13T16:50:04.5252195Z copying build/lib/embed_optim/factorial_v3_calibration.py -> build/bdist.linux-x86_64/wheel/./embed_optim
2026-09-13T16:50:04.5253189Z copying build/lib/embed_optim/factorial_v3_optimizer.py -> build/bdist.linux-x86_64/wheel/./embed_optim
2026-09-13T16:50:04.5254184Z copying build/lib/embed_optim/state_operator_factorial_training.py -> build/bdist.linux-x86_64/wheel/./embed_optim
2026-09-13T16:50:04.5255129Z copying build/lib/embed_optim/corrected_checkpoint_backup.py -> build/bdist.linux-x86_64/wheel/./embed_optim
2026-09-13T16:50:04.5255993Z copying build/lib/embed_optim/update_geometry.py -> build/bdist.linux-x86_64/wheel/./embed_optim
2026-09-13T16:50:04.5257075Z copying build/lib/embed_optim/primary_v3_dimension_vector_io.py -> build/bdist.linux-x86_64/wheel/./embed_optim
2026-09-13T16:50:04.5257988Z copying build/lib/embed_optim/wandb_sync.py -> build/bdist.linux-x86_64/wheel/./embed_optim
2026-09-13T16:50:04.5259018Z copying build/lib/embed_optim/supplemental_training_audit.py -> build/bdist.linux-x86_64/wheel/./embed_optim
2026-09-13T16:50:04.5260001Z copying build/lib/embed_optim/state_operator_factorial_evaluation.py -> build/bdist.linux-x86_64/wheel/./embed_optim
2026-09-13T16:50:04.5260907Z copying build/lib/embed_optim/factorial_v3_checkpoint.py -> build/bdist.linux-x86_64/wheel/./embed_optim
2026-09-13T16:50:04.5261847Z copying build/lib/embed_optim/primary_v3_publication_reconstruction.py -> build/bdist.linux-x86_64/wheel/./embed_optim
2026-09-13T16:50:04.5262677Z copying build/lib/embed_optim/primary_v3_dimension_exports.py -> build/bdist.linux-x86_64/wheel/./embed_optim
2026-09-13T16:50:04.5263576Z copying build/lib/embed_optim/spectral_transplant_summary.py -> build/bdist.linux-x86_64/wheel/./embed_optim
2026-09-13T16:50:04.5264538Z copying build/lib/embed_optim/dimension_interventions.py -> build/bdist.linux-x86_64/wheel/./embed_optim
2026-09-13T16:50:04.5265435Z copying build/lib/embed_optim/paper_reproduction.py -> build/bdist.linux-x86_64/wheel/./embed_optim
2026-09-13T16:50:04.5266356Z copying build/lib/embed_optim/primary_v3_geometry_io.py -> build/bdist.linux-x86_64/wheel/./embed_optim
2026-09-13T16:50:04.5267243Z copying build/lib/embed_optim/primary_v3_validation_io.py -> build/bdist.linux-x86_64/wheel/./embed_optim
2026-09-13T16:50:04.5268142Z copying build/lib/embed_optim/primary_v3_outcome_primitives.py -> build/bdist.linux-x86_64/wheel/./embed_optim
2026-09-13T16:50:04.5269092Z copying build/lib/embed_optim/primary_v3_publication_archive.py -> build/bdist.linux-x86_64/wheel/./embed_optim
2026-09-13T16:50:04.5270162Z copying build/lib/embed_optim/completion_backup_contract_migration.py -> build/bdist.linux-x86_64/wheel/./embed_optim
2026-09-13T16:50:04.5271010Z copying build/lib/embed_optim/confirmatory_data.py -> build/bdist.linux-x86_64/wheel/./embed_optim
2026-09-13T16:50:04.5272237Z copying build/lib/embed_optim/mechanism_bridge.py -> build/bdist.linux-x86_64/wheel/./embed_optim
2026-09-13T16:50:04.5273203Z copying build/lib/embed_optim/candidate_breadth_matrix.py -> build/bdist.linux-x86_64/wheel/./embed_optim
2026-09-13T16:50:04.5274138Z copying build/lib/embed_optim/dense_retrieval_dynamics_evaluation.py -> build/bdist.linux-x86_64/wheel/./embed_optim
2026-09-13T16:50:04.5275054Z copying build/lib/embed_optim/primary_v3_contract.py -> build/bdist.linux-x86_64/wheel/./embed_optim
2026-09-13T16:50:04.5275978Z copying build/lib/embed_optim/corrected_geometry_matrix.py -> build/bdist.linux-x86_64/wheel/./embed_optim
2026-09-13T16:50:04.5276808Z copying build/lib/embed_optim/saved_factorial_checkpoint.py -> build/bdist.linux-x86_64/wheel/./embed_optim
2026-09-13T16:50:04.5277739Z copying build/lib/embed_optim/primary_v3_reconstruction_inputs.py -> build/bdist.linux-x86_64/wheel/./embed_optim
2026-09-13T16:50:04.5278582Z copying build/lib/embed_optim/primary_v3_training.py -> build/bdist.linux-x86_64/wheel/./embed_optim
2026-09-13T16:50:04.5279414Z copying build/lib/embed_optim/mechanism_report.py -> build/bdist.linux-x86_64/wheel/./embed_optim
2026-09-13T16:50:04.5280714Z copying build/lib/embed_optim/primary_geometry_reductions.py -> build/bdist.linux-x86_64/wheel/./embed_optim
2026-09-13T16:50:04.5281558Z copying build/lib/embed_optim/primary_v3_outcomes.py -> build/bdist.linux-x86_64/wheel/./embed_optim
2026-09-13T16:50:04.5282537Z copying build/lib/embed_optim/beir_probe.py -> build/bdist.linux-x86_64/wheel/./embed_optim
2026-09-13T16:50:04.5283555Z copying build/lib/embed_optim/primary_v3_dimension_inference.py -> build/bdist.linux-x86_64/wheel/./embed_optim
2026-09-13T16:50:04.5284480Z copying build/lib/embed_optim/state_operator_factorial_probe.py -> build/bdist.linux-x86_64/wheel/./embed_optim
2026-09-13T16:50:04.5285537Z copying build/lib/embed_optim/outcome_report.py -> build/bdist.linux-x86_64/wheel/./embed_optim
2026-09-13T16:50:04.5286639Z copying build/lib/embed_optim/gpu_lease.py -> build/bdist.linux-x86_64/wheel/./embed_optim
2026-09-13T16:50:04.5287578Z copying build/lib/embed_optim/artifact_inventory.py -> build/bdist.linux-x86_64/wheel/./embed_optim
2026-09-13T16:50:04.5288423Z copying build/lib/embed_optim/collators.py -> build/bdist.linux-x86_64/wheel/./embed_optim
2026-09-13T16:50:04.5289306Z copying build/lib/embed_optim/primary_weight_entries.py -> build/bdist.linux-x86_64/wheel/./embed_optim
2026-09-13T16:50:04.5290306Z copying build/lib/embed_optim/geometry_plot.py -> build/bdist.linux-x86_64/wheel/./embed_optim
2026-09-13T16:50:04.5291345Z copying build/lib/embed_optim/primary_exact_geometry_kernels.py -> build/bdist.linux-x86_64/wheel/./embed_optim
2026-09-13T16:50:04.5292194Z copying build/lib/embed_optim/paper_results.py -> build/bdist.linux-x86_64/wheel/./embed_optim
2026-09-13T16:50:04.5293437Z copying build/lib/embed_optim/primary_v3_exact_geometry_primitives.py -> build/bdist.linux-x86_64/wheel/./embed_optim
2026-09-13T16:50:04.5295101Z copying build/lib/embed_optim/dimension_intervention_io.py -> build/bdist.linux-x86_64/wheel/./embed_optim
2026-09-13T16:50:04.5295757Z copying build/lib/embed_optim/primary_v3_dimension_contract.py -> build/bdist.linux-x86_64/wheel/./embed_optim
2026-09-13T16:50:04.5296713Z copying build/lib/embed_optim/causal_chain_rendering.py -> build/bdist.linux-x86_64/wheel/./embed_optim
2026-09-13T16:50:04.5297771Z copying build/lib/embed_optim/primary_dimension_probe.py -> build/bdist.linux-x86_64/wheel/./embed_optim
2026-09-13T16:50:04.5298678Z copying build/lib/embed_optim/evaluate_matrix.py -> build/bdist.linux-x86_64/wheel/./embed_optim
2026-09-13T16:50:04.5299805Z copying build/lib/embed_optim/factorial_v3_inputs.py -> build/bdist.linux-x86_64/wheel/./embed_optim
2026-09-13T16:50:04.5300733Z copying build/lib/embed_optim/dimension_utilization.py -> build/bdist.linux-x86_64/wheel/./embed_optim
2026-09-13T16:50:04.5301791Z copying build/lib/embed_optim/candidate_breadth_release.py -> build/bdist.linux-x86_64/wheel/./embed_optim
2026-09-13T16:50:04.5302829Z copying build/lib/embed_optim/probe_matrix.py -> build/bdist.linux-x86_64/wheel/./embed_optim
2026-09-13T16:50:04.5303770Z copying build/lib/embed_optim/state_operator_factorial_summary.py -> build/bdist.linux-x86_64/wheel/./embed_optim
2026-09-13T16:50:04.5304716Z copying build/lib/embed_optim/family_training_queue.py -> build/bdist.linux-x86_64/wheel/./embed_optim
2026-09-13T16:50:04.5305697Z copying build/lib/embed_optim/dense_numerical_contract.py -> build/bdist.linux-x86_64/wheel/./embed_optim
2026-09-13T16:50:04.5306514Z copying build/lib/embed_optim/packing_invariance.py -> build/bdist.linux-x86_64/wheel/./embed_optim
2026-09-13T16:50:04.5307466Z copying build/lib/embed_optim/primary_v3_geometry_primitives.py -> build/bdist.linux-x86_64/wheel/./embed_optim
2026-09-13T16:50:04.5308335Z copying build/lib/embed_optim/evaluation_source_archive.py -> build/bdist.linux-x86_64/wheel/./embed_optim
2026-09-13T16:50:04.5309667Z copying build/lib/embed_optim/completion_contract_migration.py -> build/bdist.linux-x86_64/wheel/./embed_optim
2026-09-13T16:50:04.5310594Z copying build/lib/embed_optim/primary_v3_vector_reconstruction.py -> build/bdist.linux-x86_64/wheel/./embed_optim
2026-09-13T16:50:04.5311471Z copying build/lib/embed_optim/common_state_spectrum_plot.py -> build/bdist.linux-x86_64/wheel/./embed_optim
2026-09-13T16:50:04.5312412Z copying build/lib/embed_optim/geometry_robustness.py -> build/bdist.linux-x86_64/wheel/./embed_optim
2026-09-13T16:50:04.5313243Z copying build/lib/embed_optim/geometry_summary.py -> build/bdist.linux-x86_64/wheel/./embed_optim
2026-09-13T16:50:04.5314312Z copying build/lib/embed_optim/evaluation_progress.py -> build/bdist.linux-x86_64/wheel/./embed_optim
2026-09-13T16:50:04.5315288Z copying build/lib/embed_optim/reconstruction_files.py -> build/bdist.linux-x86_64/wheel/./embed_optim
2026-09-13T16:50:04.5316174Z copying build/lib/embed_optim/candidate_breadth_evaluation.py -> build/bdist.linux-x86_64/wheel/./embed_optim
2026-09-13T16:50:04.5317241Z copying build/lib/embed_optim/primary_v3_exact_reconstruction_archive.py -> build/bdist.linux-x86_64/wheel/./embed_optim
2026-09-13T16:50:04.5318073Z copying build/lib/embed_optim/primary_data_revision.py -> build/bdist.linux-x86_64/wheel/./embed_optim
2026-09-13T16:50:04.5319005Z copying build/lib/embed_optim/corrected_geometry_summary.py -> build/bdist.linux-x86_64/wheel/./embed_optim
2026-09-13T16:50:04.5319917Z copying build/lib/embed_optim/losses.py -> build/bdist.linux-x86_64/wheel/./embed_optim
2026-09-13T16:50:04.5321004Z copying build/lib/embed_optim/state_operator_factorial_publication.py -> build/bdist.linux-x86_64/wheel/./embed_optim
2026-09-13T16:50:04.5321907Z copying build/lib/embed_optim/factorial_v3_run_contract.py -> build/bdist.linux-x86_64/wheel/./embed_optim
2026-09-13T16:50:04.5322942Z copying build/lib/embed_optim/primary_v3_exact_reconstruction.py -> build/bdist.linux-x86_64/wheel/./embed_optim
2026-09-13T16:50:04.5323840Z copying build/lib/embed_optim/hybrid_control.py -> build/bdist.linux-x86_64/wheel/./embed_optim
2026-09-13T16:50:04.5324860Z copying build/lib/embed_optim/state_operator_factorial_completion.py -> build/bdist.linux-x86_64/wheel/./embed_optim
2026-09-13T16:50:04.5325787Z copying build/lib/embed_optim/post_eval_pipeline.py -> build/bdist.linux-x86_64/wheel/./embed_optim
2026-09-13T16:50:04.5326864Z copying build/lib/embed_optim/spectral_transplant.py -> build/bdist.linux-x86_64/wheel/./embed_optim
2026-09-13T16:50:04.5327944Z copying build/lib/embed_optim/corrected_completion_pipeline.py -> build/bdist.linux-x86_64/wheel/./embed_optim
2026-09-13T16:50:04.5328858Z copying build/lib/embed_optim/corrected_wandb_audit.py -> build/bdist.linux-x86_64/wheel/./embed_optim
2026-09-13T16:50:04.5329849Z copying build/lib/embed_optim/dense_completion_pipeline.py -> build/bdist.linux-x86_64/wheel/./embed_optim
2026-09-13T16:50:04.5330929Z copying build/lib/embed_optim/primary_geometry_kernels.py -> build/bdist.linux-x86_64/wheel/./embed_optim
2026-09-13T16:50:04.5331905Z copying build/lib/embed_optim/candidate_breadth_summary.py -> build/bdist.linux-x86_64/wheel/./embed_optim
2026-09-13T16:50:04.5332867Z copying build/lib/embed_optim/primary_io.py -> build/bdist.linux-x86_64/wheel/./embed_optim
2026-09-13T16:50:04.5333844Z copying build/lib/embed_optim/candidate_breadth_publication.py -> build/bdist.linux-x86_64/wheel/./embed_optim
2026-09-13T16:50:04.5334821Z copying build/lib/embed_optim/decontamination.py -> build/bdist.linux-x86_64/wheel/./embed_optim
2026-09-13T16:50:04.5335735Z copying build/lib/embed_optim/dense_finalization_pipeline.py -> build/bdist.linux-x86_64/wheel/./embed_optim
2026-09-13T16:50:04.5336693Z copying build/lib/embed_optim/dimension_release.py -> build/bdist.linux-x86_64/wheel/./embed_optim
2026-09-13T16:50:04.5337521Z copying build/lib/embed_optim/tail_stability.py -> build/bdist.linux-x86_64/wheel/./embed_optim
2026-09-13T16:50:04.5338746Z copying build/lib/embed_optim/corrected_execution_sensitivity.py -> build/bdist.linux-x86_64/wheel/./embed_optim
2026-09-13T16:50:04.5339802Z copying build/lib/embed_optim/primary_v3_geometry.py -> build/bdist.linux-x86_64/wheel/./embed_optim
2026-09-13T16:50:04.5340775Z copying build/lib/embed_optim/corrected_progress.py -> build/bdist.linux-x86_64/wheel/./embed_optim
2026-09-13T16:50:04.5341632Z copying build/lib/embed_optim/probes.py -> build/bdist.linux-x86_64/wheel/./embed_optim
2026-09-13T16:50:04.5342689Z copying build/lib/embed_optim/sealed_checkpoint_supervisor.py -> build/bdist.linux-x86_64/wheel/./embed_optim
2026-09-13T16:50:04.5343659Z copying build/lib/embed_optim/factorial_v3_bound_trainer.py -> build/bdist.linux-x86_64/wheel/./embed_optim
2026-09-13T16:50:04.5344550Z copying build/lib/embed_optim/common_state_matrix.py -> build/bdist.linux-x86_64/wheel/./embed_optim
2026-09-13T16:50:04.5345532Z copying build/lib/embed_optim/primary_v3_dimensions.py -> build/bdist.linux-x86_64/wheel/./embed_optim
2026-09-13T16:50:04.5346460Z copying build/lib/embed_optim/representation_geometry.py -> build/bdist.linux-x86_64/wheel/./embed_optim
2026-09-13T16:50:04.5347544Z copying build/lib/embed_optim/representation_summary.py -> build/bdist.linux-x86_64/wheel/./embed_optim
2026-09-13T16:50:04.5348559Z copying build/lib/embed_optim/primary_v3_manuscript_build.py -> build/bdist.linux-x86_64/wheel/./embed_optim
2026-09-13T16:50:04.5349474Z copying build/lib/embed_optim/bridge_named_features.py -> build/bdist.linux-x86_64/wheel/./embed_optim
2026-09-13T16:50:04.5350510Z copying build/lib/embed_optim/corrected_beir_evaluation.py -> build/bdist.linux-x86_64/wheel/./embed_optim
2026-09-13T16:50:04.5351852Z copying build/lib/embed_optim/corrected_validation_evaluation.py -> build/bdist.linux-x86_64/wheel/./embed_optim
2026-09-13T16:50:04.5352648Z copying build/lib/embed_optim/factorial_v3_trainer.py -> build/bdist.linux-x86_64/wheel/./embed_optim
2026-09-13T16:50:04.5353554Z copying build/lib/embed_optim/bridge_exact_arithmetic.py -> build/bdist.linux-x86_64/wheel/./embed_optim
2026-09-13T16:50:04.5354436Z copying build/lib/embed_optim/corrected_input_execution.py -> build/bdist.linux-x86_64/wheel/./embed_optim
2026-09-13T16:50:04.5355222Z copying build/lib/embed_optim/corrected_publication.py -> build/bdist.linux-x86_64/wheel/./embed_optim
2026-09-13T16:50:04.5356282Z copying build/lib/embed_optim/confirmatory_matrix.py -> build/bdist.linux-x86_64/wheel/./embed_optim
2026-09-13T16:50:04.5357182Z copying build/lib/embed_optim/geometry.py -> build/bdist.linux-x86_64/wheel/./embed_optim
2026-09-13T16:50:04.5358174Z copying build/lib/embed_optim/bridge_numerics.py -> build/bdist.linux-x86_64/wheel/./embed_optim
2026-09-13T16:50:04.5359185Z copying build/lib/embed_optim/corrected_retrieval_bridge.py -> build/bdist.linux-x86_64/wheel/./embed_optim
2026-09-13T16:50:04.5360183Z copying build/lib/embed_optim/confirmatory_summary.py -> build/bdist.linux-x86_64/wheel/./embed_optim
2026-09-13T16:50:04.5361105Z copying build/lib/embed_optim/factorial_v3_factory.py -> build/bdist.linux-x86_64/wheel/./embed_optim
2026-09-13T16:50:04.5362253Z copying build/lib/embed_optim/primary_v3_publication_render.py -> build/bdist.linux-x86_64/wheel/./embed_optim
2026-09-13T16:50:04.5362910Z copying build/lib/embed_optim/state_operator_factorial.py -> build/bdist.linux-x86_64/wheel/./embed_optim
2026-09-13T16:50:04.5364099Z copying build/lib/embed_optim/three_regime_diagnostic.py -> build/bdist.linux-x86_64/wheel/./embed_optim
2026-09-13T16:50:04.5365006Z copying build/lib/embed_optim/paper_layout.py -> build/bdist.linux-x86_64/wheel/./embed_optim
2026-09-13T16:50:04.5365876Z copying build/lib/embed_optim/corpus_size_diagnostic.py -> build/bdist.linux-x86_64/wheel/./embed_optim
2026-09-13T16:50:04.5366912Z copying build/lib/embed_optim/state_operator_factorial_contract.py -> build/bdist.linux-x86_64/wheel/./embed_optim
2026-09-13T16:50:04.5367728Z copying build/lib/embed_optim/primary_contract.py -> build/bdist.linux-x86_64/wheel/./embed_optim
2026-09-13T16:50:04.5368628Z copying build/lib/embed_optim/temporal_short_branch_predictors.py -> build/bdist.linux-x86_64/wheel/./embed_optim
2026-09-13T16:50:04.5369664Z copying build/lib/embed_optim/primary_v3_bridge.py -> build/bdist.linux-x86_64/wheel/./embed_optim
2026-09-13T16:50:04.5370712Z copying build/lib/embed_optim/primary_v3_reconstruction_sources.py -> build/bdist.linux-x86_64/wheel/./embed_optim
2026-09-13T16:50:04.5371559Z copying build/lib/embed_optim/optimizers.py -> build/bdist.linux-x86_64/wheel/./embed_optim
2026-09-13T16:50:04.5372530Z copying build/lib/embed_optim/incremental_checkpoint_backup.py -> build/bdist.linux-x86_64/wheel/./embed_optim
2026-09-13T16:50:04.5373475Z copying build/lib/embed_optim/dense_retrieval_dynamics_summary.py -> build/bdist.linux-x86_64/wheel/./embed_optim
2026-09-13T16:50:04.5374411Z copying build/lib/embed_optim/probe_export.py -> build/bdist.linux-x86_64/wheel/./embed_optim
2026-09-13T16:50:04.5375406Z copying build/lib/embed_optim/confirmatory_evaluation.py -> build/bdist.linux-x86_64/wheel/./embed_optim
2026-09-13T16:50:04.5376274Z copying build/lib/embed_optim/aggregate.py -> build/bdist.linux-x86_64/wheel/./embed_optim
2026-09-13T16:50:04.5378019Z copying build/lib/embed_optim/functional_intervention_summary.py -> build/bdist.linux-x86_64/wheel/./embed_optim
2026-09-13T16:50:04.5378793Z copying build/lib/embed_optim/evaluation_utils.py -> build/bdist.linux-x86_64/wheel/./embed_optim
2026-09-13T16:50:04.5379937Z copying build/lib/embed_optim/primary_v3_exact_publication_contract.py -> build/bdist.linux-x86_64/wheel/./embed_optim
2026-09-13T16:50:04.5380787Z copying build/lib/embed_optim/primary_training.py -> build/bdist.linux-x86_64/wheel/./embed_optim
2026-09-13T16:50:04.5381727Z copying build/lib/embed_optim/corrected_validation_matrix.py -> build/bdist.linux-x86_64/wheel/./embed_optim
2026-09-13T16:50:04.5382575Z copying build/lib/embed_optim/current_paper.py -> build/bdist.linux-x86_64/wheel/./embed_optim
2026-09-13T16:50:04.5383436Z running install_data
2026-09-13T16:50:04.5400804Z creating build/bdist.linux-x86_64/wheel/embedding_optimizer_study-0.1.0.data/data
2026-09-13T16:50:04.5402801Z creating build/bdist.linux-x86_64/wheel/embedding_optimizer_study-0.1.0.data/data/share/embedding-optimizer-study/configs
2026-09-13T16:50:04.5404305Z copying configs/candidate_breadth_probe.json -> build/bdist.linux-x86_64/wheel/embedding_optimizer_study-0.1.0.data/data/share/embedding-optimizer-study/configs
2026-09-13T16:50:04.5405525Z copying configs/corpus_size_diagnostic.json -> build/bdist.linux-x86_64/wheel/embedding_optimizer_study-0.1.0.data/data/share/embedding-optimizer-study/configs
2026-09-13T16:50:04.5406540Z copying configs/three_regime_diagnostic.json -> build/bdist.linux-x86_64/wheel/embedding_optimizer_study-0.1.0.data/data/share/embedding-optimizer-study/configs
2026-09-13T16:50:04.5407535Z copying configs/beir_representation_probe.json -> build/bdist.linux-x86_64/wheel/embedding_optimizer_study-0.1.0.data/data/share/embedding-optimizer-study/configs
2026-09-13T16:50:04.5408645Z copying configs/basis_sensitivity.json -> build/bdist.linux-x86_64/wheel/embedding_optimizer_study-0.1.0.data/data/share/embedding-optimizer-study/configs
2026-09-13T16:50:04.5409765Z copying configs/causal_chain_analysis.json -> build/bdist.linux-x86_64/wheel/embedding_optimizer_study-0.1.0.data/data/share/embedding-optimizer-study/configs
2026-09-13T16:50:04.5420593Z copying configs/experiment.yaml -> build/bdist.linux-x86_64/wheel/embedding_optimizer_study-0.1.0.data/data/share/embedding-optimizer-study/configs
2026-09-13T16:50:04.5421588Z copying configs/common_state_probe.json -> build/bdist.linux-x86_64/wheel/embedding_optimizer_study-0.1.0.data/data/share/embedding-optimizer-study/configs
2026-09-13T16:50:04.5422570Z copying configs/common_state_spectrum_probe.json -> build/bdist.linux-x86_64/wheel/embedding_optimizer_study-0.1.0.data/data/share/embedding-optimizer-study/configs
2026-09-13T16:50:04.5423576Z copying configs/confirmatory_protocol.json -> build/bdist.linux-x86_64/wheel/embedding_optimizer_study-0.1.0.data/data/share/embedding-optimizer-study/configs
2026-09-13T16:50:04.5424669Z copying configs/dense_scope_amendment.json -> build/bdist.linux-x86_64/wheel/embedding_optimizer_study-0.1.0.data/data/share/embedding-optimizer-study/configs
2026-09-13T16:50:04.5425663Z copying configs/dense_primary_v2_protocol.json -> build/bdist.linux-x86_64/wheel/embedding_optimizer_study-0.1.0.data/data/share/embedding-optimizer-study/configs
2026-09-13T16:50:04.5426653Z copying configs/dense_primary_v3_protocol.json -> build/bdist.linux-x86_64/wheel/embedding_optimizer_study-0.1.0.data/data/share/embedding-optimizer-study/configs
2026-09-13T16:50:04.5427673Z copying configs/dense_primary_v3_data_amendment.json -> build/bdist.linux-x86_64/wheel/embedding_optimizer_study-0.1.0.data/data/share/embedding-optimizer-study/configs
2026-09-13T16:50:04.5428737Z copying configs/dense_primary_v3_validation_protocol.json -> build/bdist.linux-x86_64/wheel/embedding_optimizer_study-0.1.0.data/data/share/embedding-optimizer-study/configs
2026-09-13T16:50:04.5429981Z copying configs/dense_primary_v3_outcome_protocol.json -> build/bdist.linux-x86_64/wheel/embedding_optimizer_study-0.1.0.data/data/share/embedding-optimizer-study/configs
2026-09-13T16:50:04.5431044Z copying configs/dense_primary_v3_outcome_protocol_v2.json -> build/bdist.linux-x86_64/wheel/embedding_optimizer_study-0.1.0.data/data/share/embedding-optimizer-study/configs
2026-09-13T16:50:04.5432103Z copying configs/dense_primary_v3_geometry_protocol.json -> build/bdist.linux-x86_64/wheel/embedding_optimizer_study-0.1.0.data/data/share/embedding-optimizer-study/configs
2026-09-13T16:50:04.5433162Z copying configs/dense_primary_v3_geometry_protocol_v2.json -> build/bdist.linux-x86_64/wheel/embedding_optimizer_study-0.1.0.data/data/share/embedding-optimizer-study/configs
2026-09-13T16:50:04.5434249Z copying configs/dense_primary_v3_exact_geometry_protocol.json -> build/bdist.linux-x86_64/wheel/embedding_optimizer_study-0.1.0.data/data/share/embedding-optimizer-study/configs
2026-09-13T16:50:04.5435307Z copying configs/dense_primary_v3_bridge_protocol.json -> build/bdist.linux-x86_64/wheel/embedding_optimizer_study-0.1.0.data/data/share/embedding-optimizer-study/configs
2026-09-13T16:50:04.5436361Z copying configs/dense_primary_v3_exact_bridge_protocol.json -> build/bdist.linux-x86_64/wheel/embedding_optimizer_study-0.1.0.data/data/share/embedding-optimizer-study/configs
2026-09-13T16:50:04.5437440Z copying configs/dense_primary_v3_dimensions_protocol.json -> build/bdist.linux-x86_64/wheel/embedding_optimizer_study-0.1.0.data/data/share/embedding-optimizer-study/configs
2026-09-13T16:50:04.5438539Z copying configs/dense_primary_v3_dimension_inference_protocol.json -> build/bdist.linux-x86_64/wheel/embedding_optimizer_study-0.1.0.data/data/share/embedding-optimizer-study/configs
2026-09-13T16:50:04.5439756Z copying configs/dense_primary_v3_publication_protocol.json -> build/bdist.linux-x86_64/wheel/embedding_optimizer_study-0.1.0.data/data/share/embedding-optimizer-study/configs
2026-09-13T16:50:04.5440951Z copying configs/dense_primary_v3_exact_publication_protocol.json -> build/bdist.linux-x86_64/wheel/embedding_optimizer_study-0.1.0.data/data/share/embedding-optimizer-study/configs
2026-09-13T16:50:04.5442076Z copying configs/dense_weight_entry_measurement_amendment.json -> build/bdist.linux-x86_64/wheel/embedding_optimizer_study-0.1.0.data/data/share/embedding-optimizer-study/configs
2026-09-13T16:50:04.5443118Z copying configs/dense_no_packing_retrain.yaml -> build/bdist.linux-x86_64/wheel/embedding_optimizer_study-0.1.0.data/data/share/embedding-optimizer-study/configs
2026-09-13T16:50:04.5444119Z copying configs/dense_correctness_candidate.yaml -> build/bdist.linux-x86_64/wheel/embedding_optimizer_study-0.1.0.data/data/share/embedding-optimizer-study/configs
2026-09-13T16:50:04.5445168Z copying configs/dense_dimension_utilization_protocol.json -> build/bdist.linux-x86_64/wheel/embedding_optimizer_study-0.1.0.data/data/share/embedding-optimizer-study/configs
2026-09-13T16:50:04.5446259Z copying configs/dense_primary_dimension_export_protocol.json -> build/bdist.linux-x86_64/wheel/embedding_optimizer_study-0.1.0.data/data/share/embedding-optimizer-study/configs
2026-09-13T16:50:04.5447474Z copying configs/dense_primary_dimension_handoff_protocol.json -> build/bdist.linux-x86_64/wheel/embedding_optimizer_study-0.1.0.data/data/share/embedding-optimizer-study/configs
2026-09-13T16:50:04.5448564Z copying configs/dense_primary_dimension_archive_protocol.json -> build/bdist.linux-x86_64/wheel/embedding_optimizer_study-0.1.0.data/data/share/embedding-optimizer-study/configs
2026-09-13T16:50:04.5449712Z copying configs/dense_no_packing_preflight.yaml -> build/bdist.linux-x86_64/wheel/embedding_optimizer_study-0.1.0.data/data/share/embedding-optimizer-study/configs
2026-09-13T16:50:04.5450743Z copying configs/dense_no_packing_preflight_protocol.json -> build/bdist.linux-x86_64/wheel/embedding_optimizer_study-0.1.0.data/data/share/embedding-optimizer-study/configs
2026-09-13T16:50:04.5451818Z copying configs/dense_no_packing_execution_protocol.json -> build/bdist.linux-x86_64/wheel/embedding_optimizer_study-0.1.0.data/data/share/embedding-optimizer-study/configs
2026-09-13T16:50:04.5452933Z copying configs/dense_no_packing_completion_contract_migration.json -> build/bdist.linux-x86_64/wheel/embedding_optimizer_study-0.1.0.data/data/share/embedding-optimizer-study/configs
2026-09-13T16:50:04.5454048Z copying configs/dense_no_packing_backup_provenance_migration.json -> build/bdist.linux-x86_64/wheel/embedding_optimizer_study-0.1.0.data/data/share/embedding-optimizer-study/configs
2026-09-13T16:50:04.5455168Z copying configs/dense_no_packing_publication_layout_migration.json -> build/bdist.linux-x86_64/wheel/embedding_optimizer_study-0.1.0.data/data/share/embedding-optimizer-study/configs
2026-09-13T16:50:04.5456326Z copying configs/dense_no_packing_publication_narrative_migration.json -> build/bdist.linux-x86_64/wheel/embedding_optimizer_study-0.1.0.data/data/share/embedding-optimizer-study/configs
2026-09-13T16:50:04.5457431Z copying configs/dense_no_packing_matrix_handoff_guard.json -> build/bdist.linux-x86_64/wheel/embedding_optimizer_study-0.1.0.data/data/share/embedding-optimizer-study/configs
2026-09-13T16:50:04.5458501Z copying configs/dense_no_packing_evaluation_protocol.json -> build/bdist.linux-x86_64/wheel/embedding_optimizer_study-0.1.0.data/data/share/embedding-optimizer-study/configs
2026-09-13T16:50:04.5459677Z copying configs/dense_no_packing_analysis_protocol.json -> build/bdist.linux-x86_64/wheel/embedding_optimizer_study-0.1.0.data/data/share/embedding-optimizer-study/configs
2026-09-13T16:50:04.5460775Z copying configs/dense_no_packing_state_operator_factorial_protocol.json -> build/bdist.linux-x86_64/wheel/embedding_optimizer_study-0.1.0.data/data/share/embedding-optimizer-study/configs
2026-09-13T16:50:04.5461948Z copying configs/dense_no_packing_state_operator_claim_wording_amendment.json -> build/bdist.linux-x86_64/wheel/embedding_optimizer_study-0.1.0.data/data/share/embedding-optimizer-study/configs
2026-09-13T16:50:04.5463275Z copying configs/dense_no_packing_state_operator_factorial_implementation_protocol.json -> build/bdist.linux-x86_64/wheel/embedding_optimizer_study-0.1.0.data/data/share/embedding-optimizer-study/configs
2026-09-13T16:50:04.5464529Z copying configs/dense_no_packing_state_operator_abstract_compliance_migration.json -> build/bdist.linux-x86_64/wheel/embedding_optimizer_study-0.1.0.data/data/share/embedding-optimizer-study/configs
2026-09-13T16:50:04.5465779Z copying configs/dense_no_packing_state_operator_weight_space_narrative_migration.json -> build/bdist.linux-x86_64/wheel/embedding_optimizer_study-0.1.0.data/data/share/embedding-optimizer-study/configs
2026-09-13T16:50:04.5467031Z copying configs/dense_no_packing_state_operator_factorial_publication_protocol.json -> build/bdist.linux-x86_64/wheel/embedding_optimizer_study-0.1.0.data/data/share/embedding-optimizer-study/configs
2026-09-13T16:50:04.5468254Z copying configs/dense_no_packing_state_operator_factorial_completion_protocol.json -> build/bdist.linux-x86_64/wheel/embedding_optimizer_study-0.1.0.data/data/share/embedding-optimizer-study/configs
2026-09-13T16:50:04.5469591Z copying configs/dense_no_packing_outcome_protocol.json -> build/bdist.linux-x86_64/wheel/embedding_optimizer_study-0.1.0.data/data/share/embedding-optimizer-study/configs
2026-09-13T16:50:04.5470692Z copying configs/dense_no_packing_bridge_implementation_protocol.json -> build/bdist.linux-x86_64/wheel/embedding_optimizer_study-0.1.0.data/data/share/embedding-optimizer-study/configs
2026-09-13T16:50:04.5471837Z copying configs/dense_no_packing_bridge_implementation_protocol_v2.json -> build/bdist.linux-x86_64/wheel/embedding_optimizer_study-0.1.0.data/data/share/embedding-optimizer-study/configs
2026-09-13T16:50:04.5473002Z copying configs/dense_no_packing_sensitivity_implementation_protocol.json -> build/bdist.linux-x86_64/wheel/embedding_optimizer_study-0.1.0.data/data/share/embedding-optimizer-study/configs
2026-09-13T16:50:04.5474131Z copying configs/dense_no_packing_publication_protocol.json -> build/bdist.linux-x86_64/wheel/embedding_optimizer_study-0.1.0.data/data/share/embedding-optimizer-study/configs
2026-09-13T16:50:04.5475195Z copying configs/dense_retrieval_dynamics_extension.json -> build/bdist.linux-x86_64/wheel/embedding_optimizer_study-0.1.0.data/data/share/embedding-optimizer-study/configs
2026-09-13T16:50:04.5476214Z copying configs/dense_training_queue.json -> build/bdist.linux-x86_64/wheel/embedding_optimizer_study-0.1.0.data/data/share/embedding-optimizer-study/configs
2026-09-13T16:50:04.5477199Z copying configs/functional_intervention.json -> build/bdist.linux-x86_64/wheel/embedding_optimizer_study-0.1.0.data/data/share/embedding-optimizer-study/configs
2026-09-13T16:50:04.5478163Z copying configs/formal_runtime.json -> build/bdist.linux-x86_64/wheel/embedding_optimizer_study-0.1.0.data/data/share/embedding-optimizer-study/configs
2026-09-13T16:50:04.5479139Z copying configs/formal_runtime_constraints.txt -> build/bdist.linux-x86_64/wheel/embedding_optimizer_study-0.1.0.data/data/share/embedding-optimizer-study/configs
2026-09-13T16:50:04.5480249Z copying configs/hybrid_adamw_control.json -> build/bdist.linux-x86_64/wheel/embedding_optimizer_study-0.1.0.data/data/share/embedding-optimizer-study/configs
2026-09-13T16:50:04.5481194Z copying configs/hybrid_adamw.yaml -> build/bdist.linux-x86_64/wheel/embedding_optimizer_study-0.1.0.data/data/share/embedding-optimizer-study/configs
2026-09-13T16:50:04.5482147Z copying configs/local_global_reversal.json -> build/bdist.linux-x86_64/wheel/embedding_optimizer_study-0.1.0.data/data/share/embedding-optimizer-study/configs
2026-09-13T16:50:04.5483128Z copying configs/loss_retrieval_diagnostic.json -> build/bdist.linux-x86_64/wheel/embedding_optimizer_study-0.1.0.data/data/share/embedding-optimizer-study/configs
2026-09-13T16:50:04.5484147Z copying configs/mechanism_analysis_integration.json -> build/bdist.linux-x86_64/wheel/embedding_optimizer_study-0.1.0.data/data/share/embedding-optimizer-study/configs
2026-09-13T16:50:04.5485262Z copying configs/tail_stability_analysis.json -> build/bdist.linux-x86_64/wheel/embedding_optimizer_study-0.1.0.data/data/share/embedding-optimizer-study/configs
2026-09-13T16:50:04.5486290Z copying configs/spectral_transplant_intervention.json -> build/bdist.linux-x86_64/wheel/embedding_optimizer_study-0.1.0.data/data/share/embedding-optimizer-study/configs
2026-09-13T16:50:04.5487299Z copying configs/paper_claim_protocol.json -> build/bdist.linux-x86_64/wheel/embedding_optimizer_study-0.1.0.data/data/share/embedding-optimizer-study/configs
2026-09-13T16:50:04.5488285Z copying configs/portable_paper_evidence.json -> build/bdist.linux-x86_64/wheel/embedding_optimizer_study-0.1.0.data/data/share/embedding-optimizer-study/configs
2026-09-13T16:50:04.5489277Z copying configs/representation_probe.json -> build/bdist.linux-x86_64/wheel/embedding_optimizer_study-0.1.0.data/data/share/embedding-optimizer-study/configs
2026-09-13T16:50:04.5490389Z copying configs/retrieval_dynamics_protocol.json -> build/bdist.linux-x86_64/wheel/embedding_optimizer_study-0.1.0.data/data/share/embedding-optimizer-study/configs
2026-09-13T16:50:04.5491477Z copying configs/short_branch_protocol.json -> build/bdist.linux-x86_64/wheel/embedding_optimizer_study-0.1.0.data/data/share/embedding-optimizer-study/configs
2026-09-13T16:50:04.5492405Z copying configs/smoke.yaml -> build/bdist.linux-x86_64/wheel/embedding_optimizer_study-0.1.0.data/data/share/embedding-optimizer-study/configs
2026-09-13T16:50:04.5493282Z copying configs/stress.yaml -> build/bdist.linux-x86_64/wheel/embedding_optimizer_study-0.1.0.data/data/share/embedding-optimizer-study/configs
2026-09-13T16:50:04.5494208Z copying configs/training_data_contract.json -> build/bdist.linux-x86_64/wheel/embedding_optimizer_study-0.1.0.data/data/share/embedding-optimizer-study/configs
2026-09-13T16:50:04.5495177Z copying configs/validation_probe.json -> build/bdist.linux-x86_64/wheel/embedding_optimizer_study-0.1.0.data/data/share/embedding-optimizer-study/configs
2026-09-13T16:50:04.5496108Z creating build/bdist.linux-x86_64/wheel/embedding_optimizer_study-0.1.0.data/data/share/embedding-optimizer-study/configs/generated/confirmatory
2026-09-13T16:50:04.5497159Z copying configs/generated/confirmatory/seed161803.yaml -> build/bdist.linux-x86_64/wheel/embedding_optimizer_study-0.1.0.data/data/share/embedding-optimizer-study/configs/generated/confirmatory
2026-09-13T16:50:04.5498370Z copying configs/generated/confirmatory/seed271828.yaml -> build/bdist.linux-x86_64/wheel/embedding_optimizer_study-0.1.0.data/data/share/embedding-optimizer-study/configs/generated/confirmatory
2026-09-13T16:50:04.5499670Z copying configs/generated/confirmatory/seed314159.yaml -> build/bdist.linux-x86_64/wheel/embedding_optimizer_study-0.1.0.data/data/share/embedding-optimizer-study/configs/generated/confirmatory
2026-09-13T16:50:04.5500717Z creating build/bdist.linux-x86_64/wheel/embedding_optimizer_study-0.1.0.data/data/share/embedding-optimizer-study/configs/generated/short-branch
2026-09-13T16:50:04.5501780Z copying configs/generated/short-branch/seed161803.yaml -> build/bdist.linux-x86_64/wheel/embedding_optimizer_study-0.1.0.data/data/share/embedding-optimizer-study/configs/generated/short-branch
2026-09-13T16:50:04.5502993Z copying configs/generated/short-branch/seed271828.yaml -> build/bdist.linux-x86_64/wheel/embedding_optimizer_study-0.1.0.data/data/share/embedding-optimizer-study/configs/generated/short-branch
2026-09-13T16:50:04.5504187Z copying configs/generated/short-branch/seed314159.yaml -> build/bdist.linux-x86_64/wheel/embedding_optimizer_study-0.1.0.data/data/share/embedding-optimizer-study/configs/generated/short-branch
2026-09-13T16:50:04.5505177Z creating build/bdist.linux-x86_64/wheel/embedding_optimizer_study-0.1.0.data/data/share/embedding-optimizer-study/scripts/eval
2026-09-13T16:50:04.5506093Z copying scripts/eval/dense_no_packing_parallel.py -> build/bdist.linux-x86_64/wheel/embedding_optimizer_study-0.1.0.data/data/share/embedding-optimizer-study/scripts/eval
2026-09-13T16:50:04.5507190Z copying scripts/eval/dense_parallel.py -> build/bdist.linux-x86_64/wheel/embedding_optimizer_study-0.1.0.data/data/share/embedding-optimizer-study/scripts/eval
2026-09-13T16:50:04.5508173Z copying scripts/eval/dense_sequential.py -> build/bdist.linux-x86_64/wheel/embedding_optimizer_study-0.1.0.data/data/share/embedding-optimizer-study/scripts/eval
2026-09-13T16:50:04.5509135Z copying scripts/restore_primary_v3.py -> build/bdist.linux-x86_64/wheel/embedding_optimizer_study-0.1.0.data/data/share/embedding-optimizer-study/scripts
2026-09-13T16:50:04.5510231Z copying scripts/restore_functional_analysis.py -> build/bdist.linux-x86_64/wheel/embedding_optimizer_study-0.1.0.data/data/share/embedding-optimizer-study/scripts
2026-09-13T16:50:04.5511227Z copying scripts/restore_factorial_probes.py -> build/bdist.linux-x86_64/wheel/embedding_optimizer_study-0.1.0.data/data/share/embedding-optimizer-study/scripts
2026-09-13T16:50:04.5512103Z copying AGENTS.md -> build/bdist.linux-x86_64/wheel/embedding_optimizer_study-0.1.0.data/data/share/embedding-optimizer-study
2026-09-13T16:50:04.5512994Z copying CITATION.cff -> build/bdist.linux-x86_64/wheel/embedding_optimizer_study-0.1.0.data/data/share/embedding-optimizer-study
2026-09-13T16:50:04.5513803Z copying CODE_OF_CONDUCT.md -> build/bdist.linux-x86_64/wheel/embedding_optimizer_study-0.1.0.data/data/share/embedding-optimizer-study
2026-09-13T16:50:04.5514619Z copying CONTRIBUTING.md -> build/bdist.linux-x86_64/wheel/embedding_optimizer_study-0.1.0.data/data/share/embedding-optimizer-study
2026-09-13T16:50:04.5515446Z copying CURRENT_EXPERIMENT.md -> build/bdist.linux-x86_64/wheel/embedding_optimizer_study-0.1.0.data/data/share/embedding-optimizer-study
2026-09-13T16:50:04.5516336Z copying CURRENT_PROGRESS.json -> build/bdist.linux-x86_64/wheel/embedding_optimizer_study-0.1.0.data/data/share/embedding-optimizer-study
2026-09-13T16:50:04.5517159Z copying PROJECT_STATUS.md -> build/bdist.linux-x86_64/wheel/embedding_optimizer_study-0.1.0.data/data/share/embedding-optimizer-study
2026-09-13T16:50:04.5518008Z copying requirements-formal.lock -> build/bdist.linux-x86_64/wheel/embedding_optimizer_study-0.1.0.data/data/share/embedding-optimizer-study
2026-09-13T16:50:04.5518907Z copying requirements-formal-flash.txt -> build/bdist.linux-x86_64/wheel/embedding_optimizer_study-0.1.0.data/data/share/embedding-optimizer-study
2026-09-13T16:50:04.5519865Z copying SECURITY.md -> build/bdist.linux-x86_64/wheel/embedding_optimizer_study-0.1.0.data/data/share/embedding-optimizer-study
2026-09-13T16:50:04.5520687Z copying THIRD_PARTY_NOTICES.md -> build/bdist.linux-x86_64/wheel/embedding_optimizer_study-0.1.0.data/data/share/embedding-optimizer-study
2026-09-13T16:50:04.5521483Z creating build/bdist.linux-x86_64/wheel/embedding_optimizer_study-0.1.0.data/data/share/embedding-optimizer-study/docs
2026-09-13T16:50:04.5522334Z copying docs/checkpoint-restoration.md -> build/bdist.linux-x86_64/wheel/embedding_optimizer_study-0.1.0.data/data/share/embedding-optimizer-study/docs
2026-09-13T16:50:04.5523323Z copying docs/continuation-probe-restoration.md -> build/bdist.linux-x86_64/wheel/embedding_optimizer_study-0.1.0.data/data/share/embedding-optimizer-study/docs
2026-09-13T16:50:04.5524352Z copying docs/continuation-outcomes-restoration.md -> build/bdist.linux-x86_64/wheel/embedding_optimizer_study-0.1.0.data/data/share/embedding-optimizer-study/docs
2026-09-13T16:50:04.5525349Z copying docs/current-training-source.md -> build/bdist.linux-x86_64/wheel/embedding_optimizer_study-0.1.0.data/data/share/embedding-optimizer-study/docs
2026-09-13T16:50:04.5526324Z copying docs/saved-factorial-checkpoints.md -> build/bdist.linux-x86_64/wheel/embedding_optimizer_study-0.1.0.data/data/share/embedding-optimizer-study/docs
2026-09-13T16:50:04.5527323Z copying docs/endpoint-statistics-restoration.md -> build/bdist.linux-x86_64/wheel/embedding_optimizer_study-0.1.0.data/data/share/embedding-optimizer-study/docs
2026-09-13T16:50:04.5528436Z copying docs/evaluation-analysis-restoration.md -> build/bdist.linux-x86_64/wheel/embedding_optimizer_study-0.1.0.data/data/share/embedding-optimizer-study/docs
2026-09-13T16:50:04.5529472Z copying docs/first-stage-evaluation-restoration.md -> build/bdist.linux-x86_64/wheel/embedding_optimizer_study-0.1.0.data/data/share/embedding-optimizer-study/docs
2026-09-13T16:50:04.5530651Z copying docs/fourth-stage-evaluation-restoration.md -> build/bdist.linux-x86_64/wheel/embedding_optimizer_study-0.1.0.data/data/share/embedding-optimizer-study/docs
2026-09-13T16:50:04.5531739Z copying docs/fourth-stage-pool-b-evaluation-restoration.md -> build/bdist.linux-x86_64/wheel/embedding_optimizer_study-0.1.0.data/data/share/embedding-optimizer-study/docs
2026-09-13T16:50:04.5532801Z copying docs/functional-analysis-restoration.md -> build/bdist.linux-x86_64/wheel/embedding_optimizer_study-0.1.0.data/data/share/embedding-optimizer-study/docs
2026-09-13T16:50:04.5533804Z copying docs/paper-results-reproduction.md -> build/bdist.linux-x86_64/wheel/embedding_optimizer_study-0.1.0.data/data/share/embedding-optimizer-study/docs
2026-09-13T16:50:04.5534914Z copying docs/predictor-analysis-restoration.md -> build/bdist.linux-x86_64/wheel/embedding_optimizer_study-0.1.0.data/data/share/embedding-optimizer-study/docs
2026-09-13T16:50:04.5535936Z copying docs/pretrained-vector-restoration.md -> build/bdist.linux-x86_64/wheel/embedding_optimizer_study-0.1.0.data/data/share/embedding-optimizer-study/docs
2026-09-13T16:50:04.5536973Z copying docs/retrieval-trajectories-restoration.md -> build/bdist.linux-x86_64/wheel/embedding_optimizer_study-0.1.0.data/data/share/embedding-optimizer-study/docs
2026-09-13T16:50:04.5538021Z copying docs/second-stage-evaluation-restoration.md -> build/bdist.linux-x86_64/wheel/embedding_optimizer_study-0.1.0.data/data/share/embedding-optimizer-study/docs
2026-09-13T16:50:04.5539111Z copying docs/second-stage-pool-b-evaluation-restoration.md -> build/bdist.linux-x86_64/wheel/embedding_optimizer_study-0.1.0.data/data/share/embedding-optimizer-study/docs
2026-09-13T16:50:04.5540316Z copying docs/third-stage-evaluation-restoration.md -> build/bdist.linux-x86_64/wheel/embedding_optimizer_study-0.1.0.data/data/share/embedding-optimizer-study/docs
2026-09-13T16:50:04.5541398Z copying docs/third-stage-pool-b-evaluation-restoration.md -> build/bdist.linux-x86_64/wheel/embedding_optimizer_study-0.1.0.data/data/share/embedding-optimizer-study/docs
2026-09-13T16:50:04.5542448Z copying docs/training-analysis-restoration.md -> build/bdist.linux-x86_64/wheel/embedding_optimizer_study-0.1.0.data/data/share/embedding-optimizer-study/docs
2026-09-13T16:50:04.5543503Z copying docs/training-completion-evidence-restoration.md -> build/bdist.linux-x86_64/wheel/embedding_optimizer_study-0.1.0.data/data/share/embedding-optimizer-study/docs
2026-09-13T16:50:04.5544561Z copying docs/weight-analysis-restoration.md -> build/bdist.linux-x86_64/wheel/embedding_optimizer_study-0.1.0.data/data/share/embedding-optimizer-study/docs
2026-09-13T16:50:04.5545542Z copying docs/completion-gates.md -> build/bdist.linux-x86_64/wheel/embedding_optimizer_study-0.1.0.data/data/share/embedding-optimizer-study/docs
2026-09-13T16:50:04.5546464Z copying docs/training-restoration.md -> build/bdist.linux-x86_64/wheel/embedding_optimizer_study-0.1.0.data/data/share/embedding-optimizer-study/docs
2026-09-13T16:50:04.5547428Z copying docs/versioned-paper-reproduction.md -> build/bdist.linux-x86_64/wheel/embedding_optimizer_study-0.1.0.data/data/share/embedding-optimizer-study/docs
2026-09-13T16:50:04.5548465Z copying docs/source-version-testing.md -> build/bdist.linux-x86_64/wheel/embedding_optimizer_study-0.1.0.data/data/share/embedding-optimizer-study/docs
2026-09-13T16:50:04.5549641Z copying docs/dense-eval-handoff.md -> build/bdist.linux-x86_64/wheel/embedding_optimizer_study-0.1.0.data/data/share/embedding-optimizer-study/docs
2026-09-13T16:50:04.5560560Z copying docs/dense-no-packing-retrain.md -> build/bdist.linux-x86_64/wheel/embedding_optimizer_study-0.1.0.data/data/share/embedding-optimizer-study/docs
2026-09-13T16:50:04.5561721Z copying docs/naacl-dense-paper-plan.md -> build/bdist.linux-x86_64/wheel/embedding_optimizer_study-0.1.0.data/data/share/embedding-optimizer-study/docs
2026-09-13T16:50:04.5562659Z copying docs/naacl-paper-plan.md -> build/bdist.linux-x86_64/wheel/embedding_optimizer_study-0.1.0.data/data/share/embedding-optimizer-study/docs
2026-09-13T16:50:04.5563592Z copying docs/state-operator-factorial.md -> build/bdist.linux-x86_64/wheel/embedding_optimizer_study-0.1.0.data/data/share/embedding-optimizer-study/docs
2026-09-13T16:50:04.5564455Z creating build/bdist.linux-x86_64/wheel/embedding_optimizer_study-0.1.0.data/data/share/embedding-optimizer-study/paper
2026-09-13T16:50:04.5565255Z copying paper/Makefile -> build/bdist.linux-x86_64/wheel/embedding_optimizer_study-0.1.0.data/data/share/embedding-optimizer-study/paper
2026-09-13T16:50:04.5566118Z copying paper/legacy.Makefile -> build/bdist.linux-x86_64/wheel/embedding_optimizer_study-0.1.0.data/data/share/embedding-optimizer-study/paper
2026-09-13T16:50:04.5566978Z copying paper/README.md -> build/bdist.linux-x86_64/wheel/embedding_optimizer_study-0.1.0.data/data/share/embedding-optimizer-study/paper
2026-09-13T16:50:04.5567918Z copying paper/main.tex -> build/bdist.linux-x86_64/wheel/embedding_optimizer_study-0.1.0.data/data/share/embedding-optimizer-study/paper
2026-09-13T16:50:04.5568772Z copying paper/references.bib -> build/bdist.linux-x86_64/wheel/embedding_optimizer_study-0.1.0.data/data/share/embedding-optimizer-study/paper
2026-09-13T16:50:04.5569755Z copying paper/results.tex -> build/bdist.linux-x86_64/wheel/embedding_optimizer_study-0.1.0.data/data/share/embedding-optimizer-study/paper
2026-09-13T16:50:04.5570588Z creating build/bdist.linux-x86_64/wheel/embedding_optimizer_study-0.1.0.data/data/share/embedding-optimizer-study/paper/generated
2026-09-13T16:50:04.5571526Z copying paper/generated/optimizer-primary.tex -> build/bdist.linux-x86_64/wheel/embedding_optimizer_study-0.1.0.data/data/share/embedding-optimizer-study/paper/generated
2026-09-13T16:50:04.5572596Z copying paper/generated/dimension-utilization.tex -> build/bdist.linux-x86_64/wheel/embedding_optimizer_study-0.1.0.data/data/share/embedding-optimizer-study/paper/generated
2026-09-13T16:50:04.5573699Z copying paper/generated/state-operator-factorial.tex -> build/bdist.linux-x86_64/wheel/embedding_optimizer_study-0.1.0.data/data/share/embedding-optimizer-study/paper/generated
2026-09-13T16:50:04.5574667Z creating build/bdist.linux-x86_64/wheel/embedding_optimizer_study-0.1.0.data/data/share/embedding-optimizer-study/paper/current
2026-09-13T16:50:04.5575533Z copying paper/current/README.md -> build/bdist.linux-x86_64/wheel/embedding_optimizer_study-0.1.0.data/data/share/embedding-optimizer-study/paper/current
2026-09-13T16:50:04.5576520Z copying paper/current/document-snapshot.json -> build/bdist.linux-x86_64/wheel/embedding_optimizer_study-0.1.0.data/data/share/embedding-optimizer-study/paper/current
2026-09-13T16:50:04.5577509Z copying paper/current/main.tex -> build/bdist.linux-x86_64/wheel/embedding_optimizer_study-0.1.0.data/data/share/embedding-optimizer-study/paper/current
2026-09-13T16:50:04.5578460Z copying paper/current/references.bib -> build/bdist.linux-x86_64/wheel/embedding_optimizer_study-0.1.0.data/data/share/embedding-optimizer-study/paper/current
2026-09-13T16:50:04.5579440Z copying paper/current/results.tex -> build/bdist.linux-x86_64/wheel/embedding_optimizer_study-0.1.0.data/data/share/embedding-optimizer-study/paper/current
2026-09-13T16:50:04.5580457Z creating build/bdist.linux-x86_64/wheel/embedding_optimizer_study-0.1.0.data/data/share/embedding-optimizer-study/paper/current/generated
2026-09-13T16:50:04.5581477Z copying paper/current/generated/optimizer-primary.tex -> build/bdist.linux-x86_64/wheel/embedding_optimizer_study-0.1.0.data/data/share/embedding-optimizer-study/paper/current/generated
2026-09-13T16:50:04.5582647Z copying paper/current/generated/dimension-utilization.tex -> build/bdist.linux-x86_64/wheel/embedding_optimizer_study-0.1.0.data/data/share/embedding-optimizer-study/paper/current/generated
2026-09-13T16:50:04.5583944Z copying paper/current/generated/recipe-sensitivity.tex -> build/bdist.linux-x86_64/wheel/embedding_optimizer_study-0.1.0.data/data/share/embedding-optimizer-study/paper/current/generated
2026-09-13T16:50:04.5585147Z copying paper/current/generated/state-operator-factorial.tex -> build/bdist.linux-x86_64/wheel/embedding_optimizer_study-0.1.0.data/data/share/embedding-optimizer-study/paper/current/generated
2026-09-13T16:50:04.5586178Z creating build/bdist.linux-x86_64/wheel/embedding_optimizer_study-0.1.0.data/data/share/embedding-optimizer-study/paper/current/figures
2026-09-13T16:50:04.5587222Z copying paper/current/figures/optimizer-weight-dimension-map.pdf -> build/bdist.linux-x86_64/wheel/embedding_optimizer_study-0.1.0.data/data/share/embedding-optimizer-study/paper/current/figures
2026-09-13T16:50:04.5588457Z copying paper/current/figures/weight-to-retrieval-map.pdf -> build/bdist.linux-x86_64/wheel/embedding_optimizer_study-0.1.0.data/data/share/embedding-optimizer-study/paper/current/figures
2026-09-13T16:50:04.5589885Z copying paper/current/figures/full-rate-retrieval-trajectories.pdf -> build/bdist.linux-x86_64/wheel/embedding_optimizer_study-0.1.0.data/data/share/embedding-optimizer-study/paper/current/figures
2026-09-13T16:50:04.5590932Z creating build/bdist.linux-x86_64/wheel/embedding_optimizer_study-0.1.0.data/data/share/embedding-optimizer-study/paper/current/vendor
2026-09-13T16:50:04.5591861Z copying paper/current/vendor/acl.sty -> build/bdist.linux-x86_64/wheel/embedding_optimizer_study-0.1.0.data/data/share/embedding-optimizer-study/paper/current/vendor
2026-09-13T16:50:04.5592911Z copying paper/current/vendor/acl_natbib.bst -> build/bdist.linux-x86_64/wheel/embedding_optimizer_study-0.1.0.data/data/share/embedding-optimizer-study/paper/current/vendor
2026-09-13T16:50:04.5593905Z creating build/bdist.linux-x86_64/wheel/embedding_optimizer_study-0.1.0.data/data/share/embedding-optimizer-study/reports/state-operator-factorial
2026-09-13T16:50:04.5595107Z copying reports/state-operator-factorial/abstract-compliance-runtime-migration.json -> build/bdist.linux-x86_64/wheel/embedding_optimizer_study-0.1.0.data/data/share/embedding-optimizer-study/reports/state-operator-factorial
2026-09-13T16:50:04.5596290Z creating build/bdist.linux-x86_64/wheel/embedding_optimizer_study-0.1.0.data/data/share/embedding-optimizer-study/reports/candidate-breadth
2026-09-13T16:50:04.5597330Z copying reports/candidate-breadth/calibration_by_width.csv -> build/bdist.linux-x86_64/wheel/embedding_optimizer_study-0.1.0.data/data/share/embedding-optimizer-study/reports/candidate-breadth
2026-09-13T16:50:04.5598526Z copying reports/candidate-breadth/high_dose_contrasts.csv -> build/bdist.linux-x86_64/wheel/embedding_optimizer_study-0.1.0.data/data/share/embedding-optimizer-study/reports/candidate-breadth
2026-09-13T16:50:04.5599874Z copying reports/candidate-breadth/data-audit.json -> build/bdist.linux-x86_64/wheel/embedding_optimizer_study-0.1.0.data/data/share/embedding-optimizer-study/reports/candidate-breadth
2026-09-13T16:50:04.5601052Z copying reports/candidate-breadth/packing_invariance.json -> build/bdist.linux-x86_64/wheel/embedding_optimizer_study-0.1.0.data/data/share/embedding-optimizer-study/reports/candidate-breadth
2026-09-13T16:50:04.5602262Z copying reports/candidate-breadth/publication_manifest.json -> build/bdist.linux-x86_64/wheel/embedding_optimizer_study-0.1.0.data/data/share/embedding-optimizer-study/reports/candidate-breadth
2026-09-13T16:50:04.5603427Z copying reports/candidate-breadth/summary.json -> build/bdist.linux-x86_64/wheel/embedding_optimizer_study-0.1.0.data/data/share/embedding-optimizer-study/reports/candidate-breadth
2026-09-13T16:50:04.5604606Z copying reports/candidate-breadth/candidate_breadth_calibration.pdf -> build/bdist.linux-x86_64/wheel/embedding_optimizer_study-0.1.0.data/data/share/embedding-optimizer-study/reports/candidate-breadth
2026-09-13T16:50:04.5605995Z copying reports/candidate-breadth/candidate_breadth_calibration.svg -> build/bdist.linux-x86_64/wheel/embedding_optimizer_study-0.1.0.data/data/share/embedding-optimizer-study/reports/candidate-breadth
2026-09-13T16:50:04.5607079Z creating build/bdist.linux-x86_64/wheel/embedding_optimizer_study-0.1.0.data/data/share/embedding-optimizer-study/reports/three-regime-diagnostic
2026-09-13T16:50:04.5608180Z copying reports/three-regime-diagnostic/high_dose_contrasts.csv -> build/bdist.linux-x86_64/wheel/embedding_optimizer_study-0.1.0.data/data/share/embedding-optimizer-study/reports/three-regime-diagnostic
2026-09-13T16:50:04.5609437Z copying reports/three-regime-diagnostic/run_metrics.csv -> build/bdist.linux-x86_64/wheel/embedding_optimizer_study-0.1.0.data/data/share/embedding-optimizer-study/reports/three-regime-diagnostic
2026-09-13T16:50:04.5610753Z copying reports/three-regime-diagnostic/summary.json -> build/bdist.linux-x86_64/wheel/embedding_optimizer_study-0.1.0.data/data/share/embedding-optimizer-study/reports/three-regime-diagnostic
2026-09-13T16:50:04.5612006Z copying reports/three-regime-diagnostic/summary_manifest.json -> build/bdist.linux-x86_64/wheel/embedding_optimizer_study-0.1.0.data/data/share/embedding-optimizer-study/reports/three-regime-diagnostic
2026-09-13T16:50:04.5613346Z copying reports/three-regime-diagnostic/README.md -> build/bdist.linux-x86_64/wheel/embedding_optimizer_study-0.1.0.data/data/share/embedding-optimizer-study/reports/three-regime-diagnostic
2026-09-13T16:50:04.5614370Z creating build/bdist.linux-x86_64/wheel/embedding_optimizer_study-0.1.0.data/data/share/embedding-optimizer-study/reports/weight-space
2026-09-13T16:50:04.5615314Z copying reports/weight-space/README.md -> build/bdist.linux-x86_64/wheel/embedding_optimizer_study-0.1.0.data/data/share/embedding-optimizer-study/reports/weight-space
2026-09-13T16:50:04.5616452Z copying reports/weight-space/checkpoint_trajectory.csv -> build/bdist.linux-x86_64/wheel/embedding_optimizer_study-0.1.0.data/data/share/embedding-optimizer-study/reports/weight-space
2026-09-13T16:50:04.5617613Z copying reports/weight-space/optimizer_geometry_phase.svg -> build/bdist.linux-x86_64/wheel/embedding_optimizer_study-0.1.0.data/data/share/embedding-optimizer-study/reports/weight-space
2026-09-13T16:50:04.5618762Z copying reports/weight-space/optimizer_pair_contrasts.csv -> build/bdist.linux-x86_64/wheel/embedding_optimizer_study-0.1.0.data/data/share/embedding-optimizer-study/reports/weight-space
2026-09-13T16:50:04.5620096Z copying reports/weight-space/optimizer_pair_contrast_trajectory.csv -> build/bdist.linux-x86_64/wheel/embedding_optimizer_study-0.1.0.data/data/share/embedding-optimizer-study/reports/weight-space
2026-09-13T16:50:04.5621323Z copying reports/weight-space/optimizer_pair_contrast_trajectory.svg -> build/bdist.linux-x86_64/wheel/embedding_optimizer_study-0.1.0.data/data/share/embedding-optimizer-study/reports/weight-space
2026-09-13T16:50:04.5622504Z copying reports/weight-space/run_trajectory_summary.csv -> build/bdist.linux-x86_64/wheel/embedding_optimizer_study-0.1.0.data/data/share/embedding-optimizer-study/reports/weight-space
2026-09-13T16:50:04.5623633Z copying reports/weight-space/summary_manifest.json -> build/bdist.linux-x86_64/wheel/embedding_optimizer_study-0.1.0.data/data/share/embedding-optimizer-study/reports/weight-space
2026-09-13T16:50:04.5624625Z creating build/bdist.linux-x86_64/wheel/embedding_optimizer_study-0.1.0.data/data/share/embedding-optimizer-study/reports/training-dynamics
2026-09-13T16:50:04.5625677Z copying reports/training-dynamics/optimizer_system_summary.csv -> build/bdist.linux-x86_64/wheel/embedding_optimizer_study-0.1.0.data/data/share/embedding-optimizer-study/reports/training-dynamics
2026-09-13T16:50:04.5626866Z copying reports/training-dynamics/plot_manifest.json -> build/bdist.linux-x86_64/wheel/embedding_optimizer_study-0.1.0.data/data/share/embedding-optimizer-study/reports/training-dynamics
2026-09-13T16:50:04.5628007Z copying reports/training-dynamics/run_summary.csv -> build/bdist.linux-x86_64/wheel/embedding_optimizer_study-0.1.0.data/data/share/embedding-optimizer-study/reports/training-dynamics
2026-09-13T16:50:04.5629252Z copying reports/training-dynamics/stage_dynamics.csv -> build/bdist.linux-x86_64/wheel/embedding_optimizer_study-0.1.0.data/data/share/embedding-optimizer-study/reports/training-dynamics
2026-09-13T16:50:04.5630552Z copying reports/training-dynamics/summary_manifest.json -> build/bdist.linux-x86_64/wheel/embedding_optimizer_study-0.1.0.data/data/share/embedding-optimizer-study/reports/training-dynamics
2026-09-13T16:50:04.5631724Z copying reports/training-dynamics/system_tradeoffs.svg -> build/bdist.linux-x86_64/wheel/embedding_optimizer_study-0.1.0.data/data/share/embedding-optimizer-study/reports/training-dynamics
2026-09-13T16:50:04.5632916Z copying reports/training-dynamics/training_loss_dynamics.svg -> build/bdist.linux-x86_64/wheel/embedding_optimizer_study-0.1.0.data/data/share/embedding-optimizer-study/reports/training-dynamics
2026-09-13T16:50:04.5633941Z creating build/bdist.linux-x86_64/wheel/embedding_optimizer_study-0.1.0.data/data/share/embedding-optimizer-study/reports/dense-discovery
2026-09-13T16:50:04.5635061Z copying reports/dense-discovery/best_config_dynamics.csv -> build/bdist.linux-x86_64/wheel/embedding_optimizer_study-0.1.0.data/data/share/embedding-optimizer-study/reports/dense-discovery
2026-09-13T16:50:04.5636267Z copying reports/dense-discovery/best_config_task_comparison.csv -> build/bdist.linux-x86_64/wheel/embedding_optimizer_study-0.1.0.data/data/share/embedding-optimizer-study/reports/dense-discovery
2026-09-13T16:50:04.5637469Z copying reports/dense-discovery/checkpoint_summary.csv -> build/bdist.linux-x86_64/wheel/embedding_optimizer_study-0.1.0.data/data/share/embedding-optimizer-study/reports/dense-discovery
2026-09-13T16:50:04.5638606Z copying reports/dense-discovery/coverage.json -> build/bdist.linux-x86_64/wheel/embedding_optimizer_study-0.1.0.data/data/share/embedding-optimizer-study/reports/dense-discovery
2026-09-13T16:50:04.5639846Z copying reports/dense-discovery/evaluation_long.csv -> build/bdist.linux-x86_64/wheel/embedding_optimizer_study-0.1.0.data/data/share/embedding-optimizer-study/reports/dense-discovery
2026-09-13T16:50:04.5641015Z copying reports/dense-discovery/optimizer_summary.csv -> build/bdist.linux-x86_64/wheel/embedding_optimizer_study-0.1.0.data/data/share/embedding-optimizer-study/reports/dense-discovery
2026-09-13T16:50:04.5642170Z copying reports/dense-discovery/paired_comparison.csv -> build/bdist.linux-x86_64/wheel/embedding_optimizer_study-0.1.0.data/data/share/embedding-optimizer-study/reports/dense-discovery
2026-09-13T16:50:04.5643308Z copying reports/dense-discovery/system_metrics.csv -> build/bdist.linux-x86_64/wheel/embedding_optimizer_study-0.1.0.data/data/share/embedding-optimizer-study/reports/dense-discovery
2026-09-13T16:50:04.5644447Z copying reports/dense-discovery/system_summary.csv -> build/bdist.linux-x86_64/wheel/embedding_optimizer_study-0.1.0.data/data/share/embedding-optimizer-study/reports/dense-discovery
2026-09-13T16:50:04.5645584Z copying reports/dense-discovery/training_history.csv -> build/bdist.linux-x86_64/wheel/embedding_optimizer_study-0.1.0.data/data/share/embedding-optimizer-study/reports/dense-discovery
2026-09-13T16:50:04.5646607Z creating build/bdist.linux-x86_64/wheel/embedding_optimizer_study-0.1.0.data/data/share/embedding-optimizer-study/reports/dense-discovery/figures
2026-09-13T16:50:04.5647704Z copying reports/dense-discovery/figures/dense-lr-sensitivity.png -> build/bdist.linux-x86_64/wheel/embedding_optimizer_study-0.1.0.data/data/share/embedding-optimizer-study/reports/dense-discovery/figures
2026-09-13T16:50:04.5649119Z copying reports/dense-discovery/figures/dense-training-dynamics-by-run.png -> build/bdist.linux-x86_64/wheel/embedding_optimizer_study-0.1.0.data/data/share/embedding-optimizer-study/reports/dense-discovery/figures
2026-09-13T16:50:04.5650633Z copying reports/dense-discovery/figures/dense-training-dynamics.png -> build/bdist.linux-x86_64/wheel/embedding_optimizer_study-0.1.0.data/data/share/embedding-optimizer-study/reports/dense-discovery/figures
2026-09-13T16:50:04.5651952Z creating build/bdist.linux-x86_64/wheel/embedding_optimizer_study-0.1.0.data/data/share/embedding-optimizer-study/reports/retrieval-dynamics-dense
2026-09-13T16:50:04.5653166Z copying reports/retrieval-dynamics-dense/best_config_task_comparison.csv -> build/bdist.linux-x86_64/wheel/embedding_optimizer_study-0.1.0.data/data/share/embedding-optimizer-study/reports/retrieval-dynamics-dense
2026-09-13T16:50:04.5654544Z copying reports/retrieval-dynamics-dense/best_config_task_delta_dynamics.csv -> build/bdist.linux-x86_64/wheel/embedding_optimizer_study-0.1.0.data/data/share/embedding-optimizer-study/reports/retrieval-dynamics-dense
2026-09-13T16:50:04.5655839Z copying reports/retrieval-dynamics-dense/checkpoint_dynamics.csv -> build/bdist.linux-x86_64/wheel/embedding_optimizer_study-0.1.0.data/data/share/embedding-optimizer-study/reports/retrieval-dynamics-dense
2026-09-13T16:50:04.5657111Z copying reports/retrieval-dynamics-dense/optimizer_first_passage.csv -> build/bdist.linux-x86_64/wheel/embedding_optimizer_study-0.1.0.data/data/share/embedding-optimizer-study/reports/retrieval-dynamics-dense
2026-09-13T16:50:04.5658544Z copying reports/retrieval-dynamics-dense/quality_vs_useful_wall_time.svg -> build/bdist.linux-x86_64/wheel/embedding_optimizer_study-0.1.0.data/data/share/embedding-optimizer-study/reports/retrieval-dynamics-dense
2026-09-13T16:50:04.5659989Z copying reports/retrieval-dynamics-dense/run_first_passage.csv -> build/bdist.linux-x86_64/wheel/embedding_optimizer_study-0.1.0.data/data/share/embedding-optimizer-study/reports/retrieval-dynamics-dense
2026-09-13T16:50:04.5661255Z copying reports/retrieval-dynamics-dense/summary_manifest.json -> build/bdist.linux-x86_64/wheel/embedding_optimizer_study-0.1.0.data/data/share/embedding-optimizer-study/reports/retrieval-dynamics-dense
2026-09-13T16:50:04.5662527Z copying reports/retrieval-dynamics-dense/task_delta_stability.csv -> build/bdist.linux-x86_64/wheel/embedding_optimizer_study-0.1.0.data/data/share/embedding-optimizer-study/reports/retrieval-dynamics-dense
2026-09-13T16:50:04.5663627Z creating build/bdist.linux-x86_64/wheel/embedding_optimizer_study-0.1.0.data/data/share/embedding-optimizer-study/reports/dense-retrieval-dynamics
2026-09-13T16:50:04.5664685Z copying reports/dense-retrieval-dynamics/README.md -> build/bdist.linux-x86_64/wheel/embedding_optimizer_study-0.1.0.data/data/share/embedding-optimizer-study/reports/dense-retrieval-dynamics
2026-09-13T16:50:04.5665949Z copying reports/dense-retrieval-dynamics/confirmatory-evaluation-receipt.json -> build/bdist.linux-x86_64/wheel/embedding_optimizer_study-0.1.0.data/data/share/embedding-optimizer-study/reports/dense-retrieval-dynamics
2026-09-13T16:50:04.5667297Z copying reports/dense-retrieval-dynamics/evaluation-receipt.json -> build/bdist.linux-x86_64/wheel/embedding_optimizer_study-0.1.0.data/data/share/embedding-optimizer-study/reports/dense-retrieval-dynamics
2026-09-13T16:50:04.5668604Z copying reports/dense-retrieval-dynamics/five_stage_retrieval_dynamics.csv -> build/bdist.linux-x86_64/wheel/embedding_optimizer_study-0.1.0.data/data/share/embedding-optimizer-study/reports/dense-retrieval-dynamics
2026-09-13T16:50:04.5670092Z copying reports/dense-retrieval-dynamics/five_stage_retrieval_dynamics.pdf -> build/bdist.linux-x86_64/wheel/embedding_optimizer_study-0.1.0.data/data/share/embedding-optimizer-study/reports/dense-retrieval-dynamics
2026-09-13T16:50:04.5671400Z copying reports/dense-retrieval-dynamics/five_stage_retrieval_dynamics.svg -> build/bdist.linux-x86_64/wheel/embedding_optimizer_study-0.1.0.data/data/share/embedding-optimizer-study/reports/dense-retrieval-dynamics
2026-09-13T16:50:04.5672757Z copying reports/dense-retrieval-dynamics/hybrid-evaluation-receipt.json -> build/bdist.linux-x86_64/wheel/embedding_optimizer_study-0.1.0.data/data/share/embedding-optimizer-study/reports/dense-retrieval-dynamics
2026-09-13T16:50:04.5674194Z copying reports/dense-retrieval-dynamics/summary_manifest.json -> build/bdist.linux-x86_64/wheel/embedding_optimizer_study-0.1.0.data/data/share/embedding-optimizer-study/reports/dense-retrieval-dynamics
2026-09-13T16:50:04.5675233Z creating build/bdist.linux-x86_64/wheel/embedding_optimizer_study-0.1.0.data/data/share/embedding-optimizer-study/reports/wandb
2026-09-13T16:50:04.5676144Z copying reports/wandb/dense_source_provenance_audit.json -> build/bdist.linux-x86_64/wheel/embedding_optimizer_study-0.1.0.data/data/share/embedding-optimizer-study/reports/wandb
2026-09-13T16:50:04.5677074Z creating build/bdist.linux-x86_64/wheel/embedding_optimizer_study-0.1.0.data/data/share/embedding-optimizer-study/reports/confirmatory-data
2026-09-13T16:50:04.5678044Z copying reports/confirmatory-data/receipt.json -> build/bdist.linux-x86_64/wheel/embedding_optimizer_study-0.1.0.data/data/share/embedding-optimizer-study/reports/confirmatory-data
2026-09-13T16:50:04.5678977Z creating build/bdist.linux-x86_64/wheel/embedding_optimizer_study-0.1.0.data/data/share/embedding-optimizer-study/reports/short-branch
2026-09-13T16:50:04.5680066Z copying reports/short-branch/subset-receipt.json -> build/bdist.linux-x86_64/wheel/embedding_optimizer_study-0.1.0.data/data/share/embedding-optimizer-study/reports/short-branch
2026-09-13T16:50:04.5681201Z creating build/bdist.linux-x86_64/wheel/embedding_optimizer_study-0.1.0.data/data/share/embedding-optimizer-study/reports/tail-stability
2026-09-13T16:50:04.5682149Z copying reports/tail-stability/README.md -> build/bdist.linux-x86_64/wheel/embedding_optimizer_study-0.1.0.data/data/share/embedding-optimizer-study/reports/tail-stability
2026-09-13T16:50:04.5683242Z copying reports/tail-stability/discovery_anchor_tail.csv -> build/bdist.linux-x86_64/wheel/embedding_optimizer_study-0.1.0.data/data/share/embedding-optimizer-study/reports/tail-stability
2026-09-13T16:50:04.5684381Z copying reports/tail-stability/discovery_cross_tail.csv -> build/bdist.linux-x86_64/wheel/embedding_optimizer_study-0.1.0.data/data/share/embedding-optimizer-study/reports/tail-stability
2026-09-13T16:50:04.5685531Z copying reports/tail-stability/discovery_cross_tail_summary.csv -> build/bdist.linux-x86_64/wheel/embedding_optimizer_study-0.1.0.data/data/share/embedding-optimizer-study/reports/tail-stability
2026-09-13T16:50:04.5686702Z copying reports/tail-stability/discovery_family_contrasts.csv -> build/bdist.linux-x86_64/wheel/embedding_optimizer_study-0.1.0.data/data/share/embedding-optimizer-study/reports/tail-stability
2026-09-13T16:50:04.5687845Z copying reports/tail-stability/summary_manifest.json -> build/bdist.linux-x86_64/wheel/embedding_optimizer_study-0.1.0.data/data/share/embedding-optimizer-study/reports/tail-stability
2026-09-13T16:50:04.5688527Z running install_egg_info
2026-09-13T16:50:04.5689009Z Copying src/embedding_optimizer_study.egg-info to build/bdist.linux-x86_64/wheel/./embedding_optimizer_study-0.1.0-py3.12.egg-info
2026-09-13T16:50:04.5689626Z running install_scripts
2026-09-13T16:50:04.5689972Z creating build/bdist.linux-x86_64/wheel/embedding_optimizer_study-0.1.0.dist-info/WHEEL
2026-09-13T16:50:04.5690865Z creating '/home/runner/work/embedding-optimizer-study/embedding-optimizer-study/dist/.tmp-hqmwrc9d/embedding_optimizer_study-0.1.0-py3-none-any.whl' and adding 'build/bdist.linux-x86_64/wheel' to it
2026-09-13T16:50:04.5691626Z adding 'embed_optim/__init__.py'
2026-09-13T16:50:04.5703132Z adding 'embed_optim/aggregate.py'
2026-09-13T16:50:04.5705227Z adding 'embed_optim/artifact_inventory.py'
2026-09-13T16:50:04.5714263Z adding 'embed_optim/basis_sensitivity.py'
2026-09-13T16:50:04.5718198Z adding 'embed_optim/beir_probe.py'
2026-09-13T16:50:04.5720647Z adding 'embed_optim/bridge_exact_arithmetic.py'
2026-09-13T16:50:04.5722816Z adding 'embed_optim/bridge_named_features.py'
2026-09-13T16:50:04.5725250Z adding 'embed_optim/bridge_numerics.py'
2026-09-13T16:50:04.5727455Z adding 'embed_optim/callbacks.py'
2026-09-13T16:50:04.5734253Z adding 'embed_optim/candidate_breadth_data.py'
2026-09-13T16:50:04.5738407Z adding 'embed_optim/candidate_breadth_evaluation.py'
2026-09-13T16:50:04.5741013Z adding 'embed_optim/candidate_breadth_matrix.py'
2026-09-13T16:50:04.5745416Z adding 'embed_optim/candidate_breadth_publication.py'
2026-09-13T16:50:04.5749811Z adding 'embed_optim/candidate_breadth_release.py'
2026-09-13T16:50:04.5755371Z adding 'embed_optim/candidate_breadth_summary.py'
2026-09-13T16:50:04.5761400Z adding 'embed_optim/causal_chain_rendering.py'
2026-09-13T16:50:04.5772885Z adding 'embed_optim/causal_chain_reporting.py'
2026-09-13T16:50:04.5776074Z adding 'embed_optim/checkpoint_watch.py'
2026-09-13T16:50:04.5777401Z adding 'embed_optim/collators.py'
2026-09-13T16:50:04.5781959Z adding 'embed_optim/common_state_matrix.py'
2026-09-13T16:50:04.5789344Z adding 'embed_optim/common_state_spectra.py'
2026-09-13T16:50:04.5792809Z adding 'embed_optim/common_state_spectrum_plot.py'
2026-09-13T16:50:04.5797701Z adding 'embed_optim/common_state_summary.py'
2026-09-13T16:50:04.5801159Z adding 'embed_optim/complete_paper_document.py'
2026-09-13T16:50:04.5803189Z adding 'embed_optim/completion_backup_contract_migration.py'
2026-09-13T16:50:04.5805462Z adding 'embed_optim/completion_contract_migration.py'
2026-09-13T16:50:04.5807662Z adding 'embed_optim/config.py'
2026-09-13T16:50:04.5814834Z adding 'embed_optim/confirmatory_data.py'
2026-09-13T16:50:04.5817594Z adding 'embed_optim/confirmatory_evaluation.py'
2026-09-13T16:50:04.5820422Z adding 'embed_optim/confirmatory_matrix.py'
2026-09-13T16:50:04.5823576Z adding 'embed_optim/confirmatory_summary.py'
2026-09-13T16:50:04.5828457Z adding 'embed_optim/corpus_size_diagnostic.py'
2026-09-13T16:50:04.5830970Z adding 'embed_optim/corrected_beir_evaluation.py'
2026-09-13T16:50:04.5833103Z adding 'embed_optim/corrected_checkpoint_backup.py'
2026-09-13T16:50:04.5836717Z adding 'embed_optim/corrected_completion_pipeline.py'
2026-09-13T16:50:04.5840247Z adding 'embed_optim/corrected_execution_sensitivity.py'
2026-09-13T16:50:04.5842175Z adding 'embed_optim/corrected_geometry_matrix.py'
2026-09-13T16:50:04.5846171Z adding 'embed_optim/corrected_geometry_summary.py'
2026-09-13T16:50:04.5847313Z adding 'embed_optim/corrected_input_execution.py'
2026-09-13T16:50:04.5851103Z adding 'embed_optim/corrected_outcome_summary.py'
2026-09-13T16:50:04.5853200Z adding 'embed_optim/corrected_progress.py'
2026-09-13T16:50:04.5859772Z adding 'embed_optim/corrected_publication.py'
2026-09-13T16:50:04.5864511Z adding 'embed_optim/corrected_retrieval_bridge.py'
2026-09-13T16:50:04.5866082Z adding 'embed_optim/corrected_validation_evaluation.py'
2026-09-13T16:50:04.5868206Z adding 'embed_optim/corrected_validation_matrix.py'
2026-09-13T16:50:04.5870977Z adding 'embed_optim/corrected_wandb_audit.py'
2026-09-13T16:50:04.5872763Z adding 'embed_optim/current_paper.py'
2026-09-13T16:50:04.5875794Z adding 'embed_optim/data.py'
2026-09-13T16:50:04.5877499Z adding 'embed_optim/decontamination.py'
2026-09-13T16:50:04.5883589Z adding 'embed_optim/dense_completion_pipeline.py'
2026-09-13T16:50:04.5891832Z adding 'embed_optim/dense_eval_handoff.py'
2026-09-13T16:50:04.5896336Z adding 'embed_optim/dense_finalization_pipeline.py'
2026-09-13T16:50:04.5898015Z adding 'embed_optim/dense_no_packing_preflight.py'
2026-09-13T16:50:04.5899835Z adding 'embed_optim/dense_numerical_contract.py'
2026-09-13T16:50:04.5904486Z adding 'embed_optim/dense_retrieval_dynamics_evaluation.py'
2026-09-13T16:50:04.5907394Z adding 'embed_optim/dense_retrieval_dynamics_publication.py'
2026-09-13T16:50:04.5912506Z adding 'embed_optim/dense_retrieval_dynamics_summary.py'
2026-09-13T16:50:04.5915460Z adding 'embed_optim/dense_run_contract.py'
2026-09-13T16:50:04.5918609Z adding 'embed_optim/dimension_archive.py'
2026-09-13T16:50:04.5921453Z adding 'embed_optim/dimension_inference.py'
2026-09-13T16:50:04.5923135Z adding 'embed_optim/dimension_inference_render.py'
2026-09-13T16:50:04.5924667Z adding 'embed_optim/dimension_intervention_io.py'
2026-09-13T16:50:04.5926817Z adding 'embed_optim/dimension_interventions.py'
2026-09-13T16:50:04.5935030Z adding 'embed_optim/dimension_publication.py'
2026-09-13T16:50:04.5937073Z adding 'embed_optim/dimension_release.py'
2026-09-13T16:50:04.5940049Z adding 'embed_optim/dimension_replay.py'
2026-09-13T16:50:04.5945491Z adding 'embed_optim/dimension_utilization.py'
2026-09-13T16:50:04.5950448Z adding 'embed_optim/distribution_audit.py'
2026-09-13T16:50:04.5958455Z adding 'embed_optim/dose_band_analysis.py'
2026-09-13T16:50:04.5963781Z adding 'embed_optim/evaluate_matrix.py'
2026-09-13T16:50:04.5966951Z adding 'embed_optim/evaluation_progress.py'
2026-09-13T16:50:04.5980866Z adding 'embed_optim/evaluation_source_archive.py'
2026-09-13T16:50:04.5984037Z adding 'embed_optim/evaluation_source_provenance.py'
2026-09-13T16:50:04.5986730Z adding 'embed_optim/evaluation_supervisor.py'
2026-09-13T16:50:04.5988607Z adding 'embed_optim/evaluation_utils.py'
2026-09-13T16:50:04.5991262Z adding 'embed_optim/exact_bridge_measurements.py'
2026-09-13T16:50:04.5992684Z adding 'embed_optim/factorial_v3_batches.py'
2026-09-13T16:50:04.5994924Z adding 'embed_optim/factorial_v3_bound_trainer.py'
2026-09-13T16:50:04.5998489Z adding 'embed_optim/factorial_v3_calibration.py'
2026-09-13T16:50:04.6000342Z adding 'embed_optim/factorial_v3_checkpoint.py'
2026-09-13T16:50:04.6003427Z adding 'embed_optim/factorial_v3_factory.py'
2026-09-13T16:50:04.6006589Z adding 'embed_optim/factorial_v3_inputs.py'
2026-09-13T16:50:04.6010733Z adding 'embed_optim/factorial_v3_optimizer.py'
2026-09-13T16:50:04.6016197Z adding 'embed_optim/factorial_v3_run_contract.py'
2026-09-13T16:50:04.6019303Z adding 'embed_optim/factorial_v3_trainer.py'
2026-09-13T16:50:04.6023745Z adding 'embed_optim/factorial_v3_worker.py'
2026-09-13T16:50:04.6028547Z adding 'embed_optim/family_training_queue.py'
2026-09-13T16:50:04.6033323Z adding 'embed_optim/functional_intervention.py'
2026-09-13T16:50:04.6036270Z adding 'embed_optim/functional_intervention_matrix.py'
2026-09-13T16:50:04.6039437Z adding 'embed_optim/functional_intervention_summary.py'
2026-09-13T16:50:04.6044219Z adding 'embed_optim/geometry.py'
2026-09-13T16:50:04.6047333Z adding 'embed_optim/geometry_plot.py'
2026-09-13T16:50:04.6049356Z adding 'embed_optim/geometry_robustness.py'
2026-09-13T16:50:04.6052686Z adding 'embed_optim/geometry_summary.py'
2026-09-13T16:50:04.6054725Z adding 'embed_optim/gpu_lease.py'
2026-09-13T16:50:04.6059255Z adding 'embed_optim/gradient_probe.py'
2026-09-13T16:50:04.6063744Z adding 'embed_optim/hybrid_control.py'
2026-09-13T16:50:04.6064719Z adding 'embed_optim/hybrid_evaluation.py'
2026-09-13T16:50:04.6067792Z adding 'embed_optim/incremental_checkpoint_backup.py'
2026-09-13T16:50:04.6072334Z adding 'embed_optim/local_global_reversal.py'
2026-09-13T16:50:04.6073823Z adding 'embed_optim/losses.py'
2026-09-13T16:50:04.6077038Z adding 'embed_optim/matrix.py'
2026-09-13T16:50:04.6079344Z adding 'embed_optim/matrix_handoff_guard.py'
2026-09-13T16:50:04.6084623Z adding 'embed_optim/mechanism_bridge.py'
2026-09-13T16:50:04.6093463Z adding 'embed_optim/mechanism_report.py'
2026-09-13T16:50:04.6095390Z adding 'embed_optim/optimizer_state_devices.py'
2026-09-13T16:50:04.6097670Z adding 'embed_optim/optimizers.py'
2026-09-13T16:50:04.6106514Z adding 'embed_optim/outcome_report.py'
2026-09-13T16:50:04.6109375Z adding 'embed_optim/packing_invariance.py'
2026-09-13T16:50:04.6129804Z adding 'embed_optim/paper_audit.py'
2026-09-13T16:50:04.6132813Z adding 'embed_optim/paper_layout.py'
2026-09-13T16:50:04.6135831Z adding 'embed_optim/paper_reproduction.py'
2026-09-13T16:50:04.6146003Z adding 'embed_optim/paper_results.py'
2026-09-13T16:50:04.6152470Z adding 'embed_optim/post_eval_pipeline.py'
2026-09-13T16:50:04.6158433Z adding 'embed_optim/primary_completion.py'
2026-09-13T16:50:04.6161452Z adding 'embed_optim/primary_contract.py'
2026-09-13T16:50:04.6163669Z adding 'embed_optim/primary_data_revision.py'
2026-09-13T16:50:04.6167452Z adding 'embed_optim/primary_dimension_probe.py'
2026-09-13T16:50:04.6170201Z adding 'embed_optim/primary_exact_geometry_kernels.py'
2026-09-13T16:50:04.6172176Z adding 'embed_optim/primary_geometry_kernels.py'
2026-09-13T16:50:04.6173178Z adding 'embed_optim/primary_geometry_reductions.py'
2026-09-13T16:50:04.6175796Z adding 'embed_optim/primary_io.py'
2026-09-13T16:50:04.6177340Z adding 'embed_optim/primary_training.py'
2026-09-13T16:50:04.6179869Z adding 'embed_optim/primary_v3_bridge.py'
2026-09-13T16:50:04.6181832Z adding 'embed_optim/primary_v3_completion.py'
2026-09-13T16:50:04.6184004Z adding 'embed_optim/primary_v3_contract.py'
2026-09-13T16:50:04.6186752Z adding 'embed_optim/primary_v3_dimension_contract.py'
2026-09-13T16:50:04.6189398Z adding 'embed_optim/primary_v3_dimension_exports.py'
2026-09-13T16:50:04.6191808Z adding 'embed_optim/primary_v3_dimension_inference.py'
2026-09-13T16:50:04.6194085Z adding 'embed_optim/primary_v3_dimension_vector_io.py'
2026-09-13T16:50:04.6196250Z adding 'embed_optim/primary_v3_dimensions.py'
2026-09-13T16:50:04.6198916Z adding 'embed_optim/primary_v3_exact_bridge.py'
2026-09-13T16:50:04.6202134Z adding 'embed_optim/primary_v3_exact_geometry.py'
2026-09-13T16:50:04.6206857Z adding 'embed_optim/primary_v3_exact_geometry_io.py'
2026-09-13T16:50:04.6207227Z adding 'embed_optim/primary_v3_exact_geometry_primitives.py'
2026-09-13T16:50:04.6208892Z adding 'embed_optim/primary_v3_exact_publication.py'
2026-09-13T16:50:04.6210848Z adding 'embed_optim/primary_v3_exact_publication_contract.py'
2026-09-13T16:50:04.6212863Z adding 'embed_optim/primary_v3_exact_publication_render.py'
2026-09-13T16:50:04.6215546Z adding 'embed_optim/primary_v3_exact_reconstruction.py'
2026-09-13T16:50:04.6217448Z adding 'embed_optim/primary_v3_exact_reconstruction_archive.py'
2026-09-13T16:50:04.6220542Z adding 'embed_optim/primary_v3_geometry.py'
2026-09-13T16:50:04.6222924Z adding 'embed_optim/primary_v3_geometry_io.py'
2026-09-13T16:50:04.6225728Z adding 'embed_optim/primary_v3_geometry_primitives.py'
2026-09-13T16:50:04.6227887Z adding 'embed_optim/primary_v3_geometry_reconstruction.py'
2026-09-13T16:50:04.6230386Z adding 'embed_optim/primary_v3_io.py'
2026-09-13T16:50:04.6233052Z adding 'embed_optim/primary_v3_joint_reconstruction.py'
2026-09-13T16:50:04.6236164Z adding 'embed_optim/primary_v3_manuscript.py'
2026-09-13T16:50:04.6238714Z adding 'embed_optim/primary_v3_manuscript_build.py'
2026-09-13T16:50:04.6241983Z adding 'embed_optim/primary_v3_outcome_primitives.py'
2026-09-13T16:50:04.6243752Z adding 'embed_optim/primary_v3_outcome_reconstruction.py'
2026-09-13T16:50:04.6247429Z adding 'embed_optim/primary_v3_outcomes.py'
2026-09-13T16:50:04.6248889Z adding 'embed_optim/primary_v3_paper_layout.py'
2026-09-13T16:50:04.6251029Z adding 'embed_optim/primary_v3_publication.py'
2026-09-13T16:50:04.6252744Z adding 'embed_optim/primary_v3_publication_archive.py'
2026-09-13T16:50:04.6254084Z adding 'embed_optim/primary_v3_publication_bridge.py'
2026-09-13T16:50:04.6255586Z adding 'embed_optim/primary_v3_publication_contract.py'
2026-09-13T16:50:04.6257407Z adding 'embed_optim/primary_v3_publication_reconstruction.py'
2026-09-13T16:50:04.6258587Z adding 'embed_optim/primary_v3_publication_render.py'
2026-09-13T16:50:04.6260075Z adding 'embed_optim/primary_v3_publication_tables.py'
2026-09-13T16:50:04.6261542Z adding 'embed_optim/primary_v3_reconstruction_authoring.py'
2026-09-13T16:50:04.6263619Z adding 'embed_optim/primary_v3_reconstruction_inputs.py'
2026-09-13T16:50:04.6265047Z adding 'embed_optim/primary_v3_reconstruction_sources.py'
2026-09-13T16:50:04.6266303Z adding 'embed_optim/primary_v3_training.py'
2026-09-13T16:50:04.6269371Z adding 'embed_optim/primary_v3_validation.py'
2026-09-13T16:50:04.6271904Z adding 'embed_optim/primary_v3_validation_io.py'
2026-09-13T16:50:04.6273875Z adding 'embed_optim/primary_v3_vector_reconstruction.py'
2026-09-13T16:50:04.6276636Z adding 'embed_optim/primary_weight_entries.py'
2026-09-13T16:50:04.6280772Z adding 'embed_optim/probe_export.py'
2026-09-13T16:50:04.6284650Z adding 'embed_optim/probe_matrix.py'
2026-09-13T16:50:04.6287637Z adding 'embed_optim/probes.py'
2026-09-13T16:50:04.6288928Z adding 'embed_optim/pylate_compat.py'
2026-09-13T16:50:04.6291020Z adding 'embed_optim/reconstruction_files.py'
2026-09-13T16:50:04.6297242Z adding 'embed_optim/representation_geometry.py'
2026-09-13T16:50:04.6301692Z adding 'embed_optim/representation_plot.py'
2026-09-13T16:50:04.6304904Z adding 'embed_optim/representation_summary.py'
2026-09-13T16:50:04.6312442Z adding 'embed_optim/retrieval_dynamics.py'
2026-09-13T16:50:04.6314542Z adding 'embed_optim/runtime.py'
2026-09-13T16:50:04.6316871Z adding 'embed_optim/saved_factorial_checkpoint.py'
2026-09-13T16:50:04.6318501Z adding 'embed_optim/scope.py'
2026-09-13T16:50:04.6322540Z adding 'embed_optim/sealed_checkpoint_supervisor.py'
2026-09-13T16:50:04.6327312Z adding 'embed_optim/short_branch.py'
2026-09-13T16:50:04.6331137Z adding 'embed_optim/short_branch_evaluation.py'
2026-09-13T16:50:04.6335086Z adding 'embed_optim/short_branch_summary.py'
2026-09-13T16:50:04.6341397Z adding 'embed_optim/spectral_transplant.py'
2026-09-13T16:50:04.6344807Z adding 'embed_optim/spectral_transplant_matrix.py'
2026-09-13T16:50:04.6349080Z adding 'embed_optim/spectral_transplant_summary.py'
2026-09-13T16:50:04.6356873Z adding 'embed_optim/state_operator_factorial.py'
2026-09-13T16:50:04.6359083Z adding 'embed_optim/state_operator_factorial_backup.py'
2026-09-13T16:50:04.6364165Z adding 'embed_optim/state_operator_factorial_completion.py'
2026-09-13T16:50:04.6365661Z adding 'embed_optim/state_operator_factorial_contract.py'
2026-09-13T16:50:04.6368264Z adding 'embed_optim/state_operator_factorial_evaluation.py'
2026-09-13T16:50:04.6373297Z adding 'embed_optim/state_operator_factorial_probe.py'
2026-09-13T16:50:04.6376977Z adding 'embed_optim/state_operator_factorial_publication.py'
2026-09-13T16:50:04.6381170Z adding 'embed_optim/state_operator_factorial_summary.py'
2026-09-13T16:50:04.6383039Z adding 'embed_optim/state_operator_factorial_training.py'
2026-09-13T16:50:04.6386486Z adding 'embed_optim/supervisor.py'
2026-09-13T16:50:04.6389016Z adding 'embed_optim/supplemental_training_audit.py'
2026-09-13T16:50:04.6398321Z adding 'embed_optim/tail_stability.py'
2026-09-13T16:50:04.6404047Z adding 'embed_optim/temporal_short_branch.py'
2026-09-13T16:50:04.6408575Z adding 'embed_optim/temporal_short_branch_predictors.py'
2026-09-13T16:50:04.6412034Z adding 'embed_optim/three_regime_diagnostic.py'
2026-09-13T16:50:04.6416445Z adding 'embed_optim/train.py'
2026-09-13T16:50:04.6419160Z adding 'embed_optim/training_dynamics.py'
2026-09-13T16:50:04.6422457Z adding 'embed_optim/training_dynamics_plot.py'
2026-09-13T16:50:04.6426670Z adding 'embed_optim/update_geometry.py'
2026-09-13T16:50:04.6430949Z adding 'embed_optim/validation_data.py'
2026-09-13T16:50:04.6433396Z adding 'embed_optim/validation_evaluation.py'
2026-09-13T16:50:04.6435905Z adding 'embed_optim/validation_matrix.py'
2026-09-13T16:50:04.6438358Z adding 'embed_optim/validation_summary.py'
2026-09-13T16:50:04.6444204Z adding 'embed_optim/wandb_dense_provenance_audit.py'
2026-09-13T16:50:04.6449150Z adding 'embed_optim/wandb_sync.py'
2026-09-13T16:50:04.6450952Z adding 'embed_optim_restore/__init__.py'
2026-09-13T16:50:04.6451732Z adding 'embed_optim_restore/__main__.py'
2026-09-13T16:50:04.6454358Z adding 'embed_optim_restore/entry.py'
2026-09-13T16:50:04.6455447Z adding 'embed_optim_restore/equality.py'
2026-09-13T16:50:04.6456556Z adding 'embed_optim_restore/gate.py'
2026-09-13T16:50:04.6457370Z adding 'embed_optim_restore/paired.py'
2026-09-13T16:50:04.6458631Z adding 'embed_optim_restore/reference.py'
2026-09-13T16:50:04.6460478Z adding 'embed_optim_restore/step_devices.py'
2026-09-13T16:50:04.6461988Z adding 'embed_optim_restore/trace.py'
2026-09-13T16:50:04.6479272Z adding 'embed_optim_restore/references/a-0-cold.json'
2026-09-13T16:50:04.6496722Z adding 'embed_optim_restore/references/a-0-warm.json'
2026-09-13T16:50:04.6515178Z adding 'embed_optim_restore/references/a-1-cold.json'
2026-09-13T16:50:04.6532607Z adding 'embed_optim_restore/references/a-1-warm.json'
2026-09-13T16:50:04.6550842Z adding 'embed_optim_restore/references/a-2-cold.json'
2026-09-13T16:50:04.6567863Z adding 'embed_optim_restore/references/a-2-warm.json'
2026-09-13T16:50:04.6586116Z adding 'embed_optim_restore/references/a-3-cold.json'
2026-09-13T16:50:04.6603236Z adding 'embed_optim_restore/references/a-3-warm.json'
2026-09-13T16:50:04.6621357Z adding 'embed_optim_restore/references/b-0-cold.json'
2026-09-13T16:50:04.6638228Z adding 'embed_optim_restore/references/b-0-warm.json'
2026-09-13T16:50:04.6656419Z adding 'embed_optim_restore/references/b-1-cold.json'
2026-09-13T16:50:04.6673455Z adding 'embed_optim_restore/references/b-1-warm.json'
2026-09-13T16:50:04.6691563Z adding 'embed_optim_restore/references/b-2-cold.json'
2026-09-13T16:50:04.6708494Z adding 'embed_optim_restore/references/b-2-warm.json'
2026-09-13T16:50:04.6726317Z adding 'embed_optim_restore/references/b-3-cold.json'
2026-09-13T16:50:04.6743096Z adding 'embed_optim_restore/references/b-3-warm.json'
2026-09-13T16:50:04.6749322Z adding 'embedding_optimizer_study-0.1.0.data/data/share/embedding-optimizer-study/AGENTS.md'
2026-09-13T16:50:04.6751148Z adding 'embedding_optimizer_study-0.1.0.data/data/share/embedding-optimizer-study/CITATION.cff'
2026-09-13T16:50:04.6752292Z adding 'embedding_optimizer_study-0.1.0.data/data/share/embedding-optimizer-study/CODE_OF_CONDUCT.md'
2026-09-13T16:50:04.6754353Z adding 'embedding_optimizer_study-0.1.0.data/data/share/embedding-optimizer-study/CONTRIBUTING.md'
2026-09-13T16:50:04.6756597Z adding 'embedding_optimizer_study-0.1.0.data/data/share/embedding-optimizer-study/CURRENT_EXPERIMENT.md'
2026-09-13T16:50:04.6757919Z adding 'embedding_optimizer_study-0.1.0.data/data/share/embedding-optimizer-study/CURRENT_PROGRESS.json'
2026-09-13T16:50:04.6761616Z adding 'embedding_optimizer_study-0.1.0.data/data/share/embedding-optimizer-study/PROJECT_STATUS.md'
2026-09-13T16:50:04.6762671Z adding 'embedding_optimizer_study-0.1.0.data/data/share/embedding-optimizer-study/SECURITY.md'
2026-09-13T16:50:04.6764760Z adding 'embedding_optimizer_study-0.1.0.data/data/share/embedding-optimizer-study/THIRD_PARTY_NOTICES.md'
2026-09-13T16:50:04.6765532Z adding 'embedding_optimizer_study-0.1.0.data/data/share/embedding-optimizer-study/requirements-formal-flash.txt'
2026-09-13T16:50:04.6816426Z adding 'embedding_optimizer_study-0.1.0.data/data/share/embedding-optimizer-study/requirements-formal.lock'
2026-09-13T16:50:04.6820312Z adding 'embedding_optimizer_study-0.1.0.data/data/share/embedding-optimizer-study/configs/basis_sensitivity.json'
2026-09-13T16:50:04.6822176Z adding 'embedding_optimizer_study-0.1.0.data/data/share/embedding-optimizer-study/configs/beir_representation_probe.json'
2026-09-13T16:50:04.6824229Z adding 'embedding_optimizer_study-0.1.0.data/data/share/embedding-optimizer-study/configs/candidate_breadth_probe.json'
2026-09-13T16:50:04.6827179Z adding 'embedding_optimizer_study-0.1.0.data/data/share/embedding-optimizer-study/configs/causal_chain_analysis.json'
2026-09-13T16:50:04.6828465Z adding 'embedding_optimizer_study-0.1.0.data/data/share/embedding-optimizer-study/configs/common_state_probe.json'
2026-09-13T16:50:04.6829883Z adding 'embedding_optimizer_study-0.1.0.data/data/share/embedding-optimizer-study/configs/common_state_spectrum_probe.json'
2026-09-13T16:50:04.6831342Z adding 'embedding_optimizer_study-0.1.0.data/data/share/embedding-optimizer-study/configs/confirmatory_protocol.json'
2026-09-13T16:50:04.6832673Z adding 'embedding_optimizer_study-0.1.0.data/data/share/embedding-optimizer-study/configs/corpus_size_diagnostic.json'
2026-09-13T16:50:04.6833846Z adding 'embedding_optimizer_study-0.1.0.data/data/share/embedding-optimizer-study/configs/dense_correctness_candidate.yaml'
2026-09-13T16:50:04.6836379Z adding 'embedding_optimizer_study-0.1.0.data/data/share/embedding-optimizer-study/configs/dense_dimension_utilization_protocol.json'
2026-09-13T16:50:04.6838664Z adding 'embedding_optimizer_study-0.1.0.data/data/share/embedding-optimizer-study/configs/dense_no_packing_analysis_protocol.json'
2026-09-13T16:50:04.6839933Z adding 'embedding_optimizer_study-0.1.0.data/data/share/embedding-optimizer-study/configs/dense_no_packing_backup_provenance_migration.json'
2026-09-13T16:50:04.6842032Z adding 'embedding_optimizer_study-0.1.0.data/data/share/embedding-optimizer-study/configs/dense_no_packing_bridge_implementation_protocol.json'
2026-09-13T16:50:04.6844014Z adding 'embedding_optimizer_study-0.1.0.data/data/share/embedding-optimizer-study/configs/dense_no_packing_bridge_implementation_protocol_v2.json'
2026-09-13T16:50:04.6845197Z adding 'embedding_optimizer_study-0.1.0.data/data/share/embedding-optimizer-study/configs/dense_no_packing_completion_contract_migration.json'
2026-09-13T16:50:04.6847117Z adding 'embedding_optimizer_study-0.1.0.data/data/share/embedding-optimizer-study/configs/dense_no_packing_evaluation_protocol.json'
2026-09-13T16:50:04.6849196Z adding 'embedding_optimizer_study-0.1.0.data/data/share/embedding-optimizer-study/configs/dense_no_packing_execution_protocol.json'
2026-09-13T16:50:04.6850493Z adding 'embedding_optimizer_study-0.1.0.data/data/share/embedding-optimizer-study/configs/dense_no_packing_matrix_handoff_guard.json'
2026-09-13T16:50:04.6852951Z adding 'embedding_optimizer_study-0.1.0.data/data/share/embedding-optimizer-study/configs/dense_no_packing_outcome_protocol.json'
2026-09-13T16:50:04.6853904Z adding 'embedding_optimizer_study-0.1.0.data/data/share/embedding-optimizer-study/configs/dense_no_packing_preflight.yaml'
2026-09-13T16:50:04.6855414Z adding 'embedding_optimizer_study-0.1.0.data/data/share/embedding-optimizer-study/configs/dense_no_packing_preflight_protocol.json'
2026-09-13T16:50:04.6856645Z adding 'embedding_optimizer_study-0.1.0.data/data/share/embedding-optimizer-study/configs/dense_no_packing_publication_layout_migration.json'
2026-09-13T16:50:04.6857838Z adding 'embedding_optimizer_study-0.1.0.data/data/share/embedding-optimizer-study/configs/dense_no_packing_publication_narrative_migration.json'
2026-09-13T16:50:04.6860702Z adding 'embedding_optimizer_study-0.1.0.data/data/share/embedding-optimizer-study/configs/dense_no_packing_publication_protocol.json'
2026-09-13T16:50:04.6861666Z adding 'embedding_optimizer_study-0.1.0.data/data/share/embedding-optimizer-study/configs/dense_no_packing_retrain.yaml'
2026-09-13T16:50:04.6863710Z adding 'embedding_optimizer_study-0.1.0.data/data/share/embedding-optimizer-study/configs/dense_no_packing_sensitivity_implementation_protocol.json'
2026-09-13T16:50:04.6865213Z adding 'embedding_optimizer_study-0.1.0.data/data/share/embedding-optimizer-study/configs/dense_no_packing_state_operator_abstract_compliance_migration.json'
2026-09-13T16:50:04.6867280Z adding 'embedding_optimizer_study-0.1.0.data/data/share/embedding-optimizer-study/configs/dense_no_packing_state_operator_claim_wording_amendment.json'
2026-09-13T16:50:04.6869750Z adding 'embedding_optimizer_study-0.1.0.data/data/share/embedding-optimizer-study/configs/dense_no_packing_state_operator_factorial_completion_protocol.json'
2026-09-13T16:50:04.6872903Z adding 'embedding_optimizer_study-0.1.0.data/data/share/embedding-optimizer-study/configs/dense_no_packing_state_operator_factorial_implementation_protocol.json'
2026-09-13T16:50:04.6875653Z adding 'embedding_optimizer_study-0.1.0.data/data/share/embedding-optimizer-study/configs/dense_no_packing_state_operator_factorial_protocol.json'
2026-09-13T16:50:04.6877768Z adding 'embedding_optimizer_study-0.1.0.data/data/share/embedding-optimizer-study/configs/dense_no_packing_state_operator_factorial_publication_protocol.json'
2026-09-13T16:50:04.6879469Z adding 'embedding_optimizer_study-0.1.0.data/data/share/embedding-optimizer-study/configs/dense_no_packing_state_operator_weight_space_narrative_migration.json'
2026-09-13T16:50:04.6881413Z adding 'embedding_optimizer_study-0.1.0.data/data/share/embedding-optimizer-study/configs/dense_primary_dimension_archive_protocol.json'
2026-09-13T16:50:04.6882962Z adding 'embedding_optimizer_study-0.1.0.data/data/share/embedding-optimizer-study/configs/dense_primary_dimension_export_protocol.json'
2026-09-13T16:50:04.6884677Z adding 'embedding_optimizer_study-0.1.0.data/data/share/embedding-optimizer-study/configs/dense_primary_dimension_handoff_protocol.json'
2026-09-13T16:50:04.6887442Z adding 'embedding_optimizer_study-0.1.0.data/data/share/embedding-optimizer-study/configs/dense_primary_v2_protocol.json'
2026-09-13T16:50:04.6889121Z adding 'embedding_optimizer_study-0.1.0.data/data/share/embedding-optimizer-study/configs/dense_primary_v3_bridge_protocol.json'
2026-09-13T16:50:04.6892334Z adding 'embedding_optimizer_study-0.1.0.data/data/share/embedding-optimizer-study/configs/dense_primary_v3_data_amendment.json'
2026-09-13T16:50:04.6895520Z adding 'embedding_optimizer_study-0.1.0.data/data/share/embedding-optimizer-study/configs/dense_primary_v3_dimension_inference_protocol.json'
2026-09-13T16:50:04.6897902Z adding 'embedding_optimizer_study-0.1.0.data/data/share/embedding-optimizer-study/configs/dense_primary_v3_dimensions_protocol.json'
2026-09-13T16:50:04.6900374Z adding 'embedding_optimizer_study-0.1.0.data/data/share/embedding-optimizer-study/configs/dense_primary_v3_exact_bridge_protocol.json'
2026-09-13T16:50:04.6902240Z adding 'embedding_optimizer_study-0.1.0.data/data/share/embedding-optimizer-study/configs/dense_primary_v3_exact_geometry_protocol.json'
2026-09-13T16:50:04.6904352Z adding 'embedding_optimizer_study-0.1.0.data/data/share/embedding-optimizer-study/configs/dense_primary_v3_exact_publication_protocol.json'
2026-09-13T16:50:04.6906137Z adding 'embedding_optimizer_study-0.1.0.data/data/share/embedding-optimizer-study/configs/dense_primary_v3_geometry_protocol.json'
2026-09-13T16:50:04.6908081Z adding 'embedding_optimizer_study-0.1.0.data/data/share/embedding-optimizer-study/configs/dense_primary_v3_geometry_protocol_v2.json'
2026-09-13T16:50:04.6909807Z adding 'embedding_optimizer_study-0.1.0.data/data/share/embedding-optimizer-study/configs/dense_primary_v3_outcome_protocol.json'
2026-09-13T16:50:04.6911577Z adding 'embedding_optimizer_study-0.1.0.data/data/share/embedding-optimizer-study/configs/dense_primary_v3_outcome_protocol_v2.json'
2026-09-13T16:50:04.6914879Z adding 'embedding_optimizer_study-0.1.0.data/data/share/embedding-optimizer-study/configs/dense_primary_v3_protocol.json'
2026-09-13T16:50:04.6917172Z adding 'embedding_optimizer_study-0.1.0.data/data/share/embedding-optimizer-study/configs/dense_primary_v3_publication_protocol.json'
2026-09-13T16:50:04.6918819Z adding 'embedding_optimizer_study-0.1.0.data/data/share/embedding-optimizer-study/configs/dense_primary_v3_validation_protocol.json'
2026-09-13T16:50:04.6920129Z adding 'embedding_optimizer_study-0.1.0.data/data/share/embedding-optimizer-study/configs/dense_retrieval_dynamics_extension.json'
2026-09-13T16:50:04.6921213Z adding 'embedding_optimizer_study-0.1.0.data/data/share/embedding-optimizer-study/configs/dense_scope_amendment.json'
2026-09-13T16:50:04.6922232Z adding 'embedding_optimizer_study-0.1.0.data/data/share/embedding-optimizer-study/configs/dense_training_queue.json'
2026-09-13T16:50:04.6923577Z adding 'embedding_optimizer_study-0.1.0.data/data/share/embedding-optimizer-study/configs/dense_weight_entry_measurement_amendment.json'
2026-09-13T16:50:04.6924723Z adding 'embedding_optimizer_study-0.1.0.data/data/share/embedding-optimizer-study/configs/experiment.yaml'
2026-09-13T16:50:04.6925910Z adding 'embedding_optimizer_study-0.1.0.data/data/share/embedding-optimizer-study/configs/formal_runtime.json'
2026-09-13T16:50:04.6926599Z adding 'embedding_optimizer_study-0.1.0.data/data/share/embedding-optimizer-study/configs/formal_runtime_constraints.txt'
2026-09-13T16:50:04.6928166Z adding 'embedding_optimizer_study-0.1.0.data/data/share/embedding-optimizer-study/configs/functional_intervention.json'
2026-09-13T16:50:04.6928978Z adding 'embedding_optimizer_study-0.1.0.data/data/share/embedding-optimizer-study/configs/hybrid_adamw.yaml'
2026-09-13T16:50:04.6930453Z adding 'embedding_optimizer_study-0.1.0.data/data/share/embedding-optimizer-study/configs/hybrid_adamw_control.json'
2026-09-13T16:50:04.6931859Z adding 'embedding_optimizer_study-0.1.0.data/data/share/embedding-optimizer-study/configs/local_global_reversal.json'
2026-09-13T16:50:04.6932994Z adding 'embedding_optimizer_study-0.1.0.data/data/share/embedding-optimizer-study/configs/loss_retrieval_diagnostic.json'
2026-09-13T16:50:04.6933916Z adding 'embedding_optimizer_study-0.1.0.data/data/share/embedding-optimizer-study/configs/mechanism_analysis_integration.json'
2026-09-13T16:50:04.6936349Z adding 'embedding_optimizer_study-0.1.0.data/data/share/embedding-optimizer-study/configs/paper_claim_protocol.json'
2026-09-13T16:50:04.7001693Z adding 'embedding_optimizer_study-0.1.0.data/data/share/embedding-optimizer-study/configs/portable_paper_evidence.json'
2026-09-13T16:50:04.7007137Z adding 'embedding_optimizer_study-0.1.0.data/data/share/embedding-optimizer-study/configs/representation_probe.json'
2026-09-13T16:50:04.7008217Z adding 'embedding_optimizer_study-0.1.0.data/data/share/embedding-optimizer-study/configs/retrieval_dynamics_protocol.json'
2026-09-13T16:50:04.7009973Z adding 'embedding_optimizer_study-0.1.0.data/data/share/embedding-optimizer-study/configs/short_branch_protocol.json'
2026-09-13T16:50:04.7010812Z adding 'embedding_optimizer_study-0.1.0.data/data/share/embedding-optimizer-study/configs/smoke.yaml'
2026-09-13T16:50:04.7013298Z adding 'embedding_optimizer_study-0.1.0.data/data/share/embedding-optimizer-study/configs/spectral_transplant_intervention.json'
2026-09-13T16:50:04.7014028Z adding 'embedding_optimizer_study-0.1.0.data/data/share/embedding-optimizer-study/configs/stress.yaml'
2026-09-13T16:50:04.7016336Z adding 'embedding_optimizer_study-0.1.0.data/data/share/embedding-optimizer-study/configs/tail_stability_analysis.json'
2026-09-13T16:50:04.7017668Z adding 'embedding_optimizer_study-0.1.0.data/data/share/embedding-optimizer-study/configs/three_regime_diagnostic.json'
2026-09-13T16:50:04.7018580Z adding 'embedding_optimizer_study-0.1.0.data/data/share/embedding-optimizer-study/configs/training_data_contract.json'
2026-09-13T16:50:04.7020457Z adding 'embedding_optimizer_study-0.1.0.data/data/share/embedding-optimizer-study/configs/validation_probe.json'
2026-09-13T16:50:04.7022382Z adding 'embedding_optimizer_study-0.1.0.data/data/share/embedding-optimizer-study/configs/generated/confirmatory/seed161803.yaml'
2026-09-13T16:50:04.7023285Z adding 'embedding_optimizer_study-0.1.0.data/data/share/embedding-optimizer-study/configs/generated/confirmatory/seed271828.yaml'
2026-09-13T16:50:04.7024360Z adding 'embedding_optimizer_study-0.1.0.data/data/share/embedding-optimizer-study/configs/generated/confirmatory/seed314159.yaml'
2026-09-13T16:50:04.7026084Z adding 'embedding_optimizer_study-0.1.0.data/data/share/embedding-optimizer-study/configs/generated/short-branch/seed161803.yaml'
2026-09-13T16:50:04.7027097Z adding 'embedding_optimizer_study-0.1.0.data/data/share/embedding-optimizer-study/configs/generated/short-branch/seed271828.yaml'
2026-09-13T16:50:04.7028320Z adding 'embedding_optimizer_study-0.1.0.data/data/share/embedding-optimizer-study/configs/generated/short-branch/seed314159.yaml'
2026-09-13T16:50:04.7030956Z adding 'embedding_optimizer_study-0.1.0.data/data/share/embedding-optimizer-study/docs/checkpoint-restoration.md'
2026-09-13T16:50:04.7037026Z adding 'embedding_optimizer_study-0.1.0.data/data/share/embedding-optimizer-study/docs/completion-gates.md'
2026-09-13T16:50:04.7039007Z adding 'embedding_optimizer_study-0.1.0.data/data/share/embedding-optimizer-study/docs/continuation-outcomes-restoration.md'
2026-09-13T16:50:04.7040960Z adding 'embedding_optimizer_study-0.1.0.data/data/share/embedding-optimizer-study/docs/continuation-probe-restoration.md'
2026-09-13T16:50:04.7042554Z adding 'embedding_optimizer_study-0.1.0.data/data/share/embedding-optimizer-study/docs/current-training-source.md'
2026-09-13T16:50:04.7044326Z adding 'embedding_optimizer_study-0.1.0.data/data/share/embedding-optimizer-study/docs/dense-eval-handoff.md'
2026-09-13T16:50:04.7049163Z adding 'embedding_optimizer_study-0.1.0.data/data/share/embedding-optimizer-study/docs/dense-no-packing-retrain.md'
2026-09-13T16:50:04.7051228Z adding 'embedding_optimizer_study-0.1.0.data/data/share/embedding-optimizer-study/docs/endpoint-statistics-restoration.md'
2026-09-13T16:50:04.7053583Z adding 'embedding_optimizer_study-0.1.0.data/data/share/embedding-optimizer-study/docs/evaluation-analysis-restoration.md'
2026-09-13T16:50:04.7055412Z adding 'embedding_optimizer_study-0.1.0.data/data/share/embedding-optimizer-study/docs/first-stage-evaluation-restoration.md'
2026-09-13T16:50:04.7056963Z adding 'embedding_optimizer_study-0.1.0.data/data/share/embedding-optimizer-study/docs/fourth-stage-evaluation-restoration.md'
2026-09-13T16:50:04.7058992Z adding 'embedding_optimizer_study-0.1.0.data/data/share/embedding-optimizer-study/docs/fourth-stage-pool-b-evaluation-restoration.md'
2026-09-13T16:50:04.7060460Z adding 'embedding_optimizer_study-0.1.0.data/data/share/embedding-optimizer-study/docs/functional-analysis-restoration.md'
2026-09-13T16:50:04.7063774Z adding 'embedding_optimizer_study-0.1.0.data/data/share/embedding-optimizer-study/docs/naacl-dense-paper-plan.md'
2026-09-13T16:50:04.7080378Z adding 'embedding_optimizer_study-0.1.0.data/data/share/embedding-optimizer-study/docs/naacl-paper-plan.md'
2026-09-13T16:50:04.7083293Z adding 'embedding_optimizer_study-0.1.0.data/data/share/embedding-optimizer-study/docs/paper-results-reproduction.md'
2026-09-13T16:50:04.7085217Z adding 'embedding_optimizer_study-0.1.0.data/data/share/embedding-optimizer-study/docs/predictor-analysis-restoration.md'
2026-09-13T16:50:04.7087081Z adding 'embedding_optimizer_study-0.1.0.data/data/share/embedding-optimizer-study/docs/pretrained-vector-restoration.md'
2026-09-13T16:50:04.7089000Z adding 'embedding_optimizer_study-0.1.0.data/data/share/embedding-optimizer-study/docs/retrieval-trajectories-restoration.md'
2026-09-13T16:50:04.7090855Z adding 'embedding_optimizer_study-0.1.0.data/data/share/embedding-optimizer-study/docs/saved-factorial-checkpoints.md'
2026-09-13T16:50:04.7092954Z adding 'embedding_optimizer_study-0.1.0.data/data/share/embedding-optimizer-study/docs/second-stage-evaluation-restoration.md'
2026-09-13T16:50:04.7095015Z adding 'embedding_optimizer_study-0.1.0.data/data/share/embedding-optimizer-study/docs/second-stage-pool-b-evaluation-restoration.md'
2026-09-13T16:50:04.7096606Z adding 'embedding_optimizer_study-0.1.0.data/data/share/embedding-optimizer-study/docs/source-version-testing.md'
2026-09-13T16:50:04.7099172Z adding 'embedding_optimizer_study-0.1.0.data/data/share/embedding-optimizer-study/docs/state-operator-factorial.md'
2026-09-13T16:50:04.7101423Z adding 'embedding_optimizer_study-0.1.0.data/data/share/embedding-optimizer-study/docs/third-stage-evaluation-restoration.md'
2026-09-13T16:50:04.7103460Z adding 'embedding_optimizer_study-0.1.0.data/data/share/embedding-optimizer-study/docs/third-stage-pool-b-evaluation-restoration.md'
2026-09-13T16:50:04.7105644Z adding 'embedding_optimizer_study-0.1.0.data/data/share/embedding-optimizer-study/docs/training-analysis-restoration.md'
2026-09-13T16:50:04.7107433Z adding 'embedding_optimizer_study-0.1.0.data/data/share/embedding-optimizer-study/docs/training-completion-evidence-restoration.md'
2026-09-13T16:50:04.7109325Z adding 'embedding_optimizer_study-0.1.0.data/data/share/embedding-optimizer-study/docs/training-restoration.md'
2026-09-13T16:50:04.7111202Z adding 'embedding_optimizer_study-0.1.0.data/data/share/embedding-optimizer-study/docs/versioned-paper-reproduction.md'
2026-09-13T16:50:04.7113211Z adding 'embedding_optimizer_study-0.1.0.data/data/share/embedding-optimizer-study/docs/weight-analysis-restoration.md'
2026-09-13T16:50:04.7114807Z adding 'embedding_optimizer_study-0.1.0.data/data/share/embedding-optimizer-study/paper/Makefile'
2026-09-13T16:50:04.7117759Z adding 'embedding_optimizer_study-0.1.0.data/data/share/embedding-optimizer-study/paper/README.md'
2026-09-13T16:50:04.7119247Z adding 'embedding_optimizer_study-0.1.0.data/data/share/embedding-optimizer-study/paper/legacy.Makefile'
2026-09-13T16:50:04.7125855Z adding 'embedding_optimizer_study-0.1.0.data/data/share/embedding-optimizer-study/paper/main.tex'
2026-09-13T16:50:04.7127787Z adding 'embedding_optimizer_study-0.1.0.data/data/share/embedding-optimizer-study/paper/references.bib'
2026-09-13T16:50:04.7129483Z adding 'embedding_optimizer_study-0.1.0.data/data/share/embedding-optimizer-study/paper/results.tex'
2026-09-13T16:50:04.7131246Z adding 'embedding_optimizer_study-0.1.0.data/data/share/embedding-optimizer-study/paper/current/README.md'
2026-09-13T16:50:04.7132416Z adding 'embedding_optimizer_study-0.1.0.data/data/share/embedding-optimizer-study/paper/current/document-snapshot.json'
2026-09-13T16:50:04.7140627Z adding 'embedding_optimizer_study-0.1.0.data/data/share/embedding-optimizer-study/paper/current/main.tex'
2026-09-13T16:50:04.7142983Z adding 'embedding_optimizer_study-0.1.0.data/data/share/embedding-optimizer-study/paper/current/references.bib'
2026-09-13T16:50:04.7143816Z adding 'embedding_optimizer_study-0.1.0.data/data/share/embedding-optimizer-study/paper/current/results.tex'
2026-09-13T16:50:04.7147650Z adding 'embedding_optimizer_study-0.1.0.data/data/share/embedding-optimizer-study/paper/current/figures/full-rate-retrieval-trajectories.pdf'
2026-09-13T16:50:04.7155273Z adding 'embedding_optimizer_study-0.1.0.data/data/share/embedding-optimizer-study/paper/current/figures/optimizer-weight-dimension-map.pdf'
2026-09-13T16:50:04.7159143Z adding 'embedding_optimizer_study-0.1.0.data/data/share/embedding-optimizer-study/paper/current/figures/weight-to-retrieval-map.pdf'
2026-09-13T16:50:04.7161784Z adding 'embedding_optimizer_study-0.1.0.data/data/share/embedding-optimizer-study/paper/current/generated/dimension-utilization.tex'
2026-09-13T16:50:04.7163641Z adding 'embedding_optimizer_study-0.1.0.data/data/share/embedding-optimizer-study/paper/current/generated/optimizer-primary.tex'
2026-09-13T16:50:04.7165299Z adding 'embedding_optimizer_study-0.1.0.data/data/share/embedding-optimizer-study/paper/current/generated/recipe-sensitivity.tex'
2026-09-13T16:50:04.7166305Z adding 'embedding_optimizer_study-0.1.0.data/data/share/embedding-optimizer-study/paper/current/generated/state-operator-factorial.tex'
2026-09-13T16:50:04.7169251Z adding 'embedding_optimizer_study-0.1.0.data/data/share/embedding-optimizer-study/paper/current/vendor/acl.sty'
2026-09-13T16:50:04.7177707Z adding 'embedding_optimizer_study-0.1.0.data/data/share/embedding-optimizer-study/paper/current/vendor/acl_natbib.bst'
2026-09-13T16:50:04.7179444Z adding 'embedding_optimizer_study-0.1.0.data/data/share/embedding-optimizer-study/paper/generated/dimension-utilization.tex'
2026-09-13T16:50:04.7180773Z adding 'embedding_optimizer_study-0.1.0.data/data/share/embedding-optimizer-study/paper/generated/optimizer-primary.tex'
2026-09-13T16:50:04.7182147Z adding 'embedding_optimizer_study-0.1.0.data/data/share/embedding-optimizer-study/paper/generated/state-operator-factorial.tex'
2026-09-13T16:50:04.7184181Z adding 'embedding_optimizer_study-0.1.0.data/data/share/embedding-optimizer-study/reports/candidate-breadth/calibration_by_width.csv'
2026-09-13T16:50:04.7188782Z adding 'embedding_optimizer_study-0.1.0.data/data/share/embedding-optimizer-study/reports/candidate-breadth/candidate_breadth_calibration.pdf'
2026-09-13T16:50:04.7201419Z adding 'embedding_optimizer_study-0.1.0.data/data/share/embedding-optimizer-study/reports/candidate-breadth/candidate_breadth_calibration.svg'
2026-09-13T16:50:04.7203137Z adding 'embedding_optimizer_study-0.1.0.data/data/share/embedding-optimizer-study/reports/candidate-breadth/data-audit.json'
2026-09-13T16:50:04.7204827Z adding 'embedding_optimizer_study-0.1.0.data/data/share/embedding-optimizer-study/reports/candidate-breadth/high_dose_contrasts.csv'
2026-09-13T16:50:04.7206483Z adding 'embedding_optimizer_study-0.1.0.data/data/share/embedding-optimizer-study/reports/candidate-breadth/packing_invariance.json'
2026-09-13T16:50:04.7207480Z adding 'embedding_optimizer_study-0.1.0.data/data/share/embedding-optimizer-study/reports/candidate-breadth/publication_manifest.json'
2026-09-13T16:50:04.7209194Z adding 'embedding_optimizer_study-0.1.0.data/data/share/embedding-optimizer-study/reports/candidate-breadth/summary.json'
2026-09-13T16:50:04.7210956Z adding 'embedding_optimizer_study-0.1.0.data/data/share/embedding-optimizer-study/reports/confirmatory-data/receipt.json'
2026-09-13T16:50:04.7212042Z adding 'embedding_optimizer_study-0.1.0.data/data/share/embedding-optimizer-study/reports/dense-discovery/best_config_dynamics.csv'
2026-09-13T16:50:04.7213199Z adding 'embedding_optimizer_study-0.1.0.data/data/share/embedding-optimizer-study/reports/dense-discovery/best_config_task_comparison.csv'
2026-09-13T16:50:04.7214502Z adding 'embedding_optimizer_study-0.1.0.data/data/share/embedding-optimizer-study/reports/dense-discovery/checkpoint_summary.csv'
2026-09-13T16:50:04.7216225Z adding 'embedding_optimizer_study-0.1.0.data/data/share/embedding-optimizer-study/reports/dense-discovery/coverage.json'
2026-09-13T16:50:04.7226021Z adding 'embedding_optimizer_study-0.1.0.data/data/share/embedding-optimizer-study/reports/dense-discovery/evaluation_long.csv'
2026-09-13T16:50:04.7227984Z adding 'embedding_optimizer_study-0.1.0.data/data/share/embedding-optimizer-study/reports/dense-discovery/optimizer_summary.csv'
2026-09-13T16:50:04.7228846Z adding 'embedding_optimizer_study-0.1.0.data/data/share/embedding-optimizer-study/reports/dense-discovery/paired_comparison.csv'
2026-09-13T16:50:04.7230329Z adding 'embedding_optimizer_study-0.1.0.data/data/share/embedding-optimizer-study/reports/dense-discovery/system_metrics.csv'
2026-09-13T16:50:04.7231381Z adding 'embedding_optimizer_study-0.1.0.data/data/share/embedding-optimizer-study/reports/dense-discovery/system_summary.csv'
2026-09-13T16:50:04.7352561Z adding 'embedding_optimizer_study-0.1.0.data/data/share/embedding-optimizer-study/reports/dense-discovery/training_history.csv'
2026-09-13T16:50:04.7375128Z adding 'embedding_optimizer_study-0.1.0.data/data/share/embedding-optimizer-study/reports/dense-discovery/figures/dense-lr-sensitivity.png'
2026-09-13T16:50:04.7414477Z adding 'embedding_optimizer_study-0.1.0.data/data/share/embedding-optimizer-study/reports/dense-discovery/figures/dense-training-dynamics-by-run.png'
2026-09-13T16:50:04.7436495Z adding 'embedding_optimizer_study-0.1.0.data/data/share/embedding-optimizer-study/reports/dense-discovery/figures/dense-training-dynamics.png'
2026-09-13T16:50:04.7438445Z adding 'embedding_optimizer_study-0.1.0.data/data/share/embedding-optimizer-study/reports/dense-retrieval-dynamics/README.md'
2026-09-13T16:50:04.7462799Z adding 'embedding_optimizer_study-0.1.0.data/data/share/embedding-optimizer-study/reports/dense-retrieval-dynamics/confirmatory-evaluation-receipt.json'
2026-09-13T16:50:04.7493352Z adding 'embedding_optimizer_study-0.1.0.data/data/share/embedding-optimizer-study/reports/dense-retrieval-dynamics/evaluation-receipt.json'
2026-09-13T16:50:04.7498191Z adding 'embedding_optimizer_study-0.1.0.data/data/share/embedding-optimizer-study/reports/dense-retrieval-dynamics/five_stage_retrieval_dynamics.csv'
2026-09-13T16:50:04.7503004Z adding 'embedding_optimizer_study-0.1.0.data/data/share/embedding-optimizer-study/reports/dense-retrieval-dynamics/five_stage_retrieval_dynamics.pdf'
2026-09-13T16:50:04.7516280Z adding 'embedding_optimizer_study-0.1.0.data/data/share/embedding-optimizer-study/reports/dense-retrieval-dynamics/five_stage_retrieval_dynamics.svg'
2026-09-13T16:50:04.7522903Z adding 'embedding_optimizer_study-0.1.0.data/data/share/embedding-optimizer-study/reports/dense-retrieval-dynamics/hybrid-evaluation-receipt.json'
2026-09-13T16:50:04.7547593Z adding 'embedding_optimizer_study-0.1.0.data/data/share/embedding-optimizer-study/reports/dense-retrieval-dynamics/summary_manifest.json'
2026-09-13T16:50:04.7550727Z adding 'embedding_optimizer_study-0.1.0.data/data/share/embedding-optimizer-study/reports/retrieval-dynamics-dense/best_config_task_comparison.csv'
2026-09-13T16:50:04.7553189Z adding 'embedding_optimizer_study-0.1.0.data/data/share/embedding-optimizer-study/reports/retrieval-dynamics-dense/best_config_task_delta_dynamics.csv'
2026-09-13T16:50:04.7555183Z adding 'embedding_optimizer_study-0.1.0.data/data/share/embedding-optimizer-study/reports/retrieval-dynamics-dense/checkpoint_dynamics.csv'
2026-09-13T16:50:04.7556228Z adding 'embedding_optimizer_study-0.1.0.data/data/share/embedding-optimizer-study/reports/retrieval-dynamics-dense/optimizer_first_passage.csv'
2026-09-13T16:50:04.7567167Z adding 'embedding_optimizer_study-0.1.0.data/data/share/embedding-optimizer-study/reports/retrieval-dynamics-dense/quality_vs_useful_wall_time.svg'
2026-09-13T16:50:04.7568889Z adding 'embedding_optimizer_study-0.1.0.data/data/share/embedding-optimizer-study/reports/retrieval-dynamics-dense/run_first_passage.csv'
2026-09-13T16:50:04.7570807Z adding 'embedding_optimizer_study-0.1.0.data/data/share/embedding-optimizer-study/reports/retrieval-dynamics-dense/summary_manifest.json'
2026-09-13T16:50:04.7572638Z adding 'embedding_optimizer_study-0.1.0.data/data/share/embedding-optimizer-study/reports/retrieval-dynamics-dense/task_delta_stability.csv'
2026-09-13T16:50:04.7574080Z adding 'embedding_optimizer_study-0.1.0.data/data/share/embedding-optimizer-study/reports/short-branch/subset-receipt.json'
2026-09-13T16:50:04.7575732Z adding 'embedding_optimizer_study-0.1.0.data/data/share/embedding-optimizer-study/reports/state-operator-factorial/abstract-compliance-runtime-migration.json'
2026-09-13T16:50:04.7577277Z adding 'embedding_optimizer_study-0.1.0.data/data/share/embedding-optimizer-study/reports/tail-stability/README.md'
2026-09-13T16:50:04.7579217Z adding 'embedding_optimizer_study-0.1.0.data/data/share/embedding-optimizer-study/reports/tail-stability/discovery_anchor_tail.csv'
2026-09-13T16:50:04.7581018Z adding 'embedding_optimizer_study-0.1.0.data/data/share/embedding-optimizer-study/reports/tail-stability/discovery_cross_tail.csv'
2026-09-13T16:50:04.7582120Z adding 'embedding_optimizer_study-0.1.0.data/data/share/embedding-optimizer-study/reports/tail-stability/discovery_cross_tail_summary.csv'
2026-09-13T16:50:04.7583430Z adding 'embedding_optimizer_study-0.1.0.data/data/share/embedding-optimizer-study/reports/tail-stability/discovery_family_contrasts.csv'
2026-09-13T16:50:04.7588205Z adding 'embedding_optimizer_study-0.1.0.data/data/share/embedding-optimizer-study/reports/tail-stability/summary_manifest.json'
2026-09-13T16:50:04.7589761Z adding 'embedding_optimizer_study-0.1.0.data/data/share/embedding-optimizer-study/reports/three-regime-diagnostic/README.md'
2026-09-13T16:50:04.7590542Z adding 'embedding_optimizer_study-0.1.0.data/data/share/embedding-optimizer-study/reports/three-regime-diagnostic/high_dose_contrasts.csv'
2026-09-13T16:50:04.7591753Z adding 'embedding_optimizer_study-0.1.0.data/data/share/embedding-optimizer-study/reports/three-regime-diagnostic/run_metrics.csv'
2026-09-13T16:50:04.7592890Z adding 'embedding_optimizer_study-0.1.0.data/data/share/embedding-optimizer-study/reports/three-regime-diagnostic/summary.json'
2026-09-13T16:50:04.7594122Z adding 'embedding_optimizer_study-0.1.0.data/data/share/embedding-optimizer-study/reports/three-regime-diagnostic/summary_manifest.json'
2026-09-13T16:50:04.7595554Z adding 'embedding_optimizer_study-0.1.0.data/data/share/embedding-optimizer-study/reports/training-dynamics/optimizer_system_summary.csv'
2026-09-13T16:50:04.7596613Z adding 'embedding_optimizer_study-0.1.0.data/data/share/embedding-optimizer-study/reports/training-dynamics/plot_manifest.json'
2026-09-13T16:50:04.7598587Z adding 'embedding_optimizer_study-0.1.0.data/data/share/embedding-optimizer-study/reports/training-dynamics/run_summary.csv'
2026-09-13T16:50:04.7602054Z adding 'embedding_optimizer_study-0.1.0.data/data/share/embedding-optimizer-study/reports/training-dynamics/stage_dynamics.csv'
2026-09-13T16:50:04.7604675Z adding 'embedding_optimizer_study-0.1.0.data/data/share/embedding-optimizer-study/reports/training-dynamics/summary_manifest.json'
2026-09-13T16:50:04.7612243Z adding 'embedding_optimizer_study-0.1.0.data/data/share/embedding-optimizer-study/reports/training-dynamics/system_tradeoffs.svg'
2026-09-13T16:50:04.7626095Z adding 'embedding_optimizer_study-0.1.0.data/data/share/embedding-optimizer-study/reports/training-dynamics/training_loss_dynamics.svg'
2026-09-13T16:50:04.7630881Z adding 'embedding_optimizer_study-0.1.0.data/data/share/embedding-optimizer-study/reports/wandb/dense_source_provenance_audit.json'
2026-09-13T16:50:04.7632871Z adding 'embedding_optimizer_study-0.1.0.data/data/share/embedding-optimizer-study/reports/weight-space/README.md'
2026-09-13T16:50:04.7638963Z adding 'embedding_optimizer_study-0.1.0.data/data/share/embedding-optimizer-study/reports/weight-space/checkpoint_trajectory.csv'
2026-09-13T16:50:04.7657410Z adding 'embedding_optimizer_study-0.1.0.data/data/share/embedding-optimizer-study/reports/weight-space/optimizer_geometry_phase.svg'
2026-09-13T16:50:04.7660989Z adding 'embedding_optimizer_study-0.1.0.data/data/share/embedding-optimizer-study/reports/weight-space/optimizer_pair_contrast_trajectory.csv'
2026-09-13T16:50:04.7675743Z adding 'embedding_optimizer_study-0.1.0.data/data/share/embedding-optimizer-study/reports/weight-space/optimizer_pair_contrast_trajectory.svg'
2026-09-13T16:50:04.7677766Z adding 'embedding_optimizer_study-0.1.0.data/data/share/embedding-optimizer-study/reports/weight-space/optimizer_pair_contrasts.csv'
2026-09-13T16:50:04.7678964Z adding 'embedding_optimizer_study-0.1.0.data/data/share/embedding-optimizer-study/reports/weight-space/run_trajectory_summary.csv'
2026-09-13T16:50:04.7680735Z adding 'embedding_optimizer_study-0.1.0.data/data/share/embedding-optimizer-study/reports/weight-space/summary_manifest.json'
2026-09-13T16:50:04.7683388Z adding 'embedding_optimizer_study-0.1.0.data/data/share/embedding-optimizer-study/scripts/restore_factorial_probes.py'
2026-09-13T16:50:04.7685198Z adding 'embedding_optimizer_study-0.1.0.data/data/share/embedding-optimizer-study/scripts/restore_functional_analysis.py'
2026-09-13T16:50:04.7687996Z adding 'embedding_optimizer_study-0.1.0.data/data/share/embedding-optimizer-study/scripts/restore_primary_v3.py'
2026-09-13T16:50:04.7689476Z adding 'embedding_optimizer_study-0.1.0.data/data/share/embedding-optimizer-study/scripts/eval/dense_no_packing_parallel.py'
2026-09-13T16:50:04.7692231Z adding 'embedding_optimizer_study-0.1.0.data/data/share/embedding-optimizer-study/scripts/eval/dense_parallel.py'
2026-09-13T16:50:04.7697863Z adding 'embedding_optimizer_study-0.1.0.data/data/share/embedding-optimizer-study/scripts/eval/dense_sequential.py'
2026-09-13T16:50:04.7701690Z adding 'embedding_optimizer_study-0.1.0.dist-info/licenses/LICENSE'
2026-09-13T16:50:04.7705588Z adding 'embedding_optimizer_study-0.1.0.dist-info/METADATA'
2026-09-13T16:50:04.7706229Z adding 'embedding_optimizer_study-0.1.0.dist-info/WHEEL'
2026-09-13T16:50:04.7707813Z adding 'embedding_optimizer_study-0.1.0.dist-info/entry_points.txt'
2026-09-13T16:50:04.7708220Z adding 'embedding_optimizer_study-0.1.0.dist-info/top_level.txt'
2026-09-13T16:50:04.7720880Z adding 'embedding_optimizer_study-0.1.0.dist-info/RECORD'
2026-09-13T16:50:04.7726738Z removing build/bdist.linux-x86_64/wheel
2026-09-13T16:50:04.8205146Z Successfully built dist/embedding_optimizer_study-0.1.0.tar.gz
2026-09-13T16:50:04.8205464Z Successfully built dist/embedding_optimizer_study-0.1.0-py3-none-any.whl
2026-09-13T16:50:04.8238477Z ##[group]Run uv run --no-sync embed-optim-audit-distribution
2026-09-13T16:50:04.8238600Z [36;1muv run --no-sync embed-optim-audit-distribution[0m
2026-09-13T16:50:04.8270904Z shell: /usr/bin/bash -e {0}
2026-09-13T16:50:04.8270952Z env:
2026-09-13T16:50:04.8271050Z   UV_PYTHON_INSTALL_DIR: /home/runner/work/_temp/uv-python-dir
2026-09-13T16:50:04.8271098Z   UV_PYTHON: 3.12
2026-09-13T16:50:04.8271171Z   UV_CACHE_DIR: /home/runner/work/_temp/setup-uv-cache
2026-09-13T16:50:04.8271221Z ##[endgroup]
2026-09-13T16:50:05.6569868Z {
2026-09-13T16:50:05.6570132Z   "complete": true,
2026-09-13T16:50:05.6570315Z   "declared_console_scripts": 105,
2026-09-13T16:50:05.6570487Z   "declared_data_files": 220,
2026-09-13T16:50:05.6570636Z   "package_modules": 211,
2026-09-13T16:50:05.6570766Z   "problems": [],
2026-09-13T16:50:05.6570902Z   "project": "embedding-optimizer-study",
2026-09-13T16:50:05.6571090Z   "repository_only_provenance_config_references": [
2026-09-13T16:50:05.6571410Z     "configs/dense_no_packing_state_operator_handoff_repairs_amendment.json",
2026-09-13T16:50:05.6571710Z     "configs/dense_no_packing_state_operator_main_recovery_amendment.json",
2026-09-13T16:50:05.6571982Z     "configs/dense_no_packing_state_operator_parent_publication_amendment.json",
2026-09-13T16:50:05.6572215Z     "configs/generated/confirmatory/manifest.json",
2026-09-13T16:50:05.6572400Z     "configs/generated/short-branch/manifest.json"
2026-09-13T16:50:05.6572557Z   ],
2026-09-13T16:50:05.6572672Z   "runtime_config_references": 64,
2026-09-13T16:50:05.6572818Z   "schema_version": 1,
2026-09-13T16:50:05.6572939Z   "sdist": {
2026-09-13T16:50:05.6573050Z     "bytes": 3434344,
2026-09-13T16:50:05.6573344Z     "path": "/home/runner/work/embedding-optimizer-study/embedding-optimizer-study/dist/embedding_optimizer_study-0.1.0.tar.gz",
2026-09-13T16:50:05.6573726Z     "sha256": "666cb676abdd07e1bb6b6c5f35b1a2b94cf106c4bc23142477bbac70ef67c600"
2026-09-13T16:50:05.6574359Z   },
2026-09-13T16:50:05.6574486Z   "transitive_executable_config_references": 50,
2026-09-13T16:50:05.6574701Z   "version": "0.1.0",
2026-09-13T16:50:05.6575089Z   "wheel": {
2026-09-13T16:50:05.6575268Z     "bytes": 3344918,
2026-09-13T16:50:05.6575693Z     "path": "/home/runner/work/embedding-optimizer-study/embedding-optimizer-study/dist/embedding_optimizer_study-0.1.0-py3-none-any.whl",
2026-09-13T16:50:05.6576170Z     "sha256": "161fde77f63350df835817482438f18ade12dec349eee96bf08ea7b1038671c9"
2026-09-13T16:50:05.6576450Z   }
2026-09-13T16:50:05.6576686Z }
2026-09-13T16:50:05.6698747Z ##[group]Run uv run --no-sync python scripts/portable_evidence.py --audit-only
2026-09-13T16:50:05.6699076Z [36;1muv run --no-sync python scripts/portable_evidence.py --audit-only[0m
2026-09-13T16:50:05.6731513Z shell: /usr/bin/bash -e {0}
2026-09-13T16:50:05.6731651Z env:
2026-09-13T16:50:05.6731806Z   UV_PYTHON_INSTALL_DIR: /home/runner/work/_temp/uv-python-dir
2026-09-13T16:50:05.6731988Z   UV_PYTHON: 3.12
2026-09-13T16:50:05.6732137Z   UV_CACHE_DIR: /home/runner/work/_temp/setup-uv-cache
2026-09-13T16:50:05.6732304Z ##[endgroup]
2026-09-13T16:50:08.7628608Z {
2026-09-13T16:50:08.7628821Z   "bytes": 107442256,
2026-09-13T16:50:08.7629021Z   "complete": true,
2026-09-13T16:50:08.7629191Z   "files": 2785,
2026-09-13T16:50:08.7629405Z   "manifest": "configs/portable_paper_evidence.json"
2026-09-13T16:50:08.7629801Z }
2026-09-13T16:50:08.7718145Z ##[group]Run mkdir "$RUNNER_TEMP/sde-runtime" "$RUNNER_TEMP/cpu-replay-diagnostics"
2026-09-13T16:50:08.7718505Z [36;1mmkdir "$RUNNER_TEMP/sde-runtime" "$RUNNER_TEMP/cpu-replay-diagnostics"[0m
2026-09-13T16:50:08.7718998Z [36;1mcurl --fail --location --retry 2 https://downloadmirror.intel.com/924984/sde-external-10.13.1-2026-07-28-lin.tar.xz --output "$RUNNER_TEMP/sde-runtime/intel-sde.tar.xz"[0m
2026-09-13T16:50:08.7719768Z [36;1mprintf '94e97d623fec54385686e1e7ba65ebc9941748c05ee451423948334892bf2b50  %s\n' "$RUNNER_TEMP/sde-runtime/intel-sde.tar.xz" | sha256sum --check[0m
2026-09-13T16:50:08.7720231Z [36;1mtar -xJf "$RUNNER_TEMP/sde-runtime/intel-sde.tar.xz" --directory "$RUNNER_TEMP/sde-runtime"[0m
2026-09-13T16:50:08.7720530Z [36;1mlscpu > "$RUNNER_TEMP/cpu-replay-diagnostics/host-cpu.txt"[0m
2026-09-13T16:50:08.7754195Z shell: /usr/bin/bash -e {0}
2026-09-13T16:50:08.7754408Z env:
2026-09-13T16:50:08.7754668Z   UV_PYTHON_INSTALL_DIR: /home/runner/work/_temp/uv-python-dir
2026-09-13T16:50:08.7754970Z   UV_PYTHON: 3.12
2026-09-13T16:50:08.7755195Z   UV_CACHE_DIR: /home/runner/work/_temp/setup-uv-cache
2026-09-13T16:50:08.7755462Z ##[endgroup]
2026-09-13T16:50:08.7911666Z   % Total    % Received % Xferd  Average Speed   Time    Time     Time  Current
2026-09-13T16:50:08.7912708Z                                  Dload  Upload   Total   Spent    Left  Speed
2026-09-13T16:50:08.7913228Z 
2026-09-13T16:50:09.0236342Z   0     0    0     0    0     0      0      0 --:--:-- --:--:-- --:--:--     0
2026-09-13T16:50:09.0236770Z 100 36.7M  100 36.7M    0     0   158M      0 --:--:-- --:--:-- --:--:--  158M
2026-09-13T16:50:09.0494742Z /home/runner/work/_temp/sde-runtime/intel-sde.tar.xz: OK
2026-09-13T16:50:10.9675170Z ##[group]Run "$RUNNER_TEMP/sde-runtime/sde-external-10.13.1-2026-07-28-lin/sde64" -skx -force_emulate skx -- "$GITHUB_WORKSPACE/.venv/bin/python" -B reports/engineering-archive/dense-v3-ci-functional-diagnostic-v1/inspect_functional.py "$GITHUB_WORKSPACE/reports/engineering-archive/dense-v3-complete-replay-entry-v1/closed/primary" "$RUNNER_TEMP/cpu-replay-diagnostics/functional.json" > "$RUNNER_TEMP/cpu-replay-diagnostics/runtime.log" 2>&1
2026-09-13T16:50:10.9678110Z [36;1m"$RUNNER_TEMP/sde-runtime/sde-external-10.13.1-2026-07-28-lin/sde64" -skx -force_emulate skx -- "$GITHUB_WORKSPACE/.venv/bin/python" -B reports/engineering-archive/dense-v3-ci-functional-diagnostic-v1/inspect_functional.py "$GITHUB_WORKSPACE/reports/engineering-archive/dense-v3-complete-replay-entry-v1/closed/primary" "$RUNNER_TEMP/cpu-replay-diagnostics/functional.json" > "$RUNNER_TEMP/cpu-replay-diagnostics/runtime.log" 2>&1[0m
2026-09-13T16:50:10.9680905Z [36;1m.venv/bin/python -c 'import json, os; from pathlib import Path; r=json.loads((Path(os.environ["RUNNER_TEMP"])/"cpu-replay-diagnostics/functional.json").read_text()); assert r["functional_tables_exact"] is True and r["decisions_exact"] is True and r["differences"] == [] and r["acceptance_override"] is False'[0m
2026-09-13T16:50:10.9723423Z shell: /usr/bin/bash -e {0}
2026-09-13T16:50:10.9723577Z env:
2026-09-13T16:50:10.9723744Z   UV_PYTHON_INSTALL_DIR: /home/runner/work/_temp/uv-python-dir
2026-09-13T16:50:10.9723938Z   UV_PYTHON: 3.12
2026-09-13T16:50:10.9724081Z   UV_CACHE_DIR: /home/runner/work/_temp/setup-uv-cache
2026-09-13T16:50:10.9724258Z   CUDA_VISIBLE_DEVICES: 
2026-09-13T16:50:10.9724397Z   PYTHONDONTWRITEBYTECODE: 1
2026-09-13T16:50:10.9724533Z   OMP_NUM_THREADS: 1
2026-09-13T16:50:10.9724655Z   OPENBLAS_NUM_THREADS: 1
2026-09-13T16:50:10.9724780Z   MKL_NUM_THREADS: 1
2026-09-13T16:50:10.9724902Z   OPENBLAS_CORETYPE: SkylakeX
2026-09-13T16:50:10.9725045Z ##[endgroup]
2026-09-13T16:51:37.5134175Z ##[group]Run make -C paper release PYTHON="$RUNNER_TEMP/sde-runtime/sde-external-10.13.1-2026-07-28-lin/sde64 -skx -force_emulate skx -- $GITHUB_WORKSPACE/.venv/bin/python" NUMERICAL_BUNDLE="$GITHUB_WORKSPACE/reports/engineering-archive/dense-v3-complete-replay-entry-v1/closed" RELEASE_OUTPUT="$RUNNER_TEMP/complete-paper"
2026-09-13T16:51:37.5136242Z [36;1mmake -C paper release PYTHON="$RUNNER_TEMP/sde-runtime/sde-external-10.13.1-2026-07-28-lin/sde64 -skx -force_emulate skx -- $GITHUB_WORKSPACE/.venv/bin/python" NUMERICAL_BUNDLE="$GITHUB_WORKSPACE/reports/engineering-archive/dense-v3-complete-replay-entry-v1/closed" RELEASE_OUTPUT="$RUNNER_TEMP/complete-paper"[0m
2026-09-13T16:51:37.5180727Z shell: /usr/bin/bash -e {0}
2026-09-13T16:51:37.5180967Z env:
2026-09-13T16:51:37.5181220Z   UV_PYTHON_INSTALL_DIR: /home/runner/work/_temp/uv-python-dir
2026-09-13T16:51:37.5181544Z   UV_PYTHON: 3.12
2026-09-13T16:51:37.5181768Z   UV_CACHE_DIR: /home/runner/work/_temp/setup-uv-cache
2026-09-13T16:51:37.5182012Z   CUDA_VISIBLE_DEVICES: 
2026-09-13T16:51:37.5182149Z   OPENBLAS_CORETYPE: SkylakeX
2026-09-13T16:51:37.5182282Z ##[endgroup]
2026-09-13T16:51:37.5293986Z make: Entering directory '/home/runner/work/embedding-optimizer-study/embedding-optimizer-study/paper'
2026-09-13T16:51:37.5305478Z mkdir -p "/home/runner/work/_temp/"
2026-09-13T16:51:37.5326109Z CUDA_VISIBLE_DEVICES='' /home/runner/work/_temp/sde-runtime/sde-external-10.13.1-2026-07-28-lin/sde64 -skx -force_emulate skx -- /home/runner/work/embedding-optimizer-study/embedding-optimizer-study/.venv/bin/python -m embed_optim.paper_reproduction \
2026-09-13T16:51:37.5327892Z 	--numerical-bundle "/home/runner/work/embedding-optimizer-study/embedding-optimizer-study/reports/engineering-archive/dense-v3-complete-replay-entry-v1/closed" \
2026-09-13T16:51:37.5329090Z 	--paper-dir "/home/runner/work/embedding-optimizer-study/embedding-optimizer-study/paper/current" --output "/home/runner/work/_temp/complete-paper"
2026-09-13T16:52:40.3358038Z E: PreparePindForFollowExecve: SYS_prepare_follow_execve failed with error: 2 (No such file or directory)
2026-09-13T16:52:40.3719658Z Traceback (most recent call last):
2026-09-13T16:52:40.3739768Z   File "<frozen runpy>", line 198, in _run_module_as_main
2026-09-13T16:52:40.3746269Z   File "<frozen runpy>", line 88, in _run_code
2026-09-13T16:52:40.3747450Z   File "/home/runner/work/embedding-optimizer-study/embedding-optimizer-study/src/embed_optim/paper_reproduction.py", line 356, in <module>
2026-09-13T16:52:40.3852887Z     main()
2026-09-13T16:52:40.3878483Z   File "/home/runner/work/embedding-optimizer-study/embedding-optimizer-study/src/embed_optim/paper_reproduction.py", line 342, in main
2026-09-13T16:52:40.3888451Z     result = reproduce(args.numerical_bundle, args.paper_dir, args.output)
2026-09-13T16:52:40.3898941Z              ^^^^^^^^^^^^^^^^^^^^^^^^^^^^^^^^^^^^^^^^^^^^^^^^^^^^^^^^^^^^^
2026-09-13T16:52:40.3901087Z   File "/home/runner/work/embedding-optimizer-study/embedding-optimizer-study/src/embed_optim/paper_reproduction.py", line 290, in reproduce
2026-09-13T16:52:40.3904698Z     numerical_exit = execute_numerical(bundle, root / "numerical", root / "numerical.log")
2026-09-13T16:52:40.3906103Z                      ^^^^^^^^^^^^^^^^^^^^^^^^^^^^^^^^^^^^^^^^^^^^^^^^^^^^^^^^^^^^^^^^^^^^^
2026-09-13T16:52:40.3907692Z   File "/home/runner/work/embedding-optimizer-study/embedding-optimizer-study/src/embed_optim/paper_reproduction.py", line 222, in execute_numerical
2026-09-13T16:52:40.3909217Z     need(code == 0, "Original numerical replay failed; outputs retained, no retry")
2026-09-13T16:52:40.3910258Z   File "/home/runner/work/embedding-optimizer-study/embedding-optimizer-study/src/embed_optim/paper_reproduction.py", line 60, in need
2026-09-13T16:52:40.3914938Z     raise ValueError(message)
2026-09-13T16:52:40.3928755Z ValueError: Original numerical replay failed; outputs retained, no retry
2026-09-13T16:52:45.8340756Z make: *** [Makefile:25: release] Error 1
2026-09-13T16:52:45.8341683Z make: Leaving directory '/home/runner/work/embedding-optimizer-study/embedding-optimizer-study/paper'
2026-09-13T16:52:45.8355432Z ##[error]Process completed with exit code 2.
2026-09-13T16:52:45.8401673Z ##[group]Run mkdir -p "$RUNNER_TEMP/complete-paper/diagnostics"
2026-09-13T16:52:45.8401931Z [36;1mmkdir -p "$RUNNER_TEMP/complete-paper/diagnostics"[0m
2026-09-13T16:52:45.8402148Z [36;1mlscpu > "$RUNNER_TEMP/complete-paper/diagnostics/cpu.txt"[0m
2026-09-13T16:52:45.8402858Z [36;1m.venv/bin/python -B reports/engineering-archive/dense-v3-ci-functional-diagnostic-v1/inspect_functional.py "$GITHUB_WORKSPACE/reports/engineering-archive/dense-v3-complete-replay-entry-v1/closed/primary" "$RUNNER_TEMP/complete-paper/diagnostics/functional.json" > "$RUNNER_TEMP/complete-paper/diagnostics/runtime.log" 2>&1[0m
2026-09-13T16:52:45.8434686Z shell: /usr/bin/bash -e {0}
2026-09-13T16:52:45.8434814Z env:
2026-09-13T16:52:45.8434959Z   UV_PYTHON_INSTALL_DIR: /home/runner/work/_temp/uv-python-dir
2026-09-13T16:52:45.8435149Z   UV_PYTHON: 3.12
2026-09-13T16:52:45.8435286Z   UV_CACHE_DIR: /home/runner/work/_temp/setup-uv-cache
2026-09-13T16:52:45.8435450Z   CUDA_VISIBLE_DEVICES: 
2026-09-13T16:52:45.8435604Z   PYTHONDONTWRITEBYTECODE: 1
2026-09-13T16:52:45.8435733Z   OMP_NUM_THREADS: 1
2026-09-13T16:52:45.8435848Z   OPENBLAS_NUM_THREADS: 1
2026-09-13T16:52:45.8435967Z   MKL_NUM_THREADS: 1
2026-09-13T16:52:45.8436078Z ##[endgroup]
2026-09-13T16:52:53.9002904Z Node 20 is being deprecated. This workflow is running with Node 24 by default. If you need to temporarily use Node 20, you can set the ACTIONS_ALLOW_USE_UNSECURE_NODE_VERSION=true environment variable. For more information see: https://github.blog/changelog/2025-09-19-deprecation-of-node-20-on-github-actions-runners/
2026-09-13T16:52:53.9003586Z ##[group]Run actions/upload-artifact@v4
2026-09-13T16:52:53.9003730Z with:
2026-09-13T16:52:53.9003842Z   name: verification-receipts
2026-09-13T16:52:53.9004318Z   path: /home/runner/work/_temp/source-role-tests/*.json
/home/runner/work/_temp/source-role-tests/*.xml
/home/runner/work/_temp/source-role-tests/*.log
/home/runner/work/_temp/complete-paper/
/home/runner/work/_temp/cpu-replay-diagnostics/

2026-09-13T16:52:53.9004802Z   if-no-files-found: warn
2026-09-13T16:52:53.9004925Z   compression-level: 6
2026-09-13T16:52:53.9005044Z   overwrite: false
2026-09-13T16:52:53.9005158Z   include-hidden-files: false
2026-09-13T16:52:53.9005307Z env:
2026-09-13T16:52:53.9005451Z   UV_PYTHON_INSTALL_DIR: /home/runner/work/_temp/uv-python-dir
2026-09-13T16:52:53.9005648Z   UV_PYTHON: 3.12
2026-09-13T16:52:53.9005779Z   UV_CACHE_DIR: /home/runner/work/_temp/setup-uv-cache
2026-09-13T16:52:53.9005937Z ##[endgroup]
2026-09-13T16:52:54.4979674Z (node:5136) [DEP0040] DeprecationWarning: The `punycode` module is deprecated. Please use a userland alternative instead.
2026-09-13T16:52:54.4980146Z (Use `node --trace-deprecation ...` to show where the warning was created)
2026-09-13T16:52:54.5197557Z Multiple search paths detected. Calculating the least common ancestor of all paths
2026-09-13T16:52:54.5201668Z The least common ancestor is /home/runner/work/_temp. This will be the root directory of the artifact
2026-09-13T16:52:54.5202079Z With the provided path, there will be 9 files uploaded
2026-09-13T16:52:54.5202586Z Artifact name is valid!
2026-09-13T16:52:54.5202830Z Root directory input is valid!
2026-09-13T16:52:54.8924675Z Beginning upload of artifact content to blob storage
2026-09-13T16:52:55.0219380Z (node:5136) [DEP0169] DeprecationWarning: `url.parse()` behavior is not standardized and prone to errors that have security implications. Use the WHATWG URL API instead. CVEs are not issued for `url.parse()` vulnerabilities.
2026-09-13T16:52:55.3191660Z Uploaded bytes 15742
2026-09-13T16:52:55.3818018Z Finished uploading artifact content to blob storage!
2026-09-13T16:52:55.3818636Z SHA256 digest of uploaded artifact zip is 9ed168a34b37b463f7dc45006c90136639c9c62ea7ce5b5ae87d52edb6161842
2026-09-13T16:52:55.3820361Z Finalizing artifact upload
2026-09-13T16:52:55.6907773Z Artifact verification-receipts.zip successfully finalized. Artifact ID 10322110477
2026-09-13T16:52:55.6908277Z Artifact verification-receipts has been successfully uploaded! Final size is 15742 bytes. Artifact ID is 10322110477
2026-09-13T16:52:55.6912653Z Artifact download URL: https://github.com/qcznlp/embedding-optimizer-study/actions/runs/34769598250/artifacts/10322110477
2026-09-13T16:52:55.7061780Z Post job cleanup.
2026-09-13T16:52:55.9446091Z [command]/usr/bin/git version
2026-09-13T16:52:55.9480530Z git version 2.55.0
2026-09-13T16:52:55.9504614Z Temporarily overriding HOME='/home/runner/work/_temp/d72f364a-a2de-4527-82b2-cf2b2125d0c5' before making global git config changes
2026-09-13T16:52:55.9505333Z Adding repository directory to the temporary git global config as a safe directory
2026-09-13T16:52:55.9512697Z [command]/usr/bin/git config --global --add safe.directory /home/runner/work/embedding-optimizer-study/embedding-optimizer-study
2026-09-13T16:52:55.9532888Z Removing SSH command configuration
2026-09-13T16:52:55.9536908Z [command]/usr/bin/git config --local --name-only --get-regexp core\.sshCommand
2026-09-13T16:52:55.9566838Z [command]/usr/bin/git submodule foreach --recursive sh -c "git config --local --name-only --get-regexp 'core\.sshCommand' && git config --local --unset-all 'core.sshCommand' || :"
2026-09-13T16:52:55.9883210Z Removing HTTP extra header
2026-09-13T16:52:55.9888160Z [command]/usr/bin/git config --local --name-only --get-regexp http\.https\:\/\/github\.com\/\.extraheader
2026-09-13T16:52:55.9923423Z [command]/usr/bin/git submodule foreach --recursive sh -c "git config --local --name-only --get-regexp 'http\.https\:\/\/github\.com\/\.extraheader' && git config --local --unset-all 'http.https://github.com/.extraheader' || :"
2026-09-13T16:52:56.0109970Z Removing includeIf entries pointing to credentials config files
2026-09-13T16:52:56.0114740Z [command]/usr/bin/git config --local --name-only --get-regexp ^includeIf\.gitdir:
2026-09-13T16:52:56.0140414Z includeif.gitdir:/home/runner/work/embedding-optimizer-study/embedding-optimizer-study/.git.path
2026-09-13T16:52:56.0140861Z includeif.gitdir:/home/runner/work/embedding-optimizer-study/embedding-optimizer-study/.git/worktrees/*.path
2026-09-13T16:52:56.0141166Z includeif.gitdir:/github/workspace/.git.path
2026-09-13T16:52:56.0141422Z includeif.gitdir:/github/workspace/.git/worktrees/*.path
2026-09-13T16:52:56.0147677Z [command]/usr/bin/git config --local --get-all includeif.gitdir:/home/runner/work/embedding-optimizer-study/embedding-optimizer-study/.git.path
2026-09-13T16:52:56.0168702Z /home/runner/work/_temp/git-credentials-c711dd2b-2993-4f34-befe-5087b6eb3dd2.config
2026-09-13T16:52:56.0175801Z [command]/usr/bin/git config --local --unset includeif.gitdir:/home/runner/work/embedding-optimizer-study/embedding-optimizer-study/.git.path \/home\/runner\/work\/_temp\/git\-credentials\-c711dd2b\-2993\-4f34\-befe\-5087b6eb3dd2\.config
2026-09-13T16:52:56.0205147Z [command]/usr/bin/git config --local --get-all includeif.gitdir:/home/runner/work/embedding-optimizer-study/embedding-optimizer-study/.git/worktrees/*.path
2026-09-13T16:52:56.0225919Z /home/runner/work/_temp/git-credentials-c711dd2b-2993-4f34-befe-5087b6eb3dd2.config
2026-09-13T16:52:56.0231538Z [command]/usr/bin/git config --local --unset includeif.gitdir:/home/runner/work/embedding-optimizer-study/embedding-optimizer-study/.git/worktrees/*.path \/home\/runner\/work\/_temp\/git\-credentials\-c711dd2b\-2993\-4f34\-befe\-5087b6eb3dd2\.config
2026-09-13T16:52:56.0258153Z [command]/usr/bin/git config --local --get-all includeif.gitdir:/github/workspace/.git.path
2026-09-13T16:52:56.0278233Z /github/runner_temp/git-credentials-c711dd2b-2993-4f34-befe-5087b6eb3dd2.config
2026-09-13T16:52:56.0282574Z [command]/usr/bin/git config --local --unset includeif.gitdir:/github/workspace/.git.path \/github\/runner_temp\/git\-credentials\-c711dd2b\-2993\-4f34\-befe\-5087b6eb3dd2\.config
2026-09-13T16:52:56.0308537Z [command]/usr/bin/git config --local --get-all includeif.gitdir:/github/workspace/.git/worktrees/*.path
2026-09-13T16:52:56.0329130Z /github/runner_temp/git-credentials-c711dd2b-2993-4f34-befe-5087b6eb3dd2.config
2026-09-13T16:52:56.0334110Z [command]/usr/bin/git config --local --unset includeif.gitdir:/github/workspace/.git/worktrees/*.path \/github\/runner_temp\/git\-credentials\-c711dd2b\-2993\-4f34\-befe\-5087b6eb3dd2\.config
2026-09-13T16:52:56.0362895Z [command]/usr/bin/git submodule foreach --recursive git config --local --show-origin --name-only --get-regexp remote.origin.url
2026-09-13T16:52:56.0539198Z Removing credentials config '/home/runner/work/_temp/git-credentials-c711dd2b-2993-4f34-befe-5087b6eb3dd2.config'
2026-09-13T16:52:56.0654073Z Cleaning up orphan processes
2026-09-13T16:52:56.1085491Z ##[warning]Node.js 20 is deprecated. The following actions target Node.js 20 but are being forced to run on Node.js 24: actions/upload-artifact@v4. For more information see: https://github.blog/changelog/2025-09-19-deprecation-of-node-20-on-github-actions-runners/
