Building source distribution...
running egg_info
writing src/embedding_optimizer_study.egg-info/PKG-INFO
writing dependency_links to src/embedding_optimizer_study.egg-info/dependency_links.txt
writing entry points to src/embedding_optimizer_study.egg-info/entry_points.txt
writing requirements to src/embedding_optimizer_study.egg-info/requires.txt
writing top-level names to src/embedding_optimizer_study.egg-info/top_level.txt
reading manifest file 'src/embedding_optimizer_study.egg-info/SOURCES.txt'
reading manifest template 'MANIFEST.in'
adding license file 'LICENSE'
writing manifest file 'src/embedding_optimizer_study.egg-info/SOURCES.txt'
running sdist
running egg_info
writing src/embedding_optimizer_study.egg-info/PKG-INFO
writing dependency_links to src/embedding_optimizer_study.egg-info/dependency_links.txt
writing entry points to src/embedding_optimizer_study.egg-info/entry_points.txt
writing requirements to src/embedding_optimizer_study.egg-info/requires.txt
writing top-level names to src/embedding_optimizer_study.egg-info/top_level.txt
reading manifest file 'src/embedding_optimizer_study.egg-info/SOURCES.txt'
reading manifest template 'MANIFEST.in'
adding license file 'LICENSE'
writing manifest file 'src/embedding_optimizer_study.egg-info/SOURCES.txt'
running check
creating embedding_optimizer_study-0.1.0
creating embedding_optimizer_study-0.1.0/configs
creating embedding_optimizer_study-0.1.0/configs/generated/confirmatory
creating embedding_optimizer_study-0.1.0/configs/generated/short-branch
creating embedding_optimizer_study-0.1.0/docs
creating embedding_optimizer_study-0.1.0/paper
creating embedding_optimizer_study-0.1.0/paper/generated
creating embedding_optimizer_study-0.1.0/reports/candidate-breadth
creating embedding_optimizer_study-0.1.0/reports/confirmatory-data
creating embedding_optimizer_study-0.1.0/reports/dense-discovery
creating embedding_optimizer_study-0.1.0/reports/dense-discovery/figures
creating embedding_optimizer_study-0.1.0/reports/dense-retrieval-dynamics
creating embedding_optimizer_study-0.1.0/reports/local-global-reversal
creating embedding_optimizer_study-0.1.0/reports/retrieval-dynamics-dense
creating embedding_optimizer_study-0.1.0/reports/short-branch
creating embedding_optimizer_study-0.1.0/reports/tail-stability
creating embedding_optimizer_study-0.1.0/reports/three-regime-diagnostic
creating embedding_optimizer_study-0.1.0/reports/training-dynamics
creating embedding_optimizer_study-0.1.0/reports/wandb
creating embedding_optimizer_study-0.1.0/reports/weight-space
creating embedding_optimizer_study-0.1.0/scripts/eval
creating embedding_optimizer_study-0.1.0/src/embed_optim
creating embedding_optimizer_study-0.1.0/src/embedding_optimizer_study.egg-info
creating embedding_optimizer_study-0.1.0/tests
copying files to embedding_optimizer_study-0.1.0...
copying AGENTS.md -> embedding_optimizer_study-0.1.0
copying CITATION.cff -> embedding_optimizer_study-0.1.0
copying CODE_OF_CONDUCT.md -> embedding_optimizer_study-0.1.0
copying CONTRIBUTING.md -> embedding_optimizer_study-0.1.0
copying LICENSE -> embedding_optimizer_study-0.1.0
copying MANIFEST.in -> embedding_optimizer_study-0.1.0
copying PROJECT_STATUS.md -> embedding_optimizer_study-0.1.0
copying README.md -> embedding_optimizer_study-0.1.0
copying SECURITY.md -> embedding_optimizer_study-0.1.0
copying THIRD_PARTY_NOTICES.md -> embedding_optimizer_study-0.1.0
copying pyproject.toml -> embedding_optimizer_study-0.1.0
copying requirements-formal-flash.txt -> embedding_optimizer_study-0.1.0
copying requirements-formal.lock -> embedding_optimizer_study-0.1.0
copying configs/basis_sensitivity.json -> embedding_optimizer_study-0.1.0/configs
copying configs/beir_representation_probe.json -> embedding_optimizer_study-0.1.0/configs
copying configs/candidate_breadth_probe.json -> embedding_optimizer_study-0.1.0/configs
copying configs/causal_chain_analysis.json -> embedding_optimizer_study-0.1.0/configs
copying configs/common_state_probe.json -> embedding_optimizer_study-0.1.0/configs
copying configs/common_state_spectrum_probe.json -> embedding_optimizer_study-0.1.0/configs
copying configs/confirmatory_protocol.json -> embedding_optimizer_study-0.1.0/configs
copying configs/corpus_size_diagnostic.json -> embedding_optimizer_study-0.1.0/configs
copying configs/dense_retrieval_dynamics_extension.json -> embedding_optimizer_study-0.1.0/configs
copying configs/dense_scope_amendment.json -> embedding_optimizer_study-0.1.0/configs
copying configs/dense_training_queue.json -> embedding_optimizer_study-0.1.0/configs
copying configs/experiment.yaml -> embedding_optimizer_study-0.1.0/configs
copying configs/formal_runtime.json -> embedding_optimizer_study-0.1.0/configs
copying configs/formal_runtime_constraints.txt -> embedding_optimizer_study-0.1.0/configs
copying configs/functional_intervention.json -> embedding_optimizer_study-0.1.0/configs
copying configs/hybrid_adamw.yaml -> embedding_optimizer_study-0.1.0/configs
copying configs/hybrid_adamw_control.json -> embedding_optimizer_study-0.1.0/configs
copying configs/local_global_reversal.json -> embedding_optimizer_study-0.1.0/configs
copying configs/loss_retrieval_diagnostic.json -> embedding_optimizer_study-0.1.0/configs
copying configs/mechanism_analysis_integration.json -> embedding_optimizer_study-0.1.0/configs
copying configs/paper_claim_protocol.json -> embedding_optimizer_study-0.1.0/configs
copying configs/portable_paper_evidence.json -> embedding_optimizer_study-0.1.0/configs
copying configs/representation_probe.json -> embedding_optimizer_study-0.1.0/configs
copying configs/retrieval_dynamics_protocol.json -> embedding_optimizer_study-0.1.0/configs
copying configs/short_branch_protocol.json -> embedding_optimizer_study-0.1.0/configs
copying configs/smoke.yaml -> embedding_optimizer_study-0.1.0/configs
copying configs/spectral_transplant_intervention.json -> embedding_optimizer_study-0.1.0/configs
copying configs/stress.yaml -> embedding_optimizer_study-0.1.0/configs
copying configs/tail_stability_analysis.json -> embedding_optimizer_study-0.1.0/configs
copying configs/three_regime_diagnostic.json -> embedding_optimizer_study-0.1.0/configs
copying configs/training_data_contract.json -> embedding_optimizer_study-0.1.0/configs
copying configs/validation_probe.json -> embedding_optimizer_study-0.1.0/configs
copying configs/generated/confirmatory/seed161803.yaml -> embedding_optimizer_study-0.1.0/configs/generated/confirmatory
copying configs/generated/confirmatory/seed271828.yaml -> embedding_optimizer_study-0.1.0/configs/generated/confirmatory
copying configs/generated/confirmatory/seed314159.yaml -> embedding_optimizer_study-0.1.0/configs/generated/confirmatory
copying configs/generated/short-branch/seed161803.yaml -> embedding_optimizer_study-0.1.0/configs/generated/short-branch
copying configs/generated/short-branch/seed271828.yaml -> embedding_optimizer_study-0.1.0/configs/generated/short-branch
copying configs/generated/short-branch/seed314159.yaml -> embedding_optimizer_study-0.1.0/configs/generated/short-branch
copying docs/blog.md -> embedding_optimizer_study-0.1.0/docs
copying docs/completion-gates.md -> embedding_optimizer_study-0.1.0/docs
copying docs/dense-eval-handoff.md -> embedding_optimizer_study-0.1.0/docs
copying docs/naacl-dense-paper-plan.md -> embedding_optimizer_study-0.1.0/docs
copying docs/naacl-paper-plan.md -> embedding_optimizer_study-0.1.0/docs
copying paper/Makefile -> embedding_optimizer_study-0.1.0/paper
copying paper/README.md -> embedding_optimizer_study-0.1.0/paper
copying paper/main.tex -> embedding_optimizer_study-0.1.0/paper
copying paper/references.bib -> embedding_optimizer_study-0.1.0/paper
copying paper/results.tex -> embedding_optimizer_study-0.1.0/paper
copying paper/generated/candidate-breadth.tex -> embedding_optimizer_study-0.1.0/paper/generated
copying paper/generated/causal-chain.tex -> embedding_optimizer_study-0.1.0/paper/generated
copying paper/generated/common-state.tex -> embedding_optimizer_study-0.1.0/paper/generated
copying paper/generated/confirmation.tex -> embedding_optimizer_study-0.1.0/paper/generated
copying paper/generated/diagnostics.tex -> embedding_optimizer_study-0.1.0/paper/generated
copying paper/generated/discovery.tex -> embedding_optimizer_study-0.1.0/paper/generated
copying paper/generated/intervention.tex -> embedding_optimizer_study-0.1.0/paper/generated
copying paper/generated/per-task.tex -> embedding_optimizer_study-0.1.0/paper/generated
copying paper/generated/representation.tex -> embedding_optimizer_study-0.1.0/paper/generated
copying paper/generated/retrieval-dynamics-extension.tex -> embedding_optimizer_study-0.1.0/paper/generated
copying reports/candidate-breadth/calibration_by_width.csv -> embedding_optimizer_study-0.1.0/reports/candidate-breadth
copying reports/candidate-breadth/candidate_breadth_calibration.pdf -> embedding_optimizer_study-0.1.0/reports/candidate-breadth
copying reports/candidate-breadth/candidate_breadth_calibration.svg -> embedding_optimizer_study-0.1.0/reports/candidate-breadth
copying reports/candidate-breadth/data-audit.json -> embedding_optimizer_study-0.1.0/reports/candidate-breadth
copying reports/candidate-breadth/high_dose_contrasts.csv -> embedding_optimizer_study-0.1.0/reports/candidate-breadth
copying reports/candidate-breadth/packing_invariance.json -> embedding_optimizer_study-0.1.0/reports/candidate-breadth
copying reports/candidate-breadth/publication_manifest.json -> embedding_optimizer_study-0.1.0/reports/candidate-breadth
copying reports/candidate-breadth/summary.json -> embedding_optimizer_study-0.1.0/reports/candidate-breadth
copying reports/confirmatory-data/receipt.json -> embedding_optimizer_study-0.1.0/reports/confirmatory-data
copying reports/dense-discovery/best_config_dynamics.csv -> embedding_optimizer_study-0.1.0/reports/dense-discovery
copying reports/dense-discovery/best_config_task_comparison.csv -> embedding_optimizer_study-0.1.0/reports/dense-discovery
copying reports/dense-discovery/checkpoint_summary.csv -> embedding_optimizer_study-0.1.0/reports/dense-discovery
copying reports/dense-discovery/coverage.json -> embedding_optimizer_study-0.1.0/reports/dense-discovery
copying reports/dense-discovery/evaluation_long.csv -> embedding_optimizer_study-0.1.0/reports/dense-discovery
copying reports/dense-discovery/optimizer_summary.csv -> embedding_optimizer_study-0.1.0/reports/dense-discovery
copying reports/dense-discovery/paired_comparison.csv -> embedding_optimizer_study-0.1.0/reports/dense-discovery
copying reports/dense-discovery/system_metrics.csv -> embedding_optimizer_study-0.1.0/reports/dense-discovery
copying reports/dense-discovery/system_summary.csv -> embedding_optimizer_study-0.1.0/reports/dense-discovery
copying reports/dense-discovery/training_history.csv -> embedding_optimizer_study-0.1.0/reports/dense-discovery
copying reports/dense-discovery/figures/dense-lr-sensitivity.png -> embedding_optimizer_study-0.1.0/reports/dense-discovery/figures
copying reports/dense-discovery/figures/dense-training-dynamics-by-run.png -> embedding_optimizer_study-0.1.0/reports/dense-discovery/figures
copying reports/dense-discovery/figures/dense-training-dynamics.png -> embedding_optimizer_study-0.1.0/reports/dense-discovery/figures
copying reports/dense-retrieval-dynamics/README.md -> embedding_optimizer_study-0.1.0/reports/dense-retrieval-dynamics
copying reports/dense-retrieval-dynamics/confirmatory-evaluation-receipt.json -> embedding_optimizer_study-0.1.0/reports/dense-retrieval-dynamics
copying reports/dense-retrieval-dynamics/evaluation-receipt.json -> embedding_optimizer_study-0.1.0/reports/dense-retrieval-dynamics
copying reports/dense-retrieval-dynamics/five_stage_retrieval_dynamics.csv -> embedding_optimizer_study-0.1.0/reports/dense-retrieval-dynamics
copying reports/dense-retrieval-dynamics/five_stage_retrieval_dynamics.pdf -> embedding_optimizer_study-0.1.0/reports/dense-retrieval-dynamics
copying reports/dense-retrieval-dynamics/five_stage_retrieval_dynamics.svg -> embedding_optimizer_study-0.1.0/reports/dense-retrieval-dynamics
copying reports/dense-retrieval-dynamics/hybrid-evaluation-receipt.json -> embedding_optimizer_study-0.1.0/reports/dense-retrieval-dynamics
copying reports/dense-retrieval-dynamics/summary_manifest.json -> embedding_optimizer_study-0.1.0/reports/dense-retrieval-dynamics
copying reports/local-global-reversal/README.md -> embedding_optimizer_study-0.1.0/reports/local-global-reversal
copying reports/local-global-reversal/acquisition_preservation_frontier.csv -> embedding_optimizer_study-0.1.0/reports/local-global-reversal
copying reports/local-global-reversal/local_to_global_reversal.csv -> embedding_optimizer_study-0.1.0/reports/local-global-reversal
copying reports/retrieval-dynamics-dense/best_config_task_comparison.csv -> embedding_optimizer_study-0.1.0/reports/retrieval-dynamics-dense
copying reports/retrieval-dynamics-dense/best_config_task_delta_dynamics.csv -> embedding_optimizer_study-0.1.0/reports/retrieval-dynamics-dense
copying reports/retrieval-dynamics-dense/checkpoint_dynamics.csv -> embedding_optimizer_study-0.1.0/reports/retrieval-dynamics-dense
copying reports/retrieval-dynamics-dense/optimizer_first_passage.csv -> embedding_optimizer_study-0.1.0/reports/retrieval-dynamics-dense
copying reports/retrieval-dynamics-dense/quality_vs_useful_wall_time.svg -> embedding_optimizer_study-0.1.0/reports/retrieval-dynamics-dense
copying reports/retrieval-dynamics-dense/run_first_passage.csv -> embedding_optimizer_study-0.1.0/reports/retrieval-dynamics-dense
copying reports/retrieval-dynamics-dense/summary_manifest.json -> embedding_optimizer_study-0.1.0/reports/retrieval-dynamics-dense
copying reports/retrieval-dynamics-dense/task_delta_stability.csv -> embedding_optimizer_study-0.1.0/reports/retrieval-dynamics-dense
copying reports/short-branch/subset-receipt.json -> embedding_optimizer_study-0.1.0/reports/short-branch
copying reports/tail-stability/README.md -> embedding_optimizer_study-0.1.0/reports/tail-stability
copying reports/tail-stability/discovery_anchor_tail.csv -> embedding_optimizer_study-0.1.0/reports/tail-stability
copying reports/tail-stability/discovery_cross_tail.csv -> embedding_optimizer_study-0.1.0/reports/tail-stability
copying reports/tail-stability/discovery_cross_tail_summary.csv -> embedding_optimizer_study-0.1.0/reports/tail-stability
copying reports/tail-stability/discovery_family_contrasts.csv -> embedding_optimizer_study-0.1.0/reports/tail-stability
copying reports/tail-stability/summary_manifest.json -> embedding_optimizer_study-0.1.0/reports/tail-stability
copying reports/three-regime-diagnostic/README.md -> embedding_optimizer_study-0.1.0/reports/three-regime-diagnostic
copying reports/three-regime-diagnostic/high_dose_contrasts.csv -> embedding_optimizer_study-0.1.0/reports/three-regime-diagnostic
copying reports/three-regime-diagnostic/run_metrics.csv -> embedding_optimizer_study-0.1.0/reports/three-regime-diagnostic
copying reports/three-regime-diagnostic/summary.json -> embedding_optimizer_study-0.1.0/reports/three-regime-diagnostic
copying reports/three-regime-diagnostic/summary_manifest.json -> embedding_optimizer_study-0.1.0/reports/three-regime-diagnostic
copying reports/training-dynamics/optimizer_system_summary.csv -> embedding_optimizer_study-0.1.0/reports/training-dynamics
copying reports/training-dynamics/plot_manifest.json -> embedding_optimizer_study-0.1.0/reports/training-dynamics
copying reports/training-dynamics/run_summary.csv -> embedding_optimizer_study-0.1.0/reports/training-dynamics
copying reports/training-dynamics/stage_dynamics.csv -> embedding_optimizer_study-0.1.0/reports/training-dynamics
copying reports/training-dynamics/summary_manifest.json -> embedding_optimizer_study-0.1.0/reports/training-dynamics
copying reports/training-dynamics/system_tradeoffs.svg -> embedding_optimizer_study-0.1.0/reports/training-dynamics
copying reports/training-dynamics/training_loss_dynamics.svg -> embedding_optimizer_study-0.1.0/reports/training-dynamics
copying reports/wandb/dense_source_provenance_audit.json -> embedding_optimizer_study-0.1.0/reports/wandb
copying reports/weight-space/README.md -> embedding_optimizer_study-0.1.0/reports/weight-space
copying reports/weight-space/checkpoint_trajectory.csv -> embedding_optimizer_study-0.1.0/reports/weight-space
copying reports/weight-space/optimizer_geometry_phase.svg -> embedding_optimizer_study-0.1.0/reports/weight-space
copying reports/weight-space/optimizer_pair_contrast_trajectory.csv -> embedding_optimizer_study-0.1.0/reports/weight-space
copying reports/weight-space/optimizer_pair_contrast_trajectory.svg -> embedding_optimizer_study-0.1.0/reports/weight-space
copying reports/weight-space/optimizer_pair_contrasts.csv -> embedding_optimizer_study-0.1.0/reports/weight-space
copying reports/weight-space/run_trajectory_summary.csv -> embedding_optimizer_study-0.1.0/reports/weight-space
copying reports/weight-space/summary_manifest.json -> embedding_optimizer_study-0.1.0/reports/weight-space
copying scripts/eval/dense_parallel.py -> embedding_optimizer_study-0.1.0/scripts/eval
copying scripts/eval/dense_sequential.py -> embedding_optimizer_study-0.1.0/scripts/eval
copying src/embed_optim/__init__.py -> embedding_optimizer_study-0.1.0/src/embed_optim
copying src/embed_optim/aggregate.py -> embedding_optimizer_study-0.1.0/src/embed_optim
copying src/embed_optim/basis_sensitivity.py -> embedding_optimizer_study-0.1.0/src/embed_optim
copying src/embed_optim/beir_probe.py -> embedding_optimizer_study-0.1.0/src/embed_optim
copying src/embed_optim/callbacks.py -> embedding_optimizer_study-0.1.0/src/embed_optim
copying src/embed_optim/candidate_breadth_data.py -> embedding_optimizer_study-0.1.0/src/embed_optim
copying src/embed_optim/candidate_breadth_evaluation.py -> embedding_optimizer_study-0.1.0/src/embed_optim
copying src/embed_optim/candidate_breadth_matrix.py -> embedding_optimizer_study-0.1.0/src/embed_optim
copying src/embed_optim/candidate_breadth_publication.py -> embedding_optimizer_study-0.1.0/src/embed_optim
copying src/embed_optim/candidate_breadth_release.py -> embedding_optimizer_study-0.1.0/src/embed_optim
copying src/embed_optim/candidate_breadth_summary.py -> embedding_optimizer_study-0.1.0/src/embed_optim
copying src/embed_optim/causal_chain_rendering.py -> embedding_optimizer_study-0.1.0/src/embed_optim
copying src/embed_optim/causal_chain_reporting.py -> embedding_optimizer_study-0.1.0/src/embed_optim
copying src/embed_optim/checkpoint_watch.py -> embedding_optimizer_study-0.1.0/src/embed_optim
copying src/embed_optim/collators.py -> embedding_optimizer_study-0.1.0/src/embed_optim
copying src/embed_optim/common_state_matrix.py -> embedding_optimizer_study-0.1.0/src/embed_optim
copying src/embed_optim/common_state_spectra.py -> embedding_optimizer_study-0.1.0/src/embed_optim
copying src/embed_optim/common_state_spectrum_plot.py -> embedding_optimizer_study-0.1.0/src/embed_optim
copying src/embed_optim/common_state_summary.py -> embedding_optimizer_study-0.1.0/src/embed_optim
copying src/embed_optim/config.py -> embedding_optimizer_study-0.1.0/src/embed_optim
copying src/embed_optim/confirmatory_data.py -> embedding_optimizer_study-0.1.0/src/embed_optim
copying src/embed_optim/confirmatory_evaluation.py -> embedding_optimizer_study-0.1.0/src/embed_optim
copying src/embed_optim/confirmatory_matrix.py -> embedding_optimizer_study-0.1.0/src/embed_optim
copying src/embed_optim/confirmatory_summary.py -> embedding_optimizer_study-0.1.0/src/embed_optim
copying src/embed_optim/corpus_size_diagnostic.py -> embedding_optimizer_study-0.1.0/src/embed_optim
copying src/embed_optim/data.py -> embedding_optimizer_study-0.1.0/src/embed_optim
copying src/embed_optim/decontamination.py -> embedding_optimizer_study-0.1.0/src/embed_optim
copying src/embed_optim/dense_completion_pipeline.py -> embedding_optimizer_study-0.1.0/src/embed_optim
copying src/embed_optim/dense_eval_handoff.py -> embedding_optimizer_study-0.1.0/src/embed_optim
copying src/embed_optim/dense_finalization_pipeline.py -> embedding_optimizer_study-0.1.0/src/embed_optim
copying src/embed_optim/dense_retrieval_dynamics_evaluation.py -> embedding_optimizer_study-0.1.0/src/embed_optim
copying src/embed_optim/dense_retrieval_dynamics_publication.py -> embedding_optimizer_study-0.1.0/src/embed_optim
copying src/embed_optim/dense_retrieval_dynamics_summary.py -> embedding_optimizer_study-0.1.0/src/embed_optim
copying src/embed_optim/distribution_audit.py -> embedding_optimizer_study-0.1.0/src/embed_optim
copying src/embed_optim/dose_band_analysis.py -> embedding_optimizer_study-0.1.0/src/embed_optim
copying src/embed_optim/evaluate_matrix.py -> embedding_optimizer_study-0.1.0/src/embed_optim
copying src/embed_optim/evaluation_progress.py -> embedding_optimizer_study-0.1.0/src/embed_optim
copying src/embed_optim/evaluation_source_archive.py -> embedding_optimizer_study-0.1.0/src/embed_optim
copying src/embed_optim/evaluation_source_provenance.py -> embedding_optimizer_study-0.1.0/src/embed_optim
copying src/embed_optim/evaluation_supervisor.py -> embedding_optimizer_study-0.1.0/src/embed_optim
copying src/embed_optim/evaluation_utils.py -> embedding_optimizer_study-0.1.0/src/embed_optim
copying src/embed_optim/family_training_queue.py -> embedding_optimizer_study-0.1.0/src/embed_optim
copying src/embed_optim/functional_intervention.py -> embedding_optimizer_study-0.1.0/src/embed_optim
copying src/embed_optim/functional_intervention_matrix.py -> embedding_optimizer_study-0.1.0/src/embed_optim
copying src/embed_optim/functional_intervention_summary.py -> embedding_optimizer_study-0.1.0/src/embed_optim
copying src/embed_optim/geometry.py -> embedding_optimizer_study-0.1.0/src/embed_optim
copying src/embed_optim/geometry_plot.py -> embedding_optimizer_study-0.1.0/src/embed_optim
copying src/embed_optim/geometry_summary.py -> embedding_optimizer_study-0.1.0/src/embed_optim
copying src/embed_optim/gpu_lease.py -> embedding_optimizer_study-0.1.0/src/embed_optim
copying src/embed_optim/gradient_probe.py -> embedding_optimizer_study-0.1.0/src/embed_optim
copying src/embed_optim/hybrid_control.py -> embedding_optimizer_study-0.1.0/src/embed_optim
copying src/embed_optim/hybrid_evaluation.py -> embedding_optimizer_study-0.1.0/src/embed_optim
copying src/embed_optim/local_global_reversal.py -> embedding_optimizer_study-0.1.0/src/embed_optim
copying src/embed_optim/losses.py -> embedding_optimizer_study-0.1.0/src/embed_optim
copying src/embed_optim/matrix.py -> embedding_optimizer_study-0.1.0/src/embed_optim
copying src/embed_optim/mechanism_bridge.py -> embedding_optimizer_study-0.1.0/src/embed_optim
copying src/embed_optim/mechanism_report.py -> embedding_optimizer_study-0.1.0/src/embed_optim
copying src/embed_optim/optimizers.py -> embedding_optimizer_study-0.1.0/src/embed_optim
copying src/embed_optim/outcome_report.py -> embedding_optimizer_study-0.1.0/src/embed_optim
copying src/embed_optim/packing_invariance.py -> embedding_optimizer_study-0.1.0/src/embed_optim
copying src/embed_optim/paper_audit.py -> embedding_optimizer_study-0.1.0/src/embed_optim
copying src/embed_optim/paper_layout.py -> embedding_optimizer_study-0.1.0/src/embed_optim
copying src/embed_optim/paper_results.py -> embedding_optimizer_study-0.1.0/src/embed_optim
copying src/embed_optim/post_eval_pipeline.py -> embedding_optimizer_study-0.1.0/src/embed_optim
copying src/embed_optim/probe_export.py -> embedding_optimizer_study-0.1.0/src/embed_optim
copying src/embed_optim/probe_matrix.py -> embedding_optimizer_study-0.1.0/src/embed_optim
copying src/embed_optim/probes.py -> embedding_optimizer_study-0.1.0/src/embed_optim
copying src/embed_optim/pylate_compat.py -> embedding_optimizer_study-0.1.0/src/embed_optim
copying src/embed_optim/representation_geometry.py -> embedding_optimizer_study-0.1.0/src/embed_optim
copying src/embed_optim/representation_plot.py -> embedding_optimizer_study-0.1.0/src/embed_optim
copying src/embed_optim/representation_summary.py -> embedding_optimizer_study-0.1.0/src/embed_optim
copying src/embed_optim/retrieval_dynamics.py -> embedding_optimizer_study-0.1.0/src/embed_optim
copying src/embed_optim/runtime.py -> embedding_optimizer_study-0.1.0/src/embed_optim
copying src/embed_optim/scope.py -> embedding_optimizer_study-0.1.0/src/embed_optim
copying src/embed_optim/short_branch.py -> embedding_optimizer_study-0.1.0/src/embed_optim
copying src/embed_optim/short_branch_evaluation.py -> embedding_optimizer_study-0.1.0/src/embed_optim
copying src/embed_optim/short_branch_summary.py -> embedding_optimizer_study-0.1.0/src/embed_optim
copying src/embed_optim/spectral_transplant.py -> embedding_optimizer_study-0.1.0/src/embed_optim
copying src/embed_optim/spectral_transplant_matrix.py -> embedding_optimizer_study-0.1.0/src/embed_optim
copying src/embed_optim/spectral_transplant_summary.py -> embedding_optimizer_study-0.1.0/src/embed_optim
copying src/embed_optim/supervisor.py -> embedding_optimizer_study-0.1.0/src/embed_optim
copying src/embed_optim/supplemental_training_audit.py -> embedding_optimizer_study-0.1.0/src/embed_optim
copying src/embed_optim/tail_stability.py -> embedding_optimizer_study-0.1.0/src/embed_optim
copying src/embed_optim/temporal_short_branch.py -> embedding_optimizer_study-0.1.0/src/embed_optim
copying src/embed_optim/temporal_short_branch_predictors.py -> embedding_optimizer_study-0.1.0/src/embed_optim
copying src/embed_optim/three_regime_diagnostic.py -> embedding_optimizer_study-0.1.0/src/embed_optim
copying src/embed_optim/train.py -> embedding_optimizer_study-0.1.0/src/embed_optim
copying src/embed_optim/training_dynamics.py -> embedding_optimizer_study-0.1.0/src/embed_optim
copying src/embed_optim/training_dynamics_plot.py -> embedding_optimizer_study-0.1.0/src/embed_optim
copying src/embed_optim/update_geometry.py -> embedding_optimizer_study-0.1.0/src/embed_optim
copying src/embed_optim/validation_data.py -> embedding_optimizer_study-0.1.0/src/embed_optim
copying src/embed_optim/validation_evaluation.py -> embedding_optimizer_study-0.1.0/src/embed_optim
copying src/embed_optim/validation_matrix.py -> embedding_optimizer_study-0.1.0/src/embed_optim
copying src/embed_optim/validation_summary.py -> embedding_optimizer_study-0.1.0/src/embed_optim
copying src/embed_optim/wandb_dense_provenance_audit.py -> embedding_optimizer_study-0.1.0/src/embed_optim
copying src/embed_optim/wandb_sync.py -> embedding_optimizer_study-0.1.0/src/embed_optim
copying src/embedding_optimizer_study.egg-info/PKG-INFO -> embedding_optimizer_study-0.1.0/src/embedding_optimizer_study.egg-info
copying src/embedding_optimizer_study.egg-info/SOURCES.txt -> embedding_optimizer_study-0.1.0/src/embedding_optimizer_study.egg-info
copying src/embedding_optimizer_study.egg-info/dependency_links.txt -> embedding_optimizer_study-0.1.0/src/embedding_optimizer_study.egg-info
copying src/embedding_optimizer_study.egg-info/entry_points.txt -> embedding_optimizer_study-0.1.0/src/embedding_optimizer_study.egg-info
copying src/embedding_optimizer_study.egg-info/requires.txt -> embedding_optimizer_study-0.1.0/src/embedding_optimizer_study.egg-info
copying src/embedding_optimizer_study.egg-info/top_level.txt -> embedding_optimizer_study-0.1.0/src/embedding_optimizer_study.egg-info
copying tests/test_aggregate.py -> embedding_optimizer_study-0.1.0/tests
copying tests/test_basis_sensitivity.py -> embedding_optimizer_study-0.1.0/tests
copying tests/test_beir_probe.py -> embedding_optimizer_study-0.1.0/tests
copying tests/test_candidate_breadth_data.py -> embedding_optimizer_study-0.1.0/tests
copying tests/test_candidate_breadth_evaluation.py -> embedding_optimizer_study-0.1.0/tests
copying tests/test_candidate_breadth_matrix.py -> embedding_optimizer_study-0.1.0/tests
copying tests/test_candidate_breadth_publication.py -> embedding_optimizer_study-0.1.0/tests
copying tests/test_candidate_breadth_release.py -> embedding_optimizer_study-0.1.0/tests
copying tests/test_candidate_breadth_summary.py -> embedding_optimizer_study-0.1.0/tests
copying tests/test_causal_chain_reporting.py -> embedding_optimizer_study-0.1.0/tests
copying tests/test_checkpoint_watch.py -> embedding_optimizer_study-0.1.0/tests
copying tests/test_collators.py -> embedding_optimizer_study-0.1.0/tests
copying tests/test_common_state_matrix.py -> embedding_optimizer_study-0.1.0/tests
copying tests/test_common_state_spectra.py -> embedding_optimizer_study-0.1.0/tests
copying tests/test_common_state_spectrum_plot.py -> embedding_optimizer_study-0.1.0/tests
copying tests/test_common_state_summary.py -> embedding_optimizer_study-0.1.0/tests
copying tests/test_config.py -> embedding_optimizer_study-0.1.0/tests
copying tests/test_confirmatory_data.py -> embedding_optimizer_study-0.1.0/tests
copying tests/test_confirmatory_evaluation.py -> embedding_optimizer_study-0.1.0/tests
copying tests/test_confirmatory_matrix.py -> embedding_optimizer_study-0.1.0/tests
copying tests/test_corpus_size_diagnostic.py -> embedding_optimizer_study-0.1.0/tests
copying tests/test_data.py -> embedding_optimizer_study-0.1.0/tests
copying tests/test_decontamination.py -> embedding_optimizer_study-0.1.0/tests
copying tests/test_dense_completion_pipeline.py -> embedding_optimizer_study-0.1.0/tests
copying tests/test_dense_eval_handoff.py -> embedding_optimizer_study-0.1.0/tests
copying tests/test_dense_finalization_pipeline.py -> embedding_optimizer_study-0.1.0/tests
copying tests/test_dense_retrieval_dynamics_evaluation.py -> embedding_optimizer_study-0.1.0/tests
copying tests/test_dense_retrieval_dynamics_publication.py -> embedding_optimizer_study-0.1.0/tests
copying tests/test_dense_retrieval_dynamics_summary.py -> embedding_optimizer_study-0.1.0/tests
copying tests/test_distribution.py -> embedding_optimizer_study-0.1.0/tests
copying tests/test_distribution_audit.py -> embedding_optimizer_study-0.1.0/tests
copying tests/test_dose_band_analysis.py -> embedding_optimizer_study-0.1.0/tests
copying tests/test_evaluate_matrix.py -> embedding_optimizer_study-0.1.0/tests
copying tests/test_evaluation_progress.py -> embedding_optimizer_study-0.1.0/tests
copying tests/test_evaluation_source_provenance.py -> embedding_optimizer_study-0.1.0/tests
copying tests/test_evaluation_supervisor.py -> embedding_optimizer_study-0.1.0/tests
copying tests/test_family_training_queue.py -> embedding_optimizer_study-0.1.0/tests
copying tests/test_functional_intervention.py -> embedding_optimizer_study-0.1.0/tests
copying tests/test_geometry.py -> embedding_optimizer_study-0.1.0/tests
copying tests/test_geometry_plot.py -> embedding_optimizer_study-0.1.0/tests
copying tests/test_geometry_summary.py -> embedding_optimizer_study-0.1.0/tests
copying tests/test_gpu_lease.py -> embedding_optimizer_study-0.1.0/tests
copying tests/test_gradient_probe.py -> embedding_optimizer_study-0.1.0/tests
copying tests/test_hybrid_control.py -> embedding_optimizer_study-0.1.0/tests
copying tests/test_local_global_reversal.py -> embedding_optimizer_study-0.1.0/tests
copying tests/test_losses.py -> embedding_optimizer_study-0.1.0/tests
copying tests/test_matrix.py -> embedding_optimizer_study-0.1.0/tests
copying tests/test_mechanism_bridge.py -> embedding_optimizer_study-0.1.0/tests
copying tests/test_mechanism_report.py -> embedding_optimizer_study-0.1.0/tests
copying tests/test_optimizers.py -> embedding_optimizer_study-0.1.0/tests
copying tests/test_outcome_report.py -> embedding_optimizer_study-0.1.0/tests
copying tests/test_packing_invariance.py -> embedding_optimizer_study-0.1.0/tests
copying tests/test_paper_audit.py -> embedding_optimizer_study-0.1.0/tests
copying tests/test_paper_layout.py -> embedding_optimizer_study-0.1.0/tests
copying tests/test_paper_results.py -> embedding_optimizer_study-0.1.0/tests
copying tests/test_post_eval_pipeline.py -> embedding_optimizer_study-0.1.0/tests
copying tests/test_probe_export.py -> embedding_optimizer_study-0.1.0/tests
copying tests/test_probe_matrix.py -> embedding_optimizer_study-0.1.0/tests
copying tests/test_probes.py -> embedding_optimizer_study-0.1.0/tests
copying tests/test_repository_hygiene.py -> embedding_optimizer_study-0.1.0/tests
copying tests/test_representation_geometry.py -> embedding_optimizer_study-0.1.0/tests
copying tests/test_representation_plot.py -> embedding_optimizer_study-0.1.0/tests
copying tests/test_representation_summary.py -> embedding_optimizer_study-0.1.0/tests
copying tests/test_retrieval_dynamics.py -> embedding_optimizer_study-0.1.0/tests
copying tests/test_runtime.py -> embedding_optimizer_study-0.1.0/tests
copying tests/test_scope.py -> embedding_optimizer_study-0.1.0/tests
copying tests/test_short_branch.py -> embedding_optimizer_study-0.1.0/tests
copying tests/test_short_branch_evaluation.py -> embedding_optimizer_study-0.1.0/tests
copying tests/test_short_branch_summary.py -> embedding_optimizer_study-0.1.0/tests
copying tests/test_specialized_evaluation_entrypoints.py -> embedding_optimizer_study-0.1.0/tests
copying tests/test_spectral_transplant.py -> embedding_optimizer_study-0.1.0/tests
copying tests/test_supervisor.py -> embedding_optimizer_study-0.1.0/tests
copying tests/test_supplemental_training_audit.py -> embedding_optimizer_study-0.1.0/tests
copying tests/test_tail_stability.py -> embedding_optimizer_study-0.1.0/tests
copying tests/test_temporal_short_branch.py -> embedding_optimizer_study-0.1.0/tests
copying tests/test_temporal_short_branch_predictors.py -> embedding_optimizer_study-0.1.0/tests
copying tests/test_three_regime_diagnostic.py -> embedding_optimizer_study-0.1.0/tests
copying tests/test_train.py -> embedding_optimizer_study-0.1.0/tests
copying tests/test_training_dynamics.py -> embedding_optimizer_study-0.1.0/tests
copying tests/test_training_dynamics_plot.py -> embedding_optimizer_study-0.1.0/tests
copying tests/test_update_geometry.py -> embedding_optimizer_study-0.1.0/tests
copying tests/test_validation_data.py -> embedding_optimizer_study-0.1.0/tests
copying tests/test_validation_pipeline.py -> embedding_optimizer_study-0.1.0/tests
copying tests/test_wandb_dense_provenance_audit.py -> embedding_optimizer_study-0.1.0/tests
copying tests/test_wandb_sync.py -> embedding_optimizer_study-0.1.0/tests
Writing embedding_optimizer_study-0.1.0/setup.cfg
Creating tar archive
removing 'embedding_optimizer_study-0.1.0' (and everything under it)
Building wheel from source distribution...
running egg_info
writing src/embedding_optimizer_study.egg-info/PKG-INFO
writing dependency_links to src/embedding_optimizer_study.egg-info/dependency_links.txt
writing entry points to src/embedding_optimizer_study.egg-info/entry_points.txt
writing requirements to src/embedding_optimizer_study.egg-info/requires.txt
writing top-level names to src/embedding_optimizer_study.egg-info/top_level.txt
reading manifest file 'src/embedding_optimizer_study.egg-info/SOURCES.txt'
reading manifest template 'MANIFEST.in'
adding license file 'LICENSE'
writing manifest file 'src/embedding_optimizer_study.egg-info/SOURCES.txt'
running bdist_wheel
running build
running build_py
creating build/lib/embed_optim
copying src/embed_optim/aggregate.py -> build/lib/embed_optim
copying src/embed_optim/validation_evaluation.py -> build/lib/embed_optim
copying src/embed_optim/common_state_spectrum_plot.py -> build/lib/embed_optim
copying src/embed_optim/common_state_matrix.py -> build/lib/embed_optim
copying src/embed_optim/optimizers.py -> build/lib/embed_optim
copying src/embed_optim/runtime.py -> build/lib/embed_optim
copying src/embed_optim/representation_plot.py -> build/lib/embed_optim
copying src/embed_optim/candidate_breadth_release.py -> build/lib/embed_optim
copying src/embed_optim/spectral_transplant_matrix.py -> build/lib/embed_optim
copying src/embed_optim/candidate_breadth_evaluation.py -> build/lib/embed_optim
copying src/embed_optim/short_branch.py -> build/lib/embed_optim
copying src/embed_optim/short_branch_summary.py -> build/lib/embed_optim
copying src/embed_optim/packing_invariance.py -> build/lib/embed_optim
copying src/embed_optim/common_state_spectra.py -> build/lib/embed_optim
copying src/embed_optim/checkpoint_watch.py -> build/lib/embed_optim
copying src/embed_optim/update_geometry.py -> build/lib/embed_optim
copying src/embed_optim/decontamination.py -> build/lib/embed_optim
copying src/embed_optim/losses.py -> build/lib/embed_optim
copying src/embed_optim/dense_retrieval_dynamics_summary.py -> build/lib/embed_optim
copying src/embed_optim/mechanism_bridge.py -> build/lib/embed_optim
copying src/embed_optim/hybrid_evaluation.py -> build/lib/embed_optim
copying src/embed_optim/geometry_plot.py -> build/lib/embed_optim
copying src/embed_optim/post_eval_pipeline.py -> build/lib/embed_optim
copying src/embed_optim/dose_band_analysis.py -> build/lib/embed_optim
copying src/embed_optim/training_dynamics_plot.py -> build/lib/embed_optim
copying src/embed_optim/spectral_transplant_summary.py -> build/lib/embed_optim
copying src/embed_optim/retrieval_dynamics.py -> build/lib/embed_optim
copying src/embed_optim/probe_matrix.py -> build/lib/embed_optim
copying src/embed_optim/candidate_breadth_matrix.py -> build/lib/embed_optim
copying src/embed_optim/probes.py -> build/lib/embed_optim
copying src/embed_optim/short_branch_evaluation.py -> build/lib/embed_optim
copying src/embed_optim/confirmatory_data.py -> build/lib/embed_optim
copying src/embed_optim/supervisor.py -> build/lib/embed_optim
copying src/embed_optim/dense_retrieval_dynamics_evaluation.py -> build/lib/embed_optim
copying src/embed_optim/causal_chain_reporting.py -> build/lib/embed_optim
copying src/embed_optim/pylate_compat.py -> build/lib/embed_optim
copying src/embed_optim/evaluation_supervisor.py -> build/lib/embed_optim
copying src/embed_optim/dense_completion_pipeline.py -> build/lib/embed_optim
copying src/embed_optim/beir_probe.py -> build/lib/embed_optim
copying src/embed_optim/callbacks.py -> build/lib/embed_optim
copying src/embed_optim/candidate_breadth_summary.py -> build/lib/embed_optim
copying src/embed_optim/family_training_queue.py -> build/lib/embed_optim
copying src/embed_optim/common_state_summary.py -> build/lib/embed_optim
copying src/embed_optim/evaluation_source_provenance.py -> build/lib/embed_optim
copying src/embed_optim/train.py -> build/lib/embed_optim
copying src/embed_optim/temporal_short_branch_predictors.py -> build/lib/embed_optim
copying src/embed_optim/confirmatory_matrix.py -> build/lib/embed_optim
copying src/embed_optim/causal_chain_rendering.py -> build/lib/embed_optim
copying src/embed_optim/representation_summary.py -> build/lib/embed_optim
copying src/embed_optim/probe_export.py -> build/lib/embed_optim
copying src/embed_optim/data.py -> build/lib/embed_optim
copying src/embed_optim/evaluation_source_archive.py -> build/lib/embed_optim
copying src/embed_optim/evaluation_utils.py -> build/lib/embed_optim
copying src/embed_optim/temporal_short_branch.py -> build/lib/embed_optim
copying src/embed_optim/functional_intervention_summary.py -> build/lib/embed_optim
copying src/embed_optim/tail_stability.py -> build/lib/embed_optim
copying src/embed_optim/gradient_probe.py -> build/lib/embed_optim
copying src/embed_optim/spectral_transplant.py -> build/lib/embed_optim
copying src/embed_optim/local_global_reversal.py -> build/lib/embed_optim
copying src/embed_optim/hybrid_control.py -> build/lib/embed_optim
copying src/embed_optim/candidate_breadth_data.py -> build/lib/embed_optim
copying src/embed_optim/paper_audit.py -> build/lib/embed_optim
copying src/embed_optim/representation_geometry.py -> build/lib/embed_optim
copying src/embed_optim/gpu_lease.py -> build/lib/embed_optim
copying src/embed_optim/validation_matrix.py -> build/lib/embed_optim
copying src/embed_optim/validation_data.py -> build/lib/embed_optim
copying src/embed_optim/__init__.py -> build/lib/embed_optim
copying src/embed_optim/functional_intervention_matrix.py -> build/lib/embed_optim
copying src/embed_optim/matrix.py -> build/lib/embed_optim
copying src/embed_optim/candidate_breadth_publication.py -> build/lib/embed_optim
copying src/embed_optim/validation_summary.py -> build/lib/embed_optim
copying src/embed_optim/evaluation_progress.py -> build/lib/embed_optim
copying src/embed_optim/dense_finalization_pipeline.py -> build/lib/embed_optim
copying src/embed_optim/dense_eval_handoff.py -> build/lib/embed_optim
copying src/embed_optim/functional_intervention.py -> build/lib/embed_optim
copying src/embed_optim/confirmatory_summary.py -> build/lib/embed_optim
copying src/embed_optim/paper_results.py -> build/lib/embed_optim
copying src/embed_optim/evaluate_matrix.py -> build/lib/embed_optim
copying src/embed_optim/dense_retrieval_dynamics_publication.py -> build/lib/embed_optim
copying src/embed_optim/collators.py -> build/lib/embed_optim
copying src/embed_optim/geometry.py -> build/lib/embed_optim
copying src/embed_optim/wandb_dense_provenance_audit.py -> build/lib/embed_optim
copying src/embed_optim/confirmatory_evaluation.py -> build/lib/embed_optim
copying src/embed_optim/mechanism_report.py -> build/lib/embed_optim
copying src/embed_optim/distribution_audit.py -> build/lib/embed_optim
copying src/embed_optim/supplemental_training_audit.py -> build/lib/embed_optim
copying src/embed_optim/config.py -> build/lib/embed_optim
copying src/embed_optim/outcome_report.py -> build/lib/embed_optim
copying src/embed_optim/three_regime_diagnostic.py -> build/lib/embed_optim
copying src/embed_optim/scope.py -> build/lib/embed_optim
copying src/embed_optim/paper_layout.py -> build/lib/embed_optim
copying src/embed_optim/basis_sensitivity.py -> build/lib/embed_optim
copying src/embed_optim/corpus_size_diagnostic.py -> build/lib/embed_optim
copying src/embed_optim/training_dynamics.py -> build/lib/embed_optim
copying src/embed_optim/wandb_sync.py -> build/lib/embed_optim
copying src/embed_optim/geometry_summary.py -> build/lib/embed_optim
running egg_info
writing src/embedding_optimizer_study.egg-info/PKG-INFO
writing dependency_links to src/embedding_optimizer_study.egg-info/dependency_links.txt
writing entry points to src/embedding_optimizer_study.egg-info/entry_points.txt
writing requirements to src/embedding_optimizer_study.egg-info/requires.txt
writing top-level names to src/embedding_optimizer_study.egg-info/top_level.txt
reading manifest file 'src/embedding_optimizer_study.egg-info/SOURCES.txt'
reading manifest template 'MANIFEST.in'
adding license file 'LICENSE'
writing manifest file 'src/embedding_optimizer_study.egg-info/SOURCES.txt'
installing to build/bdist.linux-x86_64/wheel
running install
running install_lib
creating build/bdist.linux-x86_64/wheel
creating build/bdist.linux-x86_64/wheel/embed_optim
copying build/lib/embed_optim/aggregate.py -> build/bdist.linux-x86_64/wheel/./embed_optim
copying build/lib/embed_optim/validation_evaluation.py -> build/bdist.linux-x86_64/wheel/./embed_optim
copying build/lib/embed_optim/common_state_spectrum_plot.py -> build/bdist.linux-x86_64/wheel/./embed_optim
copying build/lib/embed_optim/common_state_matrix.py -> build/bdist.linux-x86_64/wheel/./embed_optim
copying build/lib/embed_optim/optimizers.py -> build/bdist.linux-x86_64/wheel/./embed_optim
copying build/lib/embed_optim/runtime.py -> build/bdist.linux-x86_64/wheel/./embed_optim
copying build/lib/embed_optim/representation_plot.py -> build/bdist.linux-x86_64/wheel/./embed_optim
copying build/lib/embed_optim/candidate_breadth_release.py -> build/bdist.linux-x86_64/wheel/./embed_optim
copying build/lib/embed_optim/spectral_transplant_matrix.py -> build/bdist.linux-x86_64/wheel/./embed_optim
copying build/lib/embed_optim/candidate_breadth_evaluation.py -> build/bdist.linux-x86_64/wheel/./embed_optim
copying build/lib/embed_optim/short_branch.py -> build/bdist.linux-x86_64/wheel/./embed_optim
copying build/lib/embed_optim/short_branch_summary.py -> build/bdist.linux-x86_64/wheel/./embed_optim
copying build/lib/embed_optim/packing_invariance.py -> build/bdist.linux-x86_64/wheel/./embed_optim
copying build/lib/embed_optim/common_state_spectra.py -> build/bdist.linux-x86_64/wheel/./embed_optim
copying build/lib/embed_optim/checkpoint_watch.py -> build/bdist.linux-x86_64/wheel/./embed_optim
copying build/lib/embed_optim/update_geometry.py -> build/bdist.linux-x86_64/wheel/./embed_optim
copying build/lib/embed_optim/decontamination.py -> build/bdist.linux-x86_64/wheel/./embed_optim
copying build/lib/embed_optim/losses.py -> build/bdist.linux-x86_64/wheel/./embed_optim
copying build/lib/embed_optim/dense_retrieval_dynamics_summary.py -> build/bdist.linux-x86_64/wheel/./embed_optim
copying build/lib/embed_optim/mechanism_bridge.py -> build/bdist.linux-x86_64/wheel/./embed_optim
copying build/lib/embed_optim/hybrid_evaluation.py -> build/bdist.linux-x86_64/wheel/./embed_optim
copying build/lib/embed_optim/geometry_plot.py -> build/bdist.linux-x86_64/wheel/./embed_optim
copying build/lib/embed_optim/post_eval_pipeline.py -> build/bdist.linux-x86_64/wheel/./embed_optim
copying build/lib/embed_optim/dose_band_analysis.py -> build/bdist.linux-x86_64/wheel/./embed_optim
copying build/lib/embed_optim/training_dynamics_plot.py -> build/bdist.linux-x86_64/wheel/./embed_optim
copying build/lib/embed_optim/spectral_transplant_summary.py -> build/bdist.linux-x86_64/wheel/./embed_optim
copying build/lib/embed_optim/retrieval_dynamics.py -> build/bdist.linux-x86_64/wheel/./embed_optim
copying build/lib/embed_optim/probe_matrix.py -> build/bdist.linux-x86_64/wheel/./embed_optim
copying build/lib/embed_optim/candidate_breadth_matrix.py -> build/bdist.linux-x86_64/wheel/./embed_optim
copying build/lib/embed_optim/probes.py -> build/bdist.linux-x86_64/wheel/./embed_optim
copying build/lib/embed_optim/short_branch_evaluation.py -> build/bdist.linux-x86_64/wheel/./embed_optim
copying build/lib/embed_optim/confirmatory_data.py -> build/bdist.linux-x86_64/wheel/./embed_optim
copying build/lib/embed_optim/supervisor.py -> build/bdist.linux-x86_64/wheel/./embed_optim
copying build/lib/embed_optim/dense_retrieval_dynamics_evaluation.py -> build/bdist.linux-x86_64/wheel/./embed_optim
copying build/lib/embed_optim/causal_chain_reporting.py -> build/bdist.linux-x86_64/wheel/./embed_optim
copying build/lib/embed_optim/pylate_compat.py -> build/bdist.linux-x86_64/wheel/./embed_optim
copying build/lib/embed_optim/evaluation_supervisor.py -> build/bdist.linux-x86_64/wheel/./embed_optim
copying build/lib/embed_optim/dense_completion_pipeline.py -> build/bdist.linux-x86_64/wheel/./embed_optim
copying build/lib/embed_optim/beir_probe.py -> build/bdist.linux-x86_64/wheel/./embed_optim
copying build/lib/embed_optim/callbacks.py -> build/bdist.linux-x86_64/wheel/./embed_optim
copying build/lib/embed_optim/candidate_breadth_summary.py -> build/bdist.linux-x86_64/wheel/./embed_optim
copying build/lib/embed_optim/family_training_queue.py -> build/bdist.linux-x86_64/wheel/./embed_optim
copying build/lib/embed_optim/common_state_summary.py -> build/bdist.linux-x86_64/wheel/./embed_optim
copying build/lib/embed_optim/evaluation_source_provenance.py -> build/bdist.linux-x86_64/wheel/./embed_optim
copying build/lib/embed_optim/train.py -> build/bdist.linux-x86_64/wheel/./embed_optim
copying build/lib/embed_optim/temporal_short_branch_predictors.py -> build/bdist.linux-x86_64/wheel/./embed_optim
copying build/lib/embed_optim/confirmatory_matrix.py -> build/bdist.linux-x86_64/wheel/./embed_optim
copying build/lib/embed_optim/causal_chain_rendering.py -> build/bdist.linux-x86_64/wheel/./embed_optim
copying build/lib/embed_optim/representation_summary.py -> build/bdist.linux-x86_64/wheel/./embed_optim
copying build/lib/embed_optim/probe_export.py -> build/bdist.linux-x86_64/wheel/./embed_optim
copying build/lib/embed_optim/data.py -> build/bdist.linux-x86_64/wheel/./embed_optim
copying build/lib/embed_optim/evaluation_source_archive.py -> build/bdist.linux-x86_64/wheel/./embed_optim
copying build/lib/embed_optim/evaluation_utils.py -> build/bdist.linux-x86_64/wheel/./embed_optim
copying build/lib/embed_optim/temporal_short_branch.py -> build/bdist.linux-x86_64/wheel/./embed_optim
copying build/lib/embed_optim/functional_intervention_summary.py -> build/bdist.linux-x86_64/wheel/./embed_optim
copying build/lib/embed_optim/tail_stability.py -> build/bdist.linux-x86_64/wheel/./embed_optim
copying build/lib/embed_optim/gradient_probe.py -> build/bdist.linux-x86_64/wheel/./embed_optim
copying build/lib/embed_optim/spectral_transplant.py -> build/bdist.linux-x86_64/wheel/./embed_optim
copying build/lib/embed_optim/local_global_reversal.py -> build/bdist.linux-x86_64/wheel/./embed_optim
copying build/lib/embed_optim/hybrid_control.py -> build/bdist.linux-x86_64/wheel/./embed_optim
copying build/lib/embed_optim/candidate_breadth_data.py -> build/bdist.linux-x86_64/wheel/./embed_optim
copying build/lib/embed_optim/paper_audit.py -> build/bdist.linux-x86_64/wheel/./embed_optim
copying build/lib/embed_optim/representation_geometry.py -> build/bdist.linux-x86_64/wheel/./embed_optim
copying build/lib/embed_optim/gpu_lease.py -> build/bdist.linux-x86_64/wheel/./embed_optim
copying build/lib/embed_optim/validation_matrix.py -> build/bdist.linux-x86_64/wheel/./embed_optim
copying build/lib/embed_optim/validation_data.py -> build/bdist.linux-x86_64/wheel/./embed_optim
copying build/lib/embed_optim/__init__.py -> build/bdist.linux-x86_64/wheel/./embed_optim
copying build/lib/embed_optim/functional_intervention_matrix.py -> build/bdist.linux-x86_64/wheel/./embed_optim
copying build/lib/embed_optim/matrix.py -> build/bdist.linux-x86_64/wheel/./embed_optim
copying build/lib/embed_optim/candidate_breadth_publication.py -> build/bdist.linux-x86_64/wheel/./embed_optim
copying build/lib/embed_optim/validation_summary.py -> build/bdist.linux-x86_64/wheel/./embed_optim
copying build/lib/embed_optim/evaluation_progress.py -> build/bdist.linux-x86_64/wheel/./embed_optim
copying build/lib/embed_optim/dense_finalization_pipeline.py -> build/bdist.linux-x86_64/wheel/./embed_optim
copying build/lib/embed_optim/dense_eval_handoff.py -> build/bdist.linux-x86_64/wheel/./embed_optim
copying build/lib/embed_optim/functional_intervention.py -> build/bdist.linux-x86_64/wheel/./embed_optim
copying build/lib/embed_optim/confirmatory_summary.py -> build/bdist.linux-x86_64/wheel/./embed_optim
copying build/lib/embed_optim/paper_results.py -> build/bdist.linux-x86_64/wheel/./embed_optim
copying build/lib/embed_optim/evaluate_matrix.py -> build/bdist.linux-x86_64/wheel/./embed_optim
copying build/lib/embed_optim/dense_retrieval_dynamics_publication.py -> build/bdist.linux-x86_64/wheel/./embed_optim
copying build/lib/embed_optim/collators.py -> build/bdist.linux-x86_64/wheel/./embed_optim
copying build/lib/embed_optim/geometry.py -> build/bdist.linux-x86_64/wheel/./embed_optim
copying build/lib/embed_optim/wandb_dense_provenance_audit.py -> build/bdist.linux-x86_64/wheel/./embed_optim
copying build/lib/embed_optim/confirmatory_evaluation.py -> build/bdist.linux-x86_64/wheel/./embed_optim
copying build/lib/embed_optim/mechanism_report.py -> build/bdist.linux-x86_64/wheel/./embed_optim
copying build/lib/embed_optim/distribution_audit.py -> build/bdist.linux-x86_64/wheel/./embed_optim
copying build/lib/embed_optim/supplemental_training_audit.py -> build/bdist.linux-x86_64/wheel/./embed_optim
copying build/lib/embed_optim/config.py -> build/bdist.linux-x86_64/wheel/./embed_optim
copying build/lib/embed_optim/outcome_report.py -> build/bdist.linux-x86_64/wheel/./embed_optim
copying build/lib/embed_optim/three_regime_diagnostic.py -> build/bdist.linux-x86_64/wheel/./embed_optim
copying build/lib/embed_optim/scope.py -> build/bdist.linux-x86_64/wheel/./embed_optim
copying build/lib/embed_optim/paper_layout.py -> build/bdist.linux-x86_64/wheel/./embed_optim
copying build/lib/embed_optim/basis_sensitivity.py -> build/bdist.linux-x86_64/wheel/./embed_optim
copying build/lib/embed_optim/corpus_size_diagnostic.py -> build/bdist.linux-x86_64/wheel/./embed_optim
copying build/lib/embed_optim/training_dynamics.py -> build/bdist.linux-x86_64/wheel/./embed_optim
copying build/lib/embed_optim/wandb_sync.py -> build/bdist.linux-x86_64/wheel/./embed_optim
copying build/lib/embed_optim/geometry_summary.py -> build/bdist.linux-x86_64/wheel/./embed_optim
running install_data
creating build/bdist.linux-x86_64/wheel/embedding_optimizer_study-0.1.0.data/data
creating build/bdist.linux-x86_64/wheel/embedding_optimizer_study-0.1.0.data/data/share/embedding-optimizer-study/configs
copying configs/candidate_breadth_probe.json -> build/bdist.linux-x86_64/wheel/embedding_optimizer_study-0.1.0.data/data/share/embedding-optimizer-study/configs
copying configs/corpus_size_diagnostic.json -> build/bdist.linux-x86_64/wheel/embedding_optimizer_study-0.1.0.data/data/share/embedding-optimizer-study/configs
copying configs/three_regime_diagnostic.json -> build/bdist.linux-x86_64/wheel/embedding_optimizer_study-0.1.0.data/data/share/embedding-optimizer-study/configs
copying configs/beir_representation_probe.json -> build/bdist.linux-x86_64/wheel/embedding_optimizer_study-0.1.0.data/data/share/embedding-optimizer-study/configs
copying configs/basis_sensitivity.json -> build/bdist.linux-x86_64/wheel/embedding_optimizer_study-0.1.0.data/data/share/embedding-optimizer-study/configs
copying configs/causal_chain_analysis.json -> build/bdist.linux-x86_64/wheel/embedding_optimizer_study-0.1.0.data/data/share/embedding-optimizer-study/configs
copying configs/experiment.yaml -> build/bdist.linux-x86_64/wheel/embedding_optimizer_study-0.1.0.data/data/share/embedding-optimizer-study/configs
copying configs/common_state_probe.json -> build/bdist.linux-x86_64/wheel/embedding_optimizer_study-0.1.0.data/data/share/embedding-optimizer-study/configs
copying configs/common_state_spectrum_probe.json -> build/bdist.linux-x86_64/wheel/embedding_optimizer_study-0.1.0.data/data/share/embedding-optimizer-study/configs
copying configs/confirmatory_protocol.json -> build/bdist.linux-x86_64/wheel/embedding_optimizer_study-0.1.0.data/data/share/embedding-optimizer-study/configs
copying configs/dense_scope_amendment.json -> build/bdist.linux-x86_64/wheel/embedding_optimizer_study-0.1.0.data/data/share/embedding-optimizer-study/configs
copying configs/dense_retrieval_dynamics_extension.json -> build/bdist.linux-x86_64/wheel/embedding_optimizer_study-0.1.0.data/data/share/embedding-optimizer-study/configs
copying configs/dense_training_queue.json -> build/bdist.linux-x86_64/wheel/embedding_optimizer_study-0.1.0.data/data/share/embedding-optimizer-study/configs
copying configs/functional_intervention.json -> build/bdist.linux-x86_64/wheel/embedding_optimizer_study-0.1.0.data/data/share/embedding-optimizer-study/configs
copying configs/formal_runtime.json -> build/bdist.linux-x86_64/wheel/embedding_optimizer_study-0.1.0.data/data/share/embedding-optimizer-study/configs
copying configs/formal_runtime_constraints.txt -> build/bdist.linux-x86_64/wheel/embedding_optimizer_study-0.1.0.data/data/share/embedding-optimizer-study/configs
copying configs/hybrid_adamw_control.json -> build/bdist.linux-x86_64/wheel/embedding_optimizer_study-0.1.0.data/data/share/embedding-optimizer-study/configs
copying configs/hybrid_adamw.yaml -> build/bdist.linux-x86_64/wheel/embedding_optimizer_study-0.1.0.data/data/share/embedding-optimizer-study/configs
copying configs/local_global_reversal.json -> build/bdist.linux-x86_64/wheel/embedding_optimizer_study-0.1.0.data/data/share/embedding-optimizer-study/configs
copying configs/loss_retrieval_diagnostic.json -> build/bdist.linux-x86_64/wheel/embedding_optimizer_study-0.1.0.data/data/share/embedding-optimizer-study/configs
copying configs/mechanism_analysis_integration.json -> build/bdist.linux-x86_64/wheel/embedding_optimizer_study-0.1.0.data/data/share/embedding-optimizer-study/configs
copying configs/tail_stability_analysis.json -> build/bdist.linux-x86_64/wheel/embedding_optimizer_study-0.1.0.data/data/share/embedding-optimizer-study/configs
copying configs/spectral_transplant_intervention.json -> build/bdist.linux-x86_64/wheel/embedding_optimizer_study-0.1.0.data/data/share/embedding-optimizer-study/configs
copying configs/paper_claim_protocol.json -> build/bdist.linux-x86_64/wheel/embedding_optimizer_study-0.1.0.data/data/share/embedding-optimizer-study/configs
copying configs/portable_paper_evidence.json -> build/bdist.linux-x86_64/wheel/embedding_optimizer_study-0.1.0.data/data/share/embedding-optimizer-study/configs
copying configs/representation_probe.json -> build/bdist.linux-x86_64/wheel/embedding_optimizer_study-0.1.0.data/data/share/embedding-optimizer-study/configs
copying configs/retrieval_dynamics_protocol.json -> build/bdist.linux-x86_64/wheel/embedding_optimizer_study-0.1.0.data/data/share/embedding-optimizer-study/configs
copying configs/short_branch_protocol.json -> build/bdist.linux-x86_64/wheel/embedding_optimizer_study-0.1.0.data/data/share/embedding-optimizer-study/configs
copying configs/smoke.yaml -> build/bdist.linux-x86_64/wheel/embedding_optimizer_study-0.1.0.data/data/share/embedding-optimizer-study/configs
copying configs/stress.yaml -> build/bdist.linux-x86_64/wheel/embedding_optimizer_study-0.1.0.data/data/share/embedding-optimizer-study/configs
copying configs/training_data_contract.json -> build/bdist.linux-x86_64/wheel/embedding_optimizer_study-0.1.0.data/data/share/embedding-optimizer-study/configs
copying configs/validation_probe.json -> build/bdist.linux-x86_64/wheel/embedding_optimizer_study-0.1.0.data/data/share/embedding-optimizer-study/configs
creating build/bdist.linux-x86_64/wheel/embedding_optimizer_study-0.1.0.data/data/share/embedding-optimizer-study/configs/generated/confirmatory
copying configs/generated/confirmatory/seed161803.yaml -> build/bdist.linux-x86_64/wheel/embedding_optimizer_study-0.1.0.data/data/share/embedding-optimizer-study/configs/generated/confirmatory
copying configs/generated/confirmatory/seed271828.yaml -> build/bdist.linux-x86_64/wheel/embedding_optimizer_study-0.1.0.data/data/share/embedding-optimizer-study/configs/generated/confirmatory
copying configs/generated/confirmatory/seed314159.yaml -> build/bdist.linux-x86_64/wheel/embedding_optimizer_study-0.1.0.data/data/share/embedding-optimizer-study/configs/generated/confirmatory
creating build/bdist.linux-x86_64/wheel/embedding_optimizer_study-0.1.0.data/data/share/embedding-optimizer-study/configs/generated/short-branch
copying configs/generated/short-branch/seed161803.yaml -> build/bdist.linux-x86_64/wheel/embedding_optimizer_study-0.1.0.data/data/share/embedding-optimizer-study/configs/generated/short-branch
copying configs/generated/short-branch/seed271828.yaml -> build/bdist.linux-x86_64/wheel/embedding_optimizer_study-0.1.0.data/data/share/embedding-optimizer-study/configs/generated/short-branch
copying configs/generated/short-branch/seed314159.yaml -> build/bdist.linux-x86_64/wheel/embedding_optimizer_study-0.1.0.data/data/share/embedding-optimizer-study/configs/generated/short-branch
creating build/bdist.linux-x86_64/wheel/embedding_optimizer_study-0.1.0.data/data/share/embedding-optimizer-study/scripts/eval
copying scripts/eval/dense_parallel.py -> build/bdist.linux-x86_64/wheel/embedding_optimizer_study-0.1.0.data/data/share/embedding-optimizer-study/scripts/eval
copying scripts/eval/dense_sequential.py -> build/bdist.linux-x86_64/wheel/embedding_optimizer_study-0.1.0.data/data/share/embedding-optimizer-study/scripts/eval
copying AGENTS.md -> build/bdist.linux-x86_64/wheel/embedding_optimizer_study-0.1.0.data/data/share/embedding-optimizer-study
copying CITATION.cff -> build/bdist.linux-x86_64/wheel/embedding_optimizer_study-0.1.0.data/data/share/embedding-optimizer-study
copying CODE_OF_CONDUCT.md -> build/bdist.linux-x86_64/wheel/embedding_optimizer_study-0.1.0.data/data/share/embedding-optimizer-study
copying CONTRIBUTING.md -> build/bdist.linux-x86_64/wheel/embedding_optimizer_study-0.1.0.data/data/share/embedding-optimizer-study
copying PROJECT_STATUS.md -> build/bdist.linux-x86_64/wheel/embedding_optimizer_study-0.1.0.data/data/share/embedding-optimizer-study
copying requirements-formal.lock -> build/bdist.linux-x86_64/wheel/embedding_optimizer_study-0.1.0.data/data/share/embedding-optimizer-study
copying requirements-formal-flash.txt -> build/bdist.linux-x86_64/wheel/embedding_optimizer_study-0.1.0.data/data/share/embedding-optimizer-study
copying SECURITY.md -> build/bdist.linux-x86_64/wheel/embedding_optimizer_study-0.1.0.data/data/share/embedding-optimizer-study
copying THIRD_PARTY_NOTICES.md -> build/bdist.linux-x86_64/wheel/embedding_optimizer_study-0.1.0.data/data/share/embedding-optimizer-study
creating build/bdist.linux-x86_64/wheel/embedding_optimizer_study-0.1.0.data/data/share/embedding-optimizer-study/docs
copying docs/blog.md -> build/bdist.linux-x86_64/wheel/embedding_optimizer_study-0.1.0.data/data/share/embedding-optimizer-study/docs
copying docs/completion-gates.md -> build/bdist.linux-x86_64/wheel/embedding_optimizer_study-0.1.0.data/data/share/embedding-optimizer-study/docs
copying docs/dense-eval-handoff.md -> build/bdist.linux-x86_64/wheel/embedding_optimizer_study-0.1.0.data/data/share/embedding-optimizer-study/docs
copying docs/naacl-dense-paper-plan.md -> build/bdist.linux-x86_64/wheel/embedding_optimizer_study-0.1.0.data/data/share/embedding-optimizer-study/docs
copying docs/naacl-paper-plan.md -> build/bdist.linux-x86_64/wheel/embedding_optimizer_study-0.1.0.data/data/share/embedding-optimizer-study/docs
creating build/bdist.linux-x86_64/wheel/embedding_optimizer_study-0.1.0.data/data/share/embedding-optimizer-study/paper
copying paper/Makefile -> build/bdist.linux-x86_64/wheel/embedding_optimizer_study-0.1.0.data/data/share/embedding-optimizer-study/paper
copying paper/README.md -> build/bdist.linux-x86_64/wheel/embedding_optimizer_study-0.1.0.data/data/share/embedding-optimizer-study/paper
copying paper/main.tex -> build/bdist.linux-x86_64/wheel/embedding_optimizer_study-0.1.0.data/data/share/embedding-optimizer-study/paper
copying paper/references.bib -> build/bdist.linux-x86_64/wheel/embedding_optimizer_study-0.1.0.data/data/share/embedding-optimizer-study/paper
copying paper/results.tex -> build/bdist.linux-x86_64/wheel/embedding_optimizer_study-0.1.0.data/data/share/embedding-optimizer-study/paper
creating build/bdist.linux-x86_64/wheel/embedding_optimizer_study-0.1.0.data/data/share/embedding-optimizer-study/paper/generated
copying paper/generated/causal-chain.tex -> build/bdist.linux-x86_64/wheel/embedding_optimizer_study-0.1.0.data/data/share/embedding-optimizer-study/paper/generated
copying paper/generated/candidate-breadth.tex -> build/bdist.linux-x86_64/wheel/embedding_optimizer_study-0.1.0.data/data/share/embedding-optimizer-study/paper/generated
copying paper/generated/common-state.tex -> build/bdist.linux-x86_64/wheel/embedding_optimizer_study-0.1.0.data/data/share/embedding-optimizer-study/paper/generated
copying paper/generated/confirmation.tex -> build/bdist.linux-x86_64/wheel/embedding_optimizer_study-0.1.0.data/data/share/embedding-optimizer-study/paper/generated
copying paper/generated/diagnostics.tex -> build/bdist.linux-x86_64/wheel/embedding_optimizer_study-0.1.0.data/data/share/embedding-optimizer-study/paper/generated
copying paper/generated/discovery.tex -> build/bdist.linux-x86_64/wheel/embedding_optimizer_study-0.1.0.data/data/share/embedding-optimizer-study/paper/generated
copying paper/generated/intervention.tex -> build/bdist.linux-x86_64/wheel/embedding_optimizer_study-0.1.0.data/data/share/embedding-optimizer-study/paper/generated
copying paper/generated/per-task.tex -> build/bdist.linux-x86_64/wheel/embedding_optimizer_study-0.1.0.data/data/share/embedding-optimizer-study/paper/generated
copying paper/generated/representation.tex -> build/bdist.linux-x86_64/wheel/embedding_optimizer_study-0.1.0.data/data/share/embedding-optimizer-study/paper/generated
copying paper/generated/retrieval-dynamics-extension.tex -> build/bdist.linux-x86_64/wheel/embedding_optimizer_study-0.1.0.data/data/share/embedding-optimizer-study/paper/generated
creating build/bdist.linux-x86_64/wheel/embedding_optimizer_study-0.1.0.data/data/share/embedding-optimizer-study/reports/candidate-breadth
copying reports/candidate-breadth/calibration_by_width.csv -> build/bdist.linux-x86_64/wheel/embedding_optimizer_study-0.1.0.data/data/share/embedding-optimizer-study/reports/candidate-breadth
copying reports/candidate-breadth/high_dose_contrasts.csv -> build/bdist.linux-x86_64/wheel/embedding_optimizer_study-0.1.0.data/data/share/embedding-optimizer-study/reports/candidate-breadth
copying reports/candidate-breadth/data-audit.json -> build/bdist.linux-x86_64/wheel/embedding_optimizer_study-0.1.0.data/data/share/embedding-optimizer-study/reports/candidate-breadth
copying reports/candidate-breadth/packing_invariance.json -> build/bdist.linux-x86_64/wheel/embedding_optimizer_study-0.1.0.data/data/share/embedding-optimizer-study/reports/candidate-breadth
copying reports/candidate-breadth/publication_manifest.json -> build/bdist.linux-x86_64/wheel/embedding_optimizer_study-0.1.0.data/data/share/embedding-optimizer-study/reports/candidate-breadth
copying reports/candidate-breadth/summary.json -> build/bdist.linux-x86_64/wheel/embedding_optimizer_study-0.1.0.data/data/share/embedding-optimizer-study/reports/candidate-breadth
copying reports/candidate-breadth/candidate_breadth_calibration.pdf -> build/bdist.linux-x86_64/wheel/embedding_optimizer_study-0.1.0.data/data/share/embedding-optimizer-study/reports/candidate-breadth
copying reports/candidate-breadth/candidate_breadth_calibration.svg -> build/bdist.linux-x86_64/wheel/embedding_optimizer_study-0.1.0.data/data/share/embedding-optimizer-study/reports/candidate-breadth
creating build/bdist.linux-x86_64/wheel/embedding_optimizer_study-0.1.0.data/data/share/embedding-optimizer-study/reports/three-regime-diagnostic
copying reports/three-regime-diagnostic/high_dose_contrasts.csv -> build/bdist.linux-x86_64/wheel/embedding_optimizer_study-0.1.0.data/data/share/embedding-optimizer-study/reports/three-regime-diagnostic
copying reports/three-regime-diagnostic/run_metrics.csv -> build/bdist.linux-x86_64/wheel/embedding_optimizer_study-0.1.0.data/data/share/embedding-optimizer-study/reports/three-regime-diagnostic
copying reports/three-regime-diagnostic/summary.json -> build/bdist.linux-x86_64/wheel/embedding_optimizer_study-0.1.0.data/data/share/embedding-optimizer-study/reports/three-regime-diagnostic
copying reports/three-regime-diagnostic/summary_manifest.json -> build/bdist.linux-x86_64/wheel/embedding_optimizer_study-0.1.0.data/data/share/embedding-optimizer-study/reports/three-regime-diagnostic
copying reports/three-regime-diagnostic/README.md -> build/bdist.linux-x86_64/wheel/embedding_optimizer_study-0.1.0.data/data/share/embedding-optimizer-study/reports/three-regime-diagnostic
creating build/bdist.linux-x86_64/wheel/embedding_optimizer_study-0.1.0.data/data/share/embedding-optimizer-study/reports/weight-space
copying reports/weight-space/README.md -> build/bdist.linux-x86_64/wheel/embedding_optimizer_study-0.1.0.data/data/share/embedding-optimizer-study/reports/weight-space
copying reports/weight-space/checkpoint_trajectory.csv -> build/bdist.linux-x86_64/wheel/embedding_optimizer_study-0.1.0.data/data/share/embedding-optimizer-study/reports/weight-space
copying reports/weight-space/optimizer_geometry_phase.svg -> build/bdist.linux-x86_64/wheel/embedding_optimizer_study-0.1.0.data/data/share/embedding-optimizer-study/reports/weight-space
copying reports/weight-space/optimizer_pair_contrasts.csv -> build/bdist.linux-x86_64/wheel/embedding_optimizer_study-0.1.0.data/data/share/embedding-optimizer-study/reports/weight-space
copying reports/weight-space/optimizer_pair_contrast_trajectory.csv -> build/bdist.linux-x86_64/wheel/embedding_optimizer_study-0.1.0.data/data/share/embedding-optimizer-study/reports/weight-space
copying reports/weight-space/optimizer_pair_contrast_trajectory.svg -> build/bdist.linux-x86_64/wheel/embedding_optimizer_study-0.1.0.data/data/share/embedding-optimizer-study/reports/weight-space
copying reports/weight-space/run_trajectory_summary.csv -> build/bdist.linux-x86_64/wheel/embedding_optimizer_study-0.1.0.data/data/share/embedding-optimizer-study/reports/weight-space
copying reports/weight-space/summary_manifest.json -> build/bdist.linux-x86_64/wheel/embedding_optimizer_study-0.1.0.data/data/share/embedding-optimizer-study/reports/weight-space
creating build/bdist.linux-x86_64/wheel/embedding_optimizer_study-0.1.0.data/data/share/embedding-optimizer-study/reports/training-dynamics
copying reports/training-dynamics/optimizer_system_summary.csv -> build/bdist.linux-x86_64/wheel/embedding_optimizer_study-0.1.0.data/data/share/embedding-optimizer-study/reports/training-dynamics
copying reports/training-dynamics/plot_manifest.json -> build/bdist.linux-x86_64/wheel/embedding_optimizer_study-0.1.0.data/data/share/embedding-optimizer-study/reports/training-dynamics
copying reports/training-dynamics/run_summary.csv -> build/bdist.linux-x86_64/wheel/embedding_optimizer_study-0.1.0.data/data/share/embedding-optimizer-study/reports/training-dynamics
copying reports/training-dynamics/stage_dynamics.csv -> build/bdist.linux-x86_64/wheel/embedding_optimizer_study-0.1.0.data/data/share/embedding-optimizer-study/reports/training-dynamics
copying reports/training-dynamics/summary_manifest.json -> build/bdist.linux-x86_64/wheel/embedding_optimizer_study-0.1.0.data/data/share/embedding-optimizer-study/reports/training-dynamics
copying reports/training-dynamics/system_tradeoffs.svg -> build/bdist.linux-x86_64/wheel/embedding_optimizer_study-0.1.0.data/data/share/embedding-optimizer-study/reports/training-dynamics
copying reports/training-dynamics/training_loss_dynamics.svg -> build/bdist.linux-x86_64/wheel/embedding_optimizer_study-0.1.0.data/data/share/embedding-optimizer-study/reports/training-dynamics
creating build/bdist.linux-x86_64/wheel/embedding_optimizer_study-0.1.0.data/data/share/embedding-optimizer-study/reports/dense-discovery
copying reports/dense-discovery/best_config_dynamics.csv -> build/bdist.linux-x86_64/wheel/embedding_optimizer_study-0.1.0.data/data/share/embedding-optimizer-study/reports/dense-discovery
copying reports/dense-discovery/best_config_task_comparison.csv -> build/bdist.linux-x86_64/wheel/embedding_optimizer_study-0.1.0.data/data/share/embedding-optimizer-study/reports/dense-discovery
copying reports/dense-discovery/checkpoint_summary.csv -> build/bdist.linux-x86_64/wheel/embedding_optimizer_study-0.1.0.data/data/share/embedding-optimizer-study/reports/dense-discovery
copying reports/dense-discovery/coverage.json -> build/bdist.linux-x86_64/wheel/embedding_optimizer_study-0.1.0.data/data/share/embedding-optimizer-study/reports/dense-discovery
copying reports/dense-discovery/evaluation_long.csv -> build/bdist.linux-x86_64/wheel/embedding_optimizer_study-0.1.0.data/data/share/embedding-optimizer-study/reports/dense-discovery
copying reports/dense-discovery/optimizer_summary.csv -> build/bdist.linux-x86_64/wheel/embedding_optimizer_study-0.1.0.data/data/share/embedding-optimizer-study/reports/dense-discovery
copying reports/dense-discovery/paired_comparison.csv -> build/bdist.linux-x86_64/wheel/embedding_optimizer_study-0.1.0.data/data/share/embedding-optimizer-study/reports/dense-discovery
copying reports/dense-discovery/system_metrics.csv -> build/bdist.linux-x86_64/wheel/embedding_optimizer_study-0.1.0.data/data/share/embedding-optimizer-study/reports/dense-discovery
copying reports/dense-discovery/system_summary.csv -> build/bdist.linux-x86_64/wheel/embedding_optimizer_study-0.1.0.data/data/share/embedding-optimizer-study/reports/dense-discovery
copying reports/dense-discovery/training_history.csv -> build/bdist.linux-x86_64/wheel/embedding_optimizer_study-0.1.0.data/data/share/embedding-optimizer-study/reports/dense-discovery
creating build/bdist.linux-x86_64/wheel/embedding_optimizer_study-0.1.0.data/data/share/embedding-optimizer-study/reports/dense-discovery/figures
copying reports/dense-discovery/figures/dense-lr-sensitivity.png -> build/bdist.linux-x86_64/wheel/embedding_optimizer_study-0.1.0.data/data/share/embedding-optimizer-study/reports/dense-discovery/figures
copying reports/dense-discovery/figures/dense-training-dynamics-by-run.png -> build/bdist.linux-x86_64/wheel/embedding_optimizer_study-0.1.0.data/data/share/embedding-optimizer-study/reports/dense-discovery/figures
copying reports/dense-discovery/figures/dense-training-dynamics.png -> build/bdist.linux-x86_64/wheel/embedding_optimizer_study-0.1.0.data/data/share/embedding-optimizer-study/reports/dense-discovery/figures
creating build/bdist.linux-x86_64/wheel/embedding_optimizer_study-0.1.0.data/data/share/embedding-optimizer-study/reports/retrieval-dynamics-dense
copying reports/retrieval-dynamics-dense/best_config_task_comparison.csv -> build/bdist.linux-x86_64/wheel/embedding_optimizer_study-0.1.0.data/data/share/embedding-optimizer-study/reports/retrieval-dynamics-dense
copying reports/retrieval-dynamics-dense/best_config_task_delta_dynamics.csv -> build/bdist.linux-x86_64/wheel/embedding_optimizer_study-0.1.0.data/data/share/embedding-optimizer-study/reports/retrieval-dynamics-dense
copying reports/retrieval-dynamics-dense/checkpoint_dynamics.csv -> build/bdist.linux-x86_64/wheel/embedding_optimizer_study-0.1.0.data/data/share/embedding-optimizer-study/reports/retrieval-dynamics-dense
copying reports/retrieval-dynamics-dense/optimizer_first_passage.csv -> build/bdist.linux-x86_64/wheel/embedding_optimizer_study-0.1.0.data/data/share/embedding-optimizer-study/reports/retrieval-dynamics-dense
copying reports/retrieval-dynamics-dense/quality_vs_useful_wall_time.svg -> build/bdist.linux-x86_64/wheel/embedding_optimizer_study-0.1.0.data/data/share/embedding-optimizer-study/reports/retrieval-dynamics-dense
copying reports/retrieval-dynamics-dense/run_first_passage.csv -> build/bdist.linux-x86_64/wheel/embedding_optimizer_study-0.1.0.data/data/share/embedding-optimizer-study/reports/retrieval-dynamics-dense
copying reports/retrieval-dynamics-dense/summary_manifest.json -> build/bdist.linux-x86_64/wheel/embedding_optimizer_study-0.1.0.data/data/share/embedding-optimizer-study/reports/retrieval-dynamics-dense
copying reports/retrieval-dynamics-dense/task_delta_stability.csv -> build/bdist.linux-x86_64/wheel/embedding_optimizer_study-0.1.0.data/data/share/embedding-optimizer-study/reports/retrieval-dynamics-dense
creating build/bdist.linux-x86_64/wheel/embedding_optimizer_study-0.1.0.data/data/share/embedding-optimizer-study/reports/dense-retrieval-dynamics
copying reports/dense-retrieval-dynamics/README.md -> build/bdist.linux-x86_64/wheel/embedding_optimizer_study-0.1.0.data/data/share/embedding-optimizer-study/reports/dense-retrieval-dynamics
copying reports/dense-retrieval-dynamics/confirmatory-evaluation-receipt.json -> build/bdist.linux-x86_64/wheel/embedding_optimizer_study-0.1.0.data/data/share/embedding-optimizer-study/reports/dense-retrieval-dynamics
copying reports/dense-retrieval-dynamics/evaluation-receipt.json -> build/bdist.linux-x86_64/wheel/embedding_optimizer_study-0.1.0.data/data/share/embedding-optimizer-study/reports/dense-retrieval-dynamics
copying reports/dense-retrieval-dynamics/five_stage_retrieval_dynamics.csv -> build/bdist.linux-x86_64/wheel/embedding_optimizer_study-0.1.0.data/data/share/embedding-optimizer-study/reports/dense-retrieval-dynamics
copying reports/dense-retrieval-dynamics/five_stage_retrieval_dynamics.pdf -> build/bdist.linux-x86_64/wheel/embedding_optimizer_study-0.1.0.data/data/share/embedding-optimizer-study/reports/dense-retrieval-dynamics
copying reports/dense-retrieval-dynamics/five_stage_retrieval_dynamics.svg -> build/bdist.linux-x86_64/wheel/embedding_optimizer_study-0.1.0.data/data/share/embedding-optimizer-study/reports/dense-retrieval-dynamics
copying reports/dense-retrieval-dynamics/hybrid-evaluation-receipt.json -> build/bdist.linux-x86_64/wheel/embedding_optimizer_study-0.1.0.data/data/share/embedding-optimizer-study/reports/dense-retrieval-dynamics
copying reports/dense-retrieval-dynamics/summary_manifest.json -> build/bdist.linux-x86_64/wheel/embedding_optimizer_study-0.1.0.data/data/share/embedding-optimizer-study/reports/dense-retrieval-dynamics
creating build/bdist.linux-x86_64/wheel/embedding_optimizer_study-0.1.0.data/data/share/embedding-optimizer-study/reports/wandb
copying reports/wandb/dense_source_provenance_audit.json -> build/bdist.linux-x86_64/wheel/embedding_optimizer_study-0.1.0.data/data/share/embedding-optimizer-study/reports/wandb
creating build/bdist.linux-x86_64/wheel/embedding_optimizer_study-0.1.0.data/data/share/embedding-optimizer-study/reports/confirmatory-data
copying reports/confirmatory-data/receipt.json -> build/bdist.linux-x86_64/wheel/embedding_optimizer_study-0.1.0.data/data/share/embedding-optimizer-study/reports/confirmatory-data
creating build/bdist.linux-x86_64/wheel/embedding_optimizer_study-0.1.0.data/data/share/embedding-optimizer-study/reports/short-branch
copying reports/short-branch/subset-receipt.json -> build/bdist.linux-x86_64/wheel/embedding_optimizer_study-0.1.0.data/data/share/embedding-optimizer-study/reports/short-branch
creating build/bdist.linux-x86_64/wheel/embedding_optimizer_study-0.1.0.data/data/share/embedding-optimizer-study/reports/tail-stability
copying reports/tail-stability/README.md -> build/bdist.linux-x86_64/wheel/embedding_optimizer_study-0.1.0.data/data/share/embedding-optimizer-study/reports/tail-stability
copying reports/tail-stability/discovery_anchor_tail.csv -> build/bdist.linux-x86_64/wheel/embedding_optimizer_study-0.1.0.data/data/share/embedding-optimizer-study/reports/tail-stability
copying reports/tail-stability/discovery_cross_tail.csv -> build/bdist.linux-x86_64/wheel/embedding_optimizer_study-0.1.0.data/data/share/embedding-optimizer-study/reports/tail-stability
copying reports/tail-stability/discovery_cross_tail_summary.csv -> build/bdist.linux-x86_64/wheel/embedding_optimizer_study-0.1.0.data/data/share/embedding-optimizer-study/reports/tail-stability
copying reports/tail-stability/discovery_family_contrasts.csv -> build/bdist.linux-x86_64/wheel/embedding_optimizer_study-0.1.0.data/data/share/embedding-optimizer-study/reports/tail-stability
copying reports/tail-stability/summary_manifest.json -> build/bdist.linux-x86_64/wheel/embedding_optimizer_study-0.1.0.data/data/share/embedding-optimizer-study/reports/tail-stability
running install_egg_info
Copying src/embedding_optimizer_study.egg-info to build/bdist.linux-x86_64/wheel/./embedding_optimizer_study-0.1.0-py3.12.egg-info
running install_scripts
creating build/bdist.linux-x86_64/wheel/embedding_optimizer_study-0.1.0.dist-info/WHEEL
creating '/root/embedding-optimizer-study/dist/.tmp-h7fcpg0j/embedding_optimizer_study-0.1.0-py3-none-any.whl' and adding 'build/bdist.linux-x86_64/wheel' to it
adding 'embed_optim/__init__.py'
adding 'embed_optim/aggregate.py'
adding 'embed_optim/basis_sensitivity.py'
adding 'embed_optim/beir_probe.py'
adding 'embed_optim/callbacks.py'
adding 'embed_optim/candidate_breadth_data.py'
adding 'embed_optim/candidate_breadth_evaluation.py'
adding 'embed_optim/candidate_breadth_matrix.py'
adding 'embed_optim/candidate_breadth_publication.py'
adding 'embed_optim/candidate_breadth_release.py'
adding 'embed_optim/candidate_breadth_summary.py'
adding 'embed_optim/causal_chain_rendering.py'
adding 'embed_optim/causal_chain_reporting.py'
adding 'embed_optim/checkpoint_watch.py'
adding 'embed_optim/collators.py'
adding 'embed_optim/common_state_matrix.py'
adding 'embed_optim/common_state_spectra.py'
adding 'embed_optim/common_state_spectrum_plot.py'
adding 'embed_optim/common_state_summary.py'
adding 'embed_optim/config.py'
adding 'embed_optim/confirmatory_data.py'
adding 'embed_optim/confirmatory_evaluation.py'
adding 'embed_optim/confirmatory_matrix.py'
adding 'embed_optim/confirmatory_summary.py'
adding 'embed_optim/corpus_size_diagnostic.py'
adding 'embed_optim/data.py'
adding 'embed_optim/decontamination.py'
adding 'embed_optim/dense_completion_pipeline.py'
adding 'embed_optim/dense_eval_handoff.py'
adding 'embed_optim/dense_finalization_pipeline.py'
adding 'embed_optim/dense_retrieval_dynamics_evaluation.py'
adding 'embed_optim/dense_retrieval_dynamics_publication.py'
adding 'embed_optim/dense_retrieval_dynamics_summary.py'
adding 'embed_optim/distribution_audit.py'
adding 'embed_optim/dose_band_analysis.py'
adding 'embed_optim/evaluate_matrix.py'
adding 'embed_optim/evaluation_progress.py'
adding 'embed_optim/evaluation_source_archive.py'
adding 'embed_optim/evaluation_source_provenance.py'
adding 'embed_optim/evaluation_supervisor.py'
adding 'embed_optim/evaluation_utils.py'
adding 'embed_optim/family_training_queue.py'
adding 'embed_optim/functional_intervention.py'
adding 'embed_optim/functional_intervention_matrix.py'
adding 'embed_optim/functional_intervention_summary.py'
adding 'embed_optim/geometry.py'
adding 'embed_optim/geometry_plot.py'
adding 'embed_optim/geometry_summary.py'
adding 'embed_optim/gpu_lease.py'
adding 'embed_optim/gradient_probe.py'
adding 'embed_optim/hybrid_control.py'
adding 'embed_optim/hybrid_evaluation.py'
adding 'embed_optim/local_global_reversal.py'
adding 'embed_optim/losses.py'
adding 'embed_optim/matrix.py'
adding 'embed_optim/mechanism_bridge.py'
adding 'embed_optim/mechanism_report.py'
adding 'embed_optim/optimizers.py'
adding 'embed_optim/outcome_report.py'
adding 'embed_optim/packing_invariance.py'
adding 'embed_optim/paper_audit.py'
adding 'embed_optim/paper_layout.py'
adding 'embed_optim/paper_results.py'
adding 'embed_optim/post_eval_pipeline.py'
adding 'embed_optim/probe_export.py'
adding 'embed_optim/probe_matrix.py'
adding 'embed_optim/probes.py'
adding 'embed_optim/pylate_compat.py'
adding 'embed_optim/representation_geometry.py'
adding 'embed_optim/representation_plot.py'
adding 'embed_optim/representation_summary.py'
adding 'embed_optim/retrieval_dynamics.py'
adding 'embed_optim/runtime.py'
adding 'embed_optim/scope.py'
adding 'embed_optim/short_branch.py'
adding 'embed_optim/short_branch_evaluation.py'
adding 'embed_optim/short_branch_summary.py'
adding 'embed_optim/spectral_transplant.py'
adding 'embed_optim/spectral_transplant_matrix.py'
adding 'embed_optim/spectral_transplant_summary.py'
adding 'embed_optim/supervisor.py'
adding 'embed_optim/supplemental_training_audit.py'
adding 'embed_optim/tail_stability.py'
adding 'embed_optim/temporal_short_branch.py'
adding 'embed_optim/temporal_short_branch_predictors.py'
adding 'embed_optim/three_regime_diagnostic.py'
adding 'embed_optim/train.py'
adding 'embed_optim/training_dynamics.py'
adding 'embed_optim/training_dynamics_plot.py'
adding 'embed_optim/update_geometry.py'
adding 'embed_optim/validation_data.py'
adding 'embed_optim/validation_evaluation.py'
adding 'embed_optim/validation_matrix.py'
adding 'embed_optim/validation_summary.py'
adding 'embed_optim/wandb_dense_provenance_audit.py'
adding 'embed_optim/wandb_sync.py'
adding 'embedding_optimizer_study-0.1.0.data/data/share/embedding-optimizer-study/AGENTS.md'
adding 'embedding_optimizer_study-0.1.0.data/data/share/embedding-optimizer-study/CITATION.cff'
adding 'embedding_optimizer_study-0.1.0.data/data/share/embedding-optimizer-study/CODE_OF_CONDUCT.md'
adding 'embedding_optimizer_study-0.1.0.data/data/share/embedding-optimizer-study/CONTRIBUTING.md'
adding 'embedding_optimizer_study-0.1.0.data/data/share/embedding-optimizer-study/PROJECT_STATUS.md'
adding 'embedding_optimizer_study-0.1.0.data/data/share/embedding-optimizer-study/SECURITY.md'
adding 'embedding_optimizer_study-0.1.0.data/data/share/embedding-optimizer-study/THIRD_PARTY_NOTICES.md'
adding 'embedding_optimizer_study-0.1.0.data/data/share/embedding-optimizer-study/requirements-formal-flash.txt'
adding 'embedding_optimizer_study-0.1.0.data/data/share/embedding-optimizer-study/requirements-formal.lock'
adding 'embedding_optimizer_study-0.1.0.data/data/share/embedding-optimizer-study/configs/basis_sensitivity.json'
adding 'embedding_optimizer_study-0.1.0.data/data/share/embedding-optimizer-study/configs/beir_representation_probe.json'
adding 'embedding_optimizer_study-0.1.0.data/data/share/embedding-optimizer-study/configs/candidate_breadth_probe.json'
adding 'embedding_optimizer_study-0.1.0.data/data/share/embedding-optimizer-study/configs/causal_chain_analysis.json'
adding 'embedding_optimizer_study-0.1.0.data/data/share/embedding-optimizer-study/configs/common_state_probe.json'
adding 'embedding_optimizer_study-0.1.0.data/data/share/embedding-optimizer-study/configs/common_state_spectrum_probe.json'
adding 'embedding_optimizer_study-0.1.0.data/data/share/embedding-optimizer-study/configs/confirmatory_protocol.json'
adding 'embedding_optimizer_study-0.1.0.data/data/share/embedding-optimizer-study/configs/corpus_size_diagnostic.json'
adding 'embedding_optimizer_study-0.1.0.data/data/share/embedding-optimizer-study/configs/dense_retrieval_dynamics_extension.json'
adding 'embedding_optimizer_study-0.1.0.data/data/share/embedding-optimizer-study/configs/dense_scope_amendment.json'
adding 'embedding_optimizer_study-0.1.0.data/data/share/embedding-optimizer-study/configs/dense_training_queue.json'
adding 'embedding_optimizer_study-0.1.0.data/data/share/embedding-optimizer-study/configs/experiment.yaml'
adding 'embedding_optimizer_study-0.1.0.data/data/share/embedding-optimizer-study/configs/formal_runtime.json'
adding 'embedding_optimizer_study-0.1.0.data/data/share/embedding-optimizer-study/configs/formal_runtime_constraints.txt'
adding 'embedding_optimizer_study-0.1.0.data/data/share/embedding-optimizer-study/configs/functional_intervention.json'
adding 'embedding_optimizer_study-0.1.0.data/data/share/embedding-optimizer-study/configs/hybrid_adamw.yaml'
adding 'embedding_optimizer_study-0.1.0.data/data/share/embedding-optimizer-study/configs/hybrid_adamw_control.json'
adding 'embedding_optimizer_study-0.1.0.data/data/share/embedding-optimizer-study/configs/local_global_reversal.json'
adding 'embedding_optimizer_study-0.1.0.data/data/share/embedding-optimizer-study/configs/loss_retrieval_diagnostic.json'
adding 'embedding_optimizer_study-0.1.0.data/data/share/embedding-optimizer-study/configs/mechanism_analysis_integration.json'
adding 'embedding_optimizer_study-0.1.0.data/data/share/embedding-optimizer-study/configs/paper_claim_protocol.json'
adding 'embedding_optimizer_study-0.1.0.data/data/share/embedding-optimizer-study/configs/portable_paper_evidence.json'
adding 'embedding_optimizer_study-0.1.0.data/data/share/embedding-optimizer-study/configs/representation_probe.json'
adding 'embedding_optimizer_study-0.1.0.data/data/share/embedding-optimizer-study/configs/retrieval_dynamics_protocol.json'
adding 'embedding_optimizer_study-0.1.0.data/data/share/embedding-optimizer-study/configs/short_branch_protocol.json'
adding 'embedding_optimizer_study-0.1.0.data/data/share/embedding-optimizer-study/configs/smoke.yaml'
adding 'embedding_optimizer_study-0.1.0.data/data/share/embedding-optimizer-study/configs/spectral_transplant_intervention.json'
adding 'embedding_optimizer_study-0.1.0.data/data/share/embedding-optimizer-study/configs/stress.yaml'
adding 'embedding_optimizer_study-0.1.0.data/data/share/embedding-optimizer-study/configs/tail_stability_analysis.json'
adding 'embedding_optimizer_study-0.1.0.data/data/share/embedding-optimizer-study/configs/three_regime_diagnostic.json'
adding 'embedding_optimizer_study-0.1.0.data/data/share/embedding-optimizer-study/configs/training_data_contract.json'
adding 'embedding_optimizer_study-0.1.0.data/data/share/embedding-optimizer-study/configs/validation_probe.json'
adding 'embedding_optimizer_study-0.1.0.data/data/share/embedding-optimizer-study/configs/generated/confirmatory/seed161803.yaml'
adding 'embedding_optimizer_study-0.1.0.data/data/share/embedding-optimizer-study/configs/generated/confirmatory/seed271828.yaml'
adding 'embedding_optimizer_study-0.1.0.data/data/share/embedding-optimizer-study/configs/generated/confirmatory/seed314159.yaml'
adding 'embedding_optimizer_study-0.1.0.data/data/share/embedding-optimizer-study/configs/generated/short-branch/seed161803.yaml'
adding 'embedding_optimizer_study-0.1.0.data/data/share/embedding-optimizer-study/configs/generated/short-branch/seed271828.yaml'
adding 'embedding_optimizer_study-0.1.0.data/data/share/embedding-optimizer-study/configs/generated/short-branch/seed314159.yaml'
adding 'embedding_optimizer_study-0.1.0.data/data/share/embedding-optimizer-study/docs/blog.md'
adding 'embedding_optimizer_study-0.1.0.data/data/share/embedding-optimizer-study/docs/completion-gates.md'
adding 'embedding_optimizer_study-0.1.0.data/data/share/embedding-optimizer-study/docs/dense-eval-handoff.md'
adding 'embedding_optimizer_study-0.1.0.data/data/share/embedding-optimizer-study/docs/naacl-dense-paper-plan.md'
adding 'embedding_optimizer_study-0.1.0.data/data/share/embedding-optimizer-study/docs/naacl-paper-plan.md'
adding 'embedding_optimizer_study-0.1.0.data/data/share/embedding-optimizer-study/paper/Makefile'
adding 'embedding_optimizer_study-0.1.0.data/data/share/embedding-optimizer-study/paper/README.md'
adding 'embedding_optimizer_study-0.1.0.data/data/share/embedding-optimizer-study/paper/main.tex'
adding 'embedding_optimizer_study-0.1.0.data/data/share/embedding-optimizer-study/paper/references.bib'
adding 'embedding_optimizer_study-0.1.0.data/data/share/embedding-optimizer-study/paper/results.tex'
adding 'embedding_optimizer_study-0.1.0.data/data/share/embedding-optimizer-study/paper/generated/candidate-breadth.tex'
adding 'embedding_optimizer_study-0.1.0.data/data/share/embedding-optimizer-study/paper/generated/causal-chain.tex'
adding 'embedding_optimizer_study-0.1.0.data/data/share/embedding-optimizer-study/paper/generated/common-state.tex'
adding 'embedding_optimizer_study-0.1.0.data/data/share/embedding-optimizer-study/paper/generated/confirmation.tex'
adding 'embedding_optimizer_study-0.1.0.data/data/share/embedding-optimizer-study/paper/generated/diagnostics.tex'
adding 'embedding_optimizer_study-0.1.0.data/data/share/embedding-optimizer-study/paper/generated/discovery.tex'
adding 'embedding_optimizer_study-0.1.0.data/data/share/embedding-optimizer-study/paper/generated/intervention.tex'
adding 'embedding_optimizer_study-0.1.0.data/data/share/embedding-optimizer-study/paper/generated/per-task.tex'
adding 'embedding_optimizer_study-0.1.0.data/data/share/embedding-optimizer-study/paper/generated/representation.tex'
adding 'embedding_optimizer_study-0.1.0.data/data/share/embedding-optimizer-study/paper/generated/retrieval-dynamics-extension.tex'
adding 'embedding_optimizer_study-0.1.0.data/data/share/embedding-optimizer-study/reports/candidate-breadth/calibration_by_width.csv'
adding 'embedding_optimizer_study-0.1.0.data/data/share/embedding-optimizer-study/reports/candidate-breadth/candidate_breadth_calibration.pdf'
adding 'embedding_optimizer_study-0.1.0.data/data/share/embedding-optimizer-study/reports/candidate-breadth/candidate_breadth_calibration.svg'
adding 'embedding_optimizer_study-0.1.0.data/data/share/embedding-optimizer-study/reports/candidate-breadth/data-audit.json'
adding 'embedding_optimizer_study-0.1.0.data/data/share/embedding-optimizer-study/reports/candidate-breadth/high_dose_contrasts.csv'
adding 'embedding_optimizer_study-0.1.0.data/data/share/embedding-optimizer-study/reports/candidate-breadth/packing_invariance.json'
adding 'embedding_optimizer_study-0.1.0.data/data/share/embedding-optimizer-study/reports/candidate-breadth/publication_manifest.json'
adding 'embedding_optimizer_study-0.1.0.data/data/share/embedding-optimizer-study/reports/candidate-breadth/summary.json'
adding 'embedding_optimizer_study-0.1.0.data/data/share/embedding-optimizer-study/reports/confirmatory-data/receipt.json'
adding 'embedding_optimizer_study-0.1.0.data/data/share/embedding-optimizer-study/reports/dense-discovery/best_config_dynamics.csv'
adding 'embedding_optimizer_study-0.1.0.data/data/share/embedding-optimizer-study/reports/dense-discovery/best_config_task_comparison.csv'
adding 'embedding_optimizer_study-0.1.0.data/data/share/embedding-optimizer-study/reports/dense-discovery/checkpoint_summary.csv'
adding 'embedding_optimizer_study-0.1.0.data/data/share/embedding-optimizer-study/reports/dense-discovery/coverage.json'
adding 'embedding_optimizer_study-0.1.0.data/data/share/embedding-optimizer-study/reports/dense-discovery/evaluation_long.csv'
adding 'embedding_optimizer_study-0.1.0.data/data/share/embedding-optimizer-study/reports/dense-discovery/optimizer_summary.csv'
adding 'embedding_optimizer_study-0.1.0.data/data/share/embedding-optimizer-study/reports/dense-discovery/paired_comparison.csv'
adding 'embedding_optimizer_study-0.1.0.data/data/share/embedding-optimizer-study/reports/dense-discovery/system_metrics.csv'
adding 'embedding_optimizer_study-0.1.0.data/data/share/embedding-optimizer-study/reports/dense-discovery/system_summary.csv'
adding 'embedding_optimizer_study-0.1.0.data/data/share/embedding-optimizer-study/reports/dense-discovery/training_history.csv'
adding 'embedding_optimizer_study-0.1.0.data/data/share/embedding-optimizer-study/reports/dense-discovery/figures/dense-lr-sensitivity.png'
adding 'embedding_optimizer_study-0.1.0.data/data/share/embedding-optimizer-study/reports/dense-discovery/figures/dense-training-dynamics-by-run.png'
adding 'embedding_optimizer_study-0.1.0.data/data/share/embedding-optimizer-study/reports/dense-discovery/figures/dense-training-dynamics.png'
adding 'embedding_optimizer_study-0.1.0.data/data/share/embedding-optimizer-study/reports/dense-retrieval-dynamics/README.md'
adding 'embedding_optimizer_study-0.1.0.data/data/share/embedding-optimizer-study/reports/dense-retrieval-dynamics/confirmatory-evaluation-receipt.json'
adding 'embedding_optimizer_study-0.1.0.data/data/share/embedding-optimizer-study/reports/dense-retrieval-dynamics/evaluation-receipt.json'
adding 'embedding_optimizer_study-0.1.0.data/data/share/embedding-optimizer-study/reports/dense-retrieval-dynamics/five_stage_retrieval_dynamics.csv'
adding 'embedding_optimizer_study-0.1.0.data/data/share/embedding-optimizer-study/reports/dense-retrieval-dynamics/five_stage_retrieval_dynamics.pdf'
adding 'embedding_optimizer_study-0.1.0.data/data/share/embedding-optimizer-study/reports/dense-retrieval-dynamics/five_stage_retrieval_dynamics.svg'
adding 'embedding_optimizer_study-0.1.0.data/data/share/embedding-optimizer-study/reports/dense-retrieval-dynamics/hybrid-evaluation-receipt.json'
adding 'embedding_optimizer_study-0.1.0.data/data/share/embedding-optimizer-study/reports/dense-retrieval-dynamics/summary_manifest.json'
adding 'embedding_optimizer_study-0.1.0.data/data/share/embedding-optimizer-study/reports/retrieval-dynamics-dense/best_config_task_comparison.csv'
adding 'embedding_optimizer_study-0.1.0.data/data/share/embedding-optimizer-study/reports/retrieval-dynamics-dense/best_config_task_delta_dynamics.csv'
adding 'embedding_optimizer_study-0.1.0.data/data/share/embedding-optimizer-study/reports/retrieval-dynamics-dense/checkpoint_dynamics.csv'
adding 'embedding_optimizer_study-0.1.0.data/data/share/embedding-optimizer-study/reports/retrieval-dynamics-dense/optimizer_first_passage.csv'
adding 'embedding_optimizer_study-0.1.0.data/data/share/embedding-optimizer-study/reports/retrieval-dynamics-dense/quality_vs_useful_wall_time.svg'
adding 'embedding_optimizer_study-0.1.0.data/data/share/embedding-optimizer-study/reports/retrieval-dynamics-dense/run_first_passage.csv'
adding 'embedding_optimizer_study-0.1.0.data/data/share/embedding-optimizer-study/reports/retrieval-dynamics-dense/summary_manifest.json'
adding 'embedding_optimizer_study-0.1.0.data/data/share/embedding-optimizer-study/reports/retrieval-dynamics-dense/task_delta_stability.csv'
adding 'embedding_optimizer_study-0.1.0.data/data/share/embedding-optimizer-study/reports/short-branch/subset-receipt.json'
adding 'embedding_optimizer_study-0.1.0.data/data/share/embedding-optimizer-study/reports/tail-stability/README.md'
adding 'embedding_optimizer_study-0.1.0.data/data/share/embedding-optimizer-study/reports/tail-stability/discovery_anchor_tail.csv'
adding 'embedding_optimizer_study-0.1.0.data/data/share/embedding-optimizer-study/reports/tail-stability/discovery_cross_tail.csv'
adding 'embedding_optimizer_study-0.1.0.data/data/share/embedding-optimizer-study/reports/tail-stability/discovery_cross_tail_summary.csv'
adding 'embedding_optimizer_study-0.1.0.data/data/share/embedding-optimizer-study/reports/tail-stability/discovery_family_contrasts.csv'
adding 'embedding_optimizer_study-0.1.0.data/data/share/embedding-optimizer-study/reports/tail-stability/summary_manifest.json'
adding 'embedding_optimizer_study-0.1.0.data/data/share/embedding-optimizer-study/reports/three-regime-diagnostic/README.md'
adding 'embedding_optimizer_study-0.1.0.data/data/share/embedding-optimizer-study/reports/three-regime-diagnostic/high_dose_contrasts.csv'
adding 'embedding_optimizer_study-0.1.0.data/data/share/embedding-optimizer-study/reports/three-regime-diagnostic/run_metrics.csv'
adding 'embedding_optimizer_study-0.1.0.data/data/share/embedding-optimizer-study/reports/three-regime-diagnostic/summary.json'
adding 'embedding_optimizer_study-0.1.0.data/data/share/embedding-optimizer-study/reports/three-regime-diagnostic/summary_manifest.json'
adding 'embedding_optimizer_study-0.1.0.data/data/share/embedding-optimizer-study/reports/training-dynamics/optimizer_system_summary.csv'
adding 'embedding_optimizer_study-0.1.0.data/data/share/embedding-optimizer-study/reports/training-dynamics/plot_manifest.json'
adding 'embedding_optimizer_study-0.1.0.data/data/share/embedding-optimizer-study/reports/training-dynamics/run_summary.csv'
adding 'embedding_optimizer_study-0.1.0.data/data/share/embedding-optimizer-study/reports/training-dynamics/stage_dynamics.csv'
adding 'embedding_optimizer_study-0.1.0.data/data/share/embedding-optimizer-study/reports/training-dynamics/summary_manifest.json'
adding 'embedding_optimizer_study-0.1.0.data/data/share/embedding-optimizer-study/reports/training-dynamics/system_tradeoffs.svg'
adding 'embedding_optimizer_study-0.1.0.data/data/share/embedding-optimizer-study/reports/training-dynamics/training_loss_dynamics.svg'
adding 'embedding_optimizer_study-0.1.0.data/data/share/embedding-optimizer-study/reports/wandb/dense_source_provenance_audit.json'
adding 'embedding_optimizer_study-0.1.0.data/data/share/embedding-optimizer-study/reports/weight-space/README.md'
adding 'embedding_optimizer_study-0.1.0.data/data/share/embedding-optimizer-study/reports/weight-space/checkpoint_trajectory.csv'
adding 'embedding_optimizer_study-0.1.0.data/data/share/embedding-optimizer-study/reports/weight-space/optimizer_geometry_phase.svg'
adding 'embedding_optimizer_study-0.1.0.data/data/share/embedding-optimizer-study/reports/weight-space/optimizer_pair_contrast_trajectory.csv'
adding 'embedding_optimizer_study-0.1.0.data/data/share/embedding-optimizer-study/reports/weight-space/optimizer_pair_contrast_trajectory.svg'
adding 'embedding_optimizer_study-0.1.0.data/data/share/embedding-optimizer-study/reports/weight-space/optimizer_pair_contrasts.csv'
adding 'embedding_optimizer_study-0.1.0.data/data/share/embedding-optimizer-study/reports/weight-space/run_trajectory_summary.csv'
adding 'embedding_optimizer_study-0.1.0.data/data/share/embedding-optimizer-study/reports/weight-space/summary_manifest.json'
adding 'embedding_optimizer_study-0.1.0.data/data/share/embedding-optimizer-study/scripts/eval/dense_parallel.py'
adding 'embedding_optimizer_study-0.1.0.data/data/share/embedding-optimizer-study/scripts/eval/dense_sequential.py'
adding 'embedding_optimizer_study-0.1.0.dist-info/licenses/LICENSE'
adding 'embedding_optimizer_study-0.1.0.dist-info/METADATA'
adding 'embedding_optimizer_study-0.1.0.dist-info/WHEEL'
adding 'embedding_optimizer_study-0.1.0.dist-info/entry_points.txt'
adding 'embedding_optimizer_study-0.1.0.dist-info/top_level.txt'
adding 'embedding_optimizer_study-0.1.0.dist-info/RECORD'
removing build/bdist.linux-x86_64/wheel
Successfully built dist/embedding_optimizer_study-0.1.0.tar.gz
Successfully built dist/embedding_optimizer_study-0.1.0-py3-none-any.whl
