state,learning_rate,optimizer,run_id,step,stage,task,baseline_margin,baseline_shortlist_ndcg,helpful_mass,degrading_mass,helpful_share,first_order_half_l1,first_order_helpful_mass,first_order_degrading_mass,direct_sum,renormalization_sum,switching_sum,fixed_negative_sum,actual_sum,first_order_sum,finite_vs_first_order_l1,finite_vs_first_order_relative_l1,switching_fraction,queries_with_any_switch_fraction,baseline_negative_tie_queries,max_coordinate_energy,switching_to_total_mass
pretrained,,pretrained,pretrained,0,0,ArguAna,0.19024540603523388,1.0,0.10614868877721499,0.09912036345829832,0.5171197880108416,0.1037660225320261,0.10376602253202614,0.10376602253202608,-0.19024540603523393,0.1902693420845514,-0.007052261368234121,2.3936049317448138e-05,-0.007028325318916673,-6.418476861114186e-17,0.00752173736419489,0.03664330926790125,0.006510416666666667,0.25,0,0.04682551494315808,0.0343561841954762
pretrained,,pretrained,pretrained,0,0,ClimateFEVER,-0.0018040639779454675,0.7195575277179698,0.12474414907616238,0.10517730449105399,0.5425511501461261,0.11414533605393896,0.114145336053939,0.11414533605393894,0.0018040639779454246,-0.0017448939190096496,-0.01962601464404415,5.917005893577368e-05,-0.019566844585108375,-5.2909066017292616e-17,0.020070341269480402,0.08729216416341479,0.029134114583333332,0.125,0,0.029459438713234216,0.08535964930435072
pretrained,,pretrained,pretrained,0,0,DBPedia,0.2506115116867823,1.0,0.108057763137168,0.10662737168737216,0.50333137049979,0.1067096789207128,0.10670967892071279,0.1067096789207128,-0.2506115116867823,0.2504687039818889,-0.0012875837449024298,-0.00014280770489340927,-0.001430391449795839,2.168404344971009e-17,0.002126984425846473,0.00990746018621566,0.0008138020833333334,0.1875,0,0.02655411645136719,0.005997544943923379
pretrained,,pretrained,pretrained,0,0,FEVER,0.324690881642145,1.0,0.1170368031295661,0.1071753524107402,0.521991338281954,0.11085447030417084,0.11085447030417084,0.11085447030417082,-0.32469088164214505,0.32451415182105026,-0.009684720897731165,-0.00017672982109475342,-0.009861450718825918,-2.5587171270657905e-17,0.010433537701758965,0.046534219684103366,0.009847005208333334,0.25,0,0.026255816250928172,0.043194450695114774
pretrained,,pretrained,pretrained,0,0,FiQA2018,0.1957893318432082,0.9769331095982161,0.11707532377776969,0.1041508502064134,0.5292109955585101,0.11067852396803798,0.11067852396803801,0.11067852396803797,-0.19578933184320824,0.1957012567842406,-0.012836398512388672,-8.807505896762068e-05,-0.012924473571356293,-4.423544863740858e-17,0.013444217091723913,0.06077136737303575,0.013834635416666666,0.375,0,0.02752229847462364,0.05802386888138486
pretrained,,pretrained,pretrained,0,0,HotpotQA,0.2388912186332033,1.0,0.11063187000555388,0.10110484620911692,0.5224973352915748,0.10574979185602751,0.10574979185602754,0.10574979185602751,-0.23889121863320334,0.2388064654841804,-0.009442270647414068,-8.475314902291024e-05,-0.009527023796436978,-3.0357660829594124e-17,0.010103701779401404,0.04771823215184698,0.008626302083333334,0.1875,0,0.019284773474719068,0.04459439447356382
pretrained,,pretrained,pretrained,0,0,MSMARCO,0.31414601232921247,1.0,0.11617511691953167,0.09427898932767123,0.5520211460406025,0.10558261378810457,0.10558261378810456,0.10558261378810459,-0.31414601232921247,0.31402715365996015,-0.021777268922608145,-0.000118858669252285,-0.02189612759186043,1.9081958235744878e-17,0.022380144831935005,0.10634216281647133,0.022054036458333332,0.125,0,0.028430722953571467,0.10347751968796562
pretrained,,pretrained,pretrained,0,0,NFCorpus,0.003657188598679747,0.6750990540919285,0.13506113855934015,0.09738367806113363,0.5810460328735244,0.11556105740989638,0.11556105740989636,0.11556105740989639,-0.0036571885986797256,0.003686255390823708,-0.03770652729035048,2.906679214398052e-05,-0.03767746049820651,2.2551405187698492e-17,0.03805700611960988,0.16372490758418493,0.036295572916666664,0.25,0,0.049408370370492366,0.1622171138877927
pretrained,,pretrained,pretrained,0,0,NQ,0.33538111920136693,1.0,0.12975824489519017,0.10974140314200619,0.5417888750927834,0.11814057972580919,0.11814057972580921,0.11814057972580916,-0.335381119201367,0.3351462519649532,-0.019781974516770242,-0.00023486723641375634,-0.020016841753184002,-2.6020852139652106e-17,0.020430457727493273,0.08530475052856966,0.020751953125,0.25,0,0.021701113656174116,0.08259709222494528
pretrained,,pretrained,pretrained,0,0,QuoraRetrieval,0.44661883461961993,1.0,0.1045451714935894,0.10440083569144182,0.5003453901897723,0.10410908695604941,0.1041090869560494,0.10410908695604942,-0.44661883461961993,0.4465048616753028,-3.0362857830371764e-05,-0.0001139729443172012,-0.00014433580214757297,2.2985086056692694e-17,0.000833143403380092,0.003987362164055643,8.138020833333333e-05,0.0625,0,0.023700213140003454,0.00014531437206878077
pretrained,,pretrained,pretrained,0,0,SCIDOCS,0.10251803338526397,0.8755000588751274,0.11518433021324798,0.10526034368859599,0.5225090185872914,0.10947260757698074,0.10947260757698075,0.10947260757698071,-0.102518033385264,0.10240196578257815,-0.009807918921966136,-0.0001160676026858605,-0.009923986524651995,-2.7755575615628914e-17,0.010588462380918921,0.04803228943346384,0.009114583333333334,0.1875,0,0.05646255032149848,0.044491521379796395
pretrained,,pretrained,pretrained,0,0,SciFact,0.25333793115694897,0.9769331095982161,0.14011782235589842,0.09327213640968572,0.6003592575147252,0.11245170819434314,0.11245170819434314,0.11245170819434315,-0.25333793115694897,0.2532437263832954,-0.046751481172559124,-9.420477365358962e-05,-0.04684568594621271,1.474514954580286e-17,0.04709977675876016,0.20180721144934505,0.051350911458333336,0.375,0,0.03390698307187292,0.2003148782399679
pretrained,,pretrained,pretrained,0,0,TRECCOVID,0.047294230461756126,0.8578826621279816,0.10008196322267726,0.09946349105134802,0.5015497024815206,0.09974028584446853,0.09974028584446856,0.09974028584446853,-0.04729423046175617,0.04730012614801712,-0.0006243678575901784,5.895686260949662e-06,-0.0006184721713292287,-3.2959746043559335e-17,0.0013319267345832844,0.006674803690362294,0.0008951822916666666,0.1875,0,0.021059941062624148,0.003128950543432409
pretrained,,pretrained,pretrained,0,0,Touche2020,0.24612897364865183,1.0,0.11170119831345168,0.10960347086226563,0.5047394559251718,0.11108805903085099,0.11108805903085098,0.11108805903085098,-0.24612897364865183,0.24604709246885692,-0.0020158462713911716,-8.188117979488103e-05,-0.0020977274511860527,9.540979117872439e-18,0.0028102197600992414,0.012698420555546026,0.0018717447916666667,0.0625,0,0.021986716591957223,0.009108918844322156
verified-v3-adamw-1e-5/checkpoint-1563,1e-05,adamw,verified-v3-adamw-1e-5,1563,2,ArguAna,0.23792551036438175,1.0,0.09917894752845934,0.09586987779837694,0.5084826702353565,0.09790242809014137,0.09790242809014135,0.09790242809014138,-0.23792551036438173,0.23786206920349656,-0.0032456285691972574,-6.344116088514463e-05,-0.003309069730082402,1.5612511283791264e-17,0.0038626698134468958,0.019803604594769333,0.0030924479166666665,0.25,0,0.034950442378715744,0.016640082624228447
verified-v3-adamw-1e-5/checkpoint-1563,1e-05,adamw,verified-v3-adamw-1e-5,1563,2,ClimateFEVER,0.01215915886630907,0.776420812514897,0.10821927800279703,0.10825291529465944,0.4999223057443314,0.10784885029345781,0.10784885029345781,0.10784885029345781,-0.012159158866309062,0.012192796158171471,0.0,3.3637291862409664e-05,3.3637291862409664e-05,6.938893903907228e-18,0.0008458673565191892,0.0039075104457267406,0.0,0.0,0,0.024350240960670573,-0.0
verified-v3-adamw-1e-5/checkpoint-1563,1e-05,adamw,verified-v3-adamw-1e-5,1563,2,DBPedia,0.29809687082798525,1.0,0.11661563369941777,0.1159809424826248,0.5013643606178799,0.11608639092048453,0.1160863909204845,0.11608639092048453,-0.2980968708279852,0.2979280921617957,-0.00046591255060345754,-0.0001687786661894973,-0.0006346912167929548,4.0332320816460765e-17,0.0013840439166578206,0.005950405373011998,0.000244140625,0.0625,0,0.02210900756187396,0.0020030929012420603
verified-v3-adamw-1e-5/checkpoint-1563,1e-05,adamw,verified-v3-adamw-1e-5,1563,2,FEVER,0.39598701464280694,1.0,0.11834693480226358,0.10198240975771845,0.5371365082513784,0.10857003869551386,0.10857003869551385,0.10857003869551388,-0.39598701464280694,0.3958893487353578,-0.016266859137096048,-9.766590744907447e-05,-0.016364525044545122,1.951563910473908e-17,0.016897473979671958,0.07669189055782728,0.01806640625,0.0625,0,0.022046199093573644,0.07382974414770971
verified-v3-adamw-1e-5/checkpoint-1563,1e-05,adamw,verified-v3-adamw-1e-5,1563,2,FiQA2018,0.21519307297015194,0.9769331095982161,0.11677745395581321,0.10591731722391398,0.5243834569495448,0.11122578770617128,0.1112257877061713,0.11122578770617127,-0.21519307297015194,0.21507533246108312,-0.010742396222830401,-0.00011774050906883035,-0.010860136731899232,-2.0816681711721685e-17,0.011418150599886812,0.051272647936002606,0.010823567708333334,0.125,0,0.021413085220430526,0.04823820589016293
verified-v3-adamw-1e-5/checkpoint-1563,1e-05,adamw,verified-v3-adamw-1e-5,1563,2,HotpotQA,0.29948640298040596,1.0,0.12018052133860667,0.12009934817271134,0.5001689137880347,0.11967779116799819,0.11967779116799816,0.11967779116799819,-0.29948640298040596,0.2994052298145106,0.0,-8.11731658953152e-05,-8.11731658953152e-05,2.949029909160572e-17,0.0009871728617663726,0.004108429323580407,0.0,0.0,0,0.01846462318202749,-0.0
verified-v3-adamw-1e-5/checkpoint-1563,1e-05,adamw,verified-v3-adamw-1e-5,1563,2,MSMARCO,0.4272232305943409,1.0,0.11826384747323342,0.09358964415109924,0.5582341200349142,0.10700805507975028,0.1070080550797503,0.10700805507975027,-0.427223230594341,0.42705565073062574,-0.02450662345841891,-0.00016757986371526007,-0.02467420332213417,-3.209238430557093e-17,0.025125202140672716,0.11859706416935417,0.02099609375,0.25,0,0.0341353335443755,0.11567722236022933
verified-v3-adamw-1e-5/checkpoint-1563,1e-05,adamw,verified-v3-adamw-1e-5,1563,2,NFCorpus,0.003961712827458058,0.7190574688428424,0.14497568274170836,0.08912351174196242,0.6192916770237793,0.11889828947288636,0.11889828947288636,0.11889828947288635,-0.003961712827458075,0.0039226890360405855,-0.05581314720832846,-3.9023791417494916e-05,-0.05585217099974595,-2.0816681711721685e-17,0.056070103174803654,0.2395142934962757,0.055257161458333336,0.4375,0,0.033113078452382365,0.23841665637265408
verified-v3-adamw-1e-5/checkpoint-1563,1e-05,adamw,verified-v3-adamw-1e-5,1563,2,NQ,0.4157187831873165,1.0,0.12106520612192323,0.1145566991940978,0.5138113366817403,0.11823977612083082,0.11823977612083084,0.11823977612083084,-0.4157187831873165,0.41557778405481255,-0.006367507795321498,-0.0001409991325039238,-0.006508506927825421,-8.673617379884035e-18,0.0071153852375572075,0.030198318055419775,0.004801432291666667,0.1875,0,0.02173774970008348,0.027024260697583537
verified-v3-adamw-1e-5/checkpoint-1563,1e-05,adamw,verified-v3-adamw-1e-5,1563,2,QuoraRetrieval,0.4782013869578225,1.0,0.10730007141909462,0.09926604176284337,0.5194466302640236,0.10306551622324076,0.10306551622324073,0.10306551622324078,-0.4782013869578225,0.4780848079762221,-0.007917450674650856,-0.00011657898160039037,-0.008034029656251246,3.5128150388530344e-17,0.008584899352031604,0.04156005658328987,0.008870442708333334,0.125,0,0.023860005636686093,0.03832889408960013
verified-v3-adamw-1e-5/checkpoint-1563,1e-05,adamw,verified-v3-adamw-1e-5,1563,2,SCIDOCS,0.09938841082210453,0.8583298984711626,0.11977302530343317,0.11699112582889636,0.5058748325310912,0.11859368587322014,0.11859368587322017,0.11859368587322013,-0.09938841082210459,0.09930737596747875,-0.00270086461991096,-8.103485462584775e-05,-0.002781899474536808,-4.705437428587089e-17,0.0035764460611622828,0.015105521862401274,0.0033365885416666665,0.1875,0,0.0505243001067044,0.011407405246926185
verified-v3-adamw-1e-5/checkpoint-1563,1e-05,adamw,verified-v3-adamw-1e-5,1563,2,SciFact,0.2656813074547526,1.0,0.11700610250762047,0.11692620130784132,0.500170778465556,0.11655245994130085,0.11655245994130084,0.11655245994130087,-0.2656813074547526,0.2656014062549735,0.0,-7.990119977914316e-05,-7.990119977914316e-05,2.3418766925686896e-17,0.0009469996144564604,0.004048178037025207,0.0,0.0,0,0.027805469897501024,-0.0
verified-v3-adamw-1e-5/checkpoint-1563,1e-05,adamw,verified-v3-adamw-1e-5,1563,2,TRECCOVID,0.07870707392749886,0.9110827739955403,0.11568346933827894,0.11521293383460239,0.501018932077786,0.11504627629588264,0.11504627629588265,0.11504627629588263,-0.07870707392749887,0.07871672723131086,-0.00048018880748854076,9.653303811977404e-06,-0.00047053550367656335,-3.122502256758253e-17,0.001320886765972742,0.005720690092273726,0.0004069010416666667,0.125,0,0.02294591812457937,0.002079672099218472
verified-v3-adamw-1e-5/checkpoint-1563,1e-05,adamw,verified-v3-adamw-1e-5,1563,2,Touche2020,0.2951370031813482,1.0,0.11699477515070636,0.1024130086072794,0.5332298296206098,0.11088142894809057,0.11088142894809057,0.11088142894809058,-0.29513700318134817,0.295060277389281,-0.014505040751359718,-7.672579206723616e-05,-0.014581766543426954,2.7321894746634712e-17,0.015115937440354308,0.06889426246166226,0.014322916666666666,0.125,0,0.02630855647534831,0.06610996429989591
verified-v3-adamw-1e-5/checkpoint-2345,1e-05,adamw,verified-v3-adamw-1e-5,2345,3,ArguAna,0.24061008689586277,1.0,0.09990473130912392,0.09673488456269198,0.5080600410359281,0.09830866226420991,0.09830866226420992,0.0983086622642099,-0.24061008689586277,0.24055151920683882,-0.0031112790574079584,-5.856768902397051e-05,-0.003169846746431929,-1.214306433183765e-17,0.0037306243690647715,0.0189718859677628,0.0028483072916666665,0.1875,0,0.03384746250558027,0.015822239296053742
verified-v3-adamw-1e-5/checkpoint-2345,1e-05,adamw,verified-v3-adamw-1e-5,2345,3,ClimateFEVER,0.012112271218540114,0.7834925120627381,0.10753945439747181,0.10707816804162149,0.5010746702684707,0.10711347028024362,0.10711347028024362,0.10711347028024365,-0.012112271218540093,0.012144406810638062,-0.0004934219479482919,3.213559209796872e-05,-0.00046128635585032315,1.3877787807814457e-17,0.0013088090780987865,0.006098329965752071,0.000244140625,0.0625,0,0.024690191582263078,0.002299074709432684
verified-v3-adamw-1e-5/checkpoint-2345,1e-05,adamw,verified-v3-adamw-1e-5,2345,3,DBPedia,0.30253228798263265,1.0,0.12301357856552685,0.11201260381725106,0.5234037217401569,0.11727291491481576,0.11727291491481577,0.11727291491481573,-0.3025322879826327,0.3023571285623699,-0.010825815328012942,-0.00017515942026282566,-0.011000974748275768,-3.469446951953614e-17,0.011596356407779406,0.04934070021565885,0.009114583333333334,0.125,0,0.02138286760870719,0.04606216727964956
verified-v3-adamw-1e-5/checkpoint-2345,1e-05,adamw,verified-v3-adamw-1e-5,2345,3,FEVER,0.4049288930838878,1.0,0.1157852746273395,0.10214886494612511,0.5312856207565809,0.10792434902859505,0.10792434902859507,0.10792434902859502,-0.40492889308388785,0.40482492805913645,-0.013532444656463038,-0.0001039650247513478,-0.013636409681214386,-4.466912950640278e-17,0.014199175943518983,0.06515351826615721,0.014078776041666666,0.125,0,0.022357368657041823,0.06209419360797904
verified-v3-adamw-1e-5/checkpoint-2345,1e-05,adamw,verified-v3-adamw-1e-5,2345,3,FiQA2018,0.22033629184908068,0.9769331095982161,0.11062509079950436,0.10996407317548541,0.5014983003065687,0.11001874428154881,0.11001874428154883,0.11001874428154881,-0.22033629184908066,0.2202123706264129,-0.0005370964013511528,-0.00012392122266779299,-0.0006610176240189457,-6.938893903907228e-18,0.0014047607466656257,0.006368221907876202,0.0003255208333333333,0.125,0,0.020809859165572576,0.002434826768789279
verified-v3-adamw-1e-5/checkpoint-2345,1e-05,adamw,verified-v3-adamw-1e-5,2345,3,HotpotQA,0.30140824791700793,1.0,0.12066908034724454,0.12058994227773324,0.5001640105904647,0.12017491113427989,0.12017491113427986,0.12017491113427989,-0.30140824791700793,0.3013291098474966,0.0,-7.913806951129199e-05,-7.913806951129199e-05,9.75781955236954e-18,0.0009847203910927657,0.004081589904405161,0.0,0.0,0,0.019284470238591,-0.0
verified-v3-adamw-1e-5/checkpoint-2345,1e-05,adamw,verified-v3-adamw-1e-5,2345,3,MSMARCO,0.4366660239395245,1.0,0.10830407196653713,0.10797823587788452,0.5007532657014345,0.10782791037976196,0.10782791037976196,0.10782791037976197,-0.4366660239395245,0.4364967832365042,-0.0001565953856323861,-0.00016924070302023683,-0.0003258360886526229,6.938893903907228e-18,0.001051903141580279,0.0048635653653970835,8.138020833333333e-05,0.0625,0,0.0330324603522483,0.0007240323408469908
verified-v3-adamw-1e-5/checkpoint-2345,1e-05,adamw,verified-v3-adamw-1e-5,2345,3,NFCorpus,0.0032679644945965355,0.7201742473770677,0.1313480435123169,0.10555888674180187,0.5544288779202285,0.12166524004860692,0.12166524004860693,0.12166524004860692,-0.0032679644945965438,0.003227211231676526,-0.025748403507595004,-4.0753262920021835e-05,-0.025789156770515027,-7.37257477290143e-18,0.026248781853223144,0.11079786406023381,0.023681640625,0.375,0,0.028574687215768963,0.10868573359156661
verified-v3-adamw-1e-5/checkpoint-2345,1e-05,adamw,verified-v3-adamw-1e-5,2345,3,NQ,0.42180926436400995,1.0,0.11850444851485058,0.11728608475284454,0.5025835722603478,0.11740551075710108,0.11740551075710107,0.1174055107571011,-0.4218092643640099,0.4216544986717332,-0.0010635980697293532,-0.00015476569227669199,-0.0012183637620060452,2.949029909160572e-17,0.001899942680586316,0.008057756408860122,0.0006510416666666666,0.0625,0,0.021715874012186394,0.004510775114630411
verified-v3-adamw-1e-5/checkpoint-2345,1e-05,adamw,verified-v3-adamw-1e-5,2345,3,QuoraRetrieval,0.47970761778066057,1.0,0.10185510200023033,0.10162514997673106,0.5005650475200053,0.10139637482160488,0.10139637482160489,0.10139637482160488,-0.47970761778066057,0.4796071535360052,-0.00012948777884385504,-0.00010046424465541895,-0.000229952023499274,-1.8431436932253575e-17,0.0009103617653298812,0.0044739563494985,0.00016276041666666666,0.125,0,0.023890529863026495,0.0006363653356322559
verified-v3-adamw-1e-5/checkpoint-2345,1e-05,adamw,verified-v3-adamw-1e-5,2345,3,SCIDOCS,0.1009793331763805,0.86024524972907,0.12372989146663657,0.1138056749834428,0.5208899589891087,0.11921573165787619,0.11921573165787622,0.11921573165787622,-0.1009793331763805,0.10092643633204229,-0.009871319638855555,-5.289684433821412e-05,-0.009924216483193771,1.3877787807814457e-17,0.01057192170335392,0.04450668950906651,0.010986328125,0.1875,0,0.055591513244661106,0.04155722777174136
verified-v3-adamw-1e-5/checkpoint-2345,1e-05,adamw,verified-v3-adamw-1e-5,2345,3,SciFact,0.26783624545256296,1.0,0.11820086961399838,0.11813133226721931,0.5001471177990674,0.11774559309946958,0.11774559309946958,0.11774559309946958,-0.26783624545256296,0.26776670810578385,0.0,-6.953734677906699e-05,-6.953734677906699e-05,6.071532165918825e-18,0.0009555308596358225,0.004043168269197946,0.0,0.0,0,0.026843267177131574,-0.0
verified-v3-adamw-1e-5/checkpoint-2345,1e-05,adamw,verified-v3-adamw-1e-5,2345,3,TRECCOVID,0.0793811847672691,0.9110827739955403,0.11530011971338419,0.11470814130169724,0.5012868633697642,0.11458953411199863,0.11458953411199861,0.11458953411199863,-0.0793811847672691,0.0793815442216369,-0.0005923378660547436,3.5945436780218665e-07,-0.0005919784116869414,1.3877787807814457e-17,0.0014226566737750115,0.006185241640871887,0.00048828125,0.125,0,0.022638536521426063,0.0025752895284743907
verified-v3-adamw-1e-5/checkpoint-2345,1e-05,adamw,verified-v3-adamw-1e-5,2345,3,Touche2020,0.3013115864797528,1.0,0.1171119972830349,0.10238608088426167,0.5335445223979353,0.11082308236309486,0.11082308236309485,0.11082308236309488,-0.3013115864797528,0.3012374828865901,-0.014651812805610464,-7.4103593162754e-05,-0.014725916398773218,1.474514954580286e-17,0.015251402757440618,0.06948308105830583,0.015055338541666666,0.125,0,0.025303604122095258,0.06675144004879704
verified-v3-adamw-1e-5/checkpoint-3126,1e-05,adamw,verified-v3-adamw-1e-5,3126,4,ArguAna,0.2376565004005038,1.0,0.09975242965640252,0.09779558360659102,0.5049528365724599,0.09874435596931783,0.09874435596931781,0.09874435596931783,-0.23765650040050376,0.2376024414779343,-0.0019027871272420359,-5.405892256946966e-05,-0.0019568460498115055,2.2551405187698492e-17,0.0025465712906578893,0.012890898008008142,0.0017903645833333333,0.1875,0,0.03741834175927466,0.009632023606883233
verified-v3-adamw-1e-5/checkpoint-3126,1e-05,adamw,verified-v3-adamw-1e-5,3126,4,ClimateFEVER,0.01401704687475439,0.7791597969423252,0.10789128503215539,0.10671693291909803,0.5027360371477576,0.1073859907586675,0.10738599075866748,0.10738599075866753,-0.014017046874754349,0.014047066215152768,-0.0012043714534557687,3.0019340398416104e-05,-0.0011743521130573526,4.7704895589362195e-17,0.0020005949654430494,0.009322079948948968,0.0008951822916666666,0.0625,0,0.025367711302380046,0.005611954029315561
verified-v3-adamw-1e-5/checkpoint-3126,1e-05,adamw,verified-v3-adamw-1e-5,3126,4,DBPedia,0.30191444533698264,1.0,0.13443812438450206,0.10324967207739985,0.5656080218912318,0.1182992414991928,0.11829924149919278,0.11829924149919283,-0.30191444533698264,0.30174212603704753,-0.03101613300716709,-0.00017231929993513292,-0.031188452307102224,2.8189256484623115e-17,0.03159429299979384,0.13292349657866415,0.029215494791666668,0.125,0,0.021796598852552303,0.13049106209429878
verified-v3-adamw-1e-5/checkpoint-3126,1e-05,adamw,verified-v3-adamw-1e-5,3126,4,FEVER,0.4104242484230608,1.0,0.11620473227950853,0.10327512513868545,0.529455111035969,0.10856817201151252,0.10856817201151253,0.1085681720115125,-0.4104242484230608,0.41032185543487076,-0.012827214152633049,-0.00010239298819004344,-0.012929607140823092,-3.209238430557093e-17,0.013499022792493638,0.06150460890255082,0.01318359375,0.125,0,0.024534726184491863,0.05844369639894675
verified-v3-adamw-1e-5/checkpoint-3126,1e-05,adamw,verified-v3-adamw-1e-5,3126,4,FiQA2018,0.22173859922045847,0.9769331095982161,0.11083100967611222,0.10991478573071484,0.5020752919522404,0.11002820181950443,0.11002820181950443,0.1100282018195044,-0.22173859922045847,0.2216139209246495,-0.0007915456495884016,-0.0001246782958089776,-0.0009162239453973792,-2.2551405187698492e-17,0.0016486071762899718,0.007468351427720943,0.0005696614583333334,0.125,0,0.02165974553051661,0.0035857790547249597
verified-v3-adamw-1e-5/checkpoint-3126,1e-05,adamw,verified-v3-adamw-1e-5,3126,4,HotpotQA,0.30223489190713465,1.0,0.12095499533024959,0.12080010147375991,0.5003203528251056,0.12046217489367665,0.12046217489367665,0.12046217489367668,-0.3022348919071346,0.30215460287937895,-7.460482873404561e-05,-8.028902775563014e-05,-0.00015489385648967575,1.431146867680866e-17,0.001056242288494123,0.00436905902898261,8.138020833333333e-05,0.0625,0,0.019298431930204377,0.00030859671510680755
verified-v3-adamw-1e-5/checkpoint-3126,1e-05,adamw,verified-v3-adamw-1e-5,3126,4,MSMARCO,0.43992428045991666,1.0,0.11147129122562754,0.1033717075816224,0.5188500060252645,0.10791346372687388,0.10791346372687388,0.10791346372687385,-0.43992428045991677,0.43975080222507973,-0.007926105409168153,-0.00017347823483698788,-0.008099583644005141,-4.163336342344337e-17,0.008715652624083959,0.040567543147651534,0.006266276041666667,0.1875,0,0.03296249313467136,0.03689254689783582
verified-v3-adamw-1e-5/checkpoint-3126,1e-05,adamw,verified-v3-adamw-1e-5,3126,4,NFCorpus,0.0035581155100869837,0.7190574688428424,0.13287137841911417,0.10425266277170195,0.5603454535940168,0.11873446461085345,0.11873446461085346,0.11873446461085344,-0.0035581155100869906,0.0035200387464467274,-0.02858063888377193,-3.8076763640269243e-05,-0.028618715647412196,-1.2793585635328952e-17,0.029060775338312885,0.12255516223649118,0.026041666666666668,0.4375,0,0.026903305159752124,0.12053032978116632
verified-v3-adamw-1e-5/checkpoint-3126,1e-05,adamw,verified-v3-adamw-1e-5,3126,4,NQ,0.4217050823861722,1.0,0.12601417921493452,0.10610582851895552,0.5428837455468348,0.11675914477395732,0.1167591447739573,0.11675914477395732,-0.4217050823861721,0.4215499321614846,-0.019753200471291508,-0.00015515022468751312,-0.019908350695979023,3.0357660829594124e-17,0.02035746057259647,0.08770230869514241,0.020426432291666668,0.125,0,0.021711508065758472,0.08509908587430869
verified-v3-adamw-1e-5/checkpoint-3126,1e-05,adamw,verified-v3-adamw-1e-5,3126,4,QuoraRetrieval,0.4815071662653924,1.0,0.1019707646340296,0.10185933151720063,0.5002733480455858,0.10157108881393193,0.10157108881393193,0.10157108881393194,-0.4815071662653924,0.48139573314856343,0.0,-0.0001114331168289677,-0.0001114331168289677,2.0166160408230382e-17,0.0007835417942442762,0.00384409274704425,0.0,0.0,0,0.024184888829435102,-0.0
verified-v3-adamw-1e-5/checkpoint-3126,1e-05,adamw,verified-v3-adamw-1e-5,3126,4,SCIDOCS,0.10101664608507288,0.86024524972907,0.11668667652504922,0.11304282870376665,0.5079307353612528,0.1145373258817631,0.11453732588176313,0.11453732588176307,-0.10101664608507291,0.10096623273751154,-0.0035934344737211764,-5.041334756137597e-05,-0.0036438478212825524,-4.141652298894627e-17,0.00445701531520426,0.01940114444927294,0.0032552083333333335,0.125,0,0.05845062473959051,0.01564202417161014
verified-v3-adamw-1e-5/checkpoint-3126,1e-05,adamw,verified-v3-adamw-1e-5,3126,4,SciFact,0.267014156379975,1.0,0.11839370783920139,0.11832049723890513,0.5001546392204729,0.11793480326866912,0.11793480326866912,0.11793480326866909,-0.267014156379975,0.26694094577967875,0.0,-7.321060029626299e-05,-7.321060029626299e-05,-1.9081958235744878e-17,0.0009533747670879572,0.004027535089300536,0.0,0.0,0,0.027152721747718097,-0.0
verified-v3-adamw-1e-5/checkpoint-3126,1e-05,adamw,verified-v3-adamw-1e-5,3126,4,TRECCOVID,0.07932008907973458,0.9110827739955403,0.11691885376363198,0.1141516393041437,0.5059878144170415,0.11539826217782567,0.11539826217782564,0.11539826217782569,-0.07932008907973453,0.07932735861043097,-0.0027744839901847323,7.269530696435433e-06,-0.002767214459488297,4.5102810375396984e-17,0.003511496324927968,0.01519664531073643,0.0030924479166666665,0.125,0,0.022081638836401064,0.012007089063383544
verified-v3-adamw-1e-5/checkpoint-3126,1e-05,adamw,verified-v3-adamw-1e-5,3126,4,Touche2020,0.30301928596856054,1.0,0.11379040149369313,0.1060290971433464,0.51765381232891,0.11118162926406047,0.11118162926406044,0.1111816292640605,-0.30301928596856054,0.3029403627456105,-0.0076823811273966786,-7.892322295004542e-05,-0.007761304350346724,5.0306980803327406e-17,0.008366372080525021,0.03806019089480031,0.006591796875,0.1875,0,0.02492443736065841,0.034948588159968624
verified-v3-adamw-1e-5/checkpoint-3907,1e-05,adamw,verified-v3-adamw-1e-5,3907,5,ArguAna,0.23957443218798563,1.0,0.0994801934983866,0.09810258780647901,0.5034861481420844,0.09864666972567661,0.0986466697256766,0.09864666972567661,-0.2395744321879856,0.23952045661018834,-0.0013236301141103142,-5.397557779726614e-05,-0.0013776056919075803,1.474514954580286e-17,0.001966184478579089,0.009951193447091488,0.001220703125,0.1875,0,0.037464235530253714,0.006699116721451471
verified-v3-adamw-1e-5/checkpoint-3907,1e-05,adamw,verified-v3-adamw-1e-5,3907,5,ClimateFEVER,0.012751652966852576,0.776420812514897,0.10731829889649303,0.1068400423132408,0.5011165957406811,0.10691250074852408,0.10691250074852408,0.10691250074852407,-0.01275165296685258,0.012784183533594947,-0.0005107871499945918,3.2530566742368545e-05,-0.00047825658325222325,-1.734723475976807e-18,0.0013334639155476874,0.006226532704797956,0.000244140625,0.0625,0,0.025380787612454422,0.0023850910831175963
verified-v3-adamw-1e-5/checkpoint-3907,1e-05,adamw,verified-v3-adamw-1e-5,3907,5,DBPedia,0.3041988402672066,1.0,0.12600740920451384,0.11017397872950442,0.5335196405896149,0.11685088752743947,0.11685088752743945,0.1168508875274395,-0.30419884026720656,0.30403412464185753,-0.015668714849660304,-0.00016471562534909646,-0.015833430475009402,2.927345865710862e-17,0.01638350032141383,0.06936829554914323,0.0146484375,0.125,0,0.021811732875964145,0.06634186963977727
verified-v3-adamw-1e-5/checkpoint-3907,1e-05,adamw,verified-v3-adamw-1e-5,3907,5,FEVER,0.41153408503355415,1.0,0.11011473981470965,0.10699920765101399,0.5071748779847217,0.1082345559079419,0.1082345559079419,0.10823455590794191,-0.4115340850335541,0.4114250895646553,-0.0030065366947968145,-0.00010899546889884745,-0.003115532163695662,1.1275702593849246e-17,0.003789732097941183,0.01745503751452669,0.003173828125,0.125,0,0.020935182215783287,0.01384773631492037
verified-v3-adamw-1e-5/checkpoint-3907,1e-05,adamw,verified-v3-adamw-1e-5,3907,5,FiQA2018,0.2218841670463778,0.9769331095982161,0.11098407852228578,0.11019772652188575,0.5017776145742254,0.11023051826979605,0.11023051826979602,0.11023051826979605,-0.22188416704637778,0.2217621565120173,-0.0006643414660395391,-0.00012201053436047479,-0.0007863520004000139,3.122502256758253e-17,0.001533743297803616,0.006934310430721536,0.00048828125,0.125,0,0.021088276905413424,0.003003599079530369
verified-v3-adamw-1e-5/checkpoint-3907,1e-05,adamw,verified-v3-adamw-1e-5,3907,5,HotpotQA,0.3035783062612313,1.0,0.12121731717050176,0.12082117342450427,0.5008183486540171,0.12063022535339599,0.12063022535339601,0.120630225353396,-0.3035783062612313,0.30349322703148496,-0.00031106451625113885,-8.507922974634353e-05,-0.0003961437459974824,-2.3635607360183997e-17,0.001291831769817253,0.005337298900854687,8.138020833333333e-05,0.0625,0,0.018734325421289433,0.0012851861515350115
verified-v3-adamw-1e-5/checkpoint-3907,1e-05,adamw,verified-v3-adamw-1e-5,3907,5,MSMARCO,0.44108996383667454,1.0,0.11707821694104559,0.0968094738465961,0.5473817427730643,0.10642489420732922,0.1064248942073292,0.10642489420732923,-0.4410899638366745,0.44093120819333165,-0.020109987451106613,-0.00015875564334285816,-0.02026874309444947,4.2934406030425976e-17,0.02073098421227032,0.09692462495587495,0.018961588541666668,0.125,0,0.03300572415460923,0.09402124721180334
verified-v3-adamw-1e-5/checkpoint-3907,1e-05,adamw,verified-v3-adamw-1e-5,3907,5,NFCorpus,0.0028906528922687594,0.7190574688428424,0.1356808220550278,0.1015374399711589,0.5719661753531012,0.12158206762119797,0.121582067621198,0.12158206762119797,-0.002890652892268755,0.002851976894486131,-0.034104706086086276,-3.867599778262709e-05,-0.0341433820838689,-3.469446951953614e-18,0.03449021390514183,0.1453944296301034,0.03369140625,0.4375,0,0.026506397689988373,0.143769310991417
verified-v3-adamw-1e-5/checkpoint-3907,1e-05,adamw,verified-v3-adamw-1e-5,3907,5,NQ,0.4256722070830016,1.0,0.12903284499820616,0.10284719369971218,0.5564637893057438,0.11550476425060537,0.11550476425060535,0.11550476425060537,-0.4256722070830016,0.4255294309084108,-0.026042875123903145,-0.00014277617459084943,-0.02618565129849399,-6.938893903907228e-18,0.026583584901426822,0.11464369701981368,0.024169921875,0.125,0,0.021996564103506953,0.11231184568599496
verified-v3-adamw-1e-5/checkpoint-3907,1e-05,adamw,verified-v3-adamw-1e-5,3907,5,QuoraRetrieval,0.48114793937236144,1.0,0.10197832240594493,0.10186915360689947,0.5002677707891723,0.10157929473157729,0.10157929473157729,0.10157929473157729,-0.48114793937236144,0.481038770573316,0.0,-0.00010916879904546845,-0.00010916879904546845,2.1250362580715887e-17,0.0007831748949005842,0.0038419651310827928,0.0,0.0,0,0.023885536400851105,-0.0
verified-v3-adamw-1e-5/checkpoint-3907,1e-05,adamw,verified-v3-adamw-1e-5,3907,5,SCIDOCS,0.10068813183032296,0.86024524972907,0.11550501248233545,0.11388657576028427,0.5035276723406689,0.1144545491087123,0.1144545491087123,0.1144545491087123,-0.10068813183032298,0.10063869378964176,-0.0015689986813699902,-4.943804068121248e-05,-0.0016184367220512027,-3.903127820947816e-18,0.00245679738689061,0.01071005875024562,0.0015462239583333333,0.125,0,0.058524807865567574,0.00683982657511623
verified-v3-adamw-1e-5/checkpoint-3907,1e-05,adamw,verified-v3-adamw-1e-5,3907,5,SciFact,0.2682014503157518,1.0,0.11805571724930423,0.11797361794151293,0.5001739175931774,0.1175973425040229,0.11759734250402296,0.11759734250402284,-0.26820145031575193,0.26811935100796064,0.0,-8.209930779130153e-05,-8.209930779130153e-05,-1.231653667943533e-16,0.0009439405659884079,0.003999251047439855,0.0,0.0,0,0.02745917795861766,-0.0
verified-v3-adamw-1e-5/checkpoint-3907,1e-05,adamw,verified-v3-adamw-1e-5,3907,5,TRECCOVID,0.07967229810706178,0.9110827739955403,0.11713654093732019,0.11093407584801954,0.5135976856131765,0.11468029995621731,0.11468029995621733,0.11468029995621731,-0.07967229810706179,0.07967912134580561,-0.006209288328044469,6.823238743815935e-06,-0.006202465089300653,-1.9081958235744878e-17,0.006896778614540709,0.030239663099749334,0.006429036458333333,0.125,0,0.0226584397807947,0.027225288446028346
verified-v3-adamw-1e-5/checkpoint-3907,1e-05,adamw,verified-v3-adamw-1e-5,3907,5,Touche2020,0.3046033158595054,1.0,0.12435233170668838,0.09149627711096052,0.5761090256168503,0.11068256027142298,0.11068256027142298,0.11068256027142298,-0.3046033158595054,0.30452651027755506,-0.032779249013777476,-7.680558195038122e-05,-0.03285605459572786,-8.673617379884035e-18,0.03320812788062968,0.15384916336747967,0.032389322916666664,0.1875,0,0.025298978530677082,0.1518622204392789
verified-v3-adamw-1e-5/checkpoint-782,1e-05,adamw,verified-v3-adamw-1e-5,782,1,ArguAna,0.23146579846495524,1.0,0.09900363327217286,0.08900123563315324,0.5266014324449665,0.09495332899592526,0.09495332899592525,0.09495332899592529,-0.23146579846495524,0.23141538803611092,-0.009951987210175314,-5.0410428844313224e-05,-0.010002397639019627,3.642919299551295e-17,0.010502150160101961,0.05586105413786143,0.00830078125,0.25,0,0.03686282692419247,0.05293473125521474
verified-v3-adamw-1e-5/checkpoint-782,1e-05,adamw,verified-v3-adamw-1e-5,782,1,ClimateFEVER,0.010671908071651737,0.7709766873441091,0.10791416123648546,0.1059332875795169,0.5046315110793604,0.1063050726555474,0.10630507265554742,0.1063050726555474,-0.010671908071651779,0.01070515763706424,-0.0020141232223810333,3.3249565412461594e-05,-0.0019808736569685717,-3.8163916471489756e-17,0.0028024537500223774,0.013104920192120935,0.0025227864583333335,0.1875,0,0.027715736504972804,0.009418504796444946
verified-v3-adamw-1e-5/checkpoint-782,1e-05,adamw,verified-v3-adamw-1e-5,782,1,DBPedia,0.2870412623093199,1.0,0.11651642710239932,0.11249621397587725,0.5087772734020127,0.11356367957593516,0.11356367957593519,0.11356367957593515,-0.28704126230932,0.28687604823816876,-0.003854999055370874,-0.00016521407115118424,-0.004020213126522058,-3.0357660829594124e-17,0.004697708495229666,0.02051287856037601,0.003662109375,0.1875,0,0.02294788271327434,0.016833127801243228
verified-v3-adamw-1e-5/checkpoint-782,1e-05,adamw,verified-v3-adamw-1e-5,782,1,FEVER,0.3840873446046877,1.0,0.11076978985503713,0.1049105410514844,0.5135831783522536,0.10800384480709742,0.1080038448070974,0.10800384480709743,-0.38408734460468763,0.38397286060532865,-0.005744764804193694,-0.00011448399935902118,-0.005859248803552715,2.949029909160572e-17,0.0064882687681032,0.030082802362331754,0.005208333333333333,0.3125,0,0.02144865359788339,0.026635552625721558
verified-v3-adamw-1e-5/checkpoint-782,1e-05,adamw,verified-v3-adamw-1e-5,782,1,FiQA2018,0.21354649403284487,0.9769331095982161,0.11219348776365878,0.10961013170154806,0.5058235209784662,0.11018726546704313,0.11018726546704312,0.11018726546704315,-0.21354649403284487,0.21342481952459982,-0.002461681553865707,-0.00012167450824502289,-0.00258335606211073,2.0816681711721685e-17,0.003293932956487,0.014850672700603527,0.002685546875,0.125,0,0.023481003466703274,0.011098473324290627
verified-v3-adamw-1e-5/checkpoint-782,1e-05,adamw,verified-v3-adamw-1e-5,782,1,HotpotQA,0.2878249708984948,1.0,0.11866474650043937,0.11460054771211774,0.5087115376551007,0.11660714937830283,0.11660714937830283,0.11660714937830283,-0.2878249708984948,0.2877337870481058,-0.003973014937932602,-9.118385038903339e-05,-0.004064198788321635,3.2526065174565133e-18,0.004829237936943167,0.020702770865444933,0.003987630208333333,0.1875,0,0.019329697181133955,0.017032173394436863
verified-v3-adamw-1e-5/checkpoint-782,1e-05,adamw,verified-v3-adamw-1e-5,782,1,MSMARCO,0.4050554900236123,1.0,0.11220251942499226,0.10217529695321016,0.5233868005589073,0.10652960545737278,0.10652960545737278,0.10652960545737279,-0.4050554900236123,0.40491204570575046,-0.009883778153920213,-0.00014344431786190298,-0.010027222471782116,6.071532165918825e-18,0.010621576363070935,0.049546060980173875,0.006998697916666667,0.25,0,0.03476554024957666,0.04610448189510143
verified-v3-adamw-1e-5/checkpoint-782,1e-05,adamw,verified-v3-adamw-1e-5,782,1,NFCorpus,0.006821347426015081,0.7190574688428424,0.144922403899065,0.08825671768317857,0.6215067752022132,0.11954579580252908,0.11954579580252907,0.1195457958025291,-0.006821347426015072,0.00680702145378133,-0.05665136024365269,-1.4325972233740058e-05,-0.05666568621588643,1.3877787807814457e-17,0.056879964660818655,0.24393249393366795,0.057291666666666664,0.4375,0,0.038344703841332706,0.24295211277597786
verified-v3-adamw-1e-5/checkpoint-782,1e-05,adamw,verified-v3-adamw-1e-5,782,1,NQ,0.3980452610970167,1.0,0.12446316454323941,0.12084539937826237,0.507373907186817,0.12258841558753047,0.12258841558753047,0.12258841558753047,-0.3980452610970167,0.39788095791860634,-0.0034534619865666735,-0.00016430317841037434,-0.003617765164977048,0.0,0.004263569306199871,0.017380434005411255,0.0021158854166666665,0.1875,0,0.021976956786325025,0.014078032708518784
verified-v3-adamw-1e-5/checkpoint-782,1e-05,adamw,verified-v3-adamw-1e-5,782,1,QuoraRetrieval,0.4820851062406559,1.0,0.1025861778294835,0.1024108807625695,0.5004275599565134,0.10211410785120406,0.10211410785120403,0.10211410785120408,-0.4820851062406558,0.48196409356789616,-5.428439415430808e-05,-0.00012101267275969191,-0.000175297066914,4.575333167888829e-17,0.0008469496228086339,0.00413152085510688,8.138020833333333e-05,0.0625,0,0.023820933261091436,0.0002648057222242139
verified-v3-adamw-1e-5/checkpoint-782,1e-05,adamw,verified-v3-adamw-1e-5,782,1,SCIDOCS,0.09700438607809495,0.8555909140437343,0.11511368937587313,0.11454359836838891,0.5012411776980469,0.1142135725759739,0.1142135725759739,0.1142135725759739,-0.09700438607809495,0.09691676988926207,-0.00048247481865132044,-8.761618883287858e-05,-0.000570091007484199,-3.686287386450715e-18,0.0014389422009346612,0.006265606526438711,0.0003255208333333333,0.1875,0,0.05649856300781727,0.0021008469767725673
verified-v3-adamw-1e-5/checkpoint-782,1e-05,adamw,verified-v3-adamw-1e-5,782,1,SciFact,0.26514155445052406,0.9769331095982161,0.12290053441560472,0.11069391033074015,0.5261278133093437,0.1155106869227914,0.1155106869227914,0.11551068692279139,-0.26514155445052406,0.26507885616964755,-0.012143925803988077,-6.26982808765112e-05,-0.012206624084864589,-3.469446951953614e-18,0.012901776063075144,0.05523151921307419,0.011393229166666666,0.0625,0,0.02566761262127906,0.05198722006071207
verified-v3-adamw-1e-5/checkpoint-782,1e-05,adamw,verified-v3-adamw-1e-5,782,1,TRECCOVID,0.0738776809978855,0.9110827739955403,0.11927419098647149,0.0983402570898057,0.5480986765394551,0.1074703775411242,0.1074703775411242,0.1074703775411242,-0.07387768099788547,0.07388519072289308,-0.0209414436216734,7.509725007615736e-06,-0.020933933896665785,2.949029909160572e-17,0.02140355287557165,0.09835538524569554,0.025146484375,0.125,0,0.023770974478544368,0.09623186239147645
verified-v3-adamw-1e-5/checkpoint-782,1e-05,adamw,verified-v3-adamw-1e-5,782,1,Touche2020,0.28573512933230477,1.0,0.1152674210232864,0.10939877137940535,0.5130608205469608,0.11232097393109644,0.11232097393109644,0.11232097393109643,-0.2857351293323048,0.2856739136303459,-0.005807433941922145,-6.121570195890928e-05,-0.0058686496438810545,-2.5804011705155006e-17,0.006558734800439609,0.029193243230310906,0.0048828125,0.0625,0,0.02330268672071803,0.025849167067882196
verified-v3-adamw-1e-6/checkpoint-1563,1e-06,adamw,verified-v3-adamw-1e-6,1563,2,ArguAna,0.2108334695753728,1.0,0.09731347327055173,0.09471022385057826,0.5067784587501493,0.09604393807413403,0.09604393807413406,0.09604393807413403,-0.2108334695753728,0.21077829415183197,-0.0025480739964326097,-5.5175423540864896e-05,-0.0026032494199734746,-3.903127820947816e-17,0.0032714174230638717,0.017036529720601292,0.0027669270833333335,0.1875,0,0.04372415832375366,0.01326958096648491
verified-v3-adamw-1e-6/checkpoint-1563,1e-06,adamw,verified-v3-adamw-1e-6,1563,2,ClimateFEVER,0.006459567009550143,0.7535465121453979,0.12208911373452955,0.10967582162548384,0.5267799183896466,0.11589491834055597,0.11589491834055599,0.11589491834055599,-0.006459567009550137,0.00650744247450542,-0.012461167574001016,4.787546495528365e-05,-0.012413292109045732,4.336808689942018e-18,0.013004010632481234,0.056108619762870425,0.013834635416666666,0.125,0,0.030610391443586266,0.053766405839797936
verified-v3-adamw-1e-6/checkpoint-1563,1e-06,adamw,verified-v3-adamw-1e-6,1563,2,DBPedia,0.2676026036054766,1.0,0.11546961589210035,0.10245697004777823,0.5298555722061191,0.10922423909246701,0.10922423909246701,0.10922423909246702,-0.2676026036054766,0.2674407186940978,-0.012850760932943303,-0.00016188491137881372,-0.013012645844322117,2.7755575615628914e-17,0.013530674663185032,0.06208822390728346,0.012369791666666666,0.25,0,0.02389071490735389,0.05896830291504022
verified-v3-adamw-1e-6/checkpoint-1563,1e-06,adamw,verified-v3-adamw-1e-6,1563,2,FEVER,0.3511870357974767,1.0,0.11029572208100288,0.10884340314427562,0.5033136915537886,0.10921311156926872,0.1092131115692687,0.10921311156926874,-0.3511870357974766,0.35103294408752383,-0.0012982272267744975,-0.0001540917099527618,-0.0014523189367272593,5.074066167232161e-17,0.002135655795266894,0.009745661771130126,0.0016276041666666667,0.1875,0,0.02555588849558054,0.005924214698949351
verified-v3-adamw-1e-6/checkpoint-1563,1e-06,adamw,verified-v3-adamw-1e-6,1563,2,FiQA2018,0.20439806488665624,0.9769331095982161,0.11109164567036088,0.1074486299144862,0.5083348841446397,0.10903633531968851,0.10903633531968848,0.10903633531968851,-0.20439806488665624,0.2042918165279347,-0.003536767397153154,-0.0001062483587215262,-0.00364301575587468,2.0816681711721685e-17,0.0043247970524996245,0.01978947377514652,0.0035807291666666665,0.3125,0,0.025461408209172406,0.016183595393060732
verified-v3-adamw-1e-6/checkpoint-1563,1e-06,adamw,verified-v3-adamw-1e-6,1563,2,HotpotQA,0.2673266713138919,1.0,0.11204232382981946,0.1107821474131345,0.5028277334389161,0.11122222350965963,0.11122222350965963,0.11122222350965962,-0.26732667131389193,0.2672223782596269,-0.0011558833624199742,-0.00010429305426499363,-0.0012601764166849678,-1.1275702593849246e-17,0.002036833722544712,0.00914097859711232,0.0008138020833333334,0.1875,0,0.0230915005178879,0.005187416606319109
verified-v3-adamw-1e-6/checkpoint-1563,1e-06,adamw,verified-v3-adamw-1e-6,1563,2,MSMARCO,0.3467361181228414,1.0,0.10903378857571244,0.10274263475062231,0.514853291330253,0.10494510824276318,0.10494510824276317,0.10494510824276318,-0.34673611812284133,0.3466063566033277,-0.006161392305576562,-0.0001297615195135684,-0.006291153825090131,2.42861286636753e-17,0.0069507242547141536,0.032821048469609405,0.005615234375,0.1875,0,0.028488133567779787,0.02909385383321082
verified-v3-adamw-1e-6/checkpoint-1563,1e-06,adamw,verified-v3-adamw-1e-6,1563,2,NFCorpus,0.004950625535957504,0.6889242473770677,0.1219877871063905,0.10845080534605481,0.5293722106533202,0.11538679790983979,0.1153867979098398,0.11538679790983977,-0.004950625535957532,0.004951411313000958,-0.013537767537379118,7.857770434253723e-07,-0.013536981760335692,-2.3852447794681098e-17,0.014219625123909454,0.061706786925648745,0.012369791666666666,0.1875,0,0.04937097446343191,0.05874783122611223
verified-v3-adamw-1e-6/checkpoint-1563,1e-06,adamw,verified-v3-adamw-1e-6,1563,2,NQ,0.35815006277868966,1.0,0.13082104604167605,0.10979052144133739,0.5437022309865118,0.12078328272162683,0.12078328272162683,0.12078328272162682,-0.35815006277868966,0.35793209676742677,-0.02081255858907571,-0.00021796601126294717,-0.021030524600338656,-3.469446951953614e-17,0.021493929560411032,0.08933040828109168,0.02001953125,0.125,0,0.022964256899065116,0.08649857862941283
verified-v3-adamw-1e-6/checkpoint-1563,1e-06,adamw,verified-v3-adamw-1e-6,1563,2,QuoraRetrieval,0.4677692241125276,1.0,0.10548797644591079,0.10514200141792199,0.5008212862943291,0.10484662843867329,0.10484662843867329,0.10484662843867329,-0.46776922411252764,0.46765455861622124,-0.0002313095316823499,-0.0001146654963064507,-0.0003459750279888006,-2.6020852139652106e-18,0.0010321679169573836,0.0049003846813517465,8.138020833333333e-05,0.0625,0,0.022976234628822454,0.001098179537538982
verified-v3-adamw-1e-6/checkpoint-1563,1e-06,adamw,verified-v3-adamw-1e-6,1563,2,SCIDOCS,0.09946129432792461,0.864577964849483,0.11533657528566658,0.10756292337770511,0.5174375715391389,0.1115105470773213,0.1115105470773213,0.11151054707732133,-0.0994612943279246,0.09936748417829722,-0.007679841758334097,-9.381014962738074e-05,-0.007773651907961478,1.2793585635328952e-17,0.008448599824965436,0.0379031800234092,0.005615234375,0.25,0,0.05735746903952082,0.03445428008760299
verified-v3-adamw-1e-6/checkpoint-1563,1e-06,adamw,verified-v3-adamw-1e-6,1563,2,SciFact,0.2631083221232978,0.9769331095982161,0.12393523516393808,0.11538215574384875,0.517869740656217,0.11860117130360526,0.11860117130360526,0.11860117130360526,-0.2631083221232978,0.26303050718306076,-0.00847526447985229,-7.781494023703997e-05,-0.00855307942008933,6.071532165918825e-18,0.009229422643467008,0.03856561618216566,0.006103515625,0.3125,0,0.03189000491224479,0.03541432759108575
verified-v3-adamw-1e-6/checkpoint-1563,1e-06,adamw,verified-v3-adamw-1e-6,1563,2,TRECCOVID,0.056907145384080454,0.8880158835937564,0.1165568199877614,0.09893615664005559,0.5408845420937751,0.10972128878317619,0.1097212887831762,0.10972128878317619,-0.05690714538408047,0.056912390249203935,-0.017625908212829288,5.244865123473462e-06,-0.017620663347705814,-6.071532165918825e-18,0.018010413154039694,0.0835777269212161,0.0244140625,0.125,0,0.022430681994767887,0.08179342310200396
verified-v3-adamw-1e-6/checkpoint-1563,1e-06,adamw,verified-v3-adamw-1e-6,1563,2,Touche2020,0.26145561645591864,1.0,0.11337031236355544,0.10642933836041146,0.5157893199108418,0.10988547881612765,0.10988547881612765,0.10988547881612765,-0.26145561645591864,0.26138043372091396,-0.006865791268139288,-7.518273500467867e-05,-0.006940974003143966,4.7704895589362195e-18,0.007552648766987459,0.0343615139610589,0.006103515625,0.125,0,0.021456549097105967,0.03123658861843061
verified-v3-adamw-1e-6/checkpoint-2345,1e-06,adamw,verified-v3-adamw-1e-6,2345,3,ArguAna,0.21390128528407254,1.0,0.09708414240153967,0.09656549555108877,0.5013391371549524,0.09657128645244153,0.09657128645244153,0.09657128645244152,-0.21390128528407257,0.21383536143384232,-0.00045272300022067974,-6.592385023022201e-05,-0.0005186468504509018,-9.107298248878237e-18,0.0012128778549212712,0.006263259088653558,0.0005696614583333334,0.125,0,0.04146294838367302,0.0023378458385314776
verified-v3-adamw-1e-6/checkpoint-2345,1e-06,adamw,verified-v3-adamw-1e-6,2345,3,ClimateFEVER,0.0072184156463581655,0.7535465121453979,0.11668870365755357,0.11204883426254507,0.51014234357246,0.11355249483157459,0.11355249483157456,0.11355249483157459,-0.007218415646358135,0.0072739028800353,-0.0046953566286856655,5.5487233677163454e-05,-0.004639869395008502,2.42861286636753e-17,0.005482803732133132,0.023969846759688194,0.004964192708333333,0.125,0,0.02912199638662716,0.020527267502222665
verified-v3-adamw-1e-6/checkpoint-2345,1e-06,adamw,verified-v3-adamw-1e-6,2345,3,DBPedia,0.27023817725863725,1.0,0.1144312246403245,0.10787504063023308,0.5147458372397022,0.11213109588546719,0.11213109588546719,0.1121310958854672,-0.27023817725863725,0.270075753514352,-0.006393760265806191,-0.00016242374428523249,-0.006556184010091424,1.5612511283791264e-17,0.007124675080625453,0.03204891716369026,0.006266276041666667,0.1875,0,0.0229831154525642,0.02876104394999697
verified-v3-adamw-1e-6/checkpoint-2345,1e-06,adamw,verified-v3-adamw-1e-6,2345,3,FEVER,0.35548516032578814,1.0,0.12485366939256841,0.09817769336577324,0.5598031947096586,0.10996562593652014,0.10996562593652014,0.10996562593652012,-0.35548516032578814,0.35534233371348045,-0.02653314941448751,-0.00014282661230765464,-0.026675976026795164,-7.047314121155779e-18,0.02700630349759091,0.12108747022656499,0.031087239583333332,0.3125,0,0.02582938789354376,0.11896600140150083
verified-v3-adamw-1e-6/checkpoint-2345,1e-06,adamw,verified-v3-adamw-1e-6,2345,3,FiQA2018,0.20671704402048785,0.9769331095982161,0.11487379382703827,0.10414233169727732,0.5244992511489057,0.10967703892457314,0.10967703892457317,0.10967703892457314,-0.2067170440204879,0.20660770629879976,-0.010622124408072805,-0.0001093377216881495,-0.010731462129760954,-3.642919299551295e-17,0.011291813994937769,0.05155699822515639,0.011149088541666666,0.25,0,0.025454305111793814,0.048499280053666716
verified-v3-adamw-1e-6/checkpoint-2345,1e-06,adamw,verified-v3-adamw-1e-6,2345,3,HotpotQA,0.2711564153939814,1.0,0.1276811571813416,0.10021559709399491,0.560258778530395,0.11273446821703625,0.11273446821703625,0.11273446821703627,-0.2711564153939814,0.2710546717541015,-0.027363816447466768,-0.00010174363987991604,-0.027465560087346685,7.806255641895632e-18,0.0279347309542871,0.12257625626619227,0.027506510416666668,0.125,0,0.023721803892024357,0.12007111086104723
verified-v3-adamw-1e-6/checkpoint-2345,1e-06,adamw,verified-v3-adamw-1e-6,2345,3,MSMARCO,0.3569331219983546,1.0,0.10711752670355673,0.10576788407126833,0.5031698805178245,0.10580252673711443,0.10580252673711443,0.10580252673711443,-0.3569331219983546,0.35680061749916114,-0.001217138133094861,-0.00013250449919354444,-0.0013496426322884055,-7.806255641895632e-18,0.0020708291216571437,0.009727435591382625,0.0005696614583333334,0.0625,0,0.029242222444101212,0.005717339336053716
verified-v3-adamw-1e-6/checkpoint-2345,1e-06,adamw,verified-v3-adamw-1e-6,2345,3,NFCorpus,0.005916848871771805,0.6807411377788516,0.12150161133360088,0.10872535783858601,0.5277470826744445,0.11570600029125497,0.11570600029125497,0.11570600029125497,-0.0059168488717717925,0.005909350207989113,-0.012768754831232184,-7.498663782680177e-06,-0.012776253495014864,7.15573433840433e-18,0.013435352339800071,0.05835698740294741,0.011393229166666666,0.4375,0,0.04891086392095684,0.05546159460442024
verified-v3-adamw-1e-6/checkpoint-2345,1e-06,adamw,verified-v3-adamw-1e-6,2345,3,NQ,0.3657415770470106,1.0,0.12092822611874225,0.11787662238169531,0.5063893253344924,0.11976333936338165,0.11976333936338167,0.11976333936338163,-0.3657415770470106,0.3655347974512141,-0.00284482414125041,-0.0002067795957965187,-0.0030516037370469287,-4.5102810375396984e-17,0.003649743751924935,0.01528337374573133,0.0020345052083333335,0.1875,0,0.023243449097867196,0.011912757044567282
verified-v3-adamw-1e-6/checkpoint-2345,1e-06,adamw,verified-v3-adamw-1e-6,2345,3,QuoraRetrieval,0.4719409112059979,1.0,0.11338690791286893,0.09591797892441056,0.5417308196966258,0.10112474488882243,0.10112474488882245,0.10112474488882242,-0.47194091120599796,0.4718176322924716,-0.01734565007493205,-0.00012327891352629725,-0.017468928988458348,-1.9081958235744878e-17,0.017950036796107724,0.08576023745715347,0.021402994791666668,0.125,0,0.022983348757123417,0.08287264734729835
verified-v3-adamw-1e-6/checkpoint-2345,1e-06,adamw,verified-v3-adamw-1e-6,2345,3,SCIDOCS,0.09828391242053612,0.86024524972907,0.12183364808131607,0.10468441882430642,0.5378539987809334,0.11257458240413384,0.11257458240413384,0.11257458240413386,-0.0982839124205361,0.0981651721366947,-0.01703048897316826,-0.00011874028384138919,-0.01714922925700965,2.3635607360183997e-17,0.017675710612737015,0.07803223316443673,0.018636067708333332,0.1875,0,0.05374070569342869,0.07518379971105758
verified-v3-adamw-1e-6/checkpoint-2345,1e-06,adamw,verified-v3-adamw-1e-6,2345,3,SciFact,0.2642304775396933,0.9769331095982161,0.1327091366924495,0.10439419330045734,0.5597101343807344,0.11537178293128919,0.1153717829312892,0.11537178293128922,-0.2642304775396933,0.26415411443492615,-0.02823858028722497,-7.636310476718915e-05,-0.02831494339199216,1.9949319973733282e-17,0.028718339357407544,0.12112161966795944,0.026611328125,0.25,0,0.0307717050092107,0.11909820198674456
verified-v3-adamw-1e-6/checkpoint-2345,1e-06,adamw,verified-v3-adamw-1e-6,2345,3,TRECCOVID,0.0591876818481848,0.8880158835937564,0.11158354382505557,0.10269505084379069,0.520740506057083,0.10613377244859497,0.10613377244859497,0.10613377244859498,-0.05918768184818479,0.05919185285440222,-0.00889266398748231,4.1710062174222726e-06,-0.008888492981264887,4.336808689942018e-18,0.009589899265550893,0.04475435019709487,0.009765625,0.1875,0,0.0227203378959745,0.04150047745658099
verified-v3-adamw-1e-6/checkpoint-2345,1e-06,adamw,verified-v3-adamw-1e-6,2345,3,Touche2020,0.26484403655770605,1.0,0.11131128548305584,0.10618359553692712,0.5117880704182127,0.10896798351775669,0.10896798351775669,0.10896798351775669,-0.26484403655770605,0.26476946484516106,-0.005053118233583771,-7.457171254495257e-05,-0.0051276899461287235,6.938893903907228e-18,0.0057765264256065055,0.026559367275755655,0.004638671875,0.25,0,0.021693689724434938,0.023233274318394195
verified-v3-adamw-1e-6/checkpoint-3126,1e-06,adamw,verified-v3-adamw-1e-6,3126,4,ArguAna,0.2155685479560756,1.0,0.09978816024546394,0.09111582133240673,0.5227138764770071,0.09610398622731525,0.09610398622731525,0.09610398622731525,-0.2155685479560756,0.21549988208170523,-0.008603673038686834,-6.866587437038066e-05,-0.008672338913057215,4.553649124439119e-18,0.009168312424712523,0.04802577897503265,0.008544921875,0.1875,0,0.04140583782050722,0.04506806493806601
verified-v3-adamw-1e-6/checkpoint-3126,1e-06,adamw,verified-v3-adamw-1e-6,3126,4,ClimateFEVER,0.008985419592097246,0.7453634025471818,0.11909161872381904,0.10915619838004832,0.5217645462502922,0.11385605236364699,0.11385605236364699,0.11385605236364696,-0.008985419592097263,0.009035550038417207,-0.009985550790090655,5.0130446319947806e-05,-0.00993542034377071,-1.6479873021779667e-17,0.0105489632165298,0.04621714831879136,0.015218098958333334,0.1875,0,0.02984990877030796,0.04374872415777186
verified-v3-adamw-1e-6/checkpoint-3126,1e-06,adamw,verified-v3-adamw-1e-6,3126,4,DBPedia,0.2720325368725385,1.0,0.11865358181449563,0.10342664860325029,0.5342825049816514,0.11268744918910598,0.11268744918910599,0.11268744918910599,-0.2720325368725384,0.27186943677721637,-0.015063833115923238,-0.00016310009532210026,-0.015226933211245339,6.071532165918825e-18,0.015693519707802178,0.07066599164762098,0.015380859375,0.1875,0,0.022169664343611454,0.0678305902672529
verified-v3-adamw-1e-6/checkpoint-3126,1e-06,adamw,verified-v3-adamw-1e-6,3126,4,FEVER,0.3575087328006553,1.0,0.11376532424437617,0.10960691718030452,0.5093082449223527,0.111577584555216,0.11157758455521599,0.11157758455521599,-0.35750873280065537,0.3573719392353917,-0.00402161349880795,-0.00013679356526368966,-0.00415840706407164,5.637851296924623e-18,0.004844052306545087,0.0216860084120097,0.003987630208333333,0.3125,0,0.024584301920524444,0.018004088033311005
verified-v3-adamw-1e-6/checkpoint-3126,1e-06,adamw,verified-v3-adamw-1e-6,3126,4,FiQA2018,0.20674001420980964,0.9769331095982161,0.12330265011888668,0.09646649699193069,0.561055324370495,0.11015361707468414,0.11015361707468416,0.11015361707468414,-0.2067400142098097,0.20663338657655744,-0.026729525493703755,-0.00010662763325223687,-0.026836153126955992,-2.3418766925686896e-17,0.02730180876526455,0.12422948864381661,0.025065104166666668,0.25,0,0.02545863389453446,0.12162546856600184
verified-v3-adamw-1e-6/checkpoint-3126,1e-06,adamw,verified-v3-adamw-1e-6,3126,4,HotpotQA,0.2740427041513358,1.0,0.12277275078775883,0.1054483404809999,0.5379553226444731,0.11352440876486056,0.11352440876486053,0.11352440876486058,-0.27404270415133575,0.2739398015552071,-0.017221507710630274,-0.000102902596128664,-0.017324410306758936,6.591949208711867e-17,0.0179237531890403,0.07853679556694806,0.015706380208333332,0.125,0,0.023421870375062256,0.07545975534027136
verified-v3-adamw-1e-6/checkpoint-3126,1e-06,adamw,verified-v3-adamw-1e-6,3126,4,MSMARCO,0.3632370930961503,1.0,0.10744120466669443,0.1056812004518707,0.5041290924195525,0.1060026808330897,0.1060026808330897,0.10600268083308967,-0.36323709309615027,0.36310241640932217,-0.0016253275279955633,-0.0001346766868281623,-0.0017600042148237256,-2.7755575615628914e-17,0.002469654984144058,0.011587965060595715,0.0010579427083333333,0.1875,0,0.030704222085779363,0.0076262630721127345
verified-v3-adamw-1e-6/checkpoint-3126,1e-06,adamw,verified-v3-adamw-1e-6,3126,4,NFCorpus,0.006176700311100071,0.6971073569752838,0.11861486997898943,0.11206145859176159,0.5142047765105161,0.1151030251432903,0.11510302514329027,0.1151030251432903,-0.006176700311100056,0.00617097301106539,-0.006547684087193176,-5.7273000346621215e-06,-0.006553411387227837,1.5829351718288365e-17,0.007330422406264187,0.03177795680936487,0.00537109375,0.4375,0,0.0480976770751907,0.028384724725601513
verified-v3-adamw-1e-6/checkpoint-3126,1e-06,adamw,verified-v3-adamw-1e-6,3126,4,NQ,0.3697171428123308,1.0,0.12130517718947176,0.11896867072640915,0.5048621738972621,0.12028158060168925,0.12028158060168925,0.12028158060168924,-0.36971714281233076,0.3695217764458859,-0.002141140096617755,-0.00019536636644483345,-0.0023365064630625886,-1.5612511283791264e-17,0.0029697919283234626,0.01236002983297282,0.00146484375,0.125,0,0.023868362608166865,0.008911249040167539
verified-v3-adamw-1e-6/checkpoint-3126,1e-06,adamw,verified-v3-adamw-1e-6,3126,4,QuoraRetrieval,0.4740049899037901,1.0,0.10192115666913726,0.1014240121834724,0.5012224152864561,0.10131024166714528,0.1013102416671453,0.10131024166714525,-0.47400498990379014,0.47388085966612387,-0.0003730142479985779,-0.00012413023766627562,-0.0004971444856648535,-6.700369425960417e-17,0.0011562894798290886,0.005686338585536792,0.0005696614583333334,0.125,0,0.023595062282834214,0.0018343895264556257
verified-v3-adamw-1e-6/checkpoint-3126,1e-06,adamw,verified-v3-adamw-1e-6,3126,4,SCIDOCS,0.09733905784188036,0.8575062653016419,0.11339044522562067,0.11197812038763752,0.5031333669674385,0.112315720651406,0.11231572065140599,0.11231572065140602,-0.09733905784188035,0.09722553137213832,-0.0012987983682411115,-0.0001135264697420162,-0.0014123248379831273,1.8106176280507924e-17,0.0022206231963626077,0.009853296045613075,0.0016276041666666667,0.125,0,0.05379394190765088,0.005762997003184124
verified-v3-adamw-1e-6/checkpoint-3126,1e-06,adamw,verified-v3-adamw-1e-6,3126,4,SciFact,0.2644531505901022,0.9769331095982161,0.12845133545457466,0.10884909376184027,0.5413025837278562,0.11848056388276684,0.11848056388276684,0.11848056388276684,-0.2644531505901022,0.26437553319870166,-0.019524624301333816,-7.761739140059801e-05,-0.01960224169273441,6.071532165918825e-18,0.020051841831270095,0.08449981273730893,0.019775390625,0.25,0,0.02936118763374373,0.08227808253784324
verified-v3-adamw-1e-6/checkpoint-3126,1e-06,adamw,verified-v3-adamw-1e-6,3126,4,TRECCOVID,0.059991310664691225,0.8880158835937564,0.10976275322946458,0.10542312228365291,0.5100834474741052,0.10697439270216258,0.10697439270216261,0.10697439270216258,-0.05999131066469124,0.05999638088312183,-0.004344701164242248,5.070218430588969e-06,-0.00433963094581166,-1.5612511283791264e-17,0.005078382981220271,0.0235999828943731,0.00390625,0.1875,0,0.022779185608490134,0.020190456989252533
verified-v3-adamw-1e-6/checkpoint-3126,1e-06,adamw,verified-v3-adamw-1e-6,3126,4,Touche2020,0.26715927383366317,1.0,0.11700458751686608,0.10123205237380635,0.5361363132033217,0.10862934464721732,0.10862934464721731,0.10862934464721732,-0.2671592738336632,0.26708535246100906,-0.0156986137704056,-7.392137265413781e-05,-0.015772535143059735,1.691355389077387e-17,0.016282220220641967,0.07460809618769189,0.015869140625,0.25,0,0.021786250190665192,0.07193390522448458
verified-v3-adamw-1e-6/checkpoint-3907,1e-06,adamw,verified-v3-adamw-1e-6,3907,5,ArguAna,0.21558743582826567,1.0,0.09696567536987707,0.09575326341445523,0.503145544395039,0.0962178492598352,0.09621784925983519,0.0962178492598352,-0.21558743582826564,0.2155155265292216,-0.0011405026563777627,-7.190929904407617e-05,-0.001212411955421839,6.071532165918825e-18,0.001885370726590823,0.009783006997048182,0.00146484375,0.1875,0,0.0414652196365303,0.005917958367620917
verified-v3-adamw-1e-6/checkpoint-3907,1e-06,adamw,verified-v3-adamw-1e-6,3907,5,ClimateFEVER,0.008895781316358004,0.7535465121453979,0.11496939114333637,0.11361198906341341,0.502969187776133,0.11380268805637736,0.11380268805637736,0.11380268805637735,-0.008895781316358035,0.00894865163469816,-0.0014102723982630828,5.2870318340125094e-05,-0.0013574020799229577,-3.2959746043559335e-17,0.002222332244059406,0.009722280275188323,0.0016276041666666667,0.1875,0,0.02843440645459762,0.006169673124676665
verified-v3-adamw-1e-6/checkpoint-3907,1e-06,adamw,verified-v3-adamw-1e-6,3907,5,DBPedia,0.2731792470037262,1.0,0.11649105976178072,0.10627607068100602,0.5229275051944842,0.1127568789169174,0.11275687891691741,0.11275687891691738,-0.2731792470037262,0.2730154392764591,-0.010051181353507653,-0.00016380772726704018,-0.010214989080774693,-1.3877787807814457e-17,0.010744674361746075,0.04823276369538561,0.009684244791666666,0.1875,0,0.02245460206913436,0.045119678713503454
verified-v3-adamw-1e-6/checkpoint-3907,1e-06,adamw,verified-v3-adamw-1e-6,3907,5,FEVER,0.3582333237664996,1.0,0.13760470402864727,0.09085832451303533,0.6023062239304141,0.11023780963282893,0.11023780963282892,0.11023780963282895,-0.3582333237664995,0.3580970964482178,-0.046610152197330196,-0.0001362273182817543,-0.04674637951561195,2.3418766925686896e-17,0.04693276525045138,0.2054282723556236,0.053059895833333336,0.3125,0,0.02491011439516892,0.20401617055875748
verified-v3-adamw-1e-6/checkpoint-3907,1e-06,adamw,verified-v3-adamw-1e-6,3907,5,FiQA2018,0.207434529145912,0.9769331095982161,0.12149615352162388,0.09772505889205016,0.5542171406859964,0.11013922732066378,0.11013922732066378,0.11013922732066378,-0.207434529145912,0.207324342708335,-0.023660908191996698,-0.00011018643757700584,-0.023771094629573705,4.336808689942018e-18,0.024217427595172755,0.11047027488140185,0.023518880208333332,0.25,0,0.0241167348157,0.10793165465825531
verified-v3-adamw-1e-6/checkpoint-3907,1e-06,adamw,verified-v3-adamw-1e-6,3907,5,HotpotQA,0.27463423201843534,1.0,0.12690707457110215,0.10162929382504955,0.5553036283096862,0.11364192346084298,0.11364192346084298,0.11364192346084298,-0.2746342320184353,0.2745322411016599,-0.025175789829277158,-0.00010199091677543827,-0.025277780746052598,1.431146867680866e-17,0.025779533710721617,0.11280276260465735,0.026204427083333332,0.125,0,0.023110907827985402,0.11016097790456134
verified-v3-adamw-1e-6/checkpoint-3907,1e-06,adamw,verified-v3-adamw-1e-6,3907,5,MSMARCO,0.3650974536681016,1.0,0.10732705145551547,0.10591225140530999,0.5033173998208221,0.1060179132844275,0.10601791328442747,0.10601791328442751,-0.36509745366810153,0.36496094760733144,-0.0012782939894353182,-0.00013650606077016646,-0.0014148000502054846,3.8163916471489756e-17,0.00212703719066341,0.009974883439061232,0.0008138020833333334,0.1875,0,0.03106639096006904,0.005994645322347636
verified-v3-adamw-1e-6/checkpoint-3907,1e-06,adamw,verified-v3-adamw-1e-6,3907,5,NFCorpus,0.0061332235101502035,0.6959905784410585,0.12925227255438043,0.10072340804643544,0.5620258290646489,0.11490193144156183,0.11490193144156181,0.1149019314415618,-0.006133223510150213,0.006128207870999764,-0.028523848868794537,-5.015639150444517e-06,-0.028528864507944982,-1.734723475976807e-18,0.028926372794894687,0.12578013779250044,0.033203125,0.375,0,0.04715480141821093,0.1240298486965032
verified-v3-adamw-1e-6/checkpoint-3907,1e-06,adamw,verified-v3-adamw-1e-6,3907,5,NQ,0.37039686077187606,1.0,0.12155055712303628,0.11927919617548147,0.5047156983646024,0.12054844203677545,0.12054844203677545,0.12054844203677542,-0.3703968607718761,0.3702004617500634,-0.002074961925742049,-0.00019639902181274767,-0.002271360947554797,-3.8163916471489756e-17,0.0029055338931787203,0.012064679938351301,0.0013020833333333333,0.125,0,0.02362184470340277,0.008615886938064725
verified-v3-adamw-1e-6/checkpoint-3907,1e-06,adamw,verified-v3-adamw-1e-6,3907,5,QuoraRetrieval,0.47414508072637473,1.0,0.1018062776967647,0.10156989981709322,0.5005811346308133,0.10132277078619899,0.101322770786199,0.10132277078619895,-0.4741450807263747,0.4740211271198362,-0.00011242427313297443,-0.00012395360653850648,-0.0002363778796714809,-5.984795992119984e-17,0.0008975677496665769,0.004413337690966373,0.00016276041666666666,0.125,0,0.02362244715426913,0.0005527897834804861
verified-v3-adamw-1e-6/checkpoint-3907,1e-06,adamw,verified-v3-adamw-1e-6,3907,5,SCIDOCS,0.09749206266095445,0.8575062653016419,0.11548290759088548,0.11135883463053664,0.5090901985674297,0.11260196957564003,0.11260196957564003,0.11260196957564006,-0.09749206266095442,0.09737775135961922,-0.004009761659013638,-0.00011431130133519743,-0.004124072960348835,1.7780915628762273e-17,0.004869560807297684,0.02146677573364987,0.005126953125,0.125,0,0.05475019932268103,0.01767647179812116
verified-v3-adamw-1e-6/checkpoint-3907,1e-06,adamw,verified-v3-adamw-1e-6,3907,5,SciFact,0.26464375734319534,0.9769331095982161,0.13082095741335037,0.10717602014616556,0.5496748687938104,0.11877299360956035,0.11877299360956034,0.11877299360956038,-0.26464375734319523,0.2645699452071206,-0.023571125131110093,-7.381213607471349e-05,-0.023644937267184807,2.862293735361732e-17,0.024022185741770542,0.1009348353416098,0.0263671875,0.25,0,0.029374018980498073,0.0990395986235399
verified-v3-adamw-1e-6/checkpoint-3907,1e-06,adamw,verified-v3-adamw-1e-6,3907,5,TRECCOVID,0.061396498884310306,0.8880158835937564,0.1092893058254599,0.10493175935776111,0.5101706768752453,0.1072190864503554,0.1072190864503554,0.10721908645035541,-0.06139649888431029,0.06140233969473742,-0.004363387278125944,5.8408104271420735e-06,-0.004357546467698801,2.0816681711721685e-17,0.005089961089401506,0.023760320139609596,0.00390625,0.1875,0,0.023665008009708,0.02036861909165649
verified-v3-adamw-1e-6/checkpoint-3907,1e-06,adamw,verified-v3-adamw-1e-6,3907,5,Touche2020,0.26715012401345367,1.0,0.11630834078922807,0.10493275594248067,0.5257085709092787,0.11225735614324345,0.11225735614324345,0.11225735614324346,-0.2671501240134536,0.2670837265661574,-0.011309187399451148,-6.639744729625488e-05,-0.011375584846747402,2.168404344971009e-17,0.011913180515977725,0.05384705053430656,0.010009765625,0.25,0,0.021783532138020353,0.051117028285054114
verified-v3-adamw-1e-6/checkpoint-782,1e-06,adamw,verified-v3-adamw-1e-6,782,1,ArguAna,0.20426361750394717,1.0,0.11158121948767805,0.08601154257859477,0.5647029694855603,0.09589330140883262,0.09589330140883265,0.09589330140883262,-0.2042636175039472,0.20422213614574714,-0.02552819555088325,-4.148135820004374e-05,-0.025569676909083294,-2.905661822261152e-17,0.026041689651356295,0.13179475492438272,0.029703776041666668,0.1875,0,0.04361693673350815,0.12919600537959516
verified-v3-adamw-1e-6/checkpoint-782,1e-06,adamw,verified-v3-adamw-1e-6,782,1,ClimateFEVER,0.0027505650249757263,0.7766134025471818,0.11593155330853525,0.1155897071096263,0.5007382609231902,0.11541621370290267,0.11541621370290266,0.11541621370290266,-0.00275056502497572,0.0028005502568259092,-0.00039183143075913716,4.998523185019074e-05,-0.0003418461989089464,2.6020852139652106e-18,0.0012476155904215273,0.005388773316835566,0.00048828125,0.125,0,0.032098225132775604,0.0016924209467909417
verified-v3-adamw-1e-6/checkpoint-782,1e-06,adamw,verified-v3-adamw-1e-6,782,1,DBPedia,0.2618929208085773,0.9769331095982161,0.11024240669715639,0.1062501163579622,0.509220388498539,0.10815852308442425,0.10815852308442422,0.10815852308442427,-0.2618929208085773,0.2617336304910991,-0.003833000021715969,-0.00015929031747823237,-0.003992290339194201,2.5153490401663703e-17,0.004640232190438515,0.021433683366779005,0.0030924479166666665,0.25,0,0.02513875039554644,0.017704999542825294
verified-v3-adamw-1e-6/checkpoint-782,1e-06,adamw,verified-v3-adamw-1e-6,782,1,FEVER,0.34538264107204875,1.0,0.1154555625925023,0.10011726371214227,0.5355756779351312,0.10786172828259843,0.10786172828259843,0.10786172828259845,-0.34538264107204875,0.3452197525320736,-0.015175410340384925,-0.0001628885399750958,-0.015338298880360021,6.5052130349130266e-18,0.015810322223924547,0.07334097944970863,0.013509114583333334,0.125,0,0.025824430431612817,0.07039574792668554
verified-v3-adamw-1e-6/checkpoint-782,1e-06,adamw,verified-v3-adamw-1e-6,782,1,FiQA2018,0.20118362796393902,0.9769331095982161,0.12293754537297386,0.09900128194832546,0.5539253624828703,0.1113274024713953,0.11132740247139529,0.11132740247139533,-0.20118362796393896,0.20108730125002133,-0.023839936710730758,-9.632671391762195e-05,-0.023936263424648385,3.209238430557093e-17,0.024399002346862757,0.10993570904806346,0.024983723958333332,0.375,0,0.027154305345544992,0.10741670125262871
verified-v3-adamw-1e-6/checkpoint-782,1e-06,adamw,verified-v3-adamw-1e-6,782,1,HotpotQA,0.25843412738743055,1.0,0.12214807697237068,0.09868722118648615,0.553118446148514,0.10942937342418259,0.10942937342418257,0.10942937342418257,-0.25843412738743055,0.25834277181666665,-0.023369500215120603,-9.135557076391312e-05,-0.02346085578588452,-3.469446951953614e-18,0.023918203764487236,0.10830788358517662,0.020589192708333332,0.1875,0,0.022711557348815976,0.10582321037423041
verified-v3-adamw-1e-6/checkpoint-782,1e-06,adamw,verified-v3-adamw-1e-6,782,1,MSMARCO,0.32879124951975375,1.0,0.11242373191803987,0.10156206415820376,0.5253794129306742,0.1072337394473881,0.10723373944738812,0.10723373944738808,-0.32879124951975375,0.32865961306950364,-0.010730031309585965,-0.00013163645025014367,-0.01086166775983611,-3.9898639947466563e-17,0.011453504260740837,0.05352460056115092,0.0087890625,0.1875,0,0.028464191707837837,0.050143661431447675
verified-v3-adamw-1e-6/checkpoint-782,1e-06,adamw,verified-v3-adamw-1e-6,782,1,NFCorpus,0.0049256288184614545,0.6832875321739948,0.11669828406057427,0.11497550222251532,0.5037181199170152,0.11565754125823692,0.11565754125823693,0.1156575412582369,-0.004925628818461468,0.004944684400385226,-0.0017418374199827144,1.905558192375487e-05,-0.0017227818380589595,-1.2793585635328952e-17,0.0026444905264629464,0.0114147162218498,0.0015462239583333333,0.0625,0,0.04712631829338907,0.007518491616717948
verified-v3-adamw-1e-6/checkpoint-782,1e-06,adamw,verified-v3-adamw-1e-6,782,1,NQ,0.3474356219586141,1.0,0.12104242864249215,0.11962097392697456,0.5029532008197785,0.12024455781602428,0.12024455781602428,0.12024455781602428,-0.3474356219586141,0.3472096270881049,-0.0011954598450083752,-0.00022599487050922046,-0.0014214547155175956,-5.204170427930421e-18,0.0021094323480537113,0.008765073233122062,0.0009765625,0.125,0,0.022931181284987476,0.004967352045408357
verified-v3-adamw-1e-6/checkpoint-782,1e-06,adamw,verified-v3-adamw-1e-6,782,1,QuoraRetrieval,0.45914615889283705,1.0,0.10501791388021692,0.10481528031573255,0.5004828443975722,0.10452166776089758,0.10452166776089757,0.10452166776089757,-0.459146158892837,0.4590301075556105,-8.658222725789477e-05,-0.0001160513372264714,-0.00020263356448436617,-3.686287386450715e-18,0.0008859766595041652,0.00422229029538963,8.138020833333333e-05,0.0625,0,0.022835542999616824,0.00041262407308655514
verified-v3-adamw-1e-6/checkpoint-782,1e-06,adamw,verified-v3-adamw-1e-6,782,1,SCIDOCS,0.10116057200068457,0.8673169492769113,0.11150362218110793,0.10941913520926377,0.5047176827694597,0.10971014920622923,0.10971014920622925,0.10971014920622925,-0.10116057200068457,0.10105086194044206,-0.001974776911601651,-0.00010971006024251048,-0.0020844869718441615,-6.505213034913027e-19,0.0028817596083869222,0.013044195366866788,0.001953125,0.3125,0,0.05469655228522434,0.008938766358561286
verified-v3-adamw-1e-6/checkpoint-782,1e-06,adamw,verified-v3-adamw-1e-6,782,1,SciFact,0.2590962842355946,0.9769331095982161,0.12811631372835328,0.11242875414789906,0.5326083584231389,0.12001069406840811,0.12001069406840814,0.12001069406840811,-0.25909628423559466,0.2590190057892453,-0.015610281134104884,-7.727844634932389e-05,-0.01568755958045421,-1.214306433183765e-17,0.016316244557844688,0.06783030183033531,0.014078776041666666,0.25,0,0.030801946985602385,0.0648954529474516
verified-v3-adamw-1e-6/checkpoint-782,1e-06,adamw,verified-v3-adamw-1e-6,782,1,TRECCOVID,0.05167310772873804,0.8660657717261977,0.10924391131739372,0.10850552769400246,0.5016954891519896,0.10874576754688554,0.10874576754688553,0.10874576754688553,-0.051673107728738045,0.05168509870801548,-0.0007503746026687168,1.199097927744204e-05,-0.0007383836233912748,3.469446951953614e-18,0.0015344375831323471,0.007046803840684249,0.0008138020833333334,0.1875,0,0.020964540695140026,0.0034460460889152744
verified-v3-adamw-1e-6/checkpoint-782,1e-06,adamw,verified-v3-adamw-1e-6,782,1,Touche2020,0.25684330772704134,1.0,0.11368964914464177,0.10663284740617554,0.5160147099114742,0.11159589060503236,0.11159589060503235,0.11159589060503236,-0.2568433077270413,0.25676889400475383,-0.0069823880161788004,-7.441372228743793e-05,-0.007056801738466239,1.474514954580286e-17,0.00771813617160157,0.035031085306449335,0.005615234375,0.125,0,0.021460561329968063,0.03169167073489618
verified-v3-adamw-3e-5/checkpoint-1563,3e-05,adamw,verified-v3-adamw-3e-5,1563,2,ArguAna,0.2500680288565422,1.0,0.10082648384559459,0.09621114416316062,0.5117118230895189,0.09886201718952195,0.09886201718952195,0.09886201718952194,-0.2500680288565422,0.25002867766600123,-0.004575988491893,-3.935119054096839e-05,-0.004615339682433968,-1.734723475976807e-18,0.005156488212757002,0.026170068452751966,0.0037434895833333335,0.25,0,0.03461692132623935,0.02322393208920313
verified-v3-adamw-3e-5/checkpoint-1563,3e-05,adamw,verified-v3-adamw-3e-5,1563,2,ClimateFEVER,0.012121429878433149,0.7514385708552056,0.10946505503090725,0.10603788376858915,0.5079515650260036,0.10773513273319728,0.10773513273319728,0.10773513273319729,-0.012121429878433142,0.01216167851451253,-0.0034674198983974964,4.024863607939022e-05,-0.003427171262318106,6.938893903907228e-18,0.004184703286978165,0.019418311927855456,0.0027669270833333335,0.1875,0,0.022245208044483895,0.016089896117953077
verified-v3-adamw-3e-5/checkpoint-1563,3e-05,adamw,verified-v3-adamw-3e-5,1563,2,DBPedia,0.3057457680200116,1.0,0.12861391085729298,0.10963945885335633,0.5398199027089952,0.11911365757640283,0.11911365757640283,0.1191136575764028,-0.30574576802001163,0.30557507356048597,-0.01880375754441093,-0.0001706944595257151,-0.018974452003936645,-3.8163916471489756e-17,0.019427374633752534,0.0815408179004831,0.019694010416666668,0.1875,0,0.022987849221530028,0.07892336451420376
verified-v3-adamw-3e-5/checkpoint-1563,3e-05,adamw,verified-v3-adamw-3e-5,1563,2,FEVER,0.40529577082638835,1.0,0.11223623245373571,0.10869249406508114,0.5080200941826204,0.11065854463350433,0.1106585446335043,0.11065854463350436,-0.4052957708263883,0.40518300756278025,-0.003430975125046528,-0.00011276326360802613,-0.003543738388654554,5.898059818321144e-17,0.0042272396414988365,0.019133951967712066,0.0027669270833333335,0.1875,0,0.021079332378243814,0.015529782745361122
verified-v3-adamw-3e-5/checkpoint-1563,3e-05,adamw,verified-v3-adamw-3e-5,1563,2,FiQA2018,0.22588777355104642,1.0,0.11630716897364658,0.10596360750783354,0.5232679293912371,0.1103036340354491,0.1103036340354491,0.11030363403544909,-0.22588777355104644,0.2257615587721662,-0.010217346686932822,-0.00012621477888022543,-0.010343561465813047,-1.734723475976807e-18,0.010940064494164528,0.049219536042229416,0.01513671875,0.0625,0,0.020893612012119193,0.045968016347772755
verified-v3-adamw-3e-5/checkpoint-1563,3e-05,adamw,verified-v3-adamw-3e-5,1563,2,HotpotQA,0.3027977894578527,1.0,0.13348793080389448,0.10517952938148079,0.5593051130649027,0.11856657546993614,0.11856657546993613,0.11856657546993613,-0.3027977894578527,0.3027257838583582,-0.02823639582291918,-7.200559949449396e-05,-0.028308401422413677,5.204170427930421e-18,0.028765882990586057,0.12052704196979062,0.027750651041666668,0.1875,0,0.018946551756402037,0.11830852769366929
verified-v3-adamw-3e-5/checkpoint-1563,3e-05,adamw,verified-v3-adamw-3e-5,1563,2,MSMARCO,0.44344560520232723,1.0,0.1365302340918103,0.08142587448771603,0.6264115971862935,0.10873772097027479,0.10873772097027476,0.10873772097027484,-0.4434456052023271,0.44326886487083395,-0.05492761927260109,-0.0001767403314931991,-0.055104359604094294,5.811323644522304e-17,0.055324810228713085,0.2538346394110195,0.048828125,0.375,0,0.0331828471637025,0.2520122956432739
verified-v3-adamw-3e-5/checkpoint-1563,3e-05,adamw,verified-v3-adamw-3e-5,1563,2,NFCorpus,-0.0015656689579973439,0.6796243592446263,0.12467288596573628,0.1021515072087101,0.549644966402942,0.11577675413507732,0.11577675413507732,0.11577675413507732,0.0015656689579973272,-0.0015879069543642836,-0.02249914076065923,-2.2237996366955993e-05,-0.022521378757026186,-9.324138683375338e-18,0.023009404396038838,0.10144148992980107,0.021077473958333332,0.375,0,0.027840972432375054,0.09919189222014392
verified-v3-adamw-3e-5/checkpoint-1563,3e-05,adamw,verified-v3-adamw-3e-5,1563,2,NQ,0.4304890632654577,1.0,0.11708079196692073,0.11622189299302868,0.5018407395826574,0.11601284508262728,0.1160128450826273,0.11601284508262727,-0.4304890632654577,0.43036592276762986,-0.0007357584760641772,-0.00012314049782788036,-0.0008588989738920576,-2.949029909160572e-17,0.001591921123609103,0.0068234153579603465,0.0004069010416666667,0.125,0,0.020856788441106812,0.003153664846122467
verified-v3-adamw-3e-5/checkpoint-1563,3e-05,adamw,verified-v3-adamw-3e-5,1563,2,QuoraRetrieval,0.4761769645295212,1.0,0.10185340849705873,0.1003540103738268,0.5037075744589503,0.10056695517242215,0.10056695517242215,0.10056695517242215,-0.4761769645295212,0.47606088757738874,-0.0013833211710994817,-0.00011607695213245242,-0.001499398123231934,-6.071532165918825e-18,0.0021785365387875146,0.010773771560669415,0.0008951822916666666,0.0625,0,0.027646623490779152,0.006841099989426039
verified-v3-adamw-3e-5/checkpoint-1563,3e-05,adamw,verified-v3-adamw-3e-5,1563,2,SCIDOCS,0.10479981513424427,0.86024524972907,0.12460586892037612,0.10990477260035014,0.5313441987636341,0.11835841544609924,0.11835841544609924,0.11835841544609924,-0.1047998151342443,0.10473396481893696,-0.014635246004718645,-6.585031530733894e-05,-0.014701096320025983,-9.75781955236954e-18,0.015251410808007296,0.0650350479155521,0.016357421875,0.3125,0,0.05397517121150954,0.06240759869067677
verified-v3-adamw-3e-5/checkpoint-1563,3e-05,adamw,verified-v3-adamw-3e-5,1563,2,SciFact,0.26991166805325756,1.0,0.11943439621291413,0.11692964067075551,0.505298512360811,0.11752392898319776,0.11752392898319777,0.11752392898319777,-0.2699116680532575,0.2698464358741724,-0.0024395233630734696,-6.523217908515136e-05,-0.002504755542158621,8.239936510889834e-18,0.0033211624955820965,0.0140510482870821,0.0023600260416666665,0.0625,0,0.03046901507033111,0.010321042893145883
verified-v3-adamw-3e-5/checkpoint-1563,3e-05,adamw,verified-v3-adamw-3e-5,1563,2,TRECCOVID,0.0822507993587954,0.9341496643973242,0.11154420018826311,0.10330495372251003,0.5191744913018713,0.10595819475198529,0.10595819475198529,0.1059581947519853,-0.08225079935879537,0.08225808804369769,-0.008246535150655415,7.2886849023234834e-06,-0.008239246465753091,1.9081958235744878e-17,0.008869557167299438,0.041282718623052925,0.00927734375,0.125,0,0.022972988771447957,0.03838290726562601
verified-v3-adamw-3e-5/checkpoint-1563,3e-05,adamw,verified-v3-adamw-3e-5,1563,2,Touche2020,0.3101881284722494,1.0,0.11542536120857325,0.10969815702848996,0.5127201374270731,0.112596096721375,0.11259609672137502,0.11259609672137498,-0.3101881284722494,0.31010071929400673,-0.005639795001840555,-8.740917824273664e-05,-0.005727204180083292,-2.688821387764051e-17,0.006379356618697624,0.028337139845069095,0.005208333333333333,0.25,0,0.025631318306794586,0.02505200276721709
verified-v3-adamw-3e-5/checkpoint-2345,3e-05,adamw,verified-v3-adamw-3e-5,2345,3,ArguAna,0.2520832249483152,1.0,0.09883097640190314,0.09641609544196428,0.506184166904869,0.09776257649779183,0.09776257649779183,0.09776257649779185,-0.2520832249483152,0.25203893717454195,-0.00237059318616566,-4.428777377321093e-05,-0.002414880959938871,1.5612511283791264e-17,0.0029955060987103986,0.01534213071889654,0.0018717447916666667,0.125,0,0.03309229388955163,0.012141504421952838
verified-v3-adamw-3e-5/checkpoint-2345,3e-05,adamw,verified-v3-adamw-3e-5,2345,3,ClimateFEVER,0.009523081458939106,0.7500089549942875,0.10765719976594476,0.10387092404626995,0.5089498163446012,0.10608268174544248,0.10608268174544247,0.1060826817454425,-0.009523081458939079,0.00954872230503575,-0.0038119165657714924,2.564084609667054e-05,-0.003786275719674822,3.122502256758253e-17,0.004475600025381978,0.021158415934115774,0.004069010416666667,0.0625,0,0.022582377055057036,0.018020849885453258
verified-v3-adamw-3e-5/checkpoint-2345,3e-05,adamw,verified-v3-adamw-3e-5,2345,3,DBPedia,0.3025578932436527,1.0,0.11788491430176154,0.1170393029647031,0.5017997534415519,0.11699428295419566,0.11699428295419564,0.11699428295419569,-0.3025578932436527,0.30239335498068715,-0.000681073074092934,-0.00016453826296550234,-0.0008456113370584363,3.5453411040275995e-17,0.0015847452569871807,0.006745772212958661,0.0006510416666666666,0.125,0,0.022744953795102413,0.0028991182008299356
verified-v3-adamw-3e-5/checkpoint-2345,3e-05,adamw,verified-v3-adamw-3e-5,2345,3,FEVER,0.4196073794312629,1.0,0.11294463376346613,0.11003599842701017,0.5065221703514844,0.11077572172649469,0.11077572172649469,0.11077572172649472,-0.4196073794312629,0.4194792093230226,-0.002780465228215588,-0.0001281701082403719,-0.00290863533645596,-1.734723475976807e-18,0.0035212239739792405,0.015791613555796686,0.0017903645833333333,0.25,0,0.022379516247903276,0.012469536931980876
verified-v3-adamw-3e-5/checkpoint-2345,3e-05,adamw,verified-v3-adamw-3e-5,2345,3,FiQA2018,0.2289218610963501,0.9769331095982161,0.10936356172951689,0.10876493250886385,0.5013721939968073,0.10861753014452241,0.10861753014452241,0.10861753014452241,-0.2289218610963501,0.22878871966493036,-0.00046548778923334935,-0.00013314143141971053,-0.0005986292206530599,1.214306433183765e-17,0.0013396997523957453,0.006141791594323576,0.00016276041666666666,0.0625,0,0.020424702562729664,0.0021340072550294284
verified-v3-adamw-3e-5/checkpoint-2345,3e-05,adamw,verified-v3-adamw-3e-5,2345,3,HotpotQA,0.3001257830589614,1.0,0.12400364684283635,0.12094042009649772,0.5062529106840896,0.12202322881044492,0.12202322881044493,0.12202322881044492,-0.3001257830589614,0.3000377815232005,-0.0029752252105776575,-8.800153576096412e-05,-0.0030632267463386216,-2.417770844642675e-17,0.0039025253739164733,0.015932312313908882,0.0025227864583333335,0.125,0,0.018874217227445755,0.012146549405152725
verified-v3-adamw-3e-5/checkpoint-2345,3e-05,adamw,verified-v3-adamw-3e-5,2345,3,MSMARCO,0.44838582344403494,1.0,0.12748862824655216,0.09126333141670015,0.582799936708264,0.11014191762743347,0.1101419176274335,0.11014191762743347,-0.448385823444035,0.4481991470596831,-0.036038620445500186,-0.00018667638435181794,-0.036225296829852,-1.214306433183765e-17,0.03654095830267895,0.16704288436515155,0.035563151041666664,0.25,0,0.03267178579496953,0.16474650330437357
verified-v3-adamw-3e-5/checkpoint-2345,3e-05,adamw,verified-v3-adamw-3e-5,2345,3,NFCorpus,0.0017803296232705287,0.7432411377788516,0.11688866279697067,0.10633685634810387,0.5236348570030857,0.11157062745014078,0.11157062745014076,0.11157062745014079,-0.0017803296232705144,0.001742538586862651,-0.010514015412458937,-3.7791036407866865e-05,-0.010551806448866802,8.023096076392733e-18,0.011209025974796717,0.0502139093134417,0.008707682291666666,0.3125,0,0.02548747273375187,0.0471004186829816
verified-v3-adamw-3e-5/checkpoint-2345,3e-05,adamw,verified-v3-adamw-3e-5,2345,3,NQ,0.4307759942958309,1.0,0.11558041869567559,0.11378611406684971,0.5039114351322641,0.11419650326785183,0.1141965032678518,0.11419650326785186,-0.4307759942958309,0.4306233435927804,-0.0016416539257754423,-0.00015265070305043801,-0.0017943046288258803,4.5102810375396984e-17,0.0025082781185992433,0.010935676135437727,0.001220703125,0.1875,0,0.020850354092787217,0.007157338544569312
verified-v3-adamw-3e-5/checkpoint-2345,3e-05,adamw,verified-v3-adamw-3e-5,2345,3,QuoraRetrieval,0.4877901611785303,1.0,0.1022876170923771,0.09807517556949344,0.5105120353607582,0.09956957146144026,0.09956957146144027,0.09956957146144023,-0.4877901611785303,0.48766276039866063,-0.00408504074301403,-0.00012740077986963042,-0.004212441522883661,-4.8138576458356397e-17,0.004836593386035936,0.024139179344530817,0.00439453125,0.0625,0,0.024897788119930868,0.020388220231626977
verified-v3-adamw-3e-5/checkpoint-2345,3e-05,adamw,verified-v3-adamw-3e-5,2345,3,SCIDOCS,0.10663313298221501,0.86024524972907,0.12462943468754129,0.11330462539280772,0.5237982096613433,0.11907097727314259,0.11907097727314261,0.11907097727314257,-0.10663313298221505,0.10658839860681223,-0.011280074919330736,-4.473437540282151e-05,-0.011324809294733559,-3.0357660829594124e-17,0.012007743484245619,0.05046668593891379,0.009765625,0.1875,0,0.05738682331508595,0.04740840767194708
verified-v3-adamw-3e-5/checkpoint-2345,3e-05,adamw,verified-v3-adamw-3e-5,2345,3,SciFact,0.2727007194316292,1.0,0.119572169459121,0.11887704077591517,0.5014576032407921,0.1190260641803544,0.11902606418035441,0.11902606418035441,-0.2727007194316292,0.2726202283588143,-0.0006146376103907912,-8.049107281502682e-05,-0.000695128683205818,-3.469446951953614e-18,0.0015334149587721165,0.006430782292214975,0.0008138020833333334,0.0625,0,0.026868111326523118,0.0025776458214516675
verified-v3-adamw-3e-5/checkpoint-2345,3e-05,adamw,verified-v3-adamw-3e-5,2345,3,TRECCOVID,0.08283344150301786,0.9110827739955403,0.11344804673913522,0.10880668754651118,0.5104415305427394,0.10974094803987093,0.1097409480398709,0.10974094803987094,-0.08283344150301783,0.08283246249808521,-0.004640380187691424,-9.790049326219297e-07,-0.004641359192624046,4.85722573273506e-17,0.005385063027900654,0.024229238784086633,0.004557291666666667,0.125,0,0.023243509142480905,0.020878656207734637
verified-v3-adamw-3e-5/checkpoint-2345,3e-05,adamw,verified-v3-adamw-3e-5,2345,3,Touche2020,0.3185412176703818,1.0,0.1147243379265985,0.1076283949682913,0.5159565004349679,0.11082548261276501,0.11082548261276501,0.11082548261276504,-0.31854121767038174,0.31845521939322935,-0.007009944681154828,-8.599827715235174e-05,-0.007095942958307179,3.0791341698588326e-17,0.007772875656792284,0.03495741003762101,0.006022135416666667,0.125,0,0.027522907222277477,0.031526235769130655
verified-v3-adamw-3e-5/checkpoint-3126,3e-05,adamw,verified-v3-adamw-3e-5,3126,4,ArguAna,0.24804359042328894,1.0,0.10137842392962416,0.10042622150307969,0.5023592183036787,0.10099252616366527,0.1009925261636653,0.10099252616366527,-0.24804359042328897,0.24800223756618817,-0.0009108495694436503,-4.1352857100829254e-05,-0.0009522024265444795,-4.163336342344337e-17,0.0016821394235343506,0.00833548415066241,0.000244140625,0.125,0,0.03194832087067723,0.0045135213190490835
verified-v3-adamw-3e-5/checkpoint-3126,3e-05,adamw,verified-v3-adamw-3e-5,3126,4,ClimateFEVER,0.010660835556518412,0.7500089549942875,0.10640568947021295,0.1063858394370256,0.5000466419722845,0.1059915015197693,0.1059915015197693,0.1059915015197693,-0.010660835556518396,0.010700733555193407,-5.974803186235486e-05,3.989799867501302e-05,-1.985003318734184e-05,1.1275702593849246e-17,0.0008818073267599707,0.004143996385985712,8.138020833333333e-05,0.0625,0,0.02238092289101324,0.0002807820037253485
verified-v3-adamw-3e-5/checkpoint-3126,3e-05,adamw,verified-v3-adamw-3e-5,3126,4,DBPedia,0.30116874801037563,1.0,0.1212514965592292,0.12047822164012283,0.5015994618387564,0.12074332521189277,0.12074332521189277,0.1207433252118928,-0.30116874801037563,0.30100306331040844,-0.0006075902191391772,-0.00016568469996719633,-0.0007732749191063735,3.122502256758253e-17,0.0015462157477196777,0.006396465272195161,0.000244140625,0.0625,0,0.024787786756963418,0.0025135106418239556
verified-v3-adamw-3e-5/checkpoint-3126,3e-05,adamw,verified-v3-adamw-3e-5,3126,4,FEVER,0.4317178130401013,1.0,0.12178082210471022,0.09986714985786133,0.5494335049691981,0.10892159860810535,0.10892159860810537,0.10892159860810535,-0.4317178130401014,0.4315788012384576,-0.021774660445205173,-0.00013901180164371807,-0.02191367224684889,-1.474514954580286e-17,0.022374258124714497,0.10094501621919967,0.021240234375,0.1875,0,0.02251917245718297,0.09823983613476121
verified-v3-adamw-3e-5/checkpoint-3126,3e-05,adamw,verified-v3-adamw-3e-5,3126,4,FiQA2018,0.23125554809437268,0.9769331095982161,0.11333656601323336,0.10476219472606929,0.5196570839240421,0.10886505291098385,0.10886505291098382,0.10886505291098386,-0.23125554809437265,0.23111688027952554,-0.008435703472316959,-0.00013866781484711023,-0.00857437128716407,3.209238430557093e-17,0.009207656333025303,0.042217829674105214,0.008138020833333334,0.125,0,0.02142684587133119,0.03867836499263885
verified-v3-adamw-3e-5/checkpoint-3126,3e-05,adamw,verified-v3-adamw-3e-5,3126,4,HotpotQA,0.3023442730788289,1.0,0.12329498973429198,0.12140242798345274,0.5038671469615227,0.1218418965372905,0.12184189653729045,0.12184189653729051,-0.30234427307882883,0.30226006583305653,-0.0018083545050669222,-8.420724577229421e-05,-0.0018925617508392164,5.204170427930421e-17,0.0027573793851497865,0.011268526700720592,0.0015462239583333333,0.125,0,0.01842490580412751,0.007390165870703366
verified-v3-adamw-3e-5/checkpoint-3126,3e-05,adamw,verified-v3-adamw-3e-5,3126,4,MSMARCO,0.45469419056232324,1.0,0.1281200436162043,0.08837142547032834,0.5918018116685889,0.10790832644872567,0.10790832644872565,0.10790832644872567,-0.4546941905623232,0.45452841936660404,-0.03958284695015676,-0.00016577119571922067,-0.03974861814587598,2.3852447794681098e-17,0.04005752163427485,0.18503048551194262,0.036539713541666664,0.3125,0,0.031671812156175726,0.1828379063487962
verified-v3-adamw-3e-5/checkpoint-3126,3e-05,adamw,verified-v3-adamw-3e-5,3126,4,NFCorpus,0.0037660462527741283,0.7201742473770677,0.12587314811609013,0.10185589216573486,0.5527320888030636,0.11581098310552676,0.11581098310552676,0.11581098310552673,-0.003766046252774131,0.0037249671297157104,-0.023976176827296847,-4.107912305842268e-05,-0.024017255950355268,-3.469446951953614e-18,0.02448990296839902,0.10753965738445856,0.021891276041666668,0.1875,0,0.02413275411082396,0.10528379163950827
verified-v3-adamw-3e-5/checkpoint-3126,3e-05,adamw,verified-v3-adamw-3e-5,3126,4,NQ,0.4379932900295659,1.0,0.1141083353965612,0.11253885229307789,0.5034623926276829,0.11351305320897848,0.11351305320897845,0.11351305320897848,-0.4379932900295659,0.4378619194114255,-0.0014381124853428857,-0.0001313706181404143,-0.0015694831034833,1.9081958235744878e-17,0.0022877494672160856,0.010093879789714539,0.0008951822916666666,0.0625,0,0.021124671643853236,0.006345159187733558
verified-v3-adamw-3e-5/checkpoint-3126,3e-05,adamw,verified-v3-adamw-3e-5,3126,4,QuoraRetrieval,0.49151085338365896,1.0,0.10888377502236488,0.09483899384285824,0.5344703276362748,0.09963017243735753,0.09963017243735753,0.09963017243735753,-0.49151085338365896,0.4913723270427109,-0.013906254838558535,-0.00013852634094810995,-0.014044781179506645,-7.15573433840433e-18,0.014559371202979187,0.07146658807004155,0.01318359375,0.125,0,0.02555797950761999,0.0682606805121449
verified-v3-adamw-3e-5/checkpoint-3126,3e-05,adamw,verified-v3-adamw-3e-5,3126,4,SCIDOCS,0.1070805795259609,0.86024524972907,0.11456105337491285,0.11415965268779096,0.5008774909233881,0.11408150872732654,0.11408150872732653,0.11408150872732654,-0.10708057952596085,0.10702882641123236,-0.00034964757239338597,-5.175311472848309e-05,-0.00040140068712186906,3.5128150388530344e-17,0.001266505144694137,0.00553734362968836,0.0003255208333333333,0.0625,0,0.05145514859808906,0.0015287097456647847
verified-v3-adamw-3e-5/checkpoint-3126,3e-05,adamw,verified-v3-adamw-3e-5,3126,4,SciFact,0.27222363025679697,1.0,0.12068207473121342,0.11590855090934876,0.5100881508067796,0.11829222689703851,0.11829222689703849,0.11829222689703853,-0.2722236302567969,0.27213027236853815,-0.0046801659336058975,-9.335788825876913e-05,-0.004773523821864667,4.423544863740858e-17,0.005472356068536544,0.023130062967289172,0.005533854166666667,0.1875,0,0.0271312889417504,0.019781704879195804
verified-v3-adamw-3e-5/checkpoint-3126,3e-05,adamw,verified-v3-adamw-3e-5,3126,4,TRECCOVID,0.08331830880071692,0.9110827739955403,0.11301822262189473,0.10480206251634203,0.5188599516806675,0.10862607967072747,0.10862607967072747,0.10862607967072747,-0.08331830880071692,0.0833327388912784,-0.008230590196114215,1.4430090561495107e-05,-0.00821616010555272,-6.938893903907228e-18,0.008798627470349523,0.040393976459839775,0.008626302083333334,0.1875,0,0.02316102302698678,0.037786151050581814
verified-v3-adamw-3e-5/checkpoint-3126,3e-05,adamw,verified-v3-adamw-3e-5,3126,4,Touche2020,0.3172032621691403,1.0,0.11671820999182723,0.10530196849632652,0.5257099187408091,0.11110709537309614,0.11110709537309617,0.11110709537309613,-0.3172032621691403,0.31711686319799726,-0.011329842524357658,-8.639897114306669e-05,-0.011416241495500724,-5.941427905220564e-17,0.011976173529797815,0.053941824618598005,0.0126953125,0.1875,0,0.026561853645167187,0.05103068829828087
verified-v3-adamw-3e-5/checkpoint-3907,3e-05,adamw,verified-v3-adamw-3e-5,3907,5,ArguAna,0.2499755012169466,1.0,0.10072657748757288,0.10033239946448788,0.5009802547219242,0.10034717587644704,0.10034717587644701,0.10034717587644705,-0.24997550121694656,0.249936027602209,-0.00035470440834747125,-3.947361473753165e-05,-0.0003941780230850029,1.9949319973733282e-17,0.001124689199678377,0.005593827327324663,0.000244140625,0.125,0,0.033113126666542626,0.0017641809071377336
verified-v3-adamw-3e-5/checkpoint-3907,3e-05,adamw,verified-v3-adamw-3e-5,3907,5,ClimateFEVER,0.008762893147474339,0.7255124487315856,0.10638997092474939,0.10592813104337287,0.5010876130605337,0.10576693033660715,0.10576693033660717,0.10576693033660714,-0.008762893147474362,0.008802463703786944,-0.0005014104376890993,3.9570556312581995e-05,-0.00046183988137651726,-2.688821387764051e-17,0.0012963530368880149,0.006105711311806335,0.0003255208333333333,0.0625,0,0.0222548898647978,0.0023616000380616707
verified-v3-adamw-3e-5/checkpoint-3907,3e-05,adamw,verified-v3-adamw-3e-5,3907,5,DBPedia,0.3054089231282671,1.0,0.1189030023493125,0.1178494228868085,0.5022250658286884,0.11786222399685317,0.11786222399685317,0.11786222399685317,-0.30540892312826706,0.30524768969245714,-0.0008923460266940658,-0.00016123343580993696,-0.0010535794625040028,1.496198998029996e-17,0.001800568254858556,0.0076052790296141206,0.0005696614583333334,0.0625,0,0.024528586647722086,0.0037691103937123336
verified-v3-adamw-3e-5/checkpoint-3907,3e-05,adamw,verified-v3-adamw-3e-5,3907,5,FEVER,0.43071601124174996,1.0,0.11596668758428019,0.10420710351680165,0.5267052313735192,0.11012927246641943,0.1101292724664194,0.11012927246641946,-0.4307160112417499,0.4305956633710297,-0.011639236196758326,-0.00012034787072020409,-0.01175958406747853,4.336808689942018e-17,0.012220740157088211,0.055504972212962744,0.011555989583333334,0.1875,0,0.025495933359916602,0.05286385876607243
verified-v3-adamw-3e-5/checkpoint-3907,3e-05,adamw,verified-v3-adamw-3e-5,3907,5,FiQA2018,0.2325358330991995,0.9769331095982161,0.11263882511790296,0.10785534475881772,0.510847181042836,0.10929583753560765,0.10929583753560766,0.10929583753560765,-0.2325358330991995,0.23239886829283196,-0.004646515552717671,-0.00013696480636757324,-0.004783480359085244,-1.5612511283791264e-17,0.005442601123079894,0.024683650937904065,0.004231770833333333,0.0625,0,0.020843426715750252,0.021073190077159677
verified-v3-adamw-3e-5/checkpoint-3907,3e-05,adamw,verified-v3-adamw-3e-5,3907,5,HotpotQA,0.304507912021828,1.0,0.12637380695934103,0.1178611355922824,0.5174272183949669,0.12140864055868278,0.12140864055868278,0.12140864055868278,-0.304507912021828,0.3044197287319149,-0.008424488077145569,-8.818328991307654e-05,-0.008512671367058645,8.673617379884035e-18,0.009242958665554961,0.037844538414487094,0.007486979166666667,0.125,0,0.018718296938614522,0.034493377520560566
verified-v3-adamw-3e-5/checkpoint-3907,3e-05,adamw,verified-v3-adamw-3e-5,3907,5,MSMARCO,0.4545424933942095,1.0,0.1183079145232885,0.09787082029709893,0.5472689745436103,0.10788872542634326,0.10788872542634328,0.10788872542634326,-0.4545424933942095,0.45437950032974606,-0.020274101161726114,-0.0001629930644634521,-0.020437094226189566,-4.109126233720062e-17,0.02091101658554311,0.09673022003259052,0.018310546875,0.25,0,0.03196821237043005,0.09378397546165167
verified-v3-adamw-3e-5/checkpoint-3907,3e-05,adamw,verified-v3-adamw-3e-5,3907,5,NFCorpus,0.002676857414065219,0.7201742473770677,0.12215449522274968,0.10608367217351938,0.5352062567636376,0.11539484683959934,0.11539484683959933,0.11539484683959933,-0.0026768574140652213,0.0026355789619727137,-0.01602954459713778,-4.127845209250932e-05,-0.016070823049230288,-7.37257477290143e-18,0.016595158835882858,0.07270983212492327,0.014567057291666666,0.1875,0,0.0232383407796101,0.07023165660678982
verified-v3-adamw-3e-5/checkpoint-3907,3e-05,adamw,verified-v3-adamw-3e-5,3907,5,NQ,0.443033405495568,1.0,0.1143440455151808,0.11251288470584743,0.5040359375566558,0.11320602202085894,0.11320602202085898,0.11320602202085893,-0.443033405495568,0.4428925084437817,-0.0016902637575470086,-0.00014089705178635566,-0.0018311608093333643,-5.811323644522304e-17,0.0025045192786716723,0.011040082735103141,0.0011393229166666667,0.25,0,0.02118215561924937,0.007450791809181994
verified-v3-adamw-3e-5/checkpoint-3907,3e-05,adamw,verified-v3-adamw-3e-5,3907,5,QuoraRetrieval,0.4939423433127553,1.0,0.10604691353064143,0.09620486626790743,0.5243311759049465,0.09969858161065213,0.09969858161065209,0.09969858161065218,-0.4939423433127552,0.4938069564545441,-0.009706660404522852,-0.0001353868582111388,-0.00984204726273399,7.676151381197371e-17,0.010381314266785124,0.051328667056108696,0.009847005208333334,0.125,0,0.024896716658508046,0.04799295419892516
verified-v3-adamw-3e-5/checkpoint-3907,3e-05,adamw,verified-v3-adamw-3e-5,3907,5,SCIDOCS,0.10707014459801442,0.86024524972907,0.11433692714978713,0.11410152774367413,0.5005152359444534,0.11390012201020258,0.11390012201020255,0.11390012201020258,-0.10707014459801442,0.10702596742739777,-0.00019122223549636504,-4.417717061664609e-05,-0.00023539940611301113,1.5612511283791264e-17,0.0011043235652721311,0.004834227957754152,8.138020833333333e-05,0.0625,0,0.053772634997650594,0.0008370842623040282
verified-v3-adamw-3e-5/checkpoint-3907,3e-05,adamw,verified-v3-adamw-3e-5,3907,5,SciFact,0.27310254222378727,1.0,0.12598565437399695,0.1118918682832403,0.5296240391553613,0.11927671598119058,0.11927671598119058,0.11927671598119059,-0.27310254222378727,0.2730288584006726,-0.014020102267641953,-7.368382311468379e-05,-0.014093786090756637,1.0408340855860843e-17,0.014568020951581277,0.061241687692252654,0.016764322916666668,0.125,0,0.02682958045724608,0.05893832301189641
verified-v3-adamw-3e-5/checkpoint-3907,3e-05,adamw,verified-v3-adamw-3e-5,3907,5,TRECCOVID,0.0839218852868831,0.9110827739955403,0.11430277809293046,0.10448216835338522,0.5224435225070546,0.10988347655651656,0.10988347655651658,0.10988347655651656,-0.0839218852868831,0.08392892167118732,-0.00982764612384944,7.036384304204973e-06,-0.009820609739545235,3.469446951953614e-18,0.01041995649782335,0.04762647827043322,0.0107421875,0.1875,0,0.023864239225293044,0.04491920620444011
verified-v3-adamw-3e-5/checkpoint-3907,3e-05,adamw,verified-v3-adamw-3e-5,3907,5,Touche2020,0.318870281976933,1.0,0.12760503411824115,0.09015727923049163,0.5859830939336581,0.10795064419459191,0.10795064419459191,0.10795064419459191,-0.31887028197693307,0.3187813586187729,-0.037358831529589354,-8.892335816015375e-05,-0.03744775488774951,-1.1275702593849246e-17,0.037811766380384554,0.17363778791159043,0.037190755208333336,0.125,0,0.026854218276548866,0.17155783732771757
verified-v3-adamw-3e-5/checkpoint-782,3e-05,adamw,verified-v3-adamw-3e-5,782,1,ArguAna,0.2439226253981237,1.0,0.10321373481255217,0.08337503276245187,0.5531615656931912,0.09275556337681028,0.09275556337681028,0.09275556337681026,-0.2439226253981237,0.24388138525698239,-0.019797461908958976,-4.124014114130492e-05,-0.01983870205010028,2.6020852139652106e-18,0.02032520124569126,0.10893046516061604,0.022054036458333332,0.125,0,0.03301857471147166,0.10610210982288036
verified-v3-adamw-3e-5/checkpoint-782,3e-05,adamw,verified-v3-adamw-3e-5,782,1,ClimateFEVER,0.007831598104670595,0.7643873084388777,0.10892800259916022,0.10697017698324192,0.5045341410930495,0.10833356816474428,0.10833356816474429,0.10833356816474428,-0.007831598104670595,0.007874903016490745,-0.0020011305277384383,4.3304911820148985e-05,-0.0019578256159182893,-3.469446951953614e-18,0.002762970255807776,0.012797561615165123,0.0011393229166666667,0.0625,0,0.024026140984463356,0.009268862440661127
verified-v3-adamw-3e-5/checkpoint-782,3e-05,adamw,verified-v3-adamw-3e-5,782,1,DBPedia,0.29317679430686333,1.0,0.12038554155323337,0.11333650246764534,0.5150799620016979,0.11674456900645822,0.11674456900645822,0.11674456900645822,-0.29317679430686333,0.29301493313705035,-0.006887177915774999,-0.0001618611698130188,-0.007049039085588018,7.15573433840433e-18,0.007710974106653523,0.03299207029853243,0.005452473958333333,0.125,0,0.024781772183159342,0.029467386975101748
verified-v3-adamw-3e-5/checkpoint-782,3e-05,adamw,verified-v3-adamw-3e-5,782,1,FEVER,0.40202479762792526,1.0,0.12642043045207776,0.09938080851008377,0.5598748307721313,0.1123798187735055,0.1123798187735055,0.11237981877350553,-0.4020247976279252,0.4019058619923633,-0.026920686306432025,-0.0001189356355619578,-0.027039621941993983,3.0357660829594124e-17,0.027367238639981827,0.12120056898610672,0.03076171875,0.3125,0,0.022291951461628712,0.11922293442749106
verified-v3-adamw-3e-5/checkpoint-782,3e-05,adamw,verified-v3-adamw-3e-5,782,1,FiQA2018,0.22143652444286518,0.9769331095982161,0.11882865602737444,0.10775857754836299,0.524427851261336,0.11211446366946015,0.11211446366946015,0.11211446366946015,-0.22143652444286516,0.22132659047584985,-0.01096014451199618,-0.00010993396701527991,-0.01107007847901146,1.3877787807814457e-17,0.011710279716856346,0.05168110988451673,0.010660807291666666,0.0625,0,0.02180375901572924,0.048370529703001645
verified-v3-adamw-3e-5/checkpoint-782,3e-05,adamw,verified-v3-adamw-3e-5,782,1,HotpotQA,0.29242806628478685,1.0,0.1186436663070733,0.11856213365734983,0.5001718605736785,0.11815588029939121,0.1181558802993912,0.11815588029939122,-0.29242806628478685,0.29234653363506335,0.0,-8.153264972348903e-05,-8.153264972348903e-05,2.3201926491189795e-17,0.0009640582036982185,0.004064226944884193,0.0,0.0,0,0.02239251704540212,-0.0
verified-v3-adamw-3e-5/checkpoint-782,3e-05,adamw,verified-v3-adamw-3e-5,782,1,MSMARCO,0.4277608290387954,1.0,0.11831346428662769,0.10640163389685713,0.5265042947404546,0.11183683720475832,0.11183683720475832,0.1118368372047583,-0.42776082903879536,0.4275742534774602,-0.011725254828435401,-0.00018657556133515676,-0.011911830389770558,-7.806255641895632e-18,0.012476230390695725,0.05552021422480749,0.008219401041666666,0.3125,0,0.03414993241185154,0.0521783134431914
verified-v3-adamw-3e-5/checkpoint-782,3e-05,adamw,verified-v3-adamw-3e-5,782,1,NFCorpus,-0.0008578376624589542,0.7201742473770677,0.12168971947575472,0.11418104131346887,0.5159169329364136,0.11793172303858945,0.11793172303858948,0.11793172303858945,0.0008578376624589403,-0.0008730370435228888,-0.007493478781221886,-1.5199381063953424e-05,-0.007508678162285841,-2.3418766925686896e-17,0.008331917409698866,0.035324079092382075,0.005533854166666667,0.1875,0,0.03227585442073465,0.03176942642720405
verified-v3-adamw-3e-5/checkpoint-782,3e-05,adamw,verified-v3-adamw-3e-5,782,1,NQ,0.4100670852601404,1.0,0.12231282054305329,0.12110470398785249,0.5024815726754452,0.12134392485109685,0.12134392485109688,0.12134392485109685,-0.4100670852601404,0.4099245587738588,-0.0010655900689192435,-0.00014252648628156755,-0.001208116555200811,-2.6020852139652106e-17,0.001948007352131612,0.008002740788222424,0.0006510416666666666,0.125,0,0.020281979997604886,0.004377622650516889
verified-v3-adamw-3e-5/checkpoint-782,3e-05,adamw,verified-v3-adamw-3e-5,782,1,QuoraRetrieval,0.47952222282000323,1.0,0.10066352869384187,0.10021306361578752,0.5011212483069207,0.10005442182660701,0.10005442182660702,0.10005442182660698,-0.47952222282000323,0.4794226497516723,-0.00035089200972342194,-9.957306833092289e-05,-0.0004504650780543448,-3.8163916471489756e-17,0.0011378822097115836,0.0056645833973411,8.138020833333333e-05,0.0625,0,0.024897716572854025,0.0017468038744034452
verified-v3-adamw-3e-5/checkpoint-782,3e-05,adamw,verified-v3-adamw-3e-5,782,1,SCIDOCS,0.09842649099982582,0.8629842341564983,0.12750066539952973,0.10766212702079822,0.5421804363150958,0.11719515309849055,0.11719515309849055,0.11719515309849055,-0.09842649099982582,0.09834321958451771,-0.019755266963423383,-8.327141530813055e-05,-0.019838538378731518,3.686287386450715e-18,0.020394728614682455,0.08672600118742038,0.020263671875,0.25,0,0.052789272517436384,0.08400677147987336
verified-v3-adamw-3e-5/checkpoint-782,3e-05,adamw,verified-v3-adamw-3e-5,782,1,SciFact,0.26598289358587124,0.9769331095982161,0.11713887089117836,0.11483051100618927,0.5049755701940233,0.11557863111900758,0.11557863111900761,0.1155786311190076,-0.26598289358587124,0.2659116480938282,-0.002237114392946077,-7.124549204301674e-05,-0.0023083598849890936,-2.949029909160572e-17,0.0030755247416961685,0.01325832192395504,0.0018717447916666667,0.125,0,0.024469273333655738,0.009644007216158658
verified-v3-adamw-3e-5/checkpoint-782,3e-05,adamw,verified-v3-adamw-3e-5,782,1,TRECCOVID,0.08258120295903695,0.9341496643973242,0.10806694110327744,0.1054358643810427,0.5061616912158748,0.10634168383642748,0.10634168383642748,0.10634168383642746,-0.08258120295903695,0.08258457498733379,-0.002634448750531584,3.372028296836846e-06,-0.0026310767222347473,-1.734723475976807e-17,0.0034039374016321057,0.015943291208330723,0.0021158854166666665,0.125,0,0.022358874530416056,0.012339176267756635
verified-v3-adamw-3e-5/checkpoint-782,3e-05,adamw,verified-v3-adamw-3e-5,782,1,Touche2020,0.30558795332634126,1.0,0.12350931095929926,0.10097203690968112,0.5501985449204718,0.11166196152894672,0.11166196152894672,0.11166196152894672,-0.30558795332634126,0.3055176299904061,-0.022466950713682984,-7.03233359351605e-05,-0.022537274049618146,-4.336808689942018e-19,0.022940776060222996,0.10219457553156037,0.02490234375,0.1875,0,0.024208567982309515,0.10008381955544889
verified-v3-adamw-3e-6/checkpoint-1563,3e-06,adamw,verified-v3-adamw-3e-6,1563,2,ArguAna,0.22350765958187752,1.0,0.10697351338373048,0.0822259464688602,0.5654007335278644,0.09487402783086105,0.09487402783086107,0.09487402783086106,-0.22350765958187752,0.22343292436292359,-0.024672831695916365,-7.473521895389953e-05,-0.024747566914870265,-1.3444106938820255e-17,0.02508515309623134,0.13258575429219366,0.026041666666666668,0.25,0,0.03813648586921659,0.13040645948534682
verified-v3-adamw-3e-6/checkpoint-1563,3e-06,adamw,verified-v3-adamw-3e-6,1563,2,ClimateFEVER,0.010057618777506392,0.7522425120627381,0.12324772743137444,0.10244627674390175,0.5460833037268418,0.11361709292974112,0.1136170929297411,0.11361709292974115,-0.01005761877750635,0.010101800269859983,-0.020845632179826327,4.418149235363173e-05,-0.020801450687472696,3.9898639947466563e-17,0.021170846569655025,0.09380331855521308,0.036458333333333336,0.1875,0,0.027388123513429806,0.09236236583244543
verified-v3-adamw-3e-6/checkpoint-1563,3e-06,adamw,verified-v3-adamw-3e-6,1563,2,DBPedia,0.2812464872281155,1.0,0.11865669862684444,0.10584131562809598,0.5285423081386263,0.11208396024249437,0.11208396024249437,0.11208396024249437,-0.2812464872281155,0.2810862259180863,-0.012655121688719212,-0.00016026131002923674,-0.012815382998748449,-6.938893903907228e-18,0.01336690899376257,0.05954132395390847,0.011637369791666666,0.1875,0,0.02176759590835798,0.05637075112097886
verified-v3-adamw-3e-6/checkpoint-1563,3e-06,adamw,verified-v3-adamw-3e-6,1563,2,FEVER,0.36909894270895666,1.0,0.12147428767740265,0.10301039543699128,0.5411250602585711,0.11079536171759016,0.11079536171759019,0.11079536171759016,-0.3690989427089567,0.3689747412680645,-0.018339690799519172,-0.00012420144089219515,-0.018463892240411367,-2.7755575615628914e-17,0.018960884297252685,0.08446404464749388,0.016927083333333332,0.125,0,0.022494514443964657,0.08169684695224194
verified-v3-adamw-3e-6/checkpoint-1563,3e-06,adamw,verified-v3-adamw-3e-6,1563,2,FiQA2018,0.20994585361655993,0.9769331095982161,0.11248864789179669,0.1075671440680161,0.5111824001085129,0.10953005991038901,0.10953005991038903,0.109530059910389,-0.20994585361655993,0.2098196876738202,-0.004795337881040864,-0.00012616594273974144,-0.004921503823780605,-3.469446951953614e-18,0.0055348474959100846,0.025152019161217416,0.006266276041666667,0.0625,0,0.02445156635085977,0.02179146405706332
verified-v3-adamw-3e-6/checkpoint-1563,3e-06,adamw,verified-v3-adamw-3e-6,1563,2,HotpotQA,0.2846892322159037,1.0,0.136241943951094,0.09723852672402705,0.583526080605985,0.11581331835218422,0.11581331835218422,0.11581331835218422,-0.28468923221590364,0.2846099351566206,-0.03892412016778385,-7.929705928310521e-05,-0.03900341722706696,1.0191500421363742e-17,0.03929162434901953,0.16828655619635224,0.041910807291666664,0.1875,0,0.02084959431865111,0.1667125308392291
verified-v3-adamw-3e-6/checkpoint-1563,3e-06,adamw,verified-v3-adamw-3e-6,1563,2,MSMARCO,0.39034981397192503,1.0,0.14598487709688776,0.0744364434255886,0.6622992583061025,0.10469668260040671,0.1046966826004067,0.1046966826004067,-0.39034981397192503,0.3902188081421768,-0.07141742784155106,-0.00013100582974810877,-0.07154843367129915,-2.168404344971009e-17,0.07171725700197923,0.3253644285951287,0.066162109375,0.3125,0,0.03452859656296576,0.32400417378984275
verified-v3-adamw-3e-6/checkpoint-1563,3e-06,adamw,verified-v3-adamw-3e-6,1563,2,NFCorpus,0.00778281839238917,0.7190574688428424,0.12199446966972131,0.10875938833205637,0.5286779199539169,0.11532272982019721,0.1153227298201972,0.1153227298201972,-0.00778281839238917,0.0077557088629695205,-0.013207971808245296,-2.7109529419651335e-05,-0.013235081337664947,-2.168404344971009e-18,0.01391152812815006,0.06028730461374513,0.012369791666666666,0.375,0,0.040461265031363526,0.057238357454216626
verified-v3-adamw-3e-6/checkpoint-1563,3e-06,adamw,verified-v3-adamw-3e-6,1563,2,NQ,0.3865742514996953,1.0,0.12780551306840632,0.11236043393790664,0.5321550147367348,0.12079099303208331,0.12079099303208332,0.12079099303208332,-0.3865742514996954,0.38639691263482123,-0.015267740265625569,-0.00017733886487408985,-0.015445079130499658,6.938893903907228e-18,0.015920508011259785,0.0662896143675244,0.011800130208333334,0.1875,0,0.022961524387865435,0.06357162810106566
verified-v3-adamw-3e-6/checkpoint-1563,3e-06,adamw,verified-v3-adamw-3e-6,1563,2,QuoraRetrieval,0.48004800689991667,1.0,0.10240339184133185,0.1020621161242412,0.5008345557167229,0.10179662183265298,0.10179662183265298,0.10179662183265298,-0.48004800689991656,0.4799286413851221,-0.00022191020229609532,-0.00011936551479455396,-0.00034127571709064927,-2.168404344971009e-18,0.0010055333873623478,0.00491786315143019,0.000244140625,0.125,0,0.023866644398278965,0.0010853185190211128
verified-v3-adamw-3e-6/checkpoint-1563,3e-06,adamw,verified-v3-adamw-3e-6,1563,2,SCIDOCS,0.09620163030934069,0.8555909140437343,0.11440355351655945,0.11324298759743565,0.5025490523893852,0.1135185499393612,0.1135185499393612,0.11351854993936117,-0.0962016303093407,0.09611584177012028,-0.001074777379903363,-8.578853922043333e-05,-0.0011605659191237963,-2.0383000842727483e-17,0.002010860844419618,0.008833258939843368,0.0008138020833333334,0.0625,0,0.05290953904745693,0.004721255041451137
verified-v3-adamw-3e-6/checkpoint-1563,3e-06,adamw,verified-v3-adamw-3e-6,1563,2,SciFact,0.2650956360250937,0.9769331095982161,0.11928053007912723,0.11287525637867163,0.5137952057930288,0.11555684306588632,0.11555684306588629,0.11555684306588633,-0.2650956360250937,0.26502358393723147,-0.006333221612593323,-7.205208786225346e-05,-0.006405273700455577,2.42861286636753e-17,0.007197477011288879,0.03100278964012483,0.0048828125,0.125,0,0.026918515227029233,0.027280050647131175
verified-v3-adamw-3e-6/checkpoint-1563,3e-06,adamw,verified-v3-adamw-3e-6,1563,2,TRECCOVID,0.06741490814865037,0.9110827739955403,0.1140750103765204,0.1068020920625933,0.5164637217566087,0.11159766649952119,0.11159766649952119,0.1115976664995212,-0.06741490814865037,0.06741826911504986,-0.007276279280326597,3.3609663995055536e-06,-0.007272918313927092,6.938893903907228e-18,0.007950215068026251,0.03599383992380008,0.007161458333333333,0.125,0,0.024377563297892525,0.032942659967808804
verified-v3-adamw-3e-6/checkpoint-1563,3e-06,adamw,verified-v3-adamw-3e-6,1563,2,Touche2020,0.2741991552011126,1.0,0.11506538191268087,0.10584470928437728,0.5208697406676603,0.11020586310038338,0.11020586310038338,0.11020586310038341,-0.2741991552011126,0.2741320518351837,-0.009153569262374654,-6.710336592893537e-05,-0.009220672628303589,1.6046192152785466e-17,0.009850975434440388,0.044592690995057506,0.009602864583333334,0.0625,0,0.023005217006812222,0.04143572261807364
verified-v3-adamw-3e-6/checkpoint-2345,3e-06,adamw,verified-v3-adamw-3e-6,2345,3,ArguAna,0.22721365484568135,1.0,0.10112917600866721,0.08966697410547,0.5300378228185956,0.09649758748216564,0.09649758748216562,0.09649758748216564,-0.22721365484568135,0.2271516511350253,-0.011400198192541167,-6.2003710656032e-05,-0.0114622019031972,8.673617379884035e-19,0.011932964098175451,0.06254300252409165,0.01025390625,0.25,0,0.03906059815963839,0.05975067204302285
verified-v3-adamw-3e-6/checkpoint-2345,3e-06,adamw,verified-v3-adamw-3e-6,2345,3,ClimateFEVER,0.010115643322813726,0.775309402464522,0.10764804176504777,0.10663676128965233,0.5023596644768535,0.10657590948648955,0.10657590948648955,0.10657590948648957,-0.01011564332281371,0.01015580758093778,-0.0010514447335195215,4.016425812406691e-05,-0.0010112804753954546,3.469446951953614e-18,0.0018645959869737232,0.008701484941504465,0.001220703125,0.125,0,0.026374098771261664,0.004906762955332493
verified-v3-adamw-3e-6/checkpoint-2345,3e-06,adamw,verified-v3-adamw-3e-6,2345,3,DBPedia,0.2873924365910709,1.0,0.11457301329982729,0.11188241893653175,0.5059406708347082,0.11267514958648464,0.11267514958648464,0.11267514958648464,-0.28739243659107094,0.2872272460164478,-0.002525403788672387,-0.00016519057462314503,-0.002690594363295532,2.2985086056692694e-17,0.0033693769143936666,0.014878763918884206,0.0020345052083333335,0.125,0,0.0217917798345958,0.011151879925037696
verified-v3-adamw-3e-6/checkpoint-2345,3e-06,adamw,verified-v3-adamw-3e-6,2345,3,FEVER,0.37727317124985604,1.0,0.11311960618543537,0.10560520552162932,0.5171777509034274,0.10989871459232284,0.10989871459232281,0.10989871459232284,-0.37727317124985604,0.37715062909969865,-0.007391858513648715,-0.0001225421501573412,-0.007514400663806056,2.211772431870429e-17,0.008109179988014512,0.0370748061215617,0.006754557291666667,0.1875,0,0.02151541475064899,0.03379524460877596
verified-v3-adamw-3e-6/checkpoint-2345,3e-06,adamw,verified-v3-adamw-3e-6,2345,3,FiQA2018,0.21162140834399018,0.9769331095982161,0.11041839091084105,0.10946994584317452,0.5021566516025076,0.10948774285790862,0.10948774285790863,0.1094877428579086,-0.21162140834399024,0.21149089262363865,-0.0008179293473149635,-0.0001305157203515643,-0.0009484450676665278,-2.42861286636753e-17,0.0016789989138271592,0.007635688816480611,0.001220703125,0.0625,0,0.023136621748092747,0.0037197486660239
verified-v3-adamw-3e-6/checkpoint-2345,3e-06,adamw,verified-v3-adamw-3e-6,2345,3,HotpotQA,0.2907191226268636,1.0,0.12734951487692375,0.10570448425477474,0.5464378013310071,0.11610919532417995,0.11610919532417995,0.11610919532417993,-0.2907191226268636,0.29063896027100056,-0.021564868266285925,-8.016235586309935e-05,-0.021645030622149026,-2.992397996059992e-17,0.022124308625559922,0.09493211319260608,0.022705078125,0.1875,0,0.020531570915825265,0.09253163793211566
verified-v3-adamw-3e-6/checkpoint-2345,3e-06,adamw,verified-v3-adamw-3e-6,2345,3,MSMARCO,0.4024764649179625,1.0,0.1297749320203962,0.086757639532029,0.5993321516942133,0.10787822105425834,0.10787822105425832,0.10787822105425836,-0.4024764649179625,0.4023200867458304,-0.042860914316235094,-0.0001563781721321076,-0.0430172924883672,2.6020852139652106e-17,0.04327038212618591,0.19983313279826642,0.044677734375,0.3125,0,0.035098752416015205,0.19794211101334444
verified-v3-adamw-3e-6/checkpoint-2345,3e-06,adamw,verified-v3-adamw-3e-6,2345,3,NFCorpus,0.008320401156484962,0.7421243592446263,0.1348608654370761,0.0998912653503082,0.5744819652317447,0.11824789721084175,0.11824789721084174,0.11824789721084178,-0.008320401156484938,0.00828565955690647,-0.03493485848718942,-3.474159957847023e-05,-0.03496960008676789,2.5587171270657905e-17,0.035290274972542945,0.15032994526684593,0.038736979166666664,0.4375,0,0.037938126148813686,0.1488159377723818
verified-v3-adamw-3e-6/checkpoint-2345,3e-06,adamw,verified-v3-adamw-3e-6,2345,3,NQ,0.39805963089942065,1.0,0.12479256052806662,0.1184460157286451,0.5130459257266895,0.12252769192573792,0.12252769192573791,0.12252769192573792,-0.39805963089942065,0.3978893329555899,-0.006176246855590803,-0.00017029794383070958,-0.0063465447994215125,0.0,0.006912655631122051,0.02841924063815642,0.00439453125,0.25,0,0.023203493488153877,0.02539172425130646
verified-v3-adamw-3e-6/checkpoint-2345,3e-06,adamw,verified-v3-adamw-3e-6,2345,3,QuoraRetrieval,0.48201645472658616,1.0,0.10298060740141018,0.10273173756201155,0.5006048976774896,0.10243839479078588,0.1024383947907859,0.10243839479078587,-0.4820164547265862,0.4818972290655351,-0.00012964417834750164,-0.00011922566105112761,-0.00024886983939862925,-1.8648277366750676e-17,0.0009185229523207741,0.004465084253859919,0.00016276041666666666,0.125,0,0.02318950144998182,0.000630220701487575
verified-v3-adamw-3e-6/checkpoint-2345,3e-06,adamw,verified-v3-adamw-3e-6,2345,3,SCIDOCS,0.09836107923674961,0.8555909140437343,0.11536926420963689,0.11354161786175111,0.503992047759695,0.11409545724531614,0.11409545724531611,0.11409545724531614,-0.09836107923674958,0.09827003367981019,-0.001736600790946367,-9.104555693940876e-05,-0.0018276463478857758,1.8431436932253575e-17,0.002670891720793985,0.011667823288370549,0.0013020833333333333,0.0625,0,0.05381606309552696,0.0075863618856039875
verified-v3-adamw-3e-6/checkpoint-2345,3e-06,adamw,verified-v3-adamw-3e-6,2345,3,SciFact,0.2661360631852537,0.9769331095982161,0.11818486449137386,0.11649789450499808,0.5035941498080008,0.11717516410524795,0.11717516410524792,0.11717516410524796,-0.2661360631852537,0.26607002370207156,-0.0016209305031936426,-6.603948318212836e-05,-0.001686969986375771,3.469446951953614e-17,0.002448829908347437,0.01043463916488767,0.001220703125,0.125,0,0.025909106777415928,0.006906900660813781
verified-v3-adamw-3e-6/checkpoint-2345,3e-06,adamw,verified-v3-adamw-3e-6,2345,3,TRECCOVID,0.0705549152268024,0.9110827739955403,0.1189432284878014,0.10165847132039968,0.5391763916198962,0.10909423275642358,0.10909423275642356,0.1090942327564236,-0.07055491522680236,0.07055748318100735,-0.017287325121606703,2.567954204994727e-06,-0.017284757167401712,3.9898639947466563e-17,0.017823230820889276,0.08079371480992859,0.020100911458333332,0.125,0,0.023739819457483186,0.07836442392165117
verified-v3-adamw-3e-6/checkpoint-2345,3e-06,adamw,verified-v3-adamw-3e-6,2345,3,Touche2020,0.2804355348648263,1.0,0.11784630222979113,0.1040810783432256,0.5310129012720821,0.11047987652152039,0.11047987652152041,0.11047987652152036,-0.2804355348648263,0.2803682120181825,-0.013697901039921731,-6.732284664380528e-05,-0.013765223886565536,-3.664603343001005e-17,0.014346095502493359,0.06464319754260031,0.014973958333333334,0.0625,0,0.024619790595170003,0.061722447246273696
verified-v3-adamw-3e-6/checkpoint-3126,3e-06,adamw,verified-v3-adamw-3e-6,3126,4,ArguAna,0.2286429279422103,1.0,0.09773465929871547,0.09514418971801153,0.5067152764388366,0.09673390636235436,0.09673390636235436,0.09673390636235434,-0.22864292794221036,0.22857939550634174,-0.0025269371448353346,-6.35324358686136e-05,-0.0025904695807039482,-2.2551405187698492e-17,0.0031547484073834843,0.016356113816864883,0.0020345052083333335,0.25,0,0.03691172654079857,0.013101162505465756
verified-v3-adamw-3e-6/checkpoint-3126,3e-06,adamw,verified-v3-adamw-3e-6,3126,4,ClimateFEVER,0.010114498960923637,0.775309402464522,0.10798588560796206,0.10690618987100875,0.5025121813695242,0.10689168240862022,0.10689168240862021,0.10689168240862024,-0.01011449896092362,0.010157641799360328,-0.0011228385753900283,4.3142838436709303e-05,-0.001079695736953319,2.3418766925686896e-17,0.0019093542746925125,0.0088851776894833,0.0018717447916666667,0.125,0,0.026715265440726808,0.0052251278828562885
verified-v3-adamw-3e-6/checkpoint-3126,3e-06,adamw,verified-v3-adamw-3e-6,3126,4,DBPedia,0.2883997726172628,1.0,0.11467226447943421,0.11319140372662115,0.5032494446448433,0.11331577670726524,0.11331577670726525,0.11331577670726521,-0.2883997726172629,0.28823679234911465,-0.0013178804846648573,-0.0001629802681482207,-0.001480860752813078,-3.209238430557093e-17,0.002172231151439062,0.009533029853073067,0.0013834635416666667,0.125,0,0.022660812054378938,0.005783635868940318
verified-v3-adamw-3e-6/checkpoint-3126,3e-06,adamw,verified-v3-adamw-3e-6,3126,4,FEVER,0.38054239627106357,1.0,0.11114093770028186,0.10986680659200777,0.5028825485558303,0.11041471966408029,0.11041471966408029,0.11041471966408027,-0.38054239627106357,0.3804212082391427,-0.0011529430763532467,-0.00012118803192085609,-0.0012741311082741028,2.168404344971009e-18,0.00193912106734403,0.008773996013368118,0.0015462239583333333,0.25,0,0.020954584292200488,0.0052167541913302525
verified-v3-adamw-3e-6/checkpoint-3126,3e-06,adamw,verified-v3-adamw-3e-6,3126,4,FiQA2018,0.21111295347823741,0.9769331095982161,0.1106330760892935,0.10939169850437955,0.5028209950156897,0.10949498699061438,0.10949498699061438,0.10949498699061436,-0.21111295347823744,0.21098670219201454,-0.00111512629869104,-0.00012625128622290906,-0.001241377584913949,-2.7755575615628914e-17,0.0019398082005365556,0.008816317181184996,0.001708984375,0.0625,0,0.023148303222396235,0.00506818516574045
verified-v3-adamw-3e-6/checkpoint-3126,3e-06,adamw,verified-v3-adamw-3e-6,3126,4,HotpotQA,0.29265693318136804,1.0,0.12453700249717911,0.10793933570228159,0.5356975400667594,0.11713093402303087,0.11713093402303087,0.11713093402303089,-0.292656933181368,0.29256460787553185,-0.016505341489061395,-9.232530583611585e-05,-0.016597666794897513,9.974659986866641e-18,0.01718271172315209,0.0739116585207464,0.015218098958333334,0.125,0,0.01997961450397464,0.07099794162664458
verified-v3-adamw-3e-6/checkpoint-3126,3e-06,adamw,verified-v3-adamw-3e-6,3126,4,MSMARCO,0.4068587015959482,1.0,0.1286707214344821,0.08771168345669196,0.5946450290133105,0.10774852223420703,0.10774852223420703,0.10774852223420704,-0.40685870159594817,0.4066946282314956,-0.040794964613337585,-0.00016407336445256257,-0.040959037977790144,7.806255641895632e-18,0.04126507769237028,0.19070440460777702,0.039632161458333336,0.25,0,0.03523110879770259,0.18853180152912496
verified-v3-adamw-3e-6/checkpoint-3126,3e-06,adamw,verified-v3-adamw-3e-6,3126,4,NFCorpus,0.007884368175799057,0.7421243592446263,0.12343249029204392,0.10501112292792522,0.5403192873384923,0.11395703190955568,0.11395703190955567,0.1139570319095557,-0.007884368175799022,0.00785091960045865,-0.018387918788778303,-3.3448575340374025e-05,-0.018421367364118677,2.949029909160572e-17,0.018999097773090935,0.08316755940467742,0.01708984375,0.4375,0,0.037089975523963856,0.0804921552832931
verified-v3-adamw-3e-6/checkpoint-3126,3e-06,adamw,verified-v3-adamw-3e-6,3126,4,NQ,0.4007248397326344,1.0,0.12482467336791624,0.1194199816861119,0.5110640940752803,0.12269602780265548,0.12269602780265546,0.12269602780265551,-0.4007248397326343,0.40055533879511507,-0.0052351907442850405,-0.00016950093751929088,-0.005404691681804331,5.724587470723463e-17,0.006017296471289322,0.02463634862330259,0.0029296875,0.1875,0,0.023195189009062363,0.02143420802034333
verified-v3-adamw-3e-6/checkpoint-3126,3e-06,adamw,verified-v3-adamw-3e-6,3126,4,QuoraRetrieval,0.48212243831683343,1.0,0.10323390105775714,0.10278704354147675,0.5010844953583473,0.10268618482517823,0.1026861848251782,0.10268618482517824,-0.4821224383168333,0.48199837281051994,-0.0003227920099670087,-0.00012406550631338664,-0.00044685751628039533,4.163336342344337e-17,0.0010978255391368027,0.005328708405217579,0.0005696614583333334,0.1875,0,0.02310628592362073,0.001566792204525253
verified-v3-adamw-3e-6/checkpoint-3126,3e-06,adamw,verified-v3-adamw-3e-6,3126,4,SCIDOCS,0.0987242606529829,0.8575062653016419,0.11954495458044052,0.10958152402729354,0.5217422067796111,0.11451048726176626,0.11451048726176627,0.11451048726176626,-0.09872426065298293,0.0986311587816357,-0.00987032868179976,-9.310187134722652e-05,-0.009963430553146987,-1.1492543028346347e-17,0.010660671741882056,0.04652745421070775,0.010823567708333334,0.125,0,0.05554008262464831,0.04307807959069551
verified-v3-adamw-3e-6/checkpoint-3126,3e-06,adamw,verified-v3-adamw-3e-6,3126,4,SciFact,0.2658682298052386,0.9769331095982161,0.11782652416265102,0.11714924174569208,0.5014411750384997,0.1172746965334788,0.1172746965334788,0.1172746965334788,-0.2658682298052386,0.2658036345906519,-0.0006126872023723036,-6.459521458663207e-05,-0.0006772824169589357,1.3010426069826053e-17,0.001578152386370902,0.0067162346732662255,0.00048828125,0.0625,0,0.02621849958015107,0.00260744847454309
verified-v3-adamw-3e-6/checkpoint-3126,3e-06,adamw,verified-v3-adamw-3e-6,3126,4,TRECCOVID,0.07184411515820763,0.9110827739955403,0.1251883313208073,0.09637235044801194,0.5650295455013595,0.11248066457164702,0.112480664571647,0.11248066457164702,-0.0718441151582076,0.07184950710240054,-0.028821372816988305,5.391944192922188e-06,-0.028815980872795383,1.3877787807814457e-17,0.029081855831590026,0.131259100664506,0.037190755208333336,0.125,0,0.023747118892693566,0.1300834271987892
verified-v3-adamw-3e-6/checkpoint-3126,3e-06,adamw,verified-v3-adamw-3e-6,3126,4,Touche2020,0.28238084279551545,1.0,0.1140999575552648,0.10810063261047825,0.51349979525327,0.11097131826822793,0.11097131826822793,0.11097131826822793,-0.28238084279551545,0.28231364079874677,-0.005932122948017864,-6.720199676869126e-05,-0.005999324944786555,7.15573433840433e-18,0.006678941020174233,0.030058160580007025,0.005859375,0.125,0,0.024925203132629668,0.02669715208043776
verified-v3-adamw-3e-6/checkpoint-3907,3e-06,adamw,verified-v3-adamw-3e-6,3907,5,ArguAna,0.22906516512079772,1.0,0.09872326931706862,0.09370837293179562,0.5130303320354856,0.09684277089797429,0.09684277089797429,0.09684277089797427,-0.22906516512079772,0.22900045627044652,-0.004950187534921793,-6.470885035119583e-05,-0.0050148963852729884,-1.3877787807814457e-17,0.005539390633359211,0.028786277395041592,0.004069010416666667,0.1875,0,0.03537335764098554,0.02572439478804588
verified-v3-adamw-3e-6/checkpoint-3907,3e-06,adamw,verified-v3-adamw-3e-6,3907,5,ClimateFEVER,0.00993649677579202,0.775309402464522,0.10729179803555172,0.10727993512876813,0.5000276432189101,0.10687760454057646,0.10687760454057646,0.10687760454057645,-0.009936496775792038,0.009979277025964304,-5.464315695587543e-05,4.278025017226666e-05,-1.1862906783608775e-05,-2.2551405187698492e-17,0.0008889303089824398,0.0041428118041144475,0.00016276041666666666,0.125,0,0.025355288524255216,0.00025466148849172737
verified-v3-adamw-3e-6/checkpoint-3907,3e-06,adamw,verified-v3-adamw-3e-6,3907,5,DBPedia,0.29028133793880256,1.0,0.1153884066441069,0.11271283661084976,0.5058648738496058,0.11334701494848408,0.11334701494848409,0.11334701494848407,-0.29028133793880256,0.2901165029815157,-0.002510735075970317,-0.00016483495728683573,-0.0026755700332571526,-6.938893903907228e-18,0.003357360096232203,0.014718727738277012,0.0021158854166666665,0.125,0,0.022930501876458256,0.011007108247823012
verified-v3-adamw-3e-6/checkpoint-3907,3e-06,adamw,verified-v3-adamw-3e-6,3907,5,FEVER,0.38022066694615675,1.0,0.11097969570609895,0.109410086531323,0.5035609844495537,0.11018667476222835,0.11018667476222836,0.11018667476222836,-0.38022066694615675,0.3800985999293559,-0.0014475421579751048,-0.0001220670168008281,-0.001569609174775933,6.938893903907228e-18,0.0022529145428968676,0.01022240922435253,0.0011393229166666667,0.125,0,0.020953878316440175,0.006568100132771553
verified-v3-adamw-3e-6/checkpoint-3907,3e-06,adamw,verified-v3-adamw-3e-6,3907,5,FiQA2018,0.21070246092324083,0.9769331095982161,0.11030713510270702,0.10964788176089701,0.5014986094684506,0.10955392167256395,0.10955392167256395,0.10955392167256395,-0.2107024609232408,0.2105796939140494,-0.0005364863326185968,-0.0001227670091914143,-0.0006592533418100111,1.5612511283791264e-17,0.0014016497882126022,0.0063724383658035726,0.0008138020833333334,0.0625,0,0.021651665045805145,0.0024390729534997445
verified-v3-adamw-3e-6/checkpoint-3907,3e-06,adamw,verified-v3-adamw-3e-6,3907,5,HotpotQA,0.2935356278922076,1.0,0.12284428664852126,0.1090564801807357,0.5297278156004055,0.11692314177264569,0.11692314177264569,0.1169231417726457,-0.29353562789220766,0.29344229780589326,-0.013694476381471234,-9.333008631432112e-05,-0.013787806467785555,1.8431436932253575e-17,0.014410991012569634,0.06214292091228878,0.013020833333333334,0.1875,0,0.019708020538245195,0.059053174203404654
verified-v3-adamw-3e-6/checkpoint-3907,3e-06,adamw,verified-v3-adamw-3e-6,3907,5,MSMARCO,0.408349269856205,1.0,0.1139617303401675,0.0994138938292027,0.5340897339318789,0.10699829836195682,0.10699829836195685,0.10699829836195682,-0.408349269856205,0.40820415245567776,-0.014402719110437529,-0.00014511740052728164,-0.01454783651096481,-2.949029909160572e-17,0.01508277130817998,0.07068647774034299,0.012125651041666666,0.3125,0,0.03559557126915206,0.06749936487124297
verified-v3-adamw-3e-6/checkpoint-3907,3e-06,adamw,verified-v3-adamw-3e-6,3907,5,NFCorpus,0.007507404351502548,0.7421243592446263,0.14164082717700807,0.09139009869740211,0.6078198704550659,0.11630760232772143,0.11630760232772142,0.11630760232772143,-0.0075074043515025455,0.007463731937695313,-0.05020705606579872,-4.367241380722744e-05,-0.050250728479605954,7.806255641895632e-18,0.050502773229253,0.21672133447416755,0.052327473958333336,0.5,0,0.03747629460256732,0.21545233053254628
verified-v3-adamw-3e-6/checkpoint-3907,3e-06,adamw,verified-v3-adamw-3e-6,3907,5,NQ,0.4019696192684652,1.0,0.12698690434704524,0.11640974424315452,0.5217282369440082,0.12304248431648779,0.12304248431648777,0.12304248431648779,-0.4019696192684652,0.40180281214048374,-0.010410352975909275,-0.00016680712798146716,-0.010577160103890742,2.2551405187698492e-17,0.011134219438151759,0.04574516330706811,0.007731119791666667,0.25,0,0.02349835282811114,0.04277114346564771
verified-v3-adamw-3e-6/checkpoint-3907,3e-06,adamw,verified-v3-adamw-3e-6,3907,5,QuoraRetrieval,0.4814508902776472,1.0,0.10347840748896499,0.1031827299512048,0.5007153680208641,0.10291808534242765,0.10291808534242766,0.10291808534242763,-0.4814508902776473,0.48133292015788326,-0.00017770741799619238,-0.00011797011976399235,-0.00029567753776018474,-2.2985086056692694e-17,0.0009623163558271724,0.004656494045019816,0.0003255208333333333,0.1875,0,0.023337185067485052,0.0008598976091846985
verified-v3-adamw-3e-6/checkpoint-3907,3e-06,adamw,verified-v3-adamw-3e-6,3907,5,SCIDOCS,0.09780799892888489,0.8555909140437343,0.11928400949468455,0.11045729707265847,0.5192101119165498,0.11427331838496102,0.11427331838496102,0.11427331838496103,-0.09780799892888488,0.09772428163456542,-0.008742995127706616,-8.371729431946298e-05,-0.008826712422026078,1.5178830414797062e-17,0.009549294973853643,0.04156542467932079,0.009684244791666666,0.125,0,0.052798707211377034,0.03805582573869371
verified-v3-adamw-3e-6/checkpoint-3907,3e-06,adamw,verified-v3-adamw-3e-6,3907,5,SciFact,0.2660488616637199,0.9769331095982161,0.11742183051192473,0.11716881572889751,0.5005392686943867,0.11696650920426305,0.11696650920426302,0.11696650920426307,-0.2660488616637199,0.26597882311429477,-0.00018297623360219104,-7.003854942504682e-05,-0.00025301478302723786,3.729655473350135e-17,0.0011418222244522615,0.0048672964704658695,0.000244140625,0.0625,0,0.0262423860031138,0.0007799809435468893
verified-v3-adamw-3e-6/checkpoint-3907,3e-06,adamw,verified-v3-adamw-3e-6,3907,5,TRECCOVID,0.07354621524747493,0.9110827739955403,0.11591522065513049,0.10590991099763436,0.5225522455074162,0.1119399850031792,0.1119399850031792,0.1119399850031792,-0.07354621524747496,0.07354907877165501,-0.01000817318167619,2.8635241800661904e-06,-0.010005309657496124,-1.0408340855860843e-17,0.01059531300900275,0.04776425885588194,0.011067708333333334,0.125,0,0.02379709199580799,0.045117399940699854
verified-v3-adamw-3e-6/checkpoint-3907,3e-06,adamw,verified-v3-adamw-3e-6,3907,5,Touche2020,0.2832516671256061,1.0,0.11915932701233384,0.10417601682741343,0.5335444223187342,0.11217065797043571,0.11217065797043571,0.11217065797043571,-0.2832516671256061,0.2831876850912898,-0.014919328150604115,-6.398203431629175e-05,-0.014983310184920407,-1.474514954580286e-17,0.015496709485327435,0.06938762678086004,0.016194661458333332,0.125,0,0.024410849775693803,0.06680236049565613
verified-v3-adamw-3e-6/checkpoint-782,3e-06,adamw,verified-v3-adamw-3e-6,782,1,ArguAna,0.2144475572153564,1.0,0.09720529840819617,0.0961966249706085,0.5026077130464003,0.09635711161759498,0.096357111617595,0.09635711161759497,-0.2144475572153564,0.2143858157575146,-0.0009469319797458312,-6.174145784182405e-05,-0.0010086734375876552,-2.5587171270657905e-17,0.0017004547822784466,0.008792336459590778,0.0010579427083333333,0.125,0,0.040648227263027706,0.00489618698305876
verified-v3-adamw-3e-6/checkpoint-782,3e-06,adamw,verified-v3-adamw-3e-6,782,1,ClimateFEVER,0.007878585392858826,0.7535465121453979,0.11432182113002164,0.11413151475115794,0.5004165103961596,0.11376214469421424,0.11376214469421425,0.11376214469421422,-0.007878585392858854,0.007924568022101522,-0.00023628900810637732,4.598262924266922e-05,-0.0001903063788637081,-2.168404344971009e-17,0.0010992980234724656,0.004811914955114595,0.0003255208333333333,0.125,0,0.030602766475446533,0.001034298786642683
verified-v3-adamw-3e-6/checkpoint-782,3e-06,adamw,verified-v3-adamw-3e-6,782,1,DBPedia,0.2705605033257895,1.0,0.11631025762793751,0.10633970687862462,0.5223906407786988,0.11215935623537554,0.11215935623537554,0.11215935623537554,-0.2705605033257895,0.27039427640125124,-0.00980432382477461,-0.00016622692453826388,-0.009970550749312874,-3.0357660829594124e-18,0.010511693870605611,0.04721174734476907,0.00927734375,0.1875,0,0.022428042263645285,0.04403469745213299
verified-v3-adamw-3e-6/checkpoint-782,3e-06,adamw,verified-v3-adamw-3e-6,782,1,FEVER,0.35579698865425197,1.0,0.11794292436508792,0.10504541389905982,0.5289196972506024,0.11119396596000891,0.11119396596000891,0.11119396596000888,-0.355796988654252,0.35565846391145495,-0.012758985723231045,-0.00013852474279706095,-0.012897510466028106,-1.7780915628762273e-17,0.013465314382743659,0.06038573356599889,0.011311848958333334,0.25,0,0.024884429264226213,0.057218174827227936
verified-v3-adamw-3e-6/checkpoint-782,3e-06,adamw,verified-v3-adamw-3e-6,782,1,FiQA2018,0.20642361473431925,0.9769331095982161,0.12429916126385064,0.09741459966459431,0.560628987318322,0.11226392282490688,0.11226392282490691,0.11226392282490688,-0.20642361473431928,0.20631610445372547,-0.026777051318662523,-0.00010751028059379115,-0.026884561599256313,-3.0357660829594124e-17,0.02725953923820788,0.12294924376392459,0.033447265625,0.25,0,0.025796280896819897,0.1207730688728177
verified-v3-adamw-3e-6/checkpoint-782,3e-06,adamw,verified-v3-adamw-3e-6,782,1,HotpotQA,0.27149420151395587,1.0,0.11870680547755488,0.10595325465046887,0.5283841080159472,0.11203264016831549,0.11203264016831549,0.11203264016831548,-0.27149420151395587,0.2713849666115314,-0.012644315924661542,-0.00010923490242446474,-0.012753550827086006,-1.474514954580286e-17,0.013377122781210875,0.05954384047430527,0.012125651041666666,0.125,0,0.023083955485446735,0.056281992969538557
verified-v3-adamw-3e-6/checkpoint-782,3e-06,adamw,verified-v3-adamw-3e-6,782,1,MSMARCO,0.3585146067020192,1.0,0.10906226909321745,0.10410934924007295,0.5116172122064596,0.10581818572249227,0.10581818572249227,0.10581818572249228,-0.3585146067020192,0.3583801878519182,-0.004818501003043568,-0.00013441885010092788,-0.004952919853144496,8.673617379884035e-18,0.005640445792704142,0.02645964709938729,0.004313151041666667,0.125,0,0.029673798917814992,0.02260385805914331
verified-v3-adamw-3e-6/checkpoint-782,3e-06,adamw,verified-v3-adamw-3e-6,782,1,NFCorpus,0.00616653426757866,0.6878074688428424,0.12143291777992121,0.10844221680594068,0.5282559942757278,0.11516365877974288,0.11516365877974288,0.11516365877974288,-0.006166534267578646,0.006154918609245271,-0.012979085315647164,-1.1615658333377805e-05,-0.012990700973980541,4.9873299934333204e-18,0.013669393328580241,0.059464427734677465,0.01318359375,0.4375,0,0.048062992868351674,0.05646145825658789
verified-v3-adamw-3e-6/checkpoint-782,3e-06,adamw,verified-v3-adamw-3e-6,782,1,NQ,0.3677068939008853,1.0,0.12178704921780627,0.11608851515422378,0.5119779727661942,0.11961026759278302,0.11961026759278301,0.11961026759278304,-0.3677068939008853,0.36750230360838215,-0.005493943771079309,-0.00020459029250317375,-0.005698534063582483,1.734723475976807e-17,0.0062824603656886574,0.026410700831225705,0.003662109375,0.1875,0,0.022951538949228485,0.023095872775258878
verified-v3-adamw-3e-6/checkpoint-782,3e-06,adamw,verified-v3-adamw-3e-6,782,1,QuoraRetrieval,0.4731874116333751,1.0,0.10802735121249442,0.09893278063814623,0.5219717935358477,0.10099805530074107,0.10099805530074107,0.10099805530074106,-0.4731874116333751,0.47306002219990867,-0.008967181140881783,-0.00012738943346640372,-0.009094570574348187,-1.8865117801247777e-17,0.009670981168497263,0.04672871572905952,0.009440104166666666,0.125,0,0.022984995445341633,0.04332806063031132
verified-v3-adamw-3e-6/checkpoint-782,3e-06,adamw,verified-v3-adamw-3e-6,782,1,SCIDOCS,0.0973776735542492,0.8575062653016419,0.11375871071086537,0.11188295642909753,0.5041564891483546,0.1124010589876366,0.1124010589876366,0.11240105898763661,-0.09737767355424917,0.09727069136722476,-0.0017687720947434172,-0.00010698218702442268,-0.001875754281767839,1.8214596497756474e-17,0.0026607265938002308,0.011791822971019857,0.00244140625,0.1875,0,0.05465193088810024,0.007838854043062306
verified-v3-adamw-3e-6/checkpoint-782,3e-06,adamw,verified-v3-adamw-3e-6,782,1,SciFact,0.2639435488638865,0.9769331095982161,0.14067050783527174,0.09712706581159822,0.5915556903207425,0.11743325767035658,0.11743325767035656,0.11743325767035658,-0.2639435488638865,0.2638694247687402,-0.04346931792852721,-7.412409514632491e-05,-0.04354344202367353,-5.204170427930421e-18,0.043843549643322904,0.18437341042188554,0.050048828125,0.25,0,0.030762182599851858,0.1827996697438102
verified-v3-adamw-3e-6/checkpoint-782,3e-06,adamw,verified-v3-adamw-3e-6,782,1,TRECCOVID,0.05992701516038964,0.8880158835937564,0.11037397908358731,0.10393039861488643,0.5150337117185888,0.10655071586489406,0.10655071586489406,0.10655071586489406,-0.05992701516038963,0.059931848197554434,-0.006448413505865697,4.833037164798243e-06,-0.006443580468700899,9.540979117872439e-18,0.007159505457375984,0.03340811575696978,0.007242838541666667,0.1875,0,0.02308485914048991,0.030089975646407995
verified-v3-adamw-3e-6/checkpoint-782,3e-06,adamw,verified-v3-adamw-3e-6,782,1,Touche2020,0.2658087403997575,1.0,0.1162278813032783,0.10172182136171974,0.5332784577454902,0.10886427921784346,0.10886427921784346,0.10886427921784347,-0.26580874039975744,0.2657380951981082,-0.014435414739909253,-7.064520164928693e-05,-0.01450605994155854,8.023096076392733e-18,0.015029188823689633,0.06895714304685431,0.015299479166666666,0.1875,0,0.02144064333948892,0.06623278014789204
verified-v3-muon-1e-3/checkpoint-1563,0.001,muon,verified-v3-muon-1e-3,1563,2,ArguAna,0.24664919207081862,1.0,0.09699083506372795,0.09676042988575784,0.5005945901257217,0.09662246327772961,0.09662246327772961,0.09662246327772964,-0.24664919207081862,0.24661056172989526,-0.00019177483704678998,-3.863034092332039e-05,-0.00023040517797011037,2.168404344971009e-17,0.0009569922248681971,0.004939282461550385,0.00016276041666666666,0.0625,0,0.02685377115732443,0.0009897991483915672
verified-v3-muon-1e-3/checkpoint-1563,0.001,muon,verified-v3-muon-1e-3,1563,2,ClimateFEVER,-0.0020885590853954097,0.773879786603604,0.11276317969464672,0.10275591399634988,0.523216656879239,0.10762346084317838,0.10762346084317839,0.10762346084317836,0.0020885590853953907,-0.0020189636483333166,-0.010076861135358904,6.959543706207272e-05,-0.010007265698296831,-1.214306433183765e-17,0.010695356915959102,0.049626029567912504,0.015380859375,0.125,0,0.021962729229967337,0.046756233811036434
verified-v3-muon-1e-3/checkpoint-1563,0.001,muon,verified-v3-muon-1e-3,1563,2,DBPedia,0.2912739248808353,1.0,0.12007908775802667,0.11819793397759121,0.50394740912643,0.11930083968617164,0.11930083968617164,0.11930083968617164,-0.29127392488083537,0.2911211888300077,-0.0017284177296077903,-0.00015273605082767767,-0.001881153780435468,-1.0408340855860843e-17,0.002654404510187618,0.011139993654666513,0.0013834635416666667,0.25,0,0.02492707230512238,0.007253816238838043
verified-v3-muon-1e-3/checkpoint-1563,0.001,muon,verified-v3-muon-1e-3,1563,2,FEVER,0.41444964698886855,1.0,0.10766222823189467,0.10208348181553867,0.5132988331801741,0.10550559515914207,0.10550559515914204,0.10550559515914208,-0.41444964698886855,0.414294968885915,-0.005424068313402421,-0.0001546781029535694,-0.00557874641635599,4.185020385794047e-17,0.006082459100300352,0.028999206224169363,0.005777994791666667,0.1875,0,0.023257101231534506,0.02586021097726282
verified-v3-muon-1e-3/checkpoint-1563,0.001,muon,verified-v3-muon-1e-3,1563,2,FiQA2018,0.2171025584741802,0.9538662191964322,0.11173112212876697,0.10451608330918816,0.5166823862647532,0.10654127885849385,0.10654127885849385,0.10654127885849382,-0.21710255847418025,0.2169534147207346,-0.007065895066133173,-0.0001491437534456349,-0.007215038819578808,-2.8189256484623115e-17,0.007832889989516301,0.036221924688703944,0.005777994791666667,0.125,0,0.022701264762589424,0.0326750815198881
verified-v3-muon-1e-3/checkpoint-1563,0.001,muon,verified-v3-muon-1e-3,1563,2,HotpotQA,0.2803880148800393,1.0,0.11178768772434704,0.11048872351528406,0.5029219569494997,0.11107798695425707,0.11107798695425705,0.11107798695425708,-0.2803880148800393,0.2803436012795988,-0.001254550608622479,-4.4413600440499496e-05,-0.0012989642090629784,1.214306433183765e-17,0.0020783578663548783,0.009350330315141936,0.0008138020833333334,0.125,0,0.022890444758848473,0.005644101421405336
verified-v3-muon-1e-3/checkpoint-1563,0.001,muon,verified-v3-muon-1e-3,1563,2,MSMARCO,0.4428613856796374,1.0,0.10988295374138186,0.10780051003819838,0.504783192225598,0.10826197582638929,0.10826197582638929,0.10826197582638929,-0.44286138567963745,0.44269790243646107,-0.0019189604600071304,-0.00016348324317634957,-0.00208244370318348,5.204170427930421e-18,0.002791935260039527,0.012825665356310927,0.0008951822916666666,0.1875,0,0.030325494749074502,0.008815370844843833
verified-v3-muon-1e-3/checkpoint-1563,0.001,muon,verified-v3-muon-1e-3,1563,2,NFCorpus,-0.008488291931341242,0.6834747537224295,0.12615476103843326,0.09600659052992222,0.5678519695160275,0.11177190903115922,0.11177190903115922,0.11177190903115922,0.008488291931341225,-0.008546548480960495,-0.03008991395889178,-5.825654961926895e-05,-0.03014817050851105,-6.7220534694101275e-18,0.03055211231505754,0.1375221752090266,0.02783203125,0.4375,0,0.024542749597773448,0.13544171273027927
verified-v3-muon-1e-3/checkpoint-1563,0.001,muon,verified-v3-muon-1e-3,1563,2,NQ,0.42339939286019346,1.0,0.1283874684460495,0.1116394272073335,0.5348878428667875,0.11925932564242335,0.11925932564242335,0.11925932564242334,-0.4233993928601934,0.42326417664698646,-0.016612825025509106,-0.00013521621320691617,-0.016748041238716024,-1.0408340855860843e-17,0.017329841524104647,0.07219958195489164,0.016682942708333332,0.0625,0,0.023175854620644854,0.06921234797578386
verified-v3-muon-1e-3/checkpoint-1563,0.001,muon,verified-v3-muon-1e-3,1563,2,QuoraRetrieval,0.47045566756629364,1.0,0.10213893082523823,0.10197328112934992,0.5004057809532855,0.10169308789861901,0.10169308789861903,0.101693087898619,-0.47045566756629364,0.47029001787040536,0.0,-0.00016564969588830566,-0.00016564969588830566,-2.1250362580715887e-17,0.0008004879310787453,0.003921803224869473,0.0,0.0,0,0.023193452295635547,-0.0
verified-v3-muon-1e-3/checkpoint-1563,0.001,muon,verified-v3-muon-1e-3,1563,2,SCIDOCS,0.089819458576127,0.8555909140437343,0.1163477132698077,0.10835443187792138,0.5177863931531032,0.1122290927593981,0.11222909275939809,0.11222909275939813,-0.08981945857612698,0.08978841812393079,-0.007962240939690158,-3.104045219618325e-05,-0.00799328139188634,2.7755575615628914e-17,0.008673077490087614,0.03859810721604617,0.008463541666666666,0.1875,0,0.037857654603091824,0.035434645870672174
verified-v3-muon-1e-3/checkpoint-1563,0.001,muon,verified-v3-muon-1e-3,1563,2,SciFact,0.2516430180461581,1.0,0.12528850135217195,0.10478862619063578,0.5445500067313775,0.1120128745468959,0.1120128745468959,0.1120128745468959,-0.2516430180461581,0.2515652051042322,-0.02042206221961029,-7.781294192586545e-05,-0.020499875161536153,-9.107298248878237e-18,0.021022772368695174,0.09137271745877354,0.022542317708333332,0.3125,0,0.022083061138886858,0.08876180973621813
verified-v3-muon-1e-3/checkpoint-1563,0.001,muon,verified-v3-muon-1e-3,1563,2,TRECCOVID,0.07620584490798224,0.8798327739955403,0.1116646355416307,0.0878919904342192,0.5595636576614811,0.09981432067591249,0.09981432067591248,0.09981432067591249,-0.07620584490798223,0.07619531145009223,-0.02376211164952151,-1.0533457889989883e-05,-0.0237726451074115,2.0816681711721685e-17,0.02413012376527788,0.12091867983475567,0.032552083333333336,0.1875,0,0.02092169456366671,0.11907453101756277
verified-v3-muon-1e-3/checkpoint-1563,0.001,muon,verified-v3-muon-1e-3,1563,2,Touche2020,0.32546653805365827,1.0,0.10955363346266495,0.10775348267814583,0.5041419508401019,0.10782682177406602,0.10782682177406602,0.10782682177406602,-0.32546653805365827,0.32538878060661136,-0.0017223933374722056,-7.775744704690592e-05,-0.0018001507845191115,-3.903127820947816e-18,0.0025474073809561523,0.011722613719218851,0.00146484375,0.125,0,0.0221252628948948,0.007926078851261035
verified-v3-muon-1e-3/checkpoint-2345,0.001,muon,verified-v3-muon-1e-3,2345,3,ArguAna,0.25091056027334513,1.0,0.10080359856616064,0.08841222409309779,0.5327440229334768,0.09349280283368303,0.09349280283368303,0.09349280283368301,-0.2509105602733452,0.25085567691132693,-0.012336491111044592,-5.488336201825775e-05,-0.01239137447306285,-3.122502256758253e-17,0.012897936546864767,0.06816521137395307,0.013346354166666666,0.125,0,0.03008405516924226,0.06519798892960585
verified-v3-muon-1e-3/checkpoint-2345,0.001,muon,verified-v3-muon-1e-3,2345,3,ClimateFEVER,-0.0003711872035626687,0.7581392420605573,0.11517601004290998,0.09833851933838464,0.5394293792401755,0.10792103850580684,0.10792103850580684,0.10792103850580684,0.0003711872035626557,-0.0003110096035390254,-0.016897668304548953,6.0177600023631275e-05,-0.016837490704525324,-4.336808689942018e-18,0.017366615819113335,0.08133692760598976,0.01611328125,0.25,0,0.031008494237124307,0.07914060159518731
verified-v3-muon-1e-3/checkpoint-2345,0.001,muon,verified-v3-muon-1e-3,2345,3,DBPedia,0.29583670220043556,1.0,0.12268778793455193,0.1067830745021543,0.5346551916515861,0.11400152942197077,0.11400152942197078,0.11400152942197075,-0.29583670220043556,0.2956732634770758,-0.01574127470903782,-0.00016343872335981575,-0.015904713432397636,-2.3418766925686896e-17,0.01644412612277729,0.07166106384122294,0.014078776041666666,0.125,0,0.02150965285433211,0.06859814157616484
verified-v3-muon-1e-3/checkpoint-2345,0.001,muon,verified-v3-muon-1e-3,2345,3,FEVER,0.4175096793532529,1.0,0.1220836428568849,0.1041146113450095,0.539719651186691,0.11280328210397125,0.11280328210397128,0.11280328210397123,-0.41750967935325295,0.41738732634398634,-0.01784667850260878,-0.00012235300926663126,-0.01796903151187541,-5.984795992119984e-17,0.018398869919257883,0.08133957525081462,0.017171223958333332,0.375,0,0.024232130546275776,0.0788983918800701
verified-v3-muon-1e-3/checkpoint-2345,0.001,muon,verified-v3-muon-1e-3,2345,3,FiQA2018,0.22665777220529165,0.9769331095982161,0.11003538719343509,0.09584630046030312,0.5344593219893259,0.10328555010296576,0.10328555010296575,0.10328555010296576,-0.22665777220529162,0.22654112678307314,-0.014072441310913479,-0.00011664542221847922,-0.014189086733131958,2.1250362580715887e-17,0.014610519776610539,0.07096561109010928,0.014729817708333334,0.25,0,0.0187314587449962,0.06835207866850787
verified-v3-muon-1e-3/checkpoint-2345,0.001,muon,verified-v3-muon-1e-3,2345,3,HotpotQA,0.2893438340938463,1.0,0.1123454969090345,0.10896388685048622,0.5076400060429042,0.11077576899979043,0.11077576899979043,0.11077576899979041,-0.2893438340938463,0.28926367325281027,-0.0033014492175122354,-8.016084103605083e-05,-0.003381610058548286,-1.8214596497756474e-17,0.0041011030984738385,0.01853108543707383,0.0034993489583333335,0.1875,0,0.019806229706419706,0.01491780041780631
verified-v3-muon-1e-3/checkpoint-2345,0.001,muon,verified-v3-muon-1e-3,2345,3,MSMARCO,0.45937358245638354,1.0,0.10554928492934235,0.10348499153062263,0.5049376911616575,0.10453564066159873,0.10453564066159875,0.10453564066159872,-0.4593735824563836,0.4591810376374811,-0.0018717485798172354,-0.00019254481890247296,-0.0020642933987197083,-2.1033522146218786e-17,0.002705515181645444,0.01294292604765044,0.0016276041666666667,0.1875,0,0.02967543391275967,0.008954266312279746
verified-v3-muon-1e-3/checkpoint-2345,0.001,muon,verified-v3-muon-1e-3,2345,3,NFCorpus,-0.012810846281178416,0.7033751153155925,0.1162749040989022,0.11609439704134292,0.5003884055610477,0.11572906264144643,0.11572906264144643,0.11572906264144643,0.012810846281178422,-0.01284753029583326,-0.00014382304290443473,-3.668401465483761e-05,-0.00018050705755927234,3.469446951953614e-18,0.0010666703408988877,0.004590409902102795,0.000244140625,0.0625,0,0.02883329381763267,0.0006189416682784236
verified-v3-muon-1e-3/checkpoint-2345,0.001,muon,verified-v3-muon-1e-3,2345,3,NQ,0.42871621567128626,1.0,0.13164727354559108,0.10320501089449716,0.5605535149868845,0.11702641605527442,0.11702641605527439,0.11702641605527445,-0.4287162156712862,0.42857748943851753,-0.028303536418325236,-0.00013872623276868674,-0.028442262651093925,3.8163916471489756e-17,0.02882886230164589,0.12275316959499384,0.02880859375,0.1875,0,0.022704462770180137,0.12051633428137072
verified-v3-muon-1e-3/checkpoint-2345,0.001,muon,verified-v3-muon-1e-3,2345,3,QuoraRetrieval,0.4881548315099049,1.0,0.10243302609731318,0.10033850366001906,0.5051647350093988,0.10088839367539584,0.10088839367539584,0.10088839367539587,-0.48815483150990485,0.4879719025950907,-0.001911593522479972,-0.00018292891481415038,-0.0020945224372941225,1.951563910473908e-17,0.0026736731976865044,0.013185643965334951,0.00146484375,0.125,0,0.026058175306216052,0.009427327025483706
verified-v3-muon-1e-3/checkpoint-2345,0.001,muon,verified-v3-muon-1e-3,2345,3,SCIDOCS,0.09862369840311691,0.8799671730120284,0.11243192231646927,0.11242394157988786,0.5000177463385724,0.11203956008269081,0.11203956008269081,0.11203956008269082,-0.09862369840311691,0.09861571766653551,0.0,-7.980736581409895e-06,-7.980736581409895e-06,6.938893903907228e-18,0.0008981187596329992,0.003994197634298607,0.0,0.0,0,0.03496629618511725,-0.0
verified-v3-muon-1e-3/checkpoint-2345,0.001,muon,verified-v3-muon-1e-3,2345,3,SciFact,0.2563897191093573,1.0,0.1175557418257035,0.09775969538323022,0.545969872618246,0.10526160428951786,0.10526160428951786,0.10526160428951786,-0.2563897191093573,0.25628390209410523,-0.019690229427221186,-0.00010581701525209583,-0.019796046442473278,-1.3010426069826053e-17,0.020232380381303164,0.09396623225705109,0.021728515625,0.125,0,0.019818189299089628,0.09144829410496264
verified-v3-muon-1e-3/checkpoint-2345,0.001,muon,verified-v3-muon-1e-3,2345,3,TRECCOVID,0.07705223307255477,0.8798327739955403,0.10638310195842224,0.09625583433263273,0.524988454369015,0.100469749175512,0.100469749175512,0.100469749175512,-0.07705223307255477,0.07704801828892209,-0.010123052842156834,-4.214783632678493e-06,-0.010127267625789513,1.734723475976807e-18,0.010678805615055902,0.052698685704299635,0.012369791666666666,0.125,0,0.025778814374973206,0.04995610926232292
verified-v3-muon-1e-3/checkpoint-2345,0.001,muon,verified-v3-muon-1e-3,2345,3,Touche2020,0.3412748063764637,1.0,0.1071247703410216,0.10608002085977614,0.5024501078877291,0.10622537930100581,0.10622537930100581,0.10622537930100581,-0.34127480637646374,0.3411866322763082,-0.0009565753810899212,-8.817410015554e-05,-0.0010447494812454612,1.3010426069826053e-17,0.0017687406364282584,0.008295970397599772,0.0010579427083333333,0.1875,0,0.02699797530578112,0.00448665049083729
verified-v3-muon-1e-3/checkpoint-3126,0.001,muon,verified-v3-muon-1e-3,3126,4,ArguAna,0.2548617371209902,1.0,0.09401952180897387,0.09396624169394026,0.500141713164978,0.09365404831025284,0.09365404831025287,0.09365404831025283,-0.25486173712099025,0.25480845700595656,0.0,-5.328011503362255e-05,-5.328011503362255e-05,-4.466912950640278e-17,0.0007591268186206586,0.004038214407703755,0.0,0.0,0,0.021589220734669328,-0.0
verified-v3-muon-1e-3/checkpoint-3126,0.001,muon,verified-v3-muon-1e-3,3126,4,ClimateFEVER,-0.000611989900441829,0.7586249774575466,0.1134947542603977,0.11352225479064737,0.49993943068326774,0.1131356043944546,0.11313560439445458,0.11313560439445458,0.0006119899004418221,-0.0005502579887139354,-3.4231381478224895e-05,6.173191172788826e-05,2.750053024966337e-05,1.734723475976807e-18,0.0008724060120231089,0.003842910342576786,8.138020833333333e-05,0.0625,0,0.031148227005102336,0.00015078773886289696
verified-v3-muon-1e-3/checkpoint-3126,0.001,muon,verified-v3-muon-1e-3,3126,4,DBPedia,0.29155524431261265,1.0,0.12375375270989034,0.11271605790683642,0.5233384861565773,0.11945052180402913,0.11945052180402913,0.11945052180402913,-0.2915552443126127,0.2913968256869386,-0.01087927617737984,-0.0001584186256740859,-0.011037694803053926,-1.3010426069826053e-17,0.01160613070632975,0.04908081363984814,0.009602864583333334,0.1875,0,0.022359259302097336,0.046007040598569714
verified-v3-muon-1e-3/checkpoint-3126,0.001,muon,verified-v3-muon-1e-3,3126,4,FEVER,0.4280749063978485,1.0,0.12119839979306053,0.11243297368110634,0.5187590946832391,0.11566093795840318,0.11566093795840321,0.11566093795840318,-0.42807490639784845,0.42792512309231334,-0.00861564280641906,-0.00014978330553513594,-0.008765426111954196,-2.42861286636753e-17,0.0093218851814607,0.03989997166408577,0.008544921875,0.125,0,0.025652052519021314,0.036877079812963176
verified-v3-muon-1e-3/checkpoint-3126,0.001,muon,verified-v3-muon-1e-3,3126,4,FiQA2018,0.23021584667079653,0.9538662191964322,0.10889306445353969,0.09687236535391186,0.5292097149430699,0.10246034725034607,0.10246034725034607,0.10246034725034606,-0.23021584667079653,0.2300738570999531,-0.01187870952878442,-0.00014198957084341976,-0.01202069909962784,1.3010426069826053e-18,0.012524593701699362,0.06086830870190129,0.011962890625,0.0625,0,0.020397613335989287,0.05772937436526691
verified-v3-muon-1e-3/checkpoint-3126,0.001,muon,verified-v3-muon-1e-3,3126,4,HotpotQA,0.293938037574996,1.0,0.11877760345365454,0.10998070806939243,0.5192274880105849,0.11419250480099269,0.11419250480099269,0.11419250480099272,-0.2939380375749959,0.29387407068729576,-0.008732928496561942,-6.396688770016201e-05,-0.008796895384262104,3.2959746043559335e-17,0.009510715598200326,0.04157538816788363,0.006754557291666667,0.1875,0,0.02688087365229727,0.038175349513725164
verified-v3-muon-1e-3/checkpoint-3126,0.001,muon,verified-v3-muon-1e-3,3126,4,MSMARCO,0.4753192100719611,1.0,0.10904997728390398,0.1082881905822434,0.5017525377828016,0.10834594282435621,0.10834594282435622,0.10834594282435618,-0.4753192100719612,0.4751313079961691,-0.0005738846258684926,-0.00018790207579208462,-0.0007617867016605773,-5.984795992119984e-17,0.001466390527363538,0.00674704559148878,0.00048828125,0.125,0,0.03296588724922115,0.0026405146942341602
verified-v3-muon-1e-3/checkpoint-3126,0.001,muon,verified-v3-muon-1e-3,3126,4,NFCorpus,-0.016408310973060537,0.6216586193916117,0.11783457219177071,0.10508974867405732,0.5285855385096904,0.11102040894144298,0.111020408941443,0.111020408941443,0.01640831097306053,-0.016445056836198443,-0.012708077654575482,-3.674586313790699e-05,-0.012744823517713388,3.469446951953614e-18,0.013381940732486783,0.060029074802210584,0.012532552083333334,0.125,0,0.02498051877955705,0.057006241424075586
verified-v3-muon-1e-3/checkpoint-3126,0.001,muon,verified-v3-muon-1e-3,3126,4,NQ,0.44289342165865825,1.0,0.12017954643748349,0.1175700299267341,0.5054879519674764,0.1183921928921387,0.1183921928921387,0.1183921928921387,-0.44289342165865825,0.4427485134757678,-0.002464608327858976,-0.00014490818289042244,-0.0026095165107493986,-6.071532165918825e-18,0.003251636676927386,0.013676729635665389,0.0020345052083333335,0.0625,0,0.02055439645475376,0.010366404708470854
verified-v3-muon-1e-3/checkpoint-3126,0.001,muon,verified-v3-muon-1e-3,3126,4,QuoraRetrieval,0.4846595498325858,1.0,0.105828295540108,0.1004142583761957,0.5131254124357609,0.10238331440195853,0.10238331440195854,0.10238331440195853,-0.48465954983258586,0.48448124368896184,-0.005235731020288372,-0.0001783061436239318,-0.005414037163912304,-2.3418766925686896e-17,0.005963589319380491,0.028915416368440645,0.005126953125,0.1875,0,0.025564298290814795,0.025386279023741673
verified-v3-muon-1e-3/checkpoint-3126,0.001,muon,verified-v3-muon-1e-3,3126,4,SCIDOCS,0.10003760257102258,0.8583298984711626,0.11450123710219358,0.11441566956544447,0.5001868964988099,0.11402787159943288,0.1140278715994329,0.11402787159943288,-0.1000376025710226,0.10000332292013994,-5.128788586647448e-05,-3.4279650882641094e-05,-8.556753674911557e-05,-3.0357660829594124e-18,0.0009618179605711133,0.004201602994607849,8.138020833333333e-05,0.0625,0,0.028272630748919097,0.00022404586281142967
verified-v3-muon-1e-3/checkpoint-3126,0.001,muon,verified-v3-muon-1e-3,3126,4,SciFact,0.25408012219741694,1.0,0.10961011964840753,0.10927836188429914,0.5007578237141246,0.10918563387036856,0.10918563387036859,0.10918563387036856,-0.254080122197417,0.2539850347399533,-0.00023667030664471095,-9.508745746367175e-05,-0.0003317577641083827,-2.3418766925686896e-17,0.0010645320156142126,0.004863353284558962,8.138020833333333e-05,0.0625,0,0.018462219181353698,0.0010812369156544554
verified-v3-muon-1e-3/checkpoint-3126,0.001,muon,verified-v3-muon-1e-3,3126,4,TRECCOVID,0.07622981737871823,0.8798327739955403,0.10205866339813244,0.09845737061618881,0.5089800618679862,0.0994799415829831,0.0994799415829831,0.09947994158298308,-0.07622981737871828,0.07623771221005812,-0.0036091876132834794,7.894831339847266e-06,-0.003601292781943632,-2.2551405187698492e-17,0.004356932392458459,0.021728598482789054,0.0034993489583333335,0.0625,0,0.02632174135815188,0.0179994963047479
verified-v3-muon-1e-3/checkpoint-3126,0.001,muon,verified-v3-muon-1e-3,3126,4,Touche2020,0.3378150825040459,1.0,0.10822072224802701,0.1077385936619497,0.5011162486416615,0.10747315043699096,0.10747315043699093,0.107473150436991,-0.3378150825040458,0.33773691527071154,-0.00040396135274299236,-7.816723333431766e-05,-0.00048212858607731,5.811323644522304e-17,0.0012275947760533863,0.005684379814229051,0.00016276041666666666,0.0625,0,0.024018524276826735,0.0018705437690466889
verified-v3-muon-1e-3/checkpoint-3907,0.001,muon,verified-v3-muon-1e-3,3907,5,ArguAna,0.2553194057609029,1.0,0.09603499605037032,0.09159259899683109,0.5118383360731711,0.09367949345057364,0.09367949345057364,0.09367949345057365,-0.2553194057609029,0.2552699206273579,-0.004392911919994287,-4.948513354494262e-05,-0.004442397053539229,6.938893903907228e-18,0.005010116342426912,0.026702449291462267,0.0048828125,0.125,0,0.021929148762152798,0.023412930911837163
verified-v3-muon-1e-3/checkpoint-3907,0.001,muon,verified-v3-muon-1e-3,3907,5,ClimateFEVER,0.0011075186670181786,0.7586249774575466,0.11219241427405875,0.10917159955888281,0.5068231838203288,0.11124935481890721,0.1112493548189072,0.11124935481890721,-0.0011075186670181786,0.0011589491482551324,-0.003072245196412889,5.1430481236952943e-05,-0.003020814715175936,6.071532165918825e-18,0.003764793020068482,0.017007249529319098,0.0029296875,0.0625,0,0.03205754394034002,0.013878702067317242
verified-v3-muon-1e-3/checkpoint-3907,0.001,muon,verified-v3-muon-1e-3,3907,5,DBPedia,0.2977946885704156,1.0,0.12064757757925562,0.11444985420000905,0.5131811805266032,0.11811036607780459,0.11811036607780462,0.11811036607780459,-0.29779468857041563,0.2976380649463628,-0.00604109975519369,-0.0001566236240528691,-0.006197723379246559,-1.691355389077387e-17,0.006885372917834682,0.02928731660624616,0.004638671875,0.125,0,0.021965406537442125,0.025696153758352148
verified-v3-muon-1e-3/checkpoint-3907,0.001,muon,verified-v3-muon-1e-3,3907,5,FEVER,0.4401322212956653,1.0,0.12041180440495731,0.11074818293664396,0.5209024528410983,0.11541931483585888,0.11541931483585889,0.11541931483585885,-0.44013222129566537,0.4399713590413077,-0.009502759213955707,-0.00016086225435765072,-0.009663621468313358,-3.3393426912553537e-17,0.0101686707892799,0.043989753184459836,0.009033203125,0.0625,0,0.022564684052015723,0.04110901425129781
verified-v3-muon-1e-3/checkpoint-3907,0.001,muon,verified-v3-muon-1e-3,3907,5,FiQA2018,0.2332101793674923,0.9769331095982161,0.10355818021077037,0.10341754327133759,0.5003397425965392,0.1031274136107875,0.10312741361078749,0.1031274136107875,-0.23321017936749228,0.23306954242805952,0.0,-0.0001406369394327759,-0.0001406369394327759,1.951563910473908e-18,0.0008154598578419966,0.003939881664008238,0.0,0.0,0,0.020147281686747433,-0.0
verified-v3-muon-1e-3/checkpoint-3907,0.001,muon,verified-v3-muon-1e-3,3907,5,HotpotQA,0.2994847182686251,1.0,0.13053475078845372,0.10282981480107509,0.5593597745171596,0.11528583856686744,0.11528583856686743,0.11528583856686744,-0.29948471826862505,0.29940814698193596,-0.02762836470068949,-7.657128668913868e-05,-0.02770493598737863,-3.469446951953614e-18,0.028169291819102795,0.12070937911221072,0.026692708333333332,0.4375,0,0.02293907681714785,0.11839143029660196
verified-v3-muon-1e-3/checkpoint-3907,0.001,muon,verified-v3-muon-1e-3,3907,5,MSMARCO,0.4710075665647789,1.0,0.10945709757507265,0.10661476751581889,0.5065772794113156,0.10816398520412335,0.10816398520412332,0.10816398520412335,-0.4710075665647789,0.47082101635155443,-0.002655779846029334,-0.00018655021322441442,-0.0028423300592537483,3.382710778154774e-17,0.0034750336281735364,0.016082767771323437,0.001953125,0.0625,0,0.03259553252033218,0.012291187679211122
verified-v3-muon-1e-3/checkpoint-3907,0.001,muon,verified-v3-muon-1e-3,3907,5,NFCorpus,-0.016352298134809207,0.6963034157677512,0.1193314950671869,0.1019565514178852,0.5392586583985994,0.11008178620148648,0.11008178620148645,0.11008178620148648,0.016352298134809234,-0.016365514396923672,-0.017361727387187262,-1.3216262114434246e-05,-0.0173749436493017,2.6454533008646308e-17,0.017955341761831597,0.08114013407878698,0.015055338541666666,0.25,0,0.024806167633439437,0.07845759254943971
verified-v3-muon-1e-3/checkpoint-3907,0.001,muon,verified-v3-muon-1e-3,3907,5,NQ,0.454542921601081,1.0,0.11791594196110472,0.11733880085429291,0.5012266301199817,0.11726361839432417,0.11726361839432417,0.1172636183943242,-0.45454292160108095,0.4544046399962054,-0.0004388595019362562,-0.00013828160487555988,-0.0005771411068118161,1.9081958235744878e-17,0.0013505026258188437,0.005740596808620226,0.00048828125,0.0625,0,0.022535430263769356,0.0018654650558123944
verified-v3-muon-1e-3/checkpoint-3907,0.001,muon,verified-v3-muon-1e-3,3907,5,QuoraRetrieval,0.4935405521442101,1.0,0.10168781860611797,0.10150881898717276,0.5004404591066696,0.10123834547358256,0.10123834547358257,0.10123834547358254,-0.49354055214421005,0.4933615525252649,0.0,-0.0001789996189452206,-0.0001789996189452206,-2.862293735361732e-17,0.0008060097613782123,0.003966649108591478,0.0,0.0,0,0.02623548799544588,-0.0
verified-v3-muon-1e-3/checkpoint-3907,0.001,muon,verified-v3-muon-1e-3,3907,5,SCIDOCS,0.09814730317229522,0.8555909140437343,0.11741878608776439,0.11021673053216888,0.5158192703461567,0.1133661807829826,0.1133661807829826,0.11336618078298262,-0.0981473031722952,0.09812061626164925,-0.007175368644949566,-2.6686910645948997e-05,-0.007202055555595515,1.4094628242311558e-17,0.007973011128711295,0.035025338958960706,0.005777994791666667,0.125,0,0.02927602368047753,0.031521305424977976
verified-v3-muon-1e-3/checkpoint-3907,0.001,muon,verified-v3-muon-1e-3,3907,5,SciFact,0.2579327002071148,1.0,0.11322538130736887,0.1049405809161258,0.5189873807692236,0.10796062310319834,0.10796062310319834,0.10796062310319834,-0.2579327002071148,0.2578530943672859,-0.008205194551414177,-7.960583982888694e-05,-0.008284800391243064,1.214306433183765e-17,0.008890433253723296,0.040750780566840734,0.009358723958333334,0.1875,0,0.019278908149868733,0.037609874921774325
verified-v3-muon-1e-3/checkpoint-3907,0.001,muon,verified-v3-muon-1e-3,3907,5,TRECCOVID,0.07882890629790199,0.8798327739955403,0.10357097236584298,0.09974058413752447,0.5094199963204135,0.10088570079032497,0.10088570079032497,0.10088570079032495,-0.07882890629790203,0.07883594315561711,-0.003837425086033599,7.036857715084915e-06,-0.003830388228318514,-2.42861286636753e-17,0.004561810428384215,0.02243753629572285,0.0037434895833333335,0.125,0,0.024620372673605437,0.01887460384461736
verified-v3-muon-1e-3/checkpoint-3907,0.001,muon,verified-v3-muon-1e-3,3907,5,Touche2020,0.3355695409075429,1.0,0.11746366293247518,0.09934028359349006,0.5417967007275271,0.10642404509826106,0.10642404509826107,0.10642404509826103,-0.3355695409075429,0.33549535259487984,-0.0180491910263221,-7.418831266300767e-05,-0.018123379338985106,-2.7755575615628914e-17,0.01860800587194275,0.08582872300119401,0.017659505208333332,0.1875,0,0.023870435024493052,0.08325121067000717
verified-v3-muon-1e-3/checkpoint-782,0.001,muon,verified-v3-muon-1e-3,782,1,ArguAna,0.24139427248811535,1.0,0.09576205056811696,0.09113621701164865,0.5123752713611807,0.09352832024591393,0.09352832024591395,0.0935283202459139,-0.24139427248811537,0.24134394441883722,-0.004575505487190146,-5.032806927815492e-05,-0.004625833556468301,-4.2934406030425976e-17,0.00520314460387385,0.027839448012289464,0.004964192708333333,0.125,0,0.026804561264233757,0.024481262167063072
verified-v3-muon-1e-3/checkpoint-782,0.001,muon,verified-v3-muon-1e-3,782,1,ClimateFEVER,-0.007438051056467703,0.7111818280874688,0.11380377257032148,0.10233692118460463,0.5265263592581938,0.10971512937807479,0.10971512937807479,0.10971512937807479,0.007438051056467689,-0.0074016392566883665,-0.011503263185496165,3.6411799779325314e-05,-0.01146685138571684,-1.734723475976807e-18,0.012018198419538556,0.05560358954508374,0.011311848958333334,0.125,0,0.02370481402374584,0.05322118193318694
verified-v3-muon-1e-3/checkpoint-782,0.001,muon,verified-v3-muon-1e-3,782,1,DBPedia,0.28201832933308785,1.0,0.12047112404114857,0.11415300084267688,0.5134643511224605,0.11844901525251711,0.11844901525251711,0.11844901525251711,-0.2820183293330878,0.28186095089131086,-0.0061607447566947166,-0.0001573784417769758,-0.006318123198471692,7.806255641895632e-18,0.0069954798649426875,0.029815688682510853,0.004801432291666667,0.125,0,0.02629160857640314,0.026257933875066003
verified-v3-muon-1e-3/checkpoint-782,0.001,muon,verified-v3-muon-1e-3,782,1,FEVER,0.40323412751432475,1.0,0.11337644196563106,0.09715341612810673,0.5385290380766349,0.10463314494253775,0.10463314494253775,0.10463314494253777,-0.40323412751432475,0.40313382723358954,-0.016122725556789168,-0.00010030028073515496,-0.016223025837524323,1.214306433183765e-17,0.016669657115041325,0.07917953902585737,0.016438802083333332,0.1875,0,0.030156648386019946,0.07658165783596631
verified-v3-muon-1e-3/checkpoint-782,0.001,muon,verified-v3-muon-1e-3,782,1,FiQA2018,0.2220170455902044,0.9769331095982161,0.11295021403955227,0.11287121647784122,0.5001749115695752,0.1124943064521989,0.1124943064521989,0.1124943064521989,-0.2220170455902044,0.22193804802849337,0.0,-7.899756171103264e-05,-7.899756171103264e-05,3.686287386450715e-18,0.0009008255500151912,0.003989105675007256,0.0,0.0,0,0.0247065722467031,-0.0
verified-v3-muon-1e-3/checkpoint-782,0.001,muon,verified-v3-muon-1e-3,782,1,HotpotQA,0.27999345227587846,1.0,0.11556834622196036,0.10716598793281296,0.5188618389729461,0.11199340958790079,0.11199340958790077,0.11199340958790081,-0.27999345227587835,0.2799246866733554,-0.008333592686624428,-6.876560252296916e-05,-0.008402358289147397,3.426078865054194e-17,0.009063259244031653,0.04069089428185683,0.007242838541666667,0.25,0,0.021977581284285324,0.037414944212568475
verified-v3-muon-1e-3/checkpoint-782,0.001,muon,verified-v3-muon-1e-3,782,1,MSMARCO,0.4260277498830823,1.0,0.11390370554324497,0.10459401893766646,0.5213038525405601,0.10726878190992195,0.10726878190992195,0.10726878190992195,-0.4260277498830823,0.42590388705317195,-0.009185823775668234,-0.0001238628299102748,-0.009309686605578509,0.0,0.009951404700665592,0.04554466058768944,0.006510416666666667,0.125,0,0.03137013344280176,0.04204082123734306
verified-v3-muon-1e-3/checkpoint-782,0.001,muon,verified-v3-muon-1e-3,782,1,NFCorpus,-0.007922376238712883,0.685892117584935,0.12261812617950446,0.09833846270676572,0.5549421576317778,0.10996550532468538,0.10996550532468538,0.10996550532468538,0.007922376238712859,-0.00792725764660998,-0.024274782064841627,-4.8814078971205765e-06,-0.024279663472738744,-2.3418766925686896e-17,0.024746938421959637,0.11199909695699219,0.025716145833333332,0.3125,0,0.031237358402577183,0.10986222310544556
verified-v3-muon-1e-3/checkpoint-782,0.001,muon,verified-v3-muon-1e-3,782,1,NQ,0.4094252667185068,1.0,0.11230394098779024,0.11210735876616404,0.5004379953724294,0.11182606029740748,0.11182606029740746,0.11182606029740749,-0.40942526671850676,0.40931970677084434,-9.10222739637992e-05,-0.00010555994766241195,-0.00019658222162621114,3.469446951953614e-17,0.000980565609015333,0.004369501937248393,0.00016276041666666666,0.0625,0,0.021141826156066596,0.00040560468240055864
verified-v3-muon-1e-3/checkpoint-782,0.001,muon,verified-v3-muon-1e-3,782,1,QuoraRetrieval,0.48820619161012774,1.0,0.10565552192620188,0.10387963366902858,0.5042376856812608,0.10465437446248166,0.10465437446248163,0.10465437446248169,-0.4882061916101277,0.48804517635175604,-0.0016148729988016558,-0.0001610152583716301,-0.001775888257173286,3.729655473350135e-17,0.0024136382127271324,0.011519013150183152,0.0018717447916666667,0.125,0,0.0354634317842456,0.0077069310599181115
verified-v3-muon-1e-3/checkpoint-782,0.001,muon,verified-v3-muon-1e-3,782,1,SCIDOCS,0.09177483131582598,0.86024524972907,0.11044791944381037,0.10820570450767475,0.505127321687184,0.10868340073471278,0.10868340073471278,0.10868340073471275,-0.091774831315826,0.0917087305971398,-0.002176114217449409,-6.610071868620379e-05,-0.002242214936135613,-2.5153490401663703e-17,0.0030280087651851986,0.013848427071380502,0.0015462239583333333,0.125,0,0.039476149187163204,0.009952335470699748
verified-v3-muon-1e-3/checkpoint-782,0.001,muon,verified-v3-muon-1e-3,782,1,SciFact,0.24529450482064513,0.9769331095982161,0.1138181597422649,0.11374172156439094,0.5001679517879757,0.11339240213853793,0.11339240213853793,0.11339240213853792,-0.2452945048206451,0.24521806664277118,0.0,-7.643817787395327e-05,-7.643817787395327e-05,-1.9949319973733282e-17,0.000856899110163453,0.00376559833501016,0.0,0.0,0,0.024096259179461812,-0.0
verified-v3-muon-1e-3/checkpoint-782,0.001,muon,verified-v3-muon-1e-3,782,1,TRECCOVID,0.08941704804521378,0.8798327739955403,0.10555205443990488,0.09781448986134592,0.5190236909545387,0.10251314260705353,0.10251314260705353,0.10251314260705352,-0.08941704804521378,0.08943383365810795,-0.007754350191453121,1.6785612894153895e-05,-0.007737564578558967,-3.469446951953614e-18,0.008320150405492372,0.04091209020677252,0.007568359375,0.25,0,0.024467637180240198,0.03812992062237362
verified-v3-muon-1e-3/checkpoint-782,0.001,muon,verified-v3-muon-1e-3,782,1,Touche2020,0.3135401719108195,1.0,0.11122289479614408,0.10261135485328776,0.5201360164636265,0.10734199619697013,0.10734199619697013,0.1073419961969701,-0.31354017191081957,0.31345566252133694,-0.008527030553373671,-8.450938948265097e-05,-0.008611539942856322,-3.2959746043559335e-17,0.009201144432092068,0.04302932971297527,0.007405598958333333,0.1875,0,0.0242811863309559,0.03987682313452226
verified-v3-muon-1e-4/checkpoint-1563,0.0001,muon,verified-v3-muon-1e-4,1563,2,ArguAna,0.23678490808349817,1.0,0.09804044060543465,0.09355631595314666,0.5117019847643323,0.09574546082243829,0.09574546082243826,0.09574546082243829,-0.23678490808349817,0.2367280601290987,-0.004427276697888536,-5.684795439946447e-05,-0.0044841246522880004,1.3877787807814457e-17,0.005120773397087022,0.026726827160674448,0.004475911458333333,0.125,0,0.03226952384032862,0.023107263282585278
verified-v3-muon-1e-4/checkpoint-1563,0.0001,muon,verified-v3-muon-1e-4,1563,2,ClimateFEVER,0.009217826525488077,0.7663223516587734,0.11331372224402275,0.10472898409959618,0.5196859099035802,0.11022484661741291,0.11022484661741291,0.1102248466174129,-0.009217826525488092,0.009267745252825062,-0.008634656871763534,4.9918727336969657e-05,-0.008584738144426566,-1.734723475976807e-17,0.009267830321938089,0.042504656437958,0.008138020833333334,0.125,0,0.02177223450834385,0.039600759945420796
verified-v3-muon-1e-4/checkpoint-1563,0.0001,muon,verified-v3-muon-1e-4,1563,2,DBPedia,0.29242134287002547,1.0,0.1218474065516581,0.11035461947848696,0.5247473875867025,0.1157939446351173,0.1157939446351173,0.1157939446351173,-0.29242134287002547,0.2922578610415057,-0.011329305244651372,-0.00016348182851976152,-0.011492787073171133,-1.1709383462843448e-17,0.01208858210258017,0.05206062285180406,0.009521484375,0.125,0,0.02357165373825935,0.04879072520745608
verified-v3-muon-1e-4/checkpoint-1563,0.0001,muon,verified-v3-muon-1e-4,1563,2,FEVER,0.39666508549228474,1.0,0.11015947385873026,0.10790213905967219,0.5051759105347505,0.10785535039272028,0.10785535039272025,0.10785535039272029,-0.3966650854922847,0.3965413634978345,-0.0021336128046078214,-0.0001237219944502342,-0.0022573347990580556,3.7947076036992655e-17,0.0029661724439882537,0.01360245118015421,0.0016276041666666667,0.125,0,0.020046476415397092,0.00978444934004138
verified-v3-muon-1e-4/checkpoint-1563,0.0001,muon,verified-v3-muon-1e-4,1563,2,FiQA2018,0.21719787612936864,1.0,0.11817472562631096,0.10286245117281423,0.5346373281527483,0.11038376683795388,0.11038376683795392,0.11038376683795387,-0.21719787612936872,0.21707613376316048,-0.015190532087288499,-0.00012174236620822627,-0.015312274453496725,-5.0306980803327406e-17,0.015821946235813726,0.07158047557851518,0.014485677083333334,0.1875,0,0.021620315650873453,0.06872387852245052
verified-v3-muon-1e-4/checkpoint-1563,0.0001,muon,verified-v3-muon-1e-4,1563,2,HotpotQA,0.29822690244421124,1.0,0.12046719590498713,0.11940864593372555,0.5022064538953726,0.11973488018734478,0.1197348801873448,0.11973488018734477,-0.29822690244421124,0.2981480630087716,-0.0009797105358219094,-7.883943543965984e-05,-0.0010585499712615692,-2.677979366039196e-17,0.0019371266884678842,0.008075538885530484,0.0008951822916666666,0.0625,0,0.02112541826860951,0.0040842401148534395
verified-v3-muon-1e-4/checkpoint-1563,0.0001,muon,verified-v3-muon-1e-4,1563,2,MSMARCO,0.4187764151073744,1.0,0.1122279627792371,0.10035103330515344,0.5279353315540373,0.1062072089484558,0.1062072089484558,0.10620720894845577,-0.4187764151073744,0.41861635649823264,-0.011716870864941921,-0.00016005860914175205,-0.011876929474083673,-2.7755575615628914e-17,0.012439627635774574,0.05851767044207997,0.008219401041666666,0.3125,0,0.032966103782570026,0.05511772602543718
verified-v3-muon-1e-4/checkpoint-1563,0.0001,muon,verified-v3-muon-1e-4,1563,2,NFCorpus,0.0034035732372176067,0.7190574688428424,0.12733675330660282,0.10870979585631625,0.5394561104924908,0.11662001651156673,0.11662001651156673,0.11662001651156673,-0.0034035732372175997,0.0033608344426054528,-0.01858421865567444,-4.273879461214221e-05,-0.018626957450286585,1.2576745200831851e-17,0.019240399103080577,0.08151103742593108,0.01708984375,0.375,0,0.03265274784062537,0.07873116011049004
verified-v3-muon-1e-4/checkpoint-1563,0.0001,muon,verified-v3-muon-1e-4,1563,2,NQ,0.4119217644064109,1.0,0.12449408734852066,0.11850222477550658,0.5123291224476605,0.12225565657388275,0.12225565657388276,0.12225565657388274,-0.41192176440641093,0.41177593553010006,-0.005846033696703237,-0.00014582887631084916,-0.005991862573014086,-5.204170427930421e-18,0.006596578190646823,0.027146824299456352,0.0038248697916666665,0.1875,0,0.022051837182186004,0.024058116954957635
verified-v3-muon-1e-4/checkpoint-1563,0.0001,muon,verified-v3-muon-1e-4,1563,2,QuoraRetrieval,0.4845058871246117,1.0,0.10391992315689516,0.10017184791220557,0.509182328187599,0.10180015936111053,0.10180015936111053,0.10180015936111053,-0.4845058871246117,0.48439609934193156,-0.0036382874620094624,-0.000109787782680143,-0.0037480752446896054,-1.951563910473908e-18,0.0043076296239986924,0.021106336631966555,0.004150390625,0.125,0,0.023007464263057335,0.01782672296364964
verified-v3-muon-1e-4/checkpoint-1563,0.0001,muon,verified-v3-muon-1e-4,1563,2,SCIDOCS,0.09655636828873645,0.8583298984711626,0.12761149132856373,0.10435095829211266,0.5501385743134041,0.11753350595224496,0.11753350595224496,0.11753350595224495,-0.09655636828873645,0.09648620486491466,-0.02319036961262926,-7.016342382179866e-05,-0.023260533036451057,1.3010426069826053e-18,0.023707191340890867,0.10220271160120428,0.026936848958333332,0.1875,0,0.05298237756924251,0.09997467111832976
verified-v3-muon-1e-4/checkpoint-1563,0.0001,muon,verified-v3-muon-1e-4,1563,2,SciFact,0.2656599983499246,1.0,0.11646656062655167,0.1158210574831959,0.5013894480226897,0.1159656630914001,0.1159656630914001,0.11596566309140013,-0.2656599983499246,0.2655746769227788,-0.0005601817162099697,-8.532142714579201e-05,-0.0006455031433557617,1.474514954580286e-17,0.0014583832758350336,0.006278351328851285,0.0004069010416666667,0.0625,0,0.02588743558384204,0.002411586638876739
verified-v3-muon-1e-4/checkpoint-1563,0.0001,muon,verified-v3-muon-1e-4,1563,2,TRECCOVID,0.0771438497758068,0.9110827739955403,0.11430869977307101,0.11330051982022653,0.5022147168613071,0.11379849544371816,0.11379849544371815,0.11379849544371819,-0.07714384977580675,0.07715488682098923,-0.001019216998026963,1.1037045182467342e-05,-0.0010081799528444957,2.6020852139652106e-17,0.0018241052268284594,0.008014197448099216,0.0013834635416666667,0.0625,0,0.022571913390328036,0.004477924926978556
verified-v3-muon-1e-4/checkpoint-1563,0.0001,muon,verified-v3-muon-1e-4,1563,2,Touche2020,0.29616488830763926,1.0,0.11577493510407799,0.10433630457502624,0.5259837492754298,0.11083080961796982,0.11083080961796984,0.11083080961796979,-0.2961648883076393,0.29609289166414776,-0.011366633885560286,-7.199664349147143e-05,-0.011438630529051757,-5.0523821237824507e-17,0.012018529016167363,0.054602068634427466,0.0107421875,0.1875,0,0.02742191147395041,0.05164040646961724
verified-v3-muon-1e-4/checkpoint-2345,0.0001,muon,verified-v3-muon-1e-4,2345,3,ArguAna,0.24105775753457503,1.0,0.10015390434018141,0.09153701241158729,0.522476004796181,0.09561054781975904,0.09561054781975903,0.09561054781975907,-0.24105775753457498,0.2409961766895714,-0.008555311083590544,-6.158084500358131e-05,-0.008616891928594125,3.469446951953614e-17,0.009181867650124898,0.04789933610685901,0.009114583333333334,0.125,0,0.034193238378477465,0.0446307588724681
verified-v3-muon-1e-4/checkpoint-2345,0.0001,muon,verified-v3-muon-1e-4,2345,3,ClimateFEVER,0.008928780404261438,0.7706550667791863,0.105742130010569,0.10319232228981148,0.5061019321913739,0.10381695576490499,0.103816955764905,0.10381695576490499,-0.008928780404261445,0.00896727577446927,-0.002588303090965338,3.849537020782657e-05,-0.0025498077207575113,-6.071532165918825e-18,0.003354269209198537,0.016054169967029554,0.0021158854166666665,0.0625,0,0.022108492956997523,0.012388110541215058
verified-v3-muon-1e-4/checkpoint-2345,0.0001,muon,verified-v3-muon-1e-4,2345,3,DBPedia,0.2996090577952623,1.0,0.11646741382595822,0.11599837518756709,0.5010088336877041,0.11568298973295052,0.11568298973295049,0.11568298973295055,-0.29960905779526226,0.2994439086468158,-0.00030388948994463164,-0.0001651491484465032,-0.00046903863839113484,4.7921736023859296e-17,0.0012016431243151247,0.005169118128797914,0.0004069010416666667,0.125,0,0.022986836707461062,0.001307243922790509
verified-v3-muon-1e-4/checkpoint-2345,0.0001,muon,verified-v3-muon-1e-4,2345,3,FEVER,0.407127030052726,1.0,0.1088684933903052,0.1084153933894872,0.5010426451945725,0.10813269394035382,0.10813269394035381,0.10813269394035385,-0.407127030052726,0.40700337815726595,-0.00032944810535789557,-0.00012365189546010777,-0.00045310000081800333,1.2576745200831851e-17,0.0011784325996445392,0.005423469807675285,0.000244140625,0.1875,0,0.02091603900332171,0.0015162104757992323
verified-v3-muon-1e-4/checkpoint-2345,0.0001,muon,verified-v3-muon-1e-4,2345,3,FiQA2018,0.22367014098612886,0.9769331095982161,0.11841617549655825,0.10102355722739953,0.5396296013790666,0.10937168782409755,0.10937168782409756,0.10937168782409754,-0.22367014098612892,0.22354319393856392,-0.017265671221593747,-0.00012694704756498025,-0.01739261826915873,-3.122502256758253e-17,0.01787267304483401,0.08144684111202768,0.01611328125,0.3125,0,0.020807883955537662,0.07868069746199036
verified-v3-muon-1e-4/checkpoint-2345,0.0001,muon,verified-v3-muon-1e-4,2345,3,HotpotQA,0.30197684550621146,1.0,0.12100860122713825,0.12076052849646093,0.5005130364057664,0.12051014489925078,0.12051014489925078,0.12051014489925077,-0.30197684550621146,0.30190045822466416,-0.0001716854491299602,-7.638728154736249e-05,-0.0002480727306773227,-1.5612511283791264e-17,0.0011533866537122637,0.004770611761025342,0.00016276041666666666,0.125,0,0.019303528144482045,0.0007101214672288326
verified-v3-muon-1e-4/checkpoint-2345,0.0001,muon,verified-v3-muon-1e-4,2345,3,MSMARCO,0.43088283217442386,1.0,0.11001096127507036,0.10385406530728666,0.514394349712464,0.10737212421501387,0.10737212421501385,0.10737212421501385,-0.43088283217442386,0.4307214247339475,-0.005995488527307254,-0.00016140744047644928,-0.006156895967783703,-1.474514954580286e-17,0.006817835597027147,0.031879151565726786,0.0037434895833333335,0.125,0,0.03263449669422228,0.028033983036485206
verified-v3-muon-1e-4/checkpoint-2345,0.0001,muon,verified-v3-muon-1e-4,2345,3,NFCorpus,0.002996768583295858,0.7190574688428424,0.13467617063195145,0.10370083468822258,0.5649713169735575,0.11897772089963325,0.11897772089963325,0.11897772089963324,-0.0029967685832958547,0.002946247506080057,-0.03092481486651306,-5.052107721580058e-05,-0.030975335943728862,-5.637851296924623e-18,0.031348920921355036,0.13150983619099083,0.031168619791666668,0.375,0,0.02694284811445264,0.1297306962346333
verified-v3-muon-1e-4/checkpoint-2345,0.0001,muon,verified-v3-muon-1e-4,2345,3,NQ,0.42179543991295304,1.0,0.12096273650499573,0.11393731455450354,0.5149540664610427,0.11750491816739367,0.11750491816739364,0.11750491816739371,-0.421795439912953,0.42163851164014376,-0.006868493677683003,-0.00015692827280919426,-0.0070254219504921975,6.678685382510707e-17,0.0075785986507312785,0.03226307791994327,0.005289713541666667,0.125,0,0.022907382190348956,0.029240068900381975
verified-v3-muon-1e-4/checkpoint-2345,0.0001,muon,verified-v3-muon-1e-4,2345,3,QuoraRetrieval,0.4862331811652352,1.0,0.10470295677171304,0.09773045415962173,0.5172217189346683,0.10144390756611549,0.10144390756611552,0.10144390756611546,-0.4862331811652352,0.48612168073096385,-0.00686100217782,-0.00011150043427131731,-0.006972502612091317,-5.833007687972014e-17,0.007536956702239164,0.03723178238001282,0.007486979166666667,0.125,0,0.023048227953660558,0.03389263731838835
verified-v3-muon-1e-4/checkpoint-2345,0.0001,muon,verified-v3-muon-1e-4,2345,3,SCIDOCS,0.10004871436485331,0.8583298984711626,0.12671791551203965,0.10769114098738221,0.5405845550696639,0.11849771793938849,0.11849771793938849,0.11849771793938849,-0.10004871436485333,0.09998115564509163,-0.018959215804895742,-6.75587197616961e-05,-0.01902677452465744,-1.8431436932253575e-17,0.01957568735339834,0.08351079794328092,0.020751953125,0.1875,0,0.05196227278225448,0.0808809014806239
verified-v3-muon-1e-4/checkpoint-2345,0.0001,muon,verified-v3-muon-1e-4,2345,3,SciFact,0.2666811493358894,1.0,0.11800062776576326,0.117924303220305,0.500161755998273,0.11755241715852854,0.11755241715852853,0.11755241715852854,-0.2666811493358894,0.26660482479043107,0.0,-7.632454545826797e-05,-7.632454545826797e-05,1.1275702593849246e-17,0.0009512856150699862,0.004032153834247222,0.0,0.0,0,0.026227195236423206,-0.0
verified-v3-muon-1e-4/checkpoint-2345,0.0001,muon,verified-v3-muon-1e-4,2345,3,TRECCOVID,0.07835982684225183,0.9341496643973242,0.11257710160166606,0.10994599350698792,0.5059119888059112,0.11072788382997525,0.11072788382997525,0.11072788382997525,-0.07835982684225186,0.07836510290143761,-0.002636384153863887,5.27605918574682e-06,-0.0026311080946781404,-1.3877787807814457e-17,0.0034018019973628914,0.015287410934590198,0.0030110677083333335,0.125,0,0.021809019225270187,0.0118476877763029
verified-v3-muon-1e-4/checkpoint-2345,0.0001,muon,verified-v3-muon-1e-4,2345,3,Touche2020,0.3024791834418816,1.0,0.12092162976654912,0.10182837364217708,0.5428580377826923,0.1124919490436249,0.11249194904362488,0.11249194904362492,-0.3024791834418816,0.3024081503819052,-0.019022223064395664,-7.103305997636575e-05,-0.01909325612437203,2.688821387764051e-17,0.019552447118454344,0.08777753903140179,0.017252604166666668,0.1875,0,0.027959136794909963,0.0853971841674525
verified-v3-muon-1e-4/checkpoint-3126,0.0001,muon,verified-v3-muon-1e-4,3126,4,ArguAna,0.24030461675274106,1.0,0.10128238312312388,0.09415236043642741,0.5182414409967077,0.09801683847360021,0.09801683847360021,0.09801683847360021,-0.2403046167527411,0.24024999229968305,-0.007075398233638432,-5.462445305802477e-05,-0.007130022686696456,1.1275702593849246e-17,0.007724871662564577,0.039526603723921375,0.007161458333333333,0.125,0,0.03660232152741575,0.03620337973059777
verified-v3-muon-1e-4/checkpoint-3126,0.0001,muon,verified-v3-muon-1e-4,3126,4,ClimateFEVER,0.0094263525574855,0.7692254509182683,0.10635051427308442,0.10223980751654899,0.5098535414329557,0.10367187666096793,0.10367187666096793,0.10367187666096793,-0.009426352557485505,0.009463638420058703,-0.004147992619108624,3.728586257319751e-05,-0.004110706756535426,-1.734723475976807e-18,0.004882023541114168,0.023404842081013545,0.003662109375,0.0625,0,0.021194029081816317,0.019885834508141464
verified-v3-muon-1e-4/checkpoint-3126,0.0001,muon,verified-v3-muon-1e-4,3126,4,DBPedia,0.2999135946203033,1.0,0.12340708660032065,0.11248785841264544,0.5231442606518656,0.11649573422017395,0.11649573422017394,0.11649573422017395,-0.2999135946203033,0.2997524670837019,-0.010758100651073816,-0.0001611275366013836,-0.0109192281876752,1.7564075194265172e-17,0.011544256164752572,0.048938124401597644,0.008544921875,0.1875,0,0.023873364344038632,0.04560547344701468
verified-v3-muon-1e-4/checkpoint-3126,0.0001,muon,verified-v3-muon-1e-4,3126,4,FEVER,0.4154173789018433,1.0,0.10937390255181986,0.1081531779285223,0.5028059141432,0.10815971706614888,0.10815971706614885,0.1081597170661489,-0.41541737890184327,0.4152885171215299,-0.001091862842984244,-0.0001288617803133045,-0.0012207246232975484,5.2475385148298415e-17,0.001932407391047184,0.008883525613362954,0.0008951822916666666,0.1875,0,0.020077789218519274,0.0050194340887267834
verified-v3-muon-1e-4/checkpoint-3126,0.0001,muon,verified-v3-muon-1e-4,3126,4,FiQA2018,0.2244134482424859,0.9769331095982161,0.1218585723036362,0.09639028795196669,0.5583468896970235,0.10730011240286325,0.10730011240286325,0.10730011240286323,-0.2244134482424859,0.22428616947010088,-0.02534100557928451,-0.00012727877238502376,-0.025468284351669528,-1.734723475976807e-17,0.025919725813781595,0.11876225050351064,0.024332682291666668,0.125,0,0.020996336988299558,0.11611059755183283
verified-v3-muon-1e-4/checkpoint-3126,0.0001,muon,verified-v3-muon-1e-4,3126,4,HotpotQA,0.3036537798004747,1.0,0.12103018780982497,0.12066125041032015,0.5007632405231682,0.12053242273346541,0.1205324227334654,0.12053242273346546,-0.30365377980047464,0.3035774152743477,-0.00029257287337784016,-7.636452612696902e-05,-0.0003689373995048092,3.686287386450715e-17,0.0012799748223213847,0.00529590469462769,0.00016276041666666666,0.125,0,0.02113178599437071,0.0012105222904559391
verified-v3-muon-1e-4/checkpoint-3126,0.0001,muon,verified-v3-muon-1e-4,3126,4,MSMARCO,0.4355442474850135,1.0,0.12472249578250681,0.08738804721122091,0.5880070552937813,0.10652324464289925,0.10652324464289925,0.10652324464289922,-0.4355442474850136,0.43539290922571317,-0.03718311031198546,-0.00015133825930043962,-0.0373344485712859,-4.0766001685454967e-17,0.037630403954632685,0.17740939900260144,0.036051432291666664,0.25,0,0.03266480638913913,0.17530062290720266
verified-v3-muon-1e-4/checkpoint-3126,0.0001,muon,verified-v3-muon-1e-4,3126,4,NFCorpus,0.002646906701989008,0.7190574688428424,0.12811860874668352,0.10955722393649373,0.5390476907152193,0.1193218391040658,0.11932183910406581,0.1193218391040658,-0.0026469067019890286,0.0025995831352757636,-0.01851406124347652,-4.732356671326675e-05,-0.018561384810189787,-2.2985086056692694e-17,0.019086712186073537,0.08030564980292379,0.018391927083333332,0.4375,0,0.026578049703687358,0.07789627171794043
verified-v3-muon-1e-4/checkpoint-3126,0.0001,muon,verified-v3-muon-1e-4,3126,4,NQ,0.4237810080623431,1.0,0.119251547033147,0.11182964208494592,0.5160590850698976,0.11575215542196363,0.11575215542196364,0.11575215542196365,-0.42378100806234303,0.4236374427108358,-0.0072783395966938315,-0.00014356535150725734,-0.007421904948201089,8.673617379884035e-18,0.008007393650056305,0.034651862752723535,0.004557291666666667,0.125,0,0.022619999016660963,0.03149689347052075
verified-v3-muon-1e-4/checkpoint-3126,0.0001,muon,verified-v3-muon-1e-4,3126,4,QuoraRetrieval,0.4872478996427706,1.0,0.10235695712767832,0.1021865843624219,0.500416470654647,0.10196149683256961,0.10196149683256964,0.1019614968325696,-0.4872478996427706,0.48713658403527726,-5.905715776306775e-05,-0.0001113156074933723,-0.00017037276525644005,-3.686287386450715e-17,0.0008349117360928745,0.004081828885969903,8.138020833333333e-05,0.0625,0,0.023337234771391546,0.0002887265827746806
verified-v3-muon-1e-4/checkpoint-3126,0.0001,muon,verified-v3-muon-1e-4,3126,4,SCIDOCS,0.09963265293319108,0.86024524972907,0.12324226721070905,0.10477753981280556,0.5404893058171901,0.1142226341686437,0.11422263416864369,0.11422263416864373,-0.09963265293319104,0.09957873825914128,-0.01841081272385371,-5.3914674049763446e-05,-0.018464727397903474,4.2717565595928875e-17,0.01903633007501864,0.08348542314596168,0.018473307291666668,0.25,0,0.04886964390337073,0.0807421643066082
verified-v3-muon-1e-4/checkpoint-3126,0.0001,muon,verified-v3-muon-1e-4,3126,4,SciFact,0.26631850639399185,1.0,0.11809933021520472,0.11801477776165352,0.5001790499819677,0.11765113205785326,0.11765113205785326,0.11765113205785324,-0.26631850639399185,0.2662339539404407,0.0,-8.455245355118782e-05,-8.455245355118782e-05,-6.071532165918825e-18,0.0009446641056502533,0.004000879548217596,0.0,0.0,0,0.026546996701843142,-0.0
verified-v3-muon-1e-4/checkpoint-3126,0.0001,muon,verified-v3-muon-1e-4,3126,4,TRECCOVID,0.0785274219832355,0.9110827739955403,0.1125695061624866,0.11139934986108053,0.5026123192353202,0.11165555882093543,0.11165555882093542,0.11165555882093545,-0.07852742198323545,0.07853517205621566,-0.0011779063743862575,7.75007298019735e-06,-0.0011701563014060602,4.683753385137379e-17,0.0019933268671810155,0.00890001807649215,0.0008951822916666666,0.125,0,0.022216271004112765,0.005259241821828621
verified-v3-muon-1e-4/checkpoint-3126,0.0001,muon,verified-v3-muon-1e-4,3126,4,Touche2020,0.30327557184263665,1.0,0.126184468292729,0.09630254811732249,0.5671543010858958,0.10809639924174708,0.10809639924174708,0.10809639924174708,-0.30327557184263665,0.3031940528330598,-0.029800401165829677,-8.151900957685705e-05,-0.029881920175406536,-8.673617379884035e-19,0.030199765102620336,0.1357372020619895,0.033121744791666664,0.1875,0,0.02796735063937483,0.13394220322010375
verified-v3-muon-1e-4/checkpoint-3907,0.0001,muon,verified-v3-muon-1e-4,3907,5,ArguAna,0.24132165168649575,1.0,0.10624316207753642,0.08887725896281806,0.5445004757116806,0.09807313742985685,0.09807313742985685,0.09807313742985686,-0.24132165168649572,0.24126638278000295,-0.017310634208225633,-5.5268906492744393e-05,-0.017365903114718376,1.734723475976807e-17,0.01772217885689888,0.09082687892126683,0.019612630208333332,0.125,0,0.035736372382586826,0.08871769605624967
verified-v3-muon-1e-4/checkpoint-3907,0.0001,muon,verified-v3-muon-1e-4,3907,5,ClimateFEVER,0.009033254835132374,0.7706550667791863,0.10548338546207153,0.10301365216277204,0.5059227059708717,0.10361995558588714,0.10361995558588716,0.10361995558588714,-0.009033254835132395,0.00907523224155618,-0.0025117107057232796,4.197740642378732e-05,-0.0024697332992994923,-1.0408340855860843e-17,0.0032794960738694555,0.015729221437526482,0.0021158854166666665,0.0625,0,0.021487770377377733,0.012046745288739752
verified-v3-muon-1e-4/checkpoint-3907,0.0001,muon,verified-v3-muon-1e-4,3907,5,DBPedia,0.30190603274055555,1.0,0.13103601113290886,0.10551176355490738,0.5539515698502916,0.11622606199919605,0.11622606199919605,0.11622606199919605,-0.3019060327405555,0.301743774003451,-0.025361988840896865,-0.00016225873710460324,-0.025524247578001466,-6.5052130349130266e-18,0.025958944730902878,0.10974081140759907,0.025716145833333332,0.125,0,0.0238733680780261,0.10721719481135823
verified-v3-muon-1e-4/checkpoint-3907,0.0001,muon,verified-v3-muon-1e-4,3907,5,FEVER,0.4162816211487421,1.0,0.10911322437903656,0.10837627334607712,0.5016942221134073,0.10831306554307925,0.10831306554307928,0.10831306554307922,-0.4162816211487422,0.4161504240243304,-0.0006057539085476751,-0.00013119712441176865,-0.0007369510329594438,-4.5536491244391186e-17,0.001450000601335072,0.006666991355912443,0.0004069010416666667,0.1875,0,0.020088213717195918,0.0027852099291400785
verified-v3-muon-1e-4/checkpoint-3907,0.0001,muon,verified-v3-muon-1e-4,3907,5,FiQA2018,0.22466275817838932,0.9769331095982161,0.11112795058616214,0.10675614617039321,0.5100324082410053,0.1087398123653436,0.10873981236534361,0.1087398123653436,-0.22466275817838935,0.22453422543340634,-0.004243271670785946,-0.00012853274498298567,-0.004371804415768931,-3.469446951953614e-18,0.005020663650654537,0.023042818293728836,0.0038248697916666665,0.1875,0,0.02134759728000023,0.019474903097342653
verified-v3-muon-1e-4/checkpoint-3907,0.0001,muon,verified-v3-muon-1e-4,3907,5,HotpotQA,0.30409188229294104,1.0,0.12136344653344339,0.12098910147204923,0.5007723150931874,0.12081164161147014,0.12081164161147012,0.12081164161147012,-0.30409188229294104,0.30401339482534134,-0.0002958575937944269,-7.848746759972838e-05,-0.00037434506139415527,-1.3010426069826053e-18,0.0012851286896879838,0.005302724069807832,8.138020833333333e-05,0.0625,0,0.02112096425672301,0.0012207736053500113
verified-v3-muon-1e-4/checkpoint-3907,0.0001,muon,verified-v3-muon-1e-4,3907,5,MSMARCO,0.43668787274916,1.0,0.11461035020747298,0.09690085705584445,0.5418641957103988,0.10676059192068676,0.10676059192068676,0.10676059192068676,-0.43668787274916,0.4365358630081557,-0.017557483410624266,-0.00015200974100425257,-0.01770949315162852,4.336808689942018e-19,0.01818447757974153,0.08597406168224012,0.0146484375,0.25,0,0.03268397343388705,0.0830097073237654
verified-v3-muon-1e-4/checkpoint-3907,0.0001,muon,verified-v3-muon-1e-4,3907,5,NFCorpus,0.001884622148252791,0.7190574688428424,0.13988015486641064,0.09901387152546245,0.5855322419697356,0.12175098901922632,0.12175098901922632,0.12175098901922632,-0.0018846221482527888,0.0018442638963195295,-0.040825925089014906,-4.03582519332593e-05,-0.04086628334094816,8.673617379884035e-19,0.0411363382677587,0.17219492211278714,0.042399088541666664,0.3125,0,0.02687191207507409,0.1708955460528994
verified-v3-muon-1e-4/checkpoint-3907,0.0001,muon,verified-v3-muon-1e-4,3907,5,NQ,0.426672725382656,1.0,0.12998373631143348,0.10198342595992978,0.5603540390746082,0.11541431438630295,0.11541431438630297,0.11541431438630295,-0.426672725382656,0.42652780662654777,-0.027855391595395473,-0.00014491875610824108,-0.02800031035150371,-3.122502256758253e-17,0.02838592023982749,0.12237042502861095,0.027587890625,0.1875,0,0.022906088454193223,0.12008333991174693
verified-v3-muon-1e-4/checkpoint-3907,0.0001,muon,verified-v3-muon-1e-4,3907,5,QuoraRetrieval,0.48718222512600357,1.0,0.1021061346167498,0.10199174515606696,0.5002802318691654,0.10171242471994471,0.10171242471994468,0.10171242471994474,-0.4871822251260035,0.48706783566532064,0.0,-0.00011438946068284203,-0.00011438946068284203,4.336808689942018e-17,0.0007762201118867506,0.003803175774049042,0.0,0.0,0,0.02353588466493717,-0.0
verified-v3-muon-1e-4/checkpoint-3907,0.0001,muon,verified-v3-muon-1e-4,3907,5,SCIDOCS,0.10021893353286776,0.86024524972907,0.12064333779254112,0.10806340985388002,0.5275023104217931,0.11428705696210992,0.11428705696210992,0.11428705696210993,-0.10021893353286776,0.10016169593283991,-0.012522690338633256,-5.723760002784243e-05,-0.012579927938661098,3.2526065174565133e-18,0.013225836464972352,0.05782879867374702,0.013102213541666666,0.25,0,0.04718345675524239,0.054754354506379666
verified-v3-muon-1e-4/checkpoint-3907,0.0001,muon,verified-v3-muon-1e-4,3907,5,SciFact,0.26704105561860325,1.0,0.11759277469641868,0.11742215658168298,0.500362994201704,0.11714677244205958,0.1171467724420596,0.11714677244205958,-0.26704105561860325,0.26695547040336065,-8.5032899493135e-05,-8.558521524255902e-05,-0.00017061811473569402,-6.071532165918825e-18,0.001016765390094146,0.004326386347303911,0.00016276041666666666,0.0625,0,0.02589196061830954,0.0003618191364722801
verified-v3-muon-1e-4/checkpoint-3907,0.0001,muon,verified-v3-muon-1e-4,3907,5,TRECCOVID,0.07832989313951166,0.9110827739955403,0.11260705259068923,0.11010018110042473,0.5056281770661779,0.11076897540218944,0.11076897540218944,0.11076897540218947,-0.07832989313951165,0.07833667097897686,-0.002513649329729698,6.7778394651947516e-06,-0.0025068714902645034,8.673617379884035e-18,0.0032838823258601723,0.014745288114057335,0.0034993489583333335,0.125,0,0.021908142344070222,0.01128678798649185
verified-v3-muon-1e-4/checkpoint-3907,0.0001,muon,verified-v3-muon-1e-4,3907,5,Touche2020,0.30445851063170265,1.0,0.11584449609213776,0.10792078270349686,0.517705413081262,0.11246587585877532,0.11246587585877534,0.1124658758587753,-0.30445851063170265,0.3043905356400523,-0.007855738396990535,-6.797499165036962e-05,-0.007923713388640905,-3.686287386450715e-17,0.008522866468455383,0.0380884224502021,0.006754557291666667,0.25,0,0.028212701467779423,0.035107048060683266
verified-v3-muon-1e-4/checkpoint-782,0.0001,muon,verified-v3-muon-1e-4,782,1,ArguAna,0.22684200948585787,1.0,0.09411163579348049,0.09335280737109938,0.5020239262698871,0.09338333128941442,0.09338333128941444,0.09338333128941442,-0.22684200948585787,0.22677974512250149,-0.0006965640590247055,-6.226436335640163e-05,-0.0007588284223811071,-2.8189256484623115e-17,0.00143827300893134,0.007672244318185945,0.0008951822916666666,0.125,0,0.036839120063143056,0.00371571294943209
verified-v3-muon-1e-4/checkpoint-782,0.0001,muon,verified-v3-muon-1e-4,782,1,ClimateFEVER,0.010866916834585629,0.7834925120627381,0.11743032549648807,0.10140612108386551,0.5366122843407136,0.10830855515697928,0.10830855515697926,0.10830855515697929,-0.010866916834585624,0.010911281464060051,-0.016068569042096997,4.436462947442991e-05,-0.01602420441262257,6.071532165918825e-18,0.016613017623494295,0.07591522291235082,0.021809895833333332,0.1875,0,0.023347897307527166,0.07342729830059112
verified-v3-muon-1e-4/checkpoint-782,0.0001,muon,verified-v3-muon-1e-4,782,1,DBPedia,0.2833720160026866,1.0,0.11268813814616374,0.11212270191010286,0.5012575822320654,0.11181405622228799,0.11181405622228799,0.11181405622228796,-0.2833720160026866,0.28320815267287247,-0.00040157290624680785,-0.00016386332981406515,-0.000565436236060873,-2.0816681711721685e-17,0.001279378693508294,0.005690911938179164,0.0003255208333333333,0.125,0,0.02264826011414599,0.0017862702089734663
verified-v3-muon-1e-4/checkpoint-782,0.0001,muon,verified-v3-muon-1e-4,782,1,FEVER,0.38012172526149546,1.0,0.11419392867718875,0.1027917682475775,0.5262739908464212,0.10689616065073769,0.10689616065073768,0.10689616065073769,-0.3801217252614954,0.37999075847165575,-0.011271193639771547,-0.00013096678983969337,-0.01140216042961124,8.673617379884035e-18,0.011983426366798021,0.05522680313326339,0.010009765625,0.125,0,0.02162551539999003,0.05194440831590628
verified-v3-muon-1e-4/checkpoint-782,0.0001,muon,verified-v3-muon-1e-4,782,1,FiQA2018,0.21177645940947346,0.9769331095982161,0.1221446794778228,0.10072998601319787,0.5480420092105258,0.1095625577446544,0.10956255774465441,0.10956255774465437,-0.2117764594094735,0.21164967687328579,-0.021287910928437223,-0.00012678253618770598,-0.02141469346462493,-4.336808689942018e-17,0.02190210431454616,0.09827094643661312,0.02099609375,0.1875,0,0.024749268652851587,0.09551516715252181
verified-v3-muon-1e-4/checkpoint-782,0.0001,muon,verified-v3-muon-1e-4,782,1,HotpotQA,0.284664198999814,1.0,0.11683816354761078,0.11645611520531843,0.5008188120693199,0.11633359522625777,0.11633359522625777,0.11633359522625777,-0.284664198999814,0.28456612870214243,-0.0002839780446207904,-9.807029767158401e-05,-0.0003820483422923744,1.3444106938820255e-17,0.0012334473701156234,0.005287087950501814,0.000244140625,0.1875,0,0.019877096303797262,0.0012172525024565129
verified-v3-muon-1e-4/checkpoint-782,0.0001,muon,verified-v3-muon-1e-4,782,1,MSMARCO,0.39099415934252013,1.0,0.10815695344206637,0.1015228051517311,0.5158197155863464,0.10486686059802526,0.10486686059802525,0.10486686059802527,-0.39099415934252,0.390849691528554,-0.00648968047636914,-0.00014446781396613637,-0.006634148290335276,5.0306980803327406e-17,0.00724094776308491,0.03453336560307879,0.005045572916666667,0.25,0,0.03454360797677282,0.030950438515819197
verified-v3-muon-1e-4/checkpoint-782,0.0001,muon,verified-v3-muon-1e-4,782,1,NFCorpus,0.00860400229096453,0.7421243592446263,0.12730182096628656,0.1038191257487024,0.5508017459069651,0.11576559118114262,0.11576559118114262,0.11576559118114263,-0.008604002290964516,0.008566595518326071,-0.023445288444945724,-3.740677263844349e-05,-0.023482695217584164,1.474514954580286e-17,0.024002002659865504,0.10385039954627745,0.022867838541666668,0.5,0,0.03991139709327739,0.10144164247413591
verified-v3-muon-1e-4/checkpoint-782,0.0001,muon,verified-v3-muon-1e-4,782,1,NQ,0.3895882870492887,1.0,0.1251583494043187,0.11631068714907344,0.518320490240762,0.12130810313603377,0.12130810313603374,0.12130810313603381,-0.3895882870492887,0.38941224535037344,-0.00867162055632998,-0.0001760416989152712,-0.008847662255245251,5.377642775528102e-17,0.009410904327915064,0.03897354485793123,0.005452473958333333,0.1875,0,0.021756432469220936,0.03591193587428161
verified-v3-muon-1e-4/checkpoint-782,0.0001,muon,verified-v3-muon-1e-4,782,1,QuoraRetrieval,0.4856254710118051,1.0,0.11277211137120237,0.09128418970633824,0.5526519434866626,0.10126732336594382,0.1012673233659438,0.10126732336594382,-0.48562547101180503,0.4854981908426926,-0.021360641495751634,-0.0001272801691124953,-0.02148792166486413,3.0574501264091225e-17,0.021863828940402973,0.10714606128283588,0.026285807291666668,0.125,0,0.023808246752276503,0.10468013672184852
verified-v3-muon-1e-4/checkpoint-782,0.0001,muon,verified-v3-muon-1e-4,782,1,SCIDOCS,0.09496741948365586,0.8555909140437343,0.11421352858474755,0.11411674604477781,0.5002119354083175,0.11374116763963399,0.11374116763963402,0.11374116763963399,-0.09496741948365589,0.09487063694368617,0.0,-9.678253996972964e-05,-9.678253996972964e-05,-3.1008182133085427e-17,0.0009661214333947024,0.0042312454402390195,0.0,0.0,0,0.0503695143795314,-0.0
verified-v3-muon-1e-4/checkpoint-782,0.0001,muon,verified-v3-muon-1e-4,782,1,SciFact,0.2638679556451725,0.9769331095982161,0.11549864027338314,0.11543031794800813,0.5001479293153644,0.11504570145543708,0.11504570145543706,0.11504570145543706,-0.2638679556451725,0.2637996333197975,0.0,-6.83223253749865e-05,-6.83223253749865e-05,-6.938893903907228e-18,0.0009312742116270505,0.004032730320180283,0.0,0.0,0,0.024849680555333223,-0.0
verified-v3-muon-1e-4/checkpoint-782,0.0001,muon,verified-v3-muon-1e-4,782,1,TRECCOVID,0.07033870623788113,0.9110827739955403,0.11615332284740931,0.10354544160325858,0.5286935642894381,0.10959318721790465,0.10959318721790466,0.10959318721790465,-0.07033870623788113,0.07034784838004718,-0.012617023386316754,9.142142166029994e-06,-0.012607881244150725,-1.6479873021779667e-17,0.013209760085140118,0.060126692647405826,0.013997395833333334,0.1875,0,0.025583707436987554,0.05742874074810664
verified-v3-muon-1e-4/checkpoint-782,0.0001,muon,verified-v3-muon-1e-4,782,1,Touche2020,0.28379406738374946,1.0,0.11105290298268183,0.11075331563837656,0.5006753357641813,0.11062789471005495,0.11062789471005496,0.11062789471005494,-0.28379406738374946,0.2837315149701478,-0.0002370349307037091,-6.25524136015701e-05,-0.0002995873443052792,-1.5178830414797062e-17,0.0010894748463583463,0.004911831837409589,0.0003255208333333333,0.0625,0,0.023450364906070276,0.0010686577327602702
verified-v3-muon-3e-3/checkpoint-1563,0.003,muon,verified-v3-muon-3e-3,1563,2,ArguAna,0.1680725081144121,1.0,0.08492301811217975,0.0810405647903507,0.5116967025353665,0.08200645775658223,0.0820064577565822,0.08200645775658227,-0.16807250811441204,0.1693540218600062,-0.005163967067423211,0.0012815137455941435,-0.003882453321829068,5.551115123125783e-17,0.006636821031991574,0.0399896225179071,0.00732421875,0.1875,0,0.1298988226062719,0.031115061371361104
verified-v3-muon-3e-3/checkpoint-1563,0.003,muon,verified-v3-muon-3e-3,1563,2,ClimateFEVER,0.021352715163073188,0.8358743592446263,0.08776695528668213,0.08568473478227437,0.5060023067621306,0.08625554912998196,0.08625554912998193,0.08625554912998198,-0.021352715163073157,0.021445369431325655,-0.0021748747726602555,9.265426825250112e-05,-0.0020822205044077544,3.8163916471489756e-17,0.0028412570703807085,0.016380682536164128,0.0035807291666666665,0.125,0,0.12322668177172363,0.012538792627478142
verified-v3-muon-3e-3/checkpoint-1563,0.003,muon,verified-v3-muon-3e-3,1563,2,DBPedia,0.19757128244997224,0.9644172848795871,0.10740193740119142,0.10181940122528711,0.5133412208634005,0.10343749552025738,0.10343749552025737,0.10343749552025741,-0.19757128244997224,0.19890276729434456,-0.006914021020276632,0.0013314848443723194,-0.005582536175904311,2.7755575615628914e-17,0.007889160267974793,0.03770724496729876,0.008626302083333334,0.125,0,0.12148358768648806,0.03304644289949883
verified-v3-muon-3e-3/checkpoint-1563,0.003,muon,verified-v3-muon-3e-3,1563,2,FEVER,0.3031705343082437,1.0,0.1218387385731201,0.10022655487389595,0.5486617772722344,0.10888341456064382,0.10888341456064377,0.10888341456064385,-0.3031705343082437,0.30488270792794603,-0.023324357318926486,0.0017121736197023493,-0.021612183699224137,6.245004513516506e-17,0.024512421990365046,0.110383849767202,0.034749348958333336,0.25,0,0.11221257220430947,0.10503378063664683
verified-v3-muon-3e-3/checkpoint-1563,0.003,muon,verified-v3-muon-3e-3,1563,2,FiQA2018,0.13276331865819488,0.9538662191964322,0.09423770627986032,0.09493133350153897,0.49816664708326425,0.09393596671493892,0.0939359667149389,0.09393596671493892,-0.13276331865819485,0.1335991720726628,-0.00014222619278930412,0.0008358534144679505,0.0006936272216786464,1.9081958235744878e-17,0.0015967784887100478,0.008441013870743645,0.0003255208333333333,0.0625,0,0.15302122954471226,0.000751847093761529
verified-v3-muon-3e-3/checkpoint-1563,0.003,muon,verified-v3-muon-3e-3,1563,2,HotpotQA,0.17288320524541634,0.9769331095982161,0.09967145436091072,0.10017448104396032,0.49874146381303547,0.0992903419958526,0.09929034199585257,0.09929034199585263,-0.17288320524541628,0.17384134635588905,-0.0004551144274231693,0.0009581411104727742,0.0005030266830496049,6.938893903907228e-17,0.0021350571688864947,0.010683515601961324,0.0004069010416666667,0.0625,0,0.12781387021254162,0.0022773264139755744
verified-v3-muon-3e-3/checkpoint-1563,0.003,muon,verified-v3-muon-3e-3,1563,2,MSMARCO,0.34266574359201807,1.0,0.12116094639014766,0.10808855625021768,0.528511272629536,0.11294618028635585,0.11294618028635582,0.11294618028635586,-0.34266574359201807,0.3451846903740947,-0.015591336922006666,0.002518946782076696,-0.013072390139929965,2.7755575615628914e-17,0.01797316071036123,0.07839999870602375,0.01513671875,0.3125,0,0.11149410585045932,0.06801034131997896
verified-v3-muon-3e-3/checkpoint-1563,0.003,muon,verified-v3-muon-3e-3,1563,2,NFCorpus,-0.028549332805387163,0.6264385708552056,0.0905457973451491,0.08386068946265846,0.5191653074517162,0.08727976410380134,0.08727976410380132,0.08727976410380137,0.028549332805387205,-0.02858401382833744,-0.006650426859540419,-3.468102295023281e-05,-0.006685107882490652,4.846383711010205e-17,0.007173170228839461,0.04112903344440479,0.0087890625,0.3125,0,0.11756020761883854,0.03813176322317102
verified-v3-muon-3e-3/checkpoint-1563,0.003,muon,verified-v3-muon-3e-3,1563,2,NQ,0.28812744765042547,1.0,0.12962606490574602,0.1321545386155999,0.49517062441632026,0.12876498714241474,0.12876498714241472,0.12876498714241474,-0.2881274476504254,0.29137952389101235,-0.0007236025307330689,0.0032520762405869458,0.002528473709853877,4.5102810375396984e-17,0.004912191885060427,0.01876453724601441,0.00048828125,0.125,0,0.11616700828426986,0.0027641564004342494
verified-v3-muon-3e-3/checkpoint-1563,0.003,muon,verified-v3-muon-3e-3,1563,2,QuoraRetrieval,0.3727831203486315,1.0,0.12369117524369791,0.09672867657589143,0.5611616840434929,0.10665239459465012,0.10665239459465012,0.10665239459465013,-0.3727831203486315,0.37587126617634115,-0.03005064449551614,0.003088145827709679,-0.026962498667806468,1.734723475976807e-17,0.028667377164478786,0.1300580547887431,0.041910807291666664,0.1875,0,0.14744591115586142,0.13633365709778347
verified-v3-muon-3e-3/checkpoint-1563,0.003,muon,verified-v3-muon-3e-3,1563,2,SCIDOCS,0.04457809337653486,0.8299776292468072,0.08760549578833532,0.08071036119597513,0.5204827243133809,0.08373811738829623,0.0837381173882962,0.08373811738829624,-0.04457809337653483,0.045030020404651795,-0.007347061620477158,0.0004519270281169649,-0.006895134592360193,3.642919299551295e-17,0.007565394985719875,0.04494760696507093,0.008951822916666666,0.3125,0,0.14063525352319078,0.043650442401050864
verified-v3-muon-3e-3/checkpoint-1563,0.003,muon,verified-v3-muon-3e-3,1563,2,SciFact,0.14971749323806569,1.0,0.10033204378094401,0.08565692760799679,0.5394515762503427,0.09084777642094446,0.09084777642094445,0.09084777642094446,-0.14971749323806566,0.1506394705773077,-0.015597093512189249,0.0009219773392420052,-0.014675116172947245,8.673617379884035e-18,0.015882382851462873,0.0853942184466926,0.021402994791666668,0.3125,0,0.1298945505987519,0.08386031384394588
verified-v3-muon-3e-3/checkpoint-1563,0.003,muon,verified-v3-muon-3e-3,1563,2,TRECCOVID,0.021459027967971524,0.8165288327880077,0.06765315178085242,0.067623092326355,0.5001111039661688,0.06704739882930172,0.06704739882930172,0.06704739882930172,-0.021459027967971517,0.021954760936699583,-0.0005257924232255004,0.0004957329687280652,-3.0059454497435162e-05,1.3010426069826053e-17,0.0014975542075638306,0.011070341414690727,0.0006510416666666666,0.0625,0,0.13185823031725302,0.0038868053049196587
verified-v3-muon-3e-3/checkpoint-1563,0.003,muon,verified-v3-muon-3e-3,1563,2,Touche2020,0.2242710292238794,1.0,0.09735355375984478,0.09872015627308187,0.4965150796784342,0.09702878565742273,0.09702878565742272,0.09702878565742275,-0.22427102922387937,0.22607184599719202,-0.00043421426007555705,0.0018008167733126433,0.0013666025132370863,2.42861286636753e-17,0.002083231428530961,0.01062473611674469,0.00016276041666666666,0.0625,0,0.13002311402329672,0.002214546050067801
verified-v3-muon-3e-3/checkpoint-2345,0.003,muon,verified-v3-muon-3e-3,2345,3,ArguAna,0.17218692880659736,1.0,0.07975288798305674,0.07743596019323239,0.507369886021513,0.0777234969857313,0.0777234969857313,0.07772349698573129,-0.17218692880659736,0.17282814011241474,-0.0029581390956417153,0.0006412113058173567,-0.0023169277898243586,-1.3877787807814457e-17,0.003998087582419871,0.025434931477683255,0.003662109375,0.1875,0,0.1158817817245656,0.0188190137529612
verified-v3-muon-3e-3/checkpoint-2345,0.003,muon,verified-v3-muon-3e-3,2345,3,ClimateFEVER,0.01790867220772204,0.790480960148944,0.09931390190726357,0.09703057331671243,0.5058145985211615,0.09829707169311808,0.09829707169311808,0.09829707169311806,-0.017908672207722083,0.01798608184474334,-0.002360738227572398,7.740963702125916e-05,-0.0022833285905511386,-2.168404344971009e-17,0.0029328214280424296,0.014937122242410296,0.003662109375,0.1875,0,0.0998737811057513,0.01202345125769102
verified-v3-muon-3e-3/checkpoint-2345,0.003,muon,verified-v3-muon-3e-3,2345,3,DBPedia,0.20699287589551058,1.0,0.1206424270154301,0.10053750430351435,0.545449247117552,0.11030348333765366,0.11030348333765366,0.11030348333765366,-0.20699287589551058,0.20761109052894572,-0.020723137345350917,0.0006182146334351712,-0.020104922711915746,3.469446951953614e-18,0.020519840676802212,0.09277442376637837,0.024495442708333332,0.125,0,0.08741145686325257,0.0936935698540745
verified-v3-muon-3e-3/checkpoint-2345,0.003,muon,verified-v3-muon-3e-3,2345,3,FEVER,0.32606478567397856,1.0,0.11124065259130561,0.10863313187553697,0.5059295852893319,0.1093306653549381,0.10933066535493807,0.10933066535493813,-0.32606478567397845,0.32678820082114635,-0.0033309358629364724,0.0007234151471678489,-0.0026075207157686166,5.0306980803327406e-17,0.004586209314358276,0.020858372568057955,0.004475911458333333,0.125,0,0.08264839707951517,0.015149308822847794
verified-v3-muon-3e-3/checkpoint-2345,0.003,muon,verified-v3-muon-3e-3,2345,3,FiQA2018,0.13510503129832344,0.9769331095982161,0.09136899392538739,0.0920590662510415,0.49811895648629123,0.09106458295059962,0.09106458295059962,0.09106458295059962,-0.13510503129832344,0.13579510362397756,0.0,0.0006900723256541338,0.0006900723256541338,-5.204170427930421e-18,0.001351484603567894,0.0073679272531584255,0.0,0.0,0,0.12975897194323377,-0.0
verified-v3-muon-3e-3/checkpoint-2345,0.003,muon,verified-v3-muon-3e-3,2345,3,HotpotQA,0.20091186513181597,0.9769331095982161,0.11828703238583838,0.09987339343918128,0.5422020604264546,0.10805904141970167,0.10805904141970166,0.10805904141970168,-0.20091186513181597,0.20139700616252848,-0.01889877997736964,0.0004851410307125416,-0.018413638946657096,4.163336342344337e-17,0.019001605100705886,0.0870992299765061,0.021647135416666668,0.25,0,0.08671413322367041,0.08662790194830212
verified-v3-muon-3e-3/checkpoint-2345,0.003,muon,verified-v3-muon-3e-3,2345,3,MSMARCO,0.3430196754909477,1.0,0.11084866850163932,0.11113796681214778,0.4993483880007021,0.11042215477961227,0.11042215477961227,0.11042215477961226,-0.3430196754909477,0.3441499470213979,-0.0008409732199417264,0.001130271530450186,0.00028929831050845956,-1.0408340855860843e-17,0.001344131586448784,0.006055011305292318,0.00016276041666666666,0.0625,0,0.08554064505663611,0.003788395723701909
verified-v3-muon-3e-3/checkpoint-2345,0.003,muon,verified-v3-muon-3e-3,2345,3,NFCorpus,-0.06055984590143684,0.5493533039001927,0.10007133397834886,0.10009287694999343,0.49994618675450353,0.09972192143364583,0.09972192143364583,0.09972192143364583,0.06055984590143684,-0.06053830292979228,0.0,2.1542971644565416e-05,2.1542971644565416e-05,2.6020852139652106e-18,0.0007757074888980523,0.003875355565814667,0.0,0.0,0,0.09547685781851248,-0.0
verified-v3-muon-3e-3/checkpoint-2345,0.003,muon,verified-v3-muon-3e-3,2345,3,NQ,0.30476898952252507,1.0,0.13826855477099692,0.12641345748068047,0.5223949810367994,0.12864018443260378,0.12864018443260375,0.12864018443260378,-0.30476898952252507,0.30685663871800284,-0.013942746485794284,0.0020876491954778427,-0.011855097290316441,3.469446951953614e-17,0.014821985245092817,0.055999216263321584,0.014973958333333334,0.25,0,0.10966077283354425,0.05267734806450158
verified-v3-muon-3e-3/checkpoint-2345,0.003,muon,verified-v3-muon-3e-3,2345,3,QuoraRetrieval,0.3682403405504182,1.0,0.09988827476222231,0.09716171749428676,0.5069184404341064,0.09864124260994328,0.0986412426099433,0.09864124260994325,-0.36824034055041827,0.36924182306960157,-0.003728039787118862,0.0010014825191833054,-0.00272655726793556,-3.469446951953614e-17,0.0033923523738966996,0.017215694022868665,0.0013834635416666667,0.25,0,0.12375077786109873,0.018919258734432738
verified-v3-muon-3e-3/checkpoint-2345,0.003,muon,verified-v3-muon-3e-3,2345,3,SCIDOCS,0.04000299423727472,0.8116960587924675,0.09037396696109229,0.09061983096673092,0.4993207943905993,0.09007447499519888,0.09007447499519891,0.09007447499519887,-0.04000299423727475,0.04024885824291336,0.0,0.0002458640056386095,0.0002458640056386095,-3.946495907847236e-17,0.0009105179200936517,0.005030658124853252,0.0,0.0,0,0.12222053562175383,-0.0
verified-v3-muon-3e-3/checkpoint-2345,0.003,muon,verified-v3-muon-3e-3,2345,3,SciFact,0.15810935997618716,1.0,0.09925622408015637,0.09955053133758518,0.4992598157522102,0.09868668684059721,0.09868668684059721,0.09868668684059721,-0.15810935997618716,0.1586750182265001,-0.0002713509928841326,0.0005656582503129441,0.0002943072574288115,-5.204170427930421e-18,0.0015541198391260413,0.007817238583570542,0.0003255208333333333,0.0625,0,0.08676598376341922,0.0013648982516411873
verified-v3-muon-3e-3/checkpoint-2345,0.003,muon,verified-v3-muon-3e-3,2345,3,TRECCOVID,0.03097861926307829,0.8024489931919725,0.08141431745319332,0.07518202640428961,0.5198992227257095,0.07820502825691542,0.07820502825691539,0.07820502825691542,-0.030978619263078273,0.03158236769413765,-0.006836039479963078,0.0006037484310593821,-0.006232291048903696,2.0816681711721685e-17,0.007377502558396977,0.0471115887936131,0.010579427083333334,0.25,0,0.12225140040148404,0.043653889430423115
verified-v3-muon-3e-3/checkpoint-2345,0.003,muon,verified-v3-muon-3e-3,2345,3,Touche2020,0.2655260901018817,1.0,0.10351156307162188,0.09864299220926925,0.5120417045650735,0.09990357843653014,0.09990357843653011,0.09990357843653017,-0.26552609010188166,0.2664872633951184,-0.005829744155589418,0.0009611732932367778,-0.00486857086235264,6.505213034913027e-17,0.007204186191922512,0.03563702129745426,0.006103515625,0.1875,0,0.10279770058336478,0.028838054860990215
verified-v3-muon-3e-3/checkpoint-3126,0.003,muon,verified-v3-muon-3e-3,3126,4,ArguAna,0.21588662340726622,1.0,0.08573091981716136,0.08498423870955077,0.5021869209332509,0.08516358491424499,0.08516358491424497,0.085163584914245,-0.21588662340726622,0.21610485715248873,-0.0009649148528330757,0.00021823374522248265,-0.0007466811076105931,2.42861286636753e-17,0.0017743210688935015,0.010393459398720415,0.001220703125,0.0625,0,0.08328715631827939,0.005652191997244895
verified-v3-muon-3e-3/checkpoint-3126,0.003,muon,verified-v3-muon-3e-3,3126,4,ClimateFEVER,0.011475798813588354,0.7525641326276609,0.10655472421673637,0.09565136355192279,0.5269610098912747,0.10087128741522725,0.10087128741522725,0.10087128741522725,-0.011475798813588348,0.011536426636325646,-0.010963988487550877,6.0627822737295556e-05,-0.010903360664813582,8.673617379884035e-19,0.011356113974504447,0.05616108842131796,0.018717447916666668,0.125,0,0.06905975184731511,0.05422185161949528
verified-v3-muon-3e-3/checkpoint-3126,0.003,muon,verified-v3-muon-3e-3,3126,4,DBPedia,0.21731889546995392,1.0,0.1101297337470262,0.1098481160386479,0.5006401046938423,0.10962053113982038,0.1096205311398204,0.10962053113982037,-0.21731889546995392,0.21753534321859702,-0.0004980654570213624,0.00021644774864306403,-0.00028161770837829836,-4.336808689942018e-17,0.0010079959395222033,0.004582261079941915,0.0003255208333333333,0.0625,0,0.05146899533320376,0.0022641618576899037
verified-v3-muon-3e-3/checkpoint-3126,0.003,muon,verified-v3-muon-3e-3,3126,4,FEVER,0.3639068144603096,1.0,0.11874910790246361,0.11450093842349385,0.5091064708150864,0.11605868897112201,0.11605868897112198,0.11605868897112205,-0.3639068144603096,0.3639881351929434,-0.004329490211603507,8.132073263375159e-05,-0.004248169478969756,6.591949208711867e-17,0.005016175588911724,0.021505571672649628,0.0037434895833333335,0.1875,0,0.05756138678786614,0.018561583501480728
verified-v3-muon-3e-3/checkpoint-3126,0.003,muon,verified-v3-muon-3e-3,3126,4,FiQA2018,0.13880520275208102,0.9538662191964322,0.0982715617159904,0.09810377680742723,0.5004272046322741,0.09777687371938897,0.09777687371938898,0.09777687371938895,-0.13880520275208102,0.13914491700992893,-0.0005074991664110844,0.0003397142578479076,-0.00016778490856317677,-2.211772431870429e-17,0.0015613648331984007,0.00795092115404404,0.0008138020833333334,0.0625,0,0.10926814057780802,0.0025843324840433843
verified-v3-muon-3e-3/checkpoint-3126,0.003,muon,verified-v3-muon-3e-3,3126,4,HotpotQA,0.21899724875908147,0.9307993287946483,0.12635157625665489,0.09820183262359658,0.5626793950121457,0.11284289982302145,0.11284289982302148,0.11284289982302144,-0.2189972487590815,0.21899868808151607,-0.028151182955492883,1.4393224345762151e-06,-0.028149743633058305,-5.0306980803327406e-17,0.028459463079468835,0.12673805853753717,0.031901041666666664,0.125,0,0.06517694843065605,0.12536519973520055
verified-v3-muon-3e-3/checkpoint-3126,0.003,muon,verified-v3-muon-3e-3,3126,4,MSMARCO,0.40446263420257633,1.0,0.11286809852968052,0.11308795928145798,0.4995134878128356,0.11239988158073094,0.11239988158073097,0.11239988158073094,-0.40446263420257633,0.4046824949543538,0.0,0.00021986075177746547,0.00021986075177746547,-3.2959746043559335e-17,0.0012366457818810174,0.005472948120358191,0.0,0.0,0,0.048110925216342006,-0.0
verified-v3-muon-3e-3/checkpoint-3126,0.003,muon,verified-v3-muon-3e-3,3126,4,NFCorpus,-0.046823159368768054,0.6214713978431772,0.10591620169441254,0.0973709445815832,0.5210177014862212,0.10103765042825312,0.10103765042825313,0.1010376504282531,0.04682315936876802,-0.04675537831028946,-0.00861303817130792,6.77810584785608e-05,-0.008545257112829358,-2.2551405187698492e-17,0.009329229001410698,0.04589187842080647,0.008463541666666666,0.1875,0,0.06420365566074278,0.04236882817772602
verified-v3-muon-3e-3/checkpoint-3126,0.003,muon,verified-v3-muon-3e-3,3126,4,NQ,0.36824464178085053,1.0,0.1462107863279338,0.12368657852805956,0.5417273577529969,0.1328692834278538,0.13286928342785378,0.1328692834278538,-0.36824464178085053,0.36922040933157196,-0.023499975350595614,0.000975767550721398,-0.022524207799874216,3.469446951953614e-17,0.02415157620156009,0.08948429790874923,0.025309244791666668,0.25,0,0.07770156890618886,0.08707004369284703
verified-v3-muon-3e-3/checkpoint-3126,0.003,muon,verified-v3-muon-3e-3,3126,4,QuoraRetrieval,0.39053294288553114,1.0,0.09881710464657037,0.09902479775670517,0.4994751033334904,0.09842592654487074,0.09842592654487073,0.09842592654487076,-0.39053294288553114,0.3908312616616299,-9.062566596395455e-05,0.0002983187760987587,0.00020769311013480417,3.642919299551295e-17,0.0011368901207219955,0.005746457686221546,0.00016276041666666666,0.0625,0,0.07834113363630058,0.00045807114096196703
verified-v3-muon-3e-3/checkpoint-3126,0.003,muon,verified-v3-muon-3e-3,3126,4,SCIDOCS,0.0471308170957629,0.8198791683906836,0.09786201450609645,0.09367250364253028,0.5109366993063756,0.09552326982125625,0.09552326982125625,0.09552326982125624,-0.04713081709576293,0.04720314523307022,-0.004261839000873447,7.23281373072801e-05,-0.004189510863566167,-1.5612511283791264e-17,0.00504760411858835,0.026353495794797236,0.0037434895833333335,0.0625,0,0.08553145715813643,0.022251023168400122
verified-v3-muon-3e-3/checkpoint-3126,0.003,muon,verified-v3-muon-3e-3,3126,4,SciFact,0.16710846518578387,0.9769331095982161,0.10882770318072116,0.09861378896913439,0.5246187831222507,0.1022357863931146,0.10223578639311465,0.10223578639311459,-0.1671084651857839,0.16733122243023507,-0.010436671456037924,0.0002227572444511508,-0.010213914211586773,-5.204170427930421e-17,0.011349940359336654,0.05471393520028031,0.0087890625,0.1875,0,0.06045787395251604,0.050311397916953285
verified-v3-muon-3e-3/checkpoint-3126,0.003,muon,verified-v3-muon-3e-3,3126,4,TRECCOVID,0.046127205265389326,0.8485827739955403,0.09018431189367489,0.09027866096317777,0.49973859161242534,0.08991030275524284,0.08991030275524287,0.08991030275524284,-0.046127205265389354,0.04637187020828466,-0.00015031587339242938,0.000244664942895316,9.43490695028866e-05,-2.6020852139652106e-17,0.0007049256189836494,0.0039062063969366864,8.138020833333333e-05,0.0625,0,0.07864089105151835,0.0008329457894482508
verified-v3-muon-3e-3/checkpoint-3126,0.003,muon,verified-v3-muon-3e-3,3126,4,Touche2020,0.29292828147606714,1.0,0.11179394640287826,0.09932175686287793,0.529538753742776,0.10571126553558503,0.10571126553558502,0.10571126553558505,-0.2929282814760671,0.29307764005438613,-0.012621548118319378,0.00014935857831904417,-0.012472189540000334,2.3201926491189795e-17,0.012920316279111506,0.06120016691911914,0.015625,0.3125,0,0.06432329954738314,0.05978498009895147
verified-v3-muon-3e-3/checkpoint-3907,0.003,muon,verified-v3-muon-3e-3,3907,5,ArguAna,0.22497302238176745,1.0,0.09300119349051504,0.08036215834769456,0.5364524422515082,0.08687461018678798,0.08687461018678796,0.08687461018678798,-0.22497302238176747,0.2251090692924781,-0.01277508205353111,0.00013604691071062922,-0.012639035142820481,1.0408340855860843e-17,0.01332681340243346,0.07687214893532189,0.013427734375,0.1875,0,0.08896331068153773,0.07368963462043226
verified-v3-muon-3e-3/checkpoint-3907,0.003,muon,verified-v3-muon-3e-3,3907,5,ClimateFEVER,0.008014899189564667,0.7487137381498576,0.09869156462701068,0.09836360334143143,0.5008321560123502,0.09804032654633225,0.09804032654633227,0.09804032654633223,-0.00801489918956472,0.008002994845303476,-0.0003160569413179909,-1.1904344261242858e-05,-0.00032796128557923375,-3.9898639947466563e-17,0.0010620002165978824,0.005389354806304593,0.0003255208333333333,0.0625,0,0.055229288672092626,0.0016039007988291208
verified-v3-muon-3e-3/checkpoint-3907,0.003,muon,verified-v3-muon-3e-3,3907,5,DBPedia,0.23756622375185832,1.0,0.1158934387825812,0.11497383703527317,0.5019916242872671,0.11529903104930983,0.11529903104930983,0.11529903104930983,-0.23756622375185837,0.23768642151945055,-0.0010397995149002137,0.0001201977675921867,-0.000919601747308027,-2.5153490401663703e-17,0.001652073149484446,0.007155943360235558,0.0008138020833333334,0.1875,0,0.051535505521859086,0.004503884369132404
verified-v3-muon-3e-3/checkpoint-3907,0.003,muon,verified-v3-muon-3e-3,3907,5,FEVER,0.3770215068436324,1.0,0.11848910838035365,0.11330279500786,0.5111874342819633,0.11540421604611681,0.1154042160461168,0.11540421604611681,-0.37702150684363234,0.37709524579575693,-0.005260052324618181,7.373895212454615e-05,-0.005186313372493635,1.9949319973733282e-17,0.006228700641167246,0.026871950875415992,0.004069010416666667,0.1875,0,0.041765370612084074,0.02269299422339378
verified-v3-muon-3e-3/checkpoint-3907,0.003,muon,verified-v3-muon-3e-3,3907,5,FiQA2018,0.14974978106243797,0.9538662191964322,0.0988406216947301,0.0990602507452848,0.4994451033796698,0.09849958334807257,0.09849958334807257,0.0984995833480726,-0.14974978106243791,0.14996941011299258,0.0,0.0002196290505546896,0.0002196290505546896,3.5561831257524545e-17,0.0010046355197396942,0.005076458265964472,0.0,0.0,0,0.10574064640753095,-0.0
verified-v3-muon-3e-3/checkpoint-3907,0.003,muon,verified-v3-muon-3e-3,3907,5,HotpotQA,0.2298181475899096,0.9538662191964322,0.11572408333045575,0.11306999470197901,0.5058001689801178,0.11416539073050301,0.11416539073050302,0.11416539073050298,-0.22981814758990965,0.22981574819299702,-0.002651689231564121,-2.3993969126227116e-06,-0.0026540886284767435,-4.163336342344337e-17,0.003517982013973158,0.015376193493410415,0.002685546875,0.125,0,0.06152806782342217,0.011589850814181506
verified-v3-muon-3e-3/checkpoint-3907,0.003,muon,verified-v3-muon-3e-3,3907,5,MSMARCO,0.40792231491649467,1.0,0.11385912689448224,0.11396574334160417,0.4997660122729107,0.11337713242294511,0.11337713242294513,0.11337713242294511,-0.4079223149164948,0.4080289313636166,0.0,0.00010661644712193184,0.00010661644712193184,-1.3877787807814457e-17,0.0011451422681619714,0.005026414662171444,0.0,0.0,0,0.040437625539092574,-0.0
verified-v3-muon-3e-3/checkpoint-3907,0.003,muon,verified-v3-muon-3e-3,3907,5,NFCorpus,-0.042925209953196375,0.6119823344328306,0.11137972424278865,0.102417567343663,0.520959472481207,0.10675527510646565,0.10675527510646567,0.10675527510646565,0.04292520995319636,-0.04287708792523069,-0.009010278927091307,4.8122027965664775e-05,-0.008962156899125641,-1.8865117801247777e-17,0.009680216564341704,0.045277545344522684,0.008382161458333334,0.1875,0,0.063172619586495,0.04214402745812093
verified-v3-muon-3e-3/checkpoint-3907,0.003,muon,verified-v3-muon-3e-3,3907,5,NQ,0.38108594872602836,1.0,0.12464999816664307,0.12463718567737099,0.5000256982510582,0.12400393149607977,0.12400393149607977,0.12400393149607977,-0.3810859487260283,0.3817160138302354,-0.0006428775934791547,0.0006300651042070761,-1.2812489272078648e-05,6.938893903907228e-18,0.0019792011378114522,0.007939442001358134,0.0006510416666666666,0.125,0,0.07074018967071517,0.002578863395887296
verified-v3-muon-3e-3/checkpoint-3907,0.003,muon,verified-v3-muon-3e-3,3907,5,QuoraRetrieval,0.4246810276056938,1.0,0.11033102223900376,0.0886811738027849,0.5543932705301962,0.09801514582359783,0.09801514582359785,0.09801514582359779,-0.42468102760569393,0.4248872114303587,-0.021856032260883628,0.0002061838246647553,-0.021649848436218873,-6.245004513516506e-17,0.022672134376869265,0.1139233415227907,0.026611328125,0.1875,0,0.07410151423125408,0.10982257718664784
verified-v3-muon-3e-3/checkpoint-3907,0.003,muon,verified-v3-muon-3e-3,3907,5,SCIDOCS,0.047249509672847585,0.7953826621279816,0.10111425276280456,0.09895742613449014,0.5053901347762009,0.10015272862370458,0.10015272862370458,0.10015272862370458,-0.04724950967284758,0.047310629534960874,-0.002217946490427721,6.111986211329752e-05,-0.0021568266283144236,6.938893903907228e-18,0.002953650073854614,0.014762959406017922,0.0026041666666666665,0.125,0,0.0841736090996859,0.01108575937709948
verified-v3-muon-3e-3/checkpoint-3907,0.003,muon,verified-v3-muon-3e-3,3907,5,SciFact,0.18302595074010233,1.0,0.11114970687255808,0.10494028747034759,0.5143676698708155,0.10693168898855954,0.10693168898855956,0.10693168898855948,-0.18302595074010244,0.18318489397644727,-0.006368362638555308,0.0001589432363448308,-0.0062094194022104775,-9.80118763926896e-17,0.007302811399591295,0.033795231573761436,0.005045572916666667,0.125,0,0.05319474680854345,0.02947088160153115
verified-v3-muon-3e-3/checkpoint-3907,0.003,muon,verified-v3-muon-3e-3,3907,5,TRECCOVID,0.04725858668071359,0.8255158835937564,0.09692330175239092,0.09671093877764284,0.5005483611115648,0.0963316202365328,0.09633162023653283,0.09633162023653277,-0.04725858668071363,0.04744671079673827,-0.0004004870907727172,0.0001881241160246374,-0.0002123629747480798,-5.811323644522304e-17,0.0012430682088215086,0.006419671466259614,0.0006510416666666666,0.125,0,0.0770977738559714,0.002068265869075978
verified-v3-muon-3e-3/checkpoint-3907,0.003,muon,verified-v3-muon-3e-3,3907,5,Touche2020,0.30370444538247326,1.0,0.11560847543511668,0.08991644670996934,0.5625034386511301,0.1035529838417091,0.1035529838417091,0.1035529838417091,-0.30370444538247326,0.30386156882533505,-0.025849152168009103,0.00015712344286177363,-0.02569202872514733,-1.691355389077387e-17,0.026010139297301588,0.12655467291183436,0.027913411458333332,0.375,0,0.06708485994841597,0.12577137555007287
verified-v3-muon-3e-3/checkpoint-782,0.003,muon,verified-v3-muon-3e-3,782,1,ArguAna,0.1706497718342044,1.0,0.08305678141049558,0.07616015629202058,0.5216579505233319,0.07867718426393078,0.07867718426393075,0.07867718426393079,-0.17064977183420435,0.17125699838366054,-0.007503851667931185,0.0006072265494561739,-0.006896625118475011,2.5153490401663703e-17,0.007982799988123734,0.0501378817060214,0.009847005208333334,0.125,0,0.08356550986781297,0.04712973240291506
verified-v3-muon-3e-3/checkpoint-782,0.003,muon,verified-v3-muon-3e-3,782,1,ClimateFEVER,-0.019275005674369874,0.6802534486523915,0.08326498405158465,0.08259449718618786,0.5020212497362018,0.0827154591962656,0.0827154591962656,0.08271545919626559,0.019275005674369867,-0.019427386499412405,-0.0005181060403542624,-0.00015238082504253833,-0.0006704868653968007,-1.0408340855860843e-17,0.0012565606965245395,0.00757605587059061,0.0003255208333333333,0.0625,0,0.08504401482222364,0.003123764987613322
verified-v3-muon-3e-3/checkpoint-782,0.003,muon,verified-v3-muon-3e-3,782,1,DBPedia,0.17897495251516243,0.9769331095982161,0.1047972463448284,0.10215664809512338,0.506379677601262,0.10368173651866618,0.10368173651866619,0.10368173651866616,-0.17897495251516243,0.17935599628744175,-0.003021642021984315,0.0003810437722792954,-0.0026405982497050198,-1.1275702593849246e-17,0.004143658309663057,0.02002213256665895,0.00341796875,0.125,0,0.07300878565999633,0.014600556467716304
verified-v3-muon-3e-3/checkpoint-782,0.003,muon,verified-v3-muon-3e-3,782,1,FEVER,0.29690631808244256,1.0,0.10829663138785034,0.10606189457951229,0.5052126147029914,0.10681140565763482,0.10681140565763479,0.10681140565763483,-0.2969063180824425,0.29750094097968593,-0.0028293597055814718,0.0005946228972434076,-0.002234736808338064,4.9873299934333204e-17,0.004049859148567803,0.018892923107637054,0.00390625,0.1875,0,0.07359245522341129,0.013199193700428127
verified-v3-muon-3e-3/checkpoint-782,0.003,muon,verified-v3-muon-3e-3,782,1,FiQA2018,0.12882886945647132,1.0,0.10171697262249217,0.0900442485233501,0.5304355698962318,0.09453209959524644,0.09453209959524643,0.09453209959524646,-0.1288288694564713,0.12950132801242328,-0.012345182655094052,0.0006724585559519988,-0.011672724099142053,2.42861286636753e-17,0.01273670205767997,0.06641959193612552,0.015706380208333332,0.125,0,0.09903708826124699,0.064377889238122
verified-v3-muon-3e-3/checkpoint-782,0.003,muon,verified-v3-muon-3e-3,782,1,HotpotQA,0.2027140343144646,0.9769331095982161,0.10602936379970919,0.09704948444685883,0.5221093418403364,0.10101980102044958,0.1010198010204496,0.10101980102044958,-0.2027140343144646,0.20294195176420093,-0.009207796802586661,0.00022791744973631178,-0.00897987935285035,-2.3418766925686896e-17,0.010096179452751746,0.04971556388035783,0.0107421875,0.1875,0,0.07184457480002619,0.04534099381638713
verified-v3-muon-3e-3/checkpoint-782,0.003,muon,verified-v3-muon-3e-3,782,1,MSMARCO,0.331943926330869,1.0,0.10745671890861143,0.09824955294819437,0.5223794001935592,0.10164929070922007,0.10164929070922006,0.10164929070922009,-0.331943926330869,0.33310101464136177,-0.010364254270909808,0.0011570883104927432,-0.009207165960417065,1.9081958235744878e-17,0.01183345251769897,0.05752596851269735,0.012288411458333334,0.1875,0,0.09651836577254937,0.05038375435691368
verified-v3-muon-3e-3/checkpoint-782,0.003,muon,verified-v3-muon-3e-3,782,1,NFCorpus,-0.040066373343726064,0.5733728580041352,0.10613777658046739,0.08156346596842905,0.5654612358403452,0.0928808064962211,0.0928808064962211,0.09288080649622107,0.04006637334372605,-0.04019827809584198,-0.02444240585992241,-0.0001319047521159359,-0.024574310612038346,-3.252606517456513e-17,0.024866767211699854,0.13248056791750873,0.0341796875,0.25,0,0.08526996488350877,0.1302197339133497
verified-v3-muon-3e-3/checkpoint-782,0.003,muon,verified-v3-muon-3e-3,782,1,NQ,0.3074382003672737,1.0,0.1077400920106424,0.10841859222918405,0.4984305506370754,0.10719688066370782,0.1071968806637078,0.10719688066370783,-0.30743820036727376,0.308427408795908,-0.0003107082100926861,0.0009892084286343417,0.0006785002185416555,1.3877787807814457e-17,0.0021014914769765074,0.00972198495918359,0.0003255208333333333,0.0625,0,0.08203541791748022,0.001437407944933444
verified-v3-muon-3e-3/checkpoint-782,0.003,muon,verified-v3-muon-3e-3,782,1,QuoraRetrieval,0.3678751394470833,1.0,0.10256077673920674,0.10389498295069549,0.49676878423374404,0.10217461977740883,0.10217461977740884,0.1021746197774088,-0.36787513944708333,0.36920934565857205,0.0,0.0013342062114887442,0.0013342062114887442,-3.8163916471489756e-17,0.0021712302445968555,0.010516685259147318,0.0,0.0,0,0.10824926566165402,-0.0
verified-v3-muon-3e-3/checkpoint-782,0.003,muon,verified-v3-muon-3e-3,782,1,SCIDOCS,0.028207220448852332,0.7584905784410585,0.09442454490204762,0.08354409121637302,0.5305684583614911,0.08777643664045287,0.08777643664045288,0.08777643664045284,-0.028207220448852363,0.028415491209201525,-0.011088724446023768,0.00020827076034915862,-0.010880453685674609,-3.9898639947466563e-17,0.011472825339410957,0.064465433851934,0.015869140625,0.125,0,0.10359236756485199,0.062307183377217724
verified-v3-muon-3e-3/checkpoint-782,0.003,muon,verified-v3-muon-3e-3,782,1,SciFact,0.17298249373022162,1.0,0.1008052123853791,0.09786365432327335,0.5074031681733493,0.0985147535418174,0.09851475354181742,0.09851475354181735,-0.17298249373022168,0.17351280502270924,-0.003471869354593312,0.0005303112924875588,-0.002941558062105753,-6.591949208711867e-17,0.004681704434366353,0.023565365383757208,0.0034993489583333335,0.1875,0,0.0643049124353738,0.017475658929915792
verified-v3-muon-3e-3/checkpoint-782,0.003,muon,verified-v3-muon-3e-3,782,1,TRECCOVID,0.032158359497995774,0.7871941840459152,0.08534114435464871,0.0721917712691417,0.5417353193567161,0.078140260638381,0.078140260638381,0.07814026063838098,-0.03215835949799581,0.03237650015086335,-0.013367513738374557,0.00021814065286754336,-0.013149373085507014,-4.119968255444917e-17,0.013772740837909603,0.08742770222574146,0.019694010416666668,0.125,0,0.06350543382725705,0.08485536933943355
verified-v3-muon-3e-3/checkpoint-782,0.003,muon,verified-v3-muon-3e-3,782,1,Touche2020,0.23569863563535315,1.0,0.10790106731969222,0.09555081706980206,0.5303517715919664,0.10122794919681526,0.10122794919681528,0.10122794919681523,-0.23569863563535315,0.2364070836821381,-0.013058698296675109,0.0007084480467849427,-0.012350250249890166,-5.377642775528102e-17,0.014103500227187668,0.06932105971644634,0.018636067708333332,0.1875,0,0.08114740688978071,0.06418568368565784
verified-v3-muon-3e-4/checkpoint-1563,0.0003,muon,verified-v3-muon-3e-4,1563,2,ArguAna,0.2528954356996995,1.0,0.0971881514765222,0.09627209185622225,0.502367565564167,0.09672268488334682,0.09672268488334682,0.09672268488334682,-0.2528954356996995,0.25284442171504673,-0.0008650456356471027,-5.101398465284443e-05,-0.0009160596202999471,8.673617379884035e-18,0.0016052862590814438,0.008297757882586817,0.0003255208333333333,0.125,0,0.03296572852895021,0.00447143878631051
verified-v3-muon-3e-4/checkpoint-1563,0.0003,muon,verified-v3-muon-3e-4,1563,2,ClimateFEVER,0.00863186931363398,0.7648927357978553,0.11235789880709365,0.10279200085915359,0.522230774829036,0.10748706178631212,0.10748706178631212,0.10748706178631212,-0.008631869313633987,0.00867942819597842,-0.009613456830284497,4.755888234443499e-05,-0.009565897947940062,-3.469446951953614e-18,0.01027181942493708,0.047742617778912796,0.009521484375,0.125,0,0.021687318058546685,0.044682599644236126
verified-v3-muon-3e-4/checkpoint-1563,0.0003,muon,verified-v3-muon-3e-4,1563,2,DBPedia,0.3028250508997909,1.0,0.11948238281949,0.11444639602624453,0.510763931693429,0.116980225556643,0.116980225556643,0.116980225556643,-0.30282505089979095,0.3026627266716132,-0.004873662565067771,-0.00016232422817770258,-0.005035986793245474,1.0408340855860843e-17,0.005740227221406765,0.024538354150910976,0.0037434895833333335,0.1875,0,0.025116273530692294,0.020833958904567837
verified-v3-muon-3e-4/checkpoint-1563,0.0003,muon,verified-v3-muon-3e-4,1563,2,FEVER,0.410806417488106,1.0,0.12640276285623936,0.10091005262830606,0.5560740717006923,0.1116135519224043,0.11161355192240432,0.1116135519224043,-0.410806417488106,0.4107020122361129,-0.02538830497594017,-0.00010440525199311573,-0.025492710227933285,-2.862293735361732e-17,0.025934517768528294,0.11409175375020392,0.025797526041666668,0.25,0,0.02130015208312049,0.11168884130805319
verified-v3-muon-3e-4/checkpoint-1563,0.0003,muon,verified-v3-muon-3e-4,1563,2,FiQA2018,0.22867534795736916,0.9769331095982161,0.10970593036603477,0.10953234323748076,0.5003958869172358,0.10924162298393272,0.10924162298393272,0.1092416229839327,-0.22867534795736913,0.22853602751284066,-3.426668402552527e-05,-0.0001393204445284766,-0.00017358712855400187,-3.209238430557093e-17,0.0009159783626660177,0.004178003902377608,8.138020833333333e-05,0.0625,0,0.020801491515068157,0.00015629882256551302
verified-v3-muon-3e-4/checkpoint-1563,0.0003,muon,verified-v3-muon-3e-4,1563,2,HotpotQA,0.3032811715447855,1.0,0.12305991561825777,0.11484762770273149,0.5172594105274883,0.11921531842413918,0.11921531842413917,0.11921531842413918,-0.3032811715447854,0.30320976374349506,-0.008140880114235857,-7.140780129042193e-05,-0.008212287915526278,2.42861286636753e-17,0.008893175797250082,0.0373808063128593,0.007649739583333333,0.1875,0,0.019288883886358146,0.034218671676383254
verified-v3-muon-3e-4/checkpoint-1563,0.0003,muon,verified-v3-muon-3e-4,1563,2,MSMARCO,0.44072600861942296,1.0,0.1130498765684167,0.10280866129151103,0.5237220528278369,0.10834921389865634,0.10834921389865639,0.10834921389865632,-0.440726008619423,0.44055389032828335,-0.010069096985766045,-0.00017211829113962518,-0.01024121527690567,-5.898059818321144e-17,0.010779446088249073,0.049937547965992146,0.008138020833333334,0.5,0,0.03267764610675416,0.04664673950631482
verified-v3-muon-3e-4/checkpoint-1563,0.0003,muon,verified-v3-muon-3e-4,1563,2,NFCorpus,-0.004702261493362685,0.6844625017240169,0.12056816991043383,0.11155669909290444,0.519410825854682,0.1164930805237731,0.11649308052377308,0.1164930805237731,0.004702261493362692,-0.004726081942920285,-0.00898765036797179,-2.382044955759029e-05,-0.00901147081752938,1.1275702593849246e-17,0.009693362649488238,0.04175925953607682,0.008382161458333334,0.125,0,0.025910323608934957,0.03871903259035349
verified-v3-muon-3e-4/checkpoint-1563,0.0003,muon,verified-v3-muon-3e-4,1563,2,NQ,0.4309278529608008,1.0,0.1282990235331682,0.10883041280599334,0.541050598836935,0.11885787599736974,0.11885787599736974,0.11885787599736974,-0.4309278529608008,0.4307966841303833,-0.01933744189675733,-0.00013116883041749787,-0.019468610727174825,1.474514954580286e-17,0.01996169527888917,0.08418058756036663,0.018880208333333332,0.125,0,0.022298056675633164,0.08154804479482408
verified-v3-muon-3e-4/checkpoint-1563,0.0003,muon,verified-v3-muon-3e-4,1563,2,QuoraRetrieval,0.48261860109574284,1.0,0.10145611668579639,0.09983667178892813,0.504022610320865,0.10021194356926513,0.10021194356926513,0.10021194356926513,-0.4826186010957429,0.48249093347356,-0.0014917772746853158,-0.00012766762218294203,-0.0016194448968682579,-6.288372600415926e-18,0.002253565990195012,0.01119546312250517,0.0020345052083333335,0.1875,0,0.03049428245928534,0.007410982211479633
verified-v3-muon-3e-4/checkpoint-1563,0.0003,muon,verified-v3-muon-3e-4,1563,2,SCIDOCS,0.10216748787507071,0.86024524972907,0.12034711601454859,0.10964929987488949,0.5232564844506135,0.11361230028836014,0.11361230028836014,0.11361230028836014,-0.10216748787507071,0.10212171311167006,-0.010652041376258454,-4.577476340066186e-05,-0.010697816139659116,-1.0191500421363742e-17,0.011433899093885558,0.0497133794440604,0.009765625,0.1875,0,0.04892445802693088,0.04631394508938354
verified-v3-muon-3e-4/checkpoint-1563,0.0003,muon,verified-v3-muon-3e-4,1563,2,SciFact,0.2642860604380418,1.0,0.11950942913550308,0.11553226065106775,0.5084605596735771,0.11698594799108605,0.11698594799108603,0.11698594799108608,-0.2642860604380418,0.2642166094291508,-0.0039077174755443485,-6.945100889097985e-05,-0.003977168484435328,4.683753385137379e-17,0.004721730075550407,0.020088904567687395,0.0034993489583333335,0.125,0,0.03014012545936107,0.016625635558920396
verified-v3-muon-3e-4/checkpoint-1563,0.0003,muon,verified-v3-muon-3e-4,1563,2,TRECCOVID,0.08216096012642743,0.9341496643973242,0.11515808651775172,0.098041587194769,0.5401419454001198,0.10582786094886461,0.10582786094886462,0.10582786094886462,-0.08216096012642744,0.08216921243266997,-0.017124751629225256,8.252306242547205e-06,-0.01711649932298271,-5.204170427930421e-18,0.017619804324143663,0.08264461205462385,0.018717447916666668,0.125,0,0.022037233480652393,0.080322597736788
verified-v3-muon-3e-4/checkpoint-1563,0.0003,muon,verified-v3-muon-3e-4,1563,2,Touche2020,0.31210719229468176,1.0,0.1139016477953704,0.11255096298411854,0.5029822681368137,0.11302030595503354,0.11302030595503357,0.11302030595503353,-0.31210719229468176,0.3120271538973267,-0.0012706464138968442,-8.003839735504226e-05,-0.0013506848112518864,-3.8163916471489756e-17,0.0020738338726156696,0.009157915492681563,0.0011393229166666667,0.1875,0,0.02772155565098125,0.005611091916860928
verified-v3-muon-3e-4/checkpoint-2345,0.0003,muon,verified-v3-muon-3e-4,2345,3,ArguAna,0.25595339104989745,1.0,0.10331951538157413,0.09094141511965492,0.5318594691942982,0.09675221161291037,0.09675221161291037,0.09675221161291037,-0.2559533910498974,0.25590649156878476,-0.012331200780806616,-4.689948111261458e-05,-0.01237810026191923,-6.938893903907228e-18,0.012838409439398674,0.06608847906922513,0.013264973958333334,0.125,0,0.03659588857152981,0.06347751320345188
verified-v3-muon-3e-4/checkpoint-2345,0.0003,muon,verified-v3-muon-3e-4,2345,3,ClimateFEVER,0.008635332942735637,0.7336427357978553,0.1115290172509915,0.10069481712144818,0.525525408495188,0.10426300527320961,0.10426300527320961,0.10426300527320959,-0.008635332942735635,0.008662659569674873,-0.010861526756482552,2.732662693923603e-05,-0.010834200129543316,-7.806255641895632e-18,0.011506392555620627,0.054218191795685024,0.010823567708333334,0.125,0,0.023761131005832315,0.051179580222932196
verified-v3-muon-3e-4/checkpoint-2345,0.0003,muon,verified-v3-muon-3e-4,2345,3,DBPedia,0.3030285694041295,1.0,0.11879867597533932,0.11484972081861838,0.5084506361073029,0.11610324330619326,0.11610324330619327,0.11610324330619323,-0.30302856940412953,0.30286224835220565,-0.003782634104797032,-0.0001663210519239032,-0.003948955156720935,-2.905661822261152e-17,0.00463092214498644,0.019820046739161698,0.0032552083333333335,0.0625,0,0.02389291374184212,0.016189428888453872
verified-v3-muon-3e-4/checkpoint-2345,0.0003,muon,verified-v3-muon-3e-4,2345,3,FEVER,0.43144049434056,1.0,0.11347610888093423,0.10856759926715104,0.5110530256739128,0.11035612270351525,0.11035612270351527,0.11035612270351525,-0.43144049434056,0.43131096955817994,-0.004778984831403134,-0.00012952478238006937,-0.004908509613783203,-2.6454533008646308e-17,0.005540673823971244,0.024953077347618695,0.005533854166666667,0.1875,0,0.0223236368766188,0.021522721230254067
verified-v3-muon-3e-4/checkpoint-2345,0.0003,muon,verified-v3-muon-3e-4,2345,3,FiQA2018,0.23008082590930573,0.9538662191964322,0.11067964294614056,0.10415622279925628,0.5151823349519656,0.10662575077673056,0.10662575077673059,0.10662575077673053,-0.23008082590930581,0.2299388436967528,-0.0063814379343313,-0.00014198221255298446,-0.0065234201468842845,-5.117434254131581e-17,0.007118461289883849,0.033134417594499685,0.007731119791666667,0.1875,0,0.02036679932285039,0.029703782988888722
verified-v3-muon-3e-4/checkpoint-2345,0.0003,muon,verified-v3-muon-3e-4,2345,3,HotpotQA,0.3046221198621914,1.0,0.12399157130275246,0.11835757665143853,0.5116237145846679,0.12176553972183128,0.1217655397218313,0.12176553972183128,-0.3046221198621914,0.3045360957814245,-0.005547970570546986,-8.602408076694226e-05,-0.005633994651313928,-1.1709383462843448e-17,0.006393646577953445,0.026381964335034414,0.005615234375,0.1875,0,0.018418011992100098,0.02289246988231899
verified-v3-muon-3e-4/checkpoint-2345,0.0003,muon,verified-v3-muon-3e-4,2345,3,MSMARCO,0.45225535564332486,1.0,0.11371956319647528,0.10338581214167702,0.5237989295260491,0.10854036517076357,0.1085403651707636,0.10854036517076357,-0.452255355643325,0.4520753135977449,-0.010153709009218213,-0.00018004204558002418,-0.010333751054798238,-2.688821387764051e-17,0.010891565344171444,0.0501671841482842,0.008463541666666666,0.25,0,0.03188111311254039,0.04676857490701607
verified-v3-muon-3e-4/checkpoint-2345,0.0003,muon,verified-v3-muon-3e-4,2345,3,NFCorpus,-0.0009694757605023287,0.7421243592446263,0.13065690365409677,0.09754801094493401,0.5725420238370786,0.1122115048815775,0.1122115048815775,0.11221150488157751,0.0009694757605023406,-0.0010081847309681164,-0.03307018373869698,-3.870897046577646e-05,-0.03310889270916276,5.204170427930421e-18,0.033451619239114494,0.14658588443588483,0.0361328125,0.25,0,0.025091991695918605,0.14491442393693932
verified-v3-muon-3e-4/checkpoint-2345,0.0003,muon,verified-v3-muon-3e-4,2345,3,NQ,0.43743018440482945,1.0,0.11683621539651354,0.11593314664814773,0.5019398359398187,0.11569906550026939,0.1156990655002694,0.11569906550026937,-0.4374301844048295,0.43727703079659064,-0.0007499151401269555,-0.00015315360823883913,-0.0009030687483657946,-2.168404344971009e-17,0.0016469755507112832,0.007075568434969888,0.0004069010416666667,0.1875,0,0.021704955266260845,0.0032217089634978247
verified-v3-muon-3e-4/checkpoint-2345,0.0003,muon,verified-v3-muon-3e-4,2345,3,QuoraRetrieval,0.4952177961539795,1.0,0.10505306744543078,0.09443550015296064,0.5266119693481517,0.09971332597656193,0.09971332597656195,0.09971332597656192,-0.49521779615397954,0.4950893973434184,-0.010489168481909013,-0.00012839881056112001,-0.010617567292470133,-2.5912431922403556e-17,0.011154998280150371,0.055917982741785555,0.011881510416666666,0.1875,0,0.027264287468628138,0.052580298751884934
verified-v3-muon-3e-4/checkpoint-2345,0.0003,muon,verified-v3-muon-3e-4,2345,3,SCIDOCS,0.10446593214856648,0.86024524972907,0.12015913179476698,0.11215275142949799,0.5172319647496032,0.11484599334323067,0.11484599334323066,0.11484599334323067,-0.10446593214856645,0.10443283135829257,-0.007973279574995095,-3.310079027388528e-05,-0.00800638036526898,1.8648277366750676e-17,0.008796477682747411,0.0378649493115065,0.006591796875,0.0625,0,0.048901606586786286,0.03432144522412569
verified-v3-muon-3e-4/checkpoint-2345,0.0003,muon,verified-v3-muon-3e-4,2345,3,SciFact,0.2688120034334989,1.0,0.13348565526338088,0.107252116386343,0.5544857142634185,0.11907474427889106,0.11907474427889107,0.11907474427889107,-0.2688120034334989,0.2687377627252537,-0.026159298168792616,-7.424070824526945e-05,-0.026233538877037884,6.071532165918825e-18,0.026676208500419428,0.11081023271758786,0.026936848958333332,0.125,0,0.026187409325248937,0.10866304024303541
verified-v3-muon-3e-4/checkpoint-2345,0.0003,muon,verified-v3-muon-3e-4,2345,3,TRECCOVID,0.0821339362105159,0.9110827739955403,0.11289528686379388,0.10057664867645597,0.5288530624790612,0.10556174907729916,0.10556174907729918,0.10556174907729915,-0.08213393621051593,0.08213612424884932,-0.012320826225671284,2.1880383333765935e-06,-0.012318638187337907,-2.7755575615628914e-17,0.01294401406781562,0.060635671078060956,0.013834635416666666,0.125,0,0.0229492897707553,0.05771637472855634
verified-v3-muon-3e-4/checkpoint-2345,0.0003,muon,verified-v3-muon-3e-4,2345,3,Touche2020,0.3212147319458128,1.0,0.1235785375997977,0.1027650254405519,0.5459776984148992,0.11191910186633472,0.11191910186633469,0.11191910186633475,-0.32121473194581274,0.32112757482654153,-0.020726355039974567,-8.715711927122574e-05,-0.020813512159245793,4.8138576458356397e-17,0.021334368854406704,0.09425657424418776,0.022786458333333332,0.25,0,0.030385916923724467,0.09157033123261271
verified-v3-muon-3e-4/checkpoint-3126,0.0003,muon,verified-v3-muon-3e-4,3126,4,ArguAna,0.2541433910186076,1.0,0.10079368686941398,0.09365687226990278,0.5183512318789424,0.09754910657897412,0.0975491065789741,0.09754910657897412,-0.2541433910186076,0.25409893188168775,-0.007092355462591297,-4.4459136919895725e-05,-0.007136814599511192,1.3877787807814457e-17,0.007712071650597607,0.03966083556011885,0.006184895833333333,0.125,0,0.03191112287821053,0.03647382395804726
verified-v3-muon-3e-4/checkpoint-3126,0.0003,muon,verified-v3-muon-3e-4,3126,4,ClimateFEVER,0.010247816718033998,0.7418258453960714,0.11059060051801513,0.10117900973399932,0.5222212969387242,0.10451070627996048,0.10451070627996047,0.10451070627996048,-0.01024781671803399,0.010281672523385941,-0.009445446589367752,3.385580535194936e-05,-0.009411590784015803,4.336808689942018e-18,0.010131756796687028,0.04784329906746215,0.009847005208333334,0.0625,0,0.02339562547565266,0.044602464811297926
verified-v3-muon-3e-4/checkpoint-3126,0.0003,muon,verified-v3-muon-3e-4,3126,4,DBPedia,0.3000968272148584,1.0,0.12281328765166041,0.11815026933049513,0.5096757750000981,0.12025068522772916,0.12025068522772919,0.12025068522772915,-0.3000968272148584,0.29992908725140116,-0.004495278357708035,-0.0001677399634572533,-0.0046630183211652885,-3.642919299551295e-17,0.00536340371662621,0.02225815299125666,0.00439453125,0.125,0,0.02602485072607726,0.01865542828968503
verified-v3-muon-3e-4/checkpoint-3126,0.0003,muon,verified-v3-muon-3e-4,3126,4,FEVER,0.43980155486176337,1.0,0.12038776617245538,0.10556641668130372,0.5327972452290123,0.11216233035482999,0.11216233035482998,0.11216233035483003,-0.4398015548617633,0.43967008674590935,-0.014689881375297729,-0.00013146811585393325,-0.014821349491151662,6.245004513516506e-17,0.015297797420201683,0.06770309461410876,0.014729817708333334,0.1875,0,0.024801120991711282,0.0650126551753425
verified-v3-muon-3e-4/checkpoint-3126,0.0003,muon,verified-v3-muon-3e-4,3126,4,FiQA2018,0.23390380780344225,0.9538662191964322,0.11451571693467893,0.09797676693648014,0.5389165529455312,0.10560588168845424,0.1056058816884542,0.10560588168845425,-0.23390380780344217,0.23376297940024798,-0.016398121595004627,-0.00014082840319417853,-0.016538949998198806,4.9439619065339e-17,0.017029369130618276,0.08014104226361118,0.018717447916666668,0.1875,0,0.019944788575275027,0.07717036055236348
verified-v3-muon-3e-4/checkpoint-3126,0.0003,muon,verified-v3-muon-3e-4,3126,4,HotpotQA,0.30646145201080793,1.0,0.1231524364272163,0.12029518533865324,0.505868307662728,0.12149533264822207,0.12149533264822204,0.1214953326482221,-0.3064614520108079,0.30638281460014927,-0.00277861367790444,-7.863741065862809e-05,-0.0028572510885630682,4.336808689942018e-17,0.003668249560159778,0.015067921114003069,0.00244140625,0.1875,0,0.024852119324054654,0.011413599597932042
verified-v3-muon-3e-4/checkpoint-3126,0.0003,muon,verified-v3-muon-3e-4,3126,4,MSMARCO,0.45831203332381276,1.0,0.11985314523362103,0.09582241606303352,0.5557103665944192,0.10780441385652675,0.10780441385652675,0.10780441385652675,-0.45831203332381276,0.45814100142614045,-0.023859697272915217,-0.00017103189767231006,-0.024030729170587527,-1.1275702593849246e-17,0.024508023193733287,0.11363375176301647,0.020263671875,0.3125,0,0.03201423514188608,0.11062772772895209
verified-v3-muon-3e-4/checkpoint-3126,0.0003,muon,verified-v3-muon-3e-4,3126,4,NFCorpus,0.0005757063624883211,0.6959905784410585,0.13285843478256898,0.094515125885197,0.5843178705227705,0.11566766690846603,0.115667666908466,0.11566766690846603,-0.0005757063624883018,0.0005296888259229615,-0.038297291360806625,-4.601753656533749e-05,-0.03834330889737196,1.951563910473908e-17,0.0386373886584435,0.1699291181655889,0.041585286458333336,0.25,0,0.024656799413879202,0.1684333536772374
verified-v3-muon-3e-4/checkpoint-3126,0.0003,muon,verified-v3-muon-3e-4,3126,4,NQ,0.44335248355473567,1.0,0.11664353072437533,0.11143778356506637,0.5114120421822517,0.11428417686124791,0.11428417686124792,0.1142841768612479,-0.44335248355473567,0.44321564525019175,-0.0050689088547650266,-0.0001368383045439285,-0.005205747159308955,-2.0816681711721685e-17,0.00581936678188712,0.025514439006179074,0.003173828125,0.1875,0,0.02086083231046134,0.02222413033069617
verified-v3-muon-3e-4/checkpoint-3126,0.0003,muon,verified-v3-muon-3e-4,3126,4,QuoraRetrieval,0.4984438829707587,1.0,0.10120303512579072,0.09995257665766012,0.5031081868833884,0.10011490218697756,0.1001149021869776,0.10011490218697752,-0.49844388297075876,0.498307439530562,-0.001114015027933804,-0.00013644344019678872,-0.0012504584681305927,-7.090682208055199e-17,0.0019007309108966155,0.009449057344434422,0.001220703125,0.125,0,0.027999654246016425,0.005538075811342861
verified-v3-muon-3e-4/checkpoint-3126,0.0003,muon,verified-v3-muon-3e-4,3126,4,SCIDOCS,0.10498476935561303,0.8629842341564983,0.1151863319489626,0.11471309320024597,0.5010292299522052,0.1144651324613386,0.1144651324613386,0.11446513246133862,-0.104984769355613,0.10495451105033472,-0.0004429804434383615,-3.0258305278288346e-05,-0.00047323874871664983,1.734723475976807e-17,0.001344736262379427,0.005849237167542593,0.000732421875,0.125,0,0.04620037354709352,0.0019268445023334
verified-v3-muon-3e-4/checkpoint-3126,0.0003,muon,verified-v3-muon-3e-4,3126,4,SciFact,0.26702370345134185,1.0,0.11952883396345118,0.1171657994161095,0.5049917366388962,0.1181823446498236,0.11818234464982363,0.11818234464982358,-0.26702370345134196,0.26692845311296226,-0.0022677842089620284,-9.525033837967656e-05,-0.002363034547341705,-5.2909066017292616e-17,0.003128069129653584,0.013215631824813915,0.0025227864583333335,0.25,0,0.025845194541011057,0.009581054612782186
verified-v3-muon-3e-4/checkpoint-3126,0.0003,muon,verified-v3-muon-3e-4,3126,4,TRECCOVID,0.08360158583850956,0.9110827739955403,0.10567620820336206,0.10236739931239686,0.5079522003354864,0.1034419333902098,0.10344193339020977,0.10344193339020981,-0.08360158583850953,0.08361604878796133,-0.003323271840417011,1.4462949451803445e-05,-0.0033088088909652077,3.642919299551295e-17,0.004042963379112513,0.019433249727734445,0.0034993489583333335,0.125,0,0.023725560733702706,0.015973919507069112
verified-v3-muon-3e-4/checkpoint-3126,0.0003,muon,verified-v3-muon-3e-4,3126,4,Touche2020,0.32156289286229844,1.0,0.12322593182305813,0.10247894116287298,0.5459604402548243,0.11187567422080041,0.11187567422080039,0.11187567422080046,-0.3215628928622984,0.3214709156701833,-0.020655013468070103,-9.197719211506347e-05,-0.020746990660185167,7.41594285980085e-17,0.02122515897055146,0.09403943605539473,0.020100911458333332,0.25,0,0.030392028590202843,0.09151336962652816
verified-v3-muon-3e-4/checkpoint-3907,0.0003,muon,verified-v3-muon-3e-4,3907,5,ArguAna,0.2564703859348947,1.0,0.09764431061173735,0.09699615968427687,0.501664995276868,0.09723820338347591,0.09723820338347594,0.09723820338347591,-0.2564703859348947,0.2564271303441765,-0.0006048953367423192,-4.3255590718164344e-05,-0.0006481509274604835,-3.122502256758253e-17,0.0013675445721386735,0.007026003225633789,0.00048828125,0.125,0,0.035841295016790765,0.0031077572707380887
verified-v3-muon-3e-4/checkpoint-3907,0.0003,muon,verified-v3-muon-3e-4,3907,5,ClimateFEVER,0.008012114482752963,0.7403962295351534,0.10526972965878001,0.10482396345463708,0.501060874787665,0.10461622553335445,0.10461622553335444,0.10461622553335445,-0.008012114482752943,0.008049119091903001,-0.000482770813292982,3.700460915005872e-05,-0.00044576620414292327,2.0816681711721685e-17,0.0012843614432320341,0.006113279385967497,0.0004069010416666667,0.0625,0,0.023420221082408318,0.0022978834163877673
verified-v3-muon-3e-4/checkpoint-3907,0.0003,muon,verified-v3-muon-3e-4,3907,5,DBPedia,0.3049518177957016,1.0,0.11837066145251818,0.11751625639969393,0.5018110479813882,0.11742396133246452,0.11742396133246451,0.11742396133246452,-0.30495181779570163,0.304789420006361,-0.0006920072634836426,-0.00016239778934060319,-0.0008544050528242458,-4.7704895589362195e-18,0.001596430979182733,0.006767780908405141,0.0008138020833333334,0.125,0,0.02639091171856002,0.002933639854996957
verified-v3-muon-3e-4/checkpoint-3907,0.0003,muon,verified-v3-muon-3e-4,3907,5,FEVER,0.44276427018938297,1.0,0.12337413110933987,0.10560162779871839,0.5388087005265866,0.1122429062557991,0.11224290625579908,0.11224290625579911,-0.4427642701893829,0.4426312475971974,-0.017639480718435938,-0.00013302259218554713,-0.017772503310621485,3.903127820947816e-17,0.018305791596213553,0.07994641740029766,0.018636067708333332,0.25,0,0.021670124399389822,0.07703645487432931
verified-v3-muon-3e-4/checkpoint-3907,0.0003,muon,verified-v3-muon-3e-4,3907,5,FiQA2018,0.23531020984666273,0.9538662191964322,0.11464671214071716,0.10243599375691978,0.5281245766061973,0.10718992204960351,0.10718992204960348,0.10718992204960351,-0.2353102098466627,0.23516565953483165,-0.012066168071966296,-0.0001445503118310803,-0.012210718383797376,2.862293735361732e-17,0.012684526579934123,0.05843176925349077,0.014241536458333334,0.1875,0,0.019979235431556566,0.05558327653081665
verified-v3-muon-3e-4/checkpoint-3907,0.0003,muon,verified-v3-muon-3e-4,3907,5,HotpotQA,0.3068541195664005,1.0,0.12855746120574837,0.11734767699727305,0.5227929035773552,0.12224510629291506,0.12224510629291509,0.12224510629291506,-0.3068541195664005,0.3067752902306389,-0.011130954872713707,-7.882933576162411e-05,-0.011209784208475331,-9.974659986866641e-18,0.01191695096552903,0.048461577714941,0.009358723958333334,0.1875,0,0.021838377745578126,0.045265239083877515
verified-v3-muon-3e-4/checkpoint-3907,0.0003,muon,verified-v3-muon-3e-4,3907,5,MSMARCO,0.4565865074351756,1.0,0.13550486586696533,0.0816485676730697,0.6240051730150666,0.10721569632391152,0.10721569632391151,0.10721569632391154,-0.45658650743517554,0.45641433373939966,-0.053684124498119754,-0.00017217369577589986,-0.05385629819389565,3.642919299551295e-17,0.05408107862716868,0.24904546866028776,0.049723307291666664,0.25,0,0.031612686918275436,0.24721747947044267
verified-v3-muon-3e-4/checkpoint-3907,0.0003,muon,verified-v3-muon-3e-4,3907,5,NFCorpus,-0.0011963713722510606,0.6959905784410585,0.12165735230445197,0.10656387451544458,0.5330676466850268,0.11548242899613698,0.11548242899613698,0.11548242899613699,0.0011963713722510697,-0.0012363088734793765,-0.015053540287779076,-3.9937501228306995e-05,-0.015093477789007383,1.3877787807814457e-17,0.015671580873891856,0.06866837538411476,0.012613932291666666,0.1875,0,0.02432861088664744,0.06596029868711009
verified-v3-muon-3e-4/checkpoint-3907,0.0003,muon,verified-v3-muon-3e-4,3907,5,NQ,0.4475682576649399,1.0,0.1157629155307164,0.11213292311472409,0.5079641480896889,0.11385832774270983,0.11385832774270983,0.11385832774270985,-0.4475682576649399,0.4474222161329734,-0.0034839508840257064,-0.00014604153196660571,-0.003629992415992312,5.204170427930421e-18,0.0042972781968751116,0.018856325865435397,0.002197265625,0.25,0,0.021660528508989276,0.015287470384424282
verified-v3-muon-3e-4/checkpoint-3907,0.0003,muon,verified-v3-muon-3e-4,3907,5,QuoraRetrieval,0.5001440776447599,1.0,0.1009233135820046,0.10040506289047703,0.501287078107438,0.10033047811003606,0.10033047811003604,0.10033047811003606,-0.5001440776447599,0.5000096013727483,-0.000383774419516085,-0.00013447627201149115,-0.0005182506915275761,1.5829351718288365e-17,0.0011802296701233304,0.005862212226623945,0.00048828125,0.1875,0,0.02694094165351516,0.001906211266589838
verified-v3-muon-3e-4/checkpoint-3907,0.0003,muon,verified-v3-muon-3e-4,3907,5,SCIDOCS,0.10478234916865639,0.86024524972907,0.1192149442923965,0.11114102547237603,0.5175248742810207,0.11440585211334267,0.11440585211334267,0.11440585211334267,-0.10478234916865642,0.10475284255172793,-0.008044412203091987,-2.950661692847781e-05,-0.008073918820020464,-6.505213034913027e-19,0.008806603722009209,0.03823041239609311,0.007649739583333333,0.125,0,0.04481701270364043,0.03492165716958202
verified-v3-muon-3e-4/checkpoint-3907,0.0003,muon,verified-v3-muon-3e-4,3907,5,SciFact,0.26854278080954275,1.0,0.12490702748417787,0.1113792678984308,0.5286257812029305,0.1177195076030354,0.1177195076030354,0.1177195076030354,-0.26854278080954275,0.2684526861821191,-0.013437664958323445,-9.009462742360849e-05,-0.013527759585747054,1.5612511283791264e-17,0.014112898984530468,0.05972796247737531,0.018473307291666668,0.1875,0,0.025856825638634617,0.056870268064275115
verified-v3-muon-3e-4/checkpoint-3907,0.0003,muon,verified-v3-muon-3e-4,3907,5,TRECCOVID,0.08410060894521451,0.9110827739955403,0.12289435309211533,0.09840964794975585,0.5553191651011473,0.11161909052749171,0.11161909052749172,0.1116190905274917,-0.08410060894521453,0.08411333655565678,-0.02449743275280171,1.2727610442252874e-05,-0.024484705142359457,-1.214306433183765e-17,0.024855594760596365,0.11231425841186503,0.026529947916666668,0.1875,0,0.023791373078174183,0.1106958420881272
verified-v3-muon-3e-4/checkpoint-3907,0.0003,muon,verified-v3-muon-3e-4,3907,5,Touche2020,0.3221104983791515,1.0,0.12074332399293686,0.0998160715101423,0.5474413081226059,0.11132854198156006,0.11132854198156006,0.11132854198156006,-0.3221104983791515,0.3220164501331263,-0.02083320423676935,-9.404824602519783e-05,-0.020927252482794548,1.734723475976807e-18,0.021323538971025884,0.09667934989751181,0.021728515625,0.3125,0,0.030341887992212754,0.09445620844784418
verified-v3-muon-3e-4/checkpoint-782,0.0003,muon,verified-v3-muon-3e-4,782,1,ArguAna,0.2442849832617362,1.0,0.09764535312131276,0.09473474375734073,0.5075647361946385,0.09671684030493943,0.09671684030493945,0.09671684030493943,-0.2442849832617362,0.2442438745442021,-0.0028695006464379055,-4.1108717534122166e-05,-0.0029106093639720276,-2.0816681711721685e-17,0.003489002349605863,0.018135983951638207,0.0028483072916666665,0.25,0,0.03418645827769502,0.014915787511261543
verified-v3-muon-3e-4/checkpoint-782,0.0003,muon,verified-v3-muon-3e-4,782,1,ClimateFEVER,0.00688005526457316,0.7413204180370938,0.11014612618845468,0.10727879697512499,0.5065938374764251,0.10888893218325771,0.10888893218325768,0.10888893218325772,-0.006880055264573123,0.006919673245431716,-0.002906947194188273,3.96179808585936e-05,-0.0028673292133296795,3.469446951953614e-17,0.003672676341764944,0.016891698929114053,0.00146484375,0.125,0,0.023969422977612568,0.013369889485950196
verified-v3-muon-3e-4/checkpoint-782,0.0003,muon,verified-v3-muon-3e-4,782,1,DBPedia,0.2932976344907702,1.0,0.11888789492459476,0.11506504903073744,0.5081701170954002,0.11691742828623483,0.11691742828623483,0.11691742828623483,-0.2932976344907702,0.29313638441951073,-0.0036615958225978407,-0.00016125007125947569,-0.0038228458938573164,0.0,0.004496781124040577,0.01922087855795109,0.004150390625,0.1875,0,0.02450071986080915,0.01565099271970237
verified-v3-muon-3e-4/checkpoint-782,0.0003,muon,verified-v3-muon-3e-4,782,1,FEVER,0.4115219263422637,1.0,0.12347119370426717,0.09667876467636698,0.5608504067522391,0.10938295783515942,0.10938295783515943,0.1093829578351594,-0.4115219263422637,0.41140948624462287,-0.026679988930259402,-0.00011244009764078272,-0.026792429027900185,-2.47198095326695e-17,0.027114749473784033,0.12316490847072187,0.028564453125,0.4375,0,0.022326784885628365,0.12119007028895425
verified-v3-muon-3e-4/checkpoint-782,0.0003,muon,verified-v3-muon-3e-4,782,1,FiQA2018,0.22205399125899655,0.9769331095982161,0.11420575754771117,0.10787783756557758,0.5142467073691455,0.11094471907172859,0.11094471907172859,0.11094471907172858,-0.2220539912589966,0.22194157975239348,-0.006215508475530502,-0.00011241150660309951,-0.0063279199821336014,-1.5612511283791264e-17,0.006926034262533496,0.03118660907394085,0.009684244791666666,0.125,0,0.0206325114970712,0.027987247200135887
verified-v3-muon-3e-4/checkpoint-782,0.0003,muon,verified-v3-muon-3e-4,782,1,HotpotQA,0.2921434539986853,1.0,0.12041906602942512,0.12033808972619091,0.5001681700861187,0.11991974908447062,0.1199197490844706,0.11991974908447062,-0.2921434539986853,0.29206247769545113,0.0,-8.097630323421201e-05,-8.097630323421201e-05,0.0,0.0009788562455974245,0.004065741026576284,0.0,0.0,0,0.020947408579017886,-0.0
verified-v3-muon-3e-4/checkpoint-782,0.0003,muon,verified-v3-muon-3e-4,782,1,MSMARCO,0.4207866881271189,1.0,0.11141476166163727,0.10775065840437031,0.5083592184756232,0.11033919003680981,0.11033919003680982,0.11033919003680981,-0.4207866881271189,0.42058836343869177,-0.003465778568839846,-0.00019832468842711885,-0.003664103257266965,-1.734723475976807e-17,0.0043014841155705075,0.019626655127779735,0.002685546875,0.25,0,0.03267971325020406,0.015813528282865214
verified-v3-muon-3e-4/checkpoint-782,0.0003,muon,verified-v3-muon-3e-4,782,1,NFCorpus,-0.00013646897144540399,0.7182588961191603,0.13232051091066555,0.10671014611462937,0.5535712973280369,0.11906268791745828,0.11906268791745828,0.11906268791745826,0.00013646897144538577,-0.00015007941001802394,-0.025596754357463537,-1.3610438572638547e-05,-0.025610364796036178,-3.0357660829594124e-17,0.026124150995572443,0.10929205199317973,0.026692708333333332,0.1875,0,0.027791115300965223,0.10708565451817678
verified-v3-muon-3e-4/checkpoint-782,0.0003,muon,verified-v3-muon-3e-4,782,1,NQ,0.41433111287197666,1.0,0.13232745664805212,0.11377045705930769,0.5377024723801823,0.12278942053524382,0.12278942053524383,0.12278942053524379,-0.4143311128719767,0.41418609527237615,-0.018411981989143927,-0.00014501759960050022,-0.018556999588744426,-3.642919299551295e-17,0.0190155991778925,0.0772684290225408,0.016276041666666668,0.0625,0,0.021672058419489174,0.0748156768652578
verified-v3-muon-3e-4/checkpoint-782,0.0003,muon,verified-v3-muon-3e-4,782,1,QuoraRetrieval,0.4874384580518885,1.0,0.10118445160000267,0.101082553640489,0.500251889722183,0.1007776097922854,0.10077760979228537,0.1007776097922854,-0.48743845805188846,0.48733656009237486,0.0,-0.00010189795951367,-0.00010189795951367,3.5561831257524545e-17,0.0007946855568601252,0.00392889367158652,0.0,0.0,0,0.02481168487516838,-0.0
verified-v3-muon-3e-4/checkpoint-782,0.0003,muon,verified-v3-muon-3e-4,782,1,SCIDOCS,0.09775201252777084,0.86024524972907,0.11745215121028783,0.11443127999552961,0.5065137711630567,0.11624855808137038,0.11624855808137036,0.11624855808137038,-0.09775201252777083,0.09766851802051821,-0.0029373767075055917,-8.349450725262742e-05,-0.003020871214758219,5.637851296924623e-18,0.003816648138166678,0.0164593395842028,0.0030110677083333335,0.1875,0,0.0554274964992816,0.01266747129034159
verified-v3-muon-3e-4/checkpoint-782,0.0003,muon,verified-v3-muon-3e-4,782,1,SciFact,0.2652600128726885,0.9769331095982161,0.11651862387258377,0.11296541923019351,0.5077417248588367,0.11435122290104337,0.11435122290104338,0.11435122290104334,-0.2652600128726886,0.2651787914712731,-0.0034719832409748005,-8.122140141546448e-05,-0.003553204642390265,-4.597017211338539e-17,0.004317298418898719,0.018813065869530476,0.00244140625,0.125,0,0.023493538427818657,0.01512951922073218
verified-v3-muon-3e-4/checkpoint-782,0.0003,muon,verified-v3-muon-3e-4,782,1,TRECCOVID,0.08234328548919118,0.9341496643973242,0.11839308025744202,0.09841064001977512,0.5460841728456418,0.10875787768814354,0.10875787768814354,0.10875787768814354,-0.08234328548919118,0.08235111170048524,-0.01999026644896097,7.82621129406802e-06,-0.0199824402376669,0.0,0.02040891449644589,0.0941354441259123,0.022623697916666668,0.1875,0,0.02190961384095139,0.09220444383242278
verified-v3-muon-3e-4/checkpoint-782,0.0003,muon,verified-v3-muon-3e-4,782,1,Touche2020,0.30947558682096193,1.0,0.11966473885407906,0.10157380542678895,0.5408855823158988,0.11082326583444993,0.11082326583444992,0.11082326583444993,-0.3094755868209619,0.309413911582601,-0.018029258188929254,-6.167523836086292e-05,-0.018090933427290116,2.42861286636753e-17,0.01860209627144368,0.08408162479964539,0.0166015625,0.25,0,0.025674259477732907,0.08149239205823307
verified-v3-normuon-1e-3/checkpoint-1563,0.001,normuon,verified-v3-normuon-1e-3,1563,2,ArguAna,0.2485877710217283,1.0,0.10012177705176101,0.09264971473154782,0.5193806206796708,0.09681328387523927,0.0968132838752393,0.09681328387523927,-0.2485877710217283,0.2485172816476072,-0.007401572946092082,-7.048937412110559e-05,-0.007472062320213187,-1.6479873021779667e-17,0.00798028479062909,0.041397639852264016,0.0068359375,0.125,0,0.026451623448532226,0.03839557850396295
verified-v3-normuon-1e-3/checkpoint-1563,0.001,normuon,verified-v3-normuon-1e-3,1563,2,ClimateFEVER,0.00817611263741244,0.775309402464522,0.1088720026853306,0.10647790770015524,0.5055586161630851,0.10685636430711781,0.10685636430711781,0.10685636430711781,-0.00817611263741245,0.008233599645073603,-0.0024515819928365053,5.748700766115486e-05,-0.0023940949851753504,-3.0357660829594124e-18,0.0032212559784063404,0.014958241555058698,0.0020345052083333335,0.1875,0,0.021944491616493,0.011384179303571874
verified-v3-normuon-1e-3/checkpoint-1563,0.001,normuon,verified-v3-normuon-1e-3,1563,2,DBPedia,0.29290381395017273,1.0,0.1220035337423685,0.12147065916727325,0.5010943142858943,0.12125833316150722,0.1212583331615072,0.12125833316150725,-0.29290381395017273,0.29275160050303,-0.00038066112795254875,-0.00015221344714272562,-0.0005328745750952744,5.095750210681871e-17,0.0013480372891261172,0.0055366742282472675,0.0003255208333333333,0.125,0,0.025315893192390422,0.0015634557544003025
verified-v3-normuon-1e-3/checkpoint-1563,0.001,normuon,verified-v3-normuon-1e-3,1563,2,FEVER,0.4061130600305578,1.0,0.11051571067444965,0.10572966172106342,0.5110662459509944,0.10783106506227956,0.10783106506227956,0.10783106506227955,-0.40611306003055775,0.4059825364691685,-0.004655525391996939,-0.00013052356138929314,-0.004786048953386232,0.0,0.005373488194141504,0.02484903207229511,0.00439453125,0.1875,0,0.022505478299628016,0.02152890182307336
verified-v3-normuon-1e-3/checkpoint-1563,0.001,normuon,verified-v3-normuon-1e-3,1563,2,FiQA2018,0.21616391098569102,0.9538662191964322,0.10924797011316499,0.10500103705494086,0.5099112082579964,0.10585559741118833,0.10585559741118833,0.1058555974111883,-0.21616391098569102,0.21600857994151293,-0.004091602014046021,-0.00015533104417810202,-0.004246933058224123,-2.883977778811442e-17,0.004904923239852024,0.022893563450697728,0.00341796875,0.0625,0,0.021495688144912033,0.01909741411700281
verified-v3-normuon-1e-3/checkpoint-1563,0.001,normuon,verified-v3-normuon-1e-3,1563,2,HotpotQA,0.28770955572527657,1.0,0.11183978212876142,0.11180701158986261,0.5000732640480865,0.11141059766125239,0.11141059766125239,0.11141059766125239,-0.28770955572527657,0.28767678518637774,0.0,-3.277053889881067e-05,-3.277053889881067e-05,1.6046192152785466e-17,0.0009141995496309817,0.004087693520798516,0.0,0.0,0,0.022547798154660747,-0.0
verified-v3-normuon-1e-3/checkpoint-1563,0.001,normuon,verified-v3-normuon-1e-3,1563,2,MSMARCO,0.4424702292409871,1.0,0.1199378304382002,0.09930246578375379,0.5470610672628256,0.1098801479766654,0.10988014797666537,0.1098801479766654,-0.44247022924098706,0.4422926472283301,-0.020457782641789407,-0.00017758201265699255,-0.0206353646544464,2.2551405187698492e-17,0.021113765787552634,0.09630422030709868,0.018880208333333332,0.1875,0,0.033364479579969845,0.09331214650922749
verified-v3-normuon-1e-3/checkpoint-1563,0.001,normuon,verified-v3-normuon-1e-3,1563,2,NFCorpus,-0.01209801016591357,0.675797071483191,0.11917277841747773,0.10467509981272966,0.5323828814446891,0.11316994820724738,0.11316994820724738,0.11316994820724738,0.012098010165913584,-0.012148003624345234,-0.014447685146316423,-4.999345843164846e-05,-0.01449767860474807,8.673617379884035e-18,0.015061502830734675,0.06728454587023279,0.011800130208333334,0.375,0,0.023809112525328448,0.06454242613574508
verified-v3-normuon-1e-3/checkpoint-1563,0.001,normuon,verified-v3-normuon-1e-3,1563,2,NQ,0.4258261214264344,1.0,0.11924349239659857,0.1191259128505043,0.5002466330483402,0.11876938656922154,0.11876938656922154,0.11876938656922154,-0.4258261214264344,0.42570854188034013,0.0,-0.00011757954609425796,-0.00011757954609425796,-9.540979117872439e-18,0.0009199975468136448,0.003859545422198541,0.0,0.0,0,0.022003837918889112,-0.0
verified-v3-normuon-1e-3/checkpoint-1563,0.001,normuon,verified-v3-normuon-1e-3,1563,2,QuoraRetrieval,0.482594957136162,1.0,0.10307116512981424,0.10200442757616729,0.5026008398648794,0.1021662158322294,0.1021662158322294,0.1021662158322294,-0.4825949571361621,0.4824435214777423,-0.0009153018952271288,-0.0001514356584198205,-0.0010667375536469494,-7.806255641895632e-18,0.0017167207171639946,0.008371160577969269,0.000732421875,0.125,0,0.026104468890459937,0.004463241496219418
verified-v3-normuon-1e-3/checkpoint-1563,0.001,normuon,verified-v3-normuon-1e-3,1563,2,SCIDOCS,0.0896852559137743,0.8555909140437343,0.11469321303710292,0.11371082054534912,0.5021505585438778,0.11399798345683415,0.11399798345683415,0.11399798345683415,-0.08968525591377428,0.08966079928394961,-0.0009579358619291175,-2.445662982468802e-05,-0.0009823924917538055,-6.938893903907228e-18,0.0018241672616352246,0.007986580766651456,0.0010579427083333333,0.125,0,0.03831335658539863,0.0041940409147078845
verified-v3-normuon-1e-3/checkpoint-1563,0.001,normuon,verified-v3-normuon-1e-3,1563,2,SciFact,0.25682918932662696,1.0,0.1180394555272703,0.11686720479029587,0.5024951415498176,0.1171238090812985,0.11712380908129855,0.11712380908129846,-0.256829189326627,0.25676340444976525,-0.0011064658601126695,-6.578487686175263e-05,-0.0011722507369744221,-8.370040771588094e-17,0.0019580674929426797,0.008335512881140122,0.0010579427083333333,0.125,0,0.02117254452870075,0.004710236221556503
verified-v3-normuon-1e-3/checkpoint-1563,0.001,normuon,verified-v3-normuon-1e-3,1563,2,TRECCOVID,0.07549658579916808,0.8798327739955403,0.09893389620509946,0.09814468474587665,0.5020022760855456,0.09827008069372055,0.09827008069372059,0.09827008069372052,-0.07549658579916815,0.07550056179582787,-0.0007931874558825616,3.9759966597337215e-06,-0.0007892114592228279,-6.071532165918825e-17,0.0015366718559325675,0.007797254519073381,0.0004069010416666667,0.0625,0,0.02091287925577103,0.004024726847814423
verified-v3-normuon-1e-3/checkpoint-1563,0.001,normuon,verified-v3-normuon-1e-3,1563,2,Touche2020,0.3258893302971384,1.0,0.11067543739277641,0.10791081757477142,0.5063238647334332,0.10868627932064756,0.10868627932064757,0.10868627932064756,-0.32588933029713846,0.32579812059520896,-0.002673410116075574,-9.120970192943306e-05,-0.002764619818005007,-5.204170427930421e-18,0.0034799774482446046,0.015920385519031178,0.0026041666666666665,0.0625,0,0.02354754517545084,0.012230458481812954
verified-v3-normuon-1e-3/checkpoint-2345,0.001,normuon,verified-v3-normuon-1e-3,2345,3,ArguAna,0.2527518718968147,1.0,0.09482957609100519,0.0947571472086299,0.5001910178126261,0.09446547085965211,0.09446547085965208,0.09446547085965212,-0.25275187189681464,0.25267944301443934,0.0,-7.242888237528333e-05,-7.242888237528333e-05,4.336808689942018e-17,0.0007509658936540825,0.003961067951299562,0.0,0.0,0,0.027933710811215307,-0.0
verified-v3-normuon-1e-3/checkpoint-2345,0.001,normuon,verified-v3-normuon-1e-3,2345,3,ClimateFEVER,0.007095626709685457,0.769547071483191,0.10599021832591812,0.10488465065826347,0.502621383176147,0.10479807278583786,0.10479807278583786,0.10479807278583786,-0.007095626709685469,0.0071372402034430935,-0.0011471811614122817,4.16134937576227e-05,-0.001105567667654659,-8.673617379884035e-18,0.0019181395471266145,0.009096103088844128,0.0009765625,0.125,0,0.02838475695151005,0.005440103730418136
verified-v3-normuon-1e-3/checkpoint-2345,0.001,normuon,verified-v3-normuon-1e-3,2345,3,DBPedia,0.29395206222144293,1.0,0.11803209220800359,0.11753270902394039,0.5010599698712446,0.11750292444245347,0.11750292444245347,0.11750292444245344,-0.29395206222144293,0.29379349375531705,-0.0003408147179373086,-0.0001585684661259152,-0.0004993831840632238,-1.2576745200831851e-17,0.001267172875246519,0.00537929634911297,0.0003255208333333333,0.0625,0,0.02198847982031435,0.0014467981470700814
verified-v3-normuon-1e-3/checkpoint-2345,0.001,normuon,verified-v3-normuon-1e-3,2345,3,FEVER,0.4252107833709343,1.0,0.11909141208989901,0.10472144328409949,0.5321026439294266,0.11004041895613464,0.11004041895613469,0.11004041895613462,-0.42521078337093443,0.42507565798854957,-0.014234843423414696,-0.0001351253823848285,-0.014369968805799525,-7.19910242530375e-17,0.014876680889891157,0.06646928687376666,0.015706380208333332,0.125,0,0.02471088550873874,0.0636015451374668
verified-v3-normuon-1e-3/checkpoint-2345,0.001,normuon,verified-v3-normuon-1e-3,2345,3,FiQA2018,0.22725556881112294,0.9769331095982161,0.10312680769523357,0.09782345174618501,0.5131956932123161,0.09963094778605197,0.09963094778605197,0.09963094778605197,-0.22725556881112297,0.22711476259573188,-0.0051625497336574774,-0.00014080621539107503,-0.0053033559490485525,6.288372600415926e-18,0.005894655171650285,0.029333901772685723,0.005452473958333333,0.125,0,0.018876018376145512,0.025690684590344976
verified-v3-normuon-1e-3/checkpoint-2345,0.001,normuon,verified-v3-normuon-1e-3,2345,3,HotpotQA,0.29207553117823826,1.0,0.11264286377275207,0.11101692647666143,0.5036348449005462,0.11170649689750486,0.11170649689750486,0.11170649689750484,-0.29207553117823826,0.29199622321014135,-0.0015466293279937093,-7.930796809691582e-05,-0.0016259372960906252,-1.6479873021779667e-17,0.002394293730591761,0.010705070088466826,0.0013020833333333333,0.0625,0,0.019340999446145687,0.006915097820081967
verified-v3-normuon-1e-3/checkpoint-2345,0.001,normuon,verified-v3-normuon-1e-3,2345,3,MSMARCO,0.4622580523732248,1.0,0.11211068002957512,0.09996382751297807,0.5286381721625825,0.10782098283820629,0.10782098283820629,0.10782098283820628,-0.4622580523732248,0.46205043101290366,-0.01193923115627588,-0.00020762136032117032,-0.01214685251659705,-6.938893903907228e-18,0.012655956178118547,0.05967693300232751,0.010172526041666666,0.25,0,0.03291126312906643,0.05629734235681414
verified-v3-normuon-1e-3/checkpoint-2345,0.001,normuon,verified-v3-normuon-1e-3,2345,3,NFCorpus,-0.008367952736547984,0.6963034157677512,0.1251645499393869,0.10100092678993362,0.5534202290705331,0.11448886092963945,0.11448886092963945,0.11448886092963943,0.008367952736547977,-0.00839946008022715,-0.02413211580577409,-3.1507343679173724e-05,-0.024163623149453264,-5.204170427930421e-18,0.024553067116253914,0.10856240073121119,0.028889973958333332,0.25,0,0.02570209616590187,0.10670114711917725
verified-v3-normuon-1e-3/checkpoint-2345,0.001,normuon,verified-v3-normuon-1e-3,2345,3,NQ,0.4332659914526348,1.0,0.12435894340885988,0.10769093234533253,0.5359147166301084,0.116895567693907,0.11689556769390702,0.11689556769390695,-0.4332659914526349,0.43314000584593026,-0.016542025456822748,-0.00012598560670458794,-0.016668011063527336,-7.112366251504909e-17,0.017097276052571636,0.07367931569453876,0.014078776041666666,0.1875,0,0.021978424176709498,0.07128650857087944
verified-v3-normuon-1e-3/checkpoint-2345,0.001,normuon,verified-v3-normuon-1e-3,2345,3,QuoraRetrieval,0.5009742051131776,1.0,0.11201629453931909,0.0881965470915353,0.5594860630660791,0.09856519507722741,0.09856519507722741,0.09856519507722743,-0.5009742051131776,0.5008198365218379,-0.0236653788564441,-0.00015436859133970832,-0.02381974744778381,2.42861286636753e-17,0.02419404223211142,0.12084161053325226,0.022542317708333332,0.125,0,0.025676624775787884,0.11820110370381497
verified-v3-normuon-1e-3/checkpoint-2345,0.001,normuon,verified-v3-normuon-1e-3,2345,3,SCIDOCS,0.09828925721523135,0.8799671730120284,0.12147139621233746,0.10891415065866321,0.5272526764899567,0.11384441887935448,0.11384441887935448,0.11384441887935447,-0.09828925721523137,0.09827495509438118,-0.012542943432824069,-1.4302120850177846e-05,-0.012557245553674247,-1.691355389077387e-17,0.013249522604679344,0.05751021617731135,0.011311848958333334,0.0625,0,0.0346132359629003,0.05444327390835509
verified-v3-normuon-1e-3/checkpoint-2345,0.001,normuon,verified-v3-normuon-1e-3,2345,3,SciFact,0.2651568127491837,1.0,0.12075355549421887,0.09992608270131963,0.5471893849455303,0.10921503505895765,0.10921503505895763,0.10921503505895766,-0.2651568127491836,0.26506869345048084,-0.02073935349419653,-8.811929870272683e-05,-0.020827472792899256,3.469446951953614e-17,0.021285429232809655,0.0964539792019651,0.022867838541666668,0.1875,0,0.019244294286998948,0.09397946119442123
verified-v3-normuon-1e-3/checkpoint-2345,0.001,normuon,verified-v3-normuon-1e-3,2345,3,TRECCOVID,0.07448352229913466,0.8798327739955403,0.1087447421901293,0.10003367240369676,0.5208619981222191,0.10473638016101391,0.10473638016101391,0.10473638016101391,-0.07448352229913467,0.07448603694240914,-0.008713584429707016,2.514643274475689e-06,-0.00871106978643254,1.734723475976807e-18,0.009349918830810601,0.04478393443594573,0.00927734375,0.125,0,0.025801529840221674,0.04173604080028631
verified-v3-normuon-1e-3/checkpoint-2345,0.001,normuon,verified-v3-normuon-1e-3,2345,3,Touche2020,0.3393741171123547,1.0,0.10620045907907763,0.10567886698439119,0.5012308706667544,0.10545521275563366,0.10545521275563366,0.10545521275563366,-0.33937411711235477,0.3392927204132876,-0.00044019539561928125,-8.139669906714886e-05,-0.0005215920946864301,-1.0408340855860843e-17,0.0012758103073833506,0.006021400629720615,0.0003255208333333333,0.125,0,0.025966835376875892,0.0020775759664603613
verified-v3-normuon-1e-3/checkpoint-3126,0.001,normuon,verified-v3-normuon-1e-3,3126,4,ArguAna,0.25526319420326676,1.0,0.0965068818873745,0.09309491098231312,0.5089977284851056,0.09470450420277529,0.09470450420277529,0.0947045042027753,-0.2552631942032668,0.25519640381999964,-0.003345180521794248,-6.679038326710615e-05,-0.0034119709050613543,6.071532165918825e-18,0.0039938038742173155,0.02106416724108847,0.004638671875,0.0625,0,0.022584031347923698,0.01764319034732638
verified-v3-normuon-1e-3/checkpoint-3126,0.001,normuon,verified-v3-normuon-1e-3,3126,4,ClimateFEVER,0.004715915608615033,0.7682377029166809,0.11493267910241578,0.10996848623407224,0.5110363876081218,0.11209703606973193,0.1120970360697319,0.11209703606973195,-0.0047159156086149885,0.004778573935418766,-0.005026851195147324,6.265832680378211e-05,-0.004964192868343542,4.597017211338539e-17,0.005763037900941185,0.025624757845601916,0.005615234375,0.0625,0,0.028603829513797294,0.022351379049665453
verified-v3-normuon-1e-3/checkpoint-3126,0.001,normuon,verified-v3-normuon-1e-3,3126,4,DBPedia,0.2885608567267146,1.0,0.1267261207101488,0.1136921203410435,0.5271069289753475,0.12004043683097301,0.12004043683097301,0.12004043683097303,-0.2885608567267146,0.28840741221105126,-0.012880555853441888,-0.00015344451566339998,-0.013034000369105288,0.0,0.01365053921452276,0.05677830082625115,0.011637369791666666,0.0625,0,0.022709036699923656,0.05357561804430317
verified-v3-normuon-1e-3/checkpoint-3126,0.001,normuon,verified-v3-normuon-1e-3,3126,4,FEVER,0.4349414568125193,1.0,0.1168345122503224,0.11589386992894624,0.5020209016033369,0.11585608932478343,0.11585608932478345,0.11585608932478339,-0.4349414568125194,0.43480371352263336,-0.0008028990314901431,-0.00013774328988602064,-0.0009406423213761637,-4.5102810375396984e-17,0.0016237079769149622,0.006976836953492996,0.0008138020833333334,0.1875,0,0.024407456764830304,0.003449940329459589
verified-v3-normuon-1e-3/checkpoint-3126,0.001,normuon,verified-v3-normuon-1e-3,3126,4,FiQA2018,0.2277128185586635,0.9538662191964322,0.10503756894211823,0.10093929428789439,0.5099483859253826,0.10208181514393522,0.1020818151439352,0.10208181514393522,-0.2277128185586635,0.22757159000453825,-0.003957046100098612,-0.0001412285541252216,-0.004098274654223834,6.938893903907228e-18,0.004721347085360341,0.022921735049863598,0.0032552083333333335,0.125,0,0.019730733137047183,0.01921111933664031
verified-v3-normuon-1e-3/checkpoint-3126,0.001,normuon,verified-v3-normuon-1e-3,3126,4,HotpotQA,0.29497032765081405,1.0,0.13370654556976402,0.09917316069255458,0.574144255485943,0.11607528691423791,0.1160752869142379,0.11607528691423791,-0.29497032765081405,0.29491214172330515,-0.03447519894970053,-5.8185927508915686e-05,-0.034533384877209444,4.7704895589362195e-18,0.03491463992107206,0.14992564393628946,0.03173828125,0.375,0,0.02379037391736209,0.14803865696595836
verified-v3-normuon-1e-3/checkpoint-3126,0.001,normuon,verified-v3-normuon-1e-3,3126,4,MSMARCO,0.47488833198857744,1.0,0.11286976235377605,0.10361976755749498,0.521363607746001,0.10802218473554948,0.10802218473554948,0.10802218473554949,-0.4748883319885774,0.4747030384850284,-0.009064701292731979,-0.000185293503549077,-0.009249994796281056,4.336808689942018e-18,0.009846924231621215,0.04548452867747004,0.007893880208333334,0.125,0,0.03421269879126092,0.04187131496126939
verified-v3-normuon-1e-3/checkpoint-3126,0.001,normuon,verified-v3-normuon-1e-3,3126,4,NFCorpus,-0.010702831279825693,0.6759755097933956,0.11216471229426586,0.11132662971500694,0.501874977732301,0.11141124680207817,0.11141124680207817,0.11141124680207816,0.010702831279825674,-0.010725802826118323,-0.0008151110329662689,-2.297154629264664e-05,-0.0008380825792589155,-2.0383000842727483e-17,0.0016833827351031903,0.007532205587782214,0.000732421875,0.25,0,0.026360546941213873,0.003647170515144383
verified-v3-normuon-1e-3/checkpoint-3126,0.001,normuon,verified-v3-normuon-1e-3,3126,4,NQ,0.4446503051361512,1.0,0.11732240254120596,0.11718436468945664,0.5002943152843293,0.11683222435635816,0.11683222435635815,0.11683222435635819,-0.4446503051361513,0.4445122672844019,0.0,-0.0001380378517493227,-0.0001380378517493227,3.0357660829594124e-17,0.000926352230711185,0.003950215346237825,0.0,0.0,0,0.022852985320373328,-0.0
verified-v3-normuon-1e-3/checkpoint-3126,0.001,normuon,verified-v3-normuon-1e-3,3126,4,QuoraRetrieval,0.4983286436088755,1.0,0.10901459930665386,0.0982032994884797,0.5260867904776477,0.10304911543167516,0.10304911543167518,0.10304911543167516,-0.4983286436088756,0.49815659073157625,-0.010639246940874824,-0.00017205287729933627,-0.01081129981817416,-1.7780915628762273e-17,0.011348639702424113,0.05476669616095263,0.00830078125,0.0625,0,0.025566983847187235,0.05134328165055538
verified-v3-normuon-1e-3/checkpoint-3126,0.001,normuon,verified-v3-normuon-1e-3,3126,4,SCIDOCS,0.09822839336697357,0.8833121401308539,0.11702440506983072,0.11583220684525648,0.502559940675013,0.11594422220227302,0.115944222202273,0.11594422220227302,-0.09822839336697357,0.09818588341046763,-0.0011496882680683083,-4.2509956505931354e-05,-0.0011921982245742396,2.0383000842727483e-17,0.0020638466286976706,0.008863165240290738,0.0006510416666666666,0.0625,0,0.025537258642373308,0.004937322838346331
verified-v3-normuon-1e-3/checkpoint-3126,0.001,normuon,verified-v3-normuon-1e-3,3126,4,SciFact,0.26094324980459077,1.0,0.10774268937464587,0.10758525099447966,0.5003655781499984,0.1073318361217604,0.10733183612176041,0.1073318361217604,-0.2609432498045908,0.26083731023360196,-5.1498809177326355e-05,-0.00010593957098888745,-0.0001574383801662138,-1.9081958235744878e-17,0.0008741363558186352,0.004059558431293906,8.138020833333333e-05,0.0625,0,0.019127826307874348,0.00023916454636144577
verified-v3-normuon-1e-3/checkpoint-3126,0.001,normuon,verified-v3-normuon-1e-3,3126,4,TRECCOVID,0.07854807492166715,0.8798327739955403,0.09988974016657177,0.0988007717783873,0.5027403633357342,0.09902680221962767,0.09902680221962765,0.0990268022196277,-0.07854807492166713,0.07856723379844166,-0.00110812726495901,1.9158876774540146e-05,-0.0010889683881844699,3.642919299551295e-17,0.0018679055256594415,0.009401080642325215,0.0015462239583333333,0.125,0,0.027303596833677706,0.0055771523970202545
verified-v3-normuon-1e-3/checkpoint-3126,0.001,normuon,verified-v3-normuon-1e-3,3126,4,Touche2020,0.33410685345024044,1.0,0.10779299304155435,0.10755254238066546,0.5005582903319018,0.10738373012016744,0.10738373012016747,0.10738373012016743,-0.3341068534502405,0.3340320572644243,-0.0001656544750726456,-7.479618581624978e-05,-0.00024045066088889538,-5.811323644522304e-17,0.0009816804396228648,0.004558629171011701,8.138020833333333e-05,0.0625,0,0.024650060248278028,0.0007692496375550724
verified-v3-normuon-1e-3/checkpoint-3907,0.001,normuon,verified-v3-normuon-1e-3,3907,5,ArguAna,0.2554551320921724,1.0,0.10133903812717723,0.08793193168314517,0.535417757032333,0.09454944596108897,0.09454944596108895,0.09454944596108897,-0.2554551320921724,0.2553832896193232,-0.013335263971182844,-7.18424728492241e-05,-0.013407106444032068,1.8214596497756474e-17,0.013840364720440621,0.07312460402306131,0.015055338541666666,0.125,0,0.022795099059514615,0.07045593935798372
verified-v3-normuon-1e-3/checkpoint-3907,0.001,normuon,verified-v3-normuon-1e-3,3907,5,ClimateFEVER,0.006931395960412243,0.7663223516587734,0.11971424223744292,0.10488600639917178,0.5330102836668317,0.11170785042329923,0.1117078504232992,0.11170785042329923,-0.00693139596041222,0.006983127606795647,-0.014879967484654557,5.173164638342699e-05,-0.01482823583827113,2.2551405187698492e-17,0.015385845934904578,0.06850324533610669,0.013671875,0.25,0,0.029953241164647842,0.06625089497887937
verified-v3-normuon-1e-3/checkpoint-3907,0.001,normuon,verified-v3-normuon-1e-3,3907,5,DBPedia,0.295086489619399,1.0,0.12447001193558234,0.11192549192867321,0.5265329073562087,0.11854492924126958,0.11854492924126958,0.11854492924126958,-0.295086489619399,0.29492557460027713,-0.012383604987787258,-0.00016091501912186834,-0.012544520006909126,-1.5612511283791264e-17,0.013167211149850987,0.05569992209924578,0.010660807291666666,0.1875,0,0.023675732386706522,0.05238511217581467
verified-v3-normuon-1e-3/checkpoint-3907,0.001,normuon,verified-v3-normuon-1e-3,3907,5,FEVER,0.4461973982028349,1.0,0.11227006019645819,0.11120716410541788,0.5023780859422268,0.11140349479294805,0.11140349479294803,0.11140349479294806,-0.4461973982028349,0.4460314663661628,-0.0008969642543682314,-0.0001659318366720626,-0.001062896091040294,2.0816681711721685e-17,0.0017018439666839124,0.007615290426128788,0.0005696614583333334,0.125,0,0.023720715317347138,0.0040136718950679285
verified-v3-normuon-1e-3/checkpoint-3907,0.001,normuon,verified-v3-normuon-1e-3,3907,5,FiQA2018,0.23162694529987257,0.9538662191964322,0.10332627086273552,0.09927689127177758,0.5099933770734276,0.10084946439338928,0.10084946439338927,0.1008494643933893,-0.23162694529987257,0.2314858145344173,-0.003908248825502697,-0.0001411307654552614,-0.0040493795909579584,1.1709383462843448e-17,0.004665579229035027,0.023028165897714063,0.004801432291666667,0.0625,0,0.019738851918068512,0.01929016696643618
verified-v3-normuon-1e-3/checkpoint-3907,0.001,normuon,verified-v3-normuon-1e-3,3907,5,HotpotQA,0.29981699738234024,1.0,0.132289766074003,0.10046620831054259,0.5683624939115063,0.11774391760598124,0.1177439176059812,0.11774391760598124,-0.2998169973823402,0.2997287383401934,-0.031735298721313615,-8.825904214678632e-05,-0.0318235577634604,4.597017211338539e-17,0.032225012104700204,0.13844977423204594,0.028727213541666668,0.375,0,0.021639105743517413,0.13634579651597875
verified-v3-normuon-1e-3/checkpoint-3907,0.001,normuon,verified-v3-normuon-1e-3,3907,5,MSMARCO,0.47487631315503687,1.0,0.11715437333037396,0.09720138104255278,0.5465417696534235,0.10814964838157784,0.10814964838157785,0.10814964838157785,-0.47487631315503687,0.47469394791463015,-0.019770627047414474,-0.00018236524040669486,-0.01995299228782117,-4.336808689942018e-18,0.02044635861334608,0.0953851631982522,0.017822265625,0.125,0,0.03339050471451807,0.09223277959227727
verified-v3-normuon-1e-3/checkpoint-3907,0.001,normuon,verified-v3-normuon-1e-3,3907,5,NFCorpus,-0.013554493904539973,0.6732365253659673,0.11548178947636806,0.10269393981601463,0.5293063066680899,0.10914297383428823,0.10914297383428823,0.10914297383428821,0.013554493904539971,-0.013551545106578577,-0.01279079845831483,2.9487979613905535e-06,-0.012787849660353439,-8.673617379884035e-19,0.013473779374142913,0.06175654559672111,0.011800130208333334,0.0625,0,0.02636031268107012,0.05862612903735761
verified-v3-normuon-1e-3/checkpoint-3907,0.001,normuon,verified-v3-normuon-1e-3,3907,5,NQ,0.4568555020952785,1.0,0.11630231082075004,0.11613914161252266,0.5003509899084679,0.11581571336660279,0.11581571336660279,0.11581571336660278,-0.4568555020952785,0.4567107189263446,-1.838603929356364e-05,-0.00014478316893382082,-0.00016316920822738445,-4.336808689942018e-18,0.0009333775102359711,0.00401553810847881,8.138020833333333e-05,0.0625,0,0.024631104754678553,7.9099657574381e-05
verified-v3-normuon-1e-3/checkpoint-3907,0.001,normuon,verified-v3-normuon-1e-3,3907,5,QuoraRetrieval,0.5051924547683602,1.0,0.10232870978980517,0.10216021002715737,0.5004120021828043,0.1018720540451929,0.10187205404519292,0.10187205404519287,-0.5051924547683603,0.5050239550057125,0.0,-0.00016849976264779465,-0.00016849976264779465,-5.551115123125783e-17,0.0008309946696022293,0.004063763798772326,0.0,0.0,0,0.02596858268416501,-0.0
verified-v3-normuon-1e-3/checkpoint-3907,0.001,normuon,verified-v3-normuon-1e-3,3907,5,SCIDOCS,0.09518549268202287,0.8786578044455182,0.11615428017601911,0.11608475767058485,0.5001496787664962,0.11568216849257493,0.1156821684925749,0.11568216849257494,-0.09518549268202285,0.09516189201993089,-4.592184334229095e-05,-2.360066209196668e-05,-6.952250543425763e-05,2.6020852139652106e-17,0.0009721628423726801,0.004186044049212788,8.138020833333333e-05,0.0625,0,0.030733412708831787,0.000197735246270796
verified-v3-normuon-1e-3/checkpoint-3907,0.001,normuon,verified-v3-normuon-1e-3,3907,5,SciFact,0.26283455262858785,1.0,0.11925242897896897,0.09966630513886454,0.5447337773969636,0.10727150597184329,0.10727150597184329,0.10727150597184329,-0.26283455262858785,0.26274693068119714,-0.01949850189271375,-8.76219473906828e-05,-0.019586123840104434,2.6020852139652106e-18,0.02002029490648979,0.09145080701825099,0.021647135416666668,0.25,0,0.019859372703403814,0.08906730605439478
verified-v3-normuon-1e-3/checkpoint-3907,0.001,normuon,verified-v3-normuon-1e-3,3907,5,TRECCOVID,0.08062958362309523,0.8798327739955403,0.10304658149604068,0.1008490153193353,0.505388949567889,0.10178364997002284,0.10178364997002284,0.10178364997002284,-0.08062958362309522,0.08064885424980617,-0.0022168368034163333,1.927062671094014e-05,-0.002197566176705393,-8.673617379884035e-19,0.0029603096943987234,0.014518752443090931,0.0023600260416666665,0.125,0,0.024799553517920094,0.010872411361701164
verified-v3-normuon-1e-3/checkpoint-3907,0.001,normuon,verified-v3-normuon-1e-3,3907,5,Touche2020,0.3334306989623822,1.0,0.1067616191531601,0.10593955724432451,0.5019324338557004,0.10599082630965398,0.10599082630965398,0.10599082630965398,-0.3334306989623821,0.3333517948827186,-0.0007431578291720101,-7.890407966357378e-05,-0.0008220619088355838,6.938893903907228e-18,0.0015488835204363121,0.007281969694148947,0.0008138020833333334,0.125,0,0.0247063572359104,0.003493905589799073
verified-v3-normuon-1e-3/checkpoint-782,0.001,normuon,verified-v3-normuon-1e-3,782,1,ArguAna,0.24141285787033956,1.0,0.09930632099507702,0.08434366669232955,0.5407368780449243,0.09201906943055838,0.09201906943055839,0.09201906943055838,-0.24141285787033956,0.2413692656854799,-0.014919062117887766,-4.359218485969034e-05,-0.014962654302747456,-2.6020852139652106e-18,0.01535022221352167,0.08358411784731243,0.015706380208333332,0.125,0,0.027087836000689314,0.08123639051521052
verified-v3-normuon-1e-3/checkpoint-782,0.001,normuon,verified-v3-normuon-1e-3,782,1,ClimateFEVER,-0.003206250147659368,0.7350723516587734,0.10434834327788148,0.10408999832455265,0.5006197155267661,0.10390261603579501,0.10390261603579501,0.10390261603579501,0.0032062501476593855,-0.003164684881110372,-0.0002999102198778421,4.1565266549014115e-05,-0.00025834495332882797,1.474514954580286e-17,0.0010720465047092376,0.005143230830122467,0.00016276041666666666,0.0625,0,0.021294059491829928,0.001438843821017715
verified-v3-normuon-1e-3/checkpoint-782,0.001,normuon,verified-v3-normuon-1e-3,782,1,DBPedia,0.2801104520897908,1.0,0.12532327124672504,0.1111785797499757,0.5299039763053413,0.12000087495710442,0.1200008749571044,0.12000087495710443,-0.2801104520897908,0.27995509372389427,-0.013989333130852821,-0.00015535836589651748,-0.014144691496749339,1.5612511283791264e-17,0.014647633856747637,0.061934542140018915,0.014404296875,0.125,0,0.02625847804174446,0.05915105134229151
verified-v3-normuon-1e-3/checkpoint-782,0.001,normuon,verified-v3-normuon-1e-3,782,1,FEVER,0.39782888246985326,1.0,0.12259819006659155,0.09525358381623658,0.5627596593844177,0.10647211915080548,0.1064721191508055,0.10647211915080546,-0.3978288824698533,0.39772742147668505,-0.027243145257186685,-0.00010146099316827792,-0.027344606250354963,-3.469446951953614e-17,0.027638433380538667,0.1268680667039417,0.0283203125,0.3125,0,0.03075713007406141,0.12505358469947297
verified-v3-normuon-1e-3/checkpoint-782,0.001,normuon,verified-v3-normuon-1e-3,782,1,FiQA2018,0.22368973435318884,0.9538662191964322,0.11276924452530085,0.11242289558807236,0.5007690076062471,0.11231606061364083,0.11231606061364083,0.11231606061364083,-0.2236897343531888,0.2235996487916771,-0.0002562633757167386,-9.008556151172444e-05,-0.00034634893722846304,-3.2526065174565133e-18,0.0011306626942823366,0.005020879919312919,8.138020833333333e-05,0.0625,0,0.023859388649964192,0.0011379765545445884
verified-v3-normuon-1e-3/checkpoint-782,0.001,normuon,verified-v3-normuon-1e-3,782,1,HotpotQA,0.2796059100983149,1.0,0.13346755601781807,0.09294733503695643,0.5894822350069258,0.1124887774801035,0.11248877748010347,0.11248877748010352,-0.27960591009831487,0.2795126912903534,-0.04042700217290018,-9.321880796146244e-05,-0.04052022098086164,3.0466081046842675e-17,0.040803423123146464,0.180215280598639,0.044596354166666664,0.3125,0,0.021727918973693427,0.1785527532423653
verified-v3-normuon-1e-3/checkpoint-782,0.001,normuon,verified-v3-normuon-1e-3,782,1,MSMARCO,0.4238485867198246,1.0,0.10918368046982374,0.109032257460954,0.5003469568041308,0.10870319118117752,0.10870319118117752,0.10870319118117754,-0.42384858671982456,0.4236989750354082,-1.8113244533678186e-06,-0.00014961168441637168,-0.0001514230088697395,0.0,0.0008910245716627374,0.004083224076627195,8.138020833333333e-05,0.0625,0,0.031130074478570705,8.300605677768619e-06
verified-v3-normuon-1e-3/checkpoint-782,0.001,normuon,verified-v3-normuon-1e-3,782,1,NFCorpus,-0.010697937952337125,0.7131222397912148,0.11831527018006466,0.09933746244019238,0.5435965299204013,0.10777157423223468,0.1077715742322347,0.10777157423223468,0.01069793795233712,-0.010713528459024495,-0.01896221723318491,-1.559050668737544e-05,-0.01897780773987228,-9.107298248878237e-18,0.01952415804498258,0.0897032525617161,0.021321614583333332,0.3125,0,0.02594489709353651,0.08712142965036263
verified-v3-normuon-1e-3/checkpoint-782,0.001,normuon,verified-v3-normuon-1e-3,782,1,NQ,0.4169741387612141,1.0,0.11966893031338302,0.10402468246866284,0.5349680253498409,0.11007088386269012,0.11007088386269015,0.11007088386269011,-0.41697413876121414,0.41685494649892857,-0.015525055582434655,-0.0001191922622855203,-0.015644247844720176,-3.5561831257524545e-17,0.016223792138982444,0.07252684570296591,0.012939453125,0.25,0,0.021716593669911886,0.06940321357124028
verified-v3-normuon-1e-3/checkpoint-782,0.001,normuon,verified-v3-normuon-1e-3,782,1,QuoraRetrieval,0.4889945734642665,1.0,0.11188333729319151,0.09641577545655775,0.5371282470492722,0.10220797163187362,0.10220797163187362,0.10220797163187365,-0.4889945734642665,0.48884770941955574,-0.015320697791922987,-0.00014686404471076983,-0.015467561836633757,3.122502256758253e-17,0.015918227102983958,0.0764200427589345,0.017415364583333332,0.1875,0,0.03670781705304346,0.07355143087109203
verified-v3-normuon-1e-3/checkpoint-782,0.001,normuon,verified-v3-normuon-1e-3,782,1,SCIDOCS,0.09189888630595916,0.8575062653016419,0.11104646690411757,0.11071430889285627,0.5007489106449677,0.11061661931500705,0.11061661931500705,0.11061661931500705,-0.09189888630595916,0.09184323083143012,-0.00027650253673225985,-5.565547452904794e-05,-0.0003321580112613078,-9.540979117872439e-18,0.0011606715463598266,0.005233890178227204,0.0003255208333333333,0.125,0,0.0438077294282731,0.00124685051149624
verified-v3-normuon-1e-3/checkpoint-782,0.001,normuon,verified-v3-normuon-1e-3,782,1,SciFact,0.25160213598881037,0.9769331095982161,0.11324902446229579,0.11316714568041708,0.5001808147841806,0.11283048788020968,0.11283048788020969,0.11283048788020966,-0.25160213598881037,0.25152025720693166,0.0,-8.187878187871506e-05,-8.187878187871506e-05,-3.122502256758253e-17,0.0008608946722831153,0.00380226673625158,0.0,0.0,0,0.023825070566414426,-0.0
verified-v3-normuon-1e-3/checkpoint-782,0.001,normuon,verified-v3-normuon-1e-3,782,1,TRECCOVID,0.0888331917064158,0.9110827739955403,0.10320176255541286,0.10182835511892631,0.5033492821739195,0.10252329570377289,0.10252329570377286,0.10252329570377289,-0.08883319170641578,0.08884885338366638,-0.0013890691137371444,1.566167725059603e-05,-0.0013734074364865484,2.7755575615628914e-17,0.002128408255512837,0.010380954172271936,0.0009765625,0.25,0,0.0232399954818814,0.006774951550988626
verified-v3-normuon-1e-3/checkpoint-782,0.001,normuon,verified-v3-normuon-1e-3,782,1,Touche2020,0.3112805288295946,1.0,0.1123647888423566,0.10789953839435959,0.5101361180541919,0.10974131831682993,0.10974131831682991,0.10974131831682993,-0.31128052882959456,0.3112237244336371,-0.004408446052039591,-5.680439595742888e-05,-0.00446525044799702,1.6479873021779667e-17,0.005143521529914664,0.02335158667970309,0.0037434895833333335,0.125,0,0.023509514531814872,0.020014344162511036
verified-v3-normuon-1e-4/checkpoint-1563,0.0001,normuon,verified-v3-normuon-1e-4,1563,2,ArguAna,0.23594350663525543,1.0,0.09652121150802165,0.0944284907975845,0.5054797695025673,0.09571317524912235,0.09571317524912235,0.09571317524912236,-0.23594350663525537,0.2358877869821615,-0.002037001057343224,-5.571965309389762e-05,-0.0020927207104371216,2.3418766925686896e-17,0.0026656385301926325,0.01395989885297858,0.0016276041666666667,0.1875,0,0.03300791701943416,0.010667736229738123
verified-v3-normuon-1e-4/checkpoint-1563,0.0001,normuon,verified-v3-normuon-1e-4,1563,2,ClimateFEVER,0.01082925704548699,0.7663223516587734,0.1076579173978113,0.10770167519358409,0.49989840759994425,0.10729634031156253,0.10729634031156252,0.10729634031156253,-0.010829257045486977,0.010873014841259755,0.0,4.375779577278031e-05,4.375779577278031e-05,7.806255641895632e-18,0.0008328122938451931,0.003867077773616051,0.0,0.0,0,0.024048344471373637,-0.0
verified-v3-normuon-1e-4/checkpoint-1563,0.0001,normuon,verified-v3-normuon-1e-4,1563,2,DBPedia,0.29238605168338117,1.0,0.12303195382463716,0.10856226992340287,0.5312393022309926,0.115488007614991,0.11548800761499099,0.11548800761499103,-0.2923860516833811,0.29222076263714936,-0.014304394855002534,-0.0001652890462317553,-0.014469683901234289,3.0357660829594124e-17,0.015016842615288581,0.06484117942261791,0.012613932291666666,0.1875,0,0.02327549237470085,0.06176490338793949
verified-v3-normuon-1e-4/checkpoint-1563,0.0001,normuon,verified-v3-normuon-1e-4,1563,2,FEVER,0.3952594268405729,1.0,0.11233856766782965,0.10665504092772424,0.5129764671593726,0.1079249721730498,0.10792497217304978,0.10792497217304983,-0.39525942684057286,0.39513405267269647,-0.00555815257222899,-0.0001253741678764221,-0.005683526740105412,5.182486384480711e-17,0.006346385450592032,0.028979774758234104,0.004231770833333333,0.125,0,0.02014374995808294,0.025380432825754324
verified-v3-normuon-1e-4/checkpoint-1563,0.0001,normuon,verified-v3-normuon-1e-4,1563,2,FiQA2018,0.2158603226136488,0.9769331095982161,0.11564363326545135,0.105213847070845,0.5236120283966046,0.11005846262598128,0.11005846262598123,0.11005846262598129,-0.2158603226136488,0.21573641627612147,-0.01030587985707904,-0.00012390633752731167,-0.010429786194606352,3.122502256758253e-17,0.010959677699185523,0.049623303147791904,0.010335286458333334,0.125,0,0.02221848853343217,0.04666303283631794
verified-v3-normuon-1e-4/checkpoint-1563,0.0001,normuon,verified-v3-normuon-1e-4,1563,2,HotpotQA,0.2977636099588493,1.0,0.11977018097768019,0.1192963128961389,0.5009910800837516,0.1192675404304955,0.1192675404304955,0.1192675404304955,-0.2977636099588494,0.2976818632054435,-0.0003921213281353822,-8.174675340588342e-05,-0.0004738680815412656,-8.456776945386935e-18,0.0013674942150901713,0.005720141676616315,0.000244140625,0.0625,0,0.020286657884016148,0.0016402186763250332
verified-v3-normuon-1e-4/checkpoint-1563,0.0001,normuon,verified-v3-normuon-1e-4,1563,2,MSMARCO,0.41566811169222273,1.0,0.10826860244931333,0.10430521439566598,0.509322380602823,0.10617700230382171,0.10617700230382171,0.10617700230382174,-0.41566811169222273,0.4155067290379376,-0.003802005399362294,-0.00016138265428505133,-0.003963388053647345,2.5153490401663703e-17,0.004610605844036537,0.0216894343455236,0.0023600260416666665,0.3125,0,0.03251136868429021,0.01788557714111578
verified-v3-normuon-1e-4/checkpoint-1563,0.0001,normuon,verified-v3-normuon-1e-4,1563,2,NFCorpus,0.005000428230842189,0.7190574688428424,0.1416678844131825,0.09567423780327632,0.5968931392800969,0.11657743900992895,0.11657743900992895,0.11657743900992895,-0.005000428230842199,0.004964809045163016,-0.04595802742422699,-3.561918567918402e-05,-0.04599364660990618,-9.540979117872439e-18,0.046365150665946694,0.19535154667430307,0.042561848958333336,0.375,0,0.03106918590084976,0.19363620327921705
verified-v3-normuon-1e-4/checkpoint-1563,0.0001,normuon,verified-v3-normuon-1e-4,1563,2,NQ,0.4072276878784066,1.0,0.12811883797271428,0.11521948794881834,0.5265049699323884,0.12280145683693688,0.12280145683693688,0.12280145683693691,-0.4072276878784065,0.4070842484755472,-0.01275591062103662,-0.00014343940285934005,-0.012899350023895959,2.0816681711721685e-17,0.013446704107048266,0.055259294055406284,0.009114583333333334,0.1875,0,0.022025142928483937,0.05242047496106272
verified-v3-normuon-1e-4/checkpoint-1563,0.0001,normuon,verified-v3-normuon-1e-4,1563,2,QuoraRetrieval,0.48536729447259497,1.0,0.10726273761654864,0.09606279154192642,0.5275419080943171,0.10132484826754441,0.10132484826754444,0.10132484826754437,-0.485367294472595,0.48525427721001746,-0.011086928812044677,-0.00011301726257756384,-0.011199946074622241,-5.0306980803327406e-17,0.011659899944254159,0.05734597122413611,0.012613932291666666,0.125,0,0.023492688598621983,0.05452797225184326
verified-v3-normuon-1e-4/checkpoint-1563,0.0001,normuon,verified-v3-normuon-1e-4,1563,2,SCIDOCS,0.09537798123334644,0.8583298984711626,0.11773361180092257,0.11752013795182069,0.5004537097694006,0.11717676144319268,0.11717676144319268,0.1171767614431927,-0.09537798123334644,0.09531735577568941,-0.00015284839144481636,-6.062545765704065e-05,-0.00021347384910185702,2.6020852139652106e-18,0.0011024165543616037,0.004686074315585903,0.00016276041666666666,0.0625,0,0.05205902475864643,0.0006497171314185781
verified-v3-normuon-1e-4/checkpoint-1563,0.0001,normuon,verified-v3-normuon-1e-4,1563,2,SciFact,0.2644595481693417,1.0,0.11666933287987537,0.11630557560797583,0.5007806790745419,0.11621855692190339,0.11621855692190339,0.11621855692190337,-0.2644595481693417,0.2643788214937163,-0.00028303059627413085,-8.07266756254095e-05,-0.00036375727189954035,-2.42861286636753e-17,0.0011738524528287033,0.005038535954140811,0.0003255208333333333,0.125,0,0.02591481217252247,0.001214854415486936
verified-v3-normuon-1e-4/checkpoint-1563,0.0001,normuon,verified-v3-normuon-1e-4,1563,2,TRECCOVID,0.07513539676271636,0.9110827739955403,0.11680520803003387,0.10858551980399025,0.518234308715877,0.113685404327694,0.113685404327694,0.113685404327694,-0.07513539676271636,0.07514598813914745,-0.008230279602474723,1.0591376431091926e-05,-0.008219688226043631,-1.734723475976807e-18,0.008878793410193198,0.03939289559742434,0.009847005208333334,0.0625,0,0.022576261487525187,0.03651560861250438
verified-v3-normuon-1e-4/checkpoint-1563,0.0001,normuon,verified-v3-normuon-1e-4,1563,2,Touche2020,0.29394641630852725,1.0,0.11416374704742349,0.10637341405205711,0.5176621775589383,0.11041379352761854,0.11041379352761854,0.11041379352761854,-0.29394641630852725,0.2938785865446129,-0.007722503231452092,-6.782976391431043e-05,-0.007790332995366403,5.854691731421724e-18,0.008392332751440305,0.03805405270295769,0.007649739583333333,0.1875,0,0.02698925690744909,0.03501678897538996
verified-v3-normuon-1e-4/checkpoint-2345,0.0001,normuon,verified-v3-normuon-1e-4,2345,3,ArguAna,0.2395036111441969,1.0,0.09876797950517383,0.09567995508260116,0.5079404917031369,0.09758092367328963,0.09758092367328966,0.09758092367328962,-0.23950361114419694,0.2394440951490473,-0.003028508427423044,-5.95159951496272e-05,-0.0030880244225726713,-4.423544863740858e-17,0.003655783509652558,0.01880083487336974,0.0025227864583333335,0.1875,0,0.03338289477099613,0.015574906639370638
verified-v3-normuon-1e-4/checkpoint-2345,0.0001,normuon,verified-v3-normuon-1e-4,2345,3,ClimateFEVER,0.010383559457027397,0.7725704180370938,0.1077337730601324,0.10455558612146049,0.5074855069300795,0.10675914170985394,0.10675914170985396,0.10675914170985394,-0.01038355945702741,0.010419914901001916,-0.003214542382646431,3.6355443974505665e-05,-0.0031781869386719244,-7.806255641895632e-18,0.003958231825996104,0.018645455623662335,0.002197265625,0.0625,0,0.020885346090453148,0.015142268058271836
verified-v3-normuon-1e-4/checkpoint-2345,0.0001,normuon,verified-v3-normuon-1e-4,2345,3,DBPedia,0.2989370991524938,1.0,0.11613158176603372,0.11564844050081596,0.501042240958674,0.11532940784525161,0.11532940784525161,0.11532940784525161,-0.2989370991524937,0.2987704567368347,-0.0003164988495587308,-0.0001666424156590192,-0.00048314126521774997,1.929879867024198e-17,0.0012159594962574264,0.005246179046688869,0.000244140625,0.125,0,0.022673268786577237,0.0013655139319744469
verified-v3-normuon-1e-4/checkpoint-2345,0.0001,normuon,verified-v3-normuon-1e-4,2345,3,FEVER,0.4052231088130497,1.0,0.11481674593231722,0.10391122638898245,0.5249294121542789,0.10784606044321061,0.10784606044321063,0.1078460604432106,-0.4052231088130497,0.4050952024694033,-0.01077761319968832,-0.00012790634364644865,-0.010905519543334768,-3.686287386450715e-17,0.011500917144528621,0.05258091602309736,0.011067708333333334,0.125,0,0.020926751924067392,0.049274050709237065
verified-v3-normuon-1e-4/checkpoint-2345,0.0001,normuon,verified-v3-normuon-1e-4,2345,3,FiQA2018,0.2224581179167477,0.9769331095982161,0.1178181048497313,0.10228513440976275,0.5352856470723172,0.10958211109509525,0.10958211109509523,0.10958211109509527,-0.2224581179167477,0.22232865142951774,-0.015403503952738581,-0.0001294664872299716,-0.015532970439968553,2.7755575615628914e-17,0.016069858890698806,0.07301055152465522,0.013102213541666666,0.1875,0,0.020782775189216035,0.06998308613976548
verified-v3-normuon-1e-4/checkpoint-2345,0.0001,normuon,verified-v3-normuon-1e-4,2345,3,HotpotQA,0.30139787186849293,1.0,0.1202865587404647,0.12014046826523206,0.5003038145857646,0.119788746785078,0.119788746785078,0.119788746785078,-0.30139787186849293,0.3013202358045433,-6.84544112830518e-05,-7.763606394959634e-05,-0.00014609047523264813,1.5178830414797062e-18,0.0010479569214753136,0.004358731772075204,0.00016276041666666666,0.125,0,0.019295178690728134,0.00028472011709993746
verified-v3-normuon-1e-4/checkpoint-2345,0.0001,normuon,verified-v3-normuon-1e-4,2345,3,MSMARCO,0.42836353428363205,1.0,0.10922872588704682,0.10592423049651027,0.5076794096769128,0.10746501763425498,0.10746501763425498,0.10746501763425498,-0.42836353428363205,0.4282022679923415,-0.0031432290992459595,-0.0001612662912905856,-0.003304495390536545,-2.6020852139652106e-18,0.003962931372520347,0.018419135108027788,0.0026041666666666665,0.1875,0,0.03258192003557059,0.014609276823705216
verified-v3-normuon-1e-4/checkpoint-2345,0.0001,normuon,verified-v3-normuon-1e-4,2345,3,NFCorpus,0.0031958736281309137,0.7190574688428424,0.1365461903844735,0.10268071454466837,0.5707810767560528,0.11894660327474363,0.11894660327474363,0.11894660327474363,-0.003195873628130911,0.0031489770417398658,-0.03381857925341407,-4.689658639104666e-05,-0.03386547583980511,3.469446951953614e-18,0.034169676430244204,0.14283375208304908,0.03955078125,0.375,0,0.02785388868670783,0.141366119598592
verified-v3-normuon-1e-4/checkpoint-2345,0.0001,normuon,verified-v3-normuon-1e-4,2345,3,NQ,0.4182451786344029,1.0,0.12481877497613449,0.11165389745376243,0.5278359384767278,0.11780260896310288,0.11780260896310288,0.11780260896310286,-0.4182451786344029,0.41808796680948757,-0.013007665697456698,-0.0001572118249153539,-0.013164877522372052,-2.5153490401663703e-17,0.013659294779503305,0.05776267777221761,0.010904947916666666,0.125,0,0.022301371249940027,0.05500705668775685
verified-v3-normuon-1e-4/checkpoint-2345,0.0001,normuon,verified-v3-normuon-1e-4,2345,3,QuoraRetrieval,0.4860261096183355,1.0,0.1022977806953512,0.10110214070160195,0.5029391358303817,0.1014043618767515,0.10140436187675152,0.1014043618767515,-0.4860261096183355,0.4859190519898164,-0.0010885823652301008,-0.00010705762851913325,-0.001195639993749234,-8.673617379884035e-18,0.0018377327079815724,0.009035070885770267,0.0011393229166666667,0.125,0,0.02352859805318464,0.005351931100826902
verified-v3-normuon-1e-4/checkpoint-2345,0.0001,normuon,verified-v3-normuon-1e-4,2345,3,SCIDOCS,0.09826334190153226,0.8583298984711626,0.118722114004135,0.11816043263572641,0.5011855693388474,0.11808016833813909,0.1180801683381391,0.11808016833813909,-0.09826334190153227,0.0982077397704223,-0.0005060792372986248,-5.560213110997409e-05,-0.0005616813684085988,-1.1709383462843448e-17,0.0014378695831984514,0.006069968444676007,0.0005696614583333334,0.125,0,0.04945846519725546,0.002136414203905153
verified-v3-normuon-1e-4/checkpoint-2345,0.0001,normuon,verified-v3-normuon-1e-4,2345,3,SciFact,0.26610922761395817,1.0,0.11758337095963736,0.11750243757605455,0.5001721358343298,0.11713849551726147,0.11713849551726145,0.11713849551726148,-0.26610922761395817,0.26603302968111064,-4.7354507353228326e-06,-7.619793284749724e-05,-8.093338358282007e-05,1.734723475976807e-17,0.0009512042734236134,0.004046200318719778,8.138020833333333e-05,0.0625,0,0.026188476954227012,2.014349894117012e-05
verified-v3-normuon-1e-4/checkpoint-2345,0.0001,normuon,verified-v3-normuon-1e-4,2345,3,TRECCOVID,0.07634737979207812,0.9110827739955403,0.11809669285615007,0.10636253577045873,0.5261387271922137,0.11090038009646185,0.11090038009646186,0.11090038009646185,-0.07634737979207812,0.07635234421447851,-0.01173912150809174,4.964422400385166e-06,-0.011734157085691355,3.469446951953614e-18,0.012335975021146587,0.05495864481325319,0.014404296875,0.125,0,0.02133796223534758,0.05229957164122638
verified-v3-normuon-1e-4/checkpoint-2345,0.0001,normuon,verified-v3-normuon-1e-4,2345,3,Touche2020,0.3013489405870474,1.0,0.11636584400372599,0.10371290113989828,0.5287463990572338,0.11115971322812046,0.11115971322812046,0.11115971322812046,-0.3013489405870474,0.3012787550319913,-0.012582757308771574,-7.018555505613512e-05,-0.01265294286382771,-3.903127820947816e-18,0.013267631357433467,0.060285837002455454,0.01025390625,0.1875,0,0.028013915522893836,0.057173887012850866
verified-v3-normuon-1e-4/checkpoint-3126,0.0001,normuon,verified-v3-normuon-1e-4,3126,4,ArguAna,0.2390269858545209,1.0,0.09869049006707266,0.0965925493381753,0.5053715384994182,0.09785585857274037,0.09785585857274036,0.09785585857274037,-0.2390269858545209,0.23896365994022628,-0.0020346148146027747,-6.332591429459786e-05,-0.0020979407288973725,1.3010426069826053e-17,0.0026836136998778155,0.013742174988934023,0.0013834635416666667,0.1875,0,0.031470024424119114,0.0104187994041847
verified-v3-normuon-1e-4/checkpoint-3126,0.0001,normuon,verified-v3-normuon-1e-4,3126,4,ClimateFEVER,0.01042505204485297,0.7663223516587734,0.11064025532189595,0.09963697817229014,0.52616373861964,0.10650808459187959,0.1065080845918796,0.10650808459187958,-0.010425052044853004,0.010465441941221128,-0.011043667045973933,4.038989636812474e-05,-0.01100327714960581,-2.949029909160572e-17,0.011617530544992188,0.055248637010974364,0.010498046875,0.0625,0,0.02271901126130055,0.05251955650386316
verified-v3-normuon-1e-4/checkpoint-3126,0.0001,normuon,verified-v3-normuon-1e-4,3126,4,DBPedia,0.29931964755642393,1.0,0.12054089141938057,0.11349998885264265,0.5150420357301562,0.11569451514975695,0.11569451514975694,0.11569451514975693,-0.299319647556424,0.2991538568877673,-0.006875111898081269,-0.00016579066865664294,-0.007040902566737912,-1.235990476633475e-17,0.0076934253898588096,0.03287214345167744,0.005777994791666667,0.1875,0,0.02356930270845785,0.02937568808530544
verified-v3-normuon-1e-4/checkpoint-3126,0.0001,normuon,verified-v3-normuon-1e-4,3126,4,FEVER,0.41324771263587284,1.0,0.1168329162957005,0.10310729843945886,0.5312030655075274,0.10817670681449287,0.10817670681449287,0.10817670681449287,-0.4132477126358728,0.41311298422812637,-0.013590889448495139,-0.00013472840774650038,-0.013725617856241639,7.37257477290143e-18,0.014232380969023468,0.06471022585006278,0.011881510416666666,0.125,0,0.02034878320922848,0.061793562695483334
verified-v3-normuon-1e-4/checkpoint-3126,0.0001,normuon,verified-v3-normuon-1e-4,3126,4,FiQA2018,0.22307351364074457,0.9769331095982161,0.11911247321682616,0.10172870652823401,0.539358073319161,0.109465151966733,0.109465151966733,0.109465151966733,-0.22307351364074457,0.22294520095557266,-0.017255454003420264,-0.00012831268517189166,-0.017383766688592157,0.0,0.01788429103482243,0.08098259145087033,0.016764322916666668,0.1875,0,0.021296010755311276,0.07813512870806079
verified-v3-normuon-1e-4/checkpoint-3126,0.0001,normuon,verified-v3-normuon-1e-4,3126,4,HotpotQA,0.3033418176126529,1.0,0.1204786789368751,0.11998512166534527,0.5010262610636065,0.11993014571465255,0.11993014571465258,0.11993014571465255,-0.3033418176126529,0.3032596755268166,-0.0004114151856935491,-8.214208583628806e-05,-0.0004935572715298372,-2.3852447794681098e-17,0.0013888720329296982,0.00577580504612915,0.00016276041666666666,0.125,0,0.01928299596576404,0.0017109235762854786
verified-v3-normuon-1e-4/checkpoint-3126,0.0001,normuon,verified-v3-normuon-1e-4,3126,4,MSMARCO,0.43275068869137007,1.0,0.11049502587082739,0.10260392163346106,0.5185151178121317,0.1063224033582759,0.10632240335827592,0.10632240335827589,-0.4327506886913701,0.4325959670148921,-0.007736382560888353,-0.00015472167647797783,-0.007891104237366331,-2.3418766925686896e-17,0.008493280590406972,0.03985604194612952,0.005940755208333333,0.1875,0,0.03256891797133081,0.03630418006045133
verified-v3-normuon-1e-4/checkpoint-3126,0.0001,normuon,verified-v3-normuon-1e-4,3126,4,NFCorpus,0.0023170971403636328,0.7190574688428424,0.13357664914612766,0.1053930547392391,0.5589689695987742,0.11953464807458727,0.11953464807458727,0.11953464807458727,-0.0023170971403636315,0.0022719663081883414,-0.028138463574713283,-4.5130832175288745e-05,-0.02818359440688857,1.3010426069826053e-18,0.028620748247525578,0.11976726665424871,0.029459635416666668,0.375,0,0.02661583351859535,0.11774908332401517
verified-v3-normuon-1e-4/checkpoint-3126,0.0001,normuon,verified-v3-normuon-1e-4,3126,4,NQ,0.4211792064908779,1.0,0.12462298017181855,0.11037815351499736,0.5303079956112152,0.11741297860976657,0.11741297860976656,0.1174129786097666,-0.42117920649087787,0.42102435869909816,-0.014089978865041475,-0.00015484779177973342,-0.014244826656821209,3.9898639947466563e-17,0.01466542613066622,0.06240576758327777,0.012858072916666666,0.125,0,0.021714681667717874,0.059957067627678245
verified-v3-normuon-1e-4/checkpoint-3126,0.0001,normuon,verified-v3-normuon-1e-4,3126,4,QuoraRetrieval,0.48685944866520753,1.0,0.10191946070500571,0.10174294309594689,0.5004333583561925,0.10146385414750368,0.10146385414750371,0.10146385414750365,-0.4868594486652076,0.48674358635779713,-6.065530164838656e-05,-0.00011586230741044562,-0.00017651760905883218,-5.421010862427522e-17,0.0008349807020965318,0.004099827393339576,8.138020833333333e-05,0.0625,0,0.023541178609337327,0.00029782277198135893
verified-v3-normuon-1e-4/checkpoint-3126,0.0001,normuon,verified-v3-normuon-1e-4,3126,4,SCIDOCS,0.10057970123709514,0.86024524972907,0.11612894538074839,0.11296199750628796,0.5069119883888689,0.11431729076231065,0.11431729076231065,0.11431729076231066,-0.10057970123709513,0.10051698731385723,-0.0031042339512225205,-6.271392323790132e-05,-0.003166947874460422,8.673617379884035e-18,0.00399743250106598,0.017449107549559893,0.0027669270833333335,0.3125,0,0.04715009558941652,0.013550225565893295
verified-v3-normuon-1e-4/checkpoint-3126,0.0001,normuon,verified-v3-normuon-1e-4,3126,4,SciFact,0.26581186439837945,1.0,0.11795679106601992,0.11745508579508394,0.5010655903976161,0.11745098395835109,0.11745098395835109,0.11745098395835107,-0.26581186439837945,0.2657260766155106,-0.00041591748806717177,-8.578778286881181e-05,-0.0005017052709359836,-5.204170427930421e-18,0.0013470693206307756,0.005722180794750489,0.0003255208333333333,0.0625,0,0.026858410746205003,0.0017667650995899778
verified-v3-normuon-1e-4/checkpoint-3126,0.0001,normuon,verified-v3-normuon-1e-4,3126,4,TRECCOVID,0.07690331442681553,0.9110827739955403,0.11262788425023919,0.11118933192336893,0.5032136766587125,0.11151142868272138,0.11151142868272138,0.1115114286827214,-0.0769033144268155,0.07691351752397067,-0.001448755424025441,1.0203097155167887e-05,-0.001438552326870273,3.122502256758253e-17,0.002261728890796945,0.010105249852820042,0.00146484375,0.125,0,0.021919622990332708,0.006472940057040501
verified-v3-normuon-1e-4/checkpoint-3126,0.0001,normuon,verified-v3-normuon-1e-4,3126,4,Touche2020,0.30238984864201646,1.0,0.12449674505187337,0.09895504480588013,0.5571525971267735,0.11449745297881678,0.11449745297881676,0.11449745297881676,-0.30238984864201646,0.3023195436756323,-0.025471395279609038,-7.030496638418468e-05,-0.025541700245993223,1.951563910473908e-18,0.025925353539915375,0.1160221341543924,0.022379557291666668,0.25,0,0.027942109026352652,0.11399056277787614
verified-v3-normuon-1e-4/checkpoint-3907,0.0001,normuon,verified-v3-normuon-1e-4,3907,5,ArguAna,0.2392898724211593,1.0,0.09843708160962183,0.09727684780200849,0.5029641063645836,0.09792022822087419,0.0979202282208742,0.09792022822087419,-0.2392898724211593,0.2392324704272264,-0.0011028318136804133,-5.740199393292067e-05,-0.001160233807613334,-7.806255641895632e-18,0.0017576130847595103,0.00898052116189878,0.0005696614583333334,0.1875,0,0.03220779833224969,0.00563491733570435
verified-v3-normuon-1e-4/checkpoint-3907,0.0001,normuon,verified-v3-normuon-1e-4,3907,5,ClimateFEVER,0.010235952109643533,0.7692254509182683,0.10997862570621524,0.09878036572517132,0.5268210243407035,0.10367898017722119,0.10367898017722119,0.10367898017722116,-0.010235952109643547,0.010274072157477443,-0.0112363800288778,3.8120047833898295e-05,-0.011198259981043903,-1.9081958235744878e-17,0.011889436385159147,0.05695293076306552,0.011067708333333334,0.0625,0,0.021773984965368635,0.05382465182377974
verified-v3-normuon-1e-4/checkpoint-3907,0.0001,normuon,verified-v3-normuon-1e-4,3907,5,DBPedia,0.3007754294766283,1.0,0.12005704523310437,0.11416683854833042,0.5125738814284848,0.11623144695155817,0.11623144695155815,0.11623144695155818,-0.3007754294766283,0.30061196167009313,-0.0057267388782388275,-0.00016346780653512735,-0.005890206684773955,3.707971429900425e-17,0.006559551777045976,0.02800547779818645,0.005126953125,0.1875,0,0.023862315103426457,0.024449850227838906
verified-v3-normuon-1e-4/checkpoint-3907,0.0001,normuon,verified-v3-normuon-1e-4,3907,5,FEVER,0.41415961999634093,1.0,0.12145893069647404,0.09917418275970132,0.5505018208456709,0.10830915051264856,0.10830915051264856,0.10830915051264854,-0.414159619996341,0.41402465535523303,-0.022149783295664794,-0.00013496464110792153,-0.022284747936772716,-1.7780915628762273e-17,0.022669630839104858,0.10274808927812078,0.02734375,0.125,0,0.020121594262292965,0.10039192643702793
verified-v3-normuon-1e-4/checkpoint-3907,0.0001,normuon,verified-v3-normuon-1e-4,3907,5,FiQA2018,0.22325744840300069,0.9769331095982161,0.11066747942870692,0.1088556001171441,0.5041268538035072,0.10930371634851954,0.10930371634851954,0.10930371634851953,-0.22325744840300074,0.22313298757870323,-0.0016874184872653127,-0.0001244608242975051,-0.0018118793115628178,-1.9081958235744878e-17,0.0025109053284531483,0.011438001569801702,0.0015462239583333333,0.1875,0,0.021667782776475724,0.007686747519924744
verified-v3-normuon-1e-4/checkpoint-3907,0.0001,normuon,verified-v3-normuon-1e-4,3907,5,HotpotQA,0.3031724418928221,1.0,0.121172024501046,0.12083846664857549,0.5006891392412082,0.1206742986957601,0.1206742986957601,0.12067429869576013,-0.3031724418928221,0.30309818114558224,-0.0002592971052305798,-7.426074723992579e-05,-0.0003335578524705056,4.9873299934333204e-18,0.001253702821949371,0.005180365594871162,8.138020833333333e-05,0.0625,0,0.01877928906376421,0.001071429193002509
verified-v3-normuon-1e-4/checkpoint-3907,0.0001,normuon,verified-v3-normuon-1e-4,3907,5,MSMARCO,0.43237313974261193,1.0,0.10831986796743939,0.10502558622936775,0.5077205341695087,0.10646001330374709,0.10646001330374708,0.1064600133037471,-0.43237313974261193,0.4322210853316498,-0.003142227327109625,-0.00015205441096203046,-0.0032942817380716555,3.382710778154774e-17,0.003967217422791614,0.018595275150001228,0.00244140625,0.25,0,0.032611773108949235,0.014728353781613641
verified-v3-normuon-1e-4/checkpoint-3907,0.0001,normuon,verified-v3-normuon-1e-4,3907,5,NFCorpus,0.002627087146937773,0.7190574688428424,0.1521979412745014,0.09054912979569905,0.6269815763523137,0.12198459860888872,0.12198459860888873,0.12198459860888873,-0.0026270871469377738,0.002587517570899948,-0.061609241902764525,-3.9569576037828263e-05,-0.061648811478802364,-8.673617379884035e-18,0.06181292490156383,0.2546392202758567,0.06844075520833333,0.375,0,0.02660376638730901,0.25380014527527556
verified-v3-normuon-1e-4/checkpoint-3907,0.0001,normuon,verified-v3-normuon-1e-4,3907,5,NQ,0.4242871322031083,1.0,0.13091195964431154,0.10244016347763346,0.5610060791086081,0.11720296103156068,0.11720296103156067,0.11720296103156068,-0.4242871322031083,0.4241251717131425,-0.02830983567671229,-0.0001619604899657963,-0.028471796166678085,-5.204170427930421e-18,0.028741318379551465,0.12316716040561518,0.02880859375,0.1875,0,0.022887972386556554,0.12131809772271988
verified-v3-normuon-1e-4/checkpoint-3907,0.0001,normuon,verified-v3-normuon-1e-4,3907,5,QuoraRetrieval,0.48593491896015656,1.0,0.10219824982188436,0.10200757602620467,0.5004668666892528,0.10172687369478502,0.101726873694785,0.10172687369478503,-0.4859349189601565,0.4858243329352829,-8.00877708060782e-05,-0.00011058602487362332,-0.00019067379567970152,3.3176586478056436e-17,0.0008620774950068965,0.0042216106784740085,0.00016276041666666666,0.0625,0,0.023244103326179346,0.00039219141017874965
verified-v3-normuon-1e-4/checkpoint-3907,0.0001,normuon,verified-v3-normuon-1e-4,3907,5,SCIDOCS,0.09923850556071345,0.8583298984711626,0.12290196256097101,0.10902779459232463,0.5299102800324931,0.1142048277801288,0.11420482778012883,0.11420482778012879,-0.09923850556071347,0.09918663277008906,-0.013822295178021986,-5.187279062440764e-05,-0.013874167968646394,-2.3635607360183997e-17,0.014545088940996882,0.06271333665642223,0.014485677083333334,0.25,0,0.04936572146797494,0.05959690273329627
verified-v3-normuon-1e-4/checkpoint-3907,0.0001,normuon,verified-v3-normuon-1e-4,3907,5,SciFact,0.2660604924796357,1.0,0.11792088872007904,0.11676591052205643,0.5024606799397161,0.11722715471077638,0.11722715471077635,0.11722715471077637,-0.2660604924796357,0.26597705608709166,-0.001071541805478561,-8.343639254405032e-05,-0.0011549781980226114,6.071532165918825e-18,0.0019563221891503663,0.008335885083727922,0.0009765625,0.0625,0,0.02683456106995565,0.004565837571345501
verified-v3-normuon-1e-4/checkpoint-3907,0.0001,normuon,verified-v3-normuon-1e-4,3907,5,TRECCOVID,0.07781306909719216,0.9110827739955403,0.11300365031401699,0.10974116065585013,0.507323379709636,0.11072322372555446,0.11072322372555449,0.11072322372555446,-0.0778130690971922,0.07781939029755283,-0.0032688108585274874,6.321200360629234e-06,-0.003262489658166858,-2.7755575615628914e-17,0.004009091175934832,0.017998583933240005,0.0038248697916666665,0.125,0,0.02189918155894305,0.014675138084225414
verified-v3-normuon-1e-4/checkpoint-3907,0.0001,normuon,verified-v3-normuon-1e-4,3907,5,Touche2020,0.3030551818264349,1.0,0.12854387830747913,0.09481364778843243,0.5755072620757867,0.11054438611749667,0.11054438611749667,0.11054438611749672,-0.30305518182643487,0.3029794447729171,-0.03365449346552886,-7.573705351782145e-05,-0.03373023051904668,3.8163916471489756e-17,0.03411464273835238,0.1527355864592773,0.036051432291666664,0.25,0,0.02793848962761947,0.15067543974800898
verified-v3-normuon-1e-4/checkpoint-782,0.0001,normuon,verified-v3-normuon-1e-4,782,1,ArguAna,0.2237425818958845,1.0,0.09392638414193244,0.0936850241070093,0.5006432445584623,0.09354879871690908,0.09354879871690908,0.09354879871690908,-0.22374258189588447,0.2236762310167233,-0.00017500915576196263,-6.635087916117416e-05,-0.0002413600349231368,1.214306433183765e-17,0.0009246000092905553,0.00492827178219196,8.138020833333333e-05,0.0625,0,0.035209536095540034,0.000932827898875653
verified-v3-normuon-1e-4/checkpoint-782,0.0001,normuon,verified-v3-normuon-1e-4,782,1,ClimateFEVER,0.010462918257734809,0.7522425120627381,0.10761744033765354,0.10490491674156324,0.5063817370402098,0.10548278188978064,0.10548278188978066,0.10548278188978064,-0.010462918257734825,0.010504374951777775,-0.00275398029013324,4.145669404294686e-05,-0.002712523596090293,-1.9949319973733282e-17,0.0035154430856915017,0.016541521249837897,0.0032552083333333335,0.125,0,0.027034109769383436,0.012958543882075926
verified-v3-normuon-1e-4/checkpoint-782,0.0001,normuon,verified-v3-normuon-1e-4,782,1,DBPedia,0.28144848951776463,1.0,0.11288140819534052,0.11156930188233236,0.502922927516144,0.11155667541670852,0.11155667541670854,0.11155667541670852,-0.2814484895177647,0.2812840277238263,-0.0011476445190697886,-0.00016446179393837627,-0.001312106313008165,-1.3444106938820255e-17,0.0020086200950339057,0.008949047629828425,0.001220703125,0.1875,0,0.02236753568775852,0.005113124920267071
verified-v3-normuon-1e-4/checkpoint-782,0.0001,normuon,verified-v3-normuon-1e-4,782,1,FEVER,0.37686276388633755,1.0,0.11483890084327436,0.10299139433790568,0.5271943498389757,0.10828341878855637,0.10828341878855635,0.10828341878855638,-0.3768627638863375,0.3767299421759236,-0.011714684794954775,-0.0001328217104139065,-0.011847506505368682,2.667137344314341e-17,0.012406682988703973,0.05695572775304157,0.011149088541666666,0.25,0,0.021849548239852717,0.05377895111059324
verified-v3-normuon-1e-4/checkpoint-782,0.0001,normuon,verified-v3-normuon-1e-4,782,1,FiQA2018,0.21124836910112238,0.9769331095982161,0.11567532520496199,0.10515970082654513,0.523808778361356,0.10927254430548136,0.10927254430548139,0.10927254430548133,-0.2112483691011224,0.21112263085122832,-0.01038988612852277,-0.00012573824989408483,-0.010515624378416855,-3.8163916471489756e-17,0.011142265989872937,0.0504551573638651,0.009440104166666666,0.1875,0,0.02443698126309314,0.04704818033277211
verified-v3-normuon-1e-4/checkpoint-782,0.0001,normuon,verified-v3-normuon-1e-4,782,1,HotpotQA,0.28326579604074953,1.0,0.11719232296872945,0.11576790642712803,0.5030572096904596,0.11640821318978486,0.11640821318978486,0.11640821318978486,-0.28326579604074953,0.28316983849651556,-0.0013284589973674484,-9.595754423395893e-05,-0.0014244165416014073,-6.7220534694101275e-18,0.002246242585000676,0.009642171931346057,0.001220703125,0.1875,0,0.020265272104456698,0.005702514119309462
verified-v3-normuon-1e-4/checkpoint-782,0.0001,normuon,verified-v3-normuon-1e-4,782,1,MSMARCO,0.386150609515711,1.0,0.10600660916904704,0.10474744084712165,0.5029872932971604,0.10498574860212848,0.10498574860212848,0.10498574860212848,-0.3861506095157109,0.3860108259203528,-0.001119384726567231,-0.00013978359535817692,-0.001259168321925408,3.469446951953614e-18,0.0019449466838455693,0.00922851391798334,0.0008951822916666666,0.25,0,0.03336177307414601,0.0053113319838046
verified-v3-normuon-1e-4/checkpoint-782,0.0001,normuon,verified-v3-normuon-1e-4,782,1,NFCorpus,0.008247538665209591,0.7421243592446263,0.12319671238871019,0.11006844845181724,0.5281402158161718,0.11733645234365256,0.11733645234365256,0.11733645234365257,-0.0082475386652096,0.00822002276075535,-0.013100748032438707,-2.7515904454248133e-05,-0.013128263936892953,0.0,0.013817141315012615,0.05923362608125931,0.011474609375,0.5,0,0.036987347139072355,0.05616247186349049
verified-v3-normuon-1e-4/checkpoint-782,0.0001,normuon,verified-v3-normuon-1e-4,782,1,NQ,0.38487381801408194,1.0,0.1281536513080565,0.11303668755580472,0.531338244772699,0.12149224058732846,0.12149224058732848,0.12149224058732845,-0.38487381801408194,0.3846948485700694,-0.014937994308239309,-0.00017896944401249275,-0.015116963752251803,-3.8163916471489756e-17,0.015606071410941339,0.0647043803016924,0.012451171875,0.1875,0,0.021739260499930177,0.061934463787419736
verified-v3-normuon-1e-4/checkpoint-782,0.0001,normuon,verified-v3-normuon-1e-4,782,1,QuoraRetrieval,0.4838973024098889,1.0,0.10693896025324703,0.097109586016167,0.5240858717613746,0.10132880979466782,0.10132880979466782,0.10132880979466782,-0.4838973024098889,0.4837703268418041,-0.009702398668995207,-0.0001269755680848375,-0.009829374237080045,3.903127820947816e-18,0.010360768339614496,0.05077599683525669,0.01025390625,0.1875,0,0.022980545149658554,0.047549462352869276
verified-v3-normuon-1e-4/checkpoint-782,0.0001,normuon,verified-v3-normuon-1e-4,782,1,SCIDOCS,0.09424493001693716,0.8555909140437343,0.11412420385490185,0.11396558480365551,0.5003477118642163,0.1135908803863242,0.1135908803863242,0.11359088038632417,-0.0942449300169372,0.09415484377152378,-6.85328058329035e-05,-9.008624541344138e-05,-0.00015861905124634488,-4.336808689942018e-17,0.001022896508971863,0.004484622108634176,8.138020833333333e-05,0.0625,0,0.050313605038747614,0.00030046415596225913
verified-v3-normuon-1e-4/checkpoint-782,0.0001,normuon,verified-v3-normuon-1e-4,782,1,SciFact,0.2625192446781891,0.9769331095982161,0.11572016380112157,0.1156585773901582,0.5001330857161861,0.11526561604345677,0.11526561604345678,0.11526561604345674,-0.26251924467818916,0.2624576582672258,0.0,-6.15864109633768e-05,-6.15864109633768e-05,-4.5102810375396984e-17,0.0009410274491170536,0.0040670436889407675,0.0,0.0,0,0.02388254079047806,-0.0
verified-v3-normuon-1e-4/checkpoint-782,0.0001,normuon,verified-v3-normuon-1e-4,782,1,TRECCOVID,0.06837639345172371,0.9110827739955403,0.12238169098900267,0.09915876671595197,0.5524123776614626,0.10974688380804544,0.10974688380804545,0.10974688380804543,-0.06837639345172375,0.06838260390477799,-0.023229134726104946,6.210453054245578e-06,-0.0232229242730507,-3.729655473350135e-17,0.023637066275502,0.10669412946226559,0.03125,0.1875,0,0.02495351098760347,0.10485278836537061
verified-v3-normuon-1e-4/checkpoint-782,0.0001,normuon,verified-v3-normuon-1e-4,782,1,Touche2020,0.2799805511537269,1.0,0.11120186873812085,0.11111889010158699,0.5001866191824977,0.11077612449687761,0.11077612449687763,0.1107761244968776,-0.2799805511537269,0.27992035618665656,-2.278366946350391e-05,-6.019496707035735e-05,-8.297863653386126e-05,-1.713039432527097e-17,0.0008859290712612452,0.00398491385098229,8.138020833333333e-05,0.0625,0,0.02242063277758409,0.00010248107096436649
verified-v3-normuon-3e-3/checkpoint-1563,0.003,normuon,verified-v3-normuon-3e-3,1563,2,ArguAna,0.18642958913749857,1.0,0.08809134109930764,0.08342236463246754,0.5136110885334778,0.08607797702092258,0.08607797702092257,0.08607797702092258,-0.18642958913749857,0.186886317545629,-0.005125704874970483,0.0004567284081303871,-0.004668976466840096,-5.204170427930421e-18,0.006086955753368896,0.03548961715565806,0.006754557291666667,0.1875,0,0.07915135422527408,0.029885103660382748
verified-v3-normuon-3e-3/checkpoint-1563,0.003,normuon,verified-v3-normuon-3e-3,1563,2,ClimateFEVER,0.024804625794450107,0.876111410050375,0.09707652283061306,0.08717820402938153,0.5268604202722917,0.092088942131156,0.09208894213115601,0.09208894213115598,-0.024804625794450145,0.02469954927928851,-0.009793242286069901,-0.00010507651516163813,-0.00989831880123154,-4.163336342344337e-17,0.010355747511910006,0.05620342928721058,0.013916015625,0.0625,0,0.08452402582494158,0.053150562012508194
verified-v3-normuon-3e-3/checkpoint-1563,0.003,normuon,verified-v3-normuon-3e-3,1563,2,DBPedia,0.19964022791727398,0.9538662191964322,0.11643161199098545,0.0951586745452255,0.5502691730182976,0.10600360866856295,0.10600360866856293,0.10600360866856295,-0.19964022791727395,0.2002088908114092,-0.021841600339895146,0.0005686628941352009,-0.02127293744575995,2.7755575615628914e-17,0.022651885970756958,0.1070554151685048,0.025634765625,0.0625,0,0.09843517441539588,0.10322591219780419
verified-v3-normuon-3e-3/checkpoint-1563,0.003,normuon,verified-v3-normuon-3e-3,1563,2,FEVER,0.32766955320775626,1.0,0.10864170415948282,0.10914671139386986,0.4988406012479958,0.10789264633335863,0.1078926463333586,0.10789264633335865,-0.3276695532077562,0.3286399168192363,-0.0004653563770930791,0.0009703636114801115,0.0005050072343870324,4.683753385137379e-17,0.0021430312832554513,0.009839969117781025,0.00048828125,0.125,0,0.07093244685872167,0.0021367361340625503
verified-v3-normuon-3e-3/checkpoint-1563,0.003,normuon,verified-v3-normuon-3e-3,1563,2,FiQA2018,0.14700762194145686,0.9538662191964322,0.09499365323687928,0.0914904165174279,0.5093928578566173,0.0921717312214701,0.0921717312214701,0.0921717312214701,-0.14700762194145686,0.14759076298238444,-0.004086377760378965,0.0005831410409275813,-0.0035032367194513837,-6.938893903907228e-18,0.00513164840231261,0.027517891523246782,0.004720052083333333,0.1875,0,0.10239875618124374,0.021912744427782866
verified-v3-normuon-3e-3/checkpoint-1563,0.003,normuon,verified-v3-normuon-3e-3,1563,2,HotpotQA,0.19230334680139696,0.9769331095982161,0.1039550175443654,0.09922170719386933,0.5116482593087232,0.10114683351328911,0.10114683351328912,0.1011468335132891,-0.192303346801397,0.19268673747227855,-0.0051167010213776405,0.0003833906708815872,-0.004733310350496053,-2.2551405187698492e-17,0.0059434459762281976,0.02925259270659821,0.004801432291666667,0.25,0,0.06892211413456696,0.02518349987169941
verified-v3-normuon-3e-3/checkpoint-1563,0.003,normuon,verified-v3-normuon-3e-3,1563,2,MSMARCO,0.36419978179344226,1.0,0.11808336068523656,0.09907946473489947,0.5437549472695685,0.10546623571908172,0.1054662357190817,0.10546623571908172,-0.36419978179344226,0.3651289135761078,-0.01993302773300263,0.0009291317826655467,-0.01900389595033708,6.938893903907228e-18,0.020915977984154135,0.09631472579935747,0.021158854166666668,0.125,0,0.07081095763887865,0.091788397459091
verified-v3-normuon-3e-3/checkpoint-1563,0.003,normuon,verified-v3-normuon-3e-3,1563,2,NFCorpus,-0.019946312575816295,0.6945027715643437,0.09039695658907482,0.08069392449638096,0.5283563683556209,0.08628472167389321,0.08628472167389321,0.08628472167389323,0.019946312575816298,-0.019949337978247897,-0.009700006690262244,-3.025402431596977e-06,-0.00970303209269384,1.2576745200831851e-17,0.010210350593208921,0.05967793565870467,0.011474609375,0.1875,0,0.07609192918244721,0.05669505369732314
verified-v3-normuon-3e-3/checkpoint-1563,0.003,normuon,verified-v3-normuon-3e-3,1563,2,NQ,0.3083651917657997,1.0,0.12814203511343755,0.12627309793630354,0.5036730070942137,0.12621941591483643,0.12621941591483643,0.12621941591483643,-0.3083651917657997,0.31027878395034636,-0.0037825293616807927,0.001913592184546748,-0.0018689371771340446,1.214306433183765e-17,0.005022276507123945,0.019740478669333057,0.0029296875,0.0625,0,0.09337062660548343,0.014867548625502812
verified-v3-normuon-3e-3/checkpoint-1563,0.003,normuon,verified-v3-normuon-3e-3,1563,2,QuoraRetrieval,0.37792868004954105,1.0,0.10068264189721739,0.10041449193057168,0.5006667175248637,0.0999048931797641,0.09990489317976409,0.09990489317976411,-0.37792868004954105,0.37888539593720993,-0.0012248658543146315,0.0009567158876689283,-0.00026814996664570323,1.9081958235744878e-17,0.0019241368923693177,0.009568196501582492,0.00146484375,0.1875,0,0.082703465696169,0.006090916518798095
verified-v3-normuon-3e-3/checkpoint-1563,0.003,normuon,verified-v3-normuon-3e-3,1563,2,SCIDOCS,0.044041917478546216,0.8511291683906836,0.09047536743417581,0.0861410274255385,0.5122704916836289,0.08860160182291404,0.08860160182291404,0.08860160182291404,-0.04404191747854624,0.04435007861033202,-0.00464250114042308,0.0003081611317857849,-0.004334340008637295,-1.0408340855860843e-17,0.004972421155172112,0.028153791493262477,0.006184895833333333,0.125,0,0.10199955023547254,0.026285788157495795
verified-v3-normuon-3e-3/checkpoint-1563,0.003,normuon,verified-v3-normuon-3e-3,1563,2,SciFact,0.16279021897558826,1.0,0.0911335754624698,0.07671457275902428,0.5429525224324133,0.08351774225941869,0.08351774225941869,0.08351774225941871,-0.1627902189755882,0.16329688056270145,-0.014925664290558745,0.0005066615871132177,-0.014419002703445528,3.729655473350135e-17,0.01534934830304608,0.09144782629827365,0.021077473958333332,0.125,0,0.07875304626143513,0.0889236160702988
verified-v3-normuon-3e-3/checkpoint-1563,0.003,normuon,verified-v3-normuon-3e-3,1563,2,TRECCOVID,0.03280153920345588,0.7828614689255022,0.07594137518648233,0.07362007690392991,0.5077603495088733,0.07433074422793065,0.07433074422793065,0.07433074422793065,-0.032801539203455896,0.03305882331211889,-0.0025785823912154136,0.000257284108662997,-0.0023212982825524166,3.469446951953614e-18,0.0033055046671297463,0.022101314348910685,0.004231770833333333,0.25,0,0.08858420905233626,0.01724095584239594
verified-v3-normuon-3e-3/checkpoint-1563,0.003,normuon,verified-v3-normuon-3e-3,1563,2,Touche2020,0.25334757131880015,1.0,0.10233068348656967,0.09614577389042261,0.5155809653141865,0.09912889795193891,0.09912889795193892,0.09912889795193891,-0.25334757131880015,0.2537017682233088,-0.0065391065006557315,0.00035419690450867736,-0.006184909596147054,4.7704895589362195e-18,0.00719933162016878,0.03627297521989799,0.007242838541666667,0.125,0,0.060991757822716756,0.0329465095612582
verified-v3-normuon-3e-3/checkpoint-2345,0.003,normuon,verified-v3-normuon-3e-3,2345,3,ArguAna,0.18981611700477485,1.0,0.08543538983747902,0.08616400802936366,0.49787697917084167,0.08515584733879353,0.08515584733879351,0.08515584733879354,-0.18981611700477483,0.1905447351966595,0.0,0.0007286181918846509,0.0007286181918846509,1.5612511283791264e-17,0.0013616009990820258,0.00793476559946089,0.0,0.0,0,0.1075914332688144,-0.0
verified-v3-normuon-3e-3/checkpoint-2345,0.003,normuon,verified-v3-normuon-3e-3,2345,3,ClimateFEVER,0.02715314866258141,0.8467964532702706,0.09375089014254501,0.09161009065617401,0.5057746767338691,0.09287490720803337,0.09287490720803335,0.0928749072080334,-0.027153148662581374,0.027084111238848543,-0.0020717620626381703,-6.903742373283277e-05,-0.002140799486371003,3.8163916471489756e-17,0.0027808030938101256,0.015002095272843654,0.0020345052083333335,0.125,0,0.081014254763663,0.011176904943591495
verified-v3-normuon-3e-3/checkpoint-2345,0.003,normuon,verified-v3-normuon-3e-3,2345,3,DBPedia,0.20971894079263032,1.0,0.11326151860087427,0.1128525879015637,0.5009042573805677,0.1124786509123795,0.11247865091237952,0.11247865091237949,-0.20971894079263037,0.21041126052222164,-0.001101250428901867,0.0006923197295912956,-0.0004089306993105713,-2.7755575615628914e-17,0.002631418175992363,0.01163756749499391,0.0013020833333333333,0.125,0,0.08375984647704178,0.0048703304978895395
verified-v3-normuon-3e-3/checkpoint-2345,0.003,normuon,verified-v3-normuon-3e-3,2345,3,FEVER,0.34490666479603127,1.0,0.12398755965147604,0.10206365330872699,0.5484932287149656,0.10963661669426192,0.10963661669426193,0.1096366166942619,-0.34490666479603127,0.3454494385276806,-0.02246668007439838,0.0005427737316493521,-0.021923906342749027,-2.6020852139652106e-17,0.023490367504313485,0.10391613120186634,0.030680338541666668,0.3125,0,0.06741880661041036,0.09938756700391474
verified-v3-normuon-3e-3/checkpoint-2345,0.003,normuon,verified-v3-normuon-3e-3,2345,3,FiQA2018,0.13201310515774395,0.9538662191964322,0.08973698077392439,0.09025781225534035,0.49855320403259873,0.08940636355774755,0.08940636355774753,0.08940636355774756,-0.1320131051577439,0.13253393663915988,0.0,0.0005208314814159776,0.0005208314814159776,3.946495907847236e-17,0.001243586315134941,0.006909012723122223,0.0,0.0,0,0.11731499800091866,-0.0
verified-v3-normuon-3e-3/checkpoint-2345,0.003,normuon,verified-v3-normuon-3e-3,2345,3,HotpotQA,0.21457685356024114,0.9769331095982161,0.10862028851818989,0.10421498877882762,0.5103490826222726,0.1059698116734018,0.10596981167340183,0.1059698116734018,-0.21457685356024114,0.21490185797574696,-0.004730304154868078,0.00032500441550579844,-0.004405299739362279,-2.916503843986007e-17,0.005736684620789179,0.02695363613421791,0.005533854166666667,0.125,0,0.07023650610269674,0.02222518848821668
verified-v3-normuon-3e-3/checkpoint-2345,0.003,normuon,verified-v3-normuon-3e-3,2345,3,MSMARCO,0.3670660315367958,1.0,0.10933078694113366,0.10256209211418829,0.515971973331813,0.1056257104875864,0.1056257104875864,0.1056257104875864,-0.36706603153679573,0.3676382994655345,-0.00734096275568406,0.0005722679287386932,-0.006768694826945367,1.5612511283791264e-17,0.00782108041380367,0.036910539177495,0.007242838541666667,0.1875,0,0.0706954061736741,0.034644688336918805
verified-v3-normuon-3e-3/checkpoint-2345,0.003,normuon,verified-v3-normuon-3e-3,2345,3,NFCorpus,-0.05524914318031192,0.5952324383928644,0.09238312355141806,0.08434325995701669,0.5227466421107905,0.0878332810414286,0.08783328104142861,0.0878332810414286,0.055249143180311905,-0.055016465535536484,-0.008272541239176789,0.0002326776447754298,-0.00803986359440136,-7.806255641895632e-18,0.008833647126351039,0.04998488030469671,0.009602864583333334,0.1875,0,0.0859174559586785,0.046809882457544645
verified-v3-normuon-3e-3/checkpoint-2345,0.003,normuon,verified-v3-normuon-3e-3,2345,3,NQ,0.29540834834964247,1.0,0.1338879453066951,0.11347560581005074,0.5412597963695357,0.12274990974304037,0.12274990974304037,0.12274990974304037,-0.29540834834964247,0.2977401244918466,-0.022744115638848518,0.0023317761422041727,-0.02041233949664434,0.0,0.021656559446002963,0.08754951709026007,0.028238932291666668,0.25,0,0.12019935588343107,0.09194610740413486
verified-v3-normuon-3e-3/checkpoint-2345,0.003,normuon,verified-v3-normuon-3e-3,2345,3,QuoraRetrieval,0.37889726090011844,1.0,0.09698288247629612,0.09735780820333936,0.49903539056660745,0.09659922482150124,0.09659922482150124,0.09659922482150125,-0.37889726090011844,0.37964960071769005,-0.0003774140905283378,0.0007523398175715654,0.0003749257270432276,-1.734723475976807e-18,0.0012733914996134992,0.006552366852048732,0.00016276041666666666,0.125,0,0.09204337888872383,0.0019420229968745617
verified-v3-normuon-3e-3/checkpoint-2345,0.003,normuon,verified-v3-normuon-3e-3,2345,3,SCIDOCS,0.04181762562010315,0.8046243592446263,0.08632196318610383,0.08646584004212358,0.4995836602661424,0.08604650662391988,0.08604650662391988,0.08604650662391988,-0.04181762562010316,0.042350511631526366,-0.00038900915540345665,0.0005328860114232007,0.00014387685601974405,-1.734723475976807e-17,0.0007795953593050693,0.004511865679982852,8.138020833333333e-05,0.0625,0,0.1090720714991983,0.0022513692988482092
verified-v3-normuon-3e-3/checkpoint-2345,0.003,normuon,verified-v3-normuon-3e-3,2345,3,SciFact,0.1759797965024829,0.9769331095982161,0.08993906524761021,0.09031407619014344,0.4989597658616598,0.08938324371560177,0.08938324371560177,0.0893832437156018,-0.17597979650248288,0.1768601367289897,-0.0005053292839735692,0.0008803402265068067,0.0003750109425332375,1.9949319973733282e-17,0.00209563285287095,0.011626054537277674,0.0006510416666666666,0.125,0,0.10919174247727967,0.0028034423141971884
verified-v3-normuon-3e-3/checkpoint-2345,0.003,normuon,verified-v3-normuon-3e-3,2345,3,TRECCOVID,0.02627420031843948,0.8024489931919725,0.07942615588257135,0.07738857563212072,0.5064967756242332,0.07756790540834581,0.07756790540834582,0.07756790540834581,-0.02627420031843949,0.026608432603861643,-0.002371812535872774,0.00033423228542214974,-0.0020375802504506244,-1.474514954580286e-17,0.0031148336495231757,0.019863144357909673,0.003173828125,0.1875,0,0.11262953254302044,0.015124934455858555
verified-v3-normuon-3e-3/checkpoint-2345,0.003,normuon,verified-v3-normuon-3e-3,2345,3,Touche2020,0.2770911914376385,1.0,0.11458461207837249,0.09083070717104302,0.5578192147356046,0.10093487910366249,0.10093487910366249,0.10093487910366249,-0.2770911914376385,0.27759495767122055,-0.024257671140911485,0.0005037662335820158,-0.023753904907329468,2.8189256484623115e-18,0.024099086479743057,0.11731883760082137,0.027018229166666668,0.1875,0,0.08473036108012921,0.11809085724253016
verified-v3-normuon-3e-3/checkpoint-3126,0.003,normuon,verified-v3-normuon-3e-3,3126,4,ArguAna,0.22096533332488294,1.0,0.092552393997041,0.09259310575147091,0.4998900547016125,0.09223679186662243,0.0922367918666224,0.09223679186662243,-0.22096533332488294,0.22100604507931282,0.0,4.0711754429913205e-05,4.0711754429913205e-05,1.7780915628762273e-17,0.0007712770125909447,0.004165788602145831,0.0,0.0,0,0.05170143345527993,-0.0
verified-v3-normuon-3e-3/checkpoint-3126,0.003,normuon,verified-v3-normuon-3e-3,3126,4,ClimateFEVER,0.018441600618529785,0.8128074688428424,0.10371152153507106,0.10332174833249805,0.500941329871335,0.10320490570916152,0.10320490570916153,0.10320490570916149,-0.01844160061852983,0.018425859496713028,-0.0003740320807562158,-1.574112181680111e-05,-0.0003897732025730169,-3.642919299551295e-17,0.0011707514931850313,0.005654895437501007,0.0005696614583333334,0.125,0,0.05511490816113835,0.001806627896064575
verified-v3-normuon-3e-3/checkpoint-3126,0.003,normuon,verified-v3-normuon-3e-3,3126,4,DBPedia,0.21908778738675538,1.0,0.11238971442447108,0.10753711262614699,0.5110323098445995,0.10998785927086807,0.10998785927086809,0.10998785927086806,-0.21908778738675544,0.21926411588245262,-0.005028930294021294,0.00017632849569720367,-0.004852601798324091,-3.642919299551295e-17,0.0055222575140494255,0.025109522053798513,0.003662109375,0.125,0,0.05157869295355664,0.022866379520238532
verified-v3-normuon-3e-3/checkpoint-3126,0.003,normuon,verified-v3-normuon-3e-3,3126,4,FEVER,0.38618022315675515,1.0,0.11653452334447599,0.11562450804803646,0.501959896392962,0.11577508466715733,0.11577508466715733,0.1157750846671573,-0.3861802231567552,0.38618882886595113,-0.0009186210056354276,8.605709195899994e-06,-0.0009100152964395276,-2.905661822261152e-17,0.0018892185970814622,0.008137605441191518,0.0009765625,0.0625,0,0.044966761411466286,0.0039568609505538045
verified-v3-normuon-3e-3/checkpoint-3126,0.003,normuon,verified-v3-normuon-3e-3,3126,4,FiQA2018,0.1762575906169912,0.9538662191964322,0.1063703730559784,0.09658256522427311,0.5241134913212974,0.10058053446433303,0.10058053446433304,0.10058053446433302,-0.1762575906169912,0.1763991865976977,-0.009929403812411808,0.0001415959807065225,-0.009787807831705285,-3.0140820395097023e-17,0.010487973126906098,0.05167687255862034,0.014322916666666666,0.1875,0,0.10352254076501091,0.04892466153261894
verified-v3-normuon-3e-3/checkpoint-3126,0.003,normuon,verified-v3-normuon-3e-3,3126,4,HotpotQA,0.24470102721457793,0.9769331095982161,0.11605977706553974,0.11104570783573481,0.5110390755907649,0.11316407736747786,0.11316407736747786,0.11316407736747784,-0.24470102721457798,0.2447293867344135,-0.005042428749640468,2.8359519835534364e-05,-0.005014069229804933,-1.214306433183765e-17,0.005798753530858808,0.025533304637620685,0.005289713541666667,0.25,0,0.038802226852968295,0.022203024959227522
verified-v3-normuon-3e-3/checkpoint-3126,0.003,normuon,verified-v3-normuon-3e-3,3126,4,MSMARCO,0.4148265442365213,1.0,0.1092889478830677,0.10919354112073451,0.5002183396087444,0.10879384562374442,0.10879384562374446,0.10879384562374439,-0.4148265442365213,0.41485153885488557,-0.00012040138069742412,2.4994618364221344e-05,-9.540676233320278e-05,-7.28583859910259e-17,0.0011514129015492726,0.0052700466147162705,0.00016276041666666666,0.0625,0,0.02984431873057945,0.0005510802318593542
verified-v3-normuon-3e-3/checkpoint-3126,0.003,normuon,verified-v3-normuon-3e-3,3126,4,NFCorpus,-0.042461458972231234,0.6512951967366387,0.10844800322994172,0.10535347578413135,0.507236917770823,0.10620593001812378,0.10620593001812378,0.10620593001812378,0.04246145897223125,-0.04239589327740979,-0.003160093140631824,6.556569482145218e-05,-0.003094527445810372,1.1275702593849246e-17,0.003908085552167461,0.018279038901832006,0.0028483072916666665,0.125,0,0.0399590458563339,0.014780501777650551
verified-v3-normuon-3e-3/checkpoint-3126,0.003,normuon,verified-v3-normuon-3e-3,3126,4,NQ,0.36238730439012745,1.0,0.12808479719990545,0.11567588153682774,0.525453070871368,0.1226961330597341,0.12269613305973408,0.12269613305973412,-0.3623873043901274,0.3628374448646114,-0.012859056137561727,0.00045014047448400235,-0.012408915663077722,3.642919299551295e-17,0.012859626264899178,0.052755129873870474,0.013753255208333334,0.25,0,0.06674378215043703,0.052752790992388825
verified-v3-normuon-3e-3/checkpoint-3126,0.003,normuon,verified-v3-normuon-3e-3,3126,4,QuoraRetrieval,0.4202681542251421,1.0,0.10044485753984597,0.09954545798094956,0.5022486077802174,0.09981584161833086,0.09981584161833087,0.09981584161833085,-0.4202681542251421,0.42029528331721455,-0.0009265286509688719,2.7129092072461503e-05,-0.0008993995588964104,-2.0816681711721685e-17,0.0018297698542353758,0.009149292301832042,0.0008138020833333334,0.125,0,0.05475871633737627,0.004632867589393492
verified-v3-normuon-3e-3/checkpoint-3126,0.003,normuon,verified-v3-normuon-3e-3,3126,4,SCIDOCS,0.05155568752149627,0.7723157717261977,0.10185029281799125,0.09765035689543128,0.5105261209138744,0.09905091837843731,0.09905091837843735,0.09905091837843727,-0.051555687521496335,0.05153999548850656,-0.004184243889570191,-1.5692032989785692e-05,-0.004199935922559976,-8.153200337090993e-17,0.00486613612932859,0.02439158035985681,0.005615234375,0.25,0,0.0702982340016012,0.02097358527694395
verified-v3-normuon-3e-3/checkpoint-3126,0.003,normuon,verified-v3-normuon-3e-3,3126,4,SciFact,0.18605096919630992,0.9769331095982161,0.09697745545924102,0.09692137249972854,0.500144619129736,0.09660535752972799,0.09660535752972799,0.09660535752972799,-0.18605096919630992,0.18616541066781575,-0.00017052443101832002,0.00011444147150582382,-5.60829595124962e-05,-1.5612511283791264e-17,0.0010835689131731743,0.005588321108379601,0.000244140625,0.0625,0,0.05511867219153123,0.000879450550646981
verified-v3-normuon-3e-3/checkpoint-3126,0.003,normuon,verified-v3-normuon-3e-3,3126,4,TRECCOVID,0.035794433064836775,0.8255158835937564,0.09754388558022582,0.08715311361635109,0.5281292387236233,0.0921770854439812,0.09217708544398123,0.09217708544398119,-0.03579443306483681,0.035940730683404226,-0.010537069582442146,0.00014629761856741266,-0.010390771963874734,-4.9873299934333204e-17,0.010924286327367343,0.059147069930142154,0.013509114583333334,0.25,0,0.05973774942058659,0.05705057271248529
verified-v3-normuon-3e-3/checkpoint-3126,0.003,normuon,verified-v3-normuon-3e-3,3126,4,Touche2020,0.2737802035167242,1.0,0.11832119590012394,0.09975811650414057,0.5425603859241175,0.1071070633327908,0.1071070633327908,0.10710706333279081,-0.2737802035167243,0.2737971805775047,-0.018580056456763784,1.6977060780409836e-05,-0.018563079395983374,-8.673617379884035e-19,0.019211156513707695,0.08809252148638021,0.022867838541666668,0.125,0,0.04046094752131545,0.08519861995126343
verified-v3-normuon-3e-3/checkpoint-3907,0.003,normuon,verified-v3-normuon-3e-3,3907,5,ArguAna,0.2269095373120001,1.0,0.09092404359954566,0.09097559817690175,0.4998582884032849,0.09061156176354236,0.09061156176354238,0.09061156176354236,-0.2269095373120001,0.2269610918893562,0.0,5.155457735609749e-05,5.155457735609749e-05,-1.1275702593849246e-17,0.0007719124706129649,0.004243617321476842,0.0,0.0,0,0.04678038440227662,-0.0
verified-v3-normuon-3e-3/checkpoint-3907,0.003,normuon,verified-v3-normuon-3e-3,3907,5,ClimateFEVER,0.021838396658998067,0.871778694929962,0.10276289177391856,0.10278188893926915,0.49995378825654274,0.10242787021613967,0.10242787021613968,0.10242787021613964,-0.0218383966589981,0.02185739382434869,0.0,1.8997165350590622e-05,1.8997165350590622e-05,-3.382710778154774e-17,0.000773149816648052,0.0037614665474132707,0.0,0.0,0,0.03888830884267109,-0.0
verified-v3-normuon-3e-3/checkpoint-3907,0.003,normuon,verified-v3-normuon-3e-3,3907,5,DBPedia,0.23934117469937172,1.0,0.11604436802923805,0.11570433410346367,0.5007336263863512,0.11560586248760396,0.11560586248760395,0.11560586248760395,-0.23934117469937177,0.23943182527384113,-0.0004306845002437394,9.065057446935865e-05,-0.00034003392577438077,-8.673617379884035e-18,0.001150886970495518,0.004966098881695174,8.138020833333333e-05,0.0625,0,0.04923518928152799,0.0018584117031953216
verified-v3-normuon-3e-3/checkpoint-3907,0.003,normuon,verified-v3-normuon-3e-3,3907,5,FEVER,0.393156314590921,1.0,0.13976320121353084,0.09394636443018756,0.5980208847189193,0.11539693897884179,0.11539693897884179,0.11539693897884179,-0.393156314590921,0.3931353257170206,-0.04579584790944291,-2.098887390039432e-05,-0.04581683678334331,-5.204170427930421e-18,0.046005247390307674,0.19684794357301136,0.050048828125,0.25,0,0.035496073077442784,0.19595196192892245
verified-v3-normuon-3e-3/checkpoint-3907,0.003,normuon,verified-v3-normuon-3e-3,3907,5,FiQA2018,0.1819810815397812,0.9538662191964322,0.10805248172941122,0.09588205428175495,0.5298390544478202,0.10132506069307362,0.1013250606930736,0.10132506069307365,-0.18198108153978115,0.18213376382002427,-0.012323109727899363,0.00015268228024309036,-0.012170427447656272,5.117434254131581e-17,0.012675149170725833,0.062153029195760254,0.018717447916666668,0.1875,0,0.09335946935150294,0.060426791699590435
verified-v3-normuon-3e-3/checkpoint-3907,0.003,normuon,verified-v3-normuon-3e-3,3907,5,HotpotQA,0.25162397997913355,0.9769331095982161,0.12215391010371149,0.11131285373551103,0.5232175582295435,0.11655286157045716,0.11655286157045713,0.11655286157045716,-0.25162397997913355,0.25162265836101577,-0.010839734750082642,-1.3216181178193898e-06,-0.010841056368200461,2.7755575615628914e-17,0.011519506656057173,0.04934109877836877,0.009602864583333334,0.125,0,0.03513832083763956,0.0464294556185627
verified-v3-normuon-3e-3/checkpoint-3907,0.003,normuon,verified-v3-normuon-3e-3,3907,5,MSMARCO,0.4255394210531001,1.0,0.11715315179926186,0.10131463202436047,0.5362490970011589,0.10843123493607679,0.10843123493607677,0.10843123493607679,-0.4255394210531001,0.4255123677417478,-0.01581146646354904,-2.7053311352347523e-05,-0.015838519774901385,8.673617379884035e-18,0.016423956527464003,0.07517793351501066,0.013346354166666666,0.125,0,0.03062974622368279,0.07237436196228483
verified-v3-normuon-3e-3/checkpoint-3907,0.003,normuon,verified-v3-normuon-3e-3,3907,5,NFCorpus,-0.04029594616010143,0.6349201943019765,0.12308701108246614,0.09312934156916705,0.5692770670347186,0.10835110299987616,0.10835110299987614,0.10835110299987616,0.04029594616010145,-0.040237641369129246,-0.03001597430427131,5.8304790972200406e-05,-0.029957669513299107,1.7780915628762273e-17,0.030351973860139447,0.14037779052282143,0.035481770833333336,0.125,0,0.03887131044286072,0.13882379355752483
verified-v3-normuon-3e-3/checkpoint-3907,0.003,normuon,verified-v3-normuon-3e-3,3907,5,NQ,0.3759083283699415,1.0,0.11869478122164415,0.10969427174757959,0.5197043364317409,0.11248988326760143,0.11248988326760145,0.11248988326760141,-0.37590832836994154,0.3762564723832293,-0.00934865348735232,0.000348144013287751,-0.00900050947406457,-4.85722573273506e-17,0.010574282402175273,0.046299427510653045,0.00830078125,0.125,0,0.06104300420143067,0.04093301918727289
verified-v3-normuon-3e-3/checkpoint-3907,0.003,normuon,verified-v3-normuon-3e-3,3907,5,QuoraRetrieval,0.4448856298736363,1.0,0.10364880789153183,0.10002918451866977,0.5088856516357748,0.10108815784640525,0.10108815784640526,0.10108815784640525,-0.4448856298736363,0.4449140270008082,-0.0036480205000339154,2.83971271718593e-05,-0.003619623372862056,-1.1275702593849246e-17,0.00442554822772233,0.02172816108089579,0.005045572916666667,0.125,0,0.05144578149639485,0.017910724948068554
verified-v3-normuon-3e-3/checkpoint-3907,0.003,normuon,verified-v3-normuon-3e-3,3907,5,SCIDOCS,0.05274029808180574,0.7723157717261977,0.10256823870687545,0.10252573175673423,0.5001036279858573,0.10220222066128402,0.102202220661284,0.10220222066128405,-0.052740298081805664,0.05271510435374282,-1.731322207838143e-05,-2.5193728062853672e-05,-4.25069501412351e-05,6.852157730108388e-17,0.0008413682673027069,0.004102354961488217,8.138020833333333e-05,0.0625,0,0.06909217977335663,8.441604616286541e-05
verified-v3-normuon-3e-3/checkpoint-3907,0.003,normuon,verified-v3-normuon-3e-3,3907,5,SciFact,0.2054663008714549,1.0,0.10800349183184961,0.09622509008234527,0.5288363206538176,0.10082493620742758,0.10082493620742758,0.10082493620742758,-0.20546630087145487,0.20557535611287317,-0.011887456990922637,0.0001090552414182936,-0.011778401749504343,1.3877787807814457e-17,0.012682886911229754,0.062101429644937624,0.012776692708333334,0.125,0,0.04798031801984807,0.05820662749309528
verified-v3-normuon-3e-3/checkpoint-3907,0.003,normuon,verified-v3-normuon-3e-3,3907,5,TRECCOVID,0.03791632800936505,0.8211831684733435,0.09591984419102169,0.0926098554906799,0.5087784277647768,0.09385137253911795,0.09385137253911796,0.09385137253911793,-0.03791632800936509,0.03802580085036835,-0.0034194615413450334,0.00010947284100325597,-0.0033099887003417774,-5.2909066017292616e-17,0.003982734349139846,0.021125235736671594,0.0035807291666666665,0.1875,0,0.06378567025196094,0.018137521818144185
verified-v3-normuon-3e-3/checkpoint-3907,0.003,normuon,verified-v3-normuon-3e-3,3907,5,Touche2020,0.28446891925444234,1.0,0.1215402976918114,0.09888267590637487,0.5513957810648621,0.1086040571079846,0.10860405710798465,0.10860405710798456,-0.28446891925444245,0.28445960160502837,-0.022648304136022417,-9.317649414119708e-06,-0.022657621785436535,-9.540979117872439e-17,0.023140636240659058,0.10498286935754081,0.023681640625,0.1875,0,0.041370400841166007,0.10274929044968102
verified-v3-normuon-3e-3/checkpoint-782,0.003,normuon,verified-v3-normuon-3e-3,782,1,ArguAna,0.18522421056355248,1.0,0.08365360337651909,0.07846656919016759,0.5159974977334109,0.08056537872968465,0.08056537872968465,0.08056537872968464,-0.1852242105635525,0.18537237628365555,-0.005335199906454542,0.00014816572010304188,-0.0051870341863515,-8.456776945386935e-18,0.006004331542105534,0.03703630120203398,0.006429036458333333,0.125,0,0.04937106974764196,0.032908920722126395
verified-v3-normuon-3e-3/checkpoint-782,0.003,normuon,verified-v3-normuon-3e-3,782,1,ClimateFEVER,-0.01453305567321897,0.7185751482002327,0.08807470059668306,0.08780046518502709,0.5007796308547516,0.08764040827810296,0.08764040827810299,0.08764040827810296,0.014533055673218939,-0.01455022829231769,-0.00025706279255721665,-1.7172619098754227e-05,-0.0002742354116559709,-3.209238430557093e-17,0.0009578050528065678,0.005445936886822103,0.0005696614583333334,0.0625,0,0.05065231571244884,0.001461620754781682
verified-v3-normuon-3e-3/checkpoint-782,0.003,normuon,verified-v3-normuon-3e-3,782,1,DBPedia,0.19402299771210169,1.0,0.106931462849863,0.10387550119186525,0.507248246451177,0.10459723239983043,0.1045972323998304,0.10459723239983043,-0.19402299771210163,0.19415773448491688,-0.0031906984308129986,0.00013473677281524918,-0.0030559616579977494,2.7755575615628914e-17,0.004154981210926044,0.019709885912989025,0.0029296875,0.125,0,0.047235486661375885,0.015135640538807886
verified-v3-normuon-3e-3/checkpoint-782,0.003,normuon,verified-v3-normuon-3e-3,782,1,FEVER,0.3043216059014823,1.0,0.10197528411174017,0.09791726996454285,0.5101504885110645,0.09899819017445102,0.09899819017445102,0.09899819017445102,-0.3043216059014823,0.3044796719849561,-0.004216080230671167,0.00015806608347384427,-0.0040580141471973225,0.0,0.005038632272687854,0.025206703150958843,0.004801432291666667,0.125,0,0.04166266516111379,0.021091732256631357
verified-v3-normuon-3e-3/checkpoint-782,0.003,normuon,verified-v3-normuon-3e-3,782,1,FiQA2018,0.15292238117881277,0.9538662191964322,0.09445321459742824,0.09346541743054566,0.5026282576565785,0.09363899469530473,0.09363899469530473,0.09363899469530473,-0.1529223811788128,0.15298953417604272,-0.0010549501641125263,6.71529972299488e-05,-0.0009877971668825775,-1.0408340855860843e-17,0.0018030558070876003,0.009594875120308422,0.0011393229166666667,0.125,0,0.05764650128297757,0.005613866771632759
verified-v3-normuon-3e-3/checkpoint-782,0.003,normuon,verified-v3-normuon-3e-3,782,1,HotpotQA,0.22005917368988787,1.0,0.10204000775334088,0.10110674531614026,0.5022970153918271,0.1014182015509987,0.1014182015509987,0.1014182015509987,-0.22005917368988784,0.22012202460365712,-0.0009961133509699058,6.285091376929432e-05,-0.0009332624372006115,8.673617379884035e-18,0.001818353367905186,0.008950934929702099,0.0010579427083333333,0.125,0,0.04548915089096416,0.004903417533969694
verified-v3-normuon-3e-3/checkpoint-782,0.003,normuon,verified-v3-normuon-3e-3,782,1,MSMARCO,0.3677207073713933,1.0,0.0979574645072425,0.0981392977173733,0.49953636865782997,0.09754777897967999,0.09754777897968,0.09754777897967996,-0.3677207073713933,0.3679025405815241,0.0,0.00018183321013080095,0.00018183321013080095,-4.8138576458356397e-17,0.0010878658435450597,0.005547597171946071,0.0,0.0,0,0.0484718838154482,-0.0
verified-v3-normuon-3e-3/checkpoint-782,0.003,normuon,verified-v3-normuon-3e-3,782,1,NFCorpus,-0.0492389151162277,0.5473885448647184,0.10240811975750364,0.09381309363521528,0.5219013682916286,0.09822056645078289,0.09822056645078288,0.09822056645078289,0.04923891511622772,-0.04930974557566356,-0.00852419566285251,-7.083045943584096e-05,-0.008595026122288352,5.204170427930421e-18,0.00918913752936905,0.04683049997748116,0.008463541666666666,0.25,0,0.05738738256920291,0.043441764096077154
verified-v3-normuon-3e-3/checkpoint-782,0.003,normuon,verified-v3-normuon-3e-3,782,1,NQ,0.31197442808252324,1.0,0.11600484556622781,0.11279179443363445,0.5070216309395874,0.1136787377751087,0.1136787377751087,0.1136787377751087,-0.31197442808252324,0.3121499099324766,-0.003388532982546693,0.00017548184995331943,-0.0032130511325933735,1.0408340855860843e-17,0.004416577408577627,0.019303506417665425,0.003987630208333333,0.125,0,0.04493694589237676,0.014810239269898075
verified-v3-normuon-3e-3/checkpoint-782,0.003,normuon,verified-v3-normuon-3e-3,782,1,QuoraRetrieval,0.3795636967267928,1.0,0.10001898404037779,0.09401468071633343,0.5154723236598474,0.09750869786707067,0.0975086978670707,0.09750869786707066,-0.37956369672679285,0.3799234984049155,-0.006364105002167008,0.0003598016781226534,-0.006004303324044355,-4.423544863740858e-17,0.006524453879713698,0.033625370565949844,0.006266276041666667,0.125,0,0.08827444874710226,0.03279897336447585
verified-v3-normuon-3e-3/checkpoint-782,0.003,normuon,verified-v3-normuon-3e-3,782,1,SCIDOCS,0.03479317104968971,0.8229112981828164,0.09194730897821898,0.08910885615242425,0.5078385975527169,0.09022454032239723,0.09022454032239721,0.09022454032239724,-0.03479317104968968,0.03492277639021438,-0.002968058166319433,0.00012960534052469663,-0.0028384528257947364,1.8214596497756474e-17,0.0034655794971612235,0.019140908538853637,0.0032552083333333335,0.125,0,0.09078932243281221,0.016393024585369932
verified-v3-normuon-3e-3/checkpoint-782,0.003,normuon,verified-v3-normuon-3e-3,782,1,SciFact,0.1827659566388251,1.0,0.10806206854761033,0.08718421060356175,0.5534654438353819,0.09808070136047817,0.09808070136047817,0.09808070136047817,-0.1827659566388251,0.18292936836058094,-0.021041269665804396,0.0001634117217558049,-0.02087785794404859,3.469446951953614e-18,0.02134634595216659,0.1093303598151486,0.022216796875,0.125,0,0.05379453350814406,0.1077678394552805
verified-v3-normuon-3e-3/checkpoint-782,0.003,normuon,verified-v3-normuon-3e-3,782,1,TRECCOVID,0.04336961766214427,0.8496941840459152,0.08413452648245673,0.0841160145121669,0.5000550131077749,0.08385178906649003,0.08385178906649002,0.08385178906649005,-0.04336961766214425,0.0433662225108893,-1.5116819034891038e-05,-3.3951512549493246e-06,-1.8511970289840363e-05,1.0408340855860843e-17,0.0006269405606444732,0.0037262320640294813,8.138020833333333e-05,0.0625,0,0.045177071494188044,8.984707535278648e-05
verified-v3-normuon-3e-3/checkpoint-782,0.003,normuon,verified-v3-normuon-3e-3,782,1,Touche2020,0.2524293433074716,1.0,0.10344988457232847,0.10276979037549559,0.5016489556513096,0.1027591994582656,0.10275919945826559,0.10275919945826562,-0.2524293433074715,0.25254539899109524,-0.000796149880456589,0.00011605568362372393,-0.0006800941968328651,3.0357660829594124e-17,0.0014219531669813648,0.006895332209892849,0.0010579427083333333,0.0625,0,0.04147686243440502,0.0038606882716599377
verified-v3-normuon-3e-4/checkpoint-1563,0.0003,normuon,verified-v3-normuon-3e-4,1563,2,ArguAna,0.2527577972096001,1.0,0.09696205654105787,0.09653906741986795,0.5010929887964768,0.09658786413076709,0.09658786413076711,0.09658786413076709,-0.2527577972096001,0.2527041336131494,-0.0003693255247392089,-5.366359645072108e-05,-0.00042298912118992997,-3.5561831257524545e-17,0.0011205066356817586,0.005790698331592252,0.00048828125,0.125,0,0.03339932545456776,0.0019086479560386832
verified-v3-normuon-3e-4/checkpoint-1563,0.0003,normuon,verified-v3-normuon-3e-4,1563,2,ClimateFEVER,0.009983796205118373,0.7461585605164844,0.11681053411354148,0.09627571648168479,0.548184285880707,0.10687425606692591,0.1068742560669259,0.10687425606692591,-0.00998379620511837,0.010030947416754952,-0.020581968843493254,4.715121163658201e-05,-0.020534817631856675,6.938893903907228e-18,0.021065289484969843,0.09885804187800452,0.020914713541666668,0.125,0,0.02242667211327557,0.0965898493497372
verified-v3-normuon-3e-4/checkpoint-1563,0.0003,normuon,verified-v3-normuon-3e-4,1563,2,DBPedia,0.30210769988386793,1.0,0.12400714351806275,0.11120696391286478,0.5272096341180489,0.11687777816750405,0.11687777816750408,0.11687777816750405,-0.302107699883868,0.30193701986173527,-0.012629499583065288,-0.0001706800221326736,-0.012800179605197961,-2.688821387764051e-17,0.013412513105559656,0.057022570848554846,0.011311848958333334,0.25,0,0.02356827516043945,0.05369363139400148
verified-v3-normuon-3e-4/checkpoint-1563,0.0003,normuon,verified-v3-normuon-3e-4,1563,2,FEVER,0.4112481504383956,1.0,0.12188764939616682,0.10216170966382057,0.5440214152254387,0.11131015498204958,0.11131015498204962,0.11131015498204955,-0.41124815043839563,0.4111243882373294,-0.019602177531279966,-0.0001237622010662777,-0.019725939732346244,-6.852157730108388e-17,0.02017812128926348,0.09006105339431457,0.020345052083333332,0.25,0,0.02077641169952356,0.08749044234503542
verified-v3-normuon-3e-4/checkpoint-1563,0.0003,normuon,verified-v3-normuon-3e-4,1563,2,FiQA2018,0.22725578941580898,0.9769331095982161,0.10896650429470599,0.10868097704019165,0.5006559397167454,0.10845913854805142,0.1084591385480514,0.10845913854805142,-0.22725578941580898,0.22711637503810828,-0.00014611287681360122,-0.00013941437770072923,-0.00028552725451433045,-8.673617379884035e-19,0.0010248251294698043,0.004708646859519084,8.138020833333333e-05,0.0625,0,0.020811601630000974,0.0006713281307803191
verified-v3-normuon-3e-4/checkpoint-1563,0.0003,normuon,verified-v3-normuon-3e-4,1563,2,HotpotQA,0.30164208516648316,1.0,0.12159948670687074,0.11999441708412178,0.5033218338657617,0.12048466027581621,0.12048466027581622,0.12048466027581622,-0.30164208516648316,0.30158282561760463,-0.0015458100738703906,-5.9259548878556195e-05,-0.0016050696227489468,1.9081958235744878e-17,0.0025145730417083685,0.010408263628554857,0.0013834635416666667,0.125,0,0.026412428323434756,0.006398381952583127
verified-v3-normuon-3e-4/checkpoint-1563,0.0003,normuon,verified-v3-normuon-3e-4,1563,2,MSMARCO,0.44358275694613786,1.0,0.12095984506592221,0.09111497330085769,0.5703640158574798,0.10708733806122435,0.10708733806122434,0.10708733806122436,-0.4435827569461378,0.443416681727377,-0.029678796546303784,-0.00016607521876072992,-0.029844871765064514,4.423544863740858e-17,0.03020267897389387,0.14241520613568948,0.024332682291666668,0.375,0,0.03101778843374769,0.13994493440977415
verified-v3-normuon-3e-4/checkpoint-1563,0.0003,normuon,verified-v3-normuon-3e-4,1563,2,NFCorpus,-0.0031618700001587244,0.6878074688428424,0.12525849005405712,0.10270172181831924,0.5494752308976759,0.11553717886084926,0.11553717886084926,0.11553717886084924,0.0031618700001587122,-0.0031824537118351585,-0.022536184524061434,-2.0583711676441536e-05,-0.022556768235737875,-1.1492543028346347e-17,0.02305914675453432,0.10115426093499157,0.02099609375,0.25,0,0.026014365629600175,0.09886016660082035
verified-v3-normuon-3e-4/checkpoint-1563,0.0003,normuon,verified-v3-normuon-3e-4,1563,2,NQ,0.43135541076331474,1.0,0.12341440614760449,0.11285305634199538,0.5223504110433193,0.11879894649486544,0.11879894649486544,0.11879894649486542,-0.43135541076331474,0.4312196068308761,-0.010425545873170471,-0.00013580393243864744,-0.010561349805609119,-2.42861286636753e-17,0.011124318646302629,0.04708358285598596,0.0107421875,0.125,0,0.022893903294608227,0.04412603311228007
verified-v3-normuon-3e-4/checkpoint-1563,0.0003,normuon,verified-v3-normuon-3e-4,1563,2,QuoraRetrieval,0.4765428930908916,1.0,0.10841729886086482,0.09407328943600349,0.5354189534079278,0.1005149844008981,0.10051498440089811,0.10051498440089811,-0.4765428930908916,0.4764248304018442,-0.014225946735813962,-0.00011806268904736988,-0.014344009424861331,-1.3010426069826053e-18,0.01484233919731761,0.07329890896241305,0.014241536458333334,0.125,0,0.029414117213252895,0.0702548540920703
verified-v3-normuon-3e-4/checkpoint-1563,0.0003,normuon,verified-v3-normuon-3e-4,1563,2,SCIDOCS,0.10139954910602214,0.86024524972907,0.11701351012288162,0.1116510767176444,0.511725544124104,0.11354506801283605,0.11354506801283604,0.11354506801283606,-0.10139954910602211,0.10137065373831705,-0.005333538037532147,-2.8895367705063582e-05,-0.005362433405237211,2.8189256484623115e-17,0.006166036673862059,0.02696542022120085,0.004313151041666667,0.1875,0,0.04944096249267039,0.02332472251705435
verified-v3-normuon-3e-4/checkpoint-1563,0.0003,normuon,verified-v3-normuon-3e-4,1563,2,SciFact,0.2678504790923601,1.0,0.12174143668032862,0.11194138787228738,0.5209686972647719,0.11733623412786556,0.11733623412786555,0.11733623412786556,-0.26785047909236015,0.26778447177767867,-0.009734041493359795,-6.600731468143876e-05,-0.009800048808041233,7.806255641895632e-18,0.010379470751059007,0.04441691755023256,0.011474609375,0.125,0,0.02979522825063494,0.041654929120253245
verified-v3-normuon-3e-4/checkpoint-1563,0.0003,normuon,verified-v3-normuon-3e-4,1563,2,TRECCOVID,0.08033975500354172,0.9341496643973242,0.11691253229885264,0.10612700686811341,0.5241785054592164,0.11337511650572143,0.11337511650572143,0.11337511650572145,-0.0803397550035417,0.08035955040769446,-0.010805320834892,1.9795404152773283e-05,-0.010785525430739226,2.42861286636753e-17,0.011346953491650684,0.05087417923311087,0.010986328125,0.125,0,0.022328366522113657,0.04844576381052868
verified-v3-normuon-3e-4/checkpoint-1563,0.0003,normuon,verified-v3-normuon-3e-4,1563,2,Touche2020,0.3123046757352464,1.0,0.1139245964798636,0.10999573840951189,0.5087728925385286,0.11216050741645911,0.1121605074164591,0.11216050741645911,-0.31230467573524634,0.31222806192242464,-0.0038522442575299257,-7.661381282177485e-05,-0.0039288580703517005,2.7755575615628914e-17,0.004587596525270434,0.02048762801081406,0.0038248697916666665,0.1875,0,0.02771802476699637,0.017203637442901598
verified-v3-normuon-3e-4/checkpoint-2345,0.0003,normuon,verified-v3-normuon-3e-4,2345,3,ArguAna,0.2557997228790039,1.0,0.09750078351122411,0.09591782284835702,0.5040920589095866,0.09678715364937741,0.09678715364937741,0.09678715364937743,-0.2557997228790039,0.25575587979450576,-0.00153911757836896,-4.384308449812378e-05,-0.0015829606628670837,1.214306433183765e-17,0.002275989167504648,0.01176716764918364,0.0013020833333333333,0.0625,0,0.034614471203415674,0.007957443222952467
verified-v3-normuon-3e-4/checkpoint-2345,0.0003,normuon,verified-v3-normuon-3e-4,2345,3,ClimateFEVER,0.008122420120252853,0.7105758453960714,0.12052757368126693,0.09526375118264219,0.5585376231286352,0.10810355402053079,0.10810355402053079,0.10810355402053079,-0.00812242012025285,0.00815466307486155,-0.025296065453233464,3.224295460870462e-05,-0.025263822498624758,6.938893903907228e-18,0.025624365749750463,0.11874604211226156,0.027099609375,0.1875,0,0.023394338659760438,0.11722466354561137
verified-v3-normuon-3e-4/checkpoint-2345,0.0003,normuon,verified-v3-normuon-3e-4,2345,3,DBPedia,0.30292412814836267,1.0,0.11904166771188567,0.1153125983409845,0.5079560518221159,0.11651251227246756,0.11651251227246753,0.11651251227246757,-0.30292412814836267,0.302758521391876,-0.003563462614414436,-0.00016560675648671225,-0.003729069370901148,2.927345865710862e-17,0.004417359512217519,0.01884906806527245,0.0030110677083333335,0.125,0,0.02356850946240378,0.015205452302756549
verified-v3-normuon-3e-4/checkpoint-2345,0.0003,normuon,verified-v3-normuon-3e-4,2345,3,FEVER,0.43138020305885993,1.0,0.11398994546330159,0.1072140491946742,0.515315944630892,0.11024883387848111,0.11024883387848113,0.1102488338784811,-0.43138020305886,0.43124203294069263,-0.006637726150460096,-0.00013817011816729535,-0.006775896268627391,-1.691355389077387e-17,0.007355838583452359,0.033253642615387255,0.006998697916666667,0.25,0,0.02177851325016384,0.030007261671396602
verified-v3-normuon-3e-4/checkpoint-2345,0.0003,normuon,verified-v3-normuon-3e-4,2345,3,FiQA2018,0.2305037899209928,0.9769331095982161,0.11085802193612461,0.10485857325696402,0.5139058579934253,0.10716440732887257,0.1071644073288726,0.10716440732887256,-0.2305037899209928,0.23036874575713492,-0.005864404515302714,-0.0001350441638578708,-0.005999448679160585,-3.2959746043559335e-17,0.006662397672632424,0.030884956563814157,0.004964192708333333,0.0625,0,0.020640438241606912,0.027185690141518625
verified-v3-normuon-3e-4/checkpoint-2345,0.0003,normuon,verified-v3-normuon-3e-4,2345,3,HotpotQA,0.30487327304624495,1.0,0.13089468509924448,0.11052522940644274,0.5421867759635917,0.12194613436800872,0.12194613436800875,0.12194613436800869,-0.304873273046245,0.30478533183431744,-0.020281514480874195,-8.794121192752871e-05,-0.02036945569280172,-4.2500725161431774e-17,0.02085998541220599,0.08640540468634199,0.022054036458333332,0.1875,0,0.018708979357441348,0.08400928532511934
verified-v3-normuon-3e-4/checkpoint-2345,0.0003,normuon,verified-v3-normuon-3e-4,2345,3,MSMARCO,0.45362840995222886,1.0,0.12133971826052549,0.09413096637372388,0.5631379436441367,0.1065813487076318,0.10658134870763183,0.1065813487076318,-0.45362840995222886,0.4534568328604495,-0.027037174795022267,-0.00017157709177934022,-0.027208751886801608,-2.168404344971009e-17,0.02760652375331635,0.12812194754092435,0.025390625,0.125,0,0.03130108788379239,0.125479597565286
verified-v3-normuon-3e-4/checkpoint-2345,0.0003,normuon,verified-v3-normuon-3e-4,2345,3,NFCorpus,-0.0004098188488373955,0.7421243592446263,0.1251862146707755,0.10060801526020786,0.5544261016281954,0.1116977450124341,0.1116977450124341,0.1116977450124341,0.0004098188488373829,-0.00044301969085148627,-0.024544998568553536,-3.3200842014107466e-05,-0.024578199410567637,-1.452830911130576e-17,0.025103575703225564,0.11117899563199098,0.0234375,0.25,0,0.027477245100403187,0.1087051629975487
verified-v3-normuon-3e-4/checkpoint-2345,0.0003,normuon,verified-v3-normuon-3e-4,2345,3,NQ,0.43552706627001236,1.0,0.11643189600918286,0.11595686401999494,0.5010220631779443,0.1156171866350863,0.11561718663508633,0.11561718663508627,-0.4355270662700124,0.4353813167111195,-0.00032928243029504284,-0.00014574955889287353,-0.00047503198918791636,-4.9439619065339e-17,0.0012470107058334644,0.005366054303473604,0.00016276041666666666,0.0625,0,0.022578184855689933,0.0014169464575382192
verified-v3-normuon-3e-4/checkpoint-2345,0.0003,normuon,verified-v3-normuon-3e-4,2345,3,QuoraRetrieval,0.49089917544825334,1.0,0.10197995695919639,0.09762234711864742,0.5109157303085278,0.09941446380691933,0.09941446380691935,0.09941446380691933,-0.49089917544825334,0.49077754373163757,-0.004235978123933233,-0.00012163171661573949,-0.004357609840548973,-1.5937771935536915e-17,0.004926550306805966,0.024681830851434654,0.004720052083333333,0.1875,0,0.027969194509486213,0.021222090313552818
verified-v3-normuon-3e-4/checkpoint-2345,0.0003,normuon,verified-v3-normuon-3e-4,2345,3,SCIDOCS,0.10330843747953986,0.86024524972907,0.12329877921552682,0.11027379168873314,0.5278820999323002,0.11486840127842188,0.11486840127842188,0.11486840127842188,-0.10330843747953984,0.10327562245816413,-0.01299217250541797,-3.281502137571571e-05,-0.013024987526793685,5.637851296924623e-18,0.013731362326992878,0.05878841969257291,0.0126953125,0.125,0,0.0493925709539523,0.05562370810544953
verified-v3-normuon-3e-4/checkpoint-2345,0.0003,normuon,verified-v3-normuon-3e-4,2345,3,SciFact,0.2720203236780129,1.0,0.11990258601693983,0.11763266821872556,0.5047780650613702,0.11847097161775091,0.11847097161775091,0.1184709716177509,-0.2720203236780129,0.2719330381370707,-0.0021826322572721206,-8.728554094215336e-05,-0.002269917798214274,-6.071532165918825e-18,0.0030663341474652245,0.012908964428593947,0.0018717447916666667,0.125,0,0.026212959731841963,0.009188666601491792
verified-v3-normuon-3e-4/checkpoint-2345,0.0003,normuon,verified-v3-normuon-3e-4,2345,3,TRECCOVID,0.08170163836128312,0.9110827739955403,0.12159782034121483,0.09555818576196631,0.5599560542821824,0.10512195871661413,0.10512195871661412,0.10512195871661414,-0.08170163836128311,0.081705656067136,-0.02604365228510141,4.017705852893752e-06,-0.026039634579248516,1.734723475976807e-17,0.026488752714814143,0.12198029053006287,0.029541015625,0.1875,0,0.023849373300689838,0.11993061003676239
verified-v3-normuon-3e-4/checkpoint-2345,0.0003,normuon,verified-v3-normuon-3e-4,2345,3,Touche2020,0.3204874356576372,1.0,0.11561875078811659,0.10865891698180484,0.5155161097302198,0.11161832695062193,0.1116183269506219,0.11161832695062193,-0.32048743565763715,0.3204023927035265,-0.00687479085220109,-8.504295411066592e-05,-0.0069598338063117555,3.252606517456513e-17,0.0076148272953744656,0.033952677371276434,0.005859375,0.25,0,0.029405000576081905,0.030653033449829236
verified-v3-normuon-3e-4/checkpoint-3126,0.0003,normuon,verified-v3-normuon-3e-4,3126,4,ArguAna,0.25433887036064684,1.0,0.09917163706786733,0.09527610699769377,0.5100169073415944,0.09739490016892524,0.09739490016892527,0.09739490016892523,-0.25433887036064684,0.25429182438254405,-0.0038484840920707843,-4.704597810276795e-05,-0.003895530070173552,-3.2959746043559335e-17,0.004545945908346271,0.02337875366048749,0.00341796875,0.125,0,0.03464357216777029,0.019791868044368815
verified-v3-normuon-3e-4/checkpoint-3126,0.0003,normuon,verified-v3-normuon-3e-4,3126,4,ClimateFEVER,0.010841277980812974,0.7677958350573502,0.12050909909370741,0.09592343313612788,0.556797528782483,0.10845217676363564,0.10845217676363565,0.10845217676363564,-0.010841277980812993,0.01088257555906998,-0.024626963535836523,4.129757825699007e-05,-0.024585665957579533,-1.6479873021779667e-17,0.024938061606278993,0.11522325848776108,0.028401692708333332,0.125,0,0.02341197352777349,0.11378586796593275
verified-v3-normuon-3e-4/checkpoint-3126,0.0003,normuon,verified-v3-normuon-3e-4,3126,4,DBPedia,0.3000462437019017,1.0,0.1237482658797734,0.11712478427968213,0.5137489054830057,0.12001438802285837,0.12001438802285838,0.12001438802285837,-0.30004624370190175,0.2998800935407735,-0.006457331438963033,-0.00016615016112823608,-0.006623481600091269,-5.204170427930421e-18,0.00729690399808623,0.03029356747571284,0.006103515625,0.125,0,0.02509951366366617,0.02680802785819478
verified-v3-normuon-3e-4/checkpoint-3126,0.0003,normuon,verified-v3-normuon-3e-4,3126,4,FEVER,0.43977034202046045,1.0,0.12932067298742123,0.10095672368650996,0.561586481588278,0.11253083230541308,0.11253083230541308,0.11253083230541308,-0.4397703420204605,0.439621200382182,-0.028214807662632797,-0.00014914163827847368,-0.02836394930091127,-8.673617379884035e-19,0.02870217138035322,0.12464172252648402,0.028971354166666668,0.1875,0,0.024274469635933278,0.12252530239685001
verified-v3-normuon-3e-4/checkpoint-3126,0.0003,normuon,verified-v3-normuon-3e-4,3126,4,FiQA2018,0.23291209843538602,0.9538662191964322,0.10965871819284606,0.10605820304258176,0.5083454629559051,0.10704610584397022,0.10704610584397023,0.1070461058439702,-0.23291209843538602,0.2327674238974941,-0.0034558406123723524,-0.00014467453789193674,-0.003600515150264289,-1.0408340855860843e-17,0.004258012274400134,0.01973888858608848,0.0030924479166666665,0.125,0,0.01997871502879288,0.016020257440076933
verified-v3-normuon-3e-4/checkpoint-3126,0.0003,normuon,verified-v3-normuon-3e-4,3126,4,HotpotQA,0.30496330422552853,1.0,0.12327812422874393,0.12168208182105165,0.5032577585425607,0.12216385742744343,0.12216385742744343,0.12216385742744347,-0.30496330422552853,0.3048940221346298,-0.001526760316793602,-6.928209089867611e-05,-0.0015960424076922781,4.90059381963448e-17,0.0024657576075053753,0.010065951720354675,0.0013020833333333333,0.125,0,0.02486669083662445,0.006232687102178718
verified-v3-normuon-3e-4/checkpoint-3126,0.0003,normuon,verified-v3-normuon-3e-4,3126,4,MSMARCO,0.45746363077715957,1.0,0.11671779169042476,0.09745577861938799,0.5449682307746313,0.10909935428568968,0.1090993542856897,0.10909935428568966,-0.4574636307771596,0.45728931877226814,-0.019087701066145296,-0.0001743120048914755,-0.01926201307103677,-2.5804011705155006e-17,0.019733543882424938,0.0921380908665779,0.017496744791666668,0.3125,0,0.03170696132273277,0.08912257959062822
verified-v3-normuon-3e-4/checkpoint-3126,0.0003,normuon,verified-v3-normuon-3e-4,3126,4,NFCorpus,0.001828813504776419,0.7190574688428424,0.12783822512344023,0.1022140477526465,0.5556920760887152,0.11661335313110088,0.11661335313110088,0.11661335313110088,-0.0018288135047764178,0.001784384723399836,-0.025579748589417126,-4.44287813765867e-05,-0.025624177370793713,-2.168404344971009e-18,0.02605188204728174,0.113243315189127,0.027425130208333332,0.25,0,0.02496719262205469,0.11119102745485662
verified-v3-normuon-3e-4/checkpoint-3126,0.0003,normuon,verified-v3-normuon-3e-4,3126,4,NQ,0.44037060865658395,1.0,0.12805914607428365,0.1017282828703491,0.5572939593015748,0.11397263325319734,0.11397263325319731,0.11397263325319737,-0.44037060865658384,0.4402393252227507,-0.026199579770101386,-0.00013128343383314416,-0.02633086320393453,4.683753385137379e-17,0.02670495188946581,0.11621589576120968,0.027994791666666668,0.125,0,0.02227425835382992,0.11401659303309483
verified-v3-normuon-3e-4/checkpoint-3126,0.0003,normuon,verified-v3-normuon-3e-4,3126,4,QuoraRetrieval,0.4941458522242795,1.0,0.10064672908428446,0.09938302278974803,0.5031587958358621,0.09981285426045546,0.09981285426045547,0.09981285426045546,-0.49414585222427954,0.4940111084983514,-0.0011289625686082966,-0.0001347437259281263,-0.0012637062945364229,-7.914675859144182e-18,0.0019145609042819874,0.00957138068884708,0.0013020833333333333,0.0625,0,0.027281155443901733,0.005643973249135728
verified-v3-normuon-3e-4/checkpoint-3126,0.0003,normuon,verified-v3-normuon-3e-4,3126,4,SCIDOCS,0.10431447782829911,0.8629842341564983,0.11500978475265408,0.11491458063803195,0.5002070335487506,0.11451618134797471,0.11451618134797473,0.1145161813479747,-0.10431447782829914,0.10427008324984435,-5.0809536167345515e-05,-4.4394578454797634e-05,-9.520411462214315e-05,-8.673617379884035e-18,0.0009721857906009668,0.004228285196956116,0.00016276041666666666,0.125,0,0.04624820206092193,0.0002209836964473525
verified-v3-normuon-3e-4/checkpoint-3126,0.0003,normuon,verified-v3-normuon-3e-4,3126,4,SciFact,0.2705959217223904,1.0,0.11896310589766125,0.11767260718239916,0.502726762369181,0.11848250081641162,0.11848250081641162,0.11848250081641165,-0.2705959217223904,0.2705042397075375,-0.001198816700409236,-9.16820148528421e-05,-0.001290498715262078,1.9081958235744878e-17,0.0020281291867694723,0.00857068090175932,0.001220703125,0.125,0,0.026824041572444567,0.005066085270077738
verified-v3-normuon-3e-4/checkpoint-3126,0.0003,normuon,verified-v3-normuon-3e-4,3126,4,TRECCOVID,0.08285996706992489,0.9110827739955403,0.11166988240215098,0.10011058811235407,0.5272907465492792,0.10594811298107264,0.10594811298107265,0.10594811298107262,-0.0828599670699249,0.08287000352622938,-0.011569330746101378,1.0036456304467894e-05,-0.01155929428979691,-1.214306433183765e-17,0.012113306902423064,0.05719746902532928,0.013264973958333334,0.1875,0,0.023732337792810917,0.0546288839475828
verified-v3-normuon-3e-4/checkpoint-3126,0.0003,normuon,verified-v3-normuon-3e-4,3126,4,Touche2020,0.32097510880515795,1.0,0.12284907103765674,0.09923164708929451,0.5531730628114717,0.11126982922486198,0.11126982922486199,0.11126982922486195,-0.320975108805158,0.3208824787852485,-0.02352479392845269,-9.263001990953909e-05,-0.023617423948362228,-3.946495907847236e-17,0.024031604808840472,0.1082111270691359,0.022623697916666668,0.25,0,0.02925701669992592,0.10592902493680188
verified-v3-normuon-3e-4/checkpoint-3907,0.0003,normuon,verified-v3-normuon-3e-4,3907,5,ArguAna,0.25585974245788035,1.0,0.09962682514403318,0.09730916576224885,0.5058842961388587,0.0984244234227888,0.09842442342278879,0.0984244234227888,-0.25585974245788035,0.2558159704461893,-0.002273887370093295,-4.377201169103104e-05,-0.002317659381784326,1.5612511283791264e-17,0.0030019338723216668,0.015243195814574227,0.0018717447916666667,0.0625,0,0.03833026174126385,0.011546327106736894
verified-v3-normuon-3e-4/checkpoint-3907,0.0003,normuon,verified-v3-normuon-3e-4,3907,5,ClimateFEVER,0.009258620857079769,0.7677958350573502,0.11082589319876716,0.1007743531626633,0.523751248424671,0.10610523166583039,0.10610523166583036,0.1061052316658304,-0.00925862085707975,0.009293829247399136,-0.01008674842642325,3.52083903193863e-05,-0.010051540036103864,2.0816681711721685e-17,0.010685826840511396,0.05050006804934968,0.009195963541666666,0.125,0,0.023111088765043968,0.047668887914214725
verified-v3-normuon-3e-4/checkpoint-3907,0.0003,normuon,verified-v3-normuon-3e-4,3907,5,DBPedia,0.30382702420116703,1.0,0.1199064868888472,0.11670355886705819,0.5067683686285519,0.11741047655465586,0.11741047655465586,0.11741047655465586,-0.30382702420116703,0.30366569414273464,-0.0030415979633566202,-0.00016133005843237472,-0.003202928021788995,9.75781955236954e-18,0.003911660320487247,0.016532097392528478,0.003173828125,0.125,0,0.02511038647595906,0.012854897828363685
verified-v3-normuon-3e-4/checkpoint-3907,0.0003,normuon,verified-v3-normuon-3e-4,3907,5,FEVER,0.44150251256339906,1.0,0.11791360432736488,0.11063890061805753,0.5159147319585154,0.112892444121971,0.112892444121971,0.112892444121971,-0.441502512563399,0.4413658718598157,-0.007138063005724005,-0.00013664070358333433,-0.007274703709307339,2.6020852139652106e-17,0.007898868047308605,0.03456040899308817,0.0068359375,0.25,0,0.022697420186906077,0.03123161134212268
verified-v3-normuon-3e-4/checkpoint-3907,0.0003,normuon,verified-v3-normuon-3e-4,3907,5,FiQA2018,0.2343677134351638,0.9538662191964322,0.11054023092233548,0.10553618552546318,0.5115793418808415,0.1073690693189017,0.1073690693189017,0.10736906931890172,-0.23436771343516377,0.23423352558880772,-0.004869857550516266,-0.00013418784635603476,-0.005004045396872301,1.9081958235744878e-17,0.005659234980693595,0.02619089613632497,0.004801432291666667,0.125,0,0.01998559949100601,0.02253766343673495
verified-v3-normuon-3e-4/checkpoint-3907,0.0003,normuon,verified-v3-normuon-3e-4,3907,5,HotpotQA,0.3050037737477962,1.0,0.12660846801343872,0.11972421057387483,0.5139734960847343,0.12277569956665368,0.12277569956665371,0.12277569956665367,-0.30500377374779625,0.3049245985198247,-0.006805082211592298,-7.91752279716007e-05,-0.006884257439563899,-4.423544863740858e-17,0.00765250603016193,0.031065736280091114,0.005615234375,0.125,0,0.021826144965175272,0.02762557631662423
verified-v3-normuon-3e-4/checkpoint-3907,0.0003,normuon,verified-v3-normuon-3e-4,3907,5,MSMARCO,0.4560594447698095,1.0,0.11284889658143817,0.10098377936538505,0.5277439291341137,0.10696896073214182,0.10696896073214182,0.10696896073214182,-0.4560594447698094,0.4558900905247188,-0.011695762970962476,-0.0001693542450906388,-0.011865117216053114,7.37257477290143e-18,0.012400254498690255,0.057990456527673075,0.009602864583333334,0.3125,0,0.03158631988588464,0.05469586404030704
verified-v3-normuon-3e-4/checkpoint-3907,0.0003,normuon,verified-v3-normuon-3e-4,3907,5,NFCorpus,0.0010708018329126517,0.7190574688428424,0.12163314502999999,0.10185803247057164,0.5442413718084638,0.11169062423318235,0.11169062423318235,0.11169062423318235,-0.0010708018329126422,0.0010351331375199953,-0.019739443864035706,-3.5668695392649264e-05,-0.01977511255942836,6.071532165918825e-18,0.02032603442112639,0.09094781569654758,0.01806640625,0.25,0,0.024702919736189294,0.08832314583865494
verified-v3-normuon-3e-4/checkpoint-3907,0.0003,normuon,verified-v3-normuon-3e-4,3907,5,NQ,0.4457608375959512,1.0,0.12591090948603934,0.10097681925046631,0.5549480802122402,0.11355371998389086,0.11355371998389083,0.11355371998389087,-0.4457608375959512,0.445619939564376,-0.024793192203997852,-0.000140898031575196,-0.024934090235573046,3.8163916471489756e-17,0.025370949170897984,0.11182160142456335,0.020589192708333332,0.1875,0,0.02195867762352994,0.10927515710993449
verified-v3-normuon-3e-4/checkpoint-3907,0.0003,normuon,verified-v3-normuon-3e-4,3907,5,QuoraRetrieval,0.4970121450534896,1.0,0.10059555488296287,0.09965163583498046,0.5023568846199494,0.09995879366870009,0.09995879366870003,0.09995879366870011,-0.49701214505348945,0.49688077240908396,-0.0008125464035768845,-0.000131372644405537,-0.0009439190479824215,8.185726402265558e-17,0.001588954435091547,0.007934964927071846,0.0011393229166666667,0.0625,0,0.026241480580896093,0.004057716868155172
verified-v3-normuon-3e-4/checkpoint-3907,0.0003,normuon,verified-v3-normuon-3e-4,3907,5,SCIDOCS,0.10372491387345649,0.86024524972907,0.11527347923854035,0.11481187411632421,0.5010031171378044,0.11449163032839989,0.11449163032839987,0.1144916303283999,-0.10372491387345645,0.1036871340868245,-0.0004238253355841916,-3.777978663193791e-05,-0.0004616051222161295,3.252606517456513e-17,0.001325073113150946,0.0057590502560467775,0.00048828125,0.0625,0,0.04564230312970951,0.0018420352682359511
verified-v3-normuon-3e-4/checkpoint-3907,0.0003,normuon,verified-v3-normuon-3e-4,3907,5,SciFact,0.27109932833226597,1.0,0.11833841076802554,0.11754900868778062,0.5016732602401308,0.11784060409456527,0.11784060409456523,0.11784060409456529,-0.2710993283322659,0.27100260300590623,-0.0006926767538851745,-9.672532635973154e-05,-0.000789402080244906,4.5102810375396984e-17,0.001574614971400072,0.0066752816874792184,0.0006510416666666666,0.125,0,0.02651258899787172,0.0029364717943974475
verified-v3-normuon-3e-4/checkpoint-3907,0.0003,normuon,verified-v3-normuon-3e-4,3907,5,TRECCOVID,0.08326146884951671,0.9110827739955403,0.11243005302334035,0.10796946258923298,0.5101193290323477,0.10970702690993725,0.10970702690993726,0.10970702690993725,-0.08326146884951671,0.08327588486691237,-0.004475006451503014,1.4416017395657565e-05,-0.004460590434107356,-5.204170427930421e-18,0.005124657729070667,0.0232516741918752,0.005126953125,0.25,0,0.024769453446594217,0.02030406663583304
verified-v3-normuon-3e-4/checkpoint-3907,0.0003,normuon,verified-v3-normuon-3e-4,3907,5,Touche2020,0.32198740363271794,1.0,0.11997135875983149,0.10128326803416501,0.5422320902311941,0.1114490242091197,0.1114490242091197,0.11144902420911967,-0.32198740363271794,0.321903803366395,-0.018604490459343623,-8.360026632285751e-05,-0.018688090725666483,-2.3852447794681098e-17,0.019150213684585964,0.08655282812420528,0.018310546875,0.1875,0,0.02961423129091329,0.0840863340528725
verified-v3-normuon-3e-4/checkpoint-782,0.0003,normuon,verified-v3-normuon-3e-4,782,1,ArguAna,0.24376166956046874,1.0,0.09650355197810048,0.09594255523281468,0.5014575424606302,0.09613204189928451,0.09613204189928454,0.09613204189928447,-0.2437616695604688,0.24371902367960008,-0.0005183508644171046,-4.2645880868687897e-05,-0.0005609967452857925,-7.979727989493313e-17,0.0011736549348487716,0.006098616136529491,0.00048828125,0.1875,0,0.03073677961774135,0.002693485838344382
verified-v3-normuon-3e-4/checkpoint-782,0.0003,normuon,verified-v3-normuon-3e-4,782,1,ClimateFEVER,0.006757448677419033,0.7495035276353099,0.11071440072911472,0.10752466650218875,0.5073078900753029,0.10882910678949717,0.10882910678949717,0.10882910678949717,-0.0067574486774190255,0.006797878481696745,-0.0032301640312036844,4.042980427771802e-05,-0.0031897342269259664,1.6479873021779667e-17,0.003952269002666537,0.018109814401276167,0.0020345052083333335,0.1875,0,0.0256413463256682,0.014801034810967891
verified-v3-normuon-3e-4/checkpoint-782,0.0003,normuon,verified-v3-normuon-3e-4,782,1,DBPedia,0.29348035848299486,1.0,0.11728594694894089,0.11612255496813066,0.5024921799575741,0.11647545888330958,0.11647545888330957,0.1164754588833096,-0.2934803584829948,0.2933186600473872,-0.0010016935452026466,-0.00016169843560758478,-0.0011633919808102314,2.6020852139652106e-18,0.0019095390593362386,0.008181103274527184,0.0006510416666666666,0.0625,0,0.023848734466294534,0.004291589796324306
verified-v3-normuon-3e-4/checkpoint-782,0.0003,normuon,verified-v3-normuon-3e-4,782,1,FEVER,0.4105254129942459,1.0,0.1127785176340213,0.10045197257175689,0.5289042740800547,0.10648339699481651,0.10648339699481651,0.10648339699481651,-0.41052541299424594,0.41040298399797176,-0.012204116065990245,-0.00012242899627416468,-0.01232654506226441,-1.1275702593849246e-17,0.012824962112994373,0.06014600491992322,0.009765625,0.5,0,0.02267758985902712,0.05723438544934478
verified-v3-normuon-3e-4/checkpoint-782,0.0003,normuon,verified-v3-normuon-3e-4,782,1,FiQA2018,0.22111357873356316,1.0,0.11135532910965996,0.11103130337043879,0.5007285189213209,0.11089253253334161,0.1108925325333416,0.1108925325333416,-0.2211135787335632,0.22100337708316167,-0.00021382408881968212,-0.00011020165040149035,-0.0003240257392211725,-3.469446951953614e-18,0.0011208214789623248,0.005039967854464572,0.00016276041666666666,0.0625,0,0.0208832877300017,0.0009614970397953983
verified-v3-normuon-3e-4/checkpoint-782,0.0003,normuon,verified-v3-normuon-3e-4,782,1,HotpotQA,0.289367028137249,1.0,0.12061225792233614,0.12053453708297572,0.5001611483979265,0.12011392782964189,0.12011392782964188,0.12011392782964186,-0.289367028137249,0.2892893072978886,0.0,-7.772083936041785e-05,-7.772083936041785e-05,0.0,0.0009846857239663605,0.004083345681391579,0.0,0.0,0,0.020341051585457116,-0.0
verified-v3-normuon-3e-4/checkpoint-782,0.0003,normuon,verified-v3-normuon-3e-4,782,1,MSMARCO,0.41943663214230104,1.0,0.11795660737565378,0.09762638029448951,0.5471517425861796,0.10991406786746954,0.10991406786746954,0.10991406786746954,-0.4194366321423011,0.41923582236808843,-0.020129417306951673,-0.0002008097742125809,-0.020330227081164255,1.474514954580286e-17,0.020747311053654766,0.09623816460601042,0.0185546875,0.375,0,0.032517715161618464,0.09337201197782387
verified-v3-normuon-3e-4/checkpoint-782,0.0003,normuon,verified-v3-normuon-3e-4,782,1,NFCorpus,0.00062158213331104,0.7190574688428424,0.12356983589133204,0.11353290392347651,0.5211657865609123,0.11809436306405799,0.11809436306405799,0.11809436306405796,-0.0006215821333110435,0.0006098595239962865,-0.010025209358540756,-1.1722609314757538e-05,-0.010036931967855515,-8.239936510889834e-18,0.01079790545331773,0.04554104040194365,0.007568359375,0.25,0,0.027423827877827905,0.042282132068026904
verified-v3-normuon-3e-4/checkpoint-782,0.0003,normuon,verified-v3-normuon-3e-4,782,1,NQ,0.4119351672553272,1.0,0.12378721603488485,0.1199779915574089,0.5078133063268139,0.12127317616172628,0.1212731761617263,0.12127317616172627,-0.4119351672553272,0.41178712391333816,-0.0036611811354868885,-0.00014804334198904694,-0.0038092244774759355,-8.673617379884035e-18,0.004575565773145919,0.018770380803476764,0.0025227864583333335,0.125,0,0.021985309249445167,0.015019293243892083
verified-v3-normuon-3e-4/checkpoint-782,0.0003,normuon,verified-v3-normuon-3e-4,782,1,QuoraRetrieval,0.48507937663594713,1.0,0.10108841704626045,0.10097359868987749,0.500284116626187,0.100663976195215,0.100663976195215,0.10066397619521499,-0.48507937663594713,0.48498039278123445,-1.5834501670301815e-05,-9.89838547126691e-05,-0.00011481835638297092,-2.2985086056692694e-17,0.0008080594159346676,0.003999066390537594,8.138020833333333e-05,0.0625,0,0.025104321738338837,7.836456353567834e-05
verified-v3-normuon-3e-4/checkpoint-782,0.0003,normuon,verified-v3-normuon-3e-4,782,1,SCIDOCS,0.09760548685868406,0.86024524972907,0.12452063848305409,0.1070918351313492,0.5376249238215057,0.11665602217562847,0.11665602217562848,0.11665602217562848,-0.09760548685868406,0.09752663941167938,-0.01734995590470018,-7.884744700468582e-05,-0.017428803351704866,-3.469446951953614e-18,0.017987013723715854,0.07765995260540794,0.017903645833333332,0.1875,0,0.05630570359193322,0.07490941931558058
verified-v3-normuon-3e-4/checkpoint-782,0.0003,normuon,verified-v3-normuon-3e-4,782,1,SciFact,0.26634211641507544,0.9769331095982161,0.11709015064658657,0.11397593685077909,0.5067387945793711,0.11510829489003019,0.11510829489003019,0.11510829489003016,-0.26634211641507544,0.2662650696578682,-0.003037167038600224,-7.704675720725772e-05,-0.0031142137958074818,-3.469446951953614e-17,0.003900319051077367,0.016879668900447512,0.002197265625,0.0625,0,0.02401430017872593,0.013144148808227214
verified-v3-normuon-3e-4/checkpoint-782,0.0003,normuon,verified-v3-normuon-3e-4,782,1,TRECCOVID,0.08139745578579458,0.9341496643973242,0.11766753770900526,0.09873847695394197,0.5437350615798395,0.10719192610963979,0.10719192610963979,0.10719192610963979,-0.08139745578579456,0.08141111718030924,-0.01894272214957796,1.3661394514682956e-05,-0.018929060755063277,5.204170427930421e-18,0.01939304368156963,0.08961416211917368,0.023111979166666668,0.1875,0,0.02196788491150246,0.08753325169395723
verified-v3-normuon-3e-4/checkpoint-782,0.0003,normuon,verified-v3-normuon-3e-4,782,1,Touche2020,0.306319102997167,1.0,0.11656399883698418,0.1038392546463358,0.5288669608763543,0.11018969055207259,0.11018969055207259,0.11018969055207259,-0.306319102997167,0.3062592199709052,-0.01266486116438657,-5.98830262618158e-05,-0.012724744190648386,-1.0408340855860843e-17,0.013254981755145317,0.06013968281166253,0.013590494791666666,0.25,0,0.025688792338591025,0.05746222419237129
