draw,learning_rate,margin,optimizer,relative_margin,relative_shortlist_ndcg,removed_fraction,run_id,shortlist_ndcg,step,task
0,0.0001,0.23875193348988566,normuon,0.9977519360688745,1.0,0.1,verified-v3-normuon-1e-4,1.0,3907,ArguAna
0,0.0001,0.011716232816343488,normuon,1.144615829660374,0.9654253973488325,0.1,verified-v3-normuon-1e-4,0.742629786603604,3907,ClimateFEVER
0,0.0001,0.30035919466292066,normuon,0.9986161276057958,1.0,0.1,verified-v3-normuon-1e-4,1.0,3907,DBPedia
0,0.0001,0.4122696337973793,normuon,0.9954365753982044,1.0,0.1,verified-v3-normuon-1e-4,1.0,3907,FEVER
0,0.0001,0.22588827606779208,normuon,1.0117838293127963,1.0236115350940154,0.1,verified-v3-normuon-1e-4,1.0,3907,FiQA2018
0,0.0001,0.29642930221569247,normuon,0.9777580718252964,1.0,0.1,verified-v3-normuon-1e-4,1.0,3907,HotpotQA
0,0.0001,0.43055616482515446,normuon,0.9957976693035578,1.0,0.1,verified-v3-normuon-1e-4,1.0,3907,MSMARCO
0,0.0001,0.00597748767680692,normuon,2.2753290402925894,1.0336324563527965,0.1,verified-v3-normuon-1e-4,0.7432411377788516,3907,NFCorpus
0,0.0001,0.42617008703097287,normuon,1.004437925840662,1.0,0.1,verified-v3-normuon-1e-4,1.0,3907,NQ
0,0.0001,0.478371279266415,normuon,0.9844348710112727,1.0,0.1,verified-v3-normuon-1e-4,1.0,3907,QuoraRetrieval
0,0.0001,0.09893363065476432,normuon,0.9969278567404201,1.0,0.1,verified-v3-normuon-1e-4,0.8583298984711626,3907,SCIDOCS
0,0.0001,0.26700324904446066,normuon,1.003543391790486,1.0,0.1,verified-v3-normuon-1e-4,1.0,3907,SciFact
0,0.0001,0.07623935656221933,normuon,0.9797757297940892,0.9746818938298829,0.1,verified-v3-normuon-1e-4,0.8880158835937564,3907,TRECCOVID
0,0.0001,0.301091809296822,normuon,0.9935214025453049,1.0,0.1,verified-v3-normuon-1e-4,1.0,3907,Touche2020
1,0.0001,0.23942293542100967,normuon,1.0005560745154154,1.0,0.1,verified-v3-normuon-1e-4,1.0,3907,ArguAna
1,0.0001,0.014301273150310642,normuon,1.397161006335412,0.9779220268449819,0.1,verified-v3-normuon-1e-4,0.7522425120627381,3907,ClimateFEVER
1,0.0001,0.29851558705320314,normuon,0.992486612262985,1.0,0.1,verified-v3-normuon-1e-4,1.0,3907,DBPedia
1,0.0001,0.4126049937159719,normuon,0.9962463113125738,1.0,0.1,verified-v3-normuon-1e-4,1.0,3907,FEVER
1,0.0001,0.2252230587493576,normuon,1.0088042318875239,1.0,0.1,verified-v3-normuon-1e-4,0.9769331095982161,3907,FiQA2018
1,0.0001,0.29932665873800046,normuon,0.9873148656559583,1.0,0.1,verified-v3-normuon-1e-4,1.0,3907,HotpotQA
1,0.0001,0.4295567380580697,normuon,0.9934861779660531,1.0,0.1,verified-v3-normuon-1e-4,1.0,3907,MSMARCO
1,0.0001,0.004356884373699282,normuon,1.6584468386508695,0.9657042417841035,0.1,verified-v3-normuon-1e-4,0.6943968477480738,3907,NFCorpus
1,0.0001,0.42385099514992197,normuon,0.9989720709866413,1.0,0.1,verified-v3-normuon-1e-4,1.0,3907,NQ
1,0.0001,0.48367917968200025,normuon,0.9953579395302907,1.0,0.1,verified-v3-normuon-1e-4,1.0,3907,QuoraRetrieval
1,0.0001,0.10052081967245766,normuon,1.0129215379100978,1.0,0.1,verified-v3-normuon-1e-4,0.8583298984711626,3907,SCIDOCS
1,0.0001,0.27063853729692483,normuon,1.0172067817157766,1.0,0.1,verified-v3-normuon-1e-4,1.0,3907,SciFact
1,0.0001,0.07351547957880397,normuon,0.9447703378333491,1.0,0.1,verified-v3-normuon-1e-4,0.9110827739955403,3907,TRECCOVID
1,0.0001,0.30376562620587816,normuon,1.0023442739872044,1.0,0.1,verified-v3-normuon-1e-4,1.0,3907,Touche2020
2,0.0001,0.23915670413461365,normuon,0.9994434854881311,1.0,0.1,verified-v3-normuon-1e-4,1.0,3907,ArguAna
2,0.0001,0.01063917552424748,normuon,1.0393928586500576,1.0024899738504764,0.1,verified-v3-normuon-1e-4,0.7711408021761758,3907,ClimateFEVER
2,0.0001,0.2993968628225384,normuon,0.9954166247672269,1.0,0.1,verified-v3-normuon-1e-4,1.0,3907,DBPedia
2,0.0001,0.41271280283432604,normuon,0.9965066194477683,1.0,0.1,verified-v3-normuon-1e-4,1.0,3907,FEVER
2,0.0001,0.2228532914500821,normuon,0.9981897269013438,0.9763884649059846,0.1,verified-v3-normuon-1e-4,0.9538662191964322,3907,FiQA2018
2,0.0001,0.3046673714684906,normuon,1.0049309546947442,1.0,0.1,verified-v3-normuon-1e-4,1.0,3907,HotpotQA
2,0.0001,0.43448278869473694,normuon,1.0048792322145192,1.0,0.1,verified-v3-normuon-1e-4,1.0,3907,MSMARCO
2,0.0001,-0.0016067560436562826,normuon,-0.6116112461397313,0.958093444861553,0.1,verified-v3-normuon-1e-4,0.6889242473770677,3907,NFCorpus
2,0.0001,0.4270854778672775,normuon,1.0065954054501696,1.0,0.1,verified-v3-normuon-1e-4,1.0,3907,NQ
2,0.0001,0.4785514487189553,normuon,0.9848056396996515,1.0,0.1,verified-v3-normuon-1e-4,1.0,3907,QuoraRetrieval
2,0.0001,0.10183779610815001,normuon,1.026192358830377,1.0022314861235977,0.1,verified-v3-normuon-1e-4,0.86024524972907,3907,SCIDOCS
2,0.0001,0.26465766253632866,normuon,0.9947274022902352,1.0,0.1,verified-v3-normuon-1e-4,1.0,3907,SciFact
2,0.0001,0.07759239669776621,normuon,0.9971640702264254,1.025318106170117,0.1,verified-v3-normuon-1e-4,0.9341496643973242,3907,TRECCOVID
2,0.0001,0.3024939558701544,normuon,0.9981481063847905,1.0,0.1,verified-v3-normuon-1e-4,1.0,3907,Touche2020
3,0.0001,0.23633730036072,normuon,0.98766110729817,1.0,0.1,verified-v3-normuon-1e-4,1.0,3907,ArguAna
3,0.0001,0.005210367953697373,normuon,0.509026214453325,0.9773406155790818,0.1,verified-v3-normuon-1e-4,0.7517952757195572,3907,ClimateFEVER
3,0.0001,0.30130896049144906,normuon,1.00177385172635,1.0,0.1,verified-v3-normuon-1e-4,1.0,3907,DBPedia
3,0.0001,0.4083444455265499,normuon,0.9859590984030688,1.0,0.1,verified-v3-normuon-1e-4,1.0,3907,FEVER
3,0.0001,0.2205441782803081,normuon,0.9878468998812757,1.0236115350940154,0.1,verified-v3-normuon-1e-4,1.0,3907,FiQA2018
3,0.0001,0.3028370179598246,normuon,0.9988936199777811,1.0,0.1,verified-v3-normuon-1e-4,1.0,3907,HotpotQA
3,0.0001,0.43239214953654836,normuon,1.0000439661768716,1.0,0.1,verified-v3-normuon-1e-4,1.0,3907,MSMARCO
3,0.0001,0.0041961517016991644,normuon,1.5972639912575224,1.0024307120740625,0.1,verified-v3-normuon-1e-4,0.7208052905143035,3907,NFCorpus
3,0.0001,0.4199301195307559,normuon,0.9897309808814406,1.0,0.1,verified-v3-normuon-1e-4,1.0,3907,NQ
3,0.0001,0.48248197226406686,normuon,0.9928942198608024,1.0,0.1,verified-v3-normuon-1e-4,1.0,3907,QuoraRetrieval
3,0.0001,0.0946084616841811,normuon,0.9533442805252673,1.0022314861235977,0.1,verified-v3-normuon-1e-4,0.86024524972907,3907,SCIDOCS
3,0.0001,0.26623874873583836,normuon,1.0006699839368909,1.0,0.1,verified-v3-normuon-1e-4,1.0,3907,SciFact
3,0.0001,0.07445627364290919,normuon,0.9568607755325758,1.0,0.1,verified-v3-normuon-1e-4,0.9110827739955403,3907,TRECCOVID
3,0.0001,0.3030148197286945,normuon,0.9998668160118656,1.0,0.1,verified-v3-normuon-1e-4,1.0,3907,Touche2020
4,0.0001,0.2395067799100426,normuon,1.0009064633061509,1.0,0.1,verified-v3-normuon-1e-4,1.0,3907,ArguAna
4,0.0001,0.0077033904038456835,normuon,0.7525817160269963,1.0,0.1,verified-v3-normuon-1e-4,0.7692254509182683,3907,ClimateFEVER
4,0.0001,0.3050020981411726,normuon,1.0140525729508525,1.0,0.1,verified-v3-normuon-1e-4,1.0,3907,DBPedia
4,0.0001,0.4084075268645076,normuon,0.986111410060005,1.0,0.1,verified-v3-normuon-1e-4,1.0,3907,FEVER
4,0.0001,0.22288878988969324,normuon,0.9983487291647176,1.0,0.1,verified-v3-normuon-1e-4,0.9769331095982161,3907,FiQA2018
4,0.0001,0.30072190114406416,normuon,0.9919170069236561,1.0,0.1,verified-v3-normuon-1e-4,1.0,3907,HotpotQA
4,0.0001,0.4319604407052633,normuon,0.9990455026008453,1.0,0.1,verified-v3-normuon-1e-4,1.0,3907,MSMARCO
4,0.0001,0.0035677336986052414,normuon,1.358056851202641,0.9683631899021234,0.1,verified-v3-normuon-1e-4,0.6963087842516016,3907,NFCorpus
4,0.0001,0.4220396415050911,normuon,0.9947029015790624,1.0,0.1,verified-v3-normuon-1e-4,1.0,3907,NQ
4,0.0001,0.48772234692647065,normuon,1.0036783278924244,1.0,0.1,verified-v3-normuon-1e-4,1.0,3907,QuoraRetrieval
4,0.0001,0.09916468455315659,normuon,0.9992561253604157,0.9968089374117028,0.1,verified-v3-normuon-1e-4,0.8555909140437343,3907,SCIDOCS
4,0.0001,0.2615437695921119,normuon,0.98302369943982,1.0,0.1,verified-v3-normuon-1e-4,1.0,3907,SciFact
4,0.0001,0.07312434918554456,normuon,0.9397437992608778,1.0,0.1,verified-v3-normuon-1e-4,0.9110827739955403,3907,TRECCOVID
4,0.0001,0.3039071215957643,normuon,1.002811170441617,1.0,0.1,verified-v3-normuon-1e-4,1.0,3907,Touche2020
5,0.0001,0.24616872723693645,normuon,1.0287469534175275,1.0,0.1,verified-v3-normuon-1e-4,1.0,3907,ArguAna
5,0.0001,0.005199457450487041,normuon,0.5079603142719386,0.9256134991464829,0.1,verified-v3-normuon-1e-4,0.7120054612569895,3907,ClimateFEVER
5,0.0001,0.30368020624623027,normuon,1.0096576265377013,1.0,0.1,verified-v3-normuon-1e-4,1.0,3907,DBPedia
5,0.0001,0.4131642449233696,normuon,0.9975966390132864,1.0,0.1,verified-v3-normuon-1e-4,1.0,3907,FEVER
5,0.0001,0.21796993915376064,normuon,0.9763165382070677,1.0236115350940154,0.1,verified-v3-normuon-1e-4,1.0,3907,FiQA2018
5,0.0001,0.30356916827594516,normuon,1.0013085832625357,1.0,0.1,verified-v3-normuon-1e-4,1.0,3907,HotpotQA
5,0.0001,0.43151677135571986,normuon,0.9980193765334223,1.0,0.1,verified-v3-normuon-1e-4,1.0,3907,MSMARCO
5,0.0001,0.0005924866839831875,normuon,0.2255298933169428,1.0260537941585106,0.1,verified-v3-normuon-1e-4,0.7377916441242134,3907,NFCorpus
5,0.0001,0.42498715754250455,normuon,1.0016498858585725,1.0,0.1,verified-v3-normuon-1e-4,1.0,3907,NQ
5,0.0001,0.48859919389086987,normuon,1.0054827813905916,1.0,0.1,verified-v3-normuon-1e-4,1.0,3907,QuoraRetrieval
5,0.0001,0.09107754232974163,normuon,0.917764146236775,1.0,0.1,verified-v3-normuon-1e-4,0.8583298984711626,3907,SCIDOCS
5,0.0001,0.2663277739568438,normuon,1.001004589124515,1.0,0.1,verified-v3-normuon-1e-4,1.0,3907,SciFact
5,0.0001,0.07673321513638251,normuon,0.9861224602327295,1.025318106170117,0.1,verified-v3-normuon-1e-4,0.9341496643973242,3907,TRECCOVID
5,0.0001,0.3075330945499366,normuon,1.0147758988858546,1.0,0.1,verified-v3-normuon-1e-4,1.0,3907,Touche2020
6,0.0001,0.2413467028397257,normuon,1.008595559844448,1.0,0.1,verified-v3-normuon-1e-4,1.0,3907,ArguAna
6,0.0001,0.01422971904090646,normuon,1.3901705369938477,1.0031470339599335,0.1,verified-v3-normuon-1e-4,0.7716462295351534,3907,ClimateFEVER
6,0.0001,0.3018882508562415,normuon,1.0036998413784983,1.0,0.1,verified-v3-normuon-1e-4,1.0,3907,DBPedia
6,0.0001,0.41925907731485673,normuon,1.0123127824932834,1.0,0.1,verified-v3-normuon-1e-4,1.0,3907,FEVER
6,0.0001,0.21935778002937062,normuon,0.9825328632861968,1.0,0.1,verified-v3-normuon-1e-4,0.9769331095982161,3907,FiQA2018
6,0.0001,0.3032807624584552,normuon,1.0003572902766387,1.0,0.1,verified-v3-normuon-1e-4,1.0,3907,HotpotQA
6,0.0001,0.42910210407875127,normuon,0.9924346927151675,1.0,0.1,verified-v3-normuon-1e-4,1.0,3907,MSMARCO
6,0.0001,-0.0038310927261568217,normuon,-1.4583043926131194,0.9988894173855571,0.1,verified-v3-normuon-1e-4,0.7182588961191603,3907,NFCorpus
6,0.0001,0.42272236558070764,normuon,0.9963120101845285,1.0,0.1,verified-v3-normuon-1e-4,1.0,3907,NQ
6,0.0001,0.4883366974183586,normuon,1.004942592854495,1.0,0.1,verified-v3-normuon-1e-4,1.0,3907,QuoraRetrieval
6,0.0001,0.09798213512123456,normuon,0.9873398895682659,0.9929118727460265,0.1,verified-v3-normuon-1e-4,0.8522459469249088,3907,SCIDOCS
6,0.0001,0.26747184430808957,normuon,1.0053046275878854,1.0,0.1,verified-v3-normuon-1e-4,1.0,3907,SciFact
6,0.0001,0.08344325712733557,normuon,1.072355300921379,1.0,0.1,verified-v3-normuon-1e-4,0.9110827739955403,3907,TRECCOVID
6,0.0001,0.2972944968154565,normuon,0.9809913000785524,1.0,0.1,verified-v3-normuon-1e-4,1.0,3907,Touche2020
7,0.0001,0.23477518212763063,normuon,0.981132965437072,1.0,0.1,verified-v3-normuon-1e-4,1.0,3907,ArguAna
7,0.0001,0.007225435650611657,normuon,0.7058879890425047,1.010638116027554,0.1,verified-v3-normuon-1e-4,0.7774085605164844,3907,ClimateFEVER
7,0.0001,0.30094241212926337,normuon,1.0005551738482283,1.0,0.1,verified-v3-normuon-1e-4,1.0,3907,DBPedia
7,0.0001,0.41276303393905334,normuon,0.9966279038567306,1.0,0.1,verified-v3-normuon-1e-4,1.0,3907,FEVER
7,0.0001,0.22547055238418573,normuon,1.0099127890111428,1.0,0.1,verified-v3-normuon-1e-4,0.9769331095982161,3907,FiQA2018
7,0.0001,0.3018194293142618,normuon,0.9955371518264888,1.0,0.1,verified-v3-normuon-1e-4,1.0,3907,HotpotQA
7,0.0001,0.4334533326056924,normuon,1.002498288547072,1.0,0.1,verified-v3-normuon-1e-4,1.0,3907,MSMARCO
7,0.0001,0.0006953899555682368,normuon,0.2646999953461035,0.9953481226970516,0.1,verified-v3-normuon-1e-4,0.7157125017240169,3907,NFCorpus
7,0.0001,0.4221816962617363,normuon,0.995037709650916,1.0,0.1,verified-v3-normuon-1e-4,1.0,3907,NQ
7,0.0001,0.4907774665604555,normuon,1.0099654241984943,1.0,0.1,verified-v3-normuon-1e-4,1.0,3907,QuoraRetrieval
7,0.0001,0.09659029438744156,normuon,0.9733146810473507,1.0,0.1,verified-v3-normuon-1e-4,0.8583298984711626,3907,SCIDOCS
7,0.0001,0.2690134108464183,normuon,1.0110986728591753,1.0,0.1,verified-v3-normuon-1e-4,1.0,3907,SciFact
7,0.0001,0.08000259427636168,normuon,1.0281382704033266,1.0,0.1,verified-v3-normuon-1e-4,0.9110827739955403,3907,TRECCOVID
7,0.0001,0.2999147247280313,normuon,0.9896373423497434,1.0,0.1,verified-v3-normuon-1e-4,1.0,3907,Touche2020
8,0.0001,0.24232417320124505,normuon,1.0126804396248967,1.0,0.1,verified-v3-normuon-1e-4,1.0,3907,ArguAna
8,0.0001,0.013229743878273819,normuon,1.2924780945203684,0.9806509511797872,0.1,verified-v3-normuon-1e-4,0.7543416701147005,3907,ClimateFEVER
8,0.0001,0.3018922860438556,normuon,1.003713257326806,1.0,0.1,verified-v3-normuon-1e-4,1.0,3907,DBPedia
8,0.0001,0.4133862871652241,normuon,0.9981327662239895,1.0,0.1,verified-v3-normuon-1e-4,1.0,3907,FEVER
8,0.0001,0.22214152769444404,normuon,0.9950016417524297,0.9763884649059846,0.1,verified-v3-normuon-1e-4,0.9538662191964322,3907,FiQA2018
8,0.0001,0.30115187611665883,normuon,0.9933352590903444,1.0,0.1,verified-v3-normuon-1e-4,1.0,3907,HotpotQA
8,0.0001,0.4311409026108662,normuon,0.9971500608652996,1.0,0.1,verified-v3-normuon-1e-4,1.0,3907,MSMARCO
8,0.0001,0.0015880273689792106,normuon,0.6044821812745239,0.9839677950420384,0.1,verified-v3-normuon-1e-4,0.7075293921258008,3907,NFCorpus
8,0.0001,0.4263632752411652,normuon,1.0048932500669452,1.0,0.1,verified-v3-normuon-1e-4,1.0,3907,NQ
8,0.0001,0.48196798855470824,normuon,0.9918364985707611,1.0,0.1,verified-v3-normuon-1e-4,1.0,3907,QuoraRetrieval
8,0.0001,0.09496888970985529,normuon,0.9569762177822595,1.0022314861235977,0.1,verified-v3-normuon-1e-4,0.86024524972907,3907,SCIDOCS
8,0.0001,0.2639638111259061,normuon,0.992119531411113,1.0,0.1,verified-v3-normuon-1e-4,1.0,3907,SciFact
8,0.0001,0.07373693349242821,normuon,0.9476163110894308,1.0,0.1,verified-v3-normuon-1e-4,0.9110827739955403,3907,TRECCOVID
8,0.0001,0.3000548397930891,normuon,0.9900996841061633,1.0,0.1,verified-v3-normuon-1e-4,1.0,3907,Touche2020
9,0.0001,0.23710792957159715,normuon,0.9908815913206647,1.0,0.1,verified-v3-normuon-1e-4,1.0,3907,ArguAna
9,0.0001,0.011245670366175471,normuon,1.0986442927552054,1.0031470339599335,0.1,verified-v3-normuon-1e-4,0.7716462295351534,3907,ClimateFEVER
9,0.0001,0.29767354955353154,normuon,0.9896870567901964,1.0,0.1,verified-v3-normuon-1e-4,1.0,3907,DBPedia
9,0.0001,0.41885588493298725,normuon,1.011339263196851,1.0,0.1,verified-v3-normuon-1e-4,1.0,3907,FEVER
9,0.0001,0.21803225258310702,normuon,0.9765956483993238,1.0,0.1,verified-v3-normuon-1e-4,0.9769331095982161,3907,FiQA2018
9,0.0001,0.3016002366169035,normuon,0.9948141550528051,1.0,0.1,verified-v3-normuon-1e-4,1.0,3907,HotpotQA
9,0.0001,0.43442302805795774,normuon,1.00474101679065,1.0,0.1,verified-v3-normuon-1e-4,1.0,3907,MSMARCO
9,0.0001,-0.0023228446298079186,normuon,-0.884190169525023,0.9627453221645015,0.1,verified-v3-normuon-1e-4,0.6922692144958933,3907,NFCorpus
9,0.0001,0.4211984987271788,normuon,0.9927204168085612,1.0,0.1,verified-v3-normuon-1e-4,1.0,3907,NQ
9,0.0001,0.48126223442452565,normuon,0.9903841350902917,1.0,0.1,verified-v3-normuon-1e-4,1.0,3907,QuoraRetrieval
9,0.0001,0.10019934543768552,normuon,1.0096821276332526,0.9990404235353006,0.1,verified-v3-normuon-1e-4,0.8575062653016419,3907,SCIDOCS
9,0.0001,0.26523049966337964,normuon,0.9968804356914449,1.0,0.1,verified-v3-normuon-1e-4,1.0,3907,SciFact
9,0.0001,0.0751564134049216,normuon,0.9658584898000583,1.0,0.1,verified-v3-normuon-1e-4,0.9110827739955403,3907,TRECCOVID
9,0.0001,0.2967541838452484,normuon,0.9792084136518898,1.0,0.1,verified-v3-normuon-1e-4,1.0,3907,Touche2020
10,0.0001,0.24240577190225415,normuon,1.013021443195936,1.0,0.1,verified-v3-normuon-1e-4,1.0,3907,ArguAna
10,0.0001,0.005373027555090514,normuon,0.5249172228959978,0.9560643835239738,0.1,verified-v3-normuon-1e-4,0.735429056523125,3907,ClimateFEVER
10,0.0001,0.29638970425835415,normuon,0.9854186054163213,1.0,0.1,verified-v3-normuon-1e-4,1.0,3907,DBPedia
10,0.0001,0.4128858880720822,normuon,0.9969245386011558,1.0,0.1,verified-v3-normuon-1e-4,1.0,3907,FEVER
10,0.0001,0.22326465607670432,normuon,1.0000322841354463,0.9763884649059846,0.1,verified-v3-normuon-1e-4,0.9538662191964322,3907,FiQA2018
10,0.0001,0.2973519047671003,normuon,0.9808012328251803,1.0,0.1,verified-v3-normuon-1e-4,1.0,3907,HotpotQA
10,0.0001,0.43107387835709443,normuon,0.9969950460236939,1.0,0.1,verified-v3-normuon-1e-4,1.0,3907,MSMARCO
10,0.0001,-0.0049759881056432725,normuon,-1.8941085039540706,1.006728450352065,0.1,verified-v3-normuon-1e-4,0.723895611322233,3907,NFCorpus
10,0.0001,0.4159865349169519,normuon,0.9804363680721223,1.0,0.1,verified-v3-normuon-1e-4,1.0,3907,NQ
10,0.0001,0.4876618101401461,normuon,1.0035537499212546,1.0,0.1,verified-v3-normuon-1e-4,1.0,3907,QuoraRetrieval
10,0.0001,0.10440527907803421,normuon,1.052064201169976,1.0,0.1,verified-v3-normuon-1e-4,0.8583298984711626,3907,SCIDOCS
10,0.0001,0.261719171531113,normuon,0.9836829553006448,0.9769331095982161,0.1,verified-v3-normuon-1e-4,0.9769331095982161,3907,SciFact
10,0.0001,0.08287010169143456,normuon,1.064989501801117,1.025318106170117,0.1,verified-v3-normuon-1e-4,0.9341496643973242,3907,TRECCOVID
10,0.0001,0.3068827046167016,normuon,1.0126297883019164,1.0,0.1,verified-v3-normuon-1e-4,1.0,3907,Touche2020
11,0.0001,0.24025269649909856,normuon,1.004023672494775,1.0,0.1,verified-v3-normuon-1e-4,1.0,3907,ArguAna
11,0.0001,0.008185442179641535,normuon,0.7996757010937787,1.0,0.1,verified-v3-normuon-1e-4,0.7692254509182683,3907,ClimateFEVER
11,0.0001,0.2962861955377122,normuon,0.9850744658673493,1.0,0.1,verified-v3-normuon-1e-4,1.0,3907,DBPedia
11,0.0001,0.41395414181629636,normuon,0.9995038671803727,1.0,0.1,verified-v3-normuon-1e-4,1.0,3907,FEVER
11,0.0001,0.2188056742499035,normuon,0.9800599075867725,1.0,0.1,verified-v3-normuon-1e-4,0.9769331095982161,3907,FiQA2018
11,0.0001,0.30886745756629336,normuon,1.0187847405849788,1.0,0.1,verified-v3-normuon-1e-4,1.0,3907,HotpotQA
11,0.0001,0.43664875307197154,normuon,1.009888711708375,1.0,0.1,verified-v3-normuon-1e-4,1.0,3907,MSMARCO
11,0.0001,0.0007390956411219007,normuon,0.28133655253249484,1.006728450352065,0.1,verified-v3-normuon-1e-4,0.723895611322233,3907,NFCorpus
11,0.0001,0.4291836988240495,normuon,1.0115406908418736,1.0,0.1,verified-v3-normuon-1e-4,1.0,3907,NQ
11,0.0001,0.4889909930700326,normuon,1.0062890605112629,1.0,0.1,verified-v3-normuon-1e-4,1.0,3907,QuoraRetrieval
11,0.0001,0.10780000117252772,normuon,1.086271911930157,1.0022314861235977,0.1,verified-v3-normuon-1e-4,0.86024524972907,3907,SCIDOCS
11,0.0001,0.263222787026809,normuon,0.9893343599180029,1.0,0.1,verified-v3-normuon-1e-4,1.0,3907,SciFact
11,0.0001,0.0774140498237723,normuon,0.9948720789701604,1.0,0.1,verified-v3-normuon-1e-4,0.9110827739955403,3907,TRECCOVID
11,0.0001,0.30134961198689675,normuon,0.9943720815817795,1.0,0.1,verified-v3-normuon-1e-4,1.0,3907,Touche2020
12,0.0001,0.23951920775851593,normuon,1.0009583996808398,1.0,0.1,verified-v3-normuon-1e-4,1.0,3907,ArguAna
12,0.0001,0.007563102547356428,normuon,0.7388763122710441,0.9681543216836375,0.1,verified-v3-normuon-1e-4,0.7447289446555663,3907,ClimateFEVER
12,0.0001,0.3032939205262607,normuon,1.0083733270833153,1.0,0.1,verified-v3-normuon-1e-4,1.0,3907,DBPedia
12,0.0001,0.4176084175387136,normuon,1.0083272182411291,1.0,0.1,verified-v3-normuon-1e-4,1.0,3907,FEVER
12,0.0001,0.22379466995438468,normuon,1.0024062872492132,1.0,0.1,verified-v3-normuon-1e-4,0.9769331095982161,3907,FiQA2018
12,0.0001,0.3020797069481627,normuon,0.9963956653255256,1.0,0.1,verified-v3-normuon-1e-4,1.0,3907,HotpotQA
12,0.0001,0.4363149050424585,normuon,1.0091165822701038,1.0,0.1,verified-v3-normuon-1e-4,1.0,3907,MSMARCO
12,0.0001,0.007447154302660115,normuon,2.8347572372468823,1.0129334420896947,0.1,verified-v3-normuon-1e-4,0.7283573569752838,3907,NFCorpus
12,0.0001,0.424856341722722,normuon,1.0013415667749763,1.0,0.1,verified-v3-normuon-1e-4,1.0,3907,NQ
12,0.0001,0.48624015246693425,normuon,1.0006281365978613,1.0,0.1,verified-v3-normuon-1e-4,1.0,3907,QuoraRetrieval
12,0.0001,0.0955169009498176,normuon,0.9624983811488476,0.9983344214579214,0.1,verified-v3-normuon-1e-4,0.8569002826102445,3907,SCIDOCS
12,0.0001,0.2618211315949863,normuon,0.9840661766610318,0.9769331095982161,0.1,verified-v3-normuon-1e-4,0.9769331095982161,3907,SciFact
12,0.0001,0.0699664213872505,normuon,0.8991602850140659,1.0163363650684505,0.1,verified-v3-normuon-1e-4,0.925966554799108,3907,TRECCOVID
12,0.0001,0.3028324800479173,normuon,0.9992651444625514,1.0,0.1,verified-v3-normuon-1e-4,1.0,3907,Touche2020
13,0.0001,0.23899700468400611,normuon,0.9987760963964337,1.0,0.1,verified-v3-normuon-1e-4,1.0,3907,ArguAna
13,0.0001,0.012555208233917814,normuon,1.2265794231382985,0.994367431400975,0.1,verified-v3-normuon-1e-4,0.7648927357978553,3907,ClimateFEVER
13,0.0001,0.30290926014149694,normuon,1.0070944314453534,1.0,0.1,verified-v3-normuon-1e-4,1.0,3907,DBPedia
13,0.0001,0.41235474289957086,normuon,0.9956420737087164,1.0,0.1,verified-v3-normuon-1e-4,1.0,3907,FEVER
13,0.0001,0.22252616245268214,normuon,0.9967244723275771,1.0,0.1,verified-v3-normuon-1e-4,0.9769331095982161,3907,FiQA2018
13,0.0001,0.30482683795545457,normuon,1.0054569473805186,1.0,0.1,verified-v3-normuon-1e-4,1.0,3907,HotpotQA
13,0.0001,0.42552943618208516,normuon,0.9841717652382367,1.0,0.1,verified-v3-normuon-1e-4,1.0,3907,MSMARCO
13,0.0001,-0.0037276728905131108,normuon,-1.4189376606170907,0.967920658081885,0.1,verified-v3-normuon-1e-4,0.6959905784410585,3907,NFCorpus
13,0.0001,0.4175141978392668,normuon,0.9840369083816587,1.0,0.1,verified-v3-normuon-1e-4,1.0,3907,NQ
13,0.0001,0.48551071502682985,normuon,0.9991270355004854,1.0,0.1,verified-v3-normuon-1e-4,1.0,3907,QuoraRetrieval
13,0.0001,0.10141434747435038,normuon,1.0219253796834513,1.0022314861235977,0.1,verified-v3-normuon-1e-4,0.86024524972907,3907,SCIDOCS
13,0.0001,0.26338133426838634,normuon,0.989930266661239,0.9769331095982161,0.1,verified-v3-normuon-1e-4,0.9769331095982161,3907,SciFact
13,0.0001,0.07615560228193755,normuon,0.9786993774376852,1.0,0.1,verified-v3-normuon-1e-4,0.9110827739955403,3907,TRECCOVID
13,0.0001,0.3005063085403967,normuon,0.9915894086658515,1.0,0.1,verified-v3-normuon-1e-4,1.0,3907,Touche2020
14,0.0001,0.2378531576195485,normuon,0.9939959230740777,1.0,0.1,verified-v3-normuon-1e-4,1.0,3907,ArguAna
14,0.0001,0.005557489469208742,normuon,0.542938205423304,1.034992712276296,0.1,verified-v3-normuon-1e-4,0.7961427357978553,3907,ClimateFEVER
14,0.0001,0.3029280424114036,normuon,1.0071568776030708,1.0,0.1,verified-v3-normuon-1e-4,1.0,3907,DBPedia
14,0.0001,0.41365096859518713,normuon,0.9987718469483859,1.0,0.1,verified-v3-normuon-1e-4,1.0,3907,FEVER
14,0.0001,0.21773390961144914,normuon,0.9752593302885867,1.0,0.1,verified-v3-normuon-1e-4,0.9769331095982161,3907,FiQA2018
14,0.0001,0.3036633137372277,normuon,1.0016191176260643,1.0,0.1,verified-v3-normuon-1e-4,1.0,3907,HotpotQA
14,0.0001,0.4310390888273715,normuon,0.9969145842037399,1.0,0.1,verified-v3-normuon-1e-4,1.0,3907,MSMARCO
14,0.0001,0.009385911537925888,normuon,3.5727446456682808,1.0309687593036723,0.1,verified-v3-normuon-1e-4,0.7413257865209442,3907,NFCorpus
14,0.0001,0.42645003009846516,normuon,1.0050977221112647,1.0,0.1,verified-v3-normuon-1e-4,1.0,3907,NQ
14,0.0001,0.4897840705759408,normuon,1.0079211257837182,1.0,0.1,verified-v3-normuon-1e-4,1.0,3907,QuoraRetrieval
14,0.0001,0.09467815356521223,normuon,0.9540465470561602,0.994577451288105,0.1,verified-v3-normuon-1e-4,0.8536755627858269,3907,SCIDOCS
14,0.0001,0.2660956828706905,normuon,1.0001322646242095,0.9769331095982161,0.1,verified-v3-normuon-1e-4,0.9769331095982161,3907,SciFact
14,0.0001,0.07631962530256425,normuon,0.9808072883905592,1.0,0.1,verified-v3-normuon-1e-4,0.9110827739955403,3907,TRECCOVID
14,0.0001,0.30376092223218487,normuon,1.00232875214836,1.0,0.1,verified-v3-normuon-1e-4,1.0,3907,Touche2020
15,0.0001,0.23909716718065843,normuon,0.99919467866086,1.0,0.1,verified-v3-normuon-1e-4,1.0,3907,ArguAna
15,0.0001,0.009234534169660137,normuon,0.9021666055823048,1.014986603346626,0.1,verified-v3-normuon-1e-4,0.7807535276353099,3907,ClimateFEVER
15,0.0001,0.30065659825873114,normuon,0.9996049171366693,0.9769331095982161,0.1,verified-v3-normuon-1e-4,0.9769331095982161,3907,DBPedia
15,0.0001,0.4125047677984486,normuon,0.996004313028134,1.0,0.1,verified-v3-normuon-1e-4,1.0,3907,FEVER
15,0.0001,0.22441185415154452,normuon,1.0051707378938597,1.0236115350940154,0.1,verified-v3-normuon-1e-4,1.0,3907,FiQA2018
15,0.0001,0.30071724257423693,normuon,0.9919016408508095,1.0,0.1,verified-v3-normuon-1e-4,1.0,3907,HotpotQA
15,0.0001,0.4277731946272845,normuon,0.9893611681843472,1.0,0.1,verified-v3-normuon-1e-4,1.0,3907,MSMARCO
15,0.0001,-0.0014270112361793215,normuon,-0.543191434605699,1.0102697450405707,0.1,verified-v3-normuon-1e-4,0.7264420057173764,3907,NFCorpus
15,0.0001,0.4158419851337175,normuon,0.9800956794858722,1.0,0.1,verified-v3-normuon-1e-4,1.0,3907,NQ
15,0.0001,0.4788205899646595,normuon,0.9853595024397076,1.0,0.1,verified-v3-normuon-1e-4,1.0,3907,QuoraRetrieval
15,0.0001,0.09703690496252271,normuon,0.9778150569101041,1.0,0.1,verified-v3-normuon-1e-4,0.8583298984711626,3907,SCIDOCS
15,0.0001,0.2639019729824309,normuon,0.9918871100437056,1.0,0.1,verified-v3-normuon-1e-4,1.0,3907,SciFact
15,0.0001,0.07715650728963232,normuon,0.9915623196054668,1.0,0.1,verified-v3-normuon-1e-4,0.9110827739955403,3907,TRECCOVID
15,0.0001,0.3017374142409608,normuon,0.9956517239615166,1.0,0.1,verified-v3-normuon-1e-4,1.0,3907,Touche2020
16,0.0001,0.24217087049263278,normuon,1.012039782721781,1.0,0.1,verified-v3-normuon-1e-4,1.0,3907,ArguAna
16,0.0001,0.01124937055557518,normuon,1.0990057822737251,0.9885601428725359,0.1,verified-v3-normuon-1e-4,0.7604256216609542,3907,ClimateFEVER
16,0.0001,0.3083764045206223,normuon,1.02527126320531,1.0,0.1,verified-v3-normuon-1e-4,1.0,3907,DBPedia
16,0.0001,0.41193131614865,normuon,0.994619697961596,1.0,0.1,verified-v3-normuon-1e-4,1.0,3907,FEVER
16,0.0001,0.21875775927200897,normuon,0.9798452899861627,1.0,0.1,verified-v3-normuon-1e-4,0.9769331095982161,3907,FiQA2018
16,0.0001,0.310593365477907,normuon,1.024477566426398,1.0,0.1,verified-v3-normuon-1e-4,1.0,3907,HotpotQA
16,0.0001,0.4337205086028313,normuon,1.003116217767416,1.0,0.1,verified-v3-normuon-1e-4,1.0,3907,MSMARCO
16,0.0001,-0.002258304078222787,normuon,-0.8596228263136025,0.9988894173855571,0.1,verified-v3-normuon-1e-4,0.7182588961191603,3907,NFCorpus
16,0.0001,0.42561782726775477,normuon,1.0031363078529787,1.0,0.1,verified-v3-normuon-1e-4,1.0,3907,NQ
16,0.0001,0.4879817478778382,normuon,1.0042121461904028,1.0,0.1,verified-v3-normuon-1e-4,1.0,3907,QuoraRetrieval
16,0.0001,0.09487935739975753,normuon,0.956074024529833,1.0072793297652212,0.1,verified-v3-normuon-1e-4,0.864577964849483,3907,SCIDOCS
16,0.0001,0.26911075971671383,normuon,1.0114645628467804,1.0,0.1,verified-v3-normuon-1e-4,1.0,3907,SciFact
16,0.0001,0.07805958487647854,normuon,1.003168051101782,1.0,0.1,verified-v3-normuon-1e-4,0.9110827739955403,3907,TRECCOVID
16,0.0001,0.30701795228442696,normuon,1.0130760689657554,1.0,0.1,verified-v3-normuon-1e-4,1.0,3907,Touche2020
17,0.0001,0.23830301659577274,normuon,0.9958758980670538,1.0,0.1,verified-v3-normuon-1e-4,1.0,3907,ArguAna
17,0.0001,-0.001090412899716165,normuon,-0.10652774534660642,0.9412455210295047,0.1,verified-v3-normuon-1e-4,0.7240300103387212,3907,ClimateFEVER
17,0.0001,0.29935205650981256,normuon,0.99526765544216,1.0,0.1,verified-v3-normuon-1e-4,1.0,3907,DBPedia
17,0.0001,0.41658382010771844,normuon,1.005853299052667,1.0,0.1,verified-v3-normuon-1e-4,1.0,3907,FEVER
17,0.0001,0.2260458670262328,normuon,1.0124897003131503,1.0236115350940154,0.1,verified-v3-normuon-1e-4,1.0,3907,FiQA2018
17,0.0001,0.299788406159015,normuon,0.9888379177451642,1.0,0.1,verified-v3-normuon-1e-4,1.0,3907,HotpotQA
17,0.0001,0.42920331763416253,normuon,0.9926687811589398,1.0,0.1,verified-v3-normuon-1e-4,1.0,3907,MSMARCO
17,0.0001,-0.0037393238077212815,normuon,-1.4233725790482328,0.967920658081885,0.1,verified-v3-normuon-1e-4,0.6959905784410585,3907,NFCorpus
17,0.0001,0.4157100223584069,normuon,0.9797846571491226,1.0,0.1,verified-v3-normuon-1e-4,1.0,3907,NQ
17,0.0001,0.4844817080881445,normuon,0.9970094537039615,1.0,0.1,verified-v3-normuon-1e-4,1.0,3907,QuoraRetrieval
17,0.0001,0.1024175733983797,normuon,1.032034620228348,1.0,0.1,verified-v3-normuon-1e-4,0.8583298984711626,3907,SCIDOCS
17,0.0001,0.27096682745914347,normuon,1.0184406746517742,0.9769331095982161,0.1,verified-v3-normuon-1e-4,0.9769331095982161,3907,SciFact
17,0.0001,0.08232352852350595,normuon,1.0579653196904497,1.025318106170117,0.1,verified-v3-normuon-1e-4,0.9341496643973242,3907,TRECCOVID
17,0.0001,0.2995314216529074,normuon,0.9883725460416458,1.0,0.1,verified-v3-normuon-1e-4,1.0,3907,Touche2020
18,0.0001,0.235888261268614,normuon,0.9857845586270433,1.0,0.1,verified-v3-normuon-1e-4,1.0,3907,ArguAna
18,0.0001,0.011261248531634661,normuon,1.1001661995883287,0.9704309447773616,0.1,verified-v3-normuon-1e-4,0.7464801810814071,3907,ClimateFEVER
18,0.0001,0.2982072303120542,normuon,0.9914614063753714,1.0,0.1,verified-v3-normuon-1e-4,1.0,3907,DBPedia
18,0.0001,0.41531871647290297,normuon,1.0027986709002976,1.0,0.1,verified-v3-normuon-1e-4,1.0,3907,FEVER
18,0.0001,0.2253627998406894,normuon,1.0094301509434451,1.0236115350940154,0.1,verified-v3-normuon-1e-4,1.0,3907,FiQA2018
18,0.0001,0.3028873544563785,normuon,0.9990596525374678,1.0,0.1,verified-v3-normuon-1e-4,1.0,3907,HotpotQA
18,0.0001,0.43089330164096423,normuon,0.9965774051030815,1.0,0.1,verified-v3-normuon-1e-4,1.0,3907,MSMARCO
18,0.0001,0.0016892671752050097,normuon,0.6430190856721598,0.9953481226970516,0.1,verified-v3-normuon-1e-4,0.7157125017240169,3907,NFCorpus
18,0.0001,0.4274921932239385,normuon,1.0075539906293833,1.0,0.1,verified-v3-normuon-1e-4,1.0,3907,NQ
18,0.0001,0.4863340456968769,normuon,1.0008213584188894,1.0,0.1,verified-v3-normuon-1e-4,1.0,3907,QuoraRetrieval
18,0.0001,0.09929077821569396,normuon,1.0005267376275484,1.0104703923535183,0.1,verified-v3-normuon-1e-4,0.8673169492769113,3907,SCIDOCS
18,0.0001,0.2662570316873176,normuon,1.0007387012098272,1.0,0.1,verified-v3-normuon-1e-4,1.0,3907,SciFact
18,0.0001,0.07550048920977791,normuon,0.9702803151932521,0.9746818938298829,0.1,verified-v3-normuon-1e-4,0.8880158835937564,3907,TRECCOVID
18,0.0001,0.30163169706279536,normuon,0.9953028859131838,1.0,0.1,verified-v3-normuon-1e-4,1.0,3907,Touche2020
19,0.0001,0.24042437532032224,normuon,1.004741123757909,1.0,0.1,verified-v3-normuon-1e-4,1.0,3907,ArguAna
19,0.0001,0.013206051133184016,normuon,1.2901634348935924,1.0116762677459206,0.1,verified-v3-normuon-1e-4,0.7782071332401665,3907,ClimateFEVER
19,0.0001,0.29992440674665877,normuon,0.99717057097566,0.9769331095982161,0.1,verified-v3-normuon-1e-4,0.9769331095982161,3907,DBPedia
19,0.0001,0.41992840291691647,normuon,1.0139288879022694,1.0,0.1,verified-v3-normuon-1e-4,1.0,3907,FEVER
19,0.0001,0.22707320258441993,normuon,1.017091273812874,1.0,0.1,verified-v3-normuon-1e-4,0.9769331095982161,3907,FiQA2018
19,0.0001,0.30480432134072266,normuon,1.0053826773888552,1.0,0.1,verified-v3-normuon-1e-4,1.0,3907,HotpotQA
19,0.0001,0.4296300975366413,normuon,0.9936558450240374,1.0,0.1,verified-v3-normuon-1e-4,1.0,3907,MSMARCO
19,0.0001,0.003876472258946679,normuon,1.4755780992896388,1.0073504261503285,0.1,verified-v3-normuon-1e-4,0.7243428476654139,3907,NFCorpus
19,0.0001,0.41809762406414824,normuon,0.9854119824308103,1.0,0.1,verified-v3-normuon-1e-4,1.0,3907,NQ
19,0.0001,0.4913445137537561,normuon,1.0111323442348523,1.0,0.1,verified-v3-normuon-1e-4,1.0,3907,QuoraRetrieval
19,0.0001,0.0964944538695965,normuon,0.9723489216649059,1.0022314861235977,0.1,verified-v3-normuon-1e-4,0.86024524972907,3907,SCIDOCS
19,0.0001,0.2625897599887346,normuon,0.9869551001031588,1.0,0.1,verified-v3-normuon-1e-4,1.0,3907,SciFact
19,0.0001,0.07626835733638568,normuon,0.9801484277804663,0.9746818938298829,0.1,verified-v3-normuon-1e-4,0.8880158835937564,3907,TRECCOVID
19,0.0001,0.30074926982699757,normuon,0.9923911150915149,1.0,0.1,verified-v3-normuon-1e-4,1.0,3907,Touche2020
0,0.0001,0.2399375825526857,normuon,1.0027068012740064,1.0,0.25,verified-v3-normuon-1e-4,1.0,3907,ArguAna
0,0.0001,0.013234770686420457,normuon,1.2929691878835252,1.0124966294961495,0.25,verified-v3-normuon-1e-4,0.7788381763774024,3907,ClimateFEVER
0,0.0001,0.3037839229181648,normuon,1.0100024574705837,0.9769331095982161,0.25,verified-v3-normuon-1e-4,0.9769331095982161,3907,DBPedia
0,0.0001,0.4059694549211379,normuon,0.9802246170805464,1.0,0.25,verified-v3-normuon-1e-4,1.0,3907,FEVER
0,0.0001,0.21895608602517724,normuon,0.9807336220646082,1.0236115350940154,0.25,verified-v3-normuon-1e-4,1.0,3907,FiQA2018
0,0.0001,0.30550288980490037,normuon,1.007686872518915,1.0,0.25,verified-v3-normuon-1e-4,1.0,3907,HotpotQA
0,0.0001,0.4244212683864802,normuon,0.98160877578828,1.0,0.25,verified-v3-normuon-1e-4,1.0,3907,MSMARCO
0,0.0001,-0.007002605891427281,normuon,-2.665540006767484,0.9287051857897224,0.25,verified-v3-normuon-1e-4,0.6677924001951795,3907,NFCorpus
0,0.0001,0.4100833079981415,normuon,0.9665230851305494,1.0,0.25,verified-v3-normuon-1e-4,1.0,3907,NQ
0,0.0001,0.4851134501490145,normuon,0.9983095085800793,1.0,0.25,verified-v3-normuon-1e-4,1.0,3907,QuoraRetrieval
0,0.0001,0.09731953860058079,normuon,0.9806630808344987,1.0054225487118948,0.25,verified-v3-normuon-1e-4,0.8629842341564983,3907,SCIDOCS
0,0.0001,0.2731442078755251,normuon,1.02662445419788,1.0,0.25,verified-v3-normuon-1e-4,1.0,3907,SciFact
0,0.0001,0.07842195734111053,normuon,1.007825012571575,0.9657001527282164,0.25,verified-v3-normuon-1e-4,0.8798327739955403,3907,TRECCOVID
0,0.0001,0.2888104837741535,normuon,0.9529963554279709,1.0,0.25,verified-v3-normuon-1e-4,1.0,3907,Touche2020
1,0.0001,0.23925706591001836,normuon,0.9998629005448121,1.0,0.25,verified-v3-normuon-1e-4,1.0,3907,ArguAna
1,0.0001,0.008339274712149637,normuon,0.8147043501984548,1.0591725885956236,0.25,verified-v3-normuon-1e-4,0.8147425120627381,3907,ClimateFEVER
1,0.0001,0.3065737712046793,normuon,1.0192779767221698,1.0,0.25,verified-v3-normuon-1e-4,1.0,3907,DBPedia
1,0.0001,0.40627604581554644,normuon,0.9809648893804177,1.0,0.25,verified-v3-normuon-1e-4,1.0,3907,FEVER
1,0.0001,0.2187917589234517,normuon,0.9799975789766799,1.0,0.25,verified-v3-normuon-1e-4,0.9769331095982161,3907,FiQA2018
1,0.0001,0.30475438413968126,normuon,1.0052179618865833,1.0,0.25,verified-v3-normuon-1e-4,1.0,3907,HotpotQA
1,0.0001,0.430143277977327,normuon,0.9948427375331124,1.0,0.25,verified-v3-normuon-1e-4,1.0,3907,MSMARCO
1,0.0001,-0.006968950236017792,normuon,-2.6527289907915885,0.967257356218785,0.25,verified-v3-normuon-1e-4,0.6955136262822991,3907,NFCorpus
1,0.0001,0.42079377795828854,normuon,0.991766532662255,1.0,0.25,verified-v3-normuon-1e-4,1.0,3907,NQ
1,0.0001,0.4846328493587412,normuon,0.9973204856234624,1.0,0.25,verified-v3-normuon-1e-4,1.0,3907,QuoraRetrieval
1,0.0001,0.10113055433859879,normuon,1.0190656718094953,1.023907469660781,0.25,verified-v3-normuon-1e-4,0.8788503944778032,3907,SCIDOCS
1,0.0001,0.25828754403605814,normuon,0.9707850332413689,1.0,0.25,verified-v3-normuon-1e-4,1.0,3907,SciFact
1,0.0001,0.0727399168947599,normuon,0.9348033400906518,1.025318106170117,0.25,verified-v3-normuon-1e-4,0.9341496643973242,3907,TRECCOVID
1,0.0001,0.2974209630630715,normuon,0.9814086044349828,1.0,0.25,verified-v3-normuon-1e-4,1.0,3907,Touche2020
2,0.0001,0.24311991967627733,normuon,1.0160058894944664,1.0,0.25,verified-v3-normuon-1e-4,1.0,3907,ArguAna
2,0.0001,0.015551509099411862,normuon,1.5193026435479722,1.0087796025589584,0.25,verified-v3-normuon-1e-4,0.7759789446555663,3907,ClimateFEVER
2,0.0001,0.2867999414008573,normuon,0.9535351404864109,1.0,0.25,verified-v3-normuon-1e-4,1.0,3907,DBPedia
2,0.0001,0.4078321206859388,normuon,0.9847220757290196,1.0,0.25,verified-v3-normuon-1e-4,1.0,3907,FEVER
2,0.0001,0.21964812872457073,normuon,0.9838333739624454,1.0,0.25,verified-v3-normuon-1e-4,0.9769331095982161,3907,FiQA2018
2,0.0001,0.3016000086336724,normuon,0.9948134030608706,1.0,0.25,verified-v3-normuon-1e-4,1.0,3907,HotpotQA
2,0.0001,0.4378865425948867,normuon,1.012751492508431,1.0,0.25,verified-v3-normuon-1e-4,1.0,3907,MSMARCO
2,0.0001,0.0057737243226686314,normuon,2.197766575577324,0.9762022228686313,0.25,verified-v3-normuon-1e-4,0.7019454994546743,3907,NFCorpus
2,0.0001,0.4194457536952908,normuon,0.9885893817173321,1.0,0.25,verified-v3-normuon-1e-4,1.0,3907,NQ
2,0.0001,0.4818594370827674,normuon,0.9916131117185194,1.0,0.25,verified-v3-normuon-1e-4,1.0,3907,QuoraRetrieval
2,0.0001,0.09110815671703545,normuon,0.9180726392669839,1.0281752610261912,0.25,verified-v3-normuon-1e-4,0.8825135674071718,3907,SCIDOCS
2,0.0001,0.2595476132228416,normuon,0.9755210584025638,0.9769331095982161,0.25,verified-v3-normuon-1e-4,0.9769331095982161,3907,SciFact
2,0.0001,0.07482305496825492,normuon,0.9615743966453428,1.025318106170117,0.25,verified-v3-normuon-1e-4,0.9341496643973242,3907,TRECCOVID
2,0.0001,0.307159097699979,normuon,1.0135418105996765,1.0,0.25,verified-v3-normuon-1e-4,1.0,3907,Touche2020
3,0.0001,0.231359668558068,normuon,0.966859425420505,1.0,0.25,verified-v3-normuon-1e-4,1.0,3907,ArguAna
3,0.0001,0.011343979640417449,normuon,1.1082486044195161,0.9500111654339485,0.25,verified-v3-normuon-1e-4,0.7307727671083186,3907,ClimateFEVER
3,0.0001,0.29592691986996245,normuon,0.9838799678048749,1.0,0.25,verified-v3-normuon-1e-4,1.0,3907,DBPedia
3,0.0001,0.4173888129111534,normuon,1.007796976718399,1.0,0.25,verified-v3-normuon-1e-4,1.0,3907,FEVER
3,0.0001,0.22097554044451775,normuon,0.9897790287634038,0.9763884649059846,0.25,verified-v3-normuon-1e-4,0.9538662191964322,3907,FiQA2018
3,0.0001,0.30594676738291593,normuon,1.0091509817738467,1.0,0.25,verified-v3-normuon-1e-4,1.0,3907,HotpotQA
3,0.0001,0.42478173230326555,normuon,0.9824424629063094,1.0,0.25,verified-v3-normuon-1e-4,1.0,3907,MSMARCO
3,0.0001,0.006688531558998038,normuon,2.545987698502667,1.0015531144346814,0.25,verified-v3-normuon-1e-4,0.7201742473770677,3907,NFCorpus
3,0.0001,0.42268809361018816,normuon,0.9962312347663782,1.0,0.25,verified-v3-normuon-1e-4,1.0,3907,NQ
3,0.0001,0.48672142088303333,normuon,1.00161853345415,1.0,0.25,verified-v3-normuon-1e-4,1.0,3907,QuoraRetrieval
3,0.0001,0.10067786895897507,normuon,1.0145040817586781,0.9951433588696244,0.25,verified-v3-normuon-1e-4,0.8541612981828164,3907,SCIDOCS
3,0.0001,0.2588172946955709,normuon,0.9727761242694867,1.0,0.25,verified-v3-normuon-1e-4,1.0,3907,SciFact
3,0.0001,0.07354629751575159,normuon,0.9451663887449142,0.9746818938298829,0.25,verified-v3-normuon-1e-4,0.8880158835937564,3907,TRECCOVID
3,0.0001,0.2888854083977307,normuon,0.953243586388107,1.0,0.25,verified-v3-normuon-1e-4,1.0,3907,Touche2020
4,0.0001,0.23522944373262195,normuon,0.983031339155922,1.0,0.25,verified-v3-normuon-1e-4,1.0,3907,ArguAna
4,0.0001,0.00524793052697272,normuon,0.5126958851271413,0.9537421505256543,0.25,verified-v3-normuon-1e-4,0.7336427357978553,3907,ClimateFEVER
4,0.0001,0.2962008249184574,normuon,0.9847906307834685,1.0,0.25,verified-v3-normuon-1e-4,1.0,3907,DBPedia
4,0.0001,0.4104111733049954,normuon,0.9909492704977403,1.0,0.25,verified-v3-normuon-1e-4,1.0,3907,FEVER
4,0.0001,0.22231308627931567,normuon,0.9957700756214846,1.0236115350940154,0.25,verified-v3-normuon-1e-4,1.0,3907,FiQA2018
4,0.0001,0.3103673016605001,normuon,1.0237319055873209,1.0,0.25,verified-v3-normuon-1e-4,1.0,3907,HotpotQA
4,0.0001,0.42776618814599787,normuon,0.9893449634744736,1.0,0.25,verified-v3-normuon-1e-4,1.0,3907,MSMARCO
4,0.0001,-0.020053305406188694,normuon,-7.633285187955621,0.8991100969427066,0.25,verified-v3-normuon-1e-4,0.6465118305186652,3907,NFCorpus
4,0.0001,0.42433193883770753,normuon,1.0001056045097727,1.0,0.25,verified-v3-normuon-1e-4,1.0,3907,NQ
4,0.0001,0.4905236358693702,normuon,1.0094430688764515,1.0,0.25,verified-v3-normuon-1e-4,1.0,3907,QuoraRetrieval
4,0.0001,0.09869338696682582,normuon,0.9945069850577896,0.9951433588696244,0.25,verified-v3-normuon-1e-4,0.8541612981828164,3907,SCIDOCS
4,0.0001,0.26865282968212545,normuon,1.009743412779288,1.0,0.25,verified-v3-normuon-1e-4,1.0,3907,SciFact
4,0.0001,0.08202637583379194,normuon,1.0541465178726874,1.0163363650684505,0.25,verified-v3-normuon-1e-4,0.925966554799108,3907,TRECCOVID
4,0.0001,0.3122182678570675,normuon,1.030235701549167,1.0,0.25,verified-v3-normuon-1e-4,1.0,3907,Touche2020
5,0.0001,0.24362405692650688,normuon,1.0181126951236752,1.0,0.25,verified-v3-normuon-1e-4,1.0,3907,ArguAna
5,0.0001,0.0039249020446201315,normuon,0.38344279091755307,0.9488052728634248,0.25,verified-v3-normuon-1e-4,0.7298451638519985,3907,ClimateFEVER
5,0.0001,0.29168274863289545,normuon,0.9697692033569538,0.9769331095982161,0.25,verified-v3-normuon-1e-4,0.9769331095982161,3907,DBPedia
5,0.0001,0.41058139184777664,normuon,0.9913602679358362,1.0,0.25,verified-v3-normuon-1e-4,1.0,3907,FEVER
5,0.0001,0.21976499099305286,normuon,0.9843568157079193,1.0,0.25,verified-v3-normuon-1e-4,0.9769331095982161,3907,FiQA2018
5,0.0001,0.2984693677582577,normuon,0.9844871317946932,1.0,0.25,verified-v3-normuon-1e-4,1.0,3907,HotpotQA
5,0.0001,0.42801835576701225,normuon,0.9899281810655675,1.0,0.25,verified-v3-normuon-1e-4,1.0,3907,MSMARCO
5,0.0001,0.002075723514003258,normuon,0.7901235847553805,0.967920658081885,0.25,verified-v3-normuon-1e-4,0.6959905784410585,3907,NFCorpus
5,0.0001,0.4218223945129731,normuon,0.994190873342453,1.0,0.25,verified-v3-normuon-1e-4,1.0,3907,NQ
5,0.0001,0.4857720078227893,normuon,0.9996647470041546,1.0,0.25,verified-v3-normuon-1e-4,1.0,3907,QuoraRetrieval
5,0.0001,0.10979640676730121,normuon,1.106389159600237,1.0054225487118948,0.25,verified-v3-normuon-1e-4,0.8629842341564983,3907,SCIDOCS
5,0.0001,0.2732547178967536,normuon,1.0270398109470107,1.0,0.25,verified-v3-normuon-1e-4,1.0,3907,SciFact
5,0.0001,0.07379943200126149,normuon,0.9484194989029742,1.0,0.25,verified-v3-normuon-1e-4,0.9110827739955403,3907,TRECCOVID
5,0.0001,0.29504871216815215,normuon,0.9735808191431348,1.0,0.25,verified-v3-normuon-1e-4,1.0,3907,Touche2020
6,0.0001,0.24447171225491182,normuon,1.02165507374517,1.0,0.25,verified-v3-normuon-1e-4,1.0,3907,ArguAna
6,0.0001,0.010095286043488421,normuon,0.9862576471003037,0.9791991290476774,0.25,verified-v3-normuon-1e-4,0.7532248915804752,3907,ClimateFEVER
6,0.0001,0.3008616636675765,normuon,1.0002867062349416,1.0,0.25,verified-v3-normuon-1e-4,1.0,3907,DBPedia
6,0.0001,0.4042087234387209,normuon,0.9759732816113074,1.0,0.25,verified-v3-normuon-1e-4,1.0,3907,FEVER
6,0.0001,0.22933835370144173,normuon,1.0272371889132426,1.0,0.25,verified-v3-normuon-1e-4,0.9769331095982161,3907,FiQA2018
6,0.0001,0.29690521977625395,normuon,0.9793278634514421,1.0,0.25,verified-v3-normuon-1e-4,1.0,3907,HotpotQA
6,0.0001,0.4252354824861941,normuon,0.9834919040977734,1.0,0.25,verified-v3-normuon-1e-4,1.0,3907,MSMARCO
6,0.0001,-0.013192938155385768,normuon,-5.021888280624391,0.9327425532955029,0.25,verified-v3-normuon-1e-4,0.6706954994546743,3907,NFCorpus
6,0.0001,0.4165980392443478,normuon,0.9818776192461106,1.0,0.25,verified-v3-normuon-1e-4,1.0,3907,NQ
6,0.0001,0.4870872037039782,normuon,1.0023712738040875,1.0,0.25,verified-v3-normuon-1e-4,1.0,3907,QuoraRetrieval
6,0.0001,0.10198032124888691,normuon,1.0276285467287296,1.0,0.25,verified-v3-normuon-1e-4,0.8583298984711626,3907,SCIDOCS
6,0.0001,0.2594788575887626,normuon,0.9752626373441113,1.0,0.25,verified-v3-normuon-1e-4,1.0,3907,SciFact
6,0.0001,0.07734926078125076,normuon,0.9940394547943858,1.025318106170117,0.25,verified-v3-normuon-1e-4,0.9341496643973242,3907,TRECCOVID
6,0.0001,0.3007348769997775,normuon,0.9923436226608187,1.0,0.25,verified-v3-normuon-1e-4,1.0,3907,Touche2020
7,0.0001,0.2366481460359628,normuon,0.988960141277743,1.0,0.25,verified-v3-normuon-1e-4,1.0,3907,ArguAna
7,0.0001,0.01811202054332072,normuon,1.7694514735231086,0.9912890672073411,0.25,verified-v3-normuon-1e-4,0.7625247797129165,3907,ClimateFEVER
7,0.0001,0.2933255619789564,normuon,0.9752311300473073,1.0,0.25,verified-v3-normuon-1e-4,1.0,3907,DBPedia
7,0.0001,0.41215850446161323,normuon,0.9951682505050942,1.0,0.25,verified-v3-normuon-1e-4,1.0,3907,FEVER
7,0.0001,0.2290805133536879,normuon,1.0260822874772628,1.0236115350940154,0.25,verified-v3-normuon-1e-4,1.0,3907,FiQA2018
7,0.0001,0.2921691516415085,normuon,0.9637061660927495,1.0,0.25,verified-v3-normuon-1e-4,1.0,3907,HotpotQA
7,0.0001,0.4216893097238504,normuon,0.9752902550211108,1.0,0.25,verified-v3-normuon-1e-4,1.0,3907,MSMARCO
7,0.0001,-0.00571840715504538,normuon,-2.1767101109344473,0.9793009857368983,0.25,verified-v3-normuon-1e-4,0.7041736880392746,3907,NFCorpus
7,0.0001,0.40875950791787713,normuon,0.9634030280282032,1.0,0.25,verified-v3-normuon-1e-4,1.0,3907,NQ
7,0.0001,0.4856450077936495,normuon,0.9994033950737119,1.0,0.25,verified-v3-normuon-1e-4,1.0,3907,QuoraRetrieval
7,0.0001,0.10763028942021359,normuon,1.0845617717849056,1.0022314861235977,0.25,verified-v3-normuon-1e-4,0.86024524972907,3907,SCIDOCS
7,0.0001,0.2557054853422934,normuon,0.961080252686765,1.0,0.25,verified-v3-normuon-1e-4,1.0,3907,SciFact
7,0.0001,0.08991461402318188,normuon,1.1555207250709303,1.0,0.25,verified-v3-normuon-1e-4,0.9110827739955403,3907,TRECCOVID
7,0.0001,0.29903174513194,normuon,0.9867237488887445,1.0,0.25,verified-v3-normuon-1e-4,1.0,3907,Touche2020
8,0.0001,0.24295985527760222,normuon,1.0153369752731685,1.0,0.25,verified-v3-normuon-1e-4,1.0,3907,ArguAna
8,0.0001,0.005236010650736686,normuon,0.5115313743802803,0.9929156092688652,0.25,verified-v3-normuon-1e-4,0.76377595726363,3907,ClimateFEVER
8,0.0001,0.3044193913158337,normuon,1.0121152244568188,1.0,0.25,verified-v3-normuon-1e-4,1.0,3907,DBPedia
8,0.0001,0.4207923947330573,normuon,1.0160150203363016,1.0,0.25,verified-v3-normuon-1e-4,1.0,3907,FEVER
8,0.0001,0.21014937019372643,normuon,0.9412871628559826,1.0236115350940154,0.25,verified-v3-normuon-1e-4,1.0,3907,FiQA2018
8,0.0001,0.3078310278180488,normuon,1.0153661259451596,1.0,0.25,verified-v3-normuon-1e-4,1.0,3907,HotpotQA
8,0.0001,0.4225247613369657,normuon,0.977222501815194,1.0,0.25,verified-v3-normuon-1e-4,1.0,3907,MSMARCO
8,0.0001,-0.0014645047612846952,normuon,-0.5574633346258705,0.9752710842322135,0.25,verified-v3-normuon-1e-4,0.70127595726363,3907,NFCorpus
8,0.0001,0.4267352249699458,normuon,1.0057698963296997,1.0,0.25,verified-v3-normuon-1e-4,1.0,3907,NQ
8,0.0001,0.48815938196926806,normuon,1.0045776973876905,1.0,0.25,verified-v3-normuon-1e-4,1.0,3907,QuoraRetrieval
8,0.0001,0.09340442531565493,normuon,0.9412115265934827,1.0,0.25,verified-v3-normuon-1e-4,0.8583298984711626,3907,SCIDOCS
8,0.0001,0.26837667321186975,normuon,1.0087054666051607,1.0,0.25,verified-v3-normuon-1e-4,1.0,3907,SciFact
8,0.0001,0.08172990125707841,normuon,1.050336430696416,0.9746818938298829,0.25,verified-v3-normuon-1e-4,0.8880158835937564,3907,TRECCOVID
8,0.0001,0.29274252785866084,normuon,0.9659710356852426,1.0,0.25,verified-v3-normuon-1e-4,1.0,3907,Touche2020
9,0.0001,0.23463344959853993,normuon,0.9805406606827728,1.0,0.25,verified-v3-normuon-1e-4,1.0,3907,ArguAna
9,0.0001,0.013257892408944788,normuon,1.295228061535596,0.9643802665532083,0.25,verified-v3-normuon-1e-4,0.7418258453960714,3907,ClimateFEVER
9,0.0001,0.30033316822614453,normuon,0.9985295964791628,1.0,0.25,verified-v3-normuon-1e-4,1.0,3907,DBPedia
9,0.0001,0.4101222595390751,normuon,0.9902516801196083,1.0,0.25,verified-v3-normuon-1e-4,1.0,3907,FEVER
9,0.0001,0.21404499459581944,normuon,0.9587361860798843,0.9763884649059846,0.25,verified-v3-normuon-1e-4,0.9538662191964322,3907,FiQA2018
9,0.0001,0.2999270811506364,normuon,0.989295330664213,1.0,0.25,verified-v3-normuon-1e-4,1.0,3907,HotpotQA
9,0.0001,0.42437005650736737,normuon,0.9814903320774997,1.0,0.25,verified-v3-normuon-1e-4,1.0,3907,MSMARCO
9,0.0001,-0.0074143137743639745,normuon,-2.822256499182513,0.9331776191146455,0.25,verified-v3-normuon-1e-4,0.6710083367813671,3907,NFCorpus
9,0.0001,0.4176343175293137,normuon,0.9843200178161191,1.0,0.25,verified-v3-normuon-1e-4,1.0,3907,NQ
9,0.0001,0.49366057298485544,normuon,1.015898536456756,1.0,0.25,verified-v3-normuon-1e-4,1.0,3907,QuoraRetrieval
9,0.0001,0.09263682411025964,normuon,0.9334766136072561,1.0022314861235977,0.25,verified-v3-normuon-1e-4,0.86024524972907,3907,SCIDOCS
9,0.0001,0.2613574888769419,normuon,0.9823235552228643,1.0,0.25,verified-v3-normuon-1e-4,1.0,3907,SciFact
9,0.0001,0.0771080338878774,normuon,0.9909393728136576,1.025318106170117,0.25,verified-v3-normuon-1e-4,0.9341496643973242,3907,TRECCOVID
9,0.0001,0.2995561465062346,normuon,0.9884541313594687,1.0,0.25,verified-v3-normuon-1e-4,1.0,3907,Touche2020
10,0.0001,0.2416186145986867,normuon,1.0097318877475463,1.0,0.25,verified-v3-normuon-1e-4,1.0,3907,ArguAna
10,0.0001,0.019564923668741557,normuon,1.911392653968064,0.9773406155790818,0.25,verified-v3-normuon-1e-4,0.7517952757195572,3907,ClimateFEVER
10,0.0001,0.3043243364686184,normuon,1.0117991918361333,1.0,0.25,verified-v3-normuon-1e-4,1.0,3907,DBPedia
10,0.0001,0.3995185515041084,normuon,0.9646487301384865,1.0,0.25,verified-v3-normuon-1e-4,1.0,3907,FEVER
10,0.0001,0.21768145124281016,normuon,0.9750243622325857,1.0,0.25,verified-v3-normuon-1e-4,0.9769331095982161,3907,FiQA2018
10,0.0001,0.3064509447528401,normuon,1.0108139870482589,1.0,0.25,verified-v3-normuon-1e-4,1.0,3907,HotpotQA
10,0.0001,0.4277653870394956,normuon,0.9893431106616399,1.0,0.25,verified-v3-normuon-1e-4,1.0,3907,MSMARCO
10,0.0001,-0.012490570422666354,normuon,-4.754532196324668,0.9217972914596323,0.25,verified-v3-normuon-1e-4,0.6628252271831511,3907,NFCorpus
10,0.0001,0.427259032050844,normuon,1.00700445434747,1.0,0.25,verified-v3-normuon-1e-4,1.0,3907,NQ
10,0.0001,0.48191150739383437,normuon,0.9917202666255559,1.0,0.25,verified-v3-normuon-1e-4,1.0,3907,QuoraRetrieval
10,0.0001,0.10313774786319233,normuon,1.0392916265762722,0.9990404235353006,0.25,verified-v3-normuon-1e-4,0.8575062653016419,3907,SCIDOCS
10,0.0001,0.25376137848598573,normuon,0.9537732420209237,1.0,0.25,verified-v3-normuon-1e-4,1.0,3907,SciFact
10,0.0001,0.07749681720223137,normuon,0.9959357483436905,1.025318106170117,0.25,verified-v3-normuon-1e-4,0.9341496643973242,3907,TRECCOVID
10,0.0001,0.29932790763151934,normuon,0.9877010049046109,1.0,0.25,verified-v3-normuon-1e-4,1.0,3907,Touche2020
11,0.0001,0.23282507014559578,normuon,0.9729833853386607,1.0,0.25,verified-v3-normuon-1e-4,1.0,3907,ArguAna
11,0.0001,0.006517985341875598,normuon,0.6367737238370673,0.9425156441549426,0.25,verified-v3-normuon-1e-4,0.7250070213726079,3907,ClimateFEVER
11,0.0001,0.3018437930285136,normuon,1.003552030675326,1.0,0.25,verified-v3-normuon-1e-4,1.0,3907,DBPedia
11,0.0001,0.4069877229260318,normuon,0.9826832536924471,1.0,0.25,verified-v3-normuon-1e-4,1.0,3907,FEVER
11,0.0001,0.22248493426402496,normuon,0.9965398057511556,1.0,0.25,verified-v3-normuon-1e-4,0.9769331095982161,3907,FiQA2018
11,0.0001,0.2988993438719264,normuon,0.9859053877251602,1.0,0.25,verified-v3-normuon-1e-4,1.0,3907,HotpotQA
11,0.0001,0.4125998307469045,normuon,0.9542679524276685,1.0,0.25,verified-v3-normuon-1e-4,1.0,3907,MSMARCO
11,0.0001,0.012894409914941314,normuon,4.908253587998214,1.0403609067048614,0.25,verified-v3-normuon-1e-4,0.7480792802582421,3907,NFCorpus
11,0.0001,0.42911032978162666,normuon,1.011367767750754,1.0,0.25,verified-v3-normuon-1e-4,1.0,3907,NQ
11,0.0001,0.4927558324949782,normuon,1.0140366811864798,1.0,0.25,verified-v3-normuon-1e-4,1.0,3907,QuoraRetrieval
11,0.0001,0.09902500641557196,normuon,0.9978486259548631,0.9968089374117028,0.25,verified-v3-normuon-1e-4,0.8555909140437343,3907,SCIDOCS
11,0.0001,0.26786468443531364,normuon,1.0067811343911424,1.0,0.25,verified-v3-normuon-1e-4,1.0,3907,SciFact
11,0.0001,0.0716799929734635,normuon,0.9211819274720014,1.025318106170117,0.25,verified-v3-normuon-1e-4,0.9341496643973242,3907,TRECCOVID
11,0.0001,0.2986793202253344,normuon,0.9855608421716192,1.0,0.25,verified-v3-normuon-1e-4,1.0,3907,Touche2020
12,0.0001,0.23864479919876236,normuon,0.9973042184532508,1.0,0.25,verified-v3-normuon-1e-4,1.0,3907,ArguAna
12,0.0001,0.01179892381485587,normuon,1.1526943159239504,0.9849994384988592,0.25,verified-v3-normuon-1e-4,0.757686637233526,3907,ClimateFEVER
12,0.0001,0.2911275908477424,normuon,0.9679234482495003,1.0,0.25,verified-v3-normuon-1e-4,1.0,3907,DBPedia
12,0.0001,0.4195254516387632,normuon,1.0129559507575114,1.0,0.25,verified-v3-normuon-1e-4,1.0,3907,FEVER
12,0.0001,0.22402030855893237,normuon,1.0034169527663626,1.0,0.25,verified-v3-normuon-1e-4,0.9769331095982161,3907,FiQA2018
12,0.0001,0.3018667456670279,normuon,0.995693222584341,1.0,0.25,verified-v3-normuon-1e-4,1.0,3907,HotpotQA
12,0.0001,0.4266689820233246,normuon,0.9868073263693415,1.0,0.25,verified-v3-normuon-1e-4,1.0,3907,MSMARCO
12,0.0001,-0.008801338358352041,normuon,-3.3502270256284405,0.9607845277078376,0.25,verified-v3-normuon-1e-4,0.6908592905969635,3907,NFCorpus
12,0.0001,0.4193828663623831,normuon,0.988441162909514,1.0,0.25,verified-v3-normuon-1e-4,1.0,3907,NQ
12,0.0001,0.4841180978989028,normuon,0.9962611843883508,1.0,0.25,verified-v3-normuon-1e-4,1.0,3907,QuoraRetrieval
12,0.0001,0.10664367427777018,normuon,1.074619913663717,1.0197797727912308,0.25,verified-v3-normuon-1e-4,0.8753074688428424,3907,SCIDOCS
12,0.0001,0.2719347392454519,normuon,1.0220786134426396,1.0,0.25,verified-v3-normuon-1e-4,1.0,3907,SciFact
12,0.0001,0.07462951462969639,normuon,0.9590871494411901,1.0163363650684505,0.25,verified-v3-normuon-1e-4,0.925966554799108,3907,TRECCOVID
12,0.0001,0.3033826463448317,normuon,1.0010805441980013,1.0,0.25,verified-v3-normuon-1e-4,1.0,3907,Touche2020
13,0.0001,0.2371187420800827,normuon,0.9909267771380842,1.0,0.25,verified-v3-normuon-1e-4,1.0,3907,ArguAna
13,0.0001,0.021447317930814766,normuon,2.0952929147263926,1.0573140751270282,0.25,verified-v3-normuon-1e-4,0.8133128962018201,3907,ClimateFEVER
13,0.0001,0.30743887298848366,normuon,1.0221542149352103,1.0,0.25,verified-v3-normuon-1e-4,1.0,3907,DBPedia
13,0.0001,0.4093348064510372,normuon,0.9883503525878589,1.0,0.25,verified-v3-normuon-1e-4,1.0,3907,FEVER
13,0.0001,0.23313093828514728,normuon,1.0442246829961257,0.9763884649059846,0.25,verified-v3-normuon-1e-4,0.9538662191964322,3907,FiQA2018
13,0.0001,0.28984791548478084,normuon,0.9560496781143724,1.0,0.25,verified-v3-normuon-1e-4,1.0,3907,HotpotQA
13,0.0001,0.440552621755509,normuon,1.0189176460354736,1.0,0.25,verified-v3-normuon-1e-4,1.0,3907,MSMARCO
13,0.0001,-0.0069089481219699895,normuon,-2.629889202580625,0.976824198666895,0.25,verified-v3-normuon-1e-4,0.7023927357978553,3907,NFCorpus
13,0.0001,0.41674671777855443,normuon,0.9822280388627382,1.0,0.25,verified-v3-normuon-1e-4,1.0,3907,NQ
13,0.0001,0.483885204201682,normuon,0.9957819150703129,1.0,0.25,verified-v3-normuon-1e-4,1.0,3907,QuoraRetrieval
13,0.0001,0.09717310060808806,normuon,0.9791874641707318,0.9970333150462557,0.25,verified-v3-normuon-1e-4,0.8557835040760193,3907,SCIDOCS
13,0.0001,0.27146906755494465,normuon,1.0203283660227116,1.0,0.25,verified-v3-normuon-1e-4,1.0,3907,SciFact
13,0.0001,0.07641510094524571,normuon,0.9820342756279113,0.9746818938298829,0.25,verified-v3-normuon-1e-4,0.8880158835937564,3907,TRECCOVID
13,0.0001,0.30725095758504745,normuon,1.0138449233348386,1.0,0.25,verified-v3-normuon-1e-4,1.0,3907,Touche2020
14,0.0001,0.23596500942602544,normuon,0.986105291621862,1.0,0.25,verified-v3-normuon-1e-4,1.0,3907,ArguAna
14,0.0001,0.006427519818917376,normuon,0.6279357064265528,0.9262449595283638,0.25,verified-v3-normuon-1e-4,0.7124911966539789,3907,ClimateFEVER
14,0.0001,0.2957223858842628,normuon,0.9831999455502128,1.0,0.25,verified-v3-normuon-1e-4,1.0,3907,DBPedia
14,0.0001,0.4022251566955216,normuon,0.9711839041649576,1.0,0.25,verified-v3-normuon-1e-4,1.0,3907,FEVER
14,0.0001,0.21956604894376558,normuon,0.983465727635784,1.0,0.25,verified-v3-normuon-1e-4,0.9769331095982161,3907,FiQA2018
14,0.0001,0.3080653344960135,normuon,1.0161389754709997,1.0,0.25,verified-v3-normuon-1e-4,1.0,3907,HotpotQA
14,0.0001,0.4245843482171284,normuon,0.9819859496125959,1.0,0.25,verified-v3-normuon-1e-4,1.0,3907,MSMARCO
14,0.0001,0.0028326675392328984,normuon,1.0782541197899573,0.9870665579103054,0.25,verified-v3-normuon-1e-4,0.7097575807104011,3907,NFCorpus
14,0.0001,0.42180943234165114,normuon,0.9941603228724102,1.0,0.25,verified-v3-normuon-1e-4,1.0,3907,NQ
14,0.0001,0.48135367880677415,normuon,0.9905723174552146,1.0,0.25,verified-v3-normuon-1e-4,1.0,3907,QuoraRetrieval
14,0.0001,0.08997803461314055,normuon,0.9066846997014943,0.9916107663343608,0.25,verified-v3-normuon-1e-4,0.8511291683906836,3907,SCIDOCS
14,0.0001,0.2536692259502595,normuon,0.953426882684115,1.0,0.25,verified-v3-normuon-1e-4,1.0,3907,SciFact
14,0.0001,0.07785904208386636,normuon,1.0005908131783978,1.0265438768312476,0.25,verified-v3-normuon-1e-4,0.9352664429315494,3907,TRECCOVID
14,0.0001,0.2936828940216679,normuon,0.9690739892705921,1.0,0.25,verified-v3-normuon-1e-4,1.0,3907,Touche2020
15,0.0001,0.23645114981177362,normuon,0.9881368877810699,1.0,0.25,verified-v3-normuon-1e-4,1.0,3907,ArguAna
15,0.0001,0.007326310967380626,normuon,0.7157429898952277,0.9806509511797872,0.25,verified-v3-normuon-1e-4,0.7543416701147005,3907,ClimateFEVER
15,0.0001,0.29686730531067185,normuon,0.9870065045779941,1.0,0.25,verified-v3-normuon-1e-4,1.0,3907,DBPedia
15,0.0001,0.40958316582800547,normuon,0.9889500232582407,1.0,0.25,verified-v3-normuon-1e-4,1.0,3907,FEVER
15,0.0001,0.22222602703508326,normuon,0.9953801256115066,1.0,0.25,verified-v3-normuon-1e-4,0.9769331095982161,3907,FiQA2018
15,0.0001,0.29743321681515905,normuon,0.9810694367804974,1.0,0.25,verified-v3-normuon-1e-4,1.0,3907,HotpotQA
15,0.0001,0.4294086427240628,normuon,0.9931436605421099,1.0,0.25,verified-v3-normuon-1e-4,1.0,3907,MSMARCO
15,0.0001,-0.014575912820971633,normuon,-5.548317206744299,0.997515746928901,0.25,verified-v3-normuon-1e-4,0.7172711481175729,3907,NFCorpus
15,0.0001,0.41077520817336133,normuon,0.9681538208345221,1.0,0.25,verified-v3-normuon-1e-4,1.0,3907,NQ
15,0.0001,0.4809021641368685,normuon,0.9896431504983063,1.0,0.25,verified-v3-normuon-1e-4,1.0,3907,QuoraRetrieval
15,0.0001,0.09428553443415384,normuon,0.9500902286005364,0.9983344214579214,0.25,verified-v3-normuon-1e-4,0.8569002826102445,3907,SCIDOCS
15,0.0001,0.25611550424623497,normuon,0.9626213266738131,1.0,0.25,verified-v3-normuon-1e-4,1.0,3907,SciFact
15,0.0001,0.07961437764625018,normuon,1.0231491775090904,1.0,0.25,verified-v3-normuon-1e-4,0.9110827739955403,3907,TRECCOVID
15,0.0001,0.29718595390389896,normuon,0.9806331378755392,1.0,0.25,verified-v3-normuon-1e-4,1.0,3907,Touche2020
16,0.0001,0.24231604125770445,normuon,1.012646455973778,1.0,0.25,verified-v3-normuon-1e-4,1.0,3907,ArguAna
16,0.0001,0.006689749818314966,normuon,0.6535542318542497,1.0124966294961495,0.25,verified-v3-normuon-1e-4,0.7788381763774024,3907,ClimateFEVER
16,0.0001,0.2980288319714257,normuon,0.9908682783364923,1.0,0.25,verified-v3-normuon-1e-4,1.0,3907,DBPedia
16,0.0001,0.4154594360928354,normuon,1.0031384423631304,1.0,0.25,verified-v3-normuon-1e-4,1.0,3907,FEVER
16,0.0001,0.2231620118948504,normuon,0.9995725271034273,1.0,0.25,verified-v3-normuon-1e-4,0.9769331095982161,3907,FiQA2018
16,0.0001,0.3036561629915161,normuon,1.0015955312286102,1.0,0.25,verified-v3-normuon-1e-4,1.0,3907,HotpotQA
16,0.0001,0.42438346604495897,normuon,0.9815213458856182,1.0,0.25,verified-v3-normuon-1e-4,1.0,3907,MSMARCO
16,0.0001,-0.005749375790264277,normuon,-2.1884983134137577,0.9520678971019484,0.25,verified-v3-normuon-1e-4,0.6845915322566547,3907,NFCorpus
16,0.0001,0.42322712623311726,normuon,0.9975016777801227,1.0,0.25,verified-v3-normuon-1e-4,1.0,3907,NQ
16,0.0001,0.48169990978750377,normuon,0.9912848222932503,1.0,0.25,verified-v3-normuon-1e-4,1.0,3907,QuoraRetrieval
16,0.0001,0.09126245967470811,normuon,0.9196275090909581,0.9951433588696244,0.25,verified-v3-normuon-1e-4,0.8541612981828164,3907,SCIDOCS
16,0.0001,0.2625016715553875,normuon,0.9866240158729294,0.9769331095982161,0.25,verified-v3-normuon-1e-4,0.9769331095982161,3907,SciFact
16,0.0001,0.07398663044839039,normuon,0.9508252444840293,1.0,0.25,verified-v3-normuon-1e-4,0.9110827739955403,3907,TRECCOVID
16,0.0001,0.29690633540131117,normuon,0.9797104725678464,1.0,0.25,verified-v3-normuon-1e-4,1.0,3907,Touche2020
17,0.0001,0.2344955666314529,normuon,0.979964443370724,1.0,0.25,verified-v3-normuon-1e-4,1.0,3907,ArguAna
17,0.0001,0.0013981063818858802,normuon,0.13658781976604706,0.965418418271575,0.25,verified-v3-normuon-1e-4,0.7426244181197537,3907,ClimateFEVER
17,0.0001,0.29722925616173645,normuon,0.9882098969285409,0.9769331095982161,0.25,verified-v3-normuon-1e-4,0.9769331095982161,3907,DBPedia
17,0.0001,0.42216661669498834,normuon,1.0193331177450813,1.0,0.25,verified-v3-normuon-1e-4,1.0,3907,FEVER
17,0.0001,0.21744344208694466,normuon,0.9739582873599756,1.0,0.25,verified-v3-normuon-1e-4,0.9769331095982161,3907,FiQA2018
17,0.0001,0.3072595887526003,normuon,1.0134812611405593,1.0,0.25,verified-v3-normuon-1e-4,1.0,3907,HotpotQA
17,0.0001,0.4224063381330678,normuon,0.9769486106017657,1.0,0.25,verified-v3-normuon-1e-4,1.0,3907,MSMARCO
17,0.0001,0.003475390940569676,normuon,1.3229066057518177,1.0042168114838057,0.25,verified-v3-normuon-1e-4,0.7220895986349751,3907,NFCorpus
17,0.0001,0.4291862592109188,normuon,1.0115467254035535,1.0,0.25,verified-v3-normuon-1e-4,1.0,3907,NQ
17,0.0001,0.49310860034106907,normuon,1.014762638166163,1.0,0.25,verified-v3-normuon-1e-4,1.0,3907,QuoraRetrieval
17,0.0001,0.09987646790236829,normuon,1.0064285766704189,1.0,0.25,verified-v3-normuon-1e-4,0.8583298984711626,3907,SCIDOCS
17,0.0001,0.2770564394390638,normuon,1.0413287476729365,0.9769331095982161,0.25,verified-v3-normuon-1e-4,0.9769331095982161,3907,SciFact
17,0.0001,0.06737051554098861,normuon,0.8657994900167694,1.0,0.25,verified-v3-normuon-1e-4,0.9110827739955403,3907,TRECCOVID
17,0.0001,0.29533241861310755,normuon,0.974516973553185,1.0,0.25,verified-v3-normuon-1e-4,1.0,3907,Touche2020
18,0.0001,0.24144169910598956,normuon,1.0089925522674983,1.0,0.25,verified-v3-normuon-1e-4,1.0,3907,ArguAna
18,0.0001,0.017901526611375576,normuon,1.74888729642552,1.0031470339599335,0.25,verified-v3-normuon-1e-4,0.7716462295351534,3907,ClimateFEVER
18,0.0001,0.2970522059508462,normuon,0.9876212510700733,0.9769331095982161,0.25,verified-v3-normuon-1e-4,0.9769331095982161,3907,DBPedia
18,0.0001,0.40861438418686147,normuon,0.9866108728573576,1.0,0.25,verified-v3-normuon-1e-4,1.0,3907,FEVER
18,0.0001,0.20617594834101116,normuon,0.9234896744356058,1.0236115350940154,0.25,verified-v3-normuon-1e-4,1.0,3907,FiQA2018
18,0.0001,0.30128968843397463,normuon,0.9937898265188857,1.0,0.25,verified-v3-normuon-1e-4,1.0,3907,HotpotQA
18,0.0001,0.43744162512350393,normuon,1.0117224797634496,1.0,0.25,verified-v3-normuon-1e-4,1.0,3907,MSMARCO
18,0.0001,0.002384980582223458,normuon,0.9078422027238331,0.9502469458939493,0.25,verified-v3-normuon-1e-4,0.6832821636901446,3907,NFCorpus
18,0.0001,0.4205895522835323,normuon,0.9912851942966633,1.0,0.25,verified-v3-normuon-1e-4,1.0,3907,NQ
18,0.0001,0.4837966257980957,normuon,0.9955996305706193,1.0,0.25,verified-v3-normuon-1e-4,1.0,3907,QuoraRetrieval
18,0.0001,0.0872489104068854,normuon,0.879184041657168,0.9968089374117028,0.25,verified-v3-normuon-1e-4,0.8555909140437343,3907,SCIDOCS
18,0.0001,0.26852497493893435,normuon,1.0092628651339028,0.9769331095982161,0.25,verified-v3-normuon-1e-4,0.9769331095982161,3907,SciFact
18,0.0001,0.0695689404669568,normuon,0.8940521338396503,0.9746818938298829,0.25,verified-v3-normuon-1e-4,0.8880158835937564,3907,TRECCOVID
18,0.0001,0.3068949594752846,normuon,1.012670226015303,1.0,0.25,verified-v3-normuon-1e-4,1.0,3907,Touche2020
19,0.0001,0.24115336755206845,normuon,1.0077876055181698,1.0,0.25,verified-v3-normuon-1e-4,1.0,3907,ArguAna
19,0.0001,0.0030337983504709898,normuon,0.2963865322907066,0.9689791226452518,0.25,verified-v3-normuon-1e-4,0.7453634025471818,3907,ClimateFEVER
19,0.0001,0.3075958088424735,normuon,1.0226759857934977,1.0,0.25,verified-v3-normuon-1e-4,1.0,3907,DBPedia
19,0.0001,0.4095637393479171,normuon,0.9889031174780767,1.0,0.25,verified-v3-normuon-1e-4,1.0,3907,FEVER
19,0.0001,0.22071272005367523,normuon,0.9886018210477261,1.0236115350940154,0.25,verified-v3-normuon-1e-4,1.0,3907,FiQA2018
19,0.0001,0.3044991886609709,normuon,1.0043762116367352,1.0,0.25,verified-v3-normuon-1e-4,1.0,3907,HotpotQA
19,0.0001,0.4306152840748143,normuon,0.9959344013163166,1.0,0.25,verified-v3-normuon-1e-4,1.0,3907,MSMARCO
19,0.0001,-0.002313875601528192,normuon,-0.8807761113769401,1.0102697450405707,0.25,verified-v3-normuon-1e-4,0.7264420057173764,3907,NFCorpus
19,0.0001,0.40960695329232366,normuon,0.9654003673536883,1.0,0.25,verified-v3-normuon-1e-4,1.0,3907,NQ
19,0.0001,0.4826808615704218,normuon,0.9933035119256338,1.0,0.25,verified-v3-normuon-1e-4,1.0,3907,QuoraRetrieval
19,0.0001,0.09675793611984197,normuon,0.9750039621530386,0.9983344214579214,0.25,verified-v3-normuon-1e-4,0.8569002826102445,3907,SCIDOCS
19,0.0001,0.24635113716421186,normuon,0.9259215258464862,0.9769331095982161,0.25,verified-v3-normuon-1e-4,0.9769331095982161,3907,SciFact
19,0.0001,0.07342286880395044,normuon,0.9435801679052377,1.0,0.25,verified-v3-normuon-1e-4,0.9110827739955403,3907,TRECCOVID
19,0.0001,0.29903694459459396,normuon,0.9867409057069274,1.0,0.25,verified-v3-normuon-1e-4,1.0,3907,Touche2020
0,0.0001,0.23181098135365685,normuon,0.9687454759709208,1.0,0.5,verified-v3-normuon-1e-4,1.0,3907,ArguAna
0,0.0001,-0.0009204663139949585,normuon,-0.08992483592491267,1.016688794251707,0.5,verified-v3-normuon-1e-4,0.78206289620182,3907,ClimateFEVER
0,0.0001,0.28008767735936946,normuon,0.9312186099999689,0.9769331095982161,0.5,verified-v3-normuon-1e-4,0.9769331095982161,3907,DBPedia
0,0.0001,0.4127532597018757,normuon,0.9966043036873617,1.0,0.5,verified-v3-normuon-1e-4,1.0,3907,FEVER
0,0.0001,0.2100590950736012,normuon,0.9408828085073552,1.0236115350940154,0.5,verified-v3-normuon-1e-4,1.0,3907,FiQA2018
0,0.0001,0.30497371535630935,normuon,1.005941415559545,0.9769331095982161,0.5,verified-v3-normuon-1e-4,0.9769331095982161,3907,HotpotQA
0,0.0001,0.4321618499327404,normuon,0.999511325310362,1.0,0.5,verified-v3-normuon-1e-4,1.0,3907,MSMARCO
0,0.0001,-0.012279894327141525,normuon,-4.674338398501706,0.9340325798879711,0.5,verified-v3-normuon-1e-4,0.6716231027109945,3907,NFCorpus
0,0.0001,0.4188515502485819,normuon,0.9871889068935412,1.0,0.5,verified-v3-normuon-1e-4,1.0,3907,NQ
0,0.0001,0.48485517645685283,normuon,0.9977780100561321,1.0,0.5,verified-v3-normuon-1e-4,1.0,3907,QuoraRetrieval
0,0.0001,0.07142851992682604,normuon,0.7197661786948872,1.002081158687879,0.5,verified-v3-normuon-1e-4,0.8601162191964322,3907,SCIDOCS
0,0.0001,0.27689703251778935,normuon,1.0407296097859515,1.0,0.5,verified-v3-normuon-1e-4,1.0,3907,SciFact
0,0.0001,0.057079176145649294,normuon,0.7335422803379563,0.9150639403879821,0.5,verified-v3-normuon-1e-4,0.8336989931919725,3907,TRECCOVID
0,0.0001,0.3137355626427696,normuon,1.035242363294918,1.0,0.5,verified-v3-normuon-1e-4,1.0,3907,Touche2020
1,0.0001,0.24506482511341826,normuon,1.024133711275899,1.0,0.5,verified-v3-normuon-1e-4,1.0,3907,ArguAna
1,0.0001,0.00524489185937671,normuon,0.5123990228945458,1.0148302807831118,0.5,verified-v3-normuon-1e-4,0.780633280340902,3907,ClimateFEVER
1,0.0001,0.28773702594551614,normuon,0.9566507026395077,1.0,0.5,verified-v3-normuon-1e-4,1.0,3907,DBPedia
1,0.0001,0.3929627884079558,normuon,0.9488196565648471,1.0,0.5,verified-v3-normuon-1e-4,1.0,3907,FEVER
1,0.0001,0.22568106724225637,normuon,1.010855713243129,0.9763884649059846,0.5,verified-v3-normuon-1e-4,0.9538662191964322,3907,FiQA2018
1,0.0001,0.29543931892663716,normuon,0.9744926586403959,0.9769331095982161,0.5,verified-v3-normuon-1e-4,0.9769331095982161,3907,HotpotQA
1,0.0001,0.40662738946353694,normuon,0.9404547879768821,1.0,0.5,verified-v3-normuon-1e-4,1.0,3907,MSMARCO
1,0.0001,-0.027750745224085258,normuon,-10.563313537745607,0.7965174407945383,0.5,verified-v3-normuon-1e-4,0.5727418148668993,3907,NFCorpus
1,0.0001,0.4251494877111692,normuon,1.002032480937103,1.0,0.5,verified-v3-normuon-1e-4,1.0,3907,NQ
1,0.0001,0.49437593156240844,normuon,1.0173706648213605,1.0,0.5,verified-v3-normuon-1e-4,1.0,3907,QuoraRetrieval
1,0.0001,0.07912741175939976,normuon,0.7973458619949707,1.0683299109429396,0.5,verified-v3-normuon-1e-4,0.9169795039933595,3907,SCIDOCS
1,0.0001,0.25602038126554316,normuon,0.962263802789657,0.9769331095982161,0.5,verified-v3-normuon-1e-4,0.9769331095982161,3907,SciFact
1,0.0001,0.07029862723675717,normuon,0.9034295659120052,0.9959154491212194,0.5,verified-v3-normuon-1e-4,0.907361410050375,3907,TRECCOVID
1,0.0001,0.26930203203377695,normuon,0.8886237496774135,1.0,0.5,verified-v3-normuon-1e-4,1.0,3907,Touche2020
2,0.0001,0.23002845730207305,normuon,0.9612962511727793,1.0,0.5,verified-v3-normuon-1e-4,1.0,3907,ArguAna
2,0.0001,-0.006982960728756952,normuon,-0.6821994333265919,0.9597858496725502,0.5,verified-v3-normuon-1e-4,0.7382917029993408,3907,ClimateFEVER
2,0.0001,0.2817387979200224,normuon,0.9367081560161644,1.0,0.5,verified-v3-normuon-1e-4,1.0,3907,DBPedia
2,0.0001,0.3957645523662091,normuon,0.9555845940985402,1.0,0.5,verified-v3-normuon-1e-4,1.0,3907,FEVER
2,0.0001,0.20796498280343667,normuon,0.9315029992998949,1.0,0.5,verified-v3-normuon-1e-4,0.9769331095982161,3907,FiQA2018
2,0.0001,0.316380095836841,normuon,1.043564823575515,1.0,0.5,verified-v3-normuon-1e-4,1.0,3907,HotpotQA
2,0.0001,0.42120489428123864,normuon,0.9741698906920498,1.0,0.5,verified-v3-normuon-1e-4,1.0,3907,MSMARCO
2,0.0001,-0.008390794880117972,normuon,-3.19395376354324,1.0499324980840758,0.5,verified-v3-normuon-1e-4,0.7549618045281781,3907,NFCorpus
2,0.0001,0.42345087917495583,normuon,0.9980290398537183,1.0,0.5,verified-v3-normuon-1e-4,1.0,3907,NQ
2,0.0001,0.47551728429408374,normuon,0.978561666882542,1.0,0.5,verified-v3-normuon-1e-4,1.0,3907,QuoraRetrieval
2,0.0001,0.0992841342206138,normuon,1.0004597878579744,0.9951433588696244,0.5,verified-v3-normuon-1e-4,0.8541612981828164,3907,SCIDOCS
2,0.0001,0.2619546771857774,normuon,0.984568113606072,1.0,0.5,verified-v3-normuon-1e-4,1.0,3907,SciFact
2,0.0001,0.0751957640806479,normuon,0.9663641975967415,1.0,0.5,verified-v3-normuon-1e-4,0.9110827739955403,3907,TRECCOVID
2,0.0001,0.29294307703083833,normuon,0.9666327936230835,1.0,0.5,verified-v3-normuon-1e-4,1.0,3907,Touche2020
3,0.0001,0.23699810187026898,normuon,0.9904226178579898,1.0,0.5,verified-v3-normuon-1e-4,1.0,3907,ArguAna
3,0.0001,-0.003605454931724256,normuon,-0.3522344470845532,0.9806509511797872,0.5,verified-v3-normuon-1e-4,0.7543416701147005,3907,ClimateFEVER
3,0.0001,0.30018222687267393,normuon,0.9980277557745107,1.0,0.5,verified-v3-normuon-1e-4,1.0,3907,DBPedia
3,0.0001,0.40677430196534675,normuon,0.9821679428065454,1.0,0.5,verified-v3-normuon-1e-4,1.0,3907,FEVER
3,0.0001,0.2250539761642128,normuon,1.00804688835272,1.0236115350940154,0.5,verified-v3-normuon-1e-4,1.0,3907,FiQA2018
3,0.0001,0.3101428533781526,normuon,1.022991573514438,1.0,0.5,verified-v3-normuon-1e-4,1.0,3907,HotpotQA
3,0.0001,0.43049113432283687,normuon,0.9956472656444492,1.0,0.5,verified-v3-normuon-1e-4,1.0,3907,MSMARCO
3,0.0001,0.010107102583193648,normuon,3.8472658187128848,1.0859882005098391,0.5,verified-v3-normuon-1e-4,0.7808879266517981,3907,NFCorpus
3,0.0001,0.4174608225605406,normuon,0.9839111084818384,1.0,0.5,verified-v3-normuon-1e-4,1.0,3907,NQ
3,0.0001,0.48276706927734625,normuon,0.9934809177953519,1.0,0.5,verified-v3-normuon-1e-4,1.0,3907,QuoraRetrieval
3,0.0001,0.09031977078425397,normuon,0.9101282841164606,1.0063489500532892,0.5,verified-v3-normuon-1e-4,0.8637793921258008,3907,SCIDOCS
3,0.0001,0.2730284983657356,normuon,1.026189554943537,0.9769331095982161,0.5,verified-v3-normuon-1e-4,0.9769331095982161,3907,SciFact
3,0.0001,0.0775910422296349,normuon,0.9971466635343744,1.025318106170117,0.5,verified-v3-normuon-1e-4,0.9341496643973242,3907,TRECCOVID
3,0.0001,0.29835589400767015,normuon,0.9844936232720279,1.0,0.5,verified-v3-normuon-1e-4,1.0,3907,Touche2020
4,0.0001,0.22977936171993918,normuon,0.9602552727995055,1.0,0.5,verified-v3-normuon-1e-4,1.0,3907,ArguAna
4,0.0001,-4.8967634626950404e-05,normuon,-0.004783886648005791,0.9843607757553021,0.5,verified-v3-normuon-1e-4,0.7571953615966287,3907,ClimateFEVER
4,0.0001,0.30310075356245103,normuon,1.0077310972171796,0.9769331095982161,0.5,verified-v3-normuon-1e-4,0.9769331095982161,3907,DBPedia
4,0.0001,0.4069262214546888,normuon,0.9825347566676925,1.0,0.5,verified-v3-normuon-1e-4,1.0,3907,FEVER
4,0.0001,0.21680333288779233,normuon,0.9710911525623187,1.0,0.5,verified-v3-normuon-1e-4,0.9769331095982161,3907,FiQA2018
4,0.0001,0.29491791223652,normuon,0.9727728232659739,1.0,0.5,verified-v3-normuon-1e-4,1.0,3907,HotpotQA
4,0.0001,0.4137638625388389,normuon,0.9569601450847502,1.0,0.5,verified-v3-normuon-1e-4,1.0,3907,MSMARCO
4,0.0001,-0.01804185714382506,normuon,-6.867627960060365,0.8928363933430803,0.5,verified-v3-normuon-1e-4,0.6420006770880478,3907,NFCorpus
4,0.0001,0.4016214032550296,normuon,0.9465792685477237,1.0,0.5,verified-v3-normuon-1e-4,1.0,3907,NQ
4,0.0001,0.47046259364339166,normuon,0.9681596758885452,1.0,0.5,verified-v3-normuon-1e-4,1.0,3907,QuoraRetrieval
4,0.0001,0.10868196925645637,normuon,1.0951592695031616,1.033597809738086,0.5,verified-v3-normuon-1e-4,0.8871679030925075,3907,SCIDOCS
4,0.0001,0.2507100634197106,normuon,0.9423047408622682,1.0,0.5,verified-v3-normuon-1e-4,1.0,3907,SciFact
4,0.0001,0.08004842224060811,normuon,1.0287272198533115,0.9774768038729915,0.5,verified-v3-normuon-1e-4,0.8905622779888998,3907,TRECCOVID
4,0.0001,0.2855075427290028,normuon,0.9420975447716252,1.0,0.5,verified-v3-normuon-1e-4,1.0,3907,Touche2020
5,0.0001,0.22540490219815995,normuon,0.9419742670991054,1.0,0.5,verified-v3-normuon-1e-4,1.0,3907,ArguAna
5,0.0001,0.0038479093227379007,normuon,0.375920997042639,0.9779220268449819,0.5,verified-v3-normuon-1e-4,0.7522425120627381,3907,ClimateFEVER
5,0.0001,0.2900433897841118,normuon,0.9643187619707134,1.0,0.5,verified-v3-normuon-1e-4,1.0,3907,DBPedia
5,0.0001,0.3903908778818799,normuon,0.9426097065796251,1.0,0.5,verified-v3-normuon-1e-4,1.0,3907,FEVER
5,0.0001,0.21759322550381274,normuon,0.9746291873363907,1.0236115350940154,0.5,verified-v3-normuon-1e-4,1.0,3907,FiQA2018
5,0.0001,0.2830444300522392,normuon,0.9336087023117405,1.0,0.5,verified-v3-normuon-1e-4,1.0,3907,HotpotQA
5,0.0001,0.42031399996582464,normuon,0.9721094150668887,1.0,0.5,verified-v3-normuon-1e-4,1.0,3907,MSMARCO
5,0.0001,-0.016817291649441457,normuon,-6.401497441394092,0.8794482045009467,0.5,verified-v3-normuon-1e-4,0.6323737999068332,3907,NFCorpus
5,0.0001,0.40258463627368035,normuon,0.9488495071327337,1.0,0.5,verified-v3-normuon-1e-4,1.0,3907,NQ
5,0.0001,0.4836268432690032,normuon,0.9952502370150875,1.0,0.5,verified-v3-normuon-1e-4,1.0,3907,QuoraRetrieval
5,0.0001,0.09534451315149294,normuon,0.9607612752003989,0.9968089374117028,0.5,verified-v3-normuon-1e-4,0.8555909140437343,3907,SCIDOCS
5,0.0001,0.2588536634022797,normuon,0.972912817644628,1.0,0.5,verified-v3-normuon-1e-4,1.0,3907,SciFact
5,0.0001,0.07715369394493168,normuon,0.9915261644359911,0.9657001527282164,0.5,verified-v3-normuon-1e-4,0.8798327739955403,3907,TRECCOVID
5,0.0001,0.27401604839242455,normuon,0.9041787265969219,1.0,0.5,verified-v3-normuon-1e-4,1.0,3907,Touche2020
6,0.0001,0.22124017367134602,normuon,0.9245697339081483,1.0,0.5,verified-v3-normuon-1e-4,1.0,3907,ArguAna
6,0.0001,0.027682770187169834,normuon,2.7044646057975634,1.0310253165661334,0.5,verified-v3-normuon-1e-4,0.7930909140437343,3907,ClimateFEVER
6,0.0001,0.27191532589734857,normuon,0.904047668955212,1.0,0.5,verified-v3-normuon-1e-4,1.0,3907,DBPedia
6,0.0001,0.4017936261263178,normuon,0.9701419615216655,1.0,0.5,verified-v3-normuon-1e-4,1.0,3907,FEVER
6,0.0001,0.2195571577474335,normuon,0.9834259027771033,1.0,0.5,verified-v3-normuon-1e-4,0.9769331095982161,3907,FiQA2018
6,0.0001,0.27378302031602275,normuon,0.9030603791251279,0.9769331095982161,0.5,verified-v3-normuon-1e-4,0.9769331095982161,3907,HotpotQA
6,0.0001,0.40741754282465825,normuon,0.9422822681982291,1.0,0.5,verified-v3-normuon-1e-4,1.0,3907,MSMARCO
6,0.0001,-0.007078519663961756,normuon,-2.694436563405494,0.9672573562187852,0.5,verified-v3-normuon-1e-4,0.6955136262822992,3907,NFCorpus
6,0.0001,0.3960422492109413,normuon,0.9334297911758349,1.0,0.5,verified-v3-normuon-1e-4,1.0,3907,NQ
6,0.0001,0.4620243487508803,normuon,0.950794706705906,1.0,0.5,verified-v3-normuon-1e-4,1.0,3907,QuoraRetrieval
6,0.0001,0.09853323942442824,normuon,0.9928932209095618,1.0214516059026304,0.5,verified-v3-normuon-1e-4,0.8767424531876108,3907,SCIDOCS
6,0.0001,0.26594730616558576,normuon,0.9995745842872233,1.0,0.5,verified-v3-normuon-1e-4,1.0,3907,SciFact
6,0.0001,0.08583109816509801,normuon,1.1030421902250247,1.0265438768312476,0.5,verified-v3-normuon-1e-4,0.9352664429315494,3907,TRECCOVID
6,0.0001,0.28761415358936404,normuon,0.9490487899134018,0.9769331095982161,0.5,verified-v3-normuon-1e-4,0.9769331095982161,3907,Touche2020
7,0.0001,0.23024520825917075,normuon,0.9622020603276114,1.0,0.5,verified-v3-normuon-1e-4,1.0,3907,ArguAna
7,0.0001,-0.003971841989816949,normuon,-0.3880285827123969,0.9406571306863473,0.5,verified-v3-normuon-1e-4,0.7235774055116899,3907,ClimateFEVER
7,0.0001,0.29709615864329453,normuon,0.9877673823299464,1.0,0.5,verified-v3-normuon-1e-4,1.0,3907,DBPedia
7,0.0001,0.3931141773499379,normuon,0.949185189404537,1.0,0.5,verified-v3-normuon-1e-4,1.0,3907,FEVER
7,0.0001,0.2083750301985947,normuon,0.9333396564779249,0.968012139528312,0.5,verified-v3-normuon-1e-4,0.9456831095982161,3907,FiQA2018
7,0.0001,0.2879461891578443,normuon,0.9497769235227501,1.0,0.5,verified-v3-normuon-1e-4,1.0,3907,HotpotQA
7,0.0001,0.4145126454316608,normuon,0.9586919429787351,1.0,0.5,verified-v3-normuon-1e-4,1.0,3907,MSMARCO
7,0.0001,-0.011088663584969063,normuon,-4.2208967440971294,0.9392079158053547,0.5,verified-v3-normuon-1e-4,0.6753444666561598,3907,NFCorpus
7,0.0001,0.4120930362637435,normuon,0.9712598025868777,1.0,0.5,verified-v3-normuon-1e-4,1.0,3907,NQ
7,0.0001,0.49555043540508287,normuon,1.0197876630588771,1.0,0.5,verified-v3-normuon-1e-4,1.0,3907,QuoraRetrieval
7,0.0001,0.0949117743246651,normuon,0.9564006812516812,1.0281752610261912,0.5,verified-v3-normuon-1e-4,0.8825135674071718,3907,SCIDOCS
7,0.0001,0.23901522360079758,normuon,0.8983491738033667,1.0,0.5,verified-v3-normuon-1e-4,1.0,3907,SciFact
7,0.0001,0.06739215517278827,normuon,0.8660775876686256,1.025318106170117,0.5,verified-v3-normuon-1e-4,0.9341496643973242,3907,TRECCOVID
7,0.0001,0.28563520889246563,normuon,0.9425188085252869,1.0,0.5,verified-v3-normuon-1e-4,1.0,3907,Touche2020
8,0.0001,0.2243131669443601,normuon,0.9374118706936346,1.0,0.5,verified-v3-normuon-1e-4,1.0,3907,ArguAna
8,0.0001,0.0030781176230906945,normuon,0.3007162978215506,0.9610699309525029,0.5,verified-v3-normuon-1e-4,0.7392794510009281,3907,ClimateFEVER
8,0.0001,0.2853332853291789,normuon,0.9486588908731014,1.0,0.5,verified-v3-normuon-1e-4,1.0,3907,DBPedia
8,0.0001,0.3987569893180093,normuon,0.9628099169144791,1.0,0.5,verified-v3-normuon-1e-4,1.0,3907,FEVER
8,0.0001,0.19415942386298882,normuon,0.8696660525856804,0.9763884649059846,0.5,verified-v3-normuon-1e-4,0.9538662191964322,3907,FiQA2018
8,0.0001,0.27834860905473047,normuon,0.9181197582369066,0.9769331095982161,0.5,verified-v3-normuon-1e-4,0.9769331095982161,3907,HotpotQA
8,0.0001,0.42430004055352294,normuon,0.9813283979807468,1.0,0.5,verified-v3-normuon-1e-4,1.0,3907,MSMARCO
8,0.0001,-0.013332806852375706,normuon,-5.075129261667967,0.8406404122307668,0.5,verified-v3-normuon-1e-4,0.6044687670256588,3907,NFCorpus
8,0.0001,0.4134908517694361,normuon,0.9745543062368812,1.0,0.5,verified-v3-normuon-1e-4,1.0,3907,NQ
8,0.0001,0.49291478904708175,normuon,1.0143637960858243,1.0,0.5,verified-v3-normuon-1e-4,1.0,3907,QuoraRetrieval
8,0.0001,0.10053083047362806,normuon,1.0130224140882893,1.0291056407381232,0.5,verified-v3-normuon-1e-4,0.8833121401308539,3907,SCIDOCS
8,0.0001,0.27592340905034207,normuon,1.037070203391664,0.9769331095982161,0.5,verified-v3-normuon-1e-4,0.9769331095982161,3907,SciFact
8,0.0001,0.07330940170686638,normuon,0.9421219668806472,1.0027949100431086,0.5,verified-v3-normuon-1e-4,0.9136291683906836,3907,TRECCOVID
8,0.0001,0.2846878548307632,normuon,0.9393927967673193,1.0,0.5,verified-v3-normuon-1e-4,1.0,3907,Touche2020
9,0.0001,0.2351564285584864,normuon,0.9827262064171363,1.0,0.5,verified-v3-normuon-1e-4,1.0,3907,ArguAna
9,0.0001,0.003934935045471627,normuon,0.38442296362098366,0.9368830755559179,0.5,verified-v3-normuon-1e-4,0.720674306252195,3907,ClimateFEVER
9,0.0001,0.2861216324363584,normuon,0.9512799397684559,0.9769331095982161,0.5,verified-v3-normuon-1e-4,0.9769331095982161,3907,DBPedia
9,0.0001,0.3908290223287975,normuon,0.9436676186158623,1.0,0.5,verified-v3-normuon-1e-4,1.0,3907,FEVER
9,0.0001,0.21409814911693914,normuon,0.9589742722960438,1.0,0.5,verified-v3-normuon-1e-4,0.9769331095982161,3907,FiQA2018
9,0.0001,0.29454600449572477,normuon,0.9715461031245479,0.9769331095982161,0.5,verified-v3-normuon-1e-4,0.9769331095982161,3907,HotpotQA
9,0.0001,0.4136791851674113,normuon,0.9567643018104016,1.0,0.5,verified-v3-normuon-1e-4,1.0,3907,MSMARCO
9,0.0001,-0.0146357313333067,normuon,-5.571087107013803,0.9331041583215447,0.5,verified-v3-normuon-1e-4,0.6709555142494208,3907,NFCorpus
9,0.0001,0.40269231196643407,normuon,0.9491032873786597,1.0,0.5,verified-v3-normuon-1e-4,1.0,3907,NQ
9,0.0001,0.4914748464482547,normuon,1.0114005544198241,1.0,0.5,verified-v3-normuon-1e-4,1.0,3907,QuoraRetrieval
9,0.0001,0.0650988113456887,normuon,0.655983390498174,1.020716407072484,0.5,verified-v3-normuon-1e-4,0.876111410050375,3907,SCIDOCS
9,0.0001,0.2599921834698842,normuon,0.9771919951241315,1.0,0.5,verified-v3-normuon-1e-4,1.0,3907,SciFact
9,0.0001,0.06872585685970053,normuon,0.8832174036710817,0.9746818938298829,0.5,verified-v3-normuon-1e-4,0.8880158835937564,3907,TRECCOVID
9,0.0001,0.28758067816394817,normuon,0.948938330078285,1.0,0.5,verified-v3-normuon-1e-4,1.0,3907,Touche2020
10,0.0001,0.2276680321926972,normuon,0.9514319594437026,1.0,0.5,verified-v3-normuon-1e-4,1.0,3907,ArguAna
10,0.0001,0.008811823402981797,normuon,0.8608699326250236,0.9710509868705998,0.5,verified-v3-normuon-1e-4,0.7469571332401665,3907,ClimateFEVER
10,0.0001,0.3024535626569173,normuon,1.005579355944098,0.9769331095982161,0.5,verified-v3-normuon-1e-4,0.9769331095982161,3907,DBPedia
10,0.0001,0.4039236106019143,normuon,0.9752848686829559,1.0,0.5,verified-v3-normuon-1e-4,1.0,3907,FEVER
10,0.0001,0.21915478335523586,normuon,0.9816236140065565,1.0,0.5,verified-v3-normuon-1e-4,0.9769331095982161,3907,FiQA2018
10,0.0001,0.2991765463747475,normuon,0.9868197271060434,1.0,0.5,verified-v3-normuon-1e-4,1.0,3907,HotpotQA
10,0.0001,0.41653705340687164,normuon,0.9633740284024873,1.0,0.5,verified-v3-normuon-1e-4,1.0,3907,MSMARCO
10,0.0001,-0.017208563074973898,normuon,-6.550434801918474,0.8384239959329853,0.5,verified-v3-normuon-1e-4,0.602875036332674,3907,NFCorpus
10,0.0001,0.4269103808554372,normuon,1.0061827202694262,1.0,0.5,verified-v3-normuon-1e-4,1.0,3907,NQ
10,0.0001,0.4730892444777259,normuon,0.9735650310746984,1.0,0.5,verified-v3-normuon-1e-4,1.0,3907,QuoraRetrieval
10,0.0001,0.09015432953068664,normuon,0.9084611766501343,1.0252085760724468,0.5,verified-v3-normuon-1e-4,0.8799671730120284,3907,SCIDOCS
10,0.0001,0.264053718978395,normuon,0.9924574540077787,1.0,0.5,verified-v3-normuon-1e-4,1.0,3907,SciFact
10,0.0001,0.04777192329879394,normuon,0.6139318735664389,0.8909716048789956,0.5,verified-v3-normuon-1e-4,0.8117488813244138,3907,TRECCOVID
10,0.0001,0.28137296042630083,normuon,0.9284545432635041,1.0,0.5,verified-v3-normuon-1e-4,1.0,3907,Touche2020
11,0.0001,0.23169035069869642,normuon,0.9682413566208626,1.0,0.5,verified-v3-normuon-1e-4,1.0,3907,ArguAna
11,0.0001,-0.003562717112342092,normuon,-0.3480591814205121,0.9889482135587029,0.5,verified-v3-normuon-1e-4,0.7607241355095091,3907,ClimateFEVER
11,0.0001,0.2796255563751287,normuon,0.9296821780346156,0.9769331095982161,0.5,verified-v3-normuon-1e-4,0.9769331095982161,3907,DBPedia
11,0.0001,0.4155864043056724,normuon,1.003445010668457,1.0,0.5,verified-v3-normuon-1e-4,1.0,3907,FEVER
11,0.0001,0.21829142601231322,normuon,0.9777565208855952,1.0236115350940154,0.5,verified-v3-normuon-1e-4,1.0,3907,FiQA2018
11,0.0001,0.2870324302357273,normuon,0.9467629328169588,1.0,0.5,verified-v3-normuon-1e-4,1.0,3907,HotpotQA
11,0.0001,0.4187227751605449,normuon,0.9684292030948246,1.0,0.5,verified-v3-normuon-1e-4,1.0,3907,MSMARCO
11,0.0001,-0.019569171063518957,normuon,-7.448999583561393,0.9421347006966924,0.5,verified-v3-normuon-1e-4,0.6774489931919725,3907,NFCorpus
11,0.0001,0.4166387224789301,normuon,0.981973505337143,1.0,0.5,verified-v3-normuon-1e-4,1.0,3907,NQ
11,0.0001,0.48462937090098124,normuon,0.997313327344392,1.0,0.5,verified-v3-normuon-1e-4,1.0,3907,QuoraRetrieval
11,0.0001,0.08870465120747763,normuon,0.8938531541389316,1.0181141942491523,0.5,verified-v3-normuon-1e-4,0.8738778529819244,3907,SCIDOCS
11,0.0001,0.27512385239680015,normuon,1.0340650347321227,1.0,0.5,verified-v3-normuon-1e-4,1.0,3907,SciFact
11,0.0001,0.0707996645322186,normuon,0.9098685523351677,0.9493637876597658,0.5,verified-v3-normuon-1e-4,0.8649489931919725,3907,TRECCOVID
11,0.0001,0.30442490344583223,normuon,1.0045197102756744,1.0,0.5,verified-v3-normuon-1e-4,1.0,3907,Touche2020
12,0.0001,0.21976888274295842,normuon,0.9184211622469204,1.0,0.5,verified-v3-normuon-1e-4,1.0,3907,ArguAna
12,0.0001,-0.004415199286979996,normuon,-0.43134231575979454,0.960606211422779,0.5,verified-v3-normuon-1e-4,0.7389227461365766,3907,ClimateFEVER
12,0.0001,0.269135174021639,normuon,0.8948043877452168,0.96875,0.5,verified-v3-normuon-1e-4,0.96875,3907,DBPedia
12,0.0001,0.3964448097759423,normuon,0.9572270946632723,1.0,0.5,verified-v3-normuon-1e-4,1.0,3907,FEVER
12,0.0001,0.2187948812053386,normuon,0.980011564095247,1.0,0.5,verified-v3-normuon-1e-4,0.9769331095982161,3907,FiQA2018
12,0.0001,0.3017512903955136,normuon,0.9953123988168724,1.0,0.5,verified-v3-normuon-1e-4,1.0,3907,HotpotQA
12,0.0001,0.41019714022597276,normuon,0.9487109686558227,1.0,0.5,verified-v3-normuon-1e-4,1.0,3907,MSMARCO
12,0.0001,-0.018134254400626756,normuon,-6.902798950451528,0.9331898340468459,0.5,verified-v3-normuon-1e-4,0.6710171200195971,3907,NFCorpus
12,0.0001,0.3932031772368094,normuon,0.9267383981105067,1.0,0.5,verified-v3-normuon-1e-4,1.0,3907,NQ
12,0.0001,0.48566619065793043,normuon,0.9994469870516793,1.0,0.5,verified-v3-normuon-1e-4,1.0,3907,QuoraRetrieval
12,0.0001,0.09321811616988855,normuon,0.9393341389331819,1.0134370773072627,0.5,verified-v3-normuon-1e-4,0.8698633436720545,3907,SCIDOCS
12,0.0001,0.24928663690430866,normuon,0.9369547300352723,0.9769331095982161,0.5,verified-v3-normuon-1e-4,0.9769331095982161,3907,SciFact
12,0.0001,0.07682739504820621,normuon,0.9873327956290376,0.9657001527282164,0.5,verified-v3-normuon-1e-4,0.8798327739955403,3907,TRECCOVID
12,0.0001,0.286722374675801,normuon,0.9461061610885504,1.0,0.5,verified-v3-normuon-1e-4,1.0,3907,Touche2020
13,0.0001,0.22461131327530315,normuon,0.9386578337088111,1.0,0.5,verified-v3-normuon-1e-4,1.0,3907,ArguAna
13,0.0001,0.010540507066065755,normuon,1.0297534565578217,0.9801686109997442,0.5,verified-v3-normuon-1e-4,0.753970641772211,3907,ClimateFEVER
13,0.0001,0.2984943411896564,normuon,0.992415975297779,1.0,0.5,verified-v3-normuon-1e-4,1.0,3907,DBPedia
13,0.0001,0.4060442029198751,normuon,0.9804050982166307,1.0,0.5,verified-v3-normuon-1e-4,1.0,3907,FEVER
13,0.0001,0.20916268609993305,normuon,0.9368676727074957,1.0,0.5,verified-v3-normuon-1e-4,0.9769331095982161,3907,FiQA2018
13,0.0001,0.2995794982013251,normuon,0.9881488447001817,1.0,0.5,verified-v3-normuon-1e-4,1.0,3907,HotpotQA
13,0.0001,0.42164230835751393,normuon,0.9751815494563655,1.0,0.5,verified-v3-normuon-1e-4,1.0,3907,MSMARCO
13,0.0001,-0.008532431557219106,normuon,-3.2478677257299267,0.9748285524119751,0.5,verified-v3-normuon-1e-4,0.7009577514530869,3907,NFCorpus
13,0.0001,0.4243593309675861,normuon,1.0001701648694903,1.0,0.5,verified-v3-normuon-1e-4,1.0,3907,NQ
13,0.0001,0.4887014460537968,normuon,1.005693204965719,1.0,0.5,verified-v3-normuon-1e-4,1.0,3907,QuoraRetrieval
13,0.0001,0.09075764111419973,normuon,0.9145405868559238,1.0072793297652212,0.5,verified-v3-normuon-1e-4,0.864577964849483,3907,SCIDOCS
13,0.0001,0.25649800457284144,normuon,0.9640589708841264,0.9769331095982161,0.5,verified-v3-normuon-1e-4,0.9769331095982161,3907,SciFact
13,0.0001,0.054576094836582024,normuon,0.7013744023952317,0.9657001527282164,0.5,verified-v3-normuon-1e-4,0.8798327739955403,3907,TRECCOVID
13,0.0001,0.29726333787671116,normuon,0.9808884840218939,1.0,0.5,verified-v3-normuon-1e-4,1.0,3907,Touche2020
14,0.0001,0.22679767296191516,normuon,0.9477947004908868,1.0,0.5,verified-v3-normuon-1e-4,1.0,3907,ArguAna
14,0.0001,0.0047481028810539075,normuon,0.4638652887581026,1.0166887942517073,0.5,verified-v3-normuon-1e-4,0.7820628962018201,3907,ClimateFEVER
14,0.0001,0.3062488084135183,normuon,1.0181975600414372,1.0,0.5,verified-v3-normuon-1e-4,1.0,3907,DBPedia
14,0.0001,0.40524198757735186,normuon,0.978468126808046,1.0,0.5,verified-v3-normuon-1e-4,1.0,3907,FEVER
14,0.0001,0.2170937114165734,normuon,0.9723917968671704,1.0,0.5,verified-v3-normuon-1e-4,0.9769331095982161,3907,FiQA2018
14,0.0001,0.30643581199480363,normuon,1.0107640723596347,0.9769331095982161,0.5,verified-v3-normuon-1e-4,0.9769331095982161,3907,HotpotQA
14,0.0001,0.4256096568230878,normuon,0.9843573009101575,1.0,0.5,verified-v3-normuon-1e-4,1.0,3907,MSMARCO
14,0.0001,-0.016870147736401782,normuon,-6.421617096359453,0.9540682922879727,0.5,verified-v3-normuon-1e-4,0.6860299313558028,3907,NFCorpus
14,0.0001,0.3982327773860531,normuon,0.9385926349409465,1.0,0.5,verified-v3-normuon-1e-4,1.0,3907,NQ
14,0.0001,0.4817250214946125,normuon,0.9913364993926497,1.0,0.5,verified-v3-normuon-1e-4,1.0,3907,QuoraRetrieval
14,0.0001,0.10136781918998214,normuon,1.0214565265492233,1.0268741546145255,0.5,verified-v3-normuon-1e-4,0.8813967888729465,3907,SCIDOCS
14,0.0001,0.2503324033466783,normuon,0.9408852889567538,1.0,0.5,verified-v3-normuon-1e-4,1.0,3907,SciFact
14,0.0001,0.07554941772127141,normuon,0.9709091107421385,1.0012257706611305,0.5,verified-v3-normuon-1e-4,0.9121995525297655,3907,TRECCOVID
14,0.0001,0.286026883281443,normuon,0.9438112279012463,1.0,0.5,verified-v3-normuon-1e-4,1.0,3907,Touche2020
15,0.0001,0.22871392780233063,normuon,0.9558027905158702,1.0,0.5,verified-v3-normuon-1e-4,1.0,3907,ArguAna
15,0.0001,0.013265269997505342,normuon,1.2959488140832367,0.9885601428725359,0.5,verified-v3-normuon-1e-4,0.7604256216609542,3907,ClimateFEVER
15,0.0001,0.29617007643844684,normuon,0.9846884000924042,1.0,0.5,verified-v3-normuon-1e-4,1.0,3907,DBPedia
15,0.0001,0.40233547514834783,normuon,0.9714502711585027,1.0,0.5,verified-v3-normuon-1e-4,1.0,3907,FEVER
15,0.0001,0.20895147075280146,normuon,0.9359216108912273,1.0236115350940154,0.5,verified-v3-normuon-1e-4,1.0,3907,FiQA2018
15,0.0001,0.2786474442240604,normuon,0.9191054519479319,1.0,0.5,verified-v3-normuon-1e-4,1.0,3907,HotpotQA
15,0.0001,0.42956391021642676,normuon,0.9935027658566915,1.0,0.5,verified-v3-normuon-1e-4,1.0,3907,MSMARCO
15,0.0001,-0.041739130446990014,normuon,-15.887988525863195,0.8228316057252707,0.5,verified-v3-normuon-1e-4,0.5916632116967048,3907,NFCorpus
15,0.0001,0.4116499015854457,normuon,0.9702153809095178,1.0,0.5,verified-v3-normuon-1e-4,1.0,3907,NQ
15,0.0001,0.4853840922306319,normuon,0.9988664598734674,1.0,0.5,verified-v3-normuon-1e-4,1.0,3907,QuoraRetrieval
15,0.0001,0.08964367222793068,normuon,0.9033154189639352,1.0,0.5,verified-v3-normuon-1e-4,0.8583298984711626,3907,SCIDOCS
15,0.0001,0.25576352618378795,normuon,0.9612984017285622,1.0,0.5,verified-v3-normuon-1e-4,1.0,3907,SciFact
15,0.0001,0.051656439308863475,normuon,0.6638529993508182,0.8971004581846491,0.5,verified-v3-normuon-1e-4,0.8173327739955403,3907,TRECCOVID
15,0.0001,0.307224466025483,normuon,1.0137575083650472,1.0,0.5,verified-v3-normuon-1e-4,1.0,3907,Touche2020
16,0.0001,0.24138211452862612,normuon,1.008743546420487,1.0,0.5,verified-v3-normuon-1e-4,1.0,3907,ArguAna
16,0.0001,-5.986565640589067e-05,normuon,-0.005848567457588026,0.9454949372627194,0.5,verified-v3-normuon-1e-4,0.7272987694568551,3907,ClimateFEVER
16,0.0001,0.2806122721983678,normuon,0.9329627512681277,1.0,0.5,verified-v3-normuon-1e-4,1.0,3907,DBPedia
16,0.0001,0.4026404919020956,normuon,0.9721867426516687,1.0,0.5,verified-v3-normuon-1e-4,1.0,3907,FEVER
16,0.0001,0.23445241247052304,normuon,1.0501437427848517,1.0,0.5,verified-v3-normuon-1e-4,0.9769331095982161,3907,FiQA2018
16,0.0001,0.29857165207717956,normuon,0.9848245117962634,1.0,0.5,verified-v3-normuon-1e-4,1.0,3907,HotpotQA
16,0.0001,0.4254780132020848,normuon,0.9840528332897095,1.0,0.5,verified-v3-normuon-1e-4,1.0,3907,MSMARCO
16,0.0001,0.005613127966149319,normuon,2.136635616634257,0.9495836440308494,0.5,verified-v3-normuon-1e-4,0.6828052115313852,3907,NFCorpus
16,0.0001,0.426657824181763,normuon,1.0055874708392518,1.0,0.5,verified-v3-normuon-1e-4,1.0,3907,NQ
16,0.0001,0.4885296989475444,normuon,1.0053397685289633,1.0,0.5,verified-v3-normuon-1e-4,1.0,3907,QuoraRetrieval
16,0.0001,0.08476887838354036,normuon,0.8541934192235425,1.0050478436416235,0.5,verified-v3-normuon-1e-4,0.8626626135915756,3907,SCIDOCS
16,0.0001,0.2698952432882621,normuon,1.0144130786682652,1.0,0.5,verified-v3-normuon-1e-4,1.0,3907,SciFact
16,0.0001,0.08295206602538649,normuon,1.0660428509994315,1.0012257706611305,0.5,verified-v3-normuon-1e-4,0.9121995525297655,3907,TRECCOVID
16,0.0001,0.29693736109731367,normuon,0.9798128489595501,1.0,0.5,verified-v3-normuon-1e-4,1.0,3907,Touche2020
17,0.0001,0.2353999982719111,normuon,0.9837440920090347,1.0,0.5,verified-v3-normuon-1e-4,1.0,3907,ArguAna
17,0.0001,0.014100486275244207,normuon,1.3775451588875454,0.9862192892238975,0.5,verified-v3-normuon-1e-4,0.7586249774575466,3907,ClimateFEVER
17,0.0001,0.2979889928717443,normuon,0.9907358237016481,1.0,0.5,verified-v3-normuon-1e-4,1.0,3907,DBPedia
17,0.0001,0.4106733269447095,normuon,0.9915822478017962,1.0,0.5,verified-v3-normuon-1e-4,1.0,3907,FEVER
17,0.0001,0.22341614754921513,normuon,1.0007108347217513,1.0,0.5,verified-v3-normuon-1e-4,0.9769331095982161,3907,FiQA2018
17,0.0001,0.2911297904530278,normuon,0.9602778822355771,1.0,0.5,verified-v3-normuon-1e-4,1.0,3907,HotpotQA
17,0.0001,0.41717021686803385,normuon,0.9648384196954782,1.0,0.5,verified-v3-normuon-1e-4,1.0,3907,MSMARCO
17,0.0001,-0.0037757619073028846,normuon,-1.4372427316330363,0.998011819746176,0.5,verified-v3-normuon-1e-4,0.7176278529819244,3907,NFCorpus
17,0.0001,0.412847672845991,normuon,0.973038401382295,1.0,0.5,verified-v3-normuon-1e-4,1.0,3907,NQ
17,0.0001,0.47655925214371697,normuon,0.9807059207918163,1.0,0.5,verified-v3-normuon-1e-4,1.0,3907,QuoraRetrieval
17,0.0001,0.07378896110955943,normuon,0.7435517160666616,0.9968089374117028,0.5,verified-v3-normuon-1e-4,0.8555909140437343,3907,SCIDOCS
17,0.0001,0.23701235970678697,normuon,0.8908213222409483,0.9769331095982161,0.5,verified-v3-normuon-1e-4,0.9769331095982161,3907,SciFact
17,0.0001,0.06417947532868686,normuon,0.8247904378186612,0.9493637876597658,0.5,verified-v3-normuon-1e-4,0.8649489931919725,3907,TRECCOVID
17,0.0001,0.28094513722818054,normuon,0.9270428426103692,1.0,0.5,verified-v3-normuon-1e-4,1.0,3907,Touche2020
18,0.0001,0.23091519815923786,normuon,0.9650019694641248,1.0,0.5,verified-v3-normuon-1e-4,1.0,3907,ArguAna
18,0.0001,0.012299109687279965,normuon,1.2015599091844795,0.9435607749505669,0.5,verified-v3-normuon-1e-4,0.7258109625801406,3907,ClimateFEVER
18,0.0001,0.2996740506226938,normuon,0.9963382020404694,1.0,0.5,verified-v3-normuon-1e-4,1.0,3907,DBPedia
18,0.0001,0.3954611803248659,normuon,0.9548520938095311,1.0,0.5,verified-v3-normuon-1e-4,1.0,3907,FEVER
18,0.0001,0.22259919920662768,normuon,0.9970516137262986,1.0,0.5,verified-v3-normuon-1e-4,0.9769331095982161,3907,FiQA2018
18,0.0001,0.3168439045954057,normuon,1.045094674889404,1.0,0.5,verified-v3-normuon-1e-4,1.0,3907,HotpotQA
18,0.0001,0.4437628989592916,normuon,1.026342430113628,1.0,0.5,verified-v3-normuon-1e-4,1.0,3907,MSMARCO
18,0.0001,-0.022031795885466696,normuon,-8.386397044783136,0.8713931504226818,0.5,verified-v3-normuon-1e-4,0.6265817531099238,3907,NFCorpus
18,0.0001,0.4216399362030644,normuon,0.9937608383589236,1.0,0.5,verified-v3-normuon-1e-4,1.0,3907,NQ
18,0.0001,0.48202662682021696,normuon,0.9919571695973138,1.0,0.5,verified-v3-normuon-1e-4,1.0,3907,QuoraRetrieval
18,0.0001,0.08042210451236613,normuon,0.8103921361770651,0.9514561164176125,0.5,verified-v3-normuon-1e-4,0.816663231804496,3907,SCIDOCS
18,0.0001,0.2776148455301638,normuon,1.0434275413942282,0.96875,0.5,verified-v3-normuon-1e-4,0.96875,3907,SciFact
18,0.0001,0.0684613109169778,normuon,0.8798176413202058,1.0,0.5,verified-v3-normuon-1e-4,0.9110827739955403,3907,TRECCOVID
18,0.0001,0.28246727913169245,normuon,0.9320654985317706,1.0,0.5,verified-v3-normuon-1e-4,1.0,3907,Touche2020
19,0.0001,0.23464193932350463,normuon,0.9805761395138608,1.0,0.5,verified-v3-normuon-1e-4,1.0,3907,ArguAna
19,0.0001,0.013543165786683867,normuon,1.3230978067906871,1.0185473077203027,0.5,verified-v3-normuon-1e-4,0.7834925120627381,3907,ClimateFEVER
19,0.0001,0.3025176177751606,normuon,1.0057923225363319,1.0,0.5,verified-v3-normuon-1e-4,1.0,3907,DBPedia
19,0.0001,0.4029763101482455,normuon,0.9729975852107594,1.0,0.5,verified-v3-normuon-1e-4,1.0,3907,FEVER
19,0.0001,0.22069414286894623,normuon,0.9885186113503033,1.0,0.5,verified-v3-normuon-1e-4,0.9769331095982161,3907,FiQA2018
19,0.0001,0.307994052155055,normuon,1.0159038540314869,1.0,0.5,verified-v3-normuon-1e-4,1.0,3907,HotpotQA
19,0.0001,0.43861661516996403,normuon,1.0144400168592083,1.0,0.5,verified-v3-normuon-1e-4,1.0,3907,MSMARCO
19,0.0001,-0.014262717374545293,normuon,-5.429099446194782,0.9652691759649609,0.5,verified-v3-normuon-1e-4,0.694084010421381,3907,NFCorpus
19,0.0001,0.4328045379389923,normuon,1.0200746265663476,1.0,0.5,verified-v3-normuon-1e-4,1.0,3907,NQ
19,0.0001,0.4857866236840615,normuon,0.9996948248205493,1.0,0.5,verified-v3-normuon-1e-4,1.0,3907,QuoraRetrieval
19,0.0001,0.08502454668078308,normuon,0.8567697205875962,0.9951433588696244,0.5,verified-v3-normuon-1e-4,0.8541612981828164,3907,SCIDOCS
19,0.0001,0.2588774677705582,normuon,0.9730022874041425,1.0,0.5,verified-v3-normuon-1e-4,1.0,3907,SciFact
19,0.0001,0.06163230868123598,normuon,0.7920560054539727,0.9493637876597658,0.5,verified-v3-normuon-1e-4,0.8649489931919725,3907,TRECCOVID
19,0.0001,0.28755602755355936,normuon,0.9488569897420457,1.0,0.5,verified-v3-normuon-1e-4,1.0,3907,Touche2020
0,0.0001,0.20980722972352706,normuon,0.876791096926402,1.0,0.75,verified-v3-normuon-1e-4,1.0,3907,ArguAna
0,0.0001,-0.009896794840429107,normuon,-0.9668660750283408,0.9643802665532083,0.75,verified-v3-normuon-1e-4,0.7418258453960714,3907,ClimateFEVER
0,0.0001,0.2743012564807012,normuon,0.9119802669985573,1.0,0.75,verified-v3-normuon-1e-4,1.0,3907,DBPedia
0,0.0001,0.3484039822585917,normuon,0.841231171357724,1.0,0.75,verified-v3-normuon-1e-4,1.0,3907,FEVER
0,0.0001,0.19736307062392638,normuon,0.8840156153163028,1.0,0.75,verified-v3-normuon-1e-4,0.9769331095982161,3907,FiQA2018
0,0.0001,0.23614721903377625,normuon,0.7789204637447202,1.0,0.75,verified-v3-normuon-1e-4,1.0,3907,HotpotQA
0,0.0001,0.4024860179703392,normuon,0.930876553085457,1.0,0.75,verified-v3-normuon-1e-4,1.0,3907,MSMARCO
0,0.0001,-0.009647099075240782,normuon,-3.6721656099173514,0.923522383871243,0.75,verified-v3-normuon-1e-4,0.6640656677661638,3907,NFCorpus
0,0.0001,0.3709185306987167,normuon,0.8742158376869091,1.0,0.75,verified-v3-normuon-1e-4,1.0,3907,NQ
0,0.0001,0.43149592241459833,normuon,0.8879706017792439,1.0,0.75,verified-v3-normuon-1e-4,1.0,3907,QuoraRetrieval
0,0.0001,0.05247574874676542,normuon,0.5287841493608659,0.9751329538745197,0.75,verified-v3-normuon-1e-4,0.8369857692950013,3907,SCIDOCS
0,0.0001,0.23586247944816083,normuon,0.8864994469865298,1.0,0.75,verified-v3-normuon-1e-4,1.0,3907,SciFact
0,0.0001,0.040993184557403216,normuon,0.5268161895298181,0.861918208972582,0.75,verified-v3-normuon-1e-4,0.7852788327880078,3907,TRECCOVID
0,0.0001,0.28619549338155215,normuon,0.944367595553807,1.0,0.75,verified-v3-normuon-1e-4,1.0,3907,Touche2020
1,0.0001,0.21261750039078503,normuon,0.8885353075727758,1.0,0.75,verified-v3-normuon-1e-4,1.0,3907,ArguAna
1,0.0001,-0.004565850407889564,normuon,-0.44606015727525417,0.9923341980029653,0.75,verified-v3-normuon-1e-4,0.7633287209204491,3907,ClimateFEVER
1,0.0001,0.2632442133885722,normuon,0.8752184772760089,0.9769331095982161,0.75,verified-v3-normuon-1e-4,0.9769331095982161,3907,DBPedia
1,0.0001,0.3922135851547547,normuon,0.9470106843304035,1.0,0.75,verified-v3-normuon-1e-4,1.0,3907,FEVER
1,0.0001,0.18889979569412813,normuon,0.8461074738843483,1.0236115350940154,0.75,verified-v3-normuon-1e-4,1.0,3907,FiQA2018
1,0.0001,0.26060972876724003,normuon,0.8596088982895455,0.9769331095982161,0.75,verified-v3-normuon-1e-4,0.9769331095982161,3907,HotpotQA
1,0.0001,0.40683175415496525,normuon,0.9409274461340238,1.0,0.75,verified-v3-normuon-1e-4,1.0,3907,MSMARCO
1,0.0001,-0.04769926972310886,normuon,-18.156713902204896,0.8318749895589457,0.75,verified-v3-normuon-1e-4,0.5981659243859214,3907,NFCorpus
1,0.0001,0.3913084023183452,normuon,0.9222726135635524,1.0,0.75,verified-v3-normuon-1e-4,1.0,3907,NQ
1,0.0001,0.4793927944370856,normuon,0.9865370355827271,1.0,0.75,verified-v3-normuon-1e-4,1.0,3907,QuoraRetrieval
1,0.0001,0.05798271862841485,normuon,0.5842764187227851,0.9917673483394005,0.75,verified-v3-normuon-1e-4,0.8512635674071718,3907,SCIDOCS
1,0.0001,0.2387744313308148,normuon,0.8974441455229983,1.0,0.75,verified-v3-normuon-1e-4,1.0,3907,SciFact
1,0.0001,0.06378023705521946,normuon,0.8196597023509632,0.9248642132553909,0.75,verified-v3-normuon-1e-4,0.8426278529819244,3907,TRECCOVID
1,0.0001,0.29638293762176204,normuon,0.9779834016879005,1.0,0.75,verified-v3-normuon-1e-4,1.0,3907,Touche2020
2,0.0001,0.21328555224937013,normuon,0.8913271175721947,1.0,0.75,verified-v3-normuon-1e-4,1.0,3907,ArguAna
2,0.0001,-0.004338392101877338,normuon,-0.4238386478762475,0.9760635133763865,0.75,verified-v3-normuon-1e-4,0.7508128962018201,3907,ClimateFEVER
2,0.0001,0.2674133107089999,normuon,0.8890796404956316,0.9769331095982161,0.75,verified-v3-normuon-1e-4,0.9769331095982161,3907,DBPedia
2,0.0001,0.3817385186922065,normuon,0.9217183430281762,1.0,0.75,verified-v3-normuon-1e-4,1.0,3907,FEVER
2,0.0001,0.19705726910115512,normuon,0.8826458893566149,1.0236115350940154,0.75,verified-v3-normuon-1e-4,1.0,3907,FiQA2018
2,0.0001,0.2832595614277624,normuon,0.9343183030069093,1.0,0.75,verified-v3-normuon-1e-4,1.0,3907,HotpotQA
2,0.0001,0.400962398568896,normuon,0.9273527000488178,1.0,0.75,verified-v3-normuon-1e-4,1.0,3907,MSMARCO
2,0.0001,-0.013374479616408825,normuon,-5.090991987836642,0.9311132609977293,0.75,verified-v3-normuon-1e-4,0.6695239446590321,3907,NFCorpus
2,0.0001,0.40238106268064244,normuon,0.9483697056549447,1.0,0.75,verified-v3-normuon-1e-4,1.0,3907,NQ
2,0.0001,0.489443039097039,normuon,1.0072193209419678,1.0,0.75,verified-v3-normuon-1e-4,1.0,3907,QuoraRetrieval
2,0.0001,0.07202798255671669,normuon,0.7258068040197406,0.9753573315090723,0.75,verified-v3-normuon-1e-4,0.8371783593272861,3907,SCIDOCS
2,0.0001,0.2621985246836639,normuon,0.9854846250941695,0.96875,0.75,verified-v3-normuon-1e-4,0.96875,3907,SciFact
2,0.0001,0.07301062235507774,normuon,0.9382822603216443,0.9278705091766895,0.75,verified-v3-normuon-1e-4,0.8453668374093526,3907,TRECCOVID
2,0.0001,0.27250911503620506,normuon,0.8992062547614706,1.0,0.75,verified-v3-normuon-1e-4,1.0,3907,Touche2020
3,0.0001,0.2236750867086702,normuon,0.9347453130611124,1.0,0.75,verified-v3-normuon-1e-4,1.0,3907,ArguAna
3,0.0001,-0.0019111646854548248,normuon,-0.18671098350042797,0.986469657996869,0.75,verified-v3-normuon-1e-4,0.7588175674898315,3907,ClimateFEVER
3,0.0001,0.27249578785512807,normuon,0.9059775538490331,0.9769331095982161,0.75,verified-v3-normuon-1e-4,0.9769331095982161,3907,DBPedia
3,0.0001,0.38182244270144594,normuon,0.9219209798985698,1.0,0.75,verified-v3-normuon-1e-4,1.0,3907,FEVER
3,0.0001,0.21146249691816305,normuon,0.9471688332496453,1.0,0.75,verified-v3-normuon-1e-4,0.9769331095982161,3907,FiQA2018
3,0.0001,0.2793189112381312,normuon,0.9213202542230944,0.9769331095982161,0.75,verified-v3-normuon-1e-4,0.9769331095982161,3907,HotpotQA
3,0.0001,0.41782136748318804,normuon,0.966344411986169,1.0,0.75,verified-v3-normuon-1e-4,1.0,3907,MSMARCO
3,0.0001,-0.014674866719785849,normuon,-5.585983981114369,0.9168823263144706,0.75,verified-v3-normuon-1e-4,0.6592910847864203,3907,NFCorpus
3,0.0001,0.39348305817605556,normuon,0.9273980479513889,1.0,0.75,verified-v3-normuon-1e-4,1.0,3907,NQ
3,0.0001,0.47030733945811887,normuon,0.9678401800482277,1.0,0.75,verified-v3-normuon-1e-4,1.0,3907,QuoraRetrieval
3,0.0001,0.06248347911574486,normuon,0.6296293839039916,0.9516742394828441,0.75,verified-v3-normuon-1e-4,0.8168504533529305,3907,SCIDOCS
3,0.0001,0.22649722049191284,normuon,0.8512997115092124,0.96875,0.75,verified-v3-normuon-1e-4,0.96875,3907,SciFact
3,0.0001,0.055983731441485385,normuon,0.7194643790692677,0.9178588504310906,0.75,verified-v3-normuon-1e-4,0.8362453875871158,3907,TRECCOVID
3,0.0001,0.29095465964770945,normuon,0.9600715549366331,1.0,0.75,verified-v3-normuon-1e-4,1.0,3907,Touche2020
4,0.0001,0.21141274464951956,normuon,0.8835005949496478,1.0,0.75,verified-v3-normuon-1e-4,1.0,3907,ArguAna
4,0.0001,0.007507101037835312,normuon,0.733405252136994,0.9364763842194322,0.75,verified-v3-normuon-1e-4,0.7203614689255022,3907,ClimateFEVER
4,0.0001,0.2686328937658721,normuon,0.8931344366569883,1.0,0.75,verified-v3-normuon-1e-4,1.0,3907,DBPedia
4,0.0001,0.3601144118482732,normuon,0.8695063315237125,1.0,0.75,verified-v3-normuon-1e-4,1.0,3907,FEVER
4,0.0001,0.20083169920934948,normuon,0.8995520671132521,1.0,0.75,verified-v3-normuon-1e-4,0.9769331095982161,3907,FiQA2018
4,0.0001,0.2602316519264713,normuon,0.8583618296628317,1.0,0.75,verified-v3-normuon-1e-4,1.0,3907,HotpotQA
4,0.0001,0.3948763364968355,normuon,0.9132767514927085,1.0,0.75,verified-v3-normuon-1e-4,1.0,3907,MSMARCO
4,0.0001,-0.015003966402576403,normuon,-5.711255684862059,0.9492172900737031,0.75,verified-v3-normuon-1e-4,0.6825417819822591,3907,NFCorpus
4,0.0001,0.40931185472305703,normuon,0.9647048511646058,1.0,0.75,verified-v3-normuon-1e-4,1.0,3907,NQ
4,0.0001,0.4530483969019659,normuon,0.932323196430164,1.0,0.75,verified-v3-normuon-1e-4,1.0,3907,QuoraRetrieval
4,0.0001,0.08971589963146784,normuon,0.9040432352800825,1.0449883488636778,0.75,verified-v3-normuon-1e-4,0.8969447433837083,3907,SCIDOCS
4,0.0001,0.22177357608603113,normuon,0.8335456873703475,0.9769331095982161,0.75,verified-v3-normuon-1e-4,0.9769331095982161,3907,SciFact
4,0.0001,0.031407366421970326,normuon,0.40362585342496976,0.9266447385155587,0.75,verified-v3-normuon-1e-4,0.8442500588751273,3907,TRECCOVID
4,0.0001,0.24932392109545284,normuon,0.8227013958079921,1.0,0.75,verified-v3-normuon-1e-4,1.0,3907,Touche2020
5,0.0001,0.22821619053131362,normuon,0.9537227306036773,1.0,0.75,verified-v3-normuon-1e-4,1.0,3907,ArguAna
5,0.0001,-0.013854760938669467,normuon,-1.3535390543315036,0.9806509511797871,0.75,verified-v3-normuon-1e-4,0.7543416701147004,3907,ClimateFEVER
5,0.0001,0.2666404167777732,normuon,0.886509969387285,0.9769331095982161,0.75,verified-v3-normuon-1e-4,0.9769331095982161,3907,DBPedia
5,0.0001,0.3690361723546462,normuon,0.8910481720982519,1.0,0.75,verified-v3-normuon-1e-4,1.0,3907,FEVER
5,0.0001,0.2259131709450753,normuon,1.011895336800951,0.9763884649059846,0.75,verified-v3-normuon-1e-4,0.9538662191964322,3907,FiQA2018
5,0.0001,0.2562982305882206,normuon,0.8453876249043357,1.0,0.75,verified-v3-normuon-1e-4,1.0,3907,HotpotQA
5,0.0001,0.4140891677589379,normuon,0.9577125165671523,1.0,0.75,verified-v3-normuon-1e-4,1.0,3907,MSMARCO
5,0.0001,-0.024260824780770976,normuon,-9.23487628076985,0.8849973603765723,0.75,verified-v3-normuon-1e-4,0.6363639618849749,3907,NFCorpus
5,0.0001,0.40050614424086783,normuon,0.9439507207330143,1.0,0.75,verified-v3-normuon-1e-4,1.0,3907,NQ
5,0.0001,0.43819720859532507,normuon,0.9017611031802684,1.0,0.75,verified-v3-normuon-1e-4,1.0,3907,QuoraRetrieval
5,0.0001,0.07265745833575506,normuon,0.7321498638580738,1.002081158687879,0.75,verified-v3-normuon-1e-4,0.8601162191964322,3907,SCIDOCS
5,0.0001,0.22136047144823273,normuon,0.8319930155176108,1.0,0.75,verified-v3-normuon-1e-4,1.0,3907,SciFact
5,0.0001,0.02585554887977782,normuon,0.3322777160669891,0.8923448912437751,0.75,verified-v3-normuon-1e-4,0.8130000588751274,3907,TRECCOVID
5,0.0001,0.2536558509942129,normuon,0.8369955909200922,1.0,0.75,verified-v3-normuon-1e-4,1.0,3907,Touche2020
6,0.0001,0.20828845039305544,normuon,0.8704440697200082,0.96875,0.75,verified-v3-normuon-1e-4,0.96875,3907,ArguAna
6,0.0001,-0.011039830163970196,normuon,-1.0785347611747138,0.9966896643992946,0.75,verified-v3-normuon-1e-4,0.766679056523125,3907,ClimateFEVER
6,0.0001,0.27653680888238213,normuon,0.9194128967368672,1.0,0.75,verified-v3-normuon-1e-4,1.0,3907,DBPedia
6,0.0001,0.35830736529081075,normuon,0.8651431670088368,1.0,0.75,verified-v3-normuon-1e-4,1.0,3907,FEVER
6,0.0001,0.17493514959412967,normuon,0.7835579544847044,0.9763884649059846,0.75,verified-v3-normuon-1e-4,0.9538662191964322,3907,FiQA2018
6,0.0001,0.28256925851674414,normuon,0.932041371414089,1.0,0.75,verified-v3-normuon-1e-4,1.0,3907,HotpotQA
6,0.0001,0.4168059087425502,normuon,0.9639958416257569,1.0,0.75,verified-v3-normuon-1e-4,1.0,3907,MSMARCO
6,0.0001,-0.04188355158961014,normuon,-15.942962394083924,0.9349176435284481,0.75,verified-v3-normuon-1e-4,0.6722595143320806,3907,NFCorpus
6,0.0001,0.38290604616144197,normuon,0.9024691467148784,1.0,0.75,verified-v3-normuon-1e-4,1.0,3907,NQ
6,0.0001,0.44833176159999266,normuon,0.9226168857331137,1.0,0.75,verified-v3-normuon-1e-4,1.0,3907,QuoraRetrieval
6,0.0001,0.06915472822391314,normuon,0.6968537850623389,1.0233186198958155,0.75,verified-v3-normuon-1e-4,0.8783449671188255,3907,SCIDOCS
6,0.0001,0.22514475545378804,normuon,0.8462164124988254,0.9538662191964322,0.75,verified-v3-normuon-1e-4,0.9538662191964322,3907,SciFact
6,0.0001,0.027474050809472666,normuon,0.35307758874227535,0.871782352014532,0.75,verified-v3-normuon-1e-4,0.7942658835937564,3907,TRECCOVID
6,0.0001,0.2790319001091235,normuon,0.9207296784284322,0.9769331095982161,0.75,verified-v3-normuon-1e-4,0.9769331095982161,3907,Touche2020
7,0.0001,0.21640631309600922,normuon,0.9043688765696104,1.0,0.75,verified-v3-normuon-1e-4,1.0,3907,ArguAna
7,0.0001,-0.007663812427980261,normuon,-0.7487151508612474,1.017490535351617,0.75,verified-v3-normuon-1e-4,0.7826796158609179,3907,ClimateFEVER
7,0.0001,0.27359516113946536,normuon,0.9096326838117774,1.0,0.75,verified-v3-normuon-1e-4,1.0,3907,DBPedia
7,0.0001,0.4003743118440095,normuon,0.9667149874426357,1.0,0.75,verified-v3-normuon-1e-4,1.0,3907,FEVER
7,0.0001,0.1862452407500644,normuon,0.8342173669112004,1.0,0.75,verified-v3-normuon-1e-4,0.9769331095982161,3907,FiQA2018
7,0.0001,0.3176181621365436,normuon,1.047648526869828,1.0,0.75,verified-v3-normuon-1e-4,1.0,3907,HotpotQA
7,0.0001,0.3819484276854166,normuon,0.8833768626626234,1.0,0.75,verified-v3-normuon-1e-4,1.0,3907,MSMARCO
7,0.0001,-0.04159445620515105,normuon,-15.832918315494423,0.8317642574429169,0.75,verified-v3-normuon-1e-4,0.5980863016308502,3907,NFCorpus
7,0.0001,0.41214180139867906,normuon,0.971374736864244,1.0,0.75,verified-v3-normuon-1e-4,1.0,3907,NQ
7,0.0001,0.4537826971822124,normuon,0.933834304711532,1.0,0.75,verified-v3-normuon-1e-4,1.0,3907,QuoraRetrieval
7,0.0001,0.08764118307654525,normuon,0.8831368689135183,1.014581601713889,0.75,verified-v3-normuon-1e-4,0.8708457231897917,3907,SCIDOCS
7,0.0001,0.2478839854050534,normuon,0.9316828030152823,0.9769331095982161,0.75,verified-v3-normuon-1e-4,0.9769331095982161,3907,SciFact
7,0.0001,0.04430253032988972,normuon,0.5693456233496431,0.9567184116265498,0.75,verified-v3-normuon-1e-4,0.8716496643973242,3907,TRECCOVID
7,0.0001,0.2604414653384309,normuon,0.85938627997983,0.9769331095982161,0.75,verified-v3-normuon-1e-4,0.9769331095982161,3907,Touche2020
8,0.0001,0.22582568460612373,normuon,0.9437327301870174,1.0,0.75,verified-v3-normuon-1e-4,1.0,3907,ArguAna
8,0.0001,0.009764745422617403,normuon,0.9539655244594007,0.9848431159353449,0.75,verified-v3-normuon-1e-4,0.7575663899391181,3907,ClimateFEVER
8,0.0001,0.30206161201927406,normuon,1.0042762221132353,1.0,0.75,verified-v3-normuon-1e-4,1.0,3907,DBPedia
8,0.0001,0.38183636089497225,normuon,0.9219545857665837,1.0,0.75,verified-v3-normuon-1e-4,1.0,3907,FEVER
8,0.0001,0.17652456658290233,normuon,0.7906771659607025,1.0,0.75,verified-v3-normuon-1e-4,0.9769331095982161,3907,FiQA2018
8,0.0001,0.27606887982740136,normuon,0.910600178907414,1.0,0.75,verified-v3-normuon-1e-4,1.0,3907,HotpotQA
8,0.0001,0.41278492467898253,normuon,0.9546960408426617,1.0,0.75,verified-v3-normuon-1e-4,1.0,3907,MSMARCO
8,0.0001,-0.025300036303191074,normuon,-9.630451860982879,0.8920724837524875,0.75,verified-v3-normuon-1e-4,0.6414513821914113,3907,NFCorpus
8,0.0001,0.419019038264374,normuon,0.9875836584734969,1.0,0.75,verified-v3-normuon-1e-4,1.0,3907,NQ
8,0.0001,0.4687006517986596,normuon,0.9645337955988504,1.0,0.75,verified-v3-normuon-1e-4,1.0,3907,QuoraRetrieval
8,0.0001,0.05695353128654142,normuon,0.5739055718820516,1.0033822650995448,0.75,verified-v3-normuon-1e-4,0.8612329977306574,3907,SCIDOCS
8,0.0001,0.23866657108958667,normuon,0.8970387480879155,1.0,0.75,verified-v3-normuon-1e-4,1.0,3907,SciFact
8,0.0001,0.06988203446341486,normuon,0.8980758023581994,0.9759076644910135,0.75,verified-v3-normuon-1e-4,0.8891326621279816,3907,TRECCOVID
8,0.0001,0.2815727886579155,normuon,0.9291139222927963,0.96875,0.75,verified-v3-normuon-1e-4,0.96875,3907,Touche2020
9,0.0001,0.2301655023440684,normuon,0.9618689667691759,1.0,0.75,verified-v3-normuon-1e-4,1.0,3907,ArguAna
9,0.0001,0.008830772318192463,normuon,0.8627211444134036,1.0185473077203027,0.75,verified-v3-normuon-1e-4,0.7834925120627381,3907,ClimateFEVER
9,0.0001,0.2898690547063141,normuon,0.9637391432229284,0.96875,0.75,verified-v3-normuon-1e-4,0.96875,3907,DBPedia
9,0.0001,0.3820028644661403,normuon,0.9223566133016909,1.0,0.75,verified-v3-normuon-1e-4,1.0,3907,FEVER
9,0.0001,0.19656811963813847,normuon,0.8804549234268526,1.0236115350940154,0.75,verified-v3-normuon-1e-4,1.0,3907,FiQA2018
9,0.0001,0.25402952310232885,normuon,0.8379044002691171,1.0,0.75,verified-v3-normuon-1e-4,1.0,3907,HotpotQA
9,0.0001,0.41669811150591146,normuon,0.9637465263313265,1.0,0.75,verified-v3-normuon-1e-4,1.0,3907,MSMARCO
9,0.0001,-0.03238636505758504,normuon,-12.327860952513795,0.854643110870068,0.75,verified-v3-normuon-1e-4,0.6145375120662038,3907,NFCorpus
9,0.0001,0.39751448667736766,normuon,0.9368996995343133,1.0,0.75,verified-v3-normuon-1e-4,1.0,3907,NQ
9,0.0001,0.45385907057874697,normuon,0.9339914726645944,1.0,0.75,verified-v3-normuon-1e-4,1.0,3907,QuoraRetrieval
9,0.0001,0.042891280764914004,normuon,0.43220401720654095,0.921458694844303,0.75,verified-v3-normuon-1e-4,0.7909155479910805,3907,SCIDOCS
9,0.0001,0.2395689534491023,normuon,0.9004303916615465,0.9769331095982161,0.75,verified-v3-normuon-1e-4,0.9769331095982161,3907,SciFact
9,0.0001,0.03993060715006823,normuon,0.5131606761351751,0.8849902672769911,0.75,verified-v3-normuon-1e-4,0.8062993876697757,3907,TRECCOVID
9,0.0001,0.2791081571316579,normuon,0.9209813059441698,1.0,0.75,verified-v3-normuon-1e-4,1.0,3907,Touche2020
10,0.0001,0.22011707240395956,normuon,0.9198762579326597,1.0,0.75,verified-v3-normuon-1e-4,1.0,3907,ArguAna
10,0.0001,0.007883760878956283,normuon,0.7702029859566073,0.9446245263965098,0.75,verified-v3-normuon-1e-4,0.7266292272658109,3907,ClimateFEVER
10,0.0001,0.25082667039182094,normuon,0.8339333795592216,0.96875,0.75,verified-v3-normuon-1e-4,0.96875,3907,DBPedia
10,0.0001,0.371487792597998,normuon,0.896967677827404,1.0,0.75,verified-v3-normuon-1e-4,1.0,3907,FEVER
10,0.0001,0.16161621154181519,normuon,0.723900647874837,0.9763884649059846,0.75,verified-v3-normuon-1e-4,0.9538662191964322,3907,FiQA2018
10,0.0001,0.2844742844280592,normuon,0.9383250095291541,1.0,0.75,verified-v3-normuon-1e-4,1.0,3907,HotpotQA
10,0.0001,0.3920464804381638,normuon,0.9067318119519306,1.0,0.75,verified-v3-normuon-1e-4,1.0,3907,MSMARCO
10,0.0001,-0.0298356308135591,normuon,-11.35692466400918,0.821238890561229,0.75,verified-v3-normuon-1e-4,0.5905179579622614,3907,NFCorpus
10,0.0001,0.38485856207146585,normuon,0.9070710206861333,1.0,0.75,verified-v3-normuon-1e-4,1.0,3907,NQ
10,0.0001,0.4528246735609994,normuon,0.9318627986850396,1.0,0.75,verified-v3-normuon-1e-4,1.0,3907,QuoraRetrieval
10,0.0001,0.06761666619991896,normuon,0.6813551435289555,0.9877074470993634,0.75,verified-v3-normuon-1e-4,0.8477788327880078,3907,SCIDOCS
10,0.0001,0.24030682181328203,normuon,0.9032037021869196,0.96875,0.75,verified-v3-normuon-1e-4,0.96875,3907,SciFact
10,0.0001,0.04490425442889382,normuon,0.5770785672623491,0.8670267850736579,0.75,verified-v3-normuon-1e-4,0.7899331684733434,3907,TRECCOVID
10,0.0001,0.257657931287119,normuon,0.8502013716917214,0.9769331095982161,0.75,verified-v3-normuon-1e-4,0.9769331095982161,3907,Touche2020
11,0.0001,0.20675728719490954,normuon,0.8640452899360858,1.0,0.75,verified-v3-normuon-1e-4,1.0,3907,ArguAna
11,0.0001,-0.017097068836535216,normuon,-1.670295899531189,0.9714690964957283,0.75,verified-v3-normuon-1e-4,0.7472787538050893,3907,ClimateFEVER
11,0.0001,0.27319068242591865,normuon,0.9082878973900589,0.9769331095982161,0.75,verified-v3-normuon-1e-4,0.9769331095982161,3907,DBPedia
11,0.0001,0.37351443125355377,normuon,0.9018610536122612,1.0,0.75,verified-v3-normuon-1e-4,1.0,3907,FEVER
11,0.0001,0.22817854806200477,normuon,1.0220422641851619,0.968012139528312,0.75,verified-v3-normuon-1e-4,0.9456831095982161,3907,FiQA2018
11,0.0001,0.24187467397587717,normuon,0.7978122037272273,0.96875,0.75,verified-v3-normuon-1e-4,0.96875,3907,HotpotQA
11,0.0001,0.4166350277409275,normuon,0.9636006251196519,1.0,0.75,verified-v3-normuon-1e-4,1.0,3907,MSMARCO
11,0.0001,0.012055256821711489,normuon,4.5888301938378895,1.024935745542972,0.75,verified-v3-normuon-1e-4,0.7369877029166809,3907,NFCorpus
11,0.0001,0.3887190600475642,normuon,0.9161698070576472,1.0,0.75,verified-v3-normuon-1e-4,1.0,3907,NQ
11,0.0001,0.4553044450854732,normuon,0.936965892592718,1.0,0.75,verified-v3-normuon-1e-4,1.0,3907,QuoraRetrieval
11,0.0001,0.0807277399038209,normuon,0.8134719426466193,1.0436872424520118,0.75,verified-v3-normuon-1e-4,0.895827964849483,3907,SCIDOCS
11,0.0001,0.22610088738269862,normuon,0.8498100761803423,0.9769331095982161,0.75,verified-v3-normuon-1e-4,0.9769331095982161,3907,SciFact
11,0.0001,0.06759519745749569,normuon,0.868686947343847,0.9469958918666118,0.75,verified-v3-normuon-1e-4,0.8627916441242134,3907,TRECCOVID
11,0.0001,0.2756342831613797,normuon,0.9095184629419746,1.0,0.75,verified-v3-normuon-1e-4,1.0,3907,Touche2020
12,0.0001,0.22214645076291745,normuon,0.9283570947454526,1.0,0.75,verified-v3-normuon-1e-4,1.0,3907,ArguAna
12,0.0001,-0.007281580053409809,normuon,-0.7113730091165296,0.9620394129045701,0.75,verified-v3-normuon-1e-4,0.740025201192664,3907,ClimateFEVER
12,0.0001,0.2770355644276612,normuon,0.9210711290803367,1.0,0.75,verified-v3-normuon-1e-4,1.0,3907,DBPedia
12,0.0001,0.4112822802067993,normuon,0.9930525825053464,1.0,0.75,verified-v3-normuon-1e-4,1.0,3907,FEVER
12,0.0001,0.19383330817893327,normuon,0.8682053367780408,0.9763884649059846,0.75,verified-v3-normuon-1e-4,0.9538662191964322,3907,FiQA2018
12,0.0001,0.2633646348006992,normuon,0.8686958259016306,0.9769331095982161,0.75,verified-v3-normuon-1e-4,0.9769331095982161,3907,HotpotQA
12,0.0001,0.3839494851430752,normuon,0.8880049426096105,1.0,0.75,verified-v3-normuon-1e-4,1.0,3907,MSMARCO
12,0.0001,-0.04101687544898782,normuon,-15.613062359502829,0.8184868007168121,0.75,verified-v3-normuon-1e-4,0.5885390472047068,3907,NFCorpus
12,0.0001,0.42734531865608505,normuon,1.0072078227710963,1.0,0.75,verified-v3-normuon-1e-4,1.0,3907,NQ
12,0.0001,0.46007151203197993,normuon,0.9467759860033906,1.0,0.75,verified-v3-normuon-1e-4,1.0,3907,QuoraRetrieval
12,0.0001,0.07065597197740892,normuon,0.7119814186861375,1.0009366342812531,0.75,verified-v3-normuon-1e-4,0.8591338396786952,3907,SCIDOCS
12,0.0001,0.26325555940768275,normuon,0.9894575363451692,1.0,0.75,verified-v3-normuon-1e-4,1.0,3907,SciFact
12,0.0001,0.07392629378476877,normuon,0.9500498392170006,0.9684950627713249,0.75,verified-v3-normuon-1e-4,0.8823791683906836,3907,TRECCOVID
12,0.0001,0.25129056298937347,normuon,0.8291907812792062,0.9769331095982161,0.75,verified-v3-normuon-1e-4,0.9769331095982161,3907,Touche2020
13,0.0001,0.19904117239150104,normuon,0.8317994003573248,1.0,0.75,verified-v3-normuon-1e-4,1.0,3907,ArguAna
13,0.0001,-0.012249562720756797,normuon,-1.1967194247827901,0.9890238624022599,0.75,verified-v3-normuon-1e-4,0.7607823265253058,3907,ClimateFEVER
13,0.0001,0.24944955921127165,normuon,0.8293548433970571,0.9538662191964322,0.75,verified-v3-normuon-1e-4,0.9538662191964322,3907,DBPedia
13,0.0001,0.3515753229009029,normuon,0.8488884621441584,1.0,0.75,verified-v3-normuon-1e-4,1.0,3907,FEVER
13,0.0001,0.203901242065082,normuon,0.9133009604992935,1.0,0.75,verified-v3-normuon-1e-4,0.9769331095982161,3907,FiQA2018
13,0.0001,0.27094579124661977,normuon,0.8937019128618717,0.9769331095982161,0.75,verified-v3-normuon-1e-4,0.9769331095982161,3907,HotpotQA
13,0.0001,0.4319137713805332,normuon,0.9989375649876119,1.0,0.75,verified-v3-normuon-1e-4,1.0,3907,MSMARCO
13,0.0001,-0.05110392464733678,normuon,-19.452694862789517,0.9004001235351746,0.75,verified-v3-normuon-1e-4,0.6474394337749853,3907,NFCorpus
13,0.0001,0.40205732325343396,normuon,0.9476066859858647,1.0,0.75,verified-v3-normuon-1e-4,1.0,3907,NQ
13,0.0001,0.5096610791419807,normuon,1.0488257979743363,1.0,0.75,verified-v3-normuon-1e-4,1.0,3907,QuoraRetrieval
13,0.0001,0.06286347284926125,normuon,0.6334584795898786,0.9983344214579214,0.75,verified-v3-normuon-1e-4,0.8569002826102445,3907,SCIDOCS
13,0.0001,0.2373482435089877,normuon,0.892083756205008,0.9769331095982161,0.75,verified-v3-normuon-1e-4,0.9769331095982161,3907,SciFact
13,0.0001,0.058719603984029235,normuon,0.7546239296985665,0.9759076644910135,0.75,verified-v3-normuon-1e-4,0.8891326621279816,3907,TRECCOVID
13,0.0001,0.29169250958087495,normuon,0.9625062598267414,1.0,0.75,verified-v3-normuon-1e-4,1.0,3907,Touche2020
14,0.0001,0.23730100070849433,normuon,0.9916884417525015,1.0,0.75,verified-v3-normuon-1e-4,1.0,3907,ArguAna
14,0.0001,0.009832471323056528,normuon,0.9605819974277844,1.0229027741166323,0.75,verified-v3-normuon-1e-4,0.786842847665414,3907,ClimateFEVER
14,0.0001,0.2668491801517272,normuon,0.8872040532568259,1.0,0.75,verified-v3-normuon-1e-4,1.0,3907,DBPedia
14,0.0001,0.37019669347501394,normuon,0.893850282840912,1.0,0.75,verified-v3-normuon-1e-4,1.0,3907,FEVER
14,0.0001,0.19384590897790643,normuon,0.8682617774435742,0.9635771223527811,0.75,verified-v3-normuon-1e-4,0.9413503944778032,3907,FiQA2018
14,0.0001,0.24568583375506592,normuon,0.8103831344998075,0.9769331095982161,0.75,verified-v3-normuon-1e-4,0.9769331095982161,3907,HotpotQA
14,0.0001,0.40088669224129264,normuon,0.9271776051582138,1.0,0.75,verified-v3-normuon-1e-4,1.0,3907,MSMARCO
14,0.0001,-0.04249168545996823,normuon,-16.1744483845913,0.7718935164771608,0.75,verified-v3-normuon-1e-4,0.5550357981742681,3907,NFCorpus
14,0.0001,0.38607333991528575,normuon,0.9099341238811611,1.0,0.75,verified-v3-normuon-1e-4,1.0,3907,NQ
14,0.0001,0.449589464020972,normuon,0.9252050973884332,1.0,0.75,verified-v3-normuon-1e-4,1.0,3907,QuoraRetrieval
14,0.0001,0.06445712662486244,normuon,0.6495173044038637,0.9621343988965037,0.75,verified-v3-normuon-1e-4,0.825828720920449,3907,SCIDOCS
14,0.0001,0.22157702366290197,normuon,0.8328069364896838,1.0,0.75,verified-v3-normuon-1e-4,1.0,3907,SciFact
14,0.0001,0.05510266653499706,normuon,0.7081415393880848,0.9266447385155588,0.75,verified-v3-normuon-1e-4,0.8442500588751274,3907,TRECCOVID
14,0.0001,0.2776567998212679,normuon,0.916192220003969,0.9769331095982161,0.75,verified-v3-normuon-1e-4,0.9769331095982161,3907,Touche2020
15,0.0001,0.20659629391382955,normuon,0.8633724938856259,1.0,0.75,verified-v3-normuon-1e-4,1.0,3907,ArguAna
15,0.0001,-0.024122286617014023,normuon,-2.3566236299882495,0.8520718094315993,0.75,verified-v3-normuon-1e-4,0.6554353218247668,3907,ClimateFEVER
15,0.0001,0.281003346415018,normuon,0.9342629712273534,0.9769331095982161,0.75,verified-v3-normuon-1e-4,0.9769331095982161,3907,DBPedia
15,0.0001,0.3612527774446209,normuon,0.8722549471332154,1.0,0.75,verified-v3-normuon-1e-4,1.0,3907,FEVER
15,0.0001,0.2308487839821633,normuon,1.03400260834953,1.0236115350940154,0.75,verified-v3-normuon-1e-4,1.0,3907,FiQA2018
15,0.0001,0.27395325330412257,normuon,0.9036218846070807,1.0,0.75,verified-v3-normuon-1e-4,1.0,3907,HotpotQA
15,0.0001,0.4287365828347105,normuon,0.9915893089240783,1.0,0.75,verified-v3-normuon-1e-4,1.0,3907,MSMARCO
15,0.0001,-0.00025399212987977163,normuon,-0.09668203438771872,1.0256187283393678,0.75,verified-v3-normuon-1e-4,0.7374788067975206,3907,NFCorpus
15,0.0001,0.41692651898587,normuon,0.982651811335832,1.0,0.75,verified-v3-normuon-1e-4,1.0,3907,NQ
15,0.0001,0.46619426199527386,normuon,0.9593759242346169,1.0,0.75,verified-v3-normuon-1e-4,1.0,3907,QuoraRetrieval
15,0.0001,0.06185673840215704,normuon,0.6233138845920397,1.0022314861235977,0.75,verified-v3-normuon-1e-4,0.86024524972907,3907,SCIDOCS
15,0.0001,0.22748523804944867,normuon,0.855013218720778,0.9616783004521589,0.75,verified-v3-normuon-1e-4,0.9616783004521589,3907,SciFact
15,0.0001,0.05784621408853997,normuon,0.7433997239755104,0.9493637876597658,0.75,verified-v3-normuon-1e-4,0.8649489931919725,3907,TRECCOVID
15,0.0001,0.30268361509627034,normuon,0.9987739304508002,0.96875,0.75,verified-v3-normuon-1e-4,0.96875,3907,Touche2020
16,0.0001,0.2280102079314117,normuon,0.9528619227566182,1.0,0.75,verified-v3-normuon-1e-4,1.0,3907,ArguAna
16,0.0001,-0.010053931164200032,normuon,-0.982217487587499,1.0339219817530956,0.75,verified-v3-normuon-1e-4,0.7953191026283346,3907,ClimateFEVER
16,0.0001,0.27393834781050574,normuon,0.9107736901487563,1.0,0.75,verified-v3-normuon-1e-4,1.0,3907,DBPedia
16,0.0001,0.38550384983416613,normuon,0.9308098405092511,1.0,0.75,verified-v3-normuon-1e-4,1.0,3907,FEVER
16,0.0001,0.21549771508714888,normuon,0.9652431156435831,1.0236115350940154,0.75,verified-v3-normuon-1e-4,1.0,3907,FiQA2018
16,0.0001,0.277381070802615,normuon,0.9149283789476983,0.9769331095982161,0.75,verified-v3-normuon-1e-4,0.9769331095982161,3907,HotpotQA
16,0.0001,0.43880606147859924,normuon,1.0148781715252173,1.0,0.75,verified-v3-normuon-1e-4,1.0,3907,MSMARCO
16,0.0001,-0.02439459905828383,normuon,-9.285797422715516,0.904128328202801,0.75,verified-v3-normuon-1e-4,0.6501202271866168,3907,NFCorpus
16,0.0001,0.386754819925833,normuon,0.9115403003565321,1.0,0.75,verified-v3-normuon-1e-4,1.0,3907,NQ
16,0.0001,0.43457091213458027,normuon,0.8942985885116278,1.0,0.75,verified-v3-normuon-1e-4,1.0,3907,QuoraRetrieval
16,0.0001,0.05780245394783651,normuon,0.5824599395289498,1.0142171295834759,0.75,verified-v3-normuon-1e-4,0.8705328858630988,3907,SCIDOCS
16,0.0001,0.22856257111477268,normuon,0.8590624221755392,0.9769331095982161,0.75,verified-v3-normuon-1e-4,0.9769331095982161,3907,SciFact
16,0.0001,0.04171320178492937,normuon,0.5360693553010695,0.9910182588983335,0.75,verified-v3-normuon-1e-4,0.9028996643973242,3907,TRECCOVID
16,0.0001,0.2777183377649473,normuon,0.9163952785469992,0.9769331095982161,0.75,verified-v3-normuon-1e-4,0.9769331095982161,3907,Touche2020
17,0.0001,0.24178900131133352,normuon,1.0104439392477742,1.0,0.75,verified-v3-normuon-1e-4,1.0,3907,ArguAna
17,0.0001,-0.013364800022916838,normuon,-1.3056723868730826,0.9508499245500774,0.75,verified-v3-normuon-1e-4,0.7314179619676348,3907,ClimateFEVER
17,0.0001,0.25408548107918594,normuon,0.8447680767053135,0.9769331095982161,0.75,verified-v3-normuon-1e-4,0.9769331095982161,3907,DBPedia
17,0.0001,0.37604425271552283,normuon,0.907969378373597,1.0,0.75,verified-v3-normuon-1e-4,1.0,3907,FEVER
17,0.0001,0.21061633004362518,normuon,0.9433787385379542,1.0,0.75,verified-v3-normuon-1e-4,0.9769331095982161,3907,FiQA2018
17,0.0001,0.2834505221122078,normuon,0.9349481778176051,1.0,0.75,verified-v3-normuon-1e-4,1.0,3907,HotpotQA
17,0.0001,0.3947899979731242,normuon,0.9130770662769184,1.0,0.75,verified-v3-normuon-1e-4,1.0,3907,MSMARCO
17,0.0001,-0.025662432600350286,normuon,-9.768397911833011,0.9184354407491521,0.75,verified-v3-normuon-1e-4,0.6604078633206456,3907,NFCorpus
17,0.0001,0.40035769291921663,normuon,0.9436008366324046,1.0,0.75,verified-v3-normuon-1e-4,1.0,3907,NQ
17,0.0001,0.4829018186816282,normuon,0.993758217077672,1.0,0.75,verified-v3-normuon-1e-4,1.0,3907,QuoraRetrieval
17,0.0001,0.0828549897564611,normuon,0.8349076730682021,0.9555775587178416,0.75,verified-v3-normuon-1e-4,0.8202007889556063,3907,SCIDOCS
17,0.0001,0.25330283469963366,normuon,0.9520497851405785,0.9769331095982161,0.75,verified-v3-normuon-1e-4,0.9769331095982161,3907,SciFact
17,0.0001,0.0410742107950103,normuon,0.5278574829596644,0.8760085261753247,0.75,verified-v3-normuon-1e-4,0.7981162780715596,3907,TRECCOVID
17,0.0001,0.30319427391196135,normuon,1.0004589662010996,0.9769331095982161,0.75,verified-v3-normuon-1e-4,0.9769331095982161,3907,Touche2020
18,0.0001,0.21356748758539223,normuon,0.8925053343231565,1.0,0.75,verified-v3-normuon-1e-4,1.0,3907,ArguAna
18,0.0001,-0.019875443581109292,normuon,-1.9417288561153159,0.9318705490501312,0.75,verified-v3-normuon-1e-4,0.7168185432905415,3907,ClimateFEVER
18,0.0001,0.25659894596718413,normuon,0.8531246931096914,0.9769331095982161,0.75,verified-v3-normuon-1e-4,0.9769331095982161,3907,DBPedia
18,0.0001,0.39366867435183034,normuon,0.9505240379429274,1.0,0.75,verified-v3-normuon-1e-4,1.0,3907,FEVER
18,0.0001,0.19069919714120193,normuon,0.8541672338607577,1.0,0.75,verified-v3-normuon-1e-4,0.9769331095982161,3907,FiQA2018
18,0.0001,0.29863884354108716,normuon,0.9850461396707764,0.96875,0.75,verified-v3-normuon-1e-4,0.96875,3907,HotpotQA
18,0.0001,0.3971998258280185,normuon,0.918650557396947,1.0,0.75,verified-v3-normuon-1e-4,1.0,3907,MSMARCO
18,0.0001,-0.03559082063968188,normuon,-13.547636088573544,0.927599352106384,0.75,verified-v3-normuon-1e-4,0.666997242225877,3907,NFCorpus
18,0.0001,0.3883786285225274,normuon,0.9153674458753293,1.0,0.75,verified-v3-normuon-1e-4,1.0,3907,NQ
18,0.0001,0.46408714885639873,normuon,0.955039719823985,1.0,0.75,verified-v3-normuon-1e-4,1.0,3907,QuoraRetrieval
18,0.0001,0.08174910728974125,normuon,0.8237639898731415,1.0102460147189656,0.75,verified-v3-normuon-1e-4,0.8671243592446263,3907,SCIDOCS
18,0.0001,0.26044757468047164,normuon,0.9789036029105536,0.9769331095982161,0.75,verified-v3-normuon-1e-4,0.9769331095982161,3907,SciFact
18,0.0001,0.027082931724378718,normuon,0.34805119549456237,0.9266447385155588,0.75,verified-v3-normuon-1e-4,0.8442500588751274,3907,TRECCOVID
18,0.0001,0.2745042980957557,normuon,0.9057898183472382,1.0,0.75,verified-v3-normuon-1e-4,1.0,3907,Touche2020
19,0.0001,0.2252652547743569,normuon,0.9413906760662294,1.0,0.75,verified-v3-normuon-1e-4,1.0,3907,ArguAna
19,0.0001,-0.04327051579237555,normuon,-4.227307370030519,0.9425156441549427,0.75,verified-v3-normuon-1e-4,0.725007021372608,3907,ClimateFEVER
19,0.0001,0.2808758307210237,normuon,0.933839014741891,1.0,0.75,verified-v3-normuon-1e-4,1.0,3907,DBPedia
19,0.0001,0.38532368039355025,normuon,0.9303748163496831,1.0,0.75,verified-v3-normuon-1e-4,1.0,3907,FEVER
19,0.0001,0.18895385313320967,normuon,0.8463496043909371,1.0,0.75,verified-v3-normuon-1e-4,0.9769331095982161,3907,FiQA2018
19,0.0001,0.2490834266340879,normuon,0.8215899343586913,0.9769331095982161,0.75,verified-v3-normuon-1e-4,0.9769331095982161,3907,HotpotQA
19,0.0001,0.4185894976200303,normuon,0.9681209565173569,1.0,0.75,verified-v3-normuon-1e-4,1.0,3907,MSMARCO
19,0.0001,-0.024784612413011376,normuon,-9.434255898934,0.8792199684569895,0.75,verified-v3-normuon-1e-4,0.6322096850747666,3907,NFCorpus
19,0.0001,0.3744273805599656,normuon,0.8824858265574865,1.0,0.75,verified-v3-normuon-1e-4,1.0,3907,NQ
19,0.0001,0.46014431641430986,normuon,0.9469258093222945,1.0,0.75,verified-v3-normuon-1e-4,1.0,3907,QuoraRetrieval
19,0.0001,0.050317462554982574,normuon,0.5070356740126309,1.0054225487118948,0.75,verified-v3-normuon-1e-4,0.8629842341564983,3907,SCIDOCS
19,0.0001,0.26535358506763684,normuon,0.9973430575678087,1.0,0.75,verified-v3-normuon-1e-4,1.0,3907,SciFact
19,0.0001,0.050949177253795996,normuon,0.6547637542757515,0.8942357855453625,0.75,verified-v3-normuon-1e-4,0.8147228201007499,3907,TRECCOVID
19,0.0001,0.2600271111851109,normuon,0.8580190235256662,1.0,0.75,verified-v3-normuon-1e-4,1.0,3907,Touche2020
